pr_number	author_user_login	pr_created_at	review_user_login	review_created_at	filename	create_before_pr	has_issue_comment	has_review_comment	has_commit
19149	ksooo	2021-01-31 16:34:35	phunkyfish	2021-01-31 20:08:06	xbmc/guilib/guiinfo/MusicGUIInfo.cpp	True	True	False	True
19149	ksooo	2021-01-31 16:34:35	jjd-uk	2021-02-01 16:31:25	xbmc/guilib/guiinfo/MusicGUIInfo.cpp	True	True	False	True
19149	ksooo	2021-01-31 16:34:35	phunkyfish	2021-01-31 20:07:38	xbmc/guilib/guiinfo/MusicGUIInfo.cpp	True	True	False	True
19149	ksooo	2021-01-31 16:34:35	phunkyfish	2021-01-31 20:07:38	xbmc/guilib/guiinfo/VideoGUIInfo.cpp	True	True	False	True
19149	ksooo	2021-01-31 16:34:35	phunkyfish	2021-01-31 20:08:06	xbmc/guilib/guiinfo/VideoGUIInfo.cpp	True	True	False	True
19149	ksooo	2021-01-31 16:34:35	jjd-uk	2021-02-01 16:31:25	xbmc/guilib/guiinfo/VideoGUIInfo.cpp	True	True	False	True
19148	thexai	2021-01-31 16:29:37	afedchin	2021-01-31 19:24:14	xbmc/rendering/dx/DeviceResources.cpp	True	False	False	True
19146	enen92	2021-01-30 19:29:03	howie-f	2021-01-31 11:17:55	xbmc/addons/AddonManager.cpp	True	False	False	True
19146	enen92	2021-01-30 19:29:03	AlwinEsch	2021-01-31 11:10:09	xbmc/addons/Service.cpp	True	False	False	True
19146	enen92	2021-01-30 19:29:03	AlwinEsch	2021-01-31 11:10:09	xbmc/addons/AddonManager.cpp	True	False	False	True
19146	enen92	2021-01-30 19:29:03	howie-f	2021-01-31 11:17:55	xbmc/addons/Service.cpp	True	False	False	True
19145	jjd-uk	2021-01-30 13:21:31	ronie	2021-02-07 12:34:31	addons/skin.estuary/xml/Includes_Home.xml	True	True	False	True
19145	jjd-uk	2021-01-30 13:21:31	ksooo	2021-01-30 20:58:06	addons/skin.estuary/xml/Includes_Home.xml	True	True	False	True
19143	Karlson2k	2021-01-29 19:32:26	garbear	2021-01-29 20:10:19	xbmc/platform/posix/main.cpp	True	False	True	True
19143	Karlson2k	2021-01-29 19:32:26	wsnipex	2021-01-30 08:55:44	xbmc/platform/posix/main.cpp	True	False	True	True
19143	Karlson2k	2021-01-29 19:32:26	lrusak	2021-01-29 20:20:34	xbmc/platform/posix/main.cpp	True	False	True	True
19138	lrusak	2021-01-28 17:03:01	garbear	2021-01-28 21:29:15	xbmc/windowing/gbm/drm/DRMAtomic.cpp	True	False	False	True
19136	Karlson2k	2021-01-28 15:42:05	lrusak	2021-01-28 16:39:42	xbmc/platform/posix/filesystem/SMBFile.cpp	True	True	True	True
19136	Karlson2k	2021-01-28 15:42:05	lrusak	2021-01-28 21:32:41	xbmc/platform/posix/filesystem/SMBFile.h	True	True	True	True
19136	Karlson2k	2021-01-28 15:42:05	lrusak	2021-01-28 21:32:41	xbmc/platform/posix/filesystem/SMBFile.cpp	True	True	True	True
19136	Karlson2k	2021-01-28 15:42:05	lrusak	2021-01-28 21:32:41	xbmc/platform/posix/filesystem/SMBDirectory.cpp	True	True	True	True
19136	Karlson2k	2021-01-28 15:42:05	garbear	2021-01-28 21:31:44	xbmc/platform/posix/filesystem/SMBFile.h	True	True	True	True
19136	Karlson2k	2021-01-28 15:42:05	garbear	2021-01-28 21:31:44	xbmc/platform/posix/filesystem/SMBFile.cpp	True	True	True	True
19136	Karlson2k	2021-01-28 15:42:05	garbear	2021-01-28 21:31:44	xbmc/platform/posix/filesystem/SMBDirectory.cpp	True	True	True	True
19136	Karlson2k	2021-01-28 15:42:05	lrusak	2021-01-28 16:39:42	xbmc/platform/posix/filesystem/SMBFile.h	True	True	True	True
19136	Karlson2k	2021-01-28 15:42:05	lrusak	2021-01-28 16:39:42	xbmc/platform/posix/filesystem/SMBDirectory.cpp	True	True	True	True
19129	lrusak	2021-01-26 23:57:00	jernejsk	2021-01-27 17:09:43	xbmc/cores/VideoPlayer/Buffers/VideoBufferDRMPRIME.h	True	True	False	True
19129	lrusak	2021-01-26 23:57:00	Kwiboo	2021-01-27 06:57:14	xbmc/cores/VideoPlayer/Buffers/VideoBufferDRMPRIME.h	True	True	False	True
19128	joseluismarti	2021-01-26 18:38:53	enen92	2021-01-27 10:29:07	xbmc/cores/VideoPlayer/VideoPlayer.cpp	True	True	False	True
19126	thexai	2021-01-26 10:54:50	lrusak	2021-04-07 20:49:09	xbmc/cores/VideoPlayer/VideoRenderers/VideoShaders/WinVideoFilter.cpp	True	True	True	True
19126	thexai	2021-01-26 10:54:50	lrusak	2021-04-07 20:49:09	xbmc/cores/VideoPlayer/VideoRenderers/RenderManager.h	True	True	True	True
19126	thexai	2021-01-26 10:54:50	lrusak	2021-04-07 20:49:09	xbmc/cores/VideoPlayer/VideoRenderers/DebugInfo.h	True	True	True	True
19126	thexai	2021-01-26 10:54:50	lrusak	2021-04-07 20:49:09	xbmc/cores/VideoPlayer/VideoRenderers/RenderManager.cpp	True	True	True	True
19126	thexai	2021-01-26 10:54:50	lrusak	2021-04-07 20:49:09	xbmc/cores/VideoPlayer/VideoRenderers/DebugRenderer.h	True	True	True	True
19126	thexai	2021-01-26 10:54:50	lrusak	2021-04-07 20:49:09	xbmc/cores/VideoPlayer/VideoRenderers/DebugRenderer.cpp	True	True	True	True
19126	thexai	2021-01-26 10:54:50	lrusak	2021-04-08 15:50:09	xbmc/cores/VideoPlayer/DVDCodecs/Video/DVDVideoCodec.h	True	True	True	True
19126	thexai	2021-01-26 10:54:50	lrusak	2021-04-07 20:49:09	xbmc/cores/VideoPlayer/VideoRenderers/CMakeLists.txt	True	True	True	True
19126	thexai	2021-01-26 10:54:50	lrusak	2021-04-07 20:49:09	xbmc/cores/VideoPlayer/VideoRenderers/BaseRenderer.h	True	True	True	True
19126	thexai	2021-01-26 10:54:50	lrusak	2021-04-07 20:49:09	xbmc/cores/VideoPlayer/VideoPlayer.cpp	True	True	True	True
19126	thexai	2021-01-26 10:54:50	lrusak	2021-04-07 20:49:09	xbmc/cores/VideoPlayer/DVDCodecs/Video/DVDVideoCodecFFmpeg.cpp	True	True	True	True
19126	thexai	2021-01-26 10:54:50	lrusak	2021-04-07 20:49:09	xbmc/cores/VideoPlayer/VideoRenderers/WinRenderer.cpp	True	True	True	True
19126	thexai	2021-01-26 10:54:50	lrusak	2021-04-07 20:49:09	xbmc/cores/VideoPlayer/VideoRenderers/VideoShaders/WinVideoFilter.h	True	True	True	True
19126	thexai	2021-01-26 10:54:50	lrusak	2021-04-07 20:49:09	xbmc/rendering/dx/DeviceResources.h	True	True	True	True
19126	thexai	2021-01-26 10:54:50	lrusak	2021-04-07 20:49:09	xbmc/cores/VideoPlayer/VideoRenderers/WinRenderer.h	True	True	True	True
19126	thexai	2021-01-26 10:54:50	lrusak	2021-04-07 20:49:09	xbmc/cores/VideoPlayer/VideoRenderers/windows/RendererBase.cpp	True	True	True	True
19126	thexai	2021-01-26 10:54:50	lrusak	2021-04-07 20:49:09	xbmc/cores/VideoPlayer/VideoRenderers/windows/RendererBase.h	True	True	True	True
19126	thexai	2021-01-26 10:54:50	lrusak	2021-04-07 20:49:09	xbmc/input/actions/ActionIDs.h	True	True	True	True
19126	thexai	2021-01-26 10:54:50	lrusak	2021-04-07 20:49:09	xbmc/input/actions/ActionTranslator.cpp	True	True	True	True
19126	thexai	2021-01-26 10:54:50	lrusak	2021-04-07 20:49:09	xbmc/rendering/dx/DeviceResources.cpp	True	True	True	True
19126	thexai	2021-01-26 10:54:50	lrusak	2021-04-07 20:49:09	system/keymaps/keyboard.xml	True	True	True	True
19126	thexai	2021-01-26 10:54:50	lrusak	2021-04-07 20:49:09	xbmc/windowing/WinSystem.h	True	True	True	True
19126	thexai	2021-01-26 10:54:50	lrusak	2021-04-07 20:49:09	xbmc/windowing/win10/WinSystemWin10DX.cpp	True	True	True	True
19126	thexai	2021-01-26 10:54:50	lrusak	2021-04-07 20:49:09	xbmc/windowing/win10/WinSystemWin10DX.h	True	True	True	True
19126	thexai	2021-01-26 10:54:50	lrusak	2021-04-07 20:49:09	xbmc/windowing/windows/WinSystemWin32DX.cpp	True	True	True	True
19126	thexai	2021-01-26 10:54:50	lrusak	2021-04-07 20:49:09	xbmc/cores/VideoPlayer/DVDCodecs/Video/DVDVideoCodec.h	True	True	True	True
19126	thexai	2021-01-26 10:54:50	lrusak	2021-04-08 15:50:09	xbmc/rendering/dx/DeviceResources.cpp	True	True	True	True
19126	thexai	2021-01-26 10:54:50	lrusak	2021-04-08 15:50:09	xbmc/windowing/windows/WinSystemWin32DX.h	True	True	True	True
19126	thexai	2021-01-26 10:54:50	lrusak	2021-04-08 15:50:09	xbmc/cores/VideoPlayer/VideoRenderers/VideoShaders/WinVideoFilter.h	True	True	True	True
19126	thexai	2021-01-26 10:54:50	lrusak	2021-04-08 15:50:09	system/keymaps/keyboard.xml	True	True	True	True
19126	thexai	2021-01-26 10:54:50	lrusak	2021-04-08 15:50:09	xbmc/cores/VideoPlayer/VideoPlayer.cpp	True	True	True	True
19126	thexai	2021-01-26 10:54:50	lrusak	2021-04-08 15:50:09	xbmc/cores/VideoPlayer/VideoRenderers/BaseRenderer.h	True	True	True	True
19126	thexai	2021-01-26 10:54:50	lrusak	2021-04-08 15:50:09	xbmc/cores/VideoPlayer/VideoRenderers/CMakeLists.txt	True	True	True	True
19126	thexai	2021-01-26 10:54:50	lrusak	2021-04-08 15:50:09	xbmc/cores/VideoPlayer/VideoRenderers/DebugInfo.h	True	True	True	True
19126	thexai	2021-01-26 10:54:50	lrusak	2021-04-08 15:50:09	xbmc/cores/VideoPlayer/VideoRenderers/DebugRenderer.cpp	True	True	True	True
19126	thexai	2021-01-26 10:54:50	lrusak	2021-04-08 15:50:09	xbmc/cores/VideoPlayer/VideoRenderers/DebugRenderer.h	True	True	True	True
19126	thexai	2021-01-26 10:54:50	lrusak	2021-04-08 15:50:09	xbmc/cores/VideoPlayer/VideoRenderers/RenderManager.cpp	True	True	True	True
19126	thexai	2021-01-26 10:54:50	lrusak	2021-04-08 15:50:09	xbmc/cores/VideoPlayer/VideoRenderers/RenderManager.h	True	True	True	True
19126	thexai	2021-01-26 10:54:50	lrusak	2021-04-08 15:50:09	xbmc/cores/VideoPlayer/VideoRenderers/VideoShaders/WinVideoFilter.cpp	True	True	True	True
19126	thexai	2021-01-26 10:54:50	lrusak	2021-04-08 15:50:09	xbmc/cores/VideoPlayer/VideoRenderers/WinRenderer.cpp	True	True	True	True
19126	thexai	2021-01-26 10:54:50	lrusak	2021-04-08 15:50:09	xbmc/windowing/windows/WinSystemWin32DX.cpp	True	True	True	True
19126	thexai	2021-01-26 10:54:50	lrusak	2021-04-08 15:50:09	xbmc/cores/VideoPlayer/VideoRenderers/WinRenderer.h	True	True	True	True
19126	thexai	2021-01-26 10:54:50	lrusak	2021-04-08 15:50:09	xbmc/cores/VideoPlayer/VideoRenderers/windows/RendererBase.cpp	True	True	True	True
19126	thexai	2021-01-26 10:54:50	lrusak	2021-04-08 15:50:09	xbmc/cores/VideoPlayer/VideoRenderers/windows/RendererBase.h	True	True	True	True
19126	thexai	2021-01-26 10:54:50	lrusak	2021-04-08 15:50:09	xbmc/input/actions/ActionIDs.h	True	True	True	True
19126	thexai	2021-01-26 10:54:50	lrusak	2021-04-08 15:50:09	xbmc/input/actions/ActionTranslator.cpp	True	True	True	True
19126	thexai	2021-01-26 10:54:50	afedchin	2021-03-20 19:39:20	system/keymaps/keyboard.xml	True	True	True	True
19126	thexai	2021-01-26 10:54:50	lrusak	2021-04-08 15:50:09	xbmc/rendering/dx/DeviceResources.h	True	True	True	True
19126	thexai	2021-01-26 10:54:50	lrusak	2021-04-08 15:50:09	xbmc/windowing/WinSystem.h	True	True	True	True
19126	thexai	2021-01-26 10:54:50	lrusak	2021-04-08 15:50:09	xbmc/windowing/win10/WinSystemWin10DX.cpp	True	True	True	True
19126	thexai	2021-01-26 10:54:50	lrusak	2021-04-08 15:50:09	xbmc/windowing/win10/WinSystemWin10DX.h	True	True	True	True
19126	thexai	2021-01-26 10:54:50	lrusak	2021-04-07 20:49:09	xbmc/windowing/windows/WinSystemWin32DX.h	True	True	True	True
19126	thexai	2021-01-26 10:54:50	lrusak	2021-04-08 15:50:09	xbmc/cores/VideoPlayer/DVDCodecs/Video/DVDVideoCodecFFmpeg.cpp	True	True	True	True
19126	thexai	2021-01-26 10:54:50	afedchin	2021-03-20 19:39:20	xbmc/cores/VideoPlayer/DVDCodecs/Video/DVDVideoCodec.h	True	True	True	True
19126	thexai	2021-01-26 10:54:50	lrusak	2021-01-29 18:14:59	xbmc/cores/VideoPlayer/DVDCodecs/Video/DVDVideoCodec.h	True	True	True	True
19126	thexai	2021-01-26 10:54:50	lrusak	2021-01-29 18:14:59	xbmc/cores/VideoPlayer/VideoPlayer.cpp	True	True	True	True
19126	thexai	2021-01-26 10:54:50	lrusak	2021-01-29 18:14:59	xbmc/cores/VideoPlayer/VideoRenderers/BaseRenderer.h	True	True	True	True
19126	thexai	2021-01-26 10:54:50	lrusak	2021-01-29 18:14:59	xbmc/cores/VideoPlayer/VideoRenderers/CMakeLists.txt	True	True	True	True
19126	thexai	2021-01-26 10:54:50	lrusak	2021-01-29 18:14:59	xbmc/cores/VideoPlayer/VideoRenderers/DebugInfo.h	True	True	True	True
19126	thexai	2021-01-26 10:54:50	lrusak	2021-01-29 18:14:59	xbmc/cores/VideoPlayer/VideoRenderers/DebugRenderer.cpp	True	True	True	True
19126	thexai	2021-01-26 10:54:50	lrusak	2021-01-29 18:14:59	xbmc/cores/VideoPlayer/VideoRenderers/DebugRenderer.h	True	True	True	True
19126	thexai	2021-01-26 10:54:50	lrusak	2021-01-29 18:14:59	xbmc/cores/VideoPlayer/VideoRenderers/RenderManager.cpp	True	True	True	True
19126	thexai	2021-01-26 10:54:50	lrusak	2021-01-29 18:14:59	xbmc/cores/VideoPlayer/VideoRenderers/RenderManager.h	True	True	True	True
19126	thexai	2021-01-26 10:54:50	lrusak	2021-01-29 18:14:59	xbmc/cores/VideoPlayer/VideoRenderers/VideoShaders/WinVideoFilter.cpp	True	True	True	True
19126	thexai	2021-01-26 10:54:50	lrusak	2021-01-29 18:14:59	xbmc/cores/VideoPlayer/VideoRenderers/VideoShaders/WinVideoFilter.h	True	True	True	True
19126	thexai	2021-01-26 10:54:50	lrusak	2021-01-29 18:14:59	xbmc/cores/VideoPlayer/VideoRenderers/WinRenderer.cpp	True	True	True	True
19126	thexai	2021-01-26 10:54:50	lrusak	2021-01-29 18:14:59	xbmc/cores/VideoPlayer/VideoRenderers/WinRenderer.h	True	True	True	True
19126	thexai	2021-01-26 10:54:50	lrusak	2021-01-29 18:14:59	xbmc/cores/VideoPlayer/VideoRenderers/windows/RendererBase.cpp	True	True	True	True
19126	thexai	2021-01-26 10:54:50	lrusak	2021-01-29 18:14:59	xbmc/cores/VideoPlayer/VideoRenderers/windows/RendererBase.h	True	True	True	True
19126	thexai	2021-01-26 10:54:50	lrusak	2021-01-29 18:14:59	xbmc/input/actions/ActionIDs.h	True	True	True	True
19126	thexai	2021-01-26 10:54:50	lrusak	2021-01-29 18:14:59	xbmc/input/actions/ActionTranslator.cpp	True	True	True	True
19126	thexai	2021-01-26 10:54:50	lrusak	2021-01-29 18:14:59	xbmc/rendering/dx/DeviceResources.h	True	True	True	True
19126	thexai	2021-01-26 10:54:50	lrusak	2021-01-29 18:14:59	xbmc/windowing/WinSystem.h	True	True	True	True
19126	thexai	2021-01-26 10:54:50	lrusak	2021-01-29 18:14:59	xbmc/windowing/win10/WinSystemWin10DX.cpp	True	True	True	True
19126	thexai	2021-01-26 10:54:50	lrusak	2021-01-29 18:14:59	xbmc/windowing/win10/WinSystemWin10DX.h	True	True	True	True
19126	thexai	2021-01-26 10:54:50	lrusak	2021-01-29 18:14:59	xbmc/windowing/windows/WinSystemWin32DX.cpp	True	True	True	True
19126	thexai	2021-01-26 10:54:50	lrusak	2021-01-29 18:14:59	xbmc/windowing/windows/WinSystemWin32DX.h	True	True	True	True
19126	thexai	2021-01-26 10:54:50	afedchin	2021-03-20 19:39:20	xbmc/cores/VideoPlayer/DVDCodecs/Video/DVDVideoCodecFFmpeg.cpp	True	True	True	True
19126	thexai	2021-01-26 10:54:50	lrusak	2021-01-29 18:14:59	xbmc/cores/VideoPlayer/DVDCodecs/Video/DVDVideoCodecFFmpeg.cpp	True	True	True	True
19126	thexai	2021-01-26 10:54:50	lrusak	2021-01-29 18:14:59	xbmc/rendering/dx/DeviceResources.cpp	True	True	True	True
19126	thexai	2021-01-26 10:54:50	lrusak	2021-01-29 18:14:59	system/keymaps/keyboard.xml	True	True	True	True
19126	thexai	2021-01-26 10:54:50	afedchin	2021-03-20 19:39:20	xbmc/cores/VideoPlayer/VideoRenderers/WinRenderer.h	True	True	True	True
19126	thexai	2021-01-26 10:54:50	afedchin	2021-03-20 19:39:20	xbmc/cores/VideoPlayer/VideoRenderers/BaseRenderer.h	True	True	True	True
19126	thexai	2021-01-26 10:54:50	afedchin	2021-03-20 19:39:20	xbmc/cores/VideoPlayer/VideoRenderers/CMakeLists.txt	True	True	True	True
19126	thexai	2021-01-26 10:54:50	afedchin	2021-03-20 19:39:20	xbmc/cores/VideoPlayer/VideoRenderers/DebugInfo.h	True	True	True	True
19126	thexai	2021-01-26 10:54:50	afedchin	2021-03-20 19:39:20	xbmc/cores/VideoPlayer/VideoRenderers/DebugRenderer.cpp	True	True	True	True
19126	thexai	2021-01-26 10:54:50	afedchin	2021-03-20 19:39:20	xbmc/cores/VideoPlayer/VideoRenderers/DebugRenderer.h	True	True	True	True
19126	thexai	2021-01-26 10:54:50	afedchin	2021-03-20 19:39:20	xbmc/cores/VideoPlayer/VideoRenderers/RenderManager.cpp	True	True	True	True
19126	thexai	2021-01-26 10:54:50	afedchin	2021-03-20 19:39:20	xbmc/cores/VideoPlayer/VideoPlayer.cpp	True	True	True	True
19126	thexai	2021-01-26 10:54:50	afedchin	2021-03-20 19:39:20	xbmc/cores/VideoPlayer/VideoRenderers/RenderManager.h	True	True	True	True
19126	thexai	2021-01-26 10:54:50	afedchin	2021-03-20 19:39:20	xbmc/cores/VideoPlayer/VideoRenderers/VideoShaders/WinVideoFilter.h	True	True	True	True
19126	thexai	2021-01-26 10:54:50	afedchin	2021-03-20 19:39:20	xbmc/cores/VideoPlayer/VideoRenderers/WinRenderer.cpp	True	True	True	True
19126	thexai	2021-01-26 10:54:50	afedchin	2021-03-20 19:39:20	xbmc/cores/VideoPlayer/VideoRenderers/VideoShaders/WinVideoFilter.cpp	True	True	True	True
19126	thexai	2021-01-26 10:54:50	afedchin	2021-03-20 19:39:20	xbmc/cores/VideoPlayer/VideoRenderers/windows/RendererBase.cpp	True	True	True	True
19126	thexai	2021-01-26 10:54:50	afedchin	2021-03-20 19:39:20	xbmc/rendering/dx/DeviceResources.h	True	True	True	True
19126	thexai	2021-01-26 10:54:50	afedchin	2021-03-20 19:39:20	xbmc/windowing/windows/WinSystemWin32DX.cpp	True	True	True	True
19126	thexai	2021-01-26 10:54:50	afedchin	2021-03-20 19:39:20	xbmc/windowing/win10/WinSystemWin10DX.h	True	True	True	True
19126	thexai	2021-01-26 10:54:50	afedchin	2021-03-20 19:39:20	xbmc/cores/VideoPlayer/VideoRenderers/windows/RendererBase.h	True	True	True	True
19126	thexai	2021-01-26 10:54:50	afedchin	2021-03-20 19:39:20	xbmc/windowing/WinSystem.h	True	True	True	True
19126	thexai	2021-01-26 10:54:50	afedchin	2021-03-20 19:39:20	xbmc/windowing/win10/WinSystemWin10DX.cpp	True	True	True	True
19126	thexai	2021-01-26 10:54:50	afedchin	2021-03-20 19:39:20	xbmc/rendering/dx/DeviceResources.cpp	True	True	True	True
19126	thexai	2021-01-26 10:54:50	afedchin	2021-03-20 19:39:20	xbmc/input/actions/ActionTranslator.cpp	True	True	True	True
19126	thexai	2021-01-26 10:54:50	afedchin	2021-03-20 19:39:20	xbmc/input/actions/ActionIDs.h	True	True	True	True
19126	thexai	2021-01-26 10:54:50	afedchin	2021-03-20 19:39:20	xbmc/windowing/windows/WinSystemWin32DX.h	True	True	True	True
19124	fritsch	2021-01-26 06:05:56	garbear	2021-01-26 20:38:04	xbmc/windowing/Resolution.cpp	True	True	True	True
19124	fritsch	2021-01-26 06:05:56	garbear	2021-01-26 21:12:14	xbmc/windowing/Resolution.cpp	True	True	True	True
19124	fritsch	2021-01-26 06:05:56	garbear	2021-01-26 20:34:06	xbmc/windowing/Resolution.cpp	True	True	True	True
19119	salim-b	2021-01-25 05:28:16	fritsch	2021-01-25 06:24:16	xbmc/windowing/Resolution.cpp	False	True	True	True
19119	salim-b	2021-01-25 05:28:16	fritsch	2021-01-25 06:25:59	xbmc/windowing/Resolution.cpp	True	True	True	True
19119	salim-b	2021-01-25 05:28:16	fritsch	2021-01-25 06:24:16	xbmc/windowing/Resolution.cpp	True	True	True	True
19119	salim-b	2021-01-25 05:28:16	fritsch	2021-01-25 06:25:59	xbmc/windowing/Resolution.cpp	False	True	True	True
19119	salim-b	2021-01-25 05:28:16	fritsch	2021-01-25 11:31:54	xbmc/windowing/Resolution.cpp	False	True	True	True
19119	salim-b	2021-01-25 05:28:16	fritsch	2021-01-25 11:31:54	xbmc/windowing/Resolution.cpp	True	True	True	True
19118	ksooo	2021-01-24 22:09:37	phunkyfish	2021-01-24 22:12:50	xbmc/pvr/guilib/GUIEPGGridContainer.cpp	True	False	False	True
19117	thexai	2021-01-24 20:01:31	afedchin	2021-01-25 11:20:49	xbmc/cores/VideoPlayer/VideoRenderers/windows/RendererBase.cpp	True	False	False	True
19113	fritsch	2021-01-24 08:18:16	lrusak	2021-01-25 17:35:39	xbmc/guilib/FFmpegImage.cpp	True	False	False	True
19111	basilgello	2021-01-23 19:30:17	ksooo	2021-01-26 06:50:12	addons/skin.estuary/xml/Home.xml	True	True	False	True
19111	basilgello	2021-01-23 19:30:17	jjd-uk	2021-01-24 14:37:46	addons/skin.estuary/xml/MyWeather.xml	True	True	False	True
19111	basilgello	2021-01-23 19:30:17	jjd-uk	2021-01-24 14:37:46	addons/skin.estuary/xml/Includes.xml	True	True	False	True
19111	basilgello	2021-01-23 19:30:17	jjd-uk	2021-01-24 14:37:46	addons/skin.estuary/xml/Home.xml	True	True	False	True
19111	basilgello	2021-01-23 19:30:17	ksooo	2021-01-24 22:22:07	addons/skin.estuary/xml/MyWeather.xml	True	True	False	True
19111	basilgello	2021-01-23 19:30:17	ksooo	2021-01-24 22:22:07	addons/skin.estuary/xml/Includes.xml	True	True	False	True
19111	basilgello	2021-01-23 19:30:17	ksooo	2021-01-24 22:22:07	addons/skin.estuary/xml/Home.xml	True	True	False	True
19111	basilgello	2021-01-23 19:30:17	ksooo	2021-01-26 06:50:12	addons/skin.estuary/xml/MyWeather.xml	True	True	False	True
19111	basilgello	2021-01-23 19:30:17	ksooo	2021-01-26 06:50:12	addons/skin.estuary/xml/Includes.xml	True	True	False	True
19110	thexai	2021-01-23 16:49:46	afedchin	2021-01-23 20:07:08	xbmc/rendering/dx/DeviceResources.cpp	True	False	False	True
19106	ronie	2021-01-23 02:30:11	jjd-uk	2021-01-23 12:42:00	addons/skin.estuary/xml/DialogKeyboard.xml	True	True	False	True
19106	ronie	2021-01-23 02:30:11	jjd-uk	2021-01-23 12:42:00	addons/skin.estuary/media/icons/keyboard/symbols.png	True	True	False	True
19106	ronie	2021-01-23 02:30:11	jjd-uk	2021-01-23 12:42:00	addons/skin.estuary/media/icons/keyboard/accents.png	True	True	False	True
19106	ronie	2021-01-23 02:30:11	jjd-uk	2021-01-23 12:42:00	addons/skin.estouchy/xml/DialogKeyboard.xml	True	True	False	True
19106	ronie	2021-01-23 02:30:11	jjd-uk	2021-01-23 12:42:00	addons/skin.estouchy/media/icon_keyboard_shift.png	True	True	False	True
19102	fandangos	2021-01-22 12:10:09	da-anda	2021-02-01 12:59:46	xbmc/cores/VideoPlayer/DVDInputStreams/DVDInputStreamBluray.cpp	False	True	True	True
19102	fandangos	2021-01-22 12:10:09	da-anda	2021-02-01 12:59:46	xbmc/cores/VideoPlayer/VideoPlayer.cpp	False	True	True	True
19102	fandangos	2021-01-22 12:10:09	da-anda	2021-02-01 12:59:46	xbmc/cores/VideoPlayer/VideoPlayer.h	False	True	True	True
19102	fandangos	2021-01-22 12:10:09	da-anda	2021-02-02 10:01:36	xbmc/cores/VideoPlayer/DVDInputStreams/DVDInputStreamBluray.cpp	False	True	True	True
19102	fandangos	2021-01-22 12:10:09	da-anda	2021-02-01 08:43:07	xbmc/cores/VideoPlayer/VideoPlayer.cpp	False	True	True	True
19102	fandangos	2021-01-22 12:10:09	da-anda	2021-02-02 10:01:36	xbmc/cores/VideoPlayer/VideoPlayer.cpp	False	True	True	True
19102	fandangos	2021-01-22 12:10:09	da-anda	2021-02-02 10:01:36	xbmc/cores/VideoPlayer/VideoPlayer.h	False	True	True	True
19102	fandangos	2021-01-22 12:10:09	da-anda	2021-02-01 12:54:37	xbmc/cores/VideoPlayer/DVDInputStreams/DVDInputStreamBluray.cpp	False	True	True	True
19102	fandangos	2021-01-22 12:10:09	da-anda	2021-02-01 12:54:37	xbmc/cores/VideoPlayer/VideoPlayer.cpp	False	True	True	True
19102	fandangos	2021-01-22 12:10:09	da-anda	2021-02-01 12:54:37	xbmc/cores/VideoPlayer/VideoPlayer.h	False	True	True	True
19102	fandangos	2021-01-22 12:10:09	da-anda	2021-02-01 08:43:07	xbmc/cores/VideoPlayer/DVDInputStreams/DVDInputStreamBluray.cpp	False	True	True	True
19102	fandangos	2021-01-22 12:10:09	da-anda	2021-01-25 10:50:14	xbmc/cores/VideoPlayer/VideoPlayer.h	False	True	True	True
19102	fandangos	2021-01-22 12:10:09	da-anda	2021-02-01 08:43:07	xbmc/cores/VideoPlayer/VideoPlayer.h	False	True	True	True
19102	fandangos	2021-01-22 12:10:09	da-anda	2021-01-25 13:01:46	xbmc/cores/VideoPlayer/VideoPlayer.cpp	False	True	True	True
19102	fandangos	2021-01-22 12:10:09	da-anda	2021-01-25 13:01:46	xbmc/cores/VideoPlayer/VideoPlayer.h	False	True	True	True
19102	fandangos	2021-01-22 12:10:09	da-anda	2021-01-25 10:50:14	xbmc/cores/VideoPlayer/DVDInputStreams/DVDInputStreamBluray.cpp	False	True	True	True
19102	fandangos	2021-01-22 12:10:09	da-anda	2021-01-25 10:50:14	xbmc/cores/VideoPlayer/VideoPlayer.cpp	False	True	True	True
19102	fandangos	2021-01-22 12:10:09	da-anda	2021-02-01 08:45:12	xbmc/cores/VideoPlayer/DVDInputStreams/DVDInputStreamBluray.cpp	False	True	True	True
19102	fandangos	2021-01-22 12:10:09	da-anda	2021-02-01 08:45:12	xbmc/cores/VideoPlayer/VideoPlayer.cpp	False	True	True	True
19102	fandangos	2021-01-22 12:10:09	da-anda	2021-02-01 08:45:12	xbmc/cores/VideoPlayer/VideoPlayer.h	False	True	True	True
19102	fandangos	2021-01-22 12:10:09	da-anda	2021-01-25 13:01:46	xbmc/cores/VideoPlayer/DVDInputStreams/DVDInputStreamBluray.cpp	False	True	True	True
19101	matthewbauer	2021-01-22 05:57:56	Karlson2k	2021-02-01 17:05:02	xbmc/platform/posix/PosixTimezone.cpp	True	True	False	True
19101	matthewbauer	2021-01-22 05:57:56	wsnipex	2021-01-30 08:57:44	xbmc/platform/posix/PosixTimezone.cpp	True	True	False	True
19101	matthewbauer	2021-01-22 05:57:56	lrusak	2021-02-01 17:17:31	xbmc/platform/posix/PosixTimezone.cpp	True	True	False	True
19099	quietvoid	2021-01-21 15:37:11	CastagnaIT	2021-10-20 08:09:52	xbmc/utils/BitstreamConverter.h	False	True	True	True
19099	quietvoid	2021-01-21 15:37:11	CastagnaIT	2021-10-20 08:09:52	xbmc/utils/BitstreamConverter.cpp	False	True	True	True
19099	quietvoid	2021-01-21 15:37:11	thexai	2021-11-13 11:50:11	xbmc/utils/BitstreamConverter.h	False	True	True	True
19099	quietvoid	2021-01-21 15:37:11	thexai	2021-11-13 11:50:11	xbmc/utils/BitstreamConverter.cpp	False	True	True	True
19099	quietvoid	2021-01-21 15:37:11	fuzzard	2021-10-19 22:32:24	xbmc/utils/BitstreamConverter.h	False	True	True	True
19099	quietvoid	2021-01-21 15:37:11	fuzzard	2021-10-19 22:32:24	xbmc/utils/BitstreamConverter.cpp	False	True	True	True
19099	quietvoid	2021-01-21 15:37:11	fuzzard	2021-10-19 22:27:10	xbmc/utils/BitstreamConverter.h	False	True	True	True
19099	quietvoid	2021-01-21 15:37:11	fuzzard	2021-10-19 22:27:10	xbmc/utils/BitstreamConverter.cpp	False	True	True	True
19098	ksooo	2021-01-20 21:25:42	ronie	2021-01-21 08:30:59	addons/resource.language.en_gb/resources/strings.po	True	False	False	True
19097	howie-f	2021-01-20 19:48:49	DaveTBlake	2021-01-21 09:16:36	xbmc/interfaces/json-rpc/AddonsOperations.cpp	True	True	False	True
19097	howie-f	2021-01-20 19:48:49	phunkyfish	2021-01-21 07:58:44	xbmc/interfaces/json-rpc/AddonsOperations.cpp	True	True	False	True
19097	howie-f	2021-01-20 19:48:49	phunkyfish	2021-01-21 07:58:44	xbmc/interfaces/json-rpc/schema/version.txt	True	True	False	True
19097	howie-f	2021-01-20 19:48:49	DaveTBlake	2021-01-29 12:36:15	xbmc/interfaces/json-rpc/schema/version.txt	True	True	False	True
19097	howie-f	2021-01-20 19:48:49	DaveTBlake	2021-01-21 09:16:36	xbmc/interfaces/json-rpc/schema/version.txt	True	True	False	True
19097	howie-f	2021-01-20 19:48:49	DaveTBlake	2021-01-29 12:36:15	xbmc/interfaces/json-rpc/AddonsOperations.cpp	True	True	False	True
19095	Portisch	2021-01-20 11:01:05	DaveTBlake	2021-01-20 12:12:34	xbmc/interfaces/json-rpc/schema/methods.json	True	True	False	True
19092	djp952	2021-01-20 05:09:14	ksooo	2021-01-20 09:28:12	xbmc/cores/VideoPlayer/VideoPlayer.cpp	True	True	False	True
19092	djp952	2021-01-20 05:09:14	garbear	2021-01-20 19:53:14	xbmc/cores/VideoPlayer/VideoPlayer.cpp	True	True	False	True
19091	howie-f	2021-01-19 21:24:00	lrusak	2021-01-20 19:22:02	xbmc/Application.cpp	False	True	True	True
19091	howie-f	2021-01-19 21:24:00	ksooo	2021-01-20 18:40:32	xbmc/platform/linux/PlatformLinux.h	False	True	True	True
19091	howie-f	2021-01-19 21:24:00	ksooo	2021-01-20 18:40:32	xbmc/platform/Platform.h	False	True	True	True
19091	howie-f	2021-01-19 21:24:00	ksooo	2021-01-20 18:40:32	xbmc/Application.cpp	False	True	True	True
19091	howie-f	2021-01-19 21:24:00	ksooo	2021-01-20 19:32:38	xbmc/platform/linux/PlatformLinux.h	False	True	True	True
19091	howie-f	2021-01-19 21:24:00	ksooo	2021-01-20 19:32:38	xbmc/platform/Platform.h	False	True	True	True
19091	howie-f	2021-01-19 21:24:00	ksooo	2021-01-20 18:32:18	xbmc/platform/Platform.h	False	True	True	True
19091	howie-f	2021-01-19 21:24:00	ksooo	2021-01-20 19:32:38	xbmc/Application.cpp	False	True	True	True
19091	howie-f	2021-01-19 21:24:00	ksooo	2021-01-20 18:32:18	xbmc/platform/linux/PlatformLinux.h	False	True	True	True
19091	howie-f	2021-01-19 21:24:00	ksooo	2021-01-20 18:32:18	xbmc/Application.cpp	False	True	True	True
19091	howie-f	2021-01-19 21:24:00	lrusak	2021-01-20 19:22:02	xbmc/platform/linux/PlatformLinux.h	False	True	True	True
19091	howie-f	2021-01-19 21:24:00	lrusak	2021-01-20 19:22:02	xbmc/platform/Platform.h	False	True	True	True
19091	howie-f	2021-01-19 21:24:00	ksooo	2021-01-20 18:37:45	xbmc/platform/Platform.h	False	True	True	True
19091	howie-f	2021-01-19 21:24:00	ksooo	2021-01-20 18:37:45	xbmc/Application.cpp	False	True	True	True
19091	howie-f	2021-01-19 21:24:00	ksooo	2021-01-20 17:21:08	xbmc/platform/linux/PlatformLinux.h	False	True	True	True
19091	howie-f	2021-01-19 21:24:00	ksooo	2021-01-20 18:37:45	xbmc/platform/linux/PlatformLinux.h	False	True	True	True
19091	howie-f	2021-01-19 21:24:00	lrusak	2021-01-20 17:24:03	xbmc/Application.cpp	False	True	True	True
19091	howie-f	2021-01-19 21:24:00	lrusak	2021-01-20 17:24:03	xbmc/platform/Platform.h	False	True	True	True
19091	howie-f	2021-01-19 21:24:00	lrusak	2021-01-20 17:24:03	xbmc/platform/linux/PlatformLinux.h	False	True	True	True
19091	howie-f	2021-01-19 21:24:00	ksooo	2021-01-20 17:21:08	xbmc/Application.cpp	False	True	True	True
19091	howie-f	2021-01-19 21:24:00	ksooo	2021-01-20 17:21:08	xbmc/platform/Platform.h	False	True	True	True
19091	howie-f	2021-01-19 21:24:00	ksooo	2021-01-20 11:00:08	xbmc/Application.cpp	False	True	True	True
19091	howie-f	2021-01-19 21:24:00	ksooo	2021-01-20 11:00:08	xbmc/platform/Platform.h	False	True	True	True
19091	howie-f	2021-01-19 21:24:00	ksooo	2021-01-20 11:00:08	xbmc/platform/linux/PlatformLinux.h	False	True	True	True
19091	howie-f	2021-01-19 21:24:00	ksooo	2021-01-20 20:41:18	xbmc/Application.cpp	False	True	True	True
19091	howie-f	2021-01-19 21:24:00	ksooo	2021-01-20 20:41:18	xbmc/platform/Platform.h	False	True	True	True
19091	howie-f	2021-01-19 21:24:00	ksooo	2021-01-20 20:41:18	xbmc/platform/linux/PlatformLinux.h	False	True	True	True
19087	basilgello	2021-01-19 03:44:10	DaveTBlake	2021-01-19 09:52:13	addons/skin.estuary/extras/home-images/LICENSE	True	True	False	True
19087	basilgello	2021-01-19 03:44:10	DaveTBlake	2021-01-19 09:52:13	addons/skin.estuary/extras/home-images/movie.jpg	True	True	False	True
19087	basilgello	2021-01-19 03:44:10	ronie	2021-01-19 15:52:28	addons/skin.estuary/extras/home-images/LICENSE	True	True	False	True
19087	basilgello	2021-01-19 03:44:10	ronie	2021-01-19 15:52:28	addons/skin.estuary/extras/home-images/movie.jpg	True	True	False	True
19087	basilgello	2021-01-19 03:44:10	ronie	2021-01-19 10:24:12	addons/skin.estuary/extras/home-images/LICENSE	True	True	False	True
19087	basilgello	2021-01-19 03:44:10	ronie	2021-01-19 10:24:12	addons/skin.estuary/extras/home-images/movie.jpg	True	True	False	True
19086	fritsch	2021-01-18 20:17:01	chewitt	2021-01-19 01:28:08	xbmc/cores/VideoPlayer/DVDCodecs/Video/DVDVideoCodecAndroidMediaCodec.cpp	True	False	True	True
19086	fritsch	2021-01-18 20:17:01	lrusak	2021-01-19 20:40:34	xbmc/cores/VideoPlayer/DVDCodecs/Video/DVDVideoCodecAndroidMediaCodec.cpp	True	False	True	True
19086	fritsch	2021-01-18 20:17:01	lrusak	2021-01-19 20:33:51	xbmc/cores/VideoPlayer/DVDCodecs/Video/DVDVideoCodecAndroidMediaCodec.cpp	True	False	True	True
19086	fritsch	2021-01-18 20:17:01	lrusak	2021-01-19 20:59:50	xbmc/cores/VideoPlayer/DVDCodecs/Video/DVDVideoCodecAndroidMediaCodec.cpp	True	False	True	True
19082	Montellese	2021-01-18 07:41:51	DaveTBlake	2021-01-19 11:03:34	xbmc/utils/log.h	False	True	False	True
19082	Montellese	2021-01-18 07:41:51	DaveTBlake	2021-01-19 11:03:34	xbmc/utils/log.cpp	False	True	False	True
19082	Montellese	2021-01-18 07:41:51	DaveTBlake	2021-01-19 11:03:34	xbmc/platform/win32/utils/Win32InterfaceForCLog.cpp	False	True	False	True
19082	Montellese	2021-01-18 07:41:51	DaveTBlake	2021-01-19 11:03:34	xbmc/platform/darwin/utils/DarwinInterfaceForCLog.mm	False	True	False	True
19082	Montellese	2021-01-18 07:41:51	DaveTBlake	2021-01-19 11:03:34	xbmc/platform/darwin/utils/DarwinInterfaceForCLog.h	False	True	False	True
19082	Montellese	2021-01-18 07:41:51	DaveTBlake	2021-01-19 11:03:34	xbmc/platform/android/utils/AndroidInterfaceForCLog.cpp	False	True	False	True
19080	lrusak	2021-01-18 00:30:38	enen92	2021-02-26 22:47:34	xbmc/cores/VideoPlayer/DVDSubtitles/DVDSubtitlesLibass.cpp	True	False	False	True
19078	mglae	2021-01-17 17:07:32	lrusak	2021-01-25 17:29:28	xbmc/cores/VideoPlayer/DVDCodecs/Video/VDPAU.cpp	False	True	False	True
19078	mglae	2021-01-17 17:07:32	lrusak	2021-01-25 17:29:28	xbmc/cores/VideoPlayer/DVDCodecs/Video/VAAPI.cpp	True	True	False	True
19076	fritsch	2021-01-17 14:40:54	lrusak	2021-01-25 17:28:58	xbmc/cores/VideoPlayer/DVDDemuxers/DVDDemuxFFmpeg.cpp	True	True	True	True
19076	fritsch	2021-01-17 14:40:54	FernetMenta	2021-01-17 15:41:24	xbmc/cores/VideoPlayer/DVDDemuxers/DVDDemuxFFmpeg.cpp	True	True	True	True
19074	wsnipex	2021-01-17 07:21:54	fritsch	2021-01-17 07:44:22	xbmc/cores/VideoPlayer/VideoPlayerVideo.cpp	True	True	True	True
19074	wsnipex	2021-01-17 07:21:54	fritsch	2021-01-17 08:05:52	xbmc/cores/VideoPlayer/VideoRenderers/RenderManager.cpp	True	True	True	True
19074	wsnipex	2021-01-17 07:21:54	fritsch	2021-01-17 08:05:52	xbmc/cores/VideoPlayer/VideoPlayerVideo.cpp	True	True	True	True
19074	wsnipex	2021-01-17 07:21:54	ksooo	2021-01-20 09:30:02	xbmc/cores/VideoPlayer/VideoRenderers/RenderManager.cpp	True	True	True	True
19074	wsnipex	2021-01-17 07:21:54	ksooo	2021-01-20 09:30:02	xbmc/cores/VideoPlayer/VideoPlayerVideo.cpp	True	True	True	True
19074	wsnipex	2021-01-17 07:21:54	fritsch	2021-01-17 07:44:22	xbmc/cores/VideoPlayer/VideoRenderers/RenderManager.cpp	True	True	True	True
19073	thexai	2021-01-16 16:46:09	afedchin	2021-01-17 13:53:22	xbmc/Application.cpp	True	True	False	True
19071	albert-github	2021-01-16 10:07:54	AlwinEsch	2021-01-17 00:44:13	docs/doxygen/Doxyfile.doxy	True	False	False	True
19066	thexai	2021-01-15 21:12:32	jjd-uk	2021-01-16 14:02:16	addons/resource.language.en_gb/resources/strings.po	True	True	False	True
19066	thexai	2021-01-15 21:12:32	garbear	2021-01-15 22:45:32	addons/resource.language.en_gb/resources/strings.po	True	True	False	True
19065	ghen2	2021-01-15 18:51:23	wsnipex	2021-01-16 06:50:08	tools/Linux/kodi.sh.in	True	True	False	True
19063	da-anda	2021-01-14 16:56:41	enen92	2021-01-14 21:36:24	xbmc/storage/MediaManager.cpp	True	False	True	True
19063	da-anda	2021-01-14 16:56:41	enen92	2021-01-14 21:36:24	addons/resource.language.en_gb/resources/strings.po	True	False	True	True
19062	ksooo	2021-01-14 15:29:30	phunkyfish	2021-01-14 15:44:41	xbmc/pvr/channels/PVRChannelGroupInternal.cpp	True	False	True	True
19062	ksooo	2021-01-14 15:29:30	phunkyfish	2021-01-14 15:44:41	xbmc/pvr/channels/PVRChannel.cpp	True	False	True	True
19062	ksooo	2021-01-14 15:29:30	phunkyfish	2021-01-14 15:44:41	xbmc/pvr/channels/PVRChannel.h	True	False	True	True
19062	ksooo	2021-01-14 15:29:30	phunkyfish	2021-01-14 15:44:41	xbmc/pvr/epg/EpgContainer.cpp	True	False	True	True
19062	ksooo	2021-01-14 15:29:30	phunkyfish	2021-01-14 15:44:41	xbmc/pvr/epg/EpgContainer.h	True	False	True	True
19060	ksooo	2021-01-13 21:19:58	ronie	2021-01-14 23:43:23	xbmc/pvr/windows/GUIWindowPVRGuide.cpp	True	False	False	True
19058	pR0Ps	2021-01-12 19:30:35	wsnipex	2021-01-13 11:25:39	xbmc/filesystem/test/data/httpdirectory/nginx-fancyindex.html	True	True	True	True
19058	pR0Ps	2021-01-12 19:30:35	wsnipex	2021-01-13 11:25:39	cmake/installdata/test-reference-data.txt	True	True	True	True
19058	pR0Ps	2021-01-12 19:30:35	wsnipex	2021-01-13 11:25:39	xbmc/filesystem/HTTPDirectory.cpp	True	True	True	True
19058	pR0Ps	2021-01-12 19:30:35	wsnipex	2021-01-13 11:25:39	xbmc/filesystem/test/TestHTTPDirectory.cpp	True	True	True	True
19058	pR0Ps	2021-01-12 19:30:35	wsnipex	2021-01-12 21:04:23	xbmc/filesystem/HTTPDirectory.cpp	True	True	True	True
19058	pR0Ps	2021-01-12 19:30:35	wsnipex	2021-01-12 21:04:23	cmake/installdata/test-reference-data.txt	True	True	True	True
19058	pR0Ps	2021-01-12 19:30:35	wsnipex	2021-01-12 21:04:23	xbmc/filesystem/test/TestHTTPDirectory.cpp	True	True	True	True
19058	pR0Ps	2021-01-12 19:30:35	wsnipex	2021-01-12 21:04:23	xbmc/filesystem/test/data/httpdirectory/nginx-fancyindex.html	True	True	True	True
19056	phunkyfish	2021-01-12 10:31:43	Montellese	2021-01-12 14:43:36	xbmc/settings/dialogs/GUIDialogLibExportSettings.h	False	True	True	True
19056	phunkyfish	2021-01-12 10:31:43	Montellese	2021-01-12 14:43:36	xbmc/video/dialogs/GUIDialogAudioSettings.cpp	False	True	True	True
19056	phunkyfish	2021-01-12 10:31:43	Montellese	2021-01-12 14:43:36	xbmc/settings/dialogs/GUIDialogSettingsBase.cpp	False	True	True	True
19056	phunkyfish	2021-01-12 10:31:43	Montellese	2021-01-12 14:43:36	xbmc/settings/dialogs/GUIDialogSettingsBase.h	False	True	True	True
19056	phunkyfish	2021-01-12 10:31:43	Montellese	2021-01-12 14:43:36	xbmc/settings/dialogs/GUIDialogSettingsManagerBase.cpp	False	True	True	True
19056	phunkyfish	2021-01-12 10:31:43	Montellese	2021-01-12 14:43:36	xbmc/settings/dialogs/GUIDialogSettingsManagerBase.h	False	True	True	True
19056	phunkyfish	2021-01-12 10:31:43	Montellese	2021-01-12 14:43:36	xbmc/settings/windows/GUIWindowSettingsCategory.cpp	False	True	True	True
19056	phunkyfish	2021-01-12 10:31:43	Montellese	2021-01-12 14:43:36	xbmc/settings/windows/GUIWindowSettingsCategory.h	False	True	True	True
19056	phunkyfish	2021-01-12 10:31:43	Montellese	2021-01-12 14:43:36	xbmc/profiles/dialogs/GUIDialogLockSettings.h	False	True	True	True
19056	phunkyfish	2021-01-12 10:31:43	Montellese	2021-01-12 14:43:36	xbmc/video/dialogs/GUIDialogAudioSettings.h	False	True	True	True
19056	phunkyfish	2021-01-12 10:31:43	Montellese	2021-01-12 14:43:36	xbmc/video/dialogs/GUIDialogCMSSettings.cpp	False	True	True	True
19056	phunkyfish	2021-01-12 10:31:43	Montellese	2021-01-12 14:43:36	xbmc/video/dialogs/GUIDialogCMSSettings.h	False	True	True	True
19056	phunkyfish	2021-01-12 10:31:43	Montellese	2021-01-12 14:43:36	xbmc/video/dialogs/GUIDialogSubtitleSettings.cpp	False	True	True	True
19056	phunkyfish	2021-01-12 10:31:43	Montellese	2021-01-12 14:43:36	xbmc/video/dialogs/GUIDialogSubtitleSettings.h	False	True	True	True
19056	phunkyfish	2021-01-12 10:31:43	Montellese	2021-01-12 14:43:36	xbmc/video/dialogs/GUIDialogVideoSettings.cpp	False	True	True	True
19056	phunkyfish	2021-01-12 10:31:43	Montellese	2021-01-12 14:43:36	xbmc/video/dialogs/GUIDialogVideoSettings.h	False	True	True	True
19056	phunkyfish	2021-01-12 10:31:43	Montellese	2021-01-12 14:43:36	xbmc/settings/dialogs/GUIDialogContentSettings.h	False	True	True	True
19056	phunkyfish	2021-01-12 10:31:43	Montellese	2021-01-12 14:43:36	xbmc/settings/dialogs/GUIDialogLibExportSettings.cpp	False	True	True	True
19056	phunkyfish	2021-01-12 10:31:43	Montellese	2021-01-12 14:43:36	xbmc/addons/gui/GUIDialogAddonSettings.h	False	True	True	True
19056	phunkyfish	2021-01-12 10:31:43	Montellese	2021-01-12 14:43:36	xbmc/settings/dialogs/GUIDialogContentSettings.cpp	False	True	True	True
19056	phunkyfish	2021-01-12 10:31:43	Montellese	2021-01-12 14:43:36	xbmc/network/GUIDialogNetworkSetup.h	False	True	True	True
19056	phunkyfish	2021-01-12 10:31:43	Montellese	2021-01-12 14:43:36	xbmc/pvr/dialogs/GUIDialogPVRTimerSettings.cpp	True	True	True	True
19056	phunkyfish	2021-01-12 10:31:43	Montellese	2021-01-12 14:43:36	xbmc/pvr/dialogs/GUIDialogPVRTimerSettings.h	True	True	True	True
19056	phunkyfish	2021-01-12 10:31:43	ksooo	2021-01-12 14:27:11	xbmc/pvr/dialogs/GUIDialogPVRTimerSettings.cpp	True	True	True	True
19056	phunkyfish	2021-01-12 10:31:43	Montellese	2021-01-12 14:43:36	xbmc/dialogs/GUIDialogMediaFilter.h	False	True	True	True
19056	phunkyfish	2021-01-12 10:31:43	Montellese	2021-01-12 14:43:36	xbmc/music/dialogs/GUIDialogInfoProviderSettings.cpp	False	True	True	True
19056	phunkyfish	2021-01-12 10:31:43	Montellese	2021-01-12 14:43:36	xbmc/music/dialogs/GUIDialogInfoProviderSettings.h	False	True	True	True
19056	phunkyfish	2021-01-12 10:31:43	Montellese	2021-01-12 14:43:36	xbmc/peripherals/dialogs/GUIDialogPeripheralSettings.cpp	False	True	True	True
19056	phunkyfish	2021-01-12 10:31:43	Montellese	2021-01-12 14:43:36	xbmc/pvr/dialogs/GUIDialogPVRTimerSettings.h	False	True	True	True
19056	phunkyfish	2021-01-12 10:31:43	Montellese	2021-01-12 14:43:36	xbmc/peripherals/dialogs/GUIDialogPeripheralSettings.h	False	True	True	True
19056	phunkyfish	2021-01-12 10:31:43	Montellese	2021-01-12 14:43:36	xbmc/profiles/dialogs/GUIDialogProfileSettings.h	False	True	True	True
19056	phunkyfish	2021-01-12 10:31:43	Montellese	2021-01-12 14:43:36	xbmc/pvr/dialogs/GUIDialogPVRClientPriorities.cpp	False	True	True	True
19056	phunkyfish	2021-01-12 10:31:43	Montellese	2021-01-12 14:43:36	xbmc/pvr/dialogs/GUIDialogPVRClientPriorities.h	False	True	True	True
19056	phunkyfish	2021-01-12 10:31:43	Montellese	2021-01-12 14:43:36	xbmc/pvr/dialogs/GUIDialogPVRRecordingSettings.cpp	False	True	True	True
19056	phunkyfish	2021-01-12 10:31:43	Montellese	2021-01-12 14:43:36	xbmc/pvr/dialogs/GUIDialogPVRTimerSettings.cpp	False	True	True	True
19056	phunkyfish	2021-01-12 10:31:43	Montellese	2021-01-12 14:43:36	addons/resource.language.en_gb/resources/strings.po	False	True	True	True
19056	phunkyfish	2021-01-12 10:31:43	ksooo	2021-01-12 14:27:11	xbmc/pvr/dialogs/GUIDialogPVRRecordingSettings.h	False	True	True	True
19056	phunkyfish	2021-01-12 10:31:43	ksooo	2021-01-12 14:27:11	xbmc/pvr/dialogs/GUIDialogPVRTimerSettings.h	True	True	True	True
19056	phunkyfish	2021-01-12 10:31:43	ksooo	2021-01-12 14:27:11	xbmc/video/dialogs/GUIDialogAudioSettings.cpp	False	True	True	True
19056	phunkyfish	2021-01-12 10:31:43	ksooo	2021-01-12 14:27:11	xbmc/settings/dialogs/GUIDialogSettingsBase.cpp	False	True	True	True
19056	phunkyfish	2021-01-12 10:31:43	ksooo	2021-01-12 14:27:11	xbmc/settings/dialogs/GUIDialogSettingsBase.h	False	True	True	True
19056	phunkyfish	2021-01-12 10:31:43	ksooo	2021-01-12 14:27:11	xbmc/settings/dialogs/GUIDialogSettingsManagerBase.cpp	False	True	True	True
19056	phunkyfish	2021-01-12 10:31:43	ksooo	2021-01-12 14:27:11	xbmc/settings/dialogs/GUIDialogSettingsManagerBase.h	False	True	True	True
19056	phunkyfish	2021-01-12 10:31:43	ksooo	2021-01-12 14:27:11	xbmc/settings/windows/GUIWindowSettingsCategory.cpp	False	True	True	True
19056	phunkyfish	2021-01-12 10:31:43	ksooo	2021-01-12 14:27:11	xbmc/settings/windows/GUIWindowSettingsCategory.h	False	True	True	True
19056	phunkyfish	2021-01-12 10:31:43	ksooo	2021-01-12 14:27:11	xbmc/video/dialogs/GUIDialogAudioSettings.h	False	True	True	True
19056	phunkyfish	2021-01-12 10:31:43	ksooo	2021-01-12 14:27:11	xbmc/settings/dialogs/GUIDialogLibExportSettings.cpp	False	True	True	True
19056	phunkyfish	2021-01-12 10:31:43	ksooo	2021-01-12 14:27:11	xbmc/video/dialogs/GUIDialogCMSSettings.cpp	False	True	True	True
19056	phunkyfish	2021-01-12 10:31:43	ksooo	2021-01-12 14:27:11	xbmc/video/dialogs/GUIDialogCMSSettings.h	False	True	True	True
19056	phunkyfish	2021-01-12 10:31:43	ksooo	2021-01-12 14:27:11	xbmc/video/dialogs/GUIDialogSubtitleSettings.cpp	False	True	True	True
19056	phunkyfish	2021-01-12 10:31:43	ksooo	2021-01-12 14:27:11	xbmc/video/dialogs/GUIDialogSubtitleSettings.h	False	True	True	True
19056	phunkyfish	2021-01-12 10:31:43	ksooo	2021-01-12 14:27:11	xbmc/video/dialogs/GUIDialogVideoSettings.cpp	False	True	True	True
19056	phunkyfish	2021-01-12 10:31:43	ksooo	2021-01-12 14:27:11	xbmc/video/dialogs/GUIDialogVideoSettings.h	False	True	True	True
19056	phunkyfish	2021-01-12 10:31:43	ksooo	2021-01-12 14:27:11	xbmc/settings/dialogs/GUIDialogLibExportSettings.h	False	True	True	True
19056	phunkyfish	2021-01-12 10:31:43	ksooo	2021-01-12 14:27:11	xbmc/settings/dialogs/GUIDialogContentSettings.h	False	True	True	True
19056	phunkyfish	2021-01-12 10:31:43	ksooo	2021-01-12 14:27:11	xbmc/addons/gui/GUIDialogAddonSettings.h	False	True	True	True
19056	phunkyfish	2021-01-12 10:31:43	ksooo	2021-01-12 14:27:11	xbmc/profiles/dialogs/GUIDialogLockSettings.h	False	True	True	True
19056	phunkyfish	2021-01-12 10:31:43	ksooo	2021-01-12 14:27:11	xbmc/dialogs/GUIDialogMediaFilter.h	False	True	True	True
19056	phunkyfish	2021-01-12 10:31:43	ksooo	2021-01-12 14:27:11	xbmc/music/dialogs/GUIDialogInfoProviderSettings.cpp	False	True	True	True
19056	phunkyfish	2021-01-12 10:31:43	ksooo	2021-01-12 14:27:11	xbmc/music/dialogs/GUIDialogInfoProviderSettings.h	False	True	True	True
19056	phunkyfish	2021-01-12 10:31:43	ksooo	2021-01-12 14:27:11	xbmc/network/GUIDialogNetworkSetup.h	False	True	True	True
19056	phunkyfish	2021-01-12 10:31:43	ksooo	2021-01-12 14:27:11	xbmc/peripherals/dialogs/GUIDialogPeripheralSettings.cpp	False	True	True	True
19056	phunkyfish	2021-01-12 10:31:43	ksooo	2021-01-12 14:27:11	xbmc/peripherals/dialogs/GUIDialogPeripheralSettings.h	False	True	True	True
19056	phunkyfish	2021-01-12 10:31:43	ksooo	2021-01-12 14:27:11	xbmc/profiles/dialogs/GUIDialogProfileSettings.h	False	True	True	True
19056	phunkyfish	2021-01-12 10:31:43	ksooo	2021-01-12 14:27:11	xbmc/settings/dialogs/GUIDialogContentSettings.cpp	False	True	True	True
19056	phunkyfish	2021-01-12 10:31:43	ksooo	2021-01-12 14:27:11	xbmc/pvr/dialogs/GUIDialogPVRClientPriorities.cpp	False	True	True	True
19056	phunkyfish	2021-01-12 10:31:43	ksooo	2021-01-12 14:27:11	xbmc/pvr/dialogs/GUIDialogPVRClientPriorities.h	False	True	True	True
19056	phunkyfish	2021-01-12 10:31:43	ksooo	2021-01-12 14:27:11	xbmc/pvr/dialogs/GUIDialogPVRRecordingSettings.cpp	False	True	True	True
19056	phunkyfish	2021-01-12 10:31:43	Montellese	2021-01-13 22:56:32	xbmc/video/dialogs/GUIDialogVideoSettings.h	False	True	True	True
19056	phunkyfish	2021-01-12 10:31:43	ksooo	2021-01-12 14:27:11	xbmc/pvr/dialogs/GUIDialogPVRTimerSettings.cpp	False	True	True	True
19056	phunkyfish	2021-01-12 10:31:43	ksooo	2021-01-12 14:27:11	xbmc/pvr/dialogs/GUIDialogPVRTimerSettings.h	False	True	True	True
19056	phunkyfish	2021-01-12 10:31:43	Montellese	2021-01-13 22:56:32	addons/resource.language.en_gb/resources/strings.po	False	True	True	True
19056	phunkyfish	2021-01-12 10:31:43	Montellese	2021-01-13 22:56:32	xbmc/settings/dialogs/GUIDialogLibExportSettings.h	False	True	True	True
19056	phunkyfish	2021-01-12 10:31:43	Montellese	2021-01-13 22:56:32	xbmc/video/dialogs/GUIDialogVideoSettings.cpp	False	True	True	True
19056	phunkyfish	2021-01-12 10:31:43	ksooo	2021-01-12 14:29:06	xbmc/settings/dialogs/GUIDialogSettingsManagerBase.h	False	True	True	True
19056	phunkyfish	2021-01-12 10:31:43	ksooo	2021-01-12 14:29:06	xbmc/settings/dialogs/GUIDialogContentSettings.h	False	True	True	True
19056	phunkyfish	2021-01-12 10:31:43	ksooo	2021-01-12 14:29:06	xbmc/settings/dialogs/GUIDialogLibExportSettings.cpp	False	True	True	True
19056	phunkyfish	2021-01-12 10:31:43	ksooo	2021-01-12 14:29:06	xbmc/settings/dialogs/GUIDialogLibExportSettings.h	False	True	True	True
19056	phunkyfish	2021-01-12 10:31:43	ksooo	2021-01-12 14:29:06	xbmc/settings/dialogs/GUIDialogSettingsBase.cpp	False	True	True	True
19056	phunkyfish	2021-01-12 10:31:43	ksooo	2021-01-12 14:29:06	xbmc/settings/dialogs/GUIDialogSettingsBase.h	False	True	True	True
19056	phunkyfish	2021-01-12 10:31:43	ksooo	2021-01-12 14:29:06	xbmc/settings/dialogs/GUIDialogSettingsManagerBase.cpp	False	True	True	True
19056	phunkyfish	2021-01-12 10:31:43	ksooo	2021-01-12 14:29:06	xbmc/settings/windows/GUIWindowSettingsCategory.cpp	False	True	True	True
19056	phunkyfish	2021-01-12 10:31:43	ksooo	2021-01-12 14:29:06	xbmc/pvr/dialogs/GUIDialogPVRTimerSettings.h	False	True	True	True
19056	phunkyfish	2021-01-12 10:31:43	ksooo	2021-01-12 14:29:06	xbmc/settings/windows/GUIWindowSettingsCategory.h	False	True	True	True
19056	phunkyfish	2021-01-12 10:31:43	ksooo	2021-01-12 14:29:06	xbmc/video/dialogs/GUIDialogAudioSettings.cpp	False	True	True	True
19056	phunkyfish	2021-01-12 10:31:43	ksooo	2021-01-12 14:29:06	xbmc/video/dialogs/GUIDialogAudioSettings.h	False	True	True	True
19056	phunkyfish	2021-01-12 10:31:43	ksooo	2021-01-12 14:29:06	xbmc/video/dialogs/GUIDialogCMSSettings.cpp	False	True	True	True
19056	phunkyfish	2021-01-12 10:31:43	ksooo	2021-01-12 14:29:06	xbmc/video/dialogs/GUIDialogCMSSettings.h	False	True	True	True
19056	phunkyfish	2021-01-12 10:31:43	ksooo	2021-01-12 14:29:06	xbmc/video/dialogs/GUIDialogSubtitleSettings.cpp	False	True	True	True
19056	phunkyfish	2021-01-12 10:31:43	ksooo	2021-01-12 14:29:06	xbmc/settings/dialogs/GUIDialogContentSettings.cpp	False	True	True	True
19056	phunkyfish	2021-01-12 10:31:43	ksooo	2021-01-12 14:29:06	xbmc/pvr/dialogs/GUIDialogPVRTimerSettings.cpp	False	True	True	True
19056	phunkyfish	2021-01-12 10:31:43	ksooo	2021-01-12 14:29:06	xbmc/video/dialogs/GUIDialogVideoSettings.cpp	False	True	True	True
19056	phunkyfish	2021-01-12 10:31:43	ksooo	2021-01-12 14:29:06	xbmc/network/GUIDialogNetworkSetup.h	False	True	True	True
19056	phunkyfish	2021-01-12 10:31:43	ksooo	2021-01-12 14:29:06	xbmc/pvr/dialogs/GUIDialogPVRTimerSettings.cpp	True	True	True	True
19056	phunkyfish	2021-01-12 10:31:43	ksooo	2021-01-12 14:29:06	xbmc/pvr/dialogs/GUIDialogPVRTimerSettings.h	True	True	True	True
19056	phunkyfish	2021-01-12 10:31:43	ksooo	2021-01-12 14:29:06	xbmc/addons/gui/GUIDialogAddonSettings.h	False	True	True	True
19056	phunkyfish	2021-01-12 10:31:43	ksooo	2021-01-12 14:29:06	xbmc/dialogs/GUIDialogMediaFilter.h	False	True	True	True
19056	phunkyfish	2021-01-12 10:31:43	ksooo	2021-01-12 14:29:06	xbmc/music/dialogs/GUIDialogInfoProviderSettings.cpp	False	True	True	True
19056	phunkyfish	2021-01-12 10:31:43	ksooo	2021-01-12 14:29:06	xbmc/music/dialogs/GUIDialogInfoProviderSettings.h	False	True	True	True
19056	phunkyfish	2021-01-12 10:31:43	ksooo	2021-01-12 14:29:06	xbmc/peripherals/dialogs/GUIDialogPeripheralSettings.cpp	False	True	True	True
19056	phunkyfish	2021-01-12 10:31:43	ksooo	2021-01-12 14:29:06	xbmc/pvr/dialogs/GUIDialogPVRRecordingSettings.h	False	True	True	True
19056	phunkyfish	2021-01-12 10:31:43	ksooo	2021-01-12 14:29:06	xbmc/peripherals/dialogs/GUIDialogPeripheralSettings.h	False	True	True	True
19056	phunkyfish	2021-01-12 10:31:43	ksooo	2021-01-12 14:29:06	xbmc/profiles/dialogs/GUIDialogLockSettings.h	False	True	True	True
19056	phunkyfish	2021-01-12 10:31:43	ksooo	2021-01-12 14:29:06	xbmc/profiles/dialogs/GUIDialogProfileSettings.h	False	True	True	True
19056	phunkyfish	2021-01-12 10:31:43	ksooo	2021-01-12 14:29:06	xbmc/pvr/dialogs/GUIDialogPVRClientPriorities.cpp	False	True	True	True
19056	phunkyfish	2021-01-12 10:31:43	ksooo	2021-01-12 14:29:06	xbmc/pvr/dialogs/GUIDialogPVRClientPriorities.h	False	True	True	True
19056	phunkyfish	2021-01-12 10:31:43	ksooo	2021-01-12 14:29:06	xbmc/pvr/dialogs/GUIDialogPVRRecordingSettings.cpp	False	True	True	True
19056	phunkyfish	2021-01-12 10:31:43	ksooo	2021-01-12 14:29:06	xbmc/video/dialogs/GUIDialogSubtitleSettings.h	False	True	True	True
19056	phunkyfish	2021-01-12 10:31:43	ksooo	2021-01-12 14:29:06	xbmc/video/dialogs/GUIDialogVideoSettings.h	False	True	True	True
19056	phunkyfish	2021-01-12 10:31:43	Montellese	2021-01-13 22:56:32	xbmc/video/dialogs/GUIDialogSubtitleSettings.h	False	True	True	True
19056	phunkyfish	2021-01-12 10:31:43	Montellese	2021-01-13 22:56:32	xbmc/settings/dialogs/GUIDialogSettingsManagerBase.h	False	True	True	True
19056	phunkyfish	2021-01-12 10:31:43	Montellese	2021-01-13 22:56:32	xbmc/settings/dialogs/GUIDialogContentSettings.h	False	True	True	True
19056	phunkyfish	2021-01-12 10:31:43	Montellese	2021-01-13 22:56:32	xbmc/settings/dialogs/GUIDialogLibExportSettings.cpp	False	True	True	True
19056	phunkyfish	2021-01-12 10:31:43	ksooo	2021-01-12 11:10:11	xbmc/pvr/dialogs/GUIDialogPVRTimerSettings.cpp	True	True	True	True
19056	phunkyfish	2021-01-12 10:31:43	Montellese	2021-01-13 22:56:32	xbmc/settings/dialogs/GUIDialogSettingsBase.cpp	False	True	True	True
19056	phunkyfish	2021-01-12 10:31:43	Montellese	2021-01-13 22:56:32	xbmc/settings/dialogs/GUIDialogSettingsBase.h	False	True	True	True
19056	phunkyfish	2021-01-12 10:31:43	Montellese	2021-01-13 22:56:32	xbmc/settings/dialogs/GUIDialogSettingsManagerBase.cpp	False	True	True	True
19056	phunkyfish	2021-01-12 10:31:43	Montellese	2021-01-13 22:56:32	xbmc/settings/windows/GUIWindowSettingsCategory.cpp	False	True	True	True
19056	phunkyfish	2021-01-12 10:31:43	Montellese	2021-01-13 22:56:32	xbmc/pvr/dialogs/GUIDialogPVRTimerSettings.h	False	True	True	True
19056	phunkyfish	2021-01-12 10:31:43	Montellese	2021-01-13 22:56:32	xbmc/settings/windows/GUIWindowSettingsCategory.h	False	True	True	True
19056	phunkyfish	2021-01-12 10:31:43	Montellese	2021-01-13 22:56:32	xbmc/video/dialogs/GUIDialogAudioSettings.cpp	False	True	True	True
19056	phunkyfish	2021-01-12 10:31:43	Montellese	2021-01-13 22:56:32	xbmc/video/dialogs/GUIDialogAudioSettings.h	False	True	True	True
19056	phunkyfish	2021-01-12 10:31:43	Montellese	2021-01-13 22:56:32	xbmc/video/dialogs/GUIDialogCMSSettings.cpp	False	True	True	True
19056	phunkyfish	2021-01-12 10:31:43	Montellese	2021-01-13 22:56:32	xbmc/video/dialogs/GUIDialogCMSSettings.h	False	True	True	True
19056	phunkyfish	2021-01-12 10:31:43	Montellese	2021-01-13 22:56:32	xbmc/video/dialogs/GUIDialogSubtitleSettings.cpp	False	True	True	True
19056	phunkyfish	2021-01-12 10:31:43	Montellese	2021-01-13 22:56:32	xbmc/settings/dialogs/GUIDialogContentSettings.cpp	False	True	True	True
19056	phunkyfish	2021-01-12 10:31:43	Montellese	2021-01-13 22:56:32	xbmc/pvr/dialogs/GUIDialogPVRTimerSettings.cpp	False	True	True	True
19056	phunkyfish	2021-01-12 10:31:43	ksooo	2021-01-12 14:29:06	addons/resource.language.en_gb/resources/strings.po	False	True	True	True
19056	phunkyfish	2021-01-12 10:31:43	Montellese	2021-01-13 22:56:32	xbmc/network/GUIDialogNetworkSetup.h	False	True	True	True
19056	phunkyfish	2021-01-12 10:31:43	Montellese	2021-01-13 22:56:32	xbmc/pvr/dialogs/GUIDialogPVRTimerSettings.cpp	True	True	True	True
19056	phunkyfish	2021-01-12 10:31:43	Montellese	2021-01-13 22:56:32	xbmc/pvr/dialogs/GUIDialogPVRTimerSettings.h	True	True	True	True
19056	phunkyfish	2021-01-12 10:31:43	Montellese	2021-01-13 22:56:32	xbmc/addons/gui/GUIDialogAddonSettings.h	False	True	True	True
19056	phunkyfish	2021-01-12 10:31:43	Montellese	2021-01-13 22:56:32	xbmc/dialogs/GUIDialogMediaFilter.h	False	True	True	True
19056	phunkyfish	2021-01-12 10:31:43	Montellese	2021-01-13 22:56:32	xbmc/music/dialogs/GUIDialogInfoProviderSettings.cpp	False	True	True	True
19056	phunkyfish	2021-01-12 10:31:43	Montellese	2021-01-13 22:56:32	xbmc/music/dialogs/GUIDialogInfoProviderSettings.h	False	True	True	True
19056	phunkyfish	2021-01-12 10:31:43	Montellese	2021-01-13 22:56:32	xbmc/peripherals/dialogs/GUIDialogPeripheralSettings.cpp	False	True	True	True
19056	phunkyfish	2021-01-12 10:31:43	Montellese	2021-01-13 22:56:32	xbmc/pvr/dialogs/GUIDialogPVRRecordingSettings.h	False	True	True	True
19056	phunkyfish	2021-01-12 10:31:43	Montellese	2021-01-13 22:56:32	xbmc/peripherals/dialogs/GUIDialogPeripheralSettings.h	False	True	True	True
19056	phunkyfish	2021-01-12 10:31:43	Montellese	2021-01-13 22:56:32	xbmc/profiles/dialogs/GUIDialogLockSettings.h	False	True	True	True
19056	phunkyfish	2021-01-12 10:31:43	Montellese	2021-01-13 22:56:32	xbmc/profiles/dialogs/GUIDialogProfileSettings.h	False	True	True	True
19056	phunkyfish	2021-01-12 10:31:43	Montellese	2021-01-13 22:56:32	xbmc/pvr/dialogs/GUIDialogPVRClientPriorities.cpp	False	True	True	True
19056	phunkyfish	2021-01-12 10:31:43	Montellese	2021-01-13 22:56:32	xbmc/pvr/dialogs/GUIDialogPVRClientPriorities.h	False	True	True	True
19056	phunkyfish	2021-01-12 10:31:43	Montellese	2021-01-13 22:56:32	xbmc/pvr/dialogs/GUIDialogPVRRecordingSettings.cpp	False	True	True	True
19056	phunkyfish	2021-01-12 10:31:43	ksooo	2021-01-12 14:27:11	addons/resource.language.en_gb/resources/strings.po	False	True	True	True
19056	phunkyfish	2021-01-12 10:31:43	Montellese	2021-01-12 14:43:36	xbmc/pvr/dialogs/GUIDialogPVRRecordingSettings.h	False	True	True	True
19056	phunkyfish	2021-01-12 10:31:43	ksooo	2021-01-12 11:10:11	xbmc/pvr/dialogs/GUIDialogPVRTimerSettings.h	True	True	True	True
19056	phunkyfish	2021-01-12 10:31:43	ksooo	2021-01-12 21:56:06	xbmc/pvr/dialogs/GUIDialogPVRTimerSettings.cpp	True	True	True	True
19056	phunkyfish	2021-01-12 10:31:43	Montellese	2021-01-12 12:49:04	xbmc/settings/dialogs/GUIDialogLibExportSettings.h	False	True	True	True
19056	phunkyfish	2021-01-12 10:31:43	Montellese	2021-01-12 12:49:04	xbmc/settings/dialogs/GUIDialogSettingsBase.cpp	False	True	True	True
19056	phunkyfish	2021-01-12 10:31:43	Montellese	2021-01-12 12:49:04	xbmc/settings/dialogs/GUIDialogSettingsBase.h	False	True	True	True
19056	phunkyfish	2021-01-12 10:31:43	Montellese	2021-01-12 12:49:04	xbmc/settings/dialogs/GUIDialogSettingsManagerBase.cpp	False	True	True	True
19056	phunkyfish	2021-01-12 10:31:43	Montellese	2021-01-12 12:49:04	xbmc/settings/dialogs/GUIDialogSettingsManagerBase.h	False	True	True	True
19056	phunkyfish	2021-01-12 10:31:43	Montellese	2021-01-12 12:49:04	xbmc/settings/windows/GUIWindowSettingsCategory.cpp	False	True	True	True
19056	phunkyfish	2021-01-12 10:31:43	Montellese	2021-01-12 12:49:04	xbmc/settings/windows/GUIWindowSettingsCategory.h	False	True	True	True
19056	phunkyfish	2021-01-12 10:31:43	Montellese	2021-01-12 12:49:04	xbmc/video/dialogs/GUIDialogAudioSettings.cpp	False	True	True	True
19056	phunkyfish	2021-01-12 10:31:43	Montellese	2021-01-12 12:49:04	xbmc/video/dialogs/GUIDialogAudioSettings.h	False	True	True	True
19056	phunkyfish	2021-01-12 10:31:43	Montellese	2021-01-12 12:49:04	xbmc/video/dialogs/GUIDialogCMSSettings.cpp	False	True	True	True
19056	phunkyfish	2021-01-12 10:31:43	Montellese	2021-01-12 12:49:04	xbmc/video/dialogs/GUIDialogCMSSettings.h	False	True	True	True
19056	phunkyfish	2021-01-12 10:31:43	Montellese	2021-01-12 12:49:04	xbmc/video/dialogs/GUIDialogSubtitleSettings.cpp	False	True	True	True
19056	phunkyfish	2021-01-12 10:31:43	Montellese	2021-01-12 12:49:04	xbmc/video/dialogs/GUIDialogSubtitleSettings.h	False	True	True	True
19056	phunkyfish	2021-01-12 10:31:43	Montellese	2021-01-12 12:49:04	xbmc/video/dialogs/GUIDialogVideoSettings.cpp	False	True	True	True
19056	phunkyfish	2021-01-12 10:31:43	Montellese	2021-01-12 12:49:04	xbmc/video/dialogs/GUIDialogVideoSettings.h	False	True	True	True
19056	phunkyfish	2021-01-12 10:31:43	Montellese	2021-01-12 12:49:04	xbmc/settings/dialogs/GUIDialogLibExportSettings.cpp	False	True	True	True
19056	phunkyfish	2021-01-12 10:31:43	Montellese	2021-01-12 12:49:04	xbmc/settings/dialogs/GUIDialogContentSettings.h	False	True	True	True
19056	phunkyfish	2021-01-12 10:31:43	Montellese	2021-01-12 12:49:04	xbmc/settings/dialogs/GUIDialogContentSettings.cpp	False	True	True	True
19056	phunkyfish	2021-01-12 10:31:43	Montellese	2021-01-12 12:49:04	xbmc/peripherals/dialogs/GUIDialogPeripheralSettings.h	False	True	True	True
19056	phunkyfish	2021-01-12 10:31:43	Montellese	2021-01-12 12:49:04	xbmc/addons/gui/GUIDialogAddonSettings.h	False	True	True	True
19056	phunkyfish	2021-01-12 10:31:43	Montellese	2021-01-12 12:49:04	xbmc/dialogs/GUIDialogMediaFilter.h	False	True	True	True
19056	phunkyfish	2021-01-12 10:31:43	Montellese	2021-01-12 12:49:04	xbmc/music/dialogs/GUIDialogInfoProviderSettings.cpp	False	True	True	True
19056	phunkyfish	2021-01-12 10:31:43	Montellese	2021-01-12 12:49:04	xbmc/music/dialogs/GUIDialogInfoProviderSettings.h	False	True	True	True
19056	phunkyfish	2021-01-12 10:31:43	Montellese	2021-01-12 12:49:04	xbmc/network/GUIDialogNetworkSetup.h	False	True	True	True
19056	phunkyfish	2021-01-12 10:31:43	Montellese	2021-01-12 12:49:04	xbmc/peripherals/dialogs/GUIDialogPeripheralSettings.cpp	False	True	True	True
19056	phunkyfish	2021-01-12 10:31:43	Montellese	2021-01-12 12:49:04	xbmc/profiles/dialogs/GUIDialogLockSettings.h	False	True	True	True
19056	phunkyfish	2021-01-12 10:31:43	Montellese	2021-01-12 12:49:04	xbmc/pvr/dialogs/GUIDialogPVRTimerSettings.h	False	True	True	True
19056	phunkyfish	2021-01-12 10:31:43	Montellese	2021-01-12 12:49:04	xbmc/profiles/dialogs/GUIDialogProfileSettings.h	False	True	True	True
19056	phunkyfish	2021-01-12 10:31:43	Montellese	2021-01-12 12:49:04	xbmc/pvr/dialogs/GUIDialogPVRClientPriorities.cpp	False	True	True	True
19056	phunkyfish	2021-01-12 10:31:43	Montellese	2021-01-12 12:49:04	xbmc/pvr/dialogs/GUIDialogPVRClientPriorities.h	False	True	True	True
19056	phunkyfish	2021-01-12 10:31:43	Montellese	2021-01-12 12:49:04	xbmc/pvr/dialogs/GUIDialogPVRRecordingSettings.cpp	False	True	True	True
19056	phunkyfish	2021-01-12 10:31:43	Montellese	2021-01-12 12:49:04	xbmc/pvr/dialogs/GUIDialogPVRRecordingSettings.h	False	True	True	True
19056	phunkyfish	2021-01-12 10:31:43	Montellese	2021-01-12 12:49:04	xbmc/pvr/dialogs/GUIDialogPVRTimerSettings.cpp	False	True	True	True
19056	phunkyfish	2021-01-12 10:31:43	Montellese	2021-01-12 12:49:04	addons/resource.language.en_gb/resources/strings.po	False	True	True	True
19056	phunkyfish	2021-01-12 10:31:43	ksooo	2021-01-12 21:56:06	xbmc/pvr/dialogs/GUIDialogPVRTimerSettings.h	True	True	True	True
19056	phunkyfish	2021-01-12 10:31:43	Montellese	2021-01-12 12:49:04	xbmc/pvr/dialogs/GUIDialogPVRTimerSettings.cpp	True	True	True	True
19056	phunkyfish	2021-01-12 10:31:43	ksooo	2021-01-12 21:56:06	xbmc/addons/gui/GUIDialogAddonSettings.h	False	True	True	True
19056	phunkyfish	2021-01-12 10:31:43	ksooo	2021-01-12 21:56:06	xbmc/settings/dialogs/GUIDialogSettingsBase.cpp	False	True	True	True
19056	phunkyfish	2021-01-12 10:31:43	ksooo	2021-01-12 21:56:06	xbmc/settings/dialogs/GUIDialogSettingsBase.h	False	True	True	True
19056	phunkyfish	2021-01-12 10:31:43	ksooo	2021-01-12 21:56:06	xbmc/settings/dialogs/GUIDialogSettingsManagerBase.cpp	False	True	True	True
19056	phunkyfish	2021-01-12 10:31:43	ksooo	2021-01-12 21:56:06	xbmc/settings/dialogs/GUIDialogSettingsManagerBase.h	False	True	True	True
19056	phunkyfish	2021-01-12 10:31:43	ksooo	2021-01-12 21:56:06	xbmc/settings/windows/GUIWindowSettingsCategory.cpp	False	True	True	True
19056	phunkyfish	2021-01-12 10:31:43	ksooo	2021-01-12 21:56:06	xbmc/settings/windows/GUIWindowSettingsCategory.h	False	True	True	True
19056	phunkyfish	2021-01-12 10:31:43	ksooo	2021-01-12 21:56:06	xbmc/video/dialogs/GUIDialogAudioSettings.cpp	False	True	True	True
19056	phunkyfish	2021-01-12 10:31:43	ksooo	2021-01-12 21:56:06	xbmc/video/dialogs/GUIDialogAudioSettings.h	False	True	True	True
19056	phunkyfish	2021-01-12 10:31:43	ksooo	2021-01-12 21:56:06	xbmc/video/dialogs/GUIDialogCMSSettings.cpp	False	True	True	True
19056	phunkyfish	2021-01-12 10:31:43	ksooo	2021-01-12 21:56:06	xbmc/video/dialogs/GUIDialogCMSSettings.h	False	True	True	True
19056	phunkyfish	2021-01-12 10:31:43	ksooo	2021-01-12 21:56:06	xbmc/video/dialogs/GUIDialogSubtitleSettings.cpp	False	True	True	True
19056	phunkyfish	2021-01-12 10:31:43	ksooo	2021-01-12 21:56:06	xbmc/video/dialogs/GUIDialogSubtitleSettings.h	False	True	True	True
19056	phunkyfish	2021-01-12 10:31:43	ksooo	2021-01-12 21:56:06	xbmc/video/dialogs/GUIDialogVideoSettings.cpp	False	True	True	True
19056	phunkyfish	2021-01-12 10:31:43	ksooo	2021-01-12 11:10:11	xbmc/addons/gui/GUIDialogAddonSettings.h	False	True	True	True
19056	phunkyfish	2021-01-12 10:31:43	ksooo	2021-01-12 21:56:06	addons/resource.language.en_gb/resources/strings.po	False	True	True	True
19056	phunkyfish	2021-01-12 10:31:43	ksooo	2021-01-12 21:56:06	xbmc/settings/dialogs/GUIDialogLibExportSettings.h	False	True	True	True
19056	phunkyfish	2021-01-12 10:31:43	ksooo	2021-01-12 21:56:06	xbmc/settings/dialogs/GUIDialogLibExportSettings.cpp	False	True	True	True
19056	phunkyfish	2021-01-12 10:31:43	ksooo	2021-01-12 21:56:06	xbmc/settings/dialogs/GUIDialogContentSettings.h	False	True	True	True
19056	phunkyfish	2021-01-12 10:31:43	ksooo	2021-01-12 21:56:06	xbmc/profiles/dialogs/GUIDialogLockSettings.h	False	True	True	True
19056	phunkyfish	2021-01-12 10:31:43	ksooo	2021-01-12 21:56:06	xbmc/dialogs/GUIDialogMediaFilter.h	False	True	True	True
19056	phunkyfish	2021-01-12 10:31:43	ksooo	2021-01-12 21:56:06	xbmc/music/dialogs/GUIDialogInfoProviderSettings.cpp	False	True	True	True
19056	phunkyfish	2021-01-12 10:31:43	ksooo	2021-01-12 21:56:06	xbmc/music/dialogs/GUIDialogInfoProviderSettings.h	False	True	True	True
19056	phunkyfish	2021-01-12 10:31:43	ksooo	2021-01-12 21:56:06	xbmc/network/GUIDialogNetworkSetup.h	False	True	True	True
19056	phunkyfish	2021-01-12 10:31:43	ksooo	2021-01-12 21:56:06	xbmc/peripherals/dialogs/GUIDialogPeripheralSettings.cpp	False	True	True	True
19056	phunkyfish	2021-01-12 10:31:43	ksooo	2021-01-12 21:56:06	xbmc/peripherals/dialogs/GUIDialogPeripheralSettings.h	False	True	True	True
19056	phunkyfish	2021-01-12 10:31:43	ksooo	2021-01-12 21:56:06	xbmc/profiles/dialogs/GUIDialogProfileSettings.h	False	True	True	True
19056	phunkyfish	2021-01-12 10:31:43	ksooo	2021-01-12 21:56:06	xbmc/settings/dialogs/GUIDialogContentSettings.cpp	False	True	True	True
19056	phunkyfish	2021-01-12 10:31:43	ksooo	2021-01-12 21:56:06	xbmc/pvr/dialogs/GUIDialogPVRClientPriorities.cpp	False	True	True	True
19056	phunkyfish	2021-01-12 10:31:43	ksooo	2021-01-12 21:56:06	xbmc/pvr/dialogs/GUIDialogPVRClientPriorities.h	False	True	True	True
19056	phunkyfish	2021-01-12 10:31:43	ksooo	2021-01-12 21:56:06	xbmc/pvr/dialogs/GUIDialogPVRRecordingSettings.cpp	False	True	True	True
19056	phunkyfish	2021-01-12 10:31:43	ksooo	2021-01-12 21:56:06	xbmc/pvr/dialogs/GUIDialogPVRRecordingSettings.h	False	True	True	True
19056	phunkyfish	2021-01-12 10:31:43	ksooo	2021-01-12 21:56:06	xbmc/pvr/dialogs/GUIDialogPVRTimerSettings.cpp	False	True	True	True
19056	phunkyfish	2021-01-12 10:31:43	ksooo	2021-01-12 21:56:06	xbmc/pvr/dialogs/GUIDialogPVRTimerSettings.h	False	True	True	True
19056	phunkyfish	2021-01-12 10:31:43	Montellese	2021-01-12 12:49:04	xbmc/pvr/dialogs/GUIDialogPVRTimerSettings.h	True	True	True	True
19056	phunkyfish	2021-01-12 10:31:43	ksooo	2021-01-12 21:56:06	xbmc/video/dialogs/GUIDialogVideoSettings.h	False	True	True	True
19056	phunkyfish	2021-01-12 10:31:43	ksooo	2021-01-12 14:25:56	addons/resource.language.en_gb/resources/strings.po	False	True	True	True
19056	phunkyfish	2021-01-12 10:31:43	ksooo	2021-01-12 11:10:11	xbmc/video/dialogs/GUIDialogAudioSettings.h	False	True	True	True
19056	phunkyfish	2021-01-12 10:31:43	ksooo	2021-01-12 11:10:11	xbmc/settings/dialogs/GUIDialogSettingsBase.h	False	True	True	True
19056	phunkyfish	2021-01-12 10:31:43	ksooo	2021-01-12 11:10:11	xbmc/settings/dialogs/GUIDialogSettingsManagerBase.cpp	False	True	True	True
19056	phunkyfish	2021-01-12 10:31:43	ksooo	2021-01-12 11:10:11	xbmc/settings/dialogs/GUIDialogSettingsManagerBase.h	False	True	True	True
19056	phunkyfish	2021-01-12 10:31:43	ksooo	2021-01-12 11:10:11	xbmc/settings/windows/GUIWindowSettingsCategory.cpp	False	True	True	True
19056	phunkyfish	2021-01-12 10:31:43	ksooo	2021-01-12 11:10:11	xbmc/settings/windows/GUIWindowSettingsCategory.h	False	True	True	True
19056	phunkyfish	2021-01-12 10:31:43	ksooo	2021-01-12 11:10:11	xbmc/video/dialogs/GUIDialogAudioSettings.cpp	False	True	True	True
19056	phunkyfish	2021-01-12 10:31:43	ksooo	2021-01-12 11:10:11	xbmc/video/dialogs/GUIDialogCMSSettings.cpp	False	True	True	True
19056	phunkyfish	2021-01-12 10:31:43	ksooo	2021-01-12 11:10:11	xbmc/settings/dialogs/GUIDialogLibExportSettings.h	False	True	True	True
19056	phunkyfish	2021-01-12 10:31:43	ksooo	2021-01-12 11:10:11	xbmc/video/dialogs/GUIDialogCMSSettings.h	False	True	True	True
19056	phunkyfish	2021-01-12 10:31:43	ksooo	2021-01-12 11:10:11	xbmc/video/dialogs/GUIDialogSubtitleSettings.cpp	False	True	True	True
19056	phunkyfish	2021-01-12 10:31:43	ksooo	2021-01-12 11:10:11	xbmc/video/dialogs/GUIDialogSubtitleSettings.h	False	True	True	True
19056	phunkyfish	2021-01-12 10:31:43	ksooo	2021-01-12 11:10:11	xbmc/video/dialogs/GUIDialogVideoSettings.cpp	False	True	True	True
19056	phunkyfish	2021-01-12 10:31:43	ksooo	2021-01-12 11:10:11	xbmc/video/dialogs/GUIDialogVideoSettings.h	False	True	True	True
19056	phunkyfish	2021-01-12 10:31:43	ksooo	2021-01-12 11:10:11	addons/resource.language.en_gb/resources/strings.po	False	True	True	True
19056	phunkyfish	2021-01-12 10:31:43	ksooo	2021-01-12 11:10:11	xbmc/settings/dialogs/GUIDialogSettingsBase.cpp	False	True	True	True
19056	phunkyfish	2021-01-12 10:31:43	ksooo	2021-01-12 11:10:11	xbmc/settings/dialogs/GUIDialogLibExportSettings.cpp	False	True	True	True
19056	phunkyfish	2021-01-12 10:31:43	ksooo	2021-01-12 14:25:56	xbmc/pvr/dialogs/GUIDialogPVRTimerSettings.h	True	True	True	True
19056	phunkyfish	2021-01-12 10:31:43	ksooo	2021-01-12 11:10:11	xbmc/profiles/dialogs/GUIDialogLockSettings.h	False	True	True	True
19056	phunkyfish	2021-01-12 10:31:43	ksooo	2021-01-12 14:25:56	xbmc/video/dialogs/GUIDialogVideoSettings.h	False	True	True	True
19056	phunkyfish	2021-01-12 10:31:43	ksooo	2021-01-12 11:10:11	xbmc/music/dialogs/GUIDialogInfoProviderSettings.cpp	False	True	True	True
19056	phunkyfish	2021-01-12 10:31:43	ksooo	2021-01-12 11:10:11	xbmc/music/dialogs/GUIDialogInfoProviderSettings.h	False	True	True	True
19056	phunkyfish	2021-01-12 10:31:43	ksooo	2021-01-12 11:10:11	xbmc/network/GUIDialogNetworkSetup.h	False	True	True	True
19056	phunkyfish	2021-01-12 10:31:43	ksooo	2021-01-12 11:10:11	xbmc/peripherals/dialogs/GUIDialogPeripheralSettings.cpp	False	True	True	True
19056	phunkyfish	2021-01-12 10:31:43	ksooo	2021-01-12 11:10:11	xbmc/peripherals/dialogs/GUIDialogPeripheralSettings.h	False	True	True	True
19056	phunkyfish	2021-01-12 10:31:43	ksooo	2021-01-12 11:10:11	xbmc/profiles/dialogs/GUIDialogProfileSettings.h	False	True	True	True
19056	phunkyfish	2021-01-12 10:31:43	ksooo	2021-01-12 11:10:11	xbmc/settings/dialogs/GUIDialogContentSettings.h	False	True	True	True
19056	phunkyfish	2021-01-12 10:31:43	ksooo	2021-01-12 11:10:11	xbmc/pvr/dialogs/GUIDialogPVRClientPriorities.cpp	False	True	True	True
19056	phunkyfish	2021-01-12 10:31:43	ksooo	2021-01-12 11:10:11	xbmc/pvr/dialogs/GUIDialogPVRRecordingSettings.cpp	False	True	True	True
19056	phunkyfish	2021-01-12 10:31:43	ksooo	2021-01-12 11:10:11	xbmc/pvr/dialogs/GUIDialogPVRRecordingSettings.h	False	True	True	True
19056	phunkyfish	2021-01-12 10:31:43	ksooo	2021-01-12 11:10:11	xbmc/pvr/dialogs/GUIDialogPVRTimerSettings.cpp	False	True	True	True
19056	phunkyfish	2021-01-12 10:31:43	ksooo	2021-01-12 11:10:11	xbmc/pvr/dialogs/GUIDialogPVRTimerSettings.h	False	True	True	True
19056	phunkyfish	2021-01-12 10:31:43	ksooo	2021-01-12 11:10:11	xbmc/settings/dialogs/GUIDialogContentSettings.cpp	False	True	True	True
19056	phunkyfish	2021-01-12 10:31:43	ksooo	2021-01-12 14:25:56	xbmc/pvr/dialogs/GUIDialogPVRTimerSettings.cpp	True	True	True	True
19056	phunkyfish	2021-01-12 10:31:43	ksooo	2021-01-12 11:10:11	xbmc/pvr/dialogs/GUIDialogPVRClientPriorities.h	False	True	True	True
19056	phunkyfish	2021-01-12 10:31:43	ksooo	2021-01-12 14:25:56	xbmc/addons/gui/GUIDialogAddonSettings.h	False	True	True	True
19056	phunkyfish	2021-01-12 10:31:43	ksooo	2021-01-12 14:25:56	xbmc/settings/dialogs/GUIDialogLibExportSettings.cpp	False	True	True	True
19056	phunkyfish	2021-01-12 10:31:43	ksooo	2021-01-12 14:25:56	xbmc/video/dialogs/GUIDialogSubtitleSettings.h	False	True	True	True
19056	phunkyfish	2021-01-12 10:31:43	ksooo	2021-01-12 14:25:56	xbmc/video/dialogs/GUIDialogSubtitleSettings.cpp	False	True	True	True
19056	phunkyfish	2021-01-12 10:31:43	ksooo	2021-01-12 14:25:56	xbmc/video/dialogs/GUIDialogCMSSettings.h	False	True	True	True
19056	phunkyfish	2021-01-12 10:31:43	ksooo	2021-01-12 14:25:56	xbmc/video/dialogs/GUIDialogCMSSettings.cpp	False	True	True	True
19056	phunkyfish	2021-01-12 10:31:43	ksooo	2021-01-12 14:25:56	xbmc/video/dialogs/GUIDialogAudioSettings.h	False	True	True	True
19056	phunkyfish	2021-01-12 10:31:43	ksooo	2021-01-12 14:25:56	xbmc/video/dialogs/GUIDialogAudioSettings.cpp	False	True	True	True
19056	phunkyfish	2021-01-12 10:31:43	ksooo	2021-01-12 14:25:56	xbmc/settings/windows/GUIWindowSettingsCategory.h	False	True	True	True
19056	phunkyfish	2021-01-12 10:31:43	ksooo	2021-01-12 11:10:11	xbmc/dialogs/GUIDialogMediaFilter.h	False	True	True	True
19056	phunkyfish	2021-01-12 10:31:43	ksooo	2021-01-12 14:25:56	xbmc/settings/windows/GUIWindowSettingsCategory.cpp	False	True	True	True
19056	phunkyfish	2021-01-12 10:31:43	ksooo	2021-01-12 14:25:56	xbmc/settings/dialogs/GUIDialogSettingsManagerBase.h	False	True	True	True
19056	phunkyfish	2021-01-12 10:31:43	ksooo	2021-01-12 14:25:56	xbmc/settings/dialogs/GUIDialogSettingsManagerBase.cpp	False	True	True	True
19056	phunkyfish	2021-01-12 10:31:43	ksooo	2021-01-12 14:25:56	xbmc/video/dialogs/GUIDialogVideoSettings.cpp	False	True	True	True
19056	phunkyfish	2021-01-12 10:31:43	ksooo	2021-01-12 14:25:56	xbmc/settings/dialogs/GUIDialogSettingsBase.cpp	False	True	True	True
19056	phunkyfish	2021-01-12 10:31:43	ksooo	2021-01-12 14:25:56	xbmc/settings/dialogs/GUIDialogLibExportSettings.h	False	True	True	True
19056	phunkyfish	2021-01-12 10:31:43	ksooo	2021-01-12 14:25:56	xbmc/settings/dialogs/GUIDialogSettingsBase.h	False	True	True	True
19056	phunkyfish	2021-01-12 10:31:43	ksooo	2021-01-12 14:25:56	xbmc/settings/dialogs/GUIDialogContentSettings.h	False	True	True	True
19056	phunkyfish	2021-01-12 10:31:43	ksooo	2021-01-12 14:25:56	xbmc/pvr/dialogs/GUIDialogPVRClientPriorities.cpp	False	True	True	True
19056	phunkyfish	2021-01-12 10:31:43	ksooo	2021-01-12 14:25:56	xbmc/music/dialogs/GUIDialogInfoProviderSettings.cpp	False	True	True	True
19056	phunkyfish	2021-01-12 10:31:43	ksooo	2021-01-12 14:25:56	xbmc/music/dialogs/GUIDialogInfoProviderSettings.h	False	True	True	True
19056	phunkyfish	2021-01-12 10:31:43	ksooo	2021-01-12 14:25:56	xbmc/network/GUIDialogNetworkSetup.h	False	True	True	True
19056	phunkyfish	2021-01-12 10:31:43	ksooo	2021-01-12 14:25:56	xbmc/peripherals/dialogs/GUIDialogPeripheralSettings.cpp	False	True	True	True
19056	phunkyfish	2021-01-12 10:31:43	ksooo	2021-01-12 14:25:56	xbmc/settings/dialogs/GUIDialogContentSettings.cpp	False	True	True	True
19056	phunkyfish	2021-01-12 10:31:43	ksooo	2021-01-12 14:25:56	xbmc/profiles/dialogs/GUIDialogLockSettings.h	False	True	True	True
19056	phunkyfish	2021-01-12 10:31:43	ksooo	2021-01-12 14:25:56	xbmc/profiles/dialogs/GUIDialogProfileSettings.h	False	True	True	True
19056	phunkyfish	2021-01-12 10:31:43	ksooo	2021-01-12 14:25:56	xbmc/peripherals/dialogs/GUIDialogPeripheralSettings.h	False	True	True	True
19056	phunkyfish	2021-01-12 10:31:43	ksooo	2021-01-12 14:25:56	xbmc/pvr/dialogs/GUIDialogPVRClientPriorities.h	False	True	True	True
19056	phunkyfish	2021-01-12 10:31:43	ksooo	2021-01-12 14:25:56	xbmc/pvr/dialogs/GUIDialogPVRRecordingSettings.cpp	False	True	True	True
19056	phunkyfish	2021-01-12 10:31:43	ksooo	2021-01-12 14:25:56	xbmc/pvr/dialogs/GUIDialogPVRRecordingSettings.h	False	True	True	True
19056	phunkyfish	2021-01-12 10:31:43	ksooo	2021-01-12 14:25:56	xbmc/pvr/dialogs/GUIDialogPVRTimerSettings.cpp	False	True	True	True
19056	phunkyfish	2021-01-12 10:31:43	ksooo	2021-01-12 14:25:56	xbmc/pvr/dialogs/GUIDialogPVRTimerSettings.h	False	True	True	True
19056	phunkyfish	2021-01-12 10:31:43	ksooo	2021-01-12 14:25:56	xbmc/dialogs/GUIDialogMediaFilter.h	False	True	True	True
19051	ksooo	2021-01-10 15:35:07	phunkyfish	2021-01-10 16:02:13	xbmc/pvr/epg/EpgContainer.cpp	True	False	False	True
19051	ksooo	2021-01-10 15:35:07	phunkyfish	2021-01-10 16:02:13	xbmc/pvr/epg/Epg.h	True	False	False	True
19051	ksooo	2021-01-10 15:35:07	phunkyfish	2021-01-10 16:02:13	xbmc/pvr/epg/Epg.cpp	True	False	False	True
19051	ksooo	2021-01-10 15:35:07	phunkyfish	2021-01-10 16:02:13	xbmc/pvr/channels/PVRChannel.h	True	False	False	True
19051	ksooo	2021-01-10 15:35:07	phunkyfish	2021-01-10 16:02:13	xbmc/pvr/channels/PVRChannel.cpp	True	False	False	True
19051	ksooo	2021-01-10 15:35:07	phunkyfish	2021-01-10 16:02:13	xbmc/pvr/PVRManager.h	True	False	False	True
19050	phunkyfish	2021-01-10 13:48:50	ksooo	2021-01-10 15:57:40	xbmc/pvr/dialogs/GUIDialogPVRTimerSettings.cpp	False	True	True	True
19050	phunkyfish	2021-01-10 13:48:50	ksooo	2021-01-10 15:57:11	xbmc/pvr/dialogs/GUIDialogPVRTimerSettings.h	False	True	True	True
19050	phunkyfish	2021-01-10 13:48:50	ksooo	2021-01-10 15:57:40	xbmc/pvr/dialogs/GUIDialogPVRTimerSettings.h	False	True	True	True
19050	phunkyfish	2021-01-10 13:48:50	ksooo	2021-01-10 15:57:11	xbmc/pvr/dialogs/GUIDialogPVRTimerSettings.cpp	False	True	True	True
19050	phunkyfish	2021-01-10 13:48:50	ksooo	2021-01-10 15:25:24	xbmc/pvr/dialogs/GUIDialogPVRTimerSettings.cpp	False	True	True	True
19050	phunkyfish	2021-01-10 13:48:50	ksooo	2021-01-10 15:25:24	xbmc/pvr/dialogs/GUIDialogPVRTimerSettings.h	False	True	True	True
19049	wsnipex	2021-01-10 08:21:11	codywalker77	2021-01-10 10:11:26	xbmc/settings/AdvancedSettings.cpp	True	True	False	True
19040	wsnipex	2021-01-08 13:32:35	ksooo	2021-01-10 20:58:44	xbmc/platform/posix/filesystem/SMBDirectory.cpp	True	True	True	True
19040	wsnipex	2021-01-08 13:32:35	howie-f	2021-01-08 19:14:53	xbmc/filesystem/CurlFile.cpp	False	True	True	True
19040	wsnipex	2021-01-08 13:32:35	howie-f	2021-01-08 19:14:53	xbmc/filesystem/CurlFile.h	False	True	True	True
19040	wsnipex	2021-01-08 13:32:35	howie-f	2021-01-08 19:14:53	xbmc/platform/posix/filesystem/SMBDirectory.cpp	True	True	True	True
19040	wsnipex	2021-01-08 13:32:35	howie-f	2021-01-08 19:14:53	xbmc/platform/posix/filesystem/SMBFile.cpp	True	True	True	True
19040	wsnipex	2021-01-08 13:32:35	howie-f	2021-01-08 19:14:53	xbmc/platform/posix/filesystem/SMBFile.h	True	True	True	True
19040	wsnipex	2021-01-08 13:32:35	ksooo	2021-01-10 20:58:44	xbmc/dbwrappers/mysqldataset.cpp	True	True	True	True
19040	wsnipex	2021-01-08 13:32:35	ksooo	2021-01-10 20:58:44	xbmc/filesystem/CurlFile.cpp	False	True	True	True
19040	wsnipex	2021-01-08 13:32:35	ksooo	2021-01-10 20:58:44	xbmc/filesystem/CurlFile.h	False	True	True	True
19040	wsnipex	2021-01-08 13:32:35	howie-f	2021-01-08 19:14:53	xbmc/dbwrappers/mysqldataset.cpp	True	True	True	True
19040	wsnipex	2021-01-08 13:32:35	ksooo	2021-01-10 20:58:44	xbmc/platform/posix/filesystem/SMBFile.cpp	True	True	True	True
19040	wsnipex	2021-01-08 13:32:35	howie-f	2021-01-08 18:52:29	xbmc/dbwrappers/mysqldataset.cpp	True	True	True	True
19040	wsnipex	2021-01-08 13:32:35	howie-f	2021-01-08 18:52:29	xbmc/filesystem/CurlFile.cpp	False	True	True	True
19040	wsnipex	2021-01-08 13:32:35	howie-f	2021-01-08 18:52:29	xbmc/filesystem/CurlFile.h	False	True	True	True
19040	wsnipex	2021-01-08 13:32:35	howie-f	2021-01-08 18:52:29	xbmc/platform/posix/filesystem/SMBDirectory.cpp	True	True	True	True
19040	wsnipex	2021-01-08 13:32:35	howie-f	2021-01-08 18:52:29	xbmc/platform/posix/filesystem/SMBFile.cpp	True	True	True	True
19040	wsnipex	2021-01-08 13:32:35	howie-f	2021-01-08 18:52:29	xbmc/platform/posix/filesystem/SMBFile.h	True	True	True	True
19040	wsnipex	2021-01-08 13:32:35	ksooo	2021-01-10 20:58:44	xbmc/platform/posix/filesystem/SMBFile.h	True	True	True	True
19036	basilgello	2021-01-07 19:52:37	howie-f	2021-01-07 21:44:09	xbmc/interfaces/python/LanguageHook.cpp	True	True	True	True
19036	basilgello	2021-01-07 19:52:37	Paxxi	2021-01-08 06:20:13	xbmc/interfaces/python/LanguageHook.cpp	True	True	True	True
19035	phunkyfish	2021-01-07 18:43:47	AlwinEsch	2021-01-08 14:26:06	xbmc/addons/kodi-dev-kit/include/kodi/c-api/addon-instance/pvr.h	False	False	True	True
19035	phunkyfish	2021-01-07 18:43:47	ksooo	2021-01-08 13:15:16	xbmc/addons/kodi-dev-kit/include/kodi/addon-instance/PVR.h	False	False	True	True
19035	phunkyfish	2021-01-07 18:43:47	AlwinEsch	2021-01-08 14:26:06	xbmc/pvr/guilib/PVRGUIActionListener.cpp	False	False	True	True
19035	phunkyfish	2021-01-07 18:43:47	AlwinEsch	2021-01-08 14:26:06	xbmc/pvr/addons/PVRClients.h	False	False	True	True
19035	phunkyfish	2021-01-07 18:43:47	AlwinEsch	2021-01-08 14:26:06	xbmc/pvr/addons/PVRClients.cpp	False	False	True	True
19035	phunkyfish	2021-01-07 18:43:47	ksooo	2021-01-08 13:15:16	xbmc/addons/kodi-dev-kit/include/kodi/c-api/addon-instance/pvr.h	False	False	True	True
19035	phunkyfish	2021-01-07 18:43:47	AlwinEsch	2021-01-08 14:26:06	xbmc/pvr/addons/PVRClient.h	False	False	True	True
19035	phunkyfish	2021-01-07 18:43:47	AlwinEsch	2021-01-08 14:26:06	xbmc/pvr/addons/PVRClient.cpp	False	False	True	True
19035	phunkyfish	2021-01-07 18:43:47	AlwinEsch	2021-01-08 14:26:06	xbmc/addons/kodi-dev-kit/include/kodi/versions.h	False	False	True	True
19035	phunkyfish	2021-01-07 18:43:47	ksooo	2021-01-07 19:09:41	xbmc/pvr/addons/PVRClient.h	False	False	True	True
19035	phunkyfish	2021-01-07 18:43:47	AlwinEsch	2021-01-08 14:26:06	xbmc/addons/kodi-dev-kit/include/kodi/addon-instance/PVR.h	False	False	True	True
19035	phunkyfish	2021-01-07 18:43:47	ksooo	2021-01-07 19:09:41	xbmc/pvr/guilib/PVRGUIActionListener.cpp	False	False	True	True
19035	phunkyfish	2021-01-07 18:43:47	ksooo	2021-01-07 19:09:41	xbmc/pvr/addons/PVRClients.h	False	False	True	True
19035	phunkyfish	2021-01-07 18:43:47	ksooo	2021-01-07 19:09:41	xbmc/pvr/addons/PVRClients.cpp	False	False	True	True
19035	phunkyfish	2021-01-07 18:43:47	ksooo	2021-01-07 19:09:41	xbmc/addons/kodi-dev-kit/include/kodi/addon-instance/PVR.h	False	False	True	True
19035	phunkyfish	2021-01-07 18:43:47	ksooo	2021-01-07 19:09:41	xbmc/pvr/addons/PVRClient.cpp	False	False	True	True
19035	phunkyfish	2021-01-07 18:43:47	ksooo	2021-01-07 19:09:41	xbmc/addons/kodi-dev-kit/include/kodi/versions.h	False	False	True	True
19035	phunkyfish	2021-01-07 18:43:47	ksooo	2021-01-07 19:09:41	xbmc/addons/kodi-dev-kit/include/kodi/c-api/addon-instance/pvr.h	False	False	True	True
19035	phunkyfish	2021-01-07 18:43:47	ksooo	2021-01-08 13:15:16	xbmc/pvr/addons/PVRClient.cpp	False	False	True	True
19035	phunkyfish	2021-01-07 18:43:47	ksooo	2021-01-08 13:15:16	xbmc/addons/kodi-dev-kit/include/kodi/versions.h	False	False	True	True
19035	phunkyfish	2021-01-07 18:43:47	ksooo	2021-01-08 11:53:36	xbmc/pvr/addons/PVRClient.h	False	False	True	True
19035	phunkyfish	2021-01-07 18:43:47	ksooo	2021-01-08 13:15:16	xbmc/pvr/addons/PVRClient.h	False	False	True	True
19035	phunkyfish	2021-01-07 18:43:47	AlwinEsch	2021-01-08 14:23:06	xbmc/pvr/addons/PVRClients.h	False	False	True	True
19035	phunkyfish	2021-01-07 18:43:47	ksooo	2021-01-08 13:15:16	xbmc/pvr/addons/PVRClients.cpp	False	False	True	True
19035	phunkyfish	2021-01-07 18:43:47	ksooo	2021-01-08 11:53:36	xbmc/pvr/guilib/PVRGUIActionListener.cpp	False	False	True	True
19035	phunkyfish	2021-01-07 18:43:47	ksooo	2021-01-08 11:53:36	xbmc/pvr/addons/PVRClients.cpp	False	False	True	True
19035	phunkyfish	2021-01-07 18:43:47	ksooo	2021-01-08 11:53:36	xbmc/pvr/addons/PVRClient.cpp	False	False	True	True
19035	phunkyfish	2021-01-07 18:43:47	ksooo	2021-01-08 11:53:36	xbmc/addons/kodi-dev-kit/include/kodi/versions.h	False	False	True	True
19035	phunkyfish	2021-01-07 18:43:47	ksooo	2021-01-08 11:53:36	xbmc/addons/kodi-dev-kit/include/kodi/c-api/addon-instance/pvr.h	False	False	True	True
19035	phunkyfish	2021-01-07 18:43:47	ksooo	2021-01-08 11:53:36	xbmc/addons/kodi-dev-kit/include/kodi/addon-instance/PVR.h	False	False	True	True
19035	phunkyfish	2021-01-07 18:43:47	AlwinEsch	2021-01-08 14:23:06	xbmc/pvr/guilib/PVRGUIActionListener.cpp	False	False	True	True
19035	phunkyfish	2021-01-07 18:43:47	ksooo	2021-01-08 11:53:36	xbmc/pvr/addons/PVRClients.h	False	False	True	True
19035	phunkyfish	2021-01-07 18:43:47	AlwinEsch	2021-01-08 14:23:06	xbmc/pvr/addons/PVRClients.cpp	False	False	True	True
19035	phunkyfish	2021-01-07 18:43:47	AlwinEsch	2021-01-08 14:23:06	xbmc/pvr/addons/PVRClient.cpp	False	False	True	True
19035	phunkyfish	2021-01-07 18:43:47	AlwinEsch	2021-01-08 14:23:06	xbmc/addons/kodi-dev-kit/include/kodi/versions.h	False	False	True	True
19035	phunkyfish	2021-01-07 18:43:47	AlwinEsch	2021-01-08 14:23:06	xbmc/addons/kodi-dev-kit/include/kodi/c-api/addon-instance/pvr.h	False	False	True	True
19035	phunkyfish	2021-01-07 18:43:47	AlwinEsch	2021-01-08 14:23:06	xbmc/addons/kodi-dev-kit/include/kodi/addon-instance/PVR.h	False	False	True	True
19035	phunkyfish	2021-01-07 18:43:47	ksooo	2021-01-08 13:15:16	xbmc/pvr/guilib/PVRGUIActionListener.cpp	False	False	True	True
19035	phunkyfish	2021-01-07 18:43:47	AlwinEsch	2021-01-08 14:23:06	xbmc/pvr/addons/PVRClient.h	False	False	True	True
19035	phunkyfish	2021-01-07 18:43:47	ksooo	2021-01-08 13:15:16	xbmc/pvr/addons/PVRClients.h	False	False	True	True
19034	joseluismarti	2021-01-07 14:58:46	wsnipex	2021-01-10 06:07:44	addons/skin.estuary/extras/home-images/movie.jpg	False	True	False	True
19034	joseluismarti	2021-01-07 14:58:46	wsnipex	2021-01-10 06:07:44	xbmc/Application.cpp	False	True	False	True
19034	joseluismarti	2021-01-07 14:58:46	wsnipex	2021-01-10 06:07:44	docs/doxygen/Doxyfile.doxy	False	True	False	True
19034	joseluismarti	2021-01-07 14:58:46	wsnipex	2021-01-10 06:07:44	addons/skin.estuary/language/resource.language.zh_cn/strings.po	False	True	False	True
19034	joseluismarti	2021-01-07 14:58:46	wsnipex	2021-01-10 06:07:44	addons/skin.estuary/language/resource.language.it_it/strings.po	False	True	False	True
19034	joseluismarti	2021-01-07 14:58:46	wsnipex	2021-01-10 06:07:44	addons/skin.estuary/language/resource.language.fr_fr/strings.po	False	True	False	True
19034	joseluismarti	2021-01-07 14:58:46	wsnipex	2021-01-10 06:07:44	addons/skin.estuary/language/resource.language.de_de/strings.po	False	True	False	True
19034	joseluismarti	2021-01-07 14:58:46	wsnipex	2021-01-10 06:07:44	addons/skin.estouchy/addon.xml	False	True	False	True
19034	joseluismarti	2021-01-07 14:58:46	wsnipex	2021-01-10 06:07:44	addons/skin.estuary/extras/home-images/LICENSE	False	True	False	True
19034	joseluismarti	2021-01-07 14:58:46	wsnipex	2021-01-10 06:07:44	addons/skin.estuary/addon.xml	False	True	False	True
19034	joseluismarti	2021-01-07 14:58:46	wsnipex	2021-01-10 06:07:44	addons/screensaver.xbmc.builtin.dim/resources/language/resource.language.it_it/strings.po	False	True	False	True
19034	joseluismarti	2021-01-07 14:58:46	wsnipex	2021-01-10 06:07:44	addons/screensaver.xbmc.builtin.dim/addon.xml	False	True	False	True
19034	joseluismarti	2021-01-07 14:58:46	wsnipex	2021-01-10 06:07:44	addons/resource.language.en_gb/resources/strings.po	False	True	False	True
19034	joseluismarti	2021-01-07 14:58:46	wsnipex	2021-01-10 06:07:44	xbmc/cores/VideoPlayer/DVDDemuxers/DVDDemuxFFmpeg.cpp	False	True	False	True
19034	joseluismarti	2021-01-07 14:58:46	wsnipex	2021-01-10 06:07:44	xbmc/cores/VideoPlayer/DVDCodecs/Video/DVDVideoCodecAndroidMediaCodec.cpp	False	True	False	True
19034	joseluismarti	2021-01-07 14:58:46	wsnipex	2021-01-10 06:07:44	addons/skin.estouchy/language/resource.language.sv_se/strings.po	False	True	False	True
19034	joseluismarti	2021-01-07 14:58:46	wsnipex	2021-01-10 06:07:44	xbmc/cores/VideoPlayer/DVDInputStreams/DVDInputStreamNavigator.cpp	False	True	False	True
19034	joseluismarti	2021-01-07 14:58:46	wsnipex	2021-01-10 06:07:44	xbmc/guilib/FFmpegImage.cpp	False	True	False	True
19034	joseluismarti	2021-01-07 14:58:46	wsnipex	2021-01-10 06:07:44	docs/README.Ubuntu.md	False	True	False	True
19034	joseluismarti	2021-01-07 14:58:46	wsnipex	2021-01-10 06:07:44	xbmc/rendering/dx/DeviceResources.cpp	False	True	False	True
19034	joseluismarti	2021-01-07 14:58:46	wsnipex	2021-01-10 06:07:44	xbmc/pvr/guilib/GUIEPGGridContainer.cpp	False	True	False	True
19034	joseluismarti	2021-01-07 14:58:46	wsnipex	2021-01-10 06:07:44	xbmc/platform/linux/PlatformLinux.h	False	True	False	True
19034	joseluismarti	2021-01-07 14:58:46	wsnipex	2021-01-10 06:07:44	xbmc/platform/Platform.h	False	True	False	True
19034	joseluismarti	2021-01-07 14:58:46	wsnipex	2021-01-10 06:07:44	docs/README.Ubuntu.md	True	True	False	True
19034	joseluismarti	2021-01-07 14:58:46	wsnipex	2021-01-10 06:07:44	xbmc/cores/VideoPlayer/VideoRenderers/windows/RendererBase.cpp	False	True	False	True
19034	joseluismarti	2021-01-07 14:58:46	wsnipex	2021-01-10 06:07:44	xbmc/cores/VideoPlayer/Interface/StreamInfo.h	False	True	False	True
19034	joseluismarti	2021-01-07 14:58:46	wsnipex	2021-01-10 06:07:44	xbmc/cores/VideoPlayer/VideoRenderers/RenderManager.cpp	False	True	False	True
19034	joseluismarti	2021-01-07 14:58:46	wsnipex	2021-01-10 06:07:44	xbmc/cores/VideoPlayer/DVDInputStreams/DVDInputStreamNavigator.h	False	True	False	True
19034	joseluismarti	2021-01-07 14:58:46	wsnipex	2021-01-10 06:07:44	xbmc/cores/VideoPlayer/VideoPlayer.cpp	False	True	False	True
19034	joseluismarti	2021-01-07 14:58:46	wsnipex	2021-01-10 06:07:44	xbmc/cores/VideoPlayer/VideoPlayerVideo.cpp	False	True	False	True
19033	howie-f	2021-01-07 12:51:42	phunkyfish	2021-01-15 12:04:28	xbmc/Application.h	True	True	True	True
19033	howie-f	2021-01-07 12:51:42	phunkyfish	2021-01-15 12:04:28	xbmc/Application.cpp	True	True	True	True
19033	howie-f	2021-01-07 12:51:42	phunkyfish	2021-01-15 12:04:28	xbmc/addons/AddonManager.h	True	True	True	True
19033	howie-f	2021-01-07 12:51:42	phunkyfish	2021-01-15 12:04:28	xbmc/addons/AddonManager.cpp	True	True	True	True
19033	howie-f	2021-01-07 12:51:42	ksooo	2021-01-07 17:08:23	xbmc/Application.h	True	True	True	True
19033	howie-f	2021-01-07 12:51:42	ksooo	2021-01-07 17:08:23	xbmc/Application.cpp	True	True	True	True
19033	howie-f	2021-01-07 12:51:42	ksooo	2021-01-07 17:08:23	xbmc/Application.cpp	False	True	True	True
19033	howie-f	2021-01-07 12:51:42	ksooo	2021-01-07 17:08:23	xbmc/addons/AddonManager.h	True	True	True	True
19033	howie-f	2021-01-07 12:51:42	ksooo	2021-01-07 17:08:23	xbmc/addons/AddonManager.cpp	True	True	True	True
19033	howie-f	2021-01-07 12:51:42	phunkyfish	2021-01-15 12:04:28	xbmc/Application.cpp	False	True	True	True
19032	ksooo	2021-01-06 16:15:54	phunkyfish	2021-01-06 16:20:11	xbmc/pvr/epg/Epg.cpp	True	False	False	True
19032	ksooo	2021-01-06 16:15:54	phunkyfish	2021-01-06 16:20:11	xbmc/pvr/epg/EpgContainer.cpp	True	False	False	True
19032	ksooo	2021-01-06 16:15:54	phunkyfish	2021-01-06 16:20:11	xbmc/pvr/epg/EpgContainer.h	True	False	False	True
19032	ksooo	2021-01-06 16:15:54	phunkyfish	2021-01-06 16:20:11	xbmc/pvr/epg/Epg.h	True	False	False	True
19030	wsnipex	2021-01-06 13:34:59	garbear	2021-01-07 19:45:34	xbmc/Application.cpp	True	True	True	True
19030	wsnipex	2021-01-06 13:34:59	garbear	2021-01-06 20:29:45	xbmc/Application.cpp	True	True	True	True
19030	wsnipex	2021-01-06 13:34:59	garbear	2021-01-06 20:29:45	xbmc/filesystem/CurlFile.cpp	True	True	True	True
19030	wsnipex	2021-01-06 13:34:59	garbear	2021-01-06 20:29:45	xbmc/settings/AdvancedSettings.cpp	True	True	True	True
19030	wsnipex	2021-01-06 13:34:59	arnova	2021-01-07 09:05:21	xbmc/Application.cpp	True	True	True	True
19030	wsnipex	2021-01-06 13:34:59	arnova	2021-01-07 09:05:21	xbmc/filesystem/CurlFile.cpp	True	True	True	True
19030	wsnipex	2021-01-06 13:34:59	arnova	2021-01-07 09:05:21	xbmc/settings/AdvancedSettings.cpp	True	True	True	True
19030	wsnipex	2021-01-06 13:34:59	arnova	2021-01-07 09:05:21	xbmc/settings/AdvancedSettings.h	True	True	True	True
19030	wsnipex	2021-01-06 13:34:59	garbear	2021-01-06 20:29:45	xbmc/settings/AdvancedSettings.h	True	True	True	True
19030	wsnipex	2021-01-06 13:34:59	garbear	2021-01-07 19:45:34	xbmc/filesystem/CurlFile.cpp	True	True	True	True
19030	wsnipex	2021-01-06 13:34:59	garbear	2021-01-07 19:45:34	xbmc/settings/AdvancedSettings.cpp	True	True	True	True
19030	wsnipex	2021-01-06 13:34:59	garbear	2021-01-07 19:45:34	xbmc/settings/AdvancedSettings.h	True	True	True	True
19030	wsnipex	2021-01-06 13:34:59	garbear	2021-01-06 20:58:19	xbmc/Application.cpp	True	True	True	True
19030	wsnipex	2021-01-06 13:34:59	garbear	2021-01-06 20:58:19	xbmc/filesystem/CurlFile.cpp	True	True	True	True
19030	wsnipex	2021-01-06 13:34:59	garbear	2021-01-06 20:58:19	xbmc/settings/AdvancedSettings.cpp	True	True	True	True
19030	wsnipex	2021-01-06 13:34:59	garbear	2021-01-06 20:58:19	xbmc/settings/AdvancedSettings.h	True	True	True	True
19029	scott967	2021-01-06 03:47:11	jjd-uk	2021-01-14 10:10:28	addons/skin.estuary/xml/MusicVisualisation.xml	True	True	False	True
19029	scott967	2021-01-06 03:47:11	ronie	2021-01-13 23:55:10	addons/skin.estuary/xml/MusicVisualisation.xml	True	True	False	True
19029	scott967	2021-01-06 03:47:11	ronie	2021-01-06 16:10:28	addons/skin.estuary/xml/MusicVisualisation.xml	True	True	False	True
19029	scott967	2021-01-06 03:47:11	jjd-uk	2021-01-06 11:44:37	addons/skin.estuary/xml/MusicVisualisation.xml	True	True	False	True
19026	thexai	2021-01-05 18:45:05	garbear	2021-01-06 19:35:26	xbmc/cores/VideoPlayer/VideoRenderers/DebugRenderer.cpp	True	True	True	True
19026	thexai	2021-01-05 18:45:05	garbear	2021-01-06 19:36:24	xbmc/cores/VideoPlayer/VideoRenderers/RenderManager.cpp	True	True	True	True
19026	thexai	2021-01-05 18:45:05	garbear	2021-01-06 19:36:24	xbmc/cores/VideoPlayer/VideoRenderers/DebugRenderer.h	True	True	True	True
19026	thexai	2021-01-05 18:45:05	garbear	2021-01-06 19:37:52	xbmc/cores/VideoPlayer/VideoRenderers/DebugRenderer.cpp	True	True	True	True
19026	thexai	2021-01-05 18:45:05	garbear	2021-01-06 19:37:52	xbmc/cores/VideoPlayer/VideoRenderers/DebugRenderer.h	True	True	True	True
19026	thexai	2021-01-05 18:45:05	garbear	2021-01-06 19:37:52	xbmc/cores/VideoPlayer/VideoRenderers/RenderManager.cpp	True	True	True	True
19026	thexai	2021-01-05 18:45:05	garbear	2021-01-06 19:37:52	xbmc/cores/VideoPlayer/VideoRenderers/RenderManager.h	True	True	True	True
19026	thexai	2021-01-05 18:45:05	garbear	2021-01-06 19:36:24	xbmc/cores/VideoPlayer/VideoRenderers/RenderManager.h	True	True	True	True
19026	thexai	2021-01-05 18:45:05	garbear	2021-01-06 19:35:26	xbmc/cores/VideoPlayer/VideoRenderers/DebugRenderer.h	True	True	True	True
19026	thexai	2021-01-05 18:45:05	garbear	2021-01-06 19:35:26	xbmc/cores/VideoPlayer/VideoRenderers/RenderManager.cpp	True	True	True	True
19026	thexai	2021-01-05 18:45:05	garbear	2021-01-06 19:35:26	xbmc/cores/VideoPlayer/VideoRenderers/RenderManager.h	True	True	True	True
19026	thexai	2021-01-05 18:45:05	garbear	2021-01-06 02:19:22	xbmc/cores/VideoPlayer/VideoRenderers/DebugRenderer.cpp	True	True	True	True
19026	thexai	2021-01-05 18:45:05	garbear	2021-01-06 02:19:22	xbmc/cores/VideoPlayer/VideoRenderers/DebugRenderer.h	True	True	True	True
19026	thexai	2021-01-05 18:45:05	garbear	2021-01-06 02:19:22	xbmc/cores/VideoPlayer/VideoRenderers/RenderManager.cpp	True	True	True	True
19026	thexai	2021-01-05 18:45:05	garbear	2021-01-06 02:19:22	xbmc/cores/VideoPlayer/VideoRenderers/RenderManager.h	True	True	True	True
19026	thexai	2021-01-05 18:45:05	garbear	2021-01-06 19:36:24	xbmc/cores/VideoPlayer/VideoRenderers/DebugRenderer.cpp	True	True	True	True
19020	bkuhls	2021-01-04 22:09:49	garbear	2021-01-05 22:55:26	xbmc/windowing/gbm/drm/DRMObject.cpp	True	True	True	True
19020	bkuhls	2021-01-04 22:09:49	lrusak	2021-03-02 15:59:17	xbmc/windowing/gbm/drm/DRMObject.cpp	True	True	True	True
19020	bkuhls	2021-01-04 22:09:49	lrusak	2021-01-04 22:24:22	xbmc/windowing/gbm/drm/DRMObject.cpp	True	True	True	True
19019	a-andre	2021-01-04 21:00:34	wsnipex	2021-01-05 08:04:20	tools/Linux/kodi.sh.in	True	True	False	True
19015	bkuhls	2021-01-03 14:35:17	garbear	2021-01-03 20:32:53	xbmc/guilib/GUITextureGL.cpp	True	True	False	True
19015	bkuhls	2021-01-03 14:35:17	garbear	2021-01-03 20:32:53	xbmc/cores/RetroPlayer/rendering/VideoRenderers/RPRendererOpenGL.cpp	True	True	False	True
19015	bkuhls	2021-01-03 14:35:17	lrusak	2021-01-03 20:47:35	xbmc/guilib/GUITextureGL.cpp	True	True	False	True
19015	bkuhls	2021-01-03 14:35:17	lrusak	2021-01-03 20:47:35	xbmc/cores/RetroPlayer/rendering/VideoRenderers/RPRendererOpenGL.cpp	True	True	False	True
19010	razzeee	2021-01-02 09:51:42	enen92	2021-01-02 10:04:04	xbmc/cores/VideoPlayer/VideoPlayer.cpp	False	False	True	True
19010	razzeee	2021-01-02 09:51:42	ksooo	2021-01-02 11:23:59	xbmc/cores/VideoPlayer/VideoPlayer.cpp	False	False	True	True
19009	arnova	2021-01-02 08:39:08	KarellenX	2021-01-10 22:54:17	xbmc/video/windows/GUIWindowVideoBase.cpp	True	True	False	True
19009	arnova	2021-01-02 08:39:08	KarellenX	2021-01-10 22:54:17	xbmc/video/VideoDatabase.cpp	True	True	False	True
19009	arnova	2021-01-02 08:39:08	mohdreza1358	2021-01-06 23:49:53	xbmc/video/VideoDatabase.cpp	True	True	False	True
19009	arnova	2021-01-02 08:39:08	mohdreza1358	2021-01-06 23:49:53	xbmc/video/windows/GUIWindowVideoBase.cpp	True	True	False	True
19007	ksooo	2021-01-01 18:37:32	phunkyfish	2021-01-01 19:39:06	xbmc/pvr/PVRPlaybackState.h	True	False	False	True
19007	ksooo	2021-01-01 18:37:32	phunkyfish	2021-01-01 19:39:06	xbmc/pvr/PVRPlaybackState.cpp	True	False	False	True
19007	ksooo	2021-01-01 18:37:32	phunkyfish	2021-01-01 19:39:06	xbmc/pvr/PVRManager.cpp	True	False	False	True
19005	ksooo	2021-01-01 16:19:00	phunkyfish	2021-01-01 17:14:43	xbmc/pvr/guilib/guiinfo/PVRGUIInfo.cpp	True	False	False	True
19004	enen92	2021-01-01 13:34:46	DaveTBlake	2021-01-03 10:38:55	xbmc/addons/kodi-dev-kit/doxygen/Modules/modules_python.dox	True	False	True	True
19004	enen92	2021-01-01 13:34:46	fuzzard	2021-01-02 10:00:40	docs/doxygen/Doxyfile.doxy	True	False	True	True
19004	enen92	2021-01-01 13:34:46	fuzzard	2021-01-02 10:00:40	xbmc/addons/kodi-dev-kit/doxygen/Skin/skin.dox	True	False	True	True
19004	enen92	2021-01-01 13:34:46	DaveTBlake	2021-01-03 10:38:55	docs/doxygen/Doxyfile.doxy	True	False	True	True
19004	enen92	2021-01-01 13:34:46	fuzzard	2021-01-02 10:00:40	xbmc/addons/kodi-dev-kit/doxygen/Modules/modules_python.dox	True	False	True	True
19004	enen92	2021-01-01 13:34:46	DaveTBlake	2021-01-03 10:38:55	xbmc/addons/kodi-dev-kit/doxygen/Skin/skin.dox	True	False	True	True
19004	enen92	2021-01-01 13:34:46	fuzzard	2021-01-02 03:16:24	xbmc/addons/kodi-dev-kit/doxygen/Modules/modules_python.dox	True	False	True	True
19004	enen92	2021-01-01 13:34:46	fuzzard	2021-01-02 03:16:24	xbmc/addons/kodi-dev-kit/doxygen/Skin/skin.dox	True	False	True	True
19004	enen92	2021-01-01 13:34:46	fuzzard	2021-01-02 03:16:24	docs/doxygen/Doxyfile.doxy	True	False	True	True
