pr_number	author_user_login	pr_created_at	review_user_login	review_created_at	filename	create_before_pr	has_issue_comment	has_review_comment	has_commit
2148	Memphiz	2013-01-30 22:55:16	jmarshallnz	2013-01-30 23:00:07	xbmc/osx/ios/IOSKeyboardView.h	False	True	True	True
2148	Memphiz	2013-01-30 22:55:16	jmarshallnz	2013-01-30 23:00:07	xbmc/dialogs/GUIDialogKeyboardGeneric.h	False	True	True	True
2148	Memphiz	2013-01-30 22:55:16	jmarshallnz	2013-01-30 23:00:07	xbmc/guilib/GUIKeyboard.h	False	True	True	True
2148	Memphiz	2013-01-30 22:55:16	jmarshallnz	2013-01-30 23:00:07	xbmc/guilib/GUIKeyboardFactory.cpp	False	True	True	True
2148	Memphiz	2013-01-30 22:55:16	jmarshallnz	2013-01-30 23:00:07	xbmc/dialogs/GUIDialogKeyboardGeneric.cpp	False	True	True	True
2148	Memphiz	2013-01-30 22:55:16	jmarshallnz	2013-01-30 23:00:07	xbmc/guilib/GUIKeyboardFactory.h	False	True	True	True
2148	Memphiz	2013-01-30 22:55:16	jmarshallnz	2013-01-30 23:00:07	xbmc/osx/ios/IOSKeyboard.h	False	True	True	True
2148	Memphiz	2013-01-30 22:55:16	jmarshallnz	2013-01-30 23:00:07	xbmc/osx/ios/IOSKeyboard.mm	False	True	True	True
2148	Memphiz	2013-01-30 22:55:16	jmarshallnz	2013-01-31 20:38:02	xbmc/guilib/GUIKeyboardFactory.h	False	True	True	True
2148	Memphiz	2013-01-30 22:55:16	jmarshallnz	2013-01-31 20:38:02	xbmc/dialogs/GUIDialogKeyboardGeneric.cpp	False	True	True	True
2148	Memphiz	2013-01-30 22:55:16	jmarshallnz	2013-01-31 20:38:02	xbmc/dialogs/GUIDialogKeyboardGeneric.h	False	True	True	True
2148	Memphiz	2013-01-30 22:55:16	jmarshallnz	2013-01-31 20:38:02	xbmc/guilib/GUIKeyboard.h	False	True	True	True
2148	Memphiz	2013-01-30 22:55:16	jmarshallnz	2013-01-31 20:38:02	xbmc/guilib/GUIKeyboardFactory.cpp	False	True	True	True
2148	Memphiz	2013-01-30 22:55:16	jmarshallnz	2013-01-31 20:38:02	xbmc/osx/ios/IOSKeyboard.h	False	True	True	True
2148	Memphiz	2013-01-30 22:55:16	jmarshallnz	2013-01-31 20:38:02	xbmc/osx/ios/IOSKeyboard.mm	False	True	True	True
2148	Memphiz	2013-01-30 22:55:16	jmarshallnz	2013-01-31 20:38:02	xbmc/osx/ios/IOSKeyboardView.h	False	True	True	True
2147	Fice	2013-01-30 19:13:21	jmarshallnz	2013-01-30 19:28:34	xbmc/video/dialogs/GUIDialogVideoBookmarks.h	True	True	True	True
2147	Fice	2013-01-30 19:13:21	jmarshallnz	2013-01-30 19:28:34	language/English/strings.po	False	True	True	True
2147	Fice	2013-01-30 19:13:21	jmarshallnz	2013-01-30 19:28:34	xbmc/video/dialogs/GUIDialogVideoBookmarks.cpp	False	True	True	True
2147	Fice	2013-01-30 19:13:21	jmarshallnz	2013-01-30 19:28:34	xbmc/Application.cpp	True	True	True	True
2147	Fice	2013-01-30 19:13:21	jmarshallnz	2013-01-30 19:28:34	xbmc/guilib/Key.h	True	True	True	True
2147	Fice	2013-01-30 19:13:21	jmarshallnz	2013-01-30 19:28:34	xbmc/input/ButtonTranslator.cpp	True	True	True	True
2147	Fice	2013-01-30 19:13:21	jmarshallnz	2013-01-30 19:28:34	xbmc/video/dialogs/GUIDialogVideoBookmarks.cpp	True	True	True	True
2147	Fice	2013-01-30 19:13:21	jmarshallnz	2013-01-30 19:25:39	xbmc/Application.cpp	True	True	True	True
2147	Fice	2013-01-30 19:13:21	jmarshallnz	2013-01-30 19:25:39	language/English/strings.po	False	True	True	True
2147	Fice	2013-01-30 19:13:21	jmarshallnz	2013-01-30 19:25:39	xbmc/video/dialogs/GUIDialogVideoBookmarks.cpp	False	True	True	True
2147	Fice	2013-01-30 19:13:21	jmarshallnz	2013-01-30 19:25:39	xbmc/guilib/Key.h	True	True	True	True
2147	Fice	2013-01-30 19:13:21	jmarshallnz	2013-01-30 19:25:39	xbmc/input/ButtonTranslator.cpp	True	True	True	True
2147	Fice	2013-01-30 19:13:21	jmarshallnz	2013-01-30 19:25:39	xbmc/video/dialogs/GUIDialogVideoBookmarks.cpp	True	True	True	True
2147	Fice	2013-01-30 19:13:21	jmarshallnz	2013-01-30 19:25:39	xbmc/video/dialogs/GUIDialogVideoBookmarks.h	True	True	True	True
2128	Paxxi	2013-01-27 18:33:01	Voyager1	2013-02-03 19:50:50	lib/libdvd/patches/libdvdread.diff	False	True	True	True
2128	Paxxi	2013-01-27 18:33:01	Voyager1	2013-02-03 19:50:50	lib/libdvd/patches/cores.diff	False	True	True	True
2128	Paxxi	2013-01-27 18:33:01	Voyager1	2013-02-03 19:50:50	lib/libdvd/patches/libdvdcss.diff	False	True	True	True
2128	Paxxi	2013-01-27 18:33:01	Voyager1	2013-02-03 19:50:50	lib/libdvd/patches/libdvdnav.diff	False	True	True	True
2128	Paxxi	2013-01-27 18:33:01	Voyager1	2013-02-03 19:47:43	lib/libdvd/patches/cores.diff	False	True	True	True
2128	Paxxi	2013-01-27 18:33:01	Voyager1	2013-02-03 19:47:43	lib/libdvd/patches/libdvdcss.diff	False	True	True	True
2128	Paxxi	2013-01-27 18:33:01	Voyager1	2013-02-03 19:47:43	lib/libdvd/patches/libdvdnav.diff	False	True	True	True
2128	Paxxi	2013-01-27 18:33:01	Voyager1	2013-02-03 19:47:43	lib/libdvd/patches/libdvdread.diff	False	True	True	True
2127	elupus	2013-01-27 17:49:02	FernetMenta	2013-01-28 08:47:59	xbmc/pvr/addons/PVRClient.cpp	False	True	True	True
2127	elupus	2013-01-27 17:49:02	FernetMenta	2013-01-28 08:47:59	xbmc/cores/dvdplayer/DVDMessage.h	True	True	True	True
2127	elupus	2013-01-27 17:49:02	FernetMenta	2013-01-28 08:47:59	xbmc/cores/dvdplayer/DVDPlayer.cpp	True	True	True	True
2127	elupus	2013-01-27 17:49:02	FernetMenta	2013-01-28 08:47:59	xbmc/cores/dvdplayer/DVDPlayer.h	True	True	True	True
2127	elupus	2013-01-27 17:49:02	FernetMenta	2013-01-28 08:47:59	xbmc/cores/dvdplayer/DVDPlayerAudio.cpp	True	True	True	True
2127	elupus	2013-01-27 17:49:02	FernetMenta	2013-01-28 08:47:59	xbmc/cores/dvdplayer/DVDPlayerVideo.cpp	True	True	True	True
2127	elupus	2013-01-27 17:49:02	FernetMenta	2013-01-28 08:47:10	xbmc/cores/dvdplayer/DVDPlayerAudio.cpp	True	True	True	True
2127	elupus	2013-01-27 17:49:02	FernetMenta	2013-01-28 08:47:10	xbmc/cores/dvdplayer/DVDMessage.h	True	True	True	True
2127	elupus	2013-01-27 17:49:02	FernetMenta	2013-01-28 08:47:10	xbmc/cores/dvdplayer/DVDPlayer.cpp	True	True	True	True
2127	elupus	2013-01-27 17:49:02	FernetMenta	2013-01-28 08:47:10	xbmc/cores/dvdplayer/DVDPlayer.h	True	True	True	True
2127	elupus	2013-01-27 17:49:02	FernetMenta	2013-01-28 08:47:10	xbmc/cores/dvdplayer/DVDPlayerVideo.cpp	True	True	True	True
2127	elupus	2013-01-27 17:49:02	FernetMenta	2013-01-28 08:47:10	xbmc/pvr/addons/PVRClient.cpp	False	True	True	True
2107	FernetMenta	2013-01-23 09:07:50	elupus	2013-01-27 14:24:18	xbmc/cores/dvdplayer/DVDPlayer.h	False	True	True	True
2107	FernetMenta	2013-01-23 09:07:50	elupus	2013-01-26 15:25:20	xbmc/cores/dvdplayer/DVDInputStreams/DVDInputStream.h	False	True	True	True
2107	FernetMenta	2013-01-23 09:07:50	elupus	2013-01-26 15:25:20	xbmc/cores/dvdplayer/DVDMessage.h	False	True	True	True
2107	FernetMenta	2013-01-23 09:07:50	elupus	2013-01-26 15:25:20	xbmc/cores/dvdplayer/DVDPlayer.cpp	False	True	True	True
2107	FernetMenta	2013-01-23 09:07:50	elupus	2013-01-26 15:25:20	xbmc/cores/dvdplayer/DVDPlayer.h	False	True	True	True
2107	FernetMenta	2013-01-23 09:07:50	elupus	2013-01-26 15:25:20	xbmc/cores/dvdplayer/DVDPlayerAudio.cpp	False	True	True	True
2107	FernetMenta	2013-01-23 09:07:50	elupus	2013-01-26 15:25:20	xbmc/cores/dvdplayer/DVDPlayerVideo.cpp	False	True	True	True
2107	FernetMenta	2013-01-23 09:07:50	elupus	2013-01-27 14:24:18	xbmc/cores/dvdplayer/DVDInputStreams/DVDInputStream.h	False	True	True	True
2107	FernetMenta	2013-01-23 09:07:50	elupus	2013-01-27 14:24:18	xbmc/cores/dvdplayer/DVDMessage.h	False	True	True	True
2107	FernetMenta	2013-01-23 09:07:50	elupus	2013-01-27 14:24:18	xbmc/cores/dvdplayer/DVDPlayer.cpp	False	True	True	True
2107	FernetMenta	2013-01-23 09:07:50	elupus	2013-01-27 14:24:18	xbmc/cores/dvdplayer/DVDPlayerVideo.cpp	False	True	True	True
2107	FernetMenta	2013-01-23 09:07:50	elupus	2013-01-27 14:25:21	xbmc/cores/dvdplayer/DVDInputStreams/DVDInputStream.h	False	True	True	True
2107	FernetMenta	2013-01-23 09:07:50	elupus	2013-01-27 14:25:21	xbmc/cores/dvdplayer/DVDMessage.h	False	True	True	True
2107	FernetMenta	2013-01-23 09:07:50	elupus	2013-01-27 14:25:21	xbmc/cores/dvdplayer/DVDPlayer.cpp	False	True	True	True
2107	FernetMenta	2013-01-23 09:07:50	elupus	2013-01-27 14:25:21	xbmc/cores/dvdplayer/DVDPlayer.h	False	True	True	True
2107	FernetMenta	2013-01-23 09:07:50	elupus	2013-01-27 14:25:21	xbmc/cores/dvdplayer/DVDPlayerAudio.cpp	False	True	True	True
2107	FernetMenta	2013-01-23 09:07:50	elupus	2013-01-27 14:25:21	xbmc/cores/dvdplayer/DVDPlayerVideo.cpp	False	True	True	True
2107	FernetMenta	2013-01-23 09:07:50	elupus	2013-01-27 14:24:18	xbmc/cores/dvdplayer/DVDPlayerAudio.cpp	False	True	True	True
2098	mcrosson	2013-01-21 21:59:33	Montellese	2013-01-22 09:30:18	xbmc/cores/AudioEngine/Sinks/AESinkAUDIOTRACK.h	False	True	True	True
2098	mcrosson	2013-01-21 21:59:33	Montellese	2013-01-22 09:30:18	xbmc/cores/AudioEngine/Utils/AEUtil.h	False	True	True	True
2098	mcrosson	2013-01-21 21:59:33	Montellese	2013-01-22 09:30:18	xbmc/cores/AudioEngine/Sinks/AESinkAUDIOTRACK.cpp	False	True	True	True
2098	mcrosson	2013-01-21 21:59:33	Montellese	2013-01-22 09:30:18	xbmc/android/activity/XBMCApp.h	False	True	True	True
2098	mcrosson	2013-01-21 21:59:33	Montellese	2013-01-22 09:30:18	xbmc/android/activity/XBMCApp.cpp	False	True	True	True
2098	mcrosson	2013-01-21 21:59:33	Montellese	2013-01-22 09:30:18	xbmc/Application.cpp	False	True	True	True
2086	elupus	2013-01-16 21:11:55	jmarshallnz	2013-01-22 05:54:21	xbmc/cores/dvdplayer/DVDInputStreams/DVDInputStream.h	False	True	True	True
2086	elupus	2013-01-16 21:11:55	jmarshallnz	2013-01-22 05:54:21	xbmc/cores/dvdplayer/DVDInputStreams/DVDInputStreamNavigator.h	False	True	True	True
2086	elupus	2013-01-16 21:11:55	jmarshallnz	2013-01-22 05:54:39	xbmc/cores/dvdplayer/DVDInputStreams/DVDInputStream.h	False	True	True	True
2086	elupus	2013-01-16 21:11:55	jmarshallnz	2013-01-22 05:54:21	xbmc/cores/IPlayer.h	False	True	True	True
2086	elupus	2013-01-16 21:11:55	jmarshallnz	2013-01-22 05:54:21	xbmc/guilib/Geometry.h	False	True	True	True
2086	elupus	2013-01-16 21:11:55	jmarshallnz	2013-01-22 05:54:21	xbmc/guilib/GUITextureGL.cpp	False	True	True	True
2086	elupus	2013-01-16 21:11:55	jmarshallnz	2013-01-22 05:54:39	xbmc/guilib/GUITextureGL.cpp	False	True	True	True
2086	elupus	2013-01-16 21:11:55	jmarshallnz	2013-01-22 05:54:39	xbmc/cores/IPlayer.h	False	True	True	True
2086	elupus	2013-01-16 21:11:55	jmarshallnz	2013-01-22 05:54:39	xbmc/cores/dvdplayer/DVDInputStreams/DVDInputStreamNavigator.h	False	True	True	True
2086	elupus	2013-01-16 21:11:55	jmarshallnz	2013-01-22 05:54:39	xbmc/guilib/Geometry.h	False	True	True	True
2072	Montellese	2013-01-13 22:32:28	jmarshallnz	2013-10-13 14:44:18	xbmc/interfaces/json-rpc/methods.json	False	True	True	True
2072	Montellese	2013-01-13 22:32:28	jmarshallnz	2013-10-13 14:44:18	xbmc/interfaces/json-rpc/ServiceDescription.h	False	True	True	True
2072	Montellese	2013-01-13 22:32:28	jmarshallnz	2013-10-13 14:44:18	xbmc/interfaces/json-rpc/AddonsOperations.cpp	False	True	True	True
2072	Montellese	2013-01-13 22:32:28	jmarshallnz	2013-10-13 14:44:18	xbmc/interfaces/Builtins.cpp	False	True	True	True
2060	mcrosson	2013-01-10 01:35:13	Montellese	2013-01-10 07:50:07	xbmc/interfaces/Builtins.cpp	True	True	True	True
2060	mcrosson	2013-01-10 01:35:13	Montellese	2013-01-10 07:50:07	xbmc/android/activity/XBMCApp.h	True	True	True	True
2060	mcrosson	2013-01-10 01:35:13	Montellese	2013-01-10 07:50:07	xbmc/android/activity/XBMCApp.cpp	True	True	True	True
2059	mcrosson	2013-01-10 01:33:38	Montellese	2013-01-10 07:37:36	xbmc/cores/ExternalPlayer/ExternalPlayer.cpp	True	True	True	True
2059	mcrosson	2013-01-10 01:33:38	Montellese	2013-01-10 07:37:36	xbmc/cores/ExternalPlayer/ExternalPlayer.h	True	True	True	True
2059	mcrosson	2013-01-10 01:33:38	Montellese	2013-01-10 07:32:39	xbmc/android/activity/XBMCApp.h	True	True	True	True
2059	mcrosson	2013-01-10 01:33:38	Montellese	2013-01-10 07:37:36	xbmc/android/activity/XBMCApp.h	True	True	True	True
2059	mcrosson	2013-01-10 01:33:38	Montellese	2013-01-10 07:37:36	xbmc/android/activity/XBMCApp.cpp	True	True	True	True
2059	mcrosson	2013-01-10 01:33:38	Montellese	2013-01-10 07:32:39	xbmc/android/activity/XBMCApp.cpp	True	True	True	True
2059	mcrosson	2013-01-10 01:33:38	Montellese	2013-01-10 07:34:56	xbmc/cores/ExternalPlayer/ExternalPlayer.h	True	True	True	True
2059	mcrosson	2013-01-10 01:33:38	Montellese	2013-01-10 07:32:39	xbmc/cores/ExternalPlayer/ExternalPlayer.cpp	True	True	True	True
2059	mcrosson	2013-01-10 01:33:38	Montellese	2013-01-10 07:34:56	xbmc/android/activity/XBMCApp.cpp	True	True	True	True
2059	mcrosson	2013-01-10 01:33:38	Montellese	2013-01-10 07:34:56	xbmc/android/activity/XBMCApp.h	True	True	True	True
2059	mcrosson	2013-01-10 01:33:38	Montellese	2013-01-10 07:34:56	xbmc/cores/ExternalPlayer/ExternalPlayer.cpp	True	True	True	True
2059	mcrosson	2013-01-10 01:33:38	Montellese	2013-01-10 07:32:39	xbmc/cores/ExternalPlayer/ExternalPlayer.h	True	True	True	True
2056	skywalker666	2013-01-09 11:56:03	opdenkamp	2013-01-10 00:10:19	xbmc/pvr/PVRDatabase.cpp	True	False	True	True
2037	jmarshallnz	2013-01-07 04:20:40	arnova	2013-01-07 07:26:10	xbmc/guilib/GUITextLayout.cpp	True	True	True	True
2036	avmedia	2013-01-07 03:13:15	elupus	2013-08-01 16:56:58	xbmc/video/windows/GUIWindowVideoBase.h	True	True	True	True
2036	avmedia	2013-01-07 03:13:15	elupus	2013-08-01 16:56:58	xbmc/video/windows/GUIWindowVideoBase.cpp	True	True	True	True
2036	avmedia	2013-01-07 03:13:15	elupus	2013-08-01 16:57:49	xbmc/video/windows/GUIWindowVideoBase.h	True	True	True	True
2036	avmedia	2013-01-07 03:13:15	elupus	2013-08-01 16:57:49	xbmc/video/windows/GUIWindowVideoBase.cpp	True	True	True	True
2027	nemphys	2013-01-05 11:07:37	MartijnKaijser	2013-01-05 11:31:20	xbmc/pvr/PVRManager.h	True	True	True	True
2027	nemphys	2013-01-05 11:07:37	MartijnKaijser	2013-01-05 11:31:20	language/English/strings.po	False	True	True	True
2027	nemphys	2013-01-05 11:07:37	MartijnKaijser	2013-01-05 11:31:20	language/English/strings.po	True	True	True	True
2027	nemphys	2013-01-05 11:07:37	MartijnKaijser	2013-01-05 11:31:20	xbmc/pvr/PVRManager.cpp	True	True	True	True
2027	nemphys	2013-01-05 11:07:37	MartijnKaijser	2013-01-05 11:31:20	xbmc/pvr/channels/PVRChannelGroup.cpp	True	True	True	True
2027	nemphys	2013-01-05 11:07:37	MartijnKaijser	2013-01-05 11:31:20	xbmc/pvr/channels/PVRChannelGroup.h	True	True	True	True
2027	nemphys	2013-01-05 11:07:37	MartijnKaijser	2013-01-05 11:31:20	xbmc/pvr/channels/PVRChannelGroupsContainer.cpp	True	True	True	True
2027	nemphys	2013-01-05 11:07:37	MartijnKaijser	2013-01-05 11:31:20	xbmc/settings/GUIWindowSettingsCategory.cpp	True	True	True	True
