pr_number	author_user_login	pr_created_at	commit_user_login	commit_created_at	commit_status_total	commit_status_additions	commit_status_deletions	create_before_pr	is_review_commit
1064	arnova	2012-06-12 18:35:19	arnova	2012-06-12 15:25:09	22	20	2	True	True
1064	arnova	2012-06-12 18:35:19	arnova	2012-06-12 18:25:50	7	5	2	True	True
1064	arnova	2012-06-12 18:35:19	arnova	2012-06-20 14:12:22	8	3	5	False	True
1064	arnova	2012-06-12 18:35:19	arnova	2012-06-12 17:50:27	11	10	1	True	True
1064	arnova	2012-06-12 18:35:19	arnova	2012-06-20 09:22:02	34	21	13	False	True
1064	arnova	2012-06-12 18:35:19	arnova	2012-06-18 16:11:34	16	10	6	False	True
1064	arnova	2012-06-12 18:35:19	arnova	2012-06-12 17:58:36	5	5	0	True	True
1060	maysl	2012-06-11 10:29:27	maysl	2012-06-12 12:20:14	10	5	5	False	True
1060	maysl	2012-06-11 10:29:27	maysl	2012-06-14 19:03:30	82	44	38	False	True
1060	maysl	2012-06-11 10:29:27	maysl	2012-07-05 23:34:31	8	4	4	False	True
1060	maysl	2012-06-11 10:29:27	maysl	2012-06-16 12:36:18	2	1	1	False	True
1060	maysl	2012-06-11 10:29:27	maysl	2012-04-11 18:39:32	3073	3072	1	True	True
1060	maysl	2012-06-11 10:29:27	maysl	2012-06-12 10:10:02	72	32	40	False	True
1060	maysl	2012-06-11 10:29:27	maysl	2012-06-12 10:07:52	325	325	0	False	True
1060	maysl	2012-06-11 10:29:27	maysl	2012-06-12 09:05:51	7	4	3	False	True
1054	jmarshallnz	2012-06-08 04:19:05	jmarshallnz	2012-06-08 02:59:12	176	97	79	True	True
1045	DDDamian	2012-06-04 15:36:01	DDDamian	2012-06-04 01:09:48	158	157	1	True	True
1040	night199uk	2012-06-03 09:17:27	night199uk	2012-06-06 13:30:33	71	59	12	False	True
1040	night199uk	2012-06-03 09:17:27	jmarshallnz	2012-06-21 01:26:38	1	1	0	False	True
1040	night199uk	2012-06-03 09:17:27	night199uk	2012-06-17 08:27:15	58	39	19	False	True
1040	night199uk	2012-06-03 09:17:27	night199uk	2012-07-02 05:05:20	120	0	120	False	True
1040	night199uk	2012-06-03 09:17:27	night199uk	2012-06-10 05:45:24	24	21	3	False	True
1040	night199uk	2012-06-03 09:17:27	night199uk	2012-06-05 16:28:20	59	39	20	False	True
1040	night199uk	2012-06-03 09:17:27	night199uk	2012-06-09 03:47:59	182	104	78	False	True
1040	night199uk	2012-06-03 09:17:27	night199uk	2012-06-08 17:43:52	2	1	1	False	True
1040	night199uk	2012-06-03 09:17:27	jmarshallnz	2012-06-21 05:33:07	239	108	131	False	True
1040	night199uk	2012-06-03 09:17:27	jmarshallnz	2012-06-21 00:55:24	281	128	153	False	True
1040	night199uk	2012-06-03 09:17:27	jmarshallnz	2012-06-21 00:55:51	141	141	0	False	True
1040	night199uk	2012-06-03 09:17:27	jmarshallnz	2012-06-21 01:14:37	255	116	139	False	True
