pr_number	author_user_login	pr_created_at	review_comment_user_login	review_comment_created_at	is_review_review_comment
549	jimfcarroll	2011-11-27 20:36:12	elupus	2011-11-28 12:29:27	True
549	jimfcarroll	2011-11-27 20:36:12	elupus	2011-11-28 12:28:59	True
536	jhsrennie	2011-11-16 11:47:51	opdenkamp	2011-11-16 11:56:02	True
536	jhsrennie	2011-11-16 11:47:51	opdenkamp	2011-11-16 11:54:11	True
536	jhsrennie	2011-11-16 11:47:51	opdenkamp	2011-11-17 11:59:33	True
536	jhsrennie	2011-11-16 11:47:51	opdenkamp	2011-11-17 11:59:57	True
536	jhsrennie	2011-11-16 11:47:51	opdenkamp	2011-11-16 11:59:08	True
536	jhsrennie	2011-11-16 11:47:51	opdenkamp	2011-11-16 11:59:36	True
536	jhsrennie	2011-11-16 11:47:51	opdenkamp	2011-11-16 12:02:23	True
536	jhsrennie	2011-11-16 11:47:51	opdenkamp	2011-11-16 11:57:43	True
536	jhsrennie	2011-11-16 11:47:51	opdenkamp	2011-11-16 11:55:33	True
521	CrystalP	2011-11-03 03:10:47	elupus	2011-11-05 13:40:50	True
521	CrystalP	2011-11-03 03:10:47	elupus	2011-11-04 13:56:49	True
521	CrystalP	2011-11-03 03:10:47	elupus	2011-11-05 13:54:03	True
521	CrystalP	2011-11-03 03:10:47	elupus	2011-11-03 09:44:23	True
521	CrystalP	2011-11-03 03:10:47	elupus	2011-11-03 09:46:16	True
521	CrystalP	2011-11-03 03:10:47	elupus	2011-11-03 09:42:56	True
521	CrystalP	2011-11-03 03:10:47	elupus	2011-11-04 07:36:46	True
521	CrystalP	2011-11-03 03:10:47	elupus	2011-11-04 13:55:20	True
