pr_number	author_user_login	pr_created_at	review_user_login	review_created_at	filename	create_before_pr	has_issue_comment	has_review_comment	has_commit
77	HarryMuscle	2011-03-23 02:12:45	elupus	2011-05-22 16:53:28	xbmc/utils/URIUtils.cpp	True	True	True	True
77	HarryMuscle	2011-03-23 02:12:45	elupus	2011-05-22 16:53:28	xbmc/filesystem/Slingbox.h	True	True	True	True
77	HarryMuscle	2011-03-23 02:12:45	elupus	2011-05-22 16:53:28	xbmc/filesystem/Slingbox.cpp	True	True	True	True
77	HarryMuscle	2011-03-23 02:12:45	elupus	2011-05-22 16:53:28	xbmc/filesystem/FileFactory.cpp	True	True	True	True
77	HarryMuscle	2011-03-23 02:12:45	elupus	2011-05-22 16:53:28	xbmc/filesystem/FactoryDirectory.cpp	True	True	True	True
77	HarryMuscle	2011-03-23 02:12:45	elupus	2011-05-22 16:53:28	xbmc/cores/dvdplayer/DVDInputStreams/DVDInputStreamTV.cpp	True	True	True	True
77	HarryMuscle	2011-03-23 02:12:45	elupus	2011-05-22 16:53:28	xbmc/Util.cpp	True	True	True	True
77	HarryMuscle	2011-03-23 02:12:45	elupus	2011-05-22 16:53:28	xbmc/FileItem.h	True	True	True	True
77	HarryMuscle	2011-03-23 02:12:45	elupus	2011-05-22 16:53:28	xbmc/FileItem.cpp	True	True	True	True
77	HarryMuscle	2011-03-23 02:12:45	elupus	2011-05-22 16:53:28	lib/SlingboxLib/SlingboxLib.h	True	True	True	True
77	HarryMuscle	2011-03-23 02:12:45	elupus	2011-05-22 16:53:28	lib/SlingboxLib/SlingboxLib.cpp	True	True	True	True
77	HarryMuscle	2011-03-23 02:12:45	elupus	2011-05-22 16:53:28	project/VS2010Express/XBMC.vcxproj.filters	True	True	True	True
77	HarryMuscle	2011-03-23 02:12:45	elupus	2011-05-22 16:53:28	project/VS2010Express/XBMC.vcxproj	True	True	True	True
77	HarryMuscle	2011-03-23 02:12:45	elupus	2011-05-22 16:53:28	xbmc/filesystem/Makefile.in	False	True	True	True
77	HarryMuscle	2011-03-23 02:12:45	elupus	2011-05-22 16:53:28	lib/SlingboxLib/Makefile	False	True	True	True
77	HarryMuscle	2011-03-23 02:12:45	elupus	2011-05-22 16:53:28	Makefile.in	False	True	True	True
77	HarryMuscle	2011-03-23 02:12:45	elupus	2011-05-22 16:54:46	Makefile.in	False	True	True	True
77	HarryMuscle	2011-03-23 02:12:45	elupus	2011-05-22 16:53:28	xbmc/utils/URIUtils.h	True	True	True	True
77	HarryMuscle	2011-03-23 02:12:45	elupus	2011-05-22 16:53:28	xbmc/cores/dvdplayer/DVDInputStreams/DVDFactoryInputStream.cpp	True	True	True	True
77	HarryMuscle	2011-03-23 02:12:45	elupus	2011-05-22 16:54:46	lib/SlingboxLib/Makefile	False	True	True	True
77	HarryMuscle	2011-03-23 02:12:45	elupus	2011-05-22 16:54:46	xbmc/cores/dvdplayer/DVDInputStreams/DVDFactoryInputStream.cpp	True	True	True	True
77	HarryMuscle	2011-03-23 02:12:45	elupus	2011-05-22 16:54:46	xbmc/utils/URIUtils.h	True	True	True	True
77	HarryMuscle	2011-03-23 02:12:45	elupus	2011-05-22 16:54:46	xbmc/utils/URIUtils.cpp	True	True	True	True
77	HarryMuscle	2011-03-23 02:12:45	elupus	2011-05-22 16:54:46	xbmc/filesystem/Slingbox.h	True	True	True	True
77	HarryMuscle	2011-03-23 02:12:45	elupus	2011-05-22 16:54:46	xbmc/filesystem/Slingbox.cpp	True	True	True	True
77	HarryMuscle	2011-03-23 02:12:45	elupus	2011-05-22 16:54:46	xbmc/filesystem/FileFactory.cpp	True	True	True	True
77	HarryMuscle	2011-03-23 02:12:45	elupus	2011-05-22 16:54:46	xbmc/filesystem/FactoryDirectory.cpp	True	True	True	True
77	HarryMuscle	2011-03-23 02:12:45	elupus	2011-05-22 16:54:46	xbmc/cores/dvdplayer/DVDInputStreams/DVDInputStreamTV.cpp	True	True	True	True
77	HarryMuscle	2011-03-23 02:12:45	elupus	2011-05-22 16:54:46	xbmc/Util.cpp	True	True	True	True
77	HarryMuscle	2011-03-23 02:12:45	elupus	2011-05-22 16:54:46	xbmc/FileItem.h	True	True	True	True
77	HarryMuscle	2011-03-23 02:12:45	elupus	2011-05-22 16:54:46	xbmc/filesystem/Makefile.in	False	True	True	True
77	HarryMuscle	2011-03-23 02:12:45	elupus	2011-05-22 16:54:46	xbmc/FileItem.cpp	True	True	True	True
77	HarryMuscle	2011-03-23 02:12:45	elupus	2011-05-22 16:54:46	lib/SlingboxLib/SlingboxLib.h	True	True	True	True
77	HarryMuscle	2011-03-23 02:12:45	elupus	2011-05-22 16:54:46	lib/SlingboxLib/SlingboxLib.cpp	True	True	True	True
77	HarryMuscle	2011-03-23 02:12:45	elupus	2011-05-22 16:54:46	project/VS2010Express/XBMC.vcxproj.filters	True	True	True	True
77	HarryMuscle	2011-03-23 02:12:45	elupus	2011-05-22 16:54:46	project/VS2010Express/XBMC.vcxproj	True	True	True	True
64	AWilco	2011-03-13 21:59:16	Montellese	2011-09-10 09:59:34	xbmc/Application.cpp	False	True	True	True
64	AWilco	2011-03-13 21:59:16	Montellese	2011-09-03 20:59:23	xbmc/Application.cpp	False	True	True	True
64	AWilco	2011-03-13 21:59:16	Montellese	2011-09-03 20:59:23	xbmc/ApplicationMessenger.cpp	False	True	True	True
64	AWilco	2011-03-13 21:59:16	Montellese	2011-09-10 09:59:34	xbmc/ApplicationMessenger.cpp	False	True	True	True
