pr_number	author_user_login	pr_created_at	review_comment_user_login	review_comment_created_at	is_review_review_comment
120	jhsrennie	2011-04-27 17:22:14	elupus	2011-04-27 20:40:23	True
120	jhsrennie	2011-04-27 17:22:14	elupus	2011-04-27 20:45:17	True
115	slash2009	2011-04-25 15:17:22	Montellese	2011-04-25 16:33:45	True
115	slash2009	2011-04-25 15:17:22	Montellese	2011-04-25 16:42:51	True
115	slash2009	2011-04-25 15:17:22	Montellese	2011-04-25 16:42:07	True
115	slash2009	2011-04-25 15:17:22	Montellese	2011-04-25 16:37:53	True
115	slash2009	2011-04-25 15:17:22	Montellese	2011-04-25 16:34:01	True
115	slash2009	2011-04-25 15:17:22	Montellese	2011-05-05 06:36:09	True
115	slash2009	2011-04-25 15:17:22	Montellese	2011-05-05 06:33:43	True
115	slash2009	2011-04-25 15:17:22	Montellese	2011-05-05 06:36:41	True
115	slash2009	2011-04-25 15:17:22	Montellese	2011-04-25 16:32:51	True
115	slash2009	2011-04-25 15:17:22	Montellese	2011-05-05 06:37:02	True
109	ghost	2011-04-18 12:43:14	elupus	2011-04-23 09:46:05	True
109	ghost	2011-04-18 12:43:14	elupus	2011-04-23 09:45:19	True
107	ghost	2011-04-17 11:44:53	elupus	2012-04-10 23:44:52	True
