pr_number	author_user_login	pr_created_at	review_user_login	review_created_at	filename	create_before_pr	has_issue_comment	has_review_comment	has_commit
1868	s7mx1	2012-11-30 20:26:34	arnova	2012-12-27 12:09:48	xbmc/cores/AudioEngine/Engines/PulseAE/PulseAEStream.cpp	True	True	True	True
1868	s7mx1	2012-11-30 20:26:34	arnova	2012-12-27 12:09:48	xbmc/cores/AudioEngine/Engines/PulseAE/PulseAE.cpp	False	True	True	True
1868	s7mx1	2012-11-30 20:26:34	arnova	2012-12-27 12:09:48	xbmc/cores/AudioEngine/Utils/AEUtil.h	True	True	True	True
1868	s7mx1	2012-11-30 20:26:34	arnova	2012-12-27 12:09:48	xbmc/cores/AudioEngine/Engines/PulseAE/PulseAEStream.cpp	False	True	True	True
1868	s7mx1	2012-11-30 20:26:34	arnova	2012-12-27 12:09:48	xbmc/cores/AudioEngine/Engines/PulseAE/PulseAESound.cpp	True	True	True	True
1868	s7mx1	2012-11-30 20:26:34	arnova	2012-12-27 12:09:48	xbmc/cores/AudioEngine/Engines/PulseAE/PulseAESound.cpp	False	True	True	True
1868	s7mx1	2012-11-30 20:26:34	arnova	2012-12-27 12:09:48	xbmc/cores/AudioEngine/Engines/PulseAE/PulseAE.h	False	True	True	True
1868	s7mx1	2012-11-30 20:26:34	arnova	2012-12-20 11:24:43	xbmc/cores/AudioEngine/Utils/AEUtil.h	True	True	True	True
1868	s7mx1	2012-11-30 20:26:34	arnova	2012-12-20 11:24:43	xbmc/cores/AudioEngine/Engines/PulseAE/PulseAESound.cpp	False	True	True	True
1868	s7mx1	2012-11-30 20:26:34	arnova	2012-12-20 11:24:43	xbmc/cores/AudioEngine/Engines/PulseAE/PulseAEStream.cpp	True	True	True	True
1868	s7mx1	2012-11-30 20:26:34	arnova	2012-12-20 11:24:43	xbmc/cores/AudioEngine/Engines/PulseAE/PulseAESound.cpp	True	True	True	True
1868	s7mx1	2012-11-30 20:26:34	arnova	2012-12-20 11:24:43	xbmc/cores/AudioEngine/Engines/PulseAE/PulseAE.cpp	False	True	True	True
1868	s7mx1	2012-11-30 20:26:34	arnova	2012-12-20 11:24:43	xbmc/cores/AudioEngine/Engines/PulseAE/PulseAE.h	False	True	True	True
1868	s7mx1	2012-11-30 20:26:34	arnova	2012-12-20 11:24:43	xbmc/cores/AudioEngine/Engines/PulseAE/PulseAEStream.cpp	False	True	True	True
1852	Montellese	2012-11-28 08:49:45	jmarshallnz	2012-11-29 07:36:48	xbmc/windows/GUIWindowHome.cpp	True	False	True	True
1852	Montellese	2012-11-28 08:49:45	jmarshallnz	2012-11-29 07:36:27	xbmc/windows/GUIWindowHome.cpp	True	False	True	True
1852	Montellese	2012-11-28 08:49:45	jmarshallnz	2012-11-29 07:36:27	xbmc/windows/GUIWindowHome.h	True	False	True	True
1852	Montellese	2012-11-28 08:49:45	jmarshallnz	2012-11-29 07:36:48	xbmc/windows/GUIWindowHome.h	True	False	True	True
1850	mikrohard	2012-11-27 08:23:59	Montellese	2012-11-27 08:27:21	xbmc/android/activity/XBMCApp.cpp	False	True	True	True
1840	Montellese	2012-11-24 14:17:08	jmarshallnz	2012-11-25 05:28:42	xbmc/interfaces/json-rpc/types.json	True	True	True	True
1840	Montellese	2012-11-24 14:17:08	jmarshallnz	2012-11-25 05:28:42	xbmc/interfaces/json-rpc/AudioLibrary.cpp	False	True	True	True
1840	Montellese	2012-11-24 14:17:08	jmarshallnz	2012-11-25 05:28:42	xbmc/interfaces/json-rpc/types.json	False	True	True	True
1840	Montellese	2012-11-24 14:17:08	jmarshallnz	2012-11-25 05:28:42	xbmc/music/MusicDatabase.cpp	False	True	True	True
1840	Montellese	2012-11-24 14:17:08	jmarshallnz	2012-11-25 05:28:42	xbmc/music/MusicDatabase.h	False	True	True	True
1840	Montellese	2012-11-24 14:17:08	jmarshallnz	2012-11-25 05:28:42	xbmc/music/tags/MusicInfoTag.cpp	False	True	True	True
1840	Montellese	2012-11-24 14:17:08	jmarshallnz	2012-11-25 05:28:42	xbmc/interfaces/json-rpc/AudioLibrary.cpp	True	True	True	True
1840	Montellese	2012-11-24 14:17:08	jmarshallnz	2012-11-25 05:28:42	xbmc/interfaces/json-rpc/ServiceDescription.h	True	True	True	True
1840	Montellese	2012-11-24 14:17:08	jmarshallnz	2012-11-25 05:28:42	xbmc/interfaces/json-rpc/ServiceDescription.h	False	True	True	True
1840	Montellese	2012-11-24 14:17:08	jmarshallnz	2012-11-25 05:28:42	xbmc/interfaces/json-rpc/AudioLibrary.h	True	True	True	True
1840	Montellese	2012-11-24 14:17:08	jmarshallnz	2012-11-25 05:28:42	xbmc/interfaces/json-rpc/FileOperations.cpp	True	True	True	True
1840	Montellese	2012-11-24 14:17:08	jmarshallnz	2012-11-25 05:28:42	xbmc/interfaces/json-rpc/FileOperations.h	True	True	True	True
1840	Montellese	2012-11-24 14:17:08	jmarshallnz	2012-11-25 05:28:42	xbmc/interfaces/json-rpc/PlayerOperations.cpp	True	True	True	True
1840	Montellese	2012-11-24 14:17:08	jmarshallnz	2012-11-25 05:28:42	xbmc/music/MusicDatabase.cpp	True	True	True	True
1840	Montellese	2012-11-24 14:17:08	jmarshallnz	2012-11-25 05:28:42	xbmc/music/MusicDatabase.h	True	True	True	True
1840	Montellese	2012-11-24 14:17:08	jmarshallnz	2012-11-25 05:28:42	xbmc/music/infoscanner/MusicInfoScanner.cpp	True	True	True	True
1840	Montellese	2012-11-24 14:17:08	jmarshallnz	2012-11-25 05:28:42	xbmc/interfaces/json-rpc/FileItemHandler.cpp	True	True	True	True
1832	koying	2012-11-22 22:10:10	elupus	2012-12-08 14:49:23	xbmc/cores/dvdplayer/DVDCodecs/Video/DVDVideoCodec.h	False	True	True	True
1832	koying	2012-11-22 22:10:10	elupus	2012-12-08 14:49:23	xbmc/cores/VideoRenderers/LinuxRendererGLES.cpp	False	True	True	True
1832	koying	2012-11-22 22:10:10	elupus	2012-12-08 14:49:23	xbmc/cores/VideoRenderers/LinuxRendererGLES.h	False	True	True	True
1832	koying	2012-11-22 22:10:10	elupus	2012-12-08 14:49:23	xbmc/cores/VideoRenderers/RenderFormats.h	False	True	True	True
1832	koying	2012-11-22 22:10:10	elupus	2012-12-08 14:49:23	xbmc/cores/VideoRenderers/RenderManager.cpp	False	True	True	True
1832	koying	2012-11-22 22:10:10	elupus	2012-12-08 14:49:23	xbmc/cores/dvdplayer/DVDCodecs/Video/StageFrightVideo.cpp	False	True	True	True
1832	koying	2012-11-22 22:10:10	elupus	2012-12-08 14:49:23	xbmc/cores/dvdplayer/DVDCodecs/Video/DVDVideoCodecStageFright.cpp	False	True	True	True
1832	koying	2012-11-22 22:10:10	elupus	2012-12-08 14:49:23	xbmc/cores/dvdplayer/DVDCodecs/Video/DVDVideoCodecStageFright.h	False	True	True	True
1832	koying	2012-11-22 22:10:10	elupus	2012-12-08 14:49:23	xbmc/cores/dvdplayer/DVDCodecs/Video/Makefile.in	False	True	True	True
1832	koying	2012-11-22 22:10:10	elupus	2012-12-08 14:49:23	xbmc/android/activity/XBMCApp.cpp	False	True	True	True
1832	koying	2012-11-22 22:10:10	elupus	2012-12-08 14:49:23	xbmc/cores/dvdplayer/DVDCodecs/Video/StageFrightVideo.h	False	True	True	True
1832	koying	2012-11-22 22:10:10	elupus	2012-12-08 14:49:23	xbmc/cores/dvdplayer/DVDPlayerVideo.cpp	False	True	True	True
1832	koying	2012-11-22 22:10:10	elupus	2012-12-08 14:49:23	xbmc/android/activity/android_main.cpp	False	True	True	True
1832	koying	2012-11-22 22:10:10	elupus	2012-12-08 14:49:23	system/shaders/guishader_frag_oes.glsl	False	True	True	True
1832	koying	2012-11-22 22:10:10	elupus	2012-12-08 14:49:23	xbmc/android/activity/Makefile.in	False	True	True	True
1832	koying	2012-11-22 22:10:10	elupus	2012-12-08 14:49:23	tools/android/depends/android-sources-ics/libui.cpp	False	True	True	True
1832	koying	2012-11-22 22:10:10	elupus	2012-12-08 14:49:23	tools/android/depends/android-sources-ics/Makefile	False	True	True	True
1832	koying	2012-11-22 22:10:10	elupus	2012-12-08 14:49:23	configure.in	False	True	True	True
1832	koying	2012-11-22 22:10:10	elupus	2012-12-08 14:49:23	Makefile.include.in	False	True	True	True
1832	koying	2012-11-22 22:10:10	elupus	2012-12-08 14:49:23	xbmc/peripherals/devices/PeripheralCecAdapter.h	False	True	True	True
1832	koying	2012-11-22 22:10:10	elupus	2012-12-08 14:49:23	tools/android/packaging/xbmc/src/org/xbmc/xbmc/Splash.java	False	True	True	True
1832	koying	2012-11-22 22:10:10	elupus	2012-12-08 14:49:23	tools/android/packaging/xbmc/src/org/xbmc/xbmc/Main.java	False	True	True	True
1832	koying	2012-11-22 22:10:10	elupus	2012-12-08 14:49:23	tools/android/packaging/xbmc/AndroidManifest.xml	False	True	True	True
1832	koying	2012-11-22 22:10:10	elupus	2012-12-08 14:49:23	codegenerator.mk	False	True	True	True
1832	koying	2012-11-22 22:10:10	elupus	2012-12-08 14:49:23	xbmc/interfaces/python/typemaps/python.string.outtm	False	True	True	True
1832	koying	2012-11-22 22:10:10	elupus	2012-12-08 14:49:23	xbmc/rendering/gles/RenderSystemGLES.h	False	True	True	True
1832	koying	2012-11-22 22:10:10	elupus	2012-12-08 14:49:23	xbmc/rendering/gles/RenderSystemGLES.cpp	False	True	True	True
1832	koying	2012-11-22 22:10:10	elupus	2012-12-08 14:49:23	xbmc/android/activity/XBMCApp.h	False	True	True	True
1832	koying	2012-11-22 22:10:10	elupus	2012-12-08 14:49:23	xbmc/windowing/egl/Makefile	False	True	True	True
1832	koying	2012-11-22 22:10:10	elupus	2012-12-08 14:49:23	tools/android/depends/android-sources-ics/libgui.cpp	False	True	True	True
1832	koying	2012-11-22 22:10:10	elupus	2012-12-08 14:49:23	language/English/strings.po	False	True	True	True
1832	koying	2012-11-22 22:10:10	elupus	2012-12-08 14:49:23	tools/depends/target/xbmc/Makefile	False	True	True	True
1832	koying	2012-11-22 22:10:10	elupus	2012-12-08 14:49:23	tools/depends/target/android-sources-ics/libutils.cpp	False	True	True	True
1832	koying	2012-11-22 22:10:10	elupus	2012-12-08 14:49:23	tools/depends/target/android-sources-ics/libstagefright.cpp	False	True	True	True
1832	koying	2012-11-22 22:10:10	elupus	2012-12-08 14:49:23	tools/depends/target/android-sources-ics/libgui.cpp	False	True	True	True
1832	koying	2012-11-22 22:10:10	elupus	2012-12-08 14:49:23	tools/depends/target/android-sources-ics/libcutils.c	False	True	True	True
1832	koying	2012-11-22 22:10:10	elupus	2012-12-08 14:49:23	tools/depends/target/android-sources-ics/libbinder.cpp	False	True	True	True
1832	koying	2012-11-22 22:10:10	elupus	2012-12-08 14:49:23	tools/depends/target/android-sources-ics/Makefile	False	True	True	True
1832	koying	2012-11-22 22:10:10	elupus	2012-12-08 14:49:23	tools/depends/target/Makefile	False	True	True	True
1832	koying	2012-11-22 22:10:10	elupus	2012-12-08 14:49:23	xbmc/settings/AdvancedSettings.h	False	True	True	True
1832	koying	2012-11-22 22:10:10	elupus	2012-12-08 14:49:23	xbmc/settings/AdvancedSettings.cpp	False	True	True	True
1832	koying	2012-11-22 22:10:10	elupus	2012-12-08 14:49:23	xbmc/DllPaths_generated_android.h.in	False	True	True	True
1832	koying	2012-11-22 22:10:10	elupus	2012-12-08 14:49:23	tools/depends/target/android-sources-ics/libui.cpp	False	True	True	True
1832	koying	2012-11-22 22:10:10	elupus	2012-12-08 14:49:23	tools/android/depends/android-sources-ics/libbinder.cpp	False	True	True	True
1832	koying	2012-11-22 22:10:10	elupus	2012-12-08 14:49:23	tools/android/depends/xbmc/Makefile	False	True	True	True
1832	koying	2012-11-22 22:10:10	elupus	2012-12-08 14:49:23	tools/android/depends/Makefile.in	False	True	True	True
1832	koying	2012-11-22 22:10:10	elupus	2012-12-08 14:49:23	tools/android/depends/android-sources-ics/libcutils.c	False	True	True	True
1832	koying	2012-11-22 22:10:10	elupus	2012-12-08 14:49:23	tools/android/depends/android-sources-ics/libutils.cpp	False	True	True	True
1832	koying	2012-11-22 22:10:10	elupus	2012-12-08 14:49:23	tools/android/depends/android-sources-ics/libstagefright.cpp	False	True	True	True
1832	koying	2012-11-22 22:10:10	elupus	2012-12-08 14:49:23	xbmc/cores/dvdplayer/DVDCodecs/DVDFactoryCodec.cpp	False	True	True	True
1832	koying	2012-11-22 22:10:10	elupus	2012-12-08 14:49:23	xbmc/settings/GUISettings.cpp	False	True	True	True
1832	koying	2012-11-22 22:10:10	elupus	2012-12-08 14:49:23	xbmc/windowing/egl/WinSystemEGL.cpp	False	True	True	True
1832	koying	2012-11-22 22:10:10	elupus	2012-12-08 14:49:23	xbmc/windowing/egl/WinSystemEGL.h	False	True	True	True
1832	koying	2012-11-22 22:10:10	elupus	2012-12-08 14:49:23	addons/skin.touched	False	True	True	True
1818	alcoheca	2012-11-20 11:28:34	jmarshallnz	2012-11-20 19:22:23	xbmc/video/VideoDatabase.h	True	True	True	True
1818	alcoheca	2012-11-20 11:28:34	jmarshallnz	2012-11-20 19:22:23	xbmc/video/VideoDatabase.cpp	True	True	True	True
1818	alcoheca	2012-11-20 11:28:34	jmarshallnz	2012-11-20 19:22:23	xbmc/network/upnp/UPnPServer.cpp	True	True	True	True
1816	FernetMenta	2012-11-20 08:15:45	elupus	2013-02-10 14:41:26	xbmc/addons/AddonCallbacksGUI.cpp	False	True	True	True
1816	FernetMenta	2012-11-20 08:15:45	elupus	2013-02-10 14:41:26	xbmc/addons/AddonCallbacksGUI.h	True	True	True	True
1816	FernetMenta	2012-11-20 08:15:45	elupus	2013-02-10 14:41:26	xbmc/guilib/GUIControlFactory.cpp	True	True	True	True
1816	FernetMenta	2012-11-20 08:15:45	elupus	2013-02-10 14:41:26	xbmc/addons/Visualisation.cpp	True	True	True	True
1816	FernetMenta	2012-11-20 08:15:45	elupus	2013-02-10 14:41:26	addons/library.xbmc.gui/libXBMC_gui.h	False	True	True	True
1816	FernetMenta	2012-11-20 08:15:45	elupus	2013-02-10 14:41:26	xbmc/input/ButtonTranslator.cpp	False	True	True	True
1816	FernetMenta	2012-11-20 08:15:45	elupus	2013-02-10 14:41:26	xbmc/addons/AddonCallbacks.h	True	True	True	True
1816	FernetMenta	2012-11-20 08:15:45	elupus	2013-02-10 14:41:26	xbmc/addons/include/xbmc_pvr_types.h	False	True	True	True
1816	FernetMenta	2012-11-20 08:15:45	elupus	2013-02-10 14:41:26	xbmc/addons/AddonCallbacksGUI.cpp	True	True	True	True
1816	FernetMenta	2012-11-20 08:15:45	elupus	2013-02-10 14:41:26	xbmc/guilib/GUIRenderingControl.cpp	True	True	True	True
1816	FernetMenta	2012-11-20 08:15:45	elupus	2013-02-10 14:41:26	lib/addons/library.xbmc.gui/libXBMC_gui.cpp	True	True	True	True
1816	FernetMenta	2012-11-20 08:15:45	elupus	2013-02-10 14:41:26	addons/library.xbmc.gui/libXBMC_gui.h	True	True	True	True
1816	FernetMenta	2012-11-20 08:15:45	elupus	2013-02-10 14:41:26	xbmc/guilib/IRenderingCallback.h	True	True	True	True
1816	FernetMenta	2012-11-20 08:15:45	elupus	2013-02-10 14:41:26	xbmc/guilib/GUIVisualisationControl.h	True	True	True	True
1816	FernetMenta	2012-11-20 08:15:45	elupus	2013-02-10 14:41:26	xbmc/guilib/GUIVisualisationControl.cpp	True	True	True	True
1816	FernetMenta	2012-11-20 08:15:45	elupus	2013-02-10 14:41:26	xbmc/guilib/GUIRenderingControl.h	True	True	True	True
1816	FernetMenta	2012-11-20 08:15:45	elupus	2013-02-10 14:41:26	xbmc/addons/Visualisation.h	True	True	True	True
1816	FernetMenta	2012-11-20 08:15:45	elupus	2013-02-10 14:41:26	xbmc/pvr/addons/PVRClient.h	False	True	True	True
1816	FernetMenta	2012-11-20 08:15:45	elupus	2013-02-10 14:41:26	xbmc/pvr/addons/PVRClient.cpp	False	True	True	True
1816	FernetMenta	2012-11-20 08:15:45	elupus	2013-02-10 14:37:40	addons/library.xbmc.gui/libXBMC_gui.h	True	True	True	True
1816	FernetMenta	2012-11-20 08:15:45	elupus	2013-02-10 14:37:40	xbmc/addons/Visualisation.cpp	True	True	True	True
1816	FernetMenta	2012-11-20 08:15:45	elupus	2013-02-10 14:37:40	xbmc/addons/AddonCallbacksGUI.h	True	True	True	True
1816	FernetMenta	2012-11-20 08:15:45	elupus	2013-02-10 14:37:40	xbmc/addons/Visualisation.h	True	True	True	True
1816	FernetMenta	2012-11-20 08:15:45	elupus	2013-02-10 14:37:40	xbmc/pvr/addons/PVRClient.cpp	False	True	True	True
1816	FernetMenta	2012-11-20 08:15:45	elupus	2013-02-10 14:37:40	xbmc/addons/include/xbmc_pvr_types.h	False	True	True	True
1816	FernetMenta	2012-11-20 08:15:45	elupus	2013-02-10 14:37:40	xbmc/input/ButtonTranslator.cpp	False	True	True	True
1816	FernetMenta	2012-11-20 08:15:45	elupus	2013-02-10 14:37:40	addons/library.xbmc.gui/libXBMC_gui.h	False	True	True	True
1816	FernetMenta	2012-11-20 08:15:45	elupus	2013-02-10 14:37:40	xbmc/addons/AddonCallbacksGUI.cpp	False	True	True	True
1816	FernetMenta	2012-11-20 08:15:45	elupus	2013-02-10 14:37:40	xbmc/guilib/GUIControlFactory.cpp	True	True	True	True
1816	FernetMenta	2012-11-20 08:15:45	elupus	2013-02-10 14:37:40	xbmc/pvr/addons/PVRClient.h	False	True	True	True
1816	FernetMenta	2012-11-20 08:15:45	elupus	2013-02-10 14:37:40	xbmc/addons/AddonCallbacksGUI.cpp	True	True	True	True
1816	FernetMenta	2012-11-20 08:15:45	elupus	2013-02-10 14:37:40	lib/addons/library.xbmc.gui/libXBMC_gui.cpp	True	True	True	True
1816	FernetMenta	2012-11-20 08:15:45	elupus	2013-02-10 14:37:40	xbmc/guilib/IRenderingCallback.h	True	True	True	True
1816	FernetMenta	2012-11-20 08:15:45	elupus	2013-02-10 14:37:40	xbmc/guilib/GUIVisualisationControl.h	True	True	True	True
1816	FernetMenta	2012-11-20 08:15:45	elupus	2013-02-10 14:37:40	xbmc/guilib/GUIVisualisationControl.cpp	True	True	True	True
1816	FernetMenta	2012-11-20 08:15:45	elupus	2013-02-10 14:37:40	xbmc/guilib/GUIRenderingControl.h	True	True	True	True
1816	FernetMenta	2012-11-20 08:15:45	elupus	2013-02-10 14:37:40	xbmc/guilib/GUIRenderingControl.cpp	True	True	True	True
1816	FernetMenta	2012-11-20 08:15:45	elupus	2013-02-10 14:37:40	xbmc/addons/AddonCallbacks.h	True	True	True	True
1772	xhaggi	2012-11-12 23:40:23	jmarshallnz	2013-04-06 22:58:58	xbmc/guilib/GUITexture.h	True	True	True	True
1772	xhaggi	2012-11-12 23:40:23	jmarshallnz	2013-04-06 23:00:09	xbmc/guilib/GUIControlFactory.cpp	True	True	True	True
1772	xhaggi	2012-11-12 23:40:23	jmarshallnz	2013-04-06 23:00:09	xbmc/guilib/GUITexture.cpp	True	True	True	True
1772	xhaggi	2012-11-12 23:40:23	jmarshallnz	2013-04-06 23:00:09	xbmc/guilib/GUITexture.h	True	True	True	True
1772	xhaggi	2012-11-12 23:40:23	jmarshallnz	2013-04-06 22:58:58	xbmc/guilib/GUIControlFactory.cpp	True	True	True	True
1772	xhaggi	2012-11-12 23:40:23	jmarshallnz	2013-04-06 22:58:58	xbmc/guilib/GUITexture.cpp	True	True	True	True
1772	xhaggi	2012-11-12 23:40:23	jmarshallnz	2013-04-06 23:00:40	xbmc/guilib/GUITexture.h	True	True	True	True
1772	xhaggi	2012-11-12 23:40:23	jmarshallnz	2013-04-06 23:00:40	xbmc/guilib/GUIControlFactory.cpp	True	True	True	True
1772	xhaggi	2012-11-12 23:40:23	jmarshallnz	2013-04-06 23:00:40	xbmc/guilib/GUITexture.cpp	True	True	True	True
1772	xhaggi	2012-11-12 23:40:23	jmarshallnz	2013-04-06 22:58:37	xbmc/guilib/GUIControlFactory.cpp	True	True	True	True
1772	xhaggi	2012-11-12 23:40:23	jmarshallnz	2013-04-06 22:58:37	xbmc/guilib/GUITexture.cpp	True	True	True	True
1772	xhaggi	2012-11-12 23:40:23	jmarshallnz	2013-04-06 22:58:37	xbmc/guilib/GUITexture.h	True	True	True	True
1761	elupus	2012-11-10 22:18:14	jmarshallnz	2012-11-10 23:29:43	addons/skin.confluence/720p/Home.xml	True	False	True	True
1761	elupus	2012-11-10 22:18:14	jmarshallnz	2012-11-10 23:29:43	xbmc/Application.cpp	True	False	True	True
1761	elupus	2012-11-10 22:18:14	jmarshallnz	2012-11-10 23:29:43	addons/skin.confluence/720p/includes.xml	True	False	True	True
1761	elupus	2012-11-10 22:18:14	jmarshallnz	2012-11-10 23:29:43	xbmc/GUIInfoManager.cpp	True	False	True	True
1761	elupus	2012-11-10 22:18:14	jmarshallnz	2012-11-10 23:29:43	xbmc/GUIInfoManager.h	True	False	True	True
1761	elupus	2012-11-10 22:18:14	jmarshallnz	2012-11-10 23:29:43	addons/skin.confluence/720p/MusicVisualisation.xml	True	False	True	True
1761	elupus	2012-11-10 22:18:14	jmarshallnz	2012-11-10 23:29:43	addons/skin.confluence/720p/VideoFullScreen.xml	True	False	True	True
1761	elupus	2012-11-10 22:18:14	jmarshallnz	2012-11-10 23:29:43	addons/skin.confluence/720p/MyPVR.xml	True	False	True	True
1759	chaitan3	2012-11-10 15:25:24	jmarshallnz	2012-11-10 18:52:54	xbmc/storage/linux/UDisksProvider.cpp	True	True	True	True
1757	FernetMenta	2012-11-10 14:09:03	elupus	2012-11-11 17:52:22	xbmc/cores/dvdplayer/DVDDemuxers/DVDDemuxPVRClient.cpp	False	True	True	True
1757	FernetMenta	2012-11-10 14:09:03	elupus	2012-11-11 17:51:01	xbmc/cores/dvdplayer/DVDDemuxers/DVDDemux.h	False	True	True	True
1757	FernetMenta	2012-11-10 14:09:03	elupus	2012-11-11 17:52:22	xbmc/cores/dvdplayer/DVDDemuxers/DVDDemuxFFmpeg.cpp	False	True	True	True
1757	FernetMenta	2012-11-10 14:09:03	elupus	2012-11-11 17:52:22	xbmc/cores/dvdplayer/DVDDemuxers/DVDDemuxFFmpeg.h	False	True	True	True
1757	FernetMenta	2012-11-10 14:09:03	elupus	2012-11-11 17:52:22	xbmc/cores/dvdplayer/DVDDemuxers/DVDDemux.h	False	True	True	True
1757	FernetMenta	2012-11-10 14:09:03	elupus	2012-11-11 17:52:22	xbmc/cores/dvdplayer/DVDDemuxers/DVDDemuxVobsub.cpp	False	True	True	True
1757	FernetMenta	2012-11-10 14:09:03	elupus	2012-11-11 17:51:01	xbmc/cores/dvdplayer/DVDDemuxers/DVDDemuxFFmpeg.cpp	False	True	True	True
1757	FernetMenta	2012-11-10 14:09:03	elupus	2012-11-11 17:51:01	xbmc/cores/dvdplayer/DVDDemuxers/DVDDemuxFFmpeg.h	False	True	True	True
1757	FernetMenta	2012-11-10 14:09:03	elupus	2012-11-11 17:51:01	xbmc/cores/dvdplayer/DVDDemuxers/DVDDemuxPVRClient.cpp	False	True	True	True
1757	FernetMenta	2012-11-10 14:09:03	elupus	2012-11-11 17:51:01	xbmc/cores/dvdplayer/DVDDemuxers/DVDDemuxVobsub.cpp	False	True	True	True
1757	FernetMenta	2012-11-10 14:09:03	elupus	2012-11-11 17:56:17	xbmc/cores/dvdplayer/DVDDemuxers/DVDDemuxFFmpeg.cpp	False	True	True	True
1757	FernetMenta	2012-11-10 14:09:03	elupus	2012-11-11 17:56:17	xbmc/cores/dvdplayer/DVDDemuxers/DVDDemuxFFmpeg.h	False	True	True	True
1757	FernetMenta	2012-11-10 14:09:03	elupus	2012-11-11 17:56:17	xbmc/cores/dvdplayer/DVDDemuxers/DVDDemux.h	False	True	True	True
1757	FernetMenta	2012-11-10 14:09:03	elupus	2012-11-11 17:56:17	xbmc/cores/dvdplayer/DVDDemuxers/DVDDemuxPVRClient.cpp	False	True	True	True
1757	FernetMenta	2012-11-10 14:09:03	elupus	2012-11-11 17:56:17	xbmc/cores/dvdplayer/DVDDemuxers/DVDDemuxVobsub.cpp	False	True	True	True
1752	Tolriq	2012-11-08 11:15:53	Montellese	2012-11-08 11:24:32	xbmc/interfaces/json-rpc/FileItemHandler.cpp	True	False	True	True
1740	ace20022	2012-11-06 11:32:23	Montellese	2012-11-06 11:57:20	xbmc/filesystem/MultiPathDirectory.cpp	True	True	True	True
1740	ace20022	2012-11-06 11:32:23	Montellese	2012-11-06 11:55:20	xbmc/video/dialogs/GUIDialogVideoInfo.h	True	True	True	True
1740	ace20022	2012-11-06 11:32:23	Montellese	2012-11-06 11:55:20	xbmc/video/windows/GUIWindowVideoNav.cpp	True	True	True	True
1740	ace20022	2012-11-06 11:32:23	Montellese	2012-11-06 11:57:20	language/English/strings.po	True	True	True	True
1740	ace20022	2012-11-06 11:32:23	Montellese	2012-11-06 12:00:45	xbmc/filesystem/MultiPathDirectory.cpp	True	True	True	True
1740	ace20022	2012-11-06 11:32:23	Montellese	2012-11-06 11:57:20	xbmc/filesystem/MultiPathDirectory.h	True	True	True	True
1740	ace20022	2012-11-06 11:32:23	Montellese	2012-11-06 11:57:20	xbmc/utils/GroupUtils.cpp	True	True	True	True
1740	ace20022	2012-11-06 11:32:23	Montellese	2012-11-06 11:57:20	xbmc/video/dialogs/GUIDialogVideoInfo.cpp	True	True	True	True
1740	ace20022	2012-11-06 11:32:23	Montellese	2012-11-06 11:55:20	xbmc/utils/GroupUtils.cpp	True	True	True	True
1740	ace20022	2012-11-06 11:32:23	Montellese	2012-11-06 11:55:20	xbmc/video/dialogs/GUIDialogVideoInfo.cpp	True	True	True	True
1740	ace20022	2012-11-06 11:32:23	Montellese	2012-11-06 11:53:59	xbmc/filesystem/MultiPathDirectory.cpp	True	True	True	True
1740	ace20022	2012-11-06 11:32:23	Montellese	2012-11-06 11:55:20	xbmc/filesystem/MultiPathDirectory.h	True	True	True	True
1740	ace20022	2012-11-06 11:32:23	Montellese	2012-11-06 11:55:20	xbmc/filesystem/MultiPathDirectory.cpp	True	True	True	True
1740	ace20022	2012-11-06 11:32:23	Montellese	2012-11-06 11:55:20	language/English/strings.po	True	True	True	True
1740	ace20022	2012-11-06 11:32:23	Montellese	2012-11-06 11:53:59	xbmc/video/windows/GUIWindowVideoNav.cpp	True	True	True	True
1740	ace20022	2012-11-06 11:32:23	Montellese	2012-11-06 11:53:59	xbmc/video/dialogs/GUIDialogVideoInfo.h	True	True	True	True
1740	ace20022	2012-11-06 11:32:23	Montellese	2012-11-06 11:53:59	xbmc/video/dialogs/GUIDialogVideoInfo.cpp	True	True	True	True
1740	ace20022	2012-11-06 11:32:23	Montellese	2012-11-06 11:53:59	xbmc/utils/GroupUtils.cpp	True	True	True	True
1740	ace20022	2012-11-06 11:32:23	Montellese	2012-11-06 11:53:59	xbmc/filesystem/MultiPathDirectory.h	True	True	True	True
1740	ace20022	2012-11-06 11:32:23	Montellese	2012-11-06 11:57:20	xbmc/video/windows/GUIWindowVideoNav.cpp	True	True	True	True
1740	ace20022	2012-11-06 11:32:23	Montellese	2012-11-06 11:53:59	language/English/strings.po	True	True	True	True
1740	ace20022	2012-11-06 11:32:23	Montellese	2012-11-06 11:57:20	xbmc/video/dialogs/GUIDialogVideoInfo.h	True	True	True	True
1740	ace20022	2012-11-06 11:32:23	Montellese	2012-11-06 12:00:45	xbmc/filesystem/MultiPathDirectory.h	True	True	True	True
1740	ace20022	2012-11-06 11:32:23	Montellese	2012-11-06 11:58:59	language/English/strings.po	True	True	True	True
1740	ace20022	2012-11-06 11:32:23	Montellese	2012-11-06 12:00:45	xbmc/video/dialogs/GUIDialogVideoInfo.h	True	True	True	True
1740	ace20022	2012-11-06 11:32:23	Montellese	2012-11-06 14:00:09	xbmc/video/windows/GUIWindowVideoNav.cpp	True	True	True	True
1740	ace20022	2012-11-06 11:32:23	Montellese	2012-11-06 14:00:09	xbmc/video/dialogs/GUIDialogVideoInfo.h	True	True	True	True
1740	ace20022	2012-11-06 11:32:23	Montellese	2012-11-06 14:00:09	xbmc/video/dialogs/GUIDialogVideoInfo.cpp	True	True	True	True
1740	ace20022	2012-11-06 11:32:23	Montellese	2012-11-06 14:00:09	xbmc/utils/GroupUtils.cpp	True	True	True	True
1740	ace20022	2012-11-06 11:32:23	Montellese	2012-11-06 14:00:09	xbmc/filesystem/MultiPathDirectory.h	True	True	True	True
1740	ace20022	2012-11-06 11:32:23	Montellese	2012-11-06 14:00:09	xbmc/filesystem/MultiPathDirectory.cpp	True	True	True	True
1740	ace20022	2012-11-06 11:32:23	Montellese	2012-11-06 14:00:09	language/English/strings.po	True	True	True	True
1740	ace20022	2012-11-06 11:32:23	Montellese	2012-11-06 12:00:45	xbmc/video/windows/GUIWindowVideoNav.cpp	True	True	True	True
1740	ace20022	2012-11-06 11:32:23	Montellese	2012-11-06 12:00:45	xbmc/video/dialogs/GUIDialogVideoInfo.cpp	True	True	True	True
1740	ace20022	2012-11-06 11:32:23	Montellese	2012-11-06 11:58:59	xbmc/filesystem/MultiPathDirectory.cpp	True	True	True	True
1740	ace20022	2012-11-06 11:32:23	Montellese	2012-11-06 12:00:45	xbmc/utils/GroupUtils.cpp	True	True	True	True
1740	ace20022	2012-11-06 11:32:23	Montellese	2012-11-06 12:00:45	language/English/strings.po	True	True	True	True
1740	ace20022	2012-11-06 11:32:23	Montellese	2012-11-06 11:58:59	xbmc/video/windows/GUIWindowVideoNav.cpp	True	True	True	True
1740	ace20022	2012-11-06 11:32:23	Montellese	2012-11-06 11:58:59	xbmc/video/dialogs/GUIDialogVideoInfo.h	True	True	True	True
1740	ace20022	2012-11-06 11:32:23	Montellese	2012-11-06 11:58:59	xbmc/video/dialogs/GUIDialogVideoInfo.cpp	True	True	True	True
1740	ace20022	2012-11-06 11:32:23	Montellese	2012-11-06 11:58:59	xbmc/utils/GroupUtils.cpp	True	True	True	True
1740	ace20022	2012-11-06 11:32:23	Montellese	2012-11-06 11:58:59	xbmc/filesystem/MultiPathDirectory.h	True	True	True	True
1739	alcoheca	2012-11-06 10:21:56	Montellese	2012-11-06 10:45:05	xbmc/interfaces/json-rpc/notifications.json	True	True	True	True
1739	alcoheca	2012-11-06 10:21:56	Montellese	2012-11-06 10:45:05	xbmc/network/upnp/UPnPServer.cpp	True	True	True	True
1739	alcoheca	2012-11-06 10:21:56	Montellese	2012-11-06 10:45:05	xbmc/interfaces/json-rpc/ServiceDescription.h	True	True	True	True
1739	alcoheca	2012-11-06 10:21:56	Montellese	2012-11-06 10:45:05	xbmc/music/MusicDatabase.cpp	True	True	True	True
1739	alcoheca	2012-11-06 10:21:56	Montellese	2012-11-06 10:45:05	xbmc/video/VideoDatabase.cpp	True	True	True	True
1724	da-anda	2012-11-04 12:24:55	jmarshallnz	2012-11-04 20:08:35	system/keymaps/keyboard.xml	True	True	True	True
1724	da-anda	2012-11-04 12:24:55	jmarshallnz	2012-11-04 20:08:35	xbmc/Application.cpp	False	True	True	True
1724	da-anda	2012-11-04 12:24:55	jmarshallnz	2012-11-04 20:08:35	xbmc/cores/dvdplayer/DVDPlayer.cpp	False	True	True	True
1724	da-anda	2012-11-04 12:24:55	jmarshallnz	2012-11-04 20:08:35	xbmc/cores/omxplayer/OMXPlayer.cpp	False	True	True	True
1724	da-anda	2012-11-04 12:24:55	jmarshallnz	2012-11-04 20:08:35	xbmc/input/ButtonTranslator.cpp	False	True	True	True
1724	da-anda	2012-11-04 12:24:55	jmarshallnz	2012-11-04 20:08:35	xbmc/video/dialogs/GUIDialogVideoOSD.cpp	False	True	True	True
1724	da-anda	2012-11-04 12:24:55	jmarshallnz	2012-11-04 20:08:35	xbmc/guilib/Key.h	False	True	True	True
1724	da-anda	2012-11-04 12:24:55	jmarshallnz	2012-11-04 20:08:35	xbmc/Application.cpp	True	True	True	True
1724	da-anda	2012-11-04 12:24:55	jmarshallnz	2012-11-04 20:08:35	xbmc/guilib/Key.h	True	True	True	True
1724	da-anda	2012-11-04 12:24:55	jmarshallnz	2012-11-04 20:08:35	xbmc/input/ButtonTranslator.cpp	True	True	True	True
1724	da-anda	2012-11-04 12:24:55	jmarshallnz	2012-11-04 20:08:35	xbmc/video/windows/GUIWindowFullScreen.cpp	True	True	True	True
1724	da-anda	2012-11-04 12:24:55	jmarshallnz	2012-11-04 20:08:35	xbmc/video/windows/GUIWindowFullScreen.h	True	True	True	True
1721	jmarshallnz	2012-11-02 08:11:35	Montellese	2012-11-02 08:32:27	xbmc/filesystem/MythSession.cpp	True	True	True	True
1721	jmarshallnz	2012-11-02 08:11:35	Montellese	2012-11-02 08:32:27	xbmc/interfaces/json-rpc/types.json	False	True	True	True
1721	jmarshallnz	2012-11-02 08:11:35	Montellese	2012-11-02 08:32:27	xbmc/interfaces/json-rpc/methods.json	False	True	True	True
1721	jmarshallnz	2012-11-02 08:11:35	Montellese	2012-11-02 08:32:27	xbmc/interfaces/json-rpc/VideoLibrary.cpp	False	True	True	True
1721	jmarshallnz	2012-11-02 08:11:35	Montellese	2012-11-02 08:32:27	xbmc/interfaces/json-rpc/ServiceDescription.h	False	True	True	True
1721	jmarshallnz	2012-11-02 08:11:35	Montellese	2012-11-02 08:32:27	xbmc/video/VideoDatabase.h	True	True	True	True
1721	jmarshallnz	2012-11-02 08:11:35	Montellese	2012-11-02 08:32:27	xbmc/video/VideoDatabase.cpp	True	True	True	True
1721	jmarshallnz	2012-11-02 08:11:35	Montellese	2012-11-02 08:32:27	xbmc/utils/TuxBoxUtil.cpp	True	True	True	True
1721	jmarshallnz	2012-11-02 08:11:35	Montellese	2012-11-02 08:32:27	xbmc/interfaces/json-rpc/VideoLibrary.cpp	True	True	True	True
1721	jmarshallnz	2012-11-02 08:11:35	Montellese	2012-11-02 08:32:27	xbmc/network/upnp/UPnPInternal.cpp	True	True	True	True
1721	jmarshallnz	2012-11-02 08:11:35	Montellese	2012-11-02 08:32:27	xbmc/filesystem/MythDirectory.cpp	True	True	True	True
1721	jmarshallnz	2012-11-02 08:11:35	Montellese	2012-11-02 08:32:27	xbmc/filesystem/BlurayDirectory.cpp	True	True	True	True
1721	jmarshallnz	2012-11-02 08:11:35	Montellese	2012-11-02 08:32:27	xbmc/video/VideoInfoTag.h	True	True	True	True
1721	jmarshallnz	2012-11-02 08:11:35	Montellese	2012-11-02 08:32:27	xbmc/video/VideoInfoTag.cpp	True	True	True	True
1721	jmarshallnz	2012-11-02 08:11:35	Montellese	2012-11-02 08:32:27	xbmc/utils/RecentlyAddedJob.cpp	True	True	True	True
1721	jmarshallnz	2012-11-02 08:11:35	Montellese	2012-11-02 08:32:27	xbmc/utils/LabelFormatter.cpp	True	True	True	True
1721	jmarshallnz	2012-11-02 08:11:35	Montellese	2012-11-02 08:32:27	xbmc/video/VideoDatabase.cpp	False	True	True	True
1721	jmarshallnz	2012-11-02 08:11:35	Montellese	2012-11-02 08:32:27	xbmc/interfaces/legacy/ListItem.cpp	True	True	True	True
1721	jmarshallnz	2012-11-02 08:11:35	Montellese	2012-11-02 08:32:27	xbmc/filesystem/RSSDirectory.cpp	True	True	True	True
1721	jmarshallnz	2012-11-02 08:11:35	Montellese	2012-11-02 08:32:27	xbmc/GUIInfoManager.cpp	True	True	True	True
1721	jmarshallnz	2012-11-02 08:11:35	Montellese	2012-11-02 08:32:27	xbmc/video/VideoInfoTag.cpp	False	True	True	True
1721	jmarshallnz	2012-11-02 08:11:35	Montellese	2012-11-02 08:29:58	xbmc/interfaces/legacy/ListItem.cpp	True	True	True	True
1721	jmarshallnz	2012-11-02 08:11:35	Montellese	2012-11-02 08:29:58	xbmc/GUIInfoManager.cpp	True	True	True	True
1721	jmarshallnz	2012-11-02 08:11:35	Montellese	2012-11-02 08:29:58	xbmc/utils/TuxBoxUtil.cpp	True	True	True	True
1721	jmarshallnz	2012-11-02 08:11:35	Montellese	2012-11-02 08:29:58	xbmc/video/VideoDatabase.cpp	False	True	True	True
1721	jmarshallnz	2012-11-02 08:11:35	Montellese	2012-11-02 08:29:58	xbmc/video/VideoInfoTag.cpp	False	True	True	True
1721	jmarshallnz	2012-11-02 08:11:35	Montellese	2012-11-02 08:29:58	xbmc/interfaces/json-rpc/types.json	False	True	True	True
1721	jmarshallnz	2012-11-02 08:11:35	Montellese	2012-11-02 08:29:58	xbmc/interfaces/json-rpc/methods.json	False	True	True	True
1721	jmarshallnz	2012-11-02 08:11:35	Montellese	2012-11-02 08:29:58	xbmc/filesystem/RSSDirectory.cpp	True	True	True	True
1721	jmarshallnz	2012-11-02 08:11:35	Montellese	2012-11-02 08:29:58	xbmc/interfaces/json-rpc/ServiceDescription.h	False	True	True	True
1721	jmarshallnz	2012-11-02 08:11:35	Montellese	2012-11-02 08:29:58	xbmc/video/VideoDatabase.h	True	True	True	True
1721	jmarshallnz	2012-11-02 08:11:35	Montellese	2012-11-02 08:29:58	xbmc/video/VideoDatabase.cpp	True	True	True	True
1721	jmarshallnz	2012-11-02 08:11:35	Montellese	2012-11-02 08:29:58	xbmc/interfaces/json-rpc/VideoLibrary.cpp	False	True	True	True
1721	jmarshallnz	2012-11-02 08:11:35	Montellese	2012-11-02 08:29:58	xbmc/interfaces/json-rpc/VideoLibrary.cpp	True	True	True	True
1721	jmarshallnz	2012-11-02 08:11:35	Montellese	2012-11-02 08:29:58	xbmc/filesystem/MythDirectory.cpp	True	True	True	True
1721	jmarshallnz	2012-11-02 08:11:35	Montellese	2012-11-02 08:29:58	xbmc/filesystem/BlurayDirectory.cpp	True	True	True	True
1721	jmarshallnz	2012-11-02 08:11:35	Montellese	2012-11-02 08:29:58	xbmc/video/VideoInfoTag.h	True	True	True	True
1721	jmarshallnz	2012-11-02 08:11:35	Montellese	2012-11-02 08:29:58	xbmc/video/VideoInfoTag.cpp	True	True	True	True
1721	jmarshallnz	2012-11-02 08:11:35	Montellese	2012-11-02 08:29:58	xbmc/utils/RecentlyAddedJob.cpp	True	True	True	True
1721	jmarshallnz	2012-11-02 08:11:35	Montellese	2012-11-02 08:29:58	xbmc/utils/LabelFormatter.cpp	True	True	True	True
1721	jmarshallnz	2012-11-02 08:11:35	Montellese	2012-11-02 08:29:58	xbmc/network/upnp/UPnPInternal.cpp	True	True	True	True
1721	jmarshallnz	2012-11-02 08:11:35	Montellese	2012-11-02 08:29:58	xbmc/filesystem/MythSession.cpp	True	True	True	True
1719	axmhari	2012-11-02 00:16:47	jmarshallnz	2012-11-16 23:22:03	xbmc/video/windows/GUIWindowVideoBase.h	False	True	True	True
1719	axmhari	2012-11-02 00:16:47	jmarshallnz	2012-11-16 23:22:03	xbmc/pvr/windows/GUIWindowPVR.cpp	False	True	True	True
1719	axmhari	2012-11-02 00:16:47	jmarshallnz	2012-11-16 23:22:03	xbmc/pvr/recordings/PVRRecordings.cpp	False	True	True	True
1719	axmhari	2012-11-02 00:16:47	jmarshallnz	2012-11-16 23:22:03	xbmc/video/windows/GUIWindowVideoNav.h	False	True	True	True
1719	axmhari	2012-11-02 00:16:47	jmarshallnz	2012-11-16 23:22:03	xbmc/video/windows/GUIWindowVideoNav.cpp	False	True	True	True
1719	axmhari	2012-11-02 00:16:47	jmarshallnz	2012-11-16 23:22:03	xbmc/pvr/recordings/PVRRecordings.h	False	True	True	True
1719	axmhari	2012-11-02 00:16:47	jmarshallnz	2012-11-16 23:22:03	xbmc/video/windows/GUIWindowVideoBase.cpp	False	True	True	True
1719	axmhari	2012-11-02 00:16:47	jmarshallnz	2012-11-16 23:22:03	xbmc/pvr/windows/GUIWindowPVRRecordings.h	False	True	True	True
1719	axmhari	2012-11-02 00:16:47	jmarshallnz	2012-11-16 23:22:03	xbmc/pvr/windows/GUIWindowPVRRecordings.cpp	False	True	True	True
1719	axmhari	2012-11-02 00:16:47	jmarshallnz	2012-11-16 23:22:03	xbmc/pvr/windows/GUIWindowPVRCommon.h	False	True	True	True
1719	axmhari	2012-11-02 00:16:47	jmarshallnz	2012-11-16 23:22:03	xbmc/pvr/windows/GUIWindowPVR.h	False	True	True	True
1719	axmhari	2012-11-02 00:16:47	jmarshallnz	2012-11-16 23:22:57	xbmc/pvr/windows/GUIWindowPVRRecordings.cpp	False	True	True	True
1719	axmhari	2012-11-02 00:16:47	jmarshallnz	2012-11-16 23:22:57	xbmc/pvr/recordings/PVRRecordings.h	False	True	True	True
1719	axmhari	2012-11-02 00:16:47	jmarshallnz	2012-11-16 23:22:57	xbmc/video/windows/GUIWindowVideoNav.h	False	True	True	True
1719	axmhari	2012-11-02 00:16:47	jmarshallnz	2012-11-16 23:22:57	xbmc/pvr/windows/GUIWindowPVRCommon.h	False	True	True	True
1719	axmhari	2012-11-02 00:16:47	jmarshallnz	2012-11-16 23:22:57	xbmc/pvr/windows/GUIWindowPVR.h	False	True	True	True
1719	axmhari	2012-11-02 00:16:47	jmarshallnz	2012-11-16 23:22:57	xbmc/pvr/recordings/PVRRecordings.cpp	False	True	True	True
1719	axmhari	2012-11-02 00:16:47	jmarshallnz	2012-11-16 23:22:57	xbmc/pvr/windows/GUIWindowPVR.cpp	False	True	True	True
1719	axmhari	2012-11-02 00:16:47	jmarshallnz	2012-11-16 23:22:57	xbmc/video/windows/GUIWindowVideoNav.cpp	False	True	True	True
1719	axmhari	2012-11-02 00:16:47	jmarshallnz	2012-11-16 23:22:57	xbmc/video/windows/GUIWindowVideoBase.h	False	True	True	True
1719	axmhari	2012-11-02 00:16:47	jmarshallnz	2012-11-16 23:22:57	xbmc/video/windows/GUIWindowVideoBase.cpp	False	True	True	True
1719	axmhari	2012-11-02 00:16:47	jmarshallnz	2012-11-16 23:22:57	xbmc/pvr/windows/GUIWindowPVRRecordings.h	False	True	True	True
1714	FernetMenta	2012-11-01 12:29:14	opdenkamp	2012-11-06 02:21:16	xbmc/pvr/addons/PVRClient.h	True	True	True	True
1714	FernetMenta	2012-11-01 12:29:14	opdenkamp	2012-11-06 02:21:16	xbmc/pvr/addons/PVRClients.cpp	True	True	True	True
1714	FernetMenta	2012-11-01 12:29:14	opdenkamp	2012-11-06 02:21:16	xbmc/settings/GUISettings.cpp	True	True	True	True
1714	FernetMenta	2012-11-01 12:29:14	opdenkamp	2012-11-06 02:21:16	xbmc/settings/GUIWindowSettingsCategory.cpp	True	True	True	True
1714	FernetMenta	2012-11-01 12:29:14	opdenkamp	2012-11-06 02:21:16	xbmc/addons/AddonCallbacksPVR.cpp	True	True	True	True
1714	FernetMenta	2012-11-01 12:29:14	opdenkamp	2012-11-06 02:21:16	xbmc/addons/include/xbmc_pvr_types.h	True	True	True	True
1714	FernetMenta	2012-11-01 12:29:14	opdenkamp	2012-11-06 02:21:16	xbmc/pvr/addons/PVRClient.cpp	True	True	True	True
1714	FernetMenta	2012-11-01 12:29:14	opdenkamp	2012-11-06 02:21:16	language/English/strings.po	True	True	True	True
1714	FernetMenta	2012-11-01 12:29:14	opdenkamp	2012-11-06 02:21:16	xbmc/pvr/addons/PVRClients.h	True	True	True	True
1714	FernetMenta	2012-11-01 12:29:14	opdenkamp	2012-11-06 02:21:16	xbmc/pvr/windows/GUIWindowPVRCommon.cpp	True	True	True	True
1714	FernetMenta	2012-11-01 12:29:14	opdenkamp	2012-11-06 02:21:16	xbmc/pvr/windows/GUIWindowPVRGuide.cpp	True	True	True	True
1714	FernetMenta	2012-11-01 12:29:14	opdenkamp	2012-11-06 02:21:16	xbmc/pvr/windows/GUIWindowPVRRecordings.cpp	True	True	True	True
1714	FernetMenta	2012-11-01 12:29:14	opdenkamp	2012-11-06 02:21:16	xbmc/pvr/windows/GUIWindowPVRSearch.cpp	True	True	True	True
1714	FernetMenta	2012-11-01 12:29:14	opdenkamp	2012-11-06 02:21:16	xbmc/pvr/windows/GUIWindowPVRChannels.cpp	True	True	True	True
1714	FernetMenta	2012-11-01 12:29:14	opdenkamp	2012-11-06 02:21:16	xbmc/pvr/windows/GUIWindowPVRTimers.cpp	True	True	True	True
1712	jmarshallnz	2012-11-01 02:42:53	Montellese	2012-11-01 07:11:49	xbmc/guilib/GUISliderControl.h	True	True	True	True
1712	jmarshallnz	2012-11-01 02:42:53	Montellese	2012-11-01 07:11:49	xbmc/guilib/GUISliderControl.cpp	True	True	True	True
1712	jmarshallnz	2012-11-01 02:42:53	Montellese	2012-11-01 07:11:49	xbmc/dialogs/GUIDialogSeekBar.cpp	True	True	True	True
1712	jmarshallnz	2012-11-01 02:42:53	Montellese	2012-11-01 07:11:49	xbmc/interfaces/Builtins.cpp	True	True	True	True
1712	jmarshallnz	2012-11-01 02:42:53	Montellese	2012-11-01 07:11:49	xbmc/interfaces/legacy/Control.cpp	True	True	True	True
