pr_number	author_user_login	pr_created_at	review_user_login	review_created_at	filename	create_before_pr	has_issue_comment	has_review_comment	has_commit
2906	arnova	2013-06-24 08:26:33	Montellese	2013-06-24 10:21:45	xbmc/music/Album.cpp	True	True	True	True
2906	arnova	2013-06-24 08:26:33	Montellese	2013-06-24 10:21:45	xbmc/music/infoscanner/MusicInfoScanner.cpp	False	True	True	True
2906	arnova	2013-06-24 08:26:33	Montellese	2013-06-24 10:21:45	xbmc/music/MusicDatabase.cpp	True	True	True	True
2906	arnova	2013-06-24 08:26:33	Montellese	2013-06-24 10:21:45	xbmc/music/windows/GUIWindowMusicBase.h	True	True	True	True
2906	arnova	2013-06-24 08:26:33	Montellese	2013-06-24 10:21:45	xbmc/music/windows/GUIWindowMusicBase.cpp	True	True	True	True
2906	arnova	2013-06-24 08:26:33	Montellese	2013-06-24 10:21:45	xbmc/music/infoscanner/MusicInfoScanner.cpp	True	True	True	True
2903	davilla	2013-06-21 22:17:24	jmarshallnz	2013-06-24 19:59:15	xbmc/guilib/GUIRSSControl.cpp	False	True	True	True
2903	davilla	2013-06-21 22:17:24	jmarshallnz	2013-06-24 19:59:15	xbmc/guilib/GUIControlFactory.cpp	False	True	True	True
2903	davilla	2013-06-21 22:17:24	jmarshallnz	2013-06-24 19:59:15	xbmc/guilib/GUIRSSControl.h	False	True	True	True
2896	Voyager1	2013-06-19 21:14:38	elupus	2013-06-27 16:43:31	xbmc/Makefile.in	False	True	True	True
2896	Voyager1	2013-06-19 21:14:38	elupus	2013-06-27 16:43:31	xbmc/ApplicationPlayer.cpp	True	True	True	True
2896	Voyager1	2013-06-19 21:14:38	elupus	2013-06-27 16:43:31	xbmc/ApplicationMessenger.cpp	True	True	True	True
2896	Voyager1	2013-06-19 21:14:38	elupus	2013-06-27 16:43:31	xbmc/Application.h	True	True	True	True
2896	Voyager1	2013-06-19 21:14:38	elupus	2013-06-27 16:43:31	xbmc/Application.cpp	True	True	True	True
2896	Voyager1	2013-06-19 21:14:38	elupus	2013-06-27 16:43:31	project/VS2010Express/XBMC.vcxproj.filters	True	True	True	True
2896	Voyager1	2013-06-19 21:14:38	elupus	2013-06-27 16:43:31	project/VS2010Express/XBMC.vcxproj	True	True	True	True
2896	Voyager1	2013-06-19 21:14:38	elupus	2013-06-27 16:43:31	XBMC.xcodeproj/project.pbxproj	False	True	True	True
2896	Voyager1	2013-06-19 21:14:38	elupus	2013-06-27 16:43:31	xbmc/storage/DetectDVDType.cpp	False	True	True	True
2896	Voyager1	2013-06-19 21:14:38	elupus	2013-06-27 16:43:31	xbmc/windows/GUIWindowHome.cpp	False	True	True	True
2896	Voyager1	2013-06-19 21:14:38	elupus	2013-06-27 16:43:31	xbmc/windows/GUIWindowFileManager.cpp	False	True	True	True
2896	Voyager1	2013-06-19 21:14:38	elupus	2013-06-27 16:43:31	xbmc/windowing/windows/WinEventsWin32.cpp	False	True	True	True
2896	Voyager1	2013-06-19 21:14:38	elupus	2013-06-27 16:43:31	xbmc/video/windows/GUIWindowVideoPlaylist.cpp	False	True	True	True
2896	Voyager1	2013-06-19 21:14:38	elupus	2013-06-27 16:43:31	xbmc/video/windows/GUIWindowVideoBase.cpp	False	True	True	True
2896	Voyager1	2013-06-19 21:14:38	elupus	2013-06-27 16:43:31	xbmc/utils/TuxBoxUtil.cpp	False	True	True	True
2896	Voyager1	2013-06-19 21:14:38	elupus	2013-06-27 16:43:31	xbmc/video/dialogs/GUIDialogVideoBookmarks.cpp	True	True	True	True
2896	Voyager1	2013-06-19 21:14:38	elupus	2013-06-27 16:43:31	xbmc/ApplicationPlayer.h	True	True	True	True
2896	Voyager1	2013-06-19 21:14:38	elupus	2013-06-27 16:43:31	xbmc/GUIInfoManager.cpp	True	True	True	True
2896	Voyager1	2013-06-19 21:14:38	elupus	2013-06-27 16:43:31	xbmc/addons/Visualisation.cpp	True	True	True	True
2896	Voyager1	2013-06-19 21:14:38	elupus	2013-06-27 16:43:31	xbmc/cores/VideoRenderers/LinuxRendererGL.cpp	True	True	True	True
2896	Voyager1	2013-06-19 21:14:38	elupus	2013-06-27 16:43:31	xbmc/dialogs/GUIDialogSeekBar.cpp	True	True	True	True
2896	Voyager1	2013-06-19 21:14:38	elupus	2013-06-27 16:43:31	xbmc/guilib/GUIVideoControl.cpp	True	True	True	True
2896	Voyager1	2013-06-19 21:14:38	elupus	2013-06-27 16:43:31	xbmc/interfaces/Builtins.cpp	True	True	True	True
2896	Voyager1	2013-06-19 21:14:38	elupus	2013-06-27 16:43:31	xbmc/interfaces/json-rpc/PlayerOperations.cpp	True	True	True	True
2896	Voyager1	2013-06-19 21:14:38	elupus	2013-06-27 16:43:31	xbmc/interfaces/legacy/Player.cpp	True	True	True	True
2896	Voyager1	2013-06-19 21:14:38	elupus	2013-06-27 16:43:31	xbmc/music/windows/GUIWindowMusicBase.cpp	True	True	True	True
2896	Voyager1	2013-06-19 21:14:38	elupus	2013-06-27 16:43:31	xbmc/network/AirPlayServer.cpp	True	True	True	True
2896	Voyager1	2013-06-19 21:14:38	elupus	2013-06-27 16:43:31	xbmc/network/AirTunesServer.cpp	True	True	True	True
2896	Voyager1	2013-06-19 21:14:38	elupus	2013-06-27 16:43:31	xbmc/pvr/addons/PVRClients.cpp	True	True	True	True
2896	Voyager1	2013-06-19 21:14:38	elupus	2013-06-27 16:43:31	xbmc/pvr/dialogs/GUIDialogPVRChannelsOSD.cpp	True	True	True	True
2896	Voyager1	2013-06-19 21:14:38	elupus	2013-06-27 16:43:31	xbmc/pvr/windows/GUIWindowPVRCommon.cpp	True	True	True	True
2896	Voyager1	2013-06-19 21:14:38	elupus	2013-06-27 16:43:31	xbmc/video/dialogs/GUIDialogAudioSubtitleSettings.cpp	True	True	True	True
2896	Voyager1	2013-06-19 21:14:38	elupus	2013-06-27 16:43:31	xbmc/utils/Screenshot.cpp	False	True	True	True
2896	Voyager1	2013-06-19 21:14:38	elupus	2013-06-27 16:43:31	xbmc/guilib/GraphicContext.cpp	False	True	True	True
2896	Voyager1	2013-06-19 21:14:38	elupus	2013-06-27 16:43:31	xbmc/settings/windows/GUIWindowSettingsScreenCalibration.cpp	False	True	True	True
2896	Voyager1	2013-06-19 21:14:38	elupus	2013-06-27 16:43:31	xbmc/android/activity/XBMCApp.cpp	False	True	True	True
2896	Voyager1	2013-06-19 21:14:38	elupus	2013-06-27 16:44:38	xbmc/Application.cpp	False	True	True	True
2896	Voyager1	2013-06-19 21:14:38	elupus	2013-06-27 16:43:31	xbmc/Application.cpp	False	True	True	True
2896	Voyager1	2013-06-19 21:14:38	elupus	2013-06-27 16:43:31	xbmc/Application.h	False	True	True	True
2896	Voyager1	2013-06-19 21:14:38	elupus	2013-06-27 16:43:31	xbmc/ApplicationPlayer.cpp	False	True	True	True
2896	Voyager1	2013-06-19 21:14:38	elupus	2013-06-27 16:43:31	xbmc/ApplicationPlayer.h	False	True	True	True
2896	Voyager1	2013-06-19 21:14:38	elupus	2013-06-27 16:43:31	xbmc/GUIInfoManager.cpp	False	True	True	True
2896	Voyager1	2013-06-19 21:14:38	elupus	2013-06-27 16:43:31	xbmc/interfaces/Builtins.cpp	False	True	True	True
2896	Voyager1	2013-06-19 21:14:38	elupus	2013-06-27 16:43:31	xbmc/interfaces/json-rpc/PlayerOperations.cpp	False	True	True	True
2896	Voyager1	2013-06-19 21:14:38	elupus	2013-06-27 16:43:31	xbmc/music/windows/GUIWindowMusicBase.cpp	False	True	True	True
2896	Voyager1	2013-06-19 21:14:38	elupus	2013-06-27 16:43:31	xbmc/video/windows/GUIWindowFullScreen.cpp	False	True	True	True
2896	Voyager1	2013-06-19 21:14:38	elupus	2013-06-27 16:43:31	xbmc/ApplicationMessenger.cpp	False	True	True	True
2896	Voyager1	2013-06-19 21:14:38	elupus	2013-06-27 16:43:31	xbmc/Autorun.cpp	False	True	True	True
2896	Voyager1	2013-06-19 21:14:38	elupus	2013-06-27 16:43:31	xbmc/PartyModeManager.cpp	False	True	True	True
2896	Voyager1	2013-06-19 21:14:38	elupus	2013-06-27 16:43:31	xbmc/PlayListPlayer.cpp	False	True	True	True
2896	Voyager1	2013-06-19 21:14:38	elupus	2013-06-27 16:43:31	xbmc/guilib/GUIVideoControl.cpp	False	True	True	True
2896	Voyager1	2013-06-19 21:14:38	elupus	2013-06-27 16:43:31	xbmc/pictures/GUIWindowSlideShow.cpp	False	True	True	True
2896	Voyager1	2013-06-19 21:14:38	elupus	2013-06-27 16:43:31	xbmc/guilib/GUIVisualisationControl.cpp	False	True	True	True
2896	Voyager1	2013-06-19 21:14:38	elupus	2013-06-27 16:43:31	xbmc/interfaces/legacy/Player.cpp	False	True	True	True
2896	Voyager1	2013-06-19 21:14:38	elupus	2013-06-27 16:43:31	xbmc/music/karaoke/GUIWindowKaraokeLyrics.cpp	False	True	True	True
2896	Voyager1	2013-06-19 21:14:38	elupus	2013-06-27 16:43:31	xbmc/music/karaoke/karaokelyricsmanager.cpp	False	True	True	True
2896	Voyager1	2013-06-19 21:14:38	elupus	2013-06-27 16:43:31	xbmc/music/windows/GUIWindowMusicPlaylist.cpp	False	True	True	True
2896	Voyager1	2013-06-19 21:14:38	elupus	2013-06-27 16:43:31	xbmc/music/windows/GUIWindowMusicSongs.cpp	False	True	True	True
2896	Voyager1	2013-06-19 21:14:38	elupus	2013-06-27 16:43:31	xbmc/music/windows/GUIWindowVisualisation.cpp	False	True	True	True
2896	Voyager1	2013-06-19 21:14:38	elupus	2013-06-27 16:43:31	xbmc/network/AirPlayServer.cpp	False	True	True	True
2896	Voyager1	2013-06-19 21:14:38	elupus	2013-06-27 16:43:31	xbmc/network/WakeOnAccess.cpp	False	True	True	True
2896	Voyager1	2013-06-19 21:14:38	elupus	2013-06-27 16:43:31	xbmc/network/upnp/UPnPRenderer.cpp	False	True	True	True
2896	Voyager1	2013-06-19 21:14:38	elupus	2013-06-27 16:43:31	xbmc/osx/DarwinUtils.mm	False	True	True	True
2896	Voyager1	2013-06-19 21:14:38	elupus	2013-06-27 16:43:31	xbmc/osx/ios/XBMCController.mm	False	True	True	True
2896	Voyager1	2013-06-19 21:14:38	elupus	2013-06-27 16:43:31	xbmc/peripherals/devices/PeripheralCecAdapter.cpp	False	True	True	True
2896	Voyager1	2013-06-19 21:14:38	elupus	2013-06-27 16:43:31	xbmc/pictures/GUIWindowPictures.cpp	False	True	True	True
2896	Voyager1	2013-06-19 21:14:38	elupus	2013-06-27 16:43:31	xbmc/video/windows/GUIWindowFullScreen.cpp	True	True	True	True
2896	Voyager1	2013-06-19 21:14:38	elupus	2013-06-27 16:43:31	xbmc/video/PlayerController.cpp	True	True	True	True
2896	Voyager1	2013-06-19 21:14:38	elupus	2013-06-27 16:44:38	xbmc/Application.h	False	True	True	True
2896	Voyager1	2013-06-19 21:14:38	elupus	2013-06-27 16:44:38	xbmc/addons/Visualisation.cpp	True	True	True	True
2896	Voyager1	2013-06-19 21:14:38	elupus	2013-06-27 16:44:38	xbmc/video/windows/GUIWindowVideoPlaylist.cpp	False	True	True	True
2896	Voyager1	2013-06-19 21:14:38	elupus	2013-06-27 16:44:38	xbmc/windowing/windows/WinEventsWin32.cpp	False	True	True	True
2896	Voyager1	2013-06-19 21:14:38	elupus	2013-06-27 16:44:38	xbmc/windows/GUIWindowFileManager.cpp	False	True	True	True
2896	Voyager1	2013-06-19 21:14:38	elupus	2013-06-27 16:44:38	xbmc/windows/GUIWindowHome.cpp	False	True	True	True
2896	Voyager1	2013-06-19 21:14:38	elupus	2013-06-27 16:44:38	XBMC.xcodeproj/project.pbxproj	False	True	True	True
2896	Voyager1	2013-06-19 21:14:38	elupus	2013-06-27 16:44:38	xbmc/Makefile.in	False	True	True	True
2896	Voyager1	2013-06-19 21:14:38	elupus	2013-06-27 16:44:38	project/VS2010Express/XBMC.vcxproj	True	True	True	True
2896	Voyager1	2013-06-19 21:14:38	elupus	2013-06-27 16:44:38	project/VS2010Express/XBMC.vcxproj.filters	True	True	True	True
2896	Voyager1	2013-06-19 21:14:38	elupus	2013-06-27 16:44:38	xbmc/Application.cpp	True	True	True	True
2896	Voyager1	2013-06-19 21:14:38	elupus	2013-06-27 16:44:38	xbmc/Application.h	True	True	True	True
2896	Voyager1	2013-06-19 21:14:38	elupus	2013-06-27 16:44:38	xbmc/ApplicationMessenger.cpp	True	True	True	True
2896	Voyager1	2013-06-19 21:14:38	elupus	2013-06-27 16:44:38	xbmc/ApplicationPlayer.cpp	True	True	True	True
2896	Voyager1	2013-06-19 21:14:38	elupus	2013-06-27 16:44:38	xbmc/ApplicationPlayer.h	True	True	True	True
2896	Voyager1	2013-06-19 21:14:38	elupus	2013-06-27 16:44:38	xbmc/GUIInfoManager.cpp	True	True	True	True
2896	Voyager1	2013-06-19 21:14:38	elupus	2013-06-27 16:44:38	xbmc/cores/VideoRenderers/LinuxRendererGL.cpp	True	True	True	True
2896	Voyager1	2013-06-19 21:14:38	elupus	2013-06-27 16:44:38	xbmc/utils/TuxBoxUtil.cpp	False	True	True	True
2896	Voyager1	2013-06-19 21:14:38	elupus	2013-06-27 16:44:38	xbmc/dialogs/GUIDialogSeekBar.cpp	True	True	True	True
2896	Voyager1	2013-06-19 21:14:38	elupus	2013-06-27 16:44:38	xbmc/guilib/GUIVideoControl.cpp	True	True	True	True
2896	Voyager1	2013-06-19 21:14:38	elupus	2013-06-27 16:44:38	xbmc/interfaces/Builtins.cpp	True	True	True	True
2896	Voyager1	2013-06-19 21:14:38	elupus	2013-06-27 16:44:38	xbmc/interfaces/legacy/Player.cpp	True	True	True	True
2896	Voyager1	2013-06-19 21:14:38	elupus	2013-06-27 16:44:38	xbmc/music/windows/GUIWindowMusicBase.cpp	True	True	True	True
2896	Voyager1	2013-06-19 21:14:38	elupus	2013-06-27 16:44:38	xbmc/network/AirPlayServer.cpp	True	True	True	True
2896	Voyager1	2013-06-19 21:14:38	elupus	2013-06-27 16:44:38	xbmc/network/AirTunesServer.cpp	True	True	True	True
2896	Voyager1	2013-06-19 21:14:38	elupus	2013-06-27 16:44:38	xbmc/pvr/addons/PVRClients.cpp	True	True	True	True
2896	Voyager1	2013-06-19 21:14:38	elupus	2013-06-27 16:44:38	xbmc/pvr/dialogs/GUIDialogPVRChannelsOSD.cpp	True	True	True	True
2896	Voyager1	2013-06-19 21:14:38	elupus	2013-06-27 16:44:38	xbmc/pvr/windows/GUIWindowPVRCommon.cpp	True	True	True	True
2896	Voyager1	2013-06-19 21:14:38	elupus	2013-06-27 16:44:38	xbmc/video/PlayerController.cpp	True	True	True	True
2896	Voyager1	2013-06-19 21:14:38	elupus	2013-06-27 16:44:38	xbmc/video/dialogs/GUIDialogAudioSubtitleSettings.cpp	True	True	True	True
2896	Voyager1	2013-06-19 21:14:38	elupus	2013-06-27 16:44:38	xbmc/video/dialogs/GUIDialogVideoBookmarks.cpp	True	True	True	True
2896	Voyager1	2013-06-19 21:14:38	elupus	2013-06-27 16:44:38	xbmc/video/windows/GUIWindowFullScreen.cpp	True	True	True	True
2896	Voyager1	2013-06-19 21:14:38	elupus	2013-06-27 16:44:38	xbmc/video/windows/GUIWindowVideoBase.cpp	False	True	True	True
2896	Voyager1	2013-06-19 21:14:38	elupus	2013-06-27 16:44:38	xbmc/interfaces/json-rpc/PlayerOperations.cpp	True	True	True	True
2896	Voyager1	2013-06-19 21:14:38	elupus	2013-06-27 16:44:38	xbmc/utils/Screenshot.cpp	False	True	True	True
2896	Voyager1	2013-06-19 21:14:38	elupus	2013-06-27 16:44:38	xbmc/interfaces/legacy/Player.cpp	False	True	True	True
2896	Voyager1	2013-06-19 21:14:38	elupus	2013-06-27 16:44:38	xbmc/ApplicationPlayer.h	False	True	True	True
2896	Voyager1	2013-06-19 21:14:38	elupus	2013-06-27 16:44:38	xbmc/ApplicationPlayer.cpp	False	True	True	True
2896	Voyager1	2013-06-19 21:14:38	elupus	2013-06-27 16:44:38	xbmc/GUIInfoManager.cpp	False	True	True	True
2896	Voyager1	2013-06-19 21:14:38	elupus	2013-06-27 16:44:38	xbmc/interfaces/Builtins.cpp	False	True	True	True
2896	Voyager1	2013-06-19 21:14:38	elupus	2013-06-27 16:44:38	xbmc/interfaces/json-rpc/PlayerOperations.cpp	False	True	True	True
2896	Voyager1	2013-06-19 21:14:38	elupus	2013-06-27 16:44:38	xbmc/music/windows/GUIWindowMusicBase.cpp	False	True	True	True
2896	Voyager1	2013-06-19 21:14:38	elupus	2013-06-27 16:44:38	xbmc/video/windows/GUIWindowFullScreen.cpp	False	True	True	True
2896	Voyager1	2013-06-19 21:14:38	elupus	2013-06-27 16:44:38	xbmc/ApplicationMessenger.cpp	False	True	True	True
2896	Voyager1	2013-06-19 21:14:38	elupus	2013-06-27 16:44:38	xbmc/Autorun.cpp	False	True	True	True
2896	Voyager1	2013-06-19 21:14:38	elupus	2013-06-27 16:44:38	xbmc/PartyModeManager.cpp	False	True	True	True
2896	Voyager1	2013-06-19 21:14:38	elupus	2013-06-27 16:44:38	xbmc/PlayListPlayer.cpp	False	True	True	True
2896	Voyager1	2013-06-19 21:14:38	elupus	2013-06-27 16:44:38	xbmc/android/activity/XBMCApp.cpp	False	True	True	True
2896	Voyager1	2013-06-19 21:14:38	elupus	2013-06-27 16:44:38	xbmc/guilib/GUIVideoControl.cpp	False	True	True	True
2896	Voyager1	2013-06-19 21:14:38	elupus	2013-06-27 16:44:38	xbmc/guilib/GraphicContext.cpp	False	True	True	True
2896	Voyager1	2013-06-19 21:14:38	elupus	2013-06-27 16:44:38	xbmc/guilib/GUIVisualisationControl.cpp	False	True	True	True
2896	Voyager1	2013-06-19 21:14:38	elupus	2013-06-27 16:44:38	xbmc/music/karaoke/GUIWindowKaraokeLyrics.cpp	False	True	True	True
2896	Voyager1	2013-06-19 21:14:38	elupus	2013-06-27 16:44:38	xbmc/network/WakeOnAccess.cpp	False	True	True	True
2896	Voyager1	2013-06-19 21:14:38	elupus	2013-06-27 16:44:38	xbmc/settings/windows/GUIWindowSettingsScreenCalibration.cpp	False	True	True	True
2896	Voyager1	2013-06-19 21:14:38	elupus	2013-06-27 16:44:38	xbmc/pictures/GUIWindowSlideShow.cpp	False	True	True	True
2896	Voyager1	2013-06-19 21:14:38	elupus	2013-06-27 16:44:38	xbmc/pictures/GUIWindowPictures.cpp	False	True	True	True
2896	Voyager1	2013-06-19 21:14:38	elupus	2013-06-27 16:44:38	xbmc/peripherals/devices/PeripheralCecAdapter.cpp	False	True	True	True
2896	Voyager1	2013-06-19 21:14:38	elupus	2013-06-27 16:44:38	xbmc/osx/ios/XBMCController.mm	False	True	True	True
2896	Voyager1	2013-06-19 21:14:38	elupus	2013-06-27 16:44:38	xbmc/osx/DarwinUtils.mm	False	True	True	True
2896	Voyager1	2013-06-19 21:14:38	elupus	2013-06-27 16:44:38	xbmc/network/upnp/UPnPRenderer.cpp	False	True	True	True
2896	Voyager1	2013-06-19 21:14:38	elupus	2013-06-27 16:44:38	xbmc/network/AirPlayServer.cpp	False	True	True	True
2896	Voyager1	2013-06-19 21:14:38	elupus	2013-06-27 16:44:38	xbmc/music/windows/GUIWindowVisualisation.cpp	False	True	True	True
2896	Voyager1	2013-06-19 21:14:38	elupus	2013-06-27 16:44:38	xbmc/music/windows/GUIWindowMusicSongs.cpp	False	True	True	True
2896	Voyager1	2013-06-19 21:14:38	elupus	2013-06-27 16:44:38	xbmc/music/windows/GUIWindowMusicPlaylist.cpp	False	True	True	True
2896	Voyager1	2013-06-19 21:14:38	elupus	2013-06-27 16:44:38	xbmc/music/karaoke/karaokelyricsmanager.cpp	False	True	True	True
2896	Voyager1	2013-06-19 21:14:38	elupus	2013-06-27 16:44:38	xbmc/storage/DetectDVDType.cpp	False	True	True	True
2895	verybadsoldier	2013-06-19 20:24:56	t4-ravenbird	2013-06-20 06:31:40	xbmc/Application.h	False	True	True	True
2895	verybadsoldier	2013-06-19 20:24:56	t4-ravenbird	2013-06-20 06:29:49	xbmc/Application.cpp	False	True	True	True
2895	verybadsoldier	2013-06-19 20:24:56	t4-ravenbird	2013-06-20 06:29:49	xbmc/Application.h	False	True	True	True
2895	verybadsoldier	2013-06-19 20:24:56	t4-ravenbird	2013-06-20 06:29:49	xbmc/powermanagement/PowerManager.cpp	False	True	True	True
2895	verybadsoldier	2013-06-19 20:24:56	t4-ravenbird	2013-06-20 06:31:40	xbmc/Application.cpp	False	True	True	True
2895	verybadsoldier	2013-06-19 20:24:56	t4-ravenbird	2013-06-20 06:31:40	xbmc/powermanagement/PowerManager.cpp	False	True	True	True
2895	verybadsoldier	2013-06-19 20:24:56	t4-ravenbird	2013-06-20 06:34:41	xbmc/powermanagement/PowerManager.cpp	False	True	True	True
2895	verybadsoldier	2013-06-19 20:24:56	t4-ravenbird	2013-06-20 06:34:41	xbmc/Application.cpp	False	True	True	True
2895	verybadsoldier	2013-06-19 20:24:56	t4-ravenbird	2013-06-20 06:34:41	xbmc/Application.h	False	True	True	True
2894	ace20022	2013-06-19 12:58:09	elupus	2013-06-27 16:37:13	xbmc/cores/dvdplayer/DVDPlayer.cpp	False	True	True	True
2894	ace20022	2013-06-19 12:58:09	elupus	2013-06-27 16:37:13	xbmc/cores/dvdplayer/DVDFileInfo.cpp	True	True	True	True
2894	ace20022	2013-06-19 12:58:09	elupus	2013-06-27 16:37:13	xbmc/GUIInfoManager.h	True	True	True	True
2894	ace20022	2013-06-19 12:58:09	elupus	2013-06-27 16:37:13	xbmc/GUIInfoManager.cpp	True	True	True	True
2894	ace20022	2013-06-19 12:58:09	elupus	2013-06-27 16:37:13	xbmc/utils/StreamDetails.h	False	True	True	True
2894	ace20022	2013-06-19 12:58:09	elupus	2013-06-27 16:37:13	xbmc/utils/StreamDetails.cpp	False	True	True	True
2894	ace20022	2013-06-19 12:58:09	elupus	2013-06-27 16:37:13	xbmc/cores/dvdplayer/DVDPlayer.h	False	True	True	True
2894	ace20022	2013-06-19 12:58:09	elupus	2013-06-27 16:37:13	xbmc/cores/dvdplayer/DVDFileInfo.h	False	True	True	True
2894	ace20022	2013-06-19 12:58:09	elupus	2013-06-27 16:37:13	xbmc/Util.cpp	True	True	True	True
2894	ace20022	2013-06-19 12:58:09	elupus	2013-06-27 16:37:13	xbmc/cores/dvdplayer/DVDFileInfo.h	True	True	True	True
2894	ace20022	2013-06-19 12:58:09	elupus	2013-06-27 16:37:13	xbmc/cores/dvdplayer/DVDPlayer.cpp	True	True	True	True
2894	ace20022	2013-06-19 12:58:09	elupus	2013-06-27 16:37:13	xbmc/utils/URIUtils.cpp	True	True	True	True
2894	ace20022	2013-06-19 12:58:09	elupus	2013-06-27 16:37:13	xbmc/settings/AdvancedSettings.h	True	True	True	True
2894	ace20022	2013-06-19 12:58:09	elupus	2013-06-27 16:37:13	xbmc/settings/AdvancedSettings.cpp	True	True	True	True
2894	ace20022	2013-06-19 12:58:09	elupus	2013-06-27 16:37:13	xbmc/Util.h	True	True	True	True
2894	ace20022	2013-06-19 12:58:09	elupus	2013-06-27 16:37:13	xbmc/cores/dvdplayer/DVDFileInfo.cpp	False	True	True	True
2894	ace20022	2013-06-19 12:58:09	elupus	2013-06-27 16:34:56	xbmc/Util.h	True	True	True	True
2894	ace20022	2013-06-19 12:58:09	elupus	2013-06-27 16:34:56	xbmc/Util.cpp	True	True	True	True
2894	ace20022	2013-06-19 12:58:09	elupus	2013-06-27 16:34:56	xbmc/cores/dvdplayer/DVDPlayer.h	False	True	True	True
2894	ace20022	2013-06-19 12:58:09	elupus	2013-06-27 16:34:56	xbmc/cores/dvdplayer/DVDFileInfo.h	True	True	True	True
2894	ace20022	2013-06-19 12:58:09	elupus	2013-06-27 16:34:56	xbmc/cores/dvdplayer/DVDFileInfo.cpp	True	True	True	True
2894	ace20022	2013-06-19 12:58:09	elupus	2013-06-27 16:34:56	xbmc/GUIInfoManager.h	True	True	True	True
2894	ace20022	2013-06-19 12:58:09	elupus	2013-06-27 16:34:56	xbmc/GUIInfoManager.cpp	True	True	True	True
2894	ace20022	2013-06-19 12:58:09	elupus	2013-06-27 16:34:56	xbmc/utils/StreamDetails.h	False	True	True	True
2894	ace20022	2013-06-19 12:58:09	elupus	2013-06-27 16:34:56	xbmc/settings/AdvancedSettings.cpp	True	True	True	True
2894	ace20022	2013-06-19 12:58:09	elupus	2013-06-27 16:34:56	xbmc/utils/StreamDetails.cpp	False	True	True	True
2894	ace20022	2013-06-19 12:58:09	elupus	2013-06-27 16:34:56	xbmc/cores/dvdplayer/DVDPlayer.cpp	False	True	True	True
2894	ace20022	2013-06-19 12:58:09	elupus	2013-06-27 16:34:56	xbmc/cores/dvdplayer/DVDFileInfo.h	False	True	True	True
2894	ace20022	2013-06-19 12:58:09	elupus	2013-06-27 16:34:56	xbmc/cores/dvdplayer/DVDFileInfo.cpp	False	True	True	True
2894	ace20022	2013-06-19 12:58:09	elupus	2013-06-27 16:34:56	xbmc/cores/dvdplayer/DVDPlayer.cpp	True	True	True	True
2894	ace20022	2013-06-19 12:58:09	elupus	2013-06-27 16:34:56	xbmc/utils/URIUtils.cpp	True	True	True	True
2894	ace20022	2013-06-19 12:58:09	elupus	2013-06-27 16:34:56	xbmc/settings/AdvancedSettings.h	True	True	True	True
2871	Tolriq	2013-06-12 22:27:07	Montellese	2013-06-13 05:42:04	xbmc/interfaces/json-rpc/FileOperations.cpp	True	True	True	True
2871	Tolriq	2013-06-12 22:27:07	Montellese	2013-06-13 05:46:55	xbmc/interfaces/json-rpc/FileItemHandler.cpp	True	True	True	True
2871	Tolriq	2013-06-12 22:27:07	Montellese	2013-06-13 05:42:04	xbmc/interfaces/json-rpc/FileItemHandler.cpp	True	True	True	True
2871	Tolriq	2013-06-12 22:27:07	Montellese	2013-06-13 05:46:55	xbmc/interfaces/json-rpc/FileOperations.cpp	True	True	True	True
2871	Tolriq	2013-06-12 22:27:07	Montellese	2013-06-13 15:49:43	xbmc/interfaces/json-rpc/FileItemHandler.cpp	True	True	True	True
2871	Tolriq	2013-06-12 22:27:07	Montellese	2013-06-13 15:49:43	xbmc/interfaces/json-rpc/FileOperations.cpp	True	True	True	True
2865	Fice	2013-06-11 18:13:44	Montellese	2013-07-04 17:28:01	xbmc/view/ViewStateSettings.h	True	True	True	True
2865	Fice	2013-06-11 18:13:44	Montellese	2013-07-04 17:28:01	xbmc/video/dialogs/GUIDialogVideoSettings.cpp	True	True	True	True
2865	Fice	2013-06-11 18:13:44	Montellese	2013-07-04 17:28:01	xbmc/GUIPassword.cpp	True	True	True	True
2865	Fice	2013-06-11 18:13:44	Montellese	2013-07-04 17:28:01	xbmc/GUIPassword.h	True	True	True	True
2865	Fice	2013-06-11 18:13:44	Montellese	2013-07-04 17:28:01	xbmc/profiles/Profile.cpp	True	True	True	True
2865	Fice	2013-06-11 18:13:44	Montellese	2013-07-04 17:28:01	xbmc/profiles/Profile.h	True	True	True	True
2865	Fice	2013-06-11 18:13:44	Montellese	2013-07-04 17:28:01	xbmc/profiles/dialogs/GUIDialogLockSettings.cpp	True	True	True	True
2865	Fice	2013-06-11 18:13:44	Montellese	2013-07-04 17:28:01	xbmc/profiles/dialogs/GUIDialogProfileSettings.cpp	True	True	True	True
2865	Fice	2013-06-11 18:13:44	Montellese	2013-07-04 17:28:01	xbmc/settings/Settings.cpp	True	True	True	True
2865	Fice	2013-06-11 18:13:44	Montellese	2013-07-04 17:28:01	xbmc/settings/windows/GUIWindowSettingsCategory.cpp	True	True	True	True
2865	Fice	2013-06-11 18:13:44	Montellese	2013-07-04 17:28:01	xbmc/view/ViewStateSettings.cpp	True	True	True	True
2865	Fice	2013-06-11 18:13:44	Montellese	2013-07-04 17:27:19	xbmc/video/dialogs/GUIDialogAudioSubtitleSettings.cpp	True	True	True	True
2865	Fice	2013-06-11 18:13:44	Montellese	2013-07-04 17:28:16	xbmc/view/ViewStateSettings.h	True	True	True	True
2865	Fice	2013-06-11 18:13:44	Montellese	2013-07-04 17:27:19	xbmc/video/dialogs/GUIDialogVideoSettings.cpp	True	True	True	True
2865	Fice	2013-06-11 18:13:44	Montellese	2013-07-04 17:27:19	xbmc/GUIPassword.cpp	True	True	True	True
2865	Fice	2013-06-11 18:13:44	Montellese	2013-07-04 17:27:19	xbmc/GUIPassword.h	True	True	True	True
2865	Fice	2013-06-11 18:13:44	Montellese	2013-07-04 17:27:19	xbmc/profiles/Profile.cpp	True	True	True	True
2865	Fice	2013-06-11 18:13:44	Montellese	2013-07-04 17:27:19	xbmc/profiles/dialogs/GUIDialogLockSettings.cpp	True	True	True	True
2865	Fice	2013-06-11 18:13:44	Montellese	2013-07-04 17:27:19	xbmc/profiles/dialogs/GUIDialogProfileSettings.cpp	True	True	True	True
2865	Fice	2013-06-11 18:13:44	Montellese	2013-07-04 17:27:19	xbmc/settings/Settings.cpp	True	True	True	True
2865	Fice	2013-06-11 18:13:44	Montellese	2013-07-04 17:27:19	xbmc/settings/windows/GUIWindowSettingsCategory.cpp	True	True	True	True
2865	Fice	2013-06-11 18:13:44	Montellese	2013-07-04 17:27:19	xbmc/view/ViewStateSettings.cpp	True	True	True	True
2865	Fice	2013-06-11 18:13:44	Montellese	2013-07-04 17:28:01	xbmc/video/dialogs/GUIDialogAudioSubtitleSettings.cpp	True	True	True	True
2865	Fice	2013-06-11 18:13:44	Montellese	2013-07-04 17:28:16	xbmc/view/ViewStateSettings.cpp	True	True	True	True
2865	Fice	2013-06-11 18:13:44	Montellese	2013-07-04 17:25:38	xbmc/video/dialogs/GUIDialogAudioSubtitleSettings.cpp	True	True	True	True
2865	Fice	2013-06-11 18:13:44	Montellese	2013-07-04 17:28:16	xbmc/settings/windows/GUIWindowSettingsCategory.cpp	True	True	True	True
2865	Fice	2013-06-11 18:13:44	Montellese	2013-07-05 10:01:59	xbmc/video/dialogs/GUIDialogAudioSubtitleSettings.cpp	True	True	True	True
2865	Fice	2013-06-11 18:13:44	Montellese	2013-07-05 10:01:59	xbmc/video/dialogs/GUIDialogVideoSettings.cpp	True	True	True	True
2865	Fice	2013-06-11 18:13:44	Montellese	2013-07-05 10:01:59	xbmc/GUIPassword.cpp	True	True	True	True
2865	Fice	2013-06-11 18:13:44	Montellese	2013-07-05 10:01:59	xbmc/GUIPassword.h	True	True	True	True
2865	Fice	2013-06-11 18:13:44	Montellese	2013-07-05 10:01:59	xbmc/profiles/Profile.cpp	True	True	True	True
2865	Fice	2013-06-11 18:13:44	Montellese	2013-07-05 10:01:59	xbmc/profiles/Profile.h	True	True	True	True
2865	Fice	2013-06-11 18:13:44	Montellese	2013-07-05 10:01:59	xbmc/profiles/dialogs/GUIDialogLockSettings.cpp	True	True	True	True
2865	Fice	2013-06-11 18:13:44	Montellese	2013-07-05 10:01:59	xbmc/profiles/dialogs/GUIDialogProfileSettings.cpp	True	True	True	True
2865	Fice	2013-06-11 18:13:44	Montellese	2013-07-05 10:01:59	xbmc/settings/Settings.cpp	True	True	True	True
2865	Fice	2013-06-11 18:13:44	Montellese	2013-07-05 10:01:59	xbmc/settings/windows/GUIWindowSettingsCategory.cpp	True	True	True	True
2865	Fice	2013-06-11 18:13:44	Montellese	2013-07-05 10:01:59	xbmc/view/ViewStateSettings.cpp	True	True	True	True
2865	Fice	2013-06-11 18:13:44	Montellese	2013-07-05 10:01:59	xbmc/view/ViewStateSettings.h	True	True	True	True
2865	Fice	2013-06-11 18:13:44	Montellese	2013-07-04 17:28:16	xbmc/video/dialogs/GUIDialogAudioSubtitleSettings.cpp	True	True	True	True
2865	Fice	2013-06-11 18:13:44	Montellese	2013-07-04 17:28:16	xbmc/video/dialogs/GUIDialogVideoSettings.cpp	True	True	True	True
2865	Fice	2013-06-11 18:13:44	Montellese	2013-07-04 17:28:16	xbmc/GUIPassword.cpp	True	True	True	True
2865	Fice	2013-06-11 18:13:44	Montellese	2013-07-04 17:28:16	xbmc/GUIPassword.h	True	True	True	True
2865	Fice	2013-06-11 18:13:44	Montellese	2013-07-04 17:28:16	xbmc/profiles/Profile.cpp	True	True	True	True
2865	Fice	2013-06-11 18:13:44	Montellese	2013-07-04 17:28:16	xbmc/profiles/Profile.h	True	True	True	True
2865	Fice	2013-06-11 18:13:44	Montellese	2013-07-04 17:28:16	xbmc/profiles/dialogs/GUIDialogLockSettings.cpp	True	True	True	True
2865	Fice	2013-06-11 18:13:44	Montellese	2013-07-04 17:28:16	xbmc/profiles/dialogs/GUIDialogProfileSettings.cpp	True	True	True	True
2865	Fice	2013-06-11 18:13:44	Montellese	2013-07-04 17:28:16	xbmc/settings/Settings.cpp	True	True	True	True
2865	Fice	2013-06-11 18:13:44	Montellese	2013-07-04 17:27:19	xbmc/view/ViewStateSettings.h	True	True	True	True
2865	Fice	2013-06-11 18:13:44	Montellese	2013-07-04 17:27:19	xbmc/profiles/Profile.h	True	True	True	True
2865	Fice	2013-06-11 18:13:44	Montellese	2013-07-04 17:25:38	xbmc/video/dialogs/GUIDialogVideoSettings.cpp	True	True	True	True
2865	Fice	2013-06-11 18:13:44	Montellese	2013-07-04 17:24:19	xbmc/video/dialogs/GUIDialogVideoSettings.cpp	True	True	True	True
2865	Fice	2013-06-11 18:13:44	Montellese	2013-07-04 17:24:19	xbmc/GUIPassword.h	True	True	True	True
2865	Fice	2013-06-11 18:13:44	Montellese	2013-07-04 17:24:19	xbmc/profiles/Profile.cpp	True	True	True	True
2865	Fice	2013-06-11 18:13:44	Montellese	2013-07-04 17:24:19	xbmc/profiles/Profile.h	True	True	True	True
2865	Fice	2013-06-11 18:13:44	Montellese	2013-07-04 17:24:19	xbmc/profiles/dialogs/GUIDialogLockSettings.cpp	True	True	True	True
2865	Fice	2013-06-11 18:13:44	Montellese	2013-07-04 17:25:38	xbmc/GUIPassword.cpp	True	True	True	True
2865	Fice	2013-06-11 18:13:44	Montellese	2013-07-04 17:24:19	xbmc/settings/Settings.cpp	True	True	True	True
2865	Fice	2013-06-11 18:13:44	Montellese	2013-07-04 17:24:19	xbmc/settings/windows/GUIWindowSettingsCategory.cpp	True	True	True	True
2865	Fice	2013-06-11 18:13:44	Montellese	2013-07-04 17:24:19	xbmc/view/ViewStateSettings.cpp	True	True	True	True
2865	Fice	2013-06-11 18:13:44	Montellese	2013-07-04 17:24:19	xbmc/view/ViewStateSettings.h	True	True	True	True
2865	Fice	2013-06-11 18:13:44	Montellese	2013-07-04 17:25:56	xbmc/video/dialogs/GUIDialogAudioSubtitleSettings.cpp	True	True	True	True
2865	Fice	2013-06-11 18:13:44	Montellese	2013-07-04 17:25:56	xbmc/video/dialogs/GUIDialogVideoSettings.cpp	True	True	True	True
2865	Fice	2013-06-11 18:13:44	Montellese	2013-07-04 17:25:56	xbmc/GUIPassword.cpp	True	True	True	True
2865	Fice	2013-06-11 18:13:44	Montellese	2013-07-04 17:25:56	xbmc/GUIPassword.h	True	True	True	True
2865	Fice	2013-06-11 18:13:44	Montellese	2013-07-04 17:25:56	xbmc/profiles/Profile.cpp	True	True	True	True
2865	Fice	2013-06-11 18:13:44	Montellese	2013-07-04 17:25:56	xbmc/profiles/Profile.h	True	True	True	True
2865	Fice	2013-06-11 18:13:44	Montellese	2013-07-04 17:25:56	xbmc/profiles/dialogs/GUIDialogLockSettings.cpp	True	True	True	True
2865	Fice	2013-06-11 18:13:44	Montellese	2013-07-04 17:25:56	xbmc/profiles/dialogs/GUIDialogProfileSettings.cpp	True	True	True	True
2865	Fice	2013-06-11 18:13:44	Montellese	2013-07-04 17:25:56	xbmc/settings/Settings.cpp	True	True	True	True
2865	Fice	2013-06-11 18:13:44	Montellese	2013-07-04 17:25:56	xbmc/settings/windows/GUIWindowSettingsCategory.cpp	True	True	True	True
2865	Fice	2013-06-11 18:13:44	Montellese	2013-07-04 17:25:56	xbmc/view/ViewStateSettings.cpp	True	True	True	True
2865	Fice	2013-06-11 18:13:44	Montellese	2013-07-04 17:25:56	xbmc/view/ViewStateSettings.h	True	True	True	True
2865	Fice	2013-06-11 18:13:44	Montellese	2013-07-04 17:24:19	xbmc/GUIPassword.cpp	True	True	True	True
2865	Fice	2013-06-11 18:13:44	Montellese	2013-07-04 17:24:19	xbmc/profiles/dialogs/GUIDialogProfileSettings.cpp	True	True	True	True
2865	Fice	2013-06-11 18:13:44	Montellese	2013-07-04 17:24:19	xbmc/video/dialogs/GUIDialogAudioSubtitleSettings.cpp	True	True	True	True
2865	Fice	2013-06-11 18:13:44	Montellese	2013-07-04 17:25:09	xbmc/video/dialogs/GUIDialogAudioSubtitleSettings.cpp	True	True	True	True
2865	Fice	2013-06-11 18:13:44	Montellese	2013-07-04 17:25:38	xbmc/GUIPassword.h	True	True	True	True
2865	Fice	2013-06-11 18:13:44	Montellese	2013-07-04 17:25:38	xbmc/profiles/Profile.cpp	True	True	True	True
2865	Fice	2013-06-11 18:13:44	Montellese	2013-07-04 17:25:38	xbmc/profiles/Profile.h	True	True	True	True
2865	Fice	2013-06-11 18:13:44	Montellese	2013-07-04 17:25:09	xbmc/view/ViewStateSettings.h	True	True	True	True
2865	Fice	2013-06-11 18:13:44	Montellese	2013-07-04 17:25:38	xbmc/profiles/dialogs/GUIDialogProfileSettings.cpp	True	True	True	True
2865	Fice	2013-06-11 18:13:44	Montellese	2013-07-04 17:25:38	xbmc/settings/Settings.cpp	True	True	True	True
2865	Fice	2013-06-11 18:13:44	Montellese	2013-07-04 17:25:38	xbmc/settings/windows/GUIWindowSettingsCategory.cpp	True	True	True	True
2865	Fice	2013-06-11 18:13:44	Montellese	2013-07-04 17:25:38	xbmc/view/ViewStateSettings.cpp	True	True	True	True
2865	Fice	2013-06-11 18:13:44	Montellese	2013-07-04 17:25:38	xbmc/view/ViewStateSettings.h	True	True	True	True
2865	Fice	2013-06-11 18:13:44	Montellese	2013-07-04 17:25:38	xbmc/profiles/dialogs/GUIDialogLockSettings.cpp	True	True	True	True
2865	Fice	2013-06-11 18:13:44	Montellese	2013-07-04 17:25:09	xbmc/video/dialogs/GUIDialogVideoSettings.cpp	True	True	True	True
2865	Fice	2013-06-11 18:13:44	Montellese	2013-07-04 17:25:09	xbmc/GUIPassword.h	True	True	True	True
2865	Fice	2013-06-11 18:13:44	Montellese	2013-07-04 17:25:09	xbmc/profiles/Profile.cpp	True	True	True	True
2865	Fice	2013-06-11 18:13:44	Montellese	2013-07-04 17:25:09	xbmc/profiles/Profile.h	True	True	True	True
2865	Fice	2013-06-11 18:13:44	Montellese	2013-07-04 17:25:09	xbmc/profiles/dialogs/GUIDialogLockSettings.cpp	True	True	True	True
2865	Fice	2013-06-11 18:13:44	Montellese	2013-07-04 17:25:09	xbmc/profiles/dialogs/GUIDialogProfileSettings.cpp	True	True	True	True
2865	Fice	2013-06-11 18:13:44	Montellese	2013-07-04 17:25:09	xbmc/settings/Settings.cpp	True	True	True	True
2865	Fice	2013-06-11 18:13:44	Montellese	2013-07-04 17:25:09	xbmc/settings/windows/GUIWindowSettingsCategory.cpp	True	True	True	True
2865	Fice	2013-06-11 18:13:44	Montellese	2013-07-04 17:25:09	xbmc/view/ViewStateSettings.cpp	True	True	True	True
2865	Fice	2013-06-11 18:13:44	Montellese	2013-07-04 17:25:09	xbmc/GUIPassword.cpp	True	True	True	True
2849	popcornmix	2013-06-08 15:14:54	elupus	2013-06-08 15:17:18	xbmc/cores/omxplayer/OMXPlayerVideo.h	True	True	True	True
2849	popcornmix	2013-06-08 15:14:54	elupus	2013-06-08 15:17:18	xbmc/cores/omxplayer/OMXPlayerVideo.cpp	True	True	True	True
2839	ace20022	2013-06-06 13:53:22	pieh	2013-06-09 12:58:31	xbmc/utils/LangCodeExpander.h	False	True	True	True
2839	ace20022	2013-06-06 13:53:22	pieh	2013-06-09 12:58:31	xbmc/cores/dvdplayer/DVDPlayer.cpp	False	True	True	True
2839	ace20022	2013-06-06 13:53:22	pieh	2013-06-09 12:58:31	xbmc/cores/omxplayer/OMXPlayer.cpp	False	True	True	True
2839	ace20022	2013-06-06 13:53:22	pieh	2013-06-09 12:58:31	xbmc/utils/LangCodeExpander.cpp	False	True	True	True
2839	ace20022	2013-06-06 13:53:22	pieh	2013-06-09 12:58:31	xbmc/utils/LangCodeExpander.h	True	True	True	True
2839	ace20022	2013-06-06 13:53:22	pieh	2013-06-09 12:58:31	xbmc/cores/dvdplayer/DVDPlayer.cpp	True	True	True	True
2839	ace20022	2013-06-06 13:53:22	pieh	2013-06-09 12:58:31	xbmc/cores/omxplayer/OMXPlayer.cpp	True	True	True	True
2839	ace20022	2013-06-06 13:53:22	pieh	2013-06-09 12:58:31	xbmc/utils/LangCodeExpander.cpp	True	True	True	True
2837	jhsrennie	2013-06-06 08:12:21	jmarshallnz	2013-06-07 05:52:59	xbmc/interfaces/Builtins.cpp	True	True	True	True
2837	jhsrennie	2013-06-06 08:12:21	jmarshallnz	2013-06-07 05:52:22	xbmc/interfaces/Builtins.cpp	True	True	True	True
2837	jhsrennie	2013-06-06 08:12:21	jmarshallnz	2013-06-07 05:52:22	xbmc/win32/WIN32Util.h	True	True	True	True
2837	jhsrennie	2013-06-06 08:12:21	jmarshallnz	2013-06-07 05:52:22	xbmc/interfaces/Builtins.cpp	False	True	True	True
2837	jhsrennie	2013-06-06 08:12:21	jmarshallnz	2013-06-07 05:52:22	system/keymaps/keyboard.xml	True	True	True	True
2837	jhsrennie	2013-06-06 08:12:21	jmarshallnz	2013-06-07 05:52:22	xbmc/Application.cpp	False	True	True	True
2837	jhsrennie	2013-06-06 08:12:21	jmarshallnz	2013-06-07 05:52:22	xbmc/win32/WIN32Util.cpp	True	True	True	True
2837	jhsrennie	2013-06-06 08:12:21	jmarshallnz	2013-06-07 05:52:59	xbmc/win32/WIN32Util.cpp	True	True	True	True
2837	jhsrennie	2013-06-06 08:12:21	jmarshallnz	2013-06-07 05:52:59	xbmc/interfaces/Builtins.cpp	False	True	True	True
2837	jhsrennie	2013-06-06 08:12:21	jmarshallnz	2013-06-07 05:52:59	system/keymaps/keyboard.xml	True	True	True	True
2837	jhsrennie	2013-06-06 08:12:21	jmarshallnz	2013-06-07 05:52:59	xbmc/Application.cpp	False	True	True	True
2837	jhsrennie	2013-06-06 08:12:21	jmarshallnz	2013-06-07 05:52:59	xbmc/win32/WIN32Util.h	True	True	True	True
2831	Karlson2k	2013-06-05 11:01:55	ace20022	2013-06-05 11:34:03	xbmc/utils/LangCodeExpander.h	False	True	True	True
2831	Karlson2k	2013-06-05 11:01:55	ace20022	2013-06-05 11:34:03	xbmc/utils/SystemInfo.cpp	False	True	True	True
2831	Karlson2k	2013-06-05 11:01:55	ace20022	2013-06-05 11:34:03	xbmc/utils/SystemInfo.h	False	True	True	True
2831	Karlson2k	2013-06-05 11:01:55	ace20022	2013-06-05 11:34:03	xbmc/utils/StringUtils.cpp	False	True	True	True
2831	Karlson2k	2013-06-05 11:01:55	ace20022	2013-06-05 11:34:03	xbmc/utils/StringUtils.h	False	True	True	True
2831	Karlson2k	2013-06-05 11:01:55	ace20022	2013-06-05 11:34:03	xbmc/utils/LangCodeExpander.cpp	True	True	True	True
2831	Karlson2k	2013-06-05 11:01:55	ace20022	2013-06-05 11:34:03	xbmc/utils/RegExp.cpp	False	True	True	True
2831	Karlson2k	2013-06-05 11:01:55	ace20022	2013-06-05 11:34:03	xbmc/utils/RegExp.h	False	True	True	True
2831	Karlson2k	2013-06-05 11:01:55	ace20022	2013-06-05 11:34:03	xbmc/utils/LangCodeExpander.cpp	False	True	True	True
2831	Karlson2k	2013-06-05 11:01:55	ace20022	2013-06-05 11:34:03	xbmc/utils/LangCodeExpander.h	True	True	True	True
2831	Karlson2k	2013-06-05 11:01:55	ace20022	2013-06-05 11:34:03	xbmc/android/activity/XBMCApp.cpp	False	True	True	True
2831	Karlson2k	2013-06-05 11:01:55	ace20022	2013-06-05 11:34:03	xbmc/LangInfo.cpp	False	True	True	True
2831	Karlson2k	2013-06-05 11:01:55	ace20022	2013-06-05 11:34:03	xbmc/LangInfo.h	False	True	True	True
2831	Karlson2k	2013-06-05 11:01:55	ace20022	2013-06-05 11:34:03	xbmc/settings/Settings.cpp	False	True	True	True
2831	Karlson2k	2013-06-05 11:01:55	ace20022	2013-06-05 11:34:03	xbmc/android/jni/Locale.cpp	False	True	True	True
2831	Karlson2k	2013-06-05 11:01:55	ace20022	2013-06-05 11:34:03	xbmc/android/jni/Locale.h	False	True	True	True
2831	Karlson2k	2013-06-05 11:01:55	ace20022	2013-06-05 11:34:03	xbmc/android/jni/Makefile.in	False	True	True	True
2831	Karlson2k	2013-06-05 11:01:55	ace20022	2013-06-05 11:34:03	xbmc/LangInfo.cpp	True	True	True	True
2831	Karlson2k	2013-06-05 11:01:55	ace20022	2013-06-05 11:34:03	xbmc/android/activity/XBMCApp.h	False	True	True	True
2823	jmarshallnz	2013-06-03 05:20:33	Montellese	2013-06-03 06:39:12	xbmc/listproviders/IListProvider.cpp	False	True	True	True
2823	jmarshallnz	2013-06-03 05:20:33	Montellese	2013-06-03 06:39:12	xbmc/guilib/GUIStaticItem.cpp	True	True	True	True
2823	jmarshallnz	2013-06-03 05:20:33	Montellese	2013-06-03 06:39:12	xbmc/listproviders/StaticProvider.h	False	True	True	True
2823	jmarshallnz	2013-06-03 05:20:33	Montellese	2013-06-03 06:39:12	xbmc/listproviders/StaticProvider.cpp	False	True	True	True
2823	jmarshallnz	2013-06-03 05:20:33	Montellese	2013-06-03 06:39:12	xbmc/listproviders/Makefile	False	True	True	True
2823	jmarshallnz	2013-06-03 05:20:33	Montellese	2013-06-03 06:39:12	xbmc/listproviders/IListProvider.h	False	True	True	True
2823	jmarshallnz	2013-06-03 05:20:33	Montellese	2013-06-03 06:39:12	XBMC.xcodeproj/project.pbxproj	False	True	True	True
2823	jmarshallnz	2013-06-03 05:20:33	Montellese	2013-06-03 06:39:12	xbmc/interfaces/legacy/Control.cpp	False	True	True	True
2823	jmarshallnz	2013-06-03 05:20:33	Montellese	2013-06-03 06:39:12	xbmc/guilib/GUIControlFactory.cpp	False	True	True	True
2823	jmarshallnz	2013-06-03 05:20:33	Montellese	2013-06-03 06:39:12	xbmc/guilib/GUIBaseContainer.h	False	True	True	True
2823	jmarshallnz	2013-06-03 05:20:33	Montellese	2013-06-03 06:39:12	xbmc/guilib/GUIBaseContainer.cpp	False	True	True	True
2823	jmarshallnz	2013-06-03 05:20:33	Montellese	2013-06-03 06:39:12	project/VS2010Express/XBMC.vcxproj	False	True	True	True
2823	jmarshallnz	2013-06-03 05:20:33	Montellese	2013-06-03 06:39:12	xbmc/video/PlayerController.cpp	True	True	True	True
2823	jmarshallnz	2013-06-03 05:20:33	Montellese	2013-06-03 06:39:12	xbmc/guilib/GUIStaticItem.h	True	True	True	True
2823	jmarshallnz	2013-06-03 05:20:33	Montellese	2013-06-03 06:44:23	xbmc/listproviders/StaticProvider.cpp	False	True	True	True
2823	jmarshallnz	2013-06-03 05:20:33	Montellese	2013-06-03 06:44:23	Makefile.in	False	True	True	True
2823	jmarshallnz	2013-06-03 05:20:33	Montellese	2013-06-03 06:44:23	XBMC.xcodeproj/project.pbxproj	False	True	True	True
2823	jmarshallnz	2013-06-03 05:20:33	Montellese	2013-06-03 06:44:23	project/VS2010Express/XBMC.vcxproj	False	True	True	True
2823	jmarshallnz	2013-06-03 05:20:33	Montellese	2013-06-03 06:44:23	project/VS2010Express/XBMC.vcxproj.filters	False	True	True	True
2823	jmarshallnz	2013-06-03 05:20:33	Montellese	2013-06-03 06:44:23	xbmc/guilib/GUIBaseContainer.cpp	False	True	True	True
2823	jmarshallnz	2013-06-03 05:20:33	Montellese	2013-06-03 06:44:23	xbmc/guilib/GUIBaseContainer.h	False	True	True	True
2823	jmarshallnz	2013-06-03 05:20:33	Montellese	2013-06-03 06:44:23	xbmc/guilib/GUIControlFactory.cpp	False	True	True	True
2823	jmarshallnz	2013-06-03 05:20:33	Montellese	2013-06-03 06:44:23	xbmc/interfaces/legacy/Control.cpp	False	True	True	True
2823	jmarshallnz	2013-06-03 05:20:33	Montellese	2013-06-03 06:44:23	xbmc/listproviders/IListProvider.cpp	False	True	True	True
2823	jmarshallnz	2013-06-03 05:20:33	Montellese	2013-06-03 06:44:23	xbmc/listproviders/IListProvider.h	False	True	True	True
2823	jmarshallnz	2013-06-03 05:20:33	Montellese	2013-06-03 06:44:23	xbmc/listproviders/Makefile	False	True	True	True
2823	jmarshallnz	2013-06-03 05:20:33	Montellese	2013-06-03 06:36:07	xbmc/video/PlayerController.cpp	True	True	True	True
2823	jmarshallnz	2013-06-03 05:20:33	Montellese	2013-06-03 06:44:23	xbmc/listproviders/StaticProvider.h	False	True	True	True
2823	jmarshallnz	2013-06-03 05:20:33	Montellese	2013-06-03 06:44:23	xbmc/guilib/GUIStaticItem.cpp	True	True	True	True
2823	jmarshallnz	2013-06-03 05:20:33	Montellese	2013-06-03 06:44:23	xbmc/guilib/GUIStaticItem.h	True	True	True	True
2823	jmarshallnz	2013-06-03 05:20:33	Montellese	2013-06-03 06:39:12	Makefile.in	False	True	True	True
2823	jmarshallnz	2013-06-03 05:20:33	Montellese	2013-06-03 06:36:07	xbmc/guilib/GUIBaseContainer.cpp	False	True	True	True
2823	jmarshallnz	2013-06-03 05:20:33	Montellese	2013-06-03 06:36:07	xbmc/guilib/GUIStaticItem.h	True	True	True	True
2823	jmarshallnz	2013-06-03 05:20:33	Montellese	2013-06-03 06:36:07	xbmc/guilib/GUIStaticItem.cpp	True	True	True	True
2823	jmarshallnz	2013-06-03 05:20:33	Montellese	2013-06-03 06:41:01	Makefile.in	False	True	True	True
2823	jmarshallnz	2013-06-03 05:20:33	Montellese	2013-06-03 06:41:01	XBMC.xcodeproj/project.pbxproj	False	True	True	True
2823	jmarshallnz	2013-06-03 05:20:33	Montellese	2013-06-03 06:41:01	project/VS2010Express/XBMC.vcxproj	False	True	True	True
2823	jmarshallnz	2013-06-03 05:20:33	Montellese	2013-06-03 06:41:01	project/VS2010Express/XBMC.vcxproj.filters	False	True	True	True
2823	jmarshallnz	2013-06-03 05:20:33	Montellese	2013-06-03 06:41:01	xbmc/guilib/GUIBaseContainer.cpp	False	True	True	True
2823	jmarshallnz	2013-06-03 05:20:33	Montellese	2013-06-03 06:41:01	xbmc/guilib/GUIBaseContainer.h	False	True	True	True
2823	jmarshallnz	2013-06-03 05:20:33	Montellese	2013-06-03 06:41:01	xbmc/guilib/GUIControlFactory.cpp	False	True	True	True
2823	jmarshallnz	2013-06-03 05:20:33	Montellese	2013-06-03 06:41:01	xbmc/interfaces/legacy/Control.cpp	False	True	True	True
2823	jmarshallnz	2013-06-03 05:20:33	Montellese	2013-06-03 06:41:01	xbmc/listproviders/IListProvider.cpp	False	True	True	True
2823	jmarshallnz	2013-06-03 05:20:33	Montellese	2013-06-03 06:41:01	xbmc/listproviders/IListProvider.h	False	True	True	True
2823	jmarshallnz	2013-06-03 05:20:33	Montellese	2013-06-03 06:41:01	xbmc/listproviders/Makefile	False	True	True	True
2823	jmarshallnz	2013-06-03 05:20:33	Montellese	2013-06-03 06:41:01	xbmc/listproviders/StaticProvider.cpp	False	True	True	True
2823	jmarshallnz	2013-06-03 05:20:33	Montellese	2013-06-03 06:41:01	xbmc/listproviders/StaticProvider.h	False	True	True	True
2823	jmarshallnz	2013-06-03 05:20:33	Montellese	2013-06-03 06:41:01	xbmc/guilib/GUIStaticItem.cpp	True	True	True	True
2823	jmarshallnz	2013-06-03 05:20:33	Montellese	2013-06-03 06:41:01	xbmc/guilib/GUIStaticItem.h	True	True	True	True
2823	jmarshallnz	2013-06-03 05:20:33	Montellese	2013-06-03 06:41:01	xbmc/video/PlayerController.cpp	True	True	True	True
2823	jmarshallnz	2013-06-03 05:20:33	Montellese	2013-06-03 06:36:07	Makefile.in	False	True	True	True
2823	jmarshallnz	2013-06-03 05:20:33	Montellese	2013-06-03 06:36:07	XBMC.xcodeproj/project.pbxproj	False	True	True	True
2823	jmarshallnz	2013-06-03 05:20:33	Montellese	2013-06-03 06:36:07	project/VS2010Express/XBMC.vcxproj	False	True	True	True
2823	jmarshallnz	2013-06-03 05:20:33	Montellese	2013-06-03 06:36:07	project/VS2010Express/XBMC.vcxproj.filters	False	True	True	True
2823	jmarshallnz	2013-06-03 05:20:33	Montellese	2013-06-03 06:49:27	Makefile.in	False	True	True	True
2823	jmarshallnz	2013-06-03 05:20:33	Montellese	2013-06-03 06:36:07	xbmc/guilib/GUIBaseContainer.h	False	True	True	True
2823	jmarshallnz	2013-06-03 05:20:33	Montellese	2013-06-03 06:36:07	xbmc/guilib/GUIControlFactory.cpp	False	True	True	True
2823	jmarshallnz	2013-06-03 05:20:33	Montellese	2013-06-03 06:36:07	xbmc/interfaces/legacy/Control.cpp	False	True	True	True
2823	jmarshallnz	2013-06-03 05:20:33	Montellese	2013-06-03 06:36:07	xbmc/listproviders/IListProvider.cpp	False	True	True	True
2823	jmarshallnz	2013-06-03 05:20:33	Montellese	2013-06-03 06:36:07	xbmc/listproviders/IListProvider.h	False	True	True	True
2823	jmarshallnz	2013-06-03 05:20:33	Montellese	2013-06-03 06:36:07	xbmc/listproviders/Makefile	False	True	True	True
2823	jmarshallnz	2013-06-03 05:20:33	Montellese	2013-06-03 06:36:07	xbmc/listproviders/StaticProvider.cpp	False	True	True	True
2823	jmarshallnz	2013-06-03 05:20:33	Montellese	2013-06-03 06:36:07	xbmc/listproviders/StaticProvider.h	False	True	True	True
2823	jmarshallnz	2013-06-03 05:20:33	Montellese	2013-06-03 06:44:23	xbmc/video/PlayerController.cpp	True	True	True	True
2823	jmarshallnz	2013-06-03 05:20:33	Montellese	2013-06-03 06:39:12	project/VS2010Express/XBMC.vcxproj.filters	False	True	True	True
2823	jmarshallnz	2013-06-03 05:20:33	Montellese	2013-06-03 06:49:27	XBMC.xcodeproj/project.pbxproj	False	True	True	True
2823	jmarshallnz	2013-06-03 05:20:33	Montellese	2013-06-03 06:48:10	XBMC.xcodeproj/project.pbxproj	False	True	True	True
2823	jmarshallnz	2013-06-03 05:20:33	Montellese	2013-06-03 06:48:10	project/VS2010Express/XBMC.vcxproj.filters	False	True	True	True
2823	jmarshallnz	2013-06-03 05:20:33	Montellese	2013-06-03 06:48:10	xbmc/guilib/GUIBaseContainer.cpp	False	True	True	True
2823	jmarshallnz	2013-06-03 05:20:33	Montellese	2013-06-03 06:48:10	xbmc/guilib/GUIBaseContainer.h	False	True	True	True
2823	jmarshallnz	2013-06-03 05:20:33	Montellese	2013-06-03 06:48:10	xbmc/guilib/GUIControlFactory.cpp	False	True	True	True
2823	jmarshallnz	2013-06-03 05:20:33	Montellese	2013-06-03 06:48:10	xbmc/interfaces/legacy/Control.cpp	False	True	True	True
2823	jmarshallnz	2013-06-03 05:20:33	Montellese	2013-06-03 06:48:10	xbmc/listproviders/IListProvider.cpp	False	True	True	True
2823	jmarshallnz	2013-06-03 05:20:33	Montellese	2013-06-03 06:48:10	xbmc/listproviders/IListProvider.h	False	True	True	True
2823	jmarshallnz	2013-06-03 05:20:33	Montellese	2013-06-03 06:48:10	xbmc/listproviders/Makefile	False	True	True	True
2823	jmarshallnz	2013-06-03 05:20:33	Montellese	2013-06-03 06:48:10	xbmc/listproviders/StaticProvider.cpp	False	True	True	True
2823	jmarshallnz	2013-06-03 05:20:33	Montellese	2013-06-03 06:48:10	xbmc/listproviders/StaticProvider.h	False	True	True	True
2823	jmarshallnz	2013-06-03 05:20:33	Montellese	2013-06-03 06:48:10	xbmc/guilib/GUIStaticItem.cpp	True	True	True	True
2823	jmarshallnz	2013-06-03 05:20:33	Montellese	2013-06-03 06:48:10	xbmc/guilib/GUIStaticItem.h	True	True	True	True
2823	jmarshallnz	2013-06-03 05:20:33	Montellese	2013-06-03 06:48:10	xbmc/video/PlayerController.cpp	True	True	True	True
2823	jmarshallnz	2013-06-03 05:20:33	Montellese	2013-06-03 06:51:30	Makefile.in	False	True	True	True
2823	jmarshallnz	2013-06-03 05:20:33	Montellese	2013-06-03 06:51:30	XBMC.xcodeproj/project.pbxproj	False	True	True	True
2823	jmarshallnz	2013-06-03 05:20:33	Montellese	2013-06-03 06:51:30	project/VS2010Express/XBMC.vcxproj	False	True	True	True
2823	jmarshallnz	2013-06-03 05:20:33	Montellese	2013-06-03 06:51:30	project/VS2010Express/XBMC.vcxproj.filters	False	True	True	True
2823	jmarshallnz	2013-06-03 05:20:33	Montellese	2013-06-03 06:51:30	xbmc/guilib/GUIBaseContainer.cpp	False	True	True	True
2823	jmarshallnz	2013-06-03 05:20:33	Montellese	2013-06-03 06:51:30	xbmc/guilib/GUIControlFactory.cpp	False	True	True	True
2823	jmarshallnz	2013-06-03 05:20:33	Montellese	2013-06-03 06:51:30	xbmc/interfaces/legacy/Control.cpp	False	True	True	True
2823	jmarshallnz	2013-06-03 05:20:33	Montellese	2013-06-03 06:51:30	xbmc/listproviders/IListProvider.cpp	False	True	True	True
2823	jmarshallnz	2013-06-03 05:20:33	Montellese	2013-06-03 06:51:30	xbmc/listproviders/IListProvider.h	False	True	True	True
2823	jmarshallnz	2013-06-03 05:20:33	Montellese	2013-06-03 06:51:30	xbmc/listproviders/Makefile	False	True	True	True
2823	jmarshallnz	2013-06-03 05:20:33	Montellese	2013-06-03 06:51:30	xbmc/listproviders/StaticProvider.cpp	False	True	True	True
2823	jmarshallnz	2013-06-03 05:20:33	Montellese	2013-06-03 06:51:30	xbmc/listproviders/StaticProvider.h	False	True	True	True
2823	jmarshallnz	2013-06-03 05:20:33	Montellese	2013-06-03 06:51:30	xbmc/guilib/GUIStaticItem.cpp	True	True	True	True
2823	jmarshallnz	2013-06-03 05:20:33	Montellese	2013-06-03 06:51:30	xbmc/guilib/GUIStaticItem.h	True	True	True	True
2823	jmarshallnz	2013-06-03 05:20:33	Montellese	2013-06-03 06:51:30	xbmc/video/PlayerController.cpp	True	True	True	True
2823	jmarshallnz	2013-06-03 05:20:33	Montellese	2013-06-03 06:49:27	project/VS2010Express/XBMC.vcxproj	False	True	True	True
2823	jmarshallnz	2013-06-03 05:20:33	Montellese	2013-06-03 06:48:10	project/VS2010Express/XBMC.vcxproj	False	True	True	True
2823	jmarshallnz	2013-06-03 05:20:33	Montellese	2013-06-03 06:51:30	xbmc/guilib/GUIBaseContainer.h	False	True	True	True
2823	jmarshallnz	2013-06-03 05:20:33	Montellese	2013-06-03 06:48:10	Makefile.in	False	True	True	True
2823	jmarshallnz	2013-06-03 05:20:33	Montellese	2013-06-03 06:55:37	Makefile.in	False	True	True	True
2823	jmarshallnz	2013-06-03 05:20:33	Montellese	2013-06-03 06:49:27	project/VS2010Express/XBMC.vcxproj.filters	False	True	True	True
2823	jmarshallnz	2013-06-03 05:20:33	Montellese	2013-06-03 06:55:37	xbmc/video/PlayerController.cpp	True	True	True	True
2823	jmarshallnz	2013-06-03 05:20:33	Montellese	2013-06-03 06:49:27	xbmc/guilib/GUIBaseContainer.cpp	False	True	True	True
2823	jmarshallnz	2013-06-03 05:20:33	Montellese	2013-06-03 06:49:27	xbmc/guilib/GUIBaseContainer.h	False	True	True	True
2823	jmarshallnz	2013-06-03 05:20:33	Montellese	2013-06-03 06:49:27	xbmc/guilib/GUIControlFactory.cpp	False	True	True	True
2823	jmarshallnz	2013-06-03 05:20:33	Montellese	2013-06-03 06:49:27	xbmc/interfaces/legacy/Control.cpp	False	True	True	True
2823	jmarshallnz	2013-06-03 05:20:33	Montellese	2013-06-03 06:49:27	xbmc/listproviders/IListProvider.h	False	True	True	True
2823	jmarshallnz	2013-06-03 05:20:33	Montellese	2013-06-03 06:49:27	xbmc/listproviders/Makefile	False	True	True	True
2823	jmarshallnz	2013-06-03 05:20:33	Montellese	2013-06-03 06:49:27	xbmc/listproviders/StaticProvider.cpp	False	True	True	True
2823	jmarshallnz	2013-06-03 05:20:33	Montellese	2013-06-03 06:49:27	xbmc/listproviders/StaticProvider.h	False	True	True	True
2823	jmarshallnz	2013-06-03 05:20:33	Montellese	2013-06-03 06:49:27	xbmc/guilib/GUIStaticItem.cpp	True	True	True	True
2823	jmarshallnz	2013-06-03 05:20:33	Montellese	2013-06-03 06:49:27	xbmc/guilib/GUIStaticItem.h	True	True	True	True
2823	jmarshallnz	2013-06-03 05:20:33	Montellese	2013-06-03 06:49:27	xbmc/video/PlayerController.cpp	True	True	True	True
2823	jmarshallnz	2013-06-03 05:20:33	Montellese	2013-06-03 06:49:27	xbmc/listproviders/IListProvider.cpp	False	True	True	True
2823	jmarshallnz	2013-06-03 05:20:33	Montellese	2013-06-03 06:55:37	XBMC.xcodeproj/project.pbxproj	False	True	True	True
2823	jmarshallnz	2013-06-03 05:20:33	Montellese	2013-06-03 06:55:37	xbmc/listproviders/IListProvider.cpp	False	True	True	True
2823	jmarshallnz	2013-06-03 05:20:33	Montellese	2013-06-03 06:55:37	xbmc/guilib/GUIStaticItem.h	True	True	True	True
2823	jmarshallnz	2013-06-03 05:20:33	Montellese	2013-06-03 06:55:37	xbmc/guilib/GUIStaticItem.cpp	True	True	True	True
2823	jmarshallnz	2013-06-03 05:20:33	Montellese	2013-06-03 06:55:37	project/VS2010Express/XBMC.vcxproj	False	True	True	True
2823	jmarshallnz	2013-06-03 05:20:33	Montellese	2013-06-03 06:55:37	xbmc/listproviders/StaticProvider.h	False	True	True	True
2823	jmarshallnz	2013-06-03 05:20:33	Montellese	2013-06-03 06:55:37	xbmc/listproviders/Makefile	False	True	True	True
2823	jmarshallnz	2013-06-03 05:20:33	Montellese	2013-06-03 06:55:37	xbmc/listproviders/IListProvider.h	False	True	True	True
2823	jmarshallnz	2013-06-03 05:20:33	Montellese	2013-06-03 06:55:37	xbmc/listproviders/StaticProvider.cpp	False	True	True	True
2823	jmarshallnz	2013-06-03 05:20:33	Montellese	2013-06-03 06:55:37	xbmc/interfaces/legacy/Control.cpp	False	True	True	True
2823	jmarshallnz	2013-06-03 05:20:33	Montellese	2013-06-03 06:55:37	xbmc/guilib/GUIControlFactory.cpp	False	True	True	True
2823	jmarshallnz	2013-06-03 05:20:33	Montellese	2013-06-03 06:55:37	xbmc/guilib/GUIBaseContainer.h	False	True	True	True
2823	jmarshallnz	2013-06-03 05:20:33	Montellese	2013-06-03 06:55:37	xbmc/guilib/GUIBaseContainer.cpp	False	True	True	True
2823	jmarshallnz	2013-06-03 05:20:33	Montellese	2013-06-03 06:55:37	project/VS2010Express/XBMC.vcxproj.filters	False	True	True	True
2821	evilhamster	2013-06-02 21:07:49	jmarshallnz	2013-06-02 22:28:28	xbmc/CueDocument.h	False	True	True	True
2821	evilhamster	2013-06-02 21:07:49	jmarshallnz	2013-06-02 22:28:28	xbmc/CueDocument.cpp	False	True	True	True
2820	Fice	2013-06-02 20:16:36	jmarshallnz	2013-06-03 20:03:37	xbmc/filesystem/FavouritesDirectory.cpp	True	True	True	True
2820	Fice	2013-06-02 20:16:36	jmarshallnz	2013-06-03 20:03:37	project/VS2010Express/XBMC.vcxproj	True	True	True	True
2820	Fice	2013-06-02 20:16:36	jmarshallnz	2013-06-03 20:03:37	xbmc/filesystem/DirectoryFactory.cpp	True	True	True	True
2820	Fice	2013-06-02 20:16:36	jmarshallnz	2013-06-02 22:19:10	xbmc/filesystem/FavouritesDirectory.h	False	True	True	True
2820	Fice	2013-06-02 20:16:36	jmarshallnz	2013-06-03 20:03:37	xbmc/filesystem/FavouritesDirectory.h	True	True	True	True
2820	Fice	2013-06-02 20:16:36	jmarshallnz	2013-06-03 20:03:37	xbmc/dialogs/GUIDialogFavourites.cpp	True	True	True	True
2820	Fice	2013-06-02 20:16:36	jmarshallnz	2013-06-03 20:03:37	xbmc/addons/AddonInstaller.cpp	True	True	True	True
2820	Fice	2013-06-02 20:16:36	jmarshallnz	2013-06-03 20:03:37	xbmc/Makefile.in	True	True	True	True
2820	Fice	2013-06-02 20:16:36	jmarshallnz	2013-06-03 20:03:37	project/VS2010Express/XBMC.vcxproj.filters	True	True	True	True
2820	Fice	2013-06-02 20:16:36	jmarshallnz	2013-06-02 22:21:15	xbmc/music/windows/GUIWindowMusicPlaylist.cpp	True	True	True	True
2820	Fice	2013-06-02 20:16:36	jmarshallnz	2013-06-03 20:03:37	XBMC.xcodeproj/project.pbxproj	True	True	True	True
2820	Fice	2013-06-02 20:16:36	jmarshallnz	2013-06-03 20:03:37	xbmc/filesystem/FavouritesDirectory.h	False	True	True	True
2820	Fice	2013-06-02 20:16:36	jmarshallnz	2013-06-02 22:21:15	xbmc/windows/GUIWindowFileManager.cpp	True	True	True	True
2820	Fice	2013-06-02 20:16:36	jmarshallnz	2013-06-02 22:21:15	xbmc/windows/GUIMediaWindow.cpp	True	True	True	True
2820	Fice	2013-06-02 20:16:36	jmarshallnz	2013-06-02 22:21:15	xbmc/video/windows/GUIWindowVideoPlaylist.cpp	True	True	True	True
2820	Fice	2013-06-02 20:16:36	jmarshallnz	2013-06-02 22:21:15	xbmc/interfaces/json-rpc/FavouritesOperations.cpp	True	True	True	True
2820	Fice	2013-06-02 20:16:36	jmarshallnz	2013-06-03 20:03:37	xbmc/interfaces/json-rpc/FavouritesOperations.cpp	True	True	True	True
2820	Fice	2013-06-02 20:16:36	jmarshallnz	2013-06-02 22:21:15	xbmc/filesystem/Makefile.in	True	True	True	True
2820	Fice	2013-06-02 20:16:36	jmarshallnz	2013-06-03 20:03:37	xbmc/filesystem/Makefile.in	True	True	True	True
2820	Fice	2013-06-02 20:16:36	jmarshallnz	2013-06-03 20:04:46	xbmc/filesystem/Makefile.in	True	True	True	True
2820	Fice	2013-06-02 20:16:36	jmarshallnz	2013-06-03 20:03:37	xbmc/music/windows/GUIWindowMusicPlaylist.cpp	True	True	True	True
2820	Fice	2013-06-02 20:16:36	jmarshallnz	2013-06-03 20:04:46	xbmc/dialogs/GUIDialogFavourites.cpp	True	True	True	True
2820	Fice	2013-06-02 20:16:36	jmarshallnz	2013-06-02 22:21:15	xbmc/filesystem/FavouritesDirectory.cpp	True	True	True	True
2820	Fice	2013-06-02 20:16:36	jmarshallnz	2013-06-03 20:04:46	xbmc/video/windows/GUIWindowVideoPlaylist.cpp	True	True	True	True
2820	Fice	2013-06-02 20:16:36	jmarshallnz	2013-06-03 20:04:46	xbmc/music/windows/GUIWindowMusicPlaylist.cpp	True	True	True	True
2820	Fice	2013-06-02 20:16:36	jmarshallnz	2013-06-03 20:04:46	xbmc/interfaces/json-rpc/FavouritesOperations.cpp	True	True	True	True
2820	Fice	2013-06-02 20:16:36	jmarshallnz	2013-06-03 20:04:46	xbmc/filesystem/FavouritesDirectory.h	True	True	True	True
2820	Fice	2013-06-02 20:16:36	jmarshallnz	2013-06-03 20:04:46	xbmc/filesystem/FavouritesDirectory.cpp	True	True	True	True
2820	Fice	2013-06-02 20:16:36	jmarshallnz	2013-06-03 20:04:46	xbmc/filesystem/DirectoryFactory.cpp	True	True	True	True
2820	Fice	2013-06-02 20:16:36	jmarshallnz	2013-06-03 20:04:46	xbmc/addons/AddonInstaller.cpp	True	True	True	True
2820	Fice	2013-06-02 20:16:36	jmarshallnz	2013-06-03 20:03:37	xbmc/video/windows/GUIWindowVideoPlaylist.cpp	True	True	True	True
2820	Fice	2013-06-02 20:16:36	jmarshallnz	2013-06-03 20:04:46	xbmc/Makefile.in	True	True	True	True
2820	Fice	2013-06-02 20:16:36	jmarshallnz	2013-06-03 20:04:46	project/VS2010Express/XBMC.vcxproj.filters	True	True	True	True
2820	Fice	2013-06-02 20:16:36	jmarshallnz	2013-06-03 20:04:46	project/VS2010Express/XBMC.vcxproj	True	True	True	True
2820	Fice	2013-06-02 20:16:36	jmarshallnz	2013-06-03 20:04:46	XBMC.xcodeproj/project.pbxproj	True	True	True	True
2820	Fice	2013-06-02 20:16:36	jmarshallnz	2013-06-03 20:04:46	xbmc/filesystem/FavouritesDirectory.h	False	True	True	True
2820	Fice	2013-06-02 20:16:36	jmarshallnz	2013-06-03 20:03:37	xbmc/windows/GUIWindowFileManager.cpp	True	True	True	True
2820	Fice	2013-06-02 20:16:36	jmarshallnz	2013-06-03 20:03:37	xbmc/windows/GUIMediaWindow.cpp	True	True	True	True
2820	Fice	2013-06-02 20:16:36	jmarshallnz	2013-06-02 22:21:15	xbmc/filesystem/FavouritesDirectory.h	True	True	True	True
2820	Fice	2013-06-02 20:16:36	jmarshallnz	2013-06-02 22:19:10	xbmc/filesystem/DirectoryFactory.cpp	True	True	True	True
2820	Fice	2013-06-02 20:16:36	jmarshallnz	2013-06-02 22:21:15	xbmc/filesystem/DirectoryFactory.cpp	True	True	True	True
2820	Fice	2013-06-02 20:16:36	jmarshallnz	2013-06-02 22:21:15	xbmc/dialogs/GUIDialogFavourites.cpp	True	True	True	True
2820	Fice	2013-06-02 20:16:36	jmarshallnz	2013-06-02 22:20:24	XBMC.xcodeproj/project.pbxproj	True	True	True	True
2820	Fice	2013-06-02 20:16:36	jmarshallnz	2013-06-02 22:20:24	xbmc/filesystem/FavouritesDirectory.h	False	True	True	True
2820	Fice	2013-06-02 20:16:36	jmarshallnz	2013-06-02 22:19:10	xbmc/windows/GUIWindowFileManager.cpp	True	True	True	True
2820	Fice	2013-06-02 20:16:36	jmarshallnz	2013-06-02 22:19:10	xbmc/windows/GUIMediaWindow.cpp	True	True	True	True
2820	Fice	2013-06-02 20:16:36	jmarshallnz	2013-06-02 22:19:10	xbmc/video/windows/GUIWindowVideoPlaylist.cpp	True	True	True	True
2820	Fice	2013-06-02 20:16:36	jmarshallnz	2013-06-02 22:19:10	xbmc/music/windows/GUIWindowMusicPlaylist.cpp	True	True	True	True
2820	Fice	2013-06-02 20:16:36	jmarshallnz	2013-06-02 22:19:10	xbmc/interfaces/json-rpc/FavouritesOperations.cpp	True	True	True	True
2820	Fice	2013-06-02 20:16:36	jmarshallnz	2013-06-02 22:19:10	xbmc/filesystem/Makefile.in	True	True	True	True
2820	Fice	2013-06-02 20:16:36	jmarshallnz	2013-06-02 22:19:10	xbmc/filesystem/FavouritesDirectory.h	True	True	True	True
2820	Fice	2013-06-02 20:16:36	jmarshallnz	2013-06-02 22:19:10	xbmc/filesystem/FavouritesDirectory.cpp	True	True	True	True
2820	Fice	2013-06-02 20:16:36	jmarshallnz	2013-06-02 22:19:10	xbmc/dialogs/GUIDialogFavourites.cpp	True	True	True	True
2820	Fice	2013-06-02 20:16:36	jmarshallnz	2013-06-02 22:19:10	xbmc/addons/AddonInstaller.cpp	True	True	True	True
2820	Fice	2013-06-02 20:16:36	jmarshallnz	2013-06-02 22:19:10	xbmc/Makefile.in	True	True	True	True
2820	Fice	2013-06-02 20:16:36	jmarshallnz	2013-06-02 22:19:10	project/VS2010Express/XBMC.vcxproj.filters	True	True	True	True
2820	Fice	2013-06-02 20:16:36	jmarshallnz	2013-06-02 22:19:10	project/VS2010Express/XBMC.vcxproj	True	True	True	True
2820	Fice	2013-06-02 20:16:36	jmarshallnz	2013-06-02 22:19:10	XBMC.xcodeproj/project.pbxproj	True	True	True	True
2820	Fice	2013-06-02 20:16:36	jmarshallnz	2013-06-03 20:04:46	xbmc/windows/GUIWindowFileManager.cpp	True	True	True	True
2820	Fice	2013-06-02 20:16:36	jmarshallnz	2013-06-02 22:20:24	project/VS2010Express/XBMC.vcxproj	True	True	True	True
2820	Fice	2013-06-02 20:16:36	jmarshallnz	2013-06-02 22:20:24	project/VS2010Express/XBMC.vcxproj.filters	True	True	True	True
2820	Fice	2013-06-02 20:16:36	jmarshallnz	2013-06-02 22:20:24	xbmc/Makefile.in	True	True	True	True
2820	Fice	2013-06-02 20:16:36	jmarshallnz	2013-06-02 22:20:24	xbmc/windows/GUIMediaWindow.cpp	True	True	True	True
2820	Fice	2013-06-02 20:16:36	jmarshallnz	2013-06-02 22:21:15	xbmc/addons/AddonInstaller.cpp	True	True	True	True
2820	Fice	2013-06-02 20:16:36	jmarshallnz	2013-06-02 22:21:15	xbmc/Makefile.in	True	True	True	True
2820	Fice	2013-06-02 20:16:36	jmarshallnz	2013-06-02 22:21:15	project/VS2010Express/XBMC.vcxproj.filters	True	True	True	True
2820	Fice	2013-06-02 20:16:36	jmarshallnz	2013-06-02 22:21:15	project/VS2010Express/XBMC.vcxproj	True	True	True	True
2820	Fice	2013-06-02 20:16:36	jmarshallnz	2013-06-02 22:21:15	XBMC.xcodeproj/project.pbxproj	True	True	True	True
2820	Fice	2013-06-02 20:16:36	jmarshallnz	2013-06-02 22:21:15	xbmc/filesystem/FavouritesDirectory.h	False	True	True	True
2820	Fice	2013-06-02 20:16:36	jmarshallnz	2013-06-02 22:20:24	xbmc/windows/GUIWindowFileManager.cpp	True	True	True	True
2820	Fice	2013-06-02 20:16:36	jmarshallnz	2013-06-02 22:20:24	xbmc/video/windows/GUIWindowVideoPlaylist.cpp	True	True	True	True
2820	Fice	2013-06-02 20:16:36	jmarshallnz	2013-06-02 22:20:24	xbmc/addons/AddonInstaller.cpp	True	True	True	True
2820	Fice	2013-06-02 20:16:36	jmarshallnz	2013-06-02 22:20:24	xbmc/music/windows/GUIWindowMusicPlaylist.cpp	True	True	True	True
2820	Fice	2013-06-02 20:16:36	jmarshallnz	2013-06-02 22:20:24	xbmc/interfaces/json-rpc/FavouritesOperations.cpp	True	True	True	True
2820	Fice	2013-06-02 20:16:36	jmarshallnz	2013-06-02 22:20:24	xbmc/filesystem/Makefile.in	True	True	True	True
2820	Fice	2013-06-02 20:16:36	jmarshallnz	2013-06-02 22:20:24	xbmc/filesystem/FavouritesDirectory.h	True	True	True	True
2820	Fice	2013-06-02 20:16:36	jmarshallnz	2013-06-02 22:20:24	xbmc/filesystem/FavouritesDirectory.cpp	True	True	True	True
2820	Fice	2013-06-02 20:16:36	jmarshallnz	2013-06-02 22:20:24	xbmc/filesystem/DirectoryFactory.cpp	True	True	True	True
2820	Fice	2013-06-02 20:16:36	jmarshallnz	2013-06-02 22:20:24	xbmc/dialogs/GUIDialogFavourites.cpp	True	True	True	True
2820	Fice	2013-06-02 20:16:36	jmarshallnz	2013-06-03 20:04:46	xbmc/windows/GUIMediaWindow.cpp	True	True	True	True
2820	Fice	2013-06-02 20:16:36	jmarshallnz	2013-06-02 22:16:11	xbmc/filesystem/FavouritesDirectory.h	True	True	True	True
2820	Fice	2013-06-02 20:16:36	jmarshallnz	2013-06-03 20:05:25	xbmc/filesystem/FavouritesDirectory.h	False	True	True	True
2820	Fice	2013-06-02 20:16:36	jmarshallnz	2013-06-02 22:22:44	xbmc/filesystem/FavouritesDirectory.h	True	True	True	True
2820	Fice	2013-06-02 20:16:36	jmarshallnz	2013-06-02 22:21:54	xbmc/music/windows/GUIWindowMusicPlaylist.cpp	True	True	True	True
2820	Fice	2013-06-02 20:16:36	jmarshallnz	2013-06-02 22:21:54	xbmc/interfaces/json-rpc/FavouritesOperations.cpp	True	True	True	True
2820	Fice	2013-06-02 20:16:36	jmarshallnz	2013-06-02 22:21:54	xbmc/filesystem/Makefile.in	True	True	True	True
2820	Fice	2013-06-02 20:16:36	jmarshallnz	2013-06-02 22:21:54	xbmc/filesystem/FavouritesDirectory.h	True	True	True	True
2820	Fice	2013-06-02 20:16:36	jmarshallnz	2013-06-02 22:21:54	xbmc/filesystem/FavouritesDirectory.cpp	True	True	True	True
2820	Fice	2013-06-02 20:16:36	jmarshallnz	2013-06-02 22:21:54	xbmc/filesystem/DirectoryFactory.cpp	True	True	True	True
2820	Fice	2013-06-02 20:16:36	jmarshallnz	2013-06-02 22:21:54	xbmc/dialogs/GUIDialogFavourites.cpp	True	True	True	True
2820	Fice	2013-06-02 20:16:36	jmarshallnz	2013-06-02 22:21:54	xbmc/Makefile.in	True	True	True	True
2820	Fice	2013-06-02 20:16:36	jmarshallnz	2013-06-02 22:21:54	project/VS2010Express/XBMC.vcxproj.filters	True	True	True	True
2820	Fice	2013-06-02 20:16:36	jmarshallnz	2013-06-02 22:21:54	project/VS2010Express/XBMC.vcxproj	True	True	True	True
2820	Fice	2013-06-02 20:16:36	jmarshallnz	2013-06-02 22:21:54	XBMC.xcodeproj/project.pbxproj	True	True	True	True
2820	Fice	2013-06-02 20:16:36	jmarshallnz	2013-06-02 22:21:54	xbmc/filesystem/FavouritesDirectory.h	False	True	True	True
2820	Fice	2013-06-02 20:16:36	jmarshallnz	2013-06-02 22:22:44	xbmc/windows/GUIWindowFileManager.cpp	True	True	True	True
2820	Fice	2013-06-02 20:16:36	jmarshallnz	2013-06-02 22:22:44	xbmc/windows/GUIMediaWindow.cpp	True	True	True	True
2820	Fice	2013-06-02 20:16:36	jmarshallnz	2013-06-02 22:22:44	xbmc/video/windows/GUIWindowVideoPlaylist.cpp	True	True	True	True
2820	Fice	2013-06-02 20:16:36	jmarshallnz	2013-06-02 22:22:44	xbmc/music/windows/GUIWindowMusicPlaylist.cpp	True	True	True	True
2820	Fice	2013-06-02 20:16:36	jmarshallnz	2013-06-02 22:22:44	xbmc/interfaces/json-rpc/FavouritesOperations.cpp	True	True	True	True
2820	Fice	2013-06-02 20:16:36	jmarshallnz	2013-06-02 22:21:54	xbmc/video/windows/GUIWindowVideoPlaylist.cpp	True	True	True	True
2820	Fice	2013-06-02 20:16:36	jmarshallnz	2013-06-02 22:21:54	xbmc/windows/GUIMediaWindow.cpp	True	True	True	True
2820	Fice	2013-06-02 20:16:36	jmarshallnz	2013-06-02 22:21:54	xbmc/windows/GUIWindowFileManager.cpp	True	True	True	True
2820	Fice	2013-06-02 20:16:36	jmarshallnz	2013-06-02 22:15:57	xbmc/filesystem/FavouritesDirectory.h	True	True	True	True
2820	Fice	2013-06-02 20:16:36	jmarshallnz	2013-06-03 20:05:25	XBMC.xcodeproj/project.pbxproj	True	True	True	True
2820	Fice	2013-06-02 20:16:36	jmarshallnz	2013-06-02 22:15:57	xbmc/windows/GUIWindowFileManager.cpp	True	True	True	True
2820	Fice	2013-06-02 20:16:36	jmarshallnz	2013-06-02 22:15:57	xbmc/windows/GUIMediaWindow.cpp	True	True	True	True
2820	Fice	2013-06-02 20:16:36	jmarshallnz	2013-06-02 22:15:57	xbmc/video/windows/GUIWindowVideoPlaylist.cpp	True	True	True	True
2820	Fice	2013-06-02 20:16:36	jmarshallnz	2013-06-02 22:15:57	xbmc/music/windows/GUIWindowMusicPlaylist.cpp	True	True	True	True
2820	Fice	2013-06-02 20:16:36	jmarshallnz	2013-06-02 22:15:57	xbmc/interfaces/json-rpc/FavouritesOperations.cpp	True	True	True	True
2820	Fice	2013-06-02 20:16:36	jmarshallnz	2013-06-02 22:15:57	xbmc/filesystem/Makefile.in	True	True	True	True
2820	Fice	2013-06-02 20:16:36	jmarshallnz	2013-06-02 22:15:57	xbmc/filesystem/FavouritesDirectory.cpp	True	True	True	True
2820	Fice	2013-06-02 20:16:36	jmarshallnz	2013-06-02 22:15:57	xbmc/filesystem/FavouritesDirectory.h	False	True	True	True
2820	Fice	2013-06-02 20:16:36	jmarshallnz	2013-06-02 22:15:57	xbmc/filesystem/DirectoryFactory.cpp	True	True	True	True
2820	Fice	2013-06-02 20:16:36	jmarshallnz	2013-06-02 22:15:57	xbmc/dialogs/GUIDialogFavourites.cpp	True	True	True	True
2820	Fice	2013-06-02 20:16:36	jmarshallnz	2013-06-02 22:15:57	xbmc/addons/AddonInstaller.cpp	True	True	True	True
2820	Fice	2013-06-02 20:16:36	jmarshallnz	2013-06-02 22:15:57	xbmc/Makefile.in	True	True	True	True
2820	Fice	2013-06-02 20:16:36	jmarshallnz	2013-06-02 22:15:57	project/VS2010Express/XBMC.vcxproj.filters	True	True	True	True
2820	Fice	2013-06-02 20:16:36	jmarshallnz	2013-06-02 22:15:57	project/VS2010Express/XBMC.vcxproj	True	True	True	True
2820	Fice	2013-06-02 20:16:36	jmarshallnz	2013-06-02 22:15:57	XBMC.xcodeproj/project.pbxproj	True	True	True	True
2820	Fice	2013-06-02 20:16:36	jmarshallnz	2013-06-02 22:22:44	xbmc/filesystem/Makefile.in	True	True	True	True
2820	Fice	2013-06-02 20:16:36	jmarshallnz	2013-06-02 22:21:54	xbmc/addons/AddonInstaller.cpp	True	True	True	True
2820	Fice	2013-06-02 20:16:36	jmarshallnz	2013-06-02 22:22:44	xbmc/filesystem/FavouritesDirectory.cpp	True	True	True	True
2820	Fice	2013-06-02 20:16:36	jmarshallnz	2013-06-02 22:16:11	xbmc/Makefile.in	True	True	True	True
2820	Fice	2013-06-02 20:16:36	jmarshallnz	2013-06-02 22:16:11	project/VS2010Express/XBMC.vcxproj	True	True	True	True
2820	Fice	2013-06-02 20:16:36	jmarshallnz	2013-06-02 22:16:11	XBMC.xcodeproj/project.pbxproj	True	True	True	True
2820	Fice	2013-06-02 20:16:36	jmarshallnz	2013-06-02 22:16:11	xbmc/filesystem/FavouritesDirectory.h	False	True	True	True
2820	Fice	2013-06-02 20:16:36	jmarshallnz	2013-06-03 20:05:25	xbmc/windows/GUIWindowFileManager.cpp	True	True	True	True
2820	Fice	2013-06-02 20:16:36	jmarshallnz	2013-06-03 20:05:25	xbmc/windows/GUIMediaWindow.cpp	True	True	True	True
2820	Fice	2013-06-02 20:16:36	jmarshallnz	2013-06-03 20:05:25	xbmc/video/windows/GUIWindowVideoPlaylist.cpp	True	True	True	True
2820	Fice	2013-06-02 20:16:36	jmarshallnz	2013-06-03 20:05:25	xbmc/music/windows/GUIWindowMusicPlaylist.cpp	True	True	True	True
2820	Fice	2013-06-02 20:16:36	jmarshallnz	2013-06-03 20:05:25	xbmc/interfaces/json-rpc/FavouritesOperations.cpp	True	True	True	True
2820	Fice	2013-06-02 20:16:36	jmarshallnz	2013-06-03 20:05:25	xbmc/filesystem/Makefile.in	True	True	True	True
2820	Fice	2013-06-02 20:16:36	jmarshallnz	2013-06-03 20:05:25	xbmc/filesystem/FavouritesDirectory.h	True	True	True	True
2820	Fice	2013-06-02 20:16:36	jmarshallnz	2013-06-02 22:22:44	xbmc/filesystem/DirectoryFactory.cpp	True	True	True	True
2820	Fice	2013-06-02 20:16:36	jmarshallnz	2013-06-03 20:05:25	xbmc/filesystem/DirectoryFactory.cpp	True	True	True	True
2820	Fice	2013-06-02 20:16:36	jmarshallnz	2013-06-03 20:05:25	xbmc/dialogs/GUIDialogFavourites.cpp	True	True	True	True
2820	Fice	2013-06-02 20:16:36	jmarshallnz	2013-06-03 20:05:25	xbmc/addons/AddonInstaller.cpp	True	True	True	True
2820	Fice	2013-06-02 20:16:36	jmarshallnz	2013-06-03 20:05:25	xbmc/Makefile.in	True	True	True	True
2820	Fice	2013-06-02 20:16:36	jmarshallnz	2013-06-03 20:05:25	project/VS2010Express/XBMC.vcxproj.filters	True	True	True	True
2820	Fice	2013-06-02 20:16:36	jmarshallnz	2013-06-03 20:05:25	project/VS2010Express/XBMC.vcxproj	True	True	True	True
2820	Fice	2013-06-02 20:16:36	jmarshallnz	2013-06-02 22:16:11	project/VS2010Express/XBMC.vcxproj.filters	True	True	True	True
2820	Fice	2013-06-02 20:16:36	jmarshallnz	2013-06-03 20:05:25	xbmc/filesystem/FavouritesDirectory.cpp	True	True	True	True
2820	Fice	2013-06-02 20:16:36	jmarshallnz	2013-06-02 22:16:11	xbmc/addons/AddonInstaller.cpp	True	True	True	True
2820	Fice	2013-06-02 20:16:36	jmarshallnz	2013-06-02 22:16:11	xbmc/windows/GUIWindowFileManager.cpp	True	True	True	True
2820	Fice	2013-06-02 20:16:36	jmarshallnz	2013-06-02 22:16:11	xbmc/dialogs/GUIDialogFavourites.cpp	True	True	True	True
2820	Fice	2013-06-02 20:16:36	jmarshallnz	2013-06-02 22:22:44	xbmc/dialogs/GUIDialogFavourites.cpp	True	True	True	True
2820	Fice	2013-06-02 20:16:36	jmarshallnz	2013-06-02 22:22:44	xbmc/addons/AddonInstaller.cpp	True	True	True	True
2820	Fice	2013-06-02 20:16:36	jmarshallnz	2013-06-02 22:22:44	project/VS2010Express/XBMC.vcxproj.filters	True	True	True	True
2820	Fice	2013-06-02 20:16:36	jmarshallnz	2013-06-02 22:22:44	project/VS2010Express/XBMC.vcxproj	True	True	True	True
2820	Fice	2013-06-02 20:16:36	jmarshallnz	2013-06-02 22:22:44	XBMC.xcodeproj/project.pbxproj	True	True	True	True
2820	Fice	2013-06-02 20:16:36	jmarshallnz	2013-06-02 22:22:44	xbmc/filesystem/FavouritesDirectory.h	False	True	True	True
2820	Fice	2013-06-02 20:16:36	jmarshallnz	2013-06-02 22:22:44	xbmc/Makefile.in	True	True	True	True
2820	Fice	2013-06-02 20:16:36	jmarshallnz	2013-06-02 22:16:11	xbmc/windows/GUIMediaWindow.cpp	True	True	True	True
2820	Fice	2013-06-02 20:16:36	jmarshallnz	2013-06-02 22:16:11	xbmc/video/windows/GUIWindowVideoPlaylist.cpp	True	True	True	True
2820	Fice	2013-06-02 20:16:36	jmarshallnz	2013-06-02 22:16:11	xbmc/music/windows/GUIWindowMusicPlaylist.cpp	True	True	True	True
2820	Fice	2013-06-02 20:16:36	jmarshallnz	2013-06-02 22:16:11	xbmc/interfaces/json-rpc/FavouritesOperations.cpp	True	True	True	True
2820	Fice	2013-06-02 20:16:36	jmarshallnz	2013-06-02 22:16:11	xbmc/filesystem/Makefile.in	True	True	True	True
2820	Fice	2013-06-02 20:16:36	jmarshallnz	2013-06-02 22:16:11	xbmc/filesystem/FavouritesDirectory.cpp	True	True	True	True
2820	Fice	2013-06-02 20:16:36	jmarshallnz	2013-06-02 22:16:11	xbmc/filesystem/DirectoryFactory.cpp	True	True	True	True
2817	Fice	2013-06-02 20:00:39	jmarshallnz	2013-06-03 20:48:16	xbmc/guilib/GUIBaseContainer.h	True	True	True	True
2817	Fice	2013-06-02 20:00:39	jmarshallnz	2013-06-03 20:11:32	xbmc/guilib/GUIBaseContainer.h	True	True	True	True
2813	wsoltys	2013-06-02 12:19:09	jmarshallnz	2013-06-02 21:38:06	lib/libass/xbmc/libass_win32/libass_win32_vs2010.vcxproj	False	True	True	True
2813	wsoltys	2013-06-02 12:19:09	jmarshallnz	2013-06-02 21:38:06	lib/cximage-6.0/zlib/zlib.vcxproj	False	True	True	True
2813	wsoltys	2013-06-02 12:19:09	jmarshallnz	2013-06-02 21:38:06	lib/enca/libenca_win32/libenca_win32.vcxproj	False	True	True	True
2813	wsoltys	2013-06-02 12:19:09	jmarshallnz	2013-06-02 21:38:06	lib/libRTV/libRTV.vcxproj	False	True	True	True
2813	wsoltys	2013-06-02 12:19:09	jmarshallnz	2013-06-02 21:38:06	lib/libXDAAP/libXDAAP_win32/libXDAAP_win32.vcxproj	False	True	True	True
2813	wsoltys	2013-06-02 12:19:09	jmarshallnz	2013-06-02 21:38:06	lib/libhts/Win32/libhts_2010.vcxproj	False	True	True	True
2813	wsoltys	2013-06-02 12:19:09	jmarshallnz	2013-06-02 21:38:06	lib/libexif/libexif.vcxproj	False	True	True	True
2813	wsoltys	2013-06-02 12:19:09	jmarshallnz	2013-06-02 21:38:06	lib/libhdhomerun/hdhomerun/hdhomerun.vcxproj	False	True	True	True
2813	wsoltys	2013-06-02 12:19:09	jmarshallnz	2013-06-02 21:38:06	lib/libmad/msvc++/libmad.vcxproj	False	True	True	True
2813	wsoltys	2013-06-02 12:19:09	jmarshallnz	2013-06-02 21:38:06	lib/cximage-6.0/raw/libdcr.vcxproj	False	True	True	True
2813	wsoltys	2013-06-02 12:19:09	jmarshallnz	2013-06-02 21:38:06	lib/cximage-6.0/tiff/Tiff.vcxproj	False	True	True	True
2813	wsoltys	2013-06-02 12:19:09	jmarshallnz	2013-06-02 21:38:06	lib/addons/library.xbmc.gui/project/VS2010Express/libXBMC_gui.vcxproj	False	True	True	True
2813	wsoltys	2013-06-02 12:19:09	jmarshallnz	2013-06-02 21:38:06	lib/cximage-6.0/png/png.vcxproj	False	True	True	True
2813	wsoltys	2013-06-02 12:19:09	jmarshallnz	2013-06-02 21:38:06	lib/cximage-6.0/mng/mng.vcxproj	False	True	True	True
2813	wsoltys	2013-06-02 12:19:09	jmarshallnz	2013-06-02 21:38:06	lib/cximage-6.0/jpeg/Jpeg.vcxproj	False	True	True	True
2813	wsoltys	2013-06-02 12:19:09	jmarshallnz	2013-06-02 21:38:06	lib/cximage-6.0/jbig/jbig.vcxproj	False	True	True	True
2813	wsoltys	2013-06-02 12:19:09	jmarshallnz	2013-06-02 21:38:06	lib/cximage-6.0/jasper/jasper.vcxproj	False	True	True	True
2813	wsoltys	2013-06-02 12:19:09	jmarshallnz	2013-06-02 21:38:06	lib/cximage-6.0/ImageLib.vcxproj	False	True	True	True
2813	wsoltys	2013-06-02 12:19:09	jmarshallnz	2013-06-02 21:38:06	lib/cpluff/libcpluff/win32/cpluff.vcxproj	False	True	True	True
2813	wsoltys	2013-06-02 12:19:09	jmarshallnz	2013-06-02 21:38:06	lib/cmyth/Win32/libcmyth.vcxproj	False	True	True	True
2813	wsoltys	2013-06-02 12:19:09	jmarshallnz	2013-06-02 21:38:06	lib/addons/library.xbmc.pvr/project/VS2010Express/libXBMC_pvr.vcxproj	False	True	True	True
2813	wsoltys	2013-06-02 12:19:09	jmarshallnz	2013-06-02 21:38:06	lib/addons/library.xbmc.addon/project/VS2010Express/libXBMC_addon.vcxproj	False	True	True	True
2813	wsoltys	2013-06-02 12:19:09	jmarshallnz	2013-06-02 21:38:06	lib/libsquish/vs7/squish/squish_2010.vcxproj	False	True	True	True
2813	wsoltys	2013-06-02 12:19:09	jmarshallnz	2013-06-02 21:38:06	lib/libmodplug/libmodplug_2010.vcxproj	False	True	True	True
2813	wsoltys	2013-06-02 12:19:09	jmarshallnz	2013-06-02 21:38:06	lib/libsidplay2/libsidplay/win/VC/libsidplay.vcxproj	False	True	True	True
2813	wsoltys	2013-06-02 12:19:09	jmarshallnz	2013-06-02 21:38:06	lib/nosefart/NoseFartXBMC.vcxproj	False	True	True	True
2813	wsoltys	2013-06-02 12:19:09	jmarshallnz	2013-06-02 21:38:06	xbmc/visualizations/WaveForm/Waveform.vcxproj	False	True	True	True
2813	wsoltys	2013-06-02 12:19:09	jmarshallnz	2013-06-02 21:38:06	xbmc/BackgroundInfoLoader.h	False	True	True	True
2813	wsoltys	2013-06-02 12:19:09	jmarshallnz	2013-06-02 21:38:06	xbmc/windowing/windows/WinEventsWin32.cpp	True	True	True	True
2813	wsoltys	2013-06-02 12:19:09	jmarshallnz	2013-06-02 21:38:06	xbmc/BackgroundInfoLoader.cpp	False	True	True	True
2813	wsoltys	2013-06-02 12:19:09	jmarshallnz	2013-06-02 21:38:06	xbmc/windows/GUIMediaWindow.cpp	False	True	True	True
2813	wsoltys	2013-06-02 12:19:09	jmarshallnz	2013-06-02 21:38:06	xbmc/cores/dvdplayer/DVDCodecs/Overlay/DVDOverlayCodecTX3G.cpp	False	True	True	True
2813	wsoltys	2013-06-02 12:19:09	jmarshallnz	2013-06-02 21:38:06	xbmc/cores/AudioEngine/Sinks/AESinkAUDIOTRACK.cpp	False	True	True	True
2813	wsoltys	2013-06-02 12:19:09	jmarshallnz	2013-06-02 21:38:06	xbmc/cores/VideoRenderers/RenderManager.h	False	True	True	True
2813	wsoltys	2013-06-02 12:19:09	jmarshallnz	2013-06-02 21:38:06	xbmc/cores/VideoRenderers/RenderManager.cpp	False	True	True	True
2813	wsoltys	2013-06-02 12:19:09	jmarshallnz	2013-06-02 21:38:06	xbmc/win32/XBMC_PC.cpp	False	True	True	True
2813	wsoltys	2013-06-02 12:19:09	jmarshallnz	2013-06-02 21:38:06	xbmc/pictures/GUIWindowSlideShow.cpp	False	True	True	True
2813	wsoltys	2013-06-02 12:19:09	jmarshallnz	2013-06-02 21:38:06	xbmc/filesystem/SAPFile.cpp	False	True	True	True
2813	wsoltys	2013-06-02 12:19:09	jmarshallnz	2013-06-02 21:38:06	xbmc/visualizations/Milkdrop/Plugin.vcxproj	False	True	True	True
2813	wsoltys	2013-06-02 12:19:09	jmarshallnz	2013-06-02 21:38:06	project/VS2010Express/UnrarXLib.vcxproj	False	True	True	True
2813	wsoltys	2013-06-02 12:19:09	jmarshallnz	2013-06-02 21:38:06	xbmc/visualizations/DirectXSpectrum/directx_spectrum.vcxproj	False	True	True	True
2813	wsoltys	2013-06-02 12:19:09	jmarshallnz	2013-06-02 21:38:06	lib/stsound/StSoundLibrary/StSoundLibrary.vcxproj	False	True	True	True
2813	wsoltys	2013-06-02 12:19:09	jmarshallnz	2013-06-02 21:38:06	lib/vgmstream/win32/win32.vcxproj	False	True	True	True
2813	wsoltys	2013-06-02 12:19:09	jmarshallnz	2013-06-02 21:38:06	lib/win32/pcre/libpcre/libpcre.vcxproj	False	True	True	True
2813	wsoltys	2013-06-02 12:19:09	jmarshallnz	2013-06-02 21:38:06	lib/xbadpcm/adpcm.vcxproj	False	True	True	True
2813	wsoltys	2013-06-02 12:19:09	jmarshallnz	2013-06-02 21:38:06	project/VS2010Express/XBMC.vcxproj	False	True	True	True
2813	wsoltys	2013-06-02 12:19:09	jmarshallnz	2013-06-02 21:38:06	project/VS2010Express/XbmcCommons.vcxproj	False	True	True	True
2813	wsoltys	2013-06-02 12:19:09	jmarshallnz	2013-06-02 21:38:06	project/VS2010Express/XbmcThreads.vcxproj	False	True	True	True
2813	wsoltys	2013-06-02 12:19:09	jmarshallnz	2013-06-02 21:38:06	project/VS2010Express/libPlatinum.vcxproj	False	True	True	True
2811	FernetMenta	2013-06-02 09:05:28	elupus	2013-06-08 14:01:22	xbmc/cores/VideoRenderers/RenderManager.h	False	True	True	True
2811	FernetMenta	2013-06-02 09:05:28	elupus	2013-06-08 17:46:58	xbmc/cores/VideoRenderers/RenderManager.cpp	False	True	True	True
2811	FernetMenta	2013-06-02 09:05:28	elupus	2013-06-08 14:01:22	xbmc/cores/VideoRenderers/RenderManager.cpp	False	True	True	True
2811	FernetMenta	2013-06-02 09:05:28	elupus	2013-06-08 14:01:22	xbmc/cores/VideoRenderers/RenderManager.h	True	True	True	True
2811	FernetMenta	2013-06-02 09:05:28	elupus	2013-06-08 14:01:22	xbmc/cores/VideoRenderers/RenderManager.cpp	True	True	True	True
2811	FernetMenta	2013-06-02 09:05:28	elupus	2013-06-08 17:46:58	xbmc/cores/VideoRenderers/RenderManager.h	False	True	True	True
2811	FernetMenta	2013-06-02 09:05:28	elupus	2013-06-08 17:44:49	xbmc/cores/VideoRenderers/RenderManager.cpp	True	True	True	True
2811	FernetMenta	2013-06-02 09:05:28	elupus	2013-06-08 17:46:58	xbmc/cores/VideoRenderers/RenderManager.h	True	True	True	True
2811	FernetMenta	2013-06-02 09:05:28	elupus	2013-06-08 17:46:58	xbmc/cores/VideoRenderers/RenderManager.cpp	True	True	True	True
2811	FernetMenta	2013-06-02 09:05:28	elupus	2013-06-08 17:44:49	xbmc/cores/VideoRenderers/RenderManager.h	False	True	True	True
2811	FernetMenta	2013-06-02 09:05:28	elupus	2013-06-08 17:44:49	xbmc/cores/VideoRenderers/RenderManager.cpp	False	True	True	True
2811	FernetMenta	2013-06-02 09:05:28	elupus	2013-06-08 17:44:49	xbmc/cores/VideoRenderers/RenderManager.h	True	True	True	True
2811	FernetMenta	2013-06-02 09:05:28	elupus	2013-06-08 17:48:42	xbmc/cores/VideoRenderers/RenderManager.h	True	True	True	True
2811	FernetMenta	2013-06-02 09:05:28	elupus	2013-06-08 17:48:42	xbmc/cores/VideoRenderers/RenderManager.cpp	True	True	True	True
2811	FernetMenta	2013-06-02 09:05:28	elupus	2013-06-08 17:48:42	xbmc/cores/VideoRenderers/RenderManager.h	False	True	True	True
2811	FernetMenta	2013-06-02 09:05:28	elupus	2013-06-08 17:48:42	xbmc/cores/VideoRenderers/RenderManager.cpp	False	True	True	True
2811	FernetMenta	2013-06-02 09:05:28	elupus	2013-06-08 17:47:18	xbmc/cores/VideoRenderers/RenderManager.h	True	True	True	True
2811	FernetMenta	2013-06-02 09:05:28	elupus	2013-06-08 17:49:43	xbmc/cores/VideoRenderers/RenderManager.h	False	True	True	True
2811	FernetMenta	2013-06-02 09:05:28	elupus	2013-06-08 17:49:43	xbmc/cores/VideoRenderers/RenderManager.h	True	True	True	True
2811	FernetMenta	2013-06-02 09:05:28	elupus	2013-06-08 17:49:43	xbmc/cores/VideoRenderers/RenderManager.cpp	True	True	True	True
2811	FernetMenta	2013-06-02 09:05:28	elupus	2013-06-08 17:47:18	xbmc/cores/VideoRenderers/RenderManager.h	False	True	True	True
2811	FernetMenta	2013-06-02 09:05:28	elupus	2013-06-08 17:47:18	xbmc/cores/VideoRenderers/RenderManager.cpp	False	True	True	True
2811	FernetMenta	2013-06-02 09:05:28	elupus	2013-06-08 17:49:43	xbmc/cores/VideoRenderers/RenderManager.cpp	False	True	True	True
2811	FernetMenta	2013-06-02 09:05:28	elupus	2013-06-08 17:47:18	xbmc/cores/VideoRenderers/RenderManager.cpp	True	True	True	True
2811	FernetMenta	2013-06-02 09:05:28	elupus	2013-06-08 17:50:29	xbmc/cores/VideoRenderers/RenderManager.h	False	True	True	True
2811	FernetMenta	2013-06-02 09:05:28	elupus	2013-06-08 17:50:29	xbmc/cores/VideoRenderers/RenderManager.cpp	False	True	True	True
2811	FernetMenta	2013-06-02 09:05:28	elupus	2013-06-08 17:50:29	xbmc/cores/VideoRenderers/RenderManager.h	True	True	True	True
2811	FernetMenta	2013-06-02 09:05:28	elupus	2013-06-08 17:50:29	xbmc/cores/VideoRenderers/RenderManager.cpp	True	True	True	True
2807	Fice	2013-06-01 18:58:33	jmarshallnz	2013-06-01 22:29:30	xbmc/windows/GUIWindowFileManager.cpp	True	True	True	True
2806	Fice	2013-06-01 18:46:44	jmarshallnz	2013-06-01 23:00:35	xbmc/music/MusicDatabase.h	True	True	True	True
2806	Fice	2013-06-01 18:46:44	jmarshallnz	2013-06-01 23:09:02	xbmc/cdrip/CDDARipJob.h	True	True	True	True
2806	Fice	2013-06-01 18:46:44	jmarshallnz	2013-06-02 11:04:57	xbmc/utils/JobManager.h	True	True	True	True
2806	Fice	2013-06-01 18:46:44	jmarshallnz	2013-06-02 11:04:57	xbmc/utils/JobManager.cpp	True	True	True	True
2806	Fice	2013-06-01 18:46:44	jmarshallnz	2013-06-02 11:04:57	xbmc/music/MusicDatabase.h	True	True	True	True
2806	Fice	2013-06-01 18:46:44	jmarshallnz	2013-06-02 11:04:57	xbmc/music/MusicDatabase.cpp	True	True	True	True
2806	Fice	2013-06-01 18:46:44	jmarshallnz	2013-06-02 11:04:57	xbmc/cdrip/CDDARipper.cpp	True	True	True	True
2806	Fice	2013-06-01 18:46:44	jmarshallnz	2013-06-02 11:04:57	xbmc/cdrip/CDDARipJob.h	True	True	True	True
2806	Fice	2013-06-01 18:46:44	jmarshallnz	2013-06-01 23:00:35	xbmc/utils/JobManager.h	True	True	True	True
2806	Fice	2013-06-01 18:46:44	jmarshallnz	2013-06-01 23:00:35	xbmc/utils/JobManager.cpp	True	True	True	True
2806	Fice	2013-06-01 18:46:44	jmarshallnz	2013-06-02 11:40:19	xbmc/music/MusicDatabase.cpp	True	True	True	True
2806	Fice	2013-06-01 18:46:44	jmarshallnz	2013-06-01 23:00:35	xbmc/music/MusicDatabase.cpp	True	True	True	True
2806	Fice	2013-06-01 18:46:44	jmarshallnz	2013-06-01 23:00:35	xbmc/cdrip/CDDARipper.cpp	True	True	True	True
2806	Fice	2013-06-01 18:46:44	jmarshallnz	2013-06-01 23:00:35	xbmc/cdrip/CDDARipJob.h	True	True	True	True
2806	Fice	2013-06-01 18:46:44	jmarshallnz	2013-06-02 11:40:19	xbmc/utils/JobManager.h	True	True	True	True
2806	Fice	2013-06-01 18:46:44	jmarshallnz	2013-06-02 11:40:19	xbmc/utils/JobManager.cpp	True	True	True	True
2806	Fice	2013-06-01 18:46:44	jmarshallnz	2013-06-02 11:40:19	xbmc/music/MusicDatabase.h	True	True	True	True
2806	Fice	2013-06-01 18:46:44	jmarshallnz	2013-06-01 23:09:02	xbmc/music/MusicDatabase.cpp	True	True	True	True
2806	Fice	2013-06-01 18:46:44	jmarshallnz	2013-06-02 11:40:19	xbmc/cdrip/CDDARipper.cpp	True	True	True	True
2806	Fice	2013-06-01 18:46:44	jmarshallnz	2013-06-02 11:40:19	xbmc/cdrip/CDDARipJob.h	True	True	True	True
2806	Fice	2013-06-01 18:46:44	jmarshallnz	2013-06-01 23:09:02	xbmc/cdrip/CDDARipper.cpp	True	True	True	True
2806	Fice	2013-06-01 18:46:44	jmarshallnz	2013-06-02 11:05:29	xbmc/utils/JobManager.h	True	True	True	True
2806	Fice	2013-06-01 18:46:44	jmarshallnz	2013-06-01 23:09:02	xbmc/music/MusicDatabase.h	True	True	True	True
2806	Fice	2013-06-01 18:46:44	jmarshallnz	2013-06-02 11:05:46	xbmc/music/MusicDatabase.cpp	True	True	True	True
2806	Fice	2013-06-01 18:46:44	jmarshallnz	2013-06-02 11:05:29	xbmc/utils/JobManager.cpp	True	True	True	True
2806	Fice	2013-06-01 18:46:44	jmarshallnz	2013-06-02 11:05:29	xbmc/music/MusicDatabase.h	True	True	True	True
2806	Fice	2013-06-01 18:46:44	jmarshallnz	2013-06-02 11:05:29	xbmc/music/MusicDatabase.cpp	True	True	True	True
2806	Fice	2013-06-01 18:46:44	jmarshallnz	2013-06-01 23:09:02	xbmc/utils/JobManager.cpp	True	True	True	True
2806	Fice	2013-06-01 18:46:44	jmarshallnz	2013-06-02 11:05:29	xbmc/cdrip/CDDARipJob.h	True	True	True	True
2806	Fice	2013-06-01 18:46:44	jmarshallnz	2013-06-02 11:05:46	xbmc/utils/JobManager.h	True	True	True	True
2806	Fice	2013-06-01 18:46:44	jmarshallnz	2013-06-02 11:05:46	xbmc/utils/JobManager.cpp	True	True	True	True
2806	Fice	2013-06-01 18:46:44	jmarshallnz	2013-06-02 11:05:46	xbmc/music/MusicDatabase.h	True	True	True	True
2806	Fice	2013-06-01 18:46:44	jmarshallnz	2013-06-02 11:05:29	xbmc/cdrip/CDDARipper.cpp	True	True	True	True
2806	Fice	2013-06-01 18:46:44	jmarshallnz	2013-06-02 11:05:46	xbmc/cdrip/CDDARipper.cpp	True	True	True	True
2806	Fice	2013-06-01 18:46:44	jmarshallnz	2013-06-01 23:06:11	xbmc/utils/JobManager.h	True	True	True	True
2806	Fice	2013-06-01 18:46:44	jmarshallnz	2013-06-01 23:06:11	xbmc/utils/JobManager.cpp	True	True	True	True
2806	Fice	2013-06-01 18:46:44	jmarshallnz	2013-06-01 23:06:11	xbmc/music/MusicDatabase.h	True	True	True	True
2806	Fice	2013-06-01 18:46:44	jmarshallnz	2013-06-01 23:06:11	xbmc/music/MusicDatabase.cpp	True	True	True	True
2806	Fice	2013-06-01 18:46:44	jmarshallnz	2013-06-01 23:06:11	xbmc/cdrip/CDDARipper.cpp	True	True	True	True
2806	Fice	2013-06-01 18:46:44	jmarshallnz	2013-06-01 23:06:11	xbmc/cdrip/CDDARipJob.h	True	True	True	True
2806	Fice	2013-06-01 18:46:44	jmarshallnz	2013-06-01 23:09:02	xbmc/utils/JobManager.h	True	True	True	True
2806	Fice	2013-06-01 18:46:44	jmarshallnz	2013-06-02 11:05:46	xbmc/cdrip/CDDARipJob.h	True	True	True	True
