pr_number	author_user_login	pr_created_at	commit_user_login	commit_created_at	commit_status_total	commit_status_additions	commit_status_deletions	create_before_pr	is_review_commit
2148	Memphiz	2013-01-30 22:55:16	Memphiz	2013-01-31 19:15:17	146	107	39	False	True
2147	Fice	2013-01-30 19:13:21	Fice	2013-02-12 20:56:57	20	19	1	False	True
2147	Fice	2013-01-30 19:13:21	Fice	2013-01-23 13:12:21	140	112	28	True	True
2147	Fice	2013-01-30 19:13:21	Fice	2013-01-23 13:14:38	15	15	0	True	True
2128	Paxxi	2013-01-27 18:33:01	Paxxi	2013-02-08 13:03:19	1972	1972	0	False	True
2127	elupus	2013-01-27 17:49:02	elupus	2013-01-27 17:41:35	4	2	2	True	True
2127	elupus	2013-01-27 17:49:02	elupus	2013-01-27 17:46:48	5	3	2	True	True
2127	elupus	2013-01-27 17:49:02	elupus	2013-01-31 22:47:54	6	1	5	False	True
2127	elupus	2013-01-27 17:49:02	elupus	2013-01-27 17:40:53	85	73	12	True	True
2107	FernetMenta	2013-01-23 09:07:50	FernetMenta	2013-01-24 14:51:58	86	80	6	False	True
2098	mcrosson	2013-01-21 21:59:33	mikec	2013-01-24 00:56:09	123	113	10	False	True
2086	elupus	2013-01-16 21:11:55	elupus	2013-02-03 12:17:52	109	66	43	False	True
2072	Montellese	2013-01-13 22:32:28	Montellese	2013-09-14 10:10:44	39	30	9	False	True
2060	mcrosson	2013-01-10 01:35:13	mikec	2013-01-10 01:22:06	166	135	31	True	True
2059	mcrosson	2013-01-10 01:33:38	mikec	2013-01-10 01:22:06	154	122	32	True	True
2056	skywalker666	2013-01-09 11:56:03	skywalker666	2013-01-09 11:39:40	4	2	2	True	True
2037	jmarshallnz	2013-01-07 04:20:40	jmarshallnz	2013-01-07 03:34:12	14	13	1	True	True
2036	avmedia	2013-01-07 03:13:15	ekyt	2013-01-06 17:13:51	31	21	10	True	True
2027	nemphys	2013-01-05 11:07:37	nemphys	2013-01-02 15:22:15	120	93	27	True	True
2027	nemphys	2013-01-05 11:07:37	nemphys	2013-01-05 12:17:34	1	1	0	False	True
