pr_number	author_user_login	pr_created_at	comment_user_login	comment_created_at	is_review_issue_comment
129	jimfcarroll	2011-05-04 02:05:16	elupus	2011-05-05 18:23:54	True
129	jimfcarroll	2011-05-04 02:05:16	elupus	2011-05-07 17:19:27	True
129	jimfcarroll	2011-05-04 02:05:16	elupus	2011-05-05 14:04:00	True
129	jimfcarroll	2011-05-04 02:05:16	ghost	2011-05-04 12:57:28	True
129	jimfcarroll	2011-05-04 02:05:16	ghost	2011-05-05 10:10:51	True
129	jimfcarroll	2011-05-04 02:05:16	elupus	2011-05-04 18:59:12	True
129	jimfcarroll	2011-05-04 02:05:16	elupus	2011-05-04 18:57:45	True
129	jimfcarroll	2011-05-04 02:05:16	elupus	2011-05-05 14:01:03	True
