pr_number	author_user_login	pr_created_at	commit_user_login	commit_created_at	commit_status_total	commit_status_additions	commit_status_deletions	create_before_pr	is_review_commit
7940	holzingerm	2015-08-31 19:35:24	holzingerm	2015-08-31 18:59:15	51	49	2	True	True
7921	mkortstiege	2015-08-30 07:10:16	mkortstiege	2015-08-30 06:45:00	21	21	0	True	True
7920	mkortstiege	2015-08-30 05:33:18	mkortstiege	2015-08-30 05:28:16	22	14	8	True	True
7918	Montellese	2015-08-29 08:43:38	Montellese	2015-08-29 08:41:02	24	7	17	True	True
7918	Montellese	2015-08-29 08:43:38	Montellese	2015-08-31 14:07:21	6	4	2	False	True
7918	Montellese	2015-08-29 08:43:38	Montellese	2015-08-31 14:07:54	3	0	3	False	True
7912	mkortstiege	2015-08-28 10:14:19	mkortstiege	2015-08-28 10:04:26	30	14	16	True	True
7912	mkortstiege	2015-08-28 10:14:19	mkortstiege	2015-08-28 10:01:03	3	1	2	True	True
7912	mkortstiege	2015-08-28 10:14:19	mkortstiege	2015-08-28 09:59:50	39	19	20	True	True
7912	mkortstiege	2015-08-28 10:14:19	mkortstiege	2015-08-28 09:28:53	68	30	38	True	True
7912	mkortstiege	2015-08-28 10:14:19	mkortstiege	2015-08-28 09:35:01	73	28	45	True	True
7912	mkortstiege	2015-08-28 10:14:19	mkortstiege	2015-08-28 09:41:50	111	50	61	True	True
7912	mkortstiege	2015-08-28 10:14:19	mkortstiege	2015-08-28 09:57:48	22	9	13	True	True
7912	mkortstiege	2015-08-28 10:14:19	mkortstiege	2015-08-28 10:07:17	6	2	4	True	True
7912	mkortstiege	2015-08-28 10:14:19	mkortstiege	2015-08-28 09:56:31	169	60	109	True	True
7912	mkortstiege	2015-08-28 10:14:19	mkortstiege	2015-08-28 09:19:23	151	68	83	True	True
7912	mkortstiege	2015-08-28 10:14:19	mkortstiege	2015-08-28 08:44:51	148	69	79	True	True
7912	mkortstiege	2015-08-28 10:14:19	mkortstiege	2015-08-28 08:36:03	25	11	14	True	True
7912	mkortstiege	2015-08-28 10:14:19	mkortstiege	2015-08-28 08:27:04	14	6	8	True	True
7912	mkortstiege	2015-08-28 10:14:19	mkortstiege	2015-08-28 09:05:58	16	5	11	True	True
7912	mkortstiege	2015-08-28 10:14:19	mkortstiege	2015-08-28 09:03:54	269	121	148	True	True
7912	mkortstiege	2015-08-28 10:14:19	mkortstiege	2015-08-28 08:21:47	345	133	212	True	True
7912	mkortstiege	2015-08-28 10:14:19	mkortstiege	2015-08-28 09:08:34	46	22	24	True	True
7912	mkortstiege	2015-08-28 10:14:19	mkortstiege	2015-08-28 06:44:07	381	168	213	True	True
7912	mkortstiege	2015-08-28 10:14:19	mkortstiege	2015-08-28 09:22:54	52	23	29	True	True
7912	mkortstiege	2015-08-28 10:14:19	mkortstiege	2015-08-28 07:08:18	237	110	127	True	True
7912	mkortstiege	2015-08-28 10:14:19	mkortstiege	2015-08-28 07:58:49	270	126	144	True	True
7912	mkortstiege	2015-08-28 10:14:19	mkortstiege	2015-08-28 07:40:34	1441	697	744	True	True
7909	ace20022	2015-08-27 20:06:16	ace20022	2015-08-27 20:03:34	6	3	3	True	True
7906	Paxxi	2015-08-27 17:01:43	Paxxi	2015-08-27 16:59:41	70	41	29	True	True
7905	Glenn-1990	2015-08-27 15:19:40	Glenn-1990	2015-08-27 15:07:47	38	36	2	True	True
7901	MartijnKaijser	2015-08-26 17:05:17	MartijnKaijser	2015-08-26 17:13:10	9	5	4	False	True
7900	BigNoid	2015-08-26 16:06:08	BigNoid	2015-08-26 16:02:27	16	11	5	True	True
7887	mkortstiege	2015-08-24 21:30:40	mkortstiege	2015-08-24 21:20:25	11	5	6	True	True
7884	razzeee	2015-08-24 20:01:47	razzeee	2015-08-24 19:55:10	5	3	2	True	True
7874	tamland	2015-08-23 11:23:00	tamland	2015-08-22 12:36:33	29	14	15	True	True
7874	tamland	2015-08-23 11:23:00	mkortstiege	2015-09-02 09:29:35	10	10	0	False	True
7874	tamland	2015-08-23 11:23:00	tamland	2015-08-21 17:43:12	749	452	297	True	True
7874	tamland	2015-08-23 11:23:00	tamland	2015-08-21 17:40:30	24	17	7	True	True
7874	tamland	2015-08-23 11:23:00	tamland	2015-08-29 18:41:08	9	9	0	False	True
7874	tamland	2015-08-23 11:23:00	tamland	2015-08-21 18:36:53	73	40	33	True	True
7874	tamland	2015-08-23 11:23:00	tamland	2015-09-03 12:59:33	84	39	45	False	True
7874	tamland	2015-08-23 11:23:00	tamland	2015-09-04 07:41:46	1	0	1	False	True
7861	mkortstiege	2015-08-19 18:25:14	mkortstiege	2015-08-19 18:20:30	2	1	1	True	True
7859	mkortstiege	2015-08-19 16:47:51	mkortstiege	2015-08-19 10:24:07	46	39	7	True	True
7855	afedchin	2015-08-19 12:35:53	afedchin	2015-08-14 15:36:30	6	6	0	True	True
7855	afedchin	2015-08-19 12:35:53	afedchin	2015-08-19 12:10:14	14	13	1	True	True
7855	afedchin	2015-08-19 12:35:53	afedchin	2015-08-19 12:08:34	15	15	0	True	True
7855	afedchin	2015-08-19 12:35:53	afedchin	2015-08-14 15:35:56	5	5	0	True	True
7855	afedchin	2015-08-19 12:35:53	afedchin	2015-08-14 15:34:11	17	17	0	True	True
7855	afedchin	2015-08-19 12:35:53	afedchin	2015-08-19 12:09:13	4	2	2	True	True
7855	afedchin	2015-08-19 12:35:53	afedchin	2015-08-14 15:32:13	46	38	8	True	True
7855	afedchin	2015-08-19 12:35:53	afedchin	2015-08-14 15:30:48	20	10	10	True	True
7847	tamland	2015-08-18 15:53:20	tamland	2015-08-18 14:11:23	32	18	14	True	True
7847	tamland	2015-08-18 15:53:20	tamland	2015-08-18 11:15:49	2	2	0	True	True
7846	xhaggi	2015-08-18 12:27:39	xhaggi	2015-08-18 12:12:36	18	10	8	True	True
7825	popcornmix	2015-08-16 17:39:05	popcornmix	2015-07-29 16:26:30	188	152	36	True	True
7825	popcornmix	2015-08-16 17:39:05	popcornmix	2015-07-29 14:07:22	4	2	2	True	True
7825	popcornmix	2015-08-16 17:39:05	popcornmix	2015-07-29 20:05:41	2	2	0	True	True
7825	popcornmix	2015-08-16 17:39:05	popcornmix	2015-07-23 14:52:39	2	1	1	True	True
7825	popcornmix	2015-08-16 17:39:05	popcornmix	2015-07-24 21:53:21	27	14	13	True	True
7816	un1versal	2015-08-15 17:07:33	universal	2015-08-15 15:36:58	40	26	14	True	True
7815	tobbi	2015-08-15 15:57:35	tobbi	2015-08-15 15:51:21	45	21	24	True	True
7809	mkortstiege	2015-08-14 11:11:26	mkortstiege	2015-08-13 10:36:44	26	25	1	True	True
7808	mkortstiege	2015-08-14 11:07:24	mkortstiege	2015-08-14 11:04:46	12	7	5	True	True
7802	tobbi	2015-08-13 19:21:10	tobbi	2015-08-13 19:13:58	8	4	4	True	True
7800	Paxxi	2015-08-13 15:11:56	Paxxi	2015-08-13 14:45:28	632	524	108	True	True
7800	Paxxi	2015-08-13 15:11:56	mkortstiege	2015-08-19 06:48:07	20	19	1	False	True
7799	tobbi	2015-08-13 12:46:56	tobbi	2015-08-13 12:34:29	28	3	25	True	True
7788	hudokkow	2015-08-11 22:41:56	hudokkow	2015-08-12 10:52:24	2	1	1	False	True
7788	hudokkow	2015-08-11 22:41:56	notspiff	2015-04-10 11:49:44	24	24	0	True	True
7788	hudokkow	2015-08-11 22:41:56	notspiff	2015-04-13 07:46:39	23	23	0	True	True
7781	pbureau	2015-08-10 18:45:59	pbureau	2015-08-10 13:23:40	362	359	3	True	True
7774	Montellese	2015-08-10 07:54:33	Montellese	2015-07-26 00:20:00	87	1	86	True	True
7774	Montellese	2015-08-10 07:54:33	Montellese	2015-07-26 00:31:44	161	161	0	True	True
7774	Montellese	2015-08-10 07:54:33	Montellese	2015-07-25 22:30:55	11	10	1	True	True
7774	Montellese	2015-08-10 07:54:33	Montellese	2015-07-26 00:32:31	94	94	0	True	True
7774	Montellese	2015-08-10 07:54:33	Montellese	2015-08-17 07:29:56	44	42	2	False	True
7768	mkortstiege	2015-08-09 15:49:15	mkortstiege	2015-08-06 10:48:07	45	45	0	True	True
7750	tamland	2015-08-07 19:53:34	tamland	2015-08-07 14:20:55	32	16	16	True	True
7750	tamland	2015-08-07 19:53:34	tamland	2015-08-07 13:25:48	47	23	24	True	True
7750	tamland	2015-08-07 19:53:34	tamland	2015-08-07 13:31:55	46	44	2	True	True
7745	MartijnKaijser	2015-08-07 16:44:20	MartijnKaijser	2015-08-07 19:02:31	52	26	26	False	True
7745	MartijnKaijser	2015-08-07 16:44:20	MartijnKaijser	2015-08-07 18:49:03	52	48	4	False	True
7739	razzeee	2015-08-07 08:42:39	razzeee	2015-08-17 11:07:19	11	6	5	False	True
7739	razzeee	2015-08-07 08:42:39	razzeee	2015-07-28 15:48:34	124	113	11	True	True
7739	razzeee	2015-08-07 08:42:39	razzeee	2015-08-17 11:09:50	2	1	1	False	True
7733	ksooo	2015-08-06 14:11:57	ksooo	2015-08-06 13:55:16	83	56	27	True	True
7727	ace20022	2015-08-05 16:45:49	ace20022	2014-09-13 12:13:34	14	11	3	True	True
7727	ace20022	2015-08-05 16:45:49	ace20022	2014-09-12 13:49:18	6	5	1	True	True
7727	ace20022	2015-08-05 16:45:49	ace20022	2015-08-13 12:35:59	36	31	5	False	True
7727	ace20022	2015-08-05 16:45:49	ace20022	2014-11-16 15:53:43	1	1	0	True	True
7727	ace20022	2015-08-05 16:45:49	ace20022	2014-11-06 10:54:29	12	9	3	True	True
7727	ace20022	2015-08-05 16:45:49	ace20022	2014-09-16 18:50:27	4	2	2	True	True
7727	ace20022	2015-08-05 16:45:49	ace20022	2014-09-11 15:53:41	57	52	5	True	True
7727	ace20022	2015-08-05 16:45:49	ace20022	2014-11-06 10:54:29	35	22	13	True	True
7727	ace20022	2015-08-05 16:45:49	ace20022	2014-09-09 12:45:04	2	2	0	True	True
7727	ace20022	2015-08-05 16:45:49	ace20022	2015-03-20 15:38:47	11	11	0	True	True
7727	ace20022	2015-08-05 16:45:49	ace20022	2015-04-26 18:03:37	2	1	1	True	True
7727	ace20022	2015-08-05 16:45:49	ace20022	2014-10-03 07:43:17	8	8	0	True	True
7726	xhaggi	2015-08-05 15:09:42	xhaggi	2015-08-05 15:07:01	53	27	26	True	True
7723	ace20022	2015-08-05 11:20:10	ace20022	2015-08-03 11:41:46	18	11	7	True	True
7716	Jalle19	2015-08-03 20:51:26	Jalle19	2015-08-03 20:46:39	5	4	1	True	True
7716	Jalle19	2015-08-03 20:51:26	Jalle19	2015-08-03 20:46:47	1	1	0	True	True
7714	mkortstiege	2015-08-03 18:15:30	mkortstiege	2015-08-03 17:35:15	10	8	2	True	True
7713	afedchin	2015-08-03 16:11:10	afedchin	2015-08-05 12:17:54	4	2	2	False	True
7713	afedchin	2015-08-03 16:11:10	afedchin	2015-08-03 15:47:02	77	60	17	True	True
7713	afedchin	2015-08-03 16:11:10	afedchin	2015-08-03 15:54:11	28	8	20	True	True
7707	ace20022	2015-08-03 10:38:29	ace20022	2015-07-31 14:35:33	7	7	0	True	True
7707	ace20022	2015-08-03 10:38:29	ace20022	2015-08-03 10:26:34	1	1	0	True	True
7684	tamland	2015-08-01 12:59:13	tamland	2015-07-07 16:16:49	119	26	93	True	True
