pr_number	author_user_login	pr_created_at	review_user_login	review_created_at	filename	create_before_pr	has_issue_comment	has_review_comment	has_commit
19928	ksooo	2021-06-30 20:11:21	howie-f	2021-07-01 13:04:32	xbmc/platform/win10/PlatformWin10.h	True	False	True	True
19928	ksooo	2021-06-30 20:11:21	fuzzard	2021-06-30 22:38:16	xbmc/ServiceBroker.cpp	True	False	True	True
19928	ksooo	2021-06-30 20:11:21	fuzzard	2021-06-30 20:26:07	addons/skin.estuary/xml/Home.xml	True	False	True	True
19928	ksooo	2021-06-30 20:11:21	fuzzard	2021-06-30 20:26:07	xbmc/ServiceBroker.cpp	True	False	True	True
19928	ksooo	2021-06-30 20:11:21	fuzzard	2021-06-30 20:26:07	xbmc/ServiceBroker.h	True	False	True	True
19928	ksooo	2021-06-30 20:11:21	fuzzard	2021-06-30 20:26:07	xbmc/platform/Platform.h	True	False	True	True
19928	ksooo	2021-06-30 20:11:21	fuzzard	2021-06-30 20:26:07	xbmc/platform/darwin/ios-common/PlatformDarwinEmbedded.cpp	True	False	True	True
19928	ksooo	2021-06-30 20:11:21	fuzzard	2021-06-30 20:26:07	xbmc/platform/darwin/ios-common/PlatformDarwinEmbedded.h	True	False	True	True
19928	ksooo	2021-06-30 20:11:21	fuzzard	2021-06-30 20:26:07	xbmc/platform/win10/PlatformWin10.cpp	True	False	True	True
19928	ksooo	2021-06-30 20:11:21	fuzzard	2021-06-30 20:26:07	xbmc/platform/win10/PlatformWin10.h	True	False	True	True
19928	ksooo	2021-06-30 20:11:21	fuzzard	2021-06-30 22:38:16	addons/skin.estuary/xml/Home.xml	True	False	True	True
19928	ksooo	2021-06-30 20:11:21	ronie	2021-06-30 22:10:58	xbmc/platform/Platform.h	True	False	True	True
19928	ksooo	2021-06-30 20:11:21	fuzzard	2021-06-30 22:38:16	xbmc/ServiceBroker.h	True	False	True	True
19928	ksooo	2021-06-30 20:11:21	fuzzard	2021-06-30 22:38:16	xbmc/addons/gui/GUIWindowAddonBrowser.cpp	True	False	True	True
19928	ksooo	2021-06-30 20:11:21	fuzzard	2021-06-30 22:38:16	xbmc/platform/Platform.h	True	False	True	True
19928	ksooo	2021-06-30 20:11:21	fuzzard	2021-06-30 22:38:16	xbmc/platform/darwin/ios-common/PlatformDarwinEmbedded.cpp	True	False	True	True
19928	ksooo	2021-06-30 20:11:21	fuzzard	2021-06-30 22:38:16	xbmc/platform/darwin/ios-common/PlatformDarwinEmbedded.h	True	False	True	True
19928	ksooo	2021-06-30 20:11:21	fuzzard	2021-06-30 22:38:16	xbmc/platform/win10/PlatformWin10.cpp	True	False	True	True
19928	ksooo	2021-06-30 20:11:21	fuzzard	2021-06-30 22:38:16	xbmc/platform/win10/PlatformWin10.h	True	False	True	True
19928	ksooo	2021-06-30 20:11:21	ronie	2021-06-30 22:10:58	addons/skin.estuary/xml/Home.xml	True	False	True	True
19928	ksooo	2021-06-30 20:11:21	ronie	2021-06-30 22:10:58	xbmc/ServiceBroker.cpp	True	False	True	True
19928	ksooo	2021-06-30 20:11:21	ronie	2021-06-30 22:10:58	xbmc/ServiceBroker.h	True	False	True	True
19928	ksooo	2021-06-30 20:11:21	howie-f	2021-07-01 13:04:32	xbmc/platform/darwin/ios-common/PlatformDarwinEmbedded.h	True	False	True	True
19928	ksooo	2021-06-30 20:11:21	howie-f	2021-07-01 13:04:32	xbmc/platform/win10/PlatformWin10.cpp	True	False	True	True
19928	ksooo	2021-06-30 20:11:21	sy6sy2	2021-07-01 06:09:17	addons/skin.estuary/xml/Home.xml	True	False	True	True
19928	ksooo	2021-06-30 20:11:21	howie-f	2021-07-01 13:04:32	xbmc/platform/darwin/ios-common/PlatformDarwinEmbedded.cpp	True	False	True	True
19928	ksooo	2021-06-30 20:11:21	howie-f	2021-07-01 13:04:32	xbmc/platform/Platform.h	True	False	True	True
19928	ksooo	2021-06-30 20:11:21	howie-f	2021-07-01 13:30:49	addons/skin.estuary/xml/Home.xml	True	False	True	True
19928	ksooo	2021-06-30 20:11:21	howie-f	2021-07-01 13:30:49	xbmc/ServiceBroker.cpp	True	False	True	True
19928	ksooo	2021-06-30 20:11:21	howie-f	2021-07-01 13:30:49	xbmc/ServiceBroker.h	True	False	True	True
19928	ksooo	2021-06-30 20:11:21	howie-f	2021-07-01 13:30:49	xbmc/addons/gui/GUIWindowAddonBrowser.cpp	True	False	True	True
19928	ksooo	2021-06-30 20:11:21	howie-f	2021-07-01 13:30:49	xbmc/platform/Platform.h	True	False	True	True
19928	ksooo	2021-06-30 20:11:21	howie-f	2021-07-01 13:30:49	xbmc/platform/darwin/ios-common/PlatformDarwinEmbedded.cpp	True	False	True	True
19928	ksooo	2021-06-30 20:11:21	howie-f	2021-07-01 13:30:49	xbmc/platform/darwin/ios-common/PlatformDarwinEmbedded.h	True	False	True	True
19928	ksooo	2021-06-30 20:11:21	howie-f	2021-07-01 13:30:49	xbmc/platform/win10/PlatformWin10.cpp	True	False	True	True
19928	ksooo	2021-06-30 20:11:21	howie-f	2021-07-01 13:30:49	xbmc/platform/win10/PlatformWin10.h	True	False	True	True
19928	ksooo	2021-06-30 20:11:21	sy6sy2	2021-07-01 06:09:17	xbmc/ServiceBroker.cpp	True	False	True	True
19928	ksooo	2021-06-30 20:11:21	sy6sy2	2021-07-01 06:09:17	xbmc/ServiceBroker.h	True	False	True	True
19928	ksooo	2021-06-30 20:11:21	sy6sy2	2021-07-01 06:09:17	xbmc/addons/gui/GUIWindowAddonBrowser.cpp	True	False	True	True
19928	ksooo	2021-06-30 20:11:21	sy6sy2	2021-07-01 06:09:17	xbmc/platform/Platform.h	True	False	True	True
19928	ksooo	2021-06-30 20:11:21	sy6sy2	2021-07-01 06:09:17	xbmc/platform/darwin/ios-common/PlatformDarwinEmbedded.cpp	True	False	True	True
19928	ksooo	2021-06-30 20:11:21	sy6sy2	2021-07-01 06:09:17	xbmc/platform/darwin/ios-common/PlatformDarwinEmbedded.h	True	False	True	True
19928	ksooo	2021-06-30 20:11:21	sy6sy2	2021-07-01 06:09:17	xbmc/platform/win10/PlatformWin10.cpp	True	False	True	True
19928	ksooo	2021-06-30 20:11:21	sy6sy2	2021-07-01 06:09:17	xbmc/platform/win10/PlatformWin10.h	True	False	True	True
19928	ksooo	2021-06-30 20:11:21	howie-f	2021-07-01 13:04:32	addons/skin.estuary/xml/Home.xml	True	False	True	True
19928	ksooo	2021-06-30 20:11:21	howie-f	2021-07-01 13:04:32	xbmc/ServiceBroker.cpp	True	False	True	True
19928	ksooo	2021-06-30 20:11:21	howie-f	2021-07-01 13:04:32	xbmc/ServiceBroker.h	True	False	True	True
19928	ksooo	2021-06-30 20:11:21	howie-f	2021-07-01 13:04:32	xbmc/addons/gui/GUIWindowAddonBrowser.cpp	True	False	True	True
19928	ksooo	2021-06-30 20:11:21	ronie	2021-06-30 22:10:58	xbmc/addons/gui/GUIWindowAddonBrowser.cpp	True	False	True	True
19928	ksooo	2021-06-30 20:11:21	fuzzard	2021-06-30 20:26:07	xbmc/addons/gui/GUIWindowAddonBrowser.cpp	True	False	True	True
19928	ksooo	2021-06-30 20:11:21	ronie	2021-06-30 22:10:58	xbmc/platform/darwin/ios-common/PlatformDarwinEmbedded.cpp	True	False	True	True
19928	ksooo	2021-06-30 20:11:21	thexai	2021-06-30 21:23:24	xbmc/platform/darwin/ios-common/PlatformDarwinEmbedded.h	True	False	True	True
19928	ksooo	2021-06-30 20:11:21	fuzzard	2021-06-30 20:21:52	xbmc/platform/darwin/ios-common/PlatformDarwinEmbedded.cpp	True	False	True	True
19928	ksooo	2021-06-30 20:11:21	fuzzard	2021-06-30 20:21:52	xbmc/platform/darwin/ios-common/PlatformDarwinEmbedded.h	True	False	True	True
19928	ksooo	2021-06-30 20:11:21	fuzzard	2021-06-30 20:21:52	xbmc/platform/win10/PlatformWin10.cpp	True	False	True	True
19928	ksooo	2021-06-30 20:11:21	fuzzard	2021-06-30 20:21:52	xbmc/platform/win10/PlatformWin10.h	True	False	True	True
19928	ksooo	2021-06-30 20:11:21	thexai	2021-06-30 21:23:24	addons/skin.estuary/xml/Home.xml	True	False	True	True
19928	ksooo	2021-06-30 20:11:21	thexai	2021-06-30 21:23:24	xbmc/ServiceBroker.cpp	True	False	True	True
19928	ksooo	2021-06-30 20:11:21	thexai	2021-06-30 21:23:24	xbmc/ServiceBroker.h	True	False	True	True
19928	ksooo	2021-06-30 20:11:21	thexai	2021-06-30 21:23:24	xbmc/addons/gui/GUIWindowAddonBrowser.cpp	True	False	True	True
19928	ksooo	2021-06-30 20:11:21	thexai	2021-06-30 21:23:24	xbmc/platform/Platform.h	True	False	True	True
19928	ksooo	2021-06-30 20:11:21	thexai	2021-06-30 21:23:24	xbmc/platform/darwin/ios-common/PlatformDarwinEmbedded.cpp	True	False	True	True
19928	ksooo	2021-06-30 20:11:21	thexai	2021-06-30 21:23:24	xbmc/platform/win10/PlatformWin10.cpp	True	False	True	True
19928	ksooo	2021-06-30 20:11:21	fuzzard	2021-06-30 20:21:52	xbmc/addons/gui/GUIWindowAddonBrowser.cpp	True	False	True	True
19928	ksooo	2021-06-30 20:11:21	thexai	2021-06-30 21:23:24	xbmc/platform/win10/PlatformWin10.h	True	False	True	True
19928	ksooo	2021-06-30 20:11:21	howie-f	2021-07-01 04:55:21	addons/skin.estuary/xml/Home.xml	True	False	True	True
19928	ksooo	2021-06-30 20:11:21	howie-f	2021-07-01 04:55:21	xbmc/ServiceBroker.cpp	True	False	True	True
19928	ksooo	2021-06-30 20:11:21	howie-f	2021-07-01 04:55:21	xbmc/ServiceBroker.h	True	False	True	True
19928	ksooo	2021-06-30 20:11:21	howie-f	2021-07-01 04:55:21	xbmc/addons/gui/GUIWindowAddonBrowser.cpp	True	False	True	True
19928	ksooo	2021-06-30 20:11:21	howie-f	2021-07-01 04:55:21	xbmc/platform/Platform.h	True	False	True	True
19928	ksooo	2021-06-30 20:11:21	howie-f	2021-07-01 04:55:21	xbmc/platform/darwin/ios-common/PlatformDarwinEmbedded.cpp	True	False	True	True
19928	ksooo	2021-06-30 20:11:21	howie-f	2021-07-01 04:55:21	xbmc/platform/darwin/ios-common/PlatformDarwinEmbedded.h	True	False	True	True
19928	ksooo	2021-06-30 20:11:21	howie-f	2021-07-01 04:55:21	xbmc/platform/win10/PlatformWin10.cpp	True	False	True	True
19928	ksooo	2021-06-30 20:11:21	ronie	2021-06-30 22:10:58	xbmc/platform/darwin/ios-common/PlatformDarwinEmbedded.h	True	False	True	True
19928	ksooo	2021-06-30 20:11:21	fuzzard	2021-06-30 20:21:52	xbmc/platform/Platform.h	True	False	True	True
19928	ksooo	2021-06-30 20:11:21	howie-f	2021-07-01 04:55:21	xbmc/platform/win10/PlatformWin10.h	True	False	True	True
19928	ksooo	2021-06-30 20:11:21	fuzzard	2021-06-30 20:21:52	xbmc/ServiceBroker.h	True	False	True	True
19928	ksooo	2021-06-30 20:11:21	thexai	2021-06-30 20:28:18	addons/skin.estuary/xml/Home.xml	True	False	True	True
19928	ksooo	2021-06-30 20:11:21	fuzzard	2021-06-30 20:21:52	xbmc/ServiceBroker.cpp	True	False	True	True
19928	ksooo	2021-06-30 20:11:21	ronie	2021-06-30 22:10:58	xbmc/platform/win10/PlatformWin10.h	True	False	True	True
19928	ksooo	2021-06-30 20:11:21	fuzzard	2021-06-30 20:28:27	addons/skin.estuary/xml/Home.xml	True	False	True	True
19928	ksooo	2021-06-30 20:11:21	fuzzard	2021-06-30 20:28:27	xbmc/ServiceBroker.cpp	True	False	True	True
19928	ksooo	2021-06-30 20:11:21	fuzzard	2021-06-30 20:28:27	xbmc/ServiceBroker.h	True	False	True	True
19928	ksooo	2021-06-30 20:11:21	fuzzard	2021-06-30 20:28:27	xbmc/addons/gui/GUIWindowAddonBrowser.cpp	True	False	True	True
19928	ksooo	2021-06-30 20:11:21	fuzzard	2021-06-30 20:28:27	xbmc/platform/Platform.h	True	False	True	True
19928	ksooo	2021-06-30 20:11:21	fuzzard	2021-06-30 20:28:27	xbmc/platform/darwin/ios-common/PlatformDarwinEmbedded.h	True	False	True	True
19928	ksooo	2021-06-30 20:11:21	fuzzard	2021-06-30 20:28:27	xbmc/platform/win10/PlatformWin10.cpp	True	False	True	True
19928	ksooo	2021-06-30 20:11:21	fuzzard	2021-06-30 20:28:27	xbmc/platform/win10/PlatformWin10.h	True	False	True	True
19928	ksooo	2021-06-30 20:11:21	fuzzard	2021-06-30 20:28:27	xbmc/platform/darwin/ios-common/PlatformDarwinEmbedded.cpp	True	False	True	True
19928	ksooo	2021-06-30 20:11:21	thexai	2021-06-30 20:28:18	xbmc/ServiceBroker.cpp	True	False	True	True
19928	ksooo	2021-06-30 20:11:21	ronie	2021-06-30 22:10:58	xbmc/platform/win10/PlatformWin10.cpp	True	False	True	True
19928	ksooo	2021-06-30 20:11:21	fuzzard	2021-06-30 20:21:52	addons/skin.estuary/xml/Home.xml	True	False	True	True
19928	ksooo	2021-06-30 20:11:21	thexai	2021-06-30 20:28:18	xbmc/ServiceBroker.h	True	False	True	True
19928	ksooo	2021-06-30 20:11:21	thexai	2021-06-30 20:28:18	xbmc/platform/win10/PlatformWin10.cpp	True	False	True	True
19928	ksooo	2021-06-30 20:11:21	thexai	2021-06-30 20:28:18	xbmc/platform/darwin/ios-common/PlatformDarwinEmbedded.h	True	False	True	True
19928	ksooo	2021-06-30 20:11:21	thexai	2021-06-30 20:28:18	xbmc/platform/win10/PlatformWin10.h	True	False	True	True
19928	ksooo	2021-06-30 20:11:21	thexai	2021-06-30 20:28:18	xbmc/platform/darwin/ios-common/PlatformDarwinEmbedded.cpp	True	False	True	True
19928	ksooo	2021-06-30 20:11:21	thexai	2021-06-30 20:28:18	xbmc/platform/Platform.h	True	False	True	True
19928	ksooo	2021-06-30 20:11:21	thexai	2021-06-30 20:28:18	xbmc/addons/gui/GUIWindowAddonBrowser.cpp	True	False	True	True
19927	matthuisman	2021-06-30 08:37:16	fuzzard	2021-06-30 08:55:32	tools/depends/target/Makefile	True	True	True	True
19927	matthuisman	2021-06-30 08:37:16	fuzzard	2021-06-30 08:50:09	tools/depends/target/Makefile	True	True	True	True
19927	matthuisman	2021-06-30 08:37:16	fuzzard	2021-06-30 08:50:09	tools/depends/target/python3/modules.setup	True	True	True	True
19927	matthuisman	2021-06-30 08:37:16	fuzzard	2021-06-30 08:50:09	tools/depends/target/xz/Makefile	True	True	True	True
19927	matthuisman	2021-06-30 08:37:16	wsnipex	2021-07-01 05:20:51	tools/depends/target/Makefile	True	True	True	True
19927	matthuisman	2021-06-30 08:37:16	wsnipex	2021-07-01 05:20:51	tools/depends/target/python3/modules.setup	True	True	True	True
19927	matthuisman	2021-06-30 08:37:16	wsnipex	2021-06-30 11:18:34	tools/depends/target/Makefile	True	True	True	True
19927	matthuisman	2021-06-30 08:37:16	wsnipex	2021-06-30 11:18:34	tools/depends/target/python3/modules.setup	True	True	True	True
19927	matthuisman	2021-06-30 08:37:16	wsnipex	2021-06-30 11:18:34	tools/depends/target/xz/Makefile	True	True	True	True
19927	matthuisman	2021-06-30 08:37:16	wsnipex	2021-07-01 05:20:51	tools/depends/target/xz/Makefile	True	True	True	True
19927	matthuisman	2021-06-30 08:37:16	fuzzard	2021-06-30 08:55:32	tools/depends/target/python3/modules.setup	True	True	True	True
19927	matthuisman	2021-06-30 08:37:16	fuzzard	2021-06-30 08:40:51	tools/depends/target/Makefile	True	True	True	True
19927	matthuisman	2021-06-30 08:37:16	fuzzard	2021-06-30 08:40:51	tools/depends/target/xz/Makefile	True	True	True	True
19927	matthuisman	2021-06-30 08:37:16	fuzzard	2021-06-30 08:40:51	tools/depends/target/python3/modules.setup	True	True	True	True
19927	matthuisman	2021-06-30 08:37:16	fuzzard	2021-06-30 08:55:32	tools/depends/target/xz/Makefile	True	True	True	True
19927	matthuisman	2021-06-30 08:37:16	fuzzard	2021-06-30 08:51:30	tools/depends/target/xz/Makefile	True	True	True	True
19927	matthuisman	2021-06-30 08:37:16	fuzzard	2021-06-30 08:51:30	tools/depends/target/python3/modules.setup	True	True	True	True
19927	matthuisman	2021-06-30 08:37:16	fuzzard	2021-06-30 08:51:30	tools/depends/target/Makefile	True	True	True	True
19926	wsnipex	2021-06-30 05:28:08	fuzzard	2021-06-30 08:31:23	tools/depends/target/gnutls/Makefile	True	False	False	True
19926	wsnipex	2021-06-30 05:28:08	fuzzard	2021-06-30 08:31:23	tools/depends/target/python3/Makefile	True	False	False	True
19926	wsnipex	2021-06-30 05:28:08	fuzzard	2021-06-30 08:31:23	tools/depends/target/openssl/Makefile	True	False	False	True
19926	wsnipex	2021-06-30 05:28:08	fuzzard	2021-06-30 08:31:23	tools/depends/target/mariadb/Makefile	True	False	False	True
19926	wsnipex	2021-06-30 05:28:08	fuzzard	2021-06-30 08:31:23	tools/depends/target/mariadb/03-pthread.patch	True	False	False	True
19926	wsnipex	2021-06-30 05:28:08	fuzzard	2021-06-30 08:31:23	tools/depends/target/gnutls/add-dl-as-private-lib.patch	True	False	False	True
19924	djp952	2021-06-30 02:37:45	ksooo	2021-06-30 06:27:12	xbmc/pvr/dialogs/GUIDialogPVRChannelManager.cpp	True	True	False	True
19923	djp952	2021-06-29 15:08:21	ksooo	2021-06-29 15:28:45	xbmc/pvr/dialogs/GUIDialogPVRChannelManager.cpp	True	True	False	True
19921	djp952	2021-06-29 04:29:09	ksooo	2021-06-29 17:53:10	xbmc/pvr/dialogs/GUIDialogPVRChannelManager.cpp	True	False	True	True
19921	djp952	2021-06-29 04:29:09	ksooo	2021-06-29 19:51:46	xbmc/pvr/dialogs/GUIDialogPVRChannelManager.cpp	True	False	True	True
19921	djp952	2021-06-29 04:29:09	ksooo	2021-06-29 17:53:10	xbmc/pvr/dialogs/GUIDialogPVRChannelManager.h	True	False	True	True
19921	djp952	2021-06-29 04:29:09	ksooo	2021-06-29 19:51:46	xbmc/pvr/dialogs/GUIDialogPVRChannelManager.h	True	False	True	True
19920	thexai	2021-06-28 15:36:23	afedchin	2021-06-28 17:52:05	xbmc/rendering/dx/DeviceResources.cpp	True	True	False	True
19920	thexai	2021-06-28 15:36:23	afedchin	2021-06-28 17:52:05	xbmc/cores/VideoPlayer/DVDCodecs/Video/DXVA.cpp	True	True	False	True
19917	thexai	2021-06-27 19:30:15	afedchin	2021-06-27 20:19:04	xbmc/rendering/dx/DeviceResources.cpp	True	False	False	True
19917	thexai	2021-06-27 19:30:15	afedchin	2021-06-27 20:19:04	xbmc/cores/VideoPlayer/DVDCodecs/Video/DXVA.cpp	True	False	False	True
19916	djp952	2021-06-27 03:22:00	thexai	2021-06-27 19:54:22	.gitignore	True	True	False	True
19915	djp952	2021-06-27 01:54:36	ksooo	2021-06-27 06:20:19	xbmc/pvr/epg/EpgTagsContainer.cpp	True	False	False	True
19910	sy6sy2	2021-06-26 10:53:32	ksooo	2021-06-26 11:30:01	addons/skin.estuary/xml/Home.xml	True	True	False	True
19909	djp952	2021-06-26 04:14:25	ksooo	2021-06-26 08:48:14	xbmc/pvr/epg/EpgTagsContainer.cpp	True	False	False	True
19908	the-black-eagle	2021-06-25 11:23:14	arnova	2021-06-27 07:51:28	xbmc/Application.cpp	True	False	True	True
19907	ksooo	2021-06-25 07:00:43	phunkyfish	2021-06-25 09:32:28	xbmc/pvr/channels/PVRChannelGroups.cpp	True	True	False	True
19901	arnova	2021-06-24 06:11:57	wsnipex	2021-06-24 14:36:21	xbmc/FileItem.cpp	True	False	False	True
19900	candrews	2021-06-24 01:06:51	Paxxi	2021-06-24 05:43:45	xbmc/utils/StringUtils.h	True	True	True	True
19900	candrews	2021-06-24 01:06:51	Paxxi	2021-06-24 16:05:27	xbmc/utils/StringUtils.h	True	True	True	True
19895	samnazarko	2021-06-19 15:08:44	fuzzard	2021-06-19 16:58:55	xbmc/input/InputManager.cpp	True	False	False	True
19895	samnazarko	2021-06-19 15:08:44	garbear	2021-06-21 19:14:07	xbmc/input/InputManager.cpp	True	False	False	True
19894	arthur-liberman	2021-06-18 12:09:20	fritsch	2021-06-20 04:30:29	xbmc/cores/VideoPlayer/DVDCodecs/Video/DVDVideoCodecAndroidMediaCodec.cpp	True	False	False	True
19893	wsnipex	2021-06-18 07:34:49	fuzzard	2021-06-28 19:24:39	tools/depends/target/mariadb/04-pthread.patch	True	True	False	True
19893	wsnipex	2021-06-18 07:34:49	fuzzard	2021-06-28 19:24:39	tools/depends/target/gnutls/Makefile	True	True	False	True
19893	wsnipex	2021-06-18 07:34:49	fuzzard	2021-06-28 19:24:39	tools/depends/target/gnutls/add-dl-as-private-lib.patch	True	True	False	True
19893	wsnipex	2021-06-18 07:34:49	fuzzard	2021-06-28 19:24:39	tools/depends/target/python3/Makefile	True	True	False	True
19893	wsnipex	2021-06-18 07:34:49	fuzzard	2021-06-28 19:24:39	tools/depends/target/mariadb/Makefile	True	True	False	True
19893	wsnipex	2021-06-18 07:34:49	fuzzard	2021-06-28 19:24:39	tools/depends/target/openssl/Makefile	True	True	False	True
19890	the-black-eagle	2021-06-17 14:23:55	DaveTBlake	2021-07-12 15:55:21	xbmc/interfaces/json-rpc/schema/version.txt	True	False	False	True
19890	the-black-eagle	2021-06-17 14:23:55	DaveTBlake	2021-07-12 15:55:21	xbmc/interfaces/json-rpc/VideoLibrary.cpp	True	False	False	True
19890	the-black-eagle	2021-06-17 14:23:55	DaveTBlake	2021-07-12 15:55:21	xbmc/interfaces/json-rpc/AudioLibrary.cpp	True	False	False	True
19889	the-black-eagle	2021-06-17 13:04:51	DaveTBlake	2021-07-12 15:53:47	xbmc/interfaces/json-rpc/VideoLibrary.cpp	True	True	False	True
19889	the-black-eagle	2021-06-17 13:04:51	DaveTBlake	2021-07-12 15:53:47	xbmc/interfaces/json-rpc/AudioLibrary.cpp	True	True	False	True
19889	the-black-eagle	2021-06-17 13:04:51	DaveTBlake	2021-07-12 15:53:47	xbmc/interfaces/json-rpc/schema/version.txt	True	True	False	True
19885	wsnipex	2021-06-16 06:11:14	Rechi	2021-06-17 13:11:00	xbmc/interfaces/swig/CMakeLists.txt	True	False	False	True
19884	djp952	2021-06-16 03:24:09	garbear	2021-06-17 01:41:35	xbmc/addons/interfaces/Filesystem.cpp	True	False	False	True
19884	djp952	2021-06-16 03:24:09	thexai	2021-06-27 20:00:21	xbmc/addons/interfaces/Filesystem.cpp	True	False	False	True
19882	Rechi	2021-06-14 08:44:38	garbear	2021-06-15 05:20:36	xbmc/platform/linux/storage/UDisks2Provider.h	False	False	True	True
19882	Rechi	2021-06-14 08:44:38	ksooo	2021-06-15 21:17:31	xbmc/platform/linux/storage/UDisks2Provider.h	False	False	True	True
19882	Rechi	2021-06-14 08:44:38	ksooo	2021-06-15 21:17:31	xbmc/platform/linux/storage/UDisks2Provider.cpp	False	False	True	True
19882	Rechi	2021-06-14 08:44:38	ksooo	2021-06-15 21:17:31	xbmc/pvr/settings/PVRSettings.cpp	False	False	True	True
19882	Rechi	2021-06-14 08:44:38	garbear	2021-06-15 05:20:36	xbmc/pvr/channels/PVRChannelGroupInternal.cpp	False	False	True	True
19882	Rechi	2021-06-14 08:44:38	garbear	2021-06-15 05:20:36	xbmc/utils/GLUtils.cpp	False	False	True	True
19882	Rechi	2021-06-14 08:44:38	fuzzard	2021-06-15 01:59:51	xbmc/platform/linux/storage/UDisks2Provider.h	False	False	True	True
19882	Rechi	2021-06-14 08:44:38	garbear	2021-06-15 05:20:36	xbmc/platform/linux/storage/UDisks2Provider.cpp	False	False	True	True
19882	Rechi	2021-06-14 08:44:38	garbear	2021-06-15 05:20:36	xbmc/pvr/settings/PVRSettings.cpp	False	False	True	True
19882	Rechi	2021-06-14 08:44:38	fuzzard	2021-06-15 01:59:51	xbmc/pvr/channels/PVRChannelGroupInternal.cpp	False	False	True	True
19882	Rechi	2021-06-14 08:44:38	fuzzard	2021-06-15 01:59:51	xbmc/utils/GLUtils.cpp	False	False	True	True
19882	Rechi	2021-06-14 08:44:38	ksooo	2021-06-15 21:17:31	xbmc/pvr/channels/PVRChannelGroupInternal.cpp	False	False	True	True
19882	Rechi	2021-06-14 08:44:38	fuzzard	2021-06-15 01:59:51	xbmc/platform/linux/storage/UDisks2Provider.cpp	False	False	True	True
19882	Rechi	2021-06-14 08:44:38	fuzzard	2021-06-15 01:59:51	xbmc/pvr/settings/PVRSettings.cpp	False	False	True	True
19882	Rechi	2021-06-14 08:44:38	ksooo	2021-06-15 21:17:31	xbmc/utils/GLUtils.cpp	False	False	True	True
19882	Rechi	2021-06-14 08:44:38	fuzzard	2021-06-15 21:28:22	xbmc/utils/GLUtils.cpp	False	False	True	True
19882	Rechi	2021-06-14 08:44:38	fuzzard	2021-06-15 21:28:22	xbmc/pvr/settings/PVRSettings.cpp	False	False	True	True
19882	Rechi	2021-06-14 08:44:38	ksooo	2021-06-16 10:44:27	xbmc/pvr/channels/PVRChannelGroupInternal.cpp	False	False	True	True
19882	Rechi	2021-06-14 08:44:38	ksooo	2021-06-16 05:28:55	xbmc/pvr/channels/PVRChannelGroupInternal.cpp	False	False	True	True
19882	Rechi	2021-06-14 08:44:38	ksooo	2021-06-16 05:28:55	xbmc/utils/GLUtils.cpp	False	False	True	True
19882	Rechi	2021-06-14 08:44:38	ksooo	2021-06-16 05:28:55	xbmc/platform/linux/storage/UDisks2Provider.h	False	False	True	True
19882	Rechi	2021-06-14 08:44:38	fuzzard	2021-06-15 21:28:22	xbmc/platform/linux/storage/UDisks2Provider.cpp	False	False	True	True
19882	Rechi	2021-06-14 08:44:38	ksooo	2021-06-16 05:28:55	xbmc/pvr/settings/PVRSettings.cpp	False	False	True	True
19882	Rechi	2021-06-14 08:44:38	ksooo	2021-06-16 05:28:55	xbmc/platform/linux/storage/UDisks2Provider.cpp	False	False	True	True
19882	Rechi	2021-06-14 08:44:38	ksooo	2021-06-16 10:44:27	xbmc/utils/GLUtils.cpp	False	False	True	True
19882	Rechi	2021-06-14 08:44:38	ksooo	2021-06-16 10:44:27	xbmc/platform/linux/storage/UDisks2Provider.h	False	False	True	True
19882	Rechi	2021-06-14 08:44:38	ksooo	2021-06-16 10:44:27	xbmc/platform/linux/storage/UDisks2Provider.cpp	False	False	True	True
19882	Rechi	2021-06-14 08:44:38	ksooo	2021-06-16 10:44:27	xbmc/pvr/settings/PVRSettings.cpp	False	False	True	True
19882	Rechi	2021-06-14 08:44:38	fuzzard	2021-06-15 21:28:22	xbmc/pvr/channels/PVRChannelGroupInternal.cpp	False	False	True	True
19882	Rechi	2021-06-14 08:44:38	fuzzard	2021-06-15 21:28:22	xbmc/platform/linux/storage/UDisks2Provider.h	False	False	True	True
19880	thexai	2021-06-13 18:06:07	afedchin	2021-06-28 17:52:21	xbmc/windowing/win10/WinSystemWin10DX.cpp	True	False	True	True
19880	thexai	2021-06-13 18:06:07	afedchin	2021-06-28 17:52:21	xbmc/platform/win32/WIN32Util.cpp	True	False	True	True
19880	thexai	2021-06-13 18:06:07	ksooo	2021-06-13 18:34:42	xbmc/windowing/win10/WinSystemWin10DX.cpp	True	False	True	True
19880	thexai	2021-06-13 18:06:07	ksooo	2021-06-13 18:34:42	xbmc/platform/win32/WIN32Util.cpp	True	False	True	True
19879	thexai	2021-06-13 10:49:20	afedchin	2021-06-14 13:12:05	xbmc/platform/win32/WIN32Util.cpp	True	False	True	True
19879	thexai	2021-06-13 10:49:20	afedchin	2021-06-14 13:12:05	xbmc/windowing/win10/WinSystemWin10DX.cpp	True	False	True	True
19879	thexai	2021-06-13 10:49:20	ksooo	2021-06-13 18:36:46	xbmc/platform/win32/WIN32Util.cpp	True	False	True	True
19879	thexai	2021-06-13 10:49:20	ksooo	2021-06-13 18:36:46	xbmc/windowing/win10/WinSystemWin10DX.cpp	True	False	True	True
19878	djp952	2021-06-13 03:20:27	AlwinEsch	2021-06-15 22:42:30	xbmc/addons/interfaces/Filesystem.cpp	True	True	False	True
19878	djp952	2021-06-13 03:20:27	ksooo	2021-06-13 07:27:49	xbmc/addons/interfaces/Filesystem.cpp	True	True	False	True
19878	djp952	2021-06-13 03:20:27	garbear	2021-06-15 05:24:46	xbmc/addons/interfaces/Filesystem.cpp	True	True	False	True
19877	djp952	2021-06-13 02:59:54	ksooo	2021-06-13 07:24:34	xbmc/pvr/guilib/PVRGUIActions.cpp	True	False	False	True
19876	phunkyfish	2021-06-12 15:48:03	lrusak	2021-09-24 17:23:03	tools/depends/target/ffmpeg/FFMPEG-VERSION	True	True	False	True
19875	fuzzard	2021-06-12 09:49:18	kambala-decapitator	2021-06-12 10:12:32	tools/depends/target/cmakebuildsys/Makefile	True	False	True	True
19875	fuzzard	2021-06-12 09:49:18	kambala-decapitator	2021-06-12 10:39:02	tools/depends/native/cmake/Makefile	True	False	True	True
19875	fuzzard	2021-06-12 09:49:18	kambala-decapitator	2021-06-12 10:39:02	cmake/scripts/osx/Macros.cmake	True	False	True	True
19875	fuzzard	2021-06-12 09:49:18	kambala-decapitator	2021-06-12 10:39:02	cmake/scripts/darwin_embedded/Macros.cmake	True	False	True	True
19875	fuzzard	2021-06-12 09:49:18	kambala-decapitator	2021-06-12 10:39:02	tools/depends/target/mariadb/03-cmake3.20_syntax_fix.patch	False	False	True	True
19875	fuzzard	2021-06-12 09:49:18	kambala-decapitator	2021-06-12 10:12:32	cmake/scripts/darwin_embedded/Macros.cmake	True	False	True	True
19875	fuzzard	2021-06-12 09:49:18	kambala-decapitator	2021-06-12 10:12:32	tools/depends/native/cmake/Makefile	True	False	True	True
19875	fuzzard	2021-06-12 09:49:18	kambala-decapitator	2021-06-12 10:12:32	cmake/scripts/osx/Macros.cmake	True	False	True	True
19875	fuzzard	2021-06-12 09:49:18	wsnipex	2021-06-14 06:11:07	tools/depends/target/mariadb/03-cmake3.20_syntax_fix.patch	False	False	True	True
19875	fuzzard	2021-06-12 09:49:18	kambala-decapitator	2021-06-12 10:12:32	tools/depends/target/mariadb/Makefile	False	False	True	True
19875	fuzzard	2021-06-12 09:49:18	kambala-decapitator	2021-06-12 10:12:32	tools/depends/target/mariadb/03-cmake3.20_syntax_fix.patch	False	False	True	True
19875	fuzzard	2021-06-12 09:49:18	kambala-decapitator	2021-06-12 10:39:02	tools/depends/target/cmakebuildsys/Makefile	True	False	True	True
19875	fuzzard	2021-06-12 09:49:18	kambala-decapitator	2021-06-12 10:39:02	tools/depends/target/mariadb/Makefile	False	False	True	True
19875	fuzzard	2021-06-12 09:49:18	wsnipex	2021-06-14 06:11:07	tools/depends/target/mariadb/Makefile	False	False	True	True
19875	fuzzard	2021-06-12 09:49:18	wsnipex	2021-06-14 06:11:07	cmake/scripts/osx/Macros.cmake	True	False	True	True
19875	fuzzard	2021-06-12 09:49:18	wsnipex	2021-06-14 06:11:07	tools/depends/native/cmake/Makefile	True	False	True	True
19875	fuzzard	2021-06-12 09:49:18	wsnipex	2021-06-14 06:11:07	cmake/scripts/darwin_embedded/Macros.cmake	True	False	True	True
19875	fuzzard	2021-06-12 09:49:18	wsnipex	2021-06-14 06:11:07	tools/depends/target/cmakebuildsys/Makefile	True	False	True	True
19875	fuzzard	2021-06-12 09:49:18	wsnipex	2021-06-12 20:02:43	tools/depends/target/mariadb/03-cmake3.20_syntax_fix.patch	False	False	True	True
19875	fuzzard	2021-06-12 09:49:18	wsnipex	2021-06-12 20:02:43	tools/depends/target/mariadb/Makefile	False	False	True	True
19875	fuzzard	2021-06-12 09:49:18	wsnipex	2021-06-12 20:02:43	cmake/scripts/darwin_embedded/Macros.cmake	True	False	True	True
19875	fuzzard	2021-06-12 09:49:18	wsnipex	2021-06-12 20:02:43	cmake/scripts/osx/Macros.cmake	True	False	True	True
19875	fuzzard	2021-06-12 09:49:18	wsnipex	2021-06-12 20:02:43	tools/depends/native/cmake/Makefile	True	False	True	True
19875	fuzzard	2021-06-12 09:49:18	wsnipex	2021-06-12 20:02:43	tools/depends/target/cmakebuildsys/Makefile	True	False	True	True
19874	djp952	2021-06-12 03:36:31	ronie	2021-06-12 16:12:08	addons/skin.estuary/xml/Variables.xml	True	True	False	True
19871	thexai	2021-06-11 08:00:45	Paxxi	2021-06-11 10:33:55	xbmc/filesystem/CurlFile.cpp	True	False	False	True
19868	fuzzard	2021-06-09 23:57:33	kambala-decapitator	2021-06-10 06:36:12	docs/README.tvOS.md	True	False	False	True
19868	fuzzard	2021-06-09 23:57:33	kambala-decapitator	2021-06-10 06:36:12	docs/README.macOS.md	True	False	False	True
19868	fuzzard	2021-06-09 23:57:33	kambala-decapitator	2021-06-10 06:36:12	docs/README.iOS.md	True	False	False	True
19867	AlwinEsch	2021-06-09 21:04:58	garbear	2021-06-10 10:33:24	cmake/addons/bootstrap/repositories/binary-addons.txt	True	False	False	True
19867	AlwinEsch	2021-06-09 21:04:58	phunkyfish	2021-06-10 07:28:45	cmake/addons/bootstrap/repositories/binary-addons.txt	True	False	False	True
19865	ksooo	2021-06-08 18:15:13	phunkyfish	2021-06-08 21:40:19	xbmc/pvr/settings/PVRSettings.h	True	False	False	True
19865	ksooo	2021-06-08 18:15:13	phunkyfish	2021-06-08 21:40:19	xbmc/pvr/settings/PVRSettings.cpp	True	False	False	True
19865	ksooo	2021-06-08 18:15:13	phunkyfish	2021-06-08 21:40:19	xbmc/pvr/channels/PVRChannelGroupSettings.h	True	False	False	True
19865	ksooo	2021-06-08 18:15:13	phunkyfish	2021-06-08 21:40:19	xbmc/pvr/channels/PVRChannelGroupSettings.cpp	True	False	False	True
19865	ksooo	2021-06-08 18:15:13	phunkyfish	2021-06-08 21:40:19	xbmc/pvr/channels/PVRChannelGroup.h	True	False	False	True
19865	ksooo	2021-06-08 18:15:13	phunkyfish	2021-06-08 21:40:19	xbmc/pvr/channels/PVRChannelGroup.cpp	True	False	False	True
19865	ksooo	2021-06-08 18:15:13	phunkyfish	2021-06-08 21:40:19	xbmc/pvr/channels/CMakeLists.txt	True	False	False	True
19862	ksooo	2021-06-07 21:55:50	phunkyfish	2021-06-08 09:26:13	xbmc/pvr/channels/PVRChannelGroup.h	True	False	False	True
19862	ksooo	2021-06-07 21:55:50	phunkyfish	2021-06-08 09:26:13	xbmc/pvr/channels/PVRChannelGroup.cpp	True	False	False	True
19862	ksooo	2021-06-07 21:55:50	phunkyfish	2021-06-08 09:26:13	xbmc/pvr/channels/PVRChannelGroupInternal.h	True	False	False	True
19862	ksooo	2021-06-07 21:55:50	phunkyfish	2021-06-08 09:26:13	xbmc/pvr/channels/PVRChannelGroupInternal.cpp	True	False	False	True
19861	Chicopower	2021-06-07 19:13:38	Paxxi	2021-06-08 04:30:35	xbmc/filesystem/CurlFile.cpp	True	True	False	True
19861	Chicopower	2021-06-07 19:13:38	Paxxi	2021-06-08 05:47:55	xbmc/filesystem/CurlFile.cpp	True	True	False	True
19861	Chicopower	2021-06-07 19:13:38	Paxxi	2021-06-11 06:01:29	xbmc/filesystem/CurlFile.cpp	True	True	False	True
19861	Chicopower	2021-06-07 19:13:38	thexai	2021-06-11 07:42:58	xbmc/filesystem/CurlFile.cpp	True	True	False	True
19859	djp952	2021-06-07 04:25:33	ksooo	2021-06-10 15:46:43	xbmc/pvr/dialogs/GUIDialogPVRChannelManager.cpp	True	True	True	True
19859	djp952	2021-06-07 04:25:33	ksooo	2021-06-07 14:22:13	xbmc/pvr/dialogs/GUIDialogPVRChannelManager.h	True	True	True	True
19859	djp952	2021-06-07 04:25:33	ksooo	2021-06-08 07:02:04	xbmc/pvr/dialogs/GUIDialogPVRChannelManager.cpp	True	True	True	True
19859	djp952	2021-06-07 04:25:33	ksooo	2021-06-08 07:02:04	xbmc/pvr/dialogs/GUIDialogPVRChannelManager.h	True	True	True	True
19859	djp952	2021-06-07 04:25:33	ksooo	2021-06-07 14:22:13	xbmc/pvr/dialogs/GUIDialogPVRChannelManager.cpp	True	True	True	True
19859	djp952	2021-06-07 04:25:33	ksooo	2021-06-10 15:46:43	xbmc/pvr/dialogs/GUIDialogPVRChannelManager.h	True	True	True	True
19859	djp952	2021-06-07 04:25:33	ksooo	2021-06-10 18:48:45	xbmc/pvr/dialogs/GUIDialogPVRChannelManager.h	True	True	True	True
19859	djp952	2021-06-07 04:25:33	ksooo	2021-06-10 18:48:45	xbmc/pvr/dialogs/GUIDialogPVRChannelManager.cpp	True	True	True	True
19857	naseef	2021-06-06 19:25:34	ksooo	2021-06-06 21:20:35	xbmc/pvr/guilib/PVRGUIActions.cpp	False	False	False	True
19855	naseef	2021-06-06 10:36:13	ksooo	2021-06-06 13:33:33	xbmc/pvr/guilib/PVRGUIActions.cpp	False	True	True	True
19855	naseef	2021-06-06 10:36:13	ksooo	2021-06-06 17:05:24	xbmc/pvr/guilib/PVRGUIActions.cpp	False	True	True	True
19855	naseef	2021-06-06 10:36:13	ksooo	2021-06-06 16:53:50	xbmc/pvr/guilib/PVRGUIActions.cpp	False	True	True	True
19855	naseef	2021-06-06 10:36:13	ksooo	2021-06-06 14:02:39	xbmc/pvr/guilib/PVRGUIActions.cpp	False	True	True	True
19854	fuzzard	2021-06-06 00:00:20	kambala-decapitator	2021-06-09 16:59:27	docs/README.tvOS.md	True	False	False	True
19854	fuzzard	2021-06-06 00:00:20	kambala-decapitator	2021-06-09 16:59:27	docs/README.macOS.md	True	False	False	True
19854	fuzzard	2021-06-06 00:00:20	kambala-decapitator	2021-06-09 16:59:27	docs/README.iOS.md	True	False	False	True
19853	fuzzard	2021-06-05 23:59:00	kambala-decapitator	2021-06-09 16:57:00	docs/README.iOS.md	True	True	True	True
19853	fuzzard	2021-06-05 23:59:00	garbear	2021-06-06 01:34:44	docs/README.iOS.md	True	True	True	True
19853	fuzzard	2021-06-05 23:59:00	garbear	2021-06-06 01:34:44	docs/README.tvOS.md	True	True	True	True
19853	fuzzard	2021-06-05 23:59:00	kambala-decapitator	2021-06-06 08:34:43	docs/README.iOS.md	True	True	True	True
19853	fuzzard	2021-06-05 23:59:00	kambala-decapitator	2021-06-06 08:34:43	docs/README.macOS.md	True	True	True	True
19853	fuzzard	2021-06-05 23:59:00	kambala-decapitator	2021-06-06 08:34:43	docs/README.tvOS.md	True	True	True	True
19853	fuzzard	2021-06-05 23:59:00	garbear	2021-06-06 01:34:44	docs/README.macOS.md	True	True	True	True
19853	fuzzard	2021-06-05 23:59:00	kambala-decapitator	2021-06-09 16:57:00	docs/README.macOS.md	True	True	True	True
19853	fuzzard	2021-06-05 23:59:00	garbear	2021-06-09 18:49:52	docs/README.iOS.md	True	True	True	True
19853	fuzzard	2021-06-05 23:59:00	garbear	2021-06-09 18:49:52	docs/README.macOS.md	True	True	True	True
19853	fuzzard	2021-06-05 23:59:00	kambala-decapitator	2021-06-09 16:57:00	docs/README.tvOS.md	True	True	True	True
19853	fuzzard	2021-06-05 23:59:00	garbear	2021-06-09 18:49:52	docs/README.tvOS.md	True	True	True	True
19851	the-black-eagle	2021-06-05 17:49:54	Montellese	2021-06-06 09:02:24	xbmc/video/VideoDatabase.cpp	True	True	False	True
19851	the-black-eagle	2021-06-05 17:49:54	DaveTBlake	2021-06-06 09:37:31	xbmc/video/VideoDatabase.cpp	True	True	False	True
19847	lrusak	2021-06-04 15:19:18	howie-f	2021-06-04 16:42:53	xbmc/video/dialogs/GUIDialogVideoSettings.cpp	True	False	False	True
19847	lrusak	2021-06-04 15:19:18	Montellese	2021-06-04 18:57:04	xbmc/video/dialogs/GUIDialogVideoSettings.cpp	True	False	False	True
19844	lrusak	2021-06-03 15:06:25	Montellese	2021-06-03 15:36:23	xbmc/utils/test/TestStringUtils.cpp	True	False	False	True
19844	lrusak	2021-06-03 15:06:25	Montellese	2021-06-03 15:36:23	xbmc/utils/StringUtils.cpp	True	False	False	True
19843	howie-f	2021-06-03 13:14:42	enen92	2021-10-05 00:47:43	xbmc/addons/gui/GUIDialogAddonInfo.cpp	True	True	True	True
19843	howie-f	2021-06-03 13:14:42	enen92	2021-10-05 00:47:43	addons/resource.language.en_gb/resources/strings.po	True	True	True	True
19843	howie-f	2021-06-03 13:14:42	enen92	2021-10-05 00:47:43	system/settings/settings.xml	True	True	True	True
19843	howie-f	2021-06-03 13:14:42	enen92	2021-10-05 00:47:43	xbmc/addons/AddonInstaller.cpp	True	True	True	True
19843	howie-f	2021-06-03 13:14:42	enen92	2021-10-05 00:47:43	xbmc/addons/AddonInstaller.h	True	True	True	True
19843	howie-f	2021-06-03 13:14:42	enen92	2021-10-05 00:47:43	xbmc/addons/AddonManager.cpp	True	True	True	True
19843	howie-f	2021-06-03 13:14:42	enen92	2021-10-05 00:47:43	xbmc/addons/AddonManager.h	True	True	True	True
19843	howie-f	2021-06-03 13:14:42	enen92	2021-10-05 00:47:43	xbmc/addons/AddonInstaller.h	False	True	True	True
19843	howie-f	2021-06-03 13:14:42	enen92	2021-10-05 00:47:43	xbmc/addons/AddonSystemSettings.cpp	True	True	True	True
19843	howie-f	2021-06-03 13:14:42	enen92	2021-10-05 00:47:43	xbmc/filesystem/AddonsDirectory.cpp	True	True	True	True
19843	howie-f	2021-06-03 13:14:42	enen92	2021-10-05 00:47:43	xbmc/settings/Settings.cpp	True	True	True	True
19843	howie-f	2021-06-03 13:14:42	enen92	2021-10-05 00:47:43	xbmc/settings/Settings.h	True	True	True	True
19843	howie-f	2021-06-03 13:14:42	phunkyfish	2021-10-04 17:14:15	xbmc/addons/AddonInstaller.cpp	True	True	True	True
19843	howie-f	2021-06-03 13:14:42	phunkyfish	2021-10-04 17:14:15	xbmc/addons/AddonInstaller.cpp	False	True	True	True
19843	howie-f	2021-06-03 13:14:42	phunkyfish	2021-10-04 17:14:15	xbmc/addons/AddonInstaller.h	False	True	True	True
19843	howie-f	2021-06-03 13:14:42	phunkyfish	2021-10-04 17:14:15	addons/resource.language.en_gb/resources/strings.po	True	True	True	True
19843	howie-f	2021-06-03 13:14:42	phunkyfish	2021-10-04 17:14:15	system/settings/settings.xml	True	True	True	True
19843	howie-f	2021-06-03 13:14:42	phunkyfish	2021-10-04 17:14:15	xbmc/addons/AddonInstaller.h	True	True	True	True
19843	howie-f	2021-06-03 13:14:42	phunkyfish	2021-10-04 17:14:15	xbmc/addons/AddonManager.cpp	True	True	True	True
19843	howie-f	2021-06-03 13:14:42	phunkyfish	2021-10-04 17:14:15	xbmc/addons/AddonManager.h	True	True	True	True
19843	howie-f	2021-06-03 13:14:42	phunkyfish	2021-10-04 17:14:15	xbmc/addons/AddonSystemSettings.cpp	True	True	True	True
19843	howie-f	2021-06-03 13:14:42	phunkyfish	2021-10-04 17:14:15	xbmc/filesystem/AddonsDirectory.cpp	True	True	True	True
19843	howie-f	2021-06-03 13:14:42	phunkyfish	2021-10-04 17:14:15	xbmc/settings/Settings.cpp	True	True	True	True
19843	howie-f	2021-06-03 13:14:42	phunkyfish	2021-10-04 17:40:42	xbmc/addons/gui/GUIDialogAddonInfo.cpp	True	True	True	True
19843	howie-f	2021-06-03 13:14:42	enen92	2021-10-05 00:47:43	xbmc/addons/AddonInstaller.cpp	False	True	True	True
19843	howie-f	2021-06-03 13:14:42	phunkyfish	2021-10-04 18:48:21	xbmc/addons/AddonInstaller.h	True	True	True	True
19843	howie-f	2021-06-03 13:14:42	phunkyfish	2021-10-04 17:40:42	xbmc/settings/Settings.h	True	True	True	True
19843	howie-f	2021-06-03 13:14:42	phunkyfish	2021-10-04 17:40:42	xbmc/settings/Settings.cpp	True	True	True	True
19843	howie-f	2021-06-03 13:14:42	phunkyfish	2021-10-04 18:48:21	xbmc/addons/AddonInstaller.cpp	False	True	True	True
19843	howie-f	2021-06-03 13:14:42	phunkyfish	2021-10-04 18:48:21	xbmc/addons/AddonInstaller.h	False	True	True	True
19843	howie-f	2021-06-03 13:14:42	phunkyfish	2021-10-04 18:48:21	addons/resource.language.en_gb/resources/strings.po	True	True	True	True
19843	howie-f	2021-06-03 13:14:42	phunkyfish	2021-10-04 18:48:21	system/settings/settings.xml	True	True	True	True
19843	howie-f	2021-06-03 13:14:42	phunkyfish	2021-10-04 18:48:21	xbmc/addons/AddonInstaller.cpp	True	True	True	True
19843	howie-f	2021-06-03 13:14:42	phunkyfish	2021-10-04 17:14:15	xbmc/addons/gui/GUIDialogAddonInfo.cpp	True	True	True	True
19843	howie-f	2021-06-03 13:14:42	phunkyfish	2021-10-04 18:48:21	xbmc/addons/AddonManager.cpp	True	True	True	True
19843	howie-f	2021-06-03 13:14:42	phunkyfish	2021-10-04 18:48:21	xbmc/addons/AddonManager.h	True	True	True	True
19843	howie-f	2021-06-03 13:14:42	phunkyfish	2021-10-04 18:48:21	xbmc/addons/AddonSystemSettings.cpp	True	True	True	True
19843	howie-f	2021-06-03 13:14:42	phunkyfish	2021-10-04 18:48:21	xbmc/filesystem/AddonsDirectory.cpp	True	True	True	True
19843	howie-f	2021-06-03 13:14:42	phunkyfish	2021-10-04 18:48:21	xbmc/settings/Settings.cpp	True	True	True	True
19843	howie-f	2021-06-03 13:14:42	phunkyfish	2021-10-04 18:48:21	xbmc/settings/Settings.h	True	True	True	True
19843	howie-f	2021-06-03 13:14:42	phunkyfish	2021-10-04 18:48:21	xbmc/addons/gui/GUIDialogAddonInfo.cpp	True	True	True	True
19843	howie-f	2021-06-03 13:14:42	phunkyfish	2021-10-04 17:40:42	xbmc/addons/AddonInstaller.cpp	False	True	True	True
19843	howie-f	2021-06-03 13:14:42	phunkyfish	2021-10-04 17:40:42	xbmc/addons/AddonInstaller.h	False	True	True	True
19843	howie-f	2021-06-03 13:14:42	phunkyfish	2021-10-04 17:40:42	addons/resource.language.en_gb/resources/strings.po	True	True	True	True
19843	howie-f	2021-06-03 13:14:42	phunkyfish	2021-10-04 17:40:42	system/settings/settings.xml	True	True	True	True
19843	howie-f	2021-06-03 13:14:42	phunkyfish	2021-10-04 17:40:42	xbmc/addons/AddonInstaller.cpp	True	True	True	True
19843	howie-f	2021-06-03 13:14:42	phunkyfish	2021-10-04 17:40:42	xbmc/addons/AddonInstaller.h	True	True	True	True
19843	howie-f	2021-06-03 13:14:42	phunkyfish	2021-10-04 17:40:42	xbmc/addons/AddonManager.cpp	True	True	True	True
19843	howie-f	2021-06-03 13:14:42	phunkyfish	2021-10-04 17:40:42	xbmc/addons/AddonManager.h	True	True	True	True
19843	howie-f	2021-06-03 13:14:42	phunkyfish	2021-10-04 17:40:42	xbmc/addons/AddonSystemSettings.cpp	True	True	True	True
19843	howie-f	2021-06-03 13:14:42	phunkyfish	2021-10-04 17:40:42	xbmc/filesystem/AddonsDirectory.cpp	True	True	True	True
19843	howie-f	2021-06-03 13:14:42	phunkyfish	2021-10-04 17:14:15	xbmc/settings/Settings.h	True	True	True	True
19843	howie-f	2021-06-03 13:14:42	phunkyfish	2021-06-08 09:25:30	addons/resource.language.en_gb/resources/strings.po	True	True	True	True
19843	howie-f	2021-06-03 13:14:42	phunkyfish	2021-06-08 09:25:30	xbmc/addons/AddonInstaller.cpp	False	True	True	True
19843	howie-f	2021-06-03 13:14:42	phunkyfish	2021-06-03 19:39:58	xbmc/addons/AddonInstaller.h	False	True	True	True
19843	howie-f	2021-06-03 13:14:42	phunkyfish	2021-06-03 19:39:58	system/settings/settings.xml	True	True	True	True
19843	howie-f	2021-06-03 13:14:42	phunkyfish	2021-06-03 19:39:58	xbmc/addons/AddonInstaller.cpp	True	True	True	True
19843	howie-f	2021-06-03 13:14:42	phunkyfish	2021-06-03 19:39:58	xbmc/addons/AddonInstaller.h	True	True	True	True
19843	howie-f	2021-06-03 13:14:42	phunkyfish	2021-06-03 19:39:58	xbmc/addons/AddonManager.cpp	True	True	True	True
19843	howie-f	2021-06-03 13:14:42	phunkyfish	2021-06-03 19:39:58	xbmc/addons/AddonManager.h	True	True	True	True
19843	howie-f	2021-06-03 13:14:42	phunkyfish	2021-06-03 19:39:58	xbmc/addons/AddonSystemSettings.cpp	True	True	True	True
19843	howie-f	2021-06-03 13:14:42	phunkyfish	2021-06-03 19:39:58	xbmc/filesystem/AddonsDirectory.cpp	True	True	True	True
19843	howie-f	2021-06-03 13:14:42	phunkyfish	2021-06-03 19:39:58	xbmc/settings/Settings.cpp	True	True	True	True
19843	howie-f	2021-06-03 13:14:42	phunkyfish	2021-06-03 19:39:58	xbmc/settings/Settings.h	True	True	True	True
19843	howie-f	2021-06-03 13:14:42	phunkyfish	2021-06-03 19:39:58	xbmc/addons/gui/GUIDialogAddonInfo.cpp	True	True	True	True
19843	howie-f	2021-06-03 13:14:42	phunkyfish	2021-06-03 19:42:00	xbmc/addons/AddonInstaller.cpp	False	True	True	True
19843	howie-f	2021-06-03 13:14:42	phunkyfish	2021-06-03 19:42:00	xbmc/addons/AddonInstaller.h	False	True	True	True
19843	howie-f	2021-06-03 13:14:42	phunkyfish	2021-06-03 19:42:00	addons/resource.language.en_gb/resources/strings.po	True	True	True	True
19843	howie-f	2021-06-03 13:14:42	phunkyfish	2021-06-03 19:42:00	system/settings/settings.xml	True	True	True	True
19843	howie-f	2021-06-03 13:14:42	phunkyfish	2021-06-08 09:25:30	xbmc/addons/AddonInstaller.h	False	True	True	True
19843	howie-f	2021-06-03 13:14:42	phunkyfish	2021-06-03 19:42:00	xbmc/addons/AddonInstaller.h	True	True	True	True
19843	howie-f	2021-06-03 13:14:42	phunkyfish	2021-06-03 19:42:00	xbmc/addons/AddonManager.cpp	True	True	True	True
19843	howie-f	2021-06-03 13:14:42	phunkyfish	2021-06-03 19:42:00	xbmc/addons/AddonManager.h	True	True	True	True
19843	howie-f	2021-06-03 13:14:42	phunkyfish	2021-06-03 19:42:00	xbmc/addons/AddonSystemSettings.cpp	True	True	True	True
19843	howie-f	2021-06-03 13:14:42	phunkyfish	2021-06-03 19:42:00	xbmc/filesystem/AddonsDirectory.cpp	True	True	True	True
19843	howie-f	2021-06-03 13:14:42	phunkyfish	2021-06-03 19:42:00	xbmc/settings/Settings.cpp	True	True	True	True
19843	howie-f	2021-06-03 13:14:42	phunkyfish	2021-06-03 19:42:00	xbmc/settings/Settings.h	True	True	True	True
19843	howie-f	2021-06-03 13:14:42	phunkyfish	2021-06-03 19:42:00	xbmc/addons/gui/GUIDialogAddonInfo.cpp	True	True	True	True
19843	howie-f	2021-06-03 13:14:42	phunkyfish	2021-06-03 19:39:58	addons/resource.language.en_gb/resources/strings.po	True	True	True	True
19843	howie-f	2021-06-03 13:14:42	phunkyfish	2021-06-03 19:42:00	xbmc/addons/AddonInstaller.cpp	True	True	True	True
19843	howie-f	2021-06-03 13:14:42	phunkyfish	2021-06-03 19:39:58	xbmc/addons/AddonInstaller.cpp	False	True	True	True
19843	howie-f	2021-06-03 13:14:42	ksooo	2021-06-03 17:45:42	xbmc/addons/AddonInstaller.h	False	True	True	True
19843	howie-f	2021-06-03 13:14:42	phunkyfish	2021-06-08 09:25:30	system/settings/settings.xml	True	True	True	True
19843	howie-f	2021-06-03 13:14:42	phunkyfish	2021-06-08 09:25:30	xbmc/addons/AddonInstaller.cpp	True	True	True	True
19843	howie-f	2021-06-03 13:14:42	phunkyfish	2021-06-08 09:25:30	xbmc/addons/AddonInstaller.h	True	True	True	True
19843	howie-f	2021-06-03 13:14:42	phunkyfish	2021-06-08 09:25:30	xbmc/addons/AddonManager.cpp	True	True	True	True
19843	howie-f	2021-06-03 13:14:42	phunkyfish	2021-06-08 09:25:30	xbmc/addons/AddonManager.h	True	True	True	True
19843	howie-f	2021-06-03 13:14:42	phunkyfish	2021-06-08 09:25:30	xbmc/addons/AddonSystemSettings.cpp	True	True	True	True
19843	howie-f	2021-06-03 13:14:42	phunkyfish	2021-06-08 09:25:30	xbmc/filesystem/AddonsDirectory.cpp	True	True	True	True
19843	howie-f	2021-06-03 13:14:42	phunkyfish	2021-06-08 09:25:30	xbmc/settings/Settings.cpp	True	True	True	True
19843	howie-f	2021-06-03 13:14:42	phunkyfish	2021-06-08 09:25:30	xbmc/addons/gui/GUIDialogAddonInfo.cpp	True	True	True	True
19843	howie-f	2021-06-03 13:14:42	ksooo	2021-06-03 17:45:42	xbmc/addons/AddonInstaller.cpp	False	True	True	True
19843	howie-f	2021-06-03 13:14:42	phunkyfish	2021-06-08 09:25:30	xbmc/settings/Settings.h	True	True	True	True
19843	howie-f	2021-06-03 13:14:42	ksooo	2021-06-03 17:45:42	addons/resource.language.en_gb/resources/strings.po	True	True	True	True
19843	howie-f	2021-06-03 13:14:42	ksooo	2021-06-03 17:45:42	xbmc/addons/AddonManager.h	True	True	True	True
19843	howie-f	2021-06-03 13:14:42	ksooo	2021-06-03 17:45:42	xbmc/settings/Settings.h	True	True	True	True
19843	howie-f	2021-06-03 13:14:42	ksooo	2021-06-03 17:45:42	system/settings/settings.xml	True	True	True	True
19843	howie-f	2021-06-03 13:14:42	ksooo	2021-06-03 17:45:42	xbmc/filesystem/AddonsDirectory.cpp	True	True	True	True
19843	howie-f	2021-06-03 13:14:42	ksooo	2021-06-03 17:45:42	xbmc/addons/AddonSystemSettings.cpp	True	True	True	True
19843	howie-f	2021-06-03 13:14:42	ksooo	2021-06-03 17:45:42	xbmc/settings/Settings.cpp	True	True	True	True
19843	howie-f	2021-06-03 13:14:42	ksooo	2021-06-03 17:45:42	xbmc/addons/AddonManager.cpp	True	True	True	True
19843	howie-f	2021-06-03 13:14:42	ksooo	2021-06-03 17:45:42	xbmc/addons/AddonInstaller.h	True	True	True	True
19843	howie-f	2021-06-03 13:14:42	ksooo	2021-06-03 17:45:42	xbmc/addons/AddonInstaller.cpp	True	True	True	True
19843	howie-f	2021-06-03 13:14:42	ksooo	2021-06-03 17:45:42	xbmc/addons/gui/GUIDialogAddonInfo.cpp	True	True	True	True
19841	DaveTBlake	2021-06-02 13:44:56	the-black-eagle	2021-06-04 17:12:15	xbmc/music/MusicDatabase.cpp	True	False	False	True
19840	DaveTBlake	2021-06-02 13:03:41	the-black-eagle	2021-06-04 17:07:34	xbmc/music/MusicDatabase.cpp	True	False	False	True
