pr_number	author_user_login	pr_created_at	review_user_login	review_created_at	filename	create_before_pr	has_issue_comment	has_review_comment	has_commit
10045	Paxxi	2016-06-30 12:27:08	afedchin	2016-10-14 08:39:10	xbmc/storage/cdioSupport.cpp	False	True	True	True
10045	Paxxi	2016-06-30 12:27:08	afedchin	2016-06-30 14:30:09	lib/libUPnP/Neptune/Source/System/Win32/NptWin32MessageQueue.cpp	True	True	True	True
10045	Paxxi	2016-06-30 12:27:08	afedchin	2016-06-30 14:30:09	xbmc/threads/Atomics.cpp	True	True	True	True
10045	Paxxi	2016-06-30 12:27:08	afedchin	2016-06-30 14:30:09	xbmc/windowing/windows/WinEventsWin32.cpp	False	True	True	True
10045	Paxxi	2016-06-30 12:27:08	afedchin	2016-06-30 14:30:09	lib/cpluff/libcpluff/win32/dirent.c	False	True	True	True
10045	Paxxi	2016-06-30 12:27:08	afedchin	2016-10-14 08:39:10	xbmc/storage/windows/Win32StorageProvider.cpp	False	True	True	True
10045	Paxxi	2016-06-30 12:27:08	afedchin	2016-06-30 14:30:09	xbmc/storage/cdioSupport.cpp	False	True	True	True
10045	Paxxi	2016-06-30 12:27:08	afedchin	2016-10-14 08:39:10	xbmc/cores/AudioEngine/Utils/AEUtil.h	False	True	True	True
10045	Paxxi	2016-06-30 12:27:08	afedchin	2016-10-14 08:39:10	xbmc/cores/AudioEngine/Utils/AEUtil.cpp	False	True	True	True
10045	Paxxi	2016-06-30 12:27:08	afedchin	2016-10-14 08:39:10	xbmc/threads/Atomics.cpp	False	True	True	True
10045	Paxxi	2016-06-30 12:27:08	afedchin	2016-10-14 08:39:10	xbmc/system.h	False	True	True	True
10045	Paxxi	2016-06-30 12:27:08	afedchin	2016-10-14 08:39:10	tools/windows/prepare-binary-addons-dev.bat	False	True	True	True
10045	Paxxi	2016-06-30 12:27:08	afedchin	2016-10-14 08:39:10	tools/buildsteps/win32/make-mingwlibs.bat	False	True	True	True
10045	Paxxi	2016-06-30 12:27:08	afedchin	2016-06-30 14:30:09	lib/cpluff/CMakeLists.txt	False	True	True	True
10045	Paxxi	2016-06-30 12:27:08	afedchin	2016-06-30 14:30:09	tools/buildsteps/win32/make-addons.bat	False	True	True	True
10045	Paxxi	2016-06-30 12:27:08	afedchin	2016-06-30 14:30:09	lib/cpluff/cmake/cpluff-config.cmake	False	True	True	True
10045	Paxxi	2016-06-30 12:27:08	afedchin	2016-06-30 14:30:09	xbmc/threads/platform/win/Win32Exception.cpp	True	True	True	True
10045	Paxxi	2016-06-30 12:27:08	afedchin	2016-06-30 14:30:09	.gitignore	False	True	True	True
10045	Paxxi	2016-06-30 12:27:08	afedchin	2016-06-30 14:30:09	project/BuildDependencies/DownloadMingwBuildEnv.bat	False	True	True	True
10045	Paxxi	2016-06-30 12:27:08	afedchin	2016-06-30 14:30:09	tools/buildsteps/win32/bootstrap-addons.bat	False	True	True	True
10045	Paxxi	2016-06-30 12:27:08	afedchin	2016-06-30 14:30:09	tools/buildsteps/win32/download-msys.bat	False	True	True	True
10045	Paxxi	2016-06-30 12:27:08	afedchin	2016-06-30 14:30:09	tools/buildsteps/win32/make-mingwlibs.bat	False	True	True	True
10045	Paxxi	2016-06-30 12:27:08	afedchin	2016-06-30 14:30:09	tools/windows/prepare-binary-addons-dev.bat	False	True	True	True
10045	Paxxi	2016-06-30 12:27:08	afedchin	2016-06-30 14:30:09	xbmc/system.h	False	True	True	True
10045	Paxxi	2016-06-30 12:27:08	afedchin	2016-06-30 14:30:09	xbmc/threads/Atomics.cpp	False	True	True	True
10045	Paxxi	2016-06-30 12:27:08	afedchin	2016-06-30 14:30:09	xbmc/cores/AudioEngine/Utils/AEUtil.cpp	False	True	True	True
10045	Paxxi	2016-06-30 12:27:08	afedchin	2016-06-30 14:30:09	xbmc/cores/AudioEngine/Utils/AEUtil.h	False	True	True	True
10045	Paxxi	2016-06-30 12:27:08	afedchin	2016-10-14 08:39:24	lib/cpluff/libcpluff/win32/dirent.c	False	True	True	True
10045	Paxxi	2016-06-30 12:27:08	afedchin	2016-10-14 08:39:10	tools/buildsteps/win32/make-addons.bat	False	True	True	True
10045	Paxxi	2016-06-30 12:27:08	afedchin	2016-10-14 08:39:24	xbmc/system.h	False	True	True	True
10045	Paxxi	2016-06-30 12:27:08	afedchin	2016-10-14 08:39:10	tools/buildsteps/win32/bootstrap-addons.bat	False	True	True	True
10045	Paxxi	2016-06-30 12:27:08	afedchin	2016-10-14 08:39:10	project/BuildDependencies/DownloadMingwBuildEnv.bat	False	True	True	True
10045	Paxxi	2016-06-30 12:27:08	afedchin	2016-06-30 14:34:30	lib/cpluff/libcpluff/win32/dirent.c	False	True	True	True
10045	Paxxi	2016-06-30 12:27:08	afedchin	2016-10-14 08:39:24	xbmc/windowing/windows/WinEventsWin32.cpp	False	True	True	True
10045	Paxxi	2016-06-30 12:27:08	afedchin	2016-10-14 08:39:24	xbmc/threads/Atomics.cpp	True	True	True	True
10045	Paxxi	2016-06-30 12:27:08	afedchin	2016-10-14 08:39:24	lib/libUPnP/Neptune/Source/System/Win32/NptWin32MessageQueue.cpp	True	True	True	True
10045	Paxxi	2016-06-30 12:27:08	afedchin	2016-10-14 08:39:24	lib/cpluff/CMakeLists.txt	False	True	True	True
10045	Paxxi	2016-06-30 12:27:08	afedchin	2016-10-14 08:39:24	lib/cpluff/cmake/cpluff-config.cmake	False	True	True	True
10045	Paxxi	2016-06-30 12:27:08	afedchin	2016-10-14 08:39:24	xbmc/threads/platform/win/Win32Exception.cpp	True	True	True	True
10045	Paxxi	2016-06-30 12:27:08	afedchin	2016-10-14 08:39:24	.gitignore	False	True	True	True
10045	Paxxi	2016-06-30 12:27:08	afedchin	2016-10-14 08:39:24	project/BuildDependencies/DownloadMingwBuildEnv.bat	False	True	True	True
10045	Paxxi	2016-06-30 12:27:08	afedchin	2016-10-14 08:39:24	tools/buildsteps/win32/bootstrap-addons.bat	False	True	True	True
10045	Paxxi	2016-06-30 12:27:08	afedchin	2016-10-14 08:39:24	tools/buildsteps/win32/download-msys.bat	False	True	True	True
10045	Paxxi	2016-06-30 12:27:08	afedchin	2016-10-14 08:39:24	tools/buildsteps/win32/make-addons.bat	False	True	True	True
10045	Paxxi	2016-06-30 12:27:08	afedchin	2016-10-14 08:39:24	tools/buildsteps/win32/make-mingwlibs.bat	False	True	True	True
10045	Paxxi	2016-06-30 12:27:08	afedchin	2016-10-14 08:39:24	tools/windows/prepare-binary-addons-dev.bat	False	True	True	True
10045	Paxxi	2016-06-30 12:27:08	afedchin	2016-10-14 08:39:24	xbmc/threads/Atomics.cpp	False	True	True	True
10045	Paxxi	2016-06-30 12:27:08	afedchin	2016-10-14 08:39:24	xbmc/cores/AudioEngine/Utils/AEUtil.cpp	False	True	True	True
10045	Paxxi	2016-06-30 12:27:08	afedchin	2016-10-14 08:39:24	xbmc/cores/AudioEngine/Utils/AEUtil.h	False	True	True	True
10045	Paxxi	2016-06-30 12:27:08	afedchin	2016-10-14 08:39:24	xbmc/storage/cdioSupport.cpp	False	True	True	True
10045	Paxxi	2016-06-30 12:27:08	afedchin	2016-10-14 08:39:24	xbmc/storage/windows/Win32StorageProvider.cpp	False	True	True	True
10045	Paxxi	2016-06-30 12:27:08	afedchin	2016-10-14 08:39:10	lib/cpluff/libcpluff/win32/dirent.c	False	True	True	True
10045	Paxxi	2016-06-30 12:27:08	afedchin	2016-10-14 08:39:10	xbmc/windowing/windows/WinEventsWin32.cpp	False	True	True	True
10045	Paxxi	2016-06-30 12:27:08	afedchin	2016-10-14 08:39:10	xbmc/threads/Atomics.cpp	True	True	True	True
10045	Paxxi	2016-06-30 12:27:08	afedchin	2016-10-14 08:39:10	lib/libUPnP/Neptune/Source/System/Win32/NptWin32MessageQueue.cpp	True	True	True	True
10045	Paxxi	2016-06-30 12:27:08	afedchin	2016-10-14 08:39:10	lib/cpluff/CMakeLists.txt	False	True	True	True
10045	Paxxi	2016-06-30 12:27:08	afedchin	2016-10-14 08:39:10	lib/cpluff/cmake/cpluff-config.cmake	False	True	True	True
10045	Paxxi	2016-06-30 12:27:08	afedchin	2016-10-14 08:39:10	xbmc/threads/platform/win/Win32Exception.cpp	True	True	True	True
10045	Paxxi	2016-06-30 12:27:08	afedchin	2016-10-14 08:39:10	.gitignore	False	True	True	True
10045	Paxxi	2016-06-30 12:27:08	afedchin	2016-06-30 14:30:09	xbmc/storage/windows/Win32StorageProvider.cpp	False	True	True	True
10045	Paxxi	2016-06-30 12:27:08	afedchin	2016-10-14 08:39:10	tools/buildsteps/win32/download-msys.bat	False	True	True	True
10045	Paxxi	2016-06-30 12:27:08	afedchin	2016-06-30 14:34:30	xbmc/windowing/windows/WinEventsWin32.cpp	False	True	True	True
10045	Paxxi	2016-06-30 12:27:08	afedchin	2016-06-30 14:36:09	tools/buildsteps/win32/make-addons.bat	False	True	True	True
10045	Paxxi	2016-06-30 12:27:08	afedchin	2016-06-30 14:36:09	tools/windows/prepare-binary-addons-dev.bat	False	True	True	True
10045	Paxxi	2016-06-30 12:27:08	afedchin	2016-06-30 14:36:09	xbmc/system.h	False	True	True	True
10045	Paxxi	2016-06-30 12:27:08	afedchin	2016-06-30 14:36:09	xbmc/threads/Atomics.cpp	False	True	True	True
10045	Paxxi	2016-06-30 12:27:08	afedchin	2016-06-30 14:36:09	xbmc/cores/AudioEngine/Utils/AEUtil.h	False	True	True	True
10045	Paxxi	2016-06-30 12:27:08	afedchin	2016-06-30 14:36:09	xbmc/storage/cdioSupport.cpp	False	True	True	True
10045	Paxxi	2016-06-30 12:27:08	afedchin	2016-06-30 14:36:09	xbmc/storage/windows/Win32StorageProvider.cpp	False	True	True	True
10045	Paxxi	2016-06-30 12:27:08	afedchin	2016-06-30 14:31:30	lib/cpluff/libcpluff/win32/dirent.c	False	True	True	True
10045	Paxxi	2016-06-30 12:27:08	afedchin	2016-06-30 14:31:30	xbmc/windowing/windows/WinEventsWin32.cpp	False	True	True	True
10045	Paxxi	2016-06-30 12:27:08	afedchin	2016-06-30 14:31:30	xbmc/threads/Atomics.cpp	True	True	True	True
10045	Paxxi	2016-06-30 12:27:08	afedchin	2016-06-30 14:31:30	lib/libUPnP/Neptune/Source/System/Win32/NptWin32MessageQueue.cpp	True	True	True	True
10045	Paxxi	2016-06-30 12:27:08	afedchin	2016-06-30 14:31:30	lib/cpluff/CMakeLists.txt	False	True	True	True
10045	Paxxi	2016-06-30 12:27:08	afedchin	2016-06-30 14:31:30	lib/cpluff/cmake/cpluff-config.cmake	False	True	True	True
10045	Paxxi	2016-06-30 12:27:08	afedchin	2016-06-30 14:31:30	xbmc/threads/platform/win/Win32Exception.cpp	True	True	True	True
10045	Paxxi	2016-06-30 12:27:08	afedchin	2016-06-30 14:31:30	.gitignore	False	True	True	True
10045	Paxxi	2016-06-30 12:27:08	afedchin	2016-06-30 14:31:30	project/BuildDependencies/DownloadMingwBuildEnv.bat	False	True	True	True
10045	Paxxi	2016-06-30 12:27:08	afedchin	2016-06-30 14:31:30	tools/buildsteps/win32/bootstrap-addons.bat	False	True	True	True
10045	Paxxi	2016-06-30 12:27:08	afedchin	2016-06-30 14:31:30	tools/buildsteps/win32/download-msys.bat	False	True	True	True
10045	Paxxi	2016-06-30 12:27:08	afedchin	2016-06-30 14:31:30	tools/buildsteps/win32/make-addons.bat	False	True	True	True
10045	Paxxi	2016-06-30 12:27:08	afedchin	2016-06-30 14:31:30	tools/buildsteps/win32/make-mingwlibs.bat	False	True	True	True
10045	Paxxi	2016-06-30 12:27:08	afedchin	2016-06-30 14:31:30	tools/windows/prepare-binary-addons-dev.bat	False	True	True	True
10045	Paxxi	2016-06-30 12:27:08	afedchin	2016-06-30 14:31:30	xbmc/system.h	False	True	True	True
10045	Paxxi	2016-06-30 12:27:08	afedchin	2016-06-30 14:31:30	xbmc/threads/Atomics.cpp	False	True	True	True
10045	Paxxi	2016-06-30 12:27:08	afedchin	2016-06-30 14:31:30	xbmc/cores/AudioEngine/Utils/AEUtil.cpp	False	True	True	True
10045	Paxxi	2016-06-30 12:27:08	afedchin	2016-06-30 14:31:30	xbmc/cores/AudioEngine/Utils/AEUtil.h	False	True	True	True
10045	Paxxi	2016-06-30 12:27:08	afedchin	2016-06-30 14:31:30	xbmc/storage/cdioSupport.cpp	False	True	True	True
10045	Paxxi	2016-06-30 12:27:08	afedchin	2016-06-30 14:31:30	xbmc/storage/windows/Win32StorageProvider.cpp	False	True	True	True
10045	Paxxi	2016-06-30 12:27:08	afedchin	2016-06-30 14:34:30	xbmc/threads/Atomics.cpp	True	True	True	True
10045	Paxxi	2016-06-30 12:27:08	afedchin	2016-06-30 14:36:09	tools/buildsteps/win32/make-mingwlibs.bat	False	True	True	True
10045	Paxxi	2016-06-30 12:27:08	afedchin	2016-06-30 14:36:09	xbmc/cores/AudioEngine/Utils/AEUtil.cpp	False	True	True	True
10045	Paxxi	2016-06-30 12:27:08	afedchin	2016-06-30 14:36:09	tools/buildsteps/win32/download-msys.bat	False	True	True	True
10045	Paxxi	2016-06-30 12:27:08	afedchin	2016-06-30 14:34:30	xbmc/cores/AudioEngine/Utils/AEUtil.cpp	False	True	True	True
10045	Paxxi	2016-06-30 12:27:08	afedchin	2016-06-30 14:34:30	lib/libUPnP/Neptune/Source/System/Win32/NptWin32MessageQueue.cpp	True	True	True	True
10045	Paxxi	2016-06-30 12:27:08	afedchin	2016-06-30 14:34:30	lib/cpluff/CMakeLists.txt	False	True	True	True
10045	Paxxi	2016-06-30 12:27:08	afedchin	2016-06-30 14:34:30	lib/cpluff/cmake/cpluff-config.cmake	False	True	True	True
10045	Paxxi	2016-06-30 12:27:08	afedchin	2016-06-30 14:34:30	xbmc/threads/platform/win/Win32Exception.cpp	True	True	True	True
10045	Paxxi	2016-06-30 12:27:08	afedchin	2016-06-30 14:34:30	.gitignore	False	True	True	True
10045	Paxxi	2016-06-30 12:27:08	afedchin	2016-06-30 14:34:30	project/BuildDependencies/DownloadMingwBuildEnv.bat	False	True	True	True
10045	Paxxi	2016-06-30 12:27:08	afedchin	2016-06-30 14:34:30	tools/buildsteps/win32/bootstrap-addons.bat	False	True	True	True
10045	Paxxi	2016-06-30 12:27:08	afedchin	2016-06-30 14:34:30	tools/buildsteps/win32/download-msys.bat	False	True	True	True
10045	Paxxi	2016-06-30 12:27:08	afedchin	2016-06-30 14:36:09	tools/buildsteps/win32/bootstrap-addons.bat	False	True	True	True
10045	Paxxi	2016-06-30 12:27:08	afedchin	2016-06-30 14:34:30	tools/buildsteps/win32/make-mingwlibs.bat	False	True	True	True
10045	Paxxi	2016-06-30 12:27:08	afedchin	2016-06-30 14:34:30	tools/windows/prepare-binary-addons-dev.bat	False	True	True	True
10045	Paxxi	2016-06-30 12:27:08	afedchin	2016-06-30 14:34:30	xbmc/system.h	False	True	True	True
10045	Paxxi	2016-06-30 12:27:08	afedchin	2016-06-30 14:34:30	xbmc/threads/Atomics.cpp	False	True	True	True
10045	Paxxi	2016-06-30 12:27:08	afedchin	2016-06-30 14:34:30	tools/buildsteps/win32/make-addons.bat	False	True	True	True
10045	Paxxi	2016-06-30 12:27:08	afedchin	2016-06-30 14:34:30	xbmc/cores/AudioEngine/Utils/AEUtil.h	False	True	True	True
10045	Paxxi	2016-06-30 12:27:08	afedchin	2016-06-30 14:36:09	lib/cpluff/CMakeLists.txt	False	True	True	True
10045	Paxxi	2016-06-30 12:27:08	afedchin	2016-06-30 14:34:30	xbmc/storage/cdioSupport.cpp	False	True	True	True
10045	Paxxi	2016-06-30 12:27:08	afedchin	2016-06-30 14:36:09	.gitignore	False	True	True	True
10045	Paxxi	2016-06-30 12:27:08	afedchin	2016-06-30 14:36:09	xbmc/threads/platform/win/Win32Exception.cpp	True	True	True	True
10045	Paxxi	2016-06-30 12:27:08	afedchin	2016-06-30 14:36:09	lib/cpluff/cmake/cpluff-config.cmake	False	True	True	True
10045	Paxxi	2016-06-30 12:27:08	afedchin	2016-06-30 14:36:09	project/BuildDependencies/DownloadMingwBuildEnv.bat	False	True	True	True
10045	Paxxi	2016-06-30 12:27:08	afedchin	2016-06-30 14:36:09	lib/libUPnP/Neptune/Source/System/Win32/NptWin32MessageQueue.cpp	True	True	True	True
10045	Paxxi	2016-06-30 12:27:08	afedchin	2016-06-30 14:36:09	xbmc/windowing/windows/WinEventsWin32.cpp	False	True	True	True
10045	Paxxi	2016-06-30 12:27:08	afedchin	2016-06-30 14:36:09	lib/cpluff/libcpluff/win32/dirent.c	False	True	True	True
10045	Paxxi	2016-06-30 12:27:08	afedchin	2016-06-30 14:34:30	xbmc/storage/windows/Win32StorageProvider.cpp	False	True	True	True
10045	Paxxi	2016-06-30 12:27:08	afedchin	2016-06-30 14:36:09	xbmc/threads/Atomics.cpp	True	True	True	True
10042	ksooo	2016-06-29 09:19:42	Jalle19	2016-06-29 11:29:24	xbmc/pvr/timers/PVRTimerInfoTag.h	True	True	True	True
10042	ksooo	2016-06-29 09:19:42	Jalle19	2016-06-29 11:27:57	xbmc/epg/EpgContainer.h	True	True	True	True
10042	ksooo	2016-06-29 09:19:42	Jalle19	2016-06-29 11:27:57	xbmc/epg/EpgContainer.cpp	True	True	True	True
10042	ksooo	2016-06-29 09:19:42	Jalle19	2016-06-29 11:29:24	xbmc/pvr/windows/GUIWindowPVRBase.cpp	True	True	True	True
10042	ksooo	2016-06-29 09:19:42	Jalle19	2016-06-29 11:29:24	xbmc/pvr/timers/PVRTimers.cpp	True	True	True	True
10042	ksooo	2016-06-29 09:19:42	Jalle19	2016-06-29 11:29:24	xbmc/epg/Epg.cpp	True	True	True	True
10042	ksooo	2016-06-29 09:19:42	Jalle19	2016-06-29 11:29:24	xbmc/pvr/timers/PVRTimerInfoTag.cpp	True	True	True	True
10042	ksooo	2016-06-29 09:19:42	Jalle19	2016-06-29 11:29:24	xbmc/epg/Epg.h	True	True	True	True
10042	ksooo	2016-06-29 09:19:42	Jalle19	2016-06-29 11:29:24	xbmc/epg/EpgContainer.h	True	True	True	True
10042	ksooo	2016-06-29 09:19:42	Jalle19	2016-06-29 11:29:24	xbmc/epg/EpgContainer.cpp	True	True	True	True
10042	ksooo	2016-06-29 09:19:42	Jalle19	2016-06-29 11:27:57	xbmc/epg/Epg.h	True	True	True	True
10042	ksooo	2016-06-29 09:19:42	Jalle19	2016-06-29 11:27:57	xbmc/epg/Epg.cpp	True	True	True	True
10042	ksooo	2016-06-29 09:19:42	Jalle19	2016-06-29 11:27:57	xbmc/pvr/windows/GUIWindowPVRBase.cpp	True	True	True	True
10042	ksooo	2016-06-29 09:19:42	Jalle19	2016-06-29 11:27:57	xbmc/pvr/timers/PVRTimerInfoTag.cpp	True	True	True	True
10042	ksooo	2016-06-29 09:19:42	Jalle19	2016-06-29 11:26:36	xbmc/epg/Epg.cpp	True	True	True	True
10042	ksooo	2016-06-29 09:19:42	Jalle19	2016-06-29 11:26:36	xbmc/pvr/windows/GUIWindowPVRBase.cpp	True	True	True	True
10042	ksooo	2016-06-29 09:19:42	Jalle19	2016-06-29 11:26:36	xbmc/pvr/timers/PVRTimerInfoTag.h	True	True	True	True
10042	ksooo	2016-06-29 09:19:42	Jalle19	2016-06-29 11:26:36	xbmc/pvr/timers/PVRTimerInfoTag.cpp	True	True	True	True
10042	ksooo	2016-06-29 09:19:42	Jalle19	2016-06-29 11:26:36	xbmc/epg/Epg.h	True	True	True	True
10042	ksooo	2016-06-29 09:19:42	Jalle19	2016-06-29 11:26:36	xbmc/pvr/timers/PVRTimers.cpp	True	True	True	True
10042	ksooo	2016-06-29 09:19:42	Jalle19	2016-06-29 11:26:36	xbmc/epg/EpgContainer.h	True	True	True	True
10042	ksooo	2016-06-29 09:19:42	Jalle19	2016-06-29 11:26:36	xbmc/epg/EpgContainer.cpp	True	True	True	True
10042	ksooo	2016-06-29 09:19:42	Jalle19	2016-06-29 11:27:57	xbmc/pvr/timers/PVRTimerInfoTag.h	True	True	True	True
10042	ksooo	2016-06-29 09:19:42	Jalle19	2016-06-29 11:27:57	xbmc/pvr/timers/PVRTimers.cpp	True	True	True	True
10038	fritsch	2016-06-28 07:30:52	FernetMenta	2016-06-28 08:47:52	xbmc/cores/AudioEngine/Engines/ActiveAE/ActiveAE.cpp	True	True	True	True
10038	fritsch	2016-06-28 07:30:52	FernetMenta	2016-06-28 10:44:26	xbmc/guilib/FFmpegImage.cpp	True	True	True	True
10038	fritsch	2016-06-28 07:30:52	FernetMenta	2016-06-28 10:44:26	xbmc/cores/AudioEngine/Encoders/AEEncoderFFmpeg.cpp	True	True	True	True
10038	fritsch	2016-06-28 07:30:52	FernetMenta	2016-06-28 10:44:26	xbmc/cores/AudioEngine/Engines/ActiveAE/ActiveAE.cpp	True	True	True	True
10038	fritsch	2016-06-28 07:30:52	FernetMenta	2016-06-28 10:44:26	xbmc/cores/AudioEngine/Engines/ActiveAE/ActiveAE.cpp	False	True	True	True
10038	fritsch	2016-06-28 07:30:52	FernetMenta	2016-06-28 10:44:26	tools/depends/target/ffmpeg/FFMPEG-VERSION	False	True	True	True
10038	fritsch	2016-06-28 07:30:52	FernetMenta	2016-06-28 10:44:26	xbmc/guilib/FFmpegImage.h	True	True	True	True
10038	fritsch	2016-06-28 07:30:52	FernetMenta	2016-06-28 08:47:52	xbmc/cdrip/EncoderFFmpeg.cpp	True	True	True	True
10038	fritsch	2016-06-28 07:30:52	FernetMenta	2016-06-28 08:47:52	xbmc/guilib/FFmpegImage.cpp	True	True	True	True
10038	fritsch	2016-06-28 07:30:52	FernetMenta	2016-06-28 08:47:52	xbmc/cores/AudioEngine/Encoders/AEEncoderFFmpeg.cpp	True	True	True	True
10038	fritsch	2016-06-28 07:30:52	FernetMenta	2016-06-28 10:44:26	xbmc/cdrip/EncoderFFmpeg.cpp	True	True	True	True
10038	fritsch	2016-06-28 07:30:52	FernetMenta	2016-06-28 08:47:52	xbmc/cores/AudioEngine/Engines/ActiveAE/ActiveAE.cpp	False	True	True	True
10038	fritsch	2016-06-28 07:30:52	FernetMenta	2016-06-28 08:47:52	xbmc/guilib/FFmpegImage.h	True	True	True	True
10038	fritsch	2016-06-28 07:30:52	FernetMenta	2016-06-28 08:44:00	xbmc/cdrip/EncoderFFmpeg.cpp	True	True	True	True
10038	fritsch	2016-06-28 07:30:52	FernetMenta	2016-06-28 08:44:00	xbmc/guilib/FFmpegImage.cpp	True	True	True	True
10038	fritsch	2016-06-28 07:30:52	FernetMenta	2016-06-28 08:44:00	xbmc/cores/AudioEngine/Encoders/AEEncoderFFmpeg.cpp	True	True	True	True
10038	fritsch	2016-06-28 07:30:52	FernetMenta	2016-06-28 08:44:00	xbmc/cores/AudioEngine/Engines/ActiveAE/ActiveAE.cpp	True	True	True	True
10038	fritsch	2016-06-28 07:30:52	FernetMenta	2016-06-28 08:44:00	xbmc/cores/AudioEngine/Engines/ActiveAE/ActiveAE.cpp	False	True	True	True
10038	fritsch	2016-06-28 07:30:52	FernetMenta	2016-06-28 08:44:00	tools/depends/target/ffmpeg/FFMPEG-VERSION	False	True	True	True
10038	fritsch	2016-06-28 07:30:52	FernetMenta	2016-06-28 08:44:00	xbmc/guilib/FFmpegImage.h	True	True	True	True
10038	fritsch	2016-06-28 07:30:52	FernetMenta	2016-06-28 08:47:52	tools/depends/target/ffmpeg/FFMPEG-VERSION	False	True	True	True
10032	Rechi	2016-06-25 12:43:55	popcornmix	2016-06-25 12:57:44	xbmc/network/httprequesthandler/HTTPFileHandler.cpp	False	True	True	True
10032	Rechi	2016-06-25 12:43:55	Montellese	2016-06-26 11:02:39	xbmc/network/httprequesthandler/HTTPFileHandler.h	False	True	True	True
10032	Rechi	2016-06-25 12:43:55	Montellese	2016-06-26 11:02:39	xbmc/network/httprequesthandler/HTTPFileHandler.cpp	False	True	True	True
10032	Rechi	2016-06-25 12:43:55	Montellese	2016-06-26 11:02:39	xbmc/network/httprequesthandler/HTTPImageHandler.cpp	False	True	True	True
10032	Rechi	2016-06-25 12:43:55	Montellese	2016-06-26 11:02:39	xbmc/network/httprequesthandler/HTTPImageHandler.h	False	True	True	True
10032	Rechi	2016-06-25 12:43:55	popcornmix	2016-06-25 12:57:44	xbmc/network/httprequesthandler/HTTPFileHandler.h	False	True	True	True
10032	Rechi	2016-06-25 12:43:55	akva2	2016-06-27 08:07:23	xbmc/network/httprequesthandler/HTTPFileHandler.cpp	False	True	True	True
10032	Rechi	2016-06-25 12:43:55	popcornmix	2016-06-25 12:57:44	xbmc/network/httprequesthandler/HTTPImageHandler.cpp	False	True	True	True
10032	Rechi	2016-06-25 12:43:55	popcornmix	2016-06-25 12:57:44	xbmc/network/httprequesthandler/HTTPImageHandler.h	False	True	True	True
10032	Rechi	2016-06-25 12:43:55	akva2	2016-06-27 08:07:23	xbmc/network/httprequesthandler/HTTPFileHandler.h	False	True	True	True
10032	Rechi	2016-06-25 12:43:55	Montellese	2016-06-26 11:01:47	xbmc/network/httprequesthandler/HTTPImageHandler.cpp	False	True	True	True
10032	Rechi	2016-06-25 12:43:55	akva2	2016-06-27 08:07:23	xbmc/network/httprequesthandler/HTTPImageHandler.cpp	False	True	True	True
10032	Rechi	2016-06-25 12:43:55	akva2	2016-06-27 08:07:23	xbmc/network/httprequesthandler/HTTPImageHandler.h	False	True	True	True
10032	Rechi	2016-06-25 12:43:55	Montellese	2016-06-26 11:01:47	xbmc/network/httprequesthandler/HTTPImageHandler.h	False	True	True	True
10032	Rechi	2016-06-25 12:43:55	Montellese	2016-10-06 20:04:23	xbmc/network/httprequesthandler/HTTPImageHandler.cpp	False	True	True	True
10032	Rechi	2016-06-25 12:43:55	Montellese	2016-06-26 11:01:47	xbmc/network/httprequesthandler/HTTPFileHandler.cpp	False	True	True	True
10032	Rechi	2016-06-25 12:43:55	Montellese	2016-10-08 08:04:29	xbmc/network/httprequesthandler/HTTPFileHandler.cpp	False	True	True	True
10032	Rechi	2016-06-25 12:43:55	Montellese	2016-06-26 10:57:25	xbmc/network/httprequesthandler/HTTPFileHandler.h	False	True	True	True
10032	Rechi	2016-06-25 12:43:55	Montellese	2016-06-26 10:57:25	xbmc/network/httprequesthandler/HTTPFileHandler.cpp	False	True	True	True
10032	Rechi	2016-06-25 12:43:55	Montellese	2016-06-26 10:57:25	xbmc/network/httprequesthandler/HTTPImageHandler.cpp	False	True	True	True
10032	Rechi	2016-06-25 12:43:55	Montellese	2016-06-26 10:57:25	xbmc/network/httprequesthandler/HTTPImageHandler.h	False	True	True	True
10032	Rechi	2016-06-25 12:43:55	Montellese	2016-06-26 11:01:47	xbmc/network/httprequesthandler/HTTPFileHandler.h	False	True	True	True
10032	Rechi	2016-06-25 12:43:55	Montellese	2016-10-08 08:04:29	xbmc/network/httprequesthandler/HTTPFileHandler.h	False	True	True	True
10032	Rechi	2016-06-25 12:43:55	Montellese	2016-10-08 08:04:29	xbmc/network/httprequesthandler/HTTPImageHandler.cpp	False	True	True	True
10032	Rechi	2016-06-25 12:43:55	Montellese	2016-10-08 08:04:29	xbmc/network/httprequesthandler/HTTPImageHandler.h	False	True	True	True
10032	Rechi	2016-06-25 12:43:55	Montellese	2016-10-06 20:04:23	xbmc/network/httprequesthandler/HTTPFileHandler.h	False	True	True	True
10032	Rechi	2016-06-25 12:43:55	Montellese	2016-10-06 20:04:23	xbmc/network/httprequesthandler/HTTPFileHandler.cpp	False	True	True	True
10032	Rechi	2016-06-25 12:43:55	Montellese	2016-10-06 20:04:23	xbmc/network/httprequesthandler/HTTPImageHandler.h	False	True	True	True
10025	Rechi	2016-06-23 10:03:20	MartijnKaijser	2016-06-23 11:16:32	tools/depends/target/mdnsresponder/Makefile	True	True	True	True
10025	Rechi	2016-06-23 10:03:20	MartijnKaijser	2016-06-23 11:16:32	tools/depends/target/mdnsresponder/01-android-embedded.patch	True	True	True	True
10023	notspiff	2016-06-23 06:29:24	Montellese	2016-06-23 08:40:50	xbmc/network/WebServer.cpp	False	True	True	True
10023	notspiff	2016-06-23 06:29:24	Paxxi	2016-06-23 09:02:14	xbmc/network/WebServer.cpp	False	True	True	True
10023	notspiff	2016-06-23 06:29:24	Paxxi	2016-06-23 09:02:14	xbmc/utils/CryptThreading.cpp	True	True	True	True
10023	notspiff	2016-06-23 06:29:24	Montellese	2016-06-23 08:40:50	xbmc/utils/CryptThreading.cpp	True	True	True	True
10020	phate89	2016-06-21 14:21:58	MilhouseVH	2016-06-21 15:53:40	xbmc/interfaces/json-rpc/schema/methods.json	True	True	True	True
10020	phate89	2016-06-21 14:21:58	Montellese	2016-06-22 05:53:36	xbmc/interfaces/json-rpc/schema/version.txt	True	True	True	True
10020	phate89	2016-06-21 14:21:58	MilhouseVH	2016-06-21 15:53:40	xbmc/interfaces/json-rpc/VideoLibrary.cpp	True	True	True	True
10020	phate89	2016-06-21 14:21:58	MilhouseVH	2016-06-21 15:53:40	xbmc/interfaces/json-rpc/VideoLibrary.h	True	True	True	True
10020	phate89	2016-06-21 14:21:58	MilhouseVH	2016-06-21 15:53:40	xbmc/interfaces/json-rpc/schema/types.json	True	True	True	True
10020	phate89	2016-06-21 14:21:58	MilhouseVH	2016-06-21 15:53:40	xbmc/interfaces/json-rpc/schema/version.txt	True	True	True	True
10020	phate89	2016-06-21 14:21:58	MilhouseVH	2016-06-21 15:53:40	xbmc/video/VideoInfoTag.cpp	True	True	True	True
10020	phate89	2016-06-21 14:21:58	MilhouseVH	2016-06-21 15:53:40	xbmc/video/VideoInfoTag.h	True	True	True	True
10020	phate89	2016-06-21 14:21:58	MilhouseVH	2016-06-21 15:53:40	xbmc/video/VideoDatabase.cpp	True	True	True	True
10020	phate89	2016-06-21 14:21:58	Montellese	2016-06-22 05:53:36	xbmc/interfaces/json-rpc/VideoLibrary.h	True	True	True	True
10020	phate89	2016-06-21 14:21:58	Montellese	2016-06-22 05:53:36	xbmc/interfaces/json-rpc/schema/methods.json	True	True	True	True
10020	phate89	2016-06-21 14:21:58	Montellese	2016-06-22 05:53:36	xbmc/interfaces/json-rpc/schema/types.json	True	True	True	True
10020	phate89	2016-06-21 14:21:58	Montellese	2016-06-22 05:53:36	xbmc/interfaces/json-rpc/VideoLibrary.cpp	True	True	True	True
10020	phate89	2016-06-21 14:21:58	Montellese	2016-06-22 05:53:36	xbmc/video/VideoInfoTag.cpp	True	True	True	True
10020	phate89	2016-06-21 14:21:58	Montellese	2016-06-22 05:58:26	xbmc/interfaces/json-rpc/schema/types.json	True	True	True	True
10020	phate89	2016-06-21 14:21:58	Montellese	2016-06-22 05:58:26	xbmc/video/VideoDatabase.cpp	True	True	True	True
10020	phate89	2016-06-21 14:21:58	Montellese	2016-06-22 05:58:26	xbmc/video/VideoInfoTag.h	True	True	True	True
10020	phate89	2016-06-21 14:21:58	Montellese	2016-06-22 05:53:36	xbmc/video/VideoInfoTag.h	True	True	True	True
10020	phate89	2016-06-21 14:21:58	Montellese	2016-06-22 05:58:26	xbmc/interfaces/json-rpc/schema/version.txt	True	True	True	True
10020	phate89	2016-06-21 14:21:58	Montellese	2016-06-22 05:58:26	xbmc/video/VideoInfoTag.cpp	True	True	True	True
10020	phate89	2016-06-21 14:21:58	Montellese	2016-06-22 05:58:26	xbmc/interfaces/json-rpc/schema/methods.json	True	True	True	True
10020	phate89	2016-06-21 14:21:58	Montellese	2016-06-22 05:58:26	xbmc/interfaces/json-rpc/VideoLibrary.h	True	True	True	True
10020	phate89	2016-06-21 14:21:58	Montellese	2016-06-22 05:58:26	xbmc/interfaces/json-rpc/VideoLibrary.cpp	True	True	True	True
10020	phate89	2016-06-21 14:21:58	Montellese	2016-06-22 05:53:36	xbmc/video/VideoDatabase.cpp	True	True	True	True
10012	Paxxi	2016-06-19 18:54:29	wsnipex	2016-07-21 08:51:45	xbmc/utils/test/TestURIUtils.cpp	True	False	True	True
10012	Paxxi	2016-06-19 18:54:29	wsnipex	2016-07-21 08:51:45	xbmc/guilib/TextureBundleXBT.cpp	True	False	True	True
10012	Paxxi	2016-06-19 18:54:29	wsnipex	2016-07-21 08:51:45	xbmc/utils/URIUtils.h	True	False	True	True
10012	Paxxi	2016-06-19 18:54:29	wsnipex	2016-07-21 08:51:45	xbmc/utils/URIUtils.cpp	True	False	True	True
10012	Paxxi	2016-06-19 18:54:29	wsnipex	2016-07-21 08:51:45	xbmc/utils/ScraperUrl.cpp	True	False	True	True
10012	Paxxi	2016-06-19 18:54:29	wsnipex	2016-07-21 08:51:45	xbmc/profiles/dialogs/GUIDialogProfileSettings.cpp	True	False	True	True
10012	Paxxi	2016-06-19 18:54:29	wsnipex	2016-07-21 08:51:45	xbmc/music/windows/GUIWindowMusicPlaylist.cpp	True	False	True	True
10012	Paxxi	2016-06-19 18:54:29	wsnipex	2016-07-21 08:51:45	xbmc/music/MusicDatabase.cpp	True	False	True	True
10012	Paxxi	2016-06-19 18:54:29	wsnipex	2016-07-21 08:51:45	xbmc/interfaces/legacy/WindowXML.cpp	True	False	True	True
10012	Paxxi	2016-06-19 18:54:29	wsnipex	2016-07-21 08:51:45	xbmc/guilib/TextureManager.cpp	True	False	True	True
10012	Paxxi	2016-06-19 18:54:29	wsnipex	2016-07-21 08:51:45	xbmc/LangInfo.cpp	True	False	True	True
10012	Paxxi	2016-06-19 18:54:29	wsnipex	2016-07-21 08:51:45	xbmc/guilib/GUIFontManager.cpp	True	False	True	True
10012	Paxxi	2016-06-19 18:54:29	wsnipex	2016-07-21 08:51:45	xbmc/guilib/GUIColorManager.cpp	True	False	True	True
10012	Paxxi	2016-06-19 18:54:29	wsnipex	2016-07-21 08:51:45	xbmc/filesystem/RarManager.cpp	True	False	True	True
10012	Paxxi	2016-06-19 18:54:29	wsnipex	2016-07-21 08:51:45	xbmc/dialogs/GUIDialogSmartPlaylistEditor.cpp	True	False	True	True
10012	Paxxi	2016-06-19 18:54:29	wsnipex	2016-07-21 08:51:45	xbmc/cores/VideoPlayer/DVDInputStreams/DVDFactoryInputStream.cpp	True	False	True	True
10012	Paxxi	2016-06-19 18:54:29	wsnipex	2016-07-21 08:51:45	xbmc/addons/binary/interfaces/api1/GUI/AddonCallbacksGUI.cpp	True	False	True	True
10012	Paxxi	2016-06-19 18:54:29	wsnipex	2016-07-21 08:51:45	xbmc/addons/Skin.cpp	True	False	True	True
10012	Paxxi	2016-06-19 18:54:29	wsnipex	2016-07-21 08:51:45	xbmc/addons/Addon.cpp	True	False	True	True
10012	Paxxi	2016-06-19 18:54:29	wsnipex	2016-07-21 08:51:45	xbmc/FileItem.cpp	True	False	True	True
10012	Paxxi	2016-06-19 18:54:29	wsnipex	2016-07-21 08:49:28	xbmc/FileItem.cpp	True	False	True	True
10012	Paxxi	2016-06-19 18:54:29	wsnipex	2016-07-21 08:51:45	xbmc/video/windows/GUIWindowVideoPlaylist.cpp	True	False	True	True
10012	Paxxi	2016-06-19 18:54:29	wsnipex	2016-07-21 08:51:45	xbmc/music/windows/GUIWindowMusicPlaylistEditor.cpp	True	False	True	True
10012	Paxxi	2016-06-19 18:54:29	wsnipex	2016-07-21 08:49:28	xbmc/LangInfo.cpp	True	False	True	True
10012	Paxxi	2016-06-19 18:54:29	wsnipex	2016-07-21 08:49:28	xbmc/interfaces/legacy/WindowXML.cpp	True	False	True	True
10012	Paxxi	2016-06-19 18:54:29	wsnipex	2016-07-21 08:49:28	xbmc/addons/Addon.cpp	True	False	True	True
10012	Paxxi	2016-06-19 18:54:29	wsnipex	2016-07-21 08:49:28	xbmc/video/windows/GUIWindowVideoPlaylist.cpp	True	False	True	True
10012	Paxxi	2016-06-19 18:54:29	wsnipex	2016-07-21 08:49:28	xbmc/utils/test/TestURIUtils.cpp	True	False	True	True
10012	Paxxi	2016-06-19 18:54:29	wsnipex	2016-07-21 08:49:28	xbmc/utils/URIUtils.h	True	False	True	True
10012	Paxxi	2016-06-19 18:54:29	wsnipex	2016-07-21 08:49:28	xbmc/utils/URIUtils.cpp	True	False	True	True
10012	Paxxi	2016-06-19 18:54:29	wsnipex	2016-07-21 08:49:28	xbmc/utils/ScraperUrl.cpp	True	False	True	True
10012	Paxxi	2016-06-19 18:54:29	wsnipex	2016-07-21 08:49:28	xbmc/profiles/dialogs/GUIDialogProfileSettings.cpp	True	False	True	True
10012	Paxxi	2016-06-19 18:54:29	wsnipex	2016-07-21 08:49:28	xbmc/music/windows/GUIWindowMusicPlaylistEditor.cpp	True	False	True	True
10012	Paxxi	2016-06-19 18:54:29	wsnipex	2016-07-21 08:49:28	xbmc/music/MusicDatabase.cpp	True	False	True	True
10012	Paxxi	2016-06-19 18:54:29	wsnipex	2016-07-21 08:49:28	xbmc/music/windows/GUIWindowMusicPlaylist.cpp	True	False	True	True
10012	Paxxi	2016-06-19 18:54:29	wsnipex	2016-07-21 08:49:28	xbmc/guilib/TextureManager.cpp	True	False	True	True
10012	Paxxi	2016-06-19 18:54:29	wsnipex	2016-07-21 08:49:28	xbmc/guilib/TextureBundleXBT.cpp	True	False	True	True
10012	Paxxi	2016-06-19 18:54:29	wsnipex	2016-07-21 08:49:28	xbmc/guilib/GUIFontManager.cpp	True	False	True	True
10012	Paxxi	2016-06-19 18:54:29	wsnipex	2016-07-21 08:49:28	xbmc/guilib/GUIColorManager.cpp	True	False	True	True
10012	Paxxi	2016-06-19 18:54:29	wsnipex	2016-07-21 08:49:28	xbmc/filesystem/RarManager.cpp	True	False	True	True
10012	Paxxi	2016-06-19 18:54:29	wsnipex	2016-07-21 08:49:28	xbmc/dialogs/GUIDialogSmartPlaylistEditor.cpp	True	False	True	True
10012	Paxxi	2016-06-19 18:54:29	wsnipex	2016-07-21 08:49:28	xbmc/cores/VideoPlayer/DVDInputStreams/DVDFactoryInputStream.cpp	True	False	True	True
10012	Paxxi	2016-06-19 18:54:29	wsnipex	2016-07-21 08:49:28	xbmc/addons/binary/interfaces/api1/GUI/AddonCallbacksGUI.cpp	True	False	True	True
10012	Paxxi	2016-06-19 18:54:29	wsnipex	2016-07-21 08:49:28	xbmc/addons/Skin.cpp	True	False	True	True
10007	Tolriq	2016-06-19 12:53:26	Montellese	2016-06-20 08:08:24	xbmc/interfaces/json-rpc/schema/version.txt	True	True	True	True
10007	Tolriq	2016-06-19 12:53:26	Montellese	2016-06-20 08:08:24	xbmc/interfaces/json-rpc/schema/types.json	True	True	True	True
10007	Tolriq	2016-06-19 12:53:26	Montellese	2016-06-20 08:08:24	xbmc/interfaces/json-rpc/schema/methods.json	True	True	True	True
10007	Tolriq	2016-06-19 12:53:26	Montellese	2016-06-20 08:08:24	xbmc/interfaces/json-rpc/AddonsOperations.cpp	True	True	True	True
9999	jjd-uk	2016-06-18 17:13:40	MartijnKaijser	2016-06-18 18:31:47	addons/resource.language.en_gb/resources/strings.po	False	True	True	True
9999	jjd-uk	2016-06-18 17:13:40	MartijnKaijser	2016-06-18 18:37:23	system/settings/settings.xml	False	True	True	True
9999	jjd-uk	2016-06-18 17:13:40	MartijnKaijser	2016-06-18 18:31:47	system/settings/settings.xml	False	True	True	True
9999	jjd-uk	2016-06-18 17:13:40	MartijnKaijser	2016-06-18 18:37:23	addons/resource.language.en_gb/resources/strings.po	False	True	True	True
9999	jjd-uk	2016-06-18 17:13:40	MartijnKaijser	2016-06-18 17:29:05	system/settings/settings.xml	False	True	True	True
9999	jjd-uk	2016-06-18 17:13:40	MartijnKaijser	2016-06-18 17:29:05	addons/resource.language.en_gb/resources/strings.po	False	True	True	True
9998	ksooo	2016-06-18 09:41:26	Paxxi	2016-06-18 10:03:34	xbmc/network/httprequesthandler/IHTTPRequestHandler.cpp	True	True	True	True
9998	ksooo	2016-06-18 09:41:26	Paxxi	2016-06-18 10:03:34	xbmc/network/WebServer.cpp	True	True	True	True
9998	ksooo	2016-06-18 09:41:26	Paxxi	2016-06-18 10:03:34	xbmc/network/EventPacket.h	True	True	True	True
9998	ksooo	2016-06-18 09:41:26	Paxxi	2016-06-18 10:03:34	xbmc/addons/GUIDialogAddonInfo.cpp	True	True	True	True
9987	hudokkow	2016-06-16 12:37:13	akva2	2016-06-16 12:42:19	project/cmake/cpack/deb/postrm	False	True	True	True
9987	hudokkow	2016-06-16 12:37:13	notspiff	2016-06-16 12:51:21	project/cmake/XBMCConfig.cmake.in	False	True	True	True
9987	hudokkow	2016-06-16 12:37:13	notspiff	2016-06-16 12:51:21	configure.ac	False	True	True	True
9987	hudokkow	2016-06-16 12:37:13	notspiff	2016-06-16 12:51:21	.gitignore	False	True	True	True
9987	hudokkow	2016-06-16 12:37:13	akva2	2016-06-16 12:42:19	project/cmake/cpack/CPackConfigDEB.cmake	True	True	True	True
9987	hudokkow	2016-06-16 12:37:13	akva2	2016-06-16 12:42:19	project/cmake/cpack/deb/packages/kodi.txt.in	False	True	True	True
9987	hudokkow	2016-06-16 12:37:13	akva2	2016-06-16 12:42:19	project/cmake/cpack/deb/postinst	False	True	True	True
9987	hudokkow	2016-06-16 12:37:13	notspiff	2016-06-16 12:51:21	project/cmake/scripts/common/Macros.cmake	True	True	True	True
9987	hudokkow	2016-06-16 12:37:13	akva2	2016-06-16 12:42:19	project/cmake/cpack/deb/packages/kodi-visualization-dev.txt.in	False	True	True	True
9987	hudokkow	2016-06-16 12:37:13	akva2	2016-06-16 12:42:19	project/cmake/cpack/deb/packages/kodi-tools-texturepacker.txt.in	False	True	True	True
9987	hudokkow	2016-06-16 12:37:13	akva2	2016-06-16 12:42:19	project/cmake/cpack/deb/packages/kodi-screensaver-dev.txt.in	False	True	True	True
9987	hudokkow	2016-06-16 12:37:13	notspiff	2016-06-16 12:51:21	project/cmake/scripts/common/PrepareEnv.cmake	False	True	True	True
9987	hudokkow	2016-06-16 12:37:13	notspiff	2016-06-16 12:51:21	project/cmake/modules/FindCWiid.cmake	False	True	True	True
9987	hudokkow	2016-06-16 12:37:13	notspiff	2016-06-16 12:51:21	project/cmake/CMakeLists.txt	False	True	True	True
9987	hudokkow	2016-06-16 12:37:13	notspiff	2016-06-16 12:51:21	project/cmake/modules/FindBluetooth.cmake	False	True	True	True
9987	hudokkow	2016-06-16 12:37:13	notspiff	2016-06-16 12:51:21	tools/EventClients/Clients/WiiRemote/CMakeLists.txt	False	True	True	True
9987	hudokkow	2016-06-16 12:37:13	notspiff	2016-06-16 12:51:21	project/cmake/CMakeLists.txt	True	True	True	True
9987	hudokkow	2016-06-16 12:37:13	notspiff	2016-06-16 12:51:21	project/cmake/installdata/addon-bindings.txt	True	True	True	True
9987	hudokkow	2016-06-16 12:37:13	notspiff	2016-06-16 12:51:21	project/cmake/installdata/cmake-files.txt	True	True	True	True
9987	hudokkow	2016-06-16 12:37:13	notspiff	2016-06-16 12:51:21	project/cmake/scripts/linux/Install.cmake	True	True	True	True
9987	hudokkow	2016-06-16 12:37:13	notspiff	2016-06-16 12:51:21	project/cmake/README.md	False	True	True	True
9987	hudokkow	2016-06-16 12:37:13	notspiff	2016-06-16 12:51:21	project/cmake/cpack/deb/NEWS.Debian	False	True	True	True
9987	hudokkow	2016-06-16 12:37:13	akva2	2016-06-16 12:42:19	.gitignore	False	True	True	True
9987	hudokkow	2016-06-16 12:37:13	notspiff	2016-06-16 12:51:21	project/cmake/cpack/deb/lintian/overrides/kodi	False	True	True	True
9987	hudokkow	2016-06-16 12:37:13	akva2	2016-06-16 12:42:19	project/cmake/cpack/deb/packages/kodi-inputstream-dev.txt.in	False	True	True	True
9987	hudokkow	2016-06-16 12:37:13	akva2	2016-06-16 12:42:19	project/cmake/cpack/deb/packages/kodi-pvr-dev.txt.in	False	True	True	True
9987	hudokkow	2016-06-16 12:37:13	notspiff	2016-06-16 12:51:21	project/cmake/cpack/deb/package-description.txt	False	True	True	True
9987	hudokkow	2016-06-16 12:37:13	akva2	2016-06-16 12:42:19	project/cmake/cpack/deb/packages/kodi-eventclients-xbmc-send.txt.in	False	True	True	True
9987	hudokkow	2016-06-16 12:37:13	akva2	2016-06-16 12:42:19	project/cmake/scripts/linux/Install.cmake	True	True	True	True
9987	hudokkow	2016-06-16 12:37:13	akva2	2016-06-16 12:42:19	configure.ac	False	True	True	True
9987	hudokkow	2016-06-16 12:37:13	akva2	2016-06-16 12:42:19	project/cmake/XBMCConfig.cmake.in	False	True	True	True
9987	hudokkow	2016-06-16 12:37:13	akva2	2016-06-16 12:42:19	project/cmake/scripts/common/PrepareEnv.cmake	False	True	True	True
9987	hudokkow	2016-06-16 12:37:13	akva2	2016-06-16 12:42:19	project/cmake/scripts/common/Macros.cmake	True	True	True	True
9987	hudokkow	2016-06-16 12:37:13	akva2	2016-06-16 12:42:19	project/cmake/CMakeLists.txt	False	True	True	True
9987	hudokkow	2016-06-16 12:37:13	akva2	2016-06-16 12:42:19	project/cmake/modules/FindBluetooth.cmake	False	True	True	True
9987	hudokkow	2016-06-16 12:37:13	akva2	2016-06-16 12:42:19	project/cmake/modules/FindCWiid.cmake	False	True	True	True
9987	hudokkow	2016-06-16 12:37:13	akva2	2016-06-16 12:42:19	tools/EventClients/Clients/WiiRemote/CMakeLists.txt	False	True	True	True
9987	hudokkow	2016-06-16 12:37:13	akva2	2016-06-16 12:42:19	project/cmake/CMakeLists.txt	True	True	True	True
9987	hudokkow	2016-06-16 12:37:13	akva2	2016-06-16 12:42:19	project/cmake/installdata/addon-bindings.txt	True	True	True	True
9987	hudokkow	2016-06-16 12:37:13	akva2	2016-06-16 12:42:19	project/cmake/installdata/cmake-files.txt	True	True	True	True
9987	hudokkow	2016-06-16 12:37:13	akva2	2016-06-16 12:42:19	project/cmake/README.md	False	True	True	True
9987	hudokkow	2016-06-16 12:37:13	akva2	2016-06-16 12:42:19	project/cmake/cpack/deb/packages/kodi-eventclients-wiiremote.txt.in	False	True	True	True
9987	hudokkow	2016-06-16 12:37:13	akva2	2016-06-16 12:42:19	project/cmake/cpack/deb/NEWS.Debian	False	True	True	True
9987	hudokkow	2016-06-16 12:37:13	akva2	2016-06-16 12:42:19	project/cmake/cpack/deb/copyright	False	True	True	True
9987	hudokkow	2016-06-16 12:37:13	akva2	2016-06-16 12:42:19	project/cmake/cpack/deb/lintian/overrides/kodi	False	True	True	True
9987	hudokkow	2016-06-16 12:37:13	akva2	2016-06-16 12:42:19	project/cmake/cpack/deb/menu/kodi	False	True	True	True
9987	hudokkow	2016-06-16 12:37:13	akva2	2016-06-16 12:42:19	project/cmake/cpack/deb/package-description.txt	False	True	True	True
9987	hudokkow	2016-06-16 12:37:13	akva2	2016-06-16 12:42:19	project/cmake/cpack/deb/packages/kodi-addon-dev.txt.in	False	True	True	True
9987	hudokkow	2016-06-16 12:37:13	akva2	2016-06-16 12:42:19	project/cmake/cpack/deb/packages/kodi-audio-dev.txt.in	False	True	True	True
9987	hudokkow	2016-06-16 12:37:13	akva2	2016-06-16 12:42:19	project/cmake/cpack/deb/packages/kodi-bin.txt.in	False	True	True	True
9987	hudokkow	2016-06-16 12:37:13	akva2	2016-06-16 12:42:19	project/cmake/cpack/deb/packages/kodi-eventclients-common.txt.in	False	True	True	True
9987	hudokkow	2016-06-16 12:37:13	akva2	2016-06-16 12:42:19	project/cmake/cpack/deb/packages/kodi-eventclients-dev.txt.in	False	True	True	True
9987	hudokkow	2016-06-16 12:37:13	akva2	2016-06-16 12:42:19	project/cmake/cpack/deb/packages/kodi-eventclients-ps3.txt.in	False	True	True	True
9987	hudokkow	2016-06-16 12:37:13	notspiff	2016-06-16 12:51:21	project/cmake/cpack/deb/menu/kodi	False	True	True	True
9987	hudokkow	2016-06-16 12:37:13	notspiff	2016-06-16 12:51:21	project/cmake/cpack/deb/copyright	False	True	True	True
9987	hudokkow	2016-06-16 12:37:13	notspiff	2016-06-16 12:51:21	project/cmake/cpack/deb/packages/kodi-addon-dev.txt.in	False	True	True	True
9987	hudokkow	2016-06-16 12:37:13	notspiff	2016-06-16 12:48:58	project/cmake/cpack/deb/packages/kodi-eventclients-ps3.txt.in	False	True	True	True
9987	hudokkow	2016-06-16 12:37:13	notspiff	2016-06-16 12:48:58	project/cmake/scripts/linux/Install.cmake	True	True	True	True
9987	hudokkow	2016-06-16 12:37:13	notspiff	2016-06-16 12:48:58	project/cmake/README.md	False	True	True	True
9987	hudokkow	2016-06-16 12:37:13	notspiff	2016-06-16 12:48:58	project/cmake/cpack/deb/NEWS.Debian	False	True	True	True
9987	hudokkow	2016-06-16 12:37:13	notspiff	2016-06-16 12:48:58	project/cmake/cpack/deb/copyright	False	True	True	True
9987	hudokkow	2016-06-16 12:37:13	notspiff	2016-06-16 12:48:58	project/cmake/cpack/deb/lintian/overrides/kodi	False	True	True	True
9987	hudokkow	2016-06-16 12:37:13	notspiff	2016-06-16 12:48:58	project/cmake/cpack/deb/menu/kodi	False	True	True	True
9987	hudokkow	2016-06-16 12:37:13	notspiff	2016-06-16 12:48:58	project/cmake/cpack/deb/package-description.txt	False	True	True	True
9987	hudokkow	2016-06-16 12:37:13	notspiff	2016-06-16 12:48:58	project/cmake/cpack/deb/packages/kodi-addon-dev.txt.in	False	True	True	True
9987	hudokkow	2016-06-16 12:37:13	notspiff	2016-06-16 12:48:58	project/cmake/cpack/deb/packages/kodi-audio-dev.txt.in	False	True	True	True
9987	hudokkow	2016-06-16 12:37:13	notspiff	2016-06-16 12:48:58	project/cmake/cpack/deb/packages/kodi-bin.txt.in	False	True	True	True
9987	hudokkow	2016-06-16 12:37:13	notspiff	2016-06-16 12:48:58	project/cmake/cpack/deb/packages/kodi-eventclients-common.txt.in	False	True	True	True
9987	hudokkow	2016-06-16 12:37:13	notspiff	2016-06-16 12:48:58	project/cmake/cpack/deb/packages/kodi-eventclients-wiiremote.txt.in	False	True	True	True
9987	hudokkow	2016-06-16 12:37:13	notspiff	2016-06-16 12:48:58	project/cmake/installdata/addon-bindings.txt	True	True	True	True
9987	hudokkow	2016-06-16 12:37:13	notspiff	2016-06-16 12:48:58	project/cmake/cpack/deb/packages/kodi-eventclients-xbmc-send.txt.in	False	True	True	True
9987	hudokkow	2016-06-16 12:37:13	notspiff	2016-06-16 12:48:58	project/cmake/cpack/deb/packages/kodi-inputstream-dev.txt.in	False	True	True	True
9987	hudokkow	2016-06-16 12:37:13	notspiff	2016-06-16 12:48:58	project/cmake/cpack/deb/packages/kodi-pvr-dev.txt.in	False	True	True	True
9987	hudokkow	2016-06-16 12:37:13	notspiff	2016-06-16 12:48:58	project/cmake/cpack/deb/packages/kodi-screensaver-dev.txt.in	False	True	True	True
9987	hudokkow	2016-06-16 12:37:13	notspiff	2016-06-16 12:48:58	project/cmake/cpack/deb/packages/kodi-tools-texturepacker.txt.in	False	True	True	True
9987	hudokkow	2016-06-16 12:37:13	notspiff	2016-06-16 12:48:58	project/cmake/cpack/deb/packages/kodi-visualization-dev.txt.in	False	True	True	True
9987	hudokkow	2016-06-16 12:37:13	notspiff	2016-06-16 12:48:58	project/cmake/cpack/deb/packages/kodi.txt.in	False	True	True	True
9987	hudokkow	2016-06-16 12:37:13	notspiff	2016-06-16 12:48:58	project/cmake/cpack/deb/postinst	False	True	True	True
9987	hudokkow	2016-06-16 12:37:13	notspiff	2016-06-16 12:48:58	project/cmake/cpack/deb/postrm	False	True	True	True
9987	hudokkow	2016-06-16 12:37:13	notspiff	2016-06-16 12:48:58	project/cmake/cpack/CPackConfigDEB.cmake	True	True	True	True
9987	hudokkow	2016-06-16 12:37:13	notspiff	2016-06-16 12:51:21	project/cmake/cpack/deb/packages/kodi-audio-dev.txt.in	False	True	True	True
9987	hudokkow	2016-06-16 12:37:13	notspiff	2016-06-16 12:48:58	project/cmake/installdata/cmake-files.txt	True	True	True	True
9987	hudokkow	2016-06-16 12:37:13	notspiff	2016-06-16 12:48:58	project/cmake/cpack/deb/packages/kodi-eventclients-dev.txt.in	False	True	True	True
9987	hudokkow	2016-06-16 12:37:13	notspiff	2016-06-16 12:48:58	project/cmake/CMakeLists.txt	True	True	True	True
9987	hudokkow	2016-06-16 12:37:13	notspiff	2016-06-16 12:51:21	project/cmake/cpack/deb/packages/kodi.txt.in	False	True	True	True
9987	hudokkow	2016-06-16 12:37:13	notspiff	2016-06-16 12:48:58	tools/EventClients/Clients/WiiRemote/CMakeLists.txt	False	True	True	True
9987	hudokkow	2016-06-16 12:37:13	notspiff	2016-06-16 12:51:21	project/cmake/cpack/deb/packages/kodi-bin.txt.in	False	True	True	True
9987	hudokkow	2016-06-16 12:37:13	notspiff	2016-06-16 12:51:21	project/cmake/cpack/deb/packages/kodi-eventclients-common.txt.in	False	True	True	True
9987	hudokkow	2016-06-16 12:37:13	notspiff	2016-06-16 12:51:21	project/cmake/cpack/deb/packages/kodi-eventclients-dev.txt.in	False	True	True	True
9987	hudokkow	2016-06-16 12:37:13	notspiff	2016-06-16 12:51:21	project/cmake/cpack/deb/packages/kodi-eventclients-ps3.txt.in	False	True	True	True
9987	hudokkow	2016-06-16 12:37:13	notspiff	2016-06-16 12:51:21	project/cmake/cpack/deb/packages/kodi-eventclients-wiiremote.txt.in	False	True	True	True
9987	hudokkow	2016-06-16 12:37:13	notspiff	2016-06-16 12:51:21	project/cmake/cpack/deb/packages/kodi-eventclients-xbmc-send.txt.in	False	True	True	True
9987	hudokkow	2016-06-16 12:37:13	notspiff	2016-06-16 12:51:21	project/cmake/cpack/deb/packages/kodi-inputstream-dev.txt.in	False	True	True	True
9987	hudokkow	2016-06-16 12:37:13	notspiff	2016-06-16 12:51:21	project/cmake/cpack/deb/packages/kodi-pvr-dev.txt.in	False	True	True	True
9987	hudokkow	2016-06-16 12:37:13	notspiff	2016-06-16 12:51:21	project/cmake/cpack/deb/packages/kodi-screensaver-dev.txt.in	False	True	True	True
9987	hudokkow	2016-06-16 12:37:13	notspiff	2016-06-16 12:51:21	project/cmake/cpack/deb/packages/kodi-visualization-dev.txt.in	False	True	True	True
9987	hudokkow	2016-06-16 12:37:13	notspiff	2016-06-16 12:51:21	project/cmake/cpack/deb/packages/kodi-tools-texturepacker.txt.in	False	True	True	True
9987	hudokkow	2016-06-16 12:37:13	notspiff	2016-06-16 12:51:21	project/cmake/cpack/deb/postinst	False	True	True	True
9987	hudokkow	2016-06-16 12:37:13	notspiff	2016-06-16 12:48:58	project/cmake/XBMCConfig.cmake.in	False	True	True	True
9987	hudokkow	2016-06-16 12:37:13	notspiff	2016-06-16 12:48:58	project/cmake/modules/FindCWiid.cmake	False	True	True	True
9987	hudokkow	2016-06-16 12:37:13	notspiff	2016-06-16 12:48:58	project/cmake/modules/FindBluetooth.cmake	False	True	True	True
9987	hudokkow	2016-06-16 12:37:13	notspiff	2016-06-16 12:48:58	project/cmake/CMakeLists.txt	False	True	True	True
9987	hudokkow	2016-06-16 12:37:13	notspiff	2016-06-16 12:48:58	project/cmake/scripts/common/PrepareEnv.cmake	False	True	True	True
9987	hudokkow	2016-06-16 12:37:13	notspiff	2016-06-16 12:48:58	project/cmake/scripts/common/Macros.cmake	True	True	True	True
9987	hudokkow	2016-06-16 12:37:13	notspiff	2016-06-16 12:48:58	configure.ac	False	True	True	True
9987	hudokkow	2016-06-16 12:37:13	notspiff	2016-06-16 12:48:58	.gitignore	False	True	True	True
9987	hudokkow	2016-06-16 12:37:13	notspiff	2016-06-16 12:51:21	project/cmake/cpack/CPackConfigDEB.cmake	True	True	True	True
9987	hudokkow	2016-06-16 12:37:13	notspiff	2016-06-16 12:51:21	project/cmake/cpack/deb/postrm	False	True	True	True
9984	notspiff	2016-06-15 21:16:02	phil65	2016-06-16 07:37:26	addons/metadata.demo.albums/addon.xml	True	True	True	True
9984	notspiff	2016-06-15 21:16:02	phil65	2016-06-16 07:37:26	addons/metadata.demo.tv/addon.xml	True	True	True	True
9984	notspiff	2016-06-15 21:16:02	phil65	2016-06-16 07:37:26	addons/metadata.demo.albums/demo.py	True	True	True	True
9984	notspiff	2016-06-15 21:16:02	phil65	2016-06-16 07:37:26	addons/metadata.demo.artists/addon.xml	True	True	True	True
9984	notspiff	2016-06-15 21:16:02	phil65	2016-06-16 07:37:26	addons/metadata.demo.artists/demo.py	True	True	True	True
9984	notspiff	2016-06-15 21:16:02	phil65	2016-06-16 07:37:26	addons/metadata.demo.movies/addon.xml	True	True	True	True
9984	notspiff	2016-06-15 21:16:02	phil65	2016-06-16 07:37:26	addons/metadata.demo.movies/demo.py	True	True	True	True
9984	notspiff	2016-06-15 21:16:02	phil65	2016-06-16 07:37:26	xbmc/interfaces/legacy/ListItem.h	True	True	True	True
9984	notspiff	2016-06-15 21:16:02	phil65	2016-06-16 07:37:26	addons/metadata.demo.tv/demo.py	True	True	True	True
9984	notspiff	2016-06-15 21:16:02	phil65	2016-06-16 07:37:26	xbmc/addons/Scraper.h	True	True	True	True
9984	notspiff	2016-06-15 21:16:02	phil65	2016-06-16 07:37:26	xbmc/interfaces/legacy/AddonUtils.h	True	True	True	True
9984	notspiff	2016-06-15 21:16:02	phil65	2016-06-16 07:37:26	xbmc/interfaces/legacy/ListItem.cpp	True	True	True	True
9984	notspiff	2016-06-15 21:16:02	phil65	2016-06-16 07:37:26	xbmc/addons/Scraper.cpp	True	True	True	True
9983	popcornmix	2016-06-15 19:28:57	FernetMenta	2016-06-15 19:36:39	xbmc/cores/VideoPlayer/VideoRenderers/OverlayRendererGUI.cpp	True	True	True	True
9971	tamland	2016-06-12 19:47:14	stefansaraev	2016-06-15 19:44:16	xbmc/addons/Repository.cpp	True	True	True	True
9971	tamland	2016-06-12 19:47:14	stefansaraev	2016-06-15 19:44:16	xbmc/addons/IAddon.h	True	True	True	True
9971	tamland	2016-06-12 19:47:14	stefansaraev	2016-06-15 19:44:16	xbmc/addons/AddonManager.cpp	True	True	True	True
9971	tamland	2016-06-12 19:47:14	stefansaraev	2016-06-15 19:44:16	xbmc/addons/AddonBuilder.h	True	True	True	True
9971	tamland	2016-06-12 19:47:14	stefansaraev	2016-06-15 19:44:16	xbmc/addons/Addon.h	True	True	True	True
9971	tamland	2016-06-12 19:47:14	stefansaraev	2016-06-15 19:44:16	xbmc/GUIInfoManager.cpp	True	True	True	True
9971	tamland	2016-06-12 19:47:14	stefansaraev	2016-06-15 19:44:16	xbmc/utils/StringUtils.h	True	True	True	True
9971	tamland	2016-06-12 19:47:14	stefansaraev	2016-06-15 19:44:16	xbmc/addons/AddonDatabase.h	True	True	True	True
9971	tamland	2016-06-12 19:47:14	stefansaraev	2016-06-15 19:44:16	xbmc/addons/AddonDatabase.cpp	True	True	True	True
9971	tamland	2016-06-12 19:47:14	stefansaraev	2016-06-15 19:44:16	xbmc/utils/StringUtils.cpp	True	True	True	True
9971	tamland	2016-06-12 19:47:14	stefansaraev	2016-06-15 19:44:16	xbmc/utils/JSONVariantParser.h	True	True	True	True
9971	tamland	2016-06-12 19:47:14	stefansaraev	2016-06-15 19:44:16	xbmc/utils/JSONVariantParser.cpp	True	True	True	True
9971	tamland	2016-06-12 19:47:14	stefansaraev	2016-06-15 19:44:16	xbmc/utils/test/TestStringUtils.cpp	True	True	True	True
9971	tamland	2016-06-12 19:47:14	stefansaraev	2016-06-15 19:44:16	xbmc/guiinfo/GUIInfoLabels.h	True	True	True	True
9971	tamland	2016-06-12 19:47:14	fritsch	2016-06-12 20:20:25	xbmc/addons/AddonBuilder.h	True	True	True	True
9971	tamland	2016-06-12 19:47:14	fritsch	2016-06-12 20:20:25	xbmc/utils/JSONVariantParser.cpp	True	True	True	True
9971	tamland	2016-06-12 19:47:14	fritsch	2016-06-12 20:20:25	xbmc/utils/StringUtils.cpp	True	True	True	True
9971	tamland	2016-06-12 19:47:14	fritsch	2016-06-12 20:20:25	xbmc/utils/StringUtils.h	True	True	True	True
9971	tamland	2016-06-12 19:47:14	fritsch	2016-06-12 20:20:25	xbmc/addons/AddonDatabase.cpp	True	True	True	True
9971	tamland	2016-06-12 19:47:14	fritsch	2016-06-12 20:20:25	xbmc/addons/AddonDatabase.h	True	True	True	True
9971	tamland	2016-06-12 19:47:14	fritsch	2016-06-12 20:20:25	xbmc/addons/Repository.cpp	True	True	True	True
9971	tamland	2016-06-12 19:47:14	fritsch	2016-06-12 20:20:25	xbmc/GUIInfoManager.cpp	True	True	True	True
9971	tamland	2016-06-12 19:47:14	fritsch	2016-06-12 20:20:25	xbmc/addons/Addon.h	True	True	True	True
9971	tamland	2016-06-12 19:47:14	fritsch	2016-06-12 20:20:25	xbmc/utils/JSONVariantParser.h	True	True	True	True
9971	tamland	2016-06-12 19:47:14	fritsch	2016-06-12 20:20:25	xbmc/addons/AddonManager.cpp	True	True	True	True
9971	tamland	2016-06-12 19:47:14	fritsch	2016-06-12 20:20:25	xbmc/addons/IAddon.h	True	True	True	True
9971	tamland	2016-06-12 19:47:14	fritsch	2016-06-12 20:20:25	xbmc/guiinfo/GUIInfoLabels.h	True	True	True	True
9971	tamland	2016-06-12 19:47:14	fritsch	2016-06-12 20:20:25	xbmc/utils/test/TestStringUtils.cpp	True	True	True	True
9962	Paxxi	2016-06-12 12:58:54	afedchin	2016-06-12 19:10:44	xbmc/rendering/dx/RenderSystemDX.h	False	True	True	True
9962	Paxxi	2016-06-12 12:58:54	afedchin	2016-06-12 19:10:44	xbmc/rendering/dx/RenderSystemDX.cpp	False	True	True	True
9962	Paxxi	2016-06-12 12:58:54	afedchin	2016-06-12 19:10:44	xbmc/rendering/dx/RenderSystemDX.h	True	True	True	True
9962	Paxxi	2016-06-12 12:58:54	afedchin	2016-06-12 19:10:44	xbmc/rendering/dx/RenderSystemDX.cpp	True	True	True	True
9954	fetzerch	2016-06-11 19:41:25	wsnipex	2016-06-12 08:48:18	project/cmake/scripts/osx/Macros.cmake	True	True	True	True
9954	fetzerch	2016-06-11 19:41:25	wsnipex	2016-06-12 08:48:18	project/cmake/scripts/common/GeneratorSetup.cmake	True	True	True	True
9954	fetzerch	2016-06-11 19:41:25	wsnipex	2016-06-12 08:48:18	project/cmake/modules/FindLibDvd.cmake	True	True	True	True
9954	fetzerch	2016-06-11 19:41:25	wsnipex	2016-06-12 08:48:18	project/cmake/modules/FindD3DX11Effects.cmake	True	True	True	True
9954	fetzerch	2016-06-11 19:41:25	wsnipex	2016-06-12 08:48:18	project/cmake/modules/FindCrossGUID.cmake	True	True	True	True
9944	ghost	2016-06-10 21:06:58	FernetMenta	2016-06-11 04:50:42	xbmc/cores/VideoPlayer/VideoPlayer.cpp	False	True	True	True
9944	ghost	2016-06-10 21:06:58	FernetMenta	2016-06-14 15:39:15	xbmc/cores/VideoPlayer/VideoPlayer.cpp	False	True	True	True
9935	beedaddy	2016-06-09 08:22:22	fritsch	2016-06-09 08:30:28	xbmc/music/tags/TagLoaderTagLib.cpp	True	True	True	True
9929	oskvadd	2016-06-07 00:12:28	garbear	2017-11-29 16:17:49	xbmc/Util.h	False	True	True	True
9929	oskvadd	2016-06-07 00:12:28	fritsch	2016-06-07 05:12:32	xbmc/Util.h	False	True	True	True
9929	oskvadd	2016-06-07 00:12:28	garbear	2017-11-29 16:17:49	xbmc/Util.cpp	False	True	True	True
9929	oskvadd	2016-06-07 00:12:28	fritsch	2016-06-07 05:12:32	xbmc/Util.cpp	False	True	True	True
9929	oskvadd	2016-06-07 00:12:28	garbear	2017-11-29 16:18:27	xbmc/Util.cpp	False	True	True	True
9929	oskvadd	2016-06-07 00:12:28	garbear	2017-11-29 16:18:27	xbmc/Util.h	False	True	True	True
9925	oskvadd	2016-06-06 16:51:36	akva2	2016-06-09 15:40:36	lib/UnrarXLib/volume.cpp	True	True	True	True
9924	fetzerch	2016-06-06 06:51:28	akva2	2016-06-09 15:29:19	project/cmake/scripts/linux/ArchSetup.cmake	True	True	True	True
9924	fetzerch	2016-06-06 06:51:28	akva2	2016-06-09 15:29:19	project/cmake/modules/LDGOLD.cmake	True	True	True	True
9923	phate89	2016-06-05 23:34:14	fritsch	2016-06-06 04:35:41	xbmc/video/VideoDatabase.h	True	True	True	True
9923	phate89	2016-06-05 23:34:14	fritsch	2016-06-06 04:35:41	xbmc/video/VideoDatabase.cpp	True	True	True	True
9915	fritsch	2016-06-05 12:05:24	MartijnKaijser	2016-06-05 12:06:50	addons/resource.language.en_gb/resources/strings.po	True	True	True	True
9915	fritsch	2016-06-05 12:05:24	MrMC	2016-06-05 13:44:17	addons/resource.language.en_gb/resources/strings.po	True	True	True	True
9915	fritsch	2016-06-05 12:05:24	MrMC	2016-06-05 13:44:17	system/settings/settings.xml	True	True	True	True
9915	fritsch	2016-06-05 12:05:24	MartijnKaijser	2016-06-05 12:06:50	system/settings/settings.xml	True	True	True	True
9897	BigNoid	2016-06-02 08:59:49	AlwinEsch	2016-06-02 11:22:52	addons/skin.estuary/1080i/Includes.xml	True	True	True	True
9897	BigNoid	2016-06-02 08:59:49	AlwinEsch	2016-06-02 11:22:52	xbmc/settings/dialogs/GUIDialogAudioDSPManager.cpp	True	True	True	True
9896	codesnake	2016-06-01 23:37:27	fritsch	2016-06-02 15:10:41	xbmc/utils/AMLUtils.cpp	True	True	True	True
9896	codesnake	2016-06-01 23:37:27	fritsch	2016-06-02 15:10:41	xbmc/cores/VideoPlayer/DVDCodecs/Video/AMLCodec.h	True	True	True	True
9896	codesnake	2016-06-01 23:37:27	fritsch	2016-06-02 15:10:41	xbmc/cores/VideoPlayer/DVDCodecs/Video/DVDVideoCodecAmlogic.cpp	True	True	True	True
9896	codesnake	2016-06-01 23:37:27	fritsch	2016-06-02 15:10:41	xbmc/cores/VideoPlayer/DVDCodecs/Video/AMLCodec.cpp	True	True	True	True
9896	codesnake	2016-06-01 23:37:27	fritsch	2016-06-02 15:10:41	xbmc/cores/VideoPlayer/DVDCodecs/Video/DVDVideoCodecAmlogic.h	True	True	True	True
9896	codesnake	2016-06-01 23:37:27	fritsch	2016-06-02 15:10:41	xbmc/cores/VideoPlayer/VideoRenderers/HwDecRender/RendererAML.cpp	True	True	True	True
9896	codesnake	2016-06-01 23:37:27	fritsch	2016-06-02 15:10:41	xbmc/cores/VideoPlayer/VideoRenderers/HwDecRender/RendererAML.h	True	True	True	True
9896	codesnake	2016-06-01 23:37:27	fritsch	2016-06-02 15:07:33	xbmc/cores/VideoPlayer/VideoRenderers/HwDecRender/RendererAML.cpp	True	True	True	True
9896	codesnake	2016-06-01 23:37:27	fritsch	2016-06-02 15:07:33	xbmc/cores/VideoPlayer/DVDCodecs/Video/AMLCodec.cpp	True	True	True	True
9896	codesnake	2016-06-01 23:37:27	fritsch	2016-06-02 15:07:33	xbmc/cores/VideoPlayer/DVDCodecs/Video/AMLCodec.h	True	True	True	True
9896	codesnake	2016-06-01 23:37:27	fritsch	2016-06-02 15:07:33	xbmc/cores/VideoPlayer/DVDCodecs/Video/DVDVideoCodecAmlogic.cpp	True	True	True	True
9896	codesnake	2016-06-01 23:37:27	fritsch	2016-06-02 15:07:33	xbmc/cores/VideoPlayer/DVDCodecs/Video/DVDVideoCodecAmlogic.h	True	True	True	True
9896	codesnake	2016-06-01 23:37:27	fritsch	2016-06-02 15:07:33	xbmc/cores/VideoPlayer/VideoRenderers/HwDecRender/RendererAML.h	True	True	True	True
9896	codesnake	2016-06-01 23:37:27	fritsch	2016-06-02 15:07:33	xbmc/utils/AMLUtils.cpp	True	True	True	True
