pr_number	author_user_login	pr_created_at	review_user_login	review_created_at	filename	create_before_pr	has_issue_comment	has_review_comment	has_commit
8320	razzeee	2015-10-30 00:18:24	phil65	2015-10-30 02:47:17	addons/resource.language.en_gb/resources/strings.po	False	True	True	True
8320	razzeee	2015-10-30 00:18:24	phil65	2015-10-30 02:47:17	addons/skin.confluence/720p/DialogContentSettings.xml	False	True	True	True
8320	razzeee	2015-10-30 00:18:24	phil65	2015-10-30 02:47:17	xbmc/addons/GUIWindowAddonBrowser.h	True	True	True	True
8320	razzeee	2015-10-30 00:18:24	phil65	2015-10-30 02:47:17	xbmc/settings/dialogs/GUIDialogContentSettings.cpp	True	True	True	True
8320	razzeee	2015-10-30 00:18:24	phil65	2015-10-30 02:47:17	xbmc/settings/dialogs/GUIDialogContentSettings.h	True	True	True	True
8309	mkortstiege	2015-10-28 08:58:00	FernetMenta	2015-10-28 09:17:04	xbmc/utils/GlobalsHandling.h	True	True	True	True
8309	mkortstiege	2015-10-28 08:58:00	FernetMenta	2015-10-28 09:17:04	xbmc/utils/CharsetConverter.h	True	True	True	True
8309	mkortstiege	2015-10-28 08:58:00	FernetMenta	2015-10-28 09:17:04	xbmc/settings/AdvancedSettings.h	True	True	True	True
8309	mkortstiege	2015-10-28 08:58:00	FernetMenta	2015-10-28 09:17:04	xbmc/guilib/GraphicContext.h	True	True	True	True
8306	DaveTBlake	2015-10-27 19:48:52	razzeee	2015-10-27 21:18:18	xbmc/music/tags/MusicInfoTag.cpp	True	True	True	True
8306	DaveTBlake	2015-10-27 19:48:52	razzeee	2015-10-27 21:17:03	xbmc/music/Song.cpp	True	True	True	True
8306	DaveTBlake	2015-10-27 19:48:52	razzeee	2015-10-27 21:17:03	xbmc/music/MusicDatabase.h	True	True	True	True
8306	DaveTBlake	2015-10-27 19:48:52	razzeee	2015-10-27 21:17:03	xbmc/music/MusicDatabase.cpp	True	True	True	True
8306	DaveTBlake	2015-10-27 19:48:52	razzeee	2015-10-27 21:17:03	xbmc/music/Album.h	True	True	True	True
8306	DaveTBlake	2015-10-27 19:48:52	razzeee	2015-10-27 21:17:03	xbmc/music/Album.cpp	True	True	True	True
8306	DaveTBlake	2015-10-27 19:48:52	razzeee	2015-10-27 21:17:03	xbmc/interfaces/json-rpc/schema/version.txt	True	True	True	True
8306	DaveTBlake	2015-10-27 19:48:52	razzeee	2015-10-27 21:17:03	xbmc/interfaces/json-rpc/AudioLibrary.h	True	True	True	True
8306	DaveTBlake	2015-10-27 19:48:52	razzeee	2015-10-27 21:17:03	xbmc/interfaces/json-rpc/AudioLibrary.cpp	True	True	True	True
8306	DaveTBlake	2015-10-27 19:48:52	razzeee	2015-10-27 21:18:18	xbmc/music/MusicDatabase.h	True	True	True	True
8306	DaveTBlake	2015-10-27 19:48:52	razzeee	2015-10-27 21:18:18	xbmc/music/Song.h	True	True	True	True
8306	DaveTBlake	2015-10-27 19:48:52	razzeee	2015-10-27 21:18:18	xbmc/music/Song.cpp	True	True	True	True
8306	DaveTBlake	2015-10-27 19:48:52	razzeee	2015-10-27 21:18:18	xbmc/music/MusicDatabase.cpp	True	True	True	True
8306	DaveTBlake	2015-10-27 19:48:52	razzeee	2015-10-27 21:18:18	xbmc/music/Album.h	True	True	True	True
8306	DaveTBlake	2015-10-27 19:48:52	razzeee	2015-10-27 21:18:18	xbmc/music/Album.cpp	True	True	True	True
8306	DaveTBlake	2015-10-27 19:48:52	razzeee	2015-10-27 21:18:18	xbmc/interfaces/json-rpc/schema/version.txt	True	True	True	True
8306	DaveTBlake	2015-10-27 19:48:52	razzeee	2015-10-27 21:18:18	xbmc/interfaces/json-rpc/AudioLibrary.cpp	True	True	True	True
8306	DaveTBlake	2015-10-27 19:48:52	razzeee	2015-10-27 21:18:18	xbmc/interfaces/json-rpc/AudioLibrary.h	True	True	True	True
8306	DaveTBlake	2015-10-27 19:48:52	razzeee	2015-10-27 21:17:03	xbmc/music/tags/MusicInfoTag.cpp	True	True	True	True
8306	DaveTBlake	2015-10-27 19:48:52	razzeee	2015-10-27 21:17:03	xbmc/music/Song.h	True	True	True	True
8306	DaveTBlake	2015-10-27 19:48:52	razzeee	2015-10-27 21:06:49	xbmc/music/Song.h	True	True	True	True
8306	DaveTBlake	2015-10-27 19:48:52	razzeee	2015-10-27 21:13:04	xbmc/interfaces/json-rpc/AudioLibrary.cpp	True	True	True	True
8306	DaveTBlake	2015-10-27 19:48:52	razzeee	2015-10-27 21:06:49	xbmc/interfaces/json-rpc/AudioLibrary.cpp	True	True	True	True
8306	DaveTBlake	2015-10-27 19:48:52	razzeee	2015-10-27 21:13:04	xbmc/interfaces/json-rpc/AudioLibrary.h	True	True	True	True
8306	DaveTBlake	2015-10-27 19:48:52	razzeee	2015-10-27 21:06:49	xbmc/music/tags/MusicInfoTag.cpp	True	True	True	True
8306	DaveTBlake	2015-10-27 19:48:52	razzeee	2015-10-27 21:06:49	xbmc/music/Song.cpp	True	True	True	True
8306	DaveTBlake	2015-10-27 19:48:52	razzeee	2015-10-27 21:06:49	xbmc/music/MusicDatabase.h	True	True	True	True
8306	DaveTBlake	2015-10-27 19:48:52	razzeee	2015-10-27 21:06:49	xbmc/music/MusicDatabase.cpp	True	True	True	True
8306	DaveTBlake	2015-10-27 19:48:52	razzeee	2015-10-27 21:06:49	xbmc/music/Album.cpp	True	True	True	True
8306	DaveTBlake	2015-10-27 19:48:52	razzeee	2015-10-27 21:06:49	xbmc/interfaces/json-rpc/schema/version.txt	True	True	True	True
8306	DaveTBlake	2015-10-27 19:48:52	razzeee	2015-10-27 21:06:49	xbmc/interfaces/json-rpc/AudioLibrary.h	True	True	True	True
8306	DaveTBlake	2015-10-27 19:48:52	razzeee	2015-10-27 21:06:49	xbmc/music/Album.h	True	True	True	True
8306	DaveTBlake	2015-10-27 19:48:52	razzeee	2015-10-27 21:13:04	xbmc/music/tags/MusicInfoTag.cpp	True	True	True	True
8306	DaveTBlake	2015-10-27 19:48:52	razzeee	2015-10-27 21:13:04	xbmc/music/MusicDatabase.cpp	True	True	True	True
8306	DaveTBlake	2015-10-27 19:48:52	razzeee	2015-10-27 21:13:04	xbmc/music/Song.h	True	True	True	True
8306	DaveTBlake	2015-10-27 19:48:52	razzeee	2015-10-27 21:13:04	xbmc/music/Album.cpp	True	True	True	True
8306	DaveTBlake	2015-10-27 19:48:52	razzeee	2015-10-27 21:13:04	xbmc/music/Album.h	True	True	True	True
8306	DaveTBlake	2015-10-27 19:48:52	razzeee	2015-10-27 21:13:04	xbmc/interfaces/json-rpc/schema/version.txt	True	True	True	True
8306	DaveTBlake	2015-10-27 19:48:52	razzeee	2015-10-27 21:13:04	xbmc/music/MusicDatabase.h	True	True	True	True
8306	DaveTBlake	2015-10-27 19:48:52	razzeee	2015-10-27 21:13:04	xbmc/music/Song.cpp	True	True	True	True
8300	koying	2015-10-26 11:34:30	MrMC	2015-10-26 13:30:26	xbmc/android/jni/PackageItemInfo.cpp	True	True	True	True
8300	koying	2015-10-26 11:34:30	MrMC	2015-10-26 13:30:26	xbmc/android/activity/XBMCApp.cpp	True	True	True	True
8300	koying	2015-10-26 11:34:30	MrMC	2015-10-26 13:30:26	xbmc/android/activity/XBMCApp.h	True	True	True	True
8300	koying	2015-10-26 11:34:30	MrMC	2015-10-26 13:30:26	xbmc/android/jni/ApplicationInfo.cpp	True	True	True	True
8300	koying	2015-10-26 11:34:30	MrMC	2015-10-26 13:30:26	xbmc/android/jni/ApplicationInfo.h	True	True	True	True
8300	koying	2015-10-26 11:34:30	MrMC	2015-10-26 13:30:26	xbmc/android/jni/Context.cpp	True	True	True	True
8300	koying	2015-10-26 11:34:30	MrMC	2015-10-26 13:30:26	xbmc/android/jni/DisplayMetrics.cpp	True	True	True	True
8300	koying	2015-10-26 11:34:30	MrMC	2015-10-26 13:30:26	xbmc/android/jni/DisplayMetrics.h	True	True	True	True
8300	koying	2015-10-26 11:34:30	MrMC	2015-10-26 13:30:26	xbmc/android/jni/Makefile.in	True	True	True	True
8300	koying	2015-10-26 11:34:30	MrMC	2015-10-26 13:30:26	xbmc/filesystem/AndroidAppFile.h	True	True	True	True
8300	koying	2015-10-26 11:34:30	MrMC	2015-10-26 13:30:26	xbmc/android/jni/PackageItemInfo.h	True	True	True	True
8300	koying	2015-10-26 11:34:30	MrMC	2015-10-26 13:30:26	xbmc/android/jni/PackageManager.cpp	True	True	True	True
8300	koying	2015-10-26 11:34:30	MrMC	2015-10-26 13:30:26	xbmc/android/jni/PackageManager.h	True	True	True	True
8300	koying	2015-10-26 11:34:30	MrMC	2015-10-26 13:30:26	xbmc/android/jni/Resources.cpp	True	True	True	True
8300	koying	2015-10-26 11:34:30	MrMC	2015-10-26 13:30:26	xbmc/android/jni/Resources.h	True	True	True	True
8300	koying	2015-10-26 11:34:30	MrMC	2015-10-26 13:30:26	xbmc/filesystem/AndroidAppFile.cpp	True	True	True	True
8300	koying	2015-10-26 11:34:30	MrMC	2015-10-26 13:30:26	xbmc/guilib/Texture.cpp	True	True	True	True
8296	HitcherUK	2015-10-25 21:55:06	phil65	2015-10-26 02:10:57	addons/skin.confluence/playlists/mostplayed_albums.xsp	True	True	True	True
8296	HitcherUK	2015-10-25 21:55:06	phil65	2015-10-26 02:10:57	addons/skin.confluence/720p/IncludesHomeRecentlyAdded.xml	True	True	True	True
8296	HitcherUK	2015-10-25 21:55:06	phil65	2015-10-26 02:10:57	addons/skin.confluence/720p/SkinSettings.xml	True	True	True	True
8296	HitcherUK	2015-10-25 21:55:06	phil65	2015-10-26 02:10:57	addons/skin.confluence/720p/includes.xml	True	True	True	True
8296	HitcherUK	2015-10-25 21:55:06	phil65	2015-10-26 02:10:57	addons/skin.confluence/language/resource.language.en_gb/strings.po	True	True	True	True
8296	HitcherUK	2015-10-25 21:55:06	phil65	2015-10-26 02:10:57	addons/skin.confluence/playlists/inprogress_movies.xsp	True	True	True	True
8296	HitcherUK	2015-10-25 21:55:06	phil65	2015-10-26 02:10:57	addons/skin.confluence/playlists/inprogress_tvshows.xsp	True	True	True	True
8296	HitcherUK	2015-10-25 21:55:06	phil65	2015-10-26 02:10:57	addons/skin.confluence/playlists/recent_episodes.xsp	True	True	True	True
8296	HitcherUK	2015-10-25 21:55:06	phil65	2015-10-26 02:10:57	addons/skin.confluence/playlists/random_albums.xsp	True	True	True	True
8296	HitcherUK	2015-10-25 21:55:06	phil65	2015-10-26 02:10:57	addons/skin.confluence/playlists/recent_albums.xsp	True	True	True	True
8296	HitcherUK	2015-10-25 21:55:06	phil65	2015-10-26 02:10:57	addons/skin.confluence/playlists/recent_movies.xsp	True	True	True	True
8296	HitcherUK	2015-10-25 21:55:06	phil65	2015-10-26 02:10:57	addons/skin.confluence/playlists/random_episodes.xsp	True	True	True	True
8296	HitcherUK	2015-10-25 21:55:06	phil65	2015-10-26 02:10:57	addons/skin.confluence/playlists/random_movies.xsp	True	True	True	True
8284	mkortstiege	2015-10-24 10:13:16	Montellese	2015-10-24 14:51:52	xbmc/video/windows/GUIWindowVideoBase.cpp	False	False	True	True
8284	mkortstiege	2015-10-24 10:13:16	Montellese	2015-10-24 15:07:09	xbmc/video/windows/GUIWindowVideoBase.cpp	False	False	True	True
8283	un1versal	2015-10-24 06:55:25	da-anda	2015-10-24 09:14:51	addons/resource.language.en_gb/resources/strings.po	True	True	True	True
8283	un1versal	2015-10-24 06:55:25	da-anda	2015-10-24 09:14:51	xbmc/video/dialogs/GUIDialogVideoSettings.cpp	True	True	True	True
8274	ksooo	2015-10-22 07:42:06	Montellese	2015-10-22 08:16:35	xbmc/epg/EpgContainer.cpp	True	True	True	True
8274	ksooo	2015-10-22 07:42:06	fritsch	2015-10-22 08:10:27	xbmc/epg/EpgContainer.cpp	True	True	True	True
8269	ksooo	2015-10-20 14:59:02	AlwinEsch	2015-10-20 22:33:00	addons/resource.language.en_gb/resources/strings.po	True	True	True	True
8269	ksooo	2015-10-20 14:59:02	AlwinEsch	2015-10-20 22:33:00	xbmc/pvr/windows/GUIWindowPVRSearch.cpp	True	True	True	True
8269	ksooo	2015-10-20 14:59:02	AlwinEsch	2015-10-20 22:33:00	xbmc/pvr/windows/GUIWindowPVRTimers.cpp	True	True	True	True
8269	ksooo	2015-10-20 14:59:02	AlwinEsch	2015-10-20 22:33:00	xbmc/pvr/windows/GUIWindowPVRChannels.cpp	True	True	True	True
8269	ksooo	2015-10-20 14:59:02	AlwinEsch	2015-10-20 22:33:00	xbmc/pvr/windows/GUIWindowPVRGuide.cpp	True	True	True	True
8269	ksooo	2015-10-20 14:59:02	AlwinEsch	2015-10-20 22:33:00	xbmc/pvr/windows/GUIWindowPVRRecordings.cpp	True	True	True	True
8269	ksooo	2015-10-20 14:59:02	da-anda	2015-10-20 15:35:14	xbmc/pvr/windows/GUIWindowPVRTimers.cpp	True	True	True	True
8269	ksooo	2015-10-20 14:59:02	da-anda	2015-10-20 15:35:14	addons/resource.language.en_gb/resources/strings.po	True	True	True	True
8269	ksooo	2015-10-20 14:59:02	da-anda	2015-10-20 15:35:14	xbmc/pvr/windows/GUIWindowPVRChannels.cpp	True	True	True	True
8269	ksooo	2015-10-20 14:59:02	da-anda	2015-10-20 15:35:14	xbmc/pvr/windows/GUIWindowPVRGuide.cpp	True	True	True	True
8269	ksooo	2015-10-20 14:59:02	da-anda	2015-10-20 15:35:14	xbmc/pvr/windows/GUIWindowPVRRecordings.cpp	True	True	True	True
8269	ksooo	2015-10-20 14:59:02	da-anda	2015-10-20 15:35:14	xbmc/pvr/windows/GUIWindowPVRSearch.cpp	True	True	True	True
8262	ksooo	2015-10-19 18:59:20	Jalle19	2015-10-20 06:44:16	xbmc/settings/Settings.cpp	True	True	True	True
8262	ksooo	2015-10-19 18:59:20	Jalle19	2015-10-20 06:44:16	project/VS2010Express/XBMC.vcxproj	False	True	True	True
8262	ksooo	2015-10-19 18:59:20	Jalle19	2015-10-20 06:44:16	project/VS2010Express/XBMC.vcxproj.filters	False	True	True	True
8262	ksooo	2015-10-19 18:59:20	Jalle19	2015-10-20 06:44:16	Kodi.xcodeproj/project.pbxproj	True	True	True	True
8262	ksooo	2015-10-19 18:59:20	Jalle19	2015-10-20 06:44:16	system/settings/settings.xml	True	True	True	True
8262	ksooo	2015-10-19 18:59:20	Jalle19	2015-10-20 06:44:16	xbmc/pvr/Makefile	True	True	True	True
8262	ksooo	2015-10-19 18:59:20	Jalle19	2015-10-20 06:44:16	xbmc/pvr/PVRSettings.cpp	True	True	True	True
8262	ksooo	2015-10-19 18:59:20	Jalle19	2015-10-20 06:44:16	xbmc/pvr/PVRSettings.h	True	True	True	True
8262	ksooo	2015-10-19 18:59:20	Jalle19	2015-10-20 06:44:16	xbmc/pvr/dialogs/GUIDialogPVRTimerSettings.cpp	True	True	True	True
8262	ksooo	2015-10-19 18:59:20	Jalle19	2015-10-20 06:44:16	xbmc/pvr/dialogs/GUIDialogPVRTimerSettings.h	True	True	True	True
8262	ksooo	2015-10-19 18:59:20	Jalle19	2015-10-20 06:40:33	xbmc/pvr/dialogs/GUIDialogPVRTimerSettings.h	True	True	True	True
8262	ksooo	2015-10-19 18:59:20	Jalle19	2015-10-20 06:40:33	project/VS2010Express/XBMC.vcxproj	False	True	True	True
8262	ksooo	2015-10-19 18:59:20	Jalle19	2015-10-20 06:40:33	xbmc/pvr/PVRSettings.cpp	True	True	True	True
8262	ksooo	2015-10-19 18:59:20	Jalle19	2015-10-20 06:40:33	xbmc/settings/Settings.cpp	True	True	True	True
8262	ksooo	2015-10-19 18:59:20	Jalle19	2015-10-20 06:40:33	xbmc/pvr/dialogs/GUIDialogPVRTimerSettings.cpp	True	True	True	True
8262	ksooo	2015-10-19 18:59:20	Jalle19	2015-10-20 06:40:33	xbmc/pvr/PVRSettings.h	True	True	True	True
8262	ksooo	2015-10-19 18:59:20	Jalle19	2015-10-20 06:40:33	project/VS2010Express/XBMC.vcxproj.filters	False	True	True	True
8262	ksooo	2015-10-19 18:59:20	Jalle19	2015-10-20 06:40:33	xbmc/pvr/Makefile	True	True	True	True
8262	ksooo	2015-10-19 18:59:20	Jalle19	2015-10-20 06:40:33	system/settings/settings.xml	True	True	True	True
8262	ksooo	2015-10-19 18:59:20	Jalle19	2015-10-20 06:40:33	Kodi.xcodeproj/project.pbxproj	True	True	True	True
8261	InuSasha	2015-10-19 16:11:01	razzeee	2015-10-19 21:48:39	xbmc/video/VideoDatabase.h	True	True	True	True
8261	InuSasha	2015-10-19 16:11:01	razzeee	2015-10-19 21:48:39	xbmc/filesystem/VideoDatabaseDirectory/DirectoryNode.cpp	True	True	True	True
8261	InuSasha	2015-10-19 16:11:01	razzeee	2015-10-19 21:48:39	xbmc/video/VideoDatabase.cpp	True	True	True	True
8261	InuSasha	2015-10-19 16:11:01	razzeee	2015-10-19 21:48:39	xbmc/video/GUIViewStateVideo.cpp	True	True	True	True
8261	InuSasha	2015-10-19 16:11:01	razzeee	2015-10-19 21:48:39	xbmc/filesystem/VideoDatabaseDirectory/QueryParams.cpp	True	True	True	True
8261	InuSasha	2015-10-19 16:11:01	razzeee	2015-10-19 21:48:39	xbmc/filesystem/VideoDatabaseDirectory/Makefile	True	True	True	True
8261	InuSasha	2015-10-19 16:11:01	razzeee	2015-10-19 21:48:39	xbmc/filesystem/VideoDatabaseDirectory/DirectoryNodeOverview.cpp	True	True	True	True
8261	InuSasha	2015-10-19 16:11:01	razzeee	2015-10-19 21:48:39	xbmc/filesystem/VideoDatabaseDirectory/DirectoryNodeInProgressTvShows.h	True	True	True	True
8261	InuSasha	2015-10-19 16:11:01	razzeee	2015-10-19 21:48:39	xbmc/filesystem/VideoDatabaseDirectory/DirectoryNodeInProgressTvShows.cpp	True	True	True	True
8261	InuSasha	2015-10-19 16:11:01	razzeee	2015-10-19 21:48:39	xbmc/filesystem/VideoDatabaseDirectory/DirectoryNodeGrouped.cpp	True	True	True	True
8261	InuSasha	2015-10-19 16:11:01	razzeee	2015-10-19 21:48:39	xbmc/filesystem/VideoDatabaseDirectory/DirectoryNode.h	True	True	True	True
8261	InuSasha	2015-10-19 16:11:01	razzeee	2015-10-19 21:48:39	project/VS2010Express/XBMC.vcxproj.filters	True	True	True	True
8261	InuSasha	2015-10-19 16:11:01	razzeee	2015-10-19 21:48:39	xbmc/filesystem/VideoDatabaseDirectory.cpp	True	True	True	True
8261	InuSasha	2015-10-19 16:11:01	razzeee	2015-10-19 21:48:39	system/library/video_flat/inprogressshows.xml	True	True	True	True
8261	InuSasha	2015-10-19 16:11:01	razzeee	2015-10-19 21:48:39	system/library/video/inprogressshows.xml	True	True	True	True
8261	InuSasha	2015-10-19 16:11:01	razzeee	2015-10-19 21:48:39	xbmc/video/windows/GUIWindowVideoNav.cpp	True	True	True	True
8261	InuSasha	2015-10-19 16:11:01	razzeee	2015-10-19 21:48:39	project/VS2010Express/XBMC.vcxproj	True	True	True	True
8261	InuSasha	2015-10-19 16:11:01	razzeee	2015-10-19 21:48:39	Kodi.xcodeproj/project.pbxproj	True	True	True	True
8261	InuSasha	2015-10-19 16:11:01	razzeee	2015-10-19 21:48:39	xbmc/interfaces/json-rpc/schema/version.txt	False	True	True	True
8261	InuSasha	2015-10-19 16:11:01	razzeee	2015-10-19 21:48:39	xbmc/interfaces/json-rpc/schema/methods.json	False	True	True	True
8261	InuSasha	2015-10-19 16:11:01	razzeee	2015-10-19 21:48:39	xbmc/interfaces/json-rpc/VideoLibrary.h	False	True	True	True
8261	InuSasha	2015-10-19 16:11:01	razzeee	2015-10-19 21:48:39	xbmc/interfaces/json-rpc/VideoLibrary.cpp	False	True	True	True
8261	InuSasha	2015-10-19 16:11:01	razzeee	2015-10-19 21:48:39	xbmc/interfaces/json-rpc/JSONServiceDescription.cpp	False	True	True	True
8261	InuSasha	2015-10-19 16:11:01	razzeee	2015-10-19 21:48:39	xbmc/video/VideoDbUrl.cpp	True	True	True	True
8261	InuSasha	2015-10-19 16:11:01	razzeee	2015-10-19 18:57:16	xbmc/interfaces/json-rpc/schema/methods.json	False	True	True	True
8261	InuSasha	2015-10-19 16:11:01	razzeee	2015-10-19 18:57:16	xbmc/interfaces/json-rpc/JSONServiceDescription.cpp	False	True	True	True
8261	InuSasha	2015-10-19 16:11:01	razzeee	2015-10-19 18:57:16	xbmc/filesystem/VideoDatabaseDirectory/DirectoryNodeGrouped.cpp	True	True	True	True
8261	InuSasha	2015-10-19 16:11:01	razzeee	2015-10-19 18:57:16	xbmc/video/windows/GUIWindowVideoNav.cpp	True	True	True	True
8261	InuSasha	2015-10-19 16:11:01	razzeee	2015-10-19 18:57:16	xbmc/video/VideoDbUrl.cpp	True	True	True	True
8261	InuSasha	2015-10-19 16:11:01	razzeee	2015-10-19 18:57:16	xbmc/video/VideoDatabase.h	True	True	True	True
8261	InuSasha	2015-10-19 16:11:01	razzeee	2015-10-19 18:57:16	xbmc/video/VideoDatabase.cpp	True	True	True	True
8261	InuSasha	2015-10-19 16:11:01	razzeee	2015-10-19 18:57:16	xbmc/video/GUIViewStateVideo.cpp	True	True	True	True
8261	InuSasha	2015-10-19 16:11:01	razzeee	2015-10-19 18:57:16	xbmc/filesystem/VideoDatabaseDirectory/QueryParams.cpp	True	True	True	True
8261	InuSasha	2015-10-19 16:11:01	razzeee	2015-10-19 18:57:16	xbmc/filesystem/VideoDatabaseDirectory/Makefile	True	True	True	True
8261	InuSasha	2015-10-19 16:11:01	razzeee	2015-10-19 18:57:16	xbmc/filesystem/VideoDatabaseDirectory/DirectoryNodeOverview.cpp	True	True	True	True
8261	InuSasha	2015-10-19 16:11:01	razzeee	2015-10-19 18:57:16	xbmc/filesystem/VideoDatabaseDirectory/DirectoryNodeInProgressTvShows.h	True	True	True	True
8261	InuSasha	2015-10-19 16:11:01	razzeee	2015-10-19 18:57:16	xbmc/interfaces/json-rpc/VideoLibrary.cpp	False	True	True	True
8261	InuSasha	2015-10-19 16:11:01	razzeee	2015-10-19 18:57:16	xbmc/filesystem/VideoDatabaseDirectory/DirectoryNodeInProgressTvShows.cpp	True	True	True	True
8261	InuSasha	2015-10-19 16:11:01	razzeee	2015-10-19 18:57:16	xbmc/filesystem/VideoDatabaseDirectory/DirectoryNode.h	True	True	True	True
8261	InuSasha	2015-10-19 16:11:01	razzeee	2015-10-19 18:57:16	xbmc/filesystem/VideoDatabaseDirectory/DirectoryNode.cpp	True	True	True	True
8261	InuSasha	2015-10-19 16:11:01	razzeee	2015-10-19 18:57:16	xbmc/filesystem/VideoDatabaseDirectory.cpp	True	True	True	True
8261	InuSasha	2015-10-19 16:11:01	razzeee	2015-10-19 18:57:16	system/library/video_flat/inprogressshows.xml	True	True	True	True
8261	InuSasha	2015-10-19 16:11:01	razzeee	2015-10-19 18:57:16	system/library/video/inprogressshows.xml	True	True	True	True
8261	InuSasha	2015-10-19 16:11:01	razzeee	2015-10-19 18:57:16	project/VS2010Express/XBMC.vcxproj.filters	True	True	True	True
8261	InuSasha	2015-10-19 16:11:01	razzeee	2015-10-19 18:57:16	project/VS2010Express/XBMC.vcxproj	True	True	True	True
8261	InuSasha	2015-10-19 16:11:01	razzeee	2015-10-19 18:57:16	Kodi.xcodeproj/project.pbxproj	True	True	True	True
8261	InuSasha	2015-10-19 16:11:01	razzeee	2015-10-19 18:57:16	xbmc/interfaces/json-rpc/schema/version.txt	False	True	True	True
8261	InuSasha	2015-10-19 16:11:01	razzeee	2015-10-19 18:57:16	xbmc/interfaces/json-rpc/VideoLibrary.h	False	True	True	True
8256	koying	2015-10-19 09:04:47	tamland	2015-10-20 16:53:02	xbmc/settings/Settings.h	True	True	True	True
8256	koying	2015-10-19 09:04:47	tamland	2015-10-20 16:53:02	addons/resource.language.en_gb/resources/strings.po	True	True	True	True
8256	koying	2015-10-19 09:04:47	tamland	2015-10-20 16:53:02	xbmc/settings/Settings.cpp	True	True	True	True
8256	koying	2015-10-19 09:04:47	tamland	2015-10-20 16:53:02	system/settings/settings.xml	True	True	True	True
8256	koying	2015-10-19 09:04:47	tamland	2015-10-20 16:53:02	xbmc/video/VideoDatabase.cpp	True	True	True	True
8256	koying	2015-10-19 09:04:47	tamland	2015-10-20 16:53:02	xbmc/video/VideoInfoScanner.cpp	True	True	True	True
8251	stefansaraev	2015-10-18 18:42:22	wsnipex	2015-10-19 07:40:00	tools/depends/native/TexturePacker/src/TexturePacker.cpp	True	True	True	True
8251	stefansaraev	2015-10-18 18:42:22	wsnipex	2015-10-19 07:40:00	addons/skin.confluence/media/Makefile.in	True	True	True	True
8246	Jalle19	2015-10-18 10:48:28	metaron-uk	2015-10-18 18:04:46	xbmc/pvr/dialogs/GUIDialogPVRTimerSettings.cpp	True	True	True	True
8246	Jalle19	2015-10-18 10:48:28	metaron-uk	2015-10-18 18:04:46	system/settings/settings.xml	True	True	True	True
8246	Jalle19	2015-10-18 10:48:28	metaron-uk	2015-10-18 17:55:43	xbmc/pvr/dialogs/GUIDialogPVRTimerSettings.cpp	True	True	True	True
8246	Jalle19	2015-10-18 10:48:28	metaron-uk	2015-10-18 17:55:43	system/settings/settings.xml	True	True	True	True
8238	MaxKellermann	2015-10-16 21:58:11	Jalle19	2015-10-17 05:25:53	xbmc/pvr/channels/PVRChannelGroupInternal.cpp	True	True	True	True
8238	MaxKellermann	2015-10-16 21:58:11	Jalle19	2015-10-17 05:26:54	xbmc/epg/EpgDatabase.h	True	True	True	True
8238	MaxKellermann	2015-10-16 21:58:11	Jalle19	2015-10-17 05:26:54	xbmc/epg/EpgDatabase.cpp	True	True	True	True
8238	MaxKellermann	2015-10-16 21:58:11	Jalle19	2015-10-17 05:26:54	xbmc/epg/EpgContainer.h	True	True	True	True
8238	MaxKellermann	2015-10-16 21:58:11	Jalle19	2015-10-17 05:26:54	xbmc/epg/EpgContainer.cpp	True	True	True	True
8238	MaxKellermann	2015-10-16 21:58:11	Jalle19	2015-10-17 05:26:54	xbmc/epg/Epg.h	True	True	True	True
8238	MaxKellermann	2015-10-16 21:58:11	Jalle19	2015-10-17 05:25:53	xbmc/pvr/windows/GUIWindowPVRBase.cpp	True	True	True	True
8238	MaxKellermann	2015-10-16 21:58:11	Jalle19	2015-10-17 05:25:53	xbmc/pvr/timers/PVRTimers.cpp	True	True	True	True
8238	MaxKellermann	2015-10-16 21:58:11	Jalle19	2015-10-17 05:25:53	xbmc/epg/EpgDatabase.h	True	True	True	True
8238	MaxKellermann	2015-10-16 21:58:11	Jalle19	2015-10-17 05:25:53	xbmc/pvr/channels/PVRChannelGroup.cpp	True	True	True	True
8238	MaxKellermann	2015-10-16 21:58:11	Jalle19	2015-10-17 05:25:53	xbmc/pvr/channels/PVRChannel.cpp	True	True	True	True
8238	MaxKellermann	2015-10-16 21:58:11	Jalle19	2015-10-17 05:25:53	xbmc/interfaces/json-rpc/PVROperations.cpp	True	True	True	True
8238	MaxKellermann	2015-10-16 21:58:11	Jalle19	2015-10-17 05:26:54	xbmc/pvr/channels/PVRChannel.cpp	True	True	True	True
8238	MaxKellermann	2015-10-16 21:58:11	Jalle19	2015-10-17 05:25:53	xbmc/epg/EpgDatabase.cpp	True	True	True	True
8238	MaxKellermann	2015-10-16 21:58:11	Jalle19	2015-10-17 05:25:53	xbmc/epg/EpgContainer.h	True	True	True	True
8238	MaxKellermann	2015-10-16 21:58:11	Jalle19	2015-10-17 05:25:53	xbmc/epg/EpgContainer.cpp	True	True	True	True
8238	MaxKellermann	2015-10-16 21:58:11	Jalle19	2015-10-17 05:25:53	xbmc/epg/Epg.h	True	True	True	True
8238	MaxKellermann	2015-10-16 21:58:11	Jalle19	2015-10-17 05:26:54	xbmc/interfaces/json-rpc/PVROperations.cpp	True	True	True	True
8238	MaxKellermann	2015-10-16 21:58:11	Jalle19	2015-10-17 05:25:53	xbmc/pvr/channels/PVRChannel.h	True	True	True	True
8238	MaxKellermann	2015-10-16 21:58:11	Jalle19	2015-10-17 05:26:54	xbmc/pvr/channels/PVRChannel.h	True	True	True	True
8238	MaxKellermann	2015-10-16 21:58:11	Jalle19	2015-10-17 05:27:46	xbmc/epg/EpgDatabase.h	True	True	True	True
8238	MaxKellermann	2015-10-16 21:58:11	Jalle19	2015-10-17 05:27:46	xbmc/pvr/windows/GUIWindowPVRBase.cpp	True	True	True	True
8238	MaxKellermann	2015-10-16 21:58:11	Jalle19	2015-10-17 05:27:46	xbmc/pvr/timers/PVRTimers.cpp	True	True	True	True
8238	MaxKellermann	2015-10-16 21:58:11	Jalle19	2015-10-17 05:27:46	xbmc/pvr/channels/PVRChannelGroupInternal.cpp	True	True	True	True
8238	MaxKellermann	2015-10-16 21:58:11	Jalle19	2015-10-17 05:27:46	xbmc/pvr/channels/PVRChannelGroup.cpp	True	True	True	True
8238	MaxKellermann	2015-10-16 21:58:11	Jalle19	2015-10-17 05:27:46	xbmc/pvr/channels/PVRChannel.h	True	True	True	True
8238	MaxKellermann	2015-10-16 21:58:11	Jalle19	2015-10-17 05:27:46	xbmc/interfaces/json-rpc/PVROperations.cpp	True	True	True	True
8238	MaxKellermann	2015-10-16 21:58:11	Jalle19	2015-10-17 05:27:46	xbmc/pvr/channels/PVRChannel.cpp	True	True	True	True
8238	MaxKellermann	2015-10-16 21:58:11	Jalle19	2015-10-17 05:27:46	xbmc/epg/EpgDatabase.cpp	True	True	True	True
8238	MaxKellermann	2015-10-16 21:58:11	Jalle19	2015-10-17 05:27:46	xbmc/epg/EpgContainer.h	True	True	True	True
8238	MaxKellermann	2015-10-16 21:58:11	Jalle19	2015-10-17 05:27:46	xbmc/epg/EpgContainer.cpp	True	True	True	True
8238	MaxKellermann	2015-10-16 21:58:11	Jalle19	2015-10-17 05:27:46	xbmc/epg/Epg.h	True	True	True	True
8238	MaxKellermann	2015-10-16 21:58:11	Jalle19	2015-10-17 05:26:54	xbmc/pvr/windows/GUIWindowPVRBase.cpp	True	True	True	True
8238	MaxKellermann	2015-10-16 21:58:11	Jalle19	2015-10-17 05:26:54	xbmc/pvr/timers/PVRTimers.cpp	True	True	True	True
8238	MaxKellermann	2015-10-16 21:58:11	Jalle19	2015-10-17 05:26:54	xbmc/pvr/channels/PVRChannelGroupInternal.cpp	True	True	True	True
8238	MaxKellermann	2015-10-16 21:58:11	Jalle19	2015-10-17 05:26:54	xbmc/pvr/channels/PVRChannelGroup.cpp	True	True	True	True
8233	razzeee	2015-10-16 09:20:54	Memphiz	2015-10-16 12:51:44	xbmc/utils/test/TestSystemInfo.cpp	True	True	True	True
8229	stefansaraev	2015-10-15 19:14:59	ksooo	2015-10-15 19:24:04	addons/skin.confluence/720p/IncludesHomeMenuItems.xml	True	True	True	True
8228	FernetMenta	2015-10-15 16:48:30	razzeee	2015-10-15 20:14:42	xbmc/windowing/osx/WinSystemOSX.mm	True	True	True	True
8228	FernetMenta	2015-10-15 16:48:30	razzeee	2015-10-15 20:14:42	xbmc/Application.cpp	True	True	True	True
8223	garbear	2015-10-14 22:27:48	Paxxi	2015-10-17 17:18:32	xbmc/filesystem/ZipManager.cpp	True	True	True	True
8223	garbear	2015-10-14 22:27:48	Paxxi	2015-10-17 17:18:32	xbmc/cores/DllLoader/Win32DllLoader.cpp	True	True	True	True
8223	garbear	2015-10-14 22:27:48	Paxxi	2015-10-17 17:18:32	xbmc/addons/AddonCallbacksAddon.cpp	True	True	True	True
8223	garbear	2015-10-14 22:27:48	arnova	2015-10-15 07:03:30	xbmc/addons/AddonCallbacksAddon.cpp	True	True	True	True
8223	garbear	2015-10-14 22:27:48	arnova	2015-10-15 07:03:30	xbmc/filesystem/ZipManager.cpp	True	True	True	True
8223	garbear	2015-10-14 22:27:48	arnova	2015-10-15 07:03:30	xbmc/cores/DllLoader/Win32DllLoader.cpp	True	True	True	True
8217	ksooo	2015-10-13 20:41:44	da-anda	2015-10-14 08:13:06	xbmc/pvr/windows/GUIWindowPVRSearch.cpp	True	True	True	True
8217	ksooo	2015-10-13 20:41:44	da-anda	2015-10-14 08:13:06	xbmc/pvr/windows/GUIWindowPVRGuide.cpp	True	True	True	True
8217	ksooo	2015-10-13 20:41:44	da-anda	2015-10-14 08:13:06	xbmc/pvr/dialogs/GUIDialogPVRGuideInfo.cpp	True	True	True	True
8217	ksooo	2015-10-13 20:41:44	da-anda	2015-10-14 08:13:06	xbmc/pvr/windows/GUIWindowPVRChannels.cpp	True	True	True	True
8217	ksooo	2015-10-13 20:41:44	da-anda	2015-10-14 08:13:06	addons/resource.language.en_gb/resources/strings.po	True	True	True	True
8217	ksooo	2015-10-13 20:41:44	da-anda	2015-10-14 08:13:06	xbmc/windows/GUIMediaWindow.cpp	False	True	True	True
8214	ace20022	2015-10-13 13:27:33	hudokkow	2015-10-13 16:07:06	Kodi.xcodeproj/project.pbxproj	False	True	True	True
8214	ace20022	2015-10-13 13:27:33	hudokkow	2015-10-13 16:07:06	xbmc/guilib/FFmpegImage.cpp	False	True	True	True
8214	ace20022	2015-10-13 13:27:33	hudokkow	2015-10-13 16:07:06	xbmc/guilib/imagefactory.cpp	True	True	True	True
8214	ace20022	2015-10-13 13:27:33	hudokkow	2015-10-13 16:07:06	xbmc/settings/AdvancedSettings.cpp	True	True	True	True
8214	ace20022	2015-10-13 13:27:33	hudokkow	2015-10-13 16:07:06	xbmc/utils/Mime.cpp	True	True	True	True
8214	ace20022	2015-10-13 13:27:33	hudokkow	2015-10-13 16:07:06	project/VS2010Express/XBMC.vcxproj.filters	False	True	True	True
8214	ace20022	2015-10-13 13:27:33	hudokkow	2015-10-13 16:07:06	project/VS2010Express/XBMC.vcxproj	False	True	True	True
8214	ace20022	2015-10-13 13:27:33	hudokkow	2015-10-13 16:07:06	xbmc/guilib/FFmpegImage.h	False	True	True	True
8214	ace20022	2015-10-13 13:27:33	hudokkow	2015-10-13 16:07:06	xbmc/guilib/Makefile.in	False	True	True	True
8212	notspiff	2015-10-12 13:41:43	Paxxi	2015-10-12 15:14:13	Kodi.xcodeproj/project.pbxproj	True	True	True	True
8212	notspiff	2015-10-12 13:41:43	Paxxi	2015-10-12 15:14:13	xbmc/cores/dvdplayer/DVDDemuxers/DVDDemuxFFmpeg.h	True	True	True	True
8212	notspiff	2015-10-12 13:41:43	Paxxi	2015-10-12 15:14:13	xbmc/cores/FFmpeg.h	True	True	True	True
8212	notspiff	2015-10-12 13:41:43	Paxxi	2015-10-12 15:14:13	xbmc/music/tags/MusicInfoTagLoaderFFmpeg.cpp	True	True	True	True
8212	notspiff	2015-10-12 13:41:43	Paxxi	2015-10-12 15:14:13	xbmc/music/tags/MusicInfoTagLoaderFactory.cpp	True	True	True	True
8212	notspiff	2015-10-12 13:41:43	Paxxi	2015-10-12 15:14:13	xbmc/music/tags/Makefile	True	True	True	True
8212	notspiff	2015-10-12 13:41:43	Paxxi	2015-10-12 15:14:13	project/VS2010Express/XBMC.vcxproj	True	True	True	True
8212	notspiff	2015-10-12 13:41:43	Paxxi	2015-10-12 15:14:13	xbmc/music/tags/MusicInfoTagLoaderFFmpeg.h	True	True	True	True
8212	notspiff	2015-10-12 13:41:43	Paxxi	2015-10-12 15:14:13	project/VS2010Express/XBMC.vcxproj.filters	True	True	True	True
8211	tamland	2015-10-12 13:20:35	Montellese	2015-10-12 13:26:20	xbmc/Application.cpp	True	True	True	True
8209	Montellese	2015-10-12 10:16:37	wsnipex	2015-10-14 07:44:04	project/cmake/addons/depends/common/kodi-platform/deps.txt	False	True	True	True
8209	Montellese	2015-10-12 10:16:37	wsnipex	2015-10-14 07:44:04	project/cmake/scripts/common/addon-helpers.cmake	False	True	True	True
8209	Montellese	2015-10-12 10:16:37	wsnipex	2015-10-14 07:44:04	project/cmake/addons/bootstrap/CMakeLists.txt	True	True	True	True
8209	Montellese	2015-10-12 10:16:37	wsnipex	2015-10-14 07:44:04	tools/buildsteps/win32/make-addons.bat	False	True	True	True
8209	Montellese	2015-10-12 10:16:37	wsnipex	2015-10-14 07:44:04	tools/buildsteps/win32/bootstrap-addons.bat	False	True	True	True
8205	DaveTBlake	2015-10-11 18:34:18	Montellese	2015-10-12 08:10:56	xbmc/windows/GUIMediaWindow.cpp	True	True	True	True
8205	DaveTBlake	2015-10-11 18:34:18	Montellese	2015-10-12 08:10:56	xbmc/music/windows/GUIWindowMusicNav.cpp	True	True	True	True
8205	DaveTBlake	2015-10-11 18:34:18	Montellese	2015-10-12 08:10:56	xbmc/music/GUIViewStateMusic.cpp	True	True	True	True
8203	InuSasha	2015-10-11 14:39:04	Montellese	2015-10-11 15:03:18	xbmc/interfaces/builtins/PlayerBuiltins.cpp	False	True	True	True
8203	InuSasha	2015-10-11 14:39:04	Montellese	2015-10-11 15:01:39	xbmc/interfaces/builtins/PlayerBuiltins.cpp	False	True	True	True
8203	InuSasha	2015-10-11 14:39:04	razzeee	2015-10-11 15:51:37	xbmc/interfaces/builtins/PlayerBuiltins.cpp	False	True	True	True
8199	FernetMenta	2015-10-11 11:42:06	Jalle19	2015-10-11 15:07:24	xbmc/pvr/channels/PVRChannel.h	True	True	True	True
8199	FernetMenta	2015-10-11 11:42:06	Jalle19	2015-10-11 15:07:24	xbmc/pvr/channels/PVRChannel.cpp	True	True	True	True
8199	FernetMenta	2015-10-11 11:42:06	Jalle19	2015-10-11 15:07:24	xbmc/pvr/PVRDatabase.cpp	True	True	True	True
8196	anaconda	2015-10-10 22:14:23	Montellese	2015-10-11 08:19:32	xbmc/interfaces/json-rpc/schema/version.txt	True	True	True	True
8196	anaconda	2015-10-10 22:14:23	Montellese	2015-10-11 08:19:32	xbmc/interfaces/json-rpc/schema/types.json	True	True	True	True
8196	anaconda	2015-10-10 22:14:23	Montellese	2015-10-11 08:19:32	xbmc/interfaces/json-rpc/ProfilesOperations.cpp	True	True	True	True
8195	pokowaka	2015-10-10 18:41:59	razzeee	2015-10-11 08:10:33	xbmc/music/tags/test/TestTagLoaderTagLib.cpp	False	True	True	True
8195	pokowaka	2015-10-10 18:41:59	razzeee	2015-10-11 08:10:33	xbmc/music/tags/TagLoaderTagLib.h	False	True	True	True
8195	pokowaka	2015-10-10 18:41:59	razzeee	2015-10-11 08:10:33	xbmc/music/tags/TagLoaderTagLib.cpp	False	True	True	True
8192	Paxxi	2015-10-10 10:05:45	Montellese	2015-10-10 10:39:35	xbmc/PartyModeManager.cpp	True	True	True	True
8192	Paxxi	2015-10-10 10:05:45	Montellese	2015-10-10 10:39:35	project/VS2010Express/XBMC.vcxproj	True	True	True	True
8192	Paxxi	2015-10-10 10:05:45	Montellese	2015-10-10 10:39:35	project/VS2010Express/XBMC.vcxproj.filters	True	True	True	True
8192	Paxxi	2015-10-10 10:05:45	Montellese	2015-10-10 10:39:35	xbmc/FileItem.cpp	True	True	True	True
8192	Paxxi	2015-10-10 10:05:45	Montellese	2015-10-10 10:39:35	Kodi.xcodeproj/project.pbxproj	True	True	True	True
8192	Paxxi	2015-10-10 10:05:45	Montellese	2015-10-10 10:39:35	xbmc/guilib/GUIFadeLabelControl.cpp	True	True	True	True
8192	Paxxi	2015-10-10 10:05:45	Montellese	2015-10-10 10:39:35	xbmc/playlists/PlayList.cpp	True	True	True	True
8192	Paxxi	2015-10-10 10:05:45	Montellese	2015-10-10 10:39:35	xbmc/utils/Random.h	True	True	True	True
8192	Paxxi	2015-10-10 10:05:45	Montellese	2015-10-10 10:39:35	xbmc/guilib/GUIMultiImage.cpp	True	True	True	True
8179	popcornmix	2015-10-04 16:02:21	mkortstiege	2015-10-05 08:45:18	xbmc/windows/GUIWindowScreensaverDim.cpp	True	True	True	True
8177	mkortstiege	2015-10-03 16:42:00	xhaggi	2015-10-04 14:51:24	xbmc/guilib/GUIControlFactory.cpp	True	True	True	True
8177	mkortstiege	2015-10-03 16:42:00	xhaggi	2015-10-04 14:51:24	xbmc/guilib/GUIBaseContainer.h	True	True	True	True
8177	mkortstiege	2015-10-03 16:42:00	xhaggi	2015-10-04 14:51:24	xbmc/guilib/GUIBaseContainer.cpp	True	True	True	True
8176	Paxxi	2015-10-03 12:09:08	Montellese	2015-10-04 21:24:45	xbmc/dialogs/GUIDialogKeyboardGeneric.h	True	True	True	True
8176	Paxxi	2015-10-03 12:09:08	Montellese	2015-10-04 21:23:56	xbmc/input/InputCodingTableBasePY.h	True	True	True	True
8176	Paxxi	2015-10-03 12:09:08	Montellese	2015-10-04 21:22:54	system/keyboardlayouts/korean.xml	True	True	True	True
8176	Paxxi	2015-10-03 12:09:08	Montellese	2015-10-04 21:23:56	xbmc/input/InputCodingTableKorean.h	True	True	True	True
8176	Paxxi	2015-10-03 12:09:08	Montellese	2015-10-04 21:24:45	system/keyboardlayouts/korean.xml	True	True	True	True
8176	Paxxi	2015-10-03 12:09:08	Montellese	2015-10-04 21:24:45	xbmc/dialogs/GUIDialogKeyboardGeneric.cpp	True	True	True	True
8176	Paxxi	2015-10-03 12:09:08	Montellese	2015-10-04 21:24:45	xbmc/input/InputCodingTableBaiduPY.h	True	True	True	True
8176	Paxxi	2015-10-03 12:09:08	Montellese	2015-10-04 21:24:45	xbmc/input/InputCodingTable.h	True	True	True	True
8176	Paxxi	2015-10-03 12:09:08	Montellese	2015-10-04 21:24:45	xbmc/input/InputCodingTableBaiduPY.cpp	True	True	True	True
8176	Paxxi	2015-10-03 12:09:08	Montellese	2015-10-04 21:23:56	xbmc/input/InputCodingTableBaiduPY.h	True	True	True	True
8176	Paxxi	2015-10-03 12:09:08	Montellese	2015-10-04 21:24:45	xbmc/input/InputCodingTableBasePY.cpp	True	True	True	True
8176	Paxxi	2015-10-03 12:09:08	Montellese	2015-10-04 21:24:45	xbmc/input/InputCodingTableBasePY.h	True	True	True	True
8176	Paxxi	2015-10-03 12:09:08	Montellese	2015-10-04 21:24:45	xbmc/input/InputCodingTableKorean.cpp	True	True	True	True
8176	Paxxi	2015-10-03 12:09:08	Montellese	2015-10-04 21:23:56	xbmc/input/InputCodingTableBasePY.cpp	True	True	True	True
8176	Paxxi	2015-10-03 12:09:08	Montellese	2015-10-04 21:23:56	xbmc/dialogs/GUIDialogKeyboardGeneric.cpp	True	True	True	True
8176	Paxxi	2015-10-03 12:09:08	Montellese	2015-10-04 21:23:56	xbmc/input/InputCodingTableBaiduPY.cpp	True	True	True	True
8176	Paxxi	2015-10-03 12:09:08	Montellese	2015-10-04 21:23:56	xbmc/input/InputCodingTable.h	True	True	True	True
8176	Paxxi	2015-10-03 12:09:08	Montellese	2015-10-04 21:23:56	xbmc/dialogs/GUIDialogKeyboardGeneric.h	True	True	True	True
8176	Paxxi	2015-10-03 12:09:08	Montellese	2015-10-04 21:23:56	system/keyboardlayouts/korean.xml	True	True	True	True
8176	Paxxi	2015-10-03 12:09:08	Montellese	2015-10-04 21:22:54	xbmc/input/InputCodingTableKorean.h	True	True	True	True
8176	Paxxi	2015-10-03 12:09:08	Montellese	2015-10-04 21:22:54	xbmc/input/InputCodingTableKorean.cpp	True	True	True	True
8176	Paxxi	2015-10-03 12:09:08	Montellese	2015-10-04 21:22:54	xbmc/input/InputCodingTableBasePY.h	True	True	True	True
8176	Paxxi	2015-10-03 12:09:08	Montellese	2015-10-04 21:22:54	xbmc/input/InputCodingTableBasePY.cpp	True	True	True	True
8176	Paxxi	2015-10-03 12:09:08	Montellese	2015-10-04 21:22:54	xbmc/input/InputCodingTableBaiduPY.h	True	True	True	True
8176	Paxxi	2015-10-03 12:09:08	Montellese	2015-10-04 21:22:54	xbmc/input/InputCodingTableBaiduPY.cpp	True	True	True	True
8176	Paxxi	2015-10-03 12:09:08	Montellese	2015-10-04 21:22:54	xbmc/input/InputCodingTable.h	True	True	True	True
8176	Paxxi	2015-10-03 12:09:08	Montellese	2015-10-04 21:22:54	xbmc/dialogs/GUIDialogKeyboardGeneric.h	True	True	True	True
8176	Paxxi	2015-10-03 12:09:08	Montellese	2015-10-04 21:22:54	xbmc/dialogs/GUIDialogKeyboardGeneric.cpp	True	True	True	True
8176	Paxxi	2015-10-03 12:09:08	Montellese	2015-10-04 21:26:37	system/keyboardlayouts/korean.xml	True	True	True	True
8176	Paxxi	2015-10-03 12:09:08	Montellese	2015-10-04 21:24:45	xbmc/input/InputCodingTableKorean.h	True	True	True	True
8176	Paxxi	2015-10-03 12:09:08	Montellese	2015-10-04 21:23:56	xbmc/input/InputCodingTableKorean.cpp	True	True	True	True
8176	Paxxi	2015-10-03 12:09:08	Montellese	2015-10-04 21:26:37	xbmc/dialogs/GUIDialogKeyboardGeneric.cpp	True	True	True	True
8176	Paxxi	2015-10-03 12:09:08	Montellese	2015-10-04 21:28:05	xbmc/input/InputCodingTableBasePY.cpp	True	True	True	True
8176	Paxxi	2015-10-03 12:09:08	garbear	2015-10-05 20:33:15	xbmc/input/InputCodingTableKorean.h	True	True	True	True
8176	Paxxi	2015-10-03 12:09:08	garbear	2015-10-05 20:33:15	xbmc/input/InputCodingTableKorean.cpp	True	True	True	True
8176	Paxxi	2015-10-03 12:09:08	garbear	2015-10-05 20:33:15	xbmc/input/InputCodingTableBasePY.h	True	True	True	True
8176	Paxxi	2015-10-03 12:09:08	garbear	2015-10-05 20:33:15	xbmc/input/InputCodingTableBasePY.cpp	True	True	True	True
8176	Paxxi	2015-10-03 12:09:08	garbear	2015-10-05 20:33:15	xbmc/input/InputCodingTableBaiduPY.h	True	True	True	True
8176	Paxxi	2015-10-03 12:09:08	garbear	2015-10-05 20:33:15	xbmc/input/InputCodingTableBaiduPY.cpp	True	True	True	True
8176	Paxxi	2015-10-03 12:09:08	garbear	2015-10-05 20:33:15	xbmc/input/InputCodingTable.h	True	True	True	True
8176	Paxxi	2015-10-03 12:09:08	garbear	2015-10-05 20:33:15	xbmc/dialogs/GUIDialogKeyboardGeneric.h	True	True	True	True
8176	Paxxi	2015-10-03 12:09:08	garbear	2015-10-05 20:33:15	xbmc/dialogs/GUIDialogKeyboardGeneric.cpp	True	True	True	True
8176	Paxxi	2015-10-03 12:09:08	garbear	2015-10-05 20:33:15	system/keyboardlayouts/korean.xml	True	True	True	True
8176	Paxxi	2015-10-03 12:09:08	Montellese	2015-10-04 21:28:05	xbmc/input/InputCodingTableKorean.h	True	True	True	True
8176	Paxxi	2015-10-03 12:09:08	Montellese	2015-10-04 21:28:05	xbmc/input/InputCodingTableKorean.cpp	True	True	True	True
8176	Paxxi	2015-10-03 12:09:08	Montellese	2015-10-04 21:28:05	xbmc/input/InputCodingTableBasePY.h	True	True	True	True
8176	Paxxi	2015-10-03 12:09:08	Montellese	2015-10-04 21:26:37	xbmc/dialogs/GUIDialogKeyboardGeneric.h	True	True	True	True
8176	Paxxi	2015-10-03 12:09:08	Montellese	2015-10-04 21:28:05	xbmc/input/InputCodingTableBaiduPY.h	True	True	True	True
8176	Paxxi	2015-10-03 12:09:08	Montellese	2015-10-04 21:28:05	xbmc/input/InputCodingTable.h	True	True	True	True
8176	Paxxi	2015-10-03 12:09:08	Montellese	2015-10-04 21:28:05	xbmc/dialogs/GUIDialogKeyboardGeneric.h	True	True	True	True
8176	Paxxi	2015-10-03 12:09:08	Montellese	2015-10-04 21:28:05	xbmc/dialogs/GUIDialogKeyboardGeneric.cpp	True	True	True	True
8176	Paxxi	2015-10-03 12:09:08	Montellese	2015-10-04 21:28:05	system/keyboardlayouts/korean.xml	True	True	True	True
8176	Paxxi	2015-10-03 12:09:08	Montellese	2015-10-04 21:26:37	xbmc/input/InputCodingTableKorean.h	True	True	True	True
8176	Paxxi	2015-10-03 12:09:08	Montellese	2015-10-04 21:26:37	xbmc/input/InputCodingTableKorean.cpp	True	True	True	True
8176	Paxxi	2015-10-03 12:09:08	Montellese	2015-10-04 21:26:37	xbmc/input/InputCodingTableBasePY.h	True	True	True	True
8176	Paxxi	2015-10-03 12:09:08	Montellese	2015-10-04 21:26:37	xbmc/input/InputCodingTableBasePY.cpp	True	True	True	True
8176	Paxxi	2015-10-03 12:09:08	Montellese	2015-10-04 21:26:37	xbmc/input/InputCodingTableBaiduPY.h	True	True	True	True
8176	Paxxi	2015-10-03 12:09:08	Montellese	2015-10-04 21:26:37	xbmc/input/InputCodingTableBaiduPY.cpp	True	True	True	True
8176	Paxxi	2015-10-03 12:09:08	Montellese	2015-10-04 21:26:37	xbmc/input/InputCodingTable.h	True	True	True	True
8176	Paxxi	2015-10-03 12:09:08	Montellese	2015-10-04 21:28:05	xbmc/input/InputCodingTableBaiduPY.cpp	True	True	True	True
8167	tamland	2015-10-01 17:16:10	mkortstiege	2015-10-04 07:47:03	addons/resource.language.en_gb/resources/strings.po	True	True	True	True
8167	tamland	2015-10-01 17:16:10	mkortstiege	2015-10-04 07:47:03	xbmc/addons/AddonInstaller.cpp	False	True	True	True
8167	tamland	2015-10-01 17:16:10	mkortstiege	2015-10-04 07:47:03	xbmc/addons/GUIDialogAddonInfo.cpp	True	True	True	True
8167	tamland	2015-10-01 17:16:10	mkortstiege	2015-10-04 07:47:03	xbmc/addons/AddonInstaller.cpp	True	True	True	True
8167	tamland	2015-10-01 17:16:10	mkortstiege	2015-10-04 07:47:03	addons/skin.confluence/720p/DialogAddonInfo.xml	True	True	True	True
8167	tamland	2015-10-01 17:16:10	mkortstiege	2015-10-04 07:47:03	xbmc/addons/GUIDialogAddonInfo.h	True	True	True	True
