pr_number	author_user_login	pr_created_at	comment_user_login	comment_created_at	is_review_issue_comment
4969	xhaggi	2014-06-30 13:55:41	Jalle19	2014-07-01 06:40:43	True
4969	xhaggi	2014-06-30 13:55:41	opdenkamp	2014-07-03 07:54:31	True
4969	xhaggi	2014-06-30 13:55:41	opdenkamp	2014-07-08 09:20:45	True
4965	mkortstiege	2014-06-29 09:30:07	jmarshallnz	2014-07-11 08:43:22	True
4965	mkortstiege	2014-06-29 09:30:07	jmarshallnz	2014-07-12 00:07:30	True
4965	mkortstiege	2014-06-29 09:30:07	jmarshallnz	2014-07-01 08:12:08	True
4964	mkortstiege	2014-06-29 08:30:30	t-nelson	2014-07-01 09:45:25	True
4964	mkortstiege	2014-06-29 08:30:30	Montellese	2014-06-30 09:18:22	True
4964	mkortstiege	2014-06-29 08:30:30	Montellese	2014-06-30 09:45:37	True
4964	mkortstiege	2014-06-29 08:30:30	jmarshallnz	2014-06-30 09:21:05	True
4964	mkortstiege	2014-06-29 08:30:30	Montellese	2014-06-29 20:46:31	True
4964	mkortstiege	2014-06-29 08:30:30	Ano69	2014-06-30 09:06:11	True
4964	mkortstiege	2014-06-29 08:30:30	jmarshallnz	2014-06-30 09:03:52	True
4964	mkortstiege	2014-06-29 08:30:30	jmarshallnz	2014-06-30 08:56:43	True
4964	mkortstiege	2014-06-29 08:30:30	Ano69	2014-06-30 10:53:24	True
4964	mkortstiege	2014-06-29 08:30:30	jmarshallnz	2014-07-01 20:48:46	True
4964	mkortstiege	2014-06-29 08:30:30	jmarshallnz	2014-07-01 08:27:16	True
4964	mkortstiege	2014-06-29 08:30:30	jmarshallnz	2014-06-30 10:32:34	True
4964	mkortstiege	2014-06-29 08:30:30	Ano69	2014-07-01 12:37:36	True
4964	mkortstiege	2014-06-29 08:30:30	t-nelson	2014-07-01 10:06:01	True
4964	mkortstiege	2014-06-29 08:30:30	Ano69	2014-07-01 08:27:22	True
4964	mkortstiege	2014-06-29 08:30:30	jmarshallnz	2014-07-01 08:11:40	True
4964	mkortstiege	2014-06-29 08:30:30	Ano69	2014-07-01 06:51:30	True
4964	mkortstiege	2014-06-29 08:30:30	Montellese	2014-07-01 05:51:35	True
4964	mkortstiege	2014-06-29 08:30:30	jmarshallnz	2014-06-30 19:48:03	True
4964	mkortstiege	2014-06-29 08:30:30	Montellese	2014-06-30 09:48:06	True
4957	Memphiz	2014-06-25 20:34:20	davilla	2014-06-26 16:52:09	True
4957	Memphiz	2014-06-25 20:34:20	amet	2014-06-26 04:12:51	True
4952	Karlson2k	2014-06-24 17:51:52	jmarshallnz	2014-07-01 22:19:07	True
4944	ace20022	2014-06-21 13:25:38	fritsch	2014-06-21 17:58:40	True
4944	ace20022	2014-06-21 13:25:38	FernetMenta	2014-06-21 13:43:16	True
4944	ace20022	2014-06-21 13:25:38	FernetMenta	2014-06-22 11:05:33	True
4944	ace20022	2014-06-21 13:25:38	FernetMenta	2014-06-22 12:44:09	True
4944	ace20022	2014-06-21 13:25:38	FernetMenta	2014-06-22 10:07:44	True
4944	ace20022	2014-06-21 13:25:38	jmarshallnz	2014-06-22 20:14:49	True
4944	ace20022	2014-06-21 13:25:38	FernetMenta	2014-06-21 17:06:03	True
4944	ace20022	2014-06-21 13:25:38	FernetMenta	2014-06-21 17:04:02	True
4944	ace20022	2014-06-21 13:25:38	FernetMenta	2014-06-21 17:26:52	True
4940	t4-ravenbird	2014-06-20 07:13:54	Paxxi	2015-09-02 07:25:23	True
4940	t4-ravenbird	2014-06-20 07:13:54	Montellese	2016-01-27 12:54:45	True
4940	t4-ravenbird	2014-06-20 07:13:54	razzeee	2015-12-19 11:18:29	True
4940	t4-ravenbird	2014-06-20 07:13:54	Montellese	2015-09-02 07:40:13	True
4940	t4-ravenbird	2014-06-20 07:13:54	MartijnKaijser	2016-04-24 11:49:32	True
4940	t4-ravenbird	2014-06-20 07:13:54	Montellese	2015-09-02 06:34:39	True
4940	t4-ravenbird	2014-06-20 07:13:54	Montellese	2015-09-01 18:07:55	True
4940	t4-ravenbird	2014-06-20 07:13:54	Memphiz	2016-01-31 12:46:57	True
4940	t4-ravenbird	2014-06-20 07:13:54	razzeee	2016-01-31 16:44:01	True
4940	t4-ravenbird	2014-06-20 07:13:54	Montellese	2016-01-28 11:54:43	True
4940	t4-ravenbird	2014-06-20 07:13:54	Memphiz	2016-01-29 21:58:47	True
4940	t4-ravenbird	2014-06-20 07:13:54	Memphiz	2016-01-31 11:56:54	True
4940	t4-ravenbird	2014-06-20 07:13:54	Memphiz	2016-01-28 16:15:04	True
4940	t4-ravenbird	2014-06-20 07:13:54	razzeee	2016-01-28 10:45:47	True
4940	t4-ravenbird	2014-06-20 07:13:54	Memphiz	2016-01-29 15:52:34	True
4940	t4-ravenbird	2014-06-20 07:13:54	Jalle19	2016-01-28 08:49:13	True
4940	t4-ravenbird	2014-06-20 07:13:54	MartijnKaijser	2015-07-15 11:53:56	True
4933	popcornmix	2014-06-18 19:11:29	FernetMenta	2014-06-19 09:58:54	True
4933	popcornmix	2014-06-18 19:11:29	fritsch	2014-06-26 17:03:12	True
4933	popcornmix	2014-06-18 19:11:29	FernetMenta	2014-06-19 16:49:32	True
4932	Karlson2k	2014-06-18 14:48:57	MartijnKaijser	2016-04-24 11:55:28	True
4932	Karlson2k	2014-06-18 14:48:57	Memphiz	2014-06-19 05:40:49	True
4932	Karlson2k	2014-06-18 14:48:57	Memphiz	2014-06-19 05:37:58	True
4931	un1versal	2014-06-18 13:10:03	topfs2	2014-08-05 15:14:37	True
4931	un1versal	2014-06-18 13:10:03	ace20022	2014-07-13 11:56:25	True
4931	un1versal	2014-06-18 13:10:03	ace20022	2014-07-13 12:45:14	True
4931	un1versal	2014-06-18 13:10:03	Voyager1	2014-08-05 17:44:31	True
4931	un1versal	2014-06-18 13:10:03	Voyager1	2014-07-13 13:19:30	True
4931	un1versal	2014-06-18 13:10:03	ace20022	2014-08-05 17:50:01	True
4927	mkortstiege	2014-06-17 08:11:30	jmarshallnz	2014-06-17 20:02:21	True
4926	Memphiz	2014-06-16 22:52:16	t-nelson	2014-06-19 15:26:54	True
4926	Memphiz	2014-06-16 22:52:16	davilla	2014-06-18 03:29:44	True
4926	Memphiz	2014-06-16 22:52:16	jmarshallnz	2014-06-17 20:59:57	True
4926	Memphiz	2014-06-16 22:52:16	jmarshallnz	2014-06-17 00:17:44	True
4926	Memphiz	2014-06-16 22:52:16	davilla	2014-06-17 20:11:12	True
4923	mkortstiege	2014-06-16 07:57:21	MartijnKaijser	2014-09-04 12:25:14	True
4923	mkortstiege	2014-06-16 07:57:21	MartijnKaijser	2014-08-22 08:11:54	True
4923	mkortstiege	2014-06-16 07:57:21	MartijnKaijser	2014-08-07 18:23:31	True
4923	mkortstiege	2014-06-16 07:57:21	Montellese	2014-06-16 08:47:19	True
4923	mkortstiege	2014-06-16 07:57:21	MartijnKaijser	2014-08-10 07:38:32	True
4923	mkortstiege	2014-06-16 07:57:21	Memphiz	2014-08-22 08:33:24	True
4923	mkortstiege	2014-06-16 07:57:21	Karlson2k	2014-08-24 16:57:18	True
4923	mkortstiege	2014-06-16 07:57:21	Memphiz	2014-08-24 16:55:52	True
4923	mkortstiege	2014-06-16 07:57:21	Karlson2k	2014-08-24 16:31:42	True
4923	mkortstiege	2014-06-16 07:57:21	MartijnKaijser	2014-09-02 16:44:32	True
4923	mkortstiege	2014-06-16 07:57:21	Memphiz	2014-08-22 08:30:00	True
4923	mkortstiege	2014-06-16 07:57:21	topfs2	2014-08-19 07:53:36	True
4911	sportica	2014-06-13 17:44:53	MartijnKaijser	2014-06-20 08:46:34	True
4911	sportica	2014-06-13 17:44:53	MartijnKaijser	2014-06-20 08:02:53	True
4911	sportica	2014-06-13 17:44:53	MartijnKaijser	2015-07-08 17:53:27	True
4911	sportica	2014-06-13 17:44:53	jmarshallnz	2014-07-02 02:19:43	True
4911	sportica	2014-06-13 17:44:53	jmarshallnz	2014-06-15 20:00:27	True
4911	sportica	2014-06-13 17:44:53	jmarshallnz	2014-07-12 02:32:55	True
4911	sportica	2014-06-13 17:44:53	MartijnKaijser	2014-08-07 18:25:11	True
4911	sportica	2014-06-13 17:44:53	jmarshallnz	2014-06-13 22:13:16	True
4903	prof-membrane	2014-06-12 17:44:05	jmarshallnz	2014-07-13 00:57:34	True
4903	prof-membrane	2014-06-12 17:44:05	elupus	2014-06-17 22:51:56	True
4903	prof-membrane	2014-06-12 17:44:05	da-anda	2014-06-12 20:55:56	True
4903	prof-membrane	2014-06-12 17:44:05	da-anda	2014-06-12 21:25:47	True
4903	prof-membrane	2014-06-12 17:44:05	t-nelson	2014-06-13 00:57:53	True
4903	prof-membrane	2014-06-12 17:44:05	da-anda	2014-06-13 07:03:25	True
4903	prof-membrane	2014-06-12 17:44:05	t-nelson	2014-06-13 07:39:28	True
4903	prof-membrane	2014-06-12 17:44:05	da-anda	2014-06-13 08:01:21	True
4903	prof-membrane	2014-06-12 17:44:05	da-anda	2015-12-29 10:17:59	True
4903	prof-membrane	2014-06-12 17:44:05	jmarshallnz	2014-07-12 23:34:48	True
4903	prof-membrane	2014-06-12 17:44:05	agibson-fl	2015-12-02 00:51:03	True
4903	prof-membrane	2014-06-12 17:44:05	da-anda	2014-06-21 11:50:26	True
4903	prof-membrane	2014-06-12 17:44:05	MartijnKaijser	2014-08-07 18:24:38	True
4903	prof-membrane	2014-06-12 17:44:05	jmarshallnz	2014-08-07 20:07:44	True
4902	FernetMenta	2014-06-12 14:43:57	jmarshallnz	2014-06-13 05:54:52	True
4899		2014-06-12 09:31:33			False
4894	Memphiz	2014-06-11 22:06:00	Montellese	2014-06-12 05:04:16	True
4890	Memphiz	2014-06-11 09:54:36	herrnst	2014-06-12 18:12:07	True
4890	Memphiz	2014-06-11 09:54:36	herrnst	2014-06-11 19:20:20	True
4890	Memphiz	2014-06-11 09:54:36	jmarshallnz	2014-06-11 22:59:13	True
4890	Memphiz	2014-06-11 09:54:36	jmarshallnz	2014-06-11 22:56:11	True
4890	Memphiz	2014-06-11 09:54:36	herrnst	2014-06-12 19:33:19	True
4890	Memphiz	2014-06-11 09:54:36	jmarshallnz	2014-06-12 23:04:22	True
4889	mkortstiege	2014-06-11 09:00:06	FernetMenta	2014-06-11 10:31:22	True
4885	sportica	2014-06-11 04:33:19	elupus	2014-06-29 19:57:33	True
4885	sportica	2014-06-11 04:33:19	t-nelson	2014-06-11 05:01:19	True
4885	sportica	2014-06-11 04:33:19	jmarshallnz	2014-06-11 23:06:42	True
4885	sportica	2014-06-11 04:33:19	elupus	2014-06-17 22:55:22	True
4885	sportica	2014-06-11 04:33:19	elupus	2014-06-17 22:58:47	True
4885	sportica	2014-06-11 04:33:19	elupus	2014-06-19 13:38:53	True
4885	sportica	2014-06-11 04:33:19	jmarshallnz	2014-06-29 20:07:43	True
4884	sportica	2014-06-11 02:18:55	jmarshallnz	2014-06-16 19:56:45	True
4884	sportica	2014-06-11 02:18:55	jmarshallnz	2014-06-11 04:44:09	True
4884	sportica	2014-06-11 02:18:55	jmarshallnz	2014-06-12 01:58:14	True
4884	sportica	2014-06-11 02:18:55	t-nelson	2014-06-12 03:20:26	True
4884	sportica	2014-06-11 02:18:55	jmarshallnz	2014-06-12 05:08:21	True
4884	sportica	2014-06-11 02:18:55	jmarshallnz	2014-06-12 07:37:51	True
4884	sportica	2014-06-11 02:18:55	jmarshallnz	2014-06-14 02:54:00	True
4884	sportica	2014-06-11 02:18:55	jmarshallnz	2014-06-14 02:03:39	True
4884	sportica	2014-06-11 02:18:55	jmarshallnz	2014-06-12 08:22:52	True
4884	sportica	2014-06-11 02:18:55	jmarshallnz	2014-06-12 06:24:33	True
4880	Memphiz	2014-06-10 16:22:47	jmarshallnz	2014-06-10 21:13:03	True
4880	Memphiz	2014-06-10 16:22:47	jmarshallnz	2014-06-10 22:07:39	True
4879	mkortstiege	2014-06-10 08:25:39	jmarshallnz	2014-06-10 08:55:15	True
4876	dslijepcevic	2014-06-09 18:34:58	jmarshallnz	2014-08-03 20:15:09	True
4876	dslijepcevic	2014-06-09 18:34:58	jmarshallnz	2014-07-20 00:04:34	True
4876	dslijepcevic	2014-06-09 18:34:58	jmarshallnz	2014-07-19 00:32:23	True
4876	dslijepcevic	2014-06-09 18:34:58	jmarshallnz	2014-07-18 22:48:32	True
4876	dslijepcevic	2014-06-09 18:34:58	jmarshallnz	2014-07-12 04:56:01	True
4876	dslijepcevic	2014-06-09 18:34:58	jmarshallnz	2014-06-16 20:12:33	True
4876	dslijepcevic	2014-06-09 18:34:58	jmarshallnz	2014-06-15 02:29:32	True
4876	dslijepcevic	2014-06-09 18:34:58	jmarshallnz	2014-07-19 20:44:41	True
4876	dslijepcevic	2014-06-09 18:34:58	da-anda	2014-08-06 16:07:06	True
4876	dslijepcevic	2014-06-09 18:34:58	Sorien	2014-08-05 11:07:42	True
4876	dslijepcevic	2014-06-09 18:34:58	da-anda	2014-08-06 06:58:25	True
4876	dslijepcevic	2014-06-09 18:34:58	jmarshallnz	2014-08-05 23:11:04	True
4876	dslijepcevic	2014-06-09 18:34:58	xhaggi	2014-08-06 13:24:11	True
4876	dslijepcevic	2014-06-09 18:34:58	da-anda	2014-08-05 07:07:30	True
4876	dslijepcevic	2014-06-09 18:34:58	Black09	2014-08-04 23:35:41	True
4876	dslijepcevic	2014-06-09 18:34:58	jmarshallnz	2014-08-04 23:01:36	True
4876	dslijepcevic	2014-06-09 18:34:58	jmarshallnz	2014-08-04 22:50:43	True
4876	dslijepcevic	2014-06-09 18:34:58	Black09	2014-08-04 18:55:23	True
4866	wsnipex	2014-06-08 11:44:15	Montellese	2014-06-11 13:01:15	True
4866	wsnipex	2014-06-08 11:44:15	Montellese	2014-06-11 12:00:09	True
4866	wsnipex	2014-06-08 11:44:15	wsoltys	2014-06-08 12:22:23	True
4866	wsnipex	2014-06-08 11:44:15	t-nelson	2014-06-13 09:14:14	True
4866	wsnipex	2014-06-08 11:44:15	Memphiz	2014-06-11 14:04:00	True
4866	wsnipex	2014-06-08 11:44:15	Memphiz	2014-06-11 14:05:29	True
4866	wsnipex	2014-06-08 11:44:15	t-nelson	2014-06-13 11:10:57	True
4866	wsnipex	2014-06-08 11:44:15	Montellese	2014-06-11 16:34:03	True
4866	wsnipex	2014-06-08 11:44:15	jmarshallnz	2014-06-11 19:57:27	True
4866	wsnipex	2014-06-08 11:44:15	MilhouseVH	2014-06-12 02:22:21	True
4866	wsnipex	2014-06-08 11:44:15	jmarshallnz	2014-06-27 05:58:05	True
4866	wsnipex	2014-06-08 11:44:15	Memphiz	2014-06-13 11:03:09	True
4866	wsnipex	2014-06-08 11:44:15	Montellese	2014-06-27 05:41:20	True
4866	wsnipex	2014-06-08 11:44:15	jmarshallnz	2014-06-27 21:57:56	True
4866	wsnipex	2014-06-08 11:44:15	Memphiz	2014-06-27 06:41:37	True
4866	wsnipex	2014-06-08 11:44:15	Memphiz	2014-06-27 12:33:36	True
4864	Karlson2k	2014-06-07 18:43:16	jmarshallnz	2014-06-07 21:56:54	True
4864	Karlson2k	2014-06-07 18:43:16	jmarshallnz	2014-06-08 07:35:45	True
4864	Karlson2k	2014-06-07 18:43:16	MartijnKaijser	2014-06-09 12:56:44	True
4861	koying	2014-06-07 10:44:10	t-nelson	2014-06-07 22:58:36	True
4861	koying	2014-06-07 10:44:10	jmarshallnz	2014-06-15 01:20:31	True
4860	mkortstiege	2014-06-07 09:49:55	Karlson2k	2014-06-07 10:31:06	True
4860	mkortstiege	2014-06-07 09:49:55	Karlson2k	2014-06-07 09:55:10	True
4860	mkortstiege	2014-06-07 09:49:55	jmarshallnz	2014-06-07 10:26:13	True
4860	mkortstiege	2014-06-07 09:49:55	jmarshallnz	2014-06-07 21:40:05	True
4860	mkortstiege	2014-06-07 09:49:55	Karlson2k	2014-06-09 14:02:54	True
4860	mkortstiege	2014-06-07 09:49:55	Karlson2k	2014-06-08 09:27:58	True
4860	mkortstiege	2014-06-07 09:49:55	Karlson2k	2014-06-08 21:26:48	True
4860	mkortstiege	2014-06-07 09:49:55	jmarshallnz	2014-06-08 21:31:18	True
4860	mkortstiege	2014-06-07 09:49:55	Karlson2k	2014-06-08 09:23:30	True
4856	ossman	2014-06-06 21:37:30	FernetMenta	2014-06-07 15:08:10	True
4856	ossman	2014-06-06 21:37:30	FernetMenta	2014-06-07 12:52:30	True
4856	ossman	2014-06-06 21:37:30	FernetMenta	2014-06-07 11:11:02	True
4856	ossman	2014-06-06 21:37:30	FernetMenta	2014-06-07 07:11:52	True
4856	ossman	2014-06-06 21:37:30	fritsch	2014-06-07 06:05:36	True
4856	ossman	2014-06-06 21:37:30	FernetMenta	2014-06-07 14:15:00	True
4856	ossman	2014-06-06 21:37:30	FernetMenta	2014-06-07 11:55:05	True
4856	ossman	2014-06-06 21:37:30	elupus	2014-06-07 15:50:37	True
4856	ossman	2014-06-06 21:37:30	CendioOssman	2015-05-25 07:16:20	True
4856	ossman	2014-06-06 21:37:30	FernetMenta	2014-06-08 06:42:51	True
4856	ossman	2014-06-06 21:37:30	FernetMenta	2015-12-24 12:32:24	True
4856	ossman	2014-06-06 21:37:30	MartijnKaijser	2015-12-24 12:19:04	True
4856	ossman	2014-06-06 21:37:30	FernetMenta	2014-06-07 10:12:53	True
4856	ossman	2014-06-06 21:37:30	MartijnKaijser	2015-05-23 15:02:09	True
4856	ossman	2014-06-06 21:37:30	FernetMenta	2014-06-13 05:07:52	True
4850	afedchin	2014-06-04 15:19:57	MartijnKaijser	2014-08-07 18:27:35	True
4850	afedchin	2014-06-04 15:19:57	FernetMenta	2014-09-04 11:47:08	True
4850	afedchin	2014-06-04 15:19:57	zag2me	2014-09-04 09:45:07	True
4850	afedchin	2014-06-04 15:19:57	ace20022	2014-09-03 18:24:27	True
4850	afedchin	2014-06-04 15:19:57	jjd-uk	2014-09-03 23:17:27	True
4850	afedchin	2014-06-04 15:19:57	MartijnKaijser	2014-09-04 09:59:12	True
4850	afedchin	2014-06-04 15:19:57	FernetMenta	2014-09-04 11:57:23	True
4850	afedchin	2014-06-04 15:19:57	FernetMenta	2014-09-09 08:09:47	True
4850	afedchin	2014-06-04 15:19:57	MartijnKaijser	2014-09-23 07:52:08	True
4850	afedchin	2014-06-04 15:19:57	jjd-uk	2014-10-01 11:33:19	True
4850	afedchin	2014-06-04 15:19:57	FernetMenta	2014-09-04 10:54:02	True
4849	mkortstiege	2014-06-04 06:53:46	MartijnKaijser	2014-06-04 08:36:07	True
4846	Memphiz	2014-06-02 20:05:36	topfs2	2014-06-03 07:56:42	True
4846	Memphiz	2014-06-02 20:05:36	wsnipex	2014-06-03 10:07:03	True
4846	Memphiz	2014-06-02 20:05:36	Montellese	2014-06-03 08:03:30	True
4846	Memphiz	2014-06-02 20:05:36	wsnipex	2014-06-03 05:16:04	True
4846	Memphiz	2014-06-02 20:05:36	Montellese	2014-06-03 07:55:36	True
4846	Memphiz	2014-06-02 20:05:36	topfs2	2014-06-03 07:49:26	True
4846	Memphiz	2014-06-02 20:05:36	davilla	2014-06-03 00:42:27	True
4842	elupus	2014-06-01 23:31:16	FernetMenta	2014-06-02 06:14:48	True
4842	elupus	2014-06-01 23:31:16	fritsch	2014-06-02 06:27:07	True
4842	elupus	2014-06-01 23:31:16	fritsch	2014-06-02 06:28:45	True
4842	elupus	2014-06-01 23:31:16	a11599	2014-06-02 06:57:04	True
4842	elupus	2014-06-01 23:31:16	FernetMenta	2014-06-03 05:12:42	True
4842	elupus	2014-06-01 23:31:16	t-nelson	2014-06-03 10:04:23	True
4842	elupus	2014-06-01 23:31:16	t-nelson	2014-06-03 12:05:02	True
4842	elupus	2014-06-01 23:31:16	t-nelson	2014-06-03 23:38:25	True
4842	elupus	2014-06-01 23:31:16	fritsch	2014-06-05 06:30:17	True
4842	elupus	2014-06-01 23:31:16	FernetMenta	2014-06-05 04:37:47	True
4842	elupus	2014-06-01 23:31:16	fritsch	2014-06-04 17:47:01	True
4842	elupus	2014-06-01 23:31:16	fritsch	2014-06-05 06:27:43	True
4842	elupus	2014-06-01 23:31:16	t-nelson	2014-06-04 07:47:40	True
4842	elupus	2014-06-01 23:31:16	Memphiz	2014-06-04 16:57:39	True
4842	elupus	2014-06-01 23:31:16	jmarshallnz	2014-06-04 00:26:49	True
4842	elupus	2014-06-01 23:31:16	da-anda	2014-06-04 07:42:23	True
4842	elupus	2014-06-01 23:31:16	Memphiz	2014-06-04 06:47:18	True
4842	elupus	2014-06-01 23:31:16	Memphiz	2014-06-04 17:28:33	True
4838	mkortstiege	2014-06-01 16:19:49	Montellese	2014-06-05 08:41:09	True
4838	mkortstiege	2014-06-01 16:19:49	Montellese	2014-06-05 08:40:41	True
4838	mkortstiege	2014-06-01 16:19:49	Memphiz	2014-06-01 16:37:18	True
4838	mkortstiege	2014-06-01 16:19:49	jmarshallnz	2014-06-02 02:02:57	True
4838	mkortstiege	2014-06-01 16:19:49	Karlson2k	2014-06-05 08:27:10	True
4838	mkortstiege	2014-06-01 16:19:49	Karlson2k	2014-06-05 08:43:08	True
4838	mkortstiege	2014-06-01 16:19:49	Karlson2k	2014-06-05 08:46:15	True
4838	mkortstiege	2014-06-01 16:19:49	Memphiz	2014-06-06 22:58:28	True
4838	mkortstiege	2014-06-01 16:19:49	Karlson2k	2014-06-05 08:42:26	True
4837	mkortstiege	2014-06-01 13:17:55	nomandera	2014-06-09 13:56:02	True
4837	mkortstiege	2014-06-01 13:17:55	anaconda	2014-06-06 19:52:46	True
4837	mkortstiege	2014-06-01 13:17:55	anaconda	2014-06-06 00:55:06	True
