pr_number	author_user_login	pr_created_at	commit_user_login	commit_created_at	commit_status_total	commit_status_additions	commit_status_deletions	create_before_pr	is_review_commit
9227	stefansaraev	2016-02-27 20:54:24	stefansaraev	2016-02-27 20:30:37	27	2	25	True	True
9227	stefansaraev	2016-02-27 20:54:24	stefansaraev	2016-02-28 12:52:17	18	12	6	False	True
9225	Paxxi	2016-02-27 17:15:45	Paxxi	2016-02-27 17:11:38	84	40	44	True	True
9225	Paxxi	2016-02-27 17:15:45	Paxxi	2016-02-27 16:54:23	112	75	37	True	True
9225	Paxxi	2016-02-27 17:15:45	Paxxi	2016-07-10 19:27:08	66	37	29	False	True
9209	xhaggi	2016-02-25 15:50:29	AlwinEsch	2016-02-27 17:15:10	15	15	0	False	True
9209	xhaggi	2016-02-25 15:50:29	xhaggi	2016-02-25 15:39:32	36	36	0	True	True
9208	jjd-uk	2016-02-25 14:48:45	jjd-uk	2016-05-01 08:38:11	66	33	33	False	True
9208	jjd-uk	2016-02-25 14:48:45	jjd-uk	2016-04-30 11:19:23	26	23	3	False	True
9208	jjd-uk	2016-02-25 14:48:45	jjd-uk	2016-05-01 08:31:29	3974	1968	2006	False	True
9208	jjd-uk	2016-02-25 14:48:45	jjd-uk	2016-05-01 08:33:37	999	676	323	False	True
9208	jjd-uk	2016-02-25 14:48:45	jjd-uk	2016-05-01 08:35:04	52	21	31	False	True
9205	DaveTBlake	2016-02-25 10:53:17	DaveTBlake	2016-02-15 12:31:14	298	252	46	True	True
9205	DaveTBlake	2016-02-25 10:53:17	DaveTBlake	2016-02-26 07:53:09	2	1	1	False	True
9205	DaveTBlake	2016-02-25 10:53:17	DaveTBlake	2016-02-26 07:49:12	4	3	1	False	True
9204	arnova	2016-02-25 10:25:56	arnova	2016-02-25 10:23:32	6	5	1	True	True
9201	MartijnKaijser	2016-02-24 17:54:28	MartijnKaijser	2016-02-24 18:06:40	9	5	4	False	True
9197	fetzerch	2016-02-24 06:30:11	fetzerch	2016-02-20 21:02:09	548	486	62	True	True
9197	fetzerch	2016-02-24 06:30:11	fetzerch	2016-02-21 11:01:31	19	0	19	True	True
9193	AlwinEsch	2016-02-23 21:01:39	AlwinEsch	2016-02-24 13:33:27	351	220	131	False	True
9184	AlwinEsch	2016-02-23 07:42:51	AlwinEsch	2016-02-23 07:55:42	1028	1027	1	False	True
9183	AlwinEsch	2016-02-23 07:22:19	AlwinEsch	2016-02-24 13:48:03	26	15	11	False	True
9174	phate89	2016-02-21 10:59:11	phate89	2016-01-19 23:17:29	512	462	50	True	True
9173	FernetMenta	2016-02-21 08:28:01	FernetMenta	2016-03-04 06:43:55	6	6	0	False	True
9173	FernetMenta	2016-02-21 08:28:01	FernetMenta	2016-02-17 17:02:14	2	1	1	True	True
9173	FernetMenta	2016-02-21 08:28:01	FernetMenta	2016-02-20 09:25:17	20	20	0	True	True
9173	FernetMenta	2016-02-21 08:28:01	peak3d	2016-02-23 20:12:09	4	3	1	False	True
9173	FernetMenta	2016-02-21 08:28:01	peak3d	2016-02-25 21:00:09	2	1	1	False	True
9173	FernetMenta	2016-02-21 08:28:01	FernetMenta	2016-02-20 08:10:58	50	25	25	True	True
9173	FernetMenta	2016-02-21 08:28:01	peak3d	2016-02-11 12:27:20	113	113	0	True	True
9173	FernetMenta	2016-02-21 08:28:01	FernetMenta	2016-02-20 08:36:32	19	19	0	True	True
9173	FernetMenta	2016-02-21 08:28:01	peak3d	2016-02-09 22:14:57	12	12	0	True	True
9173	FernetMenta	2016-02-21 08:28:01	FernetMenta	2016-02-09 17:01:44	431	431	0	True	True
9173	FernetMenta	2016-02-21 08:28:01	FernetMenta	2016-02-02 21:38:22	1514	1508	6	True	True
9173	FernetMenta	2016-02-21 08:28:01	FernetMenta	2016-03-04 21:06:17	5	5	0	False	True
9156	tamland	2016-02-18 21:22:15	tamland	2016-02-16 14:01:51	47	13	34	True	True
9156	tamland	2016-02-18 21:22:15	tamland	2016-02-16 12:04:08	12	6	6	True	True
9156	tamland	2016-02-18 21:22:15	tamland	2016-02-16 14:32:30	10	5	5	True	True
9154	FernetMenta	2016-02-18 08:05:05	FernetMenta	2016-02-28 20:59:59	25	13	12	False	True
9154	FernetMenta	2016-02-18 08:05:05	popcornmix	2016-02-22 17:42:06	110	97	13	False	True
9154	FernetMenta	2016-02-18 08:05:05	wsnipex	2016-02-23 08:55:01	25	13	12	False	True
9154	FernetMenta	2016-02-18 08:05:05	FernetMenta	2016-02-29 07:01:40	15	13	2	False	True
9154	FernetMenta	2016-02-18 08:05:05	wsnipex	2016-02-23 08:14:13	25	22	3	False	True
9154	FernetMenta	2016-02-18 08:05:05	FernetMenta	2016-02-15 21:07:24	218	180	38	True	True
9154	FernetMenta	2016-02-18 08:05:05	FernetMenta	2016-02-25 18:10:35	747	0	747	False	True
9154	FernetMenta	2016-02-18 08:05:05	wsnipex	2016-02-23 11:33:10	11	9	2	False	True
9149	Rechi	2016-02-17 12:38:11	Rechi	2017-01-16 19:56:56	244	105	139	False	True
9149	Rechi	2016-02-17 12:38:11	Rechi	2017-01-16 19:57:00	6	4	2	False	True
9146	fetzerch	2016-02-15 23:55:10	fetzerch	2016-02-19 17:16:30	12	0	12	False	True
9146	fetzerch	2016-02-15 23:55:10	fetzerch	2016-02-16 07:12:23	4	2	2	False	True
9146	fetzerch	2016-02-15 23:55:10	fetzerch	2016-02-15 23:28:54	6	4	2	True	True
9146	fetzerch	2016-02-15 23:55:10	fetzerch	2016-02-18 07:28:54	9	8	1	False	True
9144	mk01	2016-02-15 15:42:07	mk01	2016-02-15 02:29:35	21	19	2	True	True
9142	Korlawulki	2016-02-15 13:48:16	Korlawulki	2016-04-30 08:48:42	1	0	1	False	True
9142	Korlawulki	2016-02-15 13:48:16	Korlawulki	2016-02-20 13:49:58	12	6	6	False	True
9142	Korlawulki	2016-02-15 13:48:16	Korlawulki	2016-02-15 13:31:57	92	81	11	True	True
9142	Korlawulki	2016-02-15 13:48:16	Korlawulki	2016-02-18 20:58:57	29	17	12	False	True
9142	Korlawulki	2016-02-15 13:48:16	Korlawulki	2016-04-29 22:08:14	1	1	0	False	True
9142	Korlawulki	2016-02-15 13:48:16	Korlawulki	2016-04-30 09:44:33	4	2	2	False	True
9140	wsnipex	2016-02-14 18:30:25	wsnipex	2016-02-14 10:00:11	78	78	0	True	True
9140	wsnipex	2016-02-14 18:30:25	wsnipex	2016-02-14 10:06:08	64	64	0	True	True
9140	wsnipex	2016-02-14 18:30:25	wsnipex	2016-02-14 09:53:04	81	81	0	True	True
9139	AchimTuran	2016-02-14 18:24:09	AchimTuran	2016-02-14 18:11:55	6	3	3	True	True
9139	AchimTuran	2016-02-14 18:24:09	AchimTuran	2016-02-20 06:00:07	3	2	1	False	True
9138	Montellese	2016-02-14 17:34:17	Montellese	2016-02-14 17:31:51	52	39	13	True	True
9136	tamland	2016-02-14 16:23:02	tamland	2016-02-14 16:08:26	25	21	4	True	True
9136	tamland	2016-02-14 16:23:02	tamland	2016-02-14 08:39:04	1	1	0	True	True
9136	tamland	2016-02-14 16:23:02	tamland	2016-02-14 08:40:09	23	6	17	True	True
9136	tamland	2016-02-14 16:23:02	tamland	2016-02-14 14:38:58	3	0	3	True	True
9136	tamland	2016-02-14 16:23:02	tamland	2016-02-14 14:33:40	142	7	135	True	True
9128	FernetMenta	2016-02-14 07:09:34	FernetMenta	2016-02-14 07:07:45	20	19	1	True	True
9122	fetzerch	2016-02-13 13:27:59	fetzerch	2016-02-13 13:11:19	21	12	9	True	True
9119	a4840639	2016-02-12 22:25:51	a4840639	2016-02-12 21:28:47	22	21	1	True	True
9111	onixx	2016-02-11 16:54:47	onixx	2016-02-11 16:38:06	27	18	9	True	True
9108	DaveTBlake	2016-02-11 11:07:11	DaveTBlake	2016-02-11 10:32:29	56	32	24	True	True
9107	ksooo	2016-02-11 10:28:37	ksooo	2016-02-11 10:15:27	38	22	16	True	True
9105	ksooo	2016-02-11 07:55:32	ksooo	2015-12-31 11:32:34	8	8	0	True	True
9105	ksooo	2016-02-11 07:55:32	razzeee	2016-02-11 08:38:04	6	6	0	False	True
9105	ksooo	2016-02-11 07:55:32	ksooo	2015-07-29 09:31:53	418	298	120	True	True
9101	FernetMenta	2016-02-10 14:10:57	FernetMenta	2016-02-10 14:06:36	12	4	8	True	True
9098	Rechi	2016-02-09 12:50:06	Rechi	2017-04-03 12:51:50	423	239	184	False	True
9092	stefansaraev	2016-02-08 19:05:37	stefansaraev	2016-02-07 20:02:38	153	26	127	True	True
9092	stefansaraev	2016-02-08 19:05:37	stefansaraev	2016-02-07 16:56:28	17	6	11	True	True
9092	stefansaraev	2016-02-08 19:05:37	stefansaraev	2016-02-07 19:42:37	77	4	73	True	True
9092	stefansaraev	2016-02-08 19:05:37	stefansaraev	2016-02-08 22:04:28	61	0	61	False	True
9092	stefansaraev	2016-02-08 19:05:37	stefansaraev	2016-02-07 20:37:43	8	0	8	True	True
9092	stefansaraev	2016-02-08 19:05:37	stefansaraev	2016-02-08 22:06:25	5	0	5	False	True
9092	stefansaraev	2016-02-08 19:05:37	stefansaraev	2016-02-08 22:38:26	40	0	40	False	True
9092	stefansaraev	2016-02-08 19:05:37	stefansaraev	2016-02-07 20:40:16	7175	13	7162	True	True
9092	stefansaraev	2016-02-08 19:05:37	stefansaraev	2016-02-13 11:18:24	61	1	60	False	True
9092	stefansaraev	2016-02-08 19:05:37	stefansaraev	2016-02-14 12:46:49	2	1	1	False	True
9092	stefansaraev	2016-02-08 19:05:37	stefansaraev	2016-02-08 22:10:44	20	9	11	False	True
9084	fritsch	2016-02-07 18:51:13	fritsch	2016-02-06 20:08:36	1	1	0	True	True
9084	fritsch	2016-02-07 18:51:13	fritsch	2016-02-07 15:49:45	101	82	19	True	True
9083	fetzerch	2016-02-07 17:57:25	fetzerch	2016-02-07 17:30:23	357	357	0	True	True
9083	fetzerch	2016-02-07 17:57:25	fetzerch	2016-02-07 16:58:51	137	137	0	True	True
9083	fetzerch	2016-02-07 17:57:25	fetzerch	2016-02-11 22:39:55	1	1	0	False	True
9083	fetzerch	2016-02-07 17:57:25	notspiff	2016-02-12 14:11:06	1	1	0	False	True
9083	fetzerch	2016-02-07 17:57:25	fetzerch	2016-02-07 17:00:31	39	23	16	True	True
9083	fetzerch	2016-02-07 17:57:25	afedchin	2016-02-09 10:38:45	1	1	0	False	True
9083	fetzerch	2016-02-07 17:57:25	fetzerch	2016-02-07 17:26:59	317	317	0	True	True
9083	fetzerch	2016-02-07 17:57:25	afedchin	2016-02-08 15:19:56	1	1	0	False	True
9083	fetzerch	2016-02-07 17:57:25	fetzerch	2016-02-07 17:32:48	96	96	0	True	True
9083	fetzerch	2016-02-07 17:57:25	fetzerch	2016-01-23 17:22:58	7	4	3	True	True
9083	fetzerch	2016-02-07 17:57:25	fetzerch	2016-02-07 17:29:18	215	215	0	True	True
9083	fetzerch	2016-02-07 17:57:25	fetzerch	2016-02-07 17:31:27	171	171	0	True	True
9083	fetzerch	2016-02-07 17:57:25	fetzerch	2015-12-31 15:46:23	4	2	2	True	True
9083	fetzerch	2016-02-07 17:57:25	fetzerch	2016-02-07 17:30:50	2139	2139	0	True	True
9083	fetzerch	2016-02-07 17:57:25	fetzerch	2016-02-07 17:24:48	8	7	1	True	True
9083	fetzerch	2016-02-07 17:57:25	fetzerch	2016-02-07 16:58:33	14	12	2	True	True
9083	fetzerch	2016-02-07 17:57:25	fetzerch	2016-01-02 12:35:04	2	1	1	True	True
9083	fetzerch	2016-02-07 17:57:25	fetzerch	2016-02-07 17:32:13	1677	1677	0	True	True
9075	fritsch	2016-02-07 12:45:25	fritsch	2016-02-07 18:59:53	2	1	1	False	True
9075	fritsch	2016-02-07 12:45:25	wsnipex	2016-02-07 15:54:32	14	8	6	False	True
9075	fritsch	2016-02-07 12:45:25	wsnipex	2016-02-07 21:10:35	17	9	8	False	True
9062	Memphiz	2016-02-06 13:10:22	davilla	2016-01-18 21:17:28	391	237	154	True	True
9062	Memphiz	2016-02-06 13:10:22	davilla	2016-02-06 11:59:45	16	7	9	True	True
9062	Memphiz	2016-02-06 13:10:22	davilla	2016-02-06 11:49:48	2	1	1	True	True
9062	Memphiz	2016-02-06 13:10:22	amet	2016-01-08 04:18:31	2	1	1	True	True
9055	ace20022	2016-02-05 10:51:40	ace20022	2016-02-05 13:01:28	2	1	1	False	True
9055	ace20022	2016-02-05 10:51:40	ace20022	2016-02-04 14:06:11	1161	4	1157	True	True
9051	tamland	2016-02-04 17:17:21	tamland	2016-01-28 14:59:06	22	0	22	True	True
9051	tamland	2016-02-04 17:17:21	tamland	2016-01-26 15:22:31	1981	1123	858	True	True
9051	tamland	2016-02-04 17:17:21	tamland	2016-01-29 11:06:05	124	118	6	True	True
9051	tamland	2016-02-04 17:17:21	tamland	2016-02-05 10:43:15	14	1	13	False	True
9051	tamland	2016-02-04 17:17:21	tamland	2016-01-29 11:18:09	248	202	46	True	True
9051	tamland	2016-02-04 17:17:21	tamland	2016-01-31 11:17:17	171	112	59	True	True
9051	tamland	2016-02-04 17:17:21	tamland	2016-01-30 09:16:57	89	84	5	True	True
9051	tamland	2016-02-04 17:17:21	tamland	2016-01-28 15:16:52	10	5	5	True	True
9051	tamland	2016-02-04 17:17:21	tamland	2016-01-26 19:24:50	22	16	6	True	True
9051	tamland	2016-02-04 17:17:21	tamland	2016-01-28 10:11:52	77	75	2	True	True
9051	tamland	2016-02-04 17:17:21	tamland	2016-01-30 08:22:52	23	23	0	True	True
9051	tamland	2016-02-04 17:17:21	tamland	2016-01-27 12:34:53	61	32	29	True	True
9051	tamland	2016-02-04 17:17:21	tamland	2016-01-28 16:30:35	69	35	34	True	True
9045	Glenn-1990	2016-02-04 10:54:51	Glenn-1990	2016-02-07 16:29:20	4	2	2	False	True
9045	Glenn-1990	2016-02-04 10:54:51	Glenn-1990	2016-02-07 16:02:20	277	230	47	False	True
9045	Glenn-1990	2016-02-04 10:54:51	Glenn-1990	2016-02-07 16:27:56	69	65	4	False	True
9045	Glenn-1990	2016-02-04 10:54:51	Glenn-1990	2016-02-06 18:27:10	66	2	64	False	True
9045	Glenn-1990	2016-02-04 10:54:51	Glenn-1990	2016-02-07 16:34:58	4	2	2	False	True
9045	Glenn-1990	2016-02-04 10:54:51	Glenn-1990	2016-02-07 16:38:42	9	8	1	False	True
9045	Glenn-1990	2016-02-04 10:54:51	Glenn-1990	2016-02-07 16:43:45	2	1	1	False	True
9045	Glenn-1990	2016-02-04 10:54:51	Glenn-1990	2016-02-07 16:41:41	39	27	12	False	True
9045	Glenn-1990	2016-02-04 10:54:51	Glenn-1990	2016-02-06 18:13:25	58	24	34	False	True
9038	fritsch	2016-02-03 17:09:48	koying	2016-02-03 10:14:19	54	31	23	True	True
9034	MilhouseVH	2016-02-02 19:14:23	MilhouseVH	2016-02-02 19:12:35	2	1	1	True	True
9025	ksooo	2016-02-01 21:54:19	ksooo	2016-02-01 11:15:22	10	7	3	True	True
9023	fritsch	2016-02-01 19:35:26	fritsch	2016-01-30 11:00:35	6	5	1	True	True
9023	fritsch	2016-02-01 19:35:26	fritsch	2016-01-31 14:15:32	1	1	0	True	True
9023	fritsch	2016-02-01 19:35:26	fritsch	2016-02-02 19:35:20	1	1	0	False	True
9023	fritsch	2016-02-01 19:35:26	fritsch	2016-02-02 20:49:16	5	5	0	False	True
9023	fritsch	2016-02-01 19:35:26	fritsch	2016-02-02 21:55:24	9	8	1	False	True
9023	fritsch	2016-02-01 19:35:26	fritsch	2016-02-01 19:09:18	381	312	69	True	True
9019	FernetMenta	2016-02-01 10:56:15	FernetMenta	2016-02-01 18:33:55	72	52	20	False	True
9019	FernetMenta	2016-02-01 10:56:15	FernetMenta	2016-02-01 20:06:28	54	37	17	False	True
9019	FernetMenta	2016-02-01 10:56:15	FernetMenta	2016-01-29 15:37:02	1696	866	830	True	True
