pr_number	author_user_login	pr_created_at	commit_user_login	commit_created_at	commit_status_total	commit_status_additions	commit_status_deletions	create_before_pr	is_review_commit
444	jimfcarroll	2011-09-25 00:20:40	jimfcarroll	2011-10-02 23:23:03	4	2	2	False	True
444	jimfcarroll	2011-09-25 00:20:40	jimfcarroll	2011-09-24 21:38:22	399	250	149	True	True
434	isidrogar	2011-09-16 23:27:01	isidrogar	2011-09-12 20:20:55	177	70	107	True	True
433	isidrogar	2011-09-16 19:00:02	isidrogar	2011-09-11 18:59:12	76	37	39	True	True
433	isidrogar	2011-09-16 19:00:02	isidrogar	2011-09-20 20:41:16	12	11	1	False	True
411	CrystalP	2011-09-09 03:59:39	CrystalP	2011-09-08 18:42:41	20	14	6	True	True
411	CrystalP	2011-09-09 03:59:39	CrystalP	2011-09-08 06:58:18	107	64	43	True	True
411	CrystalP	2011-09-09 03:59:39	CrystalP	2011-09-09 01:21:32	28	24	4	True	True
411	CrystalP	2011-09-09 03:59:39	CrystalP	2011-09-08 18:56:41	6	6	0	True	True
411	CrystalP	2011-09-09 03:59:39	CrystalP	2011-09-08 18:32:58	88	44	44	True	True
411	CrystalP	2011-09-09 03:59:39	CrystalP	2011-09-11 07:10:08	42	26	16	False	True
411	CrystalP	2011-09-09 03:59:39	CrystalP	2011-09-08 06:43:21	67	39	28	True	True
411	CrystalP	2011-09-09 03:59:39	CrystalP	2011-09-08 05:58:14	60	37	23	True	True
411	CrystalP	2011-09-09 03:59:39	CrystalP	2011-09-08 05:28:11	39	24	15	True	True
411	CrystalP	2011-09-09 03:59:39	CrystalP	2011-09-08 00:36:15	108	95	13	True	True
409	cbxbiker61	2011-09-06 16:43:11	kellyanderson	2011-12-06 04:57:27	38	10	28	False	True
409	cbxbiker61	2011-09-06 16:43:11	kellyanderson	2011-12-02 07:32:49	1286	868	418	False	True
409	cbxbiker61	2011-09-06 16:43:11	kellyanderson	2011-11-17 22:12:22	2	1	1	False	True
409	cbxbiker61	2011-09-06 16:43:11	kellyanderson	2011-11-21 08:56:56	635	117	518	False	True
409	cbxbiker61	2011-09-06 16:43:11	kellyanderson	2011-11-21 08:59:36	53	44	9	False	True
409	cbxbiker61	2011-09-06 16:43:11	kellyanderson	2011-11-21 09:00:48	114	93	21	False	True
409	cbxbiker61	2011-09-06 16:43:11	kellyanderson	2011-11-21 22:45:22	1	0	1	False	True
409	cbxbiker61	2011-09-06 16:43:11	kellyanderson	2011-12-05 04:08:14	751	655	96	False	True
409	cbxbiker61	2011-09-06 16:43:11	kellyanderson	2011-12-02 08:03:54	22	7	15	False	True
409	cbxbiker61	2011-09-06 16:43:11	kellyanderson	2011-11-16 08:45:41	1359	685	674	False	True
409	cbxbiker61	2011-09-06 16:43:11	kellyanderson	2011-12-05 04:10:32	29	20	9	False	True
409	cbxbiker61	2011-09-06 16:43:11	kellyanderson	2011-12-06 04:51:02	312	221	91	False	True
409	cbxbiker61	2011-09-06 16:43:11	kellyanderson	2011-11-17 21:58:47	709	548	161	False	True
409	cbxbiker61	2011-09-06 16:43:11	kellyanderson	2011-11-17 22:07:15	15	4	11	False	True
409	cbxbiker61	2011-09-06 16:43:11	kellyanderson	2011-07-26 18:58:38	213	213	0	True	True
409	cbxbiker61	2011-09-06 16:43:11	kellyanderson	2011-07-26 17:59:11	20	20	0	True	True
409	cbxbiker61	2011-09-06 16:43:11	kellyanderson	2011-07-26 18:21:26	14	12	2	True	True
409	cbxbiker61	2011-09-06 16:43:11	kellyanderson	2011-07-26 18:23:11	26	22	4	True	True
409	cbxbiker61	2011-09-06 16:43:11	kellyanderson	2011-07-26 18:24:31	18	17	1	True	True
409	cbxbiker61	2011-09-06 16:43:11	kellyanderson	2011-07-26 18:20:15	265	226	39	True	True
409	cbxbiker61	2011-09-06 16:43:11	kellyanderson	2011-09-06 11:21:18	13	8	5	True	True
409	cbxbiker61	2011-09-06 16:43:11	kellyanderson	2011-09-06 12:29:05	4	2	2	True	True
409	cbxbiker61	2011-09-06 16:43:11	kellyanderson	2011-12-07 02:53:58	30	27	3	False	True
