pr_number	author_user_login	pr_created_at	commit_user_login	commit_created_at	commit_status_total	commit_status_additions	commit_status_deletions	create_before_pr	is_review_commit
3534	Karlson2k	2013-10-31 15:31:11	Karlson2k	2013-10-31 12:36:26	10	10	0	True	True
3534	Karlson2k	2013-10-31 15:31:11	Karlson2k	2013-11-02 15:38:08	12	9	3	False	True
3525	Karlson2k	2013-10-30 14:44:00	Karlson2k	2013-10-30 14:42:55	86	28	58	True	True
3520	Montellese	2013-10-29 15:41:10	Montellese	2013-10-29 15:35:15	36	36	0	True	True
3520	Montellese	2013-10-29 15:41:10	Montellese	2013-10-29 13:26:49	4	3	1	True	True
3520	Montellese	2013-10-29 15:41:10	Montellese	2013-10-29 15:35:39	61	59	2	True	True
3520	Montellese	2013-10-29 15:41:10	Montellese	2013-10-29 14:14:34	50	50	0	True	True
3520	Montellese	2013-10-29 15:41:10	Montellese	2013-10-29 14:14:07	45	45	0	True	True
3519	Montellese	2013-10-29 12:54:08	Montellese	2013-10-29 12:50:10	73	57	16	True	True
3519	Montellese	2013-10-29 12:54:08	Montellese	2013-10-29 12:48:28	16	16	0	True	True
3515	Karlson2k	2013-10-28 21:59:09	Karlson2k	2013-10-28 18:35:03	19	12	7	True	True
3515	Karlson2k	2013-10-28 21:59:09	Karlson2k	2013-10-28 21:25:22	17	10	7	True	True
3515	Karlson2k	2013-10-28 21:59:09	Karlson2k	2013-10-28 21:32:31	2	1	1	True	True
3515	Karlson2k	2013-10-28 21:59:09	Karlson2k	2013-10-28 18:10:06	39	12	27	True	True
3515	Karlson2k	2013-10-28 21:59:09	Karlson2k	2013-11-05 12:19:53	6	6	0	False	True
3515	Karlson2k	2013-10-28 21:59:09	Karlson2k	2013-11-05 20:50:57	12	11	1	False	True
3515	Karlson2k	2013-10-28 21:59:09	Karlson2k	2013-11-05 20:53:09	4	0	4	False	True
3515	Karlson2k	2013-10-28 21:59:09	Karlson2k	2013-10-28 21:36:09	3	2	1	True	True
3515	Karlson2k	2013-10-28 21:59:09	Karlson2k	2013-11-05 20:11:35	4	2	2	False	True
3515	Karlson2k	2013-10-28 21:59:09	Karlson2k	2013-10-28 21:33:04	2	1	1	True	True
3515	Karlson2k	2013-10-28 21:59:09	Karlson2k	2013-10-28 21:35:26	14	12	2	True	True
3512	t-nelson	2013-10-28 16:24:07	t-nelson	2013-10-28 16:19:53	154	88	66	True	True
3511	wsoltys	2013-10-28 15:10:43	wsoltys	2014-05-10 09:13:40	3	2	1	False	True
3511	wsoltys	2013-10-28 15:10:43	wsoltys	2014-05-19 16:20:24	14	13	1	False	True
3511	wsoltys	2013-10-28 15:10:43	wsoltys	2014-05-19 16:14:20	70	39	31	False	True
3511	wsoltys	2013-10-28 15:10:43	wsoltys	2014-05-10 09:11:46	16	10	6	False	True
3511	wsoltys	2013-10-28 15:10:43	wiso	2013-11-16 14:31:14	38	6	32	False	True
3511	wsoltys	2013-10-28 15:10:43	wiso	2013-10-26 17:17:58	385	12	373	True	True
3505	FernetMenta	2013-10-27 20:16:20	FernetMenta	2013-10-29 19:57:59	129	58	71	False	True
3505	FernetMenta	2013-10-27 20:16:20	FernetMenta	2013-05-15 07:14:34	4	3	1	True	True
3505	FernetMenta	2013-10-27 20:16:20	FernetMenta	2013-05-09 10:07:09	32	15	17	True	True
3505	FernetMenta	2013-10-27 20:16:20	FernetMenta	2012-07-05 10:06:25	84	63	21	True	True
3505	FernetMenta	2013-10-27 20:16:20	FernetMenta	2013-10-31 10:25:19	22	0	22	False	True
3505	FernetMenta	2013-10-27 20:16:20	FernetMenta	2013-10-31 09:46:40	4	2	2	False	True
3505	FernetMenta	2013-10-27 20:16:20	FernetMenta	2013-10-31 08:37:13	46	0	46	False	True
3505	FernetMenta	2013-10-27 20:16:20	FernetMenta	2012-06-21 15:26:51	38	37	1	True	True
3505	FernetMenta	2013-10-27 20:16:20	FernetMenta	2014-01-03 19:50:46	17	14	3	False	True
3505	FernetMenta	2013-10-27 20:16:20	FernetMenta	2013-04-13 06:32:06	18	13	5	True	True
3505	FernetMenta	2013-10-27 20:16:20	FernetMenta	2012-07-10 09:14:12	75	73	2	True	True
3505	FernetMenta	2013-10-27 20:16:20	FernetMenta	2012-07-05 10:10:09	9	8	1	True	True
3505	FernetMenta	2013-10-27 20:16:20	FernetMenta	2012-07-05 10:00:26	30	30	0	True	True
3505	FernetMenta	2013-10-27 20:16:20	FernetMenta	2013-03-23 14:13:32	71	44	27	True	True
3505	FernetMenta	2013-10-27 20:16:20	FernetMenta	2013-05-11 15:12:12	155	126	29	True	True
3505	FernetMenta	2013-10-27 20:16:20	FernetMenta	2013-03-24 11:30:12	63	19	44	True	True
3505	FernetMenta	2013-10-27 20:16:20	FernetMenta	2013-02-03 07:17:16	55	33	22	True	True
3505	FernetMenta	2013-10-27 20:16:20	FernetMenta	2013-05-12 08:50:30	84	75	9	True	True
3505	FernetMenta	2013-10-27 20:16:20	FernetMenta	2012-06-28 17:12:39	3	3	0	True	True
3505	FernetMenta	2013-10-27 20:16:20	FernetMenta	2012-07-05 09:54:15	75	59	16	True	True
3505	FernetMenta	2013-10-27 20:16:20	FernetMenta	2012-07-05 09:36:32	9	5	4	True	True
3505	FernetMenta	2013-10-27 20:16:20	FernetMenta	2012-07-05 09:44:00	374	257	117	True	True
3505	FernetMenta	2013-10-27 20:16:20	Grégory Coutant	2012-12-12 18:49:47	2	1	1	True	True
3505	FernetMenta	2013-10-27 20:16:20	FernetMenta	2013-05-19 10:55:35	24	24	0	True	True
3505	FernetMenta	2013-10-27 20:16:20	FernetMenta	2012-07-05 13:02:00	53	52	1	True	True
3505	FernetMenta	2013-10-27 20:16:20	FernetMenta	2013-01-23 16:03:02	2	1	1	True	True
3505	FernetMenta	2013-10-27 20:16:20	FernetMenta	2012-04-12 13:43:56	33	11	22	True	True
3505	FernetMenta	2013-10-27 20:16:20	FernetMenta	2012-07-05 13:22:05	1348	1214	134	True	True
3505	FernetMenta	2013-10-27 20:16:20	FernetMenta	2012-07-05 09:45:22	15	8	7	True	True
3505	FernetMenta	2013-10-27 20:16:20	FernetMenta	2012-05-20 11:17:10	99	82	17	True	True
3503	Phaeodaria	2013-10-27 12:26:46	Phaeodaria	2013-10-27 12:22:09	1383	791	592	True	True
3502	popcornmix	2013-10-26 22:04:01	popcornmix	2013-10-23 23:46:05	1393	1160	233	True	True
3494	guyrichie	2013-10-24 20:38:11	guyrichie	2013-10-24 19:08:48	9	6	3	True	True
3493	popcornmix	2013-10-24 13:57:18	popcornmix	2013-10-08 11:33:25	964	924	40	True	True
3492	popcornmix	2013-10-24 13:33:36	popcornmix	2013-09-23 19:57:24	466	466	0	True	True
3480	micahg	2013-10-22 21:17:54	micahg	2013-10-22 21:14:39	74	73	1	True	True
3479	Memphiz	2013-10-22 17:26:34	Memphiz	2013-10-22 17:07:33	186	186	0	True	True
3479	Memphiz	2013-10-22 17:26:34	Memphiz	2013-10-22 17:08:57	181	123	58	True	True
3479	Memphiz	2013-10-22 17:26:34	Memphiz	2013-10-22 17:11:21	45	29	16	True	True
3475	Karlson2k	2013-10-21 17:22:52	Karlson2k	2013-10-25 12:26:14	2	2	0	False	True
3475	Karlson2k	2013-10-21 17:22:52	Karlson2k	2013-10-25 12:22:32	61	60	1	False	True
3475	Karlson2k	2013-10-21 17:22:52	Karlson2k	2013-10-25 14:29:08	60	11	49	False	True
3475	Karlson2k	2013-10-21 17:22:52	Karlson2k	2013-10-25 14:33:54	34	0	34	False	True
3475	Karlson2k	2013-10-21 17:22:52	jmarshallnz	2013-11-04 21:57:15	10	10	0	False	True
3475	Karlson2k	2013-10-21 17:22:52	Karlson2k	2013-08-20 23:20:21	104	104	0	True	True
3475	Karlson2k	2013-10-21 17:22:52	Karlson2k	2013-08-22 10:32:58	245	240	5	True	True
3475	Karlson2k	2013-10-21 17:22:52	Karlson2k	2013-10-24 16:39:25	12	6	6	False	True
3475	Karlson2k	2013-10-21 17:22:52	Karlson2k	2013-10-24 17:13:25	26	26	0	False	True
3475	Karlson2k	2013-10-21 17:22:52	Karlson2k	2013-10-24 16:50:24	11	9	2	False	True
3473	jmarshallnz	2013-10-21 07:44:24	jmarshallnz	2013-10-21 07:39:49	19	4	15	True	True
3473	jmarshallnz	2013-10-21 07:44:24	jmarshallnz	2013-10-21 07:41:00	73	32	41	True	True
3466	koying	2013-10-20 11:24:27	koying	2013-10-21 10:22:45	11	8	3	False	True
3466	koying	2013-10-20 11:24:27	koying	2013-10-20 11:20:37	8	6	2	True	True
3461	mkortstiege	2013-10-19 09:47:27	mkortstiege	2013-10-19 09:29:00	97	58	39	True	True
3455	FernetMenta	2013-10-18 13:08:38	FernetMenta	2013-10-18 11:03:27	22	7	15	True	True
3455	FernetMenta	2013-10-18 13:08:38	FernetMenta	2013-10-18 11:02:24	13	4	9	True	True
3455	FernetMenta	2013-10-18 13:08:38	Memphiz	2013-10-18 20:11:31	73	45	28	False	True
3455	FernetMenta	2013-10-18 13:08:38	Memphiz	2013-10-20 11:37:37	2	1	1	False	True
3455	FernetMenta	2013-10-18 13:08:38	fritsch	2013-10-18 15:06:18	35	2	33	False	True
3455	FernetMenta	2013-10-18 13:08:38	FernetMenta	2013-10-28 12:14:29	18	12	6	False	True
3455	FernetMenta	2013-10-18 13:08:38	popcornmix	2013-10-26 20:32:26	47	43	4	False	True
3455	FernetMenta	2013-10-18 13:08:38	FernetMenta	2013-10-22 18:48:44	22	15	7	False	True
3455	FernetMenta	2013-10-18 13:08:38	FernetMenta	2013-10-22 18:48:11	35	32	3	False	True
3455	FernetMenta	2013-10-18 13:08:38	Memphiz	2013-10-18 20:01:55	2	0	2	False	True
3455	FernetMenta	2013-10-18 13:08:38	FernetMenta	2013-10-23 18:49:12	43	23	20	False	True
3455	FernetMenta	2013-10-18 13:08:38	FernetMenta	2013-10-20 11:54:45	45	5	40	False	True
3455	FernetMenta	2013-10-18 13:08:38	FernetMenta	2013-10-18 12:21:39	26	1	25	True	True
3455	FernetMenta	2013-10-18 13:08:38	FernetMenta	2013-10-18 12:23:19	4	4	0	True	True
3455	FernetMenta	2013-10-18 13:08:38	FernetMenta	2013-10-18 11:12:01	2830	0	2830	True	True
3455	FernetMenta	2013-10-18 13:08:38	FernetMenta	2013-10-18 11:01:14	87	31	56	True	True
3455	FernetMenta	2013-10-18 13:08:38	FernetMenta	2013-10-18 11:25:23	11	3	8	True	True
3455	FernetMenta	2013-10-18 13:08:38	FernetMenta	2013-10-18 10:59:07	401	251	150	True	True
3455	FernetMenta	2013-10-18 13:08:38	FernetMenta	2013-10-18 11:05:07	137	110	27	True	True
3455	FernetMenta	2013-10-18 13:08:38	popcornmix	2013-10-19 18:20:40	200	126	74	False	True
3453	Montellese	2013-10-18 09:27:38	Montellese	2013-10-17 15:26:23	16	16	0	True	True
3453	Montellese	2013-10-18 09:27:38	jmarshallnz	2013-10-29 21:57:44	14	14	0	False	True
3453	Montellese	2013-10-18 09:27:38	Montellese	2013-10-17 15:26:02	1547	932	615	True	True
3442	Karlson2k	2013-10-16 18:27:32	Karlson2k	2013-09-08 20:55:51	44	41	3	True	True
3442	Karlson2k	2013-10-16 18:27:32	Karlson2k	2013-09-07 15:56:33	24	24	0	True	True
3442	Karlson2k	2013-10-16 18:27:32	Karlson2k	2013-09-07 16:37:15	49	47	2	True	True
3442	Karlson2k	2013-10-16 18:27:32	Karlson2k	2013-09-07 16:44:41	16	16	0	True	True
3436	jmarshallnz	2013-10-16 05:07:52	jmarshallnz	2013-10-16 03:28:07	292	290	2	True	True
3436	jmarshallnz	2013-10-16 05:07:52	jmarshallnz	2013-10-16 03:29:44	72	53	19	True	True
3436	jmarshallnz	2013-10-16 05:07:52	jmarshallnz	2013-10-16 03:21:49	10	10	0	True	True
3434	Karlson2k	2013-10-15 15:39:15	Karlson2k	2013-08-22 17:35:02	18	18	0	True	True
3434	Karlson2k	2013-10-15 15:39:15	Karlson2k	2013-08-24 23:12:00	18	18	0	True	True
3434	Karlson2k	2013-10-15 15:39:15	Karlson2k	2013-08-22 17:35:34	29	29	0	True	True
3434	Karlson2k	2013-10-15 15:39:15	Karlson2k	2013-08-24 23:12:08	11	9	2	True	True
3434	Karlson2k	2013-10-15 15:39:15	Karlson2k	2013-08-24 11:27:28	11	11	0	True	True
3434	Karlson2k	2013-10-15 15:39:15	Karlson2k	2013-08-24 11:22:45	2	1	1	True	True
3434	Karlson2k	2013-10-15 15:39:15	Karlson2k	2013-08-24 11:20:57	2	1	1	True	True
3434	Karlson2k	2013-10-15 15:39:15	Karlson2k	2013-08-24 11:23:24	4	2	2	True	True
3434	Karlson2k	2013-10-15 15:39:15	Karlson2k	2013-08-24 11:19:03	6	3	3	True	True
3434	Karlson2k	2013-10-15 15:39:15	Karlson2k	2013-08-24 11:22:01	2	1	1	True	True
3434	Karlson2k	2013-10-15 15:39:15	Karlson2k	2013-08-24 11:24:28	2	1	1	True	True
3434	Karlson2k	2013-10-15 15:39:15	Karlson2k	2013-08-24 11:20:14	6	3	3	True	True
3429	arnova	2013-10-15 04:13:16	arnova	2013-10-23 13:42:49	2	1	1	False	True
3429	arnova	2013-10-15 04:13:16	arnova	2013-10-14 08:47:48	37	28	9	True	True
3429	arnova	2013-10-15 04:13:16	arnova	2013-10-16 11:13:02	51	24	27	False	True
3427	Karlson2k	2013-10-14 19:11:42	Karlson2k	2013-10-14 19:08:39	5	3	2	True	True
3424	Karlson2k	2013-10-14 17:34:41	Karlson2k	2013-10-14 15:00:07	52	15	37	True	True
3424	Karlson2k	2013-10-14 17:34:41	Karlson2k	2013-10-14 16:34:16	14	8	6	True	True
3424	Karlson2k	2013-10-14 17:34:41	Karlson2k	2013-10-14 15:04:47	2	1	1	True	True
3424	Karlson2k	2013-10-14 17:34:41	Karlson2k	2013-10-14 13:30:54	14	14	0	True	True
3424	Karlson2k	2013-10-14 17:34:41	Karlson2k	2013-10-14 08:35:17	9	9	0	True	True
3424	Karlson2k	2013-10-14 17:34:41	Karlson2k	2013-10-14 08:21:56	2	1	1	True	True
3424	Karlson2k	2013-10-14 17:34:41	Karlson2k	2013-10-14 13:21:42	21	12	9	True	True
3418	Karlson2k	2013-10-13 11:15:37	Karlson2k	2013-10-19 11:30:50	13	11	2	False	True
3418	Karlson2k	2013-10-13 11:15:37	Karlson2k	2013-10-13 11:04:47	3	2	1	True	True
3418	Karlson2k	2013-10-13 11:15:37	Karlson2k	2013-10-19 11:42:02	18	9	9	False	True
3418	Karlson2k	2013-10-13 11:15:37	Karlson2k	2013-09-27 18:32:38	102	31	71	True	True
3418	Karlson2k	2013-10-13 11:15:37	Karlson2k	2013-09-27 18:34:37	6	3	3	True	True
3418	Karlson2k	2013-10-13 11:15:37	Karlson2k	2013-10-13 10:53:51	67	34	33	True	True
3418	Karlson2k	2013-10-13 11:15:37	Karlson2k	2013-09-27 12:09:19	39	24	15	True	True
3416	opdenkamp	2013-10-13 11:03:36	opdenkamp	2013-10-13 10:58:31	77	74	3	True	True
3416	opdenkamp	2013-10-13 11:03:36	opdenkamp	2013-10-13 11:09:01	9	6	3	False	True
3412	blinkseb	2013-10-12 12:35:12	blinkseb	2013-10-12 12:22:38	5	1	4	True	True
3412	blinkseb	2013-10-12 12:35:12	blinkseb	2013-10-12 12:22:59	10	6	4	True	True
3412	blinkseb	2013-10-12 12:35:12	blinkseb	2013-10-12 12:21:47	12383	1	12382	True	True
3408	Karlson2k	2013-10-10 15:45:47	Karlson2k	2013-10-06 15:37:16	32	32	0	True	True
3408	Karlson2k	2013-10-10 15:45:47	Karlson2k	2013-10-03 22:58:08	44	15	29	True	True
3408	Karlson2k	2013-10-10 15:45:47	Karlson2k	2013-10-03 15:59:40	39	39	0	True	True
3408	Karlson2k	2013-10-10 15:45:47	Karlson2k	2013-10-04 00:32:34	75	28	47	True	True
3408	Karlson2k	2013-10-10 15:45:47	Karlson2k	2013-10-02 22:45:06	66	25	41	True	True
3408	Karlson2k	2013-10-10 15:45:47	Karlson2k	2013-10-03 23:57:10	8	4	4	True	True
3408	Karlson2k	2013-10-10 15:45:47	Karlson2k	2013-10-04 00:29:19	16	8	8	True	True
3408	Karlson2k	2013-10-10 15:45:47	Karlson2k	2013-10-03 14:17:34	8	4	4	True	True
3408	Karlson2k	2013-10-10 15:45:47	Karlson2k	2013-10-03 14:31:40	86	30	56	True	True
3401	Montellese	2013-10-08 20:48:22	Montellese	2013-09-13 13:20:24	1145	641	504	True	True
3401	Montellese	2013-10-08 20:48:22	Montellese	2013-09-13 13:20:56	11	11	0	True	True
3401	Montellese	2013-10-08 20:48:22	jmarshallnz	2014-05-01 01:36:38	18	18	0	False	True
3398	FernetMenta	2013-10-08 16:29:11	FernetMenta	2013-10-08 16:24:10	80	36	44	True	True
3396	ace20022	2013-10-08 15:07:14	ace20022	2013-11-08 09:25:02	12	12	0	False	True
3396	ace20022	2013-10-08 15:07:14	popcornmix	2013-11-08 17:18:43	12	12	0	False	True
3396	ace20022	2013-10-08 15:07:14	popcornmix	2013-11-08 17:14:59	11	11	0	False	True
3396	ace20022	2013-10-08 15:07:14	popcornmix	2013-11-08 17:16:31	87	54	33	False	True
3396	ace20022	2013-10-08 15:07:14	popcornmix	2013-11-07 17:26:50	50	49	1	False	True
3396	ace20022	2013-10-08 15:07:14	popcornmix	2013-11-07 17:40:23	36	36	0	False	True
3396	ace20022	2013-10-08 15:07:14	ace20022	2013-11-06 16:20:37	11	11	0	False	True
3396	ace20022	2013-10-08 15:07:14	ace20022	2013-10-30 16:22:20	87	54	33	False	True
3396	ace20022	2013-10-08 15:07:14	ace20022	2013-10-30 16:20:13	38	36	2	False	True
3396	ace20022	2013-10-08 15:07:14	ace20022	2013-10-07 11:30:44	50	49	1	True	True
3396	ace20022	2013-10-08 15:07:14	popcornmix	2013-11-07 17:42:44	19	18	1	False	True
3396	ace20022	2013-10-08 15:07:14	ace20022	2013-10-31 15:21:04	36	36	0	False	True
3394	groth-its	2013-10-07 21:30:58	groth-its	2013-10-14 15:45:52	15	9	6	False	True
3389	groth-its	2013-10-06 21:18:29	groth-its	2013-10-06 20:28:04	35	31	4	True	True
3389	groth-its	2013-10-06 21:18:29	groth-its	2013-10-31 17:40:40	4	2	2	False	True
3389	groth-its	2013-10-06 21:18:29	groth-its	2013-10-06 20:34:54	196	193	3	True	True
3387	xhaggi	2013-10-06 18:15:12	xhaggi	2013-10-07 10:08:42	19	18	1	False	True
3387	xhaggi	2013-10-06 18:15:12	xhaggi	2013-11-01 10:11:16	3	3	0	False	True
3387	xhaggi	2013-10-06 18:15:12	xhaggi	2013-10-08 15:23:35	2	1	1	False	True
3387	xhaggi	2013-10-06 18:15:12	xhaggi	2013-10-14 08:34:44	24	21	3	False	True
3387	xhaggi	2013-10-06 18:15:12	xhaggi	2013-10-13 16:32:38	49	31	18	False	True
3387	xhaggi	2013-10-06 18:15:12	xhaggi	2013-10-09 18:08:45	10	5	5	False	True
3387	xhaggi	2013-10-06 18:15:12	xhaggi	2013-10-09 17:31:43	6	3	3	False	True
3387	xhaggi	2013-10-06 18:15:12	xhaggi	2013-10-07 18:27:25	8	8	0	False	True
3387	xhaggi	2013-10-06 18:15:12	xhaggi	2013-10-08 14:33:49	6	3	3	False	True
3387	xhaggi	2013-10-06 18:15:12	xhaggi	2013-10-07 18:24:28	19	14	5	False	True
3387	xhaggi	2013-10-06 18:15:12	Memphiz	2013-10-27 16:00:08	107	76	31	False	True
3387	xhaggi	2013-10-06 18:15:12	xhaggi	2013-10-06 17:25:05	342	163	179	True	True
3387	xhaggi	2013-10-06 18:15:12	xhaggi	2013-10-07 15:01:51	9	6	3	False	True
3387	xhaggi	2013-10-06 18:15:12	xhaggi	2013-10-06 17:44:05	329	9	320	True	True
3387	xhaggi	2013-10-06 18:15:12	xhaggi	2013-10-07 18:57:12	4	3	1	False	True
3387	xhaggi	2013-10-06 18:15:12	xhaggi	2013-10-08 06:15:09	9	8	1	False	True
3387	xhaggi	2013-10-06 18:15:12	xhaggi	2013-10-08 15:29:00	51	45	6	False	True
3387	xhaggi	2013-10-06 18:15:12	xhaggi	2013-10-09 18:16:11	157	73	84	False	True
3382	janbar	2013-10-05 19:51:26	janbar	2013-10-06 23:34:41	122	64	58	False	True
3381	FernetMenta	2013-10-05 16:48:27	FernetMenta	2013-10-05 16:44:38	12	9	3	True	True
3377	dougep	2013-10-05 05:47:02	dougep	2013-10-01 07:35:13	24	20	4	True	True
3375	ace20022	2013-10-04 13:55:27	ace20022	2013-09-30 21:54:20	20	14	6	True	True
3375	ace20022	2013-10-04 13:55:27	ace20022	2013-09-30 22:24:52	10	7	3	True	True
3375	ace20022	2013-10-04 13:55:27	ace20022	2013-10-04 09:07:58	16	13	3	True	True
3374	Karlson2k	2013-10-04 01:09:01	Karlson2k	2013-10-08 16:21:30	9	6	3	False	True
3374	Karlson2k	2013-10-04 01:09:01	Karlson2k	2013-10-02 22:45:06	66	25	41	True	True
3374	Karlson2k	2013-10-04 01:09:01	Karlson2k	2013-10-03 14:31:40	86	30	56	True	True
3374	Karlson2k	2013-10-04 01:09:01	Karlson2k	2013-10-08 15:51:23	251	119	132	False	True
3374	Karlson2k	2013-10-04 01:09:01	Karlson2k	2013-10-08 19:45:07	4	2	2	False	True
3374	Karlson2k	2013-10-04 01:09:01	Karlson2k	2013-10-08 19:34:52	21	20	1	False	True
3374	Karlson2k	2013-10-04 01:09:01	Karlson2k	2013-10-03 22:58:08	44	15	29	True	True
3374	Karlson2k	2013-10-04 01:09:01	Karlson2k	2013-10-04 00:39:41	1	0	1	True	True
3374	Karlson2k	2013-10-04 01:09:01	Karlson2k	2013-10-04 00:32:34	75	28	47	True	True
3374	Karlson2k	2013-10-04 01:09:01	Karlson2k	2013-10-09 22:31:41	9	0	9	False	True
3374	Karlson2k	2013-10-04 01:09:01	Karlson2k	2013-10-09 11:42:25	18	9	9	False	True
3374	Karlson2k	2013-10-04 01:09:01	Karlson2k	2013-10-08 16:47:19	2	1	1	False	True
3374	Karlson2k	2013-10-04 01:09:01	Karlson2k	2013-10-05 18:32:59	49	11	38	False	True
3374	Karlson2k	2013-10-04 01:09:01	Karlson2k	2013-10-02 14:58:27	28	10	18	True	True
3374	Karlson2k	2013-10-04 01:09:01	Karlson2k	2013-10-08 16:22:10	9	4	5	False	True
3374	Karlson2k	2013-10-04 01:09:01	Karlson2k	2013-10-05 17:41:06	6	3	3	False	True
3374	Karlson2k	2013-10-04 01:09:01	Karlson2k	2013-10-06 15:37:16	33	33	0	False	True
3374	Karlson2k	2013-10-04 01:09:01	Karlson2k	2013-10-03 23:57:10	8	4	4	True	True
3374	Karlson2k	2013-10-04 01:09:01	Karlson2k	2013-10-08 18:23:58	121	51	70	False	True
3374	Karlson2k	2013-10-04 01:09:01	Karlson2k	2013-10-03 22:20:53	28	14	14	True	True
3374	Karlson2k	2013-10-04 01:09:01	Karlson2k	2013-10-06 15:17:04	6	6	0	False	True
3374	Karlson2k	2013-10-04 01:09:01	Karlson2k	2013-10-03 14:22:32	2	1	1	True	True
3374	Karlson2k	2013-10-04 01:09:01	Karlson2k	2013-10-03 16:46:15	31	22	9	True	True
3374	Karlson2k	2013-10-04 01:09:01	Karlson2k	2013-10-04 00:29:19	16	8	8	True	True
3374	Karlson2k	2013-10-04 01:09:01	Karlson2k	2013-10-03 15:59:40	38	38	0	True	True
3374	Karlson2k	2013-10-04 01:09:01	Karlson2k	2013-10-03 14:17:34	8	4	4	True	True
3374	Karlson2k	2013-10-04 01:09:01	Karlson2k	2013-10-06 15:17:55	1	0	1	False	True
3369	wsoltys	2013-10-02 19:49:10	wsoltys	2013-10-02 18:32:43	2	2	0	True	True
3369	wsoltys	2013-10-02 19:49:10	wsoltys	2013-10-02 17:26:13	16	8	8	True	True
3369	wsoltys	2013-10-02 19:49:10	wsoltys	2013-10-02 17:53:42	2	2	0	True	True
3369	wsoltys	2013-10-02 19:49:10	wsoltys	2013-10-02 18:06:16	1	1	0	True	True
3369	wsoltys	2013-10-02 19:49:10	wsoltys	2013-10-02 19:18:11	1	1	0	True	True
3369	wsoltys	2013-10-02 19:49:10	wsoltys	2013-10-02 18:39:19	16	8	8	True	True
3366	arnova	2013-10-02 16:48:38	arnova	2013-10-02 11:14:20	85	36	49	True	True
3365	t-nelson	2013-10-02 14:15:57	t-nelson	2013-10-02 13:55:53	9	9	0	True	True
3356	popcornmix	2013-10-01 19:51:10	popcornmix	2013-10-05 20:19:27	220	213	7	False	True
3354	FernetMenta	2013-10-01 18:34:39	FernetMenta	2013-09-12 20:28:50	8	8	0	True	True
3354	FernetMenta	2013-10-01 18:34:39	FernetMenta	2013-10-01 15:42:01	2	1	1	True	True
3354	FernetMenta	2013-10-01 18:34:39	FernetMenta	2013-09-30 19:30:28	359	17	342	True	True
3354	FernetMenta	2013-10-01 18:34:39	FernetMenta	2013-09-17 16:21:43	2	1	1	True	True
3354	FernetMenta	2013-10-01 18:34:39	FernetMenta	2013-10-05 12:31:19	2	1	1	False	True
3354	FernetMenta	2013-10-01 18:34:39	FernetMenta	2013-09-30 16:52:31	24	10	14	True	True
3354	FernetMenta	2013-10-01 18:34:39	FernetMenta	2013-10-01 15:51:02	20	3	17	True	True
3354	FernetMenta	2013-10-01 18:34:39	FernetMenta	2013-09-30 08:49:58	360	236	124	True	True
3354	FernetMenta	2013-10-01 18:34:39	FernetMenta	2013-09-28 17:56:19	9	4	5	True	True
3354	FernetMenta	2013-10-01 18:34:39	FernetMenta	2013-09-27 14:04:45	20	16	4	True	True
3354	FernetMenta	2013-10-01 18:34:39	FernetMenta	2013-09-21 12:17:09	430	243	187	True	True
3354	FernetMenta	2013-10-01 18:34:39	FernetMenta	2013-09-29 05:30:41	5	4	1	True	True
3354	FernetMenta	2013-10-01 18:34:39	FernetMenta	2013-09-30 19:05:03	367	190	177	True	True
