pr_number	author_user_login	pr_created_at	commit_user_login	commit_created_at	commit_status_total	commit_status_additions	commit_status_deletions	create_before_pr	is_review_commit
290	CrHasher	2011-07-21 14:08:05	CrHasher	2011-07-21 13:45:54	101	75	26	True	True
280	CrHasher	2011-07-15 14:25:05	CrHasher	2011-07-19 14:06:59	127	112	15	False	True
280	CrHasher	2011-07-15 14:25:05	CrHasher	2011-07-19 14:35:05	1	0	1	False	True
270	krixon	2011-07-10 17:27:44	krixon	2011-07-10 16:31:41	60	56	4	True	True
270	krixon	2011-07-10 17:27:44	krixon	2011-07-10 17:14:21	13	8	5	True	True
270	krixon	2011-07-10 17:27:44	krixon	2011-07-10 17:15:39	3	1	2	True	True
265	dteirney	2011-07-09 08:03:30	dteirney	2011-07-09 07:57:29	164	139	25	True	True
263	garbear	2011-07-08 18:58:26	garbear	2011-07-08 03:52:22	116	69	47	True	True
260	bobo1on1	2011-07-07 18:40:47	bobo1on1	2011-07-07 16:00:40	33	16	17	True	True
260	bobo1on1	2011-07-07 18:40:47	bobo1on1	2011-07-07 18:04:03	11	8	3	True	True
260	bobo1on1	2011-07-07 18:40:47	bobo1on1	2011-07-07 19:46:21	19	8	11	False	True
260	bobo1on1	2011-07-07 18:40:47	bobo1on1	2011-07-07 18:36:36	21	19	2	True	True
260	bobo1on1	2011-07-07 18:40:47	bobo1on1	2011-07-07 18:09:29	41	23	18	True	True
259	a11599	2011-07-07 14:22:06	Istvan Stikrad	2011-07-28 09:13:42	377	358	19	False	True
248	jimfcarroll	2011-07-05 13:45:54	jimfcarroll	2011-07-03 16:02:08	5	3	2	True	True
248	jimfcarroll	2011-07-05 13:45:54	jimfcarroll	2011-07-03 18:16:29	201	123	78	True	True
