pr_number	author_user_login	pr_created_at	review_user_login	review_created_at	filename	create_before_pr	has_issue_comment	has_review_comment	has_commit
3166	koying	2013-08-31 01:20:03	jmarshallnz	2013-09-06 01:21:37	xbmc/cores/dvdplayer/DVDSubtitles/DVDSubtitlesLibass.cpp	True	True	True	True
3166	koying	2013-08-31 01:20:03	jmarshallnz	2013-09-06 01:21:37	xbmc/cores/dvdplayer/DVDSubtitles/DVDSubtitlesLibass.cpp	False	True	True	True
3166	koying	2013-08-31 01:20:03	jmarshallnz	2013-09-06 01:21:37	xbmc/video/windows/GUIWindowFullScreen.cpp	False	True	True	True
3166	koying	2013-08-31 01:20:03	jmarshallnz	2013-09-06 01:21:37	xbmc/music/karaoke/karaokelyricstext.cpp	False	True	True	True
3166	koying	2013-08-31 01:20:03	jmarshallnz	2013-09-06 01:21:37	xbmc/music/karaoke/karaokelyricstext.cpp	True	True	True	True
3166	koying	2013-08-31 01:20:03	jmarshallnz	2013-09-06 01:21:37	xbmc/video/windows/GUIWindowFullScreen.cpp	True	True	True	True
3157	adamreeve	2013-08-28 07:04:16	jmarshallnz	2013-09-13 21:24:59	xbmc/music/MusicThumbLoader.cpp	True	True	True	True
3138	Fice	2013-08-23 14:43:43	t-nelson	2013-08-23 15:58:02	xbmc/video/dialogs/GUIDialogVideoInfo.cpp	False	True	True	True
3137	jmbreuer	2013-08-23 14:35:53	Montellese	2013-08-30 08:48:36	xbmc/windows/GUIMediaWindow.cpp	False	True	True	True
3137	jmbreuer	2013-08-23 14:35:53	Montellese	2013-08-30 08:48:36	xbmc/view/GUIViewState.h	False	True	True	True
3137	jmbreuer	2013-08-23 14:35:53	Montellese	2013-08-30 08:48:36	xbmc/view/GUIViewState.cpp	False	True	True	True
3132	Jalle19	2013-08-23 07:00:38	MartijnKaijser	2013-08-23 07:19:31	xbmc/GUIInfoManager.h	True	True	True	True
3132	Jalle19	2013-08-23 07:00:38	MartijnKaijser	2013-08-23 07:19:31	addons/skin.confluence/720p/VideoFullScreen.xml	True	True	True	True
3132	Jalle19	2013-08-23 07:00:38	MartijnKaijser	2013-08-23 07:19:31	language/English/strings.po	True	True	True	True
3132	Jalle19	2013-08-23 07:00:38	MartijnKaijser	2013-08-23 07:19:31	xbmc/GUIInfoManager.cpp	True	True	True	True
3132	Jalle19	2013-08-23 07:00:38	MartijnKaijser	2013-08-23 07:19:31	xbmc/pvr/PVRGUIInfo.h	True	True	True	True
3132	Jalle19	2013-08-23 07:00:38	MartijnKaijser	2013-08-23 07:19:31	xbmc/addons/include/xbmc_pvr_types.h	True	True	True	True
3132	Jalle19	2013-08-23 07:00:38	MartijnKaijser	2013-08-23 07:19:31	xbmc/pvr/PVRGUIInfo.cpp	True	True	True	True
3130	jdieter	2013-08-22 18:43:46	jmarshallnz	2013-08-22 19:49:49	xbmc/guilib/GUIImage.h	True	True	True	True
3130	jdieter	2013-08-22 18:43:46	jmarshallnz	2013-10-21 01:41:49	xbmc/guilib/GUITexture.h	True	True	True	True
3130	jdieter	2013-08-22 18:43:46	jmarshallnz	2013-10-21 01:41:49	xbmc/guilib/GUITexture.cpp	True	True	True	True
3130	jdieter	2013-08-22 18:43:46	jmarshallnz	2013-10-21 01:41:49	xbmc/guilib/GUIImage.h	True	True	True	True
3130	jdieter	2013-08-22 18:43:46	jmarshallnz	2013-10-21 01:41:49	xbmc/guilib/GUIImage.cpp	True	True	True	True
3130	jdieter	2013-08-22 18:43:46	jmarshallnz	2013-10-21 01:41:49	xbmc/GUILargeTextureManager.h	True	True	True	True
3130	jdieter	2013-08-22 18:43:46	jmarshallnz	2013-10-21 01:41:49	xbmc/GUILargeTextureManager.cpp	True	True	True	True
3130	jdieter	2013-08-22 18:43:46	jmarshallnz	2013-08-22 19:49:49	xbmc/interfaces/legacy/Control.h	True	True	True	True
3130	jdieter	2013-08-22 18:43:46	jmarshallnz	2013-08-22 19:49:49	xbmc/interfaces/legacy/Control.cpp	True	True	True	True
3130	jdieter	2013-08-22 18:43:46	jmarshallnz	2013-08-22 19:49:49	xbmc/guilib/GUITexture.h	True	True	True	True
3130	jdieter	2013-08-22 18:43:46	jmarshallnz	2013-08-22 19:49:49	xbmc/guilib/GUITexture.cpp	True	True	True	True
3130	jdieter	2013-08-22 18:43:46	jmarshallnz	2013-08-22 19:49:24	xbmc/GUILargeTextureManager.cpp	True	True	True	True
3130	jdieter	2013-08-22 18:43:46	jmarshallnz	2013-08-22 19:49:49	xbmc/guilib/GUIImage.cpp	True	True	True	True
3130	jdieter	2013-08-22 18:43:46	jmarshallnz	2013-08-22 19:49:49	xbmc/GUILargeTextureManager.h	True	True	True	True
3130	jdieter	2013-08-22 18:43:46	jmarshallnz	2013-08-22 19:49:49	xbmc/GUILargeTextureManager.cpp	True	True	True	True
3130	jdieter	2013-08-22 18:43:46	jmarshallnz	2013-08-22 19:49:24	xbmc/interfaces/legacy/Control.h	True	True	True	True
3130	jdieter	2013-08-22 18:43:46	jmarshallnz	2013-08-22 19:49:24	xbmc/interfaces/legacy/Control.cpp	True	True	True	True
3130	jdieter	2013-08-22 18:43:46	jmarshallnz	2013-08-22 19:49:24	xbmc/guilib/GUITexture.h	True	True	True	True
3130	jdieter	2013-08-22 18:43:46	jmarshallnz	2013-08-22 19:49:24	xbmc/guilib/GUITexture.cpp	True	True	True	True
3130	jdieter	2013-08-22 18:43:46	jmarshallnz	2013-08-22 19:49:24	xbmc/guilib/GUIImage.h	True	True	True	True
3130	jdieter	2013-08-22 18:43:46	jmarshallnz	2013-08-22 19:49:24	xbmc/guilib/GUIImage.cpp	True	True	True	True
3130	jdieter	2013-08-22 18:43:46	jmarshallnz	2013-08-22 19:49:24	xbmc/GUILargeTextureManager.h	True	True	True	True
3130	jdieter	2013-08-22 18:43:46	jmarshallnz	2013-10-21 01:41:49	xbmc/interfaces/legacy/Control.h	True	True	True	True
3130	jdieter	2013-08-22 18:43:46	jmarshallnz	2013-10-21 01:41:49	xbmc/interfaces/legacy/Control.cpp	True	True	True	True
3130	jdieter	2013-08-22 18:43:46	jmarshallnz	2013-10-21 01:41:17	xbmc/GUILargeTextureManager.cpp	True	True	True	True
3130	jdieter	2013-08-22 18:43:46	MartijnKaijser	2013-10-26 09:24:01	xbmc/GUILargeTextureManager.cpp	True	True	True	True
3130	jdieter	2013-08-22 18:43:46	jmarshallnz	2013-10-21 01:41:17	xbmc/guilib/GUITexture.h	True	True	True	True
3130	jdieter	2013-08-22 18:43:46	jmarshallnz	2013-08-22 19:50:36	xbmc/interfaces/legacy/Control.h	True	True	True	True
3130	jdieter	2013-08-22 18:43:46	jmarshallnz	2013-08-22 19:50:36	xbmc/interfaces/legacy/Control.cpp	True	True	True	True
3130	jdieter	2013-08-22 18:43:46	jmarshallnz	2013-08-22 19:50:36	xbmc/guilib/GUITexture.h	True	True	True	True
3130	jdieter	2013-08-22 18:43:46	jmarshallnz	2013-08-22 19:50:36	xbmc/guilib/GUITexture.cpp	True	True	True	True
3130	jdieter	2013-08-22 18:43:46	jmarshallnz	2013-08-22 19:50:36	xbmc/guilib/GUIImage.h	True	True	True	True
3130	jdieter	2013-08-22 18:43:46	jmarshallnz	2013-08-22 19:50:36	xbmc/guilib/GUIImage.cpp	True	True	True	True
3130	jdieter	2013-08-22 18:43:46	jmarshallnz	2013-08-22 19:50:36	xbmc/GUILargeTextureManager.h	True	True	True	True
3130	jdieter	2013-08-22 18:43:46	jmarshallnz	2013-08-22 19:50:36	xbmc/GUILargeTextureManager.cpp	True	True	True	True
3130	jdieter	2013-08-22 18:43:46	MartijnKaijser	2013-10-26 09:24:01	xbmc/GUILargeTextureManager.h	True	True	True	True
3130	jdieter	2013-08-22 18:43:46	jmarshallnz	2013-10-21 01:41:17	xbmc/interfaces/legacy/Control.cpp	True	True	True	True
3130	jdieter	2013-08-22 18:43:46	jmarshallnz	2013-10-21 01:41:17	xbmc/interfaces/legacy/Control.h	True	True	True	True
3130	jdieter	2013-08-22 18:43:46	jmarshallnz	2013-10-21 01:41:17	xbmc/guilib/GUITexture.cpp	True	True	True	True
3130	jdieter	2013-08-22 18:43:46	MartijnKaijser	2013-10-26 09:24:01	xbmc/interfaces/legacy/Control.cpp	True	True	True	True
3130	jdieter	2013-08-22 18:43:46	MartijnKaijser	2013-10-26 09:24:01	xbmc/guilib/GUIImage.cpp	True	True	True	True
3130	jdieter	2013-08-22 18:43:46	MartijnKaijser	2013-10-26 09:24:01	xbmc/guilib/GUIImage.h	True	True	True	True
3130	jdieter	2013-08-22 18:43:46	jmarshallnz	2013-10-21 01:41:17	xbmc/guilib/GUIImage.h	True	True	True	True
3130	jdieter	2013-08-22 18:43:46	MartijnKaijser	2013-10-26 09:24:01	xbmc/guilib/GUITexture.h	True	True	True	True
3130	jdieter	2013-08-22 18:43:46	MartijnKaijser	2013-10-26 09:24:01	xbmc/guilib/GUITexture.cpp	True	True	True	True
3130	jdieter	2013-08-22 18:43:46	MartijnKaijser	2013-10-26 09:24:01	xbmc/interfaces/legacy/Control.h	True	True	True	True
3130	jdieter	2013-08-22 18:43:46	jmarshallnz	2013-10-21 01:41:17	xbmc/GUILargeTextureManager.h	True	True	True	True
3130	jdieter	2013-08-22 18:43:46	jmarshallnz	2013-10-21 01:41:17	xbmc/guilib/GUIImage.cpp	True	True	True	True
3128	stupid-boy	2013-08-21 17:35:52	jmarshallnz	2013-08-21 19:58:15	xbmc/guilib/GUILabel.cpp	False	True	True	True
3121	Karlson2k	2013-08-18 19:30:09	elupus	2013-08-24 18:06:58	xbmc/cores/dvdplayer/DVDPlayer.cpp	False	True	True	True
3121	Karlson2k	2013-08-18 19:30:09	elupus	2013-08-24 18:06:58	xbmc/threads/SystemClock.h	True	True	True	True
3121	Karlson2k	2013-08-18 19:30:09	elupus	2013-08-24 18:06:58	xbmc/utils/RssReader.cpp	True	True	True	True
3121	Karlson2k	2013-08-18 19:30:09	elupus	2013-08-24 18:06:58	xbmc/peripherals/devices/PeripheralCecAdapter.cpp	True	True	True	True
3121	Karlson2k	2013-08-18 19:30:09	elupus	2013-08-24 18:06:58	xbmc/threads/SystemClock.cpp	True	True	True	True
3121	Karlson2k	2013-08-18 19:30:09	elupus	2013-08-24 18:06:58	xbmc/pvr/PVRGUIInfo.h	False	True	True	True
3121	Karlson2k	2013-08-18 19:30:09	elupus	2013-08-24 18:06:58	xbmc/pvr/PVRGUIInfo.cpp	False	True	True	True
3121	Karlson2k	2013-08-18 19:30:09	elupus	2013-08-24 18:06:58	xbmc/cores/dvdplayer/DVDPlayer.h	False	True	True	True
3121	Karlson2k	2013-08-18 19:30:09	elupus	2013-08-24 18:06:58	xbmc/cores/dvdplayer/DVDInputStreams/DVDInputStreamPVRManager.cpp	False	True	True	True
3121	Karlson2k	2013-08-18 19:30:09	elupus	2013-08-24 18:06:58	xbmc/cores/dvdplayer/DVDInputStreams/DVDInputStreamPVRManager.h	False	True	True	True
3121	Karlson2k	2013-08-18 19:30:09	elupus	2013-08-24 18:06:58	xbmc/cores/AudioEngine/Engines/SoftAE/SoftAE.cpp	True	True	True	True
3121	Karlson2k	2013-08-18 19:30:09	elupus	2013-08-24 18:06:58	xbmc/cores/AudioEngine/Engines/SoftAE/SoftAE.h	True	True	True	True
3121	Karlson2k	2013-08-18 19:30:09	elupus	2013-08-24 18:06:58	xbmc/threads/SystemClock.h	False	True	True	True
3119	jimfcarroll	2013-08-17 21:41:55	MartijnKaijser	2013-08-18 08:22:44	xbmc/interfaces/legacy/Dialog.h	False	True	True	True
3119	jimfcarroll	2013-08-17 21:41:55	MartijnKaijser	2013-08-18 08:22:44	xbmc/interfaces/legacy/Keyboard.h	True	True	True	True
3119	jimfcarroll	2013-08-17 21:41:55	MartijnKaijser	2013-08-18 08:22:44	xbmc/interfaces/legacy/File.h	True	True	True	True
3119	jimfcarroll	2013-08-17 21:41:55	MartijnKaijser	2013-08-18 08:22:44	xbmc/interfaces/legacy/Dialog.h	True	True	True	True
3119	jimfcarroll	2013-08-17 21:41:55	MartijnKaijser	2013-08-18 08:22:44	xbmc/interfaces/legacy/Player.h	False	True	True	True
3119	jimfcarroll	2013-08-17 21:41:55	MartijnKaijser	2013-08-18 08:22:44	xbmc/interfaces/legacy/ModuleXbmcvfs.h	False	True	True	True
3119	jimfcarroll	2013-08-17 21:41:55	MartijnKaijser	2013-08-18 08:22:44	xbmc/interfaces/legacy/Window.h	False	True	True	True
3119	jimfcarroll	2013-08-17 21:41:55	MartijnKaijser	2013-08-18 08:22:44	xbmc/interfaces/legacy/Control.h	False	True	True	True
3119	jimfcarroll	2013-08-17 21:41:55	MartijnKaijser	2013-08-18 08:22:44	xbmc/interfaces/legacy/InfoTagVideo.h	True	True	True	True
3119	jimfcarroll	2013-08-17 21:41:55	MartijnKaijser	2013-08-18 08:22:44	xbmc/interfaces/legacy/InfoTagMusic.h	True	True	True	True
3119	jimfcarroll	2013-08-17 21:41:55	MartijnKaijser	2013-08-18 08:22:44	xbmc/interfaces/legacy/Control.h	True	True	True	True
3119	jimfcarroll	2013-08-17 21:41:55	MartijnKaijser	2013-08-18 08:22:44	xbmc/interfaces/legacy/ModuleXbmc.h	True	True	True	True
3119	jimfcarroll	2013-08-17 21:41:55	MartijnKaijser	2013-08-18 08:35:47	xbmc/interfaces/legacy/Window.h	True	True	True	True
3119	jimfcarroll	2013-08-17 21:41:55	MartijnKaijser	2013-08-18 08:35:47	xbmc/interfaces/legacy/Stat.h	True	True	True	True
3119	jimfcarroll	2013-08-17 21:41:55	MartijnKaijser	2013-08-18 08:35:47	xbmc/interfaces/legacy/RenderCapture.h	True	True	True	True
3119	jimfcarroll	2013-08-17 21:41:55	MartijnKaijser	2013-08-18 08:35:47	xbmc/interfaces/legacy/Player.h	True	True	True	True
3119	jimfcarroll	2013-08-17 21:41:55	MartijnKaijser	2013-08-18 08:35:47	xbmc/interfaces/legacy/PlayList.h	True	True	True	True
3119	jimfcarroll	2013-08-17 21:41:55	MartijnKaijser	2013-08-18 08:22:44	xbmc/interfaces/legacy/ListItem.h	True	True	True	True
3119	jimfcarroll	2013-08-17 21:41:55	MartijnKaijser	2013-08-18 08:22:44	xbmc/interfaces/legacy/ModuleXbmcplugin.h	True	True	True	True
3119	jimfcarroll	2013-08-17 21:41:55	MartijnKaijser	2013-08-18 08:22:44	xbmc/interfaces/legacy/ModuleXbmcgui.h	True	True	True	True
3119	jimfcarroll	2013-08-17 21:41:55	amet	2013-08-18 06:40:15	xbmc/interfaces/legacy/Control.h	True	True	True	True
3119	jimfcarroll	2013-08-17 21:41:55	amet	2013-08-18 06:40:15	xbmc/interfaces/legacy/Dialog.h	True	True	True	True
3119	jimfcarroll	2013-08-17 21:41:55	amet	2013-08-18 06:40:15	xbmc/interfaces/legacy/Player.h	False	True	True	True
3119	jimfcarroll	2013-08-17 21:41:55	amet	2013-08-18 06:40:15	xbmc/interfaces/legacy/ModuleXbmcvfs.h	False	True	True	True
3119	jimfcarroll	2013-08-17 21:41:55	amet	2013-08-18 06:40:15	xbmc/interfaces/legacy/Window.h	False	True	True	True
3119	jimfcarroll	2013-08-17 21:41:55	amet	2013-08-18 06:40:15	xbmc/interfaces/legacy/Control.h	False	True	True	True
3119	jimfcarroll	2013-08-17 21:41:55	amet	2013-08-18 06:40:15	xbmc/interfaces/legacy/Dialog.h	False	True	True	True
3119	jimfcarroll	2013-08-17 21:41:55	amet	2013-08-18 06:40:15	xbmc/interfaces/legacy/InfoTagMusic.h	True	True	True	True
3119	jimfcarroll	2013-08-17 21:41:55	amet	2013-08-18 06:40:15	xbmc/interfaces/legacy/InfoTagVideo.h	True	True	True	True
3119	jimfcarroll	2013-08-17 21:41:55	MartijnKaijser	2013-08-18 08:35:47	xbmc/interfaces/legacy/ModuleXbmcvfs.h	True	True	True	True
3119	jimfcarroll	2013-08-17 21:41:55	MartijnKaijser	2013-08-18 08:22:44	xbmc/interfaces/legacy/Window.h	True	True	True	True
3119	jimfcarroll	2013-08-17 21:41:55	MartijnKaijser	2013-08-18 08:22:44	xbmc/interfaces/legacy/Stat.h	True	True	True	True
3119	jimfcarroll	2013-08-17 21:41:55	MartijnKaijser	2013-08-18 08:22:44	xbmc/interfaces/legacy/RenderCapture.h	True	True	True	True
3119	jimfcarroll	2013-08-17 21:41:55	MartijnKaijser	2013-08-18 08:22:44	xbmc/interfaces/legacy/Player.h	True	True	True	True
3119	jimfcarroll	2013-08-17 21:41:55	MartijnKaijser	2013-08-18 08:22:44	xbmc/interfaces/legacy/PlayList.h	True	True	True	True
3119	jimfcarroll	2013-08-17 21:41:55	MartijnKaijser	2013-08-18 08:22:44	xbmc/interfaces/legacy/Monitor.h	True	True	True	True
3119	jimfcarroll	2013-08-17 21:41:55	MartijnKaijser	2013-08-18 08:22:44	xbmc/interfaces/legacy/ModuleXbmcvfs.h	True	True	True	True
3119	jimfcarroll	2013-08-17 21:41:55	MartijnKaijser	2013-08-18 08:35:47	xbmc/interfaces/legacy/Monitor.h	True	True	True	True
3119	jimfcarroll	2013-08-17 21:41:55	MartijnKaijser	2013-08-18 08:35:47	xbmc/interfaces/legacy/ModuleXbmc.h	True	True	True	True
3119	jimfcarroll	2013-08-17 21:41:55	MartijnKaijser	2013-08-18 08:35:47	xbmc/interfaces/legacy/ModuleXbmcplugin.h	True	True	True	True
3119	jimfcarroll	2013-08-17 21:41:55	MartijnKaijser	2013-08-18 15:04:28	xbmc/interfaces/legacy/Player.h	False	True	True	True
3119	jimfcarroll	2013-08-17 21:41:55	MartijnKaijser	2013-08-18 15:04:28	xbmc/interfaces/legacy/ModuleXbmcplugin.h	True	True	True	True
3119	jimfcarroll	2013-08-17 21:41:55	MartijnKaijser	2013-08-18 15:04:28	xbmc/interfaces/legacy/ModuleXbmcgui.h	True	True	True	True
3119	jimfcarroll	2013-08-17 21:41:55	MartijnKaijser	2013-08-18 15:04:28	xbmc/interfaces/legacy/ModuleXbmc.h	True	True	True	True
3119	jimfcarroll	2013-08-17 21:41:55	MartijnKaijser	2013-08-18 15:04:28	xbmc/interfaces/legacy/ListItem.h	True	True	True	True
3119	jimfcarroll	2013-08-17 21:41:55	MartijnKaijser	2013-08-18 15:04:28	xbmc/interfaces/legacy/Keyboard.h	True	True	True	True
3119	jimfcarroll	2013-08-17 21:41:55	MartijnKaijser	2013-08-18 15:04:28	xbmc/interfaces/legacy/File.h	True	True	True	True
3119	jimfcarroll	2013-08-17 21:41:55	MartijnKaijser	2013-08-18 15:04:28	xbmc/interfaces/legacy/Dialog.h	True	True	True	True
3119	jimfcarroll	2013-08-17 21:41:55	MartijnKaijser	2013-08-18 15:04:28	xbmc/interfaces/legacy/ModuleXbmcvfs.h	False	True	True	True
3119	jimfcarroll	2013-08-17 21:41:55	MartijnKaijser	2013-08-18 08:35:47	xbmc/interfaces/legacy/ModuleXbmcgui.h	True	True	True	True
3119	jimfcarroll	2013-08-17 21:41:55	MartijnKaijser	2013-08-18 15:04:28	xbmc/interfaces/legacy/Window.h	False	True	True	True
3119	jimfcarroll	2013-08-17 21:41:55	MartijnKaijser	2013-08-18 15:04:28	xbmc/interfaces/legacy/Control.h	False	True	True	True
3119	jimfcarroll	2013-08-17 21:41:55	MartijnKaijser	2013-08-18 15:04:28	xbmc/interfaces/legacy/Dialog.h	False	True	True	True
3119	jimfcarroll	2013-08-17 21:41:55	MartijnKaijser	2013-08-18 15:04:28	xbmc/interfaces/legacy/InfoTagMusic.h	True	True	True	True
3119	jimfcarroll	2013-08-17 21:41:55	MartijnKaijser	2013-08-18 15:04:28	xbmc/interfaces/legacy/Control.h	True	True	True	True
3119	jimfcarroll	2013-08-17 21:41:55	MartijnKaijser	2013-08-18 15:04:28	xbmc/interfaces/legacy/InfoTagVideo.h	True	True	True	True
3119	jimfcarroll	2013-08-17 21:41:55	amet	2013-08-18 06:40:15	xbmc/interfaces/legacy/Keyboard.h	True	True	True	True
3119	jimfcarroll	2013-08-17 21:41:55	MartijnKaijser	2013-08-18 15:04:28	xbmc/interfaces/legacy/ModuleXbmcvfs.h	True	True	True	True
3119	jimfcarroll	2013-08-17 21:41:55	MartijnKaijser	2013-08-18 15:04:28	xbmc/interfaces/legacy/Monitor.h	True	True	True	True
3119	jimfcarroll	2013-08-17 21:41:55	MartijnKaijser	2013-08-18 15:04:28	xbmc/interfaces/legacy/PlayList.h	True	True	True	True
3119	jimfcarroll	2013-08-17 21:41:55	MartijnKaijser	2013-08-18 15:04:28	xbmc/interfaces/legacy/Player.h	True	True	True	True
3119	jimfcarroll	2013-08-17 21:41:55	MartijnKaijser	2013-08-18 08:35:47	xbmc/interfaces/legacy/ListItem.h	True	True	True	True
3119	jimfcarroll	2013-08-17 21:41:55	MartijnKaijser	2013-08-18 08:35:47	xbmc/interfaces/legacy/Keyboard.h	True	True	True	True
3119	jimfcarroll	2013-08-17 21:41:55	MartijnKaijser	2013-08-18 08:35:47	xbmc/interfaces/legacy/File.h	True	True	True	True
3119	jimfcarroll	2013-08-17 21:41:55	MartijnKaijser	2013-08-18 08:35:47	xbmc/interfaces/legacy/Dialog.h	True	True	True	True
3119	jimfcarroll	2013-08-17 21:41:55	MartijnKaijser	2013-08-18 08:35:47	xbmc/interfaces/legacy/Player.h	False	True	True	True
3119	jimfcarroll	2013-08-17 21:41:55	MartijnKaijser	2013-08-18 08:35:47	xbmc/interfaces/legacy/ModuleXbmcvfs.h	False	True	True	True
3119	jimfcarroll	2013-08-17 21:41:55	MartijnKaijser	2013-08-18 08:35:47	xbmc/interfaces/legacy/Window.h	False	True	True	True
3119	jimfcarroll	2013-08-17 21:41:55	MartijnKaijser	2013-08-18 08:35:47	xbmc/interfaces/legacy/Control.h	False	True	True	True
3119	jimfcarroll	2013-08-17 21:41:55	MartijnKaijser	2013-08-18 08:35:47	xbmc/interfaces/legacy/Dialog.h	False	True	True	True
3119	jimfcarroll	2013-08-17 21:41:55	MartijnKaijser	2013-08-18 08:35:47	xbmc/interfaces/legacy/InfoTagMusic.h	True	True	True	True
3119	jimfcarroll	2013-08-17 21:41:55	MartijnKaijser	2013-08-18 08:35:47	xbmc/interfaces/legacy/Control.h	True	True	True	True
3119	jimfcarroll	2013-08-17 21:41:55	MartijnKaijser	2013-08-18 08:35:47	xbmc/interfaces/legacy/InfoTagVideo.h	True	True	True	True
3119	jimfcarroll	2013-08-17 21:41:55	MartijnKaijser	2013-08-18 15:04:28	xbmc/interfaces/legacy/Window.h	True	True	True	True
3119	jimfcarroll	2013-08-17 21:41:55	MartijnKaijser	2013-08-18 15:04:28	xbmc/interfaces/legacy/Stat.h	True	True	True	True
3119	jimfcarroll	2013-08-17 21:41:55	MartijnKaijser	2013-08-18 15:04:28	xbmc/interfaces/legacy/RenderCapture.h	True	True	True	True
3119	jimfcarroll	2013-08-17 21:41:55	amet	2013-08-18 06:40:15	xbmc/interfaces/legacy/File.h	True	True	True	True
3119	jimfcarroll	2013-08-17 21:41:55	amet	2013-08-18 06:37:59	xbmc/interfaces/legacy/Player.h	True	True	True	True
3119	jimfcarroll	2013-08-17 21:41:55	amet	2013-08-18 06:40:15	xbmc/interfaces/legacy/ListItem.h	True	True	True	True
3119	jimfcarroll	2013-08-17 21:41:55	MartijnKaijser	2013-08-18 08:35:20	xbmc/interfaces/legacy/Monitor.h	True	True	True	True
3119	jimfcarroll	2013-08-17 21:41:55	MartijnKaijser	2013-08-18 08:34:18	xbmc/interfaces/legacy/Control.h	True	True	True	True
3119	jimfcarroll	2013-08-17 21:41:55	MartijnKaijser	2013-08-18 08:34:18	xbmc/interfaces/legacy/InfoTagVideo.h	True	True	True	True
3119	jimfcarroll	2013-08-17 21:41:55	MartijnKaijser	2013-08-18 08:35:20	xbmc/interfaces/legacy/Window.h	True	True	True	True
3119	jimfcarroll	2013-08-17 21:41:55	MartijnKaijser	2013-08-18 08:35:20	xbmc/interfaces/legacy/Stat.h	True	True	True	True
3119	jimfcarroll	2013-08-17 21:41:55	MartijnKaijser	2013-08-18 08:35:20	xbmc/interfaces/legacy/RenderCapture.h	True	True	True	True
3119	jimfcarroll	2013-08-17 21:41:55	MartijnKaijser	2013-08-18 08:35:20	xbmc/interfaces/legacy/Player.h	True	True	True	True
3119	jimfcarroll	2013-08-17 21:41:55	MartijnKaijser	2013-08-18 08:35:20	xbmc/interfaces/legacy/PlayList.h	True	True	True	True
3119	jimfcarroll	2013-08-17 21:41:55	MartijnKaijser	2013-08-18 08:35:20	xbmc/interfaces/legacy/ModuleXbmcvfs.h	True	True	True	True
3119	jimfcarroll	2013-08-17 21:41:55	MartijnKaijser	2013-08-18 08:35:20	xbmc/interfaces/legacy/ModuleXbmcvfs.h	False	True	True	True
3119	jimfcarroll	2013-08-17 21:41:55	MartijnKaijser	2013-08-18 08:35:20	xbmc/interfaces/legacy/ModuleXbmcplugin.h	True	True	True	True
3119	jimfcarroll	2013-08-17 21:41:55	MartijnKaijser	2013-08-18 08:35:20	xbmc/interfaces/legacy/ModuleXbmcgui.h	True	True	True	True
3119	jimfcarroll	2013-08-17 21:41:55	MartijnKaijser	2013-08-18 08:35:20	xbmc/interfaces/legacy/ModuleXbmc.h	True	True	True	True
3119	jimfcarroll	2013-08-17 21:41:55	MartijnKaijser	2013-08-18 08:35:20	xbmc/interfaces/legacy/ListItem.h	True	True	True	True
3119	jimfcarroll	2013-08-17 21:41:55	MartijnKaijser	2013-08-18 08:35:20	xbmc/interfaces/legacy/Keyboard.h	True	True	True	True
3119	jimfcarroll	2013-08-17 21:41:55	MartijnKaijser	2013-08-18 08:35:20	xbmc/interfaces/legacy/File.h	True	True	True	True
3119	jimfcarroll	2013-08-17 21:41:55	MartijnKaijser	2013-08-18 08:35:20	xbmc/interfaces/legacy/Dialog.h	True	True	True	True
3119	jimfcarroll	2013-08-17 21:41:55	MartijnKaijser	2013-08-18 08:34:18	xbmc/interfaces/legacy/InfoTagMusic.h	True	True	True	True
3119	jimfcarroll	2013-08-17 21:41:55	MartijnKaijser	2013-08-18 08:34:18	xbmc/interfaces/legacy/Dialog.h	False	True	True	True
3119	jimfcarroll	2013-08-17 21:41:55	MartijnKaijser	2013-08-18 08:34:18	xbmc/interfaces/legacy/Control.h	False	True	True	True
3119	jimfcarroll	2013-08-17 21:41:55	MartijnKaijser	2013-08-18 08:34:18	xbmc/interfaces/legacy/Window.h	False	True	True	True
3119	jimfcarroll	2013-08-17 21:41:55	MartijnKaijser	2013-08-18 08:34:18	xbmc/interfaces/legacy/Window.h	True	True	True	True
3119	jimfcarroll	2013-08-17 21:41:55	MartijnKaijser	2013-08-18 08:34:18	xbmc/interfaces/legacy/Stat.h	True	True	True	True
3119	jimfcarroll	2013-08-17 21:41:55	MartijnKaijser	2013-08-18 08:34:18	xbmc/interfaces/legacy/RenderCapture.h	True	True	True	True
3119	jimfcarroll	2013-08-17 21:41:55	MartijnKaijser	2013-08-18 08:34:18	xbmc/interfaces/legacy/Player.h	True	True	True	True
3119	jimfcarroll	2013-08-17 21:41:55	MartijnKaijser	2013-08-18 08:34:18	xbmc/interfaces/legacy/PlayList.h	True	True	True	True
3119	jimfcarroll	2013-08-17 21:41:55	MartijnKaijser	2013-08-18 08:34:18	xbmc/interfaces/legacy/Monitor.h	True	True	True	True
3119	jimfcarroll	2013-08-17 21:41:55	MartijnKaijser	2013-08-18 08:34:18	xbmc/interfaces/legacy/ModuleXbmcvfs.h	True	True	True	True
3119	jimfcarroll	2013-08-17 21:41:55	MartijnKaijser	2013-08-18 08:34:18	xbmc/interfaces/legacy/ModuleXbmcgui.h	True	True	True	True
3119	jimfcarroll	2013-08-17 21:41:55	MartijnKaijser	2013-08-18 08:34:18	xbmc/interfaces/legacy/ModuleXbmc.h	True	True	True	True
3119	jimfcarroll	2013-08-17 21:41:55	MartijnKaijser	2013-08-18 08:34:18	xbmc/interfaces/legacy/ListItem.h	True	True	True	True
3119	jimfcarroll	2013-08-17 21:41:55	MartijnKaijser	2013-08-18 08:34:18	xbmc/interfaces/legacy/Keyboard.h	True	True	True	True
3119	jimfcarroll	2013-08-17 21:41:55	MartijnKaijser	2013-08-18 08:34:18	xbmc/interfaces/legacy/File.h	True	True	True	True
3119	jimfcarroll	2013-08-17 21:41:55	MartijnKaijser	2013-08-18 08:34:18	xbmc/interfaces/legacy/Dialog.h	True	True	True	True
3119	jimfcarroll	2013-08-17 21:41:55	MartijnKaijser	2013-08-18 08:34:18	xbmc/interfaces/legacy/Player.h	False	True	True	True
3119	jimfcarroll	2013-08-17 21:41:55	MartijnKaijser	2013-08-18 08:34:18	xbmc/interfaces/legacy/ModuleXbmcvfs.h	False	True	True	True
3119	jimfcarroll	2013-08-17 21:41:55	MartijnKaijser	2013-08-18 08:35:20	xbmc/interfaces/legacy/Player.h	False	True	True	True
3119	jimfcarroll	2013-08-17 21:41:55	MartijnKaijser	2013-08-18 08:34:18	xbmc/interfaces/legacy/ModuleXbmcplugin.h	True	True	True	True
3119	jimfcarroll	2013-08-17 21:41:55	MartijnKaijser	2013-08-18 08:35:20	xbmc/interfaces/legacy/Window.h	False	True	True	True
3119	jimfcarroll	2013-08-17 21:41:55	amet	2013-08-18 06:40:15	xbmc/interfaces/legacy/Window.h	True	True	True	True
3119	jimfcarroll	2013-08-17 21:41:55	amet	2013-08-18 06:37:59	xbmc/interfaces/legacy/ModuleXbmcvfs.h	False	True	True	True
3119	jimfcarroll	2013-08-17 21:41:55	amet	2013-08-18 06:37:59	xbmc/interfaces/legacy/Window.h	False	True	True	True
3119	jimfcarroll	2013-08-17 21:41:55	amet	2013-08-18 06:37:59	xbmc/interfaces/legacy/Control.h	False	True	True	True
3119	jimfcarroll	2013-08-17 21:41:55	amet	2013-08-18 06:37:59	xbmc/interfaces/legacy/Dialog.h	False	True	True	True
3119	jimfcarroll	2013-08-17 21:41:55	amet	2013-08-18 06:37:59	xbmc/interfaces/legacy/InfoTagMusic.h	True	True	True	True
3119	jimfcarroll	2013-08-17 21:41:55	amet	2013-08-18 06:37:59	xbmc/interfaces/legacy/Control.h	True	True	True	True
3119	jimfcarroll	2013-08-17 21:41:55	amet	2013-08-18 06:37:59	xbmc/interfaces/legacy/InfoTagVideo.h	True	True	True	True
3119	jimfcarroll	2013-08-17 21:41:55	amet	2013-08-18 06:40:15	xbmc/interfaces/legacy/Stat.h	True	True	True	True
3119	jimfcarroll	2013-08-17 21:41:55	amet	2013-08-18 06:37:59	xbmc/interfaces/legacy/Dialog.h	True	True	True	True
3119	jimfcarroll	2013-08-17 21:41:55	amet	2013-08-18 06:40:15	xbmc/interfaces/legacy/RenderCapture.h	True	True	True	True
3119	jimfcarroll	2013-08-17 21:41:55	amet	2013-08-18 06:40:15	xbmc/interfaces/legacy/Player.h	True	True	True	True
3119	jimfcarroll	2013-08-17 21:41:55	amet	2013-08-18 06:40:15	xbmc/interfaces/legacy/PlayList.h	True	True	True	True
3119	jimfcarroll	2013-08-17 21:41:55	amet	2013-08-18 06:40:15	xbmc/interfaces/legacy/Monitor.h	True	True	True	True
3119	jimfcarroll	2013-08-17 21:41:55	amet	2013-08-18 06:40:15	xbmc/interfaces/legacy/ModuleXbmcplugin.h	True	True	True	True
3119	jimfcarroll	2013-08-17 21:41:55	amet	2013-08-18 06:40:15	xbmc/interfaces/legacy/ModuleXbmcgui.h	True	True	True	True
3119	jimfcarroll	2013-08-17 21:41:55	MartijnKaijser	2013-08-18 08:35:20	xbmc/interfaces/legacy/Control.h	False	True	True	True
3119	jimfcarroll	2013-08-17 21:41:55	amet	2013-08-18 06:37:59	xbmc/interfaces/legacy/Player.h	False	True	True	True
3119	jimfcarroll	2013-08-17 21:41:55	amet	2013-08-18 06:40:15	xbmc/interfaces/legacy/ModuleXbmcvfs.h	True	True	True	True
3119	jimfcarroll	2013-08-17 21:41:55	amet	2013-08-18 06:37:59	xbmc/interfaces/legacy/File.h	True	True	True	True
3119	jimfcarroll	2013-08-17 21:41:55	amet	2013-08-18 06:40:15	xbmc/interfaces/legacy/ModuleXbmc.h	True	True	True	True
3119	jimfcarroll	2013-08-17 21:41:55	MartijnKaijser	2013-08-18 08:35:20	xbmc/interfaces/legacy/Dialog.h	False	True	True	True
3119	jimfcarroll	2013-08-17 21:41:55	amet	2013-08-18 06:37:59	xbmc/interfaces/legacy/Keyboard.h	True	True	True	True
3119	jimfcarroll	2013-08-17 21:41:55	MartijnKaijser	2013-08-18 08:35:20	xbmc/interfaces/legacy/Control.h	True	True	True	True
3119	jimfcarroll	2013-08-17 21:41:55	MartijnKaijser	2013-08-18 08:35:20	xbmc/interfaces/legacy/InfoTagVideo.h	True	True	True	True
3119	jimfcarroll	2013-08-17 21:41:55	amet	2013-08-18 06:37:59	xbmc/interfaces/legacy/Window.h	True	True	True	True
3119	jimfcarroll	2013-08-17 21:41:55	amet	2013-08-18 06:37:59	xbmc/interfaces/legacy/Stat.h	True	True	True	True
3119	jimfcarroll	2013-08-17 21:41:55	amet	2013-08-18 06:37:59	xbmc/interfaces/legacy/RenderCapture.h	True	True	True	True
3119	jimfcarroll	2013-08-17 21:41:55	MartijnKaijser	2013-08-18 08:35:20	xbmc/interfaces/legacy/InfoTagMusic.h	True	True	True	True
3119	jimfcarroll	2013-08-17 21:41:55	amet	2013-08-18 06:37:59	xbmc/interfaces/legacy/PlayList.h	True	True	True	True
3119	jimfcarroll	2013-08-17 21:41:55	amet	2013-08-18 06:37:59	xbmc/interfaces/legacy/Monitor.h	True	True	True	True
3119	jimfcarroll	2013-08-17 21:41:55	amet	2013-08-18 06:37:59	xbmc/interfaces/legacy/ModuleXbmcvfs.h	True	True	True	True
3119	jimfcarroll	2013-08-17 21:41:55	amet	2013-08-18 06:37:59	xbmc/interfaces/legacy/ModuleXbmcplugin.h	True	True	True	True
3119	jimfcarroll	2013-08-17 21:41:55	amet	2013-08-18 06:37:59	xbmc/interfaces/legacy/ModuleXbmc.h	True	True	True	True
3119	jimfcarroll	2013-08-17 21:41:55	amet	2013-08-18 06:37:59	xbmc/interfaces/legacy/ModuleXbmcgui.h	True	True	True	True
3119	jimfcarroll	2013-08-17 21:41:55	amet	2013-08-18 06:37:59	xbmc/interfaces/legacy/ListItem.h	True	True	True	True
3114	stupid-boy	2013-08-17 10:14:51	jmarshallnz	2013-08-20 19:57:00	xbmc/guilib/GUILabelControl.cpp	False	True	True	True
3111	janbar	2013-08-15 18:52:47	opdenkamp	2013-09-08 00:07:31	xbmc/epg/Epg.cpp	False	True	True	True
3111	janbar	2013-08-15 18:52:47	opdenkamp	2013-09-08 00:06:20	xbmc/epg/Epg.cpp	False	True	True	True
3099	Voyager1	2013-08-14 05:35:29	elupus	2013-08-14 20:58:21	xbmc/cores/VideoRenderers/BaseRenderer.cpp	True	True	True	True
3097	Karlson2k	2013-08-13 00:58:21	jmarshallnz	2013-09-09 20:15:13	xbmc/cores/DllLoader/Win32DllLoader.cpp	True	True	True	True
3097	Karlson2k	2013-08-13 00:58:21	t-nelson	2013-08-13 01:18:09	xbmc/utils/StringUtils.cpp	False	True	True	True
3097	Karlson2k	2013-08-13 00:58:21	t-nelson	2013-08-13 01:18:09	xbmc/utils/CharsetConverter.h	False	True	True	True
3097	Karlson2k	2013-08-13 00:58:21	jmarshallnz	2013-09-09 20:15:13	xbmc/pictures/PictureInfoTag.cpp	False	True	True	True
3097	Karlson2k	2013-08-13 00:58:21	jmarshallnz	2013-09-09 20:15:13	xbmc/filesystem/iso9660.cpp	False	True	True	True
3097	Karlson2k	2013-08-13 00:58:21	t-nelson	2013-08-13 01:18:09	xbmc/utils/CharsetConverter.cpp	False	True	True	True
3097	Karlson2k	2013-08-13 00:58:21	t-nelson	2013-08-13 01:18:09	xbmc/utils/CharsetConverter.h	True	True	True	True
3097	Karlson2k	2013-08-13 00:58:21	t-nelson	2013-08-13 01:18:09	xbmc/utils/CharsetConverter.cpp	True	True	True	True
3097	Karlson2k	2013-08-13 00:58:21	t-nelson	2013-08-13 01:18:09	project/VS2010Express/XBMC.vcxproj	False	True	True	True
3097	Karlson2k	2013-08-13 00:58:21	t-nelson	2013-08-13 01:18:09	project/VS2010Express/XBMC.vcxproj.filters	False	True	True	True
3097	Karlson2k	2013-08-13 00:58:21	t-nelson	2013-08-13 01:18:09	xbmc/utils/uXstrings.h	False	True	True	True
3097	Karlson2k	2013-08-13 00:58:21	jmarshallnz	2013-09-09 20:15:13	xbmc/utils/Weather.cpp	False	True	True	True
3097	Karlson2k	2013-08-13 00:58:21	t-nelson	2013-08-13 01:18:09	configure.in	False	True	True	True
3097	Karlson2k	2013-08-13 00:58:21	jmarshallnz	2013-09-09 20:15:13	xbmc/cores/dvdplayer/DVDSubtitles/DVDSubtitleStream.cpp	False	True	True	True
3097	Karlson2k	2013-08-13 00:58:21	jmarshallnz	2013-09-09 20:15:13	xbmc/utils/CharsetConverter.h	True	True	True	True
3097	Karlson2k	2013-08-13 00:58:21	jmarshallnz	2013-09-09 20:15:13	xbmc/utils/RssReader.cpp	False	True	True	True
3097	Karlson2k	2013-08-13 00:58:21	jmarshallnz	2013-09-09 20:15:13	xbmc/playlists/SmartPlayList.cpp	False	True	True	True
3097	Karlson2k	2013-08-13 00:58:21	jmarshallnz	2013-09-09 20:15:13	xbmc/music/karaoke/karaokelyricstextkar.cpp	False	True	True	True
3097	Karlson2k	2013-08-13 00:58:21	jmarshallnz	2013-09-09 20:15:13	xbmc/guilib/LocalizeStrings.cpp	False	True	True	True
3097	Karlson2k	2013-08-13 00:58:21	jmarshallnz	2013-09-09 20:15:13	xbmc/NfoFile.h	False	True	True	True
3097	Karlson2k	2013-08-13 00:58:21	jmarshallnz	2013-09-09 20:15:13	xbmc/utils/StringUtils.h	False	True	True	True
3097	Karlson2k	2013-08-13 00:58:21	jmarshallnz	2013-09-09 20:15:13	xbmc/utils/StringUtils.cpp	False	True	True	True
3097	Karlson2k	2013-08-13 00:58:21	jmarshallnz	2013-09-09 20:15:13	configure.in	False	True	True	True
3097	Karlson2k	2013-08-13 00:58:21	jmarshallnz	2013-09-09 20:15:13	xbmc/utils/uXstrings.h	False	True	True	True
3097	Karlson2k	2013-08-13 00:58:21	jmarshallnz	2013-09-09 20:15:13	project/VS2010Express/XBMC.vcxproj.filters	False	True	True	True
3097	Karlson2k	2013-08-13 00:58:21	jmarshallnz	2013-09-09 20:15:13	project/VS2010Express/XBMC.vcxproj	False	True	True	True
3097	Karlson2k	2013-08-13 00:58:21	t-nelson	2013-08-13 01:18:09	xbmc/NfoFile.h	False	True	True	True
3097	Karlson2k	2013-08-13 00:58:21	jmarshallnz	2013-09-09 20:15:13	xbmc/utils/CharsetConverter.cpp	True	True	True	True
3097	Karlson2k	2013-08-13 00:58:21	t-nelson	2013-08-13 01:18:09	xbmc/utils/StringUtils.h	False	True	True	True
3097	Karlson2k	2013-08-13 00:58:21	jmarshallnz	2013-09-09 20:22:01	xbmc/NfoFile.h	False	True	True	True
3097	Karlson2k	2013-08-13 00:58:21	t-nelson	2013-08-13 01:18:09	xbmc/guilib/LocalizeStrings.cpp	False	True	True	True
3097	Karlson2k	2013-08-13 00:58:21	jmarshallnz	2013-09-09 20:22:01	xbmc/utils/CharsetConverter.h	True	True	True	True
3097	Karlson2k	2013-08-13 00:58:21	jmarshallnz	2013-09-09 20:15:13	xbmc/utils/CharsetConverter.cpp	False	True	True	True
3097	Karlson2k	2013-08-13 00:58:21	jmarshallnz	2013-09-09 20:22:01	xbmc/pictures/PictureInfoTag.cpp	False	True	True	True
3097	Karlson2k	2013-08-13 00:58:21	jmarshallnz	2013-09-09 20:22:01	xbmc/filesystem/iso9660.cpp	False	True	True	True
3097	Karlson2k	2013-08-13 00:58:21	jmarshallnz	2013-09-09 20:22:01	xbmc/cores/dvdplayer/DVDSubtitles/DVDSubtitleStream.cpp	False	True	True	True
3097	Karlson2k	2013-08-13 00:58:21	jmarshallnz	2013-09-09 20:22:01	xbmc/utils/Weather.cpp	False	True	True	True
3097	Karlson2k	2013-08-13 00:58:21	jmarshallnz	2013-09-09 20:22:01	xbmc/utils/RssReader.cpp	False	True	True	True
3097	Karlson2k	2013-08-13 00:58:21	jmarshallnz	2013-09-09 20:22:01	xbmc/playlists/SmartPlayList.cpp	False	True	True	True
3097	Karlson2k	2013-08-13 00:58:21	jmarshallnz	2013-09-09 20:22:01	xbmc/music/karaoke/karaokelyricstextkar.cpp	False	True	True	True
3097	Karlson2k	2013-08-13 00:58:21	jmarshallnz	2013-09-09 20:22:01	xbmc/guilib/LocalizeStrings.cpp	False	True	True	True
3097	Karlson2k	2013-08-13 00:58:21	jmarshallnz	2013-09-09 20:22:01	xbmc/utils/StringUtils.h	False	True	True	True
3097	Karlson2k	2013-08-13 00:58:21	jmarshallnz	2013-09-09 20:22:01	xbmc/utils/StringUtils.cpp	False	True	True	True
3097	Karlson2k	2013-08-13 00:58:21	jmarshallnz	2013-09-09 20:22:01	configure.in	False	True	True	True
3097	Karlson2k	2013-08-13 00:58:21	jmarshallnz	2013-09-09 20:22:01	xbmc/utils/uXstrings.h	False	True	True	True
3097	Karlson2k	2013-08-13 00:58:21	t-nelson	2013-08-13 01:18:09	xbmc/music/karaoke/karaokelyricstextkar.cpp	False	True	True	True
3097	Karlson2k	2013-08-13 00:58:21	jmarshallnz	2013-09-09 20:22:01	project/VS2010Express/XBMC.vcxproj.filters	False	True	True	True
3097	Karlson2k	2013-08-13 00:58:21	jmarshallnz	2013-09-09 20:22:01	project/VS2010Express/XBMC.vcxproj	False	True	True	True
3097	Karlson2k	2013-08-13 00:58:21	jmarshallnz	2013-09-09 20:22:01	xbmc/utils/CharsetConverter.cpp	True	True	True	True
3097	Karlson2k	2013-08-13 00:58:21	jmarshallnz	2013-09-09 20:22:01	xbmc/utils/CharsetConverter.h	False	True	True	True
3097	Karlson2k	2013-08-13 00:58:21	jmarshallnz	2013-09-09 20:22:01	xbmc/utils/CharsetConverter.cpp	False	True	True	True
3097	Karlson2k	2013-08-13 00:58:21	t-nelson	2013-08-13 01:18:09	xbmc/cores/DllLoader/Win32DllLoader.cpp	True	True	True	True
3097	Karlson2k	2013-08-13 00:58:21	t-nelson	2013-08-13 01:18:09	xbmc/pictures/PictureInfoTag.cpp	False	True	True	True
3097	Karlson2k	2013-08-13 00:58:21	t-nelson	2013-08-13 01:18:09	xbmc/filesystem/iso9660.cpp	False	True	True	True
3097	Karlson2k	2013-08-13 00:58:21	t-nelson	2013-08-13 01:18:09	xbmc/cores/dvdplayer/DVDSubtitles/DVDSubtitleStream.cpp	False	True	True	True
3097	Karlson2k	2013-08-13 00:58:21	t-nelson	2013-08-13 01:18:09	xbmc/utils/Weather.cpp	False	True	True	True
3097	Karlson2k	2013-08-13 00:58:21	t-nelson	2013-08-13 01:18:09	xbmc/utils/RssReader.cpp	False	True	True	True
3097	Karlson2k	2013-08-13 00:58:21	t-nelson	2013-08-13 01:18:09	xbmc/playlists/SmartPlayList.cpp	False	True	True	True
3097	Karlson2k	2013-08-13 00:58:21	jmarshallnz	2013-09-09 20:15:13	xbmc/utils/CharsetConverter.h	False	True	True	True
3097	Karlson2k	2013-08-13 00:58:21	elupus	2013-08-14 17:27:43	xbmc/cores/DllLoader/Win32DllLoader.cpp	True	True	True	True
3097	Karlson2k	2013-08-13 00:58:21	jmarshallnz	2013-09-09 20:14:36	xbmc/cores/DllLoader/Win32DllLoader.cpp	True	True	True	True
3097	Karlson2k	2013-08-13 00:58:21	jmarshallnz	2013-09-09 20:14:36	xbmc/pictures/PictureInfoTag.cpp	False	True	True	True
3097	Karlson2k	2013-08-13 00:58:21	jmarshallnz	2013-09-09 20:10:23	xbmc/utils/CharsetConverter.h	True	True	True	True
3097	Karlson2k	2013-08-13 00:58:21	jmarshallnz	2013-09-09 20:10:23	xbmc/utils/uXstrings.h	False	True	True	True
3097	Karlson2k	2013-08-13 00:58:21	jmarshallnz	2013-09-09 20:10:23	project/VS2010Express/XBMC.vcxproj.filters	False	True	True	True
3097	Karlson2k	2013-08-13 00:58:21	jmarshallnz	2013-09-09 20:10:23	project/VS2010Express/XBMC.vcxproj	False	True	True	True
3097	Karlson2k	2013-08-13 00:58:21	jmarshallnz	2013-09-09 20:10:23	xbmc/utils/CharsetConverter.cpp	True	True	True	True
3097	Karlson2k	2013-08-13 00:58:21	jmarshallnz	2013-09-09 20:10:23	xbmc/utils/CharsetConverter.h	False	True	True	True
3097	Karlson2k	2013-08-13 00:58:21	jmarshallnz	2013-09-09 20:10:23	xbmc/utils/CharsetConverter.cpp	False	True	True	True
3097	Karlson2k	2013-08-13 00:58:21	t-nelson	2013-08-13 01:15:50	xbmc/utils/CharsetConverter.cpp	False	True	True	True
3097	Karlson2k	2013-08-13 00:58:21	elupus	2013-08-14 17:27:43	xbmc/pictures/PictureInfoTag.cpp	False	True	True	True
3097	Karlson2k	2013-08-13 00:58:21	elupus	2013-08-14 17:27:43	xbmc/filesystem/iso9660.cpp	False	True	True	True
3097	Karlson2k	2013-08-13 00:58:21	elupus	2013-08-14 17:27:43	xbmc/cores/dvdplayer/DVDSubtitles/DVDSubtitleStream.cpp	False	True	True	True
3097	Karlson2k	2013-08-13 00:58:21	elupus	2013-08-14 17:27:43	xbmc/utils/Weather.cpp	False	True	True	True
3097	Karlson2k	2013-08-13 00:58:21	elupus	2013-08-14 17:27:43	xbmc/utils/RssReader.cpp	False	True	True	True
3097	Karlson2k	2013-08-13 00:58:21	elupus	2013-08-14 17:27:43	xbmc/playlists/SmartPlayList.cpp	False	True	True	True
3097	Karlson2k	2013-08-13 00:58:21	elupus	2013-08-14 17:27:43	xbmc/music/karaoke/karaokelyricstextkar.cpp	False	True	True	True
3097	Karlson2k	2013-08-13 00:58:21	elupus	2013-08-14 17:27:43	xbmc/guilib/LocalizeStrings.cpp	False	True	True	True
3097	Karlson2k	2013-08-13 00:58:21	elupus	2013-08-14 17:27:43	xbmc/NfoFile.h	False	True	True	True
3097	Karlson2k	2013-08-13 00:58:21	elupus	2013-08-14 17:27:43	xbmc/utils/StringUtils.h	False	True	True	True
3097	Karlson2k	2013-08-13 00:58:21	elupus	2013-08-14 17:27:43	xbmc/utils/StringUtils.cpp	False	True	True	True
3097	Karlson2k	2013-08-13 00:58:21	elupus	2013-08-14 17:27:43	configure.in	False	True	True	True
3097	Karlson2k	2013-08-13 00:58:21	elupus	2013-08-14 17:27:43	xbmc/utils/CharsetConverter.h	True	True	True	True
3097	Karlson2k	2013-08-13 00:58:21	elupus	2013-08-14 17:27:43	xbmc/utils/uXstrings.h	False	True	True	True
3097	Karlson2k	2013-08-13 00:58:21	elupus	2013-08-14 17:27:43	project/VS2010Express/XBMC.vcxproj.filters	False	True	True	True
3097	Karlson2k	2013-08-13 00:58:21	elupus	2013-08-14 17:27:43	project/VS2010Express/XBMC.vcxproj	False	True	True	True
3097	Karlson2k	2013-08-13 00:58:21	elupus	2013-08-14 17:27:43	xbmc/utils/CharsetConverter.cpp	True	True	True	True
3097	Karlson2k	2013-08-13 00:58:21	elupus	2013-08-14 17:27:43	xbmc/utils/CharsetConverter.h	False	True	True	True
3097	Karlson2k	2013-08-13 00:58:21	elupus	2013-08-14 17:27:43	xbmc/utils/CharsetConverter.cpp	False	True	True	True
3097	Karlson2k	2013-08-13 00:58:21	jmarshallnz	2013-09-09 20:10:23	configure.in	False	True	True	True
3097	Karlson2k	2013-08-13 00:58:21	jmarshallnz	2013-09-09 20:10:23	xbmc/utils/StringUtils.cpp	False	True	True	True
3097	Karlson2k	2013-08-13 00:58:21	jmarshallnz	2013-09-09 20:10:23	xbmc/utils/StringUtils.h	False	True	True	True
3097	Karlson2k	2013-08-13 00:58:21	jmarshallnz	2013-09-09 20:14:36	project/VS2010Express/XBMC.vcxproj.filters	False	True	True	True
3097	Karlson2k	2013-08-13 00:58:21	jmarshallnz	2013-09-09 20:14:36	xbmc/filesystem/iso9660.cpp	False	True	True	True
3097	Karlson2k	2013-08-13 00:58:21	jmarshallnz	2013-09-09 20:14:36	xbmc/utils/Weather.cpp	False	True	True	True
3097	Karlson2k	2013-08-13 00:58:21	jmarshallnz	2013-09-09 20:14:36	xbmc/utils/RssReader.cpp	False	True	True	True
3097	Karlson2k	2013-08-13 00:58:21	jmarshallnz	2013-09-09 20:14:36	xbmc/playlists/SmartPlayList.cpp	False	True	True	True
3097	Karlson2k	2013-08-13 00:58:21	jmarshallnz	2013-09-09 20:14:36	xbmc/music/karaoke/karaokelyricstextkar.cpp	False	True	True	True
3097	Karlson2k	2013-08-13 00:58:21	jmarshallnz	2013-09-09 20:14:36	xbmc/guilib/LocalizeStrings.cpp	False	True	True	True
3097	Karlson2k	2013-08-13 00:58:21	jmarshallnz	2013-09-09 20:14:36	xbmc/NfoFile.h	False	True	True	True
3097	Karlson2k	2013-08-13 00:58:21	jmarshallnz	2013-09-09 20:14:36	xbmc/utils/StringUtils.h	False	True	True	True
3097	Karlson2k	2013-08-13 00:58:21	jmarshallnz	2013-09-09 20:14:36	xbmc/utils/StringUtils.cpp	False	True	True	True
3097	Karlson2k	2013-08-13 00:58:21	jmarshallnz	2013-09-09 20:14:36	configure.in	False	True	True	True
3097	Karlson2k	2013-08-13 00:58:21	jmarshallnz	2013-09-09 20:14:36	xbmc/utils/CharsetConverter.h	True	True	True	True
3097	Karlson2k	2013-08-13 00:58:21	jmarshallnz	2013-09-09 20:14:36	xbmc/utils/uXstrings.h	False	True	True	True
3097	Karlson2k	2013-08-13 00:58:21	jmarshallnz	2013-09-09 20:14:36	project/VS2010Express/XBMC.vcxproj	False	True	True	True
3097	Karlson2k	2013-08-13 00:58:21	jmarshallnz	2013-09-09 20:10:23	xbmc/NfoFile.h	False	True	True	True
3097	Karlson2k	2013-08-13 00:58:21	jmarshallnz	2013-09-09 20:14:36	xbmc/utils/CharsetConverter.cpp	True	True	True	True
3097	Karlson2k	2013-08-13 00:58:21	jmarshallnz	2013-09-09 20:14:36	xbmc/utils/CharsetConverter.h	False	True	True	True
3097	Karlson2k	2013-08-13 00:58:21	jmarshallnz	2013-09-09 20:14:36	xbmc/utils/CharsetConverter.cpp	False	True	True	True
3097	Karlson2k	2013-08-13 00:58:21	jmarshallnz	2013-09-09 20:10:23	xbmc/cores/DllLoader/Win32DllLoader.cpp	True	True	True	True
3097	Karlson2k	2013-08-13 00:58:21	jmarshallnz	2013-09-09 20:10:23	xbmc/pictures/PictureInfoTag.cpp	False	True	True	True
3097	Karlson2k	2013-08-13 00:58:21	jmarshallnz	2013-09-09 20:10:23	xbmc/filesystem/iso9660.cpp	False	True	True	True
3097	Karlson2k	2013-08-13 00:58:21	jmarshallnz	2013-09-09 20:10:23	xbmc/cores/dvdplayer/DVDSubtitles/DVDSubtitleStream.cpp	False	True	True	True
3097	Karlson2k	2013-08-13 00:58:21	jmarshallnz	2013-09-09 20:10:23	xbmc/utils/Weather.cpp	False	True	True	True
3097	Karlson2k	2013-08-13 00:58:21	jmarshallnz	2013-09-09 20:10:23	xbmc/utils/RssReader.cpp	False	True	True	True
3097	Karlson2k	2013-08-13 00:58:21	jmarshallnz	2013-09-09 20:10:23	xbmc/playlists/SmartPlayList.cpp	False	True	True	True
3097	Karlson2k	2013-08-13 00:58:21	jmarshallnz	2013-09-09 20:10:23	xbmc/music/karaoke/karaokelyricstextkar.cpp	False	True	True	True
3097	Karlson2k	2013-08-13 00:58:21	jmarshallnz	2013-09-09 20:10:23	xbmc/guilib/LocalizeStrings.cpp	False	True	True	True
3097	Karlson2k	2013-08-13 00:58:21	jmarshallnz	2013-09-09 20:22:01	xbmc/cores/DllLoader/Win32DllLoader.cpp	True	True	True	True
3097	Karlson2k	2013-08-13 00:58:21	jmarshallnz	2013-09-09 20:14:36	xbmc/cores/dvdplayer/DVDSubtitles/DVDSubtitleStream.cpp	False	True	True	True
3097	Karlson2k	2013-08-13 00:58:21	t-nelson	2013-08-13 01:15:50	xbmc/utils/CharsetConverter.h	False	True	True	True
3097	Karlson2k	2013-08-13 00:58:21	t-nelson	2013-08-13 01:07:25	xbmc/utils/CharsetConverter.h	False	True	True	True
3097	Karlson2k	2013-08-13 00:58:21	elupus	2013-08-14 17:24:38	xbmc/NfoFile.h	False	True	True	True
3097	Karlson2k	2013-08-13 00:58:21	elupus	2013-08-14 17:24:38	xbmc/utils/StringUtils.h	False	True	True	True
3097	Karlson2k	2013-08-13 00:58:21	elupus	2013-08-14 17:24:38	xbmc/utils/StringUtils.cpp	False	True	True	True
3097	Karlson2k	2013-08-13 00:58:21	elupus	2013-08-14 17:24:38	configure.in	False	True	True	True
3097	Karlson2k	2013-08-13 00:58:21	elupus	2013-08-14 17:24:38	xbmc/utils/CharsetConverter.h	True	True	True	True
3097	Karlson2k	2013-08-13 00:58:21	elupus	2013-08-14 17:24:38	xbmc/utils/uXstrings.h	False	True	True	True
3097	Karlson2k	2013-08-13 00:58:21	elupus	2013-08-14 17:24:38	project/VS2010Express/XBMC.vcxproj.filters	False	True	True	True
3097	Karlson2k	2013-08-13 00:58:21	elupus	2013-08-14 17:24:38	project/VS2010Express/XBMC.vcxproj	False	True	True	True
3097	Karlson2k	2013-08-13 00:58:21	elupus	2013-08-14 17:24:38	xbmc/utils/CharsetConverter.cpp	True	True	True	True
3097	Karlson2k	2013-08-13 00:58:21	elupus	2013-08-14 17:24:38	xbmc/utils/CharsetConverter.h	False	True	True	True
3097	Karlson2k	2013-08-13 00:58:21	elupus	2013-08-14 17:24:38	xbmc/utils/CharsetConverter.cpp	False	True	True	True
3097	Karlson2k	2013-08-13 00:58:21	t-nelson	2013-08-13 01:07:25	xbmc/cores/DllLoader/Win32DllLoader.cpp	True	True	True	True
3097	Karlson2k	2013-08-13 00:58:21	t-nelson	2013-08-13 01:07:25	xbmc/pictures/PictureInfoTag.cpp	False	True	True	True
3097	Karlson2k	2013-08-13 00:58:21	t-nelson	2013-08-13 01:07:25	xbmc/filesystem/iso9660.cpp	False	True	True	True
3097	Karlson2k	2013-08-13 00:58:21	t-nelson	2013-08-13 01:07:25	xbmc/cores/dvdplayer/DVDSubtitles/DVDSubtitleStream.cpp	False	True	True	True
3097	Karlson2k	2013-08-13 00:58:21	t-nelson	2013-08-13 01:07:25	xbmc/utils/Weather.cpp	False	True	True	True
3097	Karlson2k	2013-08-13 00:58:21	t-nelson	2013-08-13 01:07:25	xbmc/playlists/SmartPlayList.cpp	False	True	True	True
3097	Karlson2k	2013-08-13 00:58:21	t-nelson	2013-08-13 01:07:25	xbmc/music/karaoke/karaokelyricstextkar.cpp	False	True	True	True
3097	Karlson2k	2013-08-13 00:58:21	t-nelson	2013-08-13 01:07:25	xbmc/guilib/LocalizeStrings.cpp	False	True	True	True
3097	Karlson2k	2013-08-13 00:58:21	t-nelson	2013-08-13 01:07:25	xbmc/NfoFile.h	False	True	True	True
3097	Karlson2k	2013-08-13 00:58:21	t-nelson	2013-08-13 01:07:25	xbmc/utils/StringUtils.h	False	True	True	True
3097	Karlson2k	2013-08-13 00:58:21	t-nelson	2013-08-13 01:07:25	xbmc/utils/StringUtils.cpp	False	True	True	True
3097	Karlson2k	2013-08-13 00:58:21	t-nelson	2013-08-13 01:07:25	configure.in	False	True	True	True
3097	Karlson2k	2013-08-13 00:58:21	t-nelson	2013-08-13 01:07:25	xbmc/utils/CharsetConverter.h	True	True	True	True
3097	Karlson2k	2013-08-13 00:58:21	t-nelson	2013-08-13 01:07:25	xbmc/utils/uXstrings.h	False	True	True	True
3097	Karlson2k	2013-08-13 00:58:21	t-nelson	2013-08-13 01:07:25	project/VS2010Express/XBMC.vcxproj.filters	False	True	True	True
3097	Karlson2k	2013-08-13 00:58:21	t-nelson	2013-08-13 01:07:25	project/VS2010Express/XBMC.vcxproj	False	True	True	True
3097	Karlson2k	2013-08-13 00:58:21	elupus	2013-08-14 17:24:38	xbmc/guilib/LocalizeStrings.cpp	False	True	True	True
3097	Karlson2k	2013-08-13 00:58:21	elupus	2013-08-14 17:24:38	xbmc/music/karaoke/karaokelyricstextkar.cpp	False	True	True	True
3097	Karlson2k	2013-08-13 00:58:21	elupus	2013-08-14 17:24:38	xbmc/playlists/SmartPlayList.cpp	False	True	True	True
3097	Karlson2k	2013-08-13 00:58:21	t-nelson	2013-08-13 01:21:33	xbmc/utils/StringUtils.cpp	False	True	True	True
3097	Karlson2k	2013-08-13 00:58:21	t-nelson	2013-08-13 01:15:50	xbmc/utils/CharsetConverter.cpp	True	True	True	True
3097	Karlson2k	2013-08-13 00:58:21	t-nelson	2013-08-13 01:21:33	xbmc/cores/DllLoader/Win32DllLoader.cpp	True	True	True	True
3097	Karlson2k	2013-08-13 00:58:21	t-nelson	2013-08-13 01:21:33	xbmc/pictures/PictureInfoTag.cpp	False	True	True	True
3097	Karlson2k	2013-08-13 00:58:21	t-nelson	2013-08-13 01:21:33	xbmc/filesystem/iso9660.cpp	False	True	True	True
3097	Karlson2k	2013-08-13 00:58:21	t-nelson	2013-08-13 01:21:33	xbmc/cores/dvdplayer/DVDSubtitles/DVDSubtitleStream.cpp	False	True	True	True
3097	Karlson2k	2013-08-13 00:58:21	t-nelson	2013-08-13 01:21:33	xbmc/utils/Weather.cpp	False	True	True	True
3097	Karlson2k	2013-08-13 00:58:21	t-nelson	2013-08-13 01:21:33	xbmc/utils/RssReader.cpp	False	True	True	True
3097	Karlson2k	2013-08-13 00:58:21	t-nelson	2013-08-13 01:21:33	xbmc/playlists/SmartPlayList.cpp	False	True	True	True
3097	Karlson2k	2013-08-13 00:58:21	t-nelson	2013-08-13 01:21:33	xbmc/music/karaoke/karaokelyricstextkar.cpp	False	True	True	True
3097	Karlson2k	2013-08-13 00:58:21	t-nelson	2013-08-13 01:21:33	xbmc/guilib/LocalizeStrings.cpp	False	True	True	True
3097	Karlson2k	2013-08-13 00:58:21	t-nelson	2013-08-13 01:21:33	xbmc/NfoFile.h	False	True	True	True
3097	Karlson2k	2013-08-13 00:58:21	t-nelson	2013-08-13 01:21:33	xbmc/utils/StringUtils.h	False	True	True	True
3097	Karlson2k	2013-08-13 00:58:21	t-nelson	2013-08-13 01:21:33	configure.in	False	True	True	True
3097	Karlson2k	2013-08-13 00:58:21	elupus	2013-08-14 17:24:38	xbmc/utils/RssReader.cpp	False	True	True	True
3097	Karlson2k	2013-08-13 00:58:21	t-nelson	2013-08-13 01:21:33	xbmc/utils/CharsetConverter.h	True	True	True	True
3097	Karlson2k	2013-08-13 00:58:21	t-nelson	2013-08-13 01:21:33	xbmc/utils/uXstrings.h	False	True	True	True
3097	Karlson2k	2013-08-13 00:58:21	t-nelson	2013-08-13 01:21:33	project/VS2010Express/XBMC.vcxproj.filters	False	True	True	True
3097	Karlson2k	2013-08-13 00:58:21	t-nelson	2013-08-13 01:21:33	project/VS2010Express/XBMC.vcxproj	False	True	True	True
3097	Karlson2k	2013-08-13 00:58:21	t-nelson	2013-08-13 01:21:33	xbmc/utils/CharsetConverter.cpp	True	True	True	True
3097	Karlson2k	2013-08-13 00:58:21	t-nelson	2013-08-13 01:21:33	xbmc/utils/CharsetConverter.h	False	True	True	True
3097	Karlson2k	2013-08-13 00:58:21	t-nelson	2013-08-13 01:21:33	xbmc/utils/CharsetConverter.cpp	False	True	True	True
3097	Karlson2k	2013-08-13 00:58:21	elupus	2013-08-14 17:24:38	xbmc/cores/DllLoader/Win32DllLoader.cpp	True	True	True	True
3097	Karlson2k	2013-08-13 00:58:21	elupus	2013-08-14 17:24:38	xbmc/pictures/PictureInfoTag.cpp	False	True	True	True
3097	Karlson2k	2013-08-13 00:58:21	elupus	2013-08-14 17:24:38	xbmc/filesystem/iso9660.cpp	False	True	True	True
3097	Karlson2k	2013-08-13 00:58:21	elupus	2013-08-14 17:24:38	xbmc/cores/dvdplayer/DVDSubtitles/DVDSubtitleStream.cpp	False	True	True	True
3097	Karlson2k	2013-08-13 00:58:21	elupus	2013-08-14 17:24:38	xbmc/utils/Weather.cpp	False	True	True	True
3097	Karlson2k	2013-08-13 00:58:21	t-nelson	2013-08-13 01:07:25	xbmc/utils/CharsetConverter.cpp	True	True	True	True
3097	Karlson2k	2013-08-13 00:58:21	t-nelson	2013-08-13 01:07:25	xbmc/utils/RssReader.cpp	False	True	True	True
3097	Karlson2k	2013-08-13 00:58:21	t-nelson	2013-08-13 01:07:25	xbmc/utils/CharsetConverter.cpp	False	True	True	True
3097	Karlson2k	2013-08-13 00:58:21	t-nelson	2013-08-13 01:15:08	xbmc/guilib/LocalizeStrings.cpp	False	True	True	True
3097	Karlson2k	2013-08-13 00:58:21	t-nelson	2013-08-13 01:15:08	xbmc/utils/StringUtils.h	False	True	True	True
3097	Karlson2k	2013-08-13 00:58:21	t-nelson	2013-08-13 01:15:08	xbmc/utils/StringUtils.cpp	False	True	True	True
3097	Karlson2k	2013-08-13 00:58:21	t-nelson	2013-08-13 01:15:08	configure.in	False	True	True	True
3097	Karlson2k	2013-08-13 00:58:21	t-nelson	2013-08-13 01:15:08	xbmc/utils/CharsetConverter.h	True	True	True	True
3097	Karlson2k	2013-08-13 00:58:21	t-nelson	2013-08-13 01:15:08	xbmc/utils/uXstrings.h	False	True	True	True
3097	Karlson2k	2013-08-13 00:58:21	t-nelson	2013-08-13 01:15:08	project/VS2010Express/XBMC.vcxproj.filters	False	True	True	True
3097	Karlson2k	2013-08-13 00:58:21	t-nelson	2013-08-13 01:15:08	project/VS2010Express/XBMC.vcxproj	False	True	True	True
3097	Karlson2k	2013-08-13 00:58:21	t-nelson	2013-08-13 01:15:08	xbmc/utils/CharsetConverter.cpp	True	True	True	True
3097	Karlson2k	2013-08-13 00:58:21	t-nelson	2013-08-13 01:15:08	xbmc/utils/CharsetConverter.h	False	True	True	True
3097	Karlson2k	2013-08-13 00:58:21	t-nelson	2013-08-13 01:15:08	xbmc/utils/CharsetConverter.cpp	False	True	True	True
3097	Karlson2k	2013-08-13 00:58:21	t-nelson	2013-08-13 01:15:50	xbmc/cores/DllLoader/Win32DllLoader.cpp	True	True	True	True
3097	Karlson2k	2013-08-13 00:58:21	t-nelson	2013-08-13 01:11:01	xbmc/cores/DllLoader/Win32DllLoader.cpp	True	True	True	True
3097	Karlson2k	2013-08-13 00:58:21	t-nelson	2013-08-13 01:15:50	xbmc/filesystem/iso9660.cpp	False	True	True	True
3097	Karlson2k	2013-08-13 00:58:21	t-nelson	2013-08-13 01:15:50	xbmc/cores/dvdplayer/DVDSubtitles/DVDSubtitleStream.cpp	False	True	True	True
3097	Karlson2k	2013-08-13 00:58:21	t-nelson	2013-08-13 01:15:50	xbmc/utils/Weather.cpp	False	True	True	True
3097	Karlson2k	2013-08-13 00:58:21	t-nelson	2013-08-13 01:15:50	xbmc/utils/RssReader.cpp	False	True	True	True
3097	Karlson2k	2013-08-13 00:58:21	t-nelson	2013-08-13 01:15:50	xbmc/playlists/SmartPlayList.cpp	False	True	True	True
3097	Karlson2k	2013-08-13 00:58:21	t-nelson	2013-08-13 01:15:50	xbmc/music/karaoke/karaokelyricstextkar.cpp	False	True	True	True
3097	Karlson2k	2013-08-13 00:58:21	t-nelson	2013-08-13 01:15:50	xbmc/guilib/LocalizeStrings.cpp	False	True	True	True
3097	Karlson2k	2013-08-13 00:58:21	t-nelson	2013-08-13 01:15:50	xbmc/NfoFile.h	False	True	True	True
3097	Karlson2k	2013-08-13 00:58:21	t-nelson	2013-08-13 01:15:50	xbmc/utils/StringUtils.h	False	True	True	True
3097	Karlson2k	2013-08-13 00:58:21	t-nelson	2013-08-13 01:15:50	xbmc/utils/StringUtils.cpp	False	True	True	True
3097	Karlson2k	2013-08-13 00:58:21	t-nelson	2013-08-13 01:15:50	configure.in	False	True	True	True
3097	Karlson2k	2013-08-13 00:58:21	t-nelson	2013-08-13 01:15:50	xbmc/utils/CharsetConverter.h	True	True	True	True
3097	Karlson2k	2013-08-13 00:58:21	t-nelson	2013-08-13 01:15:50	xbmc/utils/uXstrings.h	False	True	True	True
3097	Karlson2k	2013-08-13 00:58:21	t-nelson	2013-08-13 01:15:50	project/VS2010Express/XBMC.vcxproj.filters	False	True	True	True
3097	Karlson2k	2013-08-13 00:58:21	t-nelson	2013-08-13 01:15:50	project/VS2010Express/XBMC.vcxproj	False	True	True	True
3097	Karlson2k	2013-08-13 00:58:21	t-nelson	2013-08-13 01:15:08	xbmc/NfoFile.h	False	True	True	True
3097	Karlson2k	2013-08-13 00:58:21	t-nelson	2013-08-13 01:15:50	xbmc/pictures/PictureInfoTag.cpp	False	True	True	True
3097	Karlson2k	2013-08-13 00:58:21	t-nelson	2013-08-13 01:15:08	xbmc/music/karaoke/karaokelyricstextkar.cpp	False	True	True	True
3097	Karlson2k	2013-08-13 00:58:21	t-nelson	2013-08-13 01:15:08	xbmc/playlists/SmartPlayList.cpp	False	True	True	True
3097	Karlson2k	2013-08-13 00:58:21	t-nelson	2013-08-13 01:11:01	xbmc/filesystem/iso9660.cpp	False	True	True	True
3097	Karlson2k	2013-08-13 00:58:21	t-nelson	2013-08-13 01:11:01	xbmc/cores/dvdplayer/DVDSubtitles/DVDSubtitleStream.cpp	False	True	True	True
3097	Karlson2k	2013-08-13 00:58:21	t-nelson	2013-08-13 01:11:01	xbmc/utils/Weather.cpp	False	True	True	True
3097	Karlson2k	2013-08-13 00:58:21	t-nelson	2013-08-13 01:11:01	xbmc/utils/RssReader.cpp	False	True	True	True
3097	Karlson2k	2013-08-13 00:58:21	t-nelson	2013-08-13 01:11:01	xbmc/playlists/SmartPlayList.cpp	False	True	True	True
3097	Karlson2k	2013-08-13 00:58:21	t-nelson	2013-08-13 01:11:01	xbmc/music/karaoke/karaokelyricstextkar.cpp	False	True	True	True
3097	Karlson2k	2013-08-13 00:58:21	t-nelson	2013-08-13 01:11:01	xbmc/guilib/LocalizeStrings.cpp	False	True	True	True
3097	Karlson2k	2013-08-13 00:58:21	t-nelson	2013-08-13 01:11:01	xbmc/NfoFile.h	False	True	True	True
3097	Karlson2k	2013-08-13 00:58:21	t-nelson	2013-08-13 01:11:01	xbmc/utils/StringUtils.h	False	True	True	True
3097	Karlson2k	2013-08-13 00:58:21	t-nelson	2013-08-13 01:11:01	xbmc/utils/StringUtils.cpp	False	True	True	True
3097	Karlson2k	2013-08-13 00:58:21	t-nelson	2013-08-13 01:11:01	configure.in	False	True	True	True
3097	Karlson2k	2013-08-13 00:58:21	t-nelson	2013-08-13 01:11:01	xbmc/utils/CharsetConverter.h	True	True	True	True
3097	Karlson2k	2013-08-13 00:58:21	t-nelson	2013-08-13 01:11:01	xbmc/utils/uXstrings.h	False	True	True	True
3097	Karlson2k	2013-08-13 00:58:21	t-nelson	2013-08-13 01:11:01	project/VS2010Express/XBMC.vcxproj.filters	False	True	True	True
3097	Karlson2k	2013-08-13 00:58:21	t-nelson	2013-08-13 01:11:01	project/VS2010Express/XBMC.vcxproj	False	True	True	True
3097	Karlson2k	2013-08-13 00:58:21	t-nelson	2013-08-13 01:11:01	xbmc/utils/CharsetConverter.cpp	True	True	True	True
3097	Karlson2k	2013-08-13 00:58:21	t-nelson	2013-08-13 01:11:01	xbmc/utils/CharsetConverter.h	False	True	True	True
3097	Karlson2k	2013-08-13 00:58:21	t-nelson	2013-08-13 01:11:01	xbmc/utils/CharsetConverter.cpp	False	True	True	True
3097	Karlson2k	2013-08-13 00:58:21	t-nelson	2013-08-13 01:15:08	xbmc/cores/DllLoader/Win32DllLoader.cpp	True	True	True	True
3097	Karlson2k	2013-08-13 00:58:21	t-nelson	2013-08-13 01:15:08	xbmc/pictures/PictureInfoTag.cpp	False	True	True	True
3097	Karlson2k	2013-08-13 00:58:21	t-nelson	2013-08-13 01:15:08	xbmc/filesystem/iso9660.cpp	False	True	True	True
3097	Karlson2k	2013-08-13 00:58:21	t-nelson	2013-08-13 01:15:08	xbmc/cores/dvdplayer/DVDSubtitles/DVDSubtitleStream.cpp	False	True	True	True
3097	Karlson2k	2013-08-13 00:58:21	t-nelson	2013-08-13 01:15:08	xbmc/utils/Weather.cpp	False	True	True	True
3097	Karlson2k	2013-08-13 00:58:21	t-nelson	2013-08-13 01:15:08	xbmc/utils/RssReader.cpp	False	True	True	True
3097	Karlson2k	2013-08-13 00:58:21	t-nelson	2013-08-13 01:11:01	xbmc/pictures/PictureInfoTag.cpp	False	True	True	True
3091	stupid-boy	2013-08-11 11:13:37	jmarshallnz	2013-08-11 20:08:51	xbmc/guilib/GUIControl.cpp	False	True	True	True
3091	stupid-boy	2013-08-11 11:13:37	FernetMenta	2013-08-11 11:36:49	xbmc/guilib/GUIControl.cpp	False	True	True	True
3090	night199uk	2013-08-11 03:50:02	arnova	2013-08-11 08:26:11	xbmc/settings/AdvancedSettings.h	True	True	True	True
3090	night199uk	2013-08-11 03:50:02	arnova	2013-08-11 08:26:11	xbmc/settings/AdvancedSettings.cpp	True	True	True	True
3090	night199uk	2013-08-11 03:50:02	arnova	2013-08-11 08:26:11	xbmc/music/infoscanner/MusicInfoScanner.h	True	True	True	True
3090	night199uk	2013-08-11 03:50:02	arnova	2013-08-11 08:26:11	xbmc/music/infoscanner/MusicInfoScanner.cpp	True	True	True	True
3090	night199uk	2013-08-11 03:50:02	arnova	2013-08-11 08:26:11	xbmc/music/MusicDatabase.cpp	True	True	True	True
3087	ulion	2013-08-09 15:29:28	t-nelson	2013-08-09 17:19:46	xbmc/interfaces/Builtins.cpp	True	True	True	True
3087	ulion	2013-08-09 15:29:28	t-nelson	2013-08-09 17:19:36	xbmc/interfaces/Builtins.cpp	True	True	True	True
3081	theuni	2013-08-09 03:59:38	MartijnKaijser	2013-08-09 06:16:24	xbmc/android/jni/MediaCodec.h	True	True	True	True
3081	theuni	2013-08-09 03:59:38	MartijnKaijser	2013-08-09 06:16:24	xbmc/android/jni/Build.cpp	True	True	True	True
3081	theuni	2013-08-09 03:59:38	MartijnKaijser	2013-08-09 06:16:24	xbmc/android/jni/Buffer.cpp	True	True	True	True
3081	theuni	2013-08-09 03:59:38	MartijnKaijser	2013-08-09 06:16:24	xbmc/android/jni/Buffer.h	True	True	True	True
3081	theuni	2013-08-09 03:59:38	MartijnKaijser	2013-08-09 06:16:24	xbmc/android/jni/Makefile.in	True	True	True	True
3081	theuni	2013-08-09 03:59:38	MartijnKaijser	2013-08-09 06:16:24	xbmc/android/jni/Build.h	True	True	True	True
3081	theuni	2013-08-09 03:59:38	MartijnKaijser	2013-08-09 06:16:24	xbmc/android/jni/ByteBuffer.cpp	True	True	True	True
3081	theuni	2013-08-09 03:59:38	MartijnKaijser	2013-08-09 06:16:24	xbmc/android/jni/ByteBuffer.h	True	True	True	True
3081	theuni	2013-08-09 03:59:38	MartijnKaijser	2013-08-09 06:16:24	xbmc/android/jni/Intent.cpp	True	True	True	True
3081	theuni	2013-08-09 03:59:38	MartijnKaijser	2013-08-09 06:16:24	xbmc/android/jni/Intent.h	True	True	True	True
3081	theuni	2013-08-09 03:59:38	MartijnKaijser	2013-08-09 06:16:24	xbmc/android/jni/SurfaceTexture.cpp	False	True	True	True
3081	theuni	2013-08-09 03:59:38	MartijnKaijser	2013-08-09 06:16:24	xbmc/android/jni/SurfaceTexture.h	True	True	True	True
3081	theuni	2013-08-09 03:59:38	MartijnKaijser	2013-08-09 06:16:24	xbmc/android/jni/SurfaceTexture.cpp	True	True	True	True
3081	theuni	2013-08-09 03:59:38	MartijnKaijser	2013-08-09 06:16:24	xbmc/android/jni/WifiConfiguration.h	True	True	True	True
3081	theuni	2013-08-09 03:59:38	MartijnKaijser	2013-08-09 06:16:24	xbmc/android/jni/Surface.h	True	True	True	True
3081	theuni	2013-08-09 03:59:38	MartijnKaijser	2013-08-09 06:16:24	xbmc/android/jni/Surface.cpp	True	True	True	True
3081	theuni	2013-08-09 03:59:38	MartijnKaijser	2013-08-09 06:16:24	xbmc/android/jni/Context.cpp	True	True	True	True
3081	theuni	2013-08-09 03:59:38	MartijnKaijser	2013-08-09 06:16:24	xbmc/android/jni/Cursor.h	True	True	True	True
3081	theuni	2013-08-09 03:59:38	MartijnKaijser	2013-08-09 06:16:24	xbmc/android/jni/Cursor.cpp	True	True	True	True
3081	theuni	2013-08-09 03:59:38	MartijnKaijser	2013-08-09 06:16:24	xbmc/android/jni/BitSet.cpp	True	True	True	True
3081	theuni	2013-08-09 03:59:38	MartijnKaijser	2013-08-09 06:16:24	xbmc/android/jni/MediaCodec.cpp	True	True	True	True
3081	theuni	2013-08-09 03:59:38	MartijnKaijser	2013-08-09 06:16:24	xbmc/android/jni/WifiConfiguration.cpp	True	True	True	True
3081	theuni	2013-08-09 03:59:38	MartijnKaijser	2013-08-09 06:16:24	xbmc/android/jni/MediaCodecBufferInfo.cpp	True	True	True	True
3081	theuni	2013-08-09 03:59:38	MartijnKaijser	2013-08-09 06:16:24	xbmc/android/jni/View.cpp	True	True	True	True
3081	theuni	2013-08-09 03:59:38	MartijnKaijser	2013-08-09 06:16:24	xbmc/android/jni/MediaCodecBufferInfo.h	True	True	True	True
3081	theuni	2013-08-09 03:59:38	MartijnKaijser	2013-08-09 06:16:24	xbmc/android/jni/WifiManager.h	True	True	True	True
3081	theuni	2013-08-09 03:59:38	MartijnKaijser	2013-08-09 06:16:24	xbmc/android/jni/WifiManager.cpp	True	True	True	True
3081	theuni	2013-08-09 03:59:38	MartijnKaijser	2013-08-09 06:16:24	xbmc/android/jni/JNIBase.h	True	True	True	True
3081	theuni	2013-08-09 03:59:38	MartijnKaijser	2013-08-09 06:16:24	xbmc/android/jni/JNIBase.cpp	True	True	True	True
3081	theuni	2013-08-09 03:59:38	MartijnKaijser	2013-08-09 06:16:24	xbmc/android/jni/Context.h	True	True	True	True
3081	theuni	2013-08-09 03:59:38	MartijnKaijser	2013-08-09 06:16:24	xbmc/android/jni/Window.h	True	True	True	True
3081	theuni	2013-08-09 03:59:38	MartijnKaijser	2013-08-09 06:16:24	xbmc/android/jni/Window.cpp	True	True	True	True
3081	theuni	2013-08-09 03:59:38	MartijnKaijser	2013-08-09 06:16:24	xbmc/android/jni/View.h	True	True	True	True
3081	theuni	2013-08-09 03:59:38	MartijnKaijser	2013-08-09 06:16:24	xbmc/cores/dvdplayer/DVDCodecs/Video/StageFrightVideoPrivate.cpp	True	True	True	True
3081	theuni	2013-08-09 03:59:38	MartijnKaijser	2013-08-09 06:16:24	xbmc/android/jni/MediaFormat.h	True	True	True	True
3081	theuni	2013-08-09 03:59:38	MartijnKaijser	2013-08-09 06:16:24	xbmc/android/jni/MediaCrypto.h	True	True	True	True
3081	theuni	2013-08-09 03:59:38	MartijnKaijser	2013-08-09 06:16:24	xbmc/android/jni/MediaCodecList.h	True	True	True	True
3081	theuni	2013-08-09 03:59:38	MartijnKaijser	2013-08-09 06:16:24	xbmc/android/jni/MediaCodecList.cpp	True	True	True	True
3081	theuni	2013-08-09 03:59:38	MartijnKaijser	2013-08-09 06:16:24	xbmc/android/jni/MediaCodecInfo.h	True	True	True	True
3081	theuni	2013-08-09 03:59:38	MartijnKaijser	2013-08-09 06:16:24	xbmc/android/jni/MediaCodecInfo.cpp	True	True	True	True
3081	theuni	2013-08-09 03:59:38	MartijnKaijser	2013-08-09 06:16:24	xbmc/android/jni/MediaCodecCryptoInfo.h	True	True	True	True
3081	theuni	2013-08-09 03:59:38	MartijnKaijser	2013-08-09 06:16:24	xbmc/android/jni/MediaCodecCryptoInfo.cpp	True	True	True	True
3081	theuni	2013-08-09 03:59:38	MartijnKaijser	2013-08-09 06:16:24	xbmc/android/jni/MediaFormat.cpp	True	True	True	True
3080	aballier	2013-08-08 21:42:37	elupus	2013-09-01 10:00:06	lib/xbmc-libav-hacks/libav_hacks.h	True	True	True	True
3080	aballier	2013-08-08 21:42:37	elupus	2013-09-01 10:00:06	lib/DllAvCodec.h	True	True	True	True
3080	aballier	2013-08-08 21:42:37	elupus	2013-09-01 10:00:06	lib/xbmc-libav-hacks/accessors.c	True	True	True	True
3080	aballier	2013-08-08 21:42:37	elupus	2013-09-01 10:00:06	xbmc/cores/dvdplayer/DVDCodecs/Video/DVDVideoCodecFFmpeg.cpp	True	True	True	True
3080	aballier	2013-08-08 21:42:37	elupus	2013-09-01 10:00:06	lib/xbmc-libav-hacks/accessors.c	False	True	True	True
3072	popcornmix	2013-08-07 18:15:40	elupus	2013-08-08 10:09:38	xbmc/windowing/egl/EGLNativeTypeRaspberryPI.cpp	False	True	True	True
3072	popcornmix	2013-08-07 18:15:40	elupus	2013-08-08 10:09:38	xbmc/guilib/GraphicContext.cpp	False	True	True	True
3072	popcornmix	2013-08-07 18:15:40	elupus	2013-08-08 10:09:38	xbmc/cores/VideoPlayer/VideoRenderers/BaseRenderer.cpp	False	True	True	True
3072	popcornmix	2013-08-07 18:15:40	elupus	2013-08-08 10:09:38	xbmc/cores/VideoPlayer/VideoRenderers/HwDecRender/MMALRenderer.cpp	False	True	True	True
3072	popcornmix	2013-08-07 18:15:40	elupus	2013-08-08 10:09:38	xbmc/cores/omxplayer/OMXPlayerVideo.cpp	False	True	True	True
3072	popcornmix	2013-08-07 18:15:40	elupus	2013-08-08 10:09:38	xbmc/cores/omxplayer/OMXVideo.cpp	False	True	True	True
3072	popcornmix	2013-08-07 18:15:40	elupus	2013-08-08 10:09:38	xbmc/cores/omxplayer/OMXVideo.h	False	True	True	True
3072	popcornmix	2013-08-07 18:15:40	elupus	2013-08-08 10:09:38	system/settings/rbp.xml	False	True	True	True
3072	popcornmix	2013-08-07 18:15:40	elupus	2013-08-08 10:09:38	addons/resource.language.en_gb/resources/strings.po	False	True	True	True
3072	popcornmix	2013-08-07 18:15:40	elupus	2013-08-08 10:09:38	xbmc/cores/VideoPlayer/DVDCodecs/Video/MMALCodec.cpp	False	True	True	True
3072	popcornmix	2013-08-07 18:15:40	elupus	2013-08-08 10:09:38	xbmc/windowing/egl/EGLNativeTypeRaspberryPI.h	False	True	True	True
3072	popcornmix	2013-08-07 18:15:40	elupus	2013-08-08 10:09:38	xbmc/windowing/egl/WinSystemEGL.cpp	False	True	True	True
3072	popcornmix	2013-08-07 18:15:40	elupus	2013-08-08 10:09:38	xbmc/windowing/egl/WinSystemEGL.h	False	True	True	True
3059	Fice	2013-08-06 10:28:41	t-nelson	2013-08-07 03:13:24	xbmc/interfaces/swig/AddonModuleXbmcgui.i	True	False	True	True
3059	Fice	2013-08-06 10:28:41	t-nelson	2013-08-07 03:13:24	xbmc/guilib/Key.h	True	False	True	True
3044	Karlson2k	2013-08-03 22:27:32	jmarshallnz	2013-08-03 23:24:48	xbmc/guilib/GUIFontTTFGL.cpp	False	True	True	True
3044	Karlson2k	2013-08-03 22:27:32	jmarshallnz	2013-08-03 23:25:57	xbmc/guilib/GUIFontTTF.cpp	True	True	True	True
3044	Karlson2k	2013-08-03 22:27:32	jmarshallnz	2013-08-03 23:25:57	xbmc/guilib/GUIFontTTF.h	True	True	True	True
3044	Karlson2k	2013-08-03 22:27:32	jmarshallnz	2013-08-03 23:25:57	xbmc/guilib/GUIFontTTF.cpp	False	True	True	True
3044	Karlson2k	2013-08-03 22:27:32	jmarshallnz	2013-08-03 23:24:48	xbmc/guilib/GUIFontTTF.cpp	True	True	True	True
3044	Karlson2k	2013-08-03 22:27:32	jmarshallnz	2013-08-03 23:24:48	xbmc/guilib/GUIFontTTFDX.cpp	True	True	True	True
3044	Karlson2k	2013-08-03 22:27:32	jmarshallnz	2013-08-03 23:24:48	xbmc/guilib/GUIFontTTFGL.cpp	True	True	True	True
3044	Karlson2k	2013-08-03 22:27:32	jmarshallnz	2013-08-03 23:24:48	xbmc/guilib/GUIFontTTFDX.cpp	False	True	True	True
3044	Karlson2k	2013-08-03 22:27:32	jmarshallnz	2013-08-03 23:25:57	xbmc/guilib/GUIFontTTFGL.cpp	True	True	True	True
3044	Karlson2k	2013-08-03 22:27:32	jmarshallnz	2013-08-03 23:25:57	xbmc/guilib/GUIFontTTFDX.cpp	False	True	True	True
3044	Karlson2k	2013-08-03 22:27:32	jmarshallnz	2013-08-03 23:27:11	xbmc/guilib/GUIFontTTF.cpp	False	True	True	True
3044	Karlson2k	2013-08-03 22:27:32	jmarshallnz	2013-08-03 23:25:57	xbmc/guilib/GUIFontTTFDX.cpp	True	True	True	True
3044	Karlson2k	2013-08-03 22:27:32	jmarshallnz	2013-08-03 23:25:57	xbmc/guilib/GUIFontTTFGL.cpp	False	True	True	True
3044	Karlson2k	2013-08-03 22:27:32	jmarshallnz	2013-08-03 23:24:48	xbmc/guilib/GUIFontTTF.cpp	False	True	True	True
3044	Karlson2k	2013-08-03 22:27:32	jmarshallnz	2013-08-03 23:27:11	xbmc/guilib/GUIFontTTF.h	True	True	True	True
3044	Karlson2k	2013-08-03 22:27:32	jmarshallnz	2013-08-03 23:27:11	xbmc/guilib/GUIFontTTF.cpp	True	True	True	True
3044	Karlson2k	2013-08-03 22:27:32	jmarshallnz	2013-08-03 23:27:11	xbmc/guilib/GUIFontTTFDX.cpp	False	True	True	True
3044	Karlson2k	2013-08-03 22:27:32	jmarshallnz	2013-08-03 23:27:11	xbmc/guilib/GUIFontTTFGL.cpp	True	True	True	True
3044	Karlson2k	2013-08-03 22:27:32	jmarshallnz	2013-08-03 23:27:11	xbmc/guilib/GUIFontTTFDX.cpp	True	True	True	True
3044	Karlson2k	2013-08-03 22:27:32	jmarshallnz	2013-08-03 23:27:11	xbmc/guilib/GUIFontTTFGL.cpp	False	True	True	True
3044	Karlson2k	2013-08-03 22:27:32	jmarshallnz	2013-08-03 23:24:48	xbmc/guilib/GUIFontTTF.h	True	True	True	True
3044	Karlson2k	2013-08-03 22:27:32	jmarshallnz	2013-08-03 23:26:08	xbmc/guilib/GUIFontTTFGL.cpp	True	True	True	True
3044	Karlson2k	2013-08-03 22:27:32	jmarshallnz	2013-08-03 23:22:37	xbmc/guilib/GUIFontTTFGL.cpp	False	True	True	True
3044	Karlson2k	2013-08-03 22:27:32	jmarshallnz	2013-08-03 23:19:28	xbmc/guilib/GUIFontTTF.cpp	True	True	True	True
3044	Karlson2k	2013-08-03 22:27:32	jmarshallnz	2013-08-03 23:26:08	xbmc/guilib/GUIFontTTF.cpp	False	True	True	True
3044	Karlson2k	2013-08-03 22:27:32	jmarshallnz	2013-08-03 23:26:08	xbmc/guilib/GUIFontTTF.h	True	True	True	True
3044	Karlson2k	2013-08-03 22:27:32	jmarshallnz	2013-08-03 23:26:08	xbmc/guilib/GUIFontTTF.cpp	True	True	True	True
3044	Karlson2k	2013-08-03 22:27:32	jmarshallnz	2013-08-03 23:26:08	xbmc/guilib/GUIFontTTFDX.cpp	False	True	True	True
3044	Karlson2k	2013-08-03 22:27:32	jmarshallnz	2013-08-03 23:26:08	xbmc/guilib/GUIFontTTFDX.cpp	True	True	True	True
3044	Karlson2k	2013-08-03 22:27:32	jmarshallnz	2013-08-03 23:22:37	xbmc/guilib/GUIFontTTFDX.cpp	True	True	True	True
3044	Karlson2k	2013-08-03 22:27:32	jmarshallnz	2013-08-03 23:19:28	xbmc/guilib/GUIFontTTF.cpp	False	True	True	True
3044	Karlson2k	2013-08-03 22:27:32	jmarshallnz	2013-08-03 23:19:28	xbmc/guilib/GUIFontTTF.h	True	True	True	True
3044	Karlson2k	2013-08-03 22:27:32	jmarshallnz	2013-08-03 23:26:08	xbmc/guilib/GUIFontTTFGL.cpp	False	True	True	True
3044	Karlson2k	2013-08-03 22:27:32	jmarshallnz	2013-08-03 23:19:28	xbmc/guilib/GUIFontTTFDX.cpp	False	True	True	True
3044	Karlson2k	2013-08-03 22:27:32	jmarshallnz	2013-08-03 23:22:37	xbmc/guilib/GUIFontTTF.h	True	True	True	True
3044	Karlson2k	2013-08-03 22:27:32	jmarshallnz	2013-08-03 23:19:28	xbmc/guilib/GUIFontTTFGL.cpp	True	True	True	True
3044	Karlson2k	2013-08-03 22:27:32	jmarshallnz	2013-08-03 23:22:37	xbmc/guilib/GUIFontTTFDX.cpp	False	True	True	True
3044	Karlson2k	2013-08-03 22:27:32	jmarshallnz	2013-08-03 23:22:37	xbmc/guilib/GUIFontTTF.cpp	True	True	True	True
3044	Karlson2k	2013-08-03 22:27:32	jmarshallnz	2013-08-03 23:22:37	xbmc/guilib/GUIFontTTFGL.cpp	True	True	True	True
3044	Karlson2k	2013-08-03 22:27:32	jmarshallnz	2013-08-03 23:22:37	xbmc/guilib/GUIFontTTF.cpp	False	True	True	True
3044	Karlson2k	2013-08-03 22:27:32	jmarshallnz	2013-08-03 23:19:28	xbmc/guilib/GUIFontTTFGL.cpp	False	True	True	True
3044	Karlson2k	2013-08-03 22:27:32	jmarshallnz	2013-08-03 23:19:28	xbmc/guilib/GUIFontTTFDX.cpp	True	True	True	True
3042	Millencolin	2013-08-03 18:21:35	ulion	2013-08-03 23:15:38	xbmc/cores/paplayer/MP3codec.cpp	False	True	True	True
3042	Millencolin	2013-08-03 18:21:35	jmarshallnz	2013-08-03 21:57:41	xbmc/cores/paplayer/FLACcodec.cpp	False	True	True	True
3042	Millencolin	2013-08-03 18:21:35	jmarshallnz	2013-08-03 21:57:41	xbmc/cores/paplayer/MP3codec.cpp	False	True	True	True
3042	Millencolin	2013-08-03 18:21:35	jmarshallnz	2013-08-03 21:57:41	xbmc/cores/paplayer/OGGcodec.cpp	False	True	True	True
3042	Millencolin	2013-08-03 18:21:35	jmarshallnz	2013-08-03 21:57:41	xbmc/music/tags/TagLoaderTagLib.cpp	False	True	True	True
3042	Millencolin	2013-08-03 18:21:35	jmarshallnz	2013-08-03 21:57:41	xbmc/music/tags/TagLoaderTagLib.h	False	True	True	True
3042	Millencolin	2013-08-03 18:21:35	jmarshallnz	2013-08-03 21:57:41	xbmc/cores/paplayer/CodecFactory.cpp	False	True	True	True
3042	Millencolin	2013-08-03 18:21:35	ulion	2013-08-03 23:15:38	xbmc/cores/paplayer/CodecFactory.cpp	False	True	True	True
3042	Millencolin	2013-08-03 18:21:35	ulion	2013-08-03 23:15:38	xbmc/cores/paplayer/FLACcodec.cpp	False	True	True	True
3042	Millencolin	2013-08-03 18:21:35	ulion	2013-08-03 23:11:21	xbmc/cores/paplayer/CodecFactory.cpp	False	True	True	True
3042	Millencolin	2013-08-03 18:21:35	ulion	2013-08-03 23:15:38	xbmc/cores/paplayer/OGGcodec.cpp	False	True	True	True
3042	Millencolin	2013-08-03 18:21:35	ulion	2013-08-03 23:15:38	xbmc/music/tags/TagLoaderTagLib.h	False	True	True	True
3042	Millencolin	2013-08-03 18:21:35	ulion	2013-08-03 23:11:21	xbmc/cores/paplayer/FLACcodec.cpp	False	True	True	True
3042	Millencolin	2013-08-03 18:21:35	ulion	2013-08-03 23:11:21	xbmc/cores/paplayer/MP3codec.cpp	False	True	True	True
3042	Millencolin	2013-08-03 18:21:35	ulion	2013-08-03 23:11:21	xbmc/cores/paplayer/OGGcodec.cpp	False	True	True	True
3042	Millencolin	2013-08-03 18:21:35	ulion	2013-08-03 23:11:21	xbmc/music/tags/TagLoaderTagLib.cpp	False	True	True	True
3042	Millencolin	2013-08-03 18:21:35	ulion	2013-08-03 23:11:21	xbmc/music/tags/TagLoaderTagLib.h	False	True	True	True
3042	Millencolin	2013-08-03 18:21:35	ulion	2013-08-03 23:15:38	xbmc/music/tags/TagLoaderTagLib.cpp	False	True	True	True
3037	FernetMenta	2013-08-02 17:27:07	MartijnKaijser	2013-08-02 17:44:23	system/settings/settings.xml	True	True	True	True
3037	FernetMenta	2013-08-02 17:27:07	MartijnKaijser	2013-08-02 17:44:23	xbmc/cores/dvdplayer/DVDCodecs/Video/DVDVideoCodecFFmpeg.cpp	True	True	True	True
3037	FernetMenta	2013-08-02 17:27:07	MartijnKaijser	2013-08-02 17:44:23	xbmc/cores/dvdplayer/DVDCodecs/Video/DVDVideoCodec.h	True	True	True	True
3037	FernetMenta	2013-08-02 17:27:07	MartijnKaijser	2013-08-02 17:44:23	xbmc/cores/VideoRenderers/VideoShaders/YUV2RGBShader.cpp	True	True	True	True
3037	FernetMenta	2013-08-02 17:27:07	MartijnKaijser	2013-08-02 17:44:23	xbmc/cores/VideoRenderers/RenderManager.h	True	True	True	True
3037	FernetMenta	2013-08-02 17:27:07	MartijnKaijser	2013-08-02 17:44:23	xbmc/cores/VideoRenderers/RenderManager.cpp	True	True	True	True
3037	FernetMenta	2013-08-02 17:27:07	MartijnKaijser	2013-08-02 17:44:23	xbmc/cores/VideoRenderers/RenderFormats.h	True	True	True	True
3037	FernetMenta	2013-08-02 17:27:07	MartijnKaijser	2013-08-02 17:44:23	system/shaders/yuv2rgb_basic.glsl	True	True	True	True
3037	FernetMenta	2013-08-02 17:27:07	elupus	2013-08-05 11:28:06	xbmc/cores/dvdplayer/DVDCodecs/Video/VDPAU.h	False	True	True	True
3037	FernetMenta	2013-08-02 17:27:07	MartijnKaijser	2013-08-02 17:44:23	language/English/strings.po	True	True	True	True
3037	FernetMenta	2013-08-02 17:27:07	MartijnKaijser	2013-08-02 17:44:23	xbmc/cores/VideoRenderers/LinuxRendererGL.h	True	True	True	True
3037	FernetMenta	2013-08-02 17:27:07	MartijnKaijser	2013-08-02 17:44:23	xbmc/cores/VideoRenderers/LinuxRendererGL.cpp	True	True	True	True
3037	FernetMenta	2013-08-02 17:27:07	MartijnKaijser	2013-08-02 17:44:23	xbmc/cores/dvdplayer/DVDCodecs/Video/VDPAU.cpp	True	True	True	True
3037	FernetMenta	2013-08-02 17:27:07	elupus	2013-08-05 11:28:06	xbmc/cores/dvdplayer/DVDCodecs/Video/VDPAU.cpp	False	True	True	True
3037	FernetMenta	2013-08-02 17:27:07	elupus	2013-08-05 11:55:38	xbmc/cores/VideoRenderers/LinuxRendererGL.cpp	True	True	True	True
3037	FernetMenta	2013-08-02 17:27:07	elupus	2013-08-05 11:28:06	xbmc/cores/VideoRenderers/LinuxRendererGL.cpp	False	True	True	True
3037	FernetMenta	2013-08-02 17:27:07	elupus	2013-08-05 11:28:06	xbmc/windowing/X11/WinSystemX11.h	True	True	True	True
3037	FernetMenta	2013-08-02 17:27:07	MartijnKaijser	2013-08-02 17:44:23	xbmc/cores/dvdplayer/DVDCodecs/Video/DVDVideoCodecFFmpeg.h	True	True	True	True
3037	FernetMenta	2013-08-02 17:27:07	MartijnKaijser	2013-08-02 17:44:23	xbmc/settings/AdvancedSettings.cpp	True	True	True	True
3037	FernetMenta	2013-08-02 17:27:07	MartijnKaijser	2013-08-02 17:44:23	xbmc/cores/dvdplayer/DVDCodecs/Video/VDPAU.h	True	True	True	True
3037	FernetMenta	2013-08-02 17:27:07	elupus	2013-08-05 11:25:45	xbmc/cores/VideoRenderers/LinuxRendererGL.h	True	True	True	True
3037	FernetMenta	2013-08-02 17:27:07	elupus	2013-08-05 11:25:45	xbmc/cores/VideoRenderers/VideoShaders/YUV2RGBShader.cpp	True	True	True	True
3037	FernetMenta	2013-08-02 17:27:07	elupus	2013-08-05 11:25:45	xbmc/cores/VideoRenderers/RenderManager.h	True	True	True	True
3037	FernetMenta	2013-08-02 17:27:07	elupus	2013-08-05 11:25:45	xbmc/cores/VideoRenderers/RenderManager.cpp	True	True	True	True
3037	FernetMenta	2013-08-02 17:27:07	elupus	2013-08-05 11:25:45	xbmc/cores/VideoRenderers/RenderFormats.h	True	True	True	True
3037	FernetMenta	2013-08-02 17:27:07	elupus	2013-08-05 11:25:45	system/shaders/yuv2rgb_basic.glsl	True	True	True	True
3037	FernetMenta	2013-08-02 17:27:07	elupus	2013-08-05 11:25:45	system/settings/settings.xml	True	True	True	True
3037	FernetMenta	2013-08-02 17:27:07	elupus	2013-08-05 11:25:45	language/English/strings.po	True	True	True	True
3037	FernetMenta	2013-08-02 17:27:07	elupus	2013-08-05 11:25:45	xbmc/cores/VideoRenderers/LinuxRendererGL.cpp	True	True	True	True
3037	FernetMenta	2013-08-02 17:27:07	MartijnKaijser	2013-08-02 17:44:23	xbmc/cores/dvdplayer/DVDPlayerVideo.cpp	True	True	True	True
3037	FernetMenta	2013-08-02 17:27:07	MartijnKaijser	2013-08-02 17:44:23	xbmc/cores/dvdplayer/DVDCodecs/Video/VDPAU.h	False	True	True	True
3037	FernetMenta	2013-08-02 17:27:07	MartijnKaijser	2013-08-02 17:44:23	xbmc/cores/dvdplayer/DVDCodecs/Video/VDPAU.cpp	False	True	True	True
3037	FernetMenta	2013-08-02 17:27:07	MartijnKaijser	2013-08-02 17:44:23	xbmc/cores/VideoRenderers/LinuxRendererGL.cpp	False	True	True	True
3037	FernetMenta	2013-08-02 17:27:07	MartijnKaijser	2013-08-02 17:44:23	xbmc/windowing/X11/WinSystemX11.h	True	True	True	True
3037	FernetMenta	2013-08-02 17:27:07	MartijnKaijser	2013-08-02 17:44:23	xbmc/video/dialogs/GUIDialogVideoSettings.cpp	True	True	True	True
3037	FernetMenta	2013-08-02 17:27:07	MartijnKaijser	2013-08-02 17:44:23	xbmc/settings/AdvancedSettings.h	True	True	True	True
3037	FernetMenta	2013-08-02 17:27:07	elupus	2013-08-05 11:28:06	xbmc/settings/AdvancedSettings.h	True	True	True	True
3037	FernetMenta	2013-08-02 17:27:07	elupus	2013-08-05 11:28:06	xbmc/video/dialogs/GUIDialogVideoSettings.cpp	True	True	True	True
3037	FernetMenta	2013-08-02 17:27:07	elupus	2013-08-05 11:28:06	xbmc/cores/dvdplayer/DVDCodecs/Video/VDPAU.cpp	True	True	True	True
3037	FernetMenta	2013-08-02 17:27:07	elupus	2013-08-05 11:28:06	xbmc/settings/AdvancedSettings.cpp	True	True	True	True
3037	FernetMenta	2013-08-02 17:27:07	elupus	2013-08-05 11:55:38	xbmc/cores/VideoRenderers/VideoShaders/YUV2RGBShader.cpp	True	True	True	True
3037	FernetMenta	2013-08-02 17:27:07	elupus	2013-08-05 11:55:38	xbmc/settings/AdvancedSettings.cpp	True	True	True	True
3037	FernetMenta	2013-08-02 17:27:07	elupus	2013-08-05 11:55:38	xbmc/cores/dvdplayer/DVDPlayerVideo.cpp	True	True	True	True
3037	FernetMenta	2013-08-02 17:27:07	elupus	2013-08-05 11:55:38	xbmc/cores/dvdplayer/DVDCodecs/Video/VDPAU.h	True	True	True	True
3037	FernetMenta	2013-08-02 17:27:07	elupus	2013-08-05 11:55:38	xbmc/cores/dvdplayer/DVDCodecs/Video/VDPAU.cpp	True	True	True	True
3037	FernetMenta	2013-08-02 17:27:07	elupus	2013-08-05 11:55:38	xbmc/cores/dvdplayer/DVDCodecs/Video/DVDVideoCodecFFmpeg.h	True	True	True	True
3037	FernetMenta	2013-08-02 17:27:07	elupus	2013-08-05 11:55:38	xbmc/cores/dvdplayer/DVDCodecs/Video/DVDVideoCodecFFmpeg.cpp	True	True	True	True
3037	FernetMenta	2013-08-02 17:27:07	elupus	2013-08-05 11:55:38	xbmc/cores/dvdplayer/DVDCodecs/Video/DVDVideoCodec.h	True	True	True	True
3037	FernetMenta	2013-08-02 17:27:07	elupus	2013-08-05 11:55:38	xbmc/cores/VideoRenderers/RenderManager.h	True	True	True	True
3037	FernetMenta	2013-08-02 17:27:07	elupus	2013-08-05 11:28:06	xbmc/cores/dvdplayer/DVDPlayerVideo.cpp	True	True	True	True
3037	FernetMenta	2013-08-02 17:27:07	elupus	2013-08-05 11:55:38	xbmc/cores/VideoRenderers/RenderManager.cpp	True	True	True	True
3037	FernetMenta	2013-08-02 17:27:07	elupus	2013-08-05 11:55:38	xbmc/cores/VideoRenderers/RenderFormats.h	True	True	True	True
3037	FernetMenta	2013-08-02 17:27:07	elupus	2013-08-05 11:55:38	system/shaders/yuv2rgb_basic.glsl	True	True	True	True
3037	FernetMenta	2013-08-02 17:27:07	elupus	2013-08-05 11:55:38	system/settings/settings.xml	True	True	True	True
3037	FernetMenta	2013-08-02 17:27:07	elupus	2013-08-05 11:55:38	language/English/strings.po	True	True	True	True
3037	FernetMenta	2013-08-02 17:27:07	elupus	2013-08-05 11:55:38	xbmc/cores/VideoRenderers/LinuxRendererGL.h	True	True	True	True
3037	FernetMenta	2013-08-02 17:27:07	elupus	2013-08-05 11:25:45	xbmc/cores/dvdplayer/DVDCodecs/Video/DVDVideoCodecFFmpeg.cpp	True	True	True	True
3037	FernetMenta	2013-08-02 17:27:07	elupus	2013-08-05 11:55:38	xbmc/settings/AdvancedSettings.h	True	True	True	True
3037	FernetMenta	2013-08-02 17:27:07	elupus	2013-08-05 11:55:38	xbmc/video/dialogs/GUIDialogVideoSettings.cpp	True	True	True	True
3037	FernetMenta	2013-08-02 17:27:07	elupus	2013-08-05 11:55:38	xbmc/windowing/X11/WinSystemX11.h	True	True	True	True
3037	FernetMenta	2013-08-02 17:27:07	elupus	2013-08-05 11:55:38	xbmc/cores/VideoRenderers/LinuxRendererGL.cpp	False	True	True	True
3037	FernetMenta	2013-08-02 17:27:07	elupus	2013-08-05 11:28:06	xbmc/cores/dvdplayer/DVDCodecs/Video/VDPAU.h	True	True	True	True
3037	FernetMenta	2013-08-02 17:27:07	elupus	2013-08-05 11:28:06	xbmc/cores/dvdplayer/DVDCodecs/Video/DVDVideoCodecFFmpeg.h	True	True	True	True
3037	FernetMenta	2013-08-02 17:27:07	elupus	2013-08-05 11:28:06	xbmc/cores/dvdplayer/DVDCodecs/Video/DVDVideoCodecFFmpeg.cpp	True	True	True	True
3037	FernetMenta	2013-08-02 17:27:07	elupus	2013-08-05 11:28:06	xbmc/cores/dvdplayer/DVDCodecs/Video/DVDVideoCodec.h	True	True	True	True
3037	FernetMenta	2013-08-02 17:27:07	elupus	2013-08-05 11:28:06	xbmc/cores/VideoRenderers/VideoShaders/YUV2RGBShader.cpp	True	True	True	True
3037	FernetMenta	2013-08-02 17:27:07	elupus	2013-08-05 11:28:06	xbmc/cores/VideoRenderers/RenderManager.h	True	True	True	True
3037	FernetMenta	2013-08-02 17:27:07	elupus	2013-08-05 11:28:06	xbmc/cores/VideoRenderers/RenderManager.cpp	True	True	True	True
3037	FernetMenta	2013-08-02 17:27:07	elupus	2013-08-05 11:28:06	xbmc/cores/VideoRenderers/RenderFormats.h	True	True	True	True
3037	FernetMenta	2013-08-02 17:27:07	elupus	2013-08-05 11:28:06	system/shaders/yuv2rgb_basic.glsl	True	True	True	True
3037	FernetMenta	2013-08-02 17:27:07	elupus	2013-08-05 11:28:06	system/settings/settings.xml	True	True	True	True
3037	FernetMenta	2013-08-02 17:27:07	elupus	2013-08-05 11:28:06	language/English/strings.po	True	True	True	True
3037	FernetMenta	2013-08-02 17:27:07	elupus	2013-08-05 11:28:06	xbmc/cores/VideoRenderers/LinuxRendererGL.h	True	True	True	True
3037	FernetMenta	2013-08-02 17:27:07	elupus	2013-08-05 11:28:06	xbmc/cores/VideoRenderers/LinuxRendererGL.cpp	True	True	True	True
3037	FernetMenta	2013-08-02 17:27:07	elupus	2013-08-05 11:55:38	xbmc/cores/dvdplayer/DVDCodecs/Video/VDPAU.h	False	True	True	True
3037	FernetMenta	2013-08-02 17:27:07	elupus	2013-08-05 11:55:38	xbmc/cores/dvdplayer/DVDCodecs/Video/VDPAU.cpp	False	True	True	True
3037	FernetMenta	2013-08-02 17:27:07	elupus	2013-08-05 11:25:45	xbmc/cores/dvdplayer/DVDCodecs/Video/DVDVideoCodec.h	True	True	True	True
3037	FernetMenta	2013-08-02 17:27:07	elupus	2013-08-05 12:02:30	language/English/strings.po	True	True	True	True
3037	FernetMenta	2013-08-02 17:27:07	elupus	2013-08-05 11:25:45	xbmc/cores/dvdplayer/DVDCodecs/Video/DVDVideoCodecFFmpeg.h	True	True	True	True
3037	FernetMenta	2013-08-02 17:27:07	elupus	2013-08-05 12:02:30	xbmc/windowing/X11/WinSystemX11.h	True	True	True	True
3037	FernetMenta	2013-08-02 17:27:07	elupus	2013-08-05 12:03:44	system/settings/settings.xml	True	True	True	True
3037	FernetMenta	2013-08-02 17:27:07	elupus	2013-08-05 12:03:44	language/English/strings.po	True	True	True	True
3037	FernetMenta	2013-08-02 17:27:07	elupus	2013-08-05 12:03:44	xbmc/cores/VideoRenderers/LinuxRendererGL.h	True	True	True	True
3037	FernetMenta	2013-08-02 17:27:07	elupus	2013-08-05 12:03:44	xbmc/cores/VideoRenderers/LinuxRendererGL.cpp	True	True	True	True
3037	FernetMenta	2013-08-02 17:27:07	elupus	2013-08-05 12:02:30	xbmc/cores/dvdplayer/DVDCodecs/Video/VDPAU.h	False	True	True	True
3037	FernetMenta	2013-08-02 17:27:07	elupus	2013-08-05 12:02:30	xbmc/cores/dvdplayer/DVDCodecs/Video/VDPAU.cpp	False	True	True	True
3037	FernetMenta	2013-08-02 17:27:07	elupus	2013-08-05 12:02:30	xbmc/cores/VideoRenderers/LinuxRendererGL.cpp	False	True	True	True
3037	FernetMenta	2013-08-02 17:27:07	elupus	2013-08-05 12:02:30	xbmc/video/dialogs/GUIDialogVideoSettings.cpp	True	True	True	True
3037	FernetMenta	2013-08-02 17:27:07	elupus	2013-08-05 12:02:30	xbmc/cores/VideoRenderers/RenderManager.h	True	True	True	True
3037	FernetMenta	2013-08-02 17:27:07	elupus	2013-08-05 12:02:30	xbmc/settings/AdvancedSettings.h	True	True	True	True
3037	FernetMenta	2013-08-02 17:27:07	elupus	2013-08-05 12:02:30	xbmc/settings/AdvancedSettings.cpp	True	True	True	True
3037	FernetMenta	2013-08-02 17:27:07	elupus	2013-08-05 12:02:30	xbmc/cores/dvdplayer/DVDPlayerVideo.cpp	True	True	True	True
3037	FernetMenta	2013-08-02 17:27:07	elupus	2013-08-05 12:02:30	xbmc/cores/dvdplayer/DVDCodecs/Video/VDPAU.cpp	True	True	True	True
3037	FernetMenta	2013-08-02 17:27:07	elupus	2013-08-05 12:02:30	xbmc/cores/dvdplayer/DVDCodecs/Video/DVDVideoCodecFFmpeg.h	True	True	True	True
3037	FernetMenta	2013-08-02 17:27:07	elupus	2013-08-05 12:02:30	xbmc/cores/dvdplayer/DVDCodecs/Video/DVDVideoCodecFFmpeg.cpp	True	True	True	True
3037	FernetMenta	2013-08-02 17:27:07	elupus	2013-08-05 12:02:30	xbmc/cores/dvdplayer/DVDCodecs/Video/DVDVideoCodec.h	True	True	True	True
3037	FernetMenta	2013-08-02 17:27:07	elupus	2013-08-05 12:03:44	system/shaders/yuv2rgb_basic.glsl	True	True	True	True
3037	FernetMenta	2013-08-02 17:27:07	elupus	2013-08-05 12:03:44	xbmc/cores/VideoRenderers/RenderFormats.h	True	True	True	True
3037	FernetMenta	2013-08-02 17:27:07	elupus	2013-08-05 12:03:44	xbmc/cores/VideoRenderers/RenderManager.cpp	True	True	True	True
3037	FernetMenta	2013-08-02 17:27:07	elupus	2013-08-05 12:03:44	xbmc/cores/VideoRenderers/RenderManager.h	True	True	True	True
3037	FernetMenta	2013-08-02 17:27:07	elupus	2013-08-05 11:25:45	xbmc/cores/dvdplayer/DVDCodecs/Video/VDPAU.cpp	True	True	True	True
3037	FernetMenta	2013-08-02 17:27:07	elupus	2013-08-05 12:03:44	xbmc/cores/dvdplayer/DVDCodecs/Video/VDPAU.h	False	True	True	True
3037	FernetMenta	2013-08-02 17:27:07	elupus	2013-08-05 12:03:44	xbmc/cores/dvdplayer/DVDCodecs/Video/VDPAU.cpp	False	True	True	True
3037	FernetMenta	2013-08-02 17:27:07	elupus	2013-08-05 12:03:44	xbmc/cores/VideoRenderers/LinuxRendererGL.cpp	False	True	True	True
3037	FernetMenta	2013-08-02 17:27:07	elupus	2013-08-05 12:03:44	xbmc/windowing/X11/WinSystemX11.h	True	True	True	True
3037	FernetMenta	2013-08-02 17:27:07	elupus	2013-08-05 12:03:44	xbmc/video/dialogs/GUIDialogVideoSettings.cpp	True	True	True	True
3037	FernetMenta	2013-08-02 17:27:07	elupus	2013-08-05 12:03:44	xbmc/settings/AdvancedSettings.h	True	True	True	True
3037	FernetMenta	2013-08-02 17:27:07	elupus	2013-08-05 12:03:44	xbmc/settings/AdvancedSettings.cpp	True	True	True	True
3037	FernetMenta	2013-08-02 17:27:07	elupus	2013-08-05 12:03:44	xbmc/cores/dvdplayer/DVDPlayerVideo.cpp	True	True	True	True
3037	FernetMenta	2013-08-02 17:27:07	elupus	2013-08-05 12:03:44	xbmc/cores/dvdplayer/DVDCodecs/Video/VDPAU.h	True	True	True	True
3037	FernetMenta	2013-08-02 17:27:07	elupus	2013-08-05 12:03:44	xbmc/cores/dvdplayer/DVDCodecs/Video/VDPAU.cpp	True	True	True	True
3037	FernetMenta	2013-08-02 17:27:07	elupus	2013-08-05 12:03:44	xbmc/cores/dvdplayer/DVDCodecs/Video/DVDVideoCodecFFmpeg.h	True	True	True	True
3037	FernetMenta	2013-08-02 17:27:07	elupus	2013-08-05 12:03:44	xbmc/cores/dvdplayer/DVDCodecs/Video/DVDVideoCodecFFmpeg.cpp	True	True	True	True
3037	FernetMenta	2013-08-02 17:27:07	elupus	2013-08-05 12:03:44	xbmc/cores/dvdplayer/DVDCodecs/Video/DVDVideoCodec.h	True	True	True	True
3037	FernetMenta	2013-08-02 17:27:07	elupus	2013-08-05 12:03:44	xbmc/cores/VideoRenderers/VideoShaders/YUV2RGBShader.cpp	True	True	True	True
3037	FernetMenta	2013-08-02 17:27:07	elupus	2013-08-05 12:02:30	xbmc/cores/VideoRenderers/VideoShaders/YUV2RGBShader.cpp	True	True	True	True
3037	FernetMenta	2013-08-02 17:27:07	elupus	2013-08-05 12:02:30	xbmc/cores/dvdplayer/DVDCodecs/Video/VDPAU.h	True	True	True	True
3037	FernetMenta	2013-08-02 17:27:07	elupus	2013-08-05 12:02:30	xbmc/cores/VideoRenderers/RenderManager.cpp	True	True	True	True
3037	FernetMenta	2013-08-02 17:27:07	elupus	2013-08-05 11:25:45	xbmc/cores/dvdplayer/DVDCodecs/Video/VDPAU.h	False	True	True	True
3037	FernetMenta	2013-08-02 17:27:07	elupus	2013-08-05 11:30:13	xbmc/cores/VideoRenderers/RenderManager.cpp	True	True	True	True
3037	FernetMenta	2013-08-02 17:27:07	elupus	2013-08-05 11:30:13	xbmc/cores/VideoRenderers/RenderFormats.h	True	True	True	True
3037	FernetMenta	2013-08-02 17:27:07	elupus	2013-08-05 11:30:13	system/shaders/yuv2rgb_basic.glsl	True	True	True	True
3037	FernetMenta	2013-08-02 17:27:07	elupus	2013-08-05 12:02:30	xbmc/cores/VideoRenderers/RenderFormats.h	True	True	True	True
3037	FernetMenta	2013-08-02 17:27:07	elupus	2013-08-05 11:30:13	language/English/strings.po	True	True	True	True
3037	FernetMenta	2013-08-02 17:27:07	elupus	2013-08-05 11:30:13	xbmc/cores/VideoRenderers/LinuxRendererGL.h	True	True	True	True
3037	FernetMenta	2013-08-02 17:27:07	elupus	2013-08-05 11:30:13	xbmc/cores/VideoRenderers/LinuxRendererGL.cpp	True	True	True	True
3037	FernetMenta	2013-08-02 17:27:07	elupus	2013-08-05 11:25:45	xbmc/cores/dvdplayer/DVDCodecs/Video/VDPAU.cpp	False	True	True	True
3037	FernetMenta	2013-08-02 17:27:07	elupus	2013-08-05 11:30:13	xbmc/cores/VideoRenderers/VideoShaders/YUV2RGBShader.cpp	True	True	True	True
3037	FernetMenta	2013-08-02 17:27:07	elupus	2013-08-05 11:25:45	xbmc/cores/VideoRenderers/LinuxRendererGL.cpp	False	True	True	True
3037	FernetMenta	2013-08-02 17:27:07	elupus	2013-08-05 11:25:45	xbmc/windowing/X11/WinSystemX11.h	True	True	True	True
3037	FernetMenta	2013-08-02 17:27:07	elupus	2013-08-05 11:25:45	xbmc/video/dialogs/GUIDialogVideoSettings.cpp	True	True	True	True
3037	FernetMenta	2013-08-02 17:27:07	elupus	2013-08-05 11:25:45	xbmc/settings/AdvancedSettings.h	True	True	True	True
3037	FernetMenta	2013-08-02 17:27:07	elupus	2013-08-05 11:25:45	xbmc/settings/AdvancedSettings.cpp	True	True	True	True
3037	FernetMenta	2013-08-02 17:27:07	elupus	2013-08-05 11:25:45	xbmc/cores/dvdplayer/DVDPlayerVideo.cpp	True	True	True	True
3037	FernetMenta	2013-08-02 17:27:07	elupus	2013-08-05 11:25:45	xbmc/cores/dvdplayer/DVDCodecs/Video/VDPAU.h	True	True	True	True
3037	FernetMenta	2013-08-02 17:27:07	elupus	2013-08-05 11:30:13	xbmc/cores/VideoRenderers/RenderManager.h	True	True	True	True
3037	FernetMenta	2013-08-02 17:27:07	elupus	2013-08-05 11:30:13	system/settings/settings.xml	True	True	True	True
3037	FernetMenta	2013-08-02 17:27:07	elupus	2013-08-05 11:30:13	xbmc/cores/dvdplayer/DVDCodecs/Video/DVDVideoCodec.h	True	True	True	True
3037	FernetMenta	2013-08-02 17:27:07	elupus	2013-08-05 11:30:13	xbmc/windowing/X11/WinSystemX11.h	True	True	True	True
3037	FernetMenta	2013-08-02 17:27:07	elupus	2013-08-05 12:02:30	system/shaders/yuv2rgb_basic.glsl	True	True	True	True
3037	FernetMenta	2013-08-02 17:27:07	elupus	2013-08-05 12:02:30	system/settings/settings.xml	True	True	True	True
3037	FernetMenta	2013-08-02 17:27:07	elupus	2013-08-05 11:30:13	xbmc/cores/dvdplayer/DVDCodecs/Video/DVDVideoCodecFFmpeg.cpp	True	True	True	True
3037	FernetMenta	2013-08-02 17:27:07	elupus	2013-08-05 12:02:30	xbmc/cores/VideoRenderers/LinuxRendererGL.cpp	True	True	True	True
3037	FernetMenta	2013-08-02 17:27:07	elupus	2013-08-05 11:30:13	xbmc/cores/dvdplayer/DVDCodecs/Video/VDPAU.h	False	True	True	True
3037	FernetMenta	2013-08-02 17:27:07	elupus	2013-08-05 11:30:13	xbmc/cores/dvdplayer/DVDCodecs/Video/VDPAU.cpp	False	True	True	True
3037	FernetMenta	2013-08-02 17:27:07	elupus	2013-08-05 11:30:13	xbmc/cores/VideoRenderers/LinuxRendererGL.cpp	False	True	True	True
3037	FernetMenta	2013-08-02 17:27:07	elupus	2013-08-05 12:02:30	xbmc/cores/VideoRenderers/LinuxRendererGL.h	True	True	True	True
3037	FernetMenta	2013-08-02 17:27:07	elupus	2013-08-05 11:30:13	xbmc/video/dialogs/GUIDialogVideoSettings.cpp	True	True	True	True
3037	FernetMenta	2013-08-02 17:27:07	elupus	2013-08-05 11:30:13	xbmc/settings/AdvancedSettings.cpp	True	True	True	True
3037	FernetMenta	2013-08-02 17:27:07	elupus	2013-08-05 11:30:13	xbmc/cores/dvdplayer/DVDPlayerVideo.cpp	True	True	True	True
3037	FernetMenta	2013-08-02 17:27:07	elupus	2013-08-05 11:30:13	xbmc/cores/dvdplayer/DVDCodecs/Video/VDPAU.h	True	True	True	True
3037	FernetMenta	2013-08-02 17:27:07	elupus	2013-08-05 11:30:13	xbmc/cores/dvdplayer/DVDCodecs/Video/VDPAU.cpp	True	True	True	True
3037	FernetMenta	2013-08-02 17:27:07	elupus	2013-08-05 11:30:13	xbmc/cores/dvdplayer/DVDCodecs/Video/DVDVideoCodecFFmpeg.h	True	True	True	True
3037	FernetMenta	2013-08-02 17:27:07	elupus	2013-08-05 11:30:13	xbmc/settings/AdvancedSettings.h	True	True	True	True
3033	sraue	2013-08-01 23:40:27	MartijnKaijser	2013-08-02 06:30:16	xbmc/powermanagement/linux/FallbackPowerSyscall.h	True	True	True	True
3033	sraue	2013-08-01 23:40:27	MartijnKaijser	2013-08-02 06:30:16	xbmc/powermanagement/PowerManager.cpp	True	True	True	True
