pr_number	author_user_login	pr_created_at	comment_user_login	comment_created_at	is_review_issue_comment
3166	koying	2013-08-31 01:20:03	jmarshallnz	2013-09-18 23:38:13	True
3166	koying	2013-08-31 01:20:03	t-nelson	2013-09-18 21:53:54	True
3166	koying	2013-08-31 01:20:03	jmarshallnz	2013-09-18 21:14:56	True
3166	koying	2013-08-31 01:20:03	jmarshallnz	2013-09-18 20:10:40	True
3166	koying	2013-08-31 01:20:03	da-anda	2013-09-01 14:14:57	True
3157	adamreeve	2013-08-28 07:04:16	arnova	2013-09-03 05:19:43	True
3157	adamreeve	2013-08-28 07:04:16	MartijnKaijser	2013-09-03 06:00:58	True
3157	adamreeve	2013-08-28 07:04:16	lskrinjar	2013-09-21 12:45:32	True
3157	adamreeve	2013-08-28 07:04:16	t-nelson	2013-09-21 15:42:17	True
3157	adamreeve	2013-08-28 07:04:16	jmarshallnz	2013-10-11 12:55:55	True
3138	Fice	2013-08-23 14:43:43	Montellese	2013-08-25 07:39:32	True
3138	Fice	2013-08-23 14:43:43	Voyager1	2013-08-23 15:19:12	True
3137	jmbreuer	2013-08-23 14:35:53	MartijnKaijser	2013-09-27 07:09:35	True
3137	jmbreuer	2013-08-23 14:35:53	Montellese	2013-08-30 08:49:49	True
3137	jmbreuer	2013-08-23 14:35:53	Montellese	2013-08-26 05:47:57	True
3137	jmbreuer	2013-08-23 14:35:53	dersphere	2013-08-25 17:01:02	True
3137	jmbreuer	2013-08-23 14:35:53	Montellese	2013-08-25 14:21:45	True
3137	jmbreuer	2013-08-23 14:35:53	Montellese	2013-09-02 13:01:14	True
3132	Jalle19	2013-08-23 07:00:38	opdenkamp	2013-11-04 23:37:55	True
3132	Jalle19	2013-08-23 07:00:38	opdenkamp	2013-11-09 02:06:38	True
3132	Jalle19	2013-08-23 07:00:38	opdenkamp	2013-09-08 01:20:35	True
3132	Jalle19	2013-08-23 07:00:38	opdenkamp	2013-08-23 10:20:14	True
3132	Jalle19	2013-08-23 07:00:38	opdenkamp	2013-08-23 14:33:20	True
3132	Jalle19	2013-08-23 07:00:38	jmarshallnz	2013-11-03 23:08:46	True
3132	Jalle19	2013-08-23 07:00:38	fritsch	2013-11-04 15:33:25	True
3132	Jalle19	2013-08-23 07:00:38	opdenkamp	2013-11-05 09:27:18	True
3132	Jalle19	2013-08-23 07:00:38	jmarshallnz	2013-11-05 07:40:52	True
3132	Jalle19	2013-08-23 07:00:38	MartijnKaijser	2013-11-04 14:12:52	True
3132	Jalle19	2013-08-23 07:00:38	jmarshallnz	2013-11-04 21:32:45	True
3132	Jalle19	2013-08-23 07:00:38	opdenkamp	2013-10-28 18:20:01	True
3130	jdieter	2013-08-22 18:43:46	MartijnKaijser	2013-08-23 22:36:46	True
3130	jdieter	2013-08-22 18:43:46	MartijnKaijser	2013-10-17 07:13:33	True
3130	jdieter	2013-08-22 18:43:46	dersphere	2013-08-24 08:32:08	True
3130	jdieter	2013-08-22 18:43:46	jmarshallnz	2013-08-23 22:00:28	True
3130	jdieter	2013-08-22 18:43:46	jmarshallnz	2013-08-22 19:57:57	True
3130	jdieter	2013-08-22 18:43:46	jmarshallnz	2013-10-21 19:42:19	True
3130	jdieter	2013-08-22 18:43:46	MartijnKaijser	2013-11-01 10:10:35	True
3130	jdieter	2013-08-22 18:43:46	MartijnKaijser	2013-11-01 16:14:41	True
3130	jdieter	2013-08-22 18:43:46	jmarshallnz	2013-10-21 01:42:50	True
3128	stupid-boy	2013-08-21 17:35:52	MartijnKaijser	2013-08-21 19:00:11	True
3128	stupid-boy	2013-08-21 17:35:52	MartijnKaijser	2013-08-21 19:15:27	True
3128	stupid-boy	2013-08-21 17:35:52	MartijnKaijser	2013-08-23 19:56:03	True
3128	stupid-boy	2013-08-21 17:35:52	jmarshallnz	2013-08-23 21:08:53	True
3121	Karlson2k	2013-08-18 19:30:09	MartijnKaijser	2013-08-19 20:43:08	True
3121	Karlson2k	2013-08-18 19:30:09	MartijnKaijser	2013-09-22 09:58:15	True
3121	Karlson2k	2013-08-18 19:30:09	elupus	2013-08-19 09:28:14	True
3121	Karlson2k	2013-08-18 19:30:09	MartijnKaijser	2013-08-19 09:29:52	True
3119	jimfcarroll	2013-08-17 21:41:55	amet	2013-08-18 12:06:55	True
3119	jimfcarroll	2013-08-17 21:41:55	MartijnKaijser	2013-08-18 14:27:12	True
3119	jimfcarroll	2013-08-17 21:41:55	amet	2013-08-18 15:30:16	True
3114	stupid-boy	2013-08-17 10:14:51	MartijnKaijser	2013-08-20 18:42:07	True
3114	stupid-boy	2013-08-17 10:14:51	MartijnKaijser	2013-08-20 21:28:12	True
3114	stupid-boy	2013-08-17 10:14:51	popcornmix	2013-08-20 10:29:23	True
3111	janbar	2013-08-15 18:52:47	opdenkamp	2013-11-04 23:39:46	True
3111	janbar	2013-08-15 18:52:47	opdenkamp	2013-11-05 00:13:12	True
3099	Voyager1	2013-08-14 05:35:29	popcornmix	2013-08-18 15:38:17	True
3099	Voyager1	2013-08-14 05:35:29	elupus	2013-08-18 16:16:27	True
3099	Voyager1	2013-08-14 05:35:29	popcornmix	2013-08-18 15:56:37	True
3097	Karlson2k	2013-08-13 00:58:21	jmarshallnz	2013-09-18 01:19:12	True
3097	Karlson2k	2013-08-13 00:58:21	MartijnKaijser	2013-09-22 09:07:21	True
3097	Karlson2k	2013-08-13 00:58:21	MartijnKaijser	2013-09-18 07:13:21	True
3097	Karlson2k	2013-08-13 00:58:21	jmarshallnz	2013-09-22 09:18:57	True
3097	Karlson2k	2013-08-13 00:58:21	jmarshallnz	2013-09-13 22:00:06	True
3097	Karlson2k	2013-08-13 00:58:21	Montellese	2013-08-13 06:06:41	True
3097	Karlson2k	2013-08-13 00:58:21	t-nelson	2013-08-13 01:25:47	True
3091	stupid-boy	2013-08-11 11:13:37	MartijnKaijser	2013-08-15 08:11:42	True
3091	stupid-boy	2013-08-11 11:13:37	popcornmix	2013-08-13 10:48:36	True
3091	stupid-boy	2013-08-11 11:13:37	jmarshallnz	2013-08-14 19:47:03	True
3091	stupid-boy	2013-08-11 11:13:37	popcornmix	2013-08-19 10:28:14	True
3091	stupid-boy	2013-08-11 11:13:37	jmarshallnz	2013-08-19 06:31:11	True
3091	stupid-boy	2013-08-11 11:13:37	MartijnKaijser	2013-08-19 06:35:15	True
3090	night199uk	2013-08-11 03:50:02	almightiest	2013-08-12 23:47:43	True
3090	night199uk	2013-08-11 03:50:02	jmarshallnz	2013-08-11 03:58:52	True
3090	night199uk	2013-08-11 03:50:02	Montellese	2013-08-11 07:44:40	True
3090	night199uk	2013-08-11 03:50:02	da-anda	2013-08-11 09:18:27	True
3090	night199uk	2013-08-11 03:50:02	adamreeve	2013-08-13 07:29:15	True
3090	night199uk	2013-08-11 03:50:02	adamreeve	2013-08-12 09:08:57	True
3090	night199uk	2013-08-11 03:50:02	jmarshallnz	2013-08-13 08:22:06	True
3090	night199uk	2013-08-11 03:50:02	MartijnKaijser	2013-08-13 07:06:02	True
3087	ulion	2013-08-09 15:29:28	t-nelson	2013-08-09 17:47:37	True
3087	ulion	2013-08-09 15:29:28	MartijnKaijser	2013-08-09 17:31:11	True
3087	ulion	2013-08-09 15:29:28	MartijnKaijser	2013-08-09 17:29:42	True
3087	ulion	2013-08-09 15:29:28	t-nelson	2013-08-09 17:21:23	True
3081	theuni	2013-08-09 03:59:38	koying	2013-08-11 06:31:59	True
3081	theuni	2013-08-09 03:59:38	koying	2013-08-09 08:41:42	True
3080	aballier	2013-08-08 21:42:37	FernetMenta	2013-08-12 16:15:09	True
3080	aballier	2013-08-08 21:42:37	davilla	2013-08-08 23:16:24	True
3080	aballier	2013-08-08 21:42:37	elupus	2013-08-09 17:40:50	True
3080	aballier	2013-08-08 21:42:37	elupus	2013-08-10 10:06:51	True
3080	aballier	2013-08-08 21:42:37	FernetMenta	2013-08-10 19:15:35	True
3080	aballier	2013-08-08 21:42:37	FernetMenta	2013-08-11 16:53:06	True
3080	aballier	2013-08-08 21:42:37	FernetMenta	2013-08-12 08:06:31	True
3080	aballier	2013-08-08 21:42:37	davilla	2013-08-10 18:48:49	True
3080	aballier	2013-08-08 21:42:37	elupus	2013-08-13 16:52:01	True
3080	aballier	2013-08-08 21:42:37	MartijnKaijser	2014-06-10 18:53:50	True
3080	aballier	2013-08-08 21:42:37	FernetMenta	2014-06-11 15:44:16	True
3080	aballier	2013-08-08 21:42:37	FernetMenta	2014-12-25 12:21:07	True
3080	aballier	2013-08-08 21:42:37	FernetMenta	2013-08-11 17:29:20	True
3080	aballier	2013-08-08 21:42:37	MartijnKaijser	2014-12-25 09:52:42	True
3080	aballier	2013-08-08 21:42:37	lazuratus	2013-08-28 17:13:44	True
3072	popcornmix	2013-08-07 18:15:40	da-anda	2013-11-21 09:05:34	True
3072	popcornmix	2013-08-07 18:15:40	da-anda	2014-05-06 20:06:26	True
3072	popcornmix	2013-08-07 18:15:40	michbeck100	2014-05-06 19:50:45	True
3072	popcornmix	2013-08-07 18:15:40	da-anda	2013-12-18 09:08:43	True
3072	popcornmix	2013-08-07 18:15:40	da-anda	2014-05-13 13:44:18	True
3072	popcornmix	2013-08-07 18:15:40	da-anda	2013-11-12 10:41:59	True
3072	popcornmix	2013-08-07 18:15:40	elupus	2013-11-10 22:22:16	True
3072	popcornmix	2013-08-07 18:15:40	da-anda	2013-11-10 16:01:16	True
3072	popcornmix	2013-08-07 18:15:40	da-anda	2013-09-02 06:59:17	True
3072	popcornmix	2013-08-07 18:15:40	koying	2014-01-06 10:47:35	True
3072	popcornmix	2013-08-07 18:15:40	elupus	2013-11-12 22:16:45	True
3072	popcornmix	2013-08-07 18:15:40	elupus	2014-06-29 14:51:52	True
3072	popcornmix	2013-08-07 18:15:40	da-anda	2014-06-27 15:52:19	True
3072	popcornmix	2013-08-07 18:15:40	da-anda	2014-05-25 14:41:57	True
3072	popcornmix	2013-08-07 18:15:40	Memphiz	2014-05-13 16:51:15	True
3072	popcornmix	2013-08-07 18:15:40	elupus	2014-05-24 12:02:07	True
3072	popcornmix	2013-08-07 18:15:40	MartijnKaijser	2014-05-21 17:19:55	True
3072	popcornmix	2013-08-07 18:15:40	elupus	2014-05-13 17:28:22	True
3059		2013-08-06 10:28:41			False
3044	Karlson2k	2013-08-03 22:27:32	MartijnKaijser	2013-08-04 14:26:48	True
3044	Karlson2k	2013-08-03 22:27:32	jmarshallnz	2013-08-04 01:57:06	True
3044	Karlson2k	2013-08-03 22:27:32	jmarshallnz	2013-08-03 23:27:56	True
3042	Millencolin	2013-08-03 18:21:35	MartijnKaijser	2013-08-06 07:59:47	True
3042	Millencolin	2013-08-03 18:21:35	ulion	2013-08-06 08:18:07	True
3042	Millencolin	2013-08-03 18:21:35	MartijnKaijser	2013-08-04 18:15:33	True
3037	FernetMenta	2013-08-02 17:27:07	elupus	2013-08-09 17:44:19	True
3037	FernetMenta	2013-08-02 17:27:07	MartijnKaijser	2013-09-01 17:06:04	True
3037	FernetMenta	2013-08-02 17:27:07	elupus	2013-09-12 09:32:45	True
3037	FernetMenta	2013-08-02 17:27:07	ghost	2013-09-12 09:34:31	True
3037	FernetMenta	2013-08-02 17:27:07	Fneufneu	2013-08-08 07:46:02	True
3037	FernetMenta	2013-08-02 17:27:07	elupus	2013-08-07 13:14:32	True
3037	FernetMenta	2013-08-02 17:27:07	elupus	2013-08-07 10:29:19	True
3037	FernetMenta	2013-08-02 17:27:07	elupus	2013-08-06 09:20:20	True
3037	FernetMenta	2013-08-02 17:27:07	elupus	2013-08-05 16:28:47	True
3037	FernetMenta	2013-08-02 17:27:07	elupus	2013-08-05 11:47:25	True
3037	FernetMenta	2013-08-02 17:27:07	MartijnKaijser	2013-08-05 07:56:45	True
3037	FernetMenta	2013-08-02 17:27:07	elupus	2013-08-07 10:43:20	True
3037	FernetMenta	2013-08-02 17:27:07	elupus	2013-09-12 09:39:59	True
3033	sraue	2013-08-01 23:40:27	stupid-boy	2013-08-03 16:00:20	True
3033	sraue	2013-08-01 23:40:27	MartijnKaijser	2013-08-02 12:45:04	True
3033	sraue	2013-08-01 23:40:27	topfs2	2013-08-03 19:05:09	True
3033	sraue	2013-08-01 23:40:27	topfs2	2013-08-02 12:15:10	True
3033	sraue	2013-08-01 23:40:27	topfs2	2013-08-02 12:14:19	True
3033	sraue	2013-08-01 23:40:27	topfs2	2013-08-02 07:33:08	True
3033	sraue	2013-08-01 23:40:27	topfs2	2013-08-02 12:34:38	True
