pr_number	author_user_login	pr_created_at	comment_user_login	comment_created_at	is_review_issue_comment
901	jimfcarroll	2012-04-25 14:50:36	topfs2	2012-09-03 15:59:38	True
901	jimfcarroll	2012-04-25 14:50:36	Montellese	2012-08-20 21:39:41	True
901	jimfcarroll	2012-04-25 14:50:36	Montellese	2012-08-21 07:45:09	True
901	jimfcarroll	2012-04-25 14:50:36	crash123	2012-08-20 05:01:04	True
901	jimfcarroll	2012-04-25 14:50:36	Montellese	2012-08-12 07:31:23	True
901	jimfcarroll	2012-04-25 14:50:36	nuka1195	2012-04-27 04:41:30	True
901	jimfcarroll	2012-04-25 14:50:36	ghost	2012-04-25 16:36:27	True
901	jimfcarroll	2012-04-25 14:50:36	Montellese	2012-08-12 16:00:14	True
892	dersphere	2012-04-21 16:04:35	jmarshallnz	2012-04-22 20:18:13	True
892	dersphere	2012-04-21 16:04:35	jmarshallnz	2012-04-22 22:55:58	True
892	dersphere	2012-04-21 16:04:35	jmarshallnz	2012-05-26 08:57:35	True
892	dersphere	2012-04-21 16:04:35	ghost	2012-05-30 19:03:47	True
890	vajonam	2012-04-20 15:29:53	theuni	2012-06-06 00:37:36	True
890	vajonam	2012-04-20 15:29:53	theuni	2012-04-23 01:35:49	True
890	vajonam	2012-04-20 15:29:53	Montellese	2012-04-22 16:51:56	True
890	vajonam	2012-04-20 15:29:53	Montellese	2012-04-22 14:01:07	True
890	vajonam	2012-04-20 15:29:53	Montellese	2012-04-21 21:59:17	True
890	vajonam	2012-04-20 15:29:53	Montellese	2012-04-22 08:08:18	True
890	vajonam	2012-04-20 15:29:53	amejia1	2012-04-21 22:36:57	True
890	vajonam	2012-04-20 15:29:53	theuni	2012-04-23 02:09:03	True
890	vajonam	2012-04-20 15:29:53	theuni	2012-04-23 04:18:12	True
890	vajonam	2012-04-20 15:29:53	theuni	2012-04-23 23:55:10	True
890	vajonam	2012-04-20 15:29:53	theuni	2012-04-23 17:49:09	True
890	vajonam	2012-04-20 15:29:53	jmarshallnz	2012-04-20 19:21:58	True
890	vajonam	2012-04-20 15:29:53	theuni	2012-05-01 21:49:03	True
890	vajonam	2012-04-20 15:29:53	theuni	2012-04-26 04:46:11	True
890	vajonam	2012-04-20 15:29:53	theuni	2012-04-23 18:04:10	True
890	vajonam	2012-04-20 15:29:53	theuni	2012-04-23 23:57:05	True
890	vajonam	2012-04-20 15:29:53	dbrobins	2012-04-24 00:06:22	True
890	vajonam	2012-04-20 15:29:53	pietheinstrengholt	2012-04-24 19:49:20	True
890	vajonam	2012-04-20 15:29:53	blades	2012-04-23 09:17:49	True
890	vajonam	2012-04-20 15:29:53	theuni	2012-05-01 03:45:54	True
890	vajonam	2012-04-20 15:29:53	basrieter	2012-04-26 17:57:30	True
890	vajonam	2012-04-20 15:29:53	blades	2012-04-25 08:44:32	True
890	vajonam	2012-04-20 15:29:53	blades	2012-04-26 13:22:57	True
890	vajonam	2012-04-20 15:29:53	xbmcfanboy	2012-04-30 07:49:21	True
884	jmarshallnz	2012-04-15 10:28:35	Montellese	2012-04-22 20:33:03	True
884	jmarshallnz	2012-04-15 10:28:35	Montellese	2012-04-21 22:17:40	True
884	jmarshallnz	2012-04-15 10:28:35	Montellese	2012-04-15 19:59:08	True
884	jmarshallnz	2012-04-15 10:28:35	Montellese	2012-04-15 10:58:30	True
870	FernetMenta	2012-04-10 07:51:47	fritsch	2012-12-07 15:01:34	True
870	FernetMenta	2012-04-10 07:51:47	davilla	2012-12-07 13:48:54	True
870	FernetMenta	2012-04-10 07:51:47	davilla	2012-12-07 05:59:42	True
870	FernetMenta	2012-04-10 07:51:47	arnova	2012-12-07 05:46:28	True
870	FernetMenta	2012-04-10 07:51:47	escalade	2012-10-24 12:07:15	True
870	FernetMenta	2012-04-10 07:51:47	ghost	2012-10-07 13:57:55	True
870	FernetMenta	2012-04-10 07:51:47	Memphiz	2012-12-07 14:54:07	True
870	FernetMenta	2012-04-10 07:51:47	elupus	2012-04-10 22:47:05	True
870	FernetMenta	2012-04-10 07:51:47	elupus	2012-04-10 22:45:12	True
870	FernetMenta	2012-04-10 07:51:47	Cyberwizzard	2012-10-17 18:50:03	True
870	FernetMenta	2012-04-10 07:51:47	arnova	2012-12-07 08:20:52	True
870	FernetMenta	2012-04-10 07:51:47	opdenkamp	2012-12-07 14:56:44	True
870	FernetMenta	2012-04-10 07:51:47	arnova	2012-12-07 15:03:58	True
870	FernetMenta	2012-04-10 07:51:47	dteirney	2013-01-06 05:10:10	True
870	FernetMenta	2012-04-10 07:51:47	wsnipex	2012-12-07 15:08:14	True
870	FernetMenta	2012-04-10 07:51:47	ronie	2013-02-09 23:52:23	True
870	FernetMenta	2012-04-10 07:51:47	arnova	2012-12-07 15:10:39	True
870	FernetMenta	2012-04-10 07:51:47	opdenkamp	2012-12-07 15:26:05	True
870	FernetMenta	2012-04-10 07:51:47	macmenot	2012-12-07 15:41:27	True
870	FernetMenta	2012-04-10 07:51:47	fritsch	2012-12-07 15:14:45	True
870	FernetMenta	2012-04-10 07:51:47	arnova	2013-01-06 19:58:28	True
870	FernetMenta	2012-04-10 07:51:47	wmyrda	2013-01-30 08:32:36	True
870	FernetMenta	2012-04-10 07:51:47	arnova	2013-02-01 19:28:42	True
870	FernetMenta	2012-04-10 07:51:47	un1versal	2013-02-09 23:40:33	True
870	FernetMenta	2012-04-10 07:51:47	MartijnKaijser	2013-02-09 23:41:59	True
854	taxigps	2012-04-06 06:15:59	arnova	2012-04-06 09:12:21	True
854	taxigps	2012-04-06 06:15:59	elupus	2012-04-06 10:18:41	True
848	FernetMenta	2012-04-05 09:35:45	davilla	2012-05-23 16:53:52	True
848	FernetMenta	2012-04-05 09:35:45	elupus	2012-04-05 14:59:57	True
848	FernetMenta	2012-04-05 09:35:45	elupus	2012-04-06 22:25:55	True
848	FernetMenta	2012-04-05 09:35:45	elupus	2012-05-17 10:04:32	True
848	FernetMenta	2012-04-05 09:35:45	davilla	2012-05-23 16:07:49	True
848	FernetMenta	2012-04-05 09:35:45	davilla	2012-05-23 15:37:55	True
848	FernetMenta	2012-04-05 09:35:45	davilla	2012-06-21 14:07:58	True
848	FernetMenta	2012-04-05 09:35:45	davilla	2012-05-24 15:20:49	True
848	FernetMenta	2012-04-05 09:35:45	elupus	2012-07-05 13:58:28	True
848	FernetMenta	2012-04-05 09:35:45	elupus	2012-07-05 10:48:31	True
848	FernetMenta	2012-04-05 09:35:45	elupus	2012-07-03 11:35:00	True
848	FernetMenta	2012-04-05 09:35:45	pietheinstrengholt	2012-07-01 07:59:33	True
848	FernetMenta	2012-04-05 09:35:45	elupus	2012-06-17 16:57:56	True
848	FernetMenta	2012-04-05 09:35:45	theuni	2012-06-17 21:22:30	True
848	FernetMenta	2012-04-05 09:35:45	wsnipex	2012-04-05 20:04:29	True
845	elupus	2012-04-04 21:48:47	davilla	2012-04-23 10:14:15	True
845	elupus	2012-04-04 21:48:47	davilla	2012-04-30 18:14:35	True
845	elupus	2012-04-04 21:48:47	CrystalP	2012-04-19 05:52:29	True
845	elupus	2012-04-04 21:48:47	davilla	2012-04-27 17:13:19	True
845	elupus	2012-04-04 21:48:47	jmarshallnz	2012-04-06 03:18:44	True
845	elupus	2012-04-04 21:48:47	davilla	2012-04-16 21:03:23	True
845	elupus	2012-04-04 21:48:47	CrystalP	2012-04-17 20:09:42	True
845	elupus	2012-04-04 21:48:47	CrystalP	2012-04-27 06:43:56	True
845	elupus	2012-04-04 21:48:47	CrystalP	2012-04-20 01:52:45	True
845	elupus	2012-04-04 21:48:47	davilla	2012-04-17 10:02:55	True
845	elupus	2012-04-04 21:48:47	davilla	2012-04-26 21:01:34	True
845	elupus	2012-04-04 21:48:47	davilla	2012-04-23 02:28:33	True
838	a11599	2012-04-01 16:12:26	MartijnKaijser	2013-08-07 20:41:49	True
838	a11599	2012-04-01 16:12:26	BrannonKing	2013-02-18 04:40:46	True
838	a11599	2012-04-01 16:12:26	MartijnKaijser	2013-08-05 17:47:24	True
838	a11599	2012-04-01 16:12:26	MartijnKaijser	2013-08-08 16:48:05	True
838	a11599	2012-04-01 16:12:26	PKOneTwo	2012-05-13 09:25:32	True
838	a11599	2012-04-01 16:12:26	da-anda	2013-02-12 11:49:32	True
838	a11599	2012-04-01 16:12:26	CrystalP	2012-04-30 00:09:38	True
838	a11599	2012-04-01 16:12:26	CrystalP	2012-04-29 23:59:09	True
838	a11599	2012-04-01 16:12:26	jmarshallnz	2012-04-19 06:06:50	True
838	a11599	2012-04-01 16:12:26	jmarshallnz	2012-04-01 21:56:40	True
838	a11599	2012-04-01 16:12:26	PKOneTwo	2012-05-08 00:58:56	True
