pr_number	author_user_login	pr_created_at	review_user_login	review_created_at	filename	create_before_pr	has_issue_comment	has_review_comment	has_commit
1994	nemphys	2012-12-27 15:15:31	opdenkamp	2013-06-10 21:30:19	xbmc/epg/EpgContainer.cpp	False	True	True	True
1994	nemphys	2012-12-27 15:15:31	opdenkamp	2013-06-10 21:30:19	xbmc/pvr/channels/PVRChannelGroupsContainer.h	False	True	True	True
1994	nemphys	2012-12-27 15:15:31	opdenkamp	2013-06-10 21:30:19	xbmc/pvr/channels/PVRChannelGroupsContainer.cpp	False	True	True	True
1994	nemphys	2012-12-27 15:15:31	opdenkamp	2013-06-10 21:30:19	xbmc/pvr/channels/PVRChannelGroups.h	False	True	True	True
1994	nemphys	2012-12-27 15:15:31	opdenkamp	2013-06-10 21:30:19	xbmc/pvr/channels/PVRChannelGroups.cpp	False	True	True	True
1994	nemphys	2012-12-27 15:15:31	opdenkamp	2013-06-10 21:30:19	xbmc/pvr/channels/PVRChannelGroupInternal.cpp	False	True	True	True
1994	nemphys	2012-12-27 15:15:31	opdenkamp	2013-06-10 21:30:19	xbmc/pvr/channels/PVRChannelGroup.h	False	True	True	True
1994	nemphys	2012-12-27 15:15:31	opdenkamp	2013-06-10 21:30:19	xbmc/pvr/channels/PVRChannelGroup.cpp	False	True	True	True
1994	nemphys	2012-12-27 15:15:31	opdenkamp	2013-06-10 21:30:19	xbmc/pvr/PVRManager.h	False	True	True	True
1994	nemphys	2012-12-27 15:15:31	opdenkamp	2013-06-10 21:30:19	xbmc/pvr/PVRManager.cpp	False	True	True	True
1994	nemphys	2012-12-27 15:15:31	opdenkamp	2013-06-10 21:30:19	xbmc/epg/EpgContainer.h	False	True	True	True
1986	arnova	2012-12-25 12:07:34	jmarshallnz	2012-12-26 22:46:04	xbmc/windows/GUIWindowFileManager.cpp	True	True	True	True
1982	nemphys	2012-12-24 13:45:53	opdenkamp	2012-12-28 13:41:08	xbmc/pvr/channels/PVRChannelGroupInternal.cpp	False	True	True	True
1982	nemphys	2012-12-24 13:45:53	opdenkamp	2012-12-28 13:41:08	xbmc/pvr/channels/PVRChannelGroupInternal.h	False	True	True	True
1982	nemphys	2012-12-24 13:45:53	opdenkamp	2012-12-24 14:05:48	xbmc/addons/AddonCallbacksPVR.cpp	False	True	True	True
1982	nemphys	2012-12-24 13:45:53	opdenkamp	2012-12-24 14:05:48	xbmc/pvr/channels/PVRChannelGroup.cpp	False	True	True	True
1982	nemphys	2012-12-24 13:45:53	opdenkamp	2012-12-24 14:05:48	xbmc/pvr/channels/PVRChannelGroup.h	False	True	True	True
1982	nemphys	2012-12-24 13:45:53	opdenkamp	2012-12-24 14:05:48	xbmc/pvr/channels/PVRChannelGroupInternal.cpp	False	True	True	True
1982	nemphys	2012-12-24 13:45:53	opdenkamp	2012-12-24 14:05:48	xbmc/pvr/channels/PVRChannelGroupInternal.h	False	True	True	True
1982	nemphys	2012-12-24 13:45:53	opdenkamp	2012-12-24 14:05:48	xbmc/pvr/channels/PVRChannelGroups.cpp	False	True	True	True
1982	nemphys	2012-12-24 13:45:53	opdenkamp	2012-12-28 13:41:08	xbmc/addons/AddonCallbacksPVR.cpp	False	True	True	True
1982	nemphys	2012-12-24 13:45:53	opdenkamp	2012-12-28 13:41:08	xbmc/pvr/channels/PVRChannelGroup.cpp	False	True	True	True
1982	nemphys	2012-12-24 13:45:53	opdenkamp	2012-12-28 13:41:08	xbmc/pvr/channels/PVRChannelGroup.h	False	True	True	True
1982	nemphys	2012-12-24 13:45:53	opdenkamp	2012-12-28 13:42:03	xbmc/pvr/channels/PVRChannelGroups.cpp	False	True	True	True
1982	nemphys	2012-12-24 13:45:53	opdenkamp	2012-12-28 13:41:08	xbmc/pvr/channels/PVRChannelGroups.cpp	False	True	True	True
1982	nemphys	2012-12-24 13:45:53	opdenkamp	2012-12-28 13:41:23	xbmc/addons/AddonCallbacksPVR.cpp	False	True	True	True
1982	nemphys	2012-12-24 13:45:53	opdenkamp	2012-12-28 13:41:23	xbmc/pvr/channels/PVRChannelGroup.cpp	False	True	True	True
1982	nemphys	2012-12-24 13:45:53	opdenkamp	2012-12-28 13:41:23	xbmc/pvr/channels/PVRChannelGroup.h	False	True	True	True
1982	nemphys	2012-12-24 13:45:53	opdenkamp	2012-12-28 13:41:23	xbmc/pvr/channels/PVRChannelGroupInternal.cpp	False	True	True	True
1982	nemphys	2012-12-24 13:45:53	opdenkamp	2012-12-28 13:41:23	xbmc/pvr/channels/PVRChannelGroupInternal.h	False	True	True	True
1982	nemphys	2012-12-24 13:45:53	opdenkamp	2012-12-28 13:41:23	xbmc/pvr/channels/PVRChannelGroups.cpp	False	True	True	True
1982	nemphys	2012-12-24 13:45:53	opdenkamp	2012-12-28 13:42:03	xbmc/addons/AddonCallbacksPVR.cpp	False	True	True	True
1982	nemphys	2012-12-24 13:45:53	opdenkamp	2012-12-28 13:42:03	xbmc/pvr/channels/PVRChannelGroup.cpp	False	True	True	True
1982	nemphys	2012-12-24 13:45:53	opdenkamp	2012-12-28 13:42:03	xbmc/pvr/channels/PVRChannelGroup.h	False	True	True	True
1982	nemphys	2012-12-24 13:45:53	opdenkamp	2012-12-28 13:42:03	xbmc/pvr/channels/PVRChannelGroupInternal.cpp	False	True	True	True
1982	nemphys	2012-12-24 13:45:53	opdenkamp	2012-12-28 13:42:03	xbmc/pvr/channels/PVRChannelGroupInternal.h	False	True	True	True
