pr_number	author_user_login	pr_created_at	commit_user_login	commit_created_at	commit_status_total	commit_status_additions	commit_status_deletions	create_before_pr	is_review_commit
5431	MilhouseVH	2014-09-30 08:19:27	MilhouseVH	2014-09-30 08:10:05	18	16	2	True	True
5429	fritsch	2014-09-29 07:43:50	fritsch	2014-09-29 07:39:31	18	15	3	True	True
5416	un1versal	2014-09-26 15:56:20	notspiff	2014-04-23 18:45:20	96	92	4	True	True
5415	fritsch	2014-09-26 09:25:06	fritsch	2014-09-26 09:19:25	36	18	18	True	True
5415	fritsch	2014-09-26 09:25:06	fritsch	2014-09-26 10:02:24	2	1	1	False	True
5415	fritsch	2014-09-26 09:25:06	fritsch	2014-09-26 09:18:56	8	4	4	True	True
5412	Memphiz	2014-09-25 15:30:26	Memphiz	2014-09-25 15:24:10	39	14	25	True	True
5412	Memphiz	2014-09-25 15:30:26	Memphiz	2014-09-29 15:23:28	146	120	26	False	True
5412	Memphiz	2014-09-25 15:30:26	Memphiz	2014-10-02 12:45:06	6	3	3	False	True
5408	xhaggi	2014-09-24 15:33:57	xhaggi	2014-09-24 15:30:32	178	89	89	True	True
5407	relictMarauder	2014-09-24 15:19:32	Alexander Bonelis	2014-09-24 13:03:50	162	138	24	True	True
5403	Memphiz	2014-09-23 16:54:27	Memphiz	2014-10-21 18:00:43	11	7	4	False	True
5403	Memphiz	2014-09-23 16:54:27	linusyang	2014-09-04 07:20:17	2	1	1	True	True
5403	Memphiz	2014-09-23 16:54:27	Memphiz	2014-10-21 18:14:57	8	5	3	False	True
5403	Memphiz	2014-09-23 16:54:27	Memphiz	2014-09-24 21:40:17	168	102	66	False	True
5403	Memphiz	2014-09-23 16:54:27	Memphiz	2014-09-23 16:13:43	17	9	8	True	True
5403	Memphiz	2014-09-23 16:54:27	linusyang	2014-09-04 07:01:26	14	14	0	True	True
5403	Memphiz	2014-09-23 16:54:27	linusyang	2014-09-04 06:29:21	38	38	0	True	True
5403	Memphiz	2014-09-23 16:54:27	Memphiz	2014-09-24 07:34:51	45	37	8	False	True
5403	Memphiz	2014-09-23 16:54:27	Memphiz	2014-09-23 16:21:09	25	17	8	True	True
5401	xhaggi	2014-09-23 10:05:11	xhaggi	2014-09-24 09:26:21	10	5	5	False	True
5401	xhaggi	2014-09-23 10:05:11	xhaggi	2014-09-23 10:03:11	65	48	17	True	True
5400	xhaggi	2014-09-23 07:46:50	xhaggi	2014-09-30 09:35:57	31	15	16	False	True
5400	xhaggi	2014-09-23 07:46:50	xhaggi	2014-09-23 07:45:47	105	37	68	True	True
5398	xhaggi	2014-09-22 13:30:53	xhaggi	2014-12-23 07:05:20	4	2	2	False	True
5398	xhaggi	2014-09-22 13:30:53	xhaggi	2014-09-16 13:04:55	107	91	16	True	True
5398	xhaggi	2014-09-22 13:30:53	xhaggi	2014-09-22 13:23:12	14	13	1	True	True
5384	Karlson2k	2014-09-18 14:24:26	Karlson2k	2014-09-24 07:31:22	12	12	0	False	True
5384	Karlson2k	2014-09-18 14:24:26	Karlson2k	2014-09-18 13:27:52	17	9	8	True	True
5383	fritsch	2014-09-18 11:53:52	fritsch	2014-09-17 19:38:23	6	3	3	True	True
5374	jstebbins	2014-09-14 22:33:56	jstebbins	2014-11-25 19:28:11	21	21	0	False	True
5374	jstebbins	2014-09-14 22:33:56	jstebbins	2014-11-25 19:28:45	15	15	0	False	True
5374	jstebbins	2014-09-14 22:33:56	jstebbins	2014-11-25 19:26:55	292	262	30	False	True
5370	FernetMenta	2014-09-14 10:58:26	FernetMenta	2014-09-14 09:20:18	693	274	419	True	True
5370	FernetMenta	2014-09-14 10:58:26	FernetMenta	2014-09-14 10:24:31	28	27	1	True	True
5370	FernetMenta	2014-09-14 10:58:26	FernetMenta	2014-09-16 09:50:11	54	24	30	False	True
5370	FernetMenta	2014-09-14 10:58:26	FernetMenta	2014-09-17 12:25:48	10	8	2	False	True
5370	FernetMenta	2014-09-14 10:58:26	FernetMenta	2014-09-13 07:03:49	463	269	194	True	True
5370	FernetMenta	2014-09-14 10:58:26	FernetMenta	2014-09-19 13:05:46	22	18	4	False	True
5370	FernetMenta	2014-09-14 10:58:26	FernetMenta	2014-09-20 05:37:58	16	8	8	False	True
5366	Paxxi	2014-09-13 12:52:14	Paxxi	2015-01-02 16:42:05	706	383	323	False	True
5366	Paxxi	2014-09-13 12:52:14	Paxxi	2015-01-03 13:28:32	908	552	356	False	True
5366	Paxxi	2014-09-13 12:52:14	Memphiz	2015-01-27 07:40:04	10	10	0	False	True
5364	zzattack	2014-09-11 20:40:58	zzattack	2014-09-14 20:05:57	161	120	41	False	True
5364	zzattack	2014-09-11 20:40:58	wsnipex	2014-09-12 08:19:48	49	45	4	False	True
5364	zzattack	2014-09-11 20:40:58	zzattack	2014-09-12 23:57:05	705	383	322	False	True
5364	zzattack	2014-09-11 20:40:58	zzattack	2014-09-13 00:01:09	531	322	209	False	True
5364	zzattack	2014-09-11 20:40:58	topfs2	2014-08-06 14:11:07	33	26	7	True	True
5364	zzattack	2014-09-11 20:40:58	zzattack	2014-09-16 10:20:41	2	1	1	False	True
5364	zzattack	2014-09-11 20:40:58	zzattack	2014-09-16 10:20:22	104	89	15	False	True
5364	zzattack	2014-09-11 20:40:58	zzattack	2014-09-09 12:25:12	67	41	26	True	True
5358	amet	2014-09-11 07:26:38	amet	2014-09-11 09:18:29	17	11	6	False	True
5349	Karlson2k	2014-09-10 13:56:15	Karlson2k	2014-09-09 16:41:52	19	11	8	True	True
5345	popcornmix	2014-09-09 17:39:23	popcornmix	2014-09-08 19:06:15	23	15	8	True	True
5342	FernetMenta	2014-09-09 10:24:03	FernetMenta	2014-09-09 10:19:25	6	5	1	True	True
5341	t4-ravenbird	2014-09-09 09:17:39	t4-ravenbird	2014-09-09 09:04:54	12	10	2	True	True
5336	zzattack	2014-09-08 01:31:14	zzattack	2014-09-08 00:58:23	49	38	11	True	True
5324	anaconda	2014-09-05 01:22:51	menakite	2014-09-08 15:49:58	34	17	17	False	True
5324	anaconda	2014-09-05 01:22:51	menakite	2014-09-07 00:00:51	106	65	41	False	True
5322	afedchin	2014-09-04 09:09:55	afedchin	2014-09-03 22:11:56	12	11	1	True	True
5321	arnova	2014-09-04 09:04:41	arnova	2014-09-04 05:39:40	195	97	98	True	True
5321	arnova	2014-09-04 09:04:41	arnova	2014-09-13 18:24:48	13	6	7	False	True
5320	ace20022	2014-09-04 08:40:47	ace20022	2014-09-03 14:00:57	167	167	0	True	True
