pr_number	author_user_login	pr_created_at	review_user_login	review_created_at	filename	create_before_pr	has_issue_comment	has_review_comment	has_commit
6075	fritsch	2014-12-31 12:01:27	FernetMenta	2014-12-31 13:28:36	xbmc/cores/dvdplayer/DVDDemuxers/DVDDemuxFFmpeg.cpp	True	True	True	True
6075	fritsch	2014-12-31 12:01:27	FernetMenta	2014-12-31 13:26:37	xbmc/cores/dvdplayer/DVDDemuxers/DVDDemuxFFmpeg.cpp	True	True	True	True
6075	fritsch	2014-12-31 12:01:27	FernetMenta	2014-12-31 14:00:06	xbmc/cores/dvdplayer/DVDDemuxers/DVDDemuxFFmpeg.cpp	True	True	True	True
6075	fritsch	2014-12-31 12:01:27	FernetMenta	2014-12-31 14:10:28	xbmc/cores/dvdplayer/DVDDemuxers/DVDDemuxFFmpeg.cpp	True	True	True	True
6059	FernetMenta	2014-12-30 11:35:12	ace20022	2014-12-30 12:38:34	xbmc/cores/AudioEngine/Sinks/AESinkWASAPI.cpp	True	True	True	True
6057	Jalle19	2014-12-30 10:34:28	xhaggi	2014-12-30 11:31:20	xbmc/pvr/windows/GUIWindowPVRBase.h	True	True	True	True
6057	Jalle19	2014-12-30 10:34:28	xhaggi	2014-12-30 11:31:20	xbmc/pvr/windows/GUIWindowPVRChannels.h	True	True	True	True
6057	Jalle19	2014-12-30 10:34:28	xhaggi	2014-12-30 11:31:20	xbmc/pvr/windows/GUIWindowPVRChannels.cpp	True	True	True	True
6057	Jalle19	2014-12-30 10:34:28	xhaggi	2014-12-30 11:31:20	system/settings/settings.xml	True	True	True	True
6057	Jalle19	2014-12-30 10:34:28	xhaggi	2014-12-30 11:31:20	addons/skin.confluence/720p/IncludesPVR.xml	True	True	True	True
6057	Jalle19	2014-12-30 10:34:28	xhaggi	2014-12-30 11:31:20	xbmc/pvr/windows/GUIWindowPVRGuide.h	True	True	True	True
6057	Jalle19	2014-12-30 10:34:28	xhaggi	2014-12-30 11:31:20	language/English/strings.po	True	True	True	True
6057	Jalle19	2014-12-30 10:34:28	xhaggi	2014-12-30 11:31:20	xbmc/pvr/windows/GUIWindowPVRGuide.cpp	True	True	True	True
6057	Jalle19	2014-12-30 10:34:28	xhaggi	2014-12-30 11:31:20	xbmc/pvr/PVRManager.cpp	True	True	True	True
6057	Jalle19	2014-12-30 10:34:28	xhaggi	2014-12-30 11:31:20	addons/skin.confluence/addon.xml	True	True	True	True
6057	Jalle19	2014-12-30 10:34:28	xhaggi	2014-12-30 11:31:20	addons/skin.confluence/changelog.txt	True	True	True	True
6057	Jalle19	2014-12-30 10:34:28	xhaggi	2014-12-30 11:31:20	addons/library.xbmc.gui/libXBMC_gui.h	True	True	True	True
6057	Jalle19	2014-12-30 10:34:28	xhaggi	2014-12-30 11:31:20	addons/xbmc.gui/addon.xml	True	True	True	True
6057	Jalle19	2014-12-30 10:34:28	xhaggi	2014-12-30 11:31:20	xbmc/pvr/windows/GUIWindowPVRChannels.cpp	False	True	True	True
6057	Jalle19	2014-12-30 10:34:28	xhaggi	2014-12-30 11:31:20	xbmc/settings/Settings.cpp	True	True	True	True
6054	Karlson2k	2014-12-29 15:10:56	arnova	2015-01-26 11:29:13	xbmc/filesystem/File.cpp	True	True	True	True
6031	tobbi	2014-12-26 18:02:04	ace20022	2014-12-30 18:41:53	xbmc/dialogs/GUIDialogGamepad.cpp	True	True	True	True
6031	tobbi	2014-12-26 18:02:04	ace20022	2014-12-30 18:41:53	xbmc/dialogs/GUIDialogCache.cpp	True	True	True	True
6031	tobbi	2014-12-26 18:02:04	ace20022	2014-12-30 18:41:53	xbmc/dialogs/GUIDialogKaiToast.cpp	True	True	True	True
6031	tobbi	2014-12-26 18:02:04	ace20022	2014-12-30 18:41:53	xbmc/dialogs/GUIDialogKeyboardGeneric.cpp	True	True	True	True
6031	tobbi	2014-12-26 18:02:04	ace20022	2014-12-30 18:41:53	xbmc/dialogs/GUIDialogSelect.cpp	True	True	True	True
6030	FernetMenta	2014-12-26 14:11:39	ace20022	2014-12-26 14:21:57	xbmc/cores/dvdplayer/DVDDemuxers/DVDDemuxCC.h	True	True	True	True
6030	FernetMenta	2014-12-26 14:11:39	ace20022	2014-12-26 14:21:57	xbmc/cores/dvdplayer/DVDCodecs/Overlay/contrib/cc_decoder.c	True	True	True	True
6030	FernetMenta	2014-12-26 14:11:39	ace20022	2014-12-26 14:21:57	xbmc/cores/dvdplayer/DVDCodecs/Overlay/contrib/cc_decoder.h	True	True	True	True
6030	FernetMenta	2014-12-26 14:11:39	ace20022	2014-12-26 14:21:57	xbmc/cores/dvdplayer/DVDCodecs/Overlay/contrib/cc_decoder708.h	True	True	True	True
6030	FernetMenta	2014-12-26 14:11:39	ace20022	2014-12-26 14:21:57	xbmc/cores/dvdplayer/DVDCodecs/Overlay/Makefile.in	True	True	True	True
6030	FernetMenta	2014-12-26 14:11:39	ace20022	2014-12-26 14:21:57	project/VS2010Express/XBMC.vcxproj	True	True	True	True
6030	FernetMenta	2014-12-26 14:11:39	ace20022	2014-12-26 14:21:57	project/VS2010Express/XBMC.vcxproj.filters	True	True	True	True
6030	FernetMenta	2014-12-26 14:11:39	ace20022	2014-12-26 14:21:57	xbmc/cores/dvdplayer/DVDDemuxers/DVDDemux.h	True	True	True	True
6030	FernetMenta	2014-12-26 14:11:39	ace20022	2014-12-27 08:44:36	Kodi.xcodeproj/project.pbxproj	False	True	True	True
6030	FernetMenta	2014-12-26 14:11:39	ace20022	2014-12-26 14:21:57	xbmc/cores/dvdplayer/DVDCodecs/Overlay/DVDOverlayCodecCC.h	True	True	True	True
6030	FernetMenta	2014-12-26 14:11:39	ace20022	2014-12-26 14:21:57	xbmc/cores/dvdplayer/DVDDemuxers/Makefile.in	True	True	True	True
6030	FernetMenta	2014-12-26 14:11:39	ace20022	2014-12-26 14:21:57	xbmc/cores/dvdplayer/DVDPlayer.cpp	True	True	True	True
6030	FernetMenta	2014-12-26 14:11:39	ace20022	2014-12-26 14:21:57	xbmc/cores/dvdplayer/DVDPlayer.h	True	True	True	True
6030	FernetMenta	2014-12-26 14:11:39	ace20022	2014-12-26 14:21:57	xbmc/cores/dvdplayer/DVDCodecs/Overlay/DVDOverlayCodec.cpp	True	True	True	True
6030	FernetMenta	2014-12-26 14:11:39	ace20022	2014-12-26 14:21:57	xbmc/cores/dvdplayer/DVDCodecs/Overlay/DVDOverlayCodecCC.cpp	True	True	True	True
6030	FernetMenta	2014-12-26 14:11:39	ace20022	2014-12-26 14:21:57	Kodi.xcodeproj/project.pbxproj	False	True	True	True
6030	FernetMenta	2014-12-26 14:11:39	ace20022	2014-12-26 14:21:57	xbmc/cores/dvdplayer/DVDPlayerVideo.cpp	True	True	True	True
6030	FernetMenta	2014-12-26 14:11:39	ace20022	2014-12-26 14:21:57	xbmc/cores/dvdplayer/DVDPlayerVideo.h	True	True	True	True
6030	FernetMenta	2014-12-26 14:11:39	ace20022	2014-12-26 14:21:57	language/English/strings.po	True	True	True	True
6030	FernetMenta	2014-12-26 14:11:39	ace20022	2014-12-26 14:21:57	xbmc/cores/dvdplayer/DVDCodecs/Overlay/contrib/cc_decoder708.cpp	True	True	True	True
6030	FernetMenta	2014-12-26 14:11:39	ace20022	2014-12-27 08:44:36	xbmc/cores/dvdplayer/DVDCodecs/Overlay/DVDOverlayCodec.cpp	True	True	True	True
6030	FernetMenta	2014-12-26 14:11:39	ace20022	2014-12-27 08:44:36	system/settings/settings.xml	True	True	True	True
6030	FernetMenta	2014-12-26 14:11:39	ace20022	2014-12-27 08:44:36	xbmc/cores/dvdplayer/DVDDemuxers/DVDDemux.h	True	True	True	True
6030	FernetMenta	2014-12-26 14:11:39	ace20022	2014-12-27 11:57:38	Kodi.xcodeproj/project.pbxproj	False	True	True	True
6030	FernetMenta	2014-12-26 14:11:39	ace20022	2014-12-27 08:44:36	xbmc/cores/dvdplayer/DVDCodecs/Overlay/contrib/cc_decoder708.cpp	True	True	True	True
6030	FernetMenta	2014-12-26 14:11:39	ace20022	2014-12-27 08:44:36	xbmc/cores/dvdplayer/DVDCodecs/Overlay/Makefile.in	True	True	True	True
6030	FernetMenta	2014-12-26 14:11:39	ace20022	2014-12-27 08:44:36	xbmc/cores/dvdplayer/DVDCodecs/Overlay/contrib/cc_decoder.c	True	True	True	True
6030	FernetMenta	2014-12-26 14:11:39	ace20022	2014-12-27 08:44:36	xbmc/cores/dvdplayer/DVDCodecs/Overlay/contrib/cc_decoder.h	True	True	True	True
6030	FernetMenta	2014-12-26 14:11:39	ace20022	2014-12-27 08:44:36	xbmc/cores/dvdplayer/DVDCodecs/Overlay/contrib/cc_decoder708.h	True	True	True	True
6030	FernetMenta	2014-12-26 14:11:39	ace20022	2014-12-27 08:44:36	project/VS2010Express/XBMC.vcxproj	True	True	True	True
6030	FernetMenta	2014-12-26 14:11:39	ace20022	2014-12-27 08:44:36	project/VS2010Express/XBMC.vcxproj.filters	True	True	True	True
6030	FernetMenta	2014-12-26 14:11:39	ace20022	2014-12-27 08:44:36	xbmc/cores/dvdplayer/DVDDemuxers/DVDDemuxCC.cpp	True	True	True	True
6030	FernetMenta	2014-12-26 14:11:39	ace20022	2014-12-27 08:44:36	language/English/strings.po	True	True	True	True
6030	FernetMenta	2014-12-26 14:11:39	ace20022	2014-12-27 08:44:36	xbmc/cores/dvdplayer/DVDDemuxers/DVDDemuxCC.h	True	True	True	True
6030	FernetMenta	2014-12-26 14:11:39	ace20022	2014-12-27 08:44:36	xbmc/cores/dvdplayer/DVDDemuxers/Makefile.in	True	True	True	True
6030	FernetMenta	2014-12-26 14:11:39	ace20022	2014-12-27 08:44:36	xbmc/cores/dvdplayer/DVDPlayer.cpp	True	True	True	True
6030	FernetMenta	2014-12-26 14:11:39	ace20022	2014-12-27 08:44:36	xbmc/cores/dvdplayer/DVDPlayer.h	True	True	True	True
6030	FernetMenta	2014-12-26 14:11:39	ace20022	2014-12-27 08:44:36	xbmc/cores/dvdplayer/DVDCodecs/Overlay/DVDOverlayCodecCC.cpp	True	True	True	True
6030	FernetMenta	2014-12-26 14:11:39	ace20022	2014-12-27 08:44:36	xbmc/cores/dvdplayer/DVDCodecs/Overlay/DVDOverlayCodecCC.h	True	True	True	True
6030	FernetMenta	2014-12-26 14:11:39	ace20022	2014-12-27 08:44:36	xbmc/cores/dvdplayer/DVDPlayerVideo.cpp	True	True	True	True
6030	FernetMenta	2014-12-26 14:11:39	ace20022	2014-12-27 08:44:36	xbmc/cores/dvdplayer/DVDPlayerVideo.h	True	True	True	True
6030	FernetMenta	2014-12-26 14:11:39	ace20022	2014-12-26 14:21:57	system/settings/settings.xml	True	True	True	True
6030	FernetMenta	2014-12-26 14:11:39	ace20022	2014-12-26 14:21:57	xbmc/cores/dvdplayer/DVDDemuxers/DVDDemuxCC.cpp	True	True	True	True
6030	FernetMenta	2014-12-26 14:11:39	ace20022	2014-12-27 11:57:38	xbmc/cores/dvdplayer/DVDCodecs/Overlay/contrib/cc_decoder708.cpp	True	True	True	True
6030	FernetMenta	2014-12-26 14:11:39	ace20022	2014-12-27 08:49:10	xbmc/cores/dvdplayer/DVDPlayer.cpp	True	True	True	True
6030	FernetMenta	2014-12-26 14:11:39	ace20022	2014-12-27 08:49:10	xbmc/cores/dvdplayer/DVDCodecs/Overlay/contrib/cc_decoder.c	True	True	True	True
6030	FernetMenta	2014-12-26 14:11:39	ace20022	2014-12-27 08:49:10	xbmc/cores/dvdplayer/DVDCodecs/Overlay/contrib/cc_decoder.h	True	True	True	True
6030	FernetMenta	2014-12-26 14:11:39	ace20022	2014-12-27 08:49:10	project/VS2010Express/XBMC.vcxproj	True	True	True	True
6030	FernetMenta	2014-12-26 14:11:39	ace20022	2014-12-27 08:49:10	project/VS2010Express/XBMC.vcxproj.filters	True	True	True	True
6030	FernetMenta	2014-12-26 14:11:39	ace20022	2014-12-27 08:49:10	xbmc/cores/dvdplayer/DVDDemuxers/DVDDemux.h	True	True	True	True
6030	FernetMenta	2014-12-26 14:11:39	ace20022	2014-12-27 08:49:10	xbmc/cores/dvdplayer/DVDDemuxers/DVDDemuxCC.cpp	True	True	True	True
6030	FernetMenta	2014-12-26 14:11:39	ace20022	2014-12-27 08:49:10	xbmc/cores/dvdplayer/DVDDemuxers/DVDDemuxCC.h	True	True	True	True
6030	FernetMenta	2014-12-26 14:11:39	ace20022	2014-12-27 08:49:10	xbmc/cores/dvdplayer/DVDDemuxers/Makefile.in	True	True	True	True
6030	FernetMenta	2014-12-26 14:11:39	ace20022	2014-12-27 08:49:10	xbmc/cores/dvdplayer/DVDPlayer.h	True	True	True	True
6030	FernetMenta	2014-12-26 14:11:39	ace20022	2014-12-27 08:49:10	xbmc/cores/dvdplayer/DVDCodecs/Overlay/contrib/cc_decoder708.cpp	True	True	True	True
6030	FernetMenta	2014-12-26 14:11:39	ace20022	2014-12-27 08:49:10	xbmc/cores/dvdplayer/DVDCodecs/Overlay/DVDOverlayCodec.cpp	True	True	True	True
6030	FernetMenta	2014-12-26 14:11:39	ace20022	2014-12-27 08:49:10	xbmc/cores/dvdplayer/DVDCodecs/Overlay/DVDOverlayCodecCC.cpp	True	True	True	True
6030	FernetMenta	2014-12-26 14:11:39	ace20022	2014-12-27 08:49:10	xbmc/cores/dvdplayer/DVDCodecs/Overlay/DVDOverlayCodecCC.h	True	True	True	True
6030	FernetMenta	2014-12-26 14:11:39	ace20022	2014-12-27 08:49:10	xbmc/cores/dvdplayer/DVDPlayerVideo.cpp	True	True	True	True
6030	FernetMenta	2014-12-26 14:11:39	ace20022	2014-12-27 08:49:10	xbmc/cores/dvdplayer/DVDPlayerVideo.h	True	True	True	True
6030	FernetMenta	2014-12-26 14:11:39	ace20022	2014-12-27 08:49:10	language/English/strings.po	True	True	True	True
6030	FernetMenta	2014-12-26 14:11:39	ace20022	2014-12-27 08:49:10	system/settings/settings.xml	True	True	True	True
6030	FernetMenta	2014-12-26 14:11:39	ace20022	2014-12-27 11:57:38	xbmc/cores/dvdplayer/DVDCodecs/Overlay/Makefile.in	True	True	True	True
6030	FernetMenta	2014-12-26 14:11:39	ace20022	2014-12-27 08:49:10	xbmc/cores/dvdplayer/DVDCodecs/Overlay/Makefile.in	True	True	True	True
6030	FernetMenta	2014-12-26 14:11:39	ace20022	2014-12-27 08:49:10	xbmc/cores/dvdplayer/DVDCodecs/Overlay/contrib/cc_decoder708.h	True	True	True	True
6030	FernetMenta	2014-12-26 14:11:39	ace20022	2014-12-27 08:49:10	Kodi.xcodeproj/project.pbxproj	False	True	True	True
6030	FernetMenta	2014-12-26 14:11:39	ace20022	2014-12-27 11:57:38	xbmc/cores/dvdplayer/DVDDemuxers/Makefile.in	True	True	True	True
6030	FernetMenta	2014-12-26 14:11:39	ace20022	2014-12-27 11:57:38	xbmc/cores/dvdplayer/DVDCodecs/Overlay/contrib/cc_decoder.c	True	True	True	True
6030	FernetMenta	2014-12-26 14:11:39	ace20022	2014-12-27 11:57:38	xbmc/cores/dvdplayer/DVDCodecs/Overlay/contrib/cc_decoder.h	True	True	True	True
6030	FernetMenta	2014-12-26 14:11:39	ace20022	2014-12-27 11:57:38	xbmc/cores/dvdplayer/DVDCodecs/Overlay/contrib/cc_decoder708.h	True	True	True	True
6030	FernetMenta	2014-12-26 14:11:39	ace20022	2014-12-27 11:57:38	project/VS2010Express/XBMC.vcxproj	True	True	True	True
6030	FernetMenta	2014-12-26 14:11:39	ace20022	2014-12-27 11:57:38	project/VS2010Express/XBMC.vcxproj.filters	True	True	True	True
6030	FernetMenta	2014-12-26 14:11:39	ace20022	2014-12-27 11:57:38	system/settings/settings.xml	True	True	True	True
6030	FernetMenta	2014-12-26 14:11:39	ace20022	2014-12-27 11:57:38	xbmc/cores/dvdplayer/DVDDemuxers/DVDDemuxCC.cpp	True	True	True	True
6030	FernetMenta	2014-12-26 14:11:39	ace20022	2014-12-27 11:57:38	xbmc/cores/dvdplayer/DVDDemuxers/DVDDemuxCC.h	True	True	True	True
6030	FernetMenta	2014-12-26 14:11:39	ace20022	2014-12-27 11:57:38	xbmc/cores/dvdplayer/DVDDemuxers/DVDDemux.h	True	True	True	True
6030	FernetMenta	2014-12-26 14:11:39	ace20022	2014-12-27 11:57:38	xbmc/cores/dvdplayer/DVDPlayer.cpp	True	True	True	True
6030	FernetMenta	2014-12-26 14:11:39	ace20022	2014-12-27 11:57:38	xbmc/cores/dvdplayer/DVDPlayerVideo.cpp	True	True	True	True
6030	FernetMenta	2014-12-26 14:11:39	ace20022	2014-12-27 11:57:38	xbmc/cores/dvdplayer/DVDPlayer.h	True	True	True	True
6030	FernetMenta	2014-12-26 14:11:39	ace20022	2014-12-27 11:57:38	xbmc/cores/dvdplayer/DVDPlayerVideo.h	True	True	True	True
6030	FernetMenta	2014-12-26 14:11:39	ace20022	2014-12-27 11:57:38	language/English/strings.po	True	True	True	True
6030	FernetMenta	2014-12-26 14:11:39	ace20022	2014-12-27 11:57:38	xbmc/cores/dvdplayer/DVDCodecs/Overlay/DVDOverlayCodecCC.h	True	True	True	True
6030	FernetMenta	2014-12-26 14:11:39	ace20022	2014-12-27 11:57:38	xbmc/cores/dvdplayer/DVDCodecs/Overlay/DVDOverlayCodecCC.cpp	True	True	True	True
6030	FernetMenta	2014-12-26 14:11:39	ace20022	2014-12-27 11:57:38	xbmc/cores/dvdplayer/DVDCodecs/Overlay/DVDOverlayCodec.cpp	True	True	True	True
6028	Wangjian0586	2014-12-26 03:07:09	Jalle19	2014-12-27 09:21:57	xbmc/android/jni/SurfaceTexture.cpp	True	True	True	True
6028	Wangjian0586	2014-12-26 03:07:09	Jalle19	2014-12-27 09:22:16	xbmc/android/jni/SurfaceTexture.cpp	True	True	True	True
6028	Wangjian0586	2014-12-26 03:07:09	Jalle19	2014-12-27 09:22:16	xbmc/cores/VideoRenderers/BaseRenderer.h	True	True	True	True
6028	Wangjian0586	2014-12-26 03:07:09	Jalle19	2014-12-27 09:22:16	xbmc/cores/VideoRenderers/LinuxRendererGLES.cpp	True	True	True	True
6028	Wangjian0586	2014-12-26 03:07:09	Jalle19	2014-12-27 09:22:16	xbmc/cores/VideoRenderers/LinuxRendererGLES.h	True	True	True	True
6028	Wangjian0586	2014-12-26 03:07:09	Jalle19	2014-12-27 09:22:16	xbmc/cores/VideoRenderers/RenderManager.cpp	True	True	True	True
6028	Wangjian0586	2014-12-26 03:07:09	Jalle19	2014-12-27 09:22:16	xbmc/cores/VideoRenderers/RenderManager.h	True	True	True	True
6028	Wangjian0586	2014-12-26 03:07:09	Jalle19	2014-12-27 09:22:16	xbmc/cores/dvdplayer/DVDCodecs/Video/DVDVideoCodecAndroidMediaCodec.cpp	True	True	True	True
6028	Wangjian0586	2014-12-26 03:07:09	Jalle19	2014-12-27 09:22:16	xbmc/cores/dvdplayer/DVDCodecs/Video/DVDVideoCodecAndroidMediaCodec.h	True	True	True	True
6028	Wangjian0586	2014-12-26 03:07:09	Jalle19	2014-12-27 09:22:16	xbmc/cores/dvdplayer/DVDPlayer.cpp	True	True	True	True
6028	Wangjian0586	2014-12-26 03:07:09	Jalle19	2014-12-27 09:22:16	xbmc/android/jni/SurfaceTexture.h	True	True	True	True
6028	Wangjian0586	2014-12-26 03:07:09	Jalle19	2014-12-27 09:21:57	xbmc/android/jni/SurfaceTexture.h	True	True	True	True
6028	Wangjian0586	2014-12-26 03:07:09	Jalle19	2014-12-27 09:21:57	xbmc/cores/VideoRenderers/LinuxRendererGLES.cpp	True	True	True	True
6028	Wangjian0586	2014-12-26 03:07:09	Jalle19	2014-12-27 09:21:57	xbmc/cores/VideoRenderers/LinuxRendererGLES.h	True	True	True	True
6028	Wangjian0586	2014-12-26 03:07:09	Jalle19	2014-12-27 09:21:57	xbmc/cores/VideoRenderers/RenderManager.cpp	True	True	True	True
6028	Wangjian0586	2014-12-26 03:07:09	Jalle19	2014-12-27 09:21:57	xbmc/cores/VideoRenderers/RenderManager.h	True	True	True	True
6028	Wangjian0586	2014-12-26 03:07:09	Jalle19	2014-12-27 09:21:57	xbmc/cores/dvdplayer/DVDCodecs/Video/DVDVideoCodecAndroidMediaCodec.cpp	True	True	True	True
6028	Wangjian0586	2014-12-26 03:07:09	Jalle19	2014-12-27 09:21:57	xbmc/cores/dvdplayer/DVDCodecs/Video/DVDVideoCodecAndroidMediaCodec.h	True	True	True	True
6028	Wangjian0586	2014-12-26 03:07:09	Jalle19	2014-12-27 09:21:57	xbmc/cores/dvdplayer/DVDPlayer.cpp	True	True	True	True
6028	Wangjian0586	2014-12-26 03:07:09	Jalle19	2014-12-27 09:21:57	xbmc/cores/VideoRenderers/BaseRenderer.h	True	True	True	True
6012	topfs2	2014-12-22 18:19:13	Montellese	2014-12-22 18:40:14	tools/darwin/packaging/ios/mkdeb-ios.sh.in	True	False	True	True
6012	topfs2	2014-12-22 18:19:13	Montellese	2014-12-22 18:40:14	tools/android/packaging/xbmc/AndroidManifest.xml.in	True	False	True	True
6012	topfs2	2014-12-22 18:19:13	Montellese	2014-12-22 18:40:14	tools/darwin/packaging/atv2/mkdeb-atv2.sh.in	True	False	True	True
6012	topfs2	2014-12-22 18:19:13	Montellese	2014-12-22 18:40:14	configure.in	True	False	True	True
6012	topfs2	2014-12-22 18:19:13	Montellese	2014-12-22 18:40:14	tools/darwin/packaging/osx/mkdmg-osx.sh.in	True	False	True	True
6012	topfs2	2014-12-22 18:19:13	Montellese	2014-12-22 18:40:14	xbmc/win32/XBMC_PC.rc.in	True	False	True	True
6012	topfs2	2014-12-22 18:19:13	Montellese	2014-12-22 18:40:14	tools/windows/CompileInfo.bat	True	False	True	True
6006	tamland	2014-12-22 12:00:54	ace20022	2015-01-19 13:30:18	xbmc/cores/dvdplayer/DVDInputStreams/DVDInputStreamBluray.cpp	False	True	True	True
6006	tamland	2014-12-22 12:00:54	ace20022	2015-01-19 13:30:18	language/English/strings.po	False	True	True	True
6006	tamland	2014-12-22 12:00:54	ace20022	2015-01-19 13:30:18	xbmc/cores/dvdplayer/DVDPlayer.cpp	False	True	True	True
6006	tamland	2014-12-22 12:00:54	ace20022	2015-01-19 13:30:18	xbmc/cores/dvdplayer/DVDInputStreams/DllDvdNav.h	False	True	True	True
6006	tamland	2014-12-22 12:00:54	ace20022	2015-01-19 13:30:18	xbmc/cores/dvdplayer/DVDInputStreams/DVDInputStreamNavigator.h	False	True	True	True
6006	tamland	2014-12-22 12:00:54	ace20022	2015-01-19 13:30:18	xbmc/cores/dvdplayer/DVDInputStreams/DVDInputStreamNavigator.cpp	False	True	True	True
6006	tamland	2014-12-22 12:00:54	ace20022	2015-01-19 13:30:18	xbmc/cores/dvdplayer/DVDInputStreams/DVDInputStreamBluray.h	False	True	True	True
6006	tamland	2014-12-22 12:00:54	ace20022	2015-01-19 13:30:18	xbmc/cores/dvdplayer/DVDDemuxers/DVDDemuxFFmpeg.h	False	True	True	True
6006	tamland	2014-12-22 12:00:54	ace20022	2015-01-19 13:30:18	xbmc/cores/dvdplayer/DVDInputStreams/DVDInputStream.h	False	True	True	True
6006	tamland	2014-12-22 12:00:54	ace20022	2015-01-19 13:30:18	xbmc/cores/dvdplayer/DVDDemuxers/DVDDemuxFFmpeg.cpp	False	True	True	True
6006	tamland	2014-12-22 12:00:54	ace20022	2015-01-19 13:30:18	xbmc/cores/dvdplayer/DVDDemuxers/DVDDemux.h	False	True	True	True
6006	tamland	2014-12-22 12:00:54	ace20022	2015-01-19 13:30:18	xbmc/cores/IPlayer.h	False	True	True	True
6006	tamland	2014-12-22 12:00:54	ace20022	2015-01-19 13:30:18	xbmc/ApplicationPlayer.h	False	True	True	True
6006	tamland	2014-12-22 12:00:54	ace20022	2015-01-19 13:30:18	xbmc/ApplicationPlayer.cpp	False	True	True	True
6006	tamland	2014-12-22 12:00:54	ace20022	2015-01-19 13:30:10	language/English/strings.po	False	True	True	True
6006	tamland	2014-12-22 12:00:54	ace20022	2015-01-19 13:30:18	xbmc/video/dialogs/GUIDialogVideoBookmarks.cpp	False	True	True	True
6006	tamland	2014-12-22 12:00:54	ace20022	2015-01-19 13:30:18	xbmc/cores/dvdplayer/DVDPlayer.h	False	True	True	True
6006	tamland	2014-12-22 12:00:54	ace20022	2015-01-19 13:30:10	xbmc/ApplicationPlayer.cpp	False	True	True	True
6006	tamland	2014-12-22 12:00:54	ace20022	2015-01-19 13:30:10	xbmc/ApplicationPlayer.h	False	True	True	True
6006	tamland	2014-12-22 12:00:54	ace20022	2015-01-19 13:30:10	xbmc/video/dialogs/GUIDialogVideoBookmarks.cpp	False	True	True	True
6006	tamland	2014-12-22 12:00:54	ace20022	2015-01-19 13:30:10	xbmc/cores/dvdplayer/DVDPlayer.h	False	True	True	True
6006	tamland	2014-12-22 12:00:54	ace20022	2015-01-19 13:30:10	xbmc/cores/dvdplayer/DVDPlayer.cpp	False	True	True	True
6006	tamland	2014-12-22 12:00:54	ace20022	2015-01-19 13:30:10	xbmc/cores/dvdplayer/DVDInputStreams/DllDvdNav.h	False	True	True	True
6006	tamland	2014-12-22 12:00:54	ace20022	2015-01-19 13:30:10	xbmc/cores/dvdplayer/DVDInputStreams/DVDInputStreamNavigator.h	False	True	True	True
6006	tamland	2014-12-22 12:00:54	ace20022	2015-01-19 13:30:10	xbmc/cores/dvdplayer/DVDInputStreams/DVDInputStreamNavigator.cpp	False	True	True	True
6006	tamland	2014-12-22 12:00:54	ace20022	2015-01-19 13:30:10	xbmc/cores/dvdplayer/DVDInputStreams/DVDInputStreamBluray.h	False	True	True	True
6006	tamland	2014-12-22 12:00:54	ace20022	2015-01-19 13:30:10	xbmc/cores/dvdplayer/DVDInputStreams/DVDInputStreamBluray.cpp	False	True	True	True
6006	tamland	2014-12-22 12:00:54	ace20022	2015-01-19 13:30:10	xbmc/cores/dvdplayer/DVDInputStreams/DVDInputStream.h	False	True	True	True
6006	tamland	2014-12-22 12:00:54	ace20022	2015-01-19 13:30:10	xbmc/cores/dvdplayer/DVDDemuxers/DVDDemuxFFmpeg.h	False	True	True	True
6006	tamland	2014-12-22 12:00:54	ace20022	2015-01-19 13:30:10	xbmc/cores/dvdplayer/DVDDemuxers/DVDDemuxFFmpeg.cpp	False	True	True	True
6006	tamland	2014-12-22 12:00:54	ace20022	2015-01-19 13:30:10	xbmc/cores/dvdplayer/DVDDemuxers/DVDDemux.h	False	True	True	True
6006	tamland	2014-12-22 12:00:54	ace20022	2015-01-19 13:30:10	xbmc/cores/IPlayer.h	False	True	True	True
6001	tobbi	2014-12-22 01:24:22	FernetMenta	2014-12-22 11:02:03	xbmc/cores/paplayer/DVDPlayerCodec.cpp	True	True	True	True
6001	tobbi	2014-12-22 01:24:22	FernetMenta	2014-12-22 11:02:03	xbmc/cores/paplayer/ICodec.h	True	True	True	True
6001	tobbi	2014-12-22 01:24:22	FernetMenta	2014-12-22 06:38:10	xbmc/cores/paplayer/DVDPlayerCodec.cpp	True	True	True	True
6001	tobbi	2014-12-22 01:24:22	FernetMenta	2014-12-22 06:38:10	xbmc/cores/paplayer/ICodec.h	True	True	True	True
6000	tobbi	2014-12-22 01:23:37	fritsch	2014-12-22 06:42:27	xbmc/cores/ExternalPlayer/ExternalPlayer.cpp	True	False	True	True
6000	tobbi	2014-12-22 01:23:37	fritsch	2014-12-22 06:42:27	xbmc/cores/ExternalPlayer/ExternalPlayer.cpp	False	False	True	True
5999	tobbi	2014-12-22 01:22:38	FernetMenta	2014-12-26 14:21:27	xbmc/cores/dvdplayer/DVDCodecs/Video/VDPAU.cpp	False	True	True	True
5999	tobbi	2014-12-22 01:22:38	FernetMenta	2014-12-26 14:21:27	xbmc/cores/dvdplayer/DVDCodecs/Video/VDPAU.cpp	True	True	True	True
5999	tobbi	2014-12-22 01:22:38	FernetMenta	2014-12-26 14:21:27	xbmc/cores/dvdplayer/DVDCodecs/Video/OpenMaxVideo.cpp	True	True	True	True
5999	tobbi	2014-12-22 01:22:38	FernetMenta	2014-12-26 14:21:27	xbmc/cores/dvdplayer/DVDCodecs/Video/DVDVideoPPFFmpeg.cpp	True	True	True	True
5999	tobbi	2014-12-22 01:22:38	FernetMenta	2014-12-26 14:21:27	xbmc/cores/dvdplayer/DVDCodecs/Video/AMLCodec.cpp	True	True	True	True
5999	tobbi	2014-12-22 01:22:38	FernetMenta	2014-12-26 14:21:27	xbmc/cores/dvdplayer/DVDCodecs/Overlay/DVDOverlayText.h	True	True	True	True
5999	tobbi	2014-12-22 01:22:38	ace20022	2014-12-22 11:28:27	xbmc/cores/dvdplayer/DVDCodecs/Video/VDPAU.cpp	True	True	True	True
5999	tobbi	2014-12-22 01:22:38	ace20022	2014-12-22 11:28:27	xbmc/cores/dvdplayer/DVDInputStreams/DVDInputStreamBluray.cpp	True	True	True	True
5999	tobbi	2014-12-22 01:22:38	ace20022	2014-12-22 11:28:34	xbmc/cores/dvdplayer/DVDCodecs/Video/VDPAU.cpp	False	True	True	True
5999	tobbi	2014-12-22 01:22:38	ace20022	2014-12-22 11:28:27	xbmc/cores/dvdplayer/DVDCodecs/Video/OpenMaxVideo.cpp	True	True	True	True
5999	tobbi	2014-12-22 01:22:38	ace20022	2014-12-22 11:28:27	xbmc/cores/dvdplayer/DVDCodecs/Video/DVDVideoPPFFmpeg.cpp	True	True	True	True
5999	tobbi	2014-12-22 01:22:38	ace20022	2014-12-22 11:28:27	xbmc/cores/dvdplayer/DVDCodecs/Video/VDPAU.cpp	False	True	True	True
5999	tobbi	2014-12-22 01:22:38	ace20022	2014-12-22 11:28:27	xbmc/cores/dvdplayer/DVDCodecs/Overlay/DVDOverlayText.h	True	True	True	True
5999	tobbi	2014-12-22 01:22:38	FernetMenta	2014-12-26 14:21:27	xbmc/cores/dvdplayer/DVDInputStreams/DVDInputStreamBluray.cpp	True	True	True	True
5999	tobbi	2014-12-22 01:22:38	ace20022	2014-12-22 11:28:27	xbmc/cores/dvdplayer/DVDCodecs/Video/AMLCodec.cpp	True	True	True	True
5999	tobbi	2014-12-22 01:22:38	ace20022	2014-12-22 11:28:34	xbmc/cores/dvdplayer/DVDCodecs/Overlay/DVDOverlayText.h	True	True	True	True
5999	tobbi	2014-12-22 01:22:38	ace20022	2014-12-22 11:28:09	xbmc/cores/dvdplayer/DVDCodecs/Overlay/DVDOverlayText.h	True	True	True	True
5999	tobbi	2014-12-22 01:22:38	ace20022	2014-12-22 11:28:34	xbmc/cores/dvdplayer/DVDCodecs/Video/AMLCodec.cpp	True	True	True	True
5999	tobbi	2014-12-22 01:22:38	ace20022	2014-12-22 11:28:09	xbmc/cores/dvdplayer/DVDInputStreams/DVDInputStreamBluray.cpp	True	True	True	True
5999	tobbi	2014-12-22 01:22:38	ace20022	2014-12-22 11:28:09	xbmc/cores/dvdplayer/DVDCodecs/Video/VDPAU.cpp	True	True	True	True
5999	tobbi	2014-12-22 01:22:38	ace20022	2014-12-22 11:28:09	xbmc/cores/dvdplayer/DVDCodecs/Video/OpenMaxVideo.cpp	True	True	True	True
5999	tobbi	2014-12-22 01:22:38	ace20022	2014-12-22 11:28:09	xbmc/cores/dvdplayer/DVDCodecs/Video/DVDVideoPPFFmpeg.cpp	True	True	True	True
5999	tobbi	2014-12-22 01:22:38	ace20022	2014-12-22 11:28:09	xbmc/cores/dvdplayer/DVDCodecs/Video/AMLCodec.cpp	True	True	True	True
5999	tobbi	2014-12-22 01:22:38	ace20022	2014-12-22 11:28:09	xbmc/cores/dvdplayer/DVDCodecs/Video/VDPAU.cpp	False	True	True	True
5999	tobbi	2014-12-22 01:22:38	ace20022	2014-12-22 11:28:34	xbmc/cores/dvdplayer/DVDInputStreams/DVDInputStreamBluray.cpp	True	True	True	True
5999	tobbi	2014-12-22 01:22:38	ace20022	2014-12-22 11:28:34	xbmc/cores/dvdplayer/DVDCodecs/Video/VDPAU.cpp	True	True	True	True
5999	tobbi	2014-12-22 01:22:38	ace20022	2014-12-22 11:28:34	xbmc/cores/dvdplayer/DVDCodecs/Video/OpenMaxVideo.cpp	True	True	True	True
5999	tobbi	2014-12-22 01:22:38	ace20022	2014-12-22 11:28:34	xbmc/cores/dvdplayer/DVDCodecs/Video/DVDVideoPPFFmpeg.cpp	True	True	True	True
5993	karim789	2014-12-21 20:06:13	stefansaraev	2015-05-23 14:53:04	system/Lircmap.xml	True	True	True	True
5993	karim789	2014-12-21 20:06:13	stefansaraev	2015-05-23 14:50:26	system/Lircmap.xml	True	True	True	True
5993	karim789	2014-12-21 20:06:13	stefansaraev	2015-05-23 14:51:02	system/Lircmap.xml	True	True	True	True
5993	karim789	2014-12-21 20:06:13	stefansaraev	2015-05-23 14:51:22	system/Lircmap.xml	True	True	True	True
5993	karim789	2014-12-21 20:06:13	stefansaraev	2015-05-23 14:51:35	system/Lircmap.xml	True	True	True	True
5993	karim789	2014-12-21 20:06:13	stefansaraev	2015-05-23 14:52:35	system/Lircmap.xml	True	True	True	True
5993	karim789	2014-12-21 20:06:13	stefansaraev	2015-05-23 14:53:39	system/Lircmap.xml	True	True	True	True
5992	tobbi	2014-12-21 19:42:16	ace20022	2014-12-21 20:06:43	xbmc/addons/AddonManager.cpp	False	True	True	True
5992	tobbi	2014-12-21 19:42:16	ace20022	2014-12-21 20:19:00	xbmc/addons/AddonManager.cpp	False	True	True	True
5992	tobbi	2014-12-21 19:42:16	ace20022	2014-12-21 20:19:00	xbmc/addons/AddonManager.cpp	True	True	True	True
5992	tobbi	2014-12-21 19:42:16	ace20022	2014-12-21 20:19:00	xbmc/addons/GUIDialogAddonSettings.cpp	True	True	True	True
5992	tobbi	2014-12-21 19:42:16	ace20022	2014-12-21 20:19:00	xbmc/addons/GUIWindowAddonBrowser.cpp	True	True	True	True
5992	tobbi	2014-12-21 19:42:16	ace20022	2014-12-21 20:19:00	xbmc/addons/Repository.cpp	True	True	True	True
5992	tobbi	2014-12-21 19:42:16	ace20022	2014-12-21 20:19:00	xbmc/addons/Scraper.cpp	True	True	True	True
5992	tobbi	2014-12-21 19:42:16	ace20022	2014-12-21 20:19:00	xbmc/addons/Skin.cpp	True	True	True	True
5992	tobbi	2014-12-21 19:42:16	ace20022	2014-12-21 20:19:00	xbmc/addons/Skin.h	True	True	True	True
5992	tobbi	2014-12-21 19:42:16	ace20022	2014-12-21 20:19:00	xbmc/addons/Visualisation.cpp	True	True	True	True
5992	tobbi	2014-12-21 19:42:16	ace20022	2014-12-21 20:19:00	xbmc/addons/Addon.cpp	True	True	True	True
5992	tobbi	2014-12-21 19:42:16	ace20022	2014-12-21 20:06:43	xbmc/addons/Addon.cpp	True	True	True	True
5992	tobbi	2014-12-21 19:42:16	ace20022	2014-12-21 20:06:43	xbmc/addons/GUIDialogAddonSettings.cpp	True	True	True	True
5992	tobbi	2014-12-21 19:42:16	ace20022	2014-12-21 20:06:43	xbmc/addons/GUIWindowAddonBrowser.cpp	True	True	True	True
5992	tobbi	2014-12-21 19:42:16	ace20022	2014-12-21 20:06:43	xbmc/addons/Repository.cpp	True	True	True	True
5992	tobbi	2014-12-21 19:42:16	ace20022	2014-12-21 20:06:43	xbmc/addons/Scraper.cpp	True	True	True	True
5992	tobbi	2014-12-21 19:42:16	ace20022	2014-12-21 20:06:43	xbmc/addons/Skin.cpp	True	True	True	True
5992	tobbi	2014-12-21 19:42:16	ace20022	2014-12-21 20:06:43	xbmc/addons/Skin.h	True	True	True	True
5992	tobbi	2014-12-21 19:42:16	ace20022	2014-12-21 20:06:43	xbmc/addons/AddonManager.cpp	True	True	True	True
5992	tobbi	2014-12-21 19:42:16	ace20022	2014-12-21 20:06:43	xbmc/addons/Visualisation.cpp	True	True	True	True
5975	popcornmix	2014-12-19 21:48:42	FernetMenta	2014-12-20 10:01:48	xbmc/cores/dvdplayer/DVDDemuxers/DVDDemuxFFmpeg.cpp	True	True	True	True
5975	popcornmix	2014-12-19 21:48:42	FernetMenta	2014-12-20 10:01:48	xbmc/cores/dvdplayer/DVDDemuxers/DVDDemuxPacket.h	True	True	True	True
5975	popcornmix	2014-12-19 21:48:42	FernetMenta	2014-12-20 10:01:48	xbmc/cores/dvdplayer/DVDDemuxers/DVDDemuxUtils.cpp	True	True	True	True
5974	ace20022	2014-12-19 15:11:39	Montellese	2014-12-19 18:01:35	xbmc/settings/lib/Setting.cpp	True	True	True	True
5974	ace20022	2014-12-19 15:11:39	Montellese	2014-12-19 18:01:35	xbmc/cores/playercorefactory/PlayerSelectionRule.cpp	True	True	True	True
5953	sbstnc	2014-12-15 21:22:17	phil65	2015-01-06 15:33:00	addons/skin.confluence/720p/DialogVideoInfo.xml	False	True	True	True
5953	sbstnc	2014-12-15 21:22:17	phil65	2015-01-06 15:33:00	xbmc/video/dialogs/GUIDialogVideoInfo.cpp	False	True	True	True
5948	arnova	2014-12-14 17:49:39	mkortstiege	2015-04-03 09:45:11	xbmc/TextureCache.cpp	False	True	True	True
5948	arnova	2014-12-14 17:49:39	jmarshallnz	2014-12-15 01:54:32	xbmc/TextureCache.h	False	True	True	True
5948	arnova	2014-12-14 17:49:39	jmarshallnz	2014-12-15 01:54:32	xbmc/GUILargeTextureManager.cpp	True	True	True	True
5948	arnova	2014-12-14 17:49:39	jmarshallnz	2014-12-15 01:58:28	xbmc/TextureCache.cpp	False	True	True	True
5948	arnova	2014-12-14 17:49:39	jmarshallnz	2014-12-15 01:54:32	xbmc/TextureCache.cpp	False	True	True	True
5948	arnova	2014-12-14 17:49:39	jmarshallnz	2014-12-15 01:58:28	xbmc/GUILargeTextureManager.cpp	True	True	True	True
5948	arnova	2014-12-14 17:49:39	jmarshallnz	2014-12-15 01:58:28	xbmc/TextureCache.h	False	True	True	True
5948	arnova	2014-12-14 17:49:39	mkortstiege	2015-04-03 09:45:11	xbmc/TextureCache.h	False	True	True	True
5948	arnova	2014-12-14 17:49:39	ace20022	2015-04-07 05:52:34	xbmc/TextureCache.cpp	False	True	True	True
5948	arnova	2014-12-14 17:49:39	ace20022	2015-04-07 05:52:34	xbmc/TextureCache.h	False	True	True	True
5948	arnova	2014-12-14 17:49:39	ace20022	2015-04-07 05:52:34	xbmc/GUILargeTextureManager.cpp	True	True	True	True
5948	arnova	2014-12-14 17:49:39	mkortstiege	2015-04-03 09:45:11	xbmc/GUILargeTextureManager.cpp	True	True	True	True
5941	Montellese	2014-12-13 10:35:32	jmarshallnz	2014-12-14 00:44:00	xbmc/windows/GUIMediaWindow.cpp	True	True	True	True
5940	fritsch	2014-12-13 10:33:06	FernetMenta	2014-12-14 08:02:10	xbmc/cores/dvdplayer/DVDCodecs/Video/VAAPI.cpp	True	True	True	True
5940	fritsch	2014-12-13 10:33:06	FernetMenta	2014-12-14 10:27:04	xbmc/cores/dvdplayer/DVDCodecs/Video/VAAPI.cpp	True	True	True	True
5939	koying	2014-12-13 09:04:13	bmc08gt	2014-12-13 18:13:17	tools/android/packaging/xbmc/src/org/xbmc/kodi/Splash.java.in	True	True	True	True
5939	koying	2014-12-13 09:04:13	bmc08gt	2014-12-13 18:14:13	tools/android/packaging/xbmc/src/org/xbmc/kodi/Splash.java.in	True	True	True	True
5939	koying	2014-12-13 09:04:13	bmc08gt	2014-12-13 18:12:31	tools/android/packaging/xbmc/src/org/xbmc/kodi/Splash.java.in	True	True	True	True
5934	Memphiz	2014-12-10 17:02:02	Karlson2k	2014-12-10 19:09:15	xbmc/utils/test/TestAliasShortcutUtils.cpp	True	True	True	True
5934	Memphiz	2014-12-10 17:02:02	Karlson2k	2014-12-10 19:09:15	xbmc/osx/DarwinUtils.h	True	True	True	True
5934	Memphiz	2014-12-10 17:02:02	Karlson2k	2014-12-10 19:09:15	xbmc/osx/DarwinUtils.mm	True	True	True	True
5934	Memphiz	2014-12-10 17:02:02	Karlson2k	2014-12-10 19:09:15	xbmc/utils/AliasShortcutUtils.cpp	True	True	True	True
5934	Memphiz	2014-12-10 17:02:02	Karlson2k	2014-12-10 19:06:00	xbmc/utils/test/TestAliasShortcutUtils.cpp	True	True	True	True
5934	Memphiz	2014-12-10 17:02:02	Karlson2k	2014-12-10 19:06:00	xbmc/osx/DarwinUtils.h	True	True	True	True
5934	Memphiz	2014-12-10 17:02:02	Karlson2k	2014-12-10 19:06:00	xbmc/osx/DarwinUtils.mm	True	True	True	True
5934	Memphiz	2014-12-10 17:02:02	Karlson2k	2014-12-10 19:06:00	xbmc/utils/AliasShortcutUtils.cpp	True	True	True	True
5924	Karlson2k	2014-12-08 23:18:32	koying	2014-12-09 08:54:16	xbmc/filesystem/posix/PosixFile.cpp	True	True	True	True
5919	mkortstiege	2014-12-08 18:30:14	FernetMenta	2014-12-09 05:53:10	xbmc/GUIInfoManager.cpp	False	True	True	True
5919	mkortstiege	2014-12-08 18:30:14	FernetMenta	2014-12-09 11:24:10	xbmc/Application.cpp	False	True	True	True
5919	mkortstiege	2014-12-08 18:30:14	FernetMenta	2014-12-09 11:24:10	xbmc/GUIInfoManager.cpp	False	True	True	True
5919	mkortstiege	2014-12-08 18:30:14	FernetMenta	2014-12-09 11:24:10	xbmc/cores/dvdplayer/DVDPlayer.cpp	False	True	True	True
5919	mkortstiege	2014-12-08 18:30:14	FernetMenta	2014-12-09 05:53:10	xbmc/Application.cpp	False	True	True	True
5919	mkortstiege	2014-12-08 18:30:14	FernetMenta	2014-12-08 19:56:41	xbmc/Application.cpp	False	True	True	True
5919	mkortstiege	2014-12-08 18:30:14	FernetMenta	2014-12-09 05:53:10	xbmc/cores/dvdplayer/DVDPlayer.cpp	False	True	True	True
5919	mkortstiege	2014-12-08 18:30:14	FernetMenta	2014-12-08 19:56:41	xbmc/GUIInfoManager.cpp	False	True	True	True
5919	mkortstiege	2014-12-08 18:30:14	FernetMenta	2014-12-08 19:56:41	xbmc/cores/dvdplayer/DVDPlayer.cpp	False	True	True	True
5918	Karlson2k	2014-12-08 18:25:32	Paxxi	2015-02-02 13:11:06	xbmc/win32/WIN32Util.cpp	True	True	True	True
5918	Karlson2k	2014-12-08 18:25:32	Paxxi	2015-02-02 13:11:32	xbmc/win32/WIN32Util.cpp	True	True	True	True
5918	Karlson2k	2014-12-08 18:25:32	Paxxi	2015-02-02 13:11:32	xbmc/powermanagement/windows/Win32PowerSyscall.cpp	True	True	True	True
5918	Karlson2k	2014-12-08 18:25:32	Paxxi	2015-02-02 13:11:32	xbmc/powermanagement/windows/Win32PowerSyscall.h	True	True	True	True
5918	Karlson2k	2014-12-08 18:25:32	Paxxi	2015-02-02 13:11:32	xbmc/win32/WIN32Util.h	True	True	True	True
5918	Karlson2k	2014-12-08 18:25:32	Paxxi	2015-02-02 13:11:32	xbmc/powermanagement/PowerManager.cpp	True	True	True	True
5918	Karlson2k	2014-12-08 18:25:32	Paxxi	2015-02-02 13:11:32	xbmc/powermanagement/PowerManager.h	True	True	True	True
5918	Karlson2k	2014-12-08 18:25:32	Paxxi	2015-02-02 13:18:23	xbmc/win32/WIN32Util.cpp	True	True	True	True
5918	Karlson2k	2014-12-08 18:25:32	Paxxi	2015-02-02 13:18:23	xbmc/powermanagement/windows/Win32PowerSyscall.cpp	True	True	True	True
5918	Karlson2k	2014-12-08 18:25:32	Paxxi	2015-02-02 13:18:23	xbmc/win32/WIN32Util.h	True	True	True	True
5918	Karlson2k	2014-12-08 18:25:32	Paxxi	2015-02-02 13:18:23	xbmc/powermanagement/PowerManager.cpp	True	True	True	True
5918	Karlson2k	2014-12-08 18:25:32	Paxxi	2015-02-02 13:18:23	xbmc/powermanagement/PowerManager.h	True	True	True	True
5918	Karlson2k	2014-12-08 18:25:32	Paxxi	2015-02-02 13:18:23	xbmc/powermanagement/windows/Win32PowerSyscall.h	True	True	True	True
5918	Karlson2k	2014-12-08 18:25:32	Paxxi	2015-02-02 13:11:06	xbmc/powermanagement/windows/Win32PowerSyscall.cpp	True	True	True	True
5918	Karlson2k	2014-12-08 18:25:32	Paxxi	2015-02-02 13:24:32	xbmc/powermanagement/windows/Win32PowerSyscall.cpp	True	True	True	True
5918	Karlson2k	2014-12-08 18:25:32	Paxxi	2015-02-02 13:11:06	xbmc/powermanagement/windows/Win32PowerSyscall.h	True	True	True	True
5918	Karlson2k	2014-12-08 18:25:32	Paxxi	2015-02-02 13:24:32	xbmc/powermanagement/PowerManager.cpp	True	True	True	True
5918	Karlson2k	2014-12-08 18:25:32	Paxxi	2015-02-02 13:24:32	xbmc/win32/WIN32Util.h	True	True	True	True
5918	Karlson2k	2014-12-08 18:25:32	Paxxi	2015-02-02 13:24:32	xbmc/powermanagement/windows/Win32PowerSyscall.h	True	True	True	True
5918	Karlson2k	2014-12-08 18:25:32	Paxxi	2015-02-02 13:24:32	xbmc/powermanagement/PowerManager.h	True	True	True	True
5918	Karlson2k	2014-12-08 18:25:32	Paxxi	2015-02-02 13:24:32	xbmc/win32/WIN32Util.cpp	True	True	True	True
5918	Karlson2k	2014-12-08 18:25:32	Paxxi	2015-02-02 13:11:06	xbmc/powermanagement/PowerManager.h	True	True	True	True
5918	Karlson2k	2014-12-08 18:25:32	Paxxi	2015-02-02 13:11:06	xbmc/powermanagement/PowerManager.cpp	True	True	True	True
5918	Karlson2k	2014-12-08 18:25:32	Paxxi	2015-02-02 13:11:06	xbmc/win32/WIN32Util.h	True	True	True	True
5903	rbalint	2014-12-07 12:04:26	wsnipex	2014-12-07 13:09:02	tools/Linux/kodi.sh.in	True	True	True	True
5900	hudokkow	2014-12-07 00:51:56	MartijnKaijser	2014-12-07 08:39:01	README.md	True	True	True	True
5900	hudokkow	2014-12-07 00:51:56	MartijnKaijser	2014-12-07 08:39:01	CONTRIBUTING.md	False	True	True	True
5897	xhaggi	2014-12-06 16:49:22	Jalle19	2014-12-08 11:47:20	xbmc/pvr/PVRManager.h	False	True	True	True
5897	xhaggi	2014-12-06 16:49:22	Jalle19	2014-12-08 11:47:20	xbmc/pvr/PVRManager.cpp	False	True	True	True
5897	xhaggi	2014-12-06 16:49:22	Jalle19	2014-12-08 11:47:20	xbmc/Application.cpp	False	True	True	True
5897	xhaggi	2014-12-06 16:49:22	Jalle19	2014-12-08 11:47:22	xbmc/pvr/PVRManager.h	False	True	True	True
5897	xhaggi	2014-12-06 16:49:22	Jalle19	2014-12-08 11:47:22	xbmc/pvr/PVRManager.cpp	False	True	True	True
5897	xhaggi	2014-12-06 16:49:22	Jalle19	2014-12-08 11:47:22	xbmc/Application.cpp	False	True	True	True
5895	ghost	2014-12-06 14:44:11	evanpurkhiser	2014-12-20 15:07:12	tools/Linux/kodi.sh.in	False	True	True	True
5895	ghost	2014-12-06 14:44:11	evanpurkhiser	2014-12-20 15:07:12	xbmc/Application.cpp	False	True	True	True
5895	ghost	2014-12-06 14:44:11	evanpurkhiser	2014-12-20 15:07:12	xbmc/filesystem/SpecialProtocol.h	False	True	True	True
5895	ghost	2014-12-06 14:44:11	evanpurkhiser	2014-12-20 15:07:12	xbmc/Application.cpp	True	True	True	True
5895	ghost	2014-12-06 14:44:11	evanpurkhiser	2014-12-20 15:07:12	tools/Linux/kodi.sh.in	True	True	True	True
5894	tamland	2014-12-06 12:47:52	MartijnKaijser	2014-12-06 12:51:22	xbmc/interfaces/python/PythonInvoker.cpp	True	True	True	True
5894	tamland	2014-12-06 12:47:52	MartijnKaijser	2014-12-06 12:51:22	language/English/strings.po	True	True	True	True
5894	tamland	2014-12-06 12:47:52	MartijnKaijser	2014-12-06 12:51:47	xbmc/interfaces/python/PythonInvoker.cpp	True	True	True	True
5894	tamland	2014-12-06 12:47:52	MartijnKaijser	2014-12-06 12:51:47	language/English/strings.po	True	True	True	True
5872	mkortstiege	2014-12-03 11:07:33	xhaggi	2014-12-04 12:15:10	xbmc/GUIInfoManager.cpp	True	True	True	True
5872	mkortstiege	2014-12-03 11:07:33	xhaggi	2014-12-04 12:15:10	xbmc/guilib/GUIBaseContainer.cpp	True	True	True	True
5872	mkortstiege	2014-12-03 11:07:33	xhaggi	2014-12-04 12:15:10	xbmc/GUIInfoManager.h	True	True	True	True
5864	xhaggi	2014-12-02 11:34:02	opdenkamp	2014-12-03 21:27:59	xbmc/pvr/windows/GUIViewStatePVR.cpp	False	True	True	True
