pr_number	author_user_login	pr_created_at	commit_user_login	commit_created_at	commit_status_total	commit_status_additions	commit_status_deletions	create_before_pr	is_review_commit
16689	arnova	2019-09-30 06:44:44	notspiff	2019-06-27 13:47:37	2	1	1	True	True
16682	DaVukovic	2019-09-27 15:55:42	DaVukovic	2019-09-10 16:20:57	589	439	150	True	True
16680	phunkyfish	2019-09-27 09:14:51	phunkyfish	2019-09-27 09:12:07	149	74	75	True	True
16678	DaveTBlake	2019-09-26 16:48:47	DaveTBlake	2019-09-26 15:29:03	1	1	0	True	True
16677	phunkyfish	2019-09-26 13:39:50	phunkyfish	2019-09-25 21:57:33	53	29	24	True	True
16677	phunkyfish	2019-09-26 13:39:50	phunkyfish	2019-09-25 22:05:10	140	69	71	True	True
16677	phunkyfish	2019-09-26 13:39:50	phunkyfish	2019-09-26 13:19:16	496	248	248	True	True
16677	phunkyfish	2019-09-26 13:39:50	phunkyfish	2019-09-26 08:11:22	1894	947	947	True	True
16677	phunkyfish	2019-09-26 13:39:50	phunkyfish	2019-09-26 06:38:33	287	138	149	True	True
16677	phunkyfish	2019-09-26 13:39:50	phunkyfish	2019-09-25 21:36:41	14	7	7	True	True
16677	phunkyfish	2019-09-26 13:39:50	phunkyfish	2019-09-25 21:48:03	1418	716	702	True	True
16668	tmm1	2019-09-23 22:49:35	tmm1	2019-09-23 22:45:31	8	6	2	True	True
16665	Rechi	2019-09-23 20:47:45	Rechi	2019-10-05 21:05:13	19	11	8	False	True
16662	AlwinEsch	2019-09-23 12:00:19	AlwinEsch	2019-09-23 11:54:36	4	2	2	True	True
16660	Montellese	2019-09-22 19:05:27	Montellese	2019-09-24 21:16:53	83	62	21	False	True
16660	Montellese	2019-09-22 19:05:27	Montellese	2019-09-22 21:22:37	21	11	10	False	True
16660	Montellese	2019-09-22 19:05:27	Montellese	2019-09-22 20:21:23	59	41	18	False	True
16660	Montellese	2019-09-22 19:05:27	Montellese	2019-09-21 19:13:17	2	1	1	True	True
16660	Montellese	2019-09-22 19:05:27	Montellese	2019-09-24 20:28:37	11	11	0	False	True
16660	Montellese	2019-09-22 19:05:27	Montellese	2019-09-21 19:10:06	46	42	4	True	True
16660	Montellese	2019-09-22 19:05:27	Montellese	2019-09-22 18:28:30	97	94	3	True	True
16660	Montellese	2019-09-22 19:05:27	Montellese	2019-09-21 18:22:54	8	7	1	True	True
16660	Montellese	2019-09-22 19:05:27	Montellese	2019-09-21 18:51:08	9	9	0	True	True
16657	DaveTBlake	2019-09-22 16:34:34	DaveTBlake	2019-09-22 15:04:05	8	5	3	True	True
16657	DaveTBlake	2019-09-22 16:34:34	DaveTBlake	2019-09-23 07:20:08	53	29	24	False	True
16654	arnova	2019-09-22 12:00:14	arnova	2019-09-22 11:58:49	77	44	33	True	True
16651	DaveTBlake	2019-09-21 14:40:31	DaveTBlake	2019-09-21 14:29:42	12	10	2	True	True
16649	AlwinEsch	2019-09-21 10:14:02	AlwinEsch	2019-09-22 21:05:49	105	105	0	False	True
16645	ksooo	2019-09-20 13:42:25	ksooo	2019-09-20 04:02:40	67	60	7	True	True
16642	peak3d	2019-09-18 22:48:52	peak3d	2019-10-07 15:19:08	319	185	134	False	True
16641	AlwinEsch	2019-09-18 20:42:57	AlwinEsch	2019-09-18 20:33:42	4	2	2	True	True
16640	ksooo	2019-09-18 19:42:19	ksooo	2019-09-18 15:45:04	5	4	1	True	True
16640	ksooo	2019-09-18 19:42:19	ksooo	2019-09-18 15:46:01	2	1	1	True	True
16638	ksooo	2019-09-18 07:51:53	ksooo	2019-09-09 12:04:16	741	660	81	True	True
16637	ksooo	2019-09-18 07:31:03	ksooo	2019-09-16 19:02:50	555	265	290	True	True
16632	Rechi	2019-09-16 08:27:35	Rechi	2019-09-16 07:48:10	2	1	1	True	True
16620	HitcherUK	2019-09-14 09:42:54	HitcherUK	2019-09-14 09:39:36	4	2	2	True	True
16609	arucard21	2019-09-12 06:17:52	arucard21	2019-08-22 09:14:02	26	17	9	True	True
16607	fuzzard	2019-09-11 23:34:31	fuzzard	2019-09-12 01:05:17	812	743	69	False	True
16607	fuzzard	2019-09-11 23:34:31	fuzzard	2019-10-03 22:24:59	3	1	2	False	True
16606	Rechi	2019-09-11 21:32:07	Rechi	2019-09-19 06:11:33	5	2	3	False	True
16602	Rechi	2019-09-11 07:42:43	Rechi	2019-09-10 21:33:08	30	20	10	True	True
16601	arnova	2019-09-11 06:38:18	arnova	2019-09-11 06:35:16	13	9	4	True	True
16599	bugwelle	2019-09-10 17:44:37	bugwelle	2020-01-10 11:58:00	10	5	5	False	True
16598	bugwelle	2019-09-10 16:32:54	bugwelle	2019-09-10 16:29:59	2	1	1	True	True
16595	Paxxi	2019-09-10 06:10:04	Paxxi	2019-09-08 12:03:45	52	42	10	True	True
16593	phunkyfish	2019-09-09 17:03:28	phunkyfish	2019-09-23 20:29:11	50	42	8	False	True
16593	phunkyfish	2019-09-09 17:03:28	phunkyfish	2019-09-23 20:22:48	255	187	68	False	True
16592	peak3d	2019-09-09 15:30:20	peak3d	2019-09-09 15:26:36	2	1	1	True	True
16591	peak3d	2019-09-09 14:25:53	peak3d	2019-09-18 12:42:54	195	131	64	False	True
16584	phunkyfish	2019-09-07 18:47:09	phunkyfish	2019-09-09 09:19:46	78	27	51	False	True
16581	peak3d	2019-09-07 14:48:35	peak3d	2019-09-08 15:02:46	217	197	20	False	True
16579	peak3d	2019-09-06 22:20:02	peak3d	2019-09-06 22:12:19	2	1	1	True	True
16578	dimitry-ishenko	2019-09-06 19:38:00	dimitry-ishenko	2019-09-06 18:08:09	6	4	2	True	True
16576	notspiff	2019-09-06 06:40:15	notspiff	2019-09-06 06:38:14	2	1	1	True	True
16575	Rechi	2019-09-05 20:26:00	Rechi	2019-09-09 06:37:15	5	2	3	False	True
16573	Rechi	2019-09-05 09:28:11	Rechi	2019-09-04 12:31:03	1397	894	503	True	True
16568	phunkyfish	2019-09-04 11:17:34	phunkyfish	2019-09-04 11:03:59	104	38	66	True	True
16568	phunkyfish	2019-09-04 11:17:34	phunkyfish	2019-09-04 10:31:21	1	1	0	True	True
16563	Rechi	2019-09-03 09:39:43	Rechi	2019-09-02 15:29:59	46	7	39	True	True
16558	phunkyfish	2019-09-01 17:06:34	phunkyfish	2019-09-02 20:35:39	192	159	33	False	True
16557	peak3d	2019-09-01 16:54:02	peak3d	2019-09-05 08:18:56	369	302	67	False	True
16555	arnova	2019-09-01 11:12:06	arnova	2019-09-11 06:04:00	11	9	2	False	True
16555	arnova	2019-09-01 11:12:06	arnova	2019-09-22 11:32:24	31	23	8	False	True
16555	arnova	2019-09-01 11:12:06	arnova	2019-09-01 10:55:02	6	5	1	True	True
