pr_number	author_user_login	pr_created_at	commit_user_login	commit_created_at	commit_status_total	commit_status_additions	commit_status_deletions	create_before_pr	is_review_commit
42727	atscott	2021-06-30 22:37:48	atscott	2021-06-30 22:30:48	28	0	28	True	True
42725	dario-piotrowicz	2021-06-30 21:31:36	dario-piotrowicz	2021-06-30 21:17:33	2	1	1	True	True
42721	josephperrott	2021-06-30 20:08:51	josephperrott	2021-06-30 20:08:45	16	15	1	True	True
42704	dario-piotrowicz	2021-06-29 21:20:10	dario-piotrowicz	2021-06-29 21:15:51	37	35	2	True	True
42703	petebacondarwin	2021-06-29 16:31:26	petebacondarwin	2021-06-29 16:30:12	14	12	2	True	True
42702	helloankit	2021-06-29 15:29:05	helloankit	2021-06-29 15:18:21	5	4	1	True	True
42702	helloankit	2021-06-29 15:29:05	petebacondarwin	2021-07-21 13:10:15	4	2	2	False	True
42702	helloankit	2021-06-29 15:29:05	petebacondarwin	2021-07-21 13:10:15	4	1	3	False	True
42701	ande1005	2021-06-29 15:06:48	ande1005	2021-07-01 13:11:56	5	3	2	False	True
42699	destus90	2021-06-29 10:58:52	destus90	2021-06-29 10:55:06	4	2	2	True	True
42697	alan-agius4	2021-06-29 08:34:36	alan-agius4	2021-06-29 08:33:40	14	12	2	True	True
42696	kroeder	2021-06-29 08:22:30	kroeder	2021-06-29 07:59:23	4	0	4	True	True
42693	JoostK	2021-06-28 21:08:47	JoostK	2021-06-28 21:07:41	274	225	49	True	True
42692	JoostK	2021-06-28 19:36:06	JoostK	2021-06-28 19:35:03	78	75	3	True	True
42688	devversion	2021-06-28 17:57:40	devversion	2021-06-28 17:50:44	128	64	64	True	True
42688	devversion	2021-06-28 17:57:40	devversion	2021-06-28 17:40:33	449	440	9	True	True
42688	devversion	2021-06-28 17:57:40	devversion	2021-06-28 17:54:20	5014	3442	1572	True	True
42680	crisbeto	2021-06-28 05:29:12	crisbeto	2021-06-28 05:26:48	22	11	11	True	True
42680	crisbeto	2021-06-28 05:29:12	crisbeto	2021-06-28 05:27:22	66	33	33	True	True
42676	dario-piotrowicz	2021-06-27 16:51:00	dario-piotrowicz	2021-06-27 16:48:13	2	1	1	True	True
42675	dario-piotrowicz	2021-06-27 16:06:25	dario-piotrowicz	2021-06-27 15:34:32	2	2	0	True	True
42672	crisbeto	2021-06-27 10:25:34	crisbeto	2021-06-27 10:24:51	156	152	4	True	True
42671	LayZeeDK	2021-06-26 20:35:17	LayZeeDK	2021-06-26 20:34:23	3	0	3	True	True
42669	crisbeto	2021-06-26 09:29:28	crisbeto	2021-06-30 16:59:01	21	14	7	False	True
42669	crisbeto	2021-06-26 09:29:28	crisbeto	2021-06-26 09:28:12	42	36	6	True	True
42666	devversion	2021-06-25 23:18:07	devversion	2021-06-25 22:48:24	79	70	9	True	True
42666	devversion	2021-06-25 23:18:07	devversion	2021-06-29 13:22:04	7	3	4	False	True
42666	devversion	2021-06-25 23:18:07	devversion	2021-06-25 22:45:48	263	125	138	True	True
42663	markgoho	2021-06-25 18:21:39	markgoho	2021-07-01 21:05:48	20	13	7	False	True
42660	gkalpak	2021-06-25 10:40:43	gkalpak	2021-06-29 15:59:35	17	12	5	False	True
42660	gkalpak	2021-06-25 10:40:43	gkalpak	2021-06-29 16:08:59	3	3	0	False	True
42660	gkalpak	2021-06-25 10:40:43	gkalpak	2021-06-29 15:59:35	29	21	8	False	True
42658	alxhub	2021-06-24 22:12:26	alxhub	2021-06-24 22:10:39	10	7	3	True	True
42655	whatwouldmarvindo	2021-06-24 21:53:48	whatwouldmarvindo	2021-06-25 12:57:34	2	1	1	False	True
42654	looshch	2021-06-24 21:43:10	looshch	2021-06-24 21:22:17	5	0	5	True	True
42648	gkalpak	2021-06-24 13:25:36	gkalpak	2021-06-24 17:57:23	9	5	4	False	True
42647	devversion	2021-06-24 12:58:46	devversion	2021-06-24 10:01:29	4	4	0	True	True
42647	devversion	2021-06-24 12:58:46	josephperrott	2021-06-24 04:32:44	2	1	1	True	True
42646	devversion	2021-06-24 12:57:28	josephperrott	2021-06-24 04:32:44	2	1	1	True	True
42646	devversion	2021-06-24 12:57:28	devversion	2021-06-24 10:01:29	4	4	0	True	True
42646	devversion	2021-06-24 12:57:28	devversion	2021-06-24 14:12:12	3	3	0	False	True
42645	devversion	2021-06-24 12:55:05	josephperrott	2021-06-24 04:32:44	2	1	1	True	True
42645	devversion	2021-06-24 12:55:05	devversion	2021-06-24 10:01:29	4	4	0	True	True
42644	devversion	2021-06-24 12:51:57	devversion	2021-06-24 15:57:54	2	1	1	False	True
42644	devversion	2021-06-24 12:51:57	devversion	2021-06-24 12:47:11	221	148	73	True	True
42643	cexbrayat	2021-06-24 12:35:21	cexbrayat	2021-06-24 12:27:31	12	11	1	True	True
42642	alan-agius4	2021-06-24 10:58:44	alan-agius4	2021-06-24 10:59:11	2	1	1	False	True
42640	ivanwonder	2021-06-24 10:14:56	ivanwonder	2021-06-24 02:28:42	51	47	4	True	True
42640	ivanwonder	2021-06-24 10:14:56	ivanwonder	2021-06-29 01:24:13	8	4	4	False	True
42638	gilsdav	2021-06-24 08:51:09	AndrewKushnir	2021-07-07 20:58:09	4	2	2	False	True
42638	gilsdav	2021-06-24 08:51:09	gilsdav	2021-06-24 08:36:55	4	4	0	True	True
42636	josephperrott	2021-06-24 04:46:33	devversion	2021-06-24 10:01:29	4	4	0	False	True
42636	josephperrott	2021-06-24 04:46:33	josephperrott	2021-06-24 04:32:44	2	1	1	True	True
42635	AleksanderBodurri	2021-06-24 03:56:36	AleksanderBodurri	2021-07-17 00:35:09	103	28	75	False	True
42635	AleksanderBodurri	2021-06-24 03:56:36	AleksanderBodurri	2021-06-30 02:41:15	3	2	1	False	True
42635	AleksanderBodurri	2021-06-24 03:56:36	AleksanderBodurri	2021-06-25 02:50:32	21	19	2	False	True
42635	AleksanderBodurri	2021-06-24 03:56:36	AleksanderBodurri	2021-06-25 02:23:03	204	165	39	False	True
42634	Da13Harris	2021-06-23 22:33:33	Da13Harris	2021-06-24 17:53:26	2	1	1	False	True
42633	alxhub	2021-06-23 19:40:03	alxhub	2021-06-23 18:34:40	178	128	50	True	True
42631	gkalpak	2021-06-23 12:51:23	gkalpak	2021-06-24 17:56:41	2	1	1	False	True
42629		2021-06-23 06:28:14							False
42627	helloankit	2021-06-23 04:04:43	helloankit	2021-06-23 03:51:58	13	8	5	True	True
42625	aikithoughts	2021-06-22 23:13:13	aikithoughts	2021-06-22 23:08:54	11	0	11	True	True
42624	alxhub	2021-06-22 22:01:22	alxhub	2021-06-21 23:27:33	521	391	130	True	True
42623	LayZeeDK	2021-06-22 21:34:01	LayZeeDK	2021-06-22 21:31:36	2	1	1	True	True
42622	gkalpak	2021-06-22 16:45:04	gkalpak	2021-06-23 12:27:51	8	4	4	False	True
42622	gkalpak	2021-06-22 16:45:04	gkalpak	2021-06-23 12:27:51	196	125	71	False	True
42622	gkalpak	2021-06-22 16:45:04	gkalpak	2021-06-23 12:27:51	21	13	8	False	True
42622	gkalpak	2021-06-22 16:45:04	gkalpak	2021-06-23 12:27:50	11	7	4	False	True
42622	gkalpak	2021-06-22 16:45:04	gkalpak	2021-06-23 12:27:51	242	146	96	False	True
42622	gkalpak	2021-06-22 16:45:04	gkalpak	2021-06-23 12:27:50	2	1	1	False	True
42622	gkalpak	2021-06-22 16:45:04	gkalpak	2021-06-23 12:27:50	3	3	0	False	True
42622	gkalpak	2021-06-22 16:45:04	gkalpak	2021-06-23 12:27:50	44	23	21	False	True
42622	gkalpak	2021-06-22 16:45:04	gkalpak	2021-06-23 12:27:51	16	9	7	False	True
42622	gkalpak	2021-06-22 16:45:04	gkalpak	2021-06-23 12:27:50	95	47	48	False	True
42620	gkalpak	2021-06-22 12:12:57	gkalpak	2021-06-22 18:48:15	6	3	3	False	True
42620	gkalpak	2021-06-22 12:12:57	gkalpak	2021-06-22 18:48:13	43	27	16	False	True
42620	gkalpak	2021-06-22 12:12:57	gkalpak	2021-06-22 18:48:15	4	0	4	False	True
42620	gkalpak	2021-06-22 12:12:57	gkalpak	2021-06-22 18:43:46	258	1	257	False	True
42620	gkalpak	2021-06-22 12:12:57	gkalpak	2021-06-22 18:46:19	121	63	58	False	True
42616	mgechev	2021-06-21 22:55:59	mgechev	2021-06-21 22:52:05	21	18	3	True	True
42615	mgechev	2021-06-21 21:01:48	mgechev	2021-06-21 20:59:01	6	6	0	True	True
42614	josephperrott	2021-06-21 17:18:15	josephperrott	2021-06-21 17:06:24	54	47	7	True	True
42614	josephperrott	2021-06-21 17:18:15	josephperrott	2021-06-22 14:28:35	11	4	7	False	True
42613	josephperrott	2021-06-21 16:08:47	josephperrott	2021-06-21 16:02:20	14	14	0	True	True
42613	josephperrott	2021-06-21 16:08:47	josephperrott	2021-06-21 16:25:04	2	1	1	False	True
42608	dario-piotrowicz	2021-06-20 16:16:44	dario-piotrowicz	2021-06-20 11:03:48	881	844	37	True	True
42608	dario-piotrowicz	2021-06-20 16:16:44	dario-piotrowicz	2022-09-25 22:17:41	28	26	2	False	True
42607	gkalpak	2021-06-19 14:52:42	gkalpak	2021-06-22 13:09:39	25	13	12	False	True
42607	gkalpak	2021-06-19 14:52:42	gkalpak	2021-06-22 13:14:26	4	3	1	False	True
42606	gkalpak	2021-06-19 14:51:08	gkalpak	2021-07-08 13:22:48	2	1	1	False	True
42606	gkalpak	2021-06-19 14:51:08	gkalpak	2021-07-08 13:22:49	2	0	2	False	True
42605	petebacondarwin	2021-06-19 10:36:18	petebacondarwin	2021-06-21 20:20:44	59	57	2	False	True
42605	petebacondarwin	2021-06-19 10:36:18	petebacondarwin	2021-06-19 10:25:53	16	16	0	True	True
42603	crisbeto	2021-06-19 08:59:54	crisbeto	2021-06-20 11:44:30	19	9	10	False	True
42603	crisbeto	2021-06-19 08:59:54	crisbeto	2021-06-19 08:59:00	145	144	1	True	True
42601	danieltre23	2021-06-18 21:00:35	danieltre23	2021-06-22 15:48:27	245	217	28	False	True
42600	devversion	2021-06-18 13:30:50	devversion	2021-06-18 13:29:03	45	22	23	True	True
42600	devversion	2021-06-18 13:30:50	devversion	2021-06-18 13:26:05	273	87	186	True	True
42598		2021-06-18 07:03:06							False
42597	tamas-nemeth	2021-06-17 22:53:53	tamas-nemeth	2021-06-17 22:49:57	16	10	6	True	True
42593	petebacondarwin	2021-06-17 12:19:45	petebacondarwin	2021-06-17 12:10:34	32	16	16	True	True
42588		2021-06-17 07:57:58							False
42587	alxhub	2021-06-16 23:44:32	alxhub	2021-06-16 23:44:25	29	28	1	True	True
42586	alxhub	2021-06-16 22:59:35	alxhub	2021-06-16 22:59:26	27	27	0	True	True
42585	alxhub	2021-06-16 22:41:49	alxhub	2021-06-16 22:41:43	29	28	1	True	True
42584	gkalpak	2021-06-16 19:10:05	gkalpak	2021-06-18 08:29:59	6	3	3	False	True
42584	gkalpak	2021-06-16 19:10:05	gkalpak	2021-06-18 08:29:59	57	16	41	False	True
42584	gkalpak	2021-06-16 19:10:05	gkalpak	2021-06-18 08:29:59	8	2	6	False	True
42584	gkalpak	2021-06-16 19:10:05	gkalpak	2021-06-18 08:29:59	14	2	12	False	True
42584	gkalpak	2021-06-16 19:10:05	gkalpak	2021-06-18 08:29:58	14	10	4	False	True
42583	alxhub	2021-06-16 16:27:10	alxhub	2021-06-16 16:23:47	6074	1113	4961	True	True
42583	alxhub	2021-06-16 16:27:10	alxhub	2021-06-16 16:24:53	64	0	64	True	True
42583	alxhub	2021-06-16 16:27:10	alxhub	2021-06-16 16:24:52	7126	894	6232	True	True
42583	alxhub	2021-06-16 16:27:10	alxhub	2021-06-16 16:24:56	2572	1294	1278	True	True
42583	alxhub	2021-06-16 16:27:10	alxhub	2021-06-16 16:24:54	23	6	17	True	True
42583	alxhub	2021-06-16 16:27:10	alxhub	2021-06-16 16:24:55	7058	5631	1427	True	True
42582	petebacondarwin	2021-06-16 11:41:23	petebacondarwin	2021-06-16 11:29:57	31	16	15	True	True
42582	petebacondarwin	2021-06-16 11:41:23	petebacondarwin	2021-06-16 11:25:13	8	4	4	True	True
42582	petebacondarwin	2021-06-16 11:41:23	petebacondarwin	2021-06-16 11:18:37	46	41	5	True	True
42581	damingerdai	2021-06-16 08:48:50	damingerdai	2021-06-23 03:39:35	2	1	1	False	True
42581	damingerdai	2021-06-16 08:48:50	damingerdai	2021-06-16 08:28:56	7	1	6	True	True
42581	damingerdai	2021-06-16 08:48:50	damingerdai	2021-06-21 01:48:21	12	0	12	False	True
42579	atscott	2021-06-15 20:19:35	atscott	2021-06-15 20:18:09	64	64	0	True	True
42573	danieltre23	2021-06-14 21:59:16	danieltre23	2021-06-14 21:53:25	6	6	0	True	True
42572	dario-piotrowicz	2021-06-14 17:26:00	dario-piotrowicz	2021-06-14 16:57:48	4	4	0	True	True
42571	helloankit	2021-06-14 13:36:20	helloankit	2021-06-14 13:36:02	2	1	1	True	True
42568		2021-06-14 07:41:26							False
42567	crisbeto	2021-06-13 08:59:50	crisbeto	2021-06-13 09:05:00	115	32	83	False	True
42566	crisbeto	2021-06-13 08:09:23	crisbeto	2021-06-15 18:24:33	73	63	10	False	True
42566	crisbeto	2021-06-13 08:09:23	crisbeto	2021-06-13 08:32:57	489	451	38	False	True
42566	crisbeto	2021-06-13 08:09:23	crisbeto	2021-06-17 17:05:41	20	10	10	False	True
42565	iRealNirmal	2021-06-13 06:13:25	iRealNirmal	2021-06-11 14:02:47	255	231	24	True	True
42562	JoostK	2021-06-12 14:47:05	JoostK	2021-07-20 20:09:12	35	13	22	False	True
42562	JoostK	2021-06-12 14:47:05	JoostK	2021-06-12 14:46:24	55	39	16	True	True
42561	dario-piotrowicz	2021-06-12 14:43:26	dario-piotrowicz	2021-06-11 20:37:42	1	1	0	True	True
42561	dario-piotrowicz	2021-06-12 14:43:26	dario-piotrowicz	2021-06-11 21:23:24	5	3	2	True	True
42561	dario-piotrowicz	2021-06-12 14:43:26	dario-piotrowicz	2021-06-12 09:28:06	2	1	1	True	True
42560	crisbeto	2021-06-12 06:18:38	crisbeto	2021-06-12 06:36:00	55	51	4	False	True
42559	atscott	2021-06-11 20:07:59	atscott	2021-06-11 20:05:42	70	66	4	True	True
42557	jakovljevic-mladen	2021-06-11 07:47:38	jakovljevic-mladen	2021-06-10 09:50:37	1313	670	643	True	True
42554	atscott	2021-06-10 23:25:56	atscott	2021-06-10 22:59:44	50	47	3	True	True
42554	atscott	2021-06-10 23:25:56	atscott	2021-06-10 22:57:43	22	20	2	True	True
42553	dylhunn	2021-06-10 21:48:05	dylhunn	2021-06-10 21:41:29	54	51	3	True	True
42547	gkalpak	2021-06-10 12:27:06	gkalpak	2021-06-10 12:06:51	61	55	6	True	True
42545	petebacondarwin	2021-06-10 09:43:37	petebacondarwin	2021-06-10 09:42:44	2	1	1	True	True
42544		2021-06-10 08:25:06							False
42541	gobika21	2021-06-10 06:09:28	gobika21	2021-06-10 06:05:44	2	1	1	True	True
42537	JoostK	2021-06-09 19:26:43	JoostK	2021-06-09 19:25:43	36	29	7	True	True
42534	jessicajaniuk	2021-06-09 18:13:12	jessicajaniuk	2021-06-09 18:13:06	40	39	1	True	True
42533	dario-piotrowicz	2021-06-09 18:10:09	dario-piotrowicz	2021-06-09 17:32:41	24	11	13	True	True
42532	jessicajaniuk	2021-06-09 18:08:19	jessicajaniuk	2021-06-09 18:08:14	27	27	0	True	True
42531	jessicajaniuk	2021-06-09 18:00:03	jessicajaniuk	2021-06-09 17:59:57	29	28	1	True	True
42529	IgorMinar	2021-06-09 16:44:37	IgorMinar	2021-06-09 16:42:23	30	15	15	True	True
42528	phhien203	2021-06-09 16:37:43	phhien203	2021-06-09 16:19:21	4	2	2	True	True
42525	gkalpak	2021-06-09 11:15:46	gkalpak	2021-06-09 11:15:24	2	1	1	True	True
42523	petebacondarwin	2021-06-09 06:11:04	petebacondarwin	2021-06-09 06:09:28	8	6	2	True	True
42521	jessicajaniuk	2021-06-08 16:45:12	jessicajaniuk	2021-06-08 16:39:17	7152	897	6255	True	True
42521	jessicajaniuk	2021-06-08 16:45:12	jessicajaniuk	2021-06-08 16:39:51	64	0	64	True	True
42521	jessicajaniuk	2021-06-08 16:45:12	jessicajaniuk	2021-06-08 16:40:57	2540	1294	1246	True	True
42521	jessicajaniuk	2021-06-08 16:45:12	jessicajaniuk	2021-06-08 16:40:34	7058	5631	1427	True	True
42521	jessicajaniuk	2021-06-08 16:45:12	jessicajaniuk	2021-06-08 16:40:09	23	6	17	True	True
42520	codingnuclei	2021-06-08 16:31:27	codingnuclei	2021-06-18 11:37:40	20	6	14	False	True
42520	codingnuclei	2021-06-08 16:31:27	codingnuclei	2021-06-15 21:07:44	12	8	4	False	True
42520	codingnuclei	2021-06-08 16:31:27	codingnuclei	2021-06-17 15:00:02	119	95	24	False	True
42520	codingnuclei	2021-06-08 16:31:27	codingnuclei	2021-06-18 11:38:30	9	5	4	False	True
42520	codingnuclei	2021-06-08 16:31:27	codingnuclei	2021-06-23 07:02:22	6	3	3	False	True
42520	codingnuclei	2021-06-08 16:31:27	codingnuclei	2021-06-17 15:00:42	9	3	6	False	True
42520	codingnuclei	2021-06-08 16:31:27	codingnuclei	2021-06-15 20:18:16	247	154	93	False	True
42520	codingnuclei	2021-06-08 16:31:27	codingnuclei	2021-06-08 15:59:33	618	504	114	True	True
42517	anupwritescode	2021-06-08 13:11:22	anupwritescode	2021-06-08 06:40:38	3	1	2	True	True
42516	iRealNirmal	2021-06-08 12:38:01	iRealNirmal	2021-06-08 12:30:29	2	1	1	True	True
42515	MarsiBarsi	2021-06-08 08:24:41	MarsiBarsi	2021-06-08 08:46:27	8	8	0	False	True
42514		2021-06-08 07:20:02							False
42512	devversion	2021-06-07 20:29:31	devversion	2021-06-07 15:10:51	376	191	185	True	True
42512	devversion	2021-06-07 20:29:31	devversion	2021-06-07 19:05:34	16	8	8	True	True
42512	devversion	2021-06-07 20:29:31	devversion	2021-07-06 17:41:48	210	206	4	False	True
42512	devversion	2021-06-07 20:29:31	devversion	2021-06-07 19:05:21	71	41	30	True	True
42512	devversion	2021-06-07 20:29:31	devversion	2021-06-07 19:06:06	12	6	6	True	True
42512	devversion	2021-06-07 20:29:31	devversion	2021-06-07 19:05:50	24	12	12	True	True
42512	devversion	2021-06-07 20:29:31	devversion	2021-06-07 19:05:03	15	7	8	True	True
42512	devversion	2021-06-07 20:29:31	devversion	2021-06-07 19:04:39	4	2	2	True	True
42512	devversion	2021-06-07 20:29:31	devversion	2021-06-07 19:04:52	52	26	26	True	True
42512	devversion	2021-06-07 20:29:31	devversion	2021-06-07 19:03:56	2	1	1	True	True
42512	devversion	2021-06-07 20:29:31	devversion	2021-06-07 19:02:34	6	3	3	True	True
42512	devversion	2021-06-07 20:29:31	devversion	2021-06-07 19:04:08	142	73	69	True	True
42512	devversion	2021-06-07 20:29:31	devversion	2021-06-07 19:04:22	14	7	7	True	True
42512	devversion	2021-06-07 20:29:31	devversion	2021-06-07 15:09:00	22	20	2	True	True
42512	devversion	2021-06-07 20:29:31	devversion	2021-06-07 19:03:42	22	11	11	True	True
42512	devversion	2021-06-07 20:29:31	devversion	2021-06-07 15:25:45	227	117	110	True	True
42512	devversion	2021-06-07 20:29:31	devversion	2021-06-07 19:00:18	38	19	19	True	True
42512	devversion	2021-06-07 20:29:31	devversion	2021-06-07 19:02:10	45	23	22	True	True
42512	devversion	2021-06-07 20:29:31	devversion	2021-06-07 19:01:40	250	126	124	True	True
42512	devversion	2021-06-07 20:29:31	devversion	2021-06-07 19:03:01	26	13	13	True	True
42512	devversion	2021-06-07 20:29:31	devversion	2021-06-07 19:00:45	26	13	13	True	True
42509	petebacondarwin	2021-06-07 17:21:37	petebacondarwin	2021-06-07 17:20:32	70	68	2	True	True
42509	petebacondarwin	2021-06-07 17:21:37	petebacondarwin	2021-06-07 19:01:21	9	4	5	False	True
42507	gkalpak	2021-06-07 15:02:47	gkalpak	2021-06-07 17:44:08	22	11	11	False	True
42506	devversion	2021-06-07 14:18:37	josephperrott	2021-06-07 16:40:30	4	2	2	False	True
42506	devversion	2021-06-07 14:18:37	devversion	2021-06-07 14:17:03	16	0	16	True	True
42501	anupwritescode	2021-06-07 10:08:55	anupwritescode	2021-06-07 16:29:13	1	0	1	False	True
42501	anupwritescode	2021-06-07 10:08:55	anupwritescode	2021-06-07 10:03:33	4	2	2	True	True
42501	anupwritescode	2021-06-07 10:08:55	anupwritescode	2021-06-07 16:04:52	2	1	1	False	True
42501	anupwritescode	2021-06-07 10:08:55	anupwritescode	2021-06-07 19:00:01	276	229	47	False	True
42499		2021-06-07 07:57:00							False
42496	MrJithil	2021-06-06 18:21:29	MrJithil	2021-06-06 18:19:05	3	3	0	True	True
42494	Gourav102	2021-06-06 16:37:29	Gourav102	2021-06-06 16:37:20	2	1	1	True	True
42493	Gourav102	2021-06-06 15:00:32	Gourav102	2021-06-06 15:00:17	2	1	1	True	True
42492	JoostK	2021-06-05 21:49:52	JoostK	2021-06-19 18:38:36	16	14	2	False	True
42492	JoostK	2021-06-05 21:49:52	JoostK	2021-06-05 21:48:10	62	36	26	True	True
42492	JoostK	2021-06-05 21:49:52	JoostK	2021-06-05 20:22:34	45	39	6	True	True
42492	JoostK	2021-06-05 21:49:52	JoostK	2021-06-05 20:05:03	96	41	55	True	True
42492	JoostK	2021-06-05 21:49:52	JoostK	2021-06-12 15:03:26	5	3	2	False	True
42491	JoostK	2021-06-05 18:52:55	JoostK	2021-06-05 18:52:19	2	2	0	True	True
42488	waterplea	2021-06-05 11:06:53	waterplea	2021-06-05 11:05:24	2	1	1	True	True
42487	sumedh1107	2021-06-05 08:37:04	sumedh1107	2021-06-05 08:36:32	3	2	1	True	True
42485	alxhub	2021-06-04 22:56:10	alxhub	2021-06-07 18:58:30	137	76	61	False	True
42485	alxhub	2021-06-04 22:56:10	alxhub	2021-06-04 22:52:16	508	497	11	True	True
42484	josephperrott	2021-06-04 19:01:11	josephperrott	2021-06-04 19:20:39	6	3	3	False	True
42484	josephperrott	2021-06-04 19:01:11	josephperrott	2021-06-04 18:59:12	27	24	3	True	True
42481	swseverance	2021-06-04 17:34:17	swseverance	2021-06-04 17:25:24	25	19	6	True	True
42479	waterplea	2021-06-04 15:49:41	waterplea	2021-06-04 15:48:03	2	1	1	True	True
42478	devversion	2021-06-04 14:59:51	devversion	2021-06-04 14:57:07	70	36	34	True	True
42477	bethge	2021-06-04 14:36:33	AndrewKushnir	2021-06-16 19:15:45	2	1	1	False	True
42477	bethge	2021-06-04 14:36:33	bethge	2021-06-04 14:10:18	8	4	4	True	True
42475		2021-06-04 05:28:44							False
42474	jessicajaniuk	2021-06-04 00:22:22	jessicajaniuk	2021-06-04 00:19:26	272	13	259	True	True
42473	josephperrott	2021-06-03 22:27:11	josephperrott	2021-06-03 22:18:19	6	5	1	True	True
42472	atscott	2021-06-03 22:23:44	atscott	2021-06-03 22:15:16	26	20	6	True	True
42471	gkalpak	2021-06-03 19:13:52	gkalpak	2021-06-03 18:55:44	64	27	37	True	True
42471	gkalpak	2021-06-03 19:13:52	gkalpak	2021-06-03 13:43:03	6	3	3	True	True
42470	devversion	2021-06-03 18:46:51	devversion	2021-06-03 18:36:38	2	1	1	True	True
42469	mgechev	2021-06-03 16:19:28	mgechev	2021-06-03 16:17:40	2	1	1	True	True
42468	devversion	2021-06-03 14:11:03	devversion	2021-06-03 13:59:20	1620	770	850	True	True
42468	devversion	2021-06-03 14:11:03	devversion	2021-06-03 14:53:55	9	4	5	False	True
42467	gkalpak	2021-06-03 11:52:22	cindygk	2021-06-02 13:11:06	18	1	17	True	True
42463	aikithoughts	2021-06-03 05:30:42	aikithoughts	2021-06-03 05:27:49	2	1	1	True	True
42462	renovate[bot]	2021-06-03 05:29:13	gkalpak	2021-06-03 13:43:03	6	3	3	False	True
42461		2021-06-03 05:24:40							False
42459	cindygk	2021-06-02 20:37:56	cindygk	2021-06-02 20:37:50	2	1	1	True	True
42458	devversion	2021-06-02 19:55:33	devversion	2021-06-02 19:53:53	2	1	1	True	True
42457	devversion	2021-06-02 19:49:45	devversion	2021-06-02 19:39:22	6	3	3	True	True
42456	devversion	2021-06-02 19:42:13	devversion	2021-06-02 19:39:22	4	2	2	True	True
42455	alwye	2021-06-02 18:06:47	alwye	2021-06-02 18:04:57	2	1	1	True	True
42454	devversion	2021-06-02 17:14:13	devversion	2021-06-02 16:47:01	14	9	5	True	True
42454	devversion	2021-06-02 17:14:13	devversion	2021-06-02 17:06:26	44	37	7	True	True
42453	JoostK	2021-06-02 15:28:34	JoostK	2021-06-02 15:27:03	58	58	0	True	True
42452	gkalpak	2021-06-02 14:40:32	gkalpak	2021-06-17 21:13:46	47	47	0	False	True
42452	gkalpak	2021-06-02 14:40:32	gkalpak	2021-06-17 20:58:15	48	44	4	False	True
42452	gkalpak	2021-06-02 14:40:32	gkalpak	2021-06-17 20:58:15	2	2	0	False	True
42452	gkalpak	2021-06-02 14:40:32	gkalpak	2021-06-17 20:59:43	22	0	22	False	True
42452	gkalpak	2021-06-02 14:40:32	gkalpak	2021-06-17 20:58:14	33	30	3	False	True
42452	gkalpak	2021-06-02 14:40:32	gkalpak	2021-06-17 21:10:39	58	38	20	False	True
42452	gkalpak	2021-06-02 14:40:32	gkalpak	2021-06-17 21:13:10	336	182	154	False	True
42452	gkalpak	2021-06-02 14:40:32	gkalpak	2021-06-17 21:01:34	73	28	45	False	True
42452	gkalpak	2021-06-02 14:40:32	gkalpak	2021-06-17 20:58:15	10	5	5	False	True
42452	gkalpak	2021-06-02 14:40:32	gkalpak	2021-06-17 21:03:50	38	21	17	False	True
42450	cindygk	2021-06-02 13:12:09	cindygk	2021-06-02 13:11:06	16	0	16	True	True
42442	crisbeto	2021-06-02 04:49:22	crisbeto	2021-06-02 16:37:13	372	194	178	False	True
42442	crisbeto	2021-06-02 04:49:22	crisbeto	2021-06-02 16:37:24	12	5	7	False	True
42442	crisbeto	2021-06-02 04:49:22	crisbeto	2021-06-02 18:02:48	2	1	1	False	True
42441	swseverance	2021-06-02 00:50:24	swseverance	2021-06-02 00:28:57	8	2	6	True	True
42441	swseverance	2021-06-02 00:50:24	swseverance	2021-06-02 00:26:25	2	1	1	True	True
42437	davidjpfeiffer	2021-06-01 21:21:25	davidjpfeiffer	2021-06-01 21:18:25	2	1	1	True	True
42436	devversion	2021-06-01 19:05:46	devversion	2021-06-02 16:33:10	22	20	2	False	True
42436	devversion	2021-06-01 19:05:46	devversion	2021-06-01 19:00:22	221	182	39	True	True
42435	gkalpak	2021-06-01 17:45:20	gkalpak	2021-06-01 15:29:32	8	8	0	True	True
42434	dimakuba	2021-06-01 09:17:40	dimakuba	2021-06-02 11:28:27	24	21	3	False	True
