pr_number	author_user_login	pr_created_at	commit_user_login	commit_created_at	commit_status_total	commit_status_additions	commit_status_deletions	create_before_pr	is_review_commit
34162	JiaLiPassion	2019-11-30 14:21:39	JiaLiPassion	2019-12-01 03:27:33	32	26	6	False	True
34157	JoostK	2019-11-29 21:06:53	JoostK	2019-12-09 19:58:50	2645	1	2644	False	True
34157	JoostK	2019-11-29 21:06:53	JoostK	2019-11-29 21:05:03	223	164	59	True	True
34157	JoostK	2019-11-29 21:06:53	JoostK	2019-12-05 20:28:12	11	10	1	False	True
34157	JoostK	2019-11-29 21:06:53	josephperrott	2019-07-03 13:24:56	0	0	0	True	True
34157	JoostK	2019-11-29 21:06:53	josephperrott	2019-12-02 17:28:53	10	9	1	False	True
34157	JoostK	2019-11-29 21:06:53	JoostK	2019-11-29 21:11:01	11	0	11	False	True
34156	pkozlowski-opensource	2019-11-29 21:03:26	pkozlowski-opensource	2019-11-29 20:59:57	92	74	18	True	True
34156	pkozlowski-opensource	2019-11-29 21:03:26	pkozlowski-opensource	2019-12-02 13:14:09	61	58	3	False	True
34156	pkozlowski-opensource	2019-11-29 21:03:26	pkozlowski-opensource	2019-11-29 21:29:00	23	20	3	False	True
34155	petebacondarwin	2019-11-29 17:52:58	petebacondarwin	2019-11-29 17:52:06	36	35	1	True	True
34154	petebacondarwin	2019-11-29 15:52:37	petebacondarwin	2019-12-03 08:36:56	22	5	17	False	True
34154	petebacondarwin	2019-11-29 15:52:37	petebacondarwin	2019-12-03 08:36:56	10	9	1	False	True
34154	petebacondarwin	2019-11-29 15:52:37	petebacondarwin	2019-12-03 08:36:56	90	51	39	False	True
34144	IgorMinar	2019-11-29 09:08:16	IgorMinar	2019-11-29 09:56:50	3	2	1	False	True
34144	IgorMinar	2019-11-29 09:08:16	IgorMinar	2019-11-29 09:07:44	3	0	3	True	True
34144	IgorMinar	2019-11-29 09:08:16	IgorMinar	2019-11-29 09:54:33	93	14	79	False	True
34143	IgorMinar	2019-11-29 08:26:37	IgorMinar	2019-11-29 08:25:22	8	4	4	True	True
34143	IgorMinar	2019-11-29 08:26:37	IgorMinar	2019-12-01 07:28:55	4	2	2	False	True
34142	IgorMinar	2019-11-29 07:12:28	IgorMinar	2019-11-29 07:11:43	6	0	6	True	True
34137	Zuckjet	2019-11-28 17:38:24	Zuckjet	2019-11-28 17:29:16	2	1	1	True	True
34135	petebacondarwin	2019-11-28 16:35:20	petebacondarwin	2019-12-03 08:36:38	8	2	6	False	True
34135	petebacondarwin	2019-11-28 16:35:20	petebacondarwin	2019-12-03 08:36:38	42	0	42	False	True
34135	petebacondarwin	2019-11-28 16:35:20	petebacondarwin	2019-12-03 08:36:38	2	1	1	False	True
34135	petebacondarwin	2019-11-28 16:35:20	petebacondarwin	2019-12-03 08:36:38	45	3	42	False	True
34135	petebacondarwin	2019-11-28 16:35:20	petebacondarwin	2019-12-03 08:36:38	90	86	4	False	True
34135	petebacondarwin	2019-11-28 16:35:20	petebacondarwin	2019-12-03 08:36:38	224	100	124	False	True
34135	petebacondarwin	2019-11-28 16:35:20	petebacondarwin	2019-12-03 08:36:38	209	178	31	False	True
34135	petebacondarwin	2019-11-28 16:35:20	petebacondarwin	2019-12-03 08:36:38	27	19	8	False	True
34132	gkalpak	2019-11-28 11:40:12	gkalpak	2019-11-28 11:39:48	2	1	1	True	True
34129	santoshyadavdev	2019-11-28 10:03:05	santoshyadavdev	2019-12-02 17:39:42	44	44	0	False	True
34125	devversion	2019-11-28 09:43:09	devversion	2019-11-28 09:39:51	4	2	2	True	True
34125	devversion	2019-11-28 09:43:09	devversion	2019-11-28 09:40:49	2	1	1	True	True
34122	santoshyadavdev	2019-11-28 07:07:59	santoshyadavdev	2019-11-28 19:02:23	2	1	1	False	True
34116	kara	2019-11-28 00:40:38	kara	2019-11-28 00:25:47	38	19	19	True	True
34116	kara	2019-11-28 00:40:38	kara	2019-12-02 20:06:58	9	5	4	False	True
34115	kyliau	2019-11-28 00:36:35	kyliau	2019-11-28 00:31:00	69	25	44	True	True
34114	kyliau	2019-11-28 00:05:12	kyliau	2019-11-28 00:03:20	15	4	11	True	True
34113	kyliau	2019-11-27 23:51:15	kyliau	2019-11-27 23:46:58	121	53	68	True	True
34112	gregmagolan	2019-11-27 22:46:46	gregmagolan	2019-11-27 22:45:45	185	110	75	True	True
34112	gregmagolan	2019-11-27 22:46:46	gregmagolan	2019-12-05 06:19:02	74	37	37	False	True
34112	gregmagolan	2019-11-27 22:46:46	gregmagolan	2019-11-29 17:50:30	53	6	47	False	True
34112	gregmagolan	2019-11-27 22:46:46	gregmagolan	2019-11-27 22:12:10	448	276	172	True	True
34112	gregmagolan	2019-11-27 22:46:46	gregmagolan	2019-11-27 22:13:16	14	7	7	True	True
34109	josephperrott	2019-11-27 21:20:02	josephperrott	2019-11-27 21:14:11	9	8	1	True	True
34109	josephperrott	2019-11-27 21:20:02	josephperrott	2019-11-27 21:12:31	3	2	1	True	True
34103	IgorMinar	2019-11-27 20:25:42	IgorMinar	2019-11-27 20:25:18	46	0	46	True	True
34099	kapunahelewong	2019-11-27 18:45:05	kapunahelewong	2019-11-27 18:42:06	30	0	30	True	True
34090	mhevery	2019-11-27 17:55:54	mhevery	2019-11-27 17:55:39	8	4	4	True	True
34089	ayazhafiz	2019-11-27 17:49:48	ayazhafiz	2019-11-27 17:29:37	64	57	7	True	True
34089	ayazhafiz	2019-11-27 17:49:48	ayazhafiz	2019-11-27 21:32:11	3	2	1	False	True
34088	ajitsinghkaler	2019-11-27 16:26:33	ajitsinghkaler	2019-11-27 16:22:50	12	6	6	True	True
34085	petebacondarwin	2019-11-27 14:23:58	petebacondarwin	2019-11-27 14:17:57	165	155	10	True	True
34082	gkalpak	2019-11-27 11:39:19	gkalpak	2019-11-27 11:38:58	2	1	1	True	True
34079	tresor616	2019-11-27 09:15:08	tresor616	2019-11-27 09:09:18	8	4	4	True	True
34077	mhevery	2019-11-27 07:16:46	mhevery	2019-12-13 05:57:40	312	300	12	False	True
34077	mhevery	2019-11-27 07:16:46	mhevery	2019-12-13 21:13:53	312	2	310	False	True
34077	mhevery	2019-11-27 07:16:46	mhevery	2019-12-14 18:34:07	281	221	60	False	True
34077	mhevery	2019-11-27 07:16:46	mhevery	2019-12-12 21:03:20	1299	1292	7	False	True
34077	mhevery	2019-11-27 07:16:46	mhevery	2019-12-14 00:13:19	398	244	154	False	True
34077	mhevery	2019-11-27 07:16:46	mhevery	2019-12-16 19:26:17	8	4	4	False	True
34077	mhevery	2019-11-27 07:16:46	mhevery	2019-12-16 19:03:39	35	19	16	False	True
34077	mhevery	2019-11-27 07:16:46	mhevery	2019-12-16 19:03:39	27	13	14	False	True
34077	mhevery	2019-11-27 07:16:46	mhevery	2019-12-14 18:34:07	27	17	10	False	True
34076	kara	2019-11-27 05:25:53	kara	2019-11-27 23:52:34	58	36	22	False	True
34076	kara	2019-11-27 05:25:53	kara	2019-12-02 17:52:05	34	32	2	False	True
34074	IgorMinar	2019-11-27 02:02:53	IgorMinar	2019-11-27 02:01:18	6	1	5	True	True
34073	gregmagolan	2019-11-27 01:36:09	gregmagolan	2019-11-27 01:34:12	87	37	50	True	True
34067	josephperrott	2019-11-26 23:46:02	josephperrott	2019-11-27 21:17:05	2	1	1	False	True
34067	josephperrott	2019-11-26 23:46:02	josephperrott	2019-11-27 21:12:31	3	2	1	False	True
34067	josephperrott	2019-11-26 23:46:02	josephperrott	2019-11-27 21:14:11	7	7	0	False	True
34065	petebacondarwin	2019-11-26 23:12:42	petebacondarwin	2019-11-26 14:03:19	61	50	11	True	True
34063	sonukapoor	2019-11-26 19:26:38	gkalpak	2019-11-28 20:02:02	4	2	2	False	True
34063	sonukapoor	2019-11-26 19:26:38	sonukapoor	2019-11-26 19:11:45	109	93	16	True	True
34062	DenysVuika	2019-11-26 19:15:17	DenysVuika	2019-11-26 19:16:12	6	6	0	False	True
34061	crisbeto	2019-11-26 18:36:59	crisbeto	2019-12-09 20:48:52	115	65	50	False	True
34061	crisbeto	2019-11-26 18:36:59	crisbeto	2019-12-15 09:10:58	9	4	5	False	True
34061	crisbeto	2019-11-26 18:36:59	crisbeto	2019-12-13 09:49:39	54	17	37	False	True
34061	crisbeto	2019-11-26 18:36:59	crisbeto	2019-12-12 22:17:08	43	41	2	False	True
34061	crisbeto	2019-11-26 18:36:59	crisbeto	2019-12-17 21:13:43	6	3	3	False	True
34061	crisbeto	2019-11-26 18:36:59	crisbeto	2019-11-26 18:33:26	268	250	18	True	True
34061	crisbeto	2019-11-26 18:36:59	crisbeto	2019-12-06 21:02:30	134	110	24	False	True
34061	crisbeto	2019-11-26 18:36:59	crisbeto	2019-11-26 18:51:42	134	86	48	False	True
34061	crisbeto	2019-11-26 18:36:59	crisbeto	2019-12-09 21:04:59	32	4	28	False	True
34060	cooneyasendia	2019-11-26 18:04:17	cooneyasendia	2019-11-29 16:40:29	2	1	1	False	True
34060	cooneyasendia	2019-11-26 18:04:17	cooneyasendia	2019-11-29 16:42:36	10	10	0	False	True
34060	cooneyasendia	2019-11-26 18:04:17	cooneyasendia	2019-11-29 17:14:52	2	1	1	False	True
34060	cooneyasendia	2019-11-26 18:04:17	cooneyasendia	2019-11-26 18:01:56	2	1	1	True	True
34058	IgorMinar	2019-11-26 17:46:31	IgorMinar	2019-11-29 05:19:37	529	13	516	False	True
34058	IgorMinar	2019-11-26 17:46:31	IgorMinar	2019-11-29 05:36:01	8	0	8	False	True
34058	IgorMinar	2019-11-26 17:46:31	IgorMinar	2019-11-23 00:45:46	604	0	604	True	True
34057	IgorMinar	2019-11-26 17:45:22	IgorMinar	2019-11-23 00:56:09	4	2	2	True	True
34053	clydin	2019-11-26 13:50:32	clydin	2019-11-27 18:44:30	2	1	1	False	True
34053	clydin	2019-11-26 13:50:32	clydin	2019-11-26 19:47:03	5	2	3	False	True
34053	clydin	2019-11-26 13:50:32	clydin	2019-11-26 19:56:14	2	1	1	False	True
34053	clydin	2019-11-26 13:50:32	clydin	2019-11-27 15:04:51	7	4	3	False	True
34053	clydin	2019-11-26 13:50:32	clydin	2019-11-26 19:33:41	32	14	18	False	True
34053	clydin	2019-11-26 13:50:32	clydin	2019-11-27 21:17:15	32	10	22	False	True
34053	clydin	2019-11-26 13:50:32	clydin	2019-11-25 20:25:23	104	61	43	True	True
34053	clydin	2019-11-26 13:50:32	clydin	2019-11-27 18:11:44	12	4	8	False	True
34053	clydin	2019-11-26 13:50:32	clydin	2019-12-02 18:28:42	1	1	0	False	True
34052	petebacondarwin	2019-11-26 12:11:21	petebacondarwin	2019-11-26 14:28:03	8	6	2	False	True
34052	petebacondarwin	2019-11-26 12:11:21	petebacondarwin	2019-11-26 12:09:28	22	20	2	True	True
34047	ayazhafiz	2019-11-26 04:05:53	ayazhafiz	2019-11-13 00:00:29	3	0	3	True	True
34047	ayazhafiz	2019-11-26 04:05:53	ayazhafiz	2019-11-12 21:57:44	61	60	1	True	True
34047	ayazhafiz	2019-11-26 04:05:53	ayazhafiz	2019-11-12 23:58:19	2	2	0	True	True
34047	ayazhafiz	2019-11-26 04:05:53	ayazhafiz	2019-11-12 23:19:25	59	19	40	True	True
34044	kara	2019-11-26 01:22:30	gkalpak	2019-11-26 02:18:07	4	3	1	False	True
34044	kara	2019-11-26 01:22:30	kara	2019-11-26 01:21:56	10	8	2	True	True
34043	AndrewKushnir	2019-11-26 01:14:17	AndrewKushnir	2019-11-26 01:07:24	2	1	1	True	True
34042	AndrewKushnir	2019-11-26 00:44:47	AndrewKushnir	2019-11-26 00:39:31	124	115	9	True	True
34041	kyliau	2019-11-25 22:27:01	kyliau	2019-11-25 22:23:32	14	13	1	True	True
34039	kapunahelewong	2019-11-25 19:41:14	kapunahelewong	2019-11-25 19:37:02	1	1	0	True	True
34034	pkozlowski-opensource	2019-11-25 14:49:44	IgorMinar	2019-11-28 06:42:58	6	3	3	False	True
34034	pkozlowski-opensource	2019-11-25 14:49:44	pkozlowski-opensource	2019-11-21 15:01:01	340	340	0	True	True
34034	pkozlowski-opensource	2019-11-25 14:49:44	pkozlowski-opensource	2019-11-28 09:43:12	6	1	5	False	True
34032	DenysVuika	2019-11-25 11:33:58	DenysVuika	2019-11-25 11:33:01	6	6	0	True	True
34032	DenysVuika	2019-11-25 11:33:58	DenysVuika	2019-11-25 20:25:12	2	1	1	False	True
34031	pkozlowski-opensource	2019-11-25 11:32:28	pkozlowski-opensource	2019-11-25 11:30:45	81	48	33	True	True
34026	kara	2019-11-25 04:59:51	kara	2019-11-25 04:56:18	256	219	37	True	True
34026	kara	2019-11-25 04:59:51	kara	2019-11-25 18:38:36	181	169	12	False	True
34024	AndrewKushnir	2019-11-24 21:52:05	AndrewKushnir	2019-11-24 21:44:24	120	119	1	True	True
34024	AndrewKushnir	2019-11-24 21:52:05	AndrewKushnir	2019-11-24 22:09:19	125	63	62	False	True
34022	ajitsinghkaler	2019-11-24 18:50:41	ajitsinghkaler	2019-11-25 15:17:02	56	28	28	False	True
34021	JoostK	2019-11-24 16:37:08	JoostK	2019-12-14 21:15:32	104	72	32	False	True
34021	JoostK	2019-11-24 16:37:08	JoostK	2019-11-24 16:35:20	562	520	42	True	True
34019	crisbeto	2019-11-24 10:50:33	crisbeto	2019-11-24 10:50:00	220	108	112	True	True
34017	AndrewKushnir	2019-11-23 23:41:15	AndrewKushnir	2019-11-23 23:36:00	34	32	2	True	True
34015	JoostK	2019-11-23 20:09:27	JoostK	2019-11-23 20:06:37	45	26	19	True	True
34014	JoostK	2019-11-23 18:34:28	JoostK	2019-11-23 18:17:16	49	33	16	True	True
34014	JoostK	2019-11-23 18:34:28	JoostK	2019-11-23 18:33:18	19	8	11	True	True
34014	JoostK	2019-11-23 18:34:28	JoostK	2019-11-23 17:54:07	121	106	15	True	True
34013	arturovt	2019-11-23 17:37:23	arturovt	2019-11-23 17:35:23	56	28	28	True	True
34012	petebacondarwin	2019-11-23 17:11:26	petebacondarwin	2019-11-23 17:09:59	40	38	2	True	True
34012	petebacondarwin	2019-11-23 17:11:26	petebacondarwin	2019-11-25 10:14:50	18	15	3	False	True
34012	petebacondarwin	2019-11-23 17:11:26	petebacondarwin	2019-11-25 10:14:50	2	0	2	False	True
34011	arturovt	2019-11-23 16:43:57	arturovt	2019-11-23 16:41:38	53	16	37	True	True
34009	arturovt	2019-11-23 16:00:24	arturovt	2019-11-23 15:59:46	8	4	4	True	True
34008	arturovt	2019-11-23 15:54:30	arturovt	2019-11-23 15:53:48	12	6	6	True	True
34007	ahasall	2019-11-23 14:17:00	ahasall	2019-11-23 14:16:03	2	1	1	True	True
34005	ajitsinghkaler	2019-11-23 05:47:40	ajitsinghkaler	2019-11-23 05:43:33	6	1	5	True	True
34004	mhevery	2019-11-23 04:54:53	mhevery	2019-11-23 04:40:29	1114	1110	4	True	True
34002	IgorMinar	2019-11-23 00:32:10	IgorMinar	2019-11-23 00:31:40	6831	5183	1648	True	True
34002	IgorMinar	2019-11-23 00:32:10	IgorMinar	2019-11-29 06:30:34	10	6	4	False	True
34000	matsko	2019-11-22 23:23:19	matsko	2019-12-05 01:38:42	7325	3190	4135	False	True
34000	matsko	2019-11-22 23:23:19	mhevery	2019-12-03 07:30:32	370	217	153	False	True
34000	matsko	2019-11-22 23:23:19	mhevery	2019-11-23 04:40:29	816	814	2	False	True
34000	matsko	2019-11-22 23:23:19	mhevery	2019-12-03 07:30:32	484	330	154	False	True
34000	matsko	2019-11-22 23:23:19	mhevery	2019-11-23 04:15:14	444	431	13	False	True
34000	matsko	2019-11-22 23:23:19	matsko	2019-12-15 03:48:24	138	54	84	False	True
34000	matsko	2019-11-22 23:23:19	matsko	2019-12-14 00:42:14	92	58	34	False	True
34000	matsko	2019-11-22 23:23:19	matsko	2019-12-12 23:15:14	89	50	39	False	True
34000	matsko	2019-11-22 23:23:19	mhevery	2019-12-03 07:26:39	122	105	17	False	True
34000	matsko	2019-11-22 23:23:19	mhevery	2019-12-03 07:30:32	360	220	140	False	True
34000	matsko	2019-11-22 23:23:19	matsko	2019-12-13 00:21:16	178	155	23	False	True
33999	josephperrott	2019-11-22 23:04:41	josephperrott	2019-11-22 23:00:38	28	0	28	True	True
33998	donhuvy	2019-11-22 22:40:33	donhuvy	2019-11-22 04:45:12	2	1	1	True	True
33997	crisbeto	2019-11-22 21:45:29	crisbeto	2019-11-29 22:11:28	95	70	25	False	True
33997	crisbeto	2019-11-22 21:45:29	crisbeto	2019-11-28 18:42:00	164	97	67	False	True
33996	gregmagolan	2019-11-22 21:13:16	gregmagolan	2019-11-22 21:12:05	962	485	477	True	True
33995	josephperrott	2019-11-22 20:35:28	josephperrott	2019-11-22 20:33:55	2	1	1	True	True
33994	IgorMinar	2019-11-22 20:34:19	IgorMinar	2019-11-22 20:33:57	4	4	0	True	True
33993	arturovt	2019-11-22 19:00:57	arturovt	2019-11-22 19:00:22	2	1	1	True	True
33992	josephperrott	2019-11-22 18:54:28	josephperrott	2019-11-22 18:53:00	8	4	4	True	True
33988	pkozlowski-opensource	2019-11-22 15:33:55	pkozlowski-opensource	2019-11-22 15:33:05	13	1	12	True	True
33987	gkalpak	2019-11-22 14:14:38	gkalpak	2019-11-22 13:16:39	52	12	40	True	True
33987	gkalpak	2019-11-22 14:14:38	gkalpak	2019-11-22 15:02:09	2	1	1	False	True
33987	gkalpak	2019-11-22 14:14:38	gkalpak	2019-11-22 11:03:37	5	3	2	True	True
33985	alan-agius4	2019-11-22 09:45:25	alan-agius4	2019-11-22 09:45:18	2	1	1	True	True
33984	Potapy4	2019-11-22 09:07:29	Potapy4	2019-11-22 09:06:17	2	1	1	True	True
33983	josephperrott	2019-11-22 05:18:09	josephperrott	2019-11-22 20:11:48	48	23	25	False	True
33983	josephperrott	2019-11-22 05:18:09	josephperrott	2019-11-22 20:17:20	6	1	5	False	True
33983	josephperrott	2019-11-22 05:18:09	josephperrott	2019-11-22 20:14:39	86	24	62	False	True
33983	josephperrott	2019-11-22 05:18:09	josephperrott	2019-11-22 21:36:54	4	2	2	False	True
33983	josephperrott	2019-11-22 05:18:09	josephperrott	2019-11-22 20:07:29	59	29	30	False	True
33983	josephperrott	2019-11-22 05:18:09	josephperrott	2019-11-22 20:00:49	11	9	2	False	True
33978	arturovt	2019-11-21 23:06:06	arturovt	2019-11-21 23:05:31	2	1	1	True	True
33975	josephperrott	2019-11-21 22:06:12	josephperrott	2019-11-21 21:39:30	60	30	30	True	True
33973	JoostK	2019-11-21 20:57:39	JoostK	2019-11-21 20:56:02	31	26	5	True	True
33971	alxhub	2019-11-21 20:05:29	alxhub	2019-11-21 22:37:53	625	557	68	False	True
33970	josephperrott	2019-11-21 19:47:14	josephperrott	2019-11-21 19:42:07	5	4	1	True	True
33969	kara	2019-11-21 19:44:05	kara	2019-11-22 01:02:14	4	2	2	False	True
33969	kara	2019-11-21 19:44:05	kara	2019-11-21 19:42:11	24	14	10	True	True
33969	kara	2019-11-21 19:44:05	kara	2019-11-21 19:32:13	8	8	0	True	True
33969	kara	2019-11-21 19:44:05	kara	2019-11-22 19:13:52	6	3	3	False	True
33969	kara	2019-11-21 19:44:05	kara	2019-11-21 22:05:07	17	13	4	False	True
33968	gkalpak	2019-11-21 19:12:32	gkalpak	2019-11-26 13:46:27	31	31	0	False	True
33968	gkalpak	2019-11-21 19:12:32	gkalpak	2019-11-25 15:48:18	56	55	1	False	True
33968	gkalpak	2019-11-21 19:12:32	gkalpak	2019-11-23 22:12:18	8	4	4	False	True
33968	gkalpak	2019-11-21 19:12:32	gkalpak	2019-11-23 21:52:34	545	268	277	False	True
33968	gkalpak	2019-11-21 19:12:32	gkalpak	2019-11-21 19:09:33	13894	8918	4976	True	True
33966	josephperrott	2019-11-21 17:01:50	josephperrott	2019-11-21 17:00:51	19	2	17	True	True
33964	petebacondarwin	2019-11-21 16:53:14	petebacondarwin	2019-11-21 17:21:33	2	0	2	False	True
33964	petebacondarwin	2019-11-21 16:53:14	petebacondarwin	2019-11-21 16:51:41	51	43	8	True	True
33963	pkozlowski-opensource	2019-11-21 15:52:27	pkozlowski-opensource	2019-11-21 15:45:54	70	43	27	True	True
33962	josephperrott	2019-11-21 15:35:00	josephperrott	2019-11-21 15:33:16	7	7	0	True	True
33960	devversion	2019-11-21 14:06:22	devversion	2019-11-21 20:26:13	135	80	55	False	True
33959	alan-agius4	2019-11-21 13:39:02	alan-agius4	2019-11-21 13:56:54	5	2	3	False	True
33958	alan-agius4	2019-11-21 12:52:18	alan-agius4	2019-11-21 18:20:30	2	1	1	False	True
33957	gkalpak	2019-11-21 12:07:06	gkalpak	2019-11-21 12:04:45	10	5	5	True	True
33955	filipesilva	2019-11-21 09:52:27	filipesilva	2019-11-21 13:17:43	62	9	53	False	True
33955	filipesilva	2019-11-21 09:52:27	filipesilva	2019-11-21 09:51:59	947	552	395	True	True
33952	GavinMK	2019-11-21 05:20:53	GavinMK	2019-11-27 02:06:31	7	7	0	False	True
33952	GavinMK	2019-11-21 05:20:53	GavinMK	2019-11-27 01:46:36	0	0	0	False	True
33952	GavinMK	2019-11-21 05:20:53	GavinMK	2019-11-27 02:32:22	8	8	0	False	True
33952	GavinMK	2019-11-21 05:20:53	GavinMK	2019-11-27 01:48:54	8	8	0	False	True
33952	GavinMK	2019-11-21 05:20:53	GavinMK	2019-11-21 04:58:55	105	11	94	True	True
33949	IgorMinar	2019-11-21 01:17:58	IgorMinar	2019-11-21 20:22:40	9	0	9	False	True
33949	IgorMinar	2019-11-21 01:17:58	IgorMinar	2019-07-30 21:36:35	214	14	200	True	True
33948	AndrewKushnir	2019-11-21 01:05:33	AndrewKushnir	2019-11-21 01:02:41	45	42	3	True	True
33947	JiaLiPassion	2019-11-20 22:46:59	JiaLiPassion	2019-11-20 22:44:48	10	10	0	True	True
33940	arvindm95	2019-11-20 17:59:21	arvindm95	2019-11-20 17:49:39	22	21	1	True	True
33939	pkozlowski-opensource	2019-11-20 17:08:26	pkozlowski-opensource	2019-11-20 17:03:51	94	72	22	True	True
33937	gkalpak	2019-11-20 15:43:10	gkalpak	2019-11-20 15:10:15	17	14	3	True	True
33937	gkalpak	2019-11-20 15:43:10	gkalpak	2019-11-20 15:27:02	117	83	34	True	True
33937	gkalpak	2019-11-20 15:43:10	gkalpak	2019-11-20 16:24:55	2	1	1	False	True
33931	xgirma	2019-11-20 12:22:15	xgirma	2019-11-20 12:12:56	2	1	1	True	True
33930	apocalyp0sys	2019-11-20 12:18:30	apocalyp0sys	2019-11-20 11:28:31	3	3	0	True	True
33930	apocalyp0sys	2019-11-20 12:18:30	apocalyp0sys	2019-11-21 11:09:46	31	30	1	False	True
33928	ivanwonder	2019-11-20 08:11:08	ivanwonder	2019-11-20 07:23:45	38	33	5	True	True
33928	ivanwonder	2019-11-20 08:11:08	ivanwonder	2019-11-27 03:11:28	10	9	1	False	True
33927	gregmagolan	2019-11-20 06:13:30	gregmagolan	2020-02-14 03:52:38	21	13	8	False	True
33927	gregmagolan	2019-11-20 06:13:30	gregmagolan	2020-02-18 17:55:39	12	12	0	False	True
33927	gregmagolan	2019-11-20 06:13:30	gregmagolan	2020-02-15 01:23:49	238	48	190	False	True
33927	gregmagolan	2019-11-20 06:13:30	gregmagolan	2020-02-15 01:23:05	6600	6406	194	False	True
33927	gregmagolan	2019-11-20 06:13:30	gregmagolan	2020-02-15 10:01:05	16	14	2	False	True
33927	gregmagolan	2019-11-20 06:13:30	gregmagolan	2020-02-11 05:41:28	14	14	0	False	True
33927	gregmagolan	2019-11-20 06:13:30	gregmagolan	2020-02-14 03:02:04	12	0	12	False	True
33927	gregmagolan	2019-11-20 06:13:30	gregmagolan	2020-02-08 00:24:19	6	5	1	False	True
33927	gregmagolan	2019-11-20 06:13:30	gregmagolan	2020-02-04 08:10:01	2	2	0	False	True
33927	gregmagolan	2019-11-20 06:13:30	gregmagolan	2020-02-04 19:45:40	10815	7038	3777	False	True
33926	mhevery	2019-11-20 05:59:28	mhevery	2019-11-20 21:21:45	2	0	2	False	True
33926	mhevery	2019-11-20 05:59:28	mhevery	2019-11-20 19:37:53	1	1	0	False	True
33926	mhevery	2019-11-20 05:59:28	mhevery	2019-11-20 05:58:50	25	12	13	True	True
33926	mhevery	2019-11-20 05:59:28	mhevery	2019-11-20 05:47:38	101	65	36	True	True
33926	mhevery	2019-11-20 05:59:28	mhevery	2019-11-20 19:41:39	4	4	0	False	True
33923	kapunahelewong	2019-11-19 21:10:46	kapunahelewong	2019-11-19 21:06:23	12	6	6	True	True
33922	matsko	2019-11-19 20:13:40	matsko	2019-11-21 17:47:50	31	16	15	False	True
33922	matsko	2019-11-19 20:13:40	matsko	2019-11-19 20:13:02	62	58	4	True	True
33921	crisbeto	2019-11-19 20:05:34	crisbeto	2019-11-21 20:07:54	72	69	3	False	True
33920	raizemm	2019-11-19 19:23:36	raizemm	2019-11-20 06:31:20	28	27	1	False	True
33915	gregmagolan	2019-11-19 01:48:54	gregmagolan	2019-11-19 01:48:11	26	0	26	True	True
33912	rafayel23	2019-11-18 23:00:34	rafayel23	2019-11-18 22:30:00	2	1	1	True	True
33911	jbogarthyde	2019-11-18 22:32:02	jbogarthyde	2019-11-18 22:22:25	2	2	0	True	True
33911	jbogarthyde	2019-11-18 22:32:02	jbogarthyde	2019-11-19 18:02:12	6	4	2	False	True
33911	jbogarthyde	2019-11-18 22:32:02	jbogarthyde	2019-11-19 19:26:25	1	1	0	False	True
33911	jbogarthyde	2019-11-18 22:32:02	gkalpak	2019-11-19 19:38:17	3	2	1	False	True
33907	josephperrott	2019-11-18 21:47:37	josephperrott	2019-11-18 21:45:37	30	3	27	True	True
33904	petebacondarwin	2019-11-18 20:57:04	petebacondarwin	2019-11-18 20:54:54	12	4	8	True	True
33904	petebacondarwin	2019-11-18 20:57:04	petebacondarwin	2019-11-19 15:32:34	11	8	3	False	True
33904	petebacondarwin	2019-11-18 20:57:04	petebacondarwin	2019-11-19 15:32:34	6	3	3	False	True
33903	gkalpak	2019-11-18 20:35:11	gkalpak	2019-11-18 20:32:28	38	38	0	True	True
33903	gkalpak	2019-11-18 20:35:11	gkalpak	2019-11-18 20:25:16	162	78	84	True	True
33902	josephperrott	2019-11-18 20:21:17	josephperrott	2019-11-18 20:20:40	4	4	0	True	True
33901	alxhub	2019-11-18 20:07:04	alxhub	2019-11-18 19:53:25	77	50	27	True	True
33900	jbogarthyde	2019-11-18 19:01:17	jbogarthyde	2019-11-18 18:57:16	66	58	8	True	True
33895	gkalpak	2019-11-18 14:38:13	gkalpak	2019-11-18 14:33:24	7	3	4	True	True
33894	pkozlowski-opensource	2019-11-18 14:33:12	pkozlowski-opensource	2019-11-18 14:07:25	66	37	29	True	True
33894	pkozlowski-opensource	2019-11-18 14:33:12	pkozlowski-opensource	2019-11-18 10:23:47	26	15	11	True	True
33891	alan-agius4	2019-11-18 09:22:08	alan-agius4	2019-11-18 09:06:12	6	6	0	True	True
33886	LayZeeDK	2019-11-17 23:38:14	LayZeeDK	2019-11-17 23:35:04	2	1	1	True	True
33884	ayazhafiz	2019-11-17 21:42:27	ayazhafiz	2019-11-25 23:11:15	8	7	1	False	True
33884	ayazhafiz	2019-11-17 21:42:27	ayazhafiz	2019-11-17 21:06:41	117	89	28	True	True
33884	ayazhafiz	2019-11-17 21:42:27	ayazhafiz	2019-11-17 22:21:55	4	2	2	False	True
33878	JoostK	2019-11-16 22:59:29	JoostK	2019-11-16 22:57:57	129	119	10	True	True
33878	JoostK	2019-11-16 22:59:29	JoostK	2019-11-16 22:49:12	28	6	22	True	True
33877	petebacondarwin	2019-11-16 22:15:46	petebacondarwin	2019-11-16 22:12:04	17	14	3	True	True
33877	petebacondarwin	2019-11-16 22:15:46	petebacondarwin	2019-11-16 22:18:34	195	125	70	False	True
33877	petebacondarwin	2019-11-16 22:15:46	petebacondarwin	2019-11-16 22:13:32	2	1	1	True	True
33877	petebacondarwin	2019-11-16 22:15:46	petebacondarwin	2019-11-16 22:06:00	3	2	1	True	True
33877	petebacondarwin	2019-11-16 22:15:46	petebacondarwin	2019-11-18 13:38:17	2	1	1	False	True
33877	petebacondarwin	2019-11-16 22:15:46	petebacondarwin	2019-11-18 13:38:38	4	2	2	False	True
33875	JoostK	2019-11-16 20:15:13	JoostK	2019-11-16 20:12:58	160	122	38	True	True
33875	JoostK	2019-11-16 20:15:13	JoostK	2019-11-16 19:59:48	57	52	5	True	True
33875	JoostK	2019-11-16 20:15:13	JoostK	2019-11-16 20:02:48	279	191	88	True	True
33870	gkalpak	2019-11-16 11:36:21	gkalpak	2019-11-16 11:36:03	2	1	1	True	True
33869	gkalpak	2019-11-16 11:35:22	gkalpak	2019-11-16 11:35:03	2	1	1	True	True
33868	Zuckjet	2019-11-16 10:16:10	Zuckjet	2019-11-16 10:10:13	2	1	1	True	True
33867	gregmagolan	2019-11-16 05:46:54	gregmagolan	2019-11-16 05:46:22	11	7	4	True	True
33866	IgorMinar	2019-11-16 04:35:23	IgorMinar	2019-11-16 04:39:07	10	5	5	False	True
33866	IgorMinar	2019-11-16 04:35:23	IgorMinar	2019-11-16 04:34:49	46	23	23	True	True
33865	gregmagolan	2019-11-16 01:39:36	gregmagolan	2019-11-12 21:12:45	18	17	1	True	True
33863	atscott	2019-11-15 21:58:16	atscott	2019-11-15 21:01:50	29	19	10	True	True
33863	atscott	2019-11-15 21:58:16	atscott	2019-11-18 15:36:35	3	3	0	False	True
33863	atscott	2019-11-15 21:58:16	atscott	2019-11-19 19:09:29	2	1	1	False	True
33862	alxhub	2019-11-15 21:42:17	alxhub	2019-11-16 00:53:33	34	21	13	False	True
33862	alxhub	2019-11-15 21:42:17	alxhub	2019-11-12 21:38:51	509	340	169	True	True
33862	alxhub	2019-11-15 21:42:17	alxhub	2019-11-12 21:38:23	44	40	4	True	True
33861	alxhub	2019-11-15 20:46:56	alxhub	2019-11-15 20:45:37	54	6	48	True	True
33860	kyliau	2019-11-15 20:16:10	kyliau	2019-11-15 20:06:00	146	102	44	True	True
33857	petebacondarwin	2019-11-15 16:19:53	petebacondarwin	2019-11-20 20:27:07	50	38	12	False	True
33857	petebacondarwin	2019-11-15 16:19:53	petebacondarwin	2019-11-15 16:25:59	80	69	11	False	True
33856	pkozlowski-opensource	2019-11-15 16:05:05	pkozlowski-opensource	2019-11-15 14:57:27	10	6	4	True	True
33856	pkozlowski-opensource	2019-11-15 16:05:05	pkozlowski-opensource	2019-11-15 15:59:31	85	51	34	True	True
33854	gkalpak	2019-11-15 14:19:22	gkalpak	2019-11-15 00:56:55	337	203	134	True	True
33853	pkozlowski-opensource	2019-11-15 12:47:28	pkozlowski-opensource	2019-11-15 11:18:00	40	38	2	True	True
33848	cexbrayat	2019-11-15 09:56:04	cexbrayat	2019-11-15 09:51:11	2	2	0	True	True
33844	ghost	2019-11-15 05:44:46	dishanfernando	2019-11-15 05:43:31	2	1	1	True	True
33843	gkalpak	2019-11-15 02:28:40	gkalpak	2019-11-15 00:56:55	2	1	1	True	True
33841	IgorMinar	2019-11-15 01:06:07	IgorMinar	2019-11-15 00:49:13	106	54	52	True	True
33841	IgorMinar	2019-11-15 01:06:07	IgorMinar	2019-11-15 01:02:26	5	4	1	True	True
33839	kyliau	2019-11-15 01:01:00	kyliau	2019-11-15 00:56:01	159	101	58	True	True
33838	JiaLiPassion	2019-11-15 00:37:13	JiaLiPassion	2019-12-02 15:56:56	328	258	70	False	True
33837	crisbeto	2019-11-15 00:02:18	crisbeto	2019-11-18 19:13:23	559	465	94	False	True
33835	gregmagolan	2019-11-14 21:10:15	gregmagolan	2019-11-14 21:08:40	80	66	14	True	True
33832	AndrewKushnir	2019-11-14 20:04:28	AndrewKushnir	2019-11-14 19:59:13	38	37	1	True	True
33831	AndrewKushnir	2019-11-14 18:54:49	AndrewKushnir	2019-11-14 18:49:15	34	16	18	True	True
33829	ajitsinghkaler	2019-11-14 18:03:29	ajitsinghkaler	2019-11-18 17:56:38	44	38	6	False	True
33828	alxhub	2019-11-14 17:17:33	alxhub	2019-11-13 18:52:49	192	181	11	True	True
33828	alxhub	2019-11-14 17:17:33	alxhub	2019-11-13 22:45:46	42	38	4	True	True
33827	matsko	2019-11-14 16:57:33	matsko	2019-11-14 16:55:20	2612	1787	825	True	True
33826	petebacondarwin	2019-11-14 16:17:12	petebacondarwin	2019-11-14 16:15:36	7	4	3	True	True
33824	gkalpak	2019-11-14 14:07:06	gkalpak	2019-11-14 13:56:36	10	10	0	True	True
33823	gkalpak	2019-11-14 14:01:39	gkalpak	2019-11-14 07:28:29	29	17	12	True	True
33820	petebacondarwin	2019-11-14 11:40:38	petebacondarwin	2019-11-15 16:25:59	260	156	104	False	True
33820	petebacondarwin	2019-11-14 11:40:38	petebacondarwin	2019-11-15 16:25:32	71	44	27	False	True
33820	petebacondarwin	2019-11-14 11:40:38	petebacondarwin	2019-11-15 16:25:32	0	0	0	False	True
33818	santoshyadavdev	2019-11-14 11:04:01	santoshyadavdev	2019-11-22 06:07:02	8	8	0	False	True
33816	pkozlowski-opensource	2019-11-14 10:46:30	pkozlowski-opensource	2019-11-14 10:36:11	67	54	13	True	True
33813	devversion	2019-11-14 09:00:53	devversion	2019-11-14 17:18:10	2	1	1	False	True
33813	devversion	2019-11-14 09:00:53	devversion	2019-11-14 10:37:09	52	26	26	False	True
33811	ghost	2019-11-14 06:40:18	dishanfernando	2019-11-14 06:38:28	2	1	1	True	True
33810	mhevery	2019-11-14 00:34:58	mhevery	2019-11-14 00:22:55	79	24	55	True	True
33810	mhevery	2019-11-14 00:34:58	mhevery	2019-11-14 21:49:14	9	0	9	False	True
33809	kyliau	2019-11-13 23:56:23	kyliau	2019-11-13 22:26:58	227	82	145	True	True
33808	gregmagolan	2019-11-13 22:25:24	gregmagolan	2019-11-13 22:07:38	34	20	14	True	True
33808	gregmagolan	2019-11-13 22:25:24	gregmagolan	2019-11-13 22:21:46	8	4	4	True	True
33807	kyliau	2019-11-13 21:17:51	kyliau	2019-11-13 21:13:59	35	11	24	True	True
33806	kyliau	2019-11-13 20:38:10	kyliau	2019-11-13 20:21:04	61	41	20	True	True
33805	josephperrott	2019-11-13 19:52:58	josephperrott	2019-11-13 19:51:15	85	71	14	True	True
33804	ischenkodv	2019-11-13 19:36:26	ischenkodv	2019-11-13 18:58:23	2	1	1	True	True
33802	gregmagolan	2019-11-13 17:09:56	gregmagolan	2019-11-13 17:04:26	143	72	71	True	True
33802	gregmagolan	2019-11-13 17:09:56	gregmagolan	2019-11-13 17:08:38	187	67	120	True	True
33801	jbogarthyde	2019-11-13 16:51:39	jbogarthyde	2019-11-19 19:37:11	3	1	2	False	True
33801	jbogarthyde	2019-11-13 16:51:39	jbogarthyde	2019-11-13 16:46:40	25	22	3	True	True
33801	jbogarthyde	2019-11-13 16:51:39	jbogarthyde	2019-11-19 17:57:19	6	4	2	False	True
33801	jbogarthyde	2019-11-13 16:51:39	jbogarthyde	2019-11-19 19:41:38	4	2	2	False	True
33798	pkozlowski-opensource	2019-11-13 16:22:28	pkozlowski-opensource	2019-11-13 16:06:54	43	20	23	True	True
33798	pkozlowski-opensource	2019-11-13 16:22:28	pkozlowski-opensource	2019-11-13 16:19:14	32	14	18	True	True
33798	pkozlowski-opensource	2019-11-13 16:22:28	pkozlowski-opensource	2019-11-13 15:14:56	82	82	0	True	True
33797	gkalpak	2019-11-13 15:58:32	gkalpak	2019-11-13 15:13:05	25	16	9	True	True
33794	pkozlowski-opensource	2019-11-13 14:20:03	pkozlowski-opensource	2019-11-13 11:19:53	18	9	9	True	True
33792	rtpHarry	2019-11-13 12:39:14	rtpHarry	2019-11-13 12:38:33	2	1	1	True	True
33790	gkalpak	2019-11-13 10:13:19	gkalpak	2019-11-13 10:01:59	36	34	2	True	True
33788	IgorMinar	2019-11-13 07:17:31	IgorMinar	2019-11-13 07:17:06	48	30	18	True	True
33787	AndrewKushnir	2019-11-13 07:12:38	AndrewKushnir	2019-11-13 20:44:23	34	19	15	False	True
33787	AndrewKushnir	2019-11-13 07:12:38	AndrewKushnir	2019-11-13 20:46:37	2	1	1	False	True
33787	AndrewKushnir	2019-11-13 07:12:38	AndrewKushnir	2019-11-13 07:03:46	87	75	12	True	True
33786	IgorMinar	2019-11-13 07:05:01	IgorMinar	2019-11-13 06:51:30	32	31	1	True	True
33786	IgorMinar	2019-11-13 07:05:01	josephperrott	2019-11-13 17:51:23	37	20	17	False	True
33784	mhevery	2019-11-13 05:33:15	mhevery	2019-11-14 22:58:09	2	1	1	False	True
33784	mhevery	2019-11-13 05:33:15	mhevery	2019-11-14 00:38:00	5	0	5	False	True
33784	mhevery	2019-11-13 05:33:15	mhevery	2019-11-14 00:38:00	1	0	1	False	True
33784	mhevery	2019-11-13 05:33:15	mhevery	2019-11-13 05:32:58	134	117	17	True	True
33782	kyliau	2019-11-13 01:46:06	kyliau	2019-11-13 01:40:56	38	12	26	True	True
33781	mhevery	2019-11-13 01:13:01	mhevery	2019-11-13 01:12:36	225	152	73	True	True
33780	AndrewKushnir	2019-11-13 00:49:55	AndrewKushnir	2019-11-13 00:00:24	33	32	1	True	True
33780	AndrewKushnir	2019-11-13 00:49:55	AndrewKushnir	2019-11-13 18:51:18	29	13	16	False	True
33779	kyliau	2019-11-12 23:55:24	kyliau	2019-11-12 23:53:58	76	38	38	True	True
33778	kyliau	2019-11-12 23:32:02	kyliau	2019-11-12 00:16:56	73	24	49	True	True
33777	petebacondarwin	2019-11-12 23:22:40	petebacondarwin	2019-11-13 08:31:28	4	0	4	False	True
33777	petebacondarwin	2019-11-12 23:22:40	petebacondarwin	2019-11-13 08:33:22	12	5	7	False	True
33777	petebacondarwin	2019-11-12 23:22:40	petebacondarwin	2019-11-13 08:36:13	176	119	57	False	True
33777	petebacondarwin	2019-11-12 23:22:40	petebacondarwin	2019-11-13 08:40:51	225	210	15	False	True
33776	DiscoPYF	2019-11-12 23:00:22	DiscoPYF	2019-11-12 22:50:13	2	2	0	True	True
33775	ayazhafiz	2019-11-12 22:15:19	ayazhafiz	2019-11-13 00:00:29	3	0	3	False	True
33775	ayazhafiz	2019-11-12 22:15:19	ayazhafiz	2019-11-12 21:57:44	61	60	1	True	True
33775	ayazhafiz	2019-11-12 22:15:19	ayazhafiz	2019-11-12 23:19:25	59	19	40	False	True
33775	ayazhafiz	2019-11-12 22:15:19	ayazhafiz	2019-11-12 23:58:19	2	2	0	False	True
33773	gregmagolan	2019-11-12 21:13:30	gregmagolan	2019-11-12 21:12:45	18	17	1	True	True
33772	JoostK	2019-11-12 20:43:16	JoostK	2019-11-12 20:37:44	89	75	14	True	True
33769	atscott	2019-11-12 18:37:33	atscott	2019-11-12 17:20:36	34	26	8	True	True
33767	jbogarthyde	2019-11-12 18:30:00	jbogarthyde	2019-11-12 18:21:30	12	12	0	True	True
33765	IgorMinar	2019-11-12 17:56:58	IgorMinar	2019-11-20 06:57:53	4	2	2	False	True
33765	IgorMinar	2019-11-12 17:56:58	IgorMinar	2019-11-16 02:16:11	1	1	0	False	True
33765	IgorMinar	2019-11-12 17:56:58	IgorMinar	2019-11-12 17:52:34	50	43	7	True	True
33763	mhevery	2019-11-12 17:09:02	mhevery	2019-11-12 17:08:40	7	3	4	True	True
33762	clydin	2019-11-12 17:08:52	clydin	2019-11-21 16:53:35	7	0	7	False	True
33762	clydin	2019-11-12 17:08:52	clydin	2019-11-19 18:56:38	3	2	1	False	True
33762	clydin	2019-11-12 17:08:52	clydin	2019-11-17 20:22:35	6	3	3	False	True
33762	clydin	2019-11-12 17:08:52	clydin	2019-11-18 20:58:05	11	11	0	False	True
33762	clydin	2019-11-12 17:08:52	clydin	2019-11-22 02:00:49	4	2	2	False	True
33762	clydin	2019-11-12 17:08:52	clydin	2019-11-12 17:06:00	56	38	18	True	True
33762	clydin	2019-11-12 17:08:52	clydin	2019-11-16 00:08:09	54	8	46	False	True
33762	clydin	2019-11-12 17:08:52	clydin	2019-11-12 19:02:16	6	2	4	False	True
33762	clydin	2019-11-12 17:08:52	clydin	2019-11-16 01:11:21	10	10	0	False	True
33762	clydin	2019-11-12 17:08:52	clydin	2019-11-18 20:16:35	9	2	7	False	True
33762	clydin	2019-11-12 17:08:52	clydin	2019-11-21 18:49:19	16	2	14	False	True
33755	pkozlowski-opensource	2019-11-12 09:33:40	pkozlowski-opensource	2019-11-12 09:29:58	32	32	0	True	True
33749	mhevery	2019-11-11 23:45:03	mhevery	2019-11-11 23:43:09	42	36	6	True	True
33748	sjtrimble	2019-11-11 22:50:49	sjtrimble	2019-11-11 22:47:51	1376	512	864	True	True
33748	sjtrimble	2019-11-11 22:50:49	gkalpak	2019-11-13 14:27:21	15	9	6	False	True
33747	josephperrott	2019-11-11 22:46:47	josephperrott	2019-11-11 22:18:13	89	73	16	True	True
33743	gkalpak	2019-11-11 20:58:20	gkalpak	2019-11-11 20:55:32	2	1	1	True	True
33742	NothingEverHappens	2019-11-11 20:49:51	NothingEverHappens	2019-11-11 20:57:10	2	1	1	False	True
33741	JoostK	2019-11-11 20:07:50	JoostK	2019-11-11 20:03:23	93	66	27	True	True
33740	kapunahelewong	2019-11-11 19:07:29	kapunahelewong	2019-11-11 19:02:52	15	14	1	True	True
33739	alxhub	2019-11-11 18:36:46	alxhub	2019-11-11 08:18:43	107	97	10	True	True
33737	josephperrott	2019-11-11 16:50:51	josephperrott	2019-11-11 18:50:53	85	72	13	False	True
33736	jbogarthyde	2019-11-11 16:43:02	jbogarthyde	2019-11-11 16:39:24	4	2	2	True	True
33733	gkalpak	2019-11-11 15:15:04	gkalpak	2019-11-11 14:55:16	25	19	6	True	True
33733	gkalpak	2019-11-11 15:15:04	gkalpak	2019-11-11 15:11:34	98	58	40	True	True
33732	petebacondarwin	2019-11-11 15:05:47	petebacondarwin	2019-11-11 15:01:58	56	48	8	True	True
33730	dymafr	2019-11-11 14:13:21	dymafr	2019-11-11 14:12:36	6	6	0	True	True
33729	s-gbz	2019-11-11 13:52:50	s-gbz	2020-10-28 20:42:53	13	11	2	False	True
33727	filipesilva	2019-11-11 12:28:49	filipesilva	2019-11-11 12:11:49	182	0	182	True	True
33727	filipesilva	2019-11-11 12:28:49	filipesilva	2019-11-12 12:42:21	81	0	81	False	True
33727	filipesilva	2019-11-11 12:28:49	filipesilva	2019-11-11 12:27:07	30	28	2	True	True
33726	alan-agius4	2019-11-11 11:56:51	alan-agius4	2019-11-11 11:54:19	6	4	2	True	True
33723	alan-agius4	2019-11-11 08:19:03	alan-agius4	2019-11-11 08:27:36	164	95	69	False	True
33723	alan-agius4	2019-11-11 08:19:03	alan-agius4	2019-11-22 12:27:20	9	5	4	False	True
33721	alan-agius4	2019-11-11 06:54:07	alan-agius4	2019-11-11 06:52:46	1	1	0	True	True
33720	crisbeto	2019-11-10 23:01:18	crisbeto	2019-11-11 17:15:24	345	293	52	False	True
33719	martinakraus	2019-11-10 19:18:26	martinakraus	2019-11-10 19:17:21	8	8	0	True	True
33717	andrius-pra	2019-11-10 09:04:28	filipesilva	2020-01-08 14:01:31	2	1	1	False	True
33717	andrius-pra	2019-11-10 09:04:28	filipesilva	2020-01-14 11:45:42	8	5	3	False	True
33717	andrius-pra	2019-11-10 09:04:28	devversion	2020-01-11 11:26:37	4	2	2	False	True
33717	andrius-pra	2019-11-10 09:04:28	IgorMinar	2020-01-15 00:20:31	10	5	5	False	True
33717	andrius-pra	2019-11-10 09:04:28	filipesilva	2020-01-08 14:30:39	7	5	2	False	True
33717	andrius-pra	2019-11-10 09:04:28	filipesilva	2020-01-08 12:48:25	8	4	4	False	True
33717	andrius-pra	2019-11-10 09:04:28	filipesilva	2020-01-08 13:37:08	7	7	0	False	True
33717	andrius-pra	2019-11-10 09:04:28	filipesilva	2020-01-08 12:11:22	12	6	6	False	True
33717	andrius-pra	2019-11-10 09:04:28	filipesilva	2020-01-08 12:06:10	1659	1659	0	False	True
33717	andrius-pra	2019-11-10 09:04:28	andrius-pra	2019-11-09 18:36:22	534	341	193	True	True
33717	andrius-pra	2019-11-10 09:04:28	filipesilva	2020-01-08 12:58:49	9	7	2	False	True
33717	andrius-pra	2019-11-10 09:04:28	andrius-pra	2020-01-14 01:57:51	4	2	2	False	True
33717	andrius-pra	2019-11-10 09:04:28	filipesilva	2020-01-08 14:01:16	341	8	333	False	True
33717	andrius-pra	2019-11-10 09:04:28	devversion	2020-01-11 11:35:18	34	20	14	False	True
33716	devversion	2019-11-10 08:16:19	devversion	2019-11-10 08:13:45	4	2	2	True	True
33714	crisbeto	2019-11-09 23:08:58	crisbeto	2019-12-19 20:54:35	197	148	49	False	True
33713	santoshyadavdev	2019-11-09 20:51:02	santoshyadavdev	2020-11-17 16:26:24	2	1	1	False	True
33712	petebacondarwin	2019-11-09 19:51:59	petebacondarwin	2019-11-09 12:01:37	0	0	0	True	True
33712	petebacondarwin	2019-11-09 19:51:59	petebacondarwin	2019-11-09 11:38:44	3	1	2	True	True
33712	petebacondarwin	2019-11-09 19:51:59	petebacondarwin	2019-11-09 20:53:38	85	62	23	False	True
33712	petebacondarwin	2019-11-09 19:51:59	petebacondarwin	2019-11-09 19:00:53	73	59	14	True	True
33711	JiaLiPassion	2019-11-09 16:49:34	JiaLiPassion	2019-11-09 16:48:07	249	28	221	True	True
33709	devversion	2019-11-09 11:01:32	devversion	2019-11-14 09:16:07	277	229	48	False	True
33708	gregmagolan	2019-11-09 05:08:15	josephperrott	2019-11-01 18:17:10	241	201	40	True	True
33706	AndrewKushnir	2019-11-09 00:35:13	AndrewKushnir	2019-11-09 00:27:53	66	51	15	True	True
33705	crisbeto	2019-11-09 00:33:34	crisbeto	2019-11-13 13:26:34	221	188	33	False	True
33703	kara	2019-11-08 23:33:54	kara	2019-11-08 23:37:33	9	7	2	False	True
33702	mhevery	2019-11-08 23:14:44	mhevery	2019-11-14 00:16:53	26	19	7	False	True
33702	mhevery	2019-11-08 23:14:44	mhevery	2019-11-13 23:52:10	4	2	2	False	True
33702	mhevery	2019-11-08 23:14:44	mhevery	2019-11-13 23:36:24	43	28	15	False	True
33702	mhevery	2019-11-08 23:14:44	mhevery	2019-11-13 23:36:24	28	14	14	False	True
33702	mhevery	2019-11-08 23:14:44	mhevery	2019-11-14 00:16:53	6	3	3	False	True
33702	mhevery	2019-11-08 23:14:44	mhevery	2019-11-08 23:13:22	376	282	94	True	True
33700	matsko	2019-11-08 22:51:44	matsko	2019-11-08 22:49:26	251	211	40	True	True
33700	matsko	2019-11-08 22:51:44	matsko	2019-11-11 21:35:47	145	137	8	False	True
33699	josephperrott	2019-11-08 22:47:43	josephperrott	2019-11-08 22:46:52	4	2	2	True	True
33699	josephperrott	2019-11-08 22:47:43	josephperrott	2019-11-08 22:14:27	27	9	18	True	True
33698	JiaLiPassion	2019-11-08 21:38:39	JiaLiPassion	2019-11-08 21:36:21	6	3	3	True	True
33689	petebacondarwin	2019-11-08 13:39:10	petebacondarwin	2019-11-08 11:37:08	58	33	25	True	True
33689	petebacondarwin	2019-11-08 13:39:10	petebacondarwin	2019-11-08 11:01:26	224	172	52	True	True
33688	DerSizeS	2019-11-08 13:08:47	Oleg Teterin	2019-04-14 21:50:58	266	266	0	True	True
33684	gkalpak	2019-11-08 11:32:42	gkalpak	2019-11-08 11:32:23	2	1	1	True	True
33683	gkalpak	2019-11-08 11:31:42	gkalpak	2019-11-08 11:31:23	2	1	1	True	True
33682	ghost	2019-11-08 09:01:04	ephraim	2019-11-08 08:52:39	3	2	1	True	True
33678	mhevery	2019-11-08 05:22:26	mhevery	2019-11-08 05:20:23	10	5	5	True	True
33676	kyliau	2019-11-08 02:03:30	kyliau	2019-11-06 18:32:45	141	99	42	True	True
33675	kara	2019-11-08 00:32:41	kara	2019-11-08 00:28:59	6	3	3	True	True
33670	petebacondarwin	2019-11-07 22:32:57	petebacondarwin	2019-11-07 22:31:35	484	481	3	True	True
33670	petebacondarwin	2019-11-07 22:32:57	petebacondarwin	2020-11-25 16:51:42	37	23	14	False	True
33666	matsko	2019-11-07 21:42:38	matsko	2019-11-07 19:56:44	232	190	42	True	True
33664	devversion	2019-11-07 20:10:18	devversion	2019-11-07 20:29:47	40	17	23	False	True
33664	devversion	2019-11-07 20:10:18	devversion	2019-11-08 08:38:25	28	10	18	False	True
33663	atscott	2019-11-07 19:48:37	atscott	2019-11-08 18:18:46	33	4	29	False	True
33663	atscott	2019-11-07 19:48:37	atscott	2019-11-07 19:45:01	11	10	1	True	True
33663	atscott	2019-11-07 19:48:37	atscott	2019-11-08 18:16:40	72	24	48	False	True
33662	petebacondarwin	2019-11-07 19:35:27	petebacondarwin	2019-11-07 19:31:14	4	2	2	True	True
33661	atscott	2019-11-07 19:18:45	atscott	2019-11-07 19:15:45	45	6	39	True	True
33660	kyliau	2019-11-07 19:10:20	kyliau	2019-11-07 19:00:38	4	2	2	True	True
33658	JoostK	2019-11-07 18:36:08	JoostK	2019-11-07 18:34:40	30	22	8	True	True
33656	santoshyadavdev	2019-11-07 17:04:28	santoshyadavdev	2019-11-07 20:45:19	58	31	27	False	True
33653	pkozlowski-opensource	2019-11-07 15:24:51	pkozlowski-opensource	2019-11-07 15:22:12	22	18	4	True	True
33648	gkalpak	2019-11-07 11:31:12	gkalpak	2019-11-07 11:30:52	2	1	1	True	True
33647	pkozlowski-opensource	2019-11-07 10:48:29	pkozlowski-opensource	2019-11-07 09:55:59	12	11	1	True	True
33647	pkozlowski-opensource	2019-11-07 10:48:29	pkozlowski-opensource	2019-11-07 11:23:17	25	13	12	False	True
33647	pkozlowski-opensource	2019-11-07 10:48:29	pkozlowski-opensource	2019-11-07 10:42:58	18	5	13	True	True
33647	pkozlowski-opensource	2019-11-07 10:48:29	pkozlowski-opensource	2019-11-07 10:25:26	21	9	12	True	True
33645	ketan-gote	2019-11-07 07:34:37	ketan-gote	2019-11-07 07:31:33	2	1	1	True	True
33644	mhevery	2019-11-07 06:35:32	mhevery	2019-11-07 06:32:59	234	204	30	True	True
33643	kara	2019-11-07 05:54:01	kara	2019-11-07 17:45:37	106	104	2	False	True
33643	kara	2019-11-07 05:54:01	kara	2019-11-08 18:59:07	2	1	1	False	True
33636	josephperrott	2019-11-06 21:19:25	josephperrott	2019-11-06 21:18:48	2	1	1	True	True
33634	josephperrott	2019-11-06 19:43:00	josephperrott	2019-11-06 19:23:11	265	39	226	True	True
33633	kyliau	2019-11-06 18:35:46	kyliau	2019-11-06 18:34:09	10	5	5	True	True
33630	petebacondarwin	2019-11-06 17:07:10	petebacondarwin	2019-11-06 17:03:56	458	397	61	True	True
33629	pkozlowski-opensource	2019-11-06 16:55:33	pkozlowski-opensource	2019-11-06 15:56:28	22	11	11	True	True
33627	pkozlowski-opensource	2019-11-06 14:40:39	pkozlowski-opensource	2019-11-06 14:29:27	119	91	28	True	True
33627	pkozlowski-opensource	2019-11-06 14:40:39	pkozlowski-opensource	2019-11-06 14:28:28	244	243	1	True	True
33625	gkalpak	2019-11-06 11:31:09	gkalpak	2019-11-06 11:30:49	2	1	1	True	True
33624	gkalpak	2019-11-06 11:30:08	gkalpak	2019-11-06 11:29:46	2	1	1	True	True
33621	devversion	2019-11-06 09:56:37	devversion	2019-11-06 09:47:08	31	26	5	True	True
33618	amitdjs	2019-11-06 09:32:06	amitdjs	2019-11-06 09:28:33	2	1	1	True	True
33617	alan-agius4	2019-11-06 09:00:26	alan-agius4	2019-11-06 09:28:56	133	119	14	False	True
33616	alan-agius4	2019-11-06 08:59:39	alan-agius4	2019-11-06 09:36:08	96	86	10	False	True
33616	alan-agius4	2019-11-06 08:59:39	alan-agius4	2019-11-07 07:11:15	12	7	5	False	True
33613	santoshyadavdev	2019-11-06 06:47:57	santoshyadavdev	2019-11-07 17:10:36	6	3	3	False	True
33609	AndrewKushnir	2019-11-06 02:10:46	AndrewKushnir	2019-11-14 00:49:46	290	147	143	False	True
33609	AndrewKushnir	2019-11-06 02:10:46	AndrewKushnir	2019-11-06 02:00:55	267	232	35	True	True
33608	matsko	2019-11-05 22:59:48	matsko	2019-11-05 22:54:12	188	188	0	True	True
33607	gregmagolan	2019-11-05 22:55:49	gregmagolan	2019-11-06 00:56:25	69	44	25	False	True
33607	gregmagolan	2019-11-05 22:55:49	gregmagolan	2019-10-29 21:21:30	2003	1332	671	True	True
33607	gregmagolan	2019-11-05 22:55:49	gregmagolan	2019-11-06 17:18:10	4	2	2	False	True
33606	atscott	2019-11-05 22:38:47	atscott	2019-11-05 22:33:46	48	40	8	True	True
33605	matsko	2019-11-05 22:18:38	matsko	2019-11-05 22:38:30	27	15	12	False	True
33605	matsko	2019-11-05 22:18:38	matsko	2019-11-01 20:22:07	18	9	9	True	True
33604	gregmagolan	2019-11-05 22:13:53	gregmagolan	2019-11-05 22:10:30	2003	671	1332	True	True
33602	atscott	2019-11-05 21:33:42	atscott	2019-11-05 21:32:16	6	3	3	True	True
33600	matsko	2019-11-05 20:23:52	matsko	2019-11-06 17:41:55	45	16	29	False	True
33600	matsko	2019-11-05 20:23:52	matsko	2019-11-05 20:14:03	239	233	6	True	True
33599	AndrewKushnir	2019-11-05 19:19:24	AndrewKushnir	2019-11-05 19:12:27	35	33	2	True	True
33599	AndrewKushnir	2019-11-05 19:19:24	AndrewKushnir	2019-11-06 18:14:53	2	1	1	False	True
33598	josephperrott	2019-11-05 18:19:14	josephperrott	2019-11-05 18:17:57	26	0	26	True	True
33595	pkozlowski-opensource	2019-11-05 15:22:50	pkozlowski-opensource	2019-11-04 14:16:54	69	44	25	True	True
33588	kyliau	2019-11-05 01:27:25	kyliau	2019-11-05 01:15:07	8	6	2	True	True
33587	AndrewKushnir	2019-11-04 23:51:48	AndrewKushnir	2019-11-04 23:47:32	2	1	1	True	True
33584	josephperrott	2019-11-04 20:53:30	josephperrott	2019-11-07 17:56:39	10	5	5	False	True
33583	AndrewKushnir	2019-11-04 20:39:15	AndrewKushnir	2019-11-05 00:04:12	4	2	2	False	True
33583	AndrewKushnir	2019-11-04 20:39:15	AndrewKushnir	2019-08-03 19:24:48	70	61	9	True	True
33581	JiaLiPassion	2019-11-04 20:00:47	JiaLiPassion	2019-11-04 19:58:25	2	1	1	True	True
33577	jbogarthyde	2019-11-04 18:59:51	jbogarthyde	2019-11-04 18:10:56	249	141	108	True	True
33574	jbogarthyde	2019-11-04 16:40:33	jbogarthyde	2019-11-04 16:27:42	40	21	19	True	True
33571	devversion	2019-11-04 14:57:21	devversion	2019-11-05 19:25:46	32	24	8	False	True
33570	rashmithakkar	2019-11-04 13:39:45	rashmithakkar	2019-11-04 13:38:46	2	1	1	True	True
33569	eliraneliassy	2019-11-04 13:37:35	eliraneliassy	2019-11-04 13:30:06	2	1	1	True	True
33567	devversion	2019-11-04 11:46:43	devversion	2019-11-04 11:42:13	51	47	4	True	True
33560	AndrewKushnir	2019-11-03 22:23:18	AndrewKushnir	2019-11-03 22:16:29	77	68	9	True	True
33560	AndrewKushnir	2019-11-03 22:23:18	AndrewKushnir	2019-11-04 00:39:10	3	3	0	False	True
33559	srichandradeep	2019-11-03 19:14:32	srichandradeep	2019-11-03 19:13:06	2	1	1	True	True
33556	ghost	2019-11-03 13:37:55	Feliks Khantsis	2019-11-22 13:07:30	64	54	10	False	True
33555	JoostK	2019-11-03 11:13:49	JoostK	2019-11-03 20:14:51	34	29	5	False	True
33555	JoostK	2019-11-03 11:13:49	JoostK	2019-11-03 11:12:35	75	53	22	True	True
33554	pkozlowski-opensource	2019-11-03 11:10:37	pkozlowski-opensource	2019-11-03 11:06:39	32	3	29	True	True
33553	dmorosinotto	2019-11-03 10:45:22	dmorosinotto	2019-11-03 10:39:43	10	5	5	True	True
33551	JoostK	2019-11-02 23:35:32	JoostK	2019-11-09 15:55:13	8	4	4	False	True
33551	JoostK	2019-11-02 23:35:32	JoostK	2019-11-02 23:33:31	45	39	6	True	True
33550	JoostK	2019-11-02 20:43:50	JoostK	2019-11-02 20:42:25	61	40	21	True	True
33549	ayazhafiz	2019-11-02 19:32:37	ayazhafiz	2019-11-02 19:15:49	235	120	115	True	True
33547	gkalpak	2019-11-02 11:54:11	gkalpak	2019-11-02 13:15:47	148	64	84	False	True
33547	gkalpak	2019-11-02 11:54:11	gkalpak	2019-11-07 15:16:35	128	64	64	False	True
33547	gkalpak	2019-11-02 11:54:11	gkalpak	2019-11-02 13:13:36	426	266	160	False	True
33547	gkalpak	2019-11-02 11:54:11	gkalpak	2019-11-02 11:08:08	2	1	1	True	True
33545	mhevery	2019-11-02 04:29:35	mhevery	2019-11-02 04:27:23	55	44	11	True	True
33544	mhevery	2019-11-02 04:24:02	mhevery	2019-11-02 04:20:44	199	199	0	True	True
33544	mhevery	2019-11-02 04:24:02	mhevery	2019-11-04 21:21:51	22	12	10	False	True
33544	mhevery	2019-11-02 04:24:02	gkalpak	2019-11-05 11:15:49	54	27	27	False	True
33542	mhevery	2019-11-02 04:13:52	mhevery	2019-11-04 21:26:36	136	105	31	False	True
33542	mhevery	2019-11-02 04:13:52	mhevery	2019-11-04 21:26:36	27	10	17	False	True
33542	mhevery	2019-11-02 04:13:52	mhevery	2019-11-04 21:26:36	36	18	18	False	True
33542	mhevery	2019-11-02 04:13:52	mhevery	2019-11-02 04:08:54	191	162	29	True	True
33540	matsko	2019-11-01 22:55:54	matsko	2019-11-01 22:53:50	659	368	291	True	True
33538	alyssamichelle	2019-11-01 21:12:57	alyssanicoll	2019-11-01 21:08:02	4	2	2	True	True
33537	alxhub	2019-11-01 21:09:04	alxhub	2019-11-01 19:47:14	75	52	23	True	True
33536	alxhub	2019-11-01 20:07:25	alxhub	2019-11-01 19:31:56	62	57	5	True	True
33534	geoffbass	2019-11-01 17:55:29	geoffbass	2019-11-01 17:53:17	2	1	1	True	True
33533	petebacondarwin	2019-11-01 16:38:34	alxhub	2019-11-01 16:55:09	141	116	25	False	True
33533	petebacondarwin	2019-11-01 16:38:34	petebacondarwin	2019-11-01 16:55:10	188	156	32	False	True
33533	petebacondarwin	2019-11-01 16:38:34	petebacondarwin	2019-11-01 16:55:10	237	237	0	False	True
33533	petebacondarwin	2019-11-01 16:38:34	petebacondarwin	2019-11-01 16:55:09	2	1	1	False	True
33530	devversion	2019-11-01 11:45:30	devversion	2019-11-01 12:38:57	42	13	29	False	True
33525	rkatka	2019-11-01 04:08:41	rkatka	2019-11-01 04:03:48	3	0	3	True	True
