pr_number	author_user_login	pr_created_at	commit_user_login	commit_created_at	commit_status_total	commit_status_additions	commit_status_deletions	create_before_pr	is_review_commit
14216	tbosch	2017-01-31 23:43:37	tbosch	2017-01-31 19:08:29	453	338	115	True	True
14216	tbosch	2017-01-31 23:43:37	tbosch	2017-01-31 22:52:01	474	338	136	True	True
14214	gkalpak	2017-01-31 22:26:36	gkalpak	2017-01-31 22:23:25	8	4	4	True	True
14213	not-for-me	2017-01-31 22:00:45	not-for-me	2017-01-31 22:00:20	4	2	2	True	True
14209	tbosch	2017-01-31 18:31:17	tbosch	2017-01-31 16:51:42	830	545	285	True	True
14208	vicb	2017-01-31 17:49:10	vicb	2017-01-31 17:47:10	38	25	13	True	True
14198	alexeagle	2017-01-31 00:26:02	alexeagle	2017-01-31 00:25:15	17	17	0	True	True
14196	filipesilva	2017-01-30 23:38:43	filipesilva	2017-01-30 23:28:56	213	213	0	True	True
14193	alexeagle	2017-01-30 20:56:25	alexeagle	2017-01-30 20:55:42	3	3	0	True	True
14185	panuruj	2017-01-30 10:21:54	panuruj	2017-01-30 10:18:45	767	761	6	True	True
14179	DzmitryShylovich	2017-01-29 22:00:33	DzmitryShylovich	2017-01-29 21:58:28	2	1	1	True	True
14178	DzmitryShylovich	2017-01-29 21:34:02	DzmitryShylovich	2017-01-29 21:29:07	56	54	2	True	True
14177	gkalpak	2017-01-29 20:20:56	gkalpak	2017-01-29 20:15:34	3	1	2	True	True
14174	gkalpak	2017-01-28 22:24:15	gkalpak	2017-01-28 21:01:05	30	17	13	True	True
14167	IgorMinar	2017-01-28 09:16:14	IgorMinar	2017-01-28 09:15:40	80	65	15	True	True
14162	IgorMinar	2017-01-28 01:50:10	IgorMinar	2017-01-28 01:49:44	166	155	11	True	True
14162	IgorMinar	2017-01-28 01:50:10	IgorMinar	2017-01-28 02:10:00	27	7	20	False	True
14160	mhevery	2017-01-28 00:14:28	mhevery	2017-02-04 04:54:00	268	0	268	False	True
14160	mhevery	2017-01-28 00:14:28	mhevery	2017-01-27 21:19:00	907	407	500	True	True
14159	alexeagle	2017-01-28 00:11:59	alexeagle	2017-01-28 00:09:02	1	1	0	True	True
14158	alexeagle	2017-01-27 23:37:04	alexeagle	2017-01-27 23:35:31	37	36	1	True	True
14157	chuckjaz	2017-01-27 22:45:31	chuckjaz	2017-01-26 17:35:49	595	595	0	True	True
14156	chuckjaz	2017-01-27 22:30:51	chuckjaz	2017-01-27 22:19:24	9	3	6	True	True
14155	vsavkin	2017-01-27 22:14:45	vsavkin	2017-02-17 21:12:45	456	301	155	False	True
14153	vicb	2017-01-27 20:37:09	vicb	2017-01-27 20:34:10	59	43	16	True	True
14150	LucasSloan	2017-01-27 19:28:15	LucasSloan	2017-02-03 23:54:00	2	1	1	False	True
14150	LucasSloan	2017-01-27 19:28:15	LucasSloan	2017-02-07 19:53:21	2	1	1	False	True
14150	LucasSloan	2017-01-27 19:28:15	LucasSloan	2017-01-27 18:36:46	144	26	118	True	True
14150	LucasSloan	2017-01-27 19:28:15	LucasSloan	2017-02-04 00:03:54	3	2	1	False	True
14150	LucasSloan	2017-01-27 19:28:15	LucasSloan	2017-02-02 22:48:16	26	26	0	False	True
14150	LucasSloan	2017-01-27 19:28:15	LucasSloan	2017-02-03 21:41:28	2102	1822	280	False	True
14150	LucasSloan	2017-01-27 19:28:15	LucasSloan	2017-01-27 19:19:56	1210	1201	9	True	True
14150	LucasSloan	2017-01-27 19:28:15	LucasSloan	2017-02-02 22:20:25	1744	85	1659	False	True
14150	LucasSloan	2017-01-27 19:28:15	LucasSloan	2017-02-03 23:52:56	2	1	1	False	True
14150	LucasSloan	2017-01-27 19:28:15	LucasSloan	2017-01-27 19:41:54	5	3	2	False	True
14149	alexeagle	2017-01-27 18:27:33	alexeagle	2017-01-27 03:49:44	59	33	26	True	True
14148	DzmitryShylovich	2017-01-27 17:34:08	DzmitryShylovich	2017-01-27 17:31:57	12	11	1	True	True
14140	petebacondarwin	2017-01-27 14:54:50	petebacondarwin	2017-01-27 14:50:11	1	1	0	True	True
14140	petebacondarwin	2017-01-27 14:54:50	petebacondarwin	2017-01-27 14:51:41	867	431	436	True	True
14135	jolly-roger	2017-01-27 11:53:25	jolly-roger	2017-01-22 11:30:54	87	78	9	True	True
14132	IgorMinar	2017-01-27 06:31:20	IgorMinar	2017-01-27 06:30:42	479	235	244	True	True
14132	IgorMinar	2017-01-27 06:31:20	IgorMinar	2017-01-27 06:49:53	92	0	92	False	True
14130	alexeagle	2017-01-27 00:59:59	mhevery	2016-08-19 18:40:22	243	242	1	True	True
14130	alexeagle	2017-01-27 00:59:59	alexeagle	2017-01-26 22:03:30	8953	6085	2868	True	True
14130	alexeagle	2017-01-27 00:59:59	alexeagle	2017-01-27 00:56:13	239	113	126	True	True
14126	jasonaden	2017-01-26 22:38:46	jasonaden	2017-01-26 01:21:54	1259	409	850	True	True
14124	chuckjaz	2017-01-26 21:42:52	chuckjaz	2017-01-26 21:23:10	2	1	1	True	True
14123	chuckjaz	2017-01-26 20:47:53	chuckjaz	2017-01-26 20:42:48	45	44	1	True	True
14120	tbosch	2017-01-26 17:48:37	tbosch	2017-01-25 21:45:07	1221	665	556	True	True
14117	DzmitryShylovich	2017-01-26 15:25:23	DzmitryShylovich	2017-01-26 15:23:53	4	3	1	True	True
14115	marclaval	2017-01-26 09:26:49	marclaval	2017-01-26 09:27:07	48	44	4	False	True
14112	mhevery	2017-01-26 06:32:47	mhevery	2017-01-26 06:32:32	115	46	69	True	True
14112	mhevery	2017-01-26 06:32:47	mhevery	2017-01-26 06:36:38	29	15	14	False	True
14111	vicb	2017-01-26 00:01:03	vicb	2017-01-25 23:55:17	49	46	3	True	True
14104	chuckjaz	2017-01-25 17:56:46	chuckjaz	2017-01-30 23:32:08	150	118	32	False	True
14104	chuckjaz	2017-01-25 17:56:46	chuckjaz	2017-01-25 21:45:06	255	186	69	False	True
14104	chuckjaz	2017-01-25 17:56:46	chuckjaz	2017-01-25 21:40:55	38	37	1	False	True
14102	gkalpak	2017-01-25 17:48:21	gkalpak	2017-01-27 20:39:31	1	1	0	False	True
14102	gkalpak	2017-01-25 17:48:21	gkalpak	2017-01-25 17:39:01	947	863	84	True	True
14101	cexbrayat	2017-01-25 15:46:42	cexbrayat	2017-01-25 15:42:30	16	14	2	True	True
14097	petebacondarwin	2017-01-25 10:04:49	petebacondarwin	2017-01-25 22:27:05	21	21	0	False	True
14097	petebacondarwin	2017-01-25 10:04:49	petebacondarwin	2016-12-02 13:00:31	4	0	4	True	True
14097	petebacondarwin	2017-01-25 10:04:49	petebacondarwin	2016-12-12 11:20:02	2	1	1	True	True
14097	petebacondarwin	2017-01-25 10:04:49	petebacondarwin	2017-01-25 22:15:51	8152	2880	5272	False	True
14095	dejour	2017-01-25 09:36:53	dejour	2017-01-25 09:33:13	142	131	11	True	True
14094	DzmitryShylovich	2017-01-25 07:54:09	DzmitryShylovich	2017-01-25 07:52:41	4	2	2	True	True
14088	jasonaden	2017-01-24 23:37:03	jasonaden	2017-01-24 23:20:28	229	196	33	True	True
14084	tbosch	2017-01-24 22:21:17	tbosch	2017-01-23 18:23:44	140	74	66	True	True
14084	tbosch	2017-01-24 22:21:17	tbosch	2017-01-24 00:59:20	1206	1022	184	True	True
14067	DzmitryShylovich	2017-01-23 17:49:24	DzmitryShylovich	2017-01-23 17:48:04	57	51	6	True	True
14065	petebacondarwin	2017-01-23 14:23:51	petebacondarwin	2017-01-23 14:20:01	33	30	3	True	True
14053	Toxicable	2017-01-22 08:42:43	Toxicable	2017-01-23 10:31:16	19	11	8	False	True
14053	Toxicable	2017-01-22 08:42:43	Toxicable	2017-01-22 09:02:07	5	2	3	False	True
14053	Toxicable	2017-01-22 08:42:43	Toxicable	2017-01-22 08:37:22	13	13	0	True	True
14052	Toxicable	2017-01-22 04:48:00	Toxicable	2017-01-24 09:36:48	8	4	4	False	True
14052	Toxicable	2017-01-22 04:48:00	Toxicable	2017-01-22 03:13:47	67	65	2	True	True
14049	wKoza	2017-01-21 10:45:29	wKoza	2017-01-21 09:07:12	6	3	3	True	True
14049	wKoza	2017-01-21 10:45:29	wKoza	2017-01-21 10:27:42	2	1	1	True	True
14045	tbosch	2017-01-20 23:22:47	tbosch	2017-01-20 23:22:09	3	2	1	True	True
14039	petebacondarwin	2017-01-20 16:46:20	petebacondarwin	2017-01-20 16:38:14	101	94	7	True	True
14037	gkalpak	2017-01-20 15:12:25	gkalpak	2017-02-01 03:18:28	4	4	0	False	True
14037	gkalpak	2017-01-20 15:12:25	gkalpak	2017-01-19 11:04:24	757	243	514	True	True
14037	gkalpak	2017-01-20 15:12:25	gkalpak	2017-01-16 21:52:42	245	169	76	True	True
14037	gkalpak	2017-01-20 15:12:25	gkalpak	2017-01-13 14:20:28	350	169	181	True	True
14037	gkalpak	2017-01-20 15:12:25	gkalpak	2017-01-13 22:36:16	139	71	68	True	True
14020	alexeagle	2017-01-19 22:20:51	alexeagle	2017-01-13 01:35:02	55	32	23	True	True
14017	bowenni	2017-01-19 18:29:55	bowenni	2017-01-19 18:20:04	19	17	2	True	True
14004	vicb	2017-01-19 02:17:16	vicb	2017-01-20 19:58:45	284	193	91	False	True
14004	vicb	2017-01-19 02:17:16	vicb	2017-01-19 22:42:25	157	100	57	False	True
14004	vicb	2017-01-19 02:17:16	vicb	2017-01-18 01:36:16	218	175	43	True	True
14003	alexeagle	2017-01-19 00:16:34	alexeagle	2017-01-19 00:15:39	6	6	0	True	True
14002	DzmitryShylovich	2017-01-18 23:31:58	DzmitryShylovich	2017-01-18 23:30:02	25	25	0	True	True
13991	IgorMinar	2017-01-18 17:09:31	IgorMinar	2017-01-20 06:48:17	4	2	2	False	True
13991	IgorMinar	2017-01-18 17:09:31	IgorMinar	2017-01-20 00:24:47	299	290	9	False	True
13989	DzmitryShylovich	2017-01-18 15:08:52	DzmitryShylovich	2017-01-18 15:07:25	43	42	1	True	True
13987	jolly-roger	2017-01-18 13:45:53	jolly-roger	2017-01-19 09:30:54	57	33	24	False	True
13987	jolly-roger	2017-01-18 13:45:53	jolly-roger	2017-01-19 09:51:56	11	7	4	False	True
13987	jolly-roger	2017-01-18 13:45:53	jolly-roger	2017-01-18 13:27:35	83	74	9	True	True
13987	jolly-roger	2017-01-18 13:45:53	jolly-roger	2017-01-18 15:25:18	5	3	2	False	True
13987	jolly-roger	2017-01-18 13:45:53	jolly-roger	2017-01-18 15:07:55	2	1	1	False	True
13987	jolly-roger	2017-01-18 13:45:53	jolly-roger	2017-01-20 20:13:22	10	5	5	False	True
13987	jolly-roger	2017-01-18 13:45:53	jolly-roger	2017-01-20 12:39:37	24	13	11	False	True
13976	alexeagle	2017-01-18 06:14:19	alexeagle	2017-01-18 06:09:42	5	5	0	True	True
13970	vicb	2017-01-17 23:12:16	mhevery	2016-08-19 18:40:22	243	242	1	True	True
13956	DzmitryShylovich	2017-01-16 21:26:20	DzmitryShylovich	2017-01-16 21:24:49	53	40	13	True	True
13956	DzmitryShylovich	2017-01-16 21:26:20	DzmitryShylovich	2017-01-17 09:36:12	7	6	1	False	True
13943	mprobst	2017-01-16 08:44:10	mprobst	2017-01-16 15:22:56	1	1	0	False	True
13943	mprobst	2017-01-16 08:44:10	mprobst	2017-01-16 08:42:25	18	15	3	True	True
13934	gkalpak	2017-01-15 08:53:31	gkalpak	2017-01-15 08:50:44	2	1	1	True	True
13932	DzmitryShylovich	2017-01-14 22:06:53	DzmitryShylovich	2017-01-14 22:05:24	25	24	1	True	True
13929	DzmitryShylovich	2017-01-14 19:57:24	DzmitryShylovich	2017-01-14 19:56:08	31	30	1	True	True
13922	DzmitryShylovich	2017-01-13 23:06:50	DzmitryShylovich	2017-01-13 23:05:25	174	153	21	True	True
13904	vikerman	2017-01-12 23:33:56	vikerman	2017-01-12 23:31:09	48	24	24	True	True
13903	DzmitryShylovich	2017-01-12 22:43:54	DzmitryShylovich	2017-01-12 22:41:49	6	5	1	True	True
13901	tcoz	2017-01-12 22:03:25	tcoz	2017-01-12 22:02:59	1	0	1	True	True
13900	lordazzi	2017-01-12 20:30:32	lordazzi	2017-01-12 20:20:47	2	1	1	True	True
13895	DzmitryShylovich	2017-01-12 14:15:03	DzmitryShylovich	2017-01-30 18:44:19	47	41	6	False	True
13895	DzmitryShylovich	2017-01-12 14:15:03	DzmitryShylovich	2017-01-30 18:26:21	10	5	5	False	True
13891	vthinkxie	2017-01-12 12:19:20	vthinkxie	2017-01-12 12:29:11	10	5	5	False	True
13891	vthinkxie	2017-01-12 12:19:20	vthinkxie	2017-01-12 12:36:40	6	2	4	False	True
13891	vthinkxie	2017-01-12 12:19:20	vthinkxie	2017-01-12 12:02:45	16	14	2	True	True
13891	vthinkxie	2017-01-12 12:19:20	vthinkxie	2017-01-13 03:50:09	33	33	0	False	True
13891	vthinkxie	2017-01-12 12:19:20	vthinkxie	2017-01-12 12:58:48	2	2	0	False	True
13880	vicb	2017-01-11 17:40:38	vicb	2017-01-09 21:16:46	496	312	184	True	True
13880	vicb	2017-01-11 17:40:38	vicb	2017-01-09 21:16:37	62	40	22	True	True
13880	vicb	2017-01-11 17:40:38	vicb	2017-01-11 03:07:03	104	85	19	True	True
13876	marclaval	2017-01-11 15:32:09	marclaval	2017-01-11 15:32:34	21	19	2	False	True
13862	pkozlowski-opensource	2017-01-10 13:51:35	pkozlowski-opensource	2017-01-10 13:45:11	20	9	11	True	True
13861	gionkunz	2017-01-10 13:11:09	gionkunz	2017-01-10 13:14:41	135	110	25	False	True
13850	alexeagle	2017-01-09 23:33:34	alexeagle	2017-01-09 23:32:56	32	32	0	True	True
13842	PatrickJS	2017-01-09 02:35:47	PatrickJS	2017-02-11 15:47:16	12	9	3	False	True
13838	DzmitryShylovich	2017-01-07 22:05:11	DzmitryShylovich	2017-01-07 22:04:18	6	4	2	True	True
13832	SystemDisc	2017-01-07 16:04:19	SystemDisc	2017-01-07 15:58:20	5	4	1	True	True
13827	IgorMinar	2017-01-07 06:15:21	IgorMinar	2017-01-07 06:00:25	82	82	0	True	True
13815	matsko	2017-01-06 21:21:06	matsko	2017-01-06 21:23:13	123	122	1	False	True
13814	vicb	2017-01-06 19:29:03	vicb	2017-01-06 19:28:09	85	36	49	True	True
13812	petebacondarwin	2017-01-06 15:07:38	petebacondarwin	2017-01-13 20:19:57	94	88	6	False	True
13812	petebacondarwin	2017-01-06 15:07:38	petebacondarwin	2017-01-13 20:14:58	218	110	108	False	True
13789	Toxicable	2017-01-05 00:14:49	Toxicable	2017-01-05 00:35:48	18	10	8	False	True
13789	Toxicable	2017-01-05 00:14:49	Toxicable	2017-01-05 01:51:47	2	1	1	False	True
13789	Toxicable	2017-01-05 00:14:49	Toxicable	2017-01-05 00:45:57	2	1	1	False	True
13789	Toxicable	2017-01-05 00:14:49	Toxicable	2017-01-05 03:07:17	57	23	34	False	True
13789	Toxicable	2017-01-05 00:14:49	Toxicable	2017-01-05 02:33:25	21	19	2	False	True
13789	Toxicable	2017-01-05 00:14:49	Toxicable	2017-01-05 00:09:26	2	1	1	True	True
13789	Toxicable	2017-01-05 00:14:49	Toxicable	2017-01-05 00:07:59	60	58	2	True	True
13789	Toxicable	2017-01-05 00:14:49	Toxicable	2017-01-05 00:28:27	33	18	15	False	True
13789	Toxicable	2017-01-05 00:14:49	Toxicable	2017-01-05 01:01:12	1	0	1	False	True
13789	Toxicable	2017-01-05 00:14:49	Toxicable	2017-01-05 00:40:51	6	3	3	False	True
13789	Toxicable	2017-01-05 00:14:49	Toxicable	2017-01-05 06:34:58	5	1	4	False	True
13785	mhevery	2017-01-04 21:28:55	mhevery	2017-01-04 00:54:46	430	255	175	True	True
13785	mhevery	2017-01-04 21:28:55	mhevery	2017-01-13 00:39:57	0	0	0	False	True
13775	DzmitryShylovich	2017-01-04 13:29:39	DzmitryShylovich	2017-01-04 13:26:48	50	47	3	True	True
13763	matsko	2017-01-03 23:28:17	matsko	2016-12-27 23:06:31	91	52	39	True	True
13762	vicb	2017-01-03 23:16:59	vicb	2017-01-04 01:21:45	21	7	14	False	True
13762	vicb	2017-01-03 23:16:59	vicb	2017-01-03 23:14:30	37	27	10	True	True
13751	wKoza	2017-01-02 16:57:47	wKoza	2017-01-02 16:54:31	2	1	1	True	True
13750	waiholiu	2017-01-02 13:48:03	waiholiu	2017-01-02 13:25:56	2	2	0	True	True
13744	DzmitryShylovich	2017-01-02 10:54:25	DzmitryShylovich	2017-01-02 10:20:32	49	23	26	True	True
13744	DzmitryShylovich	2017-01-02 10:54:25	DzmitryShylovich	2017-01-02 12:42:05	18	15	3	False	True
