pr_number	author_user_login	pr_created_at	commit_user_login	commit_created_at	commit_status_total	commit_status_additions	commit_status_deletions	create_before_pr	is_review_commit
20063	alexeagle	2017-10-31 19:30:04	alexeagle	2017-10-31 19:28:59	29	25	4	True	True
20062	chuckjaz	2017-10-31 17:47:13	chuckjaz	2017-10-31 17:41:20	30	22	8	True	True
20054	brachi-wernick	2017-10-31 13:18:23	brachi-wernick	2017-10-31 13:10:21	6	3	3	True	True
20054	brachi-wernick	2017-10-31 13:18:23	brachi-wernick	2017-11-01 12:33:26	2	1	1	False	True
20054	brachi-wernick	2017-10-31 13:18:23	brachi-wernick	2017-11-01 10:53:24	9	5	4	False	True
20054	brachi-wernick	2017-10-31 13:18:23	brachi-wernick	2017-11-01 09:58:38	10	6	4	False	True
20054	brachi-wernick	2017-10-31 13:18:23	brachi-wernick	2017-11-01 11:00:28	2	1	1	False	True
20047	hansl	2017-10-31 03:42:31	hansl	2017-10-31 03:42:20	31	25	6	True	True
20042	FrankiePo	2017-10-30 23:17:48	FrankiePo	2017-10-30 23:16:58	2	1	1	True	True
20041	tbosch	2017-10-30 23:03:42	tbosch	2017-10-30 23:03:22	71	46	25	True	True
20040	Toxicable	2017-10-30 23:00:24	Toxicable	2017-05-16 22:13:45	220	104	116	True	True
20039	Foxandxss	2017-10-30 22:42:57	Foxandxss	2017-10-30 22:39:58	2211	1062	1149	True	True
20038	petebacondarwin	2017-10-30 21:38:13	petebacondarwin	2017-10-30 21:25:48	87	57	30	True	True
20038	petebacondarwin	2017-10-30 21:38:13	petebacondarwin	2017-10-23 13:47:21	524	169	355	True	True
20038	petebacondarwin	2017-10-30 21:38:13	petebacondarwin	2017-10-30 21:29:25	10	9	1	True	True
20038	petebacondarwin	2017-10-30 21:38:13	petebacondarwin	2017-10-23 16:58:49	60	48	12	True	True
20038	petebacondarwin	2017-10-30 21:38:13	petebacondarwin	2017-10-30 21:26:37	10	8	2	True	True
20035	alexeagle	2017-10-30 19:31:55	alexeagle	2017-10-30 19:31:00	201	44	157	True	True
20032	tbosch	2017-10-30 18:56:23	tbosch	2017-10-30 18:54:40	11	10	1	True	True
20030	vsavkin	2017-10-30 18:35:32	jasonaden	2018-06-08 21:35:43	79	36	43	False	True
20030	vsavkin	2017-10-30 18:35:32	vsavkin	2018-05-17 11:33:50	678	668	10	False	True
20029	FrankiePo	2017-10-30 18:14:34	FrankiePo	2017-10-30 18:13:04	2	1	1	True	True
20028	hansl	2017-10-30 17:56:23	hansl	2017-10-30 17:55:45	203	103	100	True	True
20028	hansl	2017-10-30 17:56:23	hansl	2017-10-27 21:47:31	167	167	0	True	True
20028	hansl	2017-10-30 17:56:23	hansl	2017-10-30 18:51:03	14	14	0	False	True
20024	jasonaden	2017-10-30 17:07:18	jasonaden	2017-10-30 16:42:39	1	1	0	True	True
20023	brandonroberts	2017-10-30 16:33:37	brandonroberts	2018-09-10 13:37:21	108	62	46	False	True
20023	brandonroberts	2017-10-30 16:33:37	brandonroberts	2018-09-12 16:20:07	18	17	1	False	True
20023	brandonroberts	2017-10-30 16:33:37	brandonroberts	2018-09-12 18:06:02	5	3	2	False	True
20023	brandonroberts	2017-10-30 16:33:37	brandonroberts	2017-10-10 03:21:04	238	133	105	True	True
20023	brandonroberts	2017-10-30 16:33:37	brandonroberts	2018-09-12 15:12:41	41	21	20	False	True
20021	jenniferfell	2017-10-30 16:11:26	kapunahelewong	2017-11-27 18:48:32	7173	7173	0	False	True
20019	Foxandxss	2017-10-30 15:29:30	Foxandxss	2017-10-30 15:29:00	256	126	130	True	True
20017	Foxandxss	2017-10-30 14:27:22	Foxandxss	2017-10-30 14:26:36	9	7	2	True	True
20014	Foxandxss	2017-10-30 12:05:19	Foxandxss	2017-10-30 12:04:34	489	113	376	True	True
20004	Foxandxss	2017-10-29 12:02:53	Foxandxss	2017-10-29 11:59:32	78	78	0	True	True
20001	wardbell	2017-10-28 19:48:11	wardbell	2017-10-28 19:45:20	6	3	3	True	True
19996	tbosch	2017-10-28 00:51:56	tbosch	2017-10-27 22:45:59	98	68	30	True	True
19996	tbosch	2017-10-28 00:51:56	tbosch	2017-10-28 00:04:11	191	166	25	True	True
19988	hansl	2017-10-27 18:26:13	hansl	2017-10-27 21:47:31	143	143	0	False	True
19988	hansl	2017-10-27 18:26:13	hansl	2017-10-27 19:38:58	586	227	359	False	True
19988	hansl	2017-10-27 18:26:13	hansl	2017-10-27 18:25:54	3	3	0	True	True
19985	wardbell	2017-10-27 17:10:51	wardbell	2017-10-27 16:56:50	318	165	153	True	True
19981	gkalpak	2017-10-27 14:08:38	gkalpak	2017-10-27 13:59:22	10	2	8	True	True
19975	ocombe	2017-10-27 09:15:21	ocombe	2017-10-25 21:07:55	1580	797	783	True	True
19966	rkirov	2017-10-27 00:29:51	rkirov	2017-10-27 00:23:30	27	19	8	True	True
19965	chuckjaz	2017-10-27 00:21:38	chuckjaz	2017-10-26 23:58:45	12	7	5	True	True
19962	alxhub	2017-10-26 21:28:27	alxhub	2017-10-26 21:23:26	2	1	1	True	True
19958	alxhub	2017-10-26 18:14:16	alxhub	2017-10-26 22:14:15	9	8	1	False	True
19958	alxhub	2017-10-26 18:14:16	alxhub	2017-10-25 22:55:36	30	27	3	True	True
19958	alxhub	2017-10-26 18:14:16	alxhub	2017-10-25 23:04:27	10	4	6	True	True
19958	alxhub	2017-10-26 18:14:16	alxhub	2017-10-25 23:40:59	42	27	15	True	True
19957	matsko	2017-10-26 18:10:11	matsko	2017-10-23 23:12:50	9	8	1	True	True
19955	matsko	2017-10-26 18:00:39	matsko	2017-10-30 22:05:35	6	3	3	False	True
19955	matsko	2017-10-26 18:00:39	matsko	2017-10-26 18:00:13	6	5	1	True	True
19954	alxhub	2017-10-26 17:33:53	alxhub	2017-10-26 17:29:36	63	28	35	True	True
19953	tbosch	2017-10-26 16:59:26	tbosch	2017-10-26 16:45:01	136	116	20	True	True
19953	tbosch	2017-10-26 16:59:26	tbosch	2017-10-25 23:51:12	50	48	2	True	True
19953	tbosch	2017-10-26 16:59:26	tbosch	2017-10-26 22:24:54	201	157	44	False	True
19953	tbosch	2017-10-26 16:59:26	tbosch	2017-10-26 22:27:21	3	2	1	False	True
19952	ocombe	2017-10-26 16:45:44	ocombe	2017-10-26 16:43:57	24	22	2	True	True
19950	trotyl	2017-10-26 16:00:25	trotyl	2017-11-15 14:55:28	17	15	2	False	True
19941	trotyl	2017-10-26 08:27:50	trotyl	2018-02-01 03:25:14	25	23	2	False	True
19939	markgoho	2017-10-26 03:29:05	markgoho	2017-10-26 03:27:19	4	2	2	True	True
19938	tbosch	2017-10-25 23:51:34	tbosch	2017-10-25 23:51:12	50	48	2	True	True
19936	alxhub	2017-10-25 21:42:50	alxhub	2017-10-25 21:38:02	6	4	2	True	True
19932	kapunahelewong	2017-10-25 16:35:54	kapunahelewong	2017-10-25 16:29:36	10	1	9	True	True
19931	jasonaden	2017-10-25 16:29:21	jasonaden	2017-10-25 16:28:17	8	4	4	True	True
19927	tbosch	2017-10-25 15:15:42	tbosch	2017-10-25 15:13:56	64	55	9	True	True
19926	EmmanuelDemey	2017-10-25 15:09:33	EmmanuelDemey	2017-10-25 15:09:07	2	1	1	True	True
19920	Epenance	2017-10-25 10:11:51	Epenance	2017-10-26 07:37:44	2	1	1	False	True
19917	Linskeyd	2017-10-25 05:05:07	Linskeyd	2017-10-25 04:58:59	37	22	15	True	True
19915	chuckjaz	2017-10-24 21:50:31	chuckjaz	2017-10-24 21:44:25	11	8	3	True	True
19912	chuckjaz	2017-10-24 19:57:29	chuckjaz	2017-10-24 19:52:14	37	19	18	True	True
19910	bowenni	2017-10-24 18:41:15	bowenni	2017-10-24 18:30:37	4	2	2	True	True
19909	tbosch	2017-10-24 18:37:53	tbosch	2017-10-24 18:26:04	66	50	16	True	True
19908	tinayuangao	2017-10-24 17:29:03	tinayuangao	2017-10-23 23:18:20	35	34	1	True	True
19904	gkalpak	2017-10-24 15:58:07	gkalpak	2017-10-24 11:54:08	525	295	230	True	True
19904	gkalpak	2017-10-24 15:58:07	gkalpak	2018-07-05 12:24:53	98	39	59	False	True
19904	gkalpak	2017-10-24 15:58:07	gkalpak	2018-07-03 12:35:56	164	74	90	False	True
19904	gkalpak	2017-10-24 15:58:07	gkalpak	2018-07-05 15:10:09	148	74	74	False	True
19904	gkalpak	2017-10-24 15:58:07	gkalpak	2018-07-06 06:13:25	136	94	42	False	True
19904	gkalpak	2017-10-24 15:58:07	gkalpak	2018-07-06 06:10:16	179	85	94	False	True
19904	gkalpak	2017-10-24 15:58:07	gkalpak	2018-07-05 18:18:38	25	12	13	False	True
19904	gkalpak	2017-10-24 15:58:07	gkalpak	2018-07-05 18:35:17	2014	1543	471	False	True
19904	gkalpak	2017-10-24 15:58:07	gkalpak	2018-07-04 22:53:51	59	52	7	False	True
19892	wardbell	2017-10-24 09:48:07	wardbell	2017-10-24 00:44:49	1488	609	879	True	True
19889	cyrilletuzi	2017-10-24 07:55:28	cyrilletuzi	2017-11-02 11:21:22	2	1	1	False	True
19889	cyrilletuzi	2017-10-24 07:55:28	cyrilletuzi	2017-10-24 07:54:12	6	6	0	True	True
19886	chuckjaz	2017-10-24 01:36:45	chuckjaz	2017-10-24 01:29:06	71	57	14	True	True
19884	tbosch	2017-10-24 00:56:56	tbosch	2017-10-24 00:51:19	349	284	65	True	True
19879	alexeagle	2017-10-23 18:43:38	alexeagle	2017-10-23 18:42:48	7	4	3	True	True
19876	fduperier	2017-10-23 17:09:50	fduperier	2017-10-23 17:08:06	7	7	0	True	True
19875	alxhub	2017-10-23 16:53:21	alxhub	2017-10-23 16:47:45	1	1	0	True	True
19875	alxhub	2017-10-23 16:53:21	alxhub	2017-10-23 16:47:49	16	16	0	True	True
19875	alxhub	2017-10-23 16:53:21	alxhub	2017-10-23 20:57:34	6	4	2	False	True
19856	ardatan	2017-10-22 16:16:42	ardatan	2017-10-22 16:15:31	112	110	2	True	True
19854	JoostK	2017-10-22 13:51:25	JoostK	2017-10-22 13:40:33	89	87	2	True	True
19850	wardbell	2017-10-21 23:15:50	wardbell	2017-10-21 21:01:19	246	78	168	True	True
19843	wardbell	2017-10-21 00:44:37	wardbell	2017-10-21 00:43:12	120	99	21	True	True
19842	tinayuangao	2017-10-21 00:27:23	tinayuangao	2017-09-15 23:12:02	61	37	24	True	True
19839	wardbell	2017-10-20 22:43:48	wardbell	2017-10-20 00:16:03	729	172	557	True	True
19837	alxhub	2017-10-20 20:17:16	alxhub	2017-10-20 20:11:43	14	11	3	True	True
19836	tbosch	2017-10-20 18:36:10	tbosch	2017-10-17 23:51:04	92	58	34	True	True
19836	tbosch	2017-10-20 18:36:10	tbosch	2017-10-20 16:46:41	2971	1131	1840	True	True
19818	wardbell	2017-10-20 00:18:04	wardbell	2017-10-17 22:10:05	2234	754	1480	True	True
19810	filipesilva	2017-10-19 18:17:44	filipesilva	2017-10-19 18:15:44	119	111	8	True	True
19809	alxhub	2017-10-19 16:37:40	alxhub	2017-10-19 16:31:10	57	48	9	True	True
19808	MrBlaise	2017-10-19 16:06:17	MrBlaise	2017-10-19 16:02:24	2	1	1	True	True
19804	filipesilva	2017-10-19 13:10:16	filipesilva	2017-10-19 13:07:35	38	36	2	True	True
19803	petebacondarwin	2017-10-19 13:04:57	petebacondarwin	2017-10-19 12:58:27	282	101	181	True	True
19802	oudinia	2017-10-19 12:31:58	oudinia	2017-10-19 12:27:29	4	2	2	True	True
19800	gkalpak	2017-10-19 09:25:27	gkalpak	2017-10-19 09:19:45	18	9	9	True	True
19795	alxhub	2017-10-18 21:39:51	gkalpak	2018-05-24 11:51:08	132	66	66	False	True
19795	alxhub	2017-10-18 21:39:51	gkalpak	2018-07-23 14:36:30	372	217	155	False	True
19795	alxhub	2017-10-18 21:39:51	gkalpak	2018-08-23 18:03:47	6	0	6	False	True
19795	alxhub	2017-10-18 21:39:51	gkalpak	2018-04-18 06:31:46	11	1	10	False	True
19795	alxhub	2017-10-18 21:39:51	gkalpak	2018-05-02 14:12:28	3	0	3	False	True
19795	alxhub	2017-10-18 21:39:51	gkalpak	2018-05-18 10:37:28	112	53	59	False	True
19795	alxhub	2017-10-18 21:39:51	alxhub	2017-11-28 18:13:52	249	133	116	False	True
19795	alxhub	2017-10-18 21:39:51	gkalpak	2018-05-24 21:25:34	30	22	8	False	True
19795	alxhub	2017-10-18 21:39:51	gkalpak	2018-05-24 11:54:34	60	39	21	False	True
19795	alxhub	2017-10-18 21:39:51	gkalpak	2018-05-24 12:06:53	143	97	46	False	True
19795	alxhub	2017-10-18 21:39:51	gkalpak	2018-05-18 10:28:12	349	248	101	False	True
19795	alxhub	2017-10-18 21:39:51	gkalpak	2018-04-18 06:21:32	18	9	9	False	True
19795	alxhub	2017-10-18 21:39:51	gkalpak	2018-07-22 18:14:01	125	69	56	False	True
19795	alxhub	2017-10-18 21:39:51	gkalpak	2018-07-12 08:06:39	4	2	2	False	True
19795	alxhub	2017-10-18 21:39:51	gkalpak	2018-07-22 16:55:35	306	141	165	False	True
19795	alxhub	2017-10-18 21:39:51	gkalpak	2018-05-18 11:19:03	20	10	10	False	True
19795	alxhub	2017-10-18 21:39:51	gkalpak	2018-07-22 18:47:17	2	1	1	False	True
19795	alxhub	2017-10-18 21:39:51	gkalpak	2018-07-23 12:27:42	143	82	61	False	True
19795	alxhub	2017-10-18 21:39:51	gkalpak	2018-04-18 05:37:46	63	2	61	False	True
19794	alxhub	2017-10-18 21:32:49	alxhub	2017-10-18 21:27:53	2	1	1	True	True
19791	wardbell	2017-10-18 19:44:38	wardbell	2017-10-18 19:41:01	244	111	133	True	True
19787	tbosch	2017-10-18 17:46:13	tbosch	2017-10-18 17:45:54	4	2	2	True	True
19784	tbosch	2017-10-18 15:50:27	tbosch	2017-10-18 15:50:00	10	7	3	True	True
19778	wardbell	2017-10-18 08:53:10	wardbell	2017-10-18 08:46:50	198	99	99	True	True
19777	wardbell	2017-10-18 07:52:45	wardbell	2017-10-18 07:51:15	152	70	82	True	True
19776	wardbell	2017-10-18 07:46:50	wardbell	2017-10-18 00:36:22	2477	1113	1364	True	True
19773	alxhub	2017-10-18 01:08:03	alxhub	2017-10-18 00:30:56	17	16	1	True	True
19772	tbosch	2017-10-17 23:52:23	tbosch	2017-10-17 23:51:04	92	58	34	True	True
19771	wardbell	2017-10-17 23:48:41	wardbell	2017-10-17 23:42:05	179	87	92	True	True
19770	chuckjaz	2017-10-17 23:16:06	chuckjaz	2017-10-17 23:10:15	49	46	3	True	True
19766	Cole-Beckwith-SP	2017-10-17 20:18:27	Cole-Beckwith-SP	2017-10-17 20:17:32	2	1	1	True	True
19764	alxhub	2017-10-17 17:18:22	alxhub	2017-10-10 19:57:50	7	5	2	True	True
19764	alxhub	2017-10-17 17:18:22	alxhub	2017-10-10 19:54:41	28	20	8	True	True
19762	shairez	2017-10-17 15:04:45	shairez	2017-10-17 15:03:24	4	2	2	True	True
19753	matsko	2017-10-16 22:41:56	matsko	2017-10-16 22:21:10	260	228	32	True	True
19748	alexeagle	2017-10-16 16:32:13	alexeagle	2017-10-16 16:31:25	36	19	17	True	True
19739	hariharanjv	2017-10-16 11:28:58	hariharanjv	2018-02-23 08:49:25	2	1	1	False	True
19739	hariharanjv	2017-10-16 11:28:58	hariharanjv	2017-10-16 11:26:01	6	6	0	True	True
19733	mkennedy3000	2017-10-15 19:53:40	mkennedy3000	2017-10-15 19:48:20	10	5	5	True	True
19721	trotyl	2017-10-14 07:39:26	trotyl	2017-10-16 10:08:41	27	24	3	False	True
19720	petebacondarwin	2017-10-14 06:03:56	petebacondarwin	2017-10-14 06:49:36	3	1	2	False	True
19720	petebacondarwin	2017-10-14 06:03:56	petebacondarwin	2017-10-12 11:28:43	74	47	27	True	True
19716	vikerman	2017-10-13 23:20:18	vikerman	2017-10-13 23:19:24	7	5	2	True	True
19715	dogeared	2017-10-13 22:56:36	dogeared	2017-10-13 22:38:29	2	1	1	True	True
19715	dogeared	2017-10-13 22:56:36	dogeared	2017-10-16 16:16:25	4	1	3	False	True
19710	tiangolo	2017-10-13 19:34:45	tiangolo	2017-10-13 19:18:51	11	1	10	True	True
19709	gkalpak	2017-10-13 19:31:35	gkalpak	2017-10-13 19:27:38	94	47	47	True	True
19706	juleskremer	2017-10-13 18:37:35	juleskremer	2017-10-13 18:36:30	33	20	13	True	True
19703	tbosch	2017-10-13 17:36:11	tbosch	2017-10-13 16:03:28	381	376	5	True	True
19702	IgorMinar	2017-10-13 17:28:01	IgorMinar	2017-11-01 11:05:06	16	8	8	False	True
19702	IgorMinar	2017-10-13 17:28:01	IgorMinar	2017-10-13 17:47:46	391	176	215	False	True
19702	IgorMinar	2017-10-13 17:28:01	IgorMinar	2017-10-13 20:08:32	12	6	6	False	True
19702	IgorMinar	2017-10-13 17:28:01	IgorMinar	2017-10-13 17:27:42	73	33	40	True	True
19702	IgorMinar	2017-10-13 17:28:01	IgorMinar	2017-10-13 19:30:39	117	92	25	False	True
19702	IgorMinar	2017-10-13 17:28:01	IgorMinar	2017-10-13 20:35:53	24	14	10	False	True
19702	IgorMinar	2017-10-13 17:28:01	IgorMinar	2017-10-21 05:14:53	9	6	3	False	True
19702	IgorMinar	2017-10-13 17:28:01	IgorMinar	2017-10-13 23:13:44	5	4	1	False	True
19702	IgorMinar	2017-10-13 17:28:01	IgorMinar	2017-10-13 20:02:27	198	99	99	False	True
19702	IgorMinar	2017-10-13 17:28:01	IgorMinar	2017-10-18 16:07:57	14	7	7	False	True
19702	IgorMinar	2017-10-13 17:28:01	IgorMinar	2017-10-13 21:31:13	10	8	2	False	True
19702	IgorMinar	2017-10-13 17:28:01	petebacondarwin	2017-10-23 21:11:14	35	7	28	False	True
19702	IgorMinar	2017-10-13 17:28:01	IgorMinar	2017-10-20 04:39:53	44	17	27	False	True
19702	IgorMinar	2017-10-13 17:28:01	IgorMinar	2017-10-13 21:52:44	23	22	1	False	True
19702	IgorMinar	2017-10-13 17:28:01	IgorMinar	2017-10-19 05:02:15	56	29	27	False	True
19702	IgorMinar	2017-10-13 17:28:01	petebacondarwin	2017-10-24 08:50:27	28	1	27	False	True
19702	IgorMinar	2017-10-13 17:28:01	IgorMinar	2017-10-21 05:18:48	23	20	3	False	True
19702	IgorMinar	2017-10-13 17:28:01	petebacondarwin	2017-10-24 08:51:23	46	22	24	False	True
19702	IgorMinar	2017-10-13 17:28:01	petebacondarwin	2017-10-25 12:49:22	6	3	3	False	True
19702	IgorMinar	2017-10-13 17:28:01	IgorMinar	2017-11-01 11:21:23	96	48	48	False	True
19702	IgorMinar	2017-10-13 17:28:01	petebacondarwin	2017-10-24 10:43:52	4	2	2	False	True
19702	IgorMinar	2017-10-13 17:28:01	petebacondarwin	2017-10-25 14:02:01	12	7	5	False	True
19702	IgorMinar	2017-10-13 17:28:01	IgorMinar	2017-10-30 10:34:54	49	28	21	False	True
19702	IgorMinar	2017-10-13 17:28:01	petebacondarwin	2017-10-24 08:53:26	3154	1994	1160	False	True
19702	IgorMinar	2017-10-13 17:28:01	IgorMinar	2017-10-23 13:17:27	2	1	1	False	True
19702	IgorMinar	2017-10-13 17:28:01	petebacondarwin	2017-10-24 08:52:16	2	1	1	False	True
19702	IgorMinar	2017-10-13 17:28:01	IgorMinar	2017-11-01 11:05:11	28	27	1	False	True
19702	IgorMinar	2017-10-13 17:28:01	petebacondarwin	2017-10-26 13:41:34	14	9	5	False	True
19702	IgorMinar	2017-10-13 17:28:01	petebacondarwin	2017-10-29 14:01:00	16	8	8	False	True
19702	IgorMinar	2017-10-13 17:28:01	petebacondarwin	2017-10-29 14:48:19	2	1	1	False	True
19687	gkalpak	2017-10-12 14:40:13	gkalpak	2017-10-11 17:55:37	36	22	14	True	True
19685	petebacondarwin	2017-10-12 11:29:30	petebacondarwin	2017-10-12 11:28:43	74	47	27	True	True
19684	petebacondarwin	2017-10-12 10:27:30	petebacondarwin	2017-10-12 10:26:16	4	2	2	True	True
19683	gkalpak	2017-10-12 10:19:22	gkalpak	2017-10-12 10:11:47	26	13	13	True	True
19682	petebacondarwin	2017-10-12 10:01:09	petebacondarwin	2017-10-12 11:33:28	2	1	1	False	True
19682	petebacondarwin	2017-10-12 10:01:09	petebacondarwin	2017-10-12 09:59:51	10	5	5	True	True
19682	petebacondarwin	2017-10-12 10:01:09	petebacondarwin	2017-10-12 09:59:25	103	102	1	True	True
19682	petebacondarwin	2017-10-12 10:01:09	petebacondarwin	2017-10-11 15:45:39	14	6	8	True	True
19682	petebacondarwin	2017-10-12 10:01:09	petebacondarwin	2017-10-11 21:04:50	220	99	121	True	True
19682	petebacondarwin	2017-10-12 10:01:09	petebacondarwin	2017-10-12 07:48:27	7	4	3	True	True
19682	petebacondarwin	2017-10-12 10:01:09	petebacondarwin	2017-10-11 20:36:33	61	25	36	True	True
19674	matsko	2017-10-11 21:48:14	matsko	2017-10-11 21:13:03	36	36	0	True	True
19673	matsko	2017-10-11 21:35:01	matsko	2017-10-11 21:34:13	493	254	239	True	True
19669	juleskremer	2017-10-11 19:29:08	juleskremer	2017-10-11 19:26:51	6	3	3	True	True
19668	kapunahelewong	2017-10-11 18:33:59	kapunahelewong	2017-10-11 17:30:39	4	2	2	True	True
19663	Splaktar	2017-10-11 15:53:11	Splaktar	2017-10-11 15:50:10	2	1	1	True	True
19655	gkalpak	2017-10-11 10:54:51	gkalpak	2017-10-06 21:25:27	94	56	38	True	True
19655	gkalpak	2017-10-11 10:54:51	gkalpak	2017-10-09 10:11:13	144	119	25	True	True
19651	sjtrimble	2017-10-11 06:52:48	sjtrimble	2017-10-11 06:45:55	123	117	6	True	True
19646	tbosch	2017-10-10 21:02:05	tbosch	2017-10-10 20:45:42	893	596	297	True	True
19642	ocombe	2017-10-10 17:08:53	ocombe	2017-10-10 17:06:34	11	9	2	True	True
19637	petebacondarwin	2017-10-10 12:52:06	petebacondarwin	2017-10-10 12:25:26	14	7	7	True	True
19633	gkalpak	2017-10-10 09:32:24	gkalpak	2017-10-10 09:22:06	27	12	15	True	True
19633	gkalpak	2017-10-10 09:32:24	gkalpak	2017-10-10 09:22:57	14	7	7	True	True
19624	tbosch	2017-10-09 21:09:33	tbosch	2017-10-04 16:13:22	77	65	12	True	True
19617	petebacondarwin	2017-10-09 10:15:08	petebacondarwin	2017-10-09 10:14:41	2	1	1	True	True
19616	petebacondarwin	2017-10-09 07:16:24	petebacondarwin	2017-10-10 11:54:59	2	1	1	False	True
19616	petebacondarwin	2017-10-09 07:16:24	petebacondarwin	2017-10-10 11:54:25	6	3	3	False	True
19616	petebacondarwin	2017-10-09 07:16:24	petebacondarwin	2017-10-11 07:15:03	4	2	2	False	True
19616	petebacondarwin	2017-10-09 07:16:24	petebacondarwin	2017-10-09 07:13:38	2	1	1	True	True
19616	petebacondarwin	2017-10-09 07:16:24	petebacondarwin	2017-10-09 10:18:51	6	3	3	False	True
19603	gkalpak	2017-10-07 14:01:02	gkalpak	2017-10-07 14:00:02	2	1	1	True	True
19601	tbosch	2017-10-06 22:41:49	tbosch	2017-10-06 22:12:32	32	25	7	True	True
19600	gkalpak	2017-10-06 21:34:01	petebacondarwin	2017-10-04 11:03:24	2	1	1	True	True
19600	gkalpak	2017-10-06 21:34:01	petebacondarwin	2017-10-06 12:37:56	15	10	5	True	True
19600	gkalpak	2017-10-06 21:34:01	petebacondarwin	2017-10-06 09:48:18	1044	495	549	True	True
19600	gkalpak	2017-10-06 21:34:01	gkalpak	2017-08-16 00:34:53	689	604	85	True	True
19600	gkalpak	2017-10-06 21:34:01	gkalpak	2017-10-09 10:11:13	168	139	29	False	True
19600	gkalpak	2017-10-06 21:34:01	petebacondarwin	2017-10-03 16:27:03	3	2	1	True	True
19600	gkalpak	2017-10-06 21:34:01	petebacondarwin	2017-10-04 09:38:59	8	4	4	True	True
19600	gkalpak	2017-10-06 21:34:01	petebacondarwin	2017-10-02 11:44:04	2	1	1	True	True
19600	gkalpak	2017-10-06 21:34:01	gkalpak	2017-10-09 21:05:56	3	2	1	False	True
19600	gkalpak	2017-10-06 21:34:01	gkalpak	2017-10-07 14:00:02	2	1	1	False	True
19600	gkalpak	2017-10-06 21:34:01	petebacondarwin	2017-10-02 12:09:39	61	33	28	True	True
19600	gkalpak	2017-10-06 21:34:01	gkalpak	2017-10-06 21:25:27	96	58	38	True	True
19600	gkalpak	2017-10-06 21:34:01	petebacondarwin	2017-10-06 13:48:37	95	29	66	True	True
19600	gkalpak	2017-10-06 21:34:01	alxhub	2017-10-05 23:23:04	11	3	8	True	True
19600	gkalpak	2017-10-06 21:34:01	petebacondarwin	2017-10-06 09:48:32	20	17	3	True	True
19589	ivanryuu	2017-10-06 07:44:38	ivanryuu	2017-10-06 07:31:20	54	48	6	True	True
19586	alxhub	2017-10-05 23:27:48	alxhub	2017-10-05 23:23:04	11	3	8	True	True
19585	ocombe	2017-10-05 22:47:35	ocombe	2017-10-05 22:42:40	20	10	10	True	True
19583	petebacondarwin	2017-10-05 21:51:43	petebacondarwin	2017-10-06 07:28:46	279	279	0	False	True
19582	chuckjaz	2017-10-05 21:48:28	chuckjaz	2017-10-05 21:36:15	73	51	22	True	True
19581	tbosch	2017-10-05 20:53:19	tbosch	2017-10-05 20:48:40	71	55	16	True	True
19581	tbosch	2017-10-05 20:53:19	tbosch	2017-10-05 20:49:12	22	20	2	True	True
19579	chuckjaz	2017-10-05 17:42:49	chuckjaz	2017-10-05 17:39:12	14	7	7	True	True
19578	chuckjaz	2017-10-05 17:09:59	chuckjaz	2017-10-05 17:05:57	113	93	20	True	True
19574	Foxandxss	2017-10-05 14:00:59	Foxandxss	2017-10-05 13:59:45	36	26	10	True	True
19566	petebacondarwin	2017-10-04 22:13:06	petebacondarwin	2017-10-04 22:10:40	25	22	3	True	True
19565	gkalpak	2017-10-04 21:42:41	gkalpak	2017-10-04 21:38:33	238	119	119	True	True
19562	tbosch	2017-10-04 21:02:46	tbosch	2017-10-04 20:37:27	98	42	56	True	True
19562	tbosch	2017-10-04 21:02:46	tbosch	2017-10-04 17:51:34	74	6	68	True	True
19561	kapunahelewong	2017-10-04 19:13:11	kapunahelewong	2017-10-02 20:51:58	7	7	0	True	True
19558	tbosch	2017-10-04 17:31:28	tbosch	2017-10-04 16:13:22	187	163	24	True	True
19558	tbosch	2017-10-04 17:31:28	tbosch	2017-10-09 21:09:01	65	60	5	False	True
19553	Foxandxss	2017-10-04 12:05:57	Foxandxss	2017-10-04 12:02:53	6	2	4	True	True
19552	Foxandxss	2017-10-04 11:49:21	Foxandxss	2017-10-04 11:48:04	76	66	10	True	True
19551	Foxandxss	2017-10-04 10:50:43	Foxandxss	2017-10-04 10:49:28	7	1	6	True	True
19550	mgol	2017-10-04 10:33:04	mgol	2017-10-04 10:29:41	1	1	0	True	True
19549	vikerman	2017-10-04 09:50:08	vikerman	2017-10-04 09:49:12	5	3	2	True	True
19548	gkalpak	2017-10-04 09:40:26	gkalpak	2017-10-04 09:38:12	4	2	2	True	True
19546	vikerman	2017-10-04 09:00:56	vikerman	2017-10-04 08:53:39	16	12	4	True	True
19541	JiaLiPassion	2017-10-03 23:26:01	JiaLiPassion	2017-10-03 23:23:16	6	3	3	True	True
19539	matsko	2017-10-03 22:44:51	matsko	2017-10-03 20:41:52	493	254	239	True	True
19536	tbosch	2017-10-03 21:22:36	tbosch	2017-10-03 20:47:39	16	14	2	True	True
19533	tbosch	2017-10-03 18:38:06	tbosch	2017-10-03 16:53:58	78	59	19	True	True
19532	matsko	2017-10-03 18:36:07	matsko	2017-10-04 22:57:25	214	143	71	False	True
19532	matsko	2017-10-03 18:36:07	matsko	2017-09-01 22:37:05	113	102	11	True	True
19531	kapunahelewong	2017-10-03 18:10:25	kapunahelewong	2017-10-03 17:57:05	3	2	1	True	True
19527	Delagen	2017-10-03 11:56:10	Delagen	2017-10-10 12:58:13	11	6	5	False	True
19519	alxhub	2017-10-02 23:11:44	alxhub	2017-10-02 22:59:57	996	767	229	True	True
19517	tbosch	2017-10-02 20:38:37	tbosch	2017-10-03 00:17:14	2	1	1	False	True
19517	tbosch	2017-10-02 20:38:37	tbosch	2017-10-03 02:47:27	7	4	3	False	True
19517	tbosch	2017-10-02 20:38:37	tbosch	2017-10-02 20:38:04	62	37	25	True	True
19513	PowerKiKi	2017-10-02 14:36:38	PowerKiKi	2017-10-02 14:35:27	2	1	1	True	True
19511	petebacondarwin	2017-10-02 12:32:34	petebacondarwin	2017-10-06 12:37:56	15	10	5	False	True
19511	petebacondarwin	2017-10-02 12:32:34	petebacondarwin	2017-10-06 09:48:18	1041	495	546	False	True
19511	petebacondarwin	2017-10-02 12:32:34	petebacondarwin	2017-10-06 09:48:32	20	17	3	False	True
19511	petebacondarwin	2017-10-02 12:32:34	petebacondarwin	2017-10-03 16:27:03	3	2	1	False	True
19511	petebacondarwin	2017-10-02 12:32:34	petebacondarwin	2017-10-04 11:03:24	2	1	1	False	True
19511	petebacondarwin	2017-10-02 12:32:34	petebacondarwin	2017-10-02 12:09:39	95	57	38	True	True
19511	petebacondarwin	2017-10-02 12:32:34	petebacondarwin	2017-10-04 11:34:28	24	9	15	False	True
19511	petebacondarwin	2017-10-02 12:32:34	petebacondarwin	2017-10-06 13:48:37	93	28	65	False	True
19511	petebacondarwin	2017-10-02 12:32:34	petebacondarwin	2017-10-02 11:44:04	2	1	1	True	True
19511	petebacondarwin	2017-10-02 12:32:34	petebacondarwin	2017-10-04 09:38:59	8	4	4	False	True
19511	petebacondarwin	2017-10-02 12:32:34	petebacondarwin	2017-10-03 09:38:43	7	6	1	False	True
19511	petebacondarwin	2017-10-02 12:32:34	petebacondarwin	2017-10-06 13:07:38	1	1	0	False	True
19509	Bartosz-D3V	2017-10-02 10:58:31	Bartosz-D3V	2017-10-02 09:08:55	2	1	1	True	True
