pr_number	author_user_login	pr_created_at	commit_user_login	commit_created_at	commit_status_total	commit_status_additions	commit_status_deletions	create_before_pr	is_review_commit
28480	devversion	2019-01-31 22:58:09	devversion	2019-01-31 22:57:26	6	5	1	True	True
28479	jelbourn	2019-01-31 22:47:48	jelbourn	2019-01-31 22:39:42	0	0	0	True	True
28478	kyliau	2019-01-31 22:05:44	kyliau	2019-01-31 01:11:03	55	29	26	True	True
28477	AndrewKushnir	2019-01-31 21:25:00	AndrewKushnir	2019-01-31 17:50:43	34	32	2	True	True
28476	jbogarthyde	2019-01-31 18:10:52	jbogarthyde	2019-01-31 18:06:27	7	7	0	True	True
28474	kara	2019-01-31 15:42:00	kara	2019-01-31 05:54:44	477	337	140	True	True
28474	kara	2019-01-31 15:42:00	kara	2019-02-01 02:54:40	18	9	9	False	True
28473	pkozlowski-opensource	2019-01-31 15:03:55	pkozlowski-opensource	2019-01-31 10:44:27	18	9	9	True	True
28473	pkozlowski-opensource	2019-01-31 15:03:55	pkozlowski-opensource	2019-01-31 15:02:19	83	45	38	True	True
28472	filipesilva	2019-01-31 14:15:53	filipesilva	2019-01-31 14:14:59	98	57	41	True	True
28470	crisbeto	2019-01-31 09:40:02	crisbeto	2019-01-31 09:38:43	67	51	16	True	True
28470	crisbeto	2019-01-31 09:40:02	crisbeto	2019-01-31 19:27:27	31	23	8	False	True
28470	crisbeto	2019-01-31 09:40:02	crisbeto	2019-02-21 14:50:39	374	267	107	False	True
28467	gkalpak	2019-01-31 09:05:45	gkalpak	2019-01-31 09:05:29	2	1	1	True	True
28466	gkalpak	2019-01-31 09:05:16	gkalpak	2019-01-31 09:04:58	2	1	1	True	True
28465	marclaval	2019-01-31 08:58:36	marclaval	2019-01-31 09:02:38	5	2	3	False	True
28463	brandonroberts	2019-01-31 05:39:49	brandonroberts	2019-02-05 21:20:05	1527	1036	491	False	True
28461	mhevery	2019-01-30 23:45:15	mhevery	2019-01-30 23:42:26	147	76	71	True	True
28460	kyliau	2019-01-30 23:25:37	kyliau	2019-01-30 23:20:24	2	2	0	True	True
28459	kara	2019-01-30 22:43:11	kara	2019-01-30 23:35:38	3	2	1	False	True
28459	kara	2019-01-30 22:43:11	kara	2019-01-30 23:29:09	30	14	16	False	True
28458	gkalpak	2019-01-30 20:06:48	gkalpak	2019-01-31 12:33:23	8	7	1	False	True
28456	SiddAjmera	2019-01-30 19:19:10	SiddAjmera	2019-01-30 19:14:47	10	9	1	True	True
28455	jelbourn	2019-01-30 18:26:50	jelbourn	2019-02-01 23:38:42	105	84	21	False	True
28455	jelbourn	2019-01-30 18:26:50	pkozlowski-opensource	2019-02-04 09:51:45	46	25	21	False	True
28453	alexeagle	2019-01-30 16:33:03	alexeagle	2019-01-30 16:30:53	33	19	14	True	True
28451	SiddAjmera	2019-01-30 16:09:24	SiddAjmera	2019-01-30 16:03:18	8	8	0	True	True
28451	SiddAjmera	2019-01-30 16:09:24	SiddAjmera	2019-01-30 16:06:20	0	0	0	True	True
28450	pkozlowski-opensource	2019-01-30 15:43:08	pkozlowski-opensource	2019-01-30 15:38:59	81	20	61	True	True
28447	crisbeto	2019-01-30 13:58:04	crisbeto	2019-02-01 22:46:40	27	11	16	False	True
28447	crisbeto	2019-01-30 13:58:04	crisbeto	2019-01-30 14:23:23	219	141	78	False	True
28445	pkozlowski-opensource	2019-01-30 11:18:51	pkozlowski-opensource	2019-01-30 11:18:27	50	31	19	True	True
28441	kevinbuhmann	2019-01-30 06:05:46	kevinbuhmann	2019-01-30 05:48:03	23	21	2	True	True
28439	AndrewKushnir	2019-01-30 01:21:33	AndrewKushnir	2019-02-05 01:20:45	8	4	4	False	True
28439	AndrewKushnir	2019-01-30 01:21:33	AndrewKushnir	2019-01-30 01:13:02	92	86	6	True	True
28439	AndrewKushnir	2019-01-30 01:21:33	AndrewKushnir	2019-02-04 21:48:57	6	6	0	False	True
28439	AndrewKushnir	2019-01-30 01:21:33	AndrewKushnir	2019-01-31 20:53:59	134	96	38	False	True
28437	keilla	2019-01-29 23:17:36	keilla	2019-01-29 19:58:40	9	9	0	True	True
28436	kyliau	2019-01-29 19:45:03	kyliau	2019-01-28 19:03:04	1159	617	542	True	True
28435	alexeagle	2019-01-29 19:41:40	alexeagle	2019-01-29 19:33:37	187	182	5	True	True
28434	kapunahelewong	2019-01-29 19:31:30	kapunahelewong	2019-01-22 19:11:35	3553	866	2687	True	True
28432	jeffbcross	2019-01-29 18:25:20	jeffbcross	2019-01-29 18:08:36	8	8	0	True	True
28431	alexeagle	2019-01-29 16:33:52	alexeagle	2019-01-29 16:22:03	177	172	5	True	True
28430	alan-mroczek	2019-01-29 16:16:43	alan-mroczek	2019-01-29 15:49:22	14	4	10	True	True
28429	pkozlowski-opensource	2019-01-29 15:30:00	pkozlowski-opensource	2019-01-29 15:08:47	56	48	8	True	True
28424	ocombe	2019-01-29 14:32:06	ocombe	2019-01-29 14:28:31	112	107	5	True	True
28424	ocombe	2019-01-29 14:32:06	ocombe	2019-01-31 17:12:06	100	38	62	False	True
28424	ocombe	2019-01-29 14:32:06	ocombe	2019-02-04 14:15:18	25	14	11	False	True
28423	brandonroberts	2019-01-29 14:02:20	kapunahelewong	2018-09-10 20:30:24	462	406	56	True	True
28423	brandonroberts	2019-01-29 14:02:20	stevermeister	2019-01-16 14:11:48	2	1	1	True	True
28423	brandonroberts	2019-01-29 14:02:20	brandonroberts	2019-02-19 16:00:03	6	3	3	False	True
28423	brandonroberts	2019-01-29 14:02:20	sarunint	2018-10-10 07:06:42	4	2	2	True	True
28423	brandonroberts	2019-01-29 14:02:20	gbamparop	2018-10-20 22:44:55	2	1	1	True	True
28423	brandonroberts	2019-01-29 14:02:20	vetom	2019-01-21 17:24:10	2	1	1	True	True
28423	brandonroberts	2019-01-29 14:02:20	ericksoen	2018-11-26 13:51:42	2	1	1	True	True
28423	brandonroberts	2019-01-29 14:02:20	kaycebasques	2018-09-24 22:49:56	2	1	1	True	True
28423	brandonroberts	2019-01-29 14:02:20	HamzaDevz	2018-11-24 13:56:06	2	1	1	True	True
28421	gkalpak	2019-01-29 12:00:42	gkalpak	2019-01-24 12:32:19	2	2	0	True	True
28421	gkalpak	2019-01-29 12:00:42	gkalpak	2018-11-05 17:21:27	65	65	0	True	True
28421	gkalpak	2019-01-29 12:00:42	gkalpak	2019-01-22 11:15:10	5	2	3	True	True
28421	gkalpak	2019-01-29 12:00:42	gkalpak	2019-01-17 19:38:19	2	2	0	True	True
28421	gkalpak	2019-01-29 12:00:42	gkalpak	2018-12-05 20:29:02	2	1	1	True	True
28421	gkalpak	2019-01-29 12:00:42	gkalpak	2019-01-29 12:10:41	8	4	4	False	True
28421	gkalpak	2019-01-29 12:00:42	gkalpak	2019-01-14 20:48:25	912	471	441	True	True
28421	gkalpak	2019-01-29 12:00:42	gkalpak	2018-11-05 18:50:01	15	7	8	True	True
28418	wKoza	2019-01-29 10:34:17	wKoza	2019-01-29 10:21:27	1	1	0	True	True
28418	wKoza	2019-01-29 10:34:17	wKoza	2019-01-29 13:22:25	2	1	1	False	True
28415	kara	2019-01-29 04:59:00	kara	2019-01-29 04:45:41	75	70	5	True	True
28414	AndrewKushnir	2019-01-29 04:58:25	AndrewKushnir	2019-01-29 04:54:52	8	3	5	True	True
28414	AndrewKushnir	2019-01-29 04:58:25	AndrewKushnir	2019-01-29 05:39:17	2	1	1	False	True
28413	jelbourn	2019-01-29 01:13:50	jelbourn	2019-01-28 23:23:53	91	79	12	True	True
28412	alxhub	2019-01-29 00:27:29	alxhub	2019-01-29 00:26:17	5	4	1	True	True
28411	jelbourn	2019-01-29 00:18:05	jelbourn	2019-01-29 00:13:29	20	17	3	True	True
28410	jbogarthyde	2019-01-28 23:59:38	jbogarthyde	2019-01-28 23:54:55	14	2	12	True	True
28409	jelbourn	2019-01-28 22:54:38	jelbourn	2019-01-28 22:52:37	54	53	1	True	True
28407	dornsebastian	2019-01-28 20:42:40	dornsebastian	2019-01-28 20:36:23	7	7	0	True	True
28405	kewde	2019-01-28 19:37:25	kewde	2019-02-08 10:40:36	2	1	1	False	True
28405	kewde	2019-01-28 19:37:25	kewde	2019-01-28 19:35:57	8	8	0	True	True
28405	kewde	2019-01-28 19:37:25	kewde	2019-01-28 19:58:44	8	6	2	False	True
28405	kewde	2019-01-28 19:37:25	kewde	2019-01-28 20:26:33	4	2	2	False	True
28405	kewde	2019-01-28 19:37:25	kewde	2019-02-06 21:36:33	20	20	0	False	True
28404	gregmagolan	2019-01-28 18:37:19	gregmagolan	2019-01-28 18:30:18	60	35	25	True	True
28402	devversion	2019-01-28 17:28:10	devversion	2019-01-28 21:00:36	248	135	113	False	True
28400	bmeurer	2019-01-28 14:20:15	bmeurer	2019-01-28 14:14:05	8	4	4	True	True
28396	sjtrimble	2019-01-28 00:08:32	sjtrimble	2019-01-27 23:52:53	83	56	27	True	True
28395	ArtemLanovyy	2019-01-27 22:22:27	ArtemLanovyy	2019-01-27 21:59:47	38	36	2	True	True
28389	wKoza	2019-01-26 17:31:33	wKoza	2019-01-26 17:21:30	33	18	15	True	True
28388	wKoza	2019-01-26 17:03:14	wKoza	2019-01-26 17:02:15	1	1	0	True	True
28387	crisbeto	2019-01-26 10:19:53	crisbeto	2019-01-26 11:29:38	48	34	14	False	True
28386	AndrewKushnir	2019-01-26 02:26:12	AndrewKushnir	2019-01-26 02:18:19	29	25	4	True	True
28386	AndrewKushnir	2019-01-26 02:26:12	AndrewKushnir	2019-01-28 23:04:16	56	28	28	False	True
28386	AndrewKushnir	2019-01-26 02:26:12	AndrewKushnir	2019-01-29 00:00:46	57	29	28	False	True
28385	kyliau	2019-01-26 01:25:35	kyliau	2019-01-26 01:17:22	27	13	14	True	True
28384	mgechev	2019-01-26 01:16:49	mgechev	2019-01-26 01:12:58	3	3	0	True	True
28383	AndrewKushnir	2019-01-26 00:07:25	AndrewKushnir	2019-01-26 00:00:50	14	5	9	True	True
28383	AndrewKushnir	2019-01-26 00:07:25	AndrewKushnir	2019-01-28 23:06:53	2	1	1	False	True
28382	benlesh	2019-01-25 23:22:32	benlesh	2019-01-28 22:45:31	394	235	159	False	True
28382	benlesh	2019-01-25 23:22:32	benlesh	2019-02-13 21:11:39	3	2	1	False	True
28382	benlesh	2019-01-25 23:22:32	benlesh	2019-01-25 23:21:51	61	27	34	True	True
28382	benlesh	2019-01-25 23:22:32	benlesh	2019-02-20 22:21:20	997	528	469	False	True
28381	kyliau	2019-01-25 22:48:42	kyliau	2019-01-25 22:43:36	10	5	5	True	True
28379	AndrewKushnir	2019-01-25 20:29:14	AndrewKushnir	2019-01-25 20:34:21	2	1	1	False	True
28379	AndrewKushnir	2019-01-25 20:29:14	AndrewKushnir	2019-01-25 20:17:50	198	101	97	True	True
28378	devversion	2019-01-25 19:31:57	devversion	2019-01-25 19:30:35	6	3	3	True	True
28377	jbogarthyde	2019-01-25 18:46:30	jbogarthyde	2019-03-12 19:08:40	84	42	42	False	True
28377	jbogarthyde	2019-01-25 18:46:30	jbogarthyde	2019-01-25 18:36:54	187	119	68	True	True
28377	jbogarthyde	2019-01-25 18:46:30	jbogarthyde	2019-03-11 16:07:34	4	2	2	False	True
28376	jasonaden	2019-01-25 18:44:59	jasonaden	2019-01-25 18:41:58	2	1	1	True	True
28375	cexbrayat	2019-01-25 18:25:23	cexbrayat	2019-01-25 18:21:39	2	1	1	True	True
28372	filipesilva	2019-01-25 16:34:05	filipesilva	2019-01-29 10:47:53	8	2	6	False	True
28372	filipesilva	2019-01-25 16:34:05	filipesilva	2019-01-29 11:47:01	6	2	4	False	True
28372	filipesilva	2019-01-25 16:34:05	filipesilva	2019-01-28 15:04:38	8345	8342	3	False	True
28372	filipesilva	2019-01-25 16:34:05	filipesilva	2019-01-25 16:33:22	61	39	22	True	True
28372	filipesilva	2019-01-25 16:34:05	filipesilva	2019-01-30 14:02:53	9	2	7	False	True
28372	filipesilva	2019-01-25 16:34:05	filipesilva	2019-01-28 14:54:34	44	22	22	False	True
28370	cexbrayat	2019-01-25 16:16:30	cexbrayat	2019-01-28 13:58:44	17	14	3	False	True
28370	cexbrayat	2019-01-25 16:16:30	cexbrayat	2019-01-25 16:10:05	39	38	1	True	True
28368	wKoza	2019-01-25 15:06:37	wKoza	2019-01-25 20:45:46	8	2	6	False	True
28368	wKoza	2019-01-25 15:06:37	wKoza	2019-02-05 10:16:31	8	4	4	False	True
28368	wKoza	2019-01-25 15:06:37	wKoza	2019-01-26 09:14:18	3	3	0	False	True
28368	wKoza	2019-01-25 15:06:37	wKoza	2019-01-25 14:59:55	35	20	15	True	True
28366	pkozlowski-opensource	2019-01-25 14:55:24	pkozlowski-opensource	2019-01-25 14:36:46	120	59	61	True	True
28360	jithil-kore	2019-01-25 04:40:07	jithil-kore	2019-01-24 09:11:34	6	3	3	True	True
28358	gregmagolan	2019-01-25 03:11:31	gregmagolan	2019-01-25 03:06:42	1	1	0	True	True
28357	JoostK	2019-01-25 02:05:30	JoostK	2019-01-27 14:11:12	24	20	4	False	True
28357	JoostK	2019-01-25 02:05:30	JoostK	2019-01-27 18:08:23	3	2	1	False	True
28357	JoostK	2019-01-25 02:05:30	JoostK	2019-01-27 16:21:29	102	88	14	False	True
28357	JoostK	2019-01-25 02:05:30	JoostK	2019-01-27 16:53:14	39	27	12	False	True
28357	JoostK	2019-01-25 02:05:30	JoostK	2019-01-25 02:04:01	230	204	26	True	True
28357	JoostK	2019-01-25 02:05:30	JoostK	2019-01-27 16:52:51	6	3	3	False	True
28356	AndrewKushnir	2019-01-25 01:32:19	AndrewKushnir	2019-01-28 22:56:25	85	62	23	False	True
28356	AndrewKushnir	2019-01-25 01:32:19	AndrewKushnir	2019-01-28 23:18:55	12	10	2	False	True
28356	AndrewKushnir	2019-01-25 01:32:19	AndrewKushnir	2019-01-25 05:08:25	50	32	18	False	True
28356	AndrewKushnir	2019-01-25 01:32:19	AndrewKushnir	2019-01-25 01:43:14	13	3	10	False	True
28356	AndrewKushnir	2019-01-25 01:32:19	AndrewKushnir	2019-01-25 01:25:46	156	114	42	True	True
28356	AndrewKushnir	2019-01-25 01:32:19	AndrewKushnir	2019-01-29 22:30:04	10	5	5	False	True
28355	kara	2019-01-25 01:16:43	kara	2019-01-25 18:26:55	10	6	4	False	True
28355	kara	2019-01-25 01:16:43	kara	2019-01-25 19:19:24	18	15	3	False	True
28355	kara	2019-01-25 01:16:43	kara	2019-01-24 16:53:00	361	315	46	True	True
28355	kara	2019-01-25 01:16:43	kara	2019-01-22 23:02:52	394	216	178	True	True
28354	mhevery	2019-01-24 23:50:48	mhevery	2019-01-24 23:50:12	61	32	29	True	True
28354	mhevery	2019-01-24 23:50:48	mhevery	2019-01-25 20:18:18	6	3	3	False	True
28354	mhevery	2019-01-24 23:50:48	mhevery	2019-01-25 17:35:26	16	9	7	False	True
28353	kyliau	2019-01-24 22:26:37	kyliau	2019-01-24 22:23:26	11	10	1	True	True
28352	devversion	2019-01-24 20:48:42	devversion	2019-01-25 18:49:08	11	7	4	False	True
28352	devversion	2019-01-24 20:48:42	devversion	2019-01-25 17:40:51	48	41	7	False	True
28352	devversion	2019-01-24 20:48:42	devversion	2019-01-25 18:50:08	158	96	62	False	True
28352	devversion	2019-01-24 20:48:42	devversion	2019-01-25 18:48:27	135	90	45	False	True
28352	devversion	2019-01-24 20:48:42	devversion	2019-01-25 18:44:49	320	31	289	False	True
28352	devversion	2019-01-24 20:48:42	devversion	2019-01-25 18:46:11	19	4	15	False	True
28351	kyliau	2019-01-24 19:53:17	kyliau	2019-01-24 19:51:20	355	162	193	True	True
28350	jelbourn	2019-01-24 19:31:24	jelbourn	2019-01-23 23:09:27	75	55	20	True	True
28349	kyliau	2019-01-24 19:31:23	kyliau	2019-01-17 19:35:06	143	80	63	True	True
28348	mhevery	2019-01-24 19:01:23	mhevery	2019-01-25 00:31:55	2	0	2	False	True
28348	mhevery	2019-01-24 19:01:23	mhevery	2019-01-24 19:00:52	5	5	0	True	True
28347	rkatka	2019-01-24 17:52:47	rkatka	2019-01-24 17:36:15	2	1	1	True	True
28343	jbogarthyde	2019-01-24 16:52:02	jbogarthyde	2019-03-19 15:26:49	4	2	2	False	True
28343	jbogarthyde	2019-01-24 16:52:02	jbogarthyde	2019-01-24 16:45:34	1313	1295	18	True	True
28342	filipesilva	2019-01-24 16:43:44	filipesilva	2019-01-24 10:19:48	71	47	24	True	True
28342	filipesilva	2019-01-24 16:43:44	filipesilva	2019-01-24 10:38:58	129	72	57	True	True
28342	filipesilva	2019-01-24 16:43:44	filipesilva	2019-01-25 12:12:57	123	63	60	False	True
28342	filipesilva	2019-01-24 16:43:44	filipesilva	2019-01-24 18:10:25	1	1	0	False	True
28341	FrederikSchlemmer	2019-01-24 16:39:10	FrederikSchlemmer	2019-01-24 16:34:59	1	1	0	True	True
28338	curdwithraisins	2019-01-24 13:21:16	curdwithraisins	2020-08-22 16:15:39	4	4	0	False	True
28334	jithil-kore	2019-01-24 10:45:11	jithil-kore	2019-01-24 10:26:30	2	0	2	True	True
28331	pkozlowski-opensource	2019-01-24 10:01:11	pkozlowski-opensource	2019-01-28 09:53:27	122	57	65	False	True
28329	gkalpak	2019-01-24 09:00:44	gkalpak	2019-01-24 09:00:27	2	1	1	True	True
28328	jithil-kore	2019-01-24 06:43:30	jithil-kore	2019-01-24 06:34:47	4	2	2	True	True
28327	kara	2019-01-24 02:14:39	kara	2019-01-24 05:11:13	174	107	67	False	True
28326	jasonaden	2019-01-23 23:23:50	jasonaden	2019-01-23 23:23:28	3	1	2	True	True
28324	AndrewKushnir	2019-01-23 20:48:31	AndrewKushnir	2019-01-25 17:51:37	23	10	13	False	True
28324	AndrewKushnir	2019-01-23 20:48:31	AndrewKushnir	2019-01-25 05:44:21	61	20	41	False	True
28324	AndrewKushnir	2019-01-23 20:48:31	AndrewKushnir	2019-01-24 00:47:31	6	6	0	False	True
28324	AndrewKushnir	2019-01-23 20:48:31	AndrewKushnir	2019-01-24 00:19:47	47	20	27	False	True
28324	AndrewKushnir	2019-01-23 20:48:31	AndrewKushnir	2019-01-23 19:54:43	333	198	135	True	True
28324	AndrewKushnir	2019-01-23 20:48:31	AndrewKushnir	2019-01-25 18:17:18	11	5	6	False	True
28324	AndrewKushnir	2019-01-23 20:48:31	AndrewKushnir	2019-01-25 20:37:01	3	0	3	False	True
28323	alxhub	2019-01-23 20:10:03	alxhub	2019-02-01 18:07:34	370	370	0	False	True
28323	alxhub	2019-01-23 20:10:03	alxhub	2019-02-01 17:48:17	29	27	2	False	True
28323	alxhub	2019-01-23 20:10:03	alxhub	2019-02-02 01:24:21	991	623	368	False	True
28323	alxhub	2019-01-23 20:10:03	alxhub	2019-01-31 22:19:29	50	47	3	False	True
28323	alxhub	2019-01-23 20:10:03	alxhub	2019-01-31 22:23:54	193	167	26	False	True
28323	alxhub	2019-01-23 20:10:03	alxhub	2019-02-01 21:07:18	32	31	1	False	True
28323	alxhub	2019-01-23 20:10:03	alxhub	2019-02-01 20:23:21	466	370	96	False	True
28321	crisbeto	2019-01-23 17:41:42	crisbeto	2019-01-23 17:41:20	26	18	8	True	True
28320	camsteffen	2019-01-23 16:05:46	camsteffen	2019-01-23 16:00:22	1	1	0	True	True
28319	marclaval	2019-01-23 16:00:58	marclaval	2019-01-24 08:51:23	28	16	12	False	True
28319	marclaval	2019-01-23 16:00:58	marclaval	2019-01-23 15:58:52	256	184	72	True	True
28316	pkozlowski-opensource	2019-01-23 13:39:20	pkozlowski-opensource	2019-01-23 13:37:12	3	1	2	True	True
28313	pkozlowski-opensource	2019-01-23 12:38:56	pkozlowski-opensource	2019-01-23 12:26:48	313	154	159	True	True
28312	MattiJarvinen	2019-01-23 12:06:12	MattiJarvinen-BA	2019-01-23 12:02:26	2	1	1	True	True
28309	AndrewKushnir	2019-01-23 06:11:15	AndrewKushnir	2019-01-23 20:25:01	45	17	28	False	True
28309	AndrewKushnir	2019-01-23 06:11:15	AndrewKushnir	2019-01-23 20:37:21	18	6	12	False	True
28309	AndrewKushnir	2019-01-23 06:11:15	AndrewKushnir	2019-01-19 02:02:32	903	543	360	True	True
28307	kara	2019-01-23 02:19:14	kara	2019-01-23 02:18:45	84	39	45	True	True
28305	ngfelixl	2019-01-22 23:15:17	ngfelixl	2019-01-22 23:02:43	6	3	3	True	True
28304	AndrewKushnir	2019-01-22 22:59:33	AndrewKushnir	2019-01-19 02:02:32	1028	623	405	True	True
28303	kyliau	2019-01-22 22:37:30	kyliau	2019-01-22 22:32:06	12	8	4	True	True
28301	jasonaden	2019-01-22 22:18:05	jasonaden	2019-01-22 22:04:55	41	37	4	True	True
28300	jasonaden	2019-01-22 22:10:12	jasonaden	2019-01-22 22:04:55	41	37	4	True	True
28300	jasonaden	2019-01-22 22:10:12	jasonaden	2019-01-22 21:48:00	160	110	50	True	True
28299	jasonaden	2019-01-22 19:35:25	jasonaden	2019-01-22 19:29:07	1	1	0	True	True
28298	crisbeto	2019-01-22 19:29:56	crisbeto	2019-01-22 19:40:27	12	6	6	False	True
28297	kyliau	2019-01-22 19:09:27	kyliau	2019-01-17 21:21:31	26	6	20	True	True
28296	CaerusKaru	2019-01-22 16:43:21	CaerusKaru	2019-03-07 16:16:19	4778	2424	2354	False	True
28296	CaerusKaru	2019-01-22 16:43:21	CaerusKaru	2019-03-05 22:19:05	64	1	63	False	True
28296	CaerusKaru	2019-01-22 16:43:21	CaerusKaru	2019-01-23 03:15:46	8	4	4	False	True
28296	CaerusKaru	2019-01-22 16:43:21	CaerusKaru	2018-11-10 02:23:46	5059	2463	2596	True	True
28296	CaerusKaru	2019-01-22 16:43:21	CaerusKaru	2019-01-24 16:05:10	124	0	124	False	True
28296	CaerusKaru	2019-01-22 16:43:21	CaerusKaru	2019-01-23 03:10:26	23	8	15	False	True
28296	CaerusKaru	2019-01-22 16:43:21	CaerusKaru	2019-01-23 03:24:39	2	1	1	False	True
28293	wKoza	2019-01-22 13:16:18	wKoza	2019-01-22 12:52:04	110	76	34	True	True
28291	elena-sam	2019-01-22 11:17:06	elena-sam	2019-01-22 11:14:44	3	2	1	True	True
28290	gkalpak	2019-01-22 10:54:54	gkalpak	2019-01-22 22:33:41	4	2	2	False	True
28290	gkalpak	2019-01-22 10:54:54	gkalpak	2019-01-22 22:43:53	31	23	8	False	True
28290	gkalpak	2019-01-22 10:54:54	gkalpak	2019-01-22 22:47:44	2	1	1	False	True
28290	gkalpak	2019-01-22 10:54:54	gkalpak	2019-01-22 22:39:23	4	2	2	False	True
28289	dariobraun	2019-01-22 09:33:59	dariobraun	2019-01-23 12:59:33	2	1	1	False	True
28285	gkalpak	2019-01-22 09:00:36	gkalpak	2019-01-22 08:59:41	2	1	1	True	True
28282	wKoza	2019-01-22 07:21:51	wKoza	2019-01-22 07:17:20	21	11	10	True	True
28276	crisbeto	2019-01-21 15:47:16	crisbeto	2019-01-22 19:48:21	39	37	2	False	True
28275	pkozlowski-opensource	2019-01-21 14:14:27	pkozlowski-opensource	2019-01-21 13:55:37	591	375	216	True	True
28273	filipesilva	2019-01-21 11:36:19	filipesilva	2019-01-21 11:32:43	4	2	2	True	True
28271	stoneLeaf	2019-01-21 09:59:13	jasonaden	2019-02-01 00:06:04	5	5	0	False	True
28271	stoneLeaf	2019-01-21 09:59:13	stoneLeaf	2019-01-21 09:30:32	62	56	6	True	True
28262	wKoza	2019-01-20 13:47:42	wKoza	2019-01-20 13:12:52	14	8	6	True	True
28262	wKoza	2019-01-20 13:47:42	wKoza	2020-11-15 09:47:12	18	7	11	False	True
28261	crisbeto	2019-01-20 12:21:35	crisbeto	2019-01-23 19:00:05	59	35	24	False	True
28260	gkalpak	2019-01-20 08:59:13	gkalpak	2019-01-20 08:58:56	2	1	1	True	True
28259	SanderElias	2019-01-20 08:27:44	SanderElias	2019-01-20 08:25:15	4	3	1	True	True
28256	vetom	2019-01-19 21:45:36	vetom	2019-01-21 17:24:10	2	1	1	False	True
28255	literalpie	2019-01-19 19:50:40	literalpie	2020-12-04 18:28:35	24	24	0	False	True
28253	DanielRuf	2019-01-19 15:16:35	DanielRuf	2019-01-19 15:10:44	2	0	2	True	True
28252	DanielRuf	2019-01-19 13:00:28	DanielRuf	2019-01-19 12:57:46	7	0	7	True	True
28251	gkalpak	2019-01-19 08:59:07	gkalpak	2019-01-19 08:58:48	2	1	1	True	True
28250	IgorMinar	2019-01-19 08:46:53	IgorMinar	2019-01-18 15:44:56	34	32	2	True	True
28246	matsko	2019-01-18 21:05:05	matsko	2019-02-11 22:35:41	69	37	32	False	True
28246	matsko	2019-01-18 21:05:05	matsko	2019-02-08 23:03:54	4655	3020	1635	False	True
28242	crisbeto	2019-01-18 20:06:52	crisbeto	2019-01-22 22:21:53	168	102	66	False	True
28241	alexeagle	2019-01-18 18:22:17	alexeagle	2019-01-10 19:55:20	126	61	65	True	True
28239	marclaval	2019-01-18 16:36:06	marclaval	2019-01-18 16:38:39	431	240	191	False	True
28239	marclaval	2019-01-18 16:36:06	marclaval	2019-01-18 13:16:41	63	62	1	True	True
28238	oBusk	2019-01-18 15:54:01	oBusk	2019-01-18 15:51:20	4	2	2	True	True
28237	IgorMinar	2019-01-18 15:50:24	IgorMinar	2019-01-18 15:47:48	2	2	0	True	True
28234	alikadir	2019-01-18 13:40:17	alikadir	2019-01-18 13:39:23	1	1	0	True	True
28231	alan-agius4	2019-01-18 12:28:13	alan-agius4	2019-01-18 12:28:51	407	81	326	False	True
28231	alan-agius4	2019-01-18 12:28:13	alan-agius4	2019-01-26 12:52:40	6	3	3	False	True
28221	kara	2019-01-18 02:22:47	kara	2019-01-18 02:21:43	58	55	3	True	True
28219	JiaLiPassion	2019-01-18 00:53:29	JiaLiPassion	2019-01-18 00:52:34	81	42	39	True	True
28217	jbogarthyde	2019-01-17 23:25:18	jbogarthyde	2019-01-17 23:11:59	76	47	29	True	True
28215	kyliau	2019-01-17 20:46:04	kyliau	2019-01-17 20:40:11	838	636	202	True	True
28214	jbogarthyde	2019-01-17 20:24:52	jbogarthyde	2019-03-28 18:58:03	2	1	1	False	True
28214	jbogarthyde	2019-01-17 20:24:52	jbogarthyde	2019-01-17 20:18:49	52	51	1	True	True
28213	kyliau	2019-01-17 20:00:33	kyliau	2019-01-18 18:43:04	12	8	4	False	True
28212	matsko	2019-01-17 19:33:13	matsko	2019-01-17 19:29:49	4	2	2	True	True
28211	gkalpak	2019-01-17 19:31:03	gkalpak	2019-01-17 19:24:35	4	2	2	True	True
28210	matsko	2019-01-17 19:13:40	matsko	2019-01-17 19:09:13	213	129	84	True	True
28209	AndrewKushnir	2019-01-17 19:08:09	AndrewKushnir	2019-01-14 00:56:00	263	207	56	True	True
28209	AndrewKushnir	2019-01-17 19:08:09	AndrewKushnir	2019-01-17 19:17:19	3	2	1	False	True
28209	AndrewKushnir	2019-01-17 19:08:09	AndrewKushnir	2019-01-17 19:32:47	13	11	2	False	True
28209	AndrewKushnir	2019-01-17 19:08:09	AndrewKushnir	2019-01-25 05:14:46	4	3	1	False	True
28207	ocombe	2019-01-17 17:55:06	kara	2019-02-05 00:23:15	4	2	2	False	True
28207	ocombe	2019-01-17 17:55:06	ocombe	2019-01-17 17:48:39	311	232	79	True	True
28206	nnasirzada	2019-01-17 17:34:43	nnasirzada	2019-01-17 17:26:18	2	1	1	True	True
28203	DanielRuf	2019-01-17 11:36:22	DanielRuf	2019-01-19 13:29:42	2	1	1	False	True
28203	DanielRuf	2019-01-17 11:36:22	DanielRuf	2019-01-18 10:10:25	15	7	8	False	True
28203	DanielRuf	2019-01-17 11:36:22	DanielRuf	2019-01-17 11:34:30	7	3	4	True	True
28199	petebacondarwin	2019-01-17 08:50:25	petebacondarwin	2019-01-16 17:22:53	291	191	100	True	True
28197	jelbourn	2019-01-17 02:42:24	jelbourn	2019-01-15 01:47:39	4898	4815	83	True	True
28196	AndrewKushnir	2019-01-17 01:20:30	AndrewKushnir	2019-01-17 01:13:23	19	11	8	True	True
28195	kara	2019-01-17 00:52:56	kara	2019-01-17 01:15:26	5	4	1	False	True
28195	kara	2019-01-17 00:52:56	kara	2019-01-17 00:28:04	21	19	2	True	True
28195	kara	2019-01-17 00:52:56	kara	2019-01-17 02:05:21	16	9	7	False	True
28194	kyliau	2019-01-16 23:52:51	kyliau	2019-01-16 23:17:26	67	61	6	True	True
28193	drzix	2019-01-16 21:22:20	drzix	2019-01-16 20:21:55	1	1	0	True	True
28192	matsko	2019-01-16 20:24:29	matsko	2019-01-16 20:22:10	94	45	49	True	True
28191	devversion	2019-01-16 19:59:11	devversion	2019-01-22 17:52:41	10	6	4	False	True
28191	devversion	2019-01-16 19:59:11	devversion	2019-01-22 17:46:51	580	339	241	False	True
28191	devversion	2019-01-16 19:59:11	devversion	2019-01-22 17:50:21	49	25	24	False	True
28191	devversion	2019-01-16 19:59:11	devversion	2019-01-22 17:48:49	30	16	14	False	True
28190	matsko	2019-01-16 19:51:54	matsko	2019-01-16 23:36:32	92	81	11	False	True
28190	matsko	2019-01-16 19:51:54	matsko	2019-01-16 19:11:33	326	190	136	True	True
28188	wKoza	2019-01-16 19:29:02	wKoza	2019-01-16 19:21:40	8	5	3	True	True
28188	wKoza	2019-01-16 19:29:02	wKoza	2019-01-17 16:49:35	2	2	0	False	True
28187	benlesh	2019-01-16 17:39:48	benlesh	2019-01-17 00:37:43	399	190	209	False	True
28187	benlesh	2019-01-16 17:39:48	benlesh	2019-01-22 19:17:13	126	39	87	False	True
28187	benlesh	2019-01-16 17:39:48	benlesh	2019-01-22 17:31:12	1182	1095	87	False	True
28187	benlesh	2019-01-16 17:39:48	benlesh	2019-01-17 00:26:29	842	409	433	False	True
28187	benlesh	2019-01-16 17:39:48	benlesh	2019-01-18 17:53:40	20	13	7	False	True
28187	benlesh	2019-01-16 17:39:48	benlesh	2019-01-15 01:39:21	2193	1262	931	True	True
28187	benlesh	2019-01-16 17:39:48	benlesh	2019-01-18 20:40:51	1184	88	1096	False	True
28187	benlesh	2019-01-16 17:39:48	benlesh	2019-01-16 17:35:35	654	186	468	True	True
28187	benlesh	2019-01-16 17:39:48	benlesh	2019-01-22 19:26:47	4	2	2	False	True
28186	manekinekko	2019-01-16 16:09:41	manekinekko	2019-02-26 12:30:44	175	62	113	False	True
28183	ocombe	2019-01-16 14:44:26	ocombe	2019-01-16 14:42:13	124	64	60	True	True
28183	ocombe	2019-01-16 14:44:26	ocombe	2019-01-17 14:34:39	20	15	5	False	True
28181	gkalpak	2019-01-16 14:04:40	gkalpak	2019-01-16 13:33:39	7	7	0	True	True
28176	alecvolo	2019-01-16 09:39:50	atscott	2020-08-07 23:08:07	35	31	4	False	True
28176	alecvolo	2019-01-16 09:39:50	atscott	2020-08-10 16:42:05	7	4	3	False	True
28176	alecvolo	2019-01-16 09:39:50	alecvolo	2019-01-16 09:09:03	35	34	1	True	True
28175	gkalpak	2019-01-16 08:57:13	gkalpak	2019-01-16 08:56:56	2	1	1	True	True
28174	DanielRuf	2019-01-16 07:46:42	DanielRuf	2019-01-16 07:41:13	55	1	54	True	True
28173	alan-agius4	2019-01-16 06:46:20	alan-agius4	2019-01-16 06:54:39	11	10	1	False	True
28169	alxhub	2019-01-16 00:53:13	alxhub	2019-01-15 20:26:10	360	360	0	True	True
28169	alxhub	2019-01-16 00:53:13	alxhub	2019-01-16 00:50:48	4	2	2	True	True
28169	alxhub	2019-01-16 00:53:13	alxhub	2019-01-15 20:32:10	1074	1050	24	True	True
28168	kyliau	2019-01-16 00:31:21	kyliau	2018-12-18 07:44:26	2326	608	1718	True	True
28167	kyliau	2019-01-15 23:30:27	kyliau	2019-01-15 23:24:30	73	67	6	True	True
28166	alexeagle	2019-01-15 22:05:20	alexeagle	2019-01-15 21:35:28	26	24	2	True	True
28165	matsko	2019-01-15 21:50:41	matsko	2019-01-15 21:46:15	294	140	154	True	True
28165	matsko	2019-01-15 21:50:41	matsko	2019-01-16 23:10:25	3	2	1	False	True
28163	AndrewKushnir	2019-01-15 20:16:39	AndrewKushnir	2019-01-15 20:10:41	33	17	16	True	True
28162	matsko	2019-01-15 18:42:37	matsko	2019-01-14 23:36:08	389	196	193	True	True
28162	matsko	2019-01-15 18:42:37	matsko	2019-01-16 23:07:15	136	68	68	False	True
28162	matsko	2019-01-15 18:42:37	matsko	2019-01-16 23:38:45	2	1	1	False	True
28160	filipesilva	2019-01-15 17:49:55	filipesilva	2019-01-15 17:42:42	61	5	56	True	True
28159	jasonaden	2019-01-15 17:36:26	jasonaden	2019-01-15 17:35:27	3	2	1	True	True
28157	kapunahelewong	2019-01-15 17:10:48	kapunahelewong	2019-01-14 18:56:28	161	135	26	True	True
28156	pkozlowski-opensource	2019-01-15 16:19:48	pkozlowski-opensource	2019-01-15 16:19:18	74	36	38	True	True
28155	pkozlowski-opensource	2019-01-15 14:49:34	pkozlowski-opensource	2019-01-15 14:47:18	2	0	2	True	True
28152	pkozlowski-opensource	2019-01-15 14:28:12	pkozlowski-opensource	2019-01-15 14:21:41	84	55	29	True	True
28152	pkozlowski-opensource	2019-01-15 14:28:12	pkozlowski-opensource	2019-01-15 13:46:10	8	4	4	True	True
28151	bmeurer	2019-01-15 14:11:00	bmeurer	2019-01-15 13:55:39	4	3	1	True	True
28145	kyliau	2019-01-15 01:18:06	kyliau	2019-01-15 01:13:06	210	45	165	True	True
28144	benlesh	2019-01-15 00:24:42	benlesh	2019-01-18 02:22:28	42	24	18	False	True
28144	benlesh	2019-01-15 00:24:42	benlesh	2019-01-18 03:57:18	4	2	2	False	True
28144	benlesh	2019-01-15 00:24:42	benlesh	2019-01-14 23:58:05	4	3	1	True	True
28142	kyliau	2019-01-14 23:14:12	kyliau	2019-01-11 00:04:05	1139	959	180	True	True
28141	kyliau	2019-01-14 23:05:46	kyliau	2019-01-14 23:02:53	24	23	1	True	True
28139	kyliau	2019-01-14 21:15:41	kyliau	2019-01-14 21:12:45	1047	687	360	True	True
28138	AndrewKushnir	2019-01-14 20:48:56	AndrewKushnir	2019-01-14 20:44:06	30	20	10	True	True
28137	devversion	2019-01-14 20:31:03	devversion	2019-01-14 21:15:18	8	4	4	False	True
28137	devversion	2019-01-14 20:31:03	devversion	2019-01-14 21:33:14	6	3	3	False	True
28134	alexeagle	2019-01-14 18:12:17	alexeagle	2019-01-14 18:11:36	136	3	133	True	True
28131	filipesilva	2019-01-14 17:04:47	filipesilva	2019-01-14 15:44:04	32	22	10	True	True
28127	ocombe	2019-01-14 15:18:17	ocombe	2019-01-14 17:09:02	2	1	1	False	True
28127	ocombe	2019-01-14 15:18:17	ocombe	2019-01-14 15:15:56	24	21	3	True	True
28121	alan-agius4	2019-01-14 08:31:11	alan-agius4	2019-01-14 08:31:49	49	49	0	False	True
28119	debugmodedotnet	2019-01-14 06:32:47	debugmodedotnet	2019-01-25 11:27:37	6	6	0	False	True
28117	CaerusKaru	2019-01-13 18:49:23	CaerusKaru	2019-03-14 03:35:36	26	0	26	False	True
28115	malgosiastp	2019-01-13 17:13:33	malgosiastp	2019-01-13 17:04:55	2	1	1	True	True
28113	han41858	2019-01-13 15:15:31	han41858	2019-01-13 15:08:32	4	4	0	True	True
28112	crisbeto	2019-01-13 12:56:02	crisbeto	2019-01-13 12:55:15	95	58	37	True	True
28111	wKoza	2019-01-13 11:42:41	wKoza	2019-01-14 15:31:04	15	4	11	False	True
28111	wKoza	2019-01-13 11:42:41	wKoza	2019-01-13 11:32:05	6	6	0	True	True
28111	wKoza	2019-01-13 11:42:41	wKoza	2019-01-14 14:33:18	9	8	1	False	True
28104	gkalpak	2019-01-12 16:56:52	gkalpak	2019-01-12 16:18:38	13	0	13	True	True
28104	gkalpak	2019-01-12 16:56:52	gkalpak	2019-01-12 16:21:20	6	6	0	True	True
28103	gkalpak	2019-01-12 16:30:44	gkalpak	2019-01-12 16:26:18	6	2	4	True	True
28102	cexbrayat	2019-01-12 14:11:16	cexbrayat	2019-01-12 14:06:54	6	6	0	True	True
28102	cexbrayat	2019-01-12 14:11:16	cexbrayat	2019-01-14 15:34:51	2	1	1	False	True
28102	cexbrayat	2019-01-12 14:11:16	cexbrayat	2019-01-13 13:38:56	85	85	0	False	True
28102	cexbrayat	2019-01-12 14:11:16	cexbrayat	2019-01-14 12:36:41	22	10	12	False	True
28102	cexbrayat	2019-01-12 14:11:16	cexbrayat	2019-01-18 09:20:28	170	88	82	False	True
28102	cexbrayat	2019-01-12 14:11:16	cexbrayat	2019-01-21 15:36:39	3	2	1	False	True
28102	cexbrayat	2019-01-12 14:11:16	cexbrayat	2019-01-18 09:06:55	2	1	1	False	True
28102	cexbrayat	2019-01-12 14:11:16	cexbrayat	2019-01-14 15:38:42	10	5	5	False	True
28102	cexbrayat	2019-01-12 14:11:16	cexbrayat	2019-01-14 12:38:12	5	1	4	False	True
28101	crisbeto	2019-01-12 12:54:27	crisbeto	2019-01-14 20:36:04	11	3	8	False	True
28101	crisbeto	2019-01-12 12:54:27	crisbeto	2019-01-12 12:59:11	32	17	15	False	True
28100	gkalpak	2019-01-12 08:54:51	gkalpak	2019-01-12 08:54:33	2	1	1	True	True
28098	mhevery	2019-01-12 06:03:20	mhevery	2019-01-12 00:07:01	306	194	112	True	True
28098	mhevery	2019-01-12 06:03:20	mhevery	2019-01-12 08:59:48	193	111	82	False	True
28097	AndrewKushnir	2019-01-12 05:23:50	AndrewKushnir	2019-01-12 05:19:55	74	39	35	True	True
28097	AndrewKushnir	2019-01-12 05:23:50	AndrewKushnir	2019-01-12 05:35:08	2	1	1	False	True
28093	kara	2019-01-12 00:46:12	kara	2019-01-12 00:45:23	226	110	116	True	True
28091	matsko	2019-01-11 23:18:33	matsko	2019-01-11 22:25:22	66	33	33	True	True
28090	kyliau	2019-01-11 22:27:47	kyliau	2019-01-11 22:25:52	1	1	0	True	True
28089	matsko	2019-01-11 22:04:44	matsko	2019-01-11 22:03:37	354	227	127	True	True
28089	matsko	2019-01-11 22:04:44	mhevery	2019-01-11 23:00:39	1	0	1	False	True
28088	kara	2019-01-11 21:47:02	kara	2019-01-11 21:42:30	497	245	252	True	True
28087	kapunahelewong	2019-01-11 20:02:46	kapunahelewong	2019-01-08 20:58:23	361	277	84	True	True
28086	wKoza	2019-01-11 18:59:37	wKoza	2019-01-11 18:44:08	38	19	19	True	True
28085	crisbeto	2019-01-11 18:40:55	crisbeto	2019-01-11 20:14:42	36	21	15	False	True
28083	ocombe	2019-01-11 17:06:57	ocombe	2019-01-13 10:10:04	319	246	73	False	True
28076	cexbrayat	2019-01-11 13:57:42	cexbrayat	2019-01-11 13:50:26	173	169	4	True	True
28075	gkalpak	2019-01-11 13:40:40	gkalpak	2019-01-11 13:33:00	2	1	1	True	True
28074	pkozlowski-opensource	2019-01-11 13:38:51	pkozlowski-opensource	2019-01-15 09:56:12	5	0	5	False	True
28073	pkozlowski-opensource	2019-01-11 13:33:23	pkozlowski-opensource	2019-01-11 13:29:00	43	40	3	True	True
28069	petebacondarwin	2019-01-11 11:20:10	petebacondarwin	2019-01-11 11:16:27	35	31	4	True	True
28069	petebacondarwin	2019-01-11 11:20:10	petebacondarwin	2019-01-11 11:16:54	55	40	15	True	True
28066	mhevery	2019-01-11 08:00:34	mhevery	2019-01-12 00:07:01	53	17	36	False	True
28066	mhevery	2019-01-11 08:00:34	mhevery	2019-01-11 23:06:30	15	15	0	False	True
28066	mhevery	2019-01-11 08:00:34	mhevery	2019-01-11 07:45:02	240	141	99	True	True
28062	matsko	2019-01-11 00:49:51	matsko	2019-01-10 22:16:29	412	209	203	True	True
28061	kyliau	2019-01-11 00:08:47	kyliau	2019-01-11 00:04:05	1139	959	180	True	True
28059	AndrewKushnir	2019-01-11 00:02:05	AndrewKushnir	2019-01-11 22:49:57	17	17	0	False	True
28059	AndrewKushnir	2019-01-11 00:02:05	AndrewKushnir	2019-01-10 23:54:48	55	34	21	True	True
28055	petebacondarwin	2019-01-10 22:20:40	petebacondarwin	2019-02-08 22:10:19	1	1	0	False	True
28055	petebacondarwin	2019-01-10 22:20:40	petebacondarwin	2019-02-08 22:10:19	192	118	74	False	True
28055	petebacondarwin	2019-01-10 22:20:40	petebacondarwin	2019-02-08 22:10:19	369	200	169	False	True
28055	petebacondarwin	2019-01-10 22:20:40	petebacondarwin	2019-02-08 22:10:20	60	52	8	False	True
28055	petebacondarwin	2019-01-10 22:20:40	petebacondarwin	2019-02-08 22:10:20	682	452	230	False	True
28055	petebacondarwin	2019-01-10 22:20:40	petebacondarwin	2019-02-08 22:10:19	13	6	7	False	True
28055	petebacondarwin	2019-01-10 22:20:40	petebacondarwin	2019-02-08 22:10:19	26	13	13	False	True
28055	petebacondarwin	2019-01-10 22:20:40	petebacondarwin	2019-02-08 22:10:20	6	3	3	False	True
28055	petebacondarwin	2019-01-10 22:20:40	petebacondarwin	2019-02-08 22:10:19	467	463	4	False	True
28055	petebacondarwin	2019-01-10 22:20:40	petebacondarwin	2019-02-08 22:10:19	88	77	11	False	True
28055	petebacondarwin	2019-01-10 22:20:40	petebacondarwin	2019-02-08 22:10:19	26	17	9	False	True
28055	petebacondarwin	2019-01-10 22:20:40	petebacondarwin	2019-02-08 22:10:20	51	40	11	False	True
28055	petebacondarwin	2019-01-10 22:20:40	petebacondarwin	2019-02-08 22:10:20	90	58	32	False	True
28055	petebacondarwin	2019-01-10 22:20:40	petebacondarwin	2019-02-08 22:10:21	305	272	33	False	True
28055	petebacondarwin	2019-01-10 22:20:40	petebacondarwin	2019-02-08 22:10:21	599	597	2	False	True
28055	petebacondarwin	2019-01-10 22:20:40	petebacondarwin	2019-02-08 22:10:20	2	1	1	False	True
28054	AndrewKushnir	2019-01-10 22:15:27	AndrewKushnir	2019-01-10 22:15:52	3	3	0	False	True
28054	AndrewKushnir	2019-01-10 22:15:27	AndrewKushnir	2019-01-10 21:34:39	139	100	39	True	True
28053	devversion	2019-01-10 21:42:43	devversion	2019-01-10 22:38:06	4	3	1	False	True
28053	devversion	2019-01-10 21:42:43	devversion	2019-01-10 23:38:52	27	24	3	False	True
28053	devversion	2019-01-10 21:42:43	devversion	2019-01-10 23:44:42	1	1	0	False	True
28052	filipesilva	2019-01-10 20:46:01	filipesilva	2019-01-10 20:43:30	60	44	16	True	True
28051	alexeagle	2019-01-10 19:59:56	alexeagle	2019-01-10 19:55:20	131	61	70	True	True
28050	alxhub	2019-01-10 18:42:18	alxhub	2019-01-10 18:40:24	23	22	1	True	True
28050	alxhub	2019-01-10 18:42:18	alxhub	2019-01-10 23:20:51	6	6	0	False	True
28049	filipesilva	2019-01-10 17:39:15	filipesilva	2019-01-10 17:37:25	14	13	1	True	True
28048	kara	2019-01-10 16:55:44	kara	2019-01-10 18:52:04	597	297	300	False	True
28046	pkozlowski-opensource	2019-01-10 15:30:50	pkozlowski-opensource	2019-01-10 15:28:39	2	1	1	True	True
28045	gkalpak	2019-01-10 15:24:53	gkalpak	2019-01-10 15:18:05	25	18	7	True	True
28044	pkozlowski-opensource	2019-01-10 15:15:40	pkozlowski-opensource	2019-01-10 15:10:11	49	26	23	True	True
28042	ernest-galbrun	2019-01-10 13:15:12	ernest-galbrun	2019-01-10 13:15:03	2	1	1	True	True
28037	wKoza	2019-01-10 07:30:27	wKoza	2019-01-10 07:18:30	323	289	34	True	True
28037	wKoza	2019-01-10 07:30:27	wKoza	2019-01-21 21:05:28	71	35	36	False	True
28037	wKoza	2019-01-10 07:30:27	wKoza	2019-01-23 18:03:11	27	13	14	False	True
28036	kara	2019-01-10 04:54:45	kara	2019-01-10 04:53:56	2	1	1	True	True
28035	kara	2019-01-10 01:52:33	kara	2019-01-10 01:51:15	4	2	2	True	True
28035	kara	2019-01-10 01:52:33	kara	2019-01-10 02:06:59	21	10	11	False	True
28033	alxhub	2019-01-10 01:08:41	alxhub	2019-01-10 21:48:29	9	7	2	False	True
28033	alxhub	2019-01-10 01:08:41	alxhub	2019-01-10 00:24:36	43	34	9	True	True
28033	alxhub	2019-01-10 01:08:41	alxhub	2019-01-10 00:24:06	179	126	53	True	True
28033	alxhub	2019-01-10 01:08:41	alxhub	2019-01-10 21:44:17	8	4	4	False	True
28032	kyliau	2019-01-10 00:27:03	kyliau	2019-01-10 00:25:23	1	1	0	True	True
28031	kyliau	2019-01-10 00:22:58	kyliau	2019-01-10 00:22:06	164	78	86	True	True
28030	kara	2019-01-09 23:33:20	kara	2019-01-09 23:29:08	210	101	109	True	True
28028	mhevery	2019-01-09 21:51:43	mhevery	2019-01-10 22:11:55	36	32	4	False	True
28028	mhevery	2019-01-09 21:51:43	mhevery	2019-01-11 00:01:05	5	3	2	False	True
28028	mhevery	2019-01-09 21:51:43	mhevery	2019-01-10 23:59:43	3	3	0	False	True
28028	mhevery	2019-01-09 21:51:43	mhevery	2019-01-10 19:37:17	3	3	0	False	True
28028	mhevery	2019-01-09 21:51:43	mhevery	2019-01-10 19:39:25	6	3	3	False	True
28027	alxhub	2019-01-09 21:45:05	alxhub	2019-01-09 21:33:11	293	144	149	True	True
28026	matsko	2019-01-09 21:42:34	matsko	2019-01-09 21:07:18	4	2	2	True	True
28026	matsko	2019-01-09 21:42:34	matsko	2019-01-09 23:03:24	9	9	0	False	True
28026	matsko	2019-01-09 21:42:34	matsko	2019-01-09 23:12:27	4	2	2	False	True
28026	matsko	2019-01-09 21:42:34	matsko	2019-01-09 21:40:13	615	307	308	True	True
28024	crisbeto	2019-01-09 20:29:28	crisbeto	2019-01-09 20:28:38	61	31	30	True	True
28023	IgorMinar	2019-01-09 19:16:46	IgorMinar	2019-01-09 19:16:07	1	1	0	True	True
28022	devversion	2019-01-09 18:58:26	devversion	2019-01-09 18:44:48	3	2	1	True	True
28021	marclaval	2019-01-09 17:00:51	marclaval	2019-01-10 09:40:01	6	4	2	False	True
28021	marclaval	2019-01-09 17:00:51	marclaval	2019-01-09 16:55:23	85	53	32	True	True
28020	gkalpak	2019-01-09 16:55:00	gkalpak	2019-01-10 20:28:59	9	5	4	False	True
28020	gkalpak	2019-01-09 16:55:00	gkalpak	2019-01-10 20:08:51	195	195	0	False	True
28020	gkalpak	2019-01-09 16:55:00	gkalpak	2019-01-09 16:44:47	32	23	9	True	True
28020	gkalpak	2019-01-09 16:55:00	gkalpak	2019-01-10 20:14:04	28	15	13	False	True
28020	gkalpak	2019-01-09 16:55:00	gkalpak	2019-01-10 20:24:24	10	10	0	False	True
28015	gkalpak	2019-01-09 14:44:16	gkalpak	2019-01-09 14:39:44	4	2	2	True	True
28014	marclaval	2019-01-09 14:43:33	marclaval	2019-01-09 14:45:55	196	96	100	False	True
28013	gkalpak	2019-01-09 14:27:55	gkalpak	2019-01-09 14:07:07	1	1	0	True	True
28012	gkalpak	2019-01-09 13:01:56	gkalpak	2019-01-09 12:52:26	11	5	6	True	True
28011	pkozlowski-opensource	2019-01-09 13:00:18	pkozlowski-opensource	2019-01-09 15:33:25	154	41	113	False	True
28011	pkozlowski-opensource	2019-01-09 13:00:18	pkozlowski-opensource	2019-01-09 13:20:19	275	133	142	False	True
28011	pkozlowski-opensource	2019-01-09 13:00:18	pkozlowski-opensource	2019-01-09 10:59:49	52	28	24	True	True
28011	pkozlowski-opensource	2019-01-09 13:00:18	pkozlowski-opensource	2019-01-09 13:54:47	85	18	67	False	True
28010	gkalpak	2019-01-09 12:43:08	gkalpak	2019-01-09 12:40:57	10	10	0	True	True
28009	marclaval	2019-01-09 10:53:50	marclaval	2019-01-14 09:20:27	66	47	19	False	True
28006	alan-agius4	2019-01-09 08:50:45	alan-agius4	2019-01-10 06:51:01	12	10	2	False	True
28006	alan-agius4	2019-01-09 08:50:45	alan-agius4	2019-01-15 10:35:51	8	4	4	False	True
28006	alan-agius4	2019-01-09 08:50:45	alan-agius4	2019-01-10 20:07:22	1	1	0	False	True
28004	kara	2019-01-09 04:16:58	kara	2019-01-09 04:16:17	2	1	1	True	True
28003	AndrewKushnir	2019-01-09 02:07:37	AndrewKushnir	2019-01-09 02:03:42	8	4	4	True	True
28001	alxhub	2019-01-09 00:38:43	alxhub	2019-01-09 00:30:57	40	27	13	True	True
28000	kyliau	2019-01-08 23:52:31	kyliau	2019-01-08 23:19:27	20	17	3	True	True
27999	IgorMinar	2019-01-08 23:34:01	IgorMinar	2019-01-08 23:33:28	16	8	8	True	True
27998	alxhub	2019-01-08 21:19:54	alxhub	2019-01-08 21:02:11	94	80	14	True	True
27998	alxhub	2019-01-08 21:19:54	alxhub	2019-01-08 19:49:58	317	222	95	True	True
27997	kara	2019-01-08 20:43:00	kara	2019-01-08 20:41:28	128	62	66	True	True
27996	crisbeto	2019-01-08 20:26:34	crisbeto	2019-01-10 21:24:32	164	107	57	False	True
27995	kyliau	2019-01-08 20:08:34	kyliau	2018-12-06 18:41:03	99	50	49	True	True
27994	kara	2019-01-08 19:49:46	kara	2019-01-08 19:48:05	2	1	1	True	True
27993	devversion	2019-01-08 19:34:37	devversion	2019-01-12 19:20:15	4	1	3	False	True
27993	devversion	2019-01-08 19:34:37	devversion	2019-01-12 18:00:39	71	60	11	False	True
27990	filipesilva	2019-01-08 16:46:34	filipesilva	2019-01-05 15:15:22	61	56	5	True	True
27989	marclaval	2019-01-08 15:20:34	marclaval	2019-01-08 15:10:43	77	45	32	True	True
27987	pkozlowski-opensource	2019-01-08 15:17:48	pkozlowski-opensource	2019-01-08 15:13:16	16	9	7	True	True
27985	pkozlowski-opensource	2019-01-08 14:08:14	pkozlowski-opensource	2019-01-08 14:07:53	4	2	2	True	True
27984	ocombe	2019-01-08 13:53:39	ocombe	2019-01-08 13:47:30	31	15	16	True	True
27983	ogmios-voice	2019-01-08 13:23:22	ogmios-voice	2019-01-08 14:09:05	4	2	2	False	True
27983	ogmios-voice	2019-01-08 13:23:22	ogmios-voice	2019-01-08 13:22:34	2	1	1	True	True
27982	dariobraun	2019-01-08 12:45:53	dariobraun	2019-01-08 12:34:21	2	1	1	True	True
27981	wKoza	2019-01-08 12:40:39	wKoza	2019-01-08 12:35:59	46	26	20	True	True
27979	devversion	2019-01-08 10:41:39	devversion	2019-01-08 11:43:53	8	2	6	False	True
27979	devversion	2019-01-08 10:41:39	devversion	2019-01-08 11:41:24	156	27	129	False	True
27977	pkozlowski-opensource	2019-01-08 10:10:19	pkozlowski-opensource	2019-01-08 10:09:40	4	2	2	True	True
27974	kara	2019-01-08 04:07:25	kara	2019-01-08 03:44:22	95	28	67	True	True
27974	kara	2019-01-08 04:07:25	kara	2019-01-08 19:22:20	27	14	13	False	True
27973	alexeagle	2019-01-08 01:47:27	alexeagle	2019-01-08 01:46:56	1	0	1	True	True
27972	AndrewKushnir	2019-01-08 01:30:26	AndrewKushnir	2019-01-08 01:26:23	57	28	29	True	True
27972	AndrewKushnir	2019-01-08 01:30:26	AndrewKushnir	2019-01-08 04:02:48	9	5	4	False	True
27971	AndrewKushnir	2019-01-08 00:42:32	AndrewKushnir	2019-01-09 22:41:12	2	1	1	False	True
27971	AndrewKushnir	2019-01-08 00:42:32	AndrewKushnir	2019-01-08 00:35:06	123	115	8	True	True
27971	AndrewKushnir	2019-01-08 00:42:32	AndrewKushnir	2019-01-10 00:50:45	14	8	6	False	True
27971	AndrewKushnir	2019-01-08 00:42:32	AndrewKushnir	2019-01-08 01:09:53	8	4	4	False	True
27970	IgorMinar	2019-01-07 23:40:53	IgorMinar	2019-01-07 23:37:53	1	0	1	True	True
27965	benlesh	2019-01-07 17:26:38	mhevery	2019-01-07 23:44:02	203	40	163	False	True
27965	benlesh	2019-01-07 17:26:38	benlesh	2019-01-11 19:29:22	163	108	55	False	True
27965	benlesh	2019-01-07 17:26:38	benlesh	2019-01-08 00:41:30	153	91	62	False	True
27965	benlesh	2019-01-07 17:26:38	benlesh	2018-12-21 01:23:25	1446	702	744	True	True
27965	benlesh	2019-01-07 17:26:38	benlesh	2019-01-08 18:38:41	39	25	14	False	True
27965	benlesh	2019-01-07 17:26:38	benlesh	2018-12-26 19:08:46	18	10	8	True	True
27965	benlesh	2019-01-07 17:26:38	benlesh	2019-01-09 00:50:49	17	10	7	False	True
27965	benlesh	2019-01-07 17:26:38	benlesh	2019-01-11 00:40:06	587	372	215	False	True
27965	benlesh	2019-01-07 17:26:38	benlesh	2019-01-08 18:12:45	101	61	40	False	True
27965	benlesh	2019-01-07 17:26:38	benlesh	2019-01-08 18:23:37	7	4	3	False	True
27965	benlesh	2019-01-07 17:26:38	benlesh	2019-01-11 21:26:23	1201	594	607	False	True
27965	benlesh	2019-01-07 17:26:38	kara	2019-01-08 18:13:51	2	1	1	False	True
27965	benlesh	2019-01-07 17:26:38	benlesh	2019-01-11 19:36:29	22	0	22	False	True
27965	benlesh	2019-01-07 17:26:38	benlesh	2019-01-11 20:29:49	126	61	65	False	True
27965	benlesh	2019-01-07 17:26:38	benlesh	2019-01-09 22:39:48	2	1	1	False	True
27965	benlesh	2019-01-07 17:26:38	benlesh	2019-01-04 01:46:14	7	5	2	True	True
27962	ErickXavier	2019-01-07 16:34:04	ErickXavier	2018-11-30 18:06:37	6	3	3	True	True
27961	pkozlowski-opensource	2019-01-07 16:31:15	pkozlowski-opensource	2019-01-07 16:29:24	169	82	87	True	True
27960	pkozlowski-opensource	2019-01-07 15:09:02	pkozlowski-opensource	2019-01-07 15:08:26	273	132	141	True	True
27955	marclaval	2019-01-07 09:36:38	marclaval	2019-01-07 09:38:55	27	1	26	False	True
27955	marclaval	2019-01-07 09:36:38	marclaval	2019-01-07 16:07:39	180	139	41	False	True
27954	Enlcxx	2019-01-07 08:27:15	Enlcxx	2019-01-07 08:11:33	6	6	0	True	True
27949	IgorMinar	2019-01-06 07:49:38	IgorMinar	2019-01-06 07:44:22	1	1	0	True	True
27948	javatutorials2016	2019-01-06 04:44:11	javatutorials2016	2019-01-06 04:43:38	2	1	1	True	True
27947	Hearen	2019-01-06 04:08:31	Hearen	2019-01-06 04:08:14	2	1	1	True	True
27945	kara	2019-01-06 01:43:05	kara	2019-01-06 01:41:14	4	2	2	True	True
27942	crisbeto	2019-01-05 12:45:55	crisbeto	2019-01-07 19:02:34	215	13	202	False	True
27942	crisbeto	2019-01-05 12:45:55	crisbeto	2019-01-05 12:43:58	28	15	13	True	True
27940	kara	2019-01-05 03:37:37	kara	2019-01-05 03:10:14	108	56	52	True	True
27939	AndrewKushnir	2019-01-05 01:13:38	AndrewKushnir	2019-01-03 18:04:06	482	432	50	True	True
27939	AndrewKushnir	2019-01-05 01:13:38	AndrewKushnir	2019-01-08 01:40:05	2	1	1	False	True
27939	AndrewKushnir	2019-01-05 01:13:38	AndrewKushnir	2019-01-09 00:24:14	6	3	3	False	True
27937	IgorMinar	2019-01-04 20:07:13	devversion	2019-01-05 20:09:34	594	2	592	False	True
27937	IgorMinar	2019-01-04 20:07:13	devversion	2019-01-05 21:43:35	453	14	439	False	True
27937	IgorMinar	2019-01-04 20:07:13	devversion	2019-01-05 18:43:55	12	11	1	False	True
27937	IgorMinar	2019-01-04 20:07:13	IgorMinar	2019-01-06 08:43:18	4529	4529	0	False	True
27937	IgorMinar	2019-01-04 20:07:13	IgorMinar	2019-01-05 08:17:24	22	0	22	False	True
27937	IgorMinar	2019-01-04 20:07:13	devversion	2019-01-06 14:37:55	37	8	29	False	True
27937	IgorMinar	2019-01-04 20:07:13	IgorMinar	2019-01-04 19:58:33	555	207	348	True	True
27937	IgorMinar	2019-01-04 20:07:13	devversion	2019-01-05 13:01:47	549	252	297	False	True
27937	IgorMinar	2019-01-04 20:07:13	devversion	2019-01-07 18:29:25	6	3	3	False	True
27937	IgorMinar	2019-01-04 20:07:13	devversion	2019-01-05 21:15:06	609	31	578	False	True
27937	IgorMinar	2019-01-04 20:07:13	devversion	2019-01-06 12:07:24	8	5	3	False	True
27937	IgorMinar	2019-01-04 20:07:13	devversion	2019-01-06 11:37:46	122	119	3	False	True
27935	gregmagolan	2019-01-04 18:57:02	gregmagolan	2019-01-04 20:35:57	5	4	1	False	True
27935	gregmagolan	2019-01-04 18:57:02	gregmagolan	2019-01-04 18:59:58	73	35	38	False	True
27934	gkalpak	2019-01-04 18:32:10	gkalpak	2019-01-04 18:27:09	14	10	4	True	True
27931	IgorMinar	2019-01-04 17:11:57	IgorMinar	2018-12-25 20:43:37	159	0	159	True	True
27928	marclaval	2019-01-04 14:36:38	marclaval	2019-01-04 14:38:40	78	46	32	False	True
27925	pkozlowski-opensource	2019-01-04 11:22:10	pkozlowski-opensource	2019-01-04 14:51:33	37	30	7	False	True
27925	pkozlowski-opensource	2019-01-04 11:22:10	pkozlowski-opensource	2019-01-04 16:17:50	131	52	79	False	True
27925	pkozlowski-opensource	2019-01-04 11:22:10	pkozlowski-opensource	2019-01-04 11:08:04	27	16	11	True	True
27925	pkozlowski-opensource	2019-01-04 11:22:10	pkozlowski-opensource	2019-01-04 10:58:51	9	4	5	True	True
27919	benlesh	2019-01-03 22:03:21	benlesh	2019-01-03 22:01:57	2	1	1	True	True
27915	devversion	2019-01-03 19:29:03	devversion	2019-01-03 19:25:51	106	91	15	True	True
27914	AndrewKushnir	2019-01-03 19:24:15	AndrewKushnir	2019-01-03 20:12:20	8	4	4	False	True
27914	AndrewKushnir	2019-01-03 19:24:15	AndrewKushnir	2019-01-03 19:18:09	65	62	3	True	True
27912	marclaval	2019-01-03 15:18:56	marclaval	2019-01-03 15:20:40	83	37	46	False	True
27912	marclaval	2019-01-03 15:18:56	marclaval	2018-12-21 16:10:18	377	191	186	True	True
27912	marclaval	2019-01-03 15:18:56	marclaval	2019-01-02 13:37:04	35	18	17	True	True
27912	marclaval	2019-01-03 15:18:56	marclaval	2019-01-03 16:06:00	6	3	3	False	True
27911	ocombe	2019-01-03 15:11:42	ocombe	2019-01-03 15:07:00	20	17	3	True	True
27910	marclaval	2019-01-03 14:53:28	marclaval	2019-01-03 14:55:01	56	46	10	False	True
27909	marclaval	2019-01-03 13:41:55	marclaval	2019-01-03 13:43:06	259	136	123	False	True
27908	Meknassih	2019-01-03 13:41:32	Meknassih	2019-01-03 13:40:44	2	1	1	True	True
27903	gkalpak	2019-01-03 11:17:02	gkalpak	2019-01-03 11:14:51	6	4	2	True	True
27898	mhevery	2019-01-02 23:13:01	mhevery	2019-01-02 23:30:24	2	1	1	False	True
27898	mhevery	2019-01-02 23:13:01	mhevery	2019-01-02 23:12:36	134	70	64	True	True
27898	mhevery	2019-01-02 23:13:01	mhevery	2019-01-03 23:55:47	13	7	6	False	True
27898	mhevery	2019-01-02 23:13:01	mhevery	2019-01-02 23:17:07	79	39	40	False	True
27898	mhevery	2019-01-02 23:13:01	mhevery	2019-01-08 00:47:39	2	1	1	False	True
27898	mhevery	2019-01-02 23:13:01	mhevery	2019-01-04 23:33:04	230	230	0	False	True
27898	mhevery	2019-01-02 23:13:01	mhevery	2019-01-07 22:59:20	725	255	470	False	True
27898	mhevery	2019-01-02 23:13:01	mhevery	2019-01-07 23:03:53	237	120	117	False	True
27898	mhevery	2019-01-02 23:13:01	kara	2019-01-07 19:30:05	33	17	16	False	True
27897	JoostK	2019-01-02 22:37:08	JoostK	2019-01-04 10:38:16	10	6	4	False	True
27897	JoostK	2019-01-02 22:37:08	JoostK	2019-01-04 13:57:42	73	69	4	False	True
27897	JoostK	2019-01-02 22:37:08	JoostK	2019-01-02 22:25:58	190	188	2	True	True
27897	JoostK	2019-01-02 22:37:08	JoostK	2019-01-03 16:15:00	87	62	25	False	True
27897	JoostK	2019-01-02 22:37:08	JoostK	2019-01-04 12:07:53	6	6	0	False	True
27897	JoostK	2019-01-02 22:37:08	JoostK	2019-01-04 14:32:08	2	1	1	False	True
27897	JoostK	2019-01-02 22:37:08	JoostK	2019-01-04 12:07:09	24	12	12	False	True
27897	JoostK	2019-01-02 22:37:08	JoostK	2019-01-03 21:29:02	122	120	2	False	True
27896	matsko	2019-01-02 22:13:02	matsko	2019-01-04 18:09:14	12	6	6	False	True
27896	matsko	2019-01-02 22:13:02	matsko	2019-01-04 02:24:21	282	235	47	False	True
27896	matsko	2019-01-02 22:13:02	mhevery	2019-01-04 17:10:03	10	5	5	False	True
27895	mhevery	2019-01-02 21:44:59	mhevery	2019-01-02 21:29:25	6	3	3	True	True
27894	karanveersp	2019-01-02 20:51:03	karanveersp	2019-01-02 20:42:46	2	1	1	True	True
27892	JoostK	2019-01-02 18:31:11	kara	2019-01-14 20:28:03	2	1	1	False	True
27892	JoostK	2019-01-02 18:31:11	JoostK	2019-01-02 18:29:08	91	81	10	True	True
27892	JoostK	2019-01-02 18:31:11	JoostK	2019-01-13 18:03:37	59	27	32	False	True
27892	JoostK	2019-01-02 18:31:11	JoostK	2019-01-13 18:12:47	3	3	0	False	True
27886	nchetankumar	2019-01-02 06:29:46	nchetankumar	2019-01-02 06:18:33	3	1	2	True	True
27884	pickfire	2019-01-02 02:30:25	pickfire	2019-01-02 02:30:18	1	0	1	True	True
27880	CaerusKaru	2019-01-01 07:03:09	IgorMinar	2019-01-11 06:08:11	18	1	17	False	True
27880	CaerusKaru	2019-01-01 07:03:09	IgorMinar	2019-01-11 06:07:49	97	37	60	False	True
27880	CaerusKaru	2019-01-01 07:03:09	IgorMinar	2019-01-11 08:59:22	14	0	14	False	True
27880	CaerusKaru	2019-01-01 07:03:09	CaerusKaru	2019-01-01 07:02:15	42	21	21	True	True
27880	CaerusKaru	2019-01-01 07:03:09	IgorMinar	2019-01-11 06:38:19	16	9	7	False	True
27879	jharrilim	2019-01-01 04:30:46	jharrilim	2019-01-01 04:09:14	4	2	2	True	True
