pr_number	author_user_login	pr_created_at	review_comment_user_login	review_comment_created_at	is_review_review_comment
39523	ayazhafiz	2020-10-31 16:16:38	zarend	2020-12-15 22:06:26	True
39523	ayazhafiz	2020-10-31 16:16:38	zarend	2020-12-15 22:08:37	True
39521	eliraneliassy	2020-10-31 12:59:31	kapunahelewong	2020-11-03 21:15:45	True
39519		2020-10-31 11:12:49			
39518	JoostK	2020-10-30 22:56:51	petebacondarwin	2020-11-02 14:29:50	True
39518	JoostK	2020-10-30 22:56:51	petebacondarwin	2020-11-02 13:33:40	True
39518	JoostK	2020-10-30 22:56:51	petebacondarwin	2020-11-02 13:13:51	True
39518	JoostK	2020-10-30 22:56:51	petebacondarwin	2020-11-02 14:00:16	True
39518	JoostK	2020-10-30 22:56:51	petebacondarwin	2020-11-02 13:55:17	True
39518	JoostK	2020-10-30 22:56:51	petebacondarwin	2020-11-02 13:53:29	True
39518	JoostK	2020-10-30 22:56:51	petebacondarwin	2020-11-02 13:50:37	True
39518	JoostK	2020-10-30 22:56:51	petebacondarwin	2020-11-02 13:34:29	True
39518	JoostK	2020-10-30 22:56:51	petebacondarwin	2020-11-02 12:46:16	True
39518	JoostK	2020-10-30 22:56:51	petebacondarwin	2020-11-02 13:55:02	True
39518	JoostK	2020-10-30 22:56:51	petebacondarwin	2020-11-02 14:31:12	True
39518	JoostK	2020-10-30 22:56:51	petebacondarwin	2020-11-02 12:44:50	True
39518	JoostK	2020-10-30 22:56:51	petebacondarwin	2020-11-02 12:41:13	True
39518	JoostK	2020-10-30 22:56:51	petebacondarwin	2020-11-02 12:40:20	True
39518	JoostK	2020-10-30 22:56:51	petebacondarwin	2020-11-02 12:18:21	True
39518	JoostK	2020-10-30 22:56:51	petebacondarwin	2020-11-02 13:57:06	True
39518	JoostK	2020-10-30 22:56:51	petebacondarwin	2020-11-02 14:16:14	True
39518	JoostK	2020-10-30 22:56:51	petebacondarwin	2020-11-02 14:36:39	True
39518	JoostK	2020-10-30 22:56:51	petebacondarwin	2020-11-02 14:17:42	True
39518	JoostK	2020-10-30 22:56:51	petebacondarwin	2020-11-02 16:10:48	True
39518	JoostK	2020-10-30 22:56:51	petebacondarwin	2020-11-02 14:31:57	True
39518	JoostK	2020-10-30 22:56:51	petebacondarwin	2020-11-02 14:24:29	True
39518	JoostK	2020-10-30 22:56:51	petebacondarwin	2020-11-02 14:41:34	True
39518	JoostK	2020-10-30 22:56:51	petebacondarwin	2020-11-02 14:42:10	True
39518	JoostK	2020-10-30 22:56:51	petebacondarwin	2020-11-02 14:03:20	True
39517		2020-10-30 22:26:20			
39516	ayazhafiz	2020-10-30 22:18:34	kyliau	2020-11-03 00:29:57	True
39516	ayazhafiz	2020-10-30 22:18:34	kyliau	2020-11-03 00:31:56	True
39516	ayazhafiz	2020-10-30 22:18:34	kyliau	2020-11-03 00:44:31	True
39516	ayazhafiz	2020-10-30 22:18:34	kyliau	2020-11-03 00:38:15	True
39516	ayazhafiz	2020-10-30 22:18:34	kyliau	2020-11-03 00:28:04	True
39516	ayazhafiz	2020-10-30 22:18:34	kyliau	2020-11-03 00:23:33	True
39516	ayazhafiz	2020-10-30 22:18:34	kyliau	2020-11-03 00:36:33	True
39516	ayazhafiz	2020-10-30 22:18:34	kyliau	2020-11-03 00:29:20	True
39516	ayazhafiz	2020-10-30 22:18:34	kyliau	2020-11-05 00:46:28	True
39516	ayazhafiz	2020-10-30 22:18:34	kyliau	2020-11-05 00:53:15	True
39516	ayazhafiz	2020-10-30 22:18:34	kyliau	2020-11-03 00:43:41	True
39516	ayazhafiz	2020-10-30 22:18:34	kyliau	2020-11-03 00:33:04	True
39516	ayazhafiz	2020-10-30 22:18:34	kyliau	2020-11-03 00:42:51	True
39515	atscott	2020-10-30 20:23:10	ayazhafiz	2020-11-17 21:20:36	True
39515	atscott	2020-10-30 20:23:10	ayazhafiz	2020-11-17 21:50:15	True
39515	atscott	2020-10-30 20:23:10	ayazhafiz	2020-11-17 21:18:04	True
39515	atscott	2020-10-30 20:23:10	ayazhafiz	2020-11-17 21:13:42	True
39515	atscott	2020-10-30 20:23:10	ayazhafiz	2020-11-17 21:22:05	True
39515	atscott	2020-10-30 20:23:10	ayazhafiz	2020-11-17 21:50:49	True
39515	atscott	2020-10-30 20:23:10	ayazhafiz	2020-11-17 22:10:02	True
39515	atscott	2020-10-30 20:23:10	alxhub	2020-12-07 18:32:30	True
39515	atscott	2020-10-30 20:23:10	alxhub	2020-12-07 18:29:58	True
39515	atscott	2020-10-30 20:23:10	ayazhafiz	2020-11-17 21:51:16	True
39515	atscott	2020-10-30 20:23:10	ayazhafiz	2020-11-17 22:08:28	True
39514	JoostK	2020-10-30 19:33:15	AndrewKushnir	2020-10-30 20:58:47	True
39512	sebastianhaeni	2020-10-30 18:14:12	JiaLiPassion	2020-10-31 23:55:28	True
39512	sebastianhaeni	2020-10-30 18:14:12	JiaLiPassion	2020-10-31 23:46:34	True
39512	sebastianhaeni	2020-10-30 18:14:12	JiaLiPassion	2020-10-31 23:47:33	True
39512	sebastianhaeni	2020-10-30 18:14:12	JiaLiPassion	2020-10-31 23:54:08	True
39512	sebastianhaeni	2020-10-30 18:14:12	JiaLiPassion	2020-11-02 01:07:14	True
39512	sebastianhaeni	2020-10-30 18:14:12	JiaLiPassion	2020-11-02 01:08:32	True
39508		2020-10-30 04:24:07			
39507		2020-10-29 23:59:23			
39506		2020-10-29 23:29:08			
39505	alxhub	2020-10-29 23:13:30	atscott	2020-10-29 23:36:44	True
39505	alxhub	2020-10-29 23:13:30	kyliau	2020-10-29 23:49:55	True
39505	alxhub	2020-10-29 23:13:30	atscott	2020-10-29 23:21:13	True
39504	josephperrott	2020-10-29 23:05:53	gkalpak	2020-10-30 15:55:17	True
39504	josephperrott	2020-10-29 23:05:53	gkalpak	2020-11-03 19:00:23	True
39504	josephperrott	2020-10-29 23:05:53	gkalpak	2020-10-30 15:56:00	True
39504	josephperrott	2020-10-29 23:05:53	gkalpak	2020-10-30 16:05:22	True
39504	josephperrott	2020-10-29 23:05:53	gkalpak	2020-10-30 15:57:52	True
39503	josephperrott	2020-10-29 22:47:46	gkalpak	2020-10-30 15:46:06	True
39502		2020-10-29 22:32:41			
39498		2020-10-29 20:09:15			
39497	AndrewKushnir	2020-10-29 20:05:14	mhevery	2020-10-29 21:59:39	True
39495		2020-10-29 18:39:06			
39494		2020-10-29 18:26:23			
39486	petebacondarwin	2020-10-29 09:50:47	JoostK	2020-10-31 13:04:12	True
39486	petebacondarwin	2020-10-29 09:50:47	AndrewKushnir	2020-10-30 23:10:04	True
39486	petebacondarwin	2020-10-29 09:50:47	atscott	2020-10-30 23:33:46	True
39486	petebacondarwin	2020-10-29 09:50:47	atscott	2020-10-30 23:35:38	True
39486	petebacondarwin	2020-10-29 09:50:47	JoostK	2020-10-31 13:03:24	True
39486	petebacondarwin	2020-10-29 09:50:47	JoostK	2020-10-31 13:29:27	True
39486	petebacondarwin	2020-10-29 09:50:47	JoostK	2020-10-31 14:25:29	True
39486	petebacondarwin	2020-10-29 09:50:47	JoostK	2020-10-31 16:55:01	True
39485	AndrewKushnir	2020-10-29 01:53:08	petebacondarwin	2020-10-30 16:17:23	True
39485	AndrewKushnir	2020-10-29 01:53:08	petebacondarwin	2020-10-30 16:15:55	True
39485	AndrewKushnir	2020-10-29 01:53:08	mhevery	2020-10-29 20:49:42	True
39485	AndrewKushnir	2020-10-29 01:53:08	petebacondarwin	2020-10-29 08:36:27	True
39485	AndrewKushnir	2020-10-29 01:53:08	mhevery	2020-10-29 20:40:57	True
39485	AndrewKushnir	2020-10-29 01:53:08	mhevery	2020-10-29 20:48:56	True
39485	AndrewKushnir	2020-10-29 01:53:08	mhevery	2020-10-29 20:39:13	True
39485	AndrewKushnir	2020-10-29 01:53:08	petebacondarwin	2020-10-29 09:29:10	True
39485	AndrewKushnir	2020-10-29 01:53:08	petebacondarwin	2020-10-29 08:50:16	True
39485	AndrewKushnir	2020-10-29 01:53:08	mhevery	2020-10-29 20:34:57	True
39485	AndrewKushnir	2020-10-29 01:53:08	petebacondarwin	2020-10-30 16:19:13	True
39483	aikithoughts	2020-10-28 23:01:21	kapunahelewong	2020-11-03 16:18:14	True
39483	aikithoughts	2020-10-28 23:01:21	kapunahelewong	2020-11-03 16:39:13	True
39483	aikithoughts	2020-10-28 23:01:21	kapunahelewong	2020-11-03 16:35:33	True
39483	aikithoughts	2020-10-28 23:01:21	kapunahelewong	2020-11-03 16:33:41	True
39483	aikithoughts	2020-10-28 23:01:21	kapunahelewong	2020-11-03 16:32:29	True
39482		2020-10-28 22:39:39			
39481		2020-10-28 20:59:00			
39480		2020-10-28 20:30:15			
39479		2020-10-28 20:07:22			
39478		2020-10-28 20:06:07			
39476	atscott	2020-10-28 18:52:17	JoostK	2020-11-05 18:47:20	True
39476	atscott	2020-10-28 18:52:17	JoostK	2020-11-05 18:50:42	True
39476	atscott	2020-10-28 18:52:17	JoostK	2020-11-05 18:48:04	True
39476	atscott	2020-10-28 18:52:17	JoostK	2020-11-05 18:51:37	True
39476	atscott	2020-10-28 18:52:17	JoostK	2020-11-05 18:14:18	True
39476	atscott	2020-10-28 18:52:17	ayazhafiz	2020-10-28 21:27:23	True
39476	atscott	2020-10-28 18:52:17	ayazhafiz	2020-10-28 19:17:10	True
39476	atscott	2020-10-28 18:52:17	kyliau	2020-10-28 19:20:31	True
39476	atscott	2020-10-28 18:52:17	kyliau	2020-10-28 19:05:21	True
39476	atscott	2020-10-28 18:52:17	kyliau	2020-10-28 19:08:33	True
39476	atscott	2020-10-28 18:52:17	ayazhafiz	2020-10-28 19:09:16	True
39476	atscott	2020-10-28 18:52:17	kyliau	2020-10-28 19:14:15	True
39476	atscott	2020-10-28 18:52:17	ayazhafiz	2020-10-28 19:10:47	True
39476	atscott	2020-10-28 18:52:17	kyliau	2020-11-03 21:22:26	True
39476	atscott	2020-10-28 18:52:17	gkalpak	2020-11-03 19:54:50	True
39476	atscott	2020-10-28 18:52:17	JoostK	2020-11-05 18:38:29	True
39476	atscott	2020-10-28 18:52:17	JoostK	2020-11-05 18:46:45	True
39476	atscott	2020-10-28 18:52:17	kyliau	2020-11-03 21:26:00	True
39474	josephperrott	2020-10-28 17:33:26	gkalpak	2020-10-29 11:28:02	True
39474	josephperrott	2020-10-28 17:33:26	gkalpak	2020-10-28 20:47:54	True
39473		2020-10-28 17:11:35			
39472		2020-10-28 16:27:29			
39471		2020-10-28 16:21:45			
39470	gkalpak	2020-10-28 15:52:17	petebacondarwin	2020-10-30 11:43:50	True
39470	gkalpak	2020-10-28 15:52:17	petebacondarwin	2020-10-30 11:46:16	True
39470	gkalpak	2020-10-28 15:52:17	petebacondarwin	2020-10-30 11:21:24	True
39470	gkalpak	2020-10-28 15:52:17	petebacondarwin	2020-10-30 11:27:43	True
39470	gkalpak	2020-10-28 15:52:17	petebacondarwin	2020-10-30 11:04:16	True
39470	gkalpak	2020-10-28 15:52:17	petebacondarwin	2020-10-30 11:07:10	True
39470	gkalpak	2020-10-28 15:52:17	petebacondarwin	2020-10-30 11:10:01	True
39470	gkalpak	2020-10-28 15:52:17	petebacondarwin	2020-10-30 11:15:11	True
39470	gkalpak	2020-10-28 15:52:17	petebacondarwin	2020-10-30 11:41:10	True
39469		2020-10-28 13:40:49			
39465		2020-10-28 09:52:40			
39464	jessicajaniuk	2020-10-27 23:15:46	AndrewKushnir	2020-10-28 02:13:58	True
39464	jessicajaniuk	2020-10-27 23:15:46	AndrewKushnir	2020-10-28 17:06:17	True
39464	jessicajaniuk	2020-10-27 23:15:46	AndrewKushnir	2020-10-28 02:13:02	True
39464	jessicajaniuk	2020-10-27 23:15:46	AndrewKushnir	2020-10-28 17:01:33	True
39464	jessicajaniuk	2020-10-27 23:15:46	AndrewKushnir	2020-10-28 16:58:19	True
39464	jessicajaniuk	2020-10-27 23:15:46	AndrewKushnir	2020-10-28 02:14:37	True
39464	jessicajaniuk	2020-10-27 23:15:46	AndrewKushnir	2020-10-28 17:03:36	True
39464	jessicajaniuk	2020-10-27 23:15:46	AndrewKushnir	2020-10-28 20:56:09	True
39464	jessicajaniuk	2020-10-27 23:15:46	AndrewKushnir	2020-10-28 21:27:11	True
39464	jessicajaniuk	2020-10-27 23:15:46	AndrewKushnir	2020-10-28 02:01:44	True
39464	jessicajaniuk	2020-10-27 23:15:46	AndrewKushnir	2020-10-28 01:40:47	True
39464	jessicajaniuk	2020-10-27 23:15:46	AndrewKushnir	2020-10-28 01:44:19	True
39464	jessicajaniuk	2020-10-27 23:15:46	AndrewKushnir	2020-10-28 01:53:54	True
39464	jessicajaniuk	2020-10-27 23:15:46	AndrewKushnir	2020-10-28 01:59:42	True
39464	jessicajaniuk	2020-10-27 23:15:46	AndrewKushnir	2020-10-28 02:04:18	True
39464	jessicajaniuk	2020-10-27 23:15:46	AndrewKushnir	2020-10-28 02:00:49	True
39463	JiaLiPassion	2020-10-27 22:44:50	atscott	2020-11-04 17:40:34	True
39463	JiaLiPassion	2020-10-27 22:44:50	atscott	2020-11-04 18:44:53	True
39459		2020-10-27 20:23:10			
39457		2020-10-27 18:16:16			
39456	atscott	2020-10-27 16:57:40	mhevery	2020-10-29 18:22:21	True
39456	atscott	2020-10-27 16:57:40	mhevery	2020-10-29 18:21:32	True
39456	atscott	2020-10-27 16:57:40	mhevery	2020-10-29 18:21:15	True
39456	atscott	2020-10-27 16:57:40	mhevery	2020-10-29 18:24:05	True
39456	atscott	2020-10-27 16:57:40	mhevery	2020-10-29 18:17:49	True
39455		2020-10-27 16:20:10			
39453	petebacondarwin	2020-10-27 15:22:34	aikithoughts	2020-10-27 23:21:57	True
39452	gkalpak	2020-10-27 15:13:03	petebacondarwin	2020-10-27 20:55:02	True
39448		2020-10-27 12:24:25			
39446		2020-10-27 09:48:46			
39445		2020-10-27 04:27:08			
39443		2020-10-27 02:44:55			
39442		2020-10-27 01:30:42			
39440		2020-10-27 01:27:12			
39438		2020-10-27 00:20:15			
39437		2020-10-26 22:44:17			
39435		2020-10-26 21:31:33			
39432	IgorMinar	2020-10-26 17:12:00	clydin	2020-10-27 10:00:59	True
39432	IgorMinar	2020-10-26 17:12:00	alan-agius4	2020-10-27 12:04:48	True
39432	IgorMinar	2020-10-26 17:12:00	alan-agius4	2020-10-27 09:32:52	True
39432	IgorMinar	2020-10-26 17:12:00	alan-agius4	2020-10-27 10:15:12	True
39432	IgorMinar	2020-10-26 17:12:00	alan-agius4	2020-10-27 08:47:58	True
39432	IgorMinar	2020-10-26 17:12:00	alan-agius4	2020-10-27 09:02:08	True
39430		2020-10-26 16:53:40			
39429		2020-10-26 16:40:46			
39427	alan-agius4	2020-10-26 12:27:00	kyliau	2020-10-29 21:33:33	True
39427	alan-agius4	2020-10-26 12:27:00	clydin	2020-10-29 22:46:11	True
39427	alan-agius4	2020-10-26 12:27:00	kyliau	2020-10-29 21:22:06	True
39427	alan-agius4	2020-10-26 12:27:00	kyliau	2020-10-29 21:26:08	True
39425		2020-10-26 10:13:28			
39423		2020-10-26 03:18:03			
39422	JiaLiPassion	2020-10-26 03:08:02	IgorMinar	2020-11-04 00:51:56	True
39422	JiaLiPassion	2020-10-26 03:08:02	petebacondarwin	2020-11-05 11:36:50	True
39422	JiaLiPassion	2020-10-26 03:08:02	mhevery	2020-10-29 23:22:29	True
39422	JiaLiPassion	2020-10-26 03:08:02	petebacondarwin	2020-11-05 11:36:12	True
39422	JiaLiPassion	2020-10-26 03:08:02	kapunahelewong	2020-10-30 20:08:26	True
39422	JiaLiPassion	2020-10-26 03:08:02	IgorMinar	2020-11-04 00:26:48	True
39422	JiaLiPassion	2020-10-26 03:08:02	petebacondarwin	2020-11-05 11:22:05	True
39422	JiaLiPassion	2020-10-26 03:08:02	petebacondarwin	2020-11-05 11:25:28	True
39422	JiaLiPassion	2020-10-26 03:08:02	petebacondarwin	2020-11-05 11:26:18	True
39422	JiaLiPassion	2020-10-26 03:08:02	petebacondarwin	2020-11-05 11:32:37	True
39422	JiaLiPassion	2020-10-26 03:08:02	IgorMinar	2020-11-04 00:54:44	True
39422	JiaLiPassion	2020-10-26 03:08:02	kapunahelewong	2020-10-30 20:00:02	True
39422	JiaLiPassion	2020-10-26 03:08:02	mhevery	2020-10-29 23:15:41	True
39422	JiaLiPassion	2020-10-26 03:08:02	mhevery	2020-10-29 23:13:00	True
39422	JiaLiPassion	2020-10-26 03:08:02	mhevery	2020-10-29 23:13:45	True
39422	JiaLiPassion	2020-10-26 03:08:02	kapunahelewong	2020-10-30 20:12:39	True
39422	JiaLiPassion	2020-10-26 03:08:02	mhevery	2020-10-29 23:14:34	True
39422	JiaLiPassion	2020-10-26 03:08:02	petebacondarwin	2020-11-05 11:34:49	True
39422	JiaLiPassion	2020-10-26 03:08:02	mhevery	2020-10-29 23:16:17	True
39416	AndrewKushnir	2020-10-25 05:30:59	petebacondarwin	2020-10-26 10:37:57	True
39415	JoostK	2020-10-24 22:35:45	crisbeto	2020-10-25 10:52:22	True
39413	ayazhafiz	2020-10-24 17:53:21	alxhub	2020-10-26 21:08:26	True
39413	ayazhafiz	2020-10-24 17:53:21	alxhub	2020-10-26 21:06:39	True
39412	chrisjsimpson	2020-10-24 16:40:13	kapunahelewong	2020-11-03 20:40:30	True
39412	chrisjsimpson	2020-10-24 16:40:13	IgorMinar	2020-11-04 00:05:33	True
39412	chrisjsimpson	2020-10-24 16:40:13	kapunahelewong	2020-11-03 20:41:58	True
39412	chrisjsimpson	2020-10-24 16:40:13	kapunahelewong	2020-11-03 20:42:42	True
39412	chrisjsimpson	2020-10-24 16:40:13	kapunahelewong	2020-11-03 20:43:12	True
39412	chrisjsimpson	2020-10-24 16:40:13	IgorMinar	2020-11-04 00:04:15	True
39412	chrisjsimpson	2020-10-24 16:40:13	kapunahelewong	2020-11-03 20:34:44	True
39412	chrisjsimpson	2020-10-24 16:40:13	kapunahelewong	2020-11-03 20:38:15	True
39412	chrisjsimpson	2020-10-24 16:40:13	kapunahelewong	2020-11-03 20:35:37	True
39411		2020-10-24 15:51:32			
39409		2020-10-24 11:17:30			
39408	crisbeto	2020-10-24 11:16:56	petebacondarwin	2020-10-26 11:49:55	True
39408	crisbeto	2020-10-24 11:16:56	petebacondarwin	2020-10-26 11:15:59	True
39408	crisbeto	2020-10-24 11:16:56	AndrewKushnir	2020-10-24 16:27:07	True
39408	crisbeto	2020-10-24 11:16:56	AndrewKushnir	2020-10-25 21:00:56	True
39408	crisbeto	2020-10-24 11:16:56	AndrewKushnir	2020-10-25 21:06:00	True
39408	crisbeto	2020-10-24 11:16:56	AndrewKushnir	2020-10-25 21:12:28	True
39408	crisbeto	2020-10-24 11:16:56	petebacondarwin	2020-10-26 11:20:10	True
39408	crisbeto	2020-10-24 11:16:56	AndrewKushnir	2020-10-24 16:29:40	True
39408	crisbeto	2020-10-24 11:16:56	petebacondarwin	2020-10-26 11:33:54	True
39408	crisbeto	2020-10-24 11:16:56	petebacondarwin	2020-10-26 11:41:45	True
39408	crisbeto	2020-10-24 11:16:56	AndrewKushnir	2020-10-24 16:32:13	True
39408	crisbeto	2020-10-24 11:16:56	AndrewKushnir	2020-10-27 04:24:14	True
39408	crisbeto	2020-10-24 11:16:56	petebacondarwin	2020-10-26 12:01:29	True
39408	crisbeto	2020-10-24 11:16:56	AndrewKushnir	2020-10-26 16:40:27	True
39408	crisbeto	2020-10-24 11:16:56	AndrewKushnir	2020-10-26 17:14:59	True
39408	crisbeto	2020-10-24 11:16:56	AndrewKushnir	2020-10-27 15:35:57	True
39408	crisbeto	2020-10-24 11:16:56	petebacondarwin	2020-10-26 11:36:10	True
39408	crisbeto	2020-10-24 11:16:56	petebacondarwin	2020-10-26 11:30:09	True
39408	crisbeto	2020-10-24 11:16:56	AndrewKushnir	2020-10-26 16:39:40	True
39407		2020-10-24 09:17:15			
39406		2020-10-24 09:16:11			
39405		2020-10-24 00:52:58			
39404		2020-10-23 20:11:54			
39403	kapunahelewong	2020-10-23 19:55:29	aikithoughts	2020-11-10 20:28:04	True
39403	kapunahelewong	2020-10-23 19:55:29	aikithoughts	2020-11-10 20:29:44	True
39403	kapunahelewong	2020-10-23 19:55:29	aikithoughts	2020-11-10 20:26:08	True
39403	kapunahelewong	2020-10-23 19:55:29	aikithoughts	2020-11-10 20:27:26	True
39403	kapunahelewong	2020-10-23 19:55:29	aikithoughts	2020-11-04 20:49:38	True
39403	kapunahelewong	2020-10-23 19:55:29	aikithoughts	2020-11-10 20:23:56	True
39403	kapunahelewong	2020-10-23 19:55:29	aikithoughts	2020-11-10 20:20:29	True
39403	kapunahelewong	2020-10-23 19:55:29	aikithoughts	2020-11-04 20:47:31	True
39402		2020-10-23 16:11:06			
39400		2020-10-23 13:28:39			
39399		2020-10-23 13:17:11			
39398		2020-10-23 12:41:30			
39396		2020-10-23 09:33:58			
39395		2020-10-23 09:32:52			
39394		2020-10-23 09:31:46			
39392		2020-10-22 19:15:03			
39391	ayazhafiz	2020-10-22 19:00:31	atscott	2020-10-22 20:59:22	True
39391	ayazhafiz	2020-10-22 19:00:31	kyliau	2020-10-23 22:43:51	True
39391	ayazhafiz	2020-10-22 19:00:31	kyliau	2020-10-23 21:56:51	True
39391	ayazhafiz	2020-10-22 19:00:31	atscott	2020-10-22 21:04:55	True
39391	ayazhafiz	2020-10-22 19:00:31	JoostK	2020-10-24 11:42:12	True
39391	ayazhafiz	2020-10-22 19:00:31	atscott	2020-10-22 21:14:41	True
39391	ayazhafiz	2020-10-22 19:00:31	clydin	2020-10-24 00:50:43	True
39391	ayazhafiz	2020-10-22 19:00:31	clydin	2020-10-23 23:08:56	True
39391	ayazhafiz	2020-10-22 19:00:31	clydin	2020-10-23 23:12:13	True
39391	ayazhafiz	2020-10-22 19:00:31	JoostK	2020-10-24 11:18:47	True
39391	ayazhafiz	2020-10-22 19:00:31	atscott	2020-10-22 21:01:49	True
39391	ayazhafiz	2020-10-22 19:00:31	JoostK	2020-10-24 11:35:34	True
39391	ayazhafiz	2020-10-22 19:00:31	clydin	2020-10-23 23:52:43	True
39391	ayazhafiz	2020-10-22 19:00:31	atscott	2020-10-22 21:00:08	True
39391	ayazhafiz	2020-10-22 19:00:31	clydin	2020-10-24 00:27:29	True
39391	ayazhafiz	2020-10-22 19:00:31	atscott	2020-10-22 21:07:45	True
39391	ayazhafiz	2020-10-22 19:00:31	kyliau	2020-10-23 21:48:37	True
39391	ayazhafiz	2020-10-22 19:00:31	kyliau	2020-10-23 22:24:24	True
39391	ayazhafiz	2020-10-22 19:00:31	kyliau	2020-10-23 22:01:50	True
39391	ayazhafiz	2020-10-22 19:00:31	JoostK	2020-10-24 11:45:41	True
39391	ayazhafiz	2020-10-22 19:00:31	kyliau	2020-10-23 21:58:25	True
39388	josephperrott	2020-10-22 16:01:14	gkalpak	2020-10-26 18:42:51	True
39388	josephperrott	2020-10-22 16:01:14	gkalpak	2020-10-26 18:46:15	True
39387		2020-10-22 14:48:31			
39384		2020-10-22 12:34:13			
39383		2020-10-22 12:09:44			
39381		2020-10-22 09:17:31			
39380		2020-10-22 09:16:27			
39379		2020-10-22 09:15:23			
39378		2020-10-22 07:03:09			
39375	ayazhafiz	2020-10-21 23:11:51	alxhub	2020-10-29 18:12:26	True
39375	ayazhafiz	2020-10-21 23:11:51	alxhub	2020-10-29 18:12:41	True
39375	ayazhafiz	2020-10-21 23:11:51	gkalpak	2020-10-22 09:15:34	True
39375	ayazhafiz	2020-10-21 23:11:51	atscott	2020-10-22 00:58:07	True
39375	ayazhafiz	2020-10-21 23:11:51	atscott	2020-10-22 00:49:09	True
39375	ayazhafiz	2020-10-21 23:11:51	atscott	2020-10-22 00:52:03	True
39374		2020-10-21 19:51:42			
39373	atscott	2020-10-21 19:29:36	alxhub	2020-10-21 20:18:42	True
39373	atscott	2020-10-21 19:29:36	alxhub	2020-10-21 20:19:27	True
39373	atscott	2020-10-21 19:29:36	alxhub	2020-10-21 20:11:26	True
39373	atscott	2020-10-21 19:29:36	alxhub	2020-10-27 17:01:02	True
39373	atscott	2020-10-21 19:29:36	alxhub	2020-10-27 17:05:45	True
39371		2020-10-21 17:33:10			
39361		2020-10-21 09:22:03			
39360		2020-10-21 09:20:58			
39359		2020-10-21 09:19:55			
39357	bernard-arnaud	2020-10-21 07:44:16	gkalpak	2020-10-21 11:48:27	True
39353		2020-10-21 07:11:21			
39352		2020-10-21 01:36:22			
39351		2020-10-20 21:48:20			
39347		2020-10-20 19:36:05			
39346	petebacondarwin	2020-10-20 18:39:02	JoostK	2020-10-21 21:28:47	True
39346	petebacondarwin	2020-10-20 18:39:02	JoostK	2020-10-21 17:21:30	True
39346	petebacondarwin	2020-10-20 18:39:02	JoostK	2020-10-21 17:20:14	True
39346	petebacondarwin	2020-10-20 18:39:02	gkalpak	2020-10-21 12:45:18	True
39346	petebacondarwin	2020-10-20 18:39:02	gkalpak	2020-10-21 12:42:08	True
39346	petebacondarwin	2020-10-20 18:39:02	JoostK	2020-10-21 17:17:22	True
39343		2020-10-20 17:02:17			
39342		2020-10-20 16:53:03			
39341		2020-10-20 16:47:28			
39339		2020-10-20 09:15:24			
39338		2020-10-20 09:14:19			
39337	alan-agius4	2020-10-20 07:44:36	petebacondarwin	2020-10-21 07:41:16	True
39337	alan-agius4	2020-10-20 07:44:36	petebacondarwin	2020-10-21 07:54:34	True
39337	alan-agius4	2020-10-20 07:44:36	petebacondarwin	2020-10-21 07:36:09	True
39337	alan-agius4	2020-10-20 07:44:36	petebacondarwin	2020-10-21 07:35:47	True
39337	alan-agius4	2020-10-20 07:44:36	petebacondarwin	2020-10-21 07:38:35	True
39335		2020-10-20 04:02:58			
39334	kyliau	2020-10-20 00:16:02	petebacondarwin	2020-10-20 08:24:27	True
39334	kyliau	2020-10-20 00:16:02	petebacondarwin	2020-10-20 08:23:48	True
39333		2020-10-19 18:27:22			
39332	profanis	2020-10-19 18:10:43	petebacondarwin	2020-10-19 18:12:53	True
39325	ayazhafiz	2020-10-18 22:53:54	kyliau	2020-10-29 18:31:16	True
39325	ayazhafiz	2020-10-18 22:53:54	alxhub	2020-10-29 18:37:55	True
39325	ayazhafiz	2020-10-18 22:53:54	kyliau	2020-10-29 18:04:07	True
39323	crisbeto	2020-10-18 13:54:53	ayazhafiz	2020-10-29 21:26:45	True
39323	crisbeto	2020-10-18 13:54:53	alxhub	2020-10-29 20:19:35	True
39323	crisbeto	2020-10-18 13:54:53	alxhub	2020-10-29 20:18:18	True
39323	crisbeto	2020-10-18 13:54:53	alxhub	2020-10-29 20:17:39	True
39322		2020-10-17 19:36:32			
39321		2020-10-17 18:55:54			
39320		2020-10-17 18:29:14			
39319		2020-10-17 15:22:19			
39318		2020-10-17 15:21:19			
39317		2020-10-17 14:29:21			
39316	JiaLiPassion	2020-10-17 14:09:08	mhevery	2020-10-19 15:52:54	True
39313	AndrewKushnir	2020-10-17 00:53:38	kyliau	2020-10-17 18:59:25	True
39312		2020-10-17 00:25:43			
39309	aikithoughts	2020-10-16 19:52:59	jelbourn	2020-10-20 22:57:28	True
39308		2020-10-16 19:08:11			
39307	tasos-ale	2020-10-16 18:58:52	gkalpak	2020-12-02 14:14:25	True
39307	tasos-ale	2020-10-16 18:58:52	gkalpak	2020-12-02 14:40:04	True
39307	tasos-ale	2020-10-16 18:58:52	gkalpak	2020-12-02 14:51:14	True
39307	tasos-ale	2020-10-16 18:58:52	gkalpak	2020-12-02 14:45:37	True
39307	tasos-ale	2020-10-16 18:58:52	gkalpak	2020-12-02 14:30:45	True
39307	tasos-ale	2020-10-16 18:58:52	gkalpak	2020-12-02 14:35:13	True
39307	tasos-ale	2020-10-16 18:58:52	gkalpak	2020-12-07 15:57:19	True
39307	tasos-ale	2020-10-16 18:58:52	gkalpak	2020-12-02 14:25:59	True
39307	tasos-ale	2020-10-16 18:58:52	gkalpak	2020-12-09 17:35:05	True
39307	tasos-ale	2020-10-16 18:58:52	gkalpak	2020-12-07 15:45:55	True
39307	tasos-ale	2020-10-16 18:58:52	gkalpak	2020-12-07 15:37:16	True
39307	tasos-ale	2020-10-16 18:58:52	gkalpak	2020-12-02 14:12:19	True
39307	tasos-ale	2020-10-16 18:58:52	gkalpak	2020-12-07 15:48:38	True
39307	tasos-ale	2020-10-16 18:58:52	gkalpak	2020-12-07 15:42:23	True
39307	tasos-ale	2020-10-16 18:58:52	gkalpak	2020-12-15 20:47:59	True
39307	tasos-ale	2020-10-16 18:58:52	gkalpak	2020-12-09 17:13:09	True
39307	tasos-ale	2020-10-16 18:58:52	gkalpak	2020-12-02 14:20:35	True
39306	aikithoughts	2020-10-16 18:33:11	alan-agius4	2020-10-16 21:18:17	True
39305		2020-10-16 18:26:34			
39303		2020-10-16 15:27:23			
39302		2020-10-16 10:12:16			
39301	mhevery	2020-10-16 03:01:11	AndrewKushnir	2020-10-17 01:01:09	True
39301	mhevery	2020-10-16 03:01:11	AndrewKushnir	2020-10-17 00:55:46	True
39301	mhevery	2020-10-16 03:01:11	AndrewKushnir	2020-10-17 01:25:05	True
39301	mhevery	2020-10-16 03:01:11	AndrewKushnir	2020-10-17 01:14:28	True
39301	mhevery	2020-10-16 03:01:11	AndrewKushnir	2020-10-17 01:10:34	True
39301	mhevery	2020-10-16 03:01:11	AndrewKushnir	2020-10-17 01:20:00	True
39301	mhevery	2020-10-16 03:01:11	AndrewKushnir	2020-10-17 01:08:32	True
39301	mhevery	2020-10-16 03:01:11	AndrewKushnir	2020-10-17 01:24:26	True
39301	mhevery	2020-10-16 03:01:11	petebacondarwin	2020-10-18 19:38:11	True
39301	mhevery	2020-10-16 03:01:11	petebacondarwin	2020-10-18 19:19:46	True
39301	mhevery	2020-10-16 03:01:11	petebacondarwin	2020-10-18 19:17:05	True
39301	mhevery	2020-10-16 03:01:11	petebacondarwin	2020-10-18 19:42:27	True
39301	mhevery	2020-10-16 03:01:11	petebacondarwin	2020-10-18 19:36:52	True
39301	mhevery	2020-10-16 03:01:11	petebacondarwin	2020-10-18 19:31:47	True
39301	mhevery	2020-10-16 03:01:11	petebacondarwin	2020-10-18 19:26:09	True
39301	mhevery	2020-10-16 03:01:11	petebacondarwin	2020-10-18 19:25:11	True
39299		2020-10-15 23:15:23			
39298		2020-10-15 23:07:54			
39295	kapunahelewong	2020-10-15 21:10:32	gkalpak	2020-11-11 22:14:43	True
39295	kapunahelewong	2020-10-15 21:10:32	gkalpak	2020-11-11 22:27:09	True
39295	kapunahelewong	2020-10-15 21:10:32	gkalpak	2020-10-16 11:15:10	True
39294	pantpap	2020-10-15 20:35:10	gkalpak	2020-10-16 13:16:24	True
39294	pantpap	2020-10-15 20:35:10	gkalpak	2020-10-16 12:55:27	True
39294	pantpap	2020-10-15 20:35:10	gkalpak	2020-10-17 16:38:17	True
39294	pantpap	2020-10-15 20:35:10	gkalpak	2020-10-19 11:20:39	True
39294	pantpap	2020-10-15 20:35:10	gkalpak	2020-10-19 11:17:55	True
39294	pantpap	2020-10-15 20:35:10	gkalpak	2020-10-19 11:23:25	True
39294	pantpap	2020-10-15 20:35:10	gkalpak	2020-10-19 14:16:41	True
39292		2020-10-15 20:09:36			
39291		2020-10-15 19:55:49			
39289		2020-10-15 16:04:52			
39288		2020-10-15 15:27:33			
39283	petebacondarwin	2020-10-15 11:07:19	gkalpak	2020-10-15 15:11:54	True
39283	petebacondarwin	2020-10-15 11:07:19	gkalpak	2020-10-15 14:30:16	True
39283	petebacondarwin	2020-10-15 11:07:19	gkalpak	2020-10-15 14:36:37	True
39283	petebacondarwin	2020-10-15 11:07:19	gkalpak	2020-10-15 14:33:45	True
39283	petebacondarwin	2020-10-15 11:07:19	gkalpak	2020-10-15 14:31:19	True
39283	petebacondarwin	2020-10-15 11:07:19	gkalpak	2020-10-15 14:26:33	True
39283	petebacondarwin	2020-10-15 11:07:19	gkalpak	2020-10-15 14:40:24	True
39283	petebacondarwin	2020-10-15 11:07:19	gkalpak	2020-10-15 14:56:46	True
39283	petebacondarwin	2020-10-15 11:07:19	gkalpak	2020-10-15 14:42:04	True
39283	petebacondarwin	2020-10-15 11:07:19	gkalpak	2020-10-15 15:07:23	True
39283	petebacondarwin	2020-10-15 11:07:19	gkalpak	2020-10-15 15:09:38	True
39283	petebacondarwin	2020-10-15 11:07:19	gkalpak	2020-10-15 14:27:12	True
39283	petebacondarwin	2020-10-15 11:07:19	gkalpak	2020-10-15 15:02:34	True
39283	petebacondarwin	2020-10-15 11:07:19	gkalpak	2020-10-15 15:12:29	True
39283	petebacondarwin	2020-10-15 11:07:19	gkalpak	2020-10-15 15:02:55	True
39283	petebacondarwin	2020-10-15 11:07:19	gkalpak	2020-10-15 14:52:25	True
39283	petebacondarwin	2020-10-15 11:07:19	gkalpak	2020-10-15 14:51:10	True
39283	petebacondarwin	2020-10-15 11:07:19	gkalpak	2020-10-15 15:17:37	True
39283	petebacondarwin	2020-10-15 11:07:19	gkalpak	2020-10-15 14:47:14	True
39283	petebacondarwin	2020-10-15 11:07:19	gkalpak	2020-10-15 14:34:13	True
39283	petebacondarwin	2020-10-15 11:07:19	gkalpak	2020-10-15 14:16:32	True
39283	petebacondarwin	2020-10-15 11:07:19	gkalpak	2020-10-15 14:49:57	True
39283	petebacondarwin	2020-10-15 11:07:19	gkalpak	2020-10-15 14:39:05	True
39283	petebacondarwin	2020-10-15 11:07:19	gkalpak	2020-10-15 14:53:33	True
39283	petebacondarwin	2020-10-15 11:07:19	gkalpak	2020-10-15 14:45:16	True
39283	petebacondarwin	2020-10-15 11:07:19	gkalpak	2020-10-15 14:23:25	True
39283	petebacondarwin	2020-10-15 11:07:19	gkalpak	2020-10-15 14:46:43	True
39283	petebacondarwin	2020-10-15 11:07:19	gkalpak	2020-10-15 14:09:22	True
39283	petebacondarwin	2020-10-15 11:07:19	gkalpak	2020-10-15 14:09:59	True
39283	petebacondarwin	2020-10-15 11:07:19	gkalpak	2020-10-15 14:14:26	True
39279		2020-10-15 02:30:45			
39278	alxhub	2020-10-14 23:15:04	atscott	2020-10-15 17:32:02	True
39278	alxhub	2020-10-14 23:15:04	atscott	2020-10-15 17:30:54	True
39278	alxhub	2020-10-14 23:15:04	atscott	2020-10-15 17:33:06	True
39278	alxhub	2020-10-14 23:15:04	atscott	2020-10-15 17:40:35	True
39277	jessicajaniuk	2020-10-14 22:14:45	atscott	2020-10-15 17:54:51	True
39277	jessicajaniuk	2020-10-14 22:14:45	atscott	2020-10-15 17:53:46	True
39277	jessicajaniuk	2020-10-14 22:14:45	atscott	2020-10-15 17:52:24	True
39277	jessicajaniuk	2020-10-14 22:14:45	alfaproject	2020-10-15 18:09:54	True
39277	jessicajaniuk	2020-10-14 22:14:45	atscott	2020-10-15 22:34:01	True
39277	jessicajaniuk	2020-10-14 22:14:45	atscott	2020-10-15 22:33:15	True
39277	jessicajaniuk	2020-10-14 22:14:45	atscott	2020-10-15 22:35:23	True
39273		2020-10-14 19:54:44			
39272		2020-10-14 18:49:38			
39268		2020-10-14 16:31:35			
39267	petebacondarwin	2020-10-14 15:33:36	gkalpak	2020-10-14 16:51:02	True
39265		2020-10-14 14:06:52			
39257	atscott	2020-10-13 21:31:57	josephperrott	2020-10-14 16:04:35	True
39257	atscott	2020-10-13 21:31:57	josephperrott	2020-10-14 15:41:55	True
39256		2020-10-13 21:19:36			
39255	kapunahelewong	2020-10-13 21:09:30	aikithoughts	2020-10-27 19:58:26	True
39255	kapunahelewong	2020-10-13 21:09:30	aikithoughts	2020-10-27 20:01:08	True
39255	kapunahelewong	2020-10-13 21:09:30	aikithoughts	2020-10-27 19:56:50	True
39255	kapunahelewong	2020-10-13 21:09:30	jelbourn	2020-10-27 18:44:28	True
39255	kapunahelewong	2020-10-13 21:09:30	jelbourn	2020-10-26 17:30:24	True
39255	kapunahelewong	2020-10-13 21:09:30	aikithoughts	2020-10-27 19:54:36	True
39255	kapunahelewong	2020-10-13 21:09:30	aikithoughts	2020-10-27 20:02:02	True
39254	JoostK	2020-10-13 21:07:23	petebacondarwin	2020-10-14 07:38:03	True
39254	JoostK	2020-10-13 21:07:23	petebacondarwin	2020-10-14 07:34:04	True
39254	JoostK	2020-10-13 21:07:23	petebacondarwin	2020-10-14 07:38:32	True
39253		2020-10-13 20:50:41			
39252		2020-10-13 20:20:18			
39251	twerske	2020-10-13 20:13:14	AndrewKushnir	2020-10-14 23:07:03	True
39251	twerske	2020-10-13 20:13:14	AndrewKushnir	2020-10-14 23:08:23	True
39251	twerske	2020-10-13 20:13:14	AndrewKushnir	2020-10-14 23:12:34	True
39251	twerske	2020-10-13 20:13:14	AndrewKushnir	2020-10-14 19:18:48	True
39251	twerske	2020-10-13 20:13:14	AndrewKushnir	2020-10-14 21:47:29	True
39251	twerske	2020-10-13 20:13:14	AndrewKushnir	2020-10-14 19:17:17	True
39250	alxhub	2020-10-13 19:37:14	ayazhafiz	2020-11-18 00:29:25	True
39250	alxhub	2020-10-13 19:37:14	ayazhafiz	2020-11-20 01:49:21	True
39250	alxhub	2020-10-13 19:37:14	ayazhafiz	2020-11-20 01:49:39	True
39250	alxhub	2020-10-13 19:37:14	atscott	2020-11-25 21:24:26	True
39250	alxhub	2020-10-13 19:37:14	ayazhafiz	2020-11-20 01:49:13	True
39250	alxhub	2020-10-13 19:37:14	ayazhafiz	2020-11-20 01:47:42	True
39250	alxhub	2020-10-13 19:37:14	ayazhafiz	2020-11-20 01:36:21	True
39250	alxhub	2020-10-13 19:37:14	ayazhafiz	2020-11-20 01:33:11	True
39250	alxhub	2020-10-13 19:37:14	ayazhafiz	2020-11-20 01:45:49	True
39250	alxhub	2020-10-13 19:37:14	ayazhafiz	2020-11-20 01:46:52	True
39250	alxhub	2020-10-13 19:37:14	ayazhafiz	2020-11-20 01:35:59	True
39250	alxhub	2020-10-13 19:37:14	ayazhafiz	2020-11-18 00:50:32	True
39250	alxhub	2020-10-13 19:37:14	ayazhafiz	2020-11-18 00:29:19	True
39250	alxhub	2020-10-13 19:37:14	ayazhafiz	2020-11-18 00:43:34	True
39250	alxhub	2020-10-13 19:37:14	ayazhafiz	2020-11-18 00:30:15	True
39250	alxhub	2020-10-13 19:37:14	ayazhafiz	2020-11-18 00:30:24	True
39250	alxhub	2020-10-13 19:37:14	ayazhafiz	2020-11-18 00:28:37	True
39250	alxhub	2020-10-13 19:37:14	ayazhafiz	2020-11-18 00:37:36	True
39250	alxhub	2020-10-13 19:37:14	ayazhafiz	2020-11-18 00:42:57	True
39250	alxhub	2020-10-13 19:37:14	ayazhafiz	2020-11-18 00:45:41	True
39250	alxhub	2020-10-13 19:37:14	ayazhafiz	2020-11-18 00:47:04	True
39250	alxhub	2020-10-13 19:37:14	ayazhafiz	2020-11-18 00:35:07	True
39248	vlasischar	2020-10-13 19:13:42	gkalpak	2020-10-15 13:57:37	True
39248	vlasischar	2020-10-13 19:13:42	gkalpak	2020-10-15 20:35:14	True
39247		2020-10-13 17:17:48			
39246		2020-10-13 17:13:29			
39245		2020-10-13 17:06:33			
39244		2020-10-13 17:02:40			
39243	atscott	2020-10-13 16:20:23	JoostK	2020-10-13 16:50:18	True
39243	atscott	2020-10-13 16:20:23	JoostK	2020-10-13 16:51:32	True
39243	atscott	2020-10-13 16:20:23	kyliau	2020-10-13 21:00:25	True
39243	atscott	2020-10-13 16:20:23	ayazhafiz	2020-10-13 16:51:19	True
39243	atscott	2020-10-13 16:20:23	ayazhafiz	2020-10-13 16:43:42	True
39243	atscott	2020-10-13 16:20:23	ayazhafiz	2020-10-13 16:45:03	True
39242		2020-10-13 16:20:22			
39238	alan-agius4	2020-10-13 10:33:38	clydin	2020-10-13 13:52:20	True
39238	alan-agius4	2020-10-13 10:33:38	clydin	2020-10-13 13:42:36	True
39238	alan-agius4	2020-10-13 10:33:38	clydin	2020-10-13 13:39:41	True
39238	alan-agius4	2020-10-13 10:33:38	clydin	2020-10-13 13:41:13	True
39238	alan-agius4	2020-10-13 10:33:38	clydin	2020-10-13 13:47:40	True
39237		2020-10-13 09:14:06			
39235	AndrewKushnir	2020-10-13 05:34:56	petebacondarwin	2020-12-04 09:22:49	True
39235	AndrewKushnir	2020-10-13 05:34:56	petebacondarwin	2020-12-04 09:37:25	True
39235	AndrewKushnir	2020-10-13 05:34:56	petebacondarwin	2020-12-04 09:37:02	True
39235	AndrewKushnir	2020-10-13 05:34:56	petebacondarwin	2020-12-04 10:31:00	True
39235	AndrewKushnir	2020-10-13 05:34:56	petebacondarwin	2020-12-04 10:40:10	True
39235	AndrewKushnir	2020-10-13 05:34:56	petebacondarwin	2020-12-07 08:20:29	True
39235	AndrewKushnir	2020-10-13 05:34:56	petebacondarwin	2020-12-04 14:28:04	True
39235	AndrewKushnir	2020-10-13 05:34:56	petebacondarwin	2020-12-04 10:19:00	True
39235	AndrewKushnir	2020-10-13 05:34:56	petebacondarwin	2020-12-04 09:32:05	True
39235	AndrewKushnir	2020-10-13 05:34:56	petebacondarwin	2020-12-04 09:09:17	True
39235	AndrewKushnir	2020-10-13 05:34:56	petebacondarwin	2020-12-04 09:11:54	True
39235	AndrewKushnir	2020-10-13 05:34:56	petebacondarwin	2020-12-04 09:05:49	True
39235	AndrewKushnir	2020-10-13 05:34:56	petebacondarwin	2020-12-04 09:11:06	True
39234	AndrewKushnir	2020-10-13 05:25:27	petebacondarwin	2020-11-04 18:51:36	True
39234	AndrewKushnir	2020-10-13 05:25:27	petebacondarwin	2020-11-04 17:37:53	True
39234	AndrewKushnir	2020-10-13 05:25:27	petebacondarwin	2020-11-04 17:38:27	True
39234	AndrewKushnir	2020-10-13 05:25:27	petebacondarwin	2020-10-30 15:54:12	True
39234	AndrewKushnir	2020-10-13 05:25:27	petebacondarwin	2020-10-30 15:59:10	True
39234	AndrewKushnir	2020-10-13 05:25:27	petebacondarwin	2020-10-30 15:47:03	True
39234	AndrewKushnir	2020-10-13 05:25:27	petebacondarwin	2020-10-30 15:30:44	True
39234	AndrewKushnir	2020-10-13 05:25:27	petebacondarwin	2020-10-30 15:35:17	True
39233	mhevery	2020-10-13 05:15:47	AndrewKushnir	2020-10-14 18:44:39	True
39233	mhevery	2020-10-13 05:15:47	AndrewKushnir	2020-10-14 18:15:10	True
39233	mhevery	2020-10-13 05:15:47	AndrewKushnir	2020-10-14 18:19:56	True
39233	mhevery	2020-10-13 05:15:47	AndrewKushnir	2020-10-14 18:25:39	True
39233	mhevery	2020-10-13 05:15:47	AndrewKushnir	2020-10-14 18:43:32	True
39233	mhevery	2020-10-13 05:15:47	AndrewKushnir	2020-10-14 06:01:45	True
39233	mhevery	2020-10-13 05:15:47	AndrewKushnir	2020-10-14 18:45:37	True
39233	mhevery	2020-10-13 05:15:47	AndrewKushnir	2020-10-14 18:45:56	True
39233	mhevery	2020-10-13 05:15:47	AndrewKushnir	2020-10-14 18:51:08	True
39233	mhevery	2020-10-13 05:15:47	AndrewKushnir	2020-10-14 18:54:07	True
39233	mhevery	2020-10-13 05:15:47	AndrewKushnir	2020-10-14 06:04:13	True
39233	mhevery	2020-10-13 05:15:47	AndrewKushnir	2020-10-14 18:08:44	True
39233	mhevery	2020-10-13 05:15:47	AndrewKushnir	2020-10-14 19:00:30	True
39233	mhevery	2020-10-13 05:15:47	AndrewKushnir	2020-10-14 05:56:48	True
39233	mhevery	2020-10-13 05:15:47	alfaproject	2020-10-13 08:17:58	True
39233	mhevery	2020-10-13 05:15:47	AndrewKushnir	2020-10-14 18:40:46	True
39233	mhevery	2020-10-13 05:15:47	AndrewKushnir	2020-10-14 05:49:54	True
39233	mhevery	2020-10-13 05:15:47	AndrewKushnir	2020-10-14 05:46:09	True
39233	mhevery	2020-10-13 05:15:47	AndrewKushnir	2020-10-14 05:45:17	True
39233	mhevery	2020-10-13 05:15:47	AndrewKushnir	2020-10-14 02:45:14	True
39233	mhevery	2020-10-13 05:15:47	AndrewKushnir	2020-10-14 18:13:30	True
39233	mhevery	2020-10-13 05:15:47	alfaproject	2020-10-13 08:21:24	True
39233	mhevery	2020-10-13 05:15:47	alfaproject	2020-10-13 08:12:18	True
39233	mhevery	2020-10-13 05:15:47	alfaproject	2020-10-13 08:11:22	True
39233	mhevery	2020-10-13 05:15:47	AndrewKushnir	2020-10-14 05:50:33	True
39233	mhevery	2020-10-13 05:15:47	AndrewKushnir	2020-10-14 05:54:41	True
39232	kyliau	2020-10-13 03:13:47	alfaproject	2020-10-13 08:03:48	True
39231	kyliau	2020-10-12 23:31:56	ayazhafiz	2020-10-13 23:17:11	True
39231	kyliau	2020-10-12 23:31:56	atscott	2020-10-13 20:59:17	True
39231	kyliau	2020-10-12 23:31:56	ayazhafiz	2020-10-13 23:17:41	True
39231	kyliau	2020-10-12 23:31:56	ayazhafiz	2020-10-13 14:02:38	True
39231	kyliau	2020-10-12 23:31:56	ayazhafiz	2020-10-13 14:03:44	True
39231	kyliau	2020-10-12 23:31:56	atscott	2020-10-13 20:55:33	True
39231	kyliau	2020-10-12 23:31:56	ayazhafiz	2020-10-13 14:09:26	True
39231	kyliau	2020-10-12 23:31:56	ayazhafiz	2020-10-13 14:06:19	True
39229		2020-10-12 18:31:56			
39228	atscott	2020-10-12 16:43:25	kyliau	2020-10-13 00:10:13	True
39228	atscott	2020-10-12 16:43:25	ayazhafiz	2020-10-12 17:28:13	True
39223	oschlegel	2020-10-12 05:37:18	JoostK	2020-10-12 07:03:26	True
39223	oschlegel	2020-10-12 05:37:18	JoostK	2020-10-12 07:04:00	True
39223	oschlegel	2020-10-12 05:37:18	JoostK	2020-10-12 07:04:23	True
39222	bjarkler	2020-10-11 19:07:32	mhevery	2020-11-16 22:00:34	True
39221		2020-10-11 18:12:18			
39218	bjarkler	2020-10-10 23:12:50	IgorMinar	2020-10-13 18:56:25	True
39217	bjarkler	2020-10-10 22:59:24	engelsdamien	2020-10-13 13:30:12	True
39215	gkalpak	2020-10-10 16:37:24	petebacondarwin	2020-10-10 16:49:50	True
39214		2020-10-10 15:18:20			
39212	crisbeto	2020-10-10 10:56:13	josephperrott	2020-10-12 15:26:15	True
39211	bjarkler	2020-10-10 00:08:06	IgorMinar	2020-10-14 21:30:35	True
39211	bjarkler	2020-10-10 00:08:06	IgorMinar	2020-10-14 21:34:45	True
39211	bjarkler	2020-10-10 00:08:06	IgorMinar	2020-10-14 21:28:06	True
39211	bjarkler	2020-10-10 00:08:06	IgorMinar	2020-10-14 21:19:36	True
39210	bjarkler	2020-10-09 23:58:51	IgorMinar	2020-10-13 22:19:53	True
39210	bjarkler	2020-10-09 23:58:51	gkalpak	2020-10-10 15:01:37	True
39209	bjarkler	2020-10-09 23:41:52	gkalpak	2020-10-10 14:35:08	True
39209	bjarkler	2020-10-09 23:41:52	gkalpak	2020-10-10 14:39:55	True
39209	bjarkler	2020-10-09 23:41:52	gkalpak	2020-10-10 14:41:21	True
39209	bjarkler	2020-10-09 23:41:52	gkalpak	2020-10-10 14:30:52	True
39209	bjarkler	2020-10-09 23:41:52	IgorMinar	2020-10-13 15:43:11	True
39208	bjarkler	2020-10-09 23:31:09	IgorMinar	2020-10-13 18:08:02	True
39208	bjarkler	2020-10-09 23:31:09	IgorMinar	2020-10-13 17:43:39	True
39208	bjarkler	2020-10-09 23:31:09	gkalpak	2020-10-10 14:20:46	True
39208	bjarkler	2020-10-09 23:31:09	gkalpak	2020-10-10 14:24:43	True
39208	bjarkler	2020-10-09 23:31:09	gkalpak	2020-10-10 14:22:18	True
39208	bjarkler	2020-10-09 23:31:09	gkalpak	2020-10-10 14:20:40	True
39207	bjarkler	2020-10-09 23:11:03	gkalpak	2020-10-10 13:49:20	True
39207	bjarkler	2020-10-09 23:11:03	gkalpak	2020-10-10 14:08:20	True
39207	bjarkler	2020-10-09 23:11:03	gkalpak	2020-10-10 14:14:40	True
39207	bjarkler	2020-10-09 23:11:03	gkalpak	2020-10-10 19:10:27	True
39207	bjarkler	2020-10-09 23:11:03	IgorMinar	2020-10-13 15:34:52	True
39207	bjarkler	2020-10-09 23:11:03	IgorMinar	2020-10-13 15:36:58	True
39207	bjarkler	2020-10-09 23:11:03	IgorMinar	2020-10-13 17:01:16	True
39207	bjarkler	2020-10-09 23:11:03	gkalpak	2020-10-10 19:12:46	True
39207	bjarkler	2020-10-09 23:11:03	IgorMinar	2020-10-12 18:05:13	True
39207	bjarkler	2020-10-09 23:11:03	gkalpak	2020-10-10 13:40:15	True
39205	AntonioCardenas	2020-10-09 20:13:15	Splaktar	2020-10-16 07:59:18	True
39205	AntonioCardenas	2020-10-09 20:13:15	Splaktar	2020-10-16 07:59:44	True
39203	JiaLiPassion	2020-10-09 19:08:54	IgorMinar	2020-10-09 19:33:42	True
39203	JiaLiPassion	2020-10-09 19:08:54	kyliau	2020-10-09 21:14:40	True
39202	atscott	2020-10-09 18:24:39	ayazhafiz	2020-10-09 18:48:42	True
39202	atscott	2020-10-09 18:24:39	kyliau	2020-10-09 20:27:30	True
39202	atscott	2020-10-09 18:24:39	kyliau	2020-10-12 23:51:35	True
39202	atscott	2020-10-09 18:24:39	kyliau	2020-10-14 17:01:11	True
39202	atscott	2020-10-09 18:24:39	kyliau	2020-10-13 00:07:12	True
39202	atscott	2020-10-09 18:24:39	kyliau	2020-10-12 23:58:33	True
39202	atscott	2020-10-09 18:24:39	kyliau	2020-10-13 00:07:10	True
39202	atscott	2020-10-09 18:24:39	ayazhafiz	2020-10-09 18:42:55	True
39202	atscott	2020-10-09 18:24:39	ayazhafiz	2020-10-09 18:46:22	True
39202	atscott	2020-10-09 18:24:39	ayazhafiz	2020-10-09 18:51:28	True
39201		2020-10-09 18:15:36			
39189	AndrewKushnir	2020-10-08 23:31:57	JiaLiPassion	2020-10-10 01:38:15	True
39188	twerske	2020-10-08 21:38:18	ayazhafiz	2020-10-27 21:39:55	True
39188	twerske	2020-10-08 21:38:18	AndrewKushnir	2020-10-26 20:06:19	True
39188	twerske	2020-10-08 21:38:18	AndrewKushnir	2020-10-27 22:00:00	True
39188	twerske	2020-10-08 21:38:18	AndrewKushnir	2020-10-26 20:10:30	True
39188	twerske	2020-10-08 21:38:18	AndrewKushnir	2020-10-26 20:19:07	True
39188	twerske	2020-10-08 21:38:18	AndrewKushnir	2020-10-26 20:06:01	True
39188	twerske	2020-10-08 21:38:18	JoostK	2020-10-26 19:46:48	True
39188	twerske	2020-10-08 21:38:18	JoostK	2020-10-26 19:45:43	True
39188	twerske	2020-10-08 21:38:18	AndrewKushnir	2020-10-26 19:35:10	True
39188	twerske	2020-10-08 21:38:18	AndrewKushnir	2020-10-26 20:03:38	True
39186	aikithoughts	2020-10-08 19:30:58	jelbourn	2020-10-19 23:32:22	True
39186	aikithoughts	2020-10-08 19:30:58	jelbourn	2020-10-16 22:37:35	True
39186	aikithoughts	2020-10-08 19:30:58	jelbourn	2020-10-16 22:39:04	True
39186	aikithoughts	2020-10-08 19:30:58	jelbourn	2020-10-16 22:41:23	True
39186	aikithoughts	2020-10-08 19:30:58	jelbourn	2020-10-16 22:21:21	True
39186	aikithoughts	2020-10-08 19:30:58	jelbourn	2020-10-16 22:36:19	True
39186	aikithoughts	2020-10-08 19:30:58	jelbourn	2020-10-16 22:31:45	True
39186	aikithoughts	2020-10-08 19:30:58	jelbourn	2020-10-16 22:35:03	True
39186	aikithoughts	2020-10-08 19:30:58	jelbourn	2020-10-16 16:41:49	True
39186	aikithoughts	2020-10-08 19:30:58	jelbourn	2020-10-16 16:43:14	True
39186	aikithoughts	2020-10-08 19:30:58	jelbourn	2020-10-16 16:20:20	True
39186	aikithoughts	2020-10-08 19:30:58	jelbourn	2020-10-16 16:58:43	True
39186	aikithoughts	2020-10-08 19:30:58	jelbourn	2020-10-16 16:51:16	True
39186	aikithoughts	2020-10-08 19:30:58	jelbourn	2020-10-16 22:32:20	True
39186	aikithoughts	2020-10-08 19:30:58	jelbourn	2020-10-16 22:26:32	True
39185	atscott	2020-10-08 18:50:41	gkalpak	2020-10-09 15:25:36	True
39185	atscott	2020-10-08 18:50:41	josephperrott	2020-10-08 21:01:09	True
39185	atscott	2020-10-08 18:50:41	josephperrott	2020-10-08 21:13:37	True
39185	atscott	2020-10-08 18:50:41	gkalpak	2020-10-09 15:52:43	True
39185	atscott	2020-10-08 18:50:41	gkalpak	2020-10-09 15:43:11	True
39182		2020-10-08 15:51:02			
39181		2020-10-08 15:25:35			
39180		2020-10-08 15:11:45			
39179		2020-10-08 15:08:26			
39172		2020-10-07 23:25:09			
39171		2020-10-07 22:16:42			
39170	kapunahelewong	2020-10-07 21:00:55	jessicajaniuk	2020-11-11 23:43:14	True
39170	kapunahelewong	2020-10-07 21:00:55	aikithoughts	2020-11-10 21:01:53	True
39170	kapunahelewong	2020-10-07 21:00:55	aikithoughts	2020-11-10 20:57:07	True
39170	kapunahelewong	2020-10-07 21:00:55	aikithoughts	2020-11-10 20:57:51	True
39169	mgechev	2020-10-07 20:23:50	aikithoughts	2020-10-12 21:08:04	True
39169	mgechev	2020-10-07 20:23:50	aikithoughts	2020-10-12 21:03:08	True
39169	mgechev	2020-10-07 20:23:50	alan-agius4	2020-10-07 20:36:21	True
39169	mgechev	2020-10-07 20:23:50	IgorMinar	2020-10-07 20:28:56	True
39169	mgechev	2020-10-07 20:23:50	IgorMinar	2020-10-07 20:27:58	True
39168		2020-10-07 20:22:44			
39167		2020-10-07 19:58:03			
39166	ChellappanRajan	2020-10-07 17:42:13	petebacondarwin	2020-10-08 07:11:02	True
39166	ChellappanRajan	2020-10-07 17:42:13	petebacondarwin	2020-10-08 07:14:33	True
39154		2020-10-07 11:19:44			
39151	PowerKiKi	2020-10-07 06:29:50	alfaproject	2020-10-07 06:34:55	True
39151	PowerKiKi	2020-10-07 06:29:50	alfaproject	2020-10-07 06:34:42	True
39150		2020-10-07 06:25:09			
39149	alex-okrushko	2020-10-07 02:08:37	mgechev	2020-10-07 09:16:44	True
39149	alex-okrushko	2020-10-07 02:08:37	frederikprijck	2020-10-07 07:06:24	True
39146	JiaLiPassion	2020-10-06 22:43:38	IgorMinar	2020-10-29 17:46:05	True
39146	JiaLiPassion	2020-10-06 22:43:38	IgorMinar	2020-10-29 17:49:22	True
39146	JiaLiPassion	2020-10-06 22:43:38	IgorMinar	2020-10-29 17:41:37	True
39146	JiaLiPassion	2020-10-06 22:43:38	IgorMinar	2020-10-29 17:42:23	True
39146	JiaLiPassion	2020-10-06 22:43:38	IgorMinar	2020-10-29 17:43:19	True
39146	JiaLiPassion	2020-10-06 22:43:38	IgorMinar	2020-10-29 17:39:26	True
39146	JiaLiPassion	2020-10-06 22:43:38	jelbourn	2020-11-13 16:25:24	True
39146	JiaLiPassion	2020-10-06 22:43:38	jelbourn	2020-11-30 17:53:43	True
39145	atscott	2020-10-06 22:43:35	ayazhafiz	2020-10-06 23:16:39	True
39145	atscott	2020-10-06 22:43:35	kyliau	2020-10-07 01:11:59	True
39145	atscott	2020-10-06 22:43:35	ayazhafiz	2020-10-06 23:13:56	True
39145	atscott	2020-10-06 22:43:35	ayazhafiz	2020-10-06 23:06:40	True
39145	atscott	2020-10-06 22:43:35	ayazhafiz	2020-10-06 23:10:26	True
39145	atscott	2020-10-06 22:43:35	ayazhafiz	2020-10-06 23:19:08	True
39145	atscott	2020-10-06 22:43:35	ayazhafiz	2020-10-06 23:16:00	True
39145	atscott	2020-10-06 22:43:35	kyliau	2020-10-07 01:03:43	True
39145	atscott	2020-10-06 22:43:35	kyliau	2020-10-07 01:02:01	True
39145	atscott	2020-10-06 22:43:35	kyliau	2020-10-07 00:57:46	True
39145	atscott	2020-10-06 22:43:35	ayazhafiz	2020-10-06 23:23:26	True
39145	atscott	2020-10-06 22:43:35	ayazhafiz	2020-10-06 23:25:56	True
39145	atscott	2020-10-06 22:43:35	kyliau	2020-10-07 00:52:51	True
39145	atscott	2020-10-06 22:43:35	kyliau	2020-10-07 00:59:21	True
39145	atscott	2020-10-06 22:43:35	ayazhafiz	2020-10-06 23:23:49	True
39145	atscott	2020-10-06 22:43:35	kyliau	2020-10-07 01:16:45	True
39145	atscott	2020-10-06 22:43:35	ayazhafiz	2020-10-06 23:21:46	True
39145	atscott	2020-10-06 22:43:35	ayazhafiz	2020-10-07 20:00:16	True
39145	atscott	2020-10-06 22:43:35	kyliau	2020-10-07 01:05:56	True
39145	atscott	2020-10-06 22:43:35	ayazhafiz	2020-10-07 19:49:40	True
39145	atscott	2020-10-06 22:43:35	ayazhafiz	2020-10-07 19:52:20	True
39145	atscott	2020-10-06 22:43:35	ayazhafiz	2020-10-07 19:55:27	True
39143	atscott	2020-10-06 22:14:11	JoostK	2020-10-06 23:24:03	True
39142	AndrewKushnir	2020-10-06 20:59:12	mhevery	2020-10-13 19:32:16	True
39142	AndrewKushnir	2020-10-06 20:59:12	josephperrott	2020-10-14 17:36:51	True
39142	AndrewKushnir	2020-10-06 20:59:12	petebacondarwin	2020-10-07 13:40:59	True
39139	josephperrott	2020-10-06 20:09:20	sonukapoor	2020-10-06 20:13:03	True
39139	josephperrott	2020-10-06 20:09:20	sonukapoor	2020-10-06 20:21:03	True
39139	josephperrott	2020-10-06 20:09:20	gkalpak	2020-10-09 13:33:05	True
39138	alvarocamillont	2020-10-06 18:34:46	kapunahelewong	2020-10-27 14:46:14	True
39137		2020-10-06 17:27:42			
39135	gkalpak	2020-10-06 15:37:31	josephperrott	2020-10-12 15:10:08	True
39135	gkalpak	2020-10-06 15:37:31	AndrewKushnir	2020-10-12 17:38:29	True
39131		2020-10-06 12:26:59			
39129		2020-10-06 10:34:37			
39127		2020-10-06 03:09:02			
39126		2020-10-05 23:53:04			
39124		2020-10-05 22:48:53			
39123		2020-10-05 22:44:12			
39122	bjarkler	2020-10-05 22:36:16	alxhub	2020-11-19 23:58:02	True
39122	bjarkler	2020-10-05 22:36:16	petebacondarwin	2020-10-07 14:49:11	True
39122	bjarkler	2020-10-05 22:36:16	petebacondarwin	2020-10-07 14:47:22	True
39122	bjarkler	2020-10-05 22:36:16	petebacondarwin	2020-10-06 13:46:27	True
39122	bjarkler	2020-10-05 22:36:16	petebacondarwin	2020-10-06 13:54:58	True
39122	bjarkler	2020-10-05 22:36:16	IgorMinar	2020-11-23 21:53:52	True
39122	bjarkler	2020-10-05 22:36:16	IgorMinar	2020-11-19 23:16:55	True
39121	atscott	2020-10-05 22:03:09	kyliau	2020-10-06 00:11:37	True
39119	kapunahelewong	2020-10-05 21:09:06	aikithoughts	2020-11-10 21:07:56	True
39119	kapunahelewong	2020-10-05 21:09:06	aikithoughts	2020-11-10 21:13:20	True
39119	kapunahelewong	2020-10-05 21:09:06	aikithoughts	2020-11-10 21:13:47	True
39119	kapunahelewong	2020-10-05 21:09:06	aikithoughts	2020-11-10 21:12:19	True
39119	kapunahelewong	2020-10-05 21:09:06	aikithoughts	2020-11-10 21:12:07	True
39119	kapunahelewong	2020-10-05 21:09:06	aikithoughts	2020-11-10 21:11:40	True
39119	kapunahelewong	2020-10-05 21:09:06	aikithoughts	2020-11-10 21:13:58	True
39119	kapunahelewong	2020-10-05 21:09:06	aikithoughts	2020-11-10 21:11:58	True
39119	kapunahelewong	2020-10-05 21:09:06	aikithoughts	2020-11-10 21:09:33	True
39119	kapunahelewong	2020-10-05 21:09:06	aikithoughts	2020-11-10 21:11:31	True
39119	kapunahelewong	2020-10-05 21:09:06	aikithoughts	2020-11-10 21:11:20	True
39119	kapunahelewong	2020-10-05 21:09:06	aikithoughts	2020-11-10 21:09:48	True
39116	petebacondarwin	2020-10-05 12:13:25	JoostK	2020-10-07 18:53:38	True
39116	petebacondarwin	2020-10-05 12:13:25	JoostK	2020-10-07 18:26:27	True
39116	petebacondarwin	2020-10-05 12:13:25	JoostK	2020-10-07 18:47:49	True
39116	petebacondarwin	2020-10-05 12:13:25	JoostK	2020-10-07 18:23:30	True
39116	petebacondarwin	2020-10-05 12:13:25	JoostK	2020-10-07 19:27:21	True
39116	petebacondarwin	2020-10-05 12:13:25	JoostK	2020-10-07 19:20:18	True
39116	petebacondarwin	2020-10-05 12:13:25	JoostK	2020-10-07 19:15:52	True
39116	petebacondarwin	2020-10-05 12:13:25	JoostK	2020-10-07 18:59:00	True
39116	petebacondarwin	2020-10-05 12:13:25	JoostK	2020-10-07 18:58:38	True
39116	petebacondarwin	2020-10-05 12:13:25	JoostK	2020-10-07 18:24:59	True
39116	petebacondarwin	2020-10-05 12:13:25	JoostK	2020-10-07 18:51:01	True
39116	petebacondarwin	2020-10-05 12:13:25	JoostK	2020-10-07 19:22:23	True
39116	petebacondarwin	2020-10-05 12:13:25	JoostK	2020-10-07 18:28:45	True
39116	petebacondarwin	2020-10-05 12:13:25	JoostK	2020-10-07 19:29:40	True
39116	petebacondarwin	2020-10-05 12:13:25	JoostK	2020-10-07 18:49:09	True
39116	petebacondarwin	2020-10-05 12:13:25	JoostK	2020-10-07 18:22:24	True
39116	petebacondarwin	2020-10-05 12:13:25	JoostK	2020-10-07 18:22:49	True
39116	petebacondarwin	2020-10-05 12:13:25	JoostK	2020-10-07 18:38:23	True
39116	petebacondarwin	2020-10-05 12:13:25	JoostK	2020-10-07 18:37:24	True
39116	petebacondarwin	2020-10-05 12:13:25	JoostK	2020-10-07 18:38:56	True
39116	petebacondarwin	2020-10-05 12:13:25	JoostK	2020-10-07 18:44:41	True
39116	petebacondarwin	2020-10-05 12:13:25	JoostK	2020-10-07 18:45:55	True
39116	petebacondarwin	2020-10-05 12:13:25	JoostK	2020-10-07 19:29:21	True
39113	ayazhafiz	2020-10-05 04:36:34	alxhub	2020-10-15 18:10:42	True
39111		2020-10-04 21:56:41			
39110	gkalpak	2020-10-04 19:40:28	petebacondarwin	2020-10-05 06:44:39	True
39110	gkalpak	2020-10-04 19:40:28	petebacondarwin	2020-10-05 06:45:41	True
39110	gkalpak	2020-10-04 19:40:28	petebacondarwin	2020-10-05 06:48:40	True
39110	gkalpak	2020-10-04 19:40:28	petebacondarwin	2020-10-05 06:51:09	True
39110	gkalpak	2020-10-04 19:40:28	petebacondarwin	2020-10-05 06:57:09	True
39110	gkalpak	2020-10-04 19:40:28	petebacondarwin	2020-10-05 11:20:29	True
39110	gkalpak	2020-10-04 19:40:28	AndrewKushnir	2020-10-06 00:02:12	True
39110	gkalpak	2020-10-04 19:40:28	petebacondarwin	2020-10-05 06:47:50	True
39108	JiaLiPassion	2020-10-04 10:41:59	gkalpak	2020-10-21 21:04:42	True
39108	JiaLiPassion	2020-10-04 10:41:59	gkalpak	2020-10-21 21:10:35	True
39108	JiaLiPassion	2020-10-04 10:41:59	gkalpak	2020-10-21 21:11:21	True
39108	JiaLiPassion	2020-10-04 10:41:59	gkalpak	2020-10-21 21:09:42	True
39108	JiaLiPassion	2020-10-04 10:41:59	gkalpak	2020-10-21 21:10:06	True
39108	JiaLiPassion	2020-10-04 10:41:59	mhevery	2020-10-19 15:57:04	True
39107		2020-10-04 04:13:15			
39105	KingDarBoja	2020-10-03 18:40:29	gkalpak	2020-10-05 12:34:49	True
39105	KingDarBoja	2020-10-03 18:40:29	gkalpak	2020-10-05 12:44:15	True
39105	KingDarBoja	2020-10-03 18:40:29	gkalpak	2020-10-03 19:12:10	True
39105	KingDarBoja	2020-10-03 18:40:29	gkalpak	2020-10-05 12:33:00	True
39103	ayazhafiz	2020-10-03 04:29:31	alxhub	2020-10-15 18:12:03	True
39102	dgp1130	2020-10-02 22:09:51	crisbeto	2020-10-08 09:47:35	True
39101	atscott	2020-10-02 21:43:19	ayazhafiz	2020-10-02 22:19:06	True
39101	atscott	2020-10-02 21:43:19	ayazhafiz	2020-10-02 21:48:24	True
39101	atscott	2020-10-02 21:43:19	kyliau	2020-10-05 22:32:27	True
39101	atscott	2020-10-02 21:43:19	ayazhafiz	2020-10-02 22:06:35	True
39101	atscott	2020-10-02 21:43:19	ayazhafiz	2020-10-02 22:18:21	True
39101	atscott	2020-10-02 21:43:19	ayazhafiz	2020-10-02 22:20:17	True
39101	atscott	2020-10-02 21:43:19	ayazhafiz	2020-10-02 22:21:48	True
39101	atscott	2020-10-02 21:43:19	kyliau	2020-10-05 22:24:34	True
39101	atscott	2020-10-02 21:43:19	ayazhafiz	2020-10-02 21:55:22	True
39101	atscott	2020-10-02 21:43:19	ayazhafiz	2020-10-02 21:54:01	True
39101	atscott	2020-10-02 21:43:19	kyliau	2020-10-06 00:08:32	True
39101	atscott	2020-10-02 21:43:19	kyliau	2020-10-05 22:34:51	True
39101	atscott	2020-10-02 21:43:19	kyliau	2020-10-05 22:27:42	True
39101	atscott	2020-10-02 21:43:19	kyliau	2020-10-05 23:54:22	True
39101	atscott	2020-10-02 21:43:19	kyliau	2020-10-05 23:55:41	True
39101	atscott	2020-10-02 21:43:19	kyliau	2020-10-06 00:01:50	True
39101	atscott	2020-10-02 21:43:19	kyliau	2020-10-05 23:49:06	True
39101	atscott	2020-10-02 21:43:19	kyliau	2020-10-06 00:04:51	True
39100		2020-10-02 21:41:09			
39099	atscott	2020-10-02 20:22:19	alxhub	2020-10-05 18:05:33	True
39099	atscott	2020-10-02 20:22:19	alxhub	2020-10-05 18:01:58	True
39098		2020-10-02 19:08:51			
39097		2020-10-02 17:51:42			
39096	zelliott	2020-10-02 16:01:18	atscott	2020-10-05 16:48:44	True
39093	Maistho	2020-10-02 10:37:24	gkalpak	2020-10-02 10:45:06	True
39092		2020-10-02 09:24:19			
39090	AndrewKushnir	2020-10-02 02:31:18	gkalpak	2020-10-05 21:21:17	True
39090	AndrewKushnir	2020-10-02 02:31:18	IgorMinar	2020-10-05 18:29:20	True
39089	josephperrott	2020-10-01 23:19:56	gkalpak	2020-10-21 12:18:55	True
39089	josephperrott	2020-10-01 23:19:56	gkalpak	2020-10-21 15:06:38	True
39089	josephperrott	2020-10-01 23:19:56	gkalpak	2020-10-15 18:17:26	True
39089	josephperrott	2020-10-01 23:19:56	gkalpak	2020-10-15 18:14:17	True
39089	josephperrott	2020-10-01 23:19:56	gkalpak	2020-10-15 19:22:31	True
39089	josephperrott	2020-10-01 23:19:56	gkalpak	2020-10-21 12:01:52	True
39088	agale123	2020-10-01 22:58:07	gkalpak	2020-10-02 10:00:27	True
39088	agale123	2020-10-01 22:58:07	gkalpak	2020-10-02 20:22:48	True
39087		2020-10-01 22:31:46			
39086	josephperrott	2020-10-01 18:36:10	gkalpak	2020-11-03 18:32:58	True
39086	josephperrott	2020-10-01 18:36:10	gkalpak	2020-11-03 14:08:49	True
39086	josephperrott	2020-10-01 18:36:10	gkalpak	2020-11-03 14:49:52	True
39086	josephperrott	2020-10-01 18:36:10	gkalpak	2020-11-03 15:49:26	True
39086	josephperrott	2020-10-01 18:36:10	gkalpak	2020-11-03 15:35:17	True
39086	josephperrott	2020-10-01 18:36:10	gkalpak	2020-11-03 15:27:19	True
39086	josephperrott	2020-10-01 18:36:10	gkalpak	2020-11-03 15:27:08	True
39086	josephperrott	2020-10-01 18:36:10	gkalpak	2020-11-03 15:24:47	True
39086	josephperrott	2020-10-01 18:36:10	gkalpak	2020-11-03 15:12:24	True
39086	josephperrott	2020-10-01 18:36:10	gkalpak	2020-11-03 15:11:48	True
39086	josephperrott	2020-10-01 18:36:10	gkalpak	2020-11-03 15:32:20	True
39086	josephperrott	2020-10-01 18:36:10	gkalpak	2020-11-03 15:23:15	True
39086	josephperrott	2020-10-01 18:36:10	gkalpak	2020-11-03 14:59:51	True
39086	josephperrott	2020-10-01 18:36:10	gkalpak	2020-11-03 14:44:45	True
39086	josephperrott	2020-10-01 18:36:10	gkalpak	2020-11-03 14:18:59	True
39086	josephperrott	2020-10-01 18:36:10	gkalpak	2020-11-03 14:02:55	True
39086	josephperrott	2020-10-01 18:36:10	gkalpak	2020-11-03 14:48:35	True
39086	josephperrott	2020-10-01 18:36:10	gkalpak	2020-11-03 14:06:35	True
39086	josephperrott	2020-10-01 18:36:10	gkalpak	2020-10-29 18:14:16	True
39086	josephperrott	2020-10-01 18:36:10	gkalpak	2020-11-03 13:56:17	True
39086	josephperrott	2020-10-01 18:36:10	gkalpak	2020-10-30 15:04:44	True
39086	josephperrott	2020-10-01 18:36:10	gkalpak	2020-10-30 14:58:42	True
39086	josephperrott	2020-10-01 18:36:10	gkalpak	2020-10-29 18:09:53	True
39086	josephperrott	2020-10-01 18:36:10	gkalpak	2020-11-03 14:45:24	True
39086	josephperrott	2020-10-01 18:36:10	gkalpak	2020-10-30 15:07:24	True
39086	josephperrott	2020-10-01 18:36:10	gkalpak	2020-11-03 18:17:05	True
39086	josephperrott	2020-10-01 18:36:10	gkalpak	2020-11-03 15:52:30	True
39084		2020-10-01 17:56:18			
39083		2020-10-01 17:56:11			
39082		2020-10-01 17:10:35			
39081		2020-10-01 16:15:23			
39079	nhaancs	2020-10-01 15:24:12	kapunahelewong	2020-10-27 13:58:26	True
39078		2020-10-01 15:20:56			
39077		2020-10-01 14:05:41			
39076	petebacondarwin	2020-10-01 12:46:29	JoostK	2020-10-01 21:35:32	True
39076	petebacondarwin	2020-10-01 12:46:29	JoostK	2020-10-01 21:21:40	True
39076	petebacondarwin	2020-10-01 12:46:29	JoostK	2020-10-01 19:18:51	True
39076	petebacondarwin	2020-10-01 12:46:29	JoostK	2020-10-01 19:16:28	True
