pr_number	author_user_login	pr_created_at	comment_user_login	comment_created_at	is_review_issue_comment
41033		2021-02-28 18:21:27			False
41031	AlexejTimonin	2021-02-27 21:35:28	petebacondarwin	2021-04-17 12:04:54	True
41027		2021-02-27 18:38:37			False
41026	crisbeto	2021-02-27 10:54:01	petebacondarwin	2021-03-05 21:40:55	True
41026	crisbeto	2021-02-27 10:54:01	AndrewKushnir	2021-03-05 21:34:04	True
41026	crisbeto	2021-02-27 10:54:01	petebacondarwin	2021-03-05 18:11:44	True
41023	josephperrott	2021-02-27 00:36:33	AndrewKushnir	2021-03-03 19:28:41	True
41022	petebacondarwin	2021-02-26 21:39:53	AndrewKushnir	2021-03-08 21:28:39	True
41022	petebacondarwin	2021-02-26 21:39:53	AndrewKushnir	2021-03-05 17:54:56	True
41022	petebacondarwin	2021-02-26 21:39:53	AndrewKushnir	2021-03-05 01:42:40	True
41021	alxhub	2021-02-26 19:58:16	IgorMinar	2021-02-26 20:12:32	True
41020		2021-02-26 18:23:48			False
41016		2021-02-26 14:54:51			False
41010	cesperian	2021-02-26 07:55:15	TeriGlover	2021-03-02 16:06:04	True
41008		2021-02-26 06:33:17			False
41005		2021-02-26 02:59:46			False
41004		2021-02-26 00:58:55			False
41001	arturovt	2021-02-25 21:02:18	atscott	2021-02-25 22:45:25	True
41001	arturovt	2021-02-25 21:02:18	atscott	2021-03-01 15:31:08	True
41001	arturovt	2021-02-25 21:02:18	atscott	2021-03-01 15:26:00	True
41000		2021-02-25 20:35:08			False
40999		2021-02-25 19:35:58			False
40995		2021-02-25 17:12:53			False
40994		2021-02-25 17:07:23			False
40992	cesperian	2021-02-25 11:47:21	TeriGlover	2021-03-03 23:00:06	True
40991	cexbrayat	2021-02-25 10:16:01	AndrewKushnir	2021-02-25 21:57:58	True
40991	cexbrayat	2021-02-25 10:16:01	AndrewKushnir	2021-02-25 21:56:26	True
40989	JiaLiPassion	2021-02-25 01:44:49	atscott	2021-02-25 03:07:57	True
40989	JiaLiPassion	2021-02-25 01:44:49	atscott	2021-03-22 15:23:34	True
40987	twerske	2021-02-24 21:06:02	gkalpak	2021-02-25 13:12:33	True
40987	twerske	2021-02-24 21:06:02	gkalpak	2021-02-25 14:41:22	True
40987	twerske	2021-02-24 21:06:02	zarend	2021-02-26 16:31:07	True
40987	twerske	2021-02-24 21:06:02	gkalpak	2021-02-25 13:14:23	True
40986	abarghoud	2021-02-24 19:40:38	JoostK	2021-02-26 22:28:16	True
40986	abarghoud	2021-02-24 19:40:38	AndrewKushnir	2021-03-03 16:51:31	True
40986	abarghoud	2021-02-24 19:40:38	AndrewKushnir	2021-02-25 23:50:02	True
40986	abarghoud	2021-02-24 19:40:38	AndrewKushnir	2021-02-24 22:43:12	True
40986	abarghoud	2021-02-24 19:40:38	JoostK	2021-02-24 21:43:30	True
40986	abarghoud	2021-02-24 19:40:38	AndrewKushnir	2021-03-02 19:21:33	True
40985		2021-02-24 18:48:29			False
40984		2021-02-24 18:07:22			False
40983		2021-02-24 17:53:15			False
40982		2021-02-24 17:45:48			False
40981		2021-02-24 17:33:24			False
40976	petebacondarwin	2021-02-24 10:37:58	JoostK	2021-02-24 15:19:28	True
40976	petebacondarwin	2021-02-24 10:37:58	JoostK	2021-02-24 16:50:20	True
40972		2021-02-23 22:40:01			False
40970	cfsamson	2021-02-23 21:06:23	petebacondarwin	2021-02-24 13:42:59	True
40968	kyliau	2021-02-23 19:22:16	atscott	2021-02-23 21:25:04	True
40967	kyliau	2021-02-23 19:16:27	ivanwonder	2021-02-24 03:17:36	True
40967	kyliau	2021-02-23 19:16:27	atscott	2021-02-23 21:35:42	True
40966		2021-02-23 19:01:35			False
40964	kapunahelewong	2021-02-23 14:47:42	gkalpak	2021-02-23 17:34:49	True
40962	JiaLiPassion	2021-02-23 13:54:49	AndrewKushnir	2021-03-13 19:28:39	True
40962	JiaLiPassion	2021-02-23 13:54:49	AndrewKushnir	2021-03-12 00:11:16	True
40962	JiaLiPassion	2021-02-23 13:54:49	AndrewKushnir	2021-03-12 05:02:48	True
40962	JiaLiPassion	2021-02-23 13:54:49	AndrewKushnir	2021-03-12 23:38:56	True
40962	JiaLiPassion	2021-02-23 13:54:49	AndrewKushnir	2021-03-13 01:35:45	True
40962	JiaLiPassion	2021-02-23 13:54:49	AndrewKushnir	2021-03-03 19:30:34	True
40962	JiaLiPassion	2021-02-23 13:54:49	AndrewKushnir	2021-03-15 19:38:19	True
40962	JiaLiPassion	2021-02-23 13:54:49	AndrewKushnir	2022-02-10 02:53:42	True
40962	JiaLiPassion	2021-02-23 13:54:49	AndrewKushnir	2022-02-10 06:23:07	True
40962	JiaLiPassion	2021-02-23 13:54:49	AndrewKushnir	2021-03-10 03:45:44	True
40962	JiaLiPassion	2021-02-23 13:54:49	AndrewKushnir	2021-02-24 01:33:23	True
40962	JiaLiPassion	2021-02-23 13:54:49	mhevery	2021-03-09 20:38:29	True
40962	JiaLiPassion	2021-02-23 13:54:49	mhevery	2021-03-09 19:18:19	True
40962	JiaLiPassion	2021-02-23 13:54:49	AndrewKushnir	2021-02-24 06:29:38	True
40962	JiaLiPassion	2021-02-23 13:54:49	mhevery	2021-03-01 21:18:34	True
40962	JiaLiPassion	2021-02-23 13:54:49	AndrewKushnir	2021-02-24 00:42:02	True
40962	JiaLiPassion	2021-02-23 13:54:49	AndrewKushnir	2021-03-04 05:51:02	True
40962	JiaLiPassion	2021-02-23 13:54:49	AndrewKushnir	2021-03-04 19:47:30	True
40958	solos	2021-02-23 05:48:39	shardt68	2021-02-23 15:15:47	True
40958	solos	2021-02-23 05:48:39	petebacondarwin	2021-02-23 16:08:49	True
40958	solos	2021-02-23 05:48:39	alxhub	2021-02-23 17:59:33	True
40956		2021-02-22 23:47:41			False
40955		2021-02-22 22:42:26			False
40954		2021-02-22 22:18:06			False
40953		2021-02-22 22:08:27			False
40952	petebacondarwin	2021-02-22 21:56:12	gkalpak	2021-02-23 19:10:58	True
40952	petebacondarwin	2021-02-22 21:56:12	zarend	2021-02-24 22:26:36	True
40951		2021-02-22 21:44:18			False
40950		2021-02-22 21:23:37			False
40948	JoostK	2021-02-22 20:36:58	AndrewKushnir	2021-03-08 18:03:14	True
40947	JoostK	2021-02-22 20:04:48	AndrewKushnir	2021-03-07 21:08:59	True
40946		2021-02-22 19:50:22			False
40945	gkalpak	2021-02-22 19:26:19	sjtrimble	2021-02-22 20:29:26	True
40944	gkalpak	2021-02-22 19:19:30	sjtrimble	2021-02-22 20:29:22	True
40944	gkalpak	2021-02-22 19:19:30	petebacondarwin	2021-02-23 11:16:06	True
40942	cfsamson	2021-02-22 16:20:41	petebacondarwin	2021-03-05 10:19:06	True
40942	cfsamson	2021-02-22 16:20:41	atscott	2021-02-27 00:50:17	True
40942	cfsamson	2021-02-22 16:20:41	TeriGlover	2021-03-03 23:05:47	True
40942	cfsamson	2021-02-22 16:20:41	aikithoughts	2021-02-26 19:30:25	True
40942	cfsamson	2021-02-22 16:20:41	petebacondarwin	2021-02-22 21:32:42	True
40932		2021-02-21 11:15:34			False
40930		2021-02-20 16:31:40			False
40929		2021-02-20 13:03:04			False
40928	crisbeto	2021-02-20 09:30:24	AndrewKushnir	2021-03-02 01:55:31	True
40928	crisbeto	2021-02-20 09:30:24	AndrewKushnir	2021-03-01 18:55:28	True
40928	crisbeto	2021-02-20 09:30:24	AndrewKushnir	2021-03-02 18:41:20	True
40925		2021-02-19 21:24:44			False
40924	moluwole	2021-02-19 20:54:11	AndrewKushnir	2021-04-17 00:10:10	True
40924	moluwole	2021-02-19 20:54:11	TeriGlover	2021-03-02 16:19:34	True
40922		2021-02-19 13:49:41			False
40920		2021-02-19 12:16:15			False
40915	arturovt	2021-02-18 23:39:39	AndrewKushnir	2021-02-23 02:54:59	True
40915	arturovt	2021-02-18 23:39:39	AndrewKushnir	2021-02-24 02:19:20	True
40915	arturovt	2021-02-18 23:39:39	AndrewKushnir	2021-02-24 02:55:48	True
40915	arturovt	2021-02-18 23:39:39	AndrewKushnir	2021-02-24 23:22:55	True
40915	arturovt	2021-02-18 23:39:39	AndrewKushnir	2021-02-24 03:21:00	True
40914	kapunahelewong	2021-02-18 22:08:16	gkalpak	2021-06-10 09:10:17	True
40914	kapunahelewong	2021-02-18 22:08:16	aikithoughts	2021-06-08 18:55:54	True
40911	arturovt	2021-02-18 18:55:01	AndrewKushnir	2021-02-19 01:48:47	True
40909		2021-02-18 17:15:42			False
40901		2021-02-18 06:20:08			False
40897	cesperian	2021-02-18 05:13:13	aikithoughts	2021-03-04 04:34:31	True
40897	cesperian	2021-02-18 05:13:13	aikithoughts	2021-02-26 19:39:08	True
40897	cesperian	2021-02-18 05:13:13	TeriGlover	2021-03-02 16:40:50	True
40895		2021-02-17 22:49:14			False
40894		2021-02-17 22:08:13			False
40892		2021-02-17 20:51:26			False
40891		2021-02-17 20:48:48			False
40890	kapunahelewong	2021-02-17 19:23:15	petebacondarwin	2021-02-26 21:12:21	True
40890	kapunahelewong	2021-02-17 19:23:15	petebacondarwin	2021-02-26 21:54:49	True
40890	kapunahelewong	2021-02-17 19:23:15	gkalpak	2021-02-26 21:47:35	True
40890	kapunahelewong	2021-02-17 19:23:15	gkalpak	2021-02-26 21:47:27	True
40889		2021-02-17 18:38:55			False
40887		2021-02-17 18:21:17			False
40885	gkalpak	2021-02-17 14:24:41	josephperrott	2021-02-17 14:51:55	True
40883	dimakuba	2021-02-17 12:47:33	petebacondarwin	2021-02-17 14:45:05	True
40883	dimakuba	2021-02-17 12:47:33	AndrewKushnir	2021-02-17 21:50:34	True
40882		2021-02-17 11:32:38			False
40881		2021-02-17 10:38:31			False
40879		2021-02-17 01:34:39			False
40878		2021-02-16 23:59:49			False
40876	arturovt	2021-02-16 22:17:48	AndrewKushnir	2021-02-17 06:26:04	True
40876	arturovt	2021-02-16 22:17:48	AndrewKushnir	2021-02-17 19:33:51	True
40876	arturovt	2021-02-16 22:17:48	AndrewKushnir	2021-02-17 06:03:26	True
40876	arturovt	2021-02-16 22:17:48	AndrewKushnir	2021-02-17 02:44:53	True
40873		2021-02-16 17:59:47			False
40870	antonkri97	2021-02-16 15:01:14	alxhub	2021-02-17 22:00:30	True
40870	antonkri97	2021-02-16 15:01:14	JoostK	2021-02-16 21:09:15	True
40870	antonkri97	2021-02-16 15:01:14	alxhub	2022-01-27 21:46:44	True
40870	antonkri97	2021-02-16 15:01:14	petebacondarwin	2021-02-16 15:21:55	True
40867	arturovt	2021-02-16 12:44:22	petebacondarwin	2021-02-16 20:04:09	True
40867	arturovt	2021-02-16 12:44:22	atscott	2021-02-16 21:29:19	True
40867	arturovt	2021-02-16 12:44:22	atscott	2021-02-24 17:03:55	True
40867	arturovt	2021-02-16 12:44:22	atscott	2021-03-01 22:45:13	True
40867	arturovt	2021-02-16 12:44:22	atscott	2021-03-03 19:22:00	True
40863	cesperian	2021-02-16 07:06:04	petebacondarwin	2021-02-17 07:19:52	True
40863	cesperian	2021-02-16 07:06:04	petebacondarwin	2021-02-19 12:12:15	True
40863	cesperian	2021-02-16 07:06:04	petebacondarwin	2021-02-19 11:28:25	True
40862		2021-02-16 02:42:58			False
40860	arturovt	2021-02-15 21:25:25	atscott	2021-02-25 17:44:19	True
40860	arturovt	2021-02-15 21:25:25	JiaLiPassion	2021-02-15 23:30:30	True
40858		2021-02-15 16:28:03			False
40855		2021-02-15 14:27:30			False
40852		2021-02-15 09:36:38			False
40849	JiaLiPassion	2021-02-15 01:57:42	mhevery	2021-03-09 18:44:12	True
40849	JiaLiPassion	2021-02-15 01:57:42	atscott	2021-03-04 00:19:35	True
40849	JiaLiPassion	2021-02-15 01:57:42	atscott	2021-02-16 20:57:28	True
40847		2021-02-14 21:30:30			False
40846		2021-02-14 19:19:08			False
40840	crisbeto	2021-02-14 09:49:33	gkalpak	2021-02-15 16:35:17	True
40837	petebacondarwin	2021-02-13 17:19:01	koto	2021-02-18 11:31:30	True
40835		2021-02-13 13:58:07			False
40834		2021-02-13 13:17:26			False
40833	crisbeto	2021-02-13 12:03:52	mhevery	2021-02-17 18:03:16	True
40829		2021-02-13 00:34:04			False
40827	atscott	2021-02-12 18:16:09	AndrewKushnir	2021-02-16 20:16:48	True
40827	atscott	2021-02-12 18:16:09	petebacondarwin	2021-02-16 20:28:20	True
40824		2021-02-12 10:24:14			False
40823	alan-agius4	2021-02-12 10:17:03	AndrewKushnir	2021-02-23 17:30:33	True
40823	alan-agius4	2021-02-12 10:17:03	JiaLiPassion	2021-02-13 10:27:55	True
40823	alan-agius4	2021-02-12 10:17:03	JiaLiPassion	2021-02-17 00:34:54	True
40823	alan-agius4	2021-02-12 10:17:03	JiaLiPassion	2021-02-13 11:51:01	True
40823	alan-agius4	2021-02-12 10:17:03	JiaLiPassion	2021-02-15 10:54:09	True
40817		2021-02-12 02:26:13			False
40816	samhrncir	2021-02-12 01:38:15	aikithoughts	2021-02-12 23:42:29	True
40816	samhrncir	2021-02-12 01:38:15	aikithoughts	2021-02-12 22:16:59	True
40815	bjarkler	2021-02-12 00:46:56	AndrewKushnir	2021-02-12 20:34:10	True
40814		2021-02-12 00:09:21			False
40813		2021-02-11 23:29:09			False
40812		2021-02-11 23:26:27			False
40811		2021-02-11 22:37:43			False
40810		2021-02-11 20:31:44			False
40809		2021-02-11 20:24:05			False
40807		2021-02-11 19:59:46			False
40806		2021-02-11 19:20:55			False
40805		2021-02-11 19:13:29			False
40804	samhrncir	2021-02-11 17:04:37	petebacondarwin	2021-02-12 07:21:51	True
40804	samhrncir	2021-02-11 17:04:37	josephperrott	2021-02-11 17:09:05	True
40803	petebacondarwin	2021-02-11 16:17:36	jessicajaniuk	2021-02-11 19:33:41	True
40802	gkalpak	2021-02-11 14:19:35	petebacondarwin	2021-02-13 12:03:07	True
40802	gkalpak	2021-02-11 14:19:35	petebacondarwin	2021-02-13 12:46:41	True
40802	gkalpak	2021-02-11 14:19:35	petebacondarwin	2021-02-13 12:43:09	True
40802	gkalpak	2021-02-11 14:19:35	petebacondarwin	2021-02-13 12:06:03	True
40800	waterplea	2021-02-11 13:36:03	petebacondarwin	2021-02-11 16:14:10	True
40798	JiaLiPassion	2021-02-11 12:27:36	mhevery	2021-02-17 17:50:39	True
40795		2021-02-11 00:18:38			False
40794		2021-02-11 00:03:51			False
40793		2021-02-10 23:27:59			False
40791		2021-02-10 22:46:06			False
40790		2021-02-10 22:04:22			False
40789		2021-02-10 21:29:59			False
40787		2021-02-10 20:41:09			False
40786	ItNoN	2021-02-10 19:54:56	atscott	2021-02-22 21:01:17	True
40786	ItNoN	2021-02-10 19:54:56	AndrewKushnir	2021-02-10 19:57:59	True
40785		2021-02-10 18:33:36			False
40784		2021-02-10 18:13:41			False
40783	mgechev	2021-02-10 17:55:01	AndrewKushnir	2021-02-12 22:25:03	True
40782	petebacondarwin	2021-02-10 17:53:02	AndrewKushnir	2021-02-16 22:01:17	True
40782	petebacondarwin	2021-02-10 17:53:02	AndrewKushnir	2021-02-16 18:10:08	True
40775		2021-02-10 00:37:31			False
40774	josephperrott	2021-02-10 00:37:26	alxhub	2021-02-10 18:36:46	True
40771	arturovt	2021-02-09 23:10:04	josephperrott	2021-02-11 17:13:45	True
40770		2021-02-09 22:22:36			False
40767	ItNoN	2021-02-09 21:15:45	AndrewKushnir	2021-02-09 22:50:33	True
40767	ItNoN	2021-02-09 21:15:45	AndrewKushnir	2021-02-10 17:30:17	True
40767	ItNoN	2021-02-09 21:15:45	alxhub	2021-02-10 19:12:35	True
40766	kirjs	2021-02-09 19:59:42	AndrewKushnir	2021-02-10 00:43:18	True
40766	kirjs	2021-02-09 19:59:42	alxhub	2021-02-10 19:11:02	True
40766	kirjs	2021-02-09 19:59:42	AndrewKushnir	2021-02-09 21:55:29	True
40766	kirjs	2021-02-09 19:59:42	petebacondarwin	2021-02-09 20:33:56	True
40760	gkalpak	2021-02-09 10:33:22	alxhub	2021-02-09 22:25:31	True
40759	gkalpak	2021-02-09 10:32:12	alxhub	2021-02-09 21:52:48	True
40758		2021-02-09 10:31:03			False
40756	gkalpak	2021-02-08 23:34:49	josephperrott	2021-02-16 21:08:33	True
40754		2021-02-08 21:32:00			False
40746		2021-02-07 21:59:23			False
40741		2021-02-06 19:40:12			False
40740	JoostK	2021-02-06 19:26:07	AndrewKushnir	2021-02-10 05:47:21	True
40738	JoostK	2021-02-06 16:21:03	AndrewKushnir	2021-02-10 05:49:06	True
40737		2021-02-06 14:44:03			False
40735	hilmer-martin	2021-02-06 13:38:25	petebacondarwin	2021-02-09 17:44:02	True
40732	PJoy	2021-02-06 09:29:08	TeriGlover	2021-03-03 23:30:03	True
40732	PJoy	2021-02-06 09:29:08	AndrewKushnir	2021-04-17 00:13:09	True
40731	crisbeto	2021-02-06 09:14:19	AndrewKushnir	2021-02-24 18:54:24	True
40731	crisbeto	2021-02-06 09:14:19	jelbourn	2021-02-18 00:15:06	True
40731	crisbeto	2021-02-06 09:14:19	jelbourn	2021-02-17 22:06:03	True
40731	crisbeto	2021-02-06 09:14:19	AndrewKushnir	2021-02-08 20:13:18	True
40726	GChuf	2021-02-05 18:16:39	AndrewKushnir	2021-02-06 02:33:10	True
40724	petebacondarwin	2021-02-05 13:04:24	AndrewKushnir	2021-02-08 23:57:42	True
40720	abarghoud	2021-02-05 10:51:18	petebacondarwin	2021-02-11 09:57:35	True
40719		2021-02-05 10:23:44			False
40718		2021-02-05 10:22:38			False
40714	cesperian	2021-02-05 06:14:56	AndrewKushnir	2021-02-24 06:27:32	True
40714	cesperian	2021-02-05 06:14:56	TeriGlover	2021-02-22 19:14:12	True
40714	cesperian	2021-02-05 06:14:56	petebacondarwin	2021-02-25 11:28:32	True
40714	cesperian	2021-02-05 06:14:56	petebacondarwin	2021-02-12 14:52:00	True
40714	cesperian	2021-02-05 06:14:56	petebacondarwin	2021-02-12 14:50:58	True
40714	cesperian	2021-02-05 06:14:56	aikithoughts	2021-02-05 16:49:42	True
40714	cesperian	2021-02-05 06:14:56	petebacondarwin	2021-02-26 11:36:49	True
40714	cesperian	2021-02-05 06:14:56	petebacondarwin	2021-02-24 08:40:10	True
40714	cesperian	2021-02-05 06:14:56	TeriGlover	2021-02-22 19:16:18	True
40712		2021-02-05 01:15:26			False
40711	alxhub	2021-02-04 23:32:07	AndrewKushnir	2021-02-08 23:10:38	True
40710	josephperrott	2021-02-04 22:49:11	alan-agius4	2021-02-05 12:01:21	True
40710	josephperrott	2021-02-04 22:49:11	alan-agius4	2021-02-05 11:59:01	True
40707		2021-02-04 18:22:23			False
40706		2021-02-04 17:52:35			False
40704		2021-02-04 15:00:47			False
40699	justsml	2021-02-04 06:59:56	petebacondarwin	2021-02-14 09:08:57	True
40698		2021-02-04 02:51:06			False
40697	IEvangelist	2021-02-04 01:33:31	AndrewKushnir	2021-02-04 02:26:25	True
40697	IEvangelist	2021-02-04 01:33:31	mgechev	2021-02-04 01:34:52	True
40694	alan-agius4	2021-02-03 15:17:35	AndrewKushnir	2021-02-11 18:38:46	True
40694	alan-agius4	2021-02-03 15:17:35	kyliau	2021-02-11 18:47:56	True
40694	alan-agius4	2021-02-03 15:17:35	AndrewKushnir	2021-02-10 05:48:44	True
40694	alan-agius4	2021-02-03 15:17:35	AndrewKushnir	2021-02-11 02:57:03	True
40694	alan-agius4	2021-02-03 15:17:35	AndrewKushnir	2021-02-10 19:55:10	True
40693	eneajaho	2021-02-03 14:45:13	petebacondarwin	2021-02-03 15:23:40	True
40693	eneajaho	2021-02-03 14:45:13	aikithoughts	2021-02-12 23:45:08	True
40687		2021-02-03 10:38:54			False
40686	gkalpak	2021-02-03 10:29:58	mhevery	2021-02-03 17:09:52	True
40685	gkalpak	2021-02-03 10:28:52	mhevery	2021-02-03 17:09:17	True
40684		2021-02-03 10:27:45			False
40680	alxhub	2021-02-03 01:16:49	mhevery	2021-02-03 17:14:42	True
40679		2021-02-02 23:04:53			False
40668		2021-02-02 16:25:08			False
40667	eneajaho	2021-02-02 16:15:38	gkalpak	2021-02-02 16:54:56	True
40663	cexbrayat	2021-02-02 07:36:51	petebacondarwin	2021-02-19 11:46:10	True
40663	cexbrayat	2021-02-02 07:36:51	JoostK	2021-02-19 11:40:33	True
40663	cexbrayat	2021-02-02 07:36:51	AndrewKushnir	2021-02-18 19:09:52	True
40663	cexbrayat	2021-02-02 07:36:51	petebacondarwin	2021-02-17 20:01:10	True
40663	cexbrayat	2021-02-02 07:36:51	AndrewKushnir	2021-02-25 21:55:05	True
40663	cexbrayat	2021-02-02 07:36:51	AndrewKushnir	2021-02-25 21:53:48	True
40663	cexbrayat	2021-02-02 07:36:51	AndrewKushnir	2021-02-24 06:34:00	True
40663	cexbrayat	2021-02-02 07:36:51	AndrewKushnir	2021-02-20 02:14:14	True
40663	cexbrayat	2021-02-02 07:36:51	AndrewKushnir	2021-02-19 20:47:19	True
40663	cexbrayat	2021-02-02 07:36:51	AndrewKushnir	2021-02-17 19:47:40	True
40663	cexbrayat	2021-02-02 07:36:51	AndrewKushnir	2021-02-17 19:56:42	True
40661	mhevery	2021-02-02 01:19:11	alxhub	2021-02-02 21:31:20	True
40660	zarend	2021-02-01 23:28:54	atscott	2021-02-02 20:33:38	True
40655		2021-02-01 18:29:10			False
40651		2021-02-01 06:26:51			False
