pr_number	author_user_login	pr_created_at	commit_user_login	commit_created_at	commit_status_total	commit_status_additions	commit_status_deletions	create_before_pr	is_review_commit
21946	chuckjaz	2018-01-31 21:13:27	chuckjaz	2018-01-31 21:11:07	35	32	3	True	True
21940	kara	2018-01-31 18:58:45	kara	2018-04-05 23:01:28	2	1	1	False	True
21939	andrewseguin	2018-01-31 18:24:01	robwormald	2018-01-29 22:24:53	6	5	1	True	True
21939	andrewseguin	2018-01-31 18:24:01	gkalpak	2017-10-12 09:38:29	165	165	0	True	True
21939	andrewseguin	2018-01-31 18:24:01	gkalpak	2017-10-12 15:02:34	68	68	0	True	True
21939	andrewseguin	2018-01-31 18:24:01	gkalpak	2017-10-12 09:32:34	468	468	0	True	True
21939	andrewseguin	2018-01-31 18:24:01	gkalpak	2017-10-12 09:33:25	135	135	0	True	True
21939	andrewseguin	2018-01-31 18:24:01	gkalpak	2017-10-12 09:36:34	1784	1770	14	True	True
21939	andrewseguin	2018-01-31 18:24:01	gkalpak	2017-10-12 09:37:22	496	496	0	True	True
21939	andrewseguin	2018-01-31 18:24:01	gkalpak	2017-10-12 09:38:09	704	704	0	True	True
21939	andrewseguin	2018-01-31 18:24:01	andrewseguin	2018-02-13 21:52:43	70	0	70	False	True
21939	andrewseguin	2018-01-31 18:24:01	robwormald	2018-01-27 05:29:50	74	72	2	True	True
21939	andrewseguin	2018-01-31 18:24:01	gkalpak	2017-09-26 08:53:48	142	139	3	True	True
21939	andrewseguin	2018-01-31 18:24:01	andrewseguin	2018-02-02 23:22:08	119	109	10	False	True
21939	andrewseguin	2018-01-31 18:24:01	andrewseguin	2018-02-05 20:58:42	39	10	29	False	True
21939	andrewseguin	2018-01-31 18:24:01	andrewseguin	2018-02-05 21:00:52	5	4	1	False	True
21939	andrewseguin	2018-01-31 18:24:01	andrewseguin	2018-02-06 18:58:30	22	11	11	False	True
21939	andrewseguin	2018-01-31 18:24:01	andrewseguin	2018-02-06 18:50:32	29	18	11	False	True
21939	andrewseguin	2018-01-31 18:24:01	gkalpak	2017-12-20 10:51:26	19	19	0	True	True
21939	andrewseguin	2018-01-31 18:24:01	andrewseguin	2018-02-13 22:04:46	33	18	15	False	True
21939	andrewseguin	2018-01-31 18:24:01	andrewseguin	2018-02-12 20:48:09	1383	84	1299	False	True
21939	andrewseguin	2018-01-31 18:24:01	andrewseguin	2018-02-13 21:40:30	116	103	13	False	True
21939	andrewseguin	2018-01-31 18:24:01	andrewseguin	2018-02-16 19:36:01	22	8	14	False	True
21938	danbucholtz	2018-01-31 17:06:24	danbucholtz	2018-01-31 22:03:35	96	93	3	False	True
21938	danbucholtz	2018-01-31 17:06:24	danbucholtz	2018-01-30 17:59:02	64	32	32	True	True
21937	pkozlowski-opensource	2018-01-31 16:59:18	pkozlowski-opensource	2018-01-31 16:57:37	13	12	1	True	True
21937	pkozlowski-opensource	2018-01-31 16:59:18	pkozlowski-opensource	2018-02-27 14:55:01	45	28	17	False	True
21935	pkozlowski-opensource	2018-01-31 14:52:51	pkozlowski-opensource	2018-01-31 14:50:24	121	92	29	True	True
21933	ocombe	2018-01-31 11:09:34	ocombe	2018-01-31 11:12:33	13	8	5	False	True
21926	chuckjaz	2018-01-31 01:56:27	chuckjaz	2018-01-31 01:17:54	313	252	61	True	True
21924	sreevani-ship-it	2018-01-30 23:58:28	hazmatdance	2018-01-22 18:14:51	1331	1113	218	True	True
21924	sreevani-ship-it	2018-01-30 23:58:28	sreevani-ship-it	2018-05-18 16:51:12	358	211	147	False	True
21924	sreevani-ship-it	2018-01-30 23:58:28	sreevani-ship-it	2018-05-21 04:06:45	204	42	162	False	True
21924	sreevani-ship-it	2018-01-30 23:58:28	sreevani-ship-it	2018-05-19 17:45:39	286	283	3	False	True
21924	sreevani-ship-it	2018-01-30 23:58:28	sreevani-ship-it	2018-05-19 15:42:45	2	1	1	False	True
21924	sreevani-ship-it	2018-01-30 23:58:28	sreevani-ship-it	2018-05-19 05:57:33	435	426	9	False	True
21924	sreevani-ship-it	2018-01-30 23:58:28	sreevani-ship-it	2018-05-14 17:49:36	7	4	3	False	True
21924	sreevani-ship-it	2018-01-30 23:58:28	sreevani-ship-it	2018-05-17 14:51:37	167	117	50	False	True
21924	sreevani-ship-it	2018-01-30 23:58:28	sreevani-ship-it	2018-05-14 16:08:45	53	32	21	False	True
21922	mhevery	2018-01-30 22:43:38	mhevery	2018-01-30 22:43:32	1	1	0	True	True
21921	alxhub	2018-01-30 22:11:56	alxhub	2018-01-30 22:08:23	26	24	2	True	True
21917	adrienboulle	2018-01-30 20:48:20	adrienboulle	2018-01-30 20:46:38	8	4	4	True	True
21915	jbogarthyde	2018-01-30 19:50:53	jbogarthyde	2018-05-31 19:02:50	3026	1385	1641	False	True
21912	kara	2018-01-30 19:30:28	kara	2018-01-31 00:04:06	2	1	1	False	True
21912	kara	2018-01-30 19:30:28	kara	2018-01-31 00:02:57	10	10	0	False	True
21912	kara	2018-01-30 19:30:28	kara	2018-01-30 23:37:01	168	128	40	False	True
21912	kara	2018-01-30 19:30:28	kara	2018-01-29 22:19:41	56	55	1	True	True
21906	ocombe	2018-01-30 17:52:05	ocombe	2018-01-30 17:50:32	6	3	3	True	True
21905	kara	2018-01-30 17:19:06	kara	2018-01-26 04:41:57	146	71	75	True	True
21905	kara	2018-01-30 17:19:06	kara	2018-01-30 18:09:51	2	1	1	False	True
21900	seklyza	2018-01-30 16:26:49	seklyza	2018-01-30 16:23:35	2	1	1	True	True
21898	hmagrini	2018-01-30 16:08:32	hmagrini	2018-01-30 16:03:26	6	3	3	True	True
21894	jeremyjumeau	2018-01-30 13:49:23	jeremyjumeau	2018-01-30 13:43:17	2	1	1	True	True
21892	musicq	2018-01-30 09:42:21	musicq	2018-01-30 09:39:42	2	1	1	True	True
21883	adamyi	2018-01-30 07:40:29	adamyi	2018-01-30 07:33:22	9	9	0	True	True
21881	vicb	2018-01-30 01:42:34	vicb	2018-01-31 00:33:28	39	22	17	False	True
21881	vicb	2018-01-30 01:42:34	vicb	2018-01-30 01:41:07	224	60	164	True	True
21879	chuckjaz	2018-01-30 00:02:29	chuckjaz	2018-01-29 23:57:58	104	51	53	True	True
21877	chuckjaz	2018-01-29 23:42:45	chuckjaz	2018-01-25 16:52:10	884	536	348	True	True
21876	alexeagle	2018-01-29 23:01:59	alexeagle	2018-01-29 23:01:38	29	24	5	True	True
21874	petebacondarwin	2018-01-29 22:40:56	petebacondarwin	2018-02-08 15:00:53	959	828	131	False	True
21873	ocombe	2018-01-29 21:23:53	ocombe	2018-01-29 21:22:06	1516	778	738	True	True
21868	vicb	2018-01-29 20:10:20	vicb	2018-01-29 20:08:25	40	39	1	True	True
21867	vicb	2018-01-29 19:04:14	snood1205	2017-06-02 19:10:54	20	10	10	True	True
21865	chuckjaz	2018-01-29 18:43:35	chuckjaz	2018-01-29 18:36:56	131	128	3	True	True
21863	alxhub	2018-01-29 18:01:31	alxhub	2018-01-29 17:23:31	19	19	0	True	True
21862	chuckjaz	2018-01-29 17:15:07	chuckjaz	2018-01-29 17:11:04	26	11	15	True	True
21859	pkozlowski-opensource	2018-01-29 15:12:20	pkozlowski-opensource	2018-01-29 15:06:31	41	38	3	True	True
21857	pkozlowski-opensource	2018-01-29 14:28:28	pkozlowski-opensource	2018-01-29 14:10:46	133	57	76	True	True
21857	pkozlowski-opensource	2018-01-29 14:28:28	pkozlowski-opensource	2018-01-29 14:24:11	84	46	38	True	True
21857	pkozlowski-opensource	2018-01-29 14:28:28	pkozlowski-opensource	2018-01-29 13:51:37	114	57	57	True	True
21856	Yerkon	2018-01-29 14:09:38	Yerkon	2018-01-29 14:05:32	5	5	0	True	True
21854	denyo	2018-01-29 13:40:46	denyo	2018-01-29 13:37:51	2	1	1	True	True
21842	JiaLiPassion	2018-01-28 16:48:16	gkalpak	2019-04-25 13:51:08	203	201	2	False	True
21842	JiaLiPassion	2018-01-28 16:48:16	gkalpak	2019-04-25 13:51:07	30	15	15	False	True
21842	JiaLiPassion	2018-01-28 16:48:16	JiaLiPassion	2018-01-28 16:38:16	75	59	16	True	True
21842	JiaLiPassion	2018-01-28 16:48:16	gkalpak	2018-11-07 20:46:22	160	141	19	False	True
21842	JiaLiPassion	2018-01-28 16:48:16	gkalpak	2019-04-25 13:51:08	150	110	40	False	True
21842	JiaLiPassion	2018-01-28 16:48:16	gkalpak	2019-04-25 13:56:59	3	1	2	False	True
21842	JiaLiPassion	2018-01-28 16:48:16	deebloo	2019-04-25 13:51:07	61	54	7	False	True
21842	JiaLiPassion	2018-01-28 16:48:16	gkalpak	2018-11-07 20:45:40	97	53	44	False	True
21840	vincecampanale	2018-01-28 16:32:26	vincecampanale	2018-01-28 16:27:20	11	7	4	True	True
21834	mhevery	2018-01-27 21:12:54	mhevery	2018-01-27 21:07:03	248	243	5	True	True
21833	benbraou	2018-01-27 19:04:29	benbraou	2018-01-27 19:02:39	2	1	1	True	True
21825	robwormald	2018-01-27 06:12:37	gkalpak	2017-10-12 15:02:34	68	68	0	True	True
21825	robwormald	2018-01-27 06:12:37	robwormald	2018-01-27 05:29:50	74	72	2	True	True
21825	robwormald	2018-01-27 06:12:37	gkalpak	2017-10-12 09:33:25	135	135	0	True	True
21825	robwormald	2018-01-27 06:12:37	robwormald	2018-01-29 22:21:17	57	57	0	False	True
21825	robwormald	2018-01-27 06:12:37	robwormald	2018-01-29 22:24:53	6	5	1	False	True
21825	robwormald	2018-01-27 06:12:37	robwormald	2018-01-30 01:06:31	110	100	10	False	True
21825	robwormald	2018-01-27 06:12:37	robwormald	2018-01-29 23:42:38	39	38	1	False	True
21825	robwormald	2018-01-27 06:12:37	robwormald	2018-01-30 21:48:04	1	0	1	False	True
21825	robwormald	2018-01-27 06:12:37	gkalpak	2017-10-12 09:36:34	1784	1770	14	True	True
21825	robwormald	2018-01-27 06:12:37	robwormald	2018-01-29 23:14:23	62	62	0	False	True
21825	robwormald	2018-01-27 06:12:37	gkalpak	2017-10-12 09:32:34	468	468	0	True	True
21825	robwormald	2018-01-27 06:12:37	gkalpak	2017-09-26 08:53:48	142	139	3	True	True
21825	robwormald	2018-01-27 06:12:37	gkalpak	2017-10-12 09:38:29	165	165	0	True	True
21825	robwormald	2018-01-27 06:12:37	gkalpak	2017-12-20 10:51:26	19	19	0	True	True
21825	robwormald	2018-01-27 06:12:37	gkalpak	2017-10-12 09:37:22	496	496	0	True	True
21825	robwormald	2018-01-27 06:12:37	gkalpak	2017-10-12 09:38:09	704	704	0	True	True
21824	JiaLiPassion	2018-01-27 05:00:06	JiaLiPassion	2018-01-27 04:45:03	26	23	3	True	True
21822	kara	2018-01-27 03:30:31	kara	2018-01-27 03:15:45	112	104	8	True	True
21821	alexeagle	2018-01-27 02:16:52	alexeagle	2018-01-27 02:10:45	17	9	8	True	True
21817	mhevery	2018-01-27 00:03:18	mhevery	2018-01-26 23:58:25	6	6	0	True	True
21817	mhevery	2018-01-27 00:03:18	mhevery	2018-02-10 00:22:43	2	1	1	False	True
21816	IgorMinar	2018-01-26 23:13:08	IgorMinar	2018-01-26 23:12:14	8	0	8	True	True
21815	kara	2018-01-26 23:10:28	kara	2018-01-26 23:00:54	14	9	5	True	True
21815	kara	2018-01-26 23:10:28	kara	2018-01-26 23:18:43	2	1	1	False	True
21814	vicb	2018-01-26 22:37:20	vicb	2018-01-26 22:36:11	50	45	5	True	True
21812	chuckjaz	2018-01-26 22:15:55	chuckjaz	2018-01-26 22:12:20	2	1	1	True	True
21812	chuckjaz	2018-01-26 22:15:55	chuckjaz	2018-01-26 22:12:46	60	51	9	True	True
21810	mhevery	2018-01-26 21:18:06	mhevery	2018-01-26 22:16:34	2	1	1	False	True
21810	mhevery	2018-01-26 21:18:06	mhevery	2018-01-26 21:17:45	26	22	4	True	True
21806	gkalpak	2018-01-26 16:10:14	gkalpak	2018-01-26 16:05:52	3	2	1	True	True
21802	petebacondarwin	2018-01-26 14:37:03	petebacondarwin	2018-01-26 14:36:14	29	18	11	True	True
21796	evolkmann	2018-01-26 05:54:37	evolkmann	2018-01-26 05:51:09	2	1	1	True	True
21793	kara	2018-01-26 03:20:19	kara	2018-01-26 03:02:33	98	86	12	True	True
21793	kara	2018-01-26 03:20:19	kara	2018-01-26 21:38:21	38	31	7	False	True
21792	chuckjaz	2018-01-26 00:45:22	chuckjaz	2018-01-26 00:43:29	635	631	4	True	True
21791	mhevery	2018-01-26 00:35:42	mhevery	2018-01-26 05:08:38	53	27	26	False	True
21791	mhevery	2018-01-26 00:35:42	mhevery	2018-01-26 05:08:38	8	3	5	False	True
21791	mhevery	2018-01-26 00:35:42	mhevery	2018-01-26 05:08:38	10	3	7	False	True
21791	mhevery	2018-01-26 00:35:42	mhevery	2018-01-26 05:08:38	2	1	1	False	True
21791	mhevery	2018-01-26 00:35:42	mhevery	2018-01-26 05:08:38	18	3	15	False	True
21791	mhevery	2018-01-26 00:35:42	mhevery	2018-01-26 05:08:38	3	1	2	False	True
21791	mhevery	2018-01-26 00:35:42	mhevery	2018-01-26 05:08:38	4	4	0	False	True
21791	mhevery	2018-01-26 00:35:42	mhevery	2018-01-26 05:08:38	5	4	1	False	True
21791	mhevery	2018-01-26 00:35:42	mhevery	2018-01-25 23:55:00	75	56	19	True	True
21790	chuckjaz	2018-01-26 00:00:33	chuckjaz	2018-01-25 23:38:39	71	68	3	True	True
21789	chuckjaz	2018-01-25 21:56:18	chuckjaz	2018-01-25 21:20:42	16	15	1	True	True
21787	dherges	2018-01-25 20:56:48	dherges	2018-02-23 07:04:44	25	25	0	False	True
21787	dherges	2018-01-25 20:56:48	dherges	2018-01-25 20:47:31	2	1	1	True	True
21787	dherges	2018-01-25 20:56:48	dherges	2018-02-23 07:13:20	3	2	1	False	True
21784	alexeagle	2018-01-25 18:15:08	alexeagle	2018-01-25 17:55:27	101	86	15	True	True
21783	ocombe	2018-01-25 17:21:10	ocombe	2018-01-29 21:40:07	339	217	122	False	True
21783	ocombe	2018-01-25 17:21:10	ocombe	2018-01-26 10:06:13	383	208	175	False	True
21778	pkozlowski-opensource	2018-01-25 15:19:04	pkozlowski-opensource	2018-01-25 15:17:17	169	142	27	True	True
21773	pshields	2018-01-25 11:46:34	pshields	2018-01-25 11:30:54	1	0	1	True	True
21772	petebacondarwin	2018-01-25 10:37:11	petebacondarwin	2018-01-25 12:12:44	6	4	2	False	True
21772	petebacondarwin	2018-01-25 10:37:11	petebacondarwin	2018-01-25 13:48:14	46	23	23	False	True
21772	petebacondarwin	2018-01-25 10:37:11	petebacondarwin	2018-01-25 10:13:20	1129	885	244	True	True
21771	Yerkon	2018-01-25 10:30:25	Yerkon	2018-01-25 09:59:05	2	1	1	True	True
21767	ocombe	2018-01-25 08:56:42	ocombe	2018-01-25 08:52:26	9	6	3	True	True
21764	chuckjaz	2018-01-25 00:22:57	chuckjaz	2018-01-27 01:12:39	199	190	9	False	True
21763	petebacondarwin	2018-01-24 22:58:08	petebacondarwin	2018-01-25 20:19:32	55	54	1	False	True
21763	petebacondarwin	2018-01-24 22:58:08	petebacondarwin	2018-01-22 22:17:31	6	4	2	True	True
21763	petebacondarwin	2018-01-24 22:58:08	petebacondarwin	2018-01-25 20:19:04	116	82	34	False	True
21763	petebacondarwin	2018-01-24 22:58:08	petebacondarwin	2018-01-25 10:13:30	759	752	7	False	True
21763	petebacondarwin	2018-01-24 22:58:08	petebacondarwin	2018-01-24 14:21:38	14	7	7	True	True
21761	petebacondarwin	2018-01-24 19:39:08	petebacondarwin	2018-01-24 19:32:56	2	1	1	True	True
21760	chuckjaz	2018-01-24 19:38:56	chuckjaz	2018-01-24 19:19:39	253	246	7	True	True
21759	chuckjaz	2018-01-24 19:22:02	chuckjaz	2018-01-24 19:17:35	26	14	12	True	True
21754	jbogarthyde	2018-01-24 17:05:40	jbogarthyde	2018-01-26 16:33:41	15	14	1	False	True
21749	pkozlowski-opensource	2018-01-24 14:39:42	pkozlowski-opensource	2018-01-24 14:33:45	51	24	27	True	True
21747	jannislehmann	2018-01-24 13:30:33	jannislehmann	2018-01-31 17:08:10	10	5	5	False	True
21744	marclaval	2018-01-24 11:15:04	marclaval	2018-01-24 10:56:14	4874	4844	30	True	True
21739	mhevery	2018-01-24 00:49:39	mhevery	2018-01-24 00:49:20	88	54	34	True	True
21728	vsavkin	2018-01-23 16:16:48	vsavkin	2018-01-24 17:19:59	223	183	40	False	True
21727	BrianDGLS	2018-01-23 16:08:04	BrianDGLS	2018-01-24 09:01:34	2	0	2	False	True
21727	BrianDGLS	2018-01-23 16:08:04	BrianDGLS	2018-01-23 16:32:31	2	1	1	False	True
21727	BrianDGLS	2018-01-23 16:08:04	BrianDGLS	2018-01-23 16:20:27	2	1	1	False	True
21727	BrianDGLS	2018-01-23 16:08:04	BrianDGLS	2018-01-23 16:09:22	17	14	3	False	True
21725	BrianDGLS	2018-01-23 14:47:03	BrianDGLS	2018-01-23 14:56:25	13	7	6	False	True
21714	chuckjaz	2018-01-22 23:41:33	chuckjaz	2018-01-22 23:35:18	106	63	43	True	True
21713	vicb	2018-01-22 22:36:05	vicb	2018-01-22 20:23:10	156	78	78	True	True
21713	vicb	2018-01-22 22:36:05	vicb	2018-01-22 21:58:59	105	53	52	True	True
21712	petebacondarwin	2018-01-22 22:14:25	petebacondarwin	2018-01-22 22:17:31	6	4	2	False	True
21712	petebacondarwin	2018-01-22 22:14:25	petebacondarwin	2018-01-23 14:57:10	469	464	5	False	True
21712	petebacondarwin	2018-01-22 22:14:25	petebacondarwin	2018-01-23 14:48:32	3	2	1	False	True
21712	petebacondarwin	2018-01-22 22:14:25	petebacondarwin	2018-01-23 17:43:58	110	76	34	False	True
21708	chuckjaz	2018-01-22 19:38:07	chuckjaz	2018-01-22 19:30:58	62	52	10	True	True
21701	JiaLiPassion	2018-01-22 16:49:06	JiaLiPassion	2018-01-22 16:43:30	11	10	1	True	True
21700	pkozlowski-opensource	2018-01-22 16:45:47	pkozlowski-opensource	2018-01-17 16:55:55	603	520	83	True	True
21695	gkalpak	2018-01-22 11:10:34	gkalpak	2018-01-21 12:29:20	226	136	90	True	True
21695	gkalpak	2018-01-22 11:10:34	gkalpak	2018-01-16 10:40:24	73	65	8	True	True
21695	gkalpak	2018-01-22 11:10:34	gkalpak	2018-01-16 11:08:21	25	9	16	True	True
21695	gkalpak	2018-01-22 11:10:34	gkalpak	2018-01-16 11:23:42	1	1	0	True	True
21695	gkalpak	2018-01-22 11:10:34	gkalpak	2018-01-16 08:19:26	5	5	0	True	True
21695	gkalpak	2018-01-22 11:10:34	gkalpak	2018-01-16 10:39:33	2	1	1	True	True
21695	gkalpak	2018-01-22 11:10:34	gkalpak	2018-01-16 11:20:09	2	2	0	True	True
21695	gkalpak	2018-01-22 11:10:34	gkalpak	2018-02-01 20:00:28	20	13	7	False	True
21695	gkalpak	2018-01-22 11:10:34	gkalpak	2018-01-21 12:41:52	143	93	50	True	True
21695	gkalpak	2018-01-22 11:10:34	gkalpak	2018-02-01 17:41:28	28	13	15	False	True
21689	petebacondarwin	2018-01-21 17:16:49	petebacondarwin	2018-01-21 17:24:05	75	75	0	False	True
21687	splincode	2018-01-21 12:06:42	splincode	2018-01-21 12:04:01	6	6	0	True	True
21681	JiaLiPassion	2018-01-20 10:03:54	JiaLiPassion	2018-03-18 14:32:00	610	362	248	False	True
21679	vicb	2018-01-20 01:18:08	vicb	2018-01-20 01:14:05	19	18	1	True	True
21677	chuckjaz	2018-01-19 23:09:21	chuckjaz	2018-01-19 23:06:44	211	202	9	True	True
21676	dennispbrown	2018-01-19 21:40:37	dennispbrown	2018-01-19 21:39:02	9	2	7	True	True
21675	alexeagle	2018-01-19 21:33:34	alexeagle	2018-01-19 21:32:39	27	11	16	True	True
21674	mhevery	2018-01-19 20:40:40	mhevery	2018-01-18 21:27:01	120	93	27	True	True
21673	hansl	2018-01-19 19:54:11	hansl	2018-01-19 19:53:29	918	789	129	True	True
21672	ocombe	2018-01-19 19:18:16	ocombe	2018-01-19 19:16:38	15	15	0	True	True
21669	JiaLiPassion	2018-01-19 18:21:42	JiaLiPassion	2018-01-19 18:16:54	101	100	1	True	True
21669	JiaLiPassion	2018-01-19 18:21:42	IgorMinar	2018-08-07 22:52:48	744	373	371	False	True
21665	petebacondarwin	2018-01-19 15:00:14	petebacondarwin	2018-01-19 14:58:23	81	77	4	True	True
21657	chuckjaz	2018-01-19 01:21:03	chuckjaz	2018-01-11 23:37:56	649	562	87	True	True
21656	chuckjaz	2018-01-19 00:30:10	chuckjaz	2018-01-19 00:27:43	13	9	4	True	True
21652	ghetolay	2018-01-18 23:03:35	ghetolay	2018-01-18 22:58:03	10	8	2	True	True
21650	kara	2018-01-18 22:57:19	kara	2018-01-23 03:52:06	388	179	209	False	True
21650	kara	2018-01-18 22:57:19	kara	2018-01-18 22:22:52	366	256	110	True	True
21650	kara	2018-01-18 22:57:19	kara	2018-01-22 23:27:21	273	196	77	False	True
21650	kara	2018-01-18 22:57:19	kara	2018-01-23 18:57:48	273	164	109	False	True
21650	kara	2018-01-18 22:57:19	kara	2018-01-23 03:19:47	249	118	131	False	True
21650	kara	2018-01-18 22:57:19	kara	2018-01-18 22:18:21	559	526	33	True	True
21650	kara	2018-01-18 22:57:19	kara	2018-01-18 22:13:23	235	231	4	True	True
21650	kara	2018-01-18 22:57:19	kara	2018-01-24 02:39:09	236	110	126	False	True
21650	kara	2018-01-18 22:57:19	kara	2018-01-23 01:43:52	427	259	168	False	True
21649	chuckjaz	2018-01-18 22:39:17	chuckjaz	2018-01-18 22:36:49	17	14	3	True	True
21641	gkalpak	2018-01-18 19:02:46	gkalpak	2018-01-18 18:58:40	46	26	20	True	True
21638	divdavem	2018-01-18 18:00:18	divdavem	2018-01-25 14:32:21	595	479	116	False	True
21638	divdavem	2018-01-18 18:00:18	divdavem	2018-01-26 10:36:31	187	96	91	False	True
21634	ocombe	2018-01-18 16:42:58	ocombe	2018-01-18 16:41:07	16	8	8	True	True
21630	gkalpak	2018-01-18 15:02:53	gkalpak	2018-01-18 15:01:21	8	4	4	True	True
21629	gkalpak	2018-01-18 14:40:55	gkalpak	2018-01-18 14:36:54	166	108	58	True	True
21628	JiaLiPassion	2018-01-18 14:05:00	JiaLiPassion	2018-01-18 13:55:31	79	79	0	True	True
21620	sreevani-ship-it	2018-01-18 05:25:10	sreevani-ship-it	2018-01-18 05:06:43	10	5	5	True	True
21614	alexeagle	2018-01-17 22:50:00	alexeagle	2018-01-17 22:49:08	47	27	20	True	True
21611	chuckjaz	2018-01-17 21:51:53	chuckjaz	2018-01-17 21:49:43	3	2	1	True	True
21609	petebacondarwin	2018-01-17 21:45:37	petebacondarwin	2018-01-15 16:07:41	41	26	15	True	True
21606	jbogarthyde	2018-01-17 21:12:11	jbogarthyde	2018-01-17 20:56:04	94	15	79	True	True
21606	jbogarthyde	2018-01-17 21:12:11	jbogarthyde	2018-01-30 20:56:20	189	94	95	False	True
21601	tinayuangao	2018-01-17 18:17:09	tinayuangao	2018-01-17 17:57:54	30	3	27	True	True
21594	kapunahelewong	2018-01-17 15:36:43	kapunahelewong	2018-01-17 15:33:38	2	1	1	True	True
21589	gkalpak	2018-01-17 13:04:40	gkalpak	2018-01-17 12:57:43	572	267	305	True	True
21589	gkalpak	2018-01-17 13:04:40	gkalpak	2018-01-17 13:01:53	141	55	86	True	True
21589	gkalpak	2018-01-17 13:04:40	gkalpak	2018-01-17 12:43:18	562	281	281	True	True
21589	gkalpak	2018-01-17 13:04:40	gkalpak	2018-01-17 13:01:34	59	31	28	True	True
21574	pshields	2018-01-16 22:07:50	pshields	2018-01-16 21:09:51	6	3	3	True	True
21569	jbogarthyde	2018-01-16 20:30:13	jbogarthyde	2018-03-14 20:51:04	54	34	20	False	True
21569	jbogarthyde	2018-01-16 20:30:13	jbogarthyde	2018-01-16 20:26:28	959	493	466	True	True
21565	mhevery	2018-01-16 19:39:14	mhevery	2018-01-16 19:38:42	73	73	0	True	True
21562	IgorMinar	2018-01-16 18:57:48	IgorMinar	2018-01-16 18:57:21	1	1	0	True	True
21561	jasonaden	2018-01-16 18:47:09	jasonaden	2018-01-16 18:45:15	5	5	0	True	True
21557	marclaval	2018-01-16 16:34:54	marclaval	2018-01-16 16:17:47	409	408	1	True	True
21555	alexeagle	2018-01-16 15:36:27	alexeagle	2018-01-16 15:09:59	23086	22985	101	True	True
21540	petebacondarwin	2018-01-15 16:12:18	petebacondarwin	2018-01-15 16:10:32	12	11	1	True	True
21538	gkalpak	2018-01-15 14:15:22	gkalpak	2018-01-15 14:10:55	244	166	78	True	True
21538	gkalpak	2018-01-15 14:15:22	gkalpak	2018-01-15 14:08:07	1	0	1	True	True
21523	muhammadfaizan	2018-01-13 16:10:02	muhammadfaizan	2018-01-13 16:06:13	2	1	1	True	True
21517	trotyl	2018-01-13 08:50:25	trotyl	2018-01-13 08:47:27	16	8	8	True	True
21514	ppham27	2018-01-13 04:09:19	ppham27	2018-01-13 04:03:54	43	42	1	True	True
21506	ocombe	2018-01-12 15:07:59	ocombe	2018-01-12 15:05:41	23	17	6	True	True
21503	marclaval	2018-01-12 14:05:13	marclaval	2018-01-12 13:59:50	10	10	0	True	True
21502	marclaval	2018-01-12 13:24:47	marclaval	2018-01-12 13:17:44	6	6	0	True	True
21494	IgorMinar	2018-01-12 00:47:00	IgorMinar	2018-01-12 00:45:24	27	13	14	True	True
21492	alexeagle	2018-01-11 22:35:48	alexeagle	2018-01-11 22:31:11	27	15	12	True	True
21489	ocombe	2018-01-11 21:20:36	ocombe	2018-01-11 21:19:28	52	52	0	True	True
21488	alexeagle	2018-01-11 21:10:04	alexeagle	2018-01-11 21:09:21	27	15	12	True	True
21487	kapunahelewong	2018-01-11 20:47:45	kapunahelewong	2018-01-11 20:38:51	12	9	3	True	True
21487	kapunahelewong	2018-01-11 20:47:45	kapunahelewong	2018-01-17 15:23:19	6	3	3	False	True
21484	kara	2018-01-11 19:51:09	kara	2018-01-11 19:45:08	105	44	61	True	True
21479	kara	2018-01-11 19:24:08	kara	2018-01-11 19:15:28	1579	743	836	True	True
21477	marclaval	2018-01-11 17:53:37	marclaval	2018-01-11 17:46:11	2	1	1	True	True
21476	divdavem	2018-01-11 17:53:06	divdavem	2018-01-11 17:40:03	22	13	9	True	True
21475	kapunahelewong	2018-01-11 16:13:07	kapunahelewong	2018-01-11 16:09:23	10	5	5	True	True
21474	ocombe	2018-01-11 15:12:58	ocombe	2018-01-11 15:12:16	2	1	1	True	True
21470	gkalpak	2018-01-11 13:42:26	gkalpak	2018-01-11 13:40:27	4	3	1	True	True
21469	ocombe	2018-01-11 13:06:17	ocombe	2018-01-11 13:04:46	2	1	1	True	True
21465	SangKa	2018-01-11 07:39:23	SangKa	2018-01-11 07:38:05	2	1	1	True	True
21463	kara	2018-01-11 04:34:26	kara	2018-01-11 02:19:16	236	128	108	True	True
21461	kara	2018-01-11 00:47:59	kara	2018-01-11 00:45:31	6	3	3	True	True
21460	chuckjaz	2018-01-11 00:21:23	chuckjaz	2018-01-11 00:18:26	3	3	0	True	True
21454	camilogiraldo	2018-01-10 20:53:59	Juan Camilo Giraldo Chaverra	2018-01-11 15:46:20	2	1	1	False	True
21454	camilogiraldo	2018-01-10 20:53:59	camilogiraldo	2018-03-06 02:26:57	4	2	2	False	True
21453	alexeagle	2018-01-10 20:48:26	alexeagle	2018-01-10 20:48:01	21	6	15	True	True
21450	matsko	2018-01-10 18:51:06	matsko	2018-01-10 18:50:01	1	1	0	True	True
21449	kara	2018-01-10 18:38:30	kara	2018-01-10 18:36:32	6	6	0	True	True
21448	chuckjaz	2018-01-10 17:57:55	chuckjaz	2018-01-10 17:55:03	19	18	1	True	True
21438	alan-agius4	2018-01-10 09:45:10	alan-agius4	2018-01-10 09:45:05	4	2	2	True	True
21436	mhevery	2018-01-10 08:08:45	mhevery	2018-01-10 08:07:55	110	109	1	True	True
21435	IgorMinar	2018-01-10 05:38:41	IgorMinar	2018-01-10 05:34:13	48	18	30	True	True
21433	kara	2018-01-10 02:56:38	kara	2018-01-10 02:38:17	1578	835	743	True	True
21431	IgorMinar	2018-01-10 00:53:18	alexeagle	2018-01-25 16:13:07	100	17	83	False	True
21431	IgorMinar	2018-01-10 00:53:18	IgorMinar	2018-01-25 02:44:37	48	37	11	False	True
21431	IgorMinar	2018-01-10 00:53:18	alexeagle	2018-01-25 01:25:14	209	135	74	False	True
21431	IgorMinar	2018-01-10 00:53:18	alexeagle	2018-01-25 00:04:26	42	38	4	False	True
21431	IgorMinar	2018-01-10 00:53:18	alexeagle	2018-01-25 16:23:29	18	9	9	False	True
21431	IgorMinar	2018-01-10 00:53:18	alexeagle	2018-02-07 23:51:31	6	3	3	False	True
21431	IgorMinar	2018-01-10 00:53:18	alexeagle	2018-02-07 16:45:01	55	36	19	False	True
21431	IgorMinar	2018-01-10 00:53:18	alexeagle	2018-01-25 15:45:27	10	6	4	False	True
21431	IgorMinar	2018-01-10 00:53:18	IgorMinar	2018-02-08 01:20:30	23	21	2	False	True
21431	IgorMinar	2018-01-10 00:53:18	alexeagle	2018-02-06 22:15:28	118	29	89	False	True
21431	IgorMinar	2018-01-10 00:53:18	IgorMinar	2018-01-24 14:53:52	128	108	20	False	True
21431	IgorMinar	2018-01-10 00:53:18	alexeagle	2018-02-07 16:38:04	55	27	28	False	True
21431	IgorMinar	2018-01-10 00:53:18	alexeagle	2018-01-24 20:44:19	34	26	8	False	True
21431	IgorMinar	2018-01-10 00:53:18	alexeagle	2018-01-24 20:29:03	86	44	42	False	True
21431	IgorMinar	2018-01-10 00:53:18	alexeagle	2018-01-24 19:47:08	115	71	44	False	True
21431	IgorMinar	2018-01-10 00:53:18	alexeagle	2018-01-24 18:39:17	120	73	47	False	True
21431	IgorMinar	2018-01-10 00:53:18	IgorMinar	2018-01-20 00:22:46	805	746	59	False	True
21431	IgorMinar	2018-01-10 00:53:18	alexeagle	2018-01-24 05:18:15	19	11	8	False	True
21431	IgorMinar	2018-01-10 00:53:18	alexeagle	2018-01-24 04:58:04	72	46	26	False	True
21431	IgorMinar	2018-01-10 00:53:18	alexeagle	2018-01-24 22:08:40	10	1	9	False	True
21431	IgorMinar	2018-01-10 00:53:18	alexeagle	2018-01-24 18:11:55	89	54	35	False	True
21431	IgorMinar	2018-01-10 00:53:18	alexeagle	2018-01-24 22:41:49	105	63	42	False	True
21431	IgorMinar	2018-01-10 00:53:18	alexeagle	2018-01-24 23:22:37	102	60	42	False	True
21431	IgorMinar	2018-01-10 00:53:18	alexeagle	2018-01-24 23:54:15	39	33	6	False	True
21430	alxhub	2018-01-09 23:46:49	alxhub	2018-01-17 17:45:40	315	168	147	False	True
21430	alxhub	2018-01-09 23:46:49	alxhub	2018-01-17 18:09:05	514	457	57	False	True
21430	alxhub	2018-01-09 23:46:49	alxhub	2018-01-17 17:21:25	6	3	3	False	True
21428	mhevery	2018-01-09 21:46:32	mhevery	2018-01-09 21:46:19	29	20	9	True	True
21427	chuckjaz	2018-01-09 21:32:50	chuckjaz	2017-11-20 18:21:17	1531	1484	47	True	True
21425	kapunahelewong	2018-01-09 20:07:50	kapunahelewong	2018-01-09 20:01:10	2	0	2	True	True
21423	jasonaden	2018-01-09 19:32:24	jasonaden	2018-01-09 19:31:41	1339	1339	0	True	True
21423	jasonaden	2018-01-09 19:32:24	jasonaden	2018-02-26 18:13:22	38	0	38	False	True
21422	gkalpak	2018-01-09 18:56:26	gkalpak	2018-01-09 18:55:02	4	3	1	True	True
21421	kapunahelewong	2018-01-09 18:40:38	kapunahelewong	2018-01-09 18:30:46	4	2	2	True	True
21417	alxhub	2018-01-09 16:49:43	alxhub	2018-01-09 16:25:01	49	36	13	True	True
21416	gkalpak	2018-01-09 15:50:05	gkalpak	2018-01-09 15:41:00	13	10	3	True	True
21414	lacolaco	2018-01-09 14:18:03	lacolaco	2018-01-10 10:52:09	13	12	1	False	True
21411	Manduro	2018-01-09 13:43:04	Manduro	2018-02-23 08:48:19	38	34	4	False	True
21406	ocombe	2018-01-09 10:03:06	ocombe	2018-01-09 10:02:03	28	24	4	True	True
21403	kara	2018-01-09 04:58:04	kara	2018-01-09 04:17:13	754	369	385	True	True
21401	alexeagle	2018-01-08 22:07:32	alexeagle	2018-01-08 22:07:18	17	17	0	True	True
21399	alexeagle	2018-01-08 20:27:44	alexeagle	2018-01-08 20:24:49	4	3	1	True	True
21396	alxhub	2018-01-08 19:27:24	alxhub	2018-01-08 19:22:15	28	27	1	True	True
21395	kara	2018-01-08 19:20:17	kara	2018-01-08 19:18:39	6	3	3	True	True
21394	kara	2018-01-08 19:16:20	kara	2018-01-08 19:15:11	6	3	3	True	True
21383	BrianDGLS	2018-01-08 12:17:05	BrianDGLS	2018-01-08 12:14:49	5	2	3	True	True
21379	ocombe	2018-01-08 09:13:12	ocombe	2018-01-08 09:10:50	4	2	2	True	True
21378	maxkoretskyi	2018-01-08 09:11:56	maxkoretskyi	2018-01-12 06:18:04	2	1	1	False	True
21374	mhevery	2018-01-08 05:23:01	mhevery	2018-01-09 21:32:24	106	15	91	False	True
21374	mhevery	2018-01-08 05:23:01	mhevery	2018-01-10 00:43:12	320	108	212	False	True
21374	mhevery	2018-01-08 05:23:01	mhevery	2018-01-09 05:57:50	902	397	505	False	True
21374	mhevery	2018-01-08 05:23:01	mhevery	2018-01-09 06:06:19	266	266	0	False	True
21372	frederikprijck	2018-01-07 21:53:13	frederikprijck	2018-01-07 21:51:48	12	6	6	True	True
21371	petebacondarwin	2018-01-07 21:41:46	petebacondarwin	2018-01-11 13:56:01	394	379	15	False	True
21364	alippai	2018-01-07 10:28:33	alippai	2018-01-07 10:28:24	2	1	1	True	True
21360	VadimDez	2018-01-06 22:55:26	VadimDez	2018-01-06 22:54:04	3	3	0	True	True
21359	chuckjaz	2018-01-06 18:45:27	chuckjaz	2018-01-06 18:39:39	10	10	0	True	True
21351	IgorMinar	2018-01-06 03:12:58	gkalpak	2018-01-10 12:04:41	14	7	7	False	True
21351	IgorMinar	2018-01-06 03:12:58	IgorMinar	2018-01-10 06:18:58	80	40	40	False	True
21351	IgorMinar	2018-01-06 03:12:58	IgorMinar	2018-01-10 08:21:33	9	6	3	False	True
21351	IgorMinar	2018-01-06 03:12:58	IgorMinar	2018-01-06 03:49:50	99	50	49	False	True
21351	IgorMinar	2018-01-06 03:12:58	IgorMinar	2018-01-06 03:49:18	2	1	1	False	True
21350	IgorMinar	2018-01-06 02:08:38	IgorMinar	2018-01-06 02:02:16	224	117	107	True	True
21350	IgorMinar	2018-01-06 02:08:38	IgorMinar	2018-01-08 08:14:43	14	7	7	False	True
21349	IgorMinar	2018-01-06 01:54:20	IgorMinar	2018-01-06 01:53:29	18	9	9	True	True
21346	kara	2018-01-05 23:45:44	kara	2018-01-05 23:44:45	7	6	1	True	True
21345	IgorMinar	2018-01-05 23:30:57	IgorMinar	2018-01-06 00:14:24	34	32	2	False	True
21345	IgorMinar	2018-01-05 23:30:57	IgorMinar	2018-01-05 23:27:22	4	2	2	True	True
21344	IgorMinar	2018-01-05 23:29:38	IgorMinar	2018-01-06 00:15:14	34	32	2	False	True
21344	IgorMinar	2018-01-05 23:29:38	IgorMinar	2018-01-05 23:27:22	2	1	1	True	True
21343	kara	2018-01-05 23:12:22	kara	2018-01-05 23:10:39	2	1	1	True	True
21342	petebacondarwin	2018-01-05 23:01:30	petebacondarwin	2018-01-10 10:41:15	392	198	194	False	True
21340	kara	2018-01-05 21:29:02	kara	2018-01-05 21:27:40	2	1	1	True	True
21337	kyliau	2018-01-05 20:40:33	kyliau	2018-01-05 20:33:26	32	26	6	True	True
21335	alexeagle	2018-01-05 19:40:56	alexeagle	2018-01-05 18:53:55	168	120	48	True	True
21334	IgorMinar	2018-01-05 18:29:16	IgorMinar	2018-01-05 18:29:09	2	0	2	True	True
21333	sreevani-ship-it	2018-01-05 16:18:42	sreevani-ship-it	2018-01-05 16:10:35	326	323	3	True	True
21326	wardbell	2018-01-05 09:55:59	wardbell	2018-01-05 09:46:55	4031	2938	1093	True	True
21325	strogonoff	2018-01-05 09:40:55	strogonoff	2018-01-05 09:36:47	2	1	1	True	True
21320	alexeagle	2018-01-05 00:05:56	alexeagle	2017-12-22 23:12:32	8	7	1	True	True
21314	mhevery	2018-01-04 19:30:26	mhevery	2018-01-04 19:29:55	1	1	0	True	True
21310	ukrukarg	2018-01-04 16:47:15	ukrukarg	2018-01-04 16:25:53	2	1	1	True	True
21310	ukrukarg	2018-01-04 16:47:15	ukrukarg	2018-01-04 16:25:53	46	43	3	True	True
21310	ukrukarg	2018-01-04 16:47:15	ukrukarg	2018-01-04 16:25:53	12	6	6	True	True
21309	petebacondarwin	2018-01-04 16:21:50	petebacondarwin	2018-01-04 16:21:07	6	5	1	True	True
21305	IgorMinar	2018-01-04 14:01:47	IgorMinar	2018-01-04 13:59:34	5	3	2	True	True
21299	trotyl	2018-01-04 07:38:28	trotyl	2018-01-04 07:35:57	13	10	3	True	True
21297	lalithpolepeddi	2018-01-03 22:52:30	lalithpolepeddi	2018-01-03 22:43:46	6	6	0	True	True
21295	mhevery	2018-01-03 22:15:01	mhevery	2018-01-03 22:14:33	2	1	1	True	True
21294	courtneypattison	2018-01-03 21:50:58	courtneypattison	2018-01-03 21:45:17	2	1	1	True	True
21293	gkalpak	2018-01-03 21:48:08	gkalpak	2018-01-03 21:42:55	27	22	5	True	True
21291	Foxandxss	2018-01-03 20:54:49	Foxandxss	2018-01-03 20:53:22	1	1	0	True	True
21290	alexeagle	2018-01-03 19:57:13	alexeagle	2018-01-03 21:54:04	2	1	1	False	True
21288	alxhub	2018-01-03 19:26:20	alxhub	2018-01-02 20:42:39	116	100	16	True	True
21281	albohlabs	2018-01-03 12:06:02	albohlabs	2018-01-03 12:01:09	11	11	0	True	True
21279	marclaval	2018-01-03 09:50:16	marclaval	2018-01-03 10:42:48	47	29	18	False	True
21279	marclaval	2018-01-03 09:50:16	marclaval	2018-01-03 13:05:33	10	6	4	False	True
21279	marclaval	2018-01-03 09:50:16	marclaval	2018-01-03 09:45:09	36	24	12	True	True
21275	zhilich	2018-01-03 04:32:21	zhilich	2018-01-03 04:30:26	2	1	1	True	True
21266	kara	2018-01-02 23:02:43	kara	2017-12-23 00:41:34	488	439	49	True	True
21264	frederikprijck	2018-01-02 21:56:59	frederikprijck	2018-01-02 21:56:20	6	3	3	True	True
21259	courtneypattison	2018-01-02 17:55:27	courtneypattison	2018-01-02 17:49:49	4	4	0	True	True
21256	alx1417	2018-01-02 15:11:58	Alex Nuñez	2018-01-02 14:55:31	45	45	0	True	True
21256	alx1417	2018-01-02 15:11:58	Alex Nuñez	2018-01-02 16:32:25	33	17	16	False	True
21254	yazumoto	2018-01-02 14:20:26	yazumoto	2018-01-02 14:17:52	2	1	1	True	True
21250	ocombe	2018-01-02 10:22:15	ocombe	2018-01-02 10:19:16	61	54	7	True	True
