pr_number	author_user_login	pr_created_at	commit_user_login	commit_created_at	commit_status_total	commit_status_additions	commit_status_deletions	create_before_pr	is_review_commit
41033	petebacondarwin	2021-02-28 18:21:27	petebacondarwin	2021-02-28 18:19:43	75	61	14	True	True
41033	petebacondarwin	2021-02-28 18:21:27	petebacondarwin	2021-03-01 15:29:23	31	19	12	False	True
41031	AlexejTimonin	2021-02-27 21:35:28	AlexejTimonin	2021-02-27 21:14:59	5	3	2	True	True
41027	satanTime	2021-02-27 18:38:37	satanTime	2021-02-27 18:33:14	6	6	0	True	True
41026	crisbeto	2021-02-27 10:54:01	crisbeto	2021-03-05 18:40:38	3	1	2	False	True
41026	crisbeto	2021-02-27 10:54:01	crisbeto	2021-02-27 13:49:34	793	792	1	False	True
41026	crisbeto	2021-02-27 10:54:01	crisbeto	2021-03-02 16:49:32	67	38	29	False	True
41026	crisbeto	2021-02-27 10:54:01	crisbeto	2021-03-05 17:23:26	110	44	66	False	True
41023	josephperrott	2021-02-27 00:36:33	josephperrott	2021-02-27 00:34:27	8	8	0	True	True
41022	petebacondarwin	2021-02-26 21:39:53	petebacondarwin	2021-02-25 13:48:39	63	37	26	True	True
41022	petebacondarwin	2021-02-26 21:39:53	petebacondarwin	2021-02-26 19:21:29	1274	833	441	True	True
41021	alxhub	2021-02-26 19:58:16	alxhub	2021-02-26 19:55:19	106	81	25	True	True
41020	zarend	2021-02-26 18:23:48	zarend	2021-02-26 18:19:00	3	2	1	True	True
41016	theoklitosBam7	2021-02-26 14:54:51	theoklitosBam7	2021-02-26 14:53:06	2	1	1	True	True
41010	cesperian	2021-02-26 07:55:15	cesperian	2021-02-26 12:05:55	6	4	2	False	True
41010	cesperian	2021-02-26 07:55:15	cesperian	2021-02-26 12:05:55	2	1	1	False	True
41010	cesperian	2021-02-26 07:55:15	cesperian	2021-02-26 07:52:14	14	14	0	True	True
41008	BBlackwo	2021-02-26 06:33:17	BBlackwo	2021-02-26 06:27:56	11	11	0	True	True
41005	ivanwonder	2021-02-26 02:59:46	ivanwonder	2021-02-26 02:51:41	42	40	2	True	True
41004	alxhub	2021-02-26 00:58:55	alxhub	2021-02-26 00:55:32	644	644	0	True	True
41001	arturovt	2021-02-25 21:02:18	arturovt	2021-02-25 21:01:02	43	40	3	True	True
41000	josephperrott	2021-02-25 20:35:08	josephperrott	2021-02-25 20:31:34	41	40	1	True	True
40999	josephperrott	2021-02-25 19:35:58	josephperrott	2021-02-26 17:27:53	13	8	5	False	True
40995	gkapris	2021-02-25 17:12:53	gkapris	2021-02-25 17:09:07	4	2	2	True	True
40994	gkalpak	2021-02-25 17:07:23	gkalpak	2021-03-01 11:25:37	2350	1251	1099	False	True
40994	gkalpak	2021-02-25 17:07:23	gkalpak	2021-03-01 11:22:13	31	10	21	False	True
40992	cesperian	2021-02-25 11:47:21	cesperian	2021-02-25 11:45:05	29	0	29	True	True
40991	cexbrayat	2021-02-25 10:16:01	cexbrayat	2021-01-20 17:13:00	40	13	27	True	True
40989	JiaLiPassion	2021-02-25 01:44:49	JiaLiPassion	2021-02-25 01:39:10	99	96	3	True	True
40987	twerske	2021-02-24 21:06:02	twerske	2021-02-26 17:21:54	23	20	3	False	True
40986	abarghoud	2021-02-24 19:40:38	abarghoud	2021-02-24 19:29:09	14	9	5	True	True
40985	gkalpak	2021-02-24 18:48:29	gkalpak	2021-02-25 14:27:37	20	10	10	False	True
40985	gkalpak	2021-02-24 18:48:29	gkalpak	2021-02-25 09:36:17	94	87	7	False	True
40984	atscott	2021-02-24 18:07:22	atscott	2021-02-24 18:06:39	10	0	10	True	True
40983	atscott	2021-02-24 17:53:15	atscott	2021-02-24 17:53:10	24	23	1	True	True
40982	atscott	2021-02-24 17:45:48	atscott	2021-02-24 17:45:16	9	9	0	True	True
40981	atscott	2021-02-24 17:33:24	atscott	2021-02-24 17:33:17	11	10	1	True	True
40976	petebacondarwin	2021-02-24 10:37:58	petebacondarwin	2021-02-24 16:49:44	71	47	24	False	True
40976	petebacondarwin	2021-02-24 10:37:58	petebacondarwin	2021-02-24 10:36:16	420	283	137	True	True
40972	josephperrott	2021-02-23 22:40:01	josephperrott	2021-02-23 22:38:55	174	83	91	True	True
40970	cfsamson	2021-02-23 21:06:23	cfsamson	2021-02-23 19:27:02	4	2	2	True	True
40968	kyliau	2021-02-23 19:22:16	kyliau	2021-02-22 22:14:31	13	9	4	True	True
40968	kyliau	2021-02-23 19:22:16	kyliau	2021-02-22 22:13:43	4	2	2	True	True
40967	kyliau	2021-02-23 19:16:27	kyliau	2021-02-23 18:51:23	54	48	6	True	True
40966	atscott	2021-02-23 19:01:35	atscott	2021-02-08 17:54:28	161	91	70	True	True
40966	atscott	2021-02-23 19:01:35	atscott	2021-02-08 23:23:41	959	523	436	True	True
40966	atscott	2021-02-23 19:01:35	alxhub	2021-02-02 22:20:40	38	13	25	True	True
40966	atscott	2021-02-23 19:01:35	atscott	2021-02-05 01:45:51	326	163	163	True	True
40966	atscott	2021-02-23 19:01:35	atscott	2021-02-10 20:35:42	435	0	435	True	True
40966	atscott	2021-02-23 19:01:35	atscott	2021-02-08 18:11:39	99	72	27	True	True
40966	atscott	2021-02-23 19:01:35	atscott	2021-02-23 21:22:37	58	27	31	False	True
40966	atscott	2021-02-23 19:01:35	atscott	2021-02-08 19:25:48	80	53	27	True	True
40966	atscott	2021-02-23 19:01:35	atscott	2021-02-08 18:43:21	181	102	79	True	True
40966	atscott	2021-02-23 19:01:35	atscott	2021-02-08 19:14:16	65	33	32	True	True
40964	kapunahelewong	2021-02-23 14:47:42	kapunahelewong	2021-02-23 14:42:58	12	6	6	True	True
40962	JiaLiPassion	2021-02-23 13:54:49	JiaLiPassion	2021-02-23 13:45:03	784	461	323	True	True
40962	JiaLiPassion	2021-02-23 13:54:49	JiaLiPassion	2021-03-10 02:38:28	319	272	47	False	True
40958	solos	2021-02-23 05:48:39	solos	2021-02-23 05:41:40	64	64	0	True	True
40958	solos	2021-02-23 05:48:39	solos	2021-02-24 02:48:02	20	13	7	False	True
40956	atscott	2021-02-22 23:47:41	atscott	2021-02-22 23:29:28	39	21	18	True	True
40955	josephperrott	2021-02-22 22:42:26	josephperrott	2021-02-22 22:27:30	28	20	8	True	True
40954	kyliau	2021-02-22 22:18:06	kyliau	2021-02-22 22:13:43	4	2	2	True	True
40954	kyliau	2021-02-22 22:18:06	kyliau	2021-02-22 22:14:31	13	9	4	True	True
40953	atscott	2021-02-22 22:08:27	atscott	2021-02-22 22:07:50	17	17	0	True	True
40952	petebacondarwin	2021-02-22 21:56:12	gkalpak	2021-02-23 18:25:11	35	29	6	False	True
40952	petebacondarwin	2021-02-22 21:56:12	petebacondarwin	2021-02-22 21:42:06	302	178	124	True	True
40952	petebacondarwin	2021-02-22 21:56:12	petebacondarwin	2021-02-22 21:58:27	2	1	1	False	True
40951	atscott	2021-02-22 21:44:18	atscott	2021-02-22 21:44:12	20	19	1	True	True
40950	alxhub	2021-02-22 21:23:37	alxhub	2021-02-22 21:21:46	23	19	4	True	True
40948	JoostK	2021-02-22 20:36:58	JoostK	2021-02-15 21:28:19	245	162	83	True	True
40948	JoostK	2021-02-22 20:36:58	JoostK	2021-02-15 20:21:37	57	26	31	True	True
40947	JoostK	2021-02-22 20:04:48	JoostK	2021-03-06 01:14:37	50	45	5	False	True
40947	JoostK	2021-02-22 20:04:48	JoostK	2020-11-20 20:18:46	5591	5213	378	True	True
40946	atscott	2021-02-22 19:50:22	atscott	2021-02-22 19:12:09	177	145	32	True	True
40945	gkalpak	2021-02-22 19:26:19	gkalpak	2021-02-22 17:30:05	4	2	2	True	True
40945	gkalpak	2021-02-22 19:26:19	gkalpak	2021-02-22 17:22:22	6	6	0	True	True
40945	gkalpak	2021-02-22 19:26:19	gkalpak	2021-02-22 14:21:11	1195	576	619	True	True
40944	gkalpak	2021-02-22 19:19:30	gkalpak	2021-02-23 14:49:19	16	12	4	False	True
40944	gkalpak	2021-02-22 19:19:30	gkalpak	2021-02-23 14:49:20	46	13	33	False	True
40944	gkalpak	2021-02-22 19:19:30	gkalpak	2021-02-23 14:49:19	83	45	38	False	True
40944	gkalpak	2021-02-22 19:19:30	gkalpak	2021-02-23 15:28:20	8	6	2	False	True
40944	gkalpak	2021-02-22 19:19:30	gkalpak	2021-02-23 14:49:20	11	2	9	False	True
40944	gkalpak	2021-02-22 19:19:30	gkalpak	2021-02-23 14:49:19	20	10	10	False	True
40944	gkalpak	2021-02-22 19:19:30	gkalpak	2021-02-23 14:49:19	1	1	0	False	True
40944	gkalpak	2021-02-22 19:19:30	gkalpak	2021-02-23 14:49:03	2	1	1	False	True
40944	gkalpak	2021-02-22 19:19:30	gkalpak	2021-02-23 14:49:19	13	12	1	False	True
40944	gkalpak	2021-02-22 19:19:30	gkalpak	2021-02-23 14:49:12	5	3	2	False	True
40944	gkalpak	2021-02-22 19:19:30	gkalpak	2021-02-23 14:49:18	35	15	20	False	True
40944	gkalpak	2021-02-22 19:19:30	gkalpak	2021-02-23 14:49:04	8	5	3	False	True
40944	gkalpak	2021-02-22 19:19:30	gkalpak	2021-02-23 14:49:04	44	1	43	False	True
40942	cfsamson	2021-02-22 16:20:41	cfsamson	2021-02-22 16:03:02	2	1	1	True	True
40932	crisbeto	2021-02-21 11:15:34	crisbeto	2021-02-21 11:31:37	284	158	126	False	True
40930	petebacondarwin	2021-02-20 16:31:40	petebacondarwin	2021-02-25 13:30:42	2	1	1	False	True
40930	petebacondarwin	2021-02-20 16:31:40	petebacondarwin	2021-02-23 16:47:52	34	9	25	False	True
40930	petebacondarwin	2021-02-20 16:31:40	petebacondarwin	2021-02-25 13:31:05	8	4	4	False	True
40930	petebacondarwin	2021-02-20 16:31:40	petebacondarwin	2021-02-20 16:23:46	11	11	0	True	True
40930	petebacondarwin	2021-02-20 16:31:40	petebacondarwin	2021-02-20 16:30:31	79	63	16	True	True
40930	petebacondarwin	2021-02-20 16:31:40	petebacondarwin	2021-02-23 16:27:35	20	10	10	False	True
40929	petebacondarwin	2021-02-20 13:03:04	petebacondarwin	2021-02-18 22:20:45	33	32	1	True	True
40928	crisbeto	2021-02-20 09:30:24	crisbeto	2021-02-20 09:29:35	8	4	4	True	True
40925	dalejodc	2021-02-19 21:24:44	dalejodc	2021-02-19 21:17:11	70	35	35	True	True
40924	moluwole	2021-02-19 20:54:11	moluwole	2021-02-19 20:52:25	17	17	0	True	True
40922	ahasall	2021-02-19 13:49:41	ahasall	2021-02-19 13:46:01	2	1	1	True	True
40920	alan-agius4	2021-02-19 12:16:15	alan-agius4	2021-02-19 12:15:52	2	1	1	True	True
40915	arturovt	2021-02-18 23:39:39	arturovt	2021-02-18 23:32:22	436	420	16	True	True
40914	kapunahelewong	2021-02-18 22:08:16	kapunahelewong	2021-06-09 17:39:24	395	179	216	False	True
40914	kapunahelewong	2021-02-18 22:08:16	gkalpak	2021-06-10 09:09:20	61	36	25	False	True
40911	arturovt	2021-02-18 18:55:01	arturovt	2021-02-18 18:53:57	50	37	13	True	True
40909	aikithoughts	2021-02-18 17:15:42	aikithoughts	2021-02-18 17:12:23	1	1	0	True	True
40901	AndrewKushnir	2021-02-18 06:20:08	AndrewKushnir	2021-02-18 06:14:52	6	5	1	True	True
40897	cesperian	2021-02-18 05:13:13	cesperian	2021-03-04 03:52:09	2	1	1	False	True
40897	cesperian	2021-02-18 05:13:13	cesperian	2021-02-18 05:10:23	10	6	4	True	True
40897	cesperian	2021-02-18 05:13:13	cesperian	2021-03-04 03:52:09	6	3	3	False	True
40895	josephperrott	2021-02-17 22:49:14	josephperrott	2021-02-17 22:45:19	8	4	4	True	True
40894	kapunahelewong	2021-02-17 22:08:13	kapunahelewong	2021-02-17 22:06:24	2	1	1	True	True
40892	aikithoughts	2021-02-17 20:51:26	aikithoughts	2021-02-17 20:49:56	4	2	2	True	True
40891	petebacondarwin	2021-02-17 20:48:48	petebacondarwin	2021-02-17 20:45:56	6	3	3	True	True
40890	kapunahelewong	2021-02-17 19:23:15	kapunahelewong	2021-02-12 20:57:24	63	43	20	True	True
40889	josephperrott	2021-02-17 18:38:55	josephperrott	2021-02-17 18:38:49	38	37	1	True	True
40887	josephperrott	2021-02-17 18:21:17	josephperrott	2021-02-17 18:21:12	18	17	1	True	True
40885	gkalpak	2021-02-17 14:24:41	gkalpak	2021-02-17 14:15:44	52	30	22	True	True
40885	gkalpak	2021-02-17 14:24:41	gkalpak	2021-02-17 14:15:45	3695	1934	1761	True	True
40885	gkalpak	2021-02-17 14:24:41	gkalpak	2021-02-17 14:15:45	58	29	29	True	True
40883	dimakuba	2021-02-17 12:47:33	dimakuba	2021-02-17 14:34:09	18	0	18	False	True
40883	dimakuba	2021-02-17 12:47:33	dimakuba	2021-02-17 12:42:41	8	0	8	True	True
40882	gkalpak	2021-02-17 11:32:38	gkalpak	2021-10-27 10:17:34	4	3	1	False	True
40882	gkalpak	2021-02-17 11:32:38	gkalpak	2021-10-27 13:32:35	29	19	10	False	True
40882	gkalpak	2021-02-17 11:32:38	gkalpak	2021-10-27 10:17:36	173	136	37	False	True
40882	gkalpak	2021-02-17 11:32:38	gkalpak	2021-10-27 13:24:56	184	172	12	False	True
40882	gkalpak	2021-02-17 11:32:38	gkalpak	2021-10-27 10:17:34	43	39	4	False	True
40882	gkalpak	2021-02-17 11:32:38	gkalpak	2021-10-27 10:17:35	112	83	29	False	True
40882	gkalpak	2021-02-17 11:32:38	gkalpak	2021-10-27 10:17:35	255	255	0	False	True
40882	gkalpak	2021-02-17 11:32:38	gkalpak	2021-10-27 10:17:36	23	15	8	False	True
40882	gkalpak	2021-02-17 11:32:38	gkalpak	2021-10-27 10:17:34	21	9	12	False	True
40882	gkalpak	2021-02-17 11:32:38	gkalpak	2021-10-27 10:17:35	63	38	25	False	True
40882	gkalpak	2021-02-17 11:32:38	gkalpak	2021-10-27 10:17:38	19	19	0	False	True
40882	gkalpak	2021-02-17 11:32:38	gkalpak	2021-10-27 10:17:38	318	199	119	False	True
40882	gkalpak	2021-02-17 11:32:38	gkalpak	2021-10-27 10:17:38	83	51	32	False	True
40882	gkalpak	2021-02-17 11:32:38	gkalpak	2021-10-27 10:17:36	489	381	108	False	True
40882	gkalpak	2021-02-17 11:32:38	gkalpak	2021-10-27 10:17:38	109	98	11	False	True
40882	gkalpak	2021-02-17 11:32:38	gkalpak	2021-10-27 11:24:11	80	60	20	False	True
40882	gkalpak	2021-02-17 11:32:38	gkalpak	2021-10-27 10:17:37	114	63	51	False	True
40882	gkalpak	2021-02-17 11:32:38	gkalpak	2021-10-27 10:17:37	197	188	9	False	True
40881	gkalpak	2021-02-17 10:38:31	gkalpak	2021-02-18 16:42:48	4	3	1	False	True
40881	gkalpak	2021-02-17 10:38:31	gkalpak	2021-02-18 16:42:48	6	5	1	False	True
40881	gkalpak	2021-02-17 10:38:31	gkalpak	2021-02-18 16:42:49	13	8	5	False	True
40881	gkalpak	2021-02-17 10:38:31	gkalpak	2021-02-18 16:42:46	26	11	15	False	True
40881	gkalpak	2021-02-17 10:38:31	gkalpak	2021-02-18 16:47:45	71	33	38	False	True
40881	gkalpak	2021-02-17 10:38:31	gkalpak	2021-02-18 16:42:45	48	24	24	False	True
40881	gkalpak	2021-02-17 10:38:31	gkalpak	2021-02-18 16:42:48	82	63	19	False	True
40881	gkalpak	2021-02-17 10:38:31	gkalpak	2021-02-18 16:42:47	7	1	6	False	True
40881	gkalpak	2021-02-17 10:38:31	gkalpak	2021-02-18 16:42:46	2	1	1	False	True
40881	gkalpak	2021-02-17 10:38:31	gkalpak	2021-02-18 16:42:49	44	32	12	False	True
40881	gkalpak	2021-02-17 10:38:31	gkalpak	2021-02-18 16:42:45	1	1	0	False	True
40881	gkalpak	2021-02-17 10:38:31	gkalpak	2021-02-18 16:42:50	12	4	8	False	True
40881	gkalpak	2021-02-17 10:38:31	gkalpak	2021-02-18 16:50:04	8	4	4	False	True
40881	gkalpak	2021-02-17 10:38:31	gkalpak	2021-02-18 16:42:49	13	5	8	False	True
40881	gkalpak	2021-02-17 10:38:31	gkalpak	2021-02-18 16:42:47	14	0	14	False	True
40881	gkalpak	2021-02-17 10:38:31	gkalpak	2021-02-18 16:42:46	45	32	13	False	True
40881	gkalpak	2021-02-17 10:38:31	gkalpak	2021-02-18 16:49:12	80	38	42	False	True
40881	gkalpak	2021-02-17 10:38:31	gkalpak	2021-02-18 16:42:50	149	85	64	False	True
40881	gkalpak	2021-02-17 10:38:31	gkalpak	2021-02-18 16:42:50	41	7	34	False	True
40879	dalejodc	2021-02-17 01:34:39	dalejodc	2021-02-16 02:49:25	2	1	1	True	True
40878	DerekRTP	2021-02-16 23:59:49	DerekRTP	2021-02-16 23:55:47	2	1	1	True	True
40876	arturovt	2021-02-16 22:17:48	arturovt	2021-02-16 22:16:13	15	8	7	True	True
40873	ahasall	2021-02-16 17:59:47	ahasall	2021-02-16 17:57:17	2	1	1	True	True
40870	antonkri97	2021-02-16 15:01:14	antonkri97	2021-02-16 14:58:56	61	26	35	True	True
40870	antonkri97	2021-02-16 15:01:14	antonkri97	2021-02-22 14:41:13	66	39	27	False	True
40867	arturovt	2021-02-16 12:44:22	arturovt	2021-02-16 12:42:22	118	86	32	True	True
40863	cesperian	2021-02-16 07:06:04	cesperian	2021-02-16 07:00:24	68	57	11	True	True
40862	dalejodc	2021-02-16 02:42:58	dalejodc	2021-02-16 02:38:06	4	2	2	True	True
40860	arturovt	2021-02-15 21:25:25	arturovt	2021-02-15 21:21:44	105	98	7	True	True
40858	AlexElin	2021-02-15 16:28:03	AlexElin	2021-02-15 16:25:43	4	1	3	True	True
40855	s4m0r4m4	2021-02-15 14:27:30	s4m0r4m4	2021-02-16 12:32:23	4	2	2	False	True
40855	s4m0r4m4	2021-02-15 14:27:30	s4m0r4m4	2021-02-15 14:26:14	3	1	2	True	True
40852	AlexElin	2021-02-15 09:36:38	AlexElin	2021-02-15 09:34:51	12	6	6	True	True
40849	JiaLiPassion	2021-02-15 01:57:42	JiaLiPassion	2021-03-10 14:00:55	28	28	0	False	True
40847	AlexElin	2021-02-14 21:30:30	AlexElin	2021-02-14 21:26:55	2	1	1	True	True
40846	AlexElin	2021-02-14 19:19:08	AlexElin	2021-02-14 18:59:54	4	2	2	True	True
40840	crisbeto	2021-02-14 09:49:33	crisbeto	2021-02-14 09:47:58	131	15	116	True	True
40837	petebacondarwin	2021-02-13 17:19:01	petebacondarwin	2021-02-14 18:33:18	52	26	26	False	True
40837	petebacondarwin	2021-02-13 17:19:01	petebacondarwin	2021-02-13 16:47:30	123	89	34	True	True
40835	petebacondarwin	2021-02-13 13:58:07	petebacondarwin	2021-02-13 13:56:33	2	2	0	True	True
40834	AlexElin	2021-02-13 13:17:26	AlexElin	2021-02-13 13:10:41	14	6	8	True	True
40833	crisbeto	2021-02-13 12:03:52	crisbeto	2021-02-17 10:23:18	73	52	21	False	True
40829	AndrewKushnir	2021-02-13 00:34:04	AndrewKushnir	2021-02-13 00:26:08	202	197	5	True	True
40827	atscott	2021-02-12 18:16:09	atscott	2021-02-17 22:22:52	8	4	4	False	True
40827	atscott	2021-02-12 18:16:09	atscott	2021-02-12 17:45:12	92	84	8	True	True
40824	gkalpak	2021-02-12 10:24:14	gkalpak	2021-02-12 10:23:53	2	1	1	True	True
40823	alan-agius4	2021-02-12 10:17:03	alan-agius4	2021-02-17 07:46:48	55	27	28	False	True
40823	alan-agius4	2021-02-12 10:17:03	alan-agius4	2021-02-15 09:09:12	64	32	32	False	True
40823	alan-agius4	2021-02-12 10:17:03	alan-agius4	2021-02-15 09:08:30	95	51	44	False	True
40817	samhrncir	2021-02-12 02:26:13	samhrncir	2021-02-12 02:25:32	2	1	1	True	True
40816	samhrncir	2021-02-12 01:38:15	samhrncir	2021-02-12 01:37:58	2	2	0	True	True
40815	bjarkler	2021-02-12 00:46:56	bjarkler	2021-02-12 00:16:12	22	17	5	True	True
40814	josephperrott	2021-02-12 00:09:21	josephperrott	2021-02-11 20:52:32	1116	638	478	True	True
40814	josephperrott	2021-02-12 00:09:21	josephperrott	2021-02-11 20:55:33	661	370	291	True	True
40814	josephperrott	2021-02-12 00:09:21	josephperrott	2021-02-11 21:06:09	1667	942	725	True	True
40813	dalejodc	2021-02-11 23:29:09	dalejodc	2021-02-11 23:21:03	8	4	4	True	True
40812	samhrncir	2021-02-11 23:26:27	samhrncir	2021-02-11 23:26:08	4	0	4	True	True
40811	aikithoughts	2021-02-11 22:37:43	aikithoughts	2021-02-08 18:45:18	500	499	1	True	True
40810	josephperrott	2021-02-11 20:31:44	josephperrott	2021-02-11 20:11:49	326	83	243	True	True
40810	josephperrott	2021-02-11 20:31:44	josephperrott	2021-02-11 20:09:30	1419	922	497	True	True
40810	josephperrott	2021-02-11 20:31:44	josephperrott	2021-02-11 20:14:15	137	34	103	True	True
40809	josephperrott	2021-02-11 20:24:05	josephperrott	2021-02-11 20:22:21	7	0	7	True	True
40807	josephperrott	2021-02-11 19:59:46	josephperrott	2021-02-11 19:57:50	603	26	577	True	True
40806	josephperrott	2021-02-11 19:20:55	josephperrott	2021-02-11 19:19:57	429	31	398	True	True
40805	kapunahelewong	2021-02-11 19:13:29	kapunahelewong	2021-02-08 15:05:25	329	167	162	True	True
40804	samhrncir	2021-02-11 17:04:37	samhrncir	2021-02-11 17:04:09	2	1	1	True	True
40803	petebacondarwin	2021-02-11 16:17:36	petebacondarwin	2021-02-11 19:28:38	3	2	1	False	True
40803	petebacondarwin	2021-02-11 16:17:36	petebacondarwin	2021-02-11 14:42:10	310	264	46	True	True
40802	gkalpak	2021-02-11 14:19:35	gkalpak	2021-02-13 14:01:56	22	12	10	False	True
40802	gkalpak	2021-02-11 14:19:35	gkalpak	2021-02-13 14:01:56	4	2	2	False	True
40802	gkalpak	2021-02-11 14:19:35	gkalpak	2021-02-13 14:01:55	3	3	0	False	True
40802	gkalpak	2021-02-11 14:19:35	gkalpak	2021-02-13 14:01:55	2	1	1	False	True
40802	gkalpak	2021-02-11 14:19:35	gkalpak	2021-02-13 14:01:54	6	5	1	False	True
40802	gkalpak	2021-02-11 14:19:35	gkalpak	2021-02-13 14:01:56	56	32	24	False	True
40802	gkalpak	2021-02-11 14:19:35	gkalpak	2021-02-13 14:01:54	1	1	0	False	True
40802	gkalpak	2021-02-11 14:19:35	gkalpak	2021-02-13 14:01:54	18	15	3	False	True
40800	waterplea	2021-02-11 13:36:03	waterplea	2021-02-11 15:51:43	2	1	1	False	True
40800	waterplea	2021-02-11 13:36:03	waterplea	2021-02-11 13:34:14	2	1	1	True	True
40798	JiaLiPassion	2021-02-11 12:27:36	JiaLiPassion	2021-02-11 12:17:31	92	90	2	True	True
40798	JiaLiPassion	2021-02-11 12:27:36	JiaLiPassion	2021-02-11 01:14:29	63	58	5	True	True
40795	josephperrott	2021-02-11 00:18:38	josephperrott	2021-02-11 00:15:08	2	1	1	True	True
40794	josephperrott	2021-02-11 00:03:51	josephperrott	2021-02-11 00:02:34	5	1	4	True	True
40793	josephperrott	2021-02-10 23:27:59	josephperrott	2021-02-10 23:27:54	47	47	0	True	True
40791	josephperrott	2021-02-10 22:46:06	alxhub	2021-02-10 22:04:14	18	18	0	True	True
40790	alxhub	2021-02-10 22:04:22	alxhub	2021-02-10 22:04:14	22	20	2	True	True
40789	petebacondarwin	2021-02-10 21:29:59	petebacondarwin	2021-02-10 21:25:36	2	1	1	True	True
40787	atscott	2021-02-10 20:41:09	atscott	2021-02-10 20:39:31	5	4	1	True	True
40786	ItNoN	2021-02-10 19:54:56	ItNoN	2021-02-10 19:43:50	23	20	3	True	True
40785	josephperrott	2021-02-10 18:33:36	josephperrott	2021-02-10 18:27:59	8	1	7	True	True
40784	nicholasp	2021-02-10 18:13:41	nicholasp	2021-02-10 18:10:45	2	1	1	True	True
40783	mgechev	2021-02-10 17:55:01	mgechev	2021-02-10 17:54:03	13	13	0	True	True
40782	petebacondarwin	2021-02-10 17:53:02	petebacondarwin	2021-02-10 17:51:42	491	416	75	True	True
40775	JiaLiPassion	2021-02-10 00:37:31	JiaLiPassion	2021-02-10 00:35:26	21	20	1	True	True
40774	josephperrott	2021-02-10 00:37:26	josephperrott	2021-02-10 00:48:55	4	2	2	False	True
40771	arturovt	2021-02-09 23:10:04	arturovt	2021-02-09 23:08:48	25	23	2	True	True
40770	jelbourn	2021-02-09 22:22:36	jelbourn	2021-02-09 22:14:07	10	8	2	True	True
40767	ItNoN	2021-02-09 21:15:45	ItNoN	2021-02-09 20:20:03	23	20	3	True	True
40766	kirjs	2021-02-09 19:59:42	AndrewKushnir	2021-02-10 21:41:37	2	1	1	False	True
40766	kirjs	2021-02-09 19:59:42	NothingEverHappens	2021-02-09 19:53:48	166	105	61	True	True
40760	gkalpak	2021-02-09 10:33:22	gkalpak	2021-02-09 10:32:59	2	1	1	True	True
40759	gkalpak	2021-02-09 10:32:12	gkalpak	2021-02-09 10:31:49	2	1	1	True	True
40758	gkalpak	2021-02-09 10:31:03	gkalpak	2021-02-09 10:30:37	2	1	1	True	True
40756	gkalpak	2021-02-08 23:34:49	gkalpak	2021-02-17 14:15:45	3695	1934	1761	False	True
40756	gkalpak	2021-02-08 23:34:49	gkalpak	2021-02-17 14:15:44	52	30	22	False	True
40756	gkalpak	2021-02-08 23:34:49	gkalpak	2021-02-17 14:15:45	60	30	30	False	True
40754	petebacondarwin	2021-02-08 21:32:00	petebacondarwin	2021-02-08 21:29:41	115	110	5	True	True
40746	AlexElin	2021-02-07 21:59:23	AlexElin	2021-02-07 20:54:49	6	3	3	True	True
40741	AlexElin	2021-02-06 19:40:12	AlexElin	2021-02-06 19:38:13	2	1	1	True	True
40740	JoostK	2021-02-06 19:26:07	JoostK	2021-02-08 21:35:35	2	2	0	False	True
40740	JoostK	2021-02-06 19:26:07	JoostK	2021-02-06 19:25:12	67	47	20	True	True
40738	JoostK	2021-02-06 16:21:03	JoostK	2021-02-06 16:20:11	121	7	114	True	True
40737	gkalpak	2021-02-06 14:44:03	gkalpak	2021-02-06 13:59:12	54	53	1	True	True
40735	hilmer-martin	2021-02-06 13:38:25	hilmer-martin	2021-02-08 06:20:07	3	1	2	False	True
40735	hilmer-martin	2021-02-06 13:38:25	hilmer-martin	2021-02-06 13:36:59	2	1	1	True	True
40732	PJoy	2021-02-06 09:29:08	PJoy	2021-02-06 09:25:11	2	1	1	True	True
40731	crisbeto	2021-02-06 09:14:19	crisbeto	2021-02-24 17:38:34	18	11	7	False	True
40731	crisbeto	2021-02-06 09:14:19	crisbeto	2021-02-21 13:17:53	245	158	87	False	True
40726	GChuf	2021-02-05 18:16:39	GChuf	2021-02-05 18:13:21	515	375	140	True	True
40724	petebacondarwin	2021-02-05 13:04:24	petebacondarwin	2021-02-05 12:05:49	72	60	12	True	True
40720	abarghoud	2021-02-05 10:51:18	abarghoud	2021-02-05 10:49:41	5	5	0	True	True
40719	gkalpak	2021-02-05 10:23:44	gkalpak	2021-02-05 10:23:21	2	1	1	True	True
40718	gkalpak	2021-02-05 10:22:38	gkalpak	2021-02-05 10:22:12	2	1	1	True	True
40714	cesperian	2021-02-05 06:14:56	cesperian	2021-02-22 08:12:34	4	2	2	False	True
40714	cesperian	2021-02-05 06:14:56	cesperian	2021-02-22 08:12:34	1	1	0	False	True
40714	cesperian	2021-02-05 06:14:56	cesperian	2021-02-05 06:03:12	148	79	69	True	True
40712	AndrewKushnir	2021-02-05 01:15:26	matsko	2020-02-07 19:57:10	229	224	5	True	True
40711	alxhub	2021-02-04 23:32:07	alxhub	2021-02-08 21:32:04	128	74	54	False	True
40710	josephperrott	2021-02-04 22:49:11	josephperrott	2021-02-04 22:40:21	35	24	11	True	True
40710	josephperrott	2021-02-04 22:49:11	josephperrott	2021-02-04 22:11:53	6	3	3	True	True
40710	josephperrott	2021-02-04 22:49:11	josephperrott	2021-02-04 22:39:32	6	3	3	True	True
40710	josephperrott	2021-02-04 22:49:11	josephperrott	2021-02-04 22:08:26	278	109	169	True	True
40710	josephperrott	2021-02-04 22:49:11	josephperrott	2021-02-04 22:17:17	2	1	1	True	True
40710	josephperrott	2021-02-04 22:49:11	josephperrott	2021-02-04 22:16:34	4	2	2	True	True
40710	josephperrott	2021-02-04 22:49:11	josephperrott	2021-02-04 22:16:15	9	5	4	True	True
40710	josephperrott	2021-02-04 22:49:11	josephperrott	2021-02-04 22:09:42	52	31	21	True	True
40710	josephperrott	2021-02-04 22:49:11	josephperrott	2021-02-04 22:35:14	260	159	101	True	True
40710	josephperrott	2021-02-04 22:49:11	josephperrott	2021-02-04 22:07:18	88	45	43	True	True
40710	josephperrott	2021-02-04 22:49:11	josephperrott	2021-02-04 22:21:38	2	1	1	True	True
40710	josephperrott	2021-02-04 22:49:11	josephperrott	2021-02-09 00:43:48	5	5	0	False	True
40710	josephperrott	2021-02-04 22:49:11	josephperrott	2021-02-04 22:46:29	13	7	6	True	True
40710	josephperrott	2021-02-04 22:49:11	josephperrott	2021-02-04 22:44:18	17	4	13	True	True
40710	josephperrott	2021-02-04 22:49:11	josephperrott	2021-02-04 22:21:09	37	22	15	True	True
40710	josephperrott	2021-02-04 22:49:11	josephperrott	2021-02-04 22:38:25	27	14	13	True	True
40710	josephperrott	2021-02-04 22:49:11	josephperrott	2021-02-04 22:42:42	44	27	17	True	True
40707	ghost	2021-02-04 18:22:23	storm-sergey	2021-02-04 18:22:15	2	1	1	True	True
40706	AndrewKushnir	2021-02-04 17:52:35	AndrewKushnir	2021-02-04 17:49:59	2	2	0	True	True
40704	gkalpak	2021-02-04 15:00:47	gkalpak	2021-02-05 10:48:55	16	0	16	False	True
40704	gkalpak	2021-02-04 15:00:47	gkalpak	2021-02-05 10:49:08	146	74	72	False	True
40704	gkalpak	2021-02-04 15:00:47	gkalpak	2021-02-05 10:48:53	114	57	57	False	True
40704	gkalpak	2021-02-04 15:00:47	gkalpak	2021-02-05 10:48:54	38	9	29	False	True
40704	gkalpak	2021-02-04 15:00:47	gkalpak	2021-02-05 10:48:51	8	0	8	False	True
40704	gkalpak	2021-02-04 15:00:47	gkalpak	2021-02-05 10:48:59	10	0	10	False	True
40704	gkalpak	2021-02-04 15:00:47	gkalpak	2021-02-05 10:48:53	38	18	20	False	True
40704	gkalpak	2021-02-04 15:00:47	gkalpak	2021-02-05 10:49:06	30	14	16	False	True
40704	gkalpak	2021-02-04 15:00:47	gkalpak	2021-02-05 10:49:00	125	69	56	False	True
40704	gkalpak	2021-02-04 15:00:47	gkalpak	2021-02-05 10:48:56	106	52	54	False	True
40704	gkalpak	2021-02-04 15:00:47	gkalpak	2021-02-05 10:48:52	4	0	4	False	True
40704	gkalpak	2021-02-04 15:00:47	gkalpak	2021-02-05 10:50:56	3	1	2	False	True
40704	gkalpak	2021-02-04 15:00:47	gkalpak	2021-02-05 10:48:56	232	117	115	False	True
40704	gkalpak	2021-02-04 15:00:47	gkalpak	2021-02-05 10:49:04	2	1	1	False	True
40704	gkalpak	2021-02-04 15:00:47	gkalpak	2021-02-05 10:48:57	320	160	160	False	True
40704	gkalpak	2021-02-04 15:00:47	gkalpak	2021-02-05 10:49:01	52	26	26	False	True
40704	gkalpak	2021-02-04 15:00:47	gkalpak	2021-02-05 10:49:07	9	4	5	False	True
40704	gkalpak	2021-02-04 15:00:47	gkalpak	2021-02-05 10:49:06	151	0	151	False	True
40704	gkalpak	2021-02-04 15:00:47	gkalpak	2021-02-05 10:49:09	311	156	155	False	True
40704	gkalpak	2021-02-04 15:00:47	gkalpak	2021-02-05 10:49:00	85	40	45	False	True
40704	gkalpak	2021-02-04 15:00:47	gkalpak	2021-02-05 10:49:08	9	6	3	False	True
40704	gkalpak	2021-02-04 15:00:47	gkalpak	2021-02-05 10:49:04	54	21	33	False	True
40704	gkalpak	2021-02-04 15:00:47	gkalpak	2021-02-05 10:49:10	107	0	107	False	True
40704	gkalpak	2021-02-04 15:00:47	gkalpak	2021-02-05 10:49:02	11	0	11	False	True
40704	gkalpak	2021-02-04 15:00:47	gkalpak	2021-02-05 10:48:58	47	17	30	False	True
40704	gkalpak	2021-02-04 15:00:47	gkalpak	2021-02-05 10:49:01	14	7	7	False	True
40704	gkalpak	2021-02-04 15:00:47	gkalpak	2021-02-05 10:49:01	23	3	20	False	True
40704	gkalpak	2021-02-04 15:00:47	gkalpak	2021-02-05 10:49:05	11	5	6	False	True
40704	gkalpak	2021-02-04 15:00:47	gkalpak	2021-02-05 10:49:03	98	49	49	False	True
40704	gkalpak	2021-02-04 15:00:47	gkalpak	2021-02-05 10:48:57	144	71	73	False	True
40699	justsml	2021-02-04 06:59:56	justsml	2021-02-04 06:56:53	29	27	2	True	True
40698	mgechev	2021-02-04 02:51:06	mgechev	2021-02-04 02:49:13	123	123	0	True	True
40697	IEvangelist	2021-02-04 01:33:31	IEvangelist	2021-02-04 01:29:53	9	9	0	True	True
40694	alan-agius4	2021-02-03 15:17:35	alan-agius4	2021-02-08 15:35:08	106	86	20	False	True
40694	alan-agius4	2021-02-03 15:17:35	alan-agius4	2021-02-09 10:02:06	2	1	1	False	True
40694	alan-agius4	2021-02-03 15:17:35	alan-agius4	2021-02-04 11:46:51	112	65	47	False	True
40694	alan-agius4	2021-02-03 15:17:35	alan-agius4	2021-02-04 14:39:53	98	33	65	False	True
40694	alan-agius4	2021-02-03 15:17:35	alan-agius4	2021-02-09 07:29:13	13	9	4	False	True
40694	alan-agius4	2021-02-03 15:17:35	alan-agius4	2021-02-09 07:29:24	33	16	17	False	True
40693	eneajaho	2021-02-03 14:45:13	eneajaho	2021-02-03 14:39:24	10	0	10	True	True
40687	alan-agius4	2021-02-03 10:38:54	alan-agius4	2021-02-03 14:26:24	2	1	1	False	True
40686	gkalpak	2021-02-03 10:29:58	gkalpak	2021-02-03 10:29:34	2	1	1	True	True
40685	gkalpak	2021-02-03 10:28:52	gkalpak	2021-02-03 10:28:28	2	1	1	True	True
40684	gkalpak	2021-02-03 10:27:45	gkalpak	2021-02-03 10:27:20	2	1	1	True	True
40680	alxhub	2021-02-03 01:16:49	alxhub	2021-01-26 23:52:38	360	9	351	True	True
40680	alxhub	2021-02-03 01:16:49	alxhub	2021-01-21 23:54:40	225	91	134	True	True
40679	alxhub	2021-02-02 23:04:53	alxhub	2021-02-02 22:11:52	475	475	0	True	True
40679	alxhub	2021-02-02 23:04:53	alxhub	2021-02-02 22:20:40	228	97	131	True	True
40668	vik-13	2021-02-02 16:25:08	vik-13	2021-02-02 16:17:17	2	1	1	True	True
40667	eneajaho	2021-02-02 16:15:38	eneajaho	2021-02-02 16:08:38	6	3	3	True	True
40663	cexbrayat	2021-02-02 07:36:51	cexbrayat	2021-02-02 07:10:50	801	529	272	True	True
40661	mhevery	2021-02-02 01:19:11	mhevery	2021-02-02 01:12:17	2	1	1	True	True
40661	mhevery	2021-02-02 01:19:11	mhevery	2021-02-02 01:14:51	89	67	22	True	True
40661	mhevery	2021-02-02 01:19:11	mhevery	2021-02-02 01:47:38	115	56	59	False	True
40660	zarend	2021-02-01 23:28:54	zarend	2021-01-29 00:57:13	323	265	58	True	True
40655	atscott	2021-02-01 18:29:10	atscott	2021-01-28 18:31:04	49	47	2	True	True
40651	AndrewKushnir	2021-02-01 06:26:51	AndrewKushnir	2021-02-01 06:22:09	38	11	27	True	True
