pr_number	author_user_login	pr_created_at	commit_user_login	commit_created_at	commit_status_total	commit_status_additions	commit_status_deletions	create_before_pr	is_review_commit
20722	alexeagle	2017-11-30 22:34:33	alexeagle	2017-11-30 22:34:01	13	13	0	True	True
20720	alxhub	2017-11-30 21:25:02	alxhub	2017-11-30 16:22:41	89	82	7	True	True
20720	alxhub	2017-11-30 21:25:02	alxhub	2017-11-30 21:16:37	36	25	11	True	True
20719	matsko	2017-11-30 19:54:37	matsko	2017-11-30 19:52:35	55	52	3	True	True
20716	gkalpak	2017-11-30 17:36:03	gkalpak	2017-11-30 17:25:29	8	4	4	True	True
20716	gkalpak	2017-11-30 17:36:03	gkalpak	2017-11-30 17:28:51	7173	0	7173	True	True
20715	alxhub	2017-11-30 17:31:37	alxhub	2017-11-29 21:24:20	9	9	0	True	True
20715	alxhub	2017-11-30 17:31:37	alxhub	2017-11-30 17:51:09	16	8	8	False	True
20714	fduperier	2017-11-30 17:25:31	fduperier	2017-11-30 17:23:57	7	7	0	True	True
20710	vinayk406	2017-11-30 12:46:57	vinayk406	2018-07-05 05:52:58	2	1	1	False	True
20710	vinayk406	2017-11-30 12:46:57	vinayk406	2017-11-30 12:43:50	1	1	0	True	True
20710	vinayk406	2017-11-30 12:46:57	vinayk406	2017-11-30 12:57:36	3	2	1	False	True
20706	Foxandxss	2017-11-30 10:18:03	Foxandxss	2017-11-30 10:16:35	3998	1	3997	True	True
20705	dhyey35	2017-11-30 10:00:13	dhyey35	2017-11-30 09:55:55	44	40	4	True	True
20702	chuckjaz	2017-11-30 01:10:44	chuckjaz	2017-11-30 00:29:05	394	341	53	True	True
20701	wardbell	2017-11-30 00:48:49	wardbell	2017-11-30 00:43:20	19	14	5	True	True
20699	ppham27	2017-11-29 22:54:30	ppham27	2017-11-29 22:28:01	71	65	6	True	True
20697	wardbell	2017-11-29 20:13:03	wardbell	2017-10-27 22:48:50	8639	4748	3891	True	True
20696	A7xSV	2017-11-29 20:04:02	A7xSV	2017-11-29 19:43:54	2	1	1	True	True
20692	filipesilva	2017-11-29 15:46:45	filipesilva	2017-11-29 15:45:09	2	1	1	True	True
20683	gkalpak	2017-11-29 10:58:46	gkalpak	2017-11-29 10:47:04	112	67	45	True	True
20678	voithos	2017-11-29 01:46:27	voithos	2017-11-29 00:57:10	252	204	48	True	True
20672	JiaLiPassion	2017-11-28 23:17:44	JiaLiPassion	2017-12-08 08:07:48	113	87	26	False	True
20668	chuckjaz	2017-11-28 19:24:26	chuckjaz	2017-11-28 19:20:30	42	39	3	True	True
20663	kdinev	2017-11-28 16:22:23	kdinev	2017-11-28 16:21:14	6	6	0	True	True
20661	petebacondarwin	2017-11-28 13:47:08	petebacondarwin	2017-11-28 13:02:33	2	1	1	True	True
20661	petebacondarwin	2017-11-28 13:47:08	petebacondarwin	2017-11-28 13:35:22	15	6	9	True	True
20658	hartraft	2017-11-28 10:06:24	hartraft	2017-11-28 10:03:48	46	23	23	True	True
20656	JiaLiPassion	2017-11-28 07:26:35	JiaLiPassion	2017-11-28 07:23:24	13	11	2	True	True
20651	kyliau	2017-11-27 23:37:23	kyliau	2017-11-22 20:09:49	25	22	3	True	True
20648	matsko	2017-11-27 22:40:59	matsko	2017-11-27 22:40:09	20	19	1	True	True
20647	benbraou	2017-11-27 21:45:43	benbraou	2017-11-27 21:38:30	1	1	0	True	True
20643	chuckjaz	2017-11-27 19:36:37	chuckjaz	2017-11-27 19:29:24	33	30	3	True	True
20640	JiaLiPassion	2017-11-27 13:54:30	JiaLiPassion	2017-11-28 06:27:19	11	5	6	False	True
20634	MarkChrisLevy	2017-11-26 18:12:59	MarkChrisLevy	2017-11-26 18:04:46	7	6	1	True	True
20630	lacolaco	2017-11-26 00:25:15	lacolaco	2017-11-26 00:24:01	4	4	0	True	True
20624	ocombe	2017-11-24 18:42:07	ocombe	2017-11-24 18:22:39	2	1	1	True	True
20623	ocombe	2017-11-24 18:30:17	ocombe	2017-11-24 17:47:24	51	41	10	True	True
20610	rfuhrer	2017-11-24 00:29:57	rfuhrer	2017-11-24 00:09:31	110	46	64	True	True
20608	vsavkin	2017-11-23 16:50:20	vsavkin	2017-11-27 18:06:09	2	1	1	False	True
20608	vsavkin	2017-11-23 16:50:20	vsavkin	2017-11-23 16:49:22	28	19	9	True	True
20607	petebacondarwin	2017-11-23 13:43:00	petebacondarwin	2017-11-23 13:40:39	8	4	4	True	True
20593	StephenFluin	2017-11-22 19:54:53	StephenFluin	2017-11-22 19:48:21	127	72	55	True	True
20590	StephenFluin	2017-11-22 18:49:59	StephenFluin	2017-11-22 18:48:07	6	3	3	True	True
20586	gkalpak	2017-11-22 14:01:13	gkalpak	2017-11-22 13:58:21	2	1	1	True	True
20580	gkalpak	2017-11-22 12:23:22	gkalpak	2017-11-22 12:06:17	4	2	2	True	True
20570	matsko	2017-11-21 22:31:11	matsko	2017-11-21 22:29:39	51	49	2	True	True
20569	swseverance	2017-11-21 21:53:30	swseverance	2017-11-21 21:48:14	4	2	2	True	True
20557	victornoel	2017-11-21 11:12:56	victornoel	2017-11-21 10:39:09	2	1	1	True	True
20556	trotyl	2017-11-21 07:43:29	trotyl	2017-11-29 07:27:16	88	80	8	False	True
20550	kyliau	2017-11-21 00:42:07	kyliau	2017-11-21 00:31:07	31	25	6	True	True
20547	alexeagle	2017-11-20 19:54:40	alexeagle	2017-11-14 19:29:16	45	28	17	True	True
20540	ocombe	2017-11-20 09:18:17	ocombe	2017-11-20 09:13:40	25	10	15	True	True
20539	gjdev	2017-11-20 08:19:37	gjdev	2018-05-22 11:44:36	7	7	0	False	True
20538	JiaLiPassion	2017-11-20 07:34:49	JiaLiPassion	2017-11-20 07:33:37	56	53	3	True	True
20524	tinayuangao	2017-11-18 20:36:50	tinayuangao	2017-11-18 20:26:33	102	40	62	True	True
20521	marionebl	2017-11-18 17:29:14	marionebl	2017-11-18 20:35:47	8	0	8	False	True
20521	marionebl	2017-11-18 17:29:14	marionebl	2017-11-23 18:07:33	1	1	0	False	True
20521	marionebl	2017-11-18 17:29:14	marionebl	2017-11-23 18:06:57	1	1	0	False	True
20521	marionebl	2017-11-18 17:29:14	marionebl	2017-11-20 21:01:45	14	1	13	False	True
20521	marionebl	2017-11-18 17:29:14	marionebl	2017-11-18 19:18:54	51	27	24	False	True
20521	marionebl	2017-11-18 17:29:14	marionebl	2017-11-18 17:36:05	6	4	2	False	True
20521	marionebl	2017-11-18 17:29:14	marionebl	2017-11-23 21:31:29	4	2	2	False	True
20521	marionebl	2017-11-18 17:29:14	marionebl	2017-11-23 18:13:10	1	1	0	False	True
20521	marionebl	2017-11-18 17:29:14	marionebl	2017-11-18 17:45:35	6	4	2	False	True
20521	marionebl	2017-11-18 17:29:14	marionebl	2017-11-23 21:29:31	2	1	1	False	True
20521	marionebl	2017-11-18 17:29:14	marionebl	2017-11-23 21:30:57	1	1	0	False	True
20521	marionebl	2017-11-18 17:29:14	marionebl	2017-11-18 17:24:40	555	276	279	True	True
20521	marionebl	2017-11-18 17:29:14	marionebl	2017-11-23 21:46:16	39	16	23	False	True
20521	marionebl	2017-11-18 17:29:14	marionebl	2017-12-01 15:51:45	5	1	4	False	True
20521	marionebl	2017-11-18 17:29:14	marionebl	2017-11-21 06:58:51	48	0	48	False	True
20521	marionebl	2017-11-18 17:29:14	marionebl	2017-12-29 23:53:21	42	37	5	False	True
20521	marionebl	2017-11-18 17:29:14	marionebl	2017-12-01 15:56:40	2	1	1	False	True
20521	marionebl	2017-11-18 17:29:14	marionebl	2017-11-23 21:39:41	2	2	0	False	True
20521	marionebl	2017-11-18 17:29:14	marionebl	2017-11-23 21:54:46	24	8	16	False	True
20518	trotyl	2017-11-18 12:53:02	trotyl	2017-11-18 12:52:23	2	1	1	True	True
20512	petebacondarwin	2017-11-17 21:46:43	petebacondarwin	2017-11-20 14:46:05	19	12	7	False	True
20512	petebacondarwin	2017-11-17 21:46:43	petebacondarwin	2017-11-20 14:46:14	81	79	2	False	True
20512	petebacondarwin	2017-11-17 21:46:43	petebacondarwin	2017-11-17 13:37:15	21	15	6	True	True
20508	alexeagle	2017-11-17 15:47:04	alexeagle	2017-11-17 15:46:21	4	4	0	True	True
20490	chuckjaz	2017-11-17 00:29:17	chuckjaz	2017-11-16 18:16:04	64	57	7	True	True
20488	matsko	2017-11-16 22:13:00	matsko	2017-11-16 22:12:23	577	479	98	True	True
20478	ocombe	2017-11-16 13:27:30	ocombe	2017-11-15 17:22:23	280	280	0	True	True
20470	chuckjaz	2017-11-16 05:48:12	chuckjaz	2017-11-16 05:43:46	8	4	4	True	True
20469	JiaLiPassion	2017-11-16 02:48:37	JiaLiPassion	2017-11-16 02:43:53	73	72	1	True	True
20468	petebacondarwin	2017-11-15 23:30:54	petebacondarwin	2017-11-15 23:30:09	93	86	7	True	True
20464	MumblesNZ	2017-11-15 22:04:37	MumblesNZ	2017-11-14 20:48:17	6	3	3	True	True
20464	MumblesNZ	2017-11-15 22:04:37	MumblesNZ	2017-11-15 21:05:17	1	1	0	True	True
20463	chuckjaz	2017-11-15 21:28:38	chuckjaz	2017-11-15 21:20:51	36	35	1	True	True
20462	sreevani-ship-it	2017-11-15 20:30:10	sreevani-ship-it	2017-11-15 19:29:28	21	11	10	True	True
20461	jasonaden	2017-11-15 19:42:30	jasonaden	2017-11-15 19:42:01	3	2	1	True	True
20459	chuckjaz	2017-11-15 18:34:23	chuckjaz	2017-11-15 01:49:47	1541	1240	301	True	True
20446	brad	2017-11-15 12:34:47	brad	2017-11-15 12:32:41	2	1	1	True	True
20441	gkalpak	2017-11-15 11:55:21	gkalpak	2017-11-15 11:51:41	6	3	3	True	True
20440	gkalpak	2017-11-15 10:44:25	gkalpak	2017-11-15 01:01:00	133	98	35	True	True
20435	shioyang	2017-11-15 02:39:56	shioyang	2017-11-16 14:17:18	2	1	1	False	True
20431	thejewdude	2017-11-14 21:56:18	thejewdude	2017-11-14 21:42:05	2	1	1	True	True
20429	jasonaden	2017-11-14 18:45:55	jasonaden	2017-11-14 18:41:37	13	8	5	True	True
20417	ocombe	2017-11-14 09:25:25	ocombe	2017-11-14 09:22:19	13	10	3	True	True
20411	glitchedmob	2017-11-14 03:00:56	glitchedmob	2017-11-14 02:59:14	1	1	0	True	True
20410	brad	2017-11-14 02:59:07	brad	2017-11-14 02:38:03	2	1	1	True	True
20403	gkalpak	2017-11-13 21:20:18	gkalpak	2017-12-12 13:26:03	20	18	2	False	True
20403	gkalpak	2017-11-13 21:20:18	gkalpak	2017-11-15 11:30:39	35	8	27	False	True
20403	gkalpak	2017-11-13 21:20:18	gkalpak	2017-11-13 20:56:01	53	31	22	True	True
20403	gkalpak	2017-11-13 21:20:18	gkalpak	2017-12-07 14:46:37	4	3	1	False	True
20396	StephenFluin	2017-11-13 16:46:53	StephenFluin	2017-11-13 16:46:11	12	12	0	True	True
20395	shavipathania	2017-11-13 16:16:16	shavipathania	2017-11-16 15:33:54	16	6	10	False	True
20395	shavipathania	2017-11-13 16:16:16	shavipathania	2017-11-15 04:35:58	6	2	4	False	True
20395	shavipathania	2017-11-13 16:16:16	shavipathania	2017-11-13 15:43:37	22	11	11	True	True
20392	akkumar	2017-11-13 13:48:27	Karthikkumara	2017-11-25 03:21:42	4	2	2	False	True
20382	Jamim	2017-11-12 21:12:48	Jamim	2017-11-12 21:03:18	2	1	1	True	True
20379	Jamim	2017-11-12 18:20:04	Jamim	2017-11-12 18:17:13	2	1	1	True	True
20377	marcelosdm	2017-11-12 17:20:15	marcelosdm	2017-11-12 17:18:09	6	3	3	True	True
20367	Toxicable	2017-11-11 23:43:37	Toxicable	2017-11-11 23:39:27	19	12	7	True	True
20365	Toxicable	2017-11-11 22:09:45	Toxicable	2017-11-11 22:05:39	16	8	8	True	True
20364	Toxicable	2017-11-11 21:56:54	Toxicable	2017-11-11 21:55:57	6	3	3	True	True
20358	kara	2017-11-11 12:41:48	kara	2017-11-11 10:54:36	258	253	5	True	True
20356	brad	2017-11-11 12:08:26	brad	2017-11-11 12:05:00	2	1	1	True	True
20354	gkalpak	2017-11-11 09:35:22	gkalpak	2017-11-11 09:33:06	1	1	0	True	True
20352	Garbett1	2017-11-11 09:03:06	Garbett1	2017-11-11 08:40:17	9	5	4	True	True
20350	trotyl	2017-11-11 06:31:11	trotyl	2017-11-11 10:14:55	16	8	8	False	True
20347	aravindfz	2017-11-10 23:07:13	aravindfz	2017-11-10 23:05:19	2	1	1	True	True
20341	maasencioh	2017-11-10 16:25:24	maasencioh	2017-11-10 16:23:33	2	2	0	True	True
20332	gkalpak	2017-11-10 11:55:58	gkalpak	2017-11-10 11:52:21	43	23	20	True	True
20329	ocombe	2017-11-10 09:48:24	ocombe	2017-11-10 09:41:15	72	61	11	True	True
20327	Toxicable	2017-11-10 08:11:22	Toxicable	2017-11-10 08:09:22	4	2	2	True	True
20326	matsko	2017-11-10 07:48:02	matsko	2017-11-10 07:46:18	13	13	0	True	True
20323	brad	2017-11-10 03:39:28	brad	2017-11-10 03:35:38	2	1	1	True	True
20321	thelgevold	2017-11-10 02:06:56	thelgevold	2017-11-10 02:05:19	3	2	1	True	True
20320	chuckjaz	2017-11-10 00:55:57	chuckjaz	2017-11-10 00:52:19	44	40	4	True	True
20318	kirjai	2017-11-09 23:41:22	kirjai	2017-11-09 23:37:36	2	1	1	True	True
20317	mmrath	2017-11-09 23:37:58	mmrath	2017-11-09 23:36:13	4	2	2	True	True
20315	iwhp	2017-11-09 22:37:06	iwhp	2017-11-09 22:36:43	6	3	3	True	True
20313	chuckjaz	2017-11-09 22:09:08	chuckjaz	2017-11-09 22:06:02	35	33	2	True	True
20312	heathkit	2017-11-09 22:03:16	heathkit	2017-11-09 20:51:17	38	32	6	True	True
20311	maasencioh	2017-11-09 21:46:09	maasencioh	2017-11-09 21:43:56	2	1	1	True	True
20307	kapunahelewong	2017-11-09 19:41:56	kapunahelewong	2017-11-09 19:35:12	12	6	6	True	True
20306	kapunahelewong	2017-11-09 18:55:40	kapunahelewong	2018-01-10 21:30:09	4	2	2	False	True
20306	kapunahelewong	2017-11-09 18:55:40	kapunahelewong	2018-01-10 18:46:05	6	0	6	False	True
20303	trotyl	2017-11-09 14:56:08	trotyl	2017-11-09 14:53:12	5	0	5	True	True
20302	codediodeio	2017-11-09 14:35:24	codediodeio	2017-11-09 14:17:14	6	6	0	True	True
20295	ph1ll	2017-11-09 10:21:19	ph1ll	2017-11-09 10:17:23	2	1	1	True	True
20289	jasonaden	2017-11-08 23:52:52	jasonaden	2017-10-25 22:42:13	795	453	342	True	True
20289	jasonaden	2017-11-08 23:52:52	jasonaden	2017-10-24 17:29:03	131	130	1	True	True
20289	jasonaden	2017-11-08 23:52:52	vsavkin	2017-10-24 20:07:24	88	67	21	True	True
20289	jasonaden	2017-11-08 23:52:52	jasonaden	2017-11-01 22:53:55	225	151	74	True	True
20289	jasonaden	2017-11-08 23:52:52	vsavkin	2017-10-24 21:50:19	375	277	98	True	True
20289	jasonaden	2017-11-08 23:52:52	vsavkin	2017-10-24 19:45:58	206	134	72	True	True
20289	jasonaden	2017-11-08 23:52:52	vsavkin	2017-10-26 15:42:59	531	390	141	True	True
20289	jasonaden	2017-11-08 23:52:52	jasonaden	2017-11-08 20:23:51	1223	541	682	True	True
20289	jasonaden	2017-11-08 23:52:52	jasonaden	2017-11-02 23:37:54	75	39	36	True	True
20289	jasonaden	2017-11-08 23:52:52	jasonaden	2017-11-04 20:41:53	101	54	47	True	True
20288	glitchedmob	2017-11-08 22:26:13	glitchedmob	2017-11-08 22:22:30	2	1	1	True	True
20267	matsko	2017-11-08 10:02:27	matsko	2017-11-08 10:01:07	52	52	0	True	True
20258	chuckjaz	2017-11-08 01:22:48	chuckjaz	2017-11-08 00:44:32	282	263	19	True	True
20256	vicb	2017-11-08 00:56:09	vicb	2017-11-08 00:55:34	37	32	5	True	True
20256	vicb	2017-11-08 00:56:09	vicb	2017-11-08 23:27:27	242	128	114	False	True
20248	jbogarthyde	2017-11-07 17:59:30	petebacondarwin	2018-01-10 10:41:15	392	198	194	False	True
20248	jbogarthyde	2017-11-07 17:59:30	alexeagle	2018-01-11 22:31:11	27	15	12	False	True
20248	jbogarthyde	2017-11-07 17:59:30	chuckjaz	2017-12-12 20:51:38	46	46	0	False	True
20248	jbogarthyde	2017-11-07 17:59:30	ocombe	2018-01-12 15:05:41	23	17	6	False	True
20248	jbogarthyde	2017-11-07 17:59:30	ocombe	2018-01-08 09:10:50	4	2	2	False	True
20248	jbogarthyde	2017-11-07 17:59:30	gkalpak	2018-01-09 15:41:00	13	10	3	False	True
20248	jbogarthyde	2017-11-07 17:59:30	kyliau	2018-01-05 20:33:26	32	26	6	False	True
20248	jbogarthyde	2017-11-07 17:59:30	gkalpak	2018-01-11 13:40:27	4	3	1	False	True
20248	jbogarthyde	2017-11-07 17:59:30	jbogarthyde	2017-11-07 17:34:48	907	456	451	True	True
20246	Michael77	2017-11-07 17:43:10	Michael77	2017-11-07 17:42:38	4	2	2	True	True
20244	jahumes	2017-11-07 17:26:07	gkalpak	2018-03-01 16:20:21	60	57	3	False	True
20244	jahumes	2017-11-07 17:26:07	gkalpak	2018-03-01 14:47:27	26	11	15	False	True
20244	jahumes	2017-11-07 17:26:07	gkalpak	2018-08-06 10:13:36	20	2	18	False	True
20244	jahumes	2017-11-07 17:26:07	gkalpak	2018-06-11 10:47:58	48	46	2	False	True
20244	jahumes	2017-11-07 17:26:07	jahumes	2017-11-07 17:21:48	103	97	6	True	True
20233	hartraft	2017-11-07 02:05:16	hartraft	2017-11-07 01:47:57	44	22	22	True	True
20233	hartraft	2017-11-07 02:05:16	hartraft	2017-11-07 01:47:57	8	4	4	True	True
20233	hartraft	2017-11-07 02:05:16	hartraft	2018-01-19 15:50:22	130	74	56	False	True
20224	vicb	2017-11-06 19:21:51	tbosch	2017-10-27 22:45:59	98	68	30	True	True
20224	vicb	2017-11-06 19:21:51	vicb	2017-11-06 19:20:45	25	13	12	True	True
20224	vicb	2017-11-06 19:21:51	tbosch	2017-10-28 00:04:11	191	166	25	True	True
20222	kyliau	2017-11-06 18:19:44	kyliau	2017-11-06 18:30:29	30	30	0	False	True
20221	marob	2017-11-06 18:07:02	marob	2017-11-06 18:06:44	2	1	1	True	True
20220	marob	2017-11-06 15:56:49	marob	2017-11-06 15:53:30	2	1	1	True	True
20214	Toxicable	2017-11-06 10:03:49	Toxicable	2017-11-06 10:02:09	91	91	0	True	True
20213	gkalpak	2017-11-06 10:00:38	gkalpak	2017-11-06 09:45:49	807	0	807	True	True
20212	Toxicable	2017-11-06 09:05:33	Toxicable	2017-11-06 08:59:09	123	122	1	True	True
20211	Toxicable	2017-11-06 08:13:16	Toxicable	2018-12-22 00:39:37	82	74	8	False	True
20196	EvanCarroll	2017-11-05 09:01:08	EvanCarroll	2017-11-05 08:54:03	2	1	1	True	True
20186	trotyl	2017-11-04 12:24:10	trotyl	2018-08-03 16:30:15	4	2	2	False	True
20184	IgorMinar	2017-11-04 10:38:41	IgorMinar	2017-11-04 10:47:06	112	59	53	False	True
20184	IgorMinar	2017-11-04 10:38:41	IgorMinar	2017-11-04 10:38:00	2	1	1	True	True
20184	IgorMinar	2017-11-04 10:38:41	IgorMinar	2017-11-04 10:45:12	2	1	1	False	True
20181	iwhp	2017-11-04 07:39:52	iwhp	2017-11-04 07:39:26	6	3	3	True	True
20178	petebacondarwin	2017-11-03 22:32:47	petebacondarwin	2017-11-03 22:29:00	45	37	8	True	True
20175	alexeagle	2017-11-03 21:43:46	alexeagle	2017-11-15 16:43:35	103	55	48	False	True
20175	alexeagle	2017-11-03 21:43:46	alexeagle	2017-11-15 15:59:09	4	4	0	False	True
20175	alexeagle	2017-11-03 21:43:46	alexeagle	2017-11-02 19:15:47	226	180	46	True	True
20173	rkohel	2017-11-03 21:17:09	rkohel	2017-11-03 21:03:47	8	4	4	True	True
20171	vicb	2017-11-03 21:11:24	vicb	2017-11-03 21:09:56	139	34	105	True	True
20165	Foxandxss	2017-11-03 18:06:24	gkalpak	2018-01-22 20:48:11	31	18	13	False	True
20165	Foxandxss	2017-11-03 18:06:24	wardbell	2018-01-17 23:22:08	123	73	50	False	True
20165	Foxandxss	2017-11-03 18:06:24	gkalpak	2018-01-22 12:42:59	309	77	232	False	True
20157	Haroenv	2017-11-03 15:41:42	Haroenv	2017-11-03 17:28:01	1	1	0	False	True
20152	IgorMinar	2017-11-03 14:03:25	IgorMinar	2017-11-03 20:52:10	3998	23	3975	False	True
20143	hartraft	2017-11-03 09:42:39	hartraft	2017-11-03 09:36:33	8	4	4	True	True
20131	aciccarello	2017-11-03 04:21:44	aciccarello	2017-11-03 04:16:37	2	1	1	True	True
20128	IgorMinar	2017-11-03 01:31:21	IgorMinar	2017-11-03 02:03:20	122	59	63	False	True
20128	IgorMinar	2017-11-03 01:31:21	IgorMinar	2017-11-03 01:30:43	9	5	4	True	True
20127	kyliau	2017-11-03 01:04:53	kyliau	2017-11-03 00:55:05	2	1	1	True	True
20124	Foxandxss	2017-11-03 00:17:26	Foxandxss	2017-11-03 00:14:10	6	4	2	True	True
20123	rafaelss95	2017-11-02 23:44:28	rafaelss95	2017-11-02 23:39:31	8	7	1	True	True
20121	Toxicable	2017-11-02 22:20:14	Toxicable	2017-11-02 22:16:42	2	1	1	True	True
20117	gkalpak	2017-11-02 19:41:54	gkalpak	2017-11-02 19:40:14	16	10	6	True	True
20117	gkalpak	2017-11-02 19:41:54	gkalpak	2017-11-02 19:31:31	24	18	6	True	True
20117	gkalpak	2017-11-02 19:41:54	gkalpak	2017-11-02 19:32:23	52	42	10	True	True
20107	dhyey35	2017-11-02 13:49:50	dhyey35	2017-11-02 13:49:19	2	1	1	True	True
20103	purezen	2017-11-02 12:44:37	purezen	2017-11-02 12:44:28	2	1	1	True	True
20097	ocombe	2017-11-02 10:11:25	ocombe	2017-11-02 10:09:32	85	22	63	True	True
20089	lacolaco	2017-11-02 07:18:12	lacolaco	2017-11-02 07:15:46	1	1	0	True	True
20086	Foxandxss	2017-11-01 23:46:20	Foxandxss	2017-11-01 23:45:43	14	7	7	True	True
20084	gkalpak	2017-11-01 22:57:43	gkalpak	2017-11-01 22:56:46	23	20	3	True	True
20077	Foxandxss	2017-11-01 20:18:44	Foxandxss	2017-11-01 20:18:03	700	516	184	True	True
20073	ezeikel	2017-11-01 14:15:08	ezeikel	2017-11-01 14:10:19	2	1	1	True	True
20073	ezeikel	2017-11-01 14:15:08	ezeikel	2017-11-02 17:33:10	2	1	1	False	True
20073	ezeikel	2017-11-01 14:15:08	ezeikel	2017-11-02 16:52:11	2	1	1	False	True
20071	panakour	2017-11-01 13:20:44	panakour	2017-11-01 13:20:36	2	1	1	True	True
20069	zdouble	2017-11-01 10:18:38	zdouble	2017-11-01 10:09:09	2	1	1	True	True
20064	RudarDaman	2017-11-01 04:31:33	RudarDaman	2017-11-01 04:31:20	2	1	1	True	True
