pr_number	author_user_login	pr_created_at	commit_user_login	commit_created_at	commit_status_total	commit_status_additions	commit_status_deletions	create_before_pr	is_review_commit
24721	kara	2018-06-29 23:53:43	kara	2018-06-29 23:44:54	405	354	51	True	True
24718	robwormald	2018-06-29 17:30:07	robwormald	2018-06-28 19:42:04	206	198	8	True	True
24714	FrederikSchlemmer	2018-06-29 12:01:44	FrederikSchlemmer	2018-07-05 13:13:33	11	11	0	False	True
24713	splincode	2018-06-29 11:08:38	splincode	2018-06-29 10:58:01	6	5	1	True	True
24705	kara	2018-06-28 23:59:25	kara	2018-06-28 23:40:16	61	23	38	True	True
24704	alxhub	2018-06-28 22:33:27	alxhub	2018-07-02 23:22:45	14	10	4	False	True
24704	alxhub	2018-06-28 22:33:27	alxhub	2018-06-26 22:01:09	340	273	67	True	True
24703	alxhub	2018-06-28 21:58:27	alxhub	2018-06-26 17:37:45	10	6	4	True	True
24703	alxhub	2018-06-28 21:58:27	alxhub	2018-06-26 17:44:22	198	183	15	True	True
24703	alxhub	2018-06-28 21:58:27	alxhub	2018-07-02 23:15:48	8	0	8	False	True
24703	alxhub	2018-06-28 21:58:27	alxhub	2018-06-26 17:43:06	121	78	43	True	True
24703	alxhub	2018-06-28 21:58:27	alxhub	2018-06-26 17:44:05	74	70	4	True	True
24703	alxhub	2018-06-28 21:58:27	alxhub	2018-07-02 23:15:33	3	2	1	False	True
24701	textbook	2018-06-28 21:02:51	textbook	2018-06-28 20:48:45	2	1	1	True	True
24697	martinsik	2018-06-28 16:45:05	martinsik	2018-06-29 17:12:04	41	40	1	False	True
24697	martinsik	2018-06-28 16:45:05	martinsik	2018-06-28 16:24:04	151	142	9	True	True
24697	martinsik	2018-06-28 16:45:05	martinsik	2020-03-27 23:55:05	18	11	7	False	True
24697	martinsik	2018-06-28 16:45:05	martinsik	2020-03-27 23:14:59	7	3	4	False	True
24697	martinsik	2018-06-28 16:45:05	martinsik	2020-03-27 23:46:10	23	7	16	False	True
24697	martinsik	2018-06-28 16:45:05	martinsik	2020-03-27 23:02:01	22	15	7	False	True
24695	kara	2018-06-27 23:22:52	kara	2018-06-27 23:05:23	174	119	55	True	True
24693	brandonroberts	2018-06-27 19:44:58	brandonroberts	2018-06-29 20:54:27	17	9	8	False	True
24693	brandonroberts	2018-06-27 19:44:58	brandonroberts	2018-07-10 18:31:29	7	4	3	False	True
24693	brandonroberts	2018-06-27 19:44:58	brandonroberts	2018-06-27 19:33:16	54	33	21	True	True
24693	brandonroberts	2018-06-27 19:44:58	brandonroberts	2018-06-29 18:59:02	36	31	5	False	True
24693	brandonroberts	2018-06-27 19:44:58	brandonroberts	2018-07-10 18:46:34	3	1	2	False	True
24693	brandonroberts	2018-06-27 19:44:58	brandonroberts	2018-06-29 13:36:29	20	8	12	False	True
24692	ellamaolson	2018-06-27 16:56:38	ellamaolson	2018-07-13 20:28:42	170	111	59	False	True
24691	brandonroberts	2018-06-27 15:26:20	brandonroberts	2018-06-27 15:20:09	14	9	5	True	True
24691	brandonroberts	2018-06-27 15:26:20	brandonroberts	2018-06-27 18:35:10	14	10	4	False	True
24691	brandonroberts	2018-06-27 15:26:20	brandonroberts	2018-06-27 18:36:15	2	1	1	False	True
24691	brandonroberts	2018-06-27 15:26:20	brandonroberts	2018-06-27 15:17:54	13	12	1	True	True
24684	trotyl	2018-06-27 05:07:46	trotyl	2018-06-27 05:05:56	6	5	1	True	True
24682	jelbourn	2018-06-26 23:44:11	jelbourn	2018-06-26 23:41:43	6	3	3	True	True
24678	kara	2018-06-26 18:51:29	kara	2018-06-26 18:39:56	147	93	54	True	True
24677	alxhub	2018-06-26 16:57:14	alxhub	2018-06-20 23:02:10	251	210	41	True	True
24677	alxhub	2018-06-26 16:57:14	alxhub	2018-06-20 22:57:40	133	126	7	True	True
24677	alxhub	2018-06-26 16:57:14	alxhub	2018-06-20 22:58:33	266	19	247	True	True
24677	alxhub	2018-06-26 16:57:14	alxhub	2018-06-20 23:00:18	18	9	9	True	True
24677	alxhub	2018-06-26 16:57:14	alxhub	2018-06-20 23:00:48	33	16	17	True	True
24677	alxhub	2018-06-26 16:57:14	alxhub	2018-06-22 17:38:30	62	61	1	True	True
24677	alxhub	2018-06-26 16:57:14	alxhub	2018-06-20 22:59:15	43	42	1	True	True
24677	alxhub	2018-06-26 16:57:14	alxhub	2018-06-20 22:54:16	257	208	49	True	True
24673	pkozlowski-opensource	2018-06-26 12:25:49	pkozlowski-opensource	2018-06-26 12:19:00	161	157	4	True	True
24670	pedroclayman	2018-06-26 06:59:48	pedroclayman	2018-06-27 20:08:48	6	2	4	False	True
24668	jbogarthyde	2018-06-25 23:19:13	jbogarthyde	2018-06-25 23:16:59	177	147	30	True	True
24665	cexbrayat	2018-06-25 20:40:31	cexbrayat	2018-06-25 20:37:19	7	5	2	True	True
24664	gkalpak	2018-06-25 19:36:11	gkalpak	2018-06-25 19:34:46	5	4	1	True	True
24663	gregmagolan	2018-06-25 18:59:53	gregmagolan	2018-07-23 18:39:51	1	1	0	False	True
24663	gregmagolan	2018-06-25 18:59:53	gregmagolan	2018-07-23 19:46:30	7	7	0	False	True
24663	gregmagolan	2018-06-25 18:59:53	gregmagolan	2018-06-25 18:22:23	2344	1225	1119	True	True
24663	gregmagolan	2018-06-25 18:59:53	gregmagolan	2018-07-14 00:27:36	5	4	1	False	True
24662	mhevery	2018-06-25 18:55:18	mhevery	2018-06-25 18:54:23	14	5	9	True	True
24661	cexbrayat	2018-06-25 18:11:44	cexbrayat	2018-06-25 18:05:00	8	7	1	True	True
24659	ocombe	2018-06-25 15:25:19	ocombe	2018-06-25 15:17:56	93	55	38	True	True
24658	ocombe	2018-06-25 14:53:46	ocombe	2018-06-25 14:49:46	10	7	3	True	True
24654	splincode	2018-06-25 11:22:46	splincode	2018-06-25 11:20:43	4	0	4	True	True
24652	IgorMinar	2018-06-25 09:12:29	mhevery	2018-06-27 23:16:00	1286	593	693	False	True
24652	IgorMinar	2018-06-25 09:12:29	alxhub	2018-07-03 19:23:54	12	8	4	False	True
24652	IgorMinar	2018-06-25 09:12:29	mhevery	2018-06-28 18:15:12	4	4	0	False	True
24652	IgorMinar	2018-06-25 09:12:29	mhevery	2018-06-28 16:32:15	2	1	1	False	True
24652	IgorMinar	2018-06-25 09:12:29	mhevery	2018-06-28 21:48:14	16	8	8	False	True
24652	IgorMinar	2018-06-25 09:12:29	mhevery	2018-07-02 21:26:23	10	5	5	False	True
24652	IgorMinar	2018-06-25 09:12:29	IgorMinar	2018-06-25 09:11:22	179	146	33	True	True
24652	IgorMinar	2018-06-25 09:12:29	mhevery	2018-06-28 22:06:29	2	1	1	False	True
24652	IgorMinar	2018-06-25 09:12:29	mhevery	2018-07-02 22:59:53	2	1	1	False	True
24652	IgorMinar	2018-06-25 09:12:29	alxhub	2018-07-03 17:05:08	1	1	0	False	True
24652	IgorMinar	2018-06-25 09:12:29	mhevery	2018-07-03 15:14:38	2	1	1	False	True
24652	IgorMinar	2018-06-25 09:12:29	mhevery	2018-06-29 23:00:47	15	7	8	False	True
24652	IgorMinar	2018-06-25 09:12:29	mhevery	2018-06-30 03:22:09	3	1	2	False	True
24652	IgorMinar	2018-06-25 09:12:29	alxhub	2018-07-03 19:30:51	1	1	0	False	True
24652	IgorMinar	2018-06-25 09:12:29	mhevery	2018-07-02 23:40:04	1080	574	506	False	True
24649	drumonii	2018-06-25 01:40:18	drumonii	2018-06-25 01:22:22	6	3	3	True	True
24649	drumonii	2018-06-25 01:40:18	drumonii	2018-06-25 01:20:58	1	0	1	True	True
24644	alan-agius4	2018-06-24 14:37:19	alan-agius4	2018-06-27 16:29:42	13	8	5	False	True
24637	mhevery	2018-06-23 02:06:17	mhevery	2018-06-23 01:26:28	71	71	0	True	True
24637	mhevery	2018-06-23 02:06:17	mhevery	2018-06-23 02:05:31	310	267	43	True	True
24633	jbogarthyde	2018-06-22 17:51:46	jbogarthyde	2018-06-22 17:49:47	70	61	9	True	True
24633	jbogarthyde	2018-06-22 17:51:46	jbogarthyde	2018-07-03 22:11:36	14	7	7	False	True
24632	alxhub	2018-06-22 17:17:02	alxhub	2018-06-19 18:40:29	74	61	13	True	True
24632	alxhub	2018-06-22 17:17:02	alxhub	2018-06-19 18:41:00	4	3	1	True	True
24632	alxhub	2018-06-22 17:17:02	alxhub	2018-06-18 23:28:02	216	173	43	True	True
24631	petebacondarwin	2018-06-22 16:00:10	petebacondarwin	2018-06-26 13:06:51	10	6	4	False	True
24631	petebacondarwin	2018-06-22 16:00:10	petebacondarwin	2018-07-01 20:23:45	85	44	41	False	True
24631	petebacondarwin	2018-06-22 16:00:10	petebacondarwin	2018-06-26 10:41:52	80	60	20	False	True
24631	petebacondarwin	2018-06-22 16:00:10	petebacondarwin	2018-06-22 15:58:29	402	350	52	True	True
24629	marclaval	2018-06-22 13:53:22	marclaval	2018-06-22 13:37:38	192	125	67	True	True
24629	marclaval	2018-06-22 13:53:22	mhevery	2018-06-22 18:37:40	82	57	25	False	True
24628	sreevani-ship-it	2018-06-22 13:25:20	sreevani-ship-it	2018-06-22 00:31:19	111	91	20	True	True
24624	vikerman	2018-06-22 06:06:43	vikerman	2018-06-22 05:55:47	76	71	5	True	True
24623	mhevery	2018-06-22 04:57:56	mhevery	2018-06-22 05:33:16	306	211	95	False	True
24623	mhevery	2018-06-22 04:57:56	mhevery	2018-06-24 21:17:13	2	1	1	False	True
24623	mhevery	2018-06-22 04:57:56	mhevery	2018-06-22 05:33:16	24	14	10	False	True
24623	mhevery	2018-06-22 04:57:56	mhevery	2018-06-22 04:56:51	106	106	0	True	True
24623	mhevery	2018-06-22 04:57:56	mhevery	2018-06-25 15:24:08	33	18	15	False	True
24623	mhevery	2018-06-22 04:57:56	mhevery	2018-06-22 05:33:16	151	144	7	False	True
24621	martinsik	2018-06-21 23:23:55	martinsik	2020-04-17 09:48:19	321	296	25	False	True
24615	abalad	2018-06-21 20:11:16	abalad	2018-06-21 20:09:12	6	6	0	True	True
24608	abalad	2018-06-21 14:14:50	abalad	2018-06-21 14:13:44	8	7	1	True	True
24608	abalad	2018-06-21 14:14:50	abalad	2018-06-21 19:29:43	2	1	1	False	True
24604	pkozlowski-opensource	2018-06-21 09:51:06	pkozlowski-opensource	2018-06-21 09:49:03	19	12	7	True	True
24602	matsko	2018-06-20 23:43:34	mhevery	2018-07-05 19:23:23	2	2	0	False	True
24602	matsko	2018-06-20 23:43:34	matsko	2018-06-19 19:45:00	2005	1864	141	True	True
24602	matsko	2018-06-20 23:43:34	mhevery	2018-07-05 18:56:13	242	139	103	False	True
24599	LayZeeDK	2018-06-20 18:48:48	kara	2018-11-01 22:04:30	6	3	3	False	True
24599	LayZeeDK	2018-06-20 18:48:48	LayZeeDK	2018-06-20 17:21:46	167	134	33	True	True
24595	gkalpak	2018-06-20 17:10:37	gkalpak	2018-06-20 17:02:54	8	5	3	True	True
24595	gkalpak	2018-06-20 17:10:37	gkalpak	2018-06-20 21:18:21	2	1	1	False	True
24591	martinsik	2018-06-20 15:26:10	martinsik	2018-06-20 15:16:42	76	72	4	True	True
24591	martinsik	2018-06-20 15:26:10	kara	2019-01-25 00:12:42	2	1	1	False	True
24588	gtzinos	2018-06-20 12:56:12	gtzinos	2018-06-20 12:54:32	2	1	1	True	True
24587	pkozlowski-opensource	2018-06-20 12:26:04	mhevery	2018-06-20 17:57:20	105	50	55	False	True
24587	pkozlowski-opensource	2018-06-20 12:26:04	pkozlowski-opensource	2018-06-19 15:58:42	2020	1203	817	True	True
24587	pkozlowski-opensource	2018-06-20 12:26:04	pkozlowski-opensource	2018-06-19 08:41:32	69	63	6	True	True
24585	yjaaidi	2018-06-20 12:14:58	yjaaidi	2018-06-20 12:14:21	7	7	0	True	True
24583	gkalpak	2018-06-20 11:21:44	gkalpak	2018-06-20 11:01:23	112	47	65	True	True
24583	gkalpak	2018-06-20 11:21:44	gkalpak	2018-06-20 10:29:37	16	8	8	True	True
24579	ellamaolson	2018-06-19 20:39:16	ellamaolson	2018-06-19 22:43:22	8	8	0	False	True
24578	brandonroberts	2018-06-19 18:04:05	brandonroberts	2018-07-13 18:18:01	98	56	42	False	True
24578	brandonroberts	2018-06-19 18:04:05	brandonroberts	2018-06-26 02:51:28	243	110	133	False	True
24578	brandonroberts	2018-06-19 18:04:05	brandonroberts	2018-06-26 02:54:33	2	1	1	False	True
24578	brandonroberts	2018-06-19 18:04:05	brandonroberts	2018-06-19 17:56:58	4122	993	3129	True	True
24578	brandonroberts	2018-06-19 18:04:05	brandonroberts	2018-07-16 16:54:52	5	2	3	False	True
24578	brandonroberts	2018-06-19 18:04:05	brandonroberts	2018-07-16 12:49:58	26	13	13	False	True
24578	brandonroberts	2018-06-19 18:04:05	brandonroberts	2018-06-25 15:30:50	116	74	42	False	True
24578	brandonroberts	2018-06-19 18:04:05	brandonroberts	2018-07-11 15:58:40	147	84	63	False	True
24578	brandonroberts	2018-06-19 18:04:05	brandonroberts	2018-06-27 02:51:12	219	28	191	False	True
24578	brandonroberts	2018-06-19 18:04:05	brandonroberts	2018-06-26 03:00:57	2	1	1	False	True
24578	brandonroberts	2018-06-19 18:04:05	brandonroberts	2018-07-17 19:07:59	153	71	82	False	True
24570	benlesh	2018-06-18 22:07:04	benlesh	2018-06-18 15:05:06	1332	1048	284	True	True
24570	benlesh	2018-06-18 22:07:04	mhevery	2018-06-29 03:18:14	45	42	3	False	True
24569	jbogarthyde	2018-06-18 22:01:28	jbogarthyde	2018-06-20 15:18:48	14	7	7	False	True
24569	jbogarthyde	2018-06-18 22:01:28	jbogarthyde	2018-06-18 21:58:30	15	8	7	True	True
24565	alxhub	2018-06-18 16:24:05	alxhub	2018-06-15 22:43:22	25	20	5	True	True
24565	alxhub	2018-06-18 16:24:05	alxhub	2018-06-15 22:27:12	36	3	33	True	True
24564	marclaval	2018-06-18 16:21:11	marclaval	2018-06-18 16:07:05	97	94	3	True	True
24558	RoopeHakulinen	2018-06-18 09:31:57	RoopeHakulinen	2018-06-18 09:29:29	35	30	5	True	True
24548	gparlakov	2018-06-16 17:07:07	gparlakov	2018-06-16 17:03:27	2	1	1	True	True
24542	sjtrimble	2018-06-15 21:13:26	sjtrimble	2018-06-15 21:07:52	75	61	14	True	True
24541	alxhub	2018-06-15 16:59:35	alxhub	2018-06-13 17:33:04	1165	712	453	True	True
24537	petebacondarwin	2018-06-15 12:38:10	petebacondarwin	2018-06-15 12:36:30	3	1	2	True	True
24534	Toxicable	2018-06-15 09:32:32	Toxicable	2018-08-03 21:58:38	3	2	1	False	True
24534	Toxicable	2018-06-15 09:32:32	Toxicable	2018-06-15 09:31:25	20	13	7	True	True
24534	Toxicable	2018-06-15 09:32:32	Toxicable	2018-08-03 21:59:29	1	0	1	False	True
24529	petebacondarwin	2018-06-14 22:54:59	petebacondarwin	2018-06-26 13:16:26	28	14	14	False	True
24529	petebacondarwin	2018-06-14 22:54:59	petebacondarwin	2018-06-14 22:51:34	77	77	0	True	True
24529	petebacondarwin	2018-06-14 22:54:59	petebacondarwin	2018-06-22 20:51:01	6	3	3	False	True
24528	riren	2018-06-14 22:04:15	riren	2018-06-14 21:57:46	4	2	2	True	True
24527	petebacondarwin	2018-06-14 22:03:52	petebacondarwin	2018-06-14 22:02:45	16	8	8	True	True
24526	petebacondarwin	2018-06-14 21:53:34	petebacondarwin	2018-06-14 21:06:59	10	7	3	True	True
24525	jbogarthyde	2018-06-14 19:46:15	jbogarthyde	2018-05-03 17:54:51	1344	669	675	True	True
24522	gregmagolan	2018-06-14 18:16:34	gregmagolan	2018-06-14 18:14:21	2	2	0	True	True
24520	mhevery	2018-06-14 17:36:45	mhevery	2018-06-14 17:36:20	14	10	4	True	True
24513	alexeagle	2018-06-14 14:48:29	alexeagle	2018-06-14 14:47:16	12	8	4	True	True
24512	alexeagle	2018-06-14 14:42:13	alexeagle	2018-06-14 14:37:06	65	35	30	True	True
24507	pkozlowski-opensource	2018-06-14 13:48:58	pkozlowski-opensource	2018-06-14 13:45:21	70	67	3	True	True
24497	FinnStutzenstein	2018-06-14 06:27:43	FinnStutzenstein	2018-06-14 06:16:54	28	14	14	True	True
24492	alexeagle	2018-06-13 22:36:22	alexeagle	2018-06-13 22:30:54	61	30	31	True	True
24491	nicodh	2018-06-13 21:45:22	nicodh	2018-06-13 21:38:16	47	43	4	True	True
24489	cexbrayat	2018-06-13 21:21:47	cexbrayat	2018-06-13 21:19:06	3	2	1	True	True
24486	alan-agius4	2018-06-13 18:45:38	alan-agius4	2018-06-14 14:15:14	45	42	3	False	True
24485	alexeagle	2018-06-13 18:39:54	alexeagle	2018-06-13 18:38:47	8	4	4	True	True
24481	jbogarthyde	2018-06-13 16:29:56	jbogarthyde	2018-06-25 16:56:49	26	22	4	False	True
24481	jbogarthyde	2018-06-13 16:29:56	jbogarthyde	2018-06-13 16:28:12	11	6	5	True	True
24480	mhevery	2018-06-13 16:02:56	mhevery	2018-06-13 17:21:51	2	1	1	False	True
24480	mhevery	2018-06-13 16:02:56	mhevery	2018-06-13 16:02:26	3	2	1	True	True
24479	alxhub	2018-06-13 15:46:36	alxhub	2018-06-12 23:58:09	115	99	16	True	True
24479	alxhub	2018-06-13 15:46:36	alxhub	2018-06-13 15:39:32	57	52	5	True	True
24479	alxhub	2018-06-13 15:46:36	alxhub	2018-06-13 16:44:36	4	4	0	False	True
24479	alxhub	2018-06-13 15:46:36	alxhub	2018-06-13 17:23:43	57	36	21	False	True
24478	brandonroberts	2018-06-13 15:39:50	brandonroberts	2018-06-13 15:05:24	1348	4	1344	True	True
24478	brandonroberts	2018-06-13 15:39:50	brandonroberts	2018-06-18 19:07:54	708	21	687	False	True
24471	dariobraun	2018-06-13 13:17:49	dariobraun	2018-07-12 08:00:17	5	2	3	False	True
24470	kirankumarsripati	2018-06-13 13:12:13	kirankumarsripati	2018-06-13 13:06:22	2	1	1	True	True
24455	vladimir-barsuchenko	2018-06-12 22:45:28	vladimir-barsuchenko	2018-06-12 22:37:18	2	1	1	True	True
24453	alexeagle	2018-06-12 22:15:12	alexeagle	2018-06-04 17:45:27	131	66	65	True	True
24453	alexeagle	2018-06-12 22:15:12	alexeagle	2018-06-04 17:30:34	53	27	26	True	True
24452	cchyung	2018-06-12 20:28:06	Conner Chyung	2018-06-12 20:24:24	2	1	1	True	True
24451	fidian	2018-06-12 20:13:24	fidian	2018-06-12 20:11:13	5	2	3	True	True
24446	alexeagle	2018-06-12 15:56:31	alexeagle	2018-06-12 15:55:16	2	1	1	True	True
24445	sreevani-ship-it	2018-06-12 13:51:10	sreevani-ship-it	2018-06-12 02:12:17	77	58	19	True	True
24443	gkalpak	2018-06-12 11:39:07	gkalpak	2018-06-12 11:37:46	6	6	0	True	True
24443	gkalpak	2018-06-12 11:39:07	gkalpak	2018-06-12 11:38:19	1	1	0	True	True
24443	gkalpak	2018-06-12 11:39:07	gkalpak	2018-06-12 11:37:13	1038	0	1038	True	True
24439	dariobraun	2018-06-12 08:57:51	dariobraun	2018-07-05 07:22:48	2	1	1	False	True
24437	RicardoVaranda	2018-06-12 08:19:29	RicardoVaranda	2018-06-19 10:59:02	2	1	1	False	True
24427	alxhub	2018-06-11 17:58:08	alxhub	2018-05-31 22:50:02	2484	1880	604	True	True
24423	loiane	2018-06-11 14:37:43	brandonroberts	2018-06-11 20:48:35	275	116	159	False	True
24423	loiane	2018-06-11 14:37:43	alxhub	2018-06-13 16:44:36	4	4	0	False	True
24423	loiane	2018-06-11 14:37:43	petebacondarwin	2018-05-23 21:56:05	74	51	23	True	True
24423	loiane	2018-06-11 14:37:43	mhevery	2018-06-20 23:37:10	13	12	1	False	True
24423	loiane	2018-06-11 14:37:43	alxhub	2018-05-31 22:50:02	2487	1882	605	True	True
24423	loiane	2018-06-11 14:37:43	brandonroberts	2018-06-07 18:31:25	67	41	26	True	True
24423	loiane	2018-06-11 14:37:43	pkozlowski-opensource	2018-06-19 08:41:32	69	63	6	False	True
24423	loiane	2018-06-11 14:37:43	marclaval	2018-06-18 16:07:05	97	94	3	False	True
24423	loiane	2018-06-11 14:37:43	mhevery	2018-06-20 22:57:10	15	15	0	False	True
24423	loiane	2018-06-11 14:37:43	brandonroberts	2018-06-07 18:41:26	4	2	2	True	True
24423	loiane	2018-06-11 14:37:43	brandonroberts	2018-06-11 19:24:00	257	141	116	False	True
24423	loiane	2018-06-11 14:37:43	pkozlowski-opensource	2018-06-19 15:58:42	2025	1203	822	False	True
24423	loiane	2018-06-11 14:37:43	brandonroberts	2018-06-07 18:37:01	123	73	50	True	True
24423	loiane	2018-06-11 14:37:43	brandonroberts	2018-06-01 12:35:06	581	427	154	True	True
24423	loiane	2018-06-11 14:37:43	ellamaolson	2018-06-19 22:43:22	8	8	0	False	True
24423	loiane	2018-06-11 14:37:43	gkalpak	2018-06-20 17:02:54	6	4	2	False	True
24423	loiane	2018-06-11 14:37:43	sjtrimble	2018-06-15 21:07:52	75	61	14	False	True
24423	loiane	2018-06-11 14:37:43	brandonroberts	2018-06-06 17:17:30	256	125	131	True	True
24423	loiane	2018-06-11 14:37:43	matsko	2018-04-10 22:10:29	51	32	19	True	True
24423	loiane	2018-06-11 14:37:43	alxhub	2018-06-13 15:39:32	57	52	5	False	True
24423	loiane	2018-06-11 14:37:43	petebacondarwin	2018-06-14 22:02:45	16	8	8	False	True
24423	loiane	2018-06-11 14:37:43	mhevery	2018-06-14 17:36:20	14	10	4	False	True
24423	loiane	2018-06-11 14:37:43	brandonroberts	2018-06-13 15:05:24	2056	25	2031	False	True
24423	loiane	2018-06-11 14:37:43	petebacondarwin	2018-05-23 21:20:14	24	14	10	True	True
24423	loiane	2018-06-11 14:37:43	gregmagolan	2018-06-14 18:14:21	2	2	0	False	True
24423	loiane	2018-06-11 14:37:43	alxhub	2018-06-12 23:58:09	136	117	19	False	True
24423	loiane	2018-06-11 14:37:43	alexeagle	2018-06-14 14:37:06	65	35	30	False	True
24423	loiane	2018-06-11 14:37:43	MarkChrisLevy	2017-11-26 18:04:46	7	6	1	True	True
24423	loiane	2018-06-11 14:37:43	pkozlowski-opensource	2018-06-14 13:45:21	70	67	3	False	True
24423	loiane	2018-06-11 14:37:43	cexbrayat	2018-06-13 21:19:06	3	2	1	False	True
24418	pkozlowski-opensource	2018-06-11 12:25:42	pkozlowski-opensource	2018-06-11 09:51:16	99	87	12	True	True
24410	gkalpak	2018-06-11 09:26:36	gkalpak	2018-06-11 09:25:08	13	9	4	True	True
24386	benlesh	2018-06-08 22:29:46	benlesh	2018-06-11 17:33:41	2	1	1	False	True
24386	benlesh	2018-06-08 22:29:46	benlesh	2018-06-11 22:02:01	6	3	3	False	True
24386	benlesh	2018-06-08 22:29:46	benlesh	2018-06-11 21:58:02	2	1	1	False	True
24386	benlesh	2018-06-08 22:29:46	benlesh	2018-06-11 17:22:16	96	96	0	False	True
24386	benlesh	2018-06-08 22:29:46	benlesh	2018-06-11 20:15:45	33	24	9	False	True
24386	benlesh	2018-06-08 22:29:46	benlesh	2018-06-08 23:31:15	53	40	13	False	True
24386	benlesh	2018-06-08 22:29:46	benlesh	2018-06-08 22:25:39	110	85	25	True	True
24386	benlesh	2018-06-08 22:29:46	benlesh	2018-06-08 23:40:31	13	10	3	False	True
24386	benlesh	2018-06-08 22:29:46	benlesh	2018-06-11 22:20:51	4	2	2	False	True
24386	benlesh	2018-06-08 22:29:46	benlesh	2018-06-13 05:19:33	6	3	3	False	True
24386	benlesh	2018-06-08 22:29:46	benlesh	2018-06-11 17:35:52	2	2	0	False	True
24385	kapunahelewong	2018-06-08 20:42:32	kapunahelewong	2018-06-08 20:38:31	4	2	2	True	True
24382	kara	2018-06-08 19:17:31	kara	2018-06-08 21:15:29	86	45	41	False	True
24382	kara	2018-06-08 19:17:31	kara	2018-06-08 05:42:32	1416	766	650	True	True
24382	kara	2018-06-08 19:17:31	kara	2018-06-08 23:32:16	56	18	38	False	True
24382	kara	2018-06-08 19:17:31	kara	2018-06-08 23:24:06	454	234	220	False	True
24381	vicb	2018-06-08 18:44:34	vicb	2018-06-08 18:43:13	1	1	0	True	True
24381	vicb	2018-06-08 18:44:34	vicb	2018-06-08 21:19:00	3	2	1	False	True
24379	benlesh	2018-06-08 18:32:29	benlesh	2018-06-08 17:48:27	146	89	57	True	True
24379	benlesh	2018-06-08 18:32:29	benlesh	2018-06-08 20:05:31	7	5	2	False	True
24379	benlesh	2018-06-08 18:32:29	benlesh	2018-06-08 20:28:21	93	31	62	False	True
24379	benlesh	2018-06-08 18:32:29	benlesh	2018-06-09 00:04:02	15	5	10	False	True
24378	martinsik	2018-06-08 16:15:25	martinsik	2018-06-08 16:13:07	9	6	3	True	True
24378	martinsik	2018-06-08 16:15:25	martinsik	2018-06-09 13:48:40	21	21	0	False	True
24378	martinsik	2018-06-08 16:15:25	martinsik	2018-06-08 15:41:30	25	17	8	True	True
24378	martinsik	2018-06-08 16:15:25	martinsik	2018-06-09 12:40:44	68	38	30	False	True
24377	benlesh	2018-06-08 16:01:53	benlesh	2018-06-08 16:00:01	280	273	7	True	True
24375	fmalcher	2018-06-08 13:05:10	fmalcher	2018-06-08 10:36:47	45	22	23	True	True
24375	fmalcher	2018-06-08 13:05:10	fmalcher	2018-06-08 12:50:30	12	7	5	True	True
24375	fmalcher	2018-06-08 13:05:10	fmalcher	2018-06-08 12:54:33	11	7	4	True	True
24373	fmalcher	2018-06-08 10:39:07	fmalcher	2018-06-08 10:36:47	45	22	23	True	True
24372	gkalpak	2018-06-08 10:00:15	gkalpak	2018-06-08 09:55:15	17	7	10	True	True
24372	gkalpak	2018-06-08 10:00:15	gkalpak	2018-06-08 09:56:01	2	1	1	True	True
24370	gregmagolan	2018-06-08 08:54:03	mrmeku	2018-04-09 06:53:31	224	224	0	True	True
24370	gregmagolan	2018-06-08 08:54:03	gregmagolan	2018-06-06 04:22:11	1512	1181	331	True	True
24367	paulmojicatech	2018-06-08 05:08:51	paulmojicatech	2018-06-08 05:06:44	2	1	1	True	True
24357	StephenFluin	2018-06-07 23:11:32	StephenFluin	2018-06-07 23:09:16	14	14	0	True	True
24356	petebacondarwin	2018-06-07 21:28:14	petebacondarwin	2018-06-07 21:26:14	4	2	2	True	True
24354	martinsik	2018-06-07 19:51:10	martinsik	2018-06-08 06:30:52	9	7	2	False	True
24354	martinsik	2018-06-07 19:51:10	martinsik	2018-06-07 19:37:04	35	24	11	True	True
24351	vicb	2018-06-07 16:43:32	vicb	2018-06-07 16:42:29	10	10	0	True	True
24346	marclaval	2018-06-07 12:39:08	marclaval	2018-06-08 08:16:21	26	14	12	False	True
24346	marclaval	2018-06-07 12:39:08	marclaval	2018-06-12 16:48:40	157	70	87	False	True
24346	marclaval	2018-06-07 12:39:08	marclaval	2018-06-06 15:30:48	308	168	140	True	True
24336	ketan-gote	2018-06-07 05:15:03	ketan-gote	2018-06-07 05:13:02	8	7	1	True	True
24335	kara	2018-06-07 03:45:58	kara	2018-06-07 03:43:17	24	8	16	True	True
24334	alxhub	2018-06-06 22:46:46	alxhub	2018-06-07 19:09:54	29	24	5	False	True
24334	alxhub	2018-06-06 22:46:46	alxhub	2018-06-06 18:23:38	248	172	76	True	True
24323	pkozlowski-opensource	2018-06-06 15:32:17	pkozlowski-opensource	2018-06-06 15:32:21	2	1	1	False	True
24320	petebacondarwin	2018-06-06 11:28:59	petebacondarwin	2018-06-06 11:22:25	37	26	11	True	True
24319	Toxicable	2018-06-06 09:33:29	Toxicable	2018-06-13 09:50:38	8	4	4	False	True
24319	Toxicable	2018-06-06 09:33:29	Toxicable	2018-06-13 09:41:49	2	1	1	False	True
24319	Toxicable	2018-06-06 09:33:29	Toxicable	2018-06-06 09:30:21	2	1	1	True	True
24319	Toxicable	2018-06-06 09:33:29	Toxicable	2018-06-06 09:31:22	338	332	6	True	True
24319	Toxicable	2018-06-06 09:33:29	Toxicable	2018-06-13 08:34:48	4	2	2	False	True
24319	Toxicable	2018-06-06 09:33:29	Toxicable	2018-06-13 09:58:37	2	1	1	False	True
24317	mgol	2018-06-06 09:25:12	mgol	2018-06-06 09:00:41	26	1	25	True	True
24310	vovchik-manko	2018-06-05 20:42:41	vovchik-manko	2018-06-05 20:38:32	1	1	0	True	True
24309	alxhub	2018-06-05 18:39:11	alxhub	2018-06-05 18:38:46	226	192	34	True	True
24308	vicb	2018-06-05 17:12:38	vicb	2018-06-05 17:11:43	52	34	18	True	True
24303	s-gbz	2018-06-05 09:08:32	s-gbz	2018-06-30 06:38:19	11	4	7	False	True
24303	s-gbz	2018-06-05 09:08:32	s-gbz	2018-07-02 19:03:18	7	4	3	False	True
24303	s-gbz	2018-06-05 09:08:32	s-gbz	2018-06-29 06:38:39	17	16	1	False	True
24303	s-gbz	2018-06-05 09:08:32	s-gbz	2018-06-29 07:33:10	5	5	0	False	True
24301	kara	2018-06-04 22:29:20	kara	2018-06-05 22:28:15	368	302	66	False	True
24300	kara	2018-06-04 20:40:05	kara	2018-06-04 20:07:09	85	39	46	True	True
24299	gkalpak	2018-06-04 19:39:07	gkalpak	2018-06-04 19:38:08	23	5	18	True	True
24298	gregmagolan	2018-06-04 19:20:50	gregmagolan	2018-06-04 19:16:16	19	12	7	True	True
24296	alexeagle	2018-06-04 17:33:28	alexeagle	2018-06-04 17:45:27	135	68	67	False	True
24296	alexeagle	2018-06-04 17:33:28	alexeagle	2018-06-04 17:30:34	61	31	30	True	True
24295	vicb	2018-06-04 17:01:16	vicb	2018-06-04 17:00:08	3	2	1	True	True
24293	binki	2018-06-04 14:25:43	binki	2018-06-04 14:20:45	2	1	1	True	True
24289	petebacondarwin	2018-06-04 11:01:55	petebacondarwin	2018-06-04 10:43:15	92	79	13	True	True
24286	ketan-gote	2018-06-04 09:18:00	ketan-gote	2018-06-05 08:33:42	2	1	1	False	True
24286	ketan-gote	2018-06-04 09:18:00	ketan-gote	2018-06-04 09:16:48	6	6	0	True	True
24286	ketan-gote	2018-06-04 09:18:00	ketan-gote	2018-06-06 04:48:19	67	41	26	False	True
24279	gregmagolan	2018-06-04 06:08:49	gregmagolan	2018-06-04 06:06:17	24	16	8	True	True
24279	gregmagolan	2018-06-04 06:08:49	gregmagolan	2018-06-04 22:00:06	8	4	4	False	True
24279	gregmagolan	2018-06-04 06:08:49	gregmagolan	2018-06-04 22:11:40	9	6	3	False	True
24279	gregmagolan	2018-06-04 06:08:49	gregmagolan	2018-06-04 21:58:23	1	1	0	False	True
24269	KellyMarchewa	2018-06-02 22:04:50	KellyMarchewa	2018-06-02 21:56:47	2	1	1	True	True
24264	kara	2018-06-02 02:30:37	kara	2018-06-02 02:28:20	61	35	26	True	True
24263	kara	2018-06-02 01:57:16	kara	2018-06-02 01:54:23	59	20	39	True	True
24262	kara	2018-06-02 01:22:25	kara	2018-06-02 01:14:05	65	29	36	True	True
24260	kara	2018-06-01 21:50:46	kara	2018-06-01 21:46:28	74	27	47	True	True
24258	alxhub	2018-06-01 19:14:15	alxhub	2018-06-01 19:02:48	32	31	1	True	True
24255	brandonroberts	2018-06-01 16:44:11	brandonroberts	2018-06-01 12:35:06	581	427	154	True	True
24255	brandonroberts	2018-06-01 16:44:11	brandonroberts	2018-06-11 19:24:00	257	141	116	False	True
24255	brandonroberts	2018-06-01 16:44:11	brandonroberts	2018-06-07 18:31:25	67	41	26	False	True
24255	brandonroberts	2018-06-01 16:44:11	brandonroberts	2018-06-06 17:17:30	256	125	131	False	True
24255	brandonroberts	2018-06-01 16:44:11	brandonroberts	2018-06-07 18:37:01	123	73	50	False	True
24255	brandonroberts	2018-06-01 16:44:11	brandonroberts	2018-06-07 18:41:26	4	2	2	False	True
24255	brandonroberts	2018-06-01 16:44:11	IgorMinar	2018-06-12 19:15:47	125	24	101	False	True
24255	brandonroberts	2018-06-01 16:44:11	brandonroberts	2018-06-11 20:48:35	150	92	58	False	True
24254	pkozlowski-opensource	2018-06-01 15:22:49	pkozlowski-opensource	2018-06-01 15:01:24	132	126	6	True	True
24249	alan-agius4	2018-06-01 10:13:44	alan-agius4	2018-06-01 20:09:01	64	32	32	False	True
24239	vikerman	2018-06-01 02:31:53	vikerman	2018-06-01 02:29:02	23	23	0	True	True
