pr_number	author_user_login	pr_created_at	commit_user_login	commit_created_at	commit_status_total	commit_status_additions	commit_status_deletions	create_before_pr	is_review_commit
829	vsavkin	2015-02-27 17:36:04	vsavkin	2015-02-27 15:56:50	187	154	33	True	True
828	tbosch	2015-02-27 17:34:25	tbosch	2015-02-27 17:07:16	94	53	41	True	True
823	jeffbcross	2015-02-26 22:04:18	jeffbcross	2015-02-26 21:53:21	77	76	1	True	True
812	b-laporte	2015-02-26 15:03:29	b-laporte	2015-02-26 14:56:19	24	13	11	True	True
803	tbosch	2015-02-26 01:43:56	tbosch	2015-02-26 01:43:33	51	27	24	True	True
796	kegluneq	2015-02-25 22:35:25	tim-blair	2015-02-25 19:27:32	30	25	5	True	True
790	kegluneq	2015-02-25 19:27:52	kegluneq	2015-02-25 19:27:32	29	24	5	True	True
783	pkozlowski-opensource	2015-02-25 14:32:20	pkozlowski-opensource	2015-02-25 14:30:37	99	91	8	True	True
780	kegluneq	2015-02-25 02:08:11	tim-blair	2015-02-24 01:38:34	397	278	119	True	True
765	tbosch	2015-02-24 02:01:45	tbosch	2015-02-25 00:37:45	17	16	1	False	True
765	tbosch	2015-02-24 02:01:45	tbosch	2015-02-24 01:56:47	451	259	192	True	True
765	tbosch	2015-02-24 02:01:45	tbosch	2015-02-24 22:52:05	158	96	62	False	True
764	vsavkin	2015-02-23 23:36:35	vsavkin	2015-02-11 19:10:31	291	283	8	True	True
764	vsavkin	2015-02-23 23:36:35	vsavkin	2015-02-23 23:26:53	209	53	156	True	True
749	pkozlowski-opensource	2015-02-21 19:52:03	pkozlowski-opensource	2015-02-21 19:50:45	51	51	0	True	True
732	vsavkin	2015-02-20 17:42:04	vsavkin	2015-02-20 01:47:25	337	236	101	True	True
729	PascalPrecht	2015-02-20 11:05:59	PascalPrecht	2015-06-22 08:52:00	107	107	0	False	True
725	rkirov	2015-02-20 03:11:00	rkirov	2015-02-20 03:10:16	160	117	43	True	True
720	yjbanov	2015-02-19 22:25:25	yjbanov	2015-02-21 01:44:23	324	263	61	False	True
714	mprobst	2015-02-19 14:29:35	mprobst	2015-02-19 17:56:59	4382	2012	2370	False	True
713	marclaval	2015-02-19 12:40:19	marclaval	2015-02-19 10:18:23	113	84	29	True	True
706	kegluneq	2015-02-19 01:34:15	tim-blair	2015-02-19 18:20:38	144	53	91	False	True
685	vsavkin	2015-02-17 21:50:39	vsavkin	2015-02-12 22:56:41	693	436	257	True	True
672	pkozlowski-opensource	2015-02-16 14:22:57	pkozlowski-opensource	2015-02-16 13:55:00	55	38	17	True	True
672	pkozlowski-opensource	2015-02-16 14:22:57	pkozlowski-opensource	2015-02-16 13:35:27	14	13	1	True	True
668	vicb	2015-02-16 09:22:22	vicb	2015-02-16 09:21:54	20	10	10	True	True
655	yjbanov	2015-02-14 01:31:23	yjbanov	2015-02-14 01:30:56	55	51	4	True	True
646	kegluneq	2015-02-13 17:16:09	tim-blair	2015-02-11 19:16:45	555	271	284	True	True
646	kegluneq	2015-02-13 17:16:09	tim-blair	2015-02-11 17:27:03	27	16	11	True	True
646	kegluneq	2015-02-13 17:16:09	tim-blair	2015-02-07 01:01:02	190	163	27	True	True
646	kegluneq	2015-02-13 17:16:09	tim-blair	2015-02-09 21:03:35	281	224	57	True	True
646	kegluneq	2015-02-13 17:16:09	tim-blair	2015-02-12 17:38:23	1	1	0	True	True
646	kegluneq	2015-02-13 17:16:09	tim-blair	2015-02-10 00:20:05	146	88	58	True	True
646	kegluneq	2015-02-13 17:16:09	tim-blair	2015-02-10 01:31:49	610	310	300	True	True
646	kegluneq	2015-02-13 17:16:09	tim-blair	2015-02-10 22:00:11	2	1	1	True	True
646	kegluneq	2015-02-13 17:16:09	tim-blair	2015-02-14 00:15:54	9	8	1	False	True
646	kegluneq	2015-02-13 17:16:09	tim-blair	2015-02-09 22:19:17	127	95	32	True	True
646	kegluneq	2015-02-13 17:16:09	tim-blair	2015-02-17 16:38:54	3969	2927	1042	False	True
646	kegluneq	2015-02-13 17:16:09	tim-blair	2015-02-12 01:00:59	855	451	404	True	True
646	kegluneq	2015-02-13 17:16:09	tim-blair	2015-02-12 22:15:35	109	109	0	True	True
646	kegluneq	2015-02-13 17:16:09	tim-blair	2015-02-06 19:10:53	647	647	0	True	True
646	kegluneq	2015-02-13 17:16:09	tim-blair	2015-02-12 01:15:14	2	2	0	True	True
646	kegluneq	2015-02-13 17:16:09	tim-blair	2015-02-14 00:36:18	3	2	1	False	True
646	kegluneq	2015-02-13 17:16:09	tim-blair	2015-02-11 20:13:13	63	24	39	True	True
646	kegluneq	2015-02-13 17:16:09	tim-blair	2015-02-13 17:12:16	135	18	117	True	True
646	kegluneq	2015-02-13 17:16:09	tim-blair	2015-02-13 23:50:02	2617	1473	1144	False	True
624	kevmoo	2015-02-12 05:07:59	kevmoo	2015-02-17 04:04:03	48	0	48	False	True
623	kevmoo	2015-02-12 05:07:17	kevmoo	2015-02-12 05:04:52	16	10	6	True	True
617	vsavkin	2015-02-12 00:28:36	vsavkin	2015-02-12 00:28:10	70	59	11	True	True
610	yjbanov	2015-02-11 22:14:34	yjbanov	2015-02-11 22:54:59	92	87	5	False	True
608	tbosch	2015-02-11 19:41:52	tbosch	2015-02-11 19:40:29	301	189	112	True	True
600	marclaval	2015-02-11 00:04:47	marclaval	2015-02-11 00:03:11	34	30	4	True	True
597	rkirov	2015-02-10 22:49:44	rkirov	2015-02-10 22:43:59	37	31	6	True	True
587	vicb	2015-02-09 14:15:41	vicb	2015-02-09 14:11:31	564	495	69	True	True
586	rkirov	2015-02-09 07:30:18	rkirov	2015-02-07 01:03:40	121	118	3	True	True
584	PatrickJS	2015-02-09 06:46:06	PatrickJS	2015-02-09 06:45:49	34	34	0	True	True
578	mhevery	2015-02-08 21:57:56	mhevery	2015-02-08 21:57:08	257	251	6	True	True
570	b-laporte	2015-02-06 23:47:40	b-laporte	2015-02-06 23:41:02	478	354	124	True	True
564	kegluneq	2015-02-06 20:39:55	tim-blair	2015-02-06 19:10:53	647	647	0	True	True
563	jelbourn	2015-02-06 20:36:24	jelbourn	2015-02-06 20:17:34	245	224	21	True	True
559	marclaval	2015-02-06 06:26:16	marclaval	2015-02-05 19:13:32	81	73	8	True	True
557	yjbanov	2015-02-06 06:12:02	yjbanov	2015-02-06 19:40:16	13	12	1	False	True
553	pkozlowski-opensource	2015-02-06 00:54:16	pkozlowski-opensource	2015-02-06 00:49:42	121	118	3	True	True
548	vsavkin	2015-02-05 21:29:02	vsavkin	2015-02-04 19:45:33	204	173	31	True	True
548	vsavkin	2015-02-05 21:29:02	vsavkin	2015-02-06 17:16:55	28	10	18	False	True
547	alexeagle	2015-02-05 20:06:44	alexeagle	2015-02-05 00:40:04	22	15	7	True	True
547	alexeagle	2015-02-05 20:06:44	alexeagle	2015-02-06 00:24:01	45	32	13	False	True
547	alexeagle	2015-02-05 20:06:44	alexeagle	2015-02-06 00:26:32	52	27	25	False	True
542	alexeagle	2015-02-04 23:00:23	alexeagle	2015-02-04 22:59:12	44	38	6	True	True
540	pkozlowski-opensource	2015-02-04 21:32:32	vsavkin	2015-02-03 15:27:09	306	297	9	True	True
540	pkozlowski-opensource	2015-02-04 21:32:32	btford	2015-02-04 20:42:52	2	1	1	True	True
540	pkozlowski-opensource	2015-02-04 21:32:32	vsavkin	2015-02-03 01:40:54	41	22	19	True	True
540	pkozlowski-opensource	2015-02-04 21:32:32	kevmoo	2015-01-29 17:50:49	361	168	193	True	True
540	pkozlowski-opensource	2015-02-04 21:32:32	vsavkin	2015-02-03 01:31:12	162	60	102	True	True
540	pkozlowski-opensource	2015-02-04 21:32:32	pkozlowski-opensource	2015-02-04 21:31:04	222	216	6	True	True
540	pkozlowski-opensource	2015-02-04 21:32:32	kevmoo	2015-02-03 20:07:48	4	0	4	True	True
540	pkozlowski-opensource	2015-02-04 21:32:32	vsavkin	2015-02-02 18:11:45	60	35	25	True	True
540	pkozlowski-opensource	2015-02-04 21:32:32	b-laporte	2015-02-04 22:35:10	108	105	3	False	True
540	pkozlowski-opensource	2015-02-04 21:32:32	vsavkin	2015-01-28 02:01:05	161	100	61	True	True
540	pkozlowski-opensource	2015-02-04 21:32:32	vsavkin	2015-02-01 20:09:35	201	200	1	True	True
539	marclaval	2015-02-04 21:30:04	marclaval	2015-02-04 21:27:31	340	158	182	True	True
537	vsavkin	2015-02-04 14:44:55	vsavkin	2015-02-03 15:27:09	306	297	9	True	True
530	b-laporte	2015-02-04 02:25:11	b-laporte	2015-02-04 01:05:29	46	39	7	True	True
529	alexeagle	2015-02-04 00:57:26	alexeagle	2015-02-04 00:55:15	7	4	3	True	True
513	vsavkin	2015-02-02 18:12:03	vsavkin	2015-02-02 18:11:45	60	35	25	True	True
512	vsavkin	2015-02-01 20:25:30	vsavkin	2015-02-03 01:31:12	162	60	102	False	True
512	vsavkin	2015-02-01 20:25:30	vsavkin	2015-02-01 20:09:35	201	200	1	True	True
512	vsavkin	2015-02-01 20:25:30	vsavkin	2015-02-03 01:40:54	41	22	19	False	True
