pr_number	author_user_login	pr_created_at	commit_user_login	commit_created_at	commit_status_total	commit_status_additions	commit_status_deletions	create_before_pr	is_review_commit
15688	gkalpak	2017-03-31 23:44:40	gkalpak	2017-03-31 23:21:11	48	44	4	True	True
15688	gkalpak	2017-03-31 23:44:40	gkalpak	2017-04-01 12:09:39	22	19	3	False	True
15688	gkalpak	2017-03-31 23:44:40	gkalpak	2017-03-31 23:24:25	385	366	19	True	True
15688	gkalpak	2017-03-31 23:44:40	gkalpak	2017-03-31 23:17:19	19	16	3	True	True
15687	petebacondarwin	2017-03-31 23:07:51	petebacondarwin	2017-03-31 23:07:14	17	15	2	True	True
15683	wardbell	2017-03-31 21:17:37	wardbell	2017-04-02 01:11:39	10	3	7	False	True
15680	petebacondarwin	2017-03-31 20:11:29	petebacondarwin	2017-03-31 20:10:54	565	552	13	True	True
15678	sjtrimble	2017-03-31 18:13:42	sjtrimble	2017-03-31 18:00:02	37	25	12	True	True
15676	wardbell	2017-03-31 17:45:53	wardbell	2017-03-31 17:32:55	29	15	14	True	True
15673	petebacondarwin	2017-03-31 17:24:40	petebacondarwin	2017-03-31 17:23:06	2	1	1	True	True
15672	DzmitryShylovich	2017-03-31 17:07:41	DzmitryShylovich	2017-03-31 17:05:19	57	56	1	True	True
15668	chrisse27	2017-03-31 14:47:16	chrisse27	2017-03-31 14:37:20	49	42	7	True	True
15662	petebacondarwin	2017-03-31 11:24:47	petebacondarwin	2017-03-31 11:23:16	6930	1350	5580	True	True
15661	wardbell	2017-03-31 10:18:55	wardbell	2017-03-31 10:14:23	42	42	0	True	True
15660	wardbell	2017-03-31 09:54:00	wardbell	2017-03-31 09:50:15	300	284	16	True	True
15659	dherges	2017-03-31 09:47:55	dherges	2017-04-18 19:42:18	13	12	1	False	True
15656	wardbell	2017-03-31 08:29:10	wardbell	2017-03-30 23:51:51	277	269	8	True	True
15655	wardbell	2017-03-31 08:15:52	wardbell	2017-03-31 08:11:07	84	2	82	True	True
15651	royling	2017-03-31 06:19:39	kapunahelewong	2017-06-18 03:17:14	65	8	57	False	True
15651	royling	2017-03-31 06:19:39	alxhub	2017-06-12 17:59:29	188	91	97	False	True
15651	royling	2017-03-31 06:19:39	pkozlowski-opensource	2017-06-15 13:29:02	114	58	56	False	True
15651	royling	2017-03-31 06:19:39	chuckjaz	2017-06-20 17:36:04	54	45	9	False	True
15651	royling	2017-03-31 06:19:39	filipesilva	2017-06-13 11:43:26	8	4	4	False	True
15651	royling	2017-03-31 06:19:39	wardbell	2017-06-21 18:58:24	117	114	3	False	True
15651	royling	2017-03-31 06:19:39	chuckjaz	2017-06-19 18:12:48	7	4	3	False	True
15651	royling	2017-03-31 06:19:39	chuckjaz	2017-06-21 22:05:11	41	36	5	False	True
15651	royling	2017-03-31 06:19:39	petebacondarwin	2017-06-21 13:16:56	4	2	2	False	True
15651	royling	2017-03-31 06:19:39	juleskremer	2017-06-13 17:50:22	80	40	40	False	True
15651	royling	2017-03-31 06:19:39	ExplodingCabbage	2017-04-08 15:36:05	2	1	1	False	True
15651	royling	2017-03-31 06:19:39	wardbell	2017-06-21 20:17:12	10	9	1	False	True
15651	royling	2017-03-31 06:19:39	dherges	2017-06-16 06:17:31	4	2	2	False	True
15651	royling	2017-03-31 06:19:39	chuckjaz	2017-06-20 18:24:26	22	13	9	False	True
15651	royling	2017-03-31 06:19:39	stevermeister	2017-06-14 17:39:12	7	7	0	False	True
15651	royling	2017-03-31 06:19:39	petebacondarwin	2017-06-21 13:18:26	19	18	1	False	True
15651	royling	2017-03-31 06:19:39	DanLipsitt	2017-06-20 20:23:34	1	1	0	False	True
15651	royling	2017-03-31 06:19:39	wardbell	2017-06-19 22:29:08	5	3	2	False	True
15651	royling	2017-03-31 06:19:39	wardbell	2017-06-19 18:08:30	76	51	25	False	True
15651	royling	2017-03-31 06:19:39	laco0416	2017-04-24 08:03:00	7	7	0	False	True
15651	royling	2017-03-31 06:19:39	sumitknoldus	2017-03-02 06:55:14	2	1	1	True	True
15651	royling	2017-03-31 06:19:39	chuckjaz	2017-06-19 17:07:54	9	7	2	False	True
15651	royling	2017-03-31 06:19:39	hansl	2017-06-22 00:21:39	26	26	0	False	True
15651	royling	2017-03-31 06:19:39	ExplodingCabbage	2017-04-08 15:38:49	12	6	6	False	True
15651	royling	2017-03-31 06:19:39	hansl	2017-06-22 00:16:04	6	3	3	False	True
15651	royling	2017-03-31 06:19:39	wardbell	2017-06-20 06:32:30	1469	1035	434	False	True
15651	royling	2017-03-31 06:19:39	shefalisinha	2017-06-14 21:39:15	214	111	103	False	True
15651	royling	2017-03-31 06:19:39	shefalisinha	2017-06-09 19:07:08	817	817	0	False	True
15651	royling	2017-03-31 06:19:39	hansl	2017-06-22 00:01:14	17	17	0	False	True
15651	royling	2017-03-31 06:19:39	bmarkov	2017-06-22 21:52:58	8	7	1	False	True
15648	sjtrimble	2017-03-31 04:57:24	sjtrimble	2017-03-30 23:59:03	62	31	31	True	True
15648	sjtrimble	2017-03-31 04:57:24	sjtrimble	2017-03-30 19:21:50	7	6	1	True	True
15648	sjtrimble	2017-03-31 04:57:24	sjtrimble	2017-03-30 19:21:50	178	127	51	True	True
15646	chuckjaz	2017-03-31 01:35:14	chuckjaz	2017-03-30 17:44:20	20	13	7	True	True
15646	chuckjaz	2017-03-31 01:35:14	chuckjaz	2017-03-31 00:33:47	3	3	0	True	True
15644	wardbell	2017-03-30 22:20:23	wardbell	2017-03-30 22:17:05	2	1	1	True	True
15642	devversion	2017-03-30 21:20:52	devversion	2017-03-30 21:31:22	26	21	5	False	True
15641	petebacondarwin	2017-03-30 21:07:16	petebacondarwin	2017-03-30 21:06:33	4	2	2	True	True
15636	sjtrimble	2017-03-30 19:44:14	sjtrimble	2017-03-30 19:21:50	180	128	52	True	True
15635	petebacondarwin	2017-03-30 19:05:41	petebacondarwin	2017-03-30 19:27:51	2092	0	2092	False	True
15635	petebacondarwin	2017-03-30 19:05:41	petebacondarwin	2017-03-30 20:21:40	4	2	2	False	True
15635	petebacondarwin	2017-03-30 19:05:41	petebacondarwin	2017-03-30 20:01:15	1838	1833	5	False	True
15635	petebacondarwin	2017-03-30 19:05:41	petebacondarwin	2017-03-30 19:04:18	3871	3788	83	True	True
15628	gkalpak	2017-03-30 17:05:41	gkalpak	2017-03-30 17:03:29	23	21	2	True	True
15621	ocombe	2017-03-30 14:23:44	ocombe	2017-05-17 08:41:39	130	88	42	False	True
15621	ocombe	2017-03-30 14:23:44	ocombe	2017-05-17 08:27:43	114	47	67	False	True
15621	ocombe	2017-03-30 14:23:44	ocombe	2017-06-07 13:14:33	1921	1596	325	False	True
15620	DzmitryShylovich	2017-03-30 14:17:26	DzmitryShylovich	2017-03-30 14:14:22	23	15	8	True	True
15606	IgorMinar	2017-03-30 08:32:46	IgorMinar	2017-03-30 08:31:58	28	11	17	True	True
15605	wardbell	2017-03-30 07:53:09	wardbell	2017-03-30 02:07:11	481	377	104	True	True
15600	chuckjaz	2017-03-29 22:37:49	chuckjaz	2017-03-29 22:33:30	46	44	2	True	True
15599	tbosch	2017-03-29 22:28:00	tbosch	2017-03-28 23:43:54	25	23	2	True	True
15598	DzmitryShylovich	2017-03-29 21:05:28	DzmitryShylovich	2017-03-29 21:02:49	27	8	19	True	True
15583	tbosch	2017-03-29 17:57:11	tbosch	2017-03-29 15:46:04	491	436	55	True	True
15580	tbosch	2017-03-29 15:46:37	tbosch	2017-03-28 23:43:54	64	46	18	True	True
15574	matsko	2017-03-29 08:20:54	matsko	2017-05-02 22:45:48	1213	395	818	False	True
15574	matsko	2017-03-29 08:20:54	matsko	2017-05-12 21:32:51	172	149	23	False	True
15574	matsko	2017-03-29 08:20:54	matsko	2017-04-26 17:44:28	9915	7715	2200	False	True
15572	DzmitryShylovich	2017-03-29 07:36:38	DzmitryShylovich	2017-03-29 07:32:09	14	14	0	True	True
15570	wardbell	2017-03-29 01:55:51	wardbell	2017-03-25 06:30:29	1026	706	320	True	True
15569	chuckjaz	2017-03-29 00:16:55	chuckjaz	2017-03-28 23:21:49	4	3	1	True	True
15565	DzmitryShylovich	2017-03-28 20:19:41	DzmitryShylovich	2017-03-28 20:17:00	6	4	2	True	True
15564	DzmitryShylovich	2017-03-28 19:13:46	DzmitryShylovich	2017-03-28 19:11:44	24	22	2	True	True
15561	gkalpak	2017-03-28 18:25:10	gkalpak	2017-03-27 14:21:20	639	636	3	True	True
15560	chuckjaz	2017-03-28 17:50:50	chuckjaz	2017-03-28 17:47:00	31	28	3	True	True
15559	Foxandxss	2017-03-28 17:31:15	Foxandxss	2017-03-28 17:29:47	698	693	5	True	True
15558	hotforfeature	2017-03-28 16:17:25	hotforfeature	2017-03-28 19:18:15	7	5	2	False	True
15558	hotforfeature	2017-03-28 16:17:25	hotforfeature	2017-03-28 16:10:16	36	33	3	True	True
15554	petebacondarwin	2017-03-28 14:09:27	petebacondarwin	2017-03-28 14:08:21	69	48	21	True	True
15544	wardbell	2017-03-28 03:10:07	wardbell	2017-03-28 20:15:53	41	29	12	False	True
15544	wardbell	2017-03-28 03:10:07	wardbell	2017-03-27 18:01:29	491	478	13	True	True
15543	chuckjaz	2017-03-28 02:29:56	chuckjaz	2017-03-27 18:43:08	74	61	13	True	True
15541	sjtrimble	2017-03-28 00:34:48	sjtrimble	2017-03-27 20:08:28	33	30	3	True	True
15541	sjtrimble	2017-03-28 00:34:48	sjtrimble	2017-03-29 00:30:34	18	11	7	False	True
15541	sjtrimble	2017-03-28 00:34:48	sjtrimble	2017-03-27 18:41:55	92	48	44	True	True
15541	sjtrimble	2017-03-28 00:34:48	sjtrimble	2017-03-27 22:37:11	50	38	12	True	True
15541	sjtrimble	2017-03-28 00:34:48	sjtrimble	2017-03-29 00:15:02	160	80	80	False	True
15540	matsko	2017-03-27 23:57:22	matsko	2017-03-27 23:55:31	125	123	2	True	True
15539	vicb	2017-03-27 23:54:38	vicb	2017-03-27 18:53:19	241	129	112	True	True
15534	petebacondarwin	2017-03-27 20:15:38	petebacondarwin	2017-03-27 20:15:00	2	1	1	True	True
15530	chuckjaz	2017-03-27 19:06:41	chuckjaz	2017-03-27 18:58:39	3	2	1	True	True
15529	chuckjaz	2017-03-27 18:49:58	chuckjaz	2017-03-27 18:47:28	2	1	1	True	True
15526	gkalpak	2017-03-27 17:21:14	gkalpak	2017-03-27 16:13:50	363	287	76	True	True
15526	gkalpak	2017-03-27 17:21:14	gkalpak	2017-03-27 16:12:39	579	11	568	True	True
15516	petebacondarwin	2017-03-27 08:00:51	petebacondarwin	2017-03-27 07:38:47	2	1	1	True	True
15516	petebacondarwin	2017-03-27 08:00:51	petebacondarwin	2017-03-27 07:57:23	24	23	1	True	True
15512	adam77	2017-03-27 02:23:13	adam77	2017-03-27 02:21:59	2	1	1	True	True
15508	mhevery	2017-03-26 17:39:34	mhevery	2017-03-24 16:54:02	243	126	117	True	True
15505	DzmitryShylovich	2017-03-26 14:21:47	DzmitryShylovich	2017-03-26 14:36:44	10	2	8	False	True
15505	DzmitryShylovich	2017-03-26 14:21:47	DzmitryShylovich	2017-03-26 14:15:10	42	12	30	True	True
15503	diestrin	2017-03-26 13:30:56	diestrin	2017-03-26 13:26:19	30	28	2	True	True
15500	petebacondarwin	2017-03-26 11:40:07	petebacondarwin	2017-03-26 11:35:40	28	24	4	True	True
15499	DzmitryShylovich	2017-03-26 10:22:18	DzmitryShylovich	2017-03-26 10:20:09	85	78	7	True	True
15498	petebacondarwin	2017-03-26 10:12:29	petebacondarwin	2017-03-26 10:11:45	27	10	17	True	True
15493	epelc	2017-03-26 02:49:21	epelc	2017-03-26 02:48:36	4	2	2	True	True
15492	petebacondarwin	2017-03-25 21:34:46	petebacondarwin	2017-03-28 09:12:28	17	9	8	False	True
15489	DzmitryShylovich	2017-03-25 21:20:38	DzmitryShylovich	2017-03-25 21:18:04	12	6	6	True	True
15483	wardbell	2017-03-25 08:58:37	wardbell	2017-03-25 06:30:29	194	156	38	True	True
15483	wardbell	2017-03-25 08:58:37	wardbell	2017-03-25 22:10:52	289	195	94	False	True
15483	wardbell	2017-03-25 08:58:37	wardbell	2017-03-26 05:57:21	134	99	35	False	True
15483	wardbell	2017-03-25 08:58:37	wardbell	2017-03-26 09:03:17	23	11	12	False	True
15483	wardbell	2017-03-25 08:58:37	wardbell	2017-03-26 17:14:54	126	77	49	False	True
15480	wKoza	2017-03-25 06:56:29	wKoza	2017-12-01 10:08:46	14	14	0	False	True
15478	sjtrimble	2017-03-25 04:12:38	sjtrimble	2017-03-24 00:07:43	34	20	14	True	True
15478	sjtrimble	2017-03-25 04:12:38	sjtrimble	2017-03-23 23:57:35	92	89	3	True	True
15478	sjtrimble	2017-03-25 04:12:38	sjtrimble	2017-03-24 00:42:31	55	52	3	True	True
15472	mhevery	2017-03-24 21:57:26	mhevery	2017-03-22 23:38:44	2549	1288	1261	True	True
15470	chuckjaz	2017-03-24 20:58:23	chuckjaz	2017-03-24 20:47:59	11	10	1	True	True
15467	DzmitryShylovich	2017-03-24 18:20:47	DzmitryShylovich	2017-03-24 18:32:17	116	84	32	False	True
15467	DzmitryShylovich	2017-03-24 18:20:47	DzmitryShylovich	2017-03-24 18:14:21	346	173	173	True	True
15463	wardbell	2017-03-24 16:44:19	wardbell	2017-03-24 16:39:59	54	27	27	True	True
15462	petebacondarwin	2017-03-24 16:35:38	petebacondarwin	2017-03-27 15:37:44	10	9	1	False	True
15462	petebacondarwin	2017-03-24 16:35:38	petebacondarwin	2017-03-27 12:57:18	6	3	3	False	True
15462	petebacondarwin	2017-03-24 16:35:38	petebacondarwin	2017-03-27 17:09:56	19	18	1	False	True
15462	petebacondarwin	2017-03-24 16:35:38	petebacondarwin	2017-03-27 15:09:30	3	2	1	False	True
15462	petebacondarwin	2017-03-24 16:35:38	petebacondarwin	2017-03-27 15:38:14	10	3	7	False	True
15461	ocombe	2017-03-24 16:10:05	ocombe	2017-03-24 16:07:40	11	9	2	True	True
15458	gkalpak	2017-03-24 14:25:11	gkalpak	2017-03-24 14:12:49	60	27	33	True	True
15458	gkalpak	2017-03-24 14:25:11	gkalpak	2017-03-24 14:20:23	8	4	4	True	True
15458	gkalpak	2017-03-24 14:25:11	gkalpak	2017-03-24 14:15:44	20	10	10	True	True
15455	thomaspink	2017-03-24 10:00:50	thomaspink	2017-03-24 09:53:09	4	2	2	True	True
15449	jnizet	2017-03-24 08:44:49	jnizet	2017-03-24 08:06:27	6	3	3	True	True
15440	IgorMinar	2017-03-24 00:05:42	IgorMinar	2017-03-24 00:05:12	2	1	1	True	True
15438	DzmitryShylovich	2017-03-23 22:21:57	DzmitryShylovich	2017-03-23 22:59:17	63	55	8	False	True
15438	DzmitryShylovich	2017-03-23 22:21:57	DzmitryShylovich	2017-03-23 22:19:35	159	78	81	True	True
15436	vicb	2017-03-23 21:33:08	vicb	2017-03-01 01:50:05	196	93	103	True	True
15434	IgorMinar	2017-03-23 20:54:05	IgorMinar	2017-03-23 21:14:53	12	8	4	False	True
15434	IgorMinar	2017-03-23 20:54:05	IgorMinar	2017-03-23 20:53:30	6	6	0	True	True
15430	chuckjaz	2017-03-23 18:30:12	chuckjaz	2017-03-23 18:13:54	9	8	1	True	True
15429	tbosch	2017-03-23 18:22:50	tbosch	2017-03-23 18:22:26	62	47	15	True	True
15426	DzmitryShylovich	2017-03-23 14:16:39	DzmitryShylovich	2017-03-23 14:14:30	33	9	24	True	True
15425	petebacondarwin	2017-03-23 14:14:17	petebacondarwin	2017-03-23 12:54:29	96	63	33	True	True
15425	petebacondarwin	2017-03-23 14:14:17	petebacondarwin	2017-03-25 21:07:34	284	282	2	False	True
15414	petebacondarwin	2017-03-23 09:04:55	petebacondarwin	2017-03-23 09:03:11	17	16	1	True	True
15413	wKoza	2017-03-23 06:40:48	wKoza	2017-03-23 06:35:48	1	1	0	True	True
15412	IgorMinar	2017-03-23 06:28:27	IgorMinar	2017-03-23 06:28:05	61	34	27	True	True
15411	sjtrimble	2017-03-23 04:49:53	sjtrimble	2017-03-23 05:34:53	58	44	14	False	True
15411	sjtrimble	2017-03-23 04:49:53	sjtrimble	2017-03-23 18:58:59	26	21	5	False	True
15411	sjtrimble	2017-03-23 04:49:53	sjtrimble	2017-03-23 04:45:46	4	2	2	True	True
15411	sjtrimble	2017-03-23 04:49:53	sjtrimble	2017-03-21 23:26:44	30	24	6	True	True
15411	sjtrimble	2017-03-23 04:49:53	sjtrimble	2017-03-23 19:34:31	10	8	2	False	True
15411	sjtrimble	2017-03-23 04:49:53	sjtrimble	2017-03-23 22:31:24	3	2	1	False	True
15411	sjtrimble	2017-03-23 04:49:53	sjtrimble	2017-03-23 08:02:55	12	5	7	False	True
15411	sjtrimble	2017-03-23 04:49:53	sjtrimble	2017-03-23 03:22:06	60	51	9	True	True
15409	wardbell	2017-03-23 01:13:26	wardbell	2017-03-16 07:33:48	520	386	134	True	True
15408	kuncevic	2017-03-23 00:59:32	kuncevic	2017-03-23 03:24:34	10	5	5	False	True
15408	kuncevic	2017-03-23 00:59:32	kuncevic	2017-03-23 00:57:03	4	2	2	True	True
15406	kuncevic	2017-03-23 00:05:48	kuncevic	2017-03-23 00:02:50	2	1	1	True	True
15405	mhevery	2017-03-22 23:59:30	mhevery	2017-03-24 16:59:41	291	147	144	False	True
15405	mhevery	2017-03-22 23:59:30	mhevery	2017-03-24 16:54:02	220	111	109	False	True
15405	mhevery	2017-03-22 23:59:30	mhevery	2017-03-24 16:55:16	232	121	111	False	True
15405	mhevery	2017-03-22 23:59:30	mhevery	2017-03-24 16:59:18	268	138	130	False	True
15405	mhevery	2017-03-22 23:59:30	mhevery	2017-03-24 16:56:50	138	69	69	False	True
15405	mhevery	2017-03-22 23:59:30	mhevery	2017-03-24 16:54:51	688	349	339	False	True
15405	mhevery	2017-03-22 23:59:30	mhevery	2017-03-24 16:57:32	429	218	211	False	True
15405	mhevery	2017-03-22 23:59:30	mhevery	2017-03-24 16:55:52	516	260	256	False	True
15405	mhevery	2017-03-22 23:59:30	mhevery	2017-03-24 16:57:05	27	14	13	False	True
15405	mhevery	2017-03-22 23:59:30	mhevery	2017-03-22 23:38:44	2480	1256	1224	True	True
15405	mhevery	2017-03-22 23:59:30	mhevery	2017-03-24 17:00:25	1	1	0	False	True
15405	mhevery	2017-03-22 23:59:30	mhevery	2017-03-24 16:56:34	162	81	81	False	True
15401	gkalpak	2017-03-22 21:09:53	gkalpak	2017-03-22 20:46:19	2	1	1	True	True
15400	mikeybyker	2017-03-22 20:16:36	mikeybyker	2017-03-22 20:11:43	38	30	8	True	True
15397	jnizet	2017-03-22 18:22:26	jnizet	2017-03-22 18:19:27	2	1	1	True	True
15391	alexeagle	2017-03-22 13:50:26	alexeagle	2017-03-22 13:50:12	2	1	1	True	True
15387	DzmitryShylovich	2017-03-22 09:03:12	DzmitryShylovich	2017-03-22 09:01:12	159	85	74	True	True
15386	ocombe	2017-03-22 09:01:46	ocombe	2017-03-22 08:59:12	2	1	1	True	True
15385	vicb	2017-03-22 08:53:09	vicb	2017-03-22 07:42:31	84	77	7	True	True
15383	wardbell	2017-03-22 07:00:21	petebacondarwin	2017-03-27 09:04:48	82	81	1	False	True
15383	wardbell	2017-03-22 07:00:21	wardbell	2017-03-26 20:32:29	1011	872	139	False	True
15382	petebacondarwin	2017-03-22 06:54:58	petebacondarwin	2017-03-22 14:59:40	153	116	37	False	True
15375	kuncevic	2017-03-22 02:52:34	kuncevic	2017-03-22 04:16:43	2	1	1	False	True
15375	kuncevic	2017-03-22 02:52:34	kuncevic	2017-03-22 03:10:01	6	3	3	False	True
15375	kuncevic	2017-03-22 02:52:34	kuncevic	2017-03-22 02:44:12	6	3	3	True	True
15374	chuckjaz	2017-03-21 23:55:54	chuckjaz	2017-03-21 23:52:21	30	6	24	True	True
15367	chuckjaz	2017-03-21 21:20:26	chuckjaz	2017-03-20 23:31:11	328	311	17	True	True
15367	chuckjaz	2017-03-21 21:20:26	chuckjaz	2017-03-20 23:30:50	28	23	5	True	True
15366	vicb	2017-03-21 20:37:10	vicb	2017-03-21 20:36:42	86	34	52	True	True
15365	mhevery	2017-03-21 20:34:58	mhevery	2017-03-16 20:23:09	8196	5651	2545	True	True
15364	robwormald	2017-03-21 20:14:15	robwormald	2017-03-21 20:12:11	29	24	5	True	True
15359	tbosch	2017-03-21 18:10:03	tbosch	2017-03-21 17:44:11	17	12	5	True	True
15357	alxhub	2017-03-21 17:34:26	alxhub	2017-03-21 17:29:13	35	30	5	True	True
15351	IgorMinar	2017-03-21 15:28:31	IgorMinar	2017-03-21 15:27:18	73	50	23	True	True
15351	IgorMinar	2017-03-21 15:28:31	IgorMinar	2017-03-21 15:31:46	10	3	7	False	True
15350	tbosch	2017-03-21 15:15:34	tbosch	2017-03-21 15:41:19	116	87	29	False	True
15350	tbosch	2017-03-21 15:15:34	tbosch	2017-03-21 15:15:10	175	160	15	True	True
15346	gkalpak	2017-03-21 14:24:32	gkalpak	2017-03-21 13:46:20	327	8	319	True	True
15340	DzmitryShylovich	2017-03-21 09:53:15	DzmitryShylovich	2017-03-21 09:51:13	31	16	15	True	True
15337	sjtrimble	2017-03-21 07:04:41	sjtrimble	2017-03-21 07:02:11	39	22	17	True	True
15337	sjtrimble	2017-03-21 07:04:41	sjtrimble	2017-03-21 07:58:49	4	0	4	False	True
15336	petebacondarwin	2017-03-21 07:03:45	petebacondarwin	2017-03-21 07:02:58	51	43	8	True	True
15333	IgorMinar	2017-03-21 04:30:39	IgorMinar	2017-03-21 04:29:48	62	36	26	True	True
15333	IgorMinar	2017-03-21 04:30:39	IgorMinar	2017-03-21 04:32:50	39	15	24	False	True
15331	chuckjaz	2017-03-21 02:29:01	chuckjaz	2017-03-21 02:17:29	2	1	1	True	True
15331	chuckjaz	2017-03-21 02:29:01	chuckjaz	2017-03-21 02:43:39	15	1	14	False	True
15328	matsko	2017-03-21 00:49:56	matsko	2017-03-20 23:31:55	179	133	46	True	True
15324	jasonaden	2017-03-20 23:23:27	jasonaden	2017-03-20 22:22:27	31	7	24	True	True
15323	matsko	2017-03-20 22:40:23	matsko	2017-03-20 21:28:10	166	130	36	True	True
15322	tbosch	2017-03-20 22:26:27	tbosch	2017-03-20 22:26:06	50	43	7	True	True
15319	mhevery	2017-03-20 22:06:27	mhevery	2017-03-20 22:04:20	41	1	40	True	True
15311	matsko	2017-03-20 17:36:02	matsko	2017-03-20 17:35:02	59	55	4	True	True
15309	mhevery	2017-03-20 17:07:22	mhevery	2017-03-20 17:07:08	1	0	1	True	True
15306	petebacondarwin	2017-03-20 15:57:52	petebacondarwin	2017-03-20 15:56:37	433	349	84	True	True
15306	petebacondarwin	2017-03-20 15:57:52	wardbell	2017-03-18 04:48:20	1	1	0	True	True
15306	petebacondarwin	2017-03-20 15:57:52	petebacondarwin	2017-03-19 17:56:54	1013	2	1011	True	True
15306	petebacondarwin	2017-03-20 15:57:52	petebacondarwin	2017-03-20 07:03:17	21	21	0	True	True
15306	petebacondarwin	2017-03-20 15:57:52	petebacondarwin	2017-03-18 21:18:23	2	1	1	True	True
15306	petebacondarwin	2017-03-20 15:57:52	petebacondarwin	2017-03-19 12:46:27	152	124	28	True	True
15306	petebacondarwin	2017-03-20 15:57:52	petebacondarwin	2017-03-19 11:14:17	77	77	0	True	True
15306	petebacondarwin	2017-03-20 15:57:52	petebacondarwin	2017-03-19 08:35:08	50	50	0	True	True
15306	petebacondarwin	2017-03-20 15:57:52	petebacondarwin	2017-03-19 10:37:53	60	59	1	True	True
15306	petebacondarwin	2017-03-20 15:57:52	petebacondarwin	2017-03-19 10:39:40	24	6	18	True	True
15302	ocombe	2017-03-20 13:55:24	ocombe	2017-03-20 13:52:24	24	16	8	True	True
15288	wKoza	2017-03-19 15:23:21	wKoza	2017-03-19 15:14:36	1	1	0	True	True
15285	petebacondarwin	2017-03-19 08:35:47	petebacondarwin	2017-03-20 22:23:20	188	172	16	False	True
15285	petebacondarwin	2017-03-19 08:35:47	petebacondarwin	2017-03-19 11:14:17	77	77	0	False	True
15285	petebacondarwin	2017-03-19 08:35:47	petebacondarwin	2017-03-21 10:57:58	18	9	9	False	True
15285	petebacondarwin	2017-03-19 08:35:47	petebacondarwin	2017-03-19 10:37:53	60	59	1	False	True
15285	petebacondarwin	2017-03-19 08:35:47	petebacondarwin	2017-03-19 10:39:40	8	4	4	False	True
15285	petebacondarwin	2017-03-19 08:35:47	petebacondarwin	2017-03-21 11:27:53	10	5	5	False	True
15285	petebacondarwin	2017-03-19 08:35:47	petebacondarwin	2017-03-20 07:03:17	21	21	0	False	True
15285	petebacondarwin	2017-03-19 08:35:47	petebacondarwin	2017-03-21 06:33:21	5	4	1	False	True
15285	petebacondarwin	2017-03-19 08:35:47	petebacondarwin	2017-03-19 08:35:08	50	50	0	True	True
15285	petebacondarwin	2017-03-19 08:35:47	petebacondarwin	2017-03-19 17:56:54	1013	2	1011	False	True
15285	petebacondarwin	2017-03-19 08:35:47	petebacondarwin	2017-03-21 11:27:39	2	1	1	False	True
15284	petebacondarwin	2017-03-18 21:19:23	petebacondarwin	2017-03-18 21:18:23	2	1	1	True	True
15269	wardbell	2017-03-18 04:58:27	wardbell	2017-03-18 04:48:20	1	1	0	True	True
15268	matsko	2017-03-18 04:08:49	matsko	2017-03-18 04:05:42	42	37	5	True	True
15263	petebacondarwin	2017-03-17 23:03:12	petebacondarwin	2017-03-17 23:02:03	22	18	4	True	True
15262	kara	2017-03-17 22:58:40	kara	2017-03-18 21:54:58	3	2	1	False	True
15260	tbosch	2017-03-17 22:34:57	tbosch	2017-03-17 22:34:37	60	44	16	True	True
15258	jasonaden	2017-03-17 22:02:09	jasonaden	2017-03-17 21:55:55	8208	2551	5657	True	True
15257	tbosch	2017-03-17 21:55:53	tbosch	2017-03-17 20:45:37	154	119	35	True	True
15256	kara	2017-03-17 20:30:03	kara	2017-03-21 00:38:33	298	237	61	False	True
15254	matsko	2017-03-17 19:53:51	matsko	2017-03-17 19:31:51	55	51	4	True	True
15253	jasonaden	2017-03-17 19:27:45	jasonaden	2017-03-17 19:24:48	13	13	0	True	True
15251	tbosch	2017-03-17 18:39:03	tbosch	2017-03-17 16:23:28	182	95	87	True	True
15251	tbosch	2017-03-17 18:39:03	tbosch	2017-03-17 18:04:30	47	33	14	True	True
15251	tbosch	2017-03-17 18:39:03	matsko	2017-03-17 05:52:20	267	236	31	True	True
15248	vicb	2017-03-17 18:06:35	vicb	2017-03-15 21:32:03	9	4	5	True	True
15248	vicb	2017-03-17 18:06:35	vicb	2017-03-17 17:09:42	215	200	15	True	True
15248	vicb	2017-03-17 18:06:35	vicb	2017-03-20 16:19:25	21	20	1	False	True
15246	tbosch	2017-03-17 17:32:22	tbosch	2017-03-17 16:44:27	13	8	5	True	True
15245	matsko	2017-03-17 17:26:16	matsko	2017-03-17 17:24:21	86	84	2	True	True
15243	petebacondarwin	2017-03-17 16:50:40	petebacondarwin	2017-03-17 16:48:59	24	6	18	True	True
15226	chuckjaz	2017-03-17 06:50:13	chuckjaz	2017-03-17 06:47:58	2	1	1	True	True
15224	IgorMinar	2017-03-17 05:23:29	IgorMinar	2017-03-17 04:16:41	48	24	24	True	True
15222	vicb	2017-03-17 01:12:34	ocombe	2017-09-04 11:50:39	581	285	296	False	True
15218	tbosch	2017-03-16 23:04:51	tbosch	2017-03-16 21:38:07	96	49	47	True	True
15216	Foxandxss	2017-03-16 21:57:36	Foxandxss	2017-03-18 11:28:42	780	425	355	False	True
15216	Foxandxss	2017-03-16 21:57:36	Foxandxss	2017-03-17 01:13:08	91	83	8	False	True
15215	chuckjaz	2017-03-16 21:07:04	chuckjaz	2017-03-16 20:45:25	26	18	8	True	True
15214	tbosch	2017-03-16 20:34:40	tbosch	2017-03-14 17:55:20	925	34	891	True	True
15214	tbosch	2017-03-16 20:34:40	tbosch	2017-03-14 21:54:36	143	132	11	True	True
15214	tbosch	2017-03-16 20:34:40	tbosch	2017-03-14 21:55:37	508	92	416	True	True
15214	tbosch	2017-03-16 20:34:40	tbosch	2017-03-17 00:32:14	117	69	48	False	True
15208	mhevery	2017-03-16 17:08:35	mhevery	2017-03-16 16:52:34	33	15	18	True	True
15195	matsko	2017-03-16 02:51:16	matsko	2017-03-16 02:50:19	54	31	23	True	True
15194	Foxandxss	2017-03-16 01:24:23	Foxandxss	2017-03-15 21:41:15	6491	6486	5	True	True
15191	LucasSloan	2017-03-15 23:43:30	LucasSloan	2017-03-15 23:39:47	47	42	5	True	True
15190	jasonaden	2017-03-15 22:40:57	jasonaden	2017-03-15 22:39:50	6	4	2	True	True
15189	alxhub	2017-03-15 22:07:14	alxhub	2017-03-15 22:04:13	14	12	2	True	True
15187	tbosch	2017-03-15 21:50:27	tbosch	2017-03-15 22:50:30	422	299	123	False	True
15187	tbosch	2017-03-15 21:50:27	LucasSloan	2017-03-15 23:39:47	47	42	5	False	True
15187	tbosch	2017-03-15 21:50:27	tbosch	2017-03-15 15:00:50	51	47	4	True	True
15176	alxhub	2017-03-15 20:42:35	petebacondarwin	2017-03-12 13:27:47	97	93	4	True	True
15176	alxhub	2017-03-15 20:42:35	alxhub	2017-03-15 20:30:35	23	11	12	True	True
15176	alxhub	2017-03-15 20:42:35	gkalpak	2017-03-13 18:34:53	6	3	3	True	True
15176	alxhub	2017-03-15 20:42:35	petebacondarwin	2017-03-13 21:06:15	330	191	139	True	True
15176	alxhub	2017-03-15 20:42:35	petebacondarwin	2017-03-12 15:20:55	58	49	9	True	True
15176	alxhub	2017-03-15 20:42:35	wardbell	2017-03-14 19:59:58	2	1	1	True	True
15176	alxhub	2017-03-15 20:42:35	petebacondarwin	2017-03-12 15:05:01	11	10	1	True	True
15176	alxhub	2017-03-15 20:42:35	wardbell	2017-03-14 00:58:25	417	417	0	True	True
15176	alxhub	2017-03-15 20:42:35	petebacondarwin	2017-03-12 14:07:49	3	2	1	True	True
15175	chuckjaz	2017-03-15 20:04:55	chuckjaz	2017-03-15 20:02:28	2	1	1	True	True
15174	matsko	2017-03-15 18:42:42	matsko	2017-03-15 18:40:59	25	22	3	True	True
15171	DzmitryShylovich	2017-03-15 17:33:59	DzmitryShylovich	2017-03-15 17:30:23	11	5	6	True	True
15170	matsko	2017-03-15 16:03:20	matsko	2017-03-15 00:30:37	199	182	17	True	True
15168	vsavkin	2017-03-15 15:00:12	vsavkin	2017-03-23 17:20:55	103	87	16	False	True
15166	jsayol	2017-03-15 12:37:00	jsayol	2017-03-21 08:44:39	4	2	2	False	True
15166	jsayol	2017-03-15 12:37:00	jsayol	2017-03-15 12:35:25	2	1	1	True	True
15166	jsayol	2017-03-15 12:37:00	jsayol	2017-03-21 08:52:05	5	2	3	False	True
15159	jasonaden	2017-03-15 01:55:06	jasonaden	2017-03-14 17:49:10	249	134	115	True	True
15158	vicb	2017-03-15 00:17:30	vicb	2017-03-14 23:52:34	105	57	48	True	True
15158	vicb	2017-03-15 00:17:30	vicb	2017-03-15 00:15:46	63	58	5	True	True
15157	heathkit	2017-03-15 00:11:10	heathkit	2017-03-14 23:22:04	114	79	35	True	True
15156	tbosch	2017-03-14 21:55:56	tbosch	2017-03-14 21:54:36	145	134	11	True	True
15156	tbosch	2017-03-14 21:55:56	tbosch	2017-03-14 17:55:20	925	34	891	True	True
15156	tbosch	2017-03-14 21:55:56	tbosch	2017-03-14 21:55:37	508	92	416	True	True
15155	alxhub	2017-03-14 21:16:45	alxhub	2017-03-14 21:09:24	28	27	1	True	True
15154	vicb	2017-03-14 21:03:23	vicb	2017-03-14 21:02:04	84	57	27	True	True
15153	alexeagle	2017-03-14 20:40:04	alexeagle	2017-03-14 20:37:49	105	97	8	True	True
15153	alexeagle	2017-03-14 20:40:04	IgorMinar	2017-03-16 00:07:30	4	2	2	False	True
15151	wardbell	2017-03-14 20:10:48	wardbell	2017-03-14 19:59:58	2	1	1	True	True
15147	matsko	2017-03-14 18:30:35	matsko	2017-03-14 18:28:58	12	11	1	True	True
15146	mhevery	2017-03-14 18:30:17	mhevery	2017-03-14 18:29:29	4	2	2	True	True
15144	chuckjaz	2017-03-14 16:53:37	mhevery	2017-03-13 21:43:52	5	2	3	True	True
15144	chuckjaz	2017-03-14 16:53:37	chuckjaz	2017-03-14 16:44:18	4	2	2	True	True
15142	amcdnl	2017-03-14 13:23:44	amcdnl	2017-03-14 13:21:56	23	22	1	True	True
15137	gkalpak	2017-03-14 07:38:24	gkalpak	2017-03-14 07:35:56	9	6	3	True	True
15133	wardbell	2017-03-14 01:01:54	wardbell	2017-03-14 00:58:25	417	417	0	True	True
15132	kara	2017-03-14 00:52:41	kara	2017-03-14 23:09:36	259	185	74	False	True
15131	vikerman	2017-03-14 00:36:29	vikerman	2017-03-14 00:31:03	84	61	23	True	True
15129	vicb	2017-03-13 23:13:54	vicb	2017-03-13 23:13:35	50	34	16	True	True
15125	vicb	2017-03-13 21:50:30	vicb	2017-03-13 21:48:31	47	38	9	True	True
15124	mhevery	2017-03-13 21:44:36	mhevery	2017-03-13 21:43:52	3	2	1	True	True
15123	tbosch	2017-03-13 21:40:19	tbosch	2017-03-13 18:12:13	60	25	35	True	True
15123	tbosch	2017-03-13 21:40:19	tbosch	2017-03-13 18:32:07	94	60	34	True	True
15123	tbosch	2017-03-13 21:40:19	tbosch	2017-03-13 21:39:34	72	55	17	True	True
15122	petebacondarwin	2017-03-13 20:24:58	petebacondarwin	2017-03-13 20:24:42	1	0	1	True	True
15121	vsavkin	2017-03-13 19:57:11	vsavkin	2017-03-13 21:55:25	616	463	153	False	True
15118	gkalpak	2017-03-13 18:35:20	gkalpak	2017-03-13 18:34:53	6	3	3	True	True
15113	petebacondarwin	2017-03-13 13:33:00	petebacondarwin	2017-03-13 09:20:09	163	153	10	True	True
15105	gkalpak	2017-03-13 10:57:01	gkalpak	2017-03-13 10:39:22	328	320	8	True	True
15105	gkalpak	2017-03-13 10:57:01	gkalpak	2017-03-13 10:48:04	9	5	4	True	True
15105	gkalpak	2017-03-13 10:57:01	gkalpak	2017-03-13 10:35:16	15	11	4	True	True
15103	petebacondarwin	2017-03-13 07:12:14	petebacondarwin	2017-03-13 07:10:16	5	2	3	True	True
15101	vikerman	2017-03-13 00:00:14	vikerman	2017-03-13 00:26:08	31	28	3	False	True
15099	petebacondarwin	2017-03-12 21:38:25	petebacondarwin	2017-03-12 21:37:21	22	12	10	True	True
15096	petebacondarwin	2017-03-12 15:26:48	petebacondarwin	2017-03-12 15:05:01	11	10	1	True	True
15096	petebacondarwin	2017-03-12 15:26:48	petebacondarwin	2017-03-12 15:20:55	58	49	9	True	True
15092	Mobiletainment	2017-03-12 12:40:38	Mobiletainment	2017-03-12 12:28:56	4	2	2	True	True
15090	petebacondarwin	2017-03-11 19:36:40	petebacondarwin	2017-03-12 13:27:47	97	93	4	False	True
15085	petebacondarwin	2017-03-11 13:52:03	petebacondarwin	2017-03-11 11:52:05	2	0	2	True	True
15085	petebacondarwin	2017-03-11 13:52:03	petebacondarwin	2017-03-11 15:36:40	1916	958	958	False	True
15085	petebacondarwin	2017-03-11 13:52:03	petebacondarwin	2017-03-11 13:44:25	2120	1210	910	True	True
15083	petebacondarwin	2017-03-11 11:46:24	petebacondarwin	2017-03-12 13:27:47	97	93	4	False	True
15083	petebacondarwin	2017-03-11 11:46:24	petebacondarwin	2017-03-12 14:07:49	3	2	1	False	True
15083	petebacondarwin	2017-03-11 11:46:24	petebacondarwin	2017-03-13 21:06:15	330	191	139	False	True
15081	wardbell	2017-03-11 04:57:55	wardbell	2017-03-11 04:37:56	296	283	13	True	True
15078	mhevery	2017-03-10 23:50:46	mhevery	2017-03-10 23:49:25	14	7	7	True	True
15076	vicb	2017-03-10 23:19:23	vicb	2017-03-10 23:18:28	125	77	48	True	True
15073	jasonaden	2017-03-10 21:54:05	jasonaden	2017-03-10 21:50:54	8	4	4	True	True
15072	chuckjaz	2017-03-10 21:31:49	chuckjaz	2017-03-10 21:17:27	4	3	1	True	True
15071	chuckjaz	2017-03-10 21:00:56	chuckjaz	2017-03-10 20:55:28	1	1	0	True	True
15070	tbosch	2017-03-10 19:32:55	tbosch	2017-03-10 19:32:31	108	74	34	True	True
15068	marclaval	2017-03-10 17:38:11	marclaval	2017-03-13 10:40:22	319	168	151	False	True
15068	marclaval	2017-03-10 17:38:11	marclaval	2017-03-13 10:40:44	371	340	31	False	True
15066	tbosch	2017-03-10 17:02:11	tbosch	2017-03-10 17:01:03	163	110	53	True	True
15061	vikerman	2017-03-10 09:24:27	vikerman	2017-03-10 09:22:28	429	413	16	True	True
15054	tbosch	2017-03-10 00:46:00	tbosch	2017-03-10 00:25:57	24	14	10	True	True
15050	kara	2017-03-09 22:02:19	kara	2017-03-10 19:35:55	63	0	63	False	True
15049	gkalpak	2017-03-09 21:50:14	gkalpak	2017-03-09 21:40:35	62	45	17	True	True
15047	gkalpak	2017-03-09 21:18:43	gkalpak	2017-03-09 21:11:13	3	2	1	True	True
15046	sjtrimble	2017-03-09 20:27:24	sjtrimble	2017-03-15 06:45:21	7	4	3	False	True
15046	sjtrimble	2017-03-09 20:27:24	sjtrimble	2017-03-14 23:34:34	74	10	64	False	True
15046	sjtrimble	2017-03-09 20:27:24	sjtrimble	2017-03-14 21:19:19	467	346	121	False	True
15045	tbosch	2017-03-09 19:13:48	tbosch	2017-03-09 19:01:31	106	56	50	True	True
15044	vicb	2017-03-09 19:09:07	vicb	2017-03-07 00:34:17	869	627	242	True	True
15042	alxhub	2017-03-09 18:42:23	alxhub	2017-03-09 18:40:08	39	38	1	True	True
15040	petebacondarwin	2017-03-09 17:27:12	petebacondarwin	2017-03-13 19:58:31	393	356	37	False	True
15040	petebacondarwin	2017-03-09 17:27:12	petebacondarwin	2017-03-08 21:52:19	3886	210	3676	True	True
15040	petebacondarwin	2017-03-09 17:27:12	petebacondarwin	2017-03-08 22:24:41	117	105	12	True	True
15036	petebacondarwin	2017-03-09 16:35:41	petebacondarwin	2017-03-09 16:30:26	11	2	9	True	True
15036	petebacondarwin	2017-03-09 16:35:41	petebacondarwin	2017-03-09 16:31:20	23	16	7	True	True
15030	petebacondarwin	2017-03-09 09:47:16	IgorMinar	2017-03-10 18:56:02	8	5	3	False	True
15025	mhevery	2017-03-09 06:22:30	mhevery	2017-03-09 06:21:11	35	26	9	True	True
15025	mhevery	2017-03-09 06:22:30	mhevery	2017-03-09 06:13:10	46	42	4	True	True
15025	mhevery	2017-03-09 06:22:30	mhevery	2017-03-09 19:08:53	59	44	15	False	True
15025	mhevery	2017-03-09 06:22:30	mhevery	2017-03-09 18:37:26	38	28	10	False	True
15023	wardbell	2017-03-09 03:50:30	wardbell	2017-03-09 03:49:18	126	87	39	True	True
15022	FrozenPandaz	2017-03-09 02:22:32	FrozenPandaz	2017-03-09 02:54:28	17	15	2	False	True
15019	vikerman	2017-03-08 23:38:18	vikerman	2017-03-11 18:52:04	28	26	2	False	True
15018	petebacondarwin	2017-03-08 22:25:28	petebacondarwin	2017-03-08 22:24:41	117	105	12	True	True
15018	petebacondarwin	2017-03-08 22:25:28	petebacondarwin	2017-03-08 21:52:19	3886	210	3676	True	True
15012	gkalpak	2017-03-08 19:21:34	gkalpak	2017-03-09 20:15:26	9	8	1	False	True
15012	gkalpak	2017-03-08 19:21:34	gkalpak	2017-03-12 09:02:15	44	22	22	False	True
15012	gkalpak	2017-03-08 19:21:34	gkalpak	2017-03-08 14:30:55	16	16	0	True	True
15012	gkalpak	2017-03-08 19:21:34	gkalpak	2017-03-09 20:12:01	596	562	34	False	True
15012	gkalpak	2017-03-08 19:21:34	gkalpak	2017-03-12 07:41:04	25	13	12	False	True
15012	gkalpak	2017-03-08 19:21:34	gkalpak	2017-03-08 14:29:37	379	207	172	True	True
15012	gkalpak	2017-03-08 19:21:34	gkalpak	2017-03-08 14:26:51	2	1	1	True	True
15011	tbosch	2017-03-08 19:11:16	tbosch	2017-03-03 17:23:52	1711	1196	515	True	True
15001	DzmitryShylovich	2017-03-08 08:38:34	DzmitryShylovich	2017-03-08 08:36:09	34	32	2	True	True
14998	tbosch	2017-03-07 23:16:34	tbosch	2017-03-07 23:02:56	441	218	223	True	True
14998	tbosch	2017-03-07 23:16:34	tbosch	2017-03-07 23:15:55	24	12	12	True	True
14995	DzmitryShylovich	2017-03-07 20:52:10	DzmitryShylovich	2017-03-08 10:40:03	33	26	7	False	True
14995	DzmitryShylovich	2017-03-07 20:52:10	DzmitryShylovich	2017-03-08 10:31:37	4	2	2	False	True
14994	gkalpak	2017-03-07 20:41:51	gkalpak	2017-03-07 09:44:57	0	0	0	True	True
14990	ashleygwilliams	2017-03-07 19:29:13	ashleygwilliams	2017-03-07 19:27:09	2	1	1	True	True
14989	tbosch	2017-03-07 19:10:27	tbosch	2017-03-02 21:09:22	514	254	260	True	True
14989	tbosch	2017-03-07 19:10:27	tbosch	2017-03-02 19:42:22	163	90	73	True	True
14987	marclaval	2017-03-07 17:14:01	marclaval	2017-03-07 17:12:44	34	6	28	True	True
14975	DzmitryShylovich	2017-03-07 07:33:43	DzmitryShylovich	2017-03-07 07:31:28	24	24	0	True	True
14973	chuckjaz	2017-03-07 01:39:58	chuckjaz	2017-03-07 01:36:37	2	1	1	True	True
14972	jasonaden	2017-03-07 01:06:02	jasonaden	2017-03-08 22:48:20	64	32	32	False	True
14972	jasonaden	2017-03-07 01:06:02	jasonaden	2017-03-07 19:04:30	336	232	104	False	True
14972	jasonaden	2017-03-07 01:06:02	jasonaden	2017-03-06 19:42:35	20	0	20	True	True
14972	jasonaden	2017-03-07 01:06:02	jasonaden	2017-03-07 18:35:34	1335	2	1333	False	True
14972	jasonaden	2017-03-07 01:06:02	jasonaden	2017-03-08 23:53:45	21	13	8	False	True
14972	jasonaden	2017-03-07 01:06:02	jasonaden	2017-03-07 00:51:03	135	86	49	True	True
14972	jasonaden	2017-03-07 01:06:02	jasonaden	2017-03-02 21:54:35	815	342	473	True	True
14972	jasonaden	2017-03-07 01:06:02	jasonaden	2017-03-07 18:27:56	402	0	402	False	True
14965	FrozenPandaz	2017-03-06 21:31:07	FrozenPandaz	2017-03-07 21:36:13	43	40	3	False	True
14946	mprobst	2017-03-06 10:12:00	mprobst	2017-03-06 10:09:58	6	5	1	True	True
14940	petebacondarwin	2017-03-05 21:30:04	petebacondarwin	2017-03-06 15:08:34	156	78	78	False	True
14940	petebacondarwin	2017-03-05 21:30:04	petebacondarwin	2017-03-05 19:46:59	118	110	8	True	True
14940	petebacondarwin	2017-03-05 21:30:04	petebacondarwin	2017-03-04 16:05:12	111	84	27	True	True
14940	petebacondarwin	2017-03-05 21:30:04	petebacondarwin	2017-03-04 17:00:54	39	34	5	True	True
14940	petebacondarwin	2017-03-05 21:30:04	petebacondarwin	2017-03-04 16:24:09	10	5	5	True	True
14940	petebacondarwin	2017-03-05 21:30:04	petebacondarwin	2017-03-06 14:08:38	31	31	0	False	True
14940	petebacondarwin	2017-03-05 21:30:04	petebacondarwin	2017-03-05 15:45:01	151	78	73	True	True
14940	petebacondarwin	2017-03-05 21:30:04	petebacondarwin	2017-03-05 15:33:51	39	24	15	True	True
14940	petebacondarwin	2017-03-05 21:30:04	petebacondarwin	2017-03-04 16:05:37	149	127	22	True	True
14940	petebacondarwin	2017-03-05 21:30:04	petebacondarwin	2017-03-04 16:27:38	10	7	3	True	True
14940	petebacondarwin	2017-03-05 21:30:04	petebacondarwin	2017-03-05 19:58:55	27	15	12	True	True
14940	petebacondarwin	2017-03-05 21:30:04	petebacondarwin	2017-03-06 14:17:49	6	3	3	False	True
14940	petebacondarwin	2017-03-05 21:30:04	petebacondarwin	2017-03-04 17:05:16	0	0	0	True	True
14940	petebacondarwin	2017-03-05 21:30:04	petebacondarwin	2017-03-06 14:15:57	4	2	2	False	True
14940	petebacondarwin	2017-03-05 21:30:04	petebacondarwin	2017-03-06 10:13:49	71	56	15	False	True
14940	petebacondarwin	2017-03-05 21:30:04	petebacondarwin	2017-03-06 10:43:33	1873	965	908	False	True
14940	petebacondarwin	2017-03-05 21:30:04	petebacondarwin	2017-03-05 21:25:41	104	63	41	True	True
14940	petebacondarwin	2017-03-05 21:30:04	petebacondarwin	2017-03-06 14:55:03	79	47	32	False	True
14924	petebacondarwin	2017-03-04 11:16:09	petebacondarwin	2017-03-02 20:39:19	250	159	91	True	True
14924	petebacondarwin	2017-03-04 11:16:09	petebacondarwin	2017-03-02 12:20:26	47	38	9	True	True
14924	petebacondarwin	2017-03-04 11:16:09	petebacondarwin	2017-03-02 13:28:28	710	389	321	True	True
14924	petebacondarwin	2017-03-04 11:16:09	petebacondarwin	2017-03-03 11:18:15	92	12	80	True	True
14924	petebacondarwin	2017-03-04 11:16:09	petebacondarwin	2017-03-04 16:05:12	70	65	5	False	True
14924	petebacondarwin	2017-03-04 11:16:09	petebacondarwin	2017-03-03 11:17:19	11	11	0	True	True
14924	petebacondarwin	2017-03-04 11:16:09	petebacondarwin	2017-03-02 12:20:42	7	5	2	True	True
14915	chuckjaz	2017-03-03 22:53:19	wardbell	2017-05-08 23:42:38	330	199	131	False	True
14915	chuckjaz	2017-03-03 22:53:19	wardbell	2017-05-09 22:36:24	30	12	18	False	True
14915	chuckjaz	2017-03-03 22:53:19	wardbell	2017-05-09 03:47:34	1010	102	908	False	True
14915	chuckjaz	2017-03-03 22:53:19	petebacondarwin	2017-05-09 22:53:32	1906	578	1328	False	True
14915	chuckjaz	2017-03-03 22:53:19	petebacondarwin	2017-05-08 14:38:52	17	14	3	False	True
14915	chuckjaz	2017-03-03 22:53:19	chuckjaz	2017-05-09 23:16:50	5163	2892	2271	False	True
14915	chuckjaz	2017-03-03 22:53:19	wardbell	2017-05-07 05:16:54	80	75	5	False	True
14915	chuckjaz	2017-03-03 22:53:19	petebacondarwin	2017-05-09 13:01:55	2	1	1	False	True
14915	chuckjaz	2017-03-03 22:53:19	wardbell	2017-05-08 07:03:42	42	22	20	False	True
14915	chuckjaz	2017-03-03 22:53:19	wardbell	2017-05-06 19:30:34	136	93	43	False	True
14915	chuckjaz	2017-03-03 22:53:19	petebacondarwin	2017-05-09 23:11:06	34	5	29	False	True
14915	chuckjaz	2017-03-03 22:53:19	petebacondarwin	2017-05-09 22:44:10	3	0	3	False	True
14915	chuckjaz	2017-03-03 22:53:19	petebacondarwin	2017-05-09 22:51:37	60	31	29	False	True
14915	chuckjaz	2017-03-03 22:53:19	jasonaden	2017-05-09 23:37:05	2	1	1	False	True
14915	chuckjaz	2017-03-03 22:53:19	jasonaden	2017-05-10 23:02:36	6	3	3	False	True
14915	chuckjaz	2017-03-03 22:53:19	petebacondarwin	2017-05-09 22:51:23	2	1	1	False	True
14915	chuckjaz	2017-03-03 22:53:19	aaronhoffman	2017-05-10 23:34:34	2	1	1	False	True
14915	chuckjaz	2017-03-03 22:53:19	petebacondarwin	2017-05-10 09:22:51	20	15	5	False	True
14915	chuckjaz	2017-03-03 22:53:19	Foxandxss	2017-05-09 20:01:04	244	106	138	False	True
14915	chuckjaz	2017-03-03 22:53:19	petebacondarwin	2017-05-09 23:36:22	57	34	23	False	True
14915	chuckjaz	2017-03-03 22:53:19	gkalpak	2017-05-10 12:22:35	26	14	12	False	True
14915	chuckjaz	2017-03-03 22:53:19	sjtrimble	2017-05-10 04:06:14	6	3	3	False	True
14915	chuckjaz	2017-03-03 22:53:19	gkalpak	2017-05-10 10:51:46	4	0	4	False	True
14915	chuckjaz	2017-03-03 22:53:19	gkalpak	2017-05-10 11:54:59	6	3	3	False	True
14915	chuckjaz	2017-03-03 22:53:19	petebacondarwin	2017-05-10 09:06:04	1219	239	980	False	True
14915	chuckjaz	2017-03-03 22:53:19	Foxandxss	2017-05-10 10:38:43	4	0	4	False	True
14915	chuckjaz	2017-03-03 22:53:19	Foxandxss	2017-05-10 10:34:15	2	1	1	False	True
14915	chuckjaz	2017-03-03 22:53:19	petebacondarwin	2017-05-10 09:59:50	97	84	13	False	True
14915	chuckjaz	2017-03-03 22:53:19	Foxandxss	2017-05-10 11:32:49	2	1	1	False	True
14915	chuckjaz	2017-03-03 22:53:19	jasonaden	2017-05-10 23:11:12	42	42	0	False	True
14911	IgorMinar	2017-03-03 17:19:36	IgorMinar	2017-03-05 09:49:10	327	186	141	False	True
14911	IgorMinar	2017-03-03 17:19:36	IgorMinar	2017-03-05 09:32:09	520	5	515	False	True
14899	wardbell	2017-03-03 10:53:34	wardbell	2017-03-03 10:50:19	4455	4453	2	True	True
14894	chuckjaz	2017-03-02 23:22:17	chuckjaz	2017-03-02 20:58:38	134	122	12	True	True
14891	tbosch	2017-03-02 21:44:42	tbosch	2017-03-02 21:42:48	53	12	41	True	True
14889	petebacondarwin	2017-03-02 21:19:27	petebacondarwin	2017-03-02 13:28:28	710	389	321	True	True
14889	petebacondarwin	2017-03-02 21:19:27	petebacondarwin	2017-03-02 12:20:26	47	38	9	True	True
14889	petebacondarwin	2017-03-02 21:19:27	petebacondarwin	2017-03-03 11:17:19	11	11	0	False	True
14889	petebacondarwin	2017-03-02 21:19:27	petebacondarwin	2017-03-02 12:20:42	7	5	2	True	True
14889	petebacondarwin	2017-03-02 21:19:27	petebacondarwin	2017-03-03 11:18:15	91	12	79	False	True
14889	petebacondarwin	2017-03-02 21:19:27	petebacondarwin	2017-03-02 20:39:19	250	159	91	True	True
14888	IgorMinar	2017-03-02 21:18:10	IgorMinar	2017-03-02 21:17:34	16	12	4	True	True
14887	tbosch	2017-03-02 21:09:42	tbosch	2017-03-07 19:07:34	24	12	12	False	True
14887	tbosch	2017-03-02 21:09:42	tbosch	2017-03-02 19:42:22	163	90	73	True	True
14887	tbosch	2017-03-02 21:09:42	tbosch	2017-03-02 21:09:22	514	254	260	True	True
14884	tbosch	2017-03-02 19:42:48	tbosch	2017-03-02 19:42:22	163	90	73	True	True
14882	tbosch	2017-03-02 18:37:27	tbosch	2017-03-02 18:37:00	44	33	11	True	True
14881	chuckjaz	2017-03-02 18:34:07	chuckjaz	2017-03-02 18:22:21	100	64	36	True	True
14880	tbosch	2017-03-02 18:21:34	tbosch	2017-03-02 18:21:13	94	85	9	True	True
14878	tbosch	2017-03-02 17:48:27	tbosch	2017-03-02 17:47:59	10	9	1	True	True
14874	DzmitryShylovich	2017-03-02 16:48:19	DzmitryShylovich	2017-03-02 16:44:58	121	93	28	True	True
14858	sumitknoldus	2017-03-02 06:56:42	sumitknoldus	2017-03-02 06:55:14	2	1	1	True	True
14844	SamVerschueren	2017-03-01 20:40:50	SamVerschueren	2017-03-01 20:37:28	24	23	1	True	True
14841	IgorMinar	2017-03-01 20:10:48	IgorMinar	2017-03-01 20:14:47	5	4	1	False	True
14841	IgorMinar	2017-03-01 20:10:48	IgorMinar	2017-03-01 20:09:24	4	4	0	True	True
14837	mhevery	2017-03-01 18:31:22	mhevery	2017-03-02 19:07:22	5	0	5	False	True
14837	mhevery	2017-03-01 18:31:22	mhevery	2017-03-01 18:54:24	39	7	32	False	True
14837	mhevery	2017-03-01 18:31:22	mhevery	2017-03-01 18:28:52	100	41	59	True	True
14837	mhevery	2017-03-01 18:31:22	mhevery	2017-03-01 22:10:59	393	149	244	False	True
14837	mhevery	2017-03-01 18:31:22	mhevery	2017-03-01 23:18:10	211	88	123	False	True
14831	petebacondarwin	2017-03-01 15:07:12	petebacondarwin	2017-03-01 11:23:47	144	144	0	True	True
14831	petebacondarwin	2017-03-01 15:07:12	petebacondarwin	2017-03-01 22:40:01	75	0	75	False	True
14831	petebacondarwin	2017-03-01 15:07:12	petebacondarwin	2017-03-01 11:27:54	0	0	0	True	True
14831	petebacondarwin	2017-03-01 15:07:12	petebacondarwin	2017-03-01 14:34:27	2116	0	2116	True	True
14831	petebacondarwin	2017-03-01 15:07:12	petebacondarwin	2017-03-01 14:35:28	159	159	0	True	True
14831	petebacondarwin	2017-03-01 15:07:12	petebacondarwin	2017-03-01 11:24:11	68	68	0	True	True
14831	petebacondarwin	2017-03-01 15:07:12	petebacondarwin	2017-03-01 19:16:40	8	8	0	False	True
14831	petebacondarwin	2017-03-01 15:07:12	petebacondarwin	2017-03-01 11:23:12	2	1	1	True	True
14831	petebacondarwin	2017-03-01 15:07:12	petebacondarwin	2017-03-01 22:54:21	5	5	0	False	True
14831	petebacondarwin	2017-03-01 15:07:12	petebacondarwin	2017-03-01 22:43:14	2	1	1	False	True
14831	petebacondarwin	2017-03-01 15:07:12	petebacondarwin	2017-03-01 14:30:25	919	881	38	True	True
14831	petebacondarwin	2017-03-01 15:07:12	petebacondarwin	2017-03-01 11:55:46	507	507	0	True	True
14831	petebacondarwin	2017-03-01 15:07:12	petebacondarwin	2017-03-01 23:05:16	276	149	127	False	True
14824	matsko	2017-03-01 01:54:24	matsko	2017-03-01 01:49:37	368	261	107	True	True
14823	tbosch	2017-03-01 00:45:19	tbosch	2017-03-01 00:44:37	139	84	55	True	True
14820	jasonaden	2017-03-01 00:15:19	jasonaden	2017-02-28 23:59:16	27	19	8	True	True
