pr_number	author_user_login	pr_created_at	comment_user_login	comment_created_at	is_review_issue_comment
5506	robwormald	2015-11-30 11:46:33	vsavkin	2016-02-03 22:54:05	True
5506	robwormald	2015-11-30 11:46:33	rgrasso	2016-01-29 22:17:58	True
5506	robwormald	2015-11-30 11:46:33	maku	2016-02-01 14:12:57	True
5506	robwormald	2015-11-30 11:46:33	park9140	2016-01-22 17:28:51	True
5506	robwormald	2015-11-30 11:46:33	IgorMinar	2015-12-02 17:59:49	True
5506	robwormald	2015-11-30 11:46:33	bradlygreen	2016-01-15 18:45:54	True
5506	robwormald	2015-11-30 11:46:33	IgorMinar	2015-12-02 17:58:54	True
5485	hankduan	2015-11-25 23:10:35	juliemr	2015-12-01 21:07:14	True
5485	hankduan	2015-11-25 23:10:35	juliemr	2015-12-01 21:05:06	True
5485	hankduan	2015-11-25 23:10:35	tbosch	2015-12-30 00:43:04	True
5485	hankduan	2015-11-25 23:10:35	tbosch	2015-12-21 18:27:00	True
5485	hankduan	2015-11-25 23:10:35	juliemr	2015-12-18 18:35:19	True
5452	yjbanov	2015-11-24 02:05:27	btford	2015-11-24 22:57:13	True
5452	yjbanov	2015-11-24 02:05:27	vsavkin	2015-11-25 22:28:43	True
5447		2015-11-24 00:09:47			False
5446	matsko	2015-11-23 22:30:56	robertmesserle	2015-11-23 22:35:33	True
5446	matsko	2015-11-23 22:30:56	marclaval	2015-11-25 11:09:01	True
5446	matsko	2015-11-23 22:30:56	vsavkin	2015-12-11 19:40:34	True
5446	matsko	2015-11-23 22:30:56	robertmesserle	2015-11-24 21:59:52	True
5446	matsko	2015-11-23 22:30:56	gkalpak	2015-11-25 14:18:02	True
5446	matsko	2015-11-23 22:30:56	gkalpak	2015-11-25 15:21:37	True
5446	matsko	2015-11-23 22:30:56	marclaval	2015-11-25 17:01:07	True
5446	matsko	2015-11-23 22:30:56	pkozlowski-opensource	2015-11-25 14:22:47	True
5446	matsko	2015-11-23 22:30:56	vsavkin	2015-12-11 18:43:16	True
5446	matsko	2015-11-23 22:30:56	pkozlowski-opensource	2015-11-25 15:23:59	True
5446	matsko	2015-11-23 22:30:56	gkalpak	2015-11-26 08:10:59	True
5431	pkozlowski-opensource	2015-11-23 12:52:47	robwormald	2015-11-24 21:03:52	True
5417	vicb	2015-11-20 21:20:16	tbosch	2015-11-21 00:25:28	True
5417	vicb	2015-11-20 21:20:16	tbosch	2015-11-24 23:53:09	True
5417	vicb	2015-11-20 21:20:16	vsavkin	2015-11-25 19:28:51	True
5417	vicb	2015-11-20 21:20:16	vsavkin	2015-12-01 23:21:26	True
5417	vicb	2015-11-20 21:20:16	jelbourn	2015-12-02 19:44:12	True
5416	jeffbcross	2015-11-20 19:45:28	IgorMinar	2015-12-15 08:34:31	True
5401	erictsangx	2015-11-20 09:54:40	IgorMinar	2015-12-02 18:03:31	True
5397	robwormald	2015-11-20 01:30:11	jeffbcross	2015-11-20 22:48:32	True
5397	robwormald	2015-11-20 01:30:11	jeffbcross	2015-11-20 22:08:58	True
5394	kegluneq	2015-11-19 22:52:56	IgorMinar	2015-11-21 10:15:46	True
5394	kegluneq	2015-11-19 22:52:56	IgorMinar	2015-11-20 23:18:31	True
5382		2015-11-19 18:52:05			False
5375	juliemr	2015-11-19 02:48:37	IgorMinar	2015-11-21 10:30:12	True
5375	juliemr	2015-11-19 02:48:37	IgorMinar	2015-11-21 10:30:36	True
5375	juliemr	2015-11-19 02:48:37	alxhub	2015-11-23 22:18:16	True
5375	juliemr	2015-11-19 02:48:37	vsavkin	2015-11-25 19:29:11	True
5375	juliemr	2015-11-19 02:48:37	IgorMinar	2015-11-25 22:07:00	True
5375	juliemr	2015-11-19 02:48:37	IgorMinar	2015-11-21 07:03:20	True
5375	juliemr	2015-11-19 02:48:37	vsavkin	2015-11-30 22:06:46	True
5375	juliemr	2015-11-19 02:48:37	IgorMinar	2015-11-19 22:39:39	True
5375	juliemr	2015-11-19 02:48:37	PascalPrecht	2015-11-19 16:51:31	True
5375	juliemr	2015-11-19 02:48:37	IgorMinar	2015-11-19 22:22:59	True
5375	juliemr	2015-11-19 02:48:37	IgorMinar	2015-11-19 22:35:21	True
5375	juliemr	2015-11-19 02:48:37	IgorMinar	2015-11-20 07:34:29	True
5375	juliemr	2015-11-19 02:48:37	Foxandxss	2015-11-20 10:45:25	True
5375	juliemr	2015-11-19 02:48:37	wardbell	2015-11-19 23:33:18	True
5375	juliemr	2015-11-19 02:48:37	vicb	2015-11-19 18:53:41	True
5372	ochafik	2015-11-19 00:17:37	kegluneq	2015-11-19 00:28:05	True
5371	matsko	2015-11-19 00:01:57	juliemr	2015-11-20 17:20:55	True
5371	matsko	2015-11-19 00:01:57	pkozlowski-opensource	2015-11-20 08:57:50	True
5371	matsko	2015-11-19 00:01:57	IgorMinar	2015-11-20 08:28:00	True
5355	vsavkin	2015-11-18 02:27:45	IgorMinar	2015-11-18 06:53:28	True
5355	vsavkin	2015-11-18 02:27:45	IgorMinar	2015-11-18 06:53:18	True
5331	timkindberg	2015-11-17 02:52:55	IgorMinar	2015-12-02 21:04:53	True
5313	pkozlowski-opensource	2015-11-16 18:12:45	vsavkin	2015-11-25 21:16:52	True
5313	pkozlowski-opensource	2015-11-16 18:12:45	vsavkin	2015-11-23 22:41:21	True
5313	pkozlowski-opensource	2015-11-16 18:12:45	vsavkin	2015-11-23 22:23:11	True
5302	robwormald	2015-11-16 07:59:18	jeffbcross	2015-11-17 23:43:00	True
5302	robwormald	2015-11-16 07:59:18	jeffbcross	2015-11-17 23:42:12	True
5299	vsavkin	2015-11-15 20:12:53	IgorMinar	2015-11-16 21:02:53	True
5290	IgorMinar	2015-11-14 16:10:44	jelbourn	2015-12-02 19:45:26	True
5290	IgorMinar	2015-11-14 16:10:44	jelbourn	2015-12-02 21:04:07	True
5288	robwormald	2015-11-14 08:23:07	jeffbcross	2015-12-01 20:40:12	True
5288	robwormald	2015-11-14 08:23:07	jeffbcross	2015-11-24 14:22:35	True
5288	robwormald	2015-11-14 08:23:07	IgorMinar	2015-11-21 10:41:20	True
5288	robwormald	2015-11-14 08:23:07	bradlygreen	2015-11-30 23:46:37	True
5288	robwormald	2015-11-14 08:23:07	jeffbcross	2015-11-16 18:58:29	True
5288	robwormald	2015-11-14 08:23:07	pkozlowski-opensource	2015-12-01 10:27:19	True
5288	robwormald	2015-11-14 08:23:07	jeffbcross	2015-12-01 21:35:06	True
5288	robwormald	2015-11-14 08:23:07	benlesh	2015-12-01 21:08:11	True
5288	robwormald	2015-11-14 08:23:07	benlesh	2015-12-01 20:03:01	True
5288	robwormald	2015-11-14 08:23:07	jeffbcross	2015-12-01 19:42:11	True
5288	robwormald	2015-11-14 08:23:07	mprobst	2015-12-01 19:03:49	True
5288	robwormald	2015-11-14 08:23:07	jeffbcross	2015-12-01 18:58:31	True
5288	robwormald	2015-11-14 08:23:07	jeffbcross	2015-11-20 23:24:52	True
5288	robwormald	2015-11-14 08:23:07	IgorMinar	2015-11-21 10:51:36	True
5288	robwormald	2015-11-14 08:23:07	IgorMinar	2015-11-21 10:52:06	True
5288	robwormald	2015-11-14 08:23:07	jeffbcross	2015-11-16 19:20:47	True
5285	kegluneq	2015-11-14 01:18:44	jbdeboer	2015-11-14 02:00:58	True
5272		2015-11-13 10:13:13			False
5235		2015-11-11 12:12:19			False
5225	ericmartinezr	2015-11-10 21:17:46	pkozlowski-opensource	2015-11-12 14:51:42	True
5220	alxhub	2015-11-10 18:41:04	naomiblack	2016-03-08 19:51:59	True
5220	alxhub	2015-11-10 18:41:04	IgorMinar	2015-12-15 08:36:55	True
5220	alxhub	2015-11-10 18:41:04	IgorMinar	2015-11-30 23:42:03	True
5219		2015-11-10 17:41:49			False
5171	jelbourn	2015-11-06 23:27:45	btford	2015-11-09 19:08:59	True
5140	erictsangx	2015-11-05 10:55:01	vicb	2015-12-09 19:59:00	True
5140	erictsangx	2015-11-05 10:55:01	IgorMinar	2015-12-09 19:45:48	True
5140	erictsangx	2015-11-05 10:55:01	tbosch	2016-02-01 23:28:44	True
5136	kegluneq	2015-11-05 01:11:39	jakemac53	2015-11-05 15:43:39	True
5135		2015-11-05 01:00:45			False
5129	vsavkin	2015-11-04 19:51:59	kegluneq	2015-11-05 00:47:15	True
5129	vsavkin	2015-11-04 19:51:59	kegluneq	2015-11-04 20:09:15	True
5127	kegluneq	2015-11-04 18:59:07	jteplitz	2015-12-01 00:03:15	True
5127	kegluneq	2015-11-04 18:59:07	vsavkin	2015-12-01 21:35:49	True
5127	kegluneq	2015-11-04 18:59:07	yjbanov	2015-11-09 20:40:03	True
5127	kegluneq	2015-11-04 18:59:07	yjbanov	2015-11-25 01:31:35	True
5127	kegluneq	2015-11-04 18:59:07	jteplitz	2015-11-30 23:22:22	True
5125	petebacondarwin	2015-11-04 17:38:05	naomiblack	2015-11-09 23:59:40	True
5125	petebacondarwin	2015-11-04 17:38:05	naomiblack	2015-11-10 00:40:43	True
5125	petebacondarwin	2015-11-04 17:38:05	IgorMinar	2015-11-04 20:04:17	True
5113	erictsangx	2015-11-04 09:13:12	rkirov	2016-01-12 01:00:54	True
5113	erictsangx	2015-11-04 09:13:12	IgorMinar	2015-12-02 22:30:53	True
5113	erictsangx	2015-11-04 09:13:12	IgorMinar	2015-12-15 00:30:59	True
5106	alxhub	2015-11-03 23:21:07	IgorMinar	2015-11-06 04:40:54	True
5106	alxhub	2015-11-03 23:21:07	IgorMinar	2015-11-05 20:50:26	True
5106	alxhub	2015-11-03 23:21:07	IgorMinar	2015-11-05 20:38:23	True
5080		2015-11-02 23:37:37			False
5075	vsavkin	2015-11-02 18:53:57	gkalpak	2015-11-03 08:41:17	True
5075	vsavkin	2015-11-02 18:53:57	pkozlowski-opensource	2015-11-03 08:26:18	True
5075	vsavkin	2015-11-02 18:53:57	gkalpak	2015-11-03 07:51:18	True
5075	vsavkin	2015-11-02 18:53:57	IgorMinar	2015-11-03 00:18:35	True
5075	vsavkin	2015-11-02 18:53:57	pkozlowski-opensource	2015-11-02 19:35:28	True
5075	vsavkin	2015-11-02 18:53:57	pkozlowski-opensource	2015-11-03 08:27:17	True
5052	brandonroberts	2015-11-01 20:49:11	btford	2015-11-02 19:44:26	True
5052	brandonroberts	2015-11-01 20:49:11	btford	2015-11-26 00:41:38	True
5052	brandonroberts	2015-11-01 20:49:11	btford	2015-12-03 19:23:28	True
