pr_number	author_user_login	pr_created_at	comment_user_login	comment_created_at	is_review_issue_comment
46998	Uziel302	2022-07-31 12:03:31	jessicajaniuk	2022-08-01 17:30:51	True
46998	Uziel302	2022-07-31 12:03:31	jessicajaniuk	2022-08-01 15:50:51	True
46997	crisbeto	2022-07-31 10:58:18	pkozlowski-opensource	2022-08-01 18:05:09	True
46996	Ivaylo-Kirov	2022-07-30 15:47:12	AndrewKushnir	2022-08-01 16:32:38	True
46996	Ivaylo-Kirov	2022-07-30 15:47:12	AndrewKushnir	2022-08-04 17:30:24	True
46995	romamatusevich	2022-07-30 05:26:35	AndrewKushnir	2022-08-01 18:16:33	True
46989	rgant	2022-07-28 19:44:28	devversion	2022-07-29 09:02:48	True
46989	rgant	2022-07-28 19:44:28	AndrewKushnir	2022-08-01 16:52:32	True
46988	Durairaj	2022-07-28 17:40:03	AndrewKushnir	2022-08-01 20:00:27	True
46987	gkalpak	2022-07-28 12:37:48	AndrewKushnir	2022-08-01 16:48:16	True
46976	devversion	2022-07-27 08:05:28	pkozlowski-opensource	2022-08-01 17:52:26	True
46976	devversion	2022-07-27 08:05:28	AndrewKushnir	2022-08-02 16:37:40	True
46974	edusperoni	2022-07-26 22:37:02	atscott	2022-08-01 23:26:19	True
46974	edusperoni	2022-07-26 22:37:02	dylhunn	2022-08-08 18:33:31	True
46968	angular-robot	2022-07-26 05:22:00	AndrewKushnir	2022-08-01 16:46:43	True
46964	bampakoa	2022-07-25 13:56:10	AndrewKushnir	2022-08-01 16:30:06	True
46961	hiAndrewQuinn	2022-07-25 10:04:05	AndrewKushnir	2022-08-01 16:29:43	True
46960	gkalpak	2022-07-25 09:46:52	AndrewKushnir	2022-09-06 16:12:00	True
46958	victorporof	2022-07-25 09:08:36	AndrewKushnir	2022-08-04 02:18:14	True
46958	victorporof	2022-07-25 09:08:36	JiaLiPassion	2022-07-26 11:31:43	True
46958	victorporof	2022-07-25 09:08:36	dylhunn	2022-08-04 21:25:37	True
46958	victorporof	2022-07-25 09:08:36	AndrewKushnir	2022-08-01 21:23:45	True
46958	victorporof	2022-07-25 09:08:36	AndrewKushnir	2022-08-04 16:40:22	True
46958	victorporof	2022-07-25 09:08:36	AndrewKushnir	2022-08-04 16:40:57	True
46958	victorporof	2022-07-25 09:08:36	AndrewKushnir	2022-08-03 17:56:16	True
46957	AlirezaEbrahimkhani	2022-07-25 07:49:58	Achilles1515	2022-08-11 02:02:39	True
46957	AlirezaEbrahimkhani	2022-07-25 07:49:58	pkozlowski-opensource	2022-08-11 18:07:41	True
46957	AlirezaEbrahimkhani	2022-07-25 07:49:58	jessicajaniuk	2022-08-11 16:48:26	True
46957	AlirezaEbrahimkhani	2022-07-25 07:49:58	AndrewKushnir	2022-08-11 00:49:53	True
46957	AlirezaEbrahimkhani	2022-07-25 07:49:58	Achilles1515	2022-08-11 00:42:57	True
46956	angular-robot	2022-07-25 07:03:39	AndrewKushnir	2022-08-01 16:46:03	True
46956	angular-robot	2022-07-25 07:03:39	AndrewKushnir	2022-08-01 18:17:28	True
46956	angular-robot	2022-07-25 07:03:39	gkalpak	2022-08-20 08:26:42	True
46953	crisbeto	2022-07-24 07:54:26	AndrewKushnir	2022-08-01 16:49:16	True
46947	angular-robot	2022-07-22 22:04:31	AndrewKushnir	2022-08-01 16:40:05	True
46944		2022-07-22 19:29:43			False
46942	atscott	2022-07-22 16:09:35	AndrewKushnir	2022-08-01 18:18:12	True
46941	atscott	2022-07-22 16:02:16	AndrewKushnir	2022-08-01 18:20:52	True
46939	bob-watson	2022-07-22 14:55:01	pkozlowski-opensource	2022-07-22 15:39:36	True
46932		2022-07-22 01:58:20			False
46929	atscott	2022-07-21 19:09:01	AndrewKushnir	2022-08-01 21:21:16	True
46926	angular-robot	2022-07-21 18:04:57	jessicajaniuk	2022-07-22 15:50:30	True
46926	angular-robot	2022-07-21 18:04:57	AndrewKushnir	2022-08-01 16:39:28	True
46925	atscott	2022-07-21 16:29:07	pkozlowski-opensource	2022-07-22 08:25:39	True
46923		2022-07-21 16:14:46			False
46922	simonaco	2022-07-21 15:24:45	pkozlowski-opensource	2022-07-22 08:27:09	True
46922	simonaco	2022-07-21 15:24:45	mgechev	2022-07-21 21:35:28	True
46916	alan-agius4	2022-07-21 06:20:38	pkozlowski-opensource	2022-07-22 08:26:26	True
46915	AndrewKushnir	2022-07-20 19:09:15	pkozlowski-opensource	2022-07-22 09:17:49	True
46913	atscott	2022-07-20 18:50:28	AndrewKushnir	2022-08-01 18:19:34	True
46912	gkalpak	2022-07-20 18:26:12	AndrewKushnir	2022-08-01 16:51:58	True
46911	devversion	2022-07-20 18:15:49	pkozlowski-opensource	2022-07-21 10:25:38	True
46906	imirkin	2022-07-20 16:08:55	AndrewKushnir	2022-07-22 02:07:13	True
46906	imirkin	2022-07-20 16:08:55	AndrewKushnir	2022-07-22 04:13:04	True
46906	imirkin	2022-07-20 16:08:55	AndrewKushnir	2022-07-22 16:54:49	True
46906	imirkin	2022-07-20 16:08:55	AndrewKushnir	2022-08-01 19:55:15	True
46906	imirkin	2022-07-20 16:08:55	pkozlowski-opensource	2022-07-23 07:22:57	True
46906	imirkin	2022-07-20 16:08:55	AndrewKushnir	2022-07-22 17:08:27	True
46905	angular-robot	2022-07-20 16:04:17	AndrewKushnir	2022-08-01 16:38:37	True
46903	cexbrayat	2022-07-20 14:30:04	pkozlowski-opensource	2022-07-21 08:27:33	True
46900	Ivaylo-Kirov	2022-07-20 02:02:34	pkozlowski-opensource	2022-07-22 15:37:32	True
46900	Ivaylo-Kirov	2022-07-20 02:02:34	AndrewKushnir	2022-07-20 18:00:41	True
46899	AndrewKushnir	2022-07-20 01:44:54	pkozlowski-opensource	2022-07-21 12:17:45	True
46898	dgp1130	2022-07-20 01:07:03	AndrewKushnir	2022-07-20 15:50:48	True
46896		2022-07-19 21:34:31			False
46892		2022-07-19 17:07:54			False
46889	angelaki	2022-07-19 12:03:48	gkalpak	2022-07-20 18:33:52	True
46888	devversion	2022-07-19 08:22:35	AndrewKushnir	2022-07-19 16:40:59	True
46885	angular-robot	2022-07-19 05:46:42	jessicajaniuk	2022-07-19 16:05:08	True
46884	angular-robot	2022-07-19 05:46:38	jessicajaniuk	2022-07-19 16:04:39	True
46883	angular-robot	2022-07-19 05:45:32	jessicajaniuk	2022-07-19 16:04:11	True
46882	bob-watson	2022-07-19 02:37:15	AndrewKushnir	2022-07-20 15:48:04	True
46879	AndrewKushnir	2022-07-19 01:28:57	alan-agius4	2022-07-19 07:20:18	True
46877	atscott	2022-07-19 00:47:13	AndrewKushnir	2022-07-19 16:37:34	True
46876	atscott	2022-07-18 20:27:09	jessicajaniuk	2022-07-18 22:02:20	True
46871		2022-07-18 16:24:39			False
46870	gkalpak	2022-07-18 16:01:08	jessicajaniuk	2022-07-18 17:06:52	True
46868	crisbeto	2022-07-18 11:28:08	bryanrideshark	2022-08-18 17:18:12	True
46868	crisbeto	2022-07-18 11:28:08	bryanrideshark	2022-08-18 17:20:15	True
46868	crisbeto	2022-07-18 11:28:08	nartc	2022-07-19 10:43:38	True
46868	crisbeto	2022-07-18 11:28:08	alxhub	2022-08-22 23:00:38	True
46868	crisbeto	2022-07-18 11:28:08	nartc	2022-07-18 22:46:13	True
46868	crisbeto	2022-07-18 11:28:08	eneajaho	2022-07-18 12:46:29	True
46866	angular-robot	2022-07-18 07:04:08	josephperrott	2022-07-22 13:45:18	True
46866	angular-robot	2022-07-18 07:04:08	jessicajaniuk	2022-07-18 17:06:11	True
46863	dario-piotrowicz	2022-07-17 14:51:48	jessicajaniuk	2022-07-18 21:46:15	True
46862	Piyush132000	2022-07-17 08:58:06	jessicajaniuk	2022-07-18 16:44:23	True
46860	xpressiscool	2022-07-16 14:00:28	josephperrott	2022-07-18 13:56:59	True
46859	jayvdb	2022-07-16 12:42:36	devversion	2022-07-18 14:04:10	True
46856		2022-07-15 19:24:58			False
46855	khempenius	2022-07-15 19:14:13	AndrewKushnir	2022-07-19 18:30:03	True
46854		2022-07-15 18:51:15			False
46853	angular-robot	2022-07-15 18:40:25	devversion	2022-07-17 07:53:39	True
46853	angular-robot	2022-07-15 18:40:25	AndrewKushnir	2022-07-20 15:48:47	True
46852		2022-07-15 18:26:21			False
46849		2022-07-15 16:51:38			False
46848	angular-robot	2022-07-15 08:04:33	jessicajaniuk	2022-07-15 16:00:36	True
46847	cexbrayat	2022-07-15 08:02:45	AndrewKushnir	2022-08-01 16:50:14	True
46846	cexbrayat	2022-07-15 07:43:23	jessicajaniuk	2022-07-18 19:56:10	True
46845	jnizet	2022-07-15 07:17:29	jessicajaniuk	2022-07-15 15:50:38	True
46844	cexbrayat	2022-07-15 07:15:16	jessicajaniuk	2022-07-15 22:02:22	True
46843		2022-07-14 22:27:19			False
46842	atscott	2022-07-14 17:51:27	jessicajaniuk	2022-07-14 22:19:28	True
46840	devversion	2022-07-14 12:33:09	jessicajaniuk	2022-07-14 15:55:04	True
46834	angular-robot	2022-07-14 08:39:30	jessicajaniuk	2022-07-14 22:35:10	True
46834	angular-robot	2022-07-14 08:39:30	jessicajaniuk	2022-07-14 22:34:45	True
46832	bob-watson	2022-07-13 22:28:08	jessicajaniuk	2022-07-13 22:55:22	True
46829	AndrewKushnir	2022-07-13 19:35:52	jessicajaniuk	2022-07-13 22:01:17	True
46827		2022-07-13 18:44:17			False
46826	EmmanuelRoux	2022-07-13 17:13:35	atscott	2022-07-20 20:54:33	True
46826	EmmanuelRoux	2022-07-13 17:13:35	atscott	2022-07-20 22:43:19	True
46826	EmmanuelRoux	2022-07-13 17:13:35	pkozlowski-opensource	2022-07-21 09:24:57	True
46826	EmmanuelRoux	2022-07-13 17:13:35	atscott	2022-07-20 22:41:58	True
46824	atscott	2022-07-13 17:04:41	AndrewKushnir	2022-07-20 18:36:07	True
46823	kaplan81	2022-07-13 15:51:43	AndrewKushnir	2022-07-13 19:36:42	True
46823	kaplan81	2022-07-13 15:51:43	atscott	2022-07-21 13:22:57	True
46821	angular-robot	2022-07-13 15:08:45	jessicajaniuk	2022-07-13 16:31:07	True
46820	gkalpak	2022-07-13 14:56:41	jessicajaniuk	2022-07-13 21:59:20	True
46819	devversion	2022-07-13 14:31:48	jessicajaniuk	2022-07-13 16:31:50	True
46819	devversion	2022-07-13 14:31:48	jessicajaniuk	2022-07-13 16:32:27	True
46813	crisbeto	2022-07-13 07:08:17	jessicajaniuk	2022-07-13 21:26:52	True
46812	ACvijic	2022-07-13 06:57:54	jessicajaniuk	2022-07-13 20:06:32	True
46811	bob-watson	2022-07-12 23:44:26	jessicajaniuk	2022-07-13 00:03:50	True
46809	angular-robot	2022-07-12 19:33:27	jessicajaniuk	2022-07-12 23:53:54	True
46807	JoostK	2022-07-12 18:36:52	jessicajaniuk	2022-07-12 21:09:21	True
46806	AndrewKushnir	2022-07-12 18:17:38	markostanimirovic	2022-07-14 12:02:24	True
46806	AndrewKushnir	2022-07-12 18:17:38	atscott	2022-08-05 16:58:08	True
46806	AndrewKushnir	2022-07-12 18:17:38	markostanimirovic	2022-08-02 19:41:06	True
46806	AndrewKushnir	2022-07-12 18:17:38	markostanimirovic	2022-07-12 19:31:59	True
46806	AndrewKushnir	2022-07-12 18:17:38	markostanimirovic	2022-07-12 19:07:13	True
46806	AndrewKushnir	2022-07-12 18:17:38	markostanimirovic	2022-07-13 09:45:02	True
46806	AndrewKushnir	2022-07-12 18:17:38	pkozlowski-opensource	2022-07-13 04:23:57	True
46805	bob-watson	2022-07-12 18:04:01	jessicajaniuk	2022-07-12 19:09:06	True
46803		2022-07-12 17:31:06			False
46802	devversion	2022-07-12 17:02:46	jessicajaniuk	2022-07-12 19:06:32	True
46801	devversion	2022-07-12 16:57:46	jessicajaniuk	2022-07-12 19:43:20	True
46800	lukasmatta	2022-07-12 14:37:57	jessicajaniuk	2022-07-12 15:56:11	True
46799	Ivaylo-Kirov	2022-07-12 13:56:40	jessicajaniuk	2022-07-12 16:54:39	True
46799	Ivaylo-Kirov	2022-07-12 13:56:40	jessicajaniuk	2022-07-12 19:04:29	True
46799	Ivaylo-Kirov	2022-07-12 13:56:40	jessicajaniuk	2022-07-12 17:15:15	True
46799	Ivaylo-Kirov	2022-07-12 13:56:40	jessicajaniuk	2022-07-12 15:48:04	True
46798	devversion	2022-07-12 12:38:07	jessicajaniuk	2022-07-12 15:54:53	True
46794	angular-robot	2022-07-12 05:20:26	jessicajaniuk	2022-07-12 15:54:14	True
46793	AndrewKushnir	2022-07-12 01:27:20	jessicajaniuk	2022-07-12 17:58:49	True
46791	angular-robot	2022-07-11 22:35:38	jessicajaniuk	2022-07-12 16:10:37	True
46789	AndrewKushnir	2022-07-11 22:19:33	jessicajaniuk	2022-07-12 16:11:43	True
46788		2022-07-11 22:11:31			False
46784	angular-robot	2022-07-11 21:04:38	devversion	2022-07-12 12:31:18	True
46779	angular-robot	2022-07-11 20:03:47	jessicajaniuk	2022-07-11 21:42:10	True
46778	devversion	2022-07-11 19:25:20	jessicajaniuk	2022-07-11 20:55:33	True
46777		2022-07-11 19:06:10			False
46775		2022-07-11 18:52:39			False
46774		2022-07-11 17:19:55			False
46770	angular-robot	2022-07-10 23:03:44	jessicajaniuk	2022-07-11 17:32:51	True
46769	angular-robot	2022-07-10 12:43:40	jessicajaniuk	2022-07-11 20:56:23	True
46768	mmannings	2022-07-10 12:29:18	gkalpak	2022-07-10 16:56:38	True
46768	mmannings	2022-07-10 12:29:18	jessicajaniuk	2022-07-11 18:15:01	True
46764	ivanwonder	2022-07-09 13:53:51	dylhunn	2022-07-20 16:51:24	True
46764	ivanwonder	2022-07-09 13:53:51	AndrewKushnir	2022-08-02 18:58:23	True
46761	AndrewKushnir	2022-07-09 01:59:59	alxhub	2022-09-27 17:09:55	True
46760		2022-07-08 22:53:22			False
46759		2022-07-08 22:08:52			False
46758	atscott	2022-07-08 21:19:43	jessicajaniuk	2022-07-14 21:11:16	True
46757	atscott	2022-07-08 20:54:56	jessicajaniuk	2022-07-08 21:14:58	True
46756	joshvanallen	2022-07-08 20:22:04	jessicajaniuk	2022-07-11 17:33:30	True
46755	atscott	2022-07-08 19:27:29	jessicajaniuk	2022-07-08 21:56:03	True
46755	atscott	2022-07-08 19:27:29	AndrewKushnir	2022-07-11 18:54:22	True
46755	atscott	2022-07-08 19:27:29	AndrewKushnir	2022-07-11 18:57:14	True
46753	angular-robot	2022-07-08 18:03:53	jessicajaniuk	2022-07-08 19:59:38	True
46752	atscott	2022-07-08 15:58:35	jessicajaniuk	2022-07-11 17:59:32	True
46745	atscott	2022-07-08 04:36:40	jessicajaniuk	2022-07-08 20:03:49	True
46745	atscott	2022-07-08 04:36:40	jessicajaniuk	2022-07-08 22:06:11	True
46745	atscott	2022-07-08 04:36:40	jessicajaniuk	2022-07-11 16:55:59	True
46744		2022-07-07 23:04:26			False
46743	devversion	2022-07-07 20:33:58	jessicajaniuk	2022-07-08 16:19:59	True
46741	gkalpak	2022-07-07 16:53:06	alxhub	2022-07-07 20:34:21	True
46740	gkalpak	2022-07-07 16:51:55	alxhub	2022-07-07 20:33:45	True
46739	dario-piotrowicz	2022-07-07 16:04:09	alxhub	2022-07-07 20:51:33	True
46738	dario-piotrowicz	2022-07-07 15:45:45	alxhub	2022-07-07 20:52:35	True
46737	alan-agius4	2022-07-07 12:33:16	alxhub	2022-07-07 20:33:12	True
46736	angular-robot	2022-07-07 10:51:44	jessicajaniuk	2022-07-08 19:59:13	True
46733		2022-07-07 02:01:27			False
46731	atscott	2022-07-06 22:17:38	jessicajaniuk	2022-07-08 16:19:08	True
46722	alan-agius4	2022-07-06 13:38:12	pkozlowski-opensource	2022-07-06 14:05:12	True
46722	alan-agius4	2022-07-06 13:38:12	atscott	2022-07-06 16:48:57	True
46716	devversion	2022-07-05 18:56:56	jessicajaniuk	2022-07-12 15:53:25	True
46716	devversion	2022-07-05 18:56:56	jessicajaniuk	2022-07-12 15:53:03	True
46713	jayvdb	2022-07-05 13:46:54	jessicajaniuk	2022-07-07 20:42:41	True
46713	jayvdb	2022-07-05 13:46:54	atscott	2022-07-06 14:38:24	True
46713	jayvdb	2022-07-05 13:46:54	atscott	2022-07-06 22:51:39	True
46713	jayvdb	2022-07-05 13:46:54	jessicajaniuk	2022-07-08 20:54:54	True
46713	jayvdb	2022-07-05 13:46:54	jessicajaniuk	2022-07-08 19:02:56	True
46713	jayvdb	2022-07-05 13:46:54	jessicajaniuk	2022-07-08 18:15:16	True
46713	jayvdb	2022-07-05 13:46:54	jessicajaniuk	2022-07-08 20:05:02	True
46713	jayvdb	2022-07-05 13:46:54	jessicajaniuk	2022-07-08 20:52:46	True
46708	angular-robot	2022-07-05 06:03:49	jessicajaniuk	2022-07-08 19:58:39	True
46707	angular-robot	2022-07-05 05:09:42	devversion	2022-08-02 08:16:13	True
46707	angular-robot	2022-07-05 05:09:42	dylhunn	2022-08-08 16:23:58	True
46707	angular-robot	2022-07-05 05:09:42	devversion	2022-08-05 12:26:17	True
46707	angular-robot	2022-07-05 05:09:42	devversion	2022-07-25 13:42:17	True
46707	angular-robot	2022-07-05 05:09:42	devversion	2022-07-18 19:22:35	True
46707	angular-robot	2022-07-05 05:09:42	devversion	2022-07-13 14:32:41	True
46706	angular-robot	2022-07-05 05:08:25	alxhub	2022-07-06 22:49:40	True
46705	angular-robot	2022-07-05 05:08:21	AndrewKushnir	2022-07-08 21:57:58	True
46705	angular-robot	2022-07-05 05:08:21	jessicajaniuk	2022-07-08 22:00:02	True
46704	zhysky	2022-07-05 03:51:41	jessicajaniuk	2022-07-08 17:53:41	True
46704	zhysky	2022-07-05 03:51:41	jessicajaniuk	2022-07-07 20:16:32	True
46704	zhysky	2022-07-05 03:51:41	jessicajaniuk	2022-07-07 20:41:20	True
46698	angular-robot	2022-07-04 13:15:56	atscott	2022-07-06 14:31:49	True
46696	orelby	2022-07-04 11:53:39	jessicajaniuk	2022-07-08 17:57:45	True
46696	orelby	2022-07-04 11:53:39	jessicajaniuk	2022-07-08 17:57:21	True
46695	devversion	2022-07-04 11:20:44	atscott	2022-07-06 16:48:02	True
46693	JiaLiPassion	2022-07-04 08:02:00	jessicajaniuk	2022-07-11 20:01:51	True
46691	angular-robot	2022-07-04 07:05:47	jessicajaniuk	2022-07-13 17:07:59	True
46691	angular-robot	2022-07-04 07:05:47	jessicajaniuk	2022-07-13 17:04:03	True
46691	angular-robot	2022-07-04 07:05:47	jessicajaniuk	2022-07-13 17:06:10	True
46689	markostanimirovic	2022-07-03 13:09:22	jessicajaniuk	2022-07-11 20:01:08	True
46688	gkalpak	2022-07-03 09:29:57	atscott	2022-07-06 14:31:17	True
46686	JoostK	2022-07-02 16:26:25	jessicajaniuk	2022-07-12 17:45:02	True
46685	AndrewKushnir	2022-07-02 02:39:55	gund	2022-07-04 14:34:46	True
46685	AndrewKushnir	2022-07-02 02:39:55	jessicajaniuk	2022-07-14 18:52:38	True
46684		2022-07-02 00:19:47			False
46683	jessicajaniuk	2022-07-02 00:10:14	alxhub	2022-07-07 20:04:35	True
46682		2022-07-01 23:12:39			False
46680		2022-07-01 20:28:26			False
46679	atscott	2022-07-01 19:42:14	pkozlowski-opensource	2022-07-04 11:29:29	True
46678		2022-07-01 19:37:50			False
46676	devversion	2022-07-01 18:27:04	alxhub	2022-07-06 20:46:51	True
46675		2022-07-01 17:43:05			False
46674	dario-piotrowicz	2022-07-01 17:21:27	jessicajaniuk	2022-07-15 22:56:41	True
46674	dario-piotrowicz	2022-07-01 17:21:27	AndrewKushnir	2022-07-15 21:57:20	True
46672	devversion	2022-07-01 17:07:59	JiaLiPassion	2022-07-13 07:06:33	True
46672	devversion	2022-07-01 17:07:59	JoostK	2022-07-01 17:22:31	True
46671		2022-07-01 16:55:11			False
46668	nicobytes	2022-07-01 16:11:03	jessicajaniuk	2022-07-11 23:29:31	True
46666	dario-piotrowicz	2022-07-01 14:37:28	jessicajaniuk	2022-07-12 22:36:24	True
46665	pkozlowski-opensource	2022-07-01 11:42:53	alxhub	2022-07-07 20:05:30	True
46665	pkozlowski-opensource	2022-07-01 11:42:53	AndrewKushnir	2022-07-02 00:30:49	True
46664	alan-agius4	2022-07-01 11:37:34	AndrewKushnir	2022-07-01 18:29:34	True
46664	alan-agius4	2022-07-01 11:37:34	alxhub	2022-07-06 22:49:07	True
46659	alan-agius4	2022-07-01 07:41:29	atscott	2022-07-06 14:30:17	True
46658	alan-agius4	2022-07-01 07:34:10	gkalpak	2022-07-02 14:58:15	True
46658	alan-agius4	2022-07-01 07:34:10	atscott	2022-07-06 14:29:52	True
