pr_number	author_user_login	pr_created_at	commit_user_login	commit_created_at	commit_status_total	commit_status_additions	commit_status_deletions	create_before_pr	is_review_commit
1635	Diapolo	2012-07-27 06:19:37	Philip Kaufmann	2012-07-27 06:17:57	13	6	7	True	True
1632	luke-jr	2012-07-26 03:27:53	luke-jr	2012-07-26 03:12:12	6	3	3	True	True
1632	luke-jr	2012-07-26 03:27:53	luke-jr	2012-07-26 03:25:26	38	19	19	True	True
1632	luke-jr	2012-07-26 03:27:53	luke-jr	2012-07-26 00:48:39	152	76	76	True	True
1620	luke-jr	2012-07-22 21:35:45	luke-jr	2012-07-22 21:34:19	44	22	22	True	True
1615	Diapolo	2012-07-20 10:21:47	Philip Kaufmann	2012-07-20 10:20:37	4	3	1	True	True
1614	Diapolo	2012-07-20 06:50:43	Philip Kaufmann	2012-07-20 06:45:49	16	14	2	True	True
1607	Diapolo	2012-07-18 05:37:11	Philip Kaufmann	2012-07-18 05:29:50	26	26	0	True	True
1594	Diapolo	2012-07-13 07:04:23	Philip Kaufmann	2012-07-13 07:01:27	31	15	16	True	True
1583	luke-jr	2012-07-11 18:54:17	luke-jr	2012-07-11 18:52:41	77	74	3	True	True
1577	TheBlueMatt	2012-07-10 19:58:40	TheBlueMatt	2012-07-10 17:56:29	40	27	13	True	True
1577	TheBlueMatt	2012-07-10 19:58:40	TheBlueMatt	2012-07-10 16:37:30	25	25	0	True	True
1577	TheBlueMatt	2012-07-10 19:58:40	TheBlueMatt	2012-07-10 16:26:40	8	4	4	True	True
1577	TheBlueMatt	2012-07-10 19:58:40	TheBlueMatt	2012-07-17 00:02:08	7	7	0	False	True
1577	TheBlueMatt	2012-07-10 19:58:40	TheBlueMatt	2012-07-10 16:39:26	17	16	1	True	True
1577	TheBlueMatt	2012-07-10 19:58:40	TheBlueMatt	2012-07-10 16:42:04	4	4	0	True	True
1571	Diapolo	2012-07-09 09:38:51	Philip Kaufmann	2012-07-09 09:14:38	82	43	39	True	True
1564	Diapolo	2012-07-06 12:03:01	Philip Kaufmann	2012-07-06 11:45:38	112	74	38	True	True
1563	Diapolo	2012-07-06 09:16:27	Philip Kaufmann	2012-07-06 09:15:02	2	1	1	True	True
1559	sje397	2012-07-05 16:10:12	sje397	2012-07-05 15:43:28	69	55	14	True	True
1554	jgarzik	2012-07-04 04:11:44	jgarzik	2012-07-04 05:12:44	8	3	5	False	True
1554	jgarzik	2012-07-04 04:11:44	TheBlueMatt	2012-07-04 04:04:57	28	14	14	True	True
1551	TheBlueMatt	2012-07-03 02:52:35	TheBlueMatt	2012-06-11 15:46:45	260	255	5	True	True
1551	TheBlueMatt	2012-07-03 02:52:35	TheBlueMatt	2012-07-02 23:15:49	7	4	3	True	True
1551	TheBlueMatt	2012-07-03 02:52:35	TheBlueMatt	2012-07-02 23:16:49	128	128	0	True	True
1551	TheBlueMatt	2012-07-03 02:52:35	TheBlueMatt	2012-07-03 14:25:19	185	119	66	False	True
1551	TheBlueMatt	2012-07-03 02:52:35	TheBlueMatt	2012-07-03 23:58:54	22	22	0	False	True
