pr_number	author_user_login	pr_created_at	commit_user_login	commit_created_at	commit_status_total	commit_status_additions	commit_status_deletions	create_before_pr	is_review_commit
19634	justinmoon	2020-07-31 17:35:25	justinmoon	2020-07-31 17:27:48	2	1	1	True	True
19631	Empact	2020-07-30 23:16:01	Empact	2020-07-30 23:12:09	9	3	6	True	True
19630	darosior	2020-07-30 19:32:54	darosior	2020-07-30 19:19:38	36	17	19	True	True
19630	darosior	2020-07-30 19:32:54	darosior	2020-07-30 16:48:57	50	20	30	True	True
19630	darosior	2020-07-30 19:32:54	darosior	2020-07-31 18:28:40	13	6	7	False	True
19630	darosior	2020-07-30 19:32:54	darosior	2020-08-14 23:57:59	14	11	3	False	True
19630	darosior	2020-07-30 19:32:54	darosior	2020-07-30 16:33:57	4	2	2	True	True
19629	MarcoFalke	2020-07-30 16:26:58	MarcoFalke	2020-08-15 11:43:58	7	6	1	False	True
19629	MarcoFalke	2020-07-30 16:26:58	MarcoFalke	2020-07-28 05:48:30	237	192	45	True	True
19628	vasild	2020-07-30 15:33:51	vasild	2020-08-24 19:34:26	665	450	215	False	True
19628	vasild	2020-07-30 15:33:51	vasild	2020-08-24 19:03:31	104	49	55	False	True
19627	hebasto	2020-07-30 14:32:24	hebasto	2020-07-29 20:33:40	34	0	34	True	True
19627	hebasto	2020-07-30 14:32:24	hebasto	2020-07-29 17:31:38	30	5	25	True	True
19627	hebasto	2020-07-30 14:32:24	hebasto	2020-07-29 19:25:21	32	10	22	True	True
19626	theStack	2020-07-30 14:24:34	theStack	2020-07-26 00:10:25	40	20	20	True	True
19624	MarcoFalke	2020-07-30 08:51:57	MarcoFalke	2020-07-30 08:50:54	20	17	3	True	True
19620	sdaftuar	2020-07-29 15:37:55	sdaftuar	2020-07-29 15:07:23	51	45	6	True	True
19620	sdaftuar	2020-07-29 15:37:55	instagibbs	2020-08-03 18:37:58	12	10	2	False	True
19619	ryanofsky	2020-07-29 13:21:36	ryanofsky	2020-08-05 01:03:27	11	3	8	False	True
19619	ryanofsky	2020-07-29 13:21:36	ryanofsky	2020-08-05 00:45:28	52	27	25	False	True
19619	ryanofsky	2020-07-29 13:21:36	ryanofsky	2020-08-05 00:58:43	28	13	15	False	True
19619	ryanofsky	2020-07-29 13:21:36	ryanofsky	2020-08-04 20:40:31	104	103	1	False	True
19619	ryanofsky	2020-07-29 13:21:36	ryanofsky	2020-08-04 23:33:37	75	16	59	False	True
19619	ryanofsky	2020-07-29 13:21:36	ryanofsky	2020-07-28 23:25:14	208	86	122	True	True
19619	ryanofsky	2020-07-29 13:21:36	ryanofsky	2020-08-04 21:55:13	97	55	42	False	True
19619	ryanofsky	2020-07-29 13:21:36	ryanofsky	2020-08-05 01:16:48	68	29	39	False	True
19614	fanquake	2020-07-28 14:44:27	fanquake	2020-07-28 11:55:00	2	1	1	True	True
19611	jonatack	2020-07-28 11:11:24	jonatack	2020-07-27 20:02:20	13	7	6	True	True
19611	jonatack	2020-07-28 11:11:24	jonatack	2020-08-04 14:41:32	3	1	2	False	True
19611	jonatack	2020-07-28 11:11:24	jonatack	2020-08-03 15:11:29	9	1	8	False	True
19611	jonatack	2020-07-28 11:11:24	jonatack	2020-07-27 18:39:57	77	32	45	True	True
19611	jonatack	2020-07-28 11:11:24	jonatack	2020-07-28 08:47:07	8	4	4	True	True
19611	jonatack	2020-07-28 11:11:24	jonatack	2020-07-27 15:31:50	14	11	3	True	True
19610	jonatack	2020-07-28 11:01:45	jnewbery	2020-08-21 14:10:48	4	3	1	False	True
19610	jonatack	2020-07-28 11:01:45	jnewbery	2020-07-30 10:18:45	23	12	11	False	True
19610	jonatack	2020-07-28 11:01:45	jonatack	2020-08-08 11:22:19	4	3	1	False	True
19610	jonatack	2020-07-28 11:01:45	jonatack	2020-08-08 12:36:26	21	11	10	False	True
19610	jonatack	2020-07-28 11:01:45	jnewbery	2020-07-30 10:02:40	6	3	3	False	True
19610	jonatack	2020-07-28 11:01:45	jnewbery	2020-07-30 10:01:11	4	2	2	False	True
19610	jonatack	2020-07-28 11:01:45	jonatack	2020-08-05 15:35:05	19	8	11	False	True
19610	jonatack	2020-07-28 11:01:45	jnewbery	2020-07-30 09:30:24	78	36	42	False	True
19610	jonatack	2020-07-28 11:01:45	jonatack	2020-08-05 15:46:31	11	2	9	False	True
19610	jonatack	2020-07-28 11:01:45	jonatack	2020-07-27 15:31:50	20	15	5	True	True
19607	jnewbery	2020-07-28 09:16:57	jnewbery	2020-06-16 20:27:34	18	9	9	True	True
19607	jnewbery	2020-07-28 09:16:57	jnewbery	2020-06-16 19:14:45	46	46	0	True	True
19607	jnewbery	2020-07-28 09:16:57	jnewbery	2020-07-29 07:57:15	9	3	6	False	True
19607	jnewbery	2020-07-28 09:16:57	jnewbery	2020-06-16 20:12:13	125	53	72	True	True
19606	jnewbery	2020-07-28 08:39:51	sdaftuar	2020-02-07 09:30:41	13	9	4	True	True
19606	jnewbery	2020-07-28 08:39:51	sdaftuar	2020-06-29 21:14:40	13	13	0	True	True
19606	jnewbery	2020-07-28 08:39:51	sdaftuar	2020-01-29 15:51:45	5	5	0	True	True
19606	jnewbery	2020-07-28 08:39:51	sdaftuar	2020-01-30 15:10:50	31	29	2	True	True
19606	jnewbery	2020-07-28 08:39:51	sdaftuar	2020-06-29 18:59:55	6	6	0	True	True
19606	jnewbery	2020-07-28 08:39:51	sdaftuar	2020-01-30 14:35:00	137	98	39	True	True
19606	jnewbery	2020-07-28 08:39:51	sdaftuar	2020-01-29 19:09:08	67	51	16	True	True
19606	jnewbery	2020-07-28 08:39:51	sdaftuar	2020-01-29 15:40:54	5	5	0	True	True
19606	jnewbery	2020-07-28 08:39:51	sdaftuar	2020-01-29 15:57:08	8	6	2	True	True
19606	jnewbery	2020-07-28 08:39:51	sdaftuar	2020-01-29 15:36:23	56	44	12	True	True
19606	jnewbery	2020-07-28 08:39:51	sdaftuar	2020-01-31 16:23:27	29	25	4	True	True
19606	jnewbery	2020-07-28 08:39:51	sdaftuar	2020-02-26 18:36:35	10	5	5	True	True
19606	jnewbery	2020-07-28 08:39:51	fjahr	2020-03-27 01:12:47	28	26	2	True	True
19606	jnewbery	2020-07-28 08:39:51	fjahr	2020-03-27 01:13:32	97	91	6	True	True
19606	jnewbery	2020-07-28 08:39:51	fjahr	2020-04-21 15:02:46	47	31	16	True	True
19606	jnewbery	2020-07-28 08:39:51	sdaftuar	2020-01-30 16:12:56	22	11	11	True	True
19606	jnewbery	2020-07-28 08:39:51	ajtowns	2020-04-06 09:09:05	7	7	0	True	True
19604	MarcoFalke	2020-07-28 05:52:31	MarcoFalke	2020-07-19 18:30:18	12	6	6	True	True
19604	MarcoFalke	2020-07-28 05:52:31	MarcoFalke	2020-07-28 05:16:52	34	17	17	True	True
19604	MarcoFalke	2020-07-28 05:52:31	MarcoFalke	2020-07-29 06:12:13	17	4	13	False	True
19602	achow101	2020-07-27 20:22:25	achow101	2020-07-27 19:19:17	4	3	1	True	True
19602	achow101	2020-07-27 20:22:25	achow101	2020-07-13 20:38:57	54	54	0	True	True
19602	achow101	2020-07-27 20:22:25	achow101	2022-08-26 17:18:04	81	80	1	False	True
19602	achow101	2020-07-27 20:22:25	achow101	2022-08-11 19:59:01	36	35	1	False	True
19602	achow101	2020-07-27 20:22:25	achow101	2020-07-27 20:00:11	408	408	0	True	True
19602	achow101	2020-07-27 20:22:25	achow101	2022-08-10 19:19:56	42	25	17	False	True
19602	achow101	2020-07-27 20:22:25	achow101	2020-07-13 20:38:39	413	413	0	True	True
19602	achow101	2020-07-27 20:22:25	achow101	2022-08-25 19:40:08	20	12	8	False	True
19602	achow101	2020-07-27 20:22:25	achow101	2022-08-25 18:35:28	55	55	0	False	True
19602	achow101	2020-07-27 20:22:25	achow101	2020-07-13 18:32:24	277	275	2	True	True
19602	achow101	2020-07-27 20:22:25	achow101	2020-07-06 19:54:15	102	98	4	True	True
19601	JeremyRubin	2020-07-27 20:02:07	JeremyRubin	2020-02-05 20:31:20	27	15	12	True	True
19601	JeremyRubin	2020-07-27 20:02:07	JeremyRubin	2020-02-05 19:57:32	11	11	0	True	True
19601	JeremyRubin	2020-07-27 20:02:07	JeremyRubin	2019-10-07 20:45:00	27	20	7	True	True
19599	troygiorshev	2020-07-27 12:01:26	troygiorshev	2020-07-27 11:55:49	10	7	3	True	True
19596	sdaftuar	2020-07-27 04:01:15	sdaftuar	2020-07-27 03:25:27	25	18	7	True	True
19596	sdaftuar	2020-07-27 04:01:15	sdaftuar	2020-07-27 03:46:36	19	15	4	True	True
19595	hebasto	2020-07-26 22:00:09	hebasto	2020-07-26 21:56:37	2	1	1	True	True
19594	hebasto	2020-07-26 21:18:19	hebasto	2020-07-26 20:43:01	44	32	12	True	True
19593	hebasto	2020-07-26 19:50:10	hebasto	2020-07-26 19:28:56	24	4	20	True	True
19590	jonatack	2020-07-26 16:16:07	jonatack	2020-07-26 15:30:23	8	8	0	True	True
19590	jonatack	2020-07-26 16:16:07	jonatack	2020-07-26 10:12:36	21	10	11	True	True
19589	MarcoFalke	2020-07-26 07:36:38	MarcoFalke	2020-07-26 07:59:11	100	62	38	False	True
19589	MarcoFalke	2020-07-26 07:36:38	MarcoFalke	2020-07-26 07:30:01	24	14	10	True	True
19588	hebasto	2020-07-25 07:24:27	hebasto	2020-07-25 07:18:03	15	13	2	True	True
19583	jnewbery	2020-07-24 15:45:38	jnewbery	2020-06-19 16:19:41	19	9	10	True	True
19583	jnewbery	2020-07-24 15:45:38	jnewbery	2020-06-19 16:05:31	21	9	12	True	True
19583	jnewbery	2020-07-24 15:45:38	jnewbery	2020-07-24 07:03:48	12	6	6	True	True
19573	luke-jr	2020-07-23 21:01:56	luke-jr	2020-10-15 18:14:59	49	46	3	False	True
19573	luke-jr	2020-07-23 21:01:56	achow101	2021-03-08 20:02:01	40	32	8	False	True
19573	luke-jr	2020-07-23 21:01:56	ajtowns	2021-03-09 00:58:40	42	35	7	False	True
19573	luke-jr	2020-07-23 21:01:56	luke-jr	2020-06-25 16:54:06	489	231	258	True	True
19573	luke-jr	2020-07-23 21:01:56	luke-jr	2020-10-15 17:27:20	97	82	15	False	True
19573	luke-jr	2020-07-23 21:01:56	luke-jr	2020-06-26 20:51:07	40	24	16	True	True
19573	luke-jr	2020-07-23 21:01:56	ajtowns	2021-03-06 08:38:44	51	43	8	False	True
19573	luke-jr	2020-07-23 21:01:56	Sjors	2021-03-09 14:28:26	34	23	11	False	True
19573	luke-jr	2020-07-23 21:01:56	achow101	2021-03-09 05:48:26	20	9	11	False	True
19573	luke-jr	2020-07-23 21:01:56	ajtowns	2021-02-08 02:40:16	278	278	0	False	True
19573	luke-jr	2020-07-23 21:01:56	Sjors	2021-03-09 15:51:53	125	125	0	False	True
19573	luke-jr	2020-07-23 21:01:56	ajtowns	2021-02-04 20:52:49	54	33	21	False	True
19572	instagibbs	2020-07-23 15:06:31	instagibbs	2020-09-04 15:55:25	314	308	6	False	True
19572	instagibbs	2020-07-23 15:06:31	instagibbs	2020-07-22 14:49:43	6	3	3	True	True
19572	instagibbs	2020-07-23 15:06:31	instagibbs	2020-09-01 19:14:58	48	35	13	False	True
19572	instagibbs	2020-07-23 15:06:31	instagibbs	2020-09-04 15:55:58	247	206	41	False	True
19569	sipa	2020-07-23 00:59:22	sipa	2020-07-23 00:19:43	32	17	15	True	True
19569	sipa	2020-07-23 00:59:22	sipa	2020-07-23 01:38:31	12	6	6	False	True
19569	sipa	2020-07-23 00:59:22	ajtowns	2020-07-07 08:11:19	12	6	6	True	True
19569	sipa	2020-07-23 00:59:22	sipa	2020-07-22 21:41:45	3	2	1	True	True
19569	sipa	2020-07-23 00:59:22	sipa	2020-07-27 21:12:52	34	17	17	False	True
19569	sipa	2020-07-23 00:59:22	sipa	2020-07-23 02:11:42	27	16	11	False	True
19569	sipa	2020-07-23 00:59:22	sipa	2020-07-23 00:17:00	59	42	17	True	True
19568	fjahr	2020-07-22 13:55:04	fjahr	2020-07-22 10:35:37	17	0	17	True	True
19567	hebasto	2020-07-22 13:00:23	hebasto	2020-07-22 12:54:49	3	2	1	True	True
19567	hebasto	2020-07-22 13:00:23	hebasto	2020-07-22 12:45:51	10	4	6	True	True
19564	theStack	2020-07-22 09:18:53	theStack	2020-07-22 00:35:20	23	8	15	True	True
19564	theStack	2020-07-22 09:18:53	theStack	2020-07-21 23:49:09	12	5	7	True	True
19564	theStack	2020-07-22 09:18:53	theStack	2020-07-22 00:44:58	7	6	1	True	True
19562	freenancial	2020-07-21 22:25:09	freenancial	2020-07-21 22:21:27	4	2	2	True	True
19560	MarcoFalke	2020-07-21 09:05:03	MarcoFalke	2020-07-21 08:56:12	39	17	22	True	True
19558	fanquake	2020-07-20 08:01:22	fanquake	2020-07-17 04:04:48	4	2	2	True	True
19558	fanquake	2020-07-20 08:01:22	fanquake	2020-07-17 06:43:29	19	10	9	True	True
19558	fanquake	2020-07-20 08:01:22	fanquake	2020-07-20 04:45:04	228	125	103	True	True
19558	fanquake	2020-07-20 08:01:22	fanquake	2020-07-20 03:10:08	302	152	150	True	True
19556	MarcoFalke	2020-07-19 16:20:05	MarcoFalke	2020-07-19 18:30:46	23	11	12	False	True
19556	MarcoFalke	2020-07-19 16:20:05	MarcoFalke	2020-07-19 07:07:54	35	23	12	True	True
19556	MarcoFalke	2020-07-19 16:20:05	MarcoFalke	2020-07-19 12:52:50	8	4	4	True	True
19555	theStack	2020-07-19 15:55:11	theStack	2020-07-19 15:25:07	20	1	19	True	True
19553	fanquake	2020-07-19 07:26:34	fanquake	2020-07-19 06:41:57	4	3	1	True	True
19552	jonatack	2020-07-19 06:49:41	jonatack	2020-07-19 06:39:15	12	7	5	True	True
19551	jonatack	2020-07-19 05:18:20	jonatack	2020-07-19 05:13:16	2	2	0	True	True
19550	fjahr	2020-07-18 22:21:54	fjahr	2020-07-31 12:02:26	4	4	0	False	True
19550	fjahr	2020-07-18 22:21:54	fjahr	2020-07-31 12:01:31	75	75	0	False	True
19550	fjahr	2020-07-18 22:21:54	fjahr	2020-07-31 12:02:00	28	28	0	False	True
19548	jonatack	2020-07-18 19:09:04	jonatack	2020-07-18 18:27:56	10	5	5	True	True
19547	hebasto	2020-07-18 15:08:36	hebasto	2020-07-18 15:05:40	2	1	1	True	True
19544	fjahr	2020-07-17 21:52:01	fjahr	2020-07-17 15:37:11	41	17	24	True	True
19536	hebasto	2020-07-16 17:33:23	hebasto	2020-07-16 17:22:11	1	0	1	True	True
19534	vasild	2020-07-16 10:12:40	vasild	2020-05-14 15:03:11	131	91	40	True	True
19534	vasild	2020-07-16 10:12:40	vasild	2020-05-14 08:47:46	22	22	0	True	True
19533	jnewbery	2020-07-16 09:38:37	TheBlueMatt	2019-06-12 00:10:25	18	9	9	True	True
19532	scorbajio	2020-07-15 22:39:01	Amir Ghorbanian	2020-07-15 21:53:54	4	2	2	True	True
19532	scorbajio	2020-07-15 22:39:01	Amir Ghorbanian	2020-07-15 22:02:56	86	86	0	True	True
19532	scorbajio	2020-07-15 22:39:01	Amir Ghorbanian	2020-07-15 22:17:43	4	3	1	True	True
19532	scorbajio	2020-07-15 22:39:01	Amir Ghorbanian	2020-07-15 22:01:53	1271	1271	0	True	True
19532	scorbajio	2020-07-15 22:39:01	Amir Ghorbanian	2020-07-15 21:56:12	0	0	0	True	True
19530	theuni	2020-07-15 20:57:05	theuni	2020-07-16 19:06:01	4	2	2	False	True
19530	theuni	2020-07-15 20:57:05	theuni	2020-07-15 20:46:14	3	2	1	True	True
19528	MarcoFalke	2020-07-15 19:37:47	MarcoFalke	2020-07-15 19:26:22	120	73	47	True	True
19528	MarcoFalke	2020-07-15 19:37:47	MarcoFalke	2020-07-15 20:10:45	23	18	5	False	True
19528	MarcoFalke	2020-07-15 19:37:47	MarcoFalke	2020-07-15 17:45:01	4	2	2	True	True
19528	MarcoFalke	2020-07-15 19:37:47	MarcoFalke	2020-07-15 19:29:41	39	17	22	True	True
19525	fanquake	2020-07-15 06:41:21	fanquake	2020-07-10 12:53:28	1	1	0	True	True
19525	fanquake	2020-07-15 06:41:21	laanwj	2020-07-22 14:00:07	116	99	17	False	True
19522	fanquake	2020-07-15 02:20:59	fanquake	2020-07-14 12:37:21	23	16	7	True	True
19522	fanquake	2020-07-15 02:20:59	fanquake	2020-07-14 11:06:37	11	5	6	True	True
19522	fanquake	2020-07-15 02:20:59	fanquake	2020-07-14 12:38:52	2	0	2	True	True
19522	fanquake	2020-07-15 02:20:59	fanquake	2020-07-14 12:39:21	223	0	223	True	True
19522	fanquake	2020-07-15 02:20:59	fanquake	2020-07-14 13:04:45	1	1	0	True	True
19522	fanquake	2020-07-15 02:20:59	fanquake	2020-07-14 13:06:43	12	4	8	True	True
19521	fjahr	2020-07-14 23:58:39	fjahr	2021-03-04 00:37:50	14	14	0	False	True
19521	fjahr	2020-07-14 23:58:39	fjahr	2020-08-22 16:31:34	5	5	0	False	True
19521	fjahr	2020-07-14 23:58:39	jonatack	2021-03-27 18:44:11	17	7	10	False	True
19521	fjahr	2020-07-14 23:58:39	fjahr	2021-02-25 18:09:12	2	1	1	False	True
19521	fjahr	2020-07-14 23:58:39	fjahr	2021-02-21 22:24:28	31	17	14	False	True
19521	fjahr	2020-07-14 23:58:39	fjahr	2021-02-21 22:09:50	75	39	36	False	True
19521	fjahr	2020-07-14 23:58:39	fjahr	2020-01-24 17:56:47	445	437	8	True	True
19521	fjahr	2020-07-14 23:58:39	fjahr	2020-01-24 17:58:47	43	38	5	True	True
19521	fjahr	2020-07-14 23:58:39	fjahr	2019-08-26 19:49:57	88	87	1	True	True
19521	fjahr	2020-07-14 23:58:39	fjahr	2019-08-28 19:58:53	80	80	0	True	True
19521	fjahr	2020-07-14 23:58:39	fjahr	2020-05-15 14:14:07	123	76	47	True	True
19521	fjahr	2020-07-14 23:58:39	fjahr	2021-02-28 18:27:00	27	22	5	False	True
19521	fjahr	2020-07-14 23:58:39	fjahr	2021-03-03 23:31:12	51	51	0	False	True
19521	fjahr	2020-07-14 23:58:39	fjahr	2021-03-10 23:52:46	4	1	3	False	True
19521	fjahr	2020-07-14 23:58:39	fjahr	2020-08-22 18:21:20	191	181	10	False	True
19521	fjahr	2020-07-14 23:58:39	fjahr	2021-02-25 18:14:58	13	13	0	False	True
19521	fjahr	2020-07-14 23:58:39	fjahr	2020-08-22 16:51:45	150	145	5	False	True
19519	hebasto	2020-07-14 17:44:31	hebasto	2020-07-14 16:00:49	3	3	0	True	True
19517	achow101	2020-07-14 16:18:47	achow101	2020-07-14 16:16:18	33	16	17	True	True
19514	jnewbery	2020-07-14 09:29:53	jnewbery	2020-07-14 09:24:43	15	10	5	True	True
19509	troygiorshev	2020-07-14 02:10:58	troygiorshev	2020-07-13 18:00:03	8	8	0	True	True
19509	troygiorshev	2020-07-14 02:10:58	troygiorshev	2020-07-13 20:07:13	216	215	1	True	True
19509	troygiorshev	2020-07-14 02:10:58	troygiorshev	2020-07-23 18:36:17	77	77	0	False	True
19509	troygiorshev	2020-07-14 02:10:58	troygiorshev	2020-07-13 17:20:47	41	38	3	True	True
19509	troygiorshev	2020-07-14 02:10:58	troygiorshev	2020-07-22 12:59:16	18	6	12	False	True
19509	troygiorshev	2020-07-14 02:10:58	troygiorshev	2020-10-13 11:38:59	25	25	0	False	True
19508	MarcoFalke	2020-07-13 20:00:48	MarcoFalke	2020-07-19 18:53:08	7	4	3	False	True
19508	MarcoFalke	2020-07-13 20:00:48	MarcoFalke	2020-07-13 20:00:40	3	2	1	True	True
19507	instagibbs	2020-07-13 18:47:54	instagibbs	2020-07-13 17:59:34	41	34	7	True	True
19507	instagibbs	2020-07-13 18:47:54	instagibbs	2020-07-13 17:38:44	32	18	14	True	True
19507	instagibbs	2020-07-13 18:47:54	instagibbs	2020-07-13 17:43:13	7	7	0	True	True
19507	instagibbs	2020-07-13 18:47:54	instagibbs	2020-07-13 18:43:54	36	23	13	True	True
19504	ajtowns	2020-07-13 05:26:20	ajtowns	2020-07-13 04:49:31	12	6	6	True	True
19504	ajtowns	2020-07-13 05:26:20	ajtowns	2020-07-13 04:25:47	18	9	9	True	True
19503	sipa	2020-07-13 04:40:34	sipa	2020-07-11 07:28:10	42	27	15	True	True
19503	sipa	2020-07-13 04:40:34	sipa	2020-07-11 02:43:44	137	129	8	True	True
19503	sipa	2020-07-13 04:40:34	sipa	2020-07-11 03:02:55	50	27	23	True	True
19503	sipa	2020-07-13 04:40:34	sipa	2020-07-15 16:57:13	20	20	0	False	True
19503	sipa	2020-07-13 04:40:34	sipa	2020-07-10 22:36:30	18	12	6	True	True
19503	sipa	2020-07-13 04:40:34	vasild	2020-07-16 08:32:24	172	172	0	False	True
19502	luke-jr	2020-07-13 03:05:49	luke-jr	2020-07-13 03:01:57	39	22	17	True	True
19502	luke-jr	2020-07-13 03:05:49	luke-jr	2020-07-13 03:02:26	17	16	1	True	True
19501	stackman27	2020-07-12 20:04:49	stackman27	2020-07-12 19:52:02	81	60	21	True	True
19501	stackman27	2020-07-12 20:04:49	stackman27	2020-09-27 00:58:56	12	12	0	False	True
19499	MarcoFalke	2020-07-12 14:25:50	MarcoFalke	2021-10-22 09:06:23	36	18	18	False	True
19499	MarcoFalke	2020-07-12 14:25:50	MarcoFalke	2020-07-10 16:19:11	116	62	54	True	True
19498	jnewbery	2020-07-12 10:30:29	jnewbery	2020-06-25 20:15:14	14	6	8	True	True
19498	jnewbery	2020-07-12 10:30:29	jnewbery	2020-06-25 19:34:56	29	26	3	True	True
19498	jnewbery	2020-07-12 10:30:29	jnewbery	2020-06-25 21:26:55	26	12	14	True	True
19498	jnewbery	2020-07-12 10:30:29	jnewbery	2020-06-25 19:39:32	8	2	6	True	True
19498	jnewbery	2020-07-12 10:30:29	jnewbery	2020-06-25 19:37:51	10	5	5	True	True
19498	jnewbery	2020-07-12 10:30:29	jnewbery	2020-06-25 19:47:54	19	8	11	True	True
19495	hebasto	2020-07-11 17:42:17	hebasto	2020-07-13 22:13:25	4	2	2	False	True
19495	hebasto	2020-07-11 17:42:17	hebasto	2020-07-13 15:18:42	13	10	3	False	True
19495	hebasto	2020-07-11 17:42:17	hebasto	2020-07-13 20:52:23	12	0	12	False	True
19495	hebasto	2020-07-11 17:42:17	hebasto	2020-07-13 20:51:29	3	1	2	False	True
19494	jonatack	2020-07-11 17:29:54	jonatack	2020-07-11 16:40:42	114	62	52	True	True
19492	ryanofsky	2020-07-11 13:11:10	ryanofsky	2020-07-11 13:05:30	2	1	1	True	True
19491	MarcoFalke	2020-07-11 13:04:16	MarcoFalke	2020-07-11 13:06:51	12	11	1	False	True
19490	MarcoFalke	2020-07-11 12:06:02	MarcoFalke	2020-07-11 11:56:13	14	7	7	True	True
19489	MarcoFalke	2020-07-11 08:41:09	MarcoFalke	2020-07-11 08:41:23	56	27	29	False	True
19486	jnewbery	2020-07-10 19:39:48	jnewbery	2020-07-10 15:52:05	5	1	4	True	True
19486	jnewbery	2020-07-10 19:39:48	jnewbery	2020-07-10 15:48:20	26	15	11	True	True
19485	Saibato	2020-07-10 15:55:03	Saibato	2020-07-10 15:36:18	81	57	24	True	True
19482	MarcoFalke	2020-07-10 11:58:44	MarcoFalke	2020-04-15 00:19:06	9	1	8	True	True
19482	MarcoFalke	2020-07-10 11:58:44	MarcoFalke	2020-07-10 11:52:37	927	5	922	True	True
19482	MarcoFalke	2020-07-10 11:58:44	sipsorcery	2020-07-04 12:45:04	58	19	39	True	True
19482	MarcoFalke	2020-07-10 11:58:44	MarcoFalke	2020-07-10 11:53:10	65	34	31	True	True
19480	freenancial	2020-07-10 00:21:27	freenancial	2020-07-10 00:08:52	26	13	13	True	True
19478	JeremyRubin	2020-07-09 20:54:36	JeremyRubin	2020-01-22 00:24:42	14	0	14	True	True
19478	JeremyRubin	2020-07-09 20:54:36	JeremyRubin	2020-01-21 21:48:57	240	128	112	True	True
19474	MarcoFalke	2020-07-09 15:50:41	MarcoFalke	2020-07-09 15:59:54	82	37	45	False	True
19473	hebasto	2020-07-09 07:33:00	hebasto	2020-07-09 07:07:47	9	6	3	True	True
19473	hebasto	2020-07-09 07:33:00	hebasto	2020-07-09 07:12:19	2	1	1	True	True
19473	hebasto	2020-07-09 07:33:00	hebasto	2020-07-18 08:00:30	33	31	2	False	True
19472	jnewbery	2020-07-08 20:34:28	jnewbery	2020-06-15 14:15:08	9	4	5	True	True
19472	jnewbery	2020-07-08 20:34:28	jnewbery	2020-06-15 13:28:56	13	6	7	True	True
19472	jnewbery	2020-07-08 20:34:28	jnewbery	2020-06-15 15:33:14	57	37	20	True	True
19472	jnewbery	2020-07-08 20:34:28	jnewbery	2020-06-15 14:19:56	64	32	32	True	True
19471	hebasto	2020-07-08 15:28:52	hebasto	2021-04-18 16:30:45	23	13	10	False	True
19471	hebasto	2020-07-08 15:28:52	hebasto	2021-04-18 14:17:04	11	11	0	False	True
19471	hebasto	2020-07-08 15:28:52	hebasto	2021-04-18 14:19:44	37	23	14	False	True
19470	fanquake	2020-07-08 13:58:33	fanquake	2020-07-08 13:44:45	2	1	1	True	True
19469	jonatack	2020-07-08 11:40:21	jonatack	2020-07-08 10:54:28	6	6	0	True	True
19469	jonatack	2020-07-08 11:40:21	jonatack	2020-07-08 10:33:14	25	25	0	True	True
19469	jonatack	2020-07-08 11:40:21	jonatack	2020-07-08 11:00:58	7	5	2	True	True
19466	kiminuo	2020-07-08 10:52:23	kiminuo	2020-07-08 13:48:43	2	1	1	False	True
19466	kiminuo	2020-07-08 10:52:23	kiminuo	2020-07-08 10:30:12	8	4	4	True	True
19466	kiminuo	2020-07-08 10:52:23	kiminuo	2020-07-08 13:52:30	8	5	3	False	True
19466	kiminuo	2020-07-08 10:52:23	kiminuo	2020-07-08 10:23:55	12	6	6	True	True
19464	jonatack	2020-07-08 08:44:00	jonatack	2020-07-08 07:32:09	27	14	13	True	True
19464	jonatack	2020-07-08 08:44:00	jonatack	2020-07-08 07:33:30	21	11	10	True	True
19463	luke-jr	2020-07-08 04:03:17	luke-jr	2021-07-07 00:08:41	81	68	13	False	True
19463	luke-jr	2020-07-08 04:03:17	luke-jr	2021-07-07 00:02:16	66	66	0	False	True
19463	luke-jr	2020-07-08 04:03:17	luke-jr	2020-07-07 06:17:07	11	11	0	True	True
19463	luke-jr	2020-07-08 04:03:17	luke-jr	2020-07-29 04:19:37	11	11	0	False	True
19463	luke-jr	2020-07-08 04:03:17	luke-jr	2021-07-07 00:10:44	151	151	0	False	True
19463	luke-jr	2020-07-08 04:03:17	luke-jr	2020-07-07 05:45:04	8	8	0	True	True
19462	instagibbs	2020-07-07 20:11:23	instagibbs	2020-07-13 17:38:44	32	18	14	False	True
19462	instagibbs	2020-07-07 20:11:23	instagibbs	2020-07-07 18:49:16	156	154	2	True	True
19462	instagibbs	2020-07-07 20:11:23	instagibbs	2020-07-13 14:15:29	45	23	22	False	True
19462	instagibbs	2020-07-07 20:11:23	instagibbs	2020-07-13 17:59:34	41	34	7	False	True
19462	instagibbs	2020-07-07 20:11:23	instagibbs	2020-07-13 17:43:13	7	7	0	False	True
19462	instagibbs	2020-07-07 20:11:23	instagibbs	2020-07-13 18:43:54	36	23	13	False	True
19457	achow101	2020-07-06 18:46:19	achow101	2020-07-06 18:34:49	44	26	18	True	True
19457	achow101	2020-07-06 18:46:19	achow101	2020-07-06 18:32:17	23	1	22	True	True
19457	achow101	2020-07-06 18:46:19	achow101	2020-07-06 18:38:35	4	0	4	True	True
19455	jonatack	2020-07-06 06:31:47	jonatack	2020-07-07 09:56:54	6	4	2	False	True
19455	jonatack	2020-07-06 06:31:47	jonatack	2020-07-09 15:13:51	12	12	0	False	True
19455	jonatack	2020-07-06 06:31:47	jonatack	2020-07-06 03:39:40	36	36	0	True	True
19444	sipsorcery	2020-07-04 14:01:39	sipsorcery	2020-07-04 12:43:18	58	19	39	True	True
19441	achow101	2020-07-04 01:22:15	achow101	2020-07-04 01:15:09	15	12	3	True	True
19439	scorbajio	2020-07-03 21:20:57	Amir Ghorbanian	2020-07-03 21:13:45	46	46	0	True	True
19438	ajtowns	2020-07-03 17:03:16	ajtowns	2021-03-11 02:17:22	18	9	9	False	True
19438	ajtowns	2020-07-03 17:03:16	ajtowns	2021-03-04 16:01:36	6	3	3	False	True
19438	ajtowns	2020-07-03 17:03:16	ajtowns	2020-06-16 08:58:56	154	101	53	True	True
19438	ajtowns	2020-07-03 17:03:16	ajtowns	2020-07-02 18:01:23	62	50	12	True	True
19438	ajtowns	2020-07-03 17:03:16	ajtowns	2021-03-11 02:47:24	32	31	1	False	True
19438	ajtowns	2020-07-03 17:03:16	ajtowns	2020-12-29 12:43:18	18	11	7	False	True
19438	ajtowns	2020-07-03 17:03:16	ajtowns	2021-03-11 02:17:52	33	18	15	False	True
19438	ajtowns	2020-07-03 17:03:16	ajtowns	2021-06-10 20:59:53	20	10	10	False	True
19438	ajtowns	2020-07-03 17:03:16	ajtowns	2021-06-07 04:58:54	41	18	23	False	True
19438	ajtowns	2020-07-03 17:03:16	ajtowns	2020-12-29 01:19:06	73	39	34	False	True
19438	ajtowns	2020-07-03 17:03:16	ajtowns	2021-04-16 08:34:34	28	16	12	False	True
19438	ajtowns	2020-07-03 17:03:16	ajtowns	2021-04-16 08:33:02	40	21	19	False	True
19436	jonatack	2020-07-03 10:24:59	jonatack	2020-07-03 10:04:18	20	20	0	True	True
19430	midnightmagic	2020-07-02 11:26:35	midnightmagic	2020-07-02 11:17:36	60	31	29	True	True
19429	MarcoFalke	2020-07-02 00:02:00	MarcoFalke	2020-07-02 00:02:05	16	11	5	False	True
19426	MarcoFalke	2020-07-01 17:30:45	MarcoFalke	2020-07-01 17:31:53	54	28	26	False	True
19425	ryanofsky	2020-07-01 16:54:33	ryanofsky	2020-12-08 01:46:03	34	14	20	False	True
19425	ryanofsky	2020-07-01 16:54:33	ryanofsky	2020-06-09 22:03:26	116	40	76	True	True
19425	ryanofsky	2020-07-01 16:54:33	ryanofsky	2020-07-20 13:49:10	105	49	56	False	True
19424	MarcoFalke	2020-07-01 16:03:47	MarcoFalke	2020-06-29 12:58:26	21	14	7	True	True
19423	glozow	2020-07-01 05:03:54	glozow	2020-06-19 16:49:51	45	45	0	True	True
