pr_number	author_user_login	pr_created_at	commit_user_login	commit_created_at	commit_status_total	commit_status_additions	commit_status_deletions	create_before_pr	is_review_commit
3042	wtogami	2013-09-30 08:04:25	wtogami	2013-09-30 06:46:26	32	21	11	True	True
3038	Diapolo	2013-09-28 13:38:37	Philip Kaufmann	2013-10-01 07:44:56	2	2	0	False	True
3029	wtogami	2013-09-25 04:25:27	wtogami	2013-09-23 02:55:00	148	103	45	True	True
3029	wtogami	2013-09-25 04:25:27	wtogami	2013-09-26 08:33:25	98	42	56	False	True
3029	wtogami	2013-09-25 04:25:27	theuni	2013-09-25 21:58:18	4	4	0	False	True
3028	Michagogo	2013-09-24 19:36:56	Michagogo	2013-10-01 18:40:07	10	5	5	False	True
3028	Michagogo	2013-09-24 19:36:56	Michagogo	2013-09-24 19:31:52	9	6	3	True	True
3028	Michagogo	2013-09-24 19:36:56	Michagogo	2013-09-29 14:06:16	4	2	2	False	True
3015	theuni	2013-09-18 21:18:10	theuni	2013-09-18 21:39:18	6	5	1	False	True
3015	theuni	2013-09-18 21:18:10	theuni	2013-09-18 19:53:29	41	41	0	True	True
3015	theuni	2013-09-18 21:18:10	theuni	2013-09-18 19:45:31	20	9	11	True	True
3015	theuni	2013-09-18 21:18:10	theuni	2013-09-18 21:09:11	6	4	2	True	True
2995	Diapolo	2013-09-14 09:49:00	Philip Kaufmann	2013-09-14 09:44:12	35	21	14	True	True
2991	Diapolo	2013-09-13 14:54:55	Philip Kaufmann	2013-09-13 14:49:35	127	61	66	True	True
2980	wtogami	2013-09-08 07:21:25	wtogami	2013-09-08 07:17:27	3	2	1	True	True
2975	jgarzik	2013-09-04 17:33:44	jgarzik	2013-09-04 17:32:43	45	45	0	True	True
2975	jgarzik	2013-09-04 17:33:44	jgarzik	2014-05-20 20:50:47	16	8	8	False	True
2973	Diapolo	2013-09-04 09:56:02	Philip Kaufmann	2013-09-04 09:52:45	119	67	52	True	True
