pr_number	author_user_login	pr_created_at	review_comment_user_login	review_comment_created_at	is_review_review_comment
10301	jameshilliard	2017-04-30 05:26:54	jonasschnelli	2017-05-02 06:56:17	True
10301	jameshilliard	2017-04-30 05:26:54	laanwj	2017-05-03 13:58:11	True
10301	jameshilliard	2017-04-30 05:26:54	laanwj	2017-05-03 10:44:48	True
10297		2017-04-28 23:16:03			
10295	ryanofsky	2017-04-28 21:51:31	TheBlueMatt	2017-05-05 17:19:05	True
10295	ryanofsky	2017-04-28 21:51:31	TheBlueMatt	2017-05-05 15:16:58	True
10295	ryanofsky	2017-04-28 21:51:31	TheBlueMatt	2017-05-03 21:22:47	True
10295	ryanofsky	2017-04-28 21:51:31	TheBlueMatt	2017-05-04 17:02:57	True
10295	ryanofsky	2017-04-28 21:51:31	TheBlueMatt	2017-05-05 17:18:38	True
10295	ryanofsky	2017-04-28 21:51:31	TheBlueMatt	2017-05-04 20:26:39	True
10295	ryanofsky	2017-04-28 21:51:31	TheBlueMatt	2017-05-04 17:03:55	True
10295	ryanofsky	2017-04-28 21:51:31	jonasschnelli	2017-05-04 18:18:35	True
10294	instagibbs	2017-04-28 21:26:22	kallewoof	2017-05-01 07:55:00	True
10294	instagibbs	2017-04-28 21:26:22	kallewoof	2017-05-01 07:55:55	True
10294	instagibbs	2017-04-28 21:26:22	kallewoof	2017-05-01 07:51:58	True
10292	mm-s	2017-04-28 08:06:20	dcousens	2017-04-28 08:24:17	True
10292	mm-s	2017-04-28 08:06:20	kallewoof	2017-04-28 08:10:37	True
10290	sipa	2017-04-27 19:28:16	jtimon	2017-04-28 13:09:51	True
10290	sipa	2017-04-27 19:28:16	MarcoFalke	2017-04-29 12:39:32	True
10290	sipa	2017-04-27 19:28:16	TheBlueMatt	2017-04-28 15:17:33	True
10290	sipa	2017-04-27 19:28:16	kallewoof	2017-04-28 08:16:12	True
10290	sipa	2017-04-27 19:28:16	practicalswift	2017-04-27 22:26:43	True
10290	sipa	2017-04-27 19:28:16	kallewoof	2017-04-28 15:45:47	True
10287	jimmysong	2017-04-27 01:33:46	jnewbery	2017-05-02 17:35:55	True
10287	jimmysong	2017-04-27 01:33:46	EthanHeilman	2017-05-01 20:30:11	True
10287	jimmysong	2017-04-27 01:33:46	jnewbery	2017-05-01 14:41:43	True
10287	jimmysong	2017-04-27 01:33:46	jnewbery	2017-05-01 20:40:57	True
10287	jimmysong	2017-04-27 01:33:46	EthanHeilman	2017-05-01 18:26:02	True
10287	jimmysong	2017-04-27 01:33:46	EthanHeilman	2017-05-01 21:16:32	True
10287	jimmysong	2017-04-27 01:33:46	jnewbery	2017-05-01 19:17:11	True
10286	TheBlueMatt	2017-04-27 00:59:32	mchrostowski	2017-05-03 19:30:28	True
10286	TheBlueMatt	2017-04-27 00:59:32	mchrostowski	2017-05-03 19:33:26	True
10286	TheBlueMatt	2017-04-27 00:59:32	mchrostowski	2017-05-03 20:46:55	True
10286	TheBlueMatt	2017-04-27 00:59:32	mchrostowski	2017-05-03 21:11:39	True
10286	TheBlueMatt	2017-04-27 00:59:32	ryanofsky	2017-05-04 01:04:28	True
10286	TheBlueMatt	2017-04-27 00:59:32	mchrostowski	2017-05-03 21:24:18	True
10286	TheBlueMatt	2017-04-27 00:59:32	ryanofsky	2017-05-04 01:20:05	True
10286	TheBlueMatt	2017-04-27 00:59:32	ryanofsky	2017-05-04 01:13:41	True
10286	TheBlueMatt	2017-04-27 00:59:32	mchrostowski	2017-05-03 20:55:13	True
10286	TheBlueMatt	2017-04-27 00:59:32	mchrostowski	2017-05-03 20:26:32	True
10286	TheBlueMatt	2017-04-27 00:59:32	mchrostowski	2017-05-03 20:13:05	True
10286	TheBlueMatt	2017-04-27 00:59:32	mchrostowski	2017-05-03 20:03:44	True
10286	TheBlueMatt	2017-04-27 00:59:32	ryanofsky	2017-05-02 21:01:49	True
10286	TheBlueMatt	2017-04-27 00:59:32	ryanofsky	2017-05-02 21:17:11	True
10286	TheBlueMatt	2017-04-27 00:59:32	ryanofsky	2017-05-02 21:16:09	True
10286	TheBlueMatt	2017-04-27 00:59:32	ryanofsky	2017-05-02 21:05:07	True
10286	TheBlueMatt	2017-04-27 00:59:32	mchrostowski	2017-05-03 20:35:42	True
10286	TheBlueMatt	2017-04-27 00:59:32	ryanofsky	2017-05-02 21:52:37	True
10286	TheBlueMatt	2017-04-27 00:59:32	mchrostowski	2017-05-03 20:40:07	True
10286	TheBlueMatt	2017-04-27 00:59:32	ryanofsky	2017-05-02 21:30:07	True
10285	theuni	2017-04-27 00:24:46	ryanofsky	2017-05-10 21:23:47	True
10285	theuni	2017-04-27 00:24:46	ryanofsky	2017-05-10 22:46:03	True
10285	theuni	2017-04-27 00:24:46	ryanofsky	2017-05-10 21:49:36	True
10285	theuni	2017-04-27 00:24:46	ryanofsky	2017-05-10 21:41:58	True
10285	theuni	2017-04-27 00:24:46	ryanofsky	2017-05-10 21:33:06	True
10285	theuni	2017-04-27 00:24:46	TheBlueMatt	2017-05-05 19:29:12	True
10285	theuni	2017-04-27 00:24:46	laanwj	2017-05-03 12:45:45	True
10285	theuni	2017-04-27 00:24:46	TheBlueMatt	2017-05-02 18:28:10	True
10285	theuni	2017-04-27 00:24:46	ryanofsky	2017-05-10 21:43:28	True
10285	theuni	2017-04-27 00:24:46	ryanofsky	2017-05-10 22:34:38	True
10285	theuni	2017-04-27 00:24:46	TheBlueMatt	2017-05-02 19:50:06	True
10285	theuni	2017-04-27 00:24:46	TheBlueMatt	2017-05-02 20:13:39	True
10285	theuni	2017-04-27 00:24:46	TheBlueMatt	2017-05-02 19:49:33	True
10285	theuni	2017-04-27 00:24:46	TheBlueMatt	2017-05-02 18:17:28	True
10285	theuni	2017-04-27 00:24:46	TheBlueMatt	2017-05-02 19:15:54	True
10285	theuni	2017-04-27 00:24:46	TheBlueMatt	2017-05-02 19:25:03	True
10285	theuni	2017-04-27 00:24:46	TheBlueMatt	2017-05-02 20:13:58	True
10285	theuni	2017-04-27 00:24:46	TheBlueMatt	2017-05-02 14:36:07	True
10284	morcos	2017-04-26 20:50:21	ryanofsky	2017-05-24 15:29:57	True
10284	morcos	2017-04-26 20:50:21	ryanofsky	2017-06-12 20:55:34	True
10284	morcos	2017-04-26 20:50:21	jnewbery	2017-06-08 20:27:56	True
10284	morcos	2017-04-26 20:50:21	ryanofsky	2017-05-24 15:51:47	True
10284	morcos	2017-04-26 20:50:21	jonasschnelli	2017-04-27 06:47:21	True
10284	morcos	2017-04-26 20:50:21	ryanofsky	2017-05-24 15:39:15	True
10284	morcos	2017-04-26 20:50:21	sipa	2017-04-27 11:31:46	True
10284	morcos	2017-04-26 20:50:21	jonasschnelli	2017-04-27 06:46:57	True
10284	morcos	2017-04-26 20:50:21	laanwj	2017-05-22 17:44:32	True
10284	morcos	2017-04-26 20:50:21	jonasschnelli	2017-04-27 11:35:18	True
10284	morcos	2017-04-26 20:50:21	laanwj	2017-05-22 17:45:16	True
10284	morcos	2017-04-26 20:50:21	ryanofsky	2017-06-13 14:52:03	True
10284	morcos	2017-04-26 20:50:21	ryanofsky	2017-05-24 15:40:23	True
10282	luke-jr	2017-04-26 14:12:07	wangchun	2017-04-26 14:21:56	True
10282	luke-jr	2017-04-26 14:12:07	dcousens	2017-04-26 15:05:06	True
10282	luke-jr	2017-04-26 14:12:07	yinyunqiao	2017-04-27 01:31:06	True
10281	laanwj	2017-04-26 05:23:21	kallewoof	2017-04-26 06:43:44	True
10281	laanwj	2017-04-26 05:23:21	kallewoof	2017-04-26 08:26:34	True
10281	laanwj	2017-04-26 05:23:21	kallewoof	2017-05-01 07:41:48	True
10281	laanwj	2017-04-26 05:23:21	fanquake	2017-04-26 06:47:30	True
10281	laanwj	2017-04-26 05:23:21	kallewoof	2017-04-26 07:40:17	True
10281	laanwj	2017-04-26 05:23:21	kallewoof	2017-04-26 06:42:44	True
10280	jimmysong	2017-04-26 04:05:51	paveljanik	2017-04-26 06:40:01	True
10279	TheBlueMatt	2017-04-26 01:49:59	ryanofsky	2017-05-02 18:15:13	True
10279	TheBlueMatt	2017-04-26 01:49:59	ryanofsky	2017-05-02 18:19:18	True
10279	TheBlueMatt	2017-04-26 01:49:59	ryanofsky	2017-05-02 18:22:32	True
10279	TheBlueMatt	2017-04-26 01:49:59	ryanofsky	2017-05-02 18:13:10	True
10279	TheBlueMatt	2017-04-26 01:49:59	ryanofsky	2017-05-02 17:38:25	True
10279	TheBlueMatt	2017-04-26 01:49:59	ryanofsky	2017-05-02 17:46:56	True
10279	TheBlueMatt	2017-04-26 01:49:59	ryanofsky	2017-05-02 18:16:31	True
10279	TheBlueMatt	2017-04-26 01:49:59	jtimon	2017-04-27 15:46:49	True
10279	TheBlueMatt	2017-04-26 01:49:59	jtimon	2017-04-27 15:41:36	True
10279	TheBlueMatt	2017-04-26 01:49:59	ryanofsky	2017-05-02 17:28:48	True
10279	TheBlueMatt	2017-04-26 01:49:59	jtimon	2017-04-27 16:22:14	True
10279	TheBlueMatt	2017-04-26 01:49:59	jtimon	2017-04-27 14:40:03	True
10279	TheBlueMatt	2017-04-26 01:49:59	jtimon	2017-04-27 14:40:59	True
10279	TheBlueMatt	2017-04-26 01:49:59	jtimon	2017-04-27 14:26:16	True
10279	TheBlueMatt	2017-04-26 01:49:59	instagibbs	2017-04-27 14:45:57	True
10279	TheBlueMatt	2017-04-26 01:49:59	jtimon	2017-04-27 14:23:18	True
10279	TheBlueMatt	2017-04-26 01:49:59	jtimon	2017-04-27 14:56:51	True
10279	TheBlueMatt	2017-04-26 01:49:59	instagibbs	2017-04-27 14:40:47	True
10279	TheBlueMatt	2017-04-26 01:49:59	jtimon	2017-04-27 14:46:14	True
10279	TheBlueMatt	2017-04-26 01:49:59	jtimon	2017-04-27 14:56:18	True
10275	kallewoof	2017-04-25 08:53:39	instagibbs	2017-08-24 13:40:38	True
10275	kallewoof	2017-04-25 08:53:39	luke-jr	2017-06-03 22:14:43	True
10275	kallewoof	2017-04-25 08:53:39	instagibbs	2017-08-24 13:38:59	True
10275	kallewoof	2017-04-25 08:53:39	instagibbs	2017-08-24 13:47:24	True
10275	kallewoof	2017-04-25 08:53:39	jnewbery	2017-09-01 14:44:37	True
10275	kallewoof	2017-04-25 08:53:39	jnewbery	2017-09-01 14:32:33	True
10275	kallewoof	2017-04-25 08:53:39	jnewbery	2017-09-01 14:34:57	True
10275	kallewoof	2017-04-25 08:53:39	jnewbery	2017-09-01 14:43:38	True
10275	kallewoof	2017-04-25 08:53:39	luke-jr	2017-06-03 22:11:33	True
10275	kallewoof	2017-04-25 08:53:39	TheBlueMatt	2017-06-07 18:57:08	True
10275	kallewoof	2017-04-25 08:53:39	jtimon	2017-07-17 20:30:31	True
10275	kallewoof	2017-04-25 08:53:39	instagibbs	2017-08-25 01:27:18	True
10275	kallewoof	2017-04-25 08:53:39	luke-jr	2017-06-03 22:13:56	True
10275	kallewoof	2017-04-25 08:53:39	jnewbery	2017-05-15 19:28:59	True
10275	kallewoof	2017-04-25 08:53:39	TheBlueMatt	2017-06-07 19:06:07	True
10275	kallewoof	2017-04-25 08:53:39	jnewbery	2017-05-02 21:26:44	True
10275	kallewoof	2017-04-25 08:53:39	laanwj	2017-04-25 11:47:12	True
10275	kallewoof	2017-04-25 08:53:39	TheBlueMatt	2017-06-07 19:12:31	True
10275	kallewoof	2017-04-25 08:53:39	jnewbery	2017-05-15 19:30:21	True
10275	kallewoof	2017-04-25 08:53:39	TheBlueMatt	2017-06-07 19:13:25	True
10275	kallewoof	2017-04-25 08:53:39	jtimon	2017-07-17 20:38:45	True
10273	chrisgavin	2017-04-25 08:18:51	jonasschnelli	2017-04-25 19:40:56	True
10271		2017-04-25 01:40:21			
10267	kallewoof	2017-04-24 01:09:49	jnewbery	2018-03-20 14:53:07	True
10267	kallewoof	2017-04-24 01:09:49	jtimon	2017-06-05 18:50:59	True
10267	kallewoof	2017-04-24 01:09:49	jnewbery	2018-03-20 14:51:03	True
10267	kallewoof	2017-04-24 01:09:49	jnewbery	2018-03-20 14:51:10	True
10267	kallewoof	2017-04-24 01:09:49	jnewbery	2018-03-20 14:51:38	True
10267	kallewoof	2017-04-24 01:09:49	jnewbery	2018-03-23 19:29:41	True
10267	kallewoof	2017-04-24 01:09:49	jnewbery	2018-03-20 15:30:00	True
10267	kallewoof	2017-04-24 01:09:49	jnewbery	2017-06-01 13:55:14	True
10267	kallewoof	2017-04-24 01:09:49	jnewbery	2018-04-17 20:08:58	True
10267	kallewoof	2017-04-24 01:09:49	jnewbery	2018-04-17 20:58:05	True
10267	kallewoof	2017-04-24 01:09:49	jnewbery	2018-03-20 15:27:18	True
10267	kallewoof	2017-04-24 01:09:49	jtimon	2017-06-01 14:34:34	True
10267	kallewoof	2017-04-24 01:09:49	jnewbery	2017-05-31 20:08:46	True
10267	kallewoof	2017-04-24 01:09:49	jnewbery	2017-05-31 19:52:40	True
10267	kallewoof	2017-04-24 01:09:49	jnewbery	2017-05-31 20:02:39	True
10267	kallewoof	2017-04-24 01:09:49	jnewbery	2017-05-31 20:02:41	True
10267	kallewoof	2017-04-24 01:09:49	jnewbery	2017-05-31 20:04:15	True
10267	kallewoof	2017-04-24 01:09:49	jnewbery	2017-05-31 20:08:27	True
10267	kallewoof	2017-04-24 01:09:49	jnewbery	2017-05-31 19:53:57	True
10267	kallewoof	2017-04-24 01:09:49	jnewbery	2017-05-31 20:08:56	True
10267	kallewoof	2017-04-24 01:09:49	jnewbery	2017-05-31 20:10:43	True
10267	kallewoof	2017-04-24 01:09:49	jnewbery	2017-05-31 20:09:28	True
10264	jimmysong	2017-04-23 23:00:41	jnewbery	2017-04-28 21:12:11	True
10264	jimmysong	2017-04-23 23:00:41	jnewbery	2017-04-28 21:07:52	True
10264	jimmysong	2017-04-23 23:00:41	jnewbery	2017-04-28 21:06:49	True
10264	jimmysong	2017-04-23 23:00:41	MarcoFalke	2017-05-01 10:14:21	True
10257	jimmysong	2017-04-22 02:08:09	paveljanik	2017-04-25 16:39:04	True
10257	jimmysong	2017-04-22 02:08:09	paveljanik	2017-04-25 16:39:29	True
10257	jimmysong	2017-04-22 02:08:09	paveljanik	2017-04-25 17:03:35	True
10257	jimmysong	2017-04-22 02:08:09	laanwj	2017-04-27 14:00:32	True
10256	jimmysong	2017-04-22 01:11:04	jnewbery	2017-04-28 21:31:13	True
10256	jimmysong	2017-04-22 01:11:04	jnewbery	2017-04-28 21:34:33	True
10256	jimmysong	2017-04-22 01:11:04	jnewbery	2017-04-28 21:36:03	True
10256	jimmysong	2017-04-22 01:11:04	MarcoFalke	2017-04-29 12:45:04	True
10256	jimmysong	2017-04-22 01:11:04	jnewbery	2017-04-28 21:29:31	True
10256	jimmysong	2017-04-22 01:11:04	jnewbery	2017-04-28 21:28:23	True
10255	jimmysong	2017-04-21 20:05:14	MarcoFalke	2017-04-23 17:43:11	True
10255	jimmysong	2017-04-21 20:05:14	MarcoFalke	2017-04-29 12:38:34	True
10254	jonasschnelli	2017-04-21 20:00:17	laanwj	2017-04-22 08:02:50	True
10252	luke-jr	2017-04-21 16:45:13	ryanofsky	2017-05-23 13:45:54	True
10252	luke-jr	2017-04-21 16:45:13	laanwj	2017-06-06 13:45:17	True
10251	jonasschnelli	2017-04-21 14:43:20	ryanofsky	2017-05-01 16:09:11	True
10251	jonasschnelli	2017-04-21 14:43:20	ryanofsky	2017-05-01 17:05:22	True
10251	jonasschnelli	2017-04-21 14:43:20	ryanofsky	2017-05-04 15:22:15	True
10251	jonasschnelli	2017-04-21 14:43:20	kallewoof	2017-06-14 06:58:07	True
10251	jonasschnelli	2017-04-21 14:43:20	ryanofsky	2017-04-21 15:21:59	True
10251	jonasschnelli	2017-04-21 14:43:20	ryanofsky	2017-04-21 15:07:29	True
10251	jonasschnelli	2017-04-21 14:43:20	ryanofsky	2017-04-21 15:10:37	True
10249		2017-04-21 12:35:32			
10248	sipa	2017-04-21 12:00:07	ryanofsky	2017-05-03 21:51:02	True
10248	sipa	2017-04-21 12:00:07	TheBlueMatt	2017-06-07 17:37:00	True
10248	sipa	2017-04-21 12:00:07	ryanofsky	2017-05-03 22:02:11	True
10248	sipa	2017-04-21 12:00:07	theuni	2017-05-08 20:12:02	True
10248	sipa	2017-04-21 12:00:07	laanwj	2017-06-06 10:24:57	True
10248	sipa	2017-04-21 12:00:07	ryanofsky	2017-05-03 21:36:23	True
10248	sipa	2017-04-21 12:00:07	TheBlueMatt	2017-04-21 21:04:35	True
10248	sipa	2017-04-21 12:00:07	theuni	2017-05-08 20:11:04	True
10245	shigeya	2017-04-20 22:41:26	laanwj	2017-04-21 08:34:53	True
10245	shigeya	2017-04-20 22:41:26	laanwj	2017-04-21 08:40:22	True
10244	ryanofsky	2017-04-20 19:37:38	jamesob	2018-03-08 21:42:03	True
10244	ryanofsky	2017-04-20 19:37:38	jamesob	2018-03-13 20:04:43	True
10244	ryanofsky	2017-04-20 19:37:38	jamesob	2018-03-13 20:06:09	True
10244	ryanofsky	2017-04-20 19:37:38	Sjors	2018-03-14 16:02:47	True
10244	ryanofsky	2017-04-20 19:37:38	Sjors	2018-03-14 15:36:23	True
10244	ryanofsky	2017-04-20 19:37:38	Sjors	2018-03-14 15:58:54	True
10244	ryanofsky	2017-04-20 19:37:38	Sjors	2018-03-14 16:07:27	True
10244	ryanofsky	2017-04-20 19:37:38	jamesob	2018-03-08 19:58:50	True
10244	ryanofsky	2017-04-20 19:37:38	jamesob	2018-03-08 20:47:19	True
10244	ryanofsky	2017-04-20 19:37:38	Sjors	2018-03-14 17:31:49	True
10244	ryanofsky	2017-04-20 19:37:38	jamesob	2018-03-09 15:51:57	True
10244	ryanofsky	2017-04-20 19:37:38	jamesob	2018-03-09 18:50:59	True
10244	ryanofsky	2017-04-20 19:37:38	jamesob	2018-03-09 19:48:21	True
10244	ryanofsky	2017-04-20 19:37:38	jamesob	2018-03-09 19:11:58	True
10244	ryanofsky	2017-04-20 19:37:38	jamesob	2018-03-09 18:37:51	True
10244	ryanofsky	2017-04-20 19:37:38	jamesob	2018-03-09 14:48:22	True
10244	ryanofsky	2017-04-20 19:37:38	jamesob	2018-03-09 18:24:32	True
10244	ryanofsky	2017-04-20 19:37:38	jamesob	2018-03-09 16:39:04	True
10241	jonasschnelli	2017-04-20 18:57:51	MarcoFalke	2017-04-30 10:14:31	True
10241	jonasschnelli	2017-04-20 18:57:51	jnewbery	2017-05-01 13:29:22	True
10241	jonasschnelli	2017-04-20 18:57:51	jnewbery	2017-05-01 13:29:42	True
10240	jonasschnelli	2017-04-20 15:30:35	ryanofsky	2017-05-05 19:58:36	True
10240	jonasschnelli	2017-04-20 15:30:35	ryanofsky	2017-05-05 19:48:49	True
10240	jonasschnelli	2017-04-20 15:30:35	ryanofsky	2017-05-05 18:42:46	True
10240	jonasschnelli	2017-04-20 15:30:35	ryanofsky	2017-05-05 20:08:57	True
10240	jonasschnelli	2017-04-20 15:30:35	ryanofsky	2017-05-05 20:02:26	True
10240	jonasschnelli	2017-04-20 15:30:35	ryanofsky	2017-05-05 19:59:54	True
10240	jonasschnelli	2017-04-20 15:30:35	ryanofsky	2017-05-05 19:11:11	True
10240	jonasschnelli	2017-04-20 15:30:35	ryanofsky	2017-05-05 18:55:33	True
10240	jonasschnelli	2017-04-20 15:30:35	ryanofsky	2017-05-05 19:41:06	True
10240	jonasschnelli	2017-04-20 15:30:35	ryanofsky	2017-05-05 19:14:32	True
10240	jonasschnelli	2017-04-20 15:30:35	ryanofsky	2017-05-05 19:28:30	True
10240	jonasschnelli	2017-04-20 15:30:35	ryanofsky	2017-05-05 17:32:11	True
10240	jonasschnelli	2017-04-20 15:30:35	ryanofsky	2017-05-05 19:01:33	True
10240	jonasschnelli	2017-04-20 15:30:35	ryanofsky	2017-05-05 18:55:57	True
10240	jonasschnelli	2017-04-20 15:30:35	ryanofsky	2017-05-05 18:54:04	True
10240	jonasschnelli	2017-04-20 15:30:35	ryanofsky	2017-05-05 18:41:29	True
10240	jonasschnelli	2017-04-20 15:30:35	ryanofsky	2017-05-05 18:35:26	True
10240	jonasschnelli	2017-04-20 15:30:35	ryanofsky	2017-05-05 17:05:46	True
10240	jonasschnelli	2017-04-20 15:30:35	ryanofsky	2017-05-05 18:33:21	True
10240	jonasschnelli	2017-04-20 15:30:35	ryanofsky	2017-05-05 18:50:43	True
10240	jonasschnelli	2017-04-20 15:30:35	ryanofsky	2017-05-05 17:09:25	True
10240	jonasschnelli	2017-04-20 15:30:35	ryanofsky	2017-05-05 18:03:36	True
10240	jonasschnelli	2017-04-20 15:30:35	ryanofsky	2017-05-05 17:46:36	True
10240	jonasschnelli	2017-04-20 15:30:35	ryanofsky	2017-05-05 18:28:33	True
10240	jonasschnelli	2017-04-20 15:30:35	ryanofsky	2017-05-05 17:01:52	True
10240	jonasschnelli	2017-04-20 15:30:35	ryanofsky	2017-05-05 16:59:29	True
10240	jonasschnelli	2017-04-20 15:30:35	ryanofsky	2017-05-05 16:32:30	True
10240	jonasschnelli	2017-04-20 15:30:35	ryanofsky	2017-05-05 16:03:34	True
10240	jonasschnelli	2017-04-20 15:30:35	ryanofsky	2017-05-05 18:39:39	True
10239	sipa	2017-04-20 13:46:56	theuni	2017-04-20 14:34:23	True
10239	sipa	2017-04-20 13:46:56	laanwj	2017-04-20 13:55:11	True
10239	sipa	2017-04-20 13:46:56	laanwj	2017-04-20 14:11:14	True
10239	sipa	2017-04-20 13:46:56	theuni	2017-04-20 15:04:43	True
10238	jonasschnelli	2017-04-20 13:41:10	ryanofsky	2017-05-01 17:24:52	True
10238	jonasschnelli	2017-04-20 13:41:10	NicolasDorier	2017-05-04 13:21:30	True
10238	jonasschnelli	2017-04-20 13:41:10	NicolasDorier	2017-05-04 13:06:35	True
10238	jonasschnelli	2017-04-20 13:41:10	ryanofsky	2017-05-04 19:28:01	True
10238	jonasschnelli	2017-04-20 13:41:10	NicolasDorier	2017-05-04 13:05:40	True
10238	jonasschnelli	2017-04-20 13:41:10	ryanofsky	2017-05-01 17:37:29	True
10238	jonasschnelli	2017-04-20 13:41:10	NicolasDorier	2017-05-04 13:04:20	True
10235	TheBlueMatt	2017-04-19 17:12:59	laanwj	2017-07-11 15:55:47	True
10235	TheBlueMatt	2017-04-19 17:12:59	jonasschnelli	2017-06-08 18:22:52	True
10235	TheBlueMatt	2017-04-19 17:12:59	NicolasDorier	2017-04-20 03:41:17	True
10235	TheBlueMatt	2017-04-19 17:12:59	ryanofsky	2017-05-02 19:34:57	True
10235	TheBlueMatt	2017-04-19 17:12:59	ryanofsky	2017-05-02 19:53:50	True
10235	TheBlueMatt	2017-04-19 17:12:59	ryanofsky	2017-05-02 19:57:00	True
10235	TheBlueMatt	2017-04-19 17:12:59	ryanofsky	2017-05-10 16:54:12	True
10235	TheBlueMatt	2017-04-19 17:12:59	ryanofsky	2017-05-10 17:02:15	True
10235	TheBlueMatt	2017-04-19 17:12:59	jonasschnelli	2017-06-08 18:21:37	True
10235	TheBlueMatt	2017-04-19 17:12:59	ryanofsky	2017-05-02 20:06:49	True
10235	TheBlueMatt	2017-04-19 17:12:59	ryanofsky	2017-07-11 17:56:18	True
10235	TheBlueMatt	2017-04-19 17:12:59	morcos	2017-07-12 20:07:09	True
10235	TheBlueMatt	2017-04-19 17:12:59	jonasschnelli	2017-06-08 18:16:39	True
10232		2017-04-19 16:46:12			
10231	jonasschnelli	2017-04-19 16:05:29	luke-jr	2017-04-19 19:07:36	True
10231	jonasschnelli	2017-04-19 16:05:29	gmaxwell	2017-04-19 17:28:42	True
10231	jonasschnelli	2017-04-19 16:05:29	luke-jr	2017-04-19 19:09:24	True
10229	jimmysong	2017-04-19 02:58:09	paveljanik	2017-04-19 14:42:03	True
10229	jimmysong	2017-04-19 02:58:09	jnewbery	2017-04-19 21:40:32	True
10229	jimmysong	2017-04-19 02:58:09	jnewbery	2017-04-19 21:41:21	True
10229	jimmysong	2017-04-19 02:58:09	jnewbery	2017-04-19 21:39:24	True
10229	jimmysong	2017-04-19 02:58:09	paveljanik	2017-04-19 14:27:08	True
10229	jimmysong	2017-04-19 02:58:09	paveljanik	2017-04-19 14:50:55	True
10229	jimmysong	2017-04-19 02:58:09	paveljanik	2017-04-19 14:21:44	True
10225	kallewoof	2017-04-18 08:13:16	jonasschnelli	2017-04-18 08:16:18	True
10224	jimmysong	2017-04-18 01:47:12	jnewbery	2017-04-18 16:12:36	True
10224	jimmysong	2017-04-18 01:47:12	MarcoFalke	2017-04-18 15:01:01	True
10224	jimmysong	2017-04-18 01:47:12	MarcoFalke	2017-04-23 15:03:54	True
10223		2017-04-18 00:26:50			
10220	laanwj	2017-04-17 09:20:00	MarcoFalke	2017-04-17 09:34:43	True
10215		2017-04-14 20:34:56			
10211	kallewoof	2017-04-14 14:12:26	laanwj	2017-04-17 13:14:48	True
10211	kallewoof	2017-04-14 14:12:26	laanwj	2017-04-17 13:18:49	True
10211	kallewoof	2017-04-14 14:12:26	laanwj	2017-04-17 13:14:17	True
10208	kallewoof	2017-04-14 06:48:01	NicolasDorier	2017-04-14 06:58:18	True
10208	kallewoof	2017-04-14 06:48:01	jonasschnelli	2017-04-14 07:05:11	True
10208	kallewoof	2017-04-14 06:48:01	rawodb	2017-04-14 20:18:14	True
10208	kallewoof	2017-04-14 06:48:01	TheBlueMatt	2017-04-17 19:14:37	True
10208	kallewoof	2017-04-14 06:48:01	TheBlueMatt	2017-04-18 01:43:07	True
10208	kallewoof	2017-04-14 06:48:01	NicolasDorier	2017-04-14 06:53:09	True
10208	kallewoof	2017-04-14 06:48:01	NicolasDorier	2017-04-14 06:54:23	True
10208	kallewoof	2017-04-14 06:48:01	jonasschnelli	2017-04-14 07:08:25	True
10205		2017-04-13 21:19:40			
10204		2017-04-13 19:41:26			
10202	NicolasDorier	2017-04-13 13:48:14	jonasschnelli	2017-04-19 09:43:59	True
10202	NicolasDorier	2017-04-13 13:48:14	jonasschnelli	2017-04-19 09:41:38	True
10202	NicolasDorier	2017-04-13 13:48:14	TheBlueMatt	2017-04-17 19:45:44	True
10201	mariodian	2017-04-13 13:45:38	jtimon	2017-04-21 17:53:10	True
10201	mariodian	2017-04-13 13:45:38	jtimon	2017-04-21 17:51:37	True
10201	mariodian	2017-04-13 13:45:38	laanwj	2017-06-05 15:26:58	True
10200	sdaftuar	2017-04-12 19:59:07	ryanofsky	2017-06-09 20:20:25	True
10200	sdaftuar	2017-04-12 19:59:07	ryanofsky	2017-08-30 17:50:17	True
10200	sdaftuar	2017-04-12 19:59:07	ryanofsky	2017-08-30 16:18:40	True
10200	sdaftuar	2017-04-12 19:59:07	ryanofsky	2017-08-30 15:00:49	True
10200	sdaftuar	2017-04-12 19:59:07	ryanofsky	2017-06-09 20:18:50	True
10200	sdaftuar	2017-04-12 19:59:07	ryanofsky	2017-06-09 20:41:37	True
10200	sdaftuar	2017-04-12 19:59:07	ryanofsky	2017-08-30 15:09:43	True
10200	sdaftuar	2017-04-12 19:59:07	ryanofsky	2017-08-30 18:23:57	True
10200	sdaftuar	2017-04-12 19:59:07	ryanofsky	2017-08-30 18:26:39	True
10200	sdaftuar	2017-04-12 19:59:07	ryanofsky	2017-06-09 20:10:21	True
10200	sdaftuar	2017-04-12 19:59:07	ryanofsky	2017-08-30 15:56:53	True
10200	sdaftuar	2017-04-12 19:59:07	ryanofsky	2017-06-09 20:05:00	True
10200	sdaftuar	2017-04-12 19:59:07	ryanofsky	2017-06-09 19:54:09	True
10200	sdaftuar	2017-04-12 19:59:07	ryanofsky	2017-06-09 18:13:33	True
10200	sdaftuar	2017-04-12 19:59:07	ryanofsky	2017-06-09 18:15:49	True
10200	sdaftuar	2017-04-12 19:59:07	ryanofsky	2017-06-09 19:20:29	True
10200	sdaftuar	2017-04-12 19:59:07	ryanofsky	2017-06-09 18:11:40	True
10200	sdaftuar	2017-04-12 19:59:07	ryanofsky	2017-06-09 18:56:47	True
10200	sdaftuar	2017-04-12 19:59:07	ryanofsky	2017-06-09 20:02:28	True
10200	sdaftuar	2017-04-12 19:59:07	ryanofsky	2017-06-09 20:03:14	True
10200	sdaftuar	2017-04-12 19:59:07	ryanofsky	2017-06-09 18:36:47	True
10200	sdaftuar	2017-04-12 19:59:07	ryanofsky	2017-06-09 19:35:45	True
10200	sdaftuar	2017-04-12 19:59:07	luke-jr	2017-04-19 18:46:46	True
10200	sdaftuar	2017-04-12 19:59:07	ryanofsky	2017-06-09 18:46:04	True
10200	sdaftuar	2017-04-12 19:59:07	ryanofsky	2017-06-09 19:13:34	True
10200	sdaftuar	2017-04-12 19:59:07	ryanofsky	2017-06-09 19:49:09	True
10199	morcos	2017-04-12 17:18:26	TheBlueMatt	2017-04-27 18:03:25	True
10199	morcos	2017-04-12 17:18:26	TheBlueMatt	2017-04-25 19:37:42	True
10199	morcos	2017-04-12 17:18:26	TheBlueMatt	2017-04-27 20:32:01	True
10199	morcos	2017-04-12 17:18:26	TheBlueMatt	2017-04-27 18:52:56	True
10199	morcos	2017-04-12 17:18:26	TheBlueMatt	2017-04-27 18:08:58	True
10199	morcos	2017-04-12 17:18:26	TheBlueMatt	2017-04-25 22:58:51	True
10199	morcos	2017-04-12 17:18:26	TheBlueMatt	2017-04-25 18:51:19	True
10199	morcos	2017-04-12 17:18:26	jlopp	2017-04-19 20:18:07	True
10199	morcos	2017-04-12 17:18:26	jlopp	2017-04-19 19:22:04	True
10199	morcos	2017-04-12 17:18:26	TheBlueMatt	2017-04-27 23:25:06	True
10199	morcos	2017-04-12 17:18:26	instagibbs	2017-05-01 12:54:00	True
10199	morcos	2017-04-12 17:18:26	instagibbs	2017-05-01 12:55:07	True
10199	morcos	2017-04-12 17:18:26	instagibbs	2017-05-01 14:36:50	True
10199	morcos	2017-04-12 17:18:26	instagibbs	2017-05-01 14:36:37	True
10199	morcos	2017-04-12 17:18:26	instagibbs	2017-05-01 14:32:53	True
10199	morcos	2017-04-12 17:18:26	instagibbs	2017-05-01 14:07:12	True
10199	morcos	2017-04-12 17:18:26	TheBlueMatt	2017-04-25 23:10:44	True
10199	morcos	2017-04-12 17:18:26	instagibbs	2017-05-01 13:54:04	True
10199	morcos	2017-04-12 17:18:26	instagibbs	2017-05-01 13:45:34	True
10199	morcos	2017-04-12 17:18:26	instagibbs	2017-05-01 14:40:20	True
10199	morcos	2017-04-12 17:18:26	TheBlueMatt	2017-04-27 23:32:48	True
10198	jnewbery	2017-04-12 16:08:24	jimmysong	2017-04-20 22:19:54	True
10198	jnewbery	2017-04-12 16:08:24	jimmysong	2017-04-20 22:19:07	True
10198	jnewbery	2017-04-12 16:08:24	jimmysong	2017-04-20 22:33:52	True
10198	jnewbery	2017-04-12 16:08:24	jimmysong	2017-04-20 22:33:32	True
10198	jnewbery	2017-04-12 16:08:24	jimmysong	2017-04-20 22:32:19	True
10198	jnewbery	2017-04-12 16:08:24	jimmysong	2017-04-20 22:32:10	True
10198	jnewbery	2017-04-12 16:08:24	jimmysong	2017-04-20 22:14:54	True
10198	jnewbery	2017-04-12 16:08:24	jimmysong	2017-04-20 22:12:52	True
10198	jnewbery	2017-04-12 16:08:24	jimmysong	2017-04-20 22:20:51	True
10198	jnewbery	2017-04-12 16:08:24	jimmysong	2017-04-20 22:29:58	True
10198	jnewbery	2017-04-12 16:08:24	jimmysong	2017-04-20 22:23:26	True
10198	jnewbery	2017-04-12 16:08:24	jimmysong	2017-04-20 22:10:09	True
10198	jnewbery	2017-04-12 16:08:24	jimmysong	2017-04-20 22:26:59	True
10198	jnewbery	2017-04-12 16:08:24	jimmysong	2017-04-20 22:30:47	True
10198	jnewbery	2017-04-12 16:08:24	jimmysong	2017-04-20 22:31:47	True
10198	jnewbery	2017-04-12 16:08:24	jimmysong	2017-04-20 22:29:47	True
10198	jnewbery	2017-04-12 16:08:24	jimmysong	2017-04-20 22:29:00	True
10198	jnewbery	2017-04-12 16:08:24	jimmysong	2017-04-20 22:28:34	True
10198	jnewbery	2017-04-12 16:08:24	jimmysong	2017-04-20 22:24:08	True
10197	jnewbery	2017-04-12 15:12:20	MarcoFalke	2017-04-17 14:19:04	True
10197	jnewbery	2017-04-12 15:12:20	MarcoFalke	2017-04-14 21:44:51	True
10197	jnewbery	2017-04-12 15:12:20	MarcoFalke	2017-04-17 14:22:16	True
10196	sdaftuar	2017-04-12 14:36:28	paveljanik	2017-05-12 10:50:35	True
10195	sipa	2017-04-12 12:37:19	ryanofsky	2017-05-03 15:59:15	True
10195	sipa	2017-04-12 12:37:19	ryanofsky	2017-05-03 17:53:00	True
10195	sipa	2017-04-12 12:37:19	ryanofsky	2017-05-03 15:04:27	True
10195	sipa	2017-04-12 12:37:19	ryanofsky	2017-05-03 18:53:10	True
10195	sipa	2017-04-12 12:37:19	TheBlueMatt	2017-04-28 20:09:51	True
10195	sipa	2017-04-12 12:37:19	ryanofsky	2017-05-03 17:36:29	True
10195	sipa	2017-04-12 12:37:19	ryanofsky	2017-05-03 17:28:16	True
10195	sipa	2017-04-12 12:37:19	ryanofsky	2017-05-03 18:04:35	True
10195	sipa	2017-04-12 12:37:19	TheBlueMatt	2017-04-28 23:22:39	True
10195	sipa	2017-04-12 12:37:19	ryanofsky	2017-05-03 16:01:59	True
10195	sipa	2017-04-12 12:37:19	ryanofsky	2017-05-03 17:52:28	True
10195	sipa	2017-04-12 12:37:19	ryanofsky	2017-05-03 17:56:28	True
10195	sipa	2017-04-12 12:37:19	ryanofsky	2017-05-03 17:55:09	True
10195	sipa	2017-04-12 12:37:19	ryanofsky	2017-05-03 14:16:44	True
10195	sipa	2017-04-12 12:37:19	ryanofsky	2017-05-03 17:57:29	True
10195	sipa	2017-04-12 12:37:19	ryanofsky	2017-05-03 18:03:54	True
10195	sipa	2017-04-12 12:37:19	ryanofsky	2017-05-03 15:38:09	True
10195	sipa	2017-04-12 12:37:19	TheBlueMatt	2017-04-20 16:12:02	True
10195	sipa	2017-04-12 12:37:19	TheBlueMatt	2017-04-28 21:41:12	True
10195	sipa	2017-04-12 12:37:19	TheBlueMatt	2017-04-20 16:31:24	True
10195	sipa	2017-04-12 12:37:19	ryanofsky	2017-05-03 18:54:08	True
10195	sipa	2017-04-12 12:37:19	TheBlueMatt	2017-04-28 21:36:23	True
10195	sipa	2017-04-12 12:37:19	TheBlueMatt	2017-04-28 20:45:57	True
10195	sipa	2017-04-12 12:37:19	ryanofsky	2017-05-03 15:00:58	True
10195	sipa	2017-04-12 12:37:19	ryanofsky	2017-05-03 14:19:04	True
10195	sipa	2017-04-12 12:37:19	TheBlueMatt	2017-04-28 19:53:31	True
10195	sipa	2017-04-12 12:37:19	TheBlueMatt	2017-04-28 19:55:55	True
10195	sipa	2017-04-12 12:37:19	ryanofsky	2017-05-03 14:37:07	True
10195	sipa	2017-04-12 12:37:19	TheBlueMatt	2017-04-28 20:05:13	True
10195	sipa	2017-04-12 12:37:19	paveljanik	2017-04-25 08:08:07	True
10193	jtimon	2017-04-12 04:03:32	dcousens	2017-04-17 13:10:51	True
10193	jtimon	2017-04-12 04:03:32	MarcoFalke	2017-06-20 07:40:41	True
10193	jtimon	2017-04-12 04:03:32	arvidsson	2017-06-22 12:55:11	True
10193	jtimon	2017-04-12 04:03:32	practicalswift	2017-06-22 13:24:33	True
10193	jtimon	2017-04-12 04:03:32	theuni	2017-06-19 22:36:18	True
10193	jtimon	2017-04-12 04:03:32	dcousens	2017-04-13 00:41:05	True
10193	jtimon	2017-04-12 04:03:32	tjps	2017-04-13 07:33:13	True
10193	jtimon	2017-04-12 04:03:32	MarcoFalke	2017-06-18 20:57:01	True
10192	TheBlueMatt	2017-04-11 21:57:16	JeremyRubin	2017-04-21 08:37:37	True
10192	TheBlueMatt	2017-04-11 21:57:16	gmaxwell	2017-04-18 18:27:00	True
10192	TheBlueMatt	2017-04-11 21:57:16	JeremyRubin	2017-04-12 05:47:30	True
10192	TheBlueMatt	2017-04-11 21:57:16	jtimon	2017-04-25 17:00:02	True
10192	TheBlueMatt	2017-04-11 21:57:16	JeremyRubin	2017-04-21 08:38:00	True
10192	TheBlueMatt	2017-04-11 21:57:16	gmaxwell	2017-04-12 09:42:36	True
10192	TheBlueMatt	2017-04-11 21:57:16	jtimon	2017-04-25 16:53:41	True
10192	TheBlueMatt	2017-04-11 21:57:16	jtimon	2017-04-25 22:40:59	True
10192	TheBlueMatt	2017-04-11 21:57:16	instagibbs	2017-04-12 16:00:01	True
10192	TheBlueMatt	2017-04-11 21:57:16	sipa	2017-04-13 15:55:29	True
10192	TheBlueMatt	2017-04-11 21:57:16	jtimon	2017-04-25 22:53:30	True
10192	TheBlueMatt	2017-04-11 21:57:16	JeremyRubin	2017-04-12 16:17:23	True
10192	TheBlueMatt	2017-04-11 21:57:16	JeremyRubin	2017-04-12 21:36:20	True
10192	TheBlueMatt	2017-04-11 21:57:16	JeremyRubin	2017-04-12 06:02:44	True
10192	TheBlueMatt	2017-04-11 21:57:16	JeremyRubin	2017-04-12 05:52:07	True
10192	TheBlueMatt	2017-04-11 21:57:16	sipa	2017-04-11 22:18:19	True
10192	TheBlueMatt	2017-04-11 21:57:16	JeremyRubin	2017-04-12 06:35:06	True
10192	TheBlueMatt	2017-04-11 21:57:16	JeremyRubin	2017-04-25 17:07:25	True
10192	TheBlueMatt	2017-04-11 21:57:16	JeremyRubin	2017-04-12 06:04:56	True
10191	jnewbery	2017-04-11 21:29:09	TheBlueMatt	2017-05-31 19:29:36	True
10191	jnewbery	2017-04-11 21:29:09	laanwj	2017-04-20 10:41:02	True
10190	jnewbery	2017-04-11 20:52:39	jimmysong	2017-04-18 18:17:47	True
10190	jnewbery	2017-04-11 20:52:39	jimmysong	2017-04-18 18:25:04	True
10190	jnewbery	2017-04-11 20:52:39	jimmysong	2017-04-18 18:24:37	True
10190	jnewbery	2017-04-11 20:52:39	jimmysong	2017-04-17 20:10:22	True
10189	theuni	2017-04-11 20:35:26	MarcoFalke	2017-04-23 13:45:34	True
10186	jnewbery	2017-04-11 14:37:11	TheBlueMatt	2017-04-11 18:15:48	True
10182	tjps	2017-04-11 07:16:26	dcousens	2017-04-11 07:20:57	True
10181	jtimon	2017-04-11 02:13:42	TheBlueMatt	2017-04-11 21:34:01	True
10179	TheBlueMatt	2017-04-10 20:43:19	sipa	2017-06-12 20:09:52	True
10179	TheBlueMatt	2017-04-10 20:43:19	ryanofsky	2017-05-02 17:09:49	True
10179	TheBlueMatt	2017-04-10 20:43:19	sipa	2017-04-26 22:27:58	True
10179	TheBlueMatt	2017-04-10 20:43:19	theuni	2017-06-27 22:04:46	True
10179	TheBlueMatt	2017-04-10 20:43:19	ryanofsky	2017-05-02 16:43:09	True
10179	TheBlueMatt	2017-04-10 20:43:19	ryanofsky	2017-05-02 17:21:03	True
10179	TheBlueMatt	2017-04-10 20:43:19	sipa	2017-04-26 22:00:37	True
10179	TheBlueMatt	2017-04-10 20:43:19	sipa	2017-04-26 01:03:04	True
10179	TheBlueMatt	2017-04-10 20:43:19	theuni	2017-04-26 19:38:16	True
10179	TheBlueMatt	2017-04-10 20:43:19	ryanofsky	2017-05-02 17:19:07	True
10179	TheBlueMatt	2017-04-10 20:43:19	sipa	2017-04-26 00:59:08	True
10179	TheBlueMatt	2017-04-10 20:43:19	laanwj	2017-04-26 06:37:05	True
10179	TheBlueMatt	2017-04-10 20:43:19	morcos	2017-04-24 18:10:57	True
10179	TheBlueMatt	2017-04-10 20:43:19	sipa	2017-04-26 01:00:50	True
10179	TheBlueMatt	2017-04-10 20:43:19	sipa	2017-04-24 22:25:55	True
10179	TheBlueMatt	2017-04-10 20:43:19	laanwj	2017-04-25 13:06:35	True
10178	TheBlueMatt	2017-04-10 18:47:53	jnewbery	2017-04-11 15:09:09	True
10178	TheBlueMatt	2017-04-10 18:47:53	ryanofsky	2017-04-11 14:42:06	True
10178	TheBlueMatt	2017-04-10 18:47:53	sdaftuar	2017-04-13 14:13:17	True
10178	TheBlueMatt	2017-04-10 18:47:53	dcousens	2017-04-10 23:03:14	True
10178	TheBlueMatt	2017-04-10 18:47:53	ryanofsky	2017-04-11 13:48:57	True
10178	TheBlueMatt	2017-04-10 18:47:53	ryanofsky	2017-04-11 14:02:47	True
10178	TheBlueMatt	2017-04-10 18:47:53	ryanofsky	2017-04-11 14:56:03	True
10176	theuni	2017-04-10 16:52:22	gmaxwell	2017-04-11 08:42:24	True
10176	theuni	2017-04-10 16:52:22	gmaxwell	2017-04-11 08:45:51	True
10175		2017-04-10 08:26:33			
10172	awemany	2017-04-08 16:59:40	luke-jr	2017-06-28 19:21:31	True
10171		2017-04-08 03:21:18			
10169	jnewbery	2017-04-07 21:40:41	jimmysong	2017-04-17 19:22:12	True
10169	jnewbery	2017-04-07 21:40:41	jimmysong	2017-04-17 19:46:26	True
10169	jnewbery	2017-04-07 21:40:41	jimmysong	2017-04-17 19:34:17	True
10169	jnewbery	2017-04-07 21:40:41	jimmysong	2017-04-17 19:42:39	True
10169	jnewbery	2017-04-07 21:40:41	jimmysong	2017-04-17 19:36:39	True
10169	jnewbery	2017-04-07 21:40:41	jimmysong	2017-04-17 19:17:55	True
10169	jnewbery	2017-04-07 21:40:41	jimmysong	2017-04-17 19:11:47	True
10169	jnewbery	2017-04-07 21:40:41	jimmysong	2017-04-17 19:41:36	True
10169	jnewbery	2017-04-07 21:40:41	jimmysong	2017-04-17 19:39:43	True
10169	jnewbery	2017-04-07 21:40:41	jimmysong	2017-04-18 21:03:45	True
10169	jnewbery	2017-04-07 21:40:41	jimmysong	2017-04-18 21:08:06	True
10165	NicolasDorier	2017-04-07 10:10:50	JeremyRubin	2017-04-10 15:35:27	True
10165	NicolasDorier	2017-04-07 10:10:50	ryanofsky	2017-04-07 14:44:23	True
10165	NicolasDorier	2017-04-07 10:10:50	ryanofsky	2017-04-07 13:04:58	True
10165	NicolasDorier	2017-04-07 10:10:50	bulldozer00	2017-04-10 16:28:51	True
10165	NicolasDorier	2017-04-07 10:10:50	JeremyRubin	2017-04-11 18:52:35	True
10165	NicolasDorier	2017-04-07 10:10:50	laanwj	2017-04-07 16:26:51	True
10165	NicolasDorier	2017-04-07 10:10:50	laanwj	2017-04-12 15:16:43	True
10165	NicolasDorier	2017-04-07 10:10:50	JeremyRubin	2017-04-10 15:33:38	True
10165	NicolasDorier	2017-04-07 10:10:50	JeremyRubin	2017-04-10 15:41:13	True
10165	NicolasDorier	2017-04-07 10:10:50	ryanofsky	2017-04-07 12:39:57	True
10165	NicolasDorier	2017-04-07 10:10:50	JeremyRubin	2017-04-10 15:24:13	True
10165	NicolasDorier	2017-04-07 10:10:50	bulldozer00	2017-04-10 16:26:04	True
10165	NicolasDorier	2017-04-07 10:10:50	laanwj	2017-04-12 15:37:41	True
10164		2017-04-07 00:53:39			
10161	rodentrabies	2017-04-06 07:32:44	laanwj	2017-04-06 08:51:12	True
10161	rodentrabies	2017-04-06 07:32:44	laanwj	2017-04-06 08:50:12	True
10161	rodentrabies	2017-04-06 07:32:44	laanwj	2017-04-07 14:52:54	True
10161	rodentrabies	2017-04-06 07:32:44	kewde	2017-04-08 09:11:24	True
10161	rodentrabies	2017-04-06 07:32:44	laanwj	2017-04-10 06:41:24	True
10161	rodentrabies	2017-04-06 07:32:44	laanwj	2017-04-10 06:46:04	True
10161	rodentrabies	2017-04-06 07:32:44	laanwj	2017-04-10 06:44:23	True
10161	rodentrabies	2017-04-06 07:32:44	kewde	2017-04-08 09:35:41	True
10160	jnewbery	2017-04-05 21:48:52	promag	2017-10-31 15:22:19	True
10160	jnewbery	2017-04-05 21:48:52	promag	2017-10-27 14:44:17	True
10160	jnewbery	2017-04-05 21:48:52	NicolasDorier	2017-11-30 02:02:32	True
10160	jnewbery	2017-04-05 21:48:52	kallewoof	2018-02-22 08:57:04	True
10160	jnewbery	2017-04-05 21:48:52	promag	2017-10-31 14:59:01	True
10160	jnewbery	2017-04-05 21:48:52	kallewoof	2018-02-22 08:51:34	True
10160	jnewbery	2017-04-05 21:48:52	NicolasDorier	2017-11-30 02:07:33	True
10160	jnewbery	2017-04-05 21:48:52	NicolasDorier	2017-11-30 02:04:15	True
10160	jnewbery	2017-04-05 21:48:52	kallewoof	2018-02-22 08:53:22	True
10160	jnewbery	2017-04-05 21:48:52	promag	2017-10-27 14:43:42	True
10160	jnewbery	2017-04-05 21:48:52	kallewoof	2018-02-22 08:56:08	True
10160	jnewbery	2017-04-05 21:48:52	promag	2017-10-27 14:50:26	True
10160	jnewbery	2017-04-05 21:48:52	promag	2017-10-27 14:41:09	True
10160	jnewbery	2017-04-05 21:48:52	promag	2017-10-27 14:46:52	True
10160	jnewbery	2017-04-05 21:48:52	promag	2017-10-27 10:31:55	True
10160	jnewbery	2017-04-05 21:48:52	promag	2017-10-27 14:35:38	True
10160	jnewbery	2017-04-05 21:48:52	promag	2017-10-27 14:41:47	True
10160	jnewbery	2017-04-05 21:48:52	promag	2017-10-27 10:29:03	True
10160	jnewbery	2017-04-05 21:48:52	promag	2017-10-27 10:29:26	True
10160	jnewbery	2017-04-05 21:48:52	promag	2017-10-27 14:39:24	True
10160	jnewbery	2017-04-05 21:48:52	promag	2017-10-27 10:25:49	True
10160	jnewbery	2017-04-05 21:48:52	promag	2017-10-27 14:46:17	True
10160	jnewbery	2017-04-05 21:48:52	promag	2017-10-27 14:49:28	True
10160	jnewbery	2017-04-05 21:48:52	promag	2017-10-27 14:39:49	True
10159	jnewbery	2017-04-05 19:57:23	JeremyRubin	2017-04-05 21:26:27	True
10155	laanwj	2017-04-05 07:49:14	JeremyRubin	2017-04-05 14:09:20	True
10155	laanwj	2017-04-05 07:49:14	theuni	2017-04-06 17:38:34	True
10155	laanwj	2017-04-05 07:49:14	JeremyRubin	2017-04-05 14:06:10	True
10153	MarcoFalke	2017-04-04 22:49:02	laanwj	2017-04-05 07:07:19	True
10151		2017-04-04 19:23:42			
10150	jnewbery	2017-04-04 18:16:49	laanwj	2017-04-10 13:15:23	True
10150	jnewbery	2017-04-04 18:16:49	laanwj	2017-04-10 15:05:56	True
10150	jnewbery	2017-04-04 18:16:49	laanwj	2017-04-10 12:24:52	True
10150	jnewbery	2017-04-04 18:16:49	laanwj	2017-04-05 05:52:41	True
10150	jnewbery	2017-04-04 18:16:49	laanwj	2017-04-06 20:52:27	True
10150	jnewbery	2017-04-04 18:16:49	laanwj	2017-04-06 09:48:58	True
10150	jnewbery	2017-04-04 18:16:49	laanwj	2017-04-10 12:25:20	True
10148	sipa	2017-04-04 09:50:50	TheBlueMatt	2017-04-17 16:01:59	True
10148	sipa	2017-04-04 09:50:50	TheBlueMatt	2017-04-17 18:44:54	True
10148	sipa	2017-04-04 09:50:50	TheBlueMatt	2017-04-17 16:56:43	True
10148	sipa	2017-04-04 09:50:50	TheBlueMatt	2017-04-17 16:44:53	True
10148	sipa	2017-04-04 09:50:50	TheBlueMatt	2017-04-12 14:14:22	True
10148	sipa	2017-04-04 09:50:50	TheBlueMatt	2017-04-17 19:17:40	True
10148	sipa	2017-04-04 09:50:50	TheBlueMatt	2017-04-17 19:19:38	True
10148	sipa	2017-04-04 09:50:50	TheBlueMatt	2017-04-11 22:12:10	True
10148	sipa	2017-04-04 09:50:50	TheBlueMatt	2017-04-12 14:21:03	True
10148	sipa	2017-04-04 09:50:50	TheBlueMatt	2017-04-12 14:04:48	True
10148	sipa	2017-04-04 09:50:50	TheBlueMatt	2017-04-11 18:53:29	True
10148	sipa	2017-04-04 09:50:50	TheBlueMatt	2017-04-11 18:37:57	True
10148	sipa	2017-04-04 09:50:50	gmaxwell	2017-04-05 16:31:53	True
10148	sipa	2017-04-04 09:50:50	laanwj	2017-04-05 09:41:08	True
10148	sipa	2017-04-04 09:50:50	TheBlueMatt	2017-04-11 18:10:16	True
10148	sipa	2017-04-04 09:50:50	TheBlueMatt	2017-04-11 14:01:18	True
10148	sipa	2017-04-04 09:50:50	TheBlueMatt	2017-04-11 18:55:23	True
10145	JeremyRubin	2017-04-03 22:13:28	ryanofsky	2017-09-06 17:47:11	True
10145	JeremyRubin	2017-04-03 22:13:28	ryanofsky	2017-09-06 17:24:02	True
10145	JeremyRubin	2017-04-03 22:13:28	ryanofsky	2017-09-06 17:28:06	True
10145	JeremyRubin	2017-04-03 22:13:28	ryanofsky	2017-09-06 18:05:10	True
10145	JeremyRubin	2017-04-03 22:13:28	ryanofsky	2017-09-06 17:57:43	True
10145	JeremyRubin	2017-04-03 22:13:28	ryanofsky	2017-09-06 18:36:46	True
10145	JeremyRubin	2017-04-03 22:13:28	ryanofsky	2017-09-06 18:39:26	True
10144		2017-04-03 20:04:29			
10143	jnewbery	2017-04-03 16:45:15	luke-jr	2017-04-19 01:42:02	True
10143	jnewbery	2017-04-03 16:45:15	laanwj	2017-04-19 08:12:17	True
10143	jnewbery	2017-04-03 16:45:15	luke-jr	2017-04-19 01:40:53	True
10143	jnewbery	2017-04-03 16:45:15	luke-jr	2017-04-19 15:42:44	True
10143	jnewbery	2017-04-03 16:45:15	laanwj	2017-04-19 08:19:22	True
10143	jnewbery	2017-04-03 16:45:15	luke-jr	2017-04-19 01:41:27	True
10143	jnewbery	2017-04-03 16:45:15	luke-jr	2017-04-08 14:05:04	True
10143	jnewbery	2017-04-03 16:45:15	laanwj	2017-04-04 06:48:21	True
10143	jnewbery	2017-04-03 16:45:15	luke-jr	2017-04-19 15:43:06	True
10143	jnewbery	2017-04-03 16:45:15	laanwj	2017-04-05 09:21:52	True
10143	jnewbery	2017-04-03 16:45:15	MarcoFalke	2017-04-13 08:39:25	True
10143	jnewbery	2017-04-03 16:45:15	laanwj	2017-04-18 14:11:20	True
10142	ryanofsky	2017-04-03 15:17:40	theuni	2017-04-06 17:49:18	True
10142	ryanofsky	2017-04-03 15:17:40	laanwj	2017-04-07 15:11:33	True
10142	ryanofsky	2017-04-03 15:17:40	theuni	2017-04-06 17:45:34	True
10139		2017-04-02 13:53:13			
