pr_number	author_user_login	pr_created_at	review_comment_user_login	review_comment_created_at	is_review_review_comment
2850	Diapolo	2013-07-23 11:11:43	laanwj	2013-07-26 06:03:36	True
2845	grayleonard	2013-07-23 00:39:44	gmaxwell	2013-07-23 01:17:56	True
2845	grayleonard	2013-07-23 00:39:44	gavinandresen	2013-08-05 09:07:07	True
2845	grayleonard	2013-07-23 00:39:44	sipa	2013-07-23 01:13:51	True
2840	sipa	2013-07-20 12:36:39	gavinandresen	2013-10-15 03:09:28	True
2805	theuni	2013-07-01 05:18:38	luke-jr	2013-07-17 05:31:15	True
2805	theuni	2013-07-01 05:18:38	luke-jr	2013-07-17 05:26:49	True
2805	theuni	2013-07-01 05:18:38	luke-jr	2013-07-17 05:27:36	True
2805	theuni	2013-07-01 05:18:38	luke-jr	2013-07-17 05:51:27	True
2805	theuni	2013-07-01 05:18:38	luke-jr	2013-07-17 05:33:02	True
2805	theuni	2013-07-01 05:18:38	luke-jr	2013-07-17 05:32:05	True
2805	theuni	2013-07-01 05:18:38	luke-jr	2013-07-17 05:26:24	True
2805	theuni	2013-07-01 05:18:38	luke-jr	2013-07-17 05:32:28	True
