pr_number	author_user_login	pr_created_at	comment_user_login	comment_created_at	is_review_issue_comment
16314	hebasto	2019-06-29 16:08:06	practicalswift	2019-07-02 08:30:08	True
16314	hebasto	2019-06-29 16:08:06	laanwj	2019-07-01 14:54:09	True
16314	hebasto	2019-06-29 16:08:06	practicalswift	2019-06-30 09:11:54	True
16314	hebasto	2019-06-29 16:08:06	DrahtBot	2019-06-29 17:34:13	True
16313	jonatack	2019-06-29 14:37:38	hebasto	2019-06-29 14:41:03	True
16312	practicalswift	2019-06-29 14:16:28	Sjors	2019-07-02 14:51:11	True
16312	practicalswift	2019-06-29 14:16:28	promag	2019-07-02 15:11:03	True
16312	practicalswift	2019-06-29 14:16:28	Sjors	2019-06-29 16:27:44	True
16312	practicalswift	2019-06-29 14:16:28	promag	2019-06-30 09:30:25	True
16312	practicalswift	2019-06-29 14:16:28	promag	2019-06-30 16:17:51	True
16312	practicalswift	2019-06-29 14:16:28	promag	2019-06-30 20:17:50	True
16312	practicalswift	2019-06-29 14:16:28	laanwj	2019-07-02 11:42:59	True
16312	practicalswift	2019-06-29 14:16:28	MarcoFalke	2019-07-02 14:58:19	True
16310	shargon	2019-06-29 10:00:09	jcliff	2019-06-30 18:24:29	True
16310	shargon	2019-06-29 10:00:09	laanwj	2019-07-12 17:25:31	True
16310	shargon	2019-06-29 10:00:09	laanwj	2019-07-03 09:09:03	True
16310	shargon	2019-06-29 10:00:09	promag	2019-07-02 12:46:54	True
16310	shargon	2019-06-29 10:00:09	fanquake	2019-06-30 01:03:39	True
16308	NicolasDorier	2019-06-29 05:40:35	sipsorcery	2019-07-04 20:44:12	True
16308	NicolasDorier	2019-06-29 05:40:35	sipsorcery	2019-06-30 19:42:42	True
16308	NicolasDorier	2019-06-29 05:40:35	MarcoFalke	2019-06-30 15:14:38	True
16308	NicolasDorier	2019-06-29 05:40:35	sipsorcery	2019-06-29 08:17:45	True
16308	NicolasDorier	2019-06-29 05:40:35	DrahtBot	2019-06-29 06:13:55	True
16308	NicolasDorier	2019-06-29 05:40:35	sipsorcery	2019-06-29 08:03:45	True
16301	achow101	2019-06-28 00:53:20	instagibbs	2019-07-20 01:35:54	True
16301	achow101	2019-06-28 00:53:20	MarcoFalke	2019-07-25 21:06:16	True
16301	achow101	2019-06-28 00:53:20	MarcoFalke	2019-07-25 13:41:55	True
16301	achow101	2019-06-28 00:53:20	MarcoFalke	2019-07-24 13:18:22	True
16301	achow101	2019-06-28 00:53:20	instagibbs	2019-07-16 01:58:09	True
16301	achow101	2019-06-28 00:53:20	DrahtBot	2019-06-28 04:19:20	True
16301	achow101	2019-06-28 00:53:20	MarcoFalke	2019-06-28 20:59:33	True
16301	achow101	2019-06-28 00:53:20	Sjors	2019-07-12 14:11:35	True
16300	MarcoFalke	2019-06-27 18:15:59	DrahtBot	2019-06-27 20:10:58	True
16300	MarcoFalke	2019-06-27 18:15:59	promag	2019-06-28 07:56:44	True
16300	MarcoFalke	2019-06-27 18:15:59	laanwj	2019-06-28 11:40:48	True
16299	promag	2019-06-27 14:16:26	laanwj	2019-07-03 13:39:44	True
16299	promag	2019-06-27 14:16:26	sipsorcery	2019-07-01 19:10:58	True
16299	promag	2019-06-27 14:16:26	DrahtBot	2019-06-27 17:09:36	True
16299	promag	2019-06-27 14:16:26	MarcoFalke	2019-06-27 15:10:39	True
16299	promag	2019-06-27 14:16:26	MarcoFalke	2019-06-27 14:56:09	True
16299	promag	2019-06-27 14:16:26	MarcoFalke	2019-07-01 12:12:41	True
16294	MarcoFalke	2019-06-26 20:36:23	laanwj	2019-07-03 11:49:32	True
16294	MarcoFalke	2019-06-26 20:36:23	Sjors	2019-06-27 18:06:48	True
16294	MarcoFalke	2019-06-26 20:36:23	ryanofsky	2019-06-27 18:16:44	True
16294	MarcoFalke	2019-06-26 20:36:23	ryanofsky	2019-06-27 16:04:58	True
16294	MarcoFalke	2019-06-26 20:36:23	Sjors	2019-06-26 21:24:15	True
16294	MarcoFalke	2019-06-26 20:36:23	DrahtBot	2019-06-26 21:09:58	True
16294	MarcoFalke	2019-06-26 20:36:23	laanwj	2019-07-03 11:44:11	True
16293	MarcoFalke	2019-06-26 17:53:06	practicalswift	2019-06-26 18:19:51	True
16293	MarcoFalke	2019-06-26 17:53:06	gwillen	2019-06-27 19:40:59	True
16293	MarcoFalke	2019-06-26 17:53:06	DrahtBot	2019-06-28 04:23:28	True
16293	MarcoFalke	2019-06-26 17:53:06	jonatack	2019-06-29 14:43:42	True
16291	MarcoFalke	2019-06-26 15:11:18	hebasto	2019-06-27 16:19:48	True
16291	MarcoFalke	2019-06-26 15:11:18	DrahtBot	2019-06-29 02:04:36	True
16291	MarcoFalke	2019-06-26 15:11:18	laanwj	2019-06-28 12:28:31	True
16291	MarcoFalke	2019-06-26 15:11:18	luke-jr	2019-06-28 04:18:39	True
16291	MarcoFalke	2019-06-26 15:11:18	hebasto	2019-06-26 15:17:56	True
16291	MarcoFalke	2019-06-26 15:11:18	laanwj	2019-06-27 08:18:55	True
16291	MarcoFalke	2019-06-26 15:11:18	laanwj	2019-06-26 16:44:58	True
16291	MarcoFalke	2019-06-26 15:11:18	promag	2019-06-26 16:08:56	True
16291	MarcoFalke	2019-06-26 15:11:18	DrahtBot	2019-06-26 18:01:14	True
16291	MarcoFalke	2019-06-26 15:11:18	fanquake	2019-06-27 02:44:42	True
16291	MarcoFalke	2019-06-26 15:11:18	practicalswift	2019-06-26 18:12:43	True
16291	MarcoFalke	2019-06-26 15:11:18	hebasto	2019-06-27 18:52:36	True
16289	jonasschnelli	2019-06-26 09:34:58	Sjors	2019-06-26 21:19:18	True
16289	jonasschnelli	2019-06-26 09:34:58	DrahtBot	2019-06-26 21:12:08	True
16289	jonasschnelli	2019-06-26 09:34:58	MarcoFalke	2019-06-26 16:16:14	True
16287	rrybarczyk	2019-06-25 19:10:51	practicalswift	2019-06-26 08:32:42	True
16287	rrybarczyk	2019-06-25 19:10:51	promag	2019-06-25 21:45:19	True
16285	promag	2019-06-25 16:18:57	laanwj	2019-09-09 06:08:43	True
16285	promag	2019-06-25 16:18:57	laanwj	2019-07-08 14:40:58	True
16279	TheBlueMatt	2019-06-24 19:25:05	DrahtBot	2019-06-25 00:13:27	True
16279	TheBlueMatt	2019-06-24 19:25:05	instagibbs	2019-10-08 15:30:57	True
16279	TheBlueMatt	2019-06-24 19:25:05	jnewbery	2019-10-08 20:39:17	True
16279	TheBlueMatt	2019-06-24 19:25:05	fjahr	2019-10-16 00:06:21	True
16279	TheBlueMatt	2019-06-24 19:25:05	etscrivner	2019-10-16 03:04:16	True
16279	TheBlueMatt	2019-06-24 19:25:05	adamjonas	2019-10-16 18:06:22	True
16279	TheBlueMatt	2019-06-24 19:25:05	DrahtBot	2019-10-17 13:01:03	True
16278	practicalswift	2019-06-24 15:28:25	fanquake	2019-06-25 11:54:28	True
16278	practicalswift	2019-06-24 15:28:25	DrahtBot	2019-06-24 15:48:24	True
16278	practicalswift	2019-06-24 15:28:25	MarcoFalke	2019-06-24 16:11:01	True
16278	practicalswift	2019-06-24 15:28:25	Sjors	2019-06-27 12:47:15	True
16278	practicalswift	2019-06-24 15:28:25	DrahtBot	2019-06-25 10:49:31	True
16277	gertjaap	2019-06-24 15:21:40	l2a5b1	2019-07-09 15:19:56	True
16277	gertjaap	2019-06-24 15:21:40	laanwj	2019-08-01 13:17:01	True
16277	gertjaap	2019-06-24 15:21:40	l2a5b1	2019-07-19 22:01:25	True
16277	gertjaap	2019-06-24 15:21:40	KaosGhostNINJA	2019-07-11 20:06:27	True
16277	gertjaap	2019-06-24 15:21:40	laanwj	2019-07-11 18:19:40	True
16277	gertjaap	2019-06-24 15:21:40	MarcoFalke	2019-07-09 15:29:00	True
16277	gertjaap	2019-06-24 15:21:40	laanwj	2019-07-08 14:11:19	True
16277	gertjaap	2019-06-24 15:21:40	laanwj	2019-07-01 11:18:18	True
16277	gertjaap	2019-06-24 15:21:40	DrahtBot	2019-06-24 18:56:07	True
16277	gertjaap	2019-06-24 15:21:40	practicalswift	2019-06-24 18:15:49	True
16273	practicalswift	2019-06-23 20:46:18	Sjors	2019-06-27 13:08:10	True
16273	practicalswift	2019-06-23 20:46:18	MarcoFalke	2019-06-24 13:59:59	True
16273	practicalswift	2019-06-23 20:46:18	hebasto	2019-06-24 10:43:16	True
16273	practicalswift	2019-06-23 20:46:18	DrahtBot	2019-06-23 22:18:50	True
16267	fanatid	2019-06-22 10:44:41	promag	2019-06-25 22:46:49	True
16267	fanatid	2019-06-22 10:44:41	laanwj	2019-07-08 18:14:00	True
16267	fanatid	2019-06-22 10:44:41	promag	2019-07-02 14:32:40	True
16267	fanatid	2019-06-22 10:44:41	DrahtBot	2019-06-27 20:18:00	True
16267	fanatid	2019-06-22 10:44:41	promag	2019-06-27 19:21:12	True
16267	fanatid	2019-06-22 10:44:41	laanwj	2019-06-27 12:10:52	True
16264	MarcoFalke	2019-06-21 18:40:07	elichai	2019-06-25 20:18:05	True
16264	MarcoFalke	2019-06-21 18:40:07	DrahtBot	2019-06-21 21:10:14	True
16264	MarcoFalke	2019-06-21 18:40:07	TheBlueMatt	2019-07-30 20:00:42	True
16263	hebasto	2019-06-21 17:42:23	promag	2019-06-21 17:52:06	True
16263	hebasto	2019-06-21 17:42:23	laanwj	2019-06-23 18:43:17	True
16263	hebasto	2019-06-21 17:42:23	Empact	2019-06-22 04:32:29	True
16262	pstratem	2019-06-21 17:28:02	promag	2019-06-24 23:05:01	True
16262	pstratem	2019-06-21 17:28:02	kallewoof	2019-06-29 15:31:39	True
16262	pstratem	2019-06-21 17:28:02	promag	2019-06-29 00:15:34	True
16262	pstratem	2019-06-21 17:28:02	kallewoof	2019-06-27 03:18:35	True
16262	pstratem	2019-06-21 17:28:02	kallewoof	2019-06-24 23:11:03	True
16262	pstratem	2019-06-21 17:28:02	promag	2019-06-24 13:34:35	True
16262	pstratem	2019-06-21 17:28:02	kallewoof	2019-06-24 04:42:01	True
16262	pstratem	2019-06-21 17:28:02	practicalswift	2019-06-22 14:14:32	True
16262	pstratem	2019-06-21 17:28:02	kallewoof	2019-06-22 08:40:26	True
16262	pstratem	2019-06-21 17:28:02	practicalswift	2019-06-22 08:26:18	True
16262	pstratem	2019-06-21 17:28:02	kallewoof	2019-06-22 02:01:20	True
16262	pstratem	2019-06-21 17:28:02	kallewoof	2019-06-21 17:31:02	True
16262	pstratem	2019-06-21 17:28:02	kallewoof	2019-06-24 22:48:36	True
16261	promag	2019-06-21 15:01:38	fanquake	2019-07-05 06:56:23	True
16261	promag	2019-06-21 15:01:38	DrahtBot	2019-06-21 15:05:53	True
16261	promag	2019-06-21 15:01:38	hebasto	2019-07-05 15:02:44	True
16261	promag	2019-06-21 15:01:38	jonasschnelli	2019-07-17 09:17:22	True
16261	promag	2019-06-21 15:01:38	fanquake	2019-07-06 02:24:50	True
16257	Sjors	2019-06-21 00:01:04	gertjaap	2019-06-24 07:23:04	True
16257	Sjors	2019-06-21 00:01:04	promag	2019-06-29 00:36:16	True
16257	Sjors	2019-06-21 00:01:04	DrahtBot	2019-06-28 04:40:40	True
16257	Sjors	2019-06-21 00:01:04	achow101	2019-06-27 19:26:40	True
16257	Sjors	2019-06-21 00:01:04	practicalswift	2019-06-21 06:28:04	True
16257	Sjors	2019-06-21 00:01:04	promag	2019-06-29 22:27:59	True
16257	Sjors	2019-06-21 00:01:04	promag	2019-06-21 00:42:57	True
16257	Sjors	2019-06-21 00:01:04	jonasschnelli	2019-06-27 20:01:44	True
16257	Sjors	2019-06-21 00:01:04	kallewoof	2019-06-28 02:16:14	True
16256		2019-06-20 22:19:40			False
16255	MarcoFalke	2019-06-20 17:55:54	promag	2019-06-27 11:19:21	True
16255	MarcoFalke	2019-06-20 17:55:54	laanwj	2019-06-27 11:51:29	True
16255	MarcoFalke	2019-06-20 17:55:54	DrahtBot	2019-06-25 17:08:44	True
16255	MarcoFalke	2019-06-20 17:55:54	laanwj	2019-06-27 11:09:22	True
16255	MarcoFalke	2019-06-20 17:55:54	laanwj	2019-06-25 09:18:08	True
16254	hebasto	2019-06-20 17:51:19	promag	2019-06-21 07:10:42	True
16254	hebasto	2019-06-20 17:51:19	jonasschnelli	2019-06-24 12:40:05	True
16254	hebasto	2019-06-20 17:51:19	jonasschnelli	2019-06-20 19:02:56	True
16254	hebasto	2019-06-20 17:51:19	DrahtBot	2019-06-21 05:53:10	True
16254	hebasto	2019-06-20 17:51:19	promag	2019-06-20 22:34:00	True
16254	hebasto	2019-06-20 17:51:19	MarcoFalke	2019-06-20 18:50:28	True
16254	hebasto	2019-06-20 17:51:19	MarcoFalke	2019-06-20 18:50:15	True
16251	ajtowns	2019-06-20 12:45:15	DrahtBot	2019-06-20 12:50:23	True
16251	ajtowns	2019-06-20 12:45:15	meshcollider	2019-07-30 08:57:53	True
16251	ajtowns	2019-06-20 12:45:15	instagibbs	2019-09-10 17:48:26	True
16251	ajtowns	2019-06-20 12:45:15	achow101	2019-09-11 04:09:53	True
16250	ajtowns	2019-06-20 11:45:05	meshcollider	2019-06-26 02:56:36	True
16250	ajtowns	2019-06-20 11:45:05	meshcollider	2019-06-24 08:09:12	True
16248	NicolasDorier	2019-06-20 09:44:14	DrahtBot	2019-06-20 09:47:30	True
16248	NicolasDorier	2019-06-20 09:44:14	sipa	2019-07-05 04:59:44	True
16248	NicolasDorier	2019-06-20 09:44:14	jnewbery	2019-07-02 18:50:22	True
16248	NicolasDorier	2019-06-20 09:44:14	MarcoFalke	2019-06-25 16:20:41	True
16248	NicolasDorier	2019-06-20 09:44:14	laanwj	2019-06-27 11:14:10	True
16248	NicolasDorier	2019-06-20 09:44:14	sipa	2019-07-03 06:27:59	True
16248	NicolasDorier	2019-06-20 09:44:14	jnewbery	2019-07-03 22:26:51	True
16248	NicolasDorier	2019-06-20 09:44:14	MarcoFalke	2019-07-10 13:46:08	True
16248	NicolasDorier	2019-06-20 09:44:14	ajtowns	2019-07-05 01:57:33	True
16248	NicolasDorier	2019-06-20 09:44:14	sipa	2019-07-05 02:32:42	True
16248	NicolasDorier	2019-06-20 09:44:14	jnewbery	2019-07-04 12:33:47	True
16244	achow101	2019-06-19 21:58:13	DrahtBot	2019-06-20 00:47:30	True
16244	achow101	2019-06-19 21:58:13	practicalswift	2019-06-20 07:45:23	True
16244	achow101	2019-06-19 21:58:13	promag	2019-06-19 23:37:29	True
16244	achow101	2019-06-19 21:58:13	jnewbery	2019-07-09 13:53:01	True
16244	achow101	2019-06-19 21:58:13	jnewbery	2019-07-10 08:55:24	True
16244	achow101	2019-06-19 21:58:13	MarcoFalke	2019-07-10 17:51:07	True
16244	achow101	2019-06-19 21:58:13	meshcollider	2019-06-22 10:16:57	True
16241	fanquake	2019-06-19 08:08:58	rockstardev	2019-06-19 19:27:36	True
16241	fanquake	2019-06-19 08:08:58	DrahtBot	2019-06-19 10:20:42	True
16241	fanquake	2019-06-19 08:08:58	NicolasDorier	2019-06-19 13:05:49	True
16241	fanquake	2019-06-19 08:08:58	sipsorcery	2019-06-19 08:14:49	True
16240	kallewoof	2019-06-19 04:29:36	promag	2019-06-19 13:29:00	True
16240	kallewoof	2019-06-19 04:29:36	fanquake	2019-06-19 08:26:25	True
16240	kallewoof	2019-06-19 04:29:36	laanwj	2019-07-05 10:57:46	True
16240	kallewoof	2019-06-19 04:29:36	laanwj	2019-07-08 15:16:45	True
16240	kallewoof	2019-06-19 04:29:36	MarcoFalke	2019-07-08 16:29:50	True
16240	kallewoof	2019-06-19 04:29:36	MarcoFalke	2019-07-09 23:31:30	True
16240	kallewoof	2019-06-19 04:29:36	MarcoFalke	2019-06-19 13:55:51	True
16240	kallewoof	2019-06-19 04:29:36	promag	2019-06-19 10:08:04	True
16240	kallewoof	2019-06-19 04:29:36	sipa	2019-06-19 07:07:31	True
16240	kallewoof	2019-06-19 04:29:36	promag	2019-06-19 07:18:37	True
16240	kallewoof	2019-06-19 04:29:36	DrahtBot	2019-06-19 07:19:40	True
16239	kallewoof	2019-06-19 03:01:33	jnewbery	2019-06-21 18:28:33	True
16239	kallewoof	2019-06-19 03:01:33	DrahtBot	2019-06-19 07:20:14	True
16239	kallewoof	2019-06-19 03:01:33	MarcoFalke	2019-06-19 15:49:45	True
16239	kallewoof	2019-06-19 03:01:33	MarcoFalke	2019-06-19 16:59:19	True
16239	kallewoof	2019-06-19 03:01:33	meshcollider	2019-06-22 09:58:06	True
16239	kallewoof	2019-06-19 03:01:33	meshcollider	2019-06-21 07:55:16	True
16239	kallewoof	2019-06-19 03:01:33	jnewbery	2019-06-21 13:29:34	True
16237	achow101	2019-06-18 21:40:12	sipa	2019-07-09 21:39:41	True
16237	achow101	2019-06-18 21:40:12	laanwj	2019-07-10 09:45:24	True
16237	achow101	2019-06-18 21:40:12	instagibbs	2019-07-09 20:39:14	True
16237	achow101	2019-06-18 21:40:12	Sjors	2019-07-09 15:29:41	True
16237	achow101	2019-06-18 21:40:12	laanwj	2019-06-27 11:24:06	True
16237	achow101	2019-06-18 21:40:12	DrahtBot	2019-06-18 22:00:37	True
16237	achow101	2019-06-18 21:40:12	instagibbs	2019-07-09 20:48:16	True
16235	sipsorcery	2019-06-18 20:12:39	fanquake	2019-06-19 08:21:41	True
16235	sipsorcery	2019-06-18 20:12:39	NicolasDorier	2019-06-19 06:36:51	True
16235	sipsorcery	2019-06-18 20:12:39	fanquake	2019-06-19 01:37:09	True
16235	sipsorcery	2019-06-18 20:12:39	DrahtBot	2019-06-18 22:01:13	True
16235	sipsorcery	2019-06-18 20:12:39	practicalswift	2019-06-18 21:09:35	True
16235	sipsorcery	2019-06-18 20:12:39	MarcoFalke	2019-06-18 20:45:43	True
16235	sipsorcery	2019-06-18 20:12:39	MarcoFalke	2019-06-18 20:45:20	True
16235	sipsorcery	2019-06-18 20:12:39	NicolasDorier	2019-06-19 12:30:13	True
16233	jonasschnelli	2019-06-18 15:37:02	fanquake	2019-08-14 08:02:42	True
16233	jonasschnelli	2019-06-18 15:37:02	laanwj	2019-06-27 12:25:48	True
16233	jonasschnelli	2019-06-18 15:37:02	MarcoFalke	2019-06-19 13:01:55	True
16233	jonasschnelli	2019-06-18 15:37:02	MarcoFalke	2019-08-19 13:45:42	True
16233	jonasschnelli	2019-06-18 15:37:02	fanquake	2019-08-15 02:41:00	True
16233	jonasschnelli	2019-06-18 15:37:02	hebasto	2019-06-19 10:21:12	True
16233	jonasschnelli	2019-06-18 15:37:02	fanquake	2020-02-03 06:26:22	True
16231	promag	2019-06-18 13:22:11	hebasto	2019-06-21 18:37:41	True
16231	promag	2019-06-18 13:22:11	DrahtBot	2019-06-18 18:45:44	True
16231	promag	2019-06-18 13:22:11	fanquake	2019-06-22 16:07:27	True
16231	promag	2019-06-18 13:22:11	fanquake	2019-06-23 10:36:31	True
16231	promag	2019-06-18 13:22:11	hebasto	2019-06-23 10:33:52	True
16231	promag	2019-06-18 13:22:11	hebasto	2019-06-23 10:43:02	True
16231	promag	2019-06-18 13:22:11	fanquake	2019-06-23 10:23:32	True
16228	luke-jr	2019-06-18 02:26:18	MarcoFalke	2019-06-18 13:52:59	True
16228	luke-jr	2019-06-18 02:26:18	MarcoFalke	2022-03-25 14:32:02	True
16228	luke-jr	2019-06-18 02:26:18	DrahtBot	2022-03-25 13:06:16	True
16228	luke-jr	2019-06-18 02:26:18	MarcoFalke	2022-03-25 14:33:07	True
16228	luke-jr	2019-06-18 02:26:18	hebasto	2021-12-25 14:45:27	True
16228	luke-jr	2019-06-18 02:26:18	laanwj	2019-06-18 08:09:46	True
16228	luke-jr	2019-06-18 02:26:18	fanquake	2022-03-24 15:52:48	True
16227	achow101	2019-06-17 22:46:29	MarcoFalke	2019-06-24 15:45:07	True
16227	achow101	2019-06-17 22:46:29	laanwj	2019-07-11 20:42:34	True
16227	achow101	2019-06-17 22:46:29	Sjors	2019-07-10 14:30:52	True
16227	achow101	2019-06-17 22:46:29	instagibbs	2019-07-11 20:37:49	True
16227	achow101	2019-06-17 22:46:29	DrahtBot	2019-06-18 04:20:18	True
16227	achow101	2019-06-17 22:46:29	MarcoFalke	2019-06-24 14:18:45	True
16227	achow101	2019-06-17 22:46:29	l2a5b1	2019-06-28 15:33:18	True
16226	achow101	2019-06-17 18:48:36	DrahtBot	2019-06-17 22:42:56	True
16226	achow101	2019-06-17 18:48:36	meshcollider	2019-06-17 20:25:04	True
16226	achow101	2019-06-17 18:48:36	Empact	2019-06-17 21:59:14	True
16226	achow101	2019-06-17 18:48:36	MarcoFalke	2019-06-17 21:35:06	True
16226	achow101	2019-06-17 18:48:36	MarcoFalke	2019-06-17 19:04:52	True
16226	achow101	2019-06-17 18:48:36	MarcoFalke	2019-06-18 21:01:45	True
16226	achow101	2019-06-17 18:48:36	promag	2019-06-18 21:45:20	True
16226	achow101	2019-06-17 18:48:36	jnewbery	2019-06-19 20:23:55	True
16226	achow101	2019-06-17 18:48:36	MarcoFalke	2019-06-20 11:54:02	True
16226	achow101	2019-06-17 18:48:36	meshcollider	2019-06-21 07:57:25	True
16226	achow101	2019-06-17 18:48:36	practicalswift	2019-06-17 20:30:00	True
16224	hebasto	2019-06-17 13:02:55	MarcoFalke	2019-07-09 16:44:12	True
16224	hebasto	2019-06-17 13:02:55	promag	2019-07-06 23:18:46	True
16224	hebasto	2019-06-17 13:02:55	promag	2019-07-06 13:30:08	True
16224	hebasto	2019-06-17 13:02:55	promag	2019-07-05 14:48:50	True
16224	hebasto	2019-06-17 13:02:55	promag	2019-07-05 14:26:52	True
16224	hebasto	2019-06-17 13:02:55	MarcoFalke	2019-06-28 19:03:01	True
16224	hebasto	2019-06-17 13:02:55	DrahtBot	2019-06-17 18:37:48	True
16224	hebasto	2019-06-17 13:02:55	ryanofsky	2019-06-17 15:58:55	True
16224	hebasto	2019-06-17 13:02:55	promag	2019-07-05 20:47:16	True
16224	hebasto	2019-06-17 13:02:55	MarcoFalke	2019-06-17 15:42:32	True
16224	hebasto	2019-06-17 13:02:55	ryanofsky	2019-06-17 15:02:58	True
16217	darosior	2019-06-14 21:13:11	MarcoFalke	2019-06-17 11:15:59	True
16213	MarcoFalke	2019-06-14 10:41:21	practicalswift	2019-06-14 13:05:33	True
16213	MarcoFalke	2019-06-14 10:41:21	sipa	2019-06-14 14:09:23	True
16213	MarcoFalke	2019-06-14 10:41:21	Empact	2019-06-15 18:53:42	True
16208	instagibbs	2019-06-13 18:40:14	DrahtBot	2019-07-10 11:31:24	True
16208	instagibbs	2019-06-13 18:40:14	jonasschnelli	2019-07-16 16:17:16	True
16208	instagibbs	2019-06-13 18:40:14	achow101	2019-07-10 16:39:44	True
16208	instagibbs	2019-06-13 18:40:14	promag	2019-06-18 14:48:04	True
16208	instagibbs	2019-06-13 18:40:14	promag	2019-06-14 11:42:23	True
16208	instagibbs	2019-06-13 18:40:14	promag	2019-06-13 21:58:49	True
16208	instagibbs	2019-06-13 18:40:14	DrahtBot	2019-06-13 22:01:04	True
16208	instagibbs	2019-06-13 18:40:14	stevenroose	2019-07-16 09:58:58	True
16205	MarcoFalke	2019-06-13 13:34:22	jamesob	2019-06-13 15:32:03	True
16205	MarcoFalke	2019-06-13 13:34:22	laanwj	2019-06-15 13:12:04	True
16205	MarcoFalke	2019-06-13 13:34:22	laanwj	2019-06-13 13:47:31	True
16205	MarcoFalke	2019-06-13 13:34:22	laanwj	2019-06-13 13:51:55	True
16205	MarcoFalke	2019-06-13 13:34:22	practicalswift	2019-06-13 14:43:36	True
16205	MarcoFalke	2019-06-13 13:34:22	DrahtBot	2019-06-13 14:49:58	True
16205	MarcoFalke	2019-06-13 13:34:22	promag	2019-06-13 21:43:31	True
16205	MarcoFalke	2019-06-13 13:34:22	practicalswift	2019-06-14 08:03:58	True
16205	MarcoFalke	2019-06-13 13:34:22	Empact	2019-06-14 13:10:44	True
16205	MarcoFalke	2019-06-13 13:34:22	practicalswift	2019-06-13 21:51:57	True
16202	jonasschnelli	2019-06-13 09:59:53	promag	2019-08-06 01:24:59	True
16202	jonasschnelli	2019-06-13 09:59:53	fjahr	2019-09-30 17:16:36	True
16202	jonasschnelli	2019-06-13 09:59:53	marcinja	2019-10-28 01:51:15	True
16202	jonasschnelli	2019-06-13 09:59:53	practicalswift	2019-10-13 22:08:39	True
16202	jonasschnelli	2019-06-13 09:59:53	practicalswift	2019-10-18 07:25:40	True
16202	jonasschnelli	2019-06-13 09:59:53	sipa	2019-10-18 21:34:42	True
16202	jonasschnelli	2019-06-13 09:59:53	promag	2019-10-27 16:16:51	True
16202	jonasschnelli	2019-06-13 09:59:53	practicalswift	2019-10-04 04:51:44	True
16202	jonasschnelli	2019-06-13 09:59:53	sipa	2019-07-29 22:56:05	True
16202	jonasschnelli	2019-06-13 09:59:53	marcinja	2019-10-04 01:00:41	True
16202	jonasschnelli	2019-06-13 09:59:53	DrahtBot	2019-06-13 11:13:05	True
16202	jonasschnelli	2019-06-13 09:59:53	jkczyz	2019-09-25 18:30:17	True
16202	jonasschnelli	2019-06-13 09:59:53	etscrivner	2019-09-24 15:17:30	True
16199	web3shannon	2019-06-13 03:25:00	luke-jr	2019-08-19 23:23:27	True
16199	web3shannon	2019-06-13 03:25:00	adamjonas	2020-06-05 17:41:50	True
16199	web3shannon	2019-06-13 03:25:00	shesek	2021-03-05 23:24:50	True
16199	web3shannon	2019-06-13 03:25:00	DrahtBot	2021-12-15 11:22:26	True
16199	web3shannon	2019-06-13 03:25:00	DrahtBot	2022-03-21 13:07:50	True
16199	web3shannon	2019-06-13 03:25:00	DrahtBot	2019-09-02 11:54:43	True
16199	web3shannon	2019-06-13 03:25:00	instagibbs	2019-07-16 01:47:31	True
16199	web3shannon	2019-06-13 03:25:00	DrahtBot	2019-06-17 06:15:18	True
16199	web3shannon	2019-06-13 03:25:00	promag	2019-06-13 12:03:48	True
16199	web3shannon	2019-06-13 03:25:00	promag	2019-06-14 07:16:17	True
16197	MarcoFalke	2019-06-12 21:09:17	sipsorcery	2019-06-13 06:17:52	True
16197	MarcoFalke	2019-06-12 21:09:17	sipsorcery	2019-06-13 19:43:27	True
16197	MarcoFalke	2019-06-12 21:09:17	DrahtBot	2019-06-17 00:29:58	True
16197	MarcoFalke	2019-06-12 21:09:17	Empact	2019-06-17 15:38:11	True
16197	MarcoFalke	2019-06-12 21:09:17	jonatack	2019-06-17 18:28:28	True
16197	MarcoFalke	2019-06-12 21:09:17	sdaftuar	2019-07-19 18:05:09	True
16197	MarcoFalke	2019-06-12 21:09:17	practicalswift	2019-07-22 11:12:29	True
16196		2019-06-12 16:49:16			False
16194	jamesob	2019-06-12 14:48:36	MarcoFalke	2019-07-12 15:45:00	True
16194	jamesob	2019-06-12 14:48:36	ryanofsky	2019-06-12 15:10:55	True
16194	jamesob	2019-06-12 14:48:36	DrahtBot	2019-06-12 15:19:14	True
16192	gertjaap	2019-06-12 07:19:29	Sjors	2019-06-21 01:48:01	True
16192	gertjaap	2019-06-12 07:19:29	Empact	2019-06-14 16:08:18	True
16192	gertjaap	2019-06-12 07:19:29	Empact	2019-06-14 14:12:52	True
16192	gertjaap	2019-06-12 07:19:29	fanquake	2019-06-13 07:51:32	True
16192	gertjaap	2019-06-12 07:19:29	Empact	2019-06-12 14:49:23	True
16192	gertjaap	2019-06-12 07:19:29	MarcoFalke	2019-06-12 10:04:11	True
16192	gertjaap	2019-06-12 07:19:29	MarcoFalke	2019-06-12 12:44:19	True
16192	gertjaap	2019-06-12 07:19:29	kristapsk	2019-06-12 13:04:03	True
16192	gertjaap	2019-06-12 07:19:29	Empact	2019-06-12 13:45:41	True
16192	gertjaap	2019-06-12 07:19:29	Empact	2019-06-12 14:20:28	True
16192	gertjaap	2019-06-12 07:19:29	MarcoFalke	2019-06-20 17:04:30	True
16192	gertjaap	2019-06-12 07:19:29	promag	2019-06-12 13:10:58	True
16192	gertjaap	2019-06-12 07:19:29	meshcollider	2019-06-27 22:21:37	True
16188	MarcoFalke	2019-06-11 15:30:16	mzumsande	2019-06-20 15:39:51	True
16188	MarcoFalke	2019-06-11 15:30:16	naumenkogs	2019-06-20 15:26:36	True
16188	MarcoFalke	2019-06-11 15:30:16	sdaftuar	2019-06-25 02:38:21	True
16186	Empact	2019-06-11 13:30:23	practicalswift	2019-06-11 13:43:40	True
16186	Empact	2019-06-11 13:30:23	DrahtBot	2019-06-11 16:27:34	True
16186	Empact	2019-06-11 13:30:23	practicalswift	2019-06-11 19:49:12	True
16186	Empact	2019-06-11 13:30:23	promag	2019-06-11 13:41:04	True
16185	darosior	2019-06-10 22:27:56	DrahtBot	2019-06-10 22:52:29	True
16185	darosior	2019-06-10 22:27:56	achow101	2019-08-15 16:02:12	True
16185	darosior	2019-06-10 22:27:56	promag	2019-08-29 15:28:57	True
16183	dongcarl	2019-06-10 18:51:30	DrahtBot	2019-06-11 21:41:02	True
16183	dongcarl	2019-06-10 18:51:30	fanquake	2019-06-10 20:12:00	True
16183	dongcarl	2019-06-10 18:51:30	DrahtBot	2019-06-12 20:33:07	True
16183	dongcarl	2019-06-10 18:51:30	practicalswift	2019-06-10 19:25:00	True
16183	dongcarl	2019-06-10 18:51:30	laanwj	2019-06-13 12:49:07	True
16175	TheBlueMatt	2019-06-09 11:51:45	DrahtBot	2019-06-09 15:05:22	True
16175	TheBlueMatt	2019-06-09 11:51:45	jamesob	2019-06-13 20:58:14	True
16175	TheBlueMatt	2019-06-09 11:51:45	jamesob	2019-06-11 02:38:05	True
16175	TheBlueMatt	2019-06-09 11:51:45	ryanofsky	2019-06-14 14:53:02	True
16171	TheBlueMatt	2019-06-08 13:02:36	DrahtBot	2019-06-08 17:23:01	True
16171	TheBlueMatt	2019-06-08 13:02:36	MarcoFalke	2019-06-11 14:16:58	True
16171	TheBlueMatt	2019-06-08 13:02:36	luke-jr	2019-06-13 02:15:18	True
16171	TheBlueMatt	2019-06-08 13:02:36	promag	2019-06-12 23:06:12	True
16171	TheBlueMatt	2019-06-08 13:02:36	practicalswift	2019-06-12 16:47:51	True
16171	TheBlueMatt	2019-06-08 13:02:36	jnewbery	2019-06-08 13:35:54	True
16171	TheBlueMatt	2019-06-08 13:02:36	practicalswift	2019-06-10 15:51:37	True
16171	TheBlueMatt	2019-06-08 13:02:36	kallewoof	2019-06-12 16:43:04	True
16171	TheBlueMatt	2019-06-08 13:02:36	sdaftuar	2019-06-10 12:08:01	True
16171	TheBlueMatt	2019-06-08 13:02:36	Empact	2019-06-10 01:38:00	True
16171	TheBlueMatt	2019-06-08 13:02:36	practicalswift	2019-06-09 08:17:56	True
16171	TheBlueMatt	2019-06-08 13:02:36	jnewbery	2019-06-08 16:44:13	True
16171	TheBlueMatt	2019-06-08 13:02:36	meshcollider	2019-06-08 13:14:22	True
16171	TheBlueMatt	2019-06-08 13:02:36	luke-jr	2019-06-08 14:01:43	True
16171	TheBlueMatt	2019-06-08 13:02:36	kallewoof	2019-06-11 08:25:26	True
16171	TheBlueMatt	2019-06-08 13:02:36	jnewbery	2019-06-08 15:26:16	True
16171	TheBlueMatt	2019-06-08 13:02:36	Empact	2019-06-12 16:45:25	True
16171	TheBlueMatt	2019-06-08 13:02:36	promag	2019-06-11 14:13:31	True
16171	TheBlueMatt	2019-06-08 13:02:36	sipa	2019-06-12 16:35:27	True
16171	TheBlueMatt	2019-06-08 13:02:36	jtimon	2019-06-13 10:16:32	True
16171	TheBlueMatt	2019-06-08 13:02:36	Empact	2019-06-12 13:40:13	True
16171	TheBlueMatt	2019-06-08 13:02:36	Empact	2019-06-11 15:13:08	True
16171	TheBlueMatt	2019-06-08 13:02:36	sipa	2019-06-12 16:20:04	True
16171	TheBlueMatt	2019-06-08 13:02:36	MarcoFalke	2019-06-12 14:38:08	True
16161	jkczyz	2019-06-06 23:19:27	laanwj	2019-06-17 09:09:03	True
16161	jkczyz	2019-06-06 23:19:27	Empact	2019-06-10 02:00:07	True
16161	jkczyz	2019-06-06 23:19:27	DrahtBot	2019-06-12 21:23:47	True
16161	jkczyz	2019-06-06 23:19:27	DrahtBot	2019-08-19 13:56:11	True
16161	jkczyz	2019-06-06 23:19:27	fanquake	2019-11-16 16:07:45	True
16161	jkczyz	2019-06-06 23:19:27	Empact	2019-11-16 16:27:38	True
16161	jkczyz	2019-06-06 23:19:27	laanwj	2019-11-20 11:57:03	True
16161	jkczyz	2019-06-06 23:19:27	Empact	2019-06-10 20:59:11	True
16158	real-or-random	2019-06-06 10:13:08	laanwj	2019-06-06 10:20:03	True
16158	real-or-random	2019-06-06 10:13:08	laanwj	2019-07-03 11:02:32	True
16158	real-or-random	2019-06-06 10:13:08	MarcoFalke	2019-06-06 14:55:49	True
16158	real-or-random	2019-06-06 10:13:08	practicalswift	2019-06-06 14:43:51	True
16158	real-or-random	2019-06-06 10:13:08	practicalswift	2019-06-07 13:56:37	True
16158	real-or-random	2019-06-06 10:13:08	practicalswift	2019-06-27 22:30:43	True
16158	real-or-random	2019-06-06 10:13:08	practicalswift	2019-07-01 11:27:07	True
16153	JosuGZ	2019-06-05 16:49:26	laanwj	2019-07-02 17:00:09	True
16153	JosuGZ	2019-06-05 16:49:26	laanwj	2019-06-13 13:01:17	True
16153	JosuGZ	2019-06-05 16:49:26	promag	2019-06-12 22:58:57	True
16153	JosuGZ	2019-06-05 16:49:26	hebasto	2019-06-07 11:48:06	True
16153	JosuGZ	2019-06-05 16:49:26	fanquake	2019-07-02 03:50:13	True
16153	JosuGZ	2019-06-05 16:49:26	promag	2019-06-06 17:01:57	True
16153	JosuGZ	2019-06-05 16:49:26	jonasschnelli	2019-06-06 14:42:13	True
16153	JosuGZ	2019-06-05 16:49:26	promag	2019-06-06 14:24:23	True
16153	JosuGZ	2019-06-05 16:49:26	laanwj	2019-06-06 08:50:22	True
16153	JosuGZ	2019-06-05 16:49:26	DrahtBot	2019-06-08 23:10:31	True
16153	JosuGZ	2019-06-05 16:49:26	laanwj	2019-06-25 18:18:25	True
16152	TheBlueMatt	2019-06-05 15:11:34	jnewbery	2019-07-18 22:58:33	True
16152	TheBlueMatt	2019-06-05 15:11:34	ajtowns	2019-07-16 07:18:17	True
16152	TheBlueMatt	2019-06-05 15:11:34	luke-jr	2019-07-15 22:10:50	True
16152	TheBlueMatt	2019-06-05 15:11:34	jnewbery	2019-06-09 08:18:29	True
16152	TheBlueMatt	2019-06-05 15:11:34	practicalswift	2019-06-12 11:00:18	True
16152	TheBlueMatt	2019-06-05 15:11:34	luke-jr	2019-07-15 18:59:29	True
16152	TheBlueMatt	2019-06-05 15:11:34	laanwj	2019-06-06 10:18:21	True
16152	TheBlueMatt	2019-06-05 15:11:34	jtimon	2019-06-07 11:02:07	True
16152	TheBlueMatt	2019-06-05 15:11:34	Empact	2019-06-10 02:00:52	True
16152	TheBlueMatt	2019-06-05 15:11:34	MarcoFalke	2019-06-05 18:30:32	True
16152	TheBlueMatt	2019-06-05 15:11:34	kallewoof	2019-06-05 15:13:45	True
16152	TheBlueMatt	2019-06-05 15:11:34	NicolasDorier	2019-07-19 08:02:24	True
16152	TheBlueMatt	2019-06-05 15:11:34	ajtowns	2019-06-12 09:22:17	True
16152	TheBlueMatt	2019-06-05 15:11:34	jonasschnelli	2019-06-12 09:26:32	True
16152	TheBlueMatt	2019-06-05 15:11:34	jnewbery	2019-07-15 22:07:04	True
16152	TheBlueMatt	2019-06-05 15:11:34	luke-jr	2019-06-08 14:10:33	True
16152	TheBlueMatt	2019-06-05 15:11:34	MarcoFalke	2019-07-15 17:17:10	True
16152	TheBlueMatt	2019-06-05 15:11:34	jnewbery	2019-07-15 15:11:55	True
16152	TheBlueMatt	2019-06-05 15:11:34	DrahtBot	2019-07-12 21:38:22	True
16152	TheBlueMatt	2019-06-05 15:11:34	laanwj	2019-06-13 13:10:22	True
16152	TheBlueMatt	2019-06-05 15:11:34	MarcoFalke	2019-07-15 21:03:14	True
16152	TheBlueMatt	2019-06-05 15:11:34	NicolasDorier	2019-06-09 11:47:07	True
16152	TheBlueMatt	2019-06-05 15:11:34	NicolasDorier	2019-06-09 11:53:18	True
16149	MarcoFalke	2019-06-05 13:47:13	morcos	2019-06-05 14:53:43	True
16149	MarcoFalke	2019-06-05 13:47:13	ajtowns	2019-06-12 10:04:01	True
16149	MarcoFalke	2019-06-05 13:47:13	moneyball	2019-06-13 15:56:38	True
16149	MarcoFalke	2019-06-05 13:47:13	michaelfolkson	2019-06-16 14:37:40	True
16149	MarcoFalke	2019-06-05 13:47:13	laanwj	2019-06-05 13:54:59	True
16147	mxaddict	2019-06-05 10:58:13	practicalswift	2019-06-05 23:13:15	True
16147	mxaddict	2019-06-05 10:58:13	promag	2019-06-09 09:55:13	True
16147	mxaddict	2019-06-05 10:58:13	Empact	2019-06-05 11:14:19	True
16147	mxaddict	2019-06-05 10:58:13	laanwj	2019-06-05 13:21:40	True
16147	mxaddict	2019-06-05 10:58:13	MarcoFalke	2019-06-10 06:49:27	True
16145	promag	2019-06-04 14:27:27	fanquake	2020-02-26 11:29:54	True
16145	promag	2019-06-04 14:27:27	jonasschnelli	2019-10-09 11:42:37	True
16145	promag	2019-06-04 14:27:27	Sjors	2019-08-21 10:20:35	True
16145	promag	2019-06-04 14:27:27	Sjors	2019-06-26 02:36:47	True
16145	promag	2019-06-04 14:27:27	Empact	2019-06-10 02:11:09	True
16145	promag	2019-06-04 14:27:27	DrahtBot	2019-06-04 16:20:30	True
16144	rodentrabies	2019-06-04 12:02:42	MarcoFalke	2019-06-04 21:27:08	True
16144	rodentrabies	2019-06-04 12:02:42	achow101	2019-06-05 09:10:51	True
16141	fanquake	2019-06-03 20:01:44	DrahtBot	2019-06-05 14:00:35	True
16141	fanquake	2019-06-03 20:01:44	practicalswift	2019-06-04 10:18:32	True
16141	fanquake	2019-06-03 20:01:44	theuni	2019-06-04 09:21:13	True
16140	narula	2019-06-03 18:30:26	fanquake	2019-06-04 14:01:30	True
16140	narula	2019-06-03 18:30:26	naumenkogs	2019-06-03 19:47:05	True
16140	narula	2019-06-03 18:30:26	MarcoFalke	2019-06-04 21:21:29	True
16140	narula	2019-06-03 18:30:26	jonasschnelli	2019-06-04 18:29:46	True
16140	narula	2019-06-03 18:30:26	EthanHeilman	2019-06-03 18:36:34	True
16140	narula	2019-06-03 18:30:26	practicalswift	2019-06-04 10:15:13	True
16140	narula	2019-06-03 18:30:26	theuni	2019-06-04 09:46:51	True
16140	narula	2019-06-03 18:30:26	promag	2019-06-04 19:42:20	True
16140	narula	2019-06-03 18:30:26	laanwj	2019-06-05 13:29:06	True
16139		2019-06-03 17:54:21			False
16136	practicalswift	2019-06-02 20:38:21	MarcoFalke	2019-10-29 19:46:22	True
16136	practicalswift	2019-06-02 20:38:21	MarcoFalke	2019-10-30 00:45:15	True
16136	practicalswift	2019-06-02 20:38:21	sdaftuar	2019-06-06 15:51:39	True
16136	practicalswift	2019-06-02 20:38:21	morcos	2019-06-07 12:17:10	True
16136	practicalswift	2019-06-02 20:38:21	MarcoFalke	2019-06-07 12:31:45	True
16136	practicalswift	2019-06-02 20:38:21	Empact	2019-06-10 02:27:00	True
16136	practicalswift	2019-06-02 20:38:21	ryanofsky	2019-06-13 16:36:17	True
16136	practicalswift	2019-06-02 20:38:21	MarcoFalke	2019-10-10 18:06:00	True
16136	practicalswift	2019-06-02 20:38:21	ryanofsky	2019-10-24 15:34:53	True
16136	practicalswift	2019-06-02 20:38:21	MarcoFalke	2019-10-28 16:35:16	True
16136	practicalswift	2019-06-02 20:38:21	ryanofsky	2019-10-24 16:18:06	True
16136	practicalswift	2019-06-02 20:38:21	ajtowns	2019-06-03 01:40:48	True
16136	practicalswift	2019-06-02 20:38:21	MarcoFalke	2019-10-29 12:52:39	True
