pr_number	author_user_login	pr_created_at	review_user_login	review_created_at	filename	create_before_pr	has_issue_comment	has_review_comment	has_commit
1890	runeksvendsen	2012-09-30 09:41:48	laanwj	2012-09-30 12:09:56	src/qt/askpassphrasedialog.cpp	True	True	True	True
1889	tcatm	2012-09-30 09:28:36	Diapolo	2012-09-30 10:13:16	src/qt/optionsmodel.cpp	True	True	True	True
1889	tcatm	2012-09-30 09:28:36	Diapolo	2012-09-30 10:13:16	src/init.h	True	True	True	True
1889	tcatm	2012-09-30 09:28:36	Diapolo	2012-09-30 10:13:16	src/init.cpp	True	True	True	True
1885	Diapolo	2012-09-29 10:14:26	laanwj	2012-09-29 12:45:51	src/wallet.cpp	True	True	True	True
1885	Diapolo	2012-09-29 10:14:26	laanwj	2012-09-29 12:45:51	src/util.cpp	True	True	True	True
1885	Diapolo	2012-09-29 10:14:26	laanwj	2012-09-29 12:45:51	src/main.h	True	True	True	True
1885	Diapolo	2012-09-29 10:14:26	laanwj	2012-09-29 12:45:51	src/main.cpp	True	True	True	True
1885	Diapolo	2012-09-29 10:14:26	laanwj	2012-09-29 12:45:51	src/irc.cpp	True	True	True	True
1880	sipa	2012-09-28 13:43:15	laanwj	2012-10-01 03:50:06	src/init.cpp	True	True	True	True
1880	sipa	2012-09-28 13:43:15	Diapolo	2012-09-28 14:51:26	src/main.cpp	True	True	True	True
1880	sipa	2012-09-28 13:43:15	Diapolo	2012-09-28 14:51:26	src/main.h	True	True	True	True
1880	sipa	2012-09-28 13:43:15	Diapolo	2012-09-28 14:51:26	src/net.h	True	True	True	True
1880	sipa	2012-09-28 13:43:15	Diapolo	2012-09-28 14:51:26	src/qt/bitcoingui.cpp	True	True	True	True
1880	sipa	2012-09-28 13:43:15	Diapolo	2012-09-28 14:51:26	src/init.cpp	True	True	True	True
1880	sipa	2012-09-28 13:43:15	Diapolo	2012-09-28 14:51:26	src/qt/clientmodel.h	True	True	True	True
1880	sipa	2012-09-28 13:43:15	Diapolo	2012-09-28 14:51:26	src/qt/clientmodel.cpp	True	True	True	True
1880	sipa	2012-09-28 13:43:15	laanwj	2012-10-01 03:50:06	src/main.cpp	True	True	True	True
1880	sipa	2012-09-28 13:43:15	laanwj	2012-10-01 03:50:06	src/net.h	True	True	True	True
1880	sipa	2012-09-28 13:43:15	laanwj	2012-10-01 03:50:06	src/qt/bitcoingui.cpp	True	True	True	True
1880	sipa	2012-09-28 13:43:15	laanwj	2012-10-01 03:50:06	src/qt/clientmodel.cpp	True	True	True	True
1880	sipa	2012-09-28 13:43:15	laanwj	2012-10-01 03:50:06	src/qt/clientmodel.h	True	True	True	True
1880	sipa	2012-09-28 13:43:15	laanwj	2012-10-01 03:50:06	src/main.h	True	True	True	True
1872	gmaxwell	2012-09-27 17:42:48	sipa	2012-10-28 23:26:10	src/wallet.cpp	True	True	True	True
1870	jgarzik	2012-09-26 21:01:51	sipa	2012-09-28 14:01:50	src/main.h	False	True	True	True
1870	jgarzik	2012-09-26 21:01:51	sipa	2012-09-28 14:01:50	src/main.cpp	False	True	True	True
1870	jgarzik	2012-09-26 21:01:51	sipa	2012-09-28 14:01:50	src/init.cpp	False	True	True	True
1863	jgarzik	2012-09-24 16:23:46	sipa	2013-05-30 03:53:37	src/wallet.cpp	False	True	True	True
1863	jgarzik	2012-09-24 16:23:46	sipa	2012-10-07 13:54:15	src/wallet.cpp	False	True	True	True
1863	jgarzik	2012-09-24 16:23:46	sipa	2012-10-07 13:54:15	src/walletdb.cpp	False	True	True	True
1863	jgarzik	2012-09-24 16:23:46	sipa	2012-10-07 13:54:15	src/walletdb.h	False	True	True	True
1863	jgarzik	2012-09-24 16:23:46	sipa	2012-10-07 13:54:15	src/wallet.h	False	True	True	True
1863	jgarzik	2012-09-24 16:23:46	sipa	2013-05-30 03:53:37	src/wallet.h	False	True	True	True
1863	jgarzik	2012-09-24 16:23:46	sipa	2013-05-30 03:53:37	src/walletdb.h	False	True	True	True
1863	jgarzik	2012-09-24 16:23:46	sipa	2013-05-30 03:53:37	src/walletdb.cpp	False	True	True	True
1862	kjj2	2012-09-24 15:54:20	Diapolo	2012-09-24 17:52:47	src/init.cpp	True	True	True	True
1862	kjj2	2012-09-24 15:54:20	gavinandresen	2012-09-24 17:23:16	src/init.cpp	True	True	True	True
1862	kjj2	2012-09-24 15:54:20	Diapolo	2012-09-24 17:52:47	src/bitcoinrpc.cpp	True	True	True	True
1862	kjj2	2012-09-24 15:54:20	gavinandresen	2012-09-24 17:23:16	src/bitcoinrpc.cpp	True	True	True	True
1862	kjj2	2012-09-24 15:54:20	Diapolo	2012-09-24 21:10:48	src/bitcoinrpc.cpp	True	True	True	True
1862	kjj2	2012-09-24 15:54:20	Diapolo	2012-09-24 21:10:48	src/init.cpp	True	True	True	True
1861	jgarzik	2012-09-24 07:03:00	luke-jr	2012-09-24 07:27:11	src/bitcoinrpc.cpp	False	True	True	True
1861	jgarzik	2012-09-24 07:03:00	luke-jr	2012-09-24 07:27:11	src/bitcoinrpc.h	False	True	True	True
1861	jgarzik	2012-09-24 07:03:00	luke-jr	2012-09-24 07:27:11	src/rpcwallet.cpp	False	True	True	True
1861	jgarzik	2012-09-24 07:03:00	luke-jr	2012-09-24 07:27:11	src/wallet.cpp	False	True	True	True
1861	jgarzik	2012-09-24 07:03:00	luke-jr	2012-09-24 07:27:11	src/wallet.h	False	True	True	True
1861	jgarzik	2012-09-24 07:03:00	luke-jr	2012-09-24 07:28:05	src/bitcoinrpc.cpp	False	True	True	True
1861	jgarzik	2012-09-24 07:03:00	luke-jr	2012-09-24 07:28:05	src/bitcoinrpc.h	False	True	True	True
1861	jgarzik	2012-09-24 07:03:00	luke-jr	2012-09-24 07:28:05	src/rpcwallet.cpp	False	True	True	True
1861	jgarzik	2012-09-24 07:03:00	luke-jr	2012-09-24 07:28:05	src/wallet.cpp	False	True	True	True
1861	jgarzik	2012-09-24 07:03:00	luke-jr	2012-09-24 07:28:05	src/wallet.h	False	True	True	True
1861	jgarzik	2012-09-24 07:03:00	gavinandresen	2012-09-24 20:31:27	src/bitcoinrpc.cpp	False	True	True	True
1861	jgarzik	2012-09-24 07:03:00	gavinandresen	2012-09-24 20:31:27	src/bitcoinrpc.h	False	True	True	True
1861	jgarzik	2012-09-24 07:03:00	gavinandresen	2012-09-24 20:31:27	src/wallet.cpp	False	True	True	True
1861	jgarzik	2012-09-24 07:03:00	gavinandresen	2012-09-24 20:31:27	src/wallet.h	False	True	True	True
1861	jgarzik	2012-09-24 07:03:00	xblitz	2012-09-27 14:09:13	src/bitcoinrpc.cpp	False	True	True	True
1861	jgarzik	2012-09-24 07:03:00	xblitz	2012-09-27 14:09:13	src/bitcoinrpc.h	False	True	True	True
1861	jgarzik	2012-09-24 07:03:00	xblitz	2012-09-27 14:09:13	src/rpcwallet.cpp	False	True	True	True
1861	jgarzik	2012-09-24 07:03:00	xblitz	2012-09-27 14:09:13	src/wallet.cpp	False	True	True	True
1861	jgarzik	2012-09-24 07:03:00	xblitz	2012-09-27 14:09:13	src/wallet.h	False	True	True	True
1861	jgarzik	2012-09-24 07:03:00	gavinandresen	2012-09-24 20:31:27	src/rpcwallet.cpp	False	True	True	True
1859	Diapolo	2012-09-23 10:58:40	laanwj	2012-09-23 12:38:11	src/rpcwallet.cpp	True	True	True	True
1859	Diapolo	2012-09-23 10:58:40	laanwj	2012-09-23 12:38:11	src/netbase.cpp	True	True	True	True
1859	Diapolo	2012-09-23 10:58:40	laanwj	2012-09-23 12:38:11	src/netbase.h	True	True	True	True
1859	Diapolo	2012-09-23 10:58:40	laanwj	2012-09-23 12:38:11	src/qt/optionsmodel.cpp	True	True	True	True
1859	Diapolo	2012-09-23 10:58:40	gavinandresen	2012-09-25 20:32:29	src/qt/optionsmodel.cpp	True	True	True	True
1859	Diapolo	2012-09-23 10:58:40	gavinandresen	2012-09-25 20:32:29	src/net.cpp	True	True	True	True
1859	Diapolo	2012-09-23 10:58:40	gavinandresen	2012-09-25 20:32:29	src/netbase.cpp	True	True	True	True
1859	Diapolo	2012-09-23 10:58:40	sipa	2012-09-28 14:23:07	src/rpcwallet.cpp	True	True	True	True
1859	Diapolo	2012-09-23 10:58:40	laanwj	2012-09-23 12:38:11	src/net.cpp	True	True	True	True
1859	Diapolo	2012-09-23 10:58:40	sipa	2012-09-28 14:23:07	src/net.cpp	True	True	True	True
1859	Diapolo	2012-09-23 10:58:40	sipa	2012-09-28 14:23:07	src/qt/optionsmodel.cpp	True	True	True	True
1859	Diapolo	2012-09-23 10:58:40	sipa	2012-09-28 14:23:07	src/netbase.h	True	True	True	True
1859	Diapolo	2012-09-23 10:58:40	sipa	2012-09-28 14:23:07	src/netbase.cpp	True	True	True	True
1859	Diapolo	2012-09-23 10:58:40	laanwj	2012-09-28 15:59:27	src/net.cpp	True	True	True	True
1859	Diapolo	2012-09-23 10:58:40	gavinandresen	2012-09-25 20:31:16	src/rpcwallet.cpp	True	True	True	True
1859	Diapolo	2012-09-23 10:58:40	gavinandresen	2012-09-25 20:31:16	src/qt/optionsmodel.cpp	True	True	True	True
1859	Diapolo	2012-09-23 10:58:40	gavinandresen	2012-09-25 20:31:16	src/netbase.h	True	True	True	True
1859	Diapolo	2012-09-23 10:58:40	gavinandresen	2012-09-25 20:31:16	src/netbase.cpp	True	True	True	True
1859	Diapolo	2012-09-23 10:58:40	gavinandresen	2012-09-25 20:31:16	src/net.cpp	True	True	True	True
1859	Diapolo	2012-09-23 10:58:40	gavinandresen	2012-09-25 20:32:29	src/rpcwallet.cpp	True	True	True	True
1859	Diapolo	2012-09-23 10:58:40	gavinandresen	2012-09-25 20:32:29	src/netbase.h	True	True	True	True
1859	Diapolo	2012-09-23 10:58:40	laanwj	2012-09-28 15:59:27	src/netbase.cpp	True	True	True	True
1859	Diapolo	2012-09-23 10:58:40	laanwj	2012-09-29 09:54:22	src/netbase.cpp	True	True	True	True
1859	Diapolo	2012-09-23 10:58:40	laanwj	2012-09-28 15:56:33	src/rpcwallet.cpp	True	True	True	True
1859	Diapolo	2012-09-23 10:58:40	laanwj	2012-09-28 15:59:27	src/netbase.h	True	True	True	True
1859	Diapolo	2012-09-23 10:58:40	laanwj	2012-09-28 15:56:33	src/netbase.h	True	True	True	True
1859	Diapolo	2012-09-23 10:58:40	laanwj	2012-09-28 15:56:33	src/netbase.cpp	True	True	True	True
1859	Diapolo	2012-09-23 10:58:40	laanwj	2012-09-28 15:56:33	src/net.cpp	True	True	True	True
1859	Diapolo	2012-09-23 10:58:40	laanwj	2012-09-29 09:54:22	src/rpcwallet.cpp	True	True	True	True
1859	Diapolo	2012-09-23 10:58:40	laanwj	2012-09-29 09:54:22	src/qt/optionsmodel.cpp	True	True	True	True
1859	Diapolo	2012-09-23 10:58:40	laanwj	2012-09-29 09:54:22	src/netbase.h	True	True	True	True
1859	Diapolo	2012-09-23 10:58:40	laanwj	2012-09-28 15:56:33	src/qt/optionsmodel.cpp	True	True	True	True
1859	Diapolo	2012-09-23 10:58:40	laanwj	2012-09-29 09:54:22	src/net.cpp	True	True	True	True
1859	Diapolo	2012-09-23 10:58:40	laanwj	2012-09-29 09:54:44	src/qt/optionsmodel.cpp	True	True	True	True
1859	Diapolo	2012-09-23 10:58:40	laanwj	2012-09-29 09:54:44	src/netbase.h	True	True	True	True
1859	Diapolo	2012-09-23 10:58:40	laanwj	2012-09-29 09:54:44	src/netbase.cpp	True	True	True	True
1859	Diapolo	2012-09-23 10:58:40	laanwj	2012-09-29 09:54:44	src/net.cpp	True	True	True	True
1859	Diapolo	2012-09-23 10:58:40	laanwj	2012-09-28 15:59:27	src/rpcwallet.cpp	True	True	True	True
1859	Diapolo	2012-09-23 10:58:40	laanwj	2012-09-28 15:59:27	src/qt/optionsmodel.cpp	True	True	True	True
1859	Diapolo	2012-09-23 10:58:40	laanwj	2012-09-29 09:54:44	src/rpcwallet.cpp	True	True	True	True
1853	fanquake	2012-09-22 09:31:41	laanwj	2012-09-22 09:59:20	src/qt/macdockiconhandler.mm	True	True	True	True
1852	fanquake	2012-09-22 07:08:20	Diapolo	2012-09-22 07:56:23	src/qt/sendcoinsentry.h	True	True	True	True
1852	fanquake	2012-09-22 07:08:20	Diapolo	2012-09-22 07:56:23	doc/readme-qt.rst	True	True	True	True
1852	fanquake	2012-09-22 07:08:20	Diapolo	2012-09-22 07:56:23	src/qt/bitcoinamountfield.h	True	True	True	True
1852	fanquake	2012-09-22 07:08:20	Diapolo	2012-09-22 07:56:23	src/qt/bitcoingui.h	True	True	True	True
1852	fanquake	2012-09-22 07:08:20	Diapolo	2012-09-22 07:56:23	src/qt/sendcoinsdialog.h	True	True	True	True
1852	fanquake	2012-09-22 07:08:20	Diapolo	2012-09-22 07:58:06	src/qt/sendcoinsdialog.h	True	True	True	True
1852	fanquake	2012-09-22 07:08:20	Diapolo	2012-09-22 07:58:06	doc/readme-qt.rst	True	True	True	True
1852	fanquake	2012-09-22 07:08:20	Diapolo	2012-09-22 07:58:06	src/qt/bitcoinamountfield.h	True	True	True	True
1852	fanquake	2012-09-22 07:08:20	Diapolo	2012-09-22 07:58:06	src/qt/bitcoingui.h	True	True	True	True
1852	fanquake	2012-09-22 07:08:20	Diapolo	2012-09-22 07:58:06	src/qt/sendcoinsentry.h	True	True	True	True
1851	fanquake	2012-09-22 06:52:55	Diapolo	2012-09-28 10:01:16	doc/build-unix.txt	True	True	True	True
1851	fanquake	2012-09-22 06:52:55	Diapolo	2012-09-28 10:01:16	contrib/gitian-descriptors/README	True	True	True	True
1851	fanquake	2012-09-22 06:52:55	Diapolo	2012-09-28 10:01:16	contrib/gitian-descriptors/deps-win32.yml	True	True	True	True
1851	fanquake	2012-09-22 06:52:55	Diapolo	2012-09-28 10:01:16	contrib/gitian-descriptors/gitian-win32.yml	True	True	True	True
1851	fanquake	2012-09-22 06:52:55	Diapolo	2012-09-28 10:01:16	doc/build-msw.txt	True	True	True	True
1851	fanquake	2012-09-22 06:52:55	Diapolo	2012-09-28 10:01:16	src/makefile.linux-mingw	True	True	True	True
1851	fanquake	2012-09-22 06:52:55	Diapolo	2012-09-28 10:01:16	src/makefile.mingw	True	True	True	True
1851	fanquake	2012-09-22 06:52:55	Diapolo	2012-09-28 10:01:16	doc/release-process.txt	True	True	True	True
1850	luke-jr	2012-09-22 03:27:13	sipa	2012-10-25 18:40:18	src/wallet.cpp	True	True	True	True
1850	luke-jr	2012-09-22 03:27:13	sipa	2012-10-25 18:40:18	src/rpcwallet.cpp	True	True	True	True
1850	luke-jr	2012-09-22 03:27:13	Diapolo	2013-10-07 12:11:02	src/wallet.cpp	True	True	True	True
1850	luke-jr	2012-09-22 03:27:13	Diapolo	2013-10-07 12:11:02	src/rpcwallet.cpp	True	True	True	True
1850	luke-jr	2012-09-22 03:27:13	gavinandresen	2012-10-01 21:05:30	src/wallet.cpp	True	True	True	True
1850	luke-jr	2012-09-22 03:27:13	gavinandresen	2012-10-01 21:05:30	src/rpcwallet.cpp	True	True	True	True
1847	gavinandresen	2012-09-21 19:46:17	Diapolo	2012-09-21 21:45:49	bitcoin-qt.pro	True	True	True	True
1837	fanquake	2012-09-19 03:32:47	sipa	2012-09-21 12:30:18	contrib/gitian-descriptors/deps-win32.yml	True	True	True	True
1837	fanquake	2012-09-19 03:32:47	sipa	2012-09-21 12:30:18	src/makefile.linux-mingw	True	True	True	True
1837	fanquake	2012-09-19 03:32:47	sipa	2012-09-21 12:30:18	doc/release-process.txt	True	True	True	True
1837	fanquake	2012-09-19 03:32:47	sipa	2012-09-21 12:30:18	doc/build-unix.txt	True	True	True	True
1837	fanquake	2012-09-19 03:32:47	sipa	2012-09-21 12:30:18	doc/build-msw.txt	True	True	True	True
1837	fanquake	2012-09-19 03:32:47	sipa	2012-09-21 12:30:18	contrib/gitian-descriptors/gitian-win32.yml	False	True	True	True
1837	fanquake	2012-09-19 03:32:47	sipa	2012-09-21 12:30:18	contrib/gitian-descriptors/README	True	True	True	True
1837	fanquake	2012-09-19 03:32:47	sipa	2012-09-21 12:30:18	doc/build-msw.txt	False	True	True	True
1837	fanquake	2012-09-19 03:32:47	sipa	2012-09-21 12:30:18	contrib/gitian-descriptors/deps-win32.yml	False	True	True	True
1837	fanquake	2012-09-19 03:32:47	Diapolo	2012-09-19 06:44:39	contrib/gitian-descriptors/deps-win32.yml	False	True	True	True
1837	fanquake	2012-09-19 03:32:47	sipa	2012-09-21 12:30:18	src/makefile.mingw	True	True	True	True
1837	fanquake	2012-09-19 03:32:47	sipa	2012-09-21 12:30:18	contrib/gitian-descriptors/gitian-win32.yml	True	True	True	True
1837	fanquake	2012-09-19 03:32:47	Diapolo	2012-09-19 06:44:39	contrib/gitian-descriptors/gitian-win32.yml	False	True	True	True
1837	fanquake	2012-09-19 03:32:47	Diapolo	2012-09-19 06:44:39	contrib/gitian-descriptors/README	True	True	True	True
1837	fanquake	2012-09-19 03:32:47	Diapolo	2012-09-19 06:44:39	contrib/gitian-descriptors/deps-win32.yml	True	True	True	True
1837	fanquake	2012-09-19 03:32:47	Diapolo	2012-09-19 06:44:39	contrib/gitian-descriptors/gitian-win32.yml	True	True	True	True
1837	fanquake	2012-09-19 03:32:47	Diapolo	2012-09-19 06:44:39	src/makefile.mingw	True	True	True	True
1837	fanquake	2012-09-19 03:32:47	Diapolo	2012-09-19 06:44:39	doc/build-msw.txt	True	True	True	True
1837	fanquake	2012-09-19 03:32:47	Diapolo	2012-09-19 06:44:39	doc/build-unix.txt	True	True	True	True
1837	fanquake	2012-09-19 03:32:47	Diapolo	2012-09-19 06:44:39	doc/release-process.txt	True	True	True	True
1837	fanquake	2012-09-19 03:32:47	Diapolo	2012-09-19 06:44:39	src/makefile.linux-mingw	True	True	True	True
1837	fanquake	2012-09-19 03:32:47	Diapolo	2012-09-19 06:44:39	doc/build-msw.txt	False	True	True	True
1836	kjj2	2012-09-19 03:02:10	laanwj	2012-09-22 09:23:45	src/bitcoinrpc.cpp	True	True	True	True
1835	jgarzik	2012-09-19 02:37:35	luke-jr	2012-09-20 09:40:20	src/main.cpp	False	True	True	True
1835	jgarzik	2012-09-19 02:37:35	luke-jr	2012-09-20 09:40:20	src/main.cpp	True	True	True	True
1830	Diapolo	2012-09-18 16:31:44	luke-jr	2012-09-19 07:23:27	src/qt/forms/sendcoinsentry.ui	True	True	True	True
1830	Diapolo	2012-09-18 16:31:44	luke-jr	2012-09-19 07:23:27	src/qt/sendcoinsdialog.cpp	True	True	True	True
1830	Diapolo	2012-09-18 16:31:44	luke-jr	2012-09-19 07:23:27	src/init.cpp	True	True	True	True
1830	Diapolo	2012-09-18 16:31:44	luke-jr	2012-09-19 07:23:27	src/qt/bitcoingui.cpp	True	True	True	True
1830	Diapolo	2012-09-18 16:31:44	luke-jr	2012-09-19 07:23:27	src/wallet.cpp	True	True	True	True
1830	Diapolo	2012-09-18 16:31:44	luke-jr	2012-09-19 07:23:27	src/rpcwallet.cpp	True	True	True	True
1830	Diapolo	2012-09-18 16:31:44	laanwj	2012-10-21 07:00:31	src/qt/sendcoinsdialog.cpp	True	True	True	True
1830	Diapolo	2012-09-18 16:31:44	laanwj	2012-10-21 07:00:31	src/init.cpp	True	True	True	True
1830	Diapolo	2012-09-18 16:31:44	laanwj	2012-10-21 07:00:31	src/qt/bitcoingui.cpp	True	True	True	True
1830	Diapolo	2012-09-18 16:31:44	laanwj	2012-10-21 07:00:31	src/qt/forms/sendcoinsentry.ui	True	True	True	True
1830	Diapolo	2012-09-18 16:31:44	laanwj	2012-10-21 07:00:31	src/rpcwallet.cpp	True	True	True	True
1830	Diapolo	2012-09-18 16:31:44	laanwj	2012-10-21 07:00:31	src/wallet.cpp	True	True	True	True
1816	luke-jr	2012-09-10 02:57:58	Diapolo	2013-02-01 20:45:02	src/core_read.cpp	False	True	True	True
1816	luke-jr	2012-09-10 02:57:58	Diapolo	2013-02-01 20:56:46	qa/rpc-tests/getblocktemplate_proposals.py	False	True	True	True
1816	luke-jr	2012-09-10 02:57:58	Diapolo	2013-02-01 20:45:02	src/core_io.h	False	True	True	True
1816	luke-jr	2012-09-10 02:57:58	Diapolo	2013-02-01 20:56:46	src/test/miner_tests.cpp	False	True	True	True
1816	luke-jr	2012-09-10 02:57:58	Diapolo	2013-02-01 20:56:46	src/main.h	False	True	True	True
1816	luke-jr	2012-09-10 02:57:58	Diapolo	2013-02-01 20:56:46	src/main.cpp	False	True	True	True
1816	luke-jr	2012-09-10 02:57:58	Diapolo	2013-02-01 20:56:46	src/rpcmining.cpp	True	True	True	True
1816	luke-jr	2012-09-10 02:57:58	Diapolo	2013-02-01 20:45:02	qa/rpc-tests/getblocktemplate_longpoll.py	False	True	True	True
1816	luke-jr	2012-09-10 02:57:58	Diapolo	2013-02-01 20:56:46	qa/rpc-tests/getblocktemplate_longpoll.py	False	True	True	True
1816	luke-jr	2012-09-10 02:57:58	Diapolo	2013-02-01 20:56:46	src/miner.cpp	False	True	True	True
1816	luke-jr	2012-09-10 02:57:58	Diapolo	2013-02-01 20:56:46	src/rpcmining.cpp	False	True	True	True
1816	luke-jr	2012-09-10 02:57:58	Diapolo	2013-02-01 20:56:46	src/core_read.cpp	False	True	True	True
1816	luke-jr	2012-09-10 02:57:58	Diapolo	2013-02-01 20:56:46	src/core_io.h	False	True	True	True
1816	luke-jr	2012-09-10 02:57:58	Diapolo	2013-02-01 20:45:02	src/miner.cpp	False	True	True	True
1816	luke-jr	2012-09-10 02:57:58	Diapolo	2013-02-01 20:45:02	src/rpcmining.cpp	False	True	True	True
1816	luke-jr	2012-09-10 02:57:58	sipa	2012-09-21 12:55:09	src/rpcmining.cpp	False	True	True	True
1816	luke-jr	2012-09-10 02:57:58	sipa	2012-09-21 12:55:09	src/rpcmining.cpp	True	True	True	True
1816	luke-jr	2012-09-10 02:57:58	sipa	2012-09-21 12:55:09	src/test/miner_tests.cpp	False	True	True	True
1816	luke-jr	2012-09-10 02:57:58	sipa	2012-09-21 12:55:09	src/main.h	False	True	True	True
1816	luke-jr	2012-09-10 02:57:58	sipa	2012-09-21 12:55:09	src/main.cpp	False	True	True	True
1816	luke-jr	2012-09-10 02:57:58	sipa	2012-09-21 12:55:09	qa/rpc-tests/getblocktemplate_proposals.py	False	True	True	True
1816	luke-jr	2012-09-10 02:57:58	sipa	2012-09-21 12:55:09	qa/rpc-tests/getblocktemplate_longpoll.py	False	True	True	True
1816	luke-jr	2012-09-10 02:57:58	sipa	2012-09-21 12:55:09	src/miner.cpp	False	True	True	True
1816	luke-jr	2012-09-10 02:57:58	Diapolo	2013-02-01 20:45:02	qa/rpc-tests/getblocktemplate_proposals.py	False	True	True	True
1816	luke-jr	2012-09-10 02:57:58	sipa	2012-09-21 12:55:09	src/core_read.cpp	False	True	True	True
1816	luke-jr	2012-09-10 02:57:58	Diapolo	2013-02-01 20:45:02	src/test/miner_tests.cpp	False	True	True	True
1816	luke-jr	2012-09-10 02:57:58	Diapolo	2013-02-01 20:45:02	src/main.h	False	True	True	True
1816	luke-jr	2012-09-10 02:57:58	Diapolo	2013-02-01 20:45:02	src/main.cpp	False	True	True	True
1816	luke-jr	2012-09-10 02:57:58	Diapolo	2013-02-01 20:45:02	src/rpcmining.cpp	True	True	True	True
1816	luke-jr	2012-09-10 02:57:58	sipa	2012-09-21 12:55:09	src/core_io.h	False	True	True	True
1815	jrmithdobbs	2012-09-10 00:46:33	laanwj	2012-09-11 05:34:49	src/makefile.unix	True	True	True	True
1815	jrmithdobbs	2012-09-10 00:46:33	laanwj	2012-09-11 05:33:51	src/compat.h	True	True	True	True
1815	jrmithdobbs	2012-09-10 00:46:33	laanwj	2012-09-11 05:33:51	src/makefile.unix	True	True	True	True
1815	jrmithdobbs	2012-09-10 00:46:33	laanwj	2012-09-11 05:33:51	src/util.cpp	True	True	True	True
1815	jrmithdobbs	2012-09-10 00:46:33	luke-jr	2012-09-11 05:27:26	src/makefile.unix	True	True	True	True
1815	jrmithdobbs	2012-09-10 00:46:33	laanwj	2012-09-11 05:34:49	src/util.cpp	True	True	True	True
1815	jrmithdobbs	2012-09-10 00:46:33	luke-jr	2012-09-11 05:27:26	src/compat.h	True	True	True	True
1815	jrmithdobbs	2012-09-10 00:46:33	luke-jr	2012-09-11 05:27:26	src/util.cpp	True	True	True	True
1815	jrmithdobbs	2012-09-10 00:46:33	laanwj	2012-09-11 05:34:49	src/compat.h	True	True	True	True
1809	jgarzik	2012-09-09 17:46:01	luke-jr	2012-09-20 09:59:17	src/script.cpp	False	True	True	True
1809	jgarzik	2012-09-09 17:46:01	luke-jr	2012-09-20 09:59:17	src/script.h	False	True	True	True
1809	jgarzik	2012-09-09 17:46:01	luke-jr	2012-09-20 09:59:17	src/main.h	False	True	True	True
1809	jgarzik	2012-09-09 17:46:01	luke-jr	2012-09-20 09:59:17	src/main.cpp	False	True	True	True
1800	luke-jr	2012-09-08 04:56:51	laanwj	2012-09-08 05:23:38	src/walletdb.h	True	True	True	True
1800	luke-jr	2012-09-08 04:56:51	laanwj	2012-09-08 05:23:38	src/walletdb.cpp	True	True	True	True
1800	luke-jr	2012-09-08 04:56:51	laanwj	2012-09-08 05:23:38	src/wallet.h	True	True	True	True
1800	luke-jr	2012-09-08 04:56:51	laanwj	2012-09-08 05:23:38	src/wallet.cpp	True	True	True	True
1800	luke-jr	2012-09-08 04:56:51	laanwj	2012-09-08 05:23:38	src/test/accounting_tests.cpp	True	True	True	True
1800	luke-jr	2012-09-08 04:56:51	laanwj	2012-09-08 05:23:38	src/rpcwallet.cpp	True	True	True	True
1795	TheBlueMatt	2012-09-06 19:49:08	mikehearn	2013-01-04 13:27:16	src/makefile.unix	True	True	True	True
1795	TheBlueMatt	2012-09-06 19:49:08	mikehearn	2013-01-04 13:27:16	src/rpcrawtransaction.cpp	True	True	True	True
1795	TheBlueMatt	2012-09-06 19:49:08	mikehearn	2013-01-04 13:27:16	src/wallet.cpp	True	True	True	True
1795	TheBlueMatt	2012-09-06 19:49:08	mikehearn	2013-01-04 13:27:16	bitcoin-qt.pro	True	True	True	True
1795	TheBlueMatt	2012-09-06 19:49:08	mikehearn	2013-01-04 13:27:16	src/makefile.linux-mingw	True	True	True	True
1795	TheBlueMatt	2012-09-06 19:49:08	mikehearn	2013-01-04 13:27:16	src/makefile.mingw	True	True	True	True
1795	TheBlueMatt	2012-09-06 19:49:08	mikehearn	2013-01-04 13:27:16	src/makefile.osx	True	True	True	True
1795	TheBlueMatt	2012-09-06 19:49:08	mikehearn	2013-01-04 13:27:16	src/makefile.unix	False	True	True	True
1795	TheBlueMatt	2012-09-06 19:49:08	mikehearn	2013-01-04 13:27:16	bitcoin-qt.pro	False	True	True	True
1795	TheBlueMatt	2012-09-06 19:49:08	mikehearn	2013-01-04 13:27:16	src/hash.cpp	False	True	True	True
1795	TheBlueMatt	2012-09-06 19:49:08	mikehearn	2013-01-04 13:27:16	src/hash.h	False	True	True	True
1795	TheBlueMatt	2012-09-06 19:49:08	mikehearn	2013-01-04 13:27:16	src/makefile.linux-mingw	False	True	True	True
1795	TheBlueMatt	2012-09-06 19:49:08	mikehearn	2013-01-04 13:27:16	src/makefile.mingw	False	True	True	True
1795	TheBlueMatt	2012-09-06 19:49:08	mikehearn	2013-01-04 13:27:16	src/protocol.h	True	True	True	True
1795	TheBlueMatt	2012-09-06 19:49:08	mikehearn	2013-01-04 13:27:16	src/test/bloom_tests.cpp	True	True	True	True
1795	TheBlueMatt	2012-09-06 19:49:08	mikehearn	2013-01-04 13:27:16	src/makefile.osx	False	True	True	True
1795	TheBlueMatt	2012-09-06 19:49:08	mikehearn	2013-01-04 13:27:16	src/protocol.cpp	True	True	True	True
1795	TheBlueMatt	2012-09-06 19:49:08	mikehearn	2013-01-04 13:27:16	src/net.h	True	True	True	True
1795	TheBlueMatt	2012-09-06 19:49:08	mikehearn	2013-01-04 13:27:16	src/main.cpp	True	True	True	True
1795	TheBlueMatt	2012-09-06 19:49:08	mikehearn	2013-01-04 13:27:16	src/bloom.h	False	True	True	True
1795	TheBlueMatt	2012-09-06 19:49:08	mikehearn	2013-01-04 13:27:16	src/bloom.cpp	False	True	True	True
1795	TheBlueMatt	2012-09-06 19:49:08	mikehearn	2013-01-04 13:27:16	src/test/pmt_tests.cpp	False	True	True	True
1795	TheBlueMatt	2012-09-06 19:49:08	mikehearn	2013-01-04 13:27:16	src/test/bloom_tests.cpp	False	True	True	True
1795	TheBlueMatt	2012-09-06 19:49:08	mikehearn	2013-01-04 13:27:16	src/main.h	False	True	True	True
1795	TheBlueMatt	2012-09-06 19:49:08	mikehearn	2013-01-04 13:27:16	src/main.cpp	False	True	True	True
1795	TheBlueMatt	2012-09-06 19:49:08	mikehearn	2013-01-04 13:27:16	src/main.h	True	True	True	True
1795	TheBlueMatt	2012-09-06 19:49:08	mikehearn	2013-01-04 13:27:16	src/net.cpp	True	True	True	True
1795	TheBlueMatt	2012-09-06 19:49:08	mikehearn	2013-01-04 13:27:16	src/bloom.h	True	True	True	True
1795	TheBlueMatt	2012-09-06 19:49:08	mikehearn	2013-01-04 13:27:16	src/bloom.cpp	True	True	True	True
1795	TheBlueMatt	2012-09-06 19:49:08	mikehearn	2013-01-04 13:27:16	src/version.h	True	True	True	True
1795	TheBlueMatt	2012-09-06 19:49:08	mikehearn	2013-01-04 13:27:16	src/uint256.h	True	True	True	True
1795	TheBlueMatt	2012-09-06 19:49:08	mikehearn	2013-01-04 13:27:01	src/main.cpp	False	True	True	True
1795	TheBlueMatt	2012-09-06 19:49:08	mikehearn	2013-01-04 13:27:01	src/bloom.cpp	True	True	True	True
1795	TheBlueMatt	2012-09-06 19:49:08	mikehearn	2013-01-04 13:27:01	src/rpcrawtransaction.cpp	True	True	True	True
1795	TheBlueMatt	2012-09-06 19:49:08	mikehearn	2013-01-04 13:27:01	src/uint256.h	True	True	True	True
1795	TheBlueMatt	2012-09-06 19:49:08	mikehearn	2013-01-04 13:27:01	src/makefile.osx	False	True	True	True
1795	TheBlueMatt	2012-09-06 19:49:08	mikehearn	2013-01-04 13:27:01	src/makefile.mingw	False	True	True	True
1795	TheBlueMatt	2012-09-06 19:49:08	mikehearn	2013-01-04 13:27:01	src/makefile.linux-mingw	False	True	True	True
1795	TheBlueMatt	2012-09-06 19:49:08	mikehearn	2013-01-04 13:27:01	src/hash.h	False	True	True	True
1795	TheBlueMatt	2012-09-06 19:49:08	mikehearn	2013-01-04 13:27:01	src/hash.cpp	False	True	True	True
1795	TheBlueMatt	2012-09-06 19:49:08	mikehearn	2013-01-04 13:27:01	bitcoin-qt.pro	False	True	True	True
1795	TheBlueMatt	2012-09-06 19:49:08	mikehearn	2013-01-04 13:27:01	src/makefile.unix	True	True	True	True
1795	TheBlueMatt	2012-09-06 19:49:08	mikehearn	2013-01-04 13:27:01	src/makefile.osx	True	True	True	True
1795	TheBlueMatt	2012-09-06 19:49:08	mikehearn	2013-01-04 13:27:01	src/makefile.mingw	True	True	True	True
1795	TheBlueMatt	2012-09-06 19:49:08	mikehearn	2013-01-04 13:27:01	src/makefile.linux-mingw	True	True	True	True
1795	TheBlueMatt	2012-09-06 19:49:08	mikehearn	2013-01-04 13:27:01	bitcoin-qt.pro	True	True	True	True
1795	TheBlueMatt	2012-09-06 19:49:08	mikehearn	2013-01-04 13:27:01	src/wallet.cpp	True	True	True	True
1795	TheBlueMatt	2012-09-06 19:49:08	mikehearn	2013-01-04 13:27:01	src/makefile.unix	False	True	True	True
1795	TheBlueMatt	2012-09-06 19:49:08	mikehearn	2013-01-04 13:27:01	src/test/bloom_tests.cpp	True	True	True	True
1795	TheBlueMatt	2012-09-06 19:49:08	mikehearn	2013-01-04 13:27:01	src/test/bloom_tests.cpp	False	True	True	True
1795	TheBlueMatt	2012-09-06 19:49:08	mikehearn	2013-01-04 13:27:01	src/protocol.h	True	True	True	True
1795	TheBlueMatt	2012-09-06 19:49:08	mikehearn	2013-01-04 13:27:01	src/net.cpp	True	True	True	True
1795	TheBlueMatt	2012-09-06 19:49:08	mikehearn	2013-01-04 13:27:01	src/version.h	True	True	True	True
1795	TheBlueMatt	2012-09-06 19:49:08	mikehearn	2013-01-04 13:27:01	src/main.h	True	True	True	True
1795	TheBlueMatt	2012-09-06 19:49:08	mikehearn	2013-01-04 13:27:01	src/main.h	False	True	True	True
1795	TheBlueMatt	2012-09-06 19:49:08	mikehearn	2013-01-04 13:27:01	src/bloom.h	True	True	True	True
1795	TheBlueMatt	2012-09-06 19:49:08	mikehearn	2013-01-04 13:27:01	src/test/pmt_tests.cpp	False	True	True	True
1795	TheBlueMatt	2012-09-06 19:49:08	mikehearn	2013-01-04 13:27:01	src/bloom.cpp	False	True	True	True
1795	TheBlueMatt	2012-09-06 19:49:08	mikehearn	2013-01-04 13:27:01	src/bloom.h	False	True	True	True
1795	TheBlueMatt	2012-09-06 19:49:08	mikehearn	2013-01-04 13:27:01	src/main.cpp	True	True	True	True
1795	TheBlueMatt	2012-09-06 19:49:08	mikehearn	2013-01-04 13:27:01	src/net.h	True	True	True	True
1795	TheBlueMatt	2012-09-06 19:49:08	mikehearn	2013-01-04 13:27:01	src/protocol.cpp	True	True	True	True
1794	TheBlueMatt	2012-09-06 02:34:29	laanwj	2012-09-07 06:33:40	src/test/transaction_tests.cpp	True	True	True	True
1794	TheBlueMatt	2012-09-06 02:34:29	laanwj	2012-09-07 06:33:40	src/test/data/tx_valid.json	True	True	True	True
1794	TheBlueMatt	2012-09-06 02:34:29	laanwj	2012-09-07 06:33:40	src/test/data/tx_invalid.json	True	True	True	True
1793	Diapolo	2012-09-05 21:41:37	laanwj	2012-09-06 05:38:44	src/net.cpp	True	True	True	True
1793	Diapolo	2012-09-05 21:41:37	laanwj	2012-09-06 05:38:44	src/bitcoinrpc.cpp	True	True	True	True
1793	Diapolo	2012-09-05 21:41:37	laanwj	2012-09-06 05:38:44	src/main.h	True	True	True	True
1793	Diapolo	2012-09-05 21:41:37	laanwj	2012-09-06 05:38:44	src/netbase.cpp	True	True	True	True
1793	Diapolo	2012-09-05 21:41:37	laanwj	2012-09-06 05:38:44	src/netbase.h	True	True	True	True
1786	jgarzik	2012-09-05 03:28:42	Diapolo	2012-09-05 06:25:26	src/net.cpp	False	True	True	True
1786	jgarzik	2012-09-05 03:28:42	Diapolo	2012-09-05 20:07:58	src/net.cpp	False	True	True	True
1781	Diapolo	2012-09-03 20:42:00	laanwj	2012-09-04 19:40:34	src/init.cpp	True	True	True	True
1778	Diapolo	2012-09-03 14:02:22	sipa	2012-09-28 14:36:18	src/init.cpp	True	True	True	True
1778	Diapolo	2012-09-03 14:02:22	laanwj	2012-09-05 07:27:19	src/init.cpp	True	True	True	True
1778	Diapolo	2012-09-03 14:02:22	sipa	2012-11-04 10:50:50	src/init.cpp	True	True	True	True
1777	laanwj	2012-09-03 06:29:17	Diapolo	2012-09-03 08:26:51	src/net.cpp	True	True	True	True
1777	laanwj	2012-09-03 06:29:17	Diapolo	2012-09-03 08:28:52	src/net.cpp	True	True	True	True
1774	luke-jr	2012-09-01 22:14:31	laanwj	2012-09-02 06:35:53	src/rpcwallet.cpp	True	True	True	True
1774	luke-jr	2012-09-01 22:14:31	laanwj	2012-09-02 06:35:53	src/wallet.cpp	True	True	True	True
1774	luke-jr	2012-09-01 22:14:31	laanwj	2012-09-02 06:35:53	src/wallet.h	True	True	True	True
1772	Diapolo	2012-09-01 12:15:15	laanwj	2012-09-04 17:26:59	src/net.cpp	True	True	True	True
