pr_number	author_user_login	pr_created_at	review_user_login	review_created_at	filename	create_before_pr	has_issue_comment	has_review_comment	has_commit
3609	sipa	2014-01-31 13:17:33	laanwj	2014-02-04 13:13:04	src/main.h	True	True	True	True
3609	sipa	2014-01-31 13:17:33	laanwj	2014-02-04 13:13:04	src/main.cpp	True	True	True	True
3603	Diapolo	2014-01-30 09:57:13	laanwj	2014-01-31 07:42:57	src/net.cpp	True	True	True	True
3603	Diapolo	2014-01-30 09:57:13	laanwj	2014-01-31 07:42:57	src/util.h	True	True	True	True
3603	Diapolo	2014-01-30 09:57:13	laanwj	2014-01-31 07:42:57	src/util.cpp	True	True	True	True
3603	Diapolo	2014-01-30 09:57:13	laanwj	2014-02-10 08:28:14	src/util.cpp	True	True	True	True
3603	Diapolo	2014-01-30 09:57:13	laanwj	2014-02-10 08:28:14	src/net.cpp	True	True	True	True
3603	Diapolo	2014-01-30 09:57:13	laanwj	2014-02-10 08:28:14	src/util.h	True	True	True	True
3602	Diapolo	2014-01-30 09:53:47	laanwj	2014-04-22 10:22:38	src/net.cpp	True	True	True	True
3602	Diapolo	2014-01-30 09:53:47	laanwj	2014-04-30 13:59:47	src/net.cpp	True	True	True	True
3592	luke-jr	2014-01-28 08:21:59	laanwj	2014-01-28 09:58:25	src/main.h	True	True	True	True
3592	luke-jr	2014-01-28 08:21:59	laanwj	2014-01-28 09:58:25	src/main.cpp	True	True	True	True
3588	Diapolo	2014-01-27 10:27:21	laanwj	2014-01-27 10:53:45	src/init.cpp	True	True	True	True
3588	Diapolo	2014-01-27 10:27:21	laanwj	2014-01-27 10:54:36	src/init.cpp	True	True	True	True
3580	gavinandresen	2014-01-24 21:21:11	Michagogo	2014-01-26 10:13:55	src/main.cpp	True	True	True	True
3580	gavinandresen	2014-01-24 21:21:11	rebroad	2014-02-23 00:28:27	src/main.cpp	True	True	True	True
3579	Diapolo	2014-01-23 20:38:39	laanwj	2014-01-24 10:18:14	src/qt/addressbookpage.cpp	True	True	True	True
3574	aalness	2014-01-22 23:50:39	laanwj	2014-01-25 11:39:33	src/rpcwallet.cpp	True	True	True	True
3574	aalness	2014-01-22 23:50:39	Diapolo	2014-01-23 08:42:45	src/wallet.h	True	True	True	True
3574	aalness	2014-01-22 23:50:39	Diapolo	2014-01-23 08:42:45	src/wallet.cpp	True	True	True	True
3574	aalness	2014-01-22 23:50:39	Diapolo	2014-01-23 08:42:45	src/rpcwallet.cpp	True	True	True	True
3574	aalness	2014-01-22 23:50:39	laanwj	2014-01-25 11:39:33	src/wallet.h	True	True	True	True
3574	aalness	2014-01-22 23:50:39	laanwj	2014-01-25 11:39:33	src/wallet.cpp	True	True	True	True
3573	Diapolo	2014-01-22 13:49:46	laanwj	2014-01-22 14:25:01	src/qt/forms/rpcconsole.ui	True	True	True	True
3573	Diapolo	2014-01-22 13:49:46	laanwj	2014-01-22 14:25:01	src/qt/bitcoingui.cpp	True	True	True	True
3573	Diapolo	2014-01-22 13:49:46	laanwj	2014-01-22 14:25:01	src/qt/bitcoingui.h	True	True	True	True
3573	Diapolo	2014-01-22 13:49:46	laanwj	2014-01-22 14:25:01	src/qt/rpcconsole.cpp	True	True	True	True
3573	Diapolo	2014-01-22 13:49:46	laanwj	2014-01-22 14:25:01	src/qt/rpcconsole.h	True	True	True	True
3571	laanwj	2014-01-22 13:02:45	Diapolo	2014-01-22 14:37:59	src/qt/forms/sendcoinsentry.ui	True	True	True	True
3571	laanwj	2014-01-22 13:02:45	Diapolo	2014-01-23 08:48:32	src/qt/forms/sendcoinsentry.ui	True	True	True	True
3571	laanwj	2014-01-22 13:02:45	Diapolo	2014-01-22 14:37:59	src/qt/forms/receivecoinsdialog.ui	True	True	True	True
3571	laanwj	2014-01-22 13:02:45	Diapolo	2014-01-23 08:48:32	src/qt/forms/receivecoinsdialog.ui	True	True	True	True
3571	laanwj	2014-01-22 13:02:45	Diapolo	2014-01-22 14:38:31	src/qt/forms/receivecoinsdialog.ui	True	True	True	True
3571	laanwj	2014-01-22 13:02:45	Diapolo	2014-01-22 14:38:31	src/qt/forms/sendcoinsentry.ui	True	True	True	True
3564	laanwj	2014-01-21 08:12:46	fanquake	2014-01-21 08:16:09	doc/build-unix.md	True	True	True	True
3564	laanwj	2014-01-21 08:12:46	fanquake	2014-01-21 08:16:10	doc/build-unix.md	True	True	True	True
3560	laanwj	2014-01-20 19:34:17	luke-jr	2014-01-21 17:45:59	contrib/gitian-descriptors/deps-win32.yml	True	True	True	True
3560	laanwj	2014-01-20 19:34:17	luke-jr	2014-01-21 17:45:59	doc/release-process.md	True	True	True	True
3560	laanwj	2014-01-20 19:34:17	luke-jr	2014-01-21 17:45:59	contrib/gitian-descriptors/qt-win.yml	True	True	True	True
3560	laanwj	2014-01-20 19:34:17	luke-jr	2014-01-21 17:45:59	contrib/gitian-descriptors/protobuf-win32.yml	True	True	True	True
3560	laanwj	2014-01-20 19:34:17	luke-jr	2014-01-21 17:45:59	contrib/gitian-descriptors/protobuf-win.yml	True	True	True	True
3560	laanwj	2014-01-20 19:34:17	luke-jr	2014-01-21 17:45:59	contrib/gitian-descriptors/gitian-win32.yml	True	True	True	True
3560	laanwj	2014-01-20 19:34:17	luke-jr	2014-01-21 17:45:59	contrib/gitian-descriptors/gitian-win.yml	True	True	True	True
3560	laanwj	2014-01-20 19:34:17	luke-jr	2014-01-21 17:45:59	share/setup.nsi.in	False	True	True	True
3560	laanwj	2014-01-20 19:34:17	luke-jr	2014-01-21 17:45:59	contrib/gitian-descriptors/deps-win.yml	True	True	True	True
3560	laanwj	2014-01-20 19:34:17	luke-jr	2014-01-21 17:45:59	contrib/gitian-descriptors/boost-win32.yml	True	True	True	True
3560	laanwj	2014-01-20 19:34:17	luke-jr	2014-01-21 17:45:59	contrib/gitian-descriptors/boost-win.yml	True	True	True	True
3560	laanwj	2014-01-20 19:34:17	luke-jr	2014-01-21 17:45:59	configure.ac	False	True	True	True
3560	laanwj	2014-01-20 19:34:17	wtogami	2014-01-22 07:12:55	Makefile.am	False	True	True	True
3560	laanwj	2014-01-20 19:34:17	luke-jr	2014-01-21 17:45:59	Makefile.am	False	True	True	True
3560	laanwj	2014-01-20 19:34:17	luke-jr	2014-01-21 17:45:59	src/qt/utilitydialog.cpp	True	True	True	True
3560	laanwj	2014-01-20 19:34:17	luke-jr	2014-01-21 17:45:59	contrib/gitian-descriptors/qt-win32.yml	True	True	True	True
3560	laanwj	2014-01-20 19:34:17	wtogami	2014-01-22 07:12:55	share/setup.nsi.in	False	True	True	True
3560	laanwj	2014-01-20 19:34:17	wtogami	2014-01-22 07:12:55	src/qt/utilitydialog.cpp	True	True	True	True
3560	laanwj	2014-01-20 19:34:17	wtogami	2014-01-22 07:12:55	configure.ac	False	True	True	True
3560	laanwj	2014-01-20 19:34:17	wtogami	2014-01-22 07:12:55	contrib/gitian-descriptors/boost-win.yml	True	True	True	True
3560	laanwj	2014-01-20 19:34:17	wtogami	2014-01-22 07:12:55	contrib/gitian-descriptors/boost-win32.yml	True	True	True	True
3560	laanwj	2014-01-20 19:34:17	wtogami	2014-01-22 07:12:55	contrib/gitian-descriptors/deps-win.yml	True	True	True	True
3560	laanwj	2014-01-20 19:34:17	wtogami	2014-01-22 07:12:55	contrib/gitian-descriptors/deps-win32.yml	True	True	True	True
3560	laanwj	2014-01-20 19:34:17	wtogami	2014-01-22 07:12:55	contrib/gitian-descriptors/gitian-win.yml	True	True	True	True
3560	laanwj	2014-01-20 19:34:17	wtogami	2014-01-22 07:12:55	contrib/gitian-descriptors/gitian-win32.yml	True	True	True	True
3560	laanwj	2014-01-20 19:34:17	wtogami	2014-01-22 07:12:55	contrib/gitian-descriptors/protobuf-win.yml	True	True	True	True
3560	laanwj	2014-01-20 19:34:17	wtogami	2014-01-22 07:12:55	contrib/gitian-descriptors/protobuf-win32.yml	True	True	True	True
3560	laanwj	2014-01-20 19:34:17	wtogami	2014-01-22 07:12:55	contrib/gitian-descriptors/qt-win.yml	True	True	True	True
3560	laanwj	2014-01-20 19:34:17	wtogami	2014-01-22 07:12:55	contrib/gitian-descriptors/qt-win32.yml	True	True	True	True
3560	laanwj	2014-01-20 19:34:17	wtogami	2014-01-22 07:12:55	doc/release-process.md	True	True	True	True
3537	Diapolo	2014-01-14 16:12:27	laanwj	2014-01-14 16:15:42	src/clientversion.h	True	True	True	True
3521	cozz	2014-01-13 04:39:49	Diapolo	2014-01-20 10:12:27	src/qt/walletmodel.h	False	True	True	True
3521	cozz	2014-01-13 04:39:49	Diapolo	2014-01-20 10:13:14	src/qt/forms/receivecoinsdialog.ui	False	True	True	True
3521	cozz	2014-01-13 04:39:49	Diapolo	2014-01-20 10:13:14	src/qt/receivecoinsdialog.cpp	False	True	True	True
3521	cozz	2014-01-13 04:39:49	Diapolo	2014-01-20 10:13:14	src/qt/recentrequeststablemodel.cpp	False	True	True	True
3521	cozz	2014-01-13 04:39:49	Diapolo	2014-01-20 10:13:14	src/qt/recentrequeststablemodel.h	False	True	True	True
3521	cozz	2014-01-13 04:39:49	Diapolo	2014-01-20 10:13:14	src/qt/walletmodel.cpp	False	True	True	True
3521	cozz	2014-01-13 04:39:49	Diapolo	2014-01-20 10:13:14	src/qt/walletmodel.h	False	True	True	True
3521	cozz	2014-01-13 04:39:49	Diapolo	2014-01-20 10:13:14	src/wallet.cpp	False	True	True	True
3521	cozz	2014-01-13 04:39:49	Diapolo	2014-01-20 10:13:14	src/wallet.cpp	True	True	True	True
3521	cozz	2014-01-13 04:39:49	Diapolo	2014-01-20 10:13:14	src/wallet.h	True	True	True	True
3521	cozz	2014-01-13 04:39:49	Diapolo	2014-01-20 10:13:14	src/walletdb.h	True	True	True	True
3521	cozz	2014-01-13 04:39:49	Diapolo	2014-01-20 10:12:27	src/qt/forms/receivecoinsdialog.ui	False	True	True	True
3521	cozz	2014-01-13 04:39:49	Diapolo	2014-01-20 10:12:27	src/qt/receivecoinsdialog.cpp	False	True	True	True
3521	cozz	2014-01-13 04:39:49	Diapolo	2014-01-20 10:12:27	src/qt/recentrequeststablemodel.cpp	False	True	True	True
3521	cozz	2014-01-13 04:39:49	Diapolo	2014-01-20 10:12:27	src/qt/recentrequeststablemodel.h	False	True	True	True
3521	cozz	2014-01-13 04:39:49	Diapolo	2014-01-20 10:12:27	src/qt/walletmodel.cpp	False	True	True	True
3521	cozz	2014-01-13 04:39:49	Diapolo	2014-01-20 10:13:14	src/walletdb.cpp	True	True	True	True
3521	cozz	2014-01-13 04:39:49	Diapolo	2014-01-20 10:12:27	src/wallet.cpp	False	True	True	True
3521	cozz	2014-01-13 04:39:49	Diapolo	2014-01-20 10:14:28	src/qt/recentrequeststablemodel.h	False	True	True	True
3521	cozz	2014-01-13 04:39:49	Diapolo	2014-01-20 10:14:28	src/walletdb.h	True	True	True	True
3521	cozz	2014-01-13 04:39:49	Diapolo	2014-01-20 10:14:28	src/walletdb.cpp	True	True	True	True
3521	cozz	2014-01-13 04:39:49	Diapolo	2014-01-20 10:14:28	src/wallet.h	True	True	True	True
3521	cozz	2014-01-13 04:39:49	Diapolo	2014-01-20 10:14:28	src/wallet.cpp	True	True	True	True
3521	cozz	2014-01-13 04:39:49	Diapolo	2014-01-20 10:14:28	src/wallet.cpp	False	True	True	True
3521	cozz	2014-01-13 04:39:49	Diapolo	2014-01-20 10:14:28	src/qt/walletmodel.h	False	True	True	True
3521	cozz	2014-01-13 04:39:49	Diapolo	2014-01-20 10:14:28	src/qt/walletmodel.cpp	False	True	True	True
3521	cozz	2014-01-13 04:39:49	Diapolo	2014-01-20 10:14:28	src/qt/recentrequeststablemodel.cpp	False	True	True	True
3521	cozz	2014-01-13 04:39:49	Diapolo	2014-01-20 10:12:27	src/wallet.cpp	True	True	True	True
3521	cozz	2014-01-13 04:39:49	Diapolo	2014-01-20 10:14:28	src/qt/receivecoinsdialog.cpp	False	True	True	True
3521	cozz	2014-01-13 04:39:49	Diapolo	2014-01-20 10:14:28	src/qt/forms/receivecoinsdialog.ui	False	True	True	True
3521	cozz	2014-01-13 04:39:49	Diapolo	2014-01-20 10:12:27	src/walletdb.h	True	True	True	True
3521	cozz	2014-01-13 04:39:49	Diapolo	2014-01-20 10:12:27	src/walletdb.cpp	True	True	True	True
3521	cozz	2014-01-13 04:39:49	Diapolo	2014-01-20 10:12:27	src/wallet.h	True	True	True	True
3514	sipa	2014-01-11 18:21:17	rebroad	2014-02-23 01:08:33	src/test/DoS_tests.cpp	True	True	True	True
3514	sipa	2014-01-11 18:21:17	rebroad	2014-02-23 01:08:33	src/main.cpp	True	True	True	True
3514	sipa	2014-01-11 18:21:17	rebroad	2014-02-23 01:08:33	src/main.h	True	True	True	True
3514	sipa	2014-01-11 18:21:17	rebroad	2014-02-23 01:08:33	src/net.h	True	True	True	True
3514	sipa	2014-01-11 18:21:17	rebroad	2014-02-26 23:31:13	src/main.h	True	True	True	True
3514	sipa	2014-01-11 18:21:17	rebroad	2014-02-26 23:31:13	src/main.cpp	True	True	True	True
3514	sipa	2014-01-11 18:21:17	rebroad	2014-02-26 23:31:13	src/net.h	True	True	True	True
3514	sipa	2014-01-11 18:21:17	rebroad	2014-02-26 23:31:13	src/test/DoS_tests.cpp	True	True	True	True
3513	Diapolo	2014-01-11 18:05:05	sipa	2014-01-11 18:55:29	src/qt/test/Makefile.am	True	True	True	True
3513	Diapolo	2014-01-11 18:05:05	sipa	2014-01-11 18:55:29	src/qt/Makefile.am	True	True	True	True
3486	awoland	2014-01-04 16:22:32	laanwj	2014-01-05 09:46:16	src/qt/guiutil.cpp	True	True	True	True
3486	awoland	2014-01-04 16:22:32	laanwj	2014-01-05 09:43:53	src/qt/guiutil.cpp	True	True	True	True
