pr_number	author_user_login	pr_created_at	commit_user_login	commit_created_at	commit_status_total	commit_status_additions	commit_status_deletions	create_before_pr	is_review_commit
1890	runeksvendsen	2012-09-30 09:41:48	runeksvendsen	2012-09-30 09:37:45	11	10	1	True	True
1889	tcatm	2012-09-30 09:28:36	tcatm	2012-06-02 23:19:07	21	15	6	True	True
1885	Diapolo	2012-09-29 10:14:26	Philip Kaufmann	2012-09-29 09:57:44	10	5	5	True	True
1880	sipa	2012-09-28 13:43:15	sipa	2012-09-13 12:33:52	97	70	27	True	True
1872	gmaxwell	2012-09-27 17:42:48	gmaxwell	2012-09-27 17:29:35	33	21	12	True	True
1870	jgarzik	2012-09-26 21:01:51	jgarzik	2012-10-10 03:41:36	85	75	10	False	True
1863	jgarzik	2012-09-24 16:23:46	jgarzik	2013-06-10 13:36:29	173	135	38	False	True
1863	jgarzik	2012-09-24 16:23:46	jgarzik	2013-06-10 13:38:13	7	7	0	False	True
1862	kjj2	2012-09-24 15:54:20	kjj2	2012-09-24 13:39:12	11	8	3	True	True
1861	jgarzik	2012-09-24 07:03:00	jgarzik	2012-09-27 17:52:09	128	125	3	False	True
1859	Diapolo	2012-09-23 10:58:40	Philip Kaufmann	2012-09-23 10:55:05	126	77	49	True	True
1853	fanquake	2012-09-22 09:31:41	fanquake	2012-09-22 09:29:55	4	2	2	True	True
1852	fanquake	2012-09-22 07:08:20	fanquake	2012-09-22 05:32:28	18	9	9	True	True
1851	fanquake	2012-09-22 06:52:55	fanquake	2012-09-22 06:51:03	50	25	25	True	True
1850	luke-jr	2012-09-22 03:27:13	luke-jr	2012-09-22 03:20:14	25	19	6	True	True
1850	luke-jr	2012-09-22 03:27:13	luke-jr	2012-09-22 03:22:34	11	9	2	True	True
1847	gavinandresen	2012-09-21 19:46:17	gavinandresen	2012-09-21 19:42:38	4	4	0	True	True
1837	fanquake	2012-09-19 03:32:47	fanquake	2012-09-21 12:42:16	6	3	3	False	True
1837	fanquake	2012-09-19 03:32:47	fanquake	2012-09-19 03:25:37	36	18	18	True	True
1837	fanquake	2012-09-19 03:32:47	fanquake	2012-09-20 10:30:15	6	3	3	False	True
1837	fanquake	2012-09-19 03:32:47	fanquake	2012-09-19 07:00:00	6	3	3	False	True
1836	kjj2	2012-09-19 03:02:10	kjj2	2012-09-19 02:54:43	11	8	3	True	True
1835	jgarzik	2012-09-19 02:37:35	jgarzik	2012-09-19 17:17:14	10	9	1	False	True
1835	jgarzik	2012-09-19 02:37:35	jgarzik	2012-09-19 02:18:56	1	1	0	True	True
1830	Diapolo	2012-09-18 16:31:44	Philip Kaufmann	2012-09-18 16:26:02	48	18	30	True	True
1816	luke-jr	2012-09-10 02:57:58	luke-jr	2014-11-18 19:09:20	25	21	4	False	True
1816	luke-jr	2012-09-10 02:57:58	luke-jr	2014-10-19 23:09:50	128	75	53	False	True
1816	luke-jr	2012-09-10 02:57:58	luke-jr	2014-10-20 02:10:03	48	31	17	False	True
1816	luke-jr	2012-09-10 02:57:58	luke-jr	2014-10-16 03:50:33	9	9	0	False	True
1816	luke-jr	2012-09-10 02:57:58	luke-jr	2014-10-30 04:26:31	2	2	0	False	True
1816	luke-jr	2012-09-10 02:57:58	luke-jr	2014-11-17 18:47:40	188	184	4	False	True
1816	luke-jr	2012-09-10 02:57:58	luke-jr	2014-11-20 02:23:20	11	6	5	False	True
1816	luke-jr	2012-09-10 02:57:58	luke-jr	2014-10-30 02:56:33	62	41	21	False	True
1816	luke-jr	2012-09-10 02:57:58	luke-jr	2012-09-10 02:55:03	33	33	0	True	True
1815	jrmithdobbs	2012-09-10 00:46:33	jrmithdobbs	2012-09-10 00:18:52	23	16	7	True	True
1809	jgarzik	2012-09-09 17:46:01	jgarzik	2012-09-09 20:11:11	14	14	0	False	True
1809	jgarzik	2012-09-09 17:46:01	jgarzik	2012-09-09 21:52:26	27	27	0	False	True
1800	luke-jr	2012-09-08 04:56:51	luke-jr	2012-09-08 04:55:36	32	28	4	True	True
1795	TheBlueMatt	2012-09-06 19:49:08	TheBlueMatt	2012-08-13 03:26:30	112	56	56	True	True
1795	TheBlueMatt	2012-09-06 19:49:08	TheBlueMatt	2012-08-19 03:38:28	25	19	6	True	True
1795	TheBlueMatt	2012-09-06 19:49:08	TheBlueMatt	2013-01-11 01:23:28	171	145	26	False	True
1795	TheBlueMatt	2012-09-06 19:49:08	TheBlueMatt	2012-08-13 03:26:25	12	11	1	True	True
1795	TheBlueMatt	2012-09-06 19:49:08	TheBlueMatt	2013-01-10 18:16:00	66	66	0	False	True
1795	TheBlueMatt	2012-09-06 19:49:08	TheBlueMatt	2012-08-13 03:26:27	209	209	0	True	True
1795	TheBlueMatt	2012-09-06 19:49:08	TheBlueMatt	2013-01-10 19:06:30	13	8	5	False	True
1795	TheBlueMatt	2012-09-06 19:49:08	TheBlueMatt	2012-08-13 03:26:29	51	51	0	True	True
1795	TheBlueMatt	2012-09-06 19:49:08	TheBlueMatt	2012-08-13 03:26:28	2	1	1	True	True
1795	TheBlueMatt	2012-09-06 19:49:08	TheBlueMatt	2012-08-13 03:26:35	302	302	0	True	True
1795	TheBlueMatt	2012-09-06 19:49:08	TheBlueMatt	2012-08-19 03:40:00	53	53	0	True	True
1795	TheBlueMatt	2012-09-06 19:49:08	TheBlueMatt	2012-08-21 01:10:25	14	14	0	True	True
1795	TheBlueMatt	2012-09-06 19:49:08	TheBlueMatt	2012-11-02 22:33:50	81	57	24	False	True
1795	TheBlueMatt	2012-09-06 19:49:08	sipa	2012-10-27 19:08:45	309	309	0	False	True
1795	TheBlueMatt	2012-09-06 19:49:08	TheBlueMatt	2012-11-08 21:26:25	173	103	70	False	True
1795	TheBlueMatt	2012-09-06 19:49:08	TheBlueMatt	2012-08-14 23:21:20	12	12	0	True	True
1795	TheBlueMatt	2012-09-06 19:49:08	TheBlueMatt	2012-08-19 03:45:19	30	28	2	True	True
1794	TheBlueMatt	2012-09-06 02:34:29	TheBlueMatt	2012-09-06 01:46:48	10	8	2	True	True
1794	TheBlueMatt	2012-09-06 02:34:29	TheBlueMatt	2012-09-06 02:33:43	61	59	2	True	True
1793	Diapolo	2012-09-05 21:41:37	Philip Kaufmann	2012-09-05 21:36:19	18	9	9	True	True
1786	jgarzik	2012-09-05 03:28:42	jgarzik	2012-09-05 20:01:28	10	7	3	False	True
1781	Diapolo	2012-09-03 20:42:00	Philip Kaufmann	2012-08-31 22:26:59	77	48	29	True	True
1778	Diapolo	2012-09-03 14:02:22	Philip Kaufmann	2012-09-03 13:54:47	34	18	16	True	True
1777	laanwj	2012-09-03 06:29:17	laanwj	2012-09-03 06:23:34	18	8	10	True	True
1774	luke-jr	2012-09-01 22:14:31	luke-jr	2012-09-01 22:07:47	18	12	6	True	True
1772	Diapolo	2012-09-01 12:15:15	Philip Kaufmann	2012-09-01 12:11:01	5	2	3	True	True
