pr_number	author_user_login	pr_created_at	review_user_login	review_created_at	filename	create_before_pr	has_issue_comment	has_review_comment	has_commit
5950	dexX7	2015-03-27 01:41:13	Diapolo	2015-03-27 12:28:40	src/test/test_bitcoin.cpp	True	True	True	True
5950	dexX7	2015-03-27 01:41:13	Diapolo	2015-03-27 12:28:40	src/qt/test/test_main.cpp	True	True	True	True
5950	dexX7	2015-03-27 01:41:13	Diapolo	2015-03-27 12:28:40	src/util.cpp	True	True	True	True
5949	theuni	2015-03-27 00:14:30	sipa	2015-04-03 01:35:50	src/wallet/crypter.cpp	True	True	True	True
5949	theuni	2015-03-27 00:14:30	sipa	2015-04-03 02:39:03	src/Makefile.am	True	True	True	True
5949	theuni	2015-03-27 00:14:30	sipa	2015-04-03 02:39:03	src/Makefile.test.include	True	True	True	True
5949	theuni	2015-03-27 00:14:30	sipa	2015-04-03 02:39:03	src/wallet/crypter.h	True	True	True	True
5949	theuni	2015-03-27 00:14:30	sipa	2015-04-03 02:39:03	src/wallet/test/crypto_tests.cpp	True	True	True	True
5949	theuni	2015-03-27 00:14:30	sipa	2015-04-03 02:39:03	src/wallet/crypter.cpp	True	True	True	True
5949	theuni	2015-03-27 00:14:30	sipa	2015-04-03 02:39:03	src/crypto/aes.cpp	True	True	True	True
5949	theuni	2015-03-27 00:14:30	sipa	2015-04-03 02:39:03	src/crypto/aes.h	True	True	True	True
5949	theuni	2015-03-27 00:14:30	sipa	2015-04-03 02:39:03	src/test/crypto_tests.cpp	True	True	True	True
5949	theuni	2015-03-27 00:14:30	sipa	2015-04-03 01:35:50	src/Makefile.am	True	True	True	True
5949	theuni	2015-03-27 00:14:30	sipa	2015-04-03 01:35:50	src/Makefile.test.include	True	True	True	True
5949	theuni	2015-03-27 00:14:30	sipa	2015-04-03 01:35:50	src/wallet/crypter.h	True	True	True	True
5949	theuni	2015-03-27 00:14:30	sipa	2015-04-03 01:35:50	src/wallet/test/crypto_tests.cpp	True	True	True	True
5949	theuni	2015-03-27 00:14:30	sipa	2015-04-03 01:35:50	src/crypto/aes.cpp	True	True	True	True
5949	theuni	2015-03-27 00:14:30	sipa	2015-04-03 01:35:50	src/crypto/aes.h	True	True	True	True
5949	theuni	2015-03-27 00:14:30	sipa	2015-04-03 01:35:50	src/test/crypto_tests.cpp	True	True	True	True
5949	theuni	2015-03-27 00:14:30	jonasschnelli	2015-04-01 18:32:10	src/Makefile.am	True	True	True	True
5949	theuni	2015-03-27 00:14:30	jonasschnelli	2015-04-01 18:32:10	src/Makefile.test.include	True	True	True	True
5949	theuni	2015-03-27 00:14:30	jonasschnelli	2015-04-01 18:32:10	src/wallet/crypter.h	True	True	True	True
5949	theuni	2015-03-27 00:14:30	jonasschnelli	2015-04-01 18:32:10	src/wallet/test/crypto_tests.cpp	True	True	True	True
5949	theuni	2015-03-27 00:14:30	jonasschnelli	2015-04-01 18:32:10	src/wallet/crypter.cpp	True	True	True	True
5949	theuni	2015-03-27 00:14:30	jonasschnelli	2015-04-01 18:32:10	src/crypto/aes.cpp	True	True	True	True
5949	theuni	2015-03-27 00:14:30	jonasschnelli	2015-04-01 18:32:10	src/crypto/aes.h	True	True	True	True
5949	theuni	2015-03-27 00:14:30	jonasschnelli	2015-04-01 18:32:10	src/test/crypto_tests.cpp	True	True	True	True
5948	sipa	2015-03-26 18:15:47	laanwj	2015-03-27 07:57:49	src/pow.cpp	True	True	True	True
5947	gavinandresen	2015-03-26 15:37:54	dgenr8	2015-03-28 20:10:56	src/main.h	True	True	True	True
5947	gavinandresen	2015-03-26 15:37:54	dgenr8	2015-03-28 20:10:56	src/init.cpp	True	True	True	True
5947	gavinandresen	2015-03-26 15:37:54	dgenr8	2015-03-28 20:10:56	src/main.cpp	True	True	True	True
5947	gavinandresen	2015-03-26 15:37:54	dgenr8	2015-03-28 20:10:56	src/test/alert_tests.cpp	True	True	True	True
5945	gavinandresen	2015-03-25 17:22:03	petertodd	2015-03-26 00:02:00	src/txmempool.cpp	True	True	True	True
5945	gavinandresen	2015-03-25 17:22:03	petertodd	2015-03-26 00:02:00	src/test/mempool_tests.cpp	True	True	True	True
5945	gavinandresen	2015-03-25 17:22:03	petertodd	2015-03-26 00:02:00	src/Makefile.test.include	True	True	True	True
5937	dexX7	2015-03-22 19:21:18	sipa	2015-04-07 21:59:35	qa/pull-tester/rpc-tests.sh	False	True	True	True
5937	dexX7	2015-03-22 19:21:18	sipa	2015-04-07 21:59:56	qa/pull-tester/rpc-tests.sh	False	True	True	True
5937	dexX7	2015-03-22 19:21:18	sipa	2015-04-07 21:59:56	qa/rpc-tests/signrawtransactions.py	False	True	True	True
5937	dexX7	2015-03-22 19:21:18	sipa	2015-04-07 21:59:56	src/rpcrawtransaction.cpp	True	True	True	True
5937	dexX7	2015-03-22 19:21:18	sipa	2015-04-07 21:59:35	qa/rpc-tests/signrawtransactions.py	False	True	True	True
5937	dexX7	2015-03-22 19:21:18	sipa	2015-04-07 21:59:35	src/rpcrawtransaction.cpp	True	True	True	True
5936	dgenr8	2015-03-22 18:30:11	luke-jr	2015-06-02 02:08:12	src/rpcrawtransaction.cpp	True	True	True	True
5936	dgenr8	2015-03-22 18:30:11	luke-jr	2015-06-02 02:08:12	src/rpcclient.cpp	True	True	True	True
5935	CohibAA	2015-03-22 02:07:30	luke-jr	2015-03-22 02:42:58	contrib/debian/examples/bitcoin.conf	True	True	True	True
5934	jonasschnelli	2015-03-21 21:39:17	fanquake	2015-03-23 03:36:44	src/test/test_bitcoin.cpp	True	True	True	True
5934	jonasschnelli	2015-03-21 21:39:17	fanquake	2015-03-23 03:36:44	src/rpcserver.cpp	True	True	True	True
5934	jonasschnelli	2015-03-21 21:39:17	fanquake	2015-03-23 03:36:44	src/init.cpp	True	True	True	True
5934	jonasschnelli	2015-03-21 21:39:17	fanquake	2015-03-23 03:36:44	src/rpcserver.h	True	True	True	True
5934	jonasschnelli	2015-03-21 21:39:17	fanquake	2015-03-23 03:36:44	src/test/rpc_tests.cpp	True	True	True	True
5934	jonasschnelli	2015-03-21 21:39:17	fanquake	2015-03-23 03:36:44	src/wallet/wallet.cpp	True	True	True	True
5934	jonasschnelli	2015-03-21 21:39:17	fanquake	2015-03-23 03:36:44	src/rpcclient.cpp	True	True	True	True
5934	jonasschnelli	2015-03-21 21:39:17	fanquake	2015-03-23 03:36:44	src/wallet/wallet.h	True	True	True	True
5934	jonasschnelli	2015-03-21 21:39:17	fanquake	2015-03-23 03:36:44	src/rpcclient.h	True	True	True	True
5932	Diapolo	2015-03-21 17:22:45	laanwj	2015-03-26 07:04:03	src/qt/sendcoinsdialog.h	True	True	True	True
5932	Diapolo	2015-03-21 17:22:45	laanwj	2015-03-26 07:04:03	src/qt/sendcoinsdialog.cpp	True	True	True	True
5924	domob1812	2015-03-18 18:28:23	laanwj	2015-10-01 09:09:44	src/wallet/wallet.cpp	True	True	True	True
5918	sipa	2015-03-17 13:51:11	morcos	2015-04-21 16:18:10	src/pow.cpp	True	True	True	True
5918	sipa	2015-03-17 13:51:11	morcos	2015-04-21 16:18:10	src/main.cpp	True	True	True	True
5918	sipa	2015-03-17 13:51:11	morcos	2015-04-21 16:18:10	src/test/pow_tests.cpp	True	True	True	True
5918	sipa	2015-03-17 13:51:11	morcos	2015-04-21 16:18:10	src/pow.h	True	True	True	True
5916	jonasschnelli	2015-03-17 13:00:59	luke-jr	2015-07-11 07:14:15	src/wallet/rpcwallet.cpp	False	True	True	True
5916	jonasschnelli	2015-03-17 13:00:59	luke-jr	2015-06-02 01:46:33	src/wallet/wallet.cpp	True	True	True	True
5916	jonasschnelli	2015-03-17 13:00:59	luke-jr	2015-06-02 01:46:33	src/wallet/rpcwallet.cpp	True	True	True	True
5916	jonasschnelli	2015-03-17 13:00:59	luke-jr	2015-06-02 01:46:33	src/wallet/rpcdump.cpp	True	True	True	True
5916	jonasschnelli	2015-03-17 13:00:59	luke-jr	2015-07-11 07:14:15	src/wallet/wallet.h	False	True	True	True
5916	jonasschnelli	2015-03-17 13:00:59	luke-jr	2015-07-11 07:14:15	src/wallet/wallet.cpp	False	True	True	True
5916	jonasschnelli	2015-03-17 13:00:59	luke-jr	2015-07-11 07:14:15	src/wallet/rpcdump.cpp	True	True	True	True
5916	jonasschnelli	2015-03-17 13:00:59	luke-jr	2015-07-11 07:14:15	src/wallet/rpcdump.cpp	False	True	True	True
5916	jonasschnelli	2015-03-17 13:00:59	luke-jr	2015-07-11 07:14:15	src/wallet/walletdb.h	False	True	True	True
5916	jonasschnelli	2015-03-17 13:00:59	luke-jr	2015-07-11 07:14:15	src/wallet/walletdb.h	True	True	True	True
5916	jonasschnelli	2015-03-17 13:00:59	luke-jr	2015-07-11 07:14:15	src/wallet/wallet.cpp	True	True	True	True
5916	jonasschnelli	2015-03-17 13:00:59	luke-jr	2015-06-02 01:46:33	src/wallet/walletdb.h	False	True	True	True
5916	jonasschnelli	2015-03-17 13:00:59	luke-jr	2015-06-02 01:46:33	src/wallet/walletdb.h	True	True	True	True
5916	jonasschnelli	2015-03-17 13:00:59	luke-jr	2015-07-11 07:14:15	src/wallet/rpcwallet.cpp	True	True	True	True
5916	jonasschnelli	2015-03-17 13:00:59	luke-jr	2015-06-02 01:46:33	src/wallet/rpcdump.cpp	False	True	True	True
5916	jonasschnelli	2015-03-17 13:00:59	laanwj	2015-07-21 10:56:42	src/wallet/walletdb.h	True	True	True	True
5916	jonasschnelli	2015-03-17 13:00:59	laanwj	2015-07-21 10:56:42	src/wallet/wallet.h	False	True	True	True
5916	jonasschnelli	2015-03-17 13:00:59	luke-jr	2015-06-02 01:46:33	src/wallet/rpcwallet.cpp	False	True	True	True
5916	jonasschnelli	2015-03-17 13:00:59	laanwj	2015-07-21 10:56:42	src/wallet/wallet.cpp	False	True	True	True
5916	jonasschnelli	2015-03-17 13:00:59	laanwj	2015-07-21 10:56:42	src/wallet/rpcwallet.cpp	False	True	True	True
5916	jonasschnelli	2015-03-17 13:00:59	laanwj	2015-07-21 10:56:42	src/wallet/walletdb.h	False	True	True	True
5916	jonasschnelli	2015-03-17 13:00:59	laanwj	2015-07-21 10:56:42	src/wallet/rpcdump.cpp	False	True	True	True
5916	jonasschnelli	2015-03-17 13:00:59	laanwj	2015-07-21 10:56:42	src/wallet/wallet.cpp	True	True	True	True
5916	jonasschnelli	2015-03-17 13:00:59	laanwj	2015-07-21 10:56:42	src/wallet/rpcwallet.cpp	True	True	True	True
5916	jonasschnelli	2015-03-17 13:00:59	laanwj	2015-07-21 10:56:42	src/wallet/rpcdump.cpp	True	True	True	True
5916	jonasschnelli	2015-03-17 13:00:59	luke-jr	2015-06-02 01:46:33	src/wallet/wallet.h	False	True	True	True
5916	jonasschnelli	2015-03-17 13:00:59	luke-jr	2015-06-02 01:46:33	src/wallet/wallet.cpp	False	True	True	True
5905	jonasschnelli	2015-03-15 15:44:59	Diapolo	2015-03-16 10:11:42	src/qt/walletmodeltransaction.h	True	True	True	True
5905	jonasschnelli	2015-03-15 15:44:59	Diapolo	2015-03-16 10:11:42	src/qt/forms/sendcoinsdialog.ui	True	True	True	True
5905	jonasschnelli	2015-03-15 15:44:59	Diapolo	2015-03-16 10:11:42	src/qt/forms/sendcoinsentry.ui	True	True	True	True
5905	jonasschnelli	2015-03-15 15:44:59	Diapolo	2015-03-16 10:11:42	src/qt/sendcoinsdialog.cpp	True	True	True	True
5905	jonasschnelli	2015-03-15 15:44:59	Diapolo	2015-03-16 10:11:42	src/qt/walletmodeltransaction.cpp	True	True	True	True
5905	jonasschnelli	2015-03-15 15:44:59	Diapolo	2015-03-26 14:46:48	src/qt/sendcoinsdialog.cpp	True	True	True	True
5905	jonasschnelli	2015-03-15 15:44:59	Diapolo	2015-03-26 14:46:48	src/qt/forms/sendcoinsdialog.ui	True	True	True	True
5905	jonasschnelli	2015-03-15 15:44:59	Diapolo	2015-03-26 14:46:48	src/qt/forms/sendcoinsentry.ui	True	True	True	True
5905	jonasschnelli	2015-03-15 15:44:59	Diapolo	2015-03-26 14:46:48	src/qt/walletmodeltransaction.cpp	True	True	True	True
5905	jonasschnelli	2015-03-15 15:44:59	Diapolo	2015-03-26 14:46:48	src/qt/walletmodeltransaction.h	True	True	True	True
5900	sipa	2015-03-14 17:30:45	sdaftuar	2015-04-01 14:59:16	src/test/test_bitcoin.cpp	True	True	True	True
5900	sipa	2015-03-14 17:30:45	sdaftuar	2015-04-01 14:59:16	src/main.h	True	True	True	True
5900	sipa	2015-03-14 17:30:45	sdaftuar	2015-04-01 14:59:16	src/main.cpp	True	True	True	True
5900	sipa	2015-03-14 17:30:45	sdaftuar	2015-04-01 14:59:16	src/init.cpp	True	True	True	True
5900	sipa	2015-03-14 17:30:45	sdaftuar	2015-04-01 14:59:16	src/chainparams.h	True	True	True	True
5900	sipa	2015-03-14 17:30:45	sdaftuar	2015-04-01 14:59:16	src/chainparams.cpp	True	True	True	True
5880	jonasschnelli	2015-03-11 23:15:38	laanwj	2015-03-12 09:45:43	src/qt/macdockiconhandler.mm	True	True	True	True
5880	jonasschnelli	2015-03-11 23:15:38	laanwj	2015-03-12 09:45:43	src/qt/macdockiconhandler.mm	False	True	True	True
5880	jonasschnelli	2015-03-11 23:15:38	laanwj	2015-03-12 09:45:43	src/qt/macdockiconhandler.h	False	True	True	True
5880	jonasschnelli	2015-03-11 23:15:38	laanwj	2015-03-12 09:45:43	src/qt/bitcoingui.cpp	False	True	True	True
5877	dexX7	2015-03-11 15:34:10	laanwj	2015-03-11 16:42:22	src/util.cpp	True	True	True	True
5876	mikehearn	2015-03-10 18:34:30	jonasschnelli	2015-03-15 16:54:56	src/protocol.h	True	True	True	True
5876	mikehearn	2015-03-10 18:34:30	jonasschnelli	2015-03-15 16:54:56	src/qt/guiutil.cpp	True	True	True	True
5875	sdaftuar	2015-03-10 17:49:32	gavinandresen	2015-03-18 18:27:39	src/test/miner_tests.cpp	False	True	True	True
5875	sdaftuar	2015-03-10 17:49:32	gavinandresen	2015-03-18 18:27:39	src/main.cpp	False	True	True	True
5875	sdaftuar	2015-03-10 17:49:32	sipa	2015-03-12 13:08:41	qa/rpc-tests/p2p-acceptblock.py	False	True	True	True
5875	sdaftuar	2015-03-10 17:49:32	sipa	2015-03-12 13:08:41	qa/pull-tester/rpc-tests.sh	False	True	True	True
5875	sdaftuar	2015-03-10 17:49:32	sipa	2015-03-12 13:08:41	src/test/miner_tests.cpp	False	True	True	True
5875	sdaftuar	2015-03-10 17:49:32	sipa	2015-03-12 13:08:41	src/rpcmining.cpp	False	True	True	True
5875	sdaftuar	2015-03-10 17:49:32	sipa	2015-03-12 13:08:41	src/miner.cpp	False	True	True	True
5875	sdaftuar	2015-03-10 17:49:32	sipa	2015-03-12 13:08:41	src/main.h	False	True	True	True
5875	sdaftuar	2015-03-10 17:49:32	sipa	2015-03-12 13:08:41	src/main.cpp	False	True	True	True
5875	sdaftuar	2015-03-10 17:49:32	gavinandresen	2015-03-18 18:27:39	qa/rpc-tests/p2p-acceptblock.py	False	True	True	True
5875	sdaftuar	2015-03-10 17:49:32	gavinandresen	2015-03-18 18:27:39	qa/pull-tester/rpc-tests.sh	False	True	True	True
5875	sdaftuar	2015-03-10 17:49:32	gavinandresen	2015-03-18 18:27:39	src/rpcmining.cpp	False	True	True	True
5875	sdaftuar	2015-03-10 17:49:32	gavinandresen	2015-03-18 18:27:39	src/miner.cpp	False	True	True	True
5875	sdaftuar	2015-03-10 17:49:32	gavinandresen	2015-03-18 18:27:39	src/main.h	False	True	True	True
5864	theuni	2015-03-07 01:48:08	laanwj	2015-03-09 08:26:57	src/main.cpp	True	True	True	True
5863	sdaftuar	2015-03-06 22:40:58	fanquake	2015-03-08 07:09:18	qa/rpc-tests/util.py	True	True	True	True
5863	sdaftuar	2015-03-06 22:40:58	sipa	2015-03-07 13:17:45	qa/rpc-tests/util.py	True	True	True	True
5863	sdaftuar	2015-03-06 22:40:58	sipa	2015-03-07 13:17:45	qa/rpc-tests/pruning.py	True	True	True	True
5863	sdaftuar	2015-03-06 22:40:58	fanquake	2015-03-08 07:09:18	src/main.h	True	True	True	True
5863	sdaftuar	2015-03-06 22:40:58	fanquake	2015-03-08 07:09:18	src/main.cpp	True	True	True	True
5863	sdaftuar	2015-03-06 22:40:58	fanquake	2015-03-08 07:09:18	src/init.cpp	True	True	True	True
5863	sdaftuar	2015-03-06 22:40:58	fanquake	2015-03-08 07:09:18	src/chainparams.h	True	True	True	True
5863	sdaftuar	2015-03-06 22:40:58	fanquake	2015-03-08 07:09:18	src/chainparams.cpp	True	True	True	True
5863	sdaftuar	2015-03-06 22:40:58	sipa	2015-03-07 13:17:45	src/chainparams.h	True	True	True	True
5863	sdaftuar	2015-03-06 22:40:58	fanquake	2015-03-08 07:09:18	qa/rpc-tests/pruning.py	True	True	True	True
5863	sdaftuar	2015-03-06 22:40:58	sipa	2015-03-07 13:20:20	src/main.h	True	True	True	True
5863	sdaftuar	2015-03-06 22:40:58	sipa	2015-03-07 13:20:20	src/main.cpp	True	True	True	True
5863	sdaftuar	2015-03-06 22:40:58	sipa	2015-03-07 13:20:20	src/init.cpp	True	True	True	True
5863	sdaftuar	2015-03-06 22:40:58	sipa	2015-03-07 13:20:20	src/chainparams.h	True	True	True	True
5863	sdaftuar	2015-03-06 22:40:58	sipa	2015-03-07 13:20:20	src/chainparams.cpp	True	True	True	True
5863	sdaftuar	2015-03-06 22:40:58	sipa	2015-03-07 13:20:20	qa/rpc-tests/util.py	True	True	True	True
5863	sdaftuar	2015-03-06 22:40:58	sipa	2015-03-07 13:17:45	src/chainparams.cpp	True	True	True	True
5863	sdaftuar	2015-03-06 22:40:58	sipa	2015-03-07 13:20:20	qa/rpc-tests/pruning.py	True	True	True	True
5863	sdaftuar	2015-03-06 22:40:58	sipa	2015-03-07 13:17:45	src/init.cpp	True	True	True	True
5863	sdaftuar	2015-03-06 22:40:58	sipa	2015-03-07 13:22:20	qa/rpc-tests/pruning.py	True	True	True	True
5863	sdaftuar	2015-03-06 22:40:58	sipa	2015-03-07 13:22:20	src/main.h	True	True	True	True
5863	sdaftuar	2015-03-06 22:40:58	sipa	2015-03-07 13:22:20	src/main.cpp	True	True	True	True
5863	sdaftuar	2015-03-06 22:40:58	sipa	2015-03-07 13:22:20	src/init.cpp	True	True	True	True
5863	sdaftuar	2015-03-06 22:40:58	sipa	2015-03-07 13:22:20	src/chainparams.h	True	True	True	True
5863	sdaftuar	2015-03-06 22:40:58	sipa	2015-03-07 13:22:20	src/chainparams.cpp	True	True	True	True
5863	sdaftuar	2015-03-06 22:40:58	sipa	2015-03-07 13:22:20	qa/rpc-tests/util.py	True	True	True	True
5863	sdaftuar	2015-03-06 22:40:58	sipa	2015-03-07 13:20:06	src/main.h	True	True	True	True
5863	sdaftuar	2015-03-06 22:40:58	sipa	2015-03-07 13:20:06	src/main.cpp	True	True	True	True
5863	sdaftuar	2015-03-06 22:40:58	sipa	2015-03-07 13:20:06	src/init.cpp	True	True	True	True
5863	sdaftuar	2015-03-06 22:40:58	sipa	2015-03-07 13:20:06	src/chainparams.h	True	True	True	True
5863	sdaftuar	2015-03-06 22:40:58	sipa	2015-03-07 13:20:06	src/chainparams.cpp	True	True	True	True
5863	sdaftuar	2015-03-06 22:40:58	sipa	2015-03-07 13:20:06	qa/rpc-tests/util.py	True	True	True	True
5863	sdaftuar	2015-03-06 22:40:58	sipa	2015-03-07 13:20:06	qa/rpc-tests/pruning.py	True	True	True	True
5863	sdaftuar	2015-03-06 22:40:58	sipa	2015-03-07 13:17:45	src/main.h	True	True	True	True
5863	sdaftuar	2015-03-06 22:40:58	sipa	2015-03-07 13:17:45	src/main.cpp	True	True	True	True
5847	joshrabinowitz	2015-03-03 07:00:49	luke-jr	2015-03-03 15:49:32	contrib/init/bitcoind.init	False	True	True	True
5847	joshrabinowitz	2015-03-03 07:00:49	luke-jr	2015-03-03 15:49:32	contrib/init/README.md	False	True	True	True
5847	joshrabinowitz	2015-03-03 07:00:49	luke-jr	2015-03-03 15:49:32	doc/init.md	False	True	True	True
5843	sipa	2015-03-01 11:59:55	laanwj	2015-03-03 07:41:01	src/net.h	False	True	True	True
5843	sipa	2015-03-01 11:59:55	laanwj	2015-03-03 07:41:01	src/net.cpp	False	True	True	True
