pr_number	author_user_login	pr_created_at	review_comment_user_login	review_comment_created_at	is_review_review_comment
15069	Empact	2018-12-31 22:52:28	MarcoFalke	2019-01-01 12:07:27	True
15068	luke-jr	2018-12-31 06:20:15	hebasto	2019-01-09 22:49:30	True
15068	luke-jr	2018-12-31 06:20:15	hebasto	2019-01-09 22:40:20	True
15068	luke-jr	2018-12-31 06:20:15	hebasto	2019-01-09 22:59:51	True
15068	luke-jr	2018-12-31 06:20:15	hebasto	2019-01-09 22:56:43	True
15068	luke-jr	2018-12-31 06:20:15	hebasto	2019-01-09 22:54:30	True
15064	luke-jr	2018-12-30 10:59:40	practicalswift	2018-12-30 23:50:02	True
15063	luke-jr	2018-12-30 10:58:53	MarcoFalke	2019-02-11 23:24:04	True
15063	luke-jr	2018-12-30 10:58:53	Empact	2018-12-30 23:07:16	True
15063	luke-jr	2018-12-30 10:58:53	fanquake	2018-12-31 03:03:49	True
15063	luke-jr	2018-12-30 10:58:53	MarcoFalke	2019-02-11 16:47:09	True
15063	luke-jr	2018-12-30 10:58:53	MarcoFalke	2019-02-11 23:23:16	True
15057	MarcoFalke	2018-12-29 16:22:45	promag	2019-01-02 21:06:25	True
15057	MarcoFalke	2018-12-29 16:22:45	promag	2019-01-02 21:07:10	True
15057	MarcoFalke	2018-12-29 16:22:45	promag	2019-01-03 11:18:04	True
15057	MarcoFalke	2018-12-29 16:22:45	promag	2019-01-02 21:04:18	True
15052	mmachicao	2018-12-28 17:41:26	practicalswift	2018-12-29 17:07:12	True
15052	mmachicao	2018-12-28 17:41:26	practicalswift	2018-12-29 17:07:33	True
15052	mmachicao	2018-12-28 17:41:26	practicalswift	2018-12-29 17:08:10	True
15052	mmachicao	2018-12-28 17:41:26	practicalswift	2018-12-29 17:12:45	True
15052	mmachicao	2018-12-28 17:41:26	practicalswift	2018-12-29 17:08:57	True
15052	mmachicao	2018-12-28 17:41:26	practicalswift	2018-12-29 17:11:29	True
15052	mmachicao	2018-12-28 17:41:26	practicalswift	2018-12-29 17:09:20	True
15052	mmachicao	2018-12-28 17:41:26	practicalswift	2018-12-29 17:11:56	True
15052	mmachicao	2018-12-28 17:41:26	practicalswift	2018-12-29 17:08:20	True
15052	mmachicao	2018-12-28 17:41:26	practicalswift	2018-12-29 16:59:10	True
15052	mmachicao	2018-12-28 17:41:26	practicalswift	2018-12-29 17:01:31	True
15052	mmachicao	2018-12-28 17:41:26	practicalswift	2018-12-29 17:06:47	True
15052	mmachicao	2018-12-28 17:41:26	practicalswift	2018-12-29 17:00:33	True
15051	mmachicao	2018-12-28 15:33:35	promag	2018-12-31 01:04:16	True
15051	mmachicao	2018-12-28 15:33:35	promag	2019-01-04 23:13:26	True
15045	jl2012	2018-12-27 19:29:06	practicalswift	2018-12-28 10:42:04	True
15044	mmachicao	2018-12-27 19:27:42	MarcoFalke	2018-12-28 11:35:36	True
15044	mmachicao	2018-12-27 19:27:42	MarcoFalke	2018-12-27 19:34:28	True
15043	MarcoFalke	2018-12-27 16:59:46	practicalswift	2019-01-28 19:08:47	True
15043	MarcoFalke	2018-12-27 16:59:46	practicalswift	2018-12-28 10:35:37	True
15043	MarcoFalke	2018-12-27 16:59:46	practicalswift	2018-12-28 10:33:35	True
15043	MarcoFalke	2018-12-27 16:59:46	fanquake	2018-12-28 10:46:05	True
15043	MarcoFalke	2018-12-27 16:59:46	practicalswift	2018-12-28 10:36:57	True
15043	MarcoFalke	2018-12-27 16:59:46	ryanofsky	2019-01-30 18:38:06	True
15043	MarcoFalke	2018-12-27 16:59:46	Crypt-iQ	2019-01-04 16:11:27	True
15043	MarcoFalke	2018-12-27 16:59:46	ryanofsky	2019-01-30 18:43:37	True
15040	hebasto	2018-12-26 20:27:09	promag	2019-01-04 23:10:02	True
15040	hebasto	2018-12-26 20:27:09	promag	2019-01-14 22:47:22	True
15040	hebasto	2018-12-26 20:27:09	promag	2019-01-14 22:47:48	True
15039	MarcoFalke	2018-12-26 15:07:42	laanwj	2019-01-04 08:30:29	True
15039	MarcoFalke	2018-12-26 15:07:42	luke-jr	2018-12-26 22:37:57	True
15039	MarcoFalke	2018-12-26 15:07:42	Empact	2018-12-27 00:27:25	True
15039	MarcoFalke	2018-12-26 15:07:42	meshcollider	2019-01-03 10:45:10	True
15038	hebasto	2018-12-26 13:55:50	luke-jr	2018-12-26 21:06:21	True
15038	hebasto	2018-12-26 13:55:50	luke-jr	2018-12-26 14:11:01	True
15036		2018-12-26 05:22:30			
15032	meshcollider	2018-12-24 12:13:52	jnewbery	2019-02-05 16:26:27	True
15032	meshcollider	2018-12-24 12:13:52	practicalswift	2018-12-26 11:12:51	True
15032	meshcollider	2018-12-24 12:13:52	promag	2018-12-26 16:42:59	True
15032	meshcollider	2018-12-24 12:13:52	benthecarman	2019-01-06 08:08:53	True
15032	meshcollider	2018-12-24 12:13:52	promag	2018-12-26 16:52:03	True
15032	meshcollider	2018-12-24 12:13:52	MarcoFalke	2018-12-28 11:31:11	True
15032	meshcollider	2018-12-24 12:13:52	ryanofsky	2019-01-02 20:06:32	True
15032	meshcollider	2018-12-24 12:13:52	sipa	2018-12-27 12:44:20	True
15032	meshcollider	2018-12-24 12:13:52	ryanofsky	2019-01-02 20:25:20	True
15032	meshcollider	2018-12-24 12:13:52	promag	2019-01-02 11:08:29	True
15032	meshcollider	2018-12-24 12:13:52	jnewbery	2019-01-14 19:43:39	True
15032	meshcollider	2018-12-24 12:13:52	jnewbery	2019-01-31 16:13:48	True
15032	meshcollider	2018-12-24 12:13:52	ryanofsky	2019-02-04 20:00:01	True
15032	meshcollider	2018-12-24 12:13:52	ryanofsky	2019-01-02 20:11:50	True
15031	canselcik	2018-12-24 08:43:50	hebasto	2018-12-26 14:48:50	True
15028	RandyMcMillan	2018-12-22 21:49:38	MarcoFalke	2018-12-22 21:53:45	True
15024	meshcollider	2018-12-21 22:30:37	ariard	2019-05-10 01:05:55	True
15024	meshcollider	2018-12-21 22:30:37	ryanofsky	2019-06-06 09:14:30	True
15024	meshcollider	2018-12-21 22:30:37	jnewbery	2019-05-02 21:36:40	True
15024	meshcollider	2018-12-21 22:30:37	jnewbery	2019-05-02 21:36:00	True
15022	gkrizek	2018-12-21 21:16:24	Empact	2018-12-27 00:19:41	True
15020	gkrizek	2018-12-21 18:51:59	fanquake	2019-01-03 03:45:30	True
15020	gkrizek	2018-12-21 18:51:59	fanquake	2019-01-03 03:40:36	True
15020	gkrizek	2018-12-21 18:51:59	MarcoFalke	2019-01-03 10:44:02	True
15020	gkrizek	2018-12-21 18:51:59	laanwj	2019-01-03 13:12:11	True
15020	gkrizek	2018-12-21 18:51:59	scravy	2018-12-21 19:07:21	True
15020	gkrizek	2018-12-21 18:51:59	scravy	2018-12-21 19:06:07	True
15020	gkrizek	2018-12-21 18:51:59	fanquake	2019-01-03 03:38:21	True
15020	gkrizek	2018-12-21 18:51:59	fanquake	2019-01-03 03:40:19	True
15010	jnewbery	2018-12-20 16:20:09	luke-jr	2018-12-28 03:00:28	True
15006	achow101	2018-12-19 21:35:45	Sjors	2019-02-15 15:14:52	True
15006	achow101	2018-12-19 21:35:45	promag	2019-04-30 14:32:08	True
15006	achow101	2018-12-19 21:35:45	promag	2019-04-02 14:12:07	True
15006	achow101	2018-12-19 21:35:45	promag	2019-04-14 19:58:52	True
15006	achow101	2018-12-19 21:35:45	promag	2019-04-14 19:59:28	True
15006	achow101	2018-12-19 21:35:45	jnewbery	2019-05-02 21:07:33	True
15006	achow101	2018-12-19 21:35:45	promag	2019-04-30 14:32:35	True
15006	achow101	2018-12-19 21:35:45	jnewbery	2019-05-02 20:59:44	True
15006	achow101	2018-12-19 21:35:45	jnewbery	2019-05-02 21:14:08	True
15006	achow101	2018-12-19 21:35:45	jnewbery	2019-05-02 21:14:29	True
15006	achow101	2018-12-19 21:35:45	jnewbery	2019-05-02 21:14:40	True
15006	achow101	2018-12-19 21:35:45	jnewbery	2019-01-31 21:51:21	True
15006	achow101	2018-12-19 21:35:45	ryanofsky	2019-03-19 15:28:35	True
15006	achow101	2018-12-19 21:35:45	Sjors	2019-02-15 15:17:59	True
15006	achow101	2018-12-19 21:35:45	Sjors	2019-02-15 15:11:46	True
15006	achow101	2018-12-19 21:35:45	Sjors	2019-02-15 15:18:41	True
15006	achow101	2018-12-19 21:35:45	Sjors	2019-01-31 20:29:09	True
15006	achow101	2018-12-19 21:35:45	laanwj	2019-01-31 13:14:42	True
15006	achow101	2018-12-19 21:35:45	practicalswift	2018-12-21 08:50:31	True
15006	achow101	2018-12-19 21:35:45	Sjors	2018-12-21 11:48:27	True
15006	achow101	2018-12-19 21:35:45	laanwj	2019-01-31 13:12:14	True
15006	achow101	2018-12-19 21:35:45	MarcoFalke	2019-02-12 23:51:45	True
14998	Empact	2018-12-18 23:18:45	MarcoFalke	2018-12-28 14:59:24	True
14998	Empact	2018-12-18 23:18:45	MarcoFalke	2018-12-22 15:24:35	True
14998	Empact	2018-12-18 23:18:45	MarcoFalke	2019-01-03 23:09:31	True
14998	Empact	2018-12-18 23:18:45	MarcoFalke	2018-12-29 14:33:58	True
14998	Empact	2018-12-18 23:18:45	MarcoFalke	2019-01-04 11:18:58	True
14998	Empact	2018-12-18 23:18:45	MarcoFalke	2018-12-28 15:01:34	True
14998	Empact	2018-12-18 23:18:45	MarcoFalke	2019-01-15 16:57:36	True
14998	Empact	2018-12-18 23:18:45	fanquake	2019-01-03 23:42:54	True
14993	practicalswift	2018-12-18 11:50:33	MarcoFalke	2018-12-18 17:36:44	True
14993	practicalswift	2018-12-18 11:50:33	promag	2018-12-18 14:36:35	True
14990	hebasto	2018-12-18 05:55:18	jonasschnelli	2018-12-18 06:11:44	True
14990	hebasto	2018-12-18 05:55:18	laanwj	2018-12-18 07:47:29	True
14988	benthecarman	2018-12-17 23:37:25	promag	2019-03-24 10:57:20	True
14987	MarcoFalke	2018-12-17 21:29:59	promag	2018-12-18 15:01:47	True
14987	MarcoFalke	2018-12-17 21:29:59	practicalswift	2018-12-18 15:55:37	True
14987	MarcoFalke	2018-12-17 21:29:59	promag	2018-12-18 16:00:34	True
14987	MarcoFalke	2018-12-17 21:29:59	promag	2018-12-18 17:50:47	True
14987	MarcoFalke	2018-12-17 21:29:59	practicalswift	2018-12-21 07:08:31	True
14985	MarcoFalke	2018-12-17 15:39:41	laanwj	2018-12-17 16:40:53	True
14985	MarcoFalke	2018-12-17 15:39:41	promag	2018-12-18 15:11:33	True
14984	promag	2018-12-17 15:36:44	MarcoFalke	2019-02-21 16:31:59	True
14982	promag	2018-12-17 13:57:43	practicalswift	2018-12-18 15:53:29	True
14982	promag	2018-12-17 13:57:43	MarcoFalke	2018-12-21 15:24:16	True
14982	promag	2018-12-17 13:57:43	jonasschnelli	2018-12-19 05:48:10	True
14982	promag	2018-12-17 13:57:43	Empact	2018-12-18 07:43:12	True
14982	promag	2018-12-17 13:57:43	Empact	2018-12-18 07:44:28	True
14982	promag	2018-12-17 13:57:43	practicalswift	2018-12-18 15:53:03	True
14982	promag	2018-12-17 13:57:43	instagibbs	2018-12-21 15:07:04	True
14981	benthecarman	2018-12-17 12:38:55	laanwj	2018-12-17 12:58:58	True
14978	gwillen	2018-12-17 02:52:20	practicalswift	2018-12-17 17:13:01	True
14978	gwillen	2018-12-17 02:52:20	promag	2018-12-17 17:09:02	True
14978	gwillen	2018-12-17 02:52:20	promag	2019-01-16 10:16:35	True
14978	gwillen	2018-12-17 02:52:20	promag	2019-01-16 10:10:05	True
14978	gwillen	2018-12-17 02:52:20	promag	2019-01-16 10:09:33	True
14978	gwillen	2018-12-17 02:52:20	promag	2019-01-16 10:03:37	True
14978	gwillen	2018-12-17 02:52:20	promag	2019-01-16 10:01:47	True
14978	gwillen	2018-12-17 02:52:20	practicalswift	2018-12-17 11:57:12	True
14978	gwillen	2018-12-17 02:52:20	achow101	2019-01-09 18:54:03	True
14978	gwillen	2018-12-17 02:52:20	promag	2019-01-16 10:20:11	True
14978	gwillen	2018-12-17 02:52:20	promag	2019-01-16 11:04:13	True
14978	gwillen	2018-12-17 02:52:20	achow101	2019-01-09 18:22:01	True
14978	gwillen	2018-12-17 02:52:20	Sjors	2019-01-18 17:45:42	True
14978	gwillen	2018-12-17 02:52:20	Sjors	2019-01-24 13:46:44	True
14978	gwillen	2018-12-17 02:52:20	promag	2019-01-16 10:56:18	True
14978	gwillen	2018-12-17 02:52:20	promag	2019-01-16 10:48:18	True
14978	gwillen	2018-12-17 02:52:20	sipa	2019-01-17 00:11:44	True
14978	gwillen	2018-12-17 02:52:20	sipa	2019-01-17 00:21:12	True
14978	gwillen	2018-12-17 02:52:20	sipa	2019-01-17 00:16:14	True
14978	gwillen	2018-12-17 02:52:20	Sjors	2019-01-18 17:56:36	True
14978	gwillen	2018-12-17 02:52:20	Sjors	2019-01-18 17:58:27	True
14978	gwillen	2018-12-17 02:52:20	Sjors	2019-01-18 18:01:54	True
14978	gwillen	2018-12-17 02:52:20	Sjors	2019-01-18 18:03:38	True
14978	gwillen	2018-12-17 02:52:20	Sjors	2019-01-24 13:07:00	True
14978	gwillen	2018-12-17 02:52:20	promag	2019-01-16 10:50:12	True
14977	benthecarman	2018-12-16 21:47:52	promag	2018-12-17 14:46:34	True
14975		2018-12-16 18:42:16			
14974	benthecarman	2018-12-16 17:07:21	hebasto	2018-12-17 11:39:30	True
14974	benthecarman	2018-12-16 17:07:21	laanwj	2018-12-17 11:07:17	True
14973	murrayn	2018-12-16 12:11:09	sipsorcery	2018-12-17 15:45:57	True
14973	murrayn	2018-12-16 12:11:09	ken2812221	2018-12-17 14:34:49	True
14969	practicalswift	2018-12-15 09:51:56	sipa	2018-12-15 09:53:08	True
14966		2018-12-15 02:13:08			
14964		2018-12-14 23:14:38			
14963	MarcoFalke	2018-12-14 22:07:08	promag	2018-12-15 14:54:30	True
14963	MarcoFalke	2018-12-14 22:07:08	ryanofsky	2018-12-17 17:13:23	True
14963	MarcoFalke	2018-12-14 22:07:08	ryanofsky	2018-12-17 18:42:17	True
14963	MarcoFalke	2018-12-14 22:07:08	practicalswift	2019-01-05 16:36:13	True
14963	MarcoFalke	2018-12-14 22:07:08	practicalswift	2019-01-05 16:36:06	True
14963	MarcoFalke	2018-12-14 22:07:08	ryanofsky	2018-12-19 18:39:52	True
14963	MarcoFalke	2018-12-14 22:07:08	ryanofsky	2018-12-19 18:38:30	True
14963	MarcoFalke	2018-12-14 22:07:08	promag	2018-12-15 14:53:34	True
14963	MarcoFalke	2018-12-14 22:07:08	sdaftuar	2019-01-15 18:19:04	True
14963	MarcoFalke	2018-12-14 22:07:08	ryanofsky	2018-12-17 18:39:05	True
14963	MarcoFalke	2018-12-14 22:07:08	ch4ot1c	2018-12-15 02:56:37	True
14963	MarcoFalke	2018-12-14 22:07:08	promag	2018-12-15 14:53:20	True
14963	MarcoFalke	2018-12-14 22:07:08	ch4ot1c	2018-12-15 02:57:02	True
14961	ch4ot1c	2018-12-14 19:40:34	MarcoFalke	2018-12-14 19:56:17	True
14961	ch4ot1c	2018-12-14 19:40:34	meshcollider	2018-12-14 19:43:59	True
14960	luke-jr	2018-12-14 15:44:44	promag	2018-12-18 15:23:24	True
14960	luke-jr	2018-12-14 15:44:44	practicalswift	2018-12-16 17:35:31	True
14958	promag	2018-12-14 12:01:27	laanwj	2018-12-14 12:08:02	True
14958	promag	2018-12-14 12:01:27	MarcoFalke	2019-01-15 17:11:40	True
14957	Empact	2018-12-14 07:22:02	MarcoFalke	2018-12-17 18:17:50	True
14957	Empact	2018-12-14 07:22:02	promag	2018-12-17 15:14:32	True
14957	Empact	2018-12-14 07:22:02	MarcoFalke	2018-12-17 18:20:21	True
14957	Empact	2018-12-14 07:22:02	promag	2018-12-17 15:14:26	True
14957	Empact	2018-12-14 07:22:02	ryanofsky	2018-12-14 22:08:50	True
14957	Empact	2018-12-14 07:22:02	ryanofsky	2018-12-14 22:02:23	True
14956	bpay	2018-12-14 05:12:19	practicalswift	2019-01-05 16:38:04	True
14955	sipa	2018-12-14 03:02:58	practicalswift	2018-12-14 12:59:24	True
14955	sipa	2018-12-14 03:02:58	instagibbs	2019-01-09 16:52:25	True
14955	sipa	2018-12-14 03:02:58	instagibbs	2019-01-09 16:24:46	True
14955	sipa	2018-12-14 03:02:58	instagibbs	2019-01-09 16:23:15	True
14955	sipa	2018-12-14 03:02:58	gmaxwell	2018-12-20 10:56:41	True
14955	sipa	2018-12-14 03:02:58	gmaxwell	2018-12-21 01:28:11	True
14955	sipa	2018-12-14 03:02:58	practicalswift	2018-12-14 12:56:23	True
14955	sipa	2018-12-14 03:02:58	gmaxwell	2018-12-14 21:54:00	True
14955	sipa	2018-12-14 03:02:58	practicalswift	2018-12-19 09:56:19	True
14955	sipa	2018-12-14 03:02:58	gmaxwell	2018-12-14 22:00:40	True
14955	sipa	2018-12-14 03:02:58	practicalswift	2018-12-14 12:57:53	True
14955	sipa	2018-12-14 03:02:58	gmaxwell	2018-12-14 21:54:53	True
14955	sipa	2018-12-14 03:02:58	practicalswift	2018-12-14 12:55:30	True
14955	sipa	2018-12-14 03:02:58	gmaxwell	2018-12-14 21:49:14	True
14955	sipa	2018-12-14 03:02:58	practicalswift	2018-12-14 12:59:45	True
14955	sipa	2018-12-14 03:02:58	practicalswift	2018-12-14 12:54:51	True
14955	sipa	2018-12-14 03:02:58	gmaxwell	2018-12-22 01:43:00	True
14952	jnewbery	2018-12-13 17:46:37	practicalswift	2018-12-14 10:15:49	True
14952	jnewbery	2018-12-13 17:46:37	practicalswift	2018-12-14 10:15:07	True
14952	jnewbery	2018-12-13 17:46:37	practicalswift	2018-12-14 10:21:49	True
14951	MarcoFalke	2018-12-13 17:09:42	laanwj	2018-12-13 21:55:29	True
14947	practicalswift	2018-12-13 13:54:41	jnewbery	2018-12-13 15:11:54	True
14942	Empact	2018-12-13 00:31:12	kallewoof	2020-03-10 03:02:28	True
14942	Empact	2018-12-13 00:31:12	kallewoof	2020-03-10 03:05:11	True
14942	Empact	2018-12-13 00:31:12	practicalswift	2019-01-05 09:49:25	True
14942	Empact	2018-12-13 00:31:12	practicalswift	2019-01-07 09:07:23	True
14942	Empact	2018-12-13 00:31:12	theStack	2020-02-07 12:26:10	True
14942	Empact	2018-12-13 00:31:12	promag	2020-03-10 14:24:20	True
14942	Empact	2018-12-13 00:31:12	kallewoof	2020-03-10 04:56:04	True
14942	Empact	2018-12-13 00:31:12	kallewoof	2020-03-10 12:51:27	True
14942	Empact	2018-12-13 00:31:12	promag	2020-03-10 08:23:02	True
14942	Empact	2018-12-13 00:31:12	kallewoof	2020-03-10 02:56:18	True
14941	promag	2018-12-12 23:31:13	ryanofsky	2019-01-14 19:38:53	True
14941	promag	2018-12-12 23:31:13	ryanofsky	2019-01-03 22:24:32	True
14941	promag	2018-12-12 23:31:13	ryanofsky	2018-12-13 19:33:03	True
14941	promag	2018-12-12 23:31:13	ryanofsky	2018-12-18 19:50:58	True
14941	promag	2018-12-12 23:31:13	ryanofsky	2018-12-13 17:59:08	True
14941	promag	2018-12-12 23:31:13	ryanofsky	2018-12-13 18:10:39	True
14941	promag	2018-12-12 23:31:13	ryanofsky	2018-12-13 18:02:27	True
14941	promag	2018-12-12 23:31:13	ryanofsky	2018-12-18 20:24:17	True
14941	promag	2018-12-12 23:31:13	ryanofsky	2018-12-18 19:54:25	True
14941	promag	2018-12-12 23:31:13	ryanofsky	2018-12-18 20:07:25	True
14941	promag	2018-12-12 23:31:13	ryanofsky	2019-01-03 21:24:32	True
14941	promag	2018-12-12 23:31:13	ryanofsky	2019-01-03 21:07:53	True
14941	promag	2018-12-12 23:31:13	ryanofsky	2019-01-03 21:16:58	True
14941	promag	2018-12-12 23:31:13	jnewbery	2019-01-14 16:39:24	True
14939	lontivero	2018-12-12 17:35:08	MarcoFalke	2018-12-12 17:40:43	True
14938	Sjors	2018-12-12 17:02:33	practicalswift	2018-12-14 17:45:55	True
14938	Sjors	2018-12-12 17:02:33	achow101	2018-12-19 17:46:40	True
14938	Sjors	2018-12-12 17:02:33	promag	2018-12-12 22:01:01	True
14938	Sjors	2018-12-12 17:02:33	promag	2018-12-12 22:02:56	True
14938	Sjors	2018-12-12 17:02:33	promag	2018-12-12 22:07:05	True
14938	Sjors	2018-12-12 17:02:33	promag	2018-12-12 22:08:48	True
14938	Sjors	2018-12-12 17:02:33	practicalswift	2018-12-14 10:10:26	True
14938	Sjors	2018-12-12 17:02:33	achow101	2018-12-19 17:44:16	True
14938	Sjors	2018-12-12 17:02:33	jnewbery	2018-12-20 19:27:00	True
14938	Sjors	2018-12-12 17:02:33	Empact	2018-12-20 22:26:57	True
14938	Sjors	2018-12-12 17:02:33	laanwj	2019-01-02 12:49:05	True
14938	Sjors	2018-12-12 17:02:33	achow101	2019-01-07 16:19:10	True
14938	Sjors	2018-12-12 17:02:33	ryanofsky	2019-01-18 16:59:04	True
14934	Sjors	2018-12-12 09:09:46	sipa	2019-01-27 00:12:26	True
14934	Sjors	2018-12-12 09:09:46	flack	2018-12-12 11:01:27	True
14932	MarcoFalke	2018-12-12 02:52:51	ken2812221	2018-12-13 04:49:49	True
14929	gmaxwell	2018-12-11 21:14:26	Sjors	2019-01-24 19:58:00	True
14929	gmaxwell	2018-12-11 21:14:26	promag	2018-12-12 16:15:49	True
14929	gmaxwell	2018-12-11 21:14:26	promag	2018-12-11 21:32:08	True
14929	gmaxwell	2018-12-11 21:14:26	Sjors	2019-01-29 17:19:30	True
14929	gmaxwell	2018-12-11 21:14:26	sdaftuar	2019-01-07 21:35:39	True
14929	gmaxwell	2018-12-11 21:14:26	sdaftuar	2019-01-07 20:17:55	True
14929	gmaxwell	2018-12-11 21:14:26	sdaftuar	2019-01-07 20:10:44	True
14929	gmaxwell	2018-12-11 21:14:26	promag	2018-12-11 22:43:55	True
14929	gmaxwell	2018-12-11 21:14:26	promag	2018-12-12 16:14:52	True
14929	gmaxwell	2018-12-11 21:14:26	MarcoFalke	2019-01-14 15:40:38	True
14929	gmaxwell	2018-12-11 21:14:26	promag	2018-12-11 21:24:27	True
14929	gmaxwell	2018-12-11 21:14:26	promag	2018-12-11 21:29:36	True
14929	gmaxwell	2018-12-11 21:14:26	promag	2018-12-11 21:30:46	True
14929	gmaxwell	2018-12-11 21:14:26	promag	2018-12-11 21:25:01	True
14929	gmaxwell	2018-12-11 21:14:26	practicalswift	2018-12-12 08:04:07	True
14929	gmaxwell	2018-12-11 21:14:26	laanwj	2019-01-02 11:30:30	True
14929	gmaxwell	2018-12-11 21:14:26	promag	2018-12-11 21:25:17	True
14920	Empact	2018-12-11 06:00:57	theuni	2019-01-10 23:50:35	True
14920	Empact	2018-12-11 06:00:57	theuni	2019-01-22 23:22:18	True
14920	Empact	2018-12-11 06:00:57	vasild	2020-02-21 17:15:28	True
14920	Empact	2018-12-11 06:00:57	theuni	2019-01-22 23:16:38	True
14920	Empact	2018-12-11 06:00:57	theuni	2019-01-10 23:55:24	True
14920	Empact	2018-12-11 06:00:57	theuni	2019-01-10 23:52:44	True
14920	Empact	2018-12-11 06:00:57	theuni	2019-01-10 23:29:41	True
14920	Empact	2018-12-11 06:00:57	theuni	2019-01-10 23:57:59	True
14920	Empact	2018-12-11 06:00:57	theuni	2019-01-11 00:30:14	True
14920	Empact	2018-12-11 06:00:57	theuni	2019-01-10 23:43:05	True
14920	Empact	2018-12-11 06:00:57	theuni	2019-01-10 23:25:07	True
14918	MarcoFalke	2018-12-10 20:40:00	ryanofsky	2019-02-12 23:30:38	True
14914	emilengler	2018-12-10 17:42:09	promag	2018-12-11 21:03:10	True
14914	emilengler	2018-12-10 17:42:09	promag	2018-12-11 21:07:36	True
14914	emilengler	2018-12-10 17:42:09	MarcoFalke	2018-12-11 19:15:07	True
14914	emilengler	2018-12-10 17:42:09	promag	2018-12-11 21:06:17	True
14914	emilengler	2018-12-10 17:42:09	practicalswift	2018-12-11 15:19:08	True
14914	emilengler	2018-12-10 17:42:09	MarcoFalke	2018-12-11 19:54:21	True
14912	Sjors	2018-12-10 14:46:02	practicalswift	2018-12-18 16:50:51	True
14912	Sjors	2018-12-10 14:46:02	practicalswift	2018-12-18 16:52:53	True
14912	Sjors	2018-12-10 14:46:02	practicalswift	2018-12-18 16:38:57	True
14912	Sjors	2018-12-10 14:46:02	practicalswift	2018-12-18 16:53:15	True
14912	Sjors	2018-12-10 14:46:02	practicalswift	2018-12-18 16:57:56	True
14912	Sjors	2018-12-10 14:46:02	practicalswift	2018-12-18 16:55:41	True
14912	Sjors	2018-12-10 14:46:02	practicalswift	2018-12-18 16:58:46	True
14912	Sjors	2018-12-10 14:46:02	practicalswift	2018-12-18 16:53:47	True
14912	Sjors	2018-12-10 14:46:02	practicalswift	2018-12-18 16:48:58	True
14912	Sjors	2018-12-10 14:46:02	practicalswift	2018-12-18 16:42:48	True
14912	Sjors	2018-12-10 14:46:02	practicalswift	2018-12-18 16:23:17	True
14912	Sjors	2018-12-10 14:46:02	practicalswift	2018-12-18 16:43:39	True
14912	Sjors	2018-12-10 14:46:02	practicalswift	2018-12-18 16:50:23	True
14912	Sjors	2018-12-10 14:46:02	practicalswift	2018-12-18 16:38:09	True
14912	Sjors	2018-12-10 14:46:02	practicalswift	2018-12-18 16:31:09	True
14912	Sjors	2018-12-10 14:46:02	practicalswift	2018-12-18 16:47:38	True
14912	Sjors	2018-12-10 14:46:02	practicalswift	2018-12-18 16:29:39	True
14912	Sjors	2018-12-10 14:46:02	practicalswift	2018-12-18 16:19:33	True
14912	Sjors	2018-12-10 14:46:02	practicalswift	2018-12-18 16:47:04	True
14912	Sjors	2018-12-10 14:46:02	practicalswift	2018-12-18 16:44:29	True
14912	Sjors	2018-12-10 14:46:02	practicalswift	2018-12-18 16:22:38	True
14912	Sjors	2018-12-10 14:46:02	practicalswift	2018-12-18 16:43:54	True
14912	Sjors	2018-12-10 14:46:02	practicalswift	2018-12-18 16:24:28	True
14912	Sjors	2018-12-10 14:46:02	practicalswift	2018-12-18 16:20:53	True
14909	fanquake	2018-12-10 06:58:42	hebasto	2018-12-10 08:03:49	True
14909	fanquake	2018-12-10 06:58:42	hebasto	2018-12-10 07:50:30	True
14908	lucash-dev	2018-12-10 06:51:03	MarcoFalke	2018-12-10 16:16:37	True
14908	lucash-dev	2018-12-10 06:51:03	MarcoFalke	2018-12-10 16:17:01	True
14906	lucash-dev	2018-12-10 06:44:01	promag	2018-12-10 14:17:02	True
14906	lucash-dev	2018-12-10 06:44:01	promag	2018-12-10 14:17:10	True
14898	hosseinzoda	2018-12-08 11:54:36	hosseinamin	2018-12-13 18:47:49	True
14898	hosseinzoda	2018-12-08 11:54:36	MarcoFalke	2019-02-07 20:55:16	True
14898	hosseinzoda	2018-12-08 11:54:36	andrewtoth	2018-12-08 16:14:40	True
14898	hosseinzoda	2018-12-08 11:54:36	practicalswift	2018-12-12 07:52:05	True
14898	hosseinzoda	2018-12-08 11:54:36	practicalswift	2019-05-23 07:41:26	True
14898	hosseinzoda	2018-12-08 11:54:36	practicalswift	2018-12-10 21:27:59	True
14898	hosseinzoda	2018-12-08 11:54:36	practicalswift	2018-12-10 21:28:42	True
14898	hosseinzoda	2018-12-08 11:54:36	hosseinamin	2018-12-08 17:36:51	True
14898	hosseinzoda	2018-12-08 11:54:36	hosseinamin	2018-12-08 20:37:16	True
14898	hosseinzoda	2018-12-08 11:54:36	meshcollider	2018-12-08 19:53:31	True
14898	hosseinzoda	2018-12-08 11:54:36	practicalswift	2018-12-10 19:13:32	True
14898	hosseinzoda	2018-12-08 11:54:36	hosseinamin	2018-12-08 17:42:35	True
14897	naumenkogs	2018-12-08 04:12:48	sipa	2019-01-23 23:46:06	True
14897	naumenkogs	2018-12-08 04:12:48	practicalswift	2019-01-07 14:33:40	True
14897	naumenkogs	2018-12-08 04:12:48	sdaftuar	2018-12-18 20:06:17	True
14897	naumenkogs	2018-12-08 04:12:48	sdaftuar	2018-12-18 20:20:28	True
14897	naumenkogs	2018-12-08 04:12:48	sdaftuar	2018-12-18 20:22:54	True
14897	naumenkogs	2018-12-08 04:12:48	sdaftuar	2018-12-18 20:27:31	True
14897	naumenkogs	2018-12-08 04:12:48	sdaftuar	2018-12-18 20:28:07	True
14897	naumenkogs	2018-12-08 04:12:48	sipa	2019-01-23 22:58:52	True
14897	naumenkogs	2018-12-08 04:12:48	sipa	2019-01-23 22:58:13	True
14897	naumenkogs	2018-12-08 04:12:48	sipa	2019-01-23 22:59:40	True
14897	naumenkogs	2018-12-08 04:12:48	sipa	2019-01-23 23:01:34	True
14897	naumenkogs	2018-12-08 04:12:48	sipa	2019-01-23 23:16:46	True
14897	naumenkogs	2018-12-08 04:12:48	sdaftuar	2018-12-19 19:37:53	True
14897	naumenkogs	2018-12-08 04:12:48	TheBlueMatt	2018-12-19 18:10:47	True
14897	naumenkogs	2018-12-08 04:12:48	sdaftuar	2018-12-18 15:04:12	True
14897	naumenkogs	2018-12-08 04:12:48	ken2812221	2018-12-17 15:11:24	True
14897	naumenkogs	2018-12-08 04:12:48	sdaftuar	2018-12-18 15:19:55	True
14897	naumenkogs	2018-12-08 04:12:48	jonasschnelli	2018-12-09 23:05:49	True
14897	naumenkogs	2018-12-08 04:12:48	AM5800	2018-12-10 09:28:17	True
14897	naumenkogs	2018-12-08 04:12:48	AM5800	2018-12-10 09:29:44	True
14897	naumenkogs	2018-12-08 04:12:48	AM5800	2018-12-10 10:36:59	True
14897	naumenkogs	2018-12-08 04:12:48	AM5800	2018-12-10 11:00:09	True
14897	naumenkogs	2018-12-08 04:12:48	AM5800	2018-12-10 10:49:14	True
14897	naumenkogs	2018-12-08 04:12:48	sdaftuar	2018-12-18 14:49:10	True
14897	naumenkogs	2018-12-08 04:12:48	AM5800	2018-12-10 19:14:58	True
14897	naumenkogs	2018-12-08 04:12:48	sdaftuar	2018-12-18 14:53:12	True
14897	naumenkogs	2018-12-08 04:12:48	AM5800	2018-12-10 11:20:08	True
14890	MarcoFalke	2018-12-06 21:06:49	Empact	2018-12-06 21:10:19	True
14890	MarcoFalke	2018-12-06 21:06:49	Empact	2018-12-06 21:24:30	True
14886	jnewbery	2018-12-06 15:46:47	meshcollider	2018-12-09 02:47:10	True
14886	jnewbery	2018-12-06 15:46:47	ryanofsky	2018-12-11 16:52:36	True
14886	jnewbery	2018-12-06 15:46:47	practicalswift	2018-12-07 20:15:40	True
14886	jnewbery	2018-12-06 15:46:47	practicalswift	2018-12-07 20:14:50	True
14886	jnewbery	2018-12-06 15:46:47	meshcollider	2018-12-09 01:06:30	True
14886	jnewbery	2018-12-06 15:46:47	meshcollider	2018-12-09 01:08:26	True
14886	jnewbery	2018-12-06 15:46:47	meshcollider	2018-12-09 02:50:19	True
14886	jnewbery	2018-12-06 15:46:47	meshcollider	2018-12-09 02:29:01	True
14886	jnewbery	2018-12-06 15:46:47	meshcollider	2018-12-09 02:38:13	True
14886	jnewbery	2018-12-06 15:46:47	meshcollider	2018-12-09 02:45:27	True
14886	jnewbery	2018-12-06 15:46:47	meshcollider	2018-12-09 02:47:18	True
14886	jnewbery	2018-12-06 15:46:47	meshcollider	2018-12-09 02:23:07	True
14886	jnewbery	2018-12-06 15:46:47	MarcoFalke	2018-12-11 18:57:55	True
14886	jnewbery	2018-12-06 15:46:47	ryanofsky	2018-12-11 16:58:05	True
14886	jnewbery	2018-12-06 15:46:47	ryanofsky	2018-12-11 16:28:06	True
14886	jnewbery	2018-12-06 15:46:47	ryanofsky	2018-12-11 16:30:40	True
14886	jnewbery	2018-12-06 15:46:47	ryanofsky	2018-12-11 16:44:11	True
14886	jnewbery	2018-12-06 15:46:47	ryanofsky	2018-12-11 16:45:52	True
14885	promag	2018-12-06 15:43:09	MarcoFalke	2018-12-06 16:27:08	True
14884	Sjors	2018-12-06 14:50:37	MarcoFalke	2018-12-06 16:28:44	True
14884	Sjors	2018-12-06 14:50:37	MarcoFalke	2018-12-06 16:46:33	True
14884	Sjors	2018-12-06 14:50:37	MarcoFalke	2018-12-06 19:28:06	True
14881	mmachicao	2018-12-06 03:55:05	practicalswift	2018-12-07 20:25:45	True
14881	mmachicao	2018-12-06 03:55:05	Empact	2018-12-06 08:56:23	True
14881	mmachicao	2018-12-06 03:55:05	practicalswift	2018-12-07 20:21:10	True
14881	mmachicao	2018-12-06 03:55:05	practicalswift	2018-12-07 20:21:33	True
14881	mmachicao	2018-12-06 03:55:05	practicalswift	2018-12-07 20:24:21	True
14881	mmachicao	2018-12-06 03:55:05	practicalswift	2018-12-07 20:19:56	True
14881	mmachicao	2018-12-06 03:55:05	markaw67	2018-12-26 04:10:22	True
14881	mmachicao	2018-12-06 03:55:05	ken2812221	2018-12-07 13:59:23	True
14881	mmachicao	2018-12-06 03:55:05	ken2812221	2018-12-11 12:22:19	True
14881	mmachicao	2018-12-06 03:55:05	practicalswift	2018-12-07 20:24:52	True
14880	promag	2018-12-05 23:21:06	Empact	2018-12-06 09:15:05	True
14880	promag	2018-12-05 23:21:06	laanwj	2018-12-06 10:53:08	True
14879	hebasto	2018-12-05 23:06:14	promag	2018-12-05 23:35:18	True
14879	hebasto	2018-12-05 23:06:14	MarcoFalke	2018-12-06 18:42:24	True
14879	hebasto	2018-12-05 23:06:14	Sjors	2019-01-25 10:00:55	True
14879	hebasto	2018-12-05 23:06:14	Sjors	2019-01-25 10:01:35	True
14879	hebasto	2018-12-05 23:06:14	ryanofsky	2019-06-19 17:03:27	True
14877	MarcoFalke	2018-12-05 22:00:30	ryanofsky	2018-12-10 17:33:27	True
14877	MarcoFalke	2018-12-05 22:00:30	practicalswift	2018-12-06 15:14:45	True
14877	MarcoFalke	2018-12-05 22:00:30	practicalswift	2018-12-06 15:15:13	True
14877	MarcoFalke	2018-12-05 22:00:30	practicalswift	2018-12-06 15:15:43	True
14877	MarcoFalke	2018-12-05 22:00:30	jonasschnelli	2018-12-09 23:09:27	True
14872	mysticaltech	2018-12-05 01:37:50	joshrabinowitz	2018-12-13 22:05:17	True
14872	mysticaltech	2018-12-05 01:37:50	promag	2018-12-05 01:50:05	True
14866	AkioNak	2018-12-04 10:03:30	practicalswift	2018-12-05 07:57:37	True
14864	dongcarl	2018-12-04 04:38:22	practicalswift	2018-12-04 10:50:23	True
14864	dongcarl	2018-12-04 04:38:22	practicalswift	2018-12-04 16:13:49	True
14863		2018-12-03 23:19:58			
14862	MarcoFalke	2018-12-03 21:59:30	ryanofsky	2018-12-10 19:39:12	True
14857	instagibbs	2018-12-02 13:22:54	MarcoFalke	2018-12-03 16:44:09	True
14857	instagibbs	2018-12-02 13:22:54	practicalswift	2018-12-03 14:00:43	True
14857	instagibbs	2018-12-02 13:22:54	practicalswift	2018-12-03 14:01:27	True
14857	instagibbs	2018-12-02 13:22:54	promag	2018-12-03 17:13:32	True
14856	dongcarl	2018-12-02 12:41:27	ryanofsky	2019-04-05 17:04:44	True
14856	dongcarl	2018-12-02 12:41:27	theuni	2018-12-06 20:02:16	True
14856	dongcarl	2018-12-02 12:41:27	ryanofsky	2019-02-04 19:02:43	True
14856	dongcarl	2018-12-02 12:41:27	MarcoFalke	2018-12-03 18:51:40	True
14856	dongcarl	2018-12-02 12:41:27	Empact	2018-12-04 10:59:31	True
14856	dongcarl	2018-12-02 12:41:27	ryanofsky	2019-02-01 20:12:27	True
14856	dongcarl	2018-12-02 12:41:27	MarcoFalke	2019-02-01 16:20:10	True
14856	dongcarl	2018-12-02 12:41:27	ryanofsky	2019-02-04 19:17:00	True
14856	dongcarl	2018-12-02 12:41:27	Empact	2019-01-09 06:43:55	True
14856	dongcarl	2018-12-02 12:41:27	MarcoFalke	2019-02-01 16:19:22	True
14856	dongcarl	2018-12-02 12:41:27	ryanofsky	2019-02-01 20:20:51	True
14856	dongcarl	2018-12-02 12:41:27	Empact	2019-04-03 06:33:45	True
14856	dongcarl	2018-12-02 12:41:27	theuni	2018-12-06 19:58:17	True
14856	dongcarl	2018-12-02 12:41:27	ryanofsky	2019-02-01 20:24:17	True
14856	dongcarl	2018-12-02 12:41:27	ryanofsky	2019-03-12 18:30:47	True
14856	dongcarl	2018-12-02 12:41:27	ryanofsky	2019-03-14 20:10:52	True
14856	dongcarl	2018-12-02 12:41:27	MarcoFalke	2019-02-05 20:17:37	True
14856	dongcarl	2018-12-02 12:41:27	ryanofsky	2019-03-12 18:19:11	True
14856	dongcarl	2018-12-02 12:41:27	MarcoFalke	2019-03-11 17:08:45	True
14856	dongcarl	2018-12-02 12:41:27	MarcoFalke	2019-03-11 16:51:26	True
14856	dongcarl	2018-12-02 12:41:27	MarcoFalke	2019-03-11 17:14:38	True
14854	hebasto	2018-12-01 23:40:15	promag	2018-12-03 23:08:59	True
14854	hebasto	2018-12-01 23:40:15	promag	2018-12-03 15:52:03	True
14854	hebasto	2018-12-01 23:40:15	promag	2018-12-03 15:55:26	True
14854	hebasto	2018-12-01 23:40:15	promag	2018-12-04 23:34:54	True
14853	fanquake	2018-12-01 04:17:59	Christewart	2019-03-25 10:51:10	True
