pr_number	author_user_login	pr_created_at	review_comment_user_login	review_comment_created_at	is_review_review_comment
721	luke-jr	2011-12-21 04:25:22	gavinandresen	2011-12-21 19:46:46	True
714	luke-jr	2011-12-19 19:34:50	gavinandresen	2011-12-23 16:59:57	True
714	luke-jr	2011-12-19 19:34:50	gavinandresen	2011-12-19 20:08:45	True
686	gavinandresen	2011-12-05 22:03:36	laanwj	2012-01-11 22:19:14	True
686	gavinandresen	2011-12-05 22:03:36	coblee	2011-12-08 21:11:33	True
686	gavinandresen	2011-12-05 22:03:36	TheBlueMatt	2011-12-07 17:13:22	True
679	laanwj	2011-12-03 17:13:54	gavinandresen	2011-12-03 20:31:23	True
677	luke-jr	2011-12-03 03:49:02	sipa	2011-12-04 13:54:16	True
