pr_number	author_user_login	pr_created_at	review_user_login	review_created_at	filename	create_before_pr	has_issue_comment	has_review_comment	has_commit
25967	stickies-v	2022-08-31 13:56:04	brunoerg	2022-08-31 16:35:43	src/index/blockfilterindex.h	True	False	True	True
25967	stickies-v	2022-08-31 13:56:04	brunoerg	2022-08-31 16:35:43	src/blockfilter.h	True	False	True	True
25967	stickies-v	2022-08-31 13:56:04	MarcoFalke	2022-08-31 14:11:22	src/index/blockfilterindex.h	True	False	True	True
25967	stickies-v	2022-08-31 13:56:04	MarcoFalke	2022-08-31 14:11:22	src/blockfilter.h	True	False	True	True
25963	jonatack	2022-08-31 11:12:32	vasild	2022-08-31 13:29:03	src/primitives/block.h	True	True	False	True
25963	jonatack	2022-08-31 11:12:32	vasild	2022-08-31 13:29:03	src/chain.cpp	True	True	False	True
25962	ajtowns	2022-08-31 08:17:36	vasild	2022-09-01 09:53:42	src/test/fuzz/util.cpp	False	True	True	True
25962	ajtowns	2022-08-31 08:17:36	jonatack	2022-09-01 11:26:01	src/test/fuzz/util.h	False	True	True	True
25962	ajtowns	2022-08-31 08:17:36	jonatack	2022-09-01 11:26:01	src/test/fuzz/util.cpp	False	True	True	True
25962	ajtowns	2022-08-31 08:17:36	jonatack	2022-09-01 11:26:01	src/test/util/net.cpp	False	True	True	True
25962	ajtowns	2022-08-31 08:17:36	jonatack	2022-09-01 11:26:01	src/test/util/net.h	False	True	True	True
25962	ajtowns	2022-08-31 08:17:36	vasild	2022-09-01 09:53:42	src/net.cpp	False	True	True	True
25962	ajtowns	2022-08-31 08:17:36	vasild	2022-09-01 09:53:42	src/net.h	False	True	True	True
25962	ajtowns	2022-08-31 08:17:36	jonatack	2022-09-01 11:26:01	src/test/denialofservice_tests.cpp	False	True	True	True
25962	ajtowns	2022-08-31 08:17:36	vasild	2022-09-01 09:53:42	src/net.cpp	True	True	True	True
25962	ajtowns	2022-08-31 08:17:36	vasild	2022-09-01 09:53:42	src/net.h	True	True	True	True
25962	ajtowns	2022-08-31 08:17:36	vasild	2022-09-01 09:53:42	src/qt/rpcconsole.cpp	False	True	True	True
25962	ajtowns	2022-08-31 08:17:36	vasild	2022-09-01 09:53:42	src/rpc/net.cpp	False	True	True	True
25962	ajtowns	2022-08-31 08:17:36	vasild	2022-09-01 09:53:42	src/test/denialofservice_tests.cpp	False	True	True	True
25962	ajtowns	2022-08-31 08:17:36	vasild	2022-09-01 09:57:37	src/test/denialofservice_tests.cpp	False	True	True	True
25962	ajtowns	2022-08-31 08:17:36	vasild	2022-09-01 09:53:42	src/test/fuzz/util.h	False	True	True	True
25962	ajtowns	2022-08-31 08:17:36	vasild	2022-09-01 09:53:42	src/test/util/net.cpp	False	True	True	True
25962	ajtowns	2022-08-31 08:17:36	vasild	2022-09-01 09:53:42	src/test/util/net.h	False	True	True	True
25962	ajtowns	2022-08-31 08:17:36	vasild	2022-09-01 09:57:37	src/net.cpp	False	True	True	True
25962	ajtowns	2022-08-31 08:17:36	vasild	2022-09-01 09:57:37	src/net.h	False	True	True	True
25962	ajtowns	2022-08-31 08:17:36	vasild	2022-09-01 09:57:37	src/net.cpp	True	True	True	True
25962	ajtowns	2022-08-31 08:17:36	vasild	2022-09-01 09:57:37	src/net.h	True	True	True	True
25962	ajtowns	2022-08-31 08:17:36	vasild	2022-09-01 09:57:37	src/qt/rpcconsole.cpp	False	True	True	True
25962	ajtowns	2022-08-31 08:17:36	vasild	2022-09-01 09:57:37	src/rpc/net.cpp	False	True	True	True
25962	ajtowns	2022-08-31 08:17:36	vasild	2022-09-01 09:57:37	src/test/fuzz/util.cpp	False	True	True	True
25962	ajtowns	2022-08-31 08:17:36	jonatack	2022-09-01 11:26:01	src/qt/rpcconsole.cpp	False	True	True	True
25962	ajtowns	2022-08-31 08:17:36	vasild	2022-09-01 09:57:37	src/test/fuzz/util.h	False	True	True	True
25962	ajtowns	2022-08-31 08:17:36	jonatack	2022-09-01 11:26:01	src/rpc/net.cpp	False	True	True	True
25962	ajtowns	2022-08-31 08:17:36	ryanofsky	2022-09-01 16:27:08	src/test/denialofservice_tests.cpp	False	True	True	True
25962	ajtowns	2022-08-31 08:17:36	jonatack	2022-09-01 11:26:01	src/net.h	True	True	True	True
25962	ajtowns	2022-08-31 08:17:36	vasild	2022-09-01 14:55:13	src/net.cpp	False	True	True	True
25962	ajtowns	2022-08-31 08:17:36	vasild	2022-09-01 09:57:37	src/test/util/net.h	False	True	True	True
25962	ajtowns	2022-08-31 08:17:36	ryanofsky	2022-09-01 16:27:08	src/net.cpp	False	True	True	True
25962	ajtowns	2022-08-31 08:17:36	ryanofsky	2022-09-01 16:27:08	src/net.h	False	True	True	True
25962	ajtowns	2022-08-31 08:17:36	ryanofsky	2022-09-01 16:27:08	src/net.cpp	True	True	True	True
25962	ajtowns	2022-08-31 08:17:36	ryanofsky	2022-09-01 16:27:08	src/net.h	True	True	True	True
25962	ajtowns	2022-08-31 08:17:36	ryanofsky	2022-09-01 16:27:08	src/qt/rpcconsole.cpp	False	True	True	True
25962	ajtowns	2022-08-31 08:17:36	ryanofsky	2022-09-01 16:27:08	src/rpc/net.cpp	False	True	True	True
25962	ajtowns	2022-08-31 08:17:36	ryanofsky	2022-09-01 16:27:08	src/test/fuzz/util.cpp	False	True	True	True
25962	ajtowns	2022-08-31 08:17:36	ryanofsky	2022-09-01 16:27:08	src/test/fuzz/util.h	False	True	True	True
25962	ajtowns	2022-08-31 08:17:36	ryanofsky	2022-09-01 16:27:08	src/test/util/net.cpp	False	True	True	True
25962	ajtowns	2022-08-31 08:17:36	ryanofsky	2022-09-01 16:27:08	src/test/util/net.h	False	True	True	True
25962	ajtowns	2022-08-31 08:17:36	vasild	2022-09-01 14:55:13	src/net.h	False	True	True	True
25962	ajtowns	2022-08-31 08:17:36	jonatack	2022-09-01 11:26:01	src/net.cpp	True	True	True	True
25962	ajtowns	2022-08-31 08:17:36	vasild	2022-09-01 14:55:13	src/net.cpp	True	True	True	True
25962	ajtowns	2022-08-31 08:17:36	vasild	2022-09-01 14:55:13	src/net.h	True	True	True	True
25962	ajtowns	2022-08-31 08:17:36	vasild	2022-09-01 14:55:13	src/qt/rpcconsole.cpp	False	True	True	True
25962	ajtowns	2022-08-31 08:17:36	vasild	2022-09-01 14:55:13	src/rpc/net.cpp	False	True	True	True
25962	ajtowns	2022-08-31 08:17:36	vasild	2022-09-01 14:55:13	src/test/denialofservice_tests.cpp	False	True	True	True
25962	ajtowns	2022-08-31 08:17:36	vasild	2022-09-01 14:55:13	src/test/fuzz/util.cpp	False	True	True	True
25962	ajtowns	2022-08-31 08:17:36	vasild	2022-09-01 14:55:13	src/test/fuzz/util.h	False	True	True	True
25962	ajtowns	2022-08-31 08:17:36	vasild	2022-09-01 14:55:13	src/test/util/net.cpp	False	True	True	True
25962	ajtowns	2022-08-31 08:17:36	vasild	2022-09-01 14:55:13	src/test/util/net.h	False	True	True	True
25962	ajtowns	2022-08-31 08:17:36	jonatack	2022-09-01 11:26:01	src/net.cpp	False	True	True	True
25962	ajtowns	2022-08-31 08:17:36	jonatack	2022-09-01 11:26:01	src/net.h	False	True	True	True
25962	ajtowns	2022-08-31 08:17:36	vasild	2022-09-01 09:57:37	src/test/util/net.cpp	False	True	True	True
25962	ajtowns	2022-08-31 08:17:36	MarcoFalke	2022-08-31 08:31:09	src/net.h	False	True	True	True
25962	ajtowns	2022-08-31 08:17:36	vasild	2022-09-01 06:35:00	src/net.cpp	False	True	True	True
25962	ajtowns	2022-08-31 08:17:36	MarcoFalke	2022-08-31 08:31:09	src/test/util/net.cpp	False	True	True	True
25962	ajtowns	2022-08-31 08:17:36	vasild	2022-08-31 08:34:00	src/test/fuzz/util.h	False	True	True	True
25962	ajtowns	2022-08-31 08:17:36	vasild	2022-08-31 08:34:00	src/test/util/net.cpp	False	True	True	True
25962	ajtowns	2022-08-31 08:17:36	vasild	2022-08-31 08:34:00	src/test/util/net.h	False	True	True	True
25962	ajtowns	2022-08-31 08:17:36	vasild	2022-09-01 06:35:00	src/net.h	False	True	True	True
25962	ajtowns	2022-08-31 08:17:36	MarcoFalke	2022-08-31 08:31:09	src/net.cpp	True	True	True	True
25962	ajtowns	2022-08-31 08:17:36	MarcoFalke	2022-08-31 08:31:09	src/net.h	True	True	True	True
25962	ajtowns	2022-08-31 08:17:36	MarcoFalke	2022-08-31 08:31:09	src/qt/rpcconsole.cpp	False	True	True	True
25962	ajtowns	2022-08-31 08:17:36	MarcoFalke	2022-08-31 08:31:09	src/rpc/net.cpp	False	True	True	True
25962	ajtowns	2022-08-31 08:17:36	MarcoFalke	2022-08-31 08:31:09	src/test/denialofservice_tests.cpp	False	True	True	True
25962	ajtowns	2022-08-31 08:17:36	MarcoFalke	2022-08-31 08:31:09	src/test/fuzz/util.cpp	False	True	True	True
25962	ajtowns	2022-08-31 08:17:36	MarcoFalke	2022-08-31 08:31:09	src/test/fuzz/util.h	False	True	True	True
25962	ajtowns	2022-08-31 08:17:36	MarcoFalke	2022-08-31 08:31:09	src/test/util/net.h	False	True	True	True
25962	ajtowns	2022-08-31 08:17:36	vasild	2022-08-31 08:34:00	src/test/denialofservice_tests.cpp	False	True	True	True
25962	ajtowns	2022-08-31 08:17:36	vasild	2022-09-01 09:48:57	src/net.cpp	False	True	True	True
25962	ajtowns	2022-08-31 08:17:36	vasild	2022-09-01 09:48:57	src/net.h	False	True	True	True
25962	ajtowns	2022-08-31 08:17:36	vasild	2022-09-01 09:48:57	src/net.cpp	True	True	True	True
25962	ajtowns	2022-08-31 08:17:36	vasild	2022-09-01 09:48:57	src/net.h	True	True	True	True
25962	ajtowns	2022-08-31 08:17:36	vasild	2022-09-01 09:48:57	src/qt/rpcconsole.cpp	False	True	True	True
25962	ajtowns	2022-08-31 08:17:36	vasild	2022-09-01 09:48:57	src/rpc/net.cpp	False	True	True	True
25962	ajtowns	2022-08-31 08:17:36	vasild	2022-09-01 09:48:57	src/test/denialofservice_tests.cpp	False	True	True	True
25962	ajtowns	2022-08-31 08:17:36	vasild	2022-09-01 09:48:57	src/test/fuzz/util.cpp	False	True	True	True
25962	ajtowns	2022-08-31 08:17:36	vasild	2022-09-01 09:48:57	src/test/fuzz/util.h	False	True	True	True
25962	ajtowns	2022-08-31 08:17:36	vasild	2022-09-01 09:48:57	src/test/util/net.cpp	False	True	True	True
25962	ajtowns	2022-08-31 08:17:36	vasild	2022-09-01 09:48:57	src/test/util/net.h	False	True	True	True
25962	ajtowns	2022-08-31 08:17:36	vasild	2022-08-31 08:34:00	src/test/fuzz/util.cpp	False	True	True	True
25962	ajtowns	2022-08-31 08:17:36	MarcoFalke	2022-08-31 08:31:09	src/net.cpp	False	True	True	True
25962	ajtowns	2022-08-31 08:17:36	vasild	2022-08-31 08:34:00	src/rpc/net.cpp	False	True	True	True
25962	ajtowns	2022-08-31 08:17:36	vasild	2022-09-01 06:39:09	src/net.h	True	True	True	True
25962	ajtowns	2022-08-31 08:17:36	vasild	2022-09-01 06:35:00	src/net.cpp	True	True	True	True
25962	ajtowns	2022-08-31 08:17:36	vasild	2022-09-01 06:35:00	src/net.h	True	True	True	True
25962	ajtowns	2022-08-31 08:17:36	vasild	2022-09-01 06:35:00	src/qt/rpcconsole.cpp	False	True	True	True
25962	ajtowns	2022-08-31 08:17:36	vasild	2022-09-01 06:35:00	src/rpc/net.cpp	False	True	True	True
25962	ajtowns	2022-08-31 08:17:36	vasild	2022-09-01 06:35:00	src/test/denialofservice_tests.cpp	False	True	True	True
25962	ajtowns	2022-08-31 08:17:36	vasild	2022-09-01 06:35:00	src/test/fuzz/util.cpp	False	True	True	True
25962	ajtowns	2022-08-31 08:17:36	vasild	2022-09-01 06:35:00	src/test/fuzz/util.h	False	True	True	True
25962	ajtowns	2022-08-31 08:17:36	vasild	2022-08-31 08:34:00	src/qt/rpcconsole.cpp	False	True	True	True
25962	ajtowns	2022-08-31 08:17:36	vasild	2022-09-01 06:35:00	src/test/util/net.h	False	True	True	True
25962	ajtowns	2022-08-31 08:17:36	vasild	2022-09-01 06:39:09	src/net.cpp	False	True	True	True
25962	ajtowns	2022-08-31 08:17:36	vasild	2022-09-01 06:39:09	src/net.h	False	True	True	True
25962	ajtowns	2022-08-31 08:17:36	vasild	2022-09-01 06:39:09	src/net.cpp	True	True	True	True
25962	ajtowns	2022-08-31 08:17:36	vasild	2022-09-01 06:35:00	src/test/util/net.cpp	False	True	True	True
25962	ajtowns	2022-08-31 08:17:36	vasild	2022-09-01 06:39:09	src/qt/rpcconsole.cpp	False	True	True	True
25962	ajtowns	2022-08-31 08:17:36	vasild	2022-09-01 06:39:09	src/test/util/net.h	False	True	True	True
25962	ajtowns	2022-08-31 08:17:36	vasild	2022-09-01 06:39:09	src/rpc/net.cpp	False	True	True	True
25962	ajtowns	2022-08-31 08:17:36	vasild	2022-08-31 08:34:00	src/net.cpp	True	True	True	True
25962	ajtowns	2022-08-31 08:17:36	vasild	2022-08-31 08:34:00	src/net.h	False	True	True	True
25962	ajtowns	2022-08-31 08:17:36	vasild	2022-08-31 08:34:00	src/net.cpp	False	True	True	True
25962	ajtowns	2022-08-31 08:17:36	vasild	2022-08-31 08:34:00	src/net.h	True	True	True	True
25962	ajtowns	2022-08-31 08:17:36	vasild	2022-09-01 06:39:09	src/test/util/net.cpp	False	True	True	True
25962	ajtowns	2022-08-31 08:17:36	vasild	2022-09-01 06:39:09	src/test/fuzz/util.h	False	True	True	True
25962	ajtowns	2022-08-31 08:17:36	vasild	2022-09-01 06:39:09	src/test/fuzz/util.cpp	False	True	True	True
25962	ajtowns	2022-08-31 08:17:36	vasild	2022-09-01 06:39:09	src/test/denialofservice_tests.cpp	False	True	True	True
25960	sdaftuar	2022-08-30 16:48:54	ajtowns	2022-08-31 14:53:53	test/functional/p2p_headers_sync_with_minchainwork.py	True	True	True	True
25960	sdaftuar	2022-08-30 16:48:54	w0xlt	2022-08-31 19:22:16	src/headerssync.cpp	True	True	True	True
25960	sdaftuar	2022-08-30 16:48:54	w0xlt	2022-08-31 19:22:16	src/logging.cpp	True	True	True	True
25960	sdaftuar	2022-08-30 16:48:54	w0xlt	2022-08-31 19:22:16	src/logging.h	True	True	True	True
25960	sdaftuar	2022-08-30 16:48:54	w0xlt	2022-08-31 19:22:16	src/validation.cpp	True	True	True	True
25960	sdaftuar	2022-08-30 16:48:54	w0xlt	2022-08-31 19:22:16	src/net_processing.cpp	True	True	True	True
25960	sdaftuar	2022-08-30 16:48:54	w0xlt	2022-08-31 19:22:16	test/functional/p2p_headers_sync_with_minchainwork.py	True	True	True	True
25960	sdaftuar	2022-08-30 16:48:54	ajtowns	2022-08-31 14:53:53	src/headerssync.cpp	True	True	True	True
25960	sdaftuar	2022-08-30 16:48:54	ajtowns	2022-08-31 14:53:53	src/logging.cpp	True	True	True	True
25960	sdaftuar	2022-08-30 16:48:54	ajtowns	2022-08-31 14:53:53	src/logging.h	True	True	True	True
25960	sdaftuar	2022-08-30 16:48:54	ajtowns	2022-08-31 14:53:53	src/validation.cpp	True	True	True	True
25960	sdaftuar	2022-08-30 16:48:54	ajtowns	2022-08-31 14:53:53	src/net_processing.cpp	True	True	True	True
25960	sdaftuar	2022-08-30 16:48:54	fanquake	2022-08-30 17:05:22	test/functional/p2p_headers_sync_with_minchainwork.py	True	True	True	True
25960	sdaftuar	2022-08-30 16:48:54	naumenkogs	2022-08-31 07:42:01	src/headerssync.cpp	True	True	True	True
25960	sdaftuar	2022-08-30 16:48:54	naumenkogs	2022-08-31 07:42:01	src/logging.h	True	True	True	True
25960	sdaftuar	2022-08-30 16:48:54	naumenkogs	2022-08-31 07:42:01	src/validation.cpp	True	True	True	True
25960	sdaftuar	2022-08-30 16:48:54	naumenkogs	2022-08-31 07:42:01	src/net_processing.cpp	True	True	True	True
25960	sdaftuar	2022-08-30 16:48:54	naumenkogs	2022-08-31 07:42:01	test/functional/p2p_headers_sync_with_minchainwork.py	True	True	True	True
25960	sdaftuar	2022-08-30 16:48:54	fanquake	2022-08-30 17:05:22	src/headerssync.cpp	True	True	True	True
25960	sdaftuar	2022-08-30 16:48:54	fanquake	2022-08-30 17:05:22	src/logging.cpp	True	True	True	True
25960	sdaftuar	2022-08-30 16:48:54	fanquake	2022-08-30 17:05:22	src/logging.h	True	True	True	True
25960	sdaftuar	2022-08-30 16:48:54	fanquake	2022-08-30 17:05:22	src/validation.cpp	True	True	True	True
25960	sdaftuar	2022-08-30 16:48:54	fanquake	2022-08-30 17:05:22	src/net_processing.cpp	True	True	True	True
25960	sdaftuar	2022-08-30 16:48:54	naumenkogs	2022-08-31 07:42:01	src/logging.cpp	True	True	True	True
25959	dontbyte	2022-08-30 11:57:41	clueless360	2022-08-30 12:52:12	src/hash.cpp	True	True	False	True
25959	dontbyte	2022-08-30 11:57:41	clueless360	2022-08-30 13:52:13	src/hash.cpp	True	True	False	True
25959	dontbyte	2022-08-30 11:57:41	Zero-1729	2022-09-01 05:53:35	src/hash.cpp	True	True	False	True
25955	brunoerg	2022-08-29 19:14:19	kouloumos	2022-08-30 11:26:46	test/functional/rpc_fundrawtransaction.py	True	True	True	True
25955	brunoerg	2022-08-29 19:14:19	w0xlt	2022-08-30 22:47:18	test/functional/rpc_fundrawtransaction.py	True	True	True	True
25955	brunoerg	2022-08-29 19:14:19	w0xlt	2022-08-30 22:47:18	test/functional/wallet_basic.py	True	True	True	True
25955	brunoerg	2022-08-29 19:14:19	w0xlt	2022-08-30 22:47:18	test/functional/wallet_bumpfee.py	True	True	True	True
25955	brunoerg	2022-08-29 19:14:19	w0xlt	2022-08-30 22:47:18	test/functional/wallet_groups.py	True	True	True	True
25955	brunoerg	2022-08-29 19:14:19	w0xlt	2022-08-30 22:47:18	test/functional/wallet_basic.py	False	True	True	True
25955	brunoerg	2022-08-29 19:14:19	kouloumos	2022-08-30 14:22:33	test/functional/rpc_fundrawtransaction.py	True	True	True	True
25955	brunoerg	2022-08-29 19:14:19	kouloumos	2022-08-30 14:22:33	test/functional/wallet_basic.py	True	True	True	True
25955	brunoerg	2022-08-29 19:14:19	kouloumos	2022-08-30 14:22:33	test/functional/wallet_bumpfee.py	True	True	True	True
25955	brunoerg	2022-08-29 19:14:19	kouloumos	2022-08-30 14:22:33	test/functional/wallet_basic.py	False	True	True	True
25955	brunoerg	2022-08-29 19:14:19	kouloumos	2022-08-30 14:22:33	test/functional/wallet_groups.py	True	True	True	True
25955	brunoerg	2022-08-29 19:14:19	kouloumos	2022-08-30 11:26:46	test/functional/wallet_basic.py	True	True	True	True
25955	brunoerg	2022-08-29 19:14:19	kouloumos	2022-08-30 11:26:46	test/functional/wallet_bumpfee.py	True	True	True	True
25955	brunoerg	2022-08-29 19:14:19	kouloumos	2022-08-30 11:26:46	test/functional/wallet_groups.py	True	True	True	True
25955	brunoerg	2022-08-29 19:14:19	kouloumos	2022-08-30 11:26:46	test/functional/wallet_basic.py	False	True	True	True
25955	brunoerg	2022-08-29 19:14:19	ishaanam	2022-08-30 22:14:33	test/functional/rpc_fundrawtransaction.py	True	True	True	True
25955	brunoerg	2022-08-29 19:14:19	ishaanam	2022-08-30 22:14:33	test/functional/wallet_basic.py	True	True	True	True
25955	brunoerg	2022-08-29 19:14:19	ishaanam	2022-08-30 22:14:33	test/functional/wallet_bumpfee.py	True	True	True	True
25955	brunoerg	2022-08-29 19:14:19	ishaanam	2022-08-30 22:14:33	test/functional/wallet_groups.py	True	True	True	True
25955	brunoerg	2022-08-29 19:14:19	ishaanam	2022-08-30 22:14:33	test/functional/wallet_basic.py	False	True	True	True
25952	hebasto	2022-08-29 12:36:17	MarcoFalke	2022-08-29 12:48:43	doc/design/libraries.md	True	False	True	True
25951	MarcoFalke	2022-08-29 10:03:58	jonatack	2022-09-01 16:49:54	src/node/chainstate.cpp	False	True	False	True
25951	MarcoFalke	2022-08-29 10:03:58	JurbinM	2022-08-29 13:50:17	src/init.cpp	False	True	False	True
25951	MarcoFalke	2022-08-29 10:03:58	JurbinM	2022-08-29 13:50:17	src/node/chainstate.cpp	False	True	False	True
25951	MarcoFalke	2022-08-29 10:03:58	jonatack	2022-09-01 16:49:54	src/init.cpp	False	True	False	True
25951	MarcoFalke	2022-08-29 10:03:58	ryanofsky	2022-08-30 18:18:35	src/node/chainstate.cpp	False	True	False	True
25951	MarcoFalke	2022-08-29 10:03:58	ryanofsky	2022-09-01 15:46:18	src/init.cpp	False	True	False	True
25951	MarcoFalke	2022-08-29 10:03:58	ryanofsky	2022-09-01 15:46:18	src/node/chainstate.cpp	False	True	False	True
25951	MarcoFalke	2022-08-29 10:03:58	ryanofsky	2022-08-30 18:18:35	src/init.cpp	False	True	False	True
25948	da2ce7	2022-08-29 00:06:13	kouloumos	2022-09-09 09:07:25	doc/build-osx.md	False	True	True	True
25948	da2ce7	2022-08-29 00:06:13	jarolrod	2022-08-31 16:25:04	doc/build-osx.md	False	True	True	True
25948	da2ce7	2022-08-29 00:06:13	Zero-1729	2022-09-01 05:33:42	doc/build-osx.md	False	True	True	True
25948	da2ce7	2022-08-29 00:06:13	Zero-1729	2022-09-01 05:34:20	doc/build-osx.md	False	True	True	True
25948	da2ce7	2022-08-29 00:06:13	Zero-1729	2022-09-03 02:54:26	doc/build-osx.md	False	True	True	True
25948	da2ce7	2022-08-29 00:06:13	Zero-1729	2022-09-03 13:31:30	doc/build-osx.md	False	True	True	True
25948	da2ce7	2022-08-29 00:06:13	jarolrod	2022-09-06 03:18:49	doc/build-osx.md	False	True	True	True
25946	ux3257	2022-08-28 17:34:14	Sjors	2022-09-01 08:16:39	src/chainparams.cpp	True	True	True	True
25946	ux3257	2022-08-28 17:34:14	achow101	2022-08-31 20:29:00	src/chainparams.cpp	True	True	True	True
25946	ux3257	2022-08-28 17:34:14	Sjors	2022-08-31 15:43:50	src/chainparams.cpp	True	True	True	True
25946	ux3257	2022-08-28 17:34:14	JurbinM	2022-08-29 13:51:34	src/chainparams.cpp	True	True	True	True
25946	ux3257	2022-08-28 17:34:14	MarcoFalke	2022-08-29 06:42:01	src/chainparams.cpp	True	True	True	True
25941	hebasto	2022-08-26 21:12:00	ryanofsky	2022-09-01 17:51:13	depends/packages/native_libmultiprocess.mk	True	True	False	True
25941	hebasto	2022-08-26 21:12:00	ryanofsky	2022-09-01 17:51:13	depends/packages/libmultiprocess.mk	True	True	False	True
25941	hebasto	2022-08-26 21:12:00	ryanofsky	2022-08-29 18:35:15	depends/packages/native_libmultiprocess.mk	True	True	False	True
25941	hebasto	2022-08-26 21:12:00	ryanofsky	2022-08-29 18:35:15	depends/packages/libmultiprocess.mk	True	True	False	True
25933	furszy	2022-08-25 20:51:14	w0xlt	2022-09-21 12:22:41	src/wallet/spend.cpp	True	True	True	True
25933	furszy	2022-08-25 20:51:14	rajarshimaitra	2022-09-21 04:42:27	src/wallet/spend.cpp	True	True	True	True
25933	furszy	2022-08-25 20:51:14	aureleoules	2022-09-20 13:56:58	src/wallet/spend.cpp	True	True	True	True
25933	furszy	2022-08-25 20:51:14	rajarshimaitra	2022-09-17 11:29:08	src/wallet/spend.cpp	True	True	True	True
25933	furszy	2022-08-25 20:51:14	aureleoules	2022-09-13 09:23:03	src/wallet/spend.cpp	True	True	True	True
25931	Sjors	2022-08-25 18:16:43	furszy	2022-08-31 16:58:27	src/wallet/rpc/backup.cpp	False	True	True	True
25931	Sjors	2022-08-25 18:16:43	S3RK	2022-08-31 06:58:37	src/wallet/rpc/backup.cpp	False	True	True	True
25931	Sjors	2022-08-25 18:16:43	w0xlt	2022-08-31 19:19:29	src/wallet/rpc/backup.cpp	False	True	True	True
25931	Sjors	2022-08-25 18:16:43	furszy	2022-08-31 16:56:42	src/wallet/rpc/backup.cpp	False	True	True	True
25931	Sjors	2022-08-25 18:16:43	furszy	2022-08-31 17:10:00	src/wallet/rpc/backup.cpp	False	True	True	True
25931	Sjors	2022-08-25 18:16:43	S3RK	2022-08-31 06:56:43	src/wallet/rpc/backup.cpp	False	True	True	True
25931	Sjors	2022-08-25 18:16:43	S3RK	2022-08-29 07:14:39	src/wallet/rpc/backup.cpp	False	True	True	True
25931	Sjors	2022-08-25 18:16:43	furszy	2022-08-30 13:16:00	src/wallet/rpc/backup.cpp	False	True	True	True
25931	Sjors	2022-08-25 18:16:43	w0xlt	2022-08-27 06:34:46	src/wallet/rpc/backup.cpp	False	True	True	True
25925	theStack	2022-08-24 22:13:25	aureleoules	2022-08-25 09:53:41	doc/descriptors.md	True	True	False	True
25925	theStack	2022-08-24 22:13:25	brunoerg	2022-08-25 14:24:44	doc/descriptors.md	True	True	False	True
25924	theStack	2022-08-24 21:36:08	aureleoules	2022-08-25 09:56:22	src/wallet/rpc/backup.cpp	True	True	False	True
25924	theStack	2022-08-24 21:36:08	promag	2022-08-25 15:09:02	src/wallet/rpc/backup.cpp	True	True	False	True
25922	stickies-v	2022-08-24 18:26:03	furszy	2022-08-25 13:21:58	test/functional/wallet_resendwallettransactions.py	False	True	True	True
25922	stickies-v	2022-08-24 18:26:03	MarcoFalke	2022-08-24 18:29:37	src/wallet/load.cpp	True	True	True	True
25922	stickies-v	2022-08-24 18:26:03	MarcoFalke	2022-08-24 18:29:37	test/functional/wallet_resendwallettransactions.py	True	True	True	True
25922	stickies-v	2022-08-24 18:26:03	MarcoFalke	2022-08-24 18:29:37	test/functional/wallet_resendwallettransactions.py	False	True	True	True
25922	stickies-v	2022-08-24 18:26:03	furszy	2022-08-25 13:21:58	src/wallet/load.cpp	True	True	True	True
25922	stickies-v	2022-08-24 18:26:03	furszy	2022-08-25 13:21:58	test/functional/wallet_resendwallettransactions.py	True	True	True	True
25922	stickies-v	2022-08-24 18:26:03	aureleoules	2022-08-25 13:16:09	src/wallet/load.cpp	True	True	True	True
25922	stickies-v	2022-08-24 18:26:03	1440000bytes	2022-08-25 22:55:33	src/wallet/load.cpp	True	True	True	True
25922	stickies-v	2022-08-24 18:26:03	1440000bytes	2022-08-25 22:55:33	test/functional/wallet_resendwallettransactions.py	True	True	True	True
25922	stickies-v	2022-08-24 18:26:03	1440000bytes	2022-08-25 22:55:33	test/functional/wallet_resendwallettransactions.py	False	True	True	True
25922	stickies-v	2022-08-24 18:26:03	aureleoules	2022-08-25 13:16:09	test/functional/wallet_resendwallettransactions.py	True	True	True	True
25922	stickies-v	2022-08-24 18:26:03	aureleoules	2022-08-25 13:16:09	test/functional/wallet_resendwallettransactions.py	False	True	True	True
25918	fanquake	2022-08-24 15:17:59	hebasto	2022-09-15 15:38:50	depends/packages/libevent.mk	True	True	False	True
25917	fanquake	2022-08-24 15:03:08	hebasto	2022-08-30 07:42:53	depends/packages/libnatpmp.mk	True	True	False	True
25917	fanquake	2022-08-24 15:03:08	hebasto	2022-08-30 09:16:41	doc/dependencies.md	True	True	False	True
25917	fanquake	2022-08-24 15:03:08	hebasto	2022-08-30 09:16:41	depends/packages/libnatpmp.mk	True	True	False	True
25917	fanquake	2022-08-24 15:03:08	hebasto	2022-08-30 07:42:53	doc/dependencies.md	True	True	False	True
25915	MarcoFalke	2022-08-24 11:01:08	w0xlt	2022-08-29 19:47:33	test/functional/wallet_balance.py	False	True	False	True
25915	MarcoFalke	2022-08-24 11:01:08	brunoerg	2022-08-26 19:10:06	test/functional/wallet_balance.py	False	True	False	True
25914	MarcoFalke	2022-08-24 10:53:47	luke-jr	2022-09-04 03:41:40	test/functional/p2p_leak.py	True	True	False	True
25911	jonatack	2022-08-23 22:06:05	brunoerg	2022-08-24 13:52:17	contrib/seeds/nodes_main_manual.txt	True	True	False	True
25911	jonatack	2022-08-23 22:06:05	brunoerg	2022-08-24 13:52:17	contrib/seeds/makeseeds.py	True	True	False	True
25911	jonatack	2022-08-23 22:06:05	brunoerg	2022-08-24 13:52:17	src/chainparamsseeds.h	True	True	False	True
25911	jonatack	2022-08-23 22:06:05	brunoerg	2022-08-24 13:52:17	contrib/seeds/nodes_main.txt	True	True	False	True
25910	achow101	2022-08-23 21:00:36	glozow	2022-08-26 12:33:09	SECURITY.md	True	False	False	True
25906	brunoerg	2022-08-22 20:19:23	w0xlt	2022-08-23 13:55:38	test/functional/wallet_transactiontime_rescan.py	True	False	True	True
25906	brunoerg	2022-08-22 20:19:23	w0xlt	2022-08-24 03:24:10	test/functional/wallet_transactiontime_rescan.py	True	False	True	True
25906	brunoerg	2022-08-22 20:19:23	kristapsk	2022-08-23 14:42:46	test/functional/wallet_transactiontime_rescan.py	True	False	True	True
25906	brunoerg	2022-08-22 20:19:23	kristapsk	2022-08-23 17:12:40	test/functional/wallet_transactiontime_rescan.py	True	False	True	True
25906	brunoerg	2022-08-22 20:19:23	w0xlt	2022-08-23 19:57:07	test/functional/wallet_transactiontime_rescan.py	True	False	True	True
25906	brunoerg	2022-08-22 20:19:23	aureleoules	2022-08-23 10:20:40	test/functional/wallet_transactiontime_rescan.py	True	False	True	True
25905	ryanofsky	2022-08-22 17:34:37	MarcoFalke	2022-08-24 08:40:55	src/validation.h	True	True	True	True
25905	ryanofsky	2022-08-22 17:34:37	MarcoFalke	2022-08-24 08:40:55	src/validation.cpp	True	True	True	True
25902	glozow	2022-08-22 14:08:13	t-bast	2022-08-22 14:47:40	src/wallet/rpc/spend.cpp	True	False	True	True
25902	glozow	2022-08-22 14:08:13	MarcoFalke	2022-08-22 14:42:11	src/policy/rbf.h	True	False	True	True
25902	glozow	2022-08-22 14:08:13	MarcoFalke	2022-08-22 14:42:11	src/rpc/mempool.cpp	True	False	True	True
25902	glozow	2022-08-22 14:08:13	MarcoFalke	2022-08-22 14:42:11	src/wallet/rpc/spend.cpp	True	False	True	True
25902	glozow	2022-08-22 14:08:13	MarcoFalke	2022-08-22 14:33:49	src/policy/rbf.h	True	False	True	True
25902	glozow	2022-08-22 14:08:13	MarcoFalke	2022-08-22 14:33:49	src/rpc/mempool.cpp	True	False	True	True
25902	glozow	2022-08-22 14:08:13	MarcoFalke	2022-08-22 14:33:49	src/wallet/rpc/spend.cpp	True	False	True	True
25902	glozow	2022-08-22 14:08:13	MarcoFalke	2022-08-22 14:33:49	src/wallet/rpc/transactions.cpp	True	False	True	True
25902	glozow	2022-08-22 14:08:13	t-bast	2022-08-22 14:47:40	src/policy/rbf.h	True	False	True	True
25902	glozow	2022-08-22 14:08:13	t-bast	2022-08-22 14:47:40	src/rpc/mempool.cpp	True	False	True	True
25902	glozow	2022-08-22 14:08:13	MarcoFalke	2022-08-22 14:42:11	src/wallet/rpc/transactions.cpp	True	False	True	True
25902	glozow	2022-08-22 14:08:13	t-bast	2022-08-22 14:47:40	src/wallet/rpc/transactions.cpp	True	False	True	True
25902	glozow	2022-08-22 14:08:13	ariard	2022-08-22 15:25:00	src/rpc/mempool.cpp	True	False	True	True
25902	glozow	2022-08-22 14:08:13	ariard	2022-08-22 15:25:00	src/wallet/rpc/spend.cpp	True	False	True	True
25902	glozow	2022-08-22 14:08:13	ariard	2022-08-22 15:25:00	src/wallet/rpc/transactions.cpp	True	False	True	True
25902	glozow	2022-08-22 14:08:13	MarcoFalke	2022-08-22 15:25:22	src/policy/rbf.h	True	False	True	True
25902	glozow	2022-08-22 14:08:13	ariard	2022-08-22 15:25:00	src/policy/rbf.h	True	False	True	True
25902	glozow	2022-08-22 14:08:13	MarcoFalke	2022-08-22 15:25:22	src/rpc/mempool.cpp	True	False	True	True
25902	glozow	2022-08-22 14:08:13	MarcoFalke	2022-08-22 15:25:22	src/wallet/rpc/spend.cpp	True	False	True	True
25902	glozow	2022-08-22 14:08:13	MarcoFalke	2022-08-22 15:25:22	src/wallet/rpc/transactions.cpp	True	False	True	True
25901	fanquake	2022-08-22 13:54:03	hebasto	2022-08-26 08:04:37	configure.ac	True	True	True	True
25896	ZenulAbidin	2022-08-21 21:08:26	achow101	2022-08-24 22:07:27	src/wallet/wallet.cpp	True	True	True	True
25888	theStack	2022-08-20 13:22:01	kristapsk	2022-08-20 15:30:22	src/protocol.cpp	True	False	False	True
25888	theStack	2022-08-20 13:22:01	luke-jr	2022-08-20 20:46:31	src/protocol.cpp	True	False	False	True
25887	theStack	2022-08-20 12:32:13	stickies-v	2022-08-20 21:57:25	src/init.cpp	True	True	True	True
25887	theStack	2022-08-20 12:32:13	stickies-v	2022-08-21 16:00:24	src/init.cpp	True	True	True	True
25887	theStack	2022-08-20 12:32:13	stickies-v	2022-08-20 18:02:38	src/init.cpp	True	True	True	True
25887	theStack	2022-08-20 12:32:13	LarryRuane	2022-08-31 20:59:02	src/init.cpp	True	True	True	True
25887	theStack	2022-08-20 12:32:13	MarcoFalke	2022-08-20 19:35:29	src/init.cpp	True	True	True	True
25887	theStack	2022-08-20 12:32:13	MarcoFalke	2022-08-20 12:46:26	src/init.cpp	True	True	True	True
25884	Rspigler	2022-08-20 03:33:03	jonatack	2022-08-20 11:05:03	doc/tor.md	False	True	True	True
25884	Rspigler	2022-08-20 03:33:03	jonatack	2022-08-20 10:59:26	doc/tor.md	False	True	True	True
25884	Rspigler	2022-08-20 03:33:03	vasild	2022-08-24 17:33:44	doc/tor.md	False	True	True	True
25884	Rspigler	2022-08-20 03:33:03	vasild	2022-08-24 17:27:39	doc/tor.md	False	True	True	True
25884	Rspigler	2022-08-20 03:33:03	vasild	2022-08-24 18:37:51	doc/tor.md	False	True	True	True
25884	Rspigler	2022-08-20 03:33:03	jonatack	2022-08-20 10:53:27	doc/tor.md	False	True	True	True
25884	Rspigler	2022-08-20 03:33:03	vasild	2022-08-20 05:09:02	doc/tor.md	False	True	True	True
25884	Rspigler	2022-08-20 03:33:03	jonatack	2022-08-20 11:06:47	doc/tor.md	False	True	True	True
25883	Rspigler	2022-08-20 03:18:43	jarolrod	2022-08-20 20:12:49	doc/bitcoin-conf.md	True	False	False	True
25883	Rspigler	2022-08-20 03:18:43	1440000bytes	2022-08-20 20:28:16	doc/bitcoin-conf.md	True	False	False	True
25879	MarcoFalke	2022-08-19 17:55:12	stickies-v	2022-08-22 20:36:16	src/blockfilter.cpp	True	True	True	True
25879	MarcoFalke	2022-08-19 17:55:12	stickies-v	2022-08-24 08:56:40	src/blockfilter.cpp	True	True	True	True
25879	MarcoFalke	2022-08-19 17:55:12	stickies-v	2022-08-24 08:56:40	src/test/util_tests.cpp	True	True	True	True
25879	MarcoFalke	2022-08-19 17:55:12	stickies-v	2022-08-23 08:10:11	src/blockfilter.cpp	True	True	True	True
25879	MarcoFalke	2022-08-19 17:55:12	stickies-v	2022-08-23 08:10:11	src/test/util_tests.cpp	True	True	True	True
25879	MarcoFalke	2022-08-19 17:55:12	stickies-v	2022-08-23 08:10:11	src/util/string.h	True	True	True	True
25879	MarcoFalke	2022-08-19 17:55:12	stickies-v	2022-08-24 08:56:40	src/util/string.h	True	True	True	True
25879	MarcoFalke	2022-08-19 17:55:12	stickies-v	2022-08-22 20:36:16	src/test/util_tests.cpp	True	True	True	True
25879	MarcoFalke	2022-08-19 17:55:12	stickies-v	2022-08-23 07:41:37	src/blockfilter.cpp	True	True	True	True
25879	MarcoFalke	2022-08-19 17:55:12	stickies-v	2022-08-22 20:36:16	src/util/string.h	True	True	True	True
25879	MarcoFalke	2022-08-19 17:55:12	stickies-v	2022-08-23 07:41:37	src/test/util_tests.cpp	True	True	True	True
25879	MarcoFalke	2022-08-19 17:55:12	stickies-v	2022-08-23 07:41:37	src/util/string.h	True	True	True	True
25878	achow101	2022-08-19 17:53:54	vasild	2022-08-20 04:42:15	test/functional/wallet_encryption.py	True	True	False	True
25873	fanquake	2022-08-19 09:35:40	hebasto	2022-08-19 12:03:21	depends/packages/boost.mk	True	True	True	True
25873	fanquake	2022-08-19 09:35:40	hebasto	2022-08-19 09:42:49	depends/packages/boost.mk	True	True	True	True
25873	fanquake	2022-08-19 09:35:40	hebasto	2022-08-19 09:42:49	doc/dependencies.md	True	True	True	True
25873	fanquake	2022-08-19 09:35:40	hebasto	2022-08-19 12:03:21	doc/dependencies.md	True	True	True	True
25873	fanquake	2022-08-19 09:35:40	jarolrod	2022-09-14 04:28:43	depends/packages/boost.mk	True	True	True	True
25873	fanquake	2022-08-19 09:35:40	jarolrod	2022-09-14 04:28:43	doc/dependencies.md	True	True	True	True
25872	MarcoFalke	2022-08-19 09:12:17	ryanofsky	2022-08-26 19:16:39	src/util/string.h	False	True	True	True
25872	MarcoFalke	2022-08-19 09:12:17	ryanofsky	2022-08-26 19:16:39	src/util/string.cpp	False	True	True	True
25872	MarcoFalke	2022-08-19 09:12:17	ryanofsky	2022-08-26 19:16:39	src/univalue/lib/univalue.cpp	False	True	True	True
25872	MarcoFalke	2022-08-19 09:12:17	ryanofsky	2022-08-26 19:16:39	src/script/descriptor.cpp	False	True	True	True
25872	MarcoFalke	2022-08-19 09:12:17	ryanofsky	2022-08-26 19:16:39	src/rpc/blockchain.cpp	False	True	True	True
25872	MarcoFalke	2022-08-19 09:12:17	ryanofsky	2022-08-26 19:16:39	src/.clang-tidy	False	True	True	True
25872	MarcoFalke	2022-08-19 09:12:17	ryanofsky	2022-08-26 19:16:39	src/node/mempool_args.cpp	False	True	True	True
25872	MarcoFalke	2022-08-19 09:12:17	ryanofsky	2022-08-26 19:16:39	src/util/strencodings.cpp	False	True	True	True
25872	MarcoFalke	2022-08-19 09:12:17	ryanofsky	2022-08-26 19:16:39	src/util/message.cpp	False	True	True	True
25872	MarcoFalke	2022-08-19 09:12:17	ryanofsky	2022-08-26 19:16:39	src/util/bip32.cpp	False	True	True	True
25872	MarcoFalke	2022-08-19 09:12:17	ryanofsky	2022-08-26 19:16:39	ci/test/06_script_b.sh	False	True	True	True
25872	MarcoFalke	2022-08-19 09:12:17	ryanofsky	2022-08-26 19:16:39	src/test/fuzz/txorphan.cpp	False	True	True	True
25872	MarcoFalke	2022-08-19 09:12:17	Sjors	2022-08-22 14:27:51	ci/test/06_script_b.sh	False	True	True	True
25872	MarcoFalke	2022-08-19 09:12:17	ryanofsky	2022-08-26 19:16:39	src/wallet/spend.cpp	False	True	True	True
25872	MarcoFalke	2022-08-19 09:12:17	ryanofsky	2022-08-26 19:16:39	src/threadinterrupt.h	False	True	True	True
25872	MarcoFalke	2022-08-19 09:12:17	Sjors	2022-08-22 14:27:51	src/node/mempool_args.cpp	False	True	True	True
25872	MarcoFalke	2022-08-19 09:12:17	Sjors	2022-08-22 14:27:51	src/rpc/blockchain.cpp	False	True	True	True
25872	MarcoFalke	2022-08-19 09:12:17	Sjors	2022-08-22 14:27:51	src/test/fuzz/txorphan.cpp	False	True	True	True
25872	MarcoFalke	2022-08-19 09:12:17	Sjors	2022-08-22 14:27:51	src/wallet/spend.cpp	False	True	True	True
25872	MarcoFalke	2022-08-19 09:12:17	Sjors	2022-08-22 14:27:51	src/util/string.cpp	False	True	True	True
25872	MarcoFalke	2022-08-19 09:12:17	Sjors	2022-08-22 14:27:51	src/univalue/lib/univalue.cpp	False	True	True	True
25872	MarcoFalke	2022-08-19 09:12:17	Sjors	2022-08-22 14:27:51	src/univalue/include/univalue.h	False	True	True	True
25872	MarcoFalke	2022-08-19 09:12:17	Sjors	2022-08-22 14:27:51	src/script/descriptor.cpp	False	True	True	True
25872	MarcoFalke	2022-08-19 09:12:17	ryanofsky	2022-08-26 19:16:39	src/univalue/include/univalue.h	False	True	True	True
25872	MarcoFalke	2022-08-19 09:12:17	Sjors	2022-08-22 14:27:51	src/.clang-tidy	False	True	True	True
25872	MarcoFalke	2022-08-19 09:12:17	Sjors	2022-08-22 14:27:51	src/util/strencodings.cpp	False	True	True	True
25872	MarcoFalke	2022-08-19 09:12:17	Sjors	2022-08-22 14:27:51	src/util/message.cpp	False	True	True	True
25872	MarcoFalke	2022-08-19 09:12:17	Sjors	2022-08-22 14:27:51	src/util/string.h	False	True	True	True
25872	MarcoFalke	2022-08-19 09:12:17	Sjors	2022-08-22 14:27:51	src/util/bip32.cpp	False	True	True	True
25872	MarcoFalke	2022-08-19 09:12:17	Sjors	2022-08-22 14:27:51	src/threadinterrupt.h	False	True	True	True
25869	furszy	2022-08-18 19:49:04	w0xlt	2022-08-18 22:58:14	src/wallet/wallet.cpp	True	True	False	True
25869	furszy	2022-08-18 19:49:04	w0xlt	2022-08-18 22:58:14	src/outputtype.h	True	True	False	True
25869	furszy	2022-08-18 19:49:04	LarryRuane	2022-08-19 05:19:41	src/wallet/wallet.cpp	True	True	False	True
25869	furszy	2022-08-18 19:49:04	LarryRuane	2022-08-19 05:19:41	src/outputtype.h	True	True	False	True
25865	theStack	2022-08-17 23:01:40	furszy	2022-08-18 13:49:34	test/functional/wallet_groups.py	True	True	False	True
25865	theStack	2022-08-17 23:01:40	furszy	2022-08-18 13:49:34	test/functional/wallet_abandonconflict.py	True	True	False	True
25865	theStack	2022-08-17 23:01:40	furszy	2022-08-18 13:49:34	test/functional/wallet_balance.py	True	True	False	True
25865	theStack	2022-08-17 23:01:40	furszy	2022-08-18 13:49:34	test/functional/wallet_basic.py	True	True	False	True
25865	theStack	2022-08-17 23:01:40	furszy	2022-08-18 13:49:34	test/functional/wallet_bumpfee.py	True	True	False	True
25865	theStack	2022-08-17 23:01:40	furszy	2022-08-18 13:49:34	test/functional/wallet_importdescriptors.py	True	True	False	True
25865	theStack	2022-08-17 23:01:40	furszy	2022-08-18 13:49:34	test/functional/wallet_hd.py	True	True	False	True
25865	theStack	2022-08-17 23:01:40	furszy	2022-08-18 13:49:34	test/functional/wallet_listreceivedby.py	True	True	False	True
25865	theStack	2022-08-17 23:01:40	furszy	2022-08-18 13:49:34	test/functional/wallet_listsinceblock.py	True	True	False	True
25863	w0xlt	2022-08-17 18:17:29	darosior	2022-08-19 11:54:30	src/test/descriptor_tests.cpp	True	True	True	True
25863	w0xlt	2022-08-17 18:17:29	theStack	2022-08-20 10:13:38	src/test/descriptor_tests.cpp	True	True	True	True
25861	fanquake	2022-08-17 14:42:10	hebasto	2022-08-22 08:38:16	contrib/guix/manifest.scm	True	True	True	True
25861	fanquake	2022-08-17 14:42:10	hebasto	2022-08-22 11:44:29	contrib/guix/manifest.scm	True	True	True	True
25861	fanquake	2022-08-17 14:42:10	hebasto	2022-09-01 12:20:56	contrib/guix/manifest.scm	True	True	True	True
25861	fanquake	2022-08-17 14:42:10	jarolrod	2022-08-19 03:56:20	contrib/guix/manifest.scm	True	True	True	True
25854	SkiingIsFun123	2022-08-15 21:12:05	0xB10C	2022-08-29 10:45:48	doc/tracing.md	True	True	True	True
25854	SkiingIsFun123	2022-08-15 21:12:05	luke-jr	2022-08-19 01:03:10	doc/tracing.md	True	True	True	True
25853	jonatack	2022-08-15 13:25:45	satsie	2022-08-16 02:30:21	contrib/seeds/nodes_test.txt	True	True	True	True
25853	jonatack	2022-08-15 13:25:45	Sjors	2022-08-17 11:28:56	contrib/seeds/nodes_test.txt	True	True	True	True
25853	jonatack	2022-08-15 13:25:45	satsie	2022-08-16 02:30:21	src/chainparamsseeds.h	True	True	True	True
25853	jonatack	2022-08-15 13:25:45	Sjors	2022-08-17 11:28:56	src/chainparamsseeds.h	True	True	True	True
25852	fanquake	2022-08-15 13:14:50	luke-jr	2022-08-19 01:01:44	configure.ac	True	True	False	True
25851	fanquake	2022-08-15 12:58:47	jarolrod	2022-08-15 13:48:19	build_msvc/README.md	True	True	True	True
25851	fanquake	2022-08-15 12:58:47	luke-jr	2022-08-19 00:56:41	build_msvc/README.md	True	True	True	True
25850	laanwj	2022-08-15 10:51:19	fanquake	2022-08-15 12:32:12	SECURITY.md	True	False	False	True
25849	MarcoFalke	2022-08-15 10:41:59	Riahiamirreza	2022-08-15 12:16:18	src/wallet/rpc/spend.cpp	True	False	False	True
25849	MarcoFalke	2022-08-15 10:41:59	aureleoules	2022-08-15 12:22:11	src/wallet/rpc/spend.cpp	True	False	False	True
25838	hebasto	2022-08-13 13:36:01	fanquake	2022-08-15 10:01:33	depends/hosts/default.mk	True	True	False	True
25838	hebasto	2022-08-13 13:36:01	fanquake	2022-08-15 10:01:33	depends/packages/qt.mk	True	True	False	True
25838	hebasto	2022-08-13 13:36:01	fanquake	2022-08-15 10:01:33	depends/patches/qt/guix_cross_lib_path.patch	True	True	False	True
25836	fanquake	2022-08-13 12:58:08	hebasto	2022-08-13 12:59:17	src/crc32c/CMakeLists.txt	True	True	False	True
25836	fanquake	2022-08-13 12:58:08	jarolrod	2022-08-14 17:39:34	CMakeLists.txt	True	True	False	True
25836	fanquake	2022-08-13 12:58:08	jarolrod	2022-08-14 17:39:34	src/crc32c/CMakeLists.txt	True	True	False	True
25836	fanquake	2022-08-13 12:58:08	hebasto	2022-08-13 12:59:17	CMakeLists.txt	True	True	False	True
25833	satsie	2022-08-12 17:22:46	adam2k	2022-08-12 19:29:01	contrib/guix/INSTALL.md	True	True	True	True
25833	satsie	2022-08-12 17:22:46	jarolrod	2022-08-15 20:09:32	contrib/guix/README.md	True	True	True	True
25833	satsie	2022-08-12 17:22:46	jarolrod	2022-08-14 19:18:32	contrib/guix/INSTALL.md	True	True	True	True
25833	satsie	2022-08-12 17:22:46	jarolrod	2022-08-14 19:18:32	contrib/guix/README.md	True	True	True	True
25833	satsie	2022-08-12 17:22:46	jarolrod	2022-08-15 20:09:32	contrib/guix/INSTALL.md	True	True	True	True
25833	satsie	2022-08-12 17:22:46	adam2k	2022-08-12 19:29:01	contrib/guix/README.md	True	True	True	True
25833	satsie	2022-08-12 17:22:46	fanquake	2022-08-13 14:03:41	contrib/guix/INSTALL.md	True	True	True	True
25833	satsie	2022-08-12 17:22:46	fanquake	2022-08-13 14:03:41	contrib/guix/README.md	True	True	True	True
25831	aureleoules	2022-08-12 12:19:45	vasild	2022-09-14 10:39:50	src/sync.h	True	True	False	True
25829	fanquake	2022-08-12 10:22:40	josibake	2022-08-16 08:54:54	share/setup.nsi.in	False	True	True	True
25829	fanquake	2022-08-12 10:22:40	josibake	2022-08-17 10:52:10	contrib/guix/libexec/build.sh	True	True	True	True
25829	fanquake	2022-08-12 10:22:40	josibake	2022-08-17 10:52:10	share/setup.nsi.in	True	True	True	True
25829	fanquake	2022-08-12 10:22:40	hebasto	2022-08-16 10:59:35	share/setup.nsi.in	False	True	True	True
25829	fanquake	2022-08-12 10:22:40	hebasto	2022-08-16 10:59:35	contrib/guix/libexec/build.sh	True	True	True	True
25829	fanquake	2022-08-12 10:22:40	hebasto	2022-08-16 10:59:35	share/setup.nsi.in	True	True	True	True
25829	fanquake	2022-08-12 10:22:40	hebasto	2022-08-16 10:14:59	share/setup.nsi.in	False	True	True	True
25829	fanquake	2022-08-12 10:22:40	hebasto	2022-08-16 10:14:59	contrib/guix/libexec/build.sh	True	True	True	True
25829	fanquake	2022-08-12 10:22:40	josibake	2022-08-17 10:52:10	share/setup.nsi.in	False	True	True	True
25829	fanquake	2022-08-12 10:22:40	hebasto	2022-08-16 10:14:59	share/setup.nsi.in	True	True	True	True
25829	fanquake	2022-08-12 10:22:40	josibake	2022-08-16 08:54:54	contrib/guix/libexec/build.sh	True	True	True	True
25829	fanquake	2022-08-12 10:22:40	josibake	2022-08-16 08:47:15	share/setup.nsi.in	False	True	True	True
25829	fanquake	2022-08-12 10:22:40	josibake	2022-08-16 08:47:15	contrib/guix/libexec/build.sh	True	True	True	True
25829	fanquake	2022-08-12 10:22:40	josibake	2022-08-16 08:47:15	share/setup.nsi.in	True	True	True	True
25829	fanquake	2022-08-12 10:22:40	hebasto	2022-08-16 05:46:39	share/setup.nsi.in	False	True	True	True
25829	fanquake	2022-08-12 10:22:40	hebasto	2022-08-16 05:46:39	contrib/guix/libexec/build.sh	True	True	True	True
25829	fanquake	2022-08-12 10:22:40	hebasto	2022-08-16 05:46:39	share/setup.nsi.in	True	True	True	True
25829	fanquake	2022-08-12 10:22:40	josibake	2022-08-16 08:54:54	share/setup.nsi.in	True	True	True	True
25825	glozow	2022-08-11 16:31:33	furszy	2022-08-11 17:48:54	src/wallet/spend.cpp	True	True	False	True
25825	glozow	2022-08-11 16:31:33	furszy	2022-08-11 17:48:54	src/wallet/coinselection.h	True	True	False	True
25825	glozow	2022-08-11 16:31:33	aureleoules	2022-08-11 18:49:54	src/wallet/spend.cpp	True	True	False	True
25825	glozow	2022-08-11 16:31:33	aureleoules	2022-08-11 18:49:54	src/wallet/coinselection.h	True	True	False	True
25820	glozow	2022-08-11 11:52:50	darosior	2022-08-11 12:54:30	src/test/rbf_tests.cpp	True	True	False	True
25817	fanquake	2022-08-10 15:46:23	hebasto	2022-08-12 14:35:28	depends/packages/qt.mk	True	True	True	True
25817	fanquake	2022-08-10 15:46:23	hebasto	2022-08-12 14:36:41	depends/packages/qt.mk	True	True	True	True
25817	fanquake	2022-08-10 15:46:23	hebasto	2022-08-12 15:50:29	depends/packages/qt.mk	True	True	True	True
25817	fanquake	2022-08-10 15:46:23	jarolrod	2022-08-12 18:13:37	depends/packages/qt.mk	True	True	True	True
25816	hebasto	2022-08-10 14:49:22	sipsorcery	2022-08-10 21:04:32	build_msvc/common.init.vcxproj.in	True	True	False	True
25815	MarcoFalke	2022-08-10 14:43:00	adam2k	2022-08-11 17:31:18	src/test/validation_chainstate_tests.cpp	True	True	False	True
25815	MarcoFalke	2022-08-10 14:43:00	adam2k	2022-08-11 17:31:18	src/test/validation_flush_tests.cpp	True	True	False	True
25814	vasild	2022-08-10 13:13:10	w0xlt	2022-08-11 20:31:43	src/net.cpp	True	False	False	True
25814	vasild	2022-08-10 13:13:10	jarolrod	2022-08-10 19:27:21	src/net.cpp	True	False	False	True
25814	vasild	2022-08-10 13:13:10	aureleoules	2022-08-11 09:45:04	src/net.cpp	True	False	False	True
25813	fanquake	2022-08-10 12:41:54	jarolrod	2022-08-10 16:54:58	src/Makefile.am	True	False	False	True
25813	fanquake	2022-08-10 12:41:54	hebasto	2022-08-10 13:28:34	src/Makefile.test.include	True	False	False	True
25813	fanquake	2022-08-10 12:41:54	hebasto	2022-08-10 13:28:34	src/Makefile.bench.include	True	False	False	True
25813	fanquake	2022-08-10 12:41:54	hebasto	2022-08-10 13:28:34	src/Makefile.am	True	False	False	True
25813	fanquake	2022-08-10 12:41:54	jarolrod	2022-08-10 16:54:58	src/Makefile.test.include	True	False	False	True
25813	fanquake	2022-08-10 12:41:54	jarolrod	2022-08-10 16:54:58	src/Makefile.bench.include	True	False	False	True
25812	achow101	2022-08-09 21:22:00	darosior	2022-08-10 14:39:45	test/functional/rpc_psbt.py	True	True	True	True
25812	achow101	2022-08-09 21:22:00	darosior	2022-08-10 14:39:45	test/functional/data/rpc_psbt.json	True	True	True	True
25812	achow101	2022-08-09 21:22:00	darosior	2022-08-10 14:39:45	src/psbt.h	True	True	True	True
25812	achow101	2022-08-09 21:22:00	jonatack	2022-08-10 16:51:18	test/functional/rpc_psbt.py	True	True	True	True
25812	achow101	2022-08-09 21:22:00	jonatack	2022-08-10 16:51:18	test/functional/data/rpc_psbt.json	True	True	True	True
25812	achow101	2022-08-09 21:22:00	jonatack	2022-08-10 16:51:18	src/psbt.h	True	True	True	True
25811	theStack	2022-08-09 16:14:38	1440000bytes	2022-08-09 16:54:17	test/functional/example_test.py	True	True	False	True
25811	theStack	2022-08-09 16:14:38	fanquake	2022-08-10 15:53:30	test/functional/example_test.py	True	True	False	True
25811	theStack	2022-08-09 16:14:38	1440000bytes	2022-08-09 16:54:17	test/functional/README.md	True	True	False	True
25811	theStack	2022-08-09 16:14:38	fanquake	2022-08-10 15:53:30	test/functional/README.md	True	True	False	True
25811	theStack	2022-08-09 16:14:38	brunoerg	2022-08-09 18:07:33	test/functional/example_test.py	True	True	False	True
25811	theStack	2022-08-09 16:14:38	w0xlt	2022-08-09 18:46:04	test/functional/README.md	True	True	False	True
25811	theStack	2022-08-09 16:14:38	brunoerg	2022-08-09 18:07:33	test/functional/README.md	True	True	False	True
25811	theStack	2022-08-09 16:14:38	w0xlt	2022-08-09 18:46:04	test/functional/example_test.py	True	True	False	True
25810	theStack	2022-08-09 13:13:23	fanquake	2022-08-10 15:53:11	test/functional/mempool_packages.py	True	True	False	True
25810	theStack	2022-08-09 13:13:23	glozow	2022-08-10 11:47:35	test/functional/mempool_package_onemore.py	True	True	False	True
25810	theStack	2022-08-09 13:13:23	glozow	2022-08-10 11:47:35	test/functional/mempool_packages.py	True	True	False	True
25810	theStack	2022-08-09 13:13:23	fanquake	2022-08-10 15:53:11	test/functional/mempool_package_onemore.py	True	True	False	True
25810	theStack	2022-08-09 13:13:23	glozow	2022-08-10 11:47:35	test/functional/test_framework/messages.py	True	True	False	True
25810	theStack	2022-08-09 13:13:23	fanquake	2022-08-10 15:53:11	test/functional/test_framework/messages.py	True	True	False	True
25810	theStack	2022-08-09 13:13:23	w0xlt	2022-08-10 01:07:15	test/functional/mempool_package_onemore.py	True	True	False	True
25810	theStack	2022-08-09 13:13:23	w0xlt	2022-08-10 01:07:15	test/functional/mempool_packages.py	True	True	False	True
25810	theStack	2022-08-09 13:13:23	w0xlt	2022-08-10 01:07:15	test/functional/test_framework/messages.py	True	True	False	True
25809	fanquake	2022-08-09 08:22:18	1440000bytes	2022-08-10 16:47:53	configure.ac	True	True	True	True
25809	fanquake	2022-08-09 08:22:18	hebasto	2022-08-13 16:51:04	Makefile.am	True	True	True	True
25809	fanquake	2022-08-09 08:22:18	hebasto	2022-08-13 16:51:04	configure.ac	True	True	True	True
25809	fanquake	2022-08-09 08:22:18	luke-jr	2022-08-10 20:07:47	share/setup.nsi.in	True	True	True	True
25809	fanquake	2022-08-09 08:22:18	hebasto	2022-08-13 16:51:04	share/setup.nsi.in	True	True	True	True
25809	fanquake	2022-08-09 08:22:18	luke-jr	2022-08-10 20:07:47	Makefile.am	True	True	True	True
25809	fanquake	2022-08-09 08:22:18	luke-jr	2022-08-10 20:07:47	configure.ac	True	True	True	True
25809	fanquake	2022-08-09 08:22:18	1440000bytes	2022-08-10 16:47:53	share/setup.nsi.in	True	True	True	True
25809	fanquake	2022-08-09 08:22:18	1440000bytes	2022-08-10 16:47:53	Makefile.am	True	True	True	True
25809	fanquake	2022-08-09 08:22:18	jarolrod	2022-08-10 02:38:34	configure.ac	True	True	True	True
25809	fanquake	2022-08-09 08:22:18	jarolrod	2022-08-10 02:40:42	share/setup.nsi.in	True	True	True	True
25809	fanquake	2022-08-09 08:22:18	jarolrod	2022-08-10 02:40:42	Makefile.am	True	True	True	True
25809	fanquake	2022-08-09 08:22:18	jarolrod	2022-08-10 02:40:42	configure.ac	True	True	True	True
25809	fanquake	2022-08-09 08:22:18	jarolrod	2022-08-10 02:38:34	share/setup.nsi.in	True	True	True	True
25809	fanquake	2022-08-09 08:22:18	jarolrod	2022-08-10 02:38:34	Makefile.am	True	True	True	True
25809	fanquake	2022-08-09 08:22:18	luke-jr	2022-08-10 02:10:37	share/setup.nsi.in	True	True	True	True
25809	fanquake	2022-08-09 08:22:18	luke-jr	2022-08-10 02:10:37	Makefile.am	True	True	True	True
25809	fanquake	2022-08-09 08:22:18	luke-jr	2022-08-10 02:10:37	configure.ac	True	True	True	True
25808	fanquake	2022-08-09 08:07:54	hebasto	2022-08-19 08:43:41	src/fs.h	True	True	False	True
25808	fanquake	2022-08-09 08:07:54	ryanofsky	2022-08-15 19:05:09	build_msvc/common.init.vcxproj.in	True	True	False	True
25808	fanquake	2022-08-09 08:07:54	hebasto	2022-08-19 08:43:41	build_msvc/common.init.vcxproj.in	True	True	False	True
25808	fanquake	2022-08-09 08:07:54	ryanofsky	2022-08-15 19:05:09	src/fs.h	True	True	False	True
25808	fanquake	2022-08-09 08:07:54	MarcoFalke	2022-08-19 08:16:54	build_msvc/common.init.vcxproj.in	True	True	False	True
25808	fanquake	2022-08-09 08:07:54	MarcoFalke	2022-08-19 08:16:54	src/fs.h	True	True	False	True
25804	hebasto	2022-08-08 11:21:52	jarolrod	2022-08-08 15:18:28	.tx/config	True	True	False	True
25804	hebasto	2022-08-08 11:21:52	jarolrod	2022-08-08 15:18:28	src/qt/locale/bitcoin_en.xlf	True	True	False	True
25804	hebasto	2022-08-08 11:21:52	jarolrod	2022-08-08 15:18:28	src/qt/locale/bitcoin_en.ts	True	True	False	True
25804	hebasto	2022-08-08 11:21:52	jarolrod	2022-08-08 15:18:28	src/qt/bitcoinstrings.cpp	True	True	False	True
25803	hebasto	2022-08-08 10:57:15	theStack	2022-08-15 18:55:02	src/test/util_tests.cpp	True	True	False	True
25803	hebasto	2022-08-08 10:57:15	theStack	2022-08-15 18:55:02	test/lint/lint-includes.py	True	True	False	True
25803	hebasto	2022-08-08 10:57:15	theStack	2022-08-15 18:55:02	src/util/string.h	True	True	False	True
25803	hebasto	2022-08-08 10:57:15	theStack	2022-08-15 18:55:02	src/util/string.cpp	True	True	False	True
25799	fanquake	2022-08-07 13:17:56	hebasto	2022-08-07 14:44:56	contrib/guix/manifest.scm	True	True	False	True
25799	fanquake	2022-08-07 13:17:56	jarolrod	2022-08-07 20:04:51	contrib/guix/manifest.scm	True	True	False	True
25799	fanquake	2022-08-07 13:17:56	jarolrod	2022-08-07 20:04:51	contrib/guix/patches/nsis-disable-installer-reloc.patch	True	True	False	True
25799	fanquake	2022-08-07 13:17:56	hebasto	2022-08-07 14:44:56	contrib/guix/patches/nsis-disable-installer-reloc.patch	True	True	False	True
25798	fanquake	2022-08-07 11:35:52	jarolrod	2022-08-08 06:28:34	src/Makefile.test.include	True	True	False	True
25794	0xB10C	2022-08-06 12:00:52	w0xlt	2022-08-08 06:10:29	test/functional/interface_usdt_validation.py	True	True	False	True
25792	w0xlt	2022-08-06 06:00:23	MarcoFalke	2022-08-10 17:32:04	test/functional/mempool_datacarrier.py	True	True	True	True
25792	w0xlt	2022-08-06 06:00:23	stickies-v	2022-08-11 15:33:53	test/functional/mempool_datacarrier.py	True	True	True	True
25792	w0xlt	2022-08-06 06:00:23	stickies-v	2022-08-10 13:30:59	test/functional/test_runner.py	True	True	True	True
25792	w0xlt	2022-08-06 06:00:23	stickies-v	2022-08-10 13:30:59	test/functional/test_framework/messages.py	True	True	True	True
25792	w0xlt	2022-08-06 06:00:23	stickies-v	2022-08-10 13:30:59	test/functional/mempool_datacarrier.py	True	True	True	True
25792	w0xlt	2022-08-06 06:00:23	MarcoFalke	2022-08-10 11:50:18	test/functional/test_runner.py	True	True	True	True
25792	w0xlt	2022-08-06 06:00:23	MarcoFalke	2022-08-10 11:50:18	test/functional/test_framework/messages.py	True	True	True	True
25792	w0xlt	2022-08-06 06:00:23	MarcoFalke	2022-08-10 11:50:18	test/functional/mempool_datacarrier.py	True	True	True	True
25792	w0xlt	2022-08-06 06:00:23	MarcoFalke	2022-08-10 17:32:04	test/functional/test_runner.py	True	True	True	True
25792	w0xlt	2022-08-06 06:00:23	MarcoFalke	2022-08-10 17:32:04	test/functional/test_framework/messages.py	True	True	True	True
25792	w0xlt	2022-08-06 06:00:23	theStack	2022-08-11 15:26:31	test/functional/test_framework/messages.py	True	True	True	True
25792	w0xlt	2022-08-06 06:00:23	theStack	2022-08-11 11:15:48	test/functional/test_runner.py	True	True	True	True
25792	w0xlt	2022-08-06 06:00:23	theStack	2022-08-11 11:15:48	test/functional/test_framework/messages.py	True	True	True	True
25792	w0xlt	2022-08-06 06:00:23	theStack	2022-08-11 11:15:48	test/functional/mempool_datacarrier.py	True	True	True	True
25792	w0xlt	2022-08-06 06:00:23	stickies-v	2022-08-11 11:25:07	test/functional/test_runner.py	True	True	True	True
25792	w0xlt	2022-08-06 06:00:23	stickies-v	2022-08-11 11:25:07	test/functional/test_framework/messages.py	True	True	True	True
25792	w0xlt	2022-08-06 06:00:23	stickies-v	2022-08-11 11:25:07	test/functional/mempool_datacarrier.py	True	True	True	True
25792	w0xlt	2022-08-06 06:00:23	theStack	2022-08-11 15:26:31	test/functional/test_runner.py	True	True	True	True
25792	w0xlt	2022-08-06 06:00:23	stickies-v	2022-08-10 11:33:13	test/functional/mempool_datacarrier.py	True	True	True	True
25792	w0xlt	2022-08-06 06:00:23	theStack	2022-08-11 15:26:31	test/functional/mempool_datacarrier.py	True	True	True	True
25792	w0xlt	2022-08-06 06:00:23	stickies-v	2022-08-11 15:33:53	test/functional/test_framework/messages.py	True	True	True	True
25792	w0xlt	2022-08-06 06:00:23	stickies-v	2022-08-11 15:33:53	test/functional/test_runner.py	True	True	True	True
25792	w0xlt	2022-08-06 06:00:23	theStack	2022-08-07 02:12:53	test/functional/test_framework/messages.py	True	True	True	True
25792	w0xlt	2022-08-06 06:00:23	stickies-v	2022-08-09 11:37:06	test/functional/test_runner.py	True	True	True	True
25792	w0xlt	2022-08-06 06:00:23	theStack	2022-08-07 02:12:53	test/functional/test_runner.py	True	True	True	True
25792	w0xlt	2022-08-06 06:00:23	stickies-v	2022-08-10 11:33:13	test/functional/test_framework/messages.py	True	True	True	True
25792	w0xlt	2022-08-06 06:00:23	theStack	2022-08-07 02:12:53	test/functional/mempool_datacarrier.py	True	True	True	True
25792	w0xlt	2022-08-06 06:00:23	glozow	2022-08-08 15:42:24	test/functional/test_runner.py	True	True	True	True
25792	w0xlt	2022-08-06 06:00:23	glozow	2022-08-08 15:42:24	test/functional/mempool_datacarrier.py	True	True	True	True
25792	w0xlt	2022-08-06 06:00:23	brunoerg	2022-08-08 21:02:13	test/functional/test_runner.py	True	True	True	True
25792	w0xlt	2022-08-06 06:00:23	brunoerg	2022-08-08 21:02:13	test/functional/test_framework/messages.py	True	True	True	True
25792	w0xlt	2022-08-06 06:00:23	brunoerg	2022-08-08 21:02:13	test/functional/mempool_datacarrier.py	True	True	True	True
25792	w0xlt	2022-08-06 06:00:23	glozow	2022-08-08 15:42:24	test/functional/test_framework/messages.py	True	True	True	True
25792	w0xlt	2022-08-06 06:00:23	stickies-v	2022-08-09 11:37:06	test/functional/test_framework/messages.py	True	True	True	True
25792	w0xlt	2022-08-06 06:00:23	theStack	2022-08-09 16:52:04	test/functional/test_runner.py	True	True	True	True
25792	w0xlt	2022-08-06 06:00:23	theStack	2022-08-09 16:52:04	test/functional/test_framework/messages.py	True	True	True	True
25792	w0xlt	2022-08-06 06:00:23	theStack	2022-08-09 16:52:04	test/functional/mempool_datacarrier.py	True	True	True	True
25792	w0xlt	2022-08-06 06:00:23	stickies-v	2022-08-09 11:37:06	test/functional/mempool_datacarrier.py	True	True	True	True
25792	w0xlt	2022-08-06 06:00:23	theStack	2022-08-09 16:19:12	test/functional/test_runner.py	True	True	True	True
25792	w0xlt	2022-08-06 06:00:23	theStack	2022-08-09 16:19:12	test/functional/test_framework/messages.py	True	True	True	True
25792	w0xlt	2022-08-06 06:00:23	theStack	2022-08-09 16:19:12	test/functional/mempool_datacarrier.py	True	True	True	True
25792	w0xlt	2022-08-06 06:00:23	stickies-v	2022-08-10 11:33:13	test/functional/test_runner.py	True	True	True	True
25790	w0xlt	2022-08-05 19:45:29	achow101	2022-08-05 20:07:33	src/wallet/wallet.cpp	True	True	True	True
25790	w0xlt	2022-08-05 19:45:29	theStack	2022-08-06 20:40:17	src/wallet/wallet.cpp	True	True	True	True
25788	fanquake	2022-08-05 17:48:29	hebasto	2022-08-05 19:14:32	contrib/guix/patches/nsis-disable-installer-reloc.patch	True	True	False	True
25788	fanquake	2022-08-05 17:48:29	hebasto	2022-08-05 19:14:32	contrib/guix/manifest.scm	True	True	False	True
25788	fanquake	2022-08-05 17:48:29	hebasto	2022-08-05 18:13:25	contrib/guix/patches/nsis-disable-installer-reloc.patch	True	True	False	True
25788	fanquake	2022-08-05 17:48:29	hebasto	2022-08-05 18:13:25	contrib/guix/manifest.scm	True	True	False	True
25788	fanquake	2022-08-05 17:48:29	jarolrod	2022-08-05 19:25:37	contrib/guix/patches/nsis-disable-installer-reloc.patch	True	True	False	True
25788	fanquake	2022-08-05 17:48:29	jarolrod	2022-08-05 19:25:37	contrib/guix/manifest.scm	True	True	False	True
25786	MarcoFalke	2022-08-05 12:48:37	ryanofsky	2022-08-18 18:29:15	src/timedata.cpp	False	True	True	True
25786	MarcoFalke	2022-08-05 12:48:37	ryanofsky	2022-08-18 18:29:15	src/chain.h	True	True	True	True
25786	MarcoFalke	2022-08-05 12:48:37	ryanofsky	2022-08-18 18:29:15	src/validation.h	False	True	True	True
25786	MarcoFalke	2022-08-05 12:48:37	ryanofsky	2022-08-18 18:29:15	src/validation.cpp	False	True	True	True
25786	MarcoFalke	2022-08-05 12:48:37	ryanofsky	2022-08-18 18:29:15	src/timedata.h	False	True	True	True
25786	MarcoFalke	2022-08-05 12:48:37	dergoegge	2022-08-05 18:17:25	src/bitcoin-chainstate.cpp	False	True	True	True
25786	MarcoFalke	2022-08-05 12:48:37	ryanofsky	2022-08-18 18:29:15	src/node/miner.cpp	False	True	True	True
25786	MarcoFalke	2022-08-05 12:48:37	ryanofsky	2022-08-18 18:29:15	src/net_processing.cpp	False	True	True	True
25786	MarcoFalke	2022-08-05 12:48:37	ryanofsky	2022-08-18 18:29:15	src/kernel/chainstatemanager_opts.h	False	True	True	True
25786	MarcoFalke	2022-08-05 12:48:37	ryanofsky	2022-08-18 18:29:15	src/bitcoin-chainstate.cpp	False	True	True	True
25786	MarcoFalke	2022-08-05 12:48:37	ryanofsky	2022-08-18 18:29:15	src/primitives/block.h	True	True	True	True
25786	MarcoFalke	2022-08-05 12:48:37	ryanofsky	2022-08-18 18:29:15	src/consensus/params.h	True	True	True	True
25786	MarcoFalke	2022-08-05 12:48:37	dergoegge	2022-08-05 18:17:25	src/kernel/chainstatemanager_opts.h	False	True	True	True
25786	MarcoFalke	2022-08-05 12:48:37	dergoegge	2022-08-05 18:17:25	src/net_processing.cpp	False	True	True	True
25786	MarcoFalke	2022-08-05 12:48:37	dergoegge	2022-08-05 18:17:25	src/node/miner.cpp	False	True	True	True
25786	MarcoFalke	2022-08-05 12:48:37	dergoegge	2022-08-05 18:17:25	src/timedata.cpp	False	True	True	True
25786	MarcoFalke	2022-08-05 12:48:37	dergoegge	2022-08-05 18:17:25	src/timedata.h	False	True	True	True
25786	MarcoFalke	2022-08-05 12:48:37	dergoegge	2022-08-05 18:17:25	src/validation.cpp	False	True	True	True
25786	MarcoFalke	2022-08-05 12:48:37	dergoegge	2022-08-05 18:17:25	src/validation.h	False	True	True	True
25786	MarcoFalke	2022-08-05 12:48:37	dergoegge	2022-08-05 18:17:25	src/chain.h	True	True	True	True
25786	MarcoFalke	2022-08-05 12:48:37	dergoegge	2022-08-05 18:17:25	src/consensus/params.h	True	True	True	True
25786	MarcoFalke	2022-08-05 12:48:37	dergoegge	2022-08-05 18:17:25	src/primitives/block.h	True	True	True	True
25784	luke-jr	2022-08-05 02:57:01	ryanofsky	2022-08-18 18:48:15	src/wallet/wallet.cpp	True	True	True	True
25784	luke-jr	2022-08-05 02:57:01	w0xlt	2022-08-05 17:29:04	src/wallet/wallet.cpp	True	True	True	True
25784	luke-jr	2022-08-05 02:57:01	w0xlt	2022-08-05 17:29:04	src/wallet/wallet.h	True	True	True	True
25784	luke-jr	2022-08-05 02:57:01	w0xlt	2022-08-05 17:29:04	src/wallet/wallettool.cpp	True	True	True	True
25784	luke-jr	2022-08-05 02:57:01	ryanofsky	2022-08-18 18:48:15	src/wallet/wallet.h	True	True	True	True
25784	luke-jr	2022-08-05 02:57:01	ryanofsky	2022-08-18 18:48:15	src/wallet/wallettool.cpp	True	True	True	True
25783	petertodd	2022-08-04 17:12:52	jonatack	2022-08-04 17:19:31	src/net.cpp	True	True	True	True
25782	theStack	2022-08-04 16:54:56	w0xlt	2022-08-08 13:24:06	test/functional/rpc_signmessagewithprivkey.py	True	True	True	True
25779	fanquake	2022-08-04 13:32:33	jarolrod	2022-08-05 03:26:10	contrib/guix/manifest.scm	True	True	False	True
25775	glozow	2022-08-03 14:35:47	t-bast	2022-08-22 06:57:32	src/wallet/feebumper.cpp	True	True	True	True
25775	glozow	2022-08-03 14:35:47	t-bast	2022-08-08 14:55:10	src/policy/rbf.h	True	True	True	True
25775	glozow	2022-08-03 14:35:47	t-bast	2022-08-08 14:55:10	src/policy/rbf.cpp	True	True	True	True
25775	glozow	2022-08-03 14:35:47	t-bast	2022-08-08 14:55:10	src/policy/policy.h	True	True	True	True
25775	glozow	2022-08-03 14:35:47	t-bast	2022-08-08 14:55:10	src/node/mempool_args.cpp	True	True	True	True
25775	glozow	2022-08-03 14:35:47	t-bast	2022-08-08 14:55:10	src/init.cpp	True	True	True	True
25775	glozow	2022-08-03 14:35:47	t-bast	2022-08-08 14:55:10	doc/policy/packages.md	True	True	True	True
25775	glozow	2022-08-03 14:35:47	t-bast	2022-08-22 06:57:32	test/functional/feature_rbf.py	True	True	True	True
25775	glozow	2022-08-03 14:35:47	t-bast	2022-08-22 06:57:32	src/wallet/wallet.h	True	True	True	True
25775	glozow	2022-08-03 14:35:47	t-bast	2022-08-22 06:57:32	src/wallet/rpc/spend.cpp	True	True	True	True
25775	glozow	2022-08-03 14:35:47	t-bast	2022-08-22 06:57:32	doc/policy/packages.md	True	True	True	True
25775	glozow	2022-08-03 14:35:47	t-bast	2022-08-22 06:57:32	src/validation.h	True	True	True	True
25775	glozow	2022-08-03 14:35:47	t-bast	2022-08-22 06:57:32	src/validation.cpp	True	True	True	True
25775	glozow	2022-08-03 14:35:47	t-bast	2022-08-22 06:57:32	src/rpc/net.cpp	True	True	True	True
25775	glozow	2022-08-03 14:35:47	t-bast	2022-08-22 06:57:32	src/rpc/mempool.cpp	True	True	True	True
25775	glozow	2022-08-03 14:35:47	t-bast	2022-08-22 06:57:32	src/policy/rbf.h	True	True	True	True
25775	glozow	2022-08-03 14:35:47	t-bast	2022-08-22 06:57:32	src/policy/rbf.cpp	True	True	True	True
25775	glozow	2022-08-03 14:35:47	t-bast	2022-08-22 06:57:32	src/policy/policy.h	True	True	True	True
25775	glozow	2022-08-03 14:35:47	t-bast	2022-08-22 06:57:32	src/node/mempool_args.cpp	True	True	True	True
25775	glozow	2022-08-03 14:35:47	t-bast	2022-08-22 06:57:32	src/init.cpp	True	True	True	True
25775	glozow	2022-08-03 14:35:47	t-bast	2022-08-08 14:55:10	src/rpc/net.cpp	True	True	True	True
25775	glozow	2022-08-03 14:35:47	t-bast	2022-08-08 14:55:10	src/rpc/mempool.cpp	True	True	True	True
25775	glozow	2022-08-03 14:35:47	t-bast	2022-08-22 06:57:32	src/txmempool.h	True	True	True	True
25775	glozow	2022-08-03 14:35:47	t-bast	2022-08-08 14:55:10	src/txmempool.h	True	True	True	True
25775	glozow	2022-08-03 14:35:47	ariard	2022-08-21 16:15:31	src/rpc/mempool.cpp	True	True	True	True
25775	glozow	2022-08-03 14:35:47	ariard	2022-08-21 16:15:31	test/functional/feature_rbf.py	True	True	True	True
25775	glozow	2022-08-03 14:35:47	ariard	2022-08-21 16:15:31	src/wallet/wallet.h	True	True	True	True
25775	glozow	2022-08-03 14:35:47	ariard	2022-08-21 16:15:31	src/wallet/rpc/spend.cpp	True	True	True	True
25775	glozow	2022-08-03 14:35:47	ariard	2022-08-21 16:15:31	src/wallet/feebumper.cpp	True	True	True	True
25775	glozow	2022-08-03 14:35:47	ariard	2022-08-21 16:15:31	src/validation.h	True	True	True	True
25775	glozow	2022-08-03 14:35:47	ariard	2022-08-21 16:15:31	src/validation.cpp	True	True	True	True
25775	glozow	2022-08-03 14:35:47	ariard	2022-08-21 16:15:31	src/txmempool.h	True	True	True	True
25775	glozow	2022-08-03 14:35:47	ariard	2022-08-21 16:15:31	src/rpc/net.cpp	True	True	True	True
25775	glozow	2022-08-03 14:35:47	t-bast	2022-08-08 14:55:10	src/validation.cpp	True	True	True	True
25775	glozow	2022-08-03 14:35:47	ariard	2022-08-21 16:15:31	src/policy/rbf.h	True	True	True	True
25775	glozow	2022-08-03 14:35:47	ariard	2022-08-21 16:15:31	src/policy/rbf.cpp	True	True	True	True
25775	glozow	2022-08-03 14:35:47	ariard	2022-08-21 16:15:31	src/policy/policy.h	True	True	True	True
25775	glozow	2022-08-03 14:35:47	ariard	2022-08-21 16:15:31	src/node/mempool_args.cpp	True	True	True	True
25775	glozow	2022-08-03 14:35:47	ariard	2022-08-21 16:15:31	src/init.cpp	True	True	True	True
25775	glozow	2022-08-03 14:35:47	ariard	2022-08-21 16:15:31	doc/policy/packages.md	True	True	True	True
25775	glozow	2022-08-03 14:35:47	t-bast	2022-08-08 14:55:10	test/functional/feature_rbf.py	True	True	True	True
25775	glozow	2022-08-03 14:35:47	t-bast	2022-08-08 14:55:10	src/wallet/wallet.h	True	True	True	True
25775	glozow	2022-08-03 14:35:47	t-bast	2022-08-08 14:55:10	src/wallet/rpc/spend.cpp	True	True	True	True
25775	glozow	2022-08-03 14:35:47	t-bast	2022-08-08 14:55:10	src/wallet/feebumper.cpp	True	True	True	True
25775	glozow	2022-08-03 14:35:47	t-bast	2022-08-08 14:55:10	src/validation.h	True	True	True	True
25774	fanquake	2022-08-03 12:58:25	hebasto	2022-08-04 08:30:55	contrib/guix/manifest.scm	True	True	True	True
25773	MarcoFalke	2022-08-03 10:05:21	theStack	2022-08-04 13:24:45	test/functional/mempool_package_limits.py	False	False	False	True
25773	MarcoFalke	2022-08-03 10:05:21	theStack	2022-08-04 13:24:45	test/functional/test_framework/wallet.py	False	False	False	True
25772	MarcoFalke	2022-08-03 09:21:37	aureleoules	2022-08-03 11:05:07	src/test/script_p2sh_tests.cpp	False	True	False	True
25772	MarcoFalke	2022-08-03 09:21:37	theStack	2022-08-03 11:21:19	src/test/script_p2sh_tests.cpp	False	True	False	True
25770	hebasto	2022-08-02 10:37:14	kristapsk	2022-08-02 11:12:07	configure.ac	True	False	True	True
25770	hebasto	2022-08-02 10:37:14	jarolrod	2022-08-02 16:56:04	configure.ac	True	False	True	True
25768	achow101	2022-08-02 00:45:36	naumenkogs	2022-08-24 08:39:21	src/wallet/wallet.h	False	True	True	True
25768	achow101	2022-08-02 00:45:36	naumenkogs	2022-08-24 08:33:06	src/wallet/transaction.h	False	True	True	True
25768	achow101	2022-08-02 00:45:36	naumenkogs	2022-08-24 08:39:21	src/wallet/transaction.h	False	True	True	True
25768	achow101	2022-08-02 00:45:36	naumenkogs	2022-08-24 08:39:21	src/wallet/rpc/backup.cpp	False	True	True	True
25768	achow101	2022-08-02 00:45:36	naumenkogs	2022-08-24 08:39:21	test/functional/wallet_resendwallettransactions.py	True	True	True	True
25768	achow101	2022-08-02 00:45:36	naumenkogs	2022-08-24 08:39:21	test/functional/test_framework/messages.py	True	True	True	True
25768	achow101	2022-08-02 00:45:36	naumenkogs	2022-08-24 08:39:21	test/functional/mempool_expiry.py	True	True	True	True
25768	achow101	2022-08-02 00:45:36	naumenkogs	2022-08-24 08:33:06	test/functional/wallet_resendwallettransactions.py	False	True	True	True
25768	achow101	2022-08-02 00:45:36	naumenkogs	2022-08-24 08:33:06	src/wallet/wallet.h	False	True	True	True
25768	achow101	2022-08-02 00:45:36	naumenkogs	2022-08-24 08:33:06	src/wallet/wallet.cpp	False	True	True	True
25768	achow101	2022-08-02 00:45:36	naumenkogs	2022-08-24 08:33:06	test/functional/wallet_resendwallettransactions.py	True	True	True	True
25768	achow101	2022-08-02 00:45:36	naumenkogs	2022-08-24 08:33:06	src/wallet/rpc/backup.cpp	False	True	True	True
25768	achow101	2022-08-02 00:45:36	naumenkogs	2022-08-24 08:33:06	test/functional/test_framework/messages.py	True	True	True	True
25768	achow101	2022-08-02 00:45:36	Riahiamirreza	2022-08-20 17:43:55	test/functional/mempool_expiry.py	True	True	True	True
25768	achow101	2022-08-02 00:45:36	naumenkogs	2022-08-24 08:33:06	test/functional/mempool_expiry.py	True	True	True	True
25768	achow101	2022-08-02 00:45:36	rajarshimaitra	2022-08-24 10:07:49	test/functional/wallet_resendwallettransactions.py	False	True	True	True
25768	achow101	2022-08-02 00:45:36	rajarshimaitra	2022-08-24 10:07:49	src/wallet/wallet.h	False	True	True	True
25768	achow101	2022-08-02 00:45:36	rajarshimaitra	2022-08-24 10:07:49	src/wallet/wallet.cpp	False	True	True	True
25768	achow101	2022-08-02 00:45:36	rajarshimaitra	2022-08-24 10:07:49	src/wallet/transaction.h	False	True	True	True
25768	achow101	2022-08-02 00:45:36	naumenkogs	2022-08-24 08:39:21	src/wallet/wallet.cpp	False	True	True	True
25768	achow101	2022-08-02 00:45:36	hernanmarino	2022-08-24 15:06:01	src/wallet/transaction.h	False	True	True	True
25768	achow101	2022-08-02 00:45:36	naumenkogs	2022-08-24 08:39:21	test/functional/wallet_resendwallettransactions.py	False	True	True	True
25768	achow101	2022-08-02 00:45:36	stickies-v	2022-08-24 08:45:41	test/functional/mempool_expiry.py	True	True	True	True
25768	achow101	2022-08-02 00:45:36	rajarshimaitra	2022-08-24 10:07:49	test/functional/wallet_resendwallettransactions.py	True	True	True	True
25768	achow101	2022-08-02 00:45:36	pablomartin4btc	2022-08-24 15:06:03	test/functional/test_framework/messages.py	True	True	True	True
25768	achow101	2022-08-02 00:45:36	pablomartin4btc	2022-08-24 15:06:03	test/functional/mempool_expiry.py	True	True	True	True
25768	achow101	2022-08-02 00:45:36	hernanmarino	2022-08-24 15:06:01	test/functional/wallet_resendwallettransactions.py	False	True	True	True
25768	achow101	2022-08-02 00:45:36	hernanmarino	2022-08-24 15:06:01	src/wallet/wallet.h	False	True	True	True
25768	achow101	2022-08-02 00:45:36	hernanmarino	2022-08-24 15:06:01	src/wallet/wallet.cpp	False	True	True	True
25768	achow101	2022-08-02 00:45:36	hernanmarino	2022-08-24 15:06:01	src/wallet/rpc/backup.cpp	False	True	True	True
25768	achow101	2022-08-02 00:45:36	hernanmarino	2022-08-24 15:06:01	test/functional/wallet_resendwallettransactions.py	True	True	True	True
25768	achow101	2022-08-02 00:45:36	hernanmarino	2022-08-24 15:06:01	test/functional/test_framework/messages.py	True	True	True	True
25768	achow101	2022-08-02 00:45:36	hernanmarino	2022-08-24 15:06:01	test/functional/mempool_expiry.py	True	True	True	True
25768	achow101	2022-08-02 00:45:36	stickies-v	2022-08-24 08:45:41	test/functional/wallet_resendwallettransactions.py	False	True	True	True
25768	achow101	2022-08-02 00:45:36	stickies-v	2022-08-24 08:45:41	src/wallet/wallet.h	False	True	True	True
25768	achow101	2022-08-02 00:45:36	stickies-v	2022-08-24 08:45:41	src/wallet/wallet.cpp	False	True	True	True
25768	achow101	2022-08-02 00:45:36	stickies-v	2022-08-24 08:45:41	src/wallet/transaction.h	False	True	True	True
25768	achow101	2022-08-02 00:45:36	stickies-v	2022-08-24 08:45:41	src/wallet/rpc/backup.cpp	False	True	True	True
25768	achow101	2022-08-02 00:45:36	stickies-v	2022-08-24 08:45:41	test/functional/wallet_resendwallettransactions.py	True	True	True	True
25768	achow101	2022-08-02 00:45:36	stickies-v	2022-08-24 08:45:41	test/functional/test_framework/messages.py	True	True	True	True
25768	achow101	2022-08-02 00:45:36	rajarshimaitra	2022-08-24 10:07:49	src/wallet/rpc/backup.cpp	False	True	True	True
25768	achow101	2022-08-02 00:45:36	Riahiamirreza	2022-08-20 17:43:55	src/wallet/wallet.h	False	True	True	True
25768	achow101	2022-08-02 00:45:36	rajarshimaitra	2022-08-24 10:07:49	test/functional/test_framework/messages.py	True	True	True	True
25768	achow101	2022-08-02 00:45:36	sipa	2022-08-20 18:54:38	test/functional/wallet_resendwallettransactions.py	True	True	True	True
25768	achow101	2022-08-02 00:45:36	kevkevinpal	2022-08-21 00:33:24	test/functional/wallet_resendwallettransactions.py	True	True	True	True
25768	achow101	2022-08-02 00:45:36	kevkevinpal	2022-08-21 00:33:24	test/functional/test_framework/messages.py	True	True	True	True
25768	achow101	2022-08-02 00:45:36	kevkevinpal	2022-08-21 00:33:24	test/functional/mempool_expiry.py	True	True	True	True
25768	achow101	2022-08-02 00:45:36	sipa	2022-08-20 18:54:38	test/functional/wallet_resendwallettransactions.py	False	True	True	True
25768	achow101	2022-08-02 00:45:36	sipa	2022-08-20 18:54:38	src/wallet/wallet.h	False	True	True	True
25768	achow101	2022-08-02 00:45:36	sipa	2022-08-20 18:54:38	src/wallet/wallet.cpp	False	True	True	True
25768	achow101	2022-08-02 00:45:36	sipa	2022-08-20 18:54:38	src/wallet/transaction.h	False	True	True	True
25768	achow101	2022-08-02 00:45:36	sipa	2022-08-20 18:54:38	src/wallet/rpc/backup.cpp	False	True	True	True
25768	achow101	2022-08-02 00:45:36	sipa	2022-08-20 18:54:38	test/functional/test_framework/messages.py	True	True	True	True
25768	achow101	2022-08-02 00:45:36	rajarshimaitra	2022-08-24 10:07:49	test/functional/mempool_expiry.py	True	True	True	True
25768	achow101	2022-08-02 00:45:36	sipa	2022-08-20 18:54:38	test/functional/mempool_expiry.py	True	True	True	True
25768	achow101	2022-08-02 00:45:36	Riahiamirreza	2022-08-20 17:43:55	test/functional/wallet_resendwallettransactions.py	False	True	True	True
25768	achow101	2022-08-02 00:45:36	pablomartin4btc	2022-08-24 15:06:03	src/wallet/rpc/backup.cpp	False	True	True	True
25768	achow101	2022-08-02 00:45:36	Riahiamirreza	2022-08-20 17:43:55	src/wallet/wallet.cpp	False	True	True	True
25768	achow101	2022-08-02 00:45:36	Riahiamirreza	2022-08-20 17:43:55	src/wallet/transaction.h	False	True	True	True
25768	achow101	2022-08-02 00:45:36	Riahiamirreza	2022-08-20 17:43:55	src/wallet/rpc/backup.cpp	False	True	True	True
25768	achow101	2022-08-02 00:45:36	Riahiamirreza	2022-08-20 17:43:55	test/functional/wallet_resendwallettransactions.py	True	True	True	True
25768	achow101	2022-08-02 00:45:36	Riahiamirreza	2022-08-20 17:43:55	test/functional/test_framework/messages.py	True	True	True	True
25768	achow101	2022-08-02 00:45:36	kevkevinpal	2022-08-21 00:33:24	src/wallet/rpc/backup.cpp	False	True	True	True
25768	achow101	2022-08-02 00:45:36	kevkevinpal	2022-08-21 00:33:24	src/wallet/transaction.h	False	True	True	True
25768	achow101	2022-08-02 00:45:36	kevkevinpal	2022-08-21 00:33:24	src/wallet/wallet.cpp	False	True	True	True
25768	achow101	2022-08-02 00:45:36	kevkevinpal	2022-08-21 00:33:24	src/wallet/wallet.h	False	True	True	True
25768	achow101	2022-08-02 00:45:36	glozow	2022-08-22 08:59:17	test/functional/wallet_resendwallettransactions.py	False	True	True	True
25768	achow101	2022-08-02 00:45:36	glozow	2022-08-22 08:59:17	src/wallet/wallet.h	False	True	True	True
25768	achow101	2022-08-02 00:45:36	glozow	2022-08-22 08:59:17	src/wallet/wallet.cpp	False	True	True	True
25768	achow101	2022-08-02 00:45:36	glozow	2022-08-22 08:59:17	src/wallet/transaction.h	False	True	True	True
25768	achow101	2022-08-02 00:45:36	glozow	2022-08-22 08:59:17	src/wallet/rpc/backup.cpp	False	True	True	True
25768	achow101	2022-08-02 00:45:36	glozow	2022-08-22 08:59:17	test/functional/wallet_resendwallettransactions.py	True	True	True	True
25768	achow101	2022-08-02 00:45:36	glozow	2022-08-22 08:59:17	test/functional/test_framework/messages.py	True	True	True	True
25768	achow101	2022-08-02 00:45:36	glozow	2022-08-22 08:59:17	test/functional/mempool_expiry.py	True	True	True	True
25768	achow101	2022-08-02 00:45:36	kevkevinpal	2022-08-21 01:50:28	test/functional/wallet_resendwallettransactions.py	False	True	True	True
25768	achow101	2022-08-02 00:45:36	kevkevinpal	2022-08-21 01:50:28	src/wallet/wallet.h	False	True	True	True
25768	achow101	2022-08-02 00:45:36	kevkevinpal	2022-08-21 01:50:28	src/wallet/wallet.cpp	False	True	True	True
25768	achow101	2022-08-02 00:45:36	kevkevinpal	2022-08-21 01:50:28	src/wallet/transaction.h	False	True	True	True
25768	achow101	2022-08-02 00:45:36	kevkevinpal	2022-08-21 01:50:28	src/wallet/rpc/backup.cpp	False	True	True	True
25768	achow101	2022-08-02 00:45:36	kevkevinpal	2022-08-21 01:50:28	test/functional/wallet_resendwallettransactions.py	True	True	True	True
25768	achow101	2022-08-02 00:45:36	kevkevinpal	2022-08-21 01:50:28	test/functional/test_framework/messages.py	True	True	True	True
25768	achow101	2022-08-02 00:45:36	kevkevinpal	2022-08-21 01:50:28	test/functional/mempool_expiry.py	True	True	True	True
25768	achow101	2022-08-02 00:45:36	kevkevinpal	2022-08-21 00:33:24	test/functional/wallet_resendwallettransactions.py	False	True	True	True
25768	achow101	2022-08-02 00:45:36	pablomartin4btc	2022-08-24 15:06:03	test/functional/wallet_resendwallettransactions.py	True	True	True	True
25768	achow101	2022-08-02 00:45:36	kevkevinpal	2022-08-17 01:20:16	src/wallet/transaction.h	False	True	True	True
25768	achow101	2022-08-02 00:45:36	pablomartin4btc	2022-08-24 15:06:03	src/wallet/transaction.h	False	True	True	True
25768	achow101	2022-08-02 00:45:36	glozow	2022-08-18 16:34:16	src/wallet/transaction.h	False	True	True	True
25768	achow101	2022-08-02 00:45:36	glozow	2022-08-18 16:34:16	test/functional/wallet_resendwallettransactions.py	True	True	True	True
25768	achow101	2022-08-02 00:45:36	glozow	2022-08-18 16:34:16	test/functional/test_framework/messages.py	True	True	True	True
25768	achow101	2022-08-02 00:45:36	glozow	2022-08-18 16:34:16	test/functional/mempool_expiry.py	True	True	True	True
25768	achow101	2022-08-02 00:45:36	glozow	2022-08-18 15:39:43	test/functional/wallet_resendwallettransactions.py	False	True	True	True
25768	achow101	2022-08-02 00:45:36	glozow	2022-08-18 15:39:43	src/wallet/wallet.h	False	True	True	True
25768	achow101	2022-08-02 00:45:36	glozow	2022-08-18 15:39:43	src/wallet/transaction.h	False	True	True	True
25768	achow101	2022-08-02 00:45:36	glozow	2022-08-18 15:39:43	src/wallet/rpc/backup.cpp	False	True	True	True
25768	achow101	2022-08-02 00:45:36	glozow	2022-08-18 15:39:43	test/functional/wallet_resendwallettransactions.py	True	True	True	True
25768	achow101	2022-08-02 00:45:36	glozow	2022-08-18 15:39:43	test/functional/test_framework/messages.py	True	True	True	True
25768	achow101	2022-08-02 00:45:36	glozow	2022-08-18 15:39:43	test/functional/mempool_expiry.py	True	True	True	True
25768	achow101	2022-08-02 00:45:36	glozow	2022-08-18 15:06:48	test/functional/wallet_resendwallettransactions.py	False	True	True	True
25768	achow101	2022-08-02 00:45:36	glozow	2022-08-18 15:06:48	src/wallet/wallet.h	False	True	True	True
25768	achow101	2022-08-02 00:45:36	glozow	2022-08-18 15:06:48	src/wallet/wallet.cpp	False	True	True	True
25768	achow101	2022-08-02 00:45:36	glozow	2022-08-18 15:06:48	src/wallet/transaction.h	False	True	True	True
25768	achow101	2022-08-02 00:45:36	glozow	2022-08-18 15:06:48	src/wallet/rpc/backup.cpp	False	True	True	True
25768	achow101	2022-08-02 00:45:36	glozow	2022-08-18 15:06:48	test/functional/wallet_resendwallettransactions.py	True	True	True	True
25768	achow101	2022-08-02 00:45:36	glozow	2022-08-18 15:06:48	test/functional/test_framework/messages.py	True	True	True	True
25768	achow101	2022-08-02 00:45:36	glozow	2022-08-18 16:34:16	src/wallet/rpc/backup.cpp	False	True	True	True
25768	achow101	2022-08-02 00:45:36	glozow	2022-08-18 16:34:16	src/wallet/wallet.cpp	False	True	True	True
25768	achow101	2022-08-02 00:45:36	kevkevinpal	2022-08-17 01:20:16	test/functional/wallet_resendwallettransactions.py	False	True	True	True
25768	achow101	2022-08-02 00:45:36	glozow	2022-08-18 16:34:16	src/wallet/wallet.h	False	True	True	True
25768	achow101	2022-08-02 00:45:36	MarcoFalke	2022-08-19 08:10:41	test/functional/wallet_resendwallettransactions.py	False	True	True	True
25768	achow101	2022-08-02 00:45:36	MarcoFalke	2022-08-19 08:10:41	src/wallet/wallet.h	False	True	True	True
25768	achow101	2022-08-02 00:45:36	MarcoFalke	2022-08-19 08:10:41	src/wallet/wallet.cpp	False	True	True	True
25768	achow101	2022-08-02 00:45:36	MarcoFalke	2022-08-19 08:10:41	src/wallet/transaction.h	False	True	True	True
25768	achow101	2022-08-02 00:45:36	MarcoFalke	2022-08-19 08:10:41	src/wallet/rpc/backup.cpp	False	True	True	True
25768	achow101	2022-08-02 00:45:36	MarcoFalke	2022-08-19 08:10:41	test/functional/wallet_resendwallettransactions.py	True	True	True	True
25768	achow101	2022-08-02 00:45:36	MarcoFalke	2022-08-19 08:10:41	test/functional/test_framework/messages.py	True	True	True	True
25768	achow101	2022-08-02 00:45:36	MarcoFalke	2022-08-19 08:10:41	test/functional/mempool_expiry.py	True	True	True	True
25768	achow101	2022-08-02 00:45:36	kevkevinpal	2022-08-18 17:48:45	test/functional/wallet_resendwallettransactions.py	False	True	True	True
25768	achow101	2022-08-02 00:45:36	kevkevinpal	2022-08-18 17:48:45	src/wallet/wallet.h	False	True	True	True
25768	achow101	2022-08-02 00:45:36	kevkevinpal	2022-08-18 17:48:45	src/wallet/wallet.cpp	False	True	True	True
25768	achow101	2022-08-02 00:45:36	kevkevinpal	2022-08-18 17:48:45	src/wallet/transaction.h	False	True	True	True
25768	achow101	2022-08-02 00:45:36	kevkevinpal	2022-08-18 17:48:45	src/wallet/rpc/backup.cpp	False	True	True	True
25768	achow101	2022-08-02 00:45:36	kevkevinpal	2022-08-18 17:48:45	test/functional/wallet_resendwallettransactions.py	True	True	True	True
25768	achow101	2022-08-02 00:45:36	kevkevinpal	2022-08-18 17:48:45	test/functional/test_framework/messages.py	True	True	True	True
25768	achow101	2022-08-02 00:45:36	kevkevinpal	2022-08-18 17:48:45	test/functional/mempool_expiry.py	True	True	True	True
25768	achow101	2022-08-02 00:45:36	glozow	2022-08-18 16:34:16	test/functional/wallet_resendwallettransactions.py	False	True	True	True
25768	achow101	2022-08-02 00:45:36	glozow	2022-08-18 15:06:48	test/functional/mempool_expiry.py	True	True	True	True
25768	achow101	2022-08-02 00:45:36	glozow	2022-08-18 15:39:43	src/wallet/wallet.cpp	False	True	True	True
25768	achow101	2022-08-02 00:45:36	kevkevinpal	2022-08-17 01:20:16	src/wallet/wallet.h	False	True	True	True
25768	achow101	2022-08-02 00:45:36	naumenkogs	2022-08-24 08:18:43	test/functional/wallet_resendwallettransactions.py	False	True	True	True
25768	achow101	2022-08-02 00:45:36	kevkevinpal	2022-08-18 21:04:48	test/functional/wallet_resendwallettransactions.py	False	True	True	True
25768	achow101	2022-08-02 00:45:36	kevkevinpal	2022-08-18 21:04:48	src/wallet/wallet.h	False	True	True	True
25768	achow101	2022-08-02 00:45:36	kevkevinpal	2022-08-18 21:04:48	src/wallet/wallet.cpp	False	True	True	True
25768	achow101	2022-08-02 00:45:36	kevkevinpal	2022-08-18 21:04:48	src/wallet/transaction.h	False	True	True	True
25768	achow101	2022-08-02 00:45:36	kevkevinpal	2022-08-18 21:04:48	src/wallet/rpc/backup.cpp	False	True	True	True
25768	achow101	2022-08-02 00:45:36	kevkevinpal	2022-08-18 21:04:48	test/functional/wallet_resendwallettransactions.py	True	True	True	True
25768	achow101	2022-08-02 00:45:36	kevkevinpal	2022-08-18 21:04:48	test/functional/test_framework/messages.py	True	True	True	True
25768	achow101	2022-08-02 00:45:36	kevkevinpal	2022-08-18 21:04:48	test/functional/mempool_expiry.py	True	True	True	True
25768	achow101	2022-08-02 00:45:36	naumenkogs	2022-08-24 08:18:43	src/wallet/wallet.h	False	True	True	True
25768	achow101	2022-08-02 00:45:36	glozow	2022-08-02 16:17:36	test/functional/test_framework/messages.py	True	True	True	True
25768	achow101	2022-08-02 00:45:36	naumenkogs	2022-08-24 08:18:43	src/wallet/wallet.cpp	False	True	True	True
25768	achow101	2022-08-02 00:45:36	naumenkogs	2022-08-24 08:18:43	src/wallet/transaction.h	False	True	True	True
25768	achow101	2022-08-02 00:45:36	kevkevinpal	2022-08-17 01:20:16	src/wallet/wallet.cpp	False	True	True	True
25768	achow101	2022-08-02 00:45:36	naumenkogs	2022-08-24 08:18:43	test/functional/wallet_resendwallettransactions.py	True	True	True	True
25768	achow101	2022-08-02 00:45:36	naumenkogs	2022-08-24 08:18:43	test/functional/test_framework/messages.py	True	True	True	True
25768	achow101	2022-08-02 00:45:36	naumenkogs	2022-08-24 08:18:43	test/functional/mempool_expiry.py	True	True	True	True
25768	achow101	2022-08-02 00:45:36	pablomartin4btc	2022-08-24 15:06:03	test/functional/wallet_resendwallettransactions.py	False	True	True	True
25768	achow101	2022-08-02 00:45:36	pablomartin4btc	2022-08-24 15:06:03	src/wallet/wallet.h	False	True	True	True
25768	achow101	2022-08-02 00:45:36	glozow	2022-08-02 16:17:36	test/functional/mempool_expiry.py	True	True	True	True
25768	achow101	2022-08-02 00:45:36	naumenkogs	2022-08-24 08:18:43	src/wallet/rpc/backup.cpp	False	True	True	True
25768	achow101	2022-08-02 00:45:36	glozow	2022-08-02 16:17:36	test/functional/wallet_resendwallettransactions.py	True	True	True	True
25768	achow101	2022-08-02 00:45:36	glozow	2022-08-08 15:52:24	src/wallet/transaction.h	False	True	True	True
25768	achow101	2022-08-02 00:45:36	glozow	2022-08-02 16:17:36	src/wallet/rpc/backup.cpp	False	True	True	True
25768	achow101	2022-08-02 00:45:36	kevkevinpal	2022-08-17 01:20:16	src/wallet/rpc/backup.cpp	False	True	True	True
25768	achow101	2022-08-02 00:45:36	kevkevinpal	2022-08-17 01:20:16	test/functional/wallet_resendwallettransactions.py	True	True	True	True
25768	achow101	2022-08-02 00:45:36	kevkevinpal	2022-08-17 01:20:16	test/functional/test_framework/messages.py	True	True	True	True
25768	achow101	2022-08-02 00:45:36	kevkevinpal	2022-08-17 01:20:16	test/functional/mempool_expiry.py	True	True	True	True
25768	achow101	2022-08-02 00:45:36	glozow	2022-08-08 15:52:24	test/functional/wallet_resendwallettransactions.py	False	True	True	True
25768	achow101	2022-08-02 00:45:36	glozow	2022-08-08 15:52:24	src/wallet/wallet.h	False	True	True	True
25768	achow101	2022-08-02 00:45:36	glozow	2022-08-08 15:52:24	src/wallet/wallet.cpp	False	True	True	True
25768	achow101	2022-08-02 00:45:36	pablomartin4btc	2022-08-24 15:06:03	src/wallet/wallet.cpp	False	True	True	True
25768	achow101	2022-08-02 00:45:36	glozow	2022-08-08 15:52:24	src/wallet/rpc/backup.cpp	False	True	True	True
25768	achow101	2022-08-02 00:45:36	glozow	2022-08-08 15:52:24	test/functional/test_framework/messages.py	True	True	True	True
25768	achow101	2022-08-02 00:45:36	glozow	2022-08-08 15:52:24	test/functional/mempool_expiry.py	True	True	True	True
25768	achow101	2022-08-02 00:45:36	glozow	2022-08-02 16:17:36	test/functional/wallet_resendwallettransactions.py	False	True	True	True
25768	achow101	2022-08-02 00:45:36	glozow	2022-08-02 16:17:36	src/wallet/wallet.h	False	True	True	True
25768	achow101	2022-08-02 00:45:36	glozow	2022-08-02 16:17:36	src/wallet/wallet.cpp	False	True	True	True
25768	achow101	2022-08-02 00:45:36	glozow	2022-08-08 15:52:24	test/functional/wallet_resendwallettransactions.py	True	True	True	True
25768	achow101	2022-08-02 00:45:36	glozow	2022-08-02 16:17:36	src/wallet/transaction.h	False	True	True	True
25763	fanquake	2022-08-01 11:17:33	jarolrod	2022-08-01 18:57:06	depends/packages/bdb.mk	True	False	False	True
25763	fanquake	2022-08-01 11:17:33	ryanofsky	2022-08-01 14:19:32	depends/packages/bdb.mk	True	False	False	True
