pr_number	author_user_login	pr_created_at	commit_user_login	commit_created_at	commit_status_total	commit_status_additions	commit_status_deletions	create_before_pr	is_review_commit
5394	sipa	2014-11-29 15:02:11	sipa	2014-11-29 15:01:37	31	19	12	True	True
5391	jonasschnelli	2014-11-28 19:33:28	jonasschnelli	2014-12-06 18:09:03	2	1	1	False	True
5391	jonasschnelli	2014-11-28 19:33:28	jonasschnelli	2014-12-06 09:54:09	3	3	0	False	True
5391	jonasschnelli	2014-11-28 19:33:28	jonasschnelli	2014-11-28 19:32:52	69	62	7	True	True
5388	ghost	2014-11-28 05:16:30	21E14	2014-11-28 05:13:44	6	2	4	True	True
5356	dexX7	2014-11-23 12:59:24	dexX7	2014-11-23 12:10:31	6	3	3	True	True
5329	jonasschnelli	2014-11-20 15:43:37	jonasschnelli	2014-11-20 15:39:09	24	24	0	True	True
5326	jonasschnelli	2014-11-20 13:05:18	jonasschnelli	2014-11-26 12:53:27	3	2	1	False	True
5326	jonasschnelli	2014-11-20 13:05:18	jonasschnelli	2014-11-26 12:51:02	16	16	0	False	True
5326	jonasschnelli	2014-11-20 13:05:18	jonasschnelli	2014-11-20 13:04:16	4	2	2	True	True
5323	Diapolo	2014-11-20 12:08:20	Philip Kaufmann	2014-11-20 12:06:10	16	10	6	True	True
5319	domob1812	2014-11-20 08:00:23	domob1812	2014-12-04 20:37:26	42	17	25	False	True
5318	gwillen	2014-11-19 23:22:05	gwillen	2014-11-19 23:13:02	8	1	7	True	True
5314	jonasschnelli	2014-11-19 15:25:08	jonls	2013-03-26 01:33:25	29	29	0	True	True
5314	jonasschnelli	2014-11-19 15:25:08	jonls	2013-03-26 01:38:24	15	15	0	True	True
5314	jonasschnelli	2014-11-19 15:25:08	jonasschnelli	2014-11-19 12:33:34	107	91	16	True	True
5314	jonasschnelli	2014-11-19 15:25:08	jonls	2013-03-26 02:07:06	97	90	7	True	True
5310	paveljanik	2014-11-19 10:02:23	paveljanik	2014-11-20 19:06:08	12	6	6	False	True
5309	Diapolo	2014-11-19 09:54:55	Philip Kaufmann	2014-11-20 11:29:52	2	1	1	False	True
5309	Diapolo	2014-11-19 09:54:55	Philip Kaufmann	2014-11-19 09:53:46	21	11	10	True	True
5307	sipa	2014-11-18 21:18:26	sipa	2014-11-18 21:16:32	31	26	5	True	True
5303	jgarzik	2014-11-18 17:08:03	jgarzik	2014-11-18 17:06:32	450	448	2	True	True
5300	jonasschnelli	2014-11-18 09:58:24	jonasschnelli	2014-11-18 09:55:55	24	23	1	True	True
5288	Krellan	2014-11-16 11:50:01	Krellan	2014-11-16 11:19:23	79	68	11	True	True
5279	jonasschnelli	2014-11-14 14:11:08	jonasschnelli	2014-11-14 14:04:46	16	16	0	True	True
5275	gavinandresen	2014-11-13 20:11:57	gavinandresen	2014-11-13 19:52:04	30	22	8	True	True
5273	Diapolo	2014-11-13 14:28:33	Philip Kaufmann	2014-11-13 14:20:57	8	4	4	True	True
5273	Diapolo	2014-11-13 14:28:33	Philip Kaufmann	2014-11-13 14:23:15	2	1	1	True	True
5270	domob1812	2014-11-13 08:46:14	domob1812	2014-11-20 07:28:19	5	5	0	False	True
5267	TheBlueMatt	2014-11-12 22:43:11	TheBlueMatt	2014-11-12 05:06:15	30	29	1	True	True
5267	TheBlueMatt	2014-11-12 22:43:11	TheBlueMatt	2014-11-12 00:41:44	5	2	3	True	True
5267	TheBlueMatt	2014-11-12 22:43:11	TheBlueMatt	2014-11-12 04:57:54	28	28	0	True	True
5267	TheBlueMatt	2014-11-12 22:43:11	gavinandresen	2014-11-24 20:18:05	95	95	0	False	True
5267	TheBlueMatt	2014-11-12 22:43:11	TheBlueMatt	2014-11-18 22:57:20	30	18	12	False	True
5266	jonasschnelli	2014-11-12 20:28:39	jonasschnelli	2014-11-12 07:39:49	306	253	53	True	True
5266	jonasschnelli	2014-11-12 20:28:39	jonasschnelli	2014-11-14 13:07:37	67	40	27	False	True
5264	mruddy	2014-11-12 13:56:12	mruddy	2015-07-30 23:56:00	255	206	49	False	True
5258	jonasschnelli	2014-11-10 15:42:29	jonasschnelli	2014-11-10 15:41:57	28	17	11	True	True
5251	jtimon	2014-11-09 23:47:29	jtimon	2014-11-09 15:54:23	195	104	91	True	True
5251	jtimon	2014-11-09 23:47:29	jtimon	2014-11-09 16:10:10	10	3	7	True	True
5251	jtimon	2014-11-09 23:47:29	jtimon	2014-11-10 15:04:14	75	40	35	False	True
5247	sipa	2014-11-08 22:05:46	petertodd	2014-11-10 07:33:19	50	49	1	False	True
5247	sipa	2014-11-08 22:05:46	sipa	2014-11-08 17:32:29	76	53	23	True	True
5245	sinetek	2014-11-08 19:03:18	sinetek	2014-11-08 18:48:35	16	11	5	True	True
5243	TheBlueMatt	2014-11-08 07:28:19	TheBlueMatt	2014-11-08 07:18:21	5	5	0	True	True
5241	sipa	2014-11-07 16:48:21	sipa	2014-11-14 17:19:26	25	16	9	False	True
5241	sipa	2014-11-07 16:48:21	sipa	2014-11-07 10:38:35	123	68	55	True	True
5235	theuni	2014-11-07 06:56:55	theuni	2014-10-14 22:03:52	19	8	11	True	True
5235	theuni	2014-11-07 06:56:55	theuni	2014-11-07 03:18:08	2	0	2	True	True
5235	theuni	2014-11-07 06:56:55	theuni	2014-10-14 22:24:25	6	6	0	True	True
5235	theuni	2014-11-07 06:56:55	theuni	2014-10-14 21:31:16	223	223	0	True	True
5235	theuni	2014-11-07 06:56:55	theuni	2014-10-14 22:25:35	2	1	1	True	True
5235	theuni	2014-11-07 06:56:55	theuni	2014-10-14 22:23:46	13	12	1	True	True
5235	theuni	2014-11-07 06:56:55	theuni	2014-11-07 03:43:19	25	22	3	True	True
5235	theuni	2014-11-07 06:56:55	theuni	2014-10-14 22:22:55	196	195	1	True	True
5235	theuni	2014-11-07 06:56:55	theuni	2014-11-18 20:49:56	9	9	0	False	True
5235	theuni	2014-11-07 06:56:55	theuni	2014-11-18 22:06:23	1	1	0	False	True
5229	jtimon	2014-11-06 17:55:31	jtimon	2015-05-24 21:35:55	16	8	8	False	True
5229	jtimon	2014-11-06 17:55:31	jtimon	2015-05-25 07:00:53	54	26	28	False	True
5229	jtimon	2014-11-06 17:55:31	jtimon	2014-11-06 18:31:40	45	33	12	False	True
5229	jtimon	2014-11-06 17:55:31	jtimon	2015-05-25 05:52:16	108	56	52	False	True
5229	jtimon	2014-11-06 17:55:31	jtimon	2015-05-25 07:00:17	26	17	9	False	True
5229	jtimon	2014-11-06 17:55:31	jtimon	2015-05-25 07:41:26	8	4	4	False	True
5229	jtimon	2014-11-06 17:55:31	jtimon	2015-05-22 01:50:01	116	88	28	False	True
5229	jtimon	2014-11-06 17:55:31	jtimon	2015-05-25 06:11:14	10	5	5	False	True
5229	jtimon	2014-11-06 17:55:31	jtimon	2015-05-25 06:16:15	12	4	8	False	True
5229	jtimon	2014-11-06 17:55:31	jtimon	2015-05-25 03:41:00	19	8	11	False	True
5228	jonasschnelli	2014-11-06 15:37:46	jonasschnelli	2014-11-06 15:28:29	168	127	41	True	True
5228	jonasschnelli	2014-11-06 15:37:46	laanwj	2014-11-14 11:58:30	68	21	47	False	True
5228	jonasschnelli	2014-11-06 15:37:46	jonasschnelli	2014-11-14 16:16:31	11	7	4	False	True
5224	sipa	2014-11-06 09:19:57	sipa	2014-11-08 22:29:45	10	9	1	False	True
5224	sipa	2014-11-06 09:19:57	sipa	2014-11-06 09:17:48	48	44	4	True	True
5222	sinetek	2014-11-06 06:32:28	sinetek	2014-11-06 06:28:03	6	6	0	True	True
5222	sinetek	2014-11-06 06:32:28	sinetek	2014-11-08 05:28:11	2	1	1	False	True
5222	sinetek	2014-11-06 06:32:28	sinetek	2014-11-06 20:41:55	12	6	6	False	True
5212	theuni	2014-11-05 01:14:37	theuni	2014-11-13 19:27:38	132	94	38	False	True
5212	theuni	2014-11-05 01:14:37	theuni	2014-11-01 03:29:12	425	306	119	True	True
5211	sandakersmann	2014-11-04 23:34:17	sandakersmann	2014-11-04 23:34:06	20	10	10	True	True
5206	apoelstra	2014-11-04 17:33:44	apoelstra	2014-11-04 17:30:31	11	6	5	True	True
5200	cozz	2014-11-03 05:22:27	cozz	2014-11-02 17:28:43	3	3	0	True	True
5200	cozz	2014-11-03 05:22:27	cozz	2014-11-01 23:14:47	1071	904	167	True	True
5200	cozz	2014-11-03 05:22:27	cozz	2014-11-01 23:43:31	4	3	1	True	True
5200	cozz	2014-11-03 05:22:27	cozz	2014-11-01 23:47:39	7	6	1	True	True
5199	TheBlueMatt	2014-11-03 04:53:19	TheBlueMatt	2015-02-04 01:59:41	91	91	0	False	True
5199	TheBlueMatt	2014-11-03 04:53:19	TheBlueMatt	2014-12-23 02:35:52	5	0	5	False	True
5199	TheBlueMatt	2014-11-03 04:53:19	TheBlueMatt	2014-11-01 23:01:48	119	119	0	True	True
5199	TheBlueMatt	2014-11-03 04:53:19	TheBlueMatt	2014-11-02 06:53:55	28	28	0	True	True
5194	ghost	2014-11-01 21:53:34	21E14	2014-11-01 21:42:12	21	14	7	True	True
5193	nottombrown	2014-11-01 21:53:05	tombrown	2014-11-01 21:50:37	4	2	2	True	True
5192	domob1812	2014-11-01 16:29:37	domob1812	2014-11-18 15:01:03	60	36	24	False	True
5188	theuni	2014-11-01 05:30:09	theuni	2014-11-01 04:14:25	16	8	8	True	True
5188	theuni	2014-11-01 05:30:09	theuni	2014-11-01 03:29:12	335	228	107	True	True
