pr_number	author_user_login	pr_created_at	review_comment_user_login	review_comment_created_at	is_review_review_comment
7621	mrbandrews	2016-02-29 18:45:29	promag	2016-03-01 19:01:16	True
7621	mrbandrews	2016-02-29 18:45:29	laanwj	2016-03-01 13:33:28	True
7621	mrbandrews	2016-02-29 18:45:29	promag	2016-02-29 22:32:23	True
7621	mrbandrews	2016-02-29 18:45:29	promag	2016-03-02 00:23:18	True
7621	mrbandrews	2016-02-29 18:45:29	laanwj	2016-03-03 12:57:41	True
7617	MarcoFalke	2016-02-27 17:21:26	laanwj	2016-03-01 13:22:15	True
7617	MarcoFalke	2016-02-27 17:21:26	laanwj	2016-02-29 08:03:57	True
7615	MarcoFalke	2016-02-27 12:22:54	sipa	2016-06-09 13:14:00	True
7613	GamerSg	2016-02-27 04:46:39	MarcoFalke	2016-03-03 11:26:55	True
7613	GamerSg	2016-02-27 04:46:39	jonasschnelli	2016-03-03 11:46:08	True
7613	GamerSg	2016-02-27 04:46:39	MarcoFalke	2016-02-28 19:16:17	True
7613	GamerSg	2016-02-27 04:46:39	laanwj	2016-03-03 13:24:31	True
7613	GamerSg	2016-02-27 04:46:39	jonasschnelli	2016-02-28 10:31:15	True
7613	GamerSg	2016-02-27 04:46:39	laanwj	2016-03-03 13:25:58	True
7613	GamerSg	2016-02-27 04:46:39	MarcoFalke	2016-02-27 17:05:39	True
7613	GamerSg	2016-02-27 04:46:39	jonasschnelli	2016-02-28 10:29:47	True
7613	GamerSg	2016-02-27 04:46:39	MarcoFalke	2016-02-28 14:45:44	True
7613	GamerSg	2016-02-27 04:46:39	MarcoFalke	2016-02-27 17:00:23	True
7613	GamerSg	2016-02-27 04:46:39	jonasschnelli	2016-02-28 10:30:26	True
7609	AliceWonderMiscreations	2016-02-26 17:37:45	jonasschnelli	2016-03-03 14:28:05	True
7609	AliceWonderMiscreations	2016-02-26 17:37:45	MarcoFalke	2016-03-03 15:08:38	True
7609	AliceWonderMiscreations	2016-02-26 17:37:45	laanwj	2016-03-03 15:23:44	True
7609	AliceWonderMiscreations	2016-02-26 17:37:45	MarcoFalke	2016-03-03 14:26:18	True
7603	JeremyRand	2016-02-26 00:44:12	laanwj	2016-03-07 15:23:32	True
7603	JeremyRand	2016-02-26 00:44:12	MarcoFalke	2016-03-05 16:58:44	True
7603	JeremyRand	2016-02-26 00:44:12	laanwj	2016-03-01 16:45:22	True
7603	JeremyRand	2016-02-26 00:44:12	laanwj	2016-03-01 16:41:18	True
7601	ebfull	2016-02-25 20:54:26	JeremyRubin	2017-03-31 16:45:28	True
7601	ebfull	2016-02-25 20:54:26	JeremyRubin	2017-03-31 16:28:06	True
7601	ebfull	2016-02-25 20:54:26	arielgabizon	2017-03-30 13:53:22	True
7601	ebfull	2016-02-25 20:54:26	JeremyRubin	2017-03-31 16:35:10	True
7601	ebfull	2016-02-25 20:54:26	JeremyRubin	2017-03-31 15:31:28	True
7601	ebfull	2016-02-25 20:54:26	JeremyRubin	2017-03-31 15:25:17	True
7601	ebfull	2016-02-25 20:54:26	ABISprotocol	2017-06-02 21:58:31	True
7601	ebfull	2016-02-25 20:54:26	JeremyRubin	2017-03-31 16:40:56	True
7601	ebfull	2016-02-25 20:54:26	JeremyRubin	2017-03-31 16:42:00	True
7601	ebfull	2016-02-25 20:54:26	JeremyRubin	2017-03-31 15:17:47	True
7601	ebfull	2016-02-25 20:54:26	JeremyRubin	2017-03-31 15:24:13	True
7601	ebfull	2016-02-25 20:54:26	JeremyRubin	2017-03-31 16:38:24	True
7601	ebfull	2016-02-25 20:54:26	jtimon	2016-03-06 14:47:42	True
7600	sdaftuar	2016-02-25 20:48:01	JeremyRubin	2016-06-14 17:04:35	True
7598	morcos	2016-02-25 17:19:21	TheBlueMatt	2016-05-23 01:10:42	True
7598	morcos	2016-02-25 17:19:21	TheBlueMatt	2016-05-23 01:09:46	True
7598	morcos	2016-02-25 17:19:21	TheBlueMatt	2016-05-24 23:45:18	True
7598	morcos	2016-02-25 17:19:21	luke-jr	2016-06-01 18:16:30	True
7589	jonathancross	2016-02-24 12:15:14	jonasschnelli	2016-02-24 12:20:02	True
7589	jonathancross	2016-02-24 12:15:14	laanwj	2016-02-24 12:43:12	True
7586	jonasschnelli	2016-02-24 09:32:42	paveljanik	2016-02-24 16:35:09	True
7586	jonasschnelli	2016-02-24 09:32:42	paveljanik	2016-02-24 16:38:21	True
7586	jonasschnelli	2016-02-24 09:32:42	paveljanik	2016-02-24 18:28:52	True
7586	jonasschnelli	2016-02-24 09:32:42	MarcoFalke	2016-02-24 13:41:29	True
7581	instagibbs	2016-02-23 14:54:20	laanwj	2016-02-23 15:00:49	True
7579	jonasschnelli	2016-02-22 15:51:24	MarcoFalke	2016-06-10 08:58:26	True
7579	jonasschnelli	2016-02-22 15:51:24	sipa	2016-06-10 09:26:49	True
7579	jonasschnelli	2016-02-22 15:51:24	MarcoFalke	2016-06-10 09:46:21	True
7577	jonasschnelli	2016-02-22 11:09:59	MarcoFalke	2016-03-13 17:59:28	True
7577	jonasschnelli	2016-02-22 11:09:59	MarcoFalke	2016-03-13 17:32:09	True
7577	jonasschnelli	2016-02-22 11:09:59	laanwj	2016-03-14 09:43:03	True
7576	jonasschnelli	2016-02-22 10:01:48	MarcoFalke	2016-03-05 17:02:13	True
7576	jonasschnelli	2016-02-22 10:01:48	laanwj	2016-03-01 17:19:52	True
7575	sipa	2016-02-21 22:18:12	jtimon	2016-02-25 22:58:16	True
7575	sipa	2016-02-21 22:18:12	jtimon	2016-02-25 19:56:37	True
7575	sipa	2016-02-21 22:18:12	jtimon	2016-02-25 19:55:34	True
7575	sipa	2016-02-21 22:18:12	jtimon	2016-02-25 20:33:29	True
7575	sipa	2016-02-21 22:18:12	jtimon	2016-02-25 19:53:39	True
7575	sipa	2016-02-21 22:18:12	jtimon	2016-02-25 21:23:59	True
7575	sipa	2016-02-21 22:18:12	jtimon	2016-02-25 22:04:04	True
7575	sipa	2016-02-21 22:18:12	jtimon	2016-02-25 20:31:37	True
7575	sipa	2016-02-21 22:18:12	jtimon	2016-02-26 16:25:04	True
7575	sipa	2016-02-21 22:18:12	jtimon	2016-02-25 22:52:14	True
7575	sipa	2016-02-21 22:18:12	jtimon	2016-02-26 16:12:10	True
7575	sipa	2016-02-21 22:18:12	jtimon	2016-02-25 23:34:50	True
7575	sipa	2016-02-21 22:18:12	jtimon	2016-02-26 00:23:34	True
7575	sipa	2016-02-21 22:18:12	sdaftuar	2016-03-03 18:03:36	True
7575	sipa	2016-02-21 22:18:12	jtimon	2016-03-04 00:32:36	True
7575	sipa	2016-02-21 22:18:12	btcdrak	2016-03-04 06:19:11	True
7575	sipa	2016-02-21 22:18:12	jtimon	2016-02-25 21:16:47	True
7574	NicolasDorier	2016-02-21 17:38:20	jtimon	2016-03-31 17:26:40	True
7574	NicolasDorier	2016-02-21 17:38:20	MarcoFalke	2016-03-31 16:44:13	True
7574	NicolasDorier	2016-02-21 17:38:20	jtimon	2016-03-31 17:35:19	True
7568	dgenr8	2016-02-20 18:49:05	sipa	2016-03-07 22:07:22	True
7566	jtimon	2016-02-20 03:24:52	NicolasDorier	2016-02-21 11:12:00	True
7561	btcdrak	2016-02-19 15:16:00	morcos	2016-02-19 20:43:13	True
7558	instagibbs	2016-02-19 01:13:18	jonasschnelli	2016-02-19 12:46:14	True
7552	laanwj	2016-02-17 17:55:58	jtimon	2016-02-25 19:22:20	True
7552	laanwj	2016-02-17 17:55:58	MarcoFalke	2016-02-25 14:15:48	True
7552	laanwj	2016-02-17 17:55:58	instagibbs	2016-02-25 14:18:00	True
7552	laanwj	2016-02-17 17:55:58	MarcoFalke	2016-03-14 15:26:17	True
7552	laanwj	2016-02-17 17:55:58	mrbandrews	2016-03-10 16:12:47	True
7551	pedrobranco	2016-02-17 17:45:12	promag	2016-02-17 20:26:18	True
7551	pedrobranco	2016-02-17 17:45:12	promag	2016-02-17 22:42:31	True
7551	pedrobranco	2016-02-17 17:45:12	promag	2016-02-17 22:43:52	True
7551	pedrobranco	2016-02-17 17:45:12	instagibbs	2016-02-18 20:00:30	True
7551	pedrobranco	2016-02-17 17:45:12	promag	2016-02-17 20:24:48	True
7550	laanwj	2016-02-17 14:15:14	jonasschnelli	2016-02-22 08:11:08	True
7550	laanwj	2016-02-17 14:15:14	jonasschnelli	2016-02-24 08:53:50	True
7550	laanwj	2016-02-17 14:15:14	jonasschnelli	2016-02-19 15:16:53	True
7548	fanquake	2016-02-17 03:56:10	luke-jr	2016-02-17 04:05:03	True
7542	morcos	2016-02-16 20:18:49	MarcoFalke	2016-03-05 17:41:19	True
7542	morcos	2016-02-16 20:18:49	jonasschnelli	2016-02-23 04:38:23	True
7542	morcos	2016-02-16 20:18:49	paveljanik	2016-03-03 18:18:27	True
7542	morcos	2016-02-16 20:18:49	paveljanik	2016-03-03 18:13:09	True
7542	morcos	2016-02-16 20:18:49	MarcoFalke	2016-03-06 22:06:26	True
7542	morcos	2016-02-16 20:18:49	paveljanik	2016-02-23 07:00:44	True
7542	morcos	2016-02-16 20:18:49	paveljanik	2016-02-23 06:59:17	True
7542	morcos	2016-02-16 20:18:49	luke-jr	2016-02-25 11:42:18	True
7542	morcos	2016-02-16 20:18:49	MarcoFalke	2016-02-25 10:31:09	True
7542	morcos	2016-02-16 20:18:49	jonasschnelli	2016-02-22 08:16:07	True
7542	morcos	2016-02-16 20:18:49	paveljanik	2016-02-23 07:03:39	True
7542	morcos	2016-02-16 20:18:49	paveljanik	2016-02-23 07:16:29	True
7542	morcos	2016-02-16 20:18:49	MarcoFalke	2016-03-07 16:41:38	True
7542	morcos	2016-02-16 20:18:49	MarcoFalke	2016-03-05 17:46:00	True
7541	pinheadmz	2016-02-16 19:45:05	dcousens	2016-02-16 22:21:58	True
7541	pinheadmz	2016-02-16 19:45:05	instagibbs	2016-02-16 22:40:05	True
7541	pinheadmz	2016-02-16 19:45:05	laanwj	2016-02-17 09:01:01	True
7534	luke-jr	2016-02-14 12:26:26	jonasschnelli	2016-02-19 15:53:18	True
7534	luke-jr	2016-02-14 12:26:26	btcdrak	2016-02-15 11:23:38	True
7533	luke-jr	2016-02-14 09:00:39	MarcoFalke	2016-03-30 09:02:14	True
7530	knocte	2016-02-13 10:17:32	laanwj	2016-02-13 10:26:42	True
7524	btcdrak	2016-02-12 17:29:42	laanwj	2016-02-16 09:09:57	True
7522	luke-jr	2016-02-12 05:41:46	sipa	2017-04-09 14:39:31	True
7518	promag	2016-02-11 17:01:55	luke-jr	2016-02-11 17:16:31	True
7518	promag	2016-02-11 17:01:55	luke-jr	2016-02-13 03:47:58	True
7518	promag	2016-02-11 17:01:55	luke-jr	2016-02-11 18:39:14	True
7518	promag	2016-02-11 17:01:55	luke-jr	2016-02-13 03:47:40	True
7518	promag	2016-02-11 17:01:55	luke-jr	2016-02-11 18:39:42	True
7518	promag	2016-02-11 17:01:55	luke-jr	2016-02-11 17:14:23	True
7510	luke-jr	2016-02-11 06:58:23	jonasschnelli	2016-02-19 15:41:15	True
7510	luke-jr	2016-02-11 06:58:23	rebroad	2016-09-25 01:28:45	True
7506	promag	2016-02-11 01:09:32	laanwj	2016-02-17 09:11:29	True
7506	promag	2016-02-11 01:09:32	laanwj	2016-02-17 10:07:39	True
7498	promag	2016-02-10 13:00:41	sipa	2016-02-10 18:05:19	True
7493	dcousens	2016-02-09 23:31:37	luke-jr	2016-02-11 01:58:06	True
7493	dcousens	2016-02-09 23:31:37	luke-jr	2016-02-09 23:47:31	True
7489	laanwj	2016-02-09 11:42:00	luke-jr	2016-02-09 11:45:21	True
7489	laanwj	2016-02-09 11:42:00	luke-jr	2016-02-10 07:11:52	True
7487	luke-jr	2016-02-09 04:05:32	MarcoFalke	2016-02-13 16:09:54	True
7472	laanwj	2016-02-05 09:48:52	MarcoFalke	2016-02-05 19:57:22	True
7461	zander	2016-02-03 12:57:20	gavinandresen	2016-02-04 15:50:46	True
7461	zander	2016-02-03 12:57:20	jtimon	2016-02-03 21:13:29	True
7461	zander	2016-02-03 12:57:20	jtimon	2016-02-03 20:49:01	True
7461	zander	2016-02-03 12:57:20	jtimon	2016-02-03 21:12:22	True
7461	zander	2016-02-03 12:57:20	jtimon	2016-02-03 20:47:56	True
7461	zander	2016-02-03 12:57:20	MarcoFalke	2016-02-03 20:15:19	True
7461	zander	2016-02-03 12:57:20	jonasschnelli	2016-02-22 14:06:57	True
7459	jtimon	2016-02-02 15:40:22	paveljanik	2016-02-04 22:08:00	True
7459	jtimon	2016-02-02 15:40:22	paveljanik	2016-02-05 06:29:42	True
7459	jtimon	2016-02-02 15:40:22	laanwj	2016-02-05 10:03:02	True
7451	gladoscc	2016-02-01 08:58:48	MarcoFalke	2016-02-01 11:47:22	True
