pr_number	author_user_login	pr_created_at	commit_user_login	commit_created_at	commit_status_total	commit_status_additions	commit_status_deletions	create_before_pr	is_review_commit
8436	jwilkins	2016-07-31 19:09:27	jwilkins	2016-07-31 19:09:19	2	1	1	True	True
8428	Christewart	2016-07-29 16:53:24	Christewart	2016-07-29 16:52:48	21	9	12	True	True
8422	NicolasDorier	2016-07-29 01:57:27	NicolasDorier	2016-01-19 13:05:44	268	231	37	True	True
8421	theuni	2016-07-28 23:14:40	theuni	2016-07-28 21:52:51	17	9	8	True	True
8421	theuni	2016-07-28 23:14:40	theuni	2016-07-28 22:21:00	6	4	2	True	True
8421	theuni	2016-07-28 23:14:40	theuni	2016-07-28 22:31:25	49	22	27	True	True
8419	sdaftuar	2016-07-28 18:34:05	sdaftuar	2016-07-28 18:27:19	4	1	3	True	True
8415	ad90df8e708e8fa8153e56a059	2016-07-28 04:42:05	Luke Mlsna	2016-07-28 04:41:17	20	17	3	True	True
8407	jonasschnelli	2016-07-26 12:07:08	jonasschnelli	2016-07-26 12:01:36	25	24	1	True	True
8403	rebroad	2016-07-25 15:27:33	rebroad	2016-07-25 15:18:33	22	22	0	True	True
8394	UdjinM6	2016-07-23 15:20:37	UdjinM6	2016-07-23 17:09:32	59	41	18	False	True
8394	UdjinM6	2016-07-23 15:20:37	UdjinM6	2016-08-19 03:39:54	104	52	52	False	True
8394	UdjinM6	2016-07-23 15:20:37	UdjinM6	2016-08-19 09:17:07	96	48	48	False	True
8394	UdjinM6	2016-07-23 15:20:37	UdjinM6	2016-07-27 22:51:55	55	46	9	False	True
8394	UdjinM6	2016-07-23 15:20:37	UdjinM6	2016-07-22 11:48:35	82	41	41	True	True
8393	sipa	2016-07-22 15:22:16	TheBlueMatt	2016-10-03 17:00:14	2	1	1	False	True
8393	sipa	2016-07-22 15:22:16	sdaftuar	2016-09-18 02:11:00	6	3	3	False	True
8393	sipa	2016-07-22 15:22:16	sdaftuar	2016-09-15 01:00:29	35	31	4	False	True
8393	sipa	2016-07-22 15:22:16	TheBlueMatt	2016-10-03 17:33:07	10	1	9	False	True
8393	sipa	2016-07-22 15:22:16	sipa	2016-06-25 17:17:45	94	64	30	True	True
8393	sipa	2016-07-22 15:22:16	sdaftuar	2016-09-17 00:48:23	583	389	194	False	True
8392	sipa	2016-07-22 14:08:50	sipa	2016-07-22 13:57:25	47	35	12	True	True
8392	sipa	2016-07-22 14:08:50	sipa	2016-07-22 14:01:51	6	3	3	True	True
8392	sipa	2016-07-22 14:08:50	sipa	2016-07-22 14:01:12	2	2	0	True	True
8391	NicolasDorier	2016-07-21 23:40:15	NicolasDorier	2016-07-21 23:27:55	190	83	107	True	True
8389	jonasschnelli	2016-07-21 19:21:20	jonasschnelli	2016-07-21 19:19:02	23	22	1	True	True
8389	jonasschnelli	2016-07-21 19:21:20	jonasschnelli	2016-07-22 09:03:30	60	43	17	False	True
8384	instagibbs	2016-07-20 19:15:02	instagibbs	2016-07-20 18:49:32	5	5	0	True	True
8384	instagibbs	2016-07-20 19:15:02	instagibbs	2016-08-03 13:04:50	27	27	0	False	True
8376	pstratem	2016-07-20 00:38:27	pstratem	2016-07-20 00:37:39	6	3	3	True	True
8375	pstratem	2016-07-19 23:43:53	pstratem	2016-07-19 23:43:11	80	43	37	True	True
8374	sdaftuar	2016-07-19 20:08:07	sdaftuar	2016-07-19 19:50:57	62	62	0	True	True
8371	jonasschnelli	2016-07-19 13:57:32	jonasschnelli	2016-07-19 13:27:14	36	34	2	True	True
8371	jonasschnelli	2016-07-19 13:57:32	jonasschnelli	2016-07-19 13:50:50	9	9	0	True	True
8371	jonasschnelli	2016-07-19 13:57:32	jonasschnelli	2016-07-19 13:22:01	63	39	24	True	True
8371	jonasschnelli	2016-07-19 13:57:32	jonasschnelli	2016-09-13 14:36:24	41	32	9	False	True
8371	jonasschnelli	2016-07-19 13:57:32	jonasschnelli	2016-07-19 13:51:24	603	602	1	True	True
8371	jonasschnelli	2016-07-19 13:57:32	jonasschnelli	2016-09-21 08:29:57	31	15	16	False	True
8371	jonasschnelli	2016-07-19 13:57:32	jonasschnelli	2016-07-19 13:49:50	2	1	1	True	True
8367	jonasschnelli	2016-07-18 20:58:10	jonasschnelli	2016-07-15 09:42:47	6	5	1	True	True
8365	sipa	2016-07-18 19:01:14	sipa	2016-07-18 18:57:20	27	15	12	True	True
8356	NicolasDorier	2016-07-18 07:00:04	NicolasDorier	2016-07-18 06:50:09	33	24	9	True	True
8353	rodentrabies	2016-07-17 22:21:38	WhyThat	2016-07-18 23:15:59	2	1	1	False	True
8353	rodentrabies	2016-07-17 22:21:38	WhyThat	2016-07-18 09:23:42	7	5	2	False	True
8353	rodentrabies	2016-07-17 22:21:38	WhyThat	2016-07-18 09:26:21	9	5	4	False	True
8346	jtimon	2016-07-16 19:11:21	jtimon	2016-07-16 18:57:42	22	20	2	True	True
8344	NicolasDorier	2016-07-16 09:31:51	NicolasDorier	2016-07-16 09:06:46	30	17	13	True	True
8343	jonasschnelli	2016-07-15 09:51:18	laanwj	2016-07-18 12:08:43	144	76	68	False	True
8343	jonasschnelli	2016-07-15 09:51:18	jonasschnelli	2016-07-15 09:42:47	8	7	1	True	True
8343	jonasschnelli	2016-07-15 09:51:18	laanwj	2016-07-18 10:17:57	18	9	9	False	True
8342	NicolasDorier	2016-07-15 05:22:46	NicolasDorier	2016-07-15 05:20:13	18	9	9	True	True
8341	NicolasDorier	2016-07-15 03:07:54	NicolasDorier	2016-07-14 15:02:59	8	4	4	True	True
8339	NicolasDorier	2016-07-14 06:05:21	NicolasDorier	2016-07-13 00:23:40	24	10	14	True	True
8339	NicolasDorier	2016-07-14 06:05:21	NicolasDorier	2016-07-15 05:20:13	18	9	9	False	True
8339	NicolasDorier	2016-07-14 06:05:21	NicolasDorier	2016-07-14 15:02:59	8	4	4	False	True
8339	NicolasDorier	2016-07-14 06:05:21	NicolasDorier	2016-07-13 05:37:57	14	7	7	True	True
8339	NicolasDorier	2016-07-14 06:05:21	NicolasDorier	2016-07-12 22:18:16	66	47	19	True	True
8339	NicolasDorier	2016-07-14 06:05:21	NicolasDorier	2016-07-13 08:07:32	36	30	6	True	True
8339	NicolasDorier	2016-07-14 06:05:21	NicolasDorier	2016-07-13 05:35:58	147	76	71	True	True
8339	NicolasDorier	2016-07-14 06:05:21	NicolasDorier	2016-07-14 10:35:52	38	23	15	False	True
8337	jtimon	2016-07-13 13:28:06	jtimon	2016-07-13 10:20:16	113	75	38	True	True
8337	jtimon	2016-07-13 13:28:06	jtimon	2017-03-23 19:02:56	13	7	6	False	True
8331	dooglus	2016-07-11 22:35:03	dooglus	2016-07-11 22:32:45	6	3	3	True	True
8330	JeremyRubin	2016-07-11 19:38:00	JeremyRubin	2017-07-13 00:18:35	12	6	6	False	True
8329	jtimon	2016-07-11 16:46:54	jtimon	2016-07-11 14:34:21	633	336	297	True	True
8323	jonasschnelli	2016-07-09 10:15:01	jonasschnelli	2016-07-09 09:41:32	8	8	0	True	True
8323	jonasschnelli	2016-07-09 10:15:01	jonasschnelli	2016-07-09 09:25:02	5	5	0	True	True
8323	jonasschnelli	2016-07-09 10:15:01	jonasschnelli	2016-07-15 08:34:08	18	9	9	False	True
8323	jonasschnelli	2016-07-09 10:15:01	jonasschnelli	2016-07-15 08:33:25	4	2	2	False	True
8323	jonasschnelli	2016-07-09 10:15:01	jonasschnelli	2016-07-09 09:41:01	15	14	1	True	True
8323	jonasschnelli	2016-07-09 10:15:01	jonasschnelli	2016-07-09 10:05:30	10	10	0	True	True
8321	tjps	2016-07-08 23:58:34	tjps	2016-07-19 02:39:46	39	23	16	False	True
8319	MarcoFalke	2016-07-08 16:33:08	MarcoFalke	2016-07-08 16:29:30	10	10	0	True	True
8316	MarcoFalke	2016-07-08 09:39:22	MarcoFalke	2016-07-08 09:31:43	13	6	7	True	True
8316	MarcoFalke	2016-07-08 09:39:22	MarcoFalke	2016-07-08 09:36:05	14	9	5	True	True
8312	sdaftuar	2016-07-07 01:48:28	sdaftuar	2016-07-08 01:18:05	54	51	3	False	True
8312	sdaftuar	2016-07-07 01:48:28	sdaftuar	2016-07-07 19:49:26	10	5	5	False	True
8309	MarcoFalke	2016-07-06 18:18:08	MarcoFalke	2016-07-06 08:36:46	78	78	0	True	True
8309	MarcoFalke	2016-07-06 18:18:08	MarcoFalke	2016-07-06 18:46:22	4	4	0	False	True
8305	sdaftuar	2016-07-05 18:02:35	sdaftuar	2016-07-07 01:18:38	41	40	1	False	True
8305	sdaftuar	2016-07-05 18:02:35	sdaftuar	2016-07-07 01:19:32	105	105	0	False	True
