pr_number	author_user_login	pr_created_at	review_user_login	review_created_at	filename	create_before_pr	has_issue_comment	has_review_comment	has_commit
5581	welshjf	2014-12-31 03:51:11	jonasschnelli	2014-12-31 07:15:29	doc/release-notes.md	True	True	True	True
5574	luke-jr	2014-12-30 14:13:35	dcousens	2015-10-02 01:31:38	src/wallet/rpcwallet.cpp	True	True	True	True
5574	luke-jr	2014-12-30 14:13:35	jonasschnelli	2015-10-02 08:32:17	src/wallet/rpcwallet.cpp	True	True	True	True
5573	fanquake	2014-12-30 13:48:27	laanwj	2014-12-30 15:40:23	src/secp256k1/bench_recover	True	True	True	True
5573	fanquake	2014-12-30 13:48:27	laanwj	2014-12-30 15:40:23	src/rpcserver.cpp	True	True	True	True
5573	fanquake	2014-12-30 13:48:27	laanwj	2014-12-30 15:40:23	src/qt/guiutil.h	True	True	True	True
5573	fanquake	2014-12-30 13:48:27	luke-jr	2014-12-30 13:52:01	src/secp256k1/bench_recover	True	True	True	True
5573	fanquake	2014-12-30 13:48:27	luke-jr	2014-12-30 13:52:01	src/rpcserver.cpp	True	True	True	True
5573	fanquake	2014-12-30 13:48:27	luke-jr	2014-12-30 13:52:01	src/qt/guiutil.h	True	True	True	True
5557	zander	2014-12-28 21:47:28	laanwj	2015-01-02 16:22:29	src/main.cpp	True	True	True	True
5556	cozz	2014-12-28 16:30:15	fanquake	2015-01-08 13:00:42	src/qt/sendcoinsdialog.cpp	True	True	True	True
5556	cozz	2014-12-28 16:30:15	fanquake	2015-01-08 13:00:42	src/qt/coincontroldialog.cpp	True	True	True	True
5556	cozz	2014-12-28 16:30:15	fanquake	2015-01-08 13:00:42	src/txmempool.h	True	True	True	True
5556	cozz	2014-12-28 16:30:15	fanquake	2015-01-08 13:00:42	src/txmempool.cpp	True	True	True	True
5546	jonasschnelli	2014-12-27 11:29:06	luke-jr	2014-12-27 11:47:40	doc/assets-attribution.md	True	False	True	True
5542	luke-jr	2014-12-25 11:56:14	theuni	2015-01-07 03:05:53	configure.ac	False	True	True	True
5542	luke-jr	2014-12-25 11:56:14	theuni	2015-01-07 03:05:53	src/Makefile.qt.include	False	True	True	True
5542	luke-jr	2014-12-25 11:56:14	theuni	2015-01-07 03:05:53	src/Makefile.am	False	True	True	True
5537	sipa	2014-12-24 16:58:33	Michagogo	2014-12-25 14:22:41	doc/release-notes.md	True	True	True	True
5534	luke-jr	2014-12-23 22:20:27	sipa	2014-12-25 01:10:19	doc/release-notes.md	True	True	True	True
5534	luke-jr	2014-12-23 22:20:27	Michagogo	2014-12-25 15:13:38	doc/release-notes.md	True	True	True	True
5532	sipa	2014-12-23 16:44:04	pstratem	2015-01-05 19:22:24	contrib/seeds/makeseeds.py	True	True	True	True
5532	sipa	2014-12-23 16:44:04	pstratem	2015-01-05 19:22:24	contrib/seeds/README.md	True	True	True	True
5532	sipa	2014-12-23 16:44:04	pstratem	2015-01-05 19:22:24	share/seeds/nodes_main.txt	True	True	True	True
5532	sipa	2014-12-23 16:44:04	pstratem	2015-01-05 19:22:24	src/chainparamsseeds.h	True	True	True	True
5527	Michagogo	2014-12-22 22:52:06	btcdrak	2014-12-23 08:31:33	doc/gitian-building/port_forwarding_rules.png	True	True	True	True
5527	Michagogo	2014-12-22 22:52:06	btcdrak	2014-12-23 08:31:33	doc/gitian-building/network_settings.png	True	True	True	True
5527	Michagogo	2014-12-22 22:52:06	btcdrak	2014-12-23 08:31:33	doc/gitian-building.md	True	True	True	True
5524	kanzure	2014-12-21 18:31:45	dexX7	2015-03-15 23:12:40	src/test/rpc_wallet_tests.cpp	False	True	True	True
5524	kanzure	2014-12-21 18:31:45	dexX7	2015-03-15 23:12:40	src/rpcrawtransaction.cpp	True	True	True	True
5524	kanzure	2014-12-21 18:31:45	dexX7	2015-03-15 23:12:40	src/wallet.cpp	True	True	True	True
5524	kanzure	2014-12-21 18:31:45	dexX7	2015-03-15 23:12:40	src/wallet.h	True	True	True	True
5524	kanzure	2014-12-21 18:31:45	dexX7	2015-03-15 23:12:40	src/rpcrawtransaction.cpp	False	True	True	True
5524	kanzure	2014-12-21 18:31:45	dexX7	2015-03-15 23:12:40	src/wallet.cpp	False	True	True	True
5524	kanzure	2014-12-21 18:31:45	dexX7	2015-03-15 23:12:40	qa/rpc-tests/rawtransactions.py	True	True	True	True
5524	kanzure	2014-12-21 18:31:45	dexX7	2015-03-15 23:12:40	qa/pull-tester/rpc-tests.sh	True	True	True	True
5524	kanzure	2014-12-21 18:31:45	dexX7	2015-03-15 23:12:40	src/rpcclient.cpp	True	True	True	True
5524	kanzure	2014-12-21 18:31:45	dexX7	2015-03-15 23:12:40	src/rpcserver.cpp	True	True	True	True
5524	kanzure	2014-12-21 18:31:45	dexX7	2015-03-15 23:12:40	src/rpcserver.h	True	True	True	True
5524	kanzure	2014-12-21 18:31:45	dexX7	2015-03-15 23:12:40	src/rpcwallet.cpp	True	True	True	True
5524	kanzure	2014-12-21 18:31:45	dexX7	2015-03-15 23:12:40	src/qt/walletmodel.cpp	True	True	True	True
5521	petertodd	2014-12-21 05:43:36	jtimon	2014-12-29 22:45:34	src/main.cpp	True	True	True	True
5510	laanwj	2014-12-19 13:02:51	Diapolo	2015-01-07 14:24:55	src/net.cpp	True	True	True	True
5510	laanwj	2014-12-19 13:02:51	Diapolo	2015-01-07 14:24:55	src/arith_uint256.cpp	True	True	True	True
5510	laanwj	2014-12-19 13:02:51	Diapolo	2015-01-07 14:24:55	configure.ac	True	True	True	True
5510	laanwj	2014-12-19 13:02:51	Diapolo	2015-01-07 14:24:55	src/Makefile.am	True	True	True	True
5510	laanwj	2014-12-19 13:02:51	Diapolo	2015-01-07 14:24:55	src/compat/byteswap.h	True	True	True	True
5510	laanwj	2014-12-19 13:02:51	Diapolo	2015-01-07 14:24:55	src/compat/endian.h	True	True	True	True
5510	laanwj	2014-12-19 13:02:51	Diapolo	2015-01-07 14:24:55	src/crypto/common.h	True	True	True	True
5510	laanwj	2014-12-19 13:02:51	Diapolo	2015-01-07 14:24:55	src/hash.cpp	True	True	True	True
5510	laanwj	2014-12-19 13:02:51	Diapolo	2015-01-07 14:24:55	src/main.cpp	True	True	True	True
5510	laanwj	2014-12-19 13:02:51	Diapolo	2015-01-07 14:24:55	src/primitives/transaction.h	True	True	True	True
5510	laanwj	2014-12-19 13:02:51	Diapolo	2015-01-07 14:24:55	src/primitives/block.cpp	True	True	True	True
5510	laanwj	2014-12-19 13:02:51	Diapolo	2015-01-07 14:24:55	src/serialize.h	True	True	True	True
5510	laanwj	2014-12-19 13:02:51	Diapolo	2015-01-07 14:24:55	src/test/serialize_tests.cpp	True	True	True	True
5510	laanwj	2014-12-19 13:02:51	Diapolo	2015-01-07 14:24:55	src/netbase.h	True	True	True	True
5510	laanwj	2014-12-19 13:02:51	Diapolo	2015-01-07 14:24:55	src/txmempool.cpp	False	True	True	True
5510	laanwj	2014-12-19 13:02:51	Diapolo	2015-01-07 14:24:55	src/test/serialize_tests.cpp	False	True	True	True
5510	laanwj	2014-12-19 13:02:51	Diapolo	2015-01-07 14:24:55	src/primitives/block.cpp	False	True	True	True
5510	laanwj	2014-12-19 13:02:51	Diapolo	2015-01-07 14:24:55	src/script/script.h	True	True	True	True
5509	theuni	2014-12-19 02:26:45	laanwj	2015-02-04 11:10:47	src/test/util_tests.cpp	True	True	True	True
5509	theuni	2014-12-19 02:26:45	laanwj	2015-02-04 11:10:47	src/keystore.h	True	True	True	True
5509	theuni	2014-12-19 02:26:45	laanwj	2015-02-04 11:10:47	src/chainparams.cpp	True	True	True	True
5509	theuni	2014-12-19 02:26:45	laanwj	2015-02-04 11:10:47	src/wallet.cpp	True	True	True	True
5509	theuni	2014-12-19 02:26:45	laanwj	2015-02-04 11:10:47	src/keystore.cpp	True	True	True	True
5509	theuni	2014-12-19 02:26:45	laanwj	2015-02-04 11:10:47	src/wallet.h	True	True	True	True
5509	theuni	2014-12-19 02:26:45	laanwj	2015-02-04 11:23:01	src/chainparams.cpp	True	True	True	True
5509	theuni	2014-12-19 02:26:45	laanwj	2015-02-04 11:23:01	src/keystore.cpp	True	True	True	True
5509	theuni	2014-12-19 02:26:45	laanwj	2015-02-04 11:23:01	src/wallet.cpp	True	True	True	True
5509	theuni	2014-12-19 02:26:45	laanwj	2015-02-04 11:23:01	src/wallet.h	True	True	True	True
5509	theuni	2014-12-19 02:26:45	laanwj	2015-02-04 11:23:01	src/test/util_tests.cpp	True	True	True	True
5509	theuni	2014-12-19 02:26:45	laanwj	2015-02-04 11:23:01	src/keystore.h	True	True	True	True
5503	jonasschnelli	2014-12-17 21:22:43	fanquake	2014-12-27 13:10:34	src/qt/walletmodel.cpp	False	True	True	True
5503	jonasschnelli	2014-12-17 21:22:43	fanquake	2014-12-27 13:10:34	src/wallet/wallet.cpp	True	True	True	True
5503	jonasschnelli	2014-12-17 21:22:43	fanquake	2014-12-27 13:10:34	src/wallet/rpcwallet.cpp	True	True	True	True
5503	jonasschnelli	2014-12-17 21:22:43	fanquake	2014-12-27 13:10:34	src/rpcserver.h	True	True	True	True
5503	jonasschnelli	2014-12-17 21:22:43	fanquake	2014-12-27 13:10:34	src/rpcserver.cpp	True	True	True	True
5503	jonasschnelli	2014-12-17 21:22:43	fanquake	2014-12-27 13:10:34	src/rpcrawtransaction.cpp	True	True	True	True
5503	jonasschnelli	2014-12-17 21:22:43	fanquake	2014-12-27 13:10:34	src/rpcclient.cpp	True	True	True	True
5503	jonasschnelli	2014-12-17 21:22:43	fanquake	2014-12-27 13:10:34	src/qt/walletmodel.cpp	True	True	True	True
5503	jonasschnelli	2014-12-17 21:22:43	fanquake	2014-12-27 13:10:34	qa/rpc-tests/rawtransactions.py	True	True	True	True
5503	jonasschnelli	2014-12-17 21:22:43	fanquake	2014-12-27 13:10:34	qa/pull-tester/rpc-tests.sh	True	True	True	True
5503	jonasschnelli	2014-12-17 21:22:43	fanquake	2014-12-27 13:10:34	src/wallet/wallet.cpp	False	True	True	True
5503	jonasschnelli	2014-12-17 21:22:43	fanquake	2014-12-27 13:10:34	src/wallet/wallet.h	False	True	True	True
5503	jonasschnelli	2014-12-17 21:22:43	fanquake	2014-12-27 13:10:34	src/test/rpc_wallet_tests.cpp	False	True	True	True
5503	jonasschnelli	2014-12-17 21:22:43	fanquake	2014-12-27 13:10:34	src/script/sign.h	False	True	True	True
5503	jonasschnelli	2014-12-17 21:22:43	fanquake	2014-12-27 13:10:34	src/script/sign.cpp	False	True	True	True
5503	jonasschnelli	2014-12-17 21:22:43	fanquake	2014-12-27 13:10:34	src/rpcserver.cpp	False	True	True	True
5503	jonasschnelli	2014-12-17 21:22:43	fanquake	2014-12-27 13:10:34	src/rpcrawtransaction.cpp	False	True	True	True
5503	jonasschnelli	2014-12-17 21:22:43	fanquake	2014-12-27 13:10:34	src/wallet/rpcwallet.cpp	False	True	True	True
5503	jonasschnelli	2014-12-17 21:22:43	fanquake	2014-12-27 13:10:34	qa/rpc-tests/rawtransactions.py	False	True	True	True
5503	jonasschnelli	2014-12-17 21:22:43	fanquake	2014-12-27 13:10:34	src/rpcserver.h	False	True	True	True
5503	jonasschnelli	2014-12-17 21:22:43	fanquake	2014-12-27 13:10:34	src/wallet/wallet.h	True	True	True	True
5503	jonasschnelli	2014-12-17 21:22:43	aalness	2014-12-18 09:53:39	src/script/sign.cpp	False	True	True	True
5503	jonasschnelli	2014-12-17 21:22:43	aalness	2014-12-18 09:53:39	qa/rpc-tests/rawtransactions.py	False	True	True	True
5503	jonasschnelli	2014-12-17 21:22:43	aalness	2014-12-18 09:53:39	qa/rpc-tests/rawtransactions.py	True	True	True	True
5503	jonasschnelli	2014-12-17 21:22:43	aalness	2014-12-18 09:53:39	src/rpcserver.h	False	True	True	True
5503	jonasschnelli	2014-12-17 21:22:43	aalness	2014-12-18 09:53:39	src/wallet/wallet.h	True	True	True	True
5503	jonasschnelli	2014-12-17 21:22:43	aalness	2014-12-18 09:53:39	src/wallet/rpcwallet.cpp	True	True	True	True
5503	jonasschnelli	2014-12-17 21:22:43	aalness	2014-12-18 09:53:39	src/rpcserver.h	True	True	True	True
5503	jonasschnelli	2014-12-17 21:22:43	aalness	2014-12-18 09:53:39	src/rpcserver.cpp	True	True	True	True
5503	jonasschnelli	2014-12-17 21:22:43	aalness	2014-12-18 09:53:39	src/rpcrawtransaction.cpp	True	True	True	True
5503	jonasschnelli	2014-12-17 21:22:43	aalness	2014-12-18 09:53:39	src/rpcclient.cpp	True	True	True	True
5503	jonasschnelli	2014-12-17 21:22:43	aalness	2014-12-18 09:53:39	src/qt/walletmodel.cpp	True	True	True	True
5503	jonasschnelli	2014-12-17 21:22:43	aalness	2014-12-18 09:53:39	src/wallet/wallet.cpp	True	True	True	True
5503	jonasschnelli	2014-12-17 21:22:43	aalness	2014-12-18 09:53:39	qa/pull-tester/rpc-tests.sh	True	True	True	True
5503	jonasschnelli	2014-12-17 21:22:43	aalness	2014-12-18 09:53:39	src/script/sign.h	False	True	True	True
5503	jonasschnelli	2014-12-17 21:22:43	aalness	2014-12-18 09:53:39	src/qt/walletmodel.cpp	False	True	True	True
5503	jonasschnelli	2014-12-17 21:22:43	aalness	2014-12-18 09:53:39	src/rpcserver.cpp	False	True	True	True
5503	jonasschnelli	2014-12-17 21:22:43	aalness	2014-12-18 09:53:39	src/wallet/rpcwallet.cpp	False	True	True	True
5503	jonasschnelli	2014-12-17 21:22:43	aalness	2014-12-18 09:53:39	src/rpcrawtransaction.cpp	False	True	True	True
5503	jonasschnelli	2014-12-17 21:22:43	aalness	2014-12-18 09:53:39	src/test/rpc_wallet_tests.cpp	False	True	True	True
5503	jonasschnelli	2014-12-17 21:22:43	aalness	2014-12-18 09:53:39	src/wallet/wallet.cpp	False	True	True	True
5503	jonasschnelli	2014-12-17 21:22:43	aalness	2014-12-18 09:53:39	src/wallet/wallet.h	False	True	True	True
5499	luke-jr	2014-12-17 09:39:51	Diapolo	2014-12-17 17:53:28	src/rpcmining.cpp	True	True	True	True
5499	luke-jr	2014-12-17 09:39:51	Diapolo	2014-12-17 17:53:28	src/core_read.cpp	True	True	True	True
5499	luke-jr	2014-12-17 09:39:51	Diapolo	2014-12-17 17:53:28	src/core_io.h	True	True	True	True
5497	paveljanik	2014-12-17 08:23:55	Diapolo	2014-12-17 08:46:00	src/qt/transactiontablemodel.cpp	False	True	True	True
5497	paveljanik	2014-12-17 08:23:55	Diapolo	2014-12-17 08:46:00	src/serialize.h	False	True	True	True
5497	paveljanik	2014-12-17 08:23:55	Diapolo	2014-12-17 08:46:00	src/qt/walletmodel.cpp	False	True	True	True
5497	paveljanik	2014-12-17 08:23:55	Diapolo	2014-12-17 08:46:00	src/rpcwallet.cpp	False	True	True	True
5497	paveljanik	2014-12-17 08:23:55	Diapolo	2014-12-17 08:46:00	src/script/interpreter.cpp	False	True	True	True
5497	paveljanik	2014-12-17 08:23:55	Diapolo	2014-12-17 08:46:00	src/script/script.h	False	True	True	True
5497	paveljanik	2014-12-17 08:23:55	Diapolo	2014-12-17 08:46:00	src/wallet.cpp	False	True	True	True
5497	paveljanik	2014-12-17 08:23:55	Diapolo	2014-12-17 08:46:00	src/streams.h	False	True	True	True
5497	paveljanik	2014-12-17 08:23:55	Diapolo	2014-12-17 08:46:00	src/test/bignum.h	False	True	True	True
5497	paveljanik	2014-12-17 08:23:55	Diapolo	2014-12-17 08:46:00	src/test/sighash_tests.cpp	False	True	True	True
5497	paveljanik	2014-12-17 08:23:55	Diapolo	2014-12-17 08:46:00	src/txdb.cpp	False	True	True	True
5497	paveljanik	2014-12-17 08:23:55	Diapolo	2014-12-17 08:46:00	src/txmempool.cpp	False	True	True	True
5497	paveljanik	2014-12-17 08:23:55	Diapolo	2014-12-17 08:46:00	src/qt/paymentrequestplus.cpp	False	True	True	True
5497	paveljanik	2014-12-17 08:23:55	Diapolo	2014-12-17 08:46:00	src/qt/paymentserver.cpp	False	True	True	True
5497	paveljanik	2014-12-17 08:23:55	Diapolo	2014-12-17 08:46:00	src/init.cpp	False	True	True	True
5497	paveljanik	2014-12-17 08:23:55	Diapolo	2014-12-17 08:46:00	src/qt/coincontroltreewidget.cpp	False	True	True	True
5497	paveljanik	2014-12-17 08:23:55	Diapolo	2014-12-17 08:46:00	src/qt/clientmodel.cpp	False	True	True	True
5497	paveljanik	2014-12-17 08:23:55	Diapolo	2014-12-17 08:46:00	src/qt/addresstablemodel.cpp	False	True	True	True
5497	paveljanik	2014-12-17 08:23:55	Diapolo	2014-12-17 08:46:00	src/protocol.cpp	False	True	True	True
5497	paveljanik	2014-12-17 08:23:55	Diapolo	2014-12-17 08:46:00	src/primitives/transaction.cpp	False	True	True	True
5497	paveljanik	2014-12-17 08:23:55	Diapolo	2014-12-17 08:46:00	src/pow.cpp	False	True	True	True
5497	paveljanik	2014-12-17 08:23:55	Diapolo	2014-12-17 08:46:00	src/net.cpp	False	True	True	True
5497	paveljanik	2014-12-17 08:23:55	Diapolo	2014-12-17 08:46:00	src/miner.cpp	False	True	True	True
5497	paveljanik	2014-12-17 08:23:55	Diapolo	2014-12-17 08:46:00	src/main.cpp	False	True	True	True
5497	paveljanik	2014-12-17 08:23:55	Diapolo	2014-12-17 08:46:00	src/keystore.cpp	False	True	True	True
5497	paveljanik	2014-12-17 08:23:55	Diapolo	2014-12-17 08:46:00	src/walletdb.cpp	False	True	True	True
5497	paveljanik	2014-12-17 08:23:55	Diapolo	2014-12-17 08:46:00	src/db.cpp	False	True	True	True
5497	paveljanik	2014-12-17 08:23:55	Diapolo	2014-12-17 08:46:00	src/alert.cpp	False	True	True	True
5497	paveljanik	2014-12-17 08:23:55	Diapolo	2014-12-17 08:46:00	src/wallet.h	False	True	True	True
5497	paveljanik	2014-12-17 08:23:55	Diapolo	2014-12-17 08:47:22	src/net.cpp	False	True	True	True
5497	paveljanik	2014-12-17 08:23:55	Diapolo	2014-12-17 08:47:22	src/alert.cpp	False	True	True	True
5497	paveljanik	2014-12-17 08:23:55	Diapolo	2014-12-17 08:47:22	src/qt/transactiontablemodel.cpp	False	True	True	True
5497	paveljanik	2014-12-17 08:23:55	Diapolo	2014-12-17 08:47:22	src/walletdb.cpp	False	True	True	True
5497	paveljanik	2014-12-17 08:23:55	Diapolo	2014-12-17 08:47:22	src/wallet.h	False	True	True	True
5497	paveljanik	2014-12-17 08:23:55	Diapolo	2014-12-17 08:47:22	src/wallet.cpp	False	True	True	True
5497	paveljanik	2014-12-17 08:23:55	Diapolo	2014-12-17 08:47:22	src/txmempool.cpp	False	True	True	True
5497	paveljanik	2014-12-17 08:23:55	Diapolo	2014-12-17 08:47:22	src/txdb.cpp	False	True	True	True
5497	paveljanik	2014-12-17 08:23:55	Diapolo	2014-12-17 08:47:22	src/test/sighash_tests.cpp	False	True	True	True
5497	paveljanik	2014-12-17 08:23:55	Diapolo	2014-12-17 08:47:22	src/test/bignum.h	False	True	True	True
5497	paveljanik	2014-12-17 08:23:55	Diapolo	2014-12-17 08:47:22	src/streams.h	False	True	True	True
5497	paveljanik	2014-12-17 08:23:55	Diapolo	2014-12-17 08:47:22	src/serialize.h	False	True	True	True
5497	paveljanik	2014-12-17 08:23:55	Diapolo	2014-12-17 08:47:22	src/db.cpp	False	True	True	True
5497	paveljanik	2014-12-17 08:23:55	Diapolo	2014-12-17 08:47:22	src/script/interpreter.cpp	False	True	True	True
5497	paveljanik	2014-12-17 08:23:55	Diapolo	2014-12-17 08:47:22	src/rpcwallet.cpp	False	True	True	True
5497	paveljanik	2014-12-17 08:23:55	Diapolo	2014-12-17 08:47:22	src/qt/walletmodel.cpp	False	True	True	True
5497	paveljanik	2014-12-17 08:23:55	Diapolo	2014-12-17 08:47:22	src/script/script.h	False	True	True	True
5497	paveljanik	2014-12-17 08:23:55	Diapolo	2014-12-17 08:47:22	src/qt/paymentserver.cpp	False	True	True	True
5497	paveljanik	2014-12-17 08:23:55	Diapolo	2014-12-17 08:47:22	src/pow.cpp	False	True	True	True
5497	paveljanik	2014-12-17 08:23:55	Diapolo	2014-12-17 08:47:22	src/init.cpp	False	True	True	True
5497	paveljanik	2014-12-17 08:23:55	Diapolo	2014-12-17 08:47:22	src/qt/paymentrequestplus.cpp	False	True	True	True
5497	paveljanik	2014-12-17 08:23:55	Diapolo	2014-12-17 08:47:22	src/main.cpp	False	True	True	True
5497	paveljanik	2014-12-17 08:23:55	Diapolo	2014-12-17 08:47:22	src/miner.cpp	False	True	True	True
5497	paveljanik	2014-12-17 08:23:55	Diapolo	2014-12-17 08:47:22	src/keystore.cpp	False	True	True	True
5497	paveljanik	2014-12-17 08:23:55	Diapolo	2014-12-17 08:47:22	src/primitives/transaction.cpp	False	True	True	True
5497	paveljanik	2014-12-17 08:23:55	Diapolo	2014-12-17 08:47:22	src/protocol.cpp	False	True	True	True
5497	paveljanik	2014-12-17 08:23:55	Diapolo	2014-12-17 08:47:22	src/qt/addresstablemodel.cpp	False	True	True	True
5497	paveljanik	2014-12-17 08:23:55	Diapolo	2014-12-17 08:47:22	src/qt/clientmodel.cpp	False	True	True	True
5497	paveljanik	2014-12-17 08:23:55	Diapolo	2014-12-17 08:47:22	src/qt/coincontroltreewidget.cpp	False	True	True	True
5496	petertodd	2014-12-17 06:51:54	SergioDemianLerner	2014-12-17 14:21:12	src/consensus/consensus.h	True	True	True	True
5496	petertodd	2014-12-17 06:51:54	SergioDemianLerner	2014-12-17 15:04:07	src/script/script.h	True	True	True	True
5496	petertodd	2014-12-17 06:51:54	SergioDemianLerner	2014-12-17 15:04:07	src/script/standard.h	True	True	True	True
5496	petertodd	2014-12-17 06:51:54	SergioDemianLerner	2014-12-17 15:04:07	src/test/scriptnum_tests.cpp	True	True	True	True
5496	petertodd	2014-12-17 06:51:54	SergioDemianLerner	2014-12-17 15:04:07	src/script/interpreter.cpp	True	True	True	True
5496	petertodd	2014-12-17 06:51:54	SergioDemianLerner	2014-12-17 15:04:07	src/script/interpreter.h	True	True	True	True
5496	petertodd	2014-12-17 06:51:54	SergioDemianLerner	2014-12-17 15:04:07	src/script/script_error.cpp	True	True	True	True
5496	petertodd	2014-12-17 06:51:54	SergioDemianLerner	2014-12-17 15:04:07	src/consensus/consensus.h	True	True	True	True
5496	petertodd	2014-12-17 06:51:54	SergioDemianLerner	2014-12-17 15:04:07	src/test/data/tx_invalid.json	True	True	True	True
5496	petertodd	2014-12-17 06:51:54	SergioDemianLerner	2014-12-17 15:04:07	src/test/data/tx_valid.json	True	True	True	True
5496	petertodd	2014-12-17 06:51:54	SergioDemianLerner	2014-12-17 15:04:07	src/test/transaction_tests.cpp	True	True	True	True
5496	petertodd	2014-12-17 06:51:54	SergioDemianLerner	2014-12-17 15:04:07	src/script/script_error.h	True	True	True	True
5496	petertodd	2014-12-17 06:51:54	SergioDemianLerner	2014-12-17 14:21:12	src/script/script.h	True	True	True	True
5496	petertodd	2014-12-17 06:51:54	SergioDemianLerner	2014-12-17 14:21:12	src/test/scriptnum_tests.cpp	True	True	True	True
5496	petertodd	2014-12-17 06:51:54	SergioDemianLerner	2014-12-17 14:21:12	src/script/interpreter.cpp	True	True	True	True
5496	petertodd	2014-12-17 06:51:54	SergioDemianLerner	2014-12-17 14:21:12	src/script/interpreter.h	True	True	True	True
5496	petertodd	2014-12-17 06:51:54	SergioDemianLerner	2014-12-17 14:21:12	src/script/script_error.cpp	True	True	True	True
5496	petertodd	2014-12-17 06:51:54	SergioDemianLerner	2014-12-17 14:21:12	src/script/script_error.h	True	True	True	True
5496	petertodd	2014-12-17 06:51:54	SergioDemianLerner	2014-12-17 14:21:12	src/test/data/tx_invalid.json	True	True	True	True
5496	petertodd	2014-12-17 06:51:54	SergioDemianLerner	2014-12-17 14:21:12	src/test/data/tx_valid.json	True	True	True	True
5496	petertodd	2014-12-17 06:51:54	SergioDemianLerner	2014-12-17 14:21:12	src/test/transaction_tests.cpp	True	True	True	True
5496	petertodd	2014-12-17 06:51:54	SergioDemianLerner	2014-12-17 14:21:12	src/script/standard.h	True	True	True	True
5493	luke-jr	2014-12-16 20:11:23	laanwj	2014-12-17 13:02:52	src/qt/overviewpage.cpp	True	True	True	True
5493	luke-jr	2014-12-16 20:11:23	laanwj	2014-12-17 13:02:52	src/qt/coincontroldialog.cpp	True	True	True	True
5493	luke-jr	2014-12-16 20:11:23	laanwj	2014-12-17 13:02:52	src/qt/intro.cpp	True	True	True	True
5493	luke-jr	2014-12-16 20:11:23	laanwj	2014-12-17 13:02:52	src/qt/networkstyle.cpp	True	True	True	True
5493	luke-jr	2014-12-16 20:11:23	laanwj	2014-12-17 13:02:52	src/qt/scicon.h	True	True	True	True
5493	luke-jr	2014-12-16 20:11:23	laanwj	2014-12-17 13:02:52	src/qt/receivecoinsdialog.cpp	True	True	True	True
5493	luke-jr	2014-12-16 20:11:23	laanwj	2014-12-17 13:02:52	src/qt/rpcconsole.cpp	True	True	True	True
5493	luke-jr	2014-12-16 20:11:23	laanwj	2014-12-17 13:02:52	src/qt/scicon.cpp	True	True	True	True
5493	luke-jr	2014-12-16 20:11:23	laanwj	2014-12-17 13:02:52	src/qt/addressbookpage.cpp	True	True	True	True
5493	luke-jr	2014-12-16 20:11:23	laanwj	2014-12-17 13:02:52	src/qt/bitcoingui.cpp	True	True	True	True
5493	luke-jr	2014-12-16 20:11:23	Diapolo	2014-12-17 18:11:32	src/qt/transactiontablemodel.cpp	True	True	True	True
5493	luke-jr	2014-12-16 20:11:23	laanwj	2014-12-17 13:02:52	src/Makefile.qt.include	True	True	True	True
5493	luke-jr	2014-12-16 20:11:23	Diapolo	2014-12-17 18:11:32	src/qt/walletview.cpp	True	True	True	True
5493	luke-jr	2014-12-16 20:11:23	Diapolo	2014-12-17 18:11:32	src/qt/transactionview.cpp	True	True	True	True
5493	luke-jr	2014-12-16 20:11:23	Diapolo	2014-12-17 18:11:32	src/qt/transactiontablemodel.h	True	True	True	True
5493	luke-jr	2014-12-16 20:11:23	laanwj	2014-12-17 13:02:52	src/qt/sendcoinsentry.cpp	True	True	True	True
5493	luke-jr	2014-12-16 20:11:23	Diapolo	2014-12-17 18:11:32	src/qt/signverifymessagedialog.cpp	True	True	True	True
5493	luke-jr	2014-12-16 20:11:23	Diapolo	2014-12-17 18:11:32	src/qt/sendcoinsentry.cpp	True	True	True	True
5493	luke-jr	2014-12-16 20:11:23	Diapolo	2014-12-17 18:11:32	src/qt/sendcoinsdialog.cpp	True	True	True	True
5493	luke-jr	2014-12-16 20:11:23	Diapolo	2014-12-17 18:11:32	src/qt/scicon.h	True	True	True	True
5493	luke-jr	2014-12-16 20:11:23	laanwj	2014-12-17 13:02:52	src/qt/sendcoinsdialog.cpp	True	True	True	True
5493	luke-jr	2014-12-16 20:11:23	laanwj	2014-12-17 13:02:52	src/qt/transactionview.cpp	True	True	True	True
5493	luke-jr	2014-12-16 20:11:23	laanwj	2014-12-17 13:02:52	src/qt/signverifymessagedialog.cpp	True	True	True	True
5493	luke-jr	2014-12-16 20:11:23	laanwj	2014-12-17 13:02:52	src/qt/transactiontablemodel.cpp	True	True	True	True
5493	luke-jr	2014-12-16 20:11:23	Diapolo	2014-12-17 09:58:20	src/qt/transactiontablemodel.h	True	True	True	True
5493	luke-jr	2014-12-16 20:11:23	Diapolo	2014-12-17 09:58:20	src/qt/transactiontablemodel.cpp	True	True	True	True
5493	luke-jr	2014-12-16 20:11:23	Diapolo	2014-12-17 09:58:20	src/qt/signverifymessagedialog.cpp	True	True	True	True
5493	luke-jr	2014-12-16 20:11:23	Diapolo	2014-12-17 09:58:20	src/qt/sendcoinsentry.cpp	True	True	True	True
5493	luke-jr	2014-12-16 20:11:23	Diapolo	2014-12-17 09:58:20	src/qt/sendcoinsdialog.cpp	True	True	True	True
5493	luke-jr	2014-12-16 20:11:23	Diapolo	2014-12-17 09:58:20	src/qt/scicon.h	True	True	True	True
5493	luke-jr	2014-12-16 20:11:23	Diapolo	2014-12-17 09:58:20	src/qt/scicon.cpp	True	True	True	True
5493	luke-jr	2014-12-16 20:11:23	Diapolo	2014-12-17 09:58:20	src/qt/rpcconsole.cpp	True	True	True	True
5493	luke-jr	2014-12-16 20:11:23	Diapolo	2014-12-17 09:58:20	src/qt/receivecoinsdialog.cpp	True	True	True	True
5493	luke-jr	2014-12-16 20:11:23	Diapolo	2014-12-17 09:58:20	src/qt/overviewpage.cpp	True	True	True	True
5493	luke-jr	2014-12-16 20:11:23	Diapolo	2014-12-17 09:58:20	src/qt/networkstyle.cpp	True	True	True	True
5493	luke-jr	2014-12-16 20:11:23	Diapolo	2014-12-17 09:58:20	src/qt/intro.cpp	True	True	True	True
5493	luke-jr	2014-12-16 20:11:23	Diapolo	2014-12-17 09:58:20	src/qt/coincontroldialog.cpp	True	True	True	True
5493	luke-jr	2014-12-16 20:11:23	Diapolo	2014-12-17 09:58:20	src/qt/bitcoingui.cpp	True	True	True	True
5493	luke-jr	2014-12-16 20:11:23	Diapolo	2014-12-17 09:58:20	src/qt/addressbookpage.cpp	True	True	True	True
5493	luke-jr	2014-12-16 20:11:23	Diapolo	2014-12-17 09:58:20	src/Makefile.qt.include	True	True	True	True
5493	luke-jr	2014-12-16 20:11:23	laanwj	2014-12-17 13:02:52	src/qt/walletview.cpp	True	True	True	True
5493	luke-jr	2014-12-16 20:11:23	Diapolo	2014-12-17 18:11:32	src/qt/rpcconsole.cpp	True	True	True	True
5493	luke-jr	2014-12-16 20:11:23	laanwj	2014-12-17 13:02:52	src/qt/transactiontablemodel.h	True	True	True	True
5493	luke-jr	2014-12-16 20:11:23	Diapolo	2014-12-17 18:11:32	src/qt/scicon.cpp	True	True	True	True
5493	luke-jr	2014-12-16 20:11:23	Diapolo	2014-12-17 18:11:32	src/qt/coincontroldialog.cpp	True	True	True	True
5493	luke-jr	2014-12-16 20:11:23	Diapolo	2014-12-17 18:11:32	src/qt/receivecoinsdialog.cpp	True	True	True	True
5493	luke-jr	2014-12-16 20:11:23	Diapolo	2014-12-17 18:13:58	src/qt/addressbookpage.cpp	True	True	True	True
5493	luke-jr	2014-12-16 20:11:23	Diapolo	2014-12-17 18:12:53	src/qt/walletview.cpp	True	True	True	True
5493	luke-jr	2014-12-16 20:11:23	Diapolo	2014-12-17 18:12:53	src/qt/transactionview.cpp	True	True	True	True
5493	luke-jr	2014-12-16 20:11:23	Diapolo	2014-12-17 18:12:53	src/qt/transactiontablemodel.h	True	True	True	True
5493	luke-jr	2014-12-16 20:11:23	Diapolo	2014-12-17 18:12:53	src/qt/transactiontablemodel.cpp	True	True	True	True
5493	luke-jr	2014-12-16 20:11:23	Diapolo	2014-12-17 18:12:53	src/qt/signverifymessagedialog.cpp	True	True	True	True
5493	luke-jr	2014-12-16 20:11:23	Diapolo	2014-12-17 18:12:53	src/qt/sendcoinsentry.cpp	True	True	True	True
5493	luke-jr	2014-12-16 20:11:23	Diapolo	2014-12-17 18:12:53	src/qt/sendcoinsdialog.cpp	True	True	True	True
5493	luke-jr	2014-12-16 20:11:23	Diapolo	2014-12-17 18:12:53	src/qt/scicon.h	True	True	True	True
5493	luke-jr	2014-12-16 20:11:23	Diapolo	2014-12-17 18:12:53	src/qt/scicon.cpp	True	True	True	True
5493	luke-jr	2014-12-16 20:11:23	Diapolo	2014-12-17 18:12:53	src/qt/rpcconsole.cpp	True	True	True	True
5493	luke-jr	2014-12-16 20:11:23	Diapolo	2014-12-17 18:12:53	src/qt/receivecoinsdialog.cpp	True	True	True	True
5493	luke-jr	2014-12-16 20:11:23	Diapolo	2014-12-17 18:12:53	src/qt/overviewpage.cpp	True	True	True	True
5493	luke-jr	2014-12-16 20:11:23	Diapolo	2014-12-17 18:12:53	src/qt/networkstyle.cpp	True	True	True	True
5493	luke-jr	2014-12-16 20:11:23	Diapolo	2014-12-17 18:12:53	src/qt/intro.cpp	True	True	True	True
5493	luke-jr	2014-12-16 20:11:23	Diapolo	2014-12-17 18:12:53	src/qt/coincontroldialog.cpp	True	True	True	True
5493	luke-jr	2014-12-16 20:11:23	Diapolo	2014-12-17 18:12:53	src/qt/bitcoingui.cpp	True	True	True	True
5493	luke-jr	2014-12-16 20:11:23	Diapolo	2014-12-17 18:12:53	src/qt/addressbookpage.cpp	True	True	True	True
5493	luke-jr	2014-12-16 20:11:23	Diapolo	2014-12-17 18:12:53	src/Makefile.qt.include	True	True	True	True
5493	luke-jr	2014-12-16 20:11:23	Diapolo	2014-12-17 09:58:20	src/qt/walletview.cpp	True	True	True	True
5493	luke-jr	2014-12-16 20:11:23	Diapolo	2014-12-17 18:13:58	src/Makefile.qt.include	True	True	True	True
5493	luke-jr	2014-12-16 20:11:23	Diapolo	2014-12-17 18:13:58	src/qt/bitcoingui.cpp	True	True	True	True
5493	luke-jr	2014-12-16 20:11:23	Diapolo	2014-12-17 18:11:32	src/qt/overviewpage.cpp	True	True	True	True
5493	luke-jr	2014-12-16 20:11:23	Diapolo	2014-12-17 18:13:58	src/qt/coincontroldialog.cpp	True	True	True	True
5493	luke-jr	2014-12-16 20:11:23	Diapolo	2014-12-17 18:11:32	src/qt/networkstyle.cpp	True	True	True	True
5493	luke-jr	2014-12-16 20:11:23	Diapolo	2014-12-17 18:11:32	src/qt/intro.cpp	True	True	True	True
5493	luke-jr	2014-12-16 20:11:23	Diapolo	2014-12-17 18:11:32	src/qt/bitcoingui.cpp	True	True	True	True
5493	luke-jr	2014-12-16 20:11:23	Diapolo	2014-12-17 18:11:32	src/qt/addressbookpage.cpp	True	True	True	True
5493	luke-jr	2014-12-16 20:11:23	Diapolo	2014-12-17 18:11:32	src/Makefile.qt.include	True	True	True	True
5493	luke-jr	2014-12-16 20:11:23	Diapolo	2014-12-17 18:13:58	src/qt/walletview.cpp	True	True	True	True
5493	luke-jr	2014-12-16 20:11:23	Diapolo	2014-12-17 18:13:58	src/qt/transactionview.cpp	True	True	True	True
5493	luke-jr	2014-12-16 20:11:23	Diapolo	2014-12-17 18:13:58	src/qt/transactiontablemodel.h	True	True	True	True
5493	luke-jr	2014-12-16 20:11:23	Diapolo	2014-12-17 18:13:58	src/qt/transactiontablemodel.cpp	True	True	True	True
5493	luke-jr	2014-12-16 20:11:23	Diapolo	2014-12-17 18:13:58	src/qt/signverifymessagedialog.cpp	True	True	True	True
5493	luke-jr	2014-12-16 20:11:23	Diapolo	2014-12-17 18:13:58	src/qt/sendcoinsentry.cpp	True	True	True	True
5493	luke-jr	2014-12-16 20:11:23	Diapolo	2014-12-17 18:13:58	src/qt/sendcoinsdialog.cpp	True	True	True	True
5493	luke-jr	2014-12-16 20:11:23	Diapolo	2014-12-17 18:13:58	src/qt/scicon.h	True	True	True	True
5493	luke-jr	2014-12-16 20:11:23	Diapolo	2014-12-17 18:13:58	src/qt/scicon.cpp	True	True	True	True
5493	luke-jr	2014-12-16 20:11:23	Diapolo	2014-12-17 18:13:58	src/qt/rpcconsole.cpp	True	True	True	True
5493	luke-jr	2014-12-16 20:11:23	Diapolo	2014-12-17 18:13:58	src/qt/receivecoinsdialog.cpp	True	True	True	True
5493	luke-jr	2014-12-16 20:11:23	Diapolo	2014-12-17 18:13:58	src/qt/overviewpage.cpp	True	True	True	True
5493	luke-jr	2014-12-16 20:11:23	Diapolo	2014-12-17 18:13:58	src/qt/networkstyle.cpp	True	True	True	True
5493	luke-jr	2014-12-16 20:11:23	Diapolo	2014-12-17 18:13:58	src/qt/intro.cpp	True	True	True	True
5493	luke-jr	2014-12-16 20:11:23	Diapolo	2014-12-17 09:58:20	src/qt/transactionview.cpp	True	True	True	True
5493	luke-jr	2014-12-16 20:11:23	laanwj	2014-12-17 09:33:44	src/qt/receivecoinsdialog.cpp	True	True	True	True
5493	luke-jr	2014-12-16 20:11:23	laanwj	2014-12-17 10:36:31	src/Makefile.qt.include	True	True	True	True
5493	luke-jr	2014-12-16 20:11:23	Diapolo	2014-12-17 18:14:37	src/qt/transactiontablemodel.cpp	True	True	True	True
5493	luke-jr	2014-12-16 20:11:23	Diapolo	2014-12-17 18:14:37	src/qt/sendcoinsentry.cpp	True	True	True	True
5493	luke-jr	2014-12-16 20:11:23	Diapolo	2014-12-17 18:14:37	src/qt/sendcoinsdialog.cpp	True	True	True	True
5493	luke-jr	2014-12-16 20:11:23	Diapolo	2014-12-17 18:14:37	src/qt/scicon.h	True	True	True	True
5493	luke-jr	2014-12-16 20:11:23	Diapolo	2014-12-17 18:14:37	src/qt/scicon.cpp	True	True	True	True
5493	luke-jr	2014-12-16 20:11:23	Diapolo	2014-12-17 18:14:37	src/qt/rpcconsole.cpp	True	True	True	True
5493	luke-jr	2014-12-16 20:11:23	Diapolo	2014-12-17 18:14:37	src/qt/receivecoinsdialog.cpp	True	True	True	True
5493	luke-jr	2014-12-16 20:11:23	Diapolo	2014-12-17 18:14:37	src/qt/overviewpage.cpp	True	True	True	True
5493	luke-jr	2014-12-16 20:11:23	Diapolo	2014-12-17 18:14:37	src/qt/networkstyle.cpp	True	True	True	True
5493	luke-jr	2014-12-16 20:11:23	Diapolo	2014-12-17 18:14:37	src/qt/intro.cpp	True	True	True	True
5493	luke-jr	2014-12-16 20:11:23	Diapolo	2014-12-17 18:14:37	src/qt/coincontroldialog.cpp	True	True	True	True
5493	luke-jr	2014-12-16 20:11:23	Diapolo	2014-12-17 18:14:37	src/qt/bitcoingui.cpp	True	True	True	True
5493	luke-jr	2014-12-16 20:11:23	Diapolo	2014-12-17 18:14:37	src/qt/addressbookpage.cpp	True	True	True	True
5493	luke-jr	2014-12-16 20:11:23	Diapolo	2014-12-17 18:14:37	src/Makefile.qt.include	True	True	True	True
5493	luke-jr	2014-12-16 20:11:23	laanwj	2014-12-17 09:33:44	src/qt/walletview.cpp	True	True	True	True
5493	luke-jr	2014-12-16 20:11:23	laanwj	2014-12-17 09:33:44	src/qt/transactionview.cpp	True	True	True	True
5493	luke-jr	2014-12-16 20:11:23	laanwj	2014-12-17 09:33:44	src/qt/transactiontablemodel.h	True	True	True	True
5493	luke-jr	2014-12-16 20:11:23	laanwj	2014-12-17 09:33:44	src/qt/signverifymessagedialog.cpp	True	True	True	True
5493	luke-jr	2014-12-16 20:11:23	laanwj	2014-12-17 09:33:44	src/qt/sendcoinsentry.cpp	True	True	True	True
5493	luke-jr	2014-12-16 20:11:23	laanwj	2014-12-17 09:33:44	src/qt/sendcoinsdialog.cpp	True	True	True	True
5493	luke-jr	2014-12-16 20:11:23	Diapolo	2014-12-17 18:14:37	src/qt/signverifymessagedialog.cpp	True	True	True	True
5493	luke-jr	2014-12-16 20:11:23	Diapolo	2014-12-17 18:14:37	src/qt/transactiontablemodel.h	True	True	True	True
5493	luke-jr	2014-12-16 20:11:23	laanwj	2014-12-17 09:33:44	src/qt/scicon.cpp	True	True	True	True
5493	luke-jr	2014-12-16 20:11:23	Diapolo	2014-12-17 18:14:37	src/qt/transactionview.cpp	True	True	True	True
5493	luke-jr	2014-12-16 20:11:23	Diapolo	2014-12-17 09:57:50	src/qt/walletview.cpp	True	True	True	True
5493	luke-jr	2014-12-16 20:11:23	Diapolo	2014-12-17 09:57:50	src/qt/transactionview.cpp	True	True	True	True
5493	luke-jr	2014-12-16 20:11:23	Diapolo	2014-12-17 09:57:50	src/qt/transactiontablemodel.h	True	True	True	True
5493	luke-jr	2014-12-16 20:11:23	Diapolo	2014-12-17 09:57:50	src/qt/transactiontablemodel.cpp	True	True	True	True
5493	luke-jr	2014-12-16 20:11:23	Diapolo	2014-12-17 09:57:50	src/qt/signverifymessagedialog.cpp	True	True	True	True
5493	luke-jr	2014-12-16 20:11:23	Diapolo	2014-12-17 09:57:50	src/qt/sendcoinsentry.cpp	True	True	True	True
5493	luke-jr	2014-12-16 20:11:23	Diapolo	2014-12-17 09:57:50	src/qt/sendcoinsdialog.cpp	True	True	True	True
5493	luke-jr	2014-12-16 20:11:23	Diapolo	2014-12-17 09:57:50	src/qt/scicon.h	True	True	True	True
5493	luke-jr	2014-12-16 20:11:23	Diapolo	2014-12-17 09:57:50	src/qt/scicon.cpp	True	True	True	True
5493	luke-jr	2014-12-16 20:11:23	Diapolo	2014-12-17 09:57:50	src/qt/rpcconsole.cpp	True	True	True	True
5493	luke-jr	2014-12-16 20:11:23	Diapolo	2014-12-17 09:57:50	src/qt/receivecoinsdialog.cpp	True	True	True	True
5493	luke-jr	2014-12-16 20:11:23	Diapolo	2014-12-17 09:57:50	src/qt/overviewpage.cpp	True	True	True	True
5493	luke-jr	2014-12-16 20:11:23	Diapolo	2014-12-17 09:57:50	src/qt/networkstyle.cpp	True	True	True	True
5493	luke-jr	2014-12-16 20:11:23	Diapolo	2014-12-17 09:57:50	src/qt/intro.cpp	True	True	True	True
5493	luke-jr	2014-12-16 20:11:23	Diapolo	2014-12-17 09:57:50	src/qt/coincontroldialog.cpp	True	True	True	True
5493	luke-jr	2014-12-16 20:11:23	Diapolo	2014-12-17 09:57:50	src/qt/bitcoingui.cpp	True	True	True	True
5493	luke-jr	2014-12-16 20:11:23	Diapolo	2014-12-17 09:57:50	src/qt/addressbookpage.cpp	True	True	True	True
5493	luke-jr	2014-12-16 20:11:23	Diapolo	2014-12-17 09:57:50	src/Makefile.qt.include	True	True	True	True
5493	luke-jr	2014-12-16 20:11:23	Diapolo	2014-12-17 18:14:37	src/qt/walletview.cpp	True	True	True	True
5493	luke-jr	2014-12-16 20:11:23	laanwj	2014-12-17 09:33:44	src/qt/scicon.h	True	True	True	True
5493	luke-jr	2014-12-16 20:11:23	laanwj	2014-12-17 09:33:44	src/qt/transactiontablemodel.cpp	True	True	True	True
5493	luke-jr	2014-12-16 20:11:23	laanwj	2014-12-17 09:33:44	src/qt/rpcconsole.cpp	True	True	True	True
5493	luke-jr	2014-12-16 20:11:23	Diapolo	2014-12-17 09:56:44	src/qt/intro.cpp	True	True	True	True
5493	luke-jr	2014-12-16 20:11:23	Diapolo	2014-12-17 09:56:44	src/qt/bitcoingui.cpp	True	True	True	True
5493	luke-jr	2014-12-16 20:11:23	Diapolo	2014-12-17 09:56:44	src/qt/addressbookpage.cpp	True	True	True	True
5493	luke-jr	2014-12-16 20:11:23	laanwj	2014-12-17 10:36:31	src/qt/addressbookpage.cpp	True	True	True	True
5493	luke-jr	2014-12-16 20:11:23	laanwj	2014-12-17 10:36:31	src/qt/walletview.cpp	True	True	True	True
5493	luke-jr	2014-12-16 20:11:23	laanwj	2014-12-17 10:36:31	src/qt/transactionview.cpp	True	True	True	True
5493	luke-jr	2014-12-16 20:11:23	laanwj	2014-12-17 10:36:31	src/qt/transactiontablemodel.h	True	True	True	True
5493	luke-jr	2014-12-16 20:11:23	laanwj	2014-12-17 10:36:31	src/qt/transactiontablemodel.cpp	True	True	True	True
5493	luke-jr	2014-12-16 20:11:23	laanwj	2014-12-17 10:36:31	src/qt/signverifymessagedialog.cpp	True	True	True	True
5493	luke-jr	2014-12-16 20:11:23	laanwj	2014-12-17 10:36:31	src/qt/sendcoinsentry.cpp	True	True	True	True
5493	luke-jr	2014-12-16 20:11:23	laanwj	2014-12-17 10:36:31	src/qt/sendcoinsdialog.cpp	True	True	True	True
5493	luke-jr	2014-12-16 20:11:23	laanwj	2014-12-17 10:36:31	src/qt/scicon.h	True	True	True	True
5493	luke-jr	2014-12-16 20:11:23	laanwj	2014-12-17 10:36:31	src/qt/scicon.cpp	True	True	True	True
5493	luke-jr	2014-12-16 20:11:23	laanwj	2014-12-17 10:36:31	src/qt/rpcconsole.cpp	True	True	True	True
5493	luke-jr	2014-12-16 20:11:23	laanwj	2014-12-17 10:36:31	src/qt/receivecoinsdialog.cpp	True	True	True	True
5493	luke-jr	2014-12-16 20:11:23	laanwj	2014-12-17 10:36:31	src/qt/overviewpage.cpp	True	True	True	True
5493	luke-jr	2014-12-16 20:11:23	laanwj	2014-12-17 10:36:31	src/qt/networkstyle.cpp	True	True	True	True
5493	luke-jr	2014-12-16 20:11:23	laanwj	2014-12-17 10:36:31	src/qt/intro.cpp	True	True	True	True
5493	luke-jr	2014-12-16 20:11:23	laanwj	2014-12-17 10:36:31	src/qt/coincontroldialog.cpp	True	True	True	True
5493	luke-jr	2014-12-16 20:11:23	laanwj	2014-12-17 10:36:31	src/qt/bitcoingui.cpp	True	True	True	True
5493	luke-jr	2014-12-16 20:11:23	Diapolo	2014-12-17 09:56:44	src/qt/coincontroldialog.cpp	True	True	True	True
5493	luke-jr	2014-12-16 20:11:23	Diapolo	2014-12-17 09:56:44	src/Makefile.qt.include	True	True	True	True
5493	luke-jr	2014-12-16 20:11:23	Diapolo	2014-12-17 09:56:44	src/qt/networkstyle.cpp	True	True	True	True
5493	luke-jr	2014-12-16 20:11:23	Diapolo	2014-12-17 09:56:44	src/qt/transactionview.cpp	True	True	True	True
5493	luke-jr	2014-12-16 20:11:23	laanwj	2014-12-17 09:33:44	src/qt/overviewpage.cpp	True	True	True	True
5493	luke-jr	2014-12-16 20:11:23	laanwj	2014-12-17 09:33:44	src/qt/networkstyle.cpp	True	True	True	True
5493	luke-jr	2014-12-16 20:11:23	laanwj	2014-12-17 09:33:44	src/qt/intro.cpp	True	True	True	True
5493	luke-jr	2014-12-16 20:11:23	laanwj	2014-12-17 09:33:44	src/qt/coincontroldialog.cpp	True	True	True	True
5493	luke-jr	2014-12-16 20:11:23	Diapolo	2014-12-17 09:56:44	src/qt/overviewpage.cpp	True	True	True	True
5493	luke-jr	2014-12-16 20:11:23	laanwj	2014-12-17 09:33:44	src/qt/addressbookpage.cpp	True	True	True	True
5493	luke-jr	2014-12-16 20:11:23	laanwj	2014-12-17 09:33:44	src/Makefile.qt.include	True	True	True	True
5493	luke-jr	2014-12-16 20:11:23	Diapolo	2014-12-17 09:56:44	src/qt/walletview.cpp	True	True	True	True
5493	luke-jr	2014-12-16 20:11:23	laanwj	2014-12-17 09:33:44	src/qt/bitcoingui.cpp	True	True	True	True
5493	luke-jr	2014-12-16 20:11:23	Diapolo	2014-12-17 09:56:44	src/qt/transactiontablemodel.h	True	True	True	True
5493	luke-jr	2014-12-16 20:11:23	Diapolo	2014-12-17 09:56:44	src/qt/signverifymessagedialog.cpp	True	True	True	True
5493	luke-jr	2014-12-16 20:11:23	Diapolo	2014-12-17 09:56:44	src/qt/sendcoinsentry.cpp	True	True	True	True
5493	luke-jr	2014-12-16 20:11:23	Diapolo	2014-12-17 09:56:44	src/qt/sendcoinsdialog.cpp	True	True	True	True
5493	luke-jr	2014-12-16 20:11:23	Diapolo	2014-12-17 09:56:44	src/qt/scicon.h	True	True	True	True
5493	luke-jr	2014-12-16 20:11:23	Diapolo	2014-12-17 09:56:44	src/qt/scicon.cpp	True	True	True	True
5493	luke-jr	2014-12-16 20:11:23	Diapolo	2014-12-17 09:56:44	src/qt/rpcconsole.cpp	True	True	True	True
5493	luke-jr	2014-12-16 20:11:23	Diapolo	2014-12-17 09:56:44	src/qt/receivecoinsdialog.cpp	True	True	True	True
5493	luke-jr	2014-12-16 20:11:23	Diapolo	2014-12-17 09:56:44	src/qt/transactiontablemodel.cpp	True	True	True	True
5492	jonasschnelli	2014-12-16 19:59:46	Diapolo	2015-03-21 17:47:24	src/rest.cpp	True	True	True	True
5492	jonasschnelli	2014-12-16 19:59:46	Diapolo	2015-03-21 17:47:24	qa/rpc-tests/rest.py	False	True	True	True
5492	jonasschnelli	2014-12-16 19:59:46	Diapolo	2015-03-21 17:47:24	src/rest.cpp	False	True	True	True
5492	jonasschnelli	2014-12-16 19:59:46	Diapolo	2015-03-21 17:47:24	qa/rpc-tests/rest.py	True	True	True	True
5492	jonasschnelli	2014-12-16 19:59:46	laanwj	2015-03-20 15:13:55	src/rest.cpp	True	True	True	True
5492	jonasschnelli	2014-12-16 19:59:46	laanwj	2015-03-20 15:13:55	qa/rpc-tests/rest.py	False	True	True	True
5492	jonasschnelli	2014-12-16 19:59:46	laanwj	2015-03-20 15:13:55	src/rest.cpp	False	True	True	True
5492	jonasschnelli	2014-12-16 19:59:46	laanwj	2015-03-20 15:13:55	qa/rpc-tests/rest.py	True	True	True	True
5485	gmaxwell	2014-12-16 09:47:54	fanquake	2014-12-19 11:30:11	src/init.cpp	True	True	True	True
5485	gmaxwell	2014-12-16 09:47:54	laanwj	2014-12-17 15:28:52	src/init.cpp	True	True	True	True
5485	gmaxwell	2014-12-16 09:47:54	laanwj	2014-12-17 15:28:52	src/wallet.h	True	True	True	True
5485	gmaxwell	2014-12-16 09:47:54	laanwj	2014-12-17 15:28:52	src/wallet.cpp	True	True	True	True
5485	gmaxwell	2014-12-16 09:47:54	fanquake	2014-12-19 11:30:11	src/wallet.cpp	True	True	True	True
5485	gmaxwell	2014-12-16 09:47:54	fanquake	2014-12-19 11:30:11	src/wallet.h	True	True	True	True
5478	laanwj	2014-12-15 15:44:27	sipa	2014-12-16 11:37:43	src/core_io.h	True	True	True	True
5478	laanwj	2014-12-15 15:44:27	sipa	2014-12-16 11:37:43	src/alert.h	True	True	True	True
5478	laanwj	2014-12-15 15:44:27	sipa	2014-12-16 11:37:43	src/base58.cpp	True	True	True	True
5478	laanwj	2014-12-15 15:44:27	sipa	2014-12-16 11:37:43	src/bloom.cpp	True	True	True	True
5478	laanwj	2014-12-15 15:44:27	sipa	2014-12-16 11:37:43	src/bloom.h	True	True	True	True
5478	laanwj	2014-12-15 15:44:27	sipa	2014-12-16 11:37:43	src/chain.cpp	True	True	True	True
5478	laanwj	2014-12-15 15:44:27	sipa	2014-12-16 11:37:43	src/checkpoints.cpp	True	True	True	True
5478	laanwj	2014-12-15 15:44:27	sipa	2014-12-16 11:37:43	src/checkpoints.h	True	True	True	True
5478	laanwj	2014-12-15 15:44:27	sipa	2014-12-16 11:37:43	src/coincontrol.h	True	True	True	True
5478	laanwj	2014-12-15 15:44:27	sipa	2014-12-16 11:37:43	src/coins.cpp	True	True	True	True
5478	laanwj	2014-12-15 15:44:27	sipa	2014-12-16 11:37:43	src/coins.h	True	True	True	True
5478	laanwj	2014-12-15 15:44:27	sipa	2014-12-16 11:37:43	src/core_read.cpp	True	True	True	True
5478	laanwj	2014-12-15 15:44:27	sipa	2014-12-16 11:37:43	src/uint256.h	True	True	True	True
5478	laanwj	2014-12-15 15:44:27	sipa	2014-12-16 11:37:43	src/core_write.cpp	True	True	True	True
5478	laanwj	2014-12-15 15:44:27	sipa	2014-12-16 11:37:43	src/crypter.cpp	True	True	True	True
5478	laanwj	2014-12-15 15:44:27	sipa	2014-12-16 11:37:43	src/crypter.h	True	True	True	True
5478	laanwj	2014-12-15 15:44:27	sipa	2014-12-16 11:37:43	src/eccryptoverify.h	True	True	True	True
5478	laanwj	2014-12-15 15:44:27	sipa	2014-12-16 11:37:43	src/ecwrapper.cpp	True	True	True	True
5478	laanwj	2014-12-15 15:44:27	sipa	2014-12-16 11:37:43	src/ecwrapper.h	True	True	True	True
5478	laanwj	2014-12-15 15:44:27	sipa	2014-12-16 11:37:43	src/hash.h	True	True	True	True
5478	laanwj	2014-12-15 15:44:27	sipa	2014-12-16 11:37:43	src/init.cpp	True	True	True	True
5478	laanwj	2014-12-15 15:44:27	sipa	2014-12-16 11:37:43	src/key.h	True	True	True	True
5478	laanwj	2014-12-15 15:44:27	sipa	2014-12-16 11:37:43	src/main.h	True	True	True	True
5478	laanwj	2014-12-15 15:44:27	sipa	2014-12-16 11:37:43	src/alert.cpp	True	True	True	True
5478	laanwj	2014-12-15 15:44:27	sipa	2014-12-16 11:37:43	src/uint256.cpp	True	True	True	True
5478	laanwj	2014-12-15 15:44:27	sipa	2014-12-16 11:37:43	src/walletdb.h	True	True	True	True
5478	laanwj	2014-12-15 15:44:27	sipa	2014-12-16 11:37:43	src/rpcblockchain.cpp	True	True	True	True
5478	laanwj	2014-12-15 15:44:27	sipa	2014-12-16 11:37:43	src/test/blob256_tests.cpp	True	True	True	True
5478	laanwj	2014-12-15 15:44:27	sipa	2014-12-16 11:37:43	src/key.cpp	True	True	True	True
5478	laanwj	2014-12-15 15:44:27	sipa	2014-12-16 11:37:43	src/main.cpp	True	True	True	True
5478	laanwj	2014-12-15 15:44:27	sipa	2014-12-16 11:37:43	src/miner.cpp	True	True	True	True
5478	laanwj	2014-12-15 15:44:27	sipa	2014-12-16 11:37:43	src/pow.cpp	True	True	True	True
5478	laanwj	2014-12-15 15:44:27	sipa	2014-12-16 11:37:43	src/test/pmt_tests.cpp	True	True	True	True
5478	laanwj	2014-12-15 15:44:27	sipa	2014-12-16 11:37:43	src/test/skiplist_tests.cpp	True	True	True	True
5478	laanwj	2014-12-15 15:44:27	sipa	2014-12-16 11:37:43	src/bitcoin-tx.cpp	True	True	True	True
5478	laanwj	2014-12-15 15:44:27	sipa	2014-12-16 11:37:43	src/chainparams.cpp	True	True	True	True
5478	laanwj	2014-12-15 15:44:27	sipa	2014-12-16 11:37:43	src/qt/coincontroldialog.cpp	True	True	True	True
5478	laanwj	2014-12-15 15:44:27	sipa	2014-12-16 11:37:43	src/rpcwallet.cpp	True	True	True	True
5478	laanwj	2014-12-15 15:44:27	sipa	2014-12-16 11:37:43	src/test/uint256_tests.cpp	True	True	True	True
5478	laanwj	2014-12-15 15:44:27	sipa	2014-12-16 11:37:43	src/script/interpreter.cpp	True	True	True	True
5478	laanwj	2014-12-15 15:44:27	sipa	2014-12-16 11:37:43	src/test/Checkpoints_tests.cpp	True	True	True	True
5478	laanwj	2014-12-15 15:44:27	sipa	2014-12-16 11:37:43	src/test/bloom_tests.cpp	True	True	True	True
5478	laanwj	2014-12-15 15:44:27	sipa	2014-12-16 11:37:43	src/test/sighash_tests.cpp	True	True	True	True
5478	laanwj	2014-12-15 15:44:27	sipa	2014-12-16 11:37:43	src/test/transaction_tests.cpp	True	True	True	True
5478	laanwj	2014-12-15 15:44:27	sipa	2014-12-16 11:37:43	src/chain.h	True	True	True	True
5478	laanwj	2014-12-15 15:44:27	sipa	2014-12-16 11:37:43	src/chainparams.h	True	True	True	True
5478	laanwj	2014-12-15 15:44:27	sipa	2014-12-16 11:37:43	src/pow.h	True	True	True	True
5478	laanwj	2014-12-15 15:44:27	sipa	2014-12-16 11:37:43	src/blob256.cpp	True	True	True	True
5478	laanwj	2014-12-15 15:44:27	sipa	2014-12-16 11:37:43	src/blob256.h	True	True	True	True
5478	laanwj	2014-12-15 15:44:27	sipa	2014-12-16 11:37:43	src/merkleblock.cpp	True	True	True	True
5478	laanwj	2014-12-15 15:44:27	sipa	2014-12-16 11:37:43	src/merkleblock.h	True	True	True	True
5478	laanwj	2014-12-15 15:44:27	sipa	2014-12-16 11:36:03	src/Makefile.am	True	True	True	True
5478	laanwj	2014-12-15 15:44:27	sipa	2014-12-16 11:37:43	src/test/script_P2SH_tests.cpp	True	True	True	True
5478	laanwj	2014-12-15 15:44:27	sipa	2014-12-16 11:37:43	src/script/sign.cpp	True	True	True	True
5478	laanwj	2014-12-15 15:44:27	sipa	2014-12-16 11:37:43	src/script/standard.cpp	True	True	True	True
5478	laanwj	2014-12-15 15:44:27	sipa	2014-12-16 11:37:43	src/script/standard.h	True	True	True	True
5478	laanwj	2014-12-15 15:44:27	sipa	2014-12-16 11:37:43	src/test/DoS_tests.cpp	True	True	True	True
5478	laanwj	2014-12-15 15:44:27	sipa	2014-12-16 11:37:43	src/test/base58_tests.cpp	True	True	True	True
5478	laanwj	2014-12-15 15:44:27	sipa	2014-12-16 11:37:43	src/test/bip32_tests.cpp	True	True	True	True
5478	laanwj	2014-12-15 15:44:27	sipa	2014-12-16 11:37:43	src/test/coins_tests.cpp	True	True	True	True
5478	laanwj	2014-12-15 15:44:27	sipa	2014-12-16 11:37:43	src/test/key_tests.cpp	True	True	True	True
5478	laanwj	2014-12-15 15:44:27	sipa	2014-12-16 11:37:43	src/test/miner_tests.cpp	True	True	True	True
5478	laanwj	2014-12-15 15:44:27	sipa	2014-12-16 11:37:43	src/test/multisig_tests.cpp	True	True	True	True
5478	laanwj	2014-12-15 15:44:27	sipa	2014-12-16 11:37:43	src/test/script_tests.cpp	True	True	True	True
5478	laanwj	2014-12-15 15:44:27	sipa	2014-12-16 11:37:43	src/script/sigcache.cpp	True	True	True	True
5478	laanwj	2014-12-15 15:44:27	sipa	2014-12-16 11:37:43	src/test/sigopcount_tests.cpp	True	True	True	True
5478	laanwj	2014-12-15 15:44:27	sipa	2014-12-16 11:37:43	src/txdb.cpp	True	True	True	True
5478	laanwj	2014-12-15 15:44:27	sipa	2014-12-16 11:37:43	src/txdb.h	True	True	True	True
5478	laanwj	2014-12-15 15:44:27	sipa	2014-12-16 11:37:43	src/txmempool.cpp	True	True	True	True
5478	laanwj	2014-12-15 15:44:27	sipa	2014-12-16 11:37:43	src/txmempool.h	True	True	True	True
5478	laanwj	2014-12-15 15:44:27	sipa	2014-12-16 11:37:43	src/ui_interface.h	True	True	True	True
5478	laanwj	2014-12-15 15:44:27	sipa	2014-12-16 11:37:43	src/wallet.cpp	True	True	True	True
5478	laanwj	2014-12-15 15:44:27	sipa	2014-12-16 11:37:43	src/wallet.h	True	True	True	True
5478	laanwj	2014-12-15 15:44:27	sipa	2014-12-16 11:37:43	src/wallet_ismine.cpp	True	True	True	True
5478	laanwj	2014-12-15 15:44:27	sipa	2014-12-16 11:37:43	src/walletdb.cpp	True	True	True	True
5478	laanwj	2014-12-15 15:44:27	sipa	2014-12-16 11:37:43	src/script/sigcache.h	True	True	True	True
5478	laanwj	2014-12-15 15:44:27	sipa	2014-12-16 11:37:43	src/script/interpreter.h	True	True	True	True
5478	laanwj	2014-12-15 15:44:27	sipa	2014-12-16 11:37:43	src/net.cpp	True	True	True	True
5478	laanwj	2014-12-15 15:44:27	sipa	2014-12-16 11:37:43	src/qt/clientmodel.cpp	True	True	True	True
5478	laanwj	2014-12-15 15:44:27	sipa	2014-12-16 11:37:43	src/net.h	True	True	True	True
5478	laanwj	2014-12-15 15:44:27	sipa	2014-12-16 11:37:43	src/netbase.cpp	True	True	True	True
5478	laanwj	2014-12-15 15:44:27	sipa	2014-12-16 11:37:43	src/primitives/block.cpp	True	True	True	True
5478	laanwj	2014-12-15 15:44:27	sipa	2014-12-16 11:37:43	src/primitives/block.h	True	True	True	True
5478	laanwj	2014-12-15 15:44:27	sipa	2014-12-16 11:37:43	src/primitives/transaction.cpp	True	True	True	True
5478	laanwj	2014-12-15 15:44:27	sipa	2014-12-16 11:37:43	src/primitives/transaction.h	True	True	True	True
5478	laanwj	2014-12-15 15:44:27	sipa	2014-12-16 11:37:43	src/protocol.cpp	True	True	True	True
5478	laanwj	2014-12-15 15:44:27	sipa	2014-12-16 11:37:43	src/protocol.h	True	True	True	True
5478	laanwj	2014-12-15 15:44:27	sipa	2014-12-16 11:37:43	src/pubkey.cpp	True	True	True	True
5478	laanwj	2014-12-15 15:44:27	sipa	2014-12-16 11:37:43	src/pubkey.h	True	True	True	True
5478	laanwj	2014-12-15 15:44:27	sipa	2014-12-16 11:37:43	src/qt/transactionrecord.cpp	True	True	True	True
5478	laanwj	2014-12-15 15:44:27	sipa	2014-12-16 11:37:43	src/rpcserver.h	True	True	True	True
5478	laanwj	2014-12-15 15:44:27	sipa	2014-12-16 11:37:43	src/qt/transactionrecord.h	True	True	True	True
5478	laanwj	2014-12-15 15:44:27	sipa	2014-12-16 11:37:43	src/qt/transactiontablemodel.cpp	True	True	True	True
5478	laanwj	2014-12-15 15:44:27	sipa	2014-12-16 11:37:43	src/qt/walletmodel.cpp	True	True	True	True
5478	laanwj	2014-12-15 15:44:27	sipa	2014-12-16 11:37:43	src/qt/walletmodel.h	True	True	True	True
5478	laanwj	2014-12-15 15:44:27	sipa	2014-12-16 11:37:43	src/random.cpp	True	True	True	True
5478	laanwj	2014-12-15 15:44:27	sipa	2014-12-16 11:37:43	src/random.h	True	True	True	True
5478	laanwj	2014-12-15 15:44:27	sipa	2014-12-16 11:37:43	src/rest.cpp	True	True	True	True
5478	laanwj	2014-12-15 15:44:27	sipa	2014-12-16 11:37:43	src/rpcmining.cpp	True	True	True	True
5478	laanwj	2014-12-15 15:44:27	sipa	2014-12-16 11:37:43	src/rpcrawtransaction.cpp	True	True	True	True
5478	laanwj	2014-12-15 15:44:27	sipa	2014-12-16 11:37:43	src/rpcserver.cpp	True	True	True	True
5478	laanwj	2014-12-15 15:44:27	sipa	2014-12-16 11:37:43	src/Makefile.test.include	True	True	True	True
5478	laanwj	2014-12-15 15:44:27	sipa	2014-12-16 11:36:03	src/merkleblock.h	True	True	True	True
5478	laanwj	2014-12-15 15:44:27	sipa	2014-12-16 11:36:03	src/addrman.cpp	True	True	True	True
5478	laanwj	2014-12-15 15:44:27	sipa	2014-12-16 11:36:03	src/coins.cpp	True	True	True	True
5478	laanwj	2014-12-15 15:44:27	sipa	2014-12-16 11:36:03	src/uint256.h	True	True	True	True
5478	laanwj	2014-12-15 15:44:27	sipa	2014-12-16 11:36:03	src/alert.cpp	True	True	True	True
5478	laanwj	2014-12-15 15:44:27	sipa	2014-12-16 11:36:03	src/alert.h	True	True	True	True
5478	laanwj	2014-12-15 15:44:27	sipa	2014-12-16 11:36:03	src/base58.cpp	True	True	True	True
5478	laanwj	2014-12-15 15:44:27	sipa	2014-12-16 11:36:03	src/bloom.cpp	True	True	True	True
5478	laanwj	2014-12-15 15:44:27	sipa	2014-12-16 11:36:03	src/bloom.h	True	True	True	True
5478	laanwj	2014-12-15 15:44:27	sipa	2014-12-16 11:36:03	src/chain.cpp	True	True	True	True
5478	laanwj	2014-12-15 15:44:27	sipa	2014-12-16 11:36:03	src/checkpoints.cpp	True	True	True	True
5478	laanwj	2014-12-15 15:44:27	sipa	2014-12-16 11:36:03	src/checkpoints.h	True	True	True	True
5478	laanwj	2014-12-15 15:44:27	sipa	2014-12-16 11:36:03	src/coincontrol.h	True	True	True	True
5478	laanwj	2014-12-15 15:44:27	sipa	2014-12-16 11:36:03	src/coins.h	True	True	True	True
5478	laanwj	2014-12-15 15:44:27	sipa	2014-12-16 11:36:03	src/test/uint256_tests.cpp	True	True	True	True
5478	laanwj	2014-12-15 15:44:27	sipa	2014-12-16 11:36:03	src/core_io.h	True	True	True	True
5478	laanwj	2014-12-15 15:44:27	sipa	2014-12-16 11:36:03	src/core_read.cpp	True	True	True	True
5478	laanwj	2014-12-15 15:44:27	sipa	2014-12-16 11:36:03	src/core_write.cpp	True	True	True	True
5478	laanwj	2014-12-15 15:44:27	sipa	2014-12-16 11:36:03	src/crypter.cpp	True	True	True	True
5478	laanwj	2014-12-15 15:44:27	sipa	2014-12-16 11:36:03	src/crypter.h	True	True	True	True
5478	laanwj	2014-12-15 15:44:27	sipa	2014-12-16 11:36:03	src/eccryptoverify.h	True	True	True	True
5478	laanwj	2014-12-15 15:44:27	sipa	2014-12-16 11:36:03	src/ecwrapper.cpp	True	True	True	True
5478	laanwj	2014-12-15 15:44:27	sipa	2014-12-16 11:36:03	src/ecwrapper.h	True	True	True	True
5478	laanwj	2014-12-15 15:44:27	sipa	2014-12-16 11:36:03	src/hash.h	True	True	True	True
5478	laanwj	2014-12-15 15:44:27	sipa	2014-12-16 11:36:03	src/init.cpp	True	True	True	True
5478	laanwj	2014-12-15 15:44:27	sipa	2014-12-16 11:36:03	src/uint256.cpp	True	True	True	True
5478	laanwj	2014-12-15 15:44:27	sipa	2014-12-16 11:36:03	src/blob256.h	True	True	True	True
5478	laanwj	2014-12-15 15:44:27	sipa	2014-12-16 11:36:03	src/main.h	True	True	True	True
5478	laanwj	2014-12-15 15:44:27	sipa	2014-12-16 11:36:03	src/chainparams.cpp	True	True	True	True
5478	laanwj	2014-12-15 15:44:27	sipa	2014-12-16 11:37:43	src/Makefile.am	True	True	True	True
5478	laanwj	2014-12-15 15:44:27	sipa	2014-12-16 11:36:03	src/Makefile.test.include	True	True	True	True
5478	laanwj	2014-12-15 15:44:27	sipa	2014-12-16 11:36:03	src/test/blob256_tests.cpp	True	True	True	True
5478	laanwj	2014-12-15 15:44:27	sipa	2014-12-16 11:36:03	src/key.cpp	True	True	True	True
5478	laanwj	2014-12-15 15:44:27	sipa	2014-12-16 11:36:03	src/main.cpp	True	True	True	True
5478	laanwj	2014-12-15 15:44:27	sipa	2014-12-16 11:36:03	src/miner.cpp	True	True	True	True
5478	laanwj	2014-12-15 15:44:27	sipa	2014-12-16 11:36:03	src/pow.cpp	True	True	True	True
5478	laanwj	2014-12-15 15:44:27	sipa	2014-12-16 11:36:03	src/test/pmt_tests.cpp	True	True	True	True
5478	laanwj	2014-12-15 15:44:27	sipa	2014-12-16 11:36:03	src/test/skiplist_tests.cpp	True	True	True	True
5478	laanwj	2014-12-15 15:44:27	sipa	2014-12-16 11:36:03	src/bitcoin-tx.cpp	True	True	True	True
5478	laanwj	2014-12-15 15:44:27	sipa	2014-12-16 11:36:03	src/qt/coincontroldialog.cpp	True	True	True	True
5478	laanwj	2014-12-15 15:44:27	sipa	2014-12-16 11:36:03	src/blob256.cpp	True	True	True	True
5478	laanwj	2014-12-15 15:44:27	sipa	2014-12-16 11:36:03	src/rpcblockchain.cpp	True	True	True	True
5478	laanwj	2014-12-15 15:44:27	sipa	2014-12-16 11:36:03	src/rpcwallet.cpp	True	True	True	True
5478	laanwj	2014-12-15 15:44:27	sipa	2014-12-16 11:36:03	src/script/interpreter.cpp	True	True	True	True
5478	laanwj	2014-12-15 15:44:27	sipa	2014-12-16 11:36:03	src/test/Checkpoints_tests.cpp	True	True	True	True
5478	laanwj	2014-12-15 15:44:27	sipa	2014-12-16 11:36:03	src/test/bloom_tests.cpp	True	True	True	True
5478	laanwj	2014-12-15 15:44:27	sipa	2014-12-16 11:36:03	src/test/sighash_tests.cpp	True	True	True	True
5478	laanwj	2014-12-15 15:44:27	sipa	2014-12-16 11:36:03	src/test/transaction_tests.cpp	True	True	True	True
5478	laanwj	2014-12-15 15:44:27	sipa	2014-12-16 11:36:03	src/chain.h	True	True	True	True
5478	laanwj	2014-12-15 15:44:27	sipa	2014-12-16 11:36:03	src/chainparams.h	True	True	True	True
5478	laanwj	2014-12-15 15:44:27	sipa	2014-12-16 11:36:03	src/pow.h	True	True	True	True
5478	laanwj	2014-12-15 15:44:27	sipa	2014-12-16 11:36:03	src/key.h	True	True	True	True
5478	laanwj	2014-12-15 15:44:27	sipa	2014-12-16 11:36:03	src/merkleblock.cpp	True	True	True	True
5478	laanwj	2014-12-15 15:44:27	sipa	2014-12-16 11:36:03	src/walletdb.h	True	True	True	True
5478	laanwj	2014-12-15 15:44:27	sipa	2014-12-16 11:36:03	src/test/script_P2SH_tests.cpp	True	True	True	True
5478	laanwj	2014-12-15 15:44:27	sipa	2014-12-16 11:36:03	src/script/sign.cpp	True	True	True	True
5478	laanwj	2014-12-15 15:44:27	sipa	2014-12-16 11:36:03	src/script/standard.cpp	True	True	True	True
5478	laanwj	2014-12-15 15:44:27	sipa	2014-12-16 11:36:03	src/script/standard.h	True	True	True	True
5478	laanwj	2014-12-15 15:44:27	sipa	2014-12-16 11:36:03	src/test/DoS_tests.cpp	True	True	True	True
5478	laanwj	2014-12-15 15:44:27	sipa	2014-12-16 11:36:03	src/test/base58_tests.cpp	True	True	True	True
5478	laanwj	2014-12-15 15:44:27	sipa	2014-12-16 11:36:03	src/test/bip32_tests.cpp	True	True	True	True
5478	laanwj	2014-12-15 15:44:27	sipa	2014-12-16 11:36:03	src/test/coins_tests.cpp	True	True	True	True
5478	laanwj	2014-12-15 15:44:27	sipa	2014-12-16 11:36:03	src/test/key_tests.cpp	True	True	True	True
5478	laanwj	2014-12-15 15:44:27	sipa	2014-12-16 11:36:03	src/test/miner_tests.cpp	True	True	True	True
5478	laanwj	2014-12-15 15:44:27	sipa	2014-12-16 11:36:03	src/test/multisig_tests.cpp	True	True	True	True
5478	laanwj	2014-12-15 15:44:27	sipa	2014-12-16 11:36:03	src/test/script_tests.cpp	True	True	True	True
5478	laanwj	2014-12-15 15:44:27	sipa	2014-12-16 11:36:03	src/script/sigcache.cpp	True	True	True	True
5478	laanwj	2014-12-15 15:44:27	sipa	2014-12-16 11:36:03	src/test/sigopcount_tests.cpp	True	True	True	True
5478	laanwj	2014-12-15 15:44:27	sipa	2014-12-16 11:36:03	src/txdb.cpp	True	True	True	True
5478	laanwj	2014-12-15 15:44:27	sipa	2014-12-16 11:36:03	src/txdb.h	True	True	True	True
5478	laanwj	2014-12-15 15:44:27	sipa	2014-12-16 11:36:03	src/txmempool.cpp	True	True	True	True
5478	laanwj	2014-12-15 15:44:27	sipa	2014-12-16 11:36:03	src/txmempool.h	True	True	True	True
5478	laanwj	2014-12-15 15:44:27	sipa	2014-12-16 11:36:03	src/ui_interface.h	True	True	True	True
5478	laanwj	2014-12-15 15:44:27	sipa	2014-12-16 11:36:03	src/wallet.cpp	True	True	True	True
5478	laanwj	2014-12-15 15:44:27	sipa	2014-12-16 11:36:03	src/wallet.h	True	True	True	True
5478	laanwj	2014-12-15 15:44:27	sipa	2014-12-16 11:36:03	src/wallet_ismine.cpp	True	True	True	True
5478	laanwj	2014-12-15 15:44:27	sipa	2014-12-16 11:36:03	src/walletdb.cpp	True	True	True	True
5478	laanwj	2014-12-15 15:44:27	sipa	2014-12-16 11:36:03	src/script/sigcache.h	True	True	True	True
5478	laanwj	2014-12-15 15:44:27	sipa	2014-12-16 11:36:03	src/script/interpreter.h	True	True	True	True
5478	laanwj	2014-12-15 15:44:27	sipa	2014-12-16 11:36:03	src/net.cpp	True	True	True	True
5478	laanwj	2014-12-15 15:44:27	sipa	2014-12-16 11:36:03	src/qt/clientmodel.cpp	True	True	True	True
5478	laanwj	2014-12-15 15:44:27	sipa	2014-12-16 11:36:03	src/net.h	True	True	True	True
5478	laanwj	2014-12-15 15:44:27	sipa	2014-12-16 11:36:03	src/netbase.cpp	True	True	True	True
5478	laanwj	2014-12-15 15:44:27	sipa	2014-12-16 11:36:03	src/primitives/block.cpp	True	True	True	True
5478	laanwj	2014-12-15 15:44:27	sipa	2014-12-16 11:36:03	src/primitives/block.h	True	True	True	True
5478	laanwj	2014-12-15 15:44:27	sipa	2014-12-16 11:36:03	src/primitives/transaction.cpp	True	True	True	True
5478	laanwj	2014-12-15 15:44:27	sipa	2014-12-16 11:36:03	src/primitives/transaction.h	True	True	True	True
5478	laanwj	2014-12-15 15:44:27	sipa	2014-12-16 11:36:03	src/protocol.cpp	True	True	True	True
5478	laanwj	2014-12-15 15:44:27	sipa	2014-12-16 11:36:03	src/protocol.h	True	True	True	True
5478	laanwj	2014-12-15 15:44:27	sipa	2014-12-16 11:36:03	src/pubkey.cpp	True	True	True	True
5478	laanwj	2014-12-15 15:44:27	sipa	2014-12-16 11:36:03	src/pubkey.h	True	True	True	True
5478	laanwj	2014-12-15 15:44:27	sipa	2014-12-16 11:36:03	src/qt/transactionrecord.cpp	True	True	True	True
5478	laanwj	2014-12-15 15:44:27	sipa	2014-12-16 11:36:03	src/rpcserver.h	True	True	True	True
5478	laanwj	2014-12-15 15:44:27	sipa	2014-12-16 11:36:03	src/qt/transactionrecord.h	True	True	True	True
5478	laanwj	2014-12-15 15:44:27	sipa	2014-12-16 11:36:03	src/qt/transactiontablemodel.cpp	True	True	True	True
5478	laanwj	2014-12-15 15:44:27	sipa	2014-12-16 11:36:03	src/qt/walletmodel.cpp	True	True	True	True
5478	laanwj	2014-12-15 15:44:27	sipa	2014-12-16 11:36:03	src/qt/walletmodel.h	True	True	True	True
5478	laanwj	2014-12-15 15:44:27	sipa	2014-12-16 11:36:03	src/random.cpp	True	True	True	True
5478	laanwj	2014-12-15 15:44:27	sipa	2014-12-16 11:36:03	src/random.h	True	True	True	True
5478	laanwj	2014-12-15 15:44:27	sipa	2014-12-16 11:36:03	src/rest.cpp	True	True	True	True
5478	laanwj	2014-12-15 15:44:27	sipa	2014-12-16 11:36:03	src/rpcmining.cpp	True	True	True	True
5478	laanwj	2014-12-15 15:44:27	sipa	2014-12-16 11:36:03	src/rpcrawtransaction.cpp	True	True	True	True
5478	laanwj	2014-12-15 15:44:27	sipa	2014-12-16 11:36:03	src/rpcserver.cpp	True	True	True	True
5478	laanwj	2014-12-15 15:44:27	sipa	2014-12-16 11:37:43	src/addrman.cpp	True	True	True	True
5478	laanwj	2014-12-15 15:44:27	sipa	2014-12-16 11:35:58	src/test/coins_tests.cpp	True	True	True	True
5478	laanwj	2014-12-15 15:44:27	sipa	2014-12-16 11:24:25	src/Makefile.test.include	True	True	True	True
5478	laanwj	2014-12-15 15:44:27	sipa	2014-12-16 11:35:58	src/core_read.cpp	True	True	True	True
5478	laanwj	2014-12-15 15:44:27	sipa	2014-12-16 11:35:58	src/base58.cpp	True	True	True	True
5478	laanwj	2014-12-15 15:44:27	sipa	2014-12-16 11:35:58	src/bloom.cpp	True	True	True	True
5478	laanwj	2014-12-15 15:44:27	sipa	2014-12-16 11:35:58	src/bloom.h	True	True	True	True
5478	laanwj	2014-12-15 15:44:27	sipa	2014-12-16 11:35:58	src/chain.cpp	True	True	True	True
5478	laanwj	2014-12-15 15:44:27	sipa	2014-12-16 11:35:58	src/checkpoints.cpp	True	True	True	True
5478	laanwj	2014-12-15 15:44:27	sipa	2014-12-16 11:35:58	src/checkpoints.h	True	True	True	True
5478	laanwj	2014-12-15 15:44:27	sipa	2014-12-16 11:35:58	src/coincontrol.h	True	True	True	True
5478	laanwj	2014-12-15 15:44:27	sipa	2014-12-16 11:35:58	src/coins.cpp	True	True	True	True
5478	laanwj	2014-12-15 15:44:27	sipa	2014-12-16 11:35:58	src/coins.h	True	True	True	True
5478	laanwj	2014-12-15 15:44:27	sipa	2014-12-16 11:35:58	src/core_io.h	True	True	True	True
5478	laanwj	2014-12-15 15:44:27	sipa	2014-12-16 11:35:58	src/core_write.cpp	True	True	True	True
5478	laanwj	2014-12-15 15:44:27	sipa	2014-12-16 11:35:58	src/alert.cpp	True	True	True	True
5478	laanwj	2014-12-15 15:44:27	sipa	2014-12-16 11:35:58	src/crypter.cpp	True	True	True	True
5478	laanwj	2014-12-15 15:44:27	sipa	2014-12-16 11:35:58	src/crypter.h	True	True	True	True
5478	laanwj	2014-12-15 15:44:27	sipa	2014-12-16 11:35:58	src/eccryptoverify.h	True	True	True	True
5478	laanwj	2014-12-15 15:44:27	sipa	2014-12-16 11:35:58	src/ecwrapper.cpp	True	True	True	True
5478	laanwj	2014-12-15 15:44:27	sipa	2014-12-16 11:35:58	src/ecwrapper.h	True	True	True	True
5478	laanwj	2014-12-15 15:44:27	sipa	2014-12-16 11:35:58	src/hash.h	True	True	True	True
5478	laanwj	2014-12-15 15:44:27	sipa	2014-12-16 11:35:58	src/init.cpp	True	True	True	True
5478	laanwj	2014-12-15 15:44:27	sipa	2014-12-16 11:35:58	src/key.h	True	True	True	True
5478	laanwj	2014-12-15 15:44:27	sipa	2014-12-16 11:35:58	src/main.h	True	True	True	True
5478	laanwj	2014-12-15 15:44:27	sipa	2014-12-16 11:35:58	src/merkleblock.cpp	True	True	True	True
5478	laanwj	2014-12-15 15:44:27	sipa	2014-12-16 11:35:58	src/alert.h	True	True	True	True
5478	laanwj	2014-12-15 15:44:27	sipa	2014-12-16 11:35:58	src/uint256.h	True	True	True	True
5478	laanwj	2014-12-15 15:44:27	sipa	2014-12-16 11:35:58	src/net.cpp	True	True	True	True
5478	laanwj	2014-12-15 15:44:27	sipa	2014-12-16 11:35:58	src/rpcwallet.cpp	True	True	True	True
5478	laanwj	2014-12-15 15:44:27	sipa	2014-12-16 11:35:58	src/key.cpp	True	True	True	True
5478	laanwj	2014-12-15 15:44:27	sipa	2014-12-16 11:35:58	src/main.cpp	True	True	True	True
5478	laanwj	2014-12-15 15:44:27	sipa	2014-12-16 11:35:58	src/miner.cpp	True	True	True	True
5478	laanwj	2014-12-15 15:44:27	sipa	2014-12-16 11:35:58	src/pow.cpp	True	True	True	True
5478	laanwj	2014-12-15 15:44:27	sipa	2014-12-16 11:35:58	src/test/pmt_tests.cpp	True	True	True	True
5478	laanwj	2014-12-15 15:44:27	sipa	2014-12-16 11:35:58	src/test/skiplist_tests.cpp	True	True	True	True
5478	laanwj	2014-12-15 15:44:27	sipa	2014-12-16 11:35:58	src/bitcoin-tx.cpp	True	True	True	True
5478	laanwj	2014-12-15 15:44:27	sipa	2014-12-16 11:35:58	src/chainparams.cpp	True	True	True	True
5478	laanwj	2014-12-15 15:44:27	sipa	2014-12-16 11:35:58	src/qt/coincontroldialog.cpp	True	True	True	True
5478	laanwj	2014-12-15 15:44:27	sipa	2014-12-16 11:35:58	src/rpcblockchain.cpp	True	True	True	True
5478	laanwj	2014-12-15 15:44:27	sipa	2014-12-16 11:35:58	src/script/interpreter.cpp	True	True	True	True
5478	laanwj	2014-12-15 15:44:27	sipa	2014-12-16 11:35:58	src/uint256.cpp	True	True	True	True
5478	laanwj	2014-12-15 15:44:27	sipa	2014-12-16 11:35:58	src/test/Checkpoints_tests.cpp	True	True	True	True
5478	laanwj	2014-12-15 15:44:27	sipa	2014-12-16 11:35:58	src/test/bloom_tests.cpp	True	True	True	True
5478	laanwj	2014-12-15 15:44:27	sipa	2014-12-16 11:35:58	src/test/sighash_tests.cpp	True	True	True	True
5478	laanwj	2014-12-15 15:44:27	sipa	2014-12-16 11:35:58	src/test/transaction_tests.cpp	True	True	True	True
5478	laanwj	2014-12-15 15:44:27	sipa	2014-12-16 11:35:58	src/chain.h	True	True	True	True
5478	laanwj	2014-12-15 15:44:27	sipa	2014-12-16 11:35:58	src/chainparams.h	True	True	True	True
5478	laanwj	2014-12-15 15:44:27	sipa	2014-12-16 11:35:58	src/pow.h	True	True	True	True
5478	laanwj	2014-12-15 15:44:27	sipa	2014-12-16 11:35:58	src/blob256.cpp	True	True	True	True
5478	laanwj	2014-12-15 15:44:27	sipa	2014-12-16 11:35:58	src/blob256.h	True	True	True	True
5478	laanwj	2014-12-15 15:44:27	sipa	2014-12-16 11:35:58	src/test/uint256_tests.cpp	True	True	True	True
5478	laanwj	2014-12-15 15:44:27	sipa	2014-12-16 11:35:58	src/merkleblock.h	True	True	True	True
5478	laanwj	2014-12-15 15:44:27	sipa	2014-12-16 11:35:58	src/net.h	True	True	True	True
5478	laanwj	2014-12-15 15:44:27	sipa	2014-12-16 11:35:58	src/Makefile.test.include	True	True	True	True
5478	laanwj	2014-12-15 15:44:27	sipa	2014-12-16 11:35:58	src/txdb.cpp	True	True	True	True
5478	laanwj	2014-12-15 15:44:27	sipa	2014-12-16 11:35:58	src/script/standard.h	True	True	True	True
5478	laanwj	2014-12-15 15:44:27	sipa	2014-12-16 11:35:58	src/test/DoS_tests.cpp	True	True	True	True
5478	laanwj	2014-12-15 15:44:27	sipa	2014-12-16 11:35:58	src/test/base58_tests.cpp	True	True	True	True
5478	laanwj	2014-12-15 15:44:27	sipa	2014-12-16 11:35:58	src/test/bip32_tests.cpp	True	True	True	True
5478	laanwj	2014-12-15 15:44:27	sipa	2014-12-16 11:35:58	src/test/key_tests.cpp	True	True	True	True
5478	laanwj	2014-12-15 15:44:27	sipa	2014-12-16 11:35:58	src/test/miner_tests.cpp	True	True	True	True
5478	laanwj	2014-12-15 15:44:27	sipa	2014-12-16 11:35:58	src/test/multisig_tests.cpp	True	True	True	True
5478	laanwj	2014-12-15 15:44:27	sipa	2014-12-16 11:35:58	src/test/script_P2SH_tests.cpp	True	True	True	True
5478	laanwj	2014-12-15 15:44:27	sipa	2014-12-16 11:35:58	src/test/script_tests.cpp	True	True	True	True
5478	laanwj	2014-12-15 15:44:27	sipa	2014-12-16 11:35:58	src/test/sigopcount_tests.cpp	True	True	True	True
5478	laanwj	2014-12-15 15:44:27	sipa	2014-12-16 11:35:58	src/txdb.h	True	True	True	True
5478	laanwj	2014-12-15 15:44:27	sipa	2014-12-16 11:35:58	src/script/sign.cpp	True	True	True	True
5478	laanwj	2014-12-15 15:44:27	sipa	2014-12-16 11:35:58	src/txmempool.cpp	True	True	True	True
5478	laanwj	2014-12-15 15:44:27	sipa	2014-12-16 11:35:58	src/txmempool.h	True	True	True	True
5478	laanwj	2014-12-15 15:44:27	sipa	2014-12-16 11:35:58	src/ui_interface.h	True	True	True	True
5478	laanwj	2014-12-15 15:44:27	sipa	2014-12-16 11:35:58	src/wallet.cpp	True	True	True	True
5478	laanwj	2014-12-15 15:44:27	sipa	2014-12-16 11:35:58	src/wallet.h	True	True	True	True
5478	laanwj	2014-12-15 15:44:27	sipa	2014-12-16 11:35:58	src/wallet_ismine.cpp	True	True	True	True
5478	laanwj	2014-12-15 15:44:27	sipa	2014-12-16 11:35:58	src/walletdb.cpp	True	True	True	True
5478	laanwj	2014-12-15 15:44:27	sipa	2014-12-16 11:35:58	src/walletdb.h	True	True	True	True
5478	laanwj	2014-12-15 15:44:27	sipa	2014-12-16 11:35:58	src/addrman.cpp	True	True	True	True
5478	laanwj	2014-12-15 15:44:27	sipa	2014-12-16 11:35:58	src/Makefile.am	True	True	True	True
5478	laanwj	2014-12-15 15:44:27	sipa	2014-12-16 11:35:58	src/script/standard.cpp	True	True	True	True
5478	laanwj	2014-12-15 15:44:27	sipa	2014-12-16 11:35:58	src/script/sigcache.h	True	True	True	True
5478	laanwj	2014-12-15 15:44:27	sipa	2014-12-16 11:35:58	src/netbase.cpp	True	True	True	True
5478	laanwj	2014-12-15 15:44:27	sipa	2014-12-16 11:35:58	src/qt/transactionrecord.h	True	True	True	True
5478	laanwj	2014-12-15 15:44:27	sipa	2014-12-16 11:35:58	src/primitives/block.cpp	True	True	True	True
5478	laanwj	2014-12-15 15:44:27	sipa	2014-12-16 11:35:58	src/primitives/block.h	True	True	True	True
5478	laanwj	2014-12-15 15:44:27	sipa	2014-12-16 11:35:58	src/primitives/transaction.cpp	True	True	True	True
5478	laanwj	2014-12-15 15:44:27	sipa	2014-12-16 11:35:58	src/primitives/transaction.h	True	True	True	True
5478	laanwj	2014-12-15 15:44:27	sipa	2014-12-16 11:35:58	src/protocol.cpp	True	True	True	True
5478	laanwj	2014-12-15 15:44:27	sipa	2014-12-16 11:35:58	src/protocol.h	True	True	True	True
5478	laanwj	2014-12-15 15:44:27	sipa	2014-12-16 11:35:58	src/pubkey.cpp	True	True	True	True
5478	laanwj	2014-12-15 15:44:27	sipa	2014-12-16 11:35:58	src/pubkey.h	True	True	True	True
5478	laanwj	2014-12-15 15:44:27	sipa	2014-12-16 11:24:25	src/test/blob256_tests.cpp	True	True	True	True
5478	laanwj	2014-12-15 15:44:27	sipa	2014-12-16 11:35:58	src/qt/transactionrecord.cpp	True	True	True	True
5478	laanwj	2014-12-15 15:44:27	sipa	2014-12-16 11:35:58	src/qt/transactiontablemodel.cpp	True	True	True	True
5478	laanwj	2014-12-15 15:44:27	sipa	2014-12-16 11:35:58	src/script/sigcache.cpp	True	True	True	True
5478	laanwj	2014-12-15 15:44:27	sipa	2014-12-16 11:35:58	src/qt/walletmodel.cpp	True	True	True	True
5478	laanwj	2014-12-15 15:44:27	sipa	2014-12-16 11:35:58	src/qt/walletmodel.h	True	True	True	True
5478	laanwj	2014-12-15 15:44:27	sipa	2014-12-16 11:35:58	src/random.cpp	True	True	True	True
5478	laanwj	2014-12-15 15:44:27	sipa	2014-12-16 11:35:58	src/random.h	True	True	True	True
5478	laanwj	2014-12-15 15:44:27	sipa	2014-12-16 11:35:58	src/rest.cpp	True	True	True	True
5478	laanwj	2014-12-15 15:44:27	sipa	2014-12-16 11:35:58	src/rpcmining.cpp	True	True	True	True
5478	laanwj	2014-12-15 15:44:27	sipa	2014-12-16 11:35:58	src/rpcrawtransaction.cpp	True	True	True	True
5478	laanwj	2014-12-15 15:44:27	sipa	2014-12-16 11:35:58	src/rpcserver.cpp	True	True	True	True
5478	laanwj	2014-12-15 15:44:27	sipa	2014-12-16 11:35:58	src/rpcserver.h	True	True	True	True
5478	laanwj	2014-12-15 15:44:27	sipa	2014-12-16 11:35:58	src/script/interpreter.h	True	True	True	True
5478	laanwj	2014-12-15 15:44:27	sipa	2014-12-16 11:35:58	src/test/blob256_tests.cpp	True	True	True	True
5478	laanwj	2014-12-15 15:44:27	sipa	2014-12-16 11:35:58	src/qt/clientmodel.cpp	True	True	True	True
5478	laanwj	2014-12-15 15:44:27	sipa	2014-12-16 11:24:25	src/Makefile.am	True	True	True	True
5478	laanwj	2014-12-15 15:44:27	sipa	2014-12-16 11:24:25	src/core_io.h	True	True	True	True
5478	laanwj	2014-12-15 15:44:27	sipa	2014-12-16 11:24:25	src/alert.h	True	True	True	True
5478	laanwj	2014-12-15 15:44:27	sipa	2014-12-16 11:24:25	src/base58.cpp	True	True	True	True
5478	laanwj	2014-12-15 15:44:27	sipa	2014-12-16 11:24:25	src/bloom.cpp	True	True	True	True
5478	laanwj	2014-12-15 15:44:27	sipa	2014-12-16 11:24:25	src/bloom.h	True	True	True	True
5478	laanwj	2014-12-15 15:44:27	sipa	2014-12-16 11:24:25	src/chain.cpp	True	True	True	True
5478	laanwj	2014-12-15 15:44:27	sipa	2014-12-16 11:24:25	src/checkpoints.cpp	True	True	True	True
5478	laanwj	2014-12-15 15:44:27	sipa	2014-12-16 11:24:25	src/checkpoints.h	True	True	True	True
5478	laanwj	2014-12-15 15:44:27	sipa	2014-12-16 11:24:25	src/coincontrol.h	True	True	True	True
5478	laanwj	2014-12-15 15:44:27	sipa	2014-12-16 11:24:25	src/coins.cpp	True	True	True	True
5478	laanwj	2014-12-15 15:44:27	sipa	2014-12-16 11:24:25	src/coins.h	True	True	True	True
5478	laanwj	2014-12-15 15:44:27	sipa	2014-12-16 11:24:25	src/core_read.cpp	True	True	True	True
5478	laanwj	2014-12-15 15:44:27	sipa	2014-12-16 11:24:25	src/net.cpp	True	True	True	True
5478	laanwj	2014-12-15 15:44:27	sipa	2014-12-16 11:24:25	src/core_write.cpp	True	True	True	True
5478	laanwj	2014-12-15 15:44:27	sipa	2014-12-16 11:24:25	src/crypter.cpp	True	True	True	True
5478	laanwj	2014-12-15 15:44:27	sipa	2014-12-16 11:24:25	src/crypter.h	True	True	True	True
5478	laanwj	2014-12-15 15:44:27	sipa	2014-12-16 11:24:25	src/eccryptoverify.h	True	True	True	True
5478	laanwj	2014-12-15 15:44:27	sipa	2014-12-16 11:24:25	src/ecwrapper.cpp	True	True	True	True
5478	laanwj	2014-12-15 15:44:27	sipa	2014-12-16 11:24:25	src/ecwrapper.h	True	True	True	True
5478	laanwj	2014-12-15 15:44:27	sipa	2014-12-16 11:24:25	src/init.cpp	True	True	True	True
5478	laanwj	2014-12-15 15:44:27	sipa	2014-12-16 11:24:25	src/key.h	True	True	True	True
5478	laanwj	2014-12-15 15:44:27	sipa	2014-12-16 11:24:25	src/main.h	True	True	True	True
5478	laanwj	2014-12-15 15:44:27	sipa	2014-12-16 11:24:25	src/merkleblock.cpp	True	True	True	True
5478	laanwj	2014-12-15 15:44:27	sipa	2014-12-16 11:24:25	src/alert.cpp	True	True	True	True
5478	laanwj	2014-12-15 15:44:27	sipa	2014-12-16 11:24:25	src/uint256.h	True	True	True	True
5478	laanwj	2014-12-15 15:44:27	sipa	2014-12-16 11:24:25	src/uint256.cpp	True	True	True	True
5478	laanwj	2014-12-15 15:44:27	sipa	2014-12-16 11:24:25	src/test/uint256_tests.cpp	True	True	True	True
5478	laanwj	2014-12-15 15:44:27	sipa	2014-12-16 11:24:25	src/key.cpp	True	True	True	True
5478	laanwj	2014-12-15 15:44:27	sipa	2014-12-16 11:24:25	src/main.cpp	True	True	True	True
5478	laanwj	2014-12-15 15:44:27	sipa	2014-12-16 11:24:25	src/miner.cpp	True	True	True	True
5478	laanwj	2014-12-15 15:44:27	sipa	2014-12-16 11:24:25	src/pow.cpp	True	True	True	True
5478	laanwj	2014-12-15 15:44:27	sipa	2014-12-16 11:24:25	src/test/pmt_tests.cpp	True	True	True	True
5478	laanwj	2014-12-15 15:44:27	sipa	2014-12-16 11:24:25	src/test/skiplist_tests.cpp	True	True	True	True
5478	laanwj	2014-12-15 15:44:27	sipa	2014-12-16 11:24:25	src/bitcoin-tx.cpp	True	True	True	True
5478	laanwj	2014-12-15 15:44:27	sipa	2014-12-16 11:24:25	src/chainparams.cpp	True	True	True	True
5478	laanwj	2014-12-15 15:44:27	sipa	2014-12-16 11:24:25	src/qt/coincontroldialog.cpp	True	True	True	True
5478	laanwj	2014-12-15 15:44:27	sipa	2014-12-16 11:24:25	src/rpcblockchain.cpp	True	True	True	True
5478	laanwj	2014-12-15 15:44:27	sipa	2014-12-16 11:24:25	src/rpcwallet.cpp	True	True	True	True
5478	laanwj	2014-12-15 15:44:27	sipa	2014-12-16 11:24:25	src/script/interpreter.cpp	True	True	True	True
5478	laanwj	2014-12-15 15:44:27	sipa	2014-12-16 11:24:25	src/test/Checkpoints_tests.cpp	True	True	True	True
5478	laanwj	2014-12-15 15:44:27	sipa	2014-12-16 11:24:25	src/test/bloom_tests.cpp	True	True	True	True
5478	laanwj	2014-12-15 15:44:27	sipa	2014-12-16 11:24:25	src/test/sighash_tests.cpp	True	True	True	True
5478	laanwj	2014-12-15 15:44:27	sipa	2014-12-16 11:24:25	src/test/transaction_tests.cpp	True	True	True	True
5478	laanwj	2014-12-15 15:44:27	sipa	2014-12-16 11:24:25	src/chain.h	True	True	True	True
5478	laanwj	2014-12-15 15:44:27	sipa	2014-12-16 11:24:25	src/chainparams.h	True	True	True	True
5478	laanwj	2014-12-15 15:44:27	sipa	2014-12-16 11:24:25	src/pow.h	True	True	True	True
5478	laanwj	2014-12-15 15:44:27	sipa	2014-12-16 11:24:25	src/blob256.cpp	True	True	True	True
5478	laanwj	2014-12-15 15:44:27	sipa	2014-12-16 11:24:25	src/blob256.h	True	True	True	True
5478	laanwj	2014-12-15 15:44:27	sipa	2014-12-16 11:24:25	src/merkleblock.h	True	True	True	True
5478	laanwj	2014-12-15 15:44:27	sipa	2014-12-16 11:24:25	src/hash.h	True	True	True	True
5478	laanwj	2014-12-15 15:44:27	sipa	2014-12-16 11:24:25	src/net.h	True	True	True	True
5478	laanwj	2014-12-15 15:44:27	sipa	2014-12-16 11:24:25	src/test/script_tests.cpp	True	True	True	True
5478	laanwj	2014-12-15 15:44:27	sipa	2014-12-16 11:24:25	src/script/standard.cpp	True	True	True	True
5478	laanwj	2014-12-15 15:44:27	sipa	2014-12-16 11:24:25	src/script/standard.h	True	True	True	True
5478	laanwj	2014-12-15 15:44:27	sipa	2014-12-16 11:24:25	src/test/DoS_tests.cpp	True	True	True	True
5478	laanwj	2014-12-15 15:44:27	sipa	2014-12-16 11:24:25	src/netbase.cpp	True	True	True	True
5478	laanwj	2014-12-15 15:44:27	sipa	2014-12-16 11:24:25	src/test/bip32_tests.cpp	True	True	True	True
5478	laanwj	2014-12-15 15:44:27	sipa	2014-12-16 11:24:25	src/test/coins_tests.cpp	True	True	True	True
5478	laanwj	2014-12-15 15:44:27	sipa	2014-12-16 11:24:25	src/test/key_tests.cpp	True	True	True	True
5478	laanwj	2014-12-15 15:44:27	sipa	2014-12-16 11:24:25	src/test/miner_tests.cpp	True	True	True	True
5478	laanwj	2014-12-15 15:44:27	sipa	2014-12-16 11:24:25	src/test/multisig_tests.cpp	True	True	True	True
5478	laanwj	2014-12-15 15:44:27	sipa	2014-12-16 11:24:25	src/test/script_P2SH_tests.cpp	True	True	True	True
5478	laanwj	2014-12-15 15:44:27	sipa	2014-12-16 11:24:25	src/test/sigopcount_tests.cpp	True	True	True	True
5478	laanwj	2014-12-15 15:44:27	sipa	2014-12-16 11:24:25	src/script/sigcache.h	True	True	True	True
5478	laanwj	2014-12-15 15:44:27	sipa	2014-12-16 11:24:25	src/txdb.cpp	True	True	True	True
5478	laanwj	2014-12-15 15:44:27	sipa	2014-12-16 11:24:25	src/txdb.h	True	True	True	True
5478	laanwj	2014-12-15 15:44:27	sipa	2014-12-16 11:24:25	src/txmempool.cpp	True	True	True	True
5478	laanwj	2014-12-15 15:44:27	sipa	2014-12-16 11:24:25	src/txmempool.h	True	True	True	True
5478	laanwj	2014-12-15 15:44:27	sipa	2014-12-16 11:24:25	src/ui_interface.h	True	True	True	True
5478	laanwj	2014-12-15 15:44:27	sipa	2014-12-16 11:24:25	src/wallet.cpp	True	True	True	True
5478	laanwj	2014-12-15 15:44:27	sipa	2014-12-16 11:24:25	src/wallet.h	True	True	True	True
5478	laanwj	2014-12-15 15:44:27	sipa	2014-12-16 11:24:25	src/wallet_ismine.cpp	True	True	True	True
5478	laanwj	2014-12-15 15:44:27	sipa	2014-12-16 11:24:25	src/walletdb.cpp	True	True	True	True
5478	laanwj	2014-12-15 15:44:27	sipa	2014-12-16 11:24:25	src/walletdb.h	True	True	True	True
5478	laanwj	2014-12-15 15:44:27	sipa	2014-12-16 11:24:25	src/script/sign.cpp	True	True	True	True
5478	laanwj	2014-12-15 15:44:27	sipa	2014-12-16 11:24:25	src/test/base58_tests.cpp	True	True	True	True
5478	laanwj	2014-12-15 15:44:27	sipa	2014-12-16 11:24:25	src/script/sigcache.cpp	True	True	True	True
5478	laanwj	2014-12-15 15:44:27	sipa	2014-12-16 11:24:25	src/qt/transactionrecord.h	True	True	True	True
5478	laanwj	2014-12-15 15:44:27	sipa	2014-12-16 11:24:25	src/primitives/block.cpp	True	True	True	True
5478	laanwj	2014-12-15 15:44:27	sipa	2014-12-16 11:24:25	src/primitives/block.h	True	True	True	True
5478	laanwj	2014-12-15 15:44:27	sipa	2014-12-16 11:24:25	src/primitives/transaction.cpp	True	True	True	True
5478	laanwj	2014-12-15 15:44:27	sipa	2014-12-16 11:24:25	src/primitives/transaction.h	True	True	True	True
5478	laanwj	2014-12-15 15:44:27	sipa	2014-12-16 11:24:25	src/protocol.cpp	True	True	True	True
5478	laanwj	2014-12-15 15:44:27	sipa	2014-12-16 11:24:25	src/script/interpreter.h	True	True	True	True
5478	laanwj	2014-12-15 15:44:27	sipa	2014-12-16 11:24:25	src/pubkey.cpp	True	True	True	True
5478	laanwj	2014-12-15 15:44:27	sipa	2014-12-16 11:24:25	src/pubkey.h	True	True	True	True
5478	laanwj	2014-12-15 15:44:27	sipa	2014-12-16 11:24:25	src/qt/clientmodel.cpp	True	True	True	True
5478	laanwj	2014-12-15 15:44:27	sipa	2014-12-16 11:24:25	src/qt/transactionrecord.cpp	True	True	True	True
5478	laanwj	2014-12-15 15:44:27	sipa	2014-12-16 11:24:25	src/protocol.h	True	True	True	True
5478	laanwj	2014-12-15 15:44:27	sipa	2014-12-16 11:24:25	src/qt/transactiontablemodel.cpp	True	True	True	True
5478	laanwj	2014-12-15 15:44:27	sipa	2014-12-16 11:24:25	src/rpcmining.cpp	True	True	True	True
5478	laanwj	2014-12-15 15:44:27	sipa	2014-12-16 11:24:25	src/qt/walletmodel.cpp	True	True	True	True
5478	laanwj	2014-12-15 15:44:27	sipa	2014-12-16 11:24:25	src/rpcserver.h	True	True	True	True
5478	laanwj	2014-12-15 15:44:27	sipa	2014-12-16 11:24:25	src/rpcserver.cpp	True	True	True	True
5478	laanwj	2014-12-15 15:44:27	sipa	2014-12-16 11:24:25	src/rpcrawtransaction.cpp	True	True	True	True
5478	laanwj	2014-12-15 15:44:27	sipa	2014-12-16 11:24:25	src/addrman.cpp	True	True	True	True
5478	laanwj	2014-12-15 15:44:27	sipa	2014-12-16 11:24:25	src/rest.cpp	True	True	True	True
5478	laanwj	2014-12-15 15:44:27	sipa	2014-12-16 11:24:25	src/random.h	True	True	True	True
5478	laanwj	2014-12-15 15:44:27	sipa	2014-12-16 11:24:25	src/random.cpp	True	True	True	True
5478	laanwj	2014-12-15 15:44:27	sipa	2014-12-16 11:24:25	src/qt/walletmodel.h	True	True	True	True
5468	fanquake	2014-12-13 04:43:05	Diapolo	2014-12-17 08:56:52	doc/developer-notes.md	True	True	True	True
5468	fanquake	2014-12-13 04:43:05	Diapolo	2014-12-17 08:56:52	doc/README.md	True	True	True	True
5468	fanquake	2014-12-13 04:43:05	Diapolo	2014-12-17 08:56:52	README.md	True	True	True	True
5468	fanquake	2014-12-13 04:43:05	btcdrak	2014-12-19 06:35:32	doc/developer-notes.md	True	True	True	True
5468	fanquake	2014-12-13 04:43:05	btcdrak	2014-12-19 06:35:32	README.md	True	True	True	True
5468	fanquake	2014-12-13 04:43:05	btcdrak	2014-12-19 06:35:32	doc/README.md	True	True	True	True
5467	Diapolo	2014-12-12 09:23:36	laanwj	2015-01-30 10:26:36	src/qt/paymentserver.cpp	False	True	True	True
5467	Diapolo	2014-12-12 09:23:36	laanwj	2015-01-30 10:26:36	src/qt/paymentserver.h	False	True	True	True
5467	Diapolo	2014-12-12 09:23:36	laanwj	2015-01-30 10:26:36	src/qt/paymentrequestplus.cpp	False	True	True	True
5467	Diapolo	2014-12-12 09:23:36	laanwj	2015-01-30 10:26:36	src/qt/paymentrequestplus.cpp	True	True	True	True
5467	Diapolo	2014-12-12 09:23:36	laanwj	2015-01-30 10:26:36	src/qt/paymentrequestplus.h	True	True	True	True
5467	Diapolo	2014-12-12 09:23:36	laanwj	2015-01-30 10:26:36	src/qt/paymentserver.cpp	True	True	True	True
5467	Diapolo	2014-12-12 09:23:36	laanwj	2015-01-30 10:26:36	src/qt/sendcoinsdialog.cpp	False	True	True	True
5467	Diapolo	2014-12-12 09:23:36	jonasschnelli	2015-01-29 08:44:53	src/qt/paymentserver.h	False	True	True	True
5467	Diapolo	2014-12-12 09:23:36	jonasschnelli	2015-01-29 08:44:53	src/qt/paymentserver.cpp	False	True	True	True
5467	Diapolo	2014-12-12 09:23:36	jonasschnelli	2015-01-29 08:44:53	src/qt/paymentrequestplus.cpp	True	True	True	True
5467	Diapolo	2014-12-12 09:23:36	jonasschnelli	2015-01-29 08:44:53	src/qt/paymentrequestplus.h	True	True	True	True
5467	Diapolo	2014-12-12 09:23:36	jonasschnelli	2015-01-29 08:44:53	src/qt/paymentserver.cpp	True	True	True	True
5467	Diapolo	2014-12-12 09:23:36	jonasschnelli	2015-01-29 08:44:53	src/qt/sendcoinsdialog.cpp	False	True	True	True
5467	Diapolo	2014-12-12 09:23:36	jonasschnelli	2015-01-29 08:44:53	src/qt/paymentrequestplus.cpp	False	True	True	True
5466	Diapolo	2014-12-12 09:07:30	laanwj	2014-12-12 12:39:07	src/qt/transactiondesc.cpp	True	True	True	True
5466	Diapolo	2014-12-12 09:07:30	laanwj	2014-12-12 12:39:07	src/qt/paymentrequestplus.cpp	True	True	True	True
5466	Diapolo	2014-12-12 09:07:30	laanwj	2014-12-12 12:39:07	src/qt/paymentrequestplus.h	True	True	True	True
5466	Diapolo	2014-12-12 09:07:30	laanwj	2014-12-12 12:39:07	src/qt/paymentserver.cpp	True	True	True	True
5466	Diapolo	2014-12-12 09:07:30	laanwj	2014-12-12 12:39:07	src/qt/test/paymentservertests.cpp	True	True	True	True
5466	Diapolo	2014-12-12 09:07:30	laanwj	2014-12-12 12:04:36	src/qt/paymentserver.cpp	True	True	True	True
5466	Diapolo	2014-12-12 09:07:30	laanwj	2014-12-12 12:04:36	src/qt/paymentrequestplus.cpp	True	True	True	True
5466	Diapolo	2014-12-12 09:07:30	laanwj	2014-12-12 12:04:36	src/qt/paymentrequestplus.h	True	True	True	True
5466	Diapolo	2014-12-12 09:07:30	laanwj	2014-12-12 12:04:36	src/qt/test/paymentservertests.cpp	True	True	True	True
5466	Diapolo	2014-12-12 09:07:30	laanwj	2014-12-12 12:04:36	src/qt/transactiondesc.cpp	True	True	True	True
5463	ajweiss	2014-12-11 21:05:41	sipa	2015-01-04 14:40:39	src/main.cpp	True	True	True	True
5444	sipa	2014-12-08 12:45:54	jonasschnelli	2014-12-08 19:09:30	src/rest.cpp	True	True	True	True
5444	sipa	2014-12-08 12:45:54	jonasschnelli	2014-12-08 19:09:30	qa/rpc-tests/rest.py	True	True	True	True
5444	sipa	2014-12-08 12:45:54	jonasschnelli	2014-12-08 19:09:34	src/rest.cpp	True	True	True	True
5444	sipa	2014-12-08 12:45:54	jonasschnelli	2014-12-08 19:09:34	qa/rpc-tests/rest.py	True	True	True	True
5443	rustyrussell	2014-12-08 09:53:00	laanwj	2014-12-08 16:13:13	src/coins.h	True	True	True	True
5443	rustyrussell	2014-12-08 09:53:00	laanwj	2014-12-08 16:13:13	src/net.h	True	True	True	True
5443	rustyrussell	2014-12-08 09:53:00	laanwj	2014-12-08 16:13:13	src/merkleblock.h	True	True	True	True
5443	rustyrussell	2014-12-08 09:53:00	laanwj	2014-12-08 16:13:13	src/main.h	True	True	True	True
5443	rustyrussell	2014-12-08 09:53:00	laanwj	2014-12-08 16:13:13	src/hash.h	True	True	True	True
5443	rustyrussell	2014-12-08 09:53:00	laanwj	2014-12-08 16:13:13	src/crypter.h	True	True	True	True
5443	rustyrussell	2014-12-08 09:53:00	laanwj	2014-12-08 16:13:13	src/compressor.h	True	True	True	True
5443	rustyrussell	2014-12-08 09:53:00	laanwj	2014-12-08 16:13:13	src/chain.h	True	True	True	True
5443	rustyrussell	2014-12-08 09:53:00	laanwj	2014-12-08 16:13:13	src/primitives/block.h	True	True	True	True
5443	rustyrussell	2014-12-08 09:53:00	laanwj	2014-12-08 16:13:13	src/bloom.h	True	True	True	True
5443	rustyrussell	2014-12-08 09:53:00	laanwj	2014-12-08 16:13:13	src/amount.h	True	True	True	True
5443	rustyrussell	2014-12-08 09:53:00	laanwj	2014-12-08 16:13:13	src/alert.h	True	True	True	True
5443	rustyrussell	2014-12-08 09:53:00	laanwj	2014-12-08 16:13:13	src/addrman.h	True	True	True	True
5443	rustyrussell	2014-12-08 09:53:00	laanwj	2014-12-08 16:13:13	src/wallet.h	False	True	True	True
5443	rustyrussell	2014-12-08 09:53:00	laanwj	2014-12-08 16:13:13	src/serialize.h	False	True	True	True
5443	rustyrussell	2014-12-08 09:53:00	laanwj	2014-12-08 16:13:13	src/netbase.h	True	True	True	True
5443	rustyrussell	2014-12-08 09:53:00	laanwj	2014-12-08 16:13:13	src/test/serialize_tests.cpp	True	True	True	True
5443	rustyrussell	2014-12-08 09:53:00	laanwj	2014-12-08 16:13:13	src/primitives/transaction.h	True	True	True	True
5443	rustyrussell	2014-12-08 09:53:00	laanwj	2014-12-08 16:13:13	src/protocol.h	True	True	True	True
5443	rustyrussell	2014-12-08 09:53:00	laanwj	2014-12-08 16:13:13	src/pubkey.h	True	True	True	True
5443	rustyrussell	2014-12-08 09:53:00	laanwj	2014-12-08 16:13:13	src/qt/recentrequeststablemodel.h	True	True	True	True
5443	rustyrussell	2014-12-08 09:53:00	laanwj	2014-12-08 16:13:13	src/qt/walletmodel.h	True	True	True	True
5443	rustyrussell	2014-12-08 09:53:00	laanwj	2014-12-08 16:13:13	src/script/bitcoinconsensus.cpp	True	True	True	True
5443	rustyrussell	2014-12-08 09:53:00	laanwj	2014-12-08 16:13:13	src/script/interpreter.cpp	True	True	True	True
5443	rustyrussell	2014-12-08 09:53:00	laanwj	2014-12-08 16:13:13	src/serialize.h	True	True	True	True
5443	rustyrussell	2014-12-08 09:53:00	laanwj	2014-12-08 16:13:13	src/streams.h	True	True	True	True
5443	rustyrussell	2014-12-08 09:53:00	laanwj	2014-12-08 16:13:13	src/chain.h	False	True	True	True
5443	rustyrussell	2014-12-08 09:53:00	laanwj	2014-12-08 16:13:13	src/test/uint256_tests.cpp	True	True	True	True
5443	rustyrussell	2014-12-08 09:53:00	laanwj	2014-12-08 16:13:13	src/uint256.h	True	True	True	True
5443	rustyrussell	2014-12-08 09:53:00	laanwj	2014-12-08 16:13:13	src/undo.h	True	True	True	True
5443	rustyrussell	2014-12-08 09:53:00	laanwj	2014-12-08 16:13:13	src/wallet.h	True	True	True	True
5443	rustyrussell	2014-12-08 09:53:00	laanwj	2014-12-08 16:13:13	src/walletdb.h	True	True	True	True
5443	rustyrussell	2014-12-08 09:53:00	laanwj	2014-12-08 16:13:13	src/protocol.h	False	True	True	True
5442	ivanpustogarov	2014-12-07 22:40:11	laanwj	2015-01-08 15:44:47	src/main.cpp	True	True	True	True
5440	Michagogo	2014-12-07 16:00:01	laanwj	2014-12-08 11:51:21	contrib/linearize/linearize-data.py	False	False	True	True
5440	Michagogo	2014-12-07 16:00:01	laanwj	2014-12-08 11:51:21	contrib/linearize/linearize-data.py	True	False	True	True
5438	Diapolo	2014-12-07 12:32:51	laanwj	2014-12-09 12:07:57	src/bitcoin-cli.cpp	True	True	True	True
5438	Diapolo	2014-12-07 12:32:51	laanwj	2014-12-09 12:07:57	src/rest.cpp	True	True	True	True
5438	Diapolo	2014-12-07 12:32:51	laanwj	2014-12-09 12:07:57	src/bitcoin-tx.cpp	True	True	True	True
5438	Diapolo	2014-12-07 12:32:51	laanwj	2014-12-09 12:07:57	src/bitcoind.cpp	True	True	True	True
5438	Diapolo	2014-12-07 12:32:51	laanwj	2014-12-09 12:07:57	src/core_read.cpp	True	True	True	True
5438	Diapolo	2014-12-07 12:32:51	laanwj	2014-12-09 12:07:57	src/init.cpp	True	True	True	True
5438	Diapolo	2014-12-07 12:32:51	laanwj	2014-12-09 12:07:57	src/main.cpp	True	True	True	True
5438	Diapolo	2014-12-07 12:32:51	laanwj	2014-12-09 12:07:57	src/miner.cpp	True	True	True	True
5438	Diapolo	2014-12-07 12:32:51	laanwj	2014-12-09 12:07:57	src/net.cpp	True	True	True	True
5438	Diapolo	2014-12-07 12:32:51	laanwj	2014-12-09 12:07:57	src/qt/bitcoin.cpp	True	True	True	True
5438	Diapolo	2014-12-07 12:32:51	laanwj	2014-12-09 12:07:57	src/qt/intro.cpp	True	True	True	True
5438	Diapolo	2014-12-07 12:32:51	laanwj	2014-12-09 12:07:57	src/qt/rpcconsole.cpp	True	True	True	True
5438	Diapolo	2014-12-07 12:32:51	laanwj	2014-12-09 12:07:57	src/qt/paymentrequestplus.cpp	True	True	True	True
5438	Diapolo	2014-12-07 12:32:51	laanwj	2014-12-09 12:07:57	src/rpcprotocol.h	True	True	True	True
5438	Diapolo	2014-12-07 12:32:51	laanwj	2014-12-09 12:07:57	src/test/rpc_tests.cpp	True	True	True	True
5438	Diapolo	2014-12-07 12:32:51	laanwj	2014-12-09 12:07:57	src/walletdb.cpp	True	True	True	True
5438	Diapolo	2014-12-07 12:32:51	laanwj	2014-12-09 12:07:57	src/util.h	True	True	True	True
5438	Diapolo	2014-12-07 12:32:51	laanwj	2014-12-09 12:07:57	src/txmempool.cpp	True	True	True	True
5438	Diapolo	2014-12-07 12:32:51	laanwj	2014-12-09 12:07:57	src/txdb.cpp	True	True	True	True
5438	Diapolo	2014-12-07 12:32:51	laanwj	2014-12-09 12:07:57	src/util.cpp	True	True	True	True
5438	Diapolo	2014-12-07 12:32:51	laanwj	2014-12-09 12:07:57	src/test/alert_tests.cpp	True	True	True	True
5438	Diapolo	2014-12-07 12:32:51	laanwj	2014-12-09 12:07:57	src/script/bitcoinconsensus.cpp	True	True	True	True
5438	Diapolo	2014-12-07 12:32:51	laanwj	2014-12-09 12:07:57	src/rpcserver.cpp	True	True	True	True
5438	Diapolo	2014-12-07 12:32:51	laanwj	2014-12-09 12:07:57	src/rpcrawtransaction.cpp	True	True	True	True
5437	Diapolo	2014-12-07 11:58:49	sipa	2014-12-07 12:00:32	src/main.cpp	True	True	True	True
5427	mrbandrews	2014-12-04 21:27:41	kanzure	2014-12-04 21:37:16	qa/rpc-tests/walletbackup.sh	True	True	True	True
5427	mrbandrews	2014-12-04 21:27:41	kanzure	2014-12-04 21:39:18	qa/rpc-tests/walletbackup.py	False	True	True	True
5427	mrbandrews	2014-12-04 21:27:41	kanzure	2014-12-04 21:39:18	qa/rpc-tests/walletbackup.py	True	True	True	True
5427	mrbandrews	2014-12-04 21:27:41	kanzure	2014-12-04 21:39:18	qa/rpc-tests/walletbackup.sh	True	True	True	True
5427	mrbandrews	2014-12-04 21:27:41	kanzure	2014-12-04 21:37:16	qa/rpc-tests/walletbackup.py	False	True	True	True
5427	mrbandrews	2014-12-04 21:27:41	kanzure	2014-12-04 21:37:16	qa/rpc-tests/walletbackup.py	True	True	True	True
5427	mrbandrews	2014-12-04 21:27:41	kanzure	2014-12-04 21:40:53	qa/rpc-tests/walletbackup.sh	True	True	True	True
5427	mrbandrews	2014-12-04 21:27:41	laanwj	2014-12-08 08:43:29	qa/rpc-tests/walletbackup.py	False	True	True	True
5427	mrbandrews	2014-12-04 21:27:41	laanwj	2014-12-08 08:43:29	qa/rpc-tests/walletbackup.sh	True	True	True	True
5427	mrbandrews	2014-12-04 21:27:41	kanzure	2014-12-04 21:40:53	qa/rpc-tests/walletbackup.py	False	True	True	True
5427	mrbandrews	2014-12-04 21:27:41	kanzure	2014-12-04 21:40:53	qa/rpc-tests/walletbackup.py	True	True	True	True
5427	mrbandrews	2014-12-04 21:27:41	laanwj	2014-12-08 08:43:29	qa/rpc-tests/walletbackup.py	True	True	True	True
5419	sipa	2014-12-03 17:01:31	laanwj	2014-12-04 11:59:27	src/net.h	True	True	True	True
5418	sipa	2014-12-03 13:14:30	luke-jr	2014-12-05 12:55:40	qa/rpc-tests/rawtransactions.py	False	True	True	True
5418	sipa	2014-12-03 13:14:30	luke-jr	2014-12-05 12:55:40	qa/pull-tester/rpc-tests.sh	False	True	True	True
5418	sipa	2014-12-03 13:14:30	luke-jr	2014-12-05 12:55:40	src/rpcrawtransaction.cpp	True	True	True	True
5413	blakejakopovic	2014-12-03 08:08:20	laanwj	2014-12-05 09:35:11	doc/translation_process.md	True	True	True	True
5404	paveljanik	2014-12-02 07:42:33	Diapolo	2014-12-02 13:33:27	src/wallet_ismine.cpp	True	True	True	True
5404	paveljanik	2014-12-02 07:42:33	Diapolo	2014-12-02 13:33:27	src/uint256.cpp	True	True	True	True
5404	paveljanik	2014-12-02 07:42:33	Diapolo	2014-12-02 13:33:27	src/txmempool.cpp	True	True	True	True
5404	paveljanik	2014-12-02 07:42:33	Diapolo	2014-12-02 13:33:27	src/main.h	True	True	True	True
5404	paveljanik	2014-12-02 07:42:33	Diapolo	2014-12-02 13:33:27	src/main.cpp	True	True	True	True
5404	paveljanik	2014-12-02 07:42:33	Diapolo	2014-12-02 13:33:27	src/chain.h	True	True	True	True
5399	paveljanik	2014-12-01 19:13:01	laanwj	2014-12-05 15:43:02	src/wallet.h	True	True	True	True
5399	paveljanik	2014-12-01 19:13:01	laanwj	2014-12-05 15:41:46	src/rpcwallet.cpp	False	True	True	True
5399	paveljanik	2014-12-01 19:13:01	laanwj	2014-12-05 15:41:46	src/wallet.cpp	True	True	True	True
5399	paveljanik	2014-12-01 19:13:01	laanwj	2014-12-05 15:43:02	src/wallet.cpp	True	True	True	True
5399	paveljanik	2014-12-01 19:13:01	laanwj	2014-12-05 15:43:02	src/rpcwallet.cpp	True	True	True	True
5399	paveljanik	2014-12-01 19:13:01	laanwj	2014-12-05 15:41:46	src/rpcwallet.cpp	True	True	True	True
5399	paveljanik	2014-12-01 19:13:01	laanwj	2014-12-05 15:43:02	src/rpcwallet.cpp	False	True	True	True
5399	paveljanik	2014-12-01 19:13:01	laanwj	2014-12-05 15:41:46	src/wallet.h	True	True	True	True
5399	paveljanik	2014-12-01 19:13:01	laanwj	2014-12-02 05:43:48	src/wallet.cpp	True	True	True	True
5399	paveljanik	2014-12-01 19:13:01	laanwj	2014-12-02 05:43:48	src/wallet.h	True	True	True	True
5399	paveljanik	2014-12-01 19:13:01	laanwj	2014-12-02 05:43:48	src/rpcwallet.cpp	False	True	True	True
5399	paveljanik	2014-12-01 19:13:01	laanwj	2014-12-02 05:43:48	src/rpcwallet.cpp	True	True	True	True
