pr_number	author_user_login	pr_created_at	commit_user_login	commit_created_at	commit_status_total	commit_status_additions	commit_status_deletions	create_before_pr	is_review_commit
2721	laanwj	2013-05-31 12:06:42	laanwj	2013-05-31 12:02:24	104	90	14	True	True
2716	laanwj	2013-05-30 13:56:49	laanwj	2013-05-30 13:51:41	31	21	10	True	True
2705	robbak	2013-05-29 02:22:28	robbak	2013-05-29 00:33:36	2	2	0	True	True
2700	theuni	2013-05-26 19:06:21	theuni	2013-05-26 18:10:38	20	9	11	True	True
2700	theuni	2013-05-26 19:06:21	theuni	2013-05-28 20:00:17	8	5	3	False	True
2700	theuni	2013-05-26 19:06:21	theuni	2013-05-26 18:00:16	5	5	0	True	True
2700	theuni	2013-05-26 19:06:21	theuni	2013-05-26 17:48:30	282	144	138	True	True
2700	theuni	2013-05-26 19:06:21	theuni	2013-05-26 18:17:18	5	3	2	True	True
2700	theuni	2013-05-26 19:06:21	theuni	2013-05-26 18:18:33	24	12	12	True	True
2700	theuni	2013-05-26 19:06:21	theuni	2013-05-26 18:05:53	140	70	70	True	True
2700	theuni	2013-05-26 19:06:21	theuni	2013-05-26 18:19:04	2	1	1	True	True
2679	vhf	2013-05-21 22:19:35	vhf	2013-05-21 22:19:18	23	19	4	True	True
2672	Diapolo	2013-05-19 18:27:48	Philip Kaufmann	2013-05-19 18:20:06	95	47	48	True	True
2670	laanwj	2013-05-19 16:14:49	laanwj	2013-05-19 15:36:01	715	671	44	True	True
2666	super3	2013-05-18 08:15:12	super3	2013-05-20 04:30:00	842	443	399	False	True
2661	rdponticelli	2013-05-17 13:46:48	rdponticelli	2013-05-17 13:42:39	5	4	1	True	True
2660	TheBlueMatt	2013-05-17 10:12:10	TheBlueMatt	2013-05-17 10:07:02	44	15	29	True	True
2658	TheBlueMatt	2013-05-16 21:29:44	TheBlueMatt	2013-05-07 16:33:52	61	56	5	True	True
2658	TheBlueMatt	2013-05-16 21:29:44	TheBlueMatt	2013-05-07 16:37:37	12	11	1	True	True
2658	TheBlueMatt	2013-05-16 21:29:44	TheBlueMatt	2013-05-18 01:09:28	31	26	5	False	True
2657	gmaxwell	2013-05-16 20:36:55	gmaxwell	2013-05-16 20:27:21	190	0	190	True	True
2655	fanquake	2013-05-15 03:51:41	fanquake	2013-05-15 03:45:27	10	8	2	True	True
2651	jonasschnelli	2013-05-13 13:36:24	jonasschnelli	2013-08-10 14:14:50	250	210	40	False	True
2650	jonasschnelli	2013-05-13 07:42:37	jonasschnelli	2013-05-12 18:24:53	1939	1417	522	True	True
2645	sipa	2013-05-12 14:24:40	sipa	2013-05-04 17:32:33	272	224	48	True	True
2638	Crinklebine	2013-05-10 16:38:26	Crinklebine	2013-05-10 16:28:39	75	48	27	True	True
2632	mikehearn	2013-05-08 15:55:41	mikehearn	2013-05-07 13:16:25	1111	540	571	True	True
2632	mikehearn	2013-05-08 15:55:41	mikehearn	2013-05-07 11:59:29	189	100	89	True	True
2629	wyager	2013-05-08 01:48:25	wyager	2013-05-08 01:03:17	5	3	2	True	True
2625	gavinandresen	2013-05-07 15:03:15	gavinandresen	2013-05-07 14:47:00	106	43	63	True	True
2622	ChristopherFranko	2013-05-06 03:39:06	ChristopherFranko	2013-05-06 03:38:40	4	2	2	True	True
2618	fcicq	2013-05-05 06:01:21	fcicq	2013-05-05 05:35:51	12	6	6	True	True
2618	fcicq	2013-05-05 06:01:21	fcicq	2013-05-05 05:32:30	2	1	1	True	True
2618	fcicq	2013-05-05 06:01:21	fcicq	2013-05-05 05:37:03	5	5	0	True	True
2618	fcicq	2013-05-05 06:01:21	fcicq	2013-05-05 05:36:42	8	8	0	True	True
2618	fcicq	2013-05-05 06:01:21	fcicq	2013-07-17 08:51:40	6	5	1	False	True
2615	jonasschnelli	2013-05-03 15:08:41	jonasschnelli	2013-05-10 20:20:51	149	128	21	False	True
2613	jonasschnelli	2013-05-03 13:19:34	jonasschnelli	2013-05-03 13:18:28	65	60	5	True	True
2612	Diapolo	2013-05-03 10:56:50	Philip Kaufmann	2013-09-14 10:09:15	1119	869	250	False	True
2612	Diapolo	2013-05-03 10:56:50	Philip Kaufmann	2013-04-26 08:36:34	231	155	76	True	True
