pr_number	author_user_login	pr_created_at	review_comment_user_login	review_comment_created_at	is_review_review_comment
2804	sipa	2013-06-29 14:32:12	luke-jr	2013-06-29 16:35:32	True
2784	sipa	2013-06-22 17:17:37	Diapolo	2013-10-15 20:55:38	True
2776	jgarzik	2013-06-18 18:25:46	sipa	2013-06-22 15:51:54	True
2771	super3	2013-06-15 01:51:13	sipa	2013-06-15 14:37:08	True
2771	super3	2013-06-15 01:51:13	laanwj	2013-06-16 08:25:51	True
2738	jgarzik	2013-06-04 20:32:17	Diapolo	2013-10-07 08:39:44	True
2738	jgarzik	2013-06-04 20:32:17	petertodd	2013-09-23 22:25:32	True
2733	pstratem	2013-06-03 23:57:57	sipa	2013-06-04 13:31:12	True
2733	pstratem	2013-06-03 23:57:57	jgarzik	2013-06-04 13:47:37	True
2733	pstratem	2013-06-03 23:57:57	gavinandresen	2013-06-04 04:34:25	True
2733	pstratem	2013-06-03 23:57:57	ValleZ	2013-06-13 15:47:09	True
2733	pstratem	2013-06-03 23:57:57	jgarzik	2013-06-04 14:19:41	True
2733	pstratem	2013-06-03 23:57:57	sipa	2013-06-04 07:41:05	True
2733	pstratem	2013-06-03 23:57:57	jgarzik	2013-06-04 13:25:11	True
2733	pstratem	2013-06-03 23:57:57	vinniefalco	2013-06-04 13:27:56	True
2733	pstratem	2013-06-03 23:57:57	vinniefalco	2013-06-04 13:39:14	True
2733	pstratem	2013-06-03 23:57:57	GilesBathgate	2013-07-03 10:17:16	True
2733	pstratem	2013-06-03 23:57:57	laanwj	2013-07-03 08:51:24	True
2733	pstratem	2013-06-03 23:57:57	GilesBathgate	2013-07-03 08:14:04	True
2733	pstratem	2013-06-03 23:57:57	laanwj	2013-06-04 14:24:31	True
2733	pstratem	2013-06-03 23:57:57	vinniefalco	2013-06-04 13:52:48	True
2733	pstratem	2013-06-03 23:57:57	vinniefalco	2013-06-04 12:53:01	True
