pr_number	author_user_login	pr_created_at	review_user_login	review_created_at	filename	create_before_pr	has_issue_comment	has_review_comment	has_commit
5394	sipa	2014-11-29 15:02:11	laanwj	2014-12-02 06:12:17	src/main.h	True	True	True	True
5394	sipa	2014-11-29 15:02:11	laanwj	2014-12-02 06:12:17	src/main.cpp	True	True	True	True
5391	jonasschnelli	2014-11-28 19:33:28	sipa	2014-11-28 20:16:35	doc/REST-interface.md	False	True	True	True
5391	jonasschnelli	2014-11-28 19:33:28	sipa	2014-11-28 20:16:35	src/rpcblockchain.cpp	False	True	True	True
5391	jonasschnelli	2014-11-28 19:33:28	sipa	2014-11-28 20:16:35	src/rpcblockchain.cpp	True	True	True	True
5391	jonasschnelli	2014-11-28 19:33:28	sipa	2014-11-28 20:16:35	src/rest.cpp	True	True	True	True
5391	jonasschnelli	2014-11-28 19:33:28	sipa	2014-11-28 20:16:35	qa/rpc-tests/rest.py	True	True	True	True
5388	ghost	2014-11-28 05:16:30	laanwj	2014-11-28 08:07:27	src/qt/bitcoinunits.cpp	True	True	True	True
5356	dexX7	2014-11-23 12:59:24	Diapolo	2014-11-23 16:13:54	src/main.cpp	True	True	True	True
5329	jonasschnelli	2014-11-20 15:43:37	Diapolo	2014-11-20 16:01:17	doc/REST-interface.md	True	False	True	True
5329	jonasschnelli	2014-11-20 15:43:37	laanwj	2014-11-24 09:11:25	doc/REST-interface.md	True	False	True	True
5326	jonasschnelli	2014-11-20 13:05:18	sipa	2014-11-20 14:08:01	src/init.cpp	False	True	True	True
5326	jonasschnelli	2014-11-20 13:05:18	laanwj	2014-11-24 10:49:39	src/init.cpp	False	True	True	True
5326	jonasschnelli	2014-11-20 13:05:18	Diapolo	2014-11-20 16:04:37	src/rest.cpp	True	True	True	True
5326	jonasschnelli	2014-11-20 13:05:18	Diapolo	2014-11-20 16:04:37	src/rpcserver.h	False	True	True	True
5326	jonasschnelli	2014-11-20 13:05:18	Diapolo	2014-11-20 16:04:37	src/rpcprotocol.h	False	True	True	True
5326	jonasschnelli	2014-11-20 13:05:18	Diapolo	2014-11-20 16:04:37	src/rest.cpp	False	True	True	True
5326	jonasschnelli	2014-11-20 13:05:18	Diapolo	2014-11-20 16:04:37	src/rpcserver.cpp	False	True	True	True
5326	jonasschnelli	2014-11-20 13:05:18	Diapolo	2014-11-20 16:04:37	src/init.cpp	False	True	True	True
5326	jonasschnelli	2014-11-20 13:05:18	sipa	2014-11-20 14:08:01	src/rest.cpp	True	True	True	True
5326	jonasschnelli	2014-11-20 13:05:18	sipa	2014-11-20 14:08:01	src/rpcserver.h	False	True	True	True
5326	jonasschnelli	2014-11-20 13:05:18	sipa	2014-11-20 14:08:01	src/rpcprotocol.h	False	True	True	True
5326	jonasschnelli	2014-11-20 13:05:18	sipa	2014-11-20 14:08:01	src/rest.cpp	False	True	True	True
5326	jonasschnelli	2014-11-20 13:05:18	sipa	2014-11-20 14:08:01	src/rpcserver.cpp	False	True	True	True
5326	jonasschnelli	2014-11-20 13:05:18	Diapolo	2014-11-20 16:03:32	src/init.cpp	False	True	True	True
5326	jonasschnelli	2014-11-20 13:05:18	Diapolo	2014-11-20 16:03:32	src/rest.cpp	True	True	True	True
5326	jonasschnelli	2014-11-20 13:05:18	Diapolo	2014-11-20 16:03:32	src/rpcserver.h	False	True	True	True
5326	jonasschnelli	2014-11-20 13:05:18	Diapolo	2014-11-20 16:03:32	src/rpcprotocol.h	False	True	True	True
5326	jonasschnelli	2014-11-20 13:05:18	Diapolo	2014-11-20 16:03:32	src/rest.cpp	False	True	True	True
5326	jonasschnelli	2014-11-20 13:05:18	Diapolo	2014-11-20 16:03:32	src/rpcserver.cpp	False	True	True	True
5326	jonasschnelli	2014-11-20 13:05:18	laanwj	2014-11-24 10:49:39	src/rpcprotocol.h	False	True	True	True
5326	jonasschnelli	2014-11-20 13:05:18	sipa	2014-11-20 14:08:17	src/rest.cpp	True	True	True	True
5326	jonasschnelli	2014-11-20 13:05:18	sipa	2014-11-20 14:08:17	src/rpcserver.h	False	True	True	True
5326	jonasschnelli	2014-11-20 13:05:18	sipa	2014-11-20 14:08:17	src/rpcprotocol.h	False	True	True	True
5326	jonasschnelli	2014-11-20 13:05:18	sipa	2014-11-20 14:08:17	src/rest.cpp	False	True	True	True
5326	jonasschnelli	2014-11-20 13:05:18	sipa	2014-11-20 14:08:17	src/rpcserver.cpp	False	True	True	True
5326	jonasschnelli	2014-11-20 13:05:18	sipa	2014-11-20 14:08:17	src/init.cpp	False	True	True	True
5326	jonasschnelli	2014-11-20 13:05:18	laanwj	2014-11-24 10:49:39	src/rpcserver.cpp	False	True	True	True
5326	jonasschnelli	2014-11-20 13:05:18	laanwj	2014-11-24 10:49:39	src/rest.cpp	False	True	True	True
5326	jonasschnelli	2014-11-20 13:05:18	Diapolo	2014-11-20 16:06:08	src/rest.cpp	True	True	True	True
5326	jonasschnelli	2014-11-20 13:05:18	laanwj	2014-11-20 13:24:25	src/rest.cpp	True	True	True	True
5326	jonasschnelli	2014-11-20 13:05:18	sipa	2014-11-20 13:06:18	src/rest.cpp	True	True	True	True
5326	jonasschnelli	2014-11-20 13:05:18	sipa	2014-11-20 13:06:18	src/rpcserver.h	False	True	True	True
5326	jonasschnelli	2014-11-20 13:05:18	sipa	2014-11-20 13:06:18	src/rpcprotocol.h	False	True	True	True
5326	jonasschnelli	2014-11-20 13:05:18	sipa	2014-11-20 13:06:18	src/rest.cpp	False	True	True	True
5326	jonasschnelli	2014-11-20 13:05:18	sipa	2014-11-20 13:06:18	src/rpcserver.cpp	False	True	True	True
5326	jonasschnelli	2014-11-20 13:05:18	sipa	2014-11-20 13:06:18	src/init.cpp	False	True	True	True
5326	jonasschnelli	2014-11-20 13:05:18	laanwj	2014-11-24 10:49:39	src/rpcserver.h	False	True	True	True
5326	jonasschnelli	2014-11-20 13:05:18	Diapolo	2014-11-20 16:06:08	src/rpcserver.h	False	True	True	True
5326	jonasschnelli	2014-11-20 13:05:18	Diapolo	2014-11-20 16:06:08	src/rpcprotocol.h	False	True	True	True
5326	jonasschnelli	2014-11-20 13:05:18	Diapolo	2014-11-20 16:06:08	src/rpcserver.cpp	False	True	True	True
5326	jonasschnelli	2014-11-20 13:05:18	Diapolo	2014-11-20 16:06:08	src/init.cpp	False	True	True	True
5326	jonasschnelli	2014-11-20 13:05:18	Diapolo	2014-11-20 16:06:08	src/rest.cpp	False	True	True	True
5326	jonasschnelli	2014-11-20 13:05:18	laanwj	2014-11-20 13:24:25	src/rpcserver.h	False	True	True	True
5326	jonasschnelli	2014-11-20 13:05:18	laanwj	2014-11-24 10:36:00	src/rpcserver.h	False	True	True	True
5326	jonasschnelli	2014-11-20 13:05:18	laanwj	2014-11-24 10:49:39	src/rest.cpp	True	True	True	True
5326	jonasschnelli	2014-11-20 13:05:18	laanwj	2014-11-24 10:36:00	src/init.cpp	False	True	True	True
5326	jonasschnelli	2014-11-20 13:05:18	laanwj	2014-11-20 13:24:25	src/rpcprotocol.h	False	True	True	True
5326	jonasschnelli	2014-11-20 13:05:18	laanwj	2014-11-24 10:36:00	src/rest.cpp	False	True	True	True
5326	jonasschnelli	2014-11-20 13:05:18	laanwj	2014-11-24 10:36:00	src/rpcprotocol.h	False	True	True	True
5326	jonasschnelli	2014-11-20 13:05:18	laanwj	2014-11-24 10:36:00	src/rpcserver.cpp	False	True	True	True
5326	jonasschnelli	2014-11-20 13:05:18	laanwj	2014-11-24 10:36:00	src/rest.cpp	True	True	True	True
5326	jonasschnelli	2014-11-20 13:05:18	laanwj	2014-11-20 13:24:25	src/init.cpp	False	True	True	True
5326	jonasschnelli	2014-11-20 13:05:18	laanwj	2014-11-20 13:24:25	src/rpcserver.cpp	False	True	True	True
5326	jonasschnelli	2014-11-20 13:05:18	laanwj	2014-11-20 13:24:25	src/rest.cpp	False	True	True	True
5323	Diapolo	2014-11-20 12:08:20	laanwj	2014-11-24 13:21:41	src/qt/sendcoinsdialog.cpp	True	False	True	True
5319	domob1812	2014-11-20 08:00:23	Diapolo	2014-11-20 11:36:47	src/crypter.h	False	True	True	True
5319	domob1812	2014-11-20 08:00:23	Diapolo	2014-11-20 11:36:47	src/crypter.cpp	False	True	True	True
5318	gwillen	2014-11-19 23:22:05	Diapolo	2014-11-20 12:00:48	src/rpcserver.cpp	True	True	True	True
5314	jonasschnelli	2014-11-19 15:25:08	luke-jr	2014-12-25 08:00:03	src/qt/bitcoingui.cpp	True	True	True	True
5314	jonasschnelli	2014-11-19 15:25:08	luke-jr	2014-12-25 08:00:03	src/rpcclient.cpp	True	True	True	True
5314	jonasschnelli	2014-11-19 15:25:08	luke-jr	2014-12-25 08:00:03	src/qt/res/icons/network_disabled.png	True	True	True	True
5314	jonasschnelli	2014-11-19 15:25:08	luke-jr	2014-12-25 08:00:03	src/qt/bitcoingui.h	True	True	True	True
5314	jonasschnelli	2014-11-19 15:25:08	luke-jr	2014-12-25 08:00:03	src/rpcserver.cpp	True	True	True	True
5314	jonasschnelli	2014-11-19 15:25:08	luke-jr	2014-12-25 08:00:03	src/qt/bitcoin.qrc	True	True	True	True
5314	jonasschnelli	2014-11-19 15:25:08	luke-jr	2014-12-25 08:00:03	src/net.cpp	True	True	True	True
5314	jonasschnelli	2014-11-19 15:25:08	luke-jr	2014-12-25 08:00:03	src/Makefile.qt.include	True	True	True	True
5314	jonasschnelli	2014-11-19 15:25:08	luke-jr	2014-12-25 08:00:03	doc/assets-attribution.md	True	True	True	True
5314	jonasschnelli	2014-11-19 15:25:08	luke-jr	2014-12-25 08:00:03	src/rpcnet.cpp	True	True	True	True
5314	jonasschnelli	2014-11-19 15:25:08	luke-jr	2014-12-25 08:00:03	src/test/rpc_tests.cpp	True	True	True	True
5314	jonasschnelli	2014-11-19 15:25:08	luke-jr	2014-12-25 08:00:03	src/rpcserver.h	True	True	True	True
5314	jonasschnelli	2014-11-19 15:25:08	luke-jr	2014-12-25 08:00:03	src/rpcmisc.cpp	True	True	True	True
5314	jonasschnelli	2014-11-19 15:25:08	luke-jr	2014-12-25 08:00:03	src/net.h	True	True	True	True
5314	jonasschnelli	2014-11-19 15:25:08	luke-jr	2014-12-25 08:00:03	src/qt/clientmodel.cpp	True	True	True	True
5314	jonasschnelli	2014-11-19 15:25:08	luke-jr	2014-12-25 08:00:03	src/qt/clientmodel.h	True	True	True	True
5314	jonasschnelli	2014-11-19 15:25:08	luke-jr	2014-12-25 08:00:03	src/qt/rpcconsole.cpp	True	True	True	True
5314	jonasschnelli	2014-11-19 15:25:08	luke-jr	2014-12-25 08:00:03	src/qt/rpcconsole.h	True	True	True	True
5314	jonasschnelli	2014-11-19 15:25:08	luke-jr	2014-12-25 08:00:03	src/ui_interface.h	True	True	True	True
5310	paveljanik	2014-11-19 10:02:23	laanwj	2014-12-05 10:18:55	src/script/script_error.h	False	True	True	True
5310	paveljanik	2014-11-19 10:02:23	laanwj	2014-12-05 10:18:55	src/script/bitcoinconsensus.h	False	True	True	True
5309	Diapolo	2014-11-19 09:54:55	laanwj	2014-11-19 10:00:02	src/qt/sendcoinsdialog.cpp	False	True	True	True
5309	Diapolo	2014-11-19 09:54:55	laanwj	2014-11-19 10:00:02	src/rest.cpp	True	True	True	True
5309	Diapolo	2014-11-19 09:54:55	laanwj	2014-11-19 10:00:02	src/key.h	True	True	True	True
5307	sipa	2014-11-18 21:18:26	laanwj	2015-03-26 07:27:35	src/chain.cpp	True	True	True	True
5307	sipa	2014-11-18 21:18:26	laanwj	2015-03-26 07:27:35	src/main.cpp	True	True	True	True
5303	jgarzik	2014-11-18 17:08:03	Diapolo	2014-11-19 12:35:45	src/zmqports.h	True	True	True	True
5303	jgarzik	2014-11-18 17:08:03	Diapolo	2014-11-19 12:35:45	contrib/zmq/zmq_sub.py	True	True	True	True
5303	jgarzik	2014-11-18 17:08:03	Diapolo	2014-11-19 12:35:45	doc/zmq.md	True	True	True	True
5303	jgarzik	2014-11-18 17:08:03	Diapolo	2014-11-19 12:35:45	src/Makefile.am	True	True	True	True
5303	jgarzik	2014-11-18 17:08:03	Diapolo	2014-11-19 12:35:45	src/Makefile.qt.include	True	True	True	True
5303	jgarzik	2014-11-18 17:08:03	Diapolo	2014-11-19 12:35:45	src/Makefile.qttest.include	True	True	True	True
5303	jgarzik	2014-11-18 17:08:03	Diapolo	2014-11-19 12:35:45	src/Makefile.test.include	True	True	True	True
5303	jgarzik	2014-11-18 17:08:03	Diapolo	2014-11-19 12:35:45	src/init.cpp	True	True	True	True
5303	jgarzik	2014-11-18 17:08:03	Diapolo	2014-11-19 12:35:45	src/main.cpp	True	True	True	True
5303	jgarzik	2014-11-18 17:08:03	Diapolo	2014-11-19 12:35:45	src/net.cpp	True	True	True	True
5303	jgarzik	2014-11-18 17:08:03	Diapolo	2014-11-19 12:35:45	src/rpcserver.cpp	True	True	True	True
5303	jgarzik	2014-11-18 17:08:03	Diapolo	2014-11-19 12:35:45	src/rpcserver.h	True	True	True	True
5303	jgarzik	2014-11-18 17:08:03	Diapolo	2014-11-19 12:35:45	src/ui_interface.h	True	True	True	True
5303	jgarzik	2014-11-18 17:08:03	Diapolo	2014-11-19 12:35:45	src/zmqports.cpp	True	True	True	True
5303	jgarzik	2014-11-18 17:08:03	luke-jr	2014-12-05 13:05:06	src/Makefile.test.include	True	True	True	True
5303	jgarzik	2014-11-18 17:08:03	luke-jr	2014-12-05 13:05:06	configure.ac	True	True	True	True
5303	jgarzik	2014-11-18 17:08:03	luke-jr	2014-12-05 13:05:06	contrib/zmq/zmq_sub.py	True	True	True	True
5303	jgarzik	2014-11-18 17:08:03	luke-jr	2014-12-05 13:05:06	doc/zmq.md	True	True	True	True
5303	jgarzik	2014-11-18 17:08:03	luke-jr	2014-12-05 13:05:06	src/Makefile.am	True	True	True	True
5303	jgarzik	2014-11-18 17:08:03	luke-jr	2014-12-05 13:05:06	src/Makefile.qt.include	True	True	True	True
5303	jgarzik	2014-11-18 17:08:03	luke-jr	2014-12-05 13:05:06	src/Makefile.qttest.include	True	True	True	True
5303	jgarzik	2014-11-18 17:08:03	amrali	2015-03-11 22:56:52	src/zmqports.h	True	True	True	True
5303	jgarzik	2014-11-18 17:08:03	luke-jr	2014-12-05 13:05:06	src/init.cpp	True	True	True	True
5303	jgarzik	2014-11-18 17:08:03	luke-jr	2014-12-05 13:05:06	src/main.cpp	True	True	True	True
5303	jgarzik	2014-11-18 17:08:03	luke-jr	2014-12-05 13:05:06	src/net.cpp	True	True	True	True
5303	jgarzik	2014-11-18 17:08:03	luke-jr	2014-12-05 13:05:06	src/rpcserver.cpp	True	True	True	True
5303	jgarzik	2014-11-18 17:08:03	luke-jr	2014-12-05 13:05:06	src/rpcserver.h	True	True	True	True
5303	jgarzik	2014-11-18 17:08:03	luke-jr	2014-12-05 13:05:06	src/ui_interface.h	True	True	True	True
5303	jgarzik	2014-11-18 17:08:03	Diapolo	2014-11-19 12:35:45	configure.ac	True	True	True	True
5303	jgarzik	2014-11-18 17:08:03	amrali	2015-03-11 22:56:52	src/Makefile.test.include	True	True	True	True
5303	jgarzik	2014-11-18 17:08:03	amrali	2015-03-11 22:56:52	src/zmqports.cpp	True	True	True	True
5303	jgarzik	2014-11-18 17:08:03	amrali	2015-03-11 22:56:52	src/ui_interface.h	True	True	True	True
5303	jgarzik	2014-11-18 17:08:03	amrali	2015-03-11 23:02:19	configure.ac	True	True	True	True
5303	jgarzik	2014-11-18 17:08:03	amrali	2015-03-11 23:02:19	contrib/zmq/zmq_sub.py	True	True	True	True
5303	jgarzik	2014-11-18 17:08:03	amrali	2015-03-11 23:02:19	doc/zmq.md	True	True	True	True
5303	jgarzik	2014-11-18 17:08:03	amrali	2015-03-11 23:02:19	src/Makefile.am	True	True	True	True
5303	jgarzik	2014-11-18 17:08:03	amrali	2015-03-11 23:02:19	src/Makefile.qt.include	True	True	True	True
5303	jgarzik	2014-11-18 17:08:03	amrali	2015-03-11 23:02:19	src/Makefile.qttest.include	True	True	True	True
5303	jgarzik	2014-11-18 17:08:03	amrali	2015-03-11 23:02:19	src/Makefile.test.include	True	True	True	True
5303	jgarzik	2014-11-18 17:08:03	amrali	2015-03-11 23:02:19	src/init.cpp	True	True	True	True
5303	jgarzik	2014-11-18 17:08:03	amrali	2015-03-11 23:02:19	src/main.cpp	True	True	True	True
5303	jgarzik	2014-11-18 17:08:03	amrali	2015-03-11 23:02:19	src/net.cpp	True	True	True	True
5303	jgarzik	2014-11-18 17:08:03	amrali	2015-03-11 23:02:19	src/rpcserver.cpp	True	True	True	True
5303	jgarzik	2014-11-18 17:08:03	amrali	2015-03-11 23:02:19	src/rpcserver.h	True	True	True	True
5303	jgarzik	2014-11-18 17:08:03	amrali	2015-03-11 23:02:19	src/ui_interface.h	True	True	True	True
5303	jgarzik	2014-11-18 17:08:03	amrali	2015-03-11 23:02:19	src/zmqports.cpp	True	True	True	True
5303	jgarzik	2014-11-18 17:08:03	amrali	2015-03-11 23:02:19	src/zmqports.h	True	True	True	True
5303	jgarzik	2014-11-18 17:08:03	amrali	2015-03-11 22:56:52	configure.ac	True	True	True	True
5303	jgarzik	2014-11-18 17:08:03	amrali	2015-03-11 22:56:52	contrib/zmq/zmq_sub.py	True	True	True	True
5303	jgarzik	2014-11-18 17:08:03	amrali	2015-03-11 22:56:52	doc/zmq.md	True	True	True	True
5303	jgarzik	2014-11-18 17:08:03	amrali	2015-03-11 22:56:52	src/Makefile.am	True	True	True	True
5303	jgarzik	2014-11-18 17:08:03	amrali	2015-03-11 22:56:52	src/Makefile.qt.include	True	True	True	True
5303	jgarzik	2014-11-18 17:08:03	amrali	2015-03-11 22:56:52	src/Makefile.qttest.include	True	True	True	True
5303	jgarzik	2014-11-18 17:08:03	luke-jr	2014-12-05 13:05:06	src/zmqports.h	True	True	True	True
5303	jgarzik	2014-11-18 17:08:03	amrali	2015-03-11 22:56:52	src/init.cpp	True	True	True	True
5303	jgarzik	2014-11-18 17:08:03	amrali	2015-03-11 22:56:52	src/main.cpp	True	True	True	True
5303	jgarzik	2014-11-18 17:08:03	amrali	2015-03-11 22:56:52	src/net.cpp	True	True	True	True
5303	jgarzik	2014-11-18 17:08:03	amrali	2015-03-11 22:56:52	src/rpcserver.cpp	True	True	True	True
5303	jgarzik	2014-11-18 17:08:03	amrali	2015-03-11 22:56:52	src/rpcserver.h	True	True	True	True
5303	jgarzik	2014-11-18 17:08:03	luke-jr	2014-12-05 13:05:06	src/zmqports.cpp	True	True	True	True
5303	jgarzik	2014-11-18 17:08:03	Diapolo	2014-11-19 12:32:28	contrib/zmq/zmq_sub.py	True	True	True	True
5303	jgarzik	2014-11-18 17:08:03	luke-jr	2014-12-05 13:05:44	configure.ac	True	True	True	True
5303	jgarzik	2014-11-18 17:08:03	Diapolo	2014-11-19 12:32:28	configure.ac	True	True	True	True
5303	jgarzik	2014-11-18 17:08:03	Diapolo	2014-11-19 12:32:28	src/Makefile.am	True	True	True	True
5303	jgarzik	2014-11-18 17:08:03	Diapolo	2014-11-19 12:32:28	src/Makefile.qt.include	True	True	True	True
5303	jgarzik	2014-11-18 17:08:03	Diapolo	2014-11-19 12:32:28	src/Makefile.qttest.include	True	True	True	True
5303	jgarzik	2014-11-18 17:08:03	Diapolo	2014-11-19 12:32:28	src/Makefile.test.include	True	True	True	True
5303	jgarzik	2014-11-18 17:08:03	Diapolo	2014-11-19 12:32:28	src/init.cpp	True	True	True	True
5303	jgarzik	2014-11-18 17:08:03	Diapolo	2014-11-19 12:32:28	src/main.cpp	True	True	True	True
5303	jgarzik	2014-11-18 17:08:03	Diapolo	2014-11-19 12:32:28	src/net.cpp	True	True	True	True
5303	jgarzik	2014-11-18 17:08:03	Diapolo	2014-11-19 12:32:28	src/rpcserver.cpp	True	True	True	True
5303	jgarzik	2014-11-18 17:08:03	Diapolo	2014-11-19 12:32:28	src/rpcserver.h	True	True	True	True
5303	jgarzik	2014-11-18 17:08:03	Diapolo	2014-11-19 12:32:28	src/ui_interface.h	True	True	True	True
5303	jgarzik	2014-11-18 17:08:03	Diapolo	2014-11-19 12:32:28	src/zmqports.cpp	True	True	True	True
5303	jgarzik	2014-11-18 17:08:03	Diapolo	2014-11-19 12:32:28	src/zmqports.h	True	True	True	True
5303	jgarzik	2014-11-18 17:08:03	Diapolo	2014-11-19 12:33:59	configure.ac	True	True	True	True
5303	jgarzik	2014-11-18 17:08:03	Diapolo	2014-11-19 12:33:59	contrib/zmq/zmq_sub.py	True	True	True	True
5303	jgarzik	2014-11-18 17:08:03	luke-jr	2014-12-05 13:05:44	contrib/zmq/zmq_sub.py	True	True	True	True
5303	jgarzik	2014-11-18 17:08:03	Diapolo	2014-11-19 12:33:59	src/Makefile.am	True	True	True	True
5303	jgarzik	2014-11-18 17:08:03	Diapolo	2014-11-19 12:33:59	src/Makefile.qt.include	True	True	True	True
5303	jgarzik	2014-11-18 17:08:03	Diapolo	2014-11-19 12:33:59	src/Makefile.qttest.include	True	True	True	True
5303	jgarzik	2014-11-18 17:08:03	Diapolo	2014-11-19 12:33:59	src/Makefile.test.include	True	True	True	True
5303	jgarzik	2014-11-18 17:08:03	Diapolo	2014-11-19 12:33:59	src/init.cpp	True	True	True	True
5303	jgarzik	2014-11-18 17:08:03	Diapolo	2014-11-19 12:33:59	src/main.cpp	True	True	True	True
5303	jgarzik	2014-11-18 17:08:03	Diapolo	2014-11-19 12:33:59	src/net.cpp	True	True	True	True
5303	jgarzik	2014-11-18 17:08:03	Diapolo	2014-11-19 12:33:59	src/rpcserver.cpp	True	True	True	True
5303	jgarzik	2014-11-18 17:08:03	Diapolo	2014-11-19 12:33:59	src/rpcserver.h	True	True	True	True
5303	jgarzik	2014-11-18 17:08:03	Diapolo	2014-11-19 12:33:59	src/ui_interface.h	True	True	True	True
5303	jgarzik	2014-11-18 17:08:03	Diapolo	2014-11-19 12:33:59	src/zmqports.cpp	True	True	True	True
5303	jgarzik	2014-11-18 17:08:03	Diapolo	2014-11-19 12:33:59	src/zmqports.h	True	True	True	True
5303	jgarzik	2014-11-18 17:08:03	Diapolo	2014-11-19 12:32:28	doc/zmq.md	True	True	True	True
5303	jgarzik	2014-11-18 17:08:03	Diapolo	2014-11-19 12:33:59	doc/zmq.md	True	True	True	True
5303	jgarzik	2014-11-18 17:08:03	Diapolo	2014-11-19 12:32:50	contrib/zmq/zmq_sub.py	True	True	True	True
5303	jgarzik	2014-11-18 17:08:03	Diapolo	2014-11-19 12:32:50	configure.ac	True	True	True	True
5303	jgarzik	2014-11-18 17:08:03	luke-jr	2014-12-05 13:05:44	src/Makefile.am	True	True	True	True
5303	jgarzik	2014-11-18 17:08:03	luke-jr	2014-12-05 13:05:44	src/Makefile.qt.include	True	True	True	True
5303	jgarzik	2014-11-18 17:08:03	luke-jr	2014-12-05 13:05:44	src/Makefile.qttest.include	True	True	True	True
5303	jgarzik	2014-11-18 17:08:03	luke-jr	2014-12-05 13:05:44	src/Makefile.test.include	True	True	True	True
5303	jgarzik	2014-11-18 17:08:03	luke-jr	2014-12-05 13:05:44	src/init.cpp	True	True	True	True
5303	jgarzik	2014-11-18 17:08:03	luke-jr	2014-12-05 13:05:44	src/main.cpp	True	True	True	True
5303	jgarzik	2014-11-18 17:08:03	luke-jr	2014-12-05 13:05:44	src/net.cpp	True	True	True	True
5303	jgarzik	2014-11-18 17:08:03	luke-jr	2014-12-05 13:05:44	src/rpcserver.cpp	True	True	True	True
5303	jgarzik	2014-11-18 17:08:03	luke-jr	2014-12-05 13:05:44	src/rpcserver.h	True	True	True	True
5303	jgarzik	2014-11-18 17:08:03	luke-jr	2014-12-05 13:05:44	src/ui_interface.h	True	True	True	True
5303	jgarzik	2014-11-18 17:08:03	luke-jr	2014-12-05 13:05:44	src/zmqports.cpp	True	True	True	True
5303	jgarzik	2014-11-18 17:08:03	luke-jr	2014-12-05 13:05:44	src/zmqports.h	True	True	True	True
5303	jgarzik	2014-11-18 17:08:03	luke-jr	2014-12-05 13:05:44	doc/zmq.md	True	True	True	True
5303	jgarzik	2014-11-18 17:08:03	Diapolo	2014-11-19 12:32:50	src/zmqports.h	True	True	True	True
5303	jgarzik	2014-11-18 17:08:03	Diapolo	2014-11-19 12:32:50	doc/zmq.md	True	True	True	True
5303	jgarzik	2014-11-18 17:08:03	Diapolo	2014-11-19 12:32:50	src/Makefile.am	True	True	True	True
5303	jgarzik	2014-11-18 17:08:03	Diapolo	2014-11-19 12:32:50	src/Makefile.qt.include	True	True	True	True
5303	jgarzik	2014-11-18 17:08:03	Diapolo	2014-11-19 12:32:50	src/Makefile.qttest.include	True	True	True	True
5303	jgarzik	2014-11-18 17:08:03	Diapolo	2014-11-19 12:32:50	src/Makefile.test.include	True	True	True	True
5303	jgarzik	2014-11-18 17:08:03	Diapolo	2014-11-19 12:32:50	src/init.cpp	True	True	True	True
5303	jgarzik	2014-11-18 17:08:03	Diapolo	2014-11-19 12:32:50	src/main.cpp	True	True	True	True
5303	jgarzik	2014-11-18 17:08:03	Diapolo	2014-11-19 12:32:50	src/net.cpp	True	True	True	True
5303	jgarzik	2014-11-18 17:08:03	Diapolo	2014-11-19 12:32:50	src/rpcserver.cpp	True	True	True	True
5303	jgarzik	2014-11-18 17:08:03	Diapolo	2014-11-19 12:32:50	src/rpcserver.h	True	True	True	True
5303	jgarzik	2014-11-18 17:08:03	Diapolo	2014-11-19 12:32:50	src/ui_interface.h	True	True	True	True
5303	jgarzik	2014-11-18 17:08:03	Diapolo	2014-11-19 12:32:50	src/zmqports.cpp	True	True	True	True
5300	jonasschnelli	2014-11-18 09:58:24	Diapolo	2014-11-18 12:16:24	src/qt/macnotificationhandler.mm	True	True	True	True
5300	jonasschnelli	2014-11-18 09:58:24	Diapolo	2014-11-18 12:15:11	src/qt/macnotificationhandler.mm	True	True	True	True
5300	jonasschnelli	2014-11-18 09:58:24	Diapolo	2014-11-18 12:14:35	src/qt/macnotificationhandler.mm	True	True	True	True
5288	Krellan	2014-11-16 11:50:01	sipa	2014-11-18 13:34:56	src/net.h	True	True	True	True
5288	Krellan	2014-11-16 11:50:01	laanwj	2015-03-19 12:37:02	src/net.h	True	True	True	True
5288	Krellan	2014-11-16 11:50:01	laanwj	2015-03-19 12:37:02	src/net.cpp	True	True	True	True
5288	Krellan	2014-11-16 11:50:01	laanwj	2015-03-19 12:37:02	src/init.cpp	True	True	True	True
5288	Krellan	2014-11-16 11:50:01	laanwj	2015-03-18 13:49:08	src/net.h	True	True	True	True
5288	Krellan	2014-11-16 11:50:01	laanwj	2015-03-18 13:49:08	src/net.cpp	True	True	True	True
5288	Krellan	2014-11-16 11:50:01	laanwj	2015-03-18 13:49:08	src/init.cpp	True	True	True	True
5288	Krellan	2014-11-16 11:50:01	fanquake	2015-02-02 12:57:44	src/net.h	True	True	True	True
5288	Krellan	2014-11-16 11:50:01	fanquake	2015-02-02 12:57:44	src/net.cpp	True	True	True	True
5288	Krellan	2014-11-16 11:50:01	fanquake	2015-02-02 12:57:44	src/init.cpp	True	True	True	True
5288	Krellan	2014-11-16 11:50:01	sipa	2014-11-18 13:34:56	src/net.cpp	True	True	True	True
5288	Krellan	2014-11-16 11:50:01	sipa	2014-11-18 13:34:56	src/init.cpp	True	True	True	True
5279	jonasschnelli	2014-11-14 14:11:08	fanquake	2014-11-15 05:25:40	doc/build-osx.md	True	True	True	True
5275	gavinandresen	2014-11-13 20:11:57	laanwj	2014-11-14 14:40:54	src/rpcmining.cpp	True	True	True	True
5273	Diapolo	2014-11-13 14:28:33	laanwj	2014-11-26 13:36:13	src/net.cpp	True	True	True	True
5270	domob1812	2014-11-13 08:46:14	sipa	2014-11-14 17:08:51	src/main.cpp	False	True	True	True
5267	TheBlueMatt	2014-11-12 22:43:11	luke-jr	2014-11-13 00:37:51	src/main.cpp	True	True	True	True
5267	TheBlueMatt	2014-11-12 22:43:11	luke-jr	2014-11-13 00:36:34	src/txmempool.cpp	True	True	True	True
5267	TheBlueMatt	2014-11-12 22:43:11	luke-jr	2014-11-13 00:36:34	src/txmempool.h	True	True	True	True
5267	TheBlueMatt	2014-11-12 22:43:11	luke-jr	2014-11-13 00:36:34	qa/pull-tester/rpc-tests.sh	False	True	True	True
5267	TheBlueMatt	2014-11-12 22:43:11	luke-jr	2014-11-13 00:36:34	qa/rpc-tests/mempool_coinbase_spends.py	False	True	True	True
5267	TheBlueMatt	2014-11-12 22:43:11	luke-jr	2014-11-13 00:36:34	src/txmempool.cpp	False	True	True	True
5267	TheBlueMatt	2014-11-12 22:43:11	luke-jr	2014-11-13 00:36:34	src/main.cpp	True	True	True	True
5267	TheBlueMatt	2014-11-12 22:43:11	luke-jr	2014-11-13 00:37:51	src/txmempool.cpp	True	True	True	True
5267	TheBlueMatt	2014-11-12 22:43:11	luke-jr	2014-11-13 00:37:51	src/txmempool.h	True	True	True	True
5267	TheBlueMatt	2014-11-12 22:43:11	luke-jr	2014-11-13 00:37:51	qa/pull-tester/rpc-tests.sh	False	True	True	True
5267	TheBlueMatt	2014-11-12 22:43:11	luke-jr	2014-11-13 00:37:51	qa/rpc-tests/mempool_coinbase_spends.py	False	True	True	True
5267	TheBlueMatt	2014-11-12 22:43:11	luke-jr	2014-11-13 00:37:51	src/txmempool.cpp	False	True	True	True
5266	jonasschnelli	2014-11-12 20:28:39	Diapolo	2014-11-14 09:03:28	src/walletdb.h	False	True	True	True
5266	jonasschnelli	2014-11-12 20:28:39	Diapolo	2014-11-14 09:03:28	src/rpcdump.cpp	True	True	True	True
5266	jonasschnelli	2014-11-12 20:28:39	Diapolo	2014-11-14 09:03:28	src/walletdb.cpp	False	True	True	True
5266	jonasschnelli	2014-11-12 20:28:39	Diapolo	2014-11-14 09:03:28	src/init.cpp	True	True	True	True
5266	jonasschnelli	2014-11-12 20:28:39	Diapolo	2014-11-14 09:03:28	src/wallet.cpp	False	True	True	True
5266	jonasschnelli	2014-11-12 20:28:39	Diapolo	2014-11-14 09:03:28	src/wallet.cpp	True	True	True	True
5266	jonasschnelli	2014-11-12 20:28:39	Diapolo	2014-11-14 09:03:28	src/walletdb.cpp	True	True	True	True
5266	jonasschnelli	2014-11-12 20:28:39	Diapolo	2014-11-14 09:03:28	src/walletdb.h	True	True	True	True
5266	jonasschnelli	2014-11-12 20:28:39	Diapolo	2014-11-14 09:03:28	src/wallet.h	True	True	True	True
5264	mruddy	2014-11-12 13:56:12	laanwj	2014-11-12 16:18:01	src/primitives/transaction.cpp	False	True	True	True
5264	mruddy	2014-11-12 13:56:12	laanwj	2014-11-12 16:18:01	doc/release-notes.md	False	True	True	True
5264	mruddy	2014-11-12 13:56:12	laanwj	2014-11-12 16:18:01	qa/rpc-tests/decodescript.py	False	True	True	True
5264	mruddy	2014-11-12 13:56:12	laanwj	2014-11-12 16:18:01	src/bitcoin-tx.cpp	False	True	True	True
5264	mruddy	2014-11-12 13:56:12	laanwj	2014-11-12 16:18:01	src/core_io.h	False	True	True	True
5264	mruddy	2014-11-12 13:56:12	laanwj	2014-11-12 16:18:01	src/core_write.cpp	False	True	True	True
5264	mruddy	2014-11-12 13:56:12	laanwj	2014-11-12 16:18:01	src/script/script.h	False	True	True	True
5264	mruddy	2014-11-12 13:56:12	laanwj	2014-11-12 16:18:01	src/rpcrawtransaction.cpp	False	True	True	True
5264	mruddy	2014-11-12 13:56:12	laanwj	2014-11-12 16:18:01	src/script/interpreter.h	False	True	True	True
5264	mruddy	2014-11-12 13:56:12	laanwj	2014-11-12 16:18:01	src/script/script.cpp	False	True	True	True
5264	mruddy	2014-11-12 13:56:12	laanwj	2014-11-12 16:18:01	src/script/interpreter.cpp	False	True	True	True
5264	mruddy	2014-11-12 13:56:12	laanwj	2014-11-12 16:18:01	src/test/script_tests.cpp	False	True	True	True
5258	jonasschnelli	2014-11-10 15:42:29	laanwj	2014-11-11 10:52:26	src/qt/rpcconsole.h	True	True	True	True
5258	jonasschnelli	2014-11-10 15:42:29	laanwj	2014-11-11 10:52:26	src/qt/rpcconsole.cpp	True	True	True	True
5258	jonasschnelli	2014-11-10 15:42:29	laanwj	2014-11-11 10:52:26	src/qt/forms/rpcconsole.ui	True	True	True	True
5258	jonasschnelli	2014-11-10 15:42:29	laanwj	2014-11-11 10:52:26	src/qt/bitcoingui.cpp	True	True	True	True
5251	jtimon	2014-11-09 23:47:29	Diapolo	2014-11-17 18:57:19	src/rpcrawtransaction.cpp	True	True	True	True
5251	jtimon	2014-11-09 23:47:29	Diapolo	2014-11-17 18:57:19	src/basic_keystore.h	True	True	True	True
5251	jtimon	2014-11-09 23:47:29	Diapolo	2014-11-17 18:57:19	src/crypter.h	True	True	True	True
5251	jtimon	2014-11-09 23:47:29	Diapolo	2014-11-17 18:57:19	src/keystore.h	True	True	True	True
5251	jtimon	2014-11-09 23:47:29	Diapolo	2014-11-17 18:57:19	src/Makefile.am	True	True	True	True
5251	jtimon	2014-11-09 23:47:29	Diapolo	2014-11-17 18:57:19	src/basic_keystore.cpp	True	True	True	True
5251	jtimon	2014-11-09 23:47:29	Diapolo	2014-11-17 18:57:19	src/bitcoin-tx.cpp	True	True	True	True
5251	jtimon	2014-11-09 23:47:29	Diapolo	2014-11-17 18:57:19	src/test/DoS_tests.cpp	True	True	True	True
5251	jtimon	2014-11-09 23:47:29	Diapolo	2014-11-17 18:57:19	src/test/multisig_tests.cpp	True	True	True	True
5251	jtimon	2014-11-09 23:47:29	Diapolo	2014-11-17 18:57:19	src/test/script_P2SH_tests.cpp	True	True	True	True
5251	jtimon	2014-11-09 23:47:29	Diapolo	2014-11-17 18:57:19	src/test/script_tests.cpp	True	True	True	True
5251	jtimon	2014-11-09 23:47:29	Diapolo	2014-11-17 18:57:19	src/test/transaction_tests.cpp	True	True	True	True
5251	jtimon	2014-11-09 23:47:29	Diapolo	2014-11-17 18:57:19	src/basic_keystore.cpp	False	True	True	True
5251	jtimon	2014-11-09 23:47:29	Diapolo	2014-11-17 18:57:19	src/basic_keystore.h	False	True	True	True
5247	sipa	2014-11-08 22:05:46	petertodd	2014-11-10 06:33:03	src/script/interpreter.cpp	False	True	True	True
5247	sipa	2014-11-08 22:05:46	petertodd	2014-11-10 06:32:24	src/script/interpreter.cpp	False	True	True	True
5247	sipa	2014-11-08 22:05:46	petertodd	2014-11-10 06:32:24	src/test/data/script_valid.json	False	True	True	True
5247	sipa	2014-11-08 22:05:46	petertodd	2014-11-10 06:32:24	src/script/interpreter.cpp	True	True	True	True
5247	sipa	2014-11-08 22:05:46	petertodd	2014-11-10 06:32:24	src/script/interpreter.h	True	True	True	True
5247	sipa	2014-11-08 22:05:46	petertodd	2014-11-10 06:32:24	src/script/script_error.cpp	True	True	True	True
5247	sipa	2014-11-08 22:05:46	petertodd	2014-11-10 06:32:24	src/script/script_error.h	True	True	True	True
5247	sipa	2014-11-08 22:05:46	petertodd	2014-11-10 06:32:24	src/test/data/script_invalid.json	True	True	True	True
5247	sipa	2014-11-08 22:05:46	petertodd	2014-11-10 06:32:24	src/test/data/script_valid.json	True	True	True	True
5247	sipa	2014-11-08 22:05:46	petertodd	2014-11-10 06:32:24	src/test/script_tests.cpp	True	True	True	True
5247	sipa	2014-11-08 22:05:46	petertodd	2014-11-10 06:32:24	src/test/data/script_invalid.json	False	True	True	True
5247	sipa	2014-11-08 22:05:46	petertodd	2014-11-10 06:33:03	src/test/data/script_invalid.json	False	True	True	True
5247	sipa	2014-11-08 22:05:46	petertodd	2014-11-10 06:33:03	src/script/script_error.h	True	True	True	True
5247	sipa	2014-11-08 22:05:46	petertodd	2014-11-10 06:33:03	src/test/script_tests.cpp	True	True	True	True
5247	sipa	2014-11-08 22:05:46	petertodd	2014-11-10 06:33:03	src/test/data/script_valid.json	True	True	True	True
5247	sipa	2014-11-08 22:05:46	petertodd	2014-11-10 06:33:03	src/test/data/script_invalid.json	True	True	True	True
5247	sipa	2014-11-08 22:05:46	petertodd	2014-11-10 06:33:03	src/test/data/script_valid.json	False	True	True	True
5247	sipa	2014-11-08 22:05:46	petertodd	2014-11-10 06:33:03	src/script/script_error.cpp	True	True	True	True
5247	sipa	2014-11-08 22:05:46	petertodd	2014-11-10 06:33:03	src/script/interpreter.h	True	True	True	True
5247	sipa	2014-11-08 22:05:46	petertodd	2014-11-10 06:33:03	src/script/interpreter.cpp	True	True	True	True
5245	sinetek	2014-11-08 19:03:18	jonasschnelli	2014-11-10 14:52:57	src/qt/bitcoingui.cpp	True	True	True	True
5245	sinetek	2014-11-08 19:03:18	Diapolo	2014-11-10 13:42:04	src/qt/optionsdialog.h	True	True	True	True
5245	sinetek	2014-11-08 19:03:18	Diapolo	2014-11-10 13:42:04	src/qt/optionsdialog.cpp	True	True	True	True
5245	sinetek	2014-11-08 19:03:18	Diapolo	2014-11-10 13:42:04	src/qt/bitcoingui.h	True	True	True	True
5245	sinetek	2014-11-08 19:03:18	Diapolo	2014-11-10 13:42:04	src/qt/bitcoingui.cpp	True	True	True	True
5245	sinetek	2014-11-08 19:03:18	jonasschnelli	2014-11-10 14:52:57	src/qt/optionsdialog.h	True	True	True	True
5245	sinetek	2014-11-08 19:03:18	jonasschnelli	2014-11-10 14:52:57	src/qt/optionsdialog.cpp	True	True	True	True
5245	sinetek	2014-11-08 19:03:18	jonasschnelli	2014-11-10 14:52:57	src/qt/bitcoingui.h	True	True	True	True
5243	TheBlueMatt	2014-11-08 07:28:19	laanwj	2014-12-05 10:17:23	src/init.cpp	True	True	True	True
5241	sipa	2014-11-07 16:48:21	laanwj	2014-11-13 09:35:42	src/rpcblockchain.cpp	True	True	True	True
5241	sipa	2014-11-07 16:48:21	laanwj	2014-11-13 09:35:42	src/main.h	True	True	True	True
5241	sipa	2014-11-07 16:48:21	laanwj	2014-11-13 09:35:42	src/main.cpp	True	True	True	True
5241	sipa	2014-11-07 16:48:21	laanwj	2014-11-13 09:35:42	src/init.cpp	True	True	True	True
5241	sipa	2014-11-07 16:48:21	laanwj	2014-11-13 09:35:42	src/main.cpp	False	True	True	True
5235	theuni	2014-11-07 06:56:55	laanwj	2014-11-17 17:41:01	src/Makefile.test.include	True	True	True	True
5235	theuni	2014-11-07 06:56:55	laanwj	2014-11-17 17:41:01	build-aux/m4/ax_gcc_func_attribute.m4	True	True	True	True
5235	theuni	2014-11-07 06:56:55	laanwj	2014-11-17 17:41:01	src/script/bitcoinconsensus.h	True	True	True	True
5235	theuni	2014-11-07 06:56:55	laanwj	2014-11-17 17:41:01	configure.ac	False	True	True	True
5235	theuni	2014-11-07 06:56:55	laanwj	2014-11-17 17:41:01	src/test/script_tests.cpp	True	True	True	True
5235	theuni	2014-11-07 06:56:55	laanwj	2014-11-17 17:41:01	configure.ac	True	True	True	True
5235	theuni	2014-11-07 06:56:55	Diapolo	2014-11-17 18:26:50	.gitignore	True	True	True	True
5235	theuni	2014-11-07 06:56:55	laanwj	2014-11-17 17:41:01	src/Makefile.qt.include	True	True	True	True
5235	theuni	2014-11-07 06:56:55	laanwj	2014-11-17 17:41:01	src/Makefile.qttest.include	True	True	True	True
5235	theuni	2014-11-07 06:56:55	Diapolo	2014-11-17 18:26:50	src/Makefile.am	True	True	True	True
5235	theuni	2014-11-07 06:56:55	Diapolo	2014-11-17 18:26:50	src/script/bitcoinconsensus.cpp	True	True	True	True
5235	theuni	2014-11-07 06:56:55	Diapolo	2014-11-17 18:26:50	src/Makefile.test.include	True	True	True	True
5235	theuni	2014-11-07 06:56:55	laanwj	2014-11-17 17:41:01	src/script/bitcoinconsensus.cpp	True	True	True	True
5235	theuni	2014-11-07 06:56:55	Diapolo	2014-11-17 18:24:26	src/Makefile.am	True	True	True	True
5235	theuni	2014-11-07 06:56:55	laanwj	2014-11-17 17:41:01	src/Makefile.am	True	True	True	True
5235	theuni	2014-11-07 06:56:55	laanwj	2014-11-17 17:41:01	.gitignore	True	True	True	True
5235	theuni	2014-11-07 06:56:55	Diapolo	2014-11-17 18:24:26	src/Makefile.qttest.include	True	True	True	True
5235	theuni	2014-11-07 06:56:55	Diapolo	2014-11-17 18:24:26	src/Makefile.qt.include	True	True	True	True
5235	theuni	2014-11-07 06:56:55	Diapolo	2014-11-17 18:24:26	build-aux/m4/ax_gcc_func_attribute.m4	True	True	True	True
5235	theuni	2014-11-07 06:56:55	Diapolo	2014-11-17 18:24:26	configure.ac	True	True	True	True
5235	theuni	2014-11-07 06:56:55	Diapolo	2014-11-17 18:24:26	src/test/script_tests.cpp	True	True	True	True
5235	theuni	2014-11-07 06:56:55	Diapolo	2014-11-17 18:24:26	configure.ac	False	True	True	True
5235	theuni	2014-11-07 06:56:55	Diapolo	2014-11-17 18:24:26	src/script/bitcoinconsensus.h	True	True	True	True
5235	theuni	2014-11-07 06:56:55	Diapolo	2014-11-17 18:24:26	src/script/bitcoinconsensus.cpp	True	True	True	True
5235	theuni	2014-11-07 06:56:55	Diapolo	2014-11-17 18:24:26	src/Makefile.test.include	True	True	True	True
5235	theuni	2014-11-07 06:56:55	Diapolo	2014-11-17 18:24:26	.gitignore	True	True	True	True
5235	theuni	2014-11-07 06:56:55	Diapolo	2014-11-17 18:26:50	configure.ac	False	True	True	True
5235	theuni	2014-11-07 06:56:55	Diapolo	2014-11-17 18:26:50	src/script/bitcoinconsensus.h	True	True	True	True
5235	theuni	2014-11-07 06:56:55	Diapolo	2014-11-17 18:26:50	src/Makefile.qt.include	True	True	True	True
5235	theuni	2014-11-07 06:56:55	Diapolo	2014-11-17 18:26:50	src/test/script_tests.cpp	True	True	True	True
5235	theuni	2014-11-07 06:56:55	Diapolo	2014-11-17 18:24:46	src/Makefile.qt.include	True	True	True	True
5235	theuni	2014-11-07 06:56:55	Diapolo	2014-11-17 18:26:50	configure.ac	True	True	True	True
5235	theuni	2014-11-07 06:56:55	Diapolo	2014-11-17 18:24:06	src/Makefile.qttest.include	True	True	True	True
5235	theuni	2014-11-07 06:56:55	Diapolo	2014-11-17 18:24:06	build-aux/m4/ax_gcc_func_attribute.m4	True	True	True	True
5235	theuni	2014-11-07 06:56:55	Diapolo	2014-11-17 18:24:06	configure.ac	True	True	True	True
5235	theuni	2014-11-07 06:56:55	Diapolo	2014-11-17 18:24:06	src/test/script_tests.cpp	True	True	True	True
5235	theuni	2014-11-07 06:56:55	Diapolo	2014-11-17 18:24:06	configure.ac	False	True	True	True
5235	theuni	2014-11-07 06:56:55	Diapolo	2014-11-17 18:24:06	src/script/bitcoinconsensus.h	True	True	True	True
5235	theuni	2014-11-07 06:56:55	Diapolo	2014-11-17 18:24:06	src/script/bitcoinconsensus.cpp	True	True	True	True
5235	theuni	2014-11-07 06:56:55	Diapolo	2014-11-17 18:24:06	src/Makefile.test.include	True	True	True	True
5235	theuni	2014-11-07 06:56:55	Diapolo	2014-11-17 18:24:06	src/Makefile.am	True	True	True	True
5235	theuni	2014-11-07 06:56:55	Diapolo	2014-11-17 18:24:06	.gitignore	True	True	True	True
5235	theuni	2014-11-07 06:56:55	Diapolo	2014-11-17 18:24:46	src/Makefile.qttest.include	True	True	True	True
5235	theuni	2014-11-07 06:56:55	Diapolo	2014-11-17 18:24:06	src/Makefile.qt.include	True	True	True	True
5235	theuni	2014-11-07 06:56:55	Diapolo	2014-11-17 18:24:46	build-aux/m4/ax_gcc_func_attribute.m4	True	True	True	True
5235	theuni	2014-11-07 06:56:55	Diapolo	2014-11-17 18:24:46	src/test/script_tests.cpp	True	True	True	True
5235	theuni	2014-11-07 06:56:55	Diapolo	2014-11-17 18:24:46	configure.ac	False	True	True	True
5235	theuni	2014-11-07 06:56:55	Diapolo	2014-11-17 18:24:46	src/script/bitcoinconsensus.h	True	True	True	True
5235	theuni	2014-11-07 06:56:55	Diapolo	2014-11-17 18:24:46	src/script/bitcoinconsensus.cpp	True	True	True	True
5235	theuni	2014-11-07 06:56:55	Diapolo	2014-11-17 18:24:46	src/Makefile.test.include	True	True	True	True
5235	theuni	2014-11-07 06:56:55	Diapolo	2014-11-17 18:24:46	src/Makefile.am	True	True	True	True
5235	theuni	2014-11-07 06:56:55	Diapolo	2014-11-17 18:24:46	.gitignore	True	True	True	True
5235	theuni	2014-11-07 06:56:55	Diapolo	2014-11-17 18:26:50	src/Makefile.qttest.include	True	True	True	True
5235	theuni	2014-11-07 06:56:55	Diapolo	2014-11-17 18:26:50	build-aux/m4/ax_gcc_func_attribute.m4	True	True	True	True
5235	theuni	2014-11-07 06:56:55	Diapolo	2014-11-17 18:24:46	configure.ac	True	True	True	True
5229	jtimon	2014-11-06 17:55:31	Diapolo	2014-11-06 18:50:03	src/init.cpp	False	True	True	True
5229	jtimon	2014-11-06 17:55:31	sipa	2014-11-06 17:59:16	src/qt/paymentserver.cpp	False	True	True	True
5229	jtimon	2014-11-06 17:55:31	sipa	2014-11-06 17:59:16	src/qt/guiutil.cpp	False	True	True	True
5229	jtimon	2014-11-06 17:55:31	Diapolo	2014-11-06 18:50:03	src/test/Checkpoints_tests.cpp	False	True	True	True
5229	jtimon	2014-11-06 17:55:31	Diapolo	2014-11-06 18:50:03	src/Makefile.am	False	True	True	True
5229	jtimon	2014-11-06 17:55:31	Diapolo	2014-11-06 18:50:03	src/qt/test/paymentservertests.cpp	False	True	True	True
5229	jtimon	2014-11-06 17:55:31	Diapolo	2014-11-06 18:50:03	src/test/alert_tests.cpp	False	True	True	True
5229	jtimon	2014-11-06 17:55:31	Diapolo	2014-11-06 18:50:03	src/templates.hpp	False	True	True	True
5229	jtimon	2014-11-06 17:55:31	Diapolo	2014-11-06 18:50:03	src/chainparamsbase.h	False	True	True	True
5229	jtimon	2014-11-06 17:55:31	Diapolo	2014-11-06 18:50:03	src/qt/networkstyle.cpp	False	True	True	True
5229	jtimon	2014-11-06 17:55:31	sipa	2014-11-06 17:59:16	src/bitcoin-cli.cpp	False	True	True	True
5229	jtimon	2014-11-06 17:55:31	sipa	2014-11-06 17:59:16	src/chainparams.cpp	False	True	True	True
5229	jtimon	2014-11-06 17:55:31	sipa	2014-11-06 17:59:16	src/bitcoin-tx.cpp	False	True	True	True
5229	jtimon	2014-11-06 17:55:31	sipa	2014-11-06 17:59:16	src/bitcoind.cpp	False	True	True	True
5229	jtimon	2014-11-06 17:55:31	sipa	2014-11-06 17:59:16	src/chainparamsbase.cpp	False	True	True	True
5229	jtimon	2014-11-06 17:55:31	sipa	2014-11-06 17:59:16	src/qt/bitcoin.cpp	False	True	True	True
5229	jtimon	2014-11-06 17:55:31	sipa	2014-11-06 17:59:16	src/chainparams.h	False	True	True	True
5229	jtimon	2014-11-06 17:55:31	sipa	2014-11-06 17:59:16	src/qt/networkstyle.cpp	False	True	True	True
5229	jtimon	2014-11-06 17:55:31	sipa	2014-11-06 17:59:16	src/Makefile.am	False	True	True	True
5229	jtimon	2014-11-06 17:55:31	sipa	2014-11-06 17:59:16	src/chainparamsbase.h	False	True	True	True
5229	jtimon	2014-11-06 17:55:31	sipa	2014-11-06 17:59:16	src/templates.hpp	False	True	True	True
5229	jtimon	2014-11-06 17:55:31	sipa	2014-11-06 17:59:16	src/test/alert_tests.cpp	False	True	True	True
5229	jtimon	2014-11-06 17:55:31	sipa	2014-11-06 17:59:16	src/qt/test/paymentservertests.cpp	False	True	True	True
5229	jtimon	2014-11-06 17:55:31	Diapolo	2014-11-06 18:50:03	src/chainparams.cpp	False	True	True	True
5229	jtimon	2014-11-06 17:55:31	Diapolo	2014-11-06 18:50:03	src/chainparams.h	False	True	True	True
5229	jtimon	2014-11-06 17:55:31	Diapolo	2014-11-06 18:51:33	src/templates.hpp	False	True	True	True
5229	jtimon	2014-11-06 17:55:31	Diapolo	2014-11-06 18:50:03	src/qt/bitcoin.cpp	False	True	True	True
5229	jtimon	2014-11-06 17:55:31	Diapolo	2014-11-06 18:51:33	src/Makefile.am	False	True	True	True
5229	jtimon	2014-11-06 17:55:31	sipa	2014-11-06 17:59:16	src/test/Checkpoints_tests.cpp	False	True	True	True
5229	jtimon	2014-11-06 17:55:31	Diapolo	2014-11-06 18:51:33	src/qt/paymentserver.cpp	False	True	True	True
5229	jtimon	2014-11-06 17:55:31	Diapolo	2014-11-06 18:51:33	src/bitcoin-cli.cpp	False	True	True	True
5229	jtimon	2014-11-06 17:55:31	Diapolo	2014-11-06 18:51:33	src/bitcoin-tx.cpp	False	True	True	True
5229	jtimon	2014-11-06 17:55:31	Diapolo	2014-11-06 18:51:33	src/bitcoind.cpp	False	True	True	True
5229	jtimon	2014-11-06 17:55:31	Diapolo	2014-11-06 18:51:33	src/chainparamsbase.cpp	False	True	True	True
5229	jtimon	2014-11-06 17:55:31	Diapolo	2014-11-06 18:51:33	src/qt/bitcoin.cpp	False	True	True	True
5229	jtimon	2014-11-06 17:55:31	Diapolo	2014-11-06 18:51:33	src/chainparams.cpp	False	True	True	True
5229	jtimon	2014-11-06 17:55:31	Diapolo	2014-11-06 18:51:33	src/chainparams.h	False	True	True	True
5229	jtimon	2014-11-06 17:55:31	Diapolo	2014-11-06 18:51:33	src/qt/networkstyle.cpp	False	True	True	True
5229	jtimon	2014-11-06 17:55:31	Diapolo	2014-11-06 18:51:33	src/chainparamsbase.h	False	True	True	True
5229	jtimon	2014-11-06 17:55:31	Diapolo	2014-11-06 18:50:03	src/chainparamsbase.cpp	False	True	True	True
5229	jtimon	2014-11-06 17:55:31	Diapolo	2014-11-06 18:51:33	src/test/alert_tests.cpp	False	True	True	True
5229	jtimon	2014-11-06 17:55:31	Diapolo	2014-11-06 18:51:33	src/qt/test/paymentservertests.cpp	False	True	True	True
5229	jtimon	2014-11-06 17:55:31	Diapolo	2014-11-06 18:51:33	src/qt/guiutil.cpp	False	True	True	True
5229	jtimon	2014-11-06 17:55:31	Diapolo	2014-11-06 18:51:33	src/init.cpp	False	True	True	True
5229	jtimon	2014-11-06 17:55:31	Diapolo	2014-11-06 18:51:33	src/test/Checkpoints_tests.cpp	False	True	True	True
5229	jtimon	2014-11-06 17:55:31	Diapolo	2014-11-06 18:50:03	src/qt/guiutil.cpp	False	True	True	True
5229	jtimon	2014-11-06 17:55:31	Diapolo	2014-11-06 18:50:03	src/qt/paymentserver.cpp	False	True	True	True
5229	jtimon	2014-11-06 17:55:31	Diapolo	2014-11-06 18:50:03	src/bitcoin-cli.cpp	False	True	True	True
5229	jtimon	2014-11-06 17:55:31	Diapolo	2014-11-06 18:50:03	src/bitcoin-tx.cpp	False	True	True	True
5229	jtimon	2014-11-06 17:55:31	Diapolo	2014-11-06 18:50:03	src/bitcoind.cpp	False	True	True	True
5229	jtimon	2014-11-06 17:55:31	sipa	2014-11-06 17:59:16	src/init.cpp	False	True	True	True
5229	jtimon	2014-11-06 17:55:31	Diapolo	2014-11-06 18:54:50	src/bitcoin-cli.cpp	False	True	True	True
5229	jtimon	2014-11-06 17:55:31	Diapolo	2014-11-06 18:52:02	src/qt/guiutil.cpp	False	True	True	True
5229	jtimon	2014-11-06 17:55:31	Diapolo	2014-11-06 18:54:50	src/bitcoind.cpp	False	True	True	True
5229	jtimon	2014-11-06 17:55:31	Diapolo	2014-11-06 18:54:40	src/Makefile.am	False	True	True	True
5229	jtimon	2014-11-06 17:55:31	Diapolo	2014-11-06 18:54:40	src/chainparamsbase.h	False	True	True	True
5229	jtimon	2014-11-06 17:55:31	Diapolo	2014-11-06 18:54:40	src/templates.hpp	False	True	True	True
5229	jtimon	2014-11-06 17:55:31	Diapolo	2014-11-06 18:54:40	src/test/alert_tests.cpp	False	True	True	True
5229	jtimon	2014-11-06 17:55:31	Diapolo	2014-11-06 18:54:40	src/qt/test/paymentservertests.cpp	False	True	True	True
5229	jtimon	2014-11-06 17:55:31	Diapolo	2014-11-06 18:54:40	src/init.cpp	False	True	True	True
5229	jtimon	2014-11-06 17:55:31	Diapolo	2014-11-06 18:54:40	src/test/Checkpoints_tests.cpp	False	True	True	True
5229	jtimon	2014-11-06 17:55:31	Diapolo	2014-11-06 18:54:50	src/qt/guiutil.cpp	False	True	True	True
5229	jtimon	2014-11-06 17:55:31	Diapolo	2014-11-06 18:54:50	src/qt/paymentserver.cpp	False	True	True	True
5229	jtimon	2014-11-06 17:55:31	Diapolo	2014-11-06 18:54:50	src/bitcoin-tx.cpp	False	True	True	True
5229	jtimon	2014-11-06 17:55:31	Diapolo	2014-11-06 18:54:50	src/chainparamsbase.cpp	False	True	True	True
5229	jtimon	2014-11-06 17:55:31	Diapolo	2014-11-06 18:54:40	src/chainparams.h	False	True	True	True
5229	jtimon	2014-11-06 17:55:31	Diapolo	2014-11-06 18:54:50	src/qt/bitcoin.cpp	False	True	True	True
5229	jtimon	2014-11-06 17:55:31	Diapolo	2014-11-06 18:54:50	src/chainparams.cpp	False	True	True	True
5229	jtimon	2014-11-06 17:55:31	Diapolo	2014-11-06 18:54:50	src/qt/networkstyle.cpp	False	True	True	True
5229	jtimon	2014-11-06 17:55:31	Diapolo	2014-11-06 18:54:50	src/Makefile.am	False	True	True	True
5229	jtimon	2014-11-06 17:55:31	Diapolo	2014-11-06 18:54:50	src/chainparamsbase.h	False	True	True	True
5229	jtimon	2014-11-06 17:55:31	Diapolo	2014-11-06 18:52:02	src/qt/paymentserver.cpp	False	True	True	True
5229	jtimon	2014-11-06 17:55:31	Diapolo	2014-11-06 18:54:50	src/test/alert_tests.cpp	False	True	True	True
5229	jtimon	2014-11-06 17:55:31	Diapolo	2014-11-06 18:54:50	src/qt/test/paymentservertests.cpp	False	True	True	True
5229	jtimon	2014-11-06 17:55:31	Diapolo	2014-11-06 18:54:50	src/init.cpp	False	True	True	True
5229	jtimon	2014-11-06 17:55:31	Diapolo	2014-11-06 18:54:50	src/test/Checkpoints_tests.cpp	False	True	True	True
5229	jtimon	2014-11-06 17:55:31	Diapolo	2014-11-06 18:54:40	src/qt/networkstyle.cpp	False	True	True	True
5229	jtimon	2014-11-06 17:55:31	Diapolo	2014-11-06 18:54:50	src/templates.hpp	False	True	True	True
5229	jtimon	2014-11-06 17:55:31	Diapolo	2014-11-06 18:54:40	src/chainparams.cpp	False	True	True	True
5229	jtimon	2014-11-06 17:55:31	Diapolo	2014-11-06 18:52:02	src/chainparamsbase.h	False	True	True	True
5229	jtimon	2014-11-06 17:55:31	Diapolo	2014-11-06 18:54:40	src/qt/bitcoin.cpp	False	True	True	True
5229	jtimon	2014-11-06 17:55:31	Diapolo	2014-11-06 18:52:02	src/bitcoin-cli.cpp	False	True	True	True
5229	jtimon	2014-11-06 17:55:31	Diapolo	2014-11-06 18:52:02	src/bitcoin-tx.cpp	False	True	True	True
5229	jtimon	2014-11-06 17:55:31	Diapolo	2014-11-06 18:52:02	src/bitcoind.cpp	False	True	True	True
5229	jtimon	2014-11-06 17:55:31	Diapolo	2014-11-06 18:52:02	src/chainparamsbase.cpp	False	True	True	True
5229	jtimon	2014-11-06 17:55:31	Diapolo	2014-11-06 18:52:02	src/qt/bitcoin.cpp	False	True	True	True
5229	jtimon	2014-11-06 17:55:31	Diapolo	2014-11-06 18:52:02	src/chainparams.cpp	False	True	True	True
5229	jtimon	2014-11-06 17:55:31	Diapolo	2014-11-06 18:52:02	src/chainparams.h	False	True	True	True
5229	jtimon	2014-11-06 17:55:31	Diapolo	2014-11-06 18:52:02	src/qt/networkstyle.cpp	False	True	True	True
5229	jtimon	2014-11-06 17:55:31	Diapolo	2014-11-06 18:52:02	src/Makefile.am	False	True	True	True
5229	jtimon	2014-11-06 17:55:31	Diapolo	2014-11-06 18:54:50	src/chainparams.h	False	True	True	True
5229	jtimon	2014-11-06 17:55:31	Diapolo	2014-11-06 18:52:02	src/templates.hpp	False	True	True	True
5229	jtimon	2014-11-06 17:55:31	Diapolo	2014-11-06 18:54:40	src/qt/paymentserver.cpp	False	True	True	True
5229	jtimon	2014-11-06 17:55:31	Diapolo	2014-11-06 18:52:02	src/test/alert_tests.cpp	False	True	True	True
5229	jtimon	2014-11-06 17:55:31	Diapolo	2014-11-06 18:54:40	src/bitcoind.cpp	False	True	True	True
5229	jtimon	2014-11-06 17:55:31	Diapolo	2014-11-06 18:54:40	src/chainparamsbase.cpp	False	True	True	True
5229	jtimon	2014-11-06 17:55:31	Diapolo	2014-11-06 18:54:40	src/bitcoin-cli.cpp	False	True	True	True
5229	jtimon	2014-11-06 17:55:31	Diapolo	2014-11-06 18:54:40	src/bitcoin-tx.cpp	False	True	True	True
5229	jtimon	2014-11-06 17:55:31	Diapolo	2014-11-06 18:54:40	src/qt/guiutil.cpp	False	True	True	True
5229	jtimon	2014-11-06 17:55:31	Diapolo	2014-11-06 18:52:02	src/test/Checkpoints_tests.cpp	False	True	True	True
5229	jtimon	2014-11-06 17:55:31	Diapolo	2014-11-06 18:52:02	src/init.cpp	False	True	True	True
5229	jtimon	2014-11-06 17:55:31	Diapolo	2014-11-06 18:52:02	src/qt/test/paymentservertests.cpp	False	True	True	True
5228	jonasschnelli	2014-11-06 15:37:46	luke-jr	2014-11-06 15:43:03	src/qt/networkstyle.cpp	False	True	True	True
5228	jonasschnelli	2014-11-06 15:37:46	luke-jr	2014-11-06 15:43:03	src/qt/bitcoingui.cpp	False	True	True	True
5228	jonasschnelli	2014-11-06 15:37:46	luke-jr	2014-11-06 15:43:03	src/qt/splashscreen.cpp	False	True	True	True
5228	jonasschnelli	2014-11-06 15:37:46	luke-jr	2014-11-06 15:43:03	doc/assets-attribution.md	True	True	True	True
5228	jonasschnelli	2014-11-06 15:37:46	luke-jr	2014-11-06 15:43:03	src/Makefile.qt.include	True	True	True	True
5228	jonasschnelli	2014-11-06 15:37:46	luke-jr	2014-11-06 15:43:03	src/qt/bitcoin.qrc	True	True	True	True
5228	jonasschnelli	2014-11-06 15:37:46	luke-jr	2014-11-06 15:43:03	src/qt/networkstyle.cpp	True	True	True	True
5228	jonasschnelli	2014-11-06 15:37:46	luke-jr	2014-11-06 15:43:03	src/qt/networkstyle.h	False	True	True	True
5228	jonasschnelli	2014-11-06 15:37:46	luke-jr	2014-11-06 15:43:03	src/qt/res/bitcoin-qt-res.rc	True	True	True	True
5228	jonasschnelli	2014-11-06 15:37:46	luke-jr	2014-11-06 15:43:03	src/qt/res/images/splash_testnet.png	True	True	True	True
5228	jonasschnelli	2014-11-06 15:37:46	luke-jr	2014-11-06 15:43:03	src/qt/res/icons/bitcoin.png	True	True	True	True
5228	jonasschnelli	2014-11-06 15:37:46	luke-jr	2014-11-06 15:43:03	src/qt/splashscreen.cpp	True	True	True	True
5228	jonasschnelli	2014-11-06 15:37:46	luke-jr	2014-11-06 15:43:03	src/qt/networkstyle.h	True	True	True	True
5228	jonasschnelli	2014-11-06 15:37:46	luke-jr	2014-11-06 15:43:03	src/qt/res/images/splash.png	True	True	True	True
5228	jonasschnelli	2014-11-06 15:37:46	luke-jr	2014-11-06 15:43:03	src/qt/res/icons/bitcoin_testnet.ico	True	True	True	True
5228	jonasschnelli	2014-11-06 15:37:46	luke-jr	2014-11-06 15:43:03	src/qt/res/icons/bitcoin_testnet.png	True	True	True	True
5224	sipa	2014-11-06 09:19:57	laanwj	2014-11-06 09:32:43	src/key.cpp	True	True	True	True
5224	sipa	2014-11-06 09:19:57	Diapolo	2014-11-06 19:20:55	src/wallet.cpp	True	True	True	True
5224	sipa	2014-11-06 09:19:57	Diapolo	2014-11-06 19:20:55	src/test/key_tests.cpp	True	True	True	True
5224	sipa	2014-11-06 09:19:57	Diapolo	2014-11-06 19:20:55	src/rpcdump.cpp	True	True	True	True
5224	sipa	2014-11-06 09:19:57	Diapolo	2014-11-06 19:20:55	src/key.h	True	True	True	True
5224	sipa	2014-11-06 09:19:57	Diapolo	2014-11-06 19:20:55	src/key.cpp	True	True	True	True
5224	sipa	2014-11-06 09:19:57	laanwj	2014-11-06 09:32:43	src/key.cpp	False	True	True	True
5224	sipa	2014-11-06 09:19:57	laanwj	2014-11-06 09:32:43	src/wallet.cpp	True	True	True	True
5224	sipa	2014-11-06 09:19:57	laanwj	2014-11-06 09:32:43	src/test/key_tests.cpp	True	True	True	True
5224	sipa	2014-11-06 09:19:57	laanwj	2014-11-06 09:32:43	src/rpcdump.cpp	True	True	True	True
5224	sipa	2014-11-06 09:19:57	laanwj	2014-11-06 09:32:43	src/key.h	True	True	True	True
5224	sipa	2014-11-06 09:19:57	Diapolo	2014-11-06 19:22:49	src/wallet.cpp	True	True	True	True
5224	sipa	2014-11-06 09:19:57	Diapolo	2014-11-06 19:22:49	src/key.cpp	False	True	True	True
5224	sipa	2014-11-06 09:19:57	Diapolo	2014-11-06 19:22:49	src/test/key_tests.cpp	True	True	True	True
5224	sipa	2014-11-06 09:19:57	Diapolo	2014-11-06 19:22:49	src/key.h	True	True	True	True
5224	sipa	2014-11-06 09:19:57	Diapolo	2014-11-06 19:22:49	src/key.cpp	True	True	True	True
5224	sipa	2014-11-06 09:19:57	laanwj	2014-11-06 09:42:03	src/key.cpp	False	True	True	True
5224	sipa	2014-11-06 09:19:57	laanwj	2014-11-06 09:42:03	src/wallet.cpp	True	True	True	True
5224	sipa	2014-11-06 09:19:57	laanwj	2014-11-06 09:42:03	src/test/key_tests.cpp	True	True	True	True
5224	sipa	2014-11-06 09:19:57	laanwj	2014-11-06 09:42:03	src/rpcdump.cpp	True	True	True	True
5224	sipa	2014-11-06 09:19:57	laanwj	2014-11-06 09:42:03	src/key.h	True	True	True	True
5224	sipa	2014-11-06 09:19:57	Diapolo	2014-11-06 19:20:55	src/key.cpp	False	True	True	True
5224	sipa	2014-11-06 09:19:57	laanwj	2014-11-06 09:42:03	src/key.cpp	True	True	True	True
5224	sipa	2014-11-06 09:19:57	Diapolo	2014-11-06 19:22:49	src/rpcdump.cpp	True	True	True	True
5224	sipa	2014-11-06 09:19:57	laanwj	2014-11-06 09:29:22	src/key.h	True	True	True	True
5224	sipa	2014-11-06 09:19:57	laanwj	2014-11-06 09:29:22	src/key.cpp	True	True	True	True
5224	sipa	2014-11-06 09:19:57	laanwj	2014-11-06 09:31:02	src/key.h	True	True	True	True
5224	sipa	2014-11-06 09:19:57	laanwj	2014-11-06 09:29:22	src/rpcdump.cpp	True	True	True	True
5224	sipa	2014-11-06 09:19:57	laanwj	2014-11-06 09:28:57	src/key.cpp	False	True	True	True
5224	sipa	2014-11-06 09:19:57	laanwj	2014-11-06 09:28:57	src/wallet.cpp	True	True	True	True
5224	sipa	2014-11-06 09:19:57	laanwj	2014-11-06 09:28:57	src/test/key_tests.cpp	True	True	True	True
5224	sipa	2014-11-06 09:19:57	laanwj	2014-11-06 09:28:57	src/rpcdump.cpp	True	True	True	True
5224	sipa	2014-11-06 09:19:57	laanwj	2014-11-06 09:28:57	src/key.h	True	True	True	True
5224	sipa	2014-11-06 09:19:57	laanwj	2014-11-06 09:28:57	src/key.cpp	True	True	True	True
5224	sipa	2014-11-06 09:19:57	laanwj	2014-11-06 09:31:02	src/key.cpp	False	True	True	True
5224	sipa	2014-11-06 09:19:57	laanwj	2014-11-06 09:31:02	src/wallet.cpp	True	True	True	True
5224	sipa	2014-11-06 09:19:57	laanwj	2014-11-06 09:31:02	src/rpcdump.cpp	True	True	True	True
5224	sipa	2014-11-06 09:19:57	laanwj	2014-11-06 09:31:02	src/test/key_tests.cpp	True	True	True	True
5224	sipa	2014-11-06 09:19:57	laanwj	2014-11-06 09:31:02	src/key.cpp	True	True	True	True
5224	sipa	2014-11-06 09:19:57	Diapolo	2014-11-06 19:22:08	src/key.cpp	False	True	True	True
5224	sipa	2014-11-06 09:19:57	Diapolo	2014-11-06 19:22:08	src/wallet.cpp	True	True	True	True
5224	sipa	2014-11-06 09:19:57	Diapolo	2014-11-06 19:22:08	src/test/key_tests.cpp	True	True	True	True
5224	sipa	2014-11-06 09:19:57	Diapolo	2014-11-06 19:22:08	src/rpcdump.cpp	True	True	True	True
5224	sipa	2014-11-06 09:19:57	Diapolo	2014-11-06 19:22:08	src/key.h	True	True	True	True
5224	sipa	2014-11-06 09:19:57	Diapolo	2014-11-06 19:22:08	src/key.cpp	True	True	True	True
5224	sipa	2014-11-06 09:19:57	laanwj	2014-11-06 09:29:22	src/key.cpp	False	True	True	True
5224	sipa	2014-11-06 09:19:57	laanwj	2014-11-06 09:29:22	src/wallet.cpp	True	True	True	True
5224	sipa	2014-11-06 09:19:57	laanwj	2014-11-06 09:29:22	src/test/key_tests.cpp	True	True	True	True
5222	sinetek	2014-11-06 06:32:28	laanwj	2014-11-06 09:00:17	src/qt/optionsdialog.h	False	True	True	True
5222	sinetek	2014-11-06 06:32:28	laanwj	2014-11-06 09:00:17	src/qt/optionsdialog.cpp	True	True	True	True
5222	sinetek	2014-11-06 06:32:28	laanwj	2014-11-06 09:00:17	src/qt/bitcoingui.h	False	True	True	True
5222	sinetek	2014-11-06 06:32:28	laanwj	2014-11-06 09:00:17	src/qt/bitcoingui.cpp	False	True	True	True
5222	sinetek	2014-11-06 06:32:28	laanwj	2014-11-06 09:00:17	src/qt/optionsdialog.cpp	False	True	True	True
5222	sinetek	2014-11-06 06:32:28	laanwj	2014-11-07 10:13:49	src/qt/bitcoingui.h	False	True	True	True
5222	sinetek	2014-11-06 06:32:28	laanwj	2014-11-07 10:13:49	src/qt/optionsdialog.cpp	True	True	True	True
5222	sinetek	2014-11-06 06:32:28	laanwj	2014-11-07 10:13:49	src/qt/bitcoingui.cpp	False	True	True	True
5222	sinetek	2014-11-06 06:32:28	laanwj	2014-11-07 10:13:49	src/qt/optionsdialog.cpp	False	True	True	True
5222	sinetek	2014-11-06 06:32:28	laanwj	2014-11-07 10:13:49	src/qt/optionsdialog.h	False	True	True	True
5212	theuni	2014-11-05 01:14:37	laanwj	2014-11-07 09:57:04	src/script/interpreter.h	True	True	True	True
5212	theuni	2014-11-05 01:14:37	laanwj	2014-11-14 11:17:44	src/script/interpreter.h	True	True	True	True
5212	theuni	2014-11-05 01:14:37	laanwj	2014-11-14 11:17:44	src/script/interpreter.cpp	True	True	True	True
5212	theuni	2014-11-05 01:14:37	laanwj	2014-11-14 11:17:44	src/Makefile.am	True	True	True	True
5212	theuni	2014-11-05 01:14:37	laanwj	2014-11-07 09:57:04	src/test/transaction_tests.cpp	False	True	True	True
5212	theuni	2014-11-05 01:14:37	laanwj	2014-11-07 09:57:04	src/test/script_tests.cpp	False	True	True	True
5212	theuni	2014-11-05 01:14:37	laanwj	2014-11-07 09:57:04	src/test/script_P2SH_tests.cpp	False	True	True	True
5212	theuni	2014-11-05 01:14:37	laanwj	2014-11-07 09:57:04	src/test/multisig_tests.cpp	False	True	True	True
5212	theuni	2014-11-05 01:14:37	laanwj	2014-11-07 09:57:04	src/script/script_error.h	True	True	True	True
5212	theuni	2014-11-05 01:14:37	laanwj	2014-11-07 09:57:04	src/script/script_error.cpp	True	True	True	True
5212	theuni	2014-11-05 01:14:37	laanwj	2014-11-07 09:57:04	src/Makefile.am	True	True	True	True
5212	theuni	2014-11-05 01:14:37	laanwj	2014-11-07 09:57:04	src/script/interpreter.cpp	True	True	True	True
5212	theuni	2014-11-05 01:14:37	laanwj	2014-11-14 11:17:44	src/script/script_error.h	True	True	True	True
5212	theuni	2014-11-05 01:14:37	laanwj	2014-11-07 09:37:57	src/test/transaction_tests.cpp	False	True	True	True
5212	theuni	2014-11-05 01:14:37	laanwj	2014-11-07 09:37:57	src/test/script_tests.cpp	False	True	True	True
5212	theuni	2014-11-05 01:14:37	laanwj	2014-11-07 09:37:57	src/test/script_P2SH_tests.cpp	False	True	True	True
5212	theuni	2014-11-05 01:14:37	laanwj	2014-11-07 09:37:57	src/script/script_error.h	True	True	True	True
5212	theuni	2014-11-05 01:14:37	laanwj	2014-11-07 09:37:57	src/script/script_error.cpp	True	True	True	True
5212	theuni	2014-11-05 01:14:37	laanwj	2014-11-07 09:37:57	src/script/interpreter.h	True	True	True	True
5212	theuni	2014-11-05 01:14:37	laanwj	2014-11-07 09:37:57	src/script/interpreter.cpp	True	True	True	True
5212	theuni	2014-11-05 01:14:37	laanwj	2014-11-07 09:37:57	src/Makefile.am	True	True	True	True
5212	theuni	2014-11-05 01:14:37	laanwj	2014-11-14 11:17:44	src/script/script_error.cpp	True	True	True	True
5212	theuni	2014-11-05 01:14:37	laanwj	2014-11-07 09:37:57	src/test/multisig_tests.cpp	False	True	True	True
5212	theuni	2014-11-05 01:14:37	laanwj	2014-11-14 11:17:44	src/test/multisig_tests.cpp	False	True	True	True
5212	theuni	2014-11-05 01:14:37	TheBlueMatt	2014-11-13 02:34:56	src/test/transaction_tests.cpp	False	True	True	True
5212	theuni	2014-11-05 01:14:37	laanwj	2014-11-14 11:17:44	src/test/script_P2SH_tests.cpp	False	True	True	True
5212	theuni	2014-11-05 01:14:37	sipa	2014-11-05 06:53:05	src/test/transaction_tests.cpp	False	True	True	True
5212	theuni	2014-11-05 01:14:37	sipa	2014-11-05 06:53:05	src/test/script_P2SH_tests.cpp	False	True	True	True
5212	theuni	2014-11-05 01:14:37	sipa	2014-11-05 06:53:05	src/test/multisig_tests.cpp	False	True	True	True
5212	theuni	2014-11-05 01:14:37	sipa	2014-11-05 06:53:05	src/script/script_error.h	True	True	True	True
5212	theuni	2014-11-05 01:14:37	sipa	2014-11-05 06:53:05	src/script/script_error.cpp	True	True	True	True
5212	theuni	2014-11-05 01:14:37	sipa	2014-11-05 06:53:05	src/script/interpreter.h	True	True	True	True
5212	theuni	2014-11-05 01:14:37	sipa	2014-11-05 06:53:05	src/script/interpreter.cpp	True	True	True	True
5212	theuni	2014-11-05 01:14:37	sipa	2014-11-05 06:53:05	src/Makefile.am	True	True	True	True
5212	theuni	2014-11-05 01:14:37	sipa	2014-11-05 06:53:05	src/test/script_tests.cpp	False	True	True	True
5212	theuni	2014-11-05 01:14:37	TheBlueMatt	2014-11-13 02:34:56	src/test/script_tests.cpp	False	True	True	True
5212	theuni	2014-11-05 01:14:37	TheBlueMatt	2014-11-13 02:34:56	src/test/multisig_tests.cpp	False	True	True	True
5212	theuni	2014-11-05 01:14:37	TheBlueMatt	2014-11-13 02:34:56	src/script/script_error.h	True	True	True	True
5212	theuni	2014-11-05 01:14:37	TheBlueMatt	2014-11-13 02:34:56	src/script/script_error.cpp	True	True	True	True
5212	theuni	2014-11-05 01:14:37	laanwj	2014-11-14 11:17:44	src/test/script_tests.cpp	False	True	True	True
5212	theuni	2014-11-05 01:14:37	TheBlueMatt	2014-11-13 02:34:56	src/script/interpreter.h	True	True	True	True
5212	theuni	2014-11-05 01:14:37	TheBlueMatt	2014-11-13 02:34:56	src/script/interpreter.cpp	True	True	True	True
5212	theuni	2014-11-05 01:14:37	TheBlueMatt	2014-11-13 02:34:56	src/Makefile.am	True	True	True	True
5212	theuni	2014-11-05 01:14:37	laanwj	2014-11-14 11:17:44	src/test/transaction_tests.cpp	False	True	True	True
5212	theuni	2014-11-05 01:14:37	TheBlueMatt	2014-11-13 02:34:56	src/test/script_P2SH_tests.cpp	False	True	True	True
5211	sandakersmann	2014-11-04 23:34:17	laanwj	2014-11-06 09:24:44	doc/bootstrap.md	True	False	True	True
5206	apoelstra	2014-11-04 17:33:44	TheBlueMatt	2014-11-08 06:58:25	src/rpcrawtransaction.cpp	True	True	True	True
5206	apoelstra	2014-11-04 17:33:44	TheBlueMatt	2014-11-08 06:58:25	src/main.cpp	True	True	True	True
5206	apoelstra	2014-11-04 17:33:44	TheBlueMatt	2014-11-08 06:58:25	src/rpcblockchain.cpp	True	True	True	True
5206	apoelstra	2014-11-04 17:33:44	TheBlueMatt	2014-11-08 06:58:25	src/txmempool.cpp	True	True	True	True
5206	apoelstra	2014-11-04 17:33:44	TheBlueMatt	2014-11-08 06:58:25	src/txmempool.h	True	True	True	True
5200	cozz	2014-11-03 05:22:27	morcos	2014-11-03 20:49:45	src/qt/walletmodel.cpp	True	True	True	True
5200	cozz	2014-11-03 05:22:27	Diapolo	2014-11-03 09:16:25	src/qt/coincontroldialog.h	True	True	True	True
5200	cozz	2014-11-03 05:22:27	Diapolo	2014-11-03 09:16:25	src/qt/coincontroldialog.cpp	True	True	True	True
5200	cozz	2014-11-03 05:22:27	Diapolo	2014-11-03 09:16:25	src/qt/bitcoinamountfield.h	True	True	True	True
5200	cozz	2014-11-03 05:22:27	Diapolo	2014-11-03 09:16:25	src/qt/bitcoinamountfield.cpp	True	True	True	True
5200	cozz	2014-11-03 05:22:27	Diapolo	2014-11-03 09:16:25	src/init.cpp	True	True	True	True
5200	cozz	2014-11-03 05:22:27	Diapolo	2014-11-03 09:16:25	src/wallet.h	True	True	True	True
5200	cozz	2014-11-03 05:22:27	Diapolo	2014-11-03 09:16:25	src/wallet.cpp	True	True	True	True
5200	cozz	2014-11-03 05:22:27	morcos	2014-11-03 20:49:45	src/txmempool.h	True	True	True	True
5200	cozz	2014-11-03 05:22:27	morcos	2014-11-03 20:49:45	src/qt/walletview.cpp	True	True	True	True
5200	cozz	2014-11-03 05:22:27	morcos	2014-11-03 20:49:45	src/qt/walletmodeltransaction.h	True	True	True	True
5200	cozz	2014-11-03 05:22:27	Diapolo	2014-11-03 09:16:25	src/qt/forms/optionsdialog.ui	True	True	True	True
5200	cozz	2014-11-03 05:22:27	morcos	2014-11-03 20:49:45	src/qt/walletmodeltransaction.cpp	True	True	True	True
5200	cozz	2014-11-03 05:22:27	morcos	2014-11-03 20:49:45	src/qt/walletmodel.h	True	True	True	True
5200	cozz	2014-11-03 05:22:27	morcos	2014-11-03 20:49:45	src/init.cpp	True	True	True	True
5200	cozz	2014-11-03 05:22:27	morcos	2014-11-03 20:56:05	src/qt/walletview.cpp	True	True	True	True
5200	cozz	2014-11-03 05:22:27	morcos	2014-11-03 20:49:45	src/qt/sendcoinsdialog.cpp	True	True	True	True
5200	cozz	2014-11-03 05:22:27	morcos	2014-11-03 20:49:45	src/qt/optionsmodel.h	True	True	True	True
5200	cozz	2014-11-03 05:22:27	morcos	2014-11-03 20:49:45	src/qt/optionsmodel.cpp	True	True	True	True
5200	cozz	2014-11-03 05:22:27	morcos	2014-11-03 20:49:45	src/qt/optionsdialog.h	True	True	True	True
5200	cozz	2014-11-03 05:22:27	morcos	2014-11-03 20:49:45	src/qt/optionsdialog.cpp	True	True	True	True
5200	cozz	2014-11-03 05:22:27	morcos	2014-11-03 20:49:45	src/qt/forms/sendcoinsdialog.ui	True	True	True	True
5200	cozz	2014-11-03 05:22:27	morcos	2014-11-03 20:49:45	src/qt/forms/optionsdialog.ui	True	True	True	True
5200	cozz	2014-11-03 05:22:27	morcos	2014-11-03 20:49:45	src/qt/coincontroldialog.h	True	True	True	True
5200	cozz	2014-11-03 05:22:27	morcos	2014-11-03 20:49:45	src/qt/coincontroldialog.cpp	True	True	True	True
5200	cozz	2014-11-03 05:22:27	morcos	2014-11-03 20:49:45	src/qt/bitcoinamountfield.h	True	True	True	True
5200	cozz	2014-11-03 05:22:27	morcos	2014-11-03 20:49:45	src/qt/bitcoinamountfield.cpp	True	True	True	True
5200	cozz	2014-11-03 05:22:27	Diapolo	2014-11-03 09:16:25	src/qt/optionsdialog.cpp	True	True	True	True
5200	cozz	2014-11-03 05:22:27	morcos	2014-11-03 20:49:45	src/wallet.h	True	True	True	True
5200	cozz	2014-11-03 05:22:27	Diapolo	2014-11-03 09:16:25	src/qt/forms/sendcoinsdialog.ui	True	True	True	True
5200	cozz	2014-11-03 05:22:27	morcos	2014-11-03 20:56:05	src/init.cpp	True	True	True	True
5200	cozz	2014-11-03 05:22:27	Diapolo	2014-11-03 09:16:25	src/qt/optionsdialog.h	True	True	True	True
5200	cozz	2014-11-03 05:22:27	morcos	2014-11-03 20:56:05	src/qt/coincontroldialog.h	True	True	True	True
5200	cozz	2014-11-03 05:22:27	morcos	2014-11-03 20:51:13	src/txmempool.h	True	True	True	True
5200	cozz	2014-11-03 05:22:27	morcos	2014-11-03 20:56:05	src/qt/walletmodeltransaction.h	True	True	True	True
5200	cozz	2014-11-03 05:22:27	morcos	2014-11-03 20:56:05	src/qt/walletmodeltransaction.cpp	True	True	True	True
5200	cozz	2014-11-03 05:22:27	morcos	2014-11-03 20:56:05	src/qt/walletmodel.h	True	True	True	True
5200	cozz	2014-11-03 05:22:27	morcos	2014-11-03 20:56:05	src/qt/walletmodel.cpp	True	True	True	True
5200	cozz	2014-11-03 05:22:27	morcos	2014-11-03 20:56:05	src/qt/sendcoinsdialog.h	True	True	True	True
5200	cozz	2014-11-03 05:22:27	morcos	2014-11-03 20:56:05	src/qt/sendcoinsdialog.cpp	True	True	True	True
5200	cozz	2014-11-03 05:22:27	morcos	2014-11-03 20:56:05	src/qt/optionsmodel.h	True	True	True	True
5200	cozz	2014-11-03 05:22:27	morcos	2014-11-03 20:56:05	src/qt/optionsmodel.cpp	True	True	True	True
5200	cozz	2014-11-03 05:22:27	morcos	2014-11-03 20:56:05	src/qt/optionsdialog.h	True	True	True	True
5200	cozz	2014-11-03 05:22:27	morcos	2014-11-03 20:56:05	src/qt/optionsdialog.cpp	True	True	True	True
5200	cozz	2014-11-03 05:22:27	morcos	2014-11-03 20:56:05	src/qt/forms/sendcoinsdialog.ui	True	True	True	True
5200	cozz	2014-11-03 05:22:27	morcos	2014-11-03 20:56:05	src/qt/forms/optionsdialog.ui	True	True	True	True
5200	cozz	2014-11-03 05:22:27	morcos	2014-11-03 20:56:05	src/qt/coincontroldialog.cpp	True	True	True	True
5200	cozz	2014-11-03 05:22:27	Diapolo	2014-11-03 09:16:25	src/qt/optionsmodel.cpp	True	True	True	True
5200	cozz	2014-11-03 05:22:27	morcos	2014-11-03 20:56:05	src/qt/bitcoinamountfield.h	True	True	True	True
5200	cozz	2014-11-03 05:22:27	morcos	2014-11-03 20:56:05	src/qt/bitcoinamountfield.cpp	True	True	True	True
5200	cozz	2014-11-03 05:22:27	morcos	2014-11-03 20:56:05	src/wallet.h	True	True	True	True
5200	cozz	2014-11-03 05:22:27	morcos	2014-11-03 20:56:05	src/wallet.cpp	True	True	True	True
5200	cozz	2014-11-03 05:22:27	Diapolo	2014-11-03 09:16:25	src/txmempool.h	True	True	True	True
5200	cozz	2014-11-03 05:22:27	Diapolo	2014-11-03 09:16:25	src/qt/walletview.cpp	True	True	True	True
5200	cozz	2014-11-03 05:22:27	Diapolo	2014-11-03 09:16:25	src/qt/walletmodeltransaction.h	True	True	True	True
5200	cozz	2014-11-03 05:22:27	Diapolo	2014-11-03 09:16:25	src/qt/walletmodeltransaction.cpp	True	True	True	True
5200	cozz	2014-11-03 05:22:27	Diapolo	2014-11-03 09:16:25	src/qt/walletmodel.h	True	True	True	True
5200	cozz	2014-11-03 05:22:27	Diapolo	2014-11-03 09:16:25	src/qt/walletmodel.cpp	True	True	True	True
5200	cozz	2014-11-03 05:22:27	Diapolo	2014-11-03 09:16:25	src/qt/sendcoinsdialog.h	True	True	True	True
5200	cozz	2014-11-03 05:22:27	Diapolo	2014-11-03 09:16:25	src/qt/sendcoinsdialog.cpp	True	True	True	True
5200	cozz	2014-11-03 05:22:27	Diapolo	2014-11-03 09:16:25	src/qt/optionsmodel.h	True	True	True	True
5200	cozz	2014-11-03 05:22:27	morcos	2014-11-03 20:49:45	src/wallet.cpp	True	True	True	True
5200	cozz	2014-11-03 05:22:27	Diapolo	2014-11-03 09:12:55	src/wallet.cpp	True	True	True	True
5200	cozz	2014-11-03 05:22:27	morcos	2014-11-03 20:51:13	src/qt/walletview.cpp	True	True	True	True
5200	cozz	2014-11-03 05:22:27	Diapolo	2014-11-03 09:16:40	src/qt/sendcoinsdialog.h	True	True	True	True
5200	cozz	2014-11-03 05:22:27	Diapolo	2014-11-03 09:12:55	src/qt/coincontroldialog.h	True	True	True	True
5200	cozz	2014-11-03 05:22:27	Diapolo	2014-11-03 09:12:55	src/qt/coincontroldialog.cpp	True	True	True	True
5200	cozz	2014-11-03 05:22:27	Diapolo	2014-11-03 09:12:55	src/qt/bitcoinamountfield.h	True	True	True	True
5200	cozz	2014-11-03 05:22:27	Diapolo	2014-11-03 09:12:55	src/qt/bitcoinamountfield.cpp	True	True	True	True
5200	cozz	2014-11-03 05:22:27	Diapolo	2014-11-03 09:12:55	src/init.cpp	True	True	True	True
5200	cozz	2014-11-03 05:22:27	Diapolo	2014-11-03 09:12:55	src/wallet.h	True	True	True	True
5200	cozz	2014-11-03 05:22:27	Diapolo	2014-11-03 09:09:26	src/wallet.cpp	True	True	True	True
5200	cozz	2014-11-03 05:22:27	Diapolo	2014-11-03 09:16:40	src/txmempool.h	True	True	True	True
5200	cozz	2014-11-03 05:22:27	Diapolo	2014-11-03 09:16:40	src/qt/walletview.cpp	True	True	True	True
5200	cozz	2014-11-03 05:22:27	Diapolo	2014-11-03 09:16:40	src/qt/walletmodeltransaction.h	True	True	True	True
5200	cozz	2014-11-03 05:22:27	Diapolo	2014-11-03 09:16:40	src/qt/walletmodeltransaction.cpp	True	True	True	True
5200	cozz	2014-11-03 05:22:27	Diapolo	2014-11-03 09:16:40	src/qt/walletmodel.h	True	True	True	True
5200	cozz	2014-11-03 05:22:27	Diapolo	2014-11-03 09:16:40	src/qt/walletmodel.cpp	True	True	True	True
5200	cozz	2014-11-03 05:22:27	Diapolo	2014-11-03 09:16:40	src/qt/sendcoinsdialog.cpp	True	True	True	True
5200	cozz	2014-11-03 05:22:27	Diapolo	2014-11-03 09:12:55	src/qt/forms/sendcoinsdialog.ui	True	True	True	True
5200	cozz	2014-11-03 05:22:27	Diapolo	2014-11-03 09:16:40	src/qt/optionsmodel.h	True	True	True	True
5200	cozz	2014-11-03 05:22:27	Diapolo	2014-11-03 09:16:40	src/qt/optionsmodel.cpp	True	True	True	True
5200	cozz	2014-11-03 05:22:27	Diapolo	2014-11-03 09:16:40	src/qt/optionsdialog.h	True	True	True	True
5200	cozz	2014-11-03 05:22:27	Diapolo	2014-11-03 09:16:40	src/qt/optionsdialog.cpp	True	True	True	True
5200	cozz	2014-11-03 05:22:27	Diapolo	2014-11-03 09:16:40	src/qt/forms/sendcoinsdialog.ui	True	True	True	True
5200	cozz	2014-11-03 05:22:27	Diapolo	2014-11-03 09:16:40	src/qt/forms/optionsdialog.ui	True	True	True	True
5200	cozz	2014-11-03 05:22:27	Diapolo	2014-11-03 09:16:40	src/qt/coincontroldialog.h	True	True	True	True
5200	cozz	2014-11-03 05:22:27	Diapolo	2014-11-03 09:16:40	src/qt/coincontroldialog.cpp	True	True	True	True
5200	cozz	2014-11-03 05:22:27	Diapolo	2014-11-03 09:16:40	src/qt/bitcoinamountfield.h	True	True	True	True
5200	cozz	2014-11-03 05:22:27	Diapolo	2014-11-03 09:16:40	src/qt/bitcoinamountfield.cpp	True	True	True	True
5200	cozz	2014-11-03 05:22:27	Diapolo	2014-11-03 09:16:40	src/init.cpp	True	True	True	True
5200	cozz	2014-11-03 05:22:27	Diapolo	2014-11-03 09:16:40	src/wallet.h	True	True	True	True
5200	cozz	2014-11-03 05:22:27	Diapolo	2014-11-03 09:16:40	src/wallet.cpp	True	True	True	True
5200	cozz	2014-11-03 05:22:27	Diapolo	2014-11-03 09:12:55	src/qt/forms/optionsdialog.ui	True	True	True	True
5200	cozz	2014-11-03 05:22:27	Diapolo	2014-11-03 09:12:55	src/qt/optionsdialog.cpp	True	True	True	True
5200	cozz	2014-11-03 05:22:27	morcos	2014-11-03 20:51:13	src/qt/walletmodeltransaction.h	True	True	True	True
5200	cozz	2014-11-03 05:22:27	morcos	2014-11-03 20:51:13	src/qt/bitcoinamountfield.h	True	True	True	True
5200	cozz	2014-11-03 05:22:27	morcos	2014-11-03 20:51:13	src/qt/walletmodeltransaction.cpp	True	True	True	True
5200	cozz	2014-11-03 05:22:27	morcos	2014-11-03 20:51:13	src/qt/walletmodel.h	True	True	True	True
5200	cozz	2014-11-03 05:22:27	morcos	2014-11-03 20:51:13	src/qt/walletmodel.cpp	True	True	True	True
5200	cozz	2014-11-03 05:22:27	morcos	2014-11-03 20:51:13	src/qt/sendcoinsdialog.h	True	True	True	True
5200	cozz	2014-11-03 05:22:27	morcos	2014-11-03 20:51:13	src/qt/sendcoinsdialog.cpp	True	True	True	True
5200	cozz	2014-11-03 05:22:27	morcos	2014-11-03 20:51:13	src/qt/optionsmodel.h	True	True	True	True
5200	cozz	2014-11-03 05:22:27	morcos	2014-11-03 20:51:13	src/qt/optionsmodel.cpp	True	True	True	True
5200	cozz	2014-11-03 05:22:27	morcos	2014-11-03 20:51:13	src/qt/optionsdialog.h	True	True	True	True
5200	cozz	2014-11-03 05:22:27	morcos	2014-11-03 20:51:13	src/qt/optionsdialog.cpp	True	True	True	True
5200	cozz	2014-11-03 05:22:27	morcos	2014-11-03 20:51:13	src/qt/forms/sendcoinsdialog.ui	True	True	True	True
5200	cozz	2014-11-03 05:22:27	morcos	2014-11-03 20:51:13	src/qt/forms/optionsdialog.ui	True	True	True	True
5200	cozz	2014-11-03 05:22:27	morcos	2014-11-03 20:51:13	src/qt/coincontroldialog.h	True	True	True	True
5200	cozz	2014-11-03 05:22:27	morcos	2014-11-03 20:51:13	src/qt/coincontroldialog.cpp	True	True	True	True
5200	cozz	2014-11-03 05:22:27	morcos	2014-11-03 20:51:13	src/qt/bitcoinamountfield.cpp	True	True	True	True
5200	cozz	2014-11-03 05:22:27	Diapolo	2014-11-03 09:12:55	src/qt/optionsdialog.h	True	True	True	True
5200	cozz	2014-11-03 05:22:27	morcos	2014-11-03 20:51:13	src/init.cpp	True	True	True	True
5200	cozz	2014-11-03 05:22:27	morcos	2014-11-03 20:51:13	src/wallet.h	True	True	True	True
5200	cozz	2014-11-03 05:22:27	morcos	2014-11-03 20:51:13	src/wallet.cpp	True	True	True	True
5200	cozz	2014-11-03 05:22:27	Diapolo	2014-11-03 09:12:55	src/txmempool.h	True	True	True	True
5200	cozz	2014-11-03 05:22:27	Diapolo	2014-11-03 09:12:55	src/qt/walletview.cpp	True	True	True	True
5200	cozz	2014-11-03 05:22:27	Diapolo	2014-11-03 09:12:55	src/qt/walletmodeltransaction.h	True	True	True	True
5200	cozz	2014-11-03 05:22:27	Diapolo	2014-11-03 09:12:55	src/qt/walletmodeltransaction.cpp	True	True	True	True
5200	cozz	2014-11-03 05:22:27	Diapolo	2014-11-03 09:12:55	src/qt/walletmodel.h	True	True	True	True
5200	cozz	2014-11-03 05:22:27	Diapolo	2014-11-03 09:12:55	src/qt/walletmodel.cpp	True	True	True	True
5200	cozz	2014-11-03 05:22:27	Diapolo	2014-11-03 09:12:55	src/qt/sendcoinsdialog.h	True	True	True	True
5200	cozz	2014-11-03 05:22:27	Diapolo	2014-11-03 09:12:55	src/qt/sendcoinsdialog.cpp	True	True	True	True
5200	cozz	2014-11-03 05:22:27	Diapolo	2014-11-03 09:12:55	src/qt/optionsmodel.h	True	True	True	True
5200	cozz	2014-11-03 05:22:27	Diapolo	2014-11-03 09:12:55	src/qt/optionsmodel.cpp	True	True	True	True
5200	cozz	2014-11-03 05:22:27	morcos	2014-11-03 20:56:05	src/txmempool.h	True	True	True	True
5200	cozz	2014-11-03 05:22:27	morcos	2014-11-03 20:49:45	src/qt/sendcoinsdialog.h	True	True	True	True
5200	cozz	2014-11-03 05:22:27	Diapolo	2014-11-03 09:09:26	src/wallet.h	True	True	True	True
5200	cozz	2014-11-03 05:22:27	Diapolo	2014-11-03 09:06:59	src/qt/walletmodeltransaction.h	True	True	True	True
5200	cozz	2014-11-03 05:22:27	laanwj	2014-11-03 07:22:39	src/qt/optionsdialog.h	True	True	True	True
5200	cozz	2014-11-03 05:22:27	laanwj	2014-11-03 07:22:39	src/qt/optionsdialog.cpp	True	True	True	True
5200	cozz	2014-11-03 05:22:27	laanwj	2014-11-03 07:22:39	src/qt/forms/sendcoinsdialog.ui	True	True	True	True
5200	cozz	2014-11-03 05:22:27	laanwj	2014-11-03 07:22:39	src/qt/forms/optionsdialog.ui	True	True	True	True
5200	cozz	2014-11-03 05:22:27	laanwj	2014-11-03 07:22:39	src/qt/coincontroldialog.h	True	True	True	True
5200	cozz	2014-11-03 05:22:27	laanwj	2014-11-03 07:22:39	src/qt/coincontroldialog.cpp	True	True	True	True
5200	cozz	2014-11-03 05:22:27	laanwj	2014-11-03 07:22:39	src/qt/bitcoinamountfield.h	True	True	True	True
5200	cozz	2014-11-03 05:22:27	laanwj	2014-11-03 07:22:39	src/qt/bitcoinamountfield.cpp	True	True	True	True
5200	cozz	2014-11-03 05:22:27	laanwj	2014-11-03 07:22:39	src/init.cpp	True	True	True	True
5200	cozz	2014-11-03 05:22:27	laanwj	2014-11-03 07:22:39	src/wallet.h	True	True	True	True
5200	cozz	2014-11-03 05:22:27	laanwj	2014-11-03 07:22:39	src/wallet.cpp	True	True	True	True
5200	cozz	2014-11-03 05:22:27	Diapolo	2014-11-03 09:06:59	src/txmempool.h	True	True	True	True
5200	cozz	2014-11-03 05:22:27	Diapolo	2014-11-03 09:06:59	src/qt/walletview.cpp	True	True	True	True
5200	cozz	2014-11-03 05:22:27	Diapolo	2014-11-03 09:06:59	src/qt/walletmodeltransaction.cpp	True	True	True	True
5200	cozz	2014-11-03 05:22:27	laanwj	2014-11-03 07:22:39	src/qt/optionsmodel.h	True	True	True	True
5200	cozz	2014-11-03 05:22:27	Diapolo	2014-11-03 09:06:59	src/qt/walletmodel.cpp	True	True	True	True
5200	cozz	2014-11-03 05:22:27	Diapolo	2014-11-03 09:06:59	src/qt/sendcoinsdialog.h	True	True	True	True
5200	cozz	2014-11-03 05:22:27	Diapolo	2014-11-03 09:06:59	src/qt/sendcoinsdialog.cpp	True	True	True	True
5200	cozz	2014-11-03 05:22:27	Diapolo	2014-11-03 09:06:59	src/qt/optionsmodel.h	True	True	True	True
5200	cozz	2014-11-03 05:22:27	Diapolo	2014-11-03 09:06:59	src/qt/optionsmodel.cpp	True	True	True	True
5200	cozz	2014-11-03 05:22:27	Diapolo	2014-11-03 09:06:59	src/qt/optionsdialog.h	True	True	True	True
5200	cozz	2014-11-03 05:22:27	Diapolo	2014-11-03 09:06:59	src/qt/optionsdialog.cpp	True	True	True	True
5200	cozz	2014-11-03 05:22:27	Diapolo	2014-11-03 09:06:59	src/qt/forms/sendcoinsdialog.ui	True	True	True	True
5200	cozz	2014-11-03 05:22:27	Diapolo	2014-11-03 09:06:59	src/qt/forms/optionsdialog.ui	True	True	True	True
5200	cozz	2014-11-03 05:22:27	Diapolo	2014-11-03 09:06:59	src/qt/coincontroldialog.h	True	True	True	True
5200	cozz	2014-11-03 05:22:27	Diapolo	2014-11-03 09:06:59	src/qt/coincontroldialog.cpp	True	True	True	True
5200	cozz	2014-11-03 05:22:27	Diapolo	2014-11-03 09:06:59	src/qt/bitcoinamountfield.h	True	True	True	True
5200	cozz	2014-11-03 05:22:27	Diapolo	2014-11-03 09:06:59	src/qt/bitcoinamountfield.cpp	True	True	True	True
5200	cozz	2014-11-03 05:22:27	laanwj	2014-11-03 07:22:39	src/qt/optionsmodel.cpp	True	True	True	True
5200	cozz	2014-11-03 05:22:27	laanwj	2014-11-03 07:22:39	src/qt/sendcoinsdialog.cpp	True	True	True	True
5200	cozz	2014-11-03 05:22:27	Diapolo	2014-11-03 09:06:59	src/wallet.h	True	True	True	True
5200	cozz	2014-11-03 05:22:27	Diapolo	2014-11-03 09:08:27	src/qt/forms/sendcoinsdialog.ui	True	True	True	True
5200	cozz	2014-11-03 05:22:27	Diapolo	2014-11-03 09:09:26	src/init.cpp	True	True	True	True
5200	cozz	2014-11-03 05:22:27	Diapolo	2014-11-03 09:08:27	src/txmempool.h	True	True	True	True
5200	cozz	2014-11-03 05:22:27	Diapolo	2014-11-03 09:08:27	src/qt/walletview.cpp	True	True	True	True
5200	cozz	2014-11-03 05:22:27	Diapolo	2014-11-03 09:08:27	src/qt/walletmodeltransaction.h	True	True	True	True
5200	cozz	2014-11-03 05:22:27	Diapolo	2014-11-03 09:08:27	src/qt/walletmodeltransaction.cpp	True	True	True	True
5200	cozz	2014-11-03 05:22:27	Diapolo	2014-11-03 09:08:27	src/qt/walletmodel.h	True	True	True	True
5200	cozz	2014-11-03 05:22:27	Diapolo	2014-11-03 09:08:27	src/qt/walletmodel.cpp	True	True	True	True
5200	cozz	2014-11-03 05:22:27	Diapolo	2014-11-03 09:08:27	src/qt/sendcoinsdialog.h	True	True	True	True
5200	cozz	2014-11-03 05:22:27	Diapolo	2014-11-03 09:08:27	src/qt/sendcoinsdialog.cpp	True	True	True	True
5200	cozz	2014-11-03 05:22:27	Diapolo	2014-11-03 09:08:27	src/qt/optionsmodel.h	True	True	True	True
5200	cozz	2014-11-03 05:22:27	Diapolo	2014-11-03 09:08:27	src/qt/optionsmodel.cpp	True	True	True	True
5200	cozz	2014-11-03 05:22:27	Diapolo	2014-11-03 09:08:27	src/qt/optionsdialog.h	True	True	True	True
5200	cozz	2014-11-03 05:22:27	Diapolo	2014-11-03 09:08:27	src/qt/optionsdialog.cpp	True	True	True	True
5200	cozz	2014-11-03 05:22:27	Diapolo	2014-11-03 09:08:27	src/qt/forms/optionsdialog.ui	True	True	True	True
5200	cozz	2014-11-03 05:22:27	laanwj	2014-11-03 07:22:39	src/qt/sendcoinsdialog.h	True	True	True	True
5200	cozz	2014-11-03 05:22:27	Diapolo	2014-11-03 09:08:27	src/qt/coincontroldialog.h	True	True	True	True
5200	cozz	2014-11-03 05:22:27	Diapolo	2014-11-03 09:08:27	src/qt/coincontroldialog.cpp	True	True	True	True
5200	cozz	2014-11-03 05:22:27	Diapolo	2014-11-03 09:08:27	src/qt/bitcoinamountfield.h	True	True	True	True
5200	cozz	2014-11-03 05:22:27	Diapolo	2014-11-03 09:08:27	src/qt/bitcoinamountfield.cpp	True	True	True	True
5200	cozz	2014-11-03 05:22:27	Diapolo	2014-11-03 09:08:27	src/init.cpp	True	True	True	True
5200	cozz	2014-11-03 05:22:27	Diapolo	2014-11-03 09:08:27	src/wallet.h	True	True	True	True
5200	cozz	2014-11-03 05:22:27	Diapolo	2014-11-03 09:08:27	src/wallet.cpp	True	True	True	True
5200	cozz	2014-11-03 05:22:27	laanwj	2014-11-03 07:22:39	src/txmempool.h	True	True	True	True
5200	cozz	2014-11-03 05:22:27	laanwj	2014-11-03 07:22:39	src/qt/walletview.cpp	True	True	True	True
5200	cozz	2014-11-03 05:22:27	laanwj	2014-11-03 07:22:39	src/qt/walletmodeltransaction.h	True	True	True	True
5200	cozz	2014-11-03 05:22:27	laanwj	2014-11-03 07:22:39	src/qt/walletmodeltransaction.cpp	True	True	True	True
5200	cozz	2014-11-03 05:22:27	laanwj	2014-11-03 07:22:39	src/qt/walletmodel.h	True	True	True	True
5200	cozz	2014-11-03 05:22:27	laanwj	2014-11-03 07:22:39	src/qt/walletmodel.cpp	True	True	True	True
5200	cozz	2014-11-03 05:22:27	Diapolo	2014-11-03 09:06:59	src/init.cpp	True	True	True	True
5200	cozz	2014-11-03 05:22:27	Diapolo	2014-11-03 09:06:59	src/qt/walletmodel.h	True	True	True	True
5200	cozz	2014-11-03 05:22:27	Diapolo	2014-11-03 09:06:59	src/wallet.cpp	True	True	True	True
5200	cozz	2014-11-03 05:22:27	Diapolo	2014-11-03 09:09:26	src/qt/walletmodeltransaction.cpp	True	True	True	True
5200	cozz	2014-11-03 05:22:27	Diapolo	2014-11-03 09:14:09	src/qt/optionsdialog.cpp	True	True	True	True
5200	cozz	2014-11-03 05:22:27	Diapolo	2014-11-03 09:14:09	src/qt/forms/sendcoinsdialog.ui	True	True	True	True
5200	cozz	2014-11-03 05:22:27	Diapolo	2014-11-03 09:14:09	src/qt/forms/optionsdialog.ui	True	True	True	True
5200	cozz	2014-11-03 05:22:27	Diapolo	2014-11-03 09:14:09	src/qt/coincontroldialog.h	True	True	True	True
5200	cozz	2014-11-03 05:22:27	Diapolo	2014-11-03 09:14:09	src/qt/coincontroldialog.cpp	True	True	True	True
5200	cozz	2014-11-03 05:22:27	Diapolo	2014-11-03 09:14:09	src/qt/bitcoinamountfield.h	True	True	True	True
5200	cozz	2014-11-03 05:22:27	Diapolo	2014-11-03 09:14:09	src/qt/bitcoinamountfield.cpp	True	True	True	True
5200	cozz	2014-11-03 05:22:27	Diapolo	2014-11-03 09:14:09	src/init.cpp	True	True	True	True
5200	cozz	2014-11-03 05:22:27	Diapolo	2014-11-03 09:14:09	src/wallet.h	True	True	True	True
5200	cozz	2014-11-03 05:22:27	Diapolo	2014-11-03 09:14:09	src/wallet.cpp	True	True	True	True
5200	cozz	2014-11-03 05:22:27	Diapolo	2014-11-03 09:09:26	src/txmempool.h	True	True	True	True
5200	cozz	2014-11-03 05:22:27	Diapolo	2014-11-03 09:09:26	src/qt/walletview.cpp	True	True	True	True
5200	cozz	2014-11-03 05:22:27	Diapolo	2014-11-03 09:07:43	src/txmempool.h	True	True	True	True
5200	cozz	2014-11-03 05:22:27	Diapolo	2014-11-03 09:09:26	src/qt/walletmodel.h	True	True	True	True
5200	cozz	2014-11-03 05:22:27	Diapolo	2014-11-03 09:14:09	src/qt/optionsmodel.cpp	True	True	True	True
5200	cozz	2014-11-03 05:22:27	Diapolo	2014-11-03 09:09:26	src/qt/walletmodel.cpp	True	True	True	True
5200	cozz	2014-11-03 05:22:27	Diapolo	2014-11-03 09:09:26	src/qt/sendcoinsdialog.h	True	True	True	True
5200	cozz	2014-11-03 05:22:27	Diapolo	2014-11-03 09:09:26	src/qt/sendcoinsdialog.cpp	True	True	True	True
5200	cozz	2014-11-03 05:22:27	Diapolo	2014-11-03 09:09:26	src/qt/optionsmodel.h	True	True	True	True
5200	cozz	2014-11-03 05:22:27	Diapolo	2014-11-03 09:09:26	src/qt/optionsmodel.cpp	True	True	True	True
5200	cozz	2014-11-03 05:22:27	Diapolo	2014-11-03 09:09:26	src/qt/optionsdialog.h	True	True	True	True
5200	cozz	2014-11-03 05:22:27	Diapolo	2014-11-03 09:09:26	src/qt/optionsdialog.cpp	True	True	True	True
5200	cozz	2014-11-03 05:22:27	Diapolo	2014-11-03 09:09:26	src/qt/forms/sendcoinsdialog.ui	True	True	True	True
5200	cozz	2014-11-03 05:22:27	Diapolo	2014-11-03 09:09:26	src/qt/forms/optionsdialog.ui	True	True	True	True
5200	cozz	2014-11-03 05:22:27	Diapolo	2014-11-03 09:09:26	src/qt/coincontroldialog.h	True	True	True	True
5200	cozz	2014-11-03 05:22:27	Diapolo	2014-11-03 09:09:26	src/qt/coincontroldialog.cpp	True	True	True	True
5200	cozz	2014-11-03 05:22:27	Diapolo	2014-11-03 09:09:26	src/qt/bitcoinamountfield.h	True	True	True	True
5200	cozz	2014-11-03 05:22:27	Diapolo	2014-11-03 09:09:26	src/qt/bitcoinamountfield.cpp	True	True	True	True
5200	cozz	2014-11-03 05:22:27	Diapolo	2014-11-03 09:14:09	src/qt/optionsdialog.h	True	True	True	True
5200	cozz	2014-11-03 05:22:27	Diapolo	2014-11-03 09:09:26	src/qt/walletmodeltransaction.h	True	True	True	True
5200	cozz	2014-11-03 05:22:27	Diapolo	2014-11-03 09:14:09	src/qt/optionsmodel.h	True	True	True	True
5200	cozz	2014-11-03 05:22:27	Diapolo	2014-11-03 09:07:43	src/qt/coincontroldialog.h	True	True	True	True
5200	cozz	2014-11-03 05:22:27	Diapolo	2014-11-03 09:07:43	src/qt/walletview.cpp	True	True	True	True
5200	cozz	2014-11-03 05:22:27	Diapolo	2014-11-03 09:14:09	src/qt/sendcoinsdialog.cpp	True	True	True	True
5200	cozz	2014-11-03 05:22:27	Diapolo	2014-11-03 09:07:43	src/qt/walletmodeltransaction.h	True	True	True	True
5200	cozz	2014-11-03 05:22:27	Diapolo	2014-11-03 09:07:43	src/qt/walletmodeltransaction.cpp	True	True	True	True
5200	cozz	2014-11-03 05:22:27	Diapolo	2014-11-03 09:07:43	src/qt/walletmodel.h	True	True	True	True
5200	cozz	2014-11-03 05:22:27	Diapolo	2014-11-03 09:07:43	src/qt/walletmodel.cpp	True	True	True	True
5200	cozz	2014-11-03 05:22:27	Diapolo	2014-11-03 09:07:43	src/qt/sendcoinsdialog.h	True	True	True	True
5200	cozz	2014-11-03 05:22:27	Diapolo	2014-11-03 09:07:43	src/qt/sendcoinsdialog.cpp	True	True	True	True
5200	cozz	2014-11-03 05:22:27	Diapolo	2014-11-03 09:07:43	src/qt/optionsmodel.cpp	True	True	True	True
5200	cozz	2014-11-03 05:22:27	Diapolo	2014-11-03 09:07:43	src/qt/optionsdialog.h	True	True	True	True
5200	cozz	2014-11-03 05:22:27	Diapolo	2014-11-03 09:07:43	src/qt/optionsdialog.cpp	True	True	True	True
5200	cozz	2014-11-03 05:22:27	Diapolo	2014-11-03 09:07:43	src/qt/forms/sendcoinsdialog.ui	True	True	True	True
5200	cozz	2014-11-03 05:22:27	Diapolo	2014-11-03 09:07:43	src/qt/forms/optionsdialog.ui	True	True	True	True
5200	cozz	2014-11-03 05:22:27	Diapolo	2014-11-03 09:07:43	src/qt/optionsmodel.h	True	True	True	True
5200	cozz	2014-11-03 05:22:27	Diapolo	2014-11-03 09:07:43	src/qt/coincontroldialog.cpp	True	True	True	True
5200	cozz	2014-11-03 05:22:27	Diapolo	2014-11-03 09:14:09	src/txmempool.h	True	True	True	True
5200	cozz	2014-11-03 05:22:27	Diapolo	2014-11-03 09:14:09	src/qt/sendcoinsdialog.h	True	True	True	True
5200	cozz	2014-11-03 05:22:27	Diapolo	2014-11-03 09:14:09	src/qt/walletmodel.h	True	True	True	True
5200	cozz	2014-11-03 05:22:27	Diapolo	2014-11-03 09:14:09	src/qt/walletmodeltransaction.cpp	True	True	True	True
5200	cozz	2014-11-03 05:22:27	Diapolo	2014-11-03 09:14:09	src/qt/walletmodeltransaction.h	True	True	True	True
5200	cozz	2014-11-03 05:22:27	Diapolo	2014-11-03 09:14:09	src/qt/walletview.cpp	True	True	True	True
5200	cozz	2014-11-03 05:22:27	Diapolo	2014-11-03 09:14:09	src/qt/walletmodel.cpp	True	True	True	True
5200	cozz	2014-11-03 05:22:27	Diapolo	2014-11-03 09:07:43	src/wallet.cpp	True	True	True	True
5200	cozz	2014-11-03 05:22:27	Diapolo	2014-11-03 09:07:43	src/wallet.h	True	True	True	True
5200	cozz	2014-11-03 05:22:27	Diapolo	2014-11-03 09:07:43	src/init.cpp	True	True	True	True
5200	cozz	2014-11-03 05:22:27	Diapolo	2014-11-03 09:07:43	src/qt/bitcoinamountfield.cpp	True	True	True	True
5200	cozz	2014-11-03 05:22:27	Diapolo	2014-11-03 09:07:43	src/qt/bitcoinamountfield.h	True	True	True	True
5199	TheBlueMatt	2014-11-03 04:53:19	cozz	2014-11-04 20:47:23	src/rpcserver.h	True	True	True	True
5199	TheBlueMatt	2014-11-03 04:53:19	Diapolo	2014-11-03 09:01:40	qa/rpc-tests/merkle_blocks.py	False	True	True	True
5199	TheBlueMatt	2014-11-03 04:53:19	cozz	2014-11-04 20:47:23	src/merkleblock.cpp	True	True	True	True
5199	TheBlueMatt	2014-11-03 04:53:19	cozz	2014-11-04 20:47:23	src/merkleblock.h	True	True	True	True
5199	TheBlueMatt	2014-11-03 04:53:19	cozz	2014-11-04 20:47:23	src/rpcclient.cpp	True	True	True	True
5199	TheBlueMatt	2014-11-03 04:53:19	cozz	2014-11-04 20:47:23	src/rpcrawtransaction.cpp	True	True	True	True
5199	TheBlueMatt	2014-11-03 04:53:19	cozz	2014-11-04 20:47:23	src/rpcserver.cpp	True	True	True	True
5199	TheBlueMatt	2014-11-03 04:53:19	cozz	2014-11-04 20:47:23	qa/pull-tester/rpc-tests.sh	False	True	True	True
5199	TheBlueMatt	2014-11-03 04:53:19	cozz	2014-11-04 20:47:23	src/sync.cpp	False	True	True	True
5199	TheBlueMatt	2014-11-03 04:53:19	Diapolo	2014-11-03 09:01:40	src/sync.cpp	False	True	True	True
5199	TheBlueMatt	2014-11-03 04:53:19	cozz	2014-11-04 20:47:23	qa/rpc-tests/merkle_blocks.py	False	True	True	True
5199	TheBlueMatt	2014-11-03 04:53:19	Diapolo	2014-11-03 08:57:54	src/merkleblock.cpp	True	True	True	True
5199	TheBlueMatt	2014-11-03 04:53:19	Diapolo	2014-11-03 08:57:54	src/rpcclient.cpp	True	True	True	True
5199	TheBlueMatt	2014-11-03 04:53:19	Diapolo	2014-11-03 08:57:54	src/merkleblock.h	True	True	True	True
5199	TheBlueMatt	2014-11-03 04:53:19	Diapolo	2014-11-03 09:01:40	qa/pull-tester/rpc-tests.sh	False	True	True	True
5199	TheBlueMatt	2014-11-03 04:53:19	laanwj	2015-03-09 11:56:56	src/merkleblock.h	True	True	True	True
5199	TheBlueMatt	2014-11-03 04:53:19	Diapolo	2014-11-03 09:01:40	src/rpcserver.h	True	True	True	True
5199	TheBlueMatt	2014-11-03 04:53:19	Diapolo	2014-11-03 09:01:40	src/rpcserver.cpp	True	True	True	True
5199	TheBlueMatt	2014-11-03 04:53:19	Diapolo	2014-11-03 09:01:40	src/rpcrawtransaction.cpp	True	True	True	True
5199	TheBlueMatt	2014-11-03 04:53:19	Diapolo	2014-11-03 09:01:40	src/rpcclient.cpp	True	True	True	True
5199	TheBlueMatt	2014-11-03 04:53:19	Diapolo	2014-11-03 09:01:40	src/merkleblock.h	True	True	True	True
5199	TheBlueMatt	2014-11-03 04:53:19	Diapolo	2014-11-03 09:01:40	src/merkleblock.cpp	True	True	True	True
5199	TheBlueMatt	2014-11-03 04:53:19	laanwj	2015-03-09 11:56:56	qa/rpc-tests/merkle_blocks.py	False	True	True	True
5199	TheBlueMatt	2014-11-03 04:53:19	laanwj	2015-03-09 11:56:56	qa/pull-tester/rpc-tests.sh	False	True	True	True
5199	TheBlueMatt	2014-11-03 04:53:19	laanwj	2015-03-09 11:56:56	src/sync.cpp	False	True	True	True
5199	TheBlueMatt	2014-11-03 04:53:19	laanwj	2015-03-09 11:56:56	src/rpcserver.h	True	True	True	True
5199	TheBlueMatt	2014-11-03 04:53:19	laanwj	2015-03-09 11:56:56	src/rpcserver.cpp	True	True	True	True
5199	TheBlueMatt	2014-11-03 04:53:19	laanwj	2015-03-09 11:56:56	src/rpcrawtransaction.cpp	True	True	True	True
5199	TheBlueMatt	2014-11-03 04:53:19	laanwj	2015-03-09 11:56:56	src/rpcclient.cpp	True	True	True	True
5199	TheBlueMatt	2014-11-03 04:53:19	laanwj	2015-03-09 11:56:56	src/merkleblock.cpp	True	True	True	True
5199	TheBlueMatt	2014-11-03 04:53:19	Diapolo	2014-11-03 08:57:54	src/rpcserver.cpp	True	True	True	True
5199	TheBlueMatt	2014-11-03 04:53:19	Diapolo	2014-11-03 08:57:54	src/rpcrawtransaction.cpp	True	True	True	True
5199	TheBlueMatt	2014-11-03 04:53:19	Diapolo	2014-11-03 08:57:54	qa/rpc-tests/merkle_blocks.py	False	True	True	True
5199	TheBlueMatt	2014-11-03 04:53:19	Diapolo	2014-11-03 08:57:54	src/rpcserver.h	True	True	True	True
5199	TheBlueMatt	2014-11-03 04:53:19	Diapolo	2014-11-03 09:02:28	src/rpcserver.cpp	True	True	True	True
5199	TheBlueMatt	2014-11-03 04:53:19	Diapolo	2014-11-03 08:57:54	src/sync.cpp	False	True	True	True
5199	TheBlueMatt	2014-11-03 04:53:19	Diapolo	2014-11-03 08:57:27	qa/rpc-tests/merkle_blocks.py	False	True	True	True
5199	TheBlueMatt	2014-11-03 04:53:19	Diapolo	2014-11-03 08:57:27	qa/pull-tester/rpc-tests.sh	False	True	True	True
5199	TheBlueMatt	2014-11-03 04:53:19	Diapolo	2014-11-03 08:57:27	src/sync.cpp	False	True	True	True
5199	TheBlueMatt	2014-11-03 04:53:19	Diapolo	2014-11-03 08:57:27	src/rpcserver.h	True	True	True	True
5199	TheBlueMatt	2014-11-03 04:53:19	Diapolo	2014-11-03 08:57:27	src/rpcserver.cpp	True	True	True	True
5199	TheBlueMatt	2014-11-03 04:53:19	Diapolo	2014-11-03 08:57:27	src/rpcrawtransaction.cpp	True	True	True	True
5199	TheBlueMatt	2014-11-03 04:53:19	Diapolo	2014-11-03 08:57:27	src/rpcclient.cpp	True	True	True	True
5199	TheBlueMatt	2014-11-03 04:53:19	Diapolo	2014-11-03 08:57:27	src/merkleblock.h	True	True	True	True
5199	TheBlueMatt	2014-11-03 04:53:19	Diapolo	2014-11-03 08:57:27	src/merkleblock.cpp	True	True	True	True
5199	TheBlueMatt	2014-11-03 04:53:19	Diapolo	2014-11-03 09:02:28	qa/rpc-tests/merkle_blocks.py	False	True	True	True
5199	TheBlueMatt	2014-11-03 04:53:19	Diapolo	2014-11-03 09:02:28	src/sync.cpp	False	True	True	True
5199	TheBlueMatt	2014-11-03 04:53:19	Diapolo	2014-11-03 09:02:28	src/rpcserver.h	True	True	True	True
5199	TheBlueMatt	2014-11-03 04:53:19	Diapolo	2014-11-03 09:02:28	qa/pull-tester/rpc-tests.sh	False	True	True	True
5199	TheBlueMatt	2014-11-03 04:53:19	Diapolo	2014-11-03 09:02:28	src/rpcrawtransaction.cpp	True	True	True	True
5199	TheBlueMatt	2014-11-03 04:53:19	Diapolo	2014-11-03 09:00:48	src/rpcserver.h	True	True	True	True
5199	TheBlueMatt	2014-11-03 04:53:19	Diapolo	2014-11-03 08:57:54	qa/pull-tester/rpc-tests.sh	False	True	True	True
5199	TheBlueMatt	2014-11-03 04:53:19	Diapolo	2014-11-03 09:00:48	src/merkleblock.cpp	True	True	True	True
5199	TheBlueMatt	2014-11-03 04:53:19	Diapolo	2014-11-03 09:00:48	src/merkleblock.h	True	True	True	True
5199	TheBlueMatt	2014-11-03 04:53:19	Diapolo	2014-11-03 09:02:28	src/rpcclient.cpp	True	True	True	True
5199	TheBlueMatt	2014-11-03 04:53:19	Diapolo	2014-11-03 09:00:48	src/rpcrawtransaction.cpp	True	True	True	True
5199	TheBlueMatt	2014-11-03 04:53:19	Diapolo	2014-11-03 09:00:48	src/rpcserver.cpp	True	True	True	True
5199	TheBlueMatt	2014-11-03 04:53:19	Diapolo	2014-11-03 09:00:48	src/rpcclient.cpp	True	True	True	True
5199	TheBlueMatt	2014-11-03 04:53:19	Diapolo	2014-11-03 09:00:48	src/sync.cpp	False	True	True	True
5199	TheBlueMatt	2014-11-03 04:53:19	Diapolo	2014-11-03 09:00:48	qa/pull-tester/rpc-tests.sh	False	True	True	True
5199	TheBlueMatt	2014-11-03 04:53:19	Diapolo	2014-11-03 09:00:48	qa/rpc-tests/merkle_blocks.py	False	True	True	True
5199	TheBlueMatt	2014-11-03 04:53:19	Diapolo	2014-11-03 09:02:28	src/merkleblock.cpp	True	True	True	True
5199	TheBlueMatt	2014-11-03 04:53:19	Diapolo	2014-11-03 09:02:28	src/merkleblock.h	True	True	True	True
5194	ghost	2014-11-01 21:53:34	laanwj	2014-11-20 10:55:27	src/main.cpp	True	True	True	True
5194	ghost	2014-11-01 21:53:34	TheBlueMatt	2014-11-08 19:29:52	src/main.cpp	True	True	True	True
5193	nottombrown	2014-11-01 21:53:05	laanwj	2014-11-03 08:21:11	doc/build-osx.md	True	True	True	True
5192	domob1812	2014-11-01 16:29:37	Diapolo	2014-11-01 16:45:11	src/main.cpp	False	True	True	True
5188	theuni	2014-11-01 05:30:09	Diapolo	2014-11-01 16:46:56	src/script/interpreter.cpp	True	True	True	True
5188	theuni	2014-11-01 05:30:09	sipa	2014-11-01 17:00:39	src/main.cpp	True	True	True	True
5188	theuni	2014-11-01 05:30:09	sipa	2014-11-01 17:00:39	src/script/interpreter.cpp	True	True	True	True
5188	theuni	2014-11-01 05:30:09	sipa	2014-11-01 17:00:39	src/script/interpreter.h	True	True	True	True
5188	theuni	2014-11-01 05:30:09	Diapolo	2014-11-01 16:46:56	src/main.cpp	True	True	True	True
5188	theuni	2014-11-01 05:30:09	Diapolo	2014-11-01 16:46:56	src/script/interpreter.h	True	True	True	True
5188	theuni	2014-11-01 05:30:09	sipa	2014-11-01 08:44:32	src/main.cpp	True	True	True	True
5188	theuni	2014-11-01 05:30:09	sipa	2014-11-01 08:44:32	src/script/interpreter.cpp	True	True	True	True
5188	theuni	2014-11-01 05:30:09	sipa	2014-11-01 08:44:32	src/script/interpreter.h	True	True	True	True
