pr_number	author_user_login	pr_created_at	commit_user_login	commit_created_at	commit_status_total	commit_status_additions	commit_status_deletions	create_before_pr	is_review_commit
3975	maraoz	2014-03-28 19:33:21	maraoz	2014-03-28 19:28:13	566	562	4	True	True
3975	maraoz	2014-03-28 19:33:21	maraoz	2014-03-31 15:39:32	33	30	3	False	True
3975	maraoz	2014-03-28 19:33:21	maraoz	2014-03-31 18:07:46	41	25	16	False	True
3969	bardiharborow	2014-03-28 01:06:37	bardiharborow	2014-03-29 09:17:28	5	4	1	False	True
3959	gavinandresen	2014-03-25 13:18:47	gavinandresen	2014-03-17 12:19:54	798	767	31	True	True
3959	gavinandresen	2014-03-25 13:18:47	gavinandresen	2014-03-14 16:19:52	37	22	15	True	True
3959	gavinandresen	2014-03-25 13:18:47	gavinandresen	2014-04-10 18:14:18	238	123	115	False	True
3956	alonmuroch	2014-03-25 09:22:31	alonmuroch	2014-03-25 09:14:27	369	168	201	True	True
3956	alonmuroch	2014-03-25 09:22:31	alonmuroch	2014-03-27 08:51:58	79	36	43	False	True
3946	brandondahler	2014-03-24 03:01:13	brandondahler	2014-03-24 01:14:43	26	22	4	True	True
3939	jgarzik	2014-03-22 14:19:23	jgarzik	2014-07-17 00:04:04	14	12	2	False	True
3931	isghe	2014-03-21 22:12:49	isghe	2014-03-21 21:54:22	1	1	0	True	True
3928	cozz	2014-03-21 15:50:24	cozz	2014-03-18 23:26:14	122	113	9	True	True
3927	cozz	2014-03-21 15:35:08	cozz	2014-03-21 14:04:32	9	5	4	True	True
3907	schildbach	2014-03-19 21:00:43	schildbach	2014-03-30 12:20:43	22	0	22	False	True
3907	schildbach	2014-03-19 21:00:43	schildbach	2014-03-19 20:58:54	8	8	0	True	True
3889	hno	2014-03-16 22:36:47	hno	2013-11-11 13:36:30	8	7	1	True	True
3885	theuni	2014-03-16 21:13:55	theuni	2013-12-06 23:08:53	11	8	3	True	True
3885	theuni	2014-03-16 21:13:55	theuni	2014-03-16 20:12:52	4	2	2	True	True
3885	theuni	2014-03-16 21:13:55	theuni	2013-12-06 23:11:03	13	13	0	True	True
3885	theuni	2014-03-16 21:13:55	theuni	2013-12-06 23:13:25	17	15	2	True	True
3885	theuni	2014-03-16 21:13:55	theuni	2013-12-06 23:12:19	8	4	4	True	True
3884	sipa	2014-03-16 20:17:03	sipa	2014-03-13 02:48:27	226	162	64	True	True
3884	sipa	2014-03-16 20:17:03	sipa	2014-03-11 16:36:21	27	18	9	True	True
3870	laanwj	2014-03-14 11:09:12	laanwj	2014-03-14 10:50:18	101	96	5	True	True
3863	gavinandresen	2014-03-13 23:41:14	gavinandresen	2014-03-13 21:51:05	49	31	18	True	True
3857	zander	2014-03-12 22:25:08	ThomasZander	2014-03-13 17:15:51	14	7	7	False	True
3852	philsong	2014-03-12 06:25:06	philsong	2014-03-14 14:39:19	1	0	1	False	True
3852	philsong	2014-03-12 06:25:06	philsong	2014-03-12 06:17:35	3	2	1	True	True
3850	cozz	2014-03-11 22:52:05	cozz	2014-03-17 13:04:56	61	30	31	False	True
3845	djpnewton	2014-03-11 10:09:07	djpnewton	2014-03-11 10:05:35	34	28	6	True	True
3845	djpnewton	2014-03-11 10:09:07	djpnewton	2014-03-11 08:34:29	252	241	11	True	True
3845	djpnewton	2014-03-11 10:09:07	djpnewton	2014-03-11 08:44:16	29	0	29	True	True
3845	djpnewton	2014-03-11 10:09:07	djpnewton	2014-03-12 09:18:39	57	32	25	False	True
3843	petertodd	2014-03-11 05:55:53	petertodd	2014-03-10 21:36:35	68	63	5	True	True
3843	petertodd	2014-03-11 05:55:53	petertodd	2014-03-11 02:43:15	16	12	4	True	True
3843	petertodd	2014-03-11 05:55:53	petertodd	2014-03-11 02:36:46	30	24	6	True	True
3843	petertodd	2014-03-11 05:55:53	petertodd	2014-03-10 22:17:56	135	86	49	True	True
3843	petertodd	2014-03-11 05:55:53	petertodd	2014-03-10 21:31:46	25	20	5	True	True
3843	petertodd	2014-03-11 05:55:53	petertodd	2014-03-10 20:38:44	12	8	4	True	True
3837	alonmuroch	2014-03-10 18:30:56	alonmuroch	2014-03-10 18:23:19	87	87	0	True	True
3824	jtimon	2014-03-08 07:08:04	jtimon	2014-03-08 01:59:30	8	6	2	True	True
3824	jtimon	2014-03-08 07:08:04	jtimon	2014-06-04 13:25:58	15	13	2	False	True
3824	jtimon	2014-03-08 07:08:04	jtimon	2014-03-10 01:35:41	6	5	1	False	True
3824	jtimon	2014-03-08 07:08:04	jtimon	2014-03-22 18:52:26	56	34	22	False	True
3824	jtimon	2014-03-08 07:08:04	jtimon	2014-03-08 07:06:22	4	0	4	True	True
3824	jtimon	2014-03-08 07:08:04	jtimon	2014-03-09 20:36:55	11	7	4	False	True
3824	jtimon	2014-03-08 07:08:04	jtimon	2014-03-08 06:47:56	10	8	2	True	True
3824	jtimon	2014-03-08 07:08:04	jtimon	2014-06-04 10:52:15	2	1	1	False	True
3824	jtimon	2014-03-08 07:08:04	jtimon	2014-03-22 19:20:43	7	5	2	False	True
3824	jtimon	2014-03-08 07:08:04	jtimon	2014-03-22 19:22:14	9	2	7	False	True
3824	jtimon	2014-03-08 07:08:04	jtimon	2014-06-04 10:51:29	94	53	41	False	True
3824	jtimon	2014-03-08 07:08:04	jtimon	2014-03-22 19:19:48	8	6	2	False	True
3824	jtimon	2014-03-08 07:08:04	jtimon	2014-03-22 19:09:12	12	8	4	False	True
3811	thegreatnegel	2014-03-07 02:06:34	thegreatnegel	2014-03-07 02:06:23	11	9	2	True	True
3811	thegreatnegel	2014-03-07 02:06:34	thegreatnegel	2014-03-07 07:46:54	3	2	1	False	True
3811	thegreatnegel	2014-03-07 02:06:34	thegreatnegel	2014-03-07 02:32:08	4	2	2	False	True
3811	thegreatnegel	2014-03-07 02:06:34	thegreatnegel	2014-03-07 02:23:33	4	2	2	False	True
3811	thegreatnegel	2014-03-07 02:06:34	thegreatnegel	2014-03-07 04:04:10	2	2	0	False	True
3801	paveljanik	2014-03-05 09:58:18	paveljanik	2014-03-16 10:42:20	2	1	1	False	True
3801	paveljanik	2014-03-05 09:58:18	paveljanik	2014-03-05 09:48:16	4	2	2	True	True
3801	paveljanik	2014-03-05 09:58:18	paveljanik	2014-03-31 09:30:36	2	1	1	False	True
3801	paveljanik	2014-03-05 09:58:18	paveljanik	2014-03-05 10:17:20	2	1	1	False	True
3801	paveljanik	2014-03-05 09:58:18	paveljanik	2014-03-31 09:31:37	2	1	1	False	True
3787	tgeller	2014-03-03 19:11:53	tgeller	2014-03-03 19:11:39	208	142	66	True	True
3784	cozz	2014-03-03 03:36:37	cozz	2014-03-03 03:16:42	49	39	10	True	True
