pr_number	author_user_login	pr_created_at	comment_user_login	comment_created_at	is_review_issue_comment
6736	jmcorgan	2015-09-29 17:55:25	jgarzik	2015-09-29 22:18:49	True
6736	jmcorgan	2015-09-29 17:55:25	laanwj	2015-09-29 19:13:13	True
6736	jmcorgan	2015-09-29 17:55:25	ghost	2015-09-29 22:51:50	True
6736	jmcorgan	2015-09-29 17:55:25	theuni	2015-09-29 19:50:26	True
6736	jmcorgan	2015-09-29 17:55:25	theuni	2015-09-29 19:52:37	True
6736	jmcorgan	2015-09-29 17:55:25	gavinandresen	2015-09-29 19:21:42	True
6736	jmcorgan	2015-09-29 17:55:25	theuni	2015-09-29 20:15:43	True
6736	jmcorgan	2015-09-29 17:55:25	laanwj	2015-09-29 19:31:53	True
6733	gavinandresen	2015-09-28 14:45:54	btcdrak	2015-09-29 22:08:29	True
6733	gavinandresen	2015-09-28 14:45:54	laanwj	2015-09-28 15:42:43	True
6733	gavinandresen	2015-09-28 14:45:54	jonasschnelli	2015-09-28 16:16:58	True
6733	gavinandresen	2015-09-28 14:45:54	paveljanik	2015-09-29 20:16:59	True
6733	gavinandresen	2015-09-28 14:45:54	paveljanik	2015-09-29 20:33:41	True
6733	gavinandresen	2015-09-28 14:45:54	jgarzik	2015-09-29 17:58:40	True
6733	gavinandresen	2015-09-28 14:45:54	jgarzik	2015-09-29 22:16:45	True
6733	gavinandresen	2015-09-28 14:45:54	0xC2	2015-09-30 01:17:00	True
6733	gavinandresen	2015-09-28 14:45:54	paveljanik	2015-09-30 06:30:43	True
6733	gavinandresen	2015-09-28 14:45:54	laanwj	2015-10-06 14:31:56	True
6733	gavinandresen	2015-09-28 14:45:54	sipa	2015-09-29 20:40:06	True
6733	gavinandresen	2015-09-28 14:45:54	dcousens	2015-09-29 23:03:42	True
6724	TheBlueMatt	2015-09-25 20:11:42	MarcoFalke	2015-09-26 07:15:08	True
6724	TheBlueMatt	2015-09-25 20:11:42	fanquake	2015-09-26 07:16:04	True
6724	TheBlueMatt	2015-09-25 20:11:42	MarcoFalke	2015-09-25 20:33:08	True
6722	TheBlueMatt	2015-09-25 03:21:16	morcos	2015-10-08 03:05:39	True
6722	TheBlueMatt	2015-09-25 03:21:16	sdaftuar	2015-10-07 21:36:20	True
6722	TheBlueMatt	2015-09-25 03:21:16	petertodd	2015-10-03 17:15:39	True
6722	TheBlueMatt	2015-09-25 03:21:16	petertodd	2015-10-03 17:16:11	True
6722	TheBlueMatt	2015-09-25 03:21:16	morcos	2015-10-05 16:28:10	True
6722	TheBlueMatt	2015-09-25 03:21:16	paveljanik	2015-10-06 19:19:13	True
6722	TheBlueMatt	2015-09-25 03:21:16	morcos	2015-10-02 13:57:10	True
6722	TheBlueMatt	2015-09-25 03:21:16	morcos	2015-09-30 18:32:56	True
6722	TheBlueMatt	2015-09-25 03:21:16	morcos	2015-10-08 03:20:27	True
6722	TheBlueMatt	2015-09-25 03:21:16	sdaftuar	2015-10-01 00:19:41	True
6722	TheBlueMatt	2015-09-25 03:21:16	jgarzik	2015-09-30 19:40:03	True
6722	TheBlueMatt	2015-09-25 03:21:16	JeremyRubin	2015-09-25 12:18:51	True
6722	TheBlueMatt	2015-09-25 03:21:16	ghost	2015-09-26 22:30:34	True
6722	TheBlueMatt	2015-09-25 03:21:16	morcos	2015-09-25 23:45:51	True
6722	TheBlueMatt	2015-09-25 03:21:16	JeremyRubin	2015-09-25 13:52:35	True
6722	TheBlueMatt	2015-09-25 03:21:16	morcos	2015-09-26 00:57:32	True
6720	eth0	2015-09-24 15:55:22	dcousens	2015-09-25 06:46:45	True
6720	eth0	2015-09-24 15:55:22	jgarzik	2015-10-01 09:46:23	True
6720	eth0	2015-09-24 15:55:22	EthanHeilman	2015-09-30 17:42:18	True
6720	eth0	2015-09-24 15:55:22	jonasschnelli	2015-09-24 18:16:04	True
6718	btcdrak	2015-09-24 13:44:59	paveljanik	2015-09-24 14:05:42	True
6718	btcdrak	2015-09-24 13:44:59	paveljanik	2015-09-24 13:58:20	True
6718	btcdrak	2015-09-24 13:44:59	laanwj	2015-09-24 14:01:52	True
6718	btcdrak	2015-09-24 13:44:59	paveljanik	2015-09-24 14:16:45	True
6718	btcdrak	2015-09-24 13:44:59	gavinandresen	2015-09-24 14:08:07	True
6718	btcdrak	2015-09-24 13:44:59	jonasschnelli	2015-09-24 14:19:30	True
6718	btcdrak	2015-09-24 13:44:59	fanquake	2015-09-24 15:16:31	True
6718	btcdrak	2015-09-24 13:44:59	laanwj	2015-09-24 14:14:15	True
6710	Diapolo	2015-09-22 12:11:41	laanwj	2015-10-10 10:05:38	True
6710	Diapolo	2015-09-22 12:11:41	jonasschnelli	2015-10-09 07:18:42	True
6710	Diapolo	2015-09-22 12:11:41	MarcoFalke	2015-09-23 07:49:36	True
6710	Diapolo	2015-09-22 12:11:41	MarcoFalke	2015-09-24 08:50:00	True
6708	MarcoFalke	2015-09-21 11:14:24	jonasschnelli	2015-09-21 11:40:06	True
6708	MarcoFalke	2015-09-21 11:14:24	dexX7	2015-09-28 12:54:02	True
6708	MarcoFalke	2015-09-21 11:14:24	jonasschnelli	2015-11-25 13:30:50	True
6708	MarcoFalke	2015-09-21 11:14:24	dcousens	2015-10-21 22:37:43	True
6708	MarcoFalke	2015-09-21 11:14:24	RHavar	2015-10-12 05:11:49	True
6708	MarcoFalke	2015-09-21 11:14:24	dexX7	2015-09-24 11:52:32	True
6708	MarcoFalke	2015-09-21 11:14:24	jonasschnelli	2015-09-21 11:42:35	True
6704	luke-jr	2015-09-20 07:48:44	laanwj	2015-09-21 11:43:34	True
6704	luke-jr	2015-09-20 07:48:44	laanwj	2015-09-22 16:06:28	True
6693	ptschip	2015-09-18 05:51:38	theuni	2015-10-07 16:30:59	True
6693	ptschip	2015-09-18 05:51:38	theuni	2015-09-22 01:53:36	True
6693	ptschip	2015-09-18 05:51:38	theuni	2015-09-22 20:27:07	True
6693	ptschip	2015-09-18 05:51:38	laanwj	2015-09-18 15:08:32	True
6693	ptschip	2015-09-18 05:51:38	laanwj	2015-09-21 11:51:48	True
6693	ptschip	2015-09-18 05:51:38	MarcoFalke	2015-09-21 13:23:00	True
6693	ptschip	2015-09-18 05:51:38	laanwj	2015-09-21 15:40:17	True
6693	ptschip	2015-09-18 05:51:38	theuni	2015-09-22 05:19:58	True
6693	ptschip	2015-09-18 05:51:38	theuni	2015-09-24 15:25:22	True
6693	ptschip	2015-09-18 05:51:38	theuni	2015-09-22 19:50:06	True
6693	ptschip	2015-09-18 05:51:38	theuni	2015-09-24 17:12:09	True
6693	ptschip	2015-09-18 05:51:38	theuni	2015-10-07 06:53:30	True
6693	ptschip	2015-09-18 05:51:38	laanwj	2015-10-07 19:43:52	True
6693	ptschip	2015-09-18 05:51:38	theuni	2015-10-07 20:47:15	True
6693	ptschip	2015-09-18 05:51:38	theuni	2015-09-24 15:41:28	True
6672	jtimon	2015-09-14 19:06:10	btcdrak	2015-09-14 22:44:38	True
6672	jtimon	2015-09-14 19:06:10	jonasschnelli	2015-09-14 20:31:54	True
6672	jtimon	2015-09-14 19:06:10	dcousens	2015-09-14 22:42:22	True
6672	jtimon	2015-09-14 19:06:10	dcousens	2015-09-15 02:38:17	True
6672	jtimon	2015-09-14 19:06:10	theuni	2015-09-14 23:00:06	True
6672	jtimon	2015-09-14 19:06:10	morcos	2015-09-14 21:47:52	True
6672	jtimon	2015-09-14 19:06:10	gmaxwell	2015-09-14 21:08:42	True
6672	jtimon	2015-09-14 19:06:10	sipa	2015-09-14 23:19:35	True
6672	jtimon	2015-09-14 19:06:10	jgarzik	2015-09-22 22:55:28	True
6672	jtimon	2015-09-14 19:06:10	jgarzik	2015-09-15 02:00:09	True
6672	jtimon	2015-09-14 19:06:10	jgarzik	2015-09-15 03:19:23	True
6672	jtimon	2015-09-14 19:06:10	dcousens	2015-09-16 06:56:51	True
6672	jtimon	2015-09-14 19:06:10	dcousens	2015-09-16 06:55:32	True
6669	MarcoFalke	2015-09-13 21:35:04	dcousens	2015-10-29 13:00:57	True
6669	MarcoFalke	2015-09-13 21:35:04	laanwj	2015-10-29 12:37:41	True
6669	MarcoFalke	2015-09-13 21:35:04	sipa	2015-10-28 01:39:14	True
6669	MarcoFalke	2015-09-13 21:35:04	wtogami	2015-10-27 21:30:20	True
6669	MarcoFalke	2015-09-13 21:35:04	wtogami	2015-10-27 02:11:27	True
6669	MarcoFalke	2015-09-13 21:35:04	btcdrak	2015-09-30 07:27:17	True
6669	MarcoFalke	2015-09-13 21:35:04	dooglus	2015-09-20 16:58:23	True
6668	MarcoFalke	2015-09-13 14:05:18	laanwj	2015-09-21 14:04:31	True
6668	MarcoFalke	2015-09-13 14:05:18	btcdrak	2015-09-18 18:21:36	True
6668	MarcoFalke	2015-09-13 14:05:18	laanwj	2015-09-21 14:12:08	True
6667	MarcoFalke	2015-09-13 13:53:48	laanwj	2015-09-18 15:05:30	True
6667	MarcoFalke	2015-09-13 13:53:48	TheBlueMatt	2015-09-14 17:04:30	True
6667	MarcoFalke	2015-09-13 13:53:48	wallclockbuilder	2015-09-16 09:39:23	True
6667	MarcoFalke	2015-09-13 13:53:48	jonasschnelli	2015-09-14 16:20:37	True
6667	MarcoFalke	2015-09-13 13:53:48	TheBlueMatt	2015-09-14 16:24:04	True
6667	MarcoFalke	2015-09-13 13:53:48	TheBlueMatt	2015-09-14 16:15:48	True
6667	MarcoFalke	2015-09-13 13:53:48	fanquake	2015-09-14 02:36:28	True
6667	MarcoFalke	2015-09-13 13:53:48	jonasschnelli	2015-09-13 13:56:09	True
6667	MarcoFalke	2015-09-13 13:53:48	laanwj	2015-09-18 04:00:08	True
6664	MarcoFalke	2015-09-12 11:39:21	jgarzik	2015-09-16 03:26:13	True
6664	MarcoFalke	2015-09-12 11:39:21	btcdrak	2015-09-18 18:24:24	True
6664	MarcoFalke	2015-09-12 11:39:21	paveljanik	2015-09-16 07:09:49	True
6664	MarcoFalke	2015-09-12 11:39:21	dcousens	2015-09-14 02:32:00	True
6664	MarcoFalke	2015-09-12 11:39:21	jonasschnelli	2015-09-13 13:08:38	True
6661	unsystemizer	2015-09-11 14:15:51	laanwj	2015-09-29 12:57:48	True
6661	unsystemizer	2015-09-11 14:15:51	laanwj	2015-09-22 09:06:27	True
6661	unsystemizer	2015-09-11 14:15:51	fanquake	2015-09-11 14:17:34	True
6661	unsystemizer	2015-09-11 14:15:51	fanquake	2015-09-12 10:19:15	True
6661	unsystemizer	2015-09-11 14:15:51	fanquake	2015-09-12 00:17:49	True
6661	unsystemizer	2015-09-11 14:15:51	MarcoFalke	2015-09-24 08:00:10	True
6661	unsystemizer	2015-09-11 14:15:51	MarcoFalke	2015-09-22 09:25:38	True
6661	unsystemizer	2015-09-11 14:15:51	btcdrak	2015-09-23 19:57:00	True
6661	unsystemizer	2015-09-11 14:15:51	fanquake	2015-09-15 06:38:57	True
6654	sdaftuar	2015-09-09 01:23:39	dcousens	2015-09-16 15:16:49	True
6654	sdaftuar	2015-09-09 01:23:39	petertodd	2015-09-14 20:54:52	True
6654	sdaftuar	2015-09-09 01:23:39	sipa	2015-09-14 20:45:56	True
6654	sdaftuar	2015-09-09 01:23:39	pstratem	2015-09-14 19:54:07	True
6654	sdaftuar	2015-09-09 01:23:39	btcdrak	2015-09-09 03:11:28	True
6654	sdaftuar	2015-09-09 01:23:39	petertodd	2015-09-14 19:42:07	True
6654	sdaftuar	2015-09-09 01:23:39	jonasschnelli	2015-09-14 21:00:52	True
6654	sdaftuar	2015-09-09 01:23:39	TheBlueMatt	2015-09-19 01:23:48	True
6654	sdaftuar	2015-09-09 01:23:39	dcousens	2015-09-19 03:04:04	True
6654	sdaftuar	2015-09-09 01:23:39	Mirobit	2015-09-19 18:39:08	True
6654	sdaftuar	2015-09-09 01:23:39	petertodd	2015-09-20 00:53:25	True
6654	sdaftuar	2015-09-09 01:23:39	laanwj	2015-09-21 12:26:44	True
6654	sdaftuar	2015-09-09 01:23:39	dcousens	2015-09-14 22:00:15	True
6654	sdaftuar	2015-09-09 01:23:39	petertodd	2015-09-14 21:16:00	True
6653	MarcoFalke	2015-09-08 20:54:24	jonasschnelli	2015-09-10 08:32:56	True
6653	MarcoFalke	2015-09-08 20:54:24	Diapolo	2015-09-09 15:06:48	True
6653	MarcoFalke	2015-09-08 20:54:24	fanquake	2015-09-12 09:15:12	True
6653	MarcoFalke	2015-09-08 20:54:24	jonasschnelli	2015-09-23 11:43:32	True
6652	laanwj	2015-09-08 15:17:45	dcousens	2015-09-20 22:55:05	True
6652	laanwj	2015-09-08 15:17:45	luke-jr	2015-09-08 16:24:40	True
6650	jamesob	2015-09-07 23:41:32	KyrosKrane	2015-09-18 10:52:34	True
6650	jamesob	2015-09-07 23:41:32	KyrosKrane	2015-09-13 17:19:27	True
6650	jamesob	2015-09-07 23:41:32	KyrosKrane	2015-09-18 09:13:09	True
6650	jamesob	2015-09-07 23:41:32	KyrosKrane	2015-09-12 08:27:12	True
6650	jamesob	2015-09-07 23:41:32	luke-jr	2015-09-08 00:28:51	True
6650	jamesob	2015-09-07 23:41:32	sipa	2015-09-08 00:20:55	True
6650	jamesob	2015-09-07 23:41:32	gmaxwell	2015-09-08 00:17:52	True
6650	jamesob	2015-09-07 23:41:32	jgarzik	2015-09-08 02:30:42	True
6650	jamesob	2015-09-07 23:41:32	fanquake	2015-09-12 08:55:40	True
6650	jamesob	2015-09-07 23:41:32	KyrosKrane	2015-09-12 12:49:07	True
6650	jamesob	2015-09-07 23:41:32	sipa	2015-09-08 00:10:45	True
6650	jamesob	2015-09-07 23:41:32	jonasschnelli	2015-09-12 10:31:48	True
6650	jamesob	2015-09-07 23:41:32	KyrosKrane	2015-09-13 18:22:58	True
6650	jamesob	2015-09-07 23:41:32	MarcoFalke	2015-09-13 17:12:30	True
6650	jamesob	2015-09-07 23:41:32	KyrosKrane	2015-09-13 17:08:58	True
6650	jamesob	2015-09-07 23:41:32	KyrosKrane	2015-09-12 19:32:47	True
6650	jamesob	2015-09-07 23:41:32	MarcoFalke	2015-09-12 18:59:11	True
6650	jamesob	2015-09-07 23:41:32	KyrosKrane	2015-09-13 17:45:36	True
6648	domob1812	2015-09-07 18:39:00	jonasschnelli	2015-09-08 11:29:49	True
6648	domob1812	2015-09-07 18:39:00	jgarzik	2015-09-07 23:44:30	True
6648	domob1812	2015-09-07 18:39:00	sipa	2015-09-07 23:57:47	True
6648	domob1812	2015-09-07 18:39:00	laanwj	2015-09-08 12:41:00	True
6648	domob1812	2015-09-07 18:39:00	dcousens	2015-09-08 01:04:54	True
6647	MarcoFalke	2015-09-07 10:55:00	jonasschnelli	2015-09-07 11:55:38	True
6646	gmaxwell	2015-09-07 08:28:09	fanquake	2015-09-07 21:57:44	True
6646	gmaxwell	2015-09-07 08:28:09	paveljanik	2015-09-19 17:25:10	True
6646	gmaxwell	2015-09-07 08:28:09	MarcoFalke	2015-09-16 08:54:19	True
6646	gmaxwell	2015-09-07 08:28:09	jgarzik	2015-09-15 23:35:05	True
6646	gmaxwell	2015-09-07 08:28:09	btcdrak	2015-09-07 23:25:19	True
6646	gmaxwell	2015-09-07 08:28:09	petertodd	2015-09-07 17:08:06	True
6646	gmaxwell	2015-09-07 08:28:09	sipa	2015-09-07 15:38:01	True
6646	gmaxwell	2015-09-07 08:28:09	paveljanik	2015-09-07 13:35:38	True
6646	gmaxwell	2015-09-07 08:28:09	dcousens	2015-09-07 13:24:03	True
6645	gmaxwell	2015-09-07 01:31:17	laanwj	2015-09-08 14:54:40	True
6645	gmaxwell	2015-09-07 01:31:17	dcousens	2015-09-07 12:55:34	True
6645	gmaxwell	2015-09-07 01:31:17	jonasschnelli	2015-09-07 04:12:28	True
6645	gmaxwell	2015-09-07 01:31:17	jonasschnelli	2015-09-07 04:11:43	True
6645	gmaxwell	2015-09-07 01:31:17	fanquake	2015-09-07 12:50:50	True
6641	TheBlueMatt	2015-09-06 06:37:12	laanwj	2015-09-08 15:35:51	True
6641	TheBlueMatt	2015-09-06 06:37:12	dcousens	2015-11-25 09:56:52	True
6641	TheBlueMatt	2015-09-06 06:37:12	dcousens	2015-09-09 02:09:51	True
6641	TheBlueMatt	2015-09-06 06:37:12	Diapolo	2015-09-09 15:09:45	True
6641	TheBlueMatt	2015-09-06 06:37:12	laanwj	2015-11-13 10:17:33	True
6641	TheBlueMatt	2015-09-06 06:37:12	MarcoFalke	2015-09-22 12:11:00	True
6641	TheBlueMatt	2015-09-06 06:37:12	jameshilliard	2015-11-13 10:35:13	True
6641	TheBlueMatt	2015-09-06 06:37:12	laanwj	2015-12-03 11:59:12	True
6641	TheBlueMatt	2015-09-06 06:37:12	laanwj	2016-02-02 14:39:05	True
6641	TheBlueMatt	2015-09-06 06:37:12	laanwj	2016-03-17 16:11:28	True
6641	TheBlueMatt	2015-09-06 06:37:12	pstratem	2016-03-18 00:24:09	True
6641	TheBlueMatt	2015-09-06 06:37:12	jonasschnelli	2016-03-18 07:15:57	True
6641	TheBlueMatt	2015-09-06 06:37:12	jonasschnelli	2015-11-25 09:27:09	True
6639	laanwj	2015-09-04 15:43:04	petertodd	2015-11-10 20:30:07	True
6639	laanwj	2015-09-04 15:43:04	dcousens	2015-09-16 07:09:51	True
6639	laanwj	2015-09-04 15:43:04	btcdrak	2015-09-23 19:55:12	True
6639	laanwj	2015-09-04 15:43:04	sipa	2015-09-26 00:07:35	True
6639	laanwj	2015-09-04 15:43:04	pstratem	2015-09-26 00:23:25	True
6639	laanwj	2015-09-04 15:43:04	theuni	2015-10-02 15:54:15	True
6639	laanwj	2015-09-04 15:43:04	theuni	2015-10-02 16:43:00	True
6639	laanwj	2015-09-04 15:43:04	theuni	2015-10-02 16:45:20	True
6639	laanwj	2015-09-04 15:43:04	MarcoFalke	2015-11-12 07:48:03	True
6639	laanwj	2015-09-04 15:43:04	sipa	2015-11-11 07:53:58	True
6639	laanwj	2015-09-04 15:43:04	MarcoFalke	2015-11-11 12:50:08	True
6639	laanwj	2015-09-04 15:43:04	petertodd	2015-11-11 18:06:15	True
6639	laanwj	2015-09-04 15:43:04	MarcoFalke	2015-11-11 22:57:24	True
6639	laanwj	2015-09-04 15:43:04	gits7r	2015-11-11 23:56:48	True
6639	laanwj	2015-09-04 15:43:04	MarcoFalke	2015-11-12 07:15:34	True
6639	laanwj	2015-09-04 15:43:04	jgarzik	2015-09-15 23:27:52	True
6635	jonasschnelli	2015-09-04 12:48:06	paveljanik	2015-09-04 13:38:58	True
6635	jonasschnelli	2015-09-04 12:48:06	paveljanik	2015-09-04 13:42:25	True
6635	jonasschnelli	2015-09-04 12:48:06	fanquake	2015-09-04 13:40:58	True
6635	jonasschnelli	2015-09-04 12:48:06	jgarzik	2015-09-04 13:32:21	True
6630	casey	2015-09-03 16:57:33	paveljanik	2015-09-03 18:02:02	True
6630	casey	2015-09-03 16:57:33	laanwj	2015-09-03 18:08:41	True
6630	casey	2015-09-03 16:57:33	gavinandresen	2015-09-03 18:26:08	True
6630	casey	2015-09-03 16:57:33	sipa	2015-09-03 17:00:48	True
6626	fanquake	2015-09-03 04:21:06	jamesob	2015-09-03 07:19:12	True
6626	fanquake	2015-09-03 04:21:06	laanwj	2015-09-03 08:10:43	True
6626	fanquake	2015-09-03 04:21:06	jamesob	2015-09-03 18:31:05	True
6626	fanquake	2015-09-03 04:21:06	jamesob	2015-09-03 06:40:03	True
6625	jtimon	2015-09-02 23:26:24	btcdrak	2015-11-17 15:59:33	True
6625	jtimon	2015-09-02 23:26:24	sipa	2015-11-17 15:52:58	True
6625	jtimon	2015-09-02 23:26:24	jgarzik	2015-12-18 05:25:56	True
6625	jtimon	2015-09-02 23:26:24	dcousens	2015-11-11 21:41:10	True
6625	jtimon	2015-09-02 23:26:24	dcousens	2015-10-21 01:45:18	True
6625	jtimon	2015-09-02 23:26:24	dcousens	2015-09-05 01:22:27	True
6625	jtimon	2015-09-02 23:26:24	dcousens	2015-09-03 01:37:26	True
6625	jtimon	2015-09-02 23:26:24	MarcoFalke	2015-12-09 00:12:35	True
6625	jtimon	2015-09-02 23:26:24	devrandom	2015-12-10 19:05:12	True
6625	jtimon	2015-09-02 23:26:24	jgarzik	2015-12-18 13:31:52	True
6625	jtimon	2015-09-02 23:26:24	dcousens	2015-12-02 02:04:30	True
6625	jtimon	2015-09-02 23:26:24	btcdrak	2015-11-28 22:42:05	True
6625	jtimon	2015-09-02 23:26:24	dcousens	2015-12-09 00:03:53	True
6625	jtimon	2015-09-02 23:26:24	MarcoFalke	2015-11-28 22:15:25	True
6616	ptschip	2015-09-01 21:16:00	MarcoFalke	2015-09-22 10:30:56	True
6616	ptschip	2015-09-01 21:16:00	theuni	2015-09-02 02:46:04	True
6616	ptschip	2015-09-01 21:16:00	theuni	2015-09-02 17:08:31	True
6616	ptschip	2015-09-01 21:16:00	theuni	2015-09-04 07:49:55	True
6616	ptschip	2015-09-01 21:16:00	jgarzik	2015-09-22 11:27:01	True
6616	ptschip	2015-09-01 21:16:00	laanwj	2015-10-01 19:18:22	True
6616	ptschip	2015-09-01 21:16:00	laanwj	2015-09-27 18:32:31	True
6616	ptschip	2015-09-01 21:16:00	jonasschnelli	2015-10-01 19:00:25	True
6616	ptschip	2015-09-01 21:16:00	laanwj	2015-10-01 18:12:31	True
6616	ptschip	2015-09-01 21:16:00	jonasschnelli	2015-10-01 19:31:31	True
6616	ptschip	2015-09-01 21:16:00	MarcoFalke	2015-09-01 21:47:01	True
