pr_number	author_user_login	pr_created_at	review_user_login	review_created_at	filename	create_before_pr	has_issue_comment	has_review_comment	has_commit
1635	Diapolo	2012-07-27 06:19:37	laanwj	2012-07-27 10:53:39	src/init.cpp	True	False	True	True
1632	luke-jr	2012-07-26 03:27:53	Diapolo	2012-07-26 08:11:46	src/qt/guiutil.cpp	True	True	True	True
1632	luke-jr	2012-07-26 03:27:53	Diapolo	2012-07-26 08:11:46	src/net.h	True	True	True	True
1632	luke-jr	2012-07-26 03:27:53	Diapolo	2012-07-26 08:11:46	src/qt/bitcoingui.h	True	True	True	True
1632	luke-jr	2012-07-26 03:27:53	Diapolo	2012-07-26 08:11:46	src/qt/bitcoingui.cpp	True	True	True	True
1632	luke-jr	2012-07-26 03:27:53	Diapolo	2012-07-26 08:11:46	src/qt/bitcoinamountfield.h	True	True	True	True
1632	luke-jr	2012-07-26 03:27:53	Diapolo	2012-07-26 08:11:46	src/qt/bitcoinaddressvalidator.cpp	True	True	True	True
1632	luke-jr	2012-07-26 03:27:53	Diapolo	2012-07-26 08:11:46	src/qt/bitcoin.cpp	True	True	True	True
1632	luke-jr	2012-07-26 03:27:53	Diapolo	2012-07-26 08:11:46	src/qt/askpassphrasedialog.cpp	True	True	True	True
1632	luke-jr	2012-07-26 03:27:53	Diapolo	2012-07-26 08:11:46	src/netbase.h	True	True	True	True
1632	luke-jr	2012-07-26 03:27:53	Diapolo	2012-07-26 08:11:46	src/netbase.cpp	True	True	True	True
1632	luke-jr	2012-07-26 03:27:53	Diapolo	2012-07-26 08:11:46	src/net.cpp	True	True	True	True
1632	luke-jr	2012-07-26 03:27:53	Diapolo	2012-07-26 08:11:46	src/main.cpp	True	True	True	True
1632	luke-jr	2012-07-26 03:27:53	Diapolo	2012-07-26 08:11:46	src/key.cpp	True	True	True	True
1632	luke-jr	2012-07-26 03:27:53	Diapolo	2012-07-26 08:11:46	src/irc.cpp	True	True	True	True
1632	luke-jr	2012-07-26 03:27:53	Diapolo	2012-07-26 08:11:46	src/init.cpp	True	True	True	True
1632	luke-jr	2012-07-26 03:27:53	Diapolo	2012-07-26 08:11:46	src/crypter.cpp	True	True	True	True
1632	luke-jr	2012-07-26 03:27:53	Diapolo	2012-07-26 08:11:46	src/bitcoinrpc.cpp	True	True	True	True
1632	luke-jr	2012-07-26 03:27:53	Diapolo	2012-07-26 08:11:46	src/base58.h	True	True	True	True
1632	luke-jr	2012-07-26 03:27:53	Diapolo	2012-07-26 08:11:46	src/addrman.h	True	True	True	True
1632	luke-jr	2012-07-26 03:27:53	Diapolo	2012-07-26 08:11:46	src/qt/bitcoinunits.h	True	True	True	True
1632	luke-jr	2012-07-26 03:27:53	Diapolo	2012-07-26 08:11:46	src/main.h	True	True	True	True
1632	luke-jr	2012-07-26 03:27:53	Diapolo	2012-07-26 08:11:46	src/qt/guiutil.h	True	True	True	True
1632	luke-jr	2012-07-26 03:27:53	Diapolo	2012-07-26 08:11:46	src/wallet.cpp	True	True	True	True
1632	luke-jr	2012-07-26 03:27:53	Diapolo	2012-07-26 08:11:46	src/qt/notificator.cpp	True	True	True	True
1632	luke-jr	2012-07-26 03:27:53	Diapolo	2012-07-26 08:11:46	src/test/wallet_tests.cpp	True	True	True	True
1632	luke-jr	2012-07-26 03:27:53	Diapolo	2012-07-26 08:11:46	src/version.h	True	True	True	True
1632	luke-jr	2012-07-26 03:27:53	Diapolo	2012-07-26 08:11:46	src/qt/bitcoinunits.cpp	True	True	True	True
1632	luke-jr	2012-07-26 03:27:53	Diapolo	2012-07-26 08:11:46	doc/unit-tests.txt	True	True	True	True
1632	luke-jr	2012-07-26 03:27:53	Diapolo	2012-07-26 08:11:46	doc/Tor.txt	True	True	True	True
1632	luke-jr	2012-07-26 03:27:53	Diapolo	2012-07-26 08:11:46	doc/Doxyfile	True	True	True	True
1632	luke-jr	2012-07-26 03:27:53	Diapolo	2012-07-26 08:11:46	src/util.cpp	True	True	True	True
1632	luke-jr	2012-07-26 03:27:53	Diapolo	2012-07-26 08:11:46	src/util.h	True	True	True	True
1632	luke-jr	2012-07-26 03:27:53	Diapolo	2012-07-26 08:11:46	src/test/DoS_tests.cpp	True	True	True	True
1632	luke-jr	2012-07-26 03:27:53	Diapolo	2012-07-26 08:11:46	src/script.cpp	True	True	True	True
1632	luke-jr	2012-07-26 03:27:53	Diapolo	2012-07-26 08:11:46	src/qt/transactionview.cpp	True	True	True	True
1632	luke-jr	2012-07-26 03:27:53	Diapolo	2012-07-26 08:11:46	src/qt/transactionfilterproxy.h	True	True	True	True
1632	luke-jr	2012-07-26 03:27:53	Diapolo	2012-07-26 08:11:46	src/qt/signverifymessagedialog.cpp	True	True	True	True
1632	luke-jr	2012-07-26 03:27:53	Diapolo	2012-07-26 08:11:46	src/test/script_P2SH_tests.cpp	True	True	True	True
1632	luke-jr	2012-07-26 03:27:53	Diapolo	2012-07-26 08:11:46	src/qt/notificator.h	True	True	True	True
1620	luke-jr	2012-07-22 21:35:45	Diapolo	2012-07-22 22:30:36	src/qt/forms/aboutdialog.ui	True	True	True	True
1620	luke-jr	2012-07-22 21:35:45	Diapolo	2012-07-22 22:29:08	src/qt/forms/sendcoinsdialog.ui	True	True	True	True
1620	luke-jr	2012-07-22 21:35:45	Diapolo	2012-07-22 22:29:08	src/qt/forms/signverifymessagedialog.ui	True	True	True	True
1620	luke-jr	2012-07-22 21:35:45	Diapolo	2012-07-22 22:29:08	src/qt/forms/transactiondescdialog.ui	True	True	True	True
1620	luke-jr	2012-07-22 21:35:45	Diapolo	2012-07-22 22:30:18	src/qt/bitcoingui.cpp	True	True	True	True
1620	luke-jr	2012-07-22 21:35:45	Diapolo	2012-07-22 22:30:36	src/qt/bitcoingui.cpp	True	True	True	True
1620	luke-jr	2012-07-22 21:35:45	Diapolo	2012-07-22 22:30:36	src/qt/forms/optionsdialog.ui	True	True	True	True
1620	luke-jr	2012-07-22 21:35:45	Diapolo	2012-07-22 22:30:36	src/qt/forms/askpassphrasedialog.ui	True	True	True	True
1620	luke-jr	2012-07-22 21:35:45	Diapolo	2012-07-22 22:30:36	src/qt/forms/editaddressdialog.ui	True	True	True	True
1620	luke-jr	2012-07-22 21:35:45	Diapolo	2012-07-22 22:30:36	src/qt/forms/rpcconsole.ui	True	True	True	True
1620	luke-jr	2012-07-22 21:35:45	Diapolo	2012-07-22 22:30:36	src/qt/forms/sendcoinsdialog.ui	True	True	True	True
1620	luke-jr	2012-07-22 21:35:45	Diapolo	2012-07-22 22:29:08	src/qt/forms/optionsdialog.ui	True	True	True	True
1620	luke-jr	2012-07-22 21:35:45	Diapolo	2012-07-22 22:29:08	src/qt/forms/rpcconsole.ui	True	True	True	True
1620	luke-jr	2012-07-22 21:35:45	Diapolo	2012-07-22 22:30:18	src/qt/forms/optionsdialog.ui	True	True	True	True
1620	luke-jr	2012-07-22 21:35:45	Diapolo	2012-07-22 22:29:08	src/qt/forms/editaddressdialog.ui	True	True	True	True
1620	luke-jr	2012-07-22 21:35:45	Diapolo	2012-07-22 22:29:08	src/qt/forms/askpassphrasedialog.ui	True	True	True	True
1620	luke-jr	2012-07-22 21:35:45	Diapolo	2012-07-22 22:29:08	src/qt/forms/aboutdialog.ui	True	True	True	True
1620	luke-jr	2012-07-22 21:35:45	Diapolo	2012-07-22 22:29:08	src/qt/bitcoingui.cpp	True	True	True	True
1620	luke-jr	2012-07-22 21:35:45	Diapolo	2012-07-22 22:30:18	src/qt/forms/transactiondescdialog.ui	True	True	True	True
1620	luke-jr	2012-07-22 21:35:45	Diapolo	2012-07-22 22:30:18	src/qt/forms/signverifymessagedialog.ui	True	True	True	True
1620	luke-jr	2012-07-22 21:35:45	Diapolo	2012-07-22 22:30:18	src/qt/forms/sendcoinsdialog.ui	True	True	True	True
1620	luke-jr	2012-07-22 21:35:45	Diapolo	2012-07-22 22:30:18	src/qt/forms/rpcconsole.ui	True	True	True	True
1620	luke-jr	2012-07-22 21:35:45	Diapolo	2012-07-22 22:30:18	src/qt/forms/editaddressdialog.ui	True	True	True	True
1620	luke-jr	2012-07-22 21:35:45	Diapolo	2012-07-22 22:30:18	src/qt/forms/askpassphrasedialog.ui	True	True	True	True
1620	luke-jr	2012-07-22 21:35:45	Diapolo	2012-07-22 22:30:18	src/qt/forms/aboutdialog.ui	True	True	True	True
1620	luke-jr	2012-07-22 21:35:45	Diapolo	2012-07-22 22:30:36	src/qt/forms/transactiondescdialog.ui	True	True	True	True
1620	luke-jr	2012-07-22 21:35:45	Diapolo	2012-07-22 22:30:36	src/qt/forms/signverifymessagedialog.ui	True	True	True	True
1620	luke-jr	2012-07-22 21:35:45	Diapolo	2012-07-22 22:37:26	src/qt/bitcoingui.cpp	True	True	True	True
1620	luke-jr	2012-07-22 21:35:45	Diapolo	2012-07-22 22:36:48	src/qt/bitcoingui.cpp	True	True	True	True
1620	luke-jr	2012-07-22 21:35:45	Diapolo	2012-07-22 22:37:26	src/qt/forms/signverifymessagedialog.ui	True	True	True	True
1620	luke-jr	2012-07-22 21:35:45	Diapolo	2012-07-22 22:36:48	src/qt/forms/aboutdialog.ui	True	True	True	True
1620	luke-jr	2012-07-22 21:35:45	Diapolo	2012-07-22 22:35:41	src/qt/forms/transactiondescdialog.ui	True	True	True	True
1620	luke-jr	2012-07-22 21:35:45	Diapolo	2012-07-22 22:35:41	src/qt/forms/signverifymessagedialog.ui	True	True	True	True
1620	luke-jr	2012-07-22 21:35:45	Diapolo	2012-07-22 22:35:41	src/qt/forms/sendcoinsdialog.ui	True	True	True	True
1620	luke-jr	2012-07-22 21:35:45	Diapolo	2012-07-22 22:35:41	src/qt/forms/rpcconsole.ui	True	True	True	True
1620	luke-jr	2012-07-22 21:35:45	Diapolo	2012-07-22 22:35:41	src/qt/forms/optionsdialog.ui	True	True	True	True
1620	luke-jr	2012-07-22 21:35:45	Diapolo	2012-07-22 22:35:41	src/qt/forms/editaddressdialog.ui	True	True	True	True
1620	luke-jr	2012-07-22 21:35:45	Diapolo	2012-07-22 22:35:41	src/qt/forms/askpassphrasedialog.ui	True	True	True	True
1620	luke-jr	2012-07-22 21:35:45	Diapolo	2012-07-22 22:35:41	src/qt/forms/aboutdialog.ui	True	True	True	True
1620	luke-jr	2012-07-22 21:35:45	Diapolo	2012-07-22 22:35:41	src/qt/bitcoingui.cpp	True	True	True	True
1620	luke-jr	2012-07-22 21:35:45	Diapolo	2012-07-22 22:37:26	src/qt/forms/transactiondescdialog.ui	True	True	True	True
1620	luke-jr	2012-07-22 21:35:45	Diapolo	2012-07-22 22:37:26	src/qt/forms/sendcoinsdialog.ui	True	True	True	True
1620	luke-jr	2012-07-22 21:35:45	Diapolo	2012-07-22 22:37:26	src/qt/forms/rpcconsole.ui	True	True	True	True
1620	luke-jr	2012-07-22 21:35:45	Diapolo	2012-07-22 22:37:26	src/qt/forms/optionsdialog.ui	True	True	True	True
1620	luke-jr	2012-07-22 21:35:45	Diapolo	2012-07-22 22:37:26	src/qt/forms/editaddressdialog.ui	True	True	True	True
1620	luke-jr	2012-07-22 21:35:45	Diapolo	2012-07-22 22:37:26	src/qt/forms/askpassphrasedialog.ui	True	True	True	True
1620	luke-jr	2012-07-22 21:35:45	Diapolo	2012-07-22 22:37:26	src/qt/forms/aboutdialog.ui	True	True	True	True
1620	luke-jr	2012-07-22 21:35:45	Diapolo	2012-07-22 22:36:48	src/qt/forms/transactiondescdialog.ui	True	True	True	True
1620	luke-jr	2012-07-22 21:35:45	Diapolo	2012-07-22 22:36:48	src/qt/forms/signverifymessagedialog.ui	True	True	True	True
1620	luke-jr	2012-07-22 21:35:45	Diapolo	2012-07-22 22:36:48	src/qt/forms/sendcoinsdialog.ui	True	True	True	True
1620	luke-jr	2012-07-22 21:35:45	Diapolo	2012-07-22 22:36:48	src/qt/forms/rpcconsole.ui	True	True	True	True
1620	luke-jr	2012-07-22 21:35:45	Diapolo	2012-07-22 22:36:48	src/qt/forms/optionsdialog.ui	True	True	True	True
1620	luke-jr	2012-07-22 21:35:45	Diapolo	2012-07-22 22:36:48	src/qt/forms/editaddressdialog.ui	True	True	True	True
1620	luke-jr	2012-07-22 21:35:45	Diapolo	2012-07-22 22:36:48	src/qt/forms/askpassphrasedialog.ui	True	True	True	True
1615	Diapolo	2012-07-20 10:21:47	laanwj	2012-07-20 10:53:09	src/net.cpp	True	True	True	True
1614	Diapolo	2012-07-20 06:50:43	laanwj	2012-07-24 06:22:28	src/init.cpp	True	True	True	True
1607	Diapolo	2012-07-18 05:37:11	grue0	2012-07-19 18:12:48	src/qt/res/bitcoin-qt.rc	True	True	True	True
1607	Diapolo	2012-07-18 05:37:11	grue0	2012-07-19 18:17:17	src/qt/res/bitcoin-qt.rc	True	True	True	True
1594	Diapolo	2012-07-13 07:04:23	laanwj	2012-07-17 06:54:56	src/qt/bitcoingui.cpp	True	True	True	True
1594	Diapolo	2012-07-13 07:04:23	laanwj	2012-07-17 07:27:00	src/qt/bitcoingui.h	True	True	True	True
1594	Diapolo	2012-07-13 07:04:23	laanwj	2012-07-17 07:27:00	src/qt/bitcoingui.cpp	True	True	True	True
1594	Diapolo	2012-07-13 07:04:23	laanwj	2012-07-17 06:54:56	src/qt/bitcoingui.h	True	True	True	True
1583	luke-jr	2012-07-11 18:54:17	Diapolo	2012-07-11 19:33:11	src/txmempool.h	True	True	True	True
1583	luke-jr	2012-07-11 18:54:17	gavinandresen	2012-07-12 15:05:15	src/rpcserver.cpp	True	True	True	True
1583	luke-jr	2012-07-11 18:54:17	Diapolo	2012-07-11 19:33:11	src/rpcserver.h	True	True	True	True
1583	luke-jr	2012-07-11 18:54:17	gavinandresen	2012-07-12 15:04:42	src/main.cpp	True	True	True	True
1583	luke-jr	2012-07-11 18:54:17	Diapolo	2012-07-11 19:33:11	src/rpcserver.cpp	True	True	True	True
1583	luke-jr	2012-07-11 18:54:17	Diapolo	2012-07-11 19:33:11	src/rpcmining.cpp	True	True	True	True
1583	luke-jr	2012-07-11 18:54:17	Diapolo	2012-07-11 19:33:11	src/rpcclient.cpp	True	True	True	True
1583	luke-jr	2012-07-11 18:54:17	Diapolo	2012-07-11 19:33:11	src/miner.cpp	True	True	True	True
1583	luke-jr	2012-07-11 18:54:17	Diapolo	2012-07-11 19:33:11	src/main.cpp	True	True	True	True
1583	luke-jr	2012-07-11 18:54:17	gavinandresen	2012-07-12 15:05:15	src/txmempool.h	True	True	True	True
1583	luke-jr	2012-07-11 18:54:17	gavinandresen	2012-07-12 15:05:15	src/txmempool.cpp	True	True	True	True
1583	luke-jr	2012-07-11 18:54:17	gavinandresen	2012-07-12 15:05:15	src/rpcserver.h	True	True	True	True
1583	luke-jr	2012-07-11 18:54:17	gavinandresen	2012-07-12 15:05:15	src/rpcclient.cpp	True	True	True	True
1583	luke-jr	2012-07-11 18:54:17	gavinandresen	2012-07-12 15:05:15	src/rpcmining.cpp	True	True	True	True
1583	luke-jr	2012-07-11 18:54:17	gavinandresen	2012-07-12 15:05:15	src/miner.cpp	True	True	True	True
1583	luke-jr	2012-07-11 18:54:17	gavinandresen	2012-07-12 15:05:15	src/main.cpp	True	True	True	True
1583	luke-jr	2012-07-11 18:54:17	gavinandresen	2012-07-12 15:04:42	src/txmempool.h	True	True	True	True
1583	luke-jr	2012-07-11 18:54:17	gavinandresen	2012-07-12 15:04:42	src/txmempool.cpp	True	True	True	True
1583	luke-jr	2012-07-11 18:54:17	gavinandresen	2012-07-12 15:04:42	src/rpcserver.h	True	True	True	True
1583	luke-jr	2012-07-11 18:54:17	gavinandresen	2012-07-12 15:04:42	src/rpcserver.cpp	True	True	True	True
1583	luke-jr	2012-07-11 18:54:17	gavinandresen	2012-07-12 15:04:42	src/rpcmining.cpp	True	True	True	True
1583	luke-jr	2012-07-11 18:54:17	gavinandresen	2012-07-12 15:04:42	src/rpcclient.cpp	True	True	True	True
1583	luke-jr	2012-07-11 18:54:17	gavinandresen	2012-07-12 15:04:42	src/miner.cpp	True	True	True	True
1583	luke-jr	2012-07-11 18:54:17	Diapolo	2012-07-11 19:33:11	src/txmempool.cpp	True	True	True	True
1583	luke-jr	2012-07-11 18:54:17	laanwj	2013-05-30 17:33:00	src/rpcmining.cpp	True	True	True	True
1583	luke-jr	2012-07-11 18:54:17	laanwj	2013-05-30 17:33:00	src/main.cpp	True	True	True	True
1583	luke-jr	2012-07-11 18:54:17	sipa	2012-08-13 16:01:26	src/rpcserver.h	True	True	True	True
1583	luke-jr	2012-07-11 18:54:17	laanwj	2013-05-30 17:33:00	src/miner.cpp	True	True	True	True
1583	luke-jr	2012-07-11 18:54:17	gavinandresen	2013-02-13 23:00:20	src/txmempool.h	True	True	True	True
1583	luke-jr	2012-07-11 18:54:17	gavinandresen	2013-02-13 23:00:20	src/txmempool.cpp	True	True	True	True
1583	luke-jr	2012-07-11 18:54:17	gavinandresen	2013-02-13 23:00:20	src/rpcserver.h	True	True	True	True
1583	luke-jr	2012-07-11 18:54:17	gavinandresen	2013-02-13 23:00:20	src/rpcserver.cpp	True	True	True	True
1583	luke-jr	2012-07-11 18:54:17	gavinandresen	2013-02-13 23:00:20	src/rpcmining.cpp	True	True	True	True
1583	luke-jr	2012-07-11 18:54:17	gavinandresen	2013-02-13 23:00:20	src/rpcclient.cpp	True	True	True	True
1583	luke-jr	2012-07-11 18:54:17	gavinandresen	2013-02-13 23:00:20	src/miner.cpp	True	True	True	True
1583	luke-jr	2012-07-11 18:54:17	gavinandresen	2013-02-13 23:00:20	src/main.cpp	True	True	True	True
1583	luke-jr	2012-07-11 18:54:17	sipa	2012-08-13 16:01:26	src/txmempool.cpp	True	True	True	True
1583	luke-jr	2012-07-11 18:54:17	sipa	2012-08-13 16:01:26	src/txmempool.h	True	True	True	True
1583	luke-jr	2012-07-11 18:54:17	sipa	2012-08-13 16:01:26	src/rpcserver.cpp	True	True	True	True
1583	luke-jr	2012-07-11 18:54:17	sipa	2012-08-13 16:01:26	src/rpcmining.cpp	True	True	True	True
1583	luke-jr	2012-07-11 18:54:17	sipa	2012-08-13 16:01:26	src/rpcclient.cpp	True	True	True	True
1583	luke-jr	2012-07-11 18:54:17	sipa	2012-08-13 16:01:26	src/miner.cpp	True	True	True	True
1583	luke-jr	2012-07-11 18:54:17	sipa	2012-08-13 16:01:26	src/main.cpp	True	True	True	True
1583	luke-jr	2012-07-11 18:54:17	laanwj	2013-05-30 17:33:00	src/txmempool.h	True	True	True	True
1583	luke-jr	2012-07-11 18:54:17	laanwj	2013-05-30 17:33:00	src/txmempool.cpp	True	True	True	True
1583	luke-jr	2012-07-11 18:54:17	laanwj	2013-05-30 17:33:00	src/rpcserver.h	True	True	True	True
1583	luke-jr	2012-07-11 18:54:17	laanwj	2013-05-30 17:33:00	src/rpcserver.cpp	True	True	True	True
1583	luke-jr	2012-07-11 18:54:17	laanwj	2013-05-30 17:33:00	src/rpcclient.cpp	True	True	True	True
1577	TheBlueMatt	2012-07-10 19:58:40	gavinandresen	2012-07-17 00:24:37	src/checkpoints.h	True	True	True	True
1577	TheBlueMatt	2012-07-10 19:58:40	gavinandresen	2012-07-17 00:24:37	src/init.cpp	True	True	True	True
1577	TheBlueMatt	2012-07-10 19:58:40	gavinandresen	2012-07-17 00:24:37	src/uint256.h	True	True	True	True
1577	TheBlueMatt	2012-07-10 19:58:40	gavinandresen	2012-07-17 00:24:37	src/checkpoints.cpp	False	True	True	True
1577	TheBlueMatt	2012-07-10 19:58:40	gavinandresen	2012-07-17 00:24:37	src/checkpoints.cpp	True	True	True	True
1577	TheBlueMatt	2012-07-10 19:58:40	gavinandresen	2012-07-17 00:24:37	contrib/gitian-descriptors/gitian-win32.yml	True	True	True	True
1577	TheBlueMatt	2012-07-10 19:58:40	gavinandresen	2012-07-17 00:24:37	src/main.cpp	True	True	True	True
1577	TheBlueMatt	2012-07-10 19:58:40	gavinandresen	2012-07-17 00:24:37	contrib/gitian-descriptors/gitian.yml	True	True	True	True
1577	TheBlueMatt	2012-07-10 19:58:40	gavinandresen	2012-07-17 00:24:37	src/checkpoints_def.cpp	True	True	True	True
1571	Diapolo	2012-07-09 09:38:51	laanwj	2012-07-17 06:30:25	src/qt/optionsdialog.h	True	False	True	True
1571	Diapolo	2012-07-09 09:38:51	laanwj	2012-07-10 10:34:01	src/qt/optionsdialog.cpp	True	False	True	True
1571	Diapolo	2012-07-09 09:38:51	laanwj	2012-07-10 10:34:01	src/qt/optionsdialog.h	True	False	True	True
1571	Diapolo	2012-07-09 09:38:51	laanwj	2012-07-10 10:34:31	src/qt/optionsdialog.h	True	False	True	True
1571	Diapolo	2012-07-09 09:38:51	laanwj	2012-07-17 06:30:25	src/qt/optionsdialog.cpp	True	False	True	True
1571	Diapolo	2012-07-09 09:38:51	laanwj	2012-07-10 10:34:31	src/qt/optionsdialog.cpp	True	False	True	True
1571	Diapolo	2012-07-09 09:38:51	laanwj	2012-07-21 15:22:26	src/qt/optionsdialog.cpp	True	False	True	True
1571	Diapolo	2012-07-09 09:38:51	laanwj	2012-07-21 15:22:26	src/qt/optionsdialog.h	True	False	True	True
1571	Diapolo	2012-07-09 09:38:51	laanwj	2012-07-10 11:37:56	src/qt/optionsdialog.cpp	True	False	True	True
1571	Diapolo	2012-07-09 09:38:51	laanwj	2012-07-10 11:37:56	src/qt/optionsdialog.h	True	False	True	True
1564	Diapolo	2012-07-06 12:03:01	TheBlueMatt	2012-07-06 16:48:58	src/qt/bitcoin.cpp	True	True	True	True
1564	Diapolo	2012-07-06 12:03:01	TheBlueMatt	2012-07-06 16:56:08	src/qt/bitcoin.cpp	True	True	True	True
1564	Diapolo	2012-07-06 12:03:01	TheBlueMatt	2012-07-06 16:56:08	src/qt/guiconstants.h	True	True	True	True
1564	Diapolo	2012-07-06 12:03:01	TheBlueMatt	2012-07-06 16:48:24	src/qt/qtipcserver.cpp	True	True	True	True
1564	Diapolo	2012-07-06 12:03:01	TheBlueMatt	2012-07-06 16:48:24	src/qt/guiconstants.h	True	True	True	True
1564	Diapolo	2012-07-06 12:03:01	TheBlueMatt	2012-07-06 16:48:24	src/qt/bitcoin.cpp	True	True	True	True
1564	Diapolo	2012-07-06 12:03:01	TheBlueMatt	2012-07-06 16:48:58	src/qt/qtipcserver.h	True	True	True	True
1564	Diapolo	2012-07-06 12:03:01	TheBlueMatt	2012-07-06 16:48:58	src/qt/qtipcserver.cpp	True	True	True	True
1564	Diapolo	2012-07-06 12:03:01	TheBlueMatt	2012-07-06 16:48:58	src/qt/guiconstants.h	True	True	True	True
1564	Diapolo	2012-07-06 12:03:01	TheBlueMatt	2012-07-06 16:48:24	src/qt/qtipcserver.h	True	True	True	True
1564	Diapolo	2012-07-06 12:03:01	TheBlueMatt	2012-07-06 16:49:53	src/qt/qtipcserver.h	True	True	True	True
1564	Diapolo	2012-07-06 12:03:01	TheBlueMatt	2012-07-06 16:49:53	src/qt/qtipcserver.cpp	True	True	True	True
1564	Diapolo	2012-07-06 12:03:01	TheBlueMatt	2012-07-06 16:49:53	src/qt/guiconstants.h	True	True	True	True
1564	Diapolo	2012-07-06 12:03:01	TheBlueMatt	2012-07-06 16:49:53	src/qt/bitcoin.cpp	True	True	True	True
1564	Diapolo	2012-07-06 12:03:01	TheBlueMatt	2012-07-06 16:51:40	src/qt/qtipcserver.h	True	True	True	True
1564	Diapolo	2012-07-06 12:03:01	TheBlueMatt	2012-07-06 16:51:40	src/qt/qtipcserver.cpp	True	True	True	True
1564	Diapolo	2012-07-06 12:03:01	TheBlueMatt	2012-07-06 16:51:40	src/qt/guiconstants.h	True	True	True	True
1564	Diapolo	2012-07-06 12:03:01	TheBlueMatt	2012-07-06 16:51:40	src/qt/bitcoin.cpp	True	True	True	True
1564	Diapolo	2012-07-06 12:03:01	TheBlueMatt	2012-07-06 16:56:08	src/qt/qtipcserver.h	True	True	True	True
1564	Diapolo	2012-07-06 12:03:01	TheBlueMatt	2012-07-06 16:56:08	src/qt/qtipcserver.cpp	True	True	True	True
1564	Diapolo	2012-07-06 12:03:01	laanwj	2012-07-08 08:12:48	src/qt/qtipcserver.cpp	True	True	True	True
1564	Diapolo	2012-07-06 12:03:01	TheBlueMatt	2012-07-06 16:53:02	src/qt/bitcoin.cpp	True	True	True	True
1564	Diapolo	2012-07-06 12:03:01	TheBlueMatt	2012-07-06 15:42:06	src/qt/qtipcserver.cpp	True	True	True	True
1564	Diapolo	2012-07-06 12:03:01	laanwj	2012-07-16 18:13:34	src/qt/qtipcserver.h	True	True	True	True
1564	Diapolo	2012-07-06 12:03:01	laanwj	2012-07-16 18:13:34	src/qt/qtipcserver.cpp	True	True	True	True
1564	Diapolo	2012-07-06 12:03:01	laanwj	2012-07-16 18:13:34	src/qt/guiconstants.h	True	True	True	True
1564	Diapolo	2012-07-06 12:03:01	laanwj	2012-07-16 18:13:34	src/qt/bitcoin.cpp	True	True	True	True
1564	Diapolo	2012-07-06 12:03:01	laanwj	2012-07-17 06:17:30	src/qt/qtipcserver.h	True	True	True	True
1564	Diapolo	2012-07-06 12:03:01	laanwj	2012-07-17 06:17:30	src/qt/qtipcserver.cpp	True	True	True	True
1564	Diapolo	2012-07-06 12:03:01	laanwj	2012-07-17 06:17:30	src/qt/guiconstants.h	True	True	True	True
1564	Diapolo	2012-07-06 12:03:01	TheBlueMatt	2012-07-06 15:42:06	src/qt/qtipcserver.h	True	True	True	True
1564	Diapolo	2012-07-06 12:03:01	laanwj	2012-07-17 06:17:30	src/qt/bitcoin.cpp	True	True	True	True
1564	Diapolo	2012-07-06 12:03:01	TheBlueMatt	2012-07-06 15:42:06	src/qt/guiconstants.h	True	True	True	True
1564	Diapolo	2012-07-06 12:03:01	TheBlueMatt	2012-07-06 15:42:06	src/qt/bitcoin.cpp	True	True	True	True
1564	Diapolo	2012-07-06 12:03:01	laanwj	2012-07-08 08:12:48	src/qt/qtipcserver.h	True	True	True	True
1564	Diapolo	2012-07-06 12:03:01	TheBlueMatt	2012-07-06 16:53:02	src/qt/guiconstants.h	True	True	True	True
1564	Diapolo	2012-07-06 12:03:01	laanwj	2012-07-08 08:12:48	src/qt/guiconstants.h	True	True	True	True
1564	Diapolo	2012-07-06 12:03:01	laanwj	2012-07-08 08:12:48	src/qt/bitcoin.cpp	True	True	True	True
1564	Diapolo	2012-07-06 12:03:01	TheBlueMatt	2012-07-06 16:53:02	src/qt/qtipcserver.h	True	True	True	True
1564	Diapolo	2012-07-06 12:03:01	TheBlueMatt	2012-07-06 16:53:02	src/qt/qtipcserver.cpp	True	True	True	True
1563	Diapolo	2012-07-06 09:16:27	laanwj	2012-07-18 09:11:06	bitcoin-qt.pro	True	True	True	True
1559	sje397	2012-07-05 16:10:12	laanwj	2012-07-06 06:48:04	src/qt/walletmodel.h	True	True	True	True
1559	sje397	2012-07-05 16:10:12	laanwj	2012-07-06 06:48:04	src/qt/walletmodel.cpp	True	True	True	True
1559	sje397	2012-07-05 16:10:12	laanwj	2012-07-06 06:48:04	src/qt/clientmodel.cpp	True	True	True	True
1554	jgarzik	2012-07-04 04:11:44	sipa	2012-07-04 09:01:09	src/main.h	False	True	True	True
1554	jgarzik	2012-07-04 04:11:44	sipa	2012-07-04 09:01:09	src/main.cpp	False	True	True	True
1554	jgarzik	2012-07-04 04:11:44	sipa	2012-07-04 09:01:09	src/main.cpp	True	True	True	True
1551	TheBlueMatt	2012-07-03 02:52:35	sipa	2012-07-03 14:22:17	src/test/test_bitcoin.cpp	True	True	True	True
1551	TheBlueMatt	2012-07-03 02:52:35	sipa	2012-07-03 14:22:17	src/sync.h	True	True	True	True
1551	TheBlueMatt	2012-07-03 02:52:35	sipa	2012-07-03 14:22:17	src/test/sync_tests.cpp	True	True	True	True
1551	TheBlueMatt	2012-07-03 02:52:35	sipa	2012-07-03 14:22:17	src/sync.cpp	True	True	True	True
1551	TheBlueMatt	2012-07-03 02:52:35	sipa	2012-07-03 14:22:17	src/util.cpp	True	True	True	True
1551	TheBlueMatt	2012-07-03 02:52:35	sipa	2012-07-03 14:22:17	src/sync.cpp	False	True	True	True
1551	TheBlueMatt	2012-07-03 02:52:35	sipa	2012-07-03 14:22:17	src/sync.h	False	True	True	True
