pr_number	author_user_login	pr_created_at	comment_user_login	comment_created_at	is_review_issue_comment
421	phantomcircuit	2011-07-20 23:07:20	luke-jr	2011-12-02 19:41:49	True
421	phantomcircuit	2011-07-20 23:07:20	TheBlueMatt	2012-03-12 16:42:32	True
421	phantomcircuit	2011-07-20 23:07:20	mikehearn	2012-03-10 16:57:13	True
421	phantomcircuit	2011-07-20 23:07:20	gavinandresen	2011-12-23 16:06:56	True
421	phantomcircuit	2011-07-20 23:07:20	luke-jr	2011-12-23 15:20:48	True
421	phantomcircuit	2011-07-20 23:07:20	luke-jr	2011-10-12 18:13:24	True
421	phantomcircuit	2011-07-20 23:07:20	gavinandresen	2011-08-09 16:16:30	True
421	phantomcircuit	2011-07-20 23:07:20	sipa	2011-07-25 08:57:43	True
421	phantomcircuit	2011-07-20 23:07:20	alexwaters	2011-09-30 08:05:47	True
368	TheBlueMatt	2011-07-01 00:14:04	jgarzik	2011-07-01 00:14:40	True
368	TheBlueMatt	2011-07-01 00:14:04	gavinandresen	2011-07-01 15:12:21	True
