pr_number	author_user_login	pr_created_at	review_comment_user_login	review_comment_created_at	is_review_review_comment
8436	jwilkins	2016-07-31 19:09:27	paveljanik	2016-07-31 19:38:45	True
8428	Christewart	2016-07-29 16:53:24	paveljanik	2016-07-30 19:31:37	True
8428	Christewart	2016-07-29 16:53:24	paveljanik	2016-07-30 19:31:20	True
8422	NicolasDorier	2016-07-29 01:57:27	sipa	2016-07-29 23:30:28	True
8422	NicolasDorier	2016-07-29 01:57:27	sipa	2016-07-29 23:31:53	True
8422	NicolasDorier	2016-07-29 01:57:27	sipa	2016-07-29 23:32:36	True
8422	NicolasDorier	2016-07-29 01:57:27	sipa	2016-07-29 23:31:23	True
8422	NicolasDorier	2016-07-29 01:57:27	instagibbs	2016-07-29 13:01:13	True
8422	NicolasDorier	2016-07-29 01:57:27	sipa	2016-07-29 23:33:11	True
8422	NicolasDorier	2016-07-29 01:57:27	sipa	2016-07-30 04:15:08	True
8422	NicolasDorier	2016-07-29 01:57:27	sipa	2016-07-29 23:30:37	True
8422	NicolasDorier	2016-07-29 01:57:27	sipa	2016-07-29 23:50:23	True
8422	NicolasDorier	2016-07-29 01:57:27	sipa	2016-07-29 23:33:45	True
8421	theuni	2016-07-28 23:14:40	dcousens	2016-07-29 01:19:06	True
8421	theuni	2016-07-28 23:14:40	laanwj	2016-07-29 06:17:48	True
8419	sdaftuar	2016-07-28 18:34:05	laanwj	2016-08-01 08:42:03	True
8415	ad90df8e708e8fa8153e56a059	2016-07-28 04:42:05	laanwj	2016-07-28 07:53:57	True
8415	ad90df8e708e8fa8153e56a059	2016-07-28 04:42:05	laanwj	2016-07-28 08:03:31	True
8407	jonasschnelli	2016-07-26 12:07:08	sipa	2016-07-26 12:44:04	True
8407	jonasschnelli	2016-07-26 12:07:08	laanwj	2016-07-26 14:14:43	True
8407	jonasschnelli	2016-07-26 12:07:08	laanwj	2016-07-26 12:36:34	True
8403	rebroad	2016-07-25 15:27:33	laanwj	2016-07-25 15:58:08	True
8394	UdjinM6	2016-07-23 15:20:37	MarcoFalke	2016-08-19 08:27:03	True
8394	UdjinM6	2016-07-23 15:20:37	laanwj	2016-07-23 15:22:31	True
8394	UdjinM6	2016-07-23 15:20:37	MarcoFalke	2016-08-19 08:15:38	True
8394	UdjinM6	2016-07-23 15:20:37	MarcoFalke	2016-08-19 08:25:42	True
8394	UdjinM6	2016-07-23 15:20:37	MarcoFalke	2016-08-19 08:22:44	True
8393	sipa	2016-07-22 15:22:16	instagibbs	2016-09-21 21:23:38	True
8393	sipa	2016-07-22 15:22:16	TheBlueMatt	2016-09-21 20:28:29	True
8393	sipa	2016-07-22 15:22:16	instagibbs	2016-09-20 19:33:13	True
8393	sipa	2016-07-22 15:22:16	instagibbs	2016-09-22 13:32:09	True
8393	sipa	2016-07-22 15:22:16	TheBlueMatt	2016-09-22 14:10:48	True
8393	sipa	2016-07-22 15:22:16	instagibbs	2016-09-22 14:13:13	True
8393	sipa	2016-07-22 15:22:16	sdaftuar	2016-09-28 19:01:11	True
8393	sipa	2016-07-22 15:22:16	instagibbs	2016-09-28 20:40:56	True
8393	sipa	2016-07-22 15:22:16	TheBlueMatt	2016-10-03 14:39:04	True
8393	sipa	2016-07-22 15:22:16	sdaftuar	2016-09-16 13:17:40	True
8393	sipa	2016-07-22 15:22:16	sdaftuar	2016-07-25 13:12:28	True
8393	sipa	2016-07-22 15:22:16	sdaftuar	2016-08-04 17:19:00	True
8393	sipa	2016-07-22 15:22:16	TheBlueMatt	2016-10-04 13:48:27	True
8393	sipa	2016-07-22 15:22:16	sdaftuar	2016-08-04 17:49:49	True
8392	sipa	2016-07-22 14:08:50	NicolasDorier	2016-07-24 02:41:43	True
8391	NicolasDorier	2016-07-21 23:40:15	jtimon	2016-07-22 14:54:33	True
8391	NicolasDorier	2016-07-21 23:40:15	jtimon	2016-07-22 15:21:46	True
8391	NicolasDorier	2016-07-21 23:40:15	jtimon	2016-07-22 14:50:42	True
8391	NicolasDorier	2016-07-21 23:40:15	MarcoFalke	2016-07-22 14:05:31	True
8391	NicolasDorier	2016-07-21 23:40:15	instagibbs	2016-07-22 14:04:17	True
8391	NicolasDorier	2016-07-21 23:40:15	instagibbs	2016-07-22 14:30:47	True
8391	NicolasDorier	2016-07-21 23:40:15	instagibbs	2016-07-22 14:07:16	True
8391	NicolasDorier	2016-07-21 23:40:15	MarcoFalke	2016-07-22 14:03:16	True
8391	NicolasDorier	2016-07-21 23:40:15	instagibbs	2016-07-22 14:29:06	True
8391	NicolasDorier	2016-07-21 23:40:15	instagibbs	2016-07-22 13:53:47	True
8391	NicolasDorier	2016-07-21 23:40:15	instagibbs	2016-07-22 13:40:27	True
8391	NicolasDorier	2016-07-21 23:40:15	laanwj	2016-07-22 12:36:07	True
8391	NicolasDorier	2016-07-21 23:40:15	instagibbs	2016-07-22 14:01:45	True
8391	NicolasDorier	2016-07-21 23:40:15	jtimon	2016-07-22 15:08:26	True
8391	NicolasDorier	2016-07-21 23:40:15	sipa	2016-07-22 14:27:01	True
8389	jonasschnelli	2016-07-21 19:21:20	luke-jr	2016-07-21 19:22:31	True
8389	jonasschnelli	2016-07-21 19:21:20	luke-jr	2016-07-21 19:22:55	True
8389	jonasschnelli	2016-07-21 19:21:20	MarcoFalke	2016-07-22 07:43:56	True
8389	jonasschnelli	2016-07-21 19:21:20	laanwj	2016-07-26 09:55:10	True
8389	jonasschnelli	2016-07-21 19:21:20	MarcoFalke	2016-07-21 19:27:06	True
8389	jonasschnelli	2016-07-21 19:21:20	dooglus	2016-07-21 21:03:20	True
8384	instagibbs	2016-07-20 19:15:02	mchrostowski	2017-05-16 23:36:22	True
8384	instagibbs	2016-07-20 19:15:02	mchrostowski	2017-05-16 23:30:53	True
8384	instagibbs	2016-07-20 19:15:02	jnewbery	2017-03-03 14:07:52	True
8384	instagibbs	2016-07-20 19:15:02	sipa	2017-01-26 17:06:22	True
8376	pstratem	2016-07-20 00:38:27	MarcoFalke	2016-07-20 08:00:33	True
8376	pstratem	2016-07-20 00:38:27	MarcoFalke	2016-07-31 14:24:50	True
8376	pstratem	2016-07-20 00:38:27	MarcoFalke	2016-07-20 08:06:08	True
8376	pstratem	2016-07-20 00:38:27	laanwj	2016-07-21 15:38:10	True
8376	pstratem	2016-07-20 00:38:27	jonasschnelli	2016-07-20 08:39:02	True
8376	pstratem	2016-07-20 00:38:27	MarcoFalke	2016-07-20 08:42:42	True
8375	pstratem	2016-07-19 23:43:53	sipa	2016-08-24 17:02:59	True
8375	pstratem	2016-07-19 23:43:53	MarcoFalke	2016-08-24 17:37:34	True
8375	pstratem	2016-07-19 23:43:53	instagibbs	2016-07-20 01:19:10	True
8375	pstratem	2016-07-19 23:43:53	jonasschnelli	2016-07-20 08:41:10	True
8374	sdaftuar	2016-07-19 20:08:07	sipa	2016-07-21 14:57:19	True
8374	sdaftuar	2016-07-19 20:08:07	luke-jr	2016-07-21 14:54:50	True
8374	sdaftuar	2016-07-19 20:08:07	luke-jr	2016-07-19 20:28:16	True
8374	sdaftuar	2016-07-19 20:08:07	luke-jr	2016-07-21 15:06:24	True
8374	sdaftuar	2016-07-19 20:08:07	luke-jr	2016-07-21 14:56:09	True
8374	sdaftuar	2016-07-19 20:08:07	sipa	2016-07-21 15:01:18	True
8374	sdaftuar	2016-07-19 20:08:07	sipa	2016-07-21 15:13:45	True
8374	sdaftuar	2016-07-19 20:08:07	luke-jr	2016-07-21 15:49:48	True
8371	jonasschnelli	2016-07-19 13:57:32	MarcoFalke	2016-09-21 08:16:33	True
8371	jonasschnelli	2016-07-19 13:57:32	MarcoFalke	2016-09-23 09:22:01	True
8371	jonasschnelli	2016-07-19 13:57:32	MarcoFalke	2016-09-23 11:59:26	True
8371	jonasschnelli	2016-07-19 13:57:32	MarcoFalke	2016-09-21 08:14:51	True
8371	jonasschnelli	2016-07-19 13:57:32	MarcoFalke	2016-09-21 08:12:20	True
8371	jonasschnelli	2016-07-19 13:57:32	MarcoFalke	2016-09-21 08:12:03	True
8367	jonasschnelli	2016-07-18 20:58:10	TheBlueMatt	2016-07-19 01:54:25	True
8365	sipa	2016-07-18 19:01:14	sdaftuar	2016-07-18 20:50:39	True
8356	NicolasDorier	2016-07-18 07:00:04	MarcoFalke	2016-07-18 07:50:42	True
8356	NicolasDorier	2016-07-18 07:00:04	MarcoFalke	2016-07-18 07:24:58	True
8356	NicolasDorier	2016-07-18 07:00:04	sipa	2016-07-18 07:27:56	True
8353	rodentrabies	2016-07-17 22:21:38	dcousens	2016-07-28 01:13:07	True
8353	rodentrabies	2016-07-17 22:21:38	dcousens	2016-08-03 21:29:01	True
8353	rodentrabies	2016-07-17 22:21:38	theuni	2016-07-28 02:41:58	True
8353	rodentrabies	2016-07-17 22:21:38	laanwj	2016-08-03 09:03:53	True
8353	rodentrabies	2016-07-17 22:21:38	theuni	2016-07-27 20:29:31	True
8353	rodentrabies	2016-07-17 22:21:38	dcousens	2016-07-28 01:43:58	True
8353	rodentrabies	2016-07-17 22:21:38	theuni	2016-07-18 21:57:52	True
8346	jtimon	2016-07-16 19:11:21	MarcoFalke	2016-07-17 11:47:17	True
8346	jtimon	2016-07-16 19:11:21	NicolasDorier	2016-07-17 15:49:59	True
8346	jtimon	2016-07-16 19:11:21	MarcoFalke	2016-07-17 11:05:15	True
8346	jtimon	2016-07-16 19:11:21	MarcoFalke	2016-07-17 09:22:46	True
8346	jtimon	2016-07-16 19:11:21	paveljanik	2016-07-16 20:03:40	True
8344	NicolasDorier	2016-07-16 09:31:51	paveljanik	2016-07-16 09:50:49	True
8344	NicolasDorier	2016-07-16 09:31:51	paveljanik	2016-07-16 09:50:21	True
8344	NicolasDorier	2016-07-16 09:31:51	paveljanik	2016-07-16 09:57:05	True
8344	NicolasDorier	2016-07-16 09:31:51	paveljanik	2016-07-16 09:49:22	True
8343	jonasschnelli	2016-07-15 09:51:18	laanwj	2016-07-18 07:08:50	True
8343	jonasschnelli	2016-07-15 09:51:18	MarcoFalke	2016-07-18 15:35:41	True
8343	jonasschnelli	2016-07-15 09:51:18	MarcoFalke	2016-07-18 07:17:45	True
8343	jonasschnelli	2016-07-15 09:51:18	MarcoFalke	2016-07-18 07:43:43	True
8343	jonasschnelli	2016-07-15 09:51:18	laanwj	2016-07-18 05:35:03	True
8343	jonasschnelli	2016-07-15 09:51:18	MarcoFalke	2016-07-16 21:01:38	True
8343	jonasschnelli	2016-07-15 09:51:18	laanwj	2016-07-18 10:27:10	True
8342	NicolasDorier	2016-07-15 05:22:46	sipa	2016-07-15 05:53:50	True
8342	NicolasDorier	2016-07-15 05:22:46	dcousens	2016-07-15 05:47:48	True
8341	NicolasDorier	2016-07-15 03:07:54	sipa	2016-07-21 10:58:31	True
8341	NicolasDorier	2016-07-15 03:07:54	jtimon	2016-07-15 11:25:20	True
8341	NicolasDorier	2016-07-15 03:07:54	laanwj	2016-07-21 10:00:07	True
8339	NicolasDorier	2016-07-14 06:05:21	jtimon	2016-07-14 11:37:31	True
8339	NicolasDorier	2016-07-14 06:05:21	jtimon	2016-07-14 11:40:30	True
8339	NicolasDorier	2016-07-14 06:05:21	jtimon	2016-07-14 23:16:44	True
8339	NicolasDorier	2016-07-14 06:05:21	jtimon	2016-07-14 11:27:43	True
8339	NicolasDorier	2016-07-14 06:05:21	jtimon	2016-07-14 11:33:59	True
8339	NicolasDorier	2016-07-14 06:05:21	jtimon	2016-07-14 11:32:07	True
8339	NicolasDorier	2016-07-14 06:05:21	jtimon	2016-07-14 11:39:17	True
8337	jtimon	2016-07-13 13:28:06	morcos	2016-11-27 01:28:07	True
8337	jtimon	2016-07-13 13:28:06	ryanofsky	2017-05-18 21:15:48	True
8331	dooglus	2016-07-11 22:35:03	paveljanik	2016-07-12 17:59:06	True
8330	JeremyRubin	2016-07-11 19:38:00	sipa	2017-07-12 23:42:28	True
8330	JeremyRubin	2016-07-11 19:38:00	jonasschnelli	2016-07-12 14:01:31	True
8330	JeremyRubin	2016-07-11 19:38:00	sipa	2016-07-12 14:04:39	True
8330	JeremyRubin	2016-07-11 19:38:00	jonasschnelli	2016-07-12 12:06:55	True
8330	JeremyRubin	2016-07-11 19:38:00	sipa	2016-08-25 12:40:59	True
8330	JeremyRubin	2016-07-11 19:38:00	jonasschnelli	2016-07-12 12:01:42	True
8330	JeremyRubin	2016-07-11 19:38:00	ryanofsky	2017-03-28 12:38:07	True
8330	JeremyRubin	2016-07-11 19:38:00	TheBlueMatt	2017-07-12 18:52:42	True
8330	JeremyRubin	2016-07-11 19:38:00	ryanofsky	2017-03-27 22:13:10	True
8330	JeremyRubin	2016-07-11 19:38:00	ryanofsky	2017-03-27 22:09:28	True
8330	JeremyRubin	2016-07-11 19:38:00	ryanofsky	2017-03-27 22:01:53	True
8330	JeremyRubin	2016-07-11 19:38:00	ryanofsky	2017-03-27 22:00:10	True
8330	JeremyRubin	2016-07-11 19:38:00	TheBlueMatt	2017-07-11 18:04:47	True
8329	jtimon	2016-07-11 16:46:54	ryanofsky	2017-05-08 19:21:51	True
8329	jtimon	2016-07-11 16:46:54	morcos	2016-11-26 23:21:51	True
8329	jtimon	2016-07-11 16:46:54	morcos	2016-11-26 21:43:46	True
8329	jtimon	2016-07-11 16:46:54	ryanofsky	2017-05-08 19:24:58	True
8329	jtimon	2016-07-11 16:46:54	mchrostowski	2017-05-16 20:15:56	True
8323	jonasschnelli	2016-07-09 10:15:01	MarcoFalke	2016-07-10 09:37:15	True
8323	jonasschnelli	2016-07-09 10:15:01	paveljanik	2016-07-14 19:07:49	True
8323	jonasschnelli	2016-07-09 10:15:01	MarcoFalke	2016-07-14 19:33:01	True
8323	jonasschnelli	2016-07-09 10:15:01	paveljanik	2016-07-14 19:07:31	True
8323	jonasschnelli	2016-07-09 10:15:01	MarcoFalke	2016-07-11 10:08:26	True
8323	jonasschnelli	2016-07-09 10:15:01	instagibbs	2016-07-14 20:36:34	True
8321	tjps	2016-07-08 23:58:34	laanwj	2016-07-28 11:40:21	True
8319	MarcoFalke	2016-07-08 16:33:08	waxmihs2902	2016-10-01 09:08:34	True
8319	MarcoFalke	2016-07-08 16:33:08	laanwj	2016-07-15 07:15:09	True
8316	MarcoFalke	2016-07-08 09:39:22	laanwj	2016-07-11 10:49:27	True
8312	sdaftuar	2016-07-07 01:48:28	petertodd	2016-07-09 23:27:10	True
8312	sdaftuar	2016-07-07 01:48:28	sipa	2016-07-11 18:06:41	True
8312	sdaftuar	2016-07-07 01:48:28	MarcoFalke	2016-07-11 18:18:04	True
8309	MarcoFalke	2016-07-06 18:18:08	jonasschnelli	2016-07-07 19:52:05	True
8305	sdaftuar	2016-07-05 18:02:35	mrbandrews	2016-07-06 20:07:53	True
