pr_number	author_user_login	pr_created_at	commit_user_login	commit_created_at	commit_status_total	commit_status_additions	commit_status_deletions	create_before_pr	is_review_commit
669	gavinandresen	2011-11-28 22:10:12	gavinandresen	2011-10-11 23:50:06	67	34	33	True	True
669	gavinandresen	2011-11-28 22:10:12	gavinandresen	2011-10-03 17:05:43	1727	1155	572	True	True
669	gavinandresen	2011-11-28 22:10:12	gavinandresen	2011-12-16 23:03:48	37	25	12	False	True
669	gavinandresen	2011-11-28 22:10:12	gavinandresen	2011-11-08 18:20:29	354	177	177	True	True
669	gavinandresen	2011-11-28 22:10:12	gavinandresen	2011-12-05 15:32:35	2	1	1	False	True
669	gavinandresen	2011-11-28 22:10:12	gavinandresen	2011-10-19 13:50:15	2	2	0	True	True
669	gavinandresen	2011-11-28 22:10:12	gavinandresen	2011-12-20 17:21:47	1	1	0	False	True
669	gavinandresen	2011-11-28 22:10:12	gavinandresen	2011-10-03 20:14:13	10	10	0	True	True
669	gavinandresen	2011-11-28 22:10:12	gavinandresen	2011-09-28 16:30:06	663	575	88	True	True
669	gavinandresen	2011-11-28 22:10:12	gavinandresen	2011-10-21 17:12:05	66	63	3	True	True
669	gavinandresen	2011-11-28 22:10:12	gavinandresen	2011-10-13 20:03:58	17	12	5	True	True
669	gavinandresen	2011-11-28 22:10:12	gavinandresen	2011-09-29 13:46:52	11	1	10	True	True
654	TheBlueMatt	2011-11-21 17:28:35	TheBlueMatt	2011-11-21 17:25:00	45	38	7	True	True
633	laanwj	2011-11-12 13:07:39	laanwj	2011-11-12 12:50:25	9	7	2	True	True
