pr_number	author_user_login	pr_created_at	review_user_login	review_created_at	filename	create_before_pr	has_issue_comment	has_review_comment	has_commit
4094	laanwj	2014-04-25 19:59:59	wtogami	2014-04-25 20:37:38	contrib/gitian-descriptors/gitian-linux.yml	True	True	True	True
4094	laanwj	2014-04-25 19:59:59	wtogami	2014-04-25 20:37:38	contrib/gitian-descriptors/gitian-linux.yml	False	True	True	True
4094	laanwj	2014-04-25 19:59:59	wtogami	2014-04-25 20:37:38	contrib/devtools/symbol-check.py	False	True	True	True
4094	laanwj	2014-04-25 19:59:59	wtogami	2014-04-25 20:37:38	contrib/gitian-descriptors/qt-linux.yml	True	True	True	True
4094	laanwj	2014-04-25 19:59:59	wtogami	2014-04-25 20:37:38	doc/release-process.md	True	True	True	True
4074	super3	2014-04-19 17:14:57	laanwj	2014-04-22 08:15:53	src/test/README.md	False	True	True	True
4074	super3	2014-04-19 17:14:57	laanwj	2014-04-22 08:15:53	qa/rpc-tests/README.md	False	True	True	True
4067	maaku	2014-04-18 16:54:21	laanwj	2014-04-18 17:01:59	src/qt/receiverequestdialog.cpp	False	True	True	True
4067	maaku	2014-04-18 16:54:21	laanwj	2014-04-18 17:00:39	src/init.cpp	False	True	True	True
4067	maaku	2014-04-18 16:54:21	laanwj	2014-04-18 17:00:39	src/core.h	False	True	True	True
4067	maaku	2014-04-18 16:54:21	laanwj	2014-04-18 17:00:39	src/core.cpp	False	True	True	True
4067	maaku	2014-04-18 16:54:21	laanwj	2014-04-18 17:00:39	src/coins.h	False	True	True	True
4067	maaku	2014-04-18 16:54:21	laanwj	2014-04-18 17:00:39	src/coins.cpp	False	True	True	True
4067	maaku	2014-04-18 16:54:21	laanwj	2014-04-18 17:00:39	src/Makefile.am	False	True	True	True
4067	maaku	2014-04-18 16:54:21	laanwj	2014-04-18 17:01:59	src/test/compress_tests.cpp	False	True	True	True
4067	maaku	2014-04-18 16:54:21	laanwj	2014-04-18 17:01:59	src/rpcmisc.cpp	False	True	True	True
4067	maaku	2014-04-18 16:54:21	laanwj	2014-04-18 17:01:59	src/rpcmining.cpp	False	True	True	True
4067	maaku	2014-04-18 16:54:21	laanwj	2014-04-18 17:01:59	src/qt/transactiontablemodel.cpp	False	True	True	True
4067	maaku	2014-04-18 16:54:21	laanwj	2014-04-18 17:01:59	src/money.cpp	False	True	True	True
4067	maaku	2014-04-18 16:54:21	laanwj	2014-04-18 17:01:59	src/qt/optionsmodel.cpp	False	True	True	True
4067	maaku	2014-04-18 16:54:21	laanwj	2014-04-18 17:00:39	src/main.h	False	True	True	True
4067	maaku	2014-04-18 16:54:21	laanwj	2014-04-18 17:01:59	src/walletdb.h	False	True	True	True
4067	maaku	2014-04-18 16:54:21	laanwj	2014-04-18 17:01:59	src/walletdb.cpp	False	True	True	True
4067	maaku	2014-04-18 16:54:21	laanwj	2014-04-18 17:01:59	src/wallet.h	False	True	True	True
4067	maaku	2014-04-18 16:54:21	laanwj	2014-04-18 17:01:59	src/wallet.cpp	False	True	True	True
4067	maaku	2014-04-18 16:54:21	laanwj	2014-04-18 17:01:59	src/util.h	False	True	True	True
4067	maaku	2014-04-18 16:54:21	laanwj	2014-04-18 17:01:59	src/util.cpp	False	True	True	True
4067	maaku	2014-04-18 16:54:21	laanwj	2014-04-18 17:01:59	src/txmempool.h	False	True	True	True
4067	maaku	2014-04-18 16:54:21	laanwj	2014-04-18 17:01:59	src/txmempool.cpp	False	True	True	True
4067	maaku	2014-04-18 16:54:21	laanwj	2014-04-18 17:00:39	src/main.cpp	False	True	True	True
4067	maaku	2014-04-18 16:54:21	laanwj	2014-04-18 17:00:39	src/qt/overviewpage.cpp	False	True	True	True
4067	maaku	2014-04-18 16:54:21	laanwj	2014-04-18 17:00:39	src/miner.cpp	False	True	True	True
4067	maaku	2014-04-18 16:54:21	laanwj	2014-04-18 17:00:39	src/qt/optionsmodel.h	False	True	True	True
4067	maaku	2014-04-18 16:54:21	laanwj	2014-04-18 17:00:39	src/qt/transactionfilterproxy.cpp	False	True	True	True
4067	maaku	2014-04-18 16:54:21	laanwj	2014-04-18 17:00:39	src/qt/transactiondesc.cpp	False	True	True	True
4067	maaku	2014-04-18 16:54:21	laanwj	2014-04-18 17:00:39	src/qt/sendcoinsdialog.h	False	True	True	True
4067	maaku	2014-04-18 16:54:21	laanwj	2014-04-18 17:00:39	src/qt/sendcoinsdialog.cpp	False	True	True	True
4067	maaku	2014-04-18 16:54:21	laanwj	2014-04-18 17:00:39	src/qt/paymentserver.cpp	False	True	True	True
4067	maaku	2014-04-18 16:54:21	laanwj	2014-04-18 17:00:39	src/qt/paymentrequestplus.h	False	True	True	True
4067	maaku	2014-04-18 16:54:21	laanwj	2014-04-18 17:00:39	src/qt/paymentrequestplus.cpp	False	True	True	True
4067	maaku	2014-04-18 16:54:21	laanwj	2014-04-18 17:00:39	src/qt/overviewpage.h	False	True	True	True
4067	maaku	2014-04-18 16:54:21	laanwj	2014-04-18 17:01:59	src/test/wallet_tests.cpp	False	True	True	True
4067	maaku	2014-04-18 16:54:21	laanwj	2014-04-18 17:00:39	src/qt/guiutil.h	False	True	True	True
4067	maaku	2014-04-18 16:54:21	laanwj	2014-04-18 17:00:39	src/money.h	False	True	True	True
4067	maaku	2014-04-18 16:54:21	laanwj	2014-04-18 17:00:39	src/qt/guiutil.cpp	False	True	True	True
4067	maaku	2014-04-18 16:54:21	laanwj	2014-04-18 17:00:39	src/qt/coincontroldialog.h	False	True	True	True
4067	maaku	2014-04-18 16:54:21	laanwj	2014-04-18 17:00:39	src/qt/coincontroldialog.cpp	False	True	True	True
4067	maaku	2014-04-18 16:54:21	laanwj	2014-04-18 17:00:39	src/qt/bitcoinunits.h	False	True	True	True
4067	maaku	2014-04-18 16:54:21	laanwj	2014-04-18 17:00:39	src/qt/bitcoinunits.cpp	False	True	True	True
4067	maaku	2014-04-18 16:54:21	laanwj	2014-04-18 17:00:39	src/qt/bitcoingui.h	False	True	True	True
4067	maaku	2014-04-18 16:54:21	laanwj	2014-04-18 17:00:39	src/qt/bitcoingui.cpp	False	True	True	True
4067	maaku	2014-04-18 16:54:21	laanwj	2014-04-18 17:00:39	src/qt/bitcoinamountfield.h	False	True	True	True
4067	maaku	2014-04-18 16:54:21	laanwj	2014-04-18 17:00:39	src/qt/bitcoinamountfield.cpp	False	True	True	True
4067	maaku	2014-04-18 16:54:21	laanwj	2014-04-18 17:01:59	src/txdb.cpp	False	True	True	True
4067	maaku	2014-04-18 16:54:21	laanwj	2014-04-18 17:01:59	src/qt/transactionrecord.h	False	True	True	True
4067	maaku	2014-04-18 16:54:21	laanwj	2014-04-18 17:01:59	src/test/util_tests.cpp	False	True	True	True
4067	maaku	2014-04-18 16:54:21	laanwj	2014-04-18 17:01:59	src/test/main_tests.cpp	False	True	True	True
4067	maaku	2014-04-18 16:54:21	laanwj	2014-04-18 17:01:59	src/qt/optionsmodel.h	False	True	True	True
4067	maaku	2014-04-18 16:54:21	laanwj	2014-04-18 17:01:59	src/qt/guiutil.h	False	True	True	True
4067	maaku	2014-04-18 16:54:21	laanwj	2014-04-18 17:01:59	src/qt/guiutil.cpp	False	True	True	True
4067	maaku	2014-04-18 16:54:21	laanwj	2014-04-18 17:01:59	src/qt/coincontroldialog.h	False	True	True	True
4067	maaku	2014-04-18 16:54:21	laanwj	2014-04-18 17:01:59	src/qt/coincontroldialog.cpp	False	True	True	True
4067	maaku	2014-04-18 16:54:21	laanwj	2014-04-18 17:01:59	src/qt/bitcoinunits.h	False	True	True	True
4067	maaku	2014-04-18 16:54:21	laanwj	2014-04-18 17:01:59	src/qt/bitcoinunits.cpp	False	True	True	True
4067	maaku	2014-04-18 16:54:21	laanwj	2014-04-18 17:01:59	src/qt/bitcoingui.h	False	True	True	True
4067	maaku	2014-04-18 16:54:21	laanwj	2014-04-18 17:01:59	src/qt/bitcoingui.cpp	False	True	True	True
4067	maaku	2014-04-18 16:54:21	laanwj	2014-04-18 17:01:59	src/qt/bitcoinamountfield.h	False	True	True	True
4067	maaku	2014-04-18 16:54:21	laanwj	2014-04-18 17:01:59	src/qt/bitcoinamountfield.cpp	False	True	True	True
4067	maaku	2014-04-18 16:54:21	laanwj	2014-04-18 17:01:59	src/money.h	False	True	True	True
4067	maaku	2014-04-18 16:54:21	laanwj	2014-04-18 17:01:59	src/miner.cpp	False	True	True	True
4067	maaku	2014-04-18 16:54:21	laanwj	2014-04-18 17:01:59	src/main.h	False	True	True	True
4067	maaku	2014-04-18 16:54:21	laanwj	2014-04-18 17:01:59	src/main.cpp	False	True	True	True
4067	maaku	2014-04-18 16:54:21	laanwj	2014-04-18 17:01:59	src/init.cpp	False	True	True	True
4067	maaku	2014-04-18 16:54:21	laanwj	2014-04-18 17:01:59	src/core.h	False	True	True	True
4067	maaku	2014-04-18 16:54:21	laanwj	2014-04-18 17:01:59	src/core.cpp	False	True	True	True
4067	maaku	2014-04-18 16:54:21	laanwj	2014-04-18 17:01:59	src/coins.h	False	True	True	True
4067	maaku	2014-04-18 16:54:21	laanwj	2014-04-18 17:01:59	src/coins.cpp	False	True	True	True
4067	maaku	2014-04-18 16:54:21	laanwj	2014-04-18 17:01:59	src/Makefile.am	False	True	True	True
4067	maaku	2014-04-18 16:54:21	laanwj	2014-04-18 17:01:59	src/qt/overviewpage.cpp	False	True	True	True
4067	maaku	2014-04-18 16:54:21	laanwj	2014-04-18 17:01:59	src/qt/overviewpage.h	False	True	True	True
4067	maaku	2014-04-18 16:54:21	laanwj	2014-04-18 17:01:59	src/qt/paymentrequestplus.cpp	False	True	True	True
4067	maaku	2014-04-18 16:54:21	laanwj	2014-04-18 17:01:59	src/qt/walletmodel.h	False	True	True	True
4067	maaku	2014-04-18 16:54:21	laanwj	2014-04-18 17:01:59	src/test/accounting_tests.cpp	False	True	True	True
4067	maaku	2014-04-18 16:54:21	laanwj	2014-04-18 17:01:59	src/rpcwallet.cpp	False	True	True	True
4067	maaku	2014-04-18 16:54:21	laanwj	2014-04-18 17:01:59	src/rpcserver.h	False	True	True	True
4067	maaku	2014-04-18 16:54:21	laanwj	2014-04-18 17:01:59	src/rpcserver.cpp	False	True	True	True
4067	maaku	2014-04-18 16:54:21	laanwj	2014-04-18 17:01:59	src/rpcrawtransaction.cpp	False	True	True	True
4067	maaku	2014-04-18 16:54:21	laanwj	2014-04-18 17:01:59	src/qt/walletview.h	False	True	True	True
4067	maaku	2014-04-18 16:54:21	laanwj	2014-04-18 17:01:59	src/qt/walletview.cpp	False	True	True	True
4067	maaku	2014-04-18 16:54:21	laanwj	2014-04-18 17:01:59	src/qt/walletmodeltransaction.h	False	True	True	True
4067	maaku	2014-04-18 16:54:21	laanwj	2014-04-18 17:01:59	src/qt/walletmodeltransaction.cpp	False	True	True	True
4067	maaku	2014-04-18 16:54:21	laanwj	2014-04-18 17:01:59	src/qt/walletmodel.cpp	False	True	True	True
4067	maaku	2014-04-18 16:54:21	laanwj	2014-04-18 17:01:59	src/qt/paymentrequestplus.h	False	True	True	True
4067	maaku	2014-04-18 16:54:21	laanwj	2014-04-18 17:01:59	src/qt/transactionview.cpp	False	True	True	True
4067	maaku	2014-04-18 16:54:21	laanwj	2014-04-18 17:00:39	src/qt/transactionrecord.cpp	False	True	True	True
4067	maaku	2014-04-18 16:54:21	laanwj	2014-04-18 17:01:59	src/qt/transactionrecord.cpp	False	True	True	True
4067	maaku	2014-04-18 16:54:21	laanwj	2014-04-18 17:01:59	src/qt/transactionfilterproxy.h	False	True	True	True
4067	maaku	2014-04-18 16:54:21	laanwj	2014-04-18 17:01:59	src/qt/transactionfilterproxy.cpp	False	True	True	True
4067	maaku	2014-04-18 16:54:21	laanwj	2014-04-18 17:01:59	src/qt/transactiondesc.cpp	False	True	True	True
4067	maaku	2014-04-18 16:54:21	laanwj	2014-04-18 17:01:59	src/qt/sendcoinsdialog.h	False	True	True	True
4067	maaku	2014-04-18 16:54:21	laanwj	2014-04-18 17:01:59	src/qt/sendcoinsdialog.cpp	False	True	True	True
4067	maaku	2014-04-18 16:54:21	laanwj	2014-04-18 17:01:59	src/qt/paymentserver.cpp	False	True	True	True
4067	maaku	2014-04-18 16:54:21	laanwj	2014-04-18 17:00:39	src/qt/transactionfilterproxy.h	False	True	True	True
4067	maaku	2014-04-18 16:54:21	laanwj	2014-04-18 17:00:39	src/qt/walletmodeltransaction.cpp	False	True	True	True
4067	maaku	2014-04-18 16:54:21	laanwj	2014-04-18 17:00:39	src/qt/transactionrecord.h	False	True	True	True
4067	maaku	2014-04-18 16:54:21	laanwj	2014-04-18 17:05:57	src/qt/coincontroldialog.h	False	True	True	True
4067	maaku	2014-04-18 16:54:21	laanwj	2014-04-18 17:05:57	src/qt/walletview.h	False	True	True	True
4067	maaku	2014-04-18 16:54:21	laanwj	2014-04-18 17:05:57	src/qt/walletview.cpp	False	True	True	True
4067	maaku	2014-04-18 16:54:21	laanwj	2014-04-18 17:05:57	src/qt/walletmodeltransaction.h	False	True	True	True
4067	maaku	2014-04-18 16:54:21	laanwj	2014-04-18 17:05:57	src/qt/walletmodeltransaction.cpp	False	True	True	True
4067	maaku	2014-04-18 16:54:21	laanwj	2014-04-18 17:05:57	src/qt/walletmodel.h	False	True	True	True
4067	maaku	2014-04-18 16:54:21	laanwj	2014-04-18 17:05:57	src/qt/walletmodel.cpp	False	True	True	True
4067	maaku	2014-04-18 16:54:21	laanwj	2014-04-18 17:05:57	src/qt/transactionview.cpp	False	True	True	True
4067	maaku	2014-04-18 16:54:21	laanwj	2014-04-18 17:05:57	src/qt/transactionrecord.h	False	True	True	True
4067	maaku	2014-04-18 16:54:21	laanwj	2014-04-18 17:05:57	src/qt/transactionrecord.cpp	False	True	True	True
4067	maaku	2014-04-18 16:54:21	laanwj	2014-04-18 17:05:57	src/qt/transactionfilterproxy.h	False	True	True	True
4067	maaku	2014-04-18 16:54:21	laanwj	2014-04-18 17:05:57	src/qt/transactionfilterproxy.cpp	False	True	True	True
4067	maaku	2014-04-18 16:54:21	laanwj	2014-04-18 17:05:57	src/qt/transactiondesc.cpp	False	True	True	True
4067	maaku	2014-04-18 16:54:21	laanwj	2014-04-18 17:05:57	src/qt/sendcoinsdialog.h	False	True	True	True
4067	maaku	2014-04-18 16:54:21	laanwj	2014-04-18 17:00:39	src/qt/transactionview.cpp	False	True	True	True
4067	maaku	2014-04-18 16:54:21	laanwj	2014-04-18 17:05:57	src/qt/paymentserver.cpp	False	True	True	True
4067	maaku	2014-04-18 16:54:21	laanwj	2014-04-18 17:05:57	src/qt/paymentrequestplus.h	False	True	True	True
4067	maaku	2014-04-18 16:54:21	laanwj	2014-04-18 17:05:57	src/qt/paymentrequestplus.cpp	False	True	True	True
4067	maaku	2014-04-18 16:54:21	laanwj	2014-04-18 17:05:57	src/qt/overviewpage.h	False	True	True	True
4067	maaku	2014-04-18 16:54:21	laanwj	2014-04-18 17:05:57	src/qt/overviewpage.cpp	False	True	True	True
4067	maaku	2014-04-18 16:54:21	laanwj	2014-04-18 17:05:57	src/qt/optionsmodel.h	False	True	True	True
4067	maaku	2014-04-18 16:54:21	laanwj	2014-04-18 17:05:57	src/qt/guiutil.h	False	True	True	True
4067	maaku	2014-04-18 16:54:21	laanwj	2014-04-18 17:05:57	src/rpcrawtransaction.cpp	False	True	True	True
4067	maaku	2014-04-18 16:54:21	laanwj	2014-04-18 17:05:57	src/rpcserver.cpp	False	True	True	True
4067	maaku	2014-04-18 16:54:21	laanwj	2014-04-18 17:05:57	src/rpcserver.h	False	True	True	True
4067	maaku	2014-04-18 16:54:21	laanwj	2014-04-18 17:05:57	src/wallet.h	False	True	True	True
4067	maaku	2014-04-18 16:54:21	laanwj	2014-04-18 17:05:57	src/test/compress_tests.cpp	False	True	True	True
4067	maaku	2014-04-18 16:54:21	laanwj	2014-04-18 17:05:57	src/rpcmisc.cpp	False	True	True	True
4067	maaku	2014-04-18 16:54:21	laanwj	2014-04-18 17:05:57	src/rpcmining.cpp	False	True	True	True
4067	maaku	2014-04-18 16:54:21	laanwj	2014-04-18 17:05:57	src/qt/transactiontablemodel.cpp	False	True	True	True
4067	maaku	2014-04-18 16:54:21	laanwj	2014-04-18 17:05:57	src/qt/receiverequestdialog.cpp	False	True	True	True
4067	maaku	2014-04-18 16:54:21	laanwj	2014-04-18 17:05:57	src/qt/optionsmodel.cpp	False	True	True	True
4067	maaku	2014-04-18 16:54:21	laanwj	2014-04-18 17:05:57	src/money.cpp	False	True	True	True
4067	maaku	2014-04-18 16:54:21	laanwj	2014-04-18 17:05:57	src/walletdb.h	False	True	True	True
4067	maaku	2014-04-18 16:54:21	laanwj	2014-04-18 17:05:57	src/walletdb.cpp	False	True	True	True
4067	maaku	2014-04-18 16:54:21	laanwj	2014-04-18 17:05:57	src/wallet.cpp	False	True	True	True
4067	maaku	2014-04-18 16:54:21	laanwj	2014-04-18 17:05:57	src/rpcwallet.cpp	False	True	True	True
4067	maaku	2014-04-18 16:54:21	laanwj	2014-04-18 17:05:57	src/util.h	False	True	True	True
4067	maaku	2014-04-18 16:54:21	laanwj	2014-04-18 17:05:57	src/util.cpp	False	True	True	True
4067	maaku	2014-04-18 16:54:21	laanwj	2014-04-18 17:05:57	src/txmempool.h	False	True	True	True
4067	maaku	2014-04-18 16:54:21	laanwj	2014-04-18 17:05:57	src/txmempool.cpp	False	True	True	True
4067	maaku	2014-04-18 16:54:21	laanwj	2014-04-18 17:05:57	src/txdb.cpp	False	True	True	True
4067	maaku	2014-04-18 16:54:21	laanwj	2014-04-18 17:05:57	src/test/wallet_tests.cpp	False	True	True	True
4067	maaku	2014-04-18 16:54:21	laanwj	2014-04-18 17:05:57	src/test/util_tests.cpp	False	True	True	True
4067	maaku	2014-04-18 16:54:21	laanwj	2014-04-18 17:05:57	src/test/main_tests.cpp	False	True	True	True
4067	maaku	2014-04-18 16:54:21	laanwj	2014-04-18 17:05:57	src/test/accounting_tests.cpp	False	True	True	True
4067	maaku	2014-04-18 16:54:21	laanwj	2014-04-18 17:05:57	src/qt/guiutil.cpp	False	True	True	True
4067	maaku	2014-04-18 16:54:21	laanwj	2014-04-18 17:05:57	src/qt/sendcoinsdialog.cpp	False	True	True	True
4067	maaku	2014-04-18 16:54:21	laanwj	2014-04-18 17:05:57	src/qt/coincontroldialog.cpp	False	True	True	True
4067	maaku	2014-04-18 16:54:21	laanwj	2014-04-18 17:00:39	src/test/main_tests.cpp	False	True	True	True
4067	maaku	2014-04-18 16:54:21	laanwj	2014-04-18 17:00:39	src/wallet.h	False	True	True	True
4067	maaku	2014-04-18 16:54:21	laanwj	2014-04-18 17:00:39	src/wallet.cpp	False	True	True	True
4067	maaku	2014-04-18 16:54:21	laanwj	2014-04-18 17:00:39	src/util.h	False	True	True	True
4067	maaku	2014-04-18 16:54:21	laanwj	2014-04-18 17:00:39	src/util.cpp	False	True	True	True
4067	maaku	2014-04-18 16:54:21	laanwj	2014-04-18 17:00:39	src/txmempool.h	False	True	True	True
4067	maaku	2014-04-18 16:54:21	laanwj	2014-04-18 17:00:39	src/txmempool.cpp	False	True	True	True
4067	maaku	2014-04-18 16:54:21	laanwj	2014-04-18 17:00:39	src/txdb.cpp	False	True	True	True
4067	maaku	2014-04-18 16:54:21	laanwj	2014-04-18 17:00:39	src/test/wallet_tests.cpp	False	True	True	True
4067	maaku	2014-04-18 16:54:21	laanwj	2014-04-18 17:05:57	src/qt/bitcoinunits.h	False	True	True	True
4067	maaku	2014-04-18 16:54:21	laanwj	2014-04-18 17:00:39	src/test/accounting_tests.cpp	False	True	True	True
4067	maaku	2014-04-18 16:54:21	laanwj	2014-04-18 17:00:39	src/walletdb.h	False	True	True	True
4067	maaku	2014-04-18 16:54:21	laanwj	2014-04-18 17:00:39	src/rpcwallet.cpp	False	True	True	True
4067	maaku	2014-04-18 16:54:21	laanwj	2014-04-18 17:00:39	src/rpcserver.h	False	True	True	True
4067	maaku	2014-04-18 16:54:21	laanwj	2014-04-18 17:00:39	src/rpcserver.cpp	False	True	True	True
4067	maaku	2014-04-18 16:54:21	laanwj	2014-04-18 17:00:39	src/rpcrawtransaction.cpp	False	True	True	True
4067	maaku	2014-04-18 16:54:21	laanwj	2014-04-18 17:00:39	src/qt/walletview.h	False	True	True	True
4067	maaku	2014-04-18 16:54:21	laanwj	2014-04-18 17:00:39	src/qt/walletview.cpp	False	True	True	True
4067	maaku	2014-04-18 16:54:21	laanwj	2014-04-18 17:00:39	src/qt/walletmodeltransaction.h	False	True	True	True
4067	maaku	2014-04-18 16:54:21	laanwj	2014-04-18 17:00:39	src/qt/walletmodel.h	False	True	True	True
4067	maaku	2014-04-18 16:54:21	laanwj	2014-04-18 17:00:39	src/qt/walletmodel.cpp	False	True	True	True
4067	maaku	2014-04-18 16:54:21	laanwj	2014-04-18 17:00:39	src/walletdb.cpp	False	True	True	True
4067	maaku	2014-04-18 16:54:21	laanwj	2014-04-18 17:00:39	src/test/util_tests.cpp	False	True	True	True
4067	maaku	2014-04-18 16:54:21	laanwj	2014-04-18 17:00:39	src/money.cpp	False	True	True	True
4067	maaku	2014-04-18 16:54:21	laanwj	2014-04-18 17:05:57	src/init.cpp	False	True	True	True
4067	maaku	2014-04-18 16:54:21	laanwj	2014-04-18 17:00:39	src/qt/optionsmodel.cpp	False	True	True	True
4067	maaku	2014-04-18 16:54:21	laanwj	2014-04-18 17:05:57	src/qt/bitcoingui.h	False	True	True	True
4067	maaku	2014-04-18 16:54:21	laanwj	2014-04-18 17:05:57	src/qt/bitcoingui.cpp	False	True	True	True
4067	maaku	2014-04-18 16:54:21	laanwj	2014-04-18 17:05:57	src/qt/bitcoinamountfield.h	False	True	True	True
4067	maaku	2014-04-18 16:54:21	laanwj	2014-04-18 17:05:57	src/qt/bitcoinamountfield.cpp	False	True	True	True
4067	maaku	2014-04-18 16:54:21	laanwj	2014-04-18 17:05:57	src/money.h	False	True	True	True
4067	maaku	2014-04-18 16:54:21	laanwj	2014-04-18 17:05:57	src/miner.cpp	False	True	True	True
4067	maaku	2014-04-18 16:54:21	laanwj	2014-04-18 17:05:57	src/main.h	False	True	True	True
4067	maaku	2014-04-18 16:54:21	laanwj	2014-04-18 17:05:57	src/main.cpp	False	True	True	True
4067	maaku	2014-04-18 16:54:21	laanwj	2014-04-18 17:05:57	src/qt/bitcoinunits.cpp	False	True	True	True
4067	maaku	2014-04-18 16:54:21	laanwj	2014-04-18 17:05:57	src/core.h	False	True	True	True
4067	maaku	2014-04-18 16:54:21	laanwj	2014-04-18 17:05:57	src/coins.h	False	True	True	True
4067	maaku	2014-04-18 16:54:21	laanwj	2014-04-18 17:05:57	src/coins.cpp	False	True	True	True
4067	maaku	2014-04-18 16:54:21	laanwj	2014-04-18 17:05:57	src/Makefile.am	False	True	True	True
4067	maaku	2014-04-18 16:54:21	laanwj	2014-04-18 17:00:39	src/test/compress_tests.cpp	False	True	True	True
4067	maaku	2014-04-18 16:54:21	laanwj	2014-04-18 17:00:39	src/rpcmisc.cpp	False	True	True	True
4067	maaku	2014-04-18 16:54:21	laanwj	2014-04-18 17:00:39	src/rpcmining.cpp	False	True	True	True
4067	maaku	2014-04-18 16:54:21	laanwj	2014-04-18 17:00:39	src/qt/transactiontablemodel.cpp	False	True	True	True
4067	maaku	2014-04-18 16:54:21	laanwj	2014-04-18 17:00:39	src/qt/receiverequestdialog.cpp	False	True	True	True
4067	maaku	2014-04-18 16:54:21	laanwj	2014-04-18 17:05:57	src/core.cpp	False	True	True	True
4058	laanwj	2014-04-15 15:43:21	sipa	2014-04-15 15:49:33	src/qt/transactiontablemodel.h	True	True	True	True
4058	laanwj	2014-04-15 15:43:21	sipa	2014-04-15 15:49:33	src/main.cpp	True	True	True	True
4058	laanwj	2014-04-15 15:43:21	sipa	2014-04-15 15:49:33	src/qt/clientmodel.cpp	True	True	True	True
4058	laanwj	2014-04-15 15:43:21	sipa	2014-04-15 15:49:33	src/qt/transactiontablemodel.cpp	True	True	True	True
4058	laanwj	2014-04-15 15:43:21	sipa	2014-04-15 15:49:33	src/qt/transactiondesc.cpp	True	True	True	True
4058	laanwj	2014-04-15 15:43:21	sipa	2014-04-15 15:49:33	src/qt/walletmodel.cpp	True	True	True	True
4058	laanwj	2014-04-15 15:43:21	sipa	2014-04-15 15:49:33	src/qt/transactionrecord.cpp	True	True	True	True
4058	laanwj	2014-04-15 15:43:21	sipa	2014-04-15 15:49:33	src/wallet.cpp	True	True	True	True
4056	tedjweb	2014-04-14 22:11:23	laanwj	2014-04-19 07:10:50	doc/build-unix.md	True	True	True	True
4055	cozz	2014-04-14 18:44:49	sipa	2014-04-18 21:50:46	src/rpcdump.cpp	True	True	True	True
4055	cozz	2014-04-14 18:44:49	laanwj	2014-04-22 15:01:30	src/rpcdump.cpp	True	True	True	True
4055	cozz	2014-04-14 18:44:49	laanwj	2014-04-18 12:06:24	src/rpcdump.cpp	True	True	True	True
4048	sipa	2014-04-12 22:03:27	laanwj	2014-04-14 07:29:39	src/base58.h	True	True	True	True
4048	sipa	2014-04-12 22:03:27	theuni	2014-04-22 04:59:59	src/base58.h	True	True	True	True
4048	sipa	2014-04-12 22:03:27	theuni	2014-04-22 04:59:59	src/base58.cpp	True	True	True	True
4048	sipa	2014-04-12 22:03:27	theuni	2014-04-22 04:59:59	src/Makefile.am	True	True	True	True
4048	sipa	2014-04-12 22:03:27	laanwj	2014-04-14 07:15:45	src/Makefile.am	True	True	True	True
4048	sipa	2014-04-12 22:03:27	laanwj	2014-04-14 07:29:39	src/base58.cpp	True	True	True	True
4048	sipa	2014-04-12 22:03:27	laanwj	2014-04-14 07:15:45	src/base58.h	True	True	True	True
4048	sipa	2014-04-12 22:03:27	laanwj	2014-04-14 07:15:45	src/base58.cpp	True	True	True	True
4048	sipa	2014-04-12 22:03:27	theuni	2014-04-22 05:01:18	src/base58.cpp	True	True	True	True
4048	sipa	2014-04-12 22:03:27	theuni	2014-04-22 05:01:18	src/Makefile.am	True	True	True	True
4048	sipa	2014-04-12 22:03:27	laanwj	2014-04-14 07:29:39	src/Makefile.am	True	True	True	True
4048	sipa	2014-04-12 22:03:27	theuni	2014-04-22 05:01:18	src/base58.h	True	True	True	True
4048	sipa	2014-04-12 22:03:27	theuni	2014-04-22 05:09:08	src/base58.h	True	True	True	True
4048	sipa	2014-04-12 22:03:27	theuni	2014-04-22 05:10:41	src/base58.h	True	True	True	True
4048	sipa	2014-04-12 22:03:27	theuni	2014-04-22 05:10:41	src/Makefile.am	True	True	True	True
4048	sipa	2014-04-12 22:03:27	theuni	2014-04-22 05:06:06	src/Makefile.am	True	True	True	True
4048	sipa	2014-04-12 22:03:27	theuni	2014-04-22 05:10:41	src/base58.cpp	True	True	True	True
4048	sipa	2014-04-12 22:03:27	theuni	2014-04-22 05:09:08	src/base58.cpp	True	True	True	True
4048	sipa	2014-04-12 22:03:27	theuni	2014-04-22 05:09:08	src/Makefile.am	True	True	True	True
4048	sipa	2014-04-12 22:03:27	theuni	2014-04-22 05:06:06	src/base58.h	True	True	True	True
4048	sipa	2014-04-12 22:03:27	theuni	2014-04-22 05:06:06	src/base58.cpp	True	True	True	True
4047	super3	2014-04-12 06:48:02	laanwj	2014-04-14 05:20:23	contrib/README.md	True	True	True	True
4043	Diapolo	2014-04-10 06:23:49	laanwj	2014-04-10 06:29:29	src/qt/winshutdownmonitor.h	True	True	True	True
4043	Diapolo	2014-04-10 06:23:49	laanwj	2014-04-10 06:29:29	src/qt/winshutdownmonitor.cpp	True	True	True	True
4043	Diapolo	2014-04-10 06:23:49	laanwj	2014-04-10 06:29:29	src/qt/bitcoin.cpp	True	True	True	True
4043	Diapolo	2014-04-10 06:23:49	laanwj	2014-04-10 06:29:29	src/qt/Makefile.am	True	True	True	True
4042	theuni	2014-04-10 03:53:45	laanwj	2014-04-10 06:00:46	src/compat/glibcxx_compat.cpp	True	True	True	True
4042	theuni	2014-04-10 03:53:45	laanwj	2014-04-10 06:00:46	configure.ac	True	True	True	True
4042	theuni	2014-04-10 03:53:45	laanwj	2014-04-10 06:00:46	src/compat/glibc_compat.cpp	True	True	True	True
4042	theuni	2014-04-10 03:53:45	laanwj	2014-04-10 06:00:46	src/Makefile.am	True	True	True	True
4042	theuni	2014-04-10 03:53:45	laanwj	2014-04-10 06:00:46	src/compat/glibcxx_compat.cpp	False	True	True	True
4042	theuni	2014-04-10 03:53:45	laanwj	2014-04-10 06:00:46	contrib/gitian-descriptors/gitian-linux.yml	True	True	True	True
4032	luke-jr	2014-04-09 13:00:23	laanwj	2014-04-14 06:04:27	src/m4/ax_boost_base.m4	True	True	True	True
4025	kdomanski	2014-04-08 21:23:55	laanwj	2014-04-09 08:37:33	src/rpcrawtransaction.cpp	False	True	True	True
4025	kdomanski	2014-04-08 21:23:55	laanwj	2014-04-09 08:37:33	src/wallet.cpp	True	True	True	True
4025	kdomanski	2014-04-08 21:23:55	laanwj	2014-04-09 08:37:33	src/json/json_spirit_reader_template.h	False	True	True	True
4025	kdomanski	2014-04-08 21:23:55	laanwj	2014-04-09 08:37:33	src/json/json_spirit_value.h	False	True	True	True
4025	kdomanski	2014-04-08 21:23:55	laanwj	2014-04-09 08:37:33	src/rpcblockchain.cpp	False	True	True	True
4025	kdomanski	2014-04-08 21:23:55	laanwj	2014-04-09 08:37:33	src/rpcclient.cpp	False	True	True	True
4025	kdomanski	2014-04-08 21:23:55	laanwj	2014-04-09 08:37:33	src/rpcmining.cpp	False	True	True	True
4025	kdomanski	2014-04-08 21:23:55	laanwj	2014-04-09 08:37:33	src/rpcmisc.cpp	False	True	True	True
4025	kdomanski	2014-04-08 21:23:55	laanwj	2014-04-09 08:37:33	src/rpcnet.cpp	False	True	True	True
4025	kdomanski	2014-04-08 21:23:55	laanwj	2014-04-09 08:37:33	src/rpcwallet.cpp	False	True	True	True
4025	kdomanski	2014-04-08 21:23:55	laanwj	2014-04-09 08:37:33	src/util.cpp	True	True	True	True
4025	kdomanski	2014-04-08 21:23:55	laanwj	2014-04-09 08:37:33	src/miner.cpp	True	True	True	True
4025	kdomanski	2014-04-08 21:23:55	laanwj	2014-04-09 08:37:33	configure.ac	True	True	True	True
4025	kdomanski	2014-04-08 21:23:55	laanwj	2014-04-09 08:37:33	src/m4/ax_cxx_compile_stdcxx_11.m4	True	True	True	True
4025	kdomanski	2014-04-08 21:23:55	laanwj	2014-04-09 08:37:33	src/bloom.cpp	True	True	True	True
4025	kdomanski	2014-04-08 21:23:55	laanwj	2014-04-09 08:37:33	src/checkqueue.h	True	True	True	True
4025	kdomanski	2014-04-08 21:23:55	laanwj	2014-04-09 08:37:33	src/coins.cpp	True	True	True	True
4025	kdomanski	2014-04-08 21:23:55	laanwj	2014-04-09 08:37:33	src/coins.h	True	True	True	True
4025	kdomanski	2014-04-08 21:23:55	laanwj	2014-04-09 08:37:33	src/util.h	True	True	True	True
4025	kdomanski	2014-04-08 21:23:55	laanwj	2014-04-09 08:37:33	src/main.cpp	True	True	True	True
4025	kdomanski	2014-04-08 21:23:55	laanwj	2014-04-09 08:37:33	src/sync.cpp	True	True	True	True
4025	kdomanski	2014-04-08 21:23:55	laanwj	2014-04-09 08:37:33	src/crypter.cpp	True	True	True	True
4025	kdomanski	2014-04-08 21:23:55	laanwj	2014-04-09 08:37:33	src/chainparams.cpp	True	True	True	True
4025	kdomanski	2014-04-08 21:23:55	laanwj	2014-04-09 08:37:33	src/checkpoints.cpp	True	True	True	True
4025	kdomanski	2014-04-08 21:23:55	laanwj	2014-04-09 08:37:33	src/rpcmisc.cpp	True	True	True	True
4025	kdomanski	2014-04-08 21:23:55	laanwj	2014-04-09 08:37:33	src/rpcrawtransaction.cpp	True	True	True	True
4025	kdomanski	2014-04-08 21:23:55	laanwj	2014-04-09 08:37:33	src/rpcserver.h	True	True	True	True
4025	kdomanski	2014-04-08 21:23:55	laanwj	2014-04-09 08:37:33	src/rpcwallet.cpp	True	True	True	True
4025	kdomanski	2014-04-08 21:23:55	laanwj	2014-04-09 08:37:33	src/test/DoS_tests.cpp	True	True	True	True
4025	kdomanski	2014-04-08 21:23:55	laanwj	2014-04-09 08:37:33	src/qt/addresstablemodel.cpp	True	True	True	True
4025	kdomanski	2014-04-08 21:23:55	laanwj	2014-04-09 08:37:33	src/script.cpp	True	True	True	True
4025	kdomanski	2014-04-08 21:23:55	laanwj	2014-04-09 08:37:33	src/qt/coincontroldialog.cpp	True	True	True	True
4025	kdomanski	2014-04-08 21:23:55	laanwj	2014-04-09 08:37:33	src/qt/paymentserver.cpp	True	True	True	True
4025	kdomanski	2014-04-08 21:23:55	laanwj	2014-04-09 08:37:33	src/qt/transactiondesc.cpp	True	True	True	True
4025	kdomanski	2014-04-08 21:23:55	laanwj	2014-04-09 08:37:33	src/qt/walletmodel.cpp	True	True	True	True
4025	kdomanski	2014-04-08 21:23:55	laanwj	2014-04-09 08:37:33	src/rpcblockchain.cpp	True	True	True	True
4025	kdomanski	2014-04-08 21:23:55	laanwj	2014-04-09 08:37:33	src/rpcprotocol.cpp	True	True	True	True
4025	kdomanski	2014-04-08 21:23:55	laanwj	2014-04-09 08:37:33	src/rpcserver.cpp	True	True	True	True
4025	kdomanski	2014-04-08 21:23:55	laanwj	2014-04-09 08:37:33	src/core.cpp	True	True	True	True
4025	kdomanski	2014-04-08 21:23:55	laanwj	2014-04-09 08:37:33	src/alert.cpp	True	True	True	True
4025	kdomanski	2014-04-08 21:23:55	laanwj	2014-04-09 08:37:33	src/init.cpp	True	True	True	True
4025	kdomanski	2014-04-08 21:23:55	laanwj	2014-04-09 08:37:33	src/test/sighash_tests.cpp	True	True	True	True
4025	kdomanski	2014-04-08 21:23:55	laanwj	2014-04-09 08:37:33	src/test/base58_tests.cpp	True	True	True	True
4025	kdomanski	2014-04-08 21:23:55	laanwj	2014-04-09 08:37:33	src/test/bip32_tests.cpp	True	True	True	True
4025	kdomanski	2014-04-08 21:23:55	laanwj	2014-04-09 08:37:33	src/test/canonical_tests.cpp	True	True	True	True
4025	kdomanski	2014-04-08 21:23:55	laanwj	2014-04-09 08:37:33	src/test/getarg_tests.cpp	True	True	True	True
4025	kdomanski	2014-04-08 21:23:55	laanwj	2014-04-09 08:37:33	src/test/miner_tests.cpp	True	True	True	True
4025	kdomanski	2014-04-08 21:23:55	laanwj	2014-04-09 08:37:33	src/test/multisig_tests.cpp	True	True	True	True
4025	kdomanski	2014-04-08 21:23:55	laanwj	2014-04-09 08:37:33	src/test/script_tests.cpp	True	True	True	True
4025	kdomanski	2014-04-08 21:23:55	laanwj	2014-04-09 08:37:33	src/keystore.cpp	True	True	True	True
4025	kdomanski	2014-04-08 21:23:55	laanwj	2014-04-09 08:37:33	src/test/accounting_tests.cpp	True	True	True	True
4025	kdomanski	2014-04-08 21:23:55	laanwj	2014-04-09 08:37:33	src/test/sigopcount_tests.cpp	True	True	True	True
4025	kdomanski	2014-04-08 21:23:55	laanwj	2014-04-09 08:37:33	src/test/transaction_tests.cpp	True	True	True	True
4025	kdomanski	2014-04-08 21:23:55	laanwj	2014-04-09 08:37:33	src/test/wallet_tests.cpp	True	True	True	True
4025	kdomanski	2014-04-08 21:23:55	laanwj	2014-04-09 08:37:33	src/txmempool.cpp	True	True	True	True
4025	kdomanski	2014-04-08 21:23:55	laanwj	2014-04-09 08:37:33	src/wallet.h	True	True	True	True
4025	kdomanski	2014-04-08 21:23:55	laanwj	2014-04-09 08:37:33	src/walletdb.cpp	True	True	True	True
4025	kdomanski	2014-04-08 21:23:55	laanwj	2014-04-09 08:37:33	src/test/util_tests.cpp	True	True	True	True
4025	kdomanski	2014-04-08 21:23:55	laanwj	2014-04-09 08:37:33	src/test/alert_tests.cpp	True	True	True	True
4025	kdomanski	2014-04-08 21:23:55	laanwj	2014-04-09 08:37:33	src/script.h	True	True	True	True
4025	kdomanski	2014-04-08 21:23:55	laanwj	2014-04-09 08:37:33	src/qt/rpcconsole.cpp	True	True	True	True
4025	kdomanski	2014-04-08 21:23:55	laanwj	2014-04-09 08:37:33	src/rpcnet.cpp	True	True	True	True
4025	kdomanski	2014-04-08 21:23:55	laanwj	2014-04-09 08:37:33	src/net.h	True	True	True	True
4025	kdomanski	2014-04-08 21:23:55	laanwj	2014-04-09 08:37:33	src/qt/addressbookpage.cpp	True	True	True	True
4025	kdomanski	2014-04-08 21:23:55	laanwj	2014-04-09 08:37:33	src/qt/bitcoingui.cpp	True	True	True	True
4025	kdomanski	2014-04-08 21:23:55	laanwj	2014-04-09 08:37:33	src/qt/clientmodel.cpp	True	True	True	True
4025	kdomanski	2014-04-08 21:23:55	laanwj	2014-04-09 08:37:33	src/qt/optionsdialog.cpp	True	True	True	True
4025	kdomanski	2014-04-08 21:23:55	laanwj	2014-04-09 08:37:33	src/qt/receivecoinsdialog.cpp	True	True	True	True
4025	kdomanski	2014-04-08 21:23:55	laanwj	2014-04-09 08:37:33	src/qt/recentrequeststablemodel.cpp	True	True	True	True
4025	kdomanski	2014-04-08 21:23:55	laanwj	2014-04-09 08:37:33	src/qt/sendcoinsdialog.cpp	True	True	True	True
4025	kdomanski	2014-04-08 21:23:55	laanwj	2014-04-09 08:37:33	src/qt/trafficgraphwidget.cpp	True	True	True	True
4025	kdomanski	2014-04-08 21:23:55	laanwj	2014-04-09 08:37:33	src/qt/transactionrecord.cpp	True	True	True	True
4025	kdomanski	2014-04-08 21:23:55	laanwj	2014-04-09 08:37:33	src/qt/transactiontablemodel.cpp	True	True	True	True
4025	kdomanski	2014-04-08 21:23:55	laanwj	2014-04-09 08:37:33	src/qt/walletmodeltransaction.cpp	True	True	True	True
4025	kdomanski	2014-04-08 21:23:55	laanwj	2014-04-09 08:37:33	src/rpcclient.cpp	True	True	True	True
4025	kdomanski	2014-04-08 21:23:55	laanwj	2014-04-09 08:37:33	src/rpcdump.cpp	True	True	True	True
4025	kdomanski	2014-04-08 21:23:55	laanwj	2014-04-09 08:37:33	src/rpcmining.cpp	True	True	True	True
4025	kdomanski	2014-04-08 21:23:55	laanwj	2014-04-09 08:37:33	src/net.cpp	True	True	True	True
3999	laanwj	2014-04-03 12:59:46	Diapolo	2014-04-03 17:04:49	src/checkpoints.cpp	True	True	True	True
3999	laanwj	2014-04-03 12:59:46	Diapolo	2014-04-03 17:04:49	src/main.h	True	True	True	True
3999	laanwj	2014-04-03 12:59:46	Diapolo	2014-04-03 17:04:49	src/main.cpp	True	True	True	True
3999	laanwj	2014-04-03 12:59:46	Diapolo	2014-04-03 17:04:49	src/checkpoints.h	True	True	True	True
3999	laanwj	2014-04-03 12:59:46	Diapolo	2014-04-03 17:04:49	src/qt/clientmodel.cpp	True	True	True	True
3999	laanwj	2014-04-03 12:59:46	Diapolo	2014-04-03 17:04:49	src/rpcmining.cpp	True	True	True	True
