pr_number	author_user_login	pr_created_at	review_comment_user_login	review_comment_created_at	is_review_review_comment
7441	fanquake	2016-01-29 09:29:34	laanwj	2016-01-29 12:54:25	True
7439	gmaxwell	2016-01-28 22:53:09	MarcoFalke	2016-01-29 16:51:31	True
7439	gmaxwell	2016-01-28 22:53:09	laanwj	2016-01-30 10:50:57	True
7439	gmaxwell	2016-01-28 22:53:09	MarcoFalke	2016-01-30 11:00:13	True
7436	dcousens	2016-01-28 14:58:49	jtimon	2016-02-01 21:42:29	True
7436	dcousens	2016-01-28 14:58:49	jtimon	2016-02-01 21:38:40	True
7436	dcousens	2016-01-28 14:58:49	petertodd	2016-01-31 09:34:41	True
7431	luke-jr	2016-01-28 05:29:31	laanwj	2016-01-28 12:25:06	True
7431	luke-jr	2016-01-28 05:29:31	jonasschnelli	2016-01-28 12:19:23	True
7428	nathaniel-mahieu	2016-01-27 19:05:10	laanwj	2016-01-28 10:51:57	True
7423	jarret	2016-01-27 01:48:49	laanwj	2016-01-27 09:10:46	True
7423	jarret	2016-01-27 01:48:49	jonasschnelli	2016-01-27 08:10:55	True
7421	sdaftuar	2016-01-26 14:50:19	MarcoFalke	2016-01-26 15:34:42	True
7417	PRabahy	2016-01-26 00:40:45	jonasschnelli	2016-01-26 08:14:47	True
7416	xor-freenet	2016-01-25 17:30:53	sdaftuar	2016-01-27 15:19:40	True
7416	xor-freenet	2016-01-25 17:30:53	jonasschnelli	2016-01-25 17:37:23	True
7416	xor-freenet	2016-01-25 17:30:53	jonasschnelli	2016-01-26 07:51:00	True
7416	xor-freenet	2016-01-25 17:30:53	sdaftuar	2016-01-26 15:13:20	True
7416	xor-freenet	2016-01-25 17:30:53	laanwj	2016-01-27 09:32:46	True
7416	xor-freenet	2016-01-25 17:30:53	petertodd	2016-01-26 06:48:05	True
7416	xor-freenet	2016-01-25 17:30:53	paveljanik	2016-01-26 14:19:34	True
7404	jonasschnelli	2016-01-23 20:47:22	rebroad	2016-01-31 14:03:25	True
7404	jonasschnelli	2016-01-23 20:47:22	sipa	2016-03-23 17:15:58	True
7404	jonasschnelli	2016-01-23 20:47:22	rebroad	2016-01-31 14:00:56	True
7386	laanwj	2016-01-21 10:13:35	jl2012	2016-01-21 10:27:34	True
7386	laanwj	2016-01-21 10:13:35	wangchun	2016-01-21 10:39:09	True
7386	laanwj	2016-01-21 10:13:35	jonasschnelli	2016-01-21 10:27:26	True
7386	laanwj	2016-01-21 10:13:35	wangchun	2016-01-21 10:54:47	True
7386	laanwj	2016-01-21 10:13:35	btcdrak	2016-01-21 10:29:29	True
7386	laanwj	2016-01-21 10:13:35	wangchun	2016-01-21 10:26:24	True
7386	laanwj	2016-01-21 10:13:35	wangchun	2016-01-21 10:31:33	True
7386	laanwj	2016-01-21 10:13:35	sipa	2016-01-21 10:33:17	True
7383	jonasschnelli	2016-01-20 14:01:04	MarcoFalke	2016-01-20 15:53:23	True
7383	jonasschnelli	2016-01-20 14:01:04	laanwj	2016-01-20 16:23:34	True
7383	jonasschnelli	2016-01-20 14:01:04	MarcoFalke	2016-01-20 15:53:29	True
7381	MarcoFalke	2016-01-20 09:06:01	laanwj	2016-01-20 09:49:24	True
7378	laanwj	2016-01-19 09:15:13	MarcoFalke	2016-01-20 10:02:08	True
7378	laanwj	2016-01-19 09:15:13	jonasschnelli	2016-01-20 10:04:06	True
7378	laanwj	2016-01-19 09:15:13	MarcoFalke	2016-01-19 16:00:24	True
7374	MarcoFalke	2016-01-18 19:48:24	luke-jr	2016-01-19 00:18:58	True
7374	MarcoFalke	2016-01-18 19:48:24	luke-jr	2016-01-19 08:24:00	True
7372	MarcoFalke	2016-01-18 14:21:36	laanwj	2016-01-18 15:11:16	True
7370	MarcoFalke	2016-01-18 13:06:52	jonasschnelli	2016-01-18 13:09:14	True
7370	MarcoFalke	2016-01-18 13:06:52	laanwj	2016-01-18 14:18:04	True
7359	esainane	2016-01-17 01:19:31	laanwj	2016-01-18 09:17:01	True
7349	luke-jr	2016-01-15 03:21:54	theuni	2016-01-22 18:26:58	True
7349	luke-jr	2016-01-15 03:21:54	theuni	2016-01-22 18:24:20	True
7348	dcousens	2016-01-15 01:45:02	jonasschnelli	2016-01-15 11:50:57	True
7348	dcousens	2016-01-15 01:45:02	laanwj	2016-01-16 09:20:54	True
7348	dcousens	2016-01-15 01:45:02	MarcoFalke	2016-01-15 07:15:05	True
7346	luke-jr	2016-01-14 19:34:54	sdaftuar	2016-01-15 01:08:33	True
7346	luke-jr	2016-01-14 19:34:54	paveljanik	2016-01-23 13:31:30	True
7346	luke-jr	2016-01-14 19:34:54	MarcoFalke	2016-01-18 18:26:24	True
7346	luke-jr	2016-01-14 19:34:54	laanwj	2016-01-18 09:42:58	True
7346	luke-jr	2016-01-14 19:34:54	jonasschnelli	2016-01-14 20:31:59	True
7346	luke-jr	2016-01-14 19:34:54	sdaftuar	2016-01-14 21:11:23	True
7346	luke-jr	2016-01-14 19:34:54	paveljanik	2016-01-14 20:27:51	True
7346	luke-jr	2016-01-14 19:34:54	paveljanik	2016-01-14 20:29:06	True
7345	MarcoFalke	2016-01-14 18:32:34	fanquake	2016-01-17 09:19:05	True
7345	MarcoFalke	2016-01-14 18:32:34	fanquake	2016-01-17 09:19:22	True
7340	luke-jr	2016-01-14 00:27:59	jonasschnelli	2016-01-14 08:19:03	True
7339	luke-jr	2016-01-13 23:24:37	jonasschnelli	2016-01-14 08:24:52	True
7338	luke-jr	2016-01-13 21:17:10	laanwj	2016-01-13 21:29:13	True
7335	MarcoFalke	2016-01-13 19:12:21	GIJensen	2016-01-14 16:01:53	True
7334	MarcoFalke	2016-01-13 17:50:56	jonasschnelli	2016-01-14 08:31:41	True
7327	crowning-	2016-01-11 21:58:47	MarcoFalke	2016-01-13 19:25:01	True
7327	crowning-	2016-01-11 21:58:47	jonasschnelli	2016-01-13 19:22:15	True
7320	MarcoFalke	2016-01-08 12:14:55	luke-jr	2016-01-15 17:21:55	True
7320	MarcoFalke	2016-01-08 12:14:55	laanwj	2016-01-09 15:22:06	True
7317	jonasschnelli	2016-01-08 09:15:41	laanwj	2016-01-08 10:17:51	True
7317	jonasschnelli	2016-01-08 09:15:41	laanwj	2016-01-08 10:07:33	True
7312	morcos	2016-01-07 17:33:07	jonasschnelli	2016-01-08 08:04:11	True
7312	morcos	2016-01-07 17:33:07	sdaftuar	2016-01-08 17:22:16	True
7312	morcos	2016-01-07 17:33:07	MarcoFalke	2016-01-08 17:09:18	True
7312	morcos	2016-01-07 17:33:07	kanzure	2016-01-08 12:58:15	True
7312	morcos	2016-01-07 17:33:07	MarcoFalke	2016-01-08 17:10:02	True
7312	morcos	2016-01-07 17:33:07	jonasschnelli	2016-01-07 20:14:45	True
7312	morcos	2016-01-07 17:33:07	jonasschnelli	2016-01-07 20:05:04	True
7310	jtimon	2016-01-07 16:45:58	MarcoFalke	2016-02-25 16:18:36	True
7310	jtimon	2016-01-07 16:45:58	btcdrak	2016-02-14 10:41:09	True
7309	MarcoFalke	2016-01-07 14:35:35	fanquake	2016-01-08 07:58:24	True
7309	MarcoFalke	2016-01-07 14:35:35	fanquake	2016-01-08 07:56:38	True
7309	MarcoFalke	2016-01-07 14:35:35	fanquake	2016-01-08 08:03:53	True
7309	MarcoFalke	2016-01-07 14:35:35	fanquake	2016-01-08 07:57:45	True
7309	MarcoFalke	2016-01-07 14:35:35	dgenr8	2016-01-10 16:09:27	True
7307	jonasschnelli	2016-01-07 07:39:38	jgarzik	2016-01-07 14:32:58	True
7300	MarcoFalke	2016-01-05 20:37:33	luke-jr	2016-01-15 17:25:30	True
7300	MarcoFalke	2016-01-05 20:37:33	luke-jr	2016-01-15 17:26:07	True
7300	MarcoFalke	2016-01-05 20:37:33	luke-jr	2016-01-15 17:28:08	True
7300	MarcoFalke	2016-01-05 20:37:33	luke-jr	2016-01-15 17:31:07	True
7300	MarcoFalke	2016-01-05 20:37:33	luke-jr	2016-01-15 17:31:55	True
7300	MarcoFalke	2016-01-05 20:37:33	jamesob	2016-01-15 18:01:53	True
7300	MarcoFalke	2016-01-05 20:37:33	instagibbs	2016-01-15 17:30:44	True
7300	MarcoFalke	2016-01-05 20:37:33	petertodd	2016-01-15 17:33:59	True
7300	MarcoFalke	2016-01-05 20:37:33	luke-jr	2016-01-15 17:29:17	True
7300	MarcoFalke	2016-01-05 20:37:33	luke-jr	2016-01-15 17:29:53	True
7298	MarcoFalke	2016-01-05 18:14:52	jonasschnelli	2016-01-06 14:43:05	True
7298	MarcoFalke	2016-01-05 18:14:52	jonasschnelli	2016-01-07 07:53:22	True
7298	MarcoFalke	2016-01-05 18:14:52	jonasschnelli	2016-01-06 14:20:04	True
7298	MarcoFalke	2016-01-05 18:14:52	jonasschnelli	2016-01-06 14:26:29	True
7298	MarcoFalke	2016-01-05 18:14:52	jonasschnelli	2016-01-06 14:14:03	True
7296	morcos	2016-01-05 17:06:10	MarcoFalke	2016-01-05 17:31:54	True
7296	morcos	2016-01-05 17:06:10	MarcoFalke	2016-01-05 17:16:19	True
7296	morcos	2016-01-05 17:06:10	MarcoFalke	2016-01-05 17:15:34	True
7291	EthanHeilman	2016-01-04 18:04:11	dcousens	2016-01-07 13:51:30	True
7291	EthanHeilman	2016-01-04 18:04:11	dcousens	2016-01-05 22:08:39	True
7291	EthanHeilman	2016-01-04 18:04:11	laanwj	2016-01-07 08:37:10	True
7291	EthanHeilman	2016-01-04 18:04:11	dcousens	2016-01-05 22:42:41	True
7291	EthanHeilman	2016-01-04 18:04:11	MarcoFalke	2016-01-06 21:48:54	True
7291	EthanHeilman	2016-01-04 18:04:11	dcousens	2016-01-06 22:00:25	True
7291	EthanHeilman	2016-01-04 18:04:11	MarcoFalke	2016-01-07 11:20:42	True
7291	EthanHeilman	2016-01-04 18:04:11	laanwj	2016-01-05 11:28:01	True
7291	EthanHeilman	2016-01-04 18:04:11	MarcoFalke	2016-01-09 13:32:27	True
7291	EthanHeilman	2016-01-04 18:04:11	laanwj	2016-01-09 15:52:42	True
7291	EthanHeilman	2016-01-04 18:04:11	dcousens	2016-01-10 03:08:43	True
7291	EthanHeilman	2016-01-04 18:04:11	laanwj	2016-01-18 15:05:10	True
7291	EthanHeilman	2016-01-04 18:04:11	laanwj	2016-01-05 11:33:47	True
7291	EthanHeilman	2016-01-04 18:04:11	jonasschnelli	2016-01-04 19:34:53	True
7290	MarcoFalke	2016-01-04 17:38:24	paveljanik	2016-01-09 11:08:06	True
7289	luke-jr	2016-01-04 17:13:23	MarcoFalke	2016-01-19 16:04:14	True
7287	jtimon	2016-01-04 14:03:39	dcousens	2016-01-28 15:14:28	True
7287	jtimon	2016-01-04 14:03:39	laanwj	2016-01-29 14:06:23	True
7287	jtimon	2016-01-04 14:03:39	laanwj	2016-01-29 16:50:30	True
7287	jtimon	2016-01-04 14:03:39	laanwj	2016-01-29 16:15:01	True
7287	jtimon	2016-01-04 14:03:39	laanwj	2016-01-29 14:05:10	True
7287	jtimon	2016-01-04 14:03:39	laanwj	2016-01-29 14:36:52	True
7286	MarcoFalke	2016-01-04 13:06:24	jonasschnelli	2016-01-04 19:53:07	True
7286	MarcoFalke	2016-01-04 13:06:24	jonasschnelli	2016-01-04 19:52:10	True
7286	MarcoFalke	2016-01-04 13:06:24	jonasschnelli	2016-01-04 19:50:44	True
7280	MarcoFalke	2016-01-04 01:07:37	jonasschnelli	2016-01-04 08:05:01	True
7280	MarcoFalke	2016-01-04 01:07:37	fanquake	2016-01-04 08:08:08	True
7280	MarcoFalke	2016-01-04 01:07:37	laanwj	2016-01-04 08:25:09	True
7273	jonasschnelli	2016-01-02 16:04:13	MarcoFalke	2016-01-02 18:01:35	True
7273	jonasschnelli	2016-01-02 16:04:13	instagibbs	2016-03-11 21:54:42	True
7273	jonasschnelli	2016-01-02 16:04:13	instagibbs	2016-03-11 22:02:25	True
7273	jonasschnelli	2016-01-02 16:04:13	MarcoFalke	2016-01-02 18:07:45	True
7273	jonasschnelli	2016-01-02 16:04:13	MarcoFalke	2016-01-02 18:05:10	True
7273	jonasschnelli	2016-01-02 16:04:13	MarcoFalke	2016-01-02 18:02:32	True
7273	jonasschnelli	2016-01-02 16:04:13	MarcoFalke	2016-02-01 15:22:06	True
7273	jonasschnelli	2016-01-02 16:04:13	MarcoFalke	2016-01-02 18:04:02	True
7273	jonasschnelli	2016-01-02 16:04:13	instagibbs	2016-03-11 21:45:20	True
7273	jonasschnelli	2016-01-02 16:04:13	instagibbs	2016-03-11 21:49:34	True
7273	jonasschnelli	2016-01-02 16:04:13	instagibbs	2016-03-11 21:48:37	True
7273	jonasschnelli	2016-01-02 16:04:13	luke-jr	2016-01-15 20:20:57	True
7273	jonasschnelli	2016-01-02 16:04:13	MarcoFalke	2016-01-02 18:09:07	True
7273	jonasschnelli	2016-01-02 16:04:13	instagibbs	2016-03-14 16:24:33	True
7273	jonasschnelli	2016-01-02 16:04:13	luke-jr	2016-01-15 19:32:57	True
7273	jonasschnelli	2016-01-02 16:04:13	luke-jr	2016-03-15 05:03:23	True
7273	jonasschnelli	2016-01-02 16:04:13	luke-jr	2016-01-15 18:00:20	True
7273	jonasschnelli	2016-01-02 16:04:13	luke-jr	2016-01-15 18:11:03	True
7273	jonasschnelli	2016-01-02 16:04:13	luke-jr	2016-01-15 18:18:18	True
7273	jonasschnelli	2016-01-02 16:04:13	instagibbs	2016-02-01 15:12:55	True
