pr_number	author_user_login	pr_created_at	comment_user_login	comment_created_at	is_review_issue_comment
3042	wtogami	2013-09-30 08:04:25	sipa	2013-09-30 09:31:10	True
3042	wtogami	2013-09-30 08:04:25	laanwj	2013-09-30 08:09:52	True
3042	wtogami	2013-09-30 08:04:25	theuni	2013-09-30 16:08:25	True
3038	Diapolo	2013-09-28 13:38:37	wtogami	2013-09-30 09:40:10	True
3038	Diapolo	2013-09-28 13:38:37	jgarzik	2013-10-03 13:16:03	True
3038	Diapolo	2013-09-28 13:38:37	sipa	2013-10-03 12:33:25	True
3038	Diapolo	2013-09-28 13:38:37	sipa	2013-09-29 13:40:32	True
3038	Diapolo	2013-09-28 13:38:37	wtogami	2013-09-29 10:32:34	True
3038	Diapolo	2013-09-28 13:38:37	wtogami	2013-09-29 01:29:32	True
3029	wtogami	2013-09-25 04:25:27	sipa	2013-09-28 16:14:13	True
3029	wtogami	2013-09-25 04:25:27	laanwj	2013-09-26 13:52:32	True
3029	wtogami	2013-09-25 04:25:27	sipa	2013-09-26 14:18:40	True
3029	wtogami	2013-09-25 04:25:27	gavinandresen	2013-09-26 06:18:12	True
3028	Michagogo	2013-09-24 19:36:56	sipa	2013-09-29 13:42:47	True
3015	theuni	2013-09-18 21:18:10	Diapolo	2013-09-18 21:47:58	True
3015	theuni	2013-09-18 21:18:10	BitcoinPullTester	2013-09-20 06:07:27	True
3015	theuni	2013-09-18 21:18:10	Diapolo	2013-09-19 07:51:42	True
3015	theuni	2013-09-18 21:18:10	Diapolo	2013-09-20 08:55:50	True
3015	theuni	2013-09-18 21:18:10	jgarzik	2013-09-18 21:20:33	True
3015	theuni	2013-09-18 21:18:10	laanwj	2013-09-20 06:30:18	True
2995	Diapolo	2013-09-14 09:49:00	laanwj	2013-09-21 06:38:54	True
2995	Diapolo	2013-09-14 09:49:00	BitcoinPullTester	2013-09-14 16:37:33	True
2991	Diapolo	2013-09-13 14:54:55	laanwj	2013-09-29 07:18:13	True
2991	Diapolo	2013-09-13 14:54:55	BitcoinPullTester	2013-09-14 11:23:59	True
2980	wtogami	2013-09-08 07:21:25	gavinandresen	2013-09-09 00:25:40	True
2980	wtogami	2013-09-08 07:21:25	laanwj	2013-11-11 13:41:18	True
2980	wtogami	2013-09-08 07:21:25	Diapolo	2013-11-11 17:23:41	True
2980	wtogami	2013-09-08 07:21:25	gmaxwell	2013-09-08 13:28:54	True
2980	wtogami	2013-09-08 07:21:25	jgarzik	2013-09-08 07:23:26	True
2980	wtogami	2013-09-08 07:21:25	laanwj	2013-09-08 12:11:44	True
2980	wtogami	2013-09-08 07:21:25	BitcoinPullTester	2013-09-09 00:53:07	True
2980	wtogami	2013-09-08 07:21:25	gavinandresen	2013-11-12 01:44:54	True
2980	wtogami	2013-09-08 07:21:25	sipa	2013-09-13 10:41:43	True
2980	wtogami	2013-09-08 07:21:25	Diapolo	2013-09-08 11:15:31	True
2975	jgarzik	2013-09-04 17:33:44	BitcoinPullTester	2014-05-20 21:34:33	True
2973	Diapolo	2013-09-04 09:56:02	BitcoinPullTester	2013-09-06 09:57:14	True
