pr_number	author_user_login	pr_created_at	review_user_login	review_created_at	filename	create_before_pr	has_issue_comment	has_review_comment	has_commit
5721	sdaftuar	2015-01-28 19:48:44	sipa	2015-01-28 20:02:32	src/checkqueue.h	True	True	True	True
5720	fsb4000	2015-01-28 19:26:24	jonasschnelli	2015-01-29 08:44:03	src/qt/coincontroldialog.cpp	True	True	True	True
5714	sipa	2015-01-27 04:19:55	harding	2015-01-30 14:29:58	src/main.cpp	True	True	True	True
5714	sipa	2015-01-27 04:19:55	harding	2015-01-30 14:29:58	src/primitives/block.h	True	True	True	True
5714	sipa	2015-01-27 04:19:55	harding	2015-01-30 14:29:58	src/script/bitcoinconsensus.h	True	True	True	True
5714	sipa	2015-01-27 04:19:55	harding	2015-01-30 14:29:58	src/script/standard.h	True	True	True	True
5714	sipa	2015-01-27 04:19:55	harding	2015-01-30 14:29:58	src/test/data/script_invalid.json	True	True	True	True
5714	sipa	2015-01-27 04:19:55	harding	2015-01-30 14:29:58	src/test/data/script_valid.json	True	True	True	True
5714	sipa	2015-01-27 04:19:55	harding	2015-01-30 14:29:58	src/test/script_tests.cpp	True	True	True	True
5714	sipa	2015-01-27 04:19:55	harding	2015-01-30 14:29:58	src/script/interpreter.cpp	True	True	True	True
5714	sipa	2015-01-27 04:19:55	harding	2015-01-30 14:29:58	qa/rpc-tests/bipdersig.py	True	True	True	True
5713	sipa	2015-01-27 03:06:12	laanwj	2015-01-27 19:11:07	src/primitives/block.h	True	True	True	True
5713	sipa	2015-01-27 03:06:12	laanwj	2015-01-27 19:11:07	src/test/data/script_valid.json	True	True	True	True
5713	sipa	2015-01-27 03:06:12	laanwj	2015-01-27 19:11:07	qa/rpc-tests/bipdersig.py	True	True	True	True
5713	sipa	2015-01-27 03:06:12	laanwj	2015-01-27 19:11:07	src/main.cpp	True	True	True	True
5713	sipa	2015-01-27 03:06:12	laanwj	2015-01-27 19:11:07	src/test/data/script_invalid.json	True	True	True	True
5713	sipa	2015-01-27 03:06:12	laanwj	2015-01-27 19:11:07	src/script/bitcoinconsensus.h	True	True	True	True
5713	sipa	2015-01-27 03:06:12	laanwj	2015-01-27 19:11:07	src/test/script_tests.cpp	True	True	True	True
5713	sipa	2015-01-27 03:06:12	laanwj	2015-01-27 19:11:07	src/script/interpreter.cpp	True	True	True	True
5713	sipa	2015-01-27 03:06:12	laanwj	2015-01-27 19:11:07	src/script/standard.h	True	True	True	True
5699	domob1812	2015-01-23 13:55:11	sipa	2015-02-03 04:44:43	src/main.cpp	False	True	True	True
5696	jtimon	2015-01-23 12:36:39	TheBlueMatt	2015-02-04 00:06:18	src/primitives/block.h	False	True	True	True
5696	jtimon	2015-01-23 12:36:39	TheBlueMatt	2015-02-04 00:06:18	src/rpcmining.cpp	False	True	True	True
5696	jtimon	2015-01-23 12:36:39	TheBlueMatt	2015-02-04 00:06:18	src/qt/transactionrecord.cpp	False	True	True	True
5696	jtimon	2015-01-23 12:36:39	TheBlueMatt	2015-02-04 00:06:18	src/qt/transactiondesc.cpp	False	True	True	True
5696	jtimon	2015-01-23 12:36:39	TheBlueMatt	2015-02-04 00:06:18	src/Makefile.am	False	True	True	True
5696	jtimon	2015-01-23 12:36:39	TheBlueMatt	2015-02-04 00:06:18	src/main.h	False	True	True	True
5696	jtimon	2015-01-23 12:36:39	TheBlueMatt	2015-02-04 00:06:18	src/miner.cpp	False	True	True	True
5696	jtimon	2015-01-23 12:36:39	TheBlueMatt	2015-02-04 00:06:18	src/merkleblock.cpp	False	True	True	True
5696	jtimon	2015-01-23 12:36:39	TheBlueMatt	2015-02-04 00:06:18	src/consensus/consensus.h	False	True	True	True
5696	jtimon	2015-01-23 12:36:39	TheBlueMatt	2015-02-04 00:06:18	src/bitcoin-tx.cpp	False	True	True	True
5696	jtimon	2015-01-23 12:36:39	TheBlueMatt	2015-02-04 00:06:18	src/wallet/wallet.cpp	False	True	True	True
5696	jtimon	2015-01-23 12:36:39	TheBlueMatt	2015-02-04 00:06:18	src/txmempool.cpp	False	True	True	True
5696	jtimon	2015-01-23 12:36:39	TheBlueMatt	2015-02-04 00:07:46	src/miner.cpp	False	True	True	True
5696	jtimon	2015-01-23 12:36:39	TheBlueMatt	2015-02-04 00:07:46	src/Makefile.am	False	True	True	True
5696	jtimon	2015-01-23 12:36:39	TheBlueMatt	2015-02-04 00:07:46	src/consensus/consensus.h	False	True	True	True
5696	jtimon	2015-01-23 12:36:39	TheBlueMatt	2015-02-04 00:07:46	src/main.h	False	True	True	True
5696	jtimon	2015-01-23 12:36:39	TheBlueMatt	2015-02-04 00:07:46	src/merkleblock.cpp	False	True	True	True
5696	jtimon	2015-01-23 12:36:39	TheBlueMatt	2015-02-04 00:07:46	src/primitives/block.h	False	True	True	True
5696	jtimon	2015-01-23 12:36:39	TheBlueMatt	2015-02-04 00:07:46	src/qt/transactiondesc.cpp	False	True	True	True
5696	jtimon	2015-01-23 12:36:39	TheBlueMatt	2015-02-04 00:07:46	src/qt/transactionrecord.cpp	False	True	True	True
5696	jtimon	2015-01-23 12:36:39	TheBlueMatt	2015-02-04 00:07:46	src/rpcmining.cpp	False	True	True	True
5696	jtimon	2015-01-23 12:36:39	TheBlueMatt	2015-02-04 00:07:46	src/txmempool.cpp	False	True	True	True
5696	jtimon	2015-01-23 12:36:39	TheBlueMatt	2015-02-04 00:07:46	src/wallet/wallet.cpp	False	True	True	True
5696	jtimon	2015-01-23 12:36:39	TheBlueMatt	2015-02-04 00:07:46	src/bitcoin-tx.cpp	False	True	True	True
5695	fanquake	2015-01-23 11:24:49	laanwj	2015-01-23 12:19:16	depends/config.sub	True	True	True	True
5695	fanquake	2015-01-23 11:24:49	laanwj	2015-01-23 12:19:16	depends/config.guess	True	True	True	True
5694	Diapolo	2015-01-23 10:24:02	jonasschnelli	2015-01-23 12:42:43	src/rpcwallet.cpp	True	True	True	True
5694	Diapolo	2015-01-23 10:24:02	laanwj	2015-01-26 10:27:57	src/rpcwallet.cpp	True	True	True	True
5689	theuni	2015-01-21 00:28:09	Diapolo	2015-02-14 13:49:56	src/support/cleanse.h	True	True	True	True
5689	theuni	2015-01-21 00:28:09	Diapolo	2015-02-14 13:49:22	src/streams.h	True	True	True	True
5689	theuni	2015-01-21 00:28:09	Diapolo	2015-02-14 13:49:22	src/random.cpp	True	True	True	True
5689	theuni	2015-01-21 00:28:09	Diapolo	2015-02-14 13:49:22	src/qt/paymentserver.cpp	True	True	True	True
5689	theuni	2015-01-21 00:28:09	Diapolo	2015-02-14 13:49:22	src/qt/paymentrequestplus.h	True	True	True	True
5689	theuni	2015-01-21 00:28:09	Diapolo	2015-02-14 13:49:22	src/qt/paymentrequestplus.cpp	True	True	True	True
5689	theuni	2015-01-21 00:28:09	Diapolo	2015-02-14 13:49:22	src/db.cpp	True	True	True	True
5689	theuni	2015-01-21 00:28:09	Diapolo	2015-02-14 13:49:22	src/crypter.h	True	True	True	True
5689	theuni	2015-01-21 00:28:09	Diapolo	2015-02-14 13:49:22	src/crypter.cpp	True	True	True	True
5689	theuni	2015-01-21 00:28:09	Diapolo	2015-02-14 13:49:22	src/base58.cpp	True	True	True	True
5689	theuni	2015-01-21 00:28:09	Diapolo	2015-02-14 13:49:22	src/support/cleanse.cpp	True	True	True	True
5689	theuni	2015-01-21 00:28:09	Diapolo	2015-02-14 13:49:22	src/Makefile.am	True	True	True	True
5689	theuni	2015-01-21 00:28:09	Diapolo	2015-02-14 13:49:56	src/db.cpp	True	True	True	True
5689	theuni	2015-01-21 00:28:09	Diapolo	2015-02-14 13:49:56	src/support/cleanse.cpp	True	True	True	True
5689	theuni	2015-01-21 00:28:09	Diapolo	2015-02-14 13:49:56	src/streams.h	True	True	True	True
5689	theuni	2015-01-21 00:28:09	Diapolo	2015-02-14 13:49:56	src/random.cpp	True	True	True	True
5689	theuni	2015-01-21 00:28:09	Diapolo	2015-02-14 13:49:56	src/qt/paymentserver.cpp	True	True	True	True
5689	theuni	2015-01-21 00:28:09	Diapolo	2015-02-14 13:49:56	src/qt/paymentrequestplus.h	True	True	True	True
5689	theuni	2015-01-21 00:28:09	Diapolo	2015-02-14 13:49:56	src/qt/paymentrequestplus.cpp	True	True	True	True
5689	theuni	2015-01-21 00:28:09	Diapolo	2015-02-14 13:49:07	src/Makefile.am	True	True	True	True
5689	theuni	2015-01-21 00:28:09	Diapolo	2015-02-14 13:49:56	src/crypter.h	True	True	True	True
5689	theuni	2015-01-21 00:28:09	Diapolo	2015-02-14 13:49:56	src/crypter.cpp	True	True	True	True
5689	theuni	2015-01-21 00:28:09	Diapolo	2015-02-14 13:49:56	src/base58.cpp	True	True	True	True
5689	theuni	2015-01-21 00:28:09	Diapolo	2015-02-14 13:49:56	src/allocators.h	True	True	True	True
5689	theuni	2015-01-21 00:28:09	Diapolo	2015-02-14 13:49:56	src/Makefile.am	True	True	True	True
5689	theuni	2015-01-21 00:28:09	Diapolo	2015-02-14 13:49:22	src/support/cleanse.h	True	True	True	True
5689	theuni	2015-01-21 00:28:09	Diapolo	2015-02-14 13:49:22	src/allocators.h	True	True	True	True
5689	theuni	2015-01-21 00:28:09	Diapolo	2015-02-14 13:49:07	src/allocators.h	True	True	True	True
5689	theuni	2015-01-21 00:28:09	sipa	2015-02-14 06:20:13	src/allocators.h	True	True	True	True
5689	theuni	2015-01-21 00:28:09	Diapolo	2015-02-14 13:49:07	src/base58.cpp	True	True	True	True
5689	theuni	2015-01-21 00:28:09	sipa	2015-02-14 06:20:13	src/support/cleanse.h	True	True	True	True
5689	theuni	2015-01-21 00:28:09	sipa	2015-02-14 06:20:13	src/support/cleanse.cpp	True	True	True	True
5689	theuni	2015-01-21 00:28:09	sipa	2015-02-14 06:20:13	src/streams.h	True	True	True	True
5689	theuni	2015-01-21 00:28:09	sipa	2015-02-14 06:20:13	src/random.cpp	True	True	True	True
5689	theuni	2015-01-21 00:28:09	sipa	2015-02-14 06:20:13	src/qt/paymentserver.cpp	True	True	True	True
5689	theuni	2015-01-21 00:28:09	sipa	2015-02-14 06:20:13	src/qt/paymentrequestplus.h	True	True	True	True
5689	theuni	2015-01-21 00:28:09	sipa	2015-02-14 06:20:13	src/qt/paymentrequestplus.cpp	True	True	True	True
5689	theuni	2015-01-21 00:28:09	sipa	2015-02-14 06:20:13	src/db.cpp	True	True	True	True
5689	theuni	2015-01-21 00:28:09	sipa	2015-02-14 06:20:13	src/crypter.h	True	True	True	True
5689	theuni	2015-01-21 00:28:09	sipa	2015-02-14 06:20:13	src/crypter.cpp	True	True	True	True
5689	theuni	2015-01-21 00:28:09	sipa	2015-02-14 06:20:13	src/base58.cpp	True	True	True	True
5689	theuni	2015-01-21 00:28:09	sipa	2015-02-14 06:20:13	src/Makefile.am	True	True	True	True
5689	theuni	2015-01-21 00:28:09	Diapolo	2015-02-14 13:49:07	src/support/cleanse.h	True	True	True	True
5689	theuni	2015-01-21 00:28:09	Diapolo	2015-02-14 13:49:07	src/support/cleanse.cpp	True	True	True	True
5689	theuni	2015-01-21 00:28:09	Diapolo	2015-02-14 13:49:07	src/streams.h	True	True	True	True
5689	theuni	2015-01-21 00:28:09	Diapolo	2015-02-14 13:49:07	src/random.cpp	True	True	True	True
5689	theuni	2015-01-21 00:28:09	Diapolo	2015-02-14 13:49:07	src/qt/paymentserver.cpp	True	True	True	True
5689	theuni	2015-01-21 00:28:09	Diapolo	2015-02-14 13:49:07	src/qt/paymentrequestplus.h	True	True	True	True
5689	theuni	2015-01-21 00:28:09	Diapolo	2015-02-14 13:49:07	src/qt/paymentrequestplus.cpp	True	True	True	True
5689	theuni	2015-01-21 00:28:09	Diapolo	2015-02-14 13:49:07	src/db.cpp	True	True	True	True
5689	theuni	2015-01-21 00:28:09	Diapolo	2015-02-14 13:49:07	src/crypter.h	True	True	True	True
5689	theuni	2015-01-21 00:28:09	Diapolo	2015-02-14 13:49:07	src/crypter.cpp	True	True	True	True
5673	Diapolo	2015-01-16 07:55:05	laanwj	2015-01-16 08:50:04	src/init.cpp	True	False	True	True
5673	Diapolo	2015-01-16 07:55:05	laanwj	2015-01-16 08:50:04	src/init.cpp	False	False	True	True
5671	theuni	2015-01-15 22:55:34	jonasschnelli	2015-01-17 07:47:52	src/qt/bitcoin.cpp	False	True	True	True
5671	theuni	2015-01-15 22:55:34	jonasschnelli	2015-01-17 07:47:52	src/qt/guiutil.cpp	True	True	True	True
5671	theuni	2015-01-15 22:55:34	jonasschnelli	2015-01-17 07:47:52	src/qt/splashscreen.cpp	False	True	True	True
5671	theuni	2015-01-15 22:55:34	jonasschnelli	2015-01-17 07:47:52	src/qt/guiutil.cpp	False	True	True	True
5671	theuni	2015-01-15 22:55:34	jonasschnelli	2015-01-17 07:47:52	src/qt/guiutil.h	False	True	True	True
5669	jtimon	2015-01-15 19:35:23	Diapolo	2015-01-16 07:32:46	src/rpcmining.cpp	False	True	True	True
5669	jtimon	2015-01-15 19:35:23	Diapolo	2015-01-16 07:32:46	src/main.h	False	True	True	True
5669	jtimon	2015-01-15 19:35:23	Diapolo	2015-01-16 07:32:46	src/Makefile.am	False	True	True	True
5669	jtimon	2015-01-15 19:35:23	Diapolo	2015-01-16 07:32:46	src/consensus/validation.h	False	True	True	True
5669	jtimon	2015-01-15 19:35:23	Diapolo	2015-01-16 07:32:46	src/init.cpp	False	True	True	True
5669	jtimon	2015-01-15 19:35:23	Diapolo	2015-01-16 07:32:46	src/miner.cpp	False	True	True	True
5669	jtimon	2015-01-15 19:35:23	Diapolo	2015-01-16 07:32:46	src/rpcblockchain.cpp	False	True	True	True
5669	jtimon	2015-01-15 19:35:23	Diapolo	2015-01-16 07:32:46	src/rpcrawtransaction.cpp	False	True	True	True
5669	jtimon	2015-01-15 19:35:23	Diapolo	2015-01-16 07:32:46	src/test/checkblock_tests.cpp	False	True	True	True
5669	jtimon	2015-01-15 19:35:23	Diapolo	2015-01-16 07:32:46	src/test/miner_tests.cpp	False	True	True	True
5669	jtimon	2015-01-15 19:35:23	Diapolo	2015-01-16 07:32:46	src/test/sighash_tests.cpp	False	True	True	True
5669	jtimon	2015-01-15 19:35:23	Diapolo	2015-01-16 07:32:46	src/test/transaction_tests.cpp	False	True	True	True
5669	jtimon	2015-01-15 19:35:23	Diapolo	2015-01-16 07:32:46	src/txmempool.cpp	False	True	True	True
5669	jtimon	2015-01-15 19:35:23	Diapolo	2015-01-16 07:32:46	src/wallet/wallet.cpp	False	True	True	True
5669	jtimon	2015-01-15 19:35:23	Diapolo	2015-01-16 07:32:46	src/main.cpp	False	True	True	True
5669	jtimon	2015-01-15 19:35:23	Diapolo	2015-01-16 07:31:52	src/wallet/walletdb.cpp	False	True	True	True
5669	jtimon	2015-01-15 19:35:23	Diapolo	2015-01-16 07:31:52	src/wallet/wallet.cpp	False	True	True	True
5669	jtimon	2015-01-15 19:35:23	Diapolo	2015-01-16 07:31:52	src/txmempool.cpp	False	True	True	True
5669	jtimon	2015-01-15 19:35:23	Diapolo	2015-01-16 07:31:52	src/test/transaction_tests.cpp	False	True	True	True
5669	jtimon	2015-01-15 19:35:23	Diapolo	2015-01-16 07:31:52	src/test/sighash_tests.cpp	False	True	True	True
5669	jtimon	2015-01-15 19:35:23	Diapolo	2015-01-16 07:31:52	src/test/miner_tests.cpp	False	True	True	True
5669	jtimon	2015-01-15 19:35:23	Diapolo	2015-01-16 07:31:52	src/test/checkblock_tests.cpp	False	True	True	True
5669	jtimon	2015-01-15 19:35:23	Diapolo	2015-01-16 07:31:52	src/rpcrawtransaction.cpp	False	True	True	True
5669	jtimon	2015-01-15 19:35:23	Diapolo	2015-01-16 07:31:52	src/rpcmining.cpp	False	True	True	True
5669	jtimon	2015-01-15 19:35:23	Diapolo	2015-01-16 07:31:52	src/rpcblockchain.cpp	False	True	True	True
5669	jtimon	2015-01-15 19:35:23	Diapolo	2015-01-16 07:31:52	src/miner.cpp	False	True	True	True
5669	jtimon	2015-01-15 19:35:23	Diapolo	2015-01-16 07:31:52	src/init.cpp	False	True	True	True
5669	jtimon	2015-01-15 19:35:23	Diapolo	2015-01-16 07:31:52	src/consensus/validation.h	False	True	True	True
5669	jtimon	2015-01-15 19:35:23	Diapolo	2015-01-16 07:31:52	src/Makefile.am	False	True	True	True
5669	jtimon	2015-01-15 19:35:23	Diapolo	2015-01-16 07:31:52	src/main.h	False	True	True	True
5669	jtimon	2015-01-15 19:35:23	Diapolo	2015-01-16 07:35:51	src/main.cpp	False	True	True	True
5669	jtimon	2015-01-15 19:35:23	Diapolo	2015-01-16 07:32:46	src/wallet/walletdb.cpp	False	True	True	True
5669	jtimon	2015-01-15 19:35:23	Diapolo	2015-01-16 07:31:52	src/main.cpp	False	True	True	True
5669	jtimon	2015-01-15 19:35:23	Diapolo	2015-01-16 07:35:51	src/main.h	False	True	True	True
5669	jtimon	2015-01-15 19:35:23	Diapolo	2015-01-16 07:35:51	src/Makefile.am	False	True	True	True
5669	jtimon	2015-01-15 19:35:23	Diapolo	2015-01-16 07:33:28	src/wallet/walletdb.cpp	False	True	True	True
5669	jtimon	2015-01-15 19:35:23	Diapolo	2015-01-16 07:33:28	src/wallet/wallet.cpp	False	True	True	True
5669	jtimon	2015-01-15 19:35:23	Diapolo	2015-01-16 07:33:28	src/txmempool.cpp	False	True	True	True
5669	jtimon	2015-01-15 19:35:23	Diapolo	2015-01-16 07:33:28	src/test/transaction_tests.cpp	False	True	True	True
5669	jtimon	2015-01-15 19:35:23	Diapolo	2015-01-16 07:33:28	src/test/sighash_tests.cpp	False	True	True	True
5669	jtimon	2015-01-15 19:35:23	Diapolo	2015-01-16 07:33:28	src/test/miner_tests.cpp	False	True	True	True
5669	jtimon	2015-01-15 19:35:23	Diapolo	2015-01-16 07:33:28	src/test/checkblock_tests.cpp	False	True	True	True
5669	jtimon	2015-01-15 19:35:23	Diapolo	2015-01-16 07:33:28	src/rpcrawtransaction.cpp	False	True	True	True
5669	jtimon	2015-01-15 19:35:23	Diapolo	2015-01-16 07:33:28	src/rpcmining.cpp	False	True	True	True
5669	jtimon	2015-01-15 19:35:23	Diapolo	2015-01-16 07:33:28	src/rpcblockchain.cpp	False	True	True	True
5669	jtimon	2015-01-15 19:35:23	Diapolo	2015-01-16 07:33:28	src/miner.cpp	False	True	True	True
5669	jtimon	2015-01-15 19:35:23	Diapolo	2015-01-16 07:33:28	src/init.cpp	False	True	True	True
5669	jtimon	2015-01-15 19:35:23	Diapolo	2015-01-16 07:33:28	src/consensus/validation.h	False	True	True	True
5669	jtimon	2015-01-15 19:35:23	Diapolo	2015-01-16 07:33:28	src/Makefile.am	False	True	True	True
5669	jtimon	2015-01-15 19:35:23	Diapolo	2015-01-16 07:33:28	src/main.h	False	True	True	True
5669	jtimon	2015-01-15 19:35:23	Diapolo	2015-01-16 07:33:28	src/main.cpp	False	True	True	True
5669	jtimon	2015-01-15 19:35:23	Diapolo	2015-01-16 07:35:51	src/wallet/walletdb.cpp	False	True	True	True
5669	jtimon	2015-01-15 19:35:23	Diapolo	2015-01-16 07:35:51	src/wallet/wallet.cpp	False	True	True	True
5669	jtimon	2015-01-15 19:35:23	Diapolo	2015-01-16 07:35:51	src/txmempool.cpp	False	True	True	True
5669	jtimon	2015-01-15 19:35:23	Diapolo	2015-01-16 07:35:51	src/test/transaction_tests.cpp	False	True	True	True
5669	jtimon	2015-01-15 19:35:23	Diapolo	2015-01-16 07:35:51	src/test/sighash_tests.cpp	False	True	True	True
5669	jtimon	2015-01-15 19:35:23	Diapolo	2015-01-16 07:35:51	src/test/miner_tests.cpp	False	True	True	True
5669	jtimon	2015-01-15 19:35:23	Diapolo	2015-01-16 07:35:51	src/test/checkblock_tests.cpp	False	True	True	True
5669	jtimon	2015-01-15 19:35:23	Diapolo	2015-01-16 07:35:51	src/rpcrawtransaction.cpp	False	True	True	True
5669	jtimon	2015-01-15 19:35:23	Diapolo	2015-01-16 07:35:51	src/rpcmining.cpp	False	True	True	True
5669	jtimon	2015-01-15 19:35:23	Diapolo	2015-01-16 07:35:51	src/rpcblockchain.cpp	False	True	True	True
5669	jtimon	2015-01-15 19:35:23	Diapolo	2015-01-16 07:35:51	src/miner.cpp	False	True	True	True
5669	jtimon	2015-01-15 19:35:23	Diapolo	2015-01-16 07:35:51	src/init.cpp	False	True	True	True
5669	jtimon	2015-01-15 19:35:23	Diapolo	2015-01-16 07:35:51	src/consensus/validation.h	False	True	True	True
5665	Diapolo	2015-01-15 08:17:54	laanwj	2015-03-24 08:25:39	src/qt/paymentserver.h	True	True	True	True
5665	Diapolo	2015-01-15 08:17:54	laanwj	2015-03-24 08:25:39	src/qt/paymentserver.cpp	True	True	True	True
5665	Diapolo	2015-01-15 08:17:54	laanwj	2015-03-24 08:25:39	src/qt/test/paymentservertests.cpp	True	True	True	True
5662	sdaftuar	2015-01-14 20:34:27	laanwj	2015-01-29 12:31:58	src/main.cpp	True	True	True	True
5656	fanquake	2015-01-14 03:30:37	laanwj	2015-01-14 08:13:23	doc/build-osx.md	True	True	True	True
5655	gmaxwell	2015-01-14 01:54:15	Diapolo	2015-01-14 14:25:08	src/rpcserver.cpp	True	True	True	True
5655	gmaxwell	2015-01-14 01:54:15	Diapolo	2015-01-14 14:25:08	src/init.cpp	True	True	True	True
5655	gmaxwell	2015-01-14 01:54:15	Diapolo	2015-01-14 14:25:08	qa/rpc-tests/test_framework.py	False	True	True	True
5655	gmaxwell	2015-01-14 01:54:15	Diapolo	2015-01-14 14:25:08	qa/rpc-tests/httpbasics.py	False	True	True	True
5649	luke-jr	2015-01-12 21:00:20	laanwj	2015-01-14 15:52:33	src/qt/bitcoingui.h	True	True	True	True
5649	luke-jr	2015-01-12 21:00:20	laanwj	2015-01-14 15:52:33	src/qt/bitcoingui.cpp	True	True	True	True
5644	Michagogo	2015-01-12 13:22:35	laanwj	2015-01-12 13:27:53	doc/release-notes/release-notes-0.9.4.md	True	True	True	True
5644	Michagogo	2015-01-12 13:22:35	laanwj	2015-01-12 13:27:53	doc/release-notes.md	True	True	True	True
5642	Diapolo	2015-01-11 18:49:24	laanwj	2015-01-14 08:06:02	src/qt/paymentserver.cpp	False	True	True	True
5642	Diapolo	2015-01-11 18:49:24	laanwj	2015-01-14 08:06:02	src/qt/test/paymentrequestdata.h	True	True	True	True
5642	Diapolo	2015-01-11 18:49:24	laanwj	2015-01-14 08:06:02	src/qt/test/paymentservertests.cpp	True	True	True	True
5642	Diapolo	2015-01-11 18:49:24	laanwj	2015-01-14 08:06:02	src/qt/paymentserver.h	False	True	True	True
5642	Diapolo	2015-01-11 18:49:24	laanwj	2015-01-14 08:06:02	src/qt/test/paymentrequestdata.h	False	True	True	True
5642	Diapolo	2015-01-11 18:49:24	laanwj	2015-01-14 08:06:02	src/qt/test/paymentservertests.cpp	False	True	True	True
5637	Diapolo	2015-01-10 14:06:15	jonasschnelli	2015-01-12 09:31:46	src/qt/bitcoinamountfield.cpp	True	True	True	True
5637	Diapolo	2015-01-10 14:06:15	jonasschnelli	2015-01-12 09:31:46	src/qt/bitcoinamountfield.cpp	False	True	True	True
5636	Diapolo	2015-01-10 13:55:03	jonasschnelli	2015-01-11 19:20:55	src/qt/utilitydialog.cpp	True	True	True	True
5636	Diapolo	2015-01-10 13:55:03	jonasschnelli	2015-01-11 19:20:55	src/qt/paymentrequestplus.cpp	True	True	True	True
5634	theuni	2015-01-10 02:30:16	sipa	2015-01-10 02:46:17	src/ecwrapper.cpp	True	True	True	True
5634	theuni	2015-01-10 02:30:16	sipa	2015-01-10 02:46:17	depends/packages/openssl.mk	True	True	True	True
5634	theuni	2015-01-10 02:30:16	sipa	2015-01-10 02:46:17	src/ecwrapper.cpp	False	True	True	True
5632	jonasschnelli	2015-01-09 20:14:08	Diapolo	2015-01-09 22:33:55	src/Makefile.qt.include	True	True	True	True
5632	jonasschnelli	2015-01-09 20:14:08	Diapolo	2015-01-09 22:34:43	src/Makefile.qt.include	True	True	True	True
5632	jonasschnelli	2015-01-09 20:14:08	Diapolo	2015-01-09 22:34:43	src/qt/bitcoin.qrc	True	True	True	True
5632	jonasschnelli	2015-01-09 20:14:08	Diapolo	2015-01-09 22:34:43	src/qt/forms/helpmessagedialog.ui	True	True	True	True
5632	jonasschnelli	2015-01-09 20:14:08	Diapolo	2015-01-09 22:34:43	src/qt/res/images/about.png	True	True	True	True
5632	jonasschnelli	2015-01-09 20:14:08	Diapolo	2015-01-09 22:34:43	src/qt/utilitydialog.cpp	True	True	True	True
5632	jonasschnelli	2015-01-09 20:14:08	Diapolo	2015-01-09 22:33:55	src/qt/forms/helpmessagedialog.ui	True	True	True	True
5632	jonasschnelli	2015-01-09 20:14:08	Diapolo	2015-01-09 22:33:55	src/qt/res/images/about.png	True	True	True	True
5632	jonasschnelli	2015-01-09 20:14:08	Diapolo	2015-01-09 22:33:55	src/qt/utilitydialog.cpp	True	True	True	True
5632	jonasschnelli	2015-01-09 20:14:08	Diapolo	2015-01-09 22:33:55	src/qt/bitcoin.qrc	True	True	True	True
5623	btcdrak	2015-01-08 19:50:24	laanwj	2015-01-16 11:10:14	contrib/devtools/github-merge.sh	True	True	True	True
5623	btcdrak	2015-01-08 19:50:24	fanquake	2015-01-11 01:41:56	contrib/devtools/github-merge.sh	True	True	True	True
5619	sipa	2015-01-08 13:40:22	laanwj	2015-01-08 14:48:51	src/init.cpp	True	True	True	True
5608	sipa	2015-01-06 16:07:39	laanwj	2015-01-08 09:20:02	src/main.cpp	True	True	True	True
5608	sipa	2015-01-06 16:07:39	laanwj	2015-01-07 16:02:38	src/main.cpp	True	True	True	True
5599	jtimon	2015-01-04 20:12:14	luke-jr	2015-01-08 12:32:37	src/rpcmining.cpp	True	True	True	True
5599	jtimon	2015-01-04 20:12:14	luke-jr	2015-01-08 12:32:37	src/miner.cpp	True	True	True	True
5599	jtimon	2015-01-04 20:12:14	luke-jr	2015-01-08 12:32:37	src/miner.h	True	True	True	True
5599	jtimon	2015-01-04 20:12:14	luke-jr	2015-01-08 12:32:37	src/rpcserver.cpp	True	True	True	True
5599	jtimon	2015-01-04 20:12:14	luke-jr	2015-01-08 12:32:37	src/rpcserver.h	True	True	True	True
5595	jtimon	2015-01-03 15:50:04	Diapolo	2015-01-03 17:47:17	src/init.cpp	False	True	True	True
5595	jtimon	2015-01-03 15:50:04	Diapolo	2015-01-03 17:47:17	src/main.h	False	True	True	True
5595	jtimon	2015-01-03 15:50:04	Diapolo	2015-01-03 17:47:17	src/main.cpp	False	True	True	True
5595	jtimon	2015-01-03 15:50:04	Diapolo	2015-01-03 17:47:17	src/qt/coincontroldialog.cpp	False	True	True	True
5595	jtimon	2015-01-03 15:50:04	Diapolo	2015-01-03 17:47:17	src/miner.cpp	False	True	True	True
5595	jtimon	2015-01-03 15:50:04	Diapolo	2015-01-03 17:47:17	src/policy/policy.cpp	False	True	True	True
5595	jtimon	2015-01-03 15:50:04	Diapolo	2015-01-03 17:47:17	src/Makefile.am	False	True	True	True
5595	jtimon	2015-01-03 15:50:04	Diapolo	2015-01-03 17:47:17	src/bitcoin-tx.cpp	False	True	True	True
5595	jtimon	2015-01-03 15:50:04	Diapolo	2015-01-03 17:47:17	src/util.cpp	False	True	True	True
5595	jtimon	2015-01-03 15:50:04	Diapolo	2015-01-03 17:47:17	src/test/multisig_tests.cpp	True	True	True	True
5595	jtimon	2015-01-03 15:50:04	Diapolo	2015-01-03 17:47:17	src/script/standard.h	True	True	True	True
5595	jtimon	2015-01-03 15:50:04	Diapolo	2015-01-03 17:47:17	src/script/standard.cpp	True	True	True	True
5595	jtimon	2015-01-03 15:50:04	Diapolo	2015-01-03 17:47:17	src/policy/policy.h	True	True	True	True
5595	jtimon	2015-01-03 15:50:04	Diapolo	2015-01-03 17:47:17	src/policy/policy.cpp	True	True	True	True
5595	jtimon	2015-01-03 15:50:04	Diapolo	2015-01-03 17:47:17	src/main.cpp	True	True	True	True
5595	jtimon	2015-01-03 15:50:04	Diapolo	2015-01-03 17:47:17	src/util.h	False	True	True	True
5595	jtimon	2015-01-03 15:50:04	Diapolo	2015-01-03 17:47:17	src/policy/policy.h	False	True	True	True
5595	jtimon	2015-01-03 15:50:04	Diapolo	2015-01-03 17:47:17	src/qt/transactionrecord.cpp	False	True	True	True
5595	jtimon	2015-01-03 15:50:04	Diapolo	2015-01-03 17:47:17	src/qt/guiutil.cpp	False	True	True	True
5595	jtimon	2015-01-03 15:50:04	Diapolo	2015-01-03 17:47:17	src/merkleblock.cpp	False	True	True	True
5595	jtimon	2015-01-03 15:50:04	Diapolo	2015-01-03 17:47:17	src/qt/paymentserver.cpp	False	True	True	True
5595	jtimon	2015-01-03 15:50:04	Diapolo	2015-01-03 17:47:17	src/test/test_bitcoin.cpp	False	True	True	True
5595	jtimon	2015-01-03 15:50:04	Diapolo	2015-01-03 17:47:17	src/txmempool.cpp	False	True	True	True
5595	jtimon	2015-01-03 15:50:04	Diapolo	2015-01-03 17:47:17	src/rpcmining.cpp	False	True	True	True
5595	jtimon	2015-01-03 15:50:04	Diapolo	2015-01-03 17:47:17	src/qt/transactiondesc.cpp	False	True	True	True
5595	jtimon	2015-01-03 15:50:04	Diapolo	2015-01-03 17:47:17	src/primitives/block.h	False	True	True	True
5595	jtimon	2015-01-03 15:50:04	Diapolo	2015-01-03 17:47:17	src/consensus/consensus.h	False	True	True	True
5595	jtimon	2015-01-03 15:50:04	Diapolo	2015-01-03 17:47:17	src/wallet/wallet.cpp	False	True	True	True
5595	jtimon	2015-01-03 15:50:04	Diapolo	2015-01-03 17:47:17	src/test/script_P2SH_tests.cpp	False	True	True	True
5595	jtimon	2015-01-03 15:50:04	Diapolo	2015-01-03 17:47:17	src/script/standard.h	False	True	True	True
5595	jtimon	2015-01-03 15:50:04	Diapolo	2015-01-03 17:47:17	src/script/sign.cpp	False	True	True	True
5595	jtimon	2015-01-03 15:50:04	Diapolo	2015-01-03 17:47:17	src/rpcrawtransaction.cpp	False	True	True	True
5595	jtimon	2015-01-03 15:50:04	Diapolo	2015-01-03 17:47:17	src/rpcnet.cpp	False	True	True	True
5595	jtimon	2015-01-03 15:50:04	Diapolo	2015-01-03 17:47:17	src/rpcmisc.cpp	False	True	True	True
5594	luke-jr	2015-01-03 15:43:50	fanquake	2015-01-04 10:56:06	src/qt/bitcoinunits.h	True	True	True	True
5594	luke-jr	2015-01-03 15:43:50	fanquake	2015-01-04 10:56:06	doc/assets-attribution.md	True	True	True	True
5594	luke-jr	2015-01-03 15:43:50	fanquake	2015-01-04 10:56:06	src/qt/bitcoinunits.cpp	True	True	True	True
5594	luke-jr	2015-01-03 15:43:50	jonasschnelli	2015-01-04 19:03:34	src/qt/bitcoinunits.h	True	True	True	True
5594	luke-jr	2015-01-03 15:43:50	jonasschnelli	2015-01-04 19:03:34	doc/assets-attribution.md	True	True	True	True
5594	luke-jr	2015-01-03 15:43:50	jonasschnelli	2015-01-04 19:03:34	src/qt/bitcoinunits.cpp	True	True	True	True
5587	SoCoCpp	2015-01-01 03:10:57	fanquake	2015-01-02 03:05:25	src/qt/bitcoinunits.cpp	True	True	True	True
5587	SoCoCpp	2015-01-01 03:10:57	fanquake	2015-01-02 03:01:10	src/qt/bitcoinunits.cpp	True	True	True	True
5587	SoCoCpp	2015-01-01 03:10:57	fanquake	2015-01-02 03:01:10	src/qt/bitcoinunits.h	True	True	True	True
5587	SoCoCpp	2015-01-01 03:10:57	fanquake	2015-01-02 03:01:10	src/qt/transactionfilterproxy.cpp	True	True	True	True
5587	SoCoCpp	2015-01-01 03:10:57	fanquake	2015-01-02 03:01:10	src/qt/transactionfilterproxy.h	True	True	True	True
5587	SoCoCpp	2015-01-01 03:10:57	fanquake	2015-01-02 03:01:10	src/qt/transactionrecord.h	True	True	True	True
5587	SoCoCpp	2015-01-01 03:10:57	fanquake	2015-01-02 03:01:10	src/qt/transactiontablemodel.cpp	True	True	True	True
5587	SoCoCpp	2015-01-01 03:10:57	fanquake	2015-01-02 03:01:10	src/qt/transactiontablemodel.h	True	True	True	True
5587	SoCoCpp	2015-01-01 03:10:57	fanquake	2015-01-02 03:01:10	src/qt/transactionview.cpp	True	True	True	True
5587	SoCoCpp	2015-01-01 03:10:57	fanquake	2015-01-02 03:01:10	src/qt/guiutil.cpp	True	True	True	True
5587	SoCoCpp	2015-01-01 03:10:57	fanquake	2015-01-02 03:01:10	src/qt/guiutil.h	True	True	True	True
5587	SoCoCpp	2015-01-01 03:10:57	fanquake	2015-01-02 03:01:10	src/qt/receivecoinsdialog.cpp	True	True	True	True
5587	SoCoCpp	2015-01-01 03:10:57	fanquake	2015-01-02 03:01:10	src/qt/transactionview.h	True	True	True	True
5587	SoCoCpp	2015-01-01 03:10:57	fanquake	2015-01-02 03:05:25	src/qt/bitcoinunits.h	True	True	True	True
5587	SoCoCpp	2015-01-01 03:10:57	fanquake	2015-01-02 03:05:25	src/qt/transactiontablemodel.h	True	True	True	True
5587	SoCoCpp	2015-01-01 03:10:57	fanquake	2015-01-02 03:05:25	src/qt/guiutil.h	True	True	True	True
5587	SoCoCpp	2015-01-01 03:10:57	fanquake	2015-01-02 03:05:25	src/qt/guiutil.cpp	True	True	True	True
5587	SoCoCpp	2015-01-01 03:10:57	fanquake	2015-01-02 03:05:25	src/qt/transactionview.h	True	True	True	True
5587	SoCoCpp	2015-01-01 03:10:57	fanquake	2015-01-02 03:05:25	src/qt/transactionview.cpp	True	True	True	True
5587	SoCoCpp	2015-01-01 03:10:57	fanquake	2015-01-02 03:05:25	src/qt/receivecoinsdialog.cpp	True	True	True	True
5587	SoCoCpp	2015-01-01 03:10:57	fanquake	2015-01-02 03:05:25	src/qt/transactiontablemodel.cpp	True	True	True	True
5587	SoCoCpp	2015-01-01 03:10:57	fanquake	2015-01-02 03:05:25	src/qt/transactionrecord.h	True	True	True	True
5587	SoCoCpp	2015-01-01 03:10:57	fanquake	2015-01-02 03:05:25	src/qt/transactionfilterproxy.cpp	True	True	True	True
5587	SoCoCpp	2015-01-01 03:10:57	fanquake	2015-01-02 03:05:25	src/qt/transactionfilterproxy.h	True	True	True	True
