pr_number	author_user_login	pr_created_at	commit_user_login	commit_created_at	commit_status_total	commit_status_additions	commit_status_deletions	create_before_pr	is_review_commit
3764	rebroad	2014-02-27 21:58:41	rebroad	2014-02-27 01:55:04	60	35	25	True	True
3753	jgarzik	2014-02-26 22:27:30	jgarzik	2014-02-26 22:19:36	120	118	2	True	True
3753	jgarzik	2014-02-26 22:27:30	jgarzik	2014-02-26 22:36:35	21	21	0	False	True
3750	gavinandresen	2014-02-26 14:07:26	gavinandresen	2014-02-26 02:35:48	95	41	54	True	True
3747	super3	2014-02-26 01:55:04	super3	2014-02-26 01:54:47	67	66	1	True	True
3737	jgarzik	2014-02-24 17:09:08	jgarzik	2014-02-26 17:58:08	19	10	9	False	True
3736	cozz	2014-02-24 13:40:04	cozz	2014-02-24 13:08:56	13	8	5	True	True
3727	luke-jr	2014-02-22 00:38:05	luke-jr	2012-09-10 02:02:35	7	6	1	True	True
3724	super3	2014-02-21 19:10:40	super3	2014-02-21 19:09:53	2	1	1	True	True
3718	jgarzik	2014-02-21 07:29:42	jgarzik	2014-02-21 07:26:51	4	2	2	True	True
3717	djpnewton	2014-02-21 04:59:42	djpnewton	2014-02-21 04:56:04	34	34	0	True	True
3716	luke-jr	2014-02-21 04:44:35	luke-jr	2014-02-21 04:43:29	44	4	40	True	True
3707	sipa	2014-02-19 00:56:46	sipa	2014-02-19 00:54:11	18	18	0	True	True
3704	gavinandresen	2014-02-18 17:17:10	gavinandresen	2014-02-18 17:11:46	54	31	23	True	True
3698	Diapolo	2014-02-18 12:15:02	Philip Kaufmann	2014-02-18 11:48:16	39	19	20	True	True
3695	laanwj	2014-02-17 17:37:54	laanwj	2014-04-07 14:22:59	24	20	4	False	True
3695	laanwj	2014-02-17 17:37:54	laanwj	2014-04-07 15:29:36	318	314	4	False	True
3695	laanwj	2014-02-17 17:37:54	laanwj	2014-02-17 16:35:40	98	62	36	True	True
3694	gavinandresen	2014-02-17 16:46:00	gavinandresen	2014-02-15 21:38:28	718	356	362	True	True
3693	Diapolo	2014-02-17 14:52:47	Philip Kaufmann	2014-02-17 14:50:40	163	80	83	True	True
3691	laanwj	2014-02-17 10:39:45	laanwj	2014-02-17 10:32:43	6	3	3	True	True
3687	Diapolo	2014-02-16 21:01:41	Philip Kaufmann	2014-02-16 21:00:12	38	20	18	True	True
3687	Diapolo	2014-02-16 21:01:41	sipa	2014-02-16 14:53:42	6	3	3	True	True
3685	Diapolo	2014-02-16 18:53:20	Philip Kaufmann	2014-02-16 18:48:27	32	28	4	True	True
3683	Diapolo	2014-02-16 17:56:13	Philip Kaufmann	2013-11-16 00:54:29	103	62	41	True	True
3676	laanwj	2014-02-15 09:46:08	laanwj	2014-02-15 09:38:06	148	101	47	True	True
3674	cozz	2014-02-14 19:20:19	cozz	2014-02-14 17:27:15	223	212	11	True	True
3671	gavinandresen	2014-02-14 01:29:31	gavinandresen	2014-02-14 01:12:51	137	128	9	True	True
3669	gavinandresen	2014-02-13 17:47:45	gavinandresen	2014-02-12 18:43:07	205	194	11	True	True
3669	gavinandresen	2014-02-13 17:47:45	gavinandresen	2014-02-13 02:33:00	16	15	1	True	True
3669	gavinandresen	2014-02-13 17:47:45	laanwj	2014-02-14 06:59:07	43	37	6	False	True
3662	gmaxwell	2014-02-13 00:28:23	gmaxwell	2014-02-13 00:23:06	14	7	7	True	True
3659	jgarzik	2014-02-12 14:23:33	jgarzik	2014-02-14 16:33:07	128	128	0	False	True
3650	Diapolo	2014-02-10 15:31:46	Philip Kaufmann	2014-02-10 15:31:06	22	11	11	True	True
3643	laanwj	2014-02-08 10:36:52	laanwj	2014-02-08 10:35:02	6	5	1	True	True
3640	laanwj	2014-02-07 14:49:52	laanwj	2014-02-07 14:38:22	91	51	40	True	True
3637	sipa	2014-02-07 01:24:17	sipa	2014-02-07 01:19:48	103	78	25	True	True
3620	laanwj	2014-02-03 12:24:30	laanwj	2014-01-31 20:37:43	31	25	6	True	True
3619	cozz	2014-02-03 06:58:09	cozz	2014-02-03 06:23:20	158	94	64	True	True
