pr_number	author_user_login	pr_created_at	commit_user_login	commit_created_at	commit_status_total	commit_status_additions	commit_status_deletions	create_before_pr	is_review_commit
467	gavinandresen	2011-08-12 20:37:57	gavinandresen	2011-08-15 15:07:25	2	1	1	False	True
467	gavinandresen	2011-08-12 20:37:57	gavinandresen	2011-09-01 14:58:08	21	12	9	False	True
467	gavinandresen	2011-08-12 20:37:57	gavinandresen	2011-08-12 20:32:07	65	41	24	True	True
461	muggenhor	2011-08-11 12:08:19	muggenhor	2011-08-11 12:06:08	20	9	11	True	True
452	jgarzik	2011-08-04 19:16:21	jgarzik	2011-08-08 20:08:49	60	54	6	False	True
