pr_number	author_user_login	pr_created_at	review_user_login	review_created_at	filename	create_before_pr	has_issue_comment	has_review_comment	has_commit
3042	wtogami	2013-09-30 08:04:25	sipa	2013-09-30 09:29:40	contrib/gitian-descriptors/deps-win32.yml	True	True	True	True
3042	wtogami	2013-09-30 08:04:25	sipa	2013-09-30 09:29:40	contrib/gitian-descriptors/gitian-win32.yml	True	True	True	True
3042	wtogami	2013-09-30 08:04:25	sipa	2013-09-30 09:29:40	contrib/gitian-descriptors/qt-win32.yml	True	True	True	True
3042	wtogami	2013-09-30 08:04:25	theuni	2013-09-30 16:15:11	contrib/gitian-descriptors/deps-win32.yml	True	True	True	True
3042	wtogami	2013-09-30 08:04:25	theuni	2013-09-30 16:15:11	contrib/gitian-descriptors/gitian-win32.yml	True	True	True	True
3042	wtogami	2013-09-30 08:04:25	theuni	2013-09-30 16:15:11	contrib/gitian-descriptors/qt-win32.yml	True	True	True	True
3038	Diapolo	2013-09-28 13:38:37	sipa	2013-09-28 16:05:17	src/init.cpp	False	True	True	True
3029	wtogami	2013-09-25 04:25:27	Diapolo	2013-09-25 05:38:37	contrib/gitian-descriptors/boost-win32.yml	True	True	True	True
3029	wtogami	2013-09-25 04:25:27	Diapolo	2013-09-25 05:36:56	contrib/gitian-descriptors/boost-win32.yml	True	True	True	True
3029	wtogami	2013-09-25 04:25:27	Diapolo	2013-09-25 05:36:56	contrib/gitian-descriptors/deps-win32.yml	True	True	True	True
3029	wtogami	2013-09-25 04:25:27	Diapolo	2013-09-25 05:36:56	contrib/gitian-descriptors/gitian-win32.yml	True	True	True	True
3029	wtogami	2013-09-25 04:25:27	Diapolo	2013-09-25 05:36:56	contrib/gitian-descriptors/protobuf-win32.yml	True	True	True	True
3029	wtogami	2013-09-25 04:25:27	Diapolo	2013-09-25 05:36:56	contrib/gitian-descriptors/qt-win32.yml	True	True	True	True
3029	wtogami	2013-09-25 04:25:27	Diapolo	2013-09-25 05:36:56	contrib/gitian-descriptors/boost-win32.yml	False	True	True	True
3029	wtogami	2013-09-25 04:25:27	Diapolo	2013-09-25 05:36:56	contrib/gitian-descriptors/gitian-win32.yml	False	True	True	True
3029	wtogami	2013-09-25 04:25:27	Diapolo	2013-09-25 05:36:56	doc/release-process.md	False	True	True	True
3029	wtogami	2013-09-25 04:25:27	Diapolo	2013-09-25 05:36:56	configure.ac	False	True	True	True
3029	wtogami	2013-09-25 04:25:27	Diapolo	2013-09-25 05:38:37	contrib/gitian-descriptors/deps-win32.yml	True	True	True	True
3029	wtogami	2013-09-25 04:25:27	Diapolo	2013-09-25 05:38:37	contrib/gitian-descriptors/gitian-win32.yml	True	True	True	True
3029	wtogami	2013-09-25 04:25:27	Diapolo	2013-09-25 05:38:37	contrib/gitian-descriptors/protobuf-win32.yml	True	True	True	True
3029	wtogami	2013-09-25 04:25:27	Diapolo	2013-09-25 05:38:37	contrib/gitian-descriptors/qt-win32.yml	True	True	True	True
3029	wtogami	2013-09-25 04:25:27	Diapolo	2013-09-25 05:38:37	configure.ac	False	True	True	True
3029	wtogami	2013-09-25 04:25:27	Diapolo	2013-09-25 05:38:37	contrib/gitian-descriptors/boost-win32.yml	False	True	True	True
3029	wtogami	2013-09-25 04:25:27	Diapolo	2013-09-25 05:38:37	contrib/gitian-descriptors/gitian-win32.yml	False	True	True	True
3029	wtogami	2013-09-25 04:25:27	Diapolo	2013-09-25 05:38:37	doc/release-process.md	False	True	True	True
3028	Michagogo	2013-09-24 19:36:56	Diapolo	2013-09-24 20:39:33	doc/release-process.md	True	True	True	True
3028	Michagogo	2013-09-24 19:36:56	Diapolo	2013-09-24 20:39:33	doc/release-process.md	False	True	True	True
3028	Michagogo	2013-09-24 19:36:56	Diapolo	2013-10-01 08:02:14	doc/release-process.md	True	True	True	True
3028	Michagogo	2013-09-24 19:36:56	Diapolo	2013-10-01 08:02:14	doc/release-process.md	False	True	True	True
3015	theuni	2013-09-18 21:18:10	Diapolo	2013-09-18 21:46:33	src/m4/bitcoin_subdir_to_include.m4	True	True	True	True
3015	theuni	2013-09-18 21:18:10	Diapolo	2013-09-18 21:46:33	src/Makefile.am	True	True	True	True
3015	theuni	2013-09-18 21:18:10	Diapolo	2013-09-18 21:46:33	src/bitcoin-res.rc	True	True	True	True
3015	theuni	2013-09-18 21:18:10	Diapolo	2013-09-18 21:46:33	src/Makefile.include	True	True	True	True
3015	theuni	2013-09-18 21:18:10	Diapolo	2013-09-18 21:46:33	src/qt/Makefile.am	True	True	True	True
3015	theuni	2013-09-18 21:18:10	Diapolo	2013-09-18 21:46:33	src/qt/test/Makefile.am	True	True	True	True
3015	theuni	2013-09-18 21:18:10	Diapolo	2013-09-18 21:46:33	src/test/Makefile.am	True	True	True	True
3015	theuni	2013-09-18 21:18:10	Diapolo	2013-09-18 21:46:33	configure.ac	False	True	True	True
3015	theuni	2013-09-18 21:18:10	Diapolo	2013-09-18 21:47:00	src/Makefile.am	True	True	True	True
3015	theuni	2013-09-18 21:18:10	Diapolo	2013-09-18 21:47:00	configure.ac	False	True	True	True
3015	theuni	2013-09-18 21:18:10	Diapolo	2013-09-18 21:47:00	src/Makefile.include	True	True	True	True
3015	theuni	2013-09-18 21:18:10	Diapolo	2013-09-18 21:47:00	src/qt/Makefile.am	True	True	True	True
3015	theuni	2013-09-18 21:18:10	Diapolo	2013-09-18 21:47:00	src/qt/test/Makefile.am	True	True	True	True
3015	theuni	2013-09-18 21:18:10	Diapolo	2013-09-18 21:47:00	src/test/Makefile.am	True	True	True	True
3015	theuni	2013-09-18 21:18:10	Diapolo	2013-09-18 21:47:00	src/m4/bitcoin_subdir_to_include.m4	True	True	True	True
3015	theuni	2013-09-18 21:18:10	Diapolo	2013-09-18 21:47:00	src/bitcoin-res.rc	True	True	True	True
2995	Diapolo	2013-09-14 09:49:00	laanwj	2013-09-14 12:20:56	src/qt/bitcoingui.cpp	True	True	True	True
2991	Diapolo	2013-09-13 14:54:55	laanwj	2013-09-29 10:34:31	src/qt/sendcoinsentry.h	True	True	True	True
2991	Diapolo	2013-09-13 14:54:55	laanwj	2013-09-29 10:34:31	src/qt/forms/sendcoinsentry.ui	True	True	True	True
2991	Diapolo	2013-09-13 14:54:55	laanwj	2013-09-29 10:34:31	src/qt/sendcoinsdialog.cpp	True	True	True	True
2991	Diapolo	2013-09-13 14:54:55	laanwj	2013-09-29 10:34:31	src/qt/sendcoinsentry.cpp	True	True	True	True
2991	Diapolo	2013-09-13 14:54:55	sipa	2013-09-13 15:06:05	src/qt/sendcoinsdialog.cpp	True	True	True	True
2991	Diapolo	2013-09-13 14:54:55	sipa	2013-09-13 15:06:05	src/qt/forms/sendcoinsentry.ui	True	True	True	True
2991	Diapolo	2013-09-13 14:54:55	sipa	2013-09-13 15:06:05	src/qt/sendcoinsentry.cpp	True	True	True	True
2991	Diapolo	2013-09-13 14:54:55	sipa	2013-09-13 15:06:05	src/qt/sendcoinsentry.h	True	True	True	True
2980	wtogami	2013-09-08 07:21:25	Diapolo	2013-11-11 17:24:14	src/json/json_spirit_writer_template.h	True	True	True	True
2975	jgarzik	2013-09-04 17:33:44	gavinandresen	2013-09-09 00:38:30	src/rpcrawtransaction.cpp	True	True	True	True
2975	jgarzik	2013-09-04 17:33:44	gavinandresen	2013-09-09 00:38:30	src/rpcrawtransaction.cpp	False	True	True	True
2973	Diapolo	2013-09-04 09:56:02	laanwj	2013-09-05 09:59:26	src/qt/paymentrequestplus.cpp	True	True	True	True
2973	Diapolo	2013-09-04 09:56:02	laanwj	2013-09-05 09:59:26	src/qt/addresstablemodel.cpp	True	True	True	True
2973	Diapolo	2013-09-04 09:56:02	laanwj	2013-09-05 09:59:26	src/qt/clientmodel.cpp	True	True	True	True
2973	Diapolo	2013-09-04 09:56:02	laanwj	2013-09-05 09:59:26	src/qt/clientmodel.h	True	True	True	True
2973	Diapolo	2013-09-04 09:56:02	laanwj	2013-09-05 09:59:26	src/qt/transactiontablemodel.cpp	True	True	True	True
2973	Diapolo	2013-09-04 09:56:02	laanwj	2013-09-05 09:59:26	src/qt/paymentserver.cpp	True	True	True	True
2973	Diapolo	2013-09-04 09:56:02	laanwj	2013-09-05 09:59:26	src/qt/walletmodel.cpp	True	True	True	True
