pr_number	author_user_login	pr_created_at	comment_user_login	comment_created_at	is_review_issue_comment
3332	laanwj	2013-11-29 17:03:32	sipa	2013-11-29 18:06:39	True
3332	laanwj	2013-11-29 17:03:32	ttys2	2013-12-01 06:32:07	True
3332	laanwj	2013-11-29 17:03:32	BitcoinPullTester	2013-12-04 12:21:34	True
3332	laanwj	2013-11-29 17:03:32	sipa	2013-12-07 16:49:03	True
3326	gavinandresen	2013-11-28 11:15:13	BitcoinPullTester	2013-11-30 05:01:12	True
3326	gavinandresen	2013-11-28 11:15:13	mikehearn	2013-11-30 10:13:15	True
3326	gavinandresen	2013-11-28 11:15:13	jgarzik	2013-12-13 00:06:40	True
3326	gavinandresen	2013-11-28 11:15:13	mikehearn	2013-11-29 10:46:42	True
3322	joshtriplett	2013-11-28 02:21:10	theuni	2013-11-28 05:05:22	True
3322	joshtriplett	2013-11-28 02:21:10	laanwj	2013-11-28 07:32:43	True
3322	joshtriplett	2013-11-28 02:21:10	theuni	2013-11-28 07:30:57	True
3322	joshtriplett	2013-11-28 02:21:10	BitcoinPullTester	2013-11-28 02:38:04	True
3321	Diapolo	2013-11-27 15:21:09	sipa	2013-11-27 21:09:27	True
3321	Diapolo	2013-11-27 15:21:09	sipa	2013-11-27 19:18:52	True
3321	Diapolo	2013-11-27 15:21:09	BitcoinPullTester	2013-11-27 20:58:01	True
3306	Diapolo	2013-11-22 12:59:39	BitcoinPullTester	2013-11-24 16:03:53	True
3306	Diapolo	2013-11-22 12:59:39	laanwj	2013-11-27 16:22:37	True
3305	mikehearn	2013-11-22 11:39:34	wtogami	2013-11-27 10:50:22	True
3305	mikehearn	2013-11-22 11:39:34	wtogami	2013-11-26 12:46:56	True
3305	mikehearn	2013-11-22 11:39:34	BitcoinPullTester	2013-11-26 12:17:53	True
3305	mikehearn	2013-11-22 11:39:34	wtogami	2013-11-26 11:16:10	True
3305	mikehearn	2013-11-22 11:39:34	petertodd	2013-11-25 10:10:02	True
3305	mikehearn	2013-11-22 11:39:34	laanwj	2013-11-22 12:04:18	True
3305	mikehearn	2013-11-22 11:39:34	luke-jr	2013-11-22 11:43:38	True
3305	mikehearn	2013-11-22 11:39:34	petertodd	2013-11-27 10:35:06	True
3305	mikehearn	2013-11-22 11:39:34	wtogami	2013-11-26 19:28:08	True
3305	mikehearn	2013-11-22 11:39:34	gavinandresen	2014-02-24 17:57:23	True
3305	mikehearn	2013-11-22 11:39:34	laanwj	2014-02-24 17:47:13	True
3305	mikehearn	2013-11-22 11:39:34	gavinandresen	2013-11-27 22:46:53	True
3305	mikehearn	2013-11-22 11:39:34	wtogami	2013-11-27 11:20:07	True
3305	mikehearn	2013-11-22 11:39:34	gmaxwell	2013-11-27 11:10:02	True
3305	mikehearn	2013-11-22 11:39:34	gavinandresen	2013-11-28 10:28:53	True
3305	mikehearn	2013-11-22 11:39:34	jgarzik	2014-02-24 17:24:08	True
3305	mikehearn	2013-11-22 11:39:34	gmaxwell	2013-11-28 10:33:32	True
3305	mikehearn	2013-11-22 11:39:34	gavinandresen	2013-11-28 11:29:33	True
3305	mikehearn	2013-11-22 11:39:34	gavinandresen	2013-11-27 02:45:40	True
3302	laanwj	2013-11-22 04:53:01	BitcoinPullTester	2013-11-22 05:09:34	True
3302	laanwj	2013-11-22 04:53:01	sipa	2013-11-22 12:27:58	True
3300	lian	2013-11-22 01:17:04	BitcoinPullTester	2013-11-23 15:02:50	True
3297	Diapolo	2013-11-21 17:04:18	laanwj	2013-11-26 17:39:05	True
3297	Diapolo	2013-11-21 17:04:18	fanquake	2013-11-27 01:49:02	True
3297	Diapolo	2013-11-21 17:04:18	BitcoinPullTester	2013-12-09 10:09:38	True
3297	Diapolo	2013-11-21 17:04:18	laanwj	2013-11-22 07:17:26	True
3296	mikehearn	2013-11-21 13:40:49	BitcoinPullTester	2013-11-26 12:57:11	True
3296	mikehearn	2013-11-21 13:40:49	wtogami	2013-11-27 09:17:05	True
3296	mikehearn	2013-11-21 13:40:49	gavinandresen	2013-11-21 23:31:37	True
3296	mikehearn	2013-11-21 13:40:49	sipa	2013-11-22 12:23:41	True
3296	mikehearn	2013-11-21 13:40:49	gmaxwell	2013-11-26 09:28:03	True
3295	gavinandresen	2013-11-21 07:21:52	BitcoinPullTester	2013-11-27 04:58:35	True
3295	gavinandresen	2013-11-21 07:21:52	laanwj	2013-11-25 14:55:08	True
3294	gavinandresen	2013-11-21 04:24:01	sipa	2013-11-22 12:31:38	True
3294	gavinandresen	2013-11-21 04:24:01	laanwj	2013-11-23 06:42:37	True
3294	gavinandresen	2013-11-21 04:24:01	BitcoinPullTester	2013-11-22 00:38:54	True
3286	Diapolo	2013-11-20 15:00:06	laanwj	2014-01-22 16:27:00	True
3286	Diapolo	2013-11-20 15:00:06	laanwj	2013-12-02 06:46:01	True
3286	Diapolo	2013-11-20 15:00:06	BitcoinPullTester	2014-01-22 09:53:53	True
3286	Diapolo	2013-11-20 15:00:06	laanwj	2013-11-22 08:15:28	True
3286	Diapolo	2013-11-20 15:00:06	laanwj	2014-01-28 12:36:47	True
3286	Diapolo	2013-11-20 15:00:06	laanwj	2014-01-28 16:07:07	True
3286	Diapolo	2013-11-20 15:00:06	laanwj	2014-01-29 13:16:42	True
3286	Diapolo	2013-11-20 15:00:06	laanwj	2014-01-06 13:52:05	True
3284	laanwj	2013-11-20 13:28:09	sipa	2013-11-21 13:11:05	True
3284	laanwj	2013-11-20 13:28:09	BitcoinPullTester	2013-11-27 05:49:53	True
3284	laanwj	2013-11-20 13:28:09	super3	2013-11-21 22:23:28	True
3283	gavinandresen	2013-11-20 06:02:47	BitcoinPullTester	2013-11-20 06:16:57	True
3283	gavinandresen	2013-11-20 06:02:47	laanwj	2013-11-20 08:31:09	True
3281	laanwj	2013-11-19 12:52:39	BitcoinPullTester	2013-11-27 16:08:29	True
3281	laanwj	2013-11-19 12:52:39	sipa	2014-01-13 15:59:59	True
3276	sipa	2013-11-18 00:35:55	laanwj	2013-11-19 14:24:22	True
3276	sipa	2013-11-18 00:35:55	mikehearn	2013-11-27 10:51:29	True
3276	sipa	2013-11-18 00:35:55	gavinandresen	2013-11-29 07:23:17	True
3276	sipa	2013-11-18 00:35:55	BitcoinPullTester	2013-12-08 14:15:58	True
3276	sipa	2013-11-18 00:35:55	gavinandresen	2013-12-09 03:05:43	True
3273	laanwj	2013-11-17 13:47:44	Diapolo	2013-11-21 13:23:21	True
3273	laanwj	2013-11-17 13:47:44	BitcoinPullTester	2013-11-17 14:20:12	True
3271	brandondahler	2013-11-17 04:34:31	gavinandresen	2013-11-29 20:59:33	True
3271	brandondahler	2013-11-17 04:34:31	jgarzik	2013-11-17 04:36:49	True
3271	brandondahler	2013-11-17 04:34:31	laanwj	2013-11-17 07:41:25	True
3271	brandondahler	2013-11-17 04:34:31	laanwj	2013-11-17 09:02:23	True
3271	brandondahler	2013-11-17 04:34:31	sipa	2013-11-17 14:27:44	True
3271	brandondahler	2013-11-17 04:34:31	gavinandresen	2013-11-20 01:43:26	True
3271	brandondahler	2013-11-17 04:34:31	laanwj	2013-11-20 07:09:49	True
3271	brandondahler	2013-11-17 04:34:31	sipa	2013-11-17 14:29:26	True
3271	brandondahler	2013-11-17 04:34:31	sipa	2013-12-01 17:18:37	True
3271	brandondahler	2013-11-17 04:34:31	laanwj	2013-12-05 10:31:06	True
3271	brandondahler	2013-11-17 04:34:31	BitcoinPullTester	2013-12-06 03:43:23	True
3271	brandondahler	2013-11-17 04:34:31	p12tic	2013-12-28 23:05:37	True
3271	brandondahler	2013-11-17 04:34:31	laanwj	2013-12-29 09:46:40	True
3271	brandondahler	2013-11-17 04:34:31	laanwj	2014-01-16 16:00:22	True
3271	brandondahler	2013-11-17 04:34:31	laanwj	2013-11-20 07:07:09	True
3267	Diapolo	2013-11-16 16:40:33	BitcoinPullTester	2013-11-18 07:59:08	True
3265	Diapolo	2013-11-16 00:58:25	BitcoinPullTester	2013-11-16 01:16:00	True
3255	Diapolo	2013-11-14 18:56:30	BitcoinPullTester	2013-11-14 19:15:09	True
3255	Diapolo	2013-11-14 18:56:30	laanwj	2013-11-15 08:56:18	True
3254	Diapolo	2013-11-14 18:24:56	BitcoinPullTester	2013-12-06 10:25:25	True
3254	Diapolo	2013-11-14 18:24:56	laanwj	2013-12-06 10:18:09	True
3253	laanwj	2013-11-14 14:14:23	sipa	2013-11-15 22:25:08	True
3253	laanwj	2013-11-14 14:14:23	BitcoinPullTester	2013-11-14 14:38:30	True
3253	laanwj	2013-11-14 14:14:23	cozz	2013-11-14 18:12:17	True
3253	laanwj	2013-11-14 14:14:23	cozz	2013-11-15 10:08:54	True
3253	laanwj	2013-11-14 14:14:23	kuzetsa	2013-11-15 18:37:32	True
3253	laanwj	2013-11-14 14:14:23	luke-jr	2013-11-15 07:18:46	True
3244	laanwj	2013-11-13 10:37:29	Diapolo	2013-11-13 15:54:51	True
3244	laanwj	2013-11-13 10:37:29	BitcoinPullTester	2013-11-13 16:34:30	True
3244	laanwj	2013-11-13 10:37:29	Diapolo	2013-11-13 16:18:03	True
3244	laanwj	2013-11-13 10:37:29	Diapolo	2013-11-13 16:15:21	True
3244	laanwj	2013-11-13 10:37:29	brandondahler	2013-11-13 12:37:42	True
3244	laanwj	2013-11-13 10:37:29	Diapolo	2013-11-13 15:45:46	True
3244	laanwj	2013-11-13 10:37:29	Diapolo	2013-11-13 16:36:38	True
3240	laanwj	2013-11-12 12:44:16	wtogami	2013-11-13 06:17:42	True
3240	laanwj	2013-11-12 12:44:16	BitcoinPullTester	2013-11-13 08:57:27	True
3239	gavinandresen	2013-11-12 01:14:08	luke-jr	2013-11-12 02:04:02	True
3239	gavinandresen	2013-11-12 01:14:08	luke-jr	2013-11-12 02:11:02	True
3239	gavinandresen	2013-11-12 01:14:08	petertodd	2013-11-12 15:05:35	True
3239	gavinandresen	2013-11-12 01:14:08	BitcoinPullTester	2013-11-29 06:02:19	True
3239	gavinandresen	2013-11-12 01:14:08	laanwj	2013-11-15 15:18:53	True
3239	gavinandresen	2013-11-12 01:14:08	petertodd	2013-11-12 15:11:20	True
3239	gavinandresen	2013-11-12 01:14:08	Diapolo	2013-11-12 07:21:37	True
3239	gavinandresen	2013-11-12 01:14:08	luke-jr	2013-11-12 02:58:07	True
3239	gavinandresen	2013-11-12 01:14:08	jgarzik	2013-11-12 02:27:33	True
3239	gavinandresen	2013-11-12 01:14:08	jgarzik	2013-11-12 02:05:31	True
3235	Diapolo	2013-11-11 15:22:01	laanwj	2013-11-11 15:46:45	True
3235	Diapolo	2013-11-11 15:22:01	BitcoinPullTester	2013-11-11 16:07:52	True
3235	Diapolo	2013-11-11 15:22:01	wtogami	2013-11-11 20:24:46	True
3229	luke-jr	2013-11-10 23:37:21	laanwj	2013-11-11 20:33:33	True
3229	luke-jr	2013-11-10 23:37:21	gmaxwell	2013-11-12 18:54:36	True
3229	luke-jr	2013-11-10 23:37:21	mikehearn	2013-11-12 17:34:25	True
3229	luke-jr	2013-11-10 23:37:21	laanwj	2014-01-10 11:51:19	True
3229	luke-jr	2013-11-10 23:37:21	laanwj	2013-11-11 11:08:18	True
3229	luke-jr	2013-11-10 23:37:21	BitcoinPullTester	2013-12-03 14:55:51	True
3229	luke-jr	2013-11-10 23:37:21	jgarzik	2013-12-13 00:17:16	True
3229	luke-jr	2013-11-10 23:37:21	jgarzik	2015-07-23 18:17:18	True
3229	luke-jr	2013-11-10 23:37:21	jgarzik	2015-07-24 05:48:10	True
3229	luke-jr	2013-11-10 23:37:21	laanwj	2013-12-08 11:43:47	True
3229	luke-jr	2013-11-10 23:37:21	jgarzik	2015-07-23 16:33:50	True
3229	luke-jr	2013-11-10 23:37:21	jgarzik	2015-07-23 16:16:02	True
3229	luke-jr	2013-11-10 23:37:21	gavinandresen	2015-07-23 16:01:52	True
3222		2013-11-08 07:27:37			False
3215	laanwj	2013-11-06 14:17:20	BitcoinPullTester	2013-11-11 13:29:25	True
3211	brandondahler	2013-11-06 03:07:54	sipa	2013-11-08 02:40:55	True
3211	brandondahler	2013-11-06 03:07:54	BitcoinPullTester	2013-11-09 00:28:59	True
3204	Diapolo	2013-11-05 16:21:40	BitcoinPullTester	2013-11-05 16:50:58	True
