pr_number	author_user_login	pr_created_at	review_user_login	review_created_at	filename	create_before_pr	has_issue_comment	has_review_comment	has_commit
18279	eileencodes	2014-12-31 19:58:52	rafaelfranca	2015-01-02 02:03:29	activerecord/lib/active_record/associations/join_dependency.rb	True	False	True	True
18279	eileencodes	2014-12-31 19:58:52	rafaelfranca	2015-01-02 01:55:22	activerecord/lib/active_record/associations/association_scope.rb	True	False	True	True
18279	eileencodes	2014-12-31 19:58:52	sgrif	2014-12-31 20:34:15	activerecord/lib/active_record/associations/join_dependency.rb	True	False	True	True
18279	eileencodes	2014-12-31 19:58:52	sgrif	2014-12-31 20:34:15	activerecord/lib/active_record/associations/alias_tracker.rb	True	False	True	True
18279	eileencodes	2014-12-31 19:58:52	sgrif	2014-12-31 20:34:15	activerecord/lib/active_record/reflection.rb	True	False	True	True
18279	eileencodes	2014-12-31 19:58:52	sgrif	2014-12-31 20:34:15	activerecord/lib/active_record/associations/association_scope.rb	True	False	True	True
18279	eileencodes	2014-12-31 19:58:52	rafaelfranca	2015-01-02 02:00:48	activerecord/lib/active_record/associations/join_dependency.rb	True	False	True	True
18279	eileencodes	2014-12-31 19:58:52	rafaelfranca	2015-01-02 02:00:48	activerecord/lib/active_record/associations/alias_tracker.rb	True	False	True	True
18279	eileencodes	2014-12-31 19:58:52	rafaelfranca	2015-01-02 02:00:48	activerecord/lib/active_record/reflection.rb	True	False	True	True
18279	eileencodes	2014-12-31 19:58:52	rafaelfranca	2015-01-02 02:00:48	activerecord/lib/active_record/associations/association_scope.rb	True	False	True	True
18279	eileencodes	2014-12-31 19:58:52	rafaelfranca	2015-01-02 02:03:29	activerecord/lib/active_record/associations/association_scope.rb	True	False	True	True
18279	eileencodes	2014-12-31 19:58:52	rafaelfranca	2015-01-02 02:03:29	activerecord/lib/active_record/associations/alias_tracker.rb	True	False	True	True
18279	eileencodes	2014-12-31 19:58:52	rafaelfranca	2015-01-02 02:03:29	activerecord/lib/active_record/reflection.rb	True	False	True	True
18279	eileencodes	2014-12-31 19:58:52	rafaelfranca	2015-01-02 02:03:19	activerecord/lib/active_record/associations/join_dependency.rb	True	False	True	True
18279	eileencodes	2014-12-31 19:58:52	rafaelfranca	2015-01-02 02:03:19	activerecord/lib/active_record/associations/alias_tracker.rb	True	False	True	True
18279	eileencodes	2014-12-31 19:58:52	rafaelfranca	2015-01-02 02:03:19	activerecord/lib/active_record/reflection.rb	True	False	True	True
18279	eileencodes	2014-12-31 19:58:52	rafaelfranca	2015-01-02 02:02:59	activerecord/lib/active_record/associations/association_scope.rb	True	False	True	True
18279	eileencodes	2014-12-31 19:58:52	rafaelfranca	2015-01-02 02:02:59	activerecord/lib/active_record/associations/join_dependency.rb	True	False	True	True
18279	eileencodes	2014-12-31 19:58:52	rafaelfranca	2015-01-02 02:02:59	activerecord/lib/active_record/associations/alias_tracker.rb	True	False	True	True
18279	eileencodes	2014-12-31 19:58:52	rafaelfranca	2015-01-02 02:02:59	activerecord/lib/active_record/reflection.rb	True	False	True	True
18279	eileencodes	2014-12-31 19:58:52	rafaelfranca	2015-01-02 01:55:22	activerecord/lib/active_record/associations/alias_tracker.rb	True	False	True	True
18279	eileencodes	2014-12-31 19:58:52	rafaelfranca	2015-01-02 01:55:22	activerecord/lib/active_record/reflection.rb	True	False	True	True
18279	eileencodes	2014-12-31 19:58:52	rafaelfranca	2015-01-02 02:03:19	activerecord/lib/active_record/associations/association_scope.rb	True	False	True	True
18279	eileencodes	2014-12-31 19:58:52	rafaelfranca	2015-01-02 01:55:22	activerecord/lib/active_record/associations/join_dependency.rb	True	False	True	True
18279	eileencodes	2014-12-31 19:58:52	rafaelfranca	2015-01-02 01:57:25	activerecord/lib/active_record/associations/alias_tracker.rb	True	False	True	True
18279	eileencodes	2014-12-31 19:58:52	rafaelfranca	2015-01-02 01:55:42	activerecord/lib/active_record/associations/association_scope.rb	True	False	True	True
18279	eileencodes	2014-12-31 19:58:52	rafaelfranca	2015-01-02 14:21:01	activerecord/lib/active_record/associations/join_dependency.rb	True	False	True	True
18279	eileencodes	2014-12-31 19:58:52	rafaelfranca	2015-01-02 14:21:01	activerecord/lib/active_record/associations/alias_tracker.rb	True	False	True	True
18279	eileencodes	2014-12-31 19:58:52	rafaelfranca	2015-01-02 14:21:01	activerecord/lib/active_record/associations/association_scope.rb	True	False	True	True
18279	eileencodes	2014-12-31 19:58:52	rafaelfranca	2015-01-02 02:02:16	activerecord/lib/active_record/associations/join_dependency.rb	True	False	True	True
18279	eileencodes	2014-12-31 19:58:52	rafaelfranca	2015-01-02 02:02:16	activerecord/lib/active_record/associations/alias_tracker.rb	True	False	True	True
18279	eileencodes	2014-12-31 19:58:52	rafaelfranca	2015-01-02 02:02:16	activerecord/lib/active_record/reflection.rb	True	False	True	True
18279	eileencodes	2014-12-31 19:58:52	rafaelfranca	2015-01-02 02:02:16	activerecord/lib/active_record/associations/association_scope.rb	True	False	True	True
18279	eileencodes	2014-12-31 19:58:52	rafaelfranca	2015-01-02 01:57:25	activerecord/lib/active_record/associations/join_dependency.rb	True	False	True	True
18279	eileencodes	2014-12-31 19:58:52	rafaelfranca	2015-01-02 14:21:01	activerecord/lib/active_record/reflection.rb	True	False	True	True
18279	eileencodes	2014-12-31 19:58:52	rafaelfranca	2015-01-02 01:57:25	activerecord/lib/active_record/reflection.rb	True	False	True	True
18279	eileencodes	2014-12-31 19:58:52	rafaelfranca	2015-01-02 01:57:10	activerecord/lib/active_record/associations/join_dependency.rb	True	False	True	True
18279	eileencodes	2014-12-31 19:58:52	rafaelfranca	2015-01-02 01:57:10	activerecord/lib/active_record/associations/alias_tracker.rb	True	False	True	True
18279	eileencodes	2014-12-31 19:58:52	rafaelfranca	2015-01-02 01:57:10	activerecord/lib/active_record/reflection.rb	True	False	True	True
18279	eileencodes	2014-12-31 19:58:52	rafaelfranca	2015-01-02 01:57:10	activerecord/lib/active_record/associations/association_scope.rb	True	False	True	True
18279	eileencodes	2014-12-31 19:58:52	rafaelfranca	2015-01-02 01:57:25	activerecord/lib/active_record/associations/association_scope.rb	True	False	True	True
18279	eileencodes	2014-12-31 19:58:52	rafaelfranca	2015-01-02 01:55:42	activerecord/lib/active_record/associations/join_dependency.rb	True	False	True	True
18279	eileencodes	2014-12-31 19:58:52	rafaelfranca	2015-01-02 01:55:42	activerecord/lib/active_record/associations/alias_tracker.rb	True	False	True	True
18279	eileencodes	2014-12-31 19:58:52	rafaelfranca	2015-01-02 01:55:42	activerecord/lib/active_record/reflection.rb	True	False	True	True
18251	tjgrathwell	2014-12-30 02:11:18	rafaelfranca	2014-12-30 02:20:48	actionpack/lib/action_dispatch/routing/polymorphic_routes.rb	False	False	True	True
18251	tjgrathwell	2014-12-30 02:11:18	rafaelfranca	2014-12-30 02:20:48	actionview/test/activerecord/polymorphic_routes_test.rb	False	False	True	True
18246	aprescott	2014-12-29 21:19:03	rafaelfranca	2014-12-29 21:23:05	guides/source/configuring.md	False	False	True	True
18242	brainopia	2014-12-29 19:15:43	sgrif	2014-12-29 19:21:13	activerecord/test/cases/associations/has_one_associations_test.rb	False	True	True	True
18242	brainopia	2014-12-29 19:15:43	sgrif	2014-12-29 19:18:52	activerecord/lib/active_record/associations.rb	False	True	True	True
18242	brainopia	2014-12-29 19:15:43	sgrif	2014-12-29 19:18:52	activerecord/lib/active_record/associations/foreign_association.rb	False	True	True	True
18242	brainopia	2014-12-29 19:15:43	sgrif	2014-12-29 19:18:52	activerecord/lib/active_record/associations/has_many_association.rb	False	True	True	True
18242	brainopia	2014-12-29 19:15:43	sgrif	2014-12-29 19:18:52	activerecord/lib/active_record/associations/has_one_association.rb	False	True	True	True
18242	brainopia	2014-12-29 19:15:43	sgrif	2014-12-29 19:18:52	activerecord/test/cases/associations/has_many_associations_test.rb	False	True	True	True
18242	brainopia	2014-12-29 19:15:43	sgrif	2014-12-29 19:18:52	activerecord/test/cases/associations/has_one_associations_test.rb	False	True	True	True
18242	brainopia	2014-12-29 19:15:43	sgrif	2014-12-29 19:21:13	activerecord/lib/active_record/associations.rb	False	True	True	True
18242	brainopia	2014-12-29 19:15:43	sgrif	2014-12-29 19:21:13	activerecord/lib/active_record/associations/foreign_association.rb	False	True	True	True
18242	brainopia	2014-12-29 19:15:43	sgrif	2014-12-29 19:21:13	activerecord/lib/active_record/associations/has_many_association.rb	False	True	True	True
18242	brainopia	2014-12-29 19:15:43	sgrif	2014-12-29 19:21:13	activerecord/lib/active_record/associations/has_one_association.rb	False	True	True	True
18242	brainopia	2014-12-29 19:15:43	sgrif	2014-12-29 19:21:13	activerecord/test/cases/associations/has_many_associations_test.rb	False	True	True	True
18242	brainopia	2014-12-29 19:15:43	sgrif	2014-12-29 19:18:51	activerecord/lib/active_record/associations.rb	False	True	True	True
18242	brainopia	2014-12-29 19:15:43	sgrif	2014-12-29 19:18:36	activerecord/lib/active_record/associations/has_one_association.rb	False	True	True	True
18242	brainopia	2014-12-29 19:15:43	sgrif	2014-12-29 19:18:51	activerecord/lib/active_record/associations/has_many_association.rb	False	True	True	True
18242	brainopia	2014-12-29 19:15:43	sgrif	2014-12-29 19:18:51	activerecord/lib/active_record/associations/has_one_association.rb	False	True	True	True
18242	brainopia	2014-12-29 19:15:43	sgrif	2014-12-29 19:18:51	activerecord/test/cases/associations/has_many_associations_test.rb	False	True	True	True
18242	brainopia	2014-12-29 19:15:43	sgrif	2014-12-29 19:18:51	activerecord/test/cases/associations/has_one_associations_test.rb	False	True	True	True
18242	brainopia	2014-12-29 19:15:43	sgrif	2014-12-29 19:18:36	activerecord/lib/active_record/associations.rb	False	True	True	True
18242	brainopia	2014-12-29 19:15:43	sgrif	2014-12-29 19:18:36	activerecord/lib/active_record/associations/foreign_association.rb	False	True	True	True
18242	brainopia	2014-12-29 19:15:43	sgrif	2014-12-29 19:18:36	activerecord/lib/active_record/associations/has_many_association.rb	False	True	True	True
18242	brainopia	2014-12-29 19:15:43	sgrif	2014-12-29 19:18:51	activerecord/lib/active_record/associations/foreign_association.rb	False	True	True	True
18242	brainopia	2014-12-29 19:15:43	sgrif	2014-12-29 19:18:36	activerecord/test/cases/associations/has_many_associations_test.rb	False	True	True	True
18242	brainopia	2014-12-29 19:15:43	sgrif	2014-12-29 19:18:36	activerecord/test/cases/associations/has_one_associations_test.rb	False	True	True	True
18227	rajcybage	2014-12-28 07:57:40	rafaelfranca	2015-01-03 00:43:41	activerecord/test/cases/inheritance_test.rb	True	False	True	True
18227	rajcybage	2014-12-28 07:57:40	rafaelfranca	2015-01-03 00:43:41	activerecord/lib/active_record/inheritance.rb	True	False	True	True
18227	rajcybage	2014-12-28 07:57:40	kuldeepaggarwal	2015-01-06 16:31:03	activerecord/test/cases/inheritance_test.rb	True	False	True	True
18227	rajcybage	2014-12-28 07:57:40	kuldeepaggarwal	2015-01-06 16:31:03	activerecord/lib/active_record/inheritance.rb	True	False	True	True
18225	DanOlson	2014-12-27 23:18:59	sgrif	2014-12-28 02:19:42	activerecord/lib/active_record/callbacks.rb	True	True	True	True
18225	DanOlson	2014-12-27 23:18:59	sgrif	2014-12-28 02:19:42	activerecord/lib/active_record/persistence.rb	True	True	True	True
18225	DanOlson	2014-12-27 23:18:59	sgrif	2014-12-28 02:19:42	activerecord/test/cases/persistence_test.rb	True	True	True	True
18225	DanOlson	2014-12-27 23:18:59	sgrif	2014-12-28 02:19:42	activerecord/lib/active_record/timestamp.rb	True	True	True	True
18225	DanOlson	2014-12-27 23:18:59	sgrif	2014-12-28 02:17:38	activerecord/test/cases/persistence_test.rb	True	True	True	True
18225	DanOlson	2014-12-27 23:18:59	sgrif	2014-12-28 02:17:38	activerecord/CHANGELOG.md	True	True	True	True
18225	DanOlson	2014-12-27 23:18:59	sgrif	2014-12-28 02:17:38	activerecord/lib/active_record/callbacks.rb	True	True	True	True
18225	DanOlson	2014-12-27 23:18:59	sgrif	2014-12-28 02:17:38	activerecord/lib/active_record/persistence.rb	True	True	True	True
18225	DanOlson	2014-12-27 23:18:59	sgrif	2014-12-28 03:50:21	activerecord/test/cases/persistence_test.rb	True	True	True	True
18225	DanOlson	2014-12-27 23:18:59	sgrif	2014-12-28 02:19:42	activerecord/CHANGELOG.md	True	True	True	True
18225	DanOlson	2014-12-27 23:18:59	sgrif	2014-12-28 02:18:08	activerecord/lib/active_record/callbacks.rb	True	True	True	True
18225	DanOlson	2014-12-27 23:18:59	sgrif	2014-12-28 03:50:21	activerecord/lib/active_record/timestamp.rb	True	True	True	True
18225	DanOlson	2014-12-27 23:18:59	sgrif	2014-12-28 03:50:21	activerecord/lib/active_record/persistence.rb	True	True	True	True
18225	DanOlson	2014-12-27 23:18:59	sgrif	2014-12-28 03:50:21	activerecord/lib/active_record/callbacks.rb	True	True	True	True
18225	DanOlson	2014-12-27 23:18:59	sgrif	2014-12-28 03:50:21	activerecord/CHANGELOG.md	True	True	True	True
18225	DanOlson	2014-12-27 23:18:59	sgrif	2014-12-28 02:18:08	activerecord/test/cases/persistence_test.rb	True	True	True	True
18225	DanOlson	2014-12-27 23:18:59	sgrif	2014-12-28 02:18:08	activerecord/lib/active_record/timestamp.rb	True	True	True	True
18225	DanOlson	2014-12-27 23:18:59	sgrif	2014-12-28 02:18:08	activerecord/lib/active_record/persistence.rb	True	True	True	True
18225	DanOlson	2014-12-27 23:18:59	sgrif	2014-12-28 02:18:08	activerecord/CHANGELOG.md	True	True	True	True
18225	DanOlson	2014-12-27 23:18:59	sgrif	2014-12-28 02:17:38	activerecord/lib/active_record/timestamp.rb	True	True	True	True
18225	DanOlson	2014-12-27 23:18:59	sgrif	2014-12-28 02:17:01	activerecord/CHANGELOG.md	True	True	True	True
18225	DanOlson	2014-12-27 23:18:59	sgrif	2014-12-28 02:16:52	activerecord/CHANGELOG.md	True	True	True	True
18225	DanOlson	2014-12-27 23:18:59	sgrif	2014-12-28 03:49:30	activerecord/lib/active_record/callbacks.rb	True	True	True	True
18225	DanOlson	2014-12-27 23:18:59	sgrif	2014-12-28 02:16:52	activerecord/lib/active_record/callbacks.rb	True	True	True	True
18225	DanOlson	2014-12-27 23:18:59	sgrif	2014-12-28 02:17:11	activerecord/lib/active_record/timestamp.rb	True	True	True	True
18225	DanOlson	2014-12-27 23:18:59	sgrif	2014-12-28 02:17:11	activerecord/lib/active_record/persistence.rb	True	True	True	True
18225	DanOlson	2014-12-27 23:18:59	sgrif	2014-12-28 02:17:11	activerecord/lib/active_record/callbacks.rb	True	True	True	True
18225	DanOlson	2014-12-27 23:18:59	sgrif	2014-12-28 02:17:11	activerecord/CHANGELOG.md	True	True	True	True
18225	DanOlson	2014-12-27 23:18:59	sgrif	2014-12-28 03:49:30	activerecord/test/cases/persistence_test.rb	True	True	True	True
18225	DanOlson	2014-12-27 23:18:59	sgrif	2014-12-28 03:49:30	activerecord/lib/active_record/timestamp.rb	True	True	True	True
18225	DanOlson	2014-12-27 23:18:59	sgrif	2014-12-28 03:49:30	activerecord/lib/active_record/persistence.rb	True	True	True	True
18225	DanOlson	2014-12-27 23:18:59	sgrif	2014-12-28 02:17:11	activerecord/test/cases/persistence_test.rb	True	True	True	True
18225	DanOlson	2014-12-27 23:18:59	sgrif	2014-12-28 03:49:30	activerecord/CHANGELOG.md	True	True	True	True
18225	DanOlson	2014-12-27 23:18:59	sgrif	2014-12-28 02:17:01	activerecord/lib/active_record/timestamp.rb	True	True	True	True
18225	DanOlson	2014-12-27 23:18:59	sgrif	2014-12-28 02:17:01	activerecord/lib/active_record/persistence.rb	True	True	True	True
18225	DanOlson	2014-12-27 23:18:59	sgrif	2014-12-28 02:17:01	activerecord/lib/active_record/callbacks.rb	True	True	True	True
18225	DanOlson	2014-12-27 23:18:59	sgrif	2014-12-28 02:16:52	activerecord/lib/active_record/persistence.rb	True	True	True	True
18225	DanOlson	2014-12-27 23:18:59	sgrif	2014-12-28 02:16:52	activerecord/test/cases/persistence_test.rb	True	True	True	True
18225	DanOlson	2014-12-27 23:18:59	sgrif	2014-12-28 02:16:52	activerecord/lib/active_record/timestamp.rb	True	True	True	True
18225	DanOlson	2014-12-27 23:18:59	sgrif	2014-12-28 02:17:01	activerecord/test/cases/persistence_test.rb	True	True	True	True
18220	kamipo	2014-12-27 13:21:47	sgrif	2014-12-27 18:33:29	activerecord/lib/active_record/connection_adapters/postgresql/schema_statements.rb	True	True	True	True
18220	kamipo	2014-12-27 13:21:47	sgrif	2014-12-27 18:33:29	activerecord/lib/active_record/connection_adapters/abstract/schema_definitions.rb	True	True	True	True
18220	kamipo	2014-12-27 13:21:47	sgrif	2014-12-27 18:33:29	activerecord/test/cases/primary_keys_test.rb	True	True	True	True
18220	kamipo	2014-12-27 13:21:47	sgrif	2014-12-27 13:45:13	activerecord/lib/active_record/connection_adapters/abstract_mysql_adapter.rb	True	True	True	True
18220	kamipo	2014-12-27 13:21:47	sgrif	2014-12-27 18:33:29	activerecord/lib/active_record/connection_adapters/abstract/schema_creation.rb	True	True	True	True
18220	kamipo	2014-12-27 13:21:47	sgrif	2014-12-27 18:33:29	activerecord/CHANGELOG.md	True	True	True	True
18220	kamipo	2014-12-27 13:21:47	sgrif	2014-12-27 18:35:10	activerecord/CHANGELOG.md	True	True	True	True
18220	kamipo	2014-12-27 13:21:47	sgrif	2014-12-27 13:45:13	activerecord/lib/active_record/connection_adapters/abstract/schema_definitions.rb	True	True	True	True
18220	kamipo	2014-12-27 13:21:47	sgrif	2014-12-27 18:33:29	activerecord/lib/active_record/connection_adapters/abstract_mysql_adapter.rb	True	True	True	True
18220	kamipo	2014-12-27 13:21:47	sgrif	2014-12-27 18:35:10	activerecord/test/cases/primary_keys_test.rb	True	True	True	True
18220	kamipo	2014-12-27 13:21:47	sgrif	2014-12-27 18:35:10	activerecord/lib/active_record/connection_adapters/abstract/schema_creation.rb	True	True	True	True
18220	kamipo	2014-12-27 13:21:47	sgrif	2014-12-27 18:35:10	activerecord/lib/active_record/connection_adapters/postgresql/schema_statements.rb	True	True	True	True
18220	kamipo	2014-12-27 13:21:47	sgrif	2014-12-27 18:35:10	activerecord/lib/active_record/connection_adapters/abstract/schema_definitions.rb	True	True	True	True
18220	kamipo	2014-12-27 13:21:47	sgrif	2014-12-27 18:35:10	activerecord/lib/active_record/connection_adapters/abstract_mysql_adapter.rb	True	True	True	True
18220	kamipo	2014-12-27 13:21:47	sgrif	2014-12-27 13:44:10	activerecord/CHANGELOG.md	True	True	True	True
18220	kamipo	2014-12-27 13:21:47	sgrif	2014-12-27 13:44:10	activerecord/lib/active_record/connection_adapters/abstract/schema_creation.rb	True	True	True	True
18220	kamipo	2014-12-27 13:21:47	sgrif	2014-12-27 13:44:10	activerecord/lib/active_record/connection_adapters/postgresql/schema_statements.rb	True	True	True	True
18220	kamipo	2014-12-27 13:21:47	sgrif	2014-12-27 13:45:13	activerecord/lib/active_record/connection_adapters/postgresql/schema_statements.rb	True	True	True	True
18220	kamipo	2014-12-27 13:21:47	sgrif	2014-12-27 13:44:10	activerecord/test/cases/primary_keys_test.rb	True	True	True	True
18220	kamipo	2014-12-27 13:21:47	sgrif	2014-12-27 13:45:13	activerecord/test/cases/primary_keys_test.rb	True	True	True	True
18220	kamipo	2014-12-27 13:21:47	sgrif	2014-12-27 13:43:26	activerecord/lib/active_record/connection_adapters/abstract/schema_definitions.rb	True	True	True	True
18220	kamipo	2014-12-27 13:21:47	sgrif	2014-12-27 13:45:13	activerecord/lib/active_record/connection_adapters/abstract/schema_creation.rb	True	True	True	True
18220	kamipo	2014-12-27 13:21:47	sgrif	2014-12-27 13:43:26	activerecord/lib/active_record/connection_adapters/abstract/schema_creation.rb	True	True	True	True
18220	kamipo	2014-12-27 13:21:47	sgrif	2014-12-27 13:44:10	activerecord/lib/active_record/connection_adapters/abstract_mysql_adapter.rb	True	True	True	True
18220	kamipo	2014-12-27 13:21:47	sgrif	2014-12-27 13:44:35	activerecord/CHANGELOG.md	True	True	True	True
18220	kamipo	2014-12-27 13:21:47	sgrif	2014-12-27 13:44:35	activerecord/lib/active_record/connection_adapters/abstract/schema_creation.rb	True	True	True	True
18220	kamipo	2014-12-27 13:21:47	sgrif	2014-12-27 13:44:35	activerecord/lib/active_record/connection_adapters/postgresql/schema_statements.rb	True	True	True	True
18220	kamipo	2014-12-27 13:21:47	sgrif	2014-12-27 13:44:35	activerecord/test/cases/primary_keys_test.rb	True	True	True	True
18220	kamipo	2014-12-27 13:21:47	sgrif	2014-12-27 13:44:35	activerecord/lib/active_record/connection_adapters/abstract/schema_definitions.rb	True	True	True	True
18220	kamipo	2014-12-27 13:21:47	sgrif	2014-12-27 13:44:35	activerecord/lib/active_record/connection_adapters/abstract_mysql_adapter.rb	True	True	True	True
18220	kamipo	2014-12-27 13:21:47	sgrif	2014-12-27 13:43:26	activerecord/CHANGELOG.md	True	True	True	True
18220	kamipo	2014-12-27 13:21:47	sgrif	2014-12-27 13:43:26	activerecord/lib/active_record/connection_adapters/postgresql/schema_statements.rb	True	True	True	True
18220	kamipo	2014-12-27 13:21:47	sgrif	2014-12-27 13:45:13	activerecord/CHANGELOG.md	True	True	True	True
18220	kamipo	2014-12-27 13:21:47	sgrif	2014-12-27 13:43:26	activerecord/test/cases/primary_keys_test.rb	True	True	True	True
18220	kamipo	2014-12-27 13:21:47	sgrif	2014-12-27 13:43:26	activerecord/lib/active_record/connection_adapters/abstract_mysql_adapter.rb	True	True	True	True
18220	kamipo	2014-12-27 13:21:47	sgrif	2014-12-27 18:34:04	activerecord/CHANGELOG.md	True	True	True	True
18220	kamipo	2014-12-27 13:21:47	sgrif	2014-12-27 18:34:04	activerecord/lib/active_record/connection_adapters/abstract/schema_creation.rb	True	True	True	True
18220	kamipo	2014-12-27 13:21:47	sgrif	2014-12-27 18:34:04	activerecord/lib/active_record/connection_adapters/postgresql/schema_statements.rb	True	True	True	True
18220	kamipo	2014-12-27 13:21:47	sgrif	2014-12-27 18:34:04	activerecord/test/cases/primary_keys_test.rb	True	True	True	True
18220	kamipo	2014-12-27 13:21:47	sgrif	2014-12-27 18:34:04	activerecord/lib/active_record/connection_adapters/abstract/schema_definitions.rb	True	True	True	True
18220	kamipo	2014-12-27 13:21:47	sgrif	2014-12-27 18:34:04	activerecord/lib/active_record/connection_adapters/abstract_mysql_adapter.rb	True	True	True	True
18220	kamipo	2014-12-27 13:21:47	sgrif	2014-12-27 13:44:10	activerecord/lib/active_record/connection_adapters/abstract/schema_definitions.rb	True	True	True	True
18220	kamipo	2014-12-27 13:21:47	sgrif	2014-12-27 18:35:55	activerecord/test/cases/primary_keys_test.rb	True	True	True	True
18220	kamipo	2014-12-27 13:21:47	sgrif	2014-12-27 18:35:55	activerecord/CHANGELOG.md	True	True	True	True
18220	kamipo	2014-12-27 13:21:47	sgrif	2014-12-27 18:36:31	activerecord/lib/active_record/connection_adapters/postgresql/schema_statements.rb	True	True	True	True
18220	kamipo	2014-12-27 13:21:47	sgrif	2014-12-27 18:40:30	activerecord/CHANGELOG.md	True	True	True	True
18220	kamipo	2014-12-27 13:21:47	sgrif	2014-12-27 18:40:30	activerecord/lib/active_record/connection_adapters/abstract/schema_creation.rb	True	True	True	True
18220	kamipo	2014-12-27 13:21:47	sgrif	2014-12-27 18:40:30	activerecord/lib/active_record/connection_adapters/postgresql/schema_statements.rb	True	True	True	True
18220	kamipo	2014-12-27 13:21:47	sgrif	2014-12-27 18:40:30	activerecord/test/cases/primary_keys_test.rb	True	True	True	True
18220	kamipo	2014-12-27 13:21:47	sgrif	2014-12-27 18:40:30	activerecord/lib/active_record/connection_adapters/abstract/schema_definitions.rb	True	True	True	True
18220	kamipo	2014-12-27 13:21:47	sgrif	2014-12-27 18:40:30	activerecord/lib/active_record/connection_adapters/abstract_mysql_adapter.rb	True	True	True	True
18220	kamipo	2014-12-27 13:21:47	sgrif	2014-12-27 18:36:31	activerecord/CHANGELOG.md	True	True	True	True
18220	kamipo	2014-12-27 13:21:47	sgrif	2014-12-27 18:35:55	activerecord/lib/active_record/connection_adapters/abstract/schema_creation.rb	True	True	True	True
18220	kamipo	2014-12-27 13:21:47	sgrif	2014-12-27 18:36:31	activerecord/test/cases/primary_keys_test.rb	True	True	True	True
18220	kamipo	2014-12-27 13:21:47	sgrif	2014-12-27 18:40:53	activerecord/lib/active_record/connection_adapters/abstract/schema_definitions.rb	True	True	True	True
18220	kamipo	2014-12-27 13:21:47	sgrif	2014-12-27 18:36:31	activerecord/lib/active_record/connection_adapters/abstract/schema_definitions.rb	True	True	True	True
18220	kamipo	2014-12-27 13:21:47	sgrif	2014-12-27 18:36:31	activerecord/lib/active_record/connection_adapters/abstract_mysql_adapter.rb	True	True	True	True
18220	kamipo	2014-12-27 13:21:47	simi	2014-12-27 18:36:24	activerecord/CHANGELOG.md	True	True	True	True
18220	kamipo	2014-12-27 13:21:47	simi	2014-12-27 18:36:24	activerecord/lib/active_record/connection_adapters/abstract/schema_creation.rb	True	True	True	True
18220	kamipo	2014-12-27 13:21:47	simi	2014-12-27 18:36:24	activerecord/lib/active_record/connection_adapters/postgresql/schema_statements.rb	True	True	True	True
18220	kamipo	2014-12-27 13:21:47	simi	2014-12-27 18:36:24	activerecord/test/cases/primary_keys_test.rb	True	True	True	True
18220	kamipo	2014-12-27 13:21:47	simi	2014-12-27 18:36:24	activerecord/lib/active_record/connection_adapters/abstract/schema_definitions.rb	True	True	True	True
18220	kamipo	2014-12-27 13:21:47	simi	2014-12-27 18:36:24	activerecord/lib/active_record/connection_adapters/abstract_mysql_adapter.rb	True	True	True	True
18220	kamipo	2014-12-27 13:21:47	sgrif	2014-12-27 18:40:53	activerecord/lib/active_record/connection_adapters/abstract_mysql_adapter.rb	True	True	True	True
18220	kamipo	2014-12-27 13:21:47	sgrif	2014-12-27 18:36:31	activerecord/lib/active_record/connection_adapters/abstract/schema_creation.rb	True	True	True	True
18220	kamipo	2014-12-27 13:21:47	sgrif	2014-12-27 18:40:53	activerecord/test/cases/primary_keys_test.rb	True	True	True	True
18220	kamipo	2014-12-27 13:21:47	sgrif	2014-12-27 18:40:53	activerecord/lib/active_record/connection_adapters/postgresql/schema_statements.rb	True	True	True	True
18220	kamipo	2014-12-27 13:21:47	sgrif	2014-12-27 18:35:55	activerecord/lib/active_record/connection_adapters/abstract/schema_definitions.rb	True	True	True	True
18220	kamipo	2014-12-27 13:21:47	sgrif	2014-12-27 18:35:55	activerecord/lib/active_record/connection_adapters/abstract_mysql_adapter.rb	True	True	True	True
18220	kamipo	2014-12-27 13:21:47	sgrif	2014-12-27 18:35:50	activerecord/CHANGELOG.md	True	True	True	True
18220	kamipo	2014-12-27 13:21:47	sgrif	2014-12-27 18:35:50	activerecord/lib/active_record/connection_adapters/abstract/schema_creation.rb	True	True	True	True
18220	kamipo	2014-12-27 13:21:47	sgrif	2014-12-27 18:35:50	activerecord/lib/active_record/connection_adapters/postgresql/schema_statements.rb	True	True	True	True
18220	kamipo	2014-12-27 13:21:47	sgrif	2014-12-27 18:35:50	activerecord/test/cases/primary_keys_test.rb	True	True	True	True
18220	kamipo	2014-12-27 13:21:47	sgrif	2014-12-27 18:35:50	activerecord/lib/active_record/connection_adapters/abstract/schema_definitions.rb	True	True	True	True
18220	kamipo	2014-12-27 13:21:47	sgrif	2014-12-27 18:35:50	activerecord/lib/active_record/connection_adapters/abstract_mysql_adapter.rb	True	True	True	True
18220	kamipo	2014-12-27 13:21:47	sgrif	2014-12-27 18:41:54	activerecord/CHANGELOG.md	True	True	True	True
18220	kamipo	2014-12-27 13:21:47	sgrif	2014-12-27 18:41:54	activerecord/lib/active_record/connection_adapters/abstract/schema_creation.rb	True	True	True	True
18220	kamipo	2014-12-27 13:21:47	sgrif	2014-12-27 18:41:54	activerecord/lib/active_record/connection_adapters/postgresql/schema_statements.rb	True	True	True	True
18220	kamipo	2014-12-27 13:21:47	sgrif	2014-12-27 18:41:54	activerecord/test/cases/primary_keys_test.rb	True	True	True	True
18220	kamipo	2014-12-27 13:21:47	sgrif	2014-12-27 18:41:54	activerecord/lib/active_record/connection_adapters/abstract/schema_definitions.rb	True	True	True	True
18220	kamipo	2014-12-27 13:21:47	sgrif	2014-12-27 18:41:54	activerecord/lib/active_record/connection_adapters/abstract_mysql_adapter.rb	True	True	True	True
18220	kamipo	2014-12-27 13:21:47	sgrif	2014-12-27 18:40:53	activerecord/CHANGELOG.md	True	True	True	True
18220	kamipo	2014-12-27 13:21:47	sgrif	2014-12-27 18:40:53	activerecord/lib/active_record/connection_adapters/abstract/schema_creation.rb	True	True	True	True
18220	kamipo	2014-12-27 13:21:47	sgrif	2014-12-27 18:35:55	activerecord/lib/active_record/connection_adapters/postgresql/schema_statements.rb	True	True	True	True
18218	brainopia	2014-12-27 10:46:57	pixeltrix	2014-12-27 15:14:32	actionpack/lib/action_dispatch/routing/mapper.rb	True	True	True	True
18218	brainopia	2014-12-27 10:46:57	pixeltrix	2014-12-27 15:14:32	actionpack/test/dispatch/routing_test.rb	True	True	True	True
18217	robertomiranda	2014-12-27 03:26:50	dhh	2014-12-27 16:50:16	activerecord/test/models/user.rb	False	True	True	True
18217	robertomiranda	2014-12-27 03:26:50	dhh	2014-12-27 16:50:16	activerecord/test/cases/secure_token_test.rb	False	True	True	True
18217	robertomiranda	2014-12-27 03:26:50	dhh	2014-12-27 16:50:16	activerecord/lib/active_record/secure_token.rb	False	True	True	True
18217	robertomiranda	2014-12-27 03:26:50	dhh	2014-12-27 16:50:16	activerecord/lib/active_record/base.rb	False	True	True	True
18217	robertomiranda	2014-12-27 03:26:50	dhh	2014-12-27 16:50:16	activerecord/lib/active_record.rb	False	True	True	True
18217	robertomiranda	2014-12-27 03:26:50	dhh	2014-12-27 16:50:16	activerecord/CHANGELOG.md	False	True	True	True
18217	robertomiranda	2014-12-27 03:26:50	dhh	2014-12-27 16:50:16	activerecord/test/schema/schema.rb	False	True	True	True
18200	brainopia	2014-12-25 20:49:01	arthurnn	2015-03-04 15:07:25	activerecord/lib/active_record/transactions.rb	True	True	True	True
18200	brainopia	2014-12-25 20:49:01	arthurnn	2015-03-04 15:07:25	activerecord/test/cases/transactions_test.rb	True	True	True	True
18200	brainopia	2014-12-25 20:49:01	arthurnn	2015-03-04 15:07:25	activerecord/test/cases/transactions_test.rb	False	True	True	True
18200	brainopia	2014-12-25 20:49:01	arthurnn	2015-03-04 15:07:25	activerecord/lib/active_record/transactions.rb	False	True	True	True
18182	ccschmitz	2014-12-24 15:26:34	sgrif	2014-12-24 15:33:48	activerecord/lib/active_record/persistence.rb	True	False	True	True
18165	petedmarsh	2014-12-23 14:51:13	sgrif	2014-12-23 14:59:27	activemodel/test/cases/validations/unchanged_validation_test.rb	True	True	True	True
18165	petedmarsh	2014-12-23 14:51:13	sgrif	2014-12-23 14:59:27	activemodel/lib/active_model/locale/en.yml	True	True	True	True
18165	petedmarsh	2014-12-23 14:51:13	sgrif	2014-12-23 14:59:27	activemodel/lib/active_model/validations/unchanged.rb	True	True	True	True
18165	petedmarsh	2014-12-23 14:51:13	sgrif	2014-12-23 14:59:27	activemodel/CHANGELOG.md	True	True	True	True
18165	petedmarsh	2014-12-23 14:51:13	sgrif	2014-12-23 14:59:27	activemodel/test/models/dirty_model.rb	True	True	True	True
18165	petedmarsh	2014-12-23 14:51:13	sgrif	2014-12-23 14:59:27	activemodel/test/cases/dirty_test.rb	True	True	True	True
18160	tmm1	2014-12-23 04:20:43	egilburg	2014-12-23 09:21:02	activesupport/lib/active_support/core_ext/date_time/calculations.rb	True	True	True	True
18160	tmm1	2014-12-23 04:20:43	egilburg	2014-12-23 09:21:02	activerecord/lib/active_record/associations/has_many_association.rb	True	True	True	True
18160	tmm1	2014-12-23 04:20:43	egilburg	2014-12-23 09:21:02	activesupport/lib/active_support/values/time_zone.rb	True	True	True	True
18159	M7	2014-12-23 03:41:46	sgrif	2014-12-23 15:41:29	activerecord/lib/active_record/base.rb	True	True	True	True
18159	M7	2014-12-23 03:41:46	sgrif	2014-12-23 15:41:29	activerecord/lib/active_record/base.rb	False	True	True	True
18153	robertomiranda	2014-12-22 23:36:08	sgrif	2014-12-22 23:52:27	activerecord/lib/active_record/connection_adapters/postgresql/schema_statements.rb	False	True	True	True
18153	robertomiranda	2014-12-22 23:36:08	sgrif	2014-12-22 23:52:27	activerecord/lib/active_record/connection_adapters/abstract/schema_statements.rb	False	True	True	True
18153	robertomiranda	2014-12-22 23:36:08	sgrif	2014-12-22 23:52:27	activerecord/lib/active_record/connection_adapters/postgresql/schema_statements.rb	True	True	True	True
18153	robertomiranda	2014-12-22 23:36:08	sgrif	2014-12-22 23:52:27	activerecord/lib/active_record/connection_adapters/abstract/schema_statements.rb	True	True	True	True
18145	george-carlin	2014-12-22 16:48:33	sgrif	2014-12-22 23:57:04	activerecord/lib/active_record/nested_attributes.rb	False	False	True	True
18130	claudiob	2014-12-22 03:07:52	sgrif	2014-12-23 00:05:14	actionview/lib/action_view/record_identifier.rb	True	True	True	True
18130	claudiob	2014-12-22 03:07:52	sgrif	2014-12-23 00:07:02	actionview/lib/action_view/record_identifier.rb	True	True	True	True
18125	codeodor	2014-12-21 16:21:01	arthurnn	2014-12-21 16:27:36	guides/source/contributing_to_ruby_on_rails.md	True	False	True	True
18125	codeodor	2014-12-21 16:21:01	arthurnn	2014-12-21 16:27:36	activerecord/RUNNING_UNIT_TESTS.rdoc	True	False	True	True
18113	eileencodes	2014-12-20 22:08:06	aditya-kapoor	2014-12-20 22:50:21	guides/source/configuring.md	True	True	True	True
18109	k0kubun	2014-12-20 09:59:24	rafaelfranca	2015-02-07 17:41:08	activerecord/test/models/comment.rb	True	True	True	True
18109	k0kubun	2014-12-20 09:59:24	rafaelfranca	2015-02-07 17:41:08	activerecord/test/cases/scoping/default_scoping_test.rb	True	True	True	True
18109	k0kubun	2014-12-20 09:59:24	rafaelfranca	2015-02-07 17:41:08	activerecord/lib/active_record/associations/join_dependency/join_association.rb	True	True	True	True
18109	k0kubun	2014-12-20 09:59:24	rafaelfranca	2015-02-07 17:41:08	activerecord/CHANGELOG.md	True	True	True	True
18105	andreynering	2014-12-19 23:53:46	rafaelfranca	2014-12-20 16:11:43	guides/source/security.md	True	False	True	True
18102	arthurnn	2014-12-19 22:28:41	chancancode	2014-12-19 22:29:33	activerecord/lib/active_record/transactions.rb	True	True	True	True
18102	arthurnn	2014-12-19 22:28:41	chancancode	2014-12-19 22:29:33	actionpack/lib/action_controller/metal/request_forgery_protection.rb	True	True	True	True
18099	robsonmarques	2014-12-19 18:04:12	rafaelfranca	2014-12-19 18:08:20	activemodel/lib/active_model/errors.rb	True	True	True	True
18099	robsonmarques	2014-12-19 18:04:12	rafaelfranca	2014-12-19 18:08:30	activemodel/lib/active_model/errors.rb	True	True	True	True
18090	egilburg	2014-12-18 20:41:23	carlosantoniodasilva	2014-12-19 16:50:22	activesupport/lib/active_support.rb	True	True	True	True
18077	claudiob	2014-12-17 23:01:29	tgxworld	2014-12-18 08:22:10	activesupport/lib/active_support/test_case.rb	True	True	True	True
18077	claudiob	2014-12-17 23:01:29	tgxworld	2014-12-18 08:22:10	activesupport/lib/active_support.rb	True	True	True	True
18075	alexsoble	2014-12-17 21:45:52	sgrif	2015-03-10 00:04:54	activerecord/lib/rails/generators/active_record/model/model_generator.rb	True	True	True	True
18075	alexsoble	2014-12-17 21:45:52	sgrif	2015-03-10 00:04:48	activerecord/lib/rails/generators/active_record/migration/templates/create_table_migration.rb	True	True	True	True
18075	alexsoble	2014-12-17 21:45:52	sgrif	2015-03-10 00:04:54	activerecord/lib/rails/generators/active_record/migration/templates/create_table_migration.rb	True	True	True	True
18075	alexsoble	2014-12-17 21:45:52	sgrif	2015-03-10 00:04:54	activerecord/lib/rails/generators/active_record/migration/migration_generator.rb	True	True	True	True
18075	alexsoble	2014-12-17 21:45:52	sgrif	2015-03-10 00:04:48	railties/test/generators/model_generator_test.rb	True	True	True	True
18075	alexsoble	2014-12-17 21:45:52	sgrif	2015-03-10 00:04:48	railties/test/generators/migration_generator_test.rb	True	True	True	True
18075	alexsoble	2014-12-17 21:45:52	sgrif	2015-03-10 00:04:48	railties/lib/rails/generators/generated_attribute.rb	True	True	True	True
18075	alexsoble	2014-12-17 21:45:52	sgrif	2015-03-10 00:04:48	activerecord/lib/rails/generators/active_record/model/model_generator.rb	True	True	True	True
18075	alexsoble	2014-12-17 21:45:52	sgrif	2015-03-10 00:04:48	activerecord/lib/rails/generators/active_record/migration/templates/migration.rb	True	True	True	True
18075	alexsoble	2014-12-17 21:45:52	sgrif	2015-03-10 00:04:00	railties/test/generators/model_generator_test.rb	True	True	True	True
18075	alexsoble	2014-12-17 21:45:52	sgrif	2015-03-10 00:04:48	activerecord/lib/rails/generators/active_record/migration/migration_generator.rb	True	True	True	True
18075	alexsoble	2014-12-17 21:45:52	sgrif	2015-03-10 00:04:00	railties/test/generators/migration_generator_test.rb	True	True	True	True
18075	alexsoble	2014-12-17 21:45:52	sgrif	2015-03-10 00:04:00	railties/lib/rails/generators/generated_attribute.rb	True	True	True	True
18075	alexsoble	2014-12-17 21:45:52	sgrif	2015-03-10 00:04:00	activerecord/lib/rails/generators/active_record/model/model_generator.rb	True	True	True	True
18075	alexsoble	2014-12-17 21:45:52	sgrif	2015-03-10 00:04:00	activerecord/lib/rails/generators/active_record/migration/templates/migration.rb	True	True	True	True
18075	alexsoble	2014-12-17 21:45:52	sgrif	2015-03-10 00:04:00	activerecord/lib/rails/generators/active_record/migration/templates/create_table_migration.rb	True	True	True	True
18075	alexsoble	2014-12-17 21:45:52	sgrif	2015-03-10 00:04:00	activerecord/lib/rails/generators/active_record/migration/migration_generator.rb	True	True	True	True
18075	alexsoble	2014-12-17 21:45:52	sgrif	2015-03-10 00:04:54	activerecord/lib/rails/generators/active_record/migration/templates/migration.rb	True	True	True	True
18075	alexsoble	2014-12-17 21:45:52	sgrif	2015-03-10 00:05:49	activerecord/lib/rails/generators/active_record/migration/migration_generator.rb	True	True	True	True
18075	alexsoble	2014-12-17 21:45:52	sgrif	2015-03-10 00:04:54	railties/lib/rails/generators/generated_attribute.rb	True	True	True	True
18075	alexsoble	2014-12-17 21:45:52	sgrif	2015-03-10 00:05:12	railties/test/generators/model_generator_test.rb	True	True	True	True
18075	alexsoble	2014-12-17 21:45:52	sgrif	2015-03-10 00:05:49	railties/test/generators/migration_generator_test.rb	True	True	True	True
18075	alexsoble	2014-12-17 21:45:52	sgrif	2015-03-10 00:05:49	railties/lib/rails/generators/generated_attribute.rb	True	True	True	True
18075	alexsoble	2014-12-17 21:45:52	sgrif	2015-03-10 00:05:49	activerecord/lib/rails/generators/active_record/model/model_generator.rb	True	True	True	True
18075	alexsoble	2014-12-17 21:45:52	sgrif	2015-03-10 00:05:49	activerecord/lib/rails/generators/active_record/migration/templates/migration.rb	True	True	True	True
18075	alexsoble	2014-12-17 21:45:52	sgrif	2015-03-10 00:05:49	activerecord/lib/rails/generators/active_record/migration/templates/create_table_migration.rb	True	True	True	True
18075	alexsoble	2014-12-17 21:45:52	sgrif	2015-03-10 00:04:54	railties/test/generators/migration_generator_test.rb	True	True	True	True
18075	alexsoble	2014-12-17 21:45:52	sgrif	2015-03-10 00:05:12	railties/test/generators/migration_generator_test.rb	True	True	True	True
18075	alexsoble	2014-12-17 21:45:52	sgrif	2015-03-10 00:05:12	railties/lib/rails/generators/generated_attribute.rb	True	True	True	True
18075	alexsoble	2014-12-17 21:45:52	sgrif	2015-03-10 00:05:12	activerecord/lib/rails/generators/active_record/model/model_generator.rb	True	True	True	True
18075	alexsoble	2014-12-17 21:45:52	sgrif	2015-03-10 00:05:12	activerecord/lib/rails/generators/active_record/migration/templates/migration.rb	True	True	True	True
18075	alexsoble	2014-12-17 21:45:52	sgrif	2015-03-10 00:05:12	activerecord/lib/rails/generators/active_record/migration/templates/create_table_migration.rb	True	True	True	True
18075	alexsoble	2014-12-17 21:45:52	sgrif	2015-03-10 00:05:12	activerecord/lib/rails/generators/active_record/migration/migration_generator.rb	True	True	True	True
18075	alexsoble	2014-12-17 21:45:52	sgrif	2015-03-10 00:04:54	railties/test/generators/model_generator_test.rb	True	True	True	True
18075	alexsoble	2014-12-17 21:45:52	sgrif	2015-03-10 00:05:49	railties/test/generators/model_generator_test.rb	True	True	True	True
18074	caike	2014-12-17 18:22:27	JuanitoFatas	2015-01-02 09:05:42	actionmailer/CHANGELOG.md	True	True	True	True
18074	caike	2014-12-17 18:22:27	JuanitoFatas	2015-01-02 09:05:42	railties/lib/rails/generators/test_unit/mailer/mailer_generator.rb	True	True	True	True
18074	caike	2014-12-17 18:22:27	JuanitoFatas	2015-01-02 09:05:42	actionmailer/lib/rails/generators/mailer/USAGE	True	True	True	True
18074	caike	2014-12-17 18:22:27	JuanitoFatas	2015-01-02 09:05:42	actionmailer/lib/rails/generators/mailer/templates/mailer.rb	True	True	True	True
18074	caike	2014-12-17 18:22:27	JuanitoFatas	2015-01-02 09:05:42	actionmailer/lib/rails/generators/mailer/mailer_generator.rb	True	True	True	True
18074	caike	2014-12-17 18:22:27	JuanitoFatas	2015-01-02 09:05:42	railties/lib/rails/generators/test_unit/mailer/templates/functional_test.rb	True	True	True	True
18074	caike	2014-12-17 18:22:27	JuanitoFatas	2015-01-02 09:05:42	railties/test/generators/mailer_generator_test.rb	True	True	True	True
18074	caike	2014-12-17 18:22:27	JuanitoFatas	2015-01-02 09:05:42	railties/test/generators/namespaced_generators_test.rb	True	True	True	True
18074	caike	2014-12-17 18:22:27	JuanitoFatas	2015-01-02 09:05:42	railties/lib/rails/generators/test_unit/mailer/templates/preview.rb	True	True	True	True
18067	kamipo	2014-12-17 09:27:23	rafaelfranca	2015-01-02 13:42:17	activerecord/test/schema/schema.rb	True	True	True	True
18067	kamipo	2014-12-17 09:27:23	rafaelfranca	2015-01-02 13:42:17	activerecord/test/cases/schema_dumper_test.rb	True	True	True	True
18067	kamipo	2014-12-17 09:27:23	rafaelfranca	2015-01-02 13:42:17	activerecord/test/cases/adapters/mysql2/datetime_test.rb	True	True	True	True
18067	kamipo	2014-12-17 09:27:23	rafaelfranca	2015-01-02 13:42:17	activerecord/test/cases/adapters/mysql/datetime_test.rb	True	True	True	True
18067	kamipo	2014-12-17 09:27:23	rafaelfranca	2015-01-02 13:42:17	activerecord/lib/active_record/connection_adapters/abstract_mysql_adapter.rb	True	True	True	True
18067	kamipo	2014-12-17 09:27:23	rafaelfranca	2015-01-02 13:42:17	activerecord/CHANGELOG.md	True	True	True	True
18059	andreynering	2014-12-16 21:39:27	rafaelfranca	2014-12-16 21:44:13	guides/source/active_record_querying.md	True	False	True	True
18059	andreynering	2014-12-16 21:39:27	rafaelfranca	2014-12-16 21:44:26	guides/source/active_record_querying.md	True	False	True	True
18039	jonatack	2014-12-15 18:25:21	rafaelfranca	2014-12-15 18:27:07	guides/source/constant_autoloading_and_reloading.md	True	True	True	True
18039	jonatack	2014-12-15 18:25:21	seuros	2014-12-15 18:28:13	guides/source/constant_autoloading_and_reloading.md	True	True	True	True
17996	killthekitten	2014-12-11 00:39:44	sgrif	2014-12-11 23:01:16	activerecord/CHANGELOG.md	False	True	True	True
17996	killthekitten	2014-12-11 00:39:44	egilburg	2014-12-11 00:50:06	activerecord/lib/active_record/sanitization.rb	False	True	True	True
17996	killthekitten	2014-12-11 00:39:44	egilburg	2014-12-11 00:50:06	activerecord/test/cases/sanitize_test.rb	False	True	True	True
17996	killthekitten	2014-12-11 00:39:44	egilburg	2014-12-11 00:50:06	guides/source/active_record_postgresql.md	False	True	True	True
17996	killthekitten	2014-12-11 00:39:44	sgrif	2014-12-11 23:00:09	activerecord/CHANGELOG.md	False	True	True	True
17996	killthekitten	2014-12-11 00:39:44	sgrif	2014-12-11 23:00:09	activerecord/lib/active_record/sanitization.rb	False	True	True	True
17996	killthekitten	2014-12-11 00:39:44	sgrif	2014-12-11 23:00:09	activerecord/test/cases/sanitize_test.rb	False	True	True	True
17996	killthekitten	2014-12-11 00:39:44	sgrif	2014-12-11 23:00:09	guides/source/active_record_postgresql.md	False	True	True	True
17996	killthekitten	2014-12-11 00:39:44	sgrif	2014-12-11 23:00:02	guides/source/active_record_postgresql.md	False	True	True	True
17996	killthekitten	2014-12-11 00:39:44	sgrif	2014-12-11 23:01:16	activerecord/lib/active_record/sanitization.rb	False	True	True	True
17996	killthekitten	2014-12-11 00:39:44	sgrif	2014-12-11 23:01:16	activerecord/test/cases/sanitize_test.rb	False	True	True	True
17996	killthekitten	2014-12-11 00:39:44	sgrif	2014-12-11 23:01:16	guides/source/active_record_postgresql.md	False	True	True	True
17996	killthekitten	2014-12-11 00:39:44	sgrif	2014-12-11 23:00:02	activerecord/CHANGELOG.md	False	True	True	True
17996	killthekitten	2014-12-11 00:39:44	sgrif	2014-12-11 23:00:02	activerecord/lib/active_record/sanitization.rb	False	True	True	True
17996	killthekitten	2014-12-11 00:39:44	sgrif	2014-12-11 23:00:02	activerecord/test/cases/sanitize_test.rb	False	True	True	True
17996	killthekitten	2014-12-11 00:39:44	egilburg	2014-12-11 00:50:06	activerecord/CHANGELOG.md	False	True	True	True
17995	jethroo	2014-12-10 23:50:45	egilburg	2014-12-11 00:55:46	actionpack/test/controller/action_pack_assertions_test.rb	False	True	True	True
17995	jethroo	2014-12-10 23:50:45	egilburg	2014-12-11 00:55:46	actionpack/lib/action_controller/test_case.rb	False	True	True	True
17987	andreynering	2014-12-09 18:55:02	zzak	2014-12-09 19:10:04	guides/source/active_record_validations.md	True	False	True	True
17975	merongivian	2014-12-09 01:23:23	egilburg	2014-12-09 01:25:37	actionview/test/template/form_helper_test.rb	True	True	True	True
17975	merongivian	2014-12-09 01:23:23	egilburg	2014-12-09 01:25:37	actionview/lib/action_view/helpers/tags/text_field.rb	True	True	True	True
17975	merongivian	2014-12-09 01:23:23	egilburg	2014-12-09 01:25:37	actionview/lib/action_view/helpers/tags/search_field.rb	True	True	True	True
17973	maurogeorge	2014-12-08 22:26:12	rafaelfranca	2015-01-02 03:25:20	actionview/CHANGELOG.md	True	True	True	True
17973	maurogeorge	2014-12-08 22:26:12	rafaelfranca	2015-01-02 03:25:20	actionview/lib/action_view/helpers/tags/file_field.rb	True	True	True	True
17973	maurogeorge	2014-12-08 22:26:12	egilburg	2014-12-08 22:46:11	actionview/CHANGELOG.md	True	True	True	True
17973	maurogeorge	2014-12-08 22:26:12	egilburg	2014-12-08 22:46:11	actionview/lib/action_view/helpers/form_helper.rb	True	True	True	True
17973	maurogeorge	2014-12-08 22:26:12	egilburg	2014-12-08 22:46:11	actionview/lib/action_view/helpers/tags/file_field.rb	True	True	True	True
17973	maurogeorge	2014-12-08 22:26:12	egilburg	2014-12-08 22:46:11	actionview/test/template/form_helper_test.rb	True	True	True	True
17973	maurogeorge	2014-12-08 22:26:12	egilburg	2014-12-08 22:47:08	actionview/CHANGELOG.md	True	True	True	True
17973	maurogeorge	2014-12-08 22:26:12	egilburg	2014-12-08 22:47:08	actionview/lib/action_view/helpers/form_helper.rb	True	True	True	True
17973	maurogeorge	2014-12-08 22:26:12	egilburg	2014-12-08 22:47:08	actionview/lib/action_view/helpers/tags/file_field.rb	True	True	True	True
17973	maurogeorge	2014-12-08 22:26:12	egilburg	2014-12-08 22:47:08	actionview/test/template/form_helper_test.rb	True	True	True	True
17973	maurogeorge	2014-12-08 22:26:12	rafaelfranca	2015-01-02 03:25:20	actionview/lib/action_view/helpers/form_helper.rb	True	True	True	True
17973	maurogeorge	2014-12-08 22:26:12	rafaelfranca	2015-01-02 03:25:20	actionview/test/template/form_helper_test.rb	True	True	True	True
17973	maurogeorge	2014-12-08 22:26:12	rafaelfranca	2015-01-02 03:27:47	actionview/CHANGELOG.md	True	True	True	True
17973	maurogeorge	2014-12-08 22:26:12	rafaelfranca	2015-01-02 03:27:47	actionview/lib/action_view/helpers/form_helper.rb	True	True	True	True
17973	maurogeorge	2014-12-08 22:26:12	rafaelfranca	2015-01-02 03:27:47	actionview/lib/action_view/helpers/tags/file_field.rb	True	True	True	True
17973	maurogeorge	2014-12-08 22:26:12	rafaelfranca	2015-01-02 03:27:47	actionview/test/template/form_helper_test.rb	True	True	True	True
17973	maurogeorge	2014-12-08 22:26:12	rafaelfranca	2015-01-02 03:29:00	actionview/CHANGELOG.md	True	True	True	True
17973	maurogeorge	2014-12-08 22:26:12	rafaelfranca	2015-01-02 03:29:00	actionview/lib/action_view/helpers/form_helper.rb	True	True	True	True
17973	maurogeorge	2014-12-08 22:26:12	rafaelfranca	2015-01-02 03:29:00	actionview/lib/action_view/helpers/tags/file_field.rb	True	True	True	True
17973	maurogeorge	2014-12-08 22:26:12	rafaelfranca	2015-01-02 03:29:00	actionview/test/template/form_helper_test.rb	True	True	True	True
17966	mikechau	2014-12-08 08:34:44	zzak	2014-12-08 16:34:35	activerecord/lib/active_record/store.rb	True	False	True	True
17959	eileencodes	2014-12-07 18:22:54	zzak	2014-12-07 18:33:05	activerecord/lib/active_record/reflection.rb	True	False	True	True
17956	BenMorganIO	2014-12-07 12:18:05	egilburg	2014-12-08 18:45:52	actionview/test/template/url_helper_test.rb	True	True	True	True
17956	BenMorganIO	2014-12-07 12:18:05	egilburg	2014-12-08 18:45:52	actionview/lib/action_view/helpers/url_helper.rb	True	True	True	True
17956	BenMorganIO	2014-12-07 12:18:05	egilburg	2014-12-08 18:46:48	actionview/test/template/url_helper_test.rb	True	True	True	True
17956	BenMorganIO	2014-12-07 12:18:05	egilburg	2014-12-08 18:46:48	actionview/lib/action_view/helpers/url_helper.rb	True	True	True	True
17951	brooksreese	2014-12-07 01:16:07	vijaydev	2014-12-07 15:35:37	guides/source/active_record_basics.md	False	False	True	True
17951	brooksreese	2014-12-07 01:16:07	vijaydev	2014-12-07 15:35:37	activerecord/lib/active_record/reflection.rb	False	False	True	True
17951	brooksreese	2014-12-07 01:16:07	vijaydev	2014-12-07 15:35:37	guides/source/active_record_basics.md	True	False	True	True
17951	brooksreese	2014-12-07 01:16:07	eileencodes	2014-12-07 15:36:15	activerecord/lib/active_record/reflection.rb	False	False	True	True
17951	brooksreese	2014-12-07 01:16:07	eileencodes	2014-12-07 15:36:15	guides/source/active_record_basics.md	False	False	True	True
17951	brooksreese	2014-12-07 01:16:07	eileencodes	2014-12-07 15:36:15	guides/source/active_record_basics.md	True	False	True	True
17915	deeeki	2014-12-04 18:17:29	egilburg	2014-12-04 21:39:42	activerecord/lib/active_record/relation/query_methods.rb	True	True	True	True
17915	deeeki	2014-12-04 18:17:29	egilburg	2014-12-04 21:39:42	activerecord/test/cases/relation/where_chain_test.rb	True	True	True	True
17912	claudiob	2014-12-04 15:38:14	rafaelfranca	2014-12-04 15:40:18	activesupport/CHANGELOG.md	True	False	True	True
17905	claudiob	2014-12-04 02:04:07	lleger	2014-12-04 04:49:16	activesupport/lib/active_support/message_verifier.rb	True	True	True	True
17899	ulissesalmeida	2014-12-03 20:39:34	rafaelfranca	2014-12-03 20:49:54	activerecord/test/schema/schema.rb	True	False	True	True
17899	ulissesalmeida	2014-12-03 20:39:34	rafaelfranca	2014-12-03 20:49:54	activerecord/test/models/post.rb	True	False	True	True
17899	ulissesalmeida	2014-12-03 20:39:34	rafaelfranca	2014-12-03 20:49:54	activerecord/test/models/image.rb	True	False	True	True
17899	ulissesalmeida	2014-12-03 20:39:34	rafaelfranca	2014-12-03 20:49:54	activerecord/test/cases/associations/has_one_associations_test.rb	True	False	True	True
17899	ulissesalmeida	2014-12-03 20:39:34	rafaelfranca	2014-12-03 20:49:54	activerecord/test/cases/associations/has_many_associations_test.rb	True	False	True	True
17899	ulissesalmeida	2014-12-03 20:39:34	rafaelfranca	2014-12-03 20:49:54	activerecord/lib/active_record/reflection.rb	True	False	True	True
17899	ulissesalmeida	2014-12-03 20:39:34	rafaelfranca	2014-12-03 20:49:54	activerecord/lib/active_record/associations/builder/has_one.rb	True	False	True	True
17899	ulissesalmeida	2014-12-03 20:39:34	rafaelfranca	2014-12-03 20:49:54	activerecord/lib/active_record/associations/builder/has_many.rb	True	False	True	True
17898	mrgilman	2014-12-03 18:13:24	sgrif	2014-12-03 18:13:48	activerecord/lib/active_record/relation.rb	True	False	True	True
17894	kamipo	2014-12-03 11:03:52	senny	2014-12-03 13:43:12	activerecord/lib/active_record/connection_adapters/postgresql_adapter.rb	True	True	True	True
17894	kamipo	2014-12-03 11:03:52	senny	2014-12-03 13:43:12	activerecord/lib/active_record/connection_adapters/abstract/schema_statements.rb	True	True	True	True
17894	kamipo	2014-12-03 11:03:52	senny	2014-12-03 13:43:12	activerecord/lib/active_record/connection_adapters/abstract_mysql_adapter.rb	True	True	True	True
17894	kamipo	2014-12-03 11:03:52	senny	2014-12-03 13:42:52	activerecord/lib/active_record/connection_adapters/postgresql_adapter.rb	True	True	True	True
17894	kamipo	2014-12-03 11:03:52	senny	2014-12-03 13:42:52	activerecord/lib/active_record/connection_adapters/abstract/schema_statements.rb	True	True	True	True
17894	kamipo	2014-12-03 11:03:52	senny	2014-12-03 13:42:52	activerecord/lib/active_record/connection_adapters/abstract_mysql_adapter.rb	True	True	True	True
17888	mrgilman	2014-12-02 21:01:02	egilburg	2014-12-02 21:49:27	activerecord/test/cases/finder_test.rb	True	False	True	True
17888	mrgilman	2014-12-02 21:01:02	egilburg	2014-12-02 21:49:27	activerecord/lib/active_record/relation/predicate_builder.rb	True	False	True	True
17888	mrgilman	2014-12-02 21:01:02	egilburg	2014-12-02 21:50:48	activerecord/test/cases/finder_test.rb	True	False	True	True
17888	mrgilman	2014-12-02 21:01:02	egilburg	2014-12-02 21:50:48	activerecord/lib/active_record/relation/predicate_builder.rb	True	False	True	True
17885	ghost	2014-12-02 13:50:44	matthewd	2015-01-06 01:59:12	activerecord/lib/active_record/tasks/database_tasks.rb	False	True	True	True
17885	ghost	2014-12-02 13:50:44	matthewd	2015-01-06 07:39:33	activerecord/lib/active_record/tasks/database_tasks.rb	False	True	True	True
17885	ghost	2014-12-02 13:50:44	matthewd	2015-01-06 07:39:33	activerecord/lib/active_record/tasks/postgresql_database_tasks.rb	False	True	True	True
17885	ghost	2014-12-02 13:50:44	matthewd	2015-01-06 07:39:33	activerecord/test/cases/tasks/postgresql_rake_test.rb	False	True	True	True
17885	ghost	2014-12-02 13:50:44	matthewd	2015-01-06 01:59:12	activerecord/CHANGELOG.md	False	True	True	True
17885	ghost	2014-12-02 13:50:44	matthewd	2015-01-06 07:39:33	activerecord/CHANGELOG.md	False	True	True	True
17885	ghost	2014-12-02 13:50:44	matthewd	2015-01-06 01:59:12	activerecord/test/cases/tasks/postgresql_rake_test.rb	False	True	True	True
17885	ghost	2014-12-02 13:50:44	matthewd	2015-01-06 01:59:12	activerecord/lib/active_record/tasks/postgresql_database_tasks.rb	False	True	True	True
17885	ghost	2014-12-02 13:50:44	rafaelfranca	2014-12-02 13:52:33	activerecord/CHANGELOG.md	False	True	True	True
17885	ghost	2014-12-02 13:50:44	rafaelfranca	2014-12-02 13:52:33	activerecord/lib/active_record/tasks/database_tasks.rb	False	True	True	True
17885	ghost	2014-12-02 13:50:44	rafaelfranca	2014-12-02 13:52:33	activerecord/lib/active_record/tasks/postgresql_database_tasks.rb	False	True	True	True
17885	ghost	2014-12-02 13:50:44	rafaelfranca	2014-12-02 13:52:33	activerecord/test/cases/tasks/postgresql_rake_test.rb	False	True	True	True
17873	kirs	2014-12-01 22:46:53	egilburg	2014-12-02 02:50:09	actionpack/test/dispatch/debug_exceptions_test.rb	True	True	True	True
17873	kirs	2014-12-01 22:46:53	egilburg	2014-12-02 02:50:09	actionpack/lib/action_dispatch/middleware/templates/rescues/_request_and_response.html.erb	True	True	True	True
17873	kirs	2014-12-01 22:46:53	egilburg	2014-12-02 02:50:09	actionpack/lib/action_dispatch/middleware/exception_wrapper.rb	True	True	True	True
17873	kirs	2014-12-01 22:46:53	egilburg	2014-12-02 02:50:09	actionpack/lib/action_dispatch/middleware/debug_exceptions.rb	True	True	True	True
17873	kirs	2014-12-01 22:46:53	egilburg	2014-12-01 23:37:32	actionpack/test/dispatch/debug_exceptions_test.rb	True	True	True	True
17873	kirs	2014-12-01 22:46:53	egilburg	2014-12-01 23:37:32	actionpack/lib/action_dispatch/middleware/templates/rescues/_request_and_response.html.erb	True	True	True	True
17873	kirs	2014-12-01 22:46:53	egilburg	2014-12-01 23:37:32	actionpack/lib/action_dispatch/middleware/exception_wrapper.rb	True	True	True	True
17873	kirs	2014-12-01 22:46:53	egilburg	2014-12-01 23:37:32	actionpack/lib/action_dispatch/middleware/debug_exceptions.rb	True	True	True	True
17867	tgxworld	2014-12-01 17:48:42	rafaelfranca	2014-12-01 17:56:58	railties/lib/rails/generators/rails/plugin/templates/test/test_helper.rb	True	True	True	True
17867	tgxworld	2014-12-01 17:48:42	rafaelfranca	2014-12-01 17:56:58	railties/test/generators/plugin_generator_test.rb	True	True	True	True
