pr_number	author_user_login	pr_created_at	commit_user_login	commit_created_at	commit_status_total	commit_status_additions	commit_status_deletions	create_before_pr	is_review_commit
8385	frodsan	2012-11-30 16:10:28	Francesco Rodriguez	2012-11-30 16:24:16	33	30	3	False	True
8382	asanghi	2012-11-30 09:29:09	asanghi	2012-11-30 09:26:54	53	52	1	True	True
8379	steveklabnik	2012-11-30 00:57:49	steveklabnik	2012-11-29 23:24:08	689	342	347	True	True
8377	yepitschunked	2012-11-29 22:28:25	yepitschunked	2012-11-29 21:58:27	20	20	0	True	True
8375	steveklabnik	2012-11-29 20:26:44	steveklabnik	2012-11-29 19:13:09	582	217	365	True	True
8368	SamSaffron	2012-11-29 12:22:20	SamSaffron	2013-03-27 11:28:28	78	75	3	False	True
8355	steveklabnik	2012-11-28 20:43:43	steveklabnik	2012-11-28 20:43:09	12	12	0	True	True
8352	steveklabnik	2012-11-28 18:35:34	steveklabnik	2012-10-05 21:07:39	21	18	3	True	True
8348	danchoi	2012-11-28 16:27:24	danielchoi	2012-11-28 16:25:32	133	128	5	True	True
8346	sodabrew	2012-11-28 12:05:22	sodabrew	2012-11-27 08:57:45	178	144	34	True	True
8343	duggiefresh	2012-11-27 23:29:13	duggiefresh	2013-09-25 15:56:42	4	4	0	False	True
8343	duggiefresh	2012-11-27 23:29:13	duggiefresh	2012-11-27 23:23:46	56	54	2	True	True
8334	take	2012-11-27 09:35:21	take	2012-11-27 10:26:33	2	2	0	False	True
8334	take	2012-11-27 09:35:21	take	2012-11-27 12:26:42	12	12	0	False	True
8332	amatsuda	2012-11-27 07:22:32	amatsuda	2012-11-05 04:56:30	206	198	8	True	True
8330	jacobstr	2012-11-26 23:58:19	jacobstr	2012-11-26 23:50:04	18	18	0	True	True
8329	elia	2012-11-26 23:24:28	elia	2012-11-26 22:49:14	15	15	0	True	True
8321	steveklabnik	2012-11-26 18:35:28	steveklabnik	2012-11-26 18:33:06	28	21	7	True	True
8318	Empact	2012-11-26 10:20:45	Empact	2012-11-26 10:18:18	24	19	5	True	True
8313	alan	2012-11-25 21:52:41	alan	2012-11-25 21:01:27	26	24	2	True	True
8312	senny	2012-11-25 13:00:58	senny	2012-11-25 16:08:57	17	5	12	False	True
8312	senny	2012-11-25 13:00:58	senny	2012-11-25 11:33:47	18	9	9	True	True
8311	alisdair	2012-11-25 11:25:21	alisdair	2012-11-25 10:13:39	21	21	0	True	True
8309	durran	2012-11-25 10:41:17	durran	2012-11-25 10:23:23	86	74	12	True	True
8306	senny	2012-11-24 16:37:10	senny	2012-11-24 16:35:29	5	5	0	True	True
8303	jeremywrowe	2012-11-23 20:34:04	jeremywrowe	2012-11-23 20:30:15	12	11	1	True	True
8302	roberto	2012-11-23 20:02:48	roberto	2012-11-23 19:13:08	23	19	4	True	True
8302	roberto	2012-11-23 20:02:48	roberto	2012-11-23 21:10:18	21	12	9	False	True
8298	Empact	2012-11-23 07:49:16	Empact	2012-11-23 07:20:20	50	45	5	True	True
8291	senny	2012-11-21 21:03:45	senny	2012-11-21 08:48:48	16	15	1	True	True
8288	releu	2012-11-21 11:51:40	releu	2012-11-21 11:44:28	14	14	0	True	True
8279	gaurish	2012-11-20 11:04:07	gaurish	2012-11-20 10:48:28	4	4	0	True	True
8276	pwnall	2012-11-20 03:47:16	pwnall	2012-11-20 03:38:19	35	35	0	True	True
8267	marcandre	2012-11-19 07:39:05	marcandre	2012-12-19 00:42:01	64	32	32	False	True
8267	marcandre	2012-11-19 07:39:05	marcandre	2012-12-19 19:46:16	259	223	36	False	True
8267	marcandre	2012-11-19 07:39:05	marcandre	2012-11-19 06:34:12	63	44	19	True	True
8267	marcandre	2012-11-19 07:39:05	marcandre	2012-11-19 07:12:40	41	34	7	True	True
8267	marcandre	2012-11-19 07:39:05	marcandre	2012-12-19 00:43:33	63	16	47	False	True
8267	marcandre	2012-11-19 07:39:05	marcandre	2012-12-19 06:44:42	11	9	2	False	True
8267	marcandre	2012-11-19 07:39:05	marcandre	2012-11-19 05:57:10	76	69	7	True	True
8267	marcandre	2012-11-19 07:39:05	marcandre	2012-12-19 04:32:45	26	25	1	False	True
8267	marcandre	2012-11-19 07:39:05	marcandre	2012-11-19 07:29:26	70	28	42	True	True
8267	marcandre	2012-11-19 07:39:05	marcandre	2012-12-19 04:37:36	47	7	40	False	True
8267	marcandre	2012-11-19 07:39:05	marcandre	2012-11-19 05:26:55	5	4	1	True	True
8267	marcandre	2012-11-19 07:39:05	marcandre	2012-08-07 00:44:05	245	155	90	True	True
8267	marcandre	2012-11-19 07:39:05	marcandre	2012-11-19 06:12:36	58	41	17	True	True
8267	marcandre	2012-11-19 07:39:05	marcandre	2012-08-07 02:25:01	105	102	3	True	True
8267	marcandre	2012-11-19 07:39:05	marcandre	2012-11-11 19:43:57	86	85	1	True	True
8267	marcandre	2012-11-19 07:39:05	marcandre	2012-08-07 02:20:34	27	16	11	True	True
8256	nalwayaabhishek	2012-11-18 07:03:55	nalwayaabhishek	2012-11-18 07:04:36	6	3	3	False	True
8251	alexeymuranov	2012-11-17 14:05:32	alexeymuranov	2012-11-17 13:53:07	6	6	0	True	True
8246	urielka	2012-11-17 00:56:29	urielka	2012-11-17 00:05:53	263	244	19	True	True
8239	kenmazaika	2012-11-16 15:58:32	metropolis-testman	2012-11-16 15:45:43	25	23	2	True	True
8234	kentaro	2012-11-16 05:28:55	kentaro	2012-11-16 03:58:29	2	1	1	True	True
8234	kentaro	2012-11-16 05:28:55	kentaro	2012-11-16 14:13:27	2	1	1	False	True
8228	senny	2012-11-15 18:10:52	senny	2012-11-15 17:59:58	10	10	0	True	True
8227	senny	2012-11-15 17:42:00	dabit	2012-05-10 20:56:13	2	1	1	True	True
8227	senny	2012-11-15 17:42:00	senny	2012-11-15 17:45:37	19	17	2	False	True
8225	shemerey	2012-11-15 15:04:52	shemerey	2012-11-15 10:09:25	34	33	1	True	True
8221	agrobbin	2012-11-14 15:09:11	agrobbin	2012-11-14 15:06:10	3	2	1	True	True
8219	nikitug	2012-11-14 12:44:45	nikitug	2012-11-14 05:58:33	113	104	9	True	True
8208	kalv	2012-11-13 20:19:19	kalv	2012-11-13 20:08:17	26	24	2	True	True
8190	GBH	2012-11-12 17:26:40	GBH	2012-11-12 17:42:31	8	4	4	False	True
8190	GBH	2012-11-12 17:26:40	GBH	2012-11-12 17:18:58	55	55	0	True	True
8190	GBH	2012-11-12 17:26:40	GBH	2012-11-12 17:32:08	4	2	2	False	True
8189	georgebrock	2012-11-12 17:19:01	georgebrock	2013-04-19 09:02:28	34	34	0	False	True
8189	georgebrock	2012-11-12 17:19:01	georgebrock	2013-04-19 14:47:11	23	23	0	False	True
8189	georgebrock	2012-11-12 17:19:01	georgebrock	2013-04-19 14:44:35	5	3	2	False	True
8189	georgebrock	2012-11-12 17:19:01	georgebrock	2013-04-19 14:49:48	28	27	1	False	True
8189	georgebrock	2012-11-12 17:19:01	georgebrock	2013-04-19 07:34:44	58	58	0	False	True
8189	georgebrock	2012-11-12 17:19:01	georgebrock	2013-04-12 17:48:48	14	13	1	False	True
8189	georgebrock	2012-11-12 17:19:01	georgebrock	2013-04-12 15:50:31	731	551	180	False	True
8189	georgebrock	2012-11-12 17:19:01	georgebrock	2013-04-20 17:08:32	70	35	35	False	True
8185	senny	2012-11-12 13:35:41	senny	2012-11-12 13:33:20	25	24	1	True	True
8184	vipulnsward	2012-11-12 12:46:46	vipulnsward	2012-11-12 12:43:20	43	25	18	True	True
8176	senny	2012-11-11 16:25:28	senny	2012-11-11 16:13:33	2	1	1	True	True
8176	senny	2012-11-11 16:25:28	senny	2012-11-11 16:15:26	19	18	1	True	True
8173	nikitug	2012-11-11 12:57:16	nikitug	2012-11-11 12:53:39	20	10	10	True	True
8154	bogdan	2012-11-09 09:56:25	bogdan	2012-11-10 13:30:20	25	24	1	False	True
8147	vinnydiehl	2012-11-08 19:57:37	vinnydiehl	2012-11-08 19:51:18	152	83	69	True	True
8146	josh-m-sharpe	2012-11-08 19:00:32	josh-m-sharpe	2012-11-08 18:42:40	6	5	1	True	True
8142	nikitug	2012-11-08 09:19:08	nikitug	2012-11-08 09:17:04	47	42	5	True	True
8127	nikitug	2012-11-06 08:16:00	nikitug	2012-11-11 10:32:30	44	25	19	False	True
8127	nikitug	2012-11-06 08:16:00	nikitug	2012-11-11 10:34:59	89	82	7	False	True
8127	nikitug	2012-11-06 08:16:00	nikitug	2012-11-09 14:17:57	86	47	39	False	True
8123	bcardarella	2012-11-05 23:37:44	bcardarella	2012-11-05 23:35:13	30	20	10	True	True
8117	vinnydiehl	2012-11-04 18:47:14	vinnydiehl	2012-11-04 18:42:14	11	3	8	True	True
8114	guilleiguaran	2012-11-03 22:47:28	guilleiguaran	2012-11-03 22:38:55	44	43	1	True	True
8112	spastorino	2012-11-03 17:02:54	spastorino	2012-11-02 22:26:11	45	14	31	True	True
8112	spastorino	2012-11-03 17:02:54	spastorino	2012-10-31 03:06:46	136	95	41	True	True
8112	spastorino	2012-11-03 17:02:54	spastorino	2012-11-01 04:20:16	26	17	9	True	True
8112	spastorino	2012-11-03 17:02:54	spastorino	2012-10-30 18:41:11	72	69	3	True	True
8112	spastorino	2012-11-03 17:02:54	spastorino	2012-10-30 20:12:23	87	78	9	True	True
8112	spastorino	2012-11-03 17:02:54	spastorino	2012-11-02 02:43:24	5	5	0	True	True
8112	spastorino	2012-11-03 17:02:54	spastorino	2012-11-01 22:23:21	27	22	5	True	True
8112	spastorino	2012-11-03 17:02:54	spastorino	2012-11-02 13:03:18	50	25	25	True	True
8112	spastorino	2012-11-03 17:02:54	spastorino	2012-11-02 22:27:51	46	23	23	True	True
8112	spastorino	2012-11-03 17:02:54	spastorino	2012-11-01 22:02:09	69	48	21	True	True
8108	nertzy	2012-11-02 21:56:47	Daniel Fox, Grant Hutchins & Trace Wax	2012-11-02 21:47:35	23	17	6	True	True
8093	nikitug	2012-11-01 09:04:51	nikitug	2012-11-01 08:59:10	47	46	1	True	True
