pr_number	author_user_login	pr_created_at	commit_user_login	commit_created_at	commit_status_total	commit_status_additions	commit_status_deletions	create_before_pr	is_review_commit
13548	krainboltgreene	2013-12-30 19:35:04	krainboltgreene	2014-04-28 15:37:34	4	0	4	False	True
13548	krainboltgreene	2013-12-30 19:35:04	krainboltgreene	2014-04-28 15:38:37	4	4	0	False	True
13548	krainboltgreene	2013-12-30 19:35:04	krainboltgreene	2013-12-30 19:33:40	60	44	16	True	True
13542	robin850	2013-12-30 17:01:18	robin850	2013-12-30 16:47:11	7	6	1	True	True
13542	robin850	2013-12-30 17:01:18	robin850	2013-12-30 15:56:13	17	15	2	True	True
13538	robin850	2013-12-30 10:44:24	robin850	2013-12-30 10:40:21	12	12	0	True	True
13536	schneems	2013-12-30 02:58:33	schneems	2013-12-30 02:57:55	94	80	14	True	True
13535	schneems	2013-12-30 00:00:11	schneems	2013-12-29 23:56:32	113	79	34	True	True
13534	kuldeepaggarwal	2013-12-29 19:33:29	kuldeepaggarwal	2013-12-29 20:23:02	8	8	0	False	True
13533	kuldeepaggarwal	2013-12-29 18:24:31	kuldeepaggarwal	2013-12-29 19:15:31	18	15	3	False	True
13525	huoxito	2013-12-29 02:57:33	huoxito	2013-12-29 02:46:21	14	12	2	True	True
13517	pftg	2013-12-28 14:27:19	pftg	2013-12-28 14:26:26	4	3	1	True	True
13515	kuldeepaggarwal	2013-12-28 12:04:27	kuldeepaggarwal	2014-02-23 07:40:41	52	40	12	False	True
13512	gsamokovarov	2013-12-27 23:21:15	inopinatus	2013-07-15 01:55:24	59	52	7	True	True
13493	Domon	2013-12-26 10:35:49	Domon	2013-12-26 10:14:38	61	31	30	True	True
13489	barelyknown	2013-12-26 00:22:47	barelyknown	2013-12-26 00:16:18	74	71	3	True	True
13487	harshadsabne	2013-12-25 17:17:56	harshadsabne	2013-12-20 02:23:36	3	1	2	True	True
13483	aditya-kapoor	2013-12-25 13:22:20	aditya-kapoor	2013-12-25 13:20:44	12	6	6	True	True
13474	jdelStrother	2013-12-24 17:27:11	jdelStrother	2013-12-24 17:23:47	15	15	0	True	True
13470	lukaszx0	2013-12-24 16:02:29	lukaszx0	2013-12-24 15:53:10	244	217	27	True	True
13468	aayushkhandelwal11	2013-12-24 12:38:56	aayushkhandelwal11	2013-12-24 14:14:12	37	14	23	False	True
13465	shugo	2013-12-24 05:58:07	shugo	2013-12-24 05:27:52	83	81	2	True	True
13461	JonRowe	2013-12-23 12:43:58	JonRowe	2013-12-23 12:38:03	13	12	1	True	True
13455	pftg	2013-12-22 20:08:14	pftg	2013-12-22 16:18:40	23	22	1	True	True
13451	dmathieu	2013-12-22 16:03:24	dmathieu	2013-12-22 16:00:40	8	7	1	True	True
13450	chancancode	2013-12-22 13:35:36	chancancode	2014-01-25 02:28:05	99	95	4	False	True
13450	chancancode	2013-12-22 13:35:36	chancancode	2014-01-27 09:39:52	116	113	3	False	True
13450	chancancode	2013-12-22 13:35:36	chancancode	2014-01-25 02:05:33	13	11	2	False	True
13449	hpetru	2013-12-22 11:25:04	tenderlove	2014-01-31 19:54:42	2	1	1	False	True
13449	hpetru	2013-12-22 11:25:04	tenderlove	2014-01-31 20:00:54	13	7	6	False	True
13448	chancancode	2013-12-22 11:22:38	chancancode	2013-12-22 11:07:46	25	21	4	True	True
13447	bughit	2013-12-22 10:16:59	Alex Tsukernik	2013-12-22 10:12:38	24	21	3	True	True
13446	kuldeepaggarwal	2013-12-22 08:32:07	kuldeepaggarwal	2013-12-23 11:15:00	10	10	0	False	True
13442	aditya-kapoor	2013-12-21 23:42:17	aditya-kapoor	2013-12-21 23:40:50	27	11	16	True	True
13440	kuldeepaggarwal	2013-12-21 21:47:18	kuldeepaggarwal	2014-03-25 14:57:37	77	74	3	False	True
13436	robin850	2013-12-21 16:47:22	robin850	2013-12-21 13:02:47	8	8	0	True	True
13436	robin850	2013-12-21 16:47:22	robin850	2013-12-21 16:44:43	4	2	2	True	True
13436	robin850	2013-12-21 16:47:22	robin850	2013-12-21 13:49:16	8	8	0	True	True
13434	tanraya	2013-12-21 09:41:41	tanraya	2013-12-21 06:09:52	27	21	6	True	True
13428	kbrock	2013-12-21 04:20:33	kbrock	2014-01-23 13:08:30	137	76	61	False	True
13428	kbrock	2013-12-21 04:20:33	kbrock	2014-01-23 02:33:11	26	12	14	False	True
13428	kbrock	2013-12-21 04:20:33	kbrock	2013-12-21 00:54:12	85	74	11	True	True
13427	schneems	2013-12-21 03:46:30	schneems	2013-11-11 20:56:09	40	40	0	True	True
13419	amrnt	2013-12-20 12:15:27	amrnt	2013-12-20 12:12:59	44	43	1	True	True
13416	stephenprater	2013-12-20 02:15:02	stephenprater	2013-12-19 22:04:47	22	21	1	True	True
13414	britto	2013-12-19 23:42:55	britto	2013-12-16 02:51:35	166	145	21	True	True
13414	britto	2013-12-19 23:42:55	britto	2014-01-09 22:47:14	7	7	0	False	True
13414	britto	2013-12-19 23:42:55	britto	2013-12-22 00:14:07	66	45	21	False	True
13401	akshay-vishnoi	2013-12-19 10:05:27	akshay-vishnoi	2013-12-19 14:05:13	22	13	9	False	True
13397	matthewd	2013-12-19 05:05:42	matthewd	2013-12-18 15:20:15	3	2	1	True	True
13397	matthewd	2013-12-19 05:05:42	matthewd	2013-12-18 15:13:02	48	29	19	True	True
13397	matthewd	2013-12-19 05:05:42	matthewd	2013-12-18 15:21:49	104	65	39	True	True
13397	matthewd	2013-12-19 05:05:42	matthewd	2013-12-18 15:14:37	17	17	0	True	True
13371	vipulnsward	2013-12-18 09:53:16	vipulnsward	2013-12-18 09:52:00	11	11	0	True	True
13370	abhishekjain16	2013-12-18 09:22:07	abhishek	2013-12-18 10:47:11	26	10	16	False	True
13357	taryneast	2013-12-18 00:55:34	taryneast	2013-12-18 00:48:37	8	4	4	True	True
13355	dylanahsmith	2013-12-17 21:49:49	dylanahsmith	2013-12-17 21:02:52	19	18	1	True	True
13353	ccutrer	2013-12-17 18:10:38	ccutrer	2013-12-17 18:01:31	46	40	6	True	True
13350	ccutrer	2013-12-17 16:06:03	ccutrer	2013-12-17 17:10:23	26	25	1	False	True
13346	chancancode	2013-12-17 07:26:14	chancancode	2013-12-17 06:08:58	194	147	47	True	True
13345	jeremy	2013-12-17 04:59:23	jeremy	2013-12-13 03:41:14	171	143	28	True	True
13344	ccutrer	2013-12-17 04:31:30	ccutrer	2013-12-17 04:26:37	27	26	1	True	True
13340	akshay-vishnoi	2013-12-16 20:35:08	akshay-vishnoi	2013-12-18 06:22:54	9	4	5	False	True
13335	glorieux	2013-12-16 11:23:18	glorieux	2013-12-16 11:13:18	27	21	6	True	True
13334	gregolsen	2013-12-16 09:07:39	gregolsen	2013-12-18 21:12:53	31	30	1	False	True
13332	pixeltrix	2013-12-16 05:49:31	pixeltrix	2013-12-16 05:52:58	742	736	6	False	True
13332	pixeltrix	2013-12-16 05:49:31	pixeltrix	2013-12-16 05:52:40	41	23	18	False	True
13332	pixeltrix	2013-12-16 05:49:31	pixeltrix	2013-12-15 20:04:54	8	6	2	True	True
13328	teohm	2013-12-15 06:22:21	teohm	2013-12-15 06:07:34	111	76	35	True	True
13327	TroySK	2013-12-15 06:07:33	TroySK	2013-12-14 05:11:09	8	7	1	True	True
13326	schneems	2013-12-14 21:44:30	schneems	2013-11-11 20:56:09	32	32	0	True	True
13317	nishant-cyro	2013-12-14 07:31:26	nishant-cyro	2013-12-14 08:57:24	3	1	2	False	True
13316	JuanitoFatas	2013-12-14 03:51:39	JuanitoFatas	2013-12-14 11:22:04	20	15	5	False	True
13314	laurocaetano	2013-12-14 00:44:01	laurocaetano	2013-12-14 00:11:39	89	59	30	True	True
13312	arthurnn	2013-12-13 21:10:17	arthurnn	2013-12-13 21:04:46	12	9	3	True	True
13312	arthurnn	2013-12-13 21:10:17	arthurnn	2013-12-14 23:00:17	6	4	2	False	True
13310	mezis	2013-12-13 16:55:04	mezis	2013-12-13 17:58:31	4	2	2	False	True
13310	mezis	2013-12-13 16:55:04	mezis	2013-12-13 16:53:18	24	17	7	True	True
13310	mezis	2013-12-13 16:55:04	mezis	2013-12-13 21:53:42	6	3	3	False	True
13310	mezis	2013-12-13 16:55:04	mezis	2013-12-13 17:32:25	11	8	3	False	True
13310	mezis	2013-12-13 16:55:04	mezis	2013-12-13 17:58:52	15	15	0	False	True
13308	acapilleri	2013-12-13 16:06:25	acapilleri	2013-12-05 16:00:17	48	46	2	True	True
13307	akshay-vishnoi	2013-12-13 14:26:20	akshay-vishnoi	2013-12-15 19:14:37	12	6	6	False	True
13301	ccutrer	2013-12-12 22:16:24	ccutrer	2013-12-12 23:05:18	41	41	0	False	True
13301	ccutrer	2013-12-12 22:16:24	ccutrer	2013-12-12 21:09:26	35	27	8	True	True
13298	guilleiguaran	2013-12-12 16:11:35	guilleiguaran	2013-12-12 19:58:53	12	6	6	False	True
13298	guilleiguaran	2013-12-12 16:11:35	guilleiguaran	2013-12-12 16:07:31	2	1	1	True	True
13298	guilleiguaran	2013-12-12 16:11:35	guilleiguaran	2013-12-10 15:03:40	12	0	12	True	True
13298	guilleiguaran	2013-12-12 16:11:35	guilleiguaran	2013-12-10 14:38:27	9	9	0	True	True
13298	guilleiguaran	2013-12-12 16:11:35	guilleiguaran	2013-12-13 17:47:37	12	12	0	False	True
13298	guilleiguaran	2013-12-12 16:11:35	guilleiguaran	2013-12-12 16:39:15	13	13	0	False	True
13298	guilleiguaran	2013-12-12 16:11:35	guilleiguaran	2013-12-10 15:04:07	66	54	12	True	True
13296	psahni	2013-12-12 14:37:37	psahni	2013-12-13 07:25:38	2	1	1	False	True
13296	psahni	2013-12-12 14:37:37	psahni	2013-12-13 07:16:42	2	1	1	False	True
13296	psahni	2013-12-12 14:37:37	psahni	2013-12-12 13:28:33	2	1	1	True	True
13293	akshay-vishnoi	2013-12-12 13:01:34	akshay-vishnoi	2013-12-12 12:58:34	24	12	12	True	True
13290	lukaszx0	2013-12-12 10:06:01	lukaszx0	2013-12-12 10:02:06	27	27	0	True	True
13285	aayushkhandelwal11	2013-12-12 07:00:32	aayushkhandelwal11	2013-12-12 06:59:27	17	15	2	True	True
13276	aayushkhandelwal11	2013-12-11 14:07:45	aayushkhandelwal11	2013-12-11 14:06:25	3	1	2	True	True
13271	chancancode	2013-12-11 12:59:03	chancancode	2013-12-11 12:57:39	33	33	0	True	True
13268	aayushkhandelwal11	2013-12-11 11:05:21	aayushkhandelwal11	2013-12-11 11:01:20	38	16	22	True	True
13264	laurocaetano	2013-12-11 02:19:16	laurocaetano	2013-12-11 02:05:16	18	16	2	True	True
13251	kuldeepaggarwal	2013-12-10 07:35:18	kuldeepaggarwal	2013-12-10 07:34:17	37	27	10	True	True
13244	kommen	2013-12-09 18:18:23	kommen	2013-12-09 17:52:36	45	45	0	True	True
13236	pftg	2013-12-08 23:25:09	pftg	2013-12-08 23:23:38	24	23	1	True	True
13231	chancancode	2013-12-08 08:40:17	chancancode	2013-12-08 08:35:55	2	1	1	True	True
13229	vipulnsward	2013-12-07 18:58:58	vipulnsward	2013-12-07 18:56:09	19	17	2	True	True
13214	JuanitoFatas	2013-12-06 15:01:09	JuanitoFatas	2013-12-06 18:04:50	18	11	7	False	True
13213	arunagw	2013-12-06 09:27:57	arunagw	2013-12-06 09:26:59	2	1	1	True	True
13209	laurocaetano	2013-12-06 01:47:48	laurocaetano	2013-12-05 23:56:18	46	43	3	True	True
13208	JonRowe	2013-12-06 01:03:35	JonRowe	2013-12-06 00:56:07	20	14	6	True	True
13202	jaredbeck	2013-12-05 17:28:31	jaredbeck	2013-12-05 17:25:57	4	4	0	True	True
13201	marcandre	2013-12-05 17:27:53	marcandre	2013-12-05 17:20:03	27	27	0	True	True
13198	chancancode	2013-12-05 17:04:48	chancancode	2013-12-05 08:41:09	13	12	1	True	True
13195	acapilleri	2013-12-05 16:02:13	acapilleri	2013-12-05 16:00:17	16	14	2	True	True
13190	senny	2013-12-05 11:51:03	senny	2013-12-05 11:46:22	21	21	0	True	True
13188	imanel	2013-12-05 10:10:16	imanel	2013-12-05 11:08:34	35	35	0	False	True
13186	chancancode	2013-12-05 08:50:51	chancancode	2013-12-05 08:41:09	50	42	8	True	True
13181	fluxusfrequency	2013-12-04 20:09:52	fluxusfrequency	2013-12-14 20:28:08	757	568	189	False	True
13181	fluxusfrequency	2013-12-04 20:09:52	fluxusfrequency	2013-12-14 20:27:45	171	87	84	False	True
13172	JuanitoFatas	2013-12-04 17:23:29	JuanitoFatas	2013-12-04 17:22:02	206	100	106	True	True
13169	f1sherman	2013-12-04 16:46:08	f1sherman	2013-11-28 18:50:41	92	88	4	True	True
13168	acapilleri	2013-12-04 15:34:33	acapilleri	2013-12-04 15:56:21	28	27	1	False	True
13166	bogdan	2013-12-04 14:26:06	bogdan	2013-12-04 14:16:11	63	62	1	True	True
13163	fluxusfrequency	2013-12-04 13:51:03	dmitriybudnik	2013-11-21 11:25:16	18	9	9	True	True
13163	fluxusfrequency	2013-12-04 13:51:03	prathamesh-sonpatki	2013-11-20 17:18:08	2	1	1	True	True
13163	fluxusfrequency	2013-12-04 13:51:03	senny	2013-11-20 13:36:58	44	7	37	True	True
13163	fluxusfrequency	2013-12-04 13:51:03	senny	2013-11-21 17:00:40	8	4	4	True	True
13163	fluxusfrequency	2013-12-04 13:51:03	sbagdat	2013-11-20 23:52:09	43	24	19	True	True
13163	fluxusfrequency	2013-12-04 13:51:03	senny	2013-11-20 12:58:09	12	6	6	True	True
13163	fluxusfrequency	2013-12-04 13:51:03	kamipo	2013-11-20 02:42:06	2	1	1	True	True
13163	fluxusfrequency	2013-12-04 13:51:03	rafaelfranca	2013-11-21 19:49:00	2	1	1	True	True
13163	fluxusfrequency	2013-12-04 13:51:03	arunagw	2013-11-21 23:45:51	4	2	2	True	True
13163	fluxusfrequency	2013-12-04 13:51:03	sbagdat	2013-11-22 01:02:57	4	3	1	True	True
13163	fluxusfrequency	2013-12-04 13:51:03	laurocaetano	2013-11-22 00:11:26	25	21	4	True	True
13163	fluxusfrequency	2013-12-04 13:51:03	shreve	2013-11-22 03:18:17	2	1	1	True	True
13163	fluxusfrequency	2013-12-04 13:51:03	tmm1	2013-11-20 22:55:55	2	1	1	True	True
13163	fluxusfrequency	2013-12-04 13:51:03	arunagw	2013-11-22 07:51:12	4	2	2	True	True
13163	fluxusfrequency	2013-12-04 13:51:03	vipulnsward	2013-11-21 19:14:10	2	1	1	True	True
13163	fluxusfrequency	2013-12-04 13:51:03	senny	2013-11-21 17:10:38	12	7	5	True	True
13163	fluxusfrequency	2013-12-04 13:51:03	sikachu	2013-11-09 18:03:28	146	144	2	True	True
13163	fluxusfrequency	2013-12-04 13:51:03	akshay-vishnoi	2013-11-19 12:39:42	38	19	19	True	True
13163	fluxusfrequency	2013-12-04 13:51:03	rafaelfranca	2013-11-20 00:55:19	20	11	9	True	True
13163	fluxusfrequency	2013-12-04 13:51:03	rafaelfranca	2013-11-20 00:51:49	14	7	7	True	True
13163	fluxusfrequency	2013-12-04 13:51:03	rafaelfranca	2013-11-20 00:53:32	2	1	1	True	True
13163	fluxusfrequency	2013-12-04 13:51:03	macmartine	2013-11-19 23:43:20	2	1	1	True	True
13163	fluxusfrequency	2013-12-04 13:51:03	fluxusfrequency	2013-11-19 04:10:21	4	2	2	True	True
13163	fluxusfrequency	2013-12-04 13:51:03	jbaudanza	2013-11-20 01:06:50	2	1	1	True	True
13163	fluxusfrequency	2013-12-04 13:51:03	jonleighton	2013-11-20 21:51:35	68	45	23	True	True
13163	fluxusfrequency	2013-12-04 13:51:03	senny	2013-11-13 16:26:55	52	28	24	True	True
13163	fluxusfrequency	2013-12-04 13:51:03	rafaelfranca	2013-11-19 15:08:06	3	0	3	True	True
13163	fluxusfrequency	2013-12-04 13:51:03	rafaelfranca	2013-11-19 15:07:28	67	16	51	True	True
13163	fluxusfrequency	2013-12-04 13:51:03	senny	2013-11-19 14:33:42	4	2	2	True	True
13163	fluxusfrequency	2013-12-04 13:51:03	senny	2013-11-19 13:16:45	2	1	1	True	True
13157	imanel	2013-12-04 09:49:50	imanel	2013-12-04 10:36:25	41	25	16	False	True
13152	mariovisic	2013-12-04 02:53:39	mariovisic	2013-12-04 02:50:17	7	7	0	True	True
13133	acapilleri	2013-12-02 17:48:26	acapilleri	2013-11-29 11:26:12	23	22	1	True	True
13128	kastiglione	2013-12-01 22:58:02	kastiglione	2013-12-04 05:22:30	2	1	1	False	True
13128	kastiglione	2013-12-01 22:58:02	kastiglione	2013-12-04 19:50:11	17	3	14	False	True
13128	kastiglione	2013-12-01 22:58:02	kastiglione	2013-11-30 23:01:34	43	33	10	True	True
13128	kastiglione	2013-12-01 22:58:02	kastiglione	2013-12-02 18:30:51	4	1	3	False	True
13128	kastiglione	2013-12-01 22:58:02	kastiglione	2013-12-02 18:29:34	24	12	12	False	True
13126	vipulnsward	2013-12-01 20:54:47	vipulnsward	2013-12-01 20:52:56	36	18	18	True	True
13122	andrielfn	2013-12-01 07:46:50	andrielfn	2013-12-01 06:50:21	100	98	2	True	True
