pr_number	author_user_login	pr_created_at	comment_user_login	comment_created_at	is_review_issue_comment
11203	schneems	2013-06-30 22:41:53	carlosantoniodasilva	2013-06-30 22:54:26	True
11198	ryancw	2013-06-30 14:26:18	senny	2014-02-13 13:10:31	True
11198	ryancw	2013-06-30 14:26:18	frodsan	2013-07-02 02:58:51	True
11198	ryancw	2013-06-30 14:26:18	senny	2014-03-17 16:27:10	True
11197	gsamokovarov	2013-06-30 14:07:38	guilleiguaran	2013-12-02 22:02:53	True
11197	gsamokovarov	2013-06-30 14:07:38	rafaelfranca	2013-09-13 16:49:54	True
11197	gsamokovarov	2013-06-30 14:07:38	prathamesh-sonpatki	2013-08-05 17:39:34	True
11197	gsamokovarov	2013-06-30 14:07:38	guilleiguaran	2013-07-01 14:45:30	True
11197	gsamokovarov	2013-06-30 14:07:38	senny	2013-06-30 19:52:12	True
11193	ryan-endacott	2013-06-30 07:04:46	laurocaetano	2014-01-23 23:16:45	True
11193	ryan-endacott	2013-06-30 07:04:46	tashian	2013-09-18 18:59:37	True
11191	ryancw	2013-06-30 00:32:49	pftg	2013-06-30 00:46:49	True
11188	Alamoz	2013-06-29 21:18:43	steveklabnik	2013-07-04 20:30:17	True
11188	Alamoz	2013-06-29 21:18:43	steveklabnik	2013-07-01 09:48:22	True
11188	Alamoz	2013-06-29 21:18:43	arunagw	2013-06-29 21:21:31	True
11187		2013-06-29 20:29:10			False
11186		2013-06-29 20:19:20			False
11183	yangchenyun	2013-06-29 17:35:37	carlosantoniodasilva	2013-06-30 21:46:25	True
11183	yangchenyun	2013-06-29 17:35:37	morgoth	2015-03-30 16:56:31	True
11183	yangchenyun	2013-06-29 17:35:37	rafaelfranca	2013-07-02 18:55:11	True
11183	yangchenyun	2013-06-29 17:35:37	rafaelfranca	2015-01-21 22:07:04	True
11180		2013-06-29 14:08:38			False
11173	davidbalbert	2013-06-29 02:29:45	josevalim	2013-06-29 07:38:28	True
11173	davidbalbert	2013-06-29 02:29:45	rafaelfranca	2015-10-20 21:12:08	True
11173	davidbalbert	2013-06-29 02:29:45	rafaelfranca	2013-06-29 13:46:43	True
11173	davidbalbert	2013-06-29 02:29:45	gsamokovarov	2013-06-30 20:07:02	True
11173	davidbalbert	2013-06-29 02:29:45	tamird	2014-09-24 23:25:22	True
11173	davidbalbert	2013-06-29 02:29:45	gsamokovarov	2013-07-01 16:24:02	True
11173	davidbalbert	2013-06-29 02:29:45	gsamokovarov	2013-07-02 09:54:48	True
11173	davidbalbert	2013-06-29 02:29:45	gsamokovarov	2013-07-01 18:27:28	True
11173	davidbalbert	2013-06-29 02:29:45	thedarkone	2013-07-01 18:02:12	True
11173	davidbalbert	2013-06-29 02:29:45	gsamokovarov	2013-07-01 17:16:53	True
11165	alexbartlow	2013-06-28 13:48:23	carlosantoniodasilva	2013-06-30 21:58:33	True
11165	alexbartlow	2013-06-28 13:48:23	steveklabnik	2013-06-28 14:03:38	True
11165	alexbartlow	2013-06-28 13:48:23	carlosantoniodasilva	2013-06-30 21:56:57	True
11165	alexbartlow	2013-06-28 13:48:23	egilburg	2013-07-05 17:56:22	True
11165	alexbartlow	2013-06-28 13:48:23	senny	2013-06-30 10:31:13	True
11165	alexbartlow	2013-06-28 13:48:23	egilburg	2013-07-05 18:19:49	True
11165	alexbartlow	2013-06-28 13:48:23	rafaelfranca	2013-07-05 18:54:58	True
11165	alexbartlow	2013-06-28 13:48:23	tenderlove	2013-07-05 18:51:16	True
11165	alexbartlow	2013-06-28 13:48:23	rafaelfranca	2013-07-05 18:34:28	True
11163	nfedyashev	2013-06-28 11:30:04	carlosantoniodasilva	2013-06-28 13:01:57	True
11163	nfedyashev	2013-06-28 11:30:04	carlosantoniodasilva	2013-06-28 12:17:05	True
11162	gsamokovarov	2013-06-28 11:20:25	carlosantoniodasilva	2013-06-28 12:13:32	True
11161	dmitry	2013-06-28 11:10:47	carlosantoniodasilva	2013-06-28 12:39:14	True
11160	wangjohn	2013-06-28 09:34:46	steveklabnik	2013-06-28 14:02:53	True
11160	wangjohn	2013-06-28 09:34:46	lukaszx0	2013-06-28 15:29:30	True
11160	wangjohn	2013-06-28 09:34:46	carlosantoniodasilva	2013-06-28 11:53:29	True
11156		2013-06-28 04:04:38			False
11152	senny	2013-06-27 19:50:18	carlosantoniodasilva	2013-06-27 20:28:56	True
11152	senny	2013-06-27 19:50:18	steveklabnik	2013-06-29 09:52:09	True
11152	senny	2013-06-27 19:50:18	rafaelfranca	2013-06-29 09:15:09	True
11143	robin850	2013-06-27 15:35:36	steveklabnik	2013-06-28 11:53:04	True
11138	neerajdotname	2013-06-27 09:51:16	wyaeld	2013-11-24 00:41:27	True
11138	neerajdotname	2013-06-27 09:51:16	sgrif	2014-07-04 21:21:51	True
11138	neerajdotname	2013-06-27 09:51:16	dylanahsmith	2014-04-28 21:08:28	True
11138	neerajdotname	2013-06-27 09:51:16	schneems	2013-06-29 11:43:07	True
11138	neerajdotname	2013-06-27 09:51:16	schneems	2013-06-29 11:26:43	True
11134		2013-06-27 05:50:05			False
11128	edg3r	2013-06-26 19:25:48	senny	2013-06-26 19:56:49	True
11128	edg3r	2013-06-26 19:25:48	senny	2013-06-26 19:56:03	True
11128	edg3r	2013-06-26 19:25:48	senny	2013-06-26 20:25:35	True
11127	pftg	2013-06-26 19:01:56	senny	2013-06-27 19:19:49	True
11127	pftg	2013-06-26 19:01:56	arunagw	2013-06-26 19:05:29	True
11112		2013-06-26 08:23:18			False
11104	drewda	2013-06-25 22:35:55	carlosantoniodasilva	2013-06-25 23:00:28	True
11104	drewda	2013-06-25 22:35:55	arunagw	2013-06-25 22:45:26	True
11104	drewda	2013-06-25 22:35:55	carlosantoniodasilva	2013-06-28 12:19:50	True
11089	acapilleri	2013-06-25 16:05:01	mdemare	2013-06-26 11:12:54	True
11089	acapilleri	2013-06-25 16:05:01	steveklabnik	2013-06-26 19:12:44	True
11089	acapilleri	2013-06-25 16:05:01	steveklabnik	2013-06-25 16:47:29	True
11088		2013-06-25 15:23:01			False
11085	acapilleri	2013-06-25 10:41:17	carlosantoniodasilva	2013-12-03 02:30:57	True
11085	acapilleri	2013-06-25 10:41:17	rafaelfranca	2014-12-29 23:52:54	True
11085	acapilleri	2013-06-25 10:41:17	rafaelfranca	2014-01-02 01:31:50	True
11085	acapilleri	2013-06-25 10:41:17	senny	2013-06-25 11:13:17	True
11079	filipegiusti	2013-06-25 04:36:26	dm1try	2013-10-31 22:15:04	True
11079	filipegiusti	2013-06-25 04:36:26	senny	2013-07-01 19:48:05	True
11071	morcmarc	2013-06-24 11:11:12	rosenfeld	2013-12-18 14:15:59	True
11071	morcmarc	2013-06-24 11:11:12	senny	2013-11-15 11:00:34	True
11071	morcmarc	2013-06-24 11:11:12	schneems	2013-08-15 19:07:08	True
11071	morcmarc	2013-06-24 11:11:12	josevalim	2013-12-18 14:22:51	True
11071	morcmarc	2013-06-24 11:11:12	rosenfeld	2013-12-18 14:23:40	True
11071	morcmarc	2013-06-24 11:11:12	rosenfeld	2013-12-18 14:32:15	True
11071	morcmarc	2013-06-24 11:11:12	rafaelfranca	2015-01-21 21:53:58	True
11071	morcmarc	2013-06-24 11:11:12	rosenfeld	2013-12-18 14:22:25	True
11059	robin850	2013-06-23 09:39:26	steveklabnik	2013-06-23 10:07:07	True
11059	robin850	2013-06-23 09:39:26	senny	2013-06-23 09:51:48	True
11059	robin850	2013-06-23 09:39:26	fxn	2013-07-01 11:15:24	True
11059	robin850	2013-06-23 09:39:26	rafaelfranca	2013-07-09 09:43:55	True
11059	robin850	2013-06-23 09:39:26	egilburg	2013-06-24 07:12:14	True
11059	robin850	2013-06-23 09:39:26	fxn	2013-06-24 07:37:00	True
11059	robin850	2013-06-23 09:39:26	steveklabnik	2013-06-23 10:06:35	True
11059	robin850	2013-06-23 09:39:26	senny	2013-06-23 09:44:44	True
11055	bogdan	2013-06-22 12:17:05	senny	2013-06-22 12:22:29	True
11055	bogdan	2013-06-22 12:17:05	rafaelfranca	2013-09-22 19:18:53	True
11055	bogdan	2013-06-22 12:17:05	acapilleri	2013-06-24 10:08:52	True
11055	bogdan	2013-06-22 12:17:05	senny	2013-06-22 12:18:39	True
11049	neerajdotname	2013-06-21 16:53:34	wangjohn	2013-06-21 17:09:28	True
11047	rajars2576	2013-06-21 12:22:52	rafaelfranca	2013-06-21 13:48:41	True
11047	rajars2576	2013-06-21 12:22:52	carlosantoniodasilva	2013-06-21 15:12:59	True
11044	acapilleri	2013-06-21 09:39:46	joshwlewis	2013-11-21 15:58:17	True
11044	acapilleri	2013-06-21 09:39:46	pivotal-xo	2013-10-28 17:54:40	True
11044	acapilleri	2013-06-21 09:39:46	ragaskar	2013-11-21 15:36:12	True
11044	acapilleri	2013-06-21 09:39:46	joshwlewis	2013-11-20 15:10:07	True
11044	acapilleri	2013-06-21 09:39:46	ragaskar	2013-11-19 15:26:23	True
11044	acapilleri	2013-06-21 09:39:46	aroc	2013-12-04 00:50:52	True
11044	acapilleri	2013-06-21 09:39:46	egilburg	2013-06-21 18:07:09	True
11044	acapilleri	2013-06-21 09:39:46	ragaskar	2013-11-19 15:03:31	True
11044	acapilleri	2013-06-21 09:39:46	carlosantoniodasilva	2013-12-05 21:53:57	True
11044	acapilleri	2013-06-21 09:39:46	chancancode	2013-12-20 10:48:10	True
11032	lukaszx0	2013-06-20 15:40:49	rafaelfranca	2013-06-20 19:41:56	True
11032	lukaszx0	2013-06-20 15:40:49	kaspth	2013-06-20 16:09:57	True
11032	lukaszx0	2013-06-20 15:40:49	rafaelfranca	2013-06-20 16:16:08	True
11032	lukaszx0	2013-06-20 15:40:49	rafaelfranca	2013-06-20 16:41:12	True
11032	lukaszx0	2013-06-20 15:40:49	guilleiguaran	2013-06-20 19:24:34	True
11032	lukaszx0	2013-06-20 15:40:49	drogus	2013-06-20 19:26:47	True
11032	lukaszx0	2013-06-20 15:40:49	carlosantoniodasilva	2013-06-20 19:39:41	True
11032	lukaszx0	2013-06-20 15:40:49	rafaelfranca	2013-06-20 19:41:05	True
11032	lukaszx0	2013-06-20 15:40:49	robin850	2013-06-20 16:59:50	True
11032	lukaszx0	2013-06-20 15:40:49	drogus	2013-06-20 19:43:01	True
11032	lukaszx0	2013-06-20 15:40:49	drogus	2013-06-20 19:43:49	True
11032	lukaszx0	2013-06-20 15:40:49	guilleiguaran	2013-06-20 19:46:29	True
11032	lukaszx0	2013-06-20 15:40:49	robin850	2013-06-20 20:13:08	True
11032	lukaszx0	2013-06-20 15:40:49	drogus	2013-06-20 22:01:57	True
11032	lukaszx0	2013-06-20 15:40:49	drogus	2013-06-20 22:42:32	True
11032	lukaszx0	2013-06-20 15:40:49	guilleiguaran	2013-06-20 19:41:08	True
11019	take	2013-06-20 00:51:33	chapmajs	2013-06-20 02:37:03	True
11019	take	2013-06-20 00:51:33	senny	2013-06-26 05:59:59	True
11019	take	2013-06-20 00:51:33	steveklabnik	2013-06-23 07:23:01	True
11019	take	2013-06-20 00:51:33	steveklabnik	2013-06-23 11:22:46	True
11019	take	2013-06-20 00:51:33	senny	2013-06-23 15:34:30	True
11019	take	2013-06-20 00:51:33	senny	2013-06-26 05:59:08	True
11019	take	2013-06-20 00:51:33	senny	2013-06-26 05:38:56	True
11014	senny	2013-06-19 16:39:45	drogus	2013-06-21 05:47:10	True
11011	fredwu	2013-06-19 13:36:49	josevalim	2013-06-19 13:40:35	True
11011	fredwu	2013-06-19 13:36:49	josevalim	2013-06-19 13:56:33	True
11011	fredwu	2013-06-19 13:36:49	rafaelfranca	2013-06-19 14:07:53	True
11010	fredwu	2013-06-19 13:36:19	josevalim	2013-06-19 15:16:28	True
11000	sbeckeriv	2013-06-18 21:26:11	carlosantoniodasilva	2013-06-25 22:34:53	True
10997	gsamokovarov	2013-06-18 18:47:03	rafaelfranca	2013-11-21 15:38:57	True
10997	gsamokovarov	2013-06-18 18:47:03	mdespuits	2013-06-18 19:38:41	True
10997	gsamokovarov	2013-06-18 18:47:03	mattmacleod	2013-06-21 18:38:51	True
10997	gsamokovarov	2013-06-18 18:47:03	guilleiguaran	2013-10-01 19:28:02	True
10997	gsamokovarov	2013-06-18 18:47:03	pftg	2013-06-18 18:56:29	True
10997	gsamokovarov	2013-06-18 18:47:03	lukaszx0	2013-11-21 15:45:11	True
10997	gsamokovarov	2013-06-18 18:47:03	dmathieu	2013-11-21 15:41:59	True
10997	gsamokovarov	2013-06-18 18:47:03	saulius	2013-11-21 15:34:06	True
10996	mdespuits	2013-06-18 17:58:51	rafaelfranca	2013-06-18 19:56:24	True
10996	mdespuits	2013-06-18 17:58:51	egilburg	2013-06-18 18:09:38	True
10996	mdespuits	2013-06-18 17:58:51	steveklabnik	2013-07-04 20:13:27	True
10996	mdespuits	2013-06-18 17:58:51	rafaelfranca	2013-07-09 09:51:40	True
10996	mdespuits	2013-06-18 17:58:51	steveklabnik	2013-06-22 06:08:21	True
10996	mdespuits	2013-06-18 17:58:51	melekes	2013-06-20 08:17:50	True
10996	mdespuits	2013-06-18 17:58:51	egilburg	2013-06-18 20:50:24	True
10991	neerajdotname	2013-06-18 09:29:04	senny	2013-06-18 17:38:43	True
10991	neerajdotname	2013-06-18 09:29:04	senny	2013-06-19 09:04:53	True
10991	neerajdotname	2013-06-18 09:29:04	senny	2013-06-18 18:09:52	True
10988		2013-06-18 07:18:49			False
10970	sbagdat	2013-06-17 00:23:22	senny	2013-06-17 08:58:01	True
10970	sbagdat	2013-06-17 00:23:22	senny	2013-06-17 05:44:19	True
10961		2013-06-15 23:35:40			False
10949		2013-06-14 21:41:27			False
10942	yangchenyun	2013-06-14 06:41:25	senny	2013-06-14 11:27:52	True
10939	tovodeverett	2013-06-13 20:20:57	senny	2014-12-30 09:45:51	True
10939	tovodeverett	2013-06-13 20:20:57	matthewd	2014-12-30 14:51:22	True
10939	tovodeverett	2013-06-13 20:20:57	senny	2013-09-30 13:47:19	True
10939	tovodeverett	2013-06-13 20:20:57	senny	2013-09-06 06:16:50	True
10939	tovodeverett	2013-06-13 20:20:57	senny	2013-09-05 12:23:08	True
10930	samn	2013-06-12 21:34:09	pixeltrix	2013-06-13 11:53:02	True
10930	samn	2013-06-12 21:34:09	egilburg	2013-06-13 06:10:27	True
10920	alexbartlow	2013-06-12 07:05:30	carlosantoniodasilva	2013-06-25 23:22:42	True
10920	alexbartlow	2013-06-12 07:05:30	schneems	2013-06-13 21:19:16	True
10920	alexbartlow	2013-06-12 07:05:30	senny	2013-06-19 10:34:21	True
10920	alexbartlow	2013-06-12 07:05:30	josevalim	2013-06-12 07:10:31	True
10915		2013-06-11 20:44:39			False
10912	Bertg	2013-06-11 11:02:57	butsjoh	2013-06-24 10:16:58	True
10912	Bertg	2013-06-11 11:02:57	neerajdotname	2013-06-17 02:00:32	True
10912	Bertg	2013-06-11 11:02:57	senny	2013-07-12 08:39:32	True
10912	Bertg	2013-06-11 11:02:57	neerajdotname	2013-06-17 06:59:53	True
10912	Bertg	2013-06-11 11:02:57	carlosantoniodasilva	2013-06-26 14:09:55	True
10912	Bertg	2013-06-11 11:02:57	josevalim	2013-07-16 17:46:18	True
10912	Bertg	2013-06-11 11:02:57	carlosantoniodasilva	2013-06-25 23:30:52	True
10903	rajars2576	2013-06-10 08:20:20	carlosantoniodasilva	2013-06-10 18:09:54	True
10903	rajars2576	2013-06-10 08:20:20	schneems	2013-06-18 18:42:51	True
10903	rajars2576	2013-06-10 08:20:20	rafaelfranca	2013-06-21 13:49:29	True
10902		2013-06-10 07:19:52			False
10901	armstrjare	2013-06-10 04:13:10	senny	2013-06-22 10:11:17	True
10901	armstrjare	2013-06-10 04:13:10	senny	2013-06-19 10:19:25	True
10898	dmitry	2013-06-09 17:44:07	sikachu	2013-06-14 20:14:28	True
10898	dmitry	2013-06-09 17:44:07	sikachu	2013-06-14 20:14:45	True
10887	sakuro	2013-06-08 10:07:45	kelvinst	2013-07-30 20:35:04	True
10887	sakuro	2013-06-08 10:07:45	steveklabnik	2013-06-08 20:13:16	True
10887	sakuro	2013-06-08 10:07:45	gastonmorixe	2013-07-16 08:57:39	True
10887	sakuro	2013-06-08 10:07:45	WilliamDenniss	2013-07-30 15:24:18	True
10887	sakuro	2013-06-08 10:07:45	rickmzp	2013-07-30 20:15:58	True
10887	sakuro	2013-06-08 10:07:45	jjbohn	2013-11-12 21:43:41	True
10887	sakuro	2013-06-08 10:07:45	wcamarao	2013-07-31 17:47:48	True
10887	sakuro	2013-06-08 10:07:45	ceneon	2013-11-14 15:47:58	True
10887	sakuro	2013-06-08 10:07:45	chab	2013-11-22 09:50:06	True
10887	sakuro	2013-06-08 10:07:45	fukayatsu	2013-12-03 07:16:35	True
10887	sakuro	2013-06-08 10:07:45	rsl	2014-02-04 16:03:01	True
10887	sakuro	2013-06-08 10:07:45	ghost	2014-02-06 11:09:59	True
10887	sakuro	2013-06-08 10:07:45	tiagoefmoraes	2013-08-22 20:24:36	True
10887	sakuro	2013-06-08 10:07:45	gtd	2013-11-25 13:04:19	True
10886	wangjohn	2013-06-08 05:07:25	jonleighton	2013-06-08 10:14:56	True
10884	dmarkow	2013-06-07 22:46:31	senny	2013-06-19 09:15:37	True
10884	dmarkow	2013-06-07 22:46:31	senny	2013-06-19 15:41:29	True
10884	dmarkow	2013-06-07 22:46:31	senny	2013-06-19 16:11:02	True
10872	AJ-Acevedo	2013-06-07 06:41:08	steveklabnik	2013-06-07 22:31:52	True
10872	AJ-Acevedo	2013-06-07 06:41:08	steveklabnik	2013-06-07 06:59:23	True
10860	ka8725	2013-06-05 23:03:46	steveklabnik	2013-06-05 23:12:52	True
10860	ka8725	2013-06-05 23:03:46	arunagw	2013-06-05 23:22:22	True
10860	ka8725	2013-06-05 23:03:46	arunagw	2013-06-05 23:37:20	True
10860	ka8725	2013-06-05 23:03:46	karabitski	2013-06-06 09:20:39	True
10860	ka8725	2013-06-05 23:03:46	arunagw	2013-06-06 16:45:36	True
10860	ka8725	2013-06-05 23:03:46	carlosantoniodasilva	2013-06-06 15:53:55	True
10852	ka8725	2013-06-05 11:15:15	thedarkone	2013-06-06 10:34:11	True
10852	ka8725	2013-06-05 11:15:15	goshacmd	2013-06-05 11:25:28	True
10852	ka8725	2013-06-05 11:15:15	carlosantoniodasilva	2013-06-05 12:08:02	True
10852	ka8725	2013-06-05 11:15:15	thedarkone	2013-06-05 14:05:29	True
10852	ka8725	2013-06-05 11:15:15	thedarkone	2013-06-06 09:21:57	True
10852	ka8725	2013-06-05 11:15:15	steveklabnik	2013-06-06 10:35:30	True
10846	rajcybage	2013-06-05 05:59:10	arunagw	2013-06-10 08:02:05	True
10846	rajcybage	2013-06-05 05:59:10	arunagw	2013-06-10 09:28:22	True
10846	rajcybage	2013-06-05 05:59:10	arunagw	2013-06-07 13:18:24	True
10836	kennyj	2013-06-04 12:12:18	907th	2013-06-04 20:40:59	True
10833	hone	2013-06-04 08:57:02	carlosantoniodasilva	2013-06-04 12:35:56	True
10829	ionutliviu	2013-06-04 00:53:44	rafaelfranca	2013-10-13 20:15:48	True
10829	ionutliviu	2013-06-04 00:53:44	rafaelfranca	2013-10-13 04:55:06	True
10829	ionutliviu	2013-06-04 00:53:44	arunagw	2013-10-11 13:49:24	True
10829	ionutliviu	2013-06-04 00:53:44	rafaelfranca	2013-06-04 00:57:11	True
10829	ionutliviu	2013-06-04 00:53:44	rafaelfranca	2013-10-13 20:59:22	True
10828	southpolesteve	2013-06-03 21:30:58	senny	2013-06-15 12:29:18	True
10828	southpolesteve	2013-06-03 21:30:58	rafaelfranca	2013-06-15 13:59:06	True
10828	southpolesteve	2013-06-03 21:30:58	fxn	2013-06-15 21:50:44	True
10828	southpolesteve	2013-06-03 21:30:58	senny	2013-06-26 20:20:06	True
10828	southpolesteve	2013-06-03 21:30:58	carlosantoniodasilva	2013-06-26 00:12:11	True
10822	gaurish	2013-06-02 13:00:04	nishantmodak	2013-07-21 19:56:42	True
10822	gaurish	2013-06-02 13:00:04	fxn	2013-09-24 17:55:08	True
10822	gaurish	2013-06-02 13:00:04	tenderlove	2013-09-24 17:17:30	True
10822	gaurish	2013-06-02 13:00:04	fxn	2013-09-24 17:10:32	True
10822	gaurish	2013-06-02 13:00:04	tenderlove	2013-09-24 17:06:35	True
10822	gaurish	2013-06-02 13:00:04	fxn	2013-09-24 07:57:47	True
10822	gaurish	2013-06-02 13:00:04	steveklabnik	2013-06-02 18:07:43	True
10822	gaurish	2013-06-02 13:00:04	fxn	2013-06-22 14:03:27	True
10822	gaurish	2013-06-02 13:00:04	fxn	2013-06-15 21:46:17	True
10822	gaurish	2013-06-02 13:00:04	senny	2013-06-15 12:01:47	True
10822	gaurish	2013-06-02 13:00:04	fxn	2013-06-02 17:08:35	True
10822	gaurish	2013-06-02 13:00:04	steveklabnik	2013-06-02 16:42:41	True
10821		2013-06-02 00:22:11			False
10819	rovermicrover	2013-06-01 21:12:40	ptn	2013-06-01 22:17:35	True
10816	bogdan	2013-06-01 10:41:50	rafaelfranca	2013-06-04 01:01:08	True
10816	bogdan	2013-06-01 10:41:50	rafaelfranca	2013-09-23 14:02:22	True
10816	bogdan	2013-06-01 10:41:50	guilleiguaran	2013-06-02 22:43:42	True
10816	bogdan	2013-06-01 10:41:50	egilburg	2013-06-01 11:24:21	True
10816	bogdan	2013-06-01 10:41:50	rafaelfranca	2013-09-22 19:28:01	True
10816	bogdan	2013-06-01 10:41:50	rafaelfranca	2013-06-01 14:31:19	True
10814	kennyj	2013-06-01 05:12:12	rafaelfranca	2013-06-01 14:07:04	True
10814	kennyj	2013-06-01 05:12:12	egilburg	2013-06-01 06:57:05	True
