pr_number	author_user_login	pr_created_at	review_user_login	review_created_at	filename	create_before_pr	has_issue_comment	has_review_comment	has_commit
26008	kalrover	2016-07-31 12:39:26	nassredean	2016-09-06 14:31:31	activerecord/lib/active_record/connection_adapters/postgresql_adapter.rb	True	True	True	True
26008	kalrover	2016-07-31 12:39:26	bdewater	2016-08-02 07:35:09	activerecord/lib/active_record/connection_adapters/postgresql_adapter.rb	True	True	True	True
26003	darkbaby123	2016-07-31 07:15:10	kaspth	2016-08-07 15:05:48	actionpack/test/controller/integration_test.rb	True	True	True	True
26003	darkbaby123	2016-07-31 07:15:10	kaspth	2016-08-07 15:05:48	actionpack/lib/action_dispatch/testing/integration.rb	True	True	True	True
26003	darkbaby123	2016-07-31 07:15:10	kaspth	2016-08-07 15:05:48	actionpack/CHANGELOG.md	True	True	True	True
26003	darkbaby123	2016-07-31 07:15:10	kaspth	2016-08-02 18:47:13	actionpack/test/controller/integration_test.rb	True	True	True	True
26003	darkbaby123	2016-07-31 07:15:10	kaspth	2016-08-02 18:47:13	actionpack/lib/action_dispatch/testing/integration.rb	True	True	True	True
26003	darkbaby123	2016-07-31 07:15:10	kaspth	2016-08-02 18:47:13	actionpack/CHANGELOG.md	True	True	True	True
26003	darkbaby123	2016-07-31 07:15:10	kaspth	2016-08-02 18:46:17	actionpack/test/controller/integration_test.rb	True	True	True	True
26003	darkbaby123	2016-07-31 07:15:10	kaspth	2016-08-02 18:46:17	actionpack/lib/action_dispatch/testing/integration.rb	True	True	True	True
26003	darkbaby123	2016-07-31 07:15:10	kaspth	2016-08-02 18:46:17	actionpack/CHANGELOG.md	True	True	True	True
25999	kamipo	2016-07-31 04:16:11	rafaelfranca	2016-08-17 03:13:48	activerecord/lib/active_record/querying.rb	True	False	True	True
25999	kamipo	2016-07-31 04:16:11	rafaelfranca	2016-08-17 03:13:48	activerecord/CHANGELOG.md	True	False	True	True
25999	kamipo	2016-07-31 04:16:11	rafaelfranca	2016-08-17 03:13:48	activerecord/lib/active_record/sanitization.rb	True	False	True	True
25997	kamipo	2016-07-30 18:22:21	matthewd	2016-07-30 20:10:01	activerecord/test/cases/calculations_test.rb	True	True	True	True
25997	kamipo	2016-07-30 18:22:21	matthewd	2016-07-30 20:10:01	activerecord/lib/active_record/relation/finder_methods.rb	True	True	True	True
25991	dhh	2016-07-29 20:55:19	kaspth	2016-07-29 21:31:27	activerecord/lib/active_record/connection_adapters/abstract/connection_pool.rb	False	True	True	True
25991	dhh	2016-07-29 20:55:19	kaspth	2016-07-29 21:31:27	activejob/lib/active_job/exceptions.rb	False	True	True	True
25991	dhh	2016-07-29 20:55:19	kaspth	2016-07-29 21:31:27	activejob/test/cases/exceptions_test.rb	False	True	True	True
25991	dhh	2016-07-29 20:55:19	kaspth	2016-07-29 21:31:27	activejob/test/jobs/retry_job.rb	False	True	True	True
25991	dhh	2016-07-29 20:55:19	kaspth	2016-07-29 21:31:27	actionpack/lib/action_controller/metal/strong_parameters.rb	False	True	True	True
25991	dhh	2016-07-29 20:55:19	kaspth	2016-07-29 21:31:27	actionpack/test/controller/parameters/serialization_test.rb	False	True	True	True
25991	dhh	2016-07-29 20:55:19	kaspth	2016-07-29 21:31:27	guides/source/command_line.md	False	True	True	True
25991	dhh	2016-07-29 20:55:19	kaspth	2016-07-29 21:31:27	activesupport/test/core_ext/object/exclusion_test.rb	False	True	True	True
25991	dhh	2016-07-29 20:55:19	kaspth	2016-07-29 21:31:27	activerecord/lib/active_record/connection_adapters/abstract/schema_statements.rb	False	True	True	True
25991	dhh	2016-07-29 20:55:19	kaspth	2016-07-29 21:31:27	activerecord/lib/active_record/null_relation.rb	False	True	True	True
25991	dhh	2016-07-29 20:55:19	kaspth	2016-07-29 21:22:03	activesupport/lib/active_support/core_ext/object.rb	False	True	True	True
25991	dhh	2016-07-29 20:55:19	kaspth	2016-07-29 21:31:27	activesupport/CHANGELOG.md	False	True	True	True
25991	dhh	2016-07-29 20:55:19	kaspth	2016-07-29 21:31:27	activesupport/lib/active_support/core_ext/object.rb	False	True	True	True
25991	dhh	2016-07-29 20:55:19	kaspth	2016-07-29 21:31:27	activesupport/lib/active_support/core_ext/object/exclusion.rb	False	True	True	True
25991	dhh	2016-07-29 20:55:19	kaspth	2016-07-29 21:31:27	activejob/test/cases/exceptions_test.rb	True	True	True	True
25991	dhh	2016-07-29 20:55:19	kaspth	2016-07-29 21:31:27	activejob/test/jobs/retry_job.rb	True	True	True	True
25991	dhh	2016-07-29 20:55:19	kaspth	2016-07-29 21:22:03	railties/test/railties/engine_test.rb	False	True	True	True
25991	dhh	2016-07-29 20:55:19	kaspth	2016-07-29 21:31:27	activejob/lib/active_job/exceptions.rb	True	True	True	True
25991	dhh	2016-07-29 20:55:19	kaspth	2016-07-29 21:31:27	activejob/lib/active_job/enqueuing.rb	True	True	True	True
25991	dhh	2016-07-29 20:55:19	kaspth	2016-07-29 21:31:27	activejob/lib/active_job/core.rb	True	True	True	True
25991	dhh	2016-07-29 20:55:19	kaspth	2016-07-29 21:31:27	activejob/lib/active_job/base.rb	True	True	True	True
25991	dhh	2016-07-29 20:55:19	kaspth	2016-07-29 21:22:03	activejob/lib/active_job/execution.rb	False	True	True	True
25991	dhh	2016-07-29 20:55:19	kaspth	2016-07-29 21:22:03	activejob/lib/active_job/core.rb	False	True	True	True
25991	dhh	2016-07-29 20:55:19	kaspth	2016-07-29 21:22:03	activejob/CHANGELOG.md	False	True	True	True
25991	dhh	2016-07-29 20:55:19	kaspth	2016-07-29 21:22:03	railties/lib/rails/generators/app_base.rb	False	True	True	True
25991	dhh	2016-07-29 20:55:19	kaspth	2016-07-29 21:22:03	railties/lib/rails/application/configuration.rb	False	True	True	True
25991	dhh	2016-07-29 20:55:19	kaspth	2016-07-29 21:22:03	guides/source/debugging_rails_applications.md	False	True	True	True
25991	dhh	2016-07-29 20:55:19	kaspth	2016-07-29 21:22:03	guides/source/configuring.md	False	True	True	True
25991	dhh	2016-07-29 20:55:19	kaspth	2016-07-29 21:22:03	guides/source/command_line.md	False	True	True	True
25991	dhh	2016-07-29 20:55:19	kaspth	2016-07-29 21:22:03	guides/source/active_support_core_extensions.md	False	True	True	True
25991	dhh	2016-07-29 20:55:19	kaspth	2016-07-29 21:22:03	activesupport/test/core_ext/object/exclusion_test.rb	False	True	True	True
25991	dhh	2016-07-29 20:55:19	kaspth	2016-07-29 21:22:03	activesupport/lib/active_support/core_ext/object/exclusion.rb	False	True	True	True
25991	dhh	2016-07-29 20:55:19	kaspth	2016-07-29 21:31:27	guides/source/active_support_core_extensions.md	False	True	True	True
25991	dhh	2016-07-29 20:55:19	matthewd	2016-07-29 21:59:52	guides/source/debugging_rails_applications.md	False	True	True	True
25991	dhh	2016-07-29 20:55:19	kaspth	2016-07-29 21:31:27	guides/source/configuring.md	False	True	True	True
25991	dhh	2016-07-29 20:55:19	matthewd	2016-07-29 21:59:52	guides/source/active_support_core_extensions.md	False	True	True	True
25991	dhh	2016-07-29 20:55:19	matthewd	2016-07-29 21:59:52	activerecord/lib/active_record/connection_adapters/abstract/schema_statements.rb	False	True	True	True
25991	dhh	2016-07-29 20:55:19	matthewd	2016-07-29 21:59:52	activerecord/lib/active_record/null_relation.rb	False	True	True	True
25991	dhh	2016-07-29 20:55:19	matthewd	2016-07-29 21:59:52	activesupport/CHANGELOG.md	False	True	True	True
25991	dhh	2016-07-29 20:55:19	matthewd	2016-07-29 21:59:52	activesupport/lib/active_support/core_ext/object.rb	False	True	True	True
25991	dhh	2016-07-29 20:55:19	matthewd	2016-07-29 21:59:52	activesupport/lib/active_support/core_ext/object/exclusion.rb	False	True	True	True
25991	dhh	2016-07-29 20:55:19	matthewd	2016-07-29 21:59:52	activesupport/test/core_ext/object/exclusion_test.rb	False	True	True	True
25991	dhh	2016-07-29 20:55:19	matthewd	2016-07-29 21:59:52	guides/source/command_line.md	False	True	True	True
25991	dhh	2016-07-29 20:55:19	matthewd	2016-07-29 21:59:52	actionpack/test/controller/parameters/serialization_test.rb	False	True	True	True
25991	dhh	2016-07-29 20:55:19	matthewd	2016-07-29 21:59:52	guides/source/configuring.md	False	True	True	True
25991	dhh	2016-07-29 20:55:19	kaspth	2016-07-29 21:22:03	activerecord/lib/active_record/null_relation.rb	False	True	True	True
25991	dhh	2016-07-29 20:55:19	matthewd	2016-07-29 21:59:52	railties/lib/rails/application/configuration.rb	False	True	True	True
25991	dhh	2016-07-29 20:55:19	matthewd	2016-07-29 21:59:52	railties/lib/rails/generators/app_base.rb	False	True	True	True
25991	dhh	2016-07-29 20:55:19	matthewd	2016-07-29 21:59:52	railties/test/railties/engine_test.rb	False	True	True	True
25991	dhh	2016-07-29 20:55:19	matthewd	2016-07-29 21:59:52	activejob/CHANGELOG.md	False	True	True	True
25991	dhh	2016-07-29 20:55:19	matthewd	2016-07-29 21:59:52	activerecord/lib/active_record/connection_adapters/abstract/connection_pool.rb	False	True	True	True
25991	dhh	2016-07-29 20:55:19	matthewd	2016-07-29 21:59:52	actionpack/lib/action_controller/metal/strong_parameters.rb	False	True	True	True
25991	dhh	2016-07-29 20:55:19	kaspth	2016-07-29 21:31:27	guides/source/debugging_rails_applications.md	False	True	True	True
25991	dhh	2016-07-29 20:55:19	matthewd	2016-07-29 21:59:52	activejob/lib/active_job/base.rb	True	True	True	True
25991	dhh	2016-07-29 20:55:19	kaspth	2016-07-29 21:31:27	railties/lib/rails/application/configuration.rb	False	True	True	True
25991	dhh	2016-07-29 20:55:19	kaspth	2016-07-29 21:31:27	railties/lib/rails/generators/app_base.rb	False	True	True	True
25991	dhh	2016-07-29 20:55:19	kaspth	2016-07-29 21:31:27	railties/test/railties/engine_test.rb	False	True	True	True
25991	dhh	2016-07-29 20:55:19	kaspth	2016-07-29 21:31:27	activejob/CHANGELOG.md	False	True	True	True
25991	dhh	2016-07-29 20:55:19	kaspth	2016-07-29 21:31:27	activejob/lib/active_job/core.rb	False	True	True	True
25991	dhh	2016-07-29 20:55:19	kaspth	2016-07-29 21:31:27	activejob/lib/active_job/execution.rb	False	True	True	True
25991	dhh	2016-07-29 20:55:19	matthewd	2016-07-29 21:59:52	activejob/lib/active_job/core.rb	True	True	True	True
25991	dhh	2016-07-29 20:55:19	matthewd	2016-07-29 21:59:52	activejob/test/jobs/retry_job.rb	False	True	True	True
25991	dhh	2016-07-29 20:55:19	matthewd	2016-07-29 21:59:52	activejob/lib/active_job/enqueuing.rb	True	True	True	True
25991	dhh	2016-07-29 20:55:19	matthewd	2016-07-29 21:59:52	activejob/lib/active_job/exceptions.rb	True	True	True	True
25991	dhh	2016-07-29 20:55:19	matthewd	2016-07-29 21:59:52	activejob/test/cases/exceptions_test.rb	True	True	True	True
25991	dhh	2016-07-29 20:55:19	matthewd	2016-07-29 21:59:52	activejob/test/jobs/retry_job.rb	True	True	True	True
25991	dhh	2016-07-29 20:55:19	matthewd	2016-07-29 21:59:52	activejob/lib/active_job/exceptions.rb	False	True	True	True
25991	dhh	2016-07-29 20:55:19	matthewd	2016-07-29 21:59:52	activejob/test/cases/exceptions_test.rb	False	True	True	True
25991	dhh	2016-07-29 20:55:19	kaspth	2016-07-29 21:22:03	activesupport/CHANGELOG.md	False	True	True	True
25991	dhh	2016-07-29 20:55:19	kaspth	2016-07-29 21:21:14	activerecord/lib/active_record/connection_adapters/abstract/connection_pool.rb	False	True	True	True
25991	dhh	2016-07-29 20:55:19	kaspth	2016-07-29 21:22:03	activerecord/lib/active_record/connection_adapters/abstract/schema_statements.rb	False	True	True	True
25991	dhh	2016-07-29 20:55:19	kaspth	2016-07-29 21:19:38	railties/lib/rails/generators/app_base.rb	False	True	True	True
25991	dhh	2016-07-29 20:55:19	kaspth	2016-07-29 21:19:38	activesupport/test/core_ext/object/exclusion_test.rb	False	True	True	True
25991	dhh	2016-07-29 20:55:19	kaspth	2016-07-29 21:19:38	guides/source/active_support_core_extensions.md	False	True	True	True
25991	dhh	2016-07-29 20:55:19	kaspth	2016-07-29 21:19:38	guides/source/command_line.md	False	True	True	True
25991	dhh	2016-07-29 20:55:19	kaspth	2016-07-29 21:19:38	guides/source/configuring.md	False	True	True	True
25991	dhh	2016-07-29 20:55:19	kaspth	2016-07-29 21:19:38	guides/source/debugging_rails_applications.md	False	True	True	True
25991	dhh	2016-07-29 20:55:19	kaspth	2016-07-29 21:19:38	railties/lib/rails/application/configuration.rb	False	True	True	True
25991	dhh	2016-07-29 20:55:19	kaspth	2016-07-29 21:19:38	railties/test/railties/engine_test.rb	False	True	True	True
25991	dhh	2016-07-29 20:55:19	kaspth	2016-07-29 21:19:38	activesupport/lib/active_support/core_ext/object.rb	False	True	True	True
25991	dhh	2016-07-29 20:55:19	kaspth	2016-07-29 21:19:38	activejob/CHANGELOG.md	False	True	True	True
25991	dhh	2016-07-29 20:55:19	kaspth	2016-07-29 21:19:38	activejob/lib/active_job/core.rb	False	True	True	True
25991	dhh	2016-07-29 20:55:19	kaspth	2016-07-29 21:19:38	activejob/lib/active_job/execution.rb	False	True	True	True
25991	dhh	2016-07-29 20:55:19	kaspth	2016-07-29 21:21:14	activejob/lib/active_job/base.rb	True	True	True	True
25991	dhh	2016-07-29 20:55:19	kaspth	2016-07-29 21:21:14	activejob/lib/active_job/core.rb	True	True	True	True
25991	dhh	2016-07-29 20:55:19	kaspth	2016-07-29 21:21:14	activejob/lib/active_job/enqueuing.rb	True	True	True	True
25991	dhh	2016-07-29 20:55:19	kaspth	2016-07-29 21:19:38	activesupport/lib/active_support/core_ext/object/exclusion.rb	False	True	True	True
25991	dhh	2016-07-29 20:55:19	kaspth	2016-07-29 21:19:38	activesupport/CHANGELOG.md	False	True	True	True
25991	dhh	2016-07-29 20:55:19	kaspth	2016-07-29 21:22:03	activerecord/lib/active_record/connection_adapters/abstract/connection_pool.rb	False	True	True	True
25991	dhh	2016-07-29 20:55:19	kaspth	2016-07-29 21:19:38	activejob/test/jobs/retry_job.rb	True	True	True	True
25991	dhh	2016-07-29 20:55:19	matthewd	2016-07-29 21:59:52	activejob/lib/active_job/execution.rb	False	True	True	True
25991	dhh	2016-07-29 20:55:19	kaspth	2016-07-29 21:19:38	activejob/lib/active_job/base.rb	True	True	True	True
25991	dhh	2016-07-29 20:55:19	kaspth	2016-07-29 21:19:38	activejob/lib/active_job/core.rb	True	True	True	True
25991	dhh	2016-07-29 20:55:19	kaspth	2016-07-29 21:19:38	activejob/lib/active_job/enqueuing.rb	True	True	True	True
25991	dhh	2016-07-29 20:55:19	kaspth	2016-07-29 21:19:38	activejob/lib/active_job/exceptions.rb	True	True	True	True
25991	dhh	2016-07-29 20:55:19	kaspth	2016-07-29 21:19:38	activejob/test/cases/exceptions_test.rb	True	True	True	True
25991	dhh	2016-07-29 20:55:19	kaspth	2016-07-29 21:19:38	activejob/lib/active_job/exceptions.rb	False	True	True	True
25991	dhh	2016-07-29 20:55:19	kaspth	2016-07-29 21:19:38	activerecord/lib/active_record/null_relation.rb	False	True	True	True
25991	dhh	2016-07-29 20:55:19	kaspth	2016-07-29 21:19:38	activejob/test/cases/exceptions_test.rb	False	True	True	True
25991	dhh	2016-07-29 20:55:19	kaspth	2016-07-29 21:19:38	activejob/test/jobs/retry_job.rb	False	True	True	True
25991	dhh	2016-07-29 20:55:19	kaspth	2016-07-29 21:19:38	actionpack/lib/action_controller/metal/strong_parameters.rb	False	True	True	True
25991	dhh	2016-07-29 20:55:19	kaspth	2016-07-29 21:19:38	actionpack/test/controller/parameters/serialization_test.rb	False	True	True	True
25991	dhh	2016-07-29 20:55:19	kaspth	2016-07-29 21:19:38	activerecord/lib/active_record/connection_adapters/abstract/connection_pool.rb	False	True	True	True
25991	dhh	2016-07-29 20:55:19	kaspth	2016-07-29 21:19:38	activerecord/lib/active_record/connection_adapters/abstract/schema_statements.rb	False	True	True	True
25991	dhh	2016-07-29 20:55:19	kaspth	2016-07-29 21:21:14	activejob/lib/active_job/exceptions.rb	True	True	True	True
25991	dhh	2016-07-29 20:55:19	kaspth	2016-07-29 21:21:14	activejob/test/cases/exceptions_test.rb	True	True	True	True
25991	dhh	2016-07-29 20:55:19	kaspth	2016-07-29 21:21:14	activejob/test/jobs/retry_job.rb	True	True	True	True
25991	dhh	2016-07-29 20:55:19	kaspth	2016-07-29 21:22:03	activejob/lib/active_job/exceptions.rb	True	True	True	True
25991	dhh	2016-07-29 20:55:19	kaspth	2016-07-29 21:21:14	activejob/CHANGELOG.md	False	True	True	True
25991	dhh	2016-07-29 20:55:19	kaspth	2016-07-29 21:21:14	activejob/lib/active_job/core.rb	False	True	True	True
25991	dhh	2016-07-29 20:55:19	kaspth	2016-07-29 21:21:14	activejob/lib/active_job/execution.rb	False	True	True	True
25991	dhh	2016-07-29 20:55:19	kaspth	2016-07-29 21:22:03	activejob/lib/active_job/base.rb	True	True	True	True
25991	dhh	2016-07-29 20:55:19	kaspth	2016-07-29 21:22:03	activejob/lib/active_job/core.rb	True	True	True	True
25991	dhh	2016-07-29 20:55:19	kaspth	2016-07-29 21:22:03	activejob/lib/active_job/enqueuing.rb	True	True	True	True
25991	dhh	2016-07-29 20:55:19	kaspth	2016-07-29 21:22:03	activejob/test/cases/exceptions_test.rb	True	True	True	True
25991	dhh	2016-07-29 20:55:19	kaspth	2016-07-29 21:21:14	activejob/lib/active_job/exceptions.rb	False	True	True	True
25991	dhh	2016-07-29 20:55:19	kaspth	2016-07-29 21:22:03	activejob/test/jobs/retry_job.rb	True	True	True	True
25991	dhh	2016-07-29 20:55:19	kaspth	2016-07-29 21:22:03	activejob/lib/active_job/exceptions.rb	False	True	True	True
25991	dhh	2016-07-29 20:55:19	kaspth	2016-07-29 21:22:03	activejob/test/cases/exceptions_test.rb	False	True	True	True
25991	dhh	2016-07-29 20:55:19	kaspth	2016-07-29 21:22:03	activejob/test/jobs/retry_job.rb	False	True	True	True
25991	dhh	2016-07-29 20:55:19	kaspth	2016-07-29 21:22:03	actionpack/lib/action_controller/metal/strong_parameters.rb	False	True	True	True
25991	dhh	2016-07-29 20:55:19	kaspth	2016-07-29 21:22:03	actionpack/test/controller/parameters/serialization_test.rb	False	True	True	True
25991	dhh	2016-07-29 20:55:19	kaspth	2016-07-29 21:21:14	railties/test/railties/engine_test.rb	False	True	True	True
25991	dhh	2016-07-29 20:55:19	kaspth	2016-07-29 21:21:14	railties/lib/rails/generators/app_base.rb	False	True	True	True
25991	dhh	2016-07-29 20:55:19	kaspth	2016-07-29 21:21:14	railties/lib/rails/application/configuration.rb	False	True	True	True
25991	dhh	2016-07-29 20:55:19	kaspth	2016-07-29 21:21:14	guides/source/debugging_rails_applications.md	False	True	True	True
25991	dhh	2016-07-29 20:55:19	kaspth	2016-07-29 21:21:14	guides/source/configuring.md	False	True	True	True
25991	dhh	2016-07-29 20:55:19	kaspth	2016-07-29 21:21:14	guides/source/command_line.md	False	True	True	True
25991	dhh	2016-07-29 20:55:19	kaspth	2016-07-29 21:21:14	guides/source/active_support_core_extensions.md	False	True	True	True
25991	dhh	2016-07-29 20:55:19	kaspth	2016-07-29 21:21:14	activesupport/test/core_ext/object/exclusion_test.rb	False	True	True	True
25991	dhh	2016-07-29 20:55:19	kaspth	2016-07-29 21:21:14	activesupport/lib/active_support/core_ext/object/exclusion.rb	False	True	True	True
25991	dhh	2016-07-29 20:55:19	kaspth	2016-07-29 21:21:14	activesupport/lib/active_support/core_ext/object.rb	False	True	True	True
25991	dhh	2016-07-29 20:55:19	kaspth	2016-07-29 21:21:14	activesupport/CHANGELOG.md	False	True	True	True
25991	dhh	2016-07-29 20:55:19	kaspth	2016-07-29 21:21:14	activerecord/lib/active_record/null_relation.rb	False	True	True	True
25991	dhh	2016-07-29 20:55:19	kaspth	2016-07-29 21:21:14	activerecord/lib/active_record/connection_adapters/abstract/schema_statements.rb	False	True	True	True
25991	dhh	2016-07-29 20:55:19	kaspth	2016-07-29 21:21:14	actionpack/test/controller/parameters/serialization_test.rb	False	True	True	True
25991	dhh	2016-07-29 20:55:19	kaspth	2016-07-29 21:21:14	actionpack/lib/action_controller/metal/strong_parameters.rb	False	True	True	True
25991	dhh	2016-07-29 20:55:19	kaspth	2016-07-29 21:21:14	activejob/test/jobs/retry_job.rb	False	True	True	True
25991	dhh	2016-07-29 20:55:19	kaspth	2016-07-29 21:21:14	activejob/test/cases/exceptions_test.rb	False	True	True	True
25991	dhh	2016-07-29 20:55:19	matthewd	2016-07-29 21:59:52	activejob/lib/active_job/core.rb	False	True	True	True
25991	dhh	2016-07-29 20:55:19	matthewd	2016-07-29 22:24:25	activejob/test/jobs/retry_job.rb	False	True	True	True
25991	dhh	2016-07-29 20:55:19	matthewd	2016-07-29 22:02:49	activejob/lib/active_job/base.rb	True	True	True	True
25991	dhh	2016-07-29 20:55:19	rafaelfranca	2016-07-29 21:14:25	activerecord/lib/active_record/null_relation.rb	False	True	True	True
25991	dhh	2016-07-29 20:55:19	rafaelfranca	2016-07-29 21:14:25	activejob/test/cases/exceptions_test.rb	False	True	True	True
25991	dhh	2016-07-29 20:55:19	rafaelfranca	2016-07-29 21:14:25	activejob/test/jobs/retry_job.rb	False	True	True	True
25991	dhh	2016-07-29 20:55:19	rafaelfranca	2016-07-29 21:14:25	actionpack/lib/action_controller/metal/strong_parameters.rb	False	True	True	True
25991	dhh	2016-07-29 20:55:19	rafaelfranca	2016-07-29 21:14:25	actionpack/test/controller/parameters/serialization_test.rb	False	True	True	True
25991	dhh	2016-07-29 20:55:19	rafaelfranca	2016-07-29 21:14:25	activerecord/lib/active_record/connection_adapters/abstract/connection_pool.rb	False	True	True	True
25991	dhh	2016-07-29 20:55:19	rafaelfranca	2016-07-29 21:14:25	activerecord/lib/active_record/connection_adapters/abstract/schema_statements.rb	False	True	True	True
25991	dhh	2016-07-29 20:55:19	rafaelfranca	2016-07-29 21:14:25	activesupport/CHANGELOG.md	False	True	True	True
25991	dhh	2016-07-29 20:55:19	rafaelfranca	2016-07-29 21:14:25	activejob/test/jobs/retry_job.rb	True	True	True	True
25991	dhh	2016-07-29 20:55:19	rafaelfranca	2016-07-29 21:14:25	activesupport/lib/active_support/core_ext/object.rb	False	True	True	True
25991	dhh	2016-07-29 20:55:19	rafaelfranca	2016-07-29 21:14:25	activesupport/lib/active_support/core_ext/object/exclusion.rb	False	True	True	True
25991	dhh	2016-07-29 20:55:19	rafaelfranca	2016-07-29 21:14:25	activesupport/test/core_ext/object/exclusion_test.rb	False	True	True	True
25991	dhh	2016-07-29 20:55:19	rafaelfranca	2016-07-29 21:14:25	guides/source/active_support_core_extensions.md	False	True	True	True
25991	dhh	2016-07-29 20:55:19	rafaelfranca	2016-07-29 21:14:25	guides/source/command_line.md	False	True	True	True
25991	dhh	2016-07-29 20:55:19	rafaelfranca	2016-07-29 21:14:25	guides/source/configuring.md	False	True	True	True
25991	dhh	2016-07-29 20:55:19	rafaelfranca	2016-07-29 21:14:25	activejob/lib/active_job/exceptions.rb	False	True	True	True
25991	dhh	2016-07-29 20:55:19	rafaelfranca	2016-07-29 21:14:25	activejob/test/cases/exceptions_test.rb	True	True	True	True
25991	dhh	2016-07-29 20:55:19	matthewd	2016-07-29 22:24:25	activesupport/lib/active_support/core_ext/object.rb	False	True	True	True
25991	dhh	2016-07-29 20:55:19	matthewd	2016-07-29 22:24:25	railties/lib/rails/generators/app_base.rb	False	True	True	True
25991	dhh	2016-07-29 20:55:19	matthewd	2016-07-29 22:24:25	activesupport/test/core_ext/object/exclusion_test.rb	False	True	True	True
25991	dhh	2016-07-29 20:55:19	matthewd	2016-07-29 22:24:25	guides/source/active_support_core_extensions.md	False	True	True	True
25991	dhh	2016-07-29 20:55:19	matthewd	2016-07-29 22:24:25	guides/source/command_line.md	False	True	True	True
25991	dhh	2016-07-29 20:55:19	matthewd	2016-07-29 22:24:25	guides/source/configuring.md	False	True	True	True
25991	dhh	2016-07-29 20:55:19	matthewd	2016-07-29 22:24:25	guides/source/debugging_rails_applications.md	False	True	True	True
25991	dhh	2016-07-29 20:55:19	matthewd	2016-07-29 22:24:25	railties/lib/rails/application/configuration.rb	False	True	True	True
25991	dhh	2016-07-29 20:55:19	matthewd	2016-07-29 22:24:25	railties/test/railties/engine_test.rb	False	True	True	True
25991	dhh	2016-07-29 20:55:19	rafaelfranca	2016-07-29 21:14:25	activejob/lib/active_job/exceptions.rb	True	True	True	True
25991	dhh	2016-07-29 20:55:19	matthewd	2016-07-29 22:24:25	activejob/CHANGELOG.md	False	True	True	True
25991	dhh	2016-07-29 20:55:19	matthewd	2016-07-29 22:24:25	activejob/lib/active_job/core.rb	False	True	True	True
25991	dhh	2016-07-29 20:55:19	matthewd	2016-07-29 22:24:25	activejob/lib/active_job/execution.rb	False	True	True	True
25991	dhh	2016-07-29 20:55:19	rafaelfranca	2016-07-29 21:14:25	activejob/lib/active_job/base.rb	True	True	True	True
25991	dhh	2016-07-29 20:55:19	rafaelfranca	2016-07-29 21:14:25	activejob/lib/active_job/core.rb	True	True	True	True
25991	dhh	2016-07-29 20:55:19	rafaelfranca	2016-07-29 21:14:25	activejob/lib/active_job/enqueuing.rb	True	True	True	True
25991	dhh	2016-07-29 20:55:19	rafaelfranca	2016-07-29 21:14:25	guides/source/debugging_rails_applications.md	False	True	True	True
25991	dhh	2016-07-29 20:55:19	rafaelfranca	2016-07-29 21:14:25	railties/lib/rails/application/configuration.rb	False	True	True	True
25991	dhh	2016-07-29 20:55:19	rafaelfranca	2016-07-29 21:14:25	railties/lib/rails/generators/app_base.rb	False	True	True	True
25991	dhh	2016-07-29 20:55:19	kaspth	2016-07-29 21:13:43	guides/source/configuring.md	False	True	True	True
25991	dhh	2016-07-29 20:55:19	kaspth	2016-07-29 21:13:43	activesupport/CHANGELOG.md	False	True	True	True
25991	dhh	2016-07-29 20:55:19	kaspth	2016-07-29 21:13:43	activesupport/lib/active_support/core_ext/object.rb	False	True	True	True
25991	dhh	2016-07-29 20:55:19	kaspth	2016-07-29 21:13:43	activesupport/lib/active_support/core_ext/object/exclusion.rb	False	True	True	True
25991	dhh	2016-07-29 20:55:19	matthewd	2016-07-29 22:02:49	activejob/lib/active_job/core.rb	True	True	True	True
25991	dhh	2016-07-29 20:55:19	kaspth	2016-07-29 21:13:43	guides/source/active_support_core_extensions.md	False	True	True	True
25991	dhh	2016-07-29 20:55:19	kaspth	2016-07-29 21:13:43	guides/source/command_line.md	False	True	True	True
25991	dhh	2016-07-29 20:55:19	kaspth	2016-07-29 21:13:43	guides/source/debugging_rails_applications.md	False	True	True	True
25991	dhh	2016-07-29 20:55:19	rafaelfranca	2016-07-29 21:14:25	railties/test/railties/engine_test.rb	False	True	True	True
25991	dhh	2016-07-29 20:55:19	kaspth	2016-07-29 21:13:43	railties/lib/rails/application/configuration.rb	False	True	True	True
25991	dhh	2016-07-29 20:55:19	kaspth	2016-07-29 21:13:43	railties/lib/rails/generators/app_base.rb	False	True	True	True
25991	dhh	2016-07-29 20:55:19	kaspth	2016-07-29 21:13:43	railties/test/railties/engine_test.rb	False	True	True	True
25991	dhh	2016-07-29 20:55:19	kaspth	2016-07-29 21:13:43	activejob/CHANGELOG.md	False	True	True	True
25991	dhh	2016-07-29 20:55:19	kaspth	2016-07-29 21:13:43	activejob/lib/active_job/core.rb	False	True	True	True
25991	dhh	2016-07-29 20:55:19	kaspth	2016-07-29 21:13:43	activejob/lib/active_job/execution.rb	False	True	True	True
25991	dhh	2016-07-29 20:55:19	kaspth	2016-07-29 21:13:43	activerecord/lib/active_record/null_relation.rb	False	True	True	True
25991	dhh	2016-07-29 20:55:19	kaspth	2016-07-29 21:13:43	activerecord/lib/active_record/connection_adapters/abstract/schema_statements.rb	False	True	True	True
25991	dhh	2016-07-29 20:55:19	kaspth	2016-07-29 21:13:43	activerecord/lib/active_record/connection_adapters/abstract/connection_pool.rb	False	True	True	True
25991	dhh	2016-07-29 20:55:19	kaspth	2016-07-29 21:13:43	actionpack/test/controller/parameters/serialization_test.rb	False	True	True	True
25991	dhh	2016-07-29 20:55:19	kaspth	2016-07-29 21:13:43	actionpack/lib/action_controller/metal/strong_parameters.rb	False	True	True	True
25991	dhh	2016-07-29 20:55:19	kaspth	2016-07-29 21:13:43	activejob/test/jobs/retry_job.rb	False	True	True	True
25991	dhh	2016-07-29 20:55:19	kaspth	2016-07-29 21:13:43	activejob/test/cases/exceptions_test.rb	False	True	True	True
25991	dhh	2016-07-29 20:55:19	kaspth	2016-07-29 21:13:43	activejob/lib/active_job/exceptions.rb	False	True	True	True
25991	dhh	2016-07-29 20:55:19	kaspth	2016-07-29 21:13:43	activejob/test/jobs/retry_job.rb	True	True	True	True
25991	dhh	2016-07-29 20:55:19	kaspth	2016-07-29 21:13:43	activejob/test/cases/exceptions_test.rb	True	True	True	True
25991	dhh	2016-07-29 20:55:19	kaspth	2016-07-29 21:13:43	activejob/lib/active_job/exceptions.rb	True	True	True	True
25991	dhh	2016-07-29 20:55:19	kaspth	2016-07-29 21:13:43	activejob/lib/active_job/enqueuing.rb	True	True	True	True
25991	dhh	2016-07-29 20:55:19	kaspth	2016-07-29 21:13:43	activejob/lib/active_job/core.rb	True	True	True	True
25991	dhh	2016-07-29 20:55:19	kaspth	2016-07-29 21:13:43	activejob/lib/active_job/base.rb	True	True	True	True
25991	dhh	2016-07-29 20:55:19	rafaelfranca	2016-07-29 21:14:25	activejob/lib/active_job/execution.rb	False	True	True	True
25991	dhh	2016-07-29 20:55:19	rafaelfranca	2016-07-29 21:14:25	activejob/lib/active_job/core.rb	False	True	True	True
25991	dhh	2016-07-29 20:55:19	rafaelfranca	2016-07-29 21:14:25	activejob/CHANGELOG.md	False	True	True	True
25991	dhh	2016-07-29 20:55:19	matthewd	2016-07-29 22:24:25	activesupport/lib/active_support/core_ext/object/exclusion.rb	False	True	True	True
25991	dhh	2016-07-29 20:55:19	kaspth	2016-07-29 21:13:43	activesupport/test/core_ext/object/exclusion_test.rb	False	True	True	True
25991	dhh	2016-07-29 20:55:19	matthewd	2016-07-29 22:24:25	activesupport/CHANGELOG.md	False	True	True	True
25991	dhh	2016-07-29 20:55:19	matthewd	2016-07-29 22:02:49	activejob/lib/active_job/core.rb	False	True	True	True
25991	dhh	2016-07-29 20:55:19	matthewd	2016-07-29 22:02:49	guides/source/configuring.md	False	True	True	True
25991	dhh	2016-07-29 20:55:19	matthewd	2016-07-29 22:02:49	guides/source/debugging_rails_applications.md	False	True	True	True
25991	dhh	2016-07-29 20:55:19	matthewd	2016-07-29 22:02:49	railties/lib/rails/application/configuration.rb	False	True	True	True
25991	dhh	2016-07-29 20:55:19	matthewd	2016-07-29 22:24:25	activerecord/lib/active_record/null_relation.rb	False	True	True	True
25991	dhh	2016-07-29 20:55:19	matthewd	2016-07-29 22:02:49	railties/test/railties/engine_test.rb	False	True	True	True
25991	dhh	2016-07-29 20:55:19	matthewd	2016-07-29 22:02:49	activejob/CHANGELOG.md	False	True	True	True
25991	dhh	2016-07-29 20:55:19	matthewd	2016-07-29 22:02:49	activejob/lib/active_job/execution.rb	False	True	True	True
25991	dhh	2016-07-29 20:55:19	matthewd	2016-07-29 22:02:49	guides/source/active_support_core_extensions.md	False	True	True	True
25991	dhh	2016-07-29 20:55:19	matthewd	2016-07-29 22:21:35	activejob/lib/active_job/base.rb	True	True	True	True
25991	dhh	2016-07-29 20:55:19	matthewd	2016-07-29 22:21:35	activejob/lib/active_job/core.rb	True	True	True	True
25991	dhh	2016-07-29 20:55:19	matthewd	2016-07-29 22:21:35	activejob/lib/active_job/enqueuing.rb	True	True	True	True
25991	dhh	2016-07-29 20:55:19	matthewd	2016-07-29 22:21:35	activejob/lib/active_job/exceptions.rb	True	True	True	True
25991	dhh	2016-07-29 20:55:19	matthewd	2016-07-29 22:21:35	activejob/test/cases/exceptions_test.rb	True	True	True	True
25991	dhh	2016-07-29 20:55:19	matthewd	2016-07-29 22:21:35	activejob/test/jobs/retry_job.rb	True	True	True	True
25991	dhh	2016-07-29 20:55:19	matthewd	2016-07-29 22:02:49	guides/source/command_line.md	False	True	True	True
25991	dhh	2016-07-29 20:55:19	matthewd	2016-07-29 22:02:49	activesupport/test/core_ext/object/exclusion_test.rb	False	True	True	True
25991	dhh	2016-07-29 20:55:19	matthewd	2016-07-29 22:21:35	activejob/test/cases/exceptions_test.rb	False	True	True	True
25991	dhh	2016-07-29 20:55:19	matthewd	2016-07-29 22:02:49	activejob/test/jobs/retry_job.rb	False	True	True	True
25991	dhh	2016-07-29 20:55:19	matthewd	2016-07-29 22:02:49	activejob/lib/active_job/enqueuing.rb	True	True	True	True
25991	dhh	2016-07-29 20:55:19	matthewd	2016-07-29 22:02:49	activejob/lib/active_job/exceptions.rb	True	True	True	True
25991	dhh	2016-07-29 20:55:19	matthewd	2016-07-29 22:02:49	activejob/test/cases/exceptions_test.rb	True	True	True	True
25991	dhh	2016-07-29 20:55:19	matthewd	2016-07-29 22:02:49	activejob/test/jobs/retry_job.rb	True	True	True	True
25991	dhh	2016-07-29 20:55:19	matthewd	2016-07-29 22:02:49	activejob/lib/active_job/exceptions.rb	False	True	True	True
25991	dhh	2016-07-29 20:55:19	matthewd	2016-07-29 22:02:49	activejob/test/cases/exceptions_test.rb	False	True	True	True
25991	dhh	2016-07-29 20:55:19	matthewd	2016-07-29 22:02:49	actionpack/lib/action_controller/metal/strong_parameters.rb	False	True	True	True
25991	dhh	2016-07-29 20:55:19	matthewd	2016-07-29 22:02:49	activesupport/lib/active_support/core_ext/object/exclusion.rb	False	True	True	True
25991	dhh	2016-07-29 20:55:19	matthewd	2016-07-29 22:02:49	actionpack/test/controller/parameters/serialization_test.rb	False	True	True	True
25991	dhh	2016-07-29 20:55:19	matthewd	2016-07-29 22:02:49	activerecord/lib/active_record/connection_adapters/abstract/connection_pool.rb	False	True	True	True
25991	dhh	2016-07-29 20:55:19	matthewd	2016-07-29 22:02:49	activerecord/lib/active_record/connection_adapters/abstract/schema_statements.rb	False	True	True	True
25991	dhh	2016-07-29 20:55:19	matthewd	2016-07-29 22:02:49	activerecord/lib/active_record/null_relation.rb	False	True	True	True
25991	dhh	2016-07-29 20:55:19	matthewd	2016-07-29 22:02:49	activesupport/CHANGELOG.md	False	True	True	True
25991	dhh	2016-07-29 20:55:19	matthewd	2016-07-29 22:02:49	activesupport/lib/active_support/core_ext/object.rb	False	True	True	True
25991	dhh	2016-07-29 20:55:19	matthewd	2016-07-29 22:21:35	activejob/lib/active_job/exceptions.rb	False	True	True	True
25991	dhh	2016-07-29 20:55:19	matthewd	2016-07-29 22:02:49	railties/lib/rails/generators/app_base.rb	False	True	True	True
25991	dhh	2016-07-29 20:55:19	matthewd	2016-07-29 22:21:35	activejob/test/jobs/retry_job.rb	False	True	True	True
25991	dhh	2016-07-29 20:55:19	matthewd	2016-07-29 22:21:35	activejob/CHANGELOG.md	False	True	True	True
25991	dhh	2016-07-29 20:55:19	matthewd	2016-07-29 22:24:25	activerecord/lib/active_record/connection_adapters/abstract/schema_statements.rb	False	True	True	True
25991	dhh	2016-07-29 20:55:19	matthewd	2016-07-29 22:24:25	activerecord/lib/active_record/connection_adapters/abstract/connection_pool.rb	False	True	True	True
25991	dhh	2016-07-29 20:55:19	matthewd	2016-07-29 22:24:25	actionpack/test/controller/parameters/serialization_test.rb	False	True	True	True
25991	dhh	2016-07-29 20:55:19	matthewd	2016-07-29 22:21:35	actionpack/lib/action_controller/metal/strong_parameters.rb	False	True	True	True
25991	dhh	2016-07-29 20:55:19	matthewd	2016-07-29 22:24:25	activejob/test/cases/exceptions_test.rb	False	True	True	True
25991	dhh	2016-07-29 20:55:19	matthewd	2016-07-29 22:24:25	activejob/lib/active_job/exceptions.rb	False	True	True	True
25991	dhh	2016-07-29 20:55:19	matthewd	2016-07-29 22:24:25	activejob/test/jobs/retry_job.rb	True	True	True	True
25991	dhh	2016-07-29 20:55:19	matthewd	2016-07-29 22:24:25	activejob/test/cases/exceptions_test.rb	True	True	True	True
25991	dhh	2016-07-29 20:55:19	matthewd	2016-07-29 22:24:25	activejob/lib/active_job/exceptions.rb	True	True	True	True
25991	dhh	2016-07-29 20:55:19	matthewd	2016-07-29 22:24:25	activejob/lib/active_job/enqueuing.rb	True	True	True	True
25991	dhh	2016-07-29 20:55:19	matthewd	2016-07-29 22:24:25	activejob/lib/active_job/core.rb	True	True	True	True
25991	dhh	2016-07-29 20:55:19	matthewd	2016-07-29 22:24:25	activejob/lib/active_job/base.rb	True	True	True	True
25991	dhh	2016-07-29 20:55:19	matthewd	2016-07-29 22:21:35	activejob/lib/active_job/execution.rb	False	True	True	True
25991	dhh	2016-07-29 20:55:19	matthewd	2016-07-29 22:21:35	activejob/lib/active_job/core.rb	False	True	True	True
25991	dhh	2016-07-29 20:55:19	matthewd	2016-07-29 22:24:25	actionpack/lib/action_controller/metal/strong_parameters.rb	False	True	True	True
25991	dhh	2016-07-29 20:55:19	matthewd	2016-07-29 22:21:35	railties/test/railties/engine_test.rb	False	True	True	True
25991	dhh	2016-07-29 20:55:19	matthewd	2016-07-29 22:21:35	activesupport/lib/active_support/core_ext/object/exclusion.rb	False	True	True	True
25991	dhh	2016-07-29 20:55:19	matthewd	2016-07-29 22:21:35	actionpack/test/controller/parameters/serialization_test.rb	False	True	True	True
25991	dhh	2016-07-29 20:55:19	matthewd	2016-07-29 22:21:35	activerecord/lib/active_record/connection_adapters/abstract/connection_pool.rb	False	True	True	True
25991	dhh	2016-07-29 20:55:19	matthewd	2016-07-29 22:21:35	activerecord/lib/active_record/connection_adapters/abstract/schema_statements.rb	False	True	True	True
25991	dhh	2016-07-29 20:55:19	matthewd	2016-07-29 22:21:35	activerecord/lib/active_record/null_relation.rb	False	True	True	True
25991	dhh	2016-07-29 20:55:19	matthewd	2016-07-29 22:21:35	activesupport/CHANGELOG.md	False	True	True	True
25991	dhh	2016-07-29 20:55:19	matthewd	2016-07-29 22:21:35	activesupport/lib/active_support/core_ext/object.rb	False	True	True	True
25991	dhh	2016-07-29 20:55:19	matthewd	2016-07-29 22:21:35	activesupport/test/core_ext/object/exclusion_test.rb	False	True	True	True
25991	dhh	2016-07-29 20:55:19	matthewd	2016-07-29 22:21:35	guides/source/active_support_core_extensions.md	False	True	True	True
25991	dhh	2016-07-29 20:55:19	matthewd	2016-07-29 22:21:35	guides/source/command_line.md	False	True	True	True
25991	dhh	2016-07-29 20:55:19	matthewd	2016-07-29 22:21:35	guides/source/configuring.md	False	True	True	True
25991	dhh	2016-07-29 20:55:19	matthewd	2016-07-29 22:21:35	guides/source/debugging_rails_applications.md	False	True	True	True
25991	dhh	2016-07-29 20:55:19	matthewd	2016-07-29 22:21:35	railties/lib/rails/application/configuration.rb	False	True	True	True
25991	dhh	2016-07-29 20:55:19	matthewd	2016-07-29 22:21:35	railties/lib/rails/generators/app_base.rb	False	True	True	True
25989	kamipo	2016-07-29 15:06:58	rafaelfranca	2016-08-17 03:15:38	activerecord/lib/active_record/associations/collection_proxy.rb	False	False	True	True
25989	kamipo	2016-07-29 15:06:58	rafaelfranca	2016-08-17 03:15:38	activerecord/lib/active_record/associations/collection_association.rb	False	False	True	True
25980	lorint	2016-07-29 00:21:56	prathamesh-sonpatki	2016-07-29 03:16:48	railties/CHANGELOG.md	True	True	True	True
25980	lorint	2016-07-29 00:21:56	prathamesh-sonpatki	2016-07-29 03:16:48	railties/test/commands/server_test.rb	True	True	True	True
25980	lorint	2016-07-29 00:21:56	prathamesh-sonpatki	2016-07-29 03:16:48	railties/test/commands/server_test.rb	False	True	True	True
25980	lorint	2016-07-29 00:21:56	prathamesh-sonpatki	2016-07-29 03:16:48	actioncable/lib/action_cable/engine.rb	True	True	True	True
25980	lorint	2016-07-29 00:21:56	prathamesh-sonpatki	2016-07-29 03:16:48	railties/test/server_helpers.rb	True	True	True	True
25980	lorint	2016-07-29 00:21:56	prathamesh-sonpatki	2016-07-29 03:16:48	railties/test/config.ru	True	True	True	True
25980	lorint	2016-07-29 00:21:56	prathamesh-sonpatki	2016-07-29 03:24:21	railties/test/commands/server_test.rb	True	True	True	True
25980	lorint	2016-07-29 00:21:56	prathamesh-sonpatki	2016-07-29 03:24:21	railties/test/commands/server_test.rb	False	True	True	True
25980	lorint	2016-07-29 00:21:56	prathamesh-sonpatki	2016-07-29 03:24:21	railties/CHANGELOG.md	True	True	True	True
25980	lorint	2016-07-29 00:21:56	prathamesh-sonpatki	2016-07-29 03:24:21	railties/test/config.ru	True	True	True	True
25980	lorint	2016-07-29 00:21:56	prathamesh-sonpatki	2016-07-29 03:24:21	railties/test/server_helpers.rb	True	True	True	True
25980	lorint	2016-07-29 00:21:56	prathamesh-sonpatki	2016-07-29 03:24:21	actioncable/lib/action_cable/engine.rb	True	True	True	True
25968	bendilley	2016-07-27 17:21:19	sgrif	2016-07-27 17:25:21	actionview/lib/action_view/helpers/cache_helper.rb	True	True	True	True
25962	ysksn	2016-07-27 08:49:24	rafaelfranca	2016-07-27 23:42:08	actioncable/test/stubs/test_server.rb	True	False	True	True
25962	ysksn	2016-07-27 08:49:24	rafaelfranca	2016-07-27 23:45:44	actioncable/test/stubs/test_server.rb	True	False	True	True
25962	ysksn	2016-07-27 08:49:24	rafaelfranca	2016-07-27 23:45:44	actioncable/test/remote_connections_test.rb	True	False	True	True
25962	ysksn	2016-07-27 08:49:24	rafaelfranca	2016-07-28 13:31:02	actioncable/test/stubs/test_server.rb	True	False	True	True
25962	ysksn	2016-07-27 08:49:24	rafaelfranca	2016-07-28 13:31:02	actioncable/test/remote_connections_test.rb	True	False	True	True
25962	ysksn	2016-07-27 08:49:24	rafaelfranca	2016-07-27 23:38:30	actioncable/test/remote_connections_test.rb	True	False	True	True
25962	ysksn	2016-07-27 08:49:24	rafaelfranca	2016-07-27 23:42:08	actioncable/test/remote_connections_test.rb	True	False	True	True
25962	ysksn	2016-07-27 08:49:24	rafaelfranca	2016-07-27 23:38:30	actioncable/test/stubs/test_server.rb	True	False	True	True
25962	ysksn	2016-07-27 08:49:24	rafaelfranca	2016-07-27 23:41:28	actioncable/test/stubs/test_server.rb	True	False	True	True
25962	ysksn	2016-07-27 08:49:24	rafaelfranca	2016-07-27 23:41:28	actioncable/test/remote_connections_test.rb	True	False	True	True
25962	ysksn	2016-07-27 08:49:24	rafaelfranca	2016-07-27 23:42:19	actioncable/test/remote_connections_test.rb	True	False	True	True
25962	ysksn	2016-07-27 08:49:24	rafaelfranca	2016-07-27 23:42:19	actioncable/test/stubs/test_server.rb	True	False	True	True
25962	ysksn	2016-07-27 08:49:24	rafaelfranca	2016-07-27 23:45:18	actioncable/test/remote_connections_test.rb	True	False	True	True
25962	ysksn	2016-07-27 08:49:24	rafaelfranca	2016-07-27 23:41:58	actioncable/test/remote_connections_test.rb	True	False	True	True
25962	ysksn	2016-07-27 08:49:24	rafaelfranca	2016-07-27 23:37:22	actioncable/test/stubs/test_server.rb	True	False	True	True
25962	ysksn	2016-07-27 08:49:24	rafaelfranca	2016-07-27 23:37:22	actioncable/test/remote_connections_test.rb	True	False	True	True
25962	ysksn	2016-07-27 08:49:24	rafaelfranca	2016-07-27 23:41:58	actioncable/test/stubs/test_server.rb	True	False	True	True
25962	ysksn	2016-07-27 08:49:24	rafaelfranca	2016-07-27 23:45:18	actioncable/test/stubs/test_server.rb	True	False	True	True
25962	ysksn	2016-07-27 08:49:24	rafaelfranca	2016-07-27 23:40:56	actioncable/test/stubs/test_server.rb	True	False	True	True
25962	ysksn	2016-07-27 08:49:24	rafaelfranca	2016-07-27 23:39:35	actioncable/test/stubs/test_server.rb	True	False	True	True
25962	ysksn	2016-07-27 08:49:24	rafaelfranca	2016-07-27 23:39:35	actioncable/test/remote_connections_test.rb	True	False	True	True
25962	ysksn	2016-07-27 08:49:24	rafaelfranca	2016-07-27 23:40:56	actioncable/test/remote_connections_test.rb	True	False	True	True
25961	kelhusseiny	2016-07-26 22:00:54	rafaelfranca	2016-07-27 23:51:17	activejob/test/jobs/provider_jid_job.rb	True	True	True	True
25961	kelhusseiny	2016-07-26 22:00:54	rafaelfranca	2016-07-27 23:51:17	activejob/test/integration/queuing_test.rb	True	True	True	True
25961	kelhusseiny	2016-07-26 22:00:54	rafaelfranca	2016-07-27 23:51:17	activejob/lib/active_job/queue_adapters/sidekiq_adapter.rb	True	True	True	True
25961	kelhusseiny	2016-07-26 22:00:54	rafaelfranca	2016-07-27 23:51:17	activejob/lib/active_job/core.rb	True	True	True	True
25952	harfangk	2016-07-25 18:33:15	prathamesh-sonpatki	2016-07-26 03:33:57	guides/source/getting_started.md	True	True	True	True
25930	mechanicles	2016-07-23 11:51:53	prathamesh-sonpatki	2016-07-23 11:56:46	guides/source/caching_with_rails.md	True	True	True	True
25930	mechanicles	2016-07-23 11:51:53	vipulnsward	2016-08-09 08:17:07	guides/source/caching_with_rails.md	True	True	True	True
25930	mechanicles	2016-07-23 11:51:53	vipulnsward	2016-08-09 08:16:03	guides/source/caching_with_rails.md	True	True	True	True
25930	mechanicles	2016-07-23 11:51:53	vipulnsward	2016-08-09 08:21:31	guides/source/caching_with_rails.md	True	True	True	True
25930	mechanicles	2016-07-23 11:51:53	robin850	2016-08-09 12:22:13	guides/source/caching_with_rails.md	True	True	True	True
25930	mechanicles	2016-07-23 11:51:53	vipulnsward	2016-08-09 08:24:28	guides/source/caching_with_rails.md	True	True	True	True
25930	mechanicles	2016-07-23 11:51:53	prathamesh-sonpatki	2016-07-23 11:56:29	guides/source/caching_with_rails.md	True	True	True	True
25928	mechanicles	2016-07-23 04:06:25	prathamesh-sonpatki	2016-07-23 12:33:12	guides/source/caching_with_rails.md	True	False	True	True
25919	benpickles	2016-07-22 10:15:22	robin850	2016-07-26 11:40:57	railties/lib/rails/generators/app_base.rb	True	True	True	True
25919	benpickles	2016-07-22 10:15:22	robin850	2016-07-26 11:40:57	railties/CHANGELOG.md	True	True	True	True
25919	benpickles	2016-07-22 10:15:22	robin850	2016-07-26 11:40:57	railties/lib/rails/generators/rails/app/templates/config/environments/production.rb.tt	True	True	True	True
25919	benpickles	2016-07-22 10:15:22	robin850	2016-07-26 11:40:57	railties/test/generators/app_generator_test.rb	True	True	True	True
25914	jmccartie	2016-07-21 21:50:47	rafaelfranca	2016-07-21 22:17:07	activesupport/CHANGELOG.md	True	True	True	True
25914	jmccartie	2016-07-21 21:50:47	rafaelfranca	2016-07-21 22:17:07	activesupport/lib/active_support/core_ext/object.rb	True	True	True	True
25914	jmccartie	2016-07-21 21:50:47	rafaelfranca	2016-07-21 22:17:30	activesupport/CHANGELOG.md	True	True	True	True
25914	jmccartie	2016-07-21 21:50:47	rafaelfranca	2016-07-21 22:17:30	activesupport/lib/active_support/core_ext/object.rb	True	True	True	True
25914	jmccartie	2016-07-21 21:50:47	rafaelfranca	2016-07-21 22:17:30	activesupport/lib/active_support/core_ext/object/exclusion.rb	True	True	True	True
25914	jmccartie	2016-07-21 21:50:47	rafaelfranca	2016-07-21 22:17:30	activesupport/test/core_ext/object/exclusion_test.rb	True	True	True	True
25914	jmccartie	2016-07-21 21:50:47	rafaelfranca	2016-07-21 22:17:07	activesupport/test/core_ext/object/exclusion_test.rb	True	True	True	True
25914	jmccartie	2016-07-21 21:50:47	rafaelfranca	2016-07-21 22:17:07	activesupport/lib/active_support/core_ext/object/exclusion.rb	True	True	True	True
25914	jmccartie	2016-07-21 21:50:47	rafaelfranca	2016-07-21 22:16:57	activesupport/CHANGELOG.md	True	True	True	True
25914	jmccartie	2016-07-21 21:50:47	rafaelfranca	2016-07-21 22:16:57	activesupport/lib/active_support/core_ext/object.rb	True	True	True	True
25914	jmccartie	2016-07-21 21:50:47	rafaelfranca	2016-07-21 22:16:57	activesupport/lib/active_support/core_ext/object/exclusion.rb	True	True	True	True
25914	jmccartie	2016-07-21 21:50:47	rafaelfranca	2016-07-21 22:16:57	activesupport/test/core_ext/object/exclusion_test.rb	True	True	True	True
25912	stevenharman	2016-07-21 17:27:14	rafaelfranca	2016-07-21 19:40:49	actionview/CHANGELOG.md	False	True	True	True
25912	stevenharman	2016-07-21 17:27:14	rafaelfranca	2016-07-21 19:19:01	actionview/lib/action_view/renderer/partial_renderer.rb	False	True	True	True
25912	stevenharman	2016-07-21 17:27:14	rafaelfranca	2016-07-21 19:19:01	actionview/test/template/render_test.rb	False	True	True	True
25912	stevenharman	2016-07-21 17:27:14	rafaelfranca	2016-07-21 19:19:01	actionview/CHANGELOG.md	True	True	True	True
25912	stevenharman	2016-07-21 17:27:14	rafaelfranca	2016-07-21 19:19:01	actionview/lib/action_view/renderer/partial_renderer.rb	True	True	True	True
25912	stevenharman	2016-07-21 17:27:14	rafaelfranca	2016-07-21 19:19:01	actionview/CHANGELOG.md	False	True	True	True
25912	stevenharman	2016-07-21 17:27:14	rafaelfranca	2016-07-21 19:19:01	actionview/test/template/render_test.rb	True	True	True	True
25912	stevenharman	2016-07-21 17:27:14	rafaelfranca	2016-07-21 19:40:49	actionview/lib/action_view/renderer/partial_renderer.rb	False	True	True	True
25912	stevenharman	2016-07-21 17:27:14	rafaelfranca	2016-07-21 19:40:49	actionview/CHANGELOG.md	True	True	True	True
25912	stevenharman	2016-07-21 17:27:14	rafaelfranca	2016-07-21 19:40:49	actionview/lib/action_view/renderer/partial_renderer.rb	True	True	True	True
25912	stevenharman	2016-07-21 17:27:14	rafaelfranca	2016-07-21 19:40:49	actionview/test/template/render_test.rb	True	True	True	True
25912	stevenharman	2016-07-21 17:27:14	rafaelfranca	2016-07-21 19:40:49	actionview/test/template/render_test.rb	False	True	True	True
25908	mechanicles	2016-07-21 07:55:37	kaspth	2016-07-21 10:07:51	guides/source/caching_with_rails.md	True	True	True	True
25908	mechanicles	2016-07-21 07:55:37	kaspth	2016-07-21 10:07:51	actionview/lib/action_view/helpers/cache_helper.rb	True	True	True	True
25905	drhenner	2016-07-21 04:12:04	bryanaka	2016-08-03 18:06:33	activesupport/lib/active_support/cache.rb	True	True	True	True
25905	drhenner	2016-07-21 04:12:04	bryanaka	2016-08-03 18:06:33	activesupport/test/caching_test.rb	True	True	True	True
25905	drhenner	2016-07-21 04:12:04	bryanaka	2016-08-03 18:06:33	activesupport/lib/active_support/cache.rb	False	True	True	True
25886	kamipo	2016-07-19 01:39:56	fxn	2016-07-19 04:54:48	activerecord/lib/active_record/connection_adapters/sqlite3_adapter.rb	True	True	True	True
25886	kamipo	2016-07-19 01:39:56	fxn	2016-07-19 04:51:43	activerecord/lib/active_record/connection_adapters/mysql/database_statements.rb	True	True	True	True
25886	kamipo	2016-07-19 01:39:56	fxn	2016-07-19 04:51:43	activerecord/lib/active_record/connection_adapters/postgresql_adapter.rb	True	True	True	True
25886	kamipo	2016-07-19 01:39:56	fxn	2016-07-19 04:51:43	activerecord/lib/active_record/connection_adapters/sqlite3_adapter.rb	True	True	True	True
25886	kamipo	2016-07-19 01:39:56	fxn	2016-07-19 04:51:43	activerecord/lib/active_record/log_subscriber.rb	True	True	True	True
25886	kamipo	2016-07-19 01:39:56	fxn	2016-07-19 04:51:43	activerecord/lib/active_record/connection_adapters/abstract_adapter.rb	True	True	True	True
25886	kamipo	2016-07-19 01:39:56	fxn	2016-07-19 04:54:48	activerecord/lib/active_record/connection_adapters/abstract_adapter.rb	True	True	True	True
25886	kamipo	2016-07-19 01:39:56	fxn	2016-07-19 04:54:48	activerecord/lib/active_record/connection_adapters/mysql/database_statements.rb	True	True	True	True
25886	kamipo	2016-07-19 01:39:56	fxn	2016-07-19 04:54:48	activerecord/lib/active_record/connection_adapters/postgresql_adapter.rb	True	True	True	True
25886	kamipo	2016-07-19 01:39:56	fxn	2016-07-19 04:51:43	activerecord/test/cases/bind_parameter_test.rb	True	True	True	True
25886	kamipo	2016-07-19 01:39:56	fxn	2016-07-19 04:54:48	activerecord/lib/active_record/log_subscriber.rb	True	True	True	True
25886	kamipo	2016-07-19 01:39:56	fxn	2016-07-19 04:51:18	activerecord/lib/active_record/connection_adapters/abstract_adapter.rb	True	True	True	True
25886	kamipo	2016-07-19 01:39:56	fxn	2016-07-19 04:51:18	activerecord/lib/active_record/connection_adapters/mysql/database_statements.rb	True	True	True	True
25886	kamipo	2016-07-19 01:39:56	fxn	2016-07-19 04:51:18	activerecord/lib/active_record/connection_adapters/postgresql_adapter.rb	True	True	True	True
25886	kamipo	2016-07-19 01:39:56	fxn	2016-07-19 04:51:18	activerecord/lib/active_record/connection_adapters/sqlite3_adapter.rb	True	True	True	True
25886	kamipo	2016-07-19 01:39:56	fxn	2016-07-19 04:51:18	activerecord/lib/active_record/log_subscriber.rb	True	True	True	True
25886	kamipo	2016-07-19 01:39:56	fxn	2016-07-19 04:51:18	activerecord/test/cases/bind_parameter_test.rb	True	True	True	True
25886	kamipo	2016-07-19 01:39:56	fxn	2016-07-19 04:54:48	activerecord/test/cases/bind_parameter_test.rb	True	True	True	True
25885	kamipo	2016-07-19 01:12:16	rafaelfranca	2016-07-20 03:14:55	activerecord/test/cases/explain_test.rb	True	False	True	True
25885	kamipo	2016-07-19 01:12:16	rafaelfranca	2016-07-20 03:14:55	activerecord/test/cases/adapters/sqlite3/explain_test.rb	True	False	True	True
25885	kamipo	2016-07-19 01:12:16	rafaelfranca	2016-07-20 03:14:55	activerecord/test/cases/adapters/postgresql/explain_test.rb	True	False	True	True
25885	kamipo	2016-07-19 01:12:16	rafaelfranca	2016-07-20 03:14:55	activerecord/lib/active_record/explain.rb	True	False	True	True
25877	kamipo	2016-07-18 14:56:52	matthewd	2017-02-20 16:51:31	activerecord/test/cases/associations/has_many_associations_test.rb	False	True	True	True
25877	kamipo	2016-07-18 14:56:52	matthewd	2017-02-20 16:51:31	activerecord/lib/active_record/associations/collection_association.rb	True	True	True	True
25877	kamipo	2016-07-18 14:56:52	matthewd	2017-02-20 16:51:31	activerecord/lib/active_record/associations/collection_proxy.rb	True	True	True	True
25877	kamipo	2016-07-18 14:56:52	matthewd	2017-02-20 16:51:31	activerecord/lib/active_record/associations/collection_association.rb	False	True	True	True
25877	kamipo	2016-07-18 14:56:52	matthewd	2017-02-20 16:51:31	activerecord/lib/active_record/associations/association.rb	False	True	True	True
25877	kamipo	2016-07-18 14:56:52	matthewd	2017-02-20 16:51:31	activerecord/test/cases/associations_test.rb	False	True	True	True
25877	kamipo	2016-07-18 14:56:52	matthewd	2017-02-20 16:51:31	activerecord/lib/active_record/associations/collection_proxy.rb	False	True	True	True
25876	sgrif	2016-07-18 13:58:53	matthewd	2016-07-18 14:11:57	activerecord/test/cases/relations_test.rb	True	False	True	True
25876	sgrif	2016-07-18 13:58:53	matthewd	2016-07-18 14:11:57	activerecord/lib/active_record/sanitization.rb	True	False	True	True
25874	bdewater	2016-07-18 12:52:52	jeremy	2016-07-21 06:53:14	activesupport/test/message_encryptor_test.rb	False	True	True	True
25874	bdewater	2016-07-18 12:52:52	jeremy	2016-07-21 06:51:44	activesupport/CHANGELOG.md	False	True	True	True
25874	bdewater	2016-07-18 12:52:52	jeremy	2016-07-21 06:51:44	activesupport/lib/active_support/message_encryptor.rb	False	True	True	True
25874	bdewater	2016-07-18 12:52:52	jeremy	2016-07-21 06:51:44	activesupport/CHANGELOG.md	True	True	True	True
25874	bdewater	2016-07-18 12:52:52	jeremy	2016-07-21 06:51:44	activesupport/test/message_encryptor_test.rb	False	True	True	True
25874	bdewater	2016-07-18 12:52:52	jeremy	2016-07-21 06:51:44	activesupport/test/message_encryptor_test.rb	True	True	True	True
25874	bdewater	2016-07-18 12:52:52	jeremy	2016-07-21 06:51:44	activesupport/lib/active_support/message_encryptor.rb	True	True	True	True
25874	bdewater	2016-07-18 12:52:52	jeremy	2016-07-21 06:53:14	activesupport/CHANGELOG.md	False	True	True	True
25874	bdewater	2016-07-18 12:52:52	jeremy	2016-07-21 06:53:14	activesupport/CHANGELOG.md	True	True	True	True
25874	bdewater	2016-07-18 12:52:52	jeremy	2016-07-21 06:53:14	activesupport/lib/active_support/message_encryptor.rb	True	True	True	True
25874	bdewater	2016-07-18 12:52:52	jeremy	2016-07-21 06:53:14	activesupport/test/message_encryptor_test.rb	True	True	True	True
25874	bdewater	2016-07-18 12:52:52	jeremy	2016-07-21 06:53:14	activesupport/lib/active_support/message_encryptor.rb	False	True	True	True
25873	schuetzm	2016-07-18 10:41:05	rafaelfranca	2016-07-20 15:55:13	activerecord/lib/active_record/locking/pessimistic.rb	True	True	True	True
25873	schuetzm	2016-07-18 10:41:05	rafaelfranca	2017-01-18 21:00:24	activerecord/CHANGELOG.md	True	True	True	True
25873	schuetzm	2016-07-18 10:41:05	rafaelfranca	2017-01-18 21:00:24	activerecord/lib/active_record/locking/pessimistic.rb	True	True	True	True
25873	schuetzm	2016-07-18 10:41:05	rafaelfranca	2017-01-18 21:00:24	activerecord/test/cases/locking_test.rb	True	True	True	True
25873	schuetzm	2016-07-18 10:41:05	rafaelfranca	2017-02-07 12:31:04	activerecord/CHANGELOG.md	True	True	True	True
25873	schuetzm	2016-07-18 10:41:05	rafaelfranca	2017-02-07 12:31:04	activerecord/test/cases/locking_test.rb	True	True	True	True
25873	schuetzm	2016-07-18 10:41:05	rafaelfranca	2016-07-20 15:55:13	activerecord/CHANGELOG.md	True	True	True	True
25873	schuetzm	2016-07-18 10:41:05	rafaelfranca	2017-02-07 12:31:04	activerecord/lib/active_record/locking/pessimistic.rb	True	True	True	True
25873	schuetzm	2016-07-18 10:41:05	rafaelfranca	2016-07-20 15:55:13	activerecord/test/cases/locking_test.rb	True	True	True	True
25873	schuetzm	2016-07-18 10:41:05	rafaelfranca	2016-07-20 15:54:32	activerecord/lib/active_record/locking/pessimistic.rb	True	True	True	True
25873	schuetzm	2016-07-18 10:41:05	rafaelfranca	2016-07-20 15:54:32	activerecord/test/cases/locking_test.rb	True	True	True	True
25873	schuetzm	2016-07-18 10:41:05	kamipo	2017-01-18 21:25:21	activerecord/CHANGELOG.md	True	True	True	True
25873	schuetzm	2016-07-18 10:41:05	kamipo	2017-01-18 21:25:21	activerecord/lib/active_record/locking/pessimistic.rb	True	True	True	True
25873	schuetzm	2016-07-18 10:41:05	kamipo	2017-01-18 21:25:21	activerecord/test/cases/locking_test.rb	True	True	True	True
25873	schuetzm	2016-07-18 10:41:05	rafaelfranca	2016-07-20 15:54:32	activerecord/CHANGELOG.md	True	True	True	True
25863	santoshf22	2016-07-17 06:36:07	rafaelfranca	2016-07-17 06:47:01	activesupport/test/caching_test.rb	True	True	True	True
25862	prathamesh-sonpatki	2016-07-17 06:20:19	kaspth	2016-08-15 19:03:28	actionpack/lib/action_controller/test_case.rb	True	True	True	True
25862	prathamesh-sonpatki	2016-07-17 06:20:19	kaspth	2016-08-16 17:40:59	actionpack/lib/action_controller/test_case.rb	True	True	True	True
25862	prathamesh-sonpatki	2016-07-17 06:20:19	kaspth	2016-08-15 19:03:47	actionpack/lib/action_controller/test_case.rb	True	True	True	True
25862	prathamesh-sonpatki	2016-07-17 06:20:19	kaspth	2016-08-14 17:51:14	actionpack/lib/action_controller/test_case.rb	True	True	True	True
25862	prathamesh-sonpatki	2016-07-17 06:20:19	kaspth	2016-08-15 19:01:57	actionpack/lib/action_controller/test_case.rb	True	True	True	True
25862	prathamesh-sonpatki	2016-07-17 06:20:19	kaspth	2016-08-15 19:01:04	actionpack/lib/action_controller/test_case.rb	True	True	True	True
25856	mrageh	2016-07-16 15:04:03	rafaelfranca	2016-07-16 23:06:07	activesupport/lib/active_support/lazy_load_hooks.rb	True	True	True	True
25856	mrageh	2016-07-16 15:04:03	rafaelfranca	2016-07-16 20:23:01	activesupport/lib/active_support/lazy_load_hooks.rb	True	True	True	True
25856	mrageh	2016-07-16 15:04:03	rafaelfranca	2016-07-16 23:07:27	activesupport/lib/active_support/lazy_load_hooks.rb	True	True	True	True
25856	mrageh	2016-07-16 15:04:03	vipulnsward	2016-08-09 08:32:52	activesupport/lib/active_support/lazy_load_hooks.rb	True	True	True	True
25856	mrageh	2016-07-16 15:04:03	maclover7	2016-07-16 18:30:04	activesupport/lib/active_support/lazy_load_hooks.rb	True	True	True	True
25856	mrageh	2016-07-16 15:04:03	maclover7	2016-07-16 18:30:40	activesupport/lib/active_support/lazy_load_hooks.rb	True	True	True	True
25856	mrageh	2016-07-16 15:04:03	rafaelfranca	2016-07-16 20:21:50	activesupport/lib/active_support/lazy_load_hooks.rb	True	True	True	True
25856	mrageh	2016-07-16 15:04:03	maclover7	2016-07-16 18:29:33	activesupport/lib/active_support/lazy_load_hooks.rb	True	True	True	True
25856	mrageh	2016-07-16 15:04:03	kaspth	2016-07-20 18:27:54	activesupport/lib/active_support/lazy_load_hooks.rb	True	True	True	True
25843	tangmingxing1988	2016-07-15 06:45:35	greysteil	2016-07-15 11:05:47	actionpack/lib/action_controller/metal/request_forgery_protection.rb	True	True	True	True
25843	tangmingxing1988	2016-07-15 06:45:35	greysteil	2016-07-15 11:05:47	actionpack/lib/action_controller/metal/request_forgery_protection.rb	False	True	True	True
25828	bogdanvlviv	2016-07-14 13:57:04	rafaelfranca	2016-07-17 07:27:30	activerecord/test/cases/associations/has_many_associations_test.rb	False	False	True	True
25828	bogdanvlviv	2016-07-14 13:57:04	rafaelfranca	2016-07-17 07:27:30	activerecord/lib/active_record/connection_adapters/postgresql/schema_statements.rb	False	False	True	True
25825	st0012	2016-07-14 12:38:07	kaspth	2016-07-14 20:30:05	actionview/CHANGELOG.md	True	True	True	True
25825	st0012	2016-07-14 12:38:07	kaspth	2016-07-14 20:30:05	actionview/lib/action_view/renderer/partial_renderer.rb	True	True	True	True
25825	st0012	2016-07-14 12:38:07	kaspth	2016-07-14 20:30:05	actionview/lib/action_view/log_subscriber.rb	True	True	True	True
25825	st0012	2016-07-14 12:38:07	kaspth	2016-07-14 20:30:05	actionview/lib/action_view/helpers/cache_helper.rb	True	True	True	True
25825	st0012	2016-07-14 12:38:07	kaspth	2016-07-14 20:30:05	actionpack/lib/abstract_controller/caching.rb	True	True	True	True
25825	st0012	2016-07-14 12:38:07	kaspth	2016-07-14 20:30:05	actionpack/test/controller/log_subscriber_test.rb	True	True	True	True
25825	st0012	2016-07-14 12:38:07	kaspth	2016-07-14 20:30:05	actionpack/test/controller/caching_test.rb	True	True	True	True
25825	st0012	2016-07-14 12:38:07	kaspth	2016-07-14 20:30:05	actionpack/lib/action_controller/log_subscriber.rb	True	True	True	True
25825	st0012	2016-07-14 12:38:07	kaspth	2016-07-14 20:30:05	guides/source/configuring.md	True	True	True	True
25825	st0012	2016-07-14 12:38:07	kaspth	2016-07-14 20:30:05	actionview/test/template/log_subscriber_test.rb	True	True	True	True
25825	st0012	2016-07-14 12:38:07	kaspth	2016-07-14 20:23:27	actionpack/lib/action_controller/log_subscriber.rb	True	True	True	True
25825	st0012	2016-07-14 12:38:07	kaspth	2016-07-14 20:23:27	actionmailer/test/caching_test.rb	True	True	True	True
25825	st0012	2016-07-14 12:38:07	kaspth	2016-07-14 20:23:27	actionpack/lib/abstract_controller/caching.rb	True	True	True	True
25825	st0012	2016-07-14 12:38:07	kaspth	2016-07-14 20:35:37	guides/source/configuring.md	True	True	True	True
25825	st0012	2016-07-14 12:38:07	kaspth	2016-07-14 20:23:27	actionpack/test/controller/caching_test.rb	True	True	True	True
25825	st0012	2016-07-14 12:38:07	kaspth	2016-07-14 20:23:27	actionpack/test/controller/log_subscriber_test.rb	True	True	True	True
25825	st0012	2016-07-14 12:38:07	kaspth	2016-07-14 20:23:27	actionview/CHANGELOG.md	True	True	True	True
25825	st0012	2016-07-14 12:38:07	kaspth	2016-07-14 20:23:27	actionview/lib/action_view/helpers/cache_helper.rb	True	True	True	True
25825	st0012	2016-07-14 12:38:07	kaspth	2016-07-14 20:23:27	actionview/lib/action_view/log_subscriber.rb	True	True	True	True
25825	st0012	2016-07-14 12:38:07	kaspth	2016-07-14 20:23:27	actionview/lib/action_view/renderer/partial_renderer.rb	True	True	True	True
25825	st0012	2016-07-14 12:38:07	kaspth	2016-07-14 20:30:05	actionmailer/test/caching_test.rb	True	True	True	True
25825	st0012	2016-07-14 12:38:07	kaspth	2016-07-14 20:28:08	actionpack/lib/abstract_controller/caching.rb	True	True	True	True
25825	st0012	2016-07-14 12:38:07	kaspth	2016-07-14 20:35:37	actionview/test/template/log_subscriber_test.rb	True	True	True	True
25825	st0012	2016-07-14 12:38:07	kaspth	2016-07-14 20:35:37	actionview/lib/action_view/renderer/partial_renderer.rb	True	True	True	True
25825	st0012	2016-07-14 12:38:07	kaspth	2016-07-14 20:28:08	actionmailer/test/caching_test.rb	True	True	True	True
25825	st0012	2016-07-14 12:38:07	kaspth	2016-07-14 20:23:27	guides/source/configuring.md	True	True	True	True
25825	st0012	2016-07-14 12:38:07	kaspth	2016-07-14 20:28:08	actionpack/lib/action_controller/log_subscriber.rb	True	True	True	True
25825	st0012	2016-07-14 12:38:07	kaspth	2016-07-14 20:28:08	actionpack/test/controller/caching_test.rb	True	True	True	True
25825	st0012	2016-07-14 12:38:07	kaspth	2016-07-14 20:28:08	actionpack/test/controller/log_subscriber_test.rb	True	True	True	True
25825	st0012	2016-07-14 12:38:07	kaspth	2016-07-14 20:28:08	actionview/CHANGELOG.md	True	True	True	True
25825	st0012	2016-07-14 12:38:07	kaspth	2016-07-14 20:28:08	actionview/lib/action_view/helpers/cache_helper.rb	True	True	True	True
25825	st0012	2016-07-14 12:38:07	kaspth	2016-07-14 20:28:08	actionview/lib/action_view/log_subscriber.rb	True	True	True	True
25825	st0012	2016-07-14 12:38:07	kaspth	2016-07-14 20:28:08	actionview/lib/action_view/renderer/partial_renderer.rb	True	True	True	True
25825	st0012	2016-07-14 12:38:07	kaspth	2016-07-14 20:28:08	actionview/test/template/log_subscriber_test.rb	True	True	True	True
25825	st0012	2016-07-14 12:38:07	kaspth	2016-07-14 20:28:08	guides/source/configuring.md	True	True	True	True
25825	st0012	2016-07-14 12:38:07	kaspth	2016-07-14 20:35:37	actionmailer/test/caching_test.rb	True	True	True	True
25825	st0012	2016-07-14 12:38:07	kaspth	2016-07-14 20:35:37	actionpack/lib/abstract_controller/caching.rb	True	True	True	True
25825	st0012	2016-07-14 12:38:07	kaspth	2016-07-14 20:35:37	actionpack/lib/action_controller/log_subscriber.rb	True	True	True	True
25825	st0012	2016-07-14 12:38:07	kaspth	2016-07-14 20:35:37	actionpack/test/controller/caching_test.rb	True	True	True	True
25825	st0012	2016-07-14 12:38:07	kaspth	2016-07-14 20:35:37	actionpack/test/controller/log_subscriber_test.rb	True	True	True	True
25825	st0012	2016-07-14 12:38:07	kaspth	2016-07-14 20:35:37	actionview/CHANGELOG.md	True	True	True	True
25825	st0012	2016-07-14 12:38:07	kaspth	2016-07-14 20:35:37	actionview/lib/action_view/helpers/cache_helper.rb	True	True	True	True
25825	st0012	2016-07-14 12:38:07	kaspth	2016-07-14 20:35:37	actionview/lib/action_view/log_subscriber.rb	True	True	True	True
25825	st0012	2016-07-14 12:38:07	kaspth	2016-07-14 20:23:27	actionview/test/template/log_subscriber_test.rb	True	True	True	True
25825	st0012	2016-07-14 12:38:07	kaspth	2016-07-14 20:25:55	actionpack/test/controller/log_subscriber_test.rb	True	True	True	True
25825	st0012	2016-07-14 12:38:07	kaspth	2016-07-14 20:25:55	actionmailer/test/caching_test.rb	True	True	True	True
25825	st0012	2016-07-14 12:38:07	kaspth	2016-07-14 20:09:51	actionpack/lib/abstract_controller/caching.rb	True	True	True	True
25825	st0012	2016-07-14 12:38:07	kaspth	2016-07-14 20:09:51	actionpack/test/controller/caching_test.rb	True	True	True	True
25825	st0012	2016-07-14 12:38:07	kaspth	2016-07-14 20:09:51	actionpack/test/controller/log_subscriber_test.rb	True	True	True	True
25825	st0012	2016-07-14 12:38:07	kaspth	2016-07-14 20:09:51	actionview/CHANGELOG.md	True	True	True	True
25825	st0012	2016-07-14 12:38:07	kaspth	2016-07-14 20:09:51	actionview/lib/action_view/helpers/cache_helper.rb	True	True	True	True
25825	st0012	2016-07-14 12:38:07	kaspth	2016-07-14 20:09:51	actionview/lib/action_view/log_subscriber.rb	True	True	True	True
25825	st0012	2016-07-14 12:38:07	kaspth	2016-07-14 20:09:51	actionview/lib/action_view/renderer/partial_renderer.rb	True	True	True	True
25825	st0012	2016-07-14 12:38:07	kaspth	2016-07-14 20:09:51	actionview/test/template/log_subscriber_test.rb	True	True	True	True
25825	st0012	2016-07-14 12:38:07	kaspth	2016-07-14 20:09:51	guides/source/configuring.md	True	True	True	True
25825	st0012	2016-07-14 12:38:07	kaspth	2016-07-14 20:29:23	actionmailer/test/caching_test.rb	True	True	True	True
25825	st0012	2016-07-14 12:38:07	kaspth	2016-07-14 20:29:23	actionpack/lib/abstract_controller/caching.rb	True	True	True	True
25825	st0012	2016-07-14 12:38:07	kaspth	2016-07-14 20:29:23	actionpack/lib/action_controller/log_subscriber.rb	True	True	True	True
25825	st0012	2016-07-14 12:38:07	kaspth	2016-07-14 20:29:23	actionpack/test/controller/caching_test.rb	True	True	True	True
25825	st0012	2016-07-14 12:38:07	kaspth	2016-07-14 20:29:23	actionpack/test/controller/log_subscriber_test.rb	True	True	True	True
25825	st0012	2016-07-14 12:38:07	kaspth	2016-07-14 20:25:55	actionpack/lib/abstract_controller/caching.rb	True	True	True	True
25825	st0012	2016-07-14 12:38:07	kaspth	2016-07-14 20:29:23	actionview/lib/action_view/helpers/cache_helper.rb	True	True	True	True
25825	st0012	2016-07-14 12:38:07	kaspth	2016-07-14 20:29:23	actionview/lib/action_view/log_subscriber.rb	True	True	True	True
25825	st0012	2016-07-14 12:38:07	kaspth	2016-07-14 20:29:23	actionview/lib/action_view/renderer/partial_renderer.rb	True	True	True	True
25825	st0012	2016-07-14 12:38:07	kaspth	2016-07-14 20:29:23	actionview/test/template/log_subscriber_test.rb	True	True	True	True
25825	st0012	2016-07-14 12:38:07	kaspth	2016-07-14 20:29:23	guides/source/configuring.md	True	True	True	True
25825	st0012	2016-07-14 12:38:07	kaspth	2016-07-14 20:09:51	actionpack/lib/action_controller/log_subscriber.rb	True	True	True	True
25825	st0012	2016-07-14 12:38:07	kaspth	2016-07-14 20:29:23	actionview/CHANGELOG.md	True	True	True	True
25825	st0012	2016-07-14 12:38:07	kaspth	2016-07-14 20:09:51	actionmailer/test/caching_test.rb	True	True	True	True
25825	st0012	2016-07-14 12:38:07	kaspth	2016-07-14 20:22:02	actionmailer/test/caching_test.rb	True	True	True	True
25825	st0012	2016-07-14 12:38:07	kaspth	2016-07-14 20:25:55	actionpack/lib/action_controller/log_subscriber.rb	True	True	True	True
25825	st0012	2016-07-14 12:38:07	kaspth	2016-07-14 20:25:55	actionpack/test/controller/caching_test.rb	True	True	True	True
25825	st0012	2016-07-14 12:38:07	kaspth	2016-07-14 20:22:02	guides/source/configuring.md	True	True	True	True
25825	st0012	2016-07-14 12:38:07	kaspth	2016-07-14 20:25:55	actionview/CHANGELOG.md	True	True	True	True
25825	st0012	2016-07-14 12:38:07	kaspth	2016-07-14 20:25:55	actionview/lib/action_view/helpers/cache_helper.rb	True	True	True	True
25825	st0012	2016-07-14 12:38:07	kaspth	2016-07-14 20:25:55	actionview/lib/action_view/log_subscriber.rb	True	True	True	True
25825	st0012	2016-07-14 12:38:07	kaspth	2016-07-14 20:25:55	actionview/lib/action_view/renderer/partial_renderer.rb	True	True	True	True
25825	st0012	2016-07-14 12:38:07	kaspth	2016-07-14 20:25:55	actionview/test/template/log_subscriber_test.rb	True	True	True	True
25825	st0012	2016-07-14 12:38:07	kaspth	2016-07-14 20:25:55	guides/source/configuring.md	True	True	True	True
25825	st0012	2016-07-14 12:38:07	kaspth	2016-07-14 20:22:02	actionpack/lib/abstract_controller/caching.rb	True	True	True	True
25825	st0012	2016-07-14 12:38:07	kaspth	2016-07-14 20:22:02	actionpack/lib/action_controller/log_subscriber.rb	True	True	True	True
25825	st0012	2016-07-14 12:38:07	kaspth	2016-07-14 20:22:02	actionpack/test/controller/caching_test.rb	True	True	True	True
25825	st0012	2016-07-14 12:38:07	kaspth	2016-07-14 20:22:02	actionpack/test/controller/log_subscriber_test.rb	True	True	True	True
25825	st0012	2016-07-14 12:38:07	kaspth	2016-07-14 20:22:02	actionview/CHANGELOG.md	True	True	True	True
25825	st0012	2016-07-14 12:38:07	kaspth	2016-07-14 20:22:02	actionview/lib/action_view/helpers/cache_helper.rb	True	True	True	True
25825	st0012	2016-07-14 12:38:07	kaspth	2016-07-14 20:22:02	actionview/lib/action_view/log_subscriber.rb	True	True	True	True
25825	st0012	2016-07-14 12:38:07	kaspth	2016-07-14 20:22:02	actionview/lib/action_view/renderer/partial_renderer.rb	True	True	True	True
25825	st0012	2016-07-14 12:38:07	kaspth	2016-07-14 20:22:02	actionview/test/template/log_subscriber_test.rb	True	True	True	True
25823	mechanicles	2016-07-14 08:19:41	rafaelfranca	2016-07-17 06:57:33	activesupport/test/caching_test.rb	True	False	True	True
25822	mechanicles	2016-07-14 07:17:41	prathamesh-sonpatki	2016-07-17 14:25:13	activesupport/test/caching_test.rb	True	False	True	True
25822	mechanicles	2016-07-14 07:17:41	rafaelfranca	2016-07-17 06:07:04	activesupport/test/caching_test.rb	True	False	True	True
25821	bogdanvlviv	2016-07-13 22:39:29	rafaelfranca	2016-07-17 07:49:18	activerecord/lib/active_record/relation/batches.rb	True	True	True	True
25821	bogdanvlviv	2016-07-13 22:39:29	rafaelfranca	2016-07-17 07:49:18	activerecord/CHANGELOG.md	True	True	True	True
25821	bogdanvlviv	2016-07-13 22:39:29	rafaelfranca	2016-07-17 07:49:18	activerecord/test/cases/batches_test.rb	True	True	True	True
25815	greysteil	2016-07-13 15:45:57	matthewd	2016-07-13 18:41:57	activerecord/lib/active_record/connection_adapters/abstract/schema_statements.rb	True	True	True	True
25815	greysteil	2016-07-13 15:45:57	matthewd	2016-07-13 18:41:57	activerecord/CHANGELOG.md	True	True	True	True
25815	greysteil	2016-07-13 15:45:57	kamipo	2016-07-14 01:09:56	activerecord/lib/active_record/connection_adapters/abstract/schema_statements.rb	True	True	True	True
25815	greysteil	2016-07-13 15:45:57	kamipo	2016-07-14 01:09:56	activerecord/CHANGELOG.md	True	True	True	True
25795	mechanicles	2016-07-12 07:29:34	maclover7	2016-07-12 13:34:52	railties/lib/rails/generators/rails/app/templates/app/assets/javascripts/cable.js	True	False	True	True
25795	mechanicles	2016-07-12 07:29:34	maclover7	2016-07-12 13:34:52	actioncable/lib/rails/generators/channel/templates/assets/cable.js	True	False	True	True
25795	mechanicles	2016-07-12 07:29:34	vipulnsward	2016-07-12 18:22:12	railties/lib/rails/generators/rails/app/templates/app/assets/javascripts/cable.js	True	False	True	True
25795	mechanicles	2016-07-12 07:29:34	vipulnsward	2016-07-12 18:22:12	actioncable/lib/rails/generators/channel/templates/assets/cable.js	True	False	True	True
25790	mrageh	2016-07-12 00:22:05	rafaelfranca	2016-07-12 01:41:39	activesupport/lib/active_support/lazy_load_hooks.rb	True	True	True	True
25786	kamipo	2016-07-11 21:10:17	rafaelfranca	2016-07-20 03:02:34	activerecord/lib/active_record/associations/collection_proxy.rb	True	False	True	True
25786	kamipo	2016-07-11 21:10:17	rafaelfranca	2016-07-20 03:02:43	activerecord/test/cases/associations/has_many_associations_test.rb	True	False	True	True
25786	kamipo	2016-07-11 21:10:17	rafaelfranca	2016-07-20 03:02:43	activerecord/lib/active_record/associations/collection_proxy.rb	True	False	True	True
25786	kamipo	2016-07-11 21:10:17	rafaelfranca	2016-07-20 03:02:34	activerecord/test/cases/associations/has_many_associations_test.rb	True	False	True	True
25771	kaspth	2016-07-10 20:08:00	maclover7	2016-07-11 02:07:38	actionpack/test/dispatch/test_response_test.rb	True	True	True	True
25771	kaspth	2016-07-10 20:08:00	maclover7	2016-07-11 02:07:38	actionpack/lib/action_dispatch/testing/test_response.rb	True	True	True	True
25771	kaspth	2016-07-10 20:08:00	maclover7	2016-07-11 02:07:38	actionpack/lib/action_dispatch/testing/request_encoder.rb	True	True	True	True
25771	kaspth	2016-07-10 20:08:00	maclover7	2016-07-11 02:07:38	actionpack/lib/action_dispatch/testing/integration.rb	True	True	True	True
25768	yasuyk	2016-07-10 07:27:34	mechanicles	2016-07-10 15:54:55	activerecord/lib/active_record/railties/databases.rake	True	True	True	True
25768	yasuyk	2016-07-10 07:27:34	terell-brown	2017-09-09 18:31:21	activerecord/lib/active_record/railties/databases.rake	True	True	True	True
25758	vipulnsward	2016-07-09 11:08:14	matthewd	2016-07-09 11:38:54	activesupport/test/message_encryptor_test.rb	True	True	True	True
25758	vipulnsward	2016-07-09 11:08:14	matthewd	2016-07-09 11:38:54	actionpack/test/dispatch/cookies_test.rb	True	True	True	True
25758	vipulnsward	2016-07-09 11:08:14	matthewd	2016-07-09 11:38:54	actionpack/lib/action_dispatch/middleware/cookies.rb	True	True	True	True
25758	vipulnsward	2016-07-09 11:08:14	matthewd	2016-07-09 11:38:54	activesupport/test/message_encryptor_test.rb	False	True	True	True
25758	vipulnsward	2016-07-09 11:08:14	matthewd	2016-07-09 11:38:54	activesupport/lib/active_support/message_encryptor.rb	False	True	True	True
25758	vipulnsward	2016-07-09 11:08:14	matthewd	2016-07-09 11:38:54	actionpack/test/dispatch/cookies_test.rb	False	True	True	True
25758	vipulnsward	2016-07-09 11:08:14	matthewd	2016-07-09 11:38:54	actionpack/lib/action_dispatch/middleware/cookies.rb	False	True	True	True
25752	marcalc	2016-07-08 14:22:17	utilum	2016-12-01 14:28:33	activerecord/lib/active_record/associations/collection_association.rb	True	True	False	True
25750	go2null	2016-07-08 11:18:29	eileencodes	2016-07-10 12:25:36	guides/source/testing.md	True	True	True	True
25748	CodingItWrong	2016-07-08 08:30:27	vipulnsward	2016-07-08 08:40:16	guides/source/command_line.md	True	True	True	True
25745	alexcameron89	2016-07-07 21:55:55	vipulnsward	2016-07-07 22:00:59	activerecord/lib/active_record/connection_adapters/abstract/schema_statements.rb	True	False	True	True
25735	timrogers	2016-07-07 09:53:10	matthewd	2016-07-08 13:53:19	actionpack/test/controller/parameters/dup_test.rb	False	True	True	True
25735	timrogers	2016-07-07 09:53:10	matthewd	2016-07-08 13:53:19	actionpack/lib/action_controller/metal/strong_parameters.rb	False	True	True	True
25735	timrogers	2016-07-07 09:53:10	matthewd	2016-07-08 13:53:19	actionpack/test/controller/parameters/dup_test.rb	True	True	True	True
25735	timrogers	2016-07-07 09:53:10	matthewd	2016-07-08 13:53:19	actionpack/lib/action_controller/metal/strong_parameters.rb	True	True	True	True
25734	bdewater	2016-07-07 09:12:47	guilleiguaran	2016-07-08 17:19:04	activesupport/lib/active_support/core_ext/securerandom.rb	True	True	True	True
25734	bdewater	2016-07-07 09:12:47	guilleiguaran	2016-07-08 17:19:04	activesupport/CHANGELOG.md	True	True	True	True
25726	Gaurav2728	2016-07-06 20:31:27	vipulnsward	2016-07-06 20:51:09	guides/source/rails_on_rack.md	True	False	True	True
25726	Gaurav2728	2016-07-06 20:31:27	vipulnsward	2016-07-06 20:51:09	guides/source/initialization.md	True	False	True	True
25717	alexcameron89	2016-07-06 14:15:12	prathamesh-sonpatki	2016-07-06 14:17:52	activerecord/lib/active_record/connection_adapters/abstract/connection_pool.rb	True	False	True	True
25717	alexcameron89	2016-07-06 14:15:12	prathamesh-sonpatki	2016-07-06 14:19:22	activerecord/lib/active_record/connection_adapters/abstract/connection_pool.rb	True	False	True	True
25717	alexcameron89	2016-07-06 14:15:12	prathamesh-sonpatki	2016-07-06 14:19:45	activerecord/lib/active_record/connection_adapters/abstract/connection_pool.rb	True	False	True	True
25714	robin850	2016-07-06 12:41:11	maclover7	2016-07-06 13:35:20	railties/CHANGELOG.md	True	True	True	True
25702	k0kubun	2016-07-05 15:35:37	kamipo	2016-07-05 21:55:20	activerecord/test/cases/scoping/relation_scoping_test.rb	True	False	True	True
25702	k0kubun	2016-07-05 15:35:37	sgrif	2016-07-27 17:23:28	activerecord/test/cases/scoping/relation_scoping_test.rb	True	False	True	True
25702	k0kubun	2016-07-05 15:35:37	sgrif	2016-07-27 17:23:28	activerecord/lib/active_record/associations/join_dependency/join_association.rb	True	False	True	True
25702	k0kubun	2016-07-05 15:35:37	kamipo	2016-07-05 21:55:20	activerecord/lib/active_record/associations/join_dependency/join_association.rb	True	False	True	True
25699	mechanicles	2016-07-05 12:29:15	kamipo	2016-07-07 04:45:26	activerecord/test/models/comment.rb	True	True	True	True
25699	mechanicles	2016-07-05 12:29:15	kamipo	2016-07-07 04:45:26	activerecord/test/cases/scoping/relation_scoping_test.rb	True	True	True	True
25699	mechanicles	2016-07-05 12:29:15	kamipo	2016-07-07 04:45:26	activerecord/lib/active_record/scoping/named.rb	True	True	True	True
25692	johnmeehan	2016-07-05 00:19:09	robin850	2016-07-05 13:36:46	railties/test/application/rake/notes_test.rb	True	True	True	True
25692	johnmeehan	2016-07-05 00:19:09	robin850	2016-07-05 13:36:46	railties/lib/rails/source_annotation_extractor.rb	True	True	True	True
25692	johnmeehan	2016-07-05 00:19:09	robin850	2016-07-05 13:36:46	railties/test/application/rake/notes_test.rb	False	True	True	True
25685	suginoy	2016-07-04 13:36:38	rafaelfranca	2016-08-16 08:39:47	actionview/lib/action_view/helpers/form_tag_helper.rb	True	True	True	True
25685	suginoy	2016-07-04 13:36:38	rafaelfranca	2016-08-16 08:39:47	actionview/CHANGELOG.md	True	True	True	True
25685	suginoy	2016-07-04 13:36:38	rafaelfranca	2016-08-16 08:39:47	actionview/lib/action_view/helpers/form_helper.rb	True	True	True	True
25685	suginoy	2016-07-04 13:36:38	rafaelfranca	2016-08-16 08:39:47	actionview/test/template/form_helper_test.rb	True	True	True	True
25685	suginoy	2016-07-04 13:36:38	rafaelfranca	2016-08-16 08:39:47	actionview/lib/action_view/helpers/tags/file_field.rb	True	True	True	True
25685	suginoy	2016-07-04 13:36:38	rafaelfranca	2016-08-16 08:39:47	actionview/test/template/form_tag_helper_test.rb	True	True	True	True
25681	willnet	2016-07-04 12:28:26	senny	2016-07-25 15:26:27	activesupport/lib/active_support/core_ext/module/attribute_accessors_per_thread.rb	True	True	True	True
25681	willnet	2016-07-04 12:28:26	senny	2016-07-25 15:26:27	activesupport/CHANGELOG.md	True	True	True	True
25681	willnet	2016-07-04 12:28:26	senny	2016-07-25 15:26:27	activesupport/test/core_ext/module/attribute_accessor_per_thread_test.rb	True	True	True	True
25671	kamipo	2016-07-03 21:34:46	rafaelfranca	2016-08-16 08:54:00	activerecord/test/cases/relation/where_test.rb	True	False	True	True
25671	kamipo	2016-07-03 21:34:46	rafaelfranca	2016-08-16 08:54:00	activerecord/test/cases/finder_test.rb	True	False	True	True
25671	kamipo	2016-07-03 21:34:46	rafaelfranca	2016-08-16 08:54:00	activerecord/lib/active_record/table_metadata.rb	True	False	True	True
25671	kamipo	2016-07-03 21:34:46	rafaelfranca	2016-08-16 08:54:00	activerecord/lib/active_record/relation/predicate_builder.rb	True	False	True	True
25671	kamipo	2016-07-03 21:34:46	rafaelfranca	2016-08-16 08:54:00	activerecord/test/cases/serialized_attribute_test.rb	True	False	True	True
25656	paul	2016-07-02 18:54:42	sgrif	2016-07-11 18:54:31	activesupport/lib/active_support/duration/iso8601_serializer.rb	True	False	True	True
25656	paul	2016-07-02 18:54:42	sgrif	2016-07-11 18:54:56	activesupport/test/core_ext/duration_test.rb	True	False	True	True
25656	paul	2016-07-02 18:54:42	sgrif	2016-07-11 18:54:56	activesupport/lib/active_support/duration/iso8601_serializer.rb	True	False	True	True
25656	paul	2016-07-02 18:54:42	sgrif	2016-07-11 18:54:56	activesupport/lib/active_support/duration/iso8601_serializer.rb	False	False	True	True
25656	paul	2016-07-02 18:54:42	sgrif	2016-07-11 18:54:31	activesupport/test/core_ext/duration_test.rb	True	False	True	True
25656	paul	2016-07-02 18:54:42	sgrif	2016-07-11 18:54:31	activesupport/lib/active_support/duration/iso8601_serializer.rb	False	False	True	True
25652	prathamesh-sonpatki	2016-07-02 15:23:42	simi	2016-07-03 14:35:59	railties/test/application/middleware/cache_test.rb	True	True	True	True
25652	prathamesh-sonpatki	2016-07-02 15:23:42	simi	2016-07-03 14:35:59	railties/test/application/integration_test_case_test.rb	True	True	True	True
25652	prathamesh-sonpatki	2016-07-02 15:23:42	simi	2016-07-03 14:35:59	railties/test/application/loading_test.rb	True	True	True	True
25652	prathamesh-sonpatki	2016-07-02 15:23:42	simi	2016-07-03 14:35:59	railties/test/application/mailer_previews_test.rb	True	True	True	True
25652	prathamesh-sonpatki	2016-07-02 15:23:42	simi	2016-07-03 14:35:59	railties/test/application/middleware/sendfile_test.rb	True	True	True	True
25652	prathamesh-sonpatki	2016-07-02 15:23:42	simi	2016-07-03 14:35:59	railties/test/application/middleware/cookies_test.rb	True	True	True	True
25652	prathamesh-sonpatki	2016-07-02 15:23:42	simi	2016-07-03 14:35:59	railties/test/application/initializers/load_path_test.rb	True	True	True	True
25652	prathamesh-sonpatki	2016-07-02 15:23:42	simi	2016-07-03 14:35:59	railties/test/application/middleware/exceptions_test.rb	True	True	True	True
25652	prathamesh-sonpatki	2016-07-02 15:23:42	simi	2016-07-03 14:35:59	railties/test/application/initializers/notifications_test.rb	True	True	True	True
25652	prathamesh-sonpatki	2016-07-02 15:23:42	simi	2016-07-03 14:35:59	railties/test/application/assets_test.rb	True	True	True	True
25652	prathamesh-sonpatki	2016-07-02 15:23:42	simi	2016-07-03 14:35:59	railties/test/application/initializers/i18n_test.rb	True	True	True	True
25652	prathamesh-sonpatki	2016-07-02 15:23:42	simi	2016-07-03 14:35:59	railties/test/application/initializers/hooks_test.rb	True	True	True	True
25652	prathamesh-sonpatki	2016-07-02 15:23:42	simi	2016-07-03 14:35:59	railties/test/application/initializers/frameworks_test.rb	True	True	True	True
25652	prathamesh-sonpatki	2016-07-02 15:23:42	simi	2016-07-03 14:35:59	railties/test/application/console_test.rb	True	True	True	True
25652	prathamesh-sonpatki	2016-07-02 15:23:42	simi	2016-07-03 14:35:59	railties/test/application/configuration_test.rb	True	True	True	True
25652	prathamesh-sonpatki	2016-07-02 15:23:42	simi	2016-07-03 14:35:59	railties/test/application/configuration/custom_test.rb	True	True	True	True
25652	prathamesh-sonpatki	2016-07-02 15:23:42	simi	2016-07-03 14:35:59	railties/test/application/asset_debugging_test.rb	True	True	True	True
25652	prathamesh-sonpatki	2016-07-02 15:23:42	simi	2016-07-03 14:35:59	railties/test/application/middleware_test.rb	True	True	True	True
25652	prathamesh-sonpatki	2016-07-02 15:23:42	simi	2016-07-03 14:35:59	railties/test/application/middleware/session_test.rb	True	True	True	True
25652	prathamesh-sonpatki	2016-07-02 15:23:42	simi	2016-07-03 14:35:59	railties/test/application/generators_test.rb	True	True	True	True
25652	prathamesh-sonpatki	2016-07-02 15:23:42	simi	2016-07-03 14:35:59	railties/test/application/multiple_applications_test.rb	True	True	True	True
25652	prathamesh-sonpatki	2016-07-02 15:23:42	simi	2016-07-03 14:35:59	railties/test/application/routing_test.rb	True	True	True	True
25652	prathamesh-sonpatki	2016-07-02 15:23:42	simi	2016-07-03 14:35:59	railties/test/railties/mounted_engine_test.rb	True	True	True	True
25652	prathamesh-sonpatki	2016-07-02 15:23:42	simi	2016-07-03 14:35:59	railties/test/railties/engine_test.rb	True	True	True	True
25652	prathamesh-sonpatki	2016-07-02 15:23:42	simi	2016-07-03 14:35:59	railties/test/isolation/abstract_unit.rb	True	True	True	True
25652	prathamesh-sonpatki	2016-07-02 15:23:42	simi	2016-07-03 14:35:59	railties/test/application/url_generation_test.rb	True	True	True	True
25652	prathamesh-sonpatki	2016-07-02 15:23:42	simi	2016-07-03 14:35:59	railties/test/application/paths_test.rb	True	True	True	True
25652	prathamesh-sonpatki	2016-07-02 15:23:42	simi	2016-07-03 14:35:59	railties/test/application/test_test.rb	True	True	True	True
25652	prathamesh-sonpatki	2016-07-02 15:23:42	simi	2016-07-03 14:35:59	railties/test/application/runner_test.rb	True	True	True	True
25652	prathamesh-sonpatki	2016-07-02 15:23:42	simi	2016-07-03 14:35:59	railties/test/application/rendering_test.rb	True	True	True	True
25652	prathamesh-sonpatki	2016-07-02 15:23:42	simi	2016-07-03 14:35:59	railties/test/application/rake_test.rb	True	True	True	True
25652	prathamesh-sonpatki	2016-07-02 15:23:42	simi	2016-07-03 14:35:59	railties/test/application/rake/restart_test.rb	True	True	True	True
25652	prathamesh-sonpatki	2016-07-02 15:23:42	simi	2016-07-03 14:35:59	railties/test/application/rake/notes_test.rb	True	True	True	True
25652	prathamesh-sonpatki	2016-07-02 15:23:42	simi	2016-07-03 14:35:59	railties/test/application/rake/migrations_test.rb	True	True	True	True
25652	prathamesh-sonpatki	2016-07-02 15:23:42	simi	2016-07-03 14:35:59	railties/test/application/rake/framework_test.rb	True	True	True	True
25652	prathamesh-sonpatki	2016-07-02 15:23:42	simi	2016-07-03 14:35:59	railties/test/application/rake/dbs_test.rb	True	True	True	True
25652	prathamesh-sonpatki	2016-07-02 15:23:42	simi	2016-07-03 14:35:59	railties/test/application/rackup_test.rb	True	True	True	True
25652	prathamesh-sonpatki	2016-07-02 15:23:42	simi	2016-07-03 14:35:59	railties/test/railties/railtie_test.rb	True	True	True	True
25650	prathamesh-sonpatki	2016-07-02 14:46:58	maclover7	2016-07-02 15:56:00	.github/pull_request_template.md	True	True	True	True
25647	aditya-kapoor	2016-07-02 09:17:04	vipulnsward	2016-07-02 09:31:10	guides/rails_guides/generator.rb	False	False	True	True
25635	connorshea	2016-07-01 20:34:34	rafaelfranca	2016-07-01 20:36:20	guides/source/upgrading_ruby_on_rails.md	True	False	True	True
25628	ysksn	2016-07-01 15:49:45	prathamesh-sonpatki	2016-07-02 13:01:17	activesupport/lib/active_support/cache/strategy/local_cache.rb	False	True	True	True
25628	ysksn	2016-07-01 15:49:45	prathamesh-sonpatki	2016-07-02 13:01:17	activesupport/lib/active_support/cache/file_store.rb	False	True	True	True
25628	ysksn	2016-07-01 15:49:45	prathamesh-sonpatki	2016-07-02 13:01:17	activesupport/lib/active_support/cache.rb	False	True	True	True
25628	ysksn	2016-07-01 15:49:45	prathamesh-sonpatki	2016-07-02 13:01:17	activesupport/CHANGELOG.md	False	True	True	True
25626	maclover7	2016-07-01 14:45:25	vipulnsward	2016-07-02 19:46:34	actioncable/README.md	True	True	True	True
25626	maclover7	2016-07-01 14:45:25	vipulnsward	2016-07-01 20:07:56	actioncable/README.md	True	True	True	True
25623	greysteil	2016-07-01 12:27:48	matthewd	2016-07-05 21:50:27	actionpack/CHANGELOG.md	True	True	True	True
25623	greysteil	2016-07-01 12:27:48	matthewd	2016-07-05 21:50:27	actionpack/test/dispatch/show_exceptions_test.rb	True	True	True	True
25623	greysteil	2016-07-01 12:27:48	matthewd	2016-07-05 21:50:27	actionpack/lib/action_dispatch/middleware/show_exceptions.rb	True	True	True	True
25621	Edouard-chin	2016-07-01 08:06:31	jonathanhefner	2016-07-01 13:52:09	actionview/test/template/render_test.rb	True	True	True	True
25621	Edouard-chin	2016-07-01 08:06:31	jonathanhefner	2016-07-01 13:52:09	actionview/test/fixtures/test/last_line_ruby_comment.erb	True	True	True	True
25621	Edouard-chin	2016-07-01 08:06:31	jonathanhefner	2016-07-01 13:52:09	actionview/test/template/render_test.rb	False	True	True	True
25621	Edouard-chin	2016-07-01 08:06:31	jonathanhefner	2016-07-01 13:52:09	actionview/lib/action_view/template/handlers/erb/erubis.rb	False	True	True	True
25616	ignatiusreza	2016-07-01 00:17:03	kaspth	2016-07-20 19:01:33	actionpack/test/controller/caching_test.rb	False	True	True	True
25616	ignatiusreza	2016-07-01 00:17:03	kaspth	2016-07-20 19:01:33	actionview/lib/action_view/helpers/cache_helper.rb	False	True	True	True
25616	ignatiusreza	2016-07-01 00:17:03	kaspth	2016-07-20 19:00:32	actionpack/test/controller/caching_test.rb	False	True	True	True
25616	ignatiusreza	2016-07-01 00:17:03	kaspth	2016-07-20 19:13:26	actionview/lib/action_view/renderer/partial_renderer/collection_caching.rb	False	True	True	True
25616	ignatiusreza	2016-07-01 00:17:03	kaspth	2016-07-20 19:13:26	actionpack/test/controller/caching_test.rb	False	True	True	True
25616	ignatiusreza	2016-07-01 00:17:03	kaspth	2016-07-20 19:01:33	actionview/lib/action_view/renderer/partial_renderer/collection_caching.rb	False	True	True	True
25616	ignatiusreza	2016-07-01 00:17:03	kaspth	2016-07-20 19:13:26	actionview/lib/action_view/helpers/cache_helper.rb	False	True	True	True
25616	ignatiusreza	2016-07-01 00:17:03	kaspth	2016-07-20 19:00:32	actionview/lib/action_view/helpers/cache_helper.rb	False	True	True	True
25616	ignatiusreza	2016-07-01 00:17:03	kaspth	2016-07-05 19:01:35	actionpack/test/controller/caching_test.rb	False	True	True	True
25616	ignatiusreza	2016-07-01 00:17:03	kaspth	2016-07-05 19:01:35	actionview/lib/action_view/helpers/cache_helper.rb	False	True	True	True
25616	ignatiusreza	2016-07-01 00:17:03	kaspth	2016-07-05 19:01:35	actionview/lib/action_view/renderer/partial_renderer/collection_caching.rb	False	True	True	True
25616	ignatiusreza	2016-07-01 00:17:03	kaspth	2016-07-20 19:00:32	actionview/lib/action_view/renderer/partial_renderer/collection_caching.rb	False	True	True	True
