pr_number	author_user_login	pr_created_at	review_user_login	review_created_at	filename	create_before_pr	has_issue_comment	has_review_comment	has_commit
9117	manlycode	2013-01-29 22:55:09	stevenharman	2013-02-06 04:09:07	activerecord/test/cases/nested_attributes_test.rb	True	True	True	True
9117	manlycode	2013-01-29 22:55:09	stevenharman	2013-02-06 04:09:07	activerecord/lib/active_record/nested_attributes.rb	True	True	True	True
9111	jsomara	2013-01-29 17:11:33	mhuggins	2013-01-29 19:27:51	actionpack/test/dispatch/request/json_params_parsing_test.rb	True	True	True	True
9111	jsomara	2013-01-29 17:11:33	mhuggins	2013-01-29 19:27:51	actionpack/lib/action_dispatch/http/request.rb	True	True	True	True
9111	jsomara	2013-01-29 17:11:33	mhuggins	2013-01-29 19:27:51	actionpack/test/dispatch/request/xml_params_parsing_test.rb	True	True	True	True
9107	mbarb0sa	2013-01-29 11:43:57	tenderlove	2013-02-11 17:40:55	activesupport/test/json/decoding_test.rb	True	True	True	True
9107	mbarb0sa	2013-01-29 11:43:57	tenderlove	2013-02-11 17:40:55	activesupport/lib/active_support/json/backends/okjson.rb	True	True	True	True
9107	mbarb0sa	2013-01-29 11:43:57	tenderlove	2013-02-11 17:40:55	activesupport/lib/active_support/json/backends/jsongem.rb	True	True	True	True
9107	mbarb0sa	2013-01-29 11:43:57	tenderlove	2013-02-11 17:40:55	activesupport/test/json/decoding_test.rb	False	True	True	True
9107	mbarb0sa	2013-01-29 11:43:57	tenderlove	2013-02-11 17:40:55	activesupport/lib/active_support/json/backends/okjson.rb	False	True	True	True
9105	bemurphy	2013-01-29 09:16:27	senny	2013-02-21 10:53:56	activerecord/test/schema/schema.rb	True	True	True	True
9105	bemurphy	2013-01-29 09:16:27	senny	2013-02-21 10:53:56	activerecord/test/cases/base_test.rb	True	True	True	True
9105	bemurphy	2013-01-29 09:16:27	senny	2013-02-21 10:53:56	activerecord/lib/active_record/timestamp.rb	True	True	True	True
9105	bemurphy	2013-01-29 09:16:27	senny	2013-02-21 10:53:56	activerecord/lib/active_record/integration.rb	True	True	True	True
9105	bemurphy	2013-01-29 09:16:27	senny	2013-02-21 10:53:56	activerecord/CHANGELOG.md	True	True	True	True
9103	zmoazeni	2013-01-29 02:11:46	rafaelfranca	2013-06-26 17:03:58	activesupport/CHANGELOG.md	False	True	True	True
9103	zmoazeni	2013-01-29 02:11:46	rafaelfranca	2013-06-26 17:03:58	activesupport/lib/active_support/json/encoding.rb	False	True	True	True
9103	zmoazeni	2013-01-29 02:11:46	rafaelfranca	2013-06-26 17:03:58	activesupport/test/json/encoding_test.rb	False	True	True	True
9090	luke-gru	2013-01-28 00:29:43	rafaelfranca	2013-01-29 00:16:21	activerecord/lib/active_record/associations.rb	True	True	True	True
9090	luke-gru	2013-01-28 00:29:43	rafaelfranca	2013-01-29 00:21:07	activerecord/lib/active_record/associations.rb	True	True	True	True
9090	luke-gru	2013-01-28 00:29:43	rafaelfranca	2013-01-29 00:16:48	activerecord/lib/active_record/associations.rb	True	True	True	True
9090	luke-gru	2013-01-28 00:29:43	rafaelfranca	2013-01-29 00:16:48	activerecord/lib/active_record/attribute_methods.rb	True	True	True	True
9090	luke-gru	2013-01-28 00:29:43	rafaelfranca	2013-01-29 00:16:48	activerecord/lib/active_record/connection_adapters/abstract/connection_pool.rb	True	True	True	True
9090	luke-gru	2013-01-28 00:29:43	rafaelfranca	2013-01-29 00:16:48	activerecord/lib/active_record/errors.rb	True	True	True	True
9090	luke-gru	2013-01-28 00:29:43	rafaelfranca	2013-01-29 00:16:48	activerecord/lib/active_record/persistence.rb	True	True	True	True
9090	luke-gru	2013-01-28 00:29:43	rafaelfranca	2013-01-29 00:16:21	activerecord/lib/active_record/attribute_methods.rb	True	True	True	True
9090	luke-gru	2013-01-28 00:29:43	rafaelfranca	2013-01-29 00:16:21	activerecord/lib/active_record/connection_adapters/abstract/connection_pool.rb	True	True	True	True
9090	luke-gru	2013-01-28 00:29:43	rafaelfranca	2013-01-29 00:16:21	activerecord/lib/active_record/persistence.rb	True	True	True	True
9090	luke-gru	2013-01-28 00:29:43	rafaelfranca	2013-01-29 00:16:21	activerecord/lib/active_record/errors.rb	True	True	True	True
9090	luke-gru	2013-01-28 00:29:43	rafaelfranca	2013-01-29 00:21:07	activerecord/lib/active_record/attribute_methods.rb	True	True	True	True
9090	luke-gru	2013-01-28 00:29:43	rafaelfranca	2013-01-29 00:21:07	activerecord/lib/active_record/connection_adapters/abstract/connection_pool.rb	True	True	True	True
9090	luke-gru	2013-01-28 00:29:43	rafaelfranca	2013-01-29 00:21:07	activerecord/lib/active_record/errors.rb	True	True	True	True
9090	luke-gru	2013-01-28 00:29:43	rafaelfranca	2013-01-29 00:21:07	activerecord/lib/active_record/persistence.rb	True	True	True	True
9090	luke-gru	2013-01-28 00:29:43	rafaelfranca	2013-01-29 00:16:26	activerecord/lib/active_record/associations.rb	True	True	True	True
9090	luke-gru	2013-01-28 00:29:43	rafaelfranca	2013-01-29 00:16:26	activerecord/lib/active_record/attribute_methods.rb	True	True	True	True
9090	luke-gru	2013-01-28 00:29:43	rafaelfranca	2013-01-29 00:16:26	activerecord/lib/active_record/connection_adapters/abstract/connection_pool.rb	True	True	True	True
9090	luke-gru	2013-01-28 00:29:43	rafaelfranca	2013-01-29 00:16:26	activerecord/lib/active_record/errors.rb	True	True	True	True
9090	luke-gru	2013-01-28 00:29:43	rafaelfranca	2013-01-29 00:16:26	activerecord/lib/active_record/persistence.rb	True	True	True	True
9080	sikachu	2013-01-25 20:50:09	carlosantoniodasilva	2013-01-26 00:24:02	railties/lib/rails/commands.rb	True	True	True	True
9080	sikachu	2013-01-25 20:50:09	carlosantoniodasilva	2013-01-26 00:24:02	railties/lib/rails/generators/rails/app/templates/test/test_helper.rb	False	True	True	True
9080	sikachu	2013-01-25 20:50:09	carlosantoniodasilva	2013-01-26 00:24:02	railties/CHANGELOG.md	False	True	True	True
9080	sikachu	2013-01-25 20:50:09	carlosantoniodasilva	2013-01-26 00:24:02	railties/test/application/test_runner_test.rb	True	True	True	True
9080	sikachu	2013-01-25 20:50:09	carlosantoniodasilva	2013-01-26 00:24:02	railties/lib/rails/commands/test_runner.rb	True	True	True	True
9080	sikachu	2013-01-25 20:50:09	carlosantoniodasilva	2013-01-26 00:24:02	railties/test/application/rake_test.rb	False	True	True	True
9080	sikachu	2013-01-25 20:50:09	carlosantoniodasilva	2013-01-26 00:24:02	railties/CHANGELOG.md	True	True	True	True
9080	sikachu	2013-01-25 20:50:09	carlosantoniodasilva	2013-01-26 00:24:02	railties/test/application/test_runner_test.rb	False	True	True	True
9080	sikachu	2013-01-25 20:50:09	carlosantoniodasilva	2013-01-26 00:24:02	railties/lib/rails/commands/test_runner.rb	False	True	True	True
9080	sikachu	2013-01-25 20:50:09	carlosantoniodasilva	2013-01-26 00:24:02	railties/lib/rails/commands.rb	False	True	True	True
9080	sikachu	2013-01-25 20:50:09	carlosantoniodasilva	2013-01-26 00:24:02	guides/source/testing.md	False	True	True	True
9080	sikachu	2013-01-25 20:50:09	carlosantoniodasilva	2013-01-26 00:24:02	railties/lib/rails/test_unit/testing.rake	False	True	True	True
9080	sikachu	2013-01-25 20:50:09	carlosantoniodasilva	2013-01-26 00:24:53	railties/test/application/test_runner_test.rb	False	True	True	True
9080	sikachu	2013-01-25 20:50:09	carlosantoniodasilva	2013-01-26 00:24:53	guides/source/testing.md	False	True	True	True
9080	sikachu	2013-01-25 20:50:09	carlosantoniodasilva	2013-01-26 00:24:53	railties/lib/rails/commands/test_runner.rb	False	True	True	True
9080	sikachu	2013-01-25 20:50:09	carlosantoniodasilva	2013-01-26 00:24:53	railties/lib/rails/commands.rb	False	True	True	True
9080	sikachu	2013-01-25 20:50:09	carlosantoniodasilva	2013-01-26 00:24:53	railties/CHANGELOG.md	True	True	True	True
9080	sikachu	2013-01-25 20:50:09	carlosantoniodasilva	2013-01-26 00:24:53	railties/lib/rails/commands.rb	True	True	True	True
9080	sikachu	2013-01-25 20:50:09	carlosantoniodasilva	2013-01-26 00:24:53	railties/lib/rails/commands/test_runner.rb	True	True	True	True
9080	sikachu	2013-01-25 20:50:09	carlosantoniodasilva	2013-01-26 00:24:53	railties/test/application/test_runner_test.rb	True	True	True	True
9080	sikachu	2013-01-25 20:50:09	carlosantoniodasilva	2013-01-26 00:24:53	railties/CHANGELOG.md	False	True	True	True
9080	sikachu	2013-01-25 20:50:09	carlosantoniodasilva	2013-01-26 00:24:53	railties/lib/rails/generators/rails/app/templates/test/test_helper.rb	False	True	True	True
9080	sikachu	2013-01-25 20:50:09	carlosantoniodasilva	2013-01-26 00:24:53	railties/lib/rails/test_unit/testing.rake	False	True	True	True
9080	sikachu	2013-01-25 20:50:09	carlosantoniodasilva	2013-01-26 00:24:53	railties/test/application/rake_test.rb	False	True	True	True
9078	senny	2013-01-25 16:30:32	rafaelfranca	2013-01-25 17:30:40	activerecord/CHANGELOG.md	True	True	True	True
9078	senny	2013-01-25 16:30:32	rafaelfranca	2013-01-25 17:30:40	activerecord/lib/active_record/relation/calculations.rb	True	True	True	True
9078	senny	2013-01-25 16:30:32	rafaelfranca	2013-01-25 17:30:40	activerecord/test/cases/calculations_test.rb	True	True	True	True
9073	nowaterlili	2013-01-25 08:22:06	guilleiguaran	2013-01-25 13:45:51	activerecord/test/cases/dirty_test.rb	True	True	True	True
9073	nowaterlili	2013-01-25 08:22:06	guilleiguaran	2013-01-25 13:45:51	activerecord/lib/active_record/attribute_methods/time_zone_conversion.rb	True	True	True	True
9073	nowaterlili	2013-01-25 08:22:06	guilleiguaran	2013-01-25 13:45:51	activerecord/CHANGELOG.md	True	True	True	True
9068	wangjohn	2013-01-25 06:01:29	rafaelfranca	2013-01-29 11:26:16	activerecord/CHANGELOG.md	True	True	True	True
9068	wangjohn	2013-01-25 06:01:29	rafaelfranca	2013-01-29 00:04:06	activerecord/test/cases/transactions_test.rb	True	True	True	True
9068	wangjohn	2013-01-25 06:01:29	rafaelfranca	2013-01-29 00:07:00	activerecord/CHANGELOG.md	True	True	True	True
9068	wangjohn	2013-01-25 06:01:29	rafaelfranca	2013-01-29 00:07:00	activerecord/lib/active_record/attribute_methods/primary_key.rb	True	True	True	True
9068	wangjohn	2013-01-25 06:01:29	rafaelfranca	2013-01-29 00:07:00	activerecord/lib/active_record/connection_adapters/abstract/transaction.rb	True	True	True	True
9068	wangjohn	2013-01-25 06:01:29	rafaelfranca	2013-01-29 00:07:00	activerecord/lib/active_record/core.rb	True	True	True	True
9068	wangjohn	2013-01-25 06:01:29	rafaelfranca	2013-01-29 00:04:06	activerecord/lib/active_record/persistence.rb	True	True	True	True
9068	wangjohn	2013-01-25 06:01:29	rafaelfranca	2013-01-29 00:07:00	activerecord/lib/active_record/persistence.rb	True	True	True	True
9068	wangjohn	2013-01-25 06:01:29	rafaelfranca	2013-01-29 00:07:00	activerecord/test/cases/transactions_test.rb	True	True	True	True
9068	wangjohn	2013-01-25 06:01:29	lexmag	2013-01-30 22:07:39	activerecord/lib/active_record/connection_adapters/abstract/transaction.rb	True	True	True	True
9068	wangjohn	2013-01-25 06:01:29	rafaelfranca	2013-01-29 11:26:16	activerecord/lib/active_record/attribute_methods/primary_key.rb	True	True	True	True
9068	wangjohn	2013-01-25 06:01:29	rafaelfranca	2013-01-29 11:26:16	activerecord/lib/active_record/connection_adapters/abstract/transaction.rb	True	True	True	True
9068	wangjohn	2013-01-25 06:01:29	rafaelfranca	2013-01-29 11:26:16	activerecord/lib/active_record/core.rb	True	True	True	True
9068	wangjohn	2013-01-25 06:01:29	rafaelfranca	2013-01-29 11:26:16	activerecord/lib/active_record/persistence.rb	True	True	True	True
9068	wangjohn	2013-01-25 06:01:29	rafaelfranca	2013-01-29 11:26:16	activerecord/test/cases/transactions_test.rb	True	True	True	True
9068	wangjohn	2013-01-25 06:01:29	lexmag	2013-01-30 22:07:39	activerecord/CHANGELOG.md	True	True	True	True
9068	wangjohn	2013-01-25 06:01:29	lexmag	2013-01-30 22:07:39	activerecord/lib/active_record/attribute_methods/primary_key.rb	True	True	True	True
9068	wangjohn	2013-01-25 06:01:29	rafaelfranca	2013-01-29 00:04:06	activerecord/lib/active_record/connection_adapters/abstract/transaction.rb	True	True	True	True
9068	wangjohn	2013-01-25 06:01:29	lexmag	2013-01-30 22:07:39	activerecord/lib/active_record/core.rb	True	True	True	True
9068	wangjohn	2013-01-25 06:01:29	rafaelfranca	2013-01-29 00:04:06	activerecord/lib/active_record/core.rb	True	True	True	True
9068	wangjohn	2013-01-25 06:01:29	tenderlove	2013-01-28 21:57:44	activerecord/test/cases/transactions_test.rb	True	True	True	True
9068	wangjohn	2013-01-25 06:01:29	rafaelfranca	2013-01-29 00:04:06	activerecord/lib/active_record/attribute_methods/primary_key.rb	True	True	True	True
9068	wangjohn	2013-01-25 06:01:29	tenderlove	2013-01-28 21:57:44	activerecord/lib/active_record/attribute_methods/primary_key.rb	True	True	True	True
9068	wangjohn	2013-01-25 06:01:29	lexmag	2013-01-30 22:07:39	activerecord/test/cases/transactions_test.rb	True	True	True	True
9068	wangjohn	2013-01-25 06:01:29	tenderlove	2013-01-25 22:49:07	activerecord/CHANGELOG.md	True	True	True	True
9068	wangjohn	2013-01-25 06:01:29	tenderlove	2013-01-25 22:49:07	activerecord/lib/active_record/attribute_methods/primary_key.rb	True	True	True	True
9068	wangjohn	2013-01-25 06:01:29	tenderlove	2013-01-25 22:49:07	activerecord/lib/active_record/connection_adapters/abstract/transaction.rb	True	True	True	True
9068	wangjohn	2013-01-25 06:01:29	tenderlove	2013-01-25 22:49:07	activerecord/lib/active_record/core.rb	True	True	True	True
9068	wangjohn	2013-01-25 06:01:29	tenderlove	2013-01-25 22:49:07	activerecord/lib/active_record/persistence.rb	True	True	True	True
9068	wangjohn	2013-01-25 06:01:29	tenderlove	2013-01-25 22:49:07	activerecord/test/cases/transactions_test.rb	True	True	True	True
9068	wangjohn	2013-01-25 06:01:29	tenderlove	2013-01-28 21:57:44	activerecord/CHANGELOG.md	True	True	True	True
9068	wangjohn	2013-01-25 06:01:29	tenderlove	2013-01-28 21:57:44	activerecord/lib/active_record/connection_adapters/abstract/transaction.rb	True	True	True	True
9068	wangjohn	2013-01-25 06:01:29	rafaelfranca	2013-01-29 00:04:06	activerecord/CHANGELOG.md	True	True	True	True
9068	wangjohn	2013-01-25 06:01:29	tenderlove	2013-01-28 21:57:44	activerecord/lib/active_record/core.rb	True	True	True	True
9068	wangjohn	2013-01-25 06:01:29	tenderlove	2013-01-28 21:57:44	activerecord/lib/active_record/persistence.rb	True	True	True	True
9068	wangjohn	2013-01-25 06:01:29	rafaelfranca	2013-01-28 23:58:33	activerecord/CHANGELOG.md	True	True	True	True
9068	wangjohn	2013-01-25 06:01:29	rafaelfranca	2013-01-28 23:58:33	activerecord/lib/active_record/attribute_methods/primary_key.rb	True	True	True	True
9068	wangjohn	2013-01-25 06:01:29	rafaelfranca	2013-01-28 23:58:33	activerecord/lib/active_record/connection_adapters/abstract/transaction.rb	True	True	True	True
9068	wangjohn	2013-01-25 06:01:29	rafaelfranca	2013-01-28 23:58:33	activerecord/lib/active_record/core.rb	True	True	True	True
9068	wangjohn	2013-01-25 06:01:29	rafaelfranca	2013-01-28 23:58:33	activerecord/lib/active_record/persistence.rb	True	True	True	True
9068	wangjohn	2013-01-25 06:01:29	rafaelfranca	2013-01-28 23:58:33	activerecord/test/cases/transactions_test.rb	True	True	True	True
9068	wangjohn	2013-01-25 06:01:29	lexmag	2013-01-30 22:07:39	activerecord/lib/active_record/persistence.rb	True	True	True	True
9068	wangjohn	2013-01-25 06:01:29	carlosantoniodasilva	2013-02-20 15:30:59	activerecord/lib/active_record/attribute_methods/primary_key.rb	True	True	True	True
9068	wangjohn	2013-01-25 06:01:29	carlosantoniodasilva	2013-02-20 15:30:59	activerecord/CHANGELOG.md	True	True	True	True
9068	wangjohn	2013-01-25 06:01:29	tenderlove	2013-01-28 21:56:54	activerecord/lib/active_record/connection_adapters/abstract/transaction.rb	True	True	True	True
9068	wangjohn	2013-01-25 06:01:29	tenderlove	2013-01-28 21:56:01	activerecord/test/cases/transactions_test.rb	True	True	True	True
9068	wangjohn	2013-01-25 06:01:29	tenderlove	2013-01-25 22:45:03	activerecord/CHANGELOG.md	True	True	True	True
9068	wangjohn	2013-01-25 06:01:29	tenderlove	2013-01-25 22:45:03	activerecord/lib/active_record/attribute_methods/primary_key.rb	True	True	True	True
9068	wangjohn	2013-01-25 06:01:29	tenderlove	2013-01-25 22:45:03	activerecord/lib/active_record/connection_adapters/abstract/transaction.rb	True	True	True	True
9068	wangjohn	2013-01-25 06:01:29	tenderlove	2013-01-25 22:45:03	activerecord/lib/active_record/core.rb	True	True	True	True
9068	wangjohn	2013-01-25 06:01:29	tenderlove	2013-01-25 22:45:03	activerecord/lib/active_record/persistence.rb	True	True	True	True
9068	wangjohn	2013-01-25 06:01:29	tenderlove	2013-01-28 21:56:54	activerecord/CHANGELOG.md	True	True	True	True
9068	wangjohn	2013-01-25 06:01:29	tenderlove	2013-01-28 21:56:54	activerecord/lib/active_record/attribute_methods/primary_key.rb	True	True	True	True
9068	wangjohn	2013-01-25 06:01:29	tenderlove	2013-01-28 21:56:54	activerecord/lib/active_record/core.rb	True	True	True	True
9068	wangjohn	2013-01-25 06:01:29	tenderlove	2013-01-28 21:56:01	activerecord/lib/active_record/core.rb	True	True	True	True
9068	wangjohn	2013-01-25 06:01:29	tenderlove	2013-01-28 21:56:54	activerecord/lib/active_record/persistence.rb	True	True	True	True
9068	wangjohn	2013-01-25 06:01:29	tenderlove	2013-01-28 21:56:54	activerecord/test/cases/transactions_test.rb	True	True	True	True
9068	wangjohn	2013-01-25 06:01:29	tenderlove	2013-01-25 22:46:40	activerecord/CHANGELOG.md	True	True	True	True
9068	wangjohn	2013-01-25 06:01:29	tenderlove	2013-01-25 22:46:40	activerecord/lib/active_record/attribute_methods/primary_key.rb	True	True	True	True
9068	wangjohn	2013-01-25 06:01:29	tenderlove	2013-01-25 22:46:40	activerecord/lib/active_record/connection_adapters/abstract/transaction.rb	True	True	True	True
9068	wangjohn	2013-01-25 06:01:29	tenderlove	2013-01-25 22:46:40	activerecord/lib/active_record/core.rb	True	True	True	True
9068	wangjohn	2013-01-25 06:01:29	tenderlove	2013-01-25 22:46:40	activerecord/lib/active_record/persistence.rb	True	True	True	True
9068	wangjohn	2013-01-25 06:01:29	tenderlove	2013-01-25 22:46:40	activerecord/test/cases/transactions_test.rb	True	True	True	True
9068	wangjohn	2013-01-25 06:01:29	tenderlove	2013-01-28 21:56:01	activerecord/lib/active_record/persistence.rb	True	True	True	True
9068	wangjohn	2013-01-25 06:01:29	tenderlove	2013-01-25 22:45:03	activerecord/test/cases/transactions_test.rb	True	True	True	True
9068	wangjohn	2013-01-25 06:01:29	tenderlove	2013-01-28 21:56:01	activerecord/lib/active_record/connection_adapters/abstract/transaction.rb	True	True	True	True
9068	wangjohn	2013-01-25 06:01:29	tenderlove	2013-01-25 22:53:36	activerecord/lib/active_record/persistence.rb	True	True	True	True
9068	wangjohn	2013-01-25 06:01:29	carlosantoniodasilva	2013-02-20 15:30:59	activerecord/lib/active_record/connection_adapters/abstract/transaction.rb	True	True	True	True
9068	wangjohn	2013-01-25 06:01:29	tenderlove	2013-01-28 21:56:01	activerecord/lib/active_record/attribute_methods/primary_key.rb	True	True	True	True
9068	wangjohn	2013-01-25 06:01:29	carlosantoniodasilva	2013-02-20 15:30:59	activerecord/lib/active_record/persistence.rb	True	True	True	True
9068	wangjohn	2013-01-25 06:01:29	carlosantoniodasilva	2013-02-20 15:30:59	activerecord/test/cases/transactions_test.rb	True	True	True	True
9068	wangjohn	2013-01-25 06:01:29	tenderlove	2013-01-25 22:53:36	activerecord/CHANGELOG.md	True	True	True	True
9068	wangjohn	2013-01-25 06:01:29	tenderlove	2013-01-25 22:53:36	activerecord/lib/active_record/attribute_methods/primary_key.rb	True	True	True	True
9068	wangjohn	2013-01-25 06:01:29	tenderlove	2013-01-25 22:53:36	activerecord/lib/active_record/connection_adapters/abstract/transaction.rb	True	True	True	True
9068	wangjohn	2013-01-25 06:01:29	tenderlove	2013-01-25 22:53:36	activerecord/lib/active_record/core.rb	True	True	True	True
9068	wangjohn	2013-01-25 06:01:29	carlosantoniodasilva	2013-02-20 15:30:59	activerecord/lib/active_record/core.rb	True	True	True	True
9068	wangjohn	2013-01-25 06:01:29	tenderlove	2013-01-25 22:53:36	activerecord/test/cases/transactions_test.rb	True	True	True	True
9068	wangjohn	2013-01-25 06:01:29	tenderlove	2013-01-28 21:55:51	activerecord/CHANGELOG.md	True	True	True	True
9068	wangjohn	2013-01-25 06:01:29	tenderlove	2013-01-28 21:55:51	activerecord/lib/active_record/attribute_methods/primary_key.rb	True	True	True	True
9068	wangjohn	2013-01-25 06:01:29	tenderlove	2013-01-28 21:55:51	activerecord/lib/active_record/connection_adapters/abstract/transaction.rb	True	True	True	True
9068	wangjohn	2013-01-25 06:01:29	tenderlove	2013-01-28 21:55:51	activerecord/lib/active_record/core.rb	True	True	True	True
9068	wangjohn	2013-01-25 06:01:29	tenderlove	2013-01-28 21:55:51	activerecord/lib/active_record/persistence.rb	True	True	True	True
9068	wangjohn	2013-01-25 06:01:29	tenderlove	2013-01-28 21:55:51	activerecord/test/cases/transactions_test.rb	True	True	True	True
9068	wangjohn	2013-01-25 06:01:29	tenderlove	2013-01-28 21:56:01	activerecord/CHANGELOG.md	True	True	True	True
9052	gaelmuller	2013-01-23 23:40:52	mdespuits	2013-01-24 01:17:22	activerecord/CHANGELOG.md	True	True	True	True
9052	gaelmuller	2013-01-23 23:40:52	mdespuits	2013-01-24 01:17:22	activerecord/lib/active_record/querying.rb	True	True	True	True
9052	gaelmuller	2013-01-23 23:40:52	mdespuits	2013-01-24 01:17:22	activerecord/lib/active_record/relation/query_methods.rb	True	True	True	True
9052	gaelmuller	2013-01-23 23:40:52	mdespuits	2013-01-24 01:17:22	activerecord/test/cases/relation/or_test.rb	True	True	True	True
9052	gaelmuller	2013-01-23 23:40:52	mdespuits	2013-01-24 01:22:11	activerecord/CHANGELOG.md	True	True	True	True
9052	gaelmuller	2013-01-23 23:40:52	mdespuits	2013-01-24 01:22:11	activerecord/lib/active_record/querying.rb	True	True	True	True
9052	gaelmuller	2013-01-23 23:40:52	mdespuits	2013-01-24 01:22:11	activerecord/lib/active_record/relation/query_methods.rb	True	True	True	True
9052	gaelmuller	2013-01-23 23:40:52	mdespuits	2013-01-24 01:22:11	activerecord/test/cases/relation/or_test.rb	True	True	True	True
9049	semaperepelitsa	2013-01-23 20:34:36	carlosantoniodasilva	2013-01-25 12:24:19	actionpack/CHANGELOG.md	False	True	True	True
9049	semaperepelitsa	2013-01-23 20:34:36	carlosantoniodasilva	2013-01-25 12:24:19	actionpack/test/template/record_tag_helper_test.rb	True	True	True	True
9049	semaperepelitsa	2013-01-23 20:34:36	carlosantoniodasilva	2013-01-25 12:24:19	actionpack/lib/action_view/helpers/record_tag_helper.rb	True	True	True	True
9049	semaperepelitsa	2013-01-23 20:34:36	carlosantoniodasilva	2013-01-30 15:18:15	actionpack/CHANGELOG.md	False	True	True	True
9049	semaperepelitsa	2013-01-23 20:34:36	carlosantoniodasilva	2013-01-30 15:18:15	actionpack/test/template/record_tag_helper_test.rb	True	True	True	True
9049	semaperepelitsa	2013-01-23 20:34:36	carlosantoniodasilva	2013-01-30 15:18:15	actionpack/lib/action_view/helpers/record_tag_helper.rb	True	True	True	True
9042	senny	2013-01-23 09:59:33	fabianoalmeida	2013-01-23 17:48:34	activerecord/CHANGELOG.md	True	True	True	True
9042	senny	2013-01-23 09:59:33	andrenpaes	2013-01-23 14:42:27	activerecord/lib/active_record/attribute_methods/dirty.rb	True	True	True	True
9042	senny	2013-01-23 09:59:33	andrenpaes	2013-01-23 14:42:27	activerecord/test/cases/dirty_test.rb	True	True	True	True
9042	senny	2013-01-23 09:59:33	andrenpaes	2013-01-23 14:42:27	activerecord/CHANGELOG.md	True	True	True	True
9042	senny	2013-01-23 09:59:33	fabianoalmeida	2013-01-23 17:48:34	activerecord/lib/active_record/attribute_methods/dirty.rb	True	True	True	True
9042	senny	2013-01-23 09:59:33	fabianoalmeida	2013-01-23 17:48:34	activerecord/test/cases/dirty_test.rb	True	True	True	True
9041	sodabrew	2013-01-23 09:06:50	rafaelfranca	2013-01-25 12:35:09	activerecord/lib/active_record/connection_adapters/connection_specification.rb	True	True	True	True
9041	sodabrew	2013-01-23 09:06:50	rafaelfranca	2013-01-25 12:35:09	activerecord/CHANGELOG.md	True	True	True	True
9041	sodabrew	2013-01-23 09:06:50	rafaelfranca	2013-01-25 12:35:09	activerecord/test/cases/connection_specification/resolver_test.rb	True	True	True	True
9039	senny	2013-01-23 08:36:48	rafaelfranca	2013-02-06 18:00:05	actionpack/CHANGELOG.md	True	False	True	True
9039	senny	2013-01-23 08:36:48	carlosantoniodasilva	2013-01-25 12:27:29	actionpack/CHANGELOG.md	True	False	True	True
9039	senny	2013-01-23 08:36:48	carlosantoniodasilva	2013-01-23 11:55:10	actionpack/test/dispatch/routing_test.rb	True	False	True	True
9039	senny	2013-01-23 08:36:48	carlosantoniodasilva	2013-01-23 11:55:10	actionpack/lib/action_dispatch/routing/mapper.rb	True	False	True	True
9039	senny	2013-01-23 08:36:48	carlosantoniodasilva	2013-01-23 11:55:10	actionpack/CHANGELOG.md	True	False	True	True
9039	senny	2013-01-23 08:36:48	carlosantoniodasilva	2013-01-25 12:27:29	guides/source/routing.md	True	False	True	True
9039	senny	2013-01-23 08:36:48	carlosantoniodasilva	2013-01-25 12:27:29	actionpack/test/dispatch/routing_test.rb	True	False	True	True
9039	senny	2013-01-23 08:36:48	carlosantoniodasilva	2013-01-25 12:27:29	actionpack/lib/action_dispatch/routing/mapper.rb	True	False	True	True
9039	senny	2013-01-23 08:36:48	jeremy	2013-02-06 17:06:34	actionpack/test/dispatch/routing_test.rb	True	False	True	True
9039	senny	2013-01-23 08:36:48	jeremy	2013-02-06 17:06:34	guides/source/routing.md	True	False	True	True
9039	senny	2013-01-23 08:36:48	carlosantoniodasilva	2013-01-23 11:55:05	actionpack/CHANGELOG.md	True	False	True	True
9039	senny	2013-01-23 08:36:48	jeremy	2013-02-06 17:06:34	actionpack/CHANGELOG.md	True	False	True	True
9039	senny	2013-01-23 08:36:48	rafaelfranca	2013-02-06 18:00:05	guides/source/routing.md	True	False	True	True
9039	senny	2013-01-23 08:36:48	rafaelfranca	2013-02-06 18:00:05	actionpack/test/dispatch/routing_test.rb	True	False	True	True
9039	senny	2013-01-23 08:36:48	rafaelfranca	2013-02-06 18:00:05	actionpack/lib/action_dispatch/routing/mapper.rb	True	False	True	True
9039	senny	2013-01-23 08:36:48	carlosantoniodasilva	2013-01-23 11:55:10	guides/source/routing.md	True	False	True	True
9039	senny	2013-01-23 08:36:48	jeremy	2013-02-06 17:06:34	actionpack/lib/action_dispatch/routing/mapper.rb	True	False	True	True
9039	senny	2013-01-23 08:36:48	carlosantoniodasilva	2013-01-23 11:55:05	actionpack/lib/action_dispatch/routing/mapper.rb	True	False	True	True
9039	senny	2013-01-23 08:36:48	carlosantoniodasilva	2013-01-23 11:53:50	actionpack/lib/action_dispatch/routing/mapper.rb	True	False	True	True
9039	senny	2013-01-23 08:36:48	carlosantoniodasilva	2013-01-23 11:54:36	guides/source/routing.md	True	False	True	True
9039	senny	2013-01-23 08:36:48	carlosantoniodasilva	2013-01-23 11:54:36	actionpack/test/dispatch/routing_test.rb	True	False	True	True
9039	senny	2013-01-23 08:36:48	carlosantoniodasilva	2013-01-23 11:54:36	actionpack/lib/action_dispatch/routing/mapper.rb	True	False	True	True
9039	senny	2013-01-23 08:36:48	carlosantoniodasilva	2013-01-23 11:54:36	actionpack/CHANGELOG.md	True	False	True	True
9039	senny	2013-01-23 08:36:48	carlosantoniodasilva	2013-01-23 11:55:05	actionpack/test/dispatch/routing_test.rb	True	False	True	True
9039	senny	2013-01-23 08:36:48	carlosantoniodasilva	2013-01-23 11:53:50	actionpack/test/dispatch/routing_test.rb	True	False	True	True
9039	senny	2013-01-23 08:36:48	carlosantoniodasilva	2013-01-23 11:53:50	guides/source/routing.md	True	False	True	True
9039	senny	2013-01-23 08:36:48	carlosantoniodasilva	2013-01-23 11:53:50	actionpack/CHANGELOG.md	True	False	True	True
9039	senny	2013-01-23 08:36:48	carlosantoniodasilva	2013-01-23 11:54:24	guides/source/routing.md	True	False	True	True
9039	senny	2013-01-23 08:36:48	carlosantoniodasilva	2013-01-23 11:54:24	actionpack/test/dispatch/routing_test.rb	True	False	True	True
9039	senny	2013-01-23 08:36:48	carlosantoniodasilva	2013-01-23 11:54:24	actionpack/lib/action_dispatch/routing/mapper.rb	True	False	True	True
9039	senny	2013-01-23 08:36:48	carlosantoniodasilva	2013-01-23 11:54:24	actionpack/CHANGELOG.md	True	False	True	True
9039	senny	2013-01-23 08:36:48	carlosantoniodasilva	2013-01-23 11:55:05	guides/source/routing.md	True	False	True	True
9028	amenzhinsky	2013-01-22 15:04:25	rafaelfranca	2014-04-11 21:21:09	activesupport/test/caching_test.rb	False	True	True	True
9028	amenzhinsky	2013-01-22 15:04:25	rafaelfranca	2014-04-11 21:21:09	activesupport/lib/active_support/cache/mem_cache_store.rb	False	True	True	True
9024	ethansr	2013-01-22 03:51:41	spastorino	2013-02-12 02:56:21	actionpack/test/dispatch/request/rack_input_rewind_test.rb	True	True	True	True
9024	ethansr	2013-01-22 03:51:41	spastorino	2013-02-12 02:56:21	actionpack/lib/action_dispatch/middleware/params_parser.rb	True	True	True	True
9023	virusman	2013-01-21 21:23:34	carlosantoniodasilva	2013-01-21 21:27:41	actionpack/lib/action_view/helpers/form_helper.rb	True	True	True	True
9023	virusman	2013-01-21 21:23:34	carlosantoniodasilva	2013-01-21 21:27:41	actionpack/test/activerecord/form_helper_activerecord_test.rb	True	True	True	True
9023	virusman	2013-01-21 21:23:34	rafaelfranca	2013-01-21 21:32:02	actionpack/lib/action_view/helpers/form_helper.rb	True	True	True	True
9023	virusman	2013-01-21 21:23:34	rafaelfranca	2013-01-21 21:32:02	actionpack/test/activerecord/form_helper_activerecord_test.rb	True	True	True	True
9022	braddunbar	2013-01-21 20:43:29	steveklabnik	2013-03-18 18:43:22	actionpack/test/controller/http_digest_authentication_test.rb	True	True	True	True
9022	braddunbar	2013-01-21 20:43:29	steveklabnik	2013-03-18 18:43:22	actionpack/lib/action_controller/metal/http_authentication.rb	True	True	True	True
9022	braddunbar	2013-01-21 20:43:29	steveklabnik	2013-03-18 18:43:22	actionpack/CHANGELOG.md	True	True	True	True
9020	tylerdooling	2013-01-21 20:02:10	carlosantoniodasilva	2013-01-21 20:04:27	activesupport/test/core_ext/hash_ext_test.rb	True	True	True	True
9020	tylerdooling	2013-01-21 20:02:10	carlosantoniodasilva	2013-01-21 20:04:27	activesupport/lib/active_support/core_ext/hash/traverse.rb	True	True	True	True
9020	tylerdooling	2013-01-21 20:02:10	carlosantoniodasilva	2013-01-21 20:04:27	activesupport/lib/active_support/core_ext/hash.rb	True	True	True	True
9020	tylerdooling	2013-01-21 20:02:10	carlosantoniodasilva	2013-01-21 20:04:27	activesupport/CHANGELOG.md	True	True	True	True
9014	virusman	2013-01-21 12:56:43	rafaelfranca	2013-01-21 12:59:38	actionpack/test/activerecord/form_helper_activerecord_test.rb	True	False	True	True
9014	virusman	2013-01-21 12:56:43	rafaelfranca	2013-01-21 13:00:49	actionpack/test/activerecord/form_helper_activerecord_test.rb	True	False	True	True
9014	virusman	2013-01-21 12:56:43	rafaelfranca	2013-01-21 13:00:49	actionpack/test/fixtures/developer.rb	True	False	True	True
9014	virusman	2013-01-21 12:56:43	rafaelfranca	2013-01-21 12:59:19	actionpack/test/activerecord/form_helper_activerecord_test.rb	True	False	True	True
9014	virusman	2013-01-21 12:56:43	rafaelfranca	2013-01-21 12:59:38	actionpack/test/fixtures/developer.rb	True	False	True	True
9014	virusman	2013-01-21 12:56:43	rafaelfranca	2013-01-21 12:59:19	actionpack/test/fixtures/developer.rb	True	False	True	True
9011	wangjohn	2013-01-21 08:39:09	rafaelfranca	2013-01-21 11:50:45	activerecord/test/cases/transactions_test.rb	True	True	True	True
9011	wangjohn	2013-01-21 08:39:09	rafaelfranca	2013-01-21 11:50:45	activerecord/lib/active_record/connection_adapters/abstract/transaction.rb	True	True	True	True
9011	wangjohn	2013-01-21 08:39:09	rafaelfranca	2013-01-21 11:52:16	activerecord/test/cases/transactions_test.rb	True	True	True	True
9011	wangjohn	2013-01-21 08:39:09	rafaelfranca	2013-01-21 11:52:16	activerecord/lib/active_record/connection_adapters/abstract/transaction.rb	True	True	True	True
9005	ranjaykrishna	2013-01-20 17:44:10	tenderlove	2013-01-20 17:44:45	activerecord/Rakefile	True	False	True	True
9005	ranjaykrishna	2013-01-20 17:44:10	tenderlove	2013-01-20 17:44:45	activerecord/Rakefile	False	False	True	True
9005	ranjaykrishna	2013-01-20 17:44:10	tenderlove	2013-01-20 17:45:19	activerecord/Rakefile	True	False	True	True
9005	ranjaykrishna	2013-01-20 17:44:10	tenderlove	2013-01-20 17:45:19	activerecord/Rakefile	False	False	True	True
9001	schneems	2013-01-19 22:32:35	pixeltrix	2013-01-20 10:50:20	actionpack/test/dispatch/routing/inspector_test.rb	True	True	True	True
9001	schneems	2013-01-19 22:32:35	pixeltrix	2013-01-20 10:50:20	actionpack/CHANGELOG.md	True	True	True	True
9001	schneems	2013-01-19 22:32:35	pixeltrix	2013-01-20 10:50:20	actionpack/lib/action_dispatch/middleware/templates/routes/_route.html.erb	True	True	True	True
9001	schneems	2013-01-19 22:32:35	pixeltrix	2013-01-20 10:50:20	actionpack/lib/action_dispatch/middleware/templates/routes/_table.html.erb	True	True	True	True
9001	schneems	2013-01-19 22:32:35	pixeltrix	2013-01-20 10:50:20	actionpack/lib/action_dispatch/routing/inspector.rb	True	True	True	True
9001	schneems	2013-01-19 22:32:35	h3h	2013-01-19 22:53:09	actionpack/test/dispatch/routing/inspector_test.rb	True	True	True	True
9001	schneems	2013-01-19 22:32:35	h3h	2013-01-19 22:53:09	actionpack/CHANGELOG.md	True	True	True	True
9001	schneems	2013-01-19 22:32:35	h3h	2013-01-19 22:53:09	actionpack/lib/action_dispatch/middleware/templates/routes/_table.html.erb	True	True	True	True
9001	schneems	2013-01-19 22:32:35	h3h	2013-01-19 22:53:09	actionpack/lib/action_dispatch/routing/inspector.rb	True	True	True	True
9001	schneems	2013-01-19 22:32:35	h3h	2013-01-19 22:53:09	actionpack/lib/action_dispatch/middleware/templates/routes/_route.html.erb	True	True	True	True
8996	wangjohn	2013-01-19 02:49:47	tenderlove	2013-01-19 16:54:49	activerecord/test/cases/validations/association_validation_test.rb	False	True	True	True
8996	wangjohn	2013-01-19 02:49:47	tenderlove	2013-01-19 16:54:49	activerecord/lib/active_record/validations/associated.rb	False	True	True	True
8996	wangjohn	2013-01-19 02:49:47	carlosantoniodasilva	2013-01-25 11:08:25	activerecord/test/cases/validations/association_validation_test.rb	False	True	True	True
8996	wangjohn	2013-01-19 02:49:47	carlosantoniodasilva	2013-01-25 11:08:25	activerecord/lib/active_record/validations/associated.rb	False	True	True	True
8996	wangjohn	2013-01-19 02:49:47	carlosantoniodasilva	2013-01-25 11:09:31	activerecord/test/cases/validations/association_validation_test.rb	False	True	True	True
8996	wangjohn	2013-01-19 02:49:47	carlosantoniodasilva	2013-01-25 11:09:31	activerecord/lib/active_record/validations/associated.rb	False	True	True	True
8978	chrismcg	2013-01-17 15:23:11	carlosantoniodasilva	2013-01-17 15:44:21	actionpack/lib/action_view/helpers/date_helper.rb	True	True	True	True
8978	chrismcg	2013-01-17 15:23:11	carlosantoniodasilva	2013-01-17 15:44:21	actionpack/lib/action_view/helpers/date_helper.rb	False	True	True	True
8978	chrismcg	2013-01-17 15:23:11	carlosantoniodasilva	2013-01-17 15:44:21	actionpack/test/template/date_helper_i18n_test.rb	True	True	True	True
8978	chrismcg	2013-01-17 15:23:11	carlosantoniodasilva	2013-01-17 15:44:21	activesupport/lib/active_support/locale/en.yml	True	True	True	True
8967	senny	2013-01-16 19:23:03	rafaelfranca	2013-01-16 19:43:39	guides/source/action_mailer_basics.md	True	True	True	True
8966	cfabianski	2013-01-16 19:13:25	rafaelfranca	2013-02-27 14:13:26	activerecord/test/cases/relations_test.rb	True	True	True	True
8966	cfabianski	2013-01-16 19:13:25	rafaelfranca	2013-02-27 14:13:26	activerecord/lib/active_record/connection_adapters/sqlite3_adapter.rb	True	True	True	True
8966	cfabianski	2013-01-16 19:13:25	rafaelfranca	2013-02-27 14:13:26	activerecord/lib/active_record/connection_adapters/postgresql_adapter.rb	True	True	True	True
8966	cfabianski	2013-01-16 19:13:25	rafaelfranca	2013-02-27 14:13:26	activerecord/lib/active_record/connection_adapters/abstract_mysql_adapter.rb	True	True	True	True
8966	cfabianski	2013-01-16 19:13:25	rafaelfranca	2013-02-27 14:13:26	activerecord/lib/active_record/connection_adapters/abstract_adapter.rb	True	True	True	True
8966	cfabianski	2013-01-16 19:13:25	rafaelfranca	2013-02-27 14:13:26	activerecord/CHANGELOG.md	True	True	True	True
8965	colinbm	2013-01-16 19:00:05	carlosantoniodasilva	2013-01-16 19:23:52	actionpack/test/template/date_helper_test.rb	True	True	True	True
8965	colinbm	2013-01-16 19:00:05	carlosantoniodasilva	2013-01-16 21:37:13	actionpack/lib/action_view/helpers/tags/date_select.rb	True	True	True	True
8965	colinbm	2013-01-16 19:00:05	carlosantoniodasilva	2013-01-16 21:37:13	actionpack/test/template/date_helper_test.rb	True	True	True	True
8965	colinbm	2013-01-16 19:00:05	carlosantoniodasilva	2013-01-16 19:23:52	actionpack/lib/action_view/helpers/tags/date_select.rb	True	True	True	True
8965	colinbm	2013-01-16 19:00:05	carlosantoniodasilva	2013-01-16 19:23:28	actionpack/test/template/date_helper_test.rb	True	True	True	True
8965	colinbm	2013-01-16 19:00:05	carlosantoniodasilva	2013-01-16 19:23:28	actionpack/lib/action_view/helpers/tags/date_select.rb	True	True	True	True
8964	mdespuits	2013-01-16 18:52:31	carlosantoniodasilva	2013-01-16 23:10:33	railties/lib/rails/tasks/log.rake	True	True	True	True
8964	mdespuits	2013-01-16 18:52:31	carlosantoniodasilva	2013-01-16 23:10:33	railties/CHANGELOG.md	True	True	True	True
8964	mdespuits	2013-01-16 18:52:31	carlosantoniodasilva	2013-01-16 23:10:33	guides/source/command_line.md	True	True	True	True
8964	mdespuits	2013-01-16 18:52:31	carlosantoniodasilva	2013-01-16 23:03:42	railties/lib/rails/tasks/log.rake	True	True	True	True
8964	mdespuits	2013-01-16 18:52:31	carlosantoniodasilva	2013-01-16 23:03:42	railties/CHANGELOG.md	True	True	True	True
8964	mdespuits	2013-01-16 18:52:31	carlosantoniodasilva	2013-01-16 23:03:42	guides/source/command_line.md	True	True	True	True
8964	mdespuits	2013-01-16 18:52:31	carlosantoniodasilva	2013-01-16 23:02:45	railties/lib/rails/tasks/log.rake	True	True	True	True
8964	mdespuits	2013-01-16 18:52:31	carlosantoniodasilva	2013-01-16 23:02:45	railties/CHANGELOG.md	True	True	True	True
8964	mdespuits	2013-01-16 18:52:31	carlosantoniodasilva	2013-01-16 23:02:45	guides/source/command_line.md	True	True	True	True
8961	ghost	2013-01-16 04:02:51	mdespuits	2013-01-18 16:33:21	actionpack/lib/action_dispatch/request/session.rb	False	True	True	True
8961	ghost	2013-01-16 04:02:51	mdespuits	2013-01-18 16:33:21	actionpack/lib/action_dispatch/middleware/session/cookie_store.rb	False	True	True	True
8961	ghost	2013-01-16 04:02:51	mdespuits	2013-01-18 16:33:21	actionpack/test/dispatch/session/cookie_store_test.rb	False	True	True	True
8961	ghost	2013-01-16 04:02:51	mdespuits	2013-01-18 16:33:21	actionpack/test/dispatch/request/session_test.rb	False	True	True	True
8959	vitorbaptista	2013-01-16 02:39:48	carlosantoniodasilva	2013-01-16 11:35:44	activerecord/test/cases/adapters/postgresql/active_schema_test.rb	True	True	True	True
8959	vitorbaptista	2013-01-16 02:39:48	carlosantoniodasilva	2013-01-16 11:35:44	activerecord/lib/active_record/connection_adapters/postgresql/schema_statements.rb	True	True	True	True
8959	vitorbaptista	2013-01-16 02:39:48	carlosantoniodasilva	2013-01-16 11:35:44	activerecord/lib/active_record/connection_adapters/mysql2_adapter.rb	True	True	True	True
8959	vitorbaptista	2013-01-16 02:39:48	carlosantoniodasilva	2013-01-16 11:35:24	activerecord/test/cases/adapters/postgresql/active_schema_test.rb	True	True	True	True
8959	vitorbaptista	2013-01-16 02:39:48	carlosantoniodasilva	2013-01-16 11:35:24	activerecord/lib/active_record/connection_adapters/postgresql/schema_statements.rb	True	True	True	True
8959	vitorbaptista	2013-01-16 02:39:48	carlosantoniodasilva	2013-01-16 11:35:24	activerecord/lib/active_record/connection_adapters/mysql2_adapter.rb	True	True	True	True
8940	adomokos	2013-01-14 20:05:18	carlosantoniodasilva	2013-01-15 10:39:59	activemodel/test/cases/dirty_test.rb	True	True	True	True
8939	senny	2013-01-14 19:08:26	rafaelfranca	2013-01-14 20:16:14	activemodel/test/cases/conversion_test.rb	True	False	True	True
8939	senny	2013-01-14 19:08:26	rafaelfranca	2013-01-14 20:16:14	activemodel/test/models/helicopter.rb	True	False	True	True
8938	colinbm	2013-01-14 18:22:58	steveklabnik	2013-01-14 19:34:18	actionpack/lib/action_view/helpers/date_helper.rb	True	True	True	True
8938	colinbm	2013-01-14 18:22:58	steveklabnik	2013-01-14 19:34:18	actionpack/CHANGELOG.md	True	True	True	True
8938	colinbm	2013-01-14 18:22:58	steveklabnik	2013-01-14 19:34:18	actionpack/lib/action_view/helpers/tags/date_select.rb	True	True	True	True
8938	colinbm	2013-01-14 18:22:58	steveklabnik	2013-01-14 19:34:18	actionpack/test/template/date_helper_test.rb	True	True	True	True
8930	cordawyn	2013-01-14 13:10:39	carlosantoniodasilva	2013-01-14 13:25:03	activerecord/lib/active_record/railties/databases.rake	True	True	True	True
8930	cordawyn	2013-01-14 13:10:39	carlosantoniodasilva	2013-01-14 13:25:03	activerecord/CHANGELOG.md	True	True	True	True
8919	vanyak	2013-01-13 05:19:08	robin850	2013-01-13 08:39:59	activerecord/test/cases/base_test.rb	True	True	True	True
8919	vanyak	2013-01-13 05:19:08	robin850	2013-01-13 08:39:59	activerecord/lib/active_record/relation/query_methods.rb	True	True	True	True
8919	vanyak	2013-01-13 05:19:08	robin850	2013-01-13 08:39:59	activerecord/CHANGELOG.md	True	True	True	True
8917	adomokos	2013-01-12 19:32:32	senny	2013-01-13 00:03:04	activemodel/test/cases/model_test.rb	True	True	True	True
8914	nilbus	2013-01-12 16:01:19	steveklabnik	2013-01-13 15:58:22	actionpack/CHANGELOG.md	True	True	True	True
8914	nilbus	2013-01-12 16:01:19	steveklabnik	2013-01-13 15:58:22	actionpack/test/dispatch/best_standards_support_test.rb	True	True	True	True
8914	nilbus	2013-01-12 16:01:19	steveklabnik	2013-01-13 15:58:22	actionpack/lib/action_dispatch/middleware/best_standards_support.rb	True	True	True	True
8912	senny	2013-01-12 14:24:49	amatsuda	2013-01-12 19:44:01	activerecord/test/cases/associations/has_many_associations_test.rb	True	True	True	True
8912	senny	2013-01-12 14:24:49	amatsuda	2013-01-12 19:44:01	activerecord/lib/active_record/associations/collection_association.rb	True	True	True	True
8912	senny	2013-01-12 14:24:49	amatsuda	2013-01-12 19:44:01	activerecord/CHANGELOG.md	True	True	True	True
8891	spastorino	2013-01-11 06:02:59	jeremy	2013-01-11 07:00:01	actionpack/test/dispatch/cookies_test.rb	True	True	True	True
8891	spastorino	2013-01-11 06:02:59	jeremy	2013-01-11 07:00:01	actionpack/lib/action_dispatch/request/session.rb	True	True	True	True
8891	spastorino	2013-01-11 06:02:59	jeremy	2013-01-11 07:00:01	actionpack/test/controller/request/test_request_test.rb	True	True	True	True
8891	spastorino	2013-01-11 06:02:59	jeremy	2013-01-11 06:59:48	actionpack/lib/action_dispatch/middleware/session/cookie_store.rb	False	True	True	True
8891	spastorino	2013-01-11 06:02:59	jeremy	2013-01-11 07:00:01	actionpack/test/dispatch/session/cache_store_test.rb	True	True	True	True
8891	spastorino	2013-01-11 06:02:59	jeremy	2013-01-11 07:00:01	actionpack/test/dispatch/session/cookie_store_test.rb	True	True	True	True
8891	spastorino	2013-01-11 06:02:59	jeremy	2013-01-11 07:00:01	actionpack/lib/action_dispatch/http/request.rb	True	True	True	True
8891	spastorino	2013-01-11 06:02:59	jeremy	2013-01-11 07:00:01	actionpack/lib/action_dispatch/middleware/session/abstract_store.rb	True	True	True	True
8891	spastorino	2013-01-11 06:02:59	jeremy	2013-01-11 06:59:48	actionpack/test/dispatch/request/session_test.rb	False	True	True	True
8891	spastorino	2013-01-11 06:02:59	jeremy	2013-01-11 07:00:01	actionpack/lib/action_controller/test_case.rb	True	True	True	True
8891	spastorino	2013-01-11 06:02:59	jeremy	2013-01-11 07:00:01	actionpack/lib/action_controller/metal/request_forgery_protection.rb	True	True	True	True
8891	spastorino	2013-01-11 06:02:59	jeremy	2013-01-11 07:00:01	actionpack/actionpack.gemspec	True	True	True	True
8891	spastorino	2013-01-11 06:02:59	jeremy	2013-01-11 07:00:01	Gemfile	True	True	True	True
8891	spastorino	2013-01-11 06:02:59	jeremy	2013-01-11 06:59:48	actionpack/actionpack.gemspec	False	True	True	True
8891	spastorino	2013-01-11 06:02:59	jeremy	2013-01-11 06:59:48	actionpack/lib/action_controller/metal/request_forgery_protection.rb	False	True	True	True
8891	spastorino	2013-01-11 06:02:59	jeremy	2013-01-11 07:00:01	actionpack/test/dispatch/test_request_test.rb	True	True	True	True
8891	spastorino	2013-01-11 06:02:59	jeremy	2013-01-11 06:59:48	actionpack/lib/action_dispatch/request/session.rb	False	True	True	True
8891	spastorino	2013-01-11 06:02:59	jeremy	2013-01-11 07:00:01	actionpack/test/dispatch/session/mem_cache_store_test.rb	True	True	True	True
8891	spastorino	2013-01-11 06:02:59	jeremy	2013-01-11 07:00:01	actionpack/lib/action_dispatch/request/session.rb	False	True	True	True
8891	spastorino	2013-01-11 06:02:59	jeremy	2013-01-11 07:00:01	railties/lib/rails/generators/app_base.rb	True	True	True	True
8891	spastorino	2013-01-11 06:02:59	jeremy	2013-01-11 07:00:01	actionpack/lib/action_controller/test_case.rb	False	True	True	True
8891	spastorino	2013-01-11 06:02:59	jeremy	2013-01-11 07:01:01	actionpack/test/controller/request/test_request_test.rb	True	True	True	True
8891	spastorino	2013-01-11 06:02:59	jeremy	2013-01-11 07:01:01	actionpack/lib/action_dispatch/request/session.rb	True	True	True	True
8891	spastorino	2013-01-11 06:02:59	jeremy	2013-01-11 07:01:01	actionpack/lib/action_dispatch/middleware/session/abstract_store.rb	True	True	True	True
8891	spastorino	2013-01-11 06:02:59	jeremy	2013-01-11 07:01:01	actionpack/lib/action_dispatch/http/request.rb	True	True	True	True
8891	spastorino	2013-01-11 06:02:59	jeremy	2013-01-11 07:01:01	actionpack/lib/action_controller/test_case.rb	True	True	True	True
8891	spastorino	2013-01-11 06:02:59	jeremy	2013-01-11 07:01:01	actionpack/lib/action_controller/metal/request_forgery_protection.rb	True	True	True	True
8891	spastorino	2013-01-11 06:02:59	jeremy	2013-01-11 07:01:01	actionpack/actionpack.gemspec	True	True	True	True
8891	spastorino	2013-01-11 06:02:59	jeremy	2013-01-11 07:01:01	Gemfile	True	True	True	True
8891	spastorino	2013-01-11 06:02:59	jeremy	2013-01-11 07:00:01	actionpack/actionpack.gemspec	False	True	True	True
8891	spastorino	2013-01-11 06:02:59	jeremy	2013-01-11 07:00:01	actionpack/lib/action_controller/metal/request_forgery_protection.rb	False	True	True	True
8891	spastorino	2013-01-11 06:02:59	jeremy	2013-01-11 07:00:01	actionpack/test/dispatch/request/session_test.rb	False	True	True	True
8891	spastorino	2013-01-11 06:02:59	jeremy	2013-01-11 07:00:01	actionpack/lib/action_dispatch/middleware/session/mem_cache_store.rb	False	True	True	True
8891	spastorino	2013-01-11 06:02:59	jeremy	2013-01-11 07:00:01	actionpack/lib/action_dispatch/middleware/session/cookie_store.rb	False	True	True	True
8891	spastorino	2013-01-11 06:02:59	jeremy	2013-01-11 07:00:01	actionpack/lib/action_dispatch/middleware/session/abstract_store.rb	False	True	True	True
8891	spastorino	2013-01-11 06:02:59	jeremy	2013-01-11 07:01:01	actionpack/test/dispatch/cookies_test.rb	True	True	True	True
8891	spastorino	2013-01-11 06:02:59	jeremy	2013-01-11 06:59:48	actionpack/lib/action_dispatch/middleware/session/mem_cache_store.rb	False	True	True	True
8891	spastorino	2013-01-11 06:02:59	jeremy	2013-01-11 06:59:27	actionpack/lib/action_dispatch/request/session.rb	True	True	True	True
8891	spastorino	2013-01-11 06:02:59	jeremy	2013-01-11 06:59:48	actionpack/lib/action_dispatch/middleware/session/abstract_store.rb	False	True	True	True
8891	spastorino	2013-01-11 06:02:59	jeremy	2013-01-11 06:59:27	actionpack/test/dispatch/cookies_test.rb	True	True	True	True
8891	spastorino	2013-01-11 06:02:59	jeremy	2013-01-11 06:59:27	actionpack/lib/action_dispatch/middleware/session/abstract_store.rb	False	True	True	True
8891	spastorino	2013-01-11 06:02:59	jeremy	2013-01-11 06:59:27	actionpack/lib/action_controller/test_case.rb	False	True	True	True
8891	spastorino	2013-01-11 06:02:59	jeremy	2013-01-11 06:59:27	railties/lib/rails/generators/app_base.rb	True	True	True	True
8891	spastorino	2013-01-11 06:02:59	jeremy	2013-01-11 06:59:27	actionpack/test/dispatch/test_request_test.rb	True	True	True	True
8891	spastorino	2013-01-11 06:02:59	jeremy	2013-01-11 06:59:27	actionpack/test/dispatch/session/mem_cache_store_test.rb	True	True	True	True
8891	spastorino	2013-01-11 06:02:59	jeremy	2013-01-11 06:59:27	actionpack/test/dispatch/session/cookie_store_test.rb	True	True	True	True
8891	spastorino	2013-01-11 06:02:59	jeremy	2013-01-11 06:59:27	actionpack/test/dispatch/session/cache_store_test.rb	True	True	True	True
8891	spastorino	2013-01-11 06:02:59	jeremy	2013-01-11 06:59:27	actionpack/test/controller/request/test_request_test.rb	True	True	True	True
8891	spastorino	2013-01-11 06:02:59	jeremy	2013-01-11 06:59:27	actionpack/lib/action_dispatch/middleware/session/mem_cache_store.rb	False	True	True	True
8891	spastorino	2013-01-11 06:02:59	jeremy	2013-01-11 07:01:01	actionpack/test/dispatch/session/cookie_store_test.rb	True	True	True	True
8891	spastorino	2013-01-11 06:02:59	jeremy	2013-01-11 06:59:27	actionpack/lib/action_dispatch/middleware/session/abstract_store.rb	True	True	True	True
8891	spastorino	2013-01-11 06:02:59	jeremy	2013-01-11 06:59:27	actionpack/lib/action_dispatch/http/request.rb	True	True	True	True
8891	spastorino	2013-01-11 06:02:59	jeremy	2013-01-11 06:59:27	actionpack/lib/action_controller/test_case.rb	True	True	True	True
8891	spastorino	2013-01-11 06:02:59	jeremy	2013-01-11 06:59:27	actionpack/lib/action_controller/metal/request_forgery_protection.rb	True	True	True	True
8891	spastorino	2013-01-11 06:02:59	jeremy	2013-01-11 06:59:27	actionpack/actionpack.gemspec	True	True	True	True
8891	spastorino	2013-01-11 06:02:59	jeremy	2013-01-11 06:59:27	Gemfile	True	True	True	True
8891	spastorino	2013-01-11 06:02:59	jeremy	2013-01-11 06:59:27	actionpack/lib/action_dispatch/middleware/session/cookie_store.rb	False	True	True	True
8891	spastorino	2013-01-11 06:02:59	jeremy	2013-01-11 06:59:27	actionpack/lib/action_dispatch/request/session.rb	False	True	True	True
8891	spastorino	2013-01-11 06:02:59	jeremy	2013-01-11 06:59:48	actionpack/lib/action_controller/test_case.rb	False	True	True	True
8891	spastorino	2013-01-11 06:02:59	jeremy	2013-01-11 06:59:48	actionpack/lib/action_dispatch/request/session.rb	True	True	True	True
8891	spastorino	2013-01-11 06:02:59	jeremy	2013-01-11 06:59:48	railties/lib/rails/generators/app_base.rb	True	True	True	True
8891	spastorino	2013-01-11 06:02:59	jeremy	2013-01-11 06:59:48	actionpack/test/dispatch/test_request_test.rb	True	True	True	True
8891	spastorino	2013-01-11 06:02:59	jeremy	2013-01-11 06:59:48	actionpack/test/dispatch/session/mem_cache_store_test.rb	True	True	True	True
8891	spastorino	2013-01-11 06:02:59	jeremy	2013-01-11 06:59:48	actionpack/test/dispatch/session/cookie_store_test.rb	True	True	True	True
8891	spastorino	2013-01-11 06:02:59	jeremy	2013-01-11 06:59:48	actionpack/test/dispatch/session/cache_store_test.rb	True	True	True	True
8891	spastorino	2013-01-11 06:02:59	jeremy	2013-01-11 06:59:48	actionpack/test/dispatch/cookies_test.rb	True	True	True	True
8891	spastorino	2013-01-11 06:02:59	jeremy	2013-01-11 06:59:48	actionpack/test/controller/request/test_request_test.rb	True	True	True	True
8891	spastorino	2013-01-11 06:02:59	jeremy	2013-01-11 06:59:48	actionpack/lib/action_dispatch/middleware/session/abstract_store.rb	True	True	True	True
8891	spastorino	2013-01-11 06:02:59	jeremy	2013-01-11 06:59:27	actionpack/test/dispatch/request/session_test.rb	False	True	True	True
8891	spastorino	2013-01-11 06:02:59	jeremy	2013-01-11 06:59:48	actionpack/lib/action_dispatch/http/request.rb	True	True	True	True
8891	spastorino	2013-01-11 06:02:59	jeremy	2013-01-11 06:59:48	actionpack/lib/action_controller/test_case.rb	True	True	True	True
8891	spastorino	2013-01-11 06:02:59	jeremy	2013-01-11 06:59:48	actionpack/lib/action_controller/metal/request_forgery_protection.rb	True	True	True	True
8891	spastorino	2013-01-11 06:02:59	jeremy	2013-01-11 06:59:48	actionpack/actionpack.gemspec	True	True	True	True
8891	spastorino	2013-01-11 06:02:59	jeremy	2013-01-11 06:59:48	Gemfile	True	True	True	True
8891	spastorino	2013-01-11 06:02:59	jeremy	2013-01-11 06:59:27	actionpack/actionpack.gemspec	False	True	True	True
8891	spastorino	2013-01-11 06:02:59	jeremy	2013-01-11 06:59:27	actionpack/lib/action_controller/metal/request_forgery_protection.rb	False	True	True	True
8891	spastorino	2013-01-11 06:02:59	jeremy	2013-01-11 07:01:01	actionpack/test/dispatch/session/cache_store_test.rb	True	True	True	True
8891	spastorino	2013-01-11 06:02:59	jeremy	2013-01-11 07:01:46	actionpack/test/controller/request/test_request_test.rb	True	True	True	True
8891	spastorino	2013-01-11 06:02:59	jeremy	2013-01-11 07:01:01	actionpack/test/dispatch/session/mem_cache_store_test.rb	True	True	True	True
8891	spastorino	2013-01-11 06:02:59	carlosantoniodasilva	2013-01-11 16:30:35	actionpack/lib/action_dispatch/middleware/session/mem_cache_store.rb	False	True	True	True
8891	spastorino	2013-01-11 06:02:59	robin850	2013-01-12 08:40:14	actionpack/lib/action_controller/metal/request_forgery_protection.rb	True	True	True	True
8891	spastorino	2013-01-11 06:02:59	robin850	2013-01-12 08:40:14	actionpack/actionpack.gemspec	True	True	True	True
8891	spastorino	2013-01-11 06:02:59	robin850	2013-01-12 08:40:14	Gemfile	True	True	True	True
8891	spastorino	2013-01-11 06:02:59	carlosantoniodasilva	2013-01-11 16:30:35	actionpack/actionpack.gemspec	False	True	True	True
8891	spastorino	2013-01-11 06:02:59	jeremy	2013-01-11 07:01:01	actionpack/test/dispatch/test_request_test.rb	True	True	True	True
8891	spastorino	2013-01-11 06:02:59	carlosantoniodasilva	2013-01-11 16:30:35	actionpack/test/dispatch/request/session_test.rb	False	True	True	True
8891	spastorino	2013-01-11 06:02:59	carlosantoniodasilva	2013-01-11 16:30:35	actionpack/lib/action_dispatch/request/session.rb	False	True	True	True
8891	spastorino	2013-01-11 06:02:59	carlosantoniodasilva	2013-01-11 16:30:35	actionpack/lib/action_dispatch/middleware/session/cookie_store.rb	False	True	True	True
8891	spastorino	2013-01-11 06:02:59	carlosantoniodasilva	2013-01-11 16:30:35	actionpack/test/controller/request/test_request_test.rb	True	True	True	True
8891	spastorino	2013-01-11 06:02:59	carlosantoniodasilva	2013-01-11 16:30:35	actionpack/lib/action_dispatch/middleware/session/abstract_store.rb	False	True	True	True
8891	spastorino	2013-01-11 06:02:59	carlosantoniodasilva	2013-01-11 16:30:35	actionpack/lib/action_controller/test_case.rb	False	True	True	True
8891	spastorino	2013-01-11 06:02:59	carlosantoniodasilva	2013-01-11 16:30:35	railties/lib/rails/generators/app_base.rb	True	True	True	True
8891	spastorino	2013-01-11 06:02:59	carlosantoniodasilva	2013-01-11 16:30:35	actionpack/test/dispatch/test_request_test.rb	True	True	True	True
8891	spastorino	2013-01-11 06:02:59	carlosantoniodasilva	2013-01-11 16:30:35	actionpack/test/dispatch/session/mem_cache_store_test.rb	True	True	True	True
8891	spastorino	2013-01-11 06:02:59	carlosantoniodasilva	2013-01-11 16:30:35	actionpack/test/dispatch/session/cookie_store_test.rb	True	True	True	True
8891	spastorino	2013-01-11 06:02:59	carlosantoniodasilva	2013-01-11 16:30:35	actionpack/test/dispatch/session/cache_store_test.rb	True	True	True	True
8891	spastorino	2013-01-11 06:02:59	robin850	2013-01-12 08:40:14	actionpack/lib/action_controller/test_case.rb	True	True	True	True
8891	spastorino	2013-01-11 06:02:59	robin850	2013-01-12 08:40:14	actionpack/lib/action_dispatch/http/request.rb	True	True	True	True
8891	spastorino	2013-01-11 06:02:59	robin850	2013-01-12 08:40:14	actionpack/lib/action_dispatch/middleware/session/abstract_store.rb	True	True	True	True
8891	spastorino	2013-01-11 06:02:59	robin850	2013-01-12 08:40:14	actionpack/lib/action_dispatch/request/session.rb	True	True	True	True
8891	spastorino	2013-01-11 06:02:59	robin850	2013-01-12 08:40:14	actionpack/actionpack.gemspec	False	True	True	True
8891	spastorino	2013-01-11 06:02:59	robin850	2013-01-12 08:40:14	actionpack/lib/action_controller/metal/request_forgery_protection.rb	False	True	True	True
8891	spastorino	2013-01-11 06:02:59	robin850	2013-01-12 08:40:14	actionpack/test/dispatch/request/session_test.rb	False	True	True	True
8891	spastorino	2013-01-11 06:02:59	robin850	2013-01-12 08:40:14	actionpack/lib/action_dispatch/request/session.rb	False	True	True	True
8891	spastorino	2013-01-11 06:02:59	robin850	2013-01-12 08:40:14	actionpack/lib/action_dispatch/middleware/session/mem_cache_store.rb	False	True	True	True
8891	spastorino	2013-01-11 06:02:59	robin850	2013-01-12 08:40:14	actionpack/lib/action_dispatch/middleware/session/cookie_store.rb	False	True	True	True
8891	spastorino	2013-01-11 06:02:59	robin850	2013-01-12 08:40:14	actionpack/lib/action_dispatch/middleware/session/abstract_store.rb	False	True	True	True
8891	spastorino	2013-01-11 06:02:59	robin850	2013-01-12 08:40:14	actionpack/lib/action_controller/test_case.rb	False	True	True	True
8891	spastorino	2013-01-11 06:02:59	robin850	2013-01-12 08:40:14	railties/lib/rails/generators/app_base.rb	True	True	True	True
8891	spastorino	2013-01-11 06:02:59	robin850	2013-01-12 08:40:14	actionpack/test/dispatch/test_request_test.rb	True	True	True	True
8891	spastorino	2013-01-11 06:02:59	robin850	2013-01-12 08:40:14	actionpack/test/dispatch/session/mem_cache_store_test.rb	True	True	True	True
8891	spastorino	2013-01-11 06:02:59	robin850	2013-01-12 08:40:14	actionpack/test/dispatch/session/cookie_store_test.rb	True	True	True	True
8891	spastorino	2013-01-11 06:02:59	robin850	2013-01-12 08:40:14	actionpack/test/dispatch/session/cache_store_test.rb	True	True	True	True
8891	spastorino	2013-01-11 06:02:59	robin850	2013-01-12 08:40:14	actionpack/test/dispatch/cookies_test.rb	True	True	True	True
8891	spastorino	2013-01-11 06:02:59	robin850	2013-01-12 08:40:14	actionpack/test/controller/request/test_request_test.rb	True	True	True	True
8891	spastorino	2013-01-11 06:02:59	carlosantoniodasilva	2013-01-11 16:30:35	actionpack/test/dispatch/cookies_test.rb	True	True	True	True
8891	spastorino	2013-01-11 06:02:59	carlosantoniodasilva	2013-01-11 16:30:35	actionpack/lib/action_controller/metal/request_forgery_protection.rb	False	True	True	True
8891	spastorino	2013-01-11 06:02:59	carlosantoniodasilva	2013-01-11 16:30:35	actionpack/lib/action_dispatch/request/session.rb	True	True	True	True
8891	spastorino	2013-01-11 06:02:59	jeremy	2013-01-11 07:01:01	actionpack/actionpack.gemspec	False	True	True	True
8891	spastorino	2013-01-11 06:02:59	jeremy	2013-01-11 07:01:46	actionpack/lib/action_dispatch/request/session.rb	True	True	True	True
8891	spastorino	2013-01-11 06:02:59	jeremy	2013-01-11 07:01:46	actionpack/lib/action_dispatch/middleware/session/abstract_store.rb	True	True	True	True
8891	spastorino	2013-01-11 06:02:59	jeremy	2013-01-11 07:01:46	actionpack/lib/action_dispatch/http/request.rb	True	True	True	True
8891	spastorino	2013-01-11 06:02:59	jeremy	2013-01-11 07:01:46	actionpack/lib/action_controller/test_case.rb	True	True	True	True
8891	spastorino	2013-01-11 06:02:59	jeremy	2013-01-11 07:01:46	actionpack/lib/action_controller/metal/request_forgery_protection.rb	True	True	True	True
8891	spastorino	2013-01-11 06:02:59	jeremy	2013-01-11 07:01:46	actionpack/actionpack.gemspec	True	True	True	True
8891	spastorino	2013-01-11 06:02:59	jeremy	2013-01-11 07:01:46	Gemfile	True	True	True	True
8891	spastorino	2013-01-11 06:02:59	jeremy	2013-01-11 07:01:01	actionpack/lib/action_controller/metal/request_forgery_protection.rb	False	True	True	True
8891	spastorino	2013-01-11 06:02:59	jeremy	2013-01-11 07:01:46	actionpack/test/dispatch/session/cache_store_test.rb	True	True	True	True
8891	spastorino	2013-01-11 06:02:59	jeremy	2013-01-11 07:01:01	actionpack/test/dispatch/request/session_test.rb	False	True	True	True
8891	spastorino	2013-01-11 06:02:59	jeremy	2013-01-11 07:01:01	actionpack/lib/action_dispatch/request/session.rb	False	True	True	True
8891	spastorino	2013-01-11 06:02:59	jeremy	2013-01-11 07:01:01	actionpack/lib/action_dispatch/middleware/session/mem_cache_store.rb	False	True	True	True
8891	spastorino	2013-01-11 06:02:59	carlosantoniodasilva	2013-01-11 16:30:35	actionpack/lib/action_dispatch/middleware/session/abstract_store.rb	True	True	True	True
8891	spastorino	2013-01-11 06:02:59	jeremy	2013-01-11 07:01:01	actionpack/lib/action_dispatch/middleware/session/abstract_store.rb	False	True	True	True
8891	spastorino	2013-01-11 06:02:59	jeremy	2013-01-11 07:01:01	actionpack/lib/action_controller/test_case.rb	False	True	True	True
8891	spastorino	2013-01-11 06:02:59	jeremy	2013-01-11 07:01:01	railties/lib/rails/generators/app_base.rb	True	True	True	True
8891	spastorino	2013-01-11 06:02:59	jeremy	2013-01-11 07:01:46	actionpack/test/dispatch/cookies_test.rb	True	True	True	True
8891	spastorino	2013-01-11 06:02:59	jeremy	2013-01-11 07:01:01	actionpack/lib/action_dispatch/middleware/session/cookie_store.rb	False	True	True	True
8891	spastorino	2013-01-11 06:02:59	jeremy	2013-01-11 07:01:46	actionpack/test/dispatch/session/cookie_store_test.rb	True	True	True	True
8891	spastorino	2013-01-11 06:02:59	jeremy	2013-01-11 07:01:46	actionpack/test/dispatch/request/session_test.rb	False	True	True	True
8891	spastorino	2013-01-11 06:02:59	carlosantoniodasilva	2013-01-11 16:30:35	actionpack/lib/action_dispatch/http/request.rb	True	True	True	True
8891	spastorino	2013-01-11 06:02:59	carlosantoniodasilva	2013-01-11 16:30:35	actionpack/lib/action_controller/test_case.rb	True	True	True	True
8891	spastorino	2013-01-11 06:02:59	carlosantoniodasilva	2013-01-11 16:30:35	actionpack/lib/action_controller/metal/request_forgery_protection.rb	True	True	True	True
8891	spastorino	2013-01-11 06:02:59	carlosantoniodasilva	2013-01-11 16:30:35	actionpack/actionpack.gemspec	True	True	True	True
8891	spastorino	2013-01-11 06:02:59	carlosantoniodasilva	2013-01-11 16:30:35	Gemfile	True	True	True	True
8891	spastorino	2013-01-11 06:02:59	jeremy	2013-01-11 07:01:46	actionpack/actionpack.gemspec	False	True	True	True
8891	spastorino	2013-01-11 06:02:59	jeremy	2013-01-11 07:01:46	actionpack/lib/action_controller/metal/request_forgery_protection.rb	False	True	True	True
8891	spastorino	2013-01-11 06:02:59	jeremy	2013-01-11 07:01:46	actionpack/test/dispatch/session/mem_cache_store_test.rb	True	True	True	True
8891	spastorino	2013-01-11 06:02:59	jeremy	2013-01-11 07:01:46	actionpack/lib/action_dispatch/request/session.rb	False	True	True	True
8891	spastorino	2013-01-11 06:02:59	jeremy	2013-01-11 07:01:46	actionpack/lib/action_dispatch/middleware/session/cookie_store.rb	False	True	True	True
8891	spastorino	2013-01-11 06:02:59	jeremy	2013-01-11 07:01:46	actionpack/lib/action_dispatch/middleware/session/abstract_store.rb	False	True	True	True
8891	spastorino	2013-01-11 06:02:59	jeremy	2013-01-11 07:01:46	actionpack/lib/action_controller/test_case.rb	False	True	True	True
8891	spastorino	2013-01-11 06:02:59	jeremy	2013-01-11 07:01:46	railties/lib/rails/generators/app_base.rb	True	True	True	True
8891	spastorino	2013-01-11 06:02:59	jeremy	2013-01-11 07:01:46	actionpack/test/dispatch/test_request_test.rb	True	True	True	True
8891	spastorino	2013-01-11 06:02:59	jeremy	2013-01-11 07:01:46	actionpack/lib/action_dispatch/middleware/session/mem_cache_store.rb	False	True	True	True
8872	floehopper	2013-01-10 12:55:10	rafaelfranca	2013-01-14 01:16:59	activesupport/lib/active_support/testing/setup_and_teardown.rb	True	True	True	True
8872	floehopper	2013-01-10 12:55:10	rafaelfranca	2013-01-14 01:16:59	activesupport/lib/active_support/test_case.rb	True	True	True	True
8866	adomokos	2013-01-10 04:54:51	carlosantoniodasilva	2013-01-10 11:54:13	activemodel/test/cases/errors_test.rb	False	True	True	True
8866	adomokos	2013-01-10 04:54:51	carlosantoniodasilva	2013-01-10 11:55:16	activemodel/test/cases/errors_test.rb	False	True	True	True
8866	adomokos	2013-01-10 04:54:51	carlosantoniodasilva	2013-01-10 20:29:27	activemodel/test/cases/errors_test.rb	False	True	True	True
8866	adomokos	2013-01-10 04:54:51	carlosantoniodasilva	2013-01-10 11:55:22	activemodel/test/cases/errors_test.rb	False	True	True	True
8866	adomokos	2013-01-10 04:54:51	carlosantoniodasilva	2013-01-10 11:55:03	activemodel/test/cases/errors_test.rb	False	True	True	True
8866	adomokos	2013-01-10 04:54:51	carlosantoniodasilva	2013-01-10 11:56:02	activemodel/test/cases/errors_test.rb	False	True	True	True
8866	adomokos	2013-01-10 04:54:51	carlosantoniodasilva	2013-01-10 11:53:31	activemodel/test/cases/errors_test.rb	False	True	True	True
8866	adomokos	2013-01-10 04:54:51	carlosantoniodasilva	2013-01-10 11:54:58	activemodel/test/cases/errors_test.rb	False	True	True	True
8866	adomokos	2013-01-10 04:54:51	carlosantoniodasilva	2013-01-10 11:56:57	activemodel/test/cases/errors_test.rb	False	True	True	True
8866	adomokos	2013-01-10 04:54:51	carlosantoniodasilva	2013-01-10 11:53:17	activemodel/test/cases/errors_test.rb	False	True	True	True
8866	adomokos	2013-01-10 04:54:51	carlosantoniodasilva	2013-01-10 11:53:08	activemodel/test/cases/errors_test.rb	False	True	True	True
8846	AlexRiedler	2013-01-09 15:41:22	rafaelfranca	2013-01-09 16:28:51	activesupport/lib/active_support/json/decoding.rb	True	True	True	True
8846	AlexRiedler	2013-01-09 15:41:22	rafaelfranca	2013-01-09 16:28:51	activesupport/activesupport.gemspec	True	True	True	True
8846	AlexRiedler	2013-01-09 15:41:22	rafaelfranca	2013-01-09 16:28:51	activesupport/CHANGELOG.md	True	True	True	True
8843	nicholassm	2013-01-09 15:09:19	carlosantoniodasilva	2013-01-10 11:41:42	guides/source/caching_with_rails.md	True	True	True	True
8843	nicholassm	2013-01-09 15:09:19	carlosantoniodasilva	2013-01-10 11:41:42	guides/source/caching_with_rails.md	False	True	True	True
8843	nicholassm	2013-01-09 15:09:19	carlosantoniodasilva	2013-01-09 23:48:43	guides/source/caching_with_rails.md	True	True	True	True
8843	nicholassm	2013-01-09 15:09:19	carlosantoniodasilva	2013-01-09 23:48:43	guides/source/caching_with_rails.md	False	True	True	True
8840	rwz	2013-01-09 06:05:45	carlosantoniodasilva	2013-01-09 11:57:37	railties/lib/rails/generators/rails/scaffold_controller/templates/controller.rb	True	True	True	True
8840	rwz	2013-01-09 06:05:45	rafaelfranca	2013-01-09 09:00:03	railties/CHANGELOG.md	True	True	True	True
8840	rwz	2013-01-09 06:05:45	rafaelfranca	2013-01-09 09:00:03	railties/lib/rails/generators/rails/scaffold/scaffold_generator.rb	True	True	True	True
8840	rwz	2013-01-09 06:05:45	rafaelfranca	2013-01-09 09:00:03	railties/lib/rails/generators/rails/scaffold_controller/scaffold_controller_generator.rb	True	True	True	True
8840	rwz	2013-01-09 06:05:45	rafaelfranca	2013-01-09 09:00:03	railties/lib/rails/generators/rails/scaffold_controller/templates/controller.rb	True	True	True	True
8840	rwz	2013-01-09 06:05:45	rafaelfranca	2013-01-09 09:00:03	railties/test/generators/scaffold_controller_generator_test.rb	True	True	True	True
8840	rwz	2013-01-09 06:05:45	rafaelfranca	2013-01-09 09:00:03	railties/test/generators/scaffold_generator_test.rb	True	True	True	True
8840	rwz	2013-01-09 06:05:45	carlosantoniodasilva	2013-01-09 11:57:37	railties/CHANGELOG.md	True	True	True	True
8840	rwz	2013-01-09 06:05:45	carlosantoniodasilva	2013-01-09 11:57:37	railties/lib/rails/generators/rails/scaffold/scaffold_generator.rb	True	True	True	True
8840	rwz	2013-01-09 06:05:45	carlosantoniodasilva	2013-01-09 11:57:37	railties/lib/rails/generators/rails/scaffold_controller/scaffold_controller_generator.rb	True	True	True	True
8840	rwz	2013-01-09 06:05:45	carlosantoniodasilva	2013-01-09 11:57:37	railties/test/generators/scaffold_controller_generator_test.rb	True	True	True	True
8840	rwz	2013-01-09 06:05:45	carlosantoniodasilva	2013-01-09 14:32:33	railties/CHANGELOG.md	True	True	True	True
8840	rwz	2013-01-09 06:05:45	carlosantoniodasilva	2013-01-09 14:32:33	railties/lib/rails/generators/rails/scaffold/scaffold_generator.rb	True	True	True	True
8840	rwz	2013-01-09 06:05:45	carlosantoniodasilva	2013-01-09 14:32:33	railties/lib/rails/generators/rails/scaffold_controller/scaffold_controller_generator.rb	True	True	True	True
8840	rwz	2013-01-09 06:05:45	carlosantoniodasilva	2013-01-09 14:32:33	railties/lib/rails/generators/rails/scaffold_controller/templates/controller.rb	True	True	True	True
8840	rwz	2013-01-09 06:05:45	carlosantoniodasilva	2013-01-09 14:32:33	railties/test/generators/scaffold_controller_generator_test.rb	True	True	True	True
8840	rwz	2013-01-09 06:05:45	carlosantoniodasilva	2013-01-09 14:32:33	railties/test/generators/scaffold_generator_test.rb	True	True	True	True
8840	rwz	2013-01-09 06:05:45	carlosantoniodasilva	2013-01-09 11:57:37	railties/test/generators/scaffold_generator_test.rb	True	True	True	True
8839	mdespuits	2013-01-09 04:26:35	rafaelfranca	2013-01-09 09:13:30	railties/lib/rails/paths.rb	True	True	True	True
8823	acapilleri	2013-01-08 20:55:20	goshacmd	2013-01-08 21:01:38	activerecord/lib/active_record/associations/has_many_through_association.rb	True	False	True	True
8803	frodsan	2013-01-07 21:18:33	carlosantoniodasilva	2013-01-07 21:38:28	actionpack/lib/action_controller/metal/strong_parameters.rb	True	False	True	True
8800	acapilleri	2013-01-07 17:31:35	steveklabnik	2013-01-07 21:08:32	activerecord/lib/active_record/attribute_methods/primary_key.rb	False	False	True	True
8800	acapilleri	2013-01-07 17:31:35	pixeltrix	2013-01-08 07:51:52	activerecord/lib/active_record/attribute_methods/primary_key.rb	False	False	True	True
8791	griffinmyers	2013-01-07 05:13:22	carlosantoniodasilva	2013-01-07 11:31:37	activemodel/CHANGELOG.md	True	True	True	True
8791	griffinmyers	2013-01-07 05:13:22	carlosantoniodasilva	2013-02-08 19:12:42	activemodel/lib/active_model/dirty.rb	True	True	True	True
8791	griffinmyers	2013-01-07 05:13:22	carlosantoniodasilva	2013-02-08 19:12:42	activemodel/test/cases/dirty_test.rb	True	True	True	True
8791	griffinmyers	2013-01-07 05:13:22	carlosantoniodasilva	2013-01-07 11:32:52	activemodel/CHANGELOG.md	True	True	True	True
8791	griffinmyers	2013-01-07 05:13:22	carlosantoniodasilva	2013-01-07 11:32:52	activemodel/lib/active_model/dirty.rb	True	True	True	True
8791	griffinmyers	2013-01-07 05:13:22	carlosantoniodasilva	2013-01-07 11:32:52	activemodel/test/cases/dirty_test.rb	True	True	True	True
8791	griffinmyers	2013-01-07 05:13:22	carlosantoniodasilva	2013-01-07 11:32:27	activemodel/CHANGELOG.md	True	True	True	True
8791	griffinmyers	2013-01-07 05:13:22	carlosantoniodasilva	2013-01-07 11:32:27	activemodel/lib/active_model/dirty.rb	True	True	True	True
8791	griffinmyers	2013-01-07 05:13:22	carlosantoniodasilva	2013-01-07 11:32:27	activemodel/test/cases/dirty_test.rb	True	True	True	True
8791	griffinmyers	2013-01-07 05:13:22	carlosantoniodasilva	2013-02-08 19:12:42	activemodel/CHANGELOG.md	True	True	True	True
8791	griffinmyers	2013-01-07 05:13:22	carlosantoniodasilva	2013-01-07 11:31:37	activemodel/lib/active_model/dirty.rb	True	True	True	True
8791	griffinmyers	2013-01-07 05:13:22	carlosantoniodasilva	2013-02-08 19:11:17	activemodel/CHANGELOG.md	True	True	True	True
8791	griffinmyers	2013-01-07 05:13:22	carlosantoniodasilva	2013-02-08 19:11:17	activemodel/lib/active_model/dirty.rb	True	True	True	True
8791	griffinmyers	2013-01-07 05:13:22	carlosantoniodasilva	2013-02-08 19:11:17	activemodel/test/cases/dirty_test.rb	True	True	True	True
8791	griffinmyers	2013-01-07 05:13:22	guilleiguaran	2013-01-07 07:29:34	activemodel/CHANGELOG.md	True	True	True	True
8791	griffinmyers	2013-01-07 05:13:22	guilleiguaran	2013-01-07 07:29:34	activemodel/lib/active_model/dirty.rb	True	True	True	True
8791	griffinmyers	2013-01-07 05:13:22	guilleiguaran	2013-01-07 07:29:34	activemodel/test/cases/dirty_test.rb	True	True	True	True
8791	griffinmyers	2013-01-07 05:13:22	carlosantoniodasilva	2013-01-07 11:31:37	activemodel/test/cases/dirty_test.rb	True	True	True	True
8786	jeremy	2013-01-06 23:39:41	carlosantoniodasilva	2013-01-07 00:54:33	railties/lib/rails/tasks/framework.rake	True	True	True	True
8786	jeremy	2013-01-06 23:39:41	carlosantoniodasilva	2013-01-07 00:54:33	railties/lib/rails/generators/rails/app/templates/script/rails	True	True	True	True
8786	jeremy	2013-01-06 23:39:41	carlosantoniodasilva	2013-01-07 00:54:33	railties/lib/rails/generators/rails/plugin_new/plugin_new_generator.rb	True	True	True	True
8786	jeremy	2013-01-06 23:39:41	carlosantoniodasilva	2013-01-07 00:54:33	railties/lib/rails/generators/rails/plugin_new/templates/bin/rails.tt	True	True	True	True
8786	jeremy	2013-01-06 23:39:41	carlosantoniodasilva	2013-01-07 00:54:33	railties/lib/rails/script_rails_loader.rb	True	True	True	True
8786	jeremy	2013-01-06 23:39:41	carlosantoniodasilva	2013-01-07 00:54:33	railties/lib/rails/source_annotation_extractor.rb	True	True	True	True
8786	jeremy	2013-01-06 23:39:41	carlosantoniodasilva	2013-01-07 00:54:33	railties/test/generators/actions_test.rb	True	True	True	True
8786	jeremy	2013-01-06 23:39:41	carlosantoniodasilva	2013-01-07 00:54:33	railties/test/app_rails_loader_test.rb	True	True	True	True
8786	jeremy	2013-01-06 23:39:41	carlosantoniodasilva	2013-01-07 00:54:33	railties/test/application/generators_test.rb	True	True	True	True
8786	jeremy	2013-01-06 23:39:41	carlosantoniodasilva	2013-01-07 00:54:33	railties/test/application/rake/notes_test.rb	True	True	True	True
8786	jeremy	2013-01-06 23:39:41	carlosantoniodasilva	2013-01-07 00:54:33	railties/lib/rails/generators/rails/app/templates/bin/rails	True	True	True	True
8786	jeremy	2013-01-06 23:39:41	carlosantoniodasilva	2013-01-07 00:54:33	railties/test/generators/app_generator_test.rb	True	True	True	True
8786	jeremy	2013-01-06 23:39:41	carlosantoniodasilva	2013-01-07 00:54:33	railties/test/generators/plugin_new_generator_test.rb	True	True	True	True
8786	jeremy	2013-01-06 23:39:41	carlosantoniodasilva	2013-01-07 00:54:33	railties/test/generators/shared_generator_tests.rb	True	True	True	True
8786	jeremy	2013-01-06 23:39:41	carlosantoniodasilva	2013-01-07 00:54:33	railties/lib/rails/generators/rails/app/templates/bin/rake	True	True	True	True
8786	jeremy	2013-01-06 23:39:41	carlosantoniodasilva	2013-01-07 00:54:33	railties/lib/rails/generators/actions.rb	True	True	True	True
8786	jeremy	2013-01-06 23:39:41	carlosantoniodasilva	2013-01-07 00:54:33	railties/lib/rails/generators/rails/app/templates/bin/bundle	True	True	True	True
8786	jeremy	2013-01-06 23:39:41	carlosantoniodasilva	2013-01-07 00:54:33	railties/lib/rails/generators/rails/app/templates/README	True	True	True	True
8786	jeremy	2013-01-06 23:39:41	carlosantoniodasilva	2013-01-07 00:54:33	railties/lib/rails/generators/rails/app/app_generator.rb	True	True	True	True
8786	jeremy	2013-01-06 23:39:41	carlosantoniodasilva	2013-01-07 00:54:33	railties/lib/rails/commands/runner.rb	True	True	True	True
8786	jeremy	2013-01-06 23:39:41	carlosantoniodasilva	2013-01-07 00:54:33	railties/lib/rails/commands.rb	True	True	True	True
8786	jeremy	2013-01-06 23:39:41	carlosantoniodasilva	2013-01-07 00:54:33	railties/lib/rails/cli.rb	True	True	True	True
8786	jeremy	2013-01-06 23:39:41	carlosantoniodasilva	2013-01-07 00:54:33	railties/lib/rails/app_rails_loader.rb	True	True	True	True
8786	jeremy	2013-01-06 23:39:41	carlosantoniodasilva	2013-01-07 00:54:33	railties/CHANGELOG.md	True	True	True	True
8786	jeremy	2013-01-06 23:39:41	carlosantoniodasilva	2013-01-07 00:54:33	guides/source/initialization.md	True	True	True	True
8786	jeremy	2013-01-06 23:39:41	carlosantoniodasilva	2013-01-07 00:54:33	guides/source/engines.md	True	True	True	True
8786	jeremy	2013-01-06 23:39:41	carlosantoniodasilva	2013-01-07 00:54:33	guides/source/action_mailer_basics.md	True	True	True	True
8786	jeremy	2013-01-06 23:39:41	carlosantoniodasilva	2013-01-07 00:54:33	guides/source/action_controller_overview.md	True	True	True	True
8786	jeremy	2013-01-06 23:39:41	carlosantoniodasilva	2013-01-07 00:54:33	guides/source/4_0_release_notes.md	True	True	True	True
8786	jeremy	2013-01-06 23:39:41	carlosantoniodasilva	2013-01-07 00:54:33	railties/test/script_rails_loader_test.rb	True	True	True	True
8786	jeremy	2013-01-06 23:39:41	carlosantoniodasilva	2013-01-07 00:54:33	railties/test/isolation/abstract_unit.rb	True	True	True	True
8786	jeremy	2013-01-06 23:39:41	carlosantoniodasilva	2013-01-07 00:52:48	guides/source/engines.md	True	True	True	True
8786	jeremy	2013-01-06 23:39:41	carlosantoniodasilva	2013-01-07 00:52:48	guides/source/4_0_release_notes.md	True	True	True	True
8786	jeremy	2013-01-06 23:39:41	carlosantoniodasilva	2013-01-07 00:52:48	railties/lib/rails/generators/rails/app/templates/script/rails	True	True	True	True
8786	jeremy	2013-01-06 23:39:41	carlosantoniodasilva	2013-01-07 00:52:48	railties/test/script_rails_loader_test.rb	True	True	True	True
8786	jeremy	2013-01-06 23:39:41	carlosantoniodasilva	2013-01-07 00:52:48	railties/test/isolation/abstract_unit.rb	True	True	True	True
8786	jeremy	2013-01-06 23:39:41	carlosantoniodasilva	2013-01-07 00:52:48	railties/test/generators/shared_generator_tests.rb	True	True	True	True
8786	jeremy	2013-01-06 23:39:41	carlosantoniodasilva	2013-01-07 00:52:48	guides/source/action_controller_overview.md	True	True	True	True
8786	jeremy	2013-01-06 23:39:41	carlosantoniodasilva	2013-01-07 00:52:48	railties/test/generators/app_generator_test.rb	True	True	True	True
8786	jeremy	2013-01-06 23:39:41	carlosantoniodasilva	2013-01-07 00:52:48	railties/test/generators/actions_test.rb	True	True	True	True
8786	jeremy	2013-01-06 23:39:41	carlosantoniodasilva	2013-01-07 00:52:48	railties/test/application/rake/notes_test.rb	True	True	True	True
8786	jeremy	2013-01-06 23:39:41	carlosantoniodasilva	2013-01-07 00:52:48	railties/test/application/generators_test.rb	True	True	True	True
8786	jeremy	2013-01-06 23:39:41	carlosantoniodasilva	2013-01-07 00:52:48	railties/test/app_rails_loader_test.rb	True	True	True	True
8786	jeremy	2013-01-06 23:39:41	carlosantoniodasilva	2013-01-07 00:52:48	railties/lib/rails/tasks/framework.rake	True	True	True	True
8786	jeremy	2013-01-06 23:39:41	carlosantoniodasilva	2013-01-07 00:52:48	railties/lib/rails/source_annotation_extractor.rb	True	True	True	True
8786	jeremy	2013-01-06 23:39:41	carlosantoniodasilva	2013-01-07 00:52:48	railties/lib/rails/script_rails_loader.rb	True	True	True	True
8786	jeremy	2013-01-06 23:39:41	carlosantoniodasilva	2013-01-07 00:52:48	railties/lib/rails/generators/rails/plugin_new/templates/bin/rails.tt	True	True	True	True
8786	jeremy	2013-01-06 23:39:41	carlosantoniodasilva	2013-01-07 00:52:48	railties/lib/rails/generators/rails/plugin_new/plugin_new_generator.rb	True	True	True	True
8786	jeremy	2013-01-06 23:39:41	carlosantoniodasilva	2013-01-07 00:52:48	railties/test/generators/plugin_new_generator_test.rb	True	True	True	True
8786	jeremy	2013-01-06 23:39:41	carlosantoniodasilva	2013-01-07 00:52:48	railties/lib/rails/generators/rails/app/templates/bin/rake	True	True	True	True
8786	jeremy	2013-01-06 23:39:41	carlosantoniodasilva	2013-01-07 00:52:48	railties/lib/rails/commands.rb	True	True	True	True
8786	jeremy	2013-01-06 23:39:41	carlosantoniodasilva	2013-01-07 00:52:48	guides/source/action_mailer_basics.md	True	True	True	True
8786	jeremy	2013-01-06 23:39:41	carlosantoniodasilva	2013-01-07 00:52:48	railties/lib/rails/generators/rails/app/templates/bin/rails	True	True	True	True
8786	jeremy	2013-01-06 23:39:41	carlosantoniodasilva	2013-01-07 00:52:48	guides/source/initialization.md	True	True	True	True
8786	jeremy	2013-01-06 23:39:41	carlosantoniodasilva	2013-01-07 00:52:48	railties/CHANGELOG.md	True	True	True	True
8786	jeremy	2013-01-06 23:39:41	carlosantoniodasilva	2013-01-07 00:52:48	railties/lib/rails/cli.rb	True	True	True	True
8786	jeremy	2013-01-06 23:39:41	carlosantoniodasilva	2013-01-07 00:52:48	railties/lib/rails/app_rails_loader.rb	True	True	True	True
8786	jeremy	2013-01-06 23:39:41	carlosantoniodasilva	2013-01-07 00:52:48	railties/lib/rails/commands/runner.rb	True	True	True	True
8786	jeremy	2013-01-06 23:39:41	carlosantoniodasilva	2013-01-07 00:52:48	railties/lib/rails/generators/actions.rb	True	True	True	True
8786	jeremy	2013-01-06 23:39:41	carlosantoniodasilva	2013-01-07 00:52:48	railties/lib/rails/generators/rails/app/app_generator.rb	True	True	True	True
8786	jeremy	2013-01-06 23:39:41	carlosantoniodasilva	2013-01-07 00:52:48	railties/lib/rails/generators/rails/app/templates/README	True	True	True	True
8786	jeremy	2013-01-06 23:39:41	carlosantoniodasilva	2013-01-07 00:52:48	railties/lib/rails/generators/rails/app/templates/bin/bundle	True	True	True	True
8783	goshacmd	2013-01-06 21:58:29	rafaelfranca	2013-01-06 22:06:57	actionpack/lib/action_dispatch/journey/routes.rb	True	True	True	True
8782	tank-bohr	2013-01-06 21:21:06	rafaelfranca	2013-01-06 21:25:45	actionpack/lib/action_dispatch/middleware/debug_exceptions.rb	True	True	True	True
8781	trisweb	2013-01-06 20:49:05	rafaelfranca	2013-01-06 21:05:25	activerecord/CHANGELOG.md	True	True	True	True
8781	trisweb	2013-01-06 20:49:05	rafaelfranca	2013-01-06 21:05:25	activerecord/test/cases/column_test.rb	True	True	True	True
8781	trisweb	2013-01-06 20:49:05	rafaelfranca	2013-01-06 21:05:25	activerecord/lib/active_record/connection_adapters/column.rb	True	True	True	True
8773	goshacmd	2013-01-05 22:51:50	carlosantoniodasilva	2013-01-06 12:39:45	guides/rails_guides/markdown.rb	True	True	True	True
8753	asanghi	2013-01-04 17:58:04	carlosantoniodasilva	2013-01-04 18:05:49	railties/lib/rails/generators/rails/app/templates/config/routes.rb	True	True	True	True
8752	thomasfedb	2013-01-04 16:11:23	rafaelfranca	2013-01-04 16:16:57	actionpack/lib/action_controller/metal/strong_parameters.rb	False	True	True	True
8752	thomasfedb	2013-01-04 16:11:23	rafaelfranca	2013-01-04 16:35:24	actionpack/test/controller/parameters/raise_on_unpermitted_params_test.rb	False	True	True	True
8752	thomasfedb	2013-01-04 16:11:23	rafaelfranca	2013-01-04 16:15:57	actionpack/lib/action_controller/railtie.rb	False	True	True	True
8752	thomasfedb	2013-01-04 16:11:23	rafaelfranca	2013-01-04 16:15:57	actionpack/lib/action_controller/metal/strong_parameters.rb	False	True	True	True
8752	thomasfedb	2013-01-04 16:11:23	carlosantoniodasilva	2013-01-04 16:19:58	actionpack/test/controller/parameters/raise_on_unpermitted_params_test.rb	False	True	True	True
8752	thomasfedb	2013-01-04 16:11:23	carlosantoniodasilva	2013-01-04 16:19:58	actionpack/lib/action_controller/railtie.rb	False	True	True	True
8752	thomasfedb	2013-01-04 16:11:23	carlosantoniodasilva	2013-01-04 16:19:58	actionpack/lib/action_controller/metal/strong_parameters.rb	False	True	True	True
8752	thomasfedb	2013-01-04 16:11:23	rafaelfranca	2013-01-04 16:15:26	actionpack/test/controller/parameters/raise_on_unpermitted_params_test.rb	False	True	True	True
8752	thomasfedb	2013-01-04 16:11:23	rafaelfranca	2013-01-04 16:15:26	actionpack/lib/action_controller/metal/strong_parameters.rb	False	True	True	True
8752	thomasfedb	2013-01-04 16:11:23	rafaelfranca	2013-01-04 16:35:24	actionpack/lib/action_controller/railtie.rb	False	True	True	True
8752	thomasfedb	2013-01-04 16:11:23	rafaelfranca	2013-01-04 16:35:24	actionpack/lib/action_controller/metal/strong_parameters.rb	False	True	True	True
8752	thomasfedb	2013-01-04 16:11:23	rafaelfranca	2013-01-04 16:35:46	actionpack/test/controller/parameters/raise_on_unpermitted_params_test.rb	False	True	True	True
8752	thomasfedb	2013-01-04 16:11:23	rafaelfranca	2013-01-04 16:35:46	actionpack/lib/action_controller/railtie.rb	False	True	True	True
8752	thomasfedb	2013-01-04 16:11:23	rafaelfranca	2013-01-04 16:35:46	actionpack/lib/action_controller/metal/strong_parameters.rb	False	True	True	True
8752	thomasfedb	2013-01-04 16:11:23	carlosantoniodasilva	2013-01-04 16:41:29	actionpack/test/controller/parameters/raise_on_unpermitted_params_test.rb	False	True	True	True
8752	thomasfedb	2013-01-04 16:11:23	carlosantoniodasilva	2013-01-04 16:41:29	actionpack/lib/action_controller/railtie.rb	False	True	True	True
8752	thomasfedb	2013-01-04 16:11:23	carlosantoniodasilva	2013-01-04 16:41:29	actionpack/lib/action_controller/metal/strong_parameters.rb	False	True	True	True
8752	thomasfedb	2013-01-04 16:11:23	rafaelfranca	2013-01-04 16:15:57	actionpack/test/controller/parameters/raise_on_unpermitted_params_test.rb	False	True	True	True
8752	thomasfedb	2013-01-04 16:11:23	rafaelfranca	2013-01-04 16:15:26	actionpack/lib/action_controller/railtie.rb	False	True	True	True
8752	thomasfedb	2013-01-04 16:11:23	rafaelfranca	2013-01-04 16:16:57	actionpack/lib/action_controller/railtie.rb	False	True	True	True
8752	thomasfedb	2013-01-04 16:11:23	rafaelfranca	2013-01-04 16:18:46	actionpack/lib/action_controller/railtie.rb	False	True	True	True
8752	thomasfedb	2013-01-04 16:11:23	carlosantoniodasilva	2013-01-04 16:18:51	actionpack/test/controller/parameters/raise_on_unpermitted_params_test.rb	False	True	True	True
8752	thomasfedb	2013-01-04 16:11:23	carlosantoniodasilva	2013-01-04 16:18:51	actionpack/lib/action_controller/railtie.rb	False	True	True	True
8752	thomasfedb	2013-01-04 16:11:23	carlosantoniodasilva	2013-01-04 16:18:51	actionpack/lib/action_controller/metal/strong_parameters.rb	False	True	True	True
8752	thomasfedb	2013-01-04 16:11:23	carlosantoniodasilva	2013-01-04 16:20:23	actionpack/test/controller/parameters/raise_on_unpermitted_params_test.rb	False	True	True	True
8752	thomasfedb	2013-01-04 16:11:23	carlosantoniodasilva	2013-01-04 16:20:23	actionpack/lib/action_controller/railtie.rb	False	True	True	True
8752	thomasfedb	2013-01-04 16:11:23	carlosantoniodasilva	2013-01-04 16:20:23	actionpack/lib/action_controller/metal/strong_parameters.rb	False	True	True	True
8752	thomasfedb	2013-01-04 16:11:23	rafaelfranca	2013-01-04 16:18:46	actionpack/test/controller/parameters/raise_on_unpermitted_params_test.rb	False	True	True	True
8752	thomasfedb	2013-01-04 16:11:23	rafaelfranca	2013-01-04 16:18:46	actionpack/lib/action_controller/metal/strong_parameters.rb	False	True	True	True
8752	thomasfedb	2013-01-04 16:11:23	carlosantoniodasilva	2013-01-04 16:20:30	actionpack/test/controller/parameters/raise_on_unpermitted_params_test.rb	False	True	True	True
8752	thomasfedb	2013-01-04 16:11:23	rafaelfranca	2013-01-04 16:16:57	actionpack/test/controller/parameters/raise_on_unpermitted_params_test.rb	False	True	True	True
8752	thomasfedb	2013-01-04 16:11:23	carlosantoniodasilva	2013-01-04 16:20:30	actionpack/lib/action_controller/railtie.rb	False	True	True	True
8752	thomasfedb	2013-01-04 16:11:23	carlosantoniodasilva	2013-01-04 16:20:30	actionpack/lib/action_controller/metal/strong_parameters.rb	False	True	True	True
8752	thomasfedb	2013-01-04 16:11:23	rafaelfranca	2013-01-04 16:16:23	actionpack/test/controller/parameters/raise_on_unpermitted_params_test.rb	False	True	True	True
8752	thomasfedb	2013-01-04 16:11:23	rafaelfranca	2013-01-04 16:16:23	actionpack/lib/action_controller/railtie.rb	False	True	True	True
8752	thomasfedb	2013-01-04 16:11:23	rafaelfranca	2013-01-04 16:16:23	actionpack/lib/action_controller/metal/strong_parameters.rb	False	True	True	True
8739	franckverrot	2013-01-04 07:42:48	guilleiguaran	2013-01-04 07:56:43	railties/lib/rails/templates/rails/welcome/index.html.erb	True	False	True	True
8737	tricknotes	2013-01-04 06:54:13	frodsan	2013-01-04 06:59:35	railties/lib/rails/info_controller.rb	False	True	True	True
8737	tricknotes	2013-01-04 06:54:13	frodsan	2013-01-04 06:59:35	railties/lib/rails/templates/rails/welcome/index.html.erb	False	True	True	True
8723	goshacmd	2013-01-03 16:23:03	acapilleri	2013-01-03 21:35:16	actionpack/lib/action_dispatch/middleware/templates/rescues/_trace.erb	True	True	True	True
8723	goshacmd	2013-01-03 16:23:03	acapilleri	2013-01-03 21:35:16	actionpack/lib/action_dispatch/middleware/templates/rescues/_request_and_response.erb	True	True	True	True
8723	goshacmd	2013-01-03 16:23:03	carlosantoniodasilva	2013-01-03 19:13:38	actionpack/lib/action_dispatch/middleware/templates/rescues/layout.erb	True	True	True	True
8723	goshacmd	2013-01-03 16:23:03	carlosantoniodasilva	2013-01-03 19:13:38	actionpack/lib/action_dispatch/middleware/templates/rescues/_trace.erb	True	True	True	True
8723	goshacmd	2013-01-03 16:23:03	carlosantoniodasilva	2013-01-03 19:13:38	actionpack/lib/action_dispatch/middleware/templates/rescues/_request_and_response.erb	True	True	True	True
8723	goshacmd	2013-01-03 16:23:03	acapilleri	2013-01-03 21:35:16	actionpack/lib/action_dispatch/middleware/templates/rescues/layout.erb	True	True	True	True
8722	kwstannard	2013-01-03 16:12:25	pixeltrix	2013-01-04 16:41:28	activesupport/CHANGELOG.md	True	True	True	True
8722	kwstannard	2013-01-03 16:12:25	pixeltrix	2013-01-04 16:41:28	activesupport/test/core_ext/string_ext_test.rb	True	True	True	True
8722	kwstannard	2013-01-03 16:12:25	pixeltrix	2013-01-04 16:41:28	activesupport/lib/active_support/core_ext/string/conversions.rb	True	True	True	True
8722	kwstannard	2013-01-03 16:12:25	pixeltrix	2013-01-04 15:54:01	activesupport/test/core_ext/string_ext_test.rb	True	True	True	True
8722	kwstannard	2013-01-03 16:12:25	pixeltrix	2013-01-04 15:54:01	activesupport/lib/active_support/core_ext/string/conversions.rb	True	True	True	True
8722	kwstannard	2013-01-03 16:12:25	pixeltrix	2013-01-04 15:54:01	activesupport/CHANGELOG.md	True	True	True	True
8715	goshacmd	2013-01-03 10:01:33	utkarshkukreti	2013-01-03 10:05:05	actionpack/lib/action_dispatch/routing/mapper.rb	True	False	True	True
8701	senny	2013-01-02 19:52:14	rafaelfranca	2013-01-02 20:40:00	actionpack/CHANGELOG.md	False	False	True	True
8701	senny	2013-01-02 19:52:14	rafaelfranca	2013-01-02 20:40:00	actionpack/test/controller/routing_test.rb	False	False	True	True
8701	senny	2013-01-02 19:52:14	rafaelfranca	2013-01-02 20:40:00	actionpack/lib/action_dispatch/http/url.rb	False	False	True	True
8697	goshacmd	2013-01-02 16:01:44	carlosantoniodasilva	2013-01-02 16:28:22	actionpack/lib/action_dispatch/journey/formatter.rb	True	False	True	True
8688	goshacmd	2013-01-02 12:37:06	dmedvinsky	2013-01-02 13:00:25	actionpack/lib/action_dispatch/middleware/templates/rescues/_request_and_response.erb	True	False	True	True
8688	goshacmd	2013-01-02 12:37:06	dmedvinsky	2013-01-02 13:00:25	actionpack/CHANGELOG.md	True	False	True	True
