pr_number	author_user_login	pr_created_at	commit_user_login	commit_created_at	commit_status_total	commit_status_additions	commit_status_deletions	create_before_pr	is_review_commit
28936	dixpac	2017-04-30 13:13:33	dixpac	2017-04-30 13:10:21	4	4	0	True	True
28930	kamipo	2017-04-29 14:32:24	kamipo	2017-04-29 14:30:38	6	3	3	True	True
28929	gauravtiwari	2017-04-29 14:31:12	gauravtiwari	2017-05-26 10:56:26	30	26	4	False	True
28928	kamipo	2017-04-29 13:58:11	kamipo	2017-04-29 13:53:40	4	0	4	True	True
28921	pschambacher	2017-04-28 17:41:46	pschambacher	2017-04-28 17:38:59	350	185	165	True	True
28921	pschambacher	2017-04-28 17:41:46	pschambacher	2017-05-01 22:32:06	525	263	262	False	True
28921	pschambacher	2017-04-28 17:41:46	pschambacher	2017-05-01 23:44:49	650	333	317	False	True
28919	meinac	2017-04-28 09:50:03	meinac	2017-04-28 09:44:52	2	1	1	True	True
28896	pschambacher	2017-04-27 02:05:03	pschambacher	2017-04-27 02:00:33	53	49	4	True	True
28889	jtrost	2017-04-26 18:48:46	jtrost	2017-04-26 18:39:42	16	14	2	True	True
28889	jtrost	2017-04-26 18:48:46	jtrost	2017-04-27 20:00:25	9	7	2	False	True
28887	edwardmp	2017-04-26 15:05:50	edwardmp	2017-05-05 00:49:41	81	79	2	False	True
28883	yahonda	2017-04-26 05:11:02	yahonda	2017-04-26 04:45:08	11	8	3	True	True
28881	bogdanvlviv	2017-04-26 00:16:28	bogdanvlviv	2017-04-26 19:09:33	17	16	1	False	True
28881	bogdanvlviv	2017-04-26 00:16:28	bogdanvlviv	2017-04-26 00:08:26	2	1	1	True	True
28867	eugeneius	2017-04-25 14:12:11	eugeneius	2017-04-24 20:10:47	236	216	20	True	True
28864	yahonda	2017-04-25 02:53:17	yahonda	2017-04-18 12:16:58	10	9	1	True	True
28862	george-carlin	2017-04-24 23:48:55	george-carlin	2017-04-24 23:46:41	2	1	1	True	True
28859	maclover7	2017-04-24 22:35:30	maclover7	2017-04-24 22:33:45	13	12	1	True	True
28857	flanger001	2017-04-24 21:01:51	flanger001	2017-04-24 20:59:01	2	1	1	True	True
28857	flanger001	2017-04-24 21:01:51	flanger001	2017-06-05 14:07:14	2	1	1	False	True
28848	Edouard-chin	2017-04-24 02:34:34	Edouard-chin	2017-04-24 02:30:49	7	0	7	True	True
28847	Edouard-chin	2017-04-24 02:26:38	Edouard-chin	2017-04-24 02:20:55	20	19	1	True	True
28841	pendletons	2017-04-23 12:33:17	pendletons	2017-04-23 12:28:38	2	1	1	True	True
28840	zzak	2017-04-23 07:36:11	zzak	2017-04-23 07:32:57	10	5	5	True	True
28835	fphilipe	2017-04-22 17:55:59	fphilipe	2017-04-22 17:45:51	1	1	0	True	True
28833	bogdanvlviv	2017-04-22 11:30:39	bogdanvlviv	2017-04-22 11:23:30	7	4	3	True	True
28833	bogdanvlviv	2017-04-22 11:30:39	bogdanvlviv	2017-04-22 11:01:59	19	19	0	True	True
28831	kamipo	2017-04-22 09:37:49	kamipo	2017-04-22 09:29:05	86	40	46	True	True
28830	kamipo	2017-04-22 08:02:15	kamipo	2017-04-22 07:28:20	73	33	40	True	True
28829	y-yagi	2017-04-22 03:38:51	y-yagi	2017-04-22 03:27:25	34	32	2	True	True
28804	kieraneglin	2017-04-19 22:15:41	kieraneglin	2017-04-20 00:10:11	6	6	0	False	True
28804	kieraneglin	2017-04-19 22:15:41	kieraneglin	2017-04-19 21:43:01	58	46	12	True	True
28804	kieraneglin	2017-04-19 22:15:41	kieraneglin	2017-04-19 22:08:50	6	6	0	True	True
28804	kieraneglin	2017-04-19 22:15:41	kieraneglin	2017-04-19 21:28:22	83	67	16	True	True
28804	kieraneglin	2017-04-19 22:15:41	kieraneglin	2017-04-20 00:31:49	2	1	1	False	True
28803	rafaelfranca	2017-04-19 22:03:54	rafaelfranca	2017-04-19 22:00:13	346	292	54	True	True
28800	wvanbergen	2017-04-19 18:55:59	wvanbergen	2017-04-19 18:50:25	72	56	16	True	True
28790	tjschuck	2017-04-18 18:30:25	tjschuck	2017-04-18 16:28:34	1	1	0	True	True
28784	fakefarm	2017-04-18 00:23:44	Dave Woodall	2017-04-18 00:16:27	40	25	15	True	True
28782	kmayer	2017-04-17 18:58:30	kmayer	2017-04-18 00:22:02	3	3	0	False	True
28781	mtsmfm	2017-04-17 15:11:02	mtsmfm	2017-04-11 14:21:53	68	45	23	True	True
28777	matthewd	2017-04-17 07:02:31	matthewd	2017-04-17 03:59:44	75	64	11	True	True
28776	kamipo	2017-04-17 00:09:17	kamipo	2017-04-16 23:56:10	52	44	8	True	True
28773	kamipo	2017-04-15 20:44:26	kamipo	2017-04-15 22:45:33	181	114	67	False	True
28773	kamipo	2017-04-15 20:44:26	kamipo	2017-04-15 20:17:14	18	14	4	True	True
28768	kamipo	2017-04-15 09:42:50	kamipo	2017-04-15 09:33:47	7	3	4	True	True
28763	aergonaut	2017-04-15 02:15:54	aergonaut	2017-04-15 05:08:04	2	1	1	False	True
28763	aergonaut	2017-04-15 02:15:54	aergonaut	2017-04-15 00:50:58	26	25	1	True	True
28759	maclover7	2017-04-14 16:05:29	maclover7	2017-04-14 15:57:45	45	21	24	True	True
28758	edwardloveall	2017-04-14 15:26:21	edwardloveall	2018-06-15 15:14:12	15	14	1	False	True
28757	edwardmp	2017-04-14 14:07:20	edwardmp	2017-04-14 13:25:08	9	8	1	True	True
28755	keithpitty	2017-04-14 12:18:22	keithpitty	2017-04-14 11:36:16	17	9	8	True	True
28755	keithpitty	2017-04-14 12:18:22	keithpitty	2017-04-14 11:45:00	15	8	7	True	True
28755	keithpitty	2017-04-14 12:18:22	keithpitty	2017-04-14 11:52:52	2	1	1	True	True
28753	st0012	2017-04-14 09:35:18	st0012	2017-04-14 09:23:25	10	10	0	True	True
28744	y-yagi	2017-04-12 23:03:14	y-yagi	2017-04-12 22:57:45	3	2	1	True	True
28743	kamipo	2017-04-12 23:00:11	kamipo	2017-04-12 22:56:17	6	6	0	True	True
28734	rafaelfranca	2017-04-12 02:39:31	rafaelfranca	2017-04-17 22:55:21	57	18	39	False	True
28734	rafaelfranca	2017-04-12 02:39:31	rafaelfranca	2017-04-17 22:28:02	60	30	30	False	True
28734	rafaelfranca	2017-04-12 02:39:31	rafaelfranca	2017-04-12 02:03:30	14	7	7	True	True
28734	rafaelfranca	2017-04-12 02:39:31	rafaelfranca	2017-04-13 20:11:08	8	4	4	False	True
28734	rafaelfranca	2017-04-12 02:39:31	rafaelfranca	2017-04-12 02:00:14	10	10	0	True	True
28734	rafaelfranca	2017-04-12 02:39:31	rafaelfranca	2017-04-12 00:02:51	2	1	1	True	True
28734	rafaelfranca	2017-04-12 02:39:31	rafaelfranca	2017-04-12 01:56:55	42	42	0	True	True
28734	rafaelfranca	2017-04-12 02:39:31	rafaelfranca	2017-04-12 02:21:14	54	49	5	True	True
28734	rafaelfranca	2017-04-12 02:39:31	rafaelfranca	2017-04-12 01:45:39	36	19	17	True	True
28733	kamipo	2017-04-11 23:57:05	kamipo	2017-04-11 23:04:26	22	12	10	True	True
28729	matthewd	2017-04-11 17:51:50	matthewd	2017-04-11 17:44:09	20	17	3	True	True
28726	matthewd	2017-04-10 22:50:28	matthewd	2017-04-10 22:40:24	122	70	52	True	True
28722	DmytroVasin	2017-04-10 11:58:39	DmytroVasin	2017-04-10 07:05:54	68	46	22	True	True
28709	prathamesh-sonpatki	2017-04-09 02:19:00	prathamesh-sonpatki	2017-03-26 22:25:20	94	72	22	True	True
28708	y-yagi	2017-04-09 02:00:53	y-yagi	2017-04-09 01:48:56	15	15	0	True	True
28707	msducheminjr	2017-04-08 17:18:01	msducheminjr	2019-01-27 05:23:47	22	22	0	False	True
28704	unfunco	2017-04-08 11:55:51	unfunco	2017-04-09 08:47:44	1	0	1	False	True
28704	unfunco	2017-04-08 11:55:51	unfunco	2017-04-08 11:53:44	1	0	1	True	True
28699	bslobodin	2017-04-07 15:43:31	bslobodin	2017-04-08 23:14:21	4	2	2	False	True
28699	bslobodin	2017-04-07 15:43:31	matthewd	2017-04-09 23:00:41	4	2	2	False	True
28699	bslobodin	2017-04-07 15:43:31	bslobodin	2017-04-07 15:29:03	7	6	1	True	True
28699	bslobodin	2017-04-07 15:43:31	bslobodin	2017-04-08 20:11:24	10	5	5	False	True
28686	matildasmeds	2017-04-06 20:14:10	matildasmeds	2017-04-06 19:07:14	57	22	35	True	True
28685	kaspth	2017-04-06 18:45:33	kaspth	2017-03-23 20:57:42	12	7	5	True	True
28685	kaspth	2017-04-06 18:45:33	kaspth	2017-03-23 20:43:11	108	100	8	True	True
28680	vishalzambre	2017-04-06 07:30:09	vishalzambre	2017-04-06 07:32:52	2	2	0	False	True
28676	cupakromer	2017-04-05 16:32:44	cupakromer	2018-07-10 13:29:46	10	10	0	False	True
28676	cupakromer	2017-04-05 16:32:44	cupakromer	2017-04-05 15:50:56	11	11	0	True	True
28675	claudiob	2017-04-05 16:00:44	claudiob	2017-04-05 15:57:38	60	60	0	True	True
28665	claudiob	2017-04-04 19:12:49	claudiob	2017-04-04 19:09:17	6	2	4	True	True
28661	bogdanvlviv	2017-04-04 17:25:57	bogdanvlviv	2017-04-04 17:23:51	39	35	4	True	True
28649	y-yagi	2017-04-03 12:34:51	y-yagi	2017-04-03 12:32:49	2	1	1	True	True
28644	mtsmfm	2017-04-02 12:13:08	mtsmfm	2017-04-02 10:06:58	19	18	1	True	True
28640	kamipo	2017-04-02 00:12:08	kamipo	2017-04-01 23:24:23	124	70	54	True	True
28639	marklocklear	2017-04-01 19:48:53	marklocklear	2017-03-30 13:20:24	177	173	4	True	True
28639	marklocklear	2017-04-01 19:48:53	marklocklear	2017-04-04 15:28:38	14	7	7	False	True
28639	marklocklear	2017-04-01 19:48:53	marklocklear	2017-04-15 19:11:35	0	0	0	False	True
28639	marklocklear	2017-04-01 19:48:53	marklocklear	2017-04-17 15:36:13	0	0	0	False	True
28632	kamipo	2017-04-01 06:56:42	kamipo	2017-04-01 06:52:11	8	4	4	True	True
28631	y-yagi	2017-04-01 05:00:50	y-yagi	2017-04-01 04:22:25	49	31	18	True	True
