pr_number	author_user_login	pr_created_at	review_user_login	review_created_at	filename	create_before_pr	has_issue_comment	has_review_comment	has_commit
46157	p8	2022-09-29 19:51:26	rafaelfranca	2022-09-29 22:05:49	Gemfile.lock	True	True	True	True
46157	p8	2022-09-29 19:51:26	rafaelfranca	2022-09-29 22:05:49	Gemfile	True	True	True	True
46153	jonathanhefner	2022-09-29 16:11:19	rafaelfranca	2022-09-29 16:19:09	actionpack/test/dispatch/system_testing/driver_test.rb	True	False	False	True
46153	jonathanhefner	2022-09-29 16:11:19	rafaelfranca	2022-09-29 16:19:09	Gemfile.lock	True	False	False	True
46146	eikes	2022-09-28 11:40:34	rafaelfranca	2022-09-28 21:36:00	activerecord/lib/active_record/tasks/database_tasks.rb	False	True	True	True
46146	eikes	2022-09-28 11:40:34	rafaelfranca	2022-09-28 21:36:00	railties/lib/rails/application/dummy_config.rb	True	True	True	True
46146	eikes	2022-09-28 11:40:34	rafaelfranca	2022-09-28 21:36:00	railties/lib/rails/application/configuration.rb	True	True	True	True
46146	eikes	2022-09-28 11:40:34	rafaelfranca	2022-09-28 21:36:00	railties/lib/rails/application/configuration.rb	False	True	True	True
46146	eikes	2022-09-28 11:40:34	rafaelfranca	2022-09-28 21:36:00	railties/test/application/configuration_test.rb	False	True	True	True
46134	eikes	2022-09-26 18:51:46	eileencodes	2022-09-27 15:11:48	railties/test/application/rake/multi_dbs_test.rb	True	False	True	True
46134	eikes	2022-09-26 18:51:46	eileencodes	2022-09-27 14:53:07	railties/test/application/configuration_test.rb	True	False	True	True
46134	eikes	2022-09-26 18:51:46	eileencodes	2022-09-27 14:53:07	railties/lib/rails/application/dummy_erb_compiler.rb	True	False	True	True
46134	eikes	2022-09-26 18:51:46	eileencodes	2022-09-27 14:53:07	railties/lib/rails/application/dummy_config.rb	True	False	True	True
46134	eikes	2022-09-26 18:51:46	eileencodes	2022-09-27 14:53:07	railties/lib/rails/application/configuration.rb	True	False	True	True
46134	eikes	2022-09-26 18:51:46	eileencodes	2022-09-27 14:53:07	activerecord/lib/active_record/tasks/database_tasks.rb	True	False	True	True
46134	eikes	2022-09-26 18:51:46	eileencodes	2022-09-27 14:53:07	activerecord/lib/active_record.rb	True	False	True	True
46134	eikes	2022-09-26 18:51:46	eileencodes	2022-09-27 14:53:07	activerecord/CHANGELOG.md	True	False	True	True
46134	eikes	2022-09-26 18:51:46	eileencodes	2022-09-27 14:53:07	actiontext/test/dummy/config/environments/development.rb	True	False	True	True
46134	eikes	2022-09-26 18:51:46	eileencodes	2022-09-27 14:53:07	actionmailbox/test/dummy/config/environments/development.rb	True	False	True	True
46134	eikes	2022-09-26 18:51:46	eileencodes	2022-09-27 15:11:48	railties/lib/rails/application/configuration.rb	True	False	True	True
46134	eikes	2022-09-26 18:51:46	eileencodes	2022-09-27 15:11:48	railties/test/application/rake/dbs_test.rb	True	False	True	True
46134	eikes	2022-09-26 18:51:46	eileencodes	2022-09-27 15:11:48	railties/test/application/configuration_test.rb	True	False	True	True
46134	eikes	2022-09-26 18:51:46	eileencodes	2022-09-27 15:11:48	railties/lib/rails/application/dummy_erb_compiler.rb	True	False	True	True
46134	eikes	2022-09-26 18:51:46	eileencodes	2022-09-27 15:11:48	railties/lib/rails/application/dummy_config.rb	True	False	True	True
46134	eikes	2022-09-26 18:51:46	eileencodes	2022-09-27 14:53:07	railties/test/application/rake/multi_dbs_test.rb	True	False	True	True
46134	eikes	2022-09-26 18:51:46	eileencodes	2022-09-27 15:11:48	activerecord/lib/active_record/tasks/database_tasks.rb	True	False	True	True
46134	eikes	2022-09-26 18:51:46	eileencodes	2022-09-27 15:11:48	activerecord/lib/active_record.rb	True	False	True	True
46134	eikes	2022-09-26 18:51:46	eileencodes	2022-09-27 15:11:48	activerecord/CHANGELOG.md	True	False	True	True
46134	eikes	2022-09-26 18:51:46	eileencodes	2022-09-27 15:11:48	actiontext/test/dummy/config/environments/development.rb	True	False	True	True
46134	eikes	2022-09-26 18:51:46	eileencodes	2022-09-27 15:11:48	actionmailbox/test/dummy/config/environments/development.rb	True	False	True	True
46134	eikes	2022-09-26 18:51:46	eileencodes	2022-09-27 14:53:07	railties/test/application/rake/dbs_test.rb	True	False	True	True
46134	eikes	2022-09-26 18:51:46	eileencodes	2022-09-26 20:18:52	activerecord/lib/active_record/tasks/database_tasks.rb	True	False	True	True
46134	eikes	2022-09-26 18:51:46	eileencodes	2022-09-26 20:18:52	actionmailbox/test/dummy/config/environments/development.rb	True	False	True	True
46134	eikes	2022-09-26 18:51:46	skipkayhil	2022-09-26 22:22:04	actiontext/test/dummy/config/environments/development.rb	True	False	True	True
46134	eikes	2022-09-26 18:51:46	skipkayhil	2022-09-26 22:22:04	railties/test/application/rake/multi_dbs_test.rb	True	False	True	True
46134	eikes	2022-09-26 18:51:46	skipkayhil	2022-09-26 22:22:04	railties/test/application/rake/dbs_test.rb	True	False	True	True
46134	eikes	2022-09-26 18:51:46	skipkayhil	2022-09-26 22:22:04	railties/test/application/configuration_test.rb	True	False	True	True
46134	eikes	2022-09-26 18:51:46	skipkayhil	2022-09-26 22:22:04	railties/lib/rails/application/dummy_erb_compiler.rb	True	False	True	True
46134	eikes	2022-09-26 18:51:46	skipkayhil	2022-09-26 22:22:04	railties/lib/rails/application/dummy_config.rb	True	False	True	True
46134	eikes	2022-09-26 18:51:46	skipkayhil	2022-09-26 22:22:04	railties/lib/rails/application/configuration.rb	True	False	True	True
46134	eikes	2022-09-26 18:51:46	skipkayhil	2022-09-26 22:22:04	activerecord/lib/active_record/tasks/database_tasks.rb	True	False	True	True
46134	eikes	2022-09-26 18:51:46	skipkayhil	2022-09-26 22:22:04	activerecord/lib/active_record.rb	True	False	True	True
46134	eikes	2022-09-26 18:51:46	skipkayhil	2022-09-26 22:22:04	activerecord/CHANGELOG.md	True	False	True	True
46134	eikes	2022-09-26 18:51:46	skipkayhil	2022-09-26 22:22:04	actionmailbox/test/dummy/config/environments/development.rb	True	False	True	True
46134	eikes	2022-09-26 18:51:46	eileencodes	2022-09-26 20:18:52	actiontext/test/dummy/config/environments/development.rb	True	False	True	True
46134	eikes	2022-09-26 18:51:46	eileencodes	2022-09-26 20:18:52	railties/test/application/rake/multi_dbs_test.rb	True	False	True	True
46134	eikes	2022-09-26 18:51:46	eileencodes	2022-09-26 20:18:52	railties/test/application/rake/dbs_test.rb	True	False	True	True
46134	eikes	2022-09-26 18:51:46	eileencodes	2022-09-26 20:18:52	railties/test/application/configuration_test.rb	True	False	True	True
46134	eikes	2022-09-26 18:51:46	eileencodes	2022-09-26 20:18:52	railties/lib/rails/application/dummy_erb_compiler.rb	True	False	True	True
46134	eikes	2022-09-26 18:51:46	eileencodes	2022-09-26 20:18:52	railties/lib/rails/application/dummy_config.rb	True	False	True	True
46134	eikes	2022-09-26 18:51:46	eileencodes	2022-09-26 20:18:52	railties/lib/rails/application/configuration.rb	True	False	True	True
46134	eikes	2022-09-26 18:51:46	eileencodes	2022-09-26 20:18:52	activerecord/lib/active_record.rb	True	False	True	True
46134	eikes	2022-09-26 18:51:46	eileencodes	2022-09-26 20:18:52	activerecord/CHANGELOG.md	True	False	True	True
46131	casperisfine	2022-09-26 14:21:49	st0012	2022-09-26 17:12:16	activesupport/lib/active_support/error_reporter.rb	True	True	True	True
46131	casperisfine	2022-09-26 14:21:49	st0012	2022-09-26 17:12:16	activesupport/CHANGELOG.md	True	True	True	True
46131	casperisfine	2022-09-26 14:21:49	st0012	2022-09-26 17:12:16	activesupport/test/executor_test.rb	True	True	True	True
46131	casperisfine	2022-09-26 14:21:49	st0012	2022-09-26 17:12:16	activesupport/test/error_reporter_test.rb	True	True	True	True
46123	alextaujenis	2022-09-24 19:21:54	jorgemanrubia	2022-09-26 20:27:48	activerecord/test/cases/encryption/encryptable_record_test.rb	True	True	False	True
46123	alextaujenis	2022-09-24 19:21:54	jorgemanrubia	2022-09-26 20:27:48	activerecord/lib/active_record/encryption/encryptable_record.rb	True	True	False	True
46123	alextaujenis	2022-09-24 19:21:54	jorgemanrubia	2022-09-26 20:27:48	activerecord/lib/active_record/encryption/encrypted_attribute_type.rb	True	True	False	True
46123	alextaujenis	2022-09-24 19:21:54	jorgemanrubia	2022-09-26 20:27:48	activerecord/lib/active_record/encryption/scheme.rb	True	True	False	True
46123	alextaujenis	2022-09-24 19:21:54	jorgemanrubia	2022-09-26 20:27:48	activerecord/CHANGELOG.md	True	True	False	True
46123	alextaujenis	2022-09-24 19:21:54	jorgemanrubia	2022-09-26 20:27:48	activerecord/test/cases/encryption/extended_deterministic_queries_test.rb	True	True	False	True
46123	alextaujenis	2022-09-24 19:21:54	jorgemanrubia	2022-09-26 20:27:48	activerecord/test/cases/encryption/uniqueness_validations_test.rb	True	True	False	True
46123	alextaujenis	2022-09-24 19:21:54	jorgemanrubia	2022-09-26 20:27:48	activerecord/test/models/book_encrypted.rb	True	True	False	True
46123	alextaujenis	2022-09-24 19:21:54	jorgemanrubia	2022-09-26 20:27:48	guides/source/active_record_encryption.md	True	True	False	True
46120	tenderlove	2022-09-23 22:13:46	jhawthorn	2022-09-23 22:15:43	railties/lib/rails/mailers_controller.rb	True	False	False	True
46120	tenderlove	2022-09-23 22:13:46	jhawthorn	2022-09-23 22:15:43	railties/lib/rails/info_controller.rb	True	False	False	True
46120	tenderlove	2022-09-23 22:13:46	jhawthorn	2022-09-23 22:15:43	actionpack/lib/action_dispatch/middleware/debug_view.rb	True	False	False	True
46110	sambostock	2022-09-22 21:15:07	rafaelfranca	2022-09-22 22:15:01	activerecord/CHANGELOG.md	True	False	True	True
46110	sambostock	2022-09-22 21:15:07	rafaelfranca	2022-09-22 21:52:09	activerecord/CHANGELOG.md	True	False	True	True
46110	sambostock	2022-09-22 21:15:07	rafaelfranca	2022-09-22 21:52:09	activerecord/lib/active_record/connection_adapters/abstract/schema_definitions.rb	True	False	True	True
46110	sambostock	2022-09-22 21:15:07	rafaelfranca	2022-09-22 21:52:09	activerecord/test/cases/adapters/mysql2/virtual_column_test.rb	True	False	True	True
46110	sambostock	2022-09-22 21:15:07	rafaelfranca	2022-09-22 21:59:33	activerecord/CHANGELOG.md	True	False	True	True
46110	sambostock	2022-09-22 21:15:07	rafaelfranca	2022-09-22 21:59:33	activerecord/lib/active_record/connection_adapters/abstract/schema_definitions.rb	True	False	True	True
46110	sambostock	2022-09-22 21:15:07	rafaelfranca	2022-09-22 21:59:33	activerecord/test/cases/adapters/mysql2/virtual_column_test.rb	True	False	True	True
46110	sambostock	2022-09-22 21:15:07	rafaelfranca	2022-09-22 21:59:33	activerecord/test/cases/migration/change_schema_test.rb	True	False	True	True
46110	sambostock	2022-09-22 21:15:07	rafaelfranca	2022-09-22 21:52:09	activerecord/test/cases/migration/change_schema_test.rb	True	False	True	True
46110	sambostock	2022-09-22 21:15:07	rafaelfranca	2022-09-22 22:15:01	activerecord/lib/active_record/connection_adapters/abstract/schema_definitions.rb	True	False	True	True
46110	sambostock	2022-09-22 21:15:07	rafaelfranca	2022-09-22 22:15:01	activerecord/test/cases/migration/change_schema_test.rb	True	False	True	True
46110	sambostock	2022-09-22 21:15:07	rafaelfranca	2022-09-22 22:20:17	activerecord/CHANGELOG.md	True	False	True	True
46110	sambostock	2022-09-22 21:15:07	rafaelfranca	2022-09-22 22:20:17	activerecord/lib/active_record/connection_adapters/abstract/schema_definitions.rb	True	False	True	True
46110	sambostock	2022-09-22 21:15:07	rafaelfranca	2022-09-22 22:20:17	activerecord/test/cases/adapters/mysql2/virtual_column_test.rb	True	False	True	True
46110	sambostock	2022-09-22 21:15:07	rafaelfranca	2022-09-22 22:20:17	activerecord/test/cases/migration/change_schema_test.rb	True	False	True	True
46110	sambostock	2022-09-22 21:15:07	rafaelfranca	2022-09-22 22:15:01	activerecord/test/cases/adapters/mysql2/virtual_column_test.rb	True	False	True	True
46108	adrianna-chang-shopify	2022-09-22 17:52:47	byroot	2022-09-22 21:15:12	activerecord/lib/active_record/connection_adapters/mysql2_adapter.rb	False	False	True	True
46108	adrianna-chang-shopify	2022-09-22 17:52:47	byroot	2022-09-22 18:10:54	activerecord/CHANGELOG.md	False	False	True	True
46108	adrianna-chang-shopify	2022-09-22 17:52:47	byroot	2022-09-22 18:10:54	activerecord/lib/active_record/connection_adapters/postgresql/quoting.rb	False	False	True	True
46108	adrianna-chang-shopify	2022-09-22 17:52:47	byroot	2022-09-22 21:15:12	activerecord/CHANGELOG.md	False	False	True	True
46108	adrianna-chang-shopify	2022-09-22 17:52:47	byroot	2022-09-22 18:10:54	activerecord/lib/active_record/connection_adapters/mysql2_adapter.rb	False	False	True	True
46108	adrianna-chang-shopify	2022-09-22 17:52:47	byroot	2022-09-22 21:15:12	activerecord/lib/active_record/connection_adapters/postgresql/quoting.rb	False	False	True	True
46108	adrianna-chang-shopify	2022-09-22 17:52:47	matthewd	2022-09-22 20:23:27	activerecord/CHANGELOG.md	False	False	True	True
46108	adrianna-chang-shopify	2022-09-22 17:52:47	matthewd	2022-09-22 20:23:27	activerecord/lib/active_record/connection_adapters/mysql2_adapter.rb	False	False	True	True
46108	adrianna-chang-shopify	2022-09-22 17:52:47	matthewd	2022-09-22 20:23:27	activerecord/lib/active_record/connection_adapters/postgresql/quoting.rb	False	False	True	True
46106	MSP-Greg	2022-09-22 17:03:47	rafaelfranca	2022-09-22 17:08:46	actioncable/test/client_test.rb	True	False	True	True
46106	MSP-Greg	2022-09-22 17:03:47	rafaelfranca	2022-09-22 17:08:46	Gemfile.lock	True	False	True	True
46106	MSP-Greg	2022-09-22 17:03:47	rafaelfranca	2022-09-22 17:08:46	Gemfile	True	False	True	True
46102	casperisfine	2022-09-22 14:53:50	nvasilevski	2022-09-22 14:58:34	activesupport/lib/active_support/execution_wrapper.rb	True	False	True	True
46102	casperisfine	2022-09-22 14:53:50	nvasilevski	2022-09-22 14:58:34	activesupport/lib/active_support/reloader.rb	True	False	True	True
46102	casperisfine	2022-09-22 14:53:50	nvasilevski	2022-09-22 14:58:34	activesupport/test/reloader_test.rb	True	False	True	True
46102	casperisfine	2022-09-22 14:53:50	nvasilevski	2022-09-22 14:58:34	activesupport/lib/active_support/testing/error_reporter_assertions.rb	False	False	True	True
46094	shalvah	2022-09-21 23:18:39	byroot	2022-09-22 20:31:00	guides/source/error_reporting.md	False	True	True	True
46094	shalvah	2022-09-21 23:18:39	rafaelfranca	2022-09-22 21:44:11	guides/source/error_reporting.md	False	True	True	True
46094	shalvah	2022-09-21 23:18:39	casperisfine	2022-09-23 15:09:36	guides/source/error_reporting.md	False	True	True	True
46094	shalvah	2022-09-21 23:18:39	st0012	2022-09-22 21:03:31	guides/source/error_reporting.md	False	True	True	True
46094	shalvah	2022-09-21 23:18:39	casperisfine	2022-09-23 15:07:26	guides/source/error_reporting.md	False	True	True	True
46094	shalvah	2022-09-21 23:18:39	st0012	2022-09-22 20:50:08	guides/source/error_reporting.md	False	True	True	True
46094	shalvah	2022-09-21 23:18:39	byroot	2022-09-22 20:29:30	guides/source/error_reporting.md	False	True	True	True
46094	shalvah	2022-09-21 23:18:39	casperisfine	2022-09-23 15:11:01	guides/source/error_reporting.md	False	True	True	True
46094	shalvah	2022-09-21 23:18:39	st0012	2022-09-22 21:04:58	guides/source/error_reporting.md	False	True	True	True
46094	shalvah	2022-09-21 23:18:39	byroot	2022-09-22 20:57:47	guides/source/error_reporting.md	False	True	True	True
46094	shalvah	2022-09-21 23:18:39	st0012	2022-09-22 21:01:57	guides/source/error_reporting.md	False	True	True	True
46094	shalvah	2022-09-21 23:18:39	st0012	2022-09-22 20:57:19	guides/source/error_reporting.md	False	True	True	True
46094	shalvah	2022-09-21 23:18:39	byroot	2022-09-22 21:03:13	guides/source/error_reporting.md	False	True	True	True
46094	shalvah	2022-09-21 23:18:39	st0012	2022-09-22 20:55:42	guides/source/error_reporting.md	False	True	True	True
46093	gmcgibbon	2022-09-21 22:55:45	rafaelfranca	2022-09-22 21:58:11	activerecord/test/cases/adapters/mysql2/dbconsole_test.rb	True	False	True	True
46093	gmcgibbon	2022-09-21 22:55:45	rafaelfranca	2022-09-22 21:58:11	railties/lib/rails/commands/dbconsole/dbconsole_command.rb	True	False	True	True
46093	gmcgibbon	2022-09-21 22:55:45	rafaelfranca	2022-09-22 21:58:11	railties/CHANGELOG.md	True	False	True	True
46093	gmcgibbon	2022-09-21 22:55:45	rafaelfranca	2022-09-22 21:58:11	activerecord/test/cases/adapters/sqlite3/dbconsole_test.rb	True	False	True	True
46093	gmcgibbon	2022-09-21 22:55:45	rafaelfranca	2022-09-22 21:58:11	activerecord/test/cases/adapters/postgresql/dbconsole_test.rb	True	False	True	True
46093	gmcgibbon	2022-09-21 22:55:45	rafaelfranca	2022-09-22 21:58:11	activerecord/lib/active_record/connection_adapters/mysql2_adapter.rb	True	False	True	True
46093	gmcgibbon	2022-09-21 22:55:45	rafaelfranca	2022-09-22 21:58:11	activerecord/lib/active_record/database_configurations/database_config.rb	True	False	True	True
46093	gmcgibbon	2022-09-21 22:55:45	rafaelfranca	2022-09-22 21:58:11	activerecord/lib/active_record/connection_adapters/sqlite3_adapter.rb	True	False	True	True
46093	gmcgibbon	2022-09-21 22:55:45	rafaelfranca	2022-09-28 23:38:33	activerecord/lib/active_record/connection_adapters/abstract_adapter.rb	True	False	True	True
46093	gmcgibbon	2022-09-21 22:55:45	rafaelfranca	2022-09-22 21:58:11	activerecord/lib/active_record/connection_adapters/abstract_mysql_adapter.rb	True	False	True	True
46093	gmcgibbon	2022-09-21 22:55:45	rafaelfranca	2022-09-22 21:58:11	activerecord/lib/active_record/connection_adapters/abstract_adapter.rb	True	False	True	True
46093	gmcgibbon	2022-09-21 22:55:45	rafaelfranca	2022-09-22 21:58:11	railties/test/commands/dbconsole_test.rb	True	False	True	True
46093	gmcgibbon	2022-09-21 22:55:45	rafaelfranca	2022-09-22 21:58:11	activerecord/lib/active_record/connection_adapters/postgresql_adapter.rb	True	False	True	True
46093	gmcgibbon	2022-09-21 22:55:45	rafaelfranca	2022-09-28 23:38:33	activerecord/lib/active_record/connection_adapters/abstract_mysql_adapter.rb	True	False	True	True
46093	gmcgibbon	2022-09-21 22:55:45	rafaelfranca	2022-09-28 23:38:33	activerecord/test/cases/adapters/postgresql/dbconsole_test.rb	True	False	True	True
46093	gmcgibbon	2022-09-21 22:55:45	rafaelfranca	2022-09-28 23:38:33	railties/test/commands/dbconsole_test.rb	True	False	True	True
46093	gmcgibbon	2022-09-21 22:55:45	rafaelfranca	2022-09-28 23:38:33	railties/lib/rails/commands/dbconsole/dbconsole_command.rb	True	False	True	True
46093	gmcgibbon	2022-09-21 22:55:45	rafaelfranca	2022-09-28 23:38:33	activerecord/test/cases/adapters/sqlite3/dbconsole_test.rb	True	False	True	True
46093	gmcgibbon	2022-09-21 22:55:45	rafaelfranca	2022-09-28 23:38:33	railties/CHANGELOG.md	True	False	True	True
46093	gmcgibbon	2022-09-21 22:55:45	rafaelfranca	2022-09-28 23:38:33	activerecord/test/cases/adapters/mysql2/dbconsole_test.rb	True	False	True	True
46093	gmcgibbon	2022-09-21 22:55:45	rafaelfranca	2022-09-28 23:38:33	activerecord/lib/active_record/database_configurations/database_config.rb	True	False	True	True
46093	gmcgibbon	2022-09-21 22:55:45	rafaelfranca	2022-09-28 23:38:33	activerecord/lib/active_record/connection_adapters/sqlite3_adapter.rb	True	False	True	True
46093	gmcgibbon	2022-09-21 22:55:45	rafaelfranca	2022-09-28 23:38:33	activerecord/lib/active_record/connection_adapters/postgresql_adapter.rb	True	False	True	True
46093	gmcgibbon	2022-09-21 22:55:45	rafaelfranca	2022-09-28 23:38:33	activerecord/lib/active_record/connection_adapters/mysql2_adapter.rb	True	False	True	True
46080	jdelStrother	2022-09-20 12:18:30	rafaelfranca	2022-09-20 21:03:21	activejob/lib/active_job/queue_adapters/sidekiq_adapter.rb	True	True	True	True
46080	jdelStrother	2022-09-20 12:18:30	rafaelfranca	2022-09-20 21:03:21	activejob/CHANGELOG.md	True	True	True	True
46080	jdelStrother	2022-09-20 12:18:30	mperham	2022-09-20 19:24:14	activejob/lib/active_job/queue_adapters/sidekiq_adapter.rb	True	True	True	True
46080	jdelStrother	2022-09-20 12:18:30	mperham	2022-09-20 19:24:14	activejob/CHANGELOG.md	True	True	True	True
46080	jdelStrother	2022-09-20 12:18:30	rafaelfranca	2022-09-20 18:58:01	activejob/lib/active_job/queue_adapters/sidekiq_adapter.rb	True	True	True	True
46080	jdelStrother	2022-09-20 12:18:30	rafaelfranca	2022-09-20 18:58:01	activejob/CHANGELOG.md	True	True	True	True
46074	skipkayhil	2022-09-20 07:29:48	rafaelfranca	2022-09-20 21:19:50	railties/lib/rails/app_updater.rb	True	True	True	True
46074	skipkayhil	2022-09-20 07:29:48	rafaelfranca	2022-09-20 21:19:50	railties/lib/rails/generators/app_name.rb	True	True	True	True
46074	skipkayhil	2022-09-20 07:29:48	rafaelfranca	2022-09-20 21:19:50	railties/test/generators/db_system_change_generator_test.rb	True	True	True	True
46074	skipkayhil	2022-09-20 07:29:48	rafaelfranca	2022-09-20 21:19:50	railties/test/application/generators_test.rb	True	True	True	True
46068	goulvench	2022-09-19 18:14:43	eileencodes	2022-09-20 13:28:19	actionview/test/template/record_identifier_test.rb	True	True	True	True
46068	goulvench	2022-09-19 18:14:43	eileencodes	2022-09-20 13:28:19	actionview/test/lib/controller/fake_models.rb	True	True	True	True
46068	goulvench	2022-09-19 18:14:43	eileencodes	2022-09-20 13:28:19	actionview/lib/action_view/record_identifier.rb	True	True	True	True
46068	goulvench	2022-09-19 18:14:43	eileencodes	2022-09-20 13:28:19	actionview/CHANGELOG.md	True	True	True	True
46067	eileencodes	2022-09-19 17:59:29	rafaelfranca	2022-09-19 18:10:40	activerecord/test/cases/tasks/postgresql_rake_test.rb	True	False	False	True
46067	eileencodes	2022-09-19 17:59:29	rafaelfranca	2022-09-19 18:10:40	activerecord/lib/active_record/tasks/sqlite_database_tasks.rb	True	False	False	True
46067	eileencodes	2022-09-19 17:59:29	rafaelfranca	2022-09-19 18:10:40	activerecord/lib/active_record/tasks/postgresql_database_tasks.rb	True	False	False	True
46067	eileencodes	2022-09-19 17:59:29	rafaelfranca	2022-09-19 18:10:40	activerecord/lib/active_record/tasks/mysql_database_tasks.rb	True	False	False	True
46064	k0kubun	2022-09-19 05:57:56	ume3119	2022-09-19 12:05:47	railties/lib/rails/generators/rails/app/templates/bin/setup.tt	True	False	False	True
46057	jdufresne	2022-09-17 15:51:50	byroot	2022-09-19 08:48:43	actionpack/CHANGELOG.md	True	True	True	True
46057	jdufresne	2022-09-17 15:51:50	byroot	2022-09-22 23:53:00	actionpack/lib/action_dispatch/testing/assertions/response.rb	True	True	True	True
46057	jdufresne	2022-09-17 15:51:50	byroot	2022-09-22 23:53:00	actionpack/CHANGELOG.md	True	True	True	True
46057	jdufresne	2022-09-17 15:51:50	byroot	2022-09-19 17:55:13	actionpack/CHANGELOG.md	True	True	True	True
46057	jdufresne	2022-09-17 15:51:50	byroot	2022-09-19 17:55:13	actionpack/lib/action_dispatch/testing/assertions/response.rb	True	True	True	True
46057	jdufresne	2022-09-17 15:51:50	byroot	2022-09-19 17:55:13	actionpack/test/controller/action_pack_assertions_test.rb	True	True	True	True
46057	jdufresne	2022-09-17 15:51:50	byroot	2022-09-22 23:53:00	actionpack/test/controller/action_pack_assertions_test.rb	True	True	True	True
46057	jdufresne	2022-09-17 15:51:50	byroot	2022-09-19 08:48:43	actionpack/lib/action_dispatch/testing/assertions/response.rb	True	True	True	True
46057	jdufresne	2022-09-17 15:51:50	byroot	2022-09-18 08:03:22	actionpack/CHANGELOG.md	True	True	True	True
46057	jdufresne	2022-09-17 15:51:50	byroot	2022-09-18 08:03:22	actionpack/lib/action_dispatch/testing/assertions/response.rb	True	True	True	True
46057	jdufresne	2022-09-17 15:51:50	byroot	2022-09-18 08:03:22	actionpack/test/controller/action_pack_assertions_test.rb	True	True	True	True
46057	jdufresne	2022-09-17 15:51:50	byroot	2022-09-19 08:48:43	actionpack/test/controller/action_pack_assertions_test.rb	True	True	True	True
46050	sreeram-venkitesh	2022-09-16 12:16:56	p8	2022-09-16 12:42:42	actionpack/lib/action_controller/renderer.rb	False	False	True	True
46048	tenderlove	2022-09-15 21:43:56	rafaelfranca	2022-09-16 19:55:35	activemodel/lib/active_model/type/helpers/mutable.rb	True	True	True	True
46048	tenderlove	2022-09-15 21:43:56	rafaelfranca	2022-09-16 18:37:39	activemodel/lib/active_model/type/helpers/mutable.rb	True	True	True	True
46048	tenderlove	2022-09-15 21:43:56	rafaelfranca	2022-09-16 18:37:39	activemodel/lib/active_model/type/value.rb	True	True	True	True
46048	tenderlove	2022-09-15 21:43:56	rafaelfranca	2022-09-16 18:37:39	activerecord/CHANGELOG.md	True	True	True	True
46048	tenderlove	2022-09-15 21:43:56	rafaelfranca	2022-09-16 18:37:39	activerecord/lib/active_record/relation/predicate_builder.rb	True	True	True	True
46048	tenderlove	2022-09-15 21:43:56	rafaelfranca	2022-09-16 18:37:39	activerecord/test/cases/query_cache_test.rb	True	True	True	True
46048	tenderlove	2022-09-15 21:43:56	rafaelfranca	2022-09-16 18:37:39	activerecord/test/cases/query_cache_test.rb	False	True	True	True
46048	tenderlove	2022-09-15 21:43:56	rafaelfranca	2022-09-16 19:55:35	activemodel/lib/active_model/type/value.rb	True	True	True	True
46048	tenderlove	2022-09-15 21:43:56	rafaelfranca	2022-09-16 19:55:35	activerecord/CHANGELOG.md	True	True	True	True
46048	tenderlove	2022-09-15 21:43:56	rafaelfranca	2022-09-16 19:55:35	activerecord/lib/active_record/relation/predicate_builder.rb	True	True	True	True
46048	tenderlove	2022-09-15 21:43:56	rafaelfranca	2022-09-16 19:55:35	activerecord/test/cases/query_cache_test.rb	True	True	True	True
46048	tenderlove	2022-09-15 21:43:56	rafaelfranca	2022-09-16 19:55:35	activerecord/test/cases/query_cache_test.rb	False	True	True	True
46046	adrianna-chang-shopify	2022-09-15 20:00:38	byroot	2022-09-22 18:07:02	activerecord/CHANGELOG.md	True	True	True	True
46046	adrianna-chang-shopify	2022-09-15 20:00:38	matthewd	2022-09-20 19:23:45	activerecord/CHANGELOG.md	True	True	True	True
46046	adrianna-chang-shopify	2022-09-15 20:00:38	matthewd	2022-09-20 19:23:45	activerecord/test/cases/adapter_test.rb	True	True	True	True
46046	adrianna-chang-shopify	2022-09-15 20:00:38	matthewd	2022-09-20 19:23:45	guides/source/configuring.md	True	True	True	True
46046	adrianna-chang-shopify	2022-09-15 20:00:38	matthewd	2022-09-20 21:11:00	activerecord/CHANGELOG.md	True	True	True	True
46046	adrianna-chang-shopify	2022-09-15 20:00:38	matthewd	2022-09-20 21:11:00	activerecord/lib/active_record/connection_adapters/abstract_adapter.rb	True	True	True	True
46046	adrianna-chang-shopify	2022-09-15 20:00:38	matthewd	2022-09-20 19:10:07	guides/source/configuring.md	True	True	True	True
46046	adrianna-chang-shopify	2022-09-15 20:00:38	matthewd	2022-09-20 21:11:00	activerecord/test/cases/adapter_test.rb	True	True	True	True
46046	adrianna-chang-shopify	2022-09-15 20:00:38	matthewd	2022-09-20 21:11:00	guides/source/configuring.md	True	True	True	True
46046	adrianna-chang-shopify	2022-09-15 20:00:38	matthewd	2022-09-20 18:06:18	activerecord/lib/active_record/connection_adapters/abstract_adapter.rb	True	True	True	True
46046	adrianna-chang-shopify	2022-09-15 20:00:38	byroot	2022-09-22 18:07:02	activerecord/lib/active_record/connection_adapters/abstract_adapter.rb	True	True	True	True
46046	adrianna-chang-shopify	2022-09-15 20:00:38	byroot	2022-09-22 18:07:02	activerecord/test/cases/adapter_test.rb	True	True	True	True
46046	adrianna-chang-shopify	2022-09-15 20:00:38	byroot	2022-09-22 18:07:02	guides/source/configuring.md	True	True	True	True
46046	adrianna-chang-shopify	2022-09-15 20:00:38	byroot	2022-09-22 18:36:15	activerecord/CHANGELOG.md	True	True	True	True
46046	adrianna-chang-shopify	2022-09-15 20:00:38	byroot	2022-09-22 18:36:15	activerecord/lib/active_record/connection_adapters/abstract_adapter.rb	True	True	True	True
46046	adrianna-chang-shopify	2022-09-15 20:00:38	byroot	2022-09-22 18:36:15	activerecord/test/cases/adapter_test.rb	True	True	True	True
46046	adrianna-chang-shopify	2022-09-15 20:00:38	byroot	2022-09-22 18:36:15	guides/source/configuring.md	True	True	True	True
46046	adrianna-chang-shopify	2022-09-15 20:00:38	matthewd	2022-09-20 18:06:18	activerecord/CHANGELOG.md	True	True	True	True
46046	adrianna-chang-shopify	2022-09-15 20:00:38	matthewd	2022-09-20 19:10:07	activerecord/lib/active_record/connection_adapters/abstract_adapter.rb	True	True	True	True
46046	adrianna-chang-shopify	2022-09-15 20:00:38	matthewd	2022-09-20 18:06:18	activerecord/test/cases/adapter_test.rb	True	True	True	True
46046	adrianna-chang-shopify	2022-09-15 20:00:38	matthewd	2022-09-20 19:10:07	activerecord/test/cases/adapter_test.rb	True	True	True	True
46046	adrianna-chang-shopify	2022-09-15 20:00:38	byroot	2022-09-20 18:17:15	activerecord/CHANGELOG.md	True	True	True	True
46046	adrianna-chang-shopify	2022-09-15 20:00:38	matthewd	2022-09-20 19:10:07	activerecord/CHANGELOG.md	True	True	True	True
46046	adrianna-chang-shopify	2022-09-15 20:00:38	matthewd	2022-09-20 18:30:21	guides/source/configuring.md	True	True	True	True
46046	adrianna-chang-shopify	2022-09-15 20:00:38	eileencodes	2022-09-22 18:30:51	activerecord/CHANGELOG.md	True	True	True	True
46046	adrianna-chang-shopify	2022-09-15 20:00:38	byroot	2022-09-20 19:14:24	activerecord/CHANGELOG.md	True	True	True	True
46046	adrianna-chang-shopify	2022-09-15 20:00:38	byroot	2022-09-20 19:14:24	activerecord/lib/active_record/connection_adapters/abstract_adapter.rb	True	True	True	True
46046	adrianna-chang-shopify	2022-09-15 20:00:38	byroot	2022-09-20 19:14:24	activerecord/test/cases/adapter_test.rb	True	True	True	True
46046	adrianna-chang-shopify	2022-09-15 20:00:38	byroot	2022-09-20 19:14:24	guides/source/configuring.md	True	True	True	True
46046	adrianna-chang-shopify	2022-09-15 20:00:38	matthewd	2022-09-20 18:15:51	activerecord/CHANGELOG.md	True	True	True	True
46046	adrianna-chang-shopify	2022-09-15 20:00:38	matthewd	2022-09-20 18:15:51	activerecord/lib/active_record/connection_adapters/abstract_adapter.rb	True	True	True	True
46046	adrianna-chang-shopify	2022-09-15 20:00:38	matthewd	2022-09-20 18:15:51	activerecord/test/cases/adapter_test.rb	True	True	True	True
46046	adrianna-chang-shopify	2022-09-15 20:00:38	matthewd	2022-09-20 18:15:51	guides/source/configuring.md	True	True	True	True
46046	adrianna-chang-shopify	2022-09-15 20:00:38	byroot	2022-09-20 18:16:08	activerecord/CHANGELOG.md	True	True	True	True
46046	adrianna-chang-shopify	2022-09-15 20:00:38	byroot	2022-09-20 18:16:08	activerecord/lib/active_record/connection_adapters/abstract_adapter.rb	True	True	True	True
46046	adrianna-chang-shopify	2022-09-15 20:00:38	byroot	2022-09-20 18:16:08	activerecord/test/cases/adapter_test.rb	True	True	True	True
46046	adrianna-chang-shopify	2022-09-15 20:00:38	byroot	2022-09-20 18:16:08	guides/source/configuring.md	True	True	True	True
46046	adrianna-chang-shopify	2022-09-15 20:00:38	byroot	2022-09-20 18:17:15	activerecord/lib/active_record/connection_adapters/abstract_adapter.rb	True	True	True	True
46046	adrianna-chang-shopify	2022-09-15 20:00:38	byroot	2022-09-20 18:17:15	activerecord/test/cases/adapter_test.rb	True	True	True	True
46046	adrianna-chang-shopify	2022-09-15 20:00:38	byroot	2022-09-20 18:17:15	guides/source/configuring.md	True	True	True	True
46046	adrianna-chang-shopify	2022-09-15 20:00:38	matthewd	2022-09-20 18:30:21	activerecord/CHANGELOG.md	True	True	True	True
46046	adrianna-chang-shopify	2022-09-15 20:00:38	matthewd	2022-09-20 18:30:21	activerecord/lib/active_record/connection_adapters/abstract_adapter.rb	True	True	True	True
46046	adrianna-chang-shopify	2022-09-15 20:00:38	matthewd	2022-09-20 18:30:21	activerecord/test/cases/adapter_test.rb	True	True	True	True
46046	adrianna-chang-shopify	2022-09-15 20:00:38	matthewd	2022-09-20 18:06:18	guides/source/configuring.md	True	True	True	True
46046	adrianna-chang-shopify	2022-09-15 20:00:38	matthewd	2022-09-20 19:23:45	activerecord/lib/active_record/connection_adapters/abstract_adapter.rb	True	True	True	True
46046	adrianna-chang-shopify	2022-09-15 20:00:38	eileencodes	2022-09-22 18:30:51	activerecord/lib/active_record/connection_adapters/abstract_adapter.rb	True	True	True	True
46046	adrianna-chang-shopify	2022-09-15 20:00:38	byroot	2022-09-18 08:10:32	activerecord/test/cases/adapter_test.rb	True	True	True	True
46046	adrianna-chang-shopify	2022-09-15 20:00:38	matthewd	2022-09-16 16:56:36	activerecord/CHANGELOG.md	True	True	True	True
46046	adrianna-chang-shopify	2022-09-15 20:00:38	matthewd	2022-09-16 16:56:36	activerecord/lib/active_record/connection_adapters/abstract_adapter.rb	True	True	True	True
46046	adrianna-chang-shopify	2022-09-15 20:00:38	matthewd	2022-09-16 16:56:36	activerecord/test/cases/adapter_test.rb	True	True	True	True
46046	adrianna-chang-shopify	2022-09-15 20:00:38	matthewd	2022-09-16 16:56:36	guides/source/configuring.md	True	True	True	True
46046	adrianna-chang-shopify	2022-09-15 20:00:38	matthewd	2022-09-16 16:49:55	activerecord/CHANGELOG.md	True	True	True	True
46046	adrianna-chang-shopify	2022-09-15 20:00:38	matthewd	2022-09-16 16:49:55	activerecord/lib/active_record/connection_adapters/abstract_adapter.rb	True	True	True	True
46046	adrianna-chang-shopify	2022-09-15 20:00:38	matthewd	2022-09-16 16:49:55	activerecord/test/cases/adapter_test.rb	True	True	True	True
46046	adrianna-chang-shopify	2022-09-15 20:00:38	matthewd	2022-09-16 16:49:55	guides/source/configuring.md	True	True	True	True
46046	adrianna-chang-shopify	2022-09-15 20:00:38	rafaelfranca	2022-09-16 20:18:51	activerecord/CHANGELOG.md	True	True	True	True
46046	adrianna-chang-shopify	2022-09-15 20:00:38	rafaelfranca	2022-09-16 20:18:51	activerecord/lib/active_record/connection_adapters/abstract_adapter.rb	True	True	True	True
46046	adrianna-chang-shopify	2022-09-15 20:00:38	rafaelfranca	2022-09-16 20:18:51	activerecord/test/cases/adapter_test.rb	True	True	True	True
46046	adrianna-chang-shopify	2022-09-15 20:00:38	rafaelfranca	2022-09-16 20:18:51	guides/source/configuring.md	True	True	True	True
46046	adrianna-chang-shopify	2022-09-15 20:00:38	matthewd	2022-09-20 17:41:08	activerecord/CHANGELOG.md	True	True	True	True
46046	adrianna-chang-shopify	2022-09-15 20:00:38	matthewd	2022-09-20 17:41:08	activerecord/lib/active_record/connection_adapters/abstract_adapter.rb	True	True	True	True
46046	adrianna-chang-shopify	2022-09-15 20:00:38	matthewd	2022-09-20 17:41:08	guides/source/configuring.md	True	True	True	True
46046	adrianna-chang-shopify	2022-09-15 20:00:38	byroot	2022-09-20 17:34:51	activerecord/CHANGELOG.md	True	True	True	True
46046	adrianna-chang-shopify	2022-09-15 20:00:38	byroot	2022-09-20 17:34:51	activerecord/lib/active_record/connection_adapters/abstract_adapter.rb	True	True	True	True
46046	adrianna-chang-shopify	2022-09-15 20:00:38	byroot	2022-09-20 17:34:51	activerecord/test/cases/adapter_test.rb	True	True	True	True
46046	adrianna-chang-shopify	2022-09-15 20:00:38	byroot	2022-09-20 17:34:51	guides/source/configuring.md	True	True	True	True
46046	adrianna-chang-shopify	2022-09-15 20:00:38	byroot	2022-09-18 08:10:32	guides/source/configuring.md	True	True	True	True
46046	adrianna-chang-shopify	2022-09-15 20:00:38	matthewd	2022-09-20 17:41:08	activerecord/test/cases/adapter_test.rb	True	True	True	True
46046	adrianna-chang-shopify	2022-09-15 20:00:38	byroot	2022-09-18 08:10:32	activerecord/lib/active_record/connection_adapters/abstract_adapter.rb	True	True	True	True
46046	adrianna-chang-shopify	2022-09-15 20:00:38	eileencodes	2022-09-16 13:36:37	guides/source/configuring.md	True	True	True	True
46046	adrianna-chang-shopify	2022-09-15 20:00:38	byroot	2022-09-18 08:10:32	activerecord/CHANGELOG.md	True	True	True	True
46046	adrianna-chang-shopify	2022-09-15 20:00:38	eileencodes	2022-09-22 18:30:51	guides/source/configuring.md	True	True	True	True
46046	adrianna-chang-shopify	2022-09-15 20:00:38	byroot	2022-09-20 17:43:51	activerecord/CHANGELOG.md	True	True	True	True
46046	adrianna-chang-shopify	2022-09-15 20:00:38	byroot	2022-09-20 17:43:51	activerecord/lib/active_record/connection_adapters/abstract_adapter.rb	True	True	True	True
46046	adrianna-chang-shopify	2022-09-15 20:00:38	byroot	2022-09-20 17:43:51	activerecord/test/cases/adapter_test.rb	True	True	True	True
46046	adrianna-chang-shopify	2022-09-15 20:00:38	byroot	2022-09-20 17:43:51	guides/source/configuring.md	True	True	True	True
46046	adrianna-chang-shopify	2022-09-15 20:00:38	eileencodes	2022-09-16 13:36:37	activerecord/lib/active_record/connection_adapters/abstract_adapter.rb	True	True	True	True
46046	adrianna-chang-shopify	2022-09-15 20:00:38	eileencodes	2022-09-16 13:36:37	activerecord/test/cases/adapter_test.rb	True	True	True	True
46046	adrianna-chang-shopify	2022-09-15 20:00:38	eileencodes	2022-09-16 13:36:37	activerecord/CHANGELOG.md	True	True	True	True
46046	adrianna-chang-shopify	2022-09-15 20:00:38	eileencodes	2022-09-16 13:46:14	activerecord/CHANGELOG.md	True	True	True	True
46046	adrianna-chang-shopify	2022-09-15 20:00:38	eileencodes	2022-09-16 16:38:41	activerecord/CHANGELOG.md	True	True	True	True
46046	adrianna-chang-shopify	2022-09-15 20:00:38	eileencodes	2022-09-16 16:38:41	guides/source/configuring.md	True	True	True	True
46046	adrianna-chang-shopify	2022-09-15 20:00:38	eileencodes	2022-09-16 13:46:14	activerecord/lib/active_record/connection_adapters/abstract_adapter.rb	True	True	True	True
46046	adrianna-chang-shopify	2022-09-15 20:00:38	eileencodes	2022-09-16 16:38:41	activerecord/test/cases/adapter_test.rb	True	True	True	True
46046	adrianna-chang-shopify	2022-09-15 20:00:38	eileencodes	2022-09-16 16:38:41	activerecord/lib/active_record/connection_adapters/abstract_adapter.rb	True	True	True	True
46046	adrianna-chang-shopify	2022-09-15 20:00:38	eileencodes	2022-09-22 18:30:51	activerecord/test/cases/adapter_test.rb	True	True	True	True
46046	adrianna-chang-shopify	2022-09-15 20:00:38	eileencodes	2022-09-16 13:46:14	guides/source/configuring.md	True	True	True	True
46046	adrianna-chang-shopify	2022-09-15 20:00:38	eileencodes	2022-09-16 13:46:14	activerecord/test/cases/adapter_test.rb	True	True	True	True
46043	yahonda	2022-09-15 14:51:52	rafaelfranca	2022-09-15 17:20:05	Gemfile	True	False	False	True
46043	yahonda	2022-09-15 14:51:52	rafaelfranca	2022-09-15 17:20:05	activesupport/lib/active_support/multibyte/unicode.rb	True	False	False	True
46043	yahonda	2022-09-15 14:51:52	rafaelfranca	2022-09-15 17:20:05	Gemfile.lock	True	False	False	True
46043	yahonda	2022-09-15 14:51:52	rafaelfranca	2022-09-15 17:20:05	actionmailer/test/abstract_unit.rb	True	False	False	True
46043	yahonda	2022-09-15 14:51:52	rafaelfranca	2022-09-15 17:20:05	actionpack/test/abstract_unit.rb	True	False	False	True
46043	yahonda	2022-09-15 14:51:52	rafaelfranca	2022-09-15 17:20:05	actionpack/test/controller/live_stream_test.rb	True	False	False	True
46043	yahonda	2022-09-15 14:51:52	rafaelfranca	2022-09-15 17:20:05	actionview/test/abstract_unit.rb	True	False	False	True
46043	yahonda	2022-09-15 14:51:52	rafaelfranca	2022-09-15 17:20:05	actionview/test/template/date_helper_test.rb	True	False	False	True
46043	yahonda	2022-09-15 14:51:52	rafaelfranca	2022-09-15 17:20:05	activemodel/test/cases/helper.rb	True	False	False	True
46043	yahonda	2022-09-15 14:51:52	rafaelfranca	2022-09-15 17:20:05	activesupport/test/core_ext/object/duplicable_test.rb	True	False	False	True
46043	yahonda	2022-09-15 14:51:52	rafaelfranca	2022-09-15 17:20:05	activesupport/test/abstract_unit.rb	True	False	False	True
46043	yahonda	2022-09-15 14:51:52	rafaelfranca	2022-09-15 17:20:05	activesupport/test/core_ext/time_with_zone_test.rb	True	False	False	True
46043	yahonda	2022-09-15 14:51:52	rafaelfranca	2022-09-15 17:20:05	activesupport/test/json/encoding_test.rb	True	False	False	True
46043	yahonda	2022-09-15 14:51:52	rafaelfranca	2022-09-15 17:20:05	railties/lib/rails/generators/app_base.rb	True	False	False	True
46043	yahonda	2022-09-15 14:51:52	rafaelfranca	2022-09-15 17:20:05	railties/test/abstract_unit.rb	True	False	False	True
46043	yahonda	2022-09-15 14:51:52	rafaelfranca	2022-09-15 17:20:05	railties/test/generators/app_generator_test.rb	True	False	False	True
46043	yahonda	2022-09-15 14:51:52	rafaelfranca	2022-09-15 17:20:05	railties/test/generators/plugin_generator_test.rb	True	False	False	True
46043	yahonda	2022-09-15 14:51:52	rafaelfranca	2022-09-15 17:20:05	activesupport/test/core_ext/duration_test.rb	True	False	False	True
46037	jonathanhefner	2022-09-14 20:50:00	rafaelfranca	2022-09-14 21:14:44	activesupport/lib/active_support/deprecation/reporting.rb	True	False	False	True
46037	jonathanhefner	2022-09-14 20:50:00	rafaelfranca	2022-09-14 21:14:44	activesupport/lib/active_support/deprecation/behaviors.rb	True	False	False	True
46037	jonathanhefner	2022-09-14 20:50:00	rafaelfranca	2022-09-14 21:14:44	activesupport/CHANGELOG.md	True	False	False	True
46037	jonathanhefner	2022-09-14 20:50:00	rafaelfranca	2022-09-14 21:14:44	activesupport/test/deprecation_test.rb	True	False	False	True
46035	jonathanhefner	2022-09-14 20:08:42	rafaelfranca	2022-09-14 20:17:26	activesupport/test/deprecation_test.rb	True	False	False	True
46035	jonathanhefner	2022-09-14 20:08:42	rafaelfranca	2022-09-14 20:17:26	activesupport/lib/active_support/deprecation/behaviors.rb	True	False	False	True
46033	jonathanhefner	2022-09-14 19:16:58	rafaelfranca	2022-09-14 19:37:56	activesupport/test/deprecation_test.rb	True	False	False	True
46029	casperisfine	2022-09-14 10:17:51	rafaelfranca	2022-09-14 19:20:29	activesupport/CHANGELOG.md	True	False	True	True
46029	casperisfine	2022-09-14 10:17:51	rafaelfranca	2022-09-15 17:27:43	activesupport/CHANGELOG.md	True	False	True	True
46029	casperisfine	2022-09-14 10:17:51	rafaelfranca	2022-09-15 17:27:43	activesupport/lib/active_support.rb	True	False	True	True
46029	casperisfine	2022-09-14 10:17:51	rafaelfranca	2022-09-15 17:27:43	activesupport/lib/active_support/execution_wrapper.rb	True	False	True	True
46029	casperisfine	2022-09-14 10:17:51	rafaelfranca	2022-09-15 17:27:43	activesupport/lib/active_support/railtie.rb	True	False	True	True
46029	casperisfine	2022-09-14 10:17:51	rafaelfranca	2022-09-15 17:27:43	activesupport/lib/active_support/test_case.rb	True	False	True	True
46029	casperisfine	2022-09-14 10:17:51	rafaelfranca	2022-09-15 17:27:43	activesupport/lib/active_support/testing/error_reporter_assertions.rb	True	False	True	True
46029	casperisfine	2022-09-14 10:17:51	rafaelfranca	2022-09-15 17:27:43	activesupport/test/cache/behaviors/cache_store_behavior.rb	True	False	True	True
46029	casperisfine	2022-09-14 10:17:51	rafaelfranca	2022-09-15 17:27:43	railties/lib/rails.rb	True	False	True	True
46029	casperisfine	2022-09-14 10:17:51	rafaelfranca	2022-09-15 17:27:43	activesupport/test/abstract_unit.rb	True	False	True	True
46029	casperisfine	2022-09-14 10:17:51	rafaelfranca	2022-09-14 19:20:29	activesupport/lib/active_support.rb	True	False	True	True
46029	casperisfine	2022-09-14 10:17:51	rafaelfranca	2022-09-14 19:20:29	activesupport/lib/active_support/execution_wrapper.rb	True	False	True	True
46029	casperisfine	2022-09-14 10:17:51	rafaelfranca	2022-09-14 19:20:29	activesupport/lib/active_support/railtie.rb	True	False	True	True
46029	casperisfine	2022-09-14 10:17:51	rafaelfranca	2022-09-14 19:20:29	activesupport/lib/active_support/test_case.rb	True	False	True	True
46029	casperisfine	2022-09-14 10:17:51	rafaelfranca	2022-09-14 19:20:29	activesupport/lib/active_support/testing/error_reporter_assertions.rb	True	False	True	True
46029	casperisfine	2022-09-14 10:17:51	rafaelfranca	2022-09-14 19:20:29	activesupport/test/abstract_unit.rb	True	False	True	True
46029	casperisfine	2022-09-14 10:17:51	rafaelfranca	2022-09-14 19:20:29	activesupport/test/cache/behaviors/cache_store_behavior.rb	True	False	True	True
46029	casperisfine	2022-09-14 10:17:51	rafaelfranca	2022-09-14 19:20:29	railties/lib/rails.rb	True	False	True	True
46026	jonathanhefner	2022-09-13 21:06:46	eileencodes	2022-09-14 13:12:00	activesupport/test/deprecation_test.rb	True	False	False	True
46026	jonathanhefner	2022-09-13 21:06:46	eileencodes	2022-09-14 13:12:00	activesupport/lib/active_support/deprecation/disallowed.rb	True	False	False	True
46026	jonathanhefner	2022-09-13 21:06:46	eileencodes	2022-09-14 13:12:00	activesupport/CHANGELOG.md	True	False	False	True
46020	casperisfine	2022-09-13 08:33:19	st0012	2022-09-13 08:52:33	guides/source/error_reporting.md	True	False	False	True
46019	jonathanhefner	2022-09-13 04:25:08	rafaelfranca	2022-09-13 04:32:34	activesupport/test/deprecation_test.rb	True	False	False	True
46017	jonathanhefner	2022-09-13 03:26:08	rafaelfranca	2022-09-13 03:29:16	activesupport/test/deprecation_test.rb	True	False	False	True
46016	jonathanhefner	2022-09-12 22:11:15	rafaelfranca	2022-09-12 22:15:04	activesupport/test/deprecation_test.rb	True	False	True	True
46016	jonathanhefner	2022-09-12 22:11:15	rafaelfranca	2022-09-12 22:41:57	activesupport/test/deprecation_test.rb	True	False	True	True
46015	jonathanhefner	2022-09-12 21:46:34	rafaelfranca	2022-09-12 22:04:14	activesupport/test/deprecation_test.rb	True	False	False	True
46015	jonathanhefner	2022-09-12 21:46:34	rafaelfranca	2022-09-12 22:04:14	activesupport/lib/active_support/deprecation/reporting.rb	True	False	False	True
46015	jonathanhefner	2022-09-12 21:46:34	rafaelfranca	2022-09-12 22:04:14	activesupport/lib/active_support/deprecation/disallowed.rb	True	False	False	True
46012	eileencodes	2022-09-12 20:05:24	rafaelfranca	2022-09-12 20:07:51	activerecord/test/cases/migration_test.rb	True	False	False	True
46012	eileencodes	2022-09-12 20:05:24	rafaelfranca	2022-09-12 20:07:51	activerecord/lib/active_record/internal_metadata.rb	True	False	False	True
46009	johnnyshields	2022-09-12 17:47:29	natematykiewicz	2022-09-13 02:47:05	railties/lib/rails/generators/app_base.rb	True	False	True	True
46009	johnnyshields	2022-09-12 17:47:29	rafaelfranca	2022-09-13 04:34:18	Gemfile	True	False	True	True
46009	johnnyshields	2022-09-12 17:47:29	rafaelfranca	2022-09-13 04:34:18	Gemfile.lock	True	False	True	True
46009	johnnyshields	2022-09-12 17:47:29	rafaelfranca	2022-09-13 04:34:18	railties/lib/rails/generators/app_base.rb	True	False	True	True
46009	johnnyshields	2022-09-12 17:47:29	rafaelfranca	2022-09-13 04:34:18	railties/lib/rails/generators/rails/app/templates/Gemfile.tt	True	False	True	True
46009	johnnyshields	2022-09-12 17:47:29	rafaelfranca	2022-09-13 04:34:18	railties/lib/rails/generators/rails/plugin/templates/Gemfile.tt	True	False	True	True
46009	johnnyshields	2022-09-12 17:47:29	rafaelfranca	2022-09-13 04:34:18	railties/test/generators/generators_test_helper.rb	True	False	True	True
46009	johnnyshields	2022-09-12 17:47:29	natematykiewicz	2022-09-13 02:47:05	Gemfile	True	False	True	True
46009	johnnyshields	2022-09-12 17:47:29	natematykiewicz	2022-09-13 02:47:05	Gemfile.lock	True	False	True	True
46009	johnnyshields	2022-09-12 17:47:29	skipkayhil	2022-09-12 17:57:58	railties/test/generators/generators_test_helper.rb	True	False	True	True
46009	johnnyshields	2022-09-12 17:47:29	natematykiewicz	2022-09-13 02:47:05	railties/lib/rails/generators/rails/app/templates/Gemfile.tt	True	False	True	True
46009	johnnyshields	2022-09-12 17:47:29	natematykiewicz	2022-09-13 02:47:05	railties/lib/rails/generators/rails/plugin/templates/Gemfile.tt	True	False	True	True
46009	johnnyshields	2022-09-12 17:47:29	natematykiewicz	2022-09-13 02:47:05	railties/test/generators/generators_test_helper.rb	True	False	True	True
46009	johnnyshields	2022-09-12 17:47:29	skipkayhil	2022-09-12 17:57:58	Gemfile	True	False	True	True
46009	johnnyshields	2022-09-12 17:47:29	skipkayhil	2022-09-12 17:57:58	Gemfile.lock	True	False	True	True
46009	johnnyshields	2022-09-12 17:47:29	skipkayhil	2022-09-12 17:57:58	railties/lib/rails/generators/app_base.rb	True	False	True	True
46009	johnnyshields	2022-09-12 17:47:29	skipkayhil	2022-09-12 17:57:58	railties/lib/rails/generators/rails/app/templates/Gemfile.tt	True	False	True	True
46009	johnnyshields	2022-09-12 17:47:29	skipkayhil	2022-09-12 17:57:58	railties/lib/rails/generators/rails/plugin/templates/Gemfile.tt	True	False	True	True
46005	yahonda	2022-09-12 13:29:27	rafaelfranca	2022-09-12 21:34:29	activejob/lib/active_job/queue_adapters/que_adapter.rb	True	False	False	True
46005	yahonda	2022-09-12 13:29:27	rafaelfranca	2022-09-12 21:34:29	Gemfile.lock	True	False	False	True
46005	yahonda	2022-09-12 13:29:27	rafaelfranca	2022-09-12 21:34:29	Gemfile	True	False	False	True
46005	yahonda	2022-09-12 13:29:27	rafaelfranca	2022-09-12 21:34:29	activejob/CHANGELOG.md	True	False	False	True
46005	yahonda	2022-09-12 13:29:27	rafaelfranca	2022-09-12 21:34:29	activejob/Rakefile	True	False	False	True
46005	yahonda	2022-09-12 13:29:27	rafaelfranca	2022-09-12 21:34:29	activejob/test/support/integration/adapters/que.rb	True	False	False	True
46005	yahonda	2022-09-12 13:29:27	rafaelfranca	2022-09-12 21:34:29	activejob/test/adapters/que.rb	True	False	False	True
46005	yahonda	2022-09-12 13:29:27	rafaelfranca	2022-09-12 21:34:29	activejob/test/support/que/inline.rb	True	False	False	True
46005	yahonda	2022-09-12 13:29:27	rafaelfranca	2022-09-12 21:34:29	activejob/test/integration/queuing_test.rb	True	False	False	True
45999	gmcgibbon	2022-09-11 20:45:01	rafaelfranca	2022-09-12 21:25:07	railties/lib/rails/generators/app_base.rb	True	True	True	True
45999	gmcgibbon	2022-09-11 20:45:01	rafaelfranca	2022-09-12 23:22:29	railties/lib/rails/generators/app_base.rb	True	True	True	True
45999	gmcgibbon	2022-09-11 20:45:01	rafaelfranca	2022-09-12 22:16:02	railties/lib/rails/generators/app_base.rb	True	True	True	True
45999	gmcgibbon	2022-09-11 20:45:01	matthewd	2022-09-12 21:05:57	railties/lib/rails/generators/app_base.rb	True	True	True	True
45999	gmcgibbon	2022-09-11 20:45:01	rafaelfranca	2022-09-12 20:09:38	railties/lib/rails/generators/app_base.rb	True	True	True	True
45991	americodls	2022-09-10 01:21:11	rafaelfranca	2022-09-13 01:17:28	activerecord/test/cases/migration_test.rb	False	True	True	True
45991	americodls	2022-09-10 01:21:11	rafaelfranca	2022-09-13 01:17:28	activerecord/test/cases/migration/change_schema_test.rb	False	True	True	True
45991	americodls	2022-09-10 01:21:11	rafaelfranca	2022-09-13 01:17:28	activerecord/test/cases/migration/check_constraint_test.rb	False	True	True	True
45991	americodls	2022-09-10 01:21:11	rafaelfranca	2022-09-13 01:17:28	activerecord/test/cases/migration/columns_test.rb	False	True	True	True
45991	americodls	2022-09-10 01:21:11	rafaelfranca	2022-09-13 01:17:28	activerecord/test/cases/migration/compatibility_test.rb	False	True	True	True
45991	americodls	2022-09-10 01:21:11	rafaelfranca	2022-09-13 01:17:28	activerecord/test/cases/migration/references_foreign_key_test.rb	False	True	True	True
45991	americodls	2022-09-10 01:21:11	rafaelfranca	2022-09-13 01:17:28	activerecord/test/cases/relation/merging_test.rb	False	True	True	True
45991	americodls	2022-09-10 01:21:11	rafaelfranca	2022-09-13 01:17:28	activerecord/test/cases/nested_attributes_test.rb	False	True	True	True
45991	americodls	2022-09-10 01:21:11	rafaelfranca	2022-09-13 01:17:28	activerecord/test/cases/primary_keys_test.rb	False	True	True	True
45991	americodls	2022-09-10 01:21:11	rafaelfranca	2022-09-13 01:17:28	activerecord/test/cases/comment_test.rb	False	True	True	True
45991	americodls	2022-09-10 01:21:11	rafaelfranca	2022-09-13 01:17:28	activerecord/test/cases/relations_test.rb	False	True	True	True
45991	americodls	2022-09-10 01:21:11	rafaelfranca	2022-09-13 01:17:28	activesupport/CHANGELOG.md	True	True	True	True
45991	americodls	2022-09-10 01:21:11	rafaelfranca	2022-09-13 01:17:28	activesupport/lib/active_support/core_ext/enumerable.rb	True	True	True	True
45991	americodls	2022-09-10 01:21:11	rafaelfranca	2022-09-13 01:17:28	activerecord/test/cases/fixtures_test.rb	False	True	True	True
45991	americodls	2022-09-10 01:21:11	rafaelfranca	2022-09-13 01:17:28	activerecord/test/cases/adapters/sqlite3/collation_test.rb	False	True	True	True
45991	americodls	2022-09-10 01:21:11	rafaelfranca	2022-09-13 01:17:28	activerecord/test/cases/associations/eager_test.rb	False	True	True	True
45991	americodls	2022-09-10 01:21:11	rafaelfranca	2022-09-13 01:17:28	activerecord/test/cases/adapters/sqlite3/sqlite3_adapter_test.rb	False	True	True	True
45991	americodls	2022-09-10 01:21:11	rafaelfranca	2022-09-13 01:17:28	activerecord/test/cases/adapters/sqlite3/copy_table_test.rb	False	True	True	True
45991	americodls	2022-09-10 01:21:11	rafaelfranca	2022-09-13 01:17:28	activerecord/test/cases/adapters/postgresql/postgresql_adapter_test.rb	False	True	True	True
45991	americodls	2022-09-10 01:21:11	rafaelfranca	2022-09-13 01:17:28	activerecord/test/cases/adapters/postgresql/geometric_test.rb	False	True	True	True
45991	americodls	2022-09-10 01:21:11	rafaelfranca	2022-09-13 01:17:28	activerecord/test/cases/adapters/postgresql/datatype_test.rb	False	True	True	True
45991	americodls	2022-09-10 01:21:11	rafaelfranca	2022-09-13 01:17:28	activerecord/test/cases/adapters/postgresql/collation_test.rb	False	True	True	True
45991	americodls	2022-09-10 01:21:11	rafaelfranca	2022-09-13 01:17:28	activerecord/test/cases/adapters/postgresql/change_schema_test.rb	False	True	True	True
45991	americodls	2022-09-10 01:21:11	rafaelfranca	2022-09-13 01:17:28	activerecord/test/cases/adapters/mysql2/schema_test.rb	False	True	True	True
45991	americodls	2022-09-10 01:21:11	rafaelfranca	2022-09-13 01:17:28	activerecord/test/cases/adapters/mysql2/charset_collation_test.rb	False	True	True	True
45991	americodls	2022-09-10 01:21:11	rafaelfranca	2022-09-13 01:17:28	activerecord/test/cases/adapters/mysql2/boolean_test.rb	False	True	True	True
45991	americodls	2022-09-10 01:21:11	rafaelfranca	2022-09-13 01:17:28	activerecord/lib/active_record/migration.rb	False	True	True	True
45991	americodls	2022-09-10 01:21:11	rafaelfranca	2022-09-13 01:17:28	activerecord/lib/active_record/connection_adapters/postgresql_adapter.rb	False	True	True	True
45991	americodls	2022-09-10 01:21:11	rafaelfranca	2022-09-13 01:17:28	guides/source/active_support_core_extensions.md	True	True	True	True
45991	americodls	2022-09-10 01:21:11	rafaelfranca	2022-09-13 01:17:28	activesupport/test/core_ext/enumerable_test.rb	True	True	True	True
45991	americodls	2022-09-10 01:21:11	MatheusRich	2022-09-14 20:12:24	guides/source/active_support_core_extensions.md	True	True	True	True
45991	americodls	2022-09-10 01:21:11	MatheusRich	2022-09-14 20:12:24	activerecord/lib/active_record/connection_adapters/postgresql_adapter.rb	False	True	True	True
45991	americodls	2022-09-10 01:21:11	MatheusRich	2022-09-14 20:12:24	activerecord/test/cases/fixtures_test.rb	False	True	True	True
45991	americodls	2022-09-10 01:21:11	MatheusRich	2022-09-14 20:12:24	activerecord/lib/active_record/migration.rb	False	True	True	True
45991	americodls	2022-09-10 01:21:11	MatheusRich	2022-09-14 20:12:24	activesupport/test/core_ext/enumerable_test.rb	True	True	True	True
45991	americodls	2022-09-10 01:21:11	MatheusRich	2022-09-14 20:12:24	activesupport/CHANGELOG.md	True	True	True	True
45991	americodls	2022-09-10 01:21:11	MatheusRich	2022-09-14 20:12:24	activerecord/test/cases/relations_test.rb	False	True	True	True
45991	americodls	2022-09-10 01:21:11	MatheusRich	2022-09-14 20:12:24	activerecord/test/cases/relation/merging_test.rb	False	True	True	True
45991	americodls	2022-09-10 01:21:11	MatheusRich	2022-09-14 20:12:24	activerecord/test/cases/primary_keys_test.rb	False	True	True	True
45991	americodls	2022-09-10 01:21:11	MatheusRich	2022-09-14 20:12:24	activerecord/test/cases/nested_attributes_test.rb	False	True	True	True
45991	americodls	2022-09-10 01:21:11	MatheusRich	2022-09-14 20:12:24	activerecord/test/cases/migration_test.rb	False	True	True	True
45991	americodls	2022-09-10 01:21:11	MatheusRich	2022-09-14 20:12:24	activerecord/test/cases/migration/references_foreign_key_test.rb	False	True	True	True
45991	americodls	2022-09-10 01:21:11	MatheusRich	2022-09-14 20:12:24	activerecord/test/cases/migration/compatibility_test.rb	False	True	True	True
45991	americodls	2022-09-10 01:21:11	MatheusRich	2022-09-14 20:12:24	activerecord/test/cases/migration/columns_test.rb	False	True	True	True
45991	americodls	2022-09-10 01:21:11	MatheusRich	2022-09-14 20:12:24	activerecord/test/cases/migration/check_constraint_test.rb	False	True	True	True
45991	americodls	2022-09-10 01:21:11	MatheusRich	2022-09-14 20:12:24	activerecord/test/cases/migration/change_schema_test.rb	False	True	True	True
45991	americodls	2022-09-10 01:21:11	MatheusRich	2022-09-14 20:12:24	activesupport/lib/active_support/core_ext/enumerable.rb	True	True	True	True
45991	americodls	2022-09-10 01:21:11	MatheusRich	2022-09-14 20:12:24	activerecord/test/cases/comment_test.rb	False	True	True	True
45991	americodls	2022-09-10 01:21:11	MatheusRich	2022-09-14 20:12:24	activerecord/test/cases/adapters/sqlite3/sqlite3_adapter_test.rb	False	True	True	True
45991	americodls	2022-09-10 01:21:11	MatheusRich	2022-09-14 20:12:24	activerecord/test/cases/adapters/sqlite3/copy_table_test.rb	False	True	True	True
45991	americodls	2022-09-10 01:21:11	MatheusRich	2022-09-14 20:12:24	activerecord/test/cases/adapters/sqlite3/collation_test.rb	False	True	True	True
45991	americodls	2022-09-10 01:21:11	MatheusRich	2022-09-14 20:12:24	activerecord/test/cases/adapters/postgresql/postgresql_adapter_test.rb	False	True	True	True
45991	americodls	2022-09-10 01:21:11	MatheusRich	2022-09-14 20:12:24	activerecord/test/cases/adapters/postgresql/geometric_test.rb	False	True	True	True
45991	americodls	2022-09-10 01:21:11	MatheusRich	2022-09-14 20:12:24	activerecord/test/cases/adapters/postgresql/datatype_test.rb	False	True	True	True
45991	americodls	2022-09-10 01:21:11	MatheusRich	2022-09-14 20:12:24	activerecord/test/cases/adapters/postgresql/collation_test.rb	False	True	True	True
45991	americodls	2022-09-10 01:21:11	MatheusRich	2022-09-14 20:12:24	activerecord/test/cases/adapters/postgresql/change_schema_test.rb	False	True	True	True
45991	americodls	2022-09-10 01:21:11	MatheusRich	2022-09-14 20:12:24	activerecord/test/cases/adapters/mysql2/schema_test.rb	False	True	True	True
45991	americodls	2022-09-10 01:21:11	MatheusRich	2022-09-14 20:12:24	activerecord/test/cases/adapters/mysql2/boolean_test.rb	False	True	True	True
45991	americodls	2022-09-10 01:21:11	MatheusRich	2022-09-14 20:12:24	activerecord/test/cases/adapters/mysql2/charset_collation_test.rb	False	True	True	True
45991	americodls	2022-09-10 01:21:11	MatheusRich	2022-09-14 20:12:24	activerecord/test/cases/associations/eager_test.rb	False	True	True	True
45989	creaturenex	2022-09-09 21:33:36	rafaelfranca	2022-09-09 21:46:31	.gitignore	True	True	True	True
45989	creaturenex	2022-09-09 21:33:36	rafaelfranca	2022-09-09 21:38:27	railties/lib/rails/generators/rails/app/app_generator.rb	True	True	True	True
45989	creaturenex	2022-09-09 21:33:36	rafaelfranca	2022-09-09 21:38:27	railties/lib/rails/generators/rails/app/app_generator.rb	False	True	True	True
45989	creaturenex	2022-09-09 21:33:36	rafaelfranca	2022-09-09 21:38:27	.gitignore	True	True	True	True
45989	creaturenex	2022-09-09 21:33:36	rafaelfranca	2022-09-09 21:46:31	railties/lib/rails/generators/rails/app/app_generator.rb	True	True	True	True
45989	creaturenex	2022-09-09 21:33:36	rafaelfranca	2022-09-09 21:46:31	railties/lib/rails/generators/rails/app/app_generator.rb	False	True	True	True
45982	eileencodes	2022-09-09 14:42:21	rafaelfranca	2022-09-09 19:38:39	activerecord/test/cases/migration_test.rb	True	False	False	True
45982	eileencodes	2022-09-09 14:42:21	rafaelfranca	2022-09-09 19:38:39	activerecord/CHANGELOG.md	True	False	False	True
45982	eileencodes	2022-09-09 14:42:21	rafaelfranca	2022-09-09 19:38:39	activerecord/lib/active_record/connection_adapters/abstract_adapter.rb	True	False	False	True
45982	eileencodes	2022-09-09 14:42:21	rafaelfranca	2022-09-09 19:38:39	activerecord/lib/active_record/internal_metadata.rb	True	False	False	True
45982	eileencodes	2022-09-09 14:42:21	rafaelfranca	2022-09-09 19:38:39	activerecord/lib/active_record/migration.rb	True	False	False	True
45982	eileencodes	2022-09-09 14:42:21	rafaelfranca	2022-09-09 19:38:39	activerecord/test/cases/active_record_schema_test.rb	True	False	False	True
45982	eileencodes	2022-09-09 14:42:21	rafaelfranca	2022-09-09 19:38:39	activerecord/test/cases/adapters/postgresql/extension_migration_test.rb	True	False	False	True
45982	eileencodes	2022-09-09 14:42:21	rafaelfranca	2022-09-09 19:38:39	activerecord/test/cases/migrator_test.rb	True	False	False	True
45982	eileencodes	2022-09-09 14:42:21	rafaelfranca	2022-09-09 19:38:39	activerecord/test/cases/multi_db_migrator_test.rb	True	False	False	True
45982	eileencodes	2022-09-09 14:42:21	rafaelfranca	2022-09-09 19:38:39	activerecord/test/cases/tasks/database_tasks_test.rb	True	False	False	True
45982	eileencodes	2022-09-09 14:42:21	rafaelfranca	2022-09-09 19:38:39	railties/test/application/loading_test.rb	True	False	False	True
45982	eileencodes	2022-09-09 14:42:21	rafaelfranca	2022-09-09 19:38:39	railties/test/application/rake/dbs_test.rb	True	False	False	True
45982	eileencodes	2022-09-09 14:42:21	rafaelfranca	2022-09-09 19:38:39	railties/test/railties/engine_test.rb	True	False	False	True
45981	casperisfine	2022-09-09 14:39:11	eileencodes	2022-09-09 14:47:16	activerecord/lib/active_record/connection_adapters/mysql2_adapter.rb	True	True	False	True
45976	gmcgibbon	2022-09-08 23:01:05	fschwahn	2022-09-09 05:00:53	activerecord/lib/active_record/log_subscriber.rb	True	False	True	True
45976	gmcgibbon	2022-09-08 23:01:05	fschwahn	2022-09-09 05:00:53	activerecord/test/cases/log_subscriber_test.rb	True	False	True	True
45976	gmcgibbon	2022-09-08 23:01:05	fschwahn	2022-09-09 05:00:53	activesupport/test/log_subscriber_test.rb	True	False	True	True
45976	gmcgibbon	2022-09-08 23:01:05	fschwahn	2022-09-09 05:00:53	activesupport/CHANGELOG.md	True	False	True	True
45976	gmcgibbon	2022-09-08 23:01:05	fschwahn	2022-09-09 05:00:53	activesupport/lib/active_support/log_subscriber.rb	True	False	True	True
45976	gmcgibbon	2022-09-08 23:01:05	rafaelfranca	2022-09-09 19:48:54	activesupport/lib/active_support/log_subscriber.rb	True	False	True	True
45976	gmcgibbon	2022-09-08 23:01:05	rafaelfranca	2022-09-09 19:48:54	activerecord/lib/active_record/log_subscriber.rb	True	False	True	True
45976	gmcgibbon	2022-09-08 23:01:05	rafaelfranca	2022-09-09 19:48:54	activesupport/CHANGELOG.md	True	False	True	True
45976	gmcgibbon	2022-09-08 23:01:05	rafaelfranca	2022-09-09 19:48:54	activesupport/test/log_subscriber_test.rb	True	False	True	True
45976	gmcgibbon	2022-09-08 23:01:05	rafaelfranca	2022-09-09 19:48:54	activerecord/test/cases/log_subscriber_test.rb	True	False	True	True
45975	gmcgibbon	2022-09-08 21:47:36	rafaelfranca	2022-09-08 22:07:52	railties/lib/rails/generators/rails/application_record/application_record_generator.rb	True	False	False	True
45975	gmcgibbon	2022-09-08 21:47:36	rafaelfranca	2022-09-08 22:07:52	railties/CHANGELOG.md	True	False	False	True
45975	gmcgibbon	2022-09-08 21:47:36	rafaelfranca	2022-09-08 22:07:52	activerecord/lib/rails/generators/active_record/application_record/USAGE	True	False	False	True
45974	gmcgibbon	2022-09-08 21:30:14	rafaelfranca	2022-09-09 22:58:34	railties/lib/rails/generators/rails/plugin/USAGE	True	False	True	True
45974	gmcgibbon	2022-09-08 21:30:14	rafaelfranca	2022-09-09 22:18:14	railties/lib/rails/generators/rails/plugin/USAGE	True	False	True	True
45974	gmcgibbon	2022-09-08 21:30:14	rafaelfranca	2022-09-08 22:03:29	railties/lib/rails/generators/rails/plugin/USAGE	True	False	True	True
45973	gmcgibbon	2022-09-08 21:25:08	rafaelfranca	2022-09-08 22:02:09	railties/test/command/application_test.rb	True	False	False	True
45973	gmcgibbon	2022-09-08 21:25:08	rafaelfranca	2022-09-08 22:02:09	railties/lib/rails/generators/rails/app/USAGE	True	False	False	True
45964	jhawthorn	2022-09-08 05:47:00	casperisfine	2022-09-08 08:43:03	actionpack/lib/action_dispatch/middleware/server_timing.rb	False	False	True	True
45964	jhawthorn	2022-09-08 05:47:00	matthewd	2022-09-08 11:02:51	actionpack/lib/action_dispatch/middleware/server_timing.rb	False	False	True	True
45964	jhawthorn	2022-09-08 05:47:00	matthewd	2022-09-08 11:02:51	actionpack/test/dispatch/server_timing_test.rb	True	False	True	True
45964	jhawthorn	2022-09-08 05:47:00	casperisfine	2022-09-08 13:11:14	actionpack/lib/action_dispatch/middleware/server_timing.rb	False	False	True	True
45964	jhawthorn	2022-09-08 05:47:00	casperisfine	2022-09-08 13:11:14	actionpack/lib/action_dispatch/middleware/server_timing.rb	True	False	True	True
45964	jhawthorn	2022-09-08 05:47:00	casperisfine	2022-09-08 13:11:14	actionpack/test/dispatch/server_timing_test.rb	True	False	True	True
45964	jhawthorn	2022-09-08 05:47:00	matthewd	2022-09-08 11:02:51	actionpack/lib/action_dispatch/middleware/server_timing.rb	True	False	True	True
45964	jhawthorn	2022-09-08 05:47:00	casperisfine	2022-09-08 08:43:03	actionpack/lib/action_dispatch/middleware/server_timing.rb	True	False	True	True
45964	jhawthorn	2022-09-08 05:47:00	casperisfine	2022-09-08 08:41:08	actionpack/lib/action_dispatch/middleware/server_timing.rb	False	False	True	True
45964	jhawthorn	2022-09-08 05:47:00	casperisfine	2022-09-08 08:41:08	actionpack/lib/action_dispatch/middleware/server_timing.rb	True	False	True	True
45964	jhawthorn	2022-09-08 05:47:00	casperisfine	2022-09-08 08:41:08	actionpack/test/dispatch/server_timing_test.rb	True	False	True	True
45964	jhawthorn	2022-09-08 05:47:00	casperisfine	2022-09-08 08:43:03	actionpack/test/dispatch/server_timing_test.rb	True	False	True	True
45962	fatkodima	2022-09-07 20:48:15	jorgemanrubia	2022-09-07 20:55:55	activerecord/test/cases/encryption/encryptable_record_test.rb	True	False	False	True
45962	fatkodima	2022-09-07 20:48:15	jorgemanrubia	2022-09-07 20:55:55	activerecord/lib/active_record/encryption/encrypted_attribute_type.rb	True	False	False	True
45962	fatkodima	2022-09-07 20:48:15	jorgemanrubia	2022-09-07 20:55:55	activerecord/lib/active_record/encryption/encryptable_record.rb	True	False	False	True
45956	nbcraft	2022-09-07 01:06:07	skipkayhil	2022-09-07 23:35:20	actionpack/lib/action_dispatch/middleware/cookies.rb	True	False	True	True
45956	nbcraft	2022-09-07 01:06:07	skipkayhil	2022-09-07 23:52:14	actionpack/CHANGELOG.md	True	False	True	True
45956	nbcraft	2022-09-07 01:06:07	skipkayhil	2022-09-07 23:52:14	actionpack/lib/action_dispatch/middleware/cookies.rb	True	False	True	True
45956	nbcraft	2022-09-07 01:06:07	skipkayhil	2022-09-07 23:52:14	actionpack/test/dispatch/cookies_test.rb	True	False	True	True
45956	nbcraft	2022-09-07 01:06:07	skipkayhil	2022-09-07 23:35:20	actionpack/CHANGELOG.md	True	False	True	True
45956	nbcraft	2022-09-07 01:06:07	skipkayhil	2022-09-07 23:35:20	actionpack/test/dispatch/cookies_test.rb	True	False	True	True
45956	nbcraft	2022-09-07 01:06:07	skipkayhil	2022-09-07 01:53:31	actionpack/CHANGELOG.md	True	False	True	True
45956	nbcraft	2022-09-07 01:06:07	skipkayhil	2022-09-07 01:53:31	actionpack/lib/action_dispatch/middleware/cookies.rb	True	False	True	True
45956	nbcraft	2022-09-07 01:06:07	skipkayhil	2022-09-07 01:53:31	actionpack/test/dispatch/cookies_test.rb	True	False	True	True
45955	gjtorikian	2022-09-06 23:16:00	eileencodes	2022-09-08 14:40:18	railties/lib/rails/generators/rails/app/templates/config/environments/test.rb.tt	True	True	True	True
45952	Trevor-Whitaker	2022-09-06 16:27:35	byroot	2022-09-06 20:12:57	activesupport/lib/active_support/callbacks.rb	True	True	True	True
45952	Trevor-Whitaker	2022-09-06 16:27:35	byroot	2022-09-07 17:09:09	activesupport/lib/active_support/callbacks.rb	True	True	True	True
45952	Trevor-Whitaker	2022-09-06 16:27:35	byroot	2022-09-07 17:09:09	activesupport/test/callbacks_test.rb	True	True	True	True
45952	Trevor-Whitaker	2022-09-06 16:27:35	jonathanhefner	2022-09-07 16:58:30	activesupport/lib/active_support/callbacks.rb	True	True	True	True
45952	Trevor-Whitaker	2022-09-06 16:27:35	byroot	2022-09-07 16:04:51	activesupport/lib/active_support/callbacks.rb	True	True	True	True
45952	Trevor-Whitaker	2022-09-06 16:27:35	byroot	2022-09-07 16:04:51	activesupport/test/callbacks_test.rb	True	True	True	True
45952	Trevor-Whitaker	2022-09-06 16:27:35	byroot	2022-09-07 07:13:51	activesupport/lib/active_support/callbacks.rb	True	True	True	True
45952	Trevor-Whitaker	2022-09-06 16:27:35	byroot	2022-09-07 07:13:51	activesupport/test/callbacks_test.rb	True	True	True	True
45952	Trevor-Whitaker	2022-09-06 16:27:35	byroot	2022-09-08 13:04:40	activesupport/lib/active_support/callbacks.rb	True	True	True	True
45952	Trevor-Whitaker	2022-09-06 16:27:35	byroot	2022-09-08 13:04:40	activesupport/test/callbacks_test.rb	True	True	True	True
45952	Trevor-Whitaker	2022-09-06 16:27:35	jonathanhefner	2022-09-07 16:58:30	activesupport/test/callbacks_test.rb	True	True	True	True
45952	Trevor-Whitaker	2022-09-06 16:27:35	byroot	2022-09-06 20:12:57	activesupport/test/callbacks_test.rb	True	True	True	True
45952	Trevor-Whitaker	2022-09-06 16:27:35	byroot	2022-09-06 20:12:28	activesupport/test/callbacks_test.rb	True	True	True	True
45952	Trevor-Whitaker	2022-09-06 16:27:35	rafaelfranca	2022-09-06 16:46:28	activesupport/lib/active_support/callbacks.rb	True	True	True	True
45952	Trevor-Whitaker	2022-09-06 16:27:35	rafaelfranca	2022-09-06 16:46:28	activesupport/test/callbacks_test.rb	True	True	True	True
45952	Trevor-Whitaker	2022-09-06 16:27:35	rafaelfranca	2022-09-06 20:04:20	activesupport/lib/active_support/callbacks.rb	True	True	True	True
45952	Trevor-Whitaker	2022-09-06 16:27:35	byroot	2022-09-06 20:12:28	activesupport/lib/active_support/callbacks.rb	True	True	True	True
45952	Trevor-Whitaker	2022-09-06 16:27:35	rafaelfranca	2022-09-06 20:04:20	activesupport/test/callbacks_test.rb	True	True	True	True
45952	Trevor-Whitaker	2022-09-06 16:27:35	byroot	2022-09-06 16:48:28	activesupport/lib/active_support/callbacks.rb	True	True	True	True
45952	Trevor-Whitaker	2022-09-06 16:27:35	byroot	2022-09-06 16:48:28	activesupport/test/callbacks_test.rb	True	True	True	True
45951	vojtad	2022-09-06 12:11:21	byroot	2022-09-06 12:27:07	activesupport/lib/active_support/current_attributes.rb	True	False	True	True
45951	vojtad	2022-09-06 12:11:21	byroot	2022-09-06 12:27:07	activesupport/test/current_attributes_test.rb	True	False	True	True
45950	donapieppo	2022-09-06 10:32:04	rafaelfranca	2022-09-12 20:12:19	guides/source/engines.md	False	True	False	True
45950	donapieppo	2022-09-06 10:32:04	rafaelfranca	2022-09-12 20:12:19	railties/lib/rails/generators/rails/plugin/plugin_generator.rb	False	True	False	True
45950	donapieppo	2022-09-06 10:32:04	rafaelfranca	2022-09-12 20:12:19	guides/source/engines.md	True	True	False	True
45946	st0012	2022-09-05 13:28:51	casperisfine	2022-09-06 10:48:55	guides/source/documents.yaml	True	True	True	True
45946	st0012	2022-09-05 13:28:51	casperisfine	2022-09-12 07:27:18	guides/source/documents.yaml	True	True	True	True
45946	st0012	2022-09-05 13:28:51	casperisfine	2022-09-12 07:27:18	guides/source/error_reporting.md	True	True	True	True
45946	st0012	2022-09-05 13:28:51	casperisfine	2022-09-12 07:27:18	guides/source/documents.yaml	False	True	True	True
45946	st0012	2022-09-05 13:28:51	casperisfine	2022-09-12 07:27:18	guides/source/error_reporting.md	False	True	True	True
45946	st0012	2022-09-05 13:28:51	casperisfine	2022-09-07 13:54:40	guides/source/error_reporting.md	True	True	True	True
45946	st0012	2022-09-05 13:28:51	casperisfine	2022-09-07 13:54:40	guides/source/documents.yaml	False	True	True	True
45946	st0012	2022-09-05 13:28:51	casperisfine	2022-09-07 13:54:40	guides/source/error_reporting.md	False	True	True	True
45946	st0012	2022-09-05 13:28:51	casperisfine	2022-09-06 10:49:26	guides/source/documents.yaml	True	True	True	True
45946	st0012	2022-09-05 13:28:51	casperisfine	2022-09-06 10:49:26	guides/source/error_reporting.md	True	True	True	True
45946	st0012	2022-09-05 13:28:51	casperisfine	2022-09-06 10:49:26	guides/source/documents.yaml	False	True	True	True
45946	st0012	2022-09-05 13:28:51	casperisfine	2022-09-06 10:49:26	guides/source/error_reporting.md	False	True	True	True
45946	st0012	2022-09-05 13:28:51	casperisfine	2022-09-07 13:54:40	guides/source/documents.yaml	True	True	True	True
45946	st0012	2022-09-05 13:28:51	casperisfine	2022-09-06 10:48:55	guides/source/error_reporting.md	True	True	True	True
45946	st0012	2022-09-05 13:28:51	sampatbadhe	2022-09-05 14:47:33	guides/source/error_reporting.md	False	True	True	True
45946	st0012	2022-09-05 13:28:51	casperisfine	2022-09-05 13:46:40	guides/source/error_reporting.md	False	True	True	True
45946	st0012	2022-09-05 13:28:51	casperisfine	2022-09-05 13:46:40	guides/source/error_reporting.md	True	True	True	True
45946	st0012	2022-09-05 13:28:51	casperisfine	2022-09-05 13:46:40	guides/source/documents.yaml	True	True	True	True
45946	st0012	2022-09-05 13:28:51	casperisfine	2022-09-06 10:48:55	guides/source/documents.yaml	False	True	True	True
45946	st0012	2022-09-05 13:28:51	casperisfine	2022-09-05 13:46:40	guides/source/documents.yaml	False	True	True	True
45946	st0012	2022-09-05 13:28:51	sampatbadhe	2022-09-05 14:47:33	guides/source/documents.yaml	False	True	True	True
45946	st0012	2022-09-05 13:28:51	sampatbadhe	2022-09-05 14:47:33	guides/source/error_reporting.md	True	True	True	True
45946	st0012	2022-09-05 13:28:51	sampatbadhe	2022-09-05 14:47:33	guides/source/documents.yaml	True	True	True	True
45946	st0012	2022-09-05 13:28:51	casperisfine	2022-09-06 10:48:55	guides/source/error_reporting.md	False	True	True	True
45945	ilianah	2022-09-05 12:36:06	yahonda	2022-09-06 05:19:48	activerecord/test/cases/adapters/mysql2/mysql2_adapter_test.rb	True	False	True	True
45945	ilianah	2022-09-05 12:36:06	yahonda	2022-09-06 05:19:48	activerecord/lib/active_record/connection_adapters/mysql2_adapter.rb	True	False	True	True
45945	ilianah	2022-09-05 12:36:06	yahonda	2022-09-06 05:19:48	activerecord/lib/active_record/connection_adapters/abstract_adapter.rb	True	False	True	True
45945	ilianah	2022-09-05 12:36:06	yahonda	2022-09-06 05:19:48	activerecord/CHANGELOG.md	True	False	True	True
45942	maxim	2022-09-04 17:54:05	jonathanhefner	2022-09-05 17:00:35	actionview/test/template/text_helper_test.rb	True	False	True	True
45942	maxim	2022-09-04 17:54:05	jonathanhefner	2022-09-05 17:00:35	actionview/lib/action_view/helpers/text_helper.rb	True	False	True	True
45942	maxim	2022-09-04 17:54:05	jonathanhefner	2022-09-05 17:00:35	actionview/CHANGELOG.md	True	False	True	True
45940	tenshiAMD	2022-09-04 07:29:47	byroot	2022-09-06 20:15:47	.github/workflows/update-copyright-years-in-license-file.yml	True	False	True	True
45938	ttanimichi	2022-09-03 09:10:46	jonathanhefner	2022-09-04 16:50:43	railties/lib/rails/generators/rails/scaffold/scaffold_generator.rb	True	False	True	True
45936	ttanimichi	2022-09-03 02:11:35	jonathanhefner	2022-09-04 16:49:59	railties/lib/rails/generators/model_helpers.rb	True	False	True	True
45931	fatkodima	2022-09-02 13:41:20	byroot	2022-09-02 14:05:27	activerecord/lib/active_record/relation/finder_methods.rb	True	False	True	True
45931	fatkodima	2022-09-02 13:41:20	byroot	2022-09-02 13:49:36	activerecord/test/cases/finder_test.rb	True	False	True	True
45931	fatkodima	2022-09-02 13:41:20	byroot	2022-09-02 13:49:36	activerecord/lib/active_record/relation/finder_methods.rb	True	False	True	True
45931	fatkodima	2022-09-02 13:41:20	byroot	2022-09-02 14:05:27	activerecord/test/cases/finder_test.rb	True	False	True	True
45926	jonathanhefner	2022-09-01 19:40:30	rafaelfranca	2022-09-01 19:46:54	activesupport/test/core_ext/module/attribute_accessor_per_thread_test.rb	True	False	False	True
45926	jonathanhefner	2022-09-01 19:40:30	rafaelfranca	2022-09-01 19:46:54	activesupport/lib/active_support/core_ext/module/attribute_accessors_per_thread.rb	True	False	False	True
45924	eileencodes	2022-09-01 18:35:21	matthewd	2022-09-02 18:20:38	activerecord/test/cases/transactions_test.rb	True	False	True	True
45924	eileencodes	2022-09-01 18:35:21	matthewd	2022-09-02 18:20:38	activerecord/test/cases/base_test.rb	True	False	True	True
45924	eileencodes	2022-09-01 18:35:21	matthewd	2022-09-02 18:20:38	activerecord/test/cases/pooled_connections_test.rb	True	False	True	True
45924	eileencodes	2022-09-01 18:35:21	matthewd	2022-09-02 18:20:38	activerecord/test/cases/hot_compatibility_test.rb	True	False	True	True
45924	eileencodes	2022-09-01 18:35:21	matthewd	2022-09-02 18:20:38	activerecord/test/cases/connection_management_test.rb	True	False	True	True
45924	eileencodes	2022-09-01 18:35:21	matthewd	2022-09-02 18:20:38	activerecord/test/cases/connection_adapters/connection_handlers_multi_db_test.rb	True	False	True	True
45924	eileencodes	2022-09-01 18:35:21	matthewd	2022-09-02 18:20:38	activerecord/test/cases/connection_adapters/connection_handler_test.rb	True	False	True	True
45924	eileencodes	2022-09-01 18:35:21	matthewd	2022-09-02 18:20:38	activerecord/lib/active_record/test_fixtures.rb	True	False	True	True
45924	eileencodes	2022-09-01 18:35:21	matthewd	2022-09-02 18:20:38	activerecord/test/cases/adapters/postgresql/transaction_test.rb	True	False	True	True
45924	eileencodes	2022-09-01 18:35:21	matthewd	2022-09-02 18:20:38	activerecord/test/cases/adapters/postgresql/transaction_nested_test.rb	True	False	True	True
45924	eileencodes	2022-09-01 18:35:21	matthewd	2022-09-02 18:20:38	activerecord/test/cases/adapters/mysql2/nested_deadlock_test.rb	True	False	True	True
45924	eileencodes	2022-09-01 18:35:21	matthewd	2022-09-02 18:20:38	activerecord/lib/active_record/railtie.rb	True	False	True	True
45924	eileencodes	2022-09-01 18:35:21	matthewd	2022-09-02 18:20:38	activerecord/lib/active_record/connection_adapters/abstract/connection_handler.rb	True	False	True	True
45924	eileencodes	2022-09-01 18:35:21	matthewd	2022-09-02 18:20:38	activerecord/CHANGELOG.md	True	False	True	True
45924	eileencodes	2022-09-01 18:35:21	matthewd	2022-09-02 18:20:38	activerecord/test/cases/query_cache_test.rb	True	False	True	True
45924	eileencodes	2022-09-01 18:35:21	rafaelfranca	2022-09-01 22:56:34	activerecord/lib/active_record/test_fixtures.rb	True	False	True	True
45924	eileencodes	2022-09-01 18:35:21	rafaelfranca	2022-09-01 22:56:34	activerecord/CHANGELOG.md	True	False	True	True
45924	eileencodes	2022-09-01 18:35:21	rafaelfranca	2022-09-01 22:56:34	activerecord/test/cases/connection_adapters/connection_handler_test.rb	True	False	True	True
45924	eileencodes	2022-09-01 18:35:21	rafaelfranca	2022-09-01 22:56:34	activerecord/test/cases/transactions_test.rb	True	False	True	True
45924	eileencodes	2022-09-01 18:35:21	rafaelfranca	2022-09-01 22:56:34	activerecord/test/cases/query_cache_test.rb	True	False	True	True
45924	eileencodes	2022-09-01 18:35:21	rafaelfranca	2022-09-01 22:56:34	activerecord/test/cases/pooled_connections_test.rb	True	False	True	True
45924	eileencodes	2022-09-01 18:35:21	rafaelfranca	2022-09-01 22:56:34	activerecord/test/cases/hot_compatibility_test.rb	True	False	True	True
45924	eileencodes	2022-09-01 18:35:21	rafaelfranca	2022-09-01 22:56:34	activerecord/test/cases/connection_management_test.rb	True	False	True	True
45924	eileencodes	2022-09-01 18:35:21	rafaelfranca	2022-09-01 22:56:34	activerecord/test/cases/connection_adapters/connection_handlers_multi_db_test.rb	True	False	True	True
45924	eileencodes	2022-09-01 18:35:21	rafaelfranca	2022-09-01 22:56:34	activerecord/lib/active_record/connection_adapters/abstract/connection_handler.rb	True	False	True	True
45924	eileencodes	2022-09-01 18:35:21	rafaelfranca	2022-09-01 22:56:34	activerecord/test/cases/base_test.rb	True	False	True	True
45924	eileencodes	2022-09-01 18:35:21	rafaelfranca	2022-09-01 22:56:34	activerecord/test/cases/adapters/postgresql/transaction_nested_test.rb	True	False	True	True
45924	eileencodes	2022-09-01 18:35:21	rafaelfranca	2022-09-01 22:56:34	activerecord/test/cases/adapters/mysql2/nested_deadlock_test.rb	True	False	True	True
45924	eileencodes	2022-09-01 18:35:21	rafaelfranca	2022-09-01 22:56:34	activerecord/lib/active_record/railtie.rb	True	False	True	True
45924	eileencodes	2022-09-01 18:35:21	rafaelfranca	2022-09-01 22:56:34	activerecord/test/cases/adapters/postgresql/transaction_test.rb	True	False	True	True
