pr_number	author_user_login	pr_created_at	review_user_login	review_created_at	filename	create_before_pr	has_issue_comment	has_review_comment	has_commit
7213	bcardarella	2012-07-31 17:38:16	nashby	2012-07-31 19:18:09	activemodel/CHANGELOG.md	True	True	True	True
7213	bcardarella	2012-07-31 17:38:16	frodsan	2012-10-26 16:45:35	activemodel/lib/active_model/validations/numericality.rb	True	True	True	True
7213	bcardarella	2012-07-31 17:38:16	frodsan	2012-10-26 16:45:35	activemodel/lib/active_model/locale/en.yml	True	True	True	True
7213	bcardarella	2012-07-31 17:38:16	frodsan	2012-10-26 16:45:35	activemodel/CHANGELOG.md	True	True	True	True
7213	bcardarella	2012-07-31 17:38:16	nashby	2012-07-31 19:18:09	activemodel/test/cases/validations/numericality_validation_test.rb	True	True	True	True
7213	bcardarella	2012-07-31 17:38:16	nashby	2012-07-31 19:18:09	activemodel/lib/active_model/validations/numericality.rb	True	True	True	True
7213	bcardarella	2012-07-31 17:38:16	nashby	2012-07-31 19:18:09	activemodel/lib/active_model/locale/en.yml	True	True	True	True
7213	bcardarella	2012-07-31 17:38:16	frodsan	2012-10-26 16:45:35	activemodel/test/cases/validations/numericality_validation_test.rb	True	True	True	True
7197	davidcelis	2012-07-30 04:04:01	tenderlove	2012-07-30 04:45:37	activesupport/lib/active_support/inflector/inflections.rb	True	True	True	True
7197	davidcelis	2012-07-30 04:04:01	tenderlove	2012-07-30 04:45:37	activesupport/lib/active_support/core_ext/string/inflections.rb	True	True	True	True
7197	davidcelis	2012-07-30 04:04:01	tenderlove	2012-07-30 04:45:37	activesupport/lib/active_support/inflections.rb	True	True	True	True
7197	davidcelis	2012-07-30 04:04:01	tenderlove	2012-07-30 04:45:37	activesupport/lib/active_support/inflector/methods.rb	True	True	True	True
7197	davidcelis	2012-07-30 04:04:01	tenderlove	2012-07-30 04:45:37	activesupport/test/inflector_test.rb	True	True	True	True
7197	davidcelis	2012-07-30 04:04:01	tenderlove	2012-07-30 04:45:37	railties/lib/rails/generators/rails/app/templates/config/initializers/inflections.rb	True	True	True	True
7189	GCorbel	2012-07-29 09:06:19	carlosantoniodasilva	2012-07-29 17:31:38	actionpack/lib/action_view/helpers/text_helper.rb	True	True	True	True
7189	GCorbel	2012-07-29 09:06:19	carlosantoniodasilva	2012-07-29 17:31:38	actionpack/test/template/text_helper_test.rb	True	True	True	True
7189	GCorbel	2012-07-29 09:06:19	carlosantoniodasilva	2012-07-29 17:30:50	actionpack/CHANGELOG.md	True	True	True	True
7189	GCorbel	2012-07-29 09:06:19	josevalim	2012-07-29 09:54:36	actionpack/CHANGELOG.md	True	True	True	True
7189	GCorbel	2012-07-29 09:06:19	carlosantoniodasilva	2012-07-29 17:30:50	actionpack/lib/action_view/helpers/text_helper.rb	True	True	True	True
7189	GCorbel	2012-07-29 09:06:19	carlosantoniodasilva	2012-07-29 17:30:50	actionpack/test/template/text_helper_test.rb	True	True	True	True
7189	GCorbel	2012-07-29 09:06:19	carlosantoniodasilva	2012-07-29 17:30:45	actionpack/CHANGELOG.md	True	True	True	True
7189	GCorbel	2012-07-29 09:06:19	carlosantoniodasilva	2012-07-29 17:34:19	actionpack/test/template/text_helper_test.rb	True	True	True	True
7189	GCorbel	2012-07-29 09:06:19	carlosantoniodasilva	2012-07-29 17:31:38	actionpack/CHANGELOG.md	True	True	True	True
7189	GCorbel	2012-07-29 09:06:19	josevalim	2012-07-29 09:50:29	actionpack/lib/action_view/helpers/text_helper.rb	True	True	True	True
7189	GCorbel	2012-07-29 09:06:19	carlosantoniodasilva	2012-07-29 17:34:19	actionpack/lib/action_view/helpers/text_helper.rb	True	True	True	True
7189	GCorbel	2012-07-29 09:06:19	carlosantoniodasilva	2012-07-29 17:34:19	actionpack/CHANGELOG.md	True	True	True	True
7189	GCorbel	2012-07-29 09:06:19	josevalim	2012-07-29 09:54:36	actionpack/test/template/text_helper_test.rb	True	True	True	True
7189	GCorbel	2012-07-29 09:06:19	josevalim	2012-07-29 09:54:36	actionpack/lib/action_view/helpers/text_helper.rb	True	True	True	True
7189	GCorbel	2012-07-29 09:06:19	josevalim	2012-07-29 09:50:29	actionpack/test/template/text_helper_test.rb	True	True	True	True
7189	GCorbel	2012-07-29 09:06:19	carlosantoniodasilva	2012-07-29 17:30:45	actionpack/test/template/text_helper_test.rb	True	True	True	True
7189	GCorbel	2012-07-29 09:06:19	josevalim	2012-07-29 09:50:29	actionpack/CHANGELOG.md	True	True	True	True
7189	GCorbel	2012-07-29 09:06:19	carlosantoniodasilva	2012-07-29 17:30:45	actionpack/lib/action_view/helpers/text_helper.rb	True	True	True	True
7189	GCorbel	2012-07-29 09:06:19	josevalim	2012-07-29 09:52:29	actionpack/test/template/text_helper_test.rb	True	True	True	True
7189	GCorbel	2012-07-29 09:06:19	josevalim	2012-07-29 09:56:21	actionpack/CHANGELOG.md	True	True	True	True
7189	GCorbel	2012-07-29 09:06:19	josevalim	2012-07-29 09:50:15	actionpack/lib/action_view/helpers/text_helper.rb	True	True	True	True
7189	GCorbel	2012-07-29 09:06:19	carlosantoniodasilva	2012-08-21 15:52:20	actionpack/test/template/text_helper_test.rb	True	True	True	True
7189	GCorbel	2012-07-29 09:06:19	carlosantoniodasilva	2012-08-21 15:52:20	actionpack/lib/action_view/helpers/text_helper.rb	True	True	True	True
7189	GCorbel	2012-07-29 09:06:19	carlosantoniodasilva	2012-08-21 15:52:20	actionpack/CHANGELOG.md	True	True	True	True
7189	GCorbel	2012-07-29 09:06:19	josevalim	2012-07-29 09:49:26	actionpack/test/template/text_helper_test.rb	True	True	True	True
7189	GCorbel	2012-07-29 09:06:19	josevalim	2012-07-29 09:49:26	actionpack/lib/action_view/helpers/text_helper.rb	True	True	True	True
7189	GCorbel	2012-07-29 09:06:19	josevalim	2012-07-29 09:49:26	actionpack/CHANGELOG.md	True	True	True	True
7189	GCorbel	2012-07-29 09:06:19	josevalim	2012-07-29 09:56:21	actionpack/lib/action_view/helpers/text_helper.rb	True	True	True	True
7189	GCorbel	2012-07-29 09:06:19	josevalim	2012-07-29 09:50:15	actionpack/test/template/text_helper_test.rb	True	True	True	True
7189	GCorbel	2012-07-29 09:06:19	josevalim	2012-07-29 09:50:15	actionpack/CHANGELOG.md	True	True	True	True
7189	GCorbel	2012-07-29 09:06:19	josevalim	2012-07-29 09:51:18	actionpack/test/template/text_helper_test.rb	True	True	True	True
7189	GCorbel	2012-07-29 09:06:19	josevalim	2012-07-29 09:51:18	actionpack/lib/action_view/helpers/text_helper.rb	True	True	True	True
7189	GCorbel	2012-07-29 09:06:19	josevalim	2012-07-29 09:51:18	actionpack/CHANGELOG.md	True	True	True	True
7189	GCorbel	2012-07-29 09:06:19	josevalim	2012-07-29 09:52:29	actionpack/lib/action_view/helpers/text_helper.rb	True	True	True	True
7189	GCorbel	2012-07-29 09:06:19	josevalim	2012-07-29 09:52:29	actionpack/CHANGELOG.md	True	True	True	True
7189	GCorbel	2012-07-29 09:06:19	josevalim	2012-07-29 09:56:21	actionpack/test/template/text_helper_test.rb	True	True	True	True
7186	rimidl	2012-07-28 16:38:52	rafaelfranca	2012-07-28 16:40:46	actionpack/test/dispatch/response_test.rb	True	False	True	True
7184	anthonyalberto	2012-07-27 20:36:26	carlosantoniodasilva	2012-08-13 23:49:13	activemodel/lib/active_model/serializers/xml.rb	True	True	True	True
7184	anthonyalberto	2012-07-27 20:36:26	carlosantoniodasilva	2012-07-30 13:33:57	activemodel/lib/active_model/serializers/xml.rb	True	True	True	True
7184	anthonyalberto	2012-07-27 20:36:26	carlosantoniodasilva	2012-07-30 13:33:57	activemodel/test/cases/serializers/xml_serialization_test.rb	True	True	True	True
7184	anthonyalberto	2012-07-27 20:36:26	carlosantoniodasilva	2012-08-13 23:49:13	activemodel/CHANGELOG.md	True	True	True	True
7184	anthonyalberto	2012-07-27 20:36:26	carlosantoniodasilva	2012-07-30 13:33:57	activemodel/CHANGELOG.md	True	True	True	True
7184	anthonyalberto	2012-07-27 20:36:26	carlosantoniodasilva	2012-08-13 23:49:13	activemodel/test/cases/serializers/xml_serialization_test.rb	True	True	True	True
7184	anthonyalberto	2012-07-27 20:36:26	carlosantoniodasilva	2012-07-30 13:36:58	activemodel/lib/active_model/serializers/xml.rb	True	True	True	True
7184	anthonyalberto	2012-07-27 20:36:26	carlosantoniodasilva	2012-07-30 13:36:58	activemodel/test/cases/serializers/xml_serialization_test.rb	True	True	True	True
7184	anthonyalberto	2012-07-27 20:36:26	carlosantoniodasilva	2012-07-30 13:36:58	activemodel/CHANGELOG.md	True	True	True	True
7176	bogdan	2012-07-27 08:39:19	rafaelfranca	2012-07-29 20:54:51	activerecord/test/cases/associations/has_many_associations_test.rb	False	True	True	True
7176	bogdan	2012-07-27 08:39:19	rafaelfranca	2012-07-29 20:54:51	activerecord/CHANGELOG.md	False	True	True	True
7176	bogdan	2012-07-27 08:39:19	rafaelfranca	2012-07-29 20:54:51	activerecord/lib/active_record/relation/query_methods.rb	False	True	True	True
7176	bogdan	2012-07-27 08:39:19	rafaelfranca	2012-07-29 20:54:51	activerecord/test/cases/associations/has_and_belongs_to_many_associations_test.rb	False	True	True	True
7176	bogdan	2012-07-27 08:39:19	rafaelfranca	2012-07-29 20:54:51	activerecord/lib/active_record/relation/finder_methods.rb	False	True	True	True
7176	bogdan	2012-07-27 08:39:19	rafaelfranca	2012-07-29 20:54:51	activerecord/test/cases/relation_scoping_test.rb	False	True	True	True
7176	bogdan	2012-07-27 08:39:19	rafaelfranca	2012-07-29 20:54:51	activerecord/test/cases/relations_test.rb	False	True	True	True
7176	bogdan	2012-07-27 08:39:19	rafaelfranca	2012-07-29 20:54:51	guides/source/active_record_querying.textile	False	True	True	True
7176	bogdan	2012-07-27 08:39:19	rafaelfranca	2012-07-29 20:54:51	guides/source/upgrading_ruby_on_rails.textile	False	True	True	True
7155	robotex82	2012-07-25 15:13:18	carlosantoniodasilva	2012-10-27 14:55:16	activemodel/lib/active_model/errors.rb	False	True	True	True
7155	robotex82	2012-07-25 15:13:18	carlosantoniodasilva	2012-10-27 14:55:16	activerecord/lib/active_record/base.rb	False	True	True	True
7155	robotex82	2012-07-25 15:13:18	carlosantoniodasilva	2012-10-27 14:55:16	railties/test/generators/plugin_new_generator_test.rb	False	True	True	True
7155	robotex82	2012-07-25 15:13:18	carlosantoniodasilva	2012-10-27 14:55:16	railties/lib/rails/generators/rails/plugin_new/templates/Rakefile	False	True	True	True
7155	robotex82	2012-07-25 15:13:18	carlosantoniodasilva	2012-10-27 14:55:16	railties/lib/rails/generators/rails/plugin_new/plugin_new_generator.rb	False	True	True	True
7155	robotex82	2012-07-25 15:13:18	carlosantoniodasilva	2012-10-27 14:55:16	actionpack/CHANGELOG.md	False	True	True	True
7155	robotex82	2012-07-25 15:13:18	carlosantoniodasilva	2012-10-27 14:55:16	activerecord/test/cases/nested_attributes_test.rb	False	True	True	True
7155	robotex82	2012-07-25 15:13:18	carlosantoniodasilva	2012-10-27 14:55:16	railties/CHANGELOG.md	False	True	True	True
7155	robotex82	2012-07-25 15:13:18	carlosantoniodasilva	2012-10-27 14:55:16	activerecord/lib/active_record/relation/finder_methods.rb	False	True	True	True
7155	robotex82	2012-07-25 15:13:18	carlosantoniodasilva	2012-10-27 14:55:16	activemodel/CHANGELOG.md	False	True	True	True
7155	robotex82	2012-07-25 15:13:18	carlosantoniodasilva	2012-10-27 14:55:16	activemodel/test/cases/validations/absence_validation_test.rb	False	True	True	True
7155	robotex82	2012-07-25 15:13:18	carlosantoniodasilva	2012-10-27 14:55:16	activemodel/lib/active_model/validations/absence.rb	False	True	True	True
7155	robotex82	2012-07-25 15:13:18	carlosantoniodasilva	2012-10-27 14:55:10	actionpack/lib/action_controller/test_case.rb	False	True	True	True
7155	robotex82	2012-07-25 15:13:18	carlosantoniodasilva	2012-10-27 14:55:16	activemodel/test/cases/validations/absence_validation_test.rb	True	True	True	True
7155	robotex82	2012-07-25 15:13:18	carlosantoniodasilva	2012-10-27 14:55:16	activemodel/lib/active_model/validations/absence.rb	True	True	True	True
7155	robotex82	2012-07-25 15:13:18	carlosantoniodasilva	2012-10-27 14:55:16	activemodel/lib/active_model/locale/en.yml	True	True	True	True
7155	robotex82	2012-07-25 15:13:18	carlosantoniodasilva	2012-10-27 14:55:16	activemodel/lib/active_model/errors.rb	True	True	True	True
7155	robotex82	2012-07-25 15:13:18	carlosantoniodasilva	2012-10-27 14:55:10	actionpack/test/controller/flash_hash_test.rb	False	True	True	True
7155	robotex82	2012-07-25 15:13:18	carlosantoniodasilva	2012-10-27 14:55:10	actionpack/test/dispatch/prefix_generation_test.rb	False	True	True	True
7155	robotex82	2012-07-25 15:13:18	carlosantoniodasilva	2012-10-27 14:55:10	actionpack/lib/action_dispatch/routing/mapper.rb	False	True	True	True
7155	robotex82	2012-07-25 15:13:18	carlosantoniodasilva	2012-10-27 14:55:10	actionpack/CHANGELOG.md	False	True	True	True
7155	robotex82	2012-07-25 15:13:18	carlosantoniodasilva	2012-10-27 14:55:10	actionpack/lib/action_dispatch/middleware/flash.rb	False	True	True	True
7155	robotex82	2012-07-25 15:13:18	carlosantoniodasilva	2012-10-27 14:55:10	activerecord/test/cases/nested_attributes_test.rb	False	True	True	True
7155	robotex82	2012-07-25 15:13:18	carlosantoniodasilva	2012-10-27 14:55:10	activerecord/lib/active_record/base.rb	False	True	True	True
7155	robotex82	2012-07-25 15:13:18	carlosantoniodasilva	2012-10-27 14:55:16	actionpack/lib/action_dispatch/middleware/flash.rb	False	True	True	True
7155	robotex82	2012-07-25 15:13:18	carlosantoniodasilva	2012-10-27 14:55:29	actionpack/test/controller/flash_hash_test.rb	False	True	True	True
7155	robotex82	2012-07-25 15:13:18	carlosantoniodasilva	2012-10-27 14:55:16	actionpack/lib/action_dispatch/routing/mapper.rb	False	True	True	True
7155	robotex82	2012-07-25 15:13:18	carlosantoniodasilva	2012-10-27 14:55:16	actionpack/test/dispatch/prefix_generation_test.rb	False	True	True	True
7155	robotex82	2012-07-25 15:13:18	carlosantoniodasilva	2012-10-27 14:55:10	railties/lib/rails/generators/rails/plugin_new/templates/Rakefile	False	True	True	True
7155	robotex82	2012-07-25 15:13:18	carlosantoniodasilva	2012-10-27 14:55:29	actionpack/test/dispatch/prefix_generation_test.rb	False	True	True	True
7155	robotex82	2012-07-25 15:13:18	carlosantoniodasilva	2012-10-27 14:55:29	actionpack/lib/action_dispatch/routing/mapper.rb	False	True	True	True
7155	robotex82	2012-07-25 15:13:18	carlosantoniodasilva	2012-10-27 14:55:29	actionpack/CHANGELOG.md	False	True	True	True
7155	robotex82	2012-07-25 15:13:18	carlosantoniodasilva	2012-10-27 14:55:29	actionpack/lib/action_dispatch/middleware/flash.rb	False	True	True	True
7155	robotex82	2012-07-25 15:13:18	carlosantoniodasilva	2012-10-27 14:55:29	activerecord/test/cases/nested_attributes_test.rb	False	True	True	True
7155	robotex82	2012-07-25 15:13:18	carlosantoniodasilva	2012-10-27 14:55:29	activerecord/lib/active_record/base.rb	False	True	True	True
7155	robotex82	2012-07-25 15:13:18	carlosantoniodasilva	2012-10-27 14:55:29	railties/test/generators/plugin_new_generator_test.rb	False	True	True	True
7155	robotex82	2012-07-25 15:13:18	carlosantoniodasilva	2012-10-27 14:55:29	railties/lib/rails/generators/rails/plugin_new/templates/Rakefile	False	True	True	True
7155	robotex82	2012-07-25 15:13:18	carlosantoniodasilva	2012-10-27 14:55:29	railties/lib/rails/generators/rails/plugin_new/plugin_new_generator.rb	False	True	True	True
7155	robotex82	2012-07-25 15:13:18	carlosantoniodasilva	2012-10-27 14:55:29	railties/CHANGELOG.md	False	True	True	True
7155	robotex82	2012-07-25 15:13:18	carlosantoniodasilva	2012-10-27 14:55:29	activerecord/lib/active_record/relation/finder_methods.rb	False	True	True	True
7155	robotex82	2012-07-25 15:13:18	carlosantoniodasilva	2012-10-27 14:55:29	activemodel/CHANGELOG.md	False	True	True	True
7155	robotex82	2012-07-25 15:13:18	carlosantoniodasilva	2012-10-27 14:55:29	activemodel/test/cases/validations/absence_validation_test.rb	False	True	True	True
7155	robotex82	2012-07-25 15:13:18	carlosantoniodasilva	2012-10-27 14:55:29	activemodel/lib/active_model/validations/absence.rb	False	True	True	True
7155	robotex82	2012-07-25 15:13:18	carlosantoniodasilva	2012-10-27 14:55:29	activemodel/lib/active_model/errors.rb	False	True	True	True
7155	robotex82	2012-07-25 15:13:18	carlosantoniodasilva	2012-10-27 14:55:29	activemodel/test/cases/validations/absence_validation_test.rb	True	True	True	True
7155	robotex82	2012-07-25 15:13:18	carlosantoniodasilva	2012-10-27 14:55:29	activemodel/lib/active_model/validations/absence.rb	True	True	True	True
7155	robotex82	2012-07-25 15:13:18	carlosantoniodasilva	2012-10-27 14:55:29	activemodel/lib/active_model/locale/en.yml	True	True	True	True
7155	robotex82	2012-07-25 15:13:18	carlosantoniodasilva	2012-10-27 14:55:29	activemodel/lib/active_model/errors.rb	True	True	True	True
7155	robotex82	2012-07-25 15:13:18	carlosantoniodasilva	2012-10-27 14:55:16	actionpack/test/controller/flash_hash_test.rb	False	True	True	True
7155	robotex82	2012-07-25 15:13:18	frodsan	2012-10-27 05:17:16	activemodel/lib/active_model/errors.rb	True	True	True	True
7155	robotex82	2012-07-25 15:13:18	carlosantoniodasilva	2012-10-27 14:55:16	actionpack/lib/action_controller/test_case.rb	False	True	True	True
7155	robotex82	2012-07-25 15:13:18	carlosantoniodasilva	2012-10-27 14:55:10	railties/test/generators/plugin_new_generator_test.rb	False	True	True	True
7155	robotex82	2012-07-25 15:13:18	frodsan	2012-10-27 05:17:16	actionpack/test/dispatch/prefix_generation_test.rb	False	True	True	True
7155	robotex82	2012-07-25 15:13:18	carlosantoniodasilva	2012-10-27 14:55:10	railties/lib/rails/generators/rails/plugin_new/plugin_new_generator.rb	False	True	True	True
7155	robotex82	2012-07-25 15:13:18	carlosantoniodasilva	2012-10-27 14:55:10	railties/CHANGELOG.md	False	True	True	True
7155	robotex82	2012-07-25 15:13:18	frodsan	2012-10-27 05:20:48	activemodel/test/cases/validations/absence_validation_test.rb	True	True	True	True
7155	robotex82	2012-07-25 15:13:18	frodsan	2012-10-27 05:20:48	activemodel/lib/active_model/validations/absence.rb	True	True	True	True
7155	robotex82	2012-07-25 15:13:18	frodsan	2012-10-27 05:20:48	activemodel/lib/active_model/locale/en.yml	True	True	True	True
7155	robotex82	2012-07-25 15:13:18	frodsan	2012-10-27 05:20:48	activemodel/lib/active_model/errors.rb	True	True	True	True
7155	robotex82	2012-07-25 15:13:18	frodsan	2012-10-27 05:17:16	actionpack/test/controller/flash_hash_test.rb	False	True	True	True
7155	robotex82	2012-07-25 15:13:18	frodsan	2012-10-27 05:17:16	actionpack/lib/action_controller/test_case.rb	False	True	True	True
7155	robotex82	2012-07-25 15:13:18	frodsan	2012-10-27 05:17:16	actionpack/lib/action_dispatch/routing/mapper.rb	False	True	True	True
7155	robotex82	2012-07-25 15:13:18	frodsan	2012-10-27 05:17:16	actionpack/CHANGELOG.md	False	True	True	True
7155	robotex82	2012-07-25 15:13:18	frodsan	2012-10-27 05:17:16	actionpack/lib/action_dispatch/middleware/flash.rb	False	True	True	True
7155	robotex82	2012-07-25 15:13:18	frodsan	2012-10-27 05:17:16	activerecord/test/cases/nested_attributes_test.rb	False	True	True	True
7155	robotex82	2012-07-25 15:13:18	frodsan	2012-10-27 05:17:16	activerecord/lib/active_record/base.rb	False	True	True	True
7155	robotex82	2012-07-25 15:13:18	frodsan	2012-10-27 05:17:16	railties/test/generators/plugin_new_generator_test.rb	False	True	True	True
7155	robotex82	2012-07-25 15:13:18	frodsan	2012-10-27 05:17:16	railties/lib/rails/generators/rails/plugin_new/templates/Rakefile	False	True	True	True
7155	robotex82	2012-07-25 15:13:18	frodsan	2012-10-27 05:17:16	railties/lib/rails/generators/rails/plugin_new/plugin_new_generator.rb	False	True	True	True
7155	robotex82	2012-07-25 15:13:18	frodsan	2012-10-27 05:17:16	railties/CHANGELOG.md	False	True	True	True
7155	robotex82	2012-07-25 15:13:18	frodsan	2012-10-27 05:17:16	activerecord/lib/active_record/relation/finder_methods.rb	False	True	True	True
7155	robotex82	2012-07-25 15:13:18	frodsan	2012-10-27 05:17:16	activemodel/CHANGELOG.md	False	True	True	True
7155	robotex82	2012-07-25 15:13:18	frodsan	2012-10-27 05:17:16	activemodel/test/cases/validations/absence_validation_test.rb	False	True	True	True
7155	robotex82	2012-07-25 15:13:18	frodsan	2012-10-27 05:17:16	activemodel/lib/active_model/validations/absence.rb	False	True	True	True
7155	robotex82	2012-07-25 15:13:18	frodsan	2012-10-27 05:17:16	activemodel/lib/active_model/errors.rb	False	True	True	True
7155	robotex82	2012-07-25 15:13:18	frodsan	2012-10-27 05:17:16	activemodel/test/cases/validations/absence_validation_test.rb	True	True	True	True
7155	robotex82	2012-07-25 15:13:18	frodsan	2012-10-27 05:17:16	activemodel/lib/active_model/validations/absence.rb	True	True	True	True
7155	robotex82	2012-07-25 15:13:18	frodsan	2012-10-27 05:17:16	activemodel/lib/active_model/locale/en.yml	True	True	True	True
7155	robotex82	2012-07-25 15:13:18	frodsan	2012-10-27 05:20:48	activemodel/lib/active_model/errors.rb	False	True	True	True
7155	robotex82	2012-07-25 15:13:18	frodsan	2012-10-27 05:20:48	activemodel/lib/active_model/validations/absence.rb	False	True	True	True
7155	robotex82	2012-07-25 15:13:18	frodsan	2012-10-27 05:20:48	activemodel/test/cases/validations/absence_validation_test.rb	False	True	True	True
7155	robotex82	2012-07-25 15:13:18	frodsan	2012-10-27 05:20:48	actionpack/lib/action_controller/test_case.rb	False	True	True	True
7155	robotex82	2012-07-25 15:13:18	carlosantoniodasilva	2012-10-27 14:55:10	activerecord/lib/active_record/relation/finder_methods.rb	False	True	True	True
7155	robotex82	2012-07-25 15:13:18	carlosantoniodasilva	2012-10-27 14:55:10	activemodel/CHANGELOG.md	False	True	True	True
7155	robotex82	2012-07-25 15:13:18	carlosantoniodasilva	2012-10-27 14:55:10	activemodel/test/cases/validations/absence_validation_test.rb	False	True	True	True
7155	robotex82	2012-07-25 15:13:18	carlosantoniodasilva	2012-10-27 14:55:10	activemodel/lib/active_model/validations/absence.rb	False	True	True	True
7155	robotex82	2012-07-25 15:13:18	carlosantoniodasilva	2012-10-27 14:55:10	activemodel/lib/active_model/errors.rb	False	True	True	True
7155	robotex82	2012-07-25 15:13:18	carlosantoniodasilva	2012-10-27 14:55:10	activemodel/test/cases/validations/absence_validation_test.rb	True	True	True	True
7155	robotex82	2012-07-25 15:13:18	carlosantoniodasilva	2012-10-27 14:55:10	activemodel/lib/active_model/validations/absence.rb	True	True	True	True
7155	robotex82	2012-07-25 15:13:18	carlosantoniodasilva	2012-10-27 14:55:10	activemodel/lib/active_model/locale/en.yml	True	True	True	True
7155	robotex82	2012-07-25 15:13:18	carlosantoniodasilva	2012-10-27 14:55:10	activemodel/lib/active_model/errors.rb	True	True	True	True
7155	robotex82	2012-07-25 15:13:18	frodsan	2012-10-27 05:20:48	actionpack/test/controller/flash_hash_test.rb	False	True	True	True
7155	robotex82	2012-07-25 15:13:18	frodsan	2012-10-27 05:20:48	actionpack/test/dispatch/prefix_generation_test.rb	False	True	True	True
7155	robotex82	2012-07-25 15:13:18	frodsan	2012-10-27 05:20:48	activemodel/CHANGELOG.md	False	True	True	True
7155	robotex82	2012-07-25 15:13:18	frodsan	2012-10-27 05:20:48	actionpack/lib/action_dispatch/routing/mapper.rb	False	True	True	True
7155	robotex82	2012-07-25 15:13:18	frodsan	2012-10-27 05:20:48	actionpack/CHANGELOG.md	False	True	True	True
7155	robotex82	2012-07-25 15:13:18	frodsan	2012-10-27 05:20:48	actionpack/lib/action_dispatch/middleware/flash.rb	False	True	True	True
7155	robotex82	2012-07-25 15:13:18	frodsan	2012-10-27 05:20:48	activerecord/test/cases/nested_attributes_test.rb	False	True	True	True
7155	robotex82	2012-07-25 15:13:18	frodsan	2012-10-27 05:20:48	activerecord/lib/active_record/base.rb	False	True	True	True
7155	robotex82	2012-07-25 15:13:18	frodsan	2012-10-27 05:20:48	railties/test/generators/plugin_new_generator_test.rb	False	True	True	True
7155	robotex82	2012-07-25 15:13:18	frodsan	2012-10-27 05:20:48	railties/lib/rails/generators/rails/plugin_new/templates/Rakefile	False	True	True	True
7155	robotex82	2012-07-25 15:13:18	frodsan	2012-10-27 05:20:48	railties/lib/rails/generators/rails/plugin_new/plugin_new_generator.rb	False	True	True	True
7155	robotex82	2012-07-25 15:13:18	frodsan	2012-10-27 05:20:48	railties/CHANGELOG.md	False	True	True	True
7155	robotex82	2012-07-25 15:13:18	frodsan	2012-10-27 05:20:48	activerecord/lib/active_record/relation/finder_methods.rb	False	True	True	True
7155	robotex82	2012-07-25 15:13:18	carlosantoniodasilva	2012-10-27 14:55:29	actionpack/lib/action_controller/test_case.rb	False	True	True	True
7155	robotex82	2012-07-25 15:13:18	carlosantoniodasilva	2012-10-27 14:56:08	activemodel/lib/active_model/locale/en.yml	True	True	True	True
7155	robotex82	2012-07-25 15:13:18	carlosantoniodasilva	2012-10-27 14:55:45	activemodel/lib/active_model/errors.rb	True	True	True	True
7155	robotex82	2012-07-25 15:13:18	carlosantoniodasilva	2012-10-27 14:57:06	railties/lib/rails/generators/rails/plugin_new/templates/Rakefile	False	True	True	True
7155	robotex82	2012-07-25 15:13:18	carlosantoniodasilva	2012-10-27 14:55:41	actionpack/lib/action_dispatch/middleware/flash.rb	False	True	True	True
7155	robotex82	2012-07-25 15:13:18	carlosantoniodasilva	2012-10-27 14:55:41	activerecord/lib/active_record/base.rb	False	True	True	True
7155	robotex82	2012-07-25 15:13:18	carlosantoniodasilva	2012-10-27 14:55:41	railties/test/generators/plugin_new_generator_test.rb	False	True	True	True
7155	robotex82	2012-07-25 15:13:18	carlosantoniodasilva	2012-10-27 14:55:41	railties/lib/rails/generators/rails/plugin_new/templates/Rakefile	False	True	True	True
7155	robotex82	2012-07-25 15:13:18	carlosantoniodasilva	2012-10-27 14:55:41	railties/lib/rails/generators/rails/plugin_new/plugin_new_generator.rb	False	True	True	True
7155	robotex82	2012-07-25 15:13:18	carlosantoniodasilva	2012-10-27 14:55:41	railties/CHANGELOG.md	False	True	True	True
7155	robotex82	2012-07-25 15:13:18	carlosantoniodasilva	2012-10-27 14:55:41	activerecord/lib/active_record/relation/finder_methods.rb	False	True	True	True
7155	robotex82	2012-07-25 15:13:18	carlosantoniodasilva	2012-10-27 14:55:41	activemodel/CHANGELOG.md	False	True	True	True
7155	robotex82	2012-07-25 15:13:18	carlosantoniodasilva	2012-10-27 14:55:41	activemodel/test/cases/validations/absence_validation_test.rb	False	True	True	True
7155	robotex82	2012-07-25 15:13:18	carlosantoniodasilva	2012-10-27 14:55:41	activemodel/lib/active_model/validations/absence.rb	False	True	True	True
7155	robotex82	2012-07-25 15:13:18	carlosantoniodasilva	2012-10-27 14:55:41	activemodel/lib/active_model/errors.rb	False	True	True	True
7155	robotex82	2012-07-25 15:13:18	carlosantoniodasilva	2012-10-27 14:55:41	activemodel/test/cases/validations/absence_validation_test.rb	True	True	True	True
7155	robotex82	2012-07-25 15:13:18	carlosantoniodasilva	2012-10-27 14:55:41	activemodel/lib/active_model/validations/absence.rb	True	True	True	True
7155	robotex82	2012-07-25 15:13:18	carlosantoniodasilva	2012-10-27 14:55:41	activemodel/lib/active_model/locale/en.yml	True	True	True	True
7155	robotex82	2012-07-25 15:13:18	carlosantoniodasilva	2012-10-27 14:55:41	activemodel/lib/active_model/errors.rb	True	True	True	True
7155	robotex82	2012-07-25 15:13:18	carlosantoniodasilva	2012-10-27 14:57:06	actionpack/test/controller/flash_hash_test.rb	False	True	True	True
7155	robotex82	2012-07-25 15:13:18	carlosantoniodasilva	2012-10-27 14:57:06	actionpack/lib/action_controller/test_case.rb	False	True	True	True
7155	robotex82	2012-07-25 15:13:18	carlosantoniodasilva	2012-10-27 14:57:06	actionpack/test/dispatch/prefix_generation_test.rb	False	True	True	True
7155	robotex82	2012-07-25 15:13:18	carlosantoniodasilva	2012-10-27 14:57:06	actionpack/lib/action_dispatch/routing/mapper.rb	False	True	True	True
7155	robotex82	2012-07-25 15:13:18	carlosantoniodasilva	2012-10-27 14:57:06	actionpack/CHANGELOG.md	False	True	True	True
7155	robotex82	2012-07-25 15:13:18	carlosantoniodasilva	2012-10-27 14:57:06	actionpack/lib/action_dispatch/middleware/flash.rb	False	True	True	True
7155	robotex82	2012-07-25 15:13:18	carlosantoniodasilva	2012-10-27 14:57:06	activerecord/test/cases/nested_attributes_test.rb	False	True	True	True
7155	robotex82	2012-07-25 15:13:18	carlosantoniodasilva	2012-10-27 14:57:06	activerecord/lib/active_record/base.rb	False	True	True	True
7155	robotex82	2012-07-25 15:13:18	carlosantoniodasilva	2012-10-27 14:55:41	actionpack/CHANGELOG.md	False	True	True	True
7155	robotex82	2012-07-25 15:13:18	carlosantoniodasilva	2012-10-27 14:55:41	actionpack/lib/action_dispatch/routing/mapper.rb	False	True	True	True
7155	robotex82	2012-07-25 15:13:18	carlosantoniodasilva	2012-10-27 14:55:41	actionpack/test/dispatch/prefix_generation_test.rb	False	True	True	True
7155	robotex82	2012-07-25 15:13:18	carlosantoniodasilva	2012-10-27 14:55:35	railties/lib/rails/generators/rails/plugin_new/plugin_new_generator.rb	False	True	True	True
7155	robotex82	2012-07-25 15:13:18	carlosantoniodasilva	2012-10-27 14:55:35	actionpack/test/controller/flash_hash_test.rb	False	True	True	True
7155	robotex82	2012-07-25 15:13:18	carlosantoniodasilva	2012-10-27 14:55:35	actionpack/lib/action_controller/test_case.rb	False	True	True	True
7155	robotex82	2012-07-25 15:13:18	carlosantoniodasilva	2012-10-27 14:55:35	actionpack/test/dispatch/prefix_generation_test.rb	False	True	True	True
7155	robotex82	2012-07-25 15:13:18	carlosantoniodasilva	2012-10-27 14:55:35	actionpack/lib/action_dispatch/routing/mapper.rb	False	True	True	True
7155	robotex82	2012-07-25 15:13:18	carlosantoniodasilva	2012-10-27 14:55:35	actionpack/CHANGELOG.md	False	True	True	True
7155	robotex82	2012-07-25 15:13:18	carlosantoniodasilva	2012-10-27 14:55:35	actionpack/lib/action_dispatch/middleware/flash.rb	False	True	True	True
7155	robotex82	2012-07-25 15:13:18	carlosantoniodasilva	2012-10-27 14:55:35	activerecord/test/cases/nested_attributes_test.rb	False	True	True	True
7155	robotex82	2012-07-25 15:13:18	carlosantoniodasilva	2012-10-27 14:55:35	activerecord/lib/active_record/base.rb	False	True	True	True
7155	robotex82	2012-07-25 15:13:18	carlosantoniodasilva	2012-10-27 14:55:35	railties/test/generators/plugin_new_generator_test.rb	False	True	True	True
7155	robotex82	2012-07-25 15:13:18	carlosantoniodasilva	2012-10-27 14:55:35	railties/lib/rails/generators/rails/plugin_new/templates/Rakefile	False	True	True	True
7155	robotex82	2012-07-25 15:13:18	carlosantoniodasilva	2012-10-27 14:55:35	railties/CHANGELOG.md	False	True	True	True
7155	robotex82	2012-07-25 15:13:18	carlosantoniodasilva	2012-10-27 14:55:41	actionpack/lib/action_controller/test_case.rb	False	True	True	True
7155	robotex82	2012-07-25 15:13:18	carlosantoniodasilva	2012-10-27 14:55:35	activerecord/lib/active_record/relation/finder_methods.rb	False	True	True	True
7155	robotex82	2012-07-25 15:13:18	carlosantoniodasilva	2012-10-27 14:55:35	activemodel/CHANGELOG.md	False	True	True	True
7155	robotex82	2012-07-25 15:13:18	carlosantoniodasilva	2012-10-27 14:55:35	activemodel/test/cases/validations/absence_validation_test.rb	False	True	True	True
7155	robotex82	2012-07-25 15:13:18	carlosantoniodasilva	2012-10-27 14:55:35	activemodel/lib/active_model/validations/absence.rb	False	True	True	True
7155	robotex82	2012-07-25 15:13:18	carlosantoniodasilva	2012-10-27 14:55:35	activemodel/lib/active_model/errors.rb	False	True	True	True
7155	robotex82	2012-07-25 15:13:18	carlosantoniodasilva	2012-10-27 14:55:35	activemodel/test/cases/validations/absence_validation_test.rb	True	True	True	True
7155	robotex82	2012-07-25 15:13:18	carlosantoniodasilva	2012-10-27 14:55:35	activemodel/lib/active_model/validations/absence.rb	True	True	True	True
7155	robotex82	2012-07-25 15:13:18	carlosantoniodasilva	2012-10-27 14:55:35	activemodel/lib/active_model/locale/en.yml	True	True	True	True
7155	robotex82	2012-07-25 15:13:18	carlosantoniodasilva	2012-10-27 14:55:35	activemodel/lib/active_model/errors.rb	True	True	True	True
7155	robotex82	2012-07-25 15:13:18	carlosantoniodasilva	2012-10-27 14:55:41	actionpack/test/controller/flash_hash_test.rb	False	True	True	True
7155	robotex82	2012-07-25 15:13:18	carlosantoniodasilva	2012-10-27 14:57:06	railties/test/generators/plugin_new_generator_test.rb	False	True	True	True
7155	robotex82	2012-07-25 15:13:18	carlosantoniodasilva	2012-10-27 14:55:41	activerecord/test/cases/nested_attributes_test.rb	False	True	True	True
7155	robotex82	2012-07-25 15:13:18	carlosantoniodasilva	2012-10-27 14:57:06	railties/lib/rails/generators/rails/plugin_new/plugin_new_generator.rb	False	True	True	True
7155	robotex82	2012-07-25 15:13:18	carlosantoniodasilva	2012-10-27 14:56:08	activemodel/test/cases/validations/absence_validation_test.rb	False	True	True	True
7155	robotex82	2012-07-25 15:13:18	carlosantoniodasilva	2012-10-27 14:56:08	activemodel/lib/active_model/errors.rb	False	True	True	True
7155	robotex82	2012-07-25 15:13:18	carlosantoniodasilva	2012-10-27 14:56:08	activemodel/test/cases/validations/absence_validation_test.rb	True	True	True	True
7155	robotex82	2012-07-25 15:13:18	carlosantoniodasilva	2012-10-27 14:56:08	activemodel/lib/active_model/validations/absence.rb	True	True	True	True
7155	robotex82	2012-07-25 15:13:18	carlosantoniodasilva	2012-10-27 14:56:08	activemodel/lib/active_model/errors.rb	True	True	True	True
7155	robotex82	2012-07-25 15:13:18	carlosantoniodasilva	2012-10-27 14:55:45	actionpack/test/controller/flash_hash_test.rb	False	True	True	True
7155	robotex82	2012-07-25 15:13:18	carlosantoniodasilva	2012-10-27 14:55:45	actionpack/lib/action_controller/test_case.rb	False	True	True	True
7155	robotex82	2012-07-25 15:13:18	carlosantoniodasilva	2012-10-27 14:55:45	actionpack/test/dispatch/prefix_generation_test.rb	False	True	True	True
7155	robotex82	2012-07-25 15:13:18	carlosantoniodasilva	2012-10-27 14:55:45	actionpack/lib/action_dispatch/routing/mapper.rb	False	True	True	True
7155	robotex82	2012-07-25 15:13:18	carlosantoniodasilva	2012-10-27 14:55:45	actionpack/CHANGELOG.md	False	True	True	True
7155	robotex82	2012-07-25 15:13:18	carlosantoniodasilva	2012-10-27 14:55:45	actionpack/lib/action_dispatch/middleware/flash.rb	False	True	True	True
7155	robotex82	2012-07-25 15:13:18	carlosantoniodasilva	2012-10-27 14:55:45	activerecord/test/cases/nested_attributes_test.rb	False	True	True	True
7155	robotex82	2012-07-25 15:13:18	carlosantoniodasilva	2012-10-27 14:55:45	activerecord/lib/active_record/base.rb	False	True	True	True
7155	robotex82	2012-07-25 15:13:18	carlosantoniodasilva	2012-10-27 14:55:45	railties/test/generators/plugin_new_generator_test.rb	False	True	True	True
7155	robotex82	2012-07-25 15:13:18	carlosantoniodasilva	2012-10-27 14:55:45	railties/lib/rails/generators/rails/plugin_new/templates/Rakefile	False	True	True	True
7155	robotex82	2012-07-25 15:13:18	carlosantoniodasilva	2012-10-27 14:55:45	railties/lib/rails/generators/rails/plugin_new/plugin_new_generator.rb	False	True	True	True
7155	robotex82	2012-07-25 15:13:18	carlosantoniodasilva	2012-10-27 14:55:45	railties/CHANGELOG.md	False	True	True	True
7155	robotex82	2012-07-25 15:13:18	carlosantoniodasilva	2012-10-27 14:55:45	activerecord/lib/active_record/relation/finder_methods.rb	False	True	True	True
7155	robotex82	2012-07-25 15:13:18	carlosantoniodasilva	2012-10-27 14:55:45	activemodel/CHANGELOG.md	False	True	True	True
7155	robotex82	2012-07-25 15:13:18	carlosantoniodasilva	2012-10-27 14:55:45	activemodel/test/cases/validations/absence_validation_test.rb	False	True	True	True
7155	robotex82	2012-07-25 15:13:18	carlosantoniodasilva	2012-10-27 14:55:45	activemodel/lib/active_model/validations/absence.rb	False	True	True	True
7155	robotex82	2012-07-25 15:13:18	carlosantoniodasilva	2012-10-27 14:55:45	activemodel/lib/active_model/errors.rb	False	True	True	True
7155	robotex82	2012-07-25 15:13:18	carlosantoniodasilva	2012-10-27 14:55:45	activemodel/test/cases/validations/absence_validation_test.rb	True	True	True	True
7155	robotex82	2012-07-25 15:13:18	carlosantoniodasilva	2012-10-27 14:57:06	railties/CHANGELOG.md	False	True	True	True
7155	robotex82	2012-07-25 15:13:18	carlosantoniodasilva	2012-10-27 14:56:08	activemodel/lib/active_model/validations/absence.rb	False	True	True	True
7155	robotex82	2012-07-25 15:13:18	carlosantoniodasilva	2012-10-27 14:55:45	activemodel/lib/active_model/validations/absence.rb	True	True	True	True
7155	robotex82	2012-07-25 15:13:18	carlosantoniodasilva	2012-10-27 14:56:08	activemodel/CHANGELOG.md	False	True	True	True
7155	robotex82	2012-07-25 15:13:18	carlosantoniodasilva	2012-10-27 14:56:08	actionpack/lib/action_controller/test_case.rb	False	True	True	True
7155	robotex82	2012-07-25 15:13:18	carlosantoniodasilva	2012-10-27 14:56:08	activerecord/lib/active_record/relation/finder_methods.rb	False	True	True	True
7155	robotex82	2012-07-25 15:13:18	carlosantoniodasilva	2012-10-27 14:57:06	activerecord/lib/active_record/relation/finder_methods.rb	False	True	True	True
7155	robotex82	2012-07-25 15:13:18	carlosantoniodasilva	2012-10-27 14:57:06	activemodel/CHANGELOG.md	False	True	True	True
7155	robotex82	2012-07-25 15:13:18	carlosantoniodasilva	2012-10-27 14:57:06	activemodel/test/cases/validations/absence_validation_test.rb	False	True	True	True
7155	robotex82	2012-07-25 15:13:18	carlosantoniodasilva	2012-10-27 14:57:06	activemodel/lib/active_model/validations/absence.rb	False	True	True	True
7155	robotex82	2012-07-25 15:13:18	carlosantoniodasilva	2012-10-27 14:57:06	activemodel/lib/active_model/errors.rb	False	True	True	True
7155	robotex82	2012-07-25 15:13:18	carlosantoniodasilva	2012-10-27 14:57:06	activemodel/test/cases/validations/absence_validation_test.rb	True	True	True	True
7155	robotex82	2012-07-25 15:13:18	carlosantoniodasilva	2012-10-27 14:57:06	activemodel/lib/active_model/validations/absence.rb	True	True	True	True
7155	robotex82	2012-07-25 15:13:18	carlosantoniodasilva	2012-10-27 14:57:06	activemodel/lib/active_model/locale/en.yml	True	True	True	True
7155	robotex82	2012-07-25 15:13:18	carlosantoniodasilva	2012-10-27 14:57:06	activemodel/lib/active_model/errors.rb	True	True	True	True
7155	robotex82	2012-07-25 15:13:18	carlosantoniodasilva	2012-10-27 14:56:08	actionpack/test/controller/flash_hash_test.rb	False	True	True	True
7155	robotex82	2012-07-25 15:13:18	carlosantoniodasilva	2012-10-27 14:55:45	activemodel/lib/active_model/locale/en.yml	True	True	True	True
7155	robotex82	2012-07-25 15:13:18	carlosantoniodasilva	2012-10-27 14:56:08	actionpack/test/dispatch/prefix_generation_test.rb	False	True	True	True
7155	robotex82	2012-07-25 15:13:18	carlosantoniodasilva	2012-10-27 14:56:08	railties/test/generators/plugin_new_generator_test.rb	False	True	True	True
7155	robotex82	2012-07-25 15:13:18	carlosantoniodasilva	2012-10-27 14:56:08	railties/CHANGELOG.md	False	True	True	True
7155	robotex82	2012-07-25 15:13:18	carlosantoniodasilva	2012-10-27 14:56:08	railties/lib/rails/generators/rails/plugin_new/plugin_new_generator.rb	False	True	True	True
7155	robotex82	2012-07-25 15:13:18	carlosantoniodasilva	2012-10-27 14:56:08	railties/lib/rails/generators/rails/plugin_new/templates/Rakefile	False	True	True	True
7155	robotex82	2012-07-25 15:13:18	carlosantoniodasilva	2012-10-27 14:56:08	actionpack/lib/action_dispatch/routing/mapper.rb	False	True	True	True
7155	robotex82	2012-07-25 15:13:18	carlosantoniodasilva	2012-10-27 14:56:08	activerecord/lib/active_record/base.rb	False	True	True	True
7155	robotex82	2012-07-25 15:13:18	carlosantoniodasilva	2012-10-27 14:56:08	activerecord/test/cases/nested_attributes_test.rb	False	True	True	True
7155	robotex82	2012-07-25 15:13:18	carlosantoniodasilva	2012-10-27 14:56:08	actionpack/lib/action_dispatch/middleware/flash.rb	False	True	True	True
7155	robotex82	2012-07-25 15:13:18	carlosantoniodasilva	2012-10-27 14:56:08	actionpack/CHANGELOG.md	False	True	True	True
7147	mraaroncruz	2012-07-24 17:54:09	josevalim	2012-07-24 17:57:44	railties/lib/rails/generators/rails/scaffold_controller/USAGE	True	False	True	True
7147	mraaroncruz	2012-07-24 17:54:09	carlosantoniodasilva	2012-07-25 02:08:19	railties/lib/rails/generators/rails/scaffold_controller/USAGE	True	False	True	True
7145	maxprokopiev	2012-07-24 15:42:17	dmathieu	2012-07-24 16:17:59	activesupport/test/json/encoding_test.rb	True	True	True	True
7145	maxprokopiev	2012-07-24 15:42:17	dmathieu	2012-07-24 16:17:59	activesupport/lib/active_support/json/encoding.rb	True	True	True	True
7145	maxprokopiev	2012-07-24 15:42:17	carlosantoniodasilva	2012-07-25 02:30:16	activesupport/test/json/encoding_test.rb	True	True	True	True
7145	maxprokopiev	2012-07-24 15:42:17	carlosantoniodasilva	2012-07-25 02:30:16	activesupport/lib/active_support/json/encoding.rb	True	True	True	True
7145	maxprokopiev	2012-07-24 15:42:17	rafaelfranca	2012-07-24 17:24:46	activesupport/test/json/encoding_test.rb	True	True	True	True
7145	maxprokopiev	2012-07-24 15:42:17	rafaelfranca	2012-07-24 17:24:46	activesupport/lib/active_support/json/encoding.rb	True	True	True	True
7145	maxprokopiev	2012-07-24 15:42:17	carlosantoniodasilva	2012-07-25 02:26:26	activesupport/test/json/encoding_test.rb	True	True	True	True
7145	maxprokopiev	2012-07-24 15:42:17	carlosantoniodasilva	2012-07-25 02:26:26	activesupport/lib/active_support/json/encoding.rb	True	True	True	True
7123	nashby	2012-07-21 10:40:59	carlosantoniodasilva	2012-07-21 12:06:30	actionpack/test/template/form_options_helper_test.rb	True	False	True	True
7123	nashby	2012-07-21 10:40:59	carlosantoniodasilva	2012-07-21 12:06:30	actionpack/lib/action_view/helpers/form_options_helper.rb	True	False	True	True
7106	LTe	2012-07-19 12:23:17	carlosantoniodasilva	2012-07-19 12:37:58	activesupport/lib/active_support/tagged_logging.rb	True	True	True	True
7106	LTe	2012-07-19 12:23:17	carlosantoniodasilva	2012-07-19 12:38:55	activesupport/lib/active_support/tagged_logging.rb	True	True	True	True
7099	f1sherman	2012-07-19 00:52:54	rafaelfranca	2012-07-19 13:14:18	actionpack/test/controller/filters_test.rb	True	True	True	True
7099	f1sherman	2012-07-19 00:52:54	rafaelfranca	2012-07-19 13:14:18	actionpack/lib/action_controller/caching/sweeping.rb	True	True	True	True
7099	f1sherman	2012-07-19 00:52:54	rafaelfranca	2012-07-19 13:14:56	actionpack/test/controller/filters_test.rb	True	True	True	True
7099	f1sherman	2012-07-19 00:52:54	rafaelfranca	2012-07-19 13:14:56	actionpack/lib/action_controller/caching/sweeping.rb	True	True	True	True
7088	mdominiak	2012-07-18 10:53:48	rafaelfranca	2012-07-18 13:12:28	activerecord/lib/active_record/connection_adapters/sqlite3_adapter.rb	True	True	True	True
7088	mdominiak	2012-07-18 10:53:48	rafaelfranca	2012-07-18 13:12:28	activerecord/test/cases/adapters/sqlite3/sqlite3_adapter_test.rb	True	True	True	True
7082	jalkoby	2012-07-18 00:29:39	josevalim	2012-07-18 07:06:42	actionpack/lib/abstract_controller/translation.rb	False	True	True	True
7082	jalkoby	2012-07-18 00:29:39	josevalim	2012-07-18 07:06:42	actionpack/test/abstract/translation_test.rb	False	True	True	True
7075	plribeiro3000	2012-07-17 15:49:25	josevalim	2012-07-17 17:47:53	activemodel/test/cases/errors_test.rb	True	True	True	True
7075	plribeiro3000	2012-07-17 15:49:25	josevalim	2012-07-17 17:47:53	activemodel/lib/active_model/errors.rb	True	True	True	True
7075	plribeiro3000	2012-07-17 15:49:25	josevalim	2012-07-17 17:47:53	activemodel/test/cases/errors_test.rb	False	True	True	True
7075	plribeiro3000	2012-07-17 15:49:25	josevalim	2012-07-17 17:47:53	activemodel/lib/active_model/errors.rb	False	True	True	True
7072	beerlington	2012-07-17 00:45:51	jonleighton	2012-07-17 07:55:06	activerecord/test/cases/validations/uniqueness_validation_test.rb	False	False	True	True
7072	beerlington	2012-07-17 00:45:51	jonleighton	2012-07-17 07:55:06	activerecord/lib/active_record/validations/uniqueness.rb	False	False	True	True
7069	isaacsanders	2012-07-16 12:08:50	pixeltrix	2012-07-16 12:47:47	activerecord/lib/active_record/relation/query_methods.rb	True	True	True	True
7069	isaacsanders	2012-07-16 12:08:50	frodsan	2012-08-07 19:54:02	activerecord/lib/active_record/relation/query_methods.rb	True	True	True	True
7069	isaacsanders	2012-07-16 12:08:50	pixeltrix	2012-07-16 12:47:47	activerecord/test/cases/relations_test.rb	True	True	True	True
7069	isaacsanders	2012-07-16 12:08:50	tenderlove	2012-08-07 17:13:05	activerecord/lib/active_record/relation/query_methods.rb	True	True	True	True
7069	isaacsanders	2012-07-16 12:08:50	frodsan	2012-08-07 19:54:02	activerecord/test/cases/relations_test.rb	True	True	True	True
7069	isaacsanders	2012-07-16 12:08:50	tenderlove	2012-08-07 17:13:05	activerecord/test/cases/relations_test.rb	True	True	True	True
7068	saizai	2012-07-16 12:05:12	pixeltrix	2012-07-16 13:13:05	actionpack/lib/action_dispatch/middleware/ssl.rb	False	True	True	True
7068	saizai	2012-07-16 12:05:12	pixeltrix	2012-07-16 13:13:05	actionpack/test/dispatch/ssl_test.rb	False	True	True	True
7068	saizai	2012-07-16 12:05:12	pixeltrix	2012-07-16 13:13:05	actionpack/lib/action_dispatch/middleware/ssl.rb	True	True	True	True
7067	ahawkins	2012-07-16 08:49:36	carlosantoniodasilva	2012-07-16 12:57:01	actionpack/lib/action_view/helpers/cache_helper.rb	False	True	True	True
7067	ahawkins	2012-07-16 08:49:36	carlosantoniodasilva	2012-07-16 12:57:01	actionpack/CHANGELOG.md	True	True	True	True
7067	ahawkins	2012-07-16 08:49:36	carlosantoniodasilva	2012-07-16 12:57:01	actionpack/lib/action_view/helpers/cache_helper.rb	True	True	True	True
7067	ahawkins	2012-07-16 08:49:36	pixeltrix	2012-07-16 09:38:04	actionpack/lib/action_view/helpers/cache_helper.rb	False	True	True	True
7067	ahawkins	2012-07-16 08:49:36	pixeltrix	2012-07-16 09:38:04	actionpack/CHANGELOG.md	True	True	True	True
7067	ahawkins	2012-07-16 08:49:36	pixeltrix	2012-07-16 09:38:04	actionpack/lib/action_view/helpers/cache_helper.rb	True	True	True	True
7058	frodsan	2012-07-14 20:34:48	carlosantoniodasilva	2012-07-14 21:32:47	actionmailer/test/base_test.rb	False	True	True	True
7058	frodsan	2012-07-14 20:34:48	carlosantoniodasilva	2012-07-14 21:32:47	activemodel/test/cases/mass_assignment_security_test.rb	False	True	True	True
7058	frodsan	2012-07-14 20:34:48	carlosantoniodasilva	2012-07-14 21:32:47	activesupport/test/autoloading_fixtures/class_folder/class_folder_subclass.rb	False	True	True	True
7058	frodsan	2012-07-14 20:34:48	carlosantoniodasilva	2012-07-14 21:32:47	activesupport/test/core_ext/module/qualified_const_test.rb	False	True	True	True
7058	frodsan	2012-07-14 20:34:48	carlosantoniodasilva	2012-07-14 21:32:47	activesupport/test/dependencies_test.rb	False	True	True	True
7058	frodsan	2012-07-14 20:34:48	carlosantoniodasilva	2012-07-14 21:32:47	activesupport/test/inflector_test.rb	False	True	True	True
7058	frodsan	2012-07-14 20:34:48	rafaelfranca	2012-08-01 01:45:12	activemodel/test/cases/mass_assignment_security_test.rb	False	True	True	True
7058	frodsan	2012-07-14 20:34:48	rafaelfranca	2012-08-01 01:45:12	actionmailer/test/base_test.rb	False	True	True	True
7058	frodsan	2012-07-14 20:34:48	rafaelfranca	2012-08-01 01:45:12	activesupport/test/core_ext/module/qualified_const_test.rb	False	True	True	True
7058	frodsan	2012-07-14 20:34:48	rafaelfranca	2012-08-01 01:45:12	activesupport/test/dependencies_test.rb	False	True	True	True
7058	frodsan	2012-07-14 20:34:48	rafaelfranca	2012-08-01 01:45:12	activesupport/test/inflector_test.rb	False	True	True	True
7058	frodsan	2012-07-14 20:34:48	rafaelfranca	2012-08-01 01:45:12	activesupport/test/autoloading_fixtures/class_folder/class_folder_subclass.rb	False	True	True	True
7054	shime	2012-07-14 14:01:21	rafaelfranca	2012-08-01 02:42:12	activerecord/lib/active_record/associations/builder/association.rb	True	True	True	True
7054	shime	2012-07-14 14:01:21	carlosantoniodasilva	2012-07-14 14:33:18	activerecord/lib/active_record/associations/builder/association.rb	True	True	True	True
7054	shime	2012-07-14 14:01:21	carlosantoniodasilva	2012-07-14 14:33:18	activerecord/lib/active_record/associations/builder/belongs_to.rb	True	True	True	True
7054	shime	2012-07-14 14:01:21	carlosantoniodasilva	2012-07-14 14:33:18	activerecord/lib/active_record/associations/builder/has_one.rb	True	True	True	True
7054	shime	2012-07-14 14:01:21	carlosantoniodasilva	2012-07-14 14:30:39	activerecord/lib/active_record/associations/builder/association.rb	True	True	True	True
7054	shime	2012-07-14 14:01:21	carlosantoniodasilva	2012-07-14 14:30:39	activerecord/lib/active_record/associations/builder/belongs_to.rb	True	True	True	True
7054	shime	2012-07-14 14:01:21	carlosantoniodasilva	2012-07-14 14:30:39	activerecord/lib/active_record/associations/builder/has_many.rb	True	True	True	True
7054	shime	2012-07-14 14:01:21	carlosantoniodasilva	2012-07-14 14:30:39	activerecord/lib/active_record/associations/builder/has_one.rb	True	True	True	True
7054	shime	2012-07-14 14:01:21	carlosantoniodasilva	2012-07-14 14:33:18	activerecord/lib/active_record/associations/builder/has_many.rb	True	True	True	True
7054	shime	2012-07-14 14:01:21	rafaelfranca	2012-08-01 02:42:12	activerecord/lib/active_record/associations/builder/belongs_to.rb	True	True	True	True
7054	shime	2012-07-14 14:01:21	rafaelfranca	2012-08-01 02:42:12	activerecord/lib/active_record/associations/builder/has_one.rb	True	True	True	True
7054	shime	2012-07-14 14:01:21	carlosantoniodasilva	2012-07-14 14:34:20	activerecord/lib/active_record/associations/builder/association.rb	True	True	True	True
7054	shime	2012-07-14 14:01:21	carlosantoniodasilva	2012-07-14 14:34:20	activerecord/lib/active_record/associations/builder/belongs_to.rb	True	True	True	True
7054	shime	2012-07-14 14:01:21	carlosantoniodasilva	2012-07-14 14:34:20	activerecord/lib/active_record/associations/builder/has_many.rb	True	True	True	True
7054	shime	2012-07-14 14:01:21	carlosantoniodasilva	2012-07-14 14:34:20	activerecord/lib/active_record/associations/builder/has_one.rb	True	True	True	True
7054	shime	2012-07-14 14:01:21	rafaelfranca	2012-08-01 02:42:12	activerecord/lib/active_record/associations/builder/has_many.rb	True	True	True	True
7028	lexmag	2012-07-10 21:39:14	rafaelfranca	2012-07-10 21:45:52	activerecord/lib/rails/generators/active_record/migration/migration_generator.rb	True	True	True	True
7028	lexmag	2012-07-10 21:39:14	davejachimiak	2012-07-15 19:24:55	activerecord/lib/active_record/connection_adapters/abstract/schema_statements.rb	True	True	True	True
7028	lexmag	2012-07-10 21:39:14	rafaelfranca	2012-07-10 21:46:42	activerecord/lib/active_record/migration/join_table.rb	True	True	True	True
7028	lexmag	2012-07-10 21:39:14	rafaelfranca	2012-07-10 21:46:42	activerecord/lib/active_record/connection_adapters/abstract/schema_statements.rb	True	True	True	True
7028	lexmag	2012-07-10 21:39:14	rafaelfranca	2012-07-10 21:45:52	railties/test/generators/migration_generator_test.rb	True	True	True	True
7028	lexmag	2012-07-10 21:39:14	rafaelfranca	2012-07-10 21:45:52	railties/lib/rails/generators/generated_attribute.rb	True	True	True	True
7028	lexmag	2012-07-10 21:39:14	rafaelfranca	2012-07-10 21:45:52	activerecord/test/cases/migration/create_join_table_test.rb	True	True	True	True
7028	lexmag	2012-07-10 21:39:14	rafaelfranca	2012-07-10 21:45:52	activerecord/lib/rails/generators/active_record/migration/templates/migration.rb	True	True	True	True
7028	lexmag	2012-07-10 21:39:14	davejachimiak	2012-07-15 19:24:55	railties/lib/rails/generators/generated_attribute.rb	True	True	True	True
7028	lexmag	2012-07-10 21:39:14	rafaelfranca	2012-07-10 21:45:52	activerecord/lib/active_record/migration/join_table.rb	True	True	True	True
7028	lexmag	2012-07-10 21:39:14	rafaelfranca	2012-07-10 21:45:52	activerecord/lib/active_record/connection_adapters/abstract/schema_statements.rb	True	True	True	True
7028	lexmag	2012-07-10 21:39:14	davejachimiak	2012-07-15 19:24:55	railties/test/generators/migration_generator_test.rb	True	True	True	True
7028	lexmag	2012-07-10 21:39:14	davejachimiak	2012-07-15 19:24:55	activerecord/test/cases/migration/create_join_table_test.rb	True	True	True	True
7028	lexmag	2012-07-10 21:39:14	davejachimiak	2012-07-15 19:24:55	activerecord/lib/rails/generators/active_record/migration/templates/migration.rb	True	True	True	True
7028	lexmag	2012-07-10 21:39:14	davejachimiak	2012-07-15 19:24:55	activerecord/lib/rails/generators/active_record/migration/migration_generator.rb	True	True	True	True
7028	lexmag	2012-07-10 21:39:14	davejachimiak	2012-07-15 19:24:55	activerecord/lib/active_record/migration/join_table.rb	True	True	True	True
7028	lexmag	2012-07-10 21:39:14	rafaelfranca	2012-07-10 21:46:42	activerecord/lib/rails/generators/active_record/migration/templates/migration.rb	True	True	True	True
7028	lexmag	2012-07-10 21:39:14	rafaelfranca	2012-07-10 21:46:42	activerecord/lib/rails/generators/active_record/migration/migration_generator.rb	True	True	True	True
7028	lexmag	2012-07-10 21:39:14	rafaelfranca	2012-07-10 21:46:42	railties/lib/rails/generators/generated_attribute.rb	True	True	True	True
7028	lexmag	2012-07-10 21:39:14	rafaelfranca	2012-07-10 21:46:42	activerecord/test/cases/migration/create_join_table_test.rb	True	True	True	True
7028	lexmag	2012-07-10 21:39:14	josevalim	2012-07-17 18:14:09	activerecord/lib/active_record/migration/join_table.rb	True	True	True	True
7028	lexmag	2012-07-10 21:39:14	rafaelfranca	2012-07-10 21:46:42	railties/test/generators/migration_generator_test.rb	True	True	True	True
7028	lexmag	2012-07-10 21:39:14	josevalim	2012-07-17 18:14:09	railties/test/generators/migration_generator_test.rb	True	True	True	True
7028	lexmag	2012-07-10 21:39:14	josevalim	2012-07-17 18:14:09	railties/lib/rails/generators/generated_attribute.rb	True	True	True	True
7028	lexmag	2012-07-10 21:39:14	josevalim	2012-07-17 18:14:09	activerecord/test/cases/migration/create_join_table_test.rb	True	True	True	True
7028	lexmag	2012-07-10 21:39:14	josevalim	2012-07-17 18:14:09	activerecord/lib/rails/generators/active_record/migration/templates/migration.rb	True	True	True	True
7028	lexmag	2012-07-10 21:39:14	josevalim	2012-07-17 18:14:09	activerecord/lib/rails/generators/active_record/migration/migration_generator.rb	True	True	True	True
7028	lexmag	2012-07-10 21:39:14	josevalim	2012-07-17 18:14:09	activerecord/lib/active_record/connection_adapters/abstract/schema_statements.rb	True	True	True	True
7028	lexmag	2012-07-10 21:39:14	davejachimiak	2012-07-16 13:25:36	railties/test/generators/migration_generator_test.rb	True	True	True	True
7028	lexmag	2012-07-10 21:39:14	davejachimiak	2012-07-16 13:25:36	railties/lib/rails/generators/generated_attribute.rb	True	True	True	True
7028	lexmag	2012-07-10 21:39:14	davejachimiak	2012-07-16 13:25:36	activerecord/test/cases/migration/create_join_table_test.rb	True	True	True	True
7028	lexmag	2012-07-10 21:39:14	davejachimiak	2012-07-16 13:25:36	activerecord/lib/rails/generators/active_record/migration/templates/migration.rb	True	True	True	True
7028	lexmag	2012-07-10 21:39:14	davejachimiak	2012-07-16 13:25:36	activerecord/lib/rails/generators/active_record/migration/migration_generator.rb	True	True	True	True
7028	lexmag	2012-07-10 21:39:14	davejachimiak	2012-07-16 13:25:36	activerecord/lib/active_record/migration/join_table.rb	True	True	True	True
7028	lexmag	2012-07-10 21:39:14	davejachimiak	2012-07-16 13:25:36	activerecord/lib/active_record/connection_adapters/abstract/schema_statements.rb	True	True	True	True
7024	bogdan	2012-07-10 11:49:47	troessner	2012-07-10 13:51:06	activemodel/lib/active_model/validations/validates.rb	False	True	True	True
7024	bogdan	2012-07-10 11:49:47	troessner	2012-07-10 13:51:06	activemodel/CHANGELOG.md	False	True	True	True
7024	bogdan	2012-07-10 11:49:47	troessner	2012-07-10 13:51:06	activemodel/lib/active_model/errors.rb	False	True	True	True
7024	bogdan	2012-07-10 11:49:47	troessner	2012-07-10 13:51:06	guides/source/active_record_validations_callbacks.textile	False	True	True	True
7024	bogdan	2012-07-10 11:49:47	troessner	2012-07-10 13:51:06	activemodel/test/cases/validations_test.rb	False	True	True	True
7008	seanbehan	2012-07-09 03:30:01	carlosantoniodasilva	2012-07-10 12:13:06	activesupport/lib/active_support/core_ext/hash/clean.rb	False	True	True	True
7008	seanbehan	2012-07-09 03:30:01	carlosantoniodasilva	2012-07-10 12:13:06	activesupport/lib/active_support/core_ext/hash.rb	False	True	True	True
7008	seanbehan	2012-07-09 03:30:01	carlosantoniodasilva	2012-07-10 12:13:06	activesupport/lib/active_support/core_ext/array/clean.rb	False	True	True	True
7008	seanbehan	2012-07-09 03:30:01	carlosantoniodasilva	2012-07-10 12:13:06	activesupport/lib/active_support/core_ext/array.rb	False	True	True	True
7008	seanbehan	2012-07-09 03:30:01	carlosantoniodasilva	2012-07-10 12:13:06	activesupport/test/core_ext/clean_test.rb	False	True	True	True
7008	seanbehan	2012-07-09 03:30:01	carlosantoniodasilva	2012-07-10 12:13:06	activesupport/lib/active_support/core_ext/enumerable.rb	False	True	True	True
7008	seanbehan	2012-07-09 03:30:01	carlosantoniodasilva	2012-07-10 12:13:06	activesupport/test/core_ext/clean_test.rb	True	True	True	True
7008	seanbehan	2012-07-09 03:30:01	carlosantoniodasilva	2012-07-10 12:13:06	activesupport/lib/active_support/core_ext/hash/clean.rb	True	True	True	True
7008	seanbehan	2012-07-09 03:30:01	carlosantoniodasilva	2012-07-10 12:13:06	activesupport/lib/active_support/core_ext/hash.rb	True	True	True	True
7008	seanbehan	2012-07-09 03:30:01	carlosantoniodasilva	2012-07-10 12:13:06	activesupport/lib/active_support/core_ext/array/clean.rb	True	True	True	True
7008	seanbehan	2012-07-09 03:30:01	carlosantoniodasilva	2012-07-10 12:13:06	activesupport/lib/active_support/core_ext/array.rb	True	True	True	True
7007	mikdiet	2012-07-08 22:10:36	bradleypriest	2012-09-21 08:48:02	activesupport/CHANGELOG.md	False	True	True	True
7007	mikdiet	2012-07-08 22:10:36	bradleypriest	2012-09-21 08:48:02	activesupport/test/core_ext/hash_ext_test.rb	False	True	True	True
7007	mikdiet	2012-07-08 22:10:36	bradleypriest	2012-09-21 08:48:02	guides/source/active_support_core_extensions.md	False	True	True	True
7007	mikdiet	2012-07-08 22:10:36	bradleypriest	2012-09-21 08:48:02	activesupport/CHANGELOG.md	True	True	True	True
7007	mikdiet	2012-07-08 22:10:36	bradleypriest	2012-09-21 08:48:02	activesupport/lib/active_support/core_ext/hash/slice.rb	True	True	True	True
7007	mikdiet	2012-07-08 22:10:36	bradleypriest	2012-09-21 08:48:02	activesupport/test/core_ext/hash_ext_test.rb	True	True	True	True
7003	philippfranke	2012-07-08 13:20:08	carlosantoniodasilva	2012-07-08 14:19:59	guides/source/debugging_rails_applications.textile	True	True	True	True
7000	kennyj	2012-07-07 15:03:22	carlosantoniodasilva	2012-07-07 16:58:52	activerecord/test/cases/base_test.rb	True	True	True	True
7000	kennyj	2012-07-07 15:03:22	carlosantoniodasilva	2012-07-07 16:58:52	activerecord/CHANGELOG.md	True	True	True	True
7000	kennyj	2012-07-07 15:03:22	carlosantoniodasilva	2012-07-07 16:58:52	activerecord/lib/active_record/attribute_methods/serialization.rb	True	True	True	True
7000	kennyj	2012-07-07 15:03:22	carlosantoniodasilva	2012-07-07 16:58:52	activerecord/lib/active_record/store.rb	True	True	True	True
7000	kennyj	2012-07-07 15:03:22	carlosantoniodasilva	2012-07-07 16:58:52	activerecord/lib/active_record/readonly_attributes.rb	True	True	True	True
7000	kennyj	2012-07-07 15:03:22	carlosantoniodasilva	2012-07-07 16:58:52	activerecord/test/cases/serialization_test.rb	True	True	True	True
7000	kennyj	2012-07-07 15:03:22	carlosantoniodasilva	2012-07-07 16:58:52	activerecord/test/cases/store_test.rb	True	True	True	True
7000	kennyj	2012-07-07 15:03:22	carlosantoniodasilva	2012-07-07 16:58:52	guides/source/upgrading_ruby_on_rails.textile	True	True	True	True
6998	robin850	2012-07-07 13:12:50	carlosantoniodasilva	2012-07-07 14:24:49	guides/source/contributing_to_ruby_on_rails.textile	True	True	True	True
6998	robin850	2012-07-07 13:12:50	carlosantoniodasilva	2012-07-07 13:26:31	guides/source/contributing_to_ruby_on_rails.textile	True	True	True	True
6998	robin850	2012-07-07 13:12:50	carlosantoniodasilva	2012-07-07 14:50:55	guides/source/contributing_to_ruby_on_rails.textile	True	True	True	True
6998	robin850	2012-07-07 13:12:50	vijaydev	2012-07-07 21:54:09	guides/source/contributing_to_ruby_on_rails.textile	True	True	True	True
6991	frodsan	2012-07-06 18:20:33	tenderlove	2012-07-06 19:10:32	railties/lib/rails/generators/test_unit/performance/templates/performance_test.rb	False	False	True	True
6991	frodsan	2012-07-06 18:20:33	tenderlove	2012-07-06 19:10:32	railties/lib/rails/generators/rails/app/templates/test/performance/browsing_test.rb	False	False	True	True
6990	mirceapricop	2012-07-06 16:12:44	josevalim	2012-07-06 17:34:19	actionpack/lib/action_dispatch/http/mime_type.rb	True	True	True	True
6990	mirceapricop	2012-07-06 16:12:44	josevalim	2012-07-06 17:34:19	actionpack/lib/abstract_controller/collector.rb	True	True	True	True
6990	mirceapricop	2012-07-06 16:12:44	josevalim	2012-07-06 17:34:19	actionpack/test/controller/mime_responds_test.rb	True	True	True	True
6990	mirceapricop	2012-07-06 16:12:44	josevalim	2012-07-06 17:34:19	actionpack/test/dispatch/mime_type_test.rb	True	True	True	True
6987	dmathieu	2012-07-06 14:54:48	josevalim	2012-07-06 15:37:37	activerecord/test/cases/relations_test.rb	True	True	True	True
6987	dmathieu	2012-07-06 14:54:48	josevalim	2012-07-06 15:37:37	activerecord/lib/active_record/relation.rb	True	True	True	True
6987	dmathieu	2012-07-06 14:54:48	josevalim	2012-07-06 15:37:37	activerecord/CHANGELOG.md	True	True	True	True
6986	kennyj	2012-07-06 14:08:01	rafaelfranca	2012-08-21 00:43:51	activerecord/test/cases/dirty_test.rb	True	True	True	True
6986	kennyj	2012-07-06 14:08:01	rafaelfranca	2012-08-21 00:43:51	activerecord/lib/active_record/attribute_methods/time_zone_conversion.rb	True	True	True	True
6986	kennyj	2012-07-06 14:08:01	rafaelfranca	2012-08-15 22:48:56	activerecord/lib/active_record/attribute_methods/time_zone_conversion.rb	True	True	True	True
6986	kennyj	2012-07-06 14:08:01	rafaelfranca	2012-08-15 22:48:56	activerecord/test/cases/dirty_test.rb	True	True	True	True
6986	kennyj	2012-07-06 14:08:01	tenderlove	2012-08-21 00:39:45	activerecord/lib/active_record/attribute_methods/time_zone_conversion.rb	True	True	True	True
6986	kennyj	2012-07-06 14:08:01	tenderlove	2012-08-21 00:39:45	activerecord/test/cases/dirty_test.rb	True	True	True	True
6986	kennyj	2012-07-06 14:08:01	tenderlove	2012-08-21 00:40:35	activerecord/lib/active_record/attribute_methods/time_zone_conversion.rb	True	True	True	True
6986	kennyj	2012-07-06 14:08:01	tenderlove	2012-08-21 00:40:35	activerecord/test/cases/dirty_test.rb	True	True	True	True
6986	kennyj	2012-07-06 14:08:01	tenderlove	2012-08-21 00:42:18	activerecord/lib/active_record/attribute_methods/time_zone_conversion.rb	True	True	True	True
6986	kennyj	2012-07-06 14:08:01	tenderlove	2012-08-21 00:42:18	activerecord/test/cases/dirty_test.rb	True	True	True	True
6985	sidonath	2012-07-06 13:05:43	rafaelfranca	2012-07-06 13:41:18	activerecord/test/cases/query_cache_test.rb	True	False	True	True
6985	sidonath	2012-07-06 13:05:43	rafaelfranca	2012-07-06 13:41:18	activerecord/lib/active_record/connection_adapters/abstract/query_cache.rb	True	False	True	True
6978	frodsan	2012-07-05 20:14:46	rafaelfranca	2012-10-03 22:58:23	activerecord/CHANGELOG.md	False	True	True	True
6978	frodsan	2012-07-05 20:14:46	rafaelfranca	2012-10-03 22:58:23	activerecord/test/cases/associations/has_and_belongs_to_many_associations_test.rb	False	True	True	True
6978	frodsan	2012-07-05 20:14:46	rafaelfranca	2012-10-03 22:58:23	activerecord/lib/active_record/associations/collection_association.rb	False	True	True	True
6978	frodsan	2012-07-05 20:14:46	rafaelfranca	2012-10-03 22:58:23	activerecord/test/cases/associations/has_many_through_associations_test.rb	False	True	True	True
6978	frodsan	2012-07-05 20:14:46	rafaelfranca	2012-10-03 22:58:23	activerecord/test/cases/associations/has_many_associations_test.rb	False	True	True	True
6956	lexmag	2012-07-04 12:57:09	carlosantoniodasilva	2012-07-07 13:03:29	guides/source/migrations.textile	False	True	True	True
6956	lexmag	2012-07-04 12:57:09	carlosantoniodasilva	2012-07-07 13:03:29	railties/test/generators/migration_generator_test.rb	False	True	True	True
6956	lexmag	2012-07-04 12:57:09	carlosantoniodasilva	2012-07-07 13:03:29	railties/CHANGELOG.md	False	True	True	True
6956	lexmag	2012-07-04 12:57:09	carlosantoniodasilva	2012-07-07 13:03:29	activerecord/lib/rails/generators/active_record/migration/templates/migration.rb	False	True	True	True
6950	paneq	2012-07-03 22:17:05	carlosantoniodasilva	2012-07-03 22:31:50	actionmailer/test/base_test.rb	True	True	True	True
6950	paneq	2012-07-03 22:17:05	carlosantoniodasilva	2012-07-03 22:31:50	actionmailer/CHANGELOG.md	True	True	True	True
6950	paneq	2012-07-03 22:17:05	carlosantoniodasilva	2012-07-03 22:31:50	actionmailer/lib/action_mailer/base.rb	True	True	True	True
6950	paneq	2012-07-03 22:17:05	carlosantoniodasilva	2012-07-03 22:31:50	guides/source/configuring.textile	True	True	True	True
6943	mguterl	2012-07-03 12:43:40	josevalim	2012-07-03 12:46:35	actionpack/test/template/template_test.rb	True	True	True	True
6943	mguterl	2012-07-03 12:43:40	josevalim	2012-07-03 12:46:35	actionpack/lib/action_view/template/handlers/erb.rb	True	True	True	True
6942	timfjord	2012-07-03 12:38:44	dmathieu	2012-07-04 09:36:19	activesupport/test/core_ext/hash_ext_test.rb	True	True	True	True
6942	timfjord	2012-07-03 12:38:44	dmathieu	2012-07-04 09:36:19	activesupport/lib/active_support/core_ext/hash/values.rb	True	True	True	True
6942	timfjord	2012-07-03 12:38:44	dmathieu	2012-07-04 09:36:19	activesupport/lib/active_support/core_ext/hash.rb	True	True	True	True
6942	timfjord	2012-07-03 12:38:44	dmathieu	2012-07-04 09:36:19	activesupport/lib/active_support/core_ext/hash/values.rb	False	True	True	True
6942	timfjord	2012-07-03 12:38:44	dmathieu	2012-07-04 09:36:19	activesupport/lib/active_support/core_ext/hash/keys.rb	False	True	True	True
6938	acapilleri	2012-07-03 06:59:17	dmathieu	2012-07-03 09:24:54	activemodel/lib/active_model/serializers/json.rb	True	False	True	True
6938	acapilleri	2012-07-03 06:59:17	carlosantoniodasilva	2012-07-03 11:38:57	activemodel/lib/active_model/serializers/json.rb	True	False	True	True
6936	jfoley	2012-07-02 19:14:05	carlosantoniodasilva	2012-07-03 00:15:10	guides/source/active_record_validations_callbacks.md	False	True	True	True
6936	jfoley	2012-07-02 19:14:05	carlosantoniodasilva	2012-07-03 00:15:10	activerecord/CHANGELOG.md	False	True	True	True
6936	jfoley	2012-07-02 19:14:05	carlosantoniodasilva	2012-07-03 00:15:10	activemodel/lib/active_model/validations/callbacks.rb	False	True	True	True
6936	jfoley	2012-07-02 19:14:05	carlosantoniodasilva	2012-07-03 00:15:10	activerecord/test/cases/callbacks_test.rb	True	True	True	True
6936	jfoley	2012-07-02 19:14:05	carlosantoniodasilva	2012-07-03 00:15:10	activemodel/lib/active_model/validations/callbacks.rb	True	True	True	True
6934	kennyj	2012-07-02 16:32:36	rafaelfranca	2012-07-02 16:37:20	activerecord/test/cases/store_test.rb	True	False	True	True
6934	kennyj	2012-07-02 16:32:36	rafaelfranca	2012-07-02 16:37:20	activerecord/lib/active_record/store.rb	True	False	True	True
6927	parndt	2012-07-02 02:22:07	carlosantoniodasilva	2012-07-02 12:25:07	activerecord/test/cases/nested_attributes_test.rb	True	True	True	True
6927	parndt	2012-07-02 02:22:07	carlosantoniodasilva	2012-07-02 12:25:07	activerecord/lib/active_record/nested_attributes.rb	True	True	True	True
6922	andrewferk	2012-07-01 18:32:21	pixeltrix	2012-07-02 05:30:25	actionpack/lib/action_dispatch/routing/route_set.rb	True	True	True	True
6922	andrewferk	2012-07-01 18:32:21	pixeltrix	2012-07-02 05:31:25	actionpack/lib/action_dispatch/testing/assertions/routing.rb	True	True	True	True
6922	andrewferk	2012-07-01 18:32:21	pixeltrix	2012-07-02 05:31:25	actionpack/lib/action_dispatch/routing/route_set.rb	True	True	True	True
6922	andrewferk	2012-07-01 18:32:21	pixeltrix	2012-07-02 05:30:25	actionpack/test/lib/controller/fake_controllers.rb	True	True	True	True
6922	andrewferk	2012-07-01 18:32:21	pixeltrix	2012-07-02 05:30:25	actionpack/test/dispatch/routing_assertions_test.rb	True	True	True	True
6922	andrewferk	2012-07-01 18:32:21	pixeltrix	2012-07-02 05:30:25	actionpack/test/controller/routing_test.rb	True	True	True	True
6922	andrewferk	2012-07-01 18:32:21	pixeltrix	2012-07-02 05:30:25	actionpack/lib/action_dispatch/testing/assertions/routing.rb	True	True	True	True
6922	andrewferk	2012-07-01 18:32:21	pixeltrix	2012-07-02 05:31:25	actionpack/test/controller/url_for_test.rb	True	True	True	True
6922	andrewferk	2012-07-01 18:32:21	pixeltrix	2012-07-02 05:31:07	actionpack/test/lib/controller/fake_controllers.rb	True	True	True	True
6922	andrewferk	2012-07-01 18:32:21	pixeltrix	2012-07-02 05:31:07	actionpack/test/dispatch/routing_assertions_test.rb	True	True	True	True
6922	andrewferk	2012-07-01 18:32:21	pixeltrix	2012-07-02 05:31:07	actionpack/test/controller/url_for_test.rb	True	True	True	True
6922	andrewferk	2012-07-01 18:32:21	pixeltrix	2012-07-02 05:31:07	actionpack/test/controller/routing_test.rb	True	True	True	True
6922	andrewferk	2012-07-01 18:32:21	pixeltrix	2012-07-02 05:31:07	actionpack/lib/action_dispatch/testing/assertions/routing.rb	True	True	True	True
6922	andrewferk	2012-07-01 18:32:21	pixeltrix	2012-07-02 05:31:07	actionpack/lib/action_dispatch/routing/route_set.rb	True	True	True	True
6922	andrewferk	2012-07-01 18:32:21	pixeltrix	2012-07-02 05:31:25	actionpack/test/controller/routing_test.rb	True	True	True	True
6922	andrewferk	2012-07-01 18:32:21	pixeltrix	2012-07-02 05:30:25	actionpack/test/controller/url_for_test.rb	True	True	True	True
6922	andrewferk	2012-07-01 18:32:21	pixeltrix	2012-07-02 05:31:25	actionpack/test/dispatch/routing_assertions_test.rb	True	True	True	True
6922	andrewferk	2012-07-01 18:32:21	pixeltrix	2012-07-01 19:34:03	actionpack/test/lib/controller/fake_controllers.rb	True	True	True	True
6922	andrewferk	2012-07-01 18:32:21	pixeltrix	2012-07-02 05:27:00	actionpack/test/dispatch/routing_assertions_test.rb	True	True	True	True
6922	andrewferk	2012-07-01 18:32:21	pixeltrix	2012-07-02 05:27:00	actionpack/test/controller/url_for_test.rb	True	True	True	True
6922	andrewferk	2012-07-01 18:32:21	pixeltrix	2012-07-02 05:27:00	actionpack/test/controller/routing_test.rb	True	True	True	True
6922	andrewferk	2012-07-01 18:32:21	pixeltrix	2012-07-02 05:27:00	actionpack/lib/action_dispatch/testing/assertions/routing.rb	True	True	True	True
6922	andrewferk	2012-07-01 18:32:21	pixeltrix	2012-07-02 05:27:00	actionpack/lib/action_dispatch/routing/route_set.rb	True	True	True	True
6922	andrewferk	2012-07-01 18:32:21	pixeltrix	2012-07-02 05:27:00	actionpack/test/lib/controller/fake_controllers.rb	True	True	True	True
6922	andrewferk	2012-07-01 18:32:21	pixeltrix	2012-07-01 19:34:03	actionpack/test/dispatch/routing_assertions_test.rb	True	True	True	True
6922	andrewferk	2012-07-01 18:32:21	pixeltrix	2012-07-02 05:31:25	actionpack/test/lib/controller/fake_controllers.rb	True	True	True	True
6922	andrewferk	2012-07-01 18:32:21	pixeltrix	2012-07-01 19:34:03	actionpack/test/controller/routing_test.rb	True	True	True	True
6922	andrewferk	2012-07-01 18:32:21	pixeltrix	2012-07-01 19:34:03	actionpack/lib/action_dispatch/testing/assertions/routing.rb	True	True	True	True
6922	andrewferk	2012-07-01 18:32:21	pixeltrix	2012-07-01 19:34:03	actionpack/lib/action_dispatch/routing/route_set.rb	True	True	True	True
6922	andrewferk	2012-07-01 18:32:21	pixeltrix	2012-07-01 19:34:03	actionpack/test/controller/url_for_test.rb	True	True	True	True
6920	lexmag	2012-07-01 14:18:33	rafaelfranca	2012-07-01 17:29:12	activerecord/CHANGELOG.md	False	True	True	True
6920	lexmag	2012-07-01 14:18:33	carlosantoniodasilva	2012-07-01 21:10:17	activerecord/test/cases/migration/command_recorder_test.rb	False	True	True	True
6920	lexmag	2012-07-01 14:18:33	carlosantoniodasilva	2012-07-01 21:10:17	activerecord/lib/active_record/connection_adapters/abstract/schema_statements.rb	False	True	True	True
6920	lexmag	2012-07-01 14:18:33	carlosantoniodasilva	2012-07-01 21:10:17	activerecord/test/cases/migration/helper.rb	False	True	True	True
6920	lexmag	2012-07-01 14:18:33	carlosantoniodasilva	2012-07-01 21:10:17	activerecord/test/cases/migration/references_statements_test.rb	False	True	True	True
6920	lexmag	2012-07-01 14:18:33	carlosantoniodasilva	2012-07-01 21:10:17	activerecord/lib/active_record/connection_adapters/abstract/schema_definitions.rb	False	True	True	True
6920	lexmag	2012-07-01 14:18:33	carlosantoniodasilva	2012-07-01 21:10:17	activerecord/test/cases/migration/change_table_test.rb	False	True	True	True
6920	lexmag	2012-07-01 14:18:33	rafaelfranca	2012-07-01 17:29:12	activerecord/lib/active_record/connection_adapters/abstract/schema_statements.rb	False	True	True	True
6920	lexmag	2012-07-01 14:18:33	rafaelfranca	2012-07-01 17:29:12	activerecord/lib/active_record/migration/command_recorder.rb	False	True	True	True
6920	lexmag	2012-07-01 14:18:33	rafaelfranca	2012-07-01 17:29:12	activerecord/test/cases/migration/command_recorder_test.rb	False	True	True	True
6920	lexmag	2012-07-01 14:18:33	rafaelfranca	2012-07-01 17:29:12	activerecord/test/cases/migration/helper.rb	False	True	True	True
6920	lexmag	2012-07-01 14:18:33	rafaelfranca	2012-07-01 17:29:12	activerecord/test/cases/migration/references_statements_test.rb	False	True	True	True
6920	lexmag	2012-07-01 14:18:33	rafaelfranca	2012-07-01 17:29:12	activerecord/lib/active_record/connection_adapters/abstract/schema_definitions.rb	False	True	True	True
6920	lexmag	2012-07-01 14:18:33	carlosantoniodasilva	2012-07-01 21:10:17	activerecord/CHANGELOG.md	False	True	True	True
6920	lexmag	2012-07-01 14:18:33	carlosantoniodasilva	2012-07-01 21:10:17	activerecord/lib/active_record/migration/command_recorder.rb	False	True	True	True
6920	lexmag	2012-07-01 14:18:33	carlosantoniodasilva	2012-07-01 21:13:04	activerecord/lib/active_record/migration/command_recorder.rb	False	True	True	True
6920	lexmag	2012-07-01 14:18:33	carlosantoniodasilva	2012-07-01 21:13:04	activerecord/test/cases/migration/change_table_test.rb	False	True	True	True
6920	lexmag	2012-07-01 14:18:33	carlosantoniodasilva	2012-07-01 21:13:04	activerecord/lib/active_record/connection_adapters/abstract/schema_definitions.rb	False	True	True	True
6920	lexmag	2012-07-01 14:18:33	carlosantoniodasilva	2012-07-01 21:13:04	activerecord/test/cases/migration/references_statements_test.rb	False	True	True	True
6920	lexmag	2012-07-01 14:18:33	carlosantoniodasilva	2012-07-01 21:13:04	activerecord/test/cases/migration/helper.rb	False	True	True	True
6920	lexmag	2012-07-01 14:18:33	carlosantoniodasilva	2012-07-01 21:13:04	activerecord/lib/active_record/connection_adapters/abstract/schema_statements.rb	False	True	True	True
6920	lexmag	2012-07-01 14:18:33	carlosantoniodasilva	2012-07-01 21:13:04	activerecord/test/cases/migration/command_recorder_test.rb	False	True	True	True
6920	lexmag	2012-07-01 14:18:33	rafaelfranca	2012-07-01 17:27:03	activerecord/CHANGELOG.md	False	True	True	True
6920	lexmag	2012-07-01 14:18:33	carlosantoniodasilva	2012-07-01 21:13:04	activerecord/CHANGELOG.md	False	True	True	True
6920	lexmag	2012-07-01 14:18:33	carlosantoniodasilva	2012-07-01 21:15:46	activerecord/test/cases/migration/change_table_test.rb	False	True	True	True
6920	lexmag	2012-07-01 14:18:33	carlosantoniodasilva	2012-07-01 21:15:46	activerecord/lib/active_record/connection_adapters/abstract/schema_definitions.rb	False	True	True	True
6920	lexmag	2012-07-01 14:18:33	carlosantoniodasilva	2012-07-01 21:15:46	activerecord/test/cases/migration/helper.rb	False	True	True	True
6920	lexmag	2012-07-01 14:18:33	carlosantoniodasilva	2012-07-01 21:15:46	activerecord/lib/active_record/connection_adapters/abstract/schema_statements.rb	False	True	True	True
6920	lexmag	2012-07-01 14:18:33	carlosantoniodasilva	2012-07-01 21:15:46	activerecord/test/cases/migration/command_recorder_test.rb	False	True	True	True
6920	lexmag	2012-07-01 14:18:33	carlosantoniodasilva	2012-07-01 21:15:46	activerecord/lib/active_record/migration/command_recorder.rb	False	True	True	True
6920	lexmag	2012-07-01 14:18:33	carlosantoniodasilva	2012-07-01 21:15:46	activerecord/CHANGELOG.md	False	True	True	True
6920	lexmag	2012-07-01 14:18:33	rafaelfranca	2012-07-01 17:29:12	activerecord/test/cases/migration/change_table_test.rb	False	True	True	True
6920	lexmag	2012-07-01 14:18:33	carlosantoniodasilva	2012-07-01 21:15:46	activerecord/test/cases/migration/references_statements_test.rb	False	True	True	True
6920	lexmag	2012-07-01 14:18:33	rafaelfranca	2012-07-01 17:27:03	activerecord/lib/active_record/migration/command_recorder.rb	False	True	True	True
6920	lexmag	2012-07-01 14:18:33	carlosantoniodasilva	2012-07-01 21:34:26	activerecord/lib/active_record/migration/command_recorder.rb	False	True	True	True
6920	lexmag	2012-07-01 14:18:33	carlosantoniodasilva	2012-07-01 21:23:20	activerecord/test/cases/migration/change_table_test.rb	False	True	True	True
6920	lexmag	2012-07-01 14:18:33	carlosantoniodasilva	2012-07-01 21:23:20	activerecord/lib/active_record/connection_adapters/abstract/schema_definitions.rb	False	True	True	True
6920	lexmag	2012-07-01 14:18:33	carlosantoniodasilva	2012-07-01 21:23:20	activerecord/test/cases/migration/references_statements_test.rb	False	True	True	True
6920	lexmag	2012-07-01 14:18:33	carlosantoniodasilva	2012-07-01 21:23:20	activerecord/test/cases/migration/helper.rb	False	True	True	True
6920	lexmag	2012-07-01 14:18:33	carlosantoniodasilva	2012-07-01 21:23:20	activerecord/lib/active_record/connection_adapters/abstract/schema_statements.rb	False	True	True	True
6920	lexmag	2012-07-01 14:18:33	rafaelfranca	2012-07-01 17:27:03	activerecord/test/cases/migration/command_recorder_test.rb	False	True	True	True
6920	lexmag	2012-07-01 14:18:33	carlosantoniodasilva	2012-07-01 21:23:20	activerecord/lib/active_record/migration/command_recorder.rb	False	True	True	True
6920	lexmag	2012-07-01 14:18:33	carlosantoniodasilva	2012-07-01 21:23:20	activerecord/CHANGELOG.md	False	True	True	True
6920	lexmag	2012-07-01 14:18:33	carlosantoniodasilva	2012-07-01 21:34:26	activerecord/test/cases/migration/change_table_test.rb	False	True	True	True
6920	lexmag	2012-07-01 14:18:33	carlosantoniodasilva	2012-07-01 21:34:26	activerecord/lib/active_record/connection_adapters/abstract/schema_definitions.rb	False	True	True	True
6920	lexmag	2012-07-01 14:18:33	carlosantoniodasilva	2012-07-01 21:34:26	activerecord/test/cases/migration/references_statements_test.rb	False	True	True	True
6920	lexmag	2012-07-01 14:18:33	carlosantoniodasilva	2012-07-01 21:34:26	activerecord/test/cases/migration/helper.rb	False	True	True	True
6920	lexmag	2012-07-01 14:18:33	carlosantoniodasilva	2012-07-01 21:34:26	activerecord/lib/active_record/connection_adapters/abstract/schema_statements.rb	False	True	True	True
6920	lexmag	2012-07-01 14:18:33	carlosantoniodasilva	2012-07-01 21:34:26	activerecord/test/cases/migration/command_recorder_test.rb	False	True	True	True
6920	lexmag	2012-07-01 14:18:33	carlosantoniodasilva	2012-07-01 21:23:20	activerecord/test/cases/migration/command_recorder_test.rb	False	True	True	True
6920	lexmag	2012-07-01 14:18:33	carlosantoniodasilva	2012-07-01 21:34:26	activerecord/CHANGELOG.md	False	True	True	True
6920	lexmag	2012-07-01 14:18:33	rafaelfranca	2012-07-01 17:25:27	activerecord/CHANGELOG.md	False	True	True	True
6920	lexmag	2012-07-01 14:18:33	rafaelfranca	2012-07-01 17:25:27	activerecord/test/cases/migration/change_table_test.rb	False	True	True	True
6920	lexmag	2012-07-01 14:18:33	rafaelfranca	2012-07-01 17:27:03	activerecord/lib/active_record/connection_adapters/abstract/schema_statements.rb	False	True	True	True
6920	lexmag	2012-07-01 14:18:33	rafaelfranca	2012-07-01 17:27:03	activerecord/test/cases/migration/helper.rb	False	True	True	True
6920	lexmag	2012-07-01 14:18:33	rafaelfranca	2012-07-01 17:27:03	activerecord/test/cases/migration/references_statements_test.rb	False	True	True	True
6920	lexmag	2012-07-01 14:18:33	rafaelfranca	2012-07-01 17:27:03	activerecord/test/cases/migration/change_table_test.rb	False	True	True	True
6920	lexmag	2012-07-01 14:18:33	rafaelfranca	2012-07-01 17:27:03	activerecord/lib/active_record/connection_adapters/abstract/schema_definitions.rb	False	True	True	True
6920	lexmag	2012-07-01 14:18:33	rafaelfranca	2012-07-01 17:25:27	activerecord/lib/active_record/migration/command_recorder.rb	False	True	True	True
6920	lexmag	2012-07-01 14:18:33	rafaelfranca	2012-07-01 17:25:27	activerecord/test/cases/migration/command_recorder_test.rb	False	True	True	True
6920	lexmag	2012-07-01 14:18:33	rafaelfranca	2012-07-01 17:25:27	activerecord/lib/active_record/connection_adapters/abstract/schema_statements.rb	False	True	True	True
6920	lexmag	2012-07-01 14:18:33	rafaelfranca	2012-07-01 17:25:27	activerecord/test/cases/migration/helper.rb	False	True	True	True
6920	lexmag	2012-07-01 14:18:33	rafaelfranca	2012-07-01 17:25:27	activerecord/test/cases/migration/references_statements_test.rb	False	True	True	True
6920	lexmag	2012-07-01 14:18:33	rafaelfranca	2012-07-01 17:25:27	activerecord/lib/active_record/connection_adapters/abstract/schema_definitions.rb	False	True	True	True
