pr_number	author_user_login	pr_created_at	review_comment_user_login	review_comment_created_at	is_review_review_comment
7483	christos	2012-08-30 11:26:07	fxn	2012-08-30 12:12:10	True
7483	christos	2012-08-30 11:26:07	fxn	2012-08-30 12:06:07	True
7482	route	2012-08-30 09:16:54	guilleiguaran	2012-09-09 03:44:34	True
7482	route	2012-08-30 09:16:54	guilleiguaran	2012-09-09 22:00:55	True
7482	route	2012-08-30 09:16:54	rafaelfranca	2012-09-08 20:52:57	True
7482	route	2012-08-30 09:16:54	guilleiguaran	2012-09-09 06:32:02	True
7482	route	2012-08-30 09:16:54	guilleiguaran	2012-09-09 03:45:21	True
7482	route	2012-08-30 09:16:54	guilleiguaran	2012-09-09 03:44:09	True
7482	route	2012-08-30 09:16:54	guilleiguaran	2012-09-09 03:47:15	True
7482	route	2012-08-30 09:16:54	guilleiguaran	2012-09-09 03:48:39	True
7482	route	2012-08-30 09:16:54	guilleiguaran	2012-09-09 03:47:36	True
7482	route	2012-08-30 09:16:54	rafaelfranca	2012-09-08 20:53:29	True
7482	route	2012-08-30 09:16:54	rafaelfranca	2012-09-08 20:51:57	True
7462	homakov	2012-08-28 00:40:20	tenderlove	2012-08-28 00:50:33	True
7447	etehtsea	2012-08-25 18:06:34	rafaelfranca	2012-09-05 02:28:18	True
7444	szimek	2012-08-24 19:26:11	tenderlove	2012-08-27 21:13:17	True
7444	szimek	2012-08-24 19:26:11	tenderlove	2012-08-27 21:13:54	True
7444	szimek	2012-08-24 19:26:11	tenderlove	2012-08-27 21:12:38	True
7436	sikachu	2012-08-23 22:27:16	josevalim	2012-08-24 12:20:04	True
7436	sikachu	2012-08-23 22:27:16	vijaydev	2012-08-24 19:00:42	True
7436	sikachu	2012-08-23 22:27:16	vijaydev	2012-08-24 19:02:56	True
7435	nashby	2012-08-23 19:15:00	rafaelfranca	2012-08-24 16:11:27	True
7434	frodsan	2012-08-23 17:30:53	tenderlove	2012-08-23 17:40:45	True
7434	frodsan	2012-08-23 17:30:53	tenderlove	2012-08-23 18:17:05	True
7434	frodsan	2012-08-23 17:30:53	tenderlove	2012-08-23 18:00:16	True
7434	frodsan	2012-08-23 17:30:53	tenderlove	2012-08-23 17:40:11	True
7434	frodsan	2012-08-23 17:30:53	pixeltrix	2012-08-23 18:04:12	True
7434	frodsan	2012-08-23 17:30:53	tenderlove	2012-08-23 17:37:48	True
7434	frodsan	2012-08-23 17:30:53	tenderlove	2012-08-23 17:51:56	True
7434	frodsan	2012-08-23 17:30:53	tenderlove	2012-08-23 17:39:05	True
7434	frodsan	2012-08-23 17:30:53	pixeltrix	2012-08-23 17:50:36	True
7434	frodsan	2012-08-23 17:30:53	pixeltrix	2012-08-23 18:25:04	True
7423	sishen	2012-08-22 18:32:44	frodsan	2012-10-26 07:04:23	True
7423	sishen	2012-08-22 18:32:44	carlosantoniodasilva	2012-09-20 22:47:41	True
7423	sishen	2012-08-22 18:32:44	frodsan	2012-10-26 07:04:09	True
7419	releu	2012-08-22 11:35:07	josevalim	2012-08-22 11:40:09	True
7415	schneems	2012-08-22 05:28:53	rafaelfranca	2012-10-07 18:14:26	True
7408	yahonda	2012-08-21 15:39:31	carlosantoniodasilva	2012-08-21 15:46:01	True
7406	janko	2012-08-21 12:56:11	rafaelfranca	2012-08-21 13:08:39	True
7383	ahoward	2012-08-17 22:23:21	tenderlove	2012-10-26 17:46:21	True
7383	ahoward	2012-08-17 22:23:21	frodsan	2012-10-26 07:24:54	True
7383	ahoward	2012-08-17 22:23:21	frodsan	2012-10-26 16:59:43	True
7383	ahoward	2012-08-17 22:23:21	frodsan	2012-10-26 07:24:41	True
7383	ahoward	2012-08-17 22:23:21	tenderlove	2012-10-26 17:41:42	True
7383	ahoward	2012-08-17 22:23:21	frodsan	2012-10-26 17:43:29	True
7383	ahoward	2012-08-17 22:23:21	frodsan	2012-10-26 07:24:59	True
7383	ahoward	2012-08-17 22:23:21	schneems	2013-03-23 17:46:54	True
7383	ahoward	2012-08-17 22:23:21	schneems	2013-03-23 17:44:37	True
7383	ahoward	2012-08-17 22:23:21	tenderlove	2012-10-26 16:53:45	True
7377	brainopia	2012-08-17 13:56:57	carlosantoniodasilva	2012-08-18 12:47:36	True
7376	dmitriy-kiriyenko	2012-08-17 12:41:21	carlosantoniodasilva	2012-12-20 02:03:36	True
7373	ghost	2012-08-17 03:17:18	vijaydev	2012-08-17 05:03:51	True
7371	csmuc	2012-08-16 21:25:35	carlosantoniodasilva	2012-08-17 00:32:50	True
7371	csmuc	2012-08-16 21:25:35	carlosantoniodasilva	2012-08-17 20:45:39	True
7371	csmuc	2012-08-16 21:25:35	carlosantoniodasilva	2012-08-17 19:29:46	True
7369	ey-pairing	2012-08-16 18:14:39	sidonath	2012-09-14 19:25:12	True
7369	ey-pairing	2012-08-16 18:14:39	rafaelfranca	2012-08-16 18:18:38	True
7368	jbarreneche	2012-08-16 18:13:19	carlosantoniodasilva	2012-10-29 15:22:28	True
7368	jbarreneche	2012-08-16 18:13:19	carlosantoniodasilva	2012-08-17 20:57:08	True
7368	jbarreneche	2012-08-16 18:13:19	carlosantoniodasilva	2012-08-21 04:28:15	True
7368	jbarreneche	2012-08-16 18:13:19	carlosantoniodasilva	2012-08-17 20:56:59	True
7368	jbarreneche	2012-08-16 18:13:19	josevalim	2012-08-16 18:21:28	True
7368	jbarreneche	2012-08-16 18:13:19	josevalim	2012-08-16 18:17:14	True
7356	drogus	2012-08-15 16:23:54	josevalim	2012-08-15 17:04:36	True
7356	drogus	2012-08-15 16:23:54	rafaelfranca	2012-08-15 23:05:50	True
7356	drogus	2012-08-15 16:23:54	rafaelfranca	2012-08-25 13:10:39	True
7356	drogus	2012-08-15 16:23:54	carlosantoniodasilva	2012-08-21 04:13:34	True
7356	drogus	2012-08-15 16:23:54	carlosantoniodasilva	2012-08-21 04:15:48	True
7356	drogus	2012-08-15 16:23:54	carlosantoniodasilva	2012-08-21 04:10:41	True
7350	slbug	2012-08-14 18:34:39	rafaelfranca	2012-09-20 18:21:06	True
7350	slbug	2012-08-14 18:34:39	rafaelfranca	2012-12-23 23:24:33	True
7350	slbug	2012-08-14 18:34:39	tenderlove	2012-08-14 19:55:42	True
7350	slbug	2012-08-14 18:34:39	rafaelfranca	2012-12-22 00:47:31	True
7350	slbug	2012-08-14 18:34:39	tenderlove	2012-08-14 20:22:06	True
7350	slbug	2012-08-14 18:34:39	tenderlove	2012-08-14 20:00:37	True
7350	slbug	2012-08-14 18:34:39	rafaelfranca	2012-12-22 00:47:39	True
7350	slbug	2012-08-14 18:34:39	steveklabnik	2012-12-22 00:51:33	True
7345	slbug	2012-08-13 10:57:13	jherdman	2012-10-16 01:09:35	True
7345	slbug	2012-08-13 10:57:13	samgranieri	2012-12-22 00:49:43	True
7345	slbug	2012-08-13 10:57:13	samgranieri	2012-12-21 04:41:51	True
7345	slbug	2012-08-13 10:57:13	samgranieri	2012-12-20 20:07:41	True
7345	slbug	2012-08-13 10:57:13	joallard	2012-12-30 18:36:10	True
7345	slbug	2012-08-13 10:57:13	robin850	2012-10-13 08:13:43	True
7345	slbug	2012-08-13 10:57:13	robin850	2012-10-13 07:44:22	True
7343	egtann	2012-08-12 21:38:12	carlosantoniodasilva	2012-08-13 15:54:33	True
7343	egtann	2012-08-12 21:38:12	carlosantoniodasilva	2012-08-13 16:22:38	True
7343	egtann	2012-08-12 21:38:12	carlosantoniodasilva	2012-08-13 15:55:42	True
7343	egtann	2012-08-12 21:38:12	carlosantoniodasilva	2012-08-13 16:01:29	True
7343	egtann	2012-08-12 21:38:12	carlosantoniodasilva	2012-08-13 16:21:16	True
7343	egtann	2012-08-12 21:38:12	carlosantoniodasilva	2012-08-13 15:54:13	True
7343	egtann	2012-08-12 21:38:12	rafaelfranca	2012-08-13 14:02:06	True
7342	sobrinho	2012-08-12 20:47:02	rafaelfranca	2012-08-12 21:28:16	True
7342	sobrinho	2012-08-12 20:47:02	carlosantoniodasilva	2012-08-12 23:02:57	True
7342	sobrinho	2012-08-12 20:47:02	rafaelfranca	2012-08-12 21:27:55	True
7342	sobrinho	2012-08-12 20:47:02	rafaelfranca	2012-08-12 21:28:37	True
7314	schneems	2012-08-10 05:06:51	carlosantoniodasilva	2012-08-10 23:46:07	True
7314	schneems	2012-08-10 05:06:51	rafaelfranca	2012-08-11 02:49:14	True
7312	krainboltgreene	2012-08-10 04:11:44	steveklabnik	2012-12-15 22:10:39	True
7312	krainboltgreene	2012-08-10 04:11:44	steveklabnik	2012-12-15 22:10:33	True
7312	krainboltgreene	2012-08-10 04:11:44	bquorning	2012-11-07 21:35:25	True
7290	y8	2012-08-08 18:34:18	carlosantoniodasilva	2012-11-02 12:51:51	True
7282	xHire	2012-08-07 11:55:35	rafaelfranca	2012-08-07 23:24:09	True
7267	yalab	2012-08-05 10:48:10	alonsogarciapablo	2012-08-06 17:43:54	True
7251	guilleiguaran	2012-08-03 14:12:03	rafaelfranca	2012-08-03 17:16:37	True
7251	guilleiguaran	2012-08-03 14:12:03	rafaelfranca	2012-08-03 17:11:44	True
7251	guilleiguaran	2012-08-03 14:12:03	rafaelfranca	2012-08-04 12:20:13	True
7251	guilleiguaran	2012-08-03 14:12:03	josevalim	2012-08-04 10:53:36	True
7251	guilleiguaran	2012-08-03 14:12:03	rafaelfranca	2012-08-03 17:30:01	True
7240	steveklabnik	2012-08-02 19:25:36	rafaelfranca	2012-08-02 19:53:48	True
7231	armanddp	2012-08-01 21:53:29	rafaelfranca	2012-08-01 22:04:23	True
7231	armanddp	2012-08-01 21:53:29	rafaelfranca	2012-08-01 22:12:33	True
7231	armanddp	2012-08-01 21:53:29	rafaelfranca	2012-08-02 03:26:19	True
7231	armanddp	2012-08-01 21:53:29	rafaelfranca	2012-08-01 22:07:03	True
7230	schneems	2012-08-01 20:40:36	rafaelfranca	2012-08-25 01:56:39	True
7230	schneems	2012-08-01 20:40:36	pixeltrix	2012-08-27 16:32:22	True
7222	acapilleri	2012-08-01 12:09:49	josevalim	2012-08-01 12:14:40	True
7222	acapilleri	2012-08-01 12:09:49	josevalim	2012-08-01 12:15:32	True
7222	acapilleri	2012-08-01 12:09:49	josevalim	2012-08-01 12:15:39	True
7221	kot-begemot	2012-08-01 11:09:17	carlosantoniodasilva	2012-10-30 10:40:06	True
7221	kot-begemot	2012-08-01 11:09:17	carlosantoniodasilva	2012-10-30 19:39:23	True
7221	kot-begemot	2012-08-01 11:09:17	frodsan	2012-10-26 16:42:47	True
7221	kot-begemot	2012-08-01 11:09:17	carlosantoniodasilva	2012-10-30 10:38:40	True
7221	kot-begemot	2012-08-01 11:09:17	carlosantoniodasilva	2012-10-30 11:43:03	True
7221	kot-begemot	2012-08-01 11:09:17	frodsan	2012-10-26 16:43:16	True
7221	kot-begemot	2012-08-01 11:09:17	carlosantoniodasilva	2012-10-30 10:54:51	True
7221	kot-begemot	2012-08-01 11:09:17	carlosantoniodasilva	2012-10-30 10:37:34	True
7219	jmazzi	2012-08-01 02:28:44	rafaelfranca	2012-08-01 02:32:01	True
