pr_number	author_user_login	pr_created_at	review_user_login	review_created_at	filename	create_before_pr	has_issue_comment	has_review_comment	has_commit
44580	davekaro	2022-02-28 22:59:08	rafaelfranca	2022-02-28 23:17:02	actionview/lib/action_view/helpers/tag_helper.rb	True	False	True	True
44580	davekaro	2022-02-28 22:59:08	rafaelfranca	2022-02-28 23:17:02	actionview/test/template/tag_helper_test.rb	True	False	True	True
44579	Edouard-chin	2022-02-28 19:12:34	flavorjones	2022-02-28 19:54:59	Gemfile.lock	True	False	False	True
44578	Edouard-chin	2022-02-28 18:23:48	skipkayhil	2022-03-01 01:45:02	actionpack/test/dispatch/content_security_policy_test.rb	True	False	True	True
44578	Edouard-chin	2022-02-28 18:23:48	skipkayhil	2022-03-01 01:45:02	actionpack/lib/action_dispatch/http/content_security_policy.rb	True	False	True	True
44578	Edouard-chin	2022-02-28 18:23:48	skipkayhil	2022-03-01 01:45:02	actionpack/CHANGELOG.md	True	False	True	True
44576	matthewd	2022-02-28 16:08:38	byroot	2022-03-09 11:55:37	activerecord/lib/active_record/connection_adapters/abstract_adapter.rb	False	False	True	True
44576	matthewd	2022-02-28 16:08:38	byroot	2022-03-09 11:55:37	activerecord/lib/active_record/connection_adapters/postgresql/quoting.rb	True	False	True	True
44576	matthewd	2022-02-28 16:08:38	byroot	2022-03-09 11:55:37	activerecord/test/cases/connection_adapters/adapter_leasing_test.rb	True	False	True	True
44576	matthewd	2022-02-28 16:08:38	byroot	2022-03-09 11:55:37	activerecord/lib/active_record/connection_adapters/sqlite3_adapter.rb	True	False	True	True
44576	matthewd	2022-02-28 16:08:38	byroot	2022-03-09 11:55:37	activerecord/lib/active_record/connection_adapters/sqlite3/database_statements.rb	True	False	True	True
44576	matthewd	2022-02-28 16:08:38	byroot	2022-03-09 11:55:37	activerecord/lib/active_record/connection_adapters/postgresql_adapter.rb	True	False	True	True
44576	matthewd	2022-02-28 16:08:38	byroot	2022-03-09 11:55:37	activerecord/lib/active_record/connection_adapters/mysql/database_statements.rb	True	False	True	True
44576	matthewd	2022-02-28 16:08:38	byroot	2022-03-09 11:55:37	activerecord/lib/active_record/connection_adapters/postgresql/database_statements.rb	True	False	True	True
44576	matthewd	2022-02-28 16:08:38	byroot	2022-03-09 11:55:37	activerecord/lib/active_record/connection_adapters/mysql2_adapter.rb	True	False	True	True
44576	matthewd	2022-02-28 16:08:38	byroot	2022-03-09 11:55:37	activerecord/lib/active_record/connection_adapters/postgresql/schema_statements.rb	True	False	True	True
44576	matthewd	2022-02-28 16:08:38	byroot	2022-03-09 11:55:37	activerecord/lib/active_record/connection_adapters/abstract_mysql_adapter.rb	True	False	True	True
44576	matthewd	2022-02-28 16:08:38	byroot	2022-03-09 11:55:37	activerecord/lib/active_record/connection_adapters/abstract_adapter.rb	True	False	True	True
44576	matthewd	2022-02-28 16:08:38	byroot	2022-03-09 11:55:37	activerecord/lib/active_record/connection_adapters/abstract/connection_pool.rb	True	False	True	True
44576	matthewd	2022-02-28 16:08:38	byroot	2022-03-09 11:55:37	activerecord/test/cases/secure_password_test.rb	True	False	True	True
44576	matthewd	2022-02-28 16:08:38	byroot	2022-03-09 11:55:37	activerecord/lib/active_record/connection_adapters/abstract/transaction.rb	False	False	True	True
44576	matthewd	2022-02-28 16:08:38	byroot	2022-03-09 11:55:37	activerecord/lib/active_record/connection_adapters/abstract/database_statements.rb	False	False	True	True
44576	matthewd	2022-02-28 16:08:38	byroot	2022-03-09 11:55:37	activerecord/lib/active_record/connection_adapters/abstract/savepoints.rb	False	False	True	True
44576	matthewd	2022-02-28 16:08:38	byroot	2022-03-09 11:55:37	activerecord/lib/active_record/connection_adapters/abstract_mysql_adapter.rb	False	False	True	True
44576	matthewd	2022-02-28 16:08:38	byroot	2022-03-09 11:55:37	activerecord/lib/active_record/connection_adapters/mysql2_adapter.rb	False	False	True	True
44576	matthewd	2022-02-28 16:08:38	byroot	2022-03-09 11:55:37	activerecord/lib/active_record/connection_adapters/postgresql/database_statements.rb	False	False	True	True
44576	matthewd	2022-02-28 16:08:38	byroot	2022-03-09 11:55:37	activerecord/lib/active_record/errors.rb	False	False	True	True
44576	matthewd	2022-02-28 16:08:38	byroot	2022-03-09 11:55:37	activerecord/test/cases/adapter_test.rb	False	False	True	True
44576	matthewd	2022-02-28 16:08:38	byroot	2022-03-09 11:55:37	activerecord/test/cases/adapters/mysql2/connection_test.rb	False	False	True	True
44576	matthewd	2022-02-28 16:08:38	byroot	2022-03-09 12:34:20	activerecord/lib/active_record/connection_adapters/abstract_adapter.rb	False	False	True	True
44576	matthewd	2022-02-28 16:08:38	byroot	2022-03-09 11:55:37	activerecord/test/cases/disconnected_test.rb	False	False	True	True
44576	matthewd	2022-02-28 16:08:38	byroot	2022-03-09 11:55:37	activerecord/test/cases/transactions_test.rb	False	False	True	True
44576	matthewd	2022-02-28 16:08:38	byroot	2022-03-09 11:55:37	activerecord/lib/active_record/connection_adapters/sqlite3_adapter.rb	False	False	True	True
44576	matthewd	2022-02-28 16:08:38	byroot	2022-03-09 11:55:37	activerecord/lib/active_record/connection_adapters/postgresql_adapter.rb	False	False	True	True
44576	matthewd	2022-02-28 16:08:38	byroot	2022-03-08 16:48:01	activerecord/lib/active_record/connection_adapters/abstract_adapter.rb	False	False	True	True
44576	matthewd	2022-02-28 16:08:38	byroot	2022-03-09 12:34:20	activerecord/test/cases/statement_invalid_test.rb	False	False	True	True
44576	matthewd	2022-02-28 16:08:38	byroot	2022-03-09 12:34:20	activerecord/test/cases/secure_password_test.rb	True	False	True	True
44576	matthewd	2022-02-28 16:08:38	byroot	2022-03-09 12:34:20	activerecord/lib/active_record/connection_adapters/postgresql_adapter.rb	False	False	True	True
44576	matthewd	2022-02-28 16:08:38	byroot	2022-03-09 12:34:20	activerecord/lib/active_record/connection_adapters/abstract/connection_pool.rb	True	False	True	True
44576	matthewd	2022-02-28 16:08:38	byroot	2022-03-09 12:34:20	activerecord/lib/active_record/connection_adapters/abstract_adapter.rb	True	False	True	True
44576	matthewd	2022-02-28 16:08:38	byroot	2022-03-09 12:34:20	activerecord/lib/active_record/connection_adapters/abstract_mysql_adapter.rb	True	False	True	True
44576	matthewd	2022-02-28 16:08:38	byroot	2022-03-09 12:34:20	activerecord/lib/active_record/connection_adapters/mysql/database_statements.rb	True	False	True	True
44576	matthewd	2022-02-28 16:08:38	byroot	2022-03-09 12:34:20	activerecord/lib/active_record/connection_adapters/mysql2_adapter.rb	True	False	True	True
44576	matthewd	2022-02-28 16:08:38	byroot	2022-03-09 12:34:20	activerecord/lib/active_record/connection_adapters/postgresql/database_statements.rb	True	False	True	True
44576	matthewd	2022-02-28 16:08:38	byroot	2022-03-09 12:34:20	activerecord/lib/active_record/connection_adapters/postgresql/quoting.rb	True	False	True	True
44576	matthewd	2022-02-28 16:08:38	byroot	2022-03-09 12:34:20	activerecord/lib/active_record/connection_adapters/postgresql_adapter.rb	True	False	True	True
44576	matthewd	2022-02-28 16:08:38	byroot	2022-03-09 12:34:20	activerecord/lib/active_record/connection_adapters/sqlite3/database_statements.rb	True	False	True	True
44576	matthewd	2022-02-28 16:08:38	byroot	2022-03-09 12:34:20	activerecord/lib/active_record/connection_adapters/sqlite3_adapter.rb	True	False	True	True
44576	matthewd	2022-02-28 16:08:38	byroot	2022-03-09 12:34:20	activerecord/test/cases/connection_adapters/adapter_leasing_test.rb	True	False	True	True
44576	matthewd	2022-02-28 16:08:38	byroot	2022-03-09 12:34:20	activerecord/lib/active_record/connection_adapters/postgresql/schema_statements.rb	True	False	True	True
44576	matthewd	2022-02-28 16:08:38	byroot	2022-03-09 12:34:20	activerecord/lib/active_record/connection_adapters/sqlite3_adapter.rb	False	False	True	True
44576	matthewd	2022-02-28 16:08:38	byroot	2022-03-09 12:34:20	activerecord/lib/active_record/connection_adapters/abstract/database_statements.rb	False	False	True	True
44576	matthewd	2022-02-28 16:08:38	byroot	2022-03-09 12:34:20	activerecord/lib/active_record/connection_adapters/abstract/savepoints.rb	False	False	True	True
44576	matthewd	2022-02-28 16:08:38	byroot	2022-03-09 12:34:20	activerecord/lib/active_record/connection_adapters/abstract/transaction.rb	False	False	True	True
44576	matthewd	2022-02-28 16:08:38	byroot	2022-03-09 12:34:20	activerecord/lib/active_record/connection_adapters/abstract_mysql_adapter.rb	False	False	True	True
44576	matthewd	2022-02-28 16:08:38	byroot	2022-03-09 12:34:20	activerecord/lib/active_record/connection_adapters/mysql2_adapter.rb	False	False	True	True
44576	matthewd	2022-02-28 16:08:38	byroot	2022-03-09 12:34:20	activerecord/lib/active_record/connection_adapters/postgresql/database_statements.rb	False	False	True	True
44576	matthewd	2022-02-28 16:08:38	byroot	2022-03-09 12:34:20	activerecord/lib/active_record/errors.rb	False	False	True	True
44576	matthewd	2022-02-28 16:08:38	byroot	2022-03-09 12:34:20	activerecord/test/cases/adapter_test.rb	False	False	True	True
44576	matthewd	2022-02-28 16:08:38	byroot	2022-03-09 12:34:20	activerecord/test/cases/adapters/mysql2/connection_test.rb	False	False	True	True
44576	matthewd	2022-02-28 16:08:38	byroot	2022-03-09 12:34:20	activerecord/test/cases/adapters/postgresql/connection_test.rb	False	False	True	True
44576	matthewd	2022-02-28 16:08:38	byroot	2022-03-09 12:34:20	activerecord/test/cases/disconnected_test.rb	False	False	True	True
44576	matthewd	2022-02-28 16:08:38	byroot	2022-03-09 12:34:20	activerecord/test/cases/transactions_test.rb	False	False	True	True
44576	matthewd	2022-02-28 16:08:38	byroot	2022-03-09 11:55:37	activerecord/test/cases/statement_invalid_test.rb	False	False	True	True
44576	matthewd	2022-02-28 16:08:38	byroot	2022-03-09 11:55:37	activerecord/test/cases/adapters/postgresql/connection_test.rb	False	False	True	True
44576	matthewd	2022-02-28 16:08:38	byroot	2022-03-08 16:48:01	activerecord/lib/active_record/connection_adapters/postgresql_adapter.rb	False	False	True	True
44576	matthewd	2022-02-28 16:08:38	eileencodes	2022-03-28 15:34:09	activerecord/lib/active_record/connection_adapters/abstract/savepoints.rb	False	False	True	True
44576	matthewd	2022-02-28 16:08:38	eileencodes	2022-03-28 15:34:09	activerecord/lib/active_record/connection_adapters/abstract_adapter.rb	True	False	True	True
44576	matthewd	2022-02-28 16:08:38	eileencodes	2022-03-28 15:34:09	activerecord/lib/active_record/connection_adapters/abstract_mysql_adapter.rb	True	False	True	True
44576	matthewd	2022-02-28 16:08:38	eileencodes	2022-03-28 15:34:09	activerecord/lib/active_record/connection_adapters/mysql/database_statements.rb	True	False	True	True
44576	matthewd	2022-02-28 16:08:38	eileencodes	2022-03-28 15:34:09	activerecord/lib/active_record/connection_adapters/mysql2_adapter.rb	True	False	True	True
44576	matthewd	2022-02-28 16:08:38	eileencodes	2022-03-28 15:34:09	activerecord/lib/active_record/connection_adapters/postgresql/database_statements.rb	True	False	True	True
44576	matthewd	2022-02-28 16:08:38	eileencodes	2022-03-28 15:34:09	activerecord/lib/active_record/connection_adapters/postgresql/quoting.rb	True	False	True	True
44576	matthewd	2022-02-28 16:08:38	eileencodes	2022-03-28 15:34:09	activerecord/lib/active_record/connection_adapters/sqlite3/database_statements.rb	True	False	True	True
44576	matthewd	2022-02-28 16:08:38	eileencodes	2022-03-28 15:34:09	activerecord/lib/active_record/connection_adapters/sqlite3_adapter.rb	True	False	True	True
44576	matthewd	2022-02-28 16:08:38	eileencodes	2022-03-28 15:34:09	activerecord/test/cases/connection_adapters/adapter_leasing_test.rb	True	False	True	True
44576	matthewd	2022-02-28 16:08:38	eileencodes	2022-03-28 15:34:09	activerecord/test/cases/secure_password_test.rb	True	False	True	True
44576	matthewd	2022-02-28 16:08:38	eileencodes	2022-03-28 15:34:09	activerecord/lib/active_record/connection_adapters/postgresql/schema_statements.rb	True	False	True	True
44576	matthewd	2022-02-28 16:08:38	eileencodes	2022-03-28 15:34:09	activerecord/lib/active_record/connection_adapters/abstract/database_statements.rb	False	False	True	True
44576	matthewd	2022-02-28 16:08:38	eileencodes	2022-03-28 15:34:09	activerecord/lib/active_record/connection_adapters/abstract/transaction.rb	False	False	True	True
44576	matthewd	2022-02-28 16:08:38	eileencodes	2022-03-28 15:34:09	activerecord/lib/active_record/connection_adapters/postgresql_adapter.rb	False	False	True	True
44576	matthewd	2022-02-28 16:08:38	eileencodes	2022-03-28 15:34:09	activerecord/lib/active_record/connection_adapters/abstract_mysql_adapter.rb	False	False	True	True
44576	matthewd	2022-02-28 16:08:38	eileencodes	2022-03-28 15:34:09	activerecord/lib/active_record/connection_adapters/mysql2_adapter.rb	False	False	True	True
44576	matthewd	2022-02-28 16:08:38	eileencodes	2022-03-28 15:34:09	activerecord/lib/active_record/connection_adapters/postgresql/database_statements.rb	False	False	True	True
44576	matthewd	2022-02-28 16:08:38	eileencodes	2022-03-28 15:34:09	activerecord/lib/active_record/errors.rb	False	False	True	True
44576	matthewd	2022-02-28 16:08:38	eileencodes	2022-03-28 15:34:09	activerecord/test/cases/adapter_test.rb	False	False	True	True
44576	matthewd	2022-02-28 16:08:38	eileencodes	2022-03-28 15:34:09	activerecord/test/cases/adapters/mysql2/connection_test.rb	False	False	True	True
44576	matthewd	2022-02-28 16:08:38	eileencodes	2022-03-28 15:34:09	activerecord/test/cases/adapters/postgresql/connection_test.rb	False	False	True	True
44576	matthewd	2022-02-28 16:08:38	eileencodes	2022-03-28 15:34:09	activerecord/test/cases/disconnected_test.rb	False	False	True	True
44576	matthewd	2022-02-28 16:08:38	eileencodes	2022-03-28 15:34:09	activerecord/test/cases/transactions_test.rb	False	False	True	True
44576	matthewd	2022-02-28 16:08:38	eileencodes	2022-03-28 15:34:09	activerecord/lib/active_record/connection_adapters/sqlite3_adapter.rb	False	False	True	True
44576	matthewd	2022-02-28 16:08:38	eileencodes	2022-03-28 15:34:09	activerecord/test/cases/statement_invalid_test.rb	False	False	True	True
44576	matthewd	2022-02-28 16:08:38	byroot	2022-03-08 16:48:01	activerecord/lib/active_record/connection_adapters/abstract/connection_pool.rb	True	False	True	True
44576	matthewd	2022-02-28 16:08:38	eileencodes	2022-03-28 15:34:09	activerecord/lib/active_record/connection_adapters/abstract/connection_pool.rb	True	False	True	True
44576	matthewd	2022-02-28 16:08:38	eileencodes	2022-03-28 15:34:09	activerecord/lib/active_record/connection_adapters/postgresql_adapter.rb	True	False	True	True
44576	matthewd	2022-02-28 16:08:38	eileencodes	2022-03-28 15:34:09	activerecord/lib/active_record/connection_adapters/abstract_adapter.rb	False	False	True	True
44576	matthewd	2022-02-28 16:08:38	byroot	2022-03-08 16:48:01	activerecord/lib/active_record/connection_adapters/abstract/database_statements.rb	False	False	True	True
44576	matthewd	2022-02-28 16:08:38	byroot	2022-03-08 16:48:01	activerecord/lib/active_record/connection_adapters/abstract_adapter.rb	True	False	True	True
44576	matthewd	2022-02-28 16:08:38	byroot	2022-03-08 16:48:01	activerecord/lib/active_record/connection_adapters/abstract_mysql_adapter.rb	True	False	True	True
44576	matthewd	2022-02-28 16:08:38	byroot	2022-03-08 16:48:01	activerecord/lib/active_record/connection_adapters/mysql/database_statements.rb	True	False	True	True
44576	matthewd	2022-02-28 16:08:38	byroot	2022-03-08 16:48:01	activerecord/lib/active_record/connection_adapters/mysql2_adapter.rb	True	False	True	True
44576	matthewd	2022-02-28 16:08:38	byroot	2022-03-08 16:48:01	activerecord/lib/active_record/connection_adapters/postgresql/database_statements.rb	True	False	True	True
44576	matthewd	2022-02-28 16:08:38	byroot	2022-03-08 16:48:01	activerecord/test/cases/statement_invalid_test.rb	False	False	True	True
44576	matthewd	2022-02-28 16:08:38	byroot	2022-03-08 16:48:01	activerecord/lib/active_record/connection_adapters/postgresql_adapter.rb	True	False	True	True
44576	matthewd	2022-02-28 16:08:38	byroot	2022-03-08 16:48:01	activerecord/lib/active_record/connection_adapters/sqlite3/database_statements.rb	True	False	True	True
44576	matthewd	2022-02-28 16:08:38	byroot	2022-03-08 16:48:01	activerecord/lib/active_record/connection_adapters/sqlite3_adapter.rb	True	False	True	True
44576	matthewd	2022-02-28 16:08:38	byroot	2022-03-08 16:48:01	activerecord/test/cases/connection_adapters/adapter_leasing_test.rb	True	False	True	True
44576	matthewd	2022-02-28 16:08:38	byroot	2022-03-08 16:48:01	activerecord/test/cases/secure_password_test.rb	True	False	True	True
44576	matthewd	2022-02-28 16:08:38	byroot	2022-03-08 16:48:01	activerecord/lib/active_record/connection_adapters/postgresql/schema_statements.rb	True	False	True	True
44576	matthewd	2022-02-28 16:08:38	byroot	2022-03-08 16:48:01	activerecord/lib/active_record/connection_adapters/postgresql/quoting.rb	True	False	True	True
44576	matthewd	2022-02-28 16:08:38	byroot	2022-03-08 16:48:01	activerecord/lib/active_record/connection_adapters/abstract/savepoints.rb	False	False	True	True
44576	matthewd	2022-02-28 16:08:38	byroot	2022-03-08 16:48:01	activerecord/lib/active_record/connection_adapters/abstract_mysql_adapter.rb	False	False	True	True
44576	matthewd	2022-02-28 16:08:38	byroot	2022-03-08 16:48:01	activerecord/lib/active_record/connection_adapters/mysql2_adapter.rb	False	False	True	True
44576	matthewd	2022-02-28 16:08:38	byroot	2022-03-08 16:48:01	activerecord/lib/active_record/connection_adapters/postgresql/database_statements.rb	False	False	True	True
44576	matthewd	2022-02-28 16:08:38	byroot	2022-03-08 16:48:01	activerecord/lib/active_record/errors.rb	False	False	True	True
44576	matthewd	2022-02-28 16:08:38	byroot	2022-03-08 16:48:01	activerecord/test/cases/adapter_test.rb	False	False	True	True
44576	matthewd	2022-02-28 16:08:38	byroot	2022-03-08 16:48:01	activerecord/lib/active_record/connection_adapters/abstract/transaction.rb	False	False	True	True
44576	matthewd	2022-02-28 16:08:38	byroot	2022-03-08 16:48:01	activerecord/test/cases/adapters/mysql2/connection_test.rb	False	False	True	True
44576	matthewd	2022-02-28 16:08:38	byroot	2022-03-08 16:48:01	activerecord/test/cases/adapters/postgresql/connection_test.rb	False	False	True	True
44576	matthewd	2022-02-28 16:08:38	byroot	2022-03-08 16:48:01	activerecord/test/cases/disconnected_test.rb	False	False	True	True
44576	matthewd	2022-02-28 16:08:38	byroot	2022-03-08 16:48:01	activerecord/test/cases/transactions_test.rb	False	False	True	True
44576	matthewd	2022-02-28 16:08:38	byroot	2022-03-08 16:48:01	activerecord/lib/active_record/connection_adapters/sqlite3_adapter.rb	False	False	True	True
44575	casperisfine	2022-02-28 16:04:30	rafaelfranca	2022-03-02 03:42:36	activesupport/lib/active_support/dependencies/autoload.rb	True	True	False	True
44574	NobodysNightmare	2022-02-28 15:07:46	vipulnsward	2022-04-05 19:39:17	guides/source/active_storage_overview.md	True	False	False	True
44558	ghousemohamed	2022-02-26 05:25:45	matthewd	2022-02-28 02:17:23	activestorage/test/models/attached/one_test.rb	False	False	True	True
44558	ghousemohamed	2022-02-26 05:25:45	matthewd	2022-02-28 02:17:23	activestorage/test/models/attached/many_test.rb	False	False	True	True
44558	ghousemohamed	2022-02-26 05:25:45	matthewd	2022-02-27 09:05:46	activestorage/test/models/attached/one_test.rb	False	False	True	True
44558	ghousemohamed	2022-02-26 05:25:45	matthewd	2022-02-27 09:05:46	activestorage/test/models/attached/many_test.rb	False	False	True	True
44558	ghousemohamed	2022-02-26 05:25:45	jorgemanrubia	2022-05-14 21:14:32	activestorage/test/models/attached/one_test.rb	False	False	True	True
44558	ghousemohamed	2022-02-26 05:25:45	jorgemanrubia	2022-05-14 21:14:32	activestorage/test/models/attached/many_test.rb	False	False	True	True
44551	casperisfine	2022-02-25 12:23:54	st0012	2022-03-06 12:15:16	activesupport/test/error_reporter_test.rb	True	True	False	True
44551	casperisfine	2022-02-25 12:23:54	st0012	2022-03-06 12:15:16	activesupport/lib/active_support/error_reporter.rb	True	True	False	True
44547	skipkayhil	2022-02-25 04:57:16	rafaelfranca	2022-06-29 22:01:04	activerecord/test/cases/associations/has_and_belongs_to_many_associations_test.rb	True	True	True	True
44547	skipkayhil	2022-02-25 04:57:16	rafaelfranca	2022-06-29 22:01:04	.rubocop.yml	True	True	True	True
44547	skipkayhil	2022-02-25 04:57:16	rafaelfranca	2022-06-29 22:01:04	actionpack/test/dispatch/request_test.rb	True	True	True	True
44547	skipkayhil	2022-02-25 04:57:16	rafaelfranca	2022-06-29 22:01:04	activemodel/test/cases/validations/length_validation_test.rb	True	True	True	True
44547	skipkayhil	2022-02-25 04:57:16	rafaelfranca	2022-06-29 22:01:04	activemodel/test/cases/validations/presence_validation_test.rb	True	True	True	True
44547	skipkayhil	2022-02-25 04:57:16	rafaelfranca	2022-06-29 22:01:04	activerecord/test/cases/adapters/postgresql/enum_test.rb	True	True	True	True
44547	skipkayhil	2022-02-25 04:57:16	rafaelfranca	2022-06-29 22:01:04	activerecord/test/cases/arel/nodes/node_test.rb	True	True	True	True
44547	skipkayhil	2022-02-25 04:57:16	rafaelfranca	2022-06-29 22:01:04	activerecord/test/cases/encryption/encryptable_record_api_test.rb	True	True	True	True
44547	skipkayhil	2022-02-25 04:57:16	rafaelfranca	2022-06-29 22:01:04	activerecord/test/cases/multi_db_migrator_test.rb	True	True	True	True
44547	skipkayhil	2022-02-25 04:57:16	rafaelfranca	2022-06-29 22:01:04	activerecord/test/cases/test_case.rb	True	True	True	True
44547	skipkayhil	2022-02-25 04:57:16	rafaelfranca	2022-06-29 22:01:04	activerecord/test/support/async_helper.rb	True	True	True	True
44547	skipkayhil	2022-02-25 04:57:16	rafaelfranca	2022-06-29 22:01:04	activesupport/test/test_case_test.rb	True	True	True	True
44547	skipkayhil	2022-02-25 04:57:16	rafaelfranca	2022-06-29 22:01:04	railties/test/application/mailer_previews_test.rb	True	True	True	True
44547	skipkayhil	2022-02-25 04:57:16	rafaelfranca	2022-06-29 22:01:04	railties/test/railties/engine_test.rb	True	True	True	True
44547	skipkayhil	2022-02-25 04:57:16	rafaelfranca	2022-06-29 22:01:04	activerecord/test/cases/encryption/read_only_null_encryptor_test.rb	True	True	True	True
44537	brtrick	2022-02-24 02:04:58	matthewd	2022-02-27 09:16:12	railties/test/application/routing_test.rb	False	True	True	True
44537	brtrick	2022-02-24 02:04:58	matthewd	2022-02-27 09:16:12	actionpack/test/controller/request_forgery_protection_test.rb	False	True	True	True
44537	brtrick	2022-02-24 02:04:58	matthewd	2022-02-27 09:16:12	actionpack/lib/action_controller/metal/request_forgery_protection.rb	False	True	True	True
44537	brtrick	2022-02-24 02:04:58	matthewd	2022-02-27 09:16:12	actionpack/CHANGELOG.md	False	True	True	True
44537	brtrick	2022-02-24 02:04:58	matthewd	2022-02-27 09:16:12	actionmailbox/app/controllers/action_mailbox/base_controller.rb	False	True	True	True
44528	casperisfine	2022-02-23 13:35:58	ChrisBr	2022-02-23 13:42:42	activerecord/CHANGELOG.md	True	True	False	True
44528	casperisfine	2022-02-23 13:35:58	ChrisBr	2022-02-23 13:42:42	activerecord/lib/active_record/test_fixtures.rb	True	True	False	True
44523	SValkanov	2022-02-22 23:50:47	jonathanhefner	2022-02-23 20:46:06	actionpack/lib/action_controller/base.rb	True	True	True	True
44521	ghousemohamed	2022-02-22 20:19:07	kamipo	2022-02-23 05:45:53	activerecord/test/cases/invertible_migration_test.rb	True	False	True	True
44521	ghousemohamed	2022-02-22 20:19:07	kamipo	2022-02-23 05:45:53	activerecord/test/cases/base_test.rb	True	False	True	True
44521	ghousemohamed	2022-02-22 20:19:07	kamipo	2022-02-23 05:45:53	activerecord/test/cases/statement_cache_test.rb	True	False	True	True
44515	skipkayhil	2022-02-22 03:49:38	matthewd	2022-02-22 06:57:58	railties/lib/rails/generators/rails/plugin/plugin_generator.rb	True	False	True	True
44515	skipkayhil	2022-02-22 03:49:38	matthewd	2022-02-22 06:57:58	railties/lib/rails/generators/rails/app/app_generator.rb	True	False	True	True
44515	skipkayhil	2022-02-22 03:49:38	matthewd	2022-02-22 06:57:58	railties/lib/rails/generators/app_base.rb	True	False	True	True
44511	p8	2022-02-21 19:46:05	jonathanhefner	2022-02-21 22:29:23	actionpack/lib/action_dispatch/http/permissions_policy.rb	True	False	True	True
44511	p8	2022-02-21 19:46:05	jonathanhefner	2022-02-21 22:29:23	actionpack/lib/action_controller/metal/permissions_policy.rb	True	False	True	True
44495	Edouard-chin	2022-02-21 00:34:48	gmcgibbon	2022-02-23 17:59:45	railties/test/railties/railtie_test.rb	True	True	True	True
44495	Edouard-chin	2022-02-21 00:34:48	gmcgibbon	2022-02-23 17:59:45	railties/lib/rails/railtie.rb	True	True	True	True
44495	Edouard-chin	2022-02-21 00:34:48	rafaelfranca	2022-02-25 19:46:18	railties/test/railties/railtie_test.rb	True	True	True	True
44495	Edouard-chin	2022-02-21 00:34:48	rafaelfranca	2022-02-25 19:46:18	railties/lib/rails/railtie.rb	True	True	True	True
44493	ghousemohamed	2022-02-20 15:35:07	nvasilevski	2022-02-20 19:37:21	guides/source/initialization.md	False	False	True	True
44493	ghousemohamed	2022-02-20 15:35:07	nvasilevski	2022-02-20 19:52:12	guides/source/initialization.md	False	False	True	True
44493	ghousemohamed	2022-02-20 15:35:07	jonathanhefner	2022-02-21 19:28:09	guides/source/initialization.md	False	False	True	True
44488	p8	2022-02-19 21:41:29	jonathanhefner	2022-02-21 19:58:49	railties/lib/rails/generators/rails/app/templates/config/initializers/content_security_policy.rb.tt	True	False	True	True
44488	p8	2022-02-19 21:41:29	jonathanhefner	2022-02-21 20:08:35	railties/lib/rails/generators/rails/app/templates/config/initializers/content_security_policy.rb.tt	True	False	True	True
44486	ghousemohamed	2022-02-19 18:43:43	jonathanhefner	2022-02-19 19:28:00	guides/source/getting_started.md	False	False	True	True
44482	la-ruby	2022-02-18 20:08:50	jonathanhefner	2022-02-18 21:16:41	guides/source/asset_pipeline.md	True	True	True	True
44476	dspaeth-lp	2022-02-18 07:54:57	jonathanhefner	2022-05-22 16:37:43	activemodel/lib/active_model/validator.rb	True	False	True	True
44476	dspaeth-lp	2022-02-18 07:54:57	jonathanhefner	2022-05-22 16:37:43	activemodel/test/cases/validations/with_validation_test.rb	True	False	True	True
44476	dspaeth-lp	2022-02-18 07:54:57	jonathanhefner	2022-05-24 17:39:46	activemodel/lib/active_model/validator.rb	True	False	True	True
44476	dspaeth-lp	2022-02-18 07:54:57	jonathanhefner	2022-05-24 17:39:46	activemodel/test/cases/validations/with_validation_test.rb	True	False	True	True
44476	dspaeth-lp	2022-02-18 07:54:57	jonathanhefner	2022-05-23 15:14:51	activemodel/lib/active_model/validator.rb	True	False	True	True
44476	dspaeth-lp	2022-02-18 07:54:57	jonathanhefner	2022-05-23 15:14:51	activemodel/test/cases/validations/with_validation_test.rb	True	False	True	True
44473	gmcgibbon	2022-02-17 23:48:45	rafaelfranca	2022-02-22 22:17:30	.rubocop.yml	True	True	False	True
44473	gmcgibbon	2022-02-17 23:48:45	rafaelfranca	2022-02-22 22:17:05	.rubocop.yml	True	True	False	True
44473	gmcgibbon	2022-02-17 23:48:45	rafaelfranca	2022-02-22 22:17:23	.rubocop.yml	True	True	False	True
44472	camertron	2022-02-17 22:55:46	rafaelfranca	2022-03-08 00:46:18	guides/source/configuring.md	False	True	True	True
44472	camertron	2022-02-17 22:55:46	rafaelfranca	2022-03-08 00:46:18	actionview/lib/action_view/helpers/content_exfiltration_prevention_helper.rb	False	True	True	True
44472	camertron	2022-02-17 22:55:46	rafaelfranca	2022-03-08 00:46:18	actionview/lib/action_view/helpers/form_tag_helper.rb	False	True	True	True
44472	camertron	2022-02-17 22:55:46	rafaelfranca	2022-03-08 00:46:18	actionview/lib/action_view/helpers/url_helper.rb	False	True	True	True
44472	camertron	2022-02-17 22:55:46	rafaelfranca	2022-03-08 00:46:18	actionview/lib/action_view/railtie.rb	False	True	True	True
44472	camertron	2022-02-17 22:55:46	rafaelfranca	2022-03-08 00:46:18	actionview/test/template/form_tag_helper_test.rb	False	True	True	True
44472	camertron	2022-02-17 22:55:46	rafaelfranca	2022-03-08 00:46:18	actionview/test/template/url_helper_test.rb	False	True	True	True
44472	camertron	2022-02-17 22:55:46	jonathanhefner	2022-02-23 19:02:57	actionview/lib/action_view/helpers/content_exfiltration_prevention_helper.rb	False	True	True	True
44472	camertron	2022-02-17 22:55:46	jonathanhefner	2022-02-23 19:02:57	actionview/lib/action_view/helpers.rb	False	True	True	True
44472	camertron	2022-02-17 22:55:46	jonathanhefner	2022-02-23 19:02:57	actionview/lib/action_view/helpers/form_tag_helper.rb	False	True	True	True
44472	camertron	2022-02-17 22:55:46	jonathanhefner	2022-02-23 19:02:57	actionview/lib/action_view/helpers/url_helper.rb	False	True	True	True
44472	camertron	2022-02-17 22:55:46	jonathanhefner	2022-02-23 19:02:57	actionview/lib/action_view/railtie.rb	False	True	True	True
44472	camertron	2022-02-17 22:55:46	jonathanhefner	2022-02-23 19:02:57	actionview/test/template/form_tag_helper_test.rb	False	True	True	True
44472	camertron	2022-02-17 22:55:46	rafaelfranca	2022-03-02 22:23:36	guides/source/configuring.md	False	True	True	True
44472	camertron	2022-02-17 22:55:46	rafaelfranca	2022-03-08 00:46:18	actionview/lib/action_view/helpers.rb	False	True	True	True
44472	camertron	2022-02-17 22:55:46	jonathanhefner	2022-02-23 19:02:57	guides/source/configuring.md	False	True	True	True
44472	camertron	2022-02-17 22:55:46	rafaelfranca	2022-03-02 22:23:36	actionview/test/template/url_helper_test.rb	False	True	True	True
44472	camertron	2022-02-17 22:55:46	rafaelfranca	2022-03-02 22:23:36	actionview/test/template/form_tag_helper_test.rb	False	True	True	True
44472	camertron	2022-02-17 22:55:46	matthewd	2022-05-20 06:32:43	actionview/lib/action_view/helpers.rb	False	True	True	True
44472	camertron	2022-02-17 22:55:46	rafaelfranca	2022-03-02 22:23:36	actionview/lib/action_view/railtie.rb	False	True	True	True
44472	camertron	2022-02-17 22:55:46	rafaelfranca	2022-03-02 22:23:36	actionview/lib/action_view/helpers/url_helper.rb	False	True	True	True
44472	camertron	2022-02-17 22:55:46	rafaelfranca	2022-03-02 22:23:36	actionview/lib/action_view/helpers/form_tag_helper.rb	False	True	True	True
44472	camertron	2022-02-17 22:55:46	rafaelfranca	2022-03-02 22:23:36	actionview/lib/action_view/helpers/content_exfiltration_prevention_helper.rb	False	True	True	True
44472	camertron	2022-02-17 22:55:46	rafaelfranca	2022-03-02 22:23:36	actionview/lib/action_view/helpers.rb	False	True	True	True
44472	camertron	2022-02-17 22:55:46	matthewd	2022-05-20 06:32:43	guides/source/configuring.md	False	True	True	True
44472	camertron	2022-02-17 22:55:46	matthewd	2022-05-20 06:32:43	actionview/test/template/url_helper_test.rb	False	True	True	True
44472	camertron	2022-02-17 22:55:46	matthewd	2022-05-20 06:32:43	actionview/test/template/form_tag_helper_test.rb	False	True	True	True
44472	camertron	2022-02-17 22:55:46	matthewd	2022-05-20 06:32:43	actionview/lib/action_view/railtie.rb	False	True	True	True
44472	camertron	2022-02-17 22:55:46	matthewd	2022-05-20 06:32:43	actionview/lib/action_view/helpers/url_helper.rb	False	True	True	True
44472	camertron	2022-02-17 22:55:46	matthewd	2022-05-20 06:32:43	actionview/lib/action_view/helpers/form_tag_helper.rb	False	True	True	True
44472	camertron	2022-02-17 22:55:46	matthewd	2022-05-20 06:32:43	actionview/lib/action_view/helpers/content_exfiltration_prevention_helper.rb	False	True	True	True
44472	camertron	2022-02-17 22:55:46	jonathanhefner	2022-02-23 19:02:57	actionview/test/template/url_helper_test.rb	False	True	True	True
44472	camertron	2022-02-17 22:55:46	matthewd	2022-03-08 01:01:21	actionview/lib/action_view/helpers/url_helper.rb	False	True	True	True
44472	camertron	2022-02-17 22:55:46	ghiculescu	2022-02-18 22:23:25	actionview/lib/action_view/helpers.rb	False	True	True	True
44472	camertron	2022-02-17 22:55:46	matthewd	2022-03-08 01:01:21	actionview/lib/action_view/helpers/content_exfiltration_prevention_helper.rb	False	True	True	True
44472	camertron	2022-02-17 22:55:46	rafaelfranca	2022-03-02 21:43:25	guides/source/configuring.md	False	True	True	True
44472	camertron	2022-02-17 22:55:46	rafaelfranca	2022-03-02 21:43:25	actionview/test/template/url_helper_test.rb	False	True	True	True
44472	camertron	2022-02-17 22:55:46	rafaelfranca	2022-03-02 21:43:25	actionview/test/template/form_tag_helper_test.rb	False	True	True	True
44472	camertron	2022-02-17 22:55:46	rafaelfranca	2022-03-02 21:43:25	actionview/lib/action_view/railtie.rb	False	True	True	True
44472	camertron	2022-02-17 22:55:46	rafaelfranca	2022-03-02 21:43:25	actionview/lib/action_view/helpers/url_helper.rb	False	True	True	True
44472	camertron	2022-02-17 22:55:46	rafaelfranca	2022-03-02 21:43:25	actionview/lib/action_view/helpers/form_tag_helper.rb	False	True	True	True
44472	camertron	2022-02-17 22:55:46	rafaelfranca	2022-03-02 21:43:25	actionview/lib/action_view/helpers/content_exfiltration_prevention_helper.rb	False	True	True	True
44472	camertron	2022-02-17 22:55:46	rafaelfranca	2022-03-02 21:43:25	actionview/lib/action_view/helpers.rb	False	True	True	True
44472	camertron	2022-02-17 22:55:46	matthewd	2022-03-08 01:01:21	guides/source/configuring.md	False	True	True	True
44472	camertron	2022-02-17 22:55:46	matthewd	2022-03-08 01:01:21	actionview/test/template/url_helper_test.rb	False	True	True	True
44472	camertron	2022-02-17 22:55:46	matthewd	2022-03-08 01:01:21	actionview/test/template/form_tag_helper_test.rb	False	True	True	True
44472	camertron	2022-02-17 22:55:46	matthewd	2022-03-08 01:01:21	actionview/lib/action_view/railtie.rb	False	True	True	True
44472	camertron	2022-02-17 22:55:46	matthewd	2022-03-08 01:01:21	actionview/lib/action_view/helpers/form_tag_helper.rb	False	True	True	True
44472	camertron	2022-02-17 22:55:46	matthewd	2022-03-08 01:01:21	actionview/lib/action_view/helpers.rb	False	True	True	True
44472	camertron	2022-02-17 22:55:46	ghiculescu	2022-02-18 22:22:57	guides/source/configuring.md	False	True	True	True
44472	camertron	2022-02-17 22:55:46	ghiculescu	2022-02-18 22:22:57	actionview/test/template/url_helper_test.rb	False	True	True	True
44472	camertron	2022-02-17 22:55:46	ghiculescu	2022-02-18 22:22:57	actionview/test/template/form_tag_helper_test.rb	False	True	True	True
44472	camertron	2022-02-17 22:55:46	ghiculescu	2022-02-18 22:22:57	actionview/lib/action_view/railtie.rb	False	True	True	True
44472	camertron	2022-02-17 22:55:46	ghiculescu	2022-02-18 22:22:57	actionview/lib/action_view/helpers/url_helper.rb	False	True	True	True
44472	camertron	2022-02-17 22:55:46	ghiculescu	2022-02-18 22:22:57	actionview/lib/action_view/helpers/form_tag_helper.rb	False	True	True	True
44472	camertron	2022-02-17 22:55:46	ghiculescu	2022-02-18 22:22:57	actionview/lib/action_view/helpers/content_exfiltration_prevention_helper.rb	False	True	True	True
44472	camertron	2022-02-17 22:55:46	ghiculescu	2022-02-18 22:22:57	actionview/lib/action_view/helpers.rb	False	True	True	True
44472	camertron	2022-02-17 22:55:46	ghiculescu	2022-02-18 22:23:25	guides/source/configuring.md	False	True	True	True
44472	camertron	2022-02-17 22:55:46	ghiculescu	2022-02-18 22:23:25	actionview/test/template/url_helper_test.rb	False	True	True	True
44472	camertron	2022-02-17 22:55:46	ghiculescu	2022-02-18 22:23:25	actionview/test/template/form_tag_helper_test.rb	False	True	True	True
44472	camertron	2022-02-17 22:55:46	ghiculescu	2022-02-18 22:23:25	actionview/lib/action_view/railtie.rb	False	True	True	True
44472	camertron	2022-02-17 22:55:46	ghiculescu	2022-02-18 22:23:25	actionview/lib/action_view/helpers/url_helper.rb	False	True	True	True
44472	camertron	2022-02-17 22:55:46	ghiculescu	2022-02-18 22:23:25	actionview/lib/action_view/helpers/form_tag_helper.rb	False	True	True	True
44472	camertron	2022-02-17 22:55:46	ghiculescu	2022-02-18 22:23:25	actionview/lib/action_view/helpers/content_exfiltration_prevention_helper.rb	False	True	True	True
44470	p8	2022-02-17 21:13:09	jonathanhefner	2022-02-17 22:11:10	actionpack/lib/action_dispatch/http/content_security_policy.rb	True	False	True	True
44470	p8	2022-02-17 21:13:09	jonathanhefner	2022-02-17 22:11:10	guides/source/security.md	True	False	True	True
44468	seanpdoyle	2022-02-17 20:58:10	gmcgibbon	2022-05-25 00:02:03	actionview/lib/action_view/helpers/form_helper.rb	True	True	True	True
44468	seanpdoyle	2022-02-17 20:58:10	gmcgibbon	2022-05-25 00:02:03	actionview/CHANGELOG.md	True	True	True	True
44468	seanpdoyle	2022-02-17 20:58:10	etiennebarrie	2022-05-18 14:13:30	actionview/test/template/form_helper/form_with_test.rb	True	True	True	True
44468	seanpdoyle	2022-02-17 20:58:10	etiennebarrie	2022-05-18 14:13:30	actionview/lib/action_view/helpers/form_helper.rb	True	True	True	True
44468	seanpdoyle	2022-02-17 20:58:10	etiennebarrie	2022-05-18 14:13:30	actionview/CHANGELOG.md	True	True	True	True
44468	seanpdoyle	2022-02-17 20:58:10	gmcgibbon	2022-05-25 00:02:03	actionview/test/template/form_helper/form_with_test.rb	True	True	True	True
44466	p8	2022-02-17 20:21:14	jonathanhefner	2022-02-17 21:05:05	railties/lib/rails/application/configuration.rb	True	False	True	True
44462	Yunique33	2022-02-17 17:11:37	jonathanhefner	2022-02-17 17:19:05	guides/source/getting_started.md	True	True	True	True
44451	p8	2022-02-16 18:05:32	jonathanhefner	2022-02-17 17:55:34	actionpack/lib/action_dispatch/http/content_security_policy.rb	True	False	True	True
44451	p8	2022-02-16 18:05:32	jonathanhefner	2022-02-16 18:50:55	actionpack/lib/action_dispatch/http/content_security_policy.rb	True	False	True	True
44451	p8	2022-02-16 18:05:32	jonathanhefner	2022-02-16 21:36:54	actionpack/lib/action_dispatch/http/content_security_policy.rb	True	False	True	True
44449	p8	2022-02-16 16:04:01	jonathanhefner	2022-02-17 17:41:24	actionpack/lib/action_controller/metal/content_security_policy.rb	True	True	True	True
44449	p8	2022-02-16 16:04:01	jonathanhefner	2022-02-17 18:19:16	actionpack/lib/action_controller/metal/content_security_policy.rb	True	True	True	True
44449	p8	2022-02-16 16:04:01	jonathanhefner	2022-02-17 18:23:07	actionpack/lib/action_controller/metal/content_security_policy.rb	True	True	True	True
44449	p8	2022-02-16 16:04:01	jonathanhefner	2022-02-16 18:15:50	actionpack/lib/action_controller/metal/content_security_policy.rb	True	True	True	True
44448	p8	2022-02-16 15:43:15	jonathanhefner	2022-02-16 19:01:48	railties/lib/rails/application/configuration.rb	True	True	True	True
44448	p8	2022-02-16 15:43:15	jonathanhefner	2022-02-16 17:42:57	railties/lib/rails/application/configuration.rb	True	True	True	True
44446	casperisfine	2022-02-16 10:38:20	eileencodes	2022-03-28 16:29:02	activerecord/lib/active_record/relation/query_methods.rb	False	True	True	True
44446	casperisfine	2022-02-16 10:38:20	eileencodes	2022-03-28 16:29:02	activerecord/lib/active_record.rb	True	True	True	True
44446	casperisfine	2022-02-16 10:38:20	eileencodes	2022-03-28 16:29:02	activerecord/test/cases/relation/delegation_test.rb	False	True	True	True
44446	casperisfine	2022-02-16 10:38:20	eileencodes	2022-03-28 16:29:02	activerecord/test/cases/null_relation_test.rb	False	True	True	True
44446	casperisfine	2022-02-16 10:38:20	eileencodes	2022-03-28 16:29:02	activerecord/test/cases/finder_test.rb	False	True	True	True
44446	casperisfine	2022-02-16 10:38:20	eileencodes	2022-03-28 16:29:02	activerecord/test/cases/calculations_test.rb	False	True	True	True
44446	casperisfine	2022-02-16 10:38:20	eileencodes	2022-03-28 16:29:02	activerecord/lib/active_record/connection_adapters/abstract/database_statements.rb	True	True	True	True
44446	casperisfine	2022-02-16 10:38:20	eileencodes	2022-03-28 16:29:02	activerecord/lib/active_record/associations/collection_proxy.rb	False	True	True	True
44446	casperisfine	2022-02-16 10:38:20	eileencodes	2022-03-28 16:29:02	activerecord/lib/active_record/relation/calculations.rb	False	True	True	True
44446	casperisfine	2022-02-16 10:38:20	eileencodes	2022-03-28 16:29:02	activerecord/lib/active_record/relation.rb	False	True	True	True
44446	casperisfine	2022-02-16 10:38:20	eileencodes	2022-03-28 16:29:02	activerecord/lib/active_record/querying.rb	False	True	True	True
44446	casperisfine	2022-02-16 10:38:20	eileencodes	2022-03-28 16:29:02	activerecord/lib/active_record/promise.rb	False	True	True	True
44446	casperisfine	2022-02-16 10:38:20	eileencodes	2022-03-28 16:29:02	activerecord/lib/active_record/null_relation.rb	False	True	True	True
44446	casperisfine	2022-02-16 10:38:20	eileencodes	2022-03-28 16:29:02	activerecord/lib/active_record/associations/collection_proxy.rb	True	True	True	True
44446	casperisfine	2022-02-16 10:38:20	eileencodes	2022-03-28 16:29:02	activerecord/test/cases/calculations_test.rb	True	True	True	True
44446	casperisfine	2022-02-16 10:38:20	eileencodes	2022-03-28 16:29:02	activerecord/lib/active_record/future_result.rb	True	True	True	True
44446	casperisfine	2022-02-16 10:38:20	eileencodes	2022-03-28 16:29:02	activerecord/test/cases/connection_adapters/standalone_connection_test.rb	True	True	True	True
44446	casperisfine	2022-02-16 10:38:20	eileencodes	2022-03-28 16:29:02	activerecord/test/support/async_helper.rb	True	True	True	True
44446	casperisfine	2022-02-16 10:38:20	eileencodes	2022-03-28 16:29:02	activerecord/test/cases/relation/delegation_test.rb	True	True	True	True
44446	casperisfine	2022-02-16 10:38:20	eileencodes	2022-03-28 16:29:02	activerecord/test/cases/null_relation_test.rb	True	True	True	True
44446	casperisfine	2022-02-16 10:38:20	eileencodes	2022-03-28 16:29:02	activerecord/test/cases/finder_test.rb	True	True	True	True
44446	casperisfine	2022-02-16 10:38:20	eileencodes	2022-03-28 16:29:02	activerecord/lib/active_record/null_relation.rb	True	True	True	True
44446	casperisfine	2022-02-16 10:38:20	eileencodes	2022-03-28 16:29:02	activerecord/test/cases/asynchronous_queries_test.rb	True	True	True	True
44446	casperisfine	2022-02-16 10:38:20	eileencodes	2022-03-28 16:29:02	activerecord/lib/active_record/relation/calculations.rb	True	True	True	True
44446	casperisfine	2022-02-16 10:38:20	eileencodes	2022-03-28 16:29:02	activerecord/lib/active_record/querying.rb	True	True	True	True
44446	casperisfine	2022-02-16 10:38:20	eileencodes	2022-03-28 16:29:02	activerecord/lib/active_record/promise.rb	True	True	True	True
44446	casperisfine	2022-02-16 10:38:20	eileencodes	2022-03-28 16:29:02	activerecord/lib/active_record/result.rb	True	True	True	True
44442	nvasilevski	2022-02-15 23:04:42	jonathanhefner	2022-02-15 23:32:45	activesupport/test/deprecation_test.rb	True	False	True	True
44442	nvasilevski	2022-02-15 23:04:42	jonathanhefner	2022-02-15 23:32:45	activesupport/lib/active_support/testing/method_call_assertions.rb	True	False	True	True
44442	nvasilevski	2022-02-15 23:04:42	jonathanhefner	2022-02-15 23:32:45	activesupport/test/cache/stores/file_store_test.rb	True	False	True	True
44442	nvasilevski	2022-02-15 23:04:42	jonathanhefner	2022-02-15 23:32:45	activesupport/test/cache/stores/null_store_test.rb	True	False	True	True
44442	nvasilevski	2022-02-15 23:04:42	jonathanhefner	2022-02-15 23:32:45	activesupport/test/core_ext/kernel_test.rb	True	False	True	True
44442	nvasilevski	2022-02-15 23:04:42	jonathanhefner	2022-02-15 23:32:45	activesupport/test/logger_test.rb	True	False	True	True
44442	nvasilevski	2022-02-15 23:04:42	jonathanhefner	2022-02-15 23:32:45	activesupport/test/log_subscriber_test.rb	True	False	True	True
44442	nvasilevski	2022-02-15 23:04:42	jonathanhefner	2022-02-15 23:32:45	activesupport/test/metadata/shared_metadata_tests.rb	True	False	True	True
44442	nvasilevski	2022-02-15 23:04:42	jonathanhefner	2022-02-15 23:32:45	activesupport/test/notifications_test.rb	True	False	True	True
44441	jonathanhefner	2022-02-15 22:04:03	gmcgibbon	2022-02-15 23:37:37	guides/source/active_record_encryption.md	True	False	False	True
44439	ghousemohamed	2022-02-15 17:50:17	rafaelfranca	2022-02-25 19:55:48	activestorage/lib/active_storage/attached/one.rb	False	True	True	True
44439	ghousemohamed	2022-02-15 17:50:17	rafaelfranca	2022-02-25 19:55:48	activestorage/lib/active_storage/attached/many.rb	False	True	True	True
44439	ghousemohamed	2022-02-15 17:50:17	rafaelfranca	2022-02-25 19:55:48	activestorage/CHANGELOG.md	False	True	True	True
44438	aramgre	2022-02-15 17:06:52	ghiculescu	2022-03-13 01:43:07	activerecord/test/cases/quoting_test.rb	False	True	True	True
44438	aramgre	2022-02-15 17:06:52	ghiculescu	2022-03-13 01:43:07	activerecord/test/cases/adapters/sqlite3/bind_parameter_test.rb	False	True	True	True
44438	aramgre	2022-02-15 17:06:52	ghiculescu	2022-03-13 01:43:07	activerecord/test/cases/adapters/postgresql/bind_parameter_test.rb	False	True	True	True
44438	aramgre	2022-02-15 17:06:52	ghiculescu	2022-03-13 01:43:07	activerecord/test/cases/adapters/mysql2/quoting_test.rb	False	True	True	True
44438	aramgre	2022-02-15 17:06:52	ghiculescu	2022-03-13 01:43:07	activerecord/test/cases/adapters/mysql2/bind_parameter_test.rb	False	True	True	True
44438	aramgre	2022-02-15 17:06:52	ghiculescu	2022-03-13 01:43:07	activerecord/lib/active_record/connection_adapters/mysql/quoting.rb	False	True	True	True
44438	aramgre	2022-02-15 17:06:52	ghiculescu	2022-03-13 01:43:07	activerecord/lib/active_record/connection_adapters/abstract/quoting.rb	False	True	True	True
44438	aramgre	2022-02-15 17:06:52	ghiculescu	2022-03-13 01:43:07	activerecord/CHANGELOG.md	False	True	True	True
44426	Maheshkumar-novice	2022-02-14 14:08:31	jonathanhefner	2022-02-14 17:18:06	README.md	True	True	True	True
44426	Maheshkumar-novice	2022-02-14 14:08:31	jonathanhefner	2022-02-14 18:04:38	README.md	True	True	True	True
44423	jonathanhefner	2022-02-13 19:22:55	p8	2022-02-14 14:44:41	guides/source/configuring.md	True	False	False	True
44423	jonathanhefner	2022-02-13 19:22:55	p8	2022-02-14 14:44:41	guides/source/rails_on_rack.md	True	False	False	True
44421	jonathanhefner	2022-02-13 19:20:49	p8	2022-02-14 18:26:53	guides/source/action_text_overview.md	True	False	False	True
44420	jonathanhefner	2022-02-13 19:19:37	p8	2022-02-14 18:23:21	guides/source/form_helpers.md	True	False	True	True
44420	jonathanhefner	2022-02-13 19:19:37	p8	2022-02-14 18:23:56	guides/source/form_helpers.md	True	False	True	True
44419	jonathanhefner	2022-02-13 19:17:40	gmcgibbon	2022-02-14 21:13:18	guides/source/getting_started.md	True	False	True	True
44419	jonathanhefner	2022-02-13 19:17:40	p8	2022-02-14 18:14:28	guides/source/getting_started.md	True	False	True	True
44414	DavidColby	2022-02-12 16:12:38	jonathanhefner	2022-02-12 16:51:07	guides/source/documents.yaml	True	False	True	True
44410	ghousemohamed	2022-02-12 06:58:09	jonathanhefner	2022-02-12 17:08:50	guides/source/command_line.md	False	False	True	True
44409	ghousemohamed	2022-02-12 04:42:05	jonathanhefner	2022-02-12 04:56:40	guides/source/asset_pipeline.md	False	False	True	True
44409	ghousemohamed	2022-02-12 04:42:05	jonathanhefner	2022-02-12 04:59:50	guides/source/command_line.md	False	False	True	True
44409	ghousemohamed	2022-02-12 04:42:05	jonathanhefner	2022-02-12 04:59:50	guides/source/asset_pipeline.md	False	False	True	True
44409	ghousemohamed	2022-02-12 04:42:05	jonathanhefner	2022-02-12 04:56:40	guides/source/command_line.md	False	False	True	True
44409	ghousemohamed	2022-02-12 04:42:05	jonathanhefner	2022-02-12 04:49:12	guides/source/asset_pipeline.md	False	False	True	True
44409	ghousemohamed	2022-02-12 04:42:05	jonathanhefner	2022-02-12 04:49:12	guides/source/command_line.md	False	False	True	True
44408	kmcphillips	2022-02-11 23:22:28	byroot	2022-02-12 16:30:18	activerecord/test/cases/adapters/sqlite3/bind_parameter_test.rb	True	True	False	True
44408	kmcphillips	2022-02-11 23:22:28	byroot	2022-02-12 16:30:18	activerecord/test/cases/adapters/postgresql/bind_parameter_test.rb	True	True	False	True
44408	kmcphillips	2022-02-11 23:22:28	byroot	2022-02-12 16:30:18	activerecord/test/cases/adapters/mysql2/quoting_test.rb	True	True	False	True
44408	kmcphillips	2022-02-11 23:22:28	byroot	2022-02-12 16:30:18	activerecord/test/cases/adapters/mysql2/bind_parameter_test.rb	True	True	False	True
44408	kmcphillips	2022-02-11 23:22:28	byroot	2022-02-12 16:30:18	activerecord/lib/active_record/connection_adapters/mysql/quoting.rb	True	True	False	True
44404	kmcphillips	2022-02-11 18:07:36	rafaelfranca	2022-02-11 19:41:43	activerecord/test/cases/adapters/sqlite3/bind_parameter_test.rb	True	True	True	True
44404	kmcphillips	2022-02-11 18:07:36	ajkerr	2022-02-11 18:15:04	activerecord/lib/active_record/connection_adapters/mysql/quoting.rb	True	True	True	True
44404	kmcphillips	2022-02-11 18:07:36	ajkerr	2022-02-11 18:15:04	activerecord/CHANGELOG.md	True	True	True	True
44404	kmcphillips	2022-02-11 18:07:36	rafaelfranca	2022-02-11 19:41:43	activerecord/test/cases/relation/where_test.rb	True	True	True	True
44404	kmcphillips	2022-02-11 18:07:36	rafaelfranca	2022-02-11 19:41:43	activerecord/lib/active_record/connection_adapters/mysql/quoting.rb	True	True	True	True
44404	kmcphillips	2022-02-11 18:07:36	rafaelfranca	2022-02-11 19:41:43	activerecord/test/cases/adapters/postgresql/bind_parameter_test.rb	True	True	True	True
44404	kmcphillips	2022-02-11 18:07:36	rafaelfranca	2022-02-11 19:41:43	activerecord/test/cases/adapters/mysql2/quoting_test.rb	True	True	True	True
44404	kmcphillips	2022-02-11 18:07:36	rafaelfranca	2022-02-11 19:41:43	activerecord/test/cases/adapters/mysql2/bind_parameter_test.rb	True	True	True	True
44404	kmcphillips	2022-02-11 18:07:36	ajkerr	2022-02-11 18:15:04	activerecord/test/cases/adapters/mysql2/quoting_test.rb	True	True	True	True
44404	kmcphillips	2022-02-11 18:07:36	ajkerr	2022-02-11 18:15:04	activerecord/test/cases/adapters/mysql2/bind_parameter_test.rb	True	True	True	True
44404	kmcphillips	2022-02-11 18:07:36	rafaelfranca	2022-02-11 19:41:43	activerecord/CHANGELOG.md	True	True	True	True
44404	kmcphillips	2022-02-11 18:07:36	ajkerr	2022-02-11 18:15:04	activerecord/test/cases/adapters/postgresql/bind_parameter_test.rb	True	True	True	True
44404	kmcphillips	2022-02-11 18:07:36	byroot	2022-02-11 18:10:54	activerecord/test/cases/adapters/mysql2/quoting_test.rb	True	True	True	True
44404	kmcphillips	2022-02-11 18:07:36	ajkerr	2022-02-11 18:15:04	activerecord/test/cases/adapters/sqlite3/bind_parameter_test.rb	True	True	True	True
44404	kmcphillips	2022-02-11 18:07:36	byroot	2022-02-11 18:10:54	activerecord/test/cases/adapters/sqlite3/bind_parameter_test.rb	True	True	True	True
44404	kmcphillips	2022-02-11 18:07:36	byroot	2022-02-11 18:10:54	activerecord/test/cases/adapters/postgresql/bind_parameter_test.rb	True	True	True	True
44404	kmcphillips	2022-02-11 18:07:36	byroot	2022-02-11 18:10:54	activerecord/test/cases/relation/where_test.rb	True	True	True	True
44404	kmcphillips	2022-02-11 18:07:36	byroot	2022-02-11 18:10:54	activerecord/test/cases/adapters/mysql2/bind_parameter_test.rb	True	True	True	True
44404	kmcphillips	2022-02-11 18:07:36	byroot	2022-02-11 18:10:54	activerecord/lib/active_record/connection_adapters/mysql/quoting.rb	True	True	True	True
44404	kmcphillips	2022-02-11 18:07:36	byroot	2022-02-11 18:10:54	activerecord/CHANGELOG.md	True	True	True	True
44404	kmcphillips	2022-02-11 18:07:36	ajkerr	2022-02-11 18:15:04	activerecord/test/cases/relation/where_test.rb	True	True	True	True
44386	ghousemohamed	2022-02-10 09:20:27	nvasilevski	2022-02-10 16:49:37	activesupport/test/cache/behaviors/cache_store_behavior.rb	False	False	True	True
44386	ghousemohamed	2022-02-10 09:20:27	nvasilevski	2022-02-10 16:52:37	activesupport/test/cache/behaviors/cache_store_behavior.rb	False	False	True	True
44384	shugo	2022-02-10 04:05:18	byroot	2022-02-12 09:32:28	activerecord/test/cases/unsafe_raw_sql_test.rb	True	False	False	True
44384	shugo	2022-02-10 04:05:18	byroot	2022-02-12 09:32:28	activerecord/lib/active_record/connection_adapters/sqlite3/quoting.rb	True	False	False	True
44384	shugo	2022-02-10 04:05:18	byroot	2022-02-12 09:32:28	activerecord/lib/active_record/connection_adapters/postgresql/quoting.rb	True	False	False	True
44384	shugo	2022-02-10 04:05:18	byroot	2022-02-12 09:32:28	activerecord/lib/active_record/connection_adapters/mysql/quoting.rb	True	False	False	True
44384	shugo	2022-02-10 04:05:18	byroot	2022-02-12 09:32:28	activerecord/CHANGELOG.md	True	False	False	True
44377	p8	2022-02-09 19:57:55	jonathanhefner	2022-02-10 19:07:11	guides/source/security.md	True	False	True	True
44377	p8	2022-02-09 19:57:55	jonathanhefner	2022-02-10 17:20:11	guides/source/security.md	True	False	True	True
44377	p8	2022-02-09 19:57:55	jonathanhefner	2022-02-10 18:48:45	guides/source/security.md	True	False	True	True
44377	p8	2022-02-09 19:57:55	jonathanhefner	2022-02-09 21:04:09	guides/source/security.md	True	False	True	True
44372	ghousemohamed	2022-02-09 12:30:40	jorgemanrubia	2022-05-31 11:33:14	activestorage/lib/active_storage/attached/model.rb	False	True	True	True
44372	ghousemohamed	2022-02-09 12:30:40	jeremy	2022-05-31 15:36:32	activestorage/CHANGELOG.md	False	True	True	True
44372	ghousemohamed	2022-02-09 12:30:40	jeremy	2022-05-31 15:36:32	activestorage/lib/active_storage/attached/model.rb	False	True	True	True
44372	ghousemohamed	2022-02-09 12:30:40	jeremy	2022-05-31 15:36:32	activestorage/test/dummy/config/environments/test.rb	False	True	True	True
44372	ghousemohamed	2022-02-09 12:30:40	jeremy	2022-05-31 15:36:32	activestorage/test/models/attached/many_test.rb	False	True	True	True
44372	ghousemohamed	2022-02-09 12:30:40	jeremy	2022-05-31 15:36:32	activestorage/test/models/attached/one_test.rb	False	True	True	True
44372	ghousemohamed	2022-02-09 12:30:40	jorgemanrubia	2022-05-31 11:33:14	activestorage/CHANGELOG.md	False	True	True	True
44372	ghousemohamed	2022-02-09 12:30:40	jorgemanrubia	2022-05-31 11:33:14	activestorage/test/dummy/config/environments/test.rb	False	True	True	True
44372	ghousemohamed	2022-02-09 12:30:40	jorgemanrubia	2022-05-31 11:33:14	activestorage/test/models/attached/many_test.rb	False	True	True	True
44372	ghousemohamed	2022-02-09 12:30:40	jorgemanrubia	2022-05-31 11:33:14	activestorage/test/models/attached/one_test.rb	False	True	True	True
44372	ghousemohamed	2022-02-09 12:30:40	ghiculescu	2022-02-10 15:30:21	activestorage/CHANGELOG.md	False	True	True	True
44372	ghousemohamed	2022-02-09 12:30:40	ghiculescu	2022-02-10 15:30:21	activestorage/lib/active_storage/attached/model.rb	False	True	True	True
44372	ghousemohamed	2022-02-09 12:30:40	ghiculescu	2022-02-10 15:30:21	activestorage/test/dummy/config/environments/test.rb	False	True	True	True
44372	ghousemohamed	2022-02-09 12:30:40	ghiculescu	2022-02-10 15:30:21	activestorage/test/models/attached/many_test.rb	False	True	True	True
44372	ghousemohamed	2022-02-09 12:30:40	ghiculescu	2022-02-10 15:30:21	activestorage/test/models/attached/one_test.rb	False	True	True	True
44365	nvasilevski	2022-02-08 23:40:25	rafaelfranca	2022-02-08 23:59:17	activesupport/lib/active_support/testing/assertions.rb	True	False	True	True
44365	nvasilevski	2022-02-08 23:40:25	rafaelfranca	2022-02-09 17:14:40	railties/test/application/rake_test.rb	True	False	True	True
44365	nvasilevski	2022-02-08 23:40:25	rafaelfranca	2022-02-09 17:14:40	railties/test/generators/scaffold_generator_test.rb	True	False	True	True
44365	nvasilevski	2022-02-08 23:40:25	rafaelfranca	2022-02-09 17:14:40	activesupport/lib/active_support/testing/assertions.rb	True	False	True	True
44365	nvasilevski	2022-02-08 23:40:25	rafaelfranca	2022-02-08 23:59:17	railties/test/application/rake_test.rb	True	False	True	True
44365	nvasilevski	2022-02-08 23:40:25	rafaelfranca	2022-02-08 23:59:17	railties/test/generators/scaffold_generator_test.rb	True	False	True	True
44361	jorgemanrubia	2022-02-08 17:08:08	nvasilevski	2022-02-08 17:38:53	guides/source/active_record_encryption.md	True	True	True	True
44361	jorgemanrubia	2022-02-08 17:08:08	nvasilevski	2022-02-08 17:38:53	activerecord/test/cases/encryption/configurable_test.rb	True	True	True	True
44361	jorgemanrubia	2022-02-08 17:08:08	nvasilevski	2022-02-08 17:38:53	activerecord/lib/active_record/encryption/configurable.rb	True	True	True	True
44361	jorgemanrubia	2022-02-08 17:08:08	nvasilevski	2022-02-08 17:38:53	activerecord/CHANGELOG.md	True	True	True	True
44358	rafaelfranca	2022-02-07 23:51:15	kamipo	2022-02-08 01:02:24	activerecord/test/cases/schema_dumper_test.rb	True	True	True	True
44358	rafaelfranca	2022-02-07 23:51:15	kamipo	2022-02-08 01:20:30	activerecord/test/cases/date_time_precision_test.rb	True	True	True	True
44358	rafaelfranca	2022-02-07 23:51:15	kamipo	2022-02-08 01:20:30	activerecord/lib/active_record/connection_adapters/mysql/schema_dumper.rb	True	True	True	True
44358	rafaelfranca	2022-02-07 23:51:15	kamipo	2022-02-08 01:20:30	activerecord/lib/active_record/connection_adapters/abstract/schema_dumper.rb	True	True	True	True
44358	rafaelfranca	2022-02-07 23:51:15	kamipo	2022-02-08 01:02:24	activerecord/test/schema/postgresql_specific_schema.rb	True	True	True	True
44358	rafaelfranca	2022-02-07 23:51:15	kamipo	2022-02-08 01:02:24	activerecord/test/cases/date_time_precision_test.rb	True	True	True	True
44358	rafaelfranca	2022-02-07 23:51:15	kamipo	2022-02-08 01:02:24	activerecord/test/cases/primary_keys_test.rb	True	True	True	True
44358	rafaelfranca	2022-02-07 23:51:15	kamipo	2022-02-08 01:02:24	activerecord/test/cases/defaults_test.rb	True	True	True	True
44358	rafaelfranca	2022-02-07 23:51:15	kamipo	2022-02-08 01:20:30	activerecord/test/cases/primary_keys_test.rb	True	True	True	True
44358	rafaelfranca	2022-02-07 23:51:15	kamipo	2022-02-08 01:02:24	activerecord/lib/active_record/connection_adapters/mysql/schema_dumper.rb	True	True	True	True
44358	rafaelfranca	2022-02-07 23:51:15	kamipo	2022-02-08 01:02:24	activerecord/lib/active_record/connection_adapters/abstract/schema_dumper.rb	True	True	True	True
44358	rafaelfranca	2022-02-07 23:51:15	kamipo	2022-02-08 01:20:30	activerecord/test/cases/defaults_test.rb	True	True	True	True
44358	rafaelfranca	2022-02-07 23:51:15	kamipo	2022-02-08 01:02:24	activerecord/test/schema/sqlite_specific_schema.rb	True	True	True	True
44358	rafaelfranca	2022-02-07 23:51:15	kamipo	2022-02-08 01:20:30	activerecord/test/cases/schema_dumper_test.rb	True	True	True	True
44358	rafaelfranca	2022-02-07 23:51:15	kamipo	2022-02-08 01:32:09	activerecord/test/cases/defaults_test.rb	True	True	True	True
44358	rafaelfranca	2022-02-07 23:51:15	kamipo	2022-02-08 01:20:30	activerecord/test/schema/postgresql_specific_schema.rb	True	True	True	True
44358	rafaelfranca	2022-02-07 23:51:15	kamipo	2022-02-08 01:32:09	activerecord/test/schema/sqlite_specific_schema.rb	True	True	True	True
44358	rafaelfranca	2022-02-07 23:51:15	kamipo	2022-02-08 01:32:09	activerecord/test/schema/postgresql_specific_schema.rb	True	True	True	True
44358	rafaelfranca	2022-02-07 23:51:15	kamipo	2022-02-08 01:32:09	activerecord/test/cases/primary_keys_test.rb	True	True	True	True
44358	rafaelfranca	2022-02-07 23:51:15	kamipo	2022-02-08 01:32:09	activerecord/test/cases/schema_dumper_test.rb	True	True	True	True
44358	rafaelfranca	2022-02-07 23:51:15	kamipo	2022-02-08 01:32:09	activerecord/test/cases/date_time_precision_test.rb	True	True	True	True
44358	rafaelfranca	2022-02-07 23:51:15	kamipo	2022-02-08 01:32:09	activerecord/lib/active_record/connection_adapters/mysql/schema_dumper.rb	True	True	True	True
44358	rafaelfranca	2022-02-07 23:51:15	kamipo	2022-02-08 01:32:09	activerecord/lib/active_record/connection_adapters/abstract/schema_dumper.rb	True	True	True	True
44358	rafaelfranca	2022-02-07 23:51:15	kamipo	2022-02-08 01:20:30	activerecord/test/schema/sqlite_specific_schema.rb	True	True	True	True
44354	dhh	2022-02-07 11:42:24	rafaelfranca	2022-02-08 00:12:04	activerecord/lib/active_record/fixtures.rb	True	True	True	True
44354	dhh	2022-02-07 11:42:24	rafaelfranca	2022-02-08 00:12:04	actionview/test/fixtures/replies.yml	True	True	True	True
44354	dhh	2022-02-07 11:42:24	rafaelfranca	2022-02-08 00:12:04	actionview/test/fixtures/topics.yml	True	True	True	True
44354	dhh	2022-02-07 11:42:24	rafaelfranca	2022-02-08 00:12:04	activemodel/lib/active_model/type/date.rb	True	True	True	True
44354	dhh	2022-02-07 11:42:24	rafaelfranca	2022-02-08 00:12:04	activemodel/lib/active_model/type/helpers/time_value.rb	True	True	True	True
44354	dhh	2022-02-07 11:42:24	rafaelfranca	2022-02-08 00:12:04	activerecord/lib/active_record/attribute_methods.rb	True	True	True	True
44354	dhh	2022-02-07 11:42:24	rafaelfranca	2022-02-08 00:12:04	activerecord/lib/active_record/connection_adapters/abstract/quoting.rb	True	True	True	True
44354	dhh	2022-02-07 11:42:24	rafaelfranca	2022-02-08 00:12:04	activerecord/test/cases/collection_cache_key_test.rb	True	True	True	True
44354	dhh	2022-02-07 11:42:24	rafaelfranca	2022-02-08 00:12:04	activerecord/lib/active_record/integration.rb	True	True	True	True
44354	dhh	2022-02-07 11:42:24	rafaelfranca	2022-02-08 00:12:04	activerecord/lib/active_record/relation/delegation.rb	True	True	True	True
44354	dhh	2022-02-07 11:42:24	rafaelfranca	2022-02-08 00:12:04	activerecord/test/cases/adapters/sqlite3/quoting_test.rb	True	True	True	True
44354	dhh	2022-02-07 11:42:24	rafaelfranca	2022-02-08 00:12:04	activerecord/test/cases/attribute_methods_test.rb	True	True	True	True
44354	dhh	2022-02-07 11:42:24	rafaelfranca	2022-02-08 00:12:04	activerecord/test/cases/cache_key_test.rb	True	True	True	True
44354	dhh	2022-02-07 11:42:24	rafaelfranca	2022-02-08 00:12:04	activerecord/test/cases/core_test.rb	True	True	True	True
44354	dhh	2022-02-07 11:42:24	rafaelfranca	2022-02-08 00:12:04	activesupport/lib/active_support/core_ext/numeric/conversions.rb	False	True	True	True
44354	dhh	2022-02-07 11:42:24	rafaelfranca	2022-02-08 00:12:04	actionpack/lib/action_controller/metal/helpers.rb	True	True	True	True
44354	dhh	2022-02-07 11:42:24	rafaelfranca	2022-02-08 00:12:04	activerecord/lib/active_record/relation/delegation.rb	False	True	True	True
44354	dhh	2022-02-07 11:42:24	rafaelfranca	2022-02-08 00:12:04	activesupport/lib/active_support/core_ext/array/conversions.rb	False	True	True	True
44354	dhh	2022-02-07 11:42:24	rafaelfranca	2022-02-08 00:12:04	activesupport/lib/active_support/core_ext/range/conversions.rb	False	True	True	True
44354	dhh	2022-02-07 11:42:24	rafaelfranca	2022-02-08 00:12:04	activesupport/test/core_ext/time_with_zone_test.rb	False	True	True	True
44354	dhh	2022-02-07 11:42:24	rafaelfranca	2022-02-08 00:12:04	activesupport/test/core_ext/time_ext_test.rb	False	True	True	True
44354	dhh	2022-02-07 11:42:24	rafaelfranca	2022-02-08 00:12:04	activesupport/test/core_ext/range_ext_test.rb	False	True	True	True
44354	dhh	2022-02-07 11:42:24	rafaelfranca	2022-02-08 00:12:04	activesupport/test/core_ext/numeric_ext_test.rb	False	True	True	True
44354	dhh	2022-02-07 11:42:24	rafaelfranca	2022-02-08 00:12:04	activesupport/test/core_ext/date_time_ext_test.rb	False	True	True	True
44354	dhh	2022-02-07 11:42:24	rafaelfranca	2022-02-08 00:12:04	activesupport/test/core_ext/date_ext_test.rb	False	True	True	True
44354	dhh	2022-02-07 11:42:24	rafaelfranca	2022-02-08 00:12:04	activesupport/test/core_ext/array/conversions_test.rb	False	True	True	True
44354	dhh	2022-02-07 11:42:24	rafaelfranca	2022-02-08 00:12:04	activesupport/lib/active_support/time_with_zone.rb	False	True	True	True
44354	dhh	2022-02-07 11:42:24	rafaelfranca	2022-02-08 00:12:04	activesupport/lib/active_support/core_ext/time/conversions.rb	False	True	True	True
44354	dhh	2022-02-07 11:42:24	rafaelfranca	2022-02-08 00:12:04	activesupport/lib/active_support/core_ext/date_time/conversions.rb	False	True	True	True
44354	dhh	2022-02-07 11:42:24	rafaelfranca	2022-02-08 00:12:04	activesupport/lib/active_support/core_ext/date/conversions.rb	False	True	True	True
44354	dhh	2022-02-07 11:42:24	rafaelfranca	2022-02-08 00:12:04	activerecord/test/cases/relation/delegation_test.rb	False	True	True	True
44354	dhh	2022-02-07 11:42:24	rafaelfranca	2022-02-08 00:12:04	activerecord/test/cases/multiparameter_attributes_test.rb	True	True	True	True
44354	dhh	2022-02-07 11:42:24	rafaelfranca	2022-02-08 00:12:04	activerecord/test/cases/integration_test.rb	True	True	True	True
44354	dhh	2022-02-07 11:42:24	rafaelfranca	2022-02-08 00:12:04	activerecord/lib/active_record/relation.rb	True	True	True	True
44354	dhh	2022-02-07 11:42:24	rafaelfranca	2022-02-08 00:12:04	activerecord/test/cases/quoting_test.rb	True	True	True	True
44354	dhh	2022-02-07 11:42:24	rafaelfranca	2022-02-08 00:12:04	activesupport/lib/active_support/time_with_zone.rb	True	True	True	True
44354	dhh	2022-02-07 11:42:24	rafaelfranca	2022-02-08 00:12:04	railties/lib/rails/generators/generated_attribute.rb	True	True	True	True
44354	dhh	2022-02-07 11:42:24	rafaelfranca	2022-02-08 00:12:04	guides/source/security.md	True	True	True	True
44354	dhh	2022-02-07 11:42:24	rafaelfranca	2022-02-08 00:12:04	guides/source/api_documentation_guidelines.md	True	True	True	True
44354	dhh	2022-02-07 11:42:24	rafaelfranca	2022-02-08 00:12:04	guides/source/active_support_core_extensions.md	True	True	True	True
44354	dhh	2022-02-07 11:42:24	rafaelfranca	2022-02-08 00:12:04	guides/source/7_0_release_notes.md	True	True	True	True
44354	dhh	2022-02-07 11:42:24	rafaelfranca	2022-02-08 00:12:04	activesupport/test/time_travel_test.rb	True	True	True	True
44354	dhh	2022-02-07 11:42:24	rafaelfranca	2022-02-08 00:12:04	activesupport/test/core_ext/time_with_zone_test.rb	True	True	True	True
44354	dhh	2022-02-07 11:42:24	rafaelfranca	2022-02-08 00:12:04	activesupport/test/core_ext/time_ext_test.rb	True	True	True	True
44354	dhh	2022-02-07 11:42:24	rafaelfranca	2022-02-08 00:12:04	activesupport/test/core_ext/range_ext_test.rb	True	True	True	True
44354	dhh	2022-02-07 11:42:24	rafaelfranca	2022-02-08 00:12:04	activesupport/test/core_ext/numeric_ext_test.rb	True	True	True	True
44354	dhh	2022-02-07 11:42:24	rafaelfranca	2022-02-08 00:12:04	activesupport/test/core_ext/date_time_ext_test.rb	True	True	True	True
44354	dhh	2022-02-07 11:42:24	rafaelfranca	2022-02-08 00:12:04	activesupport/test/core_ext/date_ext_test.rb	True	True	True	True
44354	dhh	2022-02-07 11:42:24	rafaelfranca	2022-02-08 00:12:04	activesupport/test/core_ext/array/conversions_test.rb	True	True	True	True
44354	dhh	2022-02-07 11:42:24	rafaelfranca	2022-02-08 00:12:04	activesupport/lib/active_support/xml_mini.rb	True	True	True	True
44354	dhh	2022-02-07 11:42:24	rafaelfranca	2022-02-08 00:12:04	activesupport/lib/active_support/core_ext/time/deprecated_conversions.rb	True	True	True	True
44354	dhh	2022-02-07 11:42:24	rafaelfranca	2022-02-08 00:12:04	activesupport/lib/active_support/core_ext/time/conversions.rb	True	True	True	True
44354	dhh	2022-02-07 11:42:24	rafaelfranca	2022-02-08 00:12:04	activesupport/lib/active_support/core_ext/range/deprecated_conversions.rb	True	True	True	True
44354	dhh	2022-02-07 11:42:24	rafaelfranca	2022-02-08 00:12:04	activesupport/lib/active_support/core_ext/range/conversions.rb	True	True	True	True
44354	dhh	2022-02-07 11:42:24	rafaelfranca	2022-02-08 00:12:04	activesupport/lib/active_support/core_ext/numeric/deprecated_conversions.rb	True	True	True	True
44354	dhh	2022-02-07 11:42:24	rafaelfranca	2022-02-08 00:12:04	activesupport/lib/active_support/core_ext/numeric/conversions.rb	True	True	True	True
44354	dhh	2022-02-07 11:42:24	rafaelfranca	2022-02-08 00:12:04	activesupport/lib/active_support/core_ext/date_time/deprecated_conversions.rb	True	True	True	True
44354	dhh	2022-02-07 11:42:24	rafaelfranca	2022-02-08 00:12:04	activesupport/lib/active_support/core_ext/date_time/conversions.rb	True	True	True	True
44354	dhh	2022-02-07 11:42:24	rafaelfranca	2022-02-08 00:12:04	activesupport/lib/active_support/core_ext/date/deprecated_conversions.rb	True	True	True	True
44354	dhh	2022-02-07 11:42:24	rafaelfranca	2022-02-08 00:12:04	activerecord/test/cases/relation/delegation_test.rb	True	True	True	True
44354	dhh	2022-02-07 11:42:24	rafaelfranca	2022-02-08 00:12:04	activesupport/lib/active_support/core_ext/date/conversions.rb	True	True	True	True
44354	dhh	2022-02-07 11:42:24	rafaelfranca	2022-02-08 00:12:04	activesupport/lib/active_support/core_ext/array/deprecated_conversions.rb	True	True	True	True
44354	dhh	2022-02-07 11:42:24	rafaelfranca	2022-02-08 00:12:04	activesupport/lib/active_support/core_ext/array/conversions.rb	True	True	True	True
44354	dhh	2022-02-07 11:42:24	rafaelfranca	2022-02-08 00:12:04	activerecord/test/fixtures/pirates.yml	True	True	True	True
44354	dhh	2022-02-07 11:42:24	rafaelfranca	2022-02-08 00:12:04	activerecord/test/fixtures/memberships.yml	True	True	True	True
44354	dhh	2022-02-07 11:42:24	rafaelfranca	2022-02-08 00:12:04	railties/test/generators/generated_attribute_test.rb	True	True	True	True
44346	nvasilevski	2022-02-06 17:35:49	byroot	2022-02-08 18:15:20	activerecord/CHANGELOG.md	True	True	False	True
44346	nvasilevski	2022-02-06 17:35:49	byroot	2022-02-08 18:15:20	activerecord/lib/active_record/connection_adapters/postgresql_adapter.rb	True	True	False	True
44343	nvasilevski	2022-02-06 00:00:30	matthewd	2022-02-06 13:53:50	.rubocop.yml	True	False	False	True
44329	attack	2022-02-03 22:09:25	nvasilevski	2022-02-03 22:25:25	activerecord/test/cases/encryption/configurable_test.rb	True	False	False	True
44329	attack	2022-02-03 22:09:25	nvasilevski	2022-02-03 22:25:25	activerecord/lib/active_record/encryption/configurable.rb	True	False	False	True
44329	attack	2022-02-03 22:09:25	jorgemanrubia	2022-02-08 14:53:31	activerecord/test/cases/encryption/configurable_test.rb	True	False	False	True
44329	attack	2022-02-03 22:09:25	jorgemanrubia	2022-02-08 14:53:31	activerecord/lib/active_record/encryption/configurable.rb	True	False	False	True
44328	seanpdoyle	2022-02-03 19:23:18	gmcgibbon	2022-02-17 21:00:16	actionview/test/template/form_helper/form_with_test.rb	True	True	True	True
44328	seanpdoyle	2022-02-03 19:23:18	gmcgibbon	2022-02-17 20:47:10	actionview/test/template/form_helper/form_with_test.rb	True	True	True	True
44328	seanpdoyle	2022-02-03 19:23:18	gmcgibbon	2022-02-17 20:47:10	actionview/lib/action_view/helpers/form_helper.rb	True	True	True	True
44328	seanpdoyle	2022-02-03 19:23:18	gmcgibbon	2022-02-17 20:47:10	actionview/CHANGELOG.md	True	True	True	True
44328	seanpdoyle	2022-02-03 19:23:18	gmcgibbon	2022-02-17 21:00:16	actionview/test/template/form_helper_test.rb	True	True	True	True
44328	seanpdoyle	2022-02-03 19:23:18	gmcgibbon	2022-02-17 20:57:54	actionview/lib/action_view/helpers/form_helper.rb	True	True	True	True
44328	seanpdoyle	2022-02-03 19:23:18	gmcgibbon	2022-02-17 21:00:16	actionview/lib/action_view/helpers/form_helper.rb	True	True	True	True
44328	seanpdoyle	2022-02-03 19:23:18	gmcgibbon	2022-02-17 21:00:16	actionview/CHANGELOG.md	True	True	True	True
44328	seanpdoyle	2022-02-03 19:23:18	gmcgibbon	2022-02-17 20:47:10	actionview/test/template/form_helper_test.rb	True	True	True	True
44328	seanpdoyle	2022-02-03 19:23:18	gmcgibbon	2022-02-16 21:41:10	actionview/test/template/form_helper/form_with_test.rb	True	True	True	True
44328	seanpdoyle	2022-02-03 19:23:18	gmcgibbon	2022-02-16 21:41:10	actionview/lib/action_view/helpers/form_helper.rb	True	True	True	True
44328	seanpdoyle	2022-02-03 19:23:18	gmcgibbon	2022-02-16 21:41:10	actionview/test/template/form_helper_test.rb	True	True	True	True
44328	seanpdoyle	2022-02-03 19:23:18	gmcgibbon	2022-02-17 20:57:54	actionview/test/template/form_helper/form_with_test.rb	True	True	True	True
44328	seanpdoyle	2022-02-03 19:23:18	gmcgibbon	2022-02-17 20:57:54	actionview/CHANGELOG.md	True	True	True	True
44328	seanpdoyle	2022-02-03 19:23:18	gmcgibbon	2022-02-17 20:57:54	actionview/test/template/form_helper_test.rb	True	True	True	True
44328	seanpdoyle	2022-02-03 19:23:18	gmcgibbon	2022-02-17 20:40:44	actionview/CHANGELOG.md	True	True	True	True
44328	seanpdoyle	2022-02-03 19:23:18	gmcgibbon	2022-02-17 20:40:44	actionview/lib/action_view/helpers/form_helper.rb	True	True	True	True
44328	seanpdoyle	2022-02-03 19:23:18	gmcgibbon	2022-02-17 20:40:44	actionview/test/template/form_helper/form_with_test.rb	True	True	True	True
44328	seanpdoyle	2022-02-03 19:23:18	gmcgibbon	2022-02-17 20:40:44	actionview/test/template/form_helper_test.rb	True	True	True	True
44328	seanpdoyle	2022-02-03 19:23:18	yujideveloper	2022-02-17 17:00:55	actionview/CHANGELOG.md	True	True	True	True
44328	seanpdoyle	2022-02-03 19:23:18	yujideveloper	2022-02-17 17:00:55	actionview/lib/action_view/helpers/form_helper.rb	True	True	True	True
44328	seanpdoyle	2022-02-03 19:23:18	yujideveloper	2022-02-17 17:00:55	actionview/test/template/form_helper/form_with_test.rb	True	True	True	True
44328	seanpdoyle	2022-02-03 19:23:18	yujideveloper	2022-02-17 17:00:55	actionview/test/template/form_helper_test.rb	True	True	True	True
44328	seanpdoyle	2022-02-03 19:23:18	gmcgibbon	2022-02-16 21:41:10	actionview/CHANGELOG.md	True	True	True	True
44322	shioyama	2022-02-03 08:20:23	casperisfine	2022-02-03 08:54:11	activemodel/CHANGELOG.md	True	True	True	True
44322	shioyama	2022-02-03 08:20:23	casperisfine	2022-02-03 08:54:29	activemodel/CHANGELOG.md	True	True	True	True
44322	shioyama	2022-02-03 08:20:23	casperisfine	2022-02-03 08:54:11	activemodel/test/cases/attributes_test.rb	True	True	True	True
44322	shioyama	2022-02-03 08:20:23	casperisfine	2022-02-03 08:54:11	activemodel/lib/active_model/attribute_methods.rb	True	True	True	True
44322	shioyama	2022-02-03 08:20:23	casperisfine	2022-02-03 08:54:29	activemodel/lib/active_model/attribute_methods.rb	True	True	True	True
44322	shioyama	2022-02-03 08:20:23	casperisfine	2022-02-03 08:54:29	activemodel/test/cases/attributes_test.rb	True	True	True	True
44311	viktorianer	2022-02-02 13:49:40	lewispb	2022-02-04 15:55:58	guides/source/testing.md	True	False	True	True
44311	viktorianer	2022-02-02 13:49:40	lewispb	2022-02-04 15:55:58	guides/source/testing.md	False	False	True	True
44309	nholden	2022-02-02 01:09:58	jhawthorn	2022-02-16 17:39:26	railties/test/application/configuration_test.rb	True	False	False	True
44309	nholden	2022-02-02 01:09:58	jhawthorn	2022-02-16 17:39:26	activerecord/CHANGELOG.md	True	False	False	True
44309	nholden	2022-02-02 01:09:58	jhawthorn	2022-02-16 17:39:26	activejob/lib/active_job/railtie.rb	True	False	False	True
44308	elohanlon	2022-02-01 23:05:28	casperisfine	2022-02-03 16:59:32	activerecord/CHANGELOG.md	True	True	True	True
44308	elohanlon	2022-02-01 23:05:28	casperisfine	2022-02-03 17:01:10	activerecord/CHANGELOG.md	True	True	True	True
44308	elohanlon	2022-02-01 23:05:28	casperisfine	2022-02-03 17:01:10	activerecord/test/cases/connection_adapters/schema_cache_test.rb	True	True	True	True
44308	elohanlon	2022-02-01 23:05:28	casperisfine	2022-02-03 17:01:10	activerecord/lib/active_record/connection_adapters/schema_cache.rb	True	True	True	True
44308	elohanlon	2022-02-01 23:05:28	casperisfine	2022-02-03 16:59:32	activerecord/lib/active_record/connection_adapters/schema_cache.rb	True	True	True	True
44308	elohanlon	2022-02-01 23:05:28	casperisfine	2022-02-03 16:59:32	activerecord/test/cases/connection_adapters/schema_cache_test.rb	True	True	True	True
44306	volmer	2022-02-01 19:14:48	jonathanhefner	2022-02-09 20:33:00	activemodel/lib/active_model/type/value.rb	True	True	True	True
44306	volmer	2022-02-01 19:14:48	jonathanhefner	2022-02-09 17:34:09	activemodel/lib/active_model/type/integer.rb	True	True	True	True
44306	volmer	2022-02-01 19:14:48	jonathanhefner	2022-02-09 17:34:09	activemodel/lib/active_model/type/string.rb	True	True	True	True
44306	volmer	2022-02-01 19:14:48	jonathanhefner	2022-02-09 17:34:09	activemodel/lib/active_model/type/immutable_string.rb	True	True	True	True
44306	volmer	2022-02-01 19:14:48	jonathanhefner	2022-02-09 17:34:09	activemodel/lib/active_model/type/float.rb	True	True	True	True
44306	volmer	2022-02-01 19:14:48	jonathanhefner	2022-02-09 17:34:09	activemodel/lib/active_model/type/decimal.rb	True	True	True	True
44306	volmer	2022-02-01 19:14:48	jonathanhefner	2022-02-09 17:34:09	activemodel/lib/active_model/type/date_time.rb	True	True	True	True
44306	volmer	2022-02-01 19:14:48	jonathanhefner	2022-02-09 17:34:09	activemodel/lib/active_model/type/date.rb	True	True	True	True
44306	volmer	2022-02-01 19:14:48	jonathanhefner	2022-02-09 17:34:09	activemodel/lib/active_model/type/boolean.rb	True	True	True	True
44306	volmer	2022-02-01 19:14:48	jonathanhefner	2022-02-09 17:34:09	activemodel/lib/active_model/type/binary.rb	True	True	True	True
44306	volmer	2022-02-01 19:14:48	jonathanhefner	2022-02-09 17:34:09	activemodel/lib/active_model/type/big_integer.rb	True	True	True	True
44306	volmer	2022-02-01 19:14:48	jonathanhefner	2022-02-09 17:34:09	activemodel/lib/active_model/attributes.rb	True	True	True	True
44306	volmer	2022-02-01 19:14:48	jonathanhefner	2022-02-09 20:33:00	activemodel/lib/active_model/type/decimal.rb	True	True	True	True
44306	volmer	2022-02-01 19:14:48	jonathanhefner	2022-02-09 20:33:00	activemodel/lib/active_model/type/time.rb	True	True	True	True
44306	volmer	2022-02-01 19:14:48	jonathanhefner	2022-02-09 20:33:00	activemodel/lib/active_model/type/string.rb	True	True	True	True
44306	volmer	2022-02-01 19:14:48	jonathanhefner	2022-02-09 20:33:00	activemodel/lib/active_model/type/integer.rb	True	True	True	True
44306	volmer	2022-02-01 19:14:48	jonathanhefner	2022-02-09 20:33:00	activemodel/lib/active_model/type/immutable_string.rb	True	True	True	True
44306	volmer	2022-02-01 19:14:48	jonathanhefner	2022-02-09 20:33:00	activemodel/lib/active_model/type/float.rb	True	True	True	True
44306	volmer	2022-02-01 19:14:48	jonathanhefner	2022-02-09 17:34:09	activemodel/lib/active_model/type/value.rb	True	True	True	True
44306	volmer	2022-02-01 19:14:48	jonathanhefner	2022-02-09 20:33:00	activemodel/lib/active_model/type/date_time.rb	True	True	True	True
44306	volmer	2022-02-01 19:14:48	jonathanhefner	2022-02-09 20:33:00	activemodel/lib/active_model/type/date.rb	True	True	True	True
44306	volmer	2022-02-01 19:14:48	jonathanhefner	2022-02-09 20:33:00	activemodel/lib/active_model/type/boolean.rb	True	True	True	True
44306	volmer	2022-02-01 19:14:48	jonathanhefner	2022-02-09 20:33:00	activemodel/lib/active_model/type/binary.rb	True	True	True	True
44306	volmer	2022-02-01 19:14:48	jonathanhefner	2022-02-09 20:33:00	activemodel/lib/active_model/type/big_integer.rb	True	True	True	True
44306	volmer	2022-02-01 19:14:48	jonathanhefner	2022-02-09 20:33:00	activemodel/lib/active_model/attributes.rb	True	True	True	True
44306	volmer	2022-02-01 19:14:48	jonathanhefner	2022-02-09 17:34:09	activemodel/lib/active_model/type/time.rb	True	True	True	True
44306	volmer	2022-02-01 19:14:48	jonathanhefner	2022-02-08 18:57:12	activemodel/lib/active_model/type/date.rb	True	True	True	True
44306	volmer	2022-02-01 19:14:48	jonathanhefner	2022-02-08 18:57:12	activemodel/lib/active_model/attributes.rb	True	True	True	True
44306	volmer	2022-02-01 19:14:48	jonathanhefner	2022-02-05 23:12:39	activemodel/lib/active_model/type/big_integer.rb	True	True	True	True
44306	volmer	2022-02-01 19:14:48	jonathanhefner	2022-02-05 23:12:39	activemodel/lib/active_model/type/value.rb	True	True	True	True
44306	volmer	2022-02-01 19:14:48	jonathanhefner	2022-02-05 23:12:39	activemodel/lib/active_model/type/time.rb	True	True	True	True
44306	volmer	2022-02-01 19:14:48	jonathanhefner	2022-02-05 23:12:39	activemodel/lib/active_model/type/string.rb	True	True	True	True
44306	volmer	2022-02-01 19:14:48	jonathanhefner	2022-02-05 23:12:39	activemodel/lib/active_model/type/integer.rb	True	True	True	True
44306	volmer	2022-02-01 19:14:48	jonathanhefner	2022-02-05 23:12:39	activemodel/lib/active_model/type/immutable_string.rb	True	True	True	True
44306	volmer	2022-02-01 19:14:48	jonathanhefner	2022-02-05 23:12:39	activemodel/lib/active_model/type/float.rb	True	True	True	True
44306	volmer	2022-02-01 19:14:48	jonathanhefner	2022-02-05 23:12:39	activemodel/lib/active_model/type/decimal.rb	True	True	True	True
44306	volmer	2022-02-01 19:14:48	jonathanhefner	2022-02-05 23:12:39	activemodel/lib/active_model/type/date_time.rb	True	True	True	True
44306	volmer	2022-02-01 19:14:48	jonathanhefner	2022-02-05 23:12:39	activemodel/lib/active_model/type/date.rb	True	True	True	True
44306	volmer	2022-02-01 19:14:48	jonathanhefner	2022-02-08 18:57:12	activemodel/lib/active_model/type/big_integer.rb	True	True	True	True
44306	volmer	2022-02-01 19:14:48	jonathanhefner	2022-02-05 23:12:39	activemodel/lib/active_model/type/binary.rb	True	True	True	True
44306	volmer	2022-02-01 19:14:48	jonathanhefner	2022-02-05 23:12:39	activemodel/lib/active_model/type/boolean.rb	True	True	True	True
44306	volmer	2022-02-01 19:14:48	jonathanhefner	2022-02-05 23:12:39	activemodel/lib/active_model/attributes.rb	True	True	True	True
44306	volmer	2022-02-01 19:14:48	jonathanhefner	2022-02-08 18:57:12	activemodel/lib/active_model/type/value.rb	True	True	True	True
44306	volmer	2022-02-01 19:14:48	jonathanhefner	2022-02-08 18:57:12	activemodel/lib/active_model/type/time.rb	True	True	True	True
44306	volmer	2022-02-01 19:14:48	jonathanhefner	2022-02-08 18:57:12	activemodel/lib/active_model/type/string.rb	True	True	True	True
44306	volmer	2022-02-01 19:14:48	jonathanhefner	2022-02-08 18:57:12	activemodel/lib/active_model/type/integer.rb	True	True	True	True
44306	volmer	2022-02-01 19:14:48	jonathanhefner	2022-02-08 18:57:12	activemodel/lib/active_model/type/immutable_string.rb	True	True	True	True
44306	volmer	2022-02-01 19:14:48	jonathanhefner	2022-02-08 18:57:12	activemodel/lib/active_model/type/float.rb	True	True	True	True
44306	volmer	2022-02-01 19:14:48	jonathanhefner	2022-02-08 18:57:12	activemodel/lib/active_model/type/decimal.rb	True	True	True	True
44306	volmer	2022-02-01 19:14:48	jonathanhefner	2022-02-08 18:57:12	activemodel/lib/active_model/type/date_time.rb	True	True	True	True
44306	volmer	2022-02-01 19:14:48	jonathanhefner	2022-02-08 18:57:12	activemodel/lib/active_model/type/boolean.rb	True	True	True	True
44306	volmer	2022-02-01 19:14:48	jonathanhefner	2022-02-08 18:57:12	activemodel/lib/active_model/type/binary.rb	True	True	True	True
