pr_number	author_user_login	pr_created_at	review_comment_user_login	review_comment_created_at	is_review_review_comment
4795	semaperepelitsa	2012-01-31 15:43:49	josevalim	2012-01-31 16:00:12	True
4795	semaperepelitsa	2012-01-31 15:43:49	josevalim	2012-01-31 16:31:05	True
4768	xuanxu	2012-01-30 20:43:01	jonleighton	2012-01-30 21:51:13	True
4739	nashby	2012-01-28 22:20:38	spastorino	2012-01-29 15:17:28	True
4739	nashby	2012-01-28 22:20:38	rafaelfranca	2012-01-29 15:32:15	True
4739	nashby	2012-01-28 22:20:38	rafaelfranca	2012-01-29 03:41:47	True
4739	nashby	2012-01-28 22:20:38	rafaelfranca	2012-01-29 14:21:16	True
4739	nashby	2012-01-28 22:20:38	spastorino	2012-01-29 00:11:55	True
4732	pwim	2012-01-28 01:54:43	carlosantoniodasilva	2012-01-28 14:02:49	True
4732	pwim	2012-01-28 01:54:43	carlosantoniodasilva	2012-01-28 14:07:22	True
4732	pwim	2012-01-28 01:54:43	carlosantoniodasilva	2012-01-29 18:36:38	True
4732	pwim	2012-01-28 01:54:43	jonleighton	2012-01-28 14:53:36	True
4732	pwim	2012-01-28 01:54:43	jonleighton	2012-01-31 07:37:00	True
4732	pwim	2012-01-28 01:54:43	jonleighton	2012-01-30 21:54:23	True
4732	pwim	2012-01-28 01:54:43	jonleighton	2012-01-28 14:53:03	True
4727	hindenbug	2012-01-27 18:57:38	carlosantoniodasilva	2012-01-27 21:59:12	True
4727	hindenbug	2012-01-27 18:57:38	jonleighton	2012-01-28 10:47:19	True
4727	hindenbug	2012-01-27 18:57:38	jonleighton	2012-01-30 22:24:38	True
4727	hindenbug	2012-01-27 18:57:38	jonleighton	2012-01-28 10:44:51	True
4727	hindenbug	2012-01-27 18:57:38	daliborfilus	2012-01-29 06:10:55	True
4727	hindenbug	2012-01-27 18:57:38	carlosantoniodasilva	2012-01-27 21:58:00	True
4727	hindenbug	2012-01-27 18:57:38	carlosantoniodasilva	2012-01-27 21:57:08	True
4727	hindenbug	2012-01-27 18:57:38	jonleighton	2012-01-28 10:46:10	True
4726	rafaelfranca	2012-01-27 17:10:59	vijaydev	2012-01-27 17:30:21	True
4706	hindenbug	2012-01-26 18:08:49	jonleighton	2012-01-26 18:32:02	True
4706	hindenbug	2012-01-26 18:08:49	jonleighton	2012-01-26 18:31:46	True
4692	arunagw	2012-01-26 11:42:06	parndt	2012-03-13 03:26:58	True
4660	pwim	2012-01-25 08:37:20	jonleighton	2012-01-26 10:40:57	True
4631	jm	2012-01-23 21:57:57	carlosantoniodasilva	2012-05-01 13:53:59	True
4627	hindenbug	2012-01-23 18:40:59	rafaelfranca	2012-01-23 19:08:38	True
4627	hindenbug	2012-01-23 18:40:59	rafaelfranca	2012-01-23 19:08:57	True
4627	hindenbug	2012-01-23 18:40:59	rafaelfranca	2012-01-23 19:26:37	True
4627	hindenbug	2012-01-23 18:40:59	drogus	2012-01-23 19:22:07	True
4613	pda	2012-01-23 13:42:29	josevalim	2012-01-23 13:54:44	True
4596	kennyj	2012-01-22 02:46:34	bogdan	2012-01-24 08:16:02	True
4584	sachin87	2012-01-21 20:00:35	josevalim	2012-01-21 20:05:04	True
4584	sachin87	2012-01-21 20:00:35	josevalim	2012-01-21 20:05:18	True
4584	sachin87	2012-01-21 20:00:35	josevalim	2012-01-21 20:22:36	True
4574	iHiD	2012-01-21 16:17:37	josevalim	2012-01-22 07:38:34	True
4574	iHiD	2012-01-21 16:17:37	josevalim	2012-01-21 20:24:38	True
4528	j-manu	2012-01-18 20:35:54	josevalim	2012-01-18 20:41:27	True
4528	j-manu	2012-01-18 20:35:54	tenderlove	2012-01-18 20:41:29	True
4528	j-manu	2012-01-18 20:35:54	josevalim	2012-01-18 20:41:40	True
4528	j-manu	2012-01-18 20:35:54	tenderlove	2012-01-18 20:41:55	True
4521	kennyj	2012-01-18 16:37:02	tenderlove	2012-01-18 18:31:13	True
4493	bogdan	2012-01-17 10:09:58	tenderlove	2012-01-17 17:32:05	True
4467	vishnuatrai	2012-01-14 20:05:43	vijaydev	2012-01-14 20:20:57	True
4452	tapajos	2012-01-13 15:35:22	tenderlove	2012-05-03 22:56:44	True
4452	tapajos	2012-01-13 15:35:22	tenderlove	2012-05-03 20:48:12	True
4452	tapajos	2012-01-13 15:35:22	drogus	2012-01-17 01:42:43	True
4452	tapajos	2012-01-13 15:35:22	drogus	2012-01-17 05:53:47	True
4446	ayamomiji	2012-01-13 06:22:00	dasch	2012-01-18 17:59:51	True
4437	brentsowers1	2012-01-12 23:54:02	rafaelfranca	2012-01-13 01:37:10	True
4436	brentsowers1	2012-01-12 23:51:58	rafaelfranca	2012-01-13 01:37:43	True
4435	brentsowers1	2012-01-12 23:48:48	rafaelfranca	2012-01-13 01:37:51	True
4433	carlosantoniodasilva	2012-01-12 23:20:55	rafaelfranca	2012-02-01 03:41:59	True
4433	carlosantoniodasilva	2012-01-12 23:20:55	rafaelfranca	2012-01-13 01:13:01	True
4413	kennyj	2012-01-11 17:47:45	dmathieu	2012-01-11 17:53:14	True
4413	kennyj	2012-01-11 17:47:45	dmathieu	2012-01-11 17:49:27	True
4410	denisj	2012-01-11 12:14:03	tenderlove	2012-01-11 18:23:47	True
4404	rizwanreza	2012-01-11 03:04:02	vijaydev	2012-01-11 08:37:07	True
4404	rizwanreza	2012-01-11 03:04:02	spastorino	2012-01-11 13:13:35	True
4390	bkabrda	2012-01-09 08:15:15	tenderlove	2012-01-09 17:20:24	True
4341	coop	2012-01-06 04:36:43	tenderlove	2012-01-06 17:50:10	True
4341	coop	2012-01-06 04:36:43	tenderlove	2012-01-06 17:54:08	True
4341	coop	2012-01-06 04:36:43	rafaelfranca	2012-01-06 17:58:52	True
4341	coop	2012-01-06 04:36:43	rafaelfranca	2012-01-06 18:34:37	True
4341	coop	2012-01-06 04:36:43	rafaelfranca	2012-01-06 18:08:07	True
4341	coop	2012-01-06 04:36:43	tenderlove	2012-01-06 18:02:56	True
4341	coop	2012-01-06 04:36:43	rafaelfranca	2012-01-06 17:52:30	True
4323	lest	2012-01-05 16:14:44	tenderlove	2012-01-05 16:54:11	True
4323	lest	2012-01-05 16:14:44	tenderlove	2012-01-05 17:04:32	True
4303	Karunakar	2012-01-04 18:59:19	spastorino	2012-01-05 17:58:30	True
4303	Karunakar	2012-01-04 18:59:19	jonasschneider	2012-01-05 18:46:13	True
4284	mdespuits	2012-01-03 23:43:31	vijaydev	2012-02-21 20:22:07	True
4284	mdespuits	2012-01-03 23:43:31	vijaydev	2012-02-21 20:16:36	True
4254	alexeymuranov	2012-01-01 19:34:54	jeremy	2012-05-08 15:26:19	True
4254	alexeymuranov	2012-01-01 19:34:54	jeremy	2012-05-07 21:38:26	True
4254	alexeymuranov	2012-01-01 19:34:54	jeremy	2012-05-08 16:36:36	True
4254	alexeymuranov	2012-01-01 19:34:54	jeremy	2012-05-07 21:41:12	True
4254	alexeymuranov	2012-01-01 19:34:54	jeremy	2012-05-07 22:16:58	True
4254	alexeymuranov	2012-01-01 19:34:54	jeremy	2012-05-07 21:38:54	True
4254	alexeymuranov	2012-01-01 19:34:54	jeremy	2012-05-08 18:12:00	True
4254	alexeymuranov	2012-01-01 19:34:54	jeremy	2012-05-08 16:38:06	True
4254	alexeymuranov	2012-01-01 19:34:54	jeremy	2012-05-07 21:40:36	True
4254	alexeymuranov	2012-01-01 19:34:54	jeremy	2012-05-07 21:44:24	True
4254	alexeymuranov	2012-01-01 19:34:54	jeremy	2012-05-08 18:13:02	True
4254	alexeymuranov	2012-01-01 19:34:54	jeremy	2012-05-08 16:37:57	True
4254	alexeymuranov	2012-01-01 19:34:54	jeremy	2012-05-08 16:37:29	True
4254	alexeymuranov	2012-01-01 19:34:54	jeremy	2012-05-08 16:27:40	True
4254	alexeymuranov	2012-01-01 19:34:54	jeremy	2012-05-08 15:25:26	True
4254	alexeymuranov	2012-01-01 19:34:54	jeremy	2012-05-08 14:20:38	True
