pr_number	author_user_login	pr_created_at	commit_user_login	commit_created_at	commit_status_total	commit_status_additions	commit_status_deletions	create_before_pr	is_review_commit
32400	utilum	2018-03-31 21:47:20	utilum	2018-03-31 21:33:38	2	2	0	True	True
32399	LYCrachel	2018-03-31 21:36:12	LYCrachel	2018-04-01 21:05:08	2	1	1	False	True
32399	LYCrachel	2018-03-31 21:36:12	LYCrachel	2018-04-01 21:02:38	8	4	4	False	True
32399	LYCrachel	2018-03-31 21:36:12	LYCrachel	2018-03-31 21:28:40	45	22	23	True	True
32382	timfjord	2018-03-30 08:01:30	timfjord	2018-04-05 15:55:57	104	57	47	False	True
32382	timfjord	2018-03-30 08:01:30	timfjord	2018-04-06 08:57:22	2	1	1	False	True
32382	timfjord	2018-03-30 08:01:30	timfjord	2018-04-09 06:14:19	54	9	45	False	True
32382	timfjord	2018-03-30 08:01:30	timfjord	2018-04-06 11:57:02	14	8	6	False	True
32382	timfjord	2018-03-30 08:01:30	timfjord	2018-04-06 08:44:54	20	15	5	False	True
32382	timfjord	2018-03-30 08:01:30	timfjord	2018-04-09 06:33:03	18	9	9	False	True
32382	timfjord	2018-03-30 08:01:30	timfjord	2018-04-10 06:54:19	208	123	85	False	True
32382	timfjord	2018-03-30 08:01:30	timfjord	2018-04-10 07:01:56	2	2	0	False	True
32382	timfjord	2018-03-30 08:01:30	timfjord	2018-04-11 14:16:32	14	7	7	False	True
32382	timfjord	2018-03-30 08:01:30	timfjord	2018-04-05 13:09:34	47	47	0	False	True
32382	timfjord	2018-03-30 08:01:30	timfjord	2018-03-30 07:46:03	16	16	0	True	True
32382	timfjord	2018-03-30 08:01:30	timfjord	2018-04-05 13:15:59	2	1	1	False	True
32382	timfjord	2018-03-30 08:01:30	timfjord	2018-04-12 07:05:37	14	7	7	False	True
32382	timfjord	2018-03-30 08:01:30	timfjord	2018-04-03 12:32:06	10	9	1	False	True
32382	timfjord	2018-03-30 08:01:30	timfjord	2018-04-03 12:31:01	9	5	4	False	True
32382	timfjord	2018-03-30 08:01:30	timfjord	2018-04-03 10:39:35	24	12	12	False	True
32382	timfjord	2018-03-30 08:01:30	timfjord	2018-04-02 12:49:22	34	21	13	False	True
32382	timfjord	2018-03-30 08:01:30	timfjord	2018-04-02 11:09:00	5	4	1	False	True
32382	timfjord	2018-03-30 08:01:30	timfjord	2018-04-12 06:53:40	42	42	0	False	True
32382	timfjord	2018-03-30 08:01:30	timfjord	2018-04-05 13:43:50	4	2	2	False	True
32381	dillonwelch	2018-03-30 02:42:01	dillonwelch	2018-03-30 02:29:55	180	69	111	True	True
32375	jturkel	2018-03-29 16:02:20	jturkel	2018-05-01 12:45:08	16	9	7	False	True
32375	jturkel	2018-03-29 16:02:20	jturkel	2018-03-29 14:56:42	26	23	3	True	True
32372	malikolivier	2018-03-29 12:46:10	malikolivier	2018-07-29 23:13:18	15	6	9	False	True
32372	malikolivier	2018-03-29 12:46:10	malikolivier	2018-03-29 12:42:09	29	26	3	True	True
32372	malikolivier	2018-03-29 12:46:10	malikolivier	2018-04-02 14:40:38	10	5	5	False	True
32372	malikolivier	2018-03-29 12:46:10	malikolivier	2018-07-29 23:00:58	4	2	2	False	True
32372	malikolivier	2018-03-29 12:46:10	malikolivier	2018-07-29 23:03:44	2	1	1	False	True
32370	riseshia	2018-03-29 07:31:19	riseshia	2018-03-29 07:26:19	2	1	1	True	True
32361	ph3t	2018-03-27 21:36:36	ph3t	2018-07-03 15:50:02	14	10	4	False	True
32360	rmosolgo	2018-03-27 14:25:11	rmosolgo	2018-03-29 13:00:39	10	5	5	False	True
32360	rmosolgo	2018-03-27 14:25:11	rmosolgo	2018-03-27 13:30:51	43	43	0	True	True
32360	rmosolgo	2018-03-27 14:25:11	rmosolgo	2018-03-27 14:23:51	6	6	0	True	True
32350	pixeltrix	2018-03-26 13:44:09	pixeltrix	2018-03-26 13:36:39	32	26	6	True	True
32326	dillonwelch	2018-03-23 04:22:10	dillonwelch	2018-03-20 04:30:38	6	5	1	True	True
32317	dwightwatson	2018-03-22 03:17:23	dwightwatson	2018-03-22 03:16:36	28	24	4	True	True
32313	lulalala	2018-03-21 04:32:28	lulalala	2018-12-22 12:25:02	10	5	5	False	True
32313	lulalala	2018-03-21 04:32:28	lulalala	2019-03-17 10:07:47	18	18	0	False	True
32313	lulalala	2018-03-21 04:32:28	lulalala	2019-01-19 01:53:25	33	20	13	False	True
32313	lulalala	2018-03-21 04:32:28	lulalala	2018-04-03 06:48:11	2	1	1	False	True
32313	lulalala	2018-03-21 04:32:28	lulalala	2018-03-31 14:42:40	205	155	50	False	True
32313	lulalala	2018-03-21 04:32:28	lulalala	2018-12-26 14:35:45	16	8	8	False	True
32313	lulalala	2018-03-21 04:32:28	lulalala	2018-12-23 02:33:57	39	21	18	False	True
32313	lulalala	2018-03-21 04:32:28	lulalala	2019-03-17 07:57:00	16	15	1	False	True
32313	lulalala	2018-03-21 04:32:28	lulalala	2018-12-26 14:36:02	2	1	1	False	True
32313	lulalala	2018-03-21 04:32:28	lulalala	2019-01-12 13:03:22	9	8	1	False	True
32313	lulalala	2018-03-21 04:32:28	lulalala	2018-04-03 06:14:42	5	5	0	False	True
32313	lulalala	2018-03-21 04:32:28	lulalala	2018-03-20 14:39:44	522	363	159	True	True
32313	lulalala	2018-03-21 04:32:28	lulalala	2018-03-26 05:36:56	21	8	13	False	True
32313	lulalala	2018-03-21 04:32:28	lulalala	2018-04-03 05:06:04	41	37	4	False	True
32313	lulalala	2018-03-21 04:32:28	lulalala	2018-03-26 06:46:45	14	7	7	False	True
32313	lulalala	2018-03-21 04:32:28	lulalala	2018-03-26 05:09:59	37	17	20	False	True
32313	lulalala	2018-03-21 04:32:28	lulalala	2018-03-15 08:13:18	337	321	16	True	True
32313	lulalala	2018-03-21 04:32:28	lulalala	2019-03-31 08:31:34	17	17	0	False	True
32313	lulalala	2018-03-21 04:32:28	lulalala	2018-04-02 14:40:09	4	2	2	False	True
32313	lulalala	2018-03-21 04:32:28	lulalala	2018-04-02 16:17:45	13	7	6	False	True
32313	lulalala	2018-03-21 04:32:28	lulalala	2018-04-03 02:52:36	8	7	1	False	True
32313	lulalala	2018-03-21 04:32:28	lulalala	2019-03-17 02:25:08	9	9	0	False	True
32306	danhuynhdev	2018-03-20 06:20:52	danhuynhdev	2018-03-20 06:02:23	56	50	6	True	True
32299	davidstosik	2018-03-19 17:42:58	davidstosik	2018-03-20 18:08:11	10	10	0	False	True
32299	davidstosik	2018-03-19 17:42:58	davidstosik	2018-03-22 10:12:58	34	18	16	False	True
32299	davidstosik	2018-03-19 17:42:58	davidstosik	2018-03-20 19:12:36	8	8	0	False	True
32299	davidstosik	2018-03-19 17:42:58	davidstosik	2018-03-19 17:42:23	24	22	2	True	True
32296	jorgemanrubia	2018-03-19 14:23:58	jorgemanrubia	2018-03-19 14:21:14	7	6	1	True	True
32289	gsamokovarov	2018-03-19 09:00:27	gsamokovarov	2018-03-17 13:55:44	71	14	57	True	True
32284	bogdanvlviv	2018-03-18 23:38:22	bogdanvlviv	2018-03-18 23:03:39	4	2	2	True	True
32282	javan	2018-03-18 14:17:28	javan	2018-03-18 13:59:47	19	15	4	True	True
32279	swrobel	2018-03-17 20:31:26	swrobel	2018-03-17 20:26:03	48	34	14	True	True
32277	derekprior	2018-03-17 16:18:54	derekprior	2018-03-17 16:04:52	152	62	90	True	True
32270	brianknight10	2018-03-16 15:20:53	brianknight10	2018-03-19 14:06:13	13	6	7	False	True
32270	brianknight10	2018-03-16 15:20:53	brianknight10	2018-03-19 13:15:42	16	2	14	False	True
32270	brianknight10	2018-03-16 15:20:53	brianknight10	2018-03-19 12:20:23	1	0	1	False	True
32270	brianknight10	2018-03-16 15:20:53	brianknight10	2018-03-16 17:57:34	2	1	1	False	True
32270	brianknight10	2018-03-16 15:20:53	brianknight10	2018-03-16 14:59:15	24	21	3	True	True
32270	brianknight10	2018-03-16 15:20:53	brianknight10	2018-03-19 14:31:47	7	7	0	False	True
32270	brianknight10	2018-03-16 15:20:53	brianknight10	2018-03-16 17:49:01	8	6	2	False	True
32268	morgoth	2018-03-16 12:02:56	morgoth	2018-03-16 12:00:02	2	1	1	True	True
32254	sgrif	2018-03-14 19:45:22	sgrif	2018-03-14 19:42:40	27	14	13	True	True
32250	bogdanvlviv	2018-03-14 11:47:10	bogdanvlviv	2018-03-14 11:40:43	14	14	0	True	True
32244	bogdanvlviv	2018-03-13 23:33:08	bogdanvlviv	2018-03-13 23:22:07	6	2	4	True	True
32243	maschwenk	2018-03-13 20:57:05	maschwenk	2018-03-13 20:56:16	2	1	1	True	True
32242	timdiggins	2018-03-13 16:43:42	timdiggins	2018-03-13 16:39:03	4	2	2	True	True
32242	timdiggins	2018-03-13 16:43:42	timdiggins	2018-03-13 22:06:28	2	1	1	False	True
32242	timdiggins	2018-03-13 16:43:42	timdiggins	2018-03-13 16:27:24	24	17	7	True	True
32241	zinovyev	2018-03-13 16:04:38	zinovyev	2018-03-13 15:52:04	76	71	5	True	True
32239	vishthemenon	2018-03-13 14:22:19	vishthemenon	2018-03-13 13:52:48	14	7	7	True	True
32239	vishthemenon	2018-03-13 14:22:19	vishthemenon	2018-03-13 13:51:34	8	4	4	True	True
32234	JackMc	2018-03-13 04:40:42	JackMc	2018-03-13 04:27:48	44	44	0	True	True
32233	as3richa	2018-03-13 00:21:57	as3richa	2018-03-12 23:56:32	6	4	2	True	True
32233	as3richa	2018-03-13 00:21:57	as3richa	2018-03-13 01:27:02	4	1	3	False	True
32233	as3richa	2018-03-13 00:21:57	as3richa	2018-03-12 23:52:26	6	6	0	True	True
32230	kamipo	2018-03-12 18:52:19	kamipo	2018-03-12 18:43:41	28	28	0	True	True
32222	bogdanvlviv	2018-03-12 06:39:30	bogdanvlviv	2018-03-08 23:04:39	943	896	47	True	True
32221	composerinteralia	2018-03-11 19:21:17	composerinteralia	2018-03-11 19:09:25	26	16	10	True	True
32207	kmiyake	2018-03-08 22:04:09	kmiyake	2018-03-09 10:11:15	169	97	72	False	True
32207	kmiyake	2018-03-08 22:04:09	kmiyake	2018-05-30 08:39:46	2	1	1	False	True
32207	kmiyake	2018-03-08 22:04:09	kmiyake	2018-03-06 23:18:45	239	161	78	True	True
32207	kmiyake	2018-03-08 22:04:09	kmiyake	2018-05-29 12:54:27	8	8	0	False	True
32206	cjolly	2018-03-08 21:58:40	cjolly	2019-02-28 04:57:30	2	1	1	False	True
32206	cjolly	2018-03-08 21:58:40	cjolly	2018-03-08 21:42:42	19	13	6	True	True
32199	pavel-jurasek	2018-03-08 15:47:20	PavelJurasek	2018-03-08 15:31:28	24	22	2	True	True
32199	pavel-jurasek	2018-03-08 15:47:20	PavelJurasek	2018-03-08 15:32:48	2	1	1	True	True
32199	pavel-jurasek	2018-03-08 15:47:20	PavelJurasek	2018-03-08 15:51:29	4	2	2	False	True
32199	pavel-jurasek	2018-03-08 15:47:20	PavelJurasek	2018-03-08 16:21:13	44	24	20	False	True
32190	liwii	2018-03-07 15:27:33	liwii	2018-03-06 13:27:23	70	69	1	True	True
32185	nholden	2018-03-07 04:44:11	nholden	2018-03-07 04:42:49	63	63	0	True	True
32176	kamipo	2018-03-05 20:11:38	kamipo	2018-03-03 09:44:09	88	55	33	True	True
32176	kamipo	2018-03-05 20:11:38	kamipo	2018-03-03 18:30:13	8	4	4	True	True
32176	kamipo	2018-03-05 20:11:38	kamipo	2018-03-04 19:14:51	103	46	57	True	True
32175	bogdanvlviv	2018-03-05 19:39:02	bogdanvlviv	2018-03-05 19:24:11	14	13	1	True	True
32170	koic	2018-03-05 09:29:19	koic	2018-03-01 10:47:29	15	13	2	True	True
32162	kaspth	2018-03-03 20:42:11	kaspth	2018-03-03 20:36:43	174	74	100	True	True
32160	bogdanvlviv	2018-03-03 14:03:17	bogdanvlviv	2018-03-03 13:50:01	111	67	44	True	True
32153	bogdanvlviv	2018-03-02 22:18:21	bogdanvlviv	2018-03-05 16:54:09	6	3	3	False	True
32153	bogdanvlviv	2018-03-02 22:18:21	bogdanvlviv	2018-03-05 18:21:27	105	46	59	False	True
32150	jeremy	2018-03-02 05:12:50	jeremy	2018-03-02 05:09:24	20	10	10	True	True
