pr_number	author_user_login	pr_created_at	commit_user_login	commit_created_at	commit_status_total	commit_status_additions	commit_status_deletions	create_before_pr	is_review_commit
22457	ccallebs	2015-11-30 21:36:20	ccallebs	2015-11-30 21:33:33	195	144	51	True	True
22427	eliotsykes	2015-11-27 14:06:35	eliotsykes	2015-11-27 14:04:36	31	30	1	True	True
22409	jippeholwerda	2015-11-25 16:46:38	jippeholwerda	2015-11-25 22:05:38	6	5	1	False	True
22409	jippeholwerda	2015-11-25 16:46:38	jippeholwerda	2015-11-25 16:40:16	13	8	5	True	True
22409	jippeholwerda	2015-11-25 16:46:38	jippeholwerda	2015-11-25 17:56:27	2	1	1	False	True
22401	cllns	2015-11-25 00:47:34	cllns	2015-11-25 19:16:10	10	7	3	False	True
22395	avokhmin	2015-11-24 16:35:31	avokhmin	2015-12-03 18:18:57	45	43	2	False	True
22394	j-dexx	2015-11-24 15:05:40	j-dexx	2015-11-24 15:02:23	16	13	3	True	True
22391	mrageh	2015-11-24 09:55:09	mrageh	2015-11-23 19:24:20	48	47	1	True	True
22372	greysteil	2015-11-22 11:46:00	greysteil	2015-11-22 11:42:29	22	15	7	True	True
22371	yui-knk	2015-11-22 10:30:18	yui-knk	2015-11-22 10:22:36	29	22	7	True	True
22361	grosser	2015-11-21 02:01:04	grosser	2015-11-16 20:42:36	45	19	26	True	True
22354	nishantmodak	2015-11-20 12:49:09	nishantmodak	2015-11-20 12:47:23	5	4	1	True	True
22330	samsondav	2015-11-18 15:04:27	SamDavies	2015-11-18 14:53:38	130	65	65	True	True
22326	mvj3	2015-11-18 05:42:43	mvj3	2015-11-18 06:04:00	4	2	2	False	True
22313	y-yagi	2015-11-17 00:04:01	y-yagi	2015-11-16 23:49:46	160	153	7	True	True
22310	grosser	2015-11-16 22:00:44	grosser	2015-11-07 18:02:28	41	17	24	True	True
22304	kamipo	2015-11-15 21:29:04	kamipo	2015-11-15 20:54:37	177	84	93	True	True
22304	kamipo	2015-11-15 21:29:04	kamipo	2015-11-15 21:22:47	88	77	11	True	True
22301	hendricius	2015-11-15 17:12:22	hendricius	2015-11-15 17:09:14	29	29	0	True	True
22301	hendricius	2015-11-15 17:12:22	hendricius	2015-11-15 21:06:27	4	2	2	False	True
22300	yui-knk	2015-11-15 15:06:48	yui-knk	2015-11-15 14:56:52	28	23	5	True	True
22298	yuki24	2015-11-15 10:32:22	yuki24	2015-11-15 05:57:56	21	13	8	True	True
22296	kv109	2015-11-14 22:00:01	kv109	2015-11-14 21:57:44	17	16	1	True	True
22288	dharamgollapudi	2015-11-14 01:13:18	dharamgollapudi	2015-12-11 00:46:51	5	2	3	False	True
22288	dharamgollapudi	2015-11-14 01:13:18	dharamgollapudi	2015-12-10 23:38:08	2	1	1	False	True
22288	dharamgollapudi	2015-11-14 01:13:18	dharamgollapudi	2015-12-10 23:34:30	2	1	1	False	True
22288	dharamgollapudi	2015-11-14 01:13:18	dharamgollapudi	2015-12-11 00:37:43	4	2	2	False	True
22288	dharamgollapudi	2015-11-14 01:13:18	dharamgollapudi	2015-12-11 00:07:12	4	2	2	False	True
22288	dharamgollapudi	2015-11-14 01:13:18	dharamgollapudi	2015-12-11 00:01:44	4	2	2	False	True
22288	dharamgollapudi	2015-11-14 01:13:18	dharamgollapudi	2015-12-10 23:37:32	54	28	26	False	True
22288	dharamgollapudi	2015-11-14 01:13:18	dharamgollapudi	2015-12-10 23:42:18	2	1	1	False	True
22288	dharamgollapudi	2015-11-14 01:13:18	dharamgollapudi	2015-12-10 23:27:44	2	1	1	False	True
22288	dharamgollapudi	2015-11-14 01:13:18	dharamgollapudi	2015-12-10 23:23:24	2	1	1	False	True
22288	dharamgollapudi	2015-11-14 01:13:18	dharamgollapudi	2015-12-10 23:22:25	2	1	1	False	True
22288	dharamgollapudi	2015-11-14 01:13:18	dharamgollapudi	2015-12-10 23:21:02	3	1	2	False	True
22288	dharamgollapudi	2015-11-14 01:13:18	dharamgollapudi	2015-11-14 00:58:51	84	74	10	True	True
22288	dharamgollapudi	2015-11-14 01:13:18	dharamgollapudi	2015-12-11 00:38:30	8	0	8	False	True
22288	dharamgollapudi	2015-11-14 01:13:18	dharamgollapudi	2015-12-10 23:32:05	4	3	1	False	True
22275	btoews	2015-11-12 15:31:27	mastahyeti	2016-01-04 19:23:55	271	253	18	False	True
22271	timbreitkreutz	2015-11-12 00:23:43	timbreitkreutz	2015-11-12 00:18:42	32	32	0	True	True
22270	latortuga	2015-11-11 22:43:48	latortuga	2015-11-12 15:58:54	9	9	0	False	True
22270	latortuga	2015-11-11 22:43:48	latortuga	2015-11-12 16:25:44	2	2	0	False	True
22270	latortuga	2015-11-11 22:43:48	latortuga	2015-12-04 02:39:41	7	7	0	False	True
22270	latortuga	2015-11-11 22:43:48	latortuga	2015-11-12 15:55:10	12	8	4	False	True
22270	latortuga	2015-11-11 22:43:48	latortuga	2015-11-11 22:37:20	18	17	1	True	True
22263	btoews	2015-11-11 16:35:05	mastahyeti	2015-11-25 22:06:12	85	81	4	False	True
22257	yui-knk	2015-11-11 06:21:46	yui-knk	2015-11-11 06:15:26	12	9	3	True	True
22252	yui-knk	2015-11-11 01:30:33	yui-knk	2015-11-11 01:20:12	7	6	1	True	True
22251	timbreitkreutz	2015-11-10 22:32:05	timbreitkreutz	2015-11-10 22:26:02	41	40	1	True	True
22248	arekf	2015-11-10 13:15:41	arekf	2015-12-07 21:27:15	11	10	1	False	True
22245	amiryal	2015-11-10 10:53:53	amiryal	2016-02-29 21:05:41	23	22	1	False	True
22240	resource11	2015-11-10 03:40:20	resource11	2015-11-09 20:18:02	8	4	4	True	True
22236	DavidMikeSimon	2015-11-09 19:50:30	DavidMikeSimon	2015-11-09 20:21:12	23	13	10	False	True
22236	DavidMikeSimon	2015-11-09 19:50:30	DavidMikeSimon	2015-11-13 19:32:53	245	110	135	False	True
22236	DavidMikeSimon	2015-11-09 19:50:30	DavidMikeSimon	2015-11-09 17:26:43	617	504	113	True	True
22221	danialm	2015-11-08 02:42:21	danialm	2015-11-08 02:40:36	10	9	1	True	True
22216	grosser	2015-11-07 20:35:36	grosser	2015-11-07 20:27:39	21	12	9	True	True
22212	dv	2015-11-07 12:16:37	dv	2015-11-07 12:12:42	25	25	0	True	True
22209	yui-knk	2015-11-07 10:00:09	yui-knk	2015-11-07 09:42:28	19	19	0	True	True
22206	grosser	2015-11-07 03:33:20	grosser	2015-11-07 03:33:12	35	15	20	True	True
22202	grosser	2015-11-06 16:50:51	grosser	2015-11-06 16:46:21	16	12	4	True	True
22199	y-yagi	2015-11-06 08:58:10	y-yagi	2015-11-06 08:31:55	14	12	2	True	True
22199	y-yagi	2015-11-06 08:58:10	y-yagi	2015-11-06 08:38:50	14	14	0	True	True
22197	grosser	2015-11-06 05:30:02	grosser	2015-11-06 05:24:22	25	14	11	True	True
22193	grosser	2015-11-06 01:36:24	grosser	2015-11-06 01:35:50	6	3	3	True	True
22188	kamipo	2015-11-05 09:12:46	kamipo	2015-11-05 09:11:40	3	2	1	True	True
22188	kamipo	2015-11-05 09:12:46	kamipo	2015-11-07 17:03:42	6	6	0	False	True
22188	kamipo	2015-11-05 09:12:46	kamipo	2015-11-07 17:07:20	3	2	1	False	True
22174	metaskills	2015-11-04 00:22:11	metaskills	2015-11-04 16:15:51	1	0	1	False	True
22174	metaskills	2015-11-04 00:22:11	metaskills	2015-11-04 00:18:56	12	6	6	True	True
22170	samsondav	2015-11-03 15:37:08	SamDavies	2015-11-02 21:17:52	146	132	14	True	True
22170	samsondav	2015-11-03 15:37:08	SamDavies	2015-11-05 20:44:47	23	13	10	False	True
22159	meinac	2015-11-02 22:44:15	meinac	2015-11-02 22:18:39	100	96	4	True	True
