pr_number	author_user_login	pr_created_at	commit_user_login	commit_created_at	commit_status_total	commit_status_additions	commit_status_deletions	create_before_pr	is_review_commit
13117	akshay-vishnoi	2013-11-30 21:13:28	akshay-vishnoi	2013-12-02 14:05:02	24	12	12	False	True
13116	kuldeepaggarwal	2013-11-30 20:36:27	kuldeepaggarwal	2013-12-14 18:06:21	11	9	2	False	True
13116	kuldeepaggarwal	2013-11-30 20:36:27	kuldeepaggarwal	2013-12-15 12:39:33	21	21	0	False	True
13115	vipulnsward	2013-11-30 17:36:16	vipulnsward	2013-11-30 17:32:15	30	27	3	True	True
13113	abhishekjain16	2013-11-30 16:02:55	abhishek	2013-11-30 20:26:26	5	3	2	False	True
13109	chancancode	2013-11-30 09:59:09	chancancode	2013-11-30 09:13:18	4	4	0	True	True
13109	chancancode	2013-11-30 09:59:09	chancancode	2013-11-30 09:54:27	89	89	0	True	True
13106	bikramwp	2013-11-30 00:15:44	bikramwp	2013-11-29 22:12:52	2	1	1	True	True
13106	bikramwp	2013-11-30 00:15:44	bikramwp	2013-11-29 22:17:13	2	1	1	True	True
13097	arunagw	2013-11-29 09:10:39	arunagw	2013-11-29 09:06:16	8	7	1	True	True
13095	kuldeepaggarwal	2013-11-29 05:33:02	kuldeepaggarwal	2013-11-29 13:19:56	17	8	9	False	True
13092	laurocaetano	2013-11-29 02:04:47	laurocaetano	2013-11-29 01:59:49	2	2	0	True	True
13084	lihanli	2013-11-28 00:16:05	lihanli	2013-11-28 17:35:20	10	6	4	False	True
13083	kuldeepaggarwal	2013-11-27 20:41:21	kuldeepaggarwal	2013-11-27 20:42:47	2	1	1	False	True
13062	lukaszx0	2013-11-26 22:48:34	lukaszx0	2013-11-27 13:45:42	2	2	0	False	True
13061	laurocaetano	2013-11-26 22:24:38	laurocaetano	2013-11-26 22:18:12	24	23	1	True	True
13060	chancancode	2013-11-26 22:09:45	chancancode	2013-11-26 22:05:12	59	59	0	True	True
13059	codewithkristian	2013-11-26 20:16:05	codewithkristian	2013-11-26 20:09:52	25	24	1	True	True
13051	bogdan	2013-11-26 13:27:41	bogdan	2013-11-27 13:23:00	26	16	10	False	True
13043	samleb	2013-11-25 22:20:31	samleb	2013-07-18 10:57:19	22	21	1	True	True
13042	brianstorti	2013-11-25 21:35:04	brianstorti	2013-11-26 01:17:31	12	6	6	False	True
13042	brianstorti	2013-11-25 21:35:04	brianstorti	2013-11-23 11:24:52	26	25	1	True	True
13041	pwnall	2013-11-25 21:12:11	pwnall	2013-11-25 21:04:55	39	38	1	True	True
13038	ccutrer	2013-11-25 20:16:15	ccutrer	2013-11-25 20:15:15	12	12	0	True	True
13032	kuldeepaggarwal	2013-11-25 12:30:14	kuldeepaggarwal	2013-11-25 12:44:13	49	49	0	False	True
13027	akshay-vishnoi	2013-11-25 08:29:29	akshay-vishnoi	2013-11-25 10:06:27	2	1	1	False	True
13025	pwnall	2013-11-25 04:03:40	pwnall	2013-11-25 03:46:58	19	19	0	True	True
13022	pwnall	2013-11-24 18:09:07	pwnall	2013-11-24 17:52:53	117	116	1	True	True
13018	ukutaht	2013-11-24 10:02:57	herun	2013-11-24 09:47:17	20	19	1	True	True
13015	arunagw	2013-11-23 15:49:08	arunagw	2013-11-23 15:48:19	14	13	1	True	True
13008	ktheory	2013-11-22 19:07:08	ktheory	2013-11-22 18:46:51	12	12	0	True	True
13003	laurocaetano	2013-11-22 12:53:41	laurocaetano	2013-11-22 12:32:52	2	1	1	True	True
12995	rafaelfranca	2013-11-22 02:08:17	rafaelfranca	2013-11-20 00:34:32	21	21	0	True	True
12995	rafaelfranca	2013-11-22 02:08:17	rafaelfranca	2013-11-22 02:03:28	12	3	9	True	True
12995	rafaelfranca	2013-11-22 02:08:17	rafaelfranca	2013-12-05 01:11:42	26	13	13	False	True
12995	rafaelfranca	2013-11-22 02:08:17	rafaelfranca	2013-12-05 01:17:18	11	11	0	False	True
12995	rafaelfranca	2013-11-22 02:08:17	rafaelfranca	2013-12-02 22:16:39	14	12	2	False	True
12995	rafaelfranca	2013-11-22 02:08:17	rafaelfranca	2013-12-03 00:42:10	6	3	3	False	True
12995	rafaelfranca	2013-11-22 02:08:17	rafaelfranca	2013-11-22 02:02:10	41	7	34	True	True
12995	rafaelfranca	2013-11-22 02:08:17	rafaelfranca	2013-11-22 01:42:10	47	37	10	True	True
12995	rafaelfranca	2013-11-22 02:08:17	rafaelfranca	2013-11-22 01:19:30	1	1	0	True	True
12995	rafaelfranca	2013-11-22 02:08:17	rafaelfranca	2013-11-22 01:07:26	20	10	10	True	True
12995	rafaelfranca	2013-11-22 02:08:17	rafaelfranca	2013-12-02 21:21:16	1	1	0	False	True
12995	rafaelfranca	2013-11-22 02:08:17	rafaelfranca	2013-11-20 00:26:52	53	53	0	True	True
12977	lukaszx0	2013-11-21 01:11:33	lukaszx0	2013-12-03 12:23:41	33	33	0	False	True
12977	lukaszx0	2013-11-21 01:11:33	lukaszx0	2013-12-03 10:17:01	212	194	18	False	True
12975	sbagdat	2013-11-21 00:00:13	sbagdat	2013-11-20 23:52:09	43	24	19	True	True
12964	tomasv	2013-11-20 09:46:19	tomasv	2013-11-13 15:00:21	86	86	0	True	True
12958	jonleighton	2013-11-19 23:25:15	jonleighton	2013-11-02 18:25:02	78	71	7	True	True
12955	joshwilliams	2013-11-19 21:03:14	joshwilliams	2013-11-19 20:50:14	51	51	0	True	True
12939	hegyi	2013-11-18 16:39:19	hegyi	2013-11-16 22:58:16	27	27	0	True	True
12922	iantropov	2013-11-17 05:16:22	iantropov	2013-11-17 12:00:02	39	35	4	False	True
12915	robin850	2013-11-16 13:10:35	robin850	2013-11-16 13:07:46	39	33	6	True	True
12913	sbagdat	2013-11-16 10:52:42	sbagdat	2013-11-16 10:48:35	4	2	2	True	True
12908	kuldeepaggarwal	2013-11-16 03:04:31	kuldeepaggarwal	2013-11-30 20:52:17	17	13	4	False	True
12902	martinemde	2013-11-15 18:17:27	martinemde	2013-12-17 00:34:53	99	86	13	False	True
12894	kuldeepaggarwal	2013-11-14 22:11:42	kuldeepaggarwal	2013-11-14 22:09:29	14	14	0	True	True
12889	kuldeepaggarwal	2013-11-14 18:22:00	kuldeepaggarwal	2013-11-14 19:23:57	18	9	9	False	True
12879	tenderlove	2013-11-14 00:33:38	tenderlove	2013-11-14 00:29:25	112	68	44	True	True
12877	aroben	2013-11-13 22:21:35	aroben	2013-11-13 22:18:56	4	2	2	True	True
12877	aroben	2013-11-13 22:21:35	aroben	2013-11-13 22:16:55	91	91	0	True	True
12877	aroben	2013-11-13 22:21:35	aroben	2013-11-13 22:58:40	32	29	3	False	True
12877	aroben	2013-11-13 22:21:35	aroben	2013-11-13 22:13:22	36	23	13	True	True
12873	martinemde	2013-11-13 19:43:04	martinemde	2013-12-16 22:16:15	107	104	3	False	True
12861	route	2013-11-12 07:50:13	route	2013-11-12 07:44:09	3	0	3	True	True
12859	pftg	2013-11-11 19:29:36	pftg	2013-11-11 17:56:02	60	59	1	True	True
12846	buchs	2013-11-11 12:32:47	buchs	2013-11-11 12:24:22	39	20	19	True	True
12834	dredozubov	2013-11-10 22:56:41	dredozubov	2013-11-09 15:38:27	30	26	4	True	True
12832	vipulnsward	2013-11-10 19:07:07	vipulnsward	2013-11-10 19:05:27	162	84	78	True	True
12829	iantropov	2013-11-10 05:33:28	iantropov	2013-11-10 05:28:54	36	32	4	True	True
12824	sikachu	2013-11-09 18:51:46	sikachu	2013-11-09 18:03:28	146	144	2	True	True
12822	cbartlett	2013-11-09 15:22:35	cbartlett	2013-12-03 15:36:33	8	4	4	False	True
12822	cbartlett	2013-11-09 15:22:35	cbartlett	2013-11-09 14:23:15	39	39	0	True	True
12821	arunagw	2013-11-09 12:14:41	arunagw	2013-11-09 12:13:15	4	2	2	True	True
12806	vipulnsward	2013-11-08 14:18:51	vipulnsward	2013-11-08 14:17:47	43	13	30	True	True
12796	ehtb	2013-11-07 15:10:01	ehtb	2013-11-07 15:08:15	39	34	5	True	True
12791	jasonayre	2013-11-07 01:28:34	jasonayre	2013-11-07 01:22:53	6	6	0	True	True
12791	jasonayre	2013-11-07 01:28:34	jasonayre	2013-11-07 14:55:29	4	2	2	False	True
12789	claudiob	2013-11-06 20:40:33	claudiob	2013-11-06 20:57:21	73	58	15	False	True
12787	notalex	2013-11-06 14:48:31	notalex	2013-11-06 22:15:17	5	1	4	False	True
12787	notalex	2013-11-06 14:48:31	notalex	2013-11-06 21:22:10	62	38	24	False	True
12785	chancancode	2013-11-06 08:34:15	chancancode	2013-11-06 04:36:09	6	3	3	True	True
12785	chancancode	2013-11-06 08:34:15	chancancode	2013-11-06 05:01:38	97	42	55	True	True
12774	exAspArk	2013-11-05 14:56:17	exAspArk	2013-11-05 14:36:48	25	24	1	True	True
12772	dmathieu	2013-11-05 12:50:42	dmathieu	2013-11-05 12:44:16	112	112	0	True	True
12771	bogdan	2013-11-05 08:08:25	bogdan	2013-11-05 08:08:16	8	4	4	True	True
12769	birkirb	2013-11-05 04:23:14	birkirb	2013-11-13 03:31:02	138	136	2	False	True
12760	pseidemann	2013-11-04 21:50:55	pseidemann	2013-11-08 16:13:59	13	11	2	False	True
12749	iantropov	2013-11-03 14:36:45	iantropov	2013-11-03 14:35:44	4	4	0	True	True
12748	dm1try	2013-11-03 13:48:53	dm1try	2013-11-11 16:41:54	18	17	1	False	True
12746	coreyward	2013-11-02 22:30:57	coreyward	2013-11-02 22:03:43	42	31	11	True	True
12740	gaurish	2013-11-02 01:43:17	gaurish	2013-11-02 01:41:37	6	4	2	True	True
