pr_number	author_user_login	pr_created_at	commit_user_login	commit_created_at	commit_status_total	commit_status_additions	commit_status_deletions	create_before_pr	is_review_commit
23381	matthewd	2016-01-31 16:01:16	matthewd	2016-01-31 15:00:00	247	212	35	True	True
23378	tordans	2016-01-31 13:12:23	tordans	2016-01-31 12:53:19	70	39	31	True	True
23377	bogdan	2016-01-31 12:29:52	bogdan	2016-02-12 22:11:18	95	78	17	False	True
23376	piotrj	2016-01-31 11:12:08	piotrj	2016-01-31 11:10:27	65	40	25	True	True
23375	prathamesh-sonpatki	2016-01-31 11:02:25	prathamesh-sonpatki	2016-01-31 11:01:24	19	6	13	True	True
23370	maclover7	2016-01-31 02:04:20	maclover7	2016-01-31 02:39:05	9	0	9	False	True
23370	maclover7	2016-01-31 02:04:20	maclover7	2016-01-31 02:04:00	1	0	1	True	True
23365	javan	2016-01-30 20:50:41	javan	2016-01-30 20:41:58	473	473	0	True	True
23365	javan	2016-01-30 20:50:41	javan	2016-01-30 20:41:14	48	41	7	True	True
23359	kamipo	2016-01-30 18:26:27	kamipo	2016-01-30 18:19:07	45	5	40	True	True
23358	vipulnsward	2016-01-30 18:15:36	vipulnsward	2016-01-30 18:13:46	47	28	19	True	True
23346	kamipo	2016-01-30 08:11:55	kamipo	2016-01-30 08:09:03	14	5	9	True	True
23338	tawan	2016-01-29 20:23:52	tawan	2016-01-29 20:01:33	16	15	1	True	True
23332	amatsuda	2016-01-29 10:02:56	amatsuda	2016-01-29 09:50:57	14	14	0	True	True
23329	prathamesh-sonpatki	2016-01-29 06:18:29	prathamesh-sonpatki	2016-01-29 06:16:39	22	16	6	True	True
23324	maclover7	2016-01-29 01:01:16	maclover7	2016-01-29 00:59:28	523	523	0	True	True
23324	maclover7	2016-01-29 01:01:16	maclover7	2016-01-29 21:35:00	89	46	43	False	True
23323	maclover7	2016-01-28 22:59:55	maclover7	2016-01-28 22:56:51	35	19	16	True	True
23317	rfmanuel	2016-01-28 19:05:26	rfmanuel	2016-01-29 15:27:00	15	5	10	False	True
23317	rfmanuel	2016-01-28 19:05:26	rfmanuel	2016-01-28 19:06:11	4	2	2	False	True
23317	rfmanuel	2016-01-28 19:05:26	rfmanuel	2016-01-28 18:43:24	49	47	2	True	True
23309	nateless	2016-01-28 12:54:54	nateless	2016-01-28 12:48:10	10	8	2	True	True
23309	nateless	2016-01-28 12:54:54	nateless	2016-01-28 14:16:07	2	1	1	False	True
23307	mgrachev	2016-01-28 09:32:08	mgrachev	2016-01-28 09:09:27	2	1	1	True	True
23297	sbhatore95	2016-01-28 00:10:11	sbhatore95	2015-08-22 10:45:17	653	570	83	True	True
23297	sbhatore95	2016-01-28 00:10:11	sbhatore95	2015-07-12 21:48:36	616	567	49	True	True
23284	maclover7	2016-01-27 16:33:21	maclover7	2016-01-27 16:29:18	30	21	9	True	True
23271	maclover7	2016-01-27 02:08:55	tenderlove	2016-01-27 01:06:31	5	5	0	True	True
23271	maclover7	2016-01-27 02:08:55	maclover7	2016-01-27 02:01:58	4	2	2	True	True
23271	maclover7	2016-01-27 02:08:55	maclover7	2016-01-27 15:57:37	6	3	3	False	True
23255	pauloancheta	2016-01-26 04:51:30	pauloancheta	2016-01-26 04:44:11	2	1	1	True	True
23242	maclover7	2016-01-25 20:22:24	maclover7	2016-01-25 20:21:11	9	3	6	True	True
23242	maclover7	2016-01-25 20:22:24	maclover7	2016-01-26 20:43:29	6	3	3	False	True
23239	droptheplot	2016-01-25 17:45:24	droptheplot	2016-02-15 11:40:44	20	19	1	False	True
23238	southwolf	2016-01-25 17:09:31	southwolf	2016-01-25 16:20:44	4	3	1	True	True
23238	southwolf	2016-01-25 17:09:31	southwolf	2016-01-25 16:31:04	9	9	0	True	True
23228	claudiob	2016-01-25 04:51:38	claudiob	2016-01-25 04:48:25	13	6	7	True	True
23226	vipulnsward	2016-01-24 20:46:50	vipulnsward	2016-01-24 20:46:46	6	5	1	True	True
23225	vipulnsward	2016-01-24 20:18:41	vipulnsward	2016-01-24 20:02:44	193	163	30	True	True
23213	Ferdy89	2016-01-23 20:18:00	Ferdy89	2016-01-23 19:39:38	2	2	0	True	True
23211	palkan	2016-01-23 15:02:35	palkan	2016-01-23 14:48:33	273	273	0	True	True
23208	vipulnsward	2016-01-23 07:27:14	vipulnsward	2016-01-23 07:27:02	28	14	14	True	True
23206	joyvuu-dave	2016-01-23 05:02:09	joyvuu-dave	2016-01-23 04:47:37	14	13	1	True	True
23197	samsondav	2016-01-22 18:14:45	SamDavies	2016-01-21 18:03:24	131	117	14	True	True
23197	samsondav	2016-01-22 18:14:45	SamDavies	2016-03-16 01:05:41	4	2	2	False	True
23190	ojab	2016-01-22 16:21:19	ojab	2016-01-22 16:19:06	7	6	1	True	True
23189	mohitnatoo	2016-01-22 16:11:06	mohitnatoo	2016-02-05 14:23:28	212	112	100	False	True
23188	jcoleman	2016-01-22 16:05:28	jcoleman	2016-01-22 16:04:01	8	7	1	True	True
23185	droptheplot	2016-01-22 14:00:21	droptheplot	2016-01-22 13:52:12	6	4	2	True	True
23185	droptheplot	2016-01-22 14:00:21	droptheplot	2016-01-22 23:50:03	10	5	5	False	True
23182	palkan	2016-01-22 08:59:16	palkan	2016-01-22 08:51:16	6	5	1	True	True
23176	davidkuhta	2016-01-22 02:54:22	davidkuhta	2016-02-24 02:21:05	17	7	10	False	True
23176	davidkuhta	2016-01-22 02:54:22	davidkuhta	2016-02-24 03:05:46	15	15	0	False	True
23176	davidkuhta	2016-01-22 02:54:22	davidkuhta	2016-02-24 03:36:37	2	1	1	False	True
23176	davidkuhta	2016-01-22 02:54:22	davidkuhta	2015-12-18 20:04:38	659	659	0	True	True
23176	davidkuhta	2016-01-22 02:54:22	davidkuhta	2016-02-24 02:35:53	4	2	2	False	True
23175	maclover7	2016-01-22 02:31:15	maclover7	2016-01-22 02:30:54	1	1	0	True	True
23169	y-yagi	2016-01-21 23:05:27	y-yagi	2016-01-20 23:11:58	167	127	40	True	True
23168	kamipo	2016-01-21 22:57:07	kamipo	2016-01-11 11:14:01	36	15	21	True	True
23166	sblackstone	2016-01-21 21:20:35	sblackstone	2016-01-21 21:15:09	7	7	0	True	True
23159	shakib609	2016-01-21 15:24:29	shakib609	2016-01-21 15:22:57	6	5	1	True	True
23159	shakib609	2016-01-21 15:24:29	shakib609	2016-01-21 17:48:17	2	1	1	False	True
23152	matthewd	2016-01-21 04:47:30	matthewd	2016-01-21 17:44:03	12	1	11	False	True
23152	matthewd	2016-01-21 04:47:30	matthewd	2016-01-20 05:24:20	139	70	69	True	True
23152	matthewd	2016-01-21 04:47:30	matthewd	2016-01-21 04:29:11	376	332	44	True	True
23151	maclover7	2016-01-21 01:00:29	maclover7	2016-01-21 00:58:25	11	11	0	True	True
23138	pixeltrix	2016-01-20 15:26:51	pixeltrix	2017-02-21 15:29:10	272	159	113	False	True
23138	pixeltrix	2016-01-20 15:26:51	pixeltrix	2017-02-21 12:57:08	15	7	8	False	True
23138	pixeltrix	2016-01-20 15:26:51	pixeltrix	2017-02-21 12:50:41	2	1	1	False	True
23138	pixeltrix	2016-01-20 15:26:51	pixeltrix	2017-02-21 12:49:45	1	1	0	False	True
23138	pixeltrix	2016-01-20 15:26:51	pixeltrix	2017-02-21 12:49:25	73	69	4	False	True
23138	pixeltrix	2016-01-20 15:26:51	pixeltrix	2017-02-21 08:49:15	36	33	3	False	True
23138	pixeltrix	2016-01-20 15:26:51	pixeltrix	2017-02-21 08:30:36	29	26	3	False	True
23138	pixeltrix	2016-01-20 15:26:51	pixeltrix	2017-02-20 20:22:42	379	314	65	False	True
23138	pixeltrix	2016-01-20 15:26:51	pixeltrix	2017-02-20 20:39:56	39	39	0	False	True
23138	pixeltrix	2016-01-20 15:26:51	pixeltrix	2016-02-23 09:59:33	46	23	23	False	True
23138	pixeltrix	2016-01-20 15:26:51	pixeltrix	2017-02-20 14:37:00	7	7	0	False	True
23138	pixeltrix	2016-01-20 15:26:51	pixeltrix	2017-02-20 13:55:29	8	6	2	False	True
23138	pixeltrix	2016-01-20 15:26:51	pixeltrix	2016-01-20 14:40:34	25	21	4	True	True
23138	pixeltrix	2016-01-20 15:26:51	pixeltrix	2017-02-20 13:54:06	24	23	1	False	True
23138	pixeltrix	2016-01-20 15:26:51	pixeltrix	2017-02-21 17:04:49	1	1	0	False	True
23138	pixeltrix	2016-01-20 15:26:51	pixeltrix	2016-01-20 15:03:10	272	270	2	True	True
23135	maclover7	2016-01-20 13:36:08	maclover7	2016-01-19 01:04:35	8	8	0	True	True
23130	vipulnsward	2016-01-20 06:56:26	vipulnsward	2016-01-20 06:55:06	86	43	43	True	True
23126	Gaurav2728	2016-01-19 20:19:46	Gaurav2728	2016-01-19 20:16:55	105	62	43	True	True
23123	schneems	2016-01-19 17:54:11	schneems	2016-01-19 17:45:34	22	22	0	True	True
23123	schneems	2016-01-19 17:54:11	schneems	2016-01-19 18:09:58	12	7	5	False	True
23123	schneems	2016-01-19 17:54:11	schneems	2016-01-19 17:53:27	11	9	2	True	True
23120	vipulnsward	2016-01-19 16:31:53	vipulnsward	2016-01-19 16:30:42	4	2	2	True	True
23119	Gaurav2728	2016-01-19 11:48:16	Gaurav2728	2016-01-19 11:08:56	74	37	37	True	True
23116	vipulnsward	2016-01-19 09:44:45	vipulnsward	2016-01-19 09:44:22	2	1	1	True	True
23106	nateberkopec	2016-01-18 19:46:29	nateberkopec	2016-01-18 19:44:00	61	51	10	True	True
23103	pixeltrix	2016-01-18 17:22:16	pixeltrix	2016-01-18 16:57:56	106	74	32	True	True
23097	prathamesh-sonpatki	2016-01-18 06:00:24	prathamesh-sonpatki	2016-01-18 05:59:36	4	4	0	True	True
23089	kaspth	2016-01-17 15:20:42	kaspth	2016-01-17 15:12:00	6	5	1	True	True
23089	kaspth	2016-01-17 15:20:42	kaspth	2016-01-17 14:26:31	3	1	2	True	True
23089	kaspth	2016-01-17 15:20:42	kaspth	2016-01-17 14:31:09	5	4	1	True	True
23089	kaspth	2016-01-17 15:20:42	kaspth	2016-01-17 14:20:35	2	1	1	True	True
23089	kaspth	2016-01-17 15:20:42	kaspth	2016-01-17 14:54:16	5	2	3	True	True
23089	kaspth	2016-01-17 15:20:42	kaspth	2016-01-17 14:40:36	8	1	7	True	True
23089	kaspth	2016-01-17 15:20:42	kaspth	2016-01-17 15:38:54	2	1	1	False	True
23089	kaspth	2016-01-17 15:20:42	kaspth	2016-01-17 15:10:43	6	3	3	True	True
23085	maclover7	2016-01-16 18:21:50	maclover7	2016-01-16 18:17:59	8	4	4	True	True
23062	maclover7	2016-01-14 22:37:44	maclover7	2016-01-14 22:35:42	152	135	17	True	True
23057	schneems	2016-01-14 19:06:14	schneems	2016-01-14 19:05:41	67	64	3	True	True
23048	kamipo	2016-01-14 01:08:34	kamipo	2016-01-14 00:59:26	23	3	20	True	True
23043	sliiser	2016-01-13 09:36:33	Siim Liiser	2016-01-13 09:19:23	13	12	1	True	True
23025	yahonda	2016-01-12 13:04:24	yahonda	2016-01-27 03:30:37	28	28	0	False	True
23025	yahonda	2016-01-12 13:04:24	yahonda	2016-01-12 01:51:54	28	14	14	True	True
23014	jonatack	2016-01-11 16:09:03	jonatack	2016-01-11 16:05:05	10	6	4	True	True
23012	nateberkopec	2016-01-11 15:35:18	nateberkopec	2016-01-11 14:42:01	4	2	2	True	True
23011	arnvald	2016-01-11 13:11:58	arnvald	2015-11-14 17:04:28	32	25	7	True	True
23008	tawan	2016-01-11 11:03:20	tawan	2016-01-11 10:12:32	13	12	1	True	True
23006	Edouard-chin	2016-01-11 08:30:11	Edouard-chin	2016-01-11 07:42:23	17	15	2	True	True
22983	bronson	2016-01-08 23:46:59	bronson	2016-01-08 23:44:52	3	1	2	True	True
22967	schneems	2016-01-07 22:34:39	schneems	2016-01-08 16:05:38	2	1	1	False	True
22967	schneems	2016-01-07 22:34:39	schneems	2015-08-14 16:31:33	246	232	14	True	True
22967	schneems	2016-01-07 22:34:39	schneems	2016-01-07 23:12:26	1	1	0	False	True
22967	schneems	2016-01-07 22:34:39	schneems	2016-01-07 23:12:58	2	1	1	False	True
22967	schneems	2016-01-07 22:34:39	schneems	2016-01-07 23:40:38	29	25	4	False	True
22967	schneems	2016-01-07 22:34:39	schneems	2016-01-08 15:27:25	26	12	14	False	True
22967	schneems	2016-01-07 22:34:39	schneems	2016-01-08 17:53:25	33	17	16	False	True
22950	maclover7	2016-01-06 22:25:11	maclover7	2016-01-16 00:03:05	32	17	15	False	True
22950	maclover7	2016-01-06 22:25:11	maclover7	2016-01-15 22:11:30	102	65	37	False	True
22950	maclover7	2016-01-06 22:25:11	matthewd	2016-01-14 05:41:02	110	58	52	False	True
22950	maclover7	2016-01-06 22:25:11	maclover7	2016-01-16 15:33:50	108	53	55	False	True
22950	maclover7	2016-01-06 22:25:11	maclover7	2016-01-16 02:28:13	20	20	0	False	True
22950	maclover7	2016-01-06 22:25:11	maclover7	2016-01-16 02:07:18	31	16	15	False	True
22950	maclover7	2016-01-06 22:25:11	maclover7	2016-01-16 00:07:18	44	23	21	False	True
22950	maclover7	2016-01-06 22:25:11	maclover7	2016-01-06 22:16:02	223	173	50	True	True
22950	maclover7	2016-01-06 22:25:11	maclover7	2016-01-07 16:28:52	111	111	0	False	True
22950	maclover7	2016-01-06 22:25:11	maclover7	2016-01-15 22:26:17	13	7	6	False	True
22950	maclover7	2016-01-06 22:25:11	matthewd	2016-01-14 05:29:32	2	1	1	False	True
22950	maclover7	2016-01-06 22:25:11	matthewd	2016-01-14 05:30:25	8	2	6	False	True
22950	maclover7	2016-01-06 22:25:11	matthewd	2016-01-14 05:25:41	107	51	56	False	True
22950	maclover7	2016-01-06 22:25:11	maclover7	2016-01-07 14:37:41	14	3	11	False	True
22949	schneems	2016-01-06 21:12:09	schneems	2016-01-06 21:04:36	20	19	1	True	True
22945	kamipo	2016-01-06 19:45:13	kamipo	2016-01-06 19:38:36	45	10	35	True	True
22942	Edouard-chin	2016-01-06 13:44:25	Edouard-chin	2016-01-06 12:32:19	71	64	7	True	True
22935	cllns	2016-01-06 02:07:06	cllns	2016-01-05 21:08:17	101	84	17	True	True
22934	mperham	2016-01-05 22:32:00	mperham	2016-01-05 23:11:10	14	6	8	False	True
22934	mperham	2016-01-05 22:32:00	mperham	2016-01-06 00:26:53	3	1	2	False	True
22934	mperham	2016-01-05 22:32:00	mperham	2016-01-05 23:10:11	7	1	6	False	True
22934	mperham	2016-01-05 22:32:00	mperham	2016-01-05 22:31:16	78	48	30	True	True
22933	schneems	2016-01-05 22:24:54	schneems	2016-01-05 22:23:43	36	29	7	True	True
22933	schneems	2016-01-05 22:24:54	schneems	2016-01-06 16:25:12	1	0	1	False	True
22933	schneems	2016-01-05 22:24:54	schneems	2016-01-05 16:37:04	67	22	45	True	True
22912	prathamesh-sonpatki	2016-01-04 14:26:09	prathamesh-sonpatki	2016-01-04 14:24:50	2	1	1	True	True
22911	Envek	2016-01-04 14:23:07	Envek	2016-01-03 18:13:53	323	286	37	True	True
22894	kamipo	2016-01-02 18:49:39	kamipo	2016-02-21 16:09:10	22	9	13	False	True
22888	kum-deepak	2016-01-02 08:41:27	kum-deepak	2016-01-02 12:12:10	4	0	4	False	True
22888	kum-deepak	2016-01-02 08:41:27	kum-deepak	2016-01-02 12:34:11	18	0	18	False	True
22888	kum-deepak	2016-01-02 08:41:27	kum-deepak	2016-01-02 08:33:48	105	105	0	True	True
22888	kum-deepak	2016-01-02 08:41:27	kum-deepak	2016-01-02 12:11:46	12	6	6	False	True
