pr_number	author_user_login	pr_created_at	review_user_login	review_created_at	filename	create_before_pr	has_issue_comment	has_review_comment	has_commit
8385	frodsan	2012-11-30 16:10:28	rafaelfranca	2012-11-30 16:13:10	actionpack/test/controller/parameters/nested_parameters_test.rb	False	True	True	True
8385	frodsan	2012-11-30 16:10:28	rafaelfranca	2012-11-30 16:13:10	actionpack/lib/action_controller/metal/strong_parameters.rb	False	True	True	True
8382	asanghi	2012-11-30 09:29:09	carlosantoniodasilva	2012-11-30 10:28:49	guides/source/action_mailer_basics.md	True	True	True	True
8382	asanghi	2012-11-30 09:29:09	carlosantoniodasilva	2012-11-30 10:32:13	guides/source/action_mailer_basics.md	True	True	True	True
8382	asanghi	2012-11-30 09:29:09	carlosantoniodasilva	2012-11-30 10:27:50	guides/source/action_mailer_basics.md	True	True	True	True
8382	asanghi	2012-11-30 09:29:09	carlosantoniodasilva	2012-11-30 10:32:07	guides/source/action_mailer_basics.md	True	True	True	True
8382	asanghi	2012-11-30 09:29:09	carlosantoniodasilva	2012-11-30 10:31:44	guides/source/action_mailer_basics.md	True	True	True	True
8382	asanghi	2012-11-30 09:29:09	carlosantoniodasilva	2012-11-30 10:27:42	guides/source/action_mailer_basics.md	True	True	True	True
8382	asanghi	2012-11-30 09:29:09	carlosantoniodasilva	2012-11-30 10:27:28	guides/source/action_mailer_basics.md	True	True	True	True
8382	asanghi	2012-11-30 09:29:09	carlosantoniodasilva	2012-11-30 10:27:26	guides/source/action_mailer_basics.md	True	True	True	True
8382	asanghi	2012-11-30 09:29:09	carlosantoniodasilva	2012-11-30 10:27:17	guides/source/action_mailer_basics.md	True	True	True	True
8379	steveklabnik	2012-11-30 00:57:49	rafaelfranca	2012-11-30 01:01:57	guides/assets/images/error_messages.png	True	False	True	True
8379	steveklabnik	2012-11-30 00:57:49	rafaelfranca	2012-11-30 01:01:57	guides/assets/images/validation_error_messages.png	True	False	True	True
8379	steveklabnik	2012-11-30 00:57:49	rafaelfranca	2012-11-30 01:01:57	guides/source/active_record_validations.md	True	False	True	True
8379	steveklabnik	2012-11-30 00:57:49	rafaelfranca	2012-11-30 01:01:57	guides/assets/images/customized_error_messages.png	True	False	True	True
8377	yepitschunked	2012-11-29 22:28:25	parndt	2013-05-14 18:05:58	actionpack/lib/action_view/helpers/form_options_helper.rb	True	True	True	True
8377	yepitschunked	2012-11-29 22:28:25	parndt	2013-05-14 18:05:58	actionpack/test/template/form_options_helper_test.rb	True	True	True	True
8375	steveklabnik	2012-11-29 20:26:44	rafaelfranca	2012-11-29 21:10:20	guides/source/migrations.md	True	True	True	True
8375	steveklabnik	2012-11-29 20:26:44	robin850	2012-11-29 20:40:59	guides/source/migrations.md	True	True	True	True
8375	steveklabnik	2012-11-29 20:26:44	timraymond	2012-11-29 20:48:48	guides/source/migrations.md	True	True	True	True
8368	SamSaffron	2012-11-29 12:22:20	rafaelfranca	2012-11-30 12:52:47	activerecord/test/cases/base_test.rb	False	True	True	True
8368	SamSaffron	2012-11-29 12:22:20	rafaelfranca	2012-11-30 12:52:47	activerecord/lib/active_record/core.rb	False	True	True	True
8368	SamSaffron	2012-11-29 12:22:20	rafaelfranca	2012-11-30 12:52:47	activerecord/CHANGELOG.md	False	True	True	True
8368	SamSaffron	2012-11-29 12:22:20	rafaelfranca	2012-11-30 12:53:24	activerecord/test/cases/base_test.rb	False	True	True	True
8368	SamSaffron	2012-11-29 12:22:20	rafaelfranca	2012-11-30 12:53:24	activerecord/lib/active_record/core.rb	False	True	True	True
8368	SamSaffron	2012-11-29 12:22:20	rafaelfranca	2012-11-30 12:53:24	activerecord/CHANGELOG.md	False	True	True	True
8368	SamSaffron	2012-11-29 12:22:20	rafaelfranca	2012-11-30 12:54:05	activerecord/test/cases/base_test.rb	False	True	True	True
8368	SamSaffron	2012-11-29 12:22:20	rafaelfranca	2012-11-30 12:54:05	activerecord/lib/active_record/core.rb	False	True	True	True
8368	SamSaffron	2012-11-29 12:22:20	rafaelfranca	2012-11-30 12:54:05	activerecord/CHANGELOG.md	False	True	True	True
8355	steveklabnik	2012-11-28 20:43:43	carlosantoniodasilva	2012-11-28 21:16:28	activerecord/CHANGELOG.md	True	True	True	True
8355	steveklabnik	2012-11-28 20:43:43	carlosantoniodasilva	2012-11-28 21:17:03	activerecord/test/cases/associations_test.rb	True	True	True	True
8355	steveklabnik	2012-11-28 20:43:43	carlosantoniodasilva	2012-11-28 21:17:03	activerecord/CHANGELOG.md	True	True	True	True
8355	steveklabnik	2012-11-28 20:43:43	carlosantoniodasilva	2012-11-28 21:17:03	activerecord/lib/active_record/associations/builder/association.rb	True	True	True	True
8355	steveklabnik	2012-11-28 20:43:43	carlosantoniodasilva	2012-11-28 21:16:28	activerecord/lib/active_record/associations/builder/association.rb	True	True	True	True
8355	steveklabnik	2012-11-28 20:43:43	carlosantoniodasilva	2012-11-28 21:16:28	activerecord/test/cases/associations_test.rb	True	True	True	True
8352	steveklabnik	2012-11-28 18:35:34	rafaelfranca	2012-11-28 18:45:11	activemodel/test/cases/serializers/xml_serialization_test.rb	True	True	True	True
8352	steveklabnik	2012-11-28 18:35:34	rafaelfranca	2012-11-28 18:45:11	activemodel/lib/active_model/serializers/xml.rb	True	True	True	True
8352	steveklabnik	2012-11-28 18:35:34	rafaelfranca	2012-11-28 18:45:11	activemodel/CHANGELOG.md	True	True	True	True
8352	steveklabnik	2012-11-28 18:35:34	rafaelfranca	2012-11-28 19:18:31	activemodel/test/cases/serializers/xml_serialization_test.rb	True	True	True	True
8352	steveklabnik	2012-11-28 18:35:34	rafaelfranca	2012-11-28 19:18:31	activemodel/lib/active_model/serializers/xml.rb	True	True	True	True
8352	steveklabnik	2012-11-28 18:35:34	rafaelfranca	2012-11-28 19:18:31	activemodel/CHANGELOG.md	True	True	True	True
8352	steveklabnik	2012-11-28 18:35:34	rafaelfranca	2012-11-28 18:38:30	activemodel/test/cases/serializers/xml_serialization_test.rb	True	True	True	True
8352	steveklabnik	2012-11-28 18:35:34	rafaelfranca	2012-11-28 18:38:30	activemodel/lib/active_model/serializers/xml.rb	True	True	True	True
8352	steveklabnik	2012-11-28 18:35:34	rafaelfranca	2012-11-28 18:38:30	activemodel/CHANGELOG.md	True	True	True	True
8348	danchoi	2012-11-28 16:27:24	vijaydev	2012-12-01 19:15:39	guides/rails_guides/generator.rb	True	True	True	True
8348	danchoi	2012-11-28 16:27:24	vijaydev	2012-12-01 19:15:39	guides/source/kindle/rails_guides.opf.erb	True	True	True	True
8348	danchoi	2012-11-28 16:27:24	vijaydev	2012-12-01 19:15:39	guides/Rakefile	True	True	True	True
8348	danchoi	2012-11-28 16:27:24	vijaydev	2012-12-01 19:15:39	guides/rails_guides/kindle.rb	True	True	True	True
8348	danchoi	2012-11-28 16:27:24	vijaydev	2012-12-08 18:20:46	guides/rails_guides/generator.rb	True	True	True	True
8348	danchoi	2012-11-28 16:27:24	vijaydev	2012-12-08 18:20:46	guides/Rakefile	True	True	True	True
8348	danchoi	2012-11-28 16:27:24	vijaydev	2012-12-08 18:20:46	guides/rails_guides/kindle.rb	True	True	True	True
8348	danchoi	2012-11-28 16:27:24	vijaydev	2012-12-08 18:20:46	guides/source/kindle/rails_guides.opf.erb	True	True	True	True
8346	sodabrew	2012-11-28 12:05:22	carlosantoniodasilva	2012-11-28 12:15:20	activerecord/test/cases/adapters/postgresql/connection_test.rb	True	True	True	True
8346	sodabrew	2012-11-28 12:05:22	carlosantoniodasilva	2012-11-28 12:15:20	activerecord/test/cases/adapters/mysql2/connection_test.rb	True	True	True	True
8346	sodabrew	2012-11-28 12:05:22	carlosantoniodasilva	2012-11-28 12:15:20	activerecord/test/cases/adapters/mysql/connection_test.rb	True	True	True	True
8346	sodabrew	2012-11-28 12:05:22	carlosantoniodasilva	2012-11-28 12:15:20	activerecord/lib/active_record/connection_adapters/postgresql_adapter.rb	True	True	True	True
8346	sodabrew	2012-11-28 12:05:22	carlosantoniodasilva	2012-11-28 12:15:20	activerecord/lib/active_record/connection_adapters/mysql_adapter.rb	True	True	True	True
8346	sodabrew	2012-11-28 12:05:22	carlosantoniodasilva	2012-11-28 12:15:20	activerecord/lib/active_record/connection_adapters/mysql2_adapter.rb	True	True	True	True
8346	sodabrew	2012-11-28 12:05:22	carlosantoniodasilva	2012-11-28 12:15:20	activerecord/lib/active_record/connection_adapters/abstract_mysql_adapter.rb	True	True	True	True
8346	sodabrew	2012-11-28 12:05:22	carlosantoniodasilva	2012-11-28 12:15:20	activerecord/CHANGELOG.md	True	True	True	True
8343	duggiefresh	2012-11-27 23:29:13	jeremy	2012-11-27 23:38:28	activerecord/test/fixtures/developers.yml	False	True	True	True
8343	duggiefresh	2012-11-27 23:29:13	jeremy	2012-11-27 23:38:28	activerecord/lib/active_record/relation.rb	True	True	True	True
8343	duggiefresh	2012-11-27 23:29:13	jeremy	2012-11-27 23:38:28	activerecord/test/cases/relations_test.rb	True	True	True	True
8343	duggiefresh	2012-11-27 23:29:13	jeremy	2012-11-27 23:38:28	activerecord/test/fixtures/developers.yml	True	True	True	True
8343	duggiefresh	2012-11-27 23:29:13	jeremy	2012-11-27 23:40:19	activerecord/test/cases/relations_test.rb	True	True	True	True
8343	duggiefresh	2012-11-27 23:29:13	jeremy	2012-11-27 23:40:19	activerecord/lib/active_record/relation.rb	True	True	True	True
8343	duggiefresh	2012-11-27 23:29:13	jeremy	2012-11-27 23:40:19	activerecord/test/fixtures/developers.yml	True	True	True	True
8343	duggiefresh	2012-11-27 23:29:13	jeremy	2012-11-27 23:40:19	activerecord/test/fixtures/developers.yml	False	True	True	True
8334	take	2012-11-27 09:35:21	steveklabnik	2012-11-29 02:30:27	actionpack/CHANGELOG.md	False	True	True	True
8334	take	2012-11-27 09:35:21	steveklabnik	2012-11-29 02:30:27	actionpack/lib/action_view/helpers/url_helper.rb	False	True	True	True
8334	take	2012-11-27 09:35:21	carlosantoniodasilva	2012-11-27 10:56:36	actionpack/CHANGELOG.md	False	True	True	True
8334	take	2012-11-27 09:35:21	carlosantoniodasilva	2012-11-27 10:56:36	actionpack/lib/action_view/helpers/url_helper.rb	False	True	True	True
8334	take	2012-11-27 09:35:21	carlosantoniodasilva	2012-11-27 10:55:31	actionpack/CHANGELOG.md	False	True	True	True
8334	take	2012-11-27 09:35:21	carlosantoniodasilva	2012-11-27 10:55:31	actionpack/lib/action_view/helpers/url_helper.rb	False	True	True	True
8334	take	2012-11-27 09:35:21	carlosantoniodasilva	2012-11-27 10:55:14	actionpack/CHANGELOG.md	False	True	True	True
8334	take	2012-11-27 09:35:21	carlosantoniodasilva	2012-11-27 10:55:14	actionpack/lib/action_view/helpers/url_helper.rb	False	True	True	True
8332	amatsuda	2012-11-27 07:22:32	carlosantoniodasilva	2012-11-27 11:00:18	activerecord/test/cases/relation/where_chain_test.rb	True	True	True	True
8332	amatsuda	2012-11-27 07:22:32	carlosantoniodasilva	2012-11-27 11:05:27	activerecord/CHANGELOG.md	True	True	True	True
8332	amatsuda	2012-11-27 07:22:32	carlosantoniodasilva	2012-11-27 11:00:18	activerecord/lib/active_record/relation/query_methods.rb	True	True	True	True
8332	amatsuda	2012-11-27 07:22:32	carlosantoniodasilva	2012-11-27 11:00:18	activerecord/test/cases/associations/has_many_associations_test.rb	True	True	True	True
8332	amatsuda	2012-11-27 07:22:32	carlosantoniodasilva	2012-11-27 11:00:18	guides/source/active_record_querying.md	True	True	True	True
8332	amatsuda	2012-11-27 07:22:32	carlosantoniodasilva	2012-11-27 11:05:27	activerecord/test/cases/associations/has_many_associations_test.rb	True	True	True	True
8332	amatsuda	2012-11-27 07:22:32	carlosantoniodasilva	2012-11-27 11:05:27	activerecord/lib/active_record/relation/query_methods.rb	True	True	True	True
8332	amatsuda	2012-11-27 07:22:32	carlosantoniodasilva	2012-11-27 11:05:27	activerecord/test/cases/relation/where_chain_test.rb	True	True	True	True
8332	amatsuda	2012-11-27 07:22:32	carlosantoniodasilva	2012-11-27 11:05:27	guides/source/active_record_querying.md	True	True	True	True
8332	amatsuda	2012-11-27 07:22:32	carlosantoniodasilva	2012-11-27 11:00:18	activerecord/CHANGELOG.md	True	True	True	True
8330	jacobstr	2012-11-26 23:58:19	carlosantoniodasilva	2012-11-27 00:07:24	activerecord/test/cases/cache_key_test.rb	True	True	True	True
8330	jacobstr	2012-11-26 23:58:19	rafaelfranca	2012-11-29 23:18:40	activerecord/test/cases/cache_key_test.rb	True	True	True	True
8330	jacobstr	2012-11-26 23:58:19	carlosantoniodasilva	2012-11-27 00:07:13	activerecord/test/cases/cache_key_test.rb	True	True	True	True
8329	elia	2012-11-26 23:24:28	rafaelfranca	2012-11-26 23:31:43	actionpack/test/controller/send_file_test.rb	True	False	True	True
8329	elia	2012-11-26 23:24:28	rafaelfranca	2012-11-26 23:31:43	actionpack/lib/action_controller/metal/data_streaming.rb	True	False	True	True
8329	elia	2012-11-26 23:24:28	rafaelfranca	2012-11-26 23:31:43	actionpack/CHANGELOG.md	True	False	True	True
8321	steveklabnik	2012-11-26 18:35:28	rafaelfranca	2012-11-26 18:37:55	actionpack/test/template/date_helper_i18n_test.rb	True	True	True	True
8321	steveklabnik	2012-11-26 18:35:28	rafaelfranca	2012-11-26 18:37:55	actionpack/lib/action_view/helpers/date_helper.rb	True	True	True	True
8321	steveklabnik	2012-11-26 18:35:28	rafaelfranca	2012-11-26 18:37:55	actionpack/CHANGELOG.md	True	True	True	True
8321	steveklabnik	2012-11-26 18:35:28	rafaelfranca	2012-11-26 18:37:47	actionpack/test/template/date_helper_i18n_test.rb	True	True	True	True
8321	steveklabnik	2012-11-26 18:35:28	rafaelfranca	2012-11-26 18:37:47	actionpack/lib/action_view/helpers/date_helper.rb	True	True	True	True
8321	steveklabnik	2012-11-26 18:35:28	rafaelfranca	2012-11-26 18:37:47	actionpack/CHANGELOG.md	True	True	True	True
8318	Empact	2012-11-26 10:20:45	carlosantoniodasilva	2012-11-26 14:43:02	actionpack/test/controller/test_case_test.rb	True	True	True	True
8318	Empact	2012-11-26 10:20:45	rafaelfranca	2012-11-26 14:12:10	actionpack/lib/action_dispatch/testing/test_process.rb	True	True	True	True
8318	Empact	2012-11-26 10:20:45	rafaelfranca	2012-11-26 14:12:10	actionpack/test/controller/test_case_test.rb	True	True	True	True
8318	Empact	2012-11-26 10:20:45	carlosantoniodasilva	2012-11-26 14:43:02	actionpack/lib/action_dispatch/testing/test_process.rb	True	True	True	True
8318	Empact	2012-11-26 10:20:45	rafaelfranca	2012-11-26 21:15:20	actionpack/lib/action_dispatch/testing/test_process.rb	True	True	True	True
8318	Empact	2012-11-26 10:20:45	rafaelfranca	2012-11-26 21:15:20	actionpack/test/controller/test_case_test.rb	True	True	True	True
8313	alan	2012-11-25 21:52:41	parndt	2013-03-13 00:56:58	activerecord/test/cases/autosave_association_test.rb	True	True	True	True
8313	alan	2012-11-25 21:52:41	parndt	2013-03-13 00:56:58	activerecord/lib/active_record/autosave_association.rb	True	True	True	True
8313	alan	2012-11-25 21:52:41	parndt	2013-03-13 00:56:58	activerecord/CHANGELOG.md	True	True	True	True
8313	alan	2012-11-25 21:52:41	carlosantoniodasilva	2012-11-25 22:49:29	activerecord/test/cases/autosave_association_test.rb	True	True	True	True
8313	alan	2012-11-25 21:52:41	carlosantoniodasilva	2012-11-25 22:49:29	activerecord/lib/active_record/autosave_association.rb	True	True	True	True
8313	alan	2012-11-25 21:52:41	carlosantoniodasilva	2012-11-25 22:49:29	activerecord/CHANGELOG.md	True	True	True	True
8312	senny	2012-11-25 13:00:58	carlosantoniodasilva	2012-11-25 13:28:22	activemodel/lib/active_model/conversion.rb	False	True	True	True
8312	senny	2012-11-25 13:00:58	carlosantoniodasilva	2012-11-25 13:28:22	activemodel/lib/active_model/attribute_methods.rb	True	True	True	True
8312	senny	2012-11-25 13:00:58	carlosantoniodasilva	2012-11-25 13:28:22	activemodel/lib/active_model/naming.rb	True	True	True	True
8312	senny	2012-11-25 13:00:58	carlosantoniodasilva	2012-11-25 13:28:22	activemodel/lib/active_model/validations/callbacks.rb	True	True	True	True
8312	senny	2012-11-25 13:00:58	carlosantoniodasilva	2012-11-25 13:28:22	activemodel/CHANGELOG.md	False	True	True	True
8312	senny	2012-11-25 13:00:58	carlosantoniodasilva	2012-11-25 13:28:22	activemodel/lib/active_model/callbacks.rb	False	True	True	True
8312	senny	2012-11-25 13:00:58	carlosantoniodasilva	2012-11-25 13:28:22	activemodel/lib/active_model/observing.rb	True	True	True	True
8312	senny	2012-11-25 13:00:58	carlosantoniodasilva	2012-11-25 13:28:22	activemodel/lib/active_model/dirty.rb	False	True	True	True
8312	senny	2012-11-25 13:00:58	carlosantoniodasilva	2012-11-25 13:28:22	activemodel/lib/active_model/validations.rb	False	True	True	True
8312	senny	2012-11-25 13:00:58	carlosantoniodasilva	2012-11-25 13:28:22	activemodel/lib/active_model/validations/callbacks.rb	False	True	True	True
8312	senny	2012-11-25 13:00:58	carlosantoniodasilva	2012-11-25 13:28:22	activemodel/lib/active_model/naming.rb	False	True	True	True
8312	senny	2012-11-25 13:00:58	carlosantoniodasilva	2012-11-25 13:28:22	activemodel/lib/active_model/observing.rb	False	True	True	True
8311	alisdair	2012-11-25 11:25:21	carlosantoniodasilva	2012-11-25 13:15:13	activerecord/test/cases/dirty_test.rb	True	False	True	True
8311	alisdair	2012-11-25 11:25:21	carlosantoniodasilva	2012-11-25 13:15:13	activerecord/lib/active_record/attribute_methods/time_zone_conversion.rb	True	False	True	True
8311	alisdair	2012-11-25 11:25:21	carlosantoniodasilva	2012-11-25 13:15:13	activerecord/CHANGELOG.md	True	False	True	True
8309	durran	2012-11-25 10:41:17	rafaelfranca	2012-11-25 14:56:16	activemodel/test/cases/validations/validates_test.rb	True	True	True	True
8309	durran	2012-11-25 10:41:17	rafaelfranca	2012-11-25 14:56:16	activemodel/test/cases/validations/inclusion_validation_test.rb	True	True	True	True
8309	durran	2012-11-25 10:41:17	rafaelfranca	2012-11-25 14:56:16	activemodel/test/cases/validations/i18n_generate_message_validation_test.rb	True	True	True	True
8309	durran	2012-11-25 10:41:17	rafaelfranca	2012-11-25 14:56:16	activemodel/test/cases/validations/exclusion_validation_test.rb	True	True	True	True
8309	durran	2012-11-25 10:41:17	rafaelfranca	2012-11-25 14:56:16	activemodel/lib/active_model/validations/clusivity.rb	True	True	True	True
8309	durran	2012-11-25 10:41:17	rafaelfranca	2012-11-25 14:56:16	activemodel/lib/active_model/locale/en.yml	True	True	True	True
8309	durran	2012-11-25 10:41:17	rafaelfranca	2012-11-25 14:56:16	activemodel/test/models/topic.rb	True	True	True	True
8306	senny	2012-11-24 16:37:10	carlosantoniodasilva	2012-11-24 17:10:56	actionpack/lib/action_view/helpers/form_helper.rb	True	True	True	True
8303	jeremywrowe	2012-11-23 20:34:04	carlosantoniodasilva	2012-11-23 20:52:02	railties/CHANGELOG.md	True	True	True	True
8303	jeremywrowe	2012-11-23 20:34:04	carlosantoniodasilva	2012-11-23 20:52:02	railties/test/generators/app_generator_test.rb	True	True	True	True
8303	jeremywrowe	2012-11-23 20:34:04	carlosantoniodasilva	2012-11-23 20:52:02	railties/lib/rails/generators/rails/app/app_generator.rb	True	True	True	True
8303	jeremywrowe	2012-11-23 20:34:04	carlosantoniodasilva	2012-11-23 20:51:43	railties/lib/rails/generators/rails/app/app_generator.rb	True	True	True	True
8303	jeremywrowe	2012-11-23 20:34:04	carlosantoniodasilva	2012-11-23 20:51:43	railties/CHANGELOG.md	True	True	True	True
8303	jeremywrowe	2012-11-23 20:34:04	carlosantoniodasilva	2012-11-23 20:51:43	railties/test/generators/app_generator_test.rb	True	True	True	True
8302	roberto	2012-11-23 20:02:48	rafaelfranca	2012-11-23 20:14:13	actionpack/test/controller/action_pack_assertions_test.rb	True	True	True	True
8302	roberto	2012-11-23 20:02:48	rafaelfranca	2012-11-23 20:14:13	actionpack/lib/action_controller/test_case.rb	True	True	True	True
8302	roberto	2012-11-23 20:02:48	rafaelfranca	2012-11-23 20:14:13	actionpack/CHANGELOG.md	True	True	True	True
8302	roberto	2012-11-23 20:02:48	rafaelfranca	2012-11-23 20:14:13	actionpack/test/controller/action_pack_assertions_test.rb	False	True	True	True
8302	roberto	2012-11-23 20:02:48	rafaelfranca	2012-11-23 20:14:13	actionpack/lib/action_controller/test_case.rb	False	True	True	True
8302	roberto	2012-11-23 20:02:48	rafaelfranca	2012-11-23 20:14:13	actionpack/CHANGELOG.md	False	True	True	True
8298	Empact	2012-11-23 07:49:16	senny	2013-10-02 07:53:25	activerecord/lib/active_record/inheritance.rb	True	True	True	True
8298	Empact	2012-11-23 07:49:16	senny	2013-10-02 13:43:05	activerecord/CHANGELOG.md	True	True	True	True
8298	Empact	2012-11-23 07:49:16	senny	2013-10-02 13:43:05	activerecord/lib/active_record/inheritance.rb	True	True	True	True
8298	Empact	2012-11-23 07:49:16	senny	2013-10-02 13:43:05	activerecord/test/cases/base_test.rb	True	True	True	True
8298	Empact	2012-11-23 07:49:16	senny	2013-11-12 10:21:23	activerecord/CHANGELOG.md	True	True	True	True
8298	Empact	2012-11-23 07:49:16	senny	2013-11-12 10:21:23	activerecord/lib/active_record/inheritance.rb	True	True	True	True
8298	Empact	2012-11-23 07:49:16	senny	2013-11-12 10:21:23	activerecord/test/cases/base_test.rb	True	True	True	True
8298	Empact	2012-11-23 07:49:16	senny	2013-10-02 07:53:25	activerecord/CHANGELOG.md	True	True	True	True
8298	Empact	2012-11-23 07:49:16	pftg	2013-09-03 09:09:56	activerecord/lib/active_record/inheritance.rb	True	True	True	True
8298	Empact	2012-11-23 07:49:16	senny	2013-10-02 07:53:25	activerecord/test/cases/base_test.rb	True	True	True	True
8298	Empact	2012-11-23 07:49:16	senny	2013-10-02 07:56:31	activerecord/CHANGELOG.md	True	True	True	True
8298	Empact	2012-11-23 07:49:16	senny	2013-10-02 07:56:31	activerecord/test/cases/base_test.rb	True	True	True	True
8298	Empact	2012-11-23 07:49:16	senny	2013-10-02 07:56:31	activerecord/lib/active_record/inheritance.rb	True	True	True	True
8298	Empact	2012-11-23 07:49:16	pftg	2013-09-03 09:09:56	activerecord/CHANGELOG.md	True	True	True	True
8298	Empact	2012-11-23 07:49:16	pftg	2013-09-03 09:09:56	activerecord/test/cases/base_test.rb	True	True	True	True
8291	senny	2012-11-21 21:03:45	carlosantoniodasilva	2012-11-21 22:07:25	activerecord/test/cases/associations/has_many_associations_test.rb	True	True	True	True
8291	senny	2012-11-21 21:03:45	carlosantoniodasilva	2012-11-21 22:07:25	activerecord/lib/active_record/associations/association.rb	True	True	True	True
8291	senny	2012-11-21 21:03:45	carlosantoniodasilva	2012-11-21 22:07:25	activerecord/CHANGELOG.md	True	True	True	True
8288	releu	2012-11-21 11:51:40	carlosantoniodasilva	2012-11-21 11:56:50	activemodel/lib/active_model/errors.rb	True	True	True	True
8288	releu	2012-11-21 11:51:40	carlosantoniodasilva	2012-11-21 11:56:19	activemodel/test/cases/errors_test.rb	True	True	True	True
8288	releu	2012-11-21 11:51:40	carlosantoniodasilva	2012-11-21 11:56:19	activemodel/lib/active_model/errors.rb	True	True	True	True
8288	releu	2012-11-21 11:51:40	carlosantoniodasilva	2012-11-21 11:56:50	activemodel/test/cases/errors_test.rb	True	True	True	True
8279	gaurish	2012-11-20 11:04:07	carlosantoniodasilva	2012-11-20 11:08:35	railties/lib/rails/application/configuration.rb	True	True	True	True
8276	pwnall	2012-11-20 03:47:16	carlosantoniodasilva	2012-11-20 10:45:48	activerecord/test/schema/postgresql_specific_schema.rb	True	True	True	True
8276	pwnall	2012-11-20 03:47:16	carlosantoniodasilva	2012-11-20 10:45:48	activerecord/lib/active_record/connection_adapters/postgresql/schema_statements.rb	True	True	True	True
8276	pwnall	2012-11-20 03:47:16	carlosantoniodasilva	2012-11-20 10:45:48	activerecord/CHANGELOG.md	True	True	True	True
8276	pwnall	2012-11-20 03:47:16	carlosantoniodasilva	2012-11-20 10:45:48	activerecord/test/cases/adapters/postgresql/sql_types_test.rb	True	True	True	True
8267	marcandre	2012-11-19 07:39:05	rafaelfranca	2012-11-19 14:46:18	activerecord/CHANGELOG.md	False	True	True	True
8267	marcandre	2012-11-19 07:39:05	rafaelfranca	2012-11-19 14:46:18	activerecord/lib/active_record/connection_adapters/abstract/schema_definitions.rb	False	True	True	True
8267	marcandre	2012-11-19 07:39:05	rafaelfranca	2012-11-19 14:46:18	activerecord/test/cases/migration/change_table_test.rb	False	True	True	True
8267	marcandre	2012-11-19 07:39:05	rafaelfranca	2012-11-19 14:46:18	railties/test/generators/migration_generator_test.rb	False	True	True	True
8267	marcandre	2012-11-19 07:39:05	rafaelfranca	2012-11-19 14:46:18	activerecord/lib/active_record/migration/command_recorder.rb	True	True	True	True
8267	marcandre	2012-11-19 07:39:05	rafaelfranca	2012-11-19 14:46:18	activerecord/lib/active_record/migration.rb	True	True	True	True
8267	marcandre	2012-11-19 07:39:05	rafaelfranca	2012-11-19 14:46:18	activerecord/test/cases/invertible_migration_test.rb	True	True	True	True
8267	marcandre	2012-11-19 07:39:05	rafaelfranca	2012-11-19 14:46:18	activerecord/test/cases/migration/command_recorder_test.rb	True	True	True	True
8267	marcandre	2012-11-19 07:39:05	rafaelfranca	2012-11-19 14:46:18	activerecord/lib/active_record/connection_adapters/abstract/schema_statements.rb	True	True	True	True
8267	marcandre	2012-11-19 07:39:05	rafaelfranca	2012-11-19 14:46:18	activerecord/test/cases/migration/create_join_table_test.rb	True	True	True	True
8267	marcandre	2012-11-19 07:39:05	rafaelfranca	2012-11-19 14:46:18	guides/source/4_0_release_notes.md	False	True	True	True
8267	marcandre	2012-11-19 07:39:05	rafaelfranca	2012-11-19 14:46:18	guides/source/migrations.md	False	True	True	True
8267	marcandre	2012-11-19 07:39:05	rafaelfranca	2012-11-19 14:46:18	railties/CHANGELOG.md	False	True	True	True
8267	marcandre	2012-11-19 07:39:05	rafaelfranca	2012-11-19 14:46:18	activerecord/lib/active_record/migration/command_recorder.rb	False	True	True	True
8267	marcandre	2012-11-19 07:39:05	rafaelfranca	2012-11-19 14:46:18	activerecord/test/cases/migration/command_recorder_test.rb	False	True	True	True
8267	marcandre	2012-11-19 07:39:05	rafaelfranca	2012-11-19 14:46:18	activerecord/lib/rails/generators/active_record/migration/templates/migration.rb	False	True	True	True
8267	marcandre	2012-11-19 07:39:05	rafaelfranca	2012-11-19 14:46:18	activerecord/lib/active_record/connection_adapters/abstract/schema_definitions.rb	True	True	True	True
8267	marcandre	2012-11-19 07:39:05	rafaelfranca	2012-11-19 14:46:18	activerecord/lib/active_record/connection_adapters/sqlite3_adapter.rb	True	True	True	True
8267	marcandre	2012-11-19 07:39:05	rafaelfranca	2012-11-19 14:46:18	activerecord/test/cases/migration/change_table_test.rb	True	True	True	True
8256	nalwayaabhishek	2012-11-18 07:03:55	carlosantoniodasilva	2012-11-18 23:09:33	activemodel/examples/validations.rb	False	True	True	True
8251	alexeymuranov	2012-11-17 14:05:32	carlosantoniodasilva	2012-11-17 14:19:18	activerecord/lib/active_record/fixtures.rb	True	True	True	True
8246	urielka	2012-11-17 00:56:29	carlosantoniodasilva	2012-11-25 00:20:14	activesupport/lib/active_support/cache/file_store.rb	True	True	True	True
8246	urielka	2012-11-17 00:56:29	carlosantoniodasilva	2012-11-25 00:19:47	activesupport/lib/active_support/core_ext/marshal.rb	True	True	True	True
8246	urielka	2012-11-17 00:56:29	carlosantoniodasilva	2012-11-25 00:19:47	activesupport/test/caching_test.rb	True	True	True	True
8246	urielka	2012-11-17 00:56:29	carlosantoniodasilva	2012-11-25 00:19:47	activesupport/test/core_ext/marshal_test.rb	True	True	True	True
8246	urielka	2012-11-17 00:56:29	carlosantoniodasilva	2012-11-25 00:19:47	activesupport/lib/active_support/cache/mem_cache_store.rb	True	True	True	True
8246	urielka	2012-11-17 00:56:29	carlosantoniodasilva	2012-11-25 00:19:47	activesupport/test/dependecies_test_helpers.rb	True	True	True	True
8246	urielka	2012-11-17 00:56:29	carlosantoniodasilva	2012-11-25 00:19:47	activesupport/test/dependencies_test.rb	True	True	True	True
8246	urielka	2012-11-17 00:56:29	carlosantoniodasilva	2012-11-25 00:19:47	guides/source/active_support_core_extensions.md	True	True	True	True
8246	urielka	2012-11-17 00:56:29	carlosantoniodasilva	2012-11-25 00:20:14	activesupport/CHANGELOG.md	True	True	True	True
8246	urielka	2012-11-17 00:56:29	carlosantoniodasilva	2012-11-25 00:20:14	activesupport/test/dependecies_test_helpers.rb	True	True	True	True
8246	urielka	2012-11-17 00:56:29	carlosantoniodasilva	2012-11-25 00:19:47	activesupport/CHANGELOG.md	True	True	True	True
8246	urielka	2012-11-17 00:56:29	carlosantoniodasilva	2012-11-25 00:20:14	activesupport/lib/active_support/cache/mem_cache_store.rb	True	True	True	True
8246	urielka	2012-11-17 00:56:29	carlosantoniodasilva	2012-11-25 00:20:14	activesupport/lib/active_support/core_ext/marshal.rb	True	True	True	True
8246	urielka	2012-11-17 00:56:29	carlosantoniodasilva	2012-11-25 00:20:14	activesupport/test/caching_test.rb	True	True	True	True
8246	urielka	2012-11-17 00:56:29	carlosantoniodasilva	2012-11-25 00:20:14	activesupport/test/core_ext/marshal_test.rb	True	True	True	True
8246	urielka	2012-11-17 00:56:29	carlosantoniodasilva	2012-11-25 00:20:14	activesupport/test/dependencies_test.rb	True	True	True	True
8246	urielka	2012-11-17 00:56:29	carlosantoniodasilva	2012-11-25 00:20:14	guides/source/active_support_core_extensions.md	True	True	True	True
8246	urielka	2012-11-17 00:56:29	carlosantoniodasilva	2012-11-25 00:23:48	activesupport/CHANGELOG.md	True	True	True	True
8246	urielka	2012-11-17 00:56:29	carlosantoniodasilva	2012-11-25 00:23:48	activesupport/lib/active_support/cache/file_store.rb	True	True	True	True
8246	urielka	2012-11-17 00:56:29	carlosantoniodasilva	2012-11-25 00:19:47	activesupport/lib/active_support/cache/file_store.rb	True	True	True	True
8246	urielka	2012-11-17 00:56:29	fxn	2012-11-26 11:35:45	activesupport/CHANGELOG.md	True	True	True	True
8246	urielka	2012-11-17 00:56:29	carlosantoniodasilva	2012-11-25 00:17:05	guides/source/active_support_core_extensions.md	True	True	True	True
8246	urielka	2012-11-17 00:56:29	carlosantoniodasilva	2012-11-25 00:17:05	activesupport/test/dependencies_test.rb	True	True	True	True
8246	urielka	2012-11-17 00:56:29	carlosantoniodasilva	2012-11-25 00:23:48	activesupport/lib/active_support/core_ext/marshal.rb	True	True	True	True
8246	urielka	2012-11-17 00:56:29	carlosantoniodasilva	2012-11-25 00:16:59	activesupport/CHANGELOG.md	True	True	True	True
8246	urielka	2012-11-17 00:56:29	carlosantoniodasilva	2012-11-25 00:16:59	activesupport/lib/active_support/cache/file_store.rb	True	True	True	True
8246	urielka	2012-11-17 00:56:29	carlosantoniodasilva	2012-11-25 00:16:59	activesupport/lib/active_support/cache/mem_cache_store.rb	True	True	True	True
8246	urielka	2012-11-17 00:56:29	carlosantoniodasilva	2012-11-25 00:16:59	activesupport/lib/active_support/core_ext/marshal.rb	True	True	True	True
8246	urielka	2012-11-17 00:56:29	carlosantoniodasilva	2012-11-25 00:16:59	activesupport/test/caching_test.rb	True	True	True	True
8246	urielka	2012-11-17 00:56:29	carlosantoniodasilva	2012-11-25 00:16:59	activesupport/test/core_ext/marshal_test.rb	True	True	True	True
8246	urielka	2012-11-17 00:56:29	carlosantoniodasilva	2012-11-25 00:16:59	activesupport/test/dependecies_test_helpers.rb	True	True	True	True
8246	urielka	2012-11-17 00:56:29	carlosantoniodasilva	2012-11-25 00:16:59	activesupport/test/dependencies_test.rb	True	True	True	True
8246	urielka	2012-11-17 00:56:29	carlosantoniodasilva	2012-11-25 00:16:59	guides/source/active_support_core_extensions.md	True	True	True	True
8246	urielka	2012-11-17 00:56:29	carlosantoniodasilva	2012-11-25 00:17:05	activesupport/CHANGELOG.md	True	True	True	True
8246	urielka	2012-11-17 00:56:29	carlosantoniodasilva	2012-11-25 00:17:05	activesupport/lib/active_support/cache/file_store.rb	True	True	True	True
8246	urielka	2012-11-17 00:56:29	carlosantoniodasilva	2012-11-25 00:17:05	activesupport/lib/active_support/cache/mem_cache_store.rb	True	True	True	True
8246	urielka	2012-11-17 00:56:29	carlosantoniodasilva	2012-11-25 00:17:05	activesupport/lib/active_support/core_ext/marshal.rb	True	True	True	True
8246	urielka	2012-11-17 00:56:29	carlosantoniodasilva	2012-11-25 00:17:05	activesupport/test/caching_test.rb	True	True	True	True
8246	urielka	2012-11-17 00:56:29	carlosantoniodasilva	2012-11-25 00:17:05	activesupport/test/core_ext/marshal_test.rb	True	True	True	True
8246	urielka	2012-11-17 00:56:29	carlosantoniodasilva	2012-11-25 00:17:05	activesupport/test/dependecies_test_helpers.rb	True	True	True	True
8246	urielka	2012-11-17 00:56:29	carlosantoniodasilva	2012-11-25 00:23:48	activesupport/lib/active_support/cache/mem_cache_store.rb	True	True	True	True
8246	urielka	2012-11-17 00:56:29	fxn	2012-11-26 11:35:45	activesupport/lib/active_support/cache/mem_cache_store.rb	True	True	True	True
8246	urielka	2012-11-17 00:56:29	carlosantoniodasilva	2012-11-25 00:23:48	activesupport/test/caching_test.rb	True	True	True	True
8246	urielka	2012-11-17 00:56:29	carlosantoniodasilva	2012-11-25 00:16:47	activesupport/test/dependecies_test_helpers.rb	True	True	True	True
8246	urielka	2012-11-17 00:56:29	carlosantoniodasilva	2012-11-25 00:16:47	guides/source/active_support_core_extensions.md	True	True	True	True
8246	urielka	2012-11-17 00:56:29	carlosantoniodasilva	2012-11-25 00:15:58	activesupport/CHANGELOG.md	True	True	True	True
8246	urielka	2012-11-17 00:56:29	carlosantoniodasilva	2012-11-25 00:15:58	activesupport/lib/active_support/cache/file_store.rb	True	True	True	True
8246	urielka	2012-11-17 00:56:29	carlosantoniodasilva	2012-11-25 00:15:58	activesupport/lib/active_support/cache/mem_cache_store.rb	True	True	True	True
8246	urielka	2012-11-17 00:56:29	carlosantoniodasilva	2012-11-25 00:15:58	activesupport/test/caching_test.rb	True	True	True	True
8246	urielka	2012-11-17 00:56:29	carlosantoniodasilva	2012-11-25 00:15:58	activesupport/test/core_ext/marshal_test.rb	True	True	True	True
8246	urielka	2012-11-17 00:56:29	carlosantoniodasilva	2012-11-25 00:15:58	activesupport/test/dependecies_test_helpers.rb	True	True	True	True
8246	urielka	2012-11-17 00:56:29	carlosantoniodasilva	2012-11-25 00:15:58	activesupport/test/dependencies_test.rb	True	True	True	True
8246	urielka	2012-11-17 00:56:29	carlosantoniodasilva	2012-11-25 00:15:58	guides/source/active_support_core_extensions.md	True	True	True	True
8246	urielka	2012-11-17 00:56:29	fxn	2012-11-26 11:35:45	activesupport/lib/active_support/cache/file_store.rb	True	True	True	True
8246	urielka	2012-11-17 00:56:29	carlosantoniodasilva	2012-11-25 00:23:48	activesupport/test/core_ext/marshal_test.rb	True	True	True	True
8246	urielka	2012-11-17 00:56:29	fxn	2012-11-26 11:35:45	activesupport/lib/active_support/core_ext/marshal.rb	True	True	True	True
8246	urielka	2012-11-17 00:56:29	fxn	2012-11-26 11:35:45	activesupport/test/caching_test.rb	True	True	True	True
8246	urielka	2012-11-17 00:56:29	fxn	2012-11-26 11:35:45	activesupport/test/core_ext/marshal_test.rb	True	True	True	True
8246	urielka	2012-11-17 00:56:29	fxn	2012-11-26 11:35:45	activesupport/test/dependecies_test_helpers.rb	True	True	True	True
8246	urielka	2012-11-17 00:56:29	fxn	2012-11-26 11:35:45	activesupport/test/dependencies_test.rb	True	True	True	True
8246	urielka	2012-11-17 00:56:29	fxn	2012-11-26 11:35:45	guides/source/active_support_core_extensions.md	True	True	True	True
8246	urielka	2012-11-17 00:56:29	carlosantoniodasilva	2012-11-25 00:16:47	activesupport/test/dependencies_test.rb	True	True	True	True
8246	urielka	2012-11-17 00:56:29	carlosantoniodasilva	2012-11-25 00:15:58	activesupport/lib/active_support/core_ext/marshal.rb	True	True	True	True
8246	urielka	2012-11-17 00:56:29	carlosantoniodasilva	2012-11-25 00:16:47	activesupport/test/core_ext/marshal_test.rb	True	True	True	True
8246	urielka	2012-11-17 00:56:29	carlosantoniodasilva	2012-11-25 00:18:29	activesupport/test/core_ext/marshal_test.rb	True	True	True	True
8246	urielka	2012-11-17 00:56:29	carlosantoniodasilva	2012-11-25 00:23:48	activesupport/test/dependecies_test_helpers.rb	True	True	True	True
8246	urielka	2012-11-17 00:56:29	carlosantoniodasilva	2012-11-25 00:23:48	activesupport/test/dependencies_test.rb	True	True	True	True
8246	urielka	2012-11-17 00:56:29	carlosantoniodasilva	2012-11-25 00:16:47	activesupport/test/caching_test.rb	True	True	True	True
8246	urielka	2012-11-17 00:56:29	carlosantoniodasilva	2012-11-25 00:18:29	activesupport/CHANGELOG.md	True	True	True	True
8246	urielka	2012-11-17 00:56:29	carlosantoniodasilva	2012-11-25 00:18:29	activesupport/lib/active_support/cache/file_store.rb	True	True	True	True
8246	urielka	2012-11-17 00:56:29	carlosantoniodasilva	2012-11-25 00:18:29	activesupport/lib/active_support/cache/mem_cache_store.rb	True	True	True	True
8246	urielka	2012-11-17 00:56:29	carlosantoniodasilva	2012-11-25 00:18:29	activesupport/lib/active_support/core_ext/marshal.rb	True	True	True	True
8246	urielka	2012-11-17 00:56:29	carlosantoniodasilva	2012-11-25 00:18:29	activesupport/test/caching_test.rb	True	True	True	True
8246	urielka	2012-11-17 00:56:29	carlosantoniodasilva	2012-11-25 00:23:48	guides/source/active_support_core_extensions.md	True	True	True	True
8246	urielka	2012-11-17 00:56:29	carlosantoniodasilva	2012-11-25 00:18:29	activesupport/test/dependecies_test_helpers.rb	True	True	True	True
8246	urielka	2012-11-17 00:56:29	carlosantoniodasilva	2012-11-25 00:18:29	guides/source/active_support_core_extensions.md	True	True	True	True
8246	urielka	2012-11-17 00:56:29	carlosantoniodasilva	2012-11-25 00:16:47	activesupport/CHANGELOG.md	True	True	True	True
8246	urielka	2012-11-17 00:56:29	carlosantoniodasilva	2012-11-25 00:16:47	activesupport/lib/active_support/cache/file_store.rb	True	True	True	True
8246	urielka	2012-11-17 00:56:29	carlosantoniodasilva	2012-11-25 00:16:47	activesupport/lib/active_support/cache/mem_cache_store.rb	True	True	True	True
8246	urielka	2012-11-17 00:56:29	carlosantoniodasilva	2012-11-25 00:16:47	activesupport/lib/active_support/core_ext/marshal.rb	True	True	True	True
8246	urielka	2012-11-17 00:56:29	carlosantoniodasilva	2012-11-25 00:18:29	activesupport/test/dependencies_test.rb	True	True	True	True
8239	kenmazaika	2012-11-16 15:58:32	rafaelfranca	2012-11-16 16:06:13	activerecord/lib/active_record/connection_adapters/abstract/schema_statements.rb	True	True	True	True
8239	kenmazaika	2012-11-16 15:58:32	rafaelfranca	2012-11-16 16:07:35	activerecord/lib/active_record/connection_adapters/abstract/schema_definitions.rb	True	True	True	True
8239	kenmazaika	2012-11-16 15:58:32	rafaelfranca	2012-11-16 16:07:35	activerecord/lib/active_record/connection_adapters/abstract/schema_statements.rb	True	True	True	True
8239	kenmazaika	2012-11-16 15:58:32	rafaelfranca	2012-11-16 16:07:35	activerecord/lib/active_record/connection_adapters/abstract_mysql_adapter.rb	True	True	True	True
8239	kenmazaika	2012-11-16 15:58:32	rafaelfranca	2012-11-16 16:07:35	activerecord/lib/active_record/schema_dumper.rb	True	True	True	True
8239	kenmazaika	2012-11-16 15:58:32	rafaelfranca	2012-11-16 16:06:13	activerecord/lib/active_record/connection_adapters/abstract/schema_definitions.rb	True	True	True	True
8239	kenmazaika	2012-11-16 15:58:32	rafaelfranca	2012-11-16 16:07:24	activerecord/lib/active_record/connection_adapters/abstract/schema_statements.rb	True	True	True	True
8239	kenmazaika	2012-11-16 15:58:32	rafaelfranca	2012-11-16 16:06:13	activerecord/lib/active_record/connection_adapters/abstract_mysql_adapter.rb	True	True	True	True
8239	kenmazaika	2012-11-16 15:58:32	rafaelfranca	2012-11-16 16:06:13	activerecord/lib/active_record/schema_dumper.rb	True	True	True	True
8239	kenmazaika	2012-11-16 15:58:32	rafaelfranca	2012-11-16 16:07:24	activerecord/lib/active_record/connection_adapters/abstract/schema_definitions.rb	True	True	True	True
8239	kenmazaika	2012-11-16 15:58:32	rafaelfranca	2012-11-16 16:07:24	activerecord/lib/active_record/connection_adapters/abstract_mysql_adapter.rb	True	True	True	True
8239	kenmazaika	2012-11-16 15:58:32	rafaelfranca	2012-11-16 16:07:24	activerecord/lib/active_record/schema_dumper.rb	True	True	True	True
8234	kentaro	2012-11-16 05:28:55	rafaelfranca	2012-11-16 13:46:41	rails.gemspec	False	True	True	True
8234	kentaro	2012-11-16 05:28:55	rafaelfranca	2012-11-16 13:46:41	rails.gemspec	True	True	True	True
8228	senny	2012-11-15 18:10:52	rafaelfranca	2012-11-15 18:30:32	actionpack/lib/action_view/helpers/asset_tag_helper.rb	True	True	True	True
8227	senny	2012-11-15 17:42:00	rafaelfranca	2012-11-15 17:43:30	railties/test/generators/plugin_new_generator_test.rb	False	False	True	True
8227	senny	2012-11-15 17:42:00	rafaelfranca	2012-11-15 17:43:30	railties/lib/rails/generators/rails/plugin_new/templates/Rakefile	False	False	True	True
8227	senny	2012-11-15 17:42:00	rafaelfranca	2012-11-15 17:43:30	railties/lib/rails/generators/rails/plugin_new/plugin_new_generator.rb	False	False	True	True
8227	senny	2012-11-15 17:42:00	rafaelfranca	2012-11-15 17:43:30	railties/CHANGELOG.md	False	False	True	True
8227	senny	2012-11-15 17:42:00	rafaelfranca	2012-11-15 17:43:30	railties/lib/rails/generators/rails/plugin_new/plugin_new_generator.rb	True	False	True	True
8225	shemerey	2012-11-15 15:04:52	carlosantoniodasilva	2012-11-15 15:15:27	activerecord/test/cases/relation_scoping_test.rb	True	True	True	True
8225	shemerey	2012-11-15 15:04:52	carlosantoniodasilva	2012-11-15 15:15:39	activerecord/test/cases/relation_scoping_test.rb	True	True	True	True
8225	shemerey	2012-11-15 15:04:52	carlosantoniodasilva	2012-11-15 15:15:39	activerecord/lib/active_record/relation/query_methods.rb	True	True	True	True
8225	shemerey	2012-11-15 15:04:52	carlosantoniodasilva	2012-11-15 15:15:39	activerecord/CHANGELOG.md	True	True	True	True
8225	shemerey	2012-11-15 15:04:52	carlosantoniodasilva	2012-11-15 15:15:27	activerecord/lib/active_record/relation/query_methods.rb	True	True	True	True
8225	shemerey	2012-11-15 15:04:52	carlosantoniodasilva	2012-11-15 15:15:27	activerecord/CHANGELOG.md	True	True	True	True
8221	agrobbin	2012-11-14 15:09:11	vijaydev	2012-11-15 11:32:46	guides/source/_welcome.html.erb	True	True	True	True
8221	agrobbin	2012-11-14 15:09:11	vijaydev	2012-11-15 11:32:46	guides/rails_guides/generator.rb	True	True	True	True
8219	nikitug	2012-11-14 12:44:45	rafaelfranca	2012-11-15 15:41:40	activesupport/CHANGELOG.md	True	True	True	True
8219	nikitug	2012-11-14 12:44:45	carlosantoniodasilva	2012-11-15 12:13:05	activesupport/lib/active_support/xml_mini.rb	True	True	True	True
8219	nikitug	2012-11-14 12:44:45	rafaelfranca	2012-11-15 15:41:40	activesupport/lib/active_support/xml_mini.rb	True	True	True	True
8219	nikitug	2012-11-14 12:44:45	rafaelfranca	2012-11-15 15:41:40	activesupport/test/xml_mini_test.rb	True	True	True	True
8219	nikitug	2012-11-14 12:44:45	carlosantoniodasilva	2012-11-15 12:13:05	activesupport/CHANGELOG.md	True	True	True	True
8219	nikitug	2012-11-14 12:44:45	rafaelfranca	2012-11-14 21:12:58	activesupport/test/xml_mini_test.rb	True	True	True	True
8219	nikitug	2012-11-14 12:44:45	carlosantoniodasilva	2012-11-15 12:13:05	activesupport/test/xml_mini_test.rb	True	True	True	True
8219	nikitug	2012-11-14 12:44:45	rafaelfranca	2012-11-14 21:12:58	activesupport/CHANGELOG.md	True	True	True	True
8219	nikitug	2012-11-14 12:44:45	rafaelfranca	2012-11-14 21:12:58	activesupport/lib/active_support/xml_mini.rb	True	True	True	True
8208	kalv	2012-11-13 20:19:19	nikitug	2012-11-13 20:23:32	actionpack/test/controller/http_token_authentication_test.rb	True	True	True	True
8208	kalv	2012-11-13 20:19:19	nikitug	2012-11-13 20:23:32	actionpack/lib/action_controller/metal/http_authentication.rb	True	True	True	True
8208	kalv	2012-11-13 20:19:19	nikitug	2012-11-13 20:23:32	actionpack/CHANGELOG.md	True	True	True	True
8190	GBH	2012-11-12 17:26:40	carlosantoniodasilva	2012-11-12 17:31:01	actionpack/lib/action_view/helpers/tag_helper.rb	True	True	True	True
8190	GBH	2012-11-12 17:26:40	carlosantoniodasilva	2012-11-12 17:30:50	actionpack/test/template/tag_helper_test.rb	True	True	True	True
8190	GBH	2012-11-12 17:26:40	carlosantoniodasilva	2012-11-12 17:31:01	actionpack/lib/action_view/helpers/tag_helper.rb	False	True	True	True
8190	GBH	2012-11-12 17:26:40	carlosantoniodasilva	2012-11-12 17:31:01	actionpack/test/template/tag_helper_test.rb	True	True	True	True
8190	GBH	2012-11-12 17:26:40	carlosantoniodasilva	2012-11-12 17:30:50	actionpack/lib/action_view/helpers/tag_helper.rb	False	True	True	True
8190	GBH	2012-11-12 17:26:40	carlosantoniodasilva	2012-11-12 17:30:50	actionpack/lib/action_view/helpers/tag_helper.rb	True	True	True	True
8189	georgebrock	2012-11-12 17:19:01	calebhearth	2013-04-19 15:27:23	activerecord/test/cases/multiparameter_attributes_test.rb	False	True	True	True
8189	georgebrock	2012-11-12 17:19:01	calebhearth	2013-04-19 15:27:23	activemodel/test/cases/multiparameter_attributes_test.rb	False	True	True	True
8189	georgebrock	2012-11-12 17:19:01	calebhearth	2013-04-19 15:27:23	activemodel/lib/active_model.rb	False	True	True	True
8189	georgebrock	2012-11-12 17:19:01	calebhearth	2013-04-19 15:27:23	activerecord/lib/active_record/attribute_assignment.rb	False	True	True	True
8189	georgebrock	2012-11-12 17:19:01	calebhearth	2013-04-19 15:27:23	activemodel/test/cases/attribute_assignment_test.rb	False	True	True	True
8189	georgebrock	2012-11-12 17:19:01	calebhearth	2013-04-19 15:27:23	activemodel/lib/active_model/attribute_assignment.rb	False	True	True	True
8185	senny	2012-11-12 13:35:41	carlosantoniodasilva	2012-11-12 13:38:10	activesupport/test/json/encoding_test.rb	True	True	True	True
8185	senny	2012-11-12 13:35:41	carlosantoniodasilva	2012-11-12 13:38:10	activesupport/lib/active_support/json/encoding.rb	True	True	True	True
8185	senny	2012-11-12 13:35:41	carlosantoniodasilva	2012-11-12 13:38:10	activesupport/CHANGELOG.md	True	True	True	True
8184	vipulnsward	2012-11-12 12:46:46	carlosantoniodasilva	2012-11-12 13:03:48	activerecord/test/cases/associations/has_many_associations_test.rb	True	True	True	True
8184	vipulnsward	2012-11-12 12:46:46	carlosantoniodasilva	2012-11-12 13:03:48	activerecord/test/cases/associations/has_and_belongs_to_many_associations_test.rb	True	True	True	True
8184	vipulnsward	2012-11-12 12:46:46	carlosantoniodasilva	2012-11-12 13:03:48	activerecord/test/cases/associations/has_many_through_associations_test.rb	True	True	True	True
8176	senny	2012-11-11 16:25:28	nikitug	2012-11-12 15:18:31	activerecord/CHANGELOG.md	True	True	True	True
8176	senny	2012-11-11 16:25:28	carlosantoniodasilva	2012-11-11 18:57:30	activerecord/test/cases/calculations_test.rb	True	True	True	True
8176	senny	2012-11-11 16:25:28	carlosantoniodasilva	2012-11-11 18:57:30	activerecord/lib/active_record/relation/calculations.rb	True	True	True	True
8176	senny	2012-11-11 16:25:28	carlosantoniodasilva	2012-11-11 18:57:30	activerecord/CHANGELOG.md	True	True	True	True
8176	senny	2012-11-11 16:25:28	carlosantoniodasilva	2012-11-12 15:01:37	activerecord/test/cases/calculations_test.rb	True	True	True	True
8176	senny	2012-11-11 16:25:28	carlosantoniodasilva	2012-11-12 15:01:37	activerecord/lib/active_record/relation/calculations.rb	True	True	True	True
8176	senny	2012-11-11 16:25:28	carlosantoniodasilva	2012-11-12 15:01:37	activerecord/CHANGELOG.md	True	True	True	True
8176	senny	2012-11-11 16:25:28	nikitug	2012-11-12 15:18:31	activerecord/test/cases/calculations_test.rb	True	True	True	True
8176	senny	2012-11-11 16:25:28	nikitug	2012-11-12 15:18:31	activerecord/lib/active_record/relation/calculations.rb	True	True	True	True
8173	nikitug	2012-11-11 12:57:16	carlosantoniodasilva	2012-11-11 14:03:07	activesupport/lib/active_support/core_ext/hash/conversions.rb	True	False	True	True
8154	bogdan	2012-11-09 09:56:25	carlosantoniodasilva	2012-11-09 11:14:48	activerecord/lib/active_record/associations/has_one_association.rb	False	True	True	True
8154	bogdan	2012-11-09 09:56:25	carlosantoniodasilva	2012-11-09 11:14:48	activerecord/CHANGELOG.md	False	True	True	True
8154	bogdan	2012-11-09 09:56:25	carlosantoniodasilva	2012-11-09 11:14:48	activerecord/test/cases/associations/has_one_associations_test.rb	False	True	True	True
8147	vinnydiehl	2012-11-08 19:57:37	jeremy	2012-11-08 21:58:14	activerecord/activerecord.gemspec	True	True	True	True
8147	vinnydiehl	2012-11-08 19:57:37	rafaelfranca	2012-11-08 23:31:27	actionpack/actionpack.gemspec	True	True	True	True
8147	vinnydiehl	2012-11-08 19:57:37	rafaelfranca	2012-11-08 23:31:27	activemodel/activemodel.gemspec	True	True	True	True
8147	vinnydiehl	2012-11-08 19:57:37	rafaelfranca	2012-11-08 23:31:27	activerecord/activerecord.gemspec	True	True	True	True
8147	vinnydiehl	2012-11-08 19:57:37	rafaelfranca	2012-11-08 23:31:27	activesupport/activesupport.gemspec	True	True	True	True
8147	vinnydiehl	2012-11-08 19:57:37	rafaelfranca	2012-11-08 23:31:27	rails.gemspec	True	True	True	True
8147	vinnydiehl	2012-11-08 19:57:37	rafaelfranca	2012-11-08 23:31:27	railties/railties.gemspec	True	True	True	True
8147	vinnydiehl	2012-11-08 19:57:37	jeremy	2012-11-08 21:58:14	actionmailer/actionmailer.gemspec	True	True	True	True
8147	vinnydiehl	2012-11-08 19:57:37	jeremy	2012-11-08 21:58:14	actionpack/actionpack.gemspec	True	True	True	True
8147	vinnydiehl	2012-11-08 19:57:37	jeremy	2012-11-08 21:58:14	activemodel/activemodel.gemspec	True	True	True	True
8147	vinnydiehl	2012-11-08 19:57:37	jeremy	2012-11-08 21:58:14	activesupport/activesupport.gemspec	True	True	True	True
8147	vinnydiehl	2012-11-08 19:57:37	jeremy	2012-11-08 21:58:14	rails.gemspec	True	True	True	True
8147	vinnydiehl	2012-11-08 19:57:37	jeremy	2012-11-08 21:58:14	railties/railties.gemspec	True	True	True	True
8147	vinnydiehl	2012-11-08 19:57:37	jeremy	2012-11-08 21:58:21	actionmailer/actionmailer.gemspec	True	True	True	True
8147	vinnydiehl	2012-11-08 19:57:37	jeremy	2012-11-08 21:58:21	actionpack/actionpack.gemspec	True	True	True	True
8147	vinnydiehl	2012-11-08 19:57:37	jeremy	2012-11-08 21:58:21	activemodel/activemodel.gemspec	True	True	True	True
8147	vinnydiehl	2012-11-08 19:57:37	jeremy	2012-11-08 21:58:21	activerecord/activerecord.gemspec	True	True	True	True
8147	vinnydiehl	2012-11-08 19:57:37	jeremy	2012-11-08 21:58:21	activesupport/activesupport.gemspec	True	True	True	True
8147	vinnydiehl	2012-11-08 19:57:37	jeremy	2012-11-08 21:58:21	rails.gemspec	True	True	True	True
8147	vinnydiehl	2012-11-08 19:57:37	jeremy	2012-11-08 21:58:21	railties/railties.gemspec	True	True	True	True
8147	vinnydiehl	2012-11-08 19:57:37	rafaelfranca	2012-11-08 23:31:27	actionmailer/actionmailer.gemspec	True	True	True	True
8146	josh-m-sharpe	2012-11-08 19:00:32	rafaelfranca	2012-11-08 19:04:40	railties/lib/rails/engine.rb	True	True	True	True
8146	josh-m-sharpe	2012-11-08 19:00:32	rafaelfranca	2012-11-08 19:04:40	railties/lib/rails/paths.rb	True	True	True	True
8142	nikitug	2012-11-08 09:19:08	carlosantoniodasilva	2012-11-08 10:57:22	activesupport/lib/active_support/core_ext/hash/diff.rb	True	True	True	True
8142	nikitug	2012-11-08 09:19:08	carlosantoniodasilva	2012-11-08 10:59:24	activesupport/lib/active_support/core_ext/hash/diff.rb	True	True	True	True
8142	nikitug	2012-11-08 09:19:08	carlosantoniodasilva	2012-11-08 10:59:24	activesupport/CHANGELOG.md	True	True	True	True
8142	nikitug	2012-11-08 09:19:08	carlosantoniodasilva	2012-11-08 11:00:34	activesupport/test/core_ext/hash_ext_test.rb	True	True	True	True
8142	nikitug	2012-11-08 09:19:08	carlosantoniodasilva	2012-11-08 11:00:34	activesupport/lib/active_support/core_ext/hash/diff.rb	True	True	True	True
8142	nikitug	2012-11-08 09:19:08	carlosantoniodasilva	2012-11-08 11:00:34	activesupport/CHANGELOG.md	True	True	True	True
8142	nikitug	2012-11-08 09:19:08	carlosantoniodasilva	2012-11-08 11:01:18	activesupport/test/core_ext/hash_ext_test.rb	True	True	True	True
8142	nikitug	2012-11-08 09:19:08	carlosantoniodasilva	2012-11-08 11:01:18	activesupport/lib/active_support/core_ext/hash/diff.rb	True	True	True	True
8142	nikitug	2012-11-08 09:19:08	carlosantoniodasilva	2012-11-08 11:01:18	activesupport/CHANGELOG.md	True	True	True	True
8142	nikitug	2012-11-08 09:19:08	carlosantoniodasilva	2012-11-08 10:57:22	activesupport/test/core_ext/hash_ext_test.rb	True	True	True	True
8142	nikitug	2012-11-08 09:19:08	carlosantoniodasilva	2012-11-08 10:59:24	activesupport/test/core_ext/hash_ext_test.rb	True	True	True	True
8142	nikitug	2012-11-08 09:19:08	carlosantoniodasilva	2012-11-08 10:57:22	activesupport/CHANGELOG.md	True	True	True	True
8127	nikitug	2012-11-06 08:16:00	jherdman	2012-11-06 15:08:54	activerecord/lib/active_record/relation/delegation.rb	False	True	True	True
8127	nikitug	2012-11-06 08:16:00	jonleighton	2012-11-09 14:06:47	activerecord/CHANGELOG.md	False	True	True	True
8127	nikitug	2012-11-06 08:16:00	jherdman	2012-11-06 15:08:54	activerecord/test/cases/relations_test.rb	False	True	True	True
8127	nikitug	2012-11-06 08:16:00	jherdman	2012-11-06 15:08:54	activerecord/test/cases/relation/delegation_test.rb	False	True	True	True
8127	nikitug	2012-11-06 08:16:00	jonleighton	2012-11-09 14:06:47	activerecord/test/cases/relation/delegation_test.rb	False	True	True	True
8127	nikitug	2012-11-06 08:16:00	jherdman	2012-11-06 15:08:54	activerecord/CHANGELOG.md	False	True	True	True
8127	nikitug	2012-11-06 08:16:00	rafaelfranca	2012-11-07 13:50:40	activerecord/test/cases/relations_test.rb	False	True	True	True
8127	nikitug	2012-11-06 08:16:00	rafaelfranca	2012-11-07 13:50:40	activerecord/test/cases/relation/delegation_test.rb	False	True	True	True
8127	nikitug	2012-11-06 08:16:00	rafaelfranca	2012-11-07 13:50:40	activerecord/lib/active_record/relation/delegation.rb	False	True	True	True
8127	nikitug	2012-11-06 08:16:00	jonleighton	2012-11-09 14:06:47	activerecord/lib/active_record/relation/delegation.rb	False	True	True	True
8127	nikitug	2012-11-06 08:16:00	rafaelfranca	2012-11-07 13:50:40	activerecord/CHANGELOG.md	False	True	True	True
8127	nikitug	2012-11-06 08:16:00	jonleighton	2012-11-09 14:06:47	activerecord/test/cases/relations_test.rb	False	True	True	True
8127	nikitug	2012-11-06 08:16:00	jonleighton	2012-11-09 14:08:00	activerecord/lib/active_record/relation/delegation.rb	False	True	True	True
8127	nikitug	2012-11-06 08:16:00	jonleighton	2012-11-09 14:08:00	activerecord/test/cases/relation/delegation_test.rb	False	True	True	True
8127	nikitug	2012-11-06 08:16:00	jonleighton	2012-11-09 14:08:00	activerecord/test/cases/relations_test.rb	False	True	True	True
8127	nikitug	2012-11-06 08:16:00	jonleighton	2012-11-09 14:04:35	activerecord/CHANGELOG.md	False	True	True	True
8127	nikitug	2012-11-06 08:16:00	jonleighton	2012-11-09 14:04:35	activerecord/lib/active_record/relation/delegation.rb	False	True	True	True
8127	nikitug	2012-11-06 08:16:00	jonleighton	2012-11-09 14:04:35	activerecord/test/cases/relation/delegation_test.rb	False	True	True	True
8127	nikitug	2012-11-06 08:16:00	jonleighton	2012-11-09 14:04:35	activerecord/test/cases/relations_test.rb	False	True	True	True
8127	nikitug	2012-11-06 08:16:00	jonleighton	2012-11-09 14:08:00	activerecord/CHANGELOG.md	False	True	True	True
8123	bcardarella	2012-11-05 23:37:44	carlosantoniodasilva	2012-11-06 10:39:56	activemodel/CHANGELOG.md	True	True	True	True
8123	bcardarella	2012-11-05 23:37:44	carlosantoniodasilva	2012-11-06 10:40:28	activemodel/lib/active_model/validations/confirmation.rb	True	True	True	True
8123	bcardarella	2012-11-05 23:37:44	carlosantoniodasilva	2012-11-06 10:40:28	activemodel/test/cases/validations/confirmation_validation_test.rb	True	True	True	True
8123	bcardarella	2012-11-05 23:37:44	carlosantoniodasilva	2012-11-06 10:40:28	guides/source/upgrading_ruby_on_rails.md	True	True	True	True
8123	bcardarella	2012-11-05 23:37:44	carlosantoniodasilva	2012-11-06 10:40:28	activemodel/CHANGELOG.md	True	True	True	True
8123	bcardarella	2012-11-05 23:37:44	carlosantoniodasilva	2012-11-06 10:39:56	activemodel/lib/active_model/validations/confirmation.rb	True	True	True	True
8123	bcardarella	2012-11-05 23:37:44	carlosantoniodasilva	2012-11-06 10:39:56	guides/source/upgrading_ruby_on_rails.md	True	True	True	True
8123	bcardarella	2012-11-05 23:37:44	carlosantoniodasilva	2012-11-06 10:39:56	activemodel/test/cases/validations/confirmation_validation_test.rb	True	True	True	True
8117	vinnydiehl	2012-11-04 18:47:14	kytrinyx	2012-11-04 19:12:45	activesupport/lib/active_support/inflector/methods.rb	True	True	True	True
8114	guilleiguaran	2012-11-03 22:47:28	pixeltrix	2012-11-04 10:47:23	actionpack/test/dispatch/routing_test.rb	True	True	True	True
8114	guilleiguaran	2012-11-03 22:47:28	pixeltrix	2012-11-04 10:47:23	actionpack/lib/action_dispatch/routing/mapper.rb	True	True	True	True
8114	guilleiguaran	2012-11-03 22:47:28	pixeltrix	2012-11-04 10:47:23	actionpack/CHANGELOG.md	True	True	True	True
8112	spastorino	2012-11-03 17:02:54	carlosantoniodasilva	2012-11-05 22:31:53	guides/source/action_controller_overview.md	True	True	True	True
8112	spastorino	2012-11-03 17:02:54	carlosantoniodasilva	2012-11-05 22:31:53	railties/lib/rails/generators/rails/app/templates/config/initializers/secret_token.rb.tt	True	True	True	True
8112	spastorino	2012-11-03 17:02:54	carlosantoniodasilva	2012-11-05 22:31:53	actionpack/lib/action_controller/metal/request_forgery_protection.rb	True	True	True	True
8112	spastorino	2012-11-03 17:02:54	carlosantoniodasilva	2012-11-05 22:31:53	railties/lib/rails/application/configuration.rb	True	True	True	True
8112	spastorino	2012-11-03 17:02:54	carlosantoniodasilva	2012-11-05 22:31:53	railties/lib/rails/application.rb	True	True	True	True
8112	spastorino	2012-11-03 17:02:54	carlosantoniodasilva	2012-11-05 22:31:53	guides/source/configuring.md	True	True	True	True
8112	spastorino	2012-11-03 17:02:54	carlosantoniodasilva	2012-11-05 22:31:53	actionpack/test/dispatch/cookies_test.rb	True	True	True	True
8112	spastorino	2012-11-03 17:02:54	carlosantoniodasilva	2012-11-05 22:31:53	guides/code/getting_started/config/initializers/secret_token.rb	True	True	True	True
8112	spastorino	2012-11-03 17:02:54	carlosantoniodasilva	2012-11-05 22:31:53	activesupport/lib/active_support/key_generator.rb	True	True	True	True
8112	spastorino	2012-11-03 17:02:54	carlosantoniodasilva	2012-11-05 22:31:53	actionpack/test/dispatch/session/cookie_store_test.rb	True	True	True	True
8112	spastorino	2012-11-03 17:02:54	carlosantoniodasilva	2012-11-05 22:31:53	actionpack/test/controller/flash_test.rb	True	True	True	True
8112	spastorino	2012-11-03 17:02:54	carlosantoniodasilva	2012-11-05 22:31:53	actionpack/lib/action_dispatch/middleware/cookies.rb	True	True	True	True
8112	spastorino	2012-11-03 17:02:54	carlosantoniodasilva	2012-11-05 22:31:53	railties/test/application/url_generation_test.rb	True	True	True	True
8112	spastorino	2012-11-03 17:02:54	carlosantoniodasilva	2012-11-05 22:31:53	railties/test/application/configuration_test.rb	True	True	True	True
8112	spastorino	2012-11-03 17:02:54	carlosantoniodasilva	2012-11-05 22:31:53	activesupport/test/message_encryptor_test.rb	True	True	True	True
8112	spastorino	2012-11-03 17:02:54	carlosantoniodasilva	2012-11-05 22:31:53	railties/test/isolation/abstract_unit.rb	True	True	True	True
8112	spastorino	2012-11-03 17:02:54	carlosantoniodasilva	2012-11-05 22:31:53	activesupport/lib/active_support/message_encryptor.rb	True	True	True	True
8112	spastorino	2012-11-03 17:02:54	carlosantoniodasilva	2012-11-05 22:31:53	actionpack/lib/action_dispatch.rb	True	True	True	True
8112	spastorino	2012-11-03 17:02:54	carlosantoniodasilva	2012-11-05 22:31:53	actionpack/lib/action_dispatch/middleware/session/cookie_store.rb	True	True	True	True
8112	spastorino	2012-11-03 17:02:54	carlosantoniodasilva	2012-11-05 22:31:53	railties/lib/rails/generators/rails/app/templates/config/initializers/session_store.rb.tt	True	True	True	True
8112	spastorino	2012-11-03 17:02:54	carlosantoniodasilva	2012-11-05 22:31:53	railties/test/application/middleware/session_test.rb	True	True	True	True
8112	spastorino	2012-11-03 17:02:54	carlosantoniodasilva	2012-11-05 22:31:53	railties/test/generators/app_generator_test.rb	True	True	True	True
8112	spastorino	2012-11-03 17:02:54	carlosantoniodasilva	2012-11-05 22:31:53	actionpack/lib/action_controller/metal/http_authentication.rb	True	True	True	True
8112	spastorino	2012-11-03 17:02:54	carlosantoniodasilva	2012-11-05 22:31:53	actionpack/test/controller/http_digest_authentication_test.rb	True	True	True	True
8112	spastorino	2012-11-03 17:02:54	carlosantoniodasilva	2012-11-05 22:31:53	railties/test/abstract_unit.rb	True	True	True	True
8112	spastorino	2012-11-03 17:02:54	carlosantoniodasilva	2012-11-05 22:31:53	railties/test/application/middleware/remote_ip_test.rb	True	True	True	True
8112	spastorino	2012-11-03 17:02:54	carlosantoniodasilva	2012-11-05 22:31:53	actionpack/lib/action_dispatch/railtie.rb	True	True	True	True
8108	nertzy	2012-11-02 21:56:47	rafaelfranca	2012-11-02 22:10:34	actionpack/lib/action_view/helpers/tags/base.rb	True	False	True	True
8108	nertzy	2012-11-02 21:56:47	rafaelfranca	2012-11-02 22:10:34	actionpack/lib/action_view/helpers/tags/collection_check_boxes.rb	True	False	True	True
8108	nertzy	2012-11-02 21:56:47	rafaelfranca	2012-11-02 22:10:34	actionpack/test/template/form_helper_test.rb	True	False	True	True
8093	nikitug	2012-11-01 09:04:51	carlosantoniodasilva	2012-11-01 11:41:38	actionpack/test/dispatch/best_standards_support_test.rb	True	True	True	True
8093	nikitug	2012-11-01 09:04:51	carlosantoniodasilva	2012-11-01 11:41:38	actionpack/lib/action_dispatch/middleware/best_standards_support.rb	True	True	True	True
8093	nikitug	2012-11-01 09:04:51	carlosantoniodasilva	2012-11-01 11:41:38	actionpack/CHANGELOG.md	True	True	True	True
