pr_number	author_user_login	pr_created_at	commit_user_login	commit_created_at	commit_status_total	commit_status_additions	commit_status_deletions	create_before_pr	is_review_commit
5663	kennyj	2012-03-30 03:51:42	kennyj	2012-04-12 11:33:06	7	4	3	False	True
5663	kennyj	2012-03-30 03:51:42	kennyj	2012-03-29 18:51:08	14	13	1	True	True
5628	ktheory	2012-03-28 03:29:13	ktheory	2012-03-26 01:16:29	12	12	0	True	True
5627	arturopie	2012-03-28 02:32:11	arturopie	2012-03-27 02:45:48	17	12	5	True	True
5627	arturopie	2012-03-28 02:32:11	arturopie	2012-03-26 03:38:10	2	1	1	True	True
5627	arturopie	2012-03-28 02:32:11	arturopie	2012-03-26 03:30:34	18	6	12	True	True
5627	arturopie	2012-03-28 02:32:11	arturopie	2012-03-27 02:51:53	27	17	10	True	True
5617	Empact	2012-03-27 19:14:07	Empact	2012-03-29 08:58:11	3	1	2	False	True
5617	Empact	2012-03-27 19:14:07	Empact	2012-03-27 09:54:22	2	0	2	True	True
5617	Empact	2012-03-27 19:14:07	Empact	2012-03-29 08:36:26	5	0	5	False	True
5614	kryzhovnik	2012-03-27 13:23:41	kryzhovnik	2012-03-27 12:30:08	32	30	2	True	True
5606	teohm	2012-03-27 06:20:11	teohm	2012-03-27 03:54:24	86	54	32	True	True
5583	releu	2012-03-26 07:37:10	releu	2012-03-26 07:22:05	37	34	3	True	True
5582	chendo	2012-03-26 05:01:19	chendo	2012-03-26 04:55:16	2	1	1	True	True
5573	thiagopintodev	2012-03-25 22:28:44	thiagopintodev	2012-03-27 15:13:14	4	2	2	False	True
5573	thiagopintodev	2012-03-25 22:28:44	thiagopintodev	2012-03-27 15:06:28	11	5	6	False	True
5573	thiagopintodev	2012-03-25 22:28:44	thiagopintodev	2012-03-25 22:26:48	103	103	0	True	True
5570	avakhov	2012-03-24 11:19:51	avakhov	2012-03-24 11:14:37	4	2	2	True	True
5556	rafaelfranca	2012-03-23 00:46:55	rafaelfranca	2012-03-23 00:45:56	2	1	1	True	True
5535	markmcspadden	2012-03-21 08:48:14	markmcspadden	2012-03-21 08:34:32	47	46	1	True	True
5490	lellisga	2012-03-17 17:48:46	lellisga	2012-03-17 17:43:21	21	19	2	True	True
5480	drogus	2012-03-16 22:44:43	drogus	2012-03-15 22:39:25	15	15	0	True	True
5480	drogus	2012-03-16 22:44:43	drogus	2012-03-15 02:21:10	31	31	0	True	True
5476	joergschray	2012-03-16 21:44:54	joergschray	2012-03-16 11:26:24	164	154	10	True	True
5469	thiagopintodev	2012-03-16 14:06:23	thiagopintodev	2012-03-16 14:30:24	8	4	4	False	True
5469	thiagopintodev	2012-03-16 14:06:23	thiagopintodev	2012-03-16 14:04:24	19	19	0	True	True
5444	luke-gru	2012-03-15 02:07:49	luke-gru	2012-03-15 01:20:38	72	60	12	True	True
5413	jsl	2012-03-13 16:28:30	jsl	2012-03-13 16:18:09	29	28	1	True	True
5410	rafaelfranca	2012-03-13 14:29:53	rafaelfranca	2012-03-12 22:41:17	24	20	4	True	True
5410	rafaelfranca	2012-03-13 14:29:53	rafaelfranca	2012-03-12 23:10:40	56	44	12	True	True
5410	rafaelfranca	2012-03-13 14:29:53	rafaelfranca	2012-03-13 14:57:28	42	33	9	False	True
5397	rafaelfranca	2012-03-12 22:42:37	rafaelfranca	2012-03-12 22:41:17	24	20	4	True	True
5397	rafaelfranca	2012-03-12 22:42:37	rafaelfranca	2012-03-12 23:10:40	56	44	12	False	True
5369	Greenie0506	2012-03-10 17:38:45	Greenie0506	2012-05-15 17:45:12	48	44	4	False	True
5366	parndt	2012-03-10 10:34:15	parndt	2012-03-11 21:33:47	2	1	1	False	True
5366	parndt	2012-03-10 10:34:15	parndt	2012-03-10 10:30:39	413	204	209	True	True
5366	parndt	2012-03-10 10:34:15	parndt	2012-03-11 21:39:45	4	4	0	False	True
5363	Greenie0506	2012-03-10 01:27:25	Greenie0506	2012-03-10 17:25:54	22	20	2	False	True
5326	lest	2012-03-07 14:55:54	lest	2012-03-09 16:33:06	46	37	9	False	True
5321	pfeiffer	2012-03-07 12:51:13	pfeiffer	2012-03-07 14:59:28	14	10	4	False	True
5321	pfeiffer	2012-03-07 12:51:13	pfeiffer	2012-03-07 15:36:03	2	1	1	False	True
5321	pfeiffer	2012-03-07 12:51:13	pfeiffer	2012-03-07 11:51:43	26	24	2	True	True
5289	rafaelfranca	2012-03-05 20:03:07	rafaelfranca	2012-03-05 03:45:17	38	34	4	True	True
5289	rafaelfranca	2012-03-05 20:03:07	rafaelfranca	2012-03-05 20:00:48	37	21	16	True	True
5288	lest	2012-03-05 19:00:52	lest	2012-03-05 19:21:04	17	17	0	False	True
5274	tigrish	2012-03-04 23:19:39	tigrish	2012-03-04 23:17:47	2	1	1	True	True
5274	tigrish	2012-03-04 23:19:39	tigrish	2012-03-05 17:06:37	18	18	0	False	True
5274	tigrish	2012-03-04 23:19:39	tigrish	2012-03-05 17:29:03	3	2	1	False	True
5273	parndt	2012-03-04 22:38:21	parndt	2012-03-04 22:37:33	2	1	1	True	True
5262	joshuap	2012-03-03 22:26:10	joshuap	2012-03-03 01:59:23	165	159	6	True	True
5261	carlosantoniodasilva	2012-03-03 19:19:07	carlosantoniodasilva	2012-03-04 19:10:48	15	14	1	False	True
5261	carlosantoniodasilva	2012-03-03 19:19:07	josevalim	2012-03-13 23:00:34	2	1	1	False	True
5261	carlosantoniodasilva	2012-03-03 19:19:07	carlosantoniodasilva	2012-03-02 03:10:06	1002	36	966	True	True
5261	carlosantoniodasilva	2012-03-03 19:19:07	josevalim	2012-03-13 23:08:13	1000	15	985	False	True
5255	carlosantoniodasilva	2012-03-03 07:15:11	carlosantoniodasilva	2012-03-03 05:10:39	145	77	68	True	True
5236	rroblak	2012-03-02 01:14:19	rroblak	2012-03-02 00:28:28	221	220	1	True	True
