pr_number	author_user_login	pr_created_at	commit_user_login	commit_created_at	commit_status_total	commit_status_additions	commit_status_deletions	create_before_pr	is_review_commit
14540	kreynolds	2014-03-31 16:34:09	kreynolds	2014-03-31 17:28:07	11	9	2	False	True
14540	kreynolds	2014-03-31 16:34:09	kreynolds	2014-04-03 16:28:00	18	13	5	False	True
14540	kreynolds	2014-03-31 16:34:09	kreynolds	2014-03-31 16:28:55	197	85	112	True	True
14529	rwz	2014-03-30 04:45:57	rwz	2014-04-01 02:33:53	47	41	6	False	True
14529	rwz	2014-03-30 04:45:57	rwz	2014-04-02 13:19:50	6	1	5	False	True
14524	tgxworld	2014-03-29 01:57:26	tgxworld	2014-03-29 01:54:35	16	8	8	True	True
14513	senny	2014-03-28 11:01:53	senny	2014-03-26 16:14:05	211	104	107	True	True
14509	lukesteensen	2014-03-28 06:06:45	lukesteensen	2014-03-30 16:10:41	27	25	2	False	True
14509	lukesteensen	2014-03-28 06:06:45	lukesteensen	2014-03-30 17:34:01	2	1	1	False	True
14507	unreal	2014-03-28 00:38:53	unreal	2014-03-28 00:38:35	2	1	1	True	True
14503	fabiokr	2014-03-27 17:58:55	fabiokr	2014-03-27 17:51:06	21	20	1	True	True
14498	lavrovdv	2014-03-27 12:34:53	lavrovdv	2014-03-27 12:29:20	23	21	2	True	True
14494	laurocaetano	2014-03-27 01:38:38	laurocaetano	2014-03-27 01:23:42	16	15	1	True	True
14488	arthurnn	2014-03-26 18:00:30	arthurnn	2014-03-26 17:51:23	48	35	13	True	True
14488	arthurnn	2014-03-26 18:00:30	arthurnn	2014-05-16 19:07:28	30	15	15	False	True
14488	arthurnn	2014-03-26 18:00:30	arthurnn	2014-05-15 03:51:59	96	91	5	False	True
14488	arthurnn	2014-03-26 18:00:30	arthurnn	2014-05-15 20:26:32	41	27	14	False	True
14474	tgxworld	2014-03-25 04:12:17	tgxworld	2014-03-25 03:38:10	365	198	167	True	True
14465	bogdan	2014-03-24 08:56:04	bogdan	2014-03-24 08:50:26	32	16	16	True	True
14456	henrik	2014-03-23 11:35:30	henrik	2014-03-23 11:09:55	38	38	0	True	True
14450	vlal-zz	2014-03-22 07:58:21	vlal	2014-03-22 22:50:55	9	8	1	False	True
14447	Houdini	2014-03-21 23:30:00	Houdini	2014-03-21 23:26:02	38	36	2	True	True
14440	tgxworld	2014-03-20 22:12:21	tgxworld	2014-03-20 21:41:09	188	96	92	True	True
14428	jnormore	2014-03-19 18:02:59	jnormore	2014-03-19 16:24:46	35	27	8	True	True
14423	thiagopintodev	2014-03-19 04:22:30	thiagopintodev	2014-03-20 01:13:03	29	27	2	False	True
14400	tgxworld	2014-03-16 04:09:08	tgxworld	2014-03-19 02:06:44	19	13	6	False	True
14394	zoltankiss	2014-03-15 14:38:21	zoltankiss	2014-03-14 23:08:18	2	1	1	True	True
14393	chrisfinne	2014-03-15 11:22:11	chrisfinne	2014-03-27 17:35:56	16	8	8	False	True
14393	chrisfinne	2014-03-15 11:22:11	chrisfinne	2014-03-15 19:01:03	11	0	11	False	True
14393	chrisfinne	2014-03-15 11:22:11	chrisfinne	2014-03-15 10:32:24	11	11	0	True	True
14393	chrisfinne	2014-03-15 11:22:11	rafaelfranca	2014-03-27 17:16:57	6	6	0	False	True
14393	chrisfinne	2014-03-15 11:22:11	chrisfinne	2014-03-15 10:32:24	19	18	1	True	True
14393	chrisfinne	2014-03-15 11:22:11	rafaelfranca	2014-03-27 17:02:55	38	38	0	False	True
14393	chrisfinne	2014-03-15 11:22:11	chrisfinne	2014-03-15 19:01:03	26	12	14	False	True
14390	huoxito	2014-03-15 01:30:20	huoxito	2014-03-15 01:20:13	13	13	0	True	True
14384	sikachu	2014-03-14 21:01:38	sikachu	2014-03-19 15:23:16	14	7	7	False	True
14384	sikachu	2014-03-14 21:01:38	sikachu	2014-03-21 18:50:08	45	39	6	False	True
14384	sikachu	2014-03-14 21:01:38	sikachu	2014-03-19 16:23:25	10	5	5	False	True
14384	sikachu	2014-03-14 21:01:38	Prem Sichanugrist and Tute Costa	2014-03-14 19:52:04	115	81	34	True	True
14384	sikachu	2014-03-14 21:01:38	sikachu	2014-03-19 13:58:50	101	101	0	False	True
14379	robertomiranda	2014-03-14 01:01:08	robertomiranda	2014-03-16 19:57:21	14	14	0	False	True
14379	robertomiranda	2014-03-14 01:01:08	robertomiranda	2014-03-16 19:32:08	14	7	7	False	True
14379	robertomiranda	2014-03-14 01:01:08	robertomiranda	2014-03-17 20:20:46	22	19	3	False	True
14379	robertomiranda	2014-03-14 01:01:08	robertomiranda	2014-03-17 15:31:21	8	7	1	False	True
14379	robertomiranda	2014-03-14 01:01:08	robertomiranda	2014-03-16 20:08:16	8	8	0	False	True
14379	robertomiranda	2014-03-14 01:01:08	robertomiranda	2014-03-14 22:51:14	9	7	2	False	True
14379	robertomiranda	2014-03-14 01:01:08	robertomiranda	2014-03-14 00:16:49	44	29	15	True	True
14379	robertomiranda	2014-03-14 01:01:08	robertomiranda	2014-03-14 20:34:24	22	5	17	False	True
14372	arthurnn	2014-03-13 17:09:47	arthurnn	2014-03-13 17:05:10	36	24	12	True	True
14350	arthurnn	2014-03-11 16:22:18	arthurnn	2014-03-11 16:17:46	13	10	3	True	True
14348	tgxworld	2014-03-11 07:31:08	tgxworld	2014-03-11 07:21:43	77	36	41	True	True
14345	arthurnn	2014-03-10 18:09:52	arthurnn	2014-03-10 15:37:33	19	16	3	True	True
14342	zuhao	2014-03-10 15:00:21	zuhao	2014-03-10 13:22:22	246	136	110	True	True
14339	m-Peter	2014-03-10 10:23:20	petermarkou	2014-03-10 10:02:33	59	46	13	True	True
14333	quainjn	2014-03-09 22:08:53	quainjn	2014-02-09 16:59:35	19	17	2	True	True
14333	quainjn	2014-03-09 22:08:53	quainjn	2014-02-08 17:04:51	17	7	10	True	True
14333	quainjn	2014-03-09 22:08:53	quainjn	2014-03-09 21:46:39	31	18	13	True	True
14333	quainjn	2014-03-09 22:08:53	quainjn	2014-02-08 15:48:17	14	10	4	True	True
14333	quainjn	2014-03-09 22:08:53	quainjn	2014-02-08 17:00:47	72	71	1	True	True
14332	tgxworld	2014-03-09 21:31:25	tgxworld	2014-03-09 20:16:01	10	3	7	True	True
14329	pch	2014-03-08 22:26:38	lukaszx0	2014-03-14 12:40:46	36	31	5	False	True
14329	pch	2014-03-08 22:26:38	lukaszx0	2014-03-13 15:56:29	4	4	0	False	True
14329	pch	2014-03-08 22:26:38	lukaszx0	2014-03-12 14:42:21	32	20	12	False	True
14329	pch	2014-03-08 22:26:38	lukaszx0	2014-03-13 13:46:43	8	6	2	False	True
14329	pch	2014-03-08 22:26:38	lukaszx0	2014-03-13 15:55:54	11	8	3	False	True
14329	pch	2014-03-08 22:26:38	lukaszx0	2014-03-11 15:30:58	9	2	7	False	True
14329	pch	2014-03-08 22:26:38	lukaszx0	2014-03-11 15:30:00	2	1	1	False	True
14329	pch	2014-03-08 22:26:38	lukaszx0	2014-03-13 15:27:24	6	3	3	False	True
14329	pch	2014-03-08 22:26:38	lukaszx0	2014-03-12 14:43:09	2	1	1	False	True
14329	pch	2014-03-08 22:26:38	pch	2014-03-08 22:09:54	71	63	8	True	True
14315	zuhao	2014-03-07 18:06:57	zuhao	2014-03-07 17:59:57	52	39	13	True	True
14314	amuhle	2014-03-07 17:20:41	amuhle	2014-03-07 17:13:38	15	8	7	True	True
14313	m-Peter	2014-03-07 14:39:57	petermarkou	2014-03-07 14:08:08	79	49	30	True	True
14312	moktin	2014-03-07 10:00:48	moktin	2017-01-18 09:31:24	22	10	12	False	True
14312	moktin	2014-03-07 10:00:48	moktin	2017-01-18 15:31:06	12	6	6	False	True
14312	moktin	2014-03-07 10:00:48	moktin	2017-01-18 12:00:16	930	615	315	False	True
14312	moktin	2014-03-07 10:00:48	moktin	2016-11-20 18:24:55	48	45	3	False	True
14312	moktin	2014-03-07 10:00:48	moktin	2017-01-19 14:21:59	26	1	25	False	True
14312	moktin	2014-03-07 10:00:48	moktin	2017-01-18 12:12:41	8	4	4	False	True
14312	moktin	2014-03-07 10:00:48	moktin	2017-01-16 12:32:10	358	267	91	False	True
14291	laurocaetano	2014-03-05 22:23:11	laurocaetano	2014-03-05 22:12:02	7	7	0	True	True
14282	fshowalter	2014-03-05 03:57:20	fshowalter	2014-03-05 03:36:01	28	25	3	True	True
14275	joevandyk	2014-03-04 16:18:54	joevandyk	2014-03-04 16:17:07	2	1	1	True	True
14267	arthurnn	2014-03-04 01:09:11	arthurnn	2014-03-04 00:56:56	16	14	2	True	True
14263	robin850	2014-03-03 19:35:33	marceloeloelo	2013-05-23 03:17:15	57	52	5	True	True
14261	MSch	2014-03-03 16:52:40	MSch	2014-03-03 16:44:55	23	20	3	True	True
14260	TemaMix	2014-03-03 16:17:31	TemaMix	2014-03-03 05:27:00	90	89	1	True	True
14260	TemaMix	2014-03-03 16:17:31	TemaMix	2014-03-03 16:11:01	4	2	2	True	True
14260	TemaMix	2014-03-03 16:17:31	TemaMix	2014-03-03 18:47:48	773	716	57	False	True
14260	TemaMix	2014-03-03 16:17:31	TemaMix	2014-03-03 18:49:33	678	0	678	False	True
14257	killthekitten	2014-03-03 12:55:14	killthekitten	2014-03-03 12:54:52	20	20	0	True	True
14255	prikha	2014-03-03 08:51:51	prikha	2014-03-03 11:40:16	4	2	2	False	True
14255	prikha	2014-03-03 08:51:51	prikha	2014-03-03 13:16:28	7	6	1	False	True
14255	prikha	2014-03-03 08:51:51	prikha	2014-03-03 08:23:51	25	18	7	True	True
14255	prikha	2014-03-03 08:51:51	prikha	2014-03-03 12:33:24	7	2	5	False	True
14255	prikha	2014-03-03 08:51:51	prikha	2014-03-03 13:59:57	14	5	9	False	True
14255	prikha	2014-03-03 08:51:51	prikha	2014-03-03 12:42:04	7	3	4	False	True
14255	prikha	2014-03-03 08:51:51	prikha	2014-03-03 10:57:41	8	5	3	False	True
14255	prikha	2014-03-03 08:51:51	prikha	2014-03-04 09:18:32	24	12	12	False	True
14255	prikha	2014-03-03 08:51:51	prikha	2014-03-03 14:32:29	14	9	5	False	True
14247	robin850	2014-03-02 19:04:38	robin850	2014-03-02 17:30:54	23	18	5	True	True
14245	oliveiraethales	2014-03-02 12:02:35	oliveiraethales	2014-03-03 23:50:42	21	11	10	False	True
14245	oliveiraethales	2014-03-02 12:02:35	oliveiraethales	2014-03-04 00:18:03	13	13	0	False	True
14245	oliveiraethales	2014-03-02 12:02:35	oliveiraethales	2014-03-03 04:15:16	9	9	0	False	True
14245	oliveiraethales	2014-03-02 12:02:35	oliveiraethales	2014-03-04 00:23:21	10	5	5	False	True
14245	oliveiraethales	2014-03-02 12:02:35	oliveiraethales	2014-03-09 16:50:39	9	5	4	False	True
14245	oliveiraethales	2014-03-02 12:02:35	oliveiraethales	2014-03-04 00:13:33	2	1	1	False	True
14245	oliveiraethales	2014-03-02 12:02:35	oliveiraethales	2014-03-03 04:06:53	4	2	2	False	True
14245	oliveiraethales	2014-03-02 12:02:35	oliveiraethales	2014-03-02 11:54:20	12	9	3	True	True
14245	oliveiraethales	2014-03-02 12:02:35	oliveiraethales	2014-03-03 04:14:27	4	2	2	False	True
14245	oliveiraethales	2014-03-02 12:02:35	oliveiraethales	2014-03-02 13:01:34	18	9	9	False	True
14245	oliveiraethales	2014-03-02 12:02:35	oliveiraethales	2014-03-02 13:00:57	1	0	1	False	True
14244	arthurnn	2014-03-01 23:18:25	arthurnn	2014-02-26 20:22:52	9	8	1	True	True
14243	pch	2014-03-01 18:03:55	pch	2014-03-01 17:59:56	129	105	24	True	True
14239	zzak	2014-03-01 05:55:29	zzak	2014-03-01 05:49:45	756	386	370	True	True
