pr_number	author_user_login	pr_created_at	review_comment_user_login	review_comment_created_at	is_review_review_comment
9497	route	2013-02-28 22:36:34	schneems	2013-03-03 17:55:46	True
9497	route	2013-02-28 22:36:34	schneems	2013-03-03 10:51:25	True
9497	route	2013-02-28 22:36:34	steveklabnik	2013-03-03 10:59:13	True
9493	kennyj	2013-02-28 16:59:46	carlosantoniodasilva	2013-02-28 17:03:12	True
9484	senny	2013-02-28 09:11:22	carlosantoniodasilva	2013-02-28 12:38:30	True
9484	senny	2013-02-28 09:11:22	rafaelfranca	2013-02-28 12:41:40	True
9484	senny	2013-02-28 09:11:22	carlosantoniodasilva	2013-02-28 12:17:49	True
9484	senny	2013-02-28 09:11:22	carlosantoniodasilva	2013-02-28 12:14:51	True
9484	senny	2013-02-28 09:11:22	carlosantoniodasilva	2013-02-28 12:17:15	True
9484	senny	2013-02-28 09:11:22	carlosantoniodasilva	2013-02-28 12:14:54	True
9474	HonoreDB	2013-02-27 23:30:31	senny	2013-03-03 17:20:29	True
9474	HonoreDB	2013-02-27 23:30:31	senny	2013-03-03 17:20:36	True
9474	HonoreDB	2013-02-27 23:30:31	schneems	2013-03-03 14:53:11	True
9474	HonoreDB	2013-02-27 23:30:31	senny	2013-03-03 14:18:43	True
9474	HonoreDB	2013-02-27 23:30:31	senny	2013-03-03 14:16:53	True
9467	senny	2013-02-27 18:01:45	frodsan	2013-02-27 20:45:45	True
9467	senny	2013-02-27 18:01:45	sikachu	2013-02-28 22:40:33	True
9467	senny	2013-02-27 18:01:45	frodsan	2013-02-27 20:50:49	True
9464	jcoyne	2013-02-27 17:12:28	senny	2013-02-28 07:36:33	True
9464	jcoyne	2013-02-27 17:12:28	senny	2013-02-28 07:38:22	True
9464	jcoyne	2013-02-27 17:12:28	senny	2013-02-28 07:35:23	True
9464	jcoyne	2013-02-27 17:12:28	senny	2013-03-01 07:23:13	True
9464	jcoyne	2013-02-27 17:12:28	senny	2013-02-28 07:32:52	True
9457	senny	2013-02-27 09:21:11	carlosantoniodasilva	2013-02-27 12:33:22	True
9457	senny	2013-02-27 09:21:11	carlosantoniodasilva	2013-02-27 12:12:15	True
9457	senny	2013-02-27 09:21:11	carlosantoniodasilva	2013-02-27 12:12:50	True
9457	senny	2013-02-27 09:21:11	carlosantoniodasilva	2013-02-27 12:10:44	True
9457	senny	2013-02-27 09:21:11	carlosantoniodasilva	2013-02-27 12:10:17	True
9455	Jiebour	2013-02-27 02:35:49	carlosantoniodasilva	2013-02-27 12:20:37	True
9455	Jiebour	2013-02-27 02:35:49	carlosantoniodasilva	2013-02-27 12:21:29	True
9455	Jiebour	2013-02-27 02:35:49	rafaelfranca	2013-06-15 14:14:51	True
9455	Jiebour	2013-02-27 02:35:49	carlosantoniodasilva	2013-02-27 12:21:20	True
9455	Jiebour	2013-02-27 02:35:49	rafaelfranca	2013-06-15 14:14:28	True
9455	Jiebour	2013-02-27 02:35:49	rafaelfranca	2013-06-15 14:07:58	True
9455	Jiebour	2013-02-27 02:35:49	rafaelfranca	2013-06-15 14:06:10	True
9455	Jiebour	2013-02-27 02:35:49	carlosantoniodasilva	2013-02-27 12:21:48	True
9455	Jiebour	2013-02-27 02:35:49	carlosantoniodasilva	2013-02-27 12:21:40	True
9455	Jiebour	2013-02-27 02:35:49	rafaelfranca	2013-06-15 14:12:42	True
9455	Jiebour	2013-02-27 02:35:49	rafaelfranca	2013-06-15 14:08:46	True
9455	Jiebour	2013-02-27 02:35:49	rafaelfranca	2013-06-15 14:13:06	True
9455	Jiebour	2013-02-27 02:35:49	rafaelfranca	2013-06-15 14:13:59	True
9439	senny	2013-02-26 13:41:01	pixeltrix	2013-02-26 20:45:35	True
9437	senny	2013-02-26 12:41:19	pixeltrix	2013-02-26 15:53:04	True
9437	senny	2013-02-26 12:41:19	carlosantoniodasilva	2013-02-26 12:51:14	True
9437	senny	2013-02-26 12:41:19	pixeltrix	2013-02-26 16:03:12	True
9437	senny	2013-02-26 12:41:19	pixeltrix	2013-02-26 15:53:29	True
9437	senny	2013-02-26 12:41:19	carlosantoniodasilva	2013-02-26 13:03:05	True
9437	senny	2013-02-26 12:41:19	pixeltrix	2013-02-26 15:52:06	True
9434	zires	2013-02-26 10:14:47	senny	2013-02-26 10:58:58	True
9434	zires	2013-02-26 10:14:47	senny	2013-02-26 10:59:52	True
9434	zires	2013-02-26 10:14:47	senny	2013-02-26 15:59:26	True
9431	troyk	2013-02-26 08:01:07	pixeltrix	2013-03-01 09:06:32	True
9426	exviva	2013-02-26 02:13:44	carlosantoniodasilva	2013-04-05 01:47:38	True
9426	exviva	2013-02-26 02:13:44	jonleighton	2013-05-03 08:23:40	True
9426	exviva	2013-02-26 02:13:44	carlosantoniodasilva	2013-04-05 01:46:11	True
9426	exviva	2013-02-26 02:13:44	carlosantoniodasilva	2013-04-05 01:46:56	True
9426	exviva	2013-02-26 02:13:44	frodsan	2013-02-26 03:57:25	True
9415	philnash	2013-02-25 14:40:15	frodsan	2013-02-26 04:17:32	True
9414	senny	2013-02-25 11:29:16	rafaelfranca	2013-02-25 14:17:38	True
9414	senny	2013-02-25 11:29:16	rafaelfranca	2013-02-25 15:03:58	True
9405	chrisnicola	2013-02-24 22:56:46	steveklabnik	2013-02-24 23:52:26	True
9403	stopdropandrew	2013-02-24 21:10:08	rafaelfranca	2013-02-24 21:14:04	True
9403	stopdropandrew	2013-02-24 21:10:08	rafaelfranca	2013-02-24 21:13:29	True
9400	senny	2013-02-24 18:32:20	fxn	2013-02-24 18:57:53	True
9400	senny	2013-02-24 18:32:20	rafaelfranca	2013-02-24 19:05:42	True
9400	senny	2013-02-24 18:32:20	fxn	2013-02-24 18:58:15	True
9400	senny	2013-02-24 18:32:20	fxn	2013-02-24 19:03:39	True
9400	senny	2013-02-24 18:32:20	rafaelfranca	2013-02-24 18:37:11	True
9397	senny	2013-02-24 15:46:20	rafaelfranca	2013-02-24 15:48:21	True
9396	fukayatsu	2013-02-24 08:25:04	steveklabnik	2013-02-25 03:56:29	True
9391	senny	2013-02-23 16:23:28	rafaelfranca	2013-02-24 19:45:55	True
9388	senny	2013-02-23 13:44:06	carlosantoniodasilva	2013-02-23 13:57:52	True
9388	senny	2013-02-23 13:44:06	carlosantoniodasilva	2013-02-23 13:58:40	True
9388	senny	2013-02-23 13:44:06	carlosantoniodasilva	2013-02-23 13:56:25	True
9388	senny	2013-02-23 13:44:06	carlosantoniodasilva	2013-02-23 13:56:04	True
9388	senny	2013-02-23 13:44:06	carlosantoniodasilva	2013-02-23 13:58:17	True
9382	timfjord	2013-02-22 17:15:32	dreamfall	2013-02-23 09:34:05	True
9371	benmoss	2013-02-22 04:46:56	carlosantoniodasilva	2013-03-09 17:30:38	True
9371	benmoss	2013-02-22 04:46:56	senny	2013-02-24 12:24:39	True
9371	benmoss	2013-02-22 04:46:56	carlosantoniodasilva	2013-03-09 17:32:26	True
9366	killthekitten	2013-02-21 22:24:45	carlosantoniodasilva	2013-02-22 01:39:26	True
9365	gaganawhad	2013-02-21 20:31:37	pixeltrix	2013-02-21 20:41:56	True
9363	wangjohn	2013-02-21 18:49:03	carlosantoniodasilva	2013-02-21 19:03:13	True
9363	wangjohn	2013-02-21 18:49:03	senny	2013-02-22 09:35:12	True
9346	samdalton	2013-02-20 19:15:45	frodsan	2013-02-26 05:24:25	True
9334	NARKOZ	2013-02-20 08:50:16	pixeltrix	2013-02-20 14:32:41	True
9334	NARKOZ	2013-02-20 08:50:16	pixeltrix	2013-02-20 14:50:02	True
9332	wangjohn	2013-02-20 05:24:06	jeremy	2013-02-20 06:14:50	True
9331	robertomiranda	2013-02-20 03:31:02	steveklabnik	2013-02-20 04:12:10	True
9331	robertomiranda	2013-02-20 03:31:02	steveklabnik	2013-02-20 03:32:43	True
9331	robertomiranda	2013-02-20 03:31:02	steveklabnik	2013-02-20 03:33:23	True
9329	chuckbjones	2013-02-19 22:44:04	steveklabnik	2013-02-25 03:59:26	True
9316	steveklabnik	2013-02-18 18:28:15	morgoth	2013-02-18 21:38:50	True
9311	hoffm	2013-02-16 21:57:51	senny	2013-02-19 10:15:43	True
9311	hoffm	2013-02-16 21:57:51	carlosantoniodasilva	2013-02-19 11:35:56	True
9311	hoffm	2013-02-16 21:57:51	senny	2013-02-20 07:12:21	True
9311	hoffm	2013-02-16 21:57:51	carlosantoniodasilva	2013-02-19 11:37:02	True
9274	KrzysiekJ	2013-02-13 11:15:46	jeremy	2013-02-14 03:20:48	True
9274	KrzysiekJ	2013-02-13 11:15:46	jeremy	2013-02-14 03:21:35	True
9259	wangjohn	2013-02-12 06:02:28	tenderlove	2013-02-13 00:54:59	True
9259	wangjohn	2013-02-12 06:02:28	tenderlove	2013-09-23 18:46:37	True
9259	wangjohn	2013-02-12 06:02:28	tenderlove	2013-02-13 00:50:34	True
9259	wangjohn	2013-02-12 06:02:28	tenderlove	2013-02-13 00:47:29	True
9259	wangjohn	2013-02-12 06:02:28	tenderlove	2013-02-13 00:57:59	True
9259	wangjohn	2013-02-12 06:02:28	robin850	2013-10-05 11:50:28	True
9259	wangjohn	2013-02-12 06:02:28	tenderlove	2013-09-23 18:42:57	True
9259	wangjohn	2013-02-12 06:02:28	rafaelfranca	2015-01-02 23:26:35	True
9259	wangjohn	2013-02-12 06:02:28	robin850	2013-10-05 16:41:32	True
9259	wangjohn	2013-02-12 06:02:28	robin850	2013-10-05 11:56:16	True
9259	wangjohn	2013-02-12 06:02:28	tenderlove	2013-09-23 18:39:29	True
9254	warnickr	2013-02-12 00:38:31	carlosantoniodasilva	2013-02-13 01:39:14	True
9247	lest	2013-02-11 09:49:25	carlosantoniodasilva	2013-02-11 12:48:02	True
9246	olliwer	2013-02-11 07:15:25	carlosantoniodasilva	2013-02-11 12:40:13	True
9246	olliwer	2013-02-11 07:15:25	carlosantoniodasilva	2013-02-11 12:39:15	True
9246	olliwer	2013-02-11 07:15:25	carlosantoniodasilva	2013-02-11 12:40:04	True
9243	yahonda	2013-02-11 00:24:41	carlosantoniodasilva	2013-02-12 03:17:09	True
9243	yahonda	2013-02-11 00:24:41	carlosantoniodasilva	2013-02-11 12:25:22	True
9243	yahonda	2013-02-11 00:24:41	carlosantoniodasilva	2013-02-11 12:31:59	True
9243	yahonda	2013-02-11 00:24:41	tenderlove	2013-02-12 02:32:06	True
9236	jasl	2013-02-10 00:29:07	parndt	2013-04-10 19:22:35	True
9234	senny	2013-02-09 20:17:13	carlosantoniodasilva	2013-02-09 21:27:53	True
9221	thenickcox	2013-02-08 07:12:08	carlosantoniodasilva	2013-02-08 11:05:53	True
9221	thenickcox	2013-02-08 07:12:08	acapilleri	2013-02-08 16:15:40	True
9221	thenickcox	2013-02-08 07:12:08	carlosantoniodasilva	2013-02-08 11:05:59	True
9221	thenickcox	2013-02-08 07:12:08	carlosantoniodasilva	2013-02-08 11:07:21	True
9218	Fivell	2013-02-07 22:58:18	carlosantoniodasilva	2013-02-07 23:07:30	True
9218	Fivell	2013-02-07 22:58:18	carlosantoniodasilva	2013-02-27 12:34:56	True
9218	Fivell	2013-02-07 22:58:18	carlosantoniodasilva	2013-02-27 12:14:41	True
9218	Fivell	2013-02-07 22:58:18	carlosantoniodasilva	2013-02-27 12:15:48	True
9218	Fivell	2013-02-07 22:58:18	carlosantoniodasilva	2013-02-27 12:14:48	True
9218	Fivell	2013-02-07 22:58:18	senny	2013-02-27 10:31:53	True
9218	Fivell	2013-02-07 22:58:18	carlosantoniodasilva	2013-02-27 12:15:59	True
9218	Fivell	2013-02-07 22:58:18	carlosantoniodasilva	2013-02-07 23:05:30	True
9218	Fivell	2013-02-07 22:58:18	carlosantoniodasilva	2013-02-07 23:05:16	True
9216	robertomiranda	2013-02-07 22:44:08	guilleiguaran	2013-02-07 23:47:08	True
9206	ranjaykrishna	2013-02-07 05:04:38	carlosantoniodasilva	2013-02-10 22:30:13	True
9206	ranjaykrishna	2013-02-07 05:04:38	carlosantoniodasilva	2013-02-07 11:10:55	True
9206	ranjaykrishna	2013-02-07 05:04:38	PikachuEXE	2013-02-07 11:48:42	True
9206	ranjaykrishna	2013-02-07 05:04:38	tenderlove	2013-02-08 18:13:18	True
9206	ranjaykrishna	2013-02-07 05:04:38	carlosantoniodasilva	2013-02-07 11:10:00	True
9206	ranjaykrishna	2013-02-07 05:04:38	PikachuEXE	2013-02-07 06:26:12	True
9206	ranjaykrishna	2013-02-07 05:04:38	PikachuEXE	2013-02-07 05:46:43	True
9202	gkop	2013-02-06 22:40:41	carlosantoniodasilva	2013-03-18 16:33:35	True
9200	wangjohn	2013-02-06 20:22:52	jeremy	2013-02-07 00:16:55	True
9200	wangjohn	2013-02-06 20:22:52	jeremy	2013-02-07 00:29:00	True
9200	wangjohn	2013-02-06 20:22:52	jeremy	2013-02-07 00:21:28	True
9200	wangjohn	2013-02-06 20:22:52	jeremy	2013-02-07 00:25:43	True
9200	wangjohn	2013-02-06 20:22:52	jeremy	2013-02-07 00:23:28	True
9200	wangjohn	2013-02-06 20:22:52	jeremy	2013-02-07 15:59:14	True
9200	wangjohn	2013-02-06 20:22:52	jeremy	2013-02-07 00:17:20	True
9200	wangjohn	2013-02-06 20:22:52	jeremy	2013-02-07 15:56:40	True
9200	wangjohn	2013-02-06 20:22:52	jeremy	2013-02-11 16:17:03	True
9200	wangjohn	2013-02-06 20:22:52	jeremy	2013-02-07 00:16:24	True
9200	wangjohn	2013-02-06 20:22:52	jeremy	2013-02-07 00:24:25	True
9200	wangjohn	2013-02-06 20:22:52	jeremy	2013-02-07 15:53:38	True
9200	wangjohn	2013-02-06 20:22:52	jeremy	2013-02-07 15:52:03	True
9200	wangjohn	2013-02-06 20:22:52	jeremy	2013-02-07 00:30:32	True
9200	wangjohn	2013-02-06 20:22:52	jeremy	2013-02-07 00:24:58	True
9200	wangjohn	2013-02-06 20:22:52	jeremy	2013-02-07 00:26:12	True
9196	andreychernih	2013-02-06 07:43:09	carlosantoniodasilva	2013-02-06 14:59:11	True
9196	andreychernih	2013-02-06 07:43:09	carlosantoniodasilva	2013-02-07 11:11:35	True
9191	dahakawang	2013-02-05 13:59:18	schneems	2013-03-20 19:03:20	True
9162	anyu	2013-02-03 06:19:05	carlosantoniodasilva	2013-02-03 15:46:35	True
9162	anyu	2013-02-03 06:19:05	wontruefree	2013-09-18 19:28:15	True
9162	anyu	2013-02-03 06:19:05	carlosantoniodasilva	2013-02-03 15:46:25	True
9160	tawan	2013-02-02 22:16:14	cfabianski	2013-08-26 10:23:30	True
9160	tawan	2013-02-02 22:16:14	cfabianski	2013-08-26 10:17:59	True
9160	tawan	2013-02-02 22:16:14	cfabianski	2013-08-26 15:33:47	True
9155	bogdan	2013-02-02 15:35:17	vipulnsward	2013-08-25 08:28:56	True
9155	bogdan	2013-02-02 15:35:17	parndt	2013-04-02 18:27:47	True
9147	amparo-luna	2013-02-01 20:10:14	rafaelfranca	2013-02-01 20:14:59	True
9142	dahakawang	2013-02-01 06:57:57	steveklabnik	2013-02-01 18:36:18	True
9141	adamgamble	2013-02-01 05:52:28	carlosantoniodasilva	2013-02-04 11:03:33	True
9141	adamgamble	2013-02-01 05:52:28	carlosantoniodasilva	2013-02-04 10:59:39	True
9141	adamgamble	2013-02-01 05:52:28	carlosantoniodasilva	2013-02-04 11:00:18	True
9141	adamgamble	2013-02-01 05:52:28	carlosantoniodasilva	2013-02-04 11:02:39	True
9141	adamgamble	2013-02-01 05:52:28	carlosantoniodasilva	2013-02-04 10:59:20	True
9141	adamgamble	2013-02-01 05:52:28	carlosantoniodasilva	2013-02-04 11:01:42	True
9140	dahakawang	2013-02-01 04:10:18	steveklabnik	2013-02-01 05:01:33	True
9140	dahakawang	2013-02-01 04:10:18	steveklabnik	2013-02-01 05:01:45	True
9140	dahakawang	2013-02-01 04:10:18	steveklabnik	2013-02-01 05:02:13	True
9140	dahakawang	2013-02-01 04:10:18	steveklabnik	2013-02-01 05:02:25	True
9140	dahakawang	2013-02-01 04:10:18	steveklabnik	2013-02-01 05:02:03	True
9140	dahakawang	2013-02-01 04:10:18	steveklabnik	2013-02-01 05:01:55	True
