pr_number	author_user_login	pr_created_at	review_comment_user_login	review_comment_created_at	is_review_review_comment
239	dlt	2011-03-27 09:37:35	sikachu	2011-06-15 21:53:39	True
230	SweeD	2011-03-17 20:18:56	dasch	2011-07-09 12:50:50	True
230	SweeD	2011-03-17 20:18:56	gogolok	2011-05-08 16:54:23	True
230	SweeD	2011-03-17 20:18:56	dasch	2011-07-09 12:44:00	True
230	SweeD	2011-03-17 20:18:56	gogolok	2011-05-08 16:55:45	True
205	amatsuda	2011-03-07 12:37:16	joshk	2011-06-01 07:22:30	True
205	amatsuda	2011-03-07 12:37:16	joshk	2011-06-01 07:18:58	True
