pr_number	author_user_login	pr_created_at	review_comment_user_login	review_comment_created_at	is_review_review_comment
7213	bcardarella	2012-07-31 17:38:16	frodsan	2012-10-26 16:45:35	True
7213	bcardarella	2012-07-31 17:38:16	nashby	2012-07-31 19:18:09	True
7197	davidcelis	2012-07-30 04:04:01	tenderlove	2012-07-30 04:45:37	True
7189	GCorbel	2012-07-29 09:06:19	josevalim	2012-07-29 09:54:36	True
7189	GCorbel	2012-07-29 09:06:19	josevalim	2012-07-29 09:51:18	True
7189	GCorbel	2012-07-29 09:06:19	carlosantoniodasilva	2012-07-29 17:34:19	True
7189	GCorbel	2012-07-29 09:06:19	carlosantoniodasilva	2012-07-29 17:31:38	True
7189	GCorbel	2012-07-29 09:06:19	carlosantoniodasilva	2012-07-29 17:30:50	True
7189	GCorbel	2012-07-29 09:06:19	josevalim	2012-07-29 09:56:21	True
7189	GCorbel	2012-07-29 09:06:19	tenderlove	2012-07-29 20:35:11	True
7189	GCorbel	2012-07-29 09:06:19	josevalim	2012-07-29 09:52:29	True
7189	GCorbel	2012-07-29 09:06:19	josevalim	2012-07-29 09:50:29	True
7189	GCorbel	2012-07-29 09:06:19	josevalim	2012-07-29 09:50:15	True
7189	GCorbel	2012-07-29 09:06:19	josevalim	2012-07-29 09:49:26	True
7189	GCorbel	2012-07-29 09:06:19	carlosantoniodasilva	2012-08-21 15:52:20	True
7189	GCorbel	2012-07-29 09:06:19	carlosantoniodasilva	2012-07-29 17:30:45	True
7186	rimidl	2012-07-28 16:38:52	rafaelfranca	2012-07-28 16:40:46	True
7184	anthonyalberto	2012-07-27 20:36:26	carlosantoniodasilva	2012-07-30 13:36:58	True
7184	anthonyalberto	2012-07-27 20:36:26	carlosantoniodasilva	2012-08-13 23:49:13	True
7184	anthonyalberto	2012-07-27 20:36:26	carlosantoniodasilva	2012-07-30 13:33:57	True
7176	bogdan	2012-07-27 08:39:19	rafaelfranca	2012-07-29 20:57:29	True
7176	bogdan	2012-07-27 08:39:19	rafaelfranca	2012-07-29 21:07:58	True
7176	bogdan	2012-07-27 08:39:19	rafaelfranca	2012-07-29 20:54:51	True
7155	robotex82	2012-07-25 15:13:18	frodsan	2012-10-27 05:20:48	True
7155	robotex82	2012-07-25 15:13:18	carlosantoniodasilva	2012-10-27 14:55:29	True
7155	robotex82	2012-07-25 15:13:18	carlosantoniodasilva	2012-10-27 14:57:06	True
7155	robotex82	2012-07-25 15:13:18	carlosantoniodasilva	2012-10-27 14:56:08	True
7155	robotex82	2012-07-25 15:13:18	carlosantoniodasilva	2012-10-27 14:55:41	True
7155	robotex82	2012-07-25 15:13:18	carlosantoniodasilva	2012-10-27 14:55:35	True
7155	robotex82	2012-07-25 15:13:18	carlosantoniodasilva	2012-10-27 14:55:16	True
7155	robotex82	2012-07-25 15:13:18	carlosantoniodasilva	2012-10-27 14:55:45	True
7155	robotex82	2012-07-25 15:13:18	frodsan	2012-10-27 05:17:16	True
7155	robotex82	2012-07-25 15:13:18	carlosantoniodasilva	2012-10-27 14:55:10	True
7147	mraaroncruz	2012-07-24 17:54:09	josevalim	2012-07-24 17:57:44	True
7147	mraaroncruz	2012-07-24 17:54:09	carlosantoniodasilva	2012-07-25 02:08:19	True
7145	maxprokopiev	2012-07-24 15:42:17	carlosantoniodasilva	2012-07-25 02:26:26	True
7145	maxprokopiev	2012-07-24 15:42:17	dmathieu	2012-07-24 16:17:59	True
7145	maxprokopiev	2012-07-24 15:42:17	carlosantoniodasilva	2012-07-25 02:30:16	True
7145	maxprokopiev	2012-07-24 15:42:17	rafaelfranca	2012-07-24 17:24:46	True
7123	nashby	2012-07-21 10:40:59	carlosantoniodasilva	2012-07-21 12:06:30	True
7123	nashby	2012-07-21 10:40:59	rafaelfranca	2012-07-22 01:04:50	True
7106	LTe	2012-07-19 12:23:17	carlosantoniodasilva	2012-07-19 12:37:58	True
7106	LTe	2012-07-19 12:23:17	carlosantoniodasilva	2012-07-19 12:38:55	True
7099	f1sherman	2012-07-19 00:52:54	rafaelfranca	2012-07-19 13:14:56	True
7099	f1sherman	2012-07-19 00:52:54	rafaelfranca	2012-07-19 13:14:18	True
7088	mdominiak	2012-07-18 10:53:48	rafaelfranca	2012-07-18 13:12:28	True
7082	jalkoby	2012-07-18 00:29:39	josevalim	2012-07-18 07:06:42	True
7075	plribeiro3000	2012-07-17 15:49:25	josevalim	2012-07-17 17:47:53	True
7072	beerlington	2012-07-17 00:45:51	jonleighton	2012-07-17 07:55:06	True
7069	isaacsanders	2012-07-16 12:08:50	carlosantoniodasilva	2012-08-11 01:09:48	True
7069	isaacsanders	2012-07-16 12:08:50	frodsan	2012-08-07 19:54:02	True
7069	isaacsanders	2012-07-16 12:08:50	tenderlove	2012-08-07 17:13:05	True
7069	isaacsanders	2012-07-16 12:08:50	frodsan	2012-08-07 17:16:37	True
7069	isaacsanders	2012-07-16 12:08:50	pixeltrix	2012-07-16 12:47:47	True
7068	saizai	2012-07-16 12:05:12	pixeltrix	2012-07-16 19:04:38	True
7068	saizai	2012-07-16 12:05:12	pixeltrix	2012-07-16 13:13:05	True
7067	ahawkins	2012-07-16 08:49:36	pixeltrix	2012-07-16 09:38:04	True
7067	ahawkins	2012-07-16 08:49:36	carlosantoniodasilva	2012-07-16 12:57:01	True
7058	frodsan	2012-07-14 20:34:48	rafaelfranca	2012-08-01 01:45:12	True
7058	frodsan	2012-07-14 20:34:48	carlosantoniodasilva	2012-08-14 17:13:59	True
7058	frodsan	2012-07-14 20:34:48	carlosantoniodasilva	2012-08-11 05:25:51	True
7058	frodsan	2012-07-14 20:34:48	rafaelfranca	2012-08-14 17:08:24	True
7058	frodsan	2012-07-14 20:34:48	carlosantoniodasilva	2012-07-14 21:32:47	True
7058	frodsan	2012-07-14 20:34:48	rafaelfranca	2012-08-24 03:01:52	True
7054	shime	2012-07-14 14:01:21	rafaelfranca	2012-08-01 02:42:12	True
7054	shime	2012-07-14 14:01:21	carlosantoniodasilva	2012-07-14 14:34:20	True
7054	shime	2012-07-14 14:01:21	carlosantoniodasilva	2012-07-14 14:33:18	True
7054	shime	2012-07-14 14:01:21	carlosantoniodasilva	2012-07-14 14:30:39	True
7028	lexmag	2012-07-10 21:39:14	al2o3cr	2012-07-15 19:53:08	True
7028	lexmag	2012-07-10 21:39:14	davejachimiak	2012-07-15 19:24:55	True
7028	lexmag	2012-07-10 21:39:14	rafaelfranca	2012-07-16 13:27:19	True
7028	lexmag	2012-07-10 21:39:14	rafaelfranca	2012-07-10 21:45:52	True
7028	lexmag	2012-07-10 21:39:14	davejachimiak	2012-07-15 23:58:19	True
7028	lexmag	2012-07-10 21:39:14	davejachimiak	2012-07-16 13:25:36	True
7028	lexmag	2012-07-10 21:39:14	davejachimiak	2012-07-16 13:34:44	True
7028	lexmag	2012-07-10 21:39:14	josevalim	2012-07-17 18:14:09	True
7028	lexmag	2012-07-10 21:39:14	rafaelfranca	2012-07-10 21:46:42	True
7028	lexmag	2012-07-10 21:39:14	rafaelfranca	2012-07-10 21:54:05	True
7028	lexmag	2012-07-10 21:39:14	rafaelfranca	2012-07-10 21:53:05	True
7028	lexmag	2012-07-10 21:39:14	davejachimiak	2012-07-16 14:08:41	True
7028	lexmag	2012-07-10 21:39:14	rafaelfranca	2012-07-10 22:03:42	True
7028	lexmag	2012-07-10 21:39:14	rafaelfranca	2012-07-16 13:38:33	True
7028	lexmag	2012-07-10 21:39:14	rafaelfranca	2012-07-10 21:56:48	True
7024	bogdan	2012-07-10 11:49:47	dmathieu	2012-07-10 14:04:45	True
7024	bogdan	2012-07-10 11:49:47	troessner	2012-07-10 13:51:06	True
7008	seanbehan	2012-07-09 03:30:01	carlosantoniodasilva	2012-07-10 12:13:06	True
7007	mikdiet	2012-07-08 22:10:36	bradleypriest	2012-09-21 08:48:02	True
7003	philippfranke	2012-07-08 13:20:08	carlosantoniodasilva	2012-07-08 14:19:59	True
7000	kennyj	2012-07-07 15:03:22	carlosantoniodasilva	2012-07-07 16:58:52	True
6998	robin850	2012-07-07 13:12:50	carlosantoniodasilva	2012-07-07 14:50:55	True
6998	robin850	2012-07-07 13:12:50	carlosantoniodasilva	2012-07-07 13:26:31	True
6998	robin850	2012-07-07 13:12:50	carlosantoniodasilva	2012-07-07 14:24:49	True
6998	robin850	2012-07-07 13:12:50	vijaydev	2012-07-07 21:54:09	True
6991	frodsan	2012-07-06 18:20:33	tenderlove	2012-07-06 19:10:32	True
6990	mirceapricop	2012-07-06 16:12:44	josevalim	2012-07-06 17:34:19	True
6990	mirceapricop	2012-07-06 16:12:44	josevalim	2012-07-06 17:48:30	True
6987	dmathieu	2012-07-06 14:54:48	josevalim	2012-07-06 15:37:37	True
6986	kennyj	2012-07-06 14:08:01	tenderlove	2012-08-21 00:39:45	True
6986	kennyj	2012-07-06 14:08:01	rafaelfranca	2012-08-21 00:46:30	True
6986	kennyj	2012-07-06 14:08:01	rafaelfranca	2012-08-15 22:48:56	True
6986	kennyj	2012-07-06 14:08:01	rafaelfranca	2012-08-21 00:43:51	True
6986	kennyj	2012-07-06 14:08:01	rafaelfranca	2012-08-18 15:45:29	True
6986	kennyj	2012-07-06 14:08:01	tenderlove	2012-08-21 00:40:35	True
6986	kennyj	2012-07-06 14:08:01	tenderlove	2012-08-21 00:42:18	True
6985	sidonath	2012-07-06 13:05:43	rafaelfranca	2012-07-06 13:41:18	True
6978	frodsan	2012-07-05 20:14:46	rafaelfranca	2012-10-03 22:58:23	True
6956	lexmag	2012-07-04 12:57:09	carlosantoniodasilva	2012-07-07 13:03:29	True
6950	paneq	2012-07-03 22:17:05	carlosantoniodasilva	2012-07-03 22:31:50	True
6943	mguterl	2012-07-03 12:43:40	josevalim	2012-07-03 12:46:35	True
6943	mguterl	2012-07-03 12:43:40	steveklabnik	2012-07-03 14:41:52	True
6942	timfjord	2012-07-03 12:38:44	dmathieu	2012-07-04 09:36:19	True
6942	timfjord	2012-07-03 12:38:44	rafaelfranca	2012-07-04 11:30:24	True
6942	timfjord	2012-07-03 12:38:44	fxn	2012-07-04 11:33:08	True
6938	acapilleri	2012-07-03 06:59:17	carlosantoniodasilva	2012-07-03 11:38:57	True
6938	acapilleri	2012-07-03 06:59:17	dmathieu	2012-07-03 09:24:54	True
6938	acapilleri	2012-07-03 06:59:17	carlosantoniodasilva	2012-07-03 12:58:03	True
6938	acapilleri	2012-07-03 06:59:17	carlosantoniodasilva	2012-07-03 13:02:12	True
6936	jfoley	2012-07-02 19:14:05	carlosantoniodasilva	2012-07-03 00:15:10	True
6934	kennyj	2012-07-02 16:32:36	rafaelfranca	2012-07-02 16:37:20	True
6927	parndt	2012-07-02 02:22:07	carlosantoniodasilva	2012-07-02 12:25:07	True
6922	andrewferk	2012-07-01 18:32:21	pixeltrix	2012-07-03 04:27:44	True
6922	andrewferk	2012-07-01 18:32:21	pixeltrix	2012-07-02 05:31:07	True
6922	andrewferk	2012-07-01 18:32:21	pixeltrix	2012-07-03 04:24:54	True
6922	andrewferk	2012-07-01 18:32:21	pixeltrix	2012-07-02 05:30:25	True
6922	andrewferk	2012-07-01 18:32:21	pixeltrix	2012-07-02 05:31:25	True
6922	andrewferk	2012-07-01 18:32:21	pixeltrix	2012-07-01 19:34:03	True
6922	andrewferk	2012-07-01 18:32:21	pixeltrix	2012-07-02 05:27:00	True
6920	lexmag	2012-07-01 14:18:33	carlosantoniodasilva	2012-07-01 21:13:04	True
6920	lexmag	2012-07-01 14:18:33	carlosantoniodasilva	2012-07-01 21:32:22	True
6920	lexmag	2012-07-01 14:18:33	rafaelfranca	2012-07-01 17:27:03	True
6920	lexmag	2012-07-01 14:18:33	rafaelfranca	2012-07-01 18:54:37	True
6920	lexmag	2012-07-01 14:18:33	rafaelfranca	2012-07-01 18:33:10	True
6920	lexmag	2012-07-01 14:18:33	rafaelfranca	2012-07-01 17:29:12	True
6920	lexmag	2012-07-01 14:18:33	rafaelfranca	2012-07-02 14:14:52	True
6920	lexmag	2012-07-01 14:18:33	rafaelfranca	2012-07-01 18:33:49	True
6920	lexmag	2012-07-01 14:18:33	carlosantoniodasilva	2012-07-01 21:10:17	True
6920	lexmag	2012-07-01 14:18:33	rafaelfranca	2012-07-02 13:45:15	True
6920	lexmag	2012-07-01 14:18:33	rafaelfranca	2012-07-01 17:25:27	True
6920	lexmag	2012-07-01 14:18:33	rafaelfranca	2012-07-02 14:12:20	True
6920	lexmag	2012-07-01 14:18:33	carlosantoniodasilva	2012-07-01 21:15:46	True
6920	lexmag	2012-07-01 14:18:33	carlosantoniodasilva	2012-07-01 21:23:20	True
6920	lexmag	2012-07-01 14:18:33	carlosantoniodasilva	2012-07-01 21:34:26	True
