pr_number	author_user_login	pr_created_at	commit_user_login	commit_created_at	commit_status_total	commit_status_additions	commit_status_deletions	create_before_pr	is_review_commit
27526	kirs	2016-12-31 17:19:55	kirs	2016-12-31 17:06:15	25	21	4	True	True
27520	prathamesh-sonpatki	2016-12-31 04:00:48	prathamesh-sonpatki	2016-12-31 03:58:52	32	21	11	True	True
27517	maclover7	2016-12-30 23:49:51	maclover7	2016-12-30 23:43:04	34	34	0	True	True
27504	kenta-s	2016-12-30 00:05:08	kenta-s	2016-12-30 00:03:46	2	1	1	True	True
27494	matthewd	2016-12-29 11:26:39	matthewd	2016-12-29 11:25:42	267	267	0	True	True
27494	matthewd	2016-12-29 11:26:39	matthewd	2017-11-16 13:51:13	72	67	5	False	True
27486	schleyfox	2016-12-28 20:04:25	schleyfox	2016-12-28 19:35:43	21	15	6	True	True
27485	cih	2016-12-28 19:26:42	cih	2016-12-28 19:15:49	38	38	0	True	True
27484	ninjarz	2016-12-28 19:25:48	ninjarz	2016-12-28 19:01:52	10	6	4	True	True
27482	shardulparab97	2016-12-28 15:07:11	shardulparab97	2016-12-28 15:06:44	3	3	0	True	True
27475	shardulparab97	2016-12-27 17:32:23	shardulparab97	2016-12-27 17:41:01	1	0	1	False	True
27475	shardulparab97	2016-12-27 17:32:23	shardulparab97	2016-12-27 17:31:55	4	3	1	True	True
27475	shardulparab97	2016-12-27 17:32:23	shardulparab97	2016-12-27 18:14:55	2	1	1	False	True
27473	matthewd	2016-12-27 14:41:39	matthewd	2016-12-20 18:10:24	24	12	12	True	True
27473	matthewd	2016-12-27 14:41:39	amatsuda	2016-12-12 14:41:59	12	11	1	True	True
27473	matthewd	2016-12-27 14:41:39	matthewd	2016-12-27 15:14:54	6	3	3	False	True
27473	matthewd	2016-12-27 14:41:39	kaspth	2016-12-13 07:39:49	114	72	42	True	True
27473	matthewd	2016-12-27 14:41:39	matthewd	2016-10-08 00:20:36	29	17	12	True	True
27473	matthewd	2016-12-27 14:41:39	maclover7	2016-12-20 02:24:12	10	5	5	True	True
27473	matthewd	2016-12-27 14:41:39	matthewd	2016-12-18 03:57:28	2	1	1	True	True
27473	matthewd	2016-12-27 14:41:39	matthewd	2016-12-27 15:46:03	5	2	3	False	True
27473	matthewd	2016-12-27 14:41:39	jeremy	2016-04-19 05:46:29	40	37	3	True	True
27473	matthewd	2016-12-27 14:41:39	matthewd	2016-12-27 07:37:36	95	51	44	True	True
27473	matthewd	2016-12-27 14:41:39	rafaelfranca	2016-10-25 01:56:09	34	19	15	True	True
27473	matthewd	2016-12-27 14:41:39	rafaelfranca	2016-01-30 17:15:32	5	1	4	True	True
27473	matthewd	2016-12-27 14:41:39	rafaelfranca	2016-12-14 01:34:27	4	2	2	True	True
27473	matthewd	2016-12-27 14:41:39	rafaelfranca	2016-10-15 02:37:49	4	2	2	True	True
27473	matthewd	2016-12-27 14:41:39	rafaelfranca	2016-07-09 23:59:48	2	1	1	True	True
27473	matthewd	2016-12-27 14:41:39	guilleiguaran	2016-10-26 02:59:17	5	5	0	True	True
27449	kamipo	2016-12-24 21:30:33	kamipo	2016-12-24 21:13:14	17	13	4	True	True
27447	y-yagi	2016-12-24 10:12:57	y-yagi	2016-12-24 10:09:26	5	3	2	True	True
27443	legendetm	2016-12-23 17:20:07	legendetm	2016-12-23 16:25:44	213	206	7	True	True
27439	hugopeixoto	2016-12-23 01:28:20	hugopeixoto	2016-12-23 00:54:33	90	85	5	True	True
27437	kirs	2016-12-22 15:45:14	kirs	2016-12-22 20:00:23	124	109	15	False	True
27425	matrix9180	2016-12-21 17:21:13	matrix9180	2017-01-18 04:20:36	72	72	0	False	True
27416	itsmeduncan	2016-12-20 14:39:47	itsmeduncan	2016-12-20 14:32:45	9	6	3	True	True
27414	matthewd	2016-12-20 08:58:16	matthewd	2016-12-20 08:51:41	24	12	12	True	True
27403	elpic	2016-12-19 11:17:26	elpic	2016-12-19 15:29:56	2	1	1	False	True
27403	elpic	2016-12-19 11:17:26	elpic	2016-12-19 11:16:35	29	24	5	True	True
27399	sinogermany	2016-12-19 02:27:04	sinogermany	2016-12-19 01:45:14	19	18	1	True	True
27392	y-yagi	2016-12-17 10:27:57	y-yagi	2016-12-17 10:15:09	14	14	0	True	True
27383	eikes	2016-12-16 11:48:01	eikes	2016-12-16 11:43:33	8	8	0	True	True
27383	eikes	2016-12-16 11:48:01	eikes	2016-12-16 23:18:08	2	1	1	False	True
27381	mrhead	2016-12-16 08:34:09	mrhead	2016-12-16 08:19:50	21	19	2	True	True
27376	ptoomey3	2016-12-15 21:13:59	ptoomey3	2016-12-15 19:57:46	55	51	4	True	True
27375	kirs	2016-12-15 20:22:24	kirs	2016-12-15 20:19:34	24	20	4	True	True
27371	yukideluxe	2016-12-15 17:24:36	yukideluxe	2016-12-21 16:08:46	35	33	2	False	True
27366	utilum	2016-12-15 02:40:46	utilum	2016-12-15 01:42:52	2	1	1	True	True
27362	homakov	2016-12-14 18:56:13	homakov	2016-12-14 18:47:31	4	3	1	True	True
27358	utilum	2016-12-14 15:10:18	utilum	2016-12-14 15:08:44	4	4	0	True	True
27354	casperisfine	2016-12-14 10:58:11	byroot	2016-12-14 10:47:51	17	16	1	True	True
27346	utilum	2016-12-13 15:35:57	utilum	2016-12-13 15:34:46	48	31	17	True	True
27341	richardmonette	2016-12-12 21:54:38	richardmonette	2016-12-12 21:51:39	39	34	5	True	True
27334	kamipo	2016-12-11 23:10:06	kamipo	2016-12-11 22:42:46	110	79	31	True	True
27333	maclover7	2016-12-11 22:11:02	maclover7	2016-12-11 22:08:30	14	7	7	True	True
27333	maclover7	2016-12-11 22:11:02	maclover7	2016-12-11 22:02:47	39	38	1	True	True
27331	brchristian	2016-12-11 18:26:03	brchristian	2017-01-04 18:54:51	2	1	1	False	True
27331	brchristian	2016-12-11 18:26:03	brchristian	2016-12-11 18:15:29	8	3	5	True	True
27331	brchristian	2016-12-11 18:26:03	brchristian	2016-12-11 18:33:08	2	1	1	False	True
27331	brchristian	2016-12-11 18:26:03	brchristian	2017-01-04 18:28:21	2	1	1	False	True
27331	brchristian	2016-12-11 18:26:03	brchristian	2017-01-04 18:52:53	5	3	2	False	True
27331	brchristian	2016-12-11 18:26:03	brchristian	2017-01-04 19:00:14	6	6	0	False	True
27331	brchristian	2016-12-11 18:26:03	brchristian	2016-12-11 17:55:02	6	6	0	True	True
27329	kamipo	2016-12-11 12:40:15	kamipo	2016-12-11 12:28:11	5	2	3	True	True
27328	kamipo	2016-12-11 11:57:23	kamipo	2016-12-11 11:55:23	7	7	0	True	True
27324	kirs	2016-12-10 18:41:51	kirs	2016-12-10 18:35:36	5	3	2	True	True
27305	utilum	2016-12-08 21:49:53	utilum	2016-12-08 22:24:02	6	0	6	False	True
27305	utilum	2016-12-08 21:49:53	utilum	2016-12-08 21:46:02	1	1	0	True	True
27296	printercu	2016-12-07 13:03:39	printercu	2016-12-07 07:35:34	3	1	2	True	True
27296	printercu	2016-12-07 13:03:39	printercu	2016-12-07 07:34:51	23	9	14	True	True
27296	printercu	2016-12-07 13:03:39	printercu	2016-12-07 07:09:35	12	6	6	True	True
27296	printercu	2016-12-07 13:03:39	printercu	2016-12-07 12:59:43	116	76	40	True	True
27294	avgerin0s	2016-12-07 10:41:25	avgerin0s	2016-12-07 10:36:32	49	49	0	True	True
27293	y-yagi	2016-12-07 07:57:36	y-yagi	2016-12-07 00:24:50	106	71	35	True	True
27285	MSP-Greg	2016-12-06 15:52:40	MSP-Greg	2016-12-06 15:41:39	5	1	4	True	True
27281	calebhearth	2016-12-06 00:49:46	calebhearth	2016-08-21 11:28:04	11	11	0	True	True
27281	calebhearth	2016-12-06 00:49:46	calebhearth	2016-12-05 23:54:08	34	23	11	True	True
27281	calebhearth	2016-12-06 00:49:46	calebhearth	2016-08-22 14:26:58	2	1	1	True	True
27281	calebhearth	2016-12-06 00:49:46	calebhearth	2016-08-21 11:16:52	20	20	0	True	True
27281	calebhearth	2016-12-06 00:49:46	calebhearth	2016-12-06 00:05:37	39	25	14	True	True
27280	brchristian	2016-12-06 00:48:46	brchristian	2016-12-06 00:48:25	12	6	6	True	True
27272	kamipo	2016-12-05 18:47:11	kamipo	2016-12-05 18:35:30	66	65	1	True	True
27271	printercu	2016-12-05 18:37:01	printercu	2016-12-05 18:30:27	10	9	1	True	True
27265	ianks	2016-12-04 22:32:53	ianks	2016-12-04 22:05:44	23	18	5	True	True
27248	stefanmb	2016-12-02 00:53:33	stefanmb	2016-12-01 22:39:15	72	67	5	True	True
27239	kruppel	2016-12-01 03:33:29	kruppel	2016-12-01 03:31:27	52	49	3	True	True
