pr_number	author_user_login	pr_created_at	commit_user_login	commit_created_at	commit_status_total	commit_status_additions	commit_status_deletions	create_before_pr	is_review_commit
33770	eileencodes	2018-08-31 18:13:56	eileencodes	2018-08-30 20:49:13	4	4	0	True	True
33770	eileencodes	2018-08-31 18:13:56	eileencodes	2018-08-31 14:53:20	12	12	0	True	True
33770	eileencodes	2018-08-31 18:13:56	eileencodes	2018-08-31 14:55:37	113	83	30	True	True
33763	al2o3cr	2018-08-30 21:02:34	al2o3cr	2018-09-17 20:27:42	5	3	2	False	True
33763	al2o3cr	2018-08-30 21:02:34	al2o3cr	2018-09-11 19:10:25	13	8	5	False	True
33763	al2o3cr	2018-08-30 21:02:34	al2o3cr	2018-09-13 19:20:01	2	1	1	False	True
33763	al2o3cr	2018-08-30 21:02:34	al2o3cr	2018-08-30 20:53:16	5	5	0	True	True
33762	nicolasmlv	2018-08-30 19:56:48	nicolasmlv	2018-08-30 20:23:54	2	1	1	False	True
33759	schneems	2018-08-30 14:58:36	schneems	2018-08-30 14:57:01	4	2	2	True	True
33758	schneems	2018-08-30 14:40:05	schneems	2018-08-30 14:35:06	33	25	8	True	True
33756	piecehealth	2018-08-30 07:18:34	piecehealth	2018-09-07 01:46:54	124	122	2	False	True
33755	y-yagi	2018-08-30 03:04:29	eileencodes	2018-02-02 15:23:57	2	1	1	True	True
33755	y-yagi	2018-08-30 03:04:29	y-yagi	2018-08-30 02:47:46	187	35	152	True	True
33752	sgrif	2018-08-29 18:42:38	sgrif	2018-08-29 18:39:27	15	7	8	True	True
33751	steves	2018-08-29 17:36:13	steves	2018-08-30 17:04:29	135	103	32	False	True
33751	steves	2018-08-29 17:36:13	steves	2018-08-29 17:28:55	60	53	7	True	True
33737	bogdanvlviv	2018-08-28 08:48:26	bogdanvlviv	2018-08-28 08:16:59	184	183	1	True	True
33735	speckins	2018-08-28 02:07:57	speckins	2018-08-28 01:40:10	17	16	1	True	True
33735	speckins	2018-08-28 02:07:57	speckins	2018-08-28 01:40:10	13	7	6	True	True
33733	mrpinsky	2018-08-27 22:51:12	mrpinsky	2018-08-28 02:01:57	2	1	1	False	True
33733	mrpinsky	2018-08-27 22:51:12	mrpinsky	2018-08-27 22:48:56	5	4	1	True	True
33729	kddnewton	2018-08-27 17:55:33	kddnewton	2018-08-27 17:52:14	31	26	5	True	True
33728	steves	2018-08-27 14:16:58	steves	2018-08-23 19:15:23	220	214	6	True	True
33728	steves	2018-08-27 14:16:58	steves	2018-08-28 16:55:21	150	106	44	False	True
33728	steves	2018-08-27 14:16:58	steves	2018-08-29 16:17:27	54	36	18	False	True
33727	bogdanvlviv	2018-08-27 11:07:07	bogdanvlviv	2018-08-27 11:03:51	3	3	0	True	True
33727	bogdanvlviv	2018-08-27 11:07:07	bogdanvlviv	2018-08-27 10:47:57	70	20	50	True	True
33721	rob-race	2018-08-25 00:05:19	rob-race	2018-08-27 16:20:00	2	1	1	False	True
33721	rob-race	2018-08-25 00:05:19	rob-race	2018-08-24 23:54:58	12	10	2	True	True
33718	kddnewton	2018-08-24 20:19:36	kddnewton	2018-08-24 20:13:57	14	12	2	True	True
33718	kddnewton	2018-08-24 20:19:36	kddnewton	2018-08-24 20:10:17	50	25	25	True	True
33718	kddnewton	2018-08-24 20:19:36	kddnewton	2018-08-24 20:11:29	4	2	2	True	True
33718	kddnewton	2018-08-24 20:19:36	kddnewton	2018-08-24 20:16:41	28	14	14	True	True
33718	kddnewton	2018-08-24 20:19:36	kddnewton	2018-08-27 13:30:05	81	41	40	False	True
33717	abhaynikam	2018-08-24 18:15:00	abhaynikam	2018-08-24 17:55:23	33	31	2	True	True
33697	bogdanvlviv	2018-08-22 19:41:06	bogdanvlviv	2018-08-22 18:38:45	7	5	2	True	True
33696	bogdanvlviv	2018-08-22 18:29:39	bogdanvlviv	2018-08-22 18:26:06	20	10	10	True	True
33695	peterzhu2118	2018-08-22 18:01:53	peterzhu2118	2018-08-22 15:35:55	19	11	8	True	True
33693	schneems	2018-08-22 16:18:06	schneems	2018-08-22 16:17:50	5	4	1	True	True
33691	tgxworld	2018-08-22 13:03:40	tgxworld	2018-08-22 13:00:01	79	75	4	True	True
33689	ypresto	2018-08-22 11:00:57	ypresto	2018-08-22 11:00:19	31	26	5	True	True
33684	utilum	2018-08-22 06:55:24	utilum	2018-08-22 06:53:36	4	2	2	True	True
33681	minaslater	2018-08-22 02:40:58	minaslater	2018-08-22 14:28:38	2	1	1	False	True
33681	minaslater	2018-08-22 02:40:58	minaslater	2018-08-23 02:52:17	78	41	37	False	True
33681	minaslater	2018-08-22 02:40:58	minaslater	2018-08-22 12:39:26	24	12	12	False	True
33681	minaslater	2018-08-22 02:40:58	minaslater	2018-08-22 12:51:39	21	9	12	False	True
33681	minaslater	2018-08-22 02:40:58	minaslater	2018-08-22 02:36:40	80	40	40	True	True
33678	tiegz	2018-08-22 00:30:54	tiegz	2018-08-22 00:25:38	5	5	0	True	True
33678	tiegz	2018-08-22 00:30:54	tiegz	2018-08-22 00:22:02	178	89	89	True	True
33678	tiegz	2018-08-22 00:30:54	tiegz	2018-08-22 00:49:33	4	2	2	False	True
33674	rrosenblum	2018-08-21 16:33:24	rrosenblum	2018-08-21 16:28:56	2	1	1	True	True
33673	tgxworld	2018-08-21 15:31:09	tgxworld	2018-08-21 15:23:17	37	31	6	True	True
33669	jonathan-wheeler	2018-08-20 21:58:45	jonathan-wheeler	2018-08-16 20:33:20	20	15	5	True	True
33669	jonathan-wheeler	2018-08-20 21:58:45	jonathan-wheeler	2018-08-25 11:12:23	19	8	11	False	True
33669	jonathan-wheeler	2018-08-20 21:58:45	jonathan-wheeler	2018-08-28 19:41:31	18	9	9	False	True
33669	jonathan-wheeler	2018-08-20 21:58:45	jonathan-wheeler	2018-08-28 19:51:08	3	1	2	False	True
33668	al2o3cr	2018-08-20 19:25:12	al2o3cr	2018-08-20 20:51:40	90	53	37	False	True
33668	al2o3cr	2018-08-20 19:25:12	al2o3cr	2018-08-20 19:17:21	22	19	3	True	True
33666	cbothner	2018-08-20 15:03:13	cbothner	2018-08-18 18:03:52	16	16	0	True	True
33666	cbothner	2018-08-20 15:03:13	cbothner	2018-08-18 17:31:33	120	102	18	True	True
33662	yskkin	2018-08-20 06:59:59	yskkin	2018-08-15 00:50:25	88	65	23	True	True
33661	jychen7	2018-08-20 05:23:01	jychen7	2018-08-25 11:58:48	22	22	0	False	True
33660	y-yagi	2018-08-19 23:54:41	y-yagi	2018-08-19 22:26:25	58	58	0	True	True
33654	kamipo	2018-08-19 07:01:38	kamipo	2018-08-19 05:57:05	45	41	4	True	True
33652	tgxworld	2018-08-19 02:32:59	tgxworld	2018-08-19 02:29:02	41	39	2	True	True
33652	tgxworld	2018-08-19 02:32:59	tgxworld	2018-08-19 15:09:32	30	19	11	False	True
33640	lsylvester	2018-08-17 07:08:21	Lachlan Sylvester	2018-08-29 01:36:20	88	72	16	False	True
33640	lsylvester	2018-08-17 07:08:21	Lachlan Sylvester	2018-08-23 04:51:56	102	83	19	False	True
33639	darwin67	2018-08-17 06:34:11	darwin67	2018-08-16 00:18:51	68	61	7	True	True
33638	eric-hemasystems	2018-08-16 20:55:49	eric-hemasystems	2018-08-16 20:07:15	13	13	0	True	True
33637	eileencodes	2018-08-16 20:33:59	eileencodes	2018-08-16 19:49:18	1447	1192	255	True	True
33635	bogdanvlviv	2018-08-16 20:07:11	bogdanvlviv	2018-08-16 15:14:53	180	168	12	True	True
33635	bogdanvlviv	2018-08-16 20:07:11	bogdanvlviv	2018-08-16 19:41:51	8	4	4	True	True
33635	bogdanvlviv	2018-08-16 20:07:11	bogdanvlviv	2018-08-16 16:21:12	72	70	2	True	True
33635	bogdanvlviv	2018-08-16 20:07:11	bogdanvlviv	2018-08-16 19:48:18	8	6	2	True	True
33635	bogdanvlviv	2018-08-16 20:07:11	bogdanvlviv	2018-08-16 18:54:26	313	289	24	True	True
33635	bogdanvlviv	2018-08-16 20:07:11	bogdanvlviv	2018-08-16 19:38:35	143	129	14	True	True
33635	bogdanvlviv	2018-08-16 20:07:11	bogdanvlviv	2018-08-16 15:24:43	5	4	1	True	True
33635	bogdanvlviv	2018-08-16 20:07:11	bogdanvlviv	2018-08-20 08:25:54	17	4	13	False	True
33635	bogdanvlviv	2018-08-16 20:07:11	bogdanvlviv	2018-08-16 16:49:14	67	65	2	True	True
33631	anniecodes	2018-08-16 15:04:50	anniecodes	2018-08-16 14:11:31	4	4	0	True	True
33631	anniecodes	2018-08-16 15:04:50	anniecodes	2018-08-16 14:13:58	48	48	0	True	True
33631	anniecodes	2018-08-16 15:04:50	anniecodes	2018-08-16 14:50:37	52	48	4	True	True
33626	kddnewton	2018-08-15 19:03:30	kddnewton	2018-08-15 19:00:40	53	45	8	True	True
33621	sikachu	2018-08-15 06:31:47	sikachu	2018-08-15 06:05:10	15	13	2	True	True
33615	Larochelle	2018-08-14 15:56:43	Larochelle	2018-08-16 15:07:56	4	2	2	False	True
33615	Larochelle	2018-08-14 15:56:43	Larochelle	2018-08-14 15:52:26	66	63	3	True	True
33608	yahonda	2018-08-13 23:22:05	yahonda	2018-08-13 23:07:02	14	10	4	True	True
33608	yahonda	2018-08-13 23:22:05	yahonda	2018-09-11 11:25:39	14	4	10	False	True
33608	yahonda	2018-08-13 23:22:05	yahonda	2018-08-13 10:31:21	31	19	12	True	True
33608	yahonda	2018-08-13 23:22:05	yahonda	2018-08-13 23:13:30	6	6	0	True	True
33607	davispuh	2018-08-13 19:57:02	davispuh	2018-08-13 19:53:02	3	2	1	True	True
33605	assain	2018-08-13 18:02:44	assain	2018-08-13 17:56:26	28	20	8	True	True
33604	eileencodes	2018-08-13 17:58:35	eileencodes	2018-08-13 12:56:49	24	13	11	True	True
33594	Bodacious	2018-08-12 21:45:08	Bodacious	2019-01-10 14:43:23	1	0	1	False	True
33594	Bodacious	2018-08-12 21:45:08	Bodacious	2018-08-13 20:59:03	13	11	2	False	True
33594	Bodacious	2018-08-12 21:45:08	Bodacious	2018-10-11 09:40:56	1395	1070	325	False	True
33594	Bodacious	2018-08-12 21:45:08	Bodacious	2019-01-10 14:32:26	20	8	12	False	True
33594	Bodacious	2018-08-12 21:45:08	Bodacious	2018-10-11 10:05:29	2	1	1	False	True
33594	Bodacious	2018-08-12 21:45:08	Bodacious	2019-01-10 14:56:39	1	0	1	False	True
33594	Bodacious	2018-08-12 21:45:08	Bodacious	2018-08-12 21:29:48	29	26	3	True	True
33594	Bodacious	2018-08-12 21:45:08	Bodacious	2019-01-31 11:13:29	36	31	5	False	True
33594	Bodacious	2018-08-12 21:45:08	Bodacious	2019-01-31 11:47:28	3	0	3	False	True
33590	bogdanvlviv	2018-08-12 12:23:44	bogdanvlviv	2018-08-12 12:08:07	8	4	4	True	True
33590	bogdanvlviv	2018-08-12 12:23:44	bogdanvlviv	2018-08-12 11:56:23	5	2	3	True	True
33589	iainbryson	2018-08-12 12:02:27	iainbryson	2018-08-12 12:01:29	28	25	3	True	True
33587	bogdanvlviv	2018-08-11 16:01:52	bogdanvlviv	2018-08-11 15:51:10	7	3	4	True	True
33585	yahonda	2018-08-11 14:04:05	yahonda	2018-08-06 11:38:44	27	26	1	True	True
33584	ybakos	2018-08-11 08:25:12	ybakos	2018-08-12 19:58:24	8	2	6	False	True
33584	ybakos	2018-08-11 08:25:12	ybakos	2018-08-11 16:47:45	6	3	3	False	True
33584	ybakos	2018-08-11 08:25:12	ybakos	2018-08-11 08:23:08	8	6	2	True	True
33576	aried3r	2018-08-10 12:50:04	aried3r	2018-08-16 10:31:24	14	7	7	False	True
33574	lsylvester	2018-08-10 05:14:01	Lachlan Sylvester	2018-08-10 04:28:40	18	14	4	True	True
33571	mohitnatoo	2018-08-09 19:57:58	mohitnatoo	2018-08-10 06:18:11	12	6	6	False	True
33571	mohitnatoo	2018-08-09 19:57:58	mohitnatoo	2018-08-09 19:57:02	4	2	2	True	True
33564	avit	2018-08-09 09:55:39	avit	2018-08-09 09:26:46	13	9	4	True	True
33563	lzap	2018-08-09 09:17:31	lzap	2018-08-09 09:14:56	4	4	0	True	True
33559	anniecodes	2018-08-08 19:21:03	anniecodes	2018-08-08 17:28:37	79	79	0	True	True
33559	anniecodes	2018-08-08 19:21:03	anniecodes	2018-08-08 17:21:19	4	4	0	True	True
33559	anniecodes	2018-08-08 19:21:03	anniecodes	2018-08-08 18:01:23	49	32	17	True	True
33554	64kramsystem	2018-08-08 13:23:02	64kramsystem	2018-08-08 14:06:06	2	1	1	False	True
33552	seratch	2018-08-08 12:58:47	seratch	2018-08-08 12:55:46	38	19	19	True	True
33552	seratch	2018-08-08 12:58:47	seratch	2018-08-08 13:09:04	2	1	1	False	True
33537	ZASMan	2018-08-06 15:59:33	ZASMan	2018-08-06 15:58:58	16	16	0	True	True
33536	suyesh	2018-08-06 14:05:02	suyesh	2018-08-06 14:03:39	4	2	2	True	True
33527	realglebivanov	2018-08-03 23:57:52	glebivanov	2018-08-04 08:01:01	196	44	152	False	True
33527	realglebivanov	2018-08-03 23:57:52	glebivanov	2018-08-04 12:59:06	19	8	11	False	True
33527	realglebivanov	2018-08-03 23:57:52	glebivanov	2018-08-04 00:25:02	184	104	80	False	True
33527	realglebivanov	2018-08-03 23:57:52	glebivanov	2018-08-04 00:36:27	10	6	4	False	True
33527	realglebivanov	2018-08-03 23:57:52	glebivanov	2018-08-04 12:16:41	5	4	1	False	True
33527	realglebivanov	2018-08-03 23:57:52	glebivanov	2018-08-08 20:52:38	27	17	10	False	True
33527	realglebivanov	2018-08-03 23:57:52	glebivanov	2018-08-06 17:48:53	372	195	177	False	True
33527	realglebivanov	2018-08-03 23:57:52	glebivanov	2018-08-08 20:14:29	77	48	29	False	True
33527	realglebivanov	2018-08-03 23:57:52	glebivanov	2018-08-11 17:50:38	263	149	114	False	True
33527	realglebivanov	2018-08-03 23:57:52	glebivanov	2018-08-03 23:49:59	343	293	50	True	True
33521	morgoth	2018-08-02 20:50:34	morgoth	2018-08-02 20:31:02	192	163	29	True	True
33519	n-epifanov	2018-08-02 13:16:47	n-epifanov	2018-08-02 13:13:52	4	4	0	True	True
33519	n-epifanov	2018-08-02 13:16:47	n-epifanov	2018-08-02 13:12:35	5	3	2	True	True
33511	albertoalmagro	2018-08-01 18:59:12	albertoalmagro	2018-08-01 18:46:53	13	7	6	True	True
33506	pinksynth	2018-08-01 17:21:06	pinksynth	2018-08-01 17:09:31	2	2	0	True	True
33499	lsylvester	2018-08-01 06:17:16	Lachlan Sylvester	2018-08-06 01:06:01	110	73	37	False	True
