pr_number	author_user_login	pr_created_at	commit_user_login	commit_created_at	commit_status_total	commit_status_additions	commit_status_deletions	create_before_pr	is_review_commit
37096	npras	2019-08-31 18:33:46	npras	2019-08-31 18:04:12	2	1	1	True	True
37094	p8	2019-08-31 09:48:53	p8	2019-08-31 09:46:27	5	3	2	True	True
37083	swrobel	2019-08-29 19:05:21	swrobel	2019-09-02 21:44:46	31	31	0	False	True
37067	jhawthorn	2019-08-28 18:44:56	jhawthorn	2019-08-28 18:39:04	14	9	5	True	True
37054	sinsoku	2019-08-27 12:45:00	sinsoku	2019-08-27 12:10:12	2	2	0	True	True
37040	dhh	2019-08-25 18:41:28	dhh	2019-08-25 18:39:58	83	48	35	True	True
37032	ttakuru88	2019-08-24 11:13:45	ttakuru88	2019-08-24 06:50:59	3	2	1	True	True
37029	betogrun	2019-08-23 21:19:36	betogrun	2019-08-24 00:46:36	3	2	1	False	True
37029	betogrun	2019-08-23 21:19:36	betogrun	2019-08-23 23:33:45	1	1	0	False	True
37029	betogrun	2019-08-23 21:19:36	betogrun	2019-08-23 20:47:48	3	2	1	True	True
37018	santib	2019-08-22 19:23:35	santib	2019-08-22 19:19:36	4	2	2	True	True
37016	javan	2019-08-22 18:56:47	javan	2019-08-22 18:52:24	23	20	3	True	True
37013	alexeiemam	2019-08-22 15:12:57	alexeiemam	2019-08-22 15:11:42	53	53	0	True	True
37008	tarellel	2019-08-21 20:49:29	tarellel	2019-08-21 20:24:44	2	2	0	True	True
37002	tgxworld	2019-08-21 07:48:40	tgxworld	2019-08-21 07:27:41	112	56	56	True	True
37002	tgxworld	2019-08-21 07:48:40	tgxworld	2019-08-21 07:34:47	70	54	16	True	True
36999	jhawthorn	2019-08-20 18:47:34	jhawthorn	2019-08-20 18:45:12	33	33	0	True	True
36998	jhawthorn	2019-08-20 17:41:57	jhawthorn	2019-08-20 00:49:29	8	7	1	True	True
36998	jhawthorn	2019-08-20 17:41:57	jhawthorn	2019-08-20 01:38:09	61	51	10	True	True
36996	tenderlove	2019-08-20 17:28:59	tenderlove	2019-08-20 17:26:37	25	20	5	True	True
36992	akshatkedia	2019-08-20 12:10:49	akshatkedia	2019-08-20 13:24:28	2	1	1	False	True
36992	akshatkedia	2019-08-20 12:10:49	akshatkedia	2019-08-20 12:05:26	0	0	0	True	True
36992	akshatkedia	2019-08-20 12:10:49	akshatkedia	2019-08-20 12:09:03	0	0	0	True	True
36992	akshatkedia	2019-08-20 12:10:49	akshatkedia	2019-08-20 13:23:23	2	1	1	False	True
36985	anmolarora	2019-08-19 19:13:53	anmolarora	2019-08-19 19:03:03	28	27	1	True	True
36975	sergioro9	2019-08-19 04:23:33	sergioro9	2019-08-19 04:21:14	2	1	1	True	True
36973	jonhyman	2019-08-19 03:02:38	jonhyman	2019-09-16 12:32:54	26	2	24	False	True
36973	jonhyman	2019-08-19 03:02:38	jonhyman	2019-08-19 02:59:45	56	55	1	True	True
36973	jonhyman	2019-08-19 03:02:38	jonhyman	2019-08-19 03:05:10	4	2	2	False	True
36971	kirs	2019-08-18 17:33:53	kirs	2019-08-18 14:51:23	32	32	0	True	True
36968	prathamesh-sonpatki	2019-08-18 12:40:19	prathamesh-sonpatki	2019-08-18 12:38:43	1	0	1	True	True
36949	97jaz	2019-08-16 00:51:58	97jaz	2019-08-16 00:01:11	70	61	9	True	True
36932	kirs	2019-08-14 11:00:46	kirs	2019-08-14 10:51:04	22	21	1	True	True
36927	peterzhu2118	2019-08-13 20:11:29	peterzhu2118	2019-08-15 15:50:22	43	43	0	False	True
36920	garethson	2019-08-12 19:24:10	garethson	2019-08-12 19:12:23	35	25	10	True	True
36912	gwincr11	2019-08-12 01:14:10	georgeclaghorn	2019-01-09 13:36:29	208	208	0	True	True
36912	gwincr11	2019-08-12 01:14:10	gwincr11	2019-08-12 01:05:13	798	732	66	True	True
36912	gwincr11	2019-08-12 01:14:10	rafaelfranca	2020-05-04 23:09:14	1078	526	552	False	True
36904	aminamos	2019-08-09 21:56:04	aminamos	2019-08-09 21:30:15	86	43	43	True	True
36904	aminamos	2019-08-09 21:56:04	aminamos	2019-08-09 21:37:25	6	3	3	True	True
36904	aminamos	2019-08-09 21:56:04	aminamos	2019-08-09 22:52:39	10	5	5	False	True
36893	eileencodes	2019-08-08 17:29:34	jhawthorn	2019-07-26 16:13:43	358	236	122	True	True
36884	gmcgibbon	2019-08-07 19:31:01	gmcgibbon	2019-08-06 21:10:25	22	20	2	True	True
36883	jhawthorn	2019-08-07 18:55:00	jhawthorn	2019-08-07 17:07:49	6	5	1	True	True
36880	morgoth	2019-08-07 16:36:04	morgoth	2019-08-07 16:31:33	60	47	13	True	True
36873	jhawthorn	2019-08-06 22:54:23	jhawthorn	2019-08-06 18:44:04	35	19	16	True	True
36870	jhawthorn	2019-08-06 18:26:15	jhawthorn	2019-08-06 17:31:26	38	25	13	True	True
36868	eileencodes	2019-08-06 17:07:38	eileencodes	2019-08-06 16:27:27	56	49	7	True	True
36866	peterzhu2118	2019-08-06 16:33:00	peterzhu2118	2019-08-06 16:25:39	61	34	27	True	True
36865	nickrivadeneira	2019-08-06 15:21:02	nickrivadeneira	2019-08-05 22:07:29	125	119	6	True	True
36856	michaelherold	2019-08-05 02:47:51	michaelherold	2019-08-05 02:38:29	90	87	3	True	True
36856	michaelherold	2019-08-05 02:47:51	michaelherold	2019-08-05 02:41:48	11	6	5	True	True
36856	michaelherold	2019-08-05 02:47:51	michaelherold	2019-08-07 13:21:30	73	40	33	False	True
36852	juliantrueflynn	2019-08-03 16:33:48	juliantrueflynn	2019-08-03 16:23:32	1	1	0	True	True
36848	jhawthorn	2019-08-02 23:03:55	jhawthorn	2019-08-01 19:49:32	8	7	1	True	True
36847	gmcgibbon	2019-08-02 22:19:35	gmcgibbon	2019-08-02 20:30:10	27	26	1	True	True
36846	gourshete	2019-08-02 20:05:37	gourshete	2019-08-02 19:59:35	2	1	1	True	True
36835	peterzhu2118	2019-08-01 19:42:09	peterzhu2118	2019-08-06 15:50:26	56	28	28	False	True
36835	peterzhu2118	2019-08-01 19:42:09	peterzhu2118	2019-08-01 18:32:37	20	15	5	True	True
36835	peterzhu2118	2019-08-01 19:42:09	peterzhu2118	2019-08-01 19:56:14	10	6	4	False	True
36835	peterzhu2118	2019-08-01 19:42:09	peterzhu2118	2019-08-01 21:17:09	8	5	3	False	True
36835	peterzhu2118	2019-08-01 19:42:09	peterzhu2118	2019-08-06 16:04:01	30	15	15	False	True
36835	peterzhu2118	2019-08-01 19:42:09	peterzhu2118	2019-08-02 19:02:17	14	7	7	False	True
36835	peterzhu2118	2019-08-01 19:42:09	peterzhu2118	2019-08-01 18:41:37	62	46	16	True	True
36835	peterzhu2118	2019-08-01 19:42:09	peterzhu2118	2019-08-01 19:23:03	72	72	0	True	True
36835	peterzhu2118	2019-08-01 19:42:09	peterzhu2118	2019-08-06 15:39:01	57	32	25	False	True
36835	peterzhu2118	2019-08-01 19:42:09	peterzhu2118	2019-08-02 18:38:43	9	8	1	False	True
36835	peterzhu2118	2019-08-01 19:42:09	peterzhu2118	2019-08-01 19:22:54	35	35	0	True	True
36835	peterzhu2118	2019-08-01 19:42:09	peterzhu2118	2019-08-01 19:22:38	54	30	24	True	True
