pr_number	author_user_login	pr_created_at	review_comment_user_login	review_comment_created_at	is_review_review_comment
23381	matthewd	2016-01-31 16:01:16	kaspth	2016-01-31 19:57:16	True
23381	matthewd	2016-01-31 16:01:16	rafaelfranca	2016-02-01 00:28:38	True
23381	matthewd	2016-01-31 16:01:16	rafaelfranca	2016-02-01 02:01:18	True
23381	matthewd	2016-01-31 16:01:16	kaspth	2016-01-31 20:07:48	True
23381	matthewd	2016-01-31 16:01:16	kaspth	2016-01-31 20:01:39	True
23381	matthewd	2016-01-31 16:01:16	kaspth	2016-01-31 20:05:32	True
23381	matthewd	2016-01-31 16:01:16	rafaelfranca	2016-02-01 02:23:15	True
23381	matthewd	2016-01-31 16:01:16	kaspth	2016-02-01 06:35:09	True
23381	matthewd	2016-01-31 16:01:16	kaspth	2016-01-31 20:10:29	True
23378	tordans	2016-01-31 13:12:23	matthewd	2016-09-26 13:20:41	True
23378	tordans	2016-01-31 13:12:23	matthewd	2016-09-26 12:24:29	True
23378	tordans	2016-01-31 13:12:23	matthewd	2016-09-26 13:03:43	True
23378	tordans	2016-01-31 13:12:23	matthewd	2016-09-26 12:30:24	True
23378	tordans	2016-01-31 13:12:23	matthewd	2016-09-26 12:58:26	True
23378	tordans	2016-01-31 13:12:23	matthewd	2016-09-26 12:22:37	True
23378	tordans	2016-01-31 13:12:23	matthewd	2016-09-26 12:26:36	True
23378	tordans	2016-01-31 13:12:23	senny	2016-02-01 12:35:22	True
23378	tordans	2016-01-31 13:12:23	vipulnsward	2016-02-14 19:33:58	True
23378	tordans	2016-01-31 13:12:23	senny	2016-02-08 09:08:15	True
23378	tordans	2016-01-31 13:12:23	senny	2016-02-01 12:52:27	True
23378	tordans	2016-01-31 13:12:23	matthewd	2016-09-26 13:02:11	True
23377	bogdan	2016-01-31 12:29:52	matthewd	2016-01-31 12:58:01	True
23377	bogdan	2016-01-31 12:29:52	eileencodes	2016-02-01 14:07:03	True
23377	bogdan	2016-01-31 12:29:52	matthewd	2016-02-01 15:20:14	True
23376	piotrj	2016-01-31 11:12:08	prathamesh-sonpatki	2016-01-31 11:15:34	True
23376	piotrj	2016-01-31 11:12:08	prathamesh-sonpatki	2016-01-31 11:16:11	True
23376	piotrj	2016-01-31 11:12:08	senny	2016-02-01 08:47:47	True
23376	piotrj	2016-01-31 11:12:08	prathamesh-sonpatki	2016-01-31 11:17:39	True
23376	piotrj	2016-01-31 11:12:08	prathamesh-sonpatki	2016-01-31 11:18:36	True
23376	piotrj	2016-01-31 11:12:08	fxn	2016-02-02 06:21:42	True
23376	piotrj	2016-01-31 11:12:08	prathamesh-sonpatki	2016-01-31 11:16:19	True
23376	piotrj	2016-01-31 11:12:08	prathamesh-sonpatki	2016-01-31 11:17:23	True
23376	piotrj	2016-01-31 11:12:08	rafaelfranca	2016-02-01 01:40:43	True
23376	piotrj	2016-01-31 11:12:08	prathamesh-sonpatki	2016-01-31 11:15:22	True
23375	prathamesh-sonpatki	2016-01-31 11:02:25	rafaelfranca	2016-02-01 01:36:58	True
23370	maclover7	2016-01-31 02:04:20	guilleiguaran	2016-01-31 20:40:26	True
23365	javan	2016-01-30 20:50:41	maclover7	2016-01-30 21:28:17	True
23365	javan	2016-01-30 20:50:41	maclover7	2016-01-30 21:04:56	True
23359	kamipo	2016-01-30 18:26:27	rafaelfranca	2016-02-01 03:42:31	True
23359	kamipo	2016-01-30 18:26:27	rafaelfranca	2016-02-01 03:53:46	True
23358	vipulnsward	2016-01-30 18:15:36	maclover7	2016-01-30 19:41:05	True
23358	vipulnsward	2016-01-30 18:15:36	maclover7	2016-01-30 19:39:50	True
23358	vipulnsward	2016-01-30 18:15:36	maclover7	2016-01-30 19:40:03	True
23358	vipulnsward	2016-01-30 18:15:36	maclover7	2016-01-30 19:40:21	True
23358	vipulnsward	2016-01-30 18:15:36	maclover7	2016-01-30 19:42:04	True
23358	vipulnsward	2016-01-30 18:15:36	maclover7	2016-01-30 19:41:51	True
23358	vipulnsward	2016-01-30 18:15:36	maclover7	2016-01-30 19:41:34	True
23346	kamipo	2016-01-30 08:11:55	simi	2016-01-30 13:30:07	True
23338	tawan	2016-01-29 20:23:52	maclover7	2016-01-29 21:03:16	True
23332	amatsuda	2016-01-29 10:02:56	gmcgibbon	2018-09-17 20:55:30	True
23329	prathamesh-sonpatki	2016-01-29 06:18:29	rafaelfranca	2016-01-29 06:23:04	True
23329	prathamesh-sonpatki	2016-01-29 06:18:29	rafaelfranca	2016-01-29 06:22:19	True
23324	maclover7	2016-01-29 01:01:16	rafaelfranca	2016-01-29 01:39:57	True
23324	maclover7	2016-01-29 01:01:16	matthewd	2016-01-29 11:27:50	True
23324	maclover7	2016-01-29 01:01:16	matthewd	2016-01-29 11:25:25	True
23323	maclover7	2016-01-28 22:59:55	rafaelfranca	2016-01-28 23:37:24	True
23323	maclover7	2016-01-28 22:59:55	rafaelfranca	2016-01-28 23:37:30	True
23323	maclover7	2016-01-28 22:59:55	rafaelfranca	2016-01-28 23:35:52	True
23323	maclover7	2016-01-28 22:59:55	rafaelfranca	2016-01-28 23:36:57	True
23317	rfmanuel	2016-01-28 19:05:26	rafaelfranca	2016-01-29 07:00:24	True
23317	rfmanuel	2016-01-28 19:05:26	rafaelfranca	2016-01-29 07:00:41	True
23317	rfmanuel	2016-01-28 19:05:26	rafaelfranca	2016-01-29 07:01:20	True
23309	nateless	2016-01-28 12:54:54	dhh	2016-01-28 14:13:06	True
23307	mgrachev	2016-01-28 09:32:08	eileencodes	2016-01-28 14:02:49	True
23297	sbhatore95	2016-01-28 00:10:11	bdewater	2016-07-21 07:33:03	True
23297	sbhatore95	2016-01-28 00:10:11	bdewater	2016-07-21 06:37:10	True
23284	maclover7	2016-01-27 16:33:21	eileencodes	2016-01-27 16:52:52	True
23284	maclover7	2016-01-27 16:33:21	eileencodes	2016-01-27 16:52:32	True
23284	maclover7	2016-01-27 16:33:21	eileencodes	2016-01-27 17:18:52	True
23284	maclover7	2016-01-27 16:33:21	morgoth	2016-01-27 17:12:06	True
23271	maclover7	2016-01-27 02:08:55	tenderlove	2016-01-27 02:43:24	True
23271	maclover7	2016-01-27 02:08:55	kaspth	2016-01-27 16:44:28	True
23255	pauloancheta	2016-01-26 04:51:30	rafaelfranca	2016-01-26 04:55:21	True
23242	maclover7	2016-01-25 20:22:24	prathamesh-sonpatki	2016-01-26 07:08:18	True
23239	droptheplot	2016-01-25 17:45:24	palkan	2016-01-26 15:41:38	True
23239	droptheplot	2016-01-25 17:45:24	palkan	2016-01-26 15:40:26	True
23238	southwolf	2016-01-25 17:09:31	vipulnsward	2016-01-25 18:21:33	True
23228	claudiob	2016-01-25 04:51:38	pixeltrix	2016-01-25 16:57:45	True
23228	claudiob	2016-01-25 04:51:38	matthewd	2016-01-25 07:06:50	True
23228	claudiob	2016-01-25 04:51:38	pixeltrix	2016-01-25 14:36:46	True
23226	vipulnsward	2016-01-24 20:46:50	maclover7	2016-01-25 13:25:04	True
23226	vipulnsward	2016-01-24 20:46:50	prathamesh-sonpatki	2016-01-25 01:49:03	True
23226	vipulnsward	2016-01-24 20:46:50	prathamesh-sonpatki	2016-01-25 07:37:29	True
23226	vipulnsward	2016-01-24 20:46:50	prathamesh-sonpatki	2016-01-25 01:48:30	True
23225	vipulnsward	2016-01-24 20:18:41	kaspth	2016-01-30 21:14:18	True
23225	vipulnsward	2016-01-24 20:18:41	kaspth	2016-01-25 20:50:20	True
23225	vipulnsward	2016-01-24 20:18:41	kaspth	2016-01-25 20:59:50	True
23225	vipulnsward	2016-01-24 20:18:41	kaspth	2016-01-30 20:58:51	True
23225	vipulnsward	2016-01-24 20:18:41	kaspth	2016-01-25 20:50:45	True
23225	vipulnsward	2016-01-24 20:18:41	kaspth	2016-01-25 20:51:47	True
23225	vipulnsward	2016-01-24 20:18:41	kaspth	2016-01-25 20:50:39	True
23225	vipulnsward	2016-01-24 20:18:41	kaspth	2016-01-25 20:52:38	True
23225	vipulnsward	2016-01-24 20:18:41	kaspth	2016-01-25 21:03:36	True
23225	vipulnsward	2016-01-24 20:18:41	kaspth	2016-01-25 21:10:03	True
23225	vipulnsward	2016-01-24 20:18:41	kaspth	2016-01-25 20:43:37	True
23225	vipulnsward	2016-01-24 20:18:41	kaspth	2016-01-25 20:49:45	True
23225	vipulnsward	2016-01-24 20:18:41	kaspth	2016-01-25 20:46:47	True
23225	vipulnsward	2016-01-24 20:18:41	kaspth	2016-01-25 20:47:48	True
23225	vipulnsward	2016-01-24 20:18:41	kaspth	2016-01-25 20:49:02	True
23225	vipulnsward	2016-01-24 20:18:41	kaspth	2016-01-25 20:44:47	True
23213	Ferdy89	2016-01-23 20:18:00	maclover7	2016-01-24 01:12:53	True
23213	Ferdy89	2016-01-23 20:18:00	vipulnsward	2016-01-23 20:40:23	True
23211	palkan	2016-01-23 15:02:35	dhh	2016-01-24 10:33:27	True
23211	palkan	2016-01-23 15:02:35	kaspth	2016-11-27 16:57:06	True
23211	palkan	2016-01-23 15:02:35	kaspth	2016-11-27 16:55:06	True
23211	palkan	2016-01-23 15:02:35	dhh	2016-01-24 08:27:40	True
23211	palkan	2016-01-23 15:02:35	dhh	2016-01-24 10:36:00	True
23211	palkan	2016-01-23 15:02:35	dhh	2016-01-24 10:35:25	True
23211	palkan	2016-01-23 15:02:35	dhh	2016-01-24 08:28:03	True
23211	palkan	2016-01-23 15:02:35	dhh	2016-01-24 08:27:55	True
23211	palkan	2016-01-23 15:02:35	kaspth	2016-01-25 17:54:05	True
23211	palkan	2016-01-23 15:02:35	dhh	2016-01-24 08:27:51	True
23211	palkan	2016-01-23 15:02:35	maclover7	2016-01-23 16:03:26	True
23211	palkan	2016-01-23 15:02:35	maclover7	2016-01-23 16:50:58	True
23211	palkan	2016-01-23 15:02:35	maclover7	2016-01-23 16:03:02	True
23211	palkan	2016-01-23 15:02:35	maclover7	2016-01-23 16:01:27	True
23211	palkan	2016-01-23 15:02:35	eileencodes	2016-01-23 15:58:06	True
23211	palkan	2016-01-23 15:02:35	maclover7	2016-01-23 16:04:13	True
23211	palkan	2016-01-23 15:02:35	kaspth	2016-11-27 16:59:18	True
23211	palkan	2016-01-23 15:02:35	kaspth	2016-11-27 16:58:41	True
23208	vipulnsward	2016-01-23 07:27:14	maclover7	2016-01-23 14:20:25	True
23208	vipulnsward	2016-01-23 07:27:14	maclover7	2016-01-25 13:23:26	True
23208	vipulnsward	2016-01-23 07:27:14	maclover7	2016-01-23 14:16:49	True
23208	vipulnsward	2016-01-23 07:27:14	maclover7	2016-01-23 14:21:10	True
23206	joyvuu-dave	2016-01-23 05:02:09	prathamesh-sonpatki	2016-01-23 05:06:03	True
23197	samsondav	2016-01-22 18:14:45	egilburg	2016-01-23 19:33:19	True
23197	samsondav	2016-01-22 18:14:45	egilburg	2016-01-22 19:36:54	True
23197	samsondav	2016-01-22 18:14:45	egilburg	2016-01-22 19:35:37	True
23197	samsondav	2016-01-22 18:14:45	egilburg	2016-01-22 19:32:16	True
23190	ojab	2016-01-22 16:21:19	sgrif	2016-01-23 15:35:50	True
23189	mohitnatoo	2016-01-22 16:11:06	vipulnsward	2016-01-22 16:18:22	True
23189	mohitnatoo	2016-01-22 16:11:06	prathamesh-sonpatki	2016-02-02 11:09:13	True
23189	mohitnatoo	2016-01-22 16:11:06	vipulnsward	2016-01-22 16:14:57	True
23189	mohitnatoo	2016-01-22 16:11:06	vipulnsward	2016-01-22 16:16:09	True
23189	mohitnatoo	2016-01-22 16:11:06	vipulnsward	2016-01-22 16:15:23	True
23189	mohitnatoo	2016-01-22 16:11:06	kaspth	2016-01-22 21:37:30	True
23189	mohitnatoo	2016-01-22 16:11:06	prathamesh-sonpatki	2016-02-02 11:08:19	True
23188	jcoleman	2016-01-22 16:05:28	rafaelfranca	2016-01-22 16:09:22	True
23188	jcoleman	2016-01-22 16:05:28	rafaelfranca	2016-01-22 16:16:00	True
23188	jcoleman	2016-01-22 16:05:28	arthurnn	2016-01-27 02:59:25	True
23188	jcoleman	2016-01-22 16:05:28	rafaelfranca	2016-01-22 16:23:33	True
23185	droptheplot	2016-01-22 14:00:21	kaspth	2016-01-22 22:26:22	True
23185	droptheplot	2016-01-22 14:00:21	kaspth	2016-01-22 22:22:27	True
23182	palkan	2016-01-22 08:59:16	prathamesh-sonpatki	2016-01-22 10:10:31	True
23182	palkan	2016-01-22 08:59:16	prathamesh-sonpatki	2016-01-22 10:11:28	True
23182	palkan	2016-01-22 08:59:16	prathamesh-sonpatki	2016-01-22 11:09:16	True
23176	davidkuhta	2016-01-22 02:54:22	maclover7	2016-01-22 17:51:29	True
23176	davidkuhta	2016-01-22 02:54:22	maclover7	2016-01-22 16:38:49	True
23176	davidkuhta	2016-01-22 02:54:22	maclover7	2016-01-22 16:39:45	True
23176	davidkuhta	2016-01-22 02:54:22	maclover7	2016-01-22 16:42:33	True
23176	davidkuhta	2016-01-22 02:54:22	maclover7	2016-01-22 16:43:29	True
23176	davidkuhta	2016-01-22 02:54:22	maclover7	2016-01-22 17:48:47	True
23176	davidkuhta	2016-01-22 02:54:22	maclover7	2016-01-22 17:49:45	True
23176	davidkuhta	2016-01-22 02:54:22	maclover7	2016-01-22 17:50:04	True
23176	davidkuhta	2016-01-22 02:54:22	maclover7	2016-01-22 17:50:39	True
23176	davidkuhta	2016-01-22 02:54:22	maclover7	2016-01-22 17:52:23	True
23176	davidkuhta	2016-01-22 02:54:22	maclover7	2016-01-22 17:49:34	True
23176	davidkuhta	2016-01-22 02:54:22	maclover7	2016-01-22 17:52:55	True
23176	davidkuhta	2016-01-22 02:54:22	maclover7	2016-01-22 15:48:01	True
23175	maclover7	2016-01-22 02:31:15	JuanitoFatas	2016-01-22 05:24:31	True
23175	maclover7	2016-01-22 02:31:15	JuanitoFatas	2016-01-22 02:43:02	True
23169	y-yagi	2016-01-21 23:05:27	kaspth	2016-01-30 20:37:55	True
23169	y-yagi	2016-01-21 23:05:27	kaspth	2016-01-30 20:41:16	True
23169	y-yagi	2016-01-21 23:05:27	kaspth	2016-01-30 20:39:07	True
23169	y-yagi	2016-01-21 23:05:27	kaspth	2016-01-24 14:37:43	True
23168	kamipo	2016-01-21 22:57:07	rafaelfranca	2016-01-24 18:21:49	True
23166	sblackstone	2016-01-21 21:20:35	egilburg	2016-01-22 00:41:23	True
23166	sblackstone	2016-01-21 21:20:35	eileencodes	2016-01-21 21:29:35	True
23159	shakib609	2016-01-21 15:24:29	maclover7	2016-01-21 17:38:15	True
23152	matthewd	2016-01-21 04:47:30	pixeltrix	2016-01-21 11:16:22	True
23152	matthewd	2016-01-21 04:47:30	pixeltrix	2016-01-21 11:14:35	True
23152	matthewd	2016-01-21 04:47:30	pixeltrix	2016-01-21 11:12:31	True
23152	matthewd	2016-01-21 04:47:30	pixeltrix	2016-01-21 11:13:11	True
23152	matthewd	2016-01-21 04:47:30	maclover7	2016-01-21 21:48:31	True
23152	matthewd	2016-01-21 04:47:30	egilburg	2016-01-21 19:55:07	True
23152	matthewd	2016-01-21 04:47:30	kaspth	2016-01-21 21:00:02	True
23152	matthewd	2016-01-21 04:47:30	maclover7	2016-01-21 21:48:37	True
23152	matthewd	2016-01-21 04:47:30	pixeltrix	2016-01-21 11:04:45	True
23151	maclover7	2016-01-21 01:00:29	vipulnsward	2016-01-21 09:42:47	True
23151	maclover7	2016-01-21 01:00:29	vipulnsward	2016-01-21 09:33:15	True
23151	maclover7	2016-01-21 01:00:29	rafaelfranca	2016-02-01 01:55:18	True
23151	maclover7	2016-01-21 01:00:29	vipulnsward	2016-01-30 18:27:29	True
23138	pixeltrix	2016-01-20 15:26:51	matthewd	2017-02-20 21:49:59	True
23138	pixeltrix	2016-01-20 15:26:51	matthewd	2017-02-20 21:10:06	True
23138	pixeltrix	2016-01-20 15:26:51	rafaelfranca	2016-01-20 18:56:35	True
23138	pixeltrix	2016-01-20 15:26:51	matthewd	2017-02-20 20:55:37	True
23138	pixeltrix	2016-01-20 15:26:51	matthewd	2017-02-21 00:21:04	True
23138	pixeltrix	2016-01-20 15:26:51	matthewd	2017-02-21 00:20:01	True
23138	pixeltrix	2016-01-20 15:26:51	dhh	2017-02-21 10:01:55	True
23138	pixeltrix	2016-01-20 15:26:51	matthewd	2017-02-21 00:30:40	True
23138	pixeltrix	2016-01-20 15:26:51	matthewd	2017-02-20 21:03:03	True
23138	pixeltrix	2016-01-20 15:26:51	matthewd	2017-02-21 01:13:54	True
23138	pixeltrix	2016-01-20 15:26:51	dhh	2016-01-24 22:31:25	True
23138	pixeltrix	2016-01-20 15:26:51	matthewd	2017-02-20 20:59:15	True
23138	pixeltrix	2016-01-20 15:26:51	dhh	2016-02-10 16:28:10	True
23138	pixeltrix	2016-01-20 15:26:51	matthewd	2017-02-20 21:13:43	True
23138	pixeltrix	2016-01-20 15:26:51	matthewd	2017-02-20 20:57:11	True
23138	pixeltrix	2016-01-20 15:26:51	matthewd	2017-02-20 21:04:42	True
23138	pixeltrix	2016-01-20 15:26:51	matthewd	2017-02-20 21:58:54	True
23135	maclover7	2016-01-20 13:36:08	prathamesh-sonpatki	2016-01-20 15:38:05	True
23130	vipulnsward	2016-01-20 06:56:26	rafaelfranca	2016-01-20 07:04:08	True
23126	Gaurav2728	2016-01-19 20:19:46	vipulnsward	2016-01-21 19:34:34	True
23126	Gaurav2728	2016-01-19 20:19:46	kaspth	2016-01-19 21:27:25	True
23126	Gaurav2728	2016-01-19 20:19:46	maclover7	2016-01-19 21:32:22	True
23126	Gaurav2728	2016-01-19 20:19:46	vipulnsward	2016-01-21 19:34:58	True
23126	Gaurav2728	2016-01-19 20:19:46	kaspth	2016-01-19 21:51:01	True
23126	Gaurav2728	2016-01-19 20:19:46	maclover7	2016-01-19 20:45:39	True
23126	Gaurav2728	2016-01-19 20:19:46	kaspth	2016-01-19 21:51:52	True
23126	Gaurav2728	2016-01-19 20:19:46	kaspth	2016-01-20 14:53:41	True
23126	Gaurav2728	2016-01-19 20:19:46	kaspth	2016-01-19 21:50:14	True
23126	Gaurav2728	2016-01-19 20:19:46	kaspth	2016-01-19 21:15:38	True
23126	Gaurav2728	2016-01-19 20:19:46	maclover7	2016-01-19 21:20:25	True
23123	schneems	2016-01-19 17:54:11	sikachu	2016-01-19 18:05:24	True
23123	schneems	2016-01-19 17:54:11	vipulnsward	2016-01-19 18:11:15	True
23123	schneems	2016-01-19 17:54:11	sikachu	2016-01-19 17:57:27	True
23123	schneems	2016-01-19 17:54:11	sikachu	2016-01-19 18:00:00	True
23123	schneems	2016-01-19 17:54:11	rafaelfranca	2016-01-19 18:23:58	True
23123	schneems	2016-01-19 17:54:11	nateberkopec	2016-01-19 18:02:31	True
23123	schneems	2016-01-19 17:54:11	nateberkopec	2016-01-19 18:02:36	True
23123	schneems	2016-01-19 17:54:11	sikachu	2016-01-19 18:15:10	True
23123	schneems	2016-01-19 17:54:11	vipulnsward	2016-01-19 18:10:50	True
23120	vipulnsward	2016-01-19 16:31:53	prathamesh-sonpatki	2016-01-19 16:39:14	True
23119	Gaurav2728	2016-01-19 11:48:16	maclover7	2016-01-19 12:32:43	True
23119	Gaurav2728	2016-01-19 11:48:16	maclover7	2016-01-19 14:23:36	True
23116	vipulnsward	2016-01-19 09:44:45	prathamesh-sonpatki	2016-01-19 10:22:32	True
23106	nateberkopec	2016-01-18 19:46:29	rafaelfranca	2016-01-18 20:32:36	True
23106	nateberkopec	2016-01-18 19:46:29	rafaelfranca	2016-01-18 20:32:42	True
23106	nateberkopec	2016-01-18 19:46:29	rafaelfranca	2016-01-18 20:32:50	True
23103	pixeltrix	2016-01-18 17:22:16	schneems	2016-04-22 16:59:55	True
23103	pixeltrix	2016-01-18 17:22:16	schneems	2016-04-11 15:22:58	True
23103	pixeltrix	2016-01-18 17:22:16	bquorning	2016-04-09 18:48:38	True
23103	pixeltrix	2016-01-18 17:22:16	bquorning	2016-04-22 15:42:44	True
23097	prathamesh-sonpatki	2016-01-18 06:00:24	senny	2016-01-18 08:39:23	True
23089	kaspth	2016-01-17 15:20:42	maclover7	2016-01-17 15:32:10	True
23089	kaspth	2016-01-17 15:20:42	maclover7	2016-01-17 15:34:22	True
23089	kaspth	2016-01-17 15:20:42	maclover7	2016-01-17 15:40:12	True
23085	maclover7	2016-01-16 18:21:50	kaspth	2016-01-17 14:02:56	True
23085	maclover7	2016-01-16 18:21:50	kaspth	2016-01-17 14:47:02	True
23085	maclover7	2016-01-16 18:21:50	kaspth	2016-01-17 19:28:45	True
23085	maclover7	2016-01-16 18:21:50	kaspth	2016-01-17 15:20:50	True
23085	maclover7	2016-01-16 18:21:50	kaspth	2016-01-17 14:01:12	True
23062	maclover7	2016-01-14 22:37:44	chancancode	2016-01-20 22:14:19	True
23062	maclover7	2016-01-14 22:37:44	chancancode	2016-01-20 22:17:38	True
23062	maclover7	2016-01-14 22:37:44	chancancode	2016-01-20 22:19:49	True
23062	maclover7	2016-01-14 22:37:44	chancancode	2016-01-20 22:18:40	True
23062	maclover7	2016-01-14 22:37:44	jmbejar	2016-01-21 15:50:08	True
23062	maclover7	2016-01-14 22:37:44	chancancode	2016-01-20 22:15:15	True
23062	maclover7	2016-01-14 22:37:44	chancancode	2016-01-20 22:08:42	True
23057	schneems	2016-01-14 19:06:14	dhh	2016-01-15 10:08:06	True
23057	schneems	2016-01-14 19:06:14	matthewd	2016-01-14 20:21:17	True
23057	schneems	2016-01-14 19:06:14	evanphx	2016-01-14 21:00:47	True
23057	schneems	2016-01-14 19:06:14	nateberkopec	2016-01-14 21:30:21	True
23057	schneems	2016-01-14 19:06:14	maclover7	2016-01-21 21:56:30	True
23057	schneems	2016-01-14 19:06:14	maclover7	2016-01-21 21:45:54	True
23057	schneems	2016-01-14 19:06:14	evanphx	2016-01-14 21:00:56	True
23057	schneems	2016-01-14 19:06:14	maclover7	2016-01-14 22:27:22	True
23057	schneems	2016-01-14 19:06:14	nateberkopec	2016-01-14 20:18:16	True
23057	schneems	2016-01-14 19:06:14	maclover7	2016-01-14 21:42:08	True
23057	schneems	2016-01-14 19:06:14	matthewd	2016-01-14 21:51:16	True
23057	schneems	2016-01-14 19:06:14	matthewd	2016-01-14 20:20:36	True
23057	schneems	2016-01-14 19:06:14	nateberkopec	2016-01-14 21:27:43	True
23057	schneems	2016-01-14 19:06:14	vipulnsward	2016-01-14 19:55:46	True
23057	schneems	2016-01-14 19:06:14	nateberkopec	2016-01-22 00:00:38	True
23057	schneems	2016-01-14 19:06:14	dhh	2016-01-24 10:23:22	True
23048	kamipo	2016-01-14 01:08:34	sgrif	2016-01-14 03:54:25	True
23043	sliiser	2016-01-13 09:36:33	pixeltrix	2016-01-13 22:06:46	True
23043	sliiser	2016-01-13 09:36:33	pixeltrix	2016-01-13 21:46:53	True
23043	sliiser	2016-01-13 09:36:33	pixeltrix	2016-01-13 21:46:06	True
23025	yahonda	2016-01-12 13:04:24	sgrif	2016-01-27 18:13:58	True
23014	jonatack	2016-01-11 16:09:03	thomasfedb	2016-01-13 08:50:23	True
23014	jonatack	2016-01-11 16:09:03	thomasfedb	2016-01-13 08:50:16	True
23012	nateberkopec	2016-01-11 15:35:18	vipulnsward	2016-01-11 15:52:22	True
23011	arnvald	2016-01-11 13:11:58	prathamesh-sonpatki	2016-01-21 19:18:03	True
23011	arnvald	2016-01-11 13:11:58	prathamesh-sonpatki	2016-01-21 19:17:20	True
23008	tawan	2016-01-11 11:03:20	eileencodes	2016-01-16 14:46:03	True
23006	Edouard-chin	2016-01-11 08:30:11	kaspth	2016-01-15 21:08:22	True
23006	Edouard-chin	2016-01-11 08:30:11	kaspth	2016-01-16 16:45:03	True
23006	Edouard-chin	2016-01-11 08:30:11	kaspth	2016-01-15 21:10:04	True
23006	Edouard-chin	2016-01-11 08:30:11	kaspth	2016-01-15 21:05:35	True
22983	bronson	2016-01-08 23:46:59	matthewd	2016-01-09 17:04:51	True
22967	schneems	2016-01-07 22:34:39	sgrif	2016-01-08 00:13:45	True
22967	schneems	2016-01-07 22:34:39	sgrif	2016-01-07 22:39:31	True
22967	schneems	2016-01-07 22:34:39	matthewd	2016-01-07 23:03:01	True
22967	schneems	2016-01-07 22:34:39	sgrif	2016-01-07 22:41:13	True
22967	schneems	2016-01-07 22:34:39	sgrif	2016-01-07 22:40:07	True
22967	schneems	2016-01-07 22:34:39	matthewd	2016-01-08 00:11:35	True
22967	schneems	2016-01-07 22:34:39	sgrif	2016-01-07 22:38:55	True
22967	schneems	2016-01-07 22:34:39	sgrif	2016-01-07 22:38:07	True
22967	schneems	2016-01-07 22:34:39	sgrif	2016-01-07 22:39:10	True
22967	schneems	2016-01-07 22:34:39	sgrif	2016-01-07 22:42:37	True
22950	maclover7	2016-01-06 22:25:11	kuldeepaggarwal	2016-01-07 06:50:51	True
22950	maclover7	2016-01-06 22:25:11	pixeltrix	2016-01-07 13:53:15	True
22950	maclover7	2016-01-06 22:25:11	dhh	2016-01-16 15:05:26	True
22950	maclover7	2016-01-06 22:25:11	pixeltrix	2016-01-07 14:30:08	True
22950	maclover7	2016-01-06 22:25:11	kaspth	2016-01-08 22:26:51	True
22950	maclover7	2016-01-06 22:25:11	kaspth	2016-01-08 22:29:30	True
22950	maclover7	2016-01-06 22:25:11	kaspth	2016-01-08 22:33:09	True
22950	maclover7	2016-01-06 22:25:11	dhh	2016-01-16 15:05:57	True
22950	maclover7	2016-01-06 22:25:11	dhh	2016-01-16 15:00:12	True
22950	maclover7	2016-01-06 22:25:11	dhh	2016-01-16 14:59:00	True
22950	maclover7	2016-01-06 22:25:11	dhh	2016-01-16 14:59:14	True
22950	maclover7	2016-01-06 22:25:11	dhh	2016-01-16 15:02:48	True
22950	maclover7	2016-01-06 22:25:11	dhh	2016-01-16 15:02:08	True
22950	maclover7	2016-01-06 22:25:11	dhh	2016-01-16 15:02:59	True
22949	schneems	2016-01-06 21:12:09	kaspth	2016-01-06 21:16:45	True
22949	schneems	2016-01-06 21:12:09	kaspth	2016-01-06 21:14:18	True
22945	kamipo	2016-01-06 19:45:13	rafaelfranca	2016-01-06 19:56:13	True
22945	kamipo	2016-01-06 19:45:13	rafaelfranca	2016-01-06 19:54:12	True
22945	kamipo	2016-01-06 19:45:13	rafaelfranca	2016-01-06 20:00:52	True
22945	kamipo	2016-01-06 19:45:13	rafaelfranca	2016-01-06 19:54:55	True
22945	kamipo	2016-01-06 19:45:13	rafaelfranca	2016-01-06 19:53:20	True
22942	Edouard-chin	2016-01-06 13:44:25	kaspth	2016-01-06 20:57:20	True
22942	Edouard-chin	2016-01-06 13:44:25	kaspth	2016-01-07 11:32:48	True
22942	Edouard-chin	2016-01-06 13:44:25	kaspth	2016-01-06 21:04:27	True
22942	Edouard-chin	2016-01-06 13:44:25	kaspth	2016-01-06 21:12:32	True
22942	Edouard-chin	2016-01-06 13:44:25	kaspth	2016-01-06 21:02:33	True
22935	cllns	2016-01-06 02:07:06	rafaelfranca	2016-01-12 19:52:38	True
22935	cllns	2016-01-06 02:07:06	rafaelfranca	2016-01-12 19:51:57	True
22935	cllns	2016-01-06 02:07:06	rafaelfranca	2016-01-12 19:52:33	True
22934	mperham	2016-01-05 22:32:00	rafaelfranca	2016-01-06 00:08:36	True
22934	mperham	2016-01-05 22:32:00	rafaelfranca	2016-01-06 00:05:23	True
22934	mperham	2016-01-05 22:32:00	matthewd	2016-01-05 22:41:08	True
22934	mperham	2016-01-05 22:32:00	rafaelfranca	2016-01-06 00:27:05	True
22933	schneems	2016-01-05 22:24:54	rafaelfranca	2016-01-05 23:45:11	True
22933	schneems	2016-01-05 22:24:54	rafaelfranca	2016-01-05 23:50:48	True
22933	schneems	2016-01-05 22:24:54	rafaelfranca	2016-01-05 23:48:42	True
22933	schneems	2016-01-05 22:24:54	rafaelfranca	2016-01-05 23:49:15	True
22912	prathamesh-sonpatki	2016-01-04 14:26:09	fakefarm	2016-01-05 18:42:51	True
22912	prathamesh-sonpatki	2016-01-04 14:26:09	rafaelfranca	2016-01-06 00:49:53	True
22911	Envek	2016-01-04 14:23:07	rsim	2016-01-06 11:20:51	True
22911	Envek	2016-01-04 14:23:07	rafaelfranca	2016-01-06 01:16:05	True
22911	Envek	2016-01-04 14:23:07	rafaelfranca	2016-01-06 01:16:45	True
22911	Envek	2016-01-04 14:23:07	rafaelfranca	2016-01-06 01:16:56	True
22911	Envek	2016-01-04 14:23:07	rafaelfranca	2016-01-06 01:18:38	True
22911	Envek	2016-01-04 14:23:07	matthewd	2016-01-08 14:46:48	True
22911	Envek	2016-01-04 14:23:07	rsim	2016-01-06 11:33:06	True
22911	Envek	2016-01-04 14:23:07	matthewd	2016-01-07 23:43:52	True
22894	kamipo	2016-01-02 18:49:39	matthewd	2016-01-04 23:50:17	True
22888	kum-deepak	2016-01-02 08:41:27	rafaelfranca	2016-04-05 00:33:31	True
22888	kum-deepak	2016-01-02 08:41:27	rafaelfranca	2016-04-05 00:33:00	True
22888	kum-deepak	2016-01-02 08:41:27	prathamesh-sonpatki	2016-01-02 12:28:51	True
