pr_number	author_user_login	pr_created_at	review_user_login	review_created_at	filename	create_before_pr	has_issue_comment	has_review_comment	has_commit
44300	jonathanhefner	2022-01-31 22:42:46	maximus242	2022-01-31 23:17:58	activemodel/lib/active_model/translation.rb	True	False	True	True
44300	jonathanhefner	2022-01-31 22:42:46	kamipo	2022-02-02 11:32:18	activemodel/lib/active_model/translation.rb	True	False	True	True
44299	jonathanhefner	2022-01-31 19:48:25	kamipo	2022-02-02 11:25:25	activemodel/lib/active_model/naming.rb	True	False	True	True
44299	jonathanhefner	2022-01-31 19:48:25	maximus242	2022-01-31 23:20:45	activemodel/lib/active_model/naming.rb	True	False	True	True
44299	jonathanhefner	2022-01-31 19:48:25	maximus242	2022-01-31 23:20:45	activemodel/test/cases/translation_test.rb	True	False	True	True
44299	jonathanhefner	2022-01-31 19:48:25	kamipo	2022-02-02 11:25:25	activemodel/test/cases/translation_test.rb	True	False	True	True
44299	jonathanhefner	2022-01-31 19:48:25	kamipo	2022-02-02 23:45:59	activemodel/lib/active_model/naming.rb	True	False	True	True
44299	jonathanhefner	2022-01-31 19:48:25	kamipo	2022-02-02 23:45:59	activemodel/test/cases/translation_test.rb	True	False	True	True
44296	brenogazzola	2022-01-31 14:40:27	jonathanhefner	2022-01-31 23:01:56	guides/source/upgrading_ruby_on_rails.md	False	False	True	True
44295	guillaumecabanel	2022-01-31 14:24:09	jonathanhefner	2022-05-01 15:45:47	actionpack/lib/action_dispatch/routing/redirection.rb	True	False	True	True
44294	dhh	2022-01-31 13:19:11	matthewd	2022-01-31 14:46:39	activesupport/test/test_case_test.rb	True	False	True	True
44294	dhh	2022-01-31 13:19:11	matthewd	2022-01-31 14:46:39	activesupport/lib/active_support/testing/constant_stubbing.rb	True	False	True	True
44294	dhh	2022-01-31 13:19:11	matthewd	2022-01-31 14:46:39	activesupport/lib/active_support/test_case.rb	True	False	True	True
44294	dhh	2022-01-31 13:19:11	matthewd	2022-01-31 14:46:39	activesupport/lib/active_support/testing/constant_stubbing.rb	False	False	True	True
44294	dhh	2022-01-31 13:19:11	matthewd	2022-01-31 14:46:39	actionview/test/template/tag_helper_test.rb	True	False	True	True
44294	dhh	2022-01-31 13:19:11	matthewd	2022-01-31 14:46:39	activesupport/lib/active_support/backtrace_cleaner.rb	True	False	True	True
44294	dhh	2022-01-31 13:19:11	matthewd	2022-01-31 14:46:39	activesupport/CHANGELOG.md	False	False	True	True
44290	jonathanhefner	2022-01-29 21:49:39	eugeneius	2022-05-18 21:10:34	railties/test/application/test_runner_test.rb	True	False	True	True
44290	jonathanhefner	2022-01-29 21:49:39	eugeneius	2022-05-18 21:10:34	railties/CHANGELOG.md	True	False	True	True
44290	jonathanhefner	2022-01-29 21:49:39	eugeneius	2022-05-18 21:10:34	railties/lib/rails/test_unit/runner.rb	True	False	True	True
44290	jonathanhefner	2022-01-29 21:49:39	eugeneius	2022-01-30 07:07:45	railties/test/application/test_runner_test.rb	True	False	True	True
44290	jonathanhefner	2022-01-29 21:49:39	eugeneius	2022-01-30 07:07:45	railties/CHANGELOG.md	True	False	True	True
44290	jonathanhefner	2022-01-29 21:49:39	eugeneius	2022-01-30 07:07:45	railties/lib/rails/test_unit/runner.rb	True	False	True	True
44286	rafaelfranca	2022-01-28 22:12:10	davidstosik	2022-02-01 03:37:29	activerecord/lib/active_record/schema.rb	True	False	True	True
44286	rafaelfranca	2022-01-28 22:12:10	robertomiranda	2022-01-31 10:25:13	activerecord/lib/active_record/schema.rb	True	False	True	True
44286	rafaelfranca	2022-01-28 22:12:10	robertomiranda	2022-01-31 10:25:13	activerecord/lib/active_record/schema_dumper.rb	True	False	True	True
44286	rafaelfranca	2022-01-28 22:12:10	robertomiranda	2022-01-31 10:25:13	activerecord/test/cases/schema_dumper_test.rb	True	False	True	True
44286	rafaelfranca	2022-01-28 22:12:10	robertomiranda	2022-01-31 10:25:13	guides/source/active_record_migrations.md	True	False	True	True
44286	rafaelfranca	2022-01-28 22:12:10	robertomiranda	2022-01-31 10:25:13	guides/source/active_record_postgresql.md	True	False	True	True
44286	rafaelfranca	2022-01-28 22:12:10	robertomiranda	2022-01-31 10:25:13	guides/source/upgrading_ruby_on_rails.md	True	False	True	True
44286	rafaelfranca	2022-01-28 22:12:10	robertomiranda	2022-01-31 10:25:13	activerecord/test/cases/active_record_schema_test.rb	True	False	True	True
44286	rafaelfranca	2022-01-28 22:12:10	davidstosik	2022-02-01 03:37:29	activerecord/lib/active_record/schema_dumper.rb	True	False	True	True
44286	rafaelfranca	2022-01-28 22:12:10	davidstosik	2022-02-01 03:37:29	activerecord/test/cases/schema_dumper_test.rb	True	False	True	True
44286	rafaelfranca	2022-01-28 22:12:10	davidstosik	2022-02-01 03:37:29	guides/source/active_record_migrations.md	True	False	True	True
44286	rafaelfranca	2022-01-28 22:12:10	davidstosik	2022-02-01 03:37:29	guides/source/active_record_postgresql.md	True	False	True	True
44286	rafaelfranca	2022-01-28 22:12:10	davidstosik	2022-02-01 03:37:29	guides/source/upgrading_ruby_on_rails.md	True	False	True	True
44286	rafaelfranca	2022-01-28 22:12:10	davidstosik	2022-02-01 03:37:29	activerecord/test/cases/active_record_schema_test.rb	True	False	True	True
44285	fatkodima	2022-01-28 22:05:54	eileencodes	2022-04-12 18:42:28	railties/test/application/rake/multi_dbs_test.rb	True	False	False	True
44285	fatkodima	2022-01-28 22:05:54	eileencodes	2022-04-12 18:42:28	activerecord/lib/active_record/tasks/database_tasks.rb	True	False	False	True
44283	simbasdad	2022-01-28 18:17:50	matthewd	2022-02-05 10:45:59	actionpack/lib/action_controller/metal/request_forgery_protection.rb	False	True	True	True
44283	simbasdad	2022-01-28 18:17:50	casperisfine	2022-02-07 14:52:46	actionpack/test/dispatch/request/session_test.rb	False	True	True	True
44283	simbasdad	2022-01-28 18:17:50	casperisfine	2022-02-07 14:52:46	actionpack/test/dispatch/session/abstract_secure_store_test.rb	False	True	True	True
44283	simbasdad	2022-01-28 18:17:50	casperisfine	2022-02-07 14:52:46	actionpack/test/dispatch/session/abstract_store_test.rb	False	True	True	True
44283	simbasdad	2022-01-28 18:17:50	matthewd	2022-02-05 10:45:59	actionpack/CHANGELOG.md	False	True	True	True
44283	simbasdad	2022-01-28 18:17:50	matthewd	2022-02-05 10:45:59	actionpack/lib/action_dispatch/middleware/session/abstract_store.rb	False	True	True	True
44283	simbasdad	2022-01-28 18:17:50	matthewd	2022-02-05 10:45:59	actionpack/lib/action_controller/test_case.rb	False	True	True	True
44283	simbasdad	2022-01-28 18:17:50	matthewd	2022-02-05 10:45:59	actionpack/lib/action_dispatch/http/request.rb	False	True	True	True
44283	simbasdad	2022-01-28 18:17:50	casperisfine	2022-02-07 14:52:46	actionpack/lib/action_dispatch/request/session.rb	False	True	True	True
44283	simbasdad	2022-01-28 18:17:50	matthewd	2022-02-05 10:45:59	actionpack/lib/action_dispatch/request/session.rb	False	True	True	True
44283	simbasdad	2022-01-28 18:17:50	matthewd	2022-02-05 10:45:59	actionpack/test/controller/request_forgery_protection_test.rb	False	True	True	True
44283	simbasdad	2022-01-28 18:17:50	casperisfine	2022-02-07 14:52:46	actionpack/test/controller/request_forgery_protection_test.rb	False	True	True	True
44283	simbasdad	2022-01-28 18:17:50	casperisfine	2022-02-07 14:52:46	actionpack/lib/action_controller/metal/request_forgery_protection.rb	False	True	True	True
44283	simbasdad	2022-01-28 18:17:50	casperisfine	2022-02-07 14:52:46	actionpack/lib/action_dispatch/middleware/session/abstract_store.rb	False	True	True	True
44283	simbasdad	2022-01-28 18:17:50	casperisfine	2022-02-07 14:52:46	actionpack/lib/action_dispatch/http/request.rb	False	True	True	True
44283	simbasdad	2022-01-28 18:17:50	casperisfine	2022-02-07 14:52:46	actionpack/lib/action_controller/test_case.rb	False	True	True	True
44283	simbasdad	2022-01-28 18:17:50	casperisfine	2022-02-07 14:52:46	actionpack/CHANGELOG.md	False	True	True	True
44283	simbasdad	2022-01-28 18:17:50	matthewd	2022-02-07 15:15:38	actionpack/test/dispatch/session/abstract_store_test.rb	False	True	True	True
44283	simbasdad	2022-01-28 18:17:50	matthewd	2022-02-07 15:15:38	actionpack/test/dispatch/session/abstract_secure_store_test.rb	False	True	True	True
44283	simbasdad	2022-01-28 18:17:50	matthewd	2022-02-07 15:15:38	actionpack/test/dispatch/request/session_test.rb	False	True	True	True
44283	simbasdad	2022-01-28 18:17:50	matthewd	2022-02-07 15:15:38	actionpack/test/controller/request_forgery_protection_test.rb	False	True	True	True
44283	simbasdad	2022-01-28 18:17:50	matthewd	2022-02-07 15:15:38	actionpack/lib/action_dispatch/request/session.rb	False	True	True	True
44283	simbasdad	2022-01-28 18:17:50	matthewd	2022-02-07 15:15:38	actionpack/lib/action_dispatch/middleware/session/abstract_store.rb	False	True	True	True
44283	simbasdad	2022-01-28 18:17:50	matthewd	2022-02-05 10:45:59	actionpack/test/dispatch/session/abstract_secure_store_test.rb	False	True	True	True
44283	simbasdad	2022-01-28 18:17:50	matthewd	2022-02-05 10:45:59	actionpack/test/dispatch/request/session_test.rb	False	True	True	True
44283	simbasdad	2022-01-28 18:17:50	byroot	2022-01-31 14:30:50	actionpack/lib/action_dispatch/middleware/session/abstract_store.rb	False	True	True	True
44283	simbasdad	2022-01-28 18:17:50	matthewd	2022-02-05 10:45:59	actionpack/test/dispatch/session/abstract_store_test.rb	False	True	True	True
44283	simbasdad	2022-01-28 18:17:50	casperisfine	2022-03-11 11:08:46	actionpack/CHANGELOG.md	False	True	True	True
44283	simbasdad	2022-01-28 18:17:50	byroot	2022-02-01 19:24:01	actionpack/lib/action_controller/test_case.rb	False	True	True	True
44283	simbasdad	2022-01-28 18:17:50	byroot	2022-02-01 19:24:01	actionpack/lib/action_controller/metal/request_forgery_protection.rb	False	True	True	True
44283	simbasdad	2022-01-28 18:17:50	byroot	2022-02-01 19:24:01	actionpack/CHANGELOG.md	False	True	True	True
44283	simbasdad	2022-01-28 18:17:50	casperisfine	2022-02-01 14:13:10	actionpack/test/dispatch/session/abstract_store_test.rb	False	True	True	True
44283	simbasdad	2022-01-28 18:17:50	casperisfine	2022-02-01 14:13:10	actionpack/test/dispatch/session/abstract_secure_store_test.rb	False	True	True	True
44283	simbasdad	2022-01-28 18:17:50	casperisfine	2022-02-01 14:13:10	actionpack/test/dispatch/request/session_test.rb	False	True	True	True
44283	simbasdad	2022-01-28 18:17:50	casperisfine	2022-02-01 14:13:10	actionpack/test/controller/request_forgery_protection_test.rb	False	True	True	True
44283	simbasdad	2022-01-28 18:17:50	casperisfine	2022-02-01 14:13:10	actionpack/lib/action_dispatch/request/session.rb	False	True	True	True
44283	simbasdad	2022-01-28 18:17:50	matthewd	2022-02-07 15:15:38	actionpack/lib/action_controller/test_case.rb	False	True	True	True
44283	simbasdad	2022-01-28 18:17:50	casperisfine	2022-02-01 14:13:10	actionpack/lib/action_dispatch/middleware/session/abstract_store.rb	False	True	True	True
44283	simbasdad	2022-01-28 18:17:50	casperisfine	2022-02-01 14:13:10	actionpack/lib/action_dispatch/http/request.rb	False	True	True	True
44283	simbasdad	2022-01-28 18:17:50	casperisfine	2022-02-01 14:13:10	actionpack/lib/action_controller/test_case.rb	False	True	True	True
44283	simbasdad	2022-01-28 18:17:50	casperisfine	2022-02-01 14:13:10	actionpack/lib/action_controller/metal/request_forgery_protection.rb	False	True	True	True
44283	simbasdad	2022-01-28 18:17:50	casperisfine	2022-02-01 14:13:10	actionpack/CHANGELOG.md	False	True	True	True
44283	simbasdad	2022-01-28 18:17:50	casperisfine	2022-03-11 11:08:46	actionpack/test/dispatch/session/abstract_store_test.rb	False	True	True	True
44283	simbasdad	2022-01-28 18:17:50	casperisfine	2022-03-11 11:08:46	actionpack/test/dispatch/session/abstract_secure_store_test.rb	False	True	True	True
44283	simbasdad	2022-01-28 18:17:50	casperisfine	2022-03-11 11:08:46	actionpack/test/dispatch/request/session_test.rb	False	True	True	True
44283	simbasdad	2022-01-28 18:17:50	casperisfine	2022-03-11 11:08:46	actionpack/test/controller/request_forgery_protection_test.rb	False	True	True	True
44283	simbasdad	2022-01-28 18:17:50	casperisfine	2022-03-11 11:08:46	actionpack/lib/action_dispatch/request/session.rb	False	True	True	True
44283	simbasdad	2022-01-28 18:17:50	casperisfine	2022-03-11 11:08:46	actionpack/lib/action_dispatch/middleware/session/abstract_store.rb	False	True	True	True
44283	simbasdad	2022-01-28 18:17:50	casperisfine	2022-03-11 11:08:46	actionpack/lib/action_dispatch/http/request.rb	False	True	True	True
44283	simbasdad	2022-01-28 18:17:50	casperisfine	2022-03-11 11:08:46	actionpack/lib/action_controller/test_case.rb	False	True	True	True
44283	simbasdad	2022-01-28 18:17:50	casperisfine	2022-03-11 11:08:46	actionpack/lib/action_controller/metal/request_forgery_protection.rb	False	True	True	True
44283	simbasdad	2022-01-28 18:17:50	matthewd	2022-02-07 15:15:38	actionpack/lib/action_dispatch/http/request.rb	False	True	True	True
44283	simbasdad	2022-01-28 18:17:50	matthewd	2022-03-11 12:46:58	actionpack/lib/action_dispatch/request/session.rb	False	True	True	True
44283	simbasdad	2022-01-28 18:17:50	matthewd	2022-02-07 15:15:38	actionpack/lib/action_controller/metal/request_forgery_protection.rb	False	True	True	True
44283	simbasdad	2022-01-28 18:17:50	matthewd	2022-03-11 12:49:45	actionpack/lib/action_dispatch/middleware/session/abstract_store.rb	False	True	True	True
44283	simbasdad	2022-01-28 18:17:50	matthewd	2022-03-11 12:49:45	actionpack/lib/action_controller/test_case.rb	False	True	True	True
44283	simbasdad	2022-01-28 18:17:50	matthewd	2022-03-11 12:49:45	actionpack/lib/action_controller/metal/request_forgery_protection.rb	False	True	True	True
44283	simbasdad	2022-01-28 18:17:50	matthewd	2022-03-11 12:49:45	actionpack/CHANGELOG.md	False	True	True	True
44283	simbasdad	2022-01-28 18:17:50	casperisfine	2022-03-14 08:30:38	actionpack/test/dispatch/session/abstract_store_test.rb	False	True	True	True
44283	simbasdad	2022-01-28 18:17:50	casperisfine	2022-03-14 08:30:38	actionpack/test/dispatch/session/abstract_secure_store_test.rb	False	True	True	True
44283	simbasdad	2022-01-28 18:17:50	casperisfine	2022-03-14 08:30:38	actionpack/test/dispatch/request/session_test.rb	False	True	True	True
44283	simbasdad	2022-01-28 18:17:50	casperisfine	2022-03-14 08:30:38	actionpack/test/controller/request_forgery_protection_test.rb	False	True	True	True
44283	simbasdad	2022-01-28 18:17:50	casperisfine	2022-03-14 08:30:38	actionpack/lib/action_dispatch/request/session.rb	False	True	True	True
44283	simbasdad	2022-01-28 18:17:50	casperisfine	2022-03-14 08:30:38	actionpack/lib/action_dispatch/middleware/session/abstract_store.rb	False	True	True	True
44283	simbasdad	2022-01-28 18:17:50	casperisfine	2022-03-14 08:30:38	actionpack/lib/action_dispatch/http/request.rb	False	True	True	True
44283	simbasdad	2022-01-28 18:17:50	casperisfine	2022-03-14 08:30:38	actionpack/lib/action_controller/test_case.rb	False	True	True	True
44283	simbasdad	2022-01-28 18:17:50	casperisfine	2022-03-14 08:30:38	actionpack/lib/action_controller/metal/request_forgery_protection.rb	False	True	True	True
44283	simbasdad	2022-01-28 18:17:50	casperisfine	2022-03-14 08:30:38	actionpack/CHANGELOG.md	False	True	True	True
44283	simbasdad	2022-01-28 18:17:50	rafaelfranca	2022-01-28 21:24:56	actionpack/test/dispatch/session/abstract_store_test.rb	False	True	True	True
44283	simbasdad	2022-01-28 18:17:50	rafaelfranca	2022-01-28 21:24:56	actionpack/test/dispatch/session/abstract_secure_store_test.rb	False	True	True	True
44283	simbasdad	2022-01-28 18:17:50	rafaelfranca	2022-01-28 21:24:56	actionpack/test/dispatch/request/session_test.rb	False	True	True	True
44283	simbasdad	2022-01-28 18:17:50	rafaelfranca	2022-01-28 21:24:56	actionpack/test/controller/request_forgery_protection_test.rb	False	True	True	True
44283	simbasdad	2022-01-28 18:17:50	rafaelfranca	2022-01-28 21:24:56	actionpack/lib/action_dispatch/request/session.rb	False	True	True	True
44283	simbasdad	2022-01-28 18:17:50	rafaelfranca	2022-01-28 21:24:56	actionpack/lib/action_dispatch/middleware/session/abstract_store.rb	False	True	True	True
44283	simbasdad	2022-01-28 18:17:50	rafaelfranca	2022-01-28 21:24:56	actionpack/lib/action_dispatch/http/request.rb	False	True	True	True
44283	simbasdad	2022-01-28 18:17:50	rafaelfranca	2022-01-28 21:24:56	actionpack/lib/action_controller/test_case.rb	False	True	True	True
44283	simbasdad	2022-01-28 18:17:50	rafaelfranca	2022-01-28 21:24:56	actionpack/lib/action_controller/metal/request_forgery_protection.rb	False	True	True	True
44283	simbasdad	2022-01-28 18:17:50	rafaelfranca	2022-01-28 21:24:56	actionpack/CHANGELOG.md	False	True	True	True
44283	simbasdad	2022-01-28 18:17:50	matthewd	2022-03-11 12:49:45	actionpack/lib/action_dispatch/http/request.rb	False	True	True	True
44283	simbasdad	2022-01-28 18:17:50	matthewd	2022-03-11 12:49:45	actionpack/lib/action_dispatch/request/session.rb	False	True	True	True
44283	simbasdad	2022-01-28 18:17:50	matthewd	2022-02-07 15:15:38	actionpack/CHANGELOG.md	False	True	True	True
44283	simbasdad	2022-01-28 18:17:50	matthewd	2022-03-11 12:49:45	actionpack/test/controller/request_forgery_protection_test.rb	False	True	True	True
44283	simbasdad	2022-01-28 18:17:50	casperisfine	2022-01-31 12:51:52	actionpack/test/dispatch/session/abstract_store_test.rb	False	True	True	True
44283	simbasdad	2022-01-28 18:17:50	casperisfine	2022-01-31 12:51:52	actionpack/test/dispatch/session/abstract_secure_store_test.rb	False	True	True	True
44283	simbasdad	2022-01-28 18:17:50	casperisfine	2022-01-31 12:51:52	actionpack/test/dispatch/request/session_test.rb	False	True	True	True
44283	simbasdad	2022-01-28 18:17:50	casperisfine	2022-01-31 12:51:52	actionpack/test/controller/request_forgery_protection_test.rb	False	True	True	True
44283	simbasdad	2022-01-28 18:17:50	casperisfine	2022-01-31 12:51:52	actionpack/lib/action_dispatch/request/session.rb	False	True	True	True
44283	simbasdad	2022-01-28 18:17:50	casperisfine	2022-01-31 12:51:52	actionpack/lib/action_dispatch/middleware/session/abstract_store.rb	False	True	True	True
44283	simbasdad	2022-01-28 18:17:50	casperisfine	2022-01-31 12:51:52	actionpack/lib/action_dispatch/http/request.rb	False	True	True	True
44283	simbasdad	2022-01-28 18:17:50	casperisfine	2022-01-31 12:51:52	actionpack/lib/action_controller/test_case.rb	False	True	True	True
44283	simbasdad	2022-01-28 18:17:50	casperisfine	2022-01-31 12:51:52	actionpack/lib/action_controller/metal/request_forgery_protection.rb	False	True	True	True
44283	simbasdad	2022-01-28 18:17:50	casperisfine	2022-01-31 12:51:52	actionpack/CHANGELOG.md	False	True	True	True
44283	simbasdad	2022-01-28 18:17:50	matthewd	2022-03-11 12:46:58	actionpack/test/dispatch/session/abstract_store_test.rb	False	True	True	True
44283	simbasdad	2022-01-28 18:17:50	matthewd	2022-03-11 12:46:58	actionpack/test/dispatch/session/abstract_secure_store_test.rb	False	True	True	True
44283	simbasdad	2022-01-28 18:17:50	matthewd	2022-03-11 12:46:58	actionpack/test/dispatch/request/session_test.rb	False	True	True	True
44283	simbasdad	2022-01-28 18:17:50	matthewd	2022-03-11 12:46:58	actionpack/test/controller/request_forgery_protection_test.rb	False	True	True	True
44283	simbasdad	2022-01-28 18:17:50	byroot	2022-02-01 19:24:01	actionpack/lib/action_dispatch/middleware/session/abstract_store.rb	False	True	True	True
44283	simbasdad	2022-01-28 18:17:50	matthewd	2022-03-11 12:46:58	actionpack/lib/action_dispatch/middleware/session/abstract_store.rb	False	True	True	True
44283	simbasdad	2022-01-28 18:17:50	matthewd	2022-03-11 12:46:58	actionpack/lib/action_dispatch/http/request.rb	False	True	True	True
44283	simbasdad	2022-01-28 18:17:50	matthewd	2022-03-11 12:46:58	actionpack/lib/action_controller/test_case.rb	False	True	True	True
44283	simbasdad	2022-01-28 18:17:50	matthewd	2022-03-11 12:46:58	actionpack/lib/action_controller/metal/request_forgery_protection.rb	False	True	True	True
44283	simbasdad	2022-01-28 18:17:50	matthewd	2022-03-11 12:46:58	actionpack/CHANGELOG.md	False	True	True	True
44283	simbasdad	2022-01-28 18:17:50	matthewd	2022-03-11 12:49:45	actionpack/test/dispatch/session/abstract_store_test.rb	False	True	True	True
44283	simbasdad	2022-01-28 18:17:50	matthewd	2022-03-11 12:49:45	actionpack/test/dispatch/session/abstract_secure_store_test.rb	False	True	True	True
44283	simbasdad	2022-01-28 18:17:50	matthewd	2022-03-11 12:49:45	actionpack/test/dispatch/request/session_test.rb	False	True	True	True
44283	simbasdad	2022-01-28 18:17:50	byroot	2022-02-01 19:24:01	actionpack/lib/action_dispatch/http/request.rb	False	True	True	True
44283	simbasdad	2022-01-28 18:17:50	byroot	2022-01-31 14:30:50	actionpack/test/dispatch/session/abstract_secure_store_test.rb	False	True	True	True
44283	simbasdad	2022-01-28 18:17:50	byroot	2022-02-01 19:24:01	actionpack/lib/action_dispatch/request/session.rb	False	True	True	True
44283	simbasdad	2022-01-28 18:17:50	byroot	2022-01-31 21:35:35	actionpack/test/dispatch/session/abstract_store_test.rb	False	True	True	True
44283	simbasdad	2022-01-28 18:17:50	byroot	2022-01-31 21:40:36	actionpack/lib/action_dispatch/http/request.rb	False	True	True	True
44283	simbasdad	2022-01-28 18:17:50	byroot	2022-01-31 21:40:36	actionpack/lib/action_controller/test_case.rb	False	True	True	True
44283	simbasdad	2022-01-28 18:17:50	byroot	2022-01-31 21:40:36	actionpack/lib/action_controller/metal/request_forgery_protection.rb	False	True	True	True
44283	simbasdad	2022-01-28 18:17:50	byroot	2022-01-31 21:40:36	actionpack/CHANGELOG.md	False	True	True	True
44283	simbasdad	2022-01-28 18:17:50	byroot	2022-01-31 21:38:24	actionpack/test/dispatch/session/abstract_store_test.rb	False	True	True	True
44283	simbasdad	2022-01-28 18:17:50	byroot	2022-01-31 21:38:24	actionpack/test/dispatch/session/abstract_secure_store_test.rb	False	True	True	True
44283	simbasdad	2022-01-28 18:17:50	byroot	2022-01-31 21:38:24	actionpack/test/dispatch/request/session_test.rb	False	True	True	True
44283	simbasdad	2022-01-28 18:17:50	byroot	2022-01-31 21:38:24	actionpack/test/controller/request_forgery_protection_test.rb	False	True	True	True
44283	simbasdad	2022-01-28 18:17:50	byroot	2022-01-31 21:38:24	actionpack/lib/action_dispatch/request/session.rb	False	True	True	True
44283	simbasdad	2022-01-28 18:17:50	byroot	2022-01-31 21:38:24	actionpack/lib/action_dispatch/middleware/session/abstract_store.rb	False	True	True	True
44283	simbasdad	2022-01-28 18:17:50	byroot	2022-01-31 21:38:24	actionpack/lib/action_dispatch/http/request.rb	False	True	True	True
44283	simbasdad	2022-01-28 18:17:50	byroot	2022-01-31 21:38:24	actionpack/lib/action_controller/test_case.rb	False	True	True	True
44283	simbasdad	2022-01-28 18:17:50	byroot	2022-01-31 21:38:24	actionpack/lib/action_controller/metal/request_forgery_protection.rb	False	True	True	True
44283	simbasdad	2022-01-28 18:17:50	byroot	2022-01-31 21:38:24	actionpack/CHANGELOG.md	False	True	True	True
44283	simbasdad	2022-01-28 18:17:50	byroot	2022-01-31 21:36:31	actionpack/test/dispatch/session/abstract_store_test.rb	False	True	True	True
44283	simbasdad	2022-01-28 18:17:50	byroot	2022-01-31 21:36:31	actionpack/test/dispatch/session/abstract_secure_store_test.rb	False	True	True	True
44283	simbasdad	2022-01-28 18:17:50	byroot	2022-01-31 21:36:31	actionpack/test/dispatch/request/session_test.rb	False	True	True	True
44283	simbasdad	2022-01-28 18:17:50	byroot	2022-01-31 21:36:31	actionpack/test/controller/request_forgery_protection_test.rb	False	True	True	True
44283	simbasdad	2022-01-28 18:17:50	byroot	2022-01-31 21:36:31	actionpack/lib/action_dispatch/request/session.rb	False	True	True	True
44283	simbasdad	2022-01-28 18:17:50	byroot	2022-01-31 21:36:31	actionpack/lib/action_dispatch/middleware/session/abstract_store.rb	False	True	True	True
44283	simbasdad	2022-01-28 18:17:50	byroot	2022-01-31 21:36:31	actionpack/lib/action_dispatch/http/request.rb	False	True	True	True
44283	simbasdad	2022-01-28 18:17:50	byroot	2022-01-31 21:36:31	actionpack/lib/action_controller/test_case.rb	False	True	True	True
44283	simbasdad	2022-01-28 18:17:50	byroot	2022-02-01 19:24:01	actionpack/test/controller/request_forgery_protection_test.rb	False	True	True	True
44283	simbasdad	2022-01-28 18:17:50	byroot	2022-01-31 21:40:36	actionpack/lib/action_dispatch/middleware/session/abstract_store.rb	False	True	True	True
44283	simbasdad	2022-01-28 18:17:50	byroot	2022-01-31 21:40:36	actionpack/lib/action_dispatch/request/session.rb	False	True	True	True
44283	simbasdad	2022-01-28 18:17:50	byroot	2022-01-31 21:40:36	actionpack/test/controller/request_forgery_protection_test.rb	False	True	True	True
44283	simbasdad	2022-01-28 18:17:50	casperisfine	2022-02-01 09:49:14	actionpack/test/dispatch/session/abstract_store_test.rb	False	True	True	True
44283	simbasdad	2022-01-28 18:17:50	byroot	2022-02-01 10:00:32	actionpack/test/dispatch/session/abstract_store_test.rb	False	True	True	True
44283	simbasdad	2022-01-28 18:17:50	byroot	2022-02-01 10:00:32	actionpack/test/dispatch/session/abstract_secure_store_test.rb	False	True	True	True
44283	simbasdad	2022-01-28 18:17:50	byroot	2022-02-01 10:00:32	actionpack/test/dispatch/request/session_test.rb	False	True	True	True
44283	simbasdad	2022-01-28 18:17:50	byroot	2022-02-01 10:00:32	actionpack/test/controller/request_forgery_protection_test.rb	False	True	True	True
44283	simbasdad	2022-01-28 18:17:50	byroot	2022-02-01 10:00:32	actionpack/lib/action_dispatch/request/session.rb	False	True	True	True
44283	simbasdad	2022-01-28 18:17:50	byroot	2022-02-01 10:00:32	actionpack/lib/action_dispatch/middleware/session/abstract_store.rb	False	True	True	True
44283	simbasdad	2022-01-28 18:17:50	byroot	2022-02-01 10:00:32	actionpack/lib/action_dispatch/http/request.rb	False	True	True	True
44283	simbasdad	2022-01-28 18:17:50	byroot	2022-02-01 10:00:32	actionpack/lib/action_controller/test_case.rb	False	True	True	True
44283	simbasdad	2022-01-28 18:17:50	byroot	2022-02-01 10:00:32	actionpack/lib/action_controller/metal/request_forgery_protection.rb	False	True	True	True
44283	simbasdad	2022-01-28 18:17:50	byroot	2022-02-01 10:00:32	actionpack/CHANGELOG.md	False	True	True	True
44283	simbasdad	2022-01-28 18:17:50	casperisfine	2022-02-01 09:49:14	actionpack/test/dispatch/session/abstract_secure_store_test.rb	False	True	True	True
44283	simbasdad	2022-01-28 18:17:50	byroot	2022-01-31 21:40:36	actionpack/test/dispatch/request/session_test.rb	False	True	True	True
44283	simbasdad	2022-01-28 18:17:50	casperisfine	2022-02-01 09:49:14	actionpack/test/dispatch/request/session_test.rb	False	True	True	True
44283	simbasdad	2022-01-28 18:17:50	casperisfine	2022-02-01 09:49:14	actionpack/test/controller/request_forgery_protection_test.rb	False	True	True	True
44283	simbasdad	2022-01-28 18:17:50	casperisfine	2022-02-01 09:49:14	actionpack/lib/action_dispatch/request/session.rb	False	True	True	True
44283	simbasdad	2022-01-28 18:17:50	casperisfine	2022-02-01 09:49:14	actionpack/lib/action_dispatch/middleware/session/abstract_store.rb	False	True	True	True
44283	simbasdad	2022-01-28 18:17:50	casperisfine	2022-02-01 09:49:14	actionpack/lib/action_dispatch/http/request.rb	False	True	True	True
44283	simbasdad	2022-01-28 18:17:50	casperisfine	2022-02-01 09:49:14	actionpack/lib/action_controller/test_case.rb	False	True	True	True
44283	simbasdad	2022-01-28 18:17:50	casperisfine	2022-02-01 09:49:14	actionpack/lib/action_controller/metal/request_forgery_protection.rb	False	True	True	True
44283	simbasdad	2022-01-28 18:17:50	casperisfine	2022-02-01 09:49:14	actionpack/CHANGELOG.md	False	True	True	True
44283	simbasdad	2022-01-28 18:17:50	byroot	2022-01-31 21:40:36	actionpack/test/dispatch/session/abstract_store_test.rb	False	True	True	True
44283	simbasdad	2022-01-28 18:17:50	byroot	2022-01-31 21:40:36	actionpack/test/dispatch/session/abstract_secure_store_test.rb	False	True	True	True
44283	simbasdad	2022-01-28 18:17:50	byroot	2022-01-31 21:36:31	actionpack/CHANGELOG.md	False	True	True	True
44283	simbasdad	2022-01-28 18:17:50	byroot	2022-01-31 21:36:31	actionpack/lib/action_controller/metal/request_forgery_protection.rb	False	True	True	True
44283	simbasdad	2022-01-28 18:17:50	byroot	2022-01-31 21:35:35	actionpack/test/dispatch/session/abstract_secure_store_test.rb	False	True	True	True
44283	simbasdad	2022-01-28 18:17:50	casperisfine	2022-01-31 14:48:27	actionpack/CHANGELOG.md	False	True	True	True
44283	simbasdad	2022-01-28 18:17:50	byroot	2022-01-31 21:35:35	actionpack/test/dispatch/request/session_test.rb	False	True	True	True
44283	simbasdad	2022-01-28 18:17:50	casperisfine	2022-01-31 14:48:27	actionpack/test/dispatch/session/abstract_store_test.rb	False	True	True	True
44283	simbasdad	2022-01-28 18:17:50	casperisfine	2022-01-31 14:48:27	actionpack/test/dispatch/session/abstract_secure_store_test.rb	False	True	True	True
44283	simbasdad	2022-01-28 18:17:50	casperisfine	2022-01-31 14:48:27	actionpack/test/dispatch/request/session_test.rb	False	True	True	True
44283	simbasdad	2022-01-28 18:17:50	casperisfine	2022-01-31 14:48:27	actionpack/test/controller/request_forgery_protection_test.rb	False	True	True	True
44283	simbasdad	2022-01-28 18:17:50	casperisfine	2022-01-31 14:48:27	actionpack/lib/action_dispatch/request/session.rb	False	True	True	True
44283	simbasdad	2022-01-28 18:17:50	casperisfine	2022-01-31 14:48:27	actionpack/lib/action_dispatch/middleware/session/abstract_store.rb	False	True	True	True
44283	simbasdad	2022-01-28 18:17:50	casperisfine	2022-01-31 14:48:27	actionpack/lib/action_dispatch/http/request.rb	False	True	True	True
44283	simbasdad	2022-01-28 18:17:50	casperisfine	2022-01-31 14:48:27	actionpack/lib/action_controller/test_case.rb	False	True	True	True
44283	simbasdad	2022-01-28 18:17:50	casperisfine	2022-01-31 14:48:27	actionpack/lib/action_controller/metal/request_forgery_protection.rb	False	True	True	True
44283	simbasdad	2022-01-28 18:17:50	byroot	2022-01-31 14:30:50	actionpack/test/dispatch/session/abstract_store_test.rb	False	True	True	True
44283	simbasdad	2022-01-28 18:17:50	casperisfine	2022-01-31 14:49:08	actionpack/lib/action_controller/test_case.rb	False	True	True	True
44283	simbasdad	2022-01-28 18:17:50	byroot	2022-01-31 14:30:50	actionpack/test/dispatch/request/session_test.rb	False	True	True	True
44283	simbasdad	2022-01-28 18:17:50	byroot	2022-01-31 14:30:50	actionpack/test/controller/request_forgery_protection_test.rb	False	True	True	True
44283	simbasdad	2022-01-28 18:17:50	byroot	2022-01-31 14:30:50	actionpack/lib/action_dispatch/request/session.rb	False	True	True	True
44283	simbasdad	2022-01-28 18:17:50	byroot	2022-01-31 14:30:50	actionpack/lib/action_dispatch/http/request.rb	False	True	True	True
44283	simbasdad	2022-01-28 18:17:50	byroot	2022-01-31 14:30:50	actionpack/lib/action_controller/test_case.rb	False	True	True	True
44283	simbasdad	2022-01-28 18:17:50	byroot	2022-01-31 14:30:50	actionpack/lib/action_controller/metal/request_forgery_protection.rb	False	True	True	True
44283	simbasdad	2022-01-28 18:17:50	byroot	2022-01-31 14:30:50	actionpack/CHANGELOG.md	False	True	True	True
44283	simbasdad	2022-01-28 18:17:50	byroot	2022-02-01 19:24:01	actionpack/test/dispatch/session/abstract_store_test.rb	False	True	True	True
44283	simbasdad	2022-01-28 18:17:50	byroot	2022-02-01 19:24:01	actionpack/test/dispatch/session/abstract_secure_store_test.rb	False	True	True	True
44283	simbasdad	2022-01-28 18:17:50	byroot	2022-02-01 19:24:01	actionpack/test/dispatch/request/session_test.rb	False	True	True	True
44283	simbasdad	2022-01-28 18:17:50	casperisfine	2022-01-31 14:49:08	actionpack/lib/action_controller/metal/request_forgery_protection.rb	False	True	True	True
44283	simbasdad	2022-01-28 18:17:50	casperisfine	2022-01-31 14:49:08	actionpack/CHANGELOG.md	False	True	True	True
44283	simbasdad	2022-01-28 18:17:50	casperisfine	2022-01-31 14:49:08	actionpack/lib/action_dispatch/http/request.rb	False	True	True	True
44283	simbasdad	2022-01-28 18:17:50	casperisfine	2022-02-07 15:21:06	actionpack/test/controller/request_forgery_protection_test.rb	False	True	True	True
44283	simbasdad	2022-01-28 18:17:50	byroot	2022-01-31 21:35:35	actionpack/test/controller/request_forgery_protection_test.rb	False	True	True	True
44283	simbasdad	2022-01-28 18:17:50	byroot	2022-01-31 21:35:35	actionpack/lib/action_dispatch/request/session.rb	False	True	True	True
44283	simbasdad	2022-01-28 18:17:50	byroot	2022-01-31 21:35:35	actionpack/lib/action_dispatch/middleware/session/abstract_store.rb	False	True	True	True
44283	simbasdad	2022-01-28 18:17:50	byroot	2022-01-31 21:35:35	actionpack/lib/action_dispatch/http/request.rb	False	True	True	True
44283	simbasdad	2022-01-28 18:17:50	byroot	2022-01-31 21:35:35	actionpack/lib/action_controller/test_case.rb	False	True	True	True
44283	simbasdad	2022-01-28 18:17:50	byroot	2022-01-31 21:35:35	actionpack/lib/action_controller/metal/request_forgery_protection.rb	False	True	True	True
44283	simbasdad	2022-01-28 18:17:50	byroot	2022-01-31 21:35:35	actionpack/CHANGELOG.md	False	True	True	True
44283	simbasdad	2022-01-28 18:17:50	casperisfine	2022-02-07 15:21:06	actionpack/test/dispatch/session/abstract_store_test.rb	False	True	True	True
44283	simbasdad	2022-01-28 18:17:50	casperisfine	2022-02-07 15:21:06	actionpack/test/dispatch/session/abstract_secure_store_test.rb	False	True	True	True
44283	simbasdad	2022-01-28 18:17:50	casperisfine	2022-01-31 14:49:08	actionpack/lib/action_dispatch/middleware/session/abstract_store.rb	False	True	True	True
44283	simbasdad	2022-01-28 18:17:50	casperisfine	2022-02-07 15:21:06	actionpack/test/dispatch/request/session_test.rb	False	True	True	True
44283	simbasdad	2022-01-28 18:17:50	casperisfine	2022-02-07 15:21:06	actionpack/lib/action_dispatch/request/session.rb	False	True	True	True
44283	simbasdad	2022-01-28 18:17:50	casperisfine	2022-02-07 15:21:06	actionpack/CHANGELOG.md	False	True	True	True
44283	simbasdad	2022-01-28 18:17:50	casperisfine	2022-01-31 14:49:08	actionpack/lib/action_dispatch/request/session.rb	False	True	True	True
44283	simbasdad	2022-01-28 18:17:50	casperisfine	2022-01-31 14:49:08	actionpack/test/controller/request_forgery_protection_test.rb	False	True	True	True
44283	simbasdad	2022-01-28 18:17:50	casperisfine	2022-01-31 14:49:08	actionpack/test/dispatch/session/abstract_secure_store_test.rb	False	True	True	True
44283	simbasdad	2022-01-28 18:17:50	casperisfine	2022-01-31 14:49:08	actionpack/test/dispatch/session/abstract_store_test.rb	False	True	True	True
44283	simbasdad	2022-01-28 18:17:50	casperisfine	2022-01-31 14:49:08	actionpack/test/dispatch/request/session_test.rb	False	True	True	True
44283	simbasdad	2022-01-28 18:17:50	casperisfine	2022-02-07 15:21:06	actionpack/lib/action_controller/metal/request_forgery_protection.rb	False	True	True	True
44283	simbasdad	2022-01-28 18:17:50	casperisfine	2022-02-07 15:21:06	actionpack/lib/action_controller/test_case.rb	False	True	True	True
44283	simbasdad	2022-01-28 18:17:50	casperisfine	2022-02-07 15:21:06	actionpack/lib/action_dispatch/http/request.rb	False	True	True	True
44283	simbasdad	2022-01-28 18:17:50	casperisfine	2022-02-07 15:21:06	actionpack/lib/action_dispatch/middleware/session/abstract_store.rb	False	True	True	True
44279	abhaynikam	2022-01-28 06:28:16	p8	2022-01-28 10:44:19	activestorage/CHANGELOG.md	True	False	True	True
44276	elebow	2022-01-27 20:32:24	byroot	2022-01-31 19:22:20	activerecord/lib/active_record/tasks/database_tasks.rb	True	True	True	True
44276	elebow	2022-01-27 20:32:24	byroot	2022-01-29 13:24:54	activerecord/CHANGELOG.md	True	True	True	True
44276	elebow	2022-01-27 20:32:24	byroot	2022-01-31 21:23:58	activerecord/test/cases/tasks/database_tasks_test.rb	True	True	True	True
44276	elebow	2022-01-27 20:32:24	byroot	2022-01-31 21:23:58	activerecord/lib/active_record/tasks/database_tasks.rb	True	True	True	True
44276	elebow	2022-01-27 20:32:24	byroot	2022-01-31 21:23:58	activerecord/CHANGELOG.md	True	True	True	True
44276	elebow	2022-01-27 20:32:24	byroot	2022-01-31 19:22:20	activerecord/test/cases/tasks/database_tasks_test.rb	True	True	True	True
44276	elebow	2022-01-27 20:32:24	byroot	2022-01-29 13:24:54	activerecord/lib/active_record/tasks/database_tasks.rb	True	True	True	True
44276	elebow	2022-01-27 20:32:24	byroot	2022-01-31 19:22:20	activerecord/lib/active_record/migration.rb	True	True	True	True
44276	elebow	2022-01-27 20:32:24	byroot	2022-01-31 19:22:20	activerecord/CHANGELOG.md	True	True	True	True
44276	elebow	2022-01-27 20:32:24	byroot	2022-01-31 21:25:02	activerecord/test/cases/tasks/database_tasks_test.rb	True	True	True	True
44276	elebow	2022-01-27 20:32:24	byroot	2022-01-31 21:25:02	activerecord/lib/active_record/tasks/database_tasks.rb	True	True	True	True
44276	elebow	2022-01-27 20:32:24	byroot	2022-01-31 21:25:02	activerecord/lib/active_record/migration.rb	True	True	True	True
44276	elebow	2022-01-27 20:32:24	byroot	2022-01-31 21:25:02	activerecord/CHANGELOG.md	True	True	True	True
44276	elebow	2022-01-27 20:32:24	byroot	2022-01-29 13:24:54	activerecord/lib/active_record/migration.rb	True	True	True	True
44276	elebow	2022-01-27 20:32:24	byroot	2022-01-31 21:23:58	activerecord/lib/active_record/migration.rb	True	True	True	True
44276	elebow	2022-01-27 20:32:24	byroot	2022-01-29 13:24:54	activerecord/test/cases/tasks/database_tasks_test.rb	True	True	True	True
44276	elebow	2022-01-27 20:32:24	matthewd	2022-01-31 18:46:19	activerecord/lib/active_record/migration.rb	True	True	True	True
44276	elebow	2022-01-27 20:32:24	byroot	2022-01-31 18:43:39	activerecord/test/cases/tasks/database_tasks_test.rb	True	True	True	True
44276	elebow	2022-01-27 20:32:24	byroot	2022-01-31 18:43:39	activerecord/lib/active_record/tasks/database_tasks.rb	True	True	True	True
44276	elebow	2022-01-27 20:32:24	byroot	2022-01-31 18:43:39	activerecord/lib/active_record/migration.rb	True	True	True	True
44276	elebow	2022-01-27 20:32:24	byroot	2022-01-31 18:43:39	activerecord/CHANGELOG.md	True	True	True	True
44276	elebow	2022-01-27 20:32:24	matthewd	2022-01-31 18:46:19	activerecord/lib/active_record/tasks/database_tasks.rb	True	True	True	True
44276	elebow	2022-01-27 20:32:24	matthewd	2022-01-31 18:46:19	activerecord/test/cases/tasks/database_tasks_test.rb	True	True	True	True
44276	elebow	2022-01-27 20:32:24	matthewd	2022-01-31 18:46:19	activerecord/CHANGELOG.md	True	True	True	True
44276	elebow	2022-01-27 20:32:24	jonathanhefner	2022-01-31 19:26:16	activerecord/test/cases/tasks/database_tasks_test.rb	True	True	True	True
44276	elebow	2022-01-27 20:32:24	jonathanhefner	2022-01-31 19:26:16	activerecord/CHANGELOG.md	True	True	True	True
44276	elebow	2022-01-27 20:32:24	jonathanhefner	2022-01-31 19:26:16	activerecord/lib/active_record/tasks/database_tasks.rb	True	True	True	True
44276	elebow	2022-01-27 20:32:24	jonathanhefner	2022-01-31 19:26:16	activerecord/lib/active_record/migration.rb	True	True	True	True
44271	sedubois	2022-01-27 13:41:42	vipulnsward	2022-04-05 19:48:00	guides/source/i18n.md	True	False	True	True
44271	sedubois	2022-01-27 13:41:42	vipulnsward	2022-04-05 19:48:00	guides/source/action_text_overview.md	True	False	True	True
44266	paarthmadan	2022-01-26 18:18:37	rafaelfranca	2022-01-26 21:35:09	guides/source/i18n.md	False	False	True	True
44266	paarthmadan	2022-01-26 18:18:37	rafaelfranca	2022-01-26 21:36:58	guides/source/i18n.md	False	False	True	True
44261	DRBragg	2022-01-26 14:58:25	byroot	2022-02-01 18:58:09	actionpack/test/dispatch/session/abstract_store_test.rb	True	True	True	True
44261	DRBragg	2022-01-26 14:58:25	byroot	2022-02-01 18:58:09	actionpack/lib/action_dispatch/request/session.rb	True	True	True	True
44261	DRBragg	2022-01-26 14:58:25	byroot	2022-02-01 18:58:09	actionpack/test/dispatch/session/test_session_test.rb	True	True	True	True
44255	justin808	2022-01-26 00:22:47	rafaelfranca	2022-01-26 00:24:54	activerecord/lib/active_record/core.rb	True	False	True	True
44255	justin808	2022-01-26 00:22:47	rafaelfranca	2022-01-26 00:24:54	activerecord/lib/active_record/core.rb	False	False	True	True
44253	skipkayhil	2022-01-25 21:17:41	rafaelfranca	2022-01-26 23:58:13	activejob/test/integration/queuing_test.rb	True	False	True	True
44253	skipkayhil	2022-01-25 21:17:41	rafaelfranca	2022-01-26 22:58:00	activejob/test/integration/queuing_test.rb	True	False	True	True
44249	julianrubisch	2022-01-25 08:00:00	DmitryTsepelev	2022-01-26 12:39:51	activestorage/app/javascript/activestorage/direct_upload.js	True	True	False	True
44249	julianrubisch	2022-01-25 08:00:00	DmitryTsepelev	2022-01-26 12:39:51	activestorage/app/assets/javascripts/activestorage.js	False	True	False	True
44249	julianrubisch	2022-01-25 08:00:00	DmitryTsepelev	2022-01-26 12:39:51	activestorage/app/assets/javascripts/activestorage.esm.js	False	True	False	True
44244	bubba	2022-01-24 17:59:13	byroot	2022-01-26 11:04:06	activestorage/app/controllers/active_storage/representations/proxy_controller.rb	True	False	False	True
44244	bubba	2022-01-24 17:59:13	byroot	2022-01-26 11:04:06	activestorage/app/controllers/active_storage/blobs/proxy_controller.rb	True	False	False	True
44244	bubba	2022-01-24 17:59:13	byroot	2022-01-26 11:04:06	activestorage/app/controllers/active_storage/base_controller.rb	True	False	False	True
44244	bubba	2022-01-24 17:59:13	byroot	2022-01-26 11:04:06	activestorage/CHANGELOG.md	True	False	False	True
44243	chrisnatali	2022-01-24 17:06:06	hernanat	2022-01-27 17:17:55	activesupport/lib/active_support/core_ext/range/intersection.rb	True	True	True	True
44243	chrisnatali	2022-01-24 17:06:06	hernanat	2022-01-27 17:17:55	activesupport/lib/active_support/core_ext/range.rb	True	True	True	True
44243	chrisnatali	2022-01-24 17:06:06	hernanat	2022-01-27 17:17:55	activesupport/CHANGELOG.md	True	True	True	True
44243	chrisnatali	2022-01-24 17:06:06	hernanat	2022-01-27 17:17:55	activesupport/lib/active_support/core_ext/range/inverted.rb	True	True	True	True
44243	chrisnatali	2022-01-24 17:06:06	hernanat	2022-01-27 17:17:55	activesupport/test/core_ext/range_ext_test.rb	True	True	True	True
44232	khasinski	2022-01-21 21:27:53	jonathanhefner	2022-01-22 17:29:50	guides/source/association_basics.md	True	False	True	True
44232	khasinski	2022-01-21 21:27:53	jonathanhefner	2022-01-22 18:40:45	guides/source/association_basics.md	True	False	True	True
44232	khasinski	2022-01-21 21:27:53	maximus242	2022-01-21 21:47:06	guides/source/association_basics.md	True	False	True	True
44231	nikolai-b	2022-01-21 21:15:25	maximus242	2022-01-21 21:51:30	activerecord/test/cases/relation/where_chain_test.rb	True	False	True	True
44231	nikolai-b	2022-01-21 21:15:25	maximus242	2022-01-21 21:51:30	activerecord/lib/active_record/relation/query_methods.rb	True	False	True	True
44231	nikolai-b	2022-01-21 21:15:25	maximus242	2022-01-31 23:28:29	activerecord/test/cases/relation/where_chain_test.rb	True	False	True	True
44231	nikolai-b	2022-01-21 21:15:25	maximus242	2022-01-31 23:28:29	activerecord/lib/active_record/relation/query_methods.rb	True	False	True	True
44222	composerinteralia	2022-01-21 03:21:20	jonathanhefner	2022-01-21 17:41:14	guides/source/association_basics.md	False	False	True	True
44222	composerinteralia	2022-01-21 03:21:20	jonathanhefner	2022-01-21 21:05:53	guides/source/association_basics.md	False	False	True	True
44222	composerinteralia	2022-01-21 03:21:20	kamipo	2022-01-21 10:45:58	guides/source/association_basics.md	False	False	True	True
44219	machty	2022-01-20 20:09:03	byroot	2022-01-30 22:37:18	activerecord/test/cases/connection_pool_test.rb	True	True	True	True
44219	machty	2022-01-20 20:09:03	matthewd	2022-01-31 18:42:08	activerecord/lib/active_record/connection_adapters/abstract_adapter.rb	True	True	True	True
44219	machty	2022-01-20 20:09:03	matthewd	2022-01-31 18:42:08	activerecord/test/cases/connection_pool_test.rb	True	True	True	True
44219	machty	2022-01-20 20:09:03	matthewd	2022-01-31 18:42:08	activesupport/lib/active_support/isolated_execution_state.rb	True	True	True	True
44219	machty	2022-01-20 20:09:03	byroot	2022-01-30 22:37:18	activerecord/CHANGELOG.md	True	True	True	True
44219	machty	2022-01-20 20:09:03	byroot	2022-01-30 22:37:18	activerecord/lib/active_record/connection_adapters/abstract/connection_pool.rb	True	True	True	True
44219	machty	2022-01-20 20:09:03	byroot	2022-01-30 22:37:18	activerecord/lib/active_record/connection_adapters/abstract_adapter.rb	True	True	True	True
44219	machty	2022-01-20 20:09:03	byroot	2022-01-31 14:43:41	activerecord/lib/active_record/connection_adapters/abstract_adapter.rb	True	True	True	True
44219	machty	2022-01-20 20:09:03	byroot	2022-01-30 22:37:18	activesupport/lib/active_support/isolated_execution_state.rb	True	True	True	True
44219	machty	2022-01-20 20:09:03	byroot	2022-01-31 14:43:41	activerecord/CHANGELOG.md	True	True	True	True
44219	machty	2022-01-20 20:09:03	byroot	2022-01-31 14:43:41	activerecord/lib/active_record/connection_adapters/abstract/connection_pool.rb	True	True	True	True
44219	machty	2022-01-20 20:09:03	matthewd	2022-01-31 18:42:08	activerecord/CHANGELOG.md	True	True	True	True
44219	machty	2022-01-20 20:09:03	byroot	2022-01-31 14:43:41	activerecord/test/cases/connection_pool_test.rb	True	True	True	True
44219	machty	2022-01-20 20:09:03	byroot	2022-01-31 14:43:41	activesupport/lib/active_support/isolated_execution_state.rb	True	True	True	True
44219	machty	2022-01-20 20:09:03	matthewd	2022-01-31 18:42:08	activerecord/lib/active_record/connection_adapters/abstract/connection_pool.rb	True	True	True	True
44219	machty	2022-01-20 20:09:03	matthewd	2022-01-31 18:44:12	activerecord/lib/active_record/connection_adapters/abstract/connection_pool.rb	True	True	True	True
44219	machty	2022-01-20 20:09:03	matthewd	2022-01-31 18:44:12	activesupport/lib/active_support/isolated_execution_state.rb	True	True	True	True
44219	machty	2022-01-20 20:09:03	matthewd	2022-01-31 18:44:12	activerecord/test/cases/connection_pool_test.rb	True	True	True	True
44219	machty	2022-01-20 20:09:03	matthewd	2022-01-31 18:44:12	activerecord/lib/active_record/connection_adapters/abstract_adapter.rb	True	True	True	True
44219	machty	2022-01-20 20:09:03	matthewd	2022-01-31 18:42:59	activerecord/lib/active_record/connection_adapters/abstract_adapter.rb	True	True	True	True
44219	machty	2022-01-20 20:09:03	matthewd	2022-01-31 18:44:12	activerecord/CHANGELOG.md	True	True	True	True
44219	machty	2022-01-20 20:09:03	matthewd	2022-01-31 19:02:46	activesupport/lib/active_support/isolated_execution_state.rb	True	True	True	True
44219	machty	2022-01-20 20:09:03	matthewd	2022-01-31 19:02:46	activerecord/test/cases/connection_pool_test.rb	True	True	True	True
44219	machty	2022-01-20 20:09:03	matthewd	2022-01-31 19:02:46	activerecord/lib/active_record/connection_adapters/abstract_adapter.rb	True	True	True	True
44219	machty	2022-01-20 20:09:03	matthewd	2022-01-31 19:02:46	activerecord/lib/active_record/connection_adapters/abstract/connection_pool.rb	True	True	True	True
44219	machty	2022-01-20 20:09:03	matthewd	2022-01-31 19:02:46	activerecord/CHANGELOG.md	True	True	True	True
44219	machty	2022-01-20 20:09:03	matthewd	2022-01-31 14:40:53	activesupport/lib/active_support/isolated_execution_state.rb	True	True	True	True
44219	machty	2022-01-20 20:09:03	matthewd	2022-01-31 14:40:53	activerecord/test/cases/connection_pool_test.rb	True	True	True	True
44219	machty	2022-01-20 20:09:03	matthewd	2022-01-31 14:40:53	activerecord/lib/active_record/connection_adapters/abstract_adapter.rb	True	True	True	True
44219	machty	2022-01-20 20:09:03	matthewd	2022-01-31 14:40:53	activerecord/lib/active_record/connection_adapters/abstract/connection_pool.rb	True	True	True	True
44219	machty	2022-01-20 20:09:03	matthewd	2022-01-31 14:40:53	activerecord/CHANGELOG.md	True	True	True	True
44219	machty	2022-01-20 20:09:03	matthewd	2022-01-31 18:42:59	activerecord/CHANGELOG.md	True	True	True	True
44219	machty	2022-01-20 20:09:03	matthewd	2022-01-31 18:42:59	activerecord/lib/active_record/connection_adapters/abstract/connection_pool.rb	True	True	True	True
44219	machty	2022-01-20 20:09:03	matthewd	2022-01-31 18:42:59	activerecord/test/cases/connection_pool_test.rb	True	True	True	True
44219	machty	2022-01-20 20:09:03	byroot	2022-01-31 12:31:30	activesupport/lib/active_support/isolated_execution_state.rb	True	True	True	True
44219	machty	2022-01-20 20:09:03	byroot	2022-01-20 21:40:53	activesupport/lib/active_support/isolated_execution_state.rb	True	True	True	True
44219	machty	2022-01-20 20:09:03	byroot	2022-01-20 21:40:53	activerecord/test/cases/connection_pool_test.rb	True	True	True	True
44219	machty	2022-01-20 20:09:03	byroot	2022-01-20 21:40:53	activerecord/lib/active_record/connection_adapters/abstract_adapter.rb	True	True	True	True
44219	machty	2022-01-20 20:09:03	byroot	2022-01-20 21:40:53	activerecord/lib/active_record/connection_adapters/abstract/connection_pool.rb	True	True	True	True
44219	machty	2022-01-20 20:09:03	byroot	2022-01-20 21:40:53	activerecord/CHANGELOG.md	True	True	True	True
44219	machty	2022-01-20 20:09:03	byroot	2022-01-24 21:36:05	activesupport/lib/active_support/isolated_execution_state.rb	True	True	True	True
44219	machty	2022-01-20 20:09:03	byroot	2022-01-24 21:36:05	activerecord/test/cases/connection_pool_test.rb	True	True	True	True
44219	machty	2022-01-20 20:09:03	byroot	2022-01-24 21:36:05	activerecord/lib/active_record/connection_adapters/abstract_adapter.rb	True	True	True	True
44219	machty	2022-01-20 20:09:03	byroot	2022-01-24 21:36:05	activerecord/lib/active_record/connection_adapters/abstract/connection_pool.rb	True	True	True	True
44219	machty	2022-01-20 20:09:03	byroot	2022-01-24 21:36:05	activerecord/CHANGELOG.md	True	True	True	True
44219	machty	2022-01-20 20:09:03	byroot	2022-01-20 22:14:11	activesupport/lib/active_support/isolated_execution_state.rb	True	True	True	True
44219	machty	2022-01-20 20:09:03	byroot	2022-01-20 22:14:11	activerecord/test/cases/connection_pool_test.rb	True	True	True	True
44219	machty	2022-01-20 20:09:03	byroot	2022-01-20 22:14:11	activerecord/lib/active_record/connection_adapters/abstract_adapter.rb	True	True	True	True
44219	machty	2022-01-20 20:09:03	byroot	2022-01-20 22:14:11	activerecord/CHANGELOG.md	True	True	True	True
44219	machty	2022-01-20 20:09:03	byroot	2022-01-20 22:14:11	activerecord/lib/active_record/connection_adapters/abstract/connection_pool.rb	True	True	True	True
44219	machty	2022-01-20 20:09:03	byroot	2022-01-31 12:31:30	activerecord/test/cases/connection_pool_test.rb	True	True	True	True
44219	machty	2022-01-20 20:09:03	byroot	2022-01-20 21:39:53	activerecord/CHANGELOG.md	True	True	True	True
44219	machty	2022-01-20 20:09:03	matthewd	2022-01-31 18:42:59	activesupport/lib/active_support/isolated_execution_state.rb	True	True	True	True
44219	machty	2022-01-20 20:09:03	byroot	2022-01-20 21:20:05	activerecord/CHANGELOG.md	True	True	True	True
44219	machty	2022-01-20 20:09:03	byroot	2022-01-20 21:20:05	activerecord/lib/active_record/connection_adapters/abstract/connection_pool.rb	True	True	True	True
44219	machty	2022-01-20 20:09:03	byroot	2022-01-20 21:20:05	activerecord/lib/active_record/connection_adapters/abstract_adapter.rb	True	True	True	True
44219	machty	2022-01-20 20:09:03	byroot	2022-01-31 12:31:30	activerecord/lib/active_record/connection_adapters/abstract_adapter.rb	True	True	True	True
44219	machty	2022-01-20 20:09:03	byroot	2022-01-20 21:20:05	activesupport/lib/active_support/isolated_execution_state.rb	True	True	True	True
44219	machty	2022-01-20 20:09:03	byroot	2022-01-20 21:20:05	activerecord/test/cases/connection_pool_test.rb	True	True	True	True
44219	machty	2022-01-20 20:09:03	byroot	2022-01-20 21:39:53	activerecord/lib/active_record/connection_adapters/abstract/connection_pool.rb	True	True	True	True
44219	machty	2022-01-20 20:09:03	byroot	2022-01-20 21:39:53	activerecord/lib/active_record/connection_adapters/abstract_adapter.rb	True	True	True	True
44219	machty	2022-01-20 20:09:03	byroot	2022-01-20 21:39:53	activerecord/test/cases/connection_pool_test.rb	True	True	True	True
44219	machty	2022-01-20 20:09:03	byroot	2022-01-20 21:39:53	activesupport/lib/active_support/isolated_execution_state.rb	True	True	True	True
44219	machty	2022-01-20 20:09:03	byroot	2022-01-31 12:31:30	activerecord/CHANGELOG.md	True	True	True	True
44219	machty	2022-01-20 20:09:03	byroot	2022-01-31 12:31:30	activerecord/lib/active_record/connection_adapters/abstract/connection_pool.rb	True	True	True	True
44215	skipkayhil	2022-01-20 17:50:31	jonathanhefner	2022-01-21 18:26:44	guides/source/active_storage_overview.md	True	False	True	True
44215	skipkayhil	2022-01-20 17:50:31	marcelolx	2022-01-21 17:06:18	guides/source/active_storage_overview.md	True	False	True	True
44213	notEthan	2022-01-20 15:20:21	casperisfine	2022-01-20 16:48:11	activesupport/lib/active_support/core_ext/object/json.rb	False	True	True	True
44213	notEthan	2022-01-20 15:20:21	casperisfine	2022-01-20 16:48:11	activesupport/test/json/encoding_test_cases.rb	True	True	True	True
44213	notEthan	2022-01-20 15:20:21	casperisfine	2022-01-20 16:48:11	activesupport/lib/active_support/core_ext/object/json.rb	True	True	True	True
44203	Matteo85	2022-01-19 02:14:08	rafaelfranca	2022-01-20 01:57:34	guides/source/0-0-0-0-0_getting_started.md	True	False	True	True
44195	mihaic195	2022-01-18 16:01:42	uxxman	2022-01-19 10:05:05	actionpack/lib/action_controller/metal/etag_with_flash.rb	False	False	True	True
44195	mihaic195	2022-01-18 16:01:42	uxxman	2022-01-19 06:57:16	actionpack/lib/action_controller/metal/etag_with_flash.rb	False	False	True	True
44188	jkulton	2022-01-17 17:13:18	jonathanhefner	2022-01-17 19:15:15	guides/source/active_record_querying.md	True	True	True	True
44186	mihaic195	2022-01-17 15:12:30	jonathanhefner	2022-01-18 16:26:53	guides/source/rails_on_rack.md	False	False	True	True
44186	mihaic195	2022-01-17 15:12:30	jonathanhefner	2022-01-18 16:26:53	guides/source/api_app.md	False	False	True	True
44186	mihaic195	2022-01-17 15:12:30	jonathanhefner	2022-01-17 21:15:29	guides/source/rails_on_rack.md	False	False	True	True
44186	mihaic195	2022-01-17 15:12:30	jonathanhefner	2022-01-17 21:15:29	guides/source/api_app.md	False	False	True	True
44179	jonathanhefner	2022-01-15 20:27:09	lewispb	2022-02-04 21:35:42	railties/test/application/configuration_test.rb	True	True	True	True
44179	jonathanhefner	2022-01-15 20:27:09	lewispb	2022-02-04 21:35:42	activesupport/lib/active_support.rb	True	True	True	True
44179	jonathanhefner	2022-01-15 20:27:09	rafaelfranca	2022-09-19 21:18:21	activesupport/test/message_encryptors_test.rb	True	True	True	True
44179	jonathanhefner	2022-01-15 20:27:09	rafaelfranca	2022-09-19 21:18:21	activesupport/test/message_verifiers_test.rb	True	True	True	True
44179	jonathanhefner	2022-01-15 20:27:09	rafaelfranca	2022-09-19 21:18:21	activesupport/test/rotation_coordinator_tests.rb	True	True	True	True
44179	jonathanhefner	2022-01-15 20:27:09	rafaelfranca	2022-09-19 21:18:21	railties/lib/rails/application.rb	True	True	True	True
44179	jonathanhefner	2022-01-15 20:27:09	rafaelfranca	2022-09-19 21:18:21	railties/test/application/configuration_test.rb	True	True	True	True
44179	jonathanhefner	2022-01-15 20:27:09	lewispb	2022-02-04 21:35:42	activesupport/CHANGELOG.md	True	True	True	True
44179	jonathanhefner	2022-01-15 20:27:09	lewispb	2022-02-04 21:35:42	activesupport/lib/active_support/messages/rotation_coordinator.rb	True	True	True	True
44179	jonathanhefner	2022-01-15 20:27:09	lewispb	2022-02-04 21:35:42	activesupport/lib/active_support/message_encryptors.rb	True	True	True	True
44179	jonathanhefner	2022-01-15 20:27:09	lewispb	2022-02-04 21:35:42	activesupport/lib/active_support/message_verifiers.rb	True	True	True	True
44179	jonathanhefner	2022-01-15 20:27:09	rafaelfranca	2022-09-19 21:18:21	activesupport/lib/active_support/messages/rotator.rb	True	True	True	True
44179	jonathanhefner	2022-01-15 20:27:09	lewispb	2022-02-04 21:35:42	activesupport/lib/active_support/messages/rotator.rb	True	True	True	True
44179	jonathanhefner	2022-01-15 20:27:09	lewispb	2022-02-04 21:35:42	activesupport/lib/active_support/secure_compare_rotator.rb	True	True	True	True
44179	jonathanhefner	2022-01-15 20:27:09	lewispb	2022-02-04 21:35:42	activesupport/test/message_encryptors_test.rb	True	True	True	True
44179	jonathanhefner	2022-01-15 20:27:09	lewispb	2022-02-04 21:35:42	activesupport/test/message_verifiers_test.rb	True	True	True	True
44179	jonathanhefner	2022-01-15 20:27:09	lewispb	2022-02-04 21:35:42	activesupport/test/rotation_coordinator_tests.rb	True	True	True	True
44179	jonathanhefner	2022-01-15 20:27:09	rafaelfranca	2022-09-19 21:18:21	activesupport/lib/active_support/secure_compare_rotator.rb	True	True	True	True
44179	jonathanhefner	2022-01-15 20:27:09	rafaelfranca	2022-09-19 21:18:21	activesupport/lib/active_support/message_encryptors.rb	True	True	True	True
44179	jonathanhefner	2022-01-15 20:27:09	rafaelfranca	2022-09-19 21:18:21	activesupport/lib/active_support/messages/rotation_coordinator.rb	True	True	True	True
44179	jonathanhefner	2022-01-15 20:27:09	rafaelfranca	2022-09-19 21:20:43	activesupport/lib/active_support/secure_compare_rotator.rb	True	True	True	True
44179	jonathanhefner	2022-01-15 20:27:09	rafaelfranca	2022-09-19 21:20:43	activesupport/CHANGELOG.md	True	True	True	True
44179	jonathanhefner	2022-01-15 20:27:09	rafaelfranca	2022-09-19 21:20:43	activesupport/lib/active_support.rb	True	True	True	True
44179	jonathanhefner	2022-01-15 20:27:09	rafaelfranca	2022-09-19 21:20:43	activesupport/lib/active_support/message_encryptors.rb	True	True	True	True
44179	jonathanhefner	2022-01-15 20:27:09	rafaelfranca	2022-09-19 21:20:43	activesupport/lib/active_support/message_verifiers.rb	True	True	True	True
44179	jonathanhefner	2022-01-15 20:27:09	rafaelfranca	2022-09-19 21:20:43	activesupport/lib/active_support/messages/rotation_coordinator.rb	True	True	True	True
44179	jonathanhefner	2022-01-15 20:27:09	rafaelfranca	2022-09-19 21:20:43	activesupport/lib/active_support/messages/rotator.rb	True	True	True	True
44179	jonathanhefner	2022-01-15 20:27:09	rafaelfranca	2022-09-19 21:20:43	activesupport/test/message_encryptors_test.rb	True	True	True	True
44179	jonathanhefner	2022-01-15 20:27:09	rafaelfranca	2022-09-19 21:18:21	activesupport/lib/active_support/message_verifiers.rb	True	True	True	True
44179	jonathanhefner	2022-01-15 20:27:09	rafaelfranca	2022-09-19 21:20:43	activesupport/test/message_verifiers_test.rb	True	True	True	True
44179	jonathanhefner	2022-01-15 20:27:09	rafaelfranca	2022-09-19 21:20:43	activesupport/test/rotation_coordinator_tests.rb	True	True	True	True
44179	jonathanhefner	2022-01-15 20:27:09	rafaelfranca	2022-09-19 21:20:43	railties/lib/rails/application.rb	True	True	True	True
44179	jonathanhefner	2022-01-15 20:27:09	rafaelfranca	2022-09-19 21:20:43	railties/test/application/configuration_test.rb	True	True	True	True
44179	jonathanhefner	2022-01-15 20:27:09	rafaelfranca	2022-09-19 21:18:21	activesupport/CHANGELOG.md	True	True	True	True
44179	jonathanhefner	2022-01-15 20:27:09	rafaelfranca	2022-09-19 21:18:21	activesupport/lib/active_support.rb	True	True	True	True
44179	jonathanhefner	2022-01-15 20:27:09	lewispb	2022-02-04 21:35:42	railties/lib/rails/application.rb	True	True	True	True
44179	jonathanhefner	2022-01-15 20:27:09	rafaelfranca	2022-09-16 20:36:59	activesupport/lib/active_support/secure_compare_rotator.rb	True	True	True	True
44179	jonathanhefner	2022-01-15 20:27:09	lewispb	2022-02-04 16:05:55	activesupport/CHANGELOG.md	True	True	True	True
44179	jonathanhefner	2022-01-15 20:27:09	lewispb	2022-02-04 16:06:10	activesupport/lib/active_support/secure_compare_rotator.rb	True	True	True	True
44179	jonathanhefner	2022-01-15 20:27:09	lewispb	2022-02-04 16:06:10	activesupport/test/message_verifiers_test.rb	True	True	True	True
44179	jonathanhefner	2022-01-15 20:27:09	lewispb	2022-02-04 16:06:10	activesupport/test/rotation_coordinator_tests.rb	True	True	True	True
44179	jonathanhefner	2022-01-15 20:27:09	lewispb	2022-02-04 16:06:10	railties/lib/rails/application.rb	True	True	True	True
44179	jonathanhefner	2022-01-15 20:27:09	lewispb	2022-02-04 16:06:10	railties/test/application/configuration_test.rb	True	True	True	True
44179	jonathanhefner	2022-01-15 20:27:09	lewispb	2022-02-04 16:05:55	activesupport/lib/active_support.rb	True	True	True	True
44179	jonathanhefner	2022-01-15 20:27:09	rafaelfranca	2022-09-16 20:36:59	activesupport/lib/active_support.rb	True	True	True	True
44179	jonathanhefner	2022-01-15 20:27:09	rafaelfranca	2022-09-16 20:36:59	activesupport/lib/active_support/message_encryptors.rb	True	True	True	True
44179	jonathanhefner	2022-01-15 20:27:09	rafaelfranca	2022-09-16 20:36:59	activesupport/lib/active_support/message_verifiers.rb	True	True	True	True
44179	jonathanhefner	2022-01-15 20:27:09	rafaelfranca	2022-09-16 20:36:59	activesupport/lib/active_support/messages/rotation_coordinator.rb	True	True	True	True
44179	jonathanhefner	2022-01-15 20:27:09	rafaelfranca	2022-09-16 20:36:59	activesupport/lib/active_support/messages/rotator.rb	True	True	True	True
44179	jonathanhefner	2022-01-15 20:27:09	rafaelfranca	2022-09-16 20:36:59	activesupport/test/message_encryptors_test.rb	True	True	True	True
44179	jonathanhefner	2022-01-15 20:27:09	rafaelfranca	2022-09-16 20:36:59	activesupport/test/message_verifiers_test.rb	True	True	True	True
44179	jonathanhefner	2022-01-15 20:27:09	rafaelfranca	2022-09-16 20:36:59	activesupport/test/rotation_coordinator_tests.rb	True	True	True	True
44179	jonathanhefner	2022-01-15 20:27:09	rafaelfranca	2022-09-16 20:36:59	railties/lib/rails/application.rb	True	True	True	True
44179	jonathanhefner	2022-01-15 20:27:09	rafaelfranca	2022-09-16 20:36:59	railties/test/application/configuration_test.rb	True	True	True	True
44179	jonathanhefner	2022-01-15 20:27:09	lewispb	2022-02-04 16:06:10	activesupport/test/message_encryptors_test.rb	True	True	True	True
44179	jonathanhefner	2022-01-15 20:27:09	rafaelfranca	2022-09-16 20:36:59	activesupport/CHANGELOG.md	True	True	True	True
44179	jonathanhefner	2022-01-15 20:27:09	lewispb	2022-02-04 16:06:10	activesupport/lib/active_support/messages/rotator.rb	True	True	True	True
44179	jonathanhefner	2022-01-15 20:27:09	lewispb	2022-02-04 16:05:55	activesupport/test/message_verifiers_test.rb	True	True	True	True
44179	jonathanhefner	2022-01-15 20:27:09	lewispb	2022-02-04 16:05:55	activesupport/lib/active_support/message_encryptors.rb	True	True	True	True
44179	jonathanhefner	2022-01-15 20:27:09	lewispb	2022-02-04 16:06:10	activesupport/lib/active_support/messages/rotation_coordinator.rb	True	True	True	True
44179	jonathanhefner	2022-01-15 20:27:09	lewispb	2022-02-04 16:05:55	activesupport/lib/active_support/messages/rotation_coordinator.rb	True	True	True	True
44179	jonathanhefner	2022-01-15 20:27:09	lewispb	2022-02-04 16:05:55	activesupport/lib/active_support/messages/rotator.rb	True	True	True	True
44179	jonathanhefner	2022-01-15 20:27:09	lewispb	2022-02-04 16:05:55	activesupport/lib/active_support/secure_compare_rotator.rb	True	True	True	True
44179	jonathanhefner	2022-01-15 20:27:09	lewispb	2022-02-04 16:05:55	activesupport/test/message_encryptors_test.rb	True	True	True	True
44179	jonathanhefner	2022-01-15 20:27:09	lewispb	2022-02-04 16:05:55	activesupport/lib/active_support/message_verifiers.rb	True	True	True	True
44179	jonathanhefner	2022-01-15 20:27:09	lewispb	2022-02-04 16:05:55	activesupport/test/rotation_coordinator_tests.rb	True	True	True	True
44179	jonathanhefner	2022-01-15 20:27:09	lewispb	2022-02-04 16:05:55	railties/test/application/configuration_test.rb	True	True	True	True
44179	jonathanhefner	2022-01-15 20:27:09	lewispb	2022-02-04 16:06:10	activesupport/CHANGELOG.md	True	True	True	True
44179	jonathanhefner	2022-01-15 20:27:09	lewispb	2022-02-04 16:06:10	activesupport/lib/active_support.rb	True	True	True	True
44179	jonathanhefner	2022-01-15 20:27:09	lewispb	2022-02-04 16:06:10	activesupport/lib/active_support/message_encryptors.rb	True	True	True	True
44179	jonathanhefner	2022-01-15 20:27:09	lewispb	2022-02-04 16:06:10	activesupport/lib/active_support/message_verifiers.rb	True	True	True	True
44179	jonathanhefner	2022-01-15 20:27:09	lewispb	2022-02-04 16:05:55	railties/lib/rails/application.rb	True	True	True	True
44178	lukehayes	2022-01-15 16:55:17	rafaelfranca	2022-01-28 20:05:11	guides/source/getting_started.md	True	True	True	True
44178	lukehayes	2022-01-15 16:55:17	vipulnsward	2022-01-28 19:53:12	guides/source/getting_started.md	True	True	True	True
44174	jguecaimburu	2022-01-14 18:44:40	Meat-Chopper	2022-01-28 06:54:45	actionview/lib/action_view/template/resolver.rb	True	False	True	True
44174	jguecaimburu	2022-01-14 18:44:40	Meat-Chopper	2022-01-14 20:47:25	actionview/lib/action_view/template/resolver.rb	True	False	True	True
44174	jguecaimburu	2022-01-14 18:44:40	Meat-Chopper	2022-01-14 20:47:25	actionpack/test/fixtures/localized/hello_world.de_AT.html	True	False	True	True
44174	jguecaimburu	2022-01-14 18:44:40	Meat-Chopper	2022-01-14 20:47:25	actionpack/test/controller/localized_templates_test.rb	True	False	True	True
44174	jguecaimburu	2022-01-14 18:44:40	Meat-Chopper	2022-01-28 06:54:45	actionview/test/template/resolver_shared_tests.rb	True	False	True	True
44174	jguecaimburu	2022-01-14 18:44:40	jvillarejo	2022-01-18 14:59:07	actionpack/test/fixtures/localized/hello_world.de_AT.html	True	False	True	True
44174	jguecaimburu	2022-01-14 18:44:40	Meat-Chopper	2022-01-28 06:54:45	actionpack/test/fixtures/localized/hello_world.de_AT.html	True	False	True	True
44174	jguecaimburu	2022-01-14 18:44:40	Meat-Chopper	2022-01-28 06:54:45	actionpack/test/controller/localized_templates_test.rb	True	False	True	True
44174	jguecaimburu	2022-01-14 18:44:40	jvillarejo	2022-01-18 14:59:07	actionview/test/template/resolver_shared_tests.rb	True	False	True	True
44174	jguecaimburu	2022-01-14 18:44:40	jvillarejo	2022-01-18 14:59:07	actionview/lib/action_view/template/resolver.rb	True	False	True	True
44174	jguecaimburu	2022-01-14 18:44:40	jvillarejo	2022-01-18 14:59:07	actionpack/test/controller/localized_templates_test.rb	True	False	True	True
44174	jguecaimburu	2022-01-14 18:44:40	Meat-Chopper	2022-01-14 20:47:25	actionview/test/template/resolver_shared_tests.rb	True	False	True	True
44174	jguecaimburu	2022-01-14 18:44:40	catz	2022-01-16 07:58:34	actionpack/test/controller/localized_templates_test.rb	True	False	True	True
44174	jguecaimburu	2022-01-14 18:44:40	catz	2022-01-16 07:58:34	actionpack/test/fixtures/localized/hello_world.de_AT.html	True	False	True	True
44174	jguecaimburu	2022-01-14 18:44:40	catz	2022-01-16 07:58:34	actionview/test/template/resolver_shared_tests.rb	True	False	True	True
44174	jguecaimburu	2022-01-14 18:44:40	jhawthorn	2022-01-14 21:06:07	actionpack/test/controller/localized_templates_test.rb	True	False	True	True
44174	jguecaimburu	2022-01-14 18:44:40	jhawthorn	2022-01-14 21:06:07	actionpack/test/fixtures/localized/hello_world.de_AT.html	True	False	True	True
44174	jguecaimburu	2022-01-14 18:44:40	jhawthorn	2022-01-14 21:06:07	actionview/lib/action_view/template/resolver.rb	True	False	True	True
44174	jguecaimburu	2022-01-14 18:44:40	jhawthorn	2022-01-14 21:06:07	actionview/test/template/resolver_shared_tests.rb	True	False	True	True
44174	jguecaimburu	2022-01-14 18:44:40	catz	2022-01-17 06:58:53	actionpack/test/controller/localized_templates_test.rb	True	False	True	True
44174	jguecaimburu	2022-01-14 18:44:40	catz	2022-01-17 06:58:53	actionpack/test/fixtures/localized/hello_world.de_AT.html	True	False	True	True
44174	jguecaimburu	2022-01-14 18:44:40	catz	2022-01-17 06:58:53	actionview/lib/action_view/template/resolver.rb	True	False	True	True
44174	jguecaimburu	2022-01-14 18:44:40	catz	2022-01-17 06:58:53	actionview/test/template/resolver_shared_tests.rb	True	False	True	True
44174	jguecaimburu	2022-01-14 18:44:40	catz	2022-01-16 07:58:34	actionview/lib/action_view/template/resolver.rb	True	False	True	True
44171	y0t4	2022-01-14 07:36:46	davidstosik	2022-01-18 04:52:51	activerecord/lib/active_record/connection_adapters/mysql/schema_dumper.rb	True	True	True	True
44171	y0t4	2022-01-14 07:36:46	davidstosik	2022-01-18 04:52:51	activerecord/lib/active_record/connection_adapters/mysql/schema_dumper.rb	False	True	True	True
44171	y0t4	2022-01-14 07:36:46	davidstosik	2022-01-18 04:52:51	activerecord/test/cases/date_time_precision_test.rb	False	True	True	True
44171	y0t4	2022-01-14 07:36:46	davidstosik	2022-01-18 04:52:51	activerecord/test/cases/primary_keys_test.rb	False	True	True	True
44171	y0t4	2022-01-14 07:36:46	davidstosik	2022-01-18 04:52:51	activerecord/test/cases/schema_dumper_test.rb	False	True	True	True
44171	y0t4	2022-01-14 07:36:46	davidstosik	2022-01-18 04:52:51	activerecord/test/cases/schema_dumper_test.rb	True	True	True	True
44171	y0t4	2022-01-14 07:36:46	davidstosik	2022-01-18 04:52:51	activerecord/test/cases/date_time_precision_test.rb	True	True	True	True
44171	y0t4	2022-01-14 07:36:46	davidstosik	2022-01-18 04:52:51	activerecord/test/cases/defaults_test.rb	True	True	True	True
44171	y0t4	2022-01-14 07:36:46	davidstosik	2022-01-18 04:52:51	activerecord/test/cases/primary_keys_test.rb	True	True	True	True
44162	andrehjr	2022-01-12 23:36:44	rafaelfranca	2022-03-16 20:39:38	actionmailer/lib/action_mailer/railtie.rb	True	True	True	True
44162	andrehjr	2022-01-12 23:36:44	rafaelfranca	2022-03-16 20:39:38	railties/test/application/configuration_test.rb	True	True	True	True
44162	andrehjr	2022-01-12 23:36:44	rafaelfranca	2022-03-16 20:38:28	actionmailer/lib/action_mailer/railtie.rb	True	True	True	True
44162	andrehjr	2022-01-12 23:36:44	rafaelfranca	2022-03-16 20:38:28	railties/test/application/configuration_test.rb	True	True	True	True
44162	andrehjr	2022-01-12 23:36:44	rafaelfranca	2022-03-15 23:19:43	actionmailer/lib/action_mailer/railtie.rb	True	True	True	True
44162	andrehjr	2022-01-12 23:36:44	rafaelfranca	2022-03-15 23:19:43	railties/test/application/configuration_test.rb	True	True	True	True
44162	andrehjr	2022-01-12 23:36:44	Edouard-chin	2022-03-15 11:40:11	railties/test/application/configuration_test.rb	True	True	True	True
44162	andrehjr	2022-01-12 23:36:44	Edouard-chin	2022-03-15 11:40:11	actionmailer/lib/action_mailer/railtie.rb	True	True	True	True
44151	dpep	2022-01-12 05:37:56	KSH-code	2022-01-15 09:47:40	activesupport/test/core_ext/file_test.rb	True	True	True	True
44151	dpep	2022-01-12 05:37:56	KSH-code	2022-01-15 09:47:40	activesupport/lib/active_support/core_ext/file/atomic.rb	True	True	True	True
44151	dpep	2022-01-12 05:37:56	KSH-code	2022-01-15 09:47:40	activesupport/CHANGELOG.md	True	True	True	True
44151	dpep	2022-01-12 05:37:56	byroot	2022-01-15 12:44:32	activesupport/test/core_ext/file_test.rb	True	True	True	True
44151	dpep	2022-01-12 05:37:56	byroot	2022-01-15 12:44:32	activesupport/lib/active_support/core_ext/file/atomic.rb	True	True	True	True
44151	dpep	2022-01-12 05:37:56	byroot	2022-01-15 12:44:32	activesupport/CHANGELOG.md	True	True	True	True
44147	casperisfine	2022-01-11 13:25:16	zzak	2022-01-11 13:37:02	railties/test/application/initializers/load_path_test.rb	True	False	True	True
44147	casperisfine	2022-01-11 13:25:16	zzak	2022-01-11 13:37:02	railties/test/application/configuration_test.rb	True	False	True	True
44147	casperisfine	2022-01-11 13:25:16	zzak	2022-01-11 13:37:02	railties/test/application/paths_test.rb	True	False	True	True
44141	drewtempelmeyer	2022-01-10 22:19:09	rafaelfranca	2022-01-10 23:18:35	activerecord/test/cases/persistence_test.rb	True	True	True	True
44141	drewtempelmeyer	2022-01-10 22:19:09	rafaelfranca	2022-01-10 23:18:35	activerecord/lib/active_record/persistence.rb	True	True	True	True
44141	drewtempelmeyer	2022-01-10 22:19:09	rafaelfranca	2022-01-10 23:18:35	activerecord/CHANGELOG.md	True	True	True	True
44141	drewtempelmeyer	2022-01-10 22:19:09	fschwahn	2022-01-11 08:14:22	activerecord/test/cases/persistence_test.rb	True	True	True	True
44141	drewtempelmeyer	2022-01-10 22:19:09	fschwahn	2022-01-11 08:14:22	activerecord/lib/active_record/persistence.rb	True	True	True	True
44141	drewtempelmeyer	2022-01-10 22:19:09	fschwahn	2022-01-11 08:14:22	activerecord/CHANGELOG.md	True	True	True	True
44135	marcelolx	2022-01-10 13:03:33	pixeltrix	2022-01-11 14:02:56	activerecord/test/cases/migration/compatibility_test.rb	True	False	True	True
44135	marcelolx	2022-01-10 13:03:33	pixeltrix	2022-01-11 16:39:10	activerecord/test/cases/migration/compatibility_test.rb	True	False	True	True
44133	casperisfine	2022-01-10 10:03:25	byroot	2022-01-10 20:50:01	guides/source/upgrading_ruby_on_rails.md	True	True	True	True
44133	casperisfine	2022-01-10 10:03:25	rafaelfranca	2022-01-10 20:48:34	railties/CHANGELOG.md	True	True	True	True
44133	casperisfine	2022-01-10 10:03:25	rafaelfranca	2022-01-10 20:48:34	railties/lib/rails/application/configuration.rb	True	True	True	True
44133	casperisfine	2022-01-10 10:03:25	rafaelfranca	2022-01-10 20:48:34	railties/lib/rails/generators/rails/app/templates/config/initializers/new_framework_defaults_7_1.rb.tt	True	True	True	True
44133	casperisfine	2022-01-10 10:03:25	rafaelfranca	2022-01-10 20:48:34	guides/source/upgrading_ruby_on_rails.md	True	True	True	True
44133	casperisfine	2022-01-10 10:03:25	byroot	2022-01-10 20:50:01	railties/CHANGELOG.md	True	True	True	True
44133	casperisfine	2022-01-10 10:03:25	byroot	2022-01-10 20:50:01	railties/lib/rails/generators/rails/app/templates/config/initializers/new_framework_defaults_7_1.rb.tt	True	True	True	True
44133	casperisfine	2022-01-10 10:03:25	byroot	2022-01-10 20:50:01	railties/lib/rails/application/configuration.rb	True	True	True	True
44127	zarqman	2022-01-09 01:41:41	rafaelfranca	2022-01-26 22:51:35	activerecord/CHANGELOG.md	True	True	True	True
44127	zarqman	2022-01-09 01:41:41	matthewd	2022-02-05 07:15:26	activerecord/CHANGELOG.md	True	True	True	True
44127	zarqman	2022-01-09 01:41:41	matthewd	2022-02-05 07:15:26	activerecord/lib/active_record/connection_adapters/abstract/transaction.rb	True	True	True	True
44127	zarqman	2022-01-09 01:41:41	matthewd	2022-02-05 07:15:26	activerecord/lib/active_record/connection_adapters/abstract_adapter.rb	True	True	True	True
44127	zarqman	2022-01-09 01:41:41	matthewd	2022-02-05 07:15:26	activerecord/lib/active_record/connection_adapters/mysql2_adapter.rb	True	True	True	True
44127	zarqman	2022-01-09 01:41:41	matthewd	2022-02-05 07:15:26	activerecord/test/cases/adapters/mysql2/transaction_test.rb	True	True	True	True
44127	zarqman	2022-01-09 01:41:41	matthewd	2022-02-05 07:15:26	activerecord/test/cases/adapters/postgresql/transaction_nested_test.rb	True	True	True	True
44127	zarqman	2022-01-09 01:41:41	matthewd	2022-02-05 07:15:26	activerecord/test/cases/adapters/postgresql/transaction_test.rb	True	True	True	True
44127	zarqman	2022-01-09 01:41:41	matthewd	2022-02-05 07:15:26	activerecord/test/cases/transactions_test.rb	True	True	True	True
44127	zarqman	2022-01-09 01:41:41	matthewd	2022-02-05 07:15:26	activerecord/test/cases/adapters/mysql2/nested_deadlock_test.rb	True	True	True	True
44127	zarqman	2022-01-09 01:41:41	rafaelfranca	2022-01-26 22:51:35	activerecord/lib/active_record/connection_adapters/abstract/transaction.rb	True	True	True	True
44127	zarqman	2022-01-09 01:41:41	rafaelfranca	2022-01-26 22:51:35	activerecord/lib/active_record/connection_adapters/mysql2_adapter.rb	True	True	True	True
44127	zarqman	2022-01-09 01:41:41	rafaelfranca	2022-01-26 22:51:35	activerecord/test/cases/adapters/mysql2/nested_deadlock_test.rb	True	True	True	True
44127	zarqman	2022-01-09 01:41:41	rafaelfranca	2022-01-26 22:51:35	activerecord/test/cases/adapters/mysql2/transaction_test.rb	True	True	True	True
44127	zarqman	2022-01-09 01:41:41	rafaelfranca	2022-01-26 22:51:35	activerecord/test/cases/adapters/postgresql/transaction_nested_test.rb	True	True	True	True
44127	zarqman	2022-01-09 01:41:41	rafaelfranca	2022-01-26 22:51:35	activerecord/test/cases/adapters/postgresql/transaction_test.rb	True	True	True	True
44127	zarqman	2022-01-09 01:41:41	rafaelfranca	2022-01-26 22:51:35	activerecord/test/cases/transactions_test.rb	True	True	True	True
44127	zarqman	2022-01-09 01:41:41	rafaelfranca	2022-01-26 22:51:35	activerecord/lib/active_record/connection_adapters/abstract_adapter.rb	True	True	True	True
44123	Pauloparakleto	2022-01-08 14:45:56	p8	2022-01-08 20:04:43	guides/source/working_with_javascript_in_rails.md	False	False	True	True
44123	Pauloparakleto	2022-01-08 14:45:56	p8	2022-01-08 20:05:52	guides/source/working_with_javascript_in_rails.md	False	False	True	True
44123	Pauloparakleto	2022-01-08 14:45:56	p8	2022-01-08 20:05:52	guides/source/working_with_javascript_in_rails.md	True	False	True	True
44123	Pauloparakleto	2022-01-08 14:45:56	p8	2022-01-08 20:04:43	guides/source/working_with_javascript_in_rails.md	True	False	True	True
44115	eileencodes	2022-01-07 20:07:41	rafaelfranca	2022-01-07 20:20:22	railties/test/isolation/abstract_unit.rb	True	False	False	True
44106	etiennebarrie	2022-01-07 14:45:56	byroot	2022-06-01 09:00:44	railties/CHANGELOG.md	True	True	True	True
44106	etiennebarrie	2022-01-07 14:45:56	artemave	2022-04-15 12:51:57	railties/lib/rails/command/base.rb	True	True	True	True
44106	etiennebarrie	2022-01-07 14:45:56	artemave	2022-04-15 12:51:57	railties/lib/rails/commands/test/test_command.rb	True	True	True	True
44106	etiennebarrie	2022-01-07 14:45:56	artemave	2022-04-15 12:51:57	railties/test/command/base_test.rb	True	True	True	True
44106	etiennebarrie	2022-01-07 14:45:56	artemave	2022-04-15 12:51:57	railties/CHANGELOG.md	True	True	True	True
44106	etiennebarrie	2022-01-07 14:45:56	artemave	2022-04-15 12:51:57	railties/lib/rails/test_unit/runner.rb	True	True	True	True
44106	etiennebarrie	2022-01-07 14:45:56	artemave	2022-04-15 12:51:57	railties/lib/rails/test_unit/testing.rake	True	True	True	True
44106	etiennebarrie	2022-01-07 14:45:56	byroot	2022-06-01 09:00:44	railties/lib/rails/command/base.rb	True	True	True	True
44106	etiennebarrie	2022-01-07 14:45:56	byroot	2022-06-01 09:00:44	railties/lib/rails/commands/test/test_command.rb	True	True	True	True
44106	etiennebarrie	2022-01-07 14:45:56	byroot	2022-06-01 09:00:44	railties/test/command/base_test.rb	True	True	True	True
44106	etiennebarrie	2022-01-07 14:45:56	byroot	2022-06-01 09:00:44	railties/lib/rails/test_unit/testing.rake	True	True	True	True
44106	etiennebarrie	2022-01-07 14:45:56	byroot	2022-06-01 09:00:12	railties/lib/rails/command/base.rb	True	True	True	True
44106	etiennebarrie	2022-01-07 14:45:56	byroot	2022-06-01 09:00:12	railties/lib/rails/commands/test/test_command.rb	True	True	True	True
44106	etiennebarrie	2022-01-07 14:45:56	byroot	2022-06-01 09:00:12	railties/test/command/base_test.rb	True	True	True	True
44106	etiennebarrie	2022-01-07 14:45:56	byroot	2022-06-01 09:00:12	railties/CHANGELOG.md	True	True	True	True
44106	etiennebarrie	2022-01-07 14:45:56	byroot	2022-06-01 09:00:12	railties/lib/rails/test_unit/runner.rb	True	True	True	True
44106	etiennebarrie	2022-01-07 14:45:56	byroot	2022-06-01 09:00:12	railties/lib/rails/test_unit/testing.rake	True	True	True	True
44106	etiennebarrie	2022-01-07 14:45:56	byroot	2022-06-01 09:00:44	railties/lib/rails/test_unit/runner.rb	True	True	True	True
44091	justin808	2022-01-06 07:10:46	rafaelfranca	2022-01-06 15:20:01	railties/lib/rails/generators/rails/app/templates/config/puma.rb.tt	True	False	True	True
44091	justin808	2022-01-06 07:10:46	rafaelfranca	2022-01-06 15:18:07	railties/lib/rails/generators/rails/app/templates/config/puma.rb.tt	True	False	True	True
44089	fnando	2022-01-06 01:57:16	rafaelfranca	2022-01-06 19:56:09	activestorage/app/javascript/activestorage/index.js	True	True	True	True
44089	fnando	2022-01-06 01:57:16	rafaelfranca	2022-01-06 19:56:09	activestorage/app/assets/javascripts/activestorage.js	False	True	True	True
44089	fnando	2022-01-06 01:57:16	rafaelfranca	2022-01-06 19:56:09	activestorage/app/assets/javascripts/activestorage.esm.js	False	True	True	True
44087	jonathanhefner	2022-01-05 22:39:54	rafaelfranca	2022-01-05 23:00:46	railties/lib/rails/generators/rails/plugin/templates/Gemfile.tt	True	True	True	True
44087	jonathanhefner	2022-01-05 22:39:54	rafaelfranca	2022-01-05 23:00:46	railties/lib/rails/generators/rails/plugin/plugin_generator.rb	True	True	True	True
44087	jonathanhefner	2022-01-05 22:39:54	rafaelfranca	2022-01-05 23:00:46	railties/test/generators/plugin_generator_test.rb	True	True	True	True
44087	jonathanhefner	2022-01-05 22:39:54	rafaelfranca	2022-01-05 23:00:46	railties/lib/rails/generators/app_base.rb	True	True	True	True
44086	p8	2022-01-05 21:29:43	rafaelfranca	2022-01-05 21:51:47	Gemfile	True	False	True	True
44086	p8	2022-01-05 21:29:43	rafaelfranca	2022-01-05 21:51:47	Gemfile.lock	True	False	True	True
44085	MatheusRich	2022-01-05 19:07:48	byroot	2022-03-10 20:13:18	activestorage/test/test_helper.rb	True	True	True	True
44085	MatheusRich	2022-01-05 19:07:48	byroot	2022-03-10 20:13:18	activestorage/test/template/video_tag_test.rb	True	True	True	True
44085	MatheusRich	2022-01-05 19:07:48	byroot	2022-03-10 20:13:18	activestorage/test/template/audio_tag_test.rb	True	True	True	True
44085	MatheusRich	2022-01-05 19:07:48	byroot	2022-03-10 20:13:18	activestorage/test/models/reflection_test.rb	True	True	True	True
44085	MatheusRich	2022-01-05 19:07:48	byroot	2022-03-10 20:13:18	actionview/lib/action_view/helpers/asset_tag_helper.rb	True	True	True	True
44085	MatheusRich	2022-01-05 19:07:48	byroot	2022-03-10 20:13:18	actionview/CHANGELOG.md	True	True	True	True
44085	MatheusRich	2022-01-05 19:07:48	seanpdoyle	2022-01-05 19:17:10	activestorage/test/test_helper.rb	True	True	True	True
44085	MatheusRich	2022-01-05 19:07:48	seanpdoyle	2022-01-05 19:17:10	activestorage/test/template/video_tag_test.rb	True	True	True	True
44085	MatheusRich	2022-01-05 19:07:48	seanpdoyle	2022-01-05 19:17:10	activestorage/test/template/audio_tag_test.rb	True	True	True	True
44085	MatheusRich	2022-01-05 19:07:48	seanpdoyle	2022-01-05 19:17:10	activestorage/test/models/reflection_test.rb	True	True	True	True
44085	MatheusRich	2022-01-05 19:07:48	seanpdoyle	2022-01-05 19:17:10	actionview/lib/action_view/helpers/asset_tag_helper.rb	True	True	True	True
44085	MatheusRich	2022-01-05 19:07:48	seanpdoyle	2022-01-05 19:17:10	actionview/CHANGELOG.md	True	True	True	True
44081	seanpdoyle	2022-01-05 16:38:40	p8	2022-01-11 17:38:03	actionview/lib/action_view/record_identifier.rb	True	True	True	True
44081	seanpdoyle	2022-01-05 16:38:40	p8	2022-01-11 17:38:03	actionview/test/template/record_identifier_test.rb	True	True	True	True
44081	seanpdoyle	2022-01-05 16:38:40	p8	2022-01-11 17:49:14	actionview/lib/action_view/record_identifier.rb	True	True	True	True
44081	seanpdoyle	2022-01-05 16:38:40	p8	2022-01-11 17:38:03	actionview/CHANGELOG.md	True	True	True	True
44081	seanpdoyle	2022-01-05 16:38:40	p8	2022-01-11 17:49:14	actionview/CHANGELOG.md	True	True	True	True
44081	seanpdoyle	2022-01-05 16:38:40	p8	2022-01-11 19:41:34	actionview/test/template/record_identifier_test.rb	True	True	True	True
44081	seanpdoyle	2022-01-05 16:38:40	p8	2022-01-11 17:49:14	actionview/test/template/record_identifier_test.rb	True	True	True	True
44081	seanpdoyle	2022-01-05 16:38:40	p8	2022-01-11 19:41:34	actionview/lib/action_view/record_identifier.rb	True	True	True	True
44081	seanpdoyle	2022-01-05 16:38:40	p8	2022-01-11 19:41:34	actionview/CHANGELOG.md	True	True	True	True
44078	morgoth	2022-01-05 12:54:37	eileencodes	2022-01-05 17:25:18	guides/source/documents.yaml	True	False	False	True
44065	mihaic195	2022-01-04 14:22:57	p8	2022-01-04 16:55:58	guides/source/action_cable_overview.md	False	True	True	True
44065	mihaic195	2022-01-04 14:22:57	jonathanhefner	2022-01-04 16:58:56	guides/source/action_cable_overview.md	False	True	True	True
44064	flavorjones	2022-01-04 14:19:01	p8	2022-01-04 17:02:35	activesupport/lib/active_support/core_ext/object/acts_like.rb	True	False	True	True
44064	flavorjones	2022-01-04 14:19:01	jonathanhefner	2022-01-04 17:09:23	activesupport/lib/active_support/core_ext/object/acts_like.rb	True	False	True	True
44064	flavorjones	2022-01-04 14:19:01	jonathanhefner	2022-01-04 19:03:36	activesupport/lib/active_support/core_ext/object/acts_like.rb	True	False	True	True
44061	andrehjr	2022-01-04 03:00:15	rafaelfranca	2022-01-04 23:15:34	railties/test/application/configuration_test.rb	True	False	True	True
44061	andrehjr	2022-01-04 03:00:15	rafaelfranca	2022-01-04 23:15:34	actionmailer/lib/action_mailer/railtie.rb	True	False	True	True
44061	andrehjr	2022-01-04 03:00:15	rafaelfranca	2022-01-04 22:20:41	railties/test/application/configuration_test.rb	True	False	True	True
44061	andrehjr	2022-01-04 03:00:15	rafaelfranca	2022-01-04 22:20:41	actionmailer/lib/action_mailer/railtie.rb	True	False	True	True
44054	mihaic195	2022-01-03 15:40:21	p8	2022-01-08 21:05:18	activerecord/test/cases/relations_test.rb	False	True	True	True
44054	mihaic195	2022-01-03 15:40:21	p8	2022-01-08 21:05:18	activerecord/lib/active_record/relation/predicate_builder.rb	False	True	True	True
