pr_number	author_user_login	pr_created_at	review_user_login	review_created_at	filename	create_before_pr	has_issue_comment	has_review_comment	has_commit
33029	fedxgibson	2018-05-31 03:59:17	a7madM	2018-06-01 12:28:35	activerecord/CHANGELOG.md	True	False	False	True
33029	fedxgibson	2018-05-31 03:59:17	a7madM	2018-06-01 12:28:35	activerecord/lib/active_record/connection_adapters/abstract/schema_definitions.rb	True	False	False	True
33029	fedxgibson	2018-05-31 03:59:17	a7madM	2018-06-01 12:28:35	activerecord/test/cases/migration/change_schema_test.rb	True	False	False	True
33018	kddnewton	2018-05-29 19:59:43	rafaelfranca	2018-05-30 17:43:52	activestorage/test/models/reflection_test.rb	True	True	True	True
33018	kddnewton	2018-05-29 19:59:43	rafaelfranca	2018-05-31 20:51:59	activerecord/lib/active_record/reflection.rb	True	True	True	True
33018	kddnewton	2018-05-29 19:59:43	rafaelfranca	2018-05-31 20:51:59	activestorage/CHANGELOG.md	True	True	True	True
33018	kddnewton	2018-05-29 19:59:43	rafaelfranca	2018-05-31 20:51:59	activestorage/lib/active_storage/attached/macros.rb	True	True	True	True
33018	kddnewton	2018-05-29 19:59:43	rafaelfranca	2018-05-31 20:51:59	activestorage/test/models/reflection_test.rb	True	True	True	True
33018	kddnewton	2018-05-29 19:59:43	rafaelfranca	2018-05-31 20:51:59	activerecord/lib/active_record/reflection.rb	False	True	True	True
33018	kddnewton	2018-05-29 19:59:43	rafaelfranca	2018-05-31 20:51:59	activestorage/lib/active_storage/reflection.rb	False	True	True	True
33018	kddnewton	2018-05-29 19:59:43	rafaelfranca	2018-05-31 20:51:59	activestorage/lib/active_storage/engine.rb	False	True	True	True
33018	kddnewton	2018-05-29 19:59:43	rafaelfranca	2018-05-31 20:51:59	activestorage/test/models/reflection_test.rb	False	True	True	True
33018	kddnewton	2018-05-29 19:59:43	rafaelfranca	2018-05-30 17:43:52	activerecord/lib/active_record/reflection.rb	True	True	True	True
33018	kddnewton	2018-05-29 19:59:43	rafaelfranca	2018-05-30 17:43:52	activestorage/CHANGELOG.md	True	True	True	True
33018	kddnewton	2018-05-29 19:59:43	rafaelfranca	2018-05-30 17:43:52	activestorage/lib/active_storage/attached/macros.rb	True	True	True	True
33018	kddnewton	2018-05-29 19:59:43	rafaelfranca	2018-05-30 17:11:48	activerecord/lib/active_record/reflection.rb	True	True	True	True
33018	kddnewton	2018-05-29 19:59:43	rafaelfranca	2018-05-30 17:43:52	activerecord/lib/active_record/reflection.rb	False	True	True	True
33018	kddnewton	2018-05-29 19:59:43	rafaelfranca	2018-05-30 17:11:48	activestorage/test/models/reflection_test.rb	True	True	True	True
33018	kddnewton	2018-05-29 19:59:43	rafaelfranca	2018-05-30 17:11:48	activestorage/test/models/reflection_test.rb	False	True	True	True
33018	kddnewton	2018-05-29 19:59:43	rafaelfranca	2018-05-30 17:11:48	activestorage/lib/active_storage/engine.rb	False	True	True	True
33018	kddnewton	2018-05-29 19:59:43	rafaelfranca	2018-05-30 17:43:52	activestorage/lib/active_storage/reflection.rb	False	True	True	True
33018	kddnewton	2018-05-29 19:59:43	rafaelfranca	2018-05-30 17:11:48	activerecord/lib/active_record/reflection.rb	False	True	True	True
33018	kddnewton	2018-05-29 19:59:43	rafaelfranca	2018-05-30 17:11:48	activestorage/lib/active_storage/reflection.rb	False	True	True	True
33018	kddnewton	2018-05-29 19:59:43	rafaelfranca	2018-05-30 17:11:48	activestorage/lib/active_storage/attached/macros.rb	True	True	True	True
33018	kddnewton	2018-05-29 19:59:43	rafaelfranca	2018-05-30 17:11:48	activestorage/CHANGELOG.md	True	True	True	True
33018	kddnewton	2018-05-29 19:59:43	rafaelfranca	2018-05-30 17:43:52	activestorage/test/models/reflection_test.rb	False	True	True	True
33018	kddnewton	2018-05-29 19:59:43	rafaelfranca	2018-05-30 17:43:52	activestorage/lib/active_storage/engine.rb	False	True	True	True
32999	gregmolnar	2018-05-27 15:22:01	kaspth	2018-07-08 11:20:15	activerecord/test/cases/finder_respond_to_test.rb	False	True	True	True
32999	gregmolnar	2018-05-27 15:22:01	rafaelfranca	2018-05-30 04:34:36	activerecord/lib/active_record/base.rb	False	True	True	True
32999	gregmolnar	2018-05-27 15:22:01	rafaelfranca	2018-05-30 04:34:36	activerecord/test/cases/finder_respond_to_test.rb	False	True	True	True
32999	gregmolnar	2018-05-27 15:22:01	rafaelfranca	2018-05-30 04:34:36	activerecord/test/cases/finder_test.rb	False	True	True	True
32999	gregmolnar	2018-05-27 15:22:01	rafaelfranca	2018-05-30 04:34:36	activerecord/test/models/author.rb	False	True	True	True
32999	gregmolnar	2018-05-27 15:22:01	kaspth	2018-07-08 11:20:15	activerecord/lib/active_record/base.rb	False	True	True	True
32999	gregmolnar	2018-05-27 15:22:01	kaspth	2018-07-08 11:20:15	activerecord/lib/active_record/dynamic_matchers.rb	False	True	True	True
32999	gregmolnar	2018-05-27 15:22:01	rafaelfranca	2018-05-30 04:34:36	activerecord/lib/active_record/dynamic_matchers.rb	False	True	True	True
32999	gregmolnar	2018-05-27 15:22:01	kaspth	2018-07-08 11:20:15	activerecord/test/cases/finder_test.rb	False	True	True	True
32999	gregmolnar	2018-05-27 15:22:01	rafaelfranca	2018-05-30 20:19:26	activerecord/lib/active_record/base.rb	False	True	True	True
32999	gregmolnar	2018-05-27 15:22:01	rafaelfranca	2018-05-30 20:19:26	activerecord/lib/active_record/dynamic_matchers.rb	False	True	True	True
32999	gregmolnar	2018-05-27 15:22:01	rafaelfranca	2018-05-30 20:19:26	activerecord/test/cases/finder_respond_to_test.rb	False	True	True	True
32999	gregmolnar	2018-05-27 15:22:01	rafaelfranca	2018-05-30 20:19:26	activerecord/test/cases/finder_test.rb	False	True	True	True
32999	gregmolnar	2018-05-27 15:22:01	kaspth	2018-07-08 11:20:15	activerecord/test/models/author.rb	False	True	True	True
32999	gregmolnar	2018-05-27 15:22:01	rafaelfranca	2018-05-30 20:19:26	activerecord/test/models/author.rb	False	True	True	True
32997	utilum	2018-05-27 10:05:30	rafaelfranca	2018-05-30 04:41:19	activestorage/app/models/active_storage/preview.rb	False	False	True	True
32997	utilum	2018-05-27 10:05:30	gregmolnar	2018-05-27 11:04:41	activestorage/app/models/active_storage/preview.rb	False	False	True	True
32997	utilum	2018-05-27 10:05:30	gregmolnar	2018-05-27 11:04:41	activestorage/lib/active_storage/analyzer/video_analyzer.rb	False	False	True	True
32997	utilum	2018-05-27 10:05:30	gregmolnar	2018-05-27 11:04:41	activestorage/lib/active_storage/previewer.rb	False	False	True	True
32997	utilum	2018-05-27 10:05:30	gregmolnar	2018-05-27 11:04:41	guides/source/active_storage_overview.md	False	False	True	True
32997	utilum	2018-05-27 10:05:30	gregmolnar	2018-05-27 11:04:41	guides/source/development_dependencies_install.md	False	False	True	True
32997	utilum	2018-05-27 10:05:30	rafaelfranca	2018-05-30 04:41:19	activestorage/lib/active_storage/analyzer/video_analyzer.rb	False	False	True	True
32997	utilum	2018-05-27 10:05:30	rafaelfranca	2018-05-30 04:41:19	activestorage/lib/active_storage/previewer.rb	False	False	True	True
32997	utilum	2018-05-27 10:05:30	rafaelfranca	2018-05-30 04:41:19	guides/source/active_storage_overview.md	False	False	True	True
32997	utilum	2018-05-27 10:05:30	rafaelfranca	2018-05-30 04:41:19	guides/source/development_dependencies_install.md	False	False	True	True
32996	y-yagi	2018-05-27 04:32:22	kaspth	2018-07-21 11:37:46	railties/lib/rails/generators/rails/controller/controller_generator.rb	True	True	True	True
32996	y-yagi	2018-05-27 04:32:22	kaspth	2018-07-21 11:37:46	activejob/lib/rails/generators/job/job_generator.rb	True	True	True	True
32996	y-yagi	2018-05-27 04:32:22	kaspth	2018-07-21 11:37:46	activerecord/lib/rails/generators/active_record/migration/migration_generator.rb	True	True	True	True
32996	y-yagi	2018-05-27 04:32:22	kaspth	2018-07-21 11:37:46	activerecord/lib/rails/generators/active_record/model/model_generator.rb	True	True	True	True
32996	y-yagi	2018-05-27 04:32:22	kaspth	2018-07-21 11:37:46	railties/CHANGELOG.md	True	True	True	True
32996	y-yagi	2018-05-27 04:32:22	kaspth	2018-07-21 11:37:46	railties/lib/rails/generators/actions.rb	True	True	True	True
32996	y-yagi	2018-05-27 04:32:22	kaspth	2018-07-21 11:37:46	actionmailer/lib/rails/generators/mailer/mailer_generator.rb	True	True	True	True
32996	y-yagi	2018-05-27 04:32:22	kaspth	2018-07-21 11:37:46	railties/lib/rails/generators/named_base.rb	True	True	True	True
32996	y-yagi	2018-05-27 04:32:22	kaspth	2018-07-21 11:37:46	railties/lib/rails/generators/primary_file_helpers.rb	True	True	True	True
32996	y-yagi	2018-05-27 04:32:22	kaspth	2018-07-21 11:37:46	railties/test/generators/mailer_generator_test.rb	True	True	True	True
32996	y-yagi	2018-05-27 04:32:22	kaspth	2018-07-21 11:37:46	railties/lib/rails/generators/rails/helper/helper_generator.rb	True	True	True	True
32996	y-yagi	2018-05-27 04:32:22	kaspth	2018-07-21 11:37:46	railties/lib/rails/generators/rails/task/task_generator.rb	True	True	True	True
32996	y-yagi	2018-05-27 04:32:22	kaspth	2018-07-21 11:37:46	railties/test/generators/actions_test.rb	True	True	True	True
32996	y-yagi	2018-05-27 04:32:22	kaspth	2018-07-21 11:37:46	railties/test/generators/channel_generator_test.rb	True	True	True	True
32996	y-yagi	2018-05-27 04:32:22	kaspth	2018-07-21 11:37:46	railties/test/generators/controller_generator_test.rb	True	True	True	True
32996	y-yagi	2018-05-27 04:32:22	kaspth	2018-07-21 11:37:46	railties/test/generators/helper_generator_test.rb	True	True	True	True
32996	y-yagi	2018-05-27 04:32:22	kaspth	2018-07-21 11:37:46	railties/test/generators/job_generator_test.rb	True	True	True	True
32996	y-yagi	2018-05-27 04:32:22	kaspth	2018-07-02 17:43:48	railties/test/generators/task_generator_test.rb	True	True	True	True
32996	y-yagi	2018-05-27 04:32:22	kaspth	2018-07-21 11:37:46	railties/test/generators/migration_generator_test.rb	True	True	True	True
32996	y-yagi	2018-05-27 04:32:22	kaspth	2018-07-21 11:37:46	actioncable/lib/rails/generators/channel/channel_generator.rb	True	True	True	True
32996	y-yagi	2018-05-27 04:32:22	kaspth	2018-07-02 17:43:48	actioncable/lib/rails/generators/channel/channel_generator.rb	True	True	True	True
32996	y-yagi	2018-05-27 04:32:22	kaspth	2018-07-02 17:43:48	railties/test/generators/model_generator_test.rb	True	True	True	True
32996	y-yagi	2018-05-27 04:32:22	kaspth	2018-07-02 17:43:48	railties/lib/rails/generators/primary_file_helpers.rb	True	True	True	True
32996	y-yagi	2018-05-27 04:32:22	kaspth	2018-07-21 11:37:46	railties/test/generators/task_generator_test.rb	True	True	True	True
32996	y-yagi	2018-05-27 04:32:22	kaspth	2018-07-02 17:43:48	actionmailer/lib/rails/generators/mailer/mailer_generator.rb	True	True	True	True
32996	y-yagi	2018-05-27 04:32:22	kaspth	2018-07-02 17:43:48	activejob/lib/rails/generators/job/job_generator.rb	True	True	True	True
32996	y-yagi	2018-05-27 04:32:22	kaspth	2018-07-02 17:43:48	activerecord/lib/rails/generators/active_record/migration/migration_generator.rb	True	True	True	True
32996	y-yagi	2018-05-27 04:32:22	kaspth	2018-07-02 17:43:48	activerecord/lib/rails/generators/active_record/model/model_generator.rb	True	True	True	True
32996	y-yagi	2018-05-27 04:32:22	kaspth	2018-07-02 17:43:48	railties/CHANGELOG.md	True	True	True	True
32996	y-yagi	2018-05-27 04:32:22	kaspth	2018-07-02 17:43:48	railties/lib/rails/generators/actions.rb	True	True	True	True
32996	y-yagi	2018-05-27 04:32:22	kaspth	2018-07-02 17:43:48	railties/lib/rails/generators/named_base.rb	True	True	True	True
32996	y-yagi	2018-05-27 04:32:22	kaspth	2018-07-02 17:43:48	railties/lib/rails/generators/rails/controller/controller_generator.rb	True	True	True	True
32996	y-yagi	2018-05-27 04:32:22	kaspth	2018-07-02 17:43:48	railties/test/generators/migration_generator_test.rb	True	True	True	True
32996	y-yagi	2018-05-27 04:32:22	kaspth	2018-07-02 17:43:48	railties/lib/rails/generators/rails/helper/helper_generator.rb	True	True	True	True
32996	y-yagi	2018-05-27 04:32:22	kaspth	2018-07-02 17:43:48	railties/lib/rails/generators/rails/task/task_generator.rb	True	True	True	True
32996	y-yagi	2018-05-27 04:32:22	kaspth	2018-07-02 17:43:48	railties/test/generators/actions_test.rb	True	True	True	True
32996	y-yagi	2018-05-27 04:32:22	kaspth	2018-07-02 17:43:48	railties/test/generators/channel_generator_test.rb	True	True	True	True
32996	y-yagi	2018-05-27 04:32:22	kaspth	2018-07-02 17:43:48	railties/test/generators/controller_generator_test.rb	True	True	True	True
32996	y-yagi	2018-05-27 04:32:22	kaspth	2018-07-02 17:43:48	railties/test/generators/helper_generator_test.rb	True	True	True	True
32996	y-yagi	2018-05-27 04:32:22	kaspth	2018-07-02 17:43:48	railties/test/generators/job_generator_test.rb	True	True	True	True
32996	y-yagi	2018-05-27 04:32:22	kaspth	2018-07-02 17:43:48	railties/test/generators/mailer_generator_test.rb	True	True	True	True
32996	y-yagi	2018-05-27 04:32:22	kaspth	2018-07-21 11:37:46	railties/test/generators/model_generator_test.rb	True	True	True	True
32996	y-yagi	2018-05-27 04:32:22	kaspth	2018-07-21 11:48:30	railties/lib/rails/generators/rails/controller/controller_generator.rb	True	True	True	True
32996	y-yagi	2018-05-27 04:32:22	kaspth	2018-07-21 11:39:15	actioncable/lib/rails/generators/channel/channel_generator.rb	True	True	True	True
32996	y-yagi	2018-05-27 04:32:22	kaspth	2018-07-21 11:48:30	railties/lib/rails/generators/rails/task/task_generator.rb	True	True	True	True
32996	y-yagi	2018-05-27 04:32:22	kaspth	2018-07-21 11:48:30	activejob/lib/rails/generators/job/job_generator.rb	True	True	True	True
32996	y-yagi	2018-05-27 04:32:22	kaspth	2018-07-21 11:48:30	activerecord/lib/rails/generators/active_record/migration/migration_generator.rb	True	True	True	True
32996	y-yagi	2018-05-27 04:32:22	kaspth	2018-07-21 11:48:30	activerecord/lib/rails/generators/active_record/model/model_generator.rb	True	True	True	True
32996	y-yagi	2018-05-27 04:32:22	kaspth	2018-07-21 11:48:30	railties/CHANGELOG.md	True	True	True	True
32996	y-yagi	2018-05-27 04:32:22	kaspth	2018-07-21 11:48:30	railties/lib/rails/generators/actions.rb	True	True	True	True
32996	y-yagi	2018-05-27 04:32:22	kaspth	2018-07-21 11:48:30	railties/lib/rails/generators/named_base.rb	True	True	True	True
32996	y-yagi	2018-05-27 04:32:22	kaspth	2018-07-21 11:48:30	railties/lib/rails/generators/primary_file_helpers.rb	True	True	True	True
32996	y-yagi	2018-05-27 04:32:22	kaspth	2018-07-21 11:48:30	railties/lib/rails/generators/rails/helper/helper_generator.rb	True	True	True	True
32996	y-yagi	2018-05-27 04:32:22	kaspth	2018-07-21 11:48:30	railties/test/generators/actions_test.rb	True	True	True	True
32996	y-yagi	2018-05-27 04:32:22	kaspth	2018-07-21 11:48:30	actioncable/lib/rails/generators/channel/channel_generator.rb	True	True	True	True
32996	y-yagi	2018-05-27 04:32:22	kaspth	2018-07-21 11:48:30	railties/test/generators/channel_generator_test.rb	True	True	True	True
32996	y-yagi	2018-05-27 04:32:22	kaspth	2018-07-21 11:48:30	railties/test/generators/controller_generator_test.rb	True	True	True	True
32996	y-yagi	2018-05-27 04:32:22	kaspth	2018-07-21 11:48:30	railties/test/generators/helper_generator_test.rb	True	True	True	True
32996	y-yagi	2018-05-27 04:32:22	kaspth	2018-07-21 11:48:30	railties/test/generators/job_generator_test.rb	True	True	True	True
32996	y-yagi	2018-05-27 04:32:22	kaspth	2018-07-21 11:48:30	railties/test/generators/mailer_generator_test.rb	True	True	True	True
32996	y-yagi	2018-05-27 04:32:22	kaspth	2018-07-21 11:48:30	railties/test/generators/migration_generator_test.rb	True	True	True	True
32996	y-yagi	2018-05-27 04:32:22	kaspth	2018-07-21 11:48:30	railties/test/generators/model_generator_test.rb	True	True	True	True
32996	y-yagi	2018-05-27 04:32:22	kaspth	2018-07-21 11:48:30	railties/test/generators/task_generator_test.rb	True	True	True	True
32996	y-yagi	2018-05-27 04:32:22	kaspth	2018-07-21 11:39:15	actionmailer/lib/rails/generators/mailer/mailer_generator.rb	True	True	True	True
32996	y-yagi	2018-05-27 04:32:22	kaspth	2018-07-21 11:48:30	actionmailer/lib/rails/generators/mailer/mailer_generator.rb	True	True	True	True
32996	y-yagi	2018-05-27 04:32:22	kaspth	2018-07-21 11:39:15	railties/test/generators/task_generator_test.rb	True	True	True	True
32996	y-yagi	2018-05-27 04:32:22	kaspth	2018-07-21 11:39:15	railties/lib/rails/generators/rails/helper/helper_generator.rb	True	True	True	True
32996	y-yagi	2018-05-27 04:32:22	kaspth	2018-07-21 11:39:15	activejob/lib/rails/generators/job/job_generator.rb	True	True	True	True
32996	y-yagi	2018-05-27 04:32:22	kaspth	2018-07-21 11:39:15	activerecord/lib/rails/generators/active_record/migration/migration_generator.rb	True	True	True	True
32996	y-yagi	2018-05-27 04:32:22	kaspth	2018-07-21 11:39:15	activerecord/lib/rails/generators/active_record/model/model_generator.rb	True	True	True	True
32996	y-yagi	2018-05-27 04:32:22	kaspth	2018-07-21 11:39:15	railties/CHANGELOG.md	True	True	True	True
32996	y-yagi	2018-05-27 04:32:22	kaspth	2018-07-21 11:39:15	railties/lib/rails/generators/actions.rb	True	True	True	True
32996	y-yagi	2018-05-27 04:32:22	kaspth	2018-07-21 11:39:15	railties/lib/rails/generators/named_base.rb	True	True	True	True
32996	y-yagi	2018-05-27 04:32:22	kaspth	2018-07-21 11:39:15	railties/lib/rails/generators/primary_file_helpers.rb	True	True	True	True
32996	y-yagi	2018-05-27 04:32:22	kaspth	2018-07-21 11:39:15	railties/test/generators/model_generator_test.rb	True	True	True	True
32996	y-yagi	2018-05-27 04:32:22	kaspth	2018-07-21 11:39:15	railties/lib/rails/generators/rails/controller/controller_generator.rb	True	True	True	True
32996	y-yagi	2018-05-27 04:32:22	kaspth	2018-07-21 11:39:15	railties/lib/rails/generators/rails/task/task_generator.rb	True	True	True	True
32996	y-yagi	2018-05-27 04:32:22	kaspth	2018-07-21 11:39:15	railties/test/generators/actions_test.rb	True	True	True	True
32996	y-yagi	2018-05-27 04:32:22	kaspth	2018-07-21 11:39:15	railties/test/generators/channel_generator_test.rb	True	True	True	True
32996	y-yagi	2018-05-27 04:32:22	kaspth	2018-07-21 11:39:15	railties/test/generators/controller_generator_test.rb	True	True	True	True
32996	y-yagi	2018-05-27 04:32:22	kaspth	2018-07-21 11:39:15	railties/test/generators/helper_generator_test.rb	True	True	True	True
32996	y-yagi	2018-05-27 04:32:22	kaspth	2018-07-21 11:39:15	railties/test/generators/job_generator_test.rb	True	True	True	True
32996	y-yagi	2018-05-27 04:32:22	kaspth	2018-07-21 11:39:15	railties/test/generators/mailer_generator_test.rb	True	True	True	True
32996	y-yagi	2018-05-27 04:32:22	kaspth	2018-07-21 11:39:15	railties/test/generators/migration_generator_test.rb	True	True	True	True
32986	kevgathuku	2018-05-25 09:49:45	kamipo	2018-05-25 10:35:43	guides/source/engines.md	True	False	True	True
32979	eugeneius	2018-05-24 22:25:16	kamipo	2018-05-24 22:29:51	.github/stale.yml	True	False	False	True
32975	oamado	2018-05-24 14:43:40	guilleiguaran	2018-05-24 14:46:23	activejob/lib/active_job/queue_adapters.rb	True	False	False	True
32968	utilum	2018-05-23 21:00:21	rafaelfranca	2018-05-23 21:04:16	activestorage/app/models/active_storage/variation.rb	True	False	True	True
32968	utilum	2018-05-23 21:00:21	rafaelfranca	2018-05-23 21:32:24	activestorage/app/models/active_storage/variation.rb	True	False	True	True
32968	utilum	2018-05-23 21:00:21	eugeneius	2018-05-23 21:32:51	activestorage/app/models/active_storage/variation.rb	True	False	True	True
32967	javan	2018-05-23 19:18:20	georgeclaghorn	2018-05-23 19:31:12	activestorage/test/previewer/video_previewer_test.rb	True	False	False	True
32967	javan	2018-05-23 19:18:20	georgeclaghorn	2018-05-23 19:31:12	activestorage/test/models/preview_test.rb	True	False	False	True
32967	javan	2018-05-23 19:18:20	georgeclaghorn	2018-05-23 19:31:12	activestorage/lib/active_storage/previewer/video_previewer.rb	True	False	False	True
32967	javan	2018-05-23 19:18:20	rafaelfranca	2018-05-23 20:01:03	activestorage/test/previewer/video_previewer_test.rb	True	False	False	True
32967	javan	2018-05-23 19:18:20	rafaelfranca	2018-05-23 20:01:03	activestorage/test/models/preview_test.rb	True	False	False	True
32967	javan	2018-05-23 19:18:20	rafaelfranca	2018-05-23 20:01:03	activestorage/lib/active_storage/previewer/video_previewer.rb	True	False	False	True
32956	Larochelle	2018-05-22 20:09:33	rafaelfranca	2018-06-01 18:20:11	activemodel/test/cases/validations/i18n_validation_test.rb	True	False	True	True
32956	Larochelle	2018-05-22 20:09:33	rafaelfranca	2018-06-01 18:20:11	activemodel/lib/active_model/errors.rb	False	False	True	True
32956	Larochelle	2018-05-22 20:09:33	rafaelfranca	2018-06-01 18:20:11	activemodel/lib/active_model/railtie.rb	False	False	True	True
32956	Larochelle	2018-05-22 20:09:33	rafaelfranca	2018-06-01 18:20:11	activemodel/test/cases/railtie_test.rb	False	False	True	True
32956	Larochelle	2018-05-22 20:09:33	rafaelfranca	2018-06-01 18:20:11	activemodel/test/cases/validations/i18n_validation_test.rb	False	False	True	True
32956	Larochelle	2018-05-22 20:09:33	rafaelfranca	2018-06-01 18:20:11	guides/source/configuring.md	False	False	True	True
32956	Larochelle	2018-05-22 20:09:33	rafaelfranca	2018-06-01 18:20:11	activemodel/lib/active_model/errors.rb	True	False	True	True
32956	Larochelle	2018-05-22 20:09:33	sikachu	2018-05-25 00:57:36	activemodel/lib/active_model/errors.rb	False	False	True	True
32956	Larochelle	2018-05-22 20:09:33	sikachu	2018-05-25 00:57:36	activemodel/lib/active_model/railtie.rb	False	False	True	True
32956	Larochelle	2018-05-22 20:09:33	sikachu	2018-05-25 00:57:36	activemodel/test/cases/railtie_test.rb	False	False	True	True
32956	Larochelle	2018-05-22 20:09:33	sikachu	2018-05-25 00:57:36	activemodel/test/cases/validations/i18n_validation_test.rb	False	False	True	True
32956	Larochelle	2018-05-22 20:09:33	sikachu	2018-05-25 00:57:36	guides/source/configuring.md	False	False	True	True
32956	Larochelle	2018-05-22 20:09:33	sikachu	2018-05-25 00:57:36	activemodel/lib/active_model/errors.rb	True	False	True	True
32956	Larochelle	2018-05-22 20:09:33	sikachu	2018-05-25 00:57:36	activemodel/test/cases/validations/i18n_validation_test.rb	True	False	True	True
32952	mechanicles	2018-05-22 13:36:29	eugeneius	2018-05-24 19:24:46	activerecord/test/cases/autosave_association_test.rb	True	True	True	True
32952	mechanicles	2018-05-22 13:36:29	kamipo	2018-05-28 21:58:47	activerecord/CHANGELOG.md	True	True	True	True
32952	mechanicles	2018-05-22 13:36:29	kamipo	2018-05-28 21:58:47	activerecord/lib/active_record/autosave_association.rb	True	True	True	True
32952	mechanicles	2018-05-22 13:36:29	kamipo	2018-05-28 21:58:47	activerecord/test/cases/autosave_association_test.rb	True	True	True	True
32952	mechanicles	2018-05-22 13:36:29	kamipo	2018-05-28 21:58:47	activerecord/test/models/reply.rb	True	True	True	True
32952	mechanicles	2018-05-22 13:36:29	kamipo	2018-05-28 21:58:47	activerecord/test/models/topic.rb	True	True	True	True
32952	mechanicles	2018-05-22 13:36:29	eugeneius	2018-05-24 19:24:46	activerecord/CHANGELOG.md	True	True	True	True
32952	mechanicles	2018-05-22 13:36:29	eugeneius	2018-05-24 19:24:46	activerecord/lib/active_record/autosave_association.rb	True	True	True	True
32952	mechanicles	2018-05-22 13:36:29	eugeneius	2018-05-28 12:11:09	activerecord/lib/active_record/autosave_association.rb	True	True	True	True
32952	mechanicles	2018-05-22 13:36:29	eugeneius	2018-05-24 19:24:46	activerecord/test/models/reply.rb	True	True	True	True
32952	mechanicles	2018-05-22 13:36:29	eugeneius	2018-05-28 12:11:09	activerecord/CHANGELOG.md	True	True	True	True
32952	mechanicles	2018-05-22 13:36:29	eugeneius	2018-05-28 12:11:09	activerecord/test/cases/autosave_association_test.rb	True	True	True	True
32952	mechanicles	2018-05-22 13:36:29	eugeneius	2018-05-28 12:11:09	activerecord/test/models/reply.rb	True	True	True	True
32952	mechanicles	2018-05-22 13:36:29	eugeneius	2018-05-28 12:11:09	activerecord/test/models/topic.rb	True	True	True	True
32952	mechanicles	2018-05-22 13:36:29	eugeneius	2018-05-24 19:24:46	activerecord/test/models/topic.rb	True	True	True	True
32951	aditya-kapoor	2018-05-22 07:09:52	sikachu	2018-07-31 09:54:57	activerecord/CHANGELOG.md	False	True	True	True
32951	aditya-kapoor	2018-05-22 07:09:52	eileencodes	2018-07-30 14:13:03	activerecord/CHANGELOG.md	False	True	True	True
32951	aditya-kapoor	2018-05-22 07:09:52	sikachu	2018-07-31 09:54:57	activerecord/test/cases/associations/has_one_associations_test.rb	False	True	True	True
32951	aditya-kapoor	2018-05-22 07:09:52	sikachu	2018-07-31 09:54:57	activerecord/test/cases/associations/belongs_to_associations_test.rb	False	True	True	True
32951	aditya-kapoor	2018-05-22 07:09:52	sikachu	2018-07-31 09:54:57	activerecord/lib/active_record/associations/builder/has_one.rb	False	True	True	True
32951	aditya-kapoor	2018-05-22 07:09:52	sikachu	2018-07-31 09:54:57	activerecord/lib/active_record/associations/builder/belongs_to.rb	False	True	True	True
32951	aditya-kapoor	2018-05-22 07:09:52	sikachu	2018-07-31 09:54:57	activerecord/lib/active_record/associations.rb	False	True	True	True
32951	aditya-kapoor	2018-05-22 07:09:52	adityakapoor-homebell	2018-07-31 14:58:34	activerecord/lib/active_record/associations/builder/has_one.rb	False	True	True	True
32951	aditya-kapoor	2018-05-22 07:09:52	adityakapoor-homebell	2018-07-31 14:58:34	activerecord/test/cases/associations/has_one_associations_test.rb	False	True	True	True
32951	aditya-kapoor	2018-05-22 07:09:52	adityakapoor-homebell	2018-07-31 14:58:34	activerecord/test/cases/associations/belongs_to_associations_test.rb	False	True	True	True
32951	aditya-kapoor	2018-05-22 07:09:52	adityakapoor-homebell	2018-07-31 14:58:34	activerecord/lib/active_record/associations/builder/belongs_to.rb	False	True	True	True
32951	aditya-kapoor	2018-05-22 07:09:52	adityakapoor-homebell	2018-07-31 14:58:34	activerecord/lib/active_record/associations.rb	False	True	True	True
32951	aditya-kapoor	2018-05-22 07:09:52	adityakapoor-homebell	2018-07-31 14:58:34	activerecord/CHANGELOG.md	False	True	True	True
32951	aditya-kapoor	2018-05-22 07:09:52	eileencodes	2018-07-30 14:13:03	activerecord/lib/active_record/associations/builder/belongs_to.rb	False	True	True	True
32951	aditya-kapoor	2018-05-22 07:09:52	eileencodes	2018-07-30 14:13:03	activerecord/lib/active_record/associations.rb	False	True	True	True
32951	aditya-kapoor	2018-05-22 07:09:52	jagdeepsingh	2018-05-30 07:58:03	activerecord/CHANGELOG.md	False	True	True	True
32951	aditya-kapoor	2018-05-22 07:09:52	eileencodes	2018-07-30 14:13:03	activerecord/lib/active_record/associations/builder/has_one.rb	False	True	True	True
32951	aditya-kapoor	2018-05-22 07:09:52	jagdeepsingh	2018-05-30 08:01:18	activerecord/test/cases/associations/has_one_associations_test.rb	False	True	True	True
32951	aditya-kapoor	2018-05-22 07:09:52	eileencodes	2018-07-30 14:13:03	activerecord/test/cases/associations/belongs_to_associations_test.rb	False	True	True	True
32951	aditya-kapoor	2018-05-22 07:09:52	jagdeepsingh	2018-05-30 07:58:03	activerecord/test/cases/associations/has_one_associations_test.rb	False	True	True	True
32951	aditya-kapoor	2018-05-22 07:09:52	jagdeepsingh	2018-05-30 07:58:03	activerecord/test/cases/associations/belongs_to_associations_test.rb	False	True	True	True
32951	aditya-kapoor	2018-05-22 07:09:52	jagdeepsingh	2018-05-30 07:58:03	activerecord/lib/active_record/associations/builder/has_one.rb	False	True	True	True
32951	aditya-kapoor	2018-05-22 07:09:52	jagdeepsingh	2018-05-30 07:58:03	activerecord/lib/active_record/associations.rb	False	True	True	True
32951	aditya-kapoor	2018-05-22 07:09:52	jagdeepsingh	2018-05-30 07:58:03	activerecord/lib/active_record/associations/builder/belongs_to.rb	False	True	True	True
32951	aditya-kapoor	2018-05-22 07:09:52	jagdeepsingh	2018-05-30 08:01:18	activerecord/test/cases/associations/belongs_to_associations_test.rb	False	True	True	True
32951	aditya-kapoor	2018-05-22 07:09:52	jagdeepsingh	2018-05-30 08:01:18	activerecord/lib/active_record/associations/builder/has_one.rb	False	True	True	True
32951	aditya-kapoor	2018-05-22 07:09:52	jagdeepsingh	2018-05-30 08:01:18	activerecord/lib/active_record/associations/builder/belongs_to.rb	False	True	True	True
32951	aditya-kapoor	2018-05-22 07:09:52	jagdeepsingh	2018-05-30 08:01:18	activerecord/lib/active_record/associations.rb	False	True	True	True
32951	aditya-kapoor	2018-05-22 07:09:52	jagdeepsingh	2018-05-30 08:01:18	activerecord/CHANGELOG.md	False	True	True	True
32951	aditya-kapoor	2018-05-22 07:09:52	eileencodes	2018-07-30 14:13:03	activerecord/test/cases/associations/has_one_associations_test.rb	False	True	True	True
32938	utilum	2018-05-20 19:21:19	eugeneius	2018-05-22 13:05:03	activesupport/CHANGELOG.md	False	True	True	True
32938	utilum	2018-05-20 19:21:19	eugeneius	2018-05-22 13:49:27	activesupport/lib/active_support/core_ext/range/compare_range.rb	False	True	True	True
32938	utilum	2018-05-20 19:21:19	eugeneius	2018-05-22 12:49:57	activesupport/lib/active_support/core_ext/range/include_range.rb	False	True	True	True
32938	utilum	2018-05-20 19:21:19	eugeneius	2018-05-22 12:49:57	activesupport/lib/active_support/core_ext/range/compare_range.rb	False	True	True	True
32938	utilum	2018-05-20 19:21:19	eugeneius	2018-05-22 12:49:57	activesupport/lib/active_support/core_ext/range.rb	False	True	True	True
32938	utilum	2018-05-20 19:21:19	eugeneius	2018-05-22 12:49:57	guides/source/active_support_core_extensions.md	False	True	True	True
32938	utilum	2018-05-20 19:21:19	eugeneius	2018-05-22 12:49:57	activesupport/CHANGELOG.md	False	True	True	True
32938	utilum	2018-05-20 19:21:19	eugeneius	2018-05-22 13:49:27	activesupport/lib/active_support/core_ext/range/include_range.rb	False	True	True	True
32938	utilum	2018-05-20 19:21:19	eugeneius	2018-05-22 14:25:39	guides/source/active_support_core_extensions.md	False	True	True	True
32938	utilum	2018-05-20 19:21:19	eugeneius	2018-05-22 13:49:27	activesupport/lib/active_support/core_ext/range.rb	False	True	True	True
32938	utilum	2018-05-20 19:21:19	eugeneius	2018-05-22 13:49:27	guides/source/active_support_core_extensions.md	False	True	True	True
32938	utilum	2018-05-20 19:21:19	eugeneius	2018-05-22 13:49:27	activesupport/CHANGELOG.md	False	True	True	True
32938	utilum	2018-05-20 19:21:19	eugeneius	2018-05-22 14:25:39	activesupport/lib/active_support/core_ext/range/include_range.rb	False	True	True	True
32938	utilum	2018-05-20 19:21:19	eugeneius	2018-05-22 14:25:39	activesupport/lib/active_support/core_ext/range/compare_range.rb	False	True	True	True
32938	utilum	2018-05-20 19:21:19	eugeneius	2018-05-22 14:25:39	activesupport/lib/active_support/core_ext/range.rb	False	True	True	True
32938	utilum	2018-05-20 19:21:19	eugeneius	2018-05-22 14:25:39	activesupport/CHANGELOG.md	False	True	True	True
32938	utilum	2018-05-20 19:21:19	eugeneius	2018-05-22 13:05:03	activesupport/lib/active_support/core_ext/range.rb	False	True	True	True
32938	utilum	2018-05-20 19:21:19	eugeneius	2018-05-22 13:05:03	guides/source/active_support_core_extensions.md	False	True	True	True
32938	utilum	2018-05-20 19:21:19	eugeneius	2018-05-21 22:58:32	activesupport/CHANGELOG.md	False	True	True	True
32938	utilum	2018-05-20 19:21:19	eugeneius	2018-05-22 13:05:03	activesupport/lib/active_support/core_ext/range/compare_range.rb	False	True	True	True
32938	utilum	2018-05-20 19:21:19	eugeneius	2018-05-21 22:58:32	activesupport/lib/active_support/core_ext/range.rb	False	True	True	True
32938	utilum	2018-05-20 19:21:19	eugeneius	2018-05-22 13:05:03	activesupport/lib/active_support/core_ext/range/include_range.rb	False	True	True	True
32938	utilum	2018-05-20 19:21:19	eugeneius	2018-05-22 12:11:14	activesupport/lib/active_support/core_ext/range/include_range.rb	False	True	True	True
32938	utilum	2018-05-20 19:21:19	eugeneius	2018-05-22 12:11:14	activesupport/lib/active_support/core_ext/range/compare_range.rb	False	True	True	True
32938	utilum	2018-05-20 19:21:19	eugeneius	2018-05-22 12:11:14	activesupport/lib/active_support/core_ext/range.rb	False	True	True	True
32938	utilum	2018-05-20 19:21:19	eugeneius	2018-05-22 12:11:14	activesupport/CHANGELOG.md	False	True	True	True
32938	utilum	2018-05-20 19:21:19	eugeneius	2018-05-21 22:58:32	activesupport/lib/active_support/core_ext/range/include_range.rb	False	True	True	True
32938	utilum	2018-05-20 19:21:19	eugeneius	2018-05-21 22:58:32	activesupport/lib/active_support/core_ext/range/compare_range.rb	False	True	True	True
32938	utilum	2018-05-20 19:21:19	eugeneius	2018-05-22 12:11:14	guides/source/active_support_core_extensions.md	False	True	True	True
32938	utilum	2018-05-20 19:21:19	eugeneius	2018-05-21 22:58:32	guides/source/active_support_core_extensions.md	False	True	True	True
32938	utilum	2018-05-20 19:21:19	eugeneius	2018-05-21 23:06:17	activesupport/CHANGELOG.md	False	True	True	True
32938	utilum	2018-05-20 19:21:19	eugeneius	2018-05-21 23:06:17	activesupport/lib/active_support/core_ext/range/include_range.rb	False	True	True	True
32938	utilum	2018-05-20 19:21:19	eugeneius	2018-05-21 23:06:17	activesupport/lib/active_support/core_ext/range/compare_range.rb	False	True	True	True
32938	utilum	2018-05-20 19:21:19	eugeneius	2018-05-21 23:06:17	activesupport/lib/active_support/core_ext/range.rb	False	True	True	True
32938	utilum	2018-05-20 19:21:19	eugeneius	2018-05-21 23:06:17	guides/source/active_support_core_extensions.md	False	True	True	True
32937	assain	2018-05-20 18:50:05	kaspth	2018-07-07 15:00:55	railties/lib/rails/application/configuration.rb	True	False	True	True
32937	assain	2018-05-20 18:50:05	kaspth	2018-07-07 15:00:55	railties/lib/rails/application.rb	True	False	True	True
32937	assain	2018-05-20 18:50:05	kaspth	2018-07-07 15:00:55	actionpack/test/dispatch/cookies_test.rb	True	False	True	True
32937	assain	2018-05-20 18:50:05	kaspth	2018-07-07 15:00:55	actionpack/lib/action_dispatch/railtie.rb	True	False	True	True
32937	assain	2018-05-20 18:50:05	kaspth	2018-07-01 15:49:34	railties/test/application/middleware/cookies_test.rb	True	False	True	True
32937	assain	2018-05-20 18:50:05	kaspth	2018-07-07 15:00:55	actionpack/lib/action_dispatch/middleware/cookies.rb	True	False	True	True
32937	assain	2018-05-20 18:50:05	kaspth	2018-07-01 15:49:34	railties/test/application/middleware/session_test.rb	True	False	True	True
32937	assain	2018-05-20 18:50:05	kaspth	2018-07-01 15:49:34	railties/lib/rails/application/configuration.rb	True	False	True	True
32937	assain	2018-05-20 18:50:05	kaspth	2018-07-01 15:49:34	railties/lib/rails/generators/rails/app/templates/config/initializers/new_framework_defaults_6_0.rb.tt	True	False	True	True
32937	assain	2018-05-20 18:50:05	guilleiguaran	2018-06-11 17:56:52	actionpack/lib/action_dispatch/middleware/cookies.rb	True	False	True	True
32937	assain	2018-05-20 18:50:05	kaspth	2018-07-07 15:00:55	railties/lib/rails/generators/rails/app/templates/config/initializers/new_framework_defaults_6_0.rb.tt	True	False	True	True
32937	assain	2018-05-20 18:50:05	kaspth	2018-08-12 17:02:30	railties/lib/rails/generators/rails/app/templates/config/initializers/new_framework_defaults_6_0.rb.tt	True	False	True	True
32937	assain	2018-05-20 18:50:05	kaspth	2018-07-07 15:00:55	railties/test/application/middleware/cookies_test.rb	True	False	True	True
32937	assain	2018-05-20 18:50:05	kaspth	2018-07-07 15:00:55	railties/test/application/middleware/session_test.rb	True	False	True	True
32937	assain	2018-05-20 18:50:05	kaspth	2018-08-12 17:02:30	actionpack/lib/action_dispatch/middleware/cookies.rb	True	False	True	True
32937	assain	2018-05-20 18:50:05	kaspth	2018-08-12 17:02:30	actionpack/lib/action_dispatch/railtie.rb	True	False	True	True
32937	assain	2018-05-20 18:50:05	kaspth	2018-08-12 17:02:30	actionpack/test/dispatch/cookies_test.rb	True	False	True	True
32937	assain	2018-05-20 18:50:05	kaspth	2018-08-12 17:02:30	railties/lib/rails/application.rb	True	False	True	True
32937	assain	2018-05-20 18:50:05	kaspth	2018-08-12 17:02:30	railties/lib/rails/application/configuration.rb	True	False	True	True
32937	assain	2018-05-20 18:50:05	kaspth	2018-07-01 15:49:34	actionpack/test/dispatch/cookies_test.rb	True	False	True	True
32937	assain	2018-05-20 18:50:05	kaspth	2018-08-12 17:02:30	railties/test/application/middleware/cookies_test.rb	True	False	True	True
32937	assain	2018-05-20 18:50:05	kaspth	2018-08-12 17:02:30	railties/test/application/middleware/session_test.rb	True	False	True	True
32937	assain	2018-05-20 18:50:05	kaspth	2018-06-12 14:29:12	actionpack/lib/action_dispatch/middleware/cookies.rb	True	False	True	True
32937	assain	2018-05-20 18:50:05	kaspth	2018-06-12 14:29:12	actionpack/lib/action_dispatch/railtie.rb	True	False	True	True
32937	assain	2018-05-20 18:50:05	kaspth	2018-07-01 15:49:34	railties/lib/rails/application.rb	True	False	True	True
32937	assain	2018-05-20 18:50:05	kaspth	2018-07-01 14:18:09	actionpack/test/dispatch/cookies_test.rb	True	False	True	True
32937	assain	2018-05-20 18:50:05	kaspth	2018-07-01 15:49:34	actionpack/lib/action_dispatch/railtie.rb	True	False	True	True
32937	assain	2018-05-20 18:50:05	kaspth	2018-07-01 15:49:34	actionpack/lib/action_dispatch/middleware/cookies.rb	True	False	True	True
32937	assain	2018-05-20 18:50:05	kaspth	2018-06-12 14:29:12	railties/lib/rails/application.rb	True	False	True	True
32937	assain	2018-05-20 18:50:05	guilleiguaran	2018-06-11 17:56:52	actionpack/lib/action_dispatch/railtie.rb	True	False	True	True
32937	assain	2018-05-20 18:50:05	guilleiguaran	2018-06-11 17:56:52	actionpack/test/dispatch/cookies_test.rb	True	False	True	True
32937	assain	2018-05-20 18:50:05	guilleiguaran	2018-06-11 17:56:52	railties/lib/rails/application.rb	True	False	True	True
32937	assain	2018-05-20 18:50:05	guilleiguaran	2018-06-11 17:56:52	railties/lib/rails/application/configuration.rb	True	False	True	True
32937	assain	2018-05-20 18:50:05	guilleiguaran	2018-06-11 17:56:52	railties/lib/rails/generators/rails/app/templates/config/initializers/new_framework_defaults_6_0.rb.tt	True	False	True	True
32937	assain	2018-05-20 18:50:05	guilleiguaran	2018-06-11 17:56:52	railties/test/application/middleware/cookies_test.rb	True	False	True	True
32937	assain	2018-05-20 18:50:05	guilleiguaran	2018-06-11 17:56:52	railties/test/application/middleware/session_test.rb	True	False	True	True
32937	assain	2018-05-20 18:50:05	sikachu	2018-06-27 00:50:31	actionpack/lib/action_dispatch/middleware/cookies.rb	True	False	True	True
32937	assain	2018-05-20 18:50:05	sikachu	2018-06-27 00:50:31	actionpack/lib/action_dispatch/railtie.rb	True	False	True	True
32937	assain	2018-05-20 18:50:05	sikachu	2018-06-27 00:50:31	actionpack/test/dispatch/cookies_test.rb	True	False	True	True
32937	assain	2018-05-20 18:50:05	sikachu	2018-06-27 00:50:31	railties/lib/rails/application.rb	True	False	True	True
32937	assain	2018-05-20 18:50:05	sikachu	2018-06-27 00:50:31	railties/lib/rails/application/configuration.rb	True	False	True	True
32937	assain	2018-05-20 18:50:05	sikachu	2018-06-27 00:50:31	railties/lib/rails/generators/rails/app/templates/config/initializers/new_framework_defaults_6_0.rb.tt	True	False	True	True
32937	assain	2018-05-20 18:50:05	sikachu	2018-06-27 00:50:31	railties/test/application/middleware/cookies_test.rb	True	False	True	True
32937	assain	2018-05-20 18:50:05	sikachu	2018-06-27 00:50:31	railties/test/application/middleware/session_test.rb	True	False	True	True
32937	assain	2018-05-20 18:50:05	kaspth	2018-07-01 14:18:09	actionpack/lib/action_dispatch/middleware/cookies.rb	True	False	True	True
32937	assain	2018-05-20 18:50:05	kaspth	2018-07-01 14:18:09	actionpack/lib/action_dispatch/railtie.rb	True	False	True	True
32937	assain	2018-05-20 18:50:05	kaspth	2018-07-01 14:18:09	railties/lib/rails/application.rb	True	False	True	True
32937	assain	2018-05-20 18:50:05	kaspth	2018-07-01 14:18:09	railties/lib/rails/application/configuration.rb	True	False	True	True
32937	assain	2018-05-20 18:50:05	kaspth	2018-07-01 14:18:09	railties/lib/rails/generators/rails/app/templates/config/initializers/new_framework_defaults_6_0.rb.tt	True	False	True	True
32937	assain	2018-05-20 18:50:05	kaspth	2018-07-01 14:18:09	railties/test/application/middleware/cookies_test.rb	True	False	True	True
32937	assain	2018-05-20 18:50:05	kaspth	2018-07-01 14:18:09	railties/test/application/middleware/session_test.rb	True	False	True	True
32937	assain	2018-05-20 18:50:05	kaspth	2018-06-12 14:29:12	actionpack/test/dispatch/cookies_test.rb	True	False	True	True
32937	assain	2018-05-20 18:50:05	Edouard-chin	2018-05-20 22:10:11	actionpack/test/dispatch/cookies_test.rb	True	False	True	True
32937	assain	2018-05-20 18:50:05	kaspth	2018-06-12 14:29:12	railties/lib/rails/application/configuration.rb	True	False	True	True
32937	assain	2018-05-20 18:50:05	mjc-gh	2018-06-11 00:24:14	railties/test/application/middleware/session_test.rb	True	False	True	True
32937	assain	2018-05-20 18:50:05	Edouard-chin	2018-05-20 19:57:26	actionpack/lib/action_dispatch/railtie.rb	True	False	True	True
32937	assain	2018-05-20 18:50:05	Edouard-chin	2018-05-20 19:57:26	actionpack/test/dispatch/cookies_test.rb	True	False	True	True
32937	assain	2018-05-20 18:50:05	Edouard-chin	2018-05-20 19:57:26	railties/lib/rails/application.rb	True	False	True	True
32937	assain	2018-05-20 18:50:05	Edouard-chin	2018-05-20 19:57:26	railties/lib/rails/application/configuration.rb	True	False	True	True
32937	assain	2018-05-20 18:50:05	Edouard-chin	2018-05-20 19:57:26	railties/lib/rails/generators/rails/app/templates/config/initializers/new_framework_defaults_6_0.rb.tt	True	False	True	True
32937	assain	2018-05-20 18:50:05	Edouard-chin	2018-05-20 19:57:26	railties/test/application/middleware/cookies_test.rb	True	False	True	True
32937	assain	2018-05-20 18:50:05	Edouard-chin	2018-05-20 19:57:26	railties/test/application/middleware/session_test.rb	True	False	True	True
32937	assain	2018-05-20 18:50:05	mjc-gh	2018-06-10 21:55:21	actionpack/lib/action_dispatch/middleware/cookies.rb	True	False	True	True
32937	assain	2018-05-20 18:50:05	mjc-gh	2018-06-10 21:55:21	actionpack/lib/action_dispatch/railtie.rb	True	False	True	True
32937	assain	2018-05-20 18:50:05	mjc-gh	2018-06-10 21:55:21	actionpack/test/dispatch/cookies_test.rb	True	False	True	True
32937	assain	2018-05-20 18:50:05	mjc-gh	2018-06-10 21:55:21	railties/lib/rails/application.rb	True	False	True	True
32937	assain	2018-05-20 18:50:05	mjc-gh	2018-06-10 21:55:21	railties/lib/rails/application/configuration.rb	True	False	True	True
32937	assain	2018-05-20 18:50:05	mjc-gh	2018-06-10 21:55:21	railties/test/application/middleware/cookies_test.rb	True	False	True	True
32937	assain	2018-05-20 18:50:05	mjc-gh	2018-06-10 21:55:21	railties/test/application/middleware/session_test.rb	True	False	True	True
32937	assain	2018-05-20 18:50:05	Edouard-chin	2018-05-22 18:52:05	actionpack/lib/action_dispatch/middleware/cookies.rb	True	False	True	True
32937	assain	2018-05-20 18:50:05	Edouard-chin	2018-05-22 18:52:05	actionpack/lib/action_dispatch/railtie.rb	True	False	True	True
32937	assain	2018-05-20 18:50:05	Edouard-chin	2018-05-22 18:52:05	actionpack/test/dispatch/cookies_test.rb	True	False	True	True
32937	assain	2018-05-20 18:50:05	Edouard-chin	2018-05-22 18:52:05	railties/lib/rails/application.rb	True	False	True	True
32937	assain	2018-05-20 18:50:05	Edouard-chin	2018-05-22 18:52:05	railties/lib/rails/application/configuration.rb	True	False	True	True
32937	assain	2018-05-20 18:50:05	Edouard-chin	2018-05-22 18:52:05	railties/lib/rails/generators/rails/app/templates/config/initializers/new_framework_defaults_6_0.rb.tt	True	False	True	True
32937	assain	2018-05-20 18:50:05	Edouard-chin	2018-05-22 18:52:05	railties/test/application/middleware/cookies_test.rb	True	False	True	True
32937	assain	2018-05-20 18:50:05	Edouard-chin	2018-05-22 18:52:05	railties/test/application/middleware/session_test.rb	True	False	True	True
32937	assain	2018-05-20 18:50:05	kaspth	2018-06-12 14:29:12	railties/lib/rails/generators/rails/app/templates/config/initializers/new_framework_defaults_6_0.rb.tt	True	False	True	True
32937	assain	2018-05-20 18:50:05	Edouard-chin	2018-05-20 19:57:26	actionpack/lib/action_dispatch/middleware/cookies.rb	True	False	True	True
32937	assain	2018-05-20 18:50:05	mjc-gh	2018-06-10 21:55:21	railties/lib/rails/generators/rails/app/templates/config/initializers/new_framework_defaults_6_0.rb.tt	True	False	True	True
32937	assain	2018-05-20 18:50:05	mjc-gh	2018-06-11 00:24:14	railties/test/application/middleware/cookies_test.rb	True	False	True	True
32937	assain	2018-05-20 18:50:05	Edouard-chin	2018-05-20 22:10:11	actionpack/lib/action_dispatch/middleware/cookies.rb	True	False	True	True
32937	assain	2018-05-20 18:50:05	mjc-gh	2018-06-11 00:24:14	railties/lib/rails/generators/rails/app/templates/config/initializers/new_framework_defaults_6_0.rb.tt	True	False	True	True
32937	assain	2018-05-20 18:50:05	kaspth	2018-06-12 14:29:12	railties/test/application/middleware/cookies_test.rb	True	False	True	True
32937	assain	2018-05-20 18:50:05	kaspth	2018-06-12 14:29:12	railties/test/application/middleware/session_test.rb	True	False	True	True
32937	assain	2018-05-20 18:50:05	kaspth	2018-07-02 16:47:13	actionpack/lib/action_dispatch/middleware/cookies.rb	True	False	True	True
32937	assain	2018-05-20 18:50:05	kaspth	2018-07-02 16:47:13	actionpack/lib/action_dispatch/railtie.rb	True	False	True	True
32937	assain	2018-05-20 18:50:05	kaspth	2018-07-02 16:47:13	actionpack/test/dispatch/cookies_test.rb	True	False	True	True
32937	assain	2018-05-20 18:50:05	kaspth	2018-07-02 16:47:13	railties/lib/rails/application.rb	True	False	True	True
32937	assain	2018-05-20 18:50:05	kaspth	2018-07-02 16:47:13	railties/lib/rails/application/configuration.rb	True	False	True	True
32937	assain	2018-05-20 18:50:05	kaspth	2018-07-02 16:47:13	railties/lib/rails/generators/rails/app/templates/config/initializers/new_framework_defaults_6_0.rb.tt	True	False	True	True
32937	assain	2018-05-20 18:50:05	kaspth	2018-07-02 16:47:13	railties/test/application/middleware/session_test.rb	True	False	True	True
32937	assain	2018-05-20 18:50:05	kaspth	2018-07-02 16:47:13	railties/test/application/middleware/cookies_test.rb	True	False	True	True
32937	assain	2018-05-20 18:50:05	mjc-gh	2018-06-11 00:24:14	actionpack/lib/action_dispatch/railtie.rb	True	False	True	True
32937	assain	2018-05-20 18:50:05	mjc-gh	2018-06-11 00:24:14	railties/lib/rails/application/configuration.rb	True	False	True	True
32937	assain	2018-05-20 18:50:05	Edouard-chin	2018-05-20 22:10:11	railties/lib/rails/application.rb	True	False	True	True
32937	assain	2018-05-20 18:50:05	Edouard-chin	2018-05-20 22:10:11	railties/lib/rails/application/configuration.rb	True	False	True	True
32937	assain	2018-05-20 18:50:05	Edouard-chin	2018-05-20 22:10:11	railties/lib/rails/generators/rails/app/templates/config/initializers/new_framework_defaults_6_0.rb.tt	True	False	True	True
32937	assain	2018-05-20 18:50:05	Edouard-chin	2018-05-20 22:10:11	railties/test/application/middleware/cookies_test.rb	True	False	True	True
32937	assain	2018-05-20 18:50:05	Edouard-chin	2018-05-20 22:10:11	railties/test/application/middleware/session_test.rb	True	False	True	True
32937	assain	2018-05-20 18:50:05	mjc-gh	2018-06-11 00:24:14	actionpack/lib/action_dispatch/middleware/cookies.rb	True	False	True	True
32937	assain	2018-05-20 18:50:05	Edouard-chin	2018-05-20 22:10:11	actionpack/lib/action_dispatch/railtie.rb	True	False	True	True
32937	assain	2018-05-20 18:50:05	mjc-gh	2018-06-11 00:24:14	actionpack/test/dispatch/cookies_test.rb	True	False	True	True
32937	assain	2018-05-20 18:50:05	mjc-gh	2018-06-11 00:24:14	railties/lib/rails/application.rb	True	False	True	True
32936	jacobsmith	2018-05-20 02:25:23	georgeclaghorn	2018-05-21 04:36:47	activestorage/test/models/variant_test.rb	True	True	True	True
32936	jacobsmith	2018-05-20 02:25:23	georgeclaghorn	2018-05-21 04:36:47	activestorage/app/models/active_storage/variation.rb	True	True	True	True
32936	jacobsmith	2018-05-20 02:25:23	georgeclaghorn	2018-05-21 04:36:47	activestorage/CHANGELOG.md	True	True	True	True
32936	jacobsmith	2018-05-20 02:25:23	georgeclaghorn	2018-05-21 15:49:14	activestorage/CHANGELOG.md	True	True	True	True
32936	jacobsmith	2018-05-20 02:25:23	georgeclaghorn	2018-05-21 15:49:14	activestorage/test/models/variant_test.rb	True	True	True	True
32936	jacobsmith	2018-05-20 02:25:23	georgeclaghorn	2018-05-21 15:49:14	activestorage/app/models/active_storage/variation.rb	True	True	True	True
32936	jacobsmith	2018-05-20 02:25:23	georgeclaghorn	2018-05-21 04:07:13	activestorage/app/models/active_storage/variation.rb	True	True	True	True
32936	jacobsmith	2018-05-20 02:25:23	georgeclaghorn	2018-05-21 04:07:13	activestorage/CHANGELOG.md	True	True	True	True
32936	jacobsmith	2018-05-20 02:25:23	georgeclaghorn	2018-05-21 03:50:23	activestorage/CHANGELOG.md	True	True	True	True
32936	jacobsmith	2018-05-20 02:25:23	georgeclaghorn	2018-05-21 04:07:13	activestorage/test/models/variant_test.rb	True	True	True	True
32936	jacobsmith	2018-05-20 02:25:23	georgeclaghorn	2018-05-21 03:01:44	activestorage/app/models/active_storage/variation.rb	True	True	True	True
32936	jacobsmith	2018-05-20 02:25:23	georgeclaghorn	2018-05-21 03:01:44	activestorage/test/models/variant_test.rb	True	True	True	True
32936	jacobsmith	2018-05-20 02:25:23	georgeclaghorn	2018-05-21 03:50:23	activestorage/app/models/active_storage/variation.rb	True	True	True	True
32936	jacobsmith	2018-05-20 02:25:23	georgeclaghorn	2018-05-21 03:50:23	activestorage/test/models/variant_test.rb	True	True	True	True
32936	jacobsmith	2018-05-20 02:25:23	georgeclaghorn	2018-05-21 03:01:44	activestorage/CHANGELOG.md	True	True	True	True
32932	y-yagi	2018-05-19 03:22:09	rafaelfranca	2018-09-13 20:04:32	actionpack/test/dispatch/content_security_policy_test.rb	True	True	False	True
32932	y-yagi	2018-05-19 03:22:09	rafaelfranca	2018-09-13 20:04:32	actionpack/lib/action_dispatch/http/content_security_policy.rb	True	True	False	True
32923	yahonda	2018-05-17 23:41:13	kamipo	2018-05-20 13:38:54	activerecord/lib/active_record/connection_adapters/abstract/schema_statements.rb	True	False	True	True
32923	yahonda	2018-05-17 23:41:13	kamipo	2018-05-20 13:37:05	activerecord/lib/active_record/connection_adapters/abstract/schema_statements.rb	True	False	True	True
32923	yahonda	2018-05-17 23:41:13	kamipo	2018-05-20 13:38:54	activerecord/test/cases/schema_dumper_test.rb	True	False	True	True
32923	yahonda	2018-05-17 23:41:13	kamipo	2018-05-20 13:38:54	activerecord/test/cases/adapter_test.rb	True	False	True	True
32923	yahonda	2018-05-17 23:41:13	kamipo	2018-05-20 13:38:54	activerecord/lib/active_record/connection_adapters/sqlite3_adapter.rb	True	False	True	True
32923	yahonda	2018-05-17 23:41:13	kamipo	2018-05-20 13:38:54	activerecord/lib/active_record/connection_adapters/abstract_adapter.rb	True	False	True	True
32923	yahonda	2018-05-17 23:41:13	kamipo	2018-05-20 23:38:30	activerecord/lib/active_record/connection_adapters/abstract_adapter.rb	True	False	True	True
32923	yahonda	2018-05-17 23:41:13	kamipo	2018-05-20 23:38:30	activerecord/test/cases/schema_dumper_test.rb	True	False	True	True
32923	yahonda	2018-05-17 23:41:13	kamipo	2018-05-20 23:38:30	activerecord/test/cases/adapter_test.rb	True	False	True	True
32923	yahonda	2018-05-17 23:41:13	kamipo	2018-05-20 23:38:30	activerecord/lib/active_record/connection_adapters/sqlite3_adapter.rb	True	False	True	True
32923	yahonda	2018-05-17 23:41:13	kamipo	2018-05-20 23:38:30	activerecord/lib/active_record/connection_adapters/abstract/schema_statements.rb	True	False	True	True
32923	yahonda	2018-05-17 23:41:13	kamipo	2018-05-20 13:37:05	activerecord/lib/active_record/connection_adapters/sqlite3_adapter.rb	True	False	True	True
32923	yahonda	2018-05-17 23:41:13	kamipo	2018-05-20 13:37:05	activerecord/lib/active_record/connection_adapters/abstract_adapter.rb	True	False	True	True
32923	yahonda	2018-05-17 23:41:13	matthewd	2018-05-18 04:26:21	activerecord/lib/active_record/connection_adapters/abstract/schema_statements.rb	True	False	True	True
32923	yahonda	2018-05-17 23:41:13	kamipo	2018-05-20 13:37:05	activerecord/test/cases/adapter_test.rb	True	False	True	True
32923	yahonda	2018-05-17 23:41:13	kamipo	2018-05-20 13:37:05	activerecord/test/cases/schema_dumper_test.rb	True	False	True	True
32923	yahonda	2018-05-17 23:41:13	matthewd	2018-05-18 04:26:21	activerecord/lib/active_record/connection_adapters/abstract_adapter.rb	True	False	True	True
32923	yahonda	2018-05-17 23:41:13	matthewd	2018-05-18 04:26:21	activerecord/lib/active_record/connection_adapters/sqlite3_adapter.rb	True	False	True	True
32923	yahonda	2018-05-17 23:41:13	matthewd	2018-05-18 04:26:21	activerecord/test/cases/adapter_test.rb	True	False	True	True
32923	yahonda	2018-05-17 23:41:13	matthewd	2018-05-18 04:26:21	activerecord/test/cases/schema_dumper_test.rb	True	False	True	True
32923	yahonda	2018-05-17 23:41:13	kamipo	2018-05-20 13:40:14	activerecord/lib/active_record/connection_adapters/abstract/schema_statements.rb	True	False	True	True
32923	yahonda	2018-05-17 23:41:13	kamipo	2018-05-20 13:40:14	activerecord/lib/active_record/connection_adapters/abstract_adapter.rb	True	False	True	True
32923	yahonda	2018-05-17 23:41:13	kamipo	2018-05-20 13:40:14	activerecord/lib/active_record/connection_adapters/sqlite3_adapter.rb	True	False	True	True
32923	yahonda	2018-05-17 23:41:13	kamipo	2018-05-20 13:40:14	activerecord/test/cases/adapter_test.rb	True	False	True	True
32923	yahonda	2018-05-17 23:41:13	kamipo	2018-05-20 13:40:14	activerecord/test/cases/schema_dumper_test.rb	True	False	True	True
32922	awlamb	2018-05-17 21:53:04	rafaelfranca	2018-05-17 22:10:52	guides/source/active_storage_overview.md	True	False	True	True
32911	eugeneius	2018-05-16 22:46:33	kamipo	2018-05-19 00:30:17	activerecord/test/cases/transactions_test.rb	True	False	True	True
32911	eugeneius	2018-05-16 22:46:33	kamipo	2018-05-19 00:30:17	activerecord/lib/active_record/connection_adapters/abstract/transaction.rb	True	False	True	True
32911	eugeneius	2018-05-16 22:46:33	kamipo	2018-05-19 00:30:17	activerecord/lib/active_record/transactions.rb	True	False	True	True
32911	eugeneius	2018-05-16 22:46:33	kamipo	2018-05-18 23:47:02	activerecord/lib/active_record/connection_adapters/abstract/transaction.rb	True	False	True	True
32911	eugeneius	2018-05-16 22:46:33	kamipo	2018-05-18 23:47:02	activerecord/lib/active_record/transactions.rb	True	False	True	True
32911	eugeneius	2018-05-16 22:46:33	kamipo	2018-05-18 23:47:02	activerecord/test/cases/transactions_test.rb	True	False	True	True
32881	vfonic	2018-05-13 19:41:53	rafaelfranca	2018-10-23 05:49:18	guides/source/development_dependencies_install.md	False	True	True	True
32881	vfonic	2018-05-13 19:41:53	robin850	2018-10-30 22:18:25	guides/source/development_dependencies_install.md	True	True	True	True
32881	vfonic	2018-05-13 19:41:53	robin850	2018-10-30 22:18:25	guides/source/development_dependencies_install.md	False	True	True	True
32881	vfonic	2018-05-13 19:41:53	robin850	2018-10-30 22:18:25	guides/source/contributing_to_ruby_on_rails.md	False	True	True	True
32881	vfonic	2018-05-13 19:41:53	robin850	2018-10-30 22:18:25	guides/source/ruby_on_rails_guides_guidelines.md	False	True	True	True
32881	vfonic	2018-05-13 19:41:53	dillonwelch	2018-09-29 05:34:03	guides/source/ruby_on_rails_guides_guidelines.md	True	True	True	True
32881	vfonic	2018-05-13 19:41:53	robin850	2018-10-30 22:18:25	guides/source/ruby_on_rails_guides_guidelines.md	True	True	True	True
32881	vfonic	2018-05-13 19:41:53	dillonwelch	2018-09-29 05:34:03	guides/source/development_dependencies_install.md	False	True	True	True
32881	vfonic	2018-05-13 19:41:53	dillonwelch	2018-09-29 05:34:03	guides/source/contributing_to_ruby_on_rails.md	False	True	True	True
32881	vfonic	2018-05-13 19:41:53	dillonwelch	2018-09-29 05:34:03	guides/source/ruby_on_rails_guides_guidelines.md	False	True	True	True
32881	vfonic	2018-05-13 19:41:53	rafaelfranca	2018-10-23 05:49:18	guides/source/ruby_on_rails_guides_guidelines.md	True	True	True	True
32881	vfonic	2018-05-13 19:41:53	rafaelfranca	2018-10-23 05:49:18	guides/source/development_dependencies_install.md	True	True	True	True
32881	vfonic	2018-05-13 19:41:53	dillonwelch	2018-09-29 05:34:03	guides/source/development_dependencies_install.md	True	True	True	True
32881	vfonic	2018-05-13 19:41:53	rafaelfranca	2018-10-23 05:49:18	guides/source/contributing_to_ruby_on_rails.md	False	True	True	True
32881	vfonic	2018-05-13 19:41:53	dillonwelch	2018-10-22 16:43:03	guides/source/ruby_on_rails_guides_guidelines.md	True	True	True	True
32881	vfonic	2018-05-13 19:41:53	rafaelfranca	2018-10-23 05:49:18	guides/source/ruby_on_rails_guides_guidelines.md	False	True	True	True
32881	vfonic	2018-05-13 19:41:53	dillonwelch	2018-10-22 16:43:03	guides/source/ruby_on_rails_guides_guidelines.md	False	True	True	True
32881	vfonic	2018-05-13 19:41:53	dillonwelch	2018-10-22 16:43:03	guides/source/contributing_to_ruby_on_rails.md	False	True	True	True
32881	vfonic	2018-05-13 19:41:53	dillonwelch	2018-10-22 16:43:03	guides/source/development_dependencies_install.md	True	True	True	True
32881	vfonic	2018-05-13 19:41:53	dillonwelch	2018-10-22 16:43:03	guides/source/development_dependencies_install.md	False	True	True	True
32881	vfonic	2018-05-13 19:41:53	robin850	2018-10-23 18:07:54	guides/source/ruby_on_rails_guides_guidelines.md	False	True	True	True
32881	vfonic	2018-05-13 19:41:53	robin850	2018-10-23 18:07:54	guides/source/contributing_to_ruby_on_rails.md	False	True	True	True
32881	vfonic	2018-05-13 19:41:53	robin850	2018-10-23 18:07:54	guides/source/development_dependencies_install.md	False	True	True	True
32881	vfonic	2018-05-13 19:41:53	robin850	2018-10-23 18:07:54	guides/source/development_dependencies_install.md	True	True	True	True
32881	vfonic	2018-05-13 19:41:53	robin850	2018-10-23 18:07:54	guides/source/ruby_on_rails_guides_guidelines.md	True	True	True	True
32876	wata727	2018-05-12 06:28:23	georgeclaghorn	2018-05-12 22:41:27	activerecord/lib/active_record/connection_adapters/abstract/schema_definitions.rb	True	False	False	True
32872	utilum	2018-05-11 13:14:10	gmcgibbon	2018-12-14 21:08:35	guides/source/active_record_migrations.md	True	True	True	True
32872	utilum	2018-05-11 13:14:10	vipulnsward	2018-05-11 13:23:19	guides/source/active_record_migrations.md	True	True	True	True
32868	beyond	2018-05-10 22:33:13	saiqulhaq	2018-05-17 09:02:46	activesupport/lib/active_support/cache/file_store.rb	True	True	True	True
32868	beyond	2018-05-10 22:33:13	rafaelfranca	2020-03-30 19:43:25	activesupport/lib/active_support/cache/file_store.rb	True	True	True	True
32868	beyond	2018-05-10 22:33:13	saiqulhaq	2018-08-10 11:55:51	activesupport/lib/active_support/cache/file_store.rb	True	True	True	True
32868	beyond	2018-05-10 22:33:13	saiqulhaq	2018-08-10 11:55:51	activesupport/test/cache/stores/file_store_test.rb	True	True	True	True
32868	beyond	2018-05-10 22:33:13	rafaelfranca	2020-03-30 19:43:25	activesupport/test/cache/stores/file_store_test.rb	True	True	True	True
32868	beyond	2018-05-10 22:33:13	saiqulhaq	2018-05-17 09:02:46	activesupport/test/cache/stores/file_store_test.rb	True	True	True	True
32868	beyond	2018-05-10 22:33:13	saiqulhaq	2018-05-14 17:37:56	activesupport/test/cache/stores/file_store_test.rb	True	True	True	True
32868	beyond	2018-05-10 22:33:13	saiqulhaq	2018-05-14 17:37:56	activesupport/lib/active_support/cache/file_store.rb	True	True	True	True
32865	yahonda	2018-05-10 12:32:14	kamipo	2018-05-21 12:29:10	activerecord/test/cases/migration/foreign_key_test.rb	True	True	True	True
32865	yahonda	2018-05-10 12:32:14	kamipo	2018-05-21 12:29:10	activerecord/lib/active_record/connection_adapters/sqlite3_adapter.rb	True	True	True	True
32865	yahonda	2018-05-10 12:32:14	kamipo	2018-05-21 13:33:39	activerecord/test/cases/migration/foreign_key_test.rb	True	True	True	True
32865	yahonda	2018-05-10 12:32:14	kamipo	2018-05-21 13:33:39	activerecord/lib/active_record/connection_adapters/sqlite3_adapter.rb	True	True	True	True
32862	eugeneius	2018-05-10 01:18:43	kamipo	2018-05-13 02:03:30	activerecord/test/cases/transactions_test.rb	True	True	False	True
32862	eugeneius	2018-05-10 01:18:43	kamipo	2018-05-13 02:03:30	activerecord/lib/active_record/transactions.rb	True	True	False	True
32861	zvkemp	2018-05-09 22:14:37	jhawthorn	2019-02-11 23:52:14	activesupport/lib/active_support/notifications.rb	False	True	True	True
32861	zvkemp	2018-05-09 22:14:37	jhawthorn	2019-02-12 00:00:29	activesupport/lib/active_support/notifications/fanout.rb	False	True	True	True
32861	zvkemp	2018-05-09 22:14:37	jhawthorn	2019-02-12 00:00:29	activesupport/lib/active_support/notifications.rb	False	True	True	True
32861	zvkemp	2018-05-09 22:14:37	jhawthorn	2019-02-12 00:00:29	activesupport/CHANGELOG.md	False	True	True	True
32861	zvkemp	2018-05-09 22:14:37	jhawthorn	2019-02-11 23:52:14	activesupport/test/notifications_test.rb	False	True	True	True
32861	zvkemp	2018-05-09 22:14:37	jhawthorn	2019-02-11 23:52:14	activesupport/test/notifications/evented_notification_test.rb	False	True	True	True
32861	zvkemp	2018-05-09 22:14:37	jhawthorn	2019-02-11 23:52:14	activesupport/lib/active_support/notifications/fanout.rb	False	True	True	True
32861	zvkemp	2018-05-09 22:14:37	chancancode	2019-02-11 20:34:40	activesupport/lib/active_support/notifications/fanout.rb	False	True	True	True
32861	zvkemp	2018-05-09 22:14:37	jhawthorn	2019-02-11 23:52:14	activesupport/CHANGELOG.md	False	True	True	True
32861	zvkemp	2018-05-09 22:14:37	chancancode	2019-02-11 20:34:40	activesupport/test/notifications_test.rb	False	True	True	True
32861	zvkemp	2018-05-09 22:14:37	chancancode	2019-02-11 20:34:40	activesupport/test/notifications/evented_notification_test.rb	False	True	True	True
32861	zvkemp	2018-05-09 22:14:37	chancancode	2019-02-11 20:34:40	activesupport/lib/active_support/notifications.rb	False	True	True	True
32861	zvkemp	2018-05-09 22:14:37	chancancode	2019-02-11 20:34:40	activesupport/CHANGELOG.md	False	True	True	True
32861	zvkemp	2018-05-09 22:14:37	jhawthorn	2019-02-12 00:00:29	activesupport/test/notifications_test.rb	False	True	True	True
32861	zvkemp	2018-05-09 22:14:37	jhawthorn	2019-02-12 00:00:29	activesupport/test/notifications/evented_notification_test.rb	False	True	True	True
32861	zvkemp	2018-05-09 22:14:37	tenderlove	2019-02-11 23:55:59	activesupport/test/notifications/evented_notification_test.rb	False	True	True	True
32861	zvkemp	2018-05-09 22:14:37	jhawthorn	2019-02-11 23:57:37	activesupport/CHANGELOG.md	False	True	True	True
32861	zvkemp	2018-05-09 22:14:37	tenderlove	2019-02-12 00:06:54	activesupport/test/notifications/evented_notification_test.rb	False	True	True	True
32861	zvkemp	2018-05-09 22:14:37	tenderlove	2019-02-11 23:55:59	activesupport/test/notifications_test.rb	False	True	True	True
32861	zvkemp	2018-05-09 22:14:37	jhawthorn	2019-02-11 23:57:37	activesupport/lib/active_support/notifications.rb	False	True	True	True
32861	zvkemp	2018-05-09 22:14:37	tenderlove	2019-02-11 23:55:59	activesupport/lib/active_support/notifications/fanout.rb	False	True	True	True
32861	zvkemp	2018-05-09 22:14:37	tenderlove	2019-02-11 23:55:59	activesupport/lib/active_support/notifications.rb	False	True	True	True
32861	zvkemp	2018-05-09 22:14:37	tenderlove	2019-02-12 00:06:54	activesupport/test/notifications_test.rb	False	True	True	True
32861	zvkemp	2018-05-09 22:14:37	tenderlove	2019-02-11 23:55:59	activesupport/CHANGELOG.md	False	True	True	True
32861	zvkemp	2018-05-09 22:14:37	tenderlove	2019-02-12 00:06:54	activesupport/lib/active_support/notifications/fanout.rb	False	True	True	True
32861	zvkemp	2018-05-09 22:14:37	tenderlove	2019-02-12 00:06:54	activesupport/lib/active_support/notifications.rb	False	True	True	True
32861	zvkemp	2018-05-09 22:14:37	tenderlove	2019-02-12 00:06:54	activesupport/CHANGELOG.md	False	True	True	True
32861	zvkemp	2018-05-09 22:14:37	jhawthorn	2019-02-11 23:57:37	activesupport/test/notifications_test.rb	False	True	True	True
32861	zvkemp	2018-05-09 22:14:37	jhawthorn	2019-02-11 23:57:37	activesupport/test/notifications/evented_notification_test.rb	False	True	True	True
32861	zvkemp	2018-05-09 22:14:37	jhawthorn	2019-02-11 23:57:37	activesupport/lib/active_support/notifications/fanout.rb	False	True	True	True
32852	gmcgibbon	2018-05-09 06:08:14	rafaelfranca	2018-12-12 16:45:48	activemodel/test/cases/validations/numericality_validation_test.rb	True	True	True	True
32852	gmcgibbon	2018-05-09 06:08:14	rafaelfranca	2018-12-12 16:51:39	activemodel/CHANGELOG.md	True	True	True	True
32852	gmcgibbon	2018-05-09 06:08:14	rafaelfranca	2018-12-12 16:51:39	activemodel/lib/active_model/validations/numericality.rb	True	True	True	True
32852	gmcgibbon	2018-05-09 06:08:14	rafaelfranca	2018-12-12 16:51:39	activemodel/test/cases/validations/numericality_validation_test.rb	True	True	True	True
32852	gmcgibbon	2018-05-09 06:08:14	rafaelfranca	2018-12-12 16:45:48	activemodel/CHANGELOG.md	True	True	True	True
32852	gmcgibbon	2018-05-09 06:08:14	rafaelfranca	2018-12-12 16:45:48	activemodel/lib/active_model/validations/numericality.rb	True	True	True	True
32852	gmcgibbon	2018-05-09 06:08:14	dillonwelch	2018-09-29 05:20:55	activemodel/test/cases/validations/numericality_validation_test.rb	True	True	True	True
32852	gmcgibbon	2018-05-09 06:08:14	dillonwelch	2018-10-01 19:30:05	activemodel/CHANGELOG.md	True	True	True	True
32852	gmcgibbon	2018-05-09 06:08:14	dillonwelch	2018-10-01 19:30:05	activemodel/lib/active_model/validations/numericality.rb	True	True	True	True
32852	gmcgibbon	2018-05-09 06:08:14	dillonwelch	2018-10-01 19:30:05	activemodel/test/cases/validations/numericality_validation_test.rb	True	True	True	True
32852	gmcgibbon	2018-05-09 06:08:14	dillonwelch	2018-09-29 05:20:55	activemodel/CHANGELOG.md	True	True	True	True
32852	gmcgibbon	2018-05-09 06:08:14	dillonwelch	2018-09-29 05:20:55	activemodel/lib/active_model/validations/numericality.rb	True	True	True	True
32850	y-yagi	2018-05-09 04:15:51	matthewd	2018-05-10 16:05:02	activerecord/lib/active_record/connection_adapters/connection_specification.rb	True	True	True	True
32850	y-yagi	2018-05-09 04:15:51	dillonwelch	2018-09-29 05:11:45	actioncable/lib/action_cable/server/configuration.rb	True	True	True	True
32850	y-yagi	2018-05-09 04:15:51	dillonwelch	2018-09-29 05:11:45	activerecord/test/cases/connection_specification/resolver_test.rb	True	True	True	True
32850	y-yagi	2018-05-09 04:15:51	matthewd	2018-05-10 16:05:02	actioncable/lib/action_cable/server/configuration.rb	True	True	True	True
32850	y-yagi	2018-05-09 04:15:51	dillonwelch	2018-09-29 05:11:45	activerecord/lib/active_record/connection_adapters/connection_specification.rb	True	True	True	True
32850	y-yagi	2018-05-09 04:15:51	matthewd	2018-05-10 16:05:02	activerecord/test/cases/connection_specification/resolver_test.rb	True	True	True	True
32850	y-yagi	2018-05-09 04:15:51	matthewd	2018-05-10 16:05:44	activerecord/test/cases/connection_specification/resolver_test.rb	True	True	True	True
32850	y-yagi	2018-05-09 04:15:51	matthewd	2018-05-10 16:05:44	actioncable/lib/action_cable/server/configuration.rb	True	True	True	True
32850	y-yagi	2018-05-09 04:15:51	matthewd	2018-05-10 16:05:44	activerecord/lib/active_record/connection_adapters/connection_specification.rb	True	True	True	True
32849	anthonycrumley	2018-05-09 02:52:40	matthewd	2018-05-09 03:10:02	guides/source/routing.md	True	False	True	True
32849	anthonycrumley	2018-05-09 02:52:40	matthewd	2018-05-09 03:10:02	guides/source/form_helpers.md	True	False	True	True
32849	anthonycrumley	2018-05-09 02:52:40	matthewd	2018-05-09 03:10:02	guides/source/caching_with_rails.md	True	False	True	True
32849	anthonycrumley	2018-05-09 02:52:40	matthewd	2018-05-09 03:10:02	guides/source/command_line.md	True	False	True	True
32849	anthonycrumley	2018-05-09 02:52:40	matthewd	2018-05-09 03:10:02	guides/source/configuring.md	True	False	True	True
32849	anthonycrumley	2018-05-09 02:52:40	matthewd	2018-05-09 03:10:02	guides/source/contributing_to_ruby_on_rails.md	True	False	True	True
32849	anthonycrumley	2018-05-09 02:52:40	matthewd	2018-05-09 03:10:02	guides/source/debugging_rails_applications.md	True	False	True	True
32849	anthonycrumley	2018-05-09 02:52:40	matthewd	2018-05-09 03:10:02	guides/source/engines.md	True	False	True	True
32849	anthonycrumley	2018-05-09 02:52:40	matthewd	2018-05-09 03:10:02	guides/source/generators.md	True	False	True	True
32849	anthonycrumley	2018-05-09 02:52:40	matthewd	2018-05-09 03:10:02	guides/source/association_basics.md	True	False	True	True
32849	anthonycrumley	2018-05-09 02:52:40	matthewd	2018-05-09 03:10:02	guides/source/i18n.md	True	False	True	True
32849	anthonycrumley	2018-05-09 02:52:40	matthewd	2018-05-09 03:10:02	guides/source/layouts_and_rendering.md	True	False	True	True
32849	anthonycrumley	2018-05-09 02:52:40	matthewd	2018-05-09 03:10:02	guides/source/plugins.md	True	False	True	True
32849	anthonycrumley	2018-05-09 02:52:40	matthewd	2018-05-09 03:10:02	guides/source/2_3_release_notes.md	True	False	True	True
32849	anthonycrumley	2018-05-09 02:52:40	matthewd	2018-05-09 03:10:02	guides/source/rails_on_rack.md	True	False	True	True
32849	anthonycrumley	2018-05-09 02:52:40	matthewd	2018-05-09 03:10:02	guides/source/getting_started.md	True	False	True	True
32849	anthonycrumley	2018-05-09 02:52:40	matthewd	2018-05-09 03:10:02	guides/source/api_app.md	True	False	True	True
32849	anthonycrumley	2018-05-09 02:52:40	matthewd	2018-05-09 03:10:02	guides/source/asset_pipeline.md	True	False	True	True
32849	anthonycrumley	2018-05-09 02:52:40	matthewd	2018-05-09 03:10:02	guides/source/action_view_overview.md	True	False	True	True
32849	anthonycrumley	2018-05-09 02:52:40	matthewd	2018-05-09 03:10:02	guides/source/testing.md	True	False	True	True
32849	anthonycrumley	2018-05-09 02:52:40	matthewd	2018-05-09 03:10:02	guides/source/3_0_release_notes.md	True	False	True	True
32849	anthonycrumley	2018-05-09 02:52:40	matthewd	2018-05-09 03:10:02	guides/source/5_0_release_notes.md	True	False	True	True
32849	anthonycrumley	2018-05-09 02:52:40	matthewd	2018-05-09 03:10:02	guides/source/5_1_release_notes.md	True	False	True	True
32849	anthonycrumley	2018-05-09 02:52:40	matthewd	2018-05-09 03:10:02	guides/source/action_controller_overview.md	True	False	True	True
32849	anthonycrumley	2018-05-09 02:52:40	matthewd	2018-05-09 03:10:02	guides/source/action_mailer_basics.md	True	False	True	True
32849	anthonycrumley	2018-05-09 02:52:40	matthewd	2018-05-09 03:10:02	guides/source/active_job_basics.md	True	False	True	True
32849	anthonycrumley	2018-05-09 02:52:40	matthewd	2018-05-09 03:10:02	guides/source/active_support_instrumentation.md	True	False	True	True
32849	anthonycrumley	2018-05-09 02:52:40	matthewd	2018-05-09 03:10:02	guides/source/active_model_basics.md	True	False	True	True
32849	anthonycrumley	2018-05-09 02:52:40	matthewd	2018-05-09 03:10:02	guides/source/active_record_basics.md	True	False	True	True
32849	anthonycrumley	2018-05-09 02:52:40	matthewd	2018-05-09 03:10:02	guides/source/active_record_callbacks.md	True	False	True	True
32849	anthonycrumley	2018-05-09 02:52:40	matthewd	2018-05-09 03:10:02	guides/source/active_record_migrations.md	True	False	True	True
32849	anthonycrumley	2018-05-09 02:52:40	matthewd	2018-05-09 03:10:02	guides/source/active_record_querying.md	True	False	True	True
32849	anthonycrumley	2018-05-09 02:52:40	matthewd	2018-05-09 03:10:02	guides/source/active_record_validations.md	True	False	True	True
32849	anthonycrumley	2018-05-09 02:52:40	matthewd	2018-05-09 03:10:02	guides/source/security.md	True	False	True	True
32849	anthonycrumley	2018-05-09 02:52:40	matthewd	2018-05-10 15:51:50	guides/source/action_controller_overview.md	True	False	True	True
32849	anthonycrumley	2018-05-09 02:52:40	matthewd	2018-05-10 15:51:50	guides/source/2_3_release_notes.md	True	False	True	True
32849	anthonycrumley	2018-05-09 02:52:40	matthewd	2018-05-10 15:51:50	guides/source/getting_started.md	True	False	True	True
32849	anthonycrumley	2018-05-09 02:52:40	matthewd	2018-05-10 15:51:50	guides/source/configuring.md	True	False	True	True
32849	anthonycrumley	2018-05-09 02:52:40	matthewd	2018-05-10 15:51:50	guides/source/contributing_to_ruby_on_rails.md	True	False	True	True
32849	anthonycrumley	2018-05-09 02:52:40	matthewd	2018-05-10 15:51:50	guides/source/debugging_rails_applications.md	True	False	True	True
32849	anthonycrumley	2018-05-09 02:52:40	matthewd	2018-05-10 15:51:50	guides/source/engines.md	True	False	True	True
32849	anthonycrumley	2018-05-09 02:52:40	matthewd	2018-05-10 15:51:50	guides/source/form_helpers.md	True	False	True	True
32849	anthonycrumley	2018-05-09 02:52:40	matthewd	2018-05-10 15:51:50	guides/source/generators.md	True	False	True	True
32849	anthonycrumley	2018-05-09 02:52:40	matthewd	2018-05-10 15:51:50	guides/source/i18n.md	True	False	True	True
32849	anthonycrumley	2018-05-09 02:52:40	matthewd	2018-05-10 15:51:50	guides/source/caching_with_rails.md	True	False	True	True
32849	anthonycrumley	2018-05-09 02:52:40	matthewd	2018-05-10 15:51:50	guides/source/layouts_and_rendering.md	True	False	True	True
32849	anthonycrumley	2018-05-09 02:52:40	matthewd	2018-05-10 15:51:50	guides/source/plugins.md	True	False	True	True
32849	anthonycrumley	2018-05-09 02:52:40	matthewd	2018-05-10 15:51:50	guides/source/rails_on_rack.md	True	False	True	True
32849	anthonycrumley	2018-05-09 02:52:40	matthewd	2018-05-10 15:51:50	guides/source/3_0_release_notes.md	True	False	True	True
32849	anthonycrumley	2018-05-09 02:52:40	matthewd	2018-05-10 15:51:50	guides/source/security.md	True	False	True	True
32849	anthonycrumley	2018-05-09 02:52:40	matthewd	2018-05-10 15:51:50	guides/source/testing.md	True	False	True	True
32849	anthonycrumley	2018-05-09 02:52:40	matthewd	2018-05-10 15:51:50	guides/source/command_line.md	True	False	True	True
32849	anthonycrumley	2018-05-09 02:52:40	matthewd	2018-05-10 15:51:50	guides/source/routing.md	True	False	True	True
32849	anthonycrumley	2018-05-09 02:52:40	matthewd	2018-05-10 15:51:50	guides/source/association_basics.md	True	False	True	True
32849	anthonycrumley	2018-05-09 02:52:40	matthewd	2018-05-10 15:51:50	guides/source/active_record_basics.md	True	False	True	True
32849	anthonycrumley	2018-05-09 02:52:40	matthewd	2018-05-10 15:51:50	guides/source/asset_pipeline.md	True	False	True	True
32849	anthonycrumley	2018-05-09 02:52:40	matthewd	2018-05-10 15:51:50	guides/source/5_0_release_notes.md	True	False	True	True
32849	anthonycrumley	2018-05-09 02:52:40	matthewd	2018-05-10 15:51:50	guides/source/5_1_release_notes.md	True	False	True	True
32849	anthonycrumley	2018-05-09 02:52:40	matthewd	2018-05-10 15:51:50	guides/source/action_view_overview.md	True	False	True	True
32849	anthonycrumley	2018-05-09 02:52:40	matthewd	2018-05-10 15:51:50	guides/source/active_job_basics.md	True	False	True	True
32849	anthonycrumley	2018-05-09 02:52:40	matthewd	2018-05-10 15:51:50	guides/source/active_model_basics.md	True	False	True	True
32849	anthonycrumley	2018-05-09 02:52:40	matthewd	2018-05-10 15:51:50	guides/source/action_mailer_basics.md	True	False	True	True
32849	anthonycrumley	2018-05-09 02:52:40	matthewd	2018-05-10 15:51:50	guides/source/active_record_callbacks.md	True	False	True	True
32849	anthonycrumley	2018-05-09 02:52:40	matthewd	2018-05-10 15:51:50	guides/source/active_record_migrations.md	True	False	True	True
32849	anthonycrumley	2018-05-09 02:52:40	matthewd	2018-05-10 15:51:50	guides/source/active_record_querying.md	True	False	True	True
32849	anthonycrumley	2018-05-09 02:52:40	matthewd	2018-05-10 15:51:50	guides/source/active_record_validations.md	True	False	True	True
32849	anthonycrumley	2018-05-09 02:52:40	matthewd	2018-05-10 15:51:50	guides/source/active_support_instrumentation.md	True	False	True	True
32849	anthonycrumley	2018-05-09 02:52:40	matthewd	2018-05-10 15:51:50	guides/source/api_app.md	True	False	True	True
32846	gsamokovarov	2018-05-08 11:38:29	dillonwelch	2018-09-29 05:09:37	activerecord/lib/active_record/scoping/named.rb	True	True	True	True
32846	gsamokovarov	2018-05-08 11:38:29	eugeneius	2018-05-08 16:27:53	activerecord/CHANGELOG.md	True	True	True	True
32846	gsamokovarov	2018-05-08 11:38:29	eugeneius	2018-05-08 16:27:53	activerecord/lib/active_record/relation.rb	True	True	True	True
32846	gsamokovarov	2018-05-08 11:38:29	eugeneius	2018-05-08 16:27:53	activerecord/lib/active_record/scoping/named.rb	True	True	True	True
32846	gsamokovarov	2018-05-08 11:38:29	eugeneius	2018-05-08 16:27:53	activerecord/test/cases/relation_test.rb	True	True	True	True
32846	gsamokovarov	2018-05-08 11:38:29	eugeneius	2018-05-08 16:27:53	activerecord/test/models/post.rb	True	True	True	True
32846	gsamokovarov	2018-05-08 11:38:29	eugeneius	2018-05-08 16:27:53	guides/source/active_record_querying.md	True	True	True	True
32846	gsamokovarov	2018-05-08 11:38:29	dillonwelch	2018-09-29 05:09:37	activerecord/CHANGELOG.md	True	True	True	True
32846	gsamokovarov	2018-05-08 11:38:29	dillonwelch	2018-09-29 05:09:37	activerecord/lib/active_record/relation.rb	True	True	True	True
32846	gsamokovarov	2018-05-08 11:38:29	rafaelfranca	2018-08-21 18:30:11	activerecord/CHANGELOG.md	True	True	True	True
32846	gsamokovarov	2018-05-08 11:38:29	dillonwelch	2018-09-29 05:09:37	activerecord/test/cases/relation_test.rb	True	True	True	True
32846	gsamokovarov	2018-05-08 11:38:29	dillonwelch	2018-09-29 05:09:37	guides/source/active_record_querying.md	True	True	True	True
32846	gsamokovarov	2018-05-08 11:38:29	rafaelfranca	2018-08-21 18:30:11	activerecord/lib/active_record/relation.rb	True	True	True	True
32846	gsamokovarov	2018-05-08 11:38:29	rafaelfranca	2018-08-21 18:30:11	activerecord/lib/active_record/scoping/named.rb	True	True	True	True
32846	gsamokovarov	2018-05-08 11:38:29	rafaelfranca	2018-08-21 18:30:11	activerecord/test/cases/relation_test.rb	True	True	True	True
32846	gsamokovarov	2018-05-08 11:38:29	rafaelfranca	2018-08-21 18:30:11	activerecord/test/models/post.rb	True	True	True	True
32846	gsamokovarov	2018-05-08 11:38:29	rafaelfranca	2018-08-21 18:30:11	guides/source/active_record_querying.md	True	True	True	True
32846	gsamokovarov	2018-05-08 11:38:29	dillonwelch	2018-09-29 05:09:37	activerecord/test/models/post.rb	True	True	True	True
32845	meinac	2018-05-08 08:06:55	claudiob	2018-05-09 05:25:12	actionview/lib/action_view/helpers/asset_url_helper.rb	False	True	True	True
32845	meinac	2018-05-08 08:06:55	claudiob	2018-05-09 05:25:12	railties/test/json_params_parsing_test.rb	False	True	True	True
32845	meinac	2018-05-08 08:06:55	claudiob	2018-05-09 05:25:12	activesupport/lib/active_support/duration.rb	False	True	True	True
32845	meinac	2018-05-08 08:06:55	claudiob	2018-05-09 05:25:12	activerecord/lib/active_record/associations/preloader/through_association.rb	False	True	True	True
32845	meinac	2018-05-08 08:06:55	sikachu	2018-05-14 06:42:13	actionpack/lib/action_dispatch/http/content_security_policy.rb	False	True	True	True
32845	meinac	2018-05-08 08:06:55	claudiob	2018-05-09 05:25:12	actionpack/lib/action_dispatch/routing/mapper.rb	False	True	True	True
32845	meinac	2018-05-08 08:06:55	claudiob	2018-05-09 05:25:12	actionpack/lib/action_dispatch/journey/gtg/transition_table.rb	False	True	True	True
32845	meinac	2018-05-08 08:06:55	claudiob	2018-05-09 05:25:12	actionpack/lib/action_dispatch/http/content_security_policy.rb	False	True	True	True
32845	meinac	2018-05-08 08:06:55	claudiob	2018-05-09 05:25:12	actionpack/lib/action_dispatch/http/mime_negotiation.rb	True	True	True	True
32845	meinac	2018-05-08 08:06:55	claudiob	2018-05-09 05:25:12	activestorage/lib/active_storage/attached.rb	False	True	True	True
32845	meinac	2018-05-08 08:06:55	sikachu	2018-05-14 06:42:13	actionpack/lib/action_dispatch/journey/gtg/transition_table.rb	False	True	True	True
32845	meinac	2018-05-08 08:06:55	sikachu	2018-05-14 06:42:13	activestorage/lib/active_storage/attached.rb	False	True	True	True
32845	meinac	2018-05-08 08:06:55	sikachu	2018-05-14 06:42:13	railties/test/json_params_parsing_test.rb	False	True	True	True
32845	meinac	2018-05-08 08:06:55	sikachu	2018-05-14 06:42:13	activesupport/lib/active_support/duration.rb	False	True	True	True
32845	meinac	2018-05-08 08:06:55	sikachu	2018-05-14 06:42:13	actionpack/lib/action_dispatch/http/mime_negotiation.rb	True	True	True	True
32845	meinac	2018-05-08 08:06:55	sikachu	2018-05-14 06:42:13	activerecord/lib/active_record/associations/preloader/through_association.rb	False	True	True	True
32845	meinac	2018-05-08 08:06:55	sikachu	2018-05-14 06:42:13	actionpack/lib/action_dispatch/routing/mapper.rb	False	True	True	True
32845	meinac	2018-05-08 08:06:55	sikachu	2018-05-14 06:42:13	actionview/lib/action_view/helpers/asset_url_helper.rb	False	True	True	True
32841	deivid-rodriguez	2018-05-07 17:07:39	twalpole	2018-05-07 18:55:49	actionpack/test/dispatch/system_testing/server_test.rb	True	True	True	True
32841	deivid-rodriguez	2018-05-07 17:07:39	twalpole	2018-05-07 18:55:49	actionpack/CHANGELOG.md	True	True	True	True
32841	deivid-rodriguez	2018-05-07 17:07:39	twalpole	2018-05-07 18:55:49	actionpack/lib/action_dispatch/system_testing/server.rb	True	True	True	True
32841	deivid-rodriguez	2018-05-07 17:07:39	rafaelfranca	2018-05-07 18:52:58	actionpack/test/dispatch/system_testing/server_test.rb	True	True	True	True
32841	deivid-rodriguez	2018-05-07 17:07:39	rafaelfranca	2018-05-07 18:52:58	actionpack/CHANGELOG.md	True	True	True	True
32841	deivid-rodriguez	2018-05-07 17:07:39	rafaelfranca	2018-05-07 18:52:58	actionpack/lib/action_dispatch/system_testing/server.rb	True	True	True	True
32837	ttanimichi	2018-05-07 09:02:16	sikachu	2018-05-08 02:31:54	railties/test/generators/app_generator_test.rb	True	True	True	True
32837	ttanimichi	2018-05-07 09:02:16	sikachu	2018-05-08 02:31:54	railties/CHANGELOG.md	True	True	True	True
32837	ttanimichi	2018-05-07 09:02:16	sikachu	2018-05-08 02:31:54	railties/lib/rails/app_updater.rb	True	True	True	True
32837	ttanimichi	2018-05-07 09:02:16	y-yagi	2018-05-12 02:20:12	railties/CHANGELOG.md	True	True	True	True
32837	ttanimichi	2018-05-07 09:02:16	y-yagi	2018-05-12 02:20:12	railties/test/generators/app_generator_test.rb	True	True	True	True
32837	ttanimichi	2018-05-07 09:02:16	y-yagi	2018-05-12 02:20:12	railties/lib/rails/app_updater.rb	True	True	True	True
32833	ghost	2018-05-06 17:24:39	georgeclaghorn	2018-05-08 20:18:00	guides/source/active_storage_overview.md	True	True	True	True
32833	ghost	2018-05-06 17:24:39	georgeclaghorn	2018-05-08 20:57:55	activestorage/test/models/blob_test.rb	True	True	True	True
32833	ghost	2018-05-06 17:24:39	georgeclaghorn	2018-05-08 20:18:00	activestorage/test/models/blob_test.rb	True	True	True	True
32833	ghost	2018-05-06 17:24:39	georgeclaghorn	2018-05-08 20:18:00	activestorage/app/models/active_storage/blob.rb	True	True	True	True
32833	ghost	2018-05-06 17:24:39	georgeclaghorn	2018-05-08 20:18:00	activestorage/CHANGELOG.md	True	True	True	True
32833	ghost	2018-05-06 17:24:39	georgeclaghorn	2018-05-08 20:57:55	guides/source/active_storage_overview.md	True	True	True	True
32833	ghost	2018-05-06 17:24:39	georgeclaghorn	2018-05-08 20:57:55	activestorage/test/test_helper.rb	True	True	True	True
32833	ghost	2018-05-06 17:24:39	georgeclaghorn	2018-05-08 20:57:55	activestorage/CHANGELOG.md	True	True	True	True
32833	ghost	2018-05-06 17:24:39	georgeclaghorn	2018-05-08 20:57:55	activestorage/app/models/active_storage/blob.rb	True	True	True	True
32833	ghost	2018-05-06 17:24:39	georgeclaghorn	2018-05-08 02:00:55	guides/source/active_storage_overview.md	True	True	True	True
32833	ghost	2018-05-06 17:24:39	georgeclaghorn	2018-05-08 02:00:55	activestorage/test/test_helper.rb	True	True	True	True
32833	ghost	2018-05-06 17:24:39	georgeclaghorn	2018-05-08 02:00:55	activestorage/test/models/blob_test.rb	True	True	True	True
32833	ghost	2018-05-06 17:24:39	georgeclaghorn	2018-05-08 02:00:55	activestorage/app/models/active_storage/blob.rb	True	True	True	True
32833	ghost	2018-05-06 17:24:39	georgeclaghorn	2018-05-08 02:00:55	activestorage/CHANGELOG.md	True	True	True	True
32833	ghost	2018-05-06 17:24:39	georgeclaghorn	2018-05-08 20:18:00	activestorage/test/test_helper.rb	True	True	True	True
32833	ghost	2018-05-06 17:24:39	georgeclaghorn	2018-05-08 22:45:53	activestorage/CHANGELOG.md	True	True	True	True
32833	ghost	2018-05-06 17:24:39	georgeclaghorn	2018-05-08 20:58:34	guides/source/active_storage_overview.md	True	True	True	True
32833	ghost	2018-05-06 17:24:39	georgeclaghorn	2018-05-08 22:45:53	activestorage/app/models/active_storage/blob.rb	True	True	True	True
32833	ghost	2018-05-06 17:24:39	georgeclaghorn	2018-05-08 22:45:53	activestorage/test/models/blob_test.rb	True	True	True	True
32833	ghost	2018-05-06 17:24:39	georgeclaghorn	2018-05-08 22:45:53	activestorage/test/test_helper.rb	True	True	True	True
32833	ghost	2018-05-06 17:24:39	georgeclaghorn	2018-05-08 22:45:53	guides/source/active_storage_overview.md	True	True	True	True
32833	ghost	2018-05-06 17:24:39	georgeclaghorn	2018-05-08 21:00:48	activestorage/CHANGELOG.md	True	True	True	True
32833	ghost	2018-05-06 17:24:39	georgeclaghorn	2018-05-08 21:00:48	activestorage/app/models/active_storage/blob.rb	True	True	True	True
32833	ghost	2018-05-06 17:24:39	georgeclaghorn	2018-05-08 21:00:48	activestorage/test/models/blob_test.rb	True	True	True	True
32833	ghost	2018-05-06 17:24:39	georgeclaghorn	2018-05-08 21:00:48	activestorage/test/test_helper.rb	True	True	True	True
32833	ghost	2018-05-06 17:24:39	georgeclaghorn	2018-05-08 21:00:48	guides/source/active_storage_overview.md	True	True	True	True
32833	ghost	2018-05-06 17:24:39	georgeclaghorn	2018-05-08 20:58:34	activestorage/CHANGELOG.md	True	True	True	True
32833	ghost	2018-05-06 17:24:39	georgeclaghorn	2018-05-08 20:58:34	activestorage/app/models/active_storage/blob.rb	True	True	True	True
32833	ghost	2018-05-06 17:24:39	georgeclaghorn	2018-05-08 20:58:34	activestorage/test/models/blob_test.rb	True	True	True	True
32833	ghost	2018-05-06 17:24:39	georgeclaghorn	2018-05-08 20:58:34	activestorage/test/test_helper.rb	True	True	True	True
32828	isamankumara	2018-05-06 09:36:43	sikachu	2018-07-02 07:46:35	actioncable/lib/action_cable/connection/client_socket.rb	False	True	False	True
32828	isamankumara	2018-05-06 09:36:43	sikachu	2018-07-02 07:46:35	actioncable/lib/action_cable/connection/base.rb	False	True	False	True
32828	isamankumara	2018-05-06 09:36:43	sikachu	2018-07-02 07:46:35	actioncable/lib/action_cable/connection/base.rb	True	True	False	True
32828	isamankumara	2018-05-06 09:36:43	sikachu	2018-07-02 07:46:35	actioncable/lib/action_cable/connection/client_socket.rb	True	True	False	True
32828	isamankumara	2018-05-06 09:36:43	sikachu	2018-07-02 07:46:35	actioncable/lib/action_cable/connection/web_socket.rb	True	True	False	True
32825	utilum	2018-05-05 18:12:02	rafaelfranca	2018-05-22 18:08:40	actionpack/lib/action_dispatch/journey/nfa/simulator.rb	True	True	True	True
32822	lxxxvi	2018-05-05 12:41:13	sikachu	2018-05-06 04:49:08	activesupport/test/test_case_test.rb	True	False	False	True
32822	lxxxvi	2018-05-05 12:41:13	sikachu	2018-05-06 04:49:08	activesupport/lib/active_support/testing/assertions.rb	True	False	False	True
32809	gmcgibbon	2018-05-04 03:45:07	sikachu	2018-05-04 13:20:21	activesupport/test/core_ext/load_error_test.rb	True	True	True	True
32809	gmcgibbon	2018-05-04 03:45:07	sikachu	2018-05-04 13:20:21	activesupport/lib/active_support/core_ext/load_error.rb	True	True	True	True
32809	gmcgibbon	2018-05-04 03:45:07	sikachu	2018-05-04 15:27:30	activesupport/test/core_ext/load_error_test.rb	True	True	True	True
32809	gmcgibbon	2018-05-04 03:45:07	sikachu	2018-05-04 15:27:30	activesupport/lib/active_support/core_ext/load_error.rb	True	True	True	True
32808	sj26	2018-05-04 01:56:12	rafaelfranca	2018-05-23 19:01:11	actionmailer/lib/action_mailer.rb	False	True	True	True
32808	sj26	2018-05-04 01:56:12	rafaelfranca	2018-05-23 19:01:11	actionmailer/CHANGELOG.md	True	True	True	True
32808	sj26	2018-05-04 01:56:12	rafaelfranca	2018-05-23 19:01:11	actionmailer/lib/action_mailer/railtie.rb	False	True	True	True
32808	sj26	2018-05-04 01:56:12	rafaelfranca	2018-05-22 21:16:32	actionmailer/lib/action_mailer.rb	False	True	True	True
32808	sj26	2018-05-04 01:56:12	rafaelfranca	2018-05-23 20:49:57	actionmailer/lib/action_mailer/railtie.rb	True	True	True	True
32808	sj26	2018-05-04 01:56:12	rafaelfranca	2018-05-23 20:49:57	actionmailer/lib/action_mailer/railtie.rb	False	True	True	True
32808	sj26	2018-05-04 01:56:12	rafaelfranca	2018-05-23 20:49:57	actionmailer/lib/action_mailer.rb	False	True	True	True
32808	sj26	2018-05-04 01:56:12	rafaelfranca	2018-05-23 19:01:11	actionmailer/lib/action_mailer/railtie.rb	True	True	True	True
32808	sj26	2018-05-04 01:56:12	rafaelfranca	2018-05-23 20:49:57	actionmailer/CHANGELOG.md	True	True	True	True
32808	sj26	2018-05-04 01:56:12	rafaelfranca	2018-05-22 21:16:32	actionmailer/lib/action_mailer/railtie.rb	False	True	True	True
32808	sj26	2018-05-04 01:56:12	rafaelfranca	2018-05-22 21:16:32	actionmailer/lib/action_mailer/railtie.rb	True	True	True	True
32808	sj26	2018-05-04 01:56:12	rafaelfranca	2018-05-22 17:35:57	actionmailer/lib/action_mailer.rb	False	True	True	True
32808	sj26	2018-05-04 01:56:12	rafaelfranca	2018-05-22 17:35:57	actionmailer/lib/action_mailer/railtie.rb	False	True	True	True
32808	sj26	2018-05-04 01:56:12	rafaelfranca	2018-05-22 21:16:32	actionmailer/CHANGELOG.md	True	True	True	True
32808	sj26	2018-05-04 01:56:12	rafaelfranca	2018-05-22 17:35:57	actionmailer/CHANGELOG.md	True	True	True	True
32808	sj26	2018-05-04 01:56:12	rafaelfranca	2018-05-22 17:35:57	actionmailer/lib/action_mailer/railtie.rb	True	True	True	True
32807	bdurand	2018-05-04 00:49:07	kamipo	2018-05-04 14:13:09	activerecord/test/cases/transaction_callbacks_test.rb	True	False	True	True
32807	bdurand	2018-05-04 00:49:07	kamipo	2018-05-04 14:13:09	activerecord/lib/active_record/transactions.rb	True	False	True	True
32807	bdurand	2018-05-04 00:49:07	kamipo	2018-05-04 14:13:09	activerecord/CHANGELOG.md	True	False	True	True
32807	bdurand	2018-05-04 00:49:07	kamipo	2018-05-04 14:11:47	activerecord/test/cases/transaction_callbacks_test.rb	True	False	True	True
32807	bdurand	2018-05-04 00:49:07	kamipo	2018-05-04 14:11:47	activerecord/lib/active_record/transactions.rb	True	False	True	True
32807	bdurand	2018-05-04 00:49:07	kamipo	2018-05-04 14:11:47	activerecord/CHANGELOG.md	True	False	True	True
32805	eikes	2018-05-03 17:40:26	rafaelfranca	2020-04-08 18:23:25	actionpack/lib/action_controller/metal/params_wrapper.rb	True	True	True	True
32805	eikes	2018-05-03 17:40:26	rafaelfranca	2020-04-08 18:23:25	actionpack/test/controller/params_wrapper_test.rb	True	True	True	True
32805	eikes	2018-05-03 17:40:26	rafaelfranca	2020-04-08 18:23:25	actionpack/CHANGELOG.md	False	True	True	True
32799	printercu	2018-05-03 07:04:34	kamipo	2018-05-03 08:04:04	actionview/lib/action_view/digestor.rb	True	True	True	True
32799	printercu	2018-05-03 07:04:34	kamipo	2018-05-03 08:20:32	actionview/lib/action_view/digestor.rb	True	True	True	True
32799	printercu	2018-05-03 07:04:34	kamipo	2018-05-03 08:44:29	actionview/lib/action_view/digestor.rb	True	True	True	True
32796	gmalette	2018-05-02 20:31:40	eugeneius	2018-05-21 15:10:14	activerecord/lib/active_record/autosave_association.rb	False	False	True	True
32796	gmalette	2018-05-02 20:31:40	eugeneius	2018-05-22 13:11:04	activerecord/test/cases/autosave_association_test.rb	True	False	True	True
32796	gmalette	2018-05-02 20:31:40	eugeneius	2018-05-22 13:11:04	activerecord/lib/active_record/autosave_association.rb	False	False	True	True
32796	gmalette	2018-05-02 20:31:40	eugeneius	2018-05-22 13:11:04	activerecord/test/cases/autosave_association_test.rb	False	False	True	True
32796	gmalette	2018-05-02 20:31:40	eugeneius	2018-05-22 13:11:04	activerecord/lib/active_record/autosave_association.rb	True	False	True	True
32796	gmalette	2018-05-02 20:31:40	eugeneius	2018-05-10 01:28:43	activerecord/lib/active_record/autosave_association.rb	True	False	True	True
32796	gmalette	2018-05-02 20:31:40	eugeneius	2018-05-10 01:28:43	activerecord/test/cases/autosave_association_test.rb	True	False	True	True
32796	gmalette	2018-05-02 20:31:40	eugeneius	2018-05-10 01:28:43	activerecord/lib/active_record/autosave_association.rb	False	False	True	True
32796	gmalette	2018-05-02 20:31:40	eugeneius	2018-05-10 01:28:43	activerecord/test/cases/autosave_association_test.rb	False	False	True	True
32796	gmalette	2018-05-02 20:31:40	eugeneius	2018-05-10 01:28:43	activerecord/test/models/company.rb	False	False	True	True
32796	gmalette	2018-05-02 20:31:40	eugeneius	2018-05-21 15:10:14	activerecord/lib/active_record/autosave_association.rb	True	False	True	True
32796	gmalette	2018-05-02 20:31:40	eugeneius	2018-05-21 15:10:14	activerecord/test/cases/autosave_association_test.rb	True	False	True	True
32796	gmalette	2018-05-02 20:31:40	eugeneius	2018-05-22 13:11:04	activerecord/test/models/company.rb	False	False	True	True
32796	gmalette	2018-05-02 20:31:40	eugeneius	2018-05-21 15:10:14	activerecord/test/cases/autosave_association_test.rb	False	False	True	True
32796	gmalette	2018-05-02 20:31:40	Edouard-chin	2018-05-02 22:10:10	activerecord/lib/active_record/autosave_association.rb	True	False	True	True
32796	gmalette	2018-05-02 20:31:40	eugeneius	2018-05-21 15:10:14	activerecord/test/models/company.rb	False	False	True	True
32796	gmalette	2018-05-02 20:31:40	Edouard-chin	2018-05-02 22:10:10	activerecord/test/cases/autosave_association_test.rb	False	False	True	True
32796	gmalette	2018-05-02 20:31:40	Edouard-chin	2018-05-02 22:10:10	activerecord/lib/active_record/autosave_association.rb	False	False	True	True
32796	gmalette	2018-05-02 20:31:40	Edouard-chin	2018-05-02 22:10:10	activerecord/test/cases/autosave_association_test.rb	True	False	True	True
32796	gmalette	2018-05-02 20:31:40	Edouard-chin	2018-05-02 22:10:10	activerecord/test/models/company.rb	False	False	True	True
32796	gmalette	2018-05-02 20:31:40	eugeneius	2018-05-10 12:03:43	activerecord/test/models/company.rb	False	False	True	True
32796	gmalette	2018-05-02 20:31:40	eugeneius	2018-05-10 12:03:43	activerecord/test/cases/autosave_association_test.rb	False	False	True	True
32796	gmalette	2018-05-02 20:31:40	eugeneius	2018-05-10 12:03:43	activerecord/lib/active_record/autosave_association.rb	False	False	True	True
32796	gmalette	2018-05-02 20:31:40	eugeneius	2018-05-10 12:03:43	activerecord/test/cases/autosave_association_test.rb	True	False	True	True
32796	gmalette	2018-05-02 20:31:40	eugeneius	2018-05-10 12:03:43	activerecord/lib/active_record/autosave_association.rb	True	False	True	True
32792	gsamokovarov	2018-05-02 10:56:22	sikachu	2018-07-02 07:52:51	railties/lib/rails/command/spellchecker.rb	True	True	False	True
32783	takp	2018-05-01 17:39:53	utilum	2018-05-01 17:44:13	activerecord/test/cases/base_test.rb	True	False	True	True
32780	ttanimichi	2018-05-01 14:36:19	rafaelfranca	2018-05-02 03:30:31	railties/CHANGELOG.md	True	False	True	True
32780	ttanimichi	2018-05-01 14:36:19	y-yagi	2018-05-04 10:16:58	railties/CHANGELOG.md	True	False	True	True
32780	ttanimichi	2018-05-01 14:36:19	y-yagi	2018-05-04 10:16:58	railties/lib/rails/generators/rails/app/app_generator.rb	True	False	True	True
32780	ttanimichi	2018-05-01 14:36:19	y-yagi	2018-05-04 10:16:58	railties/lib/rails/tasks/framework.rake	True	False	True	True
32780	ttanimichi	2018-05-01 14:36:19	y-yagi	2018-05-04 10:16:58	railties/test/generators/app_generator_test.rb	True	False	True	True
32780	ttanimichi	2018-05-01 14:36:19	y-yagi	2018-05-02 05:28:06	railties/CHANGELOG.md	True	False	True	True
32780	ttanimichi	2018-05-01 14:36:19	y-yagi	2018-05-02 05:28:06	railties/lib/rails/generators/rails/app/app_generator.rb	True	False	True	True
32780	ttanimichi	2018-05-01 14:36:19	y-yagi	2018-05-02 05:28:06	railties/test/generators/app_generator_test.rb	True	False	True	True
32780	ttanimichi	2018-05-01 14:36:19	y-yagi	2018-05-02 05:28:06	railties/lib/rails/tasks/framework.rake	True	False	True	True
32780	ttanimichi	2018-05-01 14:36:19	rafaelfranca	2018-05-02 03:30:31	railties/lib/rails/generators/rails/app/app_generator.rb	True	False	True	True
32780	ttanimichi	2018-05-01 14:36:19	rafaelfranca	2018-05-02 03:30:31	railties/test/generators/app_generator_test.rb	True	False	True	True
32780	ttanimichi	2018-05-01 14:36:19	rafaelfranca	2018-05-01 19:11:33	railties/CHANGELOG.md	True	False	True	True
32780	ttanimichi	2018-05-01 14:36:19	rafaelfranca	2018-05-01 19:11:33	railties/lib/rails/generators/rails/app/app_generator.rb	True	False	True	True
32780	ttanimichi	2018-05-01 14:36:19	rafaelfranca	2018-05-01 19:11:33	railties/lib/rails/tasks/framework.rake	True	False	True	True
32780	ttanimichi	2018-05-01 14:36:19	rafaelfranca	2018-05-01 19:11:33	railties/test/generators/app_generator_test.rb	True	False	True	True
32780	ttanimichi	2018-05-01 14:36:19	rafaelfranca	2018-05-02 03:30:31	railties/lib/rails/tasks/framework.rake	True	False	True	True
32776	Edouard-chin	2018-05-01 06:21:20	rafaelfranca	2018-07-03 18:25:46	railties/lib/rails/test_help.rb	True	True	True	True
32776	Edouard-chin	2018-05-01 06:21:20	eugeneius	2018-07-03 22:50:42	railties/lib/rails/test_help.rb	True	True	True	True
32776	Edouard-chin	2018-05-01 06:21:20	eugeneius	2018-05-01 08:56:06	railties/lib/rails/test_help.rb	True	True	True	True
