pr_number	author_user_login	pr_created_at	comment_user_login	comment_created_at	is_review_issue_comment
33494	guilleiguaran	2018-07-31 22:55:05	kaspth	2018-08-15 18:11:03	True
33494	guilleiguaran	2018-07-31 22:55:05	lsylvester	2018-08-15 04:37:26	True
33494	guilleiguaran	2018-07-31 22:55:05	kaspth	2018-08-12 19:55:56	True
33494	guilleiguaran	2018-07-31 22:55:05	sikachu	2018-08-12 22:59:20	True
33492		2018-07-31 20:50:49			False
33489		2018-07-31 14:52:02			False
33484		2018-07-31 07:49:26			False
33479	twitnithegirl	2018-07-31 01:52:41	eileencodes	2018-07-31 22:24:16	True
33479	twitnithegirl	2018-07-31 01:52:41	kaspth	2018-07-31 07:56:18	True
33479	twitnithegirl	2018-07-31 01:52:41	eileencodes	2018-07-31 12:24:05	True
33479	twitnithegirl	2018-07-31 01:52:41	rafaelfranca	2018-07-31 14:56:28	True
33474	olivierlacan	2018-07-30 15:03:25	schneems	2018-08-11 19:54:31	True
33474	olivierlacan	2018-07-30 15:03:25	matthewd	2018-08-03 13:15:50	True
33472	thepoho	2018-07-30 09:33:00	dillonwelch	2018-09-28 06:03:42	True
33471		2018-07-30 09:18:54			False
33469	palkan	2018-07-29 19:05:46	matthewd	2018-08-01 10:48:11	True
33469	palkan	2018-07-29 19:05:46	matthewd	2018-08-04 09:55:15	True
33469	palkan	2018-07-29 19:05:46	jeremy	2018-10-01 17:20:08	True
33469	palkan	2018-07-29 19:05:46	matthewd	2018-07-31 01:33:03	True
33465	albertoalmagro	2018-07-28 22:53:50	kaspth	2018-08-15 18:19:45	True
33465	albertoalmagro	2018-07-28 22:53:50	CHTJonas	2018-07-30 20:04:23	True
33465	albertoalmagro	2018-07-28 22:53:50	schneems	2018-08-05 14:57:53	True
33465	albertoalmagro	2018-07-28 22:53:50	schneems	2018-07-31 20:02:12	True
33465	albertoalmagro	2018-07-28 22:53:50	schneems	2018-07-30 23:36:56	True
33465	albertoalmagro	2018-07-28 22:53:50	schneems	2018-07-30 00:23:58	True
33465	albertoalmagro	2018-07-28 22:53:50	kaspth	2018-07-29 14:14:48	True
33465	albertoalmagro	2018-07-28 22:53:50	CHTJonas	2018-07-30 00:04:53	True
33465	albertoalmagro	2018-07-28 22:53:50	rafaelfranca	2018-07-31 20:08:30	True
33465	albertoalmagro	2018-07-28 22:53:50	schneems	2018-07-29 03:09:24	True
33465	albertoalmagro	2018-07-28 22:53:50	schneems	2018-08-05 02:24:39	True
33465	albertoalmagro	2018-07-28 22:53:50	matthewd	2018-08-14 04:50:15	True
33465	albertoalmagro	2018-07-28 22:53:50	schneems	2018-08-11 19:27:55	True
33465	albertoalmagro	2018-07-28 22:53:50	rafaelfranca	2018-08-07 21:53:00	True
33465	albertoalmagro	2018-07-28 22:53:50	rafaelfranca	2018-08-07 21:38:24	True
33465	albertoalmagro	2018-07-28 22:53:50	schneems	2018-08-05 14:59:00	True
33459		2018-07-28 09:00:46			False
33454	al3rez	2018-07-26 23:59:56	Edouard-chin	2018-08-01 21:56:42	True
33454	al3rez	2018-07-26 23:59:56	kamipo	2018-08-01 22:29:56	True
33454	al3rez	2018-07-26 23:59:56	schneems	2018-08-05 00:04:57	True
33453	utilum	2018-07-26 23:37:15	kamipo	2018-07-27 00:09:12	True
33452	thetizzo	2018-07-26 20:21:06	georgeclaghorn	2018-08-03 03:26:45	True
33451	tenderlove	2018-07-26 19:23:40	georgeclaghorn	2018-07-26 19:31:53	True
33446	ptoomey3	2018-07-26 16:34:12	schneems	2018-07-30 22:20:57	True
33444		2018-07-26 11:20:33			False
33441		2018-07-26 08:43:19			False
33439	jacobbednarz	2018-07-26 01:45:10	jeremy	2018-09-13 22:42:39	True
33439	jacobbednarz	2018-07-26 01:45:10	rafaelfranca	2018-09-13 19:59:54	True
33439	jacobbednarz	2018-07-26 01:45:10	rafaelfranca	2018-09-13 23:39:55	True
33439	jacobbednarz	2018-07-26 01:45:10	rafaelfranca	2018-09-20 19:37:28	True
33439	jacobbednarz	2018-07-26 01:45:10	jeremy	2018-09-14 21:23:44	True
33438	jaspervanbrian	2018-07-26 01:34:11	georgeclaghorn	2018-07-26 01:58:36	True
33438	jaspervanbrian	2018-07-26 01:34:11	georgeclaghorn	2018-07-26 02:26:21	True
33438	jaspervanbrian	2018-07-26 01:34:11	georgeclaghorn	2018-07-26 03:09:34	True
33437	CodingAnarchy	2018-07-25 21:07:10	Schwad	2018-07-26 12:36:39	True
33437	CodingAnarchy	2018-07-25 21:07:10	georgeclaghorn	2019-05-23 14:04:05	True
33437	CodingAnarchy	2018-07-25 21:07:10	lukeredpath	2019-05-23 13:54:19	True
33437	CodingAnarchy	2018-07-25 21:07:10	fabriciofreitag	2019-05-23 13:54:49	True
33437	CodingAnarchy	2018-07-25 21:07:10	georgeclaghorn	2018-07-26 02:01:27	True
33437	CodingAnarchy	2018-07-25 21:07:10	dillonwelch	2018-09-28 06:06:00	True
33430		2018-07-24 18:54:06			False
33421	al3rez	2018-07-23 07:12:41	dillonwelch	2018-09-28 06:08:27	True
33421	al3rez	2018-07-23 07:12:41	schneems	2018-09-06 20:38:33	True
33419	bogdanvlviv	2018-07-23 00:52:17	georgeclaghorn	2019-01-16 23:02:39	True
33419	bogdanvlviv	2018-07-23 00:52:17	georgeclaghorn	2019-01-16 22:37:56	True
33419	bogdanvlviv	2018-07-23 00:52:17	matthewd	2018-08-12 13:21:22	True
33419	bogdanvlviv	2018-07-23 00:52:17	georgeclaghorn	2018-07-23 12:37:44	True
33419	bogdanvlviv	2018-07-23 00:52:17	kaspth	2018-08-12 08:37:51	True
33419	bogdanvlviv	2018-07-23 00:52:17	kaspth	2018-07-28 12:18:36	True
33419	bogdanvlviv	2018-07-23 00:52:17	kaspth	2018-08-12 08:33:40	True
33417	orhantoy	2018-07-22 13:29:21	al3rez	2018-07-22 14:32:10	True
33416		2018-07-22 13:09:27			False
33413	cseelus	2018-07-22 00:01:45	javan	2018-08-18 16:12:08	True
33413	cseelus	2018-07-22 00:01:45	javan	2018-08-17 15:02:11	True
33413	cseelus	2018-07-22 00:01:45	javan	2018-08-13 12:46:18	True
33413	cseelus	2018-07-22 00:01:45	javan	2018-08-12 15:54:46	True
33410	arye-eidelman	2018-07-20 23:36:51	kamipo	2018-08-18 04:56:45	True
33410	arye-eidelman	2018-07-20 23:36:51	kamipo	2018-08-16 05:57:00	True
33410	arye-eidelman	2018-07-20 23:36:51	twitnithegirl	2018-08-05 05:03:44	True
33409		2018-07-20 22:47:59			False
33393	Berardpi	2018-07-19 09:04:15	Edouard-chin	2018-08-01 20:45:01	True
33392	al3rez	2018-07-19 03:42:30	bogdanvlviv	2018-07-19 12:39:10	True
33383		2018-07-18 04:02:26			False
33381		2018-07-18 03:00:10			False
33380	varyonic	2018-07-17 16:57:55	rafaelfranca	2018-07-17 18:24:36	True
33380	varyonic	2018-07-17 16:57:55	javan	2018-07-17 20:13:41	True
33380	varyonic	2018-07-17 16:57:55	rafaelfranca	2018-07-17 22:40:33	True
33380	varyonic	2018-07-17 16:57:55	javan	2018-08-12 16:09:17	True
33380	varyonic	2018-07-17 16:57:55	dillonwelch	2018-09-28 06:14:39	True
33378	numbata	2018-07-17 10:04:32	bogdanvlviv	2018-07-17 11:11:02	True
33373	twitnithegirl	2018-07-16 20:00:00	al3rez	2018-07-23 06:05:23	True
33373	twitnithegirl	2018-07-16 20:00:00	kamipo	2019-03-31 21:10:46	True
33373	twitnithegirl	2018-07-16 20:00:00	matthewd	2018-07-31 03:44:11	True
33370		2018-07-15 21:02:28			False
33361		2018-07-14 13:11:59			False
33356	davidpdrsn	2018-07-13 13:55:55	kaspth	2019-08-01 23:40:33	True
33356	davidpdrsn	2018-07-13 13:55:55	twitnithegirl	2018-07-14 03:01:52	True
33349	faucct	2018-07-12 11:43:30	kamipo	2019-01-19 03:21:22	True
33347	georgewambold	2018-07-11 20:09:48	rafaelfranca	2018-07-11 21:43:15	True
33347	georgewambold	2018-07-11 20:09:48	rafaelfranca	2018-07-11 20:19:06	True
33347	georgewambold	2018-07-11 20:09:48	eugeneius	2018-07-21 20:40:17	True
33347	georgewambold	2018-07-11 20:09:48	dillonwelch	2018-09-28 06:26:31	True
33347	georgewambold	2018-07-11 20:09:48	eugeneius	2018-07-11 23:40:54	True
33347	georgewambold	2018-07-11 20:09:48	eugeneius	2018-07-11 21:16:03	True
33347	georgewambold	2018-07-11 20:09:48	rafaelfranca	2018-07-11 21:02:58	True
33347	georgewambold	2018-07-11 20:09:48	rafaelfranca	2018-07-11 21:33:10	True
33342		2018-07-11 06:41:57			False
33341	Edouard-chin	2018-07-11 02:43:38	matthewd	2018-07-11 04:13:02	True
33337	utilum	2018-07-10 21:49:25	bogdanvlviv	2018-07-12 08:35:31	True
33337	utilum	2018-07-10 21:49:25	bogdanvlviv	2018-07-10 22:24:13	True
33325	Edouard-chin	2018-07-10 03:58:02	kamipo	2018-07-30 20:10:34	True
33325	Edouard-chin	2018-07-10 03:58:02	kamipo	2018-07-30 21:26:42	True
33325	Edouard-chin	2018-07-10 03:58:02	kamipo	2018-07-15 21:17:12	True
33325	Edouard-chin	2018-07-10 03:58:02	kamipo	2018-07-10 16:31:57	True
33325	Edouard-chin	2018-07-10 03:58:02	matthewd	2018-07-10 17:17:43	True
33325	Edouard-chin	2018-07-10 03:58:02	matthewd	2018-07-10 17:14:30	True
33325	Edouard-chin	2018-07-10 03:58:02	kamipo	2018-07-10 10:22:08	True
33325	Edouard-chin	2018-07-10 03:58:02	rafaelfranca	2018-07-16 19:34:54	True
33324	Jcambass	2018-07-09 23:24:42	dillonwelch	2018-09-28 21:57:07	True
33322		2018-07-09 19:53:12			False
33317		2018-07-08 11:15:09			False
33312	larskanis	2018-07-07 12:21:38	tenderlove	2018-07-09 23:14:16	True
33312	larskanis	2018-07-07 12:21:38	tenderlove	2018-07-09 23:07:46	True
33312	larskanis	2018-07-07 12:21:38	SamSaffron	2018-07-08 22:58:28	True
33312	larskanis	2018-07-07 12:21:38	SamSaffron	2018-07-08 23:02:43	True
33312	larskanis	2018-07-07 12:21:38	tenderlove	2018-07-09 23:06:05	True
33312	larskanis	2018-07-07 12:21:38	SamSaffron	2018-07-09 23:13:28	True
33312	larskanis	2018-07-07 12:21:38	yoelblum	2019-01-29 08:25:28	True
33312	larskanis	2018-07-07 12:21:38	SamSaffron	2019-01-29 14:54:16	True
33312	larskanis	2018-07-07 12:21:38	SamSaffron	2019-02-06 06:53:29	True
33308		2018-07-06 17:31:32			False
33303		2018-07-06 14:01:02			False
33298		2018-07-05 14:03:38			False
33295	boazsegev	2018-07-05 09:39:33	palkan	2018-09-28 22:04:53	True
33295	boazsegev	2018-07-05 09:39:33	palkan	2018-09-28 17:53:25	True
33295	boazsegev	2018-07-05 09:39:33	palkan	2018-12-19 21:49:28	True
33295	boazsegev	2018-07-05 09:39:33	dillonwelch	2018-09-28 14:13:44	True
33292		2018-07-04 06:54:10			False
33278	koic	2018-07-03 04:21:36	aried3r	2018-07-12 11:23:29	True
33278	koic	2018-07-03 04:21:36	kamipo	2018-07-03 04:36:31	True
33269	yahonda	2018-07-01 11:50:16	matthewd	2018-07-01 12:25:25	True
33269	yahonda	2018-07-01 11:50:16	rafaelfranca	2019-12-18 14:07:52	True
33268	benpickles	2018-07-01 11:35:21	schneems	2018-07-21 18:39:34	True
