pr_number	author_user_login	pr_created_at	comment_user_login	comment_created_at	is_review_issue_comment
8664		2012-12-31 10:28:29			False
8662	senny	2012-12-30 21:55:20	spastorino	2012-12-31 02:26:01	True
8662	senny	2012-12-30 21:55:20	spastorino	2012-12-31 14:48:09	True
8662	senny	2012-12-30 21:55:20	spastorino	2012-12-31 13:05:28	True
8658	senny	2012-12-30 14:15:17	carlosantoniodasilva	2013-01-05 12:52:12	True
8652	codeodor	2012-12-29 17:39:53	steveklabnik	2013-02-25 12:40:31	True
8652	codeodor	2012-12-29 17:39:53	steveklabnik	2013-02-25 04:05:44	True
8652	codeodor	2012-12-29 17:39:53	carlosantoniodasilva	2013-03-01 12:22:17	True
8652	codeodor	2012-12-29 17:39:53	carlosantoniodasilva	2013-03-01 11:49:00	True
8652	codeodor	2012-12-29 17:39:53	milushov	2013-03-01 05:53:26	True
8652	codeodor	2012-12-29 17:39:53	rafaelfranca	2013-02-25 13:53:45	True
8652	codeodor	2012-12-29 17:39:53	robin850	2013-02-25 12:38:00	True
8647	nishantmodak	2012-12-29 04:54:45	vijaydev	2012-12-29 18:15:24	True
8643	tricknotes	2012-12-28 19:40:23	steveklabnik	2012-12-28 20:30:33	True
8643	tricknotes	2012-12-28 19:40:23	rafaelfranca	2012-12-29 01:41:34	True
8643	tricknotes	2012-12-28 19:40:23	take	2013-02-10 14:23:58	True
8643	tricknotes	2012-12-28 19:40:23	steveklabnik	2012-12-28 19:47:13	True
8640	jasl	2012-12-28 14:35:23	rafaelfranca	2012-12-28 21:36:25	True
8640	jasl	2012-12-28 14:35:23	rafaelfranca	2013-01-01 22:36:06	True
8640	jasl	2012-12-28 14:35:23	rafaelfranca	2013-01-01 22:35:46	True
8636	senny	2012-12-28 00:56:13	rafaelfranca	2012-12-28 21:22:00	True
8636	senny	2012-12-28 00:56:13	rafaelfranca	2012-12-28 21:37:42	True
8636	senny	2012-12-28 00:56:13	rafaelfranca	2012-12-28 01:24:14	True
8634		2012-12-27 16:31:52			False
8633	mykola-kyryk	2012-12-27 15:16:58	rafaelfranca	2013-01-03 20:04:59	True
8633	mykola-kyryk	2012-12-27 15:16:58	rafaelfranca	2013-01-03 18:40:16	True
8633	mykola-kyryk	2012-12-27 15:16:58	senny	2012-12-27 16:41:30	True
8633	mykola-kyryk	2012-12-27 15:16:58	rafaelfranca	2013-01-03 18:40:28	True
8632	asanghi	2012-12-27 13:56:54	pixeltrix	2013-01-16 07:08:57	True
8632	asanghi	2012-12-27 13:56:54	pixeltrix	2013-01-16 08:05:44	True
8623	virusman	2012-12-26 19:58:14	rafaelfranca	2012-12-26 20:12:09	True
8623	virusman	2012-12-26 19:58:14	carlosantoniodasilva	2013-01-06 15:44:03	True
8623	virusman	2012-12-26 19:58:14	jonleighton	2013-01-11 11:08:38	True
8613	senny	2012-12-26 13:33:47	rafaelfranca	2012-12-27 23:26:27	True
8613	senny	2012-12-26 13:33:47	rafaelfranca	2012-12-27 21:27:25	True
8613	senny	2012-12-26 13:33:47	rafaelfranca	2012-12-29 01:38:17	True
8613	senny	2012-12-26 13:33:47	rafaelfranca	2012-12-27 23:21:26	True
8600		2012-12-24 13:40:17			False
8599	sanemat	2012-12-24 10:44:19	cfis	2013-01-07 06:14:44	True
8598		2012-12-24 09:03:44			False
8597	sferik	2012-12-24 07:59:06	radar	2012-12-24 08:17:37	True
8597	sferik	2012-12-24 07:59:06	rhysforyou	2012-12-24 08:20:19	True
8597	sferik	2012-12-24 07:59:06	rdvdijk	2012-12-24 08:10:21	True
8597	sferik	2012-12-24 07:59:06	siong1987	2012-12-24 08:14:30	True
8597	sferik	2012-12-24 07:59:06	arbales	2012-12-24 08:14:28	True
8597	sferik	2012-12-24 07:59:06	haileys	2012-12-24 08:11:59	True
8597	sferik	2012-12-24 07:59:06	pat	2012-12-24 08:17:19	True
8597	sferik	2012-12-24 07:59:06	siong1987	2012-12-24 08:23:56	True
8597	sferik	2012-12-24 07:59:06	jcalvert	2012-12-24 08:29:09	True
8597	sferik	2012-12-24 07:59:06	andrewrothman	2012-12-24 08:28:26	True
8597	sferik	2012-12-24 07:59:06	dhh	2012-12-24 08:33:07	True
8597	sferik	2012-12-24 07:59:06	siong1987	2012-12-24 08:20:55	True
8571	khozlov	2012-12-20 15:19:07	chewi	2014-02-21 17:12:08	True
8571	khozlov	2012-12-20 15:19:07	zerowidth	2013-06-24 22:57:59	True
8571	khozlov	2012-12-20 15:19:07	zerowidth	2013-06-24 22:35:36	True
8571	khozlov	2012-12-20 15:19:07	matthewd	2014-10-03 22:57:08	True
8571	khozlov	2012-12-20 15:19:07	steveklabnik	2012-12-20 19:08:15	True
8571	khozlov	2012-12-20 15:19:07	parndt	2013-03-19 19:59:40	True
8571	khozlov	2012-12-20 15:19:07	schneems	2013-04-02 04:16:51	True
8571	khozlov	2012-12-20 15:19:07	JonRowe	2013-05-15 22:11:44	True
8571	khozlov	2012-12-20 15:19:07	olbrich	2013-06-16 13:27:27	True
8567	frodsan	2012-12-20 05:35:03	pixeltrix	2012-12-20 11:13:32	True
8567	frodsan	2012-12-20 05:35:03	guilleiguaran	2012-12-20 14:51:22	True
8567	frodsan	2012-12-20 05:35:03	carlosantoniodasilva	2012-12-20 14:54:47	True
8567	frodsan	2012-12-20 05:35:03	guilleiguaran	2012-12-20 07:52:08	True
8567	frodsan	2012-12-20 05:35:03	carlosantoniodasilva	2012-12-20 10:42:44	True
8563	robertjwhitney	2012-12-20 00:07:40	abimaelmartell	2012-12-20 00:11:43	True
8563	robertjwhitney	2012-12-20 00:07:40	pixeltrix	2012-12-20 00:16:21	True
8563	robertjwhitney	2012-12-20 00:07:40	parndt	2012-12-20 00:27:44	True
8563	robertjwhitney	2012-12-20 00:07:40	envygeeks	2012-12-20 00:27:12	True
8563	robertjwhitney	2012-12-20 00:07:40	mikesax	2012-12-20 00:23:24	True
8563	robertjwhitney	2012-12-20 00:07:40	tmilewski	2012-12-20 00:21:15	True
8563	robertjwhitney	2012-12-20 00:07:40	mstum	2012-12-20 00:15:03	True
8563	robertjwhitney	2012-12-20 00:07:40	tenderlove	2012-12-20 00:09:27	True
8563	robertjwhitney	2012-12-20 00:07:40	pixeltrix	2012-12-20 00:13:11	True
8563	robertjwhitney	2012-12-20 00:07:40	halan	2012-12-20 00:56:01	True
8563	robertjwhitney	2012-12-20 00:07:40	guilleiguaran	2012-12-20 00:11:10	True
8563	robertjwhitney	2012-12-20 00:07:40	sobrinho	2012-12-20 00:43:23	True
8563	robertjwhitney	2012-12-20 00:07:40	parndt	2012-12-20 00:41:16	True
8563	robertjwhitney	2012-12-20 00:07:40	rmoriz	2012-12-20 00:30:30	True
8563	robertjwhitney	2012-12-20 00:07:40	omarqureshi	2012-12-20 00:36:54	True
8563	robertjwhitney	2012-12-20 00:07:40	radar	2012-12-20 00:37:49	True
8563	robertjwhitney	2012-12-20 00:07:40	robzolkos	2012-12-20 00:38:05	True
8563	robertjwhitney	2012-12-20 00:07:40	sobrinho	2012-12-20 00:39:45	True
8563	robertjwhitney	2012-12-20 00:07:40	sobrinho	2012-12-20 00:29:24	True
8563	robertjwhitney	2012-12-20 00:07:40	thiagofm	2012-12-20 00:41:30	True
8563	robertjwhitney	2012-12-20 00:07:40	abimaelmartell	2012-12-20 00:44:05	True
8563	robertjwhitney	2012-12-20 00:07:40	rmoriz	2012-12-20 00:28:57	True
8563	robertjwhitney	2012-12-20 00:07:40	tenderlove	2012-12-20 00:52:05	True
8563	robertjwhitney	2012-12-20 00:07:40	zenspider	2012-12-20 01:48:14	True
8563	robertjwhitney	2012-12-20 00:07:40	davidcelis	2012-12-20 00:29:38	True
8563	robertjwhitney	2012-12-20 00:07:40	leanucci	2012-12-20 01:29:35	True
8563	robertjwhitney	2012-12-20 00:07:40	ereslibre	2012-12-20 00:29:04	True
8563	robertjwhitney	2012-12-20 00:07:40	rmoriz	2012-12-20 00:14:37	True
8563	robertjwhitney	2012-12-20 00:07:40	davidcelis	2012-12-20 00:40:44	True
8561	schneems	2012-12-19 18:06:55	carlosantoniodasilva	2012-12-19 21:07:26	True
8561	schneems	2012-12-19 18:06:55	rafaelfranca	2012-12-20 21:24:53	True
8557	timraymond	2012-12-19 07:14:22	pixeltrix	2012-12-19 10:17:37	True
8557	timraymond	2012-12-19 07:14:22	rafaelfranca	2013-01-05 22:07:02	True
8557	timraymond	2012-12-19 07:14:22	carlosantoniodasilva	2012-12-19 10:45:05	True
8557	timraymond	2012-12-19 07:14:22	rafaelfranca	2012-12-21 20:13:27	True
8553	ndbroadbent	2012-12-18 23:59:56	arunagw	2013-05-03 14:41:58	True
8553	ndbroadbent	2012-12-18 23:59:56	tilsammans	2012-12-19 07:46:14	True
8553	ndbroadbent	2012-12-18 23:59:56	rafaelfranca	2013-03-01 19:44:10	True
8553	ndbroadbent	2012-12-18 23:59:56	sgrif	2015-10-30 17:53:54	True
8553	ndbroadbent	2012-12-18 23:59:56	sgrif	2016-12-08 18:51:43	True
8553	ndbroadbent	2012-12-18 23:59:56	matthewd	2015-01-03 13:36:08	True
8553	ndbroadbent	2012-12-18 23:59:56	rafaelfranca	2015-01-02 22:07:10	True
8553	ndbroadbent	2012-12-18 23:59:56	arthurnn	2014-05-21 14:38:58	True
8553	ndbroadbent	2012-12-18 23:59:56	matthewd	2014-05-21 05:37:55	True
8553	ndbroadbent	2012-12-18 23:59:56	mikegee	2014-05-21 01:41:06	True
8553	ndbroadbent	2012-12-18 23:59:56	sgrif	2015-10-30 18:52:12	True
8553	ndbroadbent	2012-12-18 23:59:56	carlosantoniodasilva	2012-12-19 10:48:56	True
8553	ndbroadbent	2012-12-18 23:59:56	kinopyo	2013-03-01 07:05:22	True
8553	ndbroadbent	2012-12-18 23:59:56	steveklabnik	2012-12-19 23:51:33	True
8553	ndbroadbent	2012-12-18 23:59:56	carlosantoniodasilva	2012-12-19 23:44:59	True
8553	ndbroadbent	2012-12-18 23:59:56	carlosantoniodasilva	2012-12-19 23:44:43	True
8553	ndbroadbent	2012-12-18 23:59:56	frodsan	2012-12-19 00:13:41	True
8547	printercu	2012-12-18 11:14:18	leafac	2013-12-08 16:23:12	True
8547	printercu	2012-12-18 11:14:18	JonRowe	2013-05-15 09:31:45	True
8547	printercu	2012-12-18 11:14:18	rafaelfranca	2013-05-15 17:12:19	True
8547	printercu	2012-12-18 11:14:18	leafac	2013-12-06 18:34:53	True
8547	printercu	2012-12-18 11:14:18	JonRowe	2013-12-07 09:16:06	True
8547	printercu	2012-12-18 11:14:18	rafaelfranca	2012-12-20 20:29:49	True
8547	printercu	2012-12-18 11:14:18	carlosantoniodasilva	2012-12-19 10:46:16	True
8547	printercu	2012-12-18 11:14:18	JonRowe	2013-05-14 22:43:42	True
8546	hsbt	2012-12-18 01:43:51	guilleiguaran	2012-12-20 07:55:25	True
8546	hsbt	2012-12-18 01:43:51	carlosantoniodasilva	2012-12-20 10:45:00	True
8546	hsbt	2012-12-18 01:43:51	carlosantoniodasilva	2012-12-20 10:45:56	True
8543		2012-12-17 21:14:18			False
8542		2012-12-17 19:19:15			False
8530	dasch	2012-12-16 22:49:04	josevalim	2012-12-16 23:11:36	True
8529		2012-12-16 18:21:58			False
8527	vlad-shatskyi	2012-12-16 10:28:25	carlosantoniodasilva	2012-12-16 13:43:54	True
8527	vlad-shatskyi	2012-12-16 10:28:25	steveklabnik	2012-12-16 20:26:30	True
8527	vlad-shatskyi	2012-12-16 10:28:25	steveklabnik	2012-12-16 15:57:41	True
8527	vlad-shatskyi	2012-12-16 10:28:25	schneems	2013-03-23 21:06:07	True
8527	vlad-shatskyi	2012-12-16 10:28:25	mdespuits	2013-02-28 20:22:56	True
8527	vlad-shatskyi	2012-12-16 10:28:25	paracycle	2013-02-28 18:46:08	True
8527	vlad-shatskyi	2012-12-16 10:28:25	goshacmd	2013-01-07 18:41:20	True
8527	vlad-shatskyi	2012-12-16 10:28:25	carlosantoniodasilva	2012-12-16 15:08:02	True
8527	vlad-shatskyi	2012-12-16 10:28:25	timraymond	2013-01-07 16:35:58	True
8522	senny	2012-12-15 21:54:46	carlosantoniodasilva	2012-12-19 01:11:52	True
8522	senny	2012-12-15 21:54:46	steveklabnik	2012-12-15 22:28:12	True
8521	schneems	2012-12-15 21:40:06	dhh	2012-12-15 22:43:52	True
8521	schneems	2012-12-15 21:40:06	gaurish	2012-12-15 22:32:57	True
8521	schneems	2012-12-15 21:40:06	dhh	2012-12-15 22:44:20	True
8521	schneems	2012-12-15 21:40:06	dhh	2012-12-16 10:35:54	True
8521	schneems	2012-12-15 21:40:06	dhh	2012-12-17 12:58:01	True
8521	schneems	2012-12-15 21:40:06	carlosantoniodasilva	2012-12-16 00:59:17	True
8521	schneems	2012-12-15 21:40:06	steveklabnik	2012-12-15 22:37:53	True
8520	senny	2012-12-15 19:38:57	carlosantoniodasilva	2013-02-04 13:33:29	True
8500	senny	2012-12-12 20:56:23	carlosantoniodasilva	2012-12-12 23:39:20	True
8498	garysweaver	2012-12-12 18:30:23	rafaelfranca	2012-12-17 14:59:06	True
8498	garysweaver	2012-12-12 18:30:23	rafaelfranca	2012-12-17 15:31:17	True
8498	garysweaver	2012-12-12 18:30:23	rafaelfranca	2012-12-17 15:49:44	True
8498	garysweaver	2012-12-12 18:30:23	rafaelfranca	2012-12-17 22:19:30	True
8498	garysweaver	2012-12-12 18:30:23	rafaelfranca	2012-12-17 22:57:19	True
8497	acapilleri	2012-12-12 17:48:51	carlosantoniodasilva	2012-12-12 18:00:20	True
8497	acapilleri	2012-12-12 17:48:51	carlosantoniodasilva	2012-12-14 15:13:15	True
8496	ptn	2012-12-12 17:48:06	steveklabnik	2012-12-12 22:03:03	True
8496	ptn	2012-12-12 17:48:06	steveklabnik	2012-12-12 19:42:31	True
8496	ptn	2012-12-12 17:48:06	carlosantoniodasilva	2012-12-12 18:01:42	True
8496	ptn	2012-12-12 17:48:06	jonleighton	2012-12-12 22:04:36	True
8496	ptn	2012-12-12 17:48:06	carlosantoniodasilva	2012-12-13 00:34:31	True
8496	ptn	2012-12-12 17:48:06	steveklabnik	2012-12-13 00:17:32	True
8496	ptn	2012-12-12 17:48:06	steveklabnik	2012-12-13 02:45:02	True
8496	ptn	2012-12-12 17:48:06	steveklabnik	2012-12-13 01:15:15	True
8496	ptn	2012-12-12 17:48:06	steveklabnik	2012-12-12 20:12:12	True
8496	ptn	2012-12-12 17:48:06	steveklabnik	2012-12-12 19:31:34	True
8496	ptn	2012-12-12 17:48:06	steveklabnik	2012-12-12 21:26:04	True
8476	sheerun	2012-12-10 14:04:02	rafaelfranca	2012-12-10 19:05:30	True
8476	sheerun	2012-12-10 14:04:02	carlosantoniodasilva	2012-12-10 14:34:58	True
8471	kytrinyx	2012-12-09 23:47:12	rafaelfranca	2012-12-10 02:31:08	True
8471	kytrinyx	2012-12-09 23:47:12	carlosantoniodasilva	2012-12-10 10:58:04	True
8471	kytrinyx	2012-12-09 23:47:12	steveklabnik	2012-12-21 23:20:06	True
8471	kytrinyx	2012-12-09 23:47:12	rafaelfranca	2012-12-21 23:33:15	True
8471	kytrinyx	2012-12-09 23:47:12	steveklabnik	2012-12-21 23:49:14	True
8468	schneems	2012-12-09 15:45:15	gaurish	2012-12-10 18:35:30	True
8468	schneems	2012-12-09 15:45:15	carlosantoniodasilva	2012-12-10 23:07:41	True
8468	schneems	2012-12-09 15:45:15	zires	2012-12-10 01:51:08	True
8468	schneems	2012-12-09 15:45:15	rafaelfranca	2012-12-10 03:17:53	True
8468	schneems	2012-12-09 15:45:15	rafaelfranca	2012-12-10 04:45:32	True
8468	schneems	2012-12-09 15:45:15	mjio	2012-12-10 05:00:59	True
8468	schneems	2012-12-09 15:45:15	spastorino	2012-12-10 11:23:17	True
8468	schneems	2012-12-09 15:45:15	frodsan	2012-12-10 16:45:35	True
8468	schneems	2012-12-09 15:45:15	georgeclaghorn	2012-12-10 21:08:33	True
8468	schneems	2012-12-09 15:45:15	carlosantoniodasilva	2012-12-09 23:03:38	True
8468	schneems	2012-12-09 15:45:15	steveklabnik	2012-12-09 17:41:44	True
8468	schneems	2012-12-09 15:45:15	guilleiguaran	2012-12-09 17:42:31	True
8468	schneems	2012-12-09 15:45:15	nthj	2012-12-09 18:12:07	True
8468	schneems	2012-12-09 15:45:15	mgonto	2012-12-09 18:12:16	True
8468	schneems	2012-12-09 15:45:15	agis	2012-12-09 18:34:12	True
8468	schneems	2012-12-09 15:45:15	carlosantoniodasilva	2012-12-09 18:48:50	True
8468	schneems	2012-12-09 15:45:15	gaurish	2012-12-09 20:44:06	True
8468	schneems	2012-12-09 15:45:15	phawk	2012-12-09 20:49:20	True
8468	schneems	2012-12-09 15:45:15	georgeclaghorn	2012-12-09 21:36:04	True
8468	schneems	2012-12-09 15:45:15	matthewrobertson	2012-12-09 21:46:15	True
8468	schneems	2012-12-09 15:45:15	sxua	2012-12-09 17:28:13	True
8468	schneems	2012-12-09 15:45:15	rafaelfranca	2012-12-10 03:13:52	True
8468	schneems	2012-12-09 15:45:15	robin850	2012-12-09 17:26:32	True
8461		2012-12-08 01:19:11			False
8458	chrisnicola	2012-12-08 00:01:32	lukaszx0	2013-03-15 18:35:35	True
8458	chrisnicola	2012-12-08 00:01:32	schneems	2013-03-27 19:03:26	True
8458	chrisnicola	2012-12-08 00:01:32	steveklabnik	2013-03-27 18:16:55	True
8458	chrisnicola	2012-12-08 00:01:32	steveklabnik	2013-03-27 16:33:26	True
8458	chrisnicola	2012-12-08 00:01:32	schneems	2013-03-16 20:19:38	True
8458	chrisnicola	2012-12-08 00:01:32	schneems	2013-01-06 18:50:01	True
8458	chrisnicola	2012-12-08 00:01:32	schneems	2012-12-12 19:19:36	True
8458	chrisnicola	2012-12-08 00:01:32	schneems	2012-12-12 18:34:47	True
8458	chrisnicola	2012-12-08 00:01:32	carlosantoniodasilva	2012-12-08 00:12:50	True
8451	mshytikov	2012-12-07 15:39:27	mikepmunroe	2013-03-04 20:20:41	True
8451	mshytikov	2012-12-07 15:39:27	carlosantoniodasilva	2012-12-08 13:58:51	True
8451	mshytikov	2012-12-07 15:39:27	steveklabnik	2012-12-07 17:58:27	True
8451	mshytikov	2012-12-07 15:39:27	pixeltrix	2013-07-26 08:56:35	True
8450	senny	2012-12-07 13:48:37	carlosantoniodasilva	2012-12-10 10:20:57	True
8450	senny	2012-12-07 13:48:37	rafaelfranca	2012-12-10 04:11:58	True
8450	senny	2012-12-07 13:48:37	StefanH	2012-12-07 13:54:47	True
8449	derekkraan	2012-12-07 12:28:09	steveklabnik	2012-12-09 04:29:44	True
8449	derekkraan	2012-12-07 12:28:09	rmascarenhas	2012-12-09 03:08:04	True
8447	matthewrobertson	2012-12-07 11:21:57	rwojsznis	2013-10-08 16:14:06	True
8447	matthewrobertson	2012-12-07 11:21:57	alassek	2013-11-08 01:55:36	True
8447	matthewrobertson	2012-12-07 11:21:57	robin850	2013-11-09 17:14:18	True
8447	matthewrobertson	2012-12-07 11:21:57	rafaelfranca	2015-01-03 21:42:58	True
8447	matthewrobertson	2012-12-07 11:21:57	matthewd	2015-01-03 13:23:45	True
8447	matthewrobertson	2012-12-07 11:21:57	rafaelfranca	2015-01-03 21:42:17	True
8447	matthewrobertson	2012-12-07 11:21:57	sgrif	2015-02-20 17:22:22	True
8447	matthewrobertson	2012-12-07 11:21:57	rafaelfranca	2015-01-02 18:26:12	True
8432	rmcastil	2012-12-06 01:26:54	carlosantoniodasilva	2012-12-06 11:49:35	True
8432	rmcastil	2012-12-06 01:26:54	frodsan	2012-12-06 15:01:05	True
8432	rmcastil	2012-12-06 01:26:54	frodsan	2012-12-06 15:04:45	True
8432	rmcastil	2012-12-06 01:26:54	rafaelfranca	2012-12-07 12:47:14	True
8432	rmcastil	2012-12-06 01:26:54	rafaelfranca	2012-12-06 15:33:54	True
8432	rmcastil	2012-12-06 01:26:54	steveklabnik	2012-12-06 17:46:06	True
8432	rmcastil	2012-12-06 01:26:54	steveklabnik	2012-12-07 01:05:52	True
8432	rmcastil	2012-12-06 01:26:54	rafaelfranca	2012-12-06 15:28:45	True
8432	rmcastil	2012-12-06 01:26:54	carlosantoniodasilva	2012-12-06 14:37:16	True
8432	rmcastil	2012-12-06 01:26:54	kenmazaika	2012-12-06 03:20:59	True
8432	rmcastil	2012-12-06 01:26:54	frodsan	2012-12-06 02:06:21	True
8432	rmcastil	2012-12-06 01:26:54	ptn	2012-12-06 02:03:45	True
8432	rmcastil	2012-12-06 01:26:54	ptn	2012-12-06 02:00:44	True
8430	kenmazaika	2012-12-05 20:51:54	rafaelfranca	2013-03-25 20:48:51	True
8430	kenmazaika	2012-12-05 20:51:54	rafaelfranca	2013-03-25 20:25:28	True
8430	kenmazaika	2012-12-05 20:51:54	stouset	2013-03-26 17:23:14	True
8430	kenmazaika	2012-12-05 20:51:54	rafaelfranca	2013-03-26 16:28:28	True
8430	kenmazaika	2012-12-05 20:51:54	rafaelfranca	2013-03-25 19:33:33	True
8430	kenmazaika	2012-12-05 20:51:54	jeremy	2013-03-25 20:23:05	True
8430	kenmazaika	2012-12-05 20:51:54	rafaelfranca	2013-03-25 19:19:16	True
8430	kenmazaika	2012-12-05 20:51:54	stouset	2013-03-25 18:35:16	True
8430	kenmazaika	2012-12-05 20:51:54	lukaszx0	2013-03-15 18:37:27	True
8430	kenmazaika	2012-12-05 20:51:54	rafaelfranca	2012-12-10 03:51:41	True
8430	kenmazaika	2012-12-05 20:51:54	rafaelfranca	2012-12-06 15:31:05	True
8420	ershad	2012-12-05 02:16:03	carlosantoniodasilva	2012-12-05 14:41:55	True
8420	ershad	2012-12-05 02:16:03	jeremy	2012-12-05 02:52:29	True
8420	ershad	2012-12-05 02:16:03	pixeltrix	2012-12-05 09:56:39	True
8420	ershad	2012-12-05 02:16:03	pixeltrix	2012-12-05 10:33:18	True
8419	claudiob	2012-12-05 02:14:13	rafaelfranca	2013-07-19 18:58:16	True
8419	claudiob	2012-12-05 02:14:13	kaspth	2013-07-20 13:18:30	True
8419	claudiob	2012-12-05 02:14:13	parndt	2013-04-04 23:46:44	True
8419	claudiob	2012-12-05 02:14:13	rafaelfranca	2012-12-05 13:08:33	True
8418		2012-12-04 18:16:54			False
8408	revans	2012-12-03 17:44:21	jeremy	2012-12-04 02:41:19	True
8408	revans	2012-12-03 17:44:21	carlosantoniodasilva	2012-12-04 01:32:06	True
8408	revans	2012-12-03 17:44:21	rafaelfranca	2012-12-04 01:39:43	True
8408	revans	2012-12-03 17:44:21	jeremy	2012-12-04 02:19:41	True
8408	revans	2012-12-03 17:44:21	jeremy	2012-12-04 02:44:00	True
8404	freegenie	2012-12-03 10:48:01	pixeltrix	2012-12-03 11:18:23	True
8404	freegenie	2012-12-03 10:48:01	steveklabnik	2012-12-03 11:07:25	True
8404	freegenie	2012-12-03 10:48:01	pixeltrix	2012-12-03 11:19:31	True
8404	freegenie	2012-12-03 10:48:01	pixeltrix	2012-12-05 09:44:19	True
8404	freegenie	2012-12-03 10:48:01	steveklabnik	2012-12-03 21:35:58	True
8404	freegenie	2012-12-03 10:48:01	Trevoke	2012-12-03 16:49:50	True
8404	freegenie	2012-12-03 10:48:01	pixeltrix	2012-12-03 13:35:51	True
8403	senny	2012-12-02 20:35:23	rafaelfranca	2012-12-02 23:20:22	True
8400	matthewrobertson	2012-12-02 04:06:07	rafaelfranca	2012-12-14 15:41:52	True
8400	matthewrobertson	2012-12-02 04:06:07	senny	2012-12-02 11:05:57	True
8400	matthewrobertson	2012-12-02 04:06:07	jeremy	2012-12-14 12:38:17	True
8400	matthewrobertson	2012-12-02 04:06:07	sandelius	2012-12-14 08:24:28	True
8399	joshsusser	2012-12-02 03:48:01	fxn	2012-12-04 08:31:27	True
8399	joshsusser	2012-12-02 03:48:01	tenderlove	2012-12-05 20:14:27	True
8391	rmascarenhas	2012-12-01 18:02:40	steveklabnik	2012-12-01 18:16:17	True
8391	rmascarenhas	2012-12-01 18:02:40	rafaelfranca	2012-12-01 18:45:14	True
8391	rmascarenhas	2012-12-01 18:02:40	rafaelfranca	2012-12-01 18:54:24	True
8391	rmascarenhas	2012-12-01 18:02:40	carlosantoniodasilva	2012-12-01 18:54:44	True
8391	rmascarenhas	2012-12-01 18:02:40	steveklabnik	2012-12-01 18:58:20	True
8391	rmascarenhas	2012-12-01 18:02:40	rafaelfranca	2012-12-01 18:50:27	True
8391	rmascarenhas	2012-12-01 18:02:40	steveklabnik	2012-12-01 18:52:11	True
