pr_number	author_user_login	pr_created_at	commit_user_login	commit_created_at	commit_status_total	commit_status_additions	commit_status_deletions	create_before_pr	is_review_commit
7213	bcardarella	2012-07-31 17:38:16	bcardarella	2012-07-31 17:35:46	16	16	0	True	True
7197	davidcelis	2012-07-30 04:04:01	davidcelis	2012-07-29 22:31:53	109	84	25	True	True
7189	GCorbel	2012-07-29 09:06:19	GCorbel	2012-07-28 21:34:36	75	64	11	True	True
7186	rimidl	2012-07-28 16:38:52	rimidl	2012-07-28 16:12:35	4	2	2	True	True
7184	anthonyalberto	2012-07-27 20:36:26	anthonyalberto	2012-07-27 19:13:05	44	43	1	True	True
7176	bogdan	2012-07-27 08:39:19	bogdan	2012-07-31 07:24:18	52	35	17	False	True
7155	robotex82	2012-07-25 15:13:18	jcoglan	2012-10-23 19:15:53	56	46	10	False	True
7155	robotex82	2012-07-25 15:13:18	senny	2012-11-04 13:59:15	5	5	0	False	True
7155	robotex82	2012-07-25 15:13:18	senny	2012-11-04 14:01:02	4	1	3	False	True
7155	robotex82	2012-07-25 15:13:18	senny	2012-11-07 19:54:49	21	18	3	False	True
7155	robotex82	2012-07-25 15:13:18	Gabriel Sobrinho & Ricardo Henrique	2012-11-08 17:19:44	11	11	0	False	True
7155	robotex82	2012-07-25 15:13:18	carlosantoniodasilva	2012-11-08 22:15:35	7	4	3	False	True
7155	robotex82	2012-07-25 15:13:18	rafaelfranca	2012-11-08 16:37:15	16	16	0	False	True
7155	robotex82	2012-07-25 15:13:18	carlosantoniodasilva	2012-11-07 22:03:38	3	0	3	False	True
7155	robotex82	2012-07-25 15:13:18	carlosantoniodasilva	2012-11-07 21:39:21	2	0	2	False	True
7155	robotex82	2012-07-25 15:13:18	robotex82	2012-11-07 17:09:37	8	8	0	False	True
7155	robotex82	2012-07-25 15:13:18	carlosantoniodasilva	2012-11-07 21:57:43	2	1	1	False	True
7155	robotex82	2012-07-25 15:13:18	robotex82	2012-07-25 15:07:05	138	138	0	True	True
7155	robotex82	2012-07-25 15:13:18	robotex82	2012-11-08 21:28:08	14	11	3	False	True
7155	robotex82	2012-07-25 15:13:18	robotex82	2012-11-07 12:29:14	46	11	35	False	True
7147	mraaroncruz	2012-07-24 17:54:09	mraaroncruz	2012-07-24 17:50:49	7	3	4	True	True
7145	maxprokopiev	2012-07-24 15:42:17	maxprokopiev	2012-07-24 15:30:17	15	14	1	True	True
7123	nashby	2012-07-21 10:40:59	nashby	2012-07-21 10:34:03	23	15	8	True	True
7106	LTe	2012-07-19 12:23:17	LTe	2012-07-19 12:16:03	4	2	2	True	True
7099	f1sherman	2012-07-19 00:52:54	f1sherman	2012-07-19 00:50:25	20	18	2	True	True
7088	mdominiak	2012-07-18 10:53:48	mdominiak	2012-07-18 10:19:09	17	15	2	True	True
7082	jalkoby	2012-07-18 00:29:39	SergeyPchelincev	2012-07-18 07:33:14	21	20	1	False	True
7075	plribeiro3000	2012-07-17 15:49:25	plribeiro3000	2012-07-17 15:43:21	54	54	0	True	True
7075	plribeiro3000	2012-07-17 15:49:25	plribeiro3000	2012-07-17 16:34:29	4	2	2	False	True
7075	plribeiro3000	2012-07-17 15:49:25	plribeiro3000	2012-07-17 19:31:46	52	24	28	False	True
7072	beerlington	2012-07-17 00:45:51	beerlington	2012-07-17 11:27:54	18	17	1	False	True
7069	isaacsanders	2012-07-16 12:08:50	isaacsanders	2012-04-29 13:02:18	20	14	6	True	True
7068	saizai	2012-07-16 12:05:12	saizai	2012-07-16 20:26:28	10	10	0	False	True
7068	saizai	2012-07-16 12:05:12	saizai	2012-07-16 20:23:01	2	1	1	False	True
7068	saizai	2012-07-16 12:05:12	saizai	2012-07-16 12:04:00	7	6	1	True	True
7067	ahawkins	2012-07-16 08:49:36	twinturbo	2012-07-16 08:47:46	8	6	2	True	True
7067	ahawkins	2012-07-16 08:49:36	twinturbo	2012-07-16 10:14:17	11	9	2	False	True
7058	frodsan	2012-07-14 20:34:48	Francesco Rodriguez	2012-07-14 21:26:05	10	4	6	False	True
7058	frodsan	2012-07-14 20:34:48	Francesco Rodriguez	2012-08-23 21:15:31	14	9	5	False	True
7058	frodsan	2012-07-14 20:34:48	Francesco Rodriguez	2012-07-14 21:01:28	37	23	14	False	True
7054	shime	2012-07-14 14:01:21	shime	2012-07-14 13:21:30	33	22	11	True	True
7028	lexmag	2012-07-10 21:39:14	lexmag	2012-07-10 21:38:21	82	66	16	True	True
7024	bogdan	2012-07-10 11:49:47	bogdan	2012-08-06 10:45:27	36	32	4	False	True
7008	seanbehan	2012-07-09 03:30:01	seanbehan	2012-07-10 14:03:04	32	18	14	False	True
7008	seanbehan	2012-07-09 03:30:01	seanbehan	2012-07-09 22:13:12	100	43	57	False	True
7008	seanbehan	2012-07-09 03:30:01	seanbehan	2012-07-08 17:37:50	82	82	0	True	True
7007	mikdiet	2012-07-08 22:10:36	mikdiet	2012-09-21 08:43:59	27	21	6	False	True
7007	mikdiet	2012-07-08 22:10:36	mikdiet	2012-07-08 21:10:16	34	31	3	True	True
7003	philippfranke	2012-07-08 13:20:08	philippfranke	2012-07-08 13:17:18	4	2	2	True	True
7000	kennyj	2012-07-07 15:03:22	kennyj	2012-07-07 13:10:01	42	31	11	True	True
6998	robin850	2012-07-07 13:12:50	robin850	2012-07-07 13:10:24	25	23	2	True	True
6991	frodsan	2012-07-06 18:20:33	Francesco Rodriguez	2012-07-06 20:53:17	4	2	2	False	True
6990	mirceapricop	2012-07-06 16:12:44	mirceapricop	2012-07-06 15:19:20	35	33	2	True	True
6987	dmathieu	2012-07-06 14:54:48	dmathieu	2012-07-06 14:53:33	25	22	3	True	True
6986	kennyj	2012-07-06 14:08:01	kennyj	2012-07-05 17:59:47	34	29	5	True	True
6985	sidonath	2012-07-06 13:05:43	sidonath	2012-07-06 11:03:49	18	17	1	True	True
6978	frodsan	2012-07-05 20:14:46	Francesco Rodriguez	2012-10-03 23:02:14	37	37	0	False	True
6956	lexmag	2012-07-04 12:57:09	lexmag	2012-07-08 13:01:49	60	56	4	False	True
6956	lexmag	2012-07-04 12:57:09	lexmag	2012-07-08 13:20:43	47	47	0	False	True
6950	paneq	2012-07-03 22:17:05	paneq	2012-06-15 17:20:47	24	21	3	True	True
6943	mguterl	2012-07-03 12:43:40	mguterl	2012-07-03 12:40:14	13	13	0	True	True
6942	timfjord	2012-07-03 12:38:44	timfjord	2012-07-03 12:32:29	50	50	0	True	True
6942	timfjord	2012-07-03 12:38:44	timfjord	2012-07-05 09:01:16	2	2	0	False	True
6942	timfjord	2012-07-03 12:38:44	timfjord	2012-07-05 09:17:09	2	2	0	False	True
6938	acapilleri	2012-07-03 06:59:17	acapilleri	2012-07-03 06:38:02	8	6	2	True	True
6936	jfoley	2012-07-02 19:14:05	jfoley	2012-07-03 01:23:34	4	2	2	False	True
6936	jfoley	2012-07-02 19:14:05	jfoley	2012-07-02 16:18:12	57	55	2	True	True
6936	jfoley	2012-07-02 19:14:05	jfoley	2012-09-23 18:49:34	23	23	0	False	True
6934	kennyj	2012-07-02 16:32:36	kennyj	2012-07-02 16:29:37	12	10	2	True	True
6927	parndt	2012-07-02 02:22:07	parndt	2012-07-02 02:21:05	6	3	3	True	True
6922	andrewferk	2012-07-01 18:32:21	andrewferk	2012-06-29 03:27:31	271	251	20	True	True
6920	lexmag	2012-07-01 14:18:33	lexmag	2012-07-02 19:42:31	44	40	4	False	True
6920	lexmag	2012-07-01 14:18:33	lexmag	2012-07-02 19:43:56	58	24	34	False	True
6920	lexmag	2012-07-01 14:18:33	lexmag	2012-07-02 19:41:49	150	149	1	False	True
6920	lexmag	2012-07-01 14:18:33	lexmag	2012-07-02 19:44:17	13	13	0	False	True
