pr_number	author_user_login	pr_created_at	commit_user_login	commit_created_at	commit_status_total	commit_status_additions	commit_status_deletions	create_before_pr	is_review_commit
36570	casperisfine	2019-06-28 15:26:51	byroot	2019-06-28 15:09:34	155	114	41	True	True
36566	jeremy	2019-06-27 20:09:54	jeremy	2019-06-27 20:01:56	170	164	6	True	True
36565	eileencodes	2019-06-27 17:02:01	eileencodes	2019-06-27 16:56:30	35	33	2	True	True
36563	weiyizheng	2019-06-27 15:48:27	meinac	2015-07-30 22:22:10	48	45	3	True	True
36563	weiyizheng	2019-06-27 15:48:27	meinac	2015-07-30 22:22:10	13	7	6	True	True
36560	eileencodes	2019-06-26 20:07:33	eileencodes	2019-06-26 18:25:11	57	48	9	True	True
36557	sikachu	2019-06-26 10:50:24	sikachu	2019-06-26 10:33:22	44	41	3	True	True
36556	utilum	2019-06-26 08:51:21	utilum	2019-06-26 08:36:49	10	10	0	True	True
36545	tomfakes	2019-06-24 02:50:02	tomfakes	2019-06-24 02:41:30	140	110	30	True	True
36534	y-yagi	2019-06-22 03:46:32	y-yagi	2019-02-03 02:33:44	132	120	12	True	True
36532	itsWill	2019-06-21 19:26:32	itsWill	2019-06-21 19:04:28	41	29	12	True	True
36531	kbrock	2019-06-21 17:59:13	kbrock	2019-07-29 22:44:29	182	62	120	False	True
36531	kbrock	2019-06-21 17:59:13	kbrock	2019-12-19 17:08:50	132	70	62	False	True
36531	kbrock	2019-06-21 17:59:13	kbrock	2019-07-29 22:36:13	12	12	0	False	True
36531	kbrock	2019-06-21 17:59:13	kbrock	2019-06-21 02:48:25	53	45	8	True	True
36528	lsylvester	2019-06-21 05:48:27	lsylvester	2019-06-21 05:34:45	25	22	3	True	True
36525	eileencodes	2019-06-20 12:06:12	eileencodes	2019-06-20 12:00:42	7	4	3	True	True
36521	itsWill	2019-06-19 17:56:16	itsWill	2019-06-19 17:42:52	5	5	0	True	True
36511	aantix	2019-06-17 20:51:31	aantix	2019-06-18 19:01:43	8	4	4	False	True
36511	aantix	2019-06-17 20:51:31	aantix	2019-06-18 17:10:16	110	110	0	False	True
36497	soartec-lab	2019-06-16 07:31:43	soartec-lab	2019-06-16 02:05:01	240	112	128	True	True
36492	kamipo	2019-06-15 14:27:34	kamipo	2019-06-15 13:17:20	525	7	518	True	True
36490	y-yagi	2019-06-15 04:07:19	y-yagi	2019-06-15 03:54:26	80	79	1	True	True
36488	eileencodes	2019-06-14 18:55:31	eileencodes	2019-06-14 18:27:52	21	20	1	True	True
36487	Edouard-chin	2019-06-14 16:43:45	Edouard-chin	2019-06-14 16:17:49	65	47	18	True	True
36486	benthorner	2019-06-14 15:36:08	benthorner	2019-06-10 15:46:52	38	32	6	True	True
36483	kamipo	2019-06-14 13:02:53	kamipo	2019-06-14 12:24:54	67	34	33	True	True
36481	guillaumebriday	2019-06-14 11:25:13	guillaumebriday	2019-07-28 22:49:31	34	34	0	False	True
36478	kamipo	2019-06-13 22:20:39	kamipo	2019-06-13 21:44:12	55	35	20	True	True
36473	jeffdoering	2019-06-13 08:16:41	jeffdoering	2019-06-13 07:54:51	45	44	1	True	True
36473	jeffdoering	2019-06-13 08:16:41	jeffdoering	2019-06-13 17:44:36	2	1	1	False	True
36471	itsWill	2019-06-12 20:32:08	itsWill	2019-06-10 20:22:29	71	71	0	True	True
36471	itsWill	2019-06-12 20:32:08	guilleiguaran	2019-07-08 15:20:45	1016	795	221	False	True
36469	eileencodes	2019-06-12 19:03:44	eileencodes	2019-06-12 18:08:43	160	111	49	True	True
36460	aldhsu	2019-06-10 23:53:05	aldhsu	2019-06-10 23:27:57	20	18	2	True	True
36457	madding	2019-06-10 18:10:02	madding	2019-07-30 19:14:05	60	34	26	False	True
36457	madding	2019-06-10 18:10:02	madding	2019-06-10 18:02:51	45	38	7	True	True
36457	madding	2019-06-10 18:10:02	madding	2019-07-29 20:50:57	10	6	4	False	True
36456	tenderlove	2019-06-10 18:07:42	tenderlove	2019-06-10 18:06:25	1	0	1	True	True
36455	gsamokovarov	2019-06-10 17:38:40	gsamokovarov	2019-06-28 21:26:44	37	17	20	False	True
36455	gsamokovarov	2019-06-10 17:38:40	gsamokovarov	2019-04-23 19:45:27	8	1	7	True	True
36455	gsamokovarov	2019-06-10 17:38:40	gsamokovarov	2019-06-29 06:48:25	8	4	4	False	True
36455	gsamokovarov	2019-06-10 17:38:40	gsamokovarov	2019-05-29 13:00:09	171	112	59	True	True
36455	gsamokovarov	2019-06-10 17:38:40	gsamokovarov	2019-04-23 19:57:33	84	60	24	True	True
36455	gsamokovarov	2019-06-10 17:38:40	gsamokovarov	2019-04-23 15:20:23	150	149	1	True	True
36455	gsamokovarov	2019-06-10 17:38:40	gsamokovarov	2019-06-19 11:40:48	348	250	98	False	True
36455	gsamokovarov	2019-06-10 17:38:40	gsamokovarov	2019-06-06 14:56:32	33	33	0	True	True
36452	kojoma	2019-06-10 06:49:17	kojoma	2019-06-10 06:46:24	4	2	2	True	True
36443	jhawthorn	2019-06-07 22:23:19	jhawthorn	2019-06-07 20:59:32	11	11	0	True	True
36442	mthurman	2019-06-07 21:23:21	mthurman	2019-06-07 21:21:12	27	25	2	True	True
36440	malept	2019-06-07 20:55:58	malept	2019-06-07 18:13:18	56	55	1	True	True
36439	eileencodes	2019-06-07 15:47:59	eileencodes	2019-05-30 12:25:05	562	412	150	True	True
36437	sudara	2019-06-06 21:47:48	sudara	2019-06-06 20:06:14	18	16	2	True	True
36435	itsWill	2019-06-06 18:24:41	itsWill	2019-06-14 19:57:54	8	8	0	False	True
36435	itsWill	2019-06-06 18:24:41	itsWill	2019-06-06 18:16:07	49	26	23	True	True
36431	alexgomez54	2019-06-06 14:32:15	alexgomez54	2019-06-06 14:29:45	2	2	0	True	True
36427	akshaymohite	2019-06-06 08:02:52	akshaymohite	2019-06-06 07:56:25	8	4	4	True	True
36426	abhaynikam	2019-06-06 05:45:36	abhaynikam	2019-06-06 05:38:19	47	20	27	True	True
36422	jhawthorn	2019-06-06 02:41:20	jhawthorn	2019-06-06 00:56:31	12	12	0	True	True
36422	jhawthorn	2019-06-06 02:41:20	jhawthorn	2019-06-06 01:22:04	40	1	39	True	True
36417	notentered	2019-06-05 11:13:16	notentered	2019-06-24 16:12:44	10	3	7	False	True
36417	notentered	2019-06-05 11:13:16	notentered	2019-06-07 15:13:14	2	1	1	False	True
36417	notentered	2019-06-05 11:13:16	notentered	2019-06-05 11:09:34	13	12	1	True	True
36416	morgoth	2019-06-05 09:23:14	morgoth	2019-06-03 13:55:37	130	99	31	True	True
36398	jhawthorn	2019-06-04 01:59:00	jhawthorn	2019-06-04 00:53:18	5	4	1	True	True
36397	y-yagi	2019-06-03 23:48:46	y-yagi	2019-06-03 23:20:55	2	2	0	True	True
36389	eileencodes	2019-06-03 15:26:30	eileencodes	2019-06-03 15:24:13	274	274	0	True	True
36388	joelhawksley	2019-06-03 14:16:28	joelhawksley	2019-06-03 14:27:09	779	486	293	False	True
36388	joelhawksley	2019-06-03 14:16:28	joelhawksley	2019-05-29 19:03:54	73	72	1	True	True
36378	yahonda	2019-06-02 06:42:54	yahonda	2019-06-02 06:22:07	2	1	1	True	True
36377	y-yagi	2019-06-02 01:34:56	y-yagi	2019-06-01 00:49:50	4	0	4	True	True
36375	kamipo	2019-06-01 13:57:12	kamipo	2019-05-28 21:45:34	42	26	16	True	True
