pr_number	author_user_login	pr_created_at	comment_user_login	comment_created_at	is_review_issue_comment
3285	asmorkalov	2014-09-30 07:32:47	SpecLad	2014-09-30 12:36:50	True
3285	asmorkalov	2014-09-30 07:32:47	SpecLad	2014-09-30 13:12:23	True
3285	asmorkalov	2014-09-30 07:32:47	SpecLad	2014-09-30 14:44:09	True
3279	akarsakov	2014-09-29 12:22:15	vbystricky	2014-10-08 08:22:45	True
3268	abak	2014-09-26 03:38:42	mshabunin	2014-10-17 10:00:15	True
3268	abak	2014-09-26 03:38:42	mshabunin	2014-09-29 11:42:10	True
3268	abak	2014-09-26 03:38:42	mshabunin	2014-09-29 14:49:33	True
3268	abak	2014-09-26 03:38:42	mshabunin	2014-09-29 07:19:20	True
3268	abak	2014-09-26 03:38:42	mshabunin	2014-09-26 09:48:33	True
3265	BKNio	2014-09-24 11:26:25	vpisarev	2014-10-11 18:06:02	True
3265	BKNio	2014-09-24 11:26:25	vpisarev	2014-10-10 11:53:48	True
3265	BKNio	2014-09-24 11:26:25	mshabunin	2014-09-26 08:56:50	True
3265	BKNio	2014-09-24 11:26:25	mshabunin	2014-09-25 14:16:51	True
3265	BKNio	2014-09-24 11:26:25	mshabunin	2014-09-25 13:39:12	True
3263	asmorkalov	2014-09-24 10:30:41	SpecLad	2014-09-29 14:01:48	True
3259	ilya-lavrenov	2014-09-23 17:15:49	vpisarev	2014-09-24 12:15:41	True
3254	ilya-lavrenov	2014-09-23 08:53:33	mshabunin	2014-09-23 18:49:08	True
3254	ilya-lavrenov	2014-09-23 08:53:33	vpisarev	2014-10-10 14:25:57	True
3249	mshabunin	2014-09-22 08:37:41	vpisarev	2014-09-24 17:02:36	True
3245	avdmitry	2014-09-20 10:41:39	vpisarev	2014-09-23 08:58:17	True
3245	avdmitry	2014-09-20 10:41:39	vpisarev	2014-09-27 14:25:56	True
3245	avdmitry	2014-09-20 10:41:39	vpisarev	2014-10-09 14:55:46	True
3245	avdmitry	2014-09-20 10:41:39	vpisarev	2014-09-24 17:04:55	True
3223	vbystricky	2014-09-15 13:25:13	krodyush	2014-09-26 07:32:15	True
3223	vbystricky	2014-09-15 13:25:13	jeweljames	2014-09-15 15:12:45	True
3223	vbystricky	2014-09-15 13:25:13	krodyush	2014-09-29 07:10:57	True
3223	vbystricky	2014-09-15 13:25:13	alalek	2014-09-24 10:00:46	True
3220	asmorkalov	2014-09-15 09:53:23	vpisarev	2014-09-17 09:59:27	True
3216	xantares	2014-09-13 14:06:27	mshabunin	2014-10-02 13:23:02	True
3216	xantares	2014-09-13 14:06:27	mshabunin	2014-09-22 12:45:04	True
3216	xantares	2014-09-13 14:06:27	vpisarev	2014-09-18 11:17:36	True
3216	xantares	2014-09-13 14:06:27	mshabunin	2014-09-23 09:22:50	True
3210	akarsakov	2014-09-11 14:18:25	krodyush	2014-09-29 07:16:17	True
3210	akarsakov	2014-09-11 14:18:25	vbystricky	2014-09-12 10:08:39	True
3210	akarsakov	2014-09-11 14:18:25	krodyush	2014-09-12 06:03:28	True
3210	akarsakov	2014-09-11 14:18:25	vbystricky	2014-09-12 05:51:49	True
3186	akarsakov	2014-09-02 13:37:44	ElenaGvozdeva	2014-09-03 09:52:25	True
3182	berak	2014-09-01 14:05:57	PhilLab	2014-09-02 07:12:55	True
3182	berak	2014-09-01 14:05:57	StevenPuttemans	2014-09-04 11:36:23	True
3182	berak	2014-09-01 14:05:57	vpisarev	2014-09-04 12:09:23	True
3182	berak	2014-09-01 14:05:57	vpisarev	2014-09-04 17:13:03	True
