pr_number	author_user_login	pr_created_at	commit_user_login	commit_created_at	commit_status_total	commit_status_additions	commit_status_deletions	create_before_pr	is_review_commit
97	asmorkalov	2012-10-24 09:00:53	asmorkalov	2012-10-24 08:46:36	42	21	21	True	True
97	asmorkalov	2012-10-24 09:00:53	asmorkalov	2012-10-24 09:25:07	12	6	6	False	True
97	asmorkalov	2012-10-24 09:00:53	asmorkalov	2012-10-24 08:47:43	1247	618	629	True	True
97	asmorkalov	2012-10-24 09:00:53	asmorkalov	2012-10-24 08:28:31	20	12	8	True	True
97	asmorkalov	2012-10-24 09:00:53	asmorkalov	2012-10-23 15:49:00	34	22	12	True	True
80	asmorkalov	2012-10-22 17:03:12	asmorkalov	2012-10-15 07:51:27	202	90	112	True	True
80	asmorkalov	2012-10-22 17:03:12	asmorkalov	2012-10-23 13:35:29	34	22	12	False	True
80	asmorkalov	2012-10-22 17:03:12	asmorkalov	2012-10-22 13:19:18	2	0	2	True	True
80	asmorkalov	2012-10-22 17:03:12	asmorkalov	2012-10-22 13:15:51	19	14	5	True	True
80	asmorkalov	2012-10-22 17:03:12	asmorkalov	2012-10-22 10:43:55	353	90	263	True	True
80	asmorkalov	2012-10-22 17:03:12	asmorkalov	2012-10-22 12:43:20	1260	34	1226	True	True
80	asmorkalov	2012-10-22 17:03:12	asmorkalov	2012-10-22 12:21:35	473	150	323	True	True
80	asmorkalov	2012-10-22 17:03:12	asmorkalov	2012-10-22 13:06:15	776	294	482	True	True
80	asmorkalov	2012-10-22 17:03:12	asmorkalov	2012-10-22 11:29:19	547	178	369	True	True
80	asmorkalov	2012-10-22 17:03:12	asmorkalov	2012-10-22 09:04:23	531	119	412	True	True
80	asmorkalov	2012-10-22 17:03:12	Konstantin Bezruk	2012-10-18 05:50:22	1016	1016	0	True	True
80	asmorkalov	2012-10-22 17:03:12	asmorkalov	2012-10-22 10:59:03	466	46	420	True	True
80	asmorkalov	2012-10-22 17:03:12	asmorkalov	2012-10-22 09:25:57	417	69	348	True	True
80	asmorkalov	2012-10-22 17:03:12	asmorkalov	2012-10-19 12:21:09	0	0	0	True	True
80	asmorkalov	2012-10-22 17:03:12	asmorkalov	2012-10-19 10:40:07	214	166	48	True	True
80	asmorkalov	2012-10-22 17:03:12	asmorkalov	2012-10-18 13:51:12	738	369	369	True	True
80	asmorkalov	2012-10-22 17:03:12	asmorkalov	2012-10-18 13:50:20	14	6	8	True	True
80	asmorkalov	2012-10-22 17:03:12	asmorkalov	2012-10-17 10:58:45	393	188	205	True	True
80	asmorkalov	2012-10-22 17:03:12	apavlenko	2012-09-28 12:12:59	616	616	0	True	True
80	asmorkalov	2012-10-22 17:03:12	asmorkalov	2012-10-18 08:36:30	175	86	89	True	True
80	asmorkalov	2012-10-22 17:03:12	asmorkalov	2012-10-22 08:58:13	184	107	77	True	True
80	asmorkalov	2012-10-22 17:03:12	asmorkalov	2012-10-23 13:00:14	221	103	118	False	True
