pr_number	author_user_login	pr_created_at	comment_user_login	comment_created_at	is_review_issue_comment
2098	pxli168	2013-12-31 04:59:21	kirill-korniakov	2014-02-12 19:03:58	True
2098	pxli168	2013-12-31 04:59:21	kirill-korniakov	2014-02-17 08:48:45	True
2098	pxli168	2013-12-31 04:59:21	AnnaPetrovicheva	2014-01-13 08:51:37	True
2098	pxli168	2013-12-31 04:59:21	SpecLad	2014-02-18 07:55:24	True
2098	pxli168	2013-12-31 04:59:21	CGAnderson	2014-02-18 02:58:47	True
2098	pxli168	2013-12-31 04:59:21	SpecLad	2014-01-10 14:21:33	True
2098	pxli168	2013-12-31 04:59:21	kirill-korniakov	2014-02-18 08:41:24	True
2098	pxli168	2013-12-31 04:59:21	CGAnderson	2014-02-18 09:13:09	True
2098	pxli168	2013-12-31 04:59:21	SpecLad	2014-02-17 08:17:32	True
2098	pxli168	2013-12-31 04:59:21	apavlenko	2014-01-09 13:25:15	True
2097	pclove1	2013-12-31 02:15:09	AnnaPetrovicheva	2014-01-13 08:53:07	True
2097	pclove1	2013-12-31 02:15:09	apavlenko	2014-01-28 06:49:20	True
2097	pclove1	2013-12-31 02:15:09	apavlenko	2014-01-27 12:57:26	True
2088	pclove1	2013-12-28 19:49:57	AnnaPetrovicheva	2013-12-30 09:15:29	True
2088	pclove1	2013-12-28 19:49:57	apavlenko	2013-12-30 11:26:12	True
2087	ilya-lavrenov	2013-12-28 12:30:00	AnnaPetrovicheva	2013-12-30 09:14:47	True
2087	ilya-lavrenov	2013-12-28 12:30:00	apavlenko	2013-12-30 09:40:10	True
2086	ilya-lavrenov	2013-12-28 11:10:58	SpecLad	2013-12-30 13:45:44	True
2086	ilya-lavrenov	2013-12-28 11:10:58	AnnaPetrovicheva	2013-12-30 09:13:57	True
2085	severin-lemaignan	2013-12-28 10:05:46	SpecLad	2013-12-30 13:29:19	True
2085	severin-lemaignan	2013-12-28 10:05:46	AnnaPetrovicheva	2013-12-30 09:13:03	True
2085	severin-lemaignan	2013-12-28 10:05:46	SpecLad	2013-12-30 09:17:18	True
2084	ilya-lavrenov	2013-12-27 21:53:00	SpecLad	2013-12-31 10:01:33	True
2084	ilya-lavrenov	2013-12-27 21:53:00	AnnaPetrovicheva	2013-12-30 09:12:19	True
2080	asmorkalov	2013-12-27 12:50:49	vinograd47	2013-12-27 14:37:03	True
2080	asmorkalov	2013-12-27 12:50:49	SpecLad	2013-12-27 12:59:58	True
2078	ilya-lavrenov	2013-12-27 10:45:50	apavlenko	2013-12-27 11:42:31	True
2074	asmorkalov	2013-12-27 07:19:57	AnnaPetrovicheva	2013-12-27 07:27:33	True
2074	asmorkalov	2013-12-27 07:19:57	vinograd47	2013-12-27 07:43:14	True
2062	cook	2013-12-26 10:02:06	AnnaPetrovicheva	2013-12-27 07:51:01	True
2062	cook	2013-12-26 10:02:06	SpecLad	2013-12-27 08:04:53	True
2062	cook	2013-12-26 10:02:06	AnnaPetrovicheva	2013-12-27 08:15:01	True
2062	cook	2013-12-26 10:02:06	hbristow	2013-12-27 13:04:50	True
2062	cook	2013-12-26 10:02:06	AnnaPetrovicheva	2013-12-27 14:55:56	True
2062	cook	2013-12-26 10:02:06	kirill-korniakov	2014-02-12 08:27:50	True
2062	cook	2013-12-26 10:02:06	SpecLad	2014-02-14 07:55:32	True
2061	apavlenko	2013-12-26 09:42:51	SpecLad	2013-12-26 13:46:02	True
2055	vbystricky	2013-12-25 13:08:08	apavlenko	2013-12-27 18:36:20	True
2055	vbystricky	2013-12-25 13:08:08	AnnaPetrovicheva	2013-12-27 07:51:34	True
2054	alalek	2013-12-25 11:04:39	apavlenko	2013-12-26 08:16:07	True
2050	asmorkalov	2013-12-24 12:38:19	vinograd47	2013-12-26 07:40:24	True
2050	asmorkalov	2013-12-24 12:38:19	vinograd47	2013-12-26 09:09:32	True
2046	ilya-lavrenov	2013-12-23 15:46:46	apavlenko	2013-12-25 20:13:09	True
2042	vpisarev	2013-12-23 11:30:16	apavlenko	2013-12-25 14:58:45	True
2034	pentschev	2013-12-21 01:07:35	apavlenko	2013-12-27 11:47:01	True
2033	ilya-lavrenov	2013-12-20 16:17:58	apavlenko	2013-12-23 15:18:23	True
2028	KonstantinMatskevich	2013-12-20 10:14:48	ilya-lavrenov	2013-12-26 15:19:17	True
2023	krodyush	2013-12-19 19:07:53	apavlenko	2013-12-20 17:37:41	True
2022	asmorkalov	2013-12-19 15:17:09	vinograd47	2013-12-20 12:54:10	True
2022	asmorkalov	2013-12-19 15:17:09	SpecLad	2013-12-20 08:37:36	True
2022	asmorkalov	2013-12-19 15:17:09	vinograd47	2013-12-23 07:37:09	True
2013	apavlenko	2013-12-17 21:01:11	alalek	2013-12-18 08:54:23	True
2009	krodyush	2013-12-17 12:05:05	apavlenko	2013-12-19 09:37:08	True
2003	vbystricky	2013-12-17 08:58:41	asmorkalov	2013-12-20 12:46:55	True
2003	vbystricky	2013-12-17 08:58:41	apavlenko	2013-12-18 13:44:42	True
2003	vbystricky	2013-12-17 08:58:41	apavlenko	2013-12-19 12:52:16	True
2000	apavlenko	2013-12-16 15:06:16	kirill-korniakov	2013-12-18 14:27:36	True
1996	SpecLad	2013-12-16 11:07:27	kirill-korniakov	2013-12-16 14:41:02	True
1995	akarsakov	2013-12-16 10:36:42	apavlenko	2013-12-20 13:54:33	True
1995	akarsakov	2013-12-16 10:36:42	apavlenko	2013-12-18 13:10:56	True
1995	akarsakov	2013-12-16 10:36:42	ilya-lavrenov	2013-12-19 17:08:25	True
1992	ElenaGvozdeva	2013-12-16 09:49:32	ilya-lavrenov	2013-12-16 16:09:40	True
1992	ElenaGvozdeva	2013-12-16 09:49:32	ilya-lavrenov	2013-12-17 09:44:29	True
1991	apavlenko	2013-12-16 08:09:48	kirill-korniakov	2013-12-16 14:33:57	True
1987	pentschev	2013-12-15 00:58:04	ilya-lavrenov	2013-12-15 14:21:47	True
1987	pentschev	2013-12-15 00:58:04	ilya-lavrenov	2013-12-15 20:15:21	True
1987	pentschev	2013-12-15 00:58:04	ilya-lavrenov	2013-12-16 14:51:22	True
1987	pentschev	2013-12-15 00:58:04	ilya-lavrenov	2013-12-16 14:51:49	True
1986	GregoryMorse	2013-12-14 08:53:42	asmorkalov	2013-12-20 13:41:26	True
1986	GregoryMorse	2013-12-14 08:53:42	BKNio	2014-03-03 16:40:26	True
1986	GregoryMorse	2013-12-14 08:53:42	alekcac	2013-12-17 06:03:55	True
1986	GregoryMorse	2013-12-14 08:53:42	apavlenko	2013-12-16 12:59:01	True
1986	GregoryMorse	2013-12-14 08:53:42	Daniil-Osokin	2014-03-17 13:14:16	True
1986	GregoryMorse	2013-12-14 08:53:42	asmorkalov	2014-03-18 08:16:43	True
1980	alalek	2013-12-12 12:16:37	apavlenko	2013-12-13 12:08:22	True
1974	ilya-lavrenov	2013-12-11 12:07:04	apavlenko	2013-12-13 15:46:56	True
1969	KonstantinMatskevich	2013-12-10 13:48:20	ilya-lavrenov	2013-12-17 10:32:02	True
1969	KonstantinMatskevich	2013-12-10 13:48:20	ilya-lavrenov	2013-12-13 16:15:39	True
1969	KonstantinMatskevich	2013-12-10 13:48:20	alekcac	2013-12-17 06:14:28	True
1969	KonstantinMatskevich	2013-12-10 13:48:20	ilya-lavrenov	2013-12-10 14:54:40	True
1969	KonstantinMatskevich	2013-12-10 13:48:20	ilya-lavrenov	2013-12-10 15:00:00	True
1967	ilya-lavrenov	2013-12-10 09:09:20	ghost	2013-12-10 12:39:27	True
1967	ilya-lavrenov	2013-12-10 09:09:20	apavlenko	2013-12-10 14:49:01	True
1966	asmorkalov	2013-12-10 07:25:27	alekcac	2013-12-17 06:15:47	True
1966	asmorkalov	2013-12-10 07:25:27	SpecLad	2013-12-20 12:38:20	True
1966	asmorkalov	2013-12-10 07:25:27	ghost	2013-12-10 11:32:05	True
1958	vbystricky	2013-12-09 06:47:14	ilya-lavrenov	2013-12-10 08:35:58	True
1958	vbystricky	2013-12-09 06:47:14	alalek	2013-12-11 11:50:27	True
1958	vbystricky	2013-12-09 06:47:14	alalek	2013-12-10 13:54:41	True
1958	vbystricky	2013-12-09 06:47:14	ilya-lavrenov	2013-12-09 21:20:25	True
1958	vbystricky	2013-12-09 06:47:14	alalek	2013-12-10 08:33:38	True
1958	vbystricky	2013-12-09 06:47:14	ilya-lavrenov	2013-12-09 21:37:13	True
1948	ilya-lavrenov	2013-12-06 15:55:36	apavlenko	2013-12-09 09:24:52	True
1946	asmorkalov	2013-12-06 14:02:49	apavlenko	2013-12-09 08:45:58	True
1946	asmorkalov	2013-12-06 14:02:49	SpecLad	2013-12-09 08:53:44	True
1946	asmorkalov	2013-12-06 14:02:49	Daniil-Osokin	2013-12-07 04:28:14	True
1941	vhdirk	2013-12-06 09:24:34	SpecLad	2013-12-06 13:42:28	True
1936	ElenaGvozdeva	2013-12-05 13:56:27	apavlenko	2013-12-06 12:31:20	True
1934	vbystricky	2013-12-05 07:53:26	ilya-lavrenov	2013-12-09 21:57:30	True
1934	vbystricky	2013-12-05 07:53:26	ilya-lavrenov	2013-12-11 18:53:46	True
1934	vbystricky	2013-12-05 07:53:26	alalek	2013-12-13 16:25:44	True
1934	vbystricky	2013-12-05 07:53:26	ilya-lavrenov	2013-12-16 08:44:33	True
1931	ri-sh	2013-12-05 01:01:59	alekcac	2013-12-20 13:29:53	True
1931	ri-sh	2013-12-05 01:01:59	SpecLad	2013-12-20 07:53:51	True
1931	ri-sh	2013-12-05 01:01:59	SpecLad	2013-12-18 08:35:14	True
1931	ri-sh	2013-12-05 01:01:59	SpecLad	2013-12-06 08:06:37	True
1931	ri-sh	2013-12-05 01:01:59	Daniil-Osokin	2013-12-06 06:54:38	True
1931	ri-sh	2013-12-05 01:01:59	alekcac	2013-12-17 06:22:13	True
1930	alalek	2013-12-04 23:32:46	apavlenko	2013-12-06 12:01:11	True
1930	alalek	2013-12-04 23:32:46	SpecLad	2013-12-09 09:55:51	True
1929	alalek	2013-12-04 22:42:47	apavlenko	2013-12-06 10:56:00	True
1925	vpisarev	2013-12-04 15:02:30	apavlenko	2013-12-05 13:01:59	True
1918		2013-12-03 17:58:08			False
1912	KonstantinMatskevich	2013-12-03 10:08:12	ilya-lavrenov	2013-12-03 10:16:33	True
1911	apavlenko	2013-12-03 09:19:39	SpecLad	2013-12-03 09:27:26	True
1911	apavlenko	2013-12-03 09:19:39	SpecLad	2013-12-03 14:26:12	True
1909	alalek	2013-12-02 20:58:11	ilya-lavrenov	2013-12-03 17:49:35	True
1909	alalek	2013-12-02 20:58:11	apavlenko	2013-12-03 14:26:50	True
1905	ElenaGvozdeva	2013-12-02 13:40:30	ilya-lavrenov	2013-12-02 13:55:53	True
