pr_number	author_user_login	pr_created_at	commit_user_login	commit_created_at	commit_status_total	commit_status_additions	commit_status_deletions	create_before_pr	is_review_commit
21166	rayonnant14	2021-11-30 14:30:30	rayonnant14	2021-12-12 00:13:11	142	83	59	False	True
21166	rayonnant14	2021-11-30 14:30:30	rayonnant14	2021-11-30 14:11:09	8	4	4	True	True
21165	utibenkei	2021-11-30 13:40:52	utibenkei	2021-11-29 13:43:29	4	2	2	True	True
21164	rogday	2021-11-30 13:01:40	rogday	2021-11-30 12:42:20	8	8	0	True	True
21163	rogday	2021-11-30 13:00:29	rogday	2021-11-30 12:34:34	10	10	0	True	True
21162	rogday	2021-11-30 12:59:08	rogday	2021-11-30 12:20:52	70	59	11	True	True
21161	rogday	2021-11-30 12:56:02	rogday	2021-11-30 11:43:18	54	36	18	True	True
21160	rogday	2021-11-30 12:53:36	rogday	2021-11-30 09:20:35	25	19	6	True	True
21159	rogday	2021-11-30 12:52:01	rogday	2021-11-30 09:11:16	16	14	2	True	True
21159	rogday	2021-11-30 12:52:01	rogday	2021-12-02 14:47:07	1	1	0	False	True
21158	anna-khakimova	2021-11-30 12:27:05	anna-khakimova	2021-11-30 12:24:19	405	278	127	True	True
21158	anna-khakimova	2021-11-30 12:27:05	anna-khakimova	2021-12-01 15:45:47	252	121	131	False	True
21157	alexgiving	2021-11-30 10:55:02	atrutnev	2021-12-21 13:09:18	37	18	19	False	True
21157	alexgiving	2021-11-30 10:55:02	atrutnev	2021-12-21 13:09:18	1232	621	611	False	True
21157	alexgiving	2021-11-30 10:55:02	Aleksei Trutnev	2021-12-21 13:09:18	5	4	1	False	True
21157	alexgiving	2021-11-30 10:55:02	Aleksei Trutnev	2021-12-29 13:02:23	2	2	0	False	True
21154	Crayon-new	2021-11-30 05:10:29	cqn2219076254	2021-12-09 13:47:58	100	49	51	False	True
21154	Crayon-new	2021-11-30 05:10:29	Crayon-new	2021-11-30 04:32:15	2	1	1	True	True
21154	Crayon-new	2021-11-30 05:10:29	Crayon-new	2021-11-30 04:20:58	17	12	5	True	True
21154	Crayon-new	2021-11-30 05:10:29	cqn2219076254	2021-11-23 15:19:18	79	50	29	True	True
21152	rogday	2021-11-29 17:09:40	rogday	2021-11-29 16:56:23	9	5	4	True	True
21150	alexgiving	2021-11-29 08:55:50	atrutnev	2021-12-13 21:32:47	1284	758	526	False	True
21150	alexgiving	2021-11-29 08:55:50	Aleksei Trutnev	2021-12-14 13:55:34	12	6	6	False	True
21150	alexgiving	2021-11-29 08:55:50	atrutnev	2021-12-13 21:51:11	86	85	1	False	True
21150	alexgiving	2021-11-29 08:55:50	atrutnev	2021-12-13 21:32:47	30	15	15	False	True
21150	alexgiving	2021-11-29 08:55:50	atrutnev	2021-12-13 21:32:47	4	2	2	False	True
21150	alexgiving	2021-11-29 08:55:50	alexgiving	2021-12-13 21:32:47	4	2	2	False	True
21150	alexgiving	2021-11-29 08:55:50	atrutnev	2021-12-13 21:32:47	1269	663	606	False	True
21150	alexgiving	2021-11-29 08:55:50	Aleksei Trutnev	2021-12-14 10:47:17	644	291	353	False	True
21150	alexgiving	2021-11-29 08:55:50	Aleksei Trutnev	2021-12-14 12:24:54	4	2	2	False	True
21147	mjmdavis	2021-11-29 04:18:48	mjmdavis	2021-11-29 15:27:06	2	0	2	False	True
21147	mjmdavis	2021-11-29 04:18:48	mjmdavis	2021-11-29 04:03:04	2	1	1	True	True
21147	mjmdavis	2021-11-29 04:18:48	mjmdavis	2021-11-29 03:47:22	2	1	1	True	True
21145	MaximMilashchenko	2021-11-28 23:11:32	MaximMilashchenko	2021-11-30 15:14:51	36	25	11	False	True
21145	MaximMilashchenko	2021-11-28 23:11:32	MaximMilashchenko	2021-12-02 00:03:01	4	2	2	False	True
21145	MaximMilashchenko	2021-11-28 23:11:32	MaximMilashchenko	2021-12-01 21:33:30	6	4	2	False	True
21145	MaximMilashchenko	2021-11-28 23:11:32	MaximMilashchenko	2021-11-30 17:53:13	1	1	0	False	True
21145	MaximMilashchenko	2021-11-28 23:11:32	MaximMilashchenko	2021-11-28 23:04:11	19	17	2	True	True
21145	MaximMilashchenko	2021-11-28 23:11:32	MaximMilashchenko	2021-11-29 14:01:24	2	1	1	False	True
21145	MaximMilashchenko	2021-11-28 23:11:32	MaximMilashchenko	2021-11-29 13:07:03	49	40	9	False	True
21144	anna-khakimova	2021-11-28 19:55:24	anna-khakimova	2021-11-17 08:12:18	183	182	1	True	True
21144	anna-khakimova	2021-11-28 19:55:24	anna-khakimova	2022-01-12 13:30:48	432	28	404	False	True
21131	cclauss	2021-11-26 11:33:49	cclauss	2021-11-26 11:29:56	24	12	12	True	True
21130	cclauss	2021-11-26 11:00:18	cclauss	2021-11-26 10:57:54	23	13	10	True	True
21128	cclauss	2021-11-26 10:08:06	cclauss	2021-11-26 10:07:14	2	1	1	True	True
21123	cclauss	2021-11-25 11:44:30	cclauss	2021-11-25 11:44:21	6	3	3	True	True
21121	cclauss	2021-11-25 11:25:08	cclauss	2021-11-26 09:15:23	2	1	1	False	True
21121	cclauss	2021-11-25 11:25:08	cclauss	2021-11-26 12:30:43	2	1	1	False	True
21121	cclauss	2021-11-25 11:25:08	cclauss	2021-11-25 11:24:31	25	25	0	True	True
21119	anna-khakimova	2021-11-25 09:21:25	anna-khakimova	2021-11-24 20:49:59	105	32	73	True	True
21119	anna-khakimova	2021-11-25 09:21:25	anna-khakimova	2021-11-26 12:48:10	332	133	199	False	True
21119	anna-khakimova	2021-11-25 09:21:25	anna-khakimova	2021-11-24 18:00:27	528	491	37	True	True
21114	dwardor	2021-11-24 19:48:07	dwardor	2021-11-24 19:32:24	53	35	18	True	True
21114	dwardor	2021-11-24 19:48:07	dwardor	2021-12-22 10:28:08	12	6	6	False	True
21112	vrabaud	2021-11-24 14:38:03	vrabaud	2021-11-24 10:34:06	32	21	11	True	True
21112	vrabaud	2021-11-24 14:38:03	alalek	2021-11-30 04:17:50	25	13	12	False	True
21111	vrabaud	2021-11-24 09:23:19	alalek	2021-12-11 17:28:21	52	25	27	False	True
21111	vrabaud	2021-11-24 09:23:19	vrabaud	2021-11-24 09:03:53	27	27	0	True	True
21108	ShuangLiu1992	2021-11-23 15:03:42	ShuangLiu1992	2021-11-23 15:03:18	2	1	1	True	True
21107	take1014	2021-11-23 12:45:58	take1014	2021-11-24 09:21:06	16	8	8	False	True
21107	take1014	2021-11-23 12:45:58	take1014	2021-11-24 10:03:38	15	9	6	False	True
21107	take1014	2021-11-23 12:45:58	take1014	2021-11-24 10:37:33	4	2	2	False	True
21107	take1014	2021-11-23 12:45:58	take1014	2021-11-23 12:41:33	576	282	294	True	True
21106	mpashchenkov	2021-11-23 09:16:59	Pashchenkov Maxim	2021-11-24 07:06:58	6	2	4	False	True
21106	mpashchenkov	2021-11-23 09:16:59	Pashchenkov Maxim	2021-11-23 09:09:51	391	43	348	True	True
21106	mpashchenkov	2021-11-23 09:16:59	Pashchenkov Maxim	2021-11-26 08:59:39	19	6	13	False	True
21106	mpashchenkov	2021-11-23 09:16:59	Pashchenkov Maxim	2021-11-26 09:59:54	4	2	2	False	True
21106	mpashchenkov	2021-11-23 09:16:59	Pashchenkov Maxim	2021-11-24 13:16:05	55	31	24	False	True
21103	OrestChura	2021-11-23 02:02:42	OrestChura	2021-11-22 13:12:51	23	20	3	True	True
21103	OrestChura	2021-11-23 02:02:42	OrestChura	2021-11-23 11:09:36	7	5	2	False	True
21103	OrestChura	2021-11-23 02:02:42	OrestChura	2021-11-26 12:44:30	3	2	1	False	True
21095	Ryyyc	2021-11-21 15:40:10	Ryyyc	2021-11-20 04:55:02	284	218	66	True	True
21095	Ryyyc	2021-11-21 15:40:10	Ryyyc	2021-11-29 13:24:57	99	32	67	False	True
21095	Ryyyc	2021-11-21 15:40:10	Ryyyc	2021-10-19 14:23:02	102	72	30	True	True
21095	Ryyyc	2021-11-21 15:40:10	Ryyyc	2021-10-29 00:12:27	148	30	118	True	True
21095	Ryyyc	2021-11-21 15:40:10	Ryyyc	2021-11-22 14:49:17	137	61	76	False	True
21095	Ryyyc	2021-11-21 15:40:10	Ryyyc	2021-11-29 14:32:52	4	2	2	False	True
21095	Ryyyc	2021-11-21 15:40:10	Ryyyc	2021-11-30 01:12:50	10	5	5	False	True
21095	Ryyyc	2021-11-21 15:40:10	zoom	2021-10-16 08:53:33	5	5	0	True	True
21095	Ryyyc	2021-11-21 15:40:10	zoom	2021-10-28 17:34:49	359	240	119	True	True
21095	Ryyyc	2021-11-21 15:40:10	Ryyyc	2021-10-28 01:49:01	86	49	37	True	True
21095	Ryyyc	2021-11-21 15:40:10	zoom	2021-10-19 11:01:54	10	4	6	True	True
21095	Ryyyc	2021-11-21 15:40:10	Ryyyc	2021-10-19 04:34:59	62	31	31	True	True
21095	Ryyyc	2021-11-21 15:40:10	Ryyyc	2021-10-18 08:05:49	97	52	45	True	True
21095	Ryyyc	2021-11-21 15:40:10	zoom	2021-10-16 02:49:37	20	18	2	True	True
21095	Ryyyc	2021-11-21 15:40:10	Ryyyc	2021-10-01 01:56:54	399	399	0	True	True
21095	Ryyyc	2021-11-21 15:40:10	Ryyyc	2021-10-08 04:19:54	66	39	27	True	True
21095	Ryyyc	2021-11-21 15:40:10	zoom	2021-10-08 07:03:33	80	80	0	True	True
21095	Ryyyc	2021-11-21 15:40:10	WanliZhong	2021-10-28 18:35:44	4	2	2	True	True
21095	Ryyyc	2021-11-21 15:40:10	Ryyyc	2021-10-15 11:05:28	21	13	8	True	True
21095	Ryyyc	2021-11-21 15:40:10	zoom	2021-10-15 13:30:01	57	38	19	True	True
21095	Ryyyc	2021-11-21 15:40:10	Ryyyc	2021-10-15 06:03:44	59	26	33	True	True
21095	Ryyyc	2021-11-21 15:40:10	zoom	2021-10-16 08:29:41	81	51	30	True	True
21095	Ryyyc	2021-11-21 15:40:10	Ryyyc	2021-10-19 04:27:21	89	46	43	True	True
21094	Ryyyc	2021-11-21 03:11:39	Ryyyc	2021-11-22 03:15:53	2	1	1	False	True
21094	Ryyyc	2021-11-21 03:11:39	Ryyyc	2021-11-21 03:07:34	4	2	2	True	True
21089	sturkmen72	2021-11-19 20:05:11	sturkmen72	2021-11-19 21:00:57	1023	49	974	False	True
21088	rogday	2021-11-19 16:15:17	rogday	2021-12-13 21:34:59	2	1	1	False	True
21088	rogday	2021-11-19 16:15:17	alalek	2021-12-14 14:39:46	16	11	5	False	True
21088	rogday	2021-11-19 16:15:17	rogday	2021-12-14 12:44:52	16	9	7	False	True
21088	rogday	2021-11-19 16:15:17	rogday	2021-12-13 20:50:44	64	34	30	False	True
21088	rogday	2021-11-19 16:15:17	rogday	2021-12-13 19:36:42	4501	869	3632	False	True
21088	rogday	2021-11-19 16:15:17	alalek	2021-11-29 02:26:30	3789	3754	35	False	True
21088	rogday	2021-11-19 16:15:17	rogday	2021-11-09 16:52:51	1063	1063	0	True	True
21086	hanliutong	2021-11-19 07:54:39	hanliutong	2021-11-19 06:22:20	59	28	31	True	True
21086	hanliutong	2021-11-19 07:54:39	hanliutong	2021-11-22 08:07:01	2	1	1	False	True
21086	hanliutong	2021-11-19 07:54:39	hanliutong	2021-11-17 03:27:22	290	141	149	True	True
21086	hanliutong	2021-11-19 07:54:39	hanliutong	2021-11-12 05:33:17	149	55	94	True	True
21083	OrestChura	2021-11-19 00:35:39	OrestChura	2021-11-25 02:10:45	27	9	18	False	True
21083	OrestChura	2021-11-19 00:35:39	OrestChura	2021-11-26 13:34:46	12	7	5	False	True
21083	OrestChura	2021-11-19 00:35:39	OrestChura	2021-11-25 18:53:12	8	5	3	False	True
21083	OrestChura	2021-11-19 00:35:39	OrestChura	2021-11-25 04:25:54	10	10	0	False	True
21083	OrestChura	2021-11-19 00:35:39	OrestChura	2021-11-25 01:51:30	179	100	79	False	True
21083	OrestChura	2021-11-19 00:35:39	OrestChura	2021-11-26 12:11:41	18	11	7	False	True
21083	OrestChura	2021-11-19 00:35:39	OrestChura	2021-11-23 12:27:08	50	21	29	False	True
21083	OrestChura	2021-11-19 00:35:39	OrestChura	2021-11-22 12:57:49	11	5	6	False	True
21083	OrestChura	2021-11-19 00:35:39	OrestChura	2021-11-18 19:24:34	2	1	1	True	True
21083	OrestChura	2021-11-19 00:35:39	OrestChura	2021-11-18 10:42:20	41	30	11	True	True
21083	OrestChura	2021-11-19 00:35:39	OrestChura	2021-11-25 02:22:51	2	2	0	False	True
21081	alalek	2021-11-18 16:10:57	alalek	2021-11-18 16:02:59	6	3	3	True	True
21075	supersaint7780	2021-11-17 19:57:37	supersaint7780	2021-11-17 19:56:55	3	3	0	True	True
21074	vrabaud	2021-11-17 16:43:34	vrabaud	2021-11-17 16:38:21	66	59	7	True	True
21073	ShuangLiu1992	2021-11-17 15:43:49	ShuangLiu1992	2021-11-17 19:01:35	6	2	4	False	True
21073	ShuangLiu1992	2021-11-17 15:43:49	ShuangLiu1992	2021-11-17 15:42:42	7	6	1	True	True
21067	NickJackolson	2021-11-16 20:51:44	NickJackolson	2021-11-14 19:43:50	4	3	1	True	True
21067	NickJackolson	2021-11-16 20:51:44	NickJackolson	2021-11-17 20:56:55	1	1	0	False	True
21065	paroj	2021-11-16 18:28:43	paroj	2021-11-16 18:25:58	1560	1505	55	True	True
21065	paroj	2021-11-16 18:28:43	paroj	2021-11-19 16:49:01	73	2	71	False	True
21065	paroj	2021-11-16 18:28:43	paroj	2021-11-22 00:08:05	1	1	0	False	True
21064	alalek	2021-11-16 17:10:58	alalek	2021-11-16 17:07:27	15	7	8	True	True
21063	vrabaud	2021-11-16 11:43:32	vrabaud	2021-11-15 12:09:02	9	4	5	True	True
21049	sivanov-work	2021-11-12 12:59:33	sivanov-work	2021-11-23 12:11:59	4	2	2	False	True
21049	sivanov-work	2021-11-12 12:59:33	sivanov-work	2021-11-12 09:18:58	3026	2659	367	True	True
21049	sivanov-work	2021-11-12 12:59:33	sivanov-work	2021-12-02 12:11:18	2	0	2	False	True
21049	sivanov-work	2021-11-12 12:59:33	sivanov-work	2021-12-02 14:32:04	184	104	80	False	True
21049	sivanov-work	2021-11-12 12:59:33	sivanov-work	2021-12-03 08:51:56	25	21	4	False	True
21049	sivanov-work	2021-11-12 12:59:33	sivanov-work	2021-12-02 11:36:58	215	148	67	False	True
21049	sivanov-work	2021-11-12 12:59:33	sivanov-work	2021-12-03 12:13:43	126	49	77	False	True
21049	sivanov-work	2021-11-12 12:59:33	sivanov-work	2021-12-03 13:23:25	132	51	81	False	True
21049	sivanov-work	2021-11-12 12:59:33	sivanov-work	2021-11-17 06:44:59	4	2	2	False	True
21049	sivanov-work	2021-11-12 12:59:33	sivanov-work	2021-11-24 05:47:17	4	2	2	False	True
21049	sivanov-work	2021-11-12 12:59:33	sivanov-work	2021-12-03 09:10:27	8	4	4	False	True
21049	sivanov-work	2021-11-12 12:59:33	sivanov-work	2021-11-23 12:01:48	188	84	104	False	True
21049	sivanov-work	2021-11-12 12:59:33	sivanov-work	2021-11-16 07:30:56	185	140	45	False	True
21049	sivanov-work	2021-11-12 12:59:33	sivanov-work	2021-11-23 13:11:54	175	111	64	False	True
21049	sivanov-work	2021-11-12 12:59:33	sivanov-work	2021-11-17 06:28:17	18	9	9	False	True
21049	sivanov-work	2021-11-12 12:59:33	sivanov-work	2021-11-17 06:11:14	23	10	13	False	True
21049	sivanov-work	2021-11-12 12:59:33	sivanov-work	2021-11-12 12:32:08	90	56	34	True	True
21049	sivanov-work	2021-11-12 12:59:33	sivanov-work	2021-11-12 12:48:03	77	18	59	True	True
21049	sivanov-work	2021-11-12 12:59:33	sivanov-work	2021-11-15 12:17:06	165	97	68	False	True
21049	sivanov-work	2021-11-12 12:59:33	sivanov-work	2021-11-12 11:31:35	393	131	262	True	True
21049	sivanov-work	2021-11-12 12:59:33	sivanov-work	2021-11-16 09:08:48	17	12	5	False	True
21049	sivanov-work	2021-11-12 12:59:33	sivanov-work	2021-11-16 09:24:17	9	5	4	False	True
21049	sivanov-work	2021-11-12 12:59:33	sivanov-work	2021-11-17 05:37:56	7	6	1	False	True
21048	ffontaine	2021-11-12 10:14:46	ffontaine	2021-11-12 08:50:17	6	6	0	True	True
21041	sivanov-work	2021-11-11 10:28:39	sivanov-work	2021-11-30 05:57:57	4	2	2	False	True
21041	sivanov-work	2021-11-11 10:28:39	sivanov-work	2021-11-26 12:19:35	2	1	1	False	True
21041	sivanov-work	2021-11-11 10:28:39	sivanov-work	2021-11-11 08:03:30	44	44	0	True	True
21041	sivanov-work	2021-11-11 10:28:39	sivanov-work	2021-11-24 09:13:48	8	0	8	False	True
21041	sivanov-work	2021-11-11 10:28:39	sivanov-work	2021-11-30 05:47:58	5	2	3	False	True
21041	sivanov-work	2021-11-11 10:28:39	sivanov-work	2021-11-29 14:46:09	33	9	24	False	True
21041	sivanov-work	2021-11-11 10:28:39	sivanov-work	2021-11-29 11:56:30	86	20	66	False	True
21041	sivanov-work	2021-11-11 10:28:39	sivanov-work	2021-11-29 08:53:18	47	26	21	False	True
21041	sivanov-work	2021-11-11 10:28:39	sivanov-work	2021-11-17 14:12:39	104	61	43	False	True
21041	sivanov-work	2021-11-11 10:28:39	sivanov-work	2021-11-26 12:29:08	4	2	2	False	True
21041	sivanov-work	2021-11-11 10:28:39	sivanov-work	2021-11-26 12:02:14	43	42	1	False	True
21041	sivanov-work	2021-11-11 10:28:39	sivanov-work	2021-11-18 07:38:32	1	0	1	False	True
21041	sivanov-work	2021-11-11 10:28:39	sivanov-work	2021-11-26 12:01:42	68	47	21	False	True
21041	sivanov-work	2021-11-11 10:28:39	sivanov-work	2021-11-24 09:05:04	153	36	117	False	True
21041	sivanov-work	2021-11-11 10:28:39	sivanov-work	2021-11-18 05:46:33	73	71	2	False	True
21041	sivanov-work	2021-11-11 10:28:39	sivanov-work	2021-11-18 05:21:07	4	2	2	False	True
21041	sivanov-work	2021-11-11 10:28:39	sivanov-work	2021-11-17 14:22:23	16	11	5	False	True
21041	sivanov-work	2021-11-11 10:28:39	sivanov-work	2021-11-18 07:20:26	40	21	19	False	True
21040	alexgiving	2021-11-11 09:11:27	atrutnev	2021-11-11 09:05:39	27	13	14	True	True
21039	SegaraRai	2021-11-10 18:22:20	SegaraRai	2021-11-10 18:14:19	6	5	1	True	True
21036	zihaomu	2021-11-10 14:40:14	zihaomu	2022-03-18 11:08:39	3001	2971	30	False	True
21036	zihaomu	2021-11-10 14:40:14	fengyuentau	2022-03-31 03:10:53	39	25	14	False	True
21030	tv3141	2021-11-09 18:40:18	tv3141	2021-11-09 18:36:09	4	3	1	True	True
21030	tv3141	2021-11-09 18:40:18	tv3141	2021-11-10 10:22:22	30	30	0	False	True
21030	tv3141	2021-11-09 18:40:18	tv3141	2021-11-05 17:54:14	10	5	5	True	True
21030	tv3141	2021-11-09 18:40:18	tv3141	2021-11-10 16:31:57	2	1	1	False	True
21028	AleksandrPanov	2021-11-09 16:37:01	AleksandrPanov	2021-11-10 08:14:06	20	11	9	False	True
21027	anonymouss	2021-11-09 13:21:16	anonymouss	2021-11-09 09:23:34	2	1	1	True	True
21024	anna-khakimova	2021-11-09 11:28:55	anna-khakimova	2021-11-09 09:44:11	483	457	26	True	True
21022	sivanov-work	2021-11-08 11:48:21	sivanov-work	2021-11-19 12:52:31	402	157	245	False	True
21022	sivanov-work	2021-11-08 11:48:21	sivanov-work	2021-11-16 13:38:46	54	26	28	False	True
21022	sivanov-work	2021-11-08 11:48:21	sivanov-work	2021-11-10 08:44:25	5	4	1	False	True
21022	sivanov-work	2021-11-08 11:48:21	sivanov-work	2021-11-10 07:41:38	1	1	0	False	True
21022	sivanov-work	2021-11-08 11:48:21	sivanov-work	2021-11-08 11:42:37	5	0	5	True	True
21022	sivanov-work	2021-11-08 11:48:21	sivanov-work	2021-11-10 07:33:42	243	125	118	False	True
21022	sivanov-work	2021-11-08 11:48:21	sivanov-work	2021-11-02 10:02:26	420	242	178	True	True
21022	sivanov-work	2021-11-08 11:48:21	sivanov-work	2021-11-03 13:03:58	249	111	138	True	True
21022	sivanov-work	2021-11-08 11:48:21	sivanov-work	2021-11-03 11:11:55	7	4	3	True	True
21022	sivanov-work	2021-11-08 11:48:21	sivanov-work	2021-10-20 12:00:14	420	418	2	True	True
21022	sivanov-work	2021-11-08 11:48:21	sivanov-work	2021-11-01 13:06:16	230	192	38	True	True
21022	sivanov-work	2021-11-08 11:48:21	sivanov-work	2021-11-01 11:14:34	257	196	61	True	True
21022	sivanov-work	2021-11-08 11:48:21	sivanov-work	2021-11-08 11:39:48	672	1	671	True	True
21022	sivanov-work	2021-11-08 11:48:21	sivanov-work	2021-10-29 11:27:58	853	849	4	True	True
21022	sivanov-work	2021-11-08 11:48:21	sivanov-work	2021-11-09 13:38:41	256	176	80	False	True
21022	sivanov-work	2021-11-08 11:48:21	sivanov-work	2021-10-22 12:37:23	142	124	18	True	True
21022	sivanov-work	2021-11-08 11:48:21	sivanov-work	2021-10-21 10:34:13	29	28	1	True	True
21022	sivanov-work	2021-11-08 11:48:21	sivanov-work	2021-10-20 14:30:46	135	66	69	True	True
21022	sivanov-work	2021-11-08 11:48:21	sivanov-work	2021-10-21 08:47:45	262	131	131	True	True
21022	sivanov-work	2021-11-08 11:48:21	sivanov-work	2021-10-26 07:31:13	14	7	7	True	True
21022	sivanov-work	2021-11-08 11:48:21	sivanov-work	2021-10-22 11:49:56	573	455	118	True	True
21022	sivanov-work	2021-11-08 11:48:21	sivanov-work	2021-10-25 09:49:29	206	116	90	True	True
21022	sivanov-work	2021-11-08 11:48:21	sivanov-work	2021-10-18 12:48:53	9	9	0	True	True
21022	sivanov-work	2021-11-08 11:48:21	sivanov-work	2021-10-26 07:08:43	118	88	30	True	True
21022	sivanov-work	2021-11-08 11:48:21	sivanov-work	2021-10-25 14:24:26	189	132	57	True	True
21022	sivanov-work	2021-11-08 11:48:21	sivanov-work	2021-10-29 11:22:45	6	3	3	True	True
21022	sivanov-work	2021-11-08 11:48:21	sivanov-work	2021-10-27 10:15:59	5	5	0	True	True
21022	sivanov-work	2021-11-08 11:48:21	sivanov-work	2021-10-20 12:36:38	48	27	21	True	True
21022	sivanov-work	2021-11-08 11:48:21	sivanov-work	2021-10-26 07:34:18	3	0	3	True	True
21022	sivanov-work	2021-11-08 11:48:21	sivanov-work	2021-11-17 10:43:58	32	18	14	False	True
21020	lukasalexanderweber	2021-11-08 06:37:09	alalek	2021-11-08 09:45:51	2	1	1	False	True
21020	lukasalexanderweber	2021-11-08 06:37:09	lukasalexanderweber	2021-09-24 06:18:40	2155	2155	0	True	True
21018	savuor	2021-11-07 22:09:07	savuor	2021-11-07 21:51:44	40	30	10	True	True
21018	savuor	2021-11-07 22:09:07	savuor	2021-11-07 21:45:01	478	186	292	True	True
21018	savuor	2021-11-07 22:09:07	savuor	2021-11-07 21:49:55	71	44	27	True	True
21018	savuor	2021-11-07 22:09:07	savuor	2021-11-25 14:18:12	104	59	45	False	True
21018	savuor	2021-11-07 22:09:07	savuor	2021-11-25 14:12:56	65	25	40	False	True
21018	savuor	2021-11-07 22:09:07	savuor	2021-11-25 13:13:26	44	22	22	False	True
21018	savuor	2021-11-07 22:09:07	savuor	2021-11-12 17:16:34	6	3	3	False	True
21018	savuor	2021-11-07 22:09:07	savuor	2021-11-12 17:16:08	160	108	52	False	True
21018	savuor	2021-11-07 22:09:07	savuor	2021-11-12 17:13:50	242	129	113	False	True
21018	savuor	2021-11-07 22:09:07	savuor	2021-11-12 17:13:00	108	56	52	False	True
21018	savuor	2021-11-07 22:09:07	savuor	2021-11-12 17:11:34	186	61	125	False	True
21018	savuor	2021-11-07 22:09:07	savuor	2021-11-12 17:10:47	104	58	46	False	True
21018	savuor	2021-11-07 22:09:07	savuor	2021-11-12 17:09:48	28	19	9	False	True
21018	savuor	2021-11-07 22:09:07	savuor	2021-11-12 17:08:41	390	214	176	False	True
21018	savuor	2021-11-07 22:09:07	savuor	2021-11-07 21:27:18	836	836	0	True	True
21018	savuor	2021-11-07 22:09:07	savuor	2021-11-12 17:15:14	53	32	21	False	True
21018	savuor	2021-11-07 22:09:07	savuor	2021-09-02 23:43:29	237	237	0	True	True
21018	savuor	2021-11-07 22:09:07	savuor	2021-11-07 21:50:39	31	22	9	True	True
21018	savuor	2021-11-07 22:09:07	savuor	2021-11-07 20:50:12	3	2	1	True	True
21018	savuor	2021-11-07 22:09:07	savuor	2021-11-07 20:48:21	3	2	1	True	True
21018	savuor	2021-11-07 22:09:07	savuor	2021-11-07 20:47:27	24	0	24	True	True
21018	savuor	2021-11-07 22:09:07	savuor	2021-09-02 23:45:57	24	24	0	True	True
21018	savuor	2021-11-07 22:09:07	savuor	2021-09-02 23:47:01	27	18	9	True	True
21018	savuor	2021-11-07 22:09:07	savuor	2021-11-18 21:38:18	550	418	132	False	True
21018	savuor	2021-11-07 22:09:07	savuor	2021-11-07 20:53:52	46	32	14	True	True
21018	savuor	2021-11-07 22:09:07	savuor	2021-09-02 23:42:28	12	12	0	True	True
21018	savuor	2021-11-07 22:09:07	savuor	2021-09-02 23:41:15	2	1	1	True	True
21018	savuor	2021-11-07 22:09:07	savuor	2021-09-02 23:35:44	4	2	2	True	True
21018	savuor	2021-11-07 22:09:07	savuor	2021-09-02 23:49:07	5	3	2	True	True
21018	savuor	2021-11-07 22:09:07	savuor	2021-11-07 21:48:41	170	133	37	True	True
21012	hanliutong	2021-11-05 07:04:40	hanliutong	2021-11-04 14:49:39	4	2	2	True	True
21012	hanliutong	2021-11-05 07:04:40	hanliutong	2021-11-10 06:56:12	96	48	48	False	True
21012	hanliutong	2021-11-05 07:04:40	hanliutong	2021-11-04 14:52:45	50	50	0	True	True
21012	hanliutong	2021-11-05 07:04:40	hanliutong	2021-11-04 14:51:26	5	3	2	True	True
21012	hanliutong	2021-11-05 07:04:40	hanliutong	2021-11-04 14:55:31	41	41	0	True	True
21012	hanliutong	2021-11-05 07:04:40	hanliutong	2021-11-04 14:48:10	121	71	50	True	True
21012	hanliutong	2021-11-05 07:04:40	hanliutong	2021-11-04 14:45:52	3	3	0	True	True
21012	hanliutong	2021-11-05 07:04:40	hanliutong	2021-11-04 14:40:01	128	64	64	True	True
21012	hanliutong	2021-11-05 07:04:40	hanliutong	2021-12-02 01:44:38	6	3	3	False	True
21012	hanliutong	2021-11-05 07:04:40	hanliutong	2021-11-04 14:37:06	7	5	2	True	True
21011	vrabaud	2021-11-04 21:52:43	vrabaud	2021-11-04 21:48:10	28	26	2	True	True
21005	nikpappas	2021-11-03 22:24:31	nikpappas	2021-11-03 22:13:30	10	5	5	True	True
20998	alalek	2021-11-03 10:59:06	alalek	2021-11-03 09:08:36	134604	69101	65503	True	True
20998	alalek	2021-11-03 10:59:06	alalek	2021-11-03 10:19:34	56	41	15	True	True
20998	alalek	2021-11-03 10:59:06	alalek	2021-11-03 21:45:43	10	10	0	False	True
20998	alalek	2021-11-03 10:59:06	alalek	2021-11-03 22:44:31	38884	41	38843	False	True
20995	mpashchenkov	2021-11-03 10:12:03	alalek	2021-11-04 09:51:04	77	2	75	False	True
20995	mpashchenkov	2021-11-03 10:12:03	Pashchenkov Maxim	2021-11-12 09:03:26	87	1	86	False	True
20995	mpashchenkov	2021-11-03 10:12:03	Pashchenkov Maxim	2021-11-15 08:20:37	2	1	1	False	True
20987	zcx-xxx	2021-11-01 14:21:44	zcx-xxx	2021-11-19 02:13:27	7	3	4	False	True
20987	zcx-xxx	2021-11-01 14:21:44	zcx-xxx	2021-11-01 14:16:52	8	5	3	True	True
