pr_number	author_user_login	pr_created_at	commit_user_login	commit_created_at	commit_status_total	commit_status_additions	commit_status_deletions	create_before_pr	is_review_commit
21542	rogday	2022-01-31 07:42:40	rogday	2022-02-17 17:30:44	94	58	36	False	True
21538	edman007	2022-01-29 13:47:06	edman007	2022-01-29 04:01:03	71	67	4	True	True
21534	alexgiving	2022-01-28 12:26:46	Aleksei Trutnev	2022-02-07 09:54:50	60	50	10	False	True
21531	fengyuentau	2022-01-28 08:42:28	fengyuentau	2022-02-03 05:26:12	2	1	1	False	True
21531	fengyuentau	2022-01-28 08:42:28	fengyuentau	2022-01-29 06:03:12	37	33	4	False	True
21531	fengyuentau	2022-01-28 08:42:28	fengyuentau	2022-01-29 06:08:44	6	4	2	False	True
21531	fengyuentau	2022-01-28 08:42:28	fengyuentau	2022-01-29 07:12:20	2	1	1	False	True
21531	fengyuentau	2022-01-28 08:42:28	fengyuentau	2022-01-31 06:28:34	108	33	75	False	True
21531	fengyuentau	2022-01-28 08:42:28	fengyuentau	2022-02-01 13:32:49	68	63	5	False	True
21531	fengyuentau	2022-01-28 08:42:28	fengyuentau	2022-02-03 05:18:09	9	5	4	False	True
21531	fengyuentau	2022-01-28 08:42:28	fengyuentau	2022-02-03 05:21:59	4	2	2	False	True
21531	fengyuentau	2022-01-28 08:42:28	fengyuentau	2022-02-08 04:22:26	28	14	14	False	True
21531	fengyuentau	2022-01-28 08:42:28	fengyuentau	2022-02-03 06:01:28	10	6	4	False	True
21531	fengyuentau	2022-01-28 08:42:28	fengyuentau	2022-02-06 07:33:25	64	32	32	False	True
21531	fengyuentau	2022-01-28 08:42:28	fengyuentau	2022-02-06 08:05:15	71	70	1	False	True
21531	fengyuentau	2022-01-28 08:42:28	fengyuentau	2022-02-08 04:21:51	10	8	2	False	True
21531	fengyuentau	2022-01-28 08:42:28	fengyuentau	2022-01-29 05:38:00	6	4	2	False	True
21531	fengyuentau	2022-01-28 08:42:28	fengyuentau	2022-01-29 05:38:49	50	20	30	False	True
21531	fengyuentau	2022-01-28 08:42:28	fengyuentau	2021-12-10 09:13:16	41	40	1	True	True
21531	fengyuentau	2022-01-28 08:42:28	fengyuentau	2022-01-28 08:40:25	10	7	3	True	True
21531	fengyuentau	2022-01-28 08:42:28	fengyuentau	2021-12-26 14:55:47	87	48	39	True	True
21531	fengyuentau	2022-01-28 08:42:28	fengyuentau	2021-12-17 07:51:03	101	62	39	True	True
21531	fengyuentau	2022-01-28 08:42:28	fengyuentau	2022-01-28 08:02:58	114	41	73	True	True
21531	fengyuentau	2022-01-28 08:42:28	fengyuentau	2022-01-28 04:27:38	36	18	18	True	True
21531	fengyuentau	2022-01-28 08:42:28	fengyuentau	2021-12-27 07:41:31	38	21	17	True	True
21531	fengyuentau	2022-01-28 08:42:28	fengyuentau	2021-12-17 12:30:55	28	14	14	True	True
21531	fengyuentau	2022-01-28 08:42:28	fengyuentau	2021-12-27 03:48:09	2	2	0	True	True
21531	fengyuentau	2022-01-28 08:42:28	fengyuentau	2021-12-17 08:45:08	65	35	30	True	True
21531	fengyuentau	2022-01-28 08:42:28	fengyuentau	2021-12-27 03:47:33	24	5	19	True	True
21531	fengyuentau	2022-01-28 08:42:28	fengyuentau	2021-12-13 07:01:31	13	12	1	True	True
21531	fengyuentau	2022-01-28 08:42:28	fengyuentau	2021-12-13 06:35:10	46	25	21	True	True
21531	fengyuentau	2022-01-28 08:42:28	fengyuentau	2021-12-10 09:48:27	22	14	8	True	True
21531	fengyuentau	2022-01-28 08:42:28	fengyuentau	2022-01-28 08:12:43	4	2	2	True	True
21530	anna-khakimova	2022-01-28 00:18:31	anna-khakimova	2022-03-01 09:29:31	173	80	93	False	True
21530	anna-khakimova	2022-01-28 00:18:31	anna-khakimova	2022-01-25 13:42:38	540	489	51	True	True
21530	anna-khakimova	2022-01-28 00:18:31	anna-khakimova	2022-02-16 08:42:50	421	370	51	False	True
21530	anna-khakimova	2022-01-28 00:18:31	anna-khakimova	2022-01-28 11:26:15	360	46	314	False	True
21529	alexgiving	2022-01-27 21:02:19	Aleksei Trutnev	2022-01-27 13:12:53	79	59	20	True	True
21528	sturkmen72	2022-01-27 19:51:57	sturkmen72	2022-01-27 19:40:39	5	2	3	True	True
21527	vrabaud	2022-01-27 12:09:12	vrabaud	2022-01-27 12:03:46	13	13	0	True	True
21527	vrabaud	2022-01-27 12:09:12	vrabaud	2022-01-27 12:34:22	6	4	2	False	True
21525	VadimLevin	2022-01-27 09:09:11	VadimLevin	2022-01-27 09:04:56	30	21	9	True	True
21522	rogday	2022-01-26 12:32:33	rogday	2022-02-16 21:18:30	31	11	20	False	True
21522	rogday	2022-01-26 12:32:33	rogday	2022-02-17 11:42:28	28	20	8	False	True
21522	rogday	2022-01-26 12:32:33	rogday	2022-02-16 19:47:28	319	265	54	False	True
21522	rogday	2022-01-26 12:32:33	rogday	2022-02-17 10:41:12	263	137	126	False	True
21522	rogday	2022-01-26 12:32:33	rogday	2022-03-01 22:53:45	128	116	12	False	True
21522	rogday	2022-01-26 12:32:33	rogday	2022-02-17 17:02:54	11	11	0	False	True
21522	rogday	2022-01-26 12:32:33	rogday	2022-02-17 17:28:52	6	3	3	False	True
21522	rogday	2022-01-26 12:32:33	rogday	2022-03-02 13:58:36	106	55	51	False	True
21520	alexgiving	2022-01-26 10:38:37	Aleksei Trutnev	2022-01-31 15:26:05	61	44	17	False	True
21518	zihaomu	2022-01-26 09:00:19	zihaomu	2022-01-26 08:57:48	15	12	3	True	True
21517	alalek	2022-01-26 04:42:11	alalek	2022-01-26 04:34:51	10	5	5	True	True
21514	pkubaj	2022-01-25 13:48:25	pkubaj	2022-01-25 13:35:22	2	1	1	True	True
21512	vrabaud	2022-01-25 10:41:07	vrabaud	2022-01-25 10:37:39	4	2	2	True	True
21511	dbudniko	2022-01-25 10:25:48	dbudniko	2022-01-28 09:43:57	9	6	3	False	True
21511	dbudniko	2022-01-25 10:25:48	dbudniko	2022-01-28 10:05:28	4	2	2	False	True
21511	dbudniko	2022-01-25 10:25:48	dbudniko	2022-01-28 10:10:05	11	3	8	False	True
21511	dbudniko	2022-01-25 10:25:48	dbudniko	2022-01-28 11:21:13	28	26	2	False	True
21511	dbudniko	2022-01-25 10:25:48	dbudniko	2022-01-28 12:04:11	80	80	0	False	True
21511	dbudniko	2022-01-25 10:25:48	dbudniko	2022-01-31 13:42:18	4	2	2	False	True
21511	dbudniko	2022-01-25 10:25:48	dbudniko	2022-01-31 11:30:07	10	5	5	False	True
21511	dbudniko	2022-01-25 10:25:48	dbudniko	2022-01-31 11:33:17	13	5	8	False	True
21511	dbudniko	2022-01-25 10:25:48	dbudniko	2022-01-31 13:07:00	60	55	5	False	True
21511	dbudniko	2022-01-25 10:25:48	dbudniko	2022-01-31 13:25:54	4	2	2	False	True
21511	dbudniko	2022-01-25 10:25:48	dbudniko	2022-01-31 13:32:30	6	6	0	False	True
21511	dbudniko	2022-01-25 10:25:48	dbudniko	2022-01-28 13:28:34	33	33	0	False	True
21511	dbudniko	2022-01-25 10:25:48	dbudniko	2022-01-28 09:36:50	9	6	3	False	True
21511	dbudniko	2022-01-25 10:25:48	dbudniko	2022-01-28 09:21:13	2	1	1	False	True
21511	dbudniko	2022-01-25 10:25:48	dbudniko	2022-01-31 14:24:39	86	27	59	False	True
21511	dbudniko	2022-01-25 10:25:48	dbudniko	2022-01-31 14:34:52	16	6	10	False	True
21511	dbudniko	2022-01-25 10:25:48	dbudniko	2022-01-27 16:33:10	2	1	1	False	True
21511	dbudniko	2022-01-25 10:25:48	dbudniko	2022-01-27 14:44:15	49	13	36	False	True
21511	dbudniko	2022-01-25 10:25:48	dbudniko	2022-01-27 16:03:33	2	1	1	False	True
21511	dbudniko	2022-01-25 10:25:48	dbudniko	2022-01-28 09:20:34	4	2	2	False	True
21511	dbudniko	2022-01-25 10:25:48	dbudniko	2022-01-27 15:52:11	5	3	2	False	True
21511	dbudniko	2022-01-25 10:25:48	dbudniko	2022-01-27 15:44:10	48	45	3	False	True
21511	dbudniko	2022-01-25 10:25:48	dbudniko	2022-01-27 15:13:14	99	98	1	False	True
21511	dbudniko	2022-01-25 10:25:48	dbudniko	2022-01-27 13:23:25	60	42	18	False	True
21511	dbudniko	2022-01-25 10:25:48	dbudniko	2022-01-27 13:37:36	1	1	0	False	True
21511	dbudniko	2022-01-25 10:25:48	dbudniko	2022-01-27 15:59:23	74	74	0	False	True
21511	dbudniko	2022-01-25 10:25:48	dbudniko	2022-01-25 14:32:50	1	0	1	False	True
21511	dbudniko	2022-01-25 10:25:48	dbudniko	2022-01-25 09:29:32	3931	3186	745	True	True
21511	dbudniko	2022-01-25 10:25:48	dbudniko	2022-01-25 09:29:10	45	45	0	True	True
21511	dbudniko	2022-01-25 10:25:48	dbudniko	2022-01-31 14:55:39	13	7	6	False	True
21508	tailsu	2022-01-24 13:10:46	tailsu	2022-01-24 12:52:23	4	3	1	True	True
21506	alalek	2022-01-24 10:48:13	alalek	2022-01-11 03:06:43	242	242	0	True	True
21506	alalek	2022-01-24 10:48:13	alalek	2022-01-24 05:39:45	14	14	0	True	True
21505	georgthegreat	2022-01-24 08:24:42	georgthegreat	2022-01-24 08:23:34	13	8	5	True	True
21504	smirnov-alexey	2022-01-24 08:17:53	smirnov-alexey	2021-09-21 15:39:02	1025	876	149	True	True
21504	smirnov-alexey	2022-01-24 08:17:53	smirnov-alexey	2022-04-05 15:15:24	20	2	18	False	True
21501	sturkmen72	2022-01-23 11:35:47	sturkmen72	2022-01-22 08:27:01	38	28	10	True	True
21500	Kanaderu	2022-01-23 00:46:03	Kanaderu	2022-01-23 01:27:04	2	1	1	False	True
21500	Kanaderu	2022-01-23 00:46:03	Kanaderu	2022-01-22 23:47:44	6	6	0	True	True
21499	sturkmen72	2022-01-22 22:27:11	sturkmen72	2022-01-14 20:42:37	26	13	13	True	True
21497	alalek	2022-01-22 11:53:52	alalek	2022-01-22 11:48:44	2	1	1	True	True
21490	rogday	2022-01-20 14:00:35	rogday	2022-01-21 09:31:46	82	57	25	False	True
21489	VadimLevin	2022-01-20 12:57:01	VadimLevin	2022-01-18 21:07:50	238	201	37	True	True
21488	VadimLevin	2022-01-20 12:40:55	VadimLevin	2022-01-20 12:21:47	577	484	93	True	True
21478	VadimLevin	2022-01-19 14:15:30	VadimLevin	2022-01-18 21:07:50	230	189	41	True	True
21477	TolyaTalamanov	2022-01-19 13:19:31	TolyaTalamanov	2022-01-28 11:50:08	126	63	63	False	True
21477	TolyaTalamanov	2022-01-19 13:19:31	TolyaTalamanov	2022-01-19 13:09:27	2352	2352	0	True	True
21477	TolyaTalamanov	2022-01-19 13:19:31	TolyaTalamanov	2022-01-19 14:03:18	28	14	14	False	True
21477	TolyaTalamanov	2022-01-19 13:19:31	TolyaTalamanov	2022-01-26 12:18:22	10	5	5	False	True
21477	TolyaTalamanov	2022-01-19 13:19:31	TolyaTalamanov	2022-01-28 13:11:48	26	15	11	False	True
21477	TolyaTalamanov	2022-01-19 13:19:31	TolyaTalamanov	2022-01-20 08:11:08	46	42	4	False	True
21477	TolyaTalamanov	2022-01-19 13:19:31	TolyaTalamanov	2022-02-01 08:17:39	26	11	15	False	True
21477	TolyaTalamanov	2022-01-19 13:19:31	TolyaTalamanov	2022-02-01 08:21:30	2	1	1	False	True
21477	TolyaTalamanov	2022-01-19 13:19:31	alalek	2022-02-01 10:18:33	8	3	5	False	True
21477	TolyaTalamanov	2022-01-19 13:19:31	TolyaTalamanov	2022-01-28 11:24:57	2	1	1	False	True
21475	alexgiving	2022-01-19 10:58:21	Aleksei Trutnev	2022-01-24 11:12:51	2	1	1	False	True
21475	alexgiving	2022-01-19 10:58:21	Aleksei Trutnev	2022-01-20 11:06:04	546	273	273	False	True
21475	alexgiving	2022-01-19 10:58:21	Aleksei Trutnev	2022-01-21 14:58:24	3	2	1	False	True
21474	anna-khakimova	2022-01-19 07:21:33	anna-khakimova	2022-01-12 10:11:16	689	600	89	True	True
21474	anna-khakimova	2022-01-19 07:21:33	anna-khakimova	2022-01-24 00:25:02	220	118	102	False	True
21470	alalek	2022-01-18 08:22:45	alalek	2022-01-18 08:15:12	13	13	0	True	True
21468	VadimLevin	2022-01-18 07:19:36	VadimLevin	2022-01-18 06:44:45	16	13	3	True	True
21467	alalek	2022-01-18 05:00:56	alalek	2022-01-18 04:53:44	112	83	29	True	True
21458	SinM9	2022-01-16 19:27:55	SinM9	2022-02-26 15:50:33	19	10	9	False	True
21458	SinM9	2022-01-16 19:27:55	SinM9	2022-02-17 22:33:59	2	1	1	False	True
21458	SinM9	2022-01-16 19:27:55	SinM9	2022-01-16 20:28:48	53	25	28	False	True
21458	SinM9	2022-01-16 19:27:55	SinM9	2022-02-17 21:50:20	125	65	60	False	True
21458	SinM9	2022-01-16 19:27:55	SinM9	2022-01-16 19:24:56	584	584	0	True	True
21454	sturkmen72	2022-01-15 10:35:18	sturkmen72	2022-01-15 02:49:38	20	10	10	True	True
21453	sturkmen72	2022-01-15 02:39:22	sturkmen72	2022-01-15 01:43:20	29	28	1	True	True
21452	mshabunin	2022-01-14 22:05:58	mshabunin	2022-01-14 21:53:19	216	103	113	True	True
21451	sturkmen72	2022-01-14 20:48:35	sturkmen72	2022-01-14 20:36:53	4	2	2	True	True
21440	mshabunin	2022-01-13 11:53:44	mshabunin	2022-01-12 21:13:59	13	12	1	True	True
21439	DumDereDum	2022-01-13 08:58:39	ubu	2022-01-18 08:05:24	160	106	54	False	True
21439	DumDereDum	2022-01-13 08:58:39	ubu	2022-01-18 16:00:40	2	1	1	False	True
21439	DumDereDum	2022-01-13 08:58:39	ubu	2022-01-20 08:33:49	34	8	26	False	True
21439	DumDereDum	2022-01-13 08:58:39	ubu	2022-01-20 06:51:36	6	3	3	False	True
21439	DumDereDum	2022-01-13 08:58:39	ubu	2022-01-19 20:33:59	6	6	0	False	True
21439	DumDereDum	2022-01-13 08:58:39	ubu	2022-01-19 20:02:18	15	9	6	False	True
21439	DumDereDum	2022-01-13 08:58:39	ubu	2022-01-19 19:27:34	70	40	30	False	True
21439	DumDereDum	2022-01-13 08:58:39	ubu	2022-01-19 18:25:57	5	5	0	False	True
21439	DumDereDum	2022-01-13 08:58:39	ubu	2022-01-19 17:52:23	3	0	3	False	True
21439	DumDereDum	2022-01-13 08:58:39	ubu	2022-01-20 10:26:37	4	2	2	False	True
21439	DumDereDum	2022-01-13 08:58:39	ubu	2022-02-05 16:31:21	16	11	5	False	True
21439	DumDereDum	2022-01-13 08:58:39	ubu	2022-01-13 08:45:49	87	80	7	True	True
21439	DumDereDum	2022-01-13 08:58:39	ubu	2022-01-17 15:24:26	26	13	13	False	True
21439	DumDereDum	2022-01-13 08:58:39	ubu	2022-01-13 11:50:14	4	2	2	False	True
21439	DumDereDum	2022-01-13 08:58:39	ubu	2022-01-19 16:50:34	2	1	1	False	True
21439	DumDereDum	2022-01-13 08:58:39	ubu	2022-01-17 08:40:59	75	75	0	False	True
21439	DumDereDum	2022-01-13 08:58:39	ubu	2022-01-17 09:34:06	11	5	6	False	True
21439	DumDereDum	2022-01-13 08:58:39	ubu	2022-01-13 16:35:04	166	130	36	False	True
21439	DumDereDum	2022-01-13 08:58:39	ubu	2022-01-17 12:51:57	2	1	1	False	True
21439	DumDereDum	2022-01-13 08:58:39	ubu	2022-01-17 12:53:08	2	0	2	False	True
21439	DumDereDum	2022-01-13 08:58:39	ubu	2022-01-17 13:43:49	4	2	2	False	True
21439	DumDereDum	2022-01-13 08:58:39	ubu	2022-01-17 16:04:30	14	6	8	False	True
21439	DumDereDum	2022-01-13 08:58:39	ubu	2022-01-17 12:27:49	2	1	1	False	True
21439	DumDereDum	2022-01-13 08:58:39	ubu	2022-01-31 08:18:23	172	81	91	False	True
21429	alalek	2022-01-12 13:15:43	alalek	2022-01-12 03:46:13	206	113	93	True	True
21428	Harvey-Huang	2022-01-12 09:14:41	Harvey	2022-01-27 03:07:21	5	2	3	False	True
21428	Harvey-Huang	2022-01-12 09:14:41	Harvey	2022-01-29 06:00:54	3	3	0	False	True
21428	Harvey-Huang	2022-01-12 09:14:41	Harvey	2022-01-26 10:00:40	21	21	0	False	True
21428	Harvey-Huang	2022-01-12 09:14:41	Harvey	2022-01-12 09:12:33	18	14	4	True	True
21424	dbudniko	2022-01-11 16:30:53	dbudniko	2022-01-11 15:58:14	25	19	6	True	True
21424	dbudniko	2022-01-11 16:30:53	dbudniko	2022-01-12 11:31:31	18	8	10	False	True
21422	alexgiving	2022-01-11 12:29:57	Aleksei Trutnev	2022-01-11 22:11:46	22	11	11	False	True
21421	vrabaud	2022-01-11 11:04:45	vrabaud	2022-01-11 11:01:47	2	1	1	True	True
21420	lukasalexanderweber	2022-01-10 13:22:05	lukasalexanderweber	2022-01-11 08:41:01	9	4	5	False	True
21420	lukasalexanderweber	2022-01-10 13:22:05	lukasalexanderweber	2022-01-11 08:44:24	9	4	5	False	True
21420	lukasalexanderweber	2022-01-10 13:22:05	lukasalexanderweber	2022-02-01 09:41:21	31	15	16	False	True
21420	lukasalexanderweber	2022-01-10 13:22:05	lukasalexanderweber	2022-01-10 11:13:58	4	2	2	True	True
21420	lukasalexanderweber	2022-01-10 13:22:05	lukasalexanderweber	2022-01-10 11:06:04	815	650	165	True	True
21416	alalek	2022-01-10 09:21:21	alalek	2022-01-10 09:16:01	2	1	1	True	True
21413	berak	2022-01-09 11:28:28	berak	2022-01-09 11:26:24	4	2	2	True	True
21412	crackwitz	2022-01-08 22:46:48	crackwitz	2022-01-08 22:42:21	2	1	1	True	True
21409	sturkmen72	2022-01-07 14:14:14	sturkmen72	2022-01-07 13:51:21	103	61	42	True	True
21405	h6197627	2022-01-06 21:17:18	h6197627	2022-01-06 21:14:52	37	17	20	True	True
21405	h6197627	2022-01-06 21:17:18	h6197627	2022-01-07 14:38:51	275	140	135	False	True
21400	Harvey-Huang	2022-01-06 11:01:32	Harvey	2022-01-06 10:58:28	16	11	5	True	True
21400	Harvey-Huang	2022-01-06 11:01:32	Harvey	2022-01-07 05:25:55	74	43	31	False	True
21400	Harvey-Huang	2022-01-06 11:01:32	Harvey	2022-01-07 05:38:21	9	5	4	False	True
21398	guillaume-tgl	2022-01-06 08:39:16	guillaume-tgl	2022-01-05 14:27:21	2	1	1	True	True
21394	vrabaud	2022-01-05 12:44:51	vrabaud	2022-01-05 12:42:55	2	1	1	True	True
21382	stal12	2022-01-03 17:22:11	stal12	2022-01-03 17:15:09	17	14	3	True	True
21378	sturkmen72	2022-01-02 21:35:20	sturkmen72	2022-01-02 18:41:26	158	75	83	True	True
