pr_number	author_user_login	pr_created_at	comment_user_login	comment_created_at	is_review_issue_comment
3176	ilya-lavrenov	2014-08-31 10:58:59	alalek	2014-09-01 08:57:51	True
3161	ElenaGvozdeva	2014-08-26 11:24:39	vpisarev	2014-08-28 10:44:42	True
3160	akarsakov	2014-08-26 07:31:45	vbystricky	2014-08-27 06:49:54	True
3156	sergregory	2014-08-25 14:16:17	kirill-korniakov	2014-08-27 10:53:15	True
3156	sergregory	2014-08-25 14:16:17	kirill-korniakov	2014-09-01 09:51:04	True
3156	sergregory	2014-08-25 14:16:17	kirill-korniakov	2014-08-27 08:29:11	True
3155	vbystricky	2014-08-25 14:00:25	akarsakov	2014-08-26 11:45:05	True
3152	PhilLab	2014-08-23 16:35:24	vpisarev	2014-08-26 16:06:27	True
3141	abidrahmank	2014-08-20 16:03:09	asmorkalov	2014-08-22 07:51:21	True
3141	abidrahmank	2014-08-20 16:03:09	asmorkalov	2014-08-22 08:06:25	True
3126	avdmitry	2014-08-18 18:47:31	vpisarev	2014-08-25 17:34:18	True
3126	avdmitry	2014-08-18 18:47:31	vpisarev	2014-08-19 09:01:05	True
3126	avdmitry	2014-08-18 18:47:31	vpisarev	2014-08-21 05:37:37	True
3126	avdmitry	2014-08-18 18:47:31	vpisarev	2014-09-01 10:42:20	True
3126	avdmitry	2014-08-18 18:47:31	vpisarev	2014-09-14 19:01:11	True
3126	avdmitry	2014-08-18 18:47:31	vpisarev	2014-09-10 09:56:10	True
3119	mshabunin	2014-08-18 09:31:45	vpisarev	2014-08-18 12:44:22	True
3119	mshabunin	2014-08-18 09:31:45	vpisarev	2014-08-19 08:56:09	True
3117	KruchDmitriy	2014-08-18 06:35:33	krodyush	2014-08-26 20:55:05	True
3117	KruchDmitriy	2014-08-18 06:35:33	SergeySivolgin	2014-08-21 08:04:49	True
3117	KruchDmitriy	2014-08-18 06:35:33	vbystricky	2014-08-22 09:10:19	True
3117	KruchDmitriy	2014-08-18 06:35:33	vpisarev	2014-08-26 16:13:14	True
3093	asmorkalov	2014-08-13 10:48:32	SpecLad	2014-08-13 13:14:57	True
3081	akarsakov	2014-08-12 08:14:46	ElenaGvozdeva	2014-08-12 11:08:15	True
3081	akarsakov	2014-08-12 08:14:46	ElenaGvozdeva	2014-08-13 06:14:54	True
3079	sergregory	2014-08-12 06:07:58	StevenPuttemans	2014-08-12 08:25:02	True
3079	sergregory	2014-08-12 06:07:58	kirill-korniakov	2014-08-12 11:20:48	True
3061	ElenaGvozdeva	2014-08-08 11:27:56	akarsakov	2014-08-11 06:37:06	True
3053	bnascimento	2014-08-06 15:05:22	StevenPuttemans	2014-08-07 08:05:38	True
3053	bnascimento	2014-08-06 15:05:22	vpisarev	2014-08-10 20:09:02	True
3053	bnascimento	2014-08-06 15:05:22	apavlenko	2014-08-19 07:52:53	True
3053	bnascimento	2014-08-06 15:05:22	vpisarev	2014-09-04 17:09:02	True
3050	ElenaGvozdeva	2014-08-06 13:04:57	akarsakov	2014-08-08 07:25:46	True
3050	ElenaGvozdeva	2014-08-06 13:04:57	vpisarev	2014-08-06 17:16:08	True
3049	hardersen	2014-08-06 12:05:40	vpisarev	2014-08-10 20:09:35	True
3049	hardersen	2014-08-06 12:05:40	vpisarev	2014-10-11 18:09:07	True
3049	hardersen	2014-08-06 12:05:40	StevenPuttemans	2014-08-07 08:27:33	True
3047	prattmic	2014-08-06 06:38:24	vpisarev	2014-08-07 06:38:20	True
3047	prattmic	2014-08-06 06:38:24	vpisarev	2014-08-06 09:38:41	True
3044	akarsakov	2014-08-05 13:31:09	alalek	2014-08-05 15:30:30	True
3044	akarsakov	2014-08-05 13:31:09	vbystricky	2014-08-07 08:31:30	True
3042	edgarriba	2014-08-05 10:00:18	alekcac	2014-08-20 07:04:20	True
3038	yury-gorbachev	2014-08-04 12:47:59	vpisarev	2014-08-10 20:19:28	True
3035	ElenaGvozdeva	2014-08-04 08:33:11	vbystricky	2014-08-05 07:16:10	True
3035	ElenaGvozdeva	2014-08-04 08:33:11	vbystricky	2014-08-05 08:14:32	True
3035	ElenaGvozdeva	2014-08-04 08:33:11	ilya-lavrenov	2014-08-04 08:37:05	True
3033	nathanjackson	2014-08-03 23:01:07	vpisarev	2014-08-04 06:03:42	True
3033	nathanjackson	2014-08-03 23:01:07	vpisarev	2014-08-12 10:45:39	True
3033	nathanjackson	2014-08-03 23:01:07	vpisarev	2014-08-06 17:23:29	True
3033	nathanjackson	2014-08-03 23:01:07	vpisarev	2014-08-06 05:39:36	True
3033	nathanjackson	2014-08-03 23:01:07	vpisarev	2014-08-10 19:36:49	True
3033	nathanjackson	2014-08-03 23:01:07	vpisarev	2014-08-04 21:28:49	True
3033	nathanjackson	2014-08-03 23:01:07	vpisarev	2014-08-04 17:54:43	True
3033	nathanjackson	2014-08-03 23:01:07	vpisarev	2014-08-04 15:57:46	True
3027	vbystricky	2014-08-01 13:13:35	vpisarev	2014-08-02 21:52:07	True
3027	vbystricky	2014-08-01 13:13:35	ilya-lavrenov	2014-08-01 15:59:36	True
