pr_number	author_user_login	pr_created_at	comment_user_login	comment_created_at	is_review_issue_comment
3977	vinograd47	2015-04-30 16:16:48	vpisarev	2015-05-29 17:30:21	True
3977	vinograd47	2015-04-30 16:16:48	asmorkalov	2015-06-01 08:50:43	True
3977	vinograd47	2015-04-30 16:16:48	ilya-lavrenov	2015-09-01 12:02:59	True
3974	StevenPuttemans	2015-04-30 09:29:17	Dikay900	2015-05-04 08:01:06	True
3974	StevenPuttemans	2015-04-30 09:29:17	mshabunin	2015-05-08 14:40:39	True
3974	StevenPuttemans	2015-04-30 09:29:17	mshabunin	2015-04-30 09:39:09	True
3971	Dikay900	2015-04-28 16:27:26	vpisarev	2015-05-17 00:28:14	True
3971	Dikay900	2015-04-28 16:27:26	StevenPuttemans	2015-04-29 09:39:48	True
3971	Dikay900	2015-04-28 16:27:26	StevenPuttemans	2015-04-29 09:57:15	True
3971	Dikay900	2015-04-28 16:27:26	StevenPuttemans	2015-05-08 07:28:42	True
3969	Dikay900	2015-04-28 15:36:22	StevenPuttemans	2015-04-30 07:18:48	True
3969	Dikay900	2015-04-28 15:36:22	mshabunin	2015-04-30 08:29:35	True
3967	belev	2015-04-27 08:12:13	mshabunin	2015-04-28 08:58:22	True
3967	belev	2015-04-27 08:12:13	mshabunin	2015-04-28 10:35:59	True
3964	Dikay900	2015-04-24 19:42:02	vpisarev	2015-04-28 10:38:26	True
3964	Dikay900	2015-04-24 19:42:02	StevenPuttemans	2015-04-25 11:39:39	True
3963	Dikay900	2015-04-24 19:39:17	StevenPuttemans	2015-04-25 11:41:15	True
3963	Dikay900	2015-04-24 19:39:17	vpisarev	2015-04-28 10:41:17	True
3942	Dikay900	2015-04-19 08:24:50	vpisarev	2015-04-21 18:40:33	True
3942	Dikay900	2015-04-19 08:24:50	vpisarev	2015-04-22 11:01:38	True
3942	Dikay900	2015-04-19 08:24:50	ilya-lavrenov	2015-04-21 17:23:18	True
3942	Dikay900	2015-04-19 08:24:50	ilya-lavrenov	2015-04-21 15:27:12	True
3942	Dikay900	2015-04-19 08:24:50	ilya-lavrenov	2015-04-21 17:04:07	True
3942	Dikay900	2015-04-19 08:24:50	vpisarev	2015-04-21 15:02:37	True
3938	paroj	2015-04-17 15:02:46	vpisarev	2015-04-21 12:02:06	True
3918	ttagu99	2015-04-10 23:25:15	StevenPuttemans	2015-04-13 08:40:47	True
3912	kalistratovag	2015-04-08 12:49:02	mshabunin	2015-04-10 14:08:53	True
3912	kalistratovag	2015-04-08 12:49:02	vpisarev	2015-04-10 13:55:15	True
3912	kalistratovag	2015-04-08 12:49:02	vpisarev	2015-04-10 10:09:11	True
3912	kalistratovag	2015-04-08 12:49:02	vpisarev	2015-04-08 17:21:34	True
3912	kalistratovag	2015-04-08 12:49:02	vpisarev	2015-04-10 16:18:17	True
3911		2015-04-07 13:45:43			False
3905	mshabunin	2015-04-06 13:31:09	vpisarev	2015-04-07 09:34:37	True
3905	mshabunin	2015-04-06 13:31:09	alalek	2015-04-08 11:25:39	True
3899	StevenPuttemans	2015-04-03 07:42:05	vpisarev	2015-04-03 11:44:36	True
