pr_number	author_user_login	pr_created_at	commit_user_login	commit_created_at	commit_status_total	commit_status_additions	commit_status_deletions	create_before_pr	is_review_commit
13338	alalek	2018-11-30 13:54:37	alalek	2018-11-30 13:34:42	8	4	4	True	True
13337	sergiud	2018-11-30 08:54:34	sergiud	2018-11-30 07:49:30	34	28	6	True	True
13337	sergiud	2018-11-30 08:54:34	alalek	2019-05-20 14:14:38	90	58	32	False	True
13336	sergiud	2018-11-30 08:38:43	sergiud	2018-11-30 07:48:19	12	5	7	True	True
13334	terfendail	2018-11-29 19:29:35	terfendail	2018-12-10 16:22:17	4	2	2	False	True
13334	terfendail	2018-11-29 19:29:35	terfendail	2018-11-29 17:58:55	25	25	0	True	True
13334	terfendail	2018-11-29 19:29:35	terfendail	2018-11-28 15:48:28	232	134	98	True	True
13332	mshabunin	2018-11-29 14:32:42	alalek	2018-12-05 14:29:10	3	2	1	False	True
13332	mshabunin	2018-11-29 14:32:42	mshabunin	2018-11-29 14:22:20	270	137	133	True	True
13329	elatkin	2018-11-29 10:25:05	elatkin	2018-11-29 12:47:01	121	113	8	False	True
13329	elatkin	2018-11-29 10:25:05	elatkin	2018-11-29 10:23:31	89	75	14	True	True
13329	elatkin	2018-11-29 10:25:05	elatkin	2018-11-29 12:10:36	171	121	50	False	True
13323	alalek	2018-11-28 20:20:24	alalek	2018-11-28 20:16:37	2	1	1	True	True
13322	akashivskyy	2018-11-28 17:31:20	akashivskyy	2018-11-26 18:28:59	5	4	1	True	True
13319	elatkin	2018-11-28 15:34:07	elatkin	2018-11-28 11:01:25	205	149	56	True	True
13319	elatkin	2018-11-28 15:34:07	elatkin	2018-11-28 12:04:46	104	104	0	True	True
13319	elatkin	2018-11-28 15:34:07	elatkin	2018-11-28 09:29:01	114	85	29	True	True
13319	elatkin	2018-11-28 15:34:07	elatkin	2018-11-28 15:31:51	450	382	68	True	True
13317	terfendail	2018-11-28 11:09:36	terfendail	2018-11-22 13:56:06	51	51	0	True	True
13317	terfendail	2018-11-28 11:09:36	terfendail	2018-11-22 10:51:56	118	14	104	True	True
13317	terfendail	2018-11-28 11:09:36	seiko2plus	2018-11-29 15:17:45	40	17	23	False	True
13317	terfendail	2018-11-28 11:09:36	terfendail	2018-11-26 14:38:59	178	178	0	True	True
13315	elatkin	2018-11-28 11:03:10	elatkin	2018-11-28 11:01:25	205	149	56	True	True
13315	elatkin	2018-11-28 11:03:10	elatkin	2018-11-28 12:04:46	104	104	0	False	True
13315	elatkin	2018-11-28 11:03:10	elatkin	2018-11-28 09:29:01	114	85	29	True	True
13300	riju	2018-11-27 12:19:21	riju	2018-12-05 14:14:31	50	46	4	False	True
13300	riju	2018-11-27 12:19:21	riju	2018-12-05 12:28:21	27	16	11	False	True
13300	riju	2018-11-27 12:19:21	riju	2018-11-21 12:22:01	21	18	3	True	True
13300	riju	2018-11-27 12:19:21	riju	2018-12-05 11:07:15	4	2	2	False	True
13300	riju	2018-11-27 12:19:21	riju	2018-12-04 12:39:33	68	67	1	False	True
13298	mshabunin	2018-11-27 11:37:58	mshabunin	2018-11-27 11:36:23	8	4	4	True	True
13294	terfendail	2018-11-27 09:23:19	terfendail	2018-11-27 08:33:36	4	2	2	True	True
13293	dkurt	2018-11-27 09:03:08	dkurt	2018-11-27 09:02:00	8	8	0	True	True
13292	mshabunin	2018-11-27 08:51:21	mshabunin	2018-11-27 08:47:23	10	4	6	True	True
13290	elatkin	2018-11-27 08:11:24	elatkin	2018-11-27 08:47:40	74	69	5	False	True
13290	elatkin	2018-11-27 08:11:24	elatkin	2018-11-27 12:30:07	16	8	8	False	True
13290	elatkin	2018-11-27 08:11:24	elatkin	2018-11-27 08:09:44	178	163	15	True	True
13290	elatkin	2018-11-27 08:11:24	elatkin	2018-11-27 08:41:29	99	99	0	False	True
13290	elatkin	2018-11-27 08:11:24	elatkin	2018-11-27 08:49:52	3	0	3	False	True
13290	elatkin	2018-11-27 08:11:24	elatkin	2018-11-27 11:04:58	6	3	3	False	True
13290	elatkin	2018-11-27 08:11:24	elatkin	2018-11-27 12:09:21	11	5	6	False	True
13290	elatkin	2018-11-27 08:11:24	elatkin	2018-11-27 14:52:00	32	19	13	False	True
13290	elatkin	2018-11-27 08:11:24	elatkin	2018-11-27 10:35:27	12	6	6	False	True
13288	owenmonahan	2018-11-26 20:55:01	owenmonahan	2019-06-26 15:29:37	13	8	5	False	True
13288	owenmonahan	2018-11-26 20:55:01	owenmonahan	2019-06-26 15:29:46	143	97	46	False	True
13288	owenmonahan	2018-11-26 20:55:01	owenmonahan	2019-06-26 15:30:29	672	12	660	False	True
13288	owenmonahan	2018-11-26 20:55:01	owenmonahan	2018-11-28 21:11:09	13	5	8	False	True
13288	owenmonahan	2018-11-26 20:55:01	owenmonahan	2018-11-28 19:12:17	143	46	97	False	True
13288	owenmonahan	2018-11-26 20:55:01	owenmonahan	2018-11-26 20:26:26	672	660	12	True	True
13280	dkurt	2018-11-26 09:14:03	dkurt	2018-11-26 09:09:50	74	46	28	True	True
13279	mshabunin	2018-11-26 08:37:36	mshabunin	2018-11-26 08:30:20	2	1	1	True	True
13278	mshabunin	2018-11-26 08:32:06	mshabunin	2018-11-26 08:30:20	2	1	1	True	True
13275	wzw-intel	2018-11-26 06:05:42	wzw-intel	2018-11-22 08:18:35	10	8	2	True	True
13270	0over	2018-11-25 00:37:10	0over	2018-11-25 00:31:54	3	1	2	True	True
13267	LaurentBerger	2018-11-24 09:20:28	LaurentBerger	2018-12-11 15:46:45	210	74	136	False	True
13267	LaurentBerger	2018-11-24 09:20:28	LaurentBerger	2018-12-18 15:40:02	2	1	1	False	True
13267	LaurentBerger	2018-11-24 09:20:28	LaurentBerger	2018-12-11 21:04:13	75	71	4	False	True
13267	LaurentBerger	2018-11-24 09:20:28	LaurentBerger	2018-12-18 15:38:33	133	63	70	False	True
13267	LaurentBerger	2018-11-24 09:20:28	LaurentBerger	2018-12-11 08:10:49	141	64	77	False	True
13267	LaurentBerger	2018-11-24 09:20:28	LaurentBerger	2018-12-09 19:45:50	223	152	71	False	True
13267	LaurentBerger	2018-11-24 09:20:28	LaurentBerger	2018-11-24 09:18:05	1136	931	205	True	True
13265	xusiwei	2018-11-23 17:36:54	xusiwei	2018-11-23 16:28:30	1	1	0	True	True
13264	mshabunin	2018-11-23 16:25:39	mshabunin	2018-11-23 16:14:14	207	139	68	True	True
13263	dkurt	2018-11-23 16:05:30	dkurt	2018-11-23 15:23:27	29	24	5	True	True
13260	alalek	2018-11-23 09:58:37	alalek	2018-11-23 09:51:26	6	6	0	True	True
13254	alalek	2018-11-22 21:14:24	alalek	2018-11-22 21:06:33	18	11	7	True	True
13253	alalek	2018-11-22 19:31:48	alalek	2018-11-22 19:19:22	8	7	1	True	True
13253	alalek	2018-11-22 19:31:48	alalek	2018-11-22 19:25:40	19	19	0	True	True
13252	take1014	2018-11-22 18:01:33	take1014	2019-03-12 15:27:56	85	79	6	False	True
13251	dbudniko	2018-11-22 15:22:49	dbudniko	2018-11-26 11:06:07	1261	822	439	False	True
13251	dbudniko	2018-11-22 15:22:49	dbudniko	2018-11-22 16:08:02	2	1	1	False	True
13251	dbudniko	2018-11-22 15:22:49	dbudniko	2018-11-23 13:53:27	125	25	100	False	True
13251	dbudniko	2018-11-22 15:22:49	dbudniko	2018-11-22 16:00:55	2	1	1	False	True
13251	dbudniko	2018-11-22 15:22:49	dbudniko	2018-11-22 15:51:08	6	4	2	False	True
13251	dbudniko	2018-11-22 15:22:49	dbudniko	2018-11-22 15:20:32	150	109	41	True	True
13244	wzw-intel	2018-11-22 02:14:59	wzw-intel	2018-11-22 02:06:16	752	317	435	True	True
13244	wzw-intel	2018-11-22 02:14:59	wzw-intel	2018-11-22 03:07:27	2	1	1	False	True
13243	etienne02	2018-11-22 00:45:53	etiennebrateau	2018-11-22 00:39:09	2	1	1	True	True
13242	terfendail	2018-11-21 17:12:24	terfendail	2018-11-20 17:00:37	87	87	0	True	True
13242	terfendail	2018-11-21 17:12:24	terfendail	2018-11-19 15:53:12	175	45	130	True	True
13241	pasbi	2018-11-21 17:05:50	pascal	2018-11-21 16:59:37	7	5	2	True	True
13240	dbudniko	2018-11-21 17:01:55	dbudniko	2018-11-22 08:11:52	20	12	8	False	True
13240	dbudniko	2018-11-21 17:01:55	dbudniko	2018-11-22 10:16:34	318	312	6	False	True
13240	dbudniko	2018-11-21 17:01:55	dbudniko	2018-11-26 14:52:49	3937	2456	1481	False	True
13240	dbudniko	2018-11-21 17:01:55	dbudniko	2018-11-28 17:00:27	283	30	253	False	True
13240	dbudniko	2018-11-21 17:01:55	dbudniko	2018-11-21 16:56:17	576	289	287	True	True
13239	bramton	2018-11-21 15:15:53	bram	2018-11-21 15:05:22	10	5	5	True	True
13236	tomoaki0705	2018-11-21 10:45:24	tomoaki0705	2018-11-21 14:04:23	22	22	0	False	True
13235	berak	2018-11-21 10:10:29	berak	2018-11-21 10:05:24	28	9	19	True	True
13232	huangqinjin	2018-11-21 03:30:32	huangqinjin	2018-11-21 02:52:50	2	1	1	True	True
13228	MatthiasWinkelmann	2018-11-21 00:08:11	MatthiasWinkelmann	2018-11-21 01:36:54	453	211	242	False	True
13228	MatthiasWinkelmann	2018-11-21 00:08:11	MatthiasWinkelmann	2018-11-20 23:54:30	12	6	6	True	True
13228	MatthiasWinkelmann	2018-11-21 00:08:11	MatthiasWinkelmann	2018-11-21 00:53:39	11	3	8	False	True
13228	MatthiasWinkelmann	2018-11-21 00:08:11	MatthiasWinkelmann	2018-11-21 01:10:40	70	35	35	False	True
13228	MatthiasWinkelmann	2018-11-21 00:08:11	MatthiasWinkelmann	2018-11-21 01:25:32	72	36	36	False	True
13228	MatthiasWinkelmann	2018-11-21 00:08:11	MatthiasWinkelmann	2018-11-21 02:03:36	126	84	42	False	True
13224	seiko2plus	2018-11-20 14:13:44	seiko2plus	2018-11-20 12:05:20	121	93	28	True	True
13223	dan-masek	2018-11-20 14:12:38	dan-masek	2018-11-20 14:08:40	4	2	2	True	True
13221	elatkin	2018-11-20 13:24:54	elatkin	2018-11-23 11:59:11	8	4	4	False	True
13221	elatkin	2018-11-20 13:24:54	elatkin	2018-11-22 13:06:23	4	2	2	False	True
13221	elatkin	2018-11-20 13:24:54	elatkin	2018-11-23 14:45:31	501	442	59	False	True
13221	elatkin	2018-11-20 13:24:54	elatkin	2018-11-26 09:09:06	2	1	1	False	True
13221	elatkin	2018-11-20 13:24:54	elatkin	2018-11-26 08:57:37	1010	148	862	False	True
13221	elatkin	2018-11-20 13:24:54	elatkin	2018-11-26 09:09:12	2653	1945	708	False	True
13221	elatkin	2018-11-20 13:24:54	elatkin	2018-11-22 08:53:53	178	150	28	False	True
13221	elatkin	2018-11-20 13:24:54	elatkin	2018-11-20 13:23:07	22	21	1	True	True
13221	elatkin	2018-11-20 13:24:54	elatkin	2018-11-23 10:51:52	311	275	36	False	True
13221	elatkin	2018-11-20 13:24:54	elatkin	2018-11-21 15:52:02	398	398	0	False	True
13221	elatkin	2018-11-20 13:24:54	elatkin	2018-11-22 07:08:29	12	11	1	False	True
13221	elatkin	2018-11-20 13:24:54	elatkin	2018-11-21 10:04:01	232	157	75	False	True
13215	rgarnov	2018-11-20 07:57:21	rgarnov	2018-11-19 13:20:51	112	73	39	True	True
13215	rgarnov	2018-11-20 07:57:21	rgarnov	2018-11-19 12:50:37	107	50	57	True	True
13215	rgarnov	2018-11-20 07:57:21	rgarnov	2018-11-19 13:23:22	61	41	20	True	True
13215	rgarnov	2018-11-20 07:57:21	rgarnov	2018-11-20 11:58:52	8	4	4	False	True
13215	rgarnov	2018-11-20 07:57:21	rgarnov	2018-11-19 12:41:57	44	31	13	True	True
13214	0over	2018-11-19 23:54:25	0over	2018-11-19 23:48:17	23	21	2	True	True
13206	elatkin	2018-11-19 08:19:51	elatkin	2018-11-16 14:41:59	133	119	14	True	True
13206	elatkin	2018-11-19 08:19:51	elatkin	2018-11-15 16:02:38	1114	1055	59	True	True
13206	elatkin	2018-11-19 08:19:51	elatkin	2018-11-16 06:28:09	6	3	3	True	True
13206	elatkin	2018-11-19 08:19:51	elatkin	2018-11-19 11:07:31	52	37	15	False	True
13206	elatkin	2018-11-19 08:19:51	elatkin	2018-11-19 11:24:55	12	9	3	False	True
13206	elatkin	2018-11-19 08:19:51	elatkin	2018-11-19 08:16:27	14	12	2	True	True
13206	elatkin	2018-11-19 08:19:51	elatkin	2018-11-14 15:00:09	195	122	73	True	True
13206	elatkin	2018-11-19 08:19:51	elatkin	2018-11-15 15:50:40	50	30	20	True	True
13206	elatkin	2018-11-19 08:19:51	elatkin	2018-11-15 07:58:27	19	16	3	True	True
13206	elatkin	2018-11-19 08:19:51	elatkin	2018-11-16 15:55:44	336	195	141	True	True
13206	elatkin	2018-11-19 08:19:51	elatkin	2018-11-15 08:27:20	4	2	2	True	True
13206	elatkin	2018-11-19 08:19:51	elatkin	2018-11-15 08:17:04	792	223	569	True	True
13206	elatkin	2018-11-19 08:19:51	elatkin	2018-11-14 13:12:54	2	1	1	True	True
13206	elatkin	2018-11-19 08:19:51	elatkin	2018-11-14 12:27:16	61	58	3	True	True
13206	elatkin	2018-11-19 08:19:51	elatkin	2018-11-14 10:18:20	14	12	2	True	True
13206	elatkin	2018-11-19 08:19:51	elatkin	2018-11-15 13:05:36	28	24	4	True	True
13193	berak	2018-11-17 09:14:35	berak	2018-11-17 09:09:59	4	2	2	True	True
13189	alalek	2018-11-16 20:31:31	alalek	2018-11-16 20:23:10	4	3	1	True	True
13188	alalek	2018-11-16 20:17:16	alalek	2018-11-16 20:05:55	2	1	1	True	True
13188	alalek	2018-11-16 20:17:16	alalek	2018-11-16 20:01:54	15	4	11	True	True
13188	alalek	2018-11-16 20:17:16	alalek	2018-11-16 20:03:10	5	1	4	True	True
13188	alalek	2018-11-16 20:17:16	alalek	2018-11-16 20:13:14	0	0	0	True	True
13188	alalek	2018-11-16 20:17:16	alalek	2018-11-16 20:09:31	0	0	0	True	True
13188	alalek	2018-11-16 20:17:16	alalek	2018-11-16 20:11:06	0	0	0	True	True
13188	alalek	2018-11-16 20:17:16	alalek	2018-11-16 20:09:11	0	0	0	True	True
13184	paroj	2018-11-16 15:13:38	paroj	2018-11-16 15:13:05	9	8	1	True	True
13183	tomoaki0705	2018-11-16 14:33:37	tomoaki0705	2018-11-16 14:31:01	8	4	4	True	True
13181	dkurt	2018-11-16 14:29:06	dkurt	2018-11-16 14:09:54	99	63	36	True	True
13178	alalek	2018-11-16 00:39:49	alalek	2018-11-16 00:23:26	10	6	4	True	True
13176	dmatveev	2018-11-15 16:54:24	dmatveev	2018-11-14 20:08:37	94	89	5	True	True
13176	dmatveev	2018-11-15 16:54:24	dmatveev	2018-11-14 11:16:55	394	384	10	True	True
13176	dmatveev	2018-11-15 16:54:24	dmatveev	2018-11-15 16:50:34	151	131	20	True	True
13176	dmatveev	2018-11-15 16:54:24	dmatveev	2018-11-15 14:57:46	291	284	7	True	True
13175	paddy74	2018-11-15 15:37:52	paddy74	2018-11-15 15:36:04	2	1	1	True	True
13174	elatkin	2018-11-15 13:07:23	elatkin	2018-11-16 15:55:44	336	195	141	False	True
13174	elatkin	2018-11-15 13:07:23	elatkin	2018-11-16 14:41:59	133	119	14	False	True
13174	elatkin	2018-11-15 13:07:23	elatkin	2018-11-14 15:00:09	195	122	73	True	True
13174	elatkin	2018-11-15 13:07:23	elatkin	2018-11-15 16:02:38	1114	1055	59	False	True
13174	elatkin	2018-11-15 13:07:23	elatkin	2018-11-15 15:50:40	50	30	20	False	True
13174	elatkin	2018-11-15 13:07:23	elatkin	2018-11-15 13:05:36	28	24	4	True	True
13174	elatkin	2018-11-15 13:07:23	elatkin	2018-11-16 06:28:09	6	3	3	False	True
13174	elatkin	2018-11-15 13:07:23	elatkin	2018-11-15 08:17:04	792	223	569	True	True
13174	elatkin	2018-11-15 13:07:23	elatkin	2018-11-14 13:12:54	2	1	1	True	True
13174	elatkin	2018-11-15 13:07:23	elatkin	2018-11-14 12:27:16	61	58	3	True	True
13174	elatkin	2018-11-15 13:07:23	elatkin	2018-11-14 10:18:20	14	12	2	True	True
13174	elatkin	2018-11-15 13:07:23	elatkin	2018-11-15 08:27:20	4	2	2	True	True
13174	elatkin	2018-11-15 13:07:23	elatkin	2018-11-15 07:58:27	19	16	3	True	True
13173	dkurt	2018-11-15 11:13:00	dkurt	2018-11-15 11:10:24	14	4	10	True	True
13168	alalek	2018-11-14 20:34:00	alalek	2018-11-14 20:25:23	373	195	178	True	True
13166	catree	2018-11-14 18:05:27	catree	2018-11-14 18:00:59	10	5	5	True	True
13162	elatkin	2018-11-14 12:33:28	elatkin	2018-11-14 12:27:16	61	58	3	True	True
13162	elatkin	2018-11-14 12:33:28	elatkin	2018-11-15 07:58:27	19	16	3	False	True
13162	elatkin	2018-11-14 12:33:28	elatkin	2018-11-14 13:12:54	2	1	1	False	True
13162	elatkin	2018-11-14 12:33:28	elatkin	2018-11-15 08:27:20	4	2	2	False	True
13162	elatkin	2018-11-14 12:33:28	elatkin	2018-11-15 08:17:04	792	223	569	False	True
13162	elatkin	2018-11-14 12:33:28	elatkin	2018-11-14 15:00:09	195	122	73	False	True
13162	elatkin	2018-11-14 12:33:28	elatkin	2018-11-14 10:18:20	14	12	2	True	True
13160	dkurt	2018-11-14 10:44:13	dkurt	2018-11-14 10:42:06	3	3	0	True	True
13157	elatkin	2018-11-14 07:19:06	elatkin	2018-11-14 07:17:40	270	0	270	True	True
13153	savuor	2018-11-13 17:20:51	savuor	2018-11-13 17:18:53	7	0	7	True	True
13152	ssnover	2018-11-13 15:30:05	ssnover	2018-11-13 15:23:10	6	3	3	True	True
13151	paroj	2018-11-13 14:54:40	paroj	2018-11-13 14:53:35	51	18	33	True	True
13150	dmatveev	2018-11-13 13:46:19	dmatveev	2018-11-13 13:44:29	6	3	3	True	True
13146	terfendail	2018-11-13 10:53:26	terfendail	2018-11-15 20:56:29	588	584	4	False	True
13146	terfendail	2018-11-13 10:53:26	terfendail	2018-11-12 17:42:58	138	104	34	True	True
13144	dkurt	2018-11-13 10:24:49	dkurt	2018-11-13 10:22:39	30	25	5	True	True
13137	alalek	2018-11-12 16:11:40	alalek	2018-11-12 16:08:07	2	1	1	True	True
13133	elatkin	2018-11-12 14:06:02	elatkin	2018-11-12 08:25:43	62	32	30	True	True
13133	elatkin	2018-11-12 14:06:02	elatkin	2018-11-12 08:51:09	62	32	30	True	True
13133	elatkin	2018-11-12 14:06:02	elatkin	2018-11-12 10:56:48	123	71	52	True	True
13133	elatkin	2018-11-12 14:06:02	elatkin	2018-11-12 12:49:57	5	5	0	True	True
13133	elatkin	2018-11-12 14:06:02	elatkin	2018-11-12 14:03:32	132	105	27	True	True
13133	elatkin	2018-11-12 14:06:02	elatkin	2018-11-12 13:05:09	63	40	23	True	True
13133	elatkin	2018-11-12 14:06:02	elatkin	2018-11-12 10:56:48	118	66	52	True	True
13133	elatkin	2018-11-12 14:06:02	elatkin	2018-11-13 07:25:49	11	10	1	False	True
13133	elatkin	2018-11-12 14:06:02	elatkin	2018-11-09 13:27:40	5	5	0	True	True
13133	elatkin	2018-11-12 14:06:02	elatkin	2018-11-12 07:23:23	423	250	173	True	True
13133	elatkin	2018-11-12 14:06:02	elatkin	2018-11-07 08:25:22	64	59	5	True	True
13133	elatkin	2018-11-12 14:06:02	elatkin	2018-11-09 08:09:37	170	120	50	True	True
13133	elatkin	2018-11-12 14:06:02	elatkin	2018-11-08 14:49:37	26	21	5	True	True
13133	elatkin	2018-11-12 14:06:02	elatkin	2018-11-07 08:30:21	2955	77	2878	True	True
13133	elatkin	2018-11-12 14:06:02	elatkin	2018-11-07 09:22:24	29	28	1	True	True
13133	elatkin	2018-11-12 14:06:02	elatkin	2018-11-09 12:02:44	223	132	91	True	True
13133	elatkin	2018-11-12 14:06:02	elatkin	2018-11-07 14:38:52	86	49	37	True	True
13133	elatkin	2018-11-12 14:06:02	elatkin	2018-11-08 12:25:37	36	30	6	True	True
13133	elatkin	2018-11-12 14:06:02	elatkin	2018-11-08 16:19:02	66	65	1	True	True
13133	elatkin	2018-11-12 14:06:02	elatkin	2018-11-07 10:41:58	3851	1625	2226	True	True
13131	Christopher22	2018-11-12 12:11:49	Christopher22	2018-11-12 11:53:48	10	10	0	True	True
13131	Christopher22	2018-11-12 12:11:49	Christopher22	2018-11-13 10:35:14	6	6	0	False	True
13128	alalek	2018-11-12 11:16:18	alalek	2018-11-12 11:09:57	2	1	1	True	True
13126	mshabunin	2018-11-12 10:42:08	paroj	2015-12-16 15:05:56	2039	8	2031	True	True
13126	mshabunin	2018-11-12 10:42:08	mshabunin	2018-11-12 17:04:33	7	7	0	False	True
13126	mshabunin	2018-11-12 10:42:08	alalek	2018-11-12 18:53:19	11	3	8	False	True
13125	dkurt	2018-11-12 10:39:50	dkurt	2018-11-12 10:38:18	17	11	6	True	True
13123	dkurt	2018-11-12 10:35:47	dkurt	2018-11-12 10:29:38	24	24	0	True	True
13120	dbudniko	2018-11-12 09:05:59	dbudniko	2018-11-16 09:27:36	81	31	50	False	True
13120	dbudniko	2018-11-12 09:05:59	dbudniko	2018-11-21 10:51:28	2	1	1	False	True
13120	dbudniko	2018-11-12 09:05:59	dbudniko	2018-11-21 09:18:41	8	4	4	False	True
13120	dbudniko	2018-11-12 09:05:59	dbudniko	2018-11-21 08:14:01	8	4	4	False	True
13120	dbudniko	2018-11-12 09:05:59	dbudniko	2018-11-15 09:09:28	5	4	1	False	True
13120	dbudniko	2018-11-12 09:05:59	dbudniko	2018-11-20 17:18:34	215	78	137	False	True
13120	dbudniko	2018-11-12 09:05:59	dbudniko	2018-11-21 12:05:42	304	133	171	False	True
13120	dbudniko	2018-11-12 09:05:59	dbudniko	2018-11-16 08:56:09	331	29	302	False	True
13120	dbudniko	2018-11-12 09:05:59	dbudniko	2018-11-15 14:01:43	711	307	404	False	True
13120	dbudniko	2018-11-12 09:05:59	dbudniko	2018-11-15 13:10:35	2	1	1	False	True
13120	dbudniko	2018-11-12 09:05:59	dbudniko	2018-11-15 12:58:29	10	5	5	False	True
13120	dbudniko	2018-11-12 09:05:59	dbudniko	2018-11-15 12:46:57	303	8	295	False	True
13120	dbudniko	2018-11-12 09:05:59	dbudniko	2018-11-19 09:04:45	305	0	305	False	True
13120	dbudniko	2018-11-12 09:05:59	dbudniko	2018-11-15 09:19:23	8	5	3	False	True
13120	dbudniko	2018-11-12 09:05:59	dbudniko	2018-11-13 09:11:51	99	53	46	False	True
13120	dbudniko	2018-11-12 09:05:59	dbudniko	2018-11-15 08:58:06	3	2	1	False	True
13120	dbudniko	2018-11-12 09:05:59	dbudniko	2018-11-12 12:23:45	4	1	3	False	True
13120	dbudniko	2018-11-12 09:05:59	dbudniko	2018-11-13 08:16:23	7	4	3	False	True
13120	dbudniko	2018-11-12 09:05:59	dbudniko	2018-11-14 14:23:11	890	890	0	False	True
13120	dbudniko	2018-11-12 09:05:59	dbudniko	2018-11-14 08:56:19	3200	1011	2189	False	True
13120	dbudniko	2018-11-12 09:05:59	dbudniko	2018-11-13 11:57:56	50	49	1	False	True
13120	dbudniko	2018-11-12 09:05:59	dbudniko	2018-11-13 10:50:49	2	1	1	False	True
13120	dbudniko	2018-11-12 09:05:59	dbudniko	2018-11-12 08:46:56	660	660	0	True	True
13120	dbudniko	2018-11-12 09:05:59	dbudniko	2018-11-12 14:41:39	10	8	2	False	True
13120	dbudniko	2018-11-12 09:05:59	dbudniko	2018-11-12 10:06:54	1	0	1	False	True
13120	dbudniko	2018-11-12 09:05:59	dbudniko	2018-11-12 09:30:01	17	7	10	False	True
13120	dbudniko	2018-11-12 09:05:59	dbudniko	2018-11-12 15:35:13	4	2	2	False	True
13120	dbudniko	2018-11-12 09:05:59	dbudniko	2018-11-12 12:08:33	2	1	1	False	True
13120	dbudniko	2018-11-12 09:05:59	dbudniko	2018-11-15 08:32:24	743	193	550	False	True
13115	catree	2018-11-11 19:20:20	catree	2018-11-11 19:14:04	25	13	12	True	True
13112	alalek	2018-11-11 14:18:58	alalek	2018-11-11 13:51:47	7	4	3	True	True
13096	alalek	2018-11-09 16:57:28	alalek	2018-11-09 09:46:39	20	12	8	True	True
13096	alalek	2018-11-09 16:57:28	alalek	2018-11-09 11:11:13	439	178	261	True	True
13084	vpisarev	2018-11-08 21:49:52	vpisarev	2018-11-09 13:10:29	206	0	206	False	True
13084	vpisarev	2018-11-08 21:49:52	vpisarev	2018-11-09 12:09:22	28	0	28	False	True
13084	vpisarev	2018-11-08 21:49:52	vpisarev	2018-11-08 21:46:38	6769	4339	2430	True	True
13080	alalek	2018-11-08 15:55:48	alalek	2018-11-08 15:42:53	67	49	18	True	True
13076	berak	2018-11-08 08:22:53	berak	2018-11-08 08:17:41	2	1	1	True	True
13072	gineshidalgo99	2018-11-07 16:29:44	gineshidalgo99	2018-11-07 16:23:21	34	17	17	True	True
13070	elatkin	2018-11-07 14:45:26	elatkin	2018-11-08 14:49:37	26	21	5	False	True
13070	elatkin	2018-11-07 14:45:26	elatkin	2018-11-12 10:56:48	123	71	52	False	True
13070	elatkin	2018-11-07 14:45:26	elatkin	2018-11-09 12:02:44	223	132	91	False	True
13070	elatkin	2018-11-07 14:45:26	elatkin	2018-11-12 08:51:09	62	32	30	False	True
13070	elatkin	2018-11-07 14:45:26	elatkin	2018-11-12 08:25:43	62	32	30	False	True
13070	elatkin	2018-11-07 14:45:26	elatkin	2018-11-12 07:23:23	423	250	173	False	True
13070	elatkin	2018-11-07 14:45:26	elatkin	2018-11-09 13:27:40	5	5	0	False	True
13070	elatkin	2018-11-07 14:45:26	elatkin	2018-11-09 08:09:37	170	120	50	False	True
13070	elatkin	2018-11-07 14:45:26	elatkin	2018-11-08 12:25:37	36	30	6	False	True
13070	elatkin	2018-11-07 14:45:26	elatkin	2018-11-07 14:38:52	86	49	37	True	True
13070	elatkin	2018-11-07 14:45:26	elatkin	2018-11-07 10:41:58	3851	1625	2226	True	True
13070	elatkin	2018-11-07 14:45:26	elatkin	2018-11-07 09:22:24	29	28	1	True	True
13070	elatkin	2018-11-07 14:45:26	elatkin	2018-11-07 08:30:21	2955	77	2878	True	True
13070	elatkin	2018-11-07 14:45:26	elatkin	2018-11-08 16:19:02	66	65	1	False	True
13070	elatkin	2018-11-07 14:45:26	elatkin	2018-11-07 08:25:22	64	59	5	True	True
13067	catree	2018-11-07 10:59:15	catree	2018-11-07 10:54:51	2	1	1	True	True
13065	dkurt	2018-11-07 08:20:27	dkurt	2018-11-07 08:16:15	112	63	49	True	True
13060	vpisarev	2018-11-06 22:04:18	vpisarev	2018-11-08 13:29:50	4	2	2	False	True
13060	vpisarev	2018-11-06 22:04:18	vpisarev	2018-11-07 12:12:45	1	1	0	False	True
13060	vpisarev	2018-11-06 22:04:18	vpisarev	2018-11-07 11:23:01	7	5	2	False	True
13060	vpisarev	2018-11-06 22:04:18	vpisarev	2018-11-07 10:46:47	2	1	1	False	True
13060	vpisarev	2018-11-06 22:04:18	vpisarev	2018-11-07 09:53:12	131	38	93	False	True
13060	vpisarev	2018-11-06 22:04:18	vpisarev	2018-11-06 22:03:03	1661	349	1312	True	True
13057	sturkmen72	2018-11-06 18:10:53	sturkmen72	2018-11-04 23:16:07	35	17	18	True	True
13056	terfendail	2018-11-06 14:51:58	terfendail	2018-11-07 09:33:47	494	309	185	False	True
13056	terfendail	2018-11-06 14:51:58	terfendail	2018-11-07 09:41:07	3567	1809	1758	False	True
13056	terfendail	2018-11-06 14:51:58	terfendail	2018-11-07 16:56:15	26	19	7	False	True
13055	vpisarev	2018-11-06 12:40:53	vpisarev	2018-11-06 12:39:37	2875	12	2863	True	True
13053	berak	2018-11-06 10:49:11	berak	2018-11-06 10:43:58	2	1	1	True	True
13052	elatkin	2018-11-06 10:29:02	elatkin	2018-11-06 13:26:49	16	14	2	False	True
13052	elatkin	2018-11-06 10:29:02	elatkin	2018-11-04 16:12:47	23	21	2	True	True
13045	LaurentBerger	2018-11-04 20:35:21	LaurentBerger	2018-11-04 20:30:31	2	1	1	True	True
13042	elatkin	2018-11-04 16:15:38	elatkin	2018-11-04 16:12:47	23	21	2	True	True
13041	berak	2018-11-04 09:10:46	berak	2018-11-04 08:58:58	12	6	6	True	True
13036	berak	2018-11-03 10:06:33	berak	2018-11-03 08:15:27	106	105	1	True	True
13032	ijean	2018-11-02 15:56:42	ijean	2018-11-02 15:51:57	13	13	0	True	True
13030	dmatveev	2018-11-02 15:28:57	dmatveev	2018-11-01 20:31:27	11	7	4	True	True
13030	dmatveev	2018-11-02 15:28:57	dmatveev	2018-11-06 20:20:10	4	2	2	False	True
13030	dmatveev	2018-11-02 15:28:57	dmatveev	2018-11-06 19:40:04	4	2	2	False	True
13030	dmatveev	2018-11-02 15:28:57	dmatveev	2018-11-15 12:45:16	29	21	8	False	True
13030	dmatveev	2018-11-02 15:28:57	dmatveev	2018-11-06 20:15:08	100	92	8	False	True
13030	dmatveev	2018-11-02 15:28:57	dmatveev	2018-11-14 20:55:35	18	10	8	False	True
13030	dmatveev	2018-11-02 15:28:57	dmatveev	2018-11-13 12:48:21	36	34	2	False	True
13030	dmatveev	2018-11-02 15:28:57	dmatveev	2018-11-13 13:19:01	2	0	2	False	True
13030	dmatveev	2018-11-02 15:28:57	dmatveev	2018-10-26 17:37:06	257	256	1	True	True
13030	dmatveev	2018-11-02 15:28:57	dmatveev	2018-11-02 12:32:20	114	110	4	True	True
13030	dmatveev	2018-11-02 15:28:57	dmatveev	2018-10-26 16:51:13	110	97	13	True	True
13030	dmatveev	2018-11-02 15:28:57	dmatveev	2018-10-25 17:06:50	31	15	16	True	True
13030	dmatveev	2018-11-02 15:28:57	dmatveev	2018-10-24 17:59:32	219	154	65	True	True
13030	dmatveev	2018-11-02 15:28:57	dmatveev	2018-10-23 17:11:25	304	297	7	True	True
13030	dmatveev	2018-11-02 15:28:57	dmatveev	2018-10-18 12:42:01	37	37	0	True	True
13030	dmatveev	2018-11-02 15:28:57	dmatveev	2018-11-01 13:16:11	51	31	20	True	True
13030	dmatveev	2018-11-02 15:28:57	dmatveev	2018-10-29 10:15:16	76	38	38	True	True
13029	alalek	2018-11-02 14:03:55	alalek	2018-11-02 13:44:48	6267	0	6267	True	True
13029	alalek	2018-11-02 14:03:55	alalek	2018-11-07 12:49:35	567	0	567	False	True
13026	alalek	2018-11-02 13:19:53	alalek	2018-11-02 13:06:16	5030	0	5030	True	True
13025	alalek	2018-11-02 12:56:07	alalek	2018-11-02 12:23:05	4202	0	4202	True	True
13025	alalek	2018-11-02 12:56:07	alalek	2018-11-06 13:13:37	148	0	148	False	True
13024	rgarnov	2018-11-02 12:51:30	rgarnov	2018-11-02 12:42:25	15	13	2	True	True
13023	terfendail	2018-11-02 12:17:34	terfendail	2018-11-02 09:26:23	417	258	159	True	True
13023	terfendail	2018-11-02 12:17:34	terfendail	2018-11-02 10:42:36	2412	1236	1176	True	True
13010	dkurt	2018-11-01 10:00:34	dkurt	2018-11-01 09:57:21	24	15	9	True	True
13008	dbudniko	2018-11-01 09:21:42	dbudniko	2018-11-07 16:27:45	6	4	2	False	True
13008	dbudniko	2018-11-01 09:21:42	dbudniko	2018-11-01 11:44:12	6	3	3	False	True
13008	dbudniko	2018-11-01 09:21:42	dbudniko	2018-11-01 11:36:45	1414	809	605	False	True
13008	dbudniko	2018-11-01 09:21:42	dbudniko	2018-11-08 14:13:00	10	5	5	False	True
13008	dbudniko	2018-11-01 09:21:42	dbudniko	2018-11-02 14:21:30	2	1	1	False	True
13008	dbudniko	2018-11-01 09:21:42	dbudniko	2018-10-30 14:05:47	1592	1571	21	True	True
13008	dbudniko	2018-11-01 09:21:42	dbudniko	2018-11-02 13:59:13	1162	462	700	False	True
13008	dbudniko	2018-11-01 09:21:42	dbudniko	2018-11-01 15:32:32	8	4	4	False	True
13008	dbudniko	2018-11-01 09:21:42	dbudniko	2018-11-01 13:40:08	2	1	1	False	True
13008	dbudniko	2018-11-01 09:21:42	dbudniko	2018-11-01 12:43:22	4	2	2	False	True
13008	dbudniko	2018-11-01 09:21:42	dbudniko	2018-10-31 16:51:10	1249	948	301	True	True
13008	dbudniko	2018-11-01 09:21:42	dbudniko	2018-10-31 14:33:28	1212	1074	138	True	True
13008	dbudniko	2018-11-01 09:21:42	dbudniko	2018-11-01 10:39:58	2	2	0	False	True
13008	dbudniko	2018-11-01 09:21:42	dbudniko	2018-11-01 10:28:47	3	1	2	False	True
13008	dbudniko	2018-11-01 09:21:42	dbudniko	2018-11-01 09:24:46	21	21	0	False	True
13008	dbudniko	2018-11-01 09:21:42	dbudniko	2018-11-01 09:18:04	37	21	16	True	True
13008	dbudniko	2018-11-01 09:21:42	dbudniko	2018-11-01 09:58:44	8	5	3	False	True
13007	dkurt	2018-11-01 08:24:08	dkurt	2018-11-01 08:22:28	8	5	3	True	True
