pr_number	author_user_login	pr_created_at	review_user_login	review_created_at	filename	create_before_pr	has_issue_comment	has_review_comment	has_commit
8274	abratchik	2017-02-26 11:21:21	alalek	2017-02-27 11:18:55	modules/videoio/src/cap_avfoundation_mac.mm	True	True	True	True
8274	abratchik	2017-02-26 11:21:21	alalek	2017-02-28 13:50:31	modules/videoio/src/cap_avfoundation_mac.mm	True	True	True	True
8267	umbraclet16	2017-02-25 08:41:04	sovrasov	2017-02-28 09:57:43	samples/cpp/tutorial_code/calib3d/camera_calibration/camera_calibration.cpp	True	True	False	True
8253	adl1995	2017-02-24 05:14:06	alalek	2017-03-01 17:10:44	doc/tutorials/introduction/linux_install/linux_install.markdown	True	True	True	True
8253	adl1995	2017-02-24 05:14:06	alalek	2017-02-24 11:24:57	doc/tutorials/introduction/linux_install/linux_install.markdown	True	True	True	True
8253	adl1995	2017-02-24 05:14:06	alalek	2017-02-24 11:24:57	doc/tutorials/calib3d/table_of_content_calib3d.markdown	False	True	True	True
8253	adl1995	2017-02-24 05:14:06	alalek	2017-02-24 11:24:57	doc/tutorials/calib3d/camera_calibration_square_chess/camera_calibration_square_chess.markdown	False	True	True	True
8253	adl1995	2017-02-24 05:14:06	alalek	2017-02-24 11:24:57	doc/tutorials/tutorials.markdown	False	True	True	True
8253	adl1995	2017-02-24 05:14:06	alalek	2017-02-24 11:24:57	doc/tutorials/imgproc/imgtrans/warp_affine/warp_affine.markdown	False	True	True	True
8253	adl1995	2017-02-24 05:14:06	alalek	2017-02-24 11:24:57	doc/tutorials/gpu/gpu-basics-similarity/gpu_basics_similarity.markdown	False	True	True	True
8253	adl1995	2017-02-24 05:14:06	alalek	2017-02-24 11:24:57	doc/tutorials/highgui/trackbar/trackbar.markdown	False	True	True	True
8253	adl1995	2017-02-24 05:14:06	alalek	2017-02-24 11:24:57	doc/tutorials/imgproc/erosion_dilatation/erosion_dilatation.markdown	False	True	True	True
8253	adl1995	2017-02-24 05:14:06	alalek	2017-02-24 11:24:57	doc/tutorials/imgproc/table_of_content_imgproc.markdown	False	True	True	True
8253	adl1995	2017-02-24 05:14:06	alalek	2017-03-01 17:10:44	doc/tutorials/calib3d/table_of_content_calib3d.markdown	False	True	True	True
8253	adl1995	2017-02-24 05:14:06	alalek	2017-03-01 17:10:44	doc/tutorials/tutorials.markdown	False	True	True	True
8253	adl1995	2017-02-24 05:14:06	alalek	2017-03-01 17:10:44	doc/tutorials/imgproc/table_of_content_imgproc.markdown	False	True	True	True
8253	adl1995	2017-02-24 05:14:06	alalek	2017-03-01 17:10:44	doc/tutorials/calib3d/camera_calibration_square_chess/camera_calibration_square_chess.markdown	False	True	True	True
8253	adl1995	2017-02-24 05:14:06	alalek	2017-03-01 17:10:44	doc/tutorials/imgproc/imgtrans/warp_affine/warp_affine.markdown	False	True	True	True
8253	adl1995	2017-02-24 05:14:06	alalek	2017-03-01 17:10:44	doc/tutorials/gpu/gpu-basics-similarity/gpu_basics_similarity.markdown	False	True	True	True
8253	adl1995	2017-02-24 05:14:06	alalek	2017-03-01 17:10:44	doc/tutorials/highgui/trackbar/trackbar.markdown	False	True	True	True
8253	adl1995	2017-02-24 05:14:06	alalek	2017-03-01 17:10:44	doc/tutorials/imgproc/erosion_dilatation/erosion_dilatation.markdown	False	True	True	True
8249	smileface123	2017-02-23 10:48:06	sovrasov	2017-02-28 13:31:21	samples/cpp/tutorial_code/core/AddingImages/AddingImages.cpp	True	True	False	True
8230	8W9aG	2017-02-20 15:34:23	alalek	2017-02-20 15:47:17	cmake/OpenCVModule.cmake	True	False	True	True
8230	8W9aG	2017-02-20 15:34:23	alalek	2017-02-20 15:47:17	cmake/OpenCVExtraTargets.cmake	True	False	True	True
8220	LaurentBerger	2017-02-17 21:27:35	alalek	2017-02-18 21:27:06	modules/core/src/opengl.cpp	True	True	True	True
8220	LaurentBerger	2017-02-17 21:27:35	alalek	2017-02-18 21:27:06	modules/core/src/opengl.cpp	False	True	True	True
8220	LaurentBerger	2017-02-17 21:27:35	alalek	2017-02-18 21:27:06	samples/cpp/detect_mser.cpp	False	True	True	True
8204	terfendail	2017-02-14 12:51:44	alalek	2017-02-15 17:05:22	modules/imgproc/src/deriv.cpp	True	True	True	True
8204	terfendail	2017-02-14 12:51:44	alalek	2017-02-15 17:05:22	modules/imgproc/src/thresh.cpp	True	True	True	True
8204	terfendail	2017-02-14 12:51:44	alalek	2017-02-15 17:05:22	modules/video/src/lkpyramid.cpp	True	True	True	True
8204	terfendail	2017-02-14 12:51:44	alalek	2017-02-15 17:05:22	modules/imgproc/src/smooth.cpp	True	True	True	True
8204	terfendail	2017-02-14 12:51:44	alalek	2017-02-15 17:05:22	modules/imgproc/src/pyramids.cpp	True	True	True	True
8204	terfendail	2017-02-14 12:51:44	alalek	2017-02-15 17:05:22	modules/imgproc/src/imgwarp.cpp	True	True	True	True
8204	terfendail	2017-02-14 12:51:44	alalek	2017-02-15 17:05:22	modules/imgproc/src/histogram.cpp	True	True	True	True
8204	terfendail	2017-02-14 12:51:44	alalek	2017-02-15 17:05:22	modules/imgproc/src/featureselect.cpp	True	True	True	True
8204	terfendail	2017-02-14 12:51:44	alalek	2017-02-15 17:05:22	modules/core/include/opencv2/core/openvx/ovx_defs.hpp	True	True	True	True
8204	terfendail	2017-02-14 12:51:44	alalek	2017-02-15 17:05:22	modules/imgproc/src/canny.cpp	True	True	True	True
8204	terfendail	2017-02-14 12:51:44	alalek	2017-02-15 17:05:22	modules/imgproc/src/accum.cpp	True	True	True	True
8204	terfendail	2017-02-14 12:51:44	alalek	2017-02-15 17:05:22	modules/features2d/src/fast.cpp	True	True	True	True
8204	terfendail	2017-02-14 12:51:44	alalek	2017-02-15 17:05:22	modules/core/src/stat.cpp	True	True	True	True
8204	terfendail	2017-02-14 12:51:44	alalek	2017-02-15 17:05:22	modules/core/src/ovx.cpp	True	True	True	True
8204	terfendail	2017-02-14 12:51:44	alalek	2017-02-15 17:05:22	modules/core/src/convert.cpp	True	True	True	True
8204	terfendail	2017-02-14 12:51:44	alalek	2017-02-15 17:05:22	3rdparty/openvx/hal/openvx_hal.cpp	True	True	True	True
8204	terfendail	2017-02-14 12:51:44	alalek	2017-02-15 15:57:44	3rdparty/openvx/hal/openvx_hal.cpp	True	True	True	True
8204	terfendail	2017-02-14 12:51:44	alalek	2017-02-15 17:05:22	modules/core/src/system.cpp	False	True	True	True
8204	terfendail	2017-02-14 12:51:44	alalek	2017-02-15 17:05:22	modules/core/include/opencv2/core/utility.hpp	False	True	True	True
8204	terfendail	2017-02-14 12:51:44	alalek	2017-02-15 15:57:44	modules/core/include/opencv2/core/openvx/ovx_defs.hpp	True	True	True	True
8204	terfendail	2017-02-14 12:51:44	alalek	2017-02-15 15:57:44	modules/imgproc/src/histogram.cpp	True	True	True	True
8204	terfendail	2017-02-14 12:51:44	alalek	2017-02-15 15:57:44	modules/core/include/opencv2/core/utility.hpp	False	True	True	True
8204	terfendail	2017-02-14 12:51:44	alalek	2017-02-15 15:57:44	modules/video/src/lkpyramid.cpp	True	True	True	True
8204	terfendail	2017-02-14 12:51:44	alalek	2017-02-15 15:57:44	modules/imgproc/src/thresh.cpp	True	True	True	True
8204	terfendail	2017-02-14 12:51:44	alalek	2017-02-15 15:57:44	modules/imgproc/src/smooth.cpp	True	True	True	True
8204	terfendail	2017-02-14 12:51:44	alalek	2017-02-15 15:57:44	modules/imgproc/src/pyramids.cpp	True	True	True	True
8204	terfendail	2017-02-14 12:51:44	alalek	2017-02-15 15:57:44	modules/imgproc/src/imgwarp.cpp	True	True	True	True
8204	terfendail	2017-02-14 12:51:44	alalek	2017-02-15 15:57:44	modules/imgproc/src/featureselect.cpp	True	True	True	True
8204	terfendail	2017-02-14 12:51:44	alalek	2017-02-15 15:57:44	modules/imgproc/src/deriv.cpp	True	True	True	True
8204	terfendail	2017-02-14 12:51:44	alalek	2017-02-15 15:57:44	modules/imgproc/src/canny.cpp	True	True	True	True
8204	terfendail	2017-02-14 12:51:44	alalek	2017-02-15 15:57:44	modules/imgproc/src/accum.cpp	True	True	True	True
8204	terfendail	2017-02-14 12:51:44	alalek	2017-02-15 15:57:44	modules/features2d/src/fast.cpp	True	True	True	True
8204	terfendail	2017-02-14 12:51:44	alalek	2017-02-15 15:57:44	modules/core/src/stat.cpp	True	True	True	True
8204	terfendail	2017-02-14 12:51:44	alalek	2017-02-15 15:57:44	modules/core/src/ovx.cpp	True	True	True	True
8204	terfendail	2017-02-14 12:51:44	alalek	2017-02-15 15:57:44	modules/core/src/convert.cpp	True	True	True	True
8204	terfendail	2017-02-14 12:51:44	alalek	2017-02-15 15:57:44	modules/core/src/system.cpp	False	True	True	True
8199	csukuangfj	2017-02-13 12:44:50	paroj	2017-02-14 10:34:34	modules/core/include/opencv2/core/mat.hpp	True	False	True	True
8199	csukuangfj	2017-02-13 12:44:50	paroj	2017-02-14 10:34:34	modules/core/include/opencv2/core/mat.hpp	False	False	True	True
8199	csukuangfj	2017-02-13 12:44:50	paroj	2017-02-14 10:34:34	modules/core/include/opencv2/core/cvstd.inl.hpp	False	False	True	True
8198	mshabunin	2017-02-13 11:11:09	alalek	2017-12-04 16:38:55	modules/ts/include/opencv2/ts/cuda_perf.hpp	True	True	True	True
8198	mshabunin	2017-02-13 11:11:09	alalek	2017-12-04 16:38:55	modules/ts/include/opencv2/ts/ocl_perf.hpp	True	True	True	True
8198	mshabunin	2017-02-13 11:11:09	alalek	2017-12-04 16:38:55	modules/ts/include/opencv2/ts/ocl_test.hpp	True	True	True	True
8198	mshabunin	2017-02-13 11:11:09	alalek	2017-12-04 16:38:55	modules/ts/include/opencv2/ts/ts_gtest.h	True	True	True	True
8198	mshabunin	2017-02-13 11:11:09	alalek	2017-12-04 16:38:55	modules/ts/include/opencv2/ts/ts_perf.hpp	True	True	True	True
8198	mshabunin	2017-02-13 11:11:09	alalek	2017-12-04 16:38:55	modules/ts/src/cuda_test.cpp	True	True	True	True
8198	mshabunin	2017-02-13 11:11:09	alalek	2017-12-04 16:38:55	modules/ts/src/ts.cpp	True	True	True	True
8198	mshabunin	2017-02-13 11:11:09	alalek	2017-12-06 14:00:00	cmake/OpenCVCompilerOptions.cmake	False	True	True	True
8198	mshabunin	2017-02-13 11:11:09	alalek	2017-12-06 14:00:00	CMakeLists.txt	True	True	True	True
8198	mshabunin	2017-02-13 11:11:09	alalek	2017-12-06 14:00:00	apps/traincascade/old_ml.hpp	True	True	True	True
8198	mshabunin	2017-02-13 11:11:09	alalek	2017-12-06 14:00:00	apps/traincascade/old_ml_inner_functions.cpp	True	True	True	True
8198	mshabunin	2017-02-13 11:11:09	alalek	2017-12-06 14:00:00	apps/traincascade/old_ml_tree.cpp	True	True	True	True
8198	mshabunin	2017-02-13 11:11:09	alalek	2017-12-06 14:00:00	cmake/OpenCVCompilerOptions.cmake	True	True	True	True
8198	mshabunin	2017-02-13 11:11:09	alalek	2017-12-06 14:00:00	cmake/OpenCVModule.cmake	True	True	True	True
8198	mshabunin	2017-02-13 11:11:09	alalek	2017-12-06 14:00:00	modules/core/include/opencv2/core/cvdef.h	True	True	True	True
8198	mshabunin	2017-02-13 11:11:09	alalek	2017-12-06 14:00:00	modules/core/include/opencv2/core/private.hpp	True	True	True	True
8198	mshabunin	2017-02-13 11:11:09	alalek	2017-12-06 14:00:00	modules/core/test/test_precomp.hpp	True	True	True	True
8198	mshabunin	2017-02-13 11:11:09	alalek	2017-12-06 14:00:00	modules/features2d/include/opencv2/features2d.hpp	True	True	True	True
8198	mshabunin	2017-02-13 11:11:09	alalek	2017-12-04 16:38:55	modules/ts/include/opencv2/ts/cuda_test.hpp	True	True	True	True
8198	mshabunin	2017-02-13 11:11:09	alalek	2017-12-04 16:38:55	modules/core/include/opencv2/core/private.hpp	True	True	True	True
8198	mshabunin	2017-02-13 11:11:09	alalek	2017-12-04 16:38:55	modules/ts/include/opencv2/ts.hpp	True	True	True	True
8198	mshabunin	2017-02-13 11:11:09	alalek	2017-12-04 16:38:55	modules/core/include/opencv2/core/cvdef.h	True	True	True	True
8198	mshabunin	2017-02-13 11:11:09	alalek	2017-12-04 16:38:55	cmake/OpenCVCompilerOptions.cmake	False	True	True	True
8198	mshabunin	2017-02-13 11:11:09	alalek	2017-12-04 16:38:55	CMakeLists.txt	True	True	True	True
8198	mshabunin	2017-02-13 11:11:09	alalek	2017-12-04 16:38:55	apps/traincascade/old_ml.hpp	True	True	True	True
8198	mshabunin	2017-02-13 11:11:09	alalek	2017-12-04 16:38:55	apps/traincascade/old_ml_inner_functions.cpp	True	True	True	True
8198	mshabunin	2017-02-13 11:11:09	alalek	2017-12-04 16:38:55	apps/traincascade/old_ml_tree.cpp	True	True	True	True
8198	mshabunin	2017-02-13 11:11:09	alalek	2017-12-04 16:38:55	cmake/OpenCVCompilerOptions.cmake	True	True	True	True
8198	mshabunin	2017-02-13 11:11:09	alalek	2017-12-04 16:38:55	cmake/OpenCVModule.cmake	True	True	True	True
8198	mshabunin	2017-02-13 11:11:09	alalek	2017-12-06 14:00:00	modules/flann/src/flann.cpp	True	True	True	True
8198	mshabunin	2017-02-13 11:11:09	alalek	2017-12-04 16:38:55	modules/stitching/include/opencv2/stitching/detail/warpers.hpp	True	True	True	True
8198	mshabunin	2017-02-13 11:11:09	alalek	2017-12-04 16:38:55	modules/core/test/test_precomp.hpp	True	True	True	True
8198	mshabunin	2017-02-13 11:11:09	alalek	2017-12-04 16:38:55	modules/features2d/include/opencv2/features2d.hpp	True	True	True	True
8198	mshabunin	2017-02-13 11:11:09	alalek	2017-12-04 16:38:55	modules/flann/include/opencv2/flann/dummy.h	True	True	True	True
8198	mshabunin	2017-02-13 11:11:09	alalek	2017-12-04 16:38:55	modules/flann/src/flann.cpp	True	True	True	True
8198	mshabunin	2017-02-13 11:11:09	alalek	2017-12-04 16:38:55	modules/flann/src/precomp.hpp	True	True	True	True
8198	mshabunin	2017-02-13 11:11:09	alalek	2017-12-04 16:38:55	modules/java/CMakeLists.txt	True	True	True	True
8198	mshabunin	2017-02-13 11:11:09	alalek	2017-12-04 16:38:55	modules/python/common.cmake	True	True	True	True
8198	mshabunin	2017-02-13 11:11:09	alalek	2017-12-06 14:00:00	modules/flann/include/opencv2/flann/dummy.h	True	True	True	True
8198	mshabunin	2017-02-13 11:11:09	alalek	2017-12-04 22:24:44	modules/java/CMakeLists.txt	True	True	True	True
8198	mshabunin	2017-02-13 11:11:09	alalek	2017-12-06 14:00:00	modules/flann/src/precomp.hpp	True	True	True	True
8198	mshabunin	2017-02-13 11:11:09	alalek	2017-12-06 14:00:00	modules/java/CMakeLists.txt	True	True	True	True
8198	mshabunin	2017-02-13 11:11:09	alalek	2017-12-04 22:24:44	modules/core/test/test_precomp.hpp	True	True	True	True
8198	mshabunin	2017-02-13 11:11:09	alalek	2017-12-04 22:24:44	modules/features2d/include/opencv2/features2d.hpp	True	True	True	True
8198	mshabunin	2017-02-13 11:11:09	alalek	2017-12-04 22:24:44	modules/flann/include/opencv2/flann/dummy.h	True	True	True	True
8198	mshabunin	2017-02-13 11:11:09	alalek	2017-12-04 22:24:44	modules/flann/src/flann.cpp	True	True	True	True
8198	mshabunin	2017-02-13 11:11:09	alalek	2017-12-04 22:24:44	modules/flann/src/precomp.hpp	True	True	True	True
8198	mshabunin	2017-02-13 11:11:09	alalek	2017-12-04 22:24:44	modules/python/common.cmake	True	True	True	True
8198	mshabunin	2017-02-13 11:11:09	alalek	2017-12-04 22:24:44	modules/stitching/include/opencv2/stitching/detail/warpers.hpp	True	True	True	True
8198	mshabunin	2017-02-13 11:11:09	alalek	2017-12-04 22:24:44	modules/ts/include/opencv2/ts/cuda_perf.hpp	True	True	True	True
8198	mshabunin	2017-02-13 11:11:09	alalek	2017-12-04 22:24:44	modules/core/include/opencv2/core/cvdef.h	True	True	True	True
8198	mshabunin	2017-02-13 11:11:09	alalek	2017-12-04 22:24:44	modules/ts/include/opencv2/ts/cuda_test.hpp	True	True	True	True
8198	mshabunin	2017-02-13 11:11:09	alalek	2017-12-04 22:24:44	modules/ts/include/opencv2/ts/ocl_perf.hpp	True	True	True	True
8198	mshabunin	2017-02-13 11:11:09	alalek	2017-12-04 22:24:44	modules/ts/include/opencv2/ts/ocl_test.hpp	True	True	True	True
8198	mshabunin	2017-02-13 11:11:09	alalek	2017-12-04 22:24:44	modules/ts/include/opencv2/ts/ts_gtest.h	True	True	True	True
8198	mshabunin	2017-02-13 11:11:09	alalek	2017-12-04 22:24:44	modules/ts/include/opencv2/ts/ts_perf.hpp	True	True	True	True
8198	mshabunin	2017-02-13 11:11:09	alalek	2017-12-04 22:24:44	modules/ts/src/cuda_test.cpp	True	True	True	True
8198	mshabunin	2017-02-13 11:11:09	alalek	2017-12-04 22:24:44	modules/ts/src/ts.cpp	True	True	True	True
8198	mshabunin	2017-02-13 11:11:09	alalek	2017-12-04 22:24:44	modules/core/include/opencv2/core/private.hpp	True	True	True	True
8198	mshabunin	2017-02-13 11:11:09	alalek	2017-12-04 22:24:44	modules/ts/include/opencv2/ts.hpp	True	True	True	True
8198	mshabunin	2017-02-13 11:11:09	alalek	2017-12-04 22:24:44	cmake/OpenCVModule.cmake	True	True	True	True
8198	mshabunin	2017-02-13 11:11:09	alalek	2017-12-06 14:00:00	modules/ts/include/opencv2/ts/ts_gtest.h	True	True	True	True
8198	mshabunin	2017-02-13 11:11:09	alalek	2017-12-06 14:00:00	modules/python/common.cmake	True	True	True	True
8198	mshabunin	2017-02-13 11:11:09	alalek	2017-12-06 14:00:00	modules/stitching/include/opencv2/stitching/detail/warpers.hpp	True	True	True	True
8198	mshabunin	2017-02-13 11:11:09	alalek	2017-12-06 14:00:00	modules/ts/include/opencv2/ts.hpp	True	True	True	True
8198	mshabunin	2017-02-13 11:11:09	alalek	2017-12-06 14:00:00	modules/ts/include/opencv2/ts/cuda_perf.hpp	True	True	True	True
8198	mshabunin	2017-02-13 11:11:09	alalek	2017-12-06 14:00:00	modules/ts/include/opencv2/ts/cuda_test.hpp	True	True	True	True
8198	mshabunin	2017-02-13 11:11:09	alalek	2017-12-06 14:00:00	modules/ts/include/opencv2/ts/ocl_perf.hpp	True	True	True	True
8198	mshabunin	2017-02-13 11:11:09	alalek	2017-12-06 14:00:00	modules/ts/include/opencv2/ts/ocl_test.hpp	True	True	True	True
8198	mshabunin	2017-02-13 11:11:09	alalek	2017-12-06 14:00:00	modules/ts/include/opencv2/ts/ts_perf.hpp	True	True	True	True
8198	mshabunin	2017-02-13 11:11:09	alalek	2017-12-06 14:00:00	modules/ts/src/cuda_test.cpp	True	True	True	True
8198	mshabunin	2017-02-13 11:11:09	alalek	2017-12-06 14:00:00	modules/ts/src/ts.cpp	True	True	True	True
8198	mshabunin	2017-02-13 11:11:09	alalek	2017-12-04 22:24:44	cmake/OpenCVCompilerOptions.cmake	False	True	True	True
8198	mshabunin	2017-02-13 11:11:09	alalek	2017-12-04 22:24:44	CMakeLists.txt	True	True	True	True
8198	mshabunin	2017-02-13 11:11:09	alalek	2017-12-04 22:24:44	apps/traincascade/old_ml.hpp	True	True	True	True
8198	mshabunin	2017-02-13 11:11:09	alalek	2017-12-04 22:24:44	apps/traincascade/old_ml_inner_functions.cpp	True	True	True	True
8198	mshabunin	2017-02-13 11:11:09	alalek	2017-12-04 22:24:44	apps/traincascade/old_ml_tree.cpp	True	True	True	True
8198	mshabunin	2017-02-13 11:11:09	alalek	2017-12-04 22:24:44	cmake/OpenCVCompilerOptions.cmake	True	True	True	True
8168	jmgomezpoveda	2017-02-10 01:17:18	alalek	2017-02-17 09:00:41	modules/java/generator/src/java/android+JavaCameraView.java	False	True	True	True
8168	jmgomezpoveda	2017-02-10 01:17:18	vpisarev	2017-02-21 10:01:03	modules/java/generator/src/java/android+JavaCameraView.java	False	True	True	True
8168	jmgomezpoveda	2017-02-10 01:17:18	vpisarev	2017-02-21 10:01:03	modules/java/generator/src/java/android+JavaCameraView.java	True	True	True	True
8168	jmgomezpoveda	2017-02-10 01:17:18	vpisarev	2017-02-15 20:16:05	modules/java/generator/src/java/android+JavaCameraView.java	False	True	True	True
8168	jmgomezpoveda	2017-02-10 01:17:18	alalek	2017-02-17 09:00:41	modules/java/generator/src/java/android+JavaCameraView.java	True	True	True	True
8168	jmgomezpoveda	2017-02-10 01:17:18	vpisarev	2017-02-15 20:16:05	modules/java/generator/src/java/android+JavaCameraView.java	True	True	True	True
8150	cclauss	2017-02-08 19:40:59	alalek	2017-02-09 09:05:06	doc/py_tutorials/py_imgproc/py_contours/py_contours_begin/py_contours_begin.markdown	True	False	True	True
8150	cclauss	2017-02-08 19:40:59	alalek	2017-02-09 09:05:06	doc/py_tutorials/py_imgproc/py_contours/py_contours_begin/py_contours_begin.markdown	False	False	True	True
8150	cclauss	2017-02-08 19:40:59	sovrasov	2017-02-09 08:34:13	doc/py_tutorials/py_imgproc/py_contours/py_contours_begin/py_contours_begin.markdown	True	False	True	True
8150	cclauss	2017-02-08 19:40:59	sovrasov	2017-02-09 08:34:13	doc/py_tutorials/py_imgproc/py_contours/py_contours_begin/py_contours_begin.markdown	False	False	True	True
8137	LaurentBerger	2017-02-06 21:52:07	sovrasov	2017-02-07 11:27:45	modules/imgproc/include/opencv2/imgproc.hpp	True	True	False	True
8137	LaurentBerger	2017-02-06 21:52:07	sovrasov	2017-02-07 11:27:45	modules/imgproc/include/opencv2/imgproc.hpp	False	True	False	True
8128	LaurentBerger	2017-02-04 10:18:37	sovrasov	2017-02-06 08:42:27	modules/core/include/opencv2/core/mat.hpp	True	False	False	True
8116	mrquorr	2017-02-01 08:04:42	sovrasov	2017-02-08 14:15:30	modules/ml/src/rtrees.cpp	True	True	True	True
8116	mrquorr	2017-02-01 08:04:42	sovrasov	2017-02-01 09:42:01	modules/ml/include/opencv2/ml.hpp	True	True	True	True
8116	mrquorr	2017-02-01 08:04:42	sovrasov	2017-02-01 09:42:01	modules/ml/src/rtrees.cpp	True	True	True	True
8116	mrquorr	2017-02-01 08:04:42	sovrasov	2017-02-01 09:42:01	modules/ml/test/test_mltests.cpp	True	True	True	True
8116	mrquorr	2017-02-01 08:04:42	sovrasov	2017-02-01 10:00:38	modules/ml/include/opencv2/ml.hpp	True	True	True	True
8116	mrquorr	2017-02-01 08:04:42	sovrasov	2017-02-01 10:00:38	modules/ml/src/rtrees.cpp	True	True	True	True
8116	mrquorr	2017-02-01 08:04:42	sovrasov	2017-02-01 10:00:38	modules/ml/test/test_mltests.cpp	True	True	True	True
8116	mrquorr	2017-02-01 08:04:42	sovrasov	2017-02-01 19:00:43	modules/ml/include/opencv2/ml.hpp	True	True	True	True
8116	mrquorr	2017-02-01 08:04:42	sovrasov	2017-02-01 19:00:43	modules/ml/src/rtrees.cpp	True	True	True	True
8116	mrquorr	2017-02-01 08:04:42	sovrasov	2017-02-08 14:15:30	modules/ml/include/opencv2/ml.hpp	True	True	True	True
8116	mrquorr	2017-02-01 08:04:42	sovrasov	2017-02-01 19:00:43	modules/ml/test/test_mltests.cpp	True	True	True	True
8116	mrquorr	2017-02-01 08:04:42	sovrasov	2017-02-08 14:15:30	modules/ml/test/test_mltests.cpp	True	True	True	True
8116	mrquorr	2017-02-01 08:04:42	sovrasov	2017-02-28 14:48:01	modules/ml/src/rtrees.cpp	True	True	True	True
8116	mrquorr	2017-02-01 08:04:42	sovrasov	2017-02-02 09:11:20	modules/ml/test/test_mltests.cpp	True	True	True	True
8116	mrquorr	2017-02-01 08:04:42	sovrasov	2017-02-02 09:11:20	modules/ml/src/rtrees.cpp	True	True	True	True
8116	mrquorr	2017-02-01 08:04:42	sovrasov	2017-02-02 09:11:20	modules/ml/include/opencv2/ml.hpp	True	True	True	True
8116	mrquorr	2017-02-01 08:04:42	sovrasov	2017-02-28 14:48:01	modules/ml/test/test_mltests.cpp	True	True	True	True
8116	mrquorr	2017-02-01 08:04:42	sovrasov	2017-02-28 08:31:10	modules/ml/include/opencv2/ml.hpp	True	True	True	True
8116	mrquorr	2017-02-01 08:04:42	sovrasov	2017-02-28 14:48:01	modules/ml/include/opencv2/ml.hpp	True	True	True	True
8116	mrquorr	2017-02-01 08:04:42	sovrasov	2017-02-28 08:31:10	modules/ml/src/rtrees.cpp	True	True	True	True
8116	mrquorr	2017-02-01 08:04:42	sovrasov	2017-02-28 08:31:10	modules/ml/test/test_mltests.cpp	True	True	True	True
