pr_number	author_user_login	pr_created_at	comment_user_login	comment_created_at	is_review_issue_comment
592	vpisarev	2013-02-28 14:26:15	taka-no-me	2013-03-05 10:35:19	True
592	vpisarev	2013-02-28 14:26:15	taka-no-me	2013-03-02 11:25:06	True
578	vinograd47	2013-02-27 13:06:32	taka-no-me	2013-02-28 08:50:49	True
573	vinograd47	2013-02-27 10:41:59	taka-no-me	2013-02-28 08:52:12	True
572	asmorkalov	2013-02-27 10:05:59	taka-no-me	2013-02-28 11:15:38	True
548		2013-02-25 19:16:24			False
520	vinograd47	2013-02-21 10:17:13	taka-no-me	2013-02-21 12:57:30	True
506	asmorkalov	2013-02-19 14:17:01	apavlenko	2013-02-22 08:33:36	True
491	Daniil-Osokin	2013-02-14 14:03:17	taka-no-me	2013-03-04 09:27:20	True
491	Daniil-Osokin	2013-02-14 14:03:17	alekcac	2013-02-28 09:20:31	True
491	Daniil-Osokin	2013-02-14 14:03:17	taka-no-me	2013-02-15 09:17:08	True
491	Daniil-Osokin	2013-02-14 14:03:17	kirill-korniakov	2013-02-15 06:06:36	True
482	vpisarev	2013-02-12 19:29:24	taka-no-me	2013-02-14 12:22:17	True
462	kobigurk	2013-02-09 23:28:00	vpisarev	2013-02-27 18:47:19	True
462	kobigurk	2013-02-09 23:28:00	kirill-korniakov	2013-02-14 07:02:24	True
462	kobigurk	2013-02-09 23:28:00	kirill-korniakov	2013-02-13 11:47:31	True
462	kobigurk	2013-02-09 23:28:00	alekcac	2013-02-27 09:00:27	True
462	kobigurk	2013-02-09 23:28:00	kirill-korniakov	2013-02-11 11:44:56	True
462	kobigurk	2013-02-09 23:28:00	kirill-korniakov	2013-02-11 11:56:46	True
442	asmorkalov	2013-02-06 10:48:22	taka-no-me	2013-02-06 15:51:34	True
442	asmorkalov	2013-02-06 10:48:22	taka-no-me	2013-02-08 10:33:20	True
440	AnnaPetrovicheva	2013-02-06 08:31:20	taka-no-me	2013-02-21 08:28:45	True
440	AnnaPetrovicheva	2013-02-06 08:31:20	kirill-korniakov	2013-02-15 06:55:44	True
427	vrabaud	2013-02-03 21:31:24	mdim	2013-02-03 22:22:50	True
402	asmorkalov	2013-02-01 08:52:04	apavlenko	2013-02-08 10:44:28	True
402	asmorkalov	2013-02-01 08:52:04	apavlenko	2013-02-06 12:15:26	True
402	asmorkalov	2013-02-01 08:52:04	apavlenko	2013-02-07 12:09:31	True
402	asmorkalov	2013-02-01 08:52:04	taka-no-me	2013-02-01 15:29:30	True
401	Daniil-Osokin	2013-02-01 06:31:42	taka-no-me	2013-02-14 12:05:51	True
401	Daniil-Osokin	2013-02-01 06:31:42	taka-no-me	2013-02-14 12:34:46	True
401	Daniil-Osokin	2013-02-01 06:31:42	taka-no-me	2013-02-14 12:12:05	True
401	Daniil-Osokin	2013-02-01 06:31:42	taka-no-me	2013-02-06 19:48:04	True
401	Daniil-Osokin	2013-02-01 06:31:42	taka-no-me	2013-02-01 12:08:57	True
401	Daniil-Osokin	2013-02-01 06:31:42	taka-no-me	2013-02-01 06:46:09	True
