pr_number	author_user_login	pr_created_at	review_comment_user_login	review_comment_created_at	is_review_review_comment
18973		2020-11-30 20:47:04			
18972		2020-11-30 19:17:18			
18971	GArik	2020-11-30 17:00:19	asmorkalov	2020-12-01 09:38:46	True
18969	OrestChura	2020-11-30 09:25:10	alalek	2020-12-02 14:03:11	True
18968	asmorkalov	2020-11-30 08:56:52	alalek	2020-11-30 13:21:05	True
18967		2020-11-30 07:33:28			
18966	Staticity	2020-11-30 05:26:20	asmorkalov	2020-12-02 08:01:23	True
18955		2020-11-28 13:31:24			
18952		2020-11-27 18:46:26			
18948		2020-11-27 13:06:52			
18943	mpashchenkov	2020-11-27 08:47:06	OrestChura	2020-12-11 12:30:10	True
18943	mpashchenkov	2020-11-27 08:47:06	dmatveev	2020-12-14 15:55:00	True
18943	mpashchenkov	2020-11-27 08:47:06	OrestChura	2020-11-30 22:32:43	True
18943	mpashchenkov	2020-11-27 08:47:06	dmatveev	2020-12-14 15:58:42	True
18943	mpashchenkov	2020-11-27 08:47:06	dmatveev	2020-12-14 16:00:21	True
18943	mpashchenkov	2020-11-27 08:47:06	dmatveev	2020-12-14 16:00:57	True
18943	mpashchenkov	2020-11-27 08:47:06	dmatveev	2020-12-14 16:05:39	True
18943	mpashchenkov	2020-11-27 08:47:06	OrestChura	2020-12-14 13:53:09	True
18943	mpashchenkov	2020-11-27 08:47:06	dmatveev	2020-12-14 16:03:42	True
18943	mpashchenkov	2020-11-27 08:47:06	dmatveev	2020-12-14 15:56:03	True
18943	mpashchenkov	2020-11-27 08:47:06	OrestChura	2020-11-27 20:21:26	True
18943	mpashchenkov	2020-11-27 08:47:06	dmatveev	2020-12-14 15:56:12	True
18943	mpashchenkov	2020-11-27 08:47:06	OrestChura	2020-11-27 20:10:25	True
18943	mpashchenkov	2020-11-27 08:47:06	OrestChura	2020-12-11 13:49:24	True
18943	mpashchenkov	2020-11-27 08:47:06	OrestChura	2020-11-30 22:09:27	True
18943	mpashchenkov	2020-11-27 08:47:06	OrestChura	2020-11-30 22:48:15	True
18943	mpashchenkov	2020-11-27 08:47:06	OrestChura	2020-11-30 22:29:07	True
18943	mpashchenkov	2020-11-27 08:47:06	dmatveev	2020-12-14 15:54:46	True
18943	mpashchenkov	2020-11-27 08:47:06	dmatveev	2020-12-14 15:57:11	True
18939		2020-11-26 21:32:15			
18935	rgarnov	2020-11-26 17:08:36	dmatveev	2020-11-26 17:18:34	True
18931	sl-sergei	2020-11-26 12:33:38	alalek	2020-11-26 16:47:03	True
18931	sl-sergei	2020-11-26 12:33:38	alalek	2020-11-26 16:46:40	True
18931	sl-sergei	2020-11-26 12:33:38	alalek	2020-11-26 16:15:25	True
18931	sl-sergei	2020-11-26 12:33:38	alalek	2020-12-03 01:08:01	True
18929	alalek	2020-11-26 10:23:26	mpashchenkov	2020-11-26 11:44:23	True
18929	alalek	2020-11-26 10:23:26	mpashchenkov	2020-11-26 11:40:07	True
18929	alalek	2020-11-26 10:23:26	mpashchenkov	2020-11-26 11:44:03	True
18918		2020-11-25 01:15:11			
18914		2020-11-24 22:27:54			
18913	OrestChura	2020-11-24 21:01:06	smirnov-alexey	2020-12-14 13:06:03	True
18913	OrestChura	2020-11-24 21:01:06	TolyaTalamanov	2020-12-14 14:44:24	True
18913	OrestChura	2020-11-24 21:01:06	TolyaTalamanov	2020-11-30 10:08:52	True
18913	OrestChura	2020-11-24 21:01:06	alalek	2020-11-24 21:48:48	True
18913	OrestChura	2020-11-24 21:01:06	TolyaTalamanov	2020-11-30 09:30:35	True
18913	OrestChura	2020-11-24 21:01:06	dmatveev	2020-12-14 17:55:50	True
18913	OrestChura	2020-11-24 21:01:06	dmatveev	2020-12-14 17:54:51	True
18913	OrestChura	2020-11-24 21:01:06	TolyaTalamanov	2020-11-30 10:09:33	True
18913	OrestChura	2020-11-24 21:01:06	smirnov-alexey	2020-12-11 18:43:22	True
18913	OrestChura	2020-11-24 21:01:06	TolyaTalamanov	2020-11-30 09:34:27	True
18913	OrestChura	2020-11-24 21:01:06	dmatveev	2020-12-14 17:53:34	True
18913	OrestChura	2020-11-24 21:01:06	alalek	2020-12-14 18:52:25	True
18913	OrestChura	2020-11-24 21:01:06	dmatveev	2020-12-14 17:54:22	True
18913	OrestChura	2020-11-24 21:01:06	alalek	2020-12-14 17:30:04	True
18913	OrestChura	2020-11-24 21:01:06	alalek	2020-12-14 15:57:44	True
18913	OrestChura	2020-11-24 21:01:06	dmatveev	2020-12-14 17:54:03	True
18913	OrestChura	2020-11-24 21:01:06	TolyaTalamanov	2020-11-30 09:36:51	True
18913	OrestChura	2020-11-24 21:01:06	alalek	2020-12-14 16:00:31	True
18911	chargerKong	2020-11-24 10:48:29	alalek	2020-12-02 13:14:20	True
18911	chargerKong	2020-11-24 10:48:29	alalek	2020-12-02 13:16:35	True
18911	chargerKong	2020-11-24 10:48:29	alalek	2020-12-02 13:22:48	True
18911	chargerKong	2020-11-24 10:48:29	alalek	2020-12-02 13:18:07	True
18911	chargerKong	2020-11-24 10:48:29	alalek	2020-12-02 19:04:05	True
18911	chargerKong	2020-11-24 10:48:29	alalek	2020-12-02 13:02:52	True
18907	diablodale	2020-11-24 01:15:26	alalek	2020-11-24 17:58:39	True
18907	diablodale	2020-11-24 01:15:26	alalek	2020-11-24 09:42:28	True
18907	diablodale	2020-11-24 01:15:26	alalek	2020-11-24 07:45:06	True
18907	diablodale	2020-11-24 01:15:26	alalek	2020-11-24 09:14:24	True
18907	diablodale	2020-11-24 01:15:26	alalek	2020-11-24 22:15:17	True
18907	diablodale	2020-11-24 01:15:26	alalek	2020-11-24 18:02:26	True
18904	mpashchenkov	2020-11-23 17:27:39	alalek	2020-11-24 12:29:37	True
18904	mpashchenkov	2020-11-23 17:27:39	alalek	2020-11-24 09:55:43	True
18903	mpashchenkov	2020-11-23 16:41:12	alalek	2020-12-11 16:38:04	True
18903	mpashchenkov	2020-11-23 16:41:12	alalek	2020-12-11 19:02:04	True
18903	mpashchenkov	2020-11-23 16:41:12	TolyaTalamanov	2021-02-24 09:35:07	True
18903	mpashchenkov	2020-11-23 16:41:12	TolyaTalamanov	2021-02-25 18:29:27	True
18903	mpashchenkov	2020-11-23 16:41:12	TolyaTalamanov	2021-02-24 09:38:36	True
18903	mpashchenkov	2020-11-23 16:41:12	TolyaTalamanov	2021-02-24 09:40:09	True
18903	mpashchenkov	2020-11-23 16:41:12	TolyaTalamanov	2021-02-25 18:29:55	True
18903	mpashchenkov	2020-11-23 16:41:12	alalek	2020-12-11 19:00:56	True
18903	mpashchenkov	2020-11-23 16:41:12	TolyaTalamanov	2021-02-24 09:37:24	True
18903	mpashchenkov	2020-11-23 16:41:12	OrestChura	2020-12-08 13:17:57	True
18903	mpashchenkov	2020-11-23 16:41:12	TolyaTalamanov	2021-02-26 08:13:22	True
18903	mpashchenkov	2020-11-23 16:41:12	OrestChura	2020-11-25 22:31:44	True
18903	mpashchenkov	2020-11-23 16:41:12	OrestChura	2020-12-01 00:02:57	True
18903	mpashchenkov	2020-11-23 16:41:12	OrestChura	2020-11-30 09:38:18	True
18903	mpashchenkov	2020-11-23 16:41:12	OrestChura	2020-11-25 22:20:17	True
18903	mpashchenkov	2020-11-23 16:41:12	OrestChura	2020-11-25 22:17:31	True
18903	mpashchenkov	2020-11-23 16:41:12	OrestChura	2020-11-25 22:15:03	True
18903	mpashchenkov	2020-11-23 16:41:12	OrestChura	2020-11-30 23:50:16	True
18903	mpashchenkov	2020-11-23 16:41:12	OrestChura	2020-11-30 23:59:55	True
18902	mpashchenkov	2020-11-23 16:41:07	OrestChura	2020-11-27 00:28:59	True
18902	mpashchenkov	2020-11-23 16:41:07	OrestChura	2020-11-30 09:36:18	True
18902	mpashchenkov	2020-11-23 16:41:07	OrestChura	2020-11-27 00:24:25	True
18902	mpashchenkov	2020-11-23 16:41:07	OrestChura	2020-11-27 00:40:37	True
18902	mpashchenkov	2020-11-23 16:41:07	OrestChura	2020-11-26 23:58:13	True
18902	mpashchenkov	2020-11-23 16:41:07	OrestChura	2020-11-25 22:04:56	True
18902	mpashchenkov	2020-11-23 16:41:07	OrestChura	2020-11-25 19:04:00	True
18902	mpashchenkov	2020-11-23 16:41:07	OrestChura	2020-11-25 21:20:47	True
18902	mpashchenkov	2020-11-23 16:41:07	OrestChura	2020-11-25 19:16:04	True
18902	mpashchenkov	2020-11-23 16:41:07	OrestChura	2020-11-25 21:04:20	True
18902	mpashchenkov	2020-11-23 16:41:07	OrestChura	2020-11-26 23:56:40	True
18902	mpashchenkov	2020-11-23 16:41:07	OrestChura	2020-11-25 19:05:20	True
18902	mpashchenkov	2020-11-23 16:41:07	OrestChura	2020-11-25 21:27:18	True
18902	mpashchenkov	2020-11-23 16:41:07	OrestChura	2020-11-27 00:48:46	True
18902	mpashchenkov	2020-11-23 16:41:07	OrestChura	2020-11-25 21:09:30	True
18900	TolyaTalamanov	2020-11-23 13:01:09	dmatveev	2020-12-16 11:09:00	True
18900	TolyaTalamanov	2020-11-23 13:01:09	dmatveev	2020-12-16 11:33:04	True
18900	TolyaTalamanov	2020-11-23 13:01:09	dmatveev	2020-12-16 11:46:03	True
18900	TolyaTalamanov	2020-11-23 13:01:09	dmatveev	2020-12-16 11:03:42	True
18900	TolyaTalamanov	2020-11-23 13:01:09	smirnov-alexey	2020-12-16 11:02:41	True
18900	TolyaTalamanov	2020-11-23 13:01:09	smirnov-alexey	2020-12-16 11:01:43	True
18900	TolyaTalamanov	2020-11-23 13:01:09	smirnov-alexey	2020-12-16 11:04:08	True
18900	TolyaTalamanov	2020-11-23 13:01:09	smirnov-alexey	2020-12-04 15:04:46	True
18900	TolyaTalamanov	2020-11-23 13:01:09	smirnov-alexey	2020-12-04 15:02:46	True
18900	TolyaTalamanov	2020-11-23 13:01:09	smirnov-alexey	2020-12-16 11:00:09	True
18900	TolyaTalamanov	2020-11-23 13:01:09	smirnov-alexey	2020-12-16 11:01:30	True
18900	TolyaTalamanov	2020-11-23 13:01:09	smirnov-alexey	2020-12-16 10:57:42	True
18900	TolyaTalamanov	2020-11-23 13:01:09	smirnov-alexey	2020-12-04 15:03:05	True
18896		2020-11-22 16:38:47			
18895		2020-11-22 12:30:29			
18894	Bleach665	2020-11-22 10:03:03	dkurt	2020-11-22 17:42:23	True
18891	CowKeyMan	2020-11-22 00:14:14	dkurt	2020-11-23 07:33:51	True
18891	CowKeyMan	2020-11-22 00:14:14	alalek	2020-11-29 22:44:10	True
18891	CowKeyMan	2020-11-22 00:14:14	dkurt	2020-11-22 17:35:20	True
18891	CowKeyMan	2020-11-22 00:14:14	dkurt	2020-11-23 10:41:01	True
18891	CowKeyMan	2020-11-22 00:14:14	dkurt	2020-11-22 17:39:47	True
18891	CowKeyMan	2020-11-22 00:14:14	dkurt	2020-11-24 08:51:28	True
18891	CowKeyMan	2020-11-22 00:14:14	dkurt	2020-11-24 07:58:30	True
18891	CowKeyMan	2020-11-22 00:14:14	alalek	2020-11-30 22:43:44	True
18891	CowKeyMan	2020-11-22 00:14:14	dkurt	2020-11-23 07:33:39	True
18891	CowKeyMan	2020-11-22 00:14:14	dkurt	2020-11-23 07:32:11	True
18891	CowKeyMan	2020-11-22 00:14:14	dkurt	2020-11-23 07:32:38	True
18891	CowKeyMan	2020-11-22 00:14:14	dkurt	2020-11-22 17:37:13	True
18887		2020-11-21 16:02:04			
18872	IanMaquignaz	2020-11-20 06:00:28	catree	2020-11-20 18:54:17	True
18869	anna-khakimova	2020-11-19 22:56:51	OrestChura	2020-11-27 11:03:28	True
18869	anna-khakimova	2020-11-19 22:56:51	alalek	2020-11-20 19:04:57	True
18869	anna-khakimova	2020-11-19 22:56:51	OrestChura	2020-11-20 15:56:18	True
18869	anna-khakimova	2020-11-19 22:56:51	alalek	2020-11-20 14:14:37	True
18869	anna-khakimova	2020-11-19 22:56:51	OrestChura	2020-11-27 11:08:06	True
18869	anna-khakimova	2020-11-19 22:56:51	OrestChura	2020-11-20 16:02:10	True
18869	anna-khakimova	2020-11-19 22:56:51	alalek	2020-11-20 17:56:17	True
18869	anna-khakimova	2020-11-19 22:56:51	OrestChura	2020-11-20 15:23:12	True
18869	anna-khakimova	2020-11-19 22:56:51	OrestChura	2020-11-27 12:17:31	True
18869	anna-khakimova	2020-11-19 22:56:51	OrestChura	2020-11-27 12:19:16	True
18869	anna-khakimova	2020-11-19 22:56:51	OrestChura	2020-11-27 11:11:14	True
18869	anna-khakimova	2020-11-19 22:56:51	OrestChura	2020-11-27 12:08:02	True
18869	anna-khakimova	2020-11-19 22:56:51	OrestChura	2020-11-20 15:57:22	True
18869	anna-khakimova	2020-11-19 22:56:51	OrestChura	2020-11-27 12:11:43	True
18869	anna-khakimova	2020-11-19 22:56:51	OrestChura	2020-11-27 12:13:58	True
18869	anna-khakimova	2020-11-19 22:56:51	alalek	2020-11-20 14:09:53	True
18869	anna-khakimova	2020-11-19 22:56:51	OrestChura	2020-11-20 15:06:25	True
18869	anna-khakimova	2020-11-19 22:56:51	OrestChura	2020-11-20 15:24:28	True
18869	anna-khakimova	2020-11-19 22:56:51	alalek	2020-11-20 14:13:41	True
18869	anna-khakimova	2020-11-19 22:56:51	OrestChura	2020-11-20 15:39:28	True
18869	anna-khakimova	2020-11-19 22:56:51	OrestChura	2020-11-20 14:30:05	True
18869	anna-khakimova	2020-11-19 22:56:51	OrestChura	2020-11-20 15:23:27	True
18869	anna-khakimova	2020-11-19 22:56:51	OrestChura	2020-11-20 09:27:30	True
18869	anna-khakimova	2020-11-19 22:56:51	OrestChura	2020-11-20 15:28:41	True
18869	anna-khakimova	2020-11-19 22:56:51	OrestChura	2020-11-20 14:27:37	True
18869	anna-khakimova	2020-11-19 22:56:51	OrestChura	2020-11-20 15:22:17	True
18869	anna-khakimova	2020-11-19 22:56:51	OrestChura	2020-11-20 15:11:05	True
18869	anna-khakimova	2020-11-19 22:56:51	OrestChura	2020-11-20 15:20:55	True
18868		2020-11-19 18:30:35			
18863		2020-11-19 09:16:41			
18862	sl-sergei	2020-11-19 07:43:57	dkurt	2020-11-24 08:59:19	True
18862	sl-sergei	2020-11-19 07:43:57	alalek	2020-11-24 11:51:06	True
18862	sl-sergei	2020-11-19 07:43:57	dkurt	2020-11-24 11:21:04	True
18862	sl-sergei	2020-11-19 07:43:57	dkurt	2020-11-19 15:34:18	True
18862	sl-sergei	2020-11-19 07:43:57	dkurt	2020-11-23 19:39:55	True
18862	sl-sergei	2020-11-19 07:43:57	alalek	2020-11-24 08:01:55	True
18858		2020-11-18 23:52:23			
18857	OrestChura	2020-11-18 22:11:57	AsyaPronina	2020-11-21 18:32:30	True
18857	OrestChura	2020-11-18 22:11:57	AsyaPronina	2020-11-21 18:38:22	True
18857	OrestChura	2020-11-18 22:11:57	mpashchenkov	2020-11-20 12:07:36	True
18857	OrestChura	2020-11-18 22:11:57	mpashchenkov	2020-11-20 11:55:43	True
18857	OrestChura	2020-11-18 22:11:57	mpashchenkov	2020-11-20 11:58:44	True
18857	OrestChura	2020-11-18 22:11:57	mpashchenkov	2020-11-20 12:00:10	True
18857	OrestChura	2020-11-18 22:11:57	mpashchenkov	2020-11-20 12:10:24	True
18857	OrestChura	2020-11-18 22:11:57	mpashchenkov	2020-11-20 12:05:00	True
18857	OrestChura	2020-11-18 22:11:57	mpashchenkov	2020-11-20 12:19:06	True
18857	OrestChura	2020-11-18 22:11:57	mpashchenkov	2020-11-20 12:20:17	True
18857	OrestChura	2020-11-18 22:11:57	mpashchenkov	2020-11-20 12:25:44	True
18857	OrestChura	2020-11-18 22:11:57	mpashchenkov	2020-11-20 12:05:25	True
18857	OrestChura	2020-11-18 22:11:57	alalek	2020-11-19 10:19:06	True
18857	OrestChura	2020-11-18 22:11:57	AsyaPronina	2020-11-21 19:12:39	True
18857	OrestChura	2020-11-18 22:11:57	AsyaPronina	2020-11-21 18:54:39	True
18857	OrestChura	2020-11-18 22:11:57	AsyaPronina	2020-11-21 19:18:24	True
18857	OrestChura	2020-11-18 22:11:57	AsyaPronina	2020-11-21 18:42:34	True
18857	OrestChura	2020-11-18 22:11:57	AsyaPronina	2020-11-21 19:07:08	True
18857	OrestChura	2020-11-18 22:11:57	AsyaPronina	2020-11-21 19:12:13	True
18857	OrestChura	2020-11-18 22:11:57	AsyaPronina	2020-11-21 19:31:57	True
18857	OrestChura	2020-11-18 22:11:57	AsyaPronina	2020-11-21 19:32:31	True
18854	GArik	2020-11-18 18:29:30	alalek	2020-11-19 10:51:41	True
18854	GArik	2020-11-18 18:29:30	alalek	2020-11-19 04:29:54	True
18854	GArik	2020-11-18 18:29:30	alalek	2020-11-19 04:16:18	True
18854	GArik	2020-11-18 18:29:30	alalek	2020-11-19 04:25:13	True
18854	GArik	2020-11-18 18:29:30	alalek	2020-11-19 04:17:37	True
18854	GArik	2020-11-18 18:29:30	alalek	2020-11-19 10:55:29	True
18849		2020-11-18 04:30:11			
18848		2020-11-18 04:19:52			
18845	joegeisbauer	2020-11-18 01:53:43	sl-sergei	2020-11-19 17:40:24	True
18845	joegeisbauer	2020-11-18 01:53:43	sl-sergei	2020-11-19 17:40:49	True
18845	joegeisbauer	2020-11-18 01:53:43	sl-sergei	2020-11-20 08:19:56	True
18841	JulienMaille	2020-11-17 20:30:04	l-bat	2020-11-19 09:31:07	True
18841	JulienMaille	2020-11-17 20:30:04	l-bat	2020-11-19 09:34:41	True
18841	JulienMaille	2020-11-17 20:30:04	alalek	2020-11-19 12:04:12	True
18841	JulienMaille	2020-11-17 20:30:04	l-bat	2020-11-19 09:28:04	True
18841	JulienMaille	2020-11-17 20:30:04	l-bat	2020-11-19 09:26:31	True
18841	JulienMaille	2020-11-17 20:30:04	l-bat	2020-11-19 09:21:10	True
18834		2020-11-17 11:53:56			
18833		2020-11-17 11:38:50			
18831		2020-11-17 07:42:48			
18830		2020-11-17 07:22:30			
18828	ichisadashioko	2020-11-17 03:37:56	alalek	2020-11-17 06:04:51	True
18826	colejd	2020-11-16 22:54:13	chrisballinger	2020-11-20 20:48:04	True
18826	colejd	2020-11-16 22:54:13	chrisballinger	2020-11-17 19:06:55	True
18826	colejd	2020-11-16 22:54:13	chrisballinger	2020-11-21 21:19:14	True
18826	colejd	2020-11-16 22:54:13	chrisballinger	2020-11-17 19:04:55	True
18826	colejd	2020-11-16 22:54:13	alalek	2020-11-18 12:28:42	True
18826	colejd	2020-11-16 22:54:13	chrisballinger	2020-11-17 19:05:51	True
18826	colejd	2020-11-16 22:54:13	chrisballinger	2020-11-21 01:11:31	True
18826	colejd	2020-11-16 22:54:13	chrisballinger	2020-11-16 22:59:22	True
18826	colejd	2020-11-16 22:54:13	chrisballinger	2020-11-16 23:02:57	True
18826	colejd	2020-11-16 22:54:13	chrisballinger	2020-11-16 23:06:54	True
18826	colejd	2020-11-16 22:54:13	chrisballinger	2020-11-16 23:10:22	True
18819	mpashchenkov	2020-11-16 11:14:55	alalek	2020-11-16 18:29:58	True
18819	mpashchenkov	2020-11-16 11:14:55	alalek	2020-11-16 12:09:40	True
18819	mpashchenkov	2020-11-16 11:14:55	alalek	2020-11-17 13:18:24	True
18819	mpashchenkov	2020-11-16 11:14:55	alalek	2020-11-17 13:15:36	True
18819	mpashchenkov	2020-11-16 11:14:55	alalek	2020-11-16 12:07:15	True
18819	mpashchenkov	2020-11-16 11:14:55	alalek	2020-11-16 11:21:09	True
18819	mpashchenkov	2020-11-16 11:14:55	alalek	2020-11-16 11:21:16	True
18810		2020-11-14 21:33:00			
18806		2020-11-14 09:33:23			
18802		2020-11-14 02:50:28			
18795		2020-11-13 03:35:30			
18793	dmatveev	2020-11-12 23:03:49	rgarnov	2020-11-13 15:25:04	True
18793	dmatveev	2020-11-12 23:03:49	TolyaTalamanov	2020-11-17 08:43:37	True
18793	dmatveev	2020-11-12 23:03:49	smirnov-alexey	2020-11-16 12:37:00	True
18793	dmatveev	2020-11-12 23:03:49	smirnov-alexey	2020-11-13 15:09:04	True
18793	dmatveev	2020-11-12 23:03:49	TolyaTalamanov	2020-11-13 13:38:14	True
18793	dmatveev	2020-11-12 23:03:49	smirnov-alexey	2020-11-13 15:08:24	True
18793	dmatveev	2020-11-12 23:03:49	smirnov-alexey	2020-11-13 15:07:22	True
18793	dmatveev	2020-11-12 23:03:49	smirnov-alexey	2020-11-13 15:03:47	True
18793	dmatveev	2020-11-12 23:03:49	TolyaTalamanov	2020-11-13 13:36:01	True
18793	dmatveev	2020-11-12 23:03:49	smirnov-alexey	2020-11-13 15:00:20	True
18793	dmatveev	2020-11-12 23:03:49	smirnov-alexey	2020-11-13 14:59:04	True
18793	dmatveev	2020-11-12 23:03:49	smirnov-alexey	2020-11-13 14:57:13	True
18793	dmatveev	2020-11-12 23:03:49	TolyaTalamanov	2020-11-13 13:37:42	True
18793	dmatveev	2020-11-12 23:03:49	smirnov-alexey	2020-11-13 15:01:36	True
18793	dmatveev	2020-11-12 23:03:49	smirnov-alexey	2020-11-13 15:02:35	True
18790	OrestChura	2020-11-12 17:23:22	smirnov-alexey	2020-11-13 14:40:55	True
18790	OrestChura	2020-11-12 17:23:22	smirnov-alexey	2020-11-13 14:05:52	True
18790	OrestChura	2020-11-12 17:23:22	alalek	2020-11-17 11:32:38	True
18790	OrestChura	2020-11-12 17:23:22	smirnov-alexey	2020-11-13 14:41:51	True
18790	OrestChura	2020-11-12 17:23:22	smirnov-alexey	2020-11-13 14:27:35	True
18790	OrestChura	2020-11-12 17:23:22	smirnov-alexey	2020-11-13 14:11:35	True
18790	OrestChura	2020-11-12 17:23:22	smirnov-alexey	2020-11-13 13:54:44	True
18790	OrestChura	2020-11-12 17:23:22	smirnov-alexey	2020-11-13 14:11:06	True
18790	OrestChura	2020-11-12 17:23:22	mpashchenkov	2020-11-13 13:10:57	True
18790	OrestChura	2020-11-12 17:23:22	smirnov-alexey	2020-11-13 14:15:15	True
18786		2020-11-12 10:39:51			
18783	sl-sergei	2020-11-11 22:42:14	asmorkalov	2020-11-12 07:16:35	True
18783	sl-sergei	2020-11-11 22:42:14	dkurt	2020-11-13 10:33:54	True
18783	sl-sergei	2020-11-11 22:42:14	dkurt	2020-11-12 07:11:07	True
18783	sl-sergei	2020-11-11 22:42:14	asmorkalov	2020-11-12 07:29:33	True
18783	sl-sergei	2020-11-11 22:42:14	dkurt	2020-11-12 14:12:19	True
18783	sl-sergei	2020-11-11 22:42:14	asmorkalov	2020-11-12 07:30:38	True
18783	sl-sergei	2020-11-11 22:42:14	dkurt	2020-11-12 14:09:26	True
18783	sl-sergei	2020-11-11 22:42:14	dkurt	2020-11-12 14:12:57	True
18783	sl-sergei	2020-11-11 22:42:14	dkurt	2020-11-13 10:35:05	True
18783	sl-sergei	2020-11-11 22:42:14	dkurt	2020-11-12 14:09:59	True
18783	sl-sergei	2020-11-11 22:42:14	asmorkalov	2020-11-12 07:14:32	True
18783	sl-sergei	2020-11-11 22:42:14	dkurt	2020-11-12 12:27:12	True
18783	sl-sergei	2020-11-11 22:42:14	dkurt	2020-11-12 07:12:04	True
18783	sl-sergei	2020-11-11 22:42:14	dkurt	2020-11-12 12:26:55	True
18783	sl-sergei	2020-11-11 22:42:14	asmorkalov	2020-11-12 07:15:56	True
18783	sl-sergei	2020-11-11 22:42:14	dkurt	2020-11-13 10:34:03	True
18783	sl-sergei	2020-11-11 22:42:14	asmorkalov	2020-11-12 07:16:57	True
18783	sl-sergei	2020-11-11 22:42:14	dkurt	2020-11-12 07:18:17	True
18783	sl-sergei	2020-11-11 22:42:14	asmorkalov	2020-11-12 07:21:23	True
18774		2020-11-11 10:39:19			
18771	chrisballinger	2020-11-10 23:40:16	alalek	2020-11-12 16:35:37	True
18770		2020-11-10 22:54:45			
18765		2020-11-10 12:44:41			
18764		2020-11-09 19:14:54			
18763	GArik	2020-11-09 16:18:04	vpisarev	2020-11-10 09:17:26	True
18763	GArik	2020-11-09 16:18:04	alalek	2020-11-16 08:39:46	True
18763	GArik	2020-11-09 16:18:04	asmorkalov	2020-11-12 07:47:28	True
18763	GArik	2020-11-09 16:18:04	asmorkalov	2020-11-12 08:00:17	True
18763	GArik	2020-11-09 16:18:04	asmorkalov	2020-11-12 08:00:27	True
18763	GArik	2020-11-09 16:18:04	asmorkalov	2020-11-12 07:59:43	True
18763	GArik	2020-11-09 16:18:04	asmorkalov	2020-11-12 07:49:14	True
18763	GArik	2020-11-09 16:18:04	asmorkalov	2020-11-12 07:46:50	True
18763	GArik	2020-11-09 16:18:04	alalek	2020-11-09 17:34:48	True
18763	GArik	2020-11-09 16:18:04	alalek	2020-11-09 17:39:46	True
18763	GArik	2020-11-09 16:18:04	alalek	2020-11-09 17:31:49	True
18763	GArik	2020-11-09 16:18:04	alalek	2020-11-09 17:27:32	True
18763	GArik	2020-11-09 16:18:04	asmorkalov	2020-11-12 07:45:53	True
18762	TolyaTalamanov	2020-11-09 14:51:04	smirnov-alexey	2020-11-25 12:36:31	True
18762	TolyaTalamanov	2020-11-09 14:51:04	smirnov-alexey	2020-11-26 14:25:31	True
18762	TolyaTalamanov	2020-11-09 14:51:04	alalek	2020-11-25 09:53:31	True
18762	TolyaTalamanov	2020-11-09 14:51:04	alalek	2020-11-25 10:25:57	True
18762	TolyaTalamanov	2020-11-09 14:51:04	alalek	2020-11-25 09:49:41	True
18762	TolyaTalamanov	2020-11-09 14:51:04	dkurt	2020-11-24 13:24:42	True
18762	TolyaTalamanov	2020-11-09 14:51:04	dkurt	2020-11-24 13:28:15	True
18762	TolyaTalamanov	2020-11-09 14:51:04	dkurt	2020-11-24 13:29:22	True
18762	TolyaTalamanov	2020-11-09 14:51:04	alalek	2020-11-25 09:52:21	True
18761		2020-11-09 13:58:47			
18760	vpisarev	2020-11-09 10:19:10	alalek	2020-11-10 13:15:04	True
18760	vpisarev	2020-11-09 10:19:10	alalek	2020-11-10 13:20:41	True
18760	vpisarev	2020-11-09 10:19:10	alalek	2020-11-10 13:12:55	True
18760	vpisarev	2020-11-09 10:19:10	alalek	2020-11-10 14:23:45	True
18760	vpisarev	2020-11-09 10:19:10	alalek	2020-11-10 14:22:19	True
18760	vpisarev	2020-11-09 10:19:10	alalek	2020-11-10 14:14:48	True
18760	vpisarev	2020-11-09 10:19:10	alalek	2020-11-10 14:12:31	True
18760	vpisarev	2020-11-09 10:19:10	alalek	2020-11-10 14:09:28	True
18760	vpisarev	2020-11-09 10:19:10	alalek	2020-11-10 13:28:56	True
18760	vpisarev	2020-11-09 10:19:10	alalek	2020-11-10 13:18:39	True
18760	vpisarev	2020-11-09 10:19:10	alalek	2020-11-10 13:07:27	True
18760	vpisarev	2020-11-09 10:19:10	alalek	2020-11-10 13:17:34	True
18760	vpisarev	2020-11-09 10:19:10	alalek	2020-11-10 14:13:57	True
18760	vpisarev	2020-11-09 10:19:10	alalek	2020-11-10 13:10:43	True
18760	vpisarev	2020-11-09 10:19:10	alalek	2020-11-10 13:08:58	True
18760	vpisarev	2020-11-09 10:19:10	alalek	2020-11-10 14:11:13	True
18760	vpisarev	2020-11-09 10:19:10	alalek	2020-11-10 13:06:21	True
18760	vpisarev	2020-11-09 10:19:10	alalek	2020-11-10 13:04:39	True
18760	vpisarev	2020-11-09 10:19:10	alalek	2020-11-10 13:03:25	True
18760	vpisarev	2020-11-09 10:19:10	alalek	2020-11-10 13:12:52	True
18756	andy-held	2020-11-08 17:31:53	alalek	2020-11-11 08:27:03	True
18756	andy-held	2020-11-08 17:31:53	alalek	2020-11-11 08:26:02	True
18756	andy-held	2020-11-08 17:31:53	alalek	2020-11-12 16:27:19	True
18756	andy-held	2020-11-08 17:31:53	alalek	2020-11-11 08:24:30	True
18756	andy-held	2020-11-08 17:31:53	alalek	2020-11-11 08:32:32	True
18756	andy-held	2020-11-08 17:31:53	alalek	2020-11-12 16:24:33	True
18756	andy-held	2020-11-08 17:31:53	alalek	2020-11-12 16:28:40	True
18753		2020-11-08 13:48:50			
18744	mpashchenkov	2020-11-06 11:24:24	OrestChura	2020-11-10 02:15:01	True
18744	mpashchenkov	2020-11-06 11:24:24	OrestChura	2020-11-10 01:44:48	True
18744	mpashchenkov	2020-11-06 11:24:24	OrestChura	2020-11-10 01:55:29	True
18744	mpashchenkov	2020-11-06 11:24:24	OrestChura	2020-11-09 18:14:57	True
18744	mpashchenkov	2020-11-06 11:24:24	OrestChura	2020-11-09 17:47:35	True
18744	mpashchenkov	2020-11-06 11:24:24	OrestChura	2020-11-10 02:03:52	True
18744	mpashchenkov	2020-11-06 11:24:24	OrestChura	2020-11-10 02:32:43	True
18744	mpashchenkov	2020-11-06 11:24:24	OrestChura	2020-11-10 02:47:55	True
18744	mpashchenkov	2020-11-06 11:24:24	OrestChura	2020-11-10 02:48:35	True
18744	mpashchenkov	2020-11-06 11:24:24	OrestChura	2020-11-09 18:17:17	True
18744	mpashchenkov	2020-11-06 11:24:24	OrestChura	2020-11-10 03:20:49	True
18744	mpashchenkov	2020-11-06 11:24:24	OrestChura	2020-11-10 02:37:57	True
18744	mpashchenkov	2020-11-06 11:24:24	OrestChura	2020-11-10 02:47:08	True
18744	mpashchenkov	2020-11-06 11:24:24	OrestChura	2020-11-10 02:33:26	True
18744	mpashchenkov	2020-11-06 11:24:24	OrestChura	2020-11-10 02:59:45	True
18744	mpashchenkov	2020-11-06 11:24:24	OrestChura	2020-11-10 02:55:02	True
18744	mpashchenkov	2020-11-06 11:24:24	OrestChura	2020-11-10 03:05:17	True
18744	mpashchenkov	2020-11-06 11:24:24	OrestChura	2020-11-10 03:16:40	True
18744	mpashchenkov	2020-11-06 11:24:24	OrestChura	2020-11-09 18:57:53	True
18744	mpashchenkov	2020-11-06 11:24:24	OrestChura	2020-11-10 03:23:00	True
18744	mpashchenkov	2020-11-06 11:24:24	OrestChura	2020-11-10 02:28:14	True
18744	mpashchenkov	2020-11-06 11:24:24	OrestChura	2020-11-09 17:45:34	True
18744	mpashchenkov	2020-11-06 11:24:24	OrestChura	2020-11-10 01:58:31	True
18744	mpashchenkov	2020-11-06 11:24:24	OrestChura	2020-11-09 18:14:43	True
18744	mpashchenkov	2020-11-06 11:24:24	OrestChura	2020-11-09 04:55:21	True
18744	mpashchenkov	2020-11-06 11:24:24	OrestChura	2020-11-09 18:14:51	True
18744	mpashchenkov	2020-11-06 11:24:24	OrestChura	2020-11-09 17:46:15	True
18744	mpashchenkov	2020-11-06 11:24:24	OrestChura	2020-11-09 17:51:44	True
18744	mpashchenkov	2020-11-06 11:24:24	OrestChura	2020-11-09 17:46:00	True
18742	AsyaPronina	2020-11-06 10:33:05	dmatveev	2020-11-06 11:20:37	True
18741		2020-11-06 06:54:56			
18740	rgarnov	2020-11-05 23:01:28	dmatveev	2020-11-06 10:06:01	True
18739	ebachard	2020-11-05 22:50:17	alalek	2020-11-06 07:26:02	True
18736		2020-11-05 14:47:49			
18732		2020-11-05 04:36:58			
18729	rgarnov	2020-11-04 23:29:12	AsyaPronina	2020-11-05 09:59:08	True
18729	rgarnov	2020-11-04 23:29:12	alalek	2020-11-13 13:09:26	True
18729	rgarnov	2020-11-04 23:29:12	AsyaPronina	2020-11-12 15:03:10	True
18729	rgarnov	2020-11-04 23:29:12	AsyaPronina	2020-11-12 15:02:00	True
18724		2020-11-03 19:04:40			
18720	rgarnov	2020-11-03 11:58:56	dmatveev	2020-11-06 11:08:31	True
18720	rgarnov	2020-11-03 11:58:56	dmatveev	2020-11-06 11:14:33	True
18719		2020-11-03 08:52:14			
18716	dmatveev	2020-11-03 08:06:02	alalek	2020-11-03 12:23:04	True
18716	dmatveev	2020-11-03 08:06:02	alalek	2020-11-03 12:45:22	True
18716	dmatveev	2020-11-03 08:06:02	alalek	2020-11-03 12:30:51	True
18716	dmatveev	2020-11-03 08:06:02	alalek	2020-11-03 12:33:27	True
18716	dmatveev	2020-11-03 08:06:02	alalek	2020-11-03 12:21:10	True
18716	dmatveev	2020-11-03 08:06:02	alalek	2020-11-03 12:31:57	True
18716	dmatveev	2020-11-03 08:06:02	alalek	2020-11-03 12:29:08	True
18716	dmatveev	2020-11-03 08:06:02	alalek	2020-11-03 11:05:11	True
18716	dmatveev	2020-11-03 08:06:02	alalek	2020-11-03 12:32:55	True
18712	mshabunin	2020-11-01 22:49:32	alalek	2020-12-09 15:05:37	True
