pr_number	author_user_login	pr_created_at	review_user_login	review_created_at	filename	create_before_pr	has_issue_comment	has_review_comment	has_commit
22176	danopdev	2022-06-30 11:29:18	alalek	2022-07-01 11:48:25	modules/stitching/include/opencv2/stitching.hpp	False	False	True	True
22176	danopdev	2022-06-30 11:29:18	alalek	2022-06-30 20:38:28	modules/stitching/include/opencv2/stitching.hpp	False	False	True	True
22173	ycs77	2022-06-29 20:09:02	alalek	2022-07-01 12:14:17	modules/js/src/core_bindings.cpp	True	True	False	True
22169	tomoaki0705	2022-06-29 11:39:15	alalek	2022-06-29 20:39:35	cmake/OpenCVDetectCUDA.cmake	True	False	False	True
22164	lamm45	2022-06-26 23:27:46	asmorkalov	2022-08-30 15:59:24	modules/imgproc/test/test_houghlines.cpp	True	True	True	True
22164	lamm45	2022-06-26 23:27:46	asmorkalov	2022-08-31 08:55:35	modules/imgproc/src/hough.cpp	True	True	True	True
22164	lamm45	2022-06-26 23:27:46	asmorkalov	2022-08-29 06:53:16	modules/imgproc/include/opencv2/imgproc.hpp	True	True	True	True
22164	lamm45	2022-06-26 23:27:46	asmorkalov	2022-08-29 06:53:16	modules/imgproc/test/test_houghlines.cpp	True	True	True	True
22164	lamm45	2022-06-26 23:27:46	asmorkalov	2022-08-31 08:55:35	modules/imgproc/include/opencv2/imgproc.hpp	True	True	True	True
22164	lamm45	2022-06-26 23:27:46	asmorkalov	2022-08-29 06:53:16	modules/imgproc/src/hough.cpp	True	True	True	True
22164	lamm45	2022-06-26 23:27:46	asmorkalov	2022-08-31 08:55:35	modules/imgproc/test/test_houghlines.cpp	True	True	True	True
22164	lamm45	2022-06-26 23:27:46	asmorkalov	2022-08-30 15:59:24	modules/imgproc/include/opencv2/imgproc.hpp	True	True	True	True
22164	lamm45	2022-06-26 23:27:46	asmorkalov	2022-08-30 15:59:24	modules/imgproc/src/hough.cpp	True	True	True	True
22163	philipphutterer	2022-06-26 15:42:26	alalek	2022-07-01 12:16:16	modules/videoio/src/cap_ffmpeg_impl.hpp	True	True	False	True
22163	philipphutterer	2022-06-26 15:42:26	alalek	2022-07-01 12:16:16	modules/videoio/include/opencv2/videoio.hpp	True	True	False	True
22160	sturkmen72	2022-06-26 09:00:51	vpisarev	2022-08-05 08:44:44	modules/highgui/src/precomp.hpp	True	True	True	True
22160	sturkmen72	2022-06-26 09:00:51	alalek	2022-08-05 09:27:35	modules/highgui/CMakeLists.txt	True	True	True	True
22160	sturkmen72	2022-06-26 09:00:51	alalek	2022-08-05 09:27:35	modules/highgui/src/plugin_wrapper.impl.hpp	True	True	True	True
22160	sturkmen72	2022-06-26 09:00:51	alalek	2022-08-05 09:27:35	modules/highgui/src/precomp.hpp	True	True	True	True
22160	sturkmen72	2022-06-26 09:00:51	vpisarev	2022-08-05 08:44:44	modules/highgui/CMakeLists.txt	True	True	True	True
22160	sturkmen72	2022-06-26 09:00:51	vpisarev	2022-08-05 08:44:44	modules/highgui/src/plugin_wrapper.impl.hpp	True	True	True	True
22160	sturkmen72	2022-06-26 09:00:51	alalek	2022-08-05 09:27:35	modules/highgui/src/window_w32.cpp	True	True	True	True
22160	sturkmen72	2022-06-26 09:00:51	vpisarev	2022-08-05 08:44:44	modules/highgui/src/window_w32.cpp	True	True	True	True
22160	sturkmen72	2022-06-26 09:00:51	alalek	2022-06-26 09:35:06	modules/highgui/CMakeLists.txt	True	True	True	True
22160	sturkmen72	2022-06-26 09:00:51	alalek	2022-06-26 09:35:06	modules/highgui/src/plugin_wrapper.impl.hpp	True	True	True	True
22160	sturkmen72	2022-06-26 09:00:51	alalek	2022-06-26 09:35:06	modules/highgui/src/precomp.hpp	True	True	True	True
22160	sturkmen72	2022-06-26 09:00:51	alalek	2022-06-26 09:35:06	modules/highgui/src/window_w32.cpp	True	True	True	True
22158	lamm45	2022-06-24 18:16:42	alalek	2022-06-26 14:19:35	modules/core/doc/intro.markdown	True	False	False	True
22156	vpisarev	2022-06-24 12:02:31	alalek	2022-07-01 12:17:04	modules/core/include/opencv2/core/fast_math.hpp	True	False	False	True
22153	vrabaud	2022-06-24 09:34:37	vpisarev	2022-07-12 19:08:36	modules/imgproc/src/drawing.cpp	True	True	False	True
22153	vrabaud	2022-06-24 09:34:37	alalek	2022-06-24 11:22:12	modules/imgproc/src/drawing.cpp	True	True	False	True
22150	savuor	2022-06-23 22:02:10	vpisarev	2022-07-26 11:37:50	modules/3d/misc/python/test/test_odometry.py	True	True	True	True
22150	savuor	2022-06-23 22:02:10	vpisarev	2022-07-26 11:37:50	modules/3d/src/rgbd/odometry.cpp	True	True	True	True
22150	savuor	2022-06-23 22:02:10	vpisarev	2022-07-26 11:37:50	modules/3d/src/rgbd/odometry_functions.cpp	False	True	True	True
22150	savuor	2022-06-23 22:02:10	vpisarev	2022-07-26 11:37:50	modules/3d/src/rgbd/odometry_functions.hpp	True	True	True	True
22150	savuor	2022-06-23 22:02:10	vpisarev	2022-07-26 11:37:50	modules/3d/test/test_odometry.cpp	True	True	True	True
22150	savuor	2022-06-23 22:02:10	vpisarev	2022-07-26 11:37:50	samples/python/odometry.py	True	True	True	True
22150	savuor	2022-06-23 22:02:10	vpisarev	2022-07-26 11:37:50	modules/3d/misc/python/warp_test.py	True	True	True	True
22150	savuor	2022-06-23 22:02:10	vpisarev	2022-07-26 11:37:50	modules/3d/misc/python/warp_test.py	False	True	True	True
22150	savuor	2022-06-23 22:02:10	vpisarev	2022-07-26 11:37:50	modules/3d/include/opencv2/3d/depth.hpp	False	True	True	True
22150	savuor	2022-06-23 22:02:10	vpisarev	2022-07-26 11:37:50	modules/3d/src/rgbd/odometry.cpp	False	True	True	True
22150	savuor	2022-06-23 22:02:10	vpisarev	2022-07-26 11:37:50	modules/3d/test/test_odometry.cpp	False	True	True	True
22150	savuor	2022-06-23 22:02:10	vpisarev	2022-07-26 11:37:50	modules/3d/misc/python/requirements.txt	False	True	True	True
22150	savuor	2022-06-23 22:02:10	vpisarev	2022-07-26 11:37:50	modules/3d/src/rgbd/odometry_functions.cpp	True	True	True	True
22150	savuor	2022-06-23 22:02:10	asmorkalov	2022-07-04 06:32:56	modules/3d/include/opencv2/3d/odometry.hpp	True	True	True	True
22150	savuor	2022-06-23 22:02:10	asmorkalov	2022-07-26 11:28:29	modules/3d/misc/python/test/test_odometry.py	True	True	True	True
22150	savuor	2022-06-23 22:02:10	asmorkalov	2022-07-26 11:28:29	modules/3d/src/rgbd/odometry.cpp	True	True	True	True
22150	savuor	2022-06-23 22:02:10	asmorkalov	2022-07-26 11:28:29	modules/3d/src/rgbd/odometry_functions.cpp	True	True	True	True
22150	savuor	2022-06-23 22:02:10	asmorkalov	2022-07-26 11:28:29	modules/3d/src/rgbd/odometry_functions.hpp	True	True	True	True
22150	savuor	2022-06-23 22:02:10	asmorkalov	2022-07-26 11:28:29	modules/3d/test/test_odometry.cpp	True	True	True	True
22150	savuor	2022-06-23 22:02:10	asmorkalov	2022-07-26 11:28:29	samples/python/odometry.py	True	True	True	True
22150	savuor	2022-06-23 22:02:10	asmorkalov	2022-07-26 11:28:29	modules/3d/misc/python/warp_test.py	True	True	True	True
22150	savuor	2022-06-23 22:02:10	asmorkalov	2022-07-26 11:28:29	modules/3d/misc/python/warp_test.py	False	True	True	True
22150	savuor	2022-06-23 22:02:10	asmorkalov	2022-07-26 11:28:29	modules/3d/include/opencv2/3d/depth.hpp	False	True	True	True
22150	savuor	2022-06-23 22:02:10	asmorkalov	2022-07-26 11:28:29	modules/3d/src/rgbd/odometry.cpp	False	True	True	True
22150	savuor	2022-06-23 22:02:10	asmorkalov	2022-07-26 11:28:29	modules/3d/test/test_odometry.cpp	False	True	True	True
22150	savuor	2022-06-23 22:02:10	asmorkalov	2022-07-26 11:28:29	modules/3d/misc/python/requirements.txt	False	True	True	True
22150	savuor	2022-06-23 22:02:10	asmorkalov	2022-06-24 06:12:13	modules/3d/src/rgbd/odometry_functions.cpp	False	True	True	True
22150	savuor	2022-06-23 22:02:10	vpisarev	2022-07-26 11:37:50	modules/3d/include/opencv2/3d/odometry.hpp	True	True	True	True
22150	savuor	2022-06-23 22:02:10	asmorkalov	2022-06-24 06:15:02	modules/3d/src/rgbd/odometry_functions.cpp	False	True	True	True
22150	savuor	2022-06-23 22:02:10	asmorkalov	2022-06-24 06:12:13	modules/3d/misc/python/requirements.txt	False	True	True	True
22150	savuor	2022-06-23 22:02:10	asmorkalov	2022-06-24 06:15:02	modules/3d/test/test_odometry.cpp	False	True	True	True
22150	savuor	2022-06-23 22:02:10	asmorkalov	2022-06-24 06:15:02	modules/3d/include/opencv2/3d/odometry.hpp	True	True	True	True
22150	savuor	2022-06-23 22:02:10	asmorkalov	2022-06-24 06:15:02	modules/3d/misc/python/test/test_odometry.py	True	True	True	True
22150	savuor	2022-06-23 22:02:10	asmorkalov	2022-06-24 06:15:02	modules/3d/src/rgbd/odometry.cpp	True	True	True	True
22150	savuor	2022-06-23 22:02:10	asmorkalov	2022-06-24 06:15:02	modules/3d/src/rgbd/odometry_functions.cpp	True	True	True	True
22150	savuor	2022-06-23 22:02:10	asmorkalov	2022-06-24 06:15:02	modules/3d/src/rgbd/odometry_functions.hpp	True	True	True	True
22150	savuor	2022-06-23 22:02:10	asmorkalov	2022-06-24 06:15:02	modules/3d/test/test_odometry.cpp	True	True	True	True
22150	savuor	2022-06-23 22:02:10	asmorkalov	2022-06-24 06:15:02	samples/python/odometry.py	True	True	True	True
22150	savuor	2022-06-23 22:02:10	asmorkalov	2022-06-24 06:15:02	modules/3d/misc/python/warp_test.py	True	True	True	True
22150	savuor	2022-06-23 22:02:10	asmorkalov	2022-06-24 06:15:02	modules/3d/misc/python/warp_test.py	False	True	True	True
22150	savuor	2022-06-23 22:02:10	asmorkalov	2022-06-24 06:15:02	modules/3d/include/opencv2/3d/depth.hpp	False	True	True	True
22150	savuor	2022-06-23 22:02:10	asmorkalov	2022-06-24 06:15:02	modules/3d/src/rgbd/odometry.cpp	False	True	True	True
22150	savuor	2022-06-23 22:02:10	asmorkalov	2022-06-24 06:15:02	modules/3d/misc/python/requirements.txt	False	True	True	True
22150	savuor	2022-06-23 22:02:10	asmorkalov	2022-06-24 06:12:13	modules/3d/test/test_odometry.cpp	False	True	True	True
22150	savuor	2022-06-23 22:02:10	asmorkalov	2022-06-24 06:12:13	modules/3d/include/opencv2/3d/odometry.hpp	True	True	True	True
22150	savuor	2022-06-23 22:02:10	asmorkalov	2022-06-24 06:12:13	modules/3d/misc/python/test/test_odometry.py	True	True	True	True
22150	savuor	2022-06-23 22:02:10	asmorkalov	2022-06-24 06:12:13	modules/3d/src/rgbd/odometry.cpp	True	True	True	True
22150	savuor	2022-06-23 22:02:10	asmorkalov	2022-06-24 06:12:13	modules/3d/src/rgbd/odometry_functions.cpp	True	True	True	True
22150	savuor	2022-06-23 22:02:10	asmorkalov	2022-06-24 06:12:13	modules/3d/src/rgbd/odometry_functions.hpp	True	True	True	True
22150	savuor	2022-06-23 22:02:10	asmorkalov	2022-06-24 06:12:13	modules/3d/test/test_odometry.cpp	True	True	True	True
22150	savuor	2022-06-23 22:02:10	asmorkalov	2022-06-24 06:12:13	samples/python/odometry.py	True	True	True	True
22150	savuor	2022-06-23 22:02:10	asmorkalov	2022-06-24 06:12:13	modules/3d/misc/python/warp_test.py	True	True	True	True
22150	savuor	2022-06-23 22:02:10	asmorkalov	2022-06-24 06:12:13	modules/3d/misc/python/warp_test.py	False	True	True	True
22150	savuor	2022-06-23 22:02:10	asmorkalov	2022-06-24 06:12:13	modules/3d/include/opencv2/3d/depth.hpp	False	True	True	True
22150	savuor	2022-06-23 22:02:10	asmorkalov	2022-06-24 06:12:13	modules/3d/src/rgbd/odometry.cpp	False	True	True	True
22150	savuor	2022-06-23 22:02:10	asmorkalov	2022-07-26 11:28:29	modules/3d/src/rgbd/odometry_functions.cpp	False	True	True	True
22150	savuor	2022-06-23 22:02:10	asmorkalov	2022-07-26 11:28:29	modules/3d/include/opencv2/3d/odometry.hpp	True	True	True	True
22150	savuor	2022-06-23 22:02:10	asmorkalov	2022-07-04 06:32:56	modules/3d/misc/python/test/test_odometry.py	True	True	True	True
22150	savuor	2022-06-23 22:02:10	alalek	2022-07-13 19:04:12	modules/3d/misc/python/test/test_odometry.py	True	True	True	True
22150	savuor	2022-06-23 22:02:10	alalek	2022-07-13 19:04:12	modules/3d/src/rgbd/odometry_functions.cpp	True	True	True	True
22150	savuor	2022-06-23 22:02:10	alalek	2022-07-13 19:04:12	modules/3d/src/rgbd/odometry_functions.hpp	True	True	True	True
22150	savuor	2022-06-23 22:02:10	alalek	2022-07-13 19:04:12	modules/3d/test/test_odometry.cpp	True	True	True	True
22150	savuor	2022-06-23 22:02:10	alalek	2022-07-13 19:04:12	samples/python/odometry.py	True	True	True	True
22150	savuor	2022-06-23 22:02:10	alalek	2022-07-13 19:04:12	modules/3d/misc/python/warp_test.py	True	True	True	True
22150	savuor	2022-06-23 22:02:10	alalek	2022-07-13 19:04:12	modules/3d/misc/python/warp_test.py	False	True	True	True
22150	savuor	2022-06-23 22:02:10	alalek	2022-07-13 19:04:12	modules/3d/include/opencv2/3d/depth.hpp	False	True	True	True
22150	savuor	2022-06-23 22:02:10	alalek	2022-07-13 19:04:12	modules/3d/src/rgbd/odometry.cpp	False	True	True	True
22150	savuor	2022-06-23 22:02:10	alalek	2022-07-13 19:04:12	modules/3d/test/test_odometry.cpp	False	True	True	True
22150	savuor	2022-06-23 22:02:10	alalek	2022-07-13 19:04:12	modules/3d/misc/python/requirements.txt	False	True	True	True
22150	savuor	2022-06-23 22:02:10	alalek	2022-07-13 19:04:12	modules/3d/src/rgbd/odometry_functions.cpp	False	True	True	True
22150	savuor	2022-06-23 22:02:10	asmorkalov	2022-07-20 07:07:44	modules/3d/include/opencv2/3d/odometry.hpp	True	True	True	True
22150	savuor	2022-06-23 22:02:10	asmorkalov	2022-07-20 07:07:44	modules/3d/misc/python/test/test_odometry.py	True	True	True	True
22150	savuor	2022-06-23 22:02:10	asmorkalov	2022-07-20 07:07:44	modules/3d/src/rgbd/odometry.cpp	True	True	True	True
22150	savuor	2022-06-23 22:02:10	asmorkalov	2022-07-20 07:07:44	modules/3d/src/rgbd/odometry_functions.cpp	True	True	True	True
22150	savuor	2022-06-23 22:02:10	asmorkalov	2022-07-20 07:07:44	modules/3d/src/rgbd/odometry_functions.hpp	True	True	True	True
22150	savuor	2022-06-23 22:02:10	asmorkalov	2022-07-20 07:07:44	modules/3d/test/test_odometry.cpp	True	True	True	True
22150	savuor	2022-06-23 22:02:10	asmorkalov	2022-07-20 07:07:44	samples/python/odometry.py	True	True	True	True
22150	savuor	2022-06-23 22:02:10	asmorkalov	2022-07-20 07:07:44	modules/3d/misc/python/warp_test.py	True	True	True	True
22150	savuor	2022-06-23 22:02:10	asmorkalov	2022-07-20 07:07:44	modules/3d/misc/python/warp_test.py	False	True	True	True
22150	savuor	2022-06-23 22:02:10	asmorkalov	2022-07-20 07:07:44	modules/3d/include/opencv2/3d/depth.hpp	False	True	True	True
22150	savuor	2022-06-23 22:02:10	asmorkalov	2022-07-20 07:07:44	modules/3d/src/rgbd/odometry.cpp	False	True	True	True
22150	savuor	2022-06-23 22:02:10	asmorkalov	2022-07-20 07:07:44	modules/3d/misc/python/requirements.txt	False	True	True	True
22150	savuor	2022-06-23 22:02:10	asmorkalov	2022-07-20 07:07:44	modules/3d/src/rgbd/odometry_functions.cpp	False	True	True	True
22150	savuor	2022-06-23 22:02:10	asmorkalov	2022-07-04 06:32:56	modules/3d/src/rgbd/odometry.cpp	True	True	True	True
22150	savuor	2022-06-23 22:02:10	alalek	2022-07-13 19:04:12	modules/3d/src/rgbd/odometry.cpp	True	True	True	True
22150	savuor	2022-06-23 22:02:10	asmorkalov	2022-07-20 07:07:44	modules/3d/test/test_odometry.cpp	False	True	True	True
22150	savuor	2022-06-23 22:02:10	alalek	2022-07-13 19:04:12	modules/3d/include/opencv2/3d/odometry.hpp	True	True	True	True
22150	savuor	2022-06-23 22:02:10	asmorkalov	2022-07-19 08:02:21	modules/3d/include/opencv2/3d/odometry.hpp	True	True	True	True
22150	savuor	2022-06-23 22:02:10	asmorkalov	2022-07-19 08:02:21	modules/3d/src/rgbd/odometry_functions.cpp	False	True	True	True
22150	savuor	2022-06-23 22:02:10	asmorkalov	2022-07-04 06:32:56	modules/3d/src/rgbd/odometry_functions.hpp	True	True	True	True
22150	savuor	2022-06-23 22:02:10	asmorkalov	2022-07-04 06:32:56	modules/3d/test/test_odometry.cpp	True	True	True	True
22150	savuor	2022-06-23 22:02:10	asmorkalov	2022-07-04 06:32:56	samples/python/odometry.py	True	True	True	True
22150	savuor	2022-06-23 22:02:10	asmorkalov	2022-07-04 06:32:56	modules/3d/misc/python/warp_test.py	True	True	True	True
22150	savuor	2022-06-23 22:02:10	asmorkalov	2022-07-04 06:32:56	modules/3d/include/opencv2/3d/depth.hpp	False	True	True	True
22150	savuor	2022-06-23 22:02:10	asmorkalov	2022-07-04 06:32:56	modules/3d/src/rgbd/odometry.cpp	False	True	True	True
22150	savuor	2022-06-23 22:02:10	asmorkalov	2022-07-04 06:32:56	modules/3d/test/test_odometry.cpp	False	True	True	True
22150	savuor	2022-06-23 22:02:10	asmorkalov	2022-07-04 06:32:56	modules/3d/misc/python/requirements.txt	False	True	True	True
22150	savuor	2022-06-23 22:02:10	asmorkalov	2022-07-04 06:32:56	modules/3d/src/rgbd/odometry_functions.cpp	False	True	True	True
22150	savuor	2022-06-23 22:02:10	asmorkalov	2022-07-04 06:32:56	modules/3d/src/rgbd/odometry_functions.cpp	True	True	True	True
22150	savuor	2022-06-23 22:02:10	asmorkalov	2022-07-04 06:32:56	modules/3d/misc/python/warp_test.py	False	True	True	True
22150	savuor	2022-06-23 22:02:10	asmorkalov	2022-07-19 08:02:21	modules/3d/misc/python/test/test_odometry.py	True	True	True	True
22150	savuor	2022-06-23 22:02:10	asmorkalov	2022-07-19 08:02:21	modules/3d/misc/python/warp_test.py	False	True	True	True
22150	savuor	2022-06-23 22:02:10	asmorkalov	2022-07-19 08:02:21	modules/3d/src/rgbd/odometry.cpp	True	True	True	True
22150	savuor	2022-06-23 22:02:10	asmorkalov	2022-07-19 08:02:21	modules/3d/misc/python/requirements.txt	False	True	True	True
22150	savuor	2022-06-23 22:02:10	asmorkalov	2022-07-19 08:02:21	modules/3d/test/test_odometry.cpp	False	True	True	True
22150	savuor	2022-06-23 22:02:10	asmorkalov	2022-07-19 08:02:21	modules/3d/src/rgbd/odometry.cpp	False	True	True	True
22150	savuor	2022-06-23 22:02:10	asmorkalov	2022-07-19 08:02:21	modules/3d/include/opencv2/3d/depth.hpp	False	True	True	True
22150	savuor	2022-06-23 22:02:10	asmorkalov	2022-07-19 08:02:21	modules/3d/misc/python/warp_test.py	True	True	True	True
22150	savuor	2022-06-23 22:02:10	asmorkalov	2022-07-19 08:02:21	samples/python/odometry.py	True	True	True	True
22150	savuor	2022-06-23 22:02:10	asmorkalov	2022-07-19 08:02:21	modules/3d/test/test_odometry.cpp	True	True	True	True
22150	savuor	2022-06-23 22:02:10	asmorkalov	2022-07-19 08:02:21	modules/3d/src/rgbd/odometry_functions.hpp	True	True	True	True
22150	savuor	2022-06-23 22:02:10	asmorkalov	2022-07-19 08:02:21	modules/3d/src/rgbd/odometry_functions.cpp	True	True	True	True
22149	seanm	2022-06-22 16:43:11	alalek	2022-06-23 22:33:06	modules/imgproc/src/box_filter.dispatch.cpp	True	False	False	True
22149	seanm	2022-06-22 16:43:11	alalek	2022-06-23 22:33:06	apps/traincascade/old_ml_tree.cpp	True	False	False	True
22149	seanm	2022-06-22 16:43:11	alalek	2022-06-23 22:33:06	modules/core/test/test_mat.cpp	True	False	False	True
22149	seanm	2022-06-22 16:43:11	alalek	2022-06-23 22:33:06	modules/core/test/test_io.cpp	True	False	False	True
22149	seanm	2022-06-22 16:43:11	alalek	2022-06-23 22:33:06	modules/core/src/system.cpp	True	False	False	True
22149	seanm	2022-06-22 16:43:11	alalek	2022-06-23 22:33:06	modules/core/src/out.cpp	True	False	False	True
22149	seanm	2022-06-22 16:43:11	alalek	2022-06-23 22:33:06	modules/core/src/arithm.cpp	True	False	False	True
22149	seanm	2022-06-22 16:43:11	alalek	2022-06-23 22:33:06	modules/core/src/persistence_json.cpp	True	False	False	True
22149	seanm	2022-06-22 16:43:11	alalek	2022-06-23 22:33:06	apps/traincascade/old_ml_inner_functions.cpp	True	False	False	True
22149	seanm	2022-06-22 16:43:11	alalek	2022-06-23 22:33:06	apps/traincascade/cascadeclassifier.cpp	True	False	False	True
22149	seanm	2022-06-22 16:43:11	alalek	2022-06-23 22:33:06	apps/traincascade/boost.cpp	True	False	False	True
22149	seanm	2022-06-22 16:43:11	alalek	2022-06-23 22:33:06	modules/core/src/persistence_yml.cpp	True	False	False	True
22149	seanm	2022-06-22 16:43:11	alalek	2022-06-23 22:33:06	modules/core/src/persistence_xml.cpp	True	False	False	True
22149	seanm	2022-06-22 16:43:11	alalek	2022-06-23 22:33:06	modules/core/src/persistence.hpp	True	False	False	True
22149	seanm	2022-06-22 16:43:11	alalek	2022-06-23 22:33:06	modules/core/src/persistence.cpp	True	False	False	True
22149	seanm	2022-06-22 16:43:11	alalek	2022-06-23 22:33:06	modules/imgproc/src/filter.dispatch.cpp	True	False	False	True
22149	seanm	2022-06-22 16:43:11	alalek	2022-06-23 22:33:06	modules/imgproc/src/deriv.cpp	True	False	False	True
22149	seanm	2022-06-22 16:43:11	alalek	2022-06-23 22:33:06	modules/ts/src/ts_func.cpp	True	False	False	True
22149	seanm	2022-06-22 16:43:11	alalek	2022-06-23 22:33:06	modules/imgproc/src/smooth.dispatch.cpp	True	False	False	True
22149	seanm	2022-06-22 16:43:11	alalek	2022-06-23 22:33:06	samples/cpp/calibration.cpp	True	False	False	True
22149	seanm	2022-06-22 16:43:11	alalek	2022-06-23 22:33:06	samples/directx/d3d9ex_interop.cpp	True	False	False	True
22149	seanm	2022-06-22 16:43:11	alalek	2022-06-23 22:33:06	samples/directx/d3d9_interop.cpp	True	False	False	True
22149	seanm	2022-06-22 16:43:11	alalek	2022-06-23 22:33:06	samples/cpp/videocapture_starter.cpp	True	False	False	True
22149	seanm	2022-06-22 16:43:11	alalek	2022-06-23 22:33:06	samples/cpp/tutorial_code/ImgTrans/HoughLines_Demo.cpp	True	False	False	True
22149	seanm	2022-06-22 16:43:11	alalek	2022-06-23 22:33:06	samples/cpp/tutorial_code/HighGUI/AddingImagesTrackbar.cpp	True	False	False	True
22149	seanm	2022-06-22 16:43:11	alalek	2022-06-23 22:33:06	samples/cpp/select3dobj.cpp	True	False	False	True
22149	seanm	2022-06-22 16:43:11	alalek	2022-06-23 22:33:06	modules/videoio/src/cap_xine.cpp	True	False	False	True
22149	seanm	2022-06-22 16:43:11	alalek	2022-06-23 22:33:06	modules/imgproc/test/test_imgwarp_strict.cpp	True	False	False	True
22149	seanm	2022-06-22 16:43:11	alalek	2022-06-23 22:33:06	modules/videoio/src/cap_ximea.cpp	True	False	False	True
22149	seanm	2022-06-22 16:43:11	alalek	2022-06-23 22:33:06	modules/videoio/src/cap_gphoto2.cpp	True	False	False	True
22149	seanm	2022-06-22 16:43:11	alalek	2022-06-23 22:33:06	modules/videoio/src/cap_dshow.cpp	True	False	False	True
22149	seanm	2022-06-22 16:43:11	alalek	2022-06-23 22:33:06	modules/video/test/test_optflowpyrlk.cpp	True	False	False	True
22149	seanm	2022-06-22 16:43:11	alalek	2022-06-23 22:33:06	modules/ts/src/ts.cpp	True	False	False	True
22149	seanm	2022-06-22 16:43:11	alalek	2022-06-23 22:33:06	modules/python/src2/pycompat.hpp	True	False	False	True
22148	zihaomu	2022-06-22 13:30:57	rogday	2022-06-22 13:32:53	modules/dnn/src/onnx/onnx_importer.cpp	True	False	False	True
22148	zihaomu	2022-06-22 13:30:57	rogday	2022-06-22 13:32:53	modules/dnn/test/test_onnx_importer.cpp	True	False	False	True
22147	rogday	2022-06-22 13:13:44	asmorkalov	2022-06-30 08:01:32	apps/interactive-calibration/frameProcessor.cpp	False	True	True	True
22147	rogday	2022-06-22 13:13:44	asmorkalov	2022-06-22 13:26:58	apps/interactive-calibration/calibPipeline.cpp	True	True	True	True
22147	rogday	2022-06-22 13:13:44	asmorkalov	2022-06-22 13:26:58	apps/interactive-calibration/frameProcessor.cpp	True	True	True	True
22147	rogday	2022-06-22 13:13:44	asmorkalov	2022-06-22 13:26:58	apps/interactive-calibration/frameProcessor.hpp	True	True	True	True
22147	rogday	2022-06-22 13:13:44	asmorkalov	2022-06-22 13:26:58	apps/interactive-calibration/main.cpp	True	True	True	True
22147	rogday	2022-06-22 13:13:44	asmorkalov	2022-06-22 13:26:58	apps/interactive-calibration/calibCommon.hpp	True	True	True	True
22147	rogday	2022-06-22 13:13:44	asmorkalov	2022-06-22 13:26:58	apps/interactive-calibration/parametersController.cpp	True	True	True	True
22147	rogday	2022-06-22 13:13:44	asmorkalov	2022-06-22 13:26:58	apps/interactive-calibration/calibPipeline.cpp	False	True	True	True
22147	rogday	2022-06-22 13:13:44	asmorkalov	2022-06-22 13:26:58	apps/interactive-calibration/frameProcessor.cpp	False	True	True	True
22147	rogday	2022-06-22 13:13:44	asmorkalov	2022-06-30 08:01:32	apps/interactive-calibration/calibCommon.hpp	True	True	True	True
22147	rogday	2022-06-22 13:13:44	asmorkalov	2022-06-30 08:01:32	apps/interactive-calibration/calibPipeline.cpp	True	True	True	True
22147	rogday	2022-06-22 13:13:44	asmorkalov	2022-06-30 08:01:32	apps/interactive-calibration/frameProcessor.cpp	True	True	True	True
22147	rogday	2022-06-22 13:13:44	asmorkalov	2022-06-30 08:01:32	apps/interactive-calibration/frameProcessor.hpp	True	True	True	True
22147	rogday	2022-06-22 13:13:44	asmorkalov	2022-06-30 08:01:32	apps/interactive-calibration/main.cpp	True	True	True	True
22147	rogday	2022-06-22 13:13:44	asmorkalov	2022-06-30 08:01:32	apps/interactive-calibration/parametersController.cpp	True	True	True	True
22147	rogday	2022-06-22 13:13:44	asmorkalov	2022-06-30 08:01:32	apps/interactive-calibration/calibPipeline.cpp	False	True	True	True
22147	rogday	2022-06-22 13:13:44	asmorkalov	2022-06-23 06:31:41	apps/interactive-calibration/frameProcessor.hpp	True	True	True	True
22147	rogday	2022-06-22 13:13:44	alalek	2022-06-23 09:06:53	apps/interactive-calibration/calibCommon.hpp	True	True	True	True
22147	rogday	2022-06-22 13:13:44	asmorkalov	2022-06-23 06:31:41	apps/interactive-calibration/calibCommon.hpp	True	True	True	True
22147	rogday	2022-06-22 13:13:44	alalek	2022-06-23 09:06:53	apps/interactive-calibration/calibPipeline.cpp	True	True	True	True
22147	rogday	2022-06-22 13:13:44	asmorkalov	2022-06-23 06:31:41	apps/interactive-calibration/frameProcessor.cpp	False	True	True	True
22147	rogday	2022-06-22 13:13:44	asmorkalov	2022-06-23 06:31:41	apps/interactive-calibration/calibPipeline.cpp	False	True	True	True
22147	rogday	2022-06-22 13:13:44	asmorkalov	2022-06-23 06:31:41	apps/interactive-calibration/parametersController.cpp	True	True	True	True
22147	rogday	2022-06-22 13:13:44	asmorkalov	2022-06-23 06:31:41	apps/interactive-calibration/frameProcessor.cpp	True	True	True	True
22147	rogday	2022-06-22 13:13:44	asmorkalov	2022-06-23 06:31:41	apps/interactive-calibration/calibPipeline.cpp	True	True	True	True
22147	rogday	2022-06-22 13:13:44	asmorkalov	2022-06-23 06:31:41	apps/interactive-calibration/main.cpp	True	True	True	True
22147	rogday	2022-06-22 13:13:44	alalek	2022-06-23 09:06:53	apps/interactive-calibration/frameProcessor.cpp	False	True	True	True
22147	rogday	2022-06-22 13:13:44	alalek	2022-06-23 09:06:53	apps/interactive-calibration/calibPipeline.cpp	False	True	True	True
22147	rogday	2022-06-22 13:13:44	alalek	2022-06-23 09:06:53	apps/interactive-calibration/parametersController.cpp	True	True	True	True
22147	rogday	2022-06-22 13:13:44	alalek	2022-06-23 09:06:53	apps/interactive-calibration/main.cpp	True	True	True	True
22147	rogday	2022-06-22 13:13:44	alalek	2022-06-23 09:06:53	apps/interactive-calibration/frameProcessor.hpp	True	True	True	True
22147	rogday	2022-06-22 13:13:44	alalek	2022-06-23 09:06:53	apps/interactive-calibration/frameProcessor.cpp	True	True	True	True
22146	rogday	2022-06-22 12:10:01	asmorkalov	2022-06-22 13:35:48	apps/interactive-calibration/frameProcessor.hpp	True	False	True	True
22146	rogday	2022-06-22 12:10:01	alalek	2022-07-25 00:35:56	apps/interactive-calibration/calibCommon.hpp	True	False	True	True
22146	rogday	2022-06-22 12:10:01	alalek	2022-07-25 00:35:56	apps/interactive-calibration/frameProcessor.cpp	True	False	True	True
22146	rogday	2022-06-22 12:10:01	alalek	2022-07-25 00:35:56	apps/interactive-calibration/frameProcessor.hpp	True	False	True	True
22146	rogday	2022-06-22 12:10:01	alalek	2022-07-25 00:35:56	apps/interactive-calibration/main.cpp	True	False	True	True
22146	rogday	2022-06-22 12:10:01	alalek	2022-07-25 00:35:56	apps/interactive-calibration/parametersController.cpp	True	False	True	True
22146	rogday	2022-06-22 12:10:01	asmorkalov	2022-06-22 13:35:48	apps/interactive-calibration/calibCommon.hpp	True	False	True	True
22146	rogday	2022-06-22 12:10:01	asmorkalov	2022-06-22 13:35:48	apps/interactive-calibration/frameProcessor.cpp	True	False	True	True
22146	rogday	2022-06-22 12:10:01	asmorkalov	2022-06-22 13:35:48	apps/interactive-calibration/main.cpp	True	False	True	True
22146	rogday	2022-06-22 12:10:01	vpisarev	2022-08-05 09:15:34	apps/interactive-calibration/calibCommon.hpp	True	False	True	True
22146	rogday	2022-06-22 12:10:01	vpisarev	2022-08-05 09:15:34	apps/interactive-calibration/frameProcessor.cpp	True	False	True	True
22146	rogday	2022-06-22 12:10:01	vpisarev	2022-08-05 09:15:34	apps/interactive-calibration/frameProcessor.hpp	True	False	True	True
22146	rogday	2022-06-22 12:10:01	vpisarev	2022-08-05 09:15:34	apps/interactive-calibration/main.cpp	True	False	True	True
22146	rogday	2022-06-22 12:10:01	vpisarev	2022-08-05 09:15:34	apps/interactive-calibration/parametersController.cpp	True	False	True	True
22146	rogday	2022-06-22 12:10:01	asmorkalov	2022-06-22 13:35:48	apps/interactive-calibration/parametersController.cpp	True	False	True	True
22145	danopdev	2022-06-22 10:14:00	asmorkalov	2022-09-15 11:32:13	modules/videoio/test/test_video_io.cpp	False	True	False	True
22145	danopdev	2022-06-22 10:14:00	asmorkalov	2022-09-15 11:32:13	modules/videoio/src/cap_ffmpeg_impl.hpp	False	True	False	True
22137	danopdev	2022-06-20 19:06:41	alalek	2022-06-25 03:51:31	modules/videoio/src/cap_ffmpeg_impl.hpp	False	True	True	True
22137	danopdev	2022-06-20 19:06:41	alalek	2022-06-22 18:30:17	modules/videoio/src/cap_ffmpeg_impl.hpp	False	True	True	True
22137	danopdev	2022-06-20 19:06:41	alalek	2022-06-25 15:21:03	modules/videoio/src/cap_ffmpeg_impl.hpp	False	True	True	True
22137	danopdev	2022-06-20 19:06:41	alalek	2022-06-24 13:52:27	modules/videoio/src/cap_ffmpeg_impl.hpp	False	True	True	True
22137	danopdev	2022-06-20 19:06:41	alalek	2022-06-23 20:14:16	modules/videoio/src/cap_ffmpeg_impl.hpp	False	True	True	True
22135	rogday	2022-06-20 13:43:00	alalek	2022-07-26 16:10:37	apps/interactive-calibration/calibCommon.hpp	False	True	True	True
22135	rogday	2022-06-20 13:43:00	alalek	2022-07-26 16:10:37	apps/interactive-calibration/calibPipeline.cpp	False	True	True	True
22135	rogday	2022-06-20 13:43:00	alalek	2022-07-25 00:43:16	apps/interactive-calibration/calibCommon.hpp	False	True	True	True
22135	rogday	2022-06-20 13:43:00	alalek	2022-07-26 16:10:37	apps/interactive-calibration/parametersController.cpp	False	True	True	True
22135	rogday	2022-06-20 13:43:00	alalek	2022-07-25 00:43:16	apps/interactive-calibration/parametersController.cpp	False	True	True	True
22135	rogday	2022-06-20 13:43:00	alalek	2022-07-25 00:43:16	apps/interactive-calibration/main.cpp	False	True	True	True
22135	rogday	2022-06-20 13:43:00	alalek	2022-07-25 00:43:16	apps/interactive-calibration/calibPipeline.cpp	False	True	True	True
22135	rogday	2022-06-20 13:43:00	alalek	2022-07-26 16:10:37	apps/interactive-calibration/main.cpp	False	True	True	True
22135	rogday	2022-06-20 13:43:00	asmorkalov	2022-07-04 08:32:48	apps/interactive-calibration/parametersController.cpp	False	True	True	True
22135	rogday	2022-06-20 13:43:00	asmorkalov	2022-07-04 08:32:48	apps/interactive-calibration/calibCommon.hpp	False	True	True	True
22135	rogday	2022-06-20 13:43:00	asmorkalov	2022-07-04 08:32:48	apps/interactive-calibration/main.cpp	False	True	True	True
22135	rogday	2022-06-20 13:43:00	alalek	2022-06-20 18:54:25	apps/interactive-calibration/calibCommon.hpp	False	True	True	True
22135	rogday	2022-06-20 13:43:00	alalek	2022-06-20 18:54:25	apps/interactive-calibration/calibPipeline.cpp	False	True	True	True
22135	rogday	2022-06-20 13:43:00	alalek	2022-06-20 18:54:25	apps/interactive-calibration/main.cpp	False	True	True	True
22135	rogday	2022-06-20 13:43:00	alalek	2022-06-20 18:54:25	apps/interactive-calibration/parametersController.cpp	False	True	True	True
22135	rogday	2022-06-20 13:43:00	asmorkalov	2022-07-04 08:32:48	apps/interactive-calibration/calibPipeline.cpp	False	True	True	True
22130	catree	2022-06-19 21:23:28	vpisarev	2022-08-26 09:31:39	doc/tutorials/features2d/homography/homography.markdown	True	True	False	True
22128	ocpalo	2022-06-19 00:28:17	vpisarev	2022-09-14 08:10:00	modules/imgcodecs/src/loadsave.cpp	True	True	True	True
22128	ocpalo	2022-06-19 00:28:17	vpisarev	2022-08-26 09:53:08	modules/imgcodecs/test/test_read_write.cpp	True	True	True	True
22128	ocpalo	2022-06-19 00:28:17	vpisarev	2022-09-14 08:20:28	modules/imgcodecs/include/opencv2/imgcodecs.hpp	True	True	True	True
22128	ocpalo	2022-06-19 00:28:17	asmorkalov	2022-09-15 09:52:23	modules/imgcodecs/include/opencv2/imgcodecs.hpp	True	True	True	True
22128	ocpalo	2022-06-19 00:28:17	vpisarev	2022-09-14 08:20:28	modules/imgcodecs/test/test_read_write.cpp	True	True	True	True
22128	ocpalo	2022-06-19 00:28:17	vpisarev	2022-09-14 08:10:00	modules/imgcodecs/include/opencv2/imgcodecs.hpp	True	True	True	True
22128	ocpalo	2022-06-19 00:28:17	vpisarev	2022-08-26 07:45:36	modules/imgcodecs/test/test_read_write.cpp	True	True	True	True
22128	ocpalo	2022-06-19 00:28:17	vpisarev	2022-09-14 08:10:00	modules/imgcodecs/test/test_read_write.cpp	True	True	True	True
22128	ocpalo	2022-06-19 00:28:17	vpisarev	2022-08-26 07:45:36	modules/imgcodecs/include/opencv2/imgcodecs.hpp	True	True	True	True
22128	ocpalo	2022-06-19 00:28:17	vpisarev	2022-08-26 07:45:36	modules/imgcodecs/src/loadsave.cpp	True	True	True	True
22128	ocpalo	2022-06-19 00:28:17	vpisarev	2022-08-26 09:53:08	modules/imgcodecs/include/opencv2/imgcodecs.hpp	True	True	True	True
22128	ocpalo	2022-06-19 00:28:17	vpisarev	2022-08-26 07:43:15	modules/imgcodecs/include/opencv2/imgcodecs.hpp	True	True	True	True
22128	ocpalo	2022-06-19 00:28:17	vpisarev	2022-08-26 07:43:15	modules/imgcodecs/src/loadsave.cpp	True	True	True	True
22128	ocpalo	2022-06-19 00:28:17	vpisarev	2022-08-26 07:43:15	modules/imgcodecs/test/test_read_write.cpp	True	True	True	True
22128	ocpalo	2022-06-19 00:28:17	vpisarev	2022-08-26 09:53:08	modules/imgcodecs/src/loadsave.cpp	True	True	True	True
22128	ocpalo	2022-06-19 00:28:17	asmorkalov	2022-09-13 13:24:51	modules/imgcodecs/test/test_read_write.cpp	True	True	True	True
22128	ocpalo	2022-06-19 00:28:17	vpisarev	2022-09-14 08:23:26	modules/imgcodecs/test/test_read_write.cpp	True	True	True	True
22128	ocpalo	2022-06-19 00:28:17	vpisarev	2022-09-14 08:23:26	modules/imgcodecs/src/loadsave.cpp	True	True	True	True
22128	ocpalo	2022-06-19 00:28:17	vpisarev	2022-09-14 08:23:26	modules/imgcodecs/include/opencv2/imgcodecs.hpp	True	True	True	True
22128	ocpalo	2022-06-19 00:28:17	asmorkalov	2022-09-13 13:24:51	modules/imgcodecs/src/loadsave.cpp	True	True	True	True
22128	ocpalo	2022-06-19 00:28:17	asmorkalov	2022-09-13 13:24:51	modules/imgcodecs/include/opencv2/imgcodecs.hpp	True	True	True	True
22128	ocpalo	2022-06-19 00:28:17	asmorkalov	2022-09-14 08:59:55	modules/imgcodecs/test/test_read_write.cpp	True	True	True	True
22128	ocpalo	2022-06-19 00:28:17	asmorkalov	2022-09-14 08:59:55	modules/imgcodecs/src/loadsave.cpp	True	True	True	True
22128	ocpalo	2022-06-19 00:28:17	asmorkalov	2022-09-14 08:59:55	modules/imgcodecs/include/opencv2/imgcodecs.hpp	True	True	True	True
22128	ocpalo	2022-06-19 00:28:17	asmorkalov	2022-09-15 07:21:37	modules/imgcodecs/test/test_read_write.cpp	True	True	True	True
22128	ocpalo	2022-06-19 00:28:17	asmorkalov	2022-09-15 07:21:37	modules/imgcodecs/src/loadsave.cpp	True	True	True	True
22128	ocpalo	2022-06-19 00:28:17	asmorkalov	2022-09-15 07:21:37	modules/imgcodecs/include/opencv2/imgcodecs.hpp	True	True	True	True
22128	ocpalo	2022-06-19 00:28:17	asmorkalov	2022-09-15 09:52:23	modules/imgcodecs/test/test_read_write.cpp	True	True	True	True
22128	ocpalo	2022-06-19 00:28:17	asmorkalov	2022-09-15 09:52:23	modules/imgcodecs/src/loadsave.cpp	True	True	True	True
22128	ocpalo	2022-06-19 00:28:17	vpisarev	2022-09-14 08:09:53	modules/imgcodecs/src/loadsave.cpp	True	True	True	True
22128	ocpalo	2022-06-19 00:28:17	vpisarev	2022-09-14 08:09:53	modules/imgcodecs/include/opencv2/imgcodecs.hpp	True	True	True	True
22128	ocpalo	2022-06-19 00:28:17	vpisarev	2022-09-14 08:20:28	modules/imgcodecs/src/loadsave.cpp	True	True	True	True
22128	ocpalo	2022-06-19 00:28:17	vpisarev	2022-09-14 08:09:53	modules/imgcodecs/test/test_read_write.cpp	True	True	True	True
22128	ocpalo	2022-06-19 00:28:17	vpisarev	2022-06-21 22:13:36	modules/imgcodecs/include/opencv2/imgcodecs.hpp	True	True	True	True
22128	ocpalo	2022-06-19 00:28:17	vpisarev	2022-06-21 22:16:33	modules/imgcodecs/test/test_read_write.cpp	True	True	True	True
22128	ocpalo	2022-06-19 00:28:17	vpisarev	2022-06-21 22:16:33	modules/imgcodecs/src/loadsave.cpp	True	True	True	True
22128	ocpalo	2022-06-19 00:28:17	vpisarev	2022-06-21 22:16:33	modules/imgcodecs/include/opencv2/imgcodecs.hpp	True	True	True	True
22128	ocpalo	2022-06-19 00:28:17	vpisarev	2022-06-21 22:17:27	modules/imgcodecs/test/test_read_write.cpp	True	True	True	True
22128	ocpalo	2022-06-19 00:28:17	vpisarev	2022-06-21 22:17:27	modules/imgcodecs/src/loadsave.cpp	True	True	True	True
22128	ocpalo	2022-06-19 00:28:17	vpisarev	2022-06-21 22:17:27	modules/imgcodecs/include/opencv2/imgcodecs.hpp	True	True	True	True
22128	ocpalo	2022-06-19 00:28:17	vpisarev	2022-06-21 22:10:21	modules/imgcodecs/test/test_read_write.cpp	True	True	True	True
22128	ocpalo	2022-06-19 00:28:17	vpisarev	2022-06-21 22:10:21	modules/imgcodecs/src/loadsave.cpp	True	True	True	True
22128	ocpalo	2022-06-19 00:28:17	vpisarev	2022-06-21 22:10:21	modules/imgcodecs/include/opencv2/imgcodecs.hpp	True	True	True	True
22128	ocpalo	2022-06-19 00:28:17	vpisarev	2022-06-21 22:11:26	modules/imgcodecs/test/test_read_write.cpp	True	True	True	True
22128	ocpalo	2022-06-19 00:28:17	vpisarev	2022-06-21 22:11:26	modules/imgcodecs/src/loadsave.cpp	True	True	True	True
22128	ocpalo	2022-06-19 00:28:17	vpisarev	2022-06-21 22:11:26	modules/imgcodecs/include/opencv2/imgcodecs.hpp	True	True	True	True
22128	ocpalo	2022-06-19 00:28:17	vpisarev	2022-06-21 22:13:36	modules/imgcodecs/test/test_read_write.cpp	True	True	True	True
22128	ocpalo	2022-06-19 00:28:17	vpisarev	2022-06-21 22:13:36	modules/imgcodecs/src/loadsave.cpp	True	True	True	True
22128	ocpalo	2022-06-19 00:28:17	vpisarev	2022-07-12 19:18:21	modules/imgcodecs/include/opencv2/imgcodecs.hpp	True	True	True	True
22128	ocpalo	2022-06-19 00:28:17	vpisarev	2022-06-21 22:14:13	modules/imgcodecs/test/test_read_write.cpp	True	True	True	True
22128	ocpalo	2022-06-19 00:28:17	sturkmen72	2022-06-25 16:37:10	modules/imgcodecs/include/opencv2/imgcodecs.hpp	True	True	True	True
22128	ocpalo	2022-06-19 00:28:17	vpisarev	2022-06-21 22:14:13	modules/imgcodecs/src/loadsave.cpp	True	True	True	True
22128	ocpalo	2022-06-19 00:28:17	vpisarev	2022-07-12 19:18:21	modules/imgcodecs/src/loadsave.cpp	True	True	True	True
22128	ocpalo	2022-06-19 00:28:17	vpisarev	2022-07-12 19:18:21	modules/imgcodecs/test/test_read_write.cpp	True	True	True	True
22128	ocpalo	2022-06-19 00:28:17	vpisarev	2022-07-12 19:12:43	modules/imgcodecs/src/loadsave.cpp	True	True	True	True
22128	ocpalo	2022-06-19 00:28:17	vpisarev	2022-07-12 19:12:43	modules/imgcodecs/test/test_read_write.cpp	True	True	True	True
22128	ocpalo	2022-06-19 00:28:17	vpisarev	2022-07-12 19:12:43	modules/imgcodecs/include/opencv2/imgcodecs.hpp	True	True	True	True
22128	ocpalo	2022-06-19 00:28:17	sturkmen72	2022-06-25 16:37:10	modules/imgcodecs/src/loadsave.cpp	True	True	True	True
22128	ocpalo	2022-06-19 00:28:17	sturkmen72	2022-06-25 16:37:10	modules/imgcodecs/test/test_read_write.cpp	True	True	True	True
22128	ocpalo	2022-06-19 00:28:17	vpisarev	2022-06-21 22:14:37	modules/imgcodecs/include/opencv2/imgcodecs.hpp	True	True	True	True
22128	ocpalo	2022-06-19 00:28:17	vpisarev	2022-06-21 22:14:37	modules/imgcodecs/src/loadsave.cpp	True	True	True	True
22128	ocpalo	2022-06-19 00:28:17	vpisarev	2022-06-21 22:14:37	modules/imgcodecs/test/test_read_write.cpp	True	True	True	True
22128	ocpalo	2022-06-19 00:28:17	vpisarev	2022-06-21 22:14:13	modules/imgcodecs/include/opencv2/imgcodecs.hpp	True	True	True	True
22127	catree	2022-06-18 23:32:42	alalek	2022-06-19 10:52:35	samples/cpp/tutorial_code/features2D/Homography/pose_from_homography.cpp	True	False	False	True
22127	catree	2022-06-18 23:32:42	alalek	2022-06-19 10:52:35	modules/calib3d/include/opencv2/calib3d.hpp	True	False	False	True
22127	catree	2022-06-18 23:32:42	alalek	2022-06-19 10:52:35	doc/tutorials/features2d/homography/homography.markdown	True	False	False	True
22127	catree	2022-06-18 23:32:42	alalek	2022-06-19 10:52:35	doc/opencv.bib	True	False	False	True
22124	vrabaud	2022-06-17 09:45:14	alalek	2022-06-19 10:26:26	modules/core/src/hal_internal.cpp	True	False	False	True
22122	zihaomu	2022-06-17 03:50:01	rogday	2022-06-21 12:21:11	modules/dnn/src/onnx/onnx_importer.cpp	False	False	True	True
22122	zihaomu	2022-06-17 03:50:01	rogday	2022-06-22 08:14:59	modules/dnn/src/onnx/onnx_importer.cpp	False	False	True	True
22122	zihaomu	2022-06-17 03:50:01	rogday	2022-06-22 08:14:59	modules/dnn/test/test_onnx_importer.cpp	False	False	True	True
22122	zihaomu	2022-06-17 03:50:01	TE-ShiyuYang	2022-06-17 04:12:24	modules/dnn/test/test_onnx_importer.cpp	False	False	True	True
22122	zihaomu	2022-06-17 03:50:01	rogday	2022-06-21 12:21:11	modules/dnn/test/test_onnx_importer.cpp	False	False	True	True
22122	zihaomu	2022-06-17 03:50:01	TE-ShiyuYang	2022-06-17 04:12:24	modules/dnn/src/onnx/onnx_importer.cpp	False	False	True	True
22113	eliteraspberries	2022-06-15 23:33:09	alalek	2022-07-01 10:12:48	modules/videoio/src/cap_android_camera.cpp	True	False	True	True
22112	asenyaev	2022-06-15 16:03:03	fengyuentau	2022-06-16 03:18:51	.github/workflows/PR-5.x.yaml	False	True	True	True
22112	asenyaev	2022-06-15 16:03:03	alalek	2022-06-16 16:58:35	.github/workflows/PR-5.x.yaml	False	True	True	True
22112	asenyaev	2022-06-15 16:03:03	alalek	2022-07-01 10:04:50	.github/workflows/PR-5.x.yaml	False	True	True	True
22111	asenyaev	2022-06-15 15:59:52	fengyuentau	2022-06-16 03:18:03	.github/workflows/PR-3.4.yaml	False	False	False	True
22111	asenyaev	2022-06-15 15:59:52	alalek	2022-07-01 10:04:30	.github/workflows/PR-3.4.yaml	False	False	False	True
22110	asenyaev	2022-06-15 15:35:36	alalek	2022-07-01 10:03:57	.github/workflows/PR-4.x.yaml	False	False	True	True
22110	asenyaev	2022-06-15 15:35:36	fengyuentau	2022-06-16 03:16:18	.github/workflows/PR-4.x.yaml	False	False	True	True
22110	asenyaev	2022-06-15 15:35:36	alalek	2022-06-27 13:28:05	.github/workflows/PR-4.x.yaml	False	False	True	True
22110	asenyaev	2022-06-15 15:35:36	alalek	2022-06-17 09:33:39	.github/workflows/PR-4.x.yaml	False	False	True	True
22105	fengyuentau	2022-06-15 03:09:52	asenyaev	2022-06-15 07:36:41	.github/workflows/PR-5.x.yaml	True	False	False	True
22105	fengyuentau	2022-06-15 03:09:52	alalek	2022-06-15 07:55:01	.github/workflows/PR-5.x.yaml	True	False	False	True
22104	fengyuentau	2022-06-15 03:09:22	alalek	2022-06-15 07:53:54	.github/workflows/PR-4.x.yaml	True	False	False	True
22104	fengyuentau	2022-06-15 03:09:22	asenyaev	2022-06-15 07:36:53	.github/workflows/PR-4.x.yaml	True	False	False	True
22103	fengyuentau	2022-06-15 03:08:37	asenyaev	2022-06-15 12:42:46	.github/workflows/PR-3.4.yaml	False	True	False	True
22103	fengyuentau	2022-06-15 03:08:37	alalek	2022-06-15 14:26:19	.github/workflows/PR-3.4.yaml	False	True	False	True
22102	jwinarske	2022-06-14 22:48:58	alalek	2022-06-22 09:00:27	modules/highgui/cmake/init.cmake	True	True	True	True
22102	jwinarske	2022-06-14 22:48:58	fooishbar	2022-06-24 13:28:42	modules/core/CMakeLists.txt	True	True	True	True
22102	jwinarske	2022-06-14 22:48:58	fooishbar	2022-06-24 13:23:11	modules/highgui/cmake/init.cmake	True	True	True	True
22102	jwinarske	2022-06-14 22:48:58	fooishbar	2022-06-24 13:23:11	modules/highgui/src/precomp.hpp	True	True	True	True
22102	jwinarske	2022-06-14 22:48:58	fooishbar	2022-06-24 13:23:11	modules/highgui/src/window.cpp	True	True	True	True
22102	jwinarske	2022-06-14 22:48:58	fooishbar	2022-06-24 13:23:11	modules/highgui/src/window_wayland.cpp	True	True	True	True
22102	jwinarske	2022-06-14 22:48:58	fooishbar	2022-06-24 13:23:11	modules/highgui/test/test_gui.cpp	True	True	True	True
22102	jwinarske	2022-06-14 22:48:58	fooishbar	2022-06-24 13:22:16	CMakeLists.txt	True	True	True	True
22102	jwinarske	2022-06-14 22:48:58	fooishbar	2022-06-24 13:22:16	modules/core/CMakeLists.txt	True	True	True	True
22102	jwinarske	2022-06-14 22:48:58	fooishbar	2022-06-24 13:22:16	modules/highgui/CMakeLists.txt	True	True	True	True
22102	jwinarske	2022-06-14 22:48:58	fooishbar	2022-06-24 13:22:16	modules/highgui/cmake/detect_wayland.cmake	True	True	True	True
22102	jwinarske	2022-06-14 22:48:58	fooishbar	2022-06-24 13:22:16	modules/highgui/cmake/init.cmake	True	True	True	True
22102	jwinarske	2022-06-14 22:48:58	fooishbar	2022-06-24 13:22:16	modules/highgui/src/precomp.hpp	True	True	True	True
22102	jwinarske	2022-06-14 22:48:58	fooishbar	2022-06-24 13:22:16	modules/highgui/src/window.cpp	True	True	True	True
22102	jwinarske	2022-06-14 22:48:58	fooishbar	2022-06-24 13:22:16	modules/highgui/src/window_wayland.cpp	True	True	True	True
22102	jwinarske	2022-06-14 22:48:58	fooishbar	2022-06-24 13:28:42	CMakeLists.txt	True	True	True	True
22102	jwinarske	2022-06-14 22:48:58	alalek	2022-06-22 09:00:27	CMakeLists.txt	True	True	True	True
22102	jwinarske	2022-06-14 22:48:58	alalek	2022-06-22 09:00:27	modules/core/CMakeLists.txt	True	True	True	True
22102	jwinarske	2022-06-14 22:48:58	alalek	2022-06-22 09:00:27	modules/highgui/CMakeLists.txt	True	True	True	True
22102	jwinarske	2022-06-14 22:48:58	fooishbar	2022-06-24 13:23:11	modules/highgui/cmake/detect_wayland.cmake	True	True	True	True
22102	jwinarske	2022-06-14 22:48:58	fooishbar	2022-06-24 13:23:11	modules/highgui/CMakeLists.txt	True	True	True	True
22102	jwinarske	2022-06-14 22:48:58	fooishbar	2022-06-24 13:23:11	modules/core/CMakeLists.txt	True	True	True	True
22102	jwinarske	2022-06-14 22:48:58	fooishbar	2022-06-24 13:27:21	CMakeLists.txt	True	True	True	True
22102	jwinarske	2022-06-14 22:48:58	fooishbar	2022-06-24 13:28:42	modules/highgui/CMakeLists.txt	True	True	True	True
22102	jwinarske	2022-06-14 22:48:58	fooishbar	2022-06-24 13:28:42	modules/highgui/cmake/detect_wayland.cmake	True	True	True	True
22102	jwinarske	2022-06-14 22:48:58	fooishbar	2022-06-24 13:28:42	modules/highgui/cmake/init.cmake	True	True	True	True
22102	jwinarske	2022-06-14 22:48:58	fooishbar	2022-06-24 13:28:42	modules/highgui/src/precomp.hpp	True	True	True	True
22102	jwinarske	2022-06-14 22:48:58	fooishbar	2022-06-24 13:28:42	modules/highgui/src/window.cpp	True	True	True	True
22102	jwinarske	2022-06-14 22:48:58	fooishbar	2022-06-24 13:28:42	modules/highgui/src/window_wayland.cpp	True	True	True	True
22102	jwinarske	2022-06-14 22:48:58	fooishbar	2022-06-24 13:28:42	modules/highgui/test/test_gui.cpp	True	True	True	True
22102	jwinarske	2022-06-14 22:48:58	fooishbar	2022-06-24 13:27:21	modules/core/CMakeLists.txt	True	True	True	True
22102	jwinarske	2022-06-14 22:48:58	fooishbar	2022-06-24 13:23:11	CMakeLists.txt	True	True	True	True
22102	jwinarske	2022-06-14 22:48:58	fooishbar	2022-06-24 13:27:21	modules/highgui/CMakeLists.txt	True	True	True	True
22102	jwinarske	2022-06-14 22:48:58	fooishbar	2022-06-24 13:27:21	modules/highgui/cmake/detect_wayland.cmake	True	True	True	True
22102	jwinarske	2022-06-14 22:48:58	fooishbar	2022-06-24 13:27:21	modules/highgui/cmake/init.cmake	True	True	True	True
22102	jwinarske	2022-06-14 22:48:58	fooishbar	2022-06-24 13:27:21	modules/highgui/src/precomp.hpp	True	True	True	True
22102	jwinarske	2022-06-14 22:48:58	fooishbar	2022-06-24 13:27:21	modules/highgui/src/window.cpp	True	True	True	True
22102	jwinarske	2022-06-14 22:48:58	fooishbar	2022-06-24 13:27:21	modules/highgui/src/window_wayland.cpp	True	True	True	True
22102	jwinarske	2022-06-14 22:48:58	fooishbar	2022-06-24 13:27:21	modules/highgui/test/test_gui.cpp	True	True	True	True
22102	jwinarske	2022-06-14 22:48:58	alalek	2022-06-22 09:00:27	modules/highgui/cmake/detect_wayland.cmake	True	True	True	True
22102	jwinarske	2022-06-14 22:48:58	fooishbar	2022-06-24 13:22:16	modules/highgui/test/test_gui.cpp	True	True	True	True
22102	jwinarske	2022-06-14 22:48:58	alalek	2022-06-22 09:00:27	modules/highgui/src/precomp.hpp	True	True	True	True
22102	jwinarske	2022-06-14 22:48:58	fooishbar	2022-06-24 13:18:17	CMakeLists.txt	True	True	True	True
22102	jwinarske	2022-06-14 22:48:58	alalek	2022-06-23 22:47:51	modules/core/CMakeLists.txt	True	True	True	True
22102	jwinarske	2022-06-14 22:48:58	alalek	2022-06-23 22:47:51	modules/highgui/CMakeLists.txt	True	True	True	True
22102	jwinarske	2022-06-14 22:48:58	alalek	2022-06-23 22:47:51	modules/highgui/cmake/detect_wayland.cmake	True	True	True	True
22102	jwinarske	2022-06-14 22:48:58	alalek	2022-06-23 22:47:51	modules/highgui/cmake/init.cmake	True	True	True	True
22102	jwinarske	2022-06-14 22:48:58	alalek	2022-06-23 22:47:51	modules/highgui/src/precomp.hpp	True	True	True	True
22102	jwinarske	2022-06-14 22:48:58	alalek	2022-06-23 22:47:51	modules/highgui/src/window.cpp	True	True	True	True
22102	jwinarske	2022-06-14 22:48:58	alalek	2022-06-23 22:47:51	modules/highgui/src/window_wayland.cpp	True	True	True	True
22102	jwinarske	2022-06-14 22:48:58	alalek	2022-06-23 22:47:51	modules/highgui/test/test_gui.cpp	True	True	True	True
22102	jwinarske	2022-06-14 22:48:58	fooishbar	2022-06-24 13:18:17	modules/core/CMakeLists.txt	True	True	True	True
22102	jwinarske	2022-06-14 22:48:58	alalek	2022-06-16 07:03:34	modules/highgui/test/test_gui.cpp	True	True	True	True
22102	jwinarske	2022-06-14 22:48:58	fooishbar	2022-06-24 13:18:17	modules/highgui/CMakeLists.txt	True	True	True	True
22102	jwinarske	2022-06-14 22:48:58	fooishbar	2022-06-24 13:18:17	modules/highgui/cmake/detect_wayland.cmake	True	True	True	True
22102	jwinarske	2022-06-14 22:48:58	fooishbar	2022-06-24 13:18:17	modules/highgui/cmake/init.cmake	True	True	True	True
22102	jwinarske	2022-06-14 22:48:58	fooishbar	2022-06-24 13:18:17	modules/highgui/src/precomp.hpp	True	True	True	True
22102	jwinarske	2022-06-14 22:48:58	fooishbar	2022-06-24 13:18:17	modules/highgui/src/window.cpp	True	True	True	True
22102	jwinarske	2022-06-14 22:48:58	fooishbar	2022-06-24 13:18:17	modules/highgui/src/window_wayland.cpp	True	True	True	True
22102	jwinarske	2022-06-14 22:48:58	fooishbar	2022-06-24 13:18:17	modules/highgui/test/test_gui.cpp	True	True	True	True
22102	jwinarske	2022-06-14 22:48:58	alalek	2022-06-22 09:00:27	modules/highgui/src/window.cpp	True	True	True	True
22102	jwinarske	2022-06-14 22:48:58	alalek	2022-06-23 22:47:51	CMakeLists.txt	True	True	True	True
22102	jwinarske	2022-06-14 22:48:58	alalek	2022-06-22 09:00:27	modules/highgui/src/window_wayland.cpp	True	True	True	True
22102	jwinarske	2022-06-14 22:48:58	alalek	2022-06-16 07:03:34	modules/highgui/src/window_wayland.cpp	True	True	True	True
22102	jwinarske	2022-06-14 22:48:58	alalek	2022-06-21 23:21:05	modules/highgui/src/window.cpp	True	True	True	True
22102	jwinarske	2022-06-14 22:48:58	alalek	2022-06-16 07:03:34	modules/highgui/src/window.cpp	True	True	True	True
22102	jwinarske	2022-06-14 22:48:58	alalek	2022-06-22 09:00:27	modules/highgui/test/test_gui.cpp	True	True	True	True
22102	jwinarske	2022-06-14 22:48:58	alalek	2022-06-21 23:21:05	CMakeLists.txt	True	True	True	True
22102	jwinarske	2022-06-14 22:48:58	alalek	2022-06-21 23:21:05	modules/core/CMakeLists.txt	True	True	True	True
22102	jwinarske	2022-06-14 22:48:58	alalek	2022-06-21 23:21:05	modules/highgui/CMakeLists.txt	True	True	True	True
22102	jwinarske	2022-06-14 22:48:58	alalek	2022-06-21 23:21:05	modules/highgui/cmake/init.cmake	True	True	True	True
22102	jwinarske	2022-06-14 22:48:58	alalek	2022-06-21 23:21:05	modules/highgui/src/precomp.hpp	True	True	True	True
22102	jwinarske	2022-06-14 22:48:58	alalek	2022-06-21 23:21:05	modules/highgui/cmake/detect_wayland.cmake	True	True	True	True
22102	jwinarske	2022-06-14 22:48:58	alalek	2022-06-21 23:21:05	modules/highgui/src/window_wayland.cpp	True	True	True	True
22102	jwinarske	2022-06-14 22:48:58	alalek	2022-06-16 07:03:34	CMakeLists.txt	True	True	True	True
22102	jwinarske	2022-06-14 22:48:58	alalek	2022-06-16 07:03:34	modules/core/CMakeLists.txt	True	True	True	True
22102	jwinarske	2022-06-14 22:48:58	alalek	2022-06-16 07:03:34	modules/highgui/CMakeLists.txt	True	True	True	True
22102	jwinarske	2022-06-14 22:48:58	alalek	2022-06-16 07:03:34	modules/highgui/cmake/detect_wayland.cmake	True	True	True	True
22102	jwinarske	2022-06-14 22:48:58	alalek	2022-06-16 07:03:34	modules/highgui/cmake/init.cmake	True	True	True	True
22102	jwinarske	2022-06-14 22:48:58	alalek	2022-06-21 23:21:05	modules/highgui/test/test_gui.cpp	True	True	True	True
22102	jwinarske	2022-06-14 22:48:58	alalek	2022-06-16 07:03:34	modules/highgui/src/precomp.hpp	True	True	True	True
22100	WanliZhong	2022-06-14 15:34:25	rogday	2022-06-22 10:26:09	modules/dnn/src/onnx/onnx_importer.cpp	True	True	True	True
22100	WanliZhong	2022-06-14 15:34:25	rogday	2022-06-22 08:05:43	modules/dnn/src/onnx/onnx_importer.cpp	True	True	True	True
22100	WanliZhong	2022-06-14 15:34:25	rogday	2022-06-22 08:05:43	modules/dnn/src/onnx/onnx_importer.cpp	False	True	True	True
22100	WanliZhong	2022-06-14 15:34:25	rogday	2022-06-22 10:26:09	modules/dnn/test/test_onnx_importer.cpp	False	True	True	True
22100	WanliZhong	2022-06-14 15:34:25	rogday	2022-06-21 12:32:28	modules/dnn/src/onnx/onnx_importer.cpp	False	True	True	True
22100	WanliZhong	2022-06-14 15:34:25	rogday	2022-06-22 10:26:09	modules/dnn/src/onnx/onnx_importer.cpp	False	True	True	True
22100	WanliZhong	2022-06-14 15:34:25	rogday	2022-06-21 12:32:28	modules/dnn/test/test_onnx_importer.cpp	False	True	True	True
22100	WanliZhong	2022-06-14 15:34:25	fengyuentau	2022-06-21 09:03:57	modules/dnn/src/onnx/onnx_importer.cpp	False	True	True	True
22100	WanliZhong	2022-06-14 15:34:25	rogday	2022-06-22 08:05:43	modules/dnn/test/test_onnx_importer.cpp	False	True	True	True
22100	WanliZhong	2022-06-14 15:34:25	rogday	2022-06-21 12:32:28	modules/dnn/src/onnx/onnx_importer.cpp	True	True	True	True
22100	WanliZhong	2022-06-14 15:34:25	fengyuentau	2022-06-21 09:03:57	modules/dnn/src/onnx/onnx_importer.cpp	True	True	True	True
22100	WanliZhong	2022-06-14 15:34:25	fengyuentau	2022-06-21 08:40:04	modules/dnn/src/onnx/onnx_importer.cpp	False	True	True	True
22100	WanliZhong	2022-06-14 15:34:25	fengyuentau	2022-06-21 09:03:57	modules/dnn/test/test_onnx_importer.cpp	False	True	True	True
22100	WanliZhong	2022-06-14 15:34:25	fengyuentau	2022-06-21 08:40:04	modules/dnn/test/test_onnx_importer.cpp	False	True	True	True
22100	WanliZhong	2022-06-14 15:34:25	fengyuentau	2022-06-21 08:40:04	modules/dnn/src/onnx/onnx_importer.cpp	True	True	True	True
22100	WanliZhong	2022-06-14 15:34:25	alalek	2022-06-17 08:09:07	modules/dnn/src/onnx/onnx_importer.cpp	False	True	True	True
22100	WanliZhong	2022-06-14 15:34:25	alalek	2022-06-17 08:09:07	modules/dnn/test/test_onnx_importer.cpp	False	True	True	True
22100	WanliZhong	2022-06-14 15:34:25	alalek	2022-06-17 08:09:07	modules/dnn/src/onnx/onnx_importer.cpp	True	True	True	True
22091	mukai1011	2022-06-11 09:46:41	alalek	2022-06-14 19:11:18	doc/js_tutorials/js_setup/js_nodejs/js_nodejs.markdown	True	False	False	True
22089	tailsu	2022-06-10 13:33:52	alalek	2022-06-13 18:08:42	modules/videoio/test/test_ffmpeg.cpp	True	False	True	True
22089	tailsu	2022-06-10 13:33:52	alalek	2022-06-13 18:08:42	modules/videoio/src/cap_ffmpeg_impl.hpp	True	False	True	True
22089	tailsu	2022-06-10 13:33:52	alalek	2022-06-10 17:16:32	modules/videoio/test/test_ffmpeg.cpp	True	False	True	True
22089	tailsu	2022-06-10 13:33:52	alalek	2022-06-10 17:16:32	modules/videoio/src/cap_ffmpeg_impl.hpp	True	False	True	True
22089	tailsu	2022-06-10 13:33:52	mshabunin	2022-06-13 10:11:43	modules/videoio/test/test_ffmpeg.cpp	True	False	True	True
22089	tailsu	2022-06-10 13:33:52	mshabunin	2022-06-13 10:11:43	modules/videoio/src/cap_ffmpeg_impl.hpp	True	False	True	True
22080	vrabaud	2022-06-08 14:32:25	tomoaki0705	2022-06-13 11:50:55	modules/core/src/system.cpp	True	False	True	True
22080	vrabaud	2022-06-08 14:32:25	alalek	2022-06-08 19:36:12	modules/core/src/system.cpp	True	False	True	True
22080	vrabaud	2022-06-08 14:32:25	tomoaki0705	2022-06-09 13:42:49	modules/core/src/system.cpp	True	False	True	True
22080	vrabaud	2022-06-08 14:32:25	tomoaki0705	2022-06-09 23:58:12	modules/core/src/system.cpp	True	False	True	True
22080	vrabaud	2022-06-08 14:32:25	alalek	2022-06-09 16:58:17	modules/core/src/system.cpp	True	False	True	True
22080	vrabaud	2022-06-08 14:32:25	tomoaki0705	2022-06-13 13:19:12	modules/core/src/system.cpp	True	False	True	True
22080	vrabaud	2022-06-08 14:32:25	alalek	2022-06-13 18:16:29	modules/core/src/system.cpp	True	False	True	True
22080	vrabaud	2022-06-08 14:32:25	tomoaki0705	2022-06-10 08:12:35	modules/core/src/system.cpp	True	False	True	True
22079	asmorkalov	2022-06-08 11:02:03	alalek	2022-06-10 16:51:07	apps/interactive-calibration/frameProcessor.cpp	True	False	True	True
22079	asmorkalov	2022-06-08 11:02:03	vpisarev	2022-06-10 21:42:42	apps/interactive-calibration/calibCommon.hpp	True	False	True	True
22079	asmorkalov	2022-06-08 11:02:03	vpisarev	2022-06-10 21:42:42	apps/interactive-calibration/calibController.cpp	True	False	True	True
22079	asmorkalov	2022-06-08 11:02:03	vpisarev	2022-06-10 21:42:42	apps/interactive-calibration/frameProcessor.cpp	True	False	True	True
22079	asmorkalov	2022-06-08 11:02:03	vpisarev	2022-06-10 21:42:42	apps/interactive-calibration/frameProcessor.hpp	True	False	True	True
22079	asmorkalov	2022-06-08 11:02:03	vpisarev	2022-06-10 21:42:42	apps/interactive-calibration/main.cpp	True	False	True	True
22079	asmorkalov	2022-06-08 11:02:03	vpisarev	2022-06-10 21:42:42	apps/interactive-calibration/parametersController.cpp	True	False	True	True
22079	asmorkalov	2022-06-08 11:02:03	alalek	2022-06-10 16:51:07	apps/interactive-calibration/calibCommon.hpp	True	False	True	True
22079	asmorkalov	2022-06-08 11:02:03	alalek	2022-06-10 16:51:07	apps/interactive-calibration/calibController.cpp	True	False	True	True
22079	asmorkalov	2022-06-08 11:02:03	alalek	2022-06-10 16:51:07	apps/interactive-calibration/main.cpp	True	False	True	True
22079	asmorkalov	2022-06-08 11:02:03	alalek	2022-06-10 16:51:07	apps/interactive-calibration/frameProcessor.hpp	True	False	True	True
22079	asmorkalov	2022-06-08 11:02:03	alalek	2022-06-10 16:51:07	apps/interactive-calibration/parametersController.cpp	True	False	True	True
22079	asmorkalov	2022-06-08 11:02:03	alalek	2022-06-09 18:33:03	apps/interactive-calibration/calibCommon.hpp	True	False	True	True
22079	asmorkalov	2022-06-08 11:02:03	alalek	2022-06-09 18:33:03	apps/interactive-calibration/calibController.cpp	True	False	True	True
22079	asmorkalov	2022-06-08 11:02:03	alalek	2022-06-09 18:33:03	apps/interactive-calibration/frameProcessor.cpp	True	False	True	True
22079	asmorkalov	2022-06-08 11:02:03	alalek	2022-06-09 18:33:03	apps/interactive-calibration/frameProcessor.hpp	True	False	True	True
22079	asmorkalov	2022-06-08 11:02:03	alalek	2022-06-09 18:33:03	apps/interactive-calibration/main.cpp	True	False	True	True
22079	asmorkalov	2022-06-08 11:02:03	alalek	2022-06-09 18:33:03	apps/interactive-calibration/parametersController.cpp	True	False	True	True
22065	cpoerschke	2022-06-03 18:02:11	asmorkalov	2022-06-17 08:56:43	apps/visualisation/opencv_visualisation.cpp	False	True	True	True
22065	cpoerschke	2022-06-03 18:02:11	asmorkalov	2022-06-07 05:52:44	apps/visualisation/opencv_visualisation.cpp	False	True	True	True
22065	cpoerschke	2022-06-03 18:02:11	asmorkalov	2022-06-07 05:52:44	apps/visualisation/opencv_visualisation.cpp	True	True	True	True
22065	cpoerschke	2022-06-03 18:02:11	asmorkalov	2022-06-17 08:56:43	apps/visualisation/opencv_visualisation.cpp	True	True	True	True
22064	Kumataro	2022-06-03 06:25:01	alalek	2022-06-07 17:24:45	samples/cpp/imgcodecs_jpeg.cpp	False	False	True	True
22064	Kumataro	2022-06-03 06:25:01	alalek	2022-06-03 06:36:28	samples/cpp/imgcodecs_jpeg.cpp	False	False	True	True
22064	Kumataro	2022-06-03 06:25:01	alalek	2022-06-03 06:36:28	modules/imgcodecs/test/test_jpeg.cpp	False	False	True	True
22064	Kumataro	2022-06-03 06:25:01	alalek	2022-06-03 06:36:28	modules/imgcodecs/src/grfmt_jpeg.cpp	False	False	True	True
22064	Kumataro	2022-06-03 06:25:01	alalek	2022-06-03 06:36:28	modules/imgcodecs/include/opencv2/imgcodecs.hpp	True	False	True	True
22064	Kumataro	2022-06-03 06:25:01	alalek	2022-06-03 06:36:28	modules/imgcodecs/src/grfmt_jpeg.cpp	True	False	True	True
22064	Kumataro	2022-06-03 06:25:01	alalek	2022-06-03 06:36:28	samples/cpp/imgcodecs_jpeg.cpp	True	False	True	True
22064	Kumataro	2022-06-03 06:25:01	alalek	2022-06-03 06:36:28	modules/imgcodecs/test/test_jpeg.cpp	True	False	True	True
22064	Kumataro	2022-06-03 06:25:01	alalek	2022-06-07 17:24:45	modules/imgcodecs/test/test_jpeg.cpp	False	False	True	True
22064	Kumataro	2022-06-03 06:25:01	alalek	2022-06-07 17:24:45	modules/imgcodecs/src/grfmt_jpeg.cpp	False	False	True	True
22064	Kumataro	2022-06-03 06:25:01	alalek	2022-06-07 17:24:45	modules/imgcodecs/include/opencv2/imgcodecs.hpp	True	False	True	True
22064	Kumataro	2022-06-03 06:25:01	alalek	2022-06-07 17:24:45	modules/imgcodecs/src/grfmt_jpeg.cpp	True	False	True	True
22064	Kumataro	2022-06-03 06:25:01	alalek	2022-06-07 17:24:45	modules/imgcodecs/test/test_jpeg.cpp	True	False	True	True
22064	Kumataro	2022-06-03 06:25:01	alalek	2022-06-07 17:24:45	samples/cpp/imgcodecs_jpeg.cpp	True	False	True	True
22061	alalek	2022-06-01 19:04:38	rogday	2022-06-03 08:23:19	modules/imgproc/src/precomp.hpp	True	False	False	True
22061	alalek	2022-06-01 19:04:38	rogday	2022-06-03 08:23:19	modules/imgproc/src/color_hsv.simd.hpp	True	False	False	True
22061	alalek	2022-06-01 19:04:38	rogday	2022-06-03 08:23:19	modules/core/src/precomp.hpp	True	False	False	True
22059	Kumataro	2022-06-01 12:49:37	alalek	2022-06-01 16:20:25	modules/highgui/src/window_QT.cpp	True	False	False	True
