pr_number	author_user_login	pr_created_at	review_comment_user_login	review_comment_created_at	is_review_review_comment
6344	anatolix	2016-03-29 16:00:45	alalek	2016-03-29 16:30:04	True
6332	sovrasov	2016-03-25 13:25:16	alalek	2016-03-26 19:52:55	True
6327	terfendail	2016-03-24 17:15:37	asmorkalov	2016-03-25 08:20:07	True
6316	mshabunin	2016-03-23 13:44:34	vpisarev	2016-04-05 09:12:47	True
6316	mshabunin	2016-03-23 13:44:34	vpisarev	2016-03-27 08:13:08	True
6311	peters	2016-03-22 20:02:33	alalek	2016-03-22 20:14:52	True
6311	peters	2016-03-22 20:02:33	alalek	2016-03-22 21:45:45	True
6305	rishirajsurti	2016-03-21 02:58:08	sturkmen72	2016-03-21 16:49:46	True
6298	andy-held	2016-03-18 17:07:47	alalek	2016-03-30 14:39:42	True
6298	andy-held	2016-03-18 17:07:47	paroj	2016-03-21 10:05:29	True
6279	terfendail	2016-03-16 14:26:19	asmorkalov	2016-03-16 15:00:00	True
6279	terfendail	2016-03-16 14:26:19	asmorkalov	2016-03-16 14:58:00	True
6279	terfendail	2016-03-16 14:26:19	asmorkalov	2016-03-17 07:49:38	True
6279	terfendail	2016-03-16 14:26:19	asmorkalov	2016-03-17 07:51:14	True
6273	Bleach665	2016-03-15 23:11:36	alalek	2016-03-16 11:58:22	True
6269	xantares	2016-03-15 17:14:07	alalek	2016-04-16 10:17:36	True
6269	xantares	2016-03-15 17:14:07	alalek	2016-04-16 10:52:44	True
6245	shruthikashyap	2016-03-13 13:14:12	alalek	2016-03-14 11:24:56	True
6245	shruthikashyap	2016-03-13 13:14:12	alalek	2016-03-14 10:19:30	True
6213	gunshi	2016-03-06 19:37:28	StevenPuttemans	2016-03-08 14:17:01	True
6201	paroj	2016-03-02 16:24:39	andy-held	2016-03-02 16:28:53	True
6191	powderluv	2016-03-01 06:47:00	alalek	2016-03-01 08:13:04	True
