pr_number	author_user_login	pr_created_at	comment_user_login	comment_created_at	is_review_issue_comment
3887	EvgenyAgafonchikov	2015-03-30 13:26:15	alalek	2015-03-30 22:12:12	True
3887	EvgenyAgafonchikov	2015-03-30 13:26:15	alalek	2015-04-01 09:19:10	True
3887	EvgenyAgafonchikov	2015-03-30 13:26:15	alalek	2015-03-31 15:45:55	True
3887	EvgenyAgafonchikov	2015-03-30 13:26:15	mkostin	2015-03-31 15:32:44	True
3887	EvgenyAgafonchikov	2015-03-30 13:26:15	mkostin	2015-03-30 20:16:45	True
3885	soyersoyer	2015-03-27 16:44:46	vpisarev	2015-03-30 09:37:57	True
3885	soyersoyer	2015-03-27 16:44:46	vpisarev	2015-04-01 10:56:09	True
3882	tSed	2015-03-26 17:22:58	vpisarev	2015-05-18 14:25:00	True
3879	mshabunin	2015-03-26 12:27:20	vpisarev	2015-04-07 17:06:38	True
3879	mshabunin	2015-03-26 12:27:20	ilya-lavrenov	2015-03-26 12:40:48	True
3863	EvgenyAgafonchikov	2015-03-23 13:39:23	SpecLad	2015-03-24 09:23:31	True
3857	paroj	2015-03-20 13:20:43	mshabunin	2015-03-25 21:15:14	True
3857	paroj	2015-03-20 13:20:43	ilya-lavrenov	2015-03-23 16:15:44	True
3857	paroj	2015-03-20 13:20:43	mshabunin	2015-03-24 16:35:54	True
3857	paroj	2015-03-20 13:20:43	mshabunin	2015-03-25 10:02:44	True
3856	BloodAxe	2015-03-20 13:18:30	ilya-lavrenov	2015-03-23 16:17:00	True
3856	BloodAxe	2015-03-20 13:18:30	vpisarev	2015-08-25 07:49:27	True
3855	polarfuchs99	2015-03-20 12:41:21	vpisarev	2015-03-25 10:15:52	True
3855	polarfuchs99	2015-03-20 12:41:21	StevenPuttemans	2015-03-24 13:28:45	True
3855	polarfuchs99	2015-03-20 12:41:21	StevenPuttemans	2015-03-25 12:26:17	True
3855	polarfuchs99	2015-03-20 12:41:21	vpisarev	2015-03-26 16:54:45	True
3847	mshabunin	2015-03-19 12:57:07	PhilLab	2015-03-19 16:08:39	True
3847	mshabunin	2015-03-19 12:57:07	vpisarev	2015-03-26 16:56:30	True
3847	mshabunin	2015-03-19 12:57:07	vpisarev	2015-03-20 09:35:36	True
3845	ellbur	2015-03-19 04:13:28	vpisarev	2015-06-01 20:35:11	True
3845	ellbur	2015-03-19 04:13:28	vpisarev	2015-05-16 18:32:38	True
3834	asmorkalov	2015-03-17 03:46:49	mshabunin	2015-03-18 08:47:51	True
3829	ippei-i	2015-03-13 19:53:32	vpisarev	2015-03-19 12:43:12	True
3829	ippei-i	2015-03-13 19:53:32	vpisarev	2015-03-16 09:18:22	True
3829	ippei-i	2015-03-13 19:53:32	vpisarev	2015-05-18 15:37:59	True
3829	ippei-i	2015-03-13 19:53:32	vpisarev	2015-04-05 17:59:24	True
3829	ippei-i	2015-03-13 19:53:32	vpisarev	2015-03-20 10:29:35	True
3822	nmoutinho	2015-03-11 19:00:31	alalek	2015-03-11 21:23:55	True
3822	nmoutinho	2015-03-11 19:00:31	StevenPuttemans	2015-03-12 08:21:25	True
3822	nmoutinho	2015-03-11 19:00:31	alalek	2015-03-12 08:28:08	True
3822	nmoutinho	2015-03-11 19:00:31	StevenPuttemans	2015-03-12 08:43:57	True
3822	nmoutinho	2015-03-11 19:00:31	StevenPuttemans	2015-03-12 12:14:07	True
3822	nmoutinho	2015-03-11 19:00:31	vpisarev	2015-03-13 13:19:00	True
3822	nmoutinho	2015-03-11 19:00:31	StevenPuttemans	2015-03-12 09:49:52	True
3816	ilya-lavrenov	2015-03-10 11:48:46	vpisarev	2015-03-16 09:09:40	True
3816	ilya-lavrenov	2015-03-10 11:48:46	vpisarev	2015-03-12 12:18:00	True
3816	ilya-lavrenov	2015-03-10 11:48:46	mshabunin	2015-03-13 14:08:14	True
3805	nitsch	2015-03-07 16:32:41	SpecLad	2015-03-24 15:22:12	True
3805	nitsch	2015-03-07 16:32:41	vpisarev	2015-03-17 11:13:33	True
3799	lupustr3	2015-03-06 11:03:34	vpisarev	2015-05-16 18:18:41	True
3799	lupustr3	2015-03-06 11:03:34	vpisarev	2015-03-19 12:50:37	True
3798	StevenPuttemans	2015-03-06 11:00:37	vpisarev	2015-04-03 10:18:49	True
3798	StevenPuttemans	2015-03-06 11:00:37	vpisarev	2015-04-02 18:46:02	True
3794	vpisarev	2015-03-05 16:00:35	alalek	2015-03-05 16:06:16	True
3794	vpisarev	2015-03-05 16:00:35	alalek	2015-03-06 17:58:50	True
3777	ilya-lavrenov	2015-03-03 10:16:38	vinograd47	2015-03-04 13:13:07	True
3776		2015-03-03 09:59:13			False
3771	mshabunin	2015-03-02 09:57:27	vpisarev	2015-03-09 21:48:45	True
3771	mshabunin	2015-03-02 09:57:27	vpisarev	2015-03-02 11:32:16	True
