pr_number	author_user_login	pr_created_at	review_comment_user_login	review_comment_created_at	is_review_review_comment
2251	ilya-lavrenov	2014-01-31 20:14:00	apavlenko	2014-02-03 10:55:10	True
2244	ilya-lavrenov	2014-01-31 10:02:06	alalek	2014-01-31 10:22:52	True
2244	ilya-lavrenov	2014-01-31 10:02:06	alalek	2014-01-31 10:22:49	True
2244	ilya-lavrenov	2014-01-31 10:02:06	alalek	2014-01-31 10:22:51	True
2244	ilya-lavrenov	2014-01-31 10:02:06	alalek	2014-01-31 10:22:47	True
2238	asmorkalov	2014-01-31 06:51:38	SpecLad	2014-01-31 08:16:44	True
2234	KonstantinMatskevich	2014-01-30 12:28:29	ilya-lavrenov	2014-02-02 12:52:57	True
2234	KonstantinMatskevich	2014-01-30 12:28:29	ilya-lavrenov	2014-02-02 12:24:58	True
2234	KonstantinMatskevich	2014-01-30 12:28:29	ilya-lavrenov	2014-01-31 15:00:19	True
2234	KonstantinMatskevich	2014-01-30 12:28:29	ilya-lavrenov	2014-02-02 12:26:04	True
2234	KonstantinMatskevich	2014-01-30 12:28:29	ilya-lavrenov	2014-02-02 12:44:57	True
2234	KonstantinMatskevich	2014-01-30 12:28:29	ilya-lavrenov	2014-02-02 12:41:48	True
2234	KonstantinMatskevich	2014-01-30 12:28:29	ilya-lavrenov	2014-02-02 12:27:12	True
2233	palindromoroz	2014-01-30 09:45:46	kirill-korniakov	2014-02-12 08:04:23	True
2226	ilya-lavrenov	2014-01-29 16:19:56	apavlenko	2014-01-30 09:05:10	True
2223	cosminBoaca	2014-01-29 12:00:19	SpecLad	2014-01-30 08:45:08	True
2223	cosminBoaca	2014-01-29 12:00:19	SpecLad	2014-01-30 13:06:03	True
2221	asmorkalov	2014-01-29 08:03:02	SpecLad	2014-01-29 11:04:39	True
2221	asmorkalov	2014-01-29 08:03:02	SpecLad	2014-01-29 10:52:20	True
2221	asmorkalov	2014-01-29 08:03:02	SpecLad	2014-01-29 10:53:38	True
2221	asmorkalov	2014-01-29 08:03:02	SpecLad	2014-01-29 10:54:54	True
2221	asmorkalov	2014-01-29 08:03:02	SpecLad	2014-01-29 11:02:18	True
2221	asmorkalov	2014-01-29 08:03:02	SpecLad	2014-01-29 11:03:00	True
2218	alalek	2014-01-28 16:26:36	apavlenko	2014-01-30 08:52:29	True
2216	ElenaGvozdeva	2014-01-28 11:54:30	ilya-lavrenov	2014-01-30 12:05:46	True
2215	asmorkalov	2014-01-28 10:22:49	SpecLad	2014-01-28 12:23:23	True
2215	asmorkalov	2014-01-28 10:22:49	SpecLad	2014-01-28 12:19:45	True
2215	asmorkalov	2014-01-28 10:22:49	SpecLad	2014-01-28 10:51:10	True
2215	asmorkalov	2014-01-28 10:22:49	SpecLad	2014-01-28 12:22:59	True
2215	asmorkalov	2014-01-28 10:22:49	SpecLad	2014-01-28 10:45:21	True
2215	asmorkalov	2014-01-28 10:22:49	SpecLad	2014-01-28 10:49:24	True
2210	cosminBoaca	2014-01-27 11:19:48	vinograd47	2014-01-27 11:58:15	True
2209	asmorkalov	2014-01-27 10:51:30	SpecLad	2014-01-27 11:46:56	True
2209	asmorkalov	2014-01-27 10:51:30	SpecLad	2014-01-27 11:49:07	True
2209	asmorkalov	2014-01-27 10:51:30	SpecLad	2014-01-27 11:45:48	True
2209	asmorkalov	2014-01-27 10:51:30	SpecLad	2014-01-27 11:45:07	True
2205	vinograd47	2014-01-27 08:27:32	SpecLad	2014-01-27 14:45:34	True
2205	vinograd47	2014-01-27 08:27:32	apavlenko	2014-01-27 12:15:00	True
2205	vinograd47	2014-01-27 08:27:32	SpecLad	2014-01-27 13:25:13	True
2202	ilya-lavrenov	2014-01-24 15:40:56	alalek	2014-01-31 10:37:07	True
2197	asmorkalov	2014-01-24 08:01:21	apavlenko	2014-01-24 09:40:54	True
2196	KonstantinMatskevich	2014-01-23 14:00:12	apavlenko	2014-02-03 09:57:43	True
2196	KonstantinMatskevich	2014-01-23 14:00:12	apavlenko	2014-01-30 08:50:15	True
2195	alalek	2014-01-23 11:58:16	apavlenko	2014-02-10 10:38:56	True
2195	alalek	2014-01-23 11:58:16	apavlenko	2014-02-10 10:38:07	True
2195	alalek	2014-01-23 11:58:16	apavlenko	2014-02-10 10:25:54	True
2195	alalek	2014-01-23 11:58:16	vpisarev	2014-02-10 18:10:52	True
2195	alalek	2014-01-23 11:58:16	apavlenko	2014-02-12 19:20:50	True
2192	alalek	2014-01-22 13:15:46	ilya-lavrenov	2014-01-27 17:18:06	True
2192	alalek	2014-01-22 13:15:46	ilya-lavrenov	2014-01-27 17:20:04	True
2192	alalek	2014-01-22 13:15:46	apavlenko	2014-01-22 14:21:01	True
2191	ilya-lavrenov	2014-01-22 11:53:35	apavlenko	2014-01-22 13:54:54	True
2191	ilya-lavrenov	2014-01-22 11:53:35	apavlenko	2014-01-22 13:56:29	True
2190	KonstantinMatskevich	2014-01-22 11:06:25	apavlenko	2014-01-24 09:36:42	True
2190	KonstantinMatskevich	2014-01-22 11:06:25	apavlenko	2014-01-24 09:34:17	True
2190	KonstantinMatskevich	2014-01-22 11:06:25	apavlenko	2014-01-24 12:30:22	True
2190	KonstantinMatskevich	2014-01-22 11:06:25	ilya-lavrenov	2014-01-23 06:07:16	True
2190	KonstantinMatskevich	2014-01-22 11:06:25	ilya-lavrenov	2014-01-22 15:14:57	True
2182	KonstantinMatskevich	2014-01-21 10:48:18	apavlenko	2014-01-24 09:15:24	True
2182	KonstantinMatskevich	2014-01-21 10:48:18	apavlenko	2014-01-24 08:57:51	True
2182	KonstantinMatskevich	2014-01-21 10:48:18	apavlenko	2014-01-24 08:58:01	True
2182	KonstantinMatskevich	2014-01-21 10:48:18	apavlenko	2014-01-23 15:41:46	True
2182	KonstantinMatskevich	2014-01-21 10:48:18	apavlenko	2014-01-24 08:54:54	True
2182	KonstantinMatskevich	2014-01-21 10:48:18	apavlenko	2014-01-24 08:53:15	True
2182	KonstantinMatskevich	2014-01-21 10:48:18	apavlenko	2014-01-23 14:44:50	True
2182	KonstantinMatskevich	2014-01-21 10:48:18	apavlenko	2014-01-23 14:32:49	True
2182	KonstantinMatskevich	2014-01-21 10:48:18	apavlenko	2014-01-24 08:55:35	True
2179	adishavit	2014-01-20 19:47:04	SpecLad	2014-01-27 08:51:26	True
2179	adishavit	2014-01-20 19:47:04	SpecLad	2014-01-27 08:01:33	True
2179	adishavit	2014-01-20 19:47:04	SpecLad	2014-01-27 08:50:28	True
2179	adishavit	2014-01-20 19:47:04	SpecLad	2014-01-27 08:46:49	True
2179	adishavit	2014-01-20 19:47:04	SpecLad	2014-01-27 07:54:14	True
2177	ilya-lavrenov	2014-01-20 13:53:29	alalek	2014-01-21 07:52:33	True
2175	vrabaud	2014-01-20 09:26:23	SpecLad	2014-01-22 13:33:07	True
2175	vrabaud	2014-01-20 09:26:23	SpecLad	2014-01-22 13:38:12	True
2175	vrabaud	2014-01-20 09:26:23	apavlenko	2014-01-20 18:01:15	True
2175	vrabaud	2014-01-20 09:26:23	SpecLad	2014-01-22 13:31:03	True
2171	djetter99	2014-01-19 00:07:28	SpecLad	2014-01-20 15:11:06	True
2171	djetter99	2014-01-19 00:07:28	ilya-lavrenov	2014-01-19 08:01:36	True
2169	asmorkalov	2014-01-18 19:51:15	SpecLad	2014-01-20 08:35:22	True
2169	asmorkalov	2014-01-18 19:51:15	SpecLad	2014-01-20 08:43:11	True
2169	asmorkalov	2014-01-18 19:51:15	SpecLad	2014-01-20 08:36:40	True
2169	asmorkalov	2014-01-18 19:51:15	SpecLad	2014-01-20 08:40:55	True
2169	asmorkalov	2014-01-18 19:51:15	SpecLad	2014-01-20 08:34:15	True
2163	ilya-lavrenov	2014-01-17 19:36:06	apavlenko	2014-01-20 09:24:54	True
2162	alalek	2014-01-17 16:10:36	ilya-lavrenov	2014-01-17 18:04:19	True
2160	SpecLad	2014-01-17 10:53:56	ilya-lavrenov	2014-01-17 11:08:55	True
2160	SpecLad	2014-01-17 10:53:56	ilya-lavrenov	2014-01-17 12:23:45	True
2160	SpecLad	2014-01-17 10:53:56	ilya-lavrenov	2014-01-17 12:16:18	True
2159	SpecLad	2014-01-17 10:29:55	ilya-lavrenov	2014-01-17 11:05:37	True
2159	SpecLad	2014-01-17 10:29:55	ilya-lavrenov	2014-01-17 12:20:23	True
2155	vbystricky	2014-01-16 08:01:36	alalek	2014-01-22 14:02:06	True
2155	vbystricky	2014-01-16 08:01:36	alalek	2014-01-23 12:17:18	True
2155	vbystricky	2014-01-16 08:01:36	alalek	2014-01-16 09:34:41	True
2155	vbystricky	2014-01-16 08:01:36	alalek	2014-01-16 11:25:22	True
2155	vbystricky	2014-01-16 08:01:36	ilya-lavrenov	2014-01-16 09:45:31	True
2155	vbystricky	2014-01-16 08:01:36	krodyush	2014-01-24 14:22:45	True
2155	vbystricky	2014-01-16 08:01:36	krodyush	2014-01-24 14:24:37	True
2153	scottbreyfogle	2014-01-15 21:25:32	vinograd47	2014-01-31 07:58:56	True
2153	scottbreyfogle	2014-01-15 21:25:32	sgrayb	2014-01-30 18:03:09	True
2153	scottbreyfogle	2014-01-15 21:25:32	sgrayb	2014-01-31 18:45:57	True
2152	ilya-lavrenov	2014-01-15 15:43:46	apavlenko	2014-01-17 05:41:30	True
2152	ilya-lavrenov	2014-01-15 15:43:46	apavlenko	2014-01-17 05:41:50	True
2152	ilya-lavrenov	2014-01-15 15:43:46	apavlenko	2014-01-17 05:52:37	True
2152	ilya-lavrenov	2014-01-15 15:43:46	apavlenko	2014-01-17 06:03:55	True
2151	KonstantinMatskevich	2014-01-15 11:11:00	apavlenko	2014-01-16 10:47:30	True
2149	ElenaGvozdeva	2014-01-14 10:51:12	ilya-lavrenov	2014-01-16 15:00:33	True
2149	ElenaGvozdeva	2014-01-14 10:51:12	ilya-lavrenov	2014-01-17 19:20:09	True
2149	ElenaGvozdeva	2014-01-14 10:51:12	ilya-lavrenov	2014-01-21 11:02:06	True
2149	ElenaGvozdeva	2014-01-14 10:51:12	ilya-lavrenov	2014-01-16 15:09:44	True
2149	ElenaGvozdeva	2014-01-14 10:51:12	ilya-lavrenov	2014-01-21 14:52:58	True
2149	ElenaGvozdeva	2014-01-14 10:51:12	ilya-lavrenov	2014-01-21 14:56:26	True
2149	ElenaGvozdeva	2014-01-14 10:51:12	ilya-lavrenov	2014-01-21 14:51:30	True
2149	ElenaGvozdeva	2014-01-14 10:51:12	ilya-lavrenov	2014-01-16 15:01:33	True
2149	ElenaGvozdeva	2014-01-14 10:51:12	ilya-lavrenov	2014-01-16 15:07:33	True
2149	ElenaGvozdeva	2014-01-14 10:51:12	ilya-lavrenov	2014-01-16 14:58:40	True
2149	ElenaGvozdeva	2014-01-14 10:51:12	ilya-lavrenov	2014-01-16 14:56:15	True
2149	ElenaGvozdeva	2014-01-14 10:51:12	ilya-lavrenov	2014-01-16 14:55:09	True
2149	ElenaGvozdeva	2014-01-14 10:51:12	ilya-lavrenov	2014-01-16 14:53:40	True
2149	ElenaGvozdeva	2014-01-14 10:51:12	ilya-lavrenov	2014-01-16 14:44:29	True
2149	ElenaGvozdeva	2014-01-14 10:51:12	ilya-lavrenov	2014-01-16 14:42:36	True
2149	ElenaGvozdeva	2014-01-14 10:51:12	ilya-lavrenov	2014-01-15 20:10:56	True
2144	nickdademo	2014-01-13 11:17:55	SpecLad	2014-01-14 08:30:59	True
2144	nickdademo	2014-01-13 11:17:55	apavlenko	2014-01-16 09:15:22	True
2143	Daniil-Osokin	2014-01-13 10:26:16	apavlenko	2014-01-16 08:59:16	True
2142	KonstantinMatskevich	2014-01-13 09:43:22	ilya-lavrenov	2014-01-16 15:18:36	True
2142	KonstantinMatskevich	2014-01-13 09:43:22	ilya-lavrenov	2014-01-16 19:28:30	True
2142	KonstantinMatskevich	2014-01-13 09:43:22	ilya-lavrenov	2014-01-16 15:18:11	True
2142	KonstantinMatskevich	2014-01-13 09:43:22	ilya-lavrenov	2014-01-16 15:19:15	True
2142	KonstantinMatskevich	2014-01-13 09:43:22	ilya-lavrenov	2014-01-16 15:17:53	True
2134	vbystricky	2014-01-10 07:24:40	ilya-lavrenov	2014-01-10 07:37:19	True
2134	vbystricky	2014-01-10 07:24:40	ilya-lavrenov	2014-01-14 13:03:13	True
2134	vbystricky	2014-01-10 07:24:40	ilya-lavrenov	2014-01-14 13:07:57	True
2134	vbystricky	2014-01-10 07:24:40	ilya-lavrenov	2014-01-14 13:08:50	True
2134	vbystricky	2014-01-10 07:24:40	ilya-lavrenov	2014-01-16 15:33:35	True
2134	vbystricky	2014-01-10 07:24:40	ilya-lavrenov	2014-01-14 13:07:26	True
2127	apavlenko	2014-01-09 08:09:51	ilya-lavrenov	2014-01-13 13:04:27	True
2127	apavlenko	2014-01-09 08:09:51	alalek	2014-01-13 12:59:00	True
2127	apavlenko	2014-01-09 08:09:51	alalek	2014-01-13 12:50:35	True
2122	adishavit	2014-01-07 19:40:19	SpecLad	2014-01-16 08:24:16	True
2122	adishavit	2014-01-07 19:40:19	SpecLad	2014-01-16 08:16:50	True
2122	adishavit	2014-01-07 19:40:19	SpecLad	2014-01-16 08:24:52	True
2118	ilya-lavrenov	2014-01-06 22:52:58	alalek	2014-01-07 00:02:50	True
2118	ilya-lavrenov	2014-01-06 22:52:58	alalek	2014-01-07 01:40:34	True
2118	ilya-lavrenov	2014-01-06 22:52:58	SpecLad	2014-01-09 08:26:41	True
2118	ilya-lavrenov	2014-01-06 22:52:58	SpecLad	2014-01-09 11:58:41	True
2117	kazuki-ma	2014-01-06 18:00:07	ilya-lavrenov	2014-01-13 13:19:18	True
2115	nghiaho12	2014-01-06 09:24:49	SpecLad	2014-01-09 09:57:29	True
2112	ilya-lavrenov	2014-01-05 15:33:14	alalek	2014-01-09 14:18:13	True
2110	hmax	2014-01-04 11:03:58	apavlenko	2014-01-11 13:01:43	True
2110	hmax	2014-01-04 11:03:58	apavlenko	2014-01-11 13:04:30	True
2110	hmax	2014-01-04 11:03:58	ilya-lavrenov	2014-01-04 12:38:07	True
2105	ilya-lavrenov	2014-01-01 19:48:57	alalek	2014-01-09 08:00:29	True
2105	ilya-lavrenov	2014-01-01 19:48:57	apavlenko	2014-01-09 13:13:17	True
