pr_number	author_user_login	pr_created_at	review_user_login	review_created_at	filename	create_before_pr	has_issue_comment	has_review_comment	has_commit
97	asmorkalov	2012-10-24 09:00:53	apavlenko	2012-10-24 09:14:10	samples/android/15-puzzle/src/org/opencv/samples/puzzle15/Puzzle15Activity.java	True	True	True	True
97	asmorkalov	2012-10-24 09:00:53	apavlenko	2012-10-24 09:14:10	samples/android/tutorial-3-native/src/org/opencv/samples/tutorial3/Sample3Native.java	True	True	True	True
97	asmorkalov	2012-10-24 09:00:53	apavlenko	2012-10-24 09:14:10	samples/android/tutorial-2-opencvcamera/src/org/opencv/samples/tutorial2/Sample2NativeCamera.java	True	True	True	True
97	asmorkalov	2012-10-24 09:00:53	apavlenko	2012-10-24 09:14:10	samples/android/tutorial-1-addopencv/src/org/opencv/samples/tutorial1/Sample1Java.java	True	True	True	True
97	asmorkalov	2012-10-24 09:00:53	apavlenko	2012-10-24 09:14:10	samples/android/image-manipulations/src/org/opencv/samples/imagemanipulations/ImageManipulationsActivity.java	True	True	True	True
97	asmorkalov	2012-10-24 09:00:53	apavlenko	2012-10-24 09:14:10	samples/android/face-detection/src/org/opencv/samples/fd/FdActivity.java	True	True	True	True
97	asmorkalov	2012-10-24 09:00:53	apavlenko	2012-10-24 09:14:10	samples/android/color-blob-detection/src/org/opencv/samples/colorblobdetect/ColorBlobDetectionActivity.java	True	True	True	True
97	asmorkalov	2012-10-24 09:00:53	apavlenko	2012-10-24 09:14:10	modules/java/generator/src/java/android+BaseLoaderCallback.java	True	True	True	True
97	asmorkalov	2012-10-24 09:00:53	apavlenko	2012-10-24 09:14:10	modules/java/generator/src/java/android+OpenCVLoader.java	True	True	True	True
97	asmorkalov	2012-10-24 09:00:53	apavlenko	2012-10-24 09:14:10	android/service/engine/jni/BinderComponent/OpenCVEngine.cpp	True	True	True	True
97	asmorkalov	2012-10-24 09:00:53	apavlenko	2012-10-24 09:14:10	android/service/doc/LoaderCallbackInterface.rst	True	True	True	True
97	asmorkalov	2012-10-24 09:00:53	apavlenko	2012-10-24 09:14:10	android/service/doc/BaseLoaderCallback.rst	True	True	True	True
97	asmorkalov	2012-10-24 09:00:53	apavlenko	2012-10-24 09:14:10	android/service/all.py	True	True	True	True
97	asmorkalov	2012-10-24 09:00:53	apavlenko	2012-10-24 09:14:10	modules/java/generator/src/java/android+AsyncServiceHelper.java	True	True	True	True
97	asmorkalov	2012-10-24 09:00:53	apavlenko	2012-10-24 09:14:10	samples/android/tutorial-4-mixed/src/org/opencv/samples/tutorial4/Sample4Mixed.java	True	True	True	True
97	asmorkalov	2012-10-24 09:00:53	apavlenko	2012-10-24 09:14:10	android/service/doc/JavaHelper.rst	True	True	True	True
97	asmorkalov	2012-10-24 09:00:53	apavlenko	2012-10-24 09:14:10	android/service/push_native.py	True	True	True	True
97	asmorkalov	2012-10-24 09:00:53	apavlenko	2012-10-24 09:14:10	android/service/engine/jni/JNIWrapper/JavaBasedPackageManager.cpp	True	True	True	True
97	asmorkalov	2012-10-24 09:00:53	apavlenko	2012-10-24 09:14:10	android/service/test_native.py	True	True	True	True
97	asmorkalov	2012-10-24 09:00:53	apavlenko	2012-10-24 09:14:10	android/service/engine/jni/Tests/OpenCVEngineTest.cpp	True	True	True	True
97	asmorkalov	2012-10-24 09:00:53	apavlenko	2012-10-24 09:14:10	android/service/engine/jni/NativeService/CommonPackageManager.cpp	True	True	True	True
97	asmorkalov	2012-10-24 09:00:53	apavlenko	2012-10-24 09:14:10	android/service/engine/jni/NativeClient/ClientMain.cpp	True	True	True	True
97	asmorkalov	2012-10-24 09:00:53	apavlenko	2012-10-24 09:14:10	android/service/engine/jni/JNIWrapper/OpenCVEngine_jni.cpp	True	True	True	True
97	asmorkalov	2012-10-24 09:00:53	apavlenko	2012-10-24 09:14:10	android/service/engine/jni/NativeService/PackageInfo.cpp	True	True	True	True
97	asmorkalov	2012-10-24 09:00:53	apavlenko	2012-10-24 09:14:10	android/service/engine/jni/BinderComponent/TegraDetector.cpp	True	True	True	True
97	asmorkalov	2012-10-24 09:00:53	apavlenko	2012-10-24 09:14:10	android/service/engine/jni/BinderComponent/ProcReader.cpp	True	True	True	True
97	asmorkalov	2012-10-24 09:00:53	apavlenko	2012-10-24 09:14:10	android/service/engine/jni/BinderComponent/HardwareDetector.cpp	True	True	True	True
97	asmorkalov	2012-10-24 09:00:53	apavlenko	2012-10-24 09:14:10	android/service/engine/jni/BinderComponent/BnOpenCVEngine.cpp	True	True	True	True
97	asmorkalov	2012-10-24 09:00:53	apavlenko	2012-10-24 09:14:10	android/service/engine/jni/BinderComponent/StringUtils.cpp	True	True	True	True
97	asmorkalov	2012-10-24 09:00:53	apavlenko	2012-10-24 09:14:10	android/service/engine/AndroidManifest.xml	False	True	True	True
80	asmorkalov	2012-10-22 17:03:12	apavlenko	2012-10-23 07:23:49	samples/android/15-puzzle-framework/res/layout/activity_puzzle15.xml	True	True	True	True
80	asmorkalov	2012-10-22 17:03:12	apavlenko	2012-10-23 07:23:49	samples/android/15-puzzle-framework/src/org/opencv/samples/puzzle15/Puzzle15Processor.java	True	True	True	True
80	asmorkalov	2012-10-22 17:03:12	apavlenko	2012-10-23 07:23:49	samples/android/15-puzzle-framework/src/org/opencv/samples/puzzle15/Puzzle15Activity.java	True	True	True	True
80	asmorkalov	2012-10-22 17:03:12	apavlenko	2012-10-23 07:23:49	samples/android/15-puzzle-framework/res/values/styles.xml	True	True	True	True
80	asmorkalov	2012-10-22 17:03:12	apavlenko	2012-10-23 07:23:49	samples/android/15-puzzle-framework/res/values/strings.xml	True	True	True	True
80	asmorkalov	2012-10-22 17:03:12	apavlenko	2012-10-23 07:23:49	samples/android/15-puzzle-framework/res/menu/activity_puzzle15.xml	True	True	True	True
80	asmorkalov	2012-10-22 17:03:12	apavlenko	2012-10-23 07:23:49	samples/android/15-puzzle-framework/res/drawable-xhdpi/ic_action_search.png	True	True	True	True
80	asmorkalov	2012-10-22 17:03:12	apavlenko	2012-10-23 07:23:49	samples/android/15-puzzle-framework/res/drawable-xhdpi/ic_launcher.png	True	True	True	True
80	asmorkalov	2012-10-22 17:03:12	apavlenko	2012-10-23 07:23:49	samples/android/15-puzzle-framework/res/drawable-mdpi/ic_launcher.png	True	True	True	True
80	asmorkalov	2012-10-22 17:03:12	apavlenko	2012-10-23 07:23:49	samples/android/15-puzzle-framework/res/drawable-mdpi/ic_action_search.png	True	True	True	True
80	asmorkalov	2012-10-22 17:03:12	apavlenko	2012-10-23 07:23:49	samples/android/tutorial-1-addopencv/res/layout/tutorial1_surface_view.xml	True	True	True	True
80	asmorkalov	2012-10-22 17:03:12	apavlenko	2012-10-23 07:23:49	samples/android/15-puzzle-framework/res/drawable-ldpi/ic_launcher.png	True	True	True	True
80	asmorkalov	2012-10-22 17:03:12	apavlenko	2012-10-23 07:23:49	modules/java/CMakeLists.txt	True	True	True	True
80	asmorkalov	2012-10-22 17:03:12	apavlenko	2012-10-23 07:23:49	samples/android/tutorial-3-native/src/org/opencv/samples/tutorial3/Sample3Native.java	True	True	True	True
80	asmorkalov	2012-10-22 17:03:12	apavlenko	2012-10-23 07:23:49	samples/android/tutorial-1-addopencv/src/org/opencv/samples/tutorial1/Sample1Java.java	True	True	True	True
80	asmorkalov	2012-10-22 17:03:12	apavlenko	2012-10-23 07:23:49	samples/android/tutorial-1-addopencv/src/org/opencv/samples/tutorial1/Sample1View.java	True	True	True	True
80	asmorkalov	2012-10-22 17:03:12	apavlenko	2012-10-23 07:23:49	samples/android/tutorial-1-addopencv/src/org/opencv/samples/tutorial1/SampleViewBase.java	True	True	True	True
80	asmorkalov	2012-10-22 17:03:12	apavlenko	2012-10-23 07:23:49	samples/android/tutorial-3-native/jni/jni_part.cpp	True	True	True	True
80	asmorkalov	2012-10-22 17:03:12	apavlenko	2012-10-23 07:23:49	samples/android/tutorial-3-native/res/layout/tutorial3_surface_view.xml	True	True	True	True
80	asmorkalov	2012-10-22 17:03:12	apavlenko	2012-10-23 07:23:49	modules/java/generator/src/java/framework+OpenCvNativeCameraView.java	True	True	True	True
80	asmorkalov	2012-10-22 17:03:12	apavlenko	2012-10-23 07:23:49	samples/android/tutorial-3-native/src/org/opencv/samples/tutorial3/Sample3View.java	True	True	True	True
80	asmorkalov	2012-10-22 17:03:12	apavlenko	2012-10-23 07:23:49	samples/android/tutorial-3-native/src/org/opencv/samples/tutorial3/SampleViewBase.java	True	True	True	True
80	asmorkalov	2012-10-22 17:03:12	apavlenko	2012-10-23 07:23:49	samples/android/tutorial-4-mixed/AndroidManifest.xml	True	True	True	True
80	asmorkalov	2012-10-22 17:03:12	apavlenko	2012-10-23 07:23:49	samples/android/tutorial-4-mixed/jni/jni_part.cpp	True	True	True	True
80	asmorkalov	2012-10-22 17:03:12	apavlenko	2012-10-23 07:23:49	samples/android/tutorial-4-mixed/res/layout/tutorial4_surface_view.xml	True	True	True	True
80	asmorkalov	2012-10-22 17:03:12	apavlenko	2012-10-23 07:23:49	samples/android/tutorial-4-mixed/src/org/opencv/samples/tutorial4/Sample4Mixed.java	True	True	True	True
80	asmorkalov	2012-10-22 17:03:12	apavlenko	2012-10-23 07:23:49	samples/android/tutorial-4-mixed/src/org/opencv/samples/tutorial4/Sample4View.java	True	True	True	True
80	asmorkalov	2012-10-22 17:03:12	apavlenko	2012-10-23 07:23:49	samples/android/15-puzzle-framework/res/drawable-hdpi/ic_launcher.png	True	True	True	True
80	asmorkalov	2012-10-22 17:03:12	apavlenko	2012-10-23 07:23:49	samples/android/camera-preview/src/org/opencv/test/camerawriter/NativeCameraView.java	True	True	True	True
80	asmorkalov	2012-10-22 17:03:12	apavlenko	2012-10-23 07:23:49	samples/android/15-puzzle-framework/res/drawable-hdpi/ic_action_search.png	True	True	True	True
80	asmorkalov	2012-10-22 17:03:12	apavlenko	2012-10-23 07:23:49	samples/android/camera-preview/res/drawable/ic_launcher.png	True	True	True	True
80	asmorkalov	2012-10-22 17:03:12	apavlenko	2012-10-23 07:23:49	modules/java/generator/src/java/android+JavaCameraView.java	False	True	True	True
80	asmorkalov	2012-10-22 17:03:12	apavlenko	2012-10-23 07:23:49	samples/android/15-puzzle-framework/src/org/opencv/framework/OpenCvJavaCameraView.java	True	True	True	True
80	asmorkalov	2012-10-22 17:03:12	apavlenko	2012-10-23 07:23:49	samples/android/15-puzzle-framework/src/org/opencv/framework/OpenCvCameraBridgeViewBase.java	True	True	True	True
80	asmorkalov	2012-10-22 17:03:12	apavlenko	2012-10-23 07:23:49	samples/android/15-puzzle-framework/src/org/opencv/framework/OpenCvNativeCameraView.java	True	True	True	True
80	asmorkalov	2012-10-22 17:03:12	apavlenko	2012-10-23 07:23:49	samples/android/15-puzzle-framework/AndroidManifest.xml	True	True	True	True
80	asmorkalov	2012-10-22 17:03:12	apavlenko	2012-10-23 07:23:49	samples/android/CMakeLists.txt	True	True	True	True
80	asmorkalov	2012-10-22 17:03:12	apavlenko	2012-10-23 07:23:49	samples/android/camera-preview/.classpath	True	True	True	True
80	asmorkalov	2012-10-22 17:03:12	apavlenko	2012-10-23 07:23:49	samples/android/camera-preview/.project	True	True	True	True
80	asmorkalov	2012-10-22 17:03:12	apavlenko	2012-10-23 07:23:49	samples/android/camera-preview/.settings/org.eclipse.jdt.core.prefs	True	True	True	True
80	asmorkalov	2012-10-22 17:03:12	apavlenko	2012-10-23 07:23:49	samples/android/camera-preview/AndroidManifest.xml	True	True	True	True
80	asmorkalov	2012-10-22 17:03:12	apavlenko	2012-10-23 07:23:49	samples/android/camera-preview/CMakeLists.txt	True	True	True	True
80	asmorkalov	2012-10-22 17:03:12	apavlenko	2012-10-23 07:23:49	samples/android/camera-preview/res/drawable/ic_action_search.png	True	True	True	True
80	asmorkalov	2012-10-22 17:03:12	apavlenko	2012-10-23 07:23:49	samples/android/camera-preview/res/layout/activity_camera_writer.xml	True	True	True	True
80	asmorkalov	2012-10-22 17:03:12	apavlenko	2012-10-23 07:23:49	samples/android/15-puzzle-framework/libs/android-support-v4.jar	True	True	True	True
80	asmorkalov	2012-10-22 17:03:12	apavlenko	2012-10-23 07:23:49	samples/android/camera-preview/res/menu/activity_camera_writer.xml	True	True	True	True
80	asmorkalov	2012-10-22 17:03:12	apavlenko	2012-10-23 07:23:49	samples/android/camera-preview/res/values-v11/styles.xml	True	True	True	True
80	asmorkalov	2012-10-22 17:03:12	apavlenko	2012-10-23 07:23:49	samples/android/camera-preview/res/values/strings.xml	True	True	True	True
80	asmorkalov	2012-10-22 17:03:12	apavlenko	2012-10-23 07:23:49	samples/android/camera-preview/res/values/styles.xml	True	True	True	True
80	asmorkalov	2012-10-22 17:03:12	apavlenko	2012-10-23 07:23:49	samples/android/camera-preview/src/org/opencv/test/camerawriter/CameraWriterActivity.java	True	True	True	True
80	asmorkalov	2012-10-22 17:03:12	apavlenko	2012-10-23 07:23:49	samples/android/camera-preview/src/org/opencv/test/camerawriter/OpenCvCameraBridgeViewBase.java	True	True	True	True
80	asmorkalov	2012-10-22 17:03:12	apavlenko	2012-10-23 07:23:49	samples/android/camera-preview/src/org/opencv/test/camerawriter/OpenCvNativeCameraView.java	True	True	True	True
80	asmorkalov	2012-10-22 17:03:12	apavlenko	2012-10-23 07:23:49	samples/android/camera-preview/src/org/opencv/test/camerawriter/CameraViewBase.java	True	True	True	True
80	asmorkalov	2012-10-22 17:03:12	apavlenko	2012-10-23 07:23:49	samples/android/camera-preview/src/org/opencv/test/camerawriter/PreviewActivity.java	True	True	True	True
80	asmorkalov	2012-10-22 17:03:12	apavlenko	2012-10-23 07:23:49	samples/android/15-puzzle-framework/.classpath	True	True	True	True
80	asmorkalov	2012-10-22 17:03:12	apavlenko	2012-10-23 07:23:49	samples/android/15-puzzle-framework/.project	True	True	True	True
80	asmorkalov	2012-10-22 17:03:12	apavlenko	2012-10-23 07:23:49	samples/android/15-puzzle-framework/ic_launcher-web.png	True	True	True	True
80	asmorkalov	2012-10-22 17:03:12	apavlenko	2012-10-23 07:23:49	samples/android/tutorial-4-mixed/src/org/opencv/samples/tutorial4/SampleViewBase.java	True	True	True	True
80	asmorkalov	2012-10-22 17:03:12	apavlenko	2012-10-23 07:23:49	samples/android/face-detection/res/layout/face_detect_surface_view.xml	True	True	True	True
80	asmorkalov	2012-10-22 17:03:12	apavlenko	2012-10-23 07:23:49	samples/android/15-puzzle/AndroidManifest.xml	False	True	True	True
80	asmorkalov	2012-10-22 17:03:12	apavlenko	2012-10-23 07:23:49	samples/android/15-puzzle/src/org/opencv/samples/puzzle15/puzzle15View.java	True	True	True	True
80	asmorkalov	2012-10-22 17:03:12	apavlenko	2012-10-23 07:23:49	samples/android/face-detection/src/org/opencv/samples/fd/FdView.java	True	True	True	True
80	asmorkalov	2012-10-22 17:03:12	apavlenko	2012-10-23 07:23:49	samples/android/face-detection/src/org/opencv/samples/fd/SampleCvViewBase.java	True	True	True	True
80	asmorkalov	2012-10-22 17:03:12	apavlenko	2012-10-23 07:23:49	samples/android/15-puzzle/.classpath	True	True	True	True
80	asmorkalov	2012-10-22 17:03:12	apavlenko	2012-10-23 07:23:49	samples/android/15-puzzle/.project	True	True	True	True
80	asmorkalov	2012-10-22 17:03:12	apavlenko	2012-10-23 07:23:49	samples/android/15-puzzle/.settings/org.eclipse.jdt.core.prefs	True	True	True	True
80	asmorkalov	2012-10-22 17:03:12	apavlenko	2012-10-23 07:23:49	samples/android/15-puzzle/res/layout/activity_puzzle15.xml	True	True	True	True
80	asmorkalov	2012-10-22 17:03:12	apavlenko	2012-10-23 07:23:49	samples/android/15-puzzle/res/menu/activity_puzzle15.xml	True	True	True	True
80	asmorkalov	2012-10-22 17:03:12	apavlenko	2012-10-23 07:23:49	samples/android/15-puzzle/res/values/strings.xml	True	True	True	True
80	asmorkalov	2012-10-22 17:03:12	apavlenko	2012-10-23 07:23:49	samples/android/15-puzzle/src/org/opencv/samples/puzzle15/Puzzle15Activity.java	True	True	True	True
80	asmorkalov	2012-10-22 17:03:12	apavlenko	2012-10-23 07:23:49	samples/android/15-puzzle/src/org/opencv/samples/puzzle15/Puzzle15Processor.java	True	True	True	True
80	asmorkalov	2012-10-22 17:03:12	apavlenko	2012-10-23 07:23:49	samples/android/15-puzzle/src/org/opencv/samples/puzzle15/SampleCvViewBase.java	True	True	True	True
80	asmorkalov	2012-10-22 17:03:12	apavlenko	2012-10-23 07:23:49	samples/android/15-puzzle/src/org/opencv/samples/puzzle15/puzzle15Activity.java	True	True	True	True
80	asmorkalov	2012-10-22 17:03:12	apavlenko	2012-10-23 07:23:49	samples/android/tutorial-0-androidcamera/src/org/opencv/samples/tutorial0/Sample0Base.java	True	True	True	True
80	asmorkalov	2012-10-22 17:03:12	apavlenko	2012-10-23 07:23:49	modules/java/generator/src/java/framework+OpenCvCameraBridgeViewBase.java	True	True	True	True
80	asmorkalov	2012-10-22 17:03:12	apavlenko	2012-10-23 07:23:49	samples/android/tutorial-0-androidcamera/src/org/opencv/samples/tutorial0/SampleViewBase.java	True	True	True	True
80	asmorkalov	2012-10-22 17:03:12	apavlenko	2012-10-23 07:23:49	samples/android/color-blob-detection/res/layout/color_blob_detection_surface_view.xml	True	True	True	True
80	asmorkalov	2012-10-22 17:03:12	apavlenko	2012-10-23 07:23:49	samples/android/color-blob-detection/src/org/opencv/samples/colorblobdetect/ColorBlobDetectionActivity.java	True	True	True	True
80	asmorkalov	2012-10-22 17:03:12	apavlenko	2012-10-23 07:23:49	samples/android/color-blob-detection/src/org/opencv/samples/colorblobdetect/ColorBlobDetectionView.java	True	True	True	True
80	asmorkalov	2012-10-22 17:03:12	apavlenko	2012-10-23 07:23:49	samples/android/color-blob-detection/src/org/opencv/samples/colorblobdetect/SampleCvViewBase.java	True	True	True	True
80	asmorkalov	2012-10-22 17:03:12	apavlenko	2012-10-23 07:23:49	samples/android/image-manipulations/res/layout/image_manipulations_surface_view.xml	True	True	True	True
80	asmorkalov	2012-10-22 17:03:12	apavlenko	2012-10-23 07:23:49	samples/android/image-manipulations/src/org/opencv/samples/imagemanipulations/ImageManipulationsActivity.java	True	True	True	True
80	asmorkalov	2012-10-22 17:03:12	apavlenko	2012-10-23 07:23:49	samples/android/image-manipulations/src/org/opencv/samples/imagemanipulations/ImageManipulationsView.java	True	True	True	True
80	asmorkalov	2012-10-22 17:03:12	apavlenko	2012-10-23 07:23:49	samples/android/image-manipulations/src/org/opencv/samples/imagemanipulations/SampleCvViewBase.java	True	True	True	True
80	asmorkalov	2012-10-22 17:03:12	apavlenko	2012-10-23 07:23:49	samples/android/tutorial-2-opencvcamera/res/layout/tutorial2_surface_view.xml	True	True	True	True
80	asmorkalov	2012-10-22 17:03:12	apavlenko	2012-10-23 07:23:49	samples/android/tutorial-2-opencvcamera/src/org/opencv/samples/tutorial2/Sample2NativeCamera.java	True	True	True	True
80	asmorkalov	2012-10-22 17:03:12	apavlenko	2012-10-23 07:23:49	samples/android/tutorial-2-opencvcamera/src/org/opencv/samples/tutorial2/Sample2View.java	True	True	True	True
80	asmorkalov	2012-10-22 17:03:12	apavlenko	2012-10-23 07:23:49	samples/android/face-detection/src/org/opencv/samples/fd/FdActivity.java	True	True	True	True
80	asmorkalov	2012-10-22 17:03:12	apavlenko	2012-10-23 07:23:49	samples/android/15-puzzle/CMakeLists.txt	True	True	True	True
80	asmorkalov	2012-10-22 17:03:12	apavlenko	2012-10-23 07:23:49	samples/android/image-manipulations/src/org/opencv/samples/imagemanipulations/ImageManipulationsActivity.java	False	True	True	True
80	asmorkalov	2012-10-22 17:03:12	apavlenko	2012-10-23 07:23:49	samples/android/image-manipulations/res/layout/image_manipulations_surface_view.xml	False	True	True	True
80	asmorkalov	2012-10-22 17:03:12	apavlenko	2012-10-23 07:23:49	modules/java/generator/src/java/android+CameraBridgeViewBase.java	False	True	True	True
80	asmorkalov	2012-10-22 17:03:12	apavlenko	2012-10-23 07:23:49	modules/java/generator/src/java/android+NativeCameraView.java	False	True	True	True
80	asmorkalov	2012-10-22 17:03:12	apavlenko	2012-10-23 07:23:49	samples/android/15-puzzle/.settings/org.eclipse.jdt.core.prefs	False	True	True	True
80	asmorkalov	2012-10-22 17:03:12	apavlenko	2012-10-23 07:23:49	samples/android/15-puzzle/res/layout/activity_puzzle15.xml	False	True	True	True
80	asmorkalov	2012-10-22 17:03:12	apavlenko	2012-10-23 07:23:49	samples/android/15-puzzle/src/org/opencv/samples/puzzle15/Puzzle15Activity.java	False	True	True	True
80	asmorkalov	2012-10-22 17:03:12	apavlenko	2012-10-23 07:23:49	samples/android/color-blob-detection/.classpath	False	True	True	True
80	asmorkalov	2012-10-22 17:03:12	apavlenko	2012-10-23 07:23:49	samples/android/color-blob-detection/res/layout/color_blob_detection_surface_view.xml	False	True	True	True
80	asmorkalov	2012-10-22 17:03:12	apavlenko	2012-10-23 07:23:49	samples/android/color-blob-detection/src/org/opencv/samples/colorblobdetect/ColorBlobDetectionActivity.java	False	True	True	True
80	asmorkalov	2012-10-22 17:03:12	apavlenko	2012-10-23 07:23:49	samples/android/face-detection/.classpath	False	True	True	True
80	asmorkalov	2012-10-22 17:03:12	apavlenko	2012-10-23 07:23:49	samples/android/face-detection/res/layout/face_detect_surface_view.xml	False	True	True	True
80	asmorkalov	2012-10-22 17:03:12	apavlenko	2012-10-23 07:23:49	samples/android/face-detection/src/org/opencv/samples/fd/FdActivity.java	False	True	True	True
80	asmorkalov	2012-10-22 17:03:12	apavlenko	2012-10-23 07:23:49	samples/android/image-manipulations/.classpath	False	True	True	True
80	asmorkalov	2012-10-22 17:03:12	apavlenko	2012-10-23 07:23:49	samples/android/tutorial-0-androidcamera/.classpath	False	True	True	True
80	asmorkalov	2012-10-22 17:03:12	apavlenko	2012-10-23 07:23:49	samples/android/15-puzzle/AndroidManifest.xml	True	True	True	True
80	asmorkalov	2012-10-22 17:03:12	apavlenko	2012-10-23 07:23:49	samples/android/tutorial-1-addopencv/.classpath	False	True	True	True
80	asmorkalov	2012-10-22 17:03:12	apavlenko	2012-10-23 07:23:49	samples/android/tutorial-1-addopencv/res/layout/tutorial1_surface_view.xml	False	True	True	True
80	asmorkalov	2012-10-22 17:03:12	apavlenko	2012-10-23 07:23:49	samples/android/tutorial-1-addopencv/src/org/opencv/samples/tutorial1/Sample1Java.java	False	True	True	True
80	asmorkalov	2012-10-22 17:03:12	apavlenko	2012-10-23 07:23:49	samples/android/tutorial-2-opencvcamera/.classpath	False	True	True	True
80	asmorkalov	2012-10-22 17:03:12	apavlenko	2012-10-23 07:23:49	samples/android/tutorial-2-opencvcamera/res/layout/tutorial2_surface_view.xml	False	True	True	True
80	asmorkalov	2012-10-22 17:03:12	apavlenko	2012-10-23 07:23:49	samples/android/tutorial-2-opencvcamera/src/org/opencv/samples/tutorial2/Sample2NativeCamera.java	False	True	True	True
80	asmorkalov	2012-10-22 17:03:12	apavlenko	2012-10-23 07:23:49	samples/android/tutorial-3-native/.classpath	False	True	True	True
80	asmorkalov	2012-10-22 17:03:12	apavlenko	2012-10-23 07:23:49	samples/android/tutorial-3-native/res/layout/tutorial3_surface_view.xml	False	True	True	True
80	asmorkalov	2012-10-22 17:03:12	apavlenko	2012-10-23 07:23:49	samples/android/tutorial-3-native/src/org/opencv/samples/tutorial3/Sample3Native.java	False	True	True	True
80	asmorkalov	2012-10-22 17:03:12	apavlenko	2012-10-23 07:23:49	samples/android/tutorial-4-mixed/.classpath	False	True	True	True
80	asmorkalov	2012-10-22 17:03:12	apavlenko	2012-10-23 07:23:49	samples/android/tutorial-4-mixed/res/layout/tutorial4_surface_view.xml	False	True	True	True
80	asmorkalov	2012-10-22 17:03:12	apavlenko	2012-10-23 07:23:49	samples/android/tutorial-4-mixed/src/org/opencv/samples/tutorial4/Sample4Mixed.java	False	True	True	True
80	asmorkalov	2012-10-22 17:03:12	apavlenko	2012-10-23 07:23:49	modules/java/generator/src/java/framework+OpenCvJavaCameraView.java	True	True	True	True
80	asmorkalov	2012-10-22 17:03:12	apavlenko	2012-10-23 07:46:47	samples/android/15-puzzle/AndroidManifest.xml	True	True	True	True
80	asmorkalov	2012-10-22 17:03:12	apavlenko	2012-10-23 07:46:47	samples/android/tutorial-2-opencvcamera/src/org/opencv/samples/tutorial2/SampleCvViewBase.java	True	True	True	True
80	asmorkalov	2012-10-22 17:03:12	apavlenko	2012-10-23 07:46:47	modules/java/CMakeLists.txt	True	True	True	True
80	asmorkalov	2012-10-22 17:03:12	apavlenko	2012-10-23 07:46:47	samples/android/15-puzzle-framework/res/drawable-hdpi/ic_launcher.png	True	True	True	True
80	asmorkalov	2012-10-22 17:03:12	apavlenko	2012-10-23 07:46:47	samples/android/15-puzzle-framework/res/drawable-ldpi/ic_launcher.png	True	True	True	True
80	asmorkalov	2012-10-22 17:03:12	apavlenko	2012-10-23 07:46:47	samples/android/15-puzzle-framework/res/drawable-mdpi/ic_action_search.png	True	True	True	True
80	asmorkalov	2012-10-22 17:03:12	apavlenko	2012-10-23 07:46:47	samples/android/15-puzzle-framework/res/drawable-mdpi/ic_launcher.png	True	True	True	True
80	asmorkalov	2012-10-22 17:03:12	apavlenko	2012-10-23 07:46:47	samples/android/15-puzzle-framework/res/drawable-xhdpi/ic_action_search.png	True	True	True	True
80	asmorkalov	2012-10-22 17:03:12	apavlenko	2012-10-23 07:46:47	samples/android/15-puzzle-framework/res/drawable-xhdpi/ic_launcher.png	True	True	True	True
80	asmorkalov	2012-10-22 17:03:12	apavlenko	2012-10-23 07:46:47	samples/android/15-puzzle-framework/res/layout/activity_puzzle15.xml	True	True	True	True
80	asmorkalov	2012-10-22 17:03:12	apavlenko	2012-10-23 07:46:47	samples/android/15-puzzle-framework/res/menu/activity_puzzle15.xml	True	True	True	True
80	asmorkalov	2012-10-22 17:03:12	apavlenko	2012-10-23 07:46:47	samples/android/15-puzzle-framework/res/values/strings.xml	True	True	True	True
80	asmorkalov	2012-10-22 17:03:12	apavlenko	2012-10-23 07:46:47	samples/android/15-puzzle-framework/res/values/styles.xml	True	True	True	True
80	asmorkalov	2012-10-22 17:03:12	apavlenko	2012-10-23 07:46:47	samples/android/15-puzzle-framework/src/org/opencv/samples/puzzle15/Puzzle15Activity.java	True	True	True	True
80	asmorkalov	2012-10-22 17:03:12	apavlenko	2012-10-23 07:46:47	samples/android/15-puzzle-framework/src/org/opencv/samples/puzzle15/Puzzle15Processor.java	True	True	True	True
80	asmorkalov	2012-10-22 17:03:12	apavlenko	2012-10-23 07:46:47	samples/android/tutorial-1-addopencv/res/layout/tutorial1_surface_view.xml	True	True	True	True
80	asmorkalov	2012-10-22 17:03:12	apavlenko	2012-10-23 07:46:47	samples/android/15-puzzle-framework/libs/android-support-v4.jar	True	True	True	True
80	asmorkalov	2012-10-22 17:03:12	apavlenko	2012-10-23 07:46:47	samples/android/tutorial-1-addopencv/src/org/opencv/samples/tutorial1/Sample1Java.java	True	True	True	True
80	asmorkalov	2012-10-22 17:03:12	apavlenko	2012-10-23 07:46:47	samples/android/tutorial-1-addopencv/src/org/opencv/samples/tutorial1/Sample1View.java	True	True	True	True
80	asmorkalov	2012-10-22 17:03:12	apavlenko	2012-10-23 07:46:47	samples/android/tutorial-1-addopencv/src/org/opencv/samples/tutorial1/SampleViewBase.java	True	True	True	True
80	asmorkalov	2012-10-22 17:03:12	apavlenko	2012-10-23 07:46:47	samples/android/tutorial-3-native/jni/jni_part.cpp	True	True	True	True
80	asmorkalov	2012-10-22 17:03:12	apavlenko	2012-10-23 07:46:47	samples/android/tutorial-3-native/res/layout/tutorial3_surface_view.xml	True	True	True	True
80	asmorkalov	2012-10-22 17:03:12	apavlenko	2012-10-23 07:46:47	samples/android/tutorial-3-native/src/org/opencv/samples/tutorial3/Sample3Native.java	True	True	True	True
80	asmorkalov	2012-10-22 17:03:12	apavlenko	2012-10-23 07:46:47	samples/android/tutorial-3-native/src/org/opencv/samples/tutorial3/Sample3View.java	True	True	True	True
80	asmorkalov	2012-10-22 17:03:12	apavlenko	2012-10-23 07:46:47	samples/android/tutorial-3-native/src/org/opencv/samples/tutorial3/SampleViewBase.java	True	True	True	True
80	asmorkalov	2012-10-22 17:03:12	apavlenko	2012-10-23 07:46:47	samples/android/tutorial-4-mixed/AndroidManifest.xml	True	True	True	True
80	asmorkalov	2012-10-22 17:03:12	apavlenko	2012-10-23 07:46:47	samples/android/tutorial-4-mixed/jni/jni_part.cpp	True	True	True	True
80	asmorkalov	2012-10-22 17:03:12	apavlenko	2012-10-23 07:46:47	samples/android/tutorial-4-mixed/res/layout/tutorial4_surface_view.xml	True	True	True	True
80	asmorkalov	2012-10-22 17:03:12	apavlenko	2012-10-23 07:46:47	samples/android/tutorial-4-mixed/src/org/opencv/samples/tutorial4/Sample4Mixed.java	True	True	True	True
80	asmorkalov	2012-10-22 17:03:12	apavlenko	2012-10-23 07:46:47	samples/android/15-puzzle-framework/res/drawable-hdpi/ic_action_search.png	True	True	True	True
80	asmorkalov	2012-10-22 17:03:12	apavlenko	2012-10-23 07:46:47	samples/android/15-puzzle-framework/ic_launcher-web.png	True	True	True	True
80	asmorkalov	2012-10-22 17:03:12	apavlenko	2012-10-23 07:46:47	samples/android/tutorial-2-opencvcamera/src/org/opencv/samples/tutorial2/Sample2View.java	True	True	True	True
80	asmorkalov	2012-10-22 17:03:12	apavlenko	2012-10-23 07:46:47	samples/android/camera-preview/res/drawable/ic_action_search.png	True	True	True	True
80	asmorkalov	2012-10-22 17:03:12	apavlenko	2012-10-23 07:13:58	modules/java/generator/src/java/framework+OpenCvCameraBridgeViewBase.java	True	True	True	True
80	asmorkalov	2012-10-22 17:03:12	apavlenko	2012-10-23 07:46:47	modules/java/generator/src/java/framework+OpenCvNativeCameraView.java	True	True	True	True
80	asmorkalov	2012-10-22 17:03:12	apavlenko	2012-10-23 07:46:47	samples/android/15-puzzle-framework/src/org/opencv/framework/OpenCvJavaCameraView.java	True	True	True	True
80	asmorkalov	2012-10-22 17:03:12	apavlenko	2012-10-23 07:46:47	samples/android/15-puzzle-framework/src/org/opencv/framework/OpenCvCameraBridgeViewBase.java	True	True	True	True
80	asmorkalov	2012-10-22 17:03:12	apavlenko	2012-10-23 07:46:47	samples/android/15-puzzle-framework/src/org/opencv/framework/OpenCvNativeCameraView.java	True	True	True	True
80	asmorkalov	2012-10-22 17:03:12	apavlenko	2012-10-23 07:46:47	samples/android/15-puzzle-framework/AndroidManifest.xml	True	True	True	True
80	asmorkalov	2012-10-22 17:03:12	apavlenko	2012-10-23 07:46:47	samples/android/CMakeLists.txt	True	True	True	True
80	asmorkalov	2012-10-22 17:03:12	apavlenko	2012-10-23 07:46:47	samples/android/camera-preview/.classpath	True	True	True	True
80	asmorkalov	2012-10-22 17:03:12	apavlenko	2012-10-23 07:46:47	samples/android/camera-preview/.project	True	True	True	True
80	asmorkalov	2012-10-22 17:03:12	apavlenko	2012-10-23 07:46:47	samples/android/camera-preview/.settings/org.eclipse.jdt.core.prefs	True	True	True	True
80	asmorkalov	2012-10-22 17:03:12	apavlenko	2012-10-23 07:46:47	samples/android/camera-preview/AndroidManifest.xml	True	True	True	True
80	asmorkalov	2012-10-22 17:03:12	apavlenko	2012-10-23 07:46:47	samples/android/camera-preview/CMakeLists.txt	True	True	True	True
80	asmorkalov	2012-10-22 17:03:12	apavlenko	2012-10-23 07:46:47	samples/android/camera-preview/res/drawable/ic_launcher.png	True	True	True	True
80	asmorkalov	2012-10-22 17:03:12	apavlenko	2012-10-23 07:46:47	samples/android/15-puzzle-framework/.project	True	True	True	True
80	asmorkalov	2012-10-22 17:03:12	apavlenko	2012-10-23 07:46:47	samples/android/camera-preview/res/layout/activity_camera_writer.xml	True	True	True	True
80	asmorkalov	2012-10-22 17:03:12	apavlenko	2012-10-23 07:46:47	samples/android/camera-preview/res/menu/activity_camera_writer.xml	True	True	True	True
80	asmorkalov	2012-10-22 17:03:12	apavlenko	2012-10-23 07:46:47	samples/android/camera-preview/res/values-v11/styles.xml	True	True	True	True
80	asmorkalov	2012-10-22 17:03:12	apavlenko	2012-10-23 07:46:47	samples/android/camera-preview/res/values/strings.xml	True	True	True	True
80	asmorkalov	2012-10-22 17:03:12	apavlenko	2012-10-23 07:46:47	samples/android/camera-preview/res/values/styles.xml	True	True	True	True
80	asmorkalov	2012-10-22 17:03:12	apavlenko	2012-10-23 07:46:47	samples/android/camera-preview/src/org/opencv/test/camerawriter/CameraWriterActivity.java	True	True	True	True
80	asmorkalov	2012-10-22 17:03:12	apavlenko	2012-10-23 07:46:47	samples/android/camera-preview/src/org/opencv/test/camerawriter/OpenCvCameraBridgeViewBase.java	True	True	True	True
80	asmorkalov	2012-10-22 17:03:12	apavlenko	2012-10-23 07:46:47	samples/android/camera-preview/src/org/opencv/test/camerawriter/OpenCvNativeCameraView.java	True	True	True	True
80	asmorkalov	2012-10-22 17:03:12	apavlenko	2012-10-23 07:46:47	samples/android/camera-preview/src/org/opencv/test/camerawriter/CameraViewBase.java	True	True	True	True
80	asmorkalov	2012-10-22 17:03:12	apavlenko	2012-10-23 07:46:47	samples/android/camera-preview/src/org/opencv/test/camerawriter/NativeCameraView.java	True	True	True	True
80	asmorkalov	2012-10-22 17:03:12	apavlenko	2012-10-23 07:46:47	samples/android/camera-preview/src/org/opencv/test/camerawriter/PreviewActivity.java	True	True	True	True
80	asmorkalov	2012-10-22 17:03:12	apavlenko	2012-10-23 07:46:47	samples/android/15-puzzle-framework/.classpath	True	True	True	True
80	asmorkalov	2012-10-22 17:03:12	apavlenko	2012-10-23 07:46:47	samples/android/tutorial-4-mixed/src/org/opencv/samples/tutorial4/Sample4View.java	True	True	True	True
80	asmorkalov	2012-10-22 17:03:12	apavlenko	2012-10-23 07:46:47	samples/android/tutorial-4-mixed/src/org/opencv/samples/tutorial4/SampleViewBase.java	True	True	True	True
80	asmorkalov	2012-10-22 17:03:12	apavlenko	2012-10-23 07:46:47	modules/java/generator/src/java/android+JavaCameraView.java	False	True	True	True
80	asmorkalov	2012-10-22 17:03:12	apavlenko	2012-10-23 07:46:47	samples/android/15-puzzle/src/org/opencv/samples/puzzle15/puzzle15Activity.java	True	True	True	True
80	asmorkalov	2012-10-22 17:03:12	apavlenko	2012-10-23 07:46:47	samples/android/face-detection/src/org/opencv/samples/fd/FdActivity.java	True	True	True	True
80	asmorkalov	2012-10-22 17:03:12	apavlenko	2012-10-23 07:46:47	samples/android/face-detection/src/org/opencv/samples/fd/FdView.java	True	True	True	True
80	asmorkalov	2012-10-22 17:03:12	apavlenko	2012-10-23 07:46:47	samples/android/face-detection/src/org/opencv/samples/fd/SampleCvViewBase.java	True	True	True	True
80	asmorkalov	2012-10-22 17:03:12	apavlenko	2012-10-23 07:46:47	samples/android/15-puzzle/.classpath	True	True	True	True
80	asmorkalov	2012-10-22 17:03:12	apavlenko	2012-10-23 07:46:47	samples/android/15-puzzle/.project	True	True	True	True
80	asmorkalov	2012-10-22 17:03:12	apavlenko	2012-10-23 07:46:47	samples/android/15-puzzle/.settings/org.eclipse.jdt.core.prefs	True	True	True	True
80	asmorkalov	2012-10-22 17:03:12	apavlenko	2012-10-23 07:46:47	samples/android/15-puzzle/res/layout/activity_puzzle15.xml	True	True	True	True
80	asmorkalov	2012-10-22 17:03:12	apavlenko	2012-10-23 07:46:47	samples/android/15-puzzle/res/menu/activity_puzzle15.xml	True	True	True	True
80	asmorkalov	2012-10-22 17:03:12	apavlenko	2012-10-23 07:46:47	samples/android/15-puzzle/res/values/strings.xml	True	True	True	True
80	asmorkalov	2012-10-22 17:03:12	apavlenko	2012-10-23 07:46:47	samples/android/15-puzzle/src/org/opencv/samples/puzzle15/Puzzle15Activity.java	True	True	True	True
80	asmorkalov	2012-10-22 17:03:12	apavlenko	2012-10-23 07:46:47	samples/android/15-puzzle/src/org/opencv/samples/puzzle15/Puzzle15Processor.java	True	True	True	True
80	asmorkalov	2012-10-22 17:03:12	apavlenko	2012-10-23 07:46:47	samples/android/15-puzzle/src/org/opencv/samples/puzzle15/SampleCvViewBase.java	True	True	True	True
80	asmorkalov	2012-10-22 17:03:12	apavlenko	2012-10-23 07:46:47	samples/android/15-puzzle/src/org/opencv/samples/puzzle15/puzzle15View.java	True	True	True	True
80	asmorkalov	2012-10-22 17:03:12	apavlenko	2012-10-23 07:46:47	samples/android/15-puzzle/AndroidManifest.xml	False	True	True	True
80	asmorkalov	2012-10-22 17:03:12	apavlenko	2012-10-23 07:46:47	samples/android/tutorial-0-androidcamera/src/org/opencv/samples/tutorial0/Sample0Base.java	True	True	True	True
80	asmorkalov	2012-10-22 17:03:12	apavlenko	2012-10-23 07:46:47	samples/android/tutorial-0-androidcamera/src/org/opencv/samples/tutorial0/SampleViewBase.java	True	True	True	True
80	asmorkalov	2012-10-22 17:03:12	apavlenko	2012-10-23 07:46:47	samples/android/color-blob-detection/res/layout/color_blob_detection_surface_view.xml	True	True	True	True
80	asmorkalov	2012-10-22 17:03:12	apavlenko	2012-10-23 07:46:47	samples/android/color-blob-detection/src/org/opencv/samples/colorblobdetect/ColorBlobDetectionActivity.java	True	True	True	True
80	asmorkalov	2012-10-22 17:03:12	apavlenko	2012-10-23 07:46:47	samples/android/color-blob-detection/src/org/opencv/samples/colorblobdetect/ColorBlobDetectionView.java	True	True	True	True
80	asmorkalov	2012-10-22 17:03:12	apavlenko	2012-10-23 07:46:47	samples/android/color-blob-detection/src/org/opencv/samples/colorblobdetect/SampleCvViewBase.java	True	True	True	True
80	asmorkalov	2012-10-22 17:03:12	apavlenko	2012-10-23 07:46:47	samples/android/image-manipulations/res/layout/image_manipulations_surface_view.xml	True	True	True	True
80	asmorkalov	2012-10-22 17:03:12	apavlenko	2012-10-23 07:46:47	samples/android/image-manipulations/src/org/opencv/samples/imagemanipulations/ImageManipulationsActivity.java	True	True	True	True
80	asmorkalov	2012-10-22 17:03:12	apavlenko	2012-10-23 07:46:47	samples/android/image-manipulations/src/org/opencv/samples/imagemanipulations/ImageManipulationsView.java	True	True	True	True
80	asmorkalov	2012-10-22 17:03:12	apavlenko	2012-10-23 07:46:47	samples/android/image-manipulations/src/org/opencv/samples/imagemanipulations/SampleCvViewBase.java	True	True	True	True
80	asmorkalov	2012-10-22 17:03:12	apavlenko	2012-10-23 07:46:47	samples/android/tutorial-2-opencvcamera/res/layout/tutorial2_surface_view.xml	True	True	True	True
80	asmorkalov	2012-10-22 17:03:12	apavlenko	2012-10-23 07:46:47	samples/android/tutorial-2-opencvcamera/src/org/opencv/samples/tutorial2/Sample2NativeCamera.java	True	True	True	True
80	asmorkalov	2012-10-22 17:03:12	apavlenko	2012-10-23 07:46:47	samples/android/face-detection/res/layout/face_detect_surface_view.xml	True	True	True	True
80	asmorkalov	2012-10-22 17:03:12	apavlenko	2012-10-23 07:46:47	samples/android/15-puzzle/CMakeLists.txt	True	True	True	True
80	asmorkalov	2012-10-22 17:03:12	apavlenko	2012-10-23 07:46:47	samples/android/tutorial-4-mixed/src/org/opencv/samples/tutorial4/Sample4Mixed.java	False	True	True	True
80	asmorkalov	2012-10-22 17:03:12	apavlenko	2012-10-23 07:46:47	samples/android/tutorial-4-mixed/res/layout/tutorial4_surface_view.xml	False	True	True	True
80	asmorkalov	2012-10-22 17:03:12	apavlenko	2012-10-23 07:46:47	samples/android/image-manipulations/src/org/opencv/samples/imagemanipulations/ImageManipulationsActivity.java	False	True	True	True
80	asmorkalov	2012-10-22 17:03:12	apavlenko	2012-10-23 07:46:47	modules/java/generator/src/java/android+CameraBridgeViewBase.java	False	True	True	True
80	asmorkalov	2012-10-22 17:03:12	apavlenko	2012-10-23 07:46:47	modules/java/generator/src/java/android+NativeCameraView.java	False	True	True	True
80	asmorkalov	2012-10-22 17:03:12	apavlenko	2012-10-23 07:46:47	samples/android/15-puzzle/.settings/org.eclipse.jdt.core.prefs	False	True	True	True
80	asmorkalov	2012-10-22 17:03:12	apavlenko	2012-10-23 07:46:47	samples/android/15-puzzle/res/layout/activity_puzzle15.xml	False	True	True	True
80	asmorkalov	2012-10-22 17:03:12	apavlenko	2012-10-23 07:46:47	samples/android/15-puzzle/src/org/opencv/samples/puzzle15/Puzzle15Activity.java	False	True	True	True
80	asmorkalov	2012-10-22 17:03:12	apavlenko	2012-10-23 07:46:47	samples/android/color-blob-detection/.classpath	False	True	True	True
80	asmorkalov	2012-10-22 17:03:12	apavlenko	2012-10-23 07:46:47	samples/android/color-blob-detection/res/layout/color_blob_detection_surface_view.xml	False	True	True	True
80	asmorkalov	2012-10-22 17:03:12	apavlenko	2012-10-23 07:46:47	samples/android/color-blob-detection/src/org/opencv/samples/colorblobdetect/ColorBlobDetectionActivity.java	False	True	True	True
80	asmorkalov	2012-10-22 17:03:12	apavlenko	2012-10-23 07:46:47	samples/android/face-detection/.classpath	False	True	True	True
80	asmorkalov	2012-10-22 17:03:12	apavlenko	2012-10-23 07:46:47	samples/android/face-detection/res/layout/face_detect_surface_view.xml	False	True	True	True
80	asmorkalov	2012-10-22 17:03:12	apavlenko	2012-10-23 07:46:47	samples/android/face-detection/src/org/opencv/samples/fd/FdActivity.java	False	True	True	True
80	asmorkalov	2012-10-22 17:03:12	apavlenko	2012-10-23 07:46:47	samples/android/image-manipulations/.classpath	False	True	True	True
80	asmorkalov	2012-10-22 17:03:12	apavlenko	2012-10-23 07:46:47	samples/android/image-manipulations/res/layout/image_manipulations_surface_view.xml	False	True	True	True
80	asmorkalov	2012-10-22 17:03:12	apavlenko	2012-10-23 07:46:47	samples/android/tutorial-0-androidcamera/.classpath	False	True	True	True
80	asmorkalov	2012-10-22 17:03:12	apavlenko	2012-10-23 07:46:47	samples/android/tutorial-1-addopencv/.classpath	False	True	True	True
80	asmorkalov	2012-10-22 17:03:12	apavlenko	2012-10-23 07:46:47	samples/android/tutorial-1-addopencv/res/layout/tutorial1_surface_view.xml	False	True	True	True
80	asmorkalov	2012-10-22 17:03:12	apavlenko	2012-10-23 07:46:47	samples/android/tutorial-1-addopencv/src/org/opencv/samples/tutorial1/Sample1Java.java	False	True	True	True
80	asmorkalov	2012-10-22 17:03:12	apavlenko	2012-10-23 07:46:47	samples/android/tutorial-2-opencvcamera/.classpath	False	True	True	True
80	asmorkalov	2012-10-22 17:03:12	apavlenko	2012-10-23 07:46:47	samples/android/tutorial-2-opencvcamera/res/layout/tutorial2_surface_view.xml	False	True	True	True
80	asmorkalov	2012-10-22 17:03:12	apavlenko	2012-10-23 07:46:47	samples/android/tutorial-2-opencvcamera/src/org/opencv/samples/tutorial2/Sample2NativeCamera.java	False	True	True	True
80	asmorkalov	2012-10-22 17:03:12	apavlenko	2012-10-23 07:46:47	samples/android/tutorial-3-native/.classpath	False	True	True	True
80	asmorkalov	2012-10-22 17:03:12	apavlenko	2012-10-23 07:46:47	samples/android/tutorial-3-native/res/layout/tutorial3_surface_view.xml	False	True	True	True
80	asmorkalov	2012-10-22 17:03:12	apavlenko	2012-10-23 07:46:47	samples/android/tutorial-3-native/src/org/opencv/samples/tutorial3/Sample3Native.java	False	True	True	True
80	asmorkalov	2012-10-22 17:03:12	apavlenko	2012-10-23 07:46:47	samples/android/tutorial-4-mixed/.classpath	False	True	True	True
80	asmorkalov	2012-10-22 17:03:12	apavlenko	2012-10-23 07:23:49	samples/android/tutorial-2-opencvcamera/src/org/opencv/samples/tutorial2/SampleCvViewBase.java	True	True	True	True
80	asmorkalov	2012-10-22 17:03:12	apavlenko	2012-10-23 07:46:47	modules/java/generator/src/java/framework+OpenCvJavaCameraView.java	True	True	True	True
80	asmorkalov	2012-10-22 17:03:12	apavlenko	2012-10-23 07:13:58	modules/java/generator/src/java/framework+OpenCvJavaCameraView.java	True	True	True	True
80	asmorkalov	2012-10-22 17:03:12	apavlenko	2012-10-23 07:30:13	samples/android/tutorial-1-addopencv/src/org/opencv/samples/tutorial1/Sample1Java.java	True	True	True	True
80	asmorkalov	2012-10-22 17:03:12	apavlenko	2012-10-23 07:30:13	samples/android/15-puzzle-framework/res/drawable-mdpi/ic_action_search.png	True	True	True	True
80	asmorkalov	2012-10-22 17:03:12	apavlenko	2012-10-23 07:30:13	samples/android/15-puzzle-framework/res/drawable-mdpi/ic_launcher.png	True	True	True	True
80	asmorkalov	2012-10-22 17:03:12	apavlenko	2012-10-23 07:30:13	samples/android/15-puzzle-framework/res/drawable-xhdpi/ic_action_search.png	True	True	True	True
80	asmorkalov	2012-10-22 17:03:12	apavlenko	2012-10-23 07:30:13	samples/android/15-puzzle-framework/res/drawable-xhdpi/ic_launcher.png	True	True	True	True
80	asmorkalov	2012-10-22 17:03:12	apavlenko	2012-10-23 07:30:13	samples/android/15-puzzle-framework/res/layout/activity_puzzle15.xml	True	True	True	True
80	asmorkalov	2012-10-22 17:03:12	apavlenko	2012-10-23 07:30:13	samples/android/15-puzzle-framework/res/menu/activity_puzzle15.xml	True	True	True	True
80	asmorkalov	2012-10-22 17:03:12	apavlenko	2012-10-23 07:30:13	samples/android/15-puzzle-framework/res/values/strings.xml	True	True	True	True
80	asmorkalov	2012-10-22 17:03:12	apavlenko	2012-10-23 07:30:13	samples/android/15-puzzle-framework/res/values/styles.xml	True	True	True	True
80	asmorkalov	2012-10-22 17:03:12	apavlenko	2012-10-23 07:30:13	samples/android/15-puzzle-framework/src/org/opencv/samples/puzzle15/Puzzle15Activity.java	True	True	True	True
80	asmorkalov	2012-10-22 17:03:12	apavlenko	2012-10-23 07:30:13	samples/android/15-puzzle-framework/src/org/opencv/samples/puzzle15/Puzzle15Processor.java	True	True	True	True
80	asmorkalov	2012-10-22 17:03:12	apavlenko	2012-10-23 07:30:13	modules/java/CMakeLists.txt	True	True	True	True
80	asmorkalov	2012-10-22 17:03:12	apavlenko	2012-10-23 07:30:13	samples/android/tutorial-1-addopencv/res/layout/tutorial1_surface_view.xml	True	True	True	True
80	asmorkalov	2012-10-22 17:03:12	apavlenko	2012-10-23 07:30:13	samples/android/tutorial-1-addopencv/src/org/opencv/samples/tutorial1/Sample1View.java	True	True	True	True
80	asmorkalov	2012-10-22 17:03:12	apavlenko	2012-10-23 07:30:13	samples/android/15-puzzle-framework/res/drawable-hdpi/ic_launcher.png	True	True	True	True
80	asmorkalov	2012-10-22 17:03:12	apavlenko	2012-10-23 07:30:13	samples/android/tutorial-1-addopencv/src/org/opencv/samples/tutorial1/SampleViewBase.java	True	True	True	True
80	asmorkalov	2012-10-22 17:03:12	apavlenko	2012-10-23 07:30:13	samples/android/tutorial-3-native/jni/jni_part.cpp	True	True	True	True
80	asmorkalov	2012-10-22 17:03:12	apavlenko	2012-10-23 07:30:13	samples/android/tutorial-3-native/res/layout/tutorial3_surface_view.xml	True	True	True	True
80	asmorkalov	2012-10-22 17:03:12	apavlenko	2012-10-23 07:30:13	samples/android/tutorial-3-native/src/org/opencv/samples/tutorial3/Sample3Native.java	True	True	True	True
80	asmorkalov	2012-10-22 17:03:12	apavlenko	2012-10-23 07:30:13	samples/android/tutorial-3-native/src/org/opencv/samples/tutorial3/Sample3View.java	True	True	True	True
80	asmorkalov	2012-10-22 17:03:12	apavlenko	2012-10-23 07:30:13	samples/android/tutorial-3-native/src/org/opencv/samples/tutorial3/SampleViewBase.java	True	True	True	True
80	asmorkalov	2012-10-22 17:03:12	apavlenko	2012-10-23 07:30:13	samples/android/tutorial-4-mixed/AndroidManifest.xml	True	True	True	True
80	asmorkalov	2012-10-22 17:03:12	apavlenko	2012-10-23 07:30:13	samples/android/tutorial-4-mixed/jni/jni_part.cpp	True	True	True	True
80	asmorkalov	2012-10-22 17:03:12	apavlenko	2012-10-23 07:30:13	samples/android/tutorial-4-mixed/res/layout/tutorial4_surface_view.xml	True	True	True	True
80	asmorkalov	2012-10-22 17:03:12	apavlenko	2012-10-23 07:30:13	samples/android/tutorial-4-mixed/src/org/opencv/samples/tutorial4/Sample4Mixed.java	True	True	True	True
80	asmorkalov	2012-10-22 17:03:12	apavlenko	2012-10-23 07:30:13	samples/android/tutorial-4-mixed/src/org/opencv/samples/tutorial4/Sample4View.java	True	True	True	True
80	asmorkalov	2012-10-22 17:03:12	apavlenko	2012-10-23 07:30:13	samples/android/tutorial-4-mixed/src/org/opencv/samples/tutorial4/SampleViewBase.java	True	True	True	True
80	asmorkalov	2012-10-22 17:03:12	apavlenko	2012-10-23 07:30:13	samples/android/15-puzzle-framework/res/drawable-ldpi/ic_launcher.png	True	True	True	True
80	asmorkalov	2012-10-22 17:03:12	apavlenko	2012-10-23 07:30:13	samples/android/15-puzzle-framework/res/drawable-hdpi/ic_action_search.png	True	True	True	True
80	asmorkalov	2012-10-22 17:03:12	apavlenko	2012-10-23 07:30:13	samples/android/15-puzzle/AndroidManifest.xml	False	True	True	True
80	asmorkalov	2012-10-22 17:03:12	apavlenko	2012-10-23 07:30:13	samples/android/camera-preview/res/layout/activity_camera_writer.xml	True	True	True	True
80	asmorkalov	2012-10-22 17:03:12	apavlenko	2012-10-23 07:30:13	samples/android/15-puzzle-framework/src/org/opencv/framework/OpenCvJavaCameraView.java	True	True	True	True
80	asmorkalov	2012-10-22 17:03:12	apavlenko	2012-10-23 07:30:13	samples/android/15-puzzle-framework/src/org/opencv/framework/OpenCvCameraBridgeViewBase.java	True	True	True	True
80	asmorkalov	2012-10-22 17:03:12	apavlenko	2012-10-23 07:30:13	samples/android/15-puzzle-framework/src/org/opencv/framework/OpenCvNativeCameraView.java	True	True	True	True
80	asmorkalov	2012-10-22 17:03:12	apavlenko	2012-10-23 07:30:13	samples/android/15-puzzle-framework/AndroidManifest.xml	True	True	True	True
80	asmorkalov	2012-10-22 17:03:12	apavlenko	2012-10-23 07:30:13	samples/android/CMakeLists.txt	True	True	True	True
80	asmorkalov	2012-10-22 17:03:12	apavlenko	2012-10-23 07:30:13	samples/android/camera-preview/.classpath	True	True	True	True
80	asmorkalov	2012-10-22 17:03:12	apavlenko	2012-10-23 07:30:13	samples/android/camera-preview/.project	True	True	True	True
80	asmorkalov	2012-10-22 17:03:12	apavlenko	2012-10-23 07:30:13	samples/android/camera-preview/.settings/org.eclipse.jdt.core.prefs	True	True	True	True
80	asmorkalov	2012-10-22 17:03:12	apavlenko	2012-10-23 07:30:13	samples/android/camera-preview/AndroidManifest.xml	True	True	True	True
80	asmorkalov	2012-10-22 17:03:12	apavlenko	2012-10-23 07:30:13	samples/android/camera-preview/CMakeLists.txt	True	True	True	True
80	asmorkalov	2012-10-22 17:03:12	apavlenko	2012-10-23 07:30:13	samples/android/camera-preview/res/drawable/ic_action_search.png	True	True	True	True
80	asmorkalov	2012-10-22 17:03:12	apavlenko	2012-10-23 07:30:13	samples/android/camera-preview/res/drawable/ic_launcher.png	True	True	True	True
80	asmorkalov	2012-10-22 17:03:12	apavlenko	2012-10-23 07:30:13	samples/android/camera-preview/res/menu/activity_camera_writer.xml	True	True	True	True
80	asmorkalov	2012-10-22 17:03:12	apavlenko	2012-10-23 07:30:13	samples/android/15-puzzle-framework/libs/android-support-v4.jar	True	True	True	True
80	asmorkalov	2012-10-22 17:03:12	apavlenko	2012-10-23 07:30:13	samples/android/camera-preview/res/values-v11/styles.xml	True	True	True	True
80	asmorkalov	2012-10-22 17:03:12	apavlenko	2012-10-23 07:30:13	samples/android/camera-preview/res/values/strings.xml	True	True	True	True
80	asmorkalov	2012-10-22 17:03:12	apavlenko	2012-10-23 07:30:13	samples/android/camera-preview/res/values/styles.xml	True	True	True	True
80	asmorkalov	2012-10-22 17:03:12	apavlenko	2012-10-23 07:30:13	samples/android/camera-preview/src/org/opencv/test/camerawriter/CameraWriterActivity.java	True	True	True	True
80	asmorkalov	2012-10-22 17:03:12	apavlenko	2012-10-23 07:30:13	samples/android/camera-preview/src/org/opencv/test/camerawriter/OpenCvCameraBridgeViewBase.java	True	True	True	True
80	asmorkalov	2012-10-22 17:03:12	apavlenko	2012-10-23 07:30:13	samples/android/camera-preview/src/org/opencv/test/camerawriter/OpenCvNativeCameraView.java	True	True	True	True
80	asmorkalov	2012-10-22 17:03:12	apavlenko	2012-10-23 07:30:13	samples/android/camera-preview/src/org/opencv/test/camerawriter/CameraViewBase.java	True	True	True	True
80	asmorkalov	2012-10-22 17:03:12	apavlenko	2012-10-23 07:30:13	samples/android/camera-preview/src/org/opencv/test/camerawriter/NativeCameraView.java	True	True	True	True
80	asmorkalov	2012-10-22 17:03:12	apavlenko	2012-10-23 07:30:13	samples/android/camera-preview/src/org/opencv/test/camerawriter/PreviewActivity.java	True	True	True	True
80	asmorkalov	2012-10-22 17:03:12	apavlenko	2012-10-23 07:30:13	samples/android/15-puzzle-framework/.classpath	True	True	True	True
80	asmorkalov	2012-10-22 17:03:12	apavlenko	2012-10-23 07:30:13	samples/android/15-puzzle-framework/.project	True	True	True	True
80	asmorkalov	2012-10-22 17:03:12	apavlenko	2012-10-23 07:30:13	samples/android/15-puzzle-framework/ic_launcher-web.png	True	True	True	True
80	asmorkalov	2012-10-22 17:03:12	apavlenko	2012-10-23 07:30:13	modules/java/generator/src/java/android+JavaCameraView.java	False	True	True	True
80	asmorkalov	2012-10-22 17:03:12	apavlenko	2012-10-23 07:30:13	samples/android/image-manipulations/src/org/opencv/samples/imagemanipulations/ImageManipulationsActivity.java	False	True	True	True
80	asmorkalov	2012-10-22 17:03:12	apavlenko	2012-10-23 07:13:58	modules/java/generator/src/java/framework+OpenCvNativeCameraView.java	True	True	True	True
80	asmorkalov	2012-10-22 17:03:12	apavlenko	2012-10-23 07:30:13	samples/android/tutorial-0-androidcamera/src/org/opencv/samples/tutorial0/Sample0Base.java	True	True	True	True
80	asmorkalov	2012-10-22 17:03:12	apavlenko	2012-10-23 07:30:13	samples/android/face-detection/src/org/opencv/samples/fd/SampleCvViewBase.java	True	True	True	True
80	asmorkalov	2012-10-22 17:03:12	apavlenko	2012-10-23 07:30:13	samples/android/15-puzzle/.classpath	True	True	True	True
80	asmorkalov	2012-10-22 17:03:12	apavlenko	2012-10-23 07:30:13	samples/android/15-puzzle/.project	True	True	True	True
80	asmorkalov	2012-10-22 17:03:12	apavlenko	2012-10-23 07:30:13	samples/android/15-puzzle/.settings/org.eclipse.jdt.core.prefs	True	True	True	True
80	asmorkalov	2012-10-22 17:03:12	apavlenko	2012-10-23 07:30:13	samples/android/15-puzzle/res/layout/activity_puzzle15.xml	True	True	True	True
80	asmorkalov	2012-10-22 17:03:12	apavlenko	2012-10-23 07:30:13	samples/android/15-puzzle/res/menu/activity_puzzle15.xml	True	True	True	True
80	asmorkalov	2012-10-22 17:03:12	apavlenko	2012-10-23 07:30:13	samples/android/15-puzzle/res/values/strings.xml	True	True	True	True
80	asmorkalov	2012-10-22 17:03:12	apavlenko	2012-10-23 07:30:13	samples/android/15-puzzle/src/org/opencv/samples/puzzle15/Puzzle15Activity.java	True	True	True	True
80	asmorkalov	2012-10-22 17:03:12	apavlenko	2012-10-23 07:30:13	samples/android/15-puzzle/src/org/opencv/samples/puzzle15/Puzzle15Processor.java	True	True	True	True
80	asmorkalov	2012-10-22 17:03:12	apavlenko	2012-10-23 07:30:13	samples/android/15-puzzle/src/org/opencv/samples/puzzle15/SampleCvViewBase.java	True	True	True	True
80	asmorkalov	2012-10-22 17:03:12	apavlenko	2012-10-23 07:30:13	samples/android/15-puzzle/src/org/opencv/samples/puzzle15/puzzle15Activity.java	True	True	True	True
80	asmorkalov	2012-10-22 17:03:12	apavlenko	2012-10-23 07:30:13	samples/android/15-puzzle/src/org/opencv/samples/puzzle15/puzzle15View.java	True	True	True	True
80	asmorkalov	2012-10-22 17:03:12	apavlenko	2012-10-23 07:30:13	samples/android/tutorial-0-androidcamera/src/org/opencv/samples/tutorial0/SampleViewBase.java	True	True	True	True
80	asmorkalov	2012-10-22 17:03:12	apavlenko	2012-10-23 07:30:13	samples/android/face-detection/src/org/opencv/samples/fd/FdActivity.java	True	True	True	True
80	asmorkalov	2012-10-22 17:03:12	apavlenko	2012-10-23 07:30:13	samples/android/color-blob-detection/res/layout/color_blob_detection_surface_view.xml	True	True	True	True
80	asmorkalov	2012-10-22 17:03:12	apavlenko	2012-10-23 07:30:13	samples/android/color-blob-detection/src/org/opencv/samples/colorblobdetect/ColorBlobDetectionActivity.java	True	True	True	True
80	asmorkalov	2012-10-22 17:03:12	apavlenko	2012-10-23 07:30:13	samples/android/color-blob-detection/src/org/opencv/samples/colorblobdetect/ColorBlobDetectionView.java	True	True	True	True
80	asmorkalov	2012-10-22 17:03:12	apavlenko	2012-10-23 07:30:13	samples/android/color-blob-detection/src/org/opencv/samples/colorblobdetect/SampleCvViewBase.java	True	True	True	True
80	asmorkalov	2012-10-22 17:03:12	apavlenko	2012-10-23 07:30:13	samples/android/image-manipulations/res/layout/image_manipulations_surface_view.xml	True	True	True	True
80	asmorkalov	2012-10-22 17:03:12	apavlenko	2012-10-23 07:30:13	samples/android/image-manipulations/src/org/opencv/samples/imagemanipulations/ImageManipulationsActivity.java	True	True	True	True
80	asmorkalov	2012-10-22 17:03:12	apavlenko	2012-10-23 07:30:13	samples/android/image-manipulations/src/org/opencv/samples/imagemanipulations/ImageManipulationsView.java	True	True	True	True
80	asmorkalov	2012-10-22 17:03:12	apavlenko	2012-10-23 07:30:13	samples/android/image-manipulations/src/org/opencv/samples/imagemanipulations/SampleCvViewBase.java	True	True	True	True
80	asmorkalov	2012-10-22 17:03:12	apavlenko	2012-10-23 07:30:13	samples/android/tutorial-2-opencvcamera/res/layout/tutorial2_surface_view.xml	True	True	True	True
80	asmorkalov	2012-10-22 17:03:12	apavlenko	2012-10-23 07:30:13	samples/android/tutorial-2-opencvcamera/src/org/opencv/samples/tutorial2/Sample2NativeCamera.java	True	True	True	True
80	asmorkalov	2012-10-22 17:03:12	apavlenko	2012-10-23 07:30:13	samples/android/tutorial-2-opencvcamera/src/org/opencv/samples/tutorial2/Sample2View.java	True	True	True	True
80	asmorkalov	2012-10-22 17:03:12	apavlenko	2012-10-23 07:30:13	samples/android/tutorial-2-opencvcamera/src/org/opencv/samples/tutorial2/SampleCvViewBase.java	True	True	True	True
80	asmorkalov	2012-10-22 17:03:12	apavlenko	2012-10-23 07:30:13	samples/android/face-detection/src/org/opencv/samples/fd/FdView.java	True	True	True	True
80	asmorkalov	2012-10-22 17:03:12	apavlenko	2012-10-23 07:30:13	samples/android/face-detection/res/layout/face_detect_surface_view.xml	True	True	True	True
80	asmorkalov	2012-10-22 17:03:12	apavlenko	2012-10-23 07:30:13	modules/java/generator/src/java/android+CameraBridgeViewBase.java	False	True	True	True
80	asmorkalov	2012-10-22 17:03:12	apavlenko	2012-10-23 07:30:13	samples/android/tutorial-0-androidcamera/.classpath	False	True	True	True
80	asmorkalov	2012-10-22 17:03:12	apavlenko	2012-10-23 07:30:13	modules/java/generator/src/java/android+NativeCameraView.java	False	True	True	True
80	asmorkalov	2012-10-22 17:03:12	apavlenko	2012-10-23 07:30:13	samples/android/15-puzzle/.settings/org.eclipse.jdt.core.prefs	False	True	True	True
80	asmorkalov	2012-10-22 17:03:12	apavlenko	2012-10-23 07:30:13	samples/android/15-puzzle/res/layout/activity_puzzle15.xml	False	True	True	True
80	asmorkalov	2012-10-22 17:03:12	apavlenko	2012-10-23 07:30:13	samples/android/15-puzzle/src/org/opencv/samples/puzzle15/Puzzle15Activity.java	False	True	True	True
80	asmorkalov	2012-10-22 17:03:12	apavlenko	2012-10-23 07:30:13	samples/android/color-blob-detection/.classpath	False	True	True	True
80	asmorkalov	2012-10-22 17:03:12	apavlenko	2012-10-23 07:30:13	samples/android/color-blob-detection/res/layout/color_blob_detection_surface_view.xml	False	True	True	True
80	asmorkalov	2012-10-22 17:03:12	apavlenko	2012-10-23 07:30:13	samples/android/color-blob-detection/src/org/opencv/samples/colorblobdetect/ColorBlobDetectionActivity.java	False	True	True	True
80	asmorkalov	2012-10-22 17:03:12	apavlenko	2012-10-23 07:30:13	samples/android/face-detection/.classpath	False	True	True	True
80	asmorkalov	2012-10-22 17:03:12	apavlenko	2012-10-23 07:30:13	samples/android/face-detection/res/layout/face_detect_surface_view.xml	False	True	True	True
80	asmorkalov	2012-10-22 17:03:12	apavlenko	2012-10-23 07:30:13	samples/android/face-detection/src/org/opencv/samples/fd/FdActivity.java	False	True	True	True
80	asmorkalov	2012-10-22 17:03:12	apavlenko	2012-10-23 07:30:13	samples/android/image-manipulations/.classpath	False	True	True	True
80	asmorkalov	2012-10-22 17:03:12	apavlenko	2012-10-23 07:30:13	samples/android/image-manipulations/res/layout/image_manipulations_surface_view.xml	False	True	True	True
80	asmorkalov	2012-10-22 17:03:12	apavlenko	2012-10-23 07:30:13	samples/android/tutorial-1-addopencv/.classpath	False	True	True	True
80	asmorkalov	2012-10-22 17:03:12	apavlenko	2012-10-23 07:30:13	samples/android/15-puzzle/CMakeLists.txt	True	True	True	True
80	asmorkalov	2012-10-22 17:03:12	apavlenko	2012-10-23 07:30:13	samples/android/tutorial-1-addopencv/res/layout/tutorial1_surface_view.xml	False	True	True	True
80	asmorkalov	2012-10-22 17:03:12	apavlenko	2012-10-23 07:30:13	samples/android/tutorial-1-addopencv/src/org/opencv/samples/tutorial1/Sample1Java.java	False	True	True	True
80	asmorkalov	2012-10-22 17:03:12	apavlenko	2012-10-23 07:30:13	samples/android/tutorial-2-opencvcamera/.classpath	False	True	True	True
80	asmorkalov	2012-10-22 17:03:12	apavlenko	2012-10-23 07:30:13	samples/android/tutorial-2-opencvcamera/res/layout/tutorial2_surface_view.xml	False	True	True	True
80	asmorkalov	2012-10-22 17:03:12	apavlenko	2012-10-23 07:30:13	samples/android/tutorial-2-opencvcamera/src/org/opencv/samples/tutorial2/Sample2NativeCamera.java	False	True	True	True
80	asmorkalov	2012-10-22 17:03:12	apavlenko	2012-10-23 07:30:13	samples/android/tutorial-3-native/.classpath	False	True	True	True
80	asmorkalov	2012-10-22 17:03:12	apavlenko	2012-10-23 07:30:13	samples/android/tutorial-3-native/res/layout/tutorial3_surface_view.xml	False	True	True	True
80	asmorkalov	2012-10-22 17:03:12	apavlenko	2012-10-23 07:30:13	samples/android/tutorial-3-native/src/org/opencv/samples/tutorial3/Sample3Native.java	False	True	True	True
80	asmorkalov	2012-10-22 17:03:12	apavlenko	2012-10-23 07:30:13	samples/android/tutorial-4-mixed/.classpath	False	True	True	True
80	asmorkalov	2012-10-22 17:03:12	apavlenko	2012-10-23 07:30:13	samples/android/tutorial-4-mixed/res/layout/tutorial4_surface_view.xml	False	True	True	True
80	asmorkalov	2012-10-22 17:03:12	apavlenko	2012-10-23 07:30:13	samples/android/tutorial-4-mixed/src/org/opencv/samples/tutorial4/Sample4Mixed.java	False	True	True	True
80	asmorkalov	2012-10-22 17:03:12	apavlenko	2012-10-23 07:30:13	samples/android/15-puzzle/AndroidManifest.xml	True	True	True	True
80	asmorkalov	2012-10-22 17:03:12	apavlenko	2012-10-23 07:30:13	modules/java/generator/src/java/framework+OpenCvNativeCameraView.java	True	True	True	True
80	asmorkalov	2012-10-22 17:03:12	apavlenko	2012-10-23 07:30:13	modules/java/generator/src/java/framework+OpenCvJavaCameraView.java	True	True	True	True
80	asmorkalov	2012-10-22 17:03:12	apavlenko	2012-10-23 07:30:13	modules/java/generator/src/java/framework+OpenCvCameraBridgeViewBase.java	True	True	True	True
80	asmorkalov	2012-10-22 17:03:12	apavlenko	2012-10-23 07:13:58	samples/android/tutorial-1-addopencv/src/org/opencv/samples/tutorial1/Sample1Java.java	True	True	True	True
80	asmorkalov	2012-10-22 17:03:12	apavlenko	2012-10-23 07:13:58	samples/android/15-puzzle-framework/res/drawable-mdpi/ic_action_search.png	True	True	True	True
80	asmorkalov	2012-10-22 17:03:12	apavlenko	2012-10-23 07:13:58	samples/android/15-puzzle-framework/res/drawable-mdpi/ic_launcher.png	True	True	True	True
80	asmorkalov	2012-10-22 17:03:12	apavlenko	2012-10-23 07:13:58	samples/android/15-puzzle-framework/res/drawable-xhdpi/ic_action_search.png	True	True	True	True
80	asmorkalov	2012-10-22 17:03:12	apavlenko	2012-10-23 07:13:58	samples/android/15-puzzle-framework/res/drawable-xhdpi/ic_launcher.png	True	True	True	True
80	asmorkalov	2012-10-22 17:03:12	apavlenko	2012-10-23 07:13:58	samples/android/15-puzzle-framework/res/layout/activity_puzzle15.xml	True	True	True	True
80	asmorkalov	2012-10-22 17:03:12	apavlenko	2012-10-23 07:13:58	samples/android/15-puzzle-framework/res/menu/activity_puzzle15.xml	True	True	True	True
80	asmorkalov	2012-10-22 17:03:12	apavlenko	2012-10-23 07:13:58	samples/android/15-puzzle-framework/res/values/strings.xml	True	True	True	True
80	asmorkalov	2012-10-22 17:03:12	apavlenko	2012-10-23 07:13:58	samples/android/15-puzzle-framework/res/values/styles.xml	True	True	True	True
80	asmorkalov	2012-10-22 17:03:12	apavlenko	2012-10-23 07:13:58	samples/android/15-puzzle-framework/src/org/opencv/samples/puzzle15/Puzzle15Activity.java	True	True	True	True
80	asmorkalov	2012-10-22 17:03:12	apavlenko	2012-10-23 07:13:58	samples/android/15-puzzle-framework/src/org/opencv/samples/puzzle15/Puzzle15Processor.java	True	True	True	True
80	asmorkalov	2012-10-22 17:03:12	apavlenko	2012-10-23 07:13:58	modules/java/CMakeLists.txt	True	True	True	True
80	asmorkalov	2012-10-22 17:03:12	apavlenko	2012-10-23 07:13:58	samples/android/tutorial-1-addopencv/res/layout/tutorial1_surface_view.xml	True	True	True	True
80	asmorkalov	2012-10-22 17:03:12	apavlenko	2012-10-23 07:13:58	samples/android/tutorial-1-addopencv/src/org/opencv/samples/tutorial1/Sample1View.java	True	True	True	True
80	asmorkalov	2012-10-22 17:03:12	apavlenko	2012-10-23 07:13:58	samples/android/15-puzzle-framework/res/drawable-hdpi/ic_launcher.png	True	True	True	True
80	asmorkalov	2012-10-22 17:03:12	apavlenko	2012-10-23 07:13:58	samples/android/tutorial-1-addopencv/src/org/opencv/samples/tutorial1/SampleViewBase.java	True	True	True	True
80	asmorkalov	2012-10-22 17:03:12	apavlenko	2012-10-23 07:13:58	samples/android/tutorial-3-native/jni/jni_part.cpp	True	True	True	True
80	asmorkalov	2012-10-22 17:03:12	apavlenko	2012-10-23 07:13:58	samples/android/tutorial-3-native/res/layout/tutorial3_surface_view.xml	True	True	True	True
80	asmorkalov	2012-10-22 17:03:12	apavlenko	2012-10-23 07:13:58	samples/android/tutorial-3-native/src/org/opencv/samples/tutorial3/Sample3Native.java	True	True	True	True
80	asmorkalov	2012-10-22 17:03:12	apavlenko	2012-10-23 07:13:58	samples/android/tutorial-3-native/src/org/opencv/samples/tutorial3/Sample3View.java	True	True	True	True
80	asmorkalov	2012-10-22 17:03:12	apavlenko	2012-10-23 07:13:58	samples/android/tutorial-3-native/src/org/opencv/samples/tutorial3/SampleViewBase.java	True	True	True	True
80	asmorkalov	2012-10-22 17:03:12	apavlenko	2012-10-23 07:13:58	samples/android/tutorial-4-mixed/AndroidManifest.xml	True	True	True	True
80	asmorkalov	2012-10-22 17:03:12	apavlenko	2012-10-23 07:13:58	samples/android/tutorial-4-mixed/jni/jni_part.cpp	True	True	True	True
80	asmorkalov	2012-10-22 17:03:12	apavlenko	2012-10-23 07:13:58	samples/android/tutorial-4-mixed/res/layout/tutorial4_surface_view.xml	True	True	True	True
80	asmorkalov	2012-10-22 17:03:12	apavlenko	2012-10-23 07:13:58	samples/android/tutorial-4-mixed/src/org/opencv/samples/tutorial4/Sample4Mixed.java	True	True	True	True
80	asmorkalov	2012-10-22 17:03:12	apavlenko	2012-10-23 07:13:58	samples/android/tutorial-4-mixed/src/org/opencv/samples/tutorial4/Sample4View.java	True	True	True	True
80	asmorkalov	2012-10-22 17:03:12	apavlenko	2012-10-23 07:13:58	samples/android/tutorial-4-mixed/src/org/opencv/samples/tutorial4/SampleViewBase.java	True	True	True	True
80	asmorkalov	2012-10-22 17:03:12	apavlenko	2012-10-23 07:13:58	samples/android/15-puzzle-framework/res/drawable-ldpi/ic_launcher.png	True	True	True	True
80	asmorkalov	2012-10-22 17:03:12	apavlenko	2012-10-23 07:13:58	samples/android/15-puzzle-framework/res/drawable-hdpi/ic_action_search.png	True	True	True	True
80	asmorkalov	2012-10-22 17:03:12	apavlenko	2012-10-23 07:13:58	samples/android/tutorial-2-opencvcamera/src/org/opencv/samples/tutorial2/SampleCvViewBase.java	True	True	True	True
80	asmorkalov	2012-10-22 17:03:12	apavlenko	2012-10-23 07:13:58	samples/android/camera-preview/res/layout/activity_camera_writer.xml	True	True	True	True
80	asmorkalov	2012-10-22 17:03:12	apavlenko	2012-10-23 07:13:58	samples/android/15-puzzle-framework/src/org/opencv/framework/OpenCvJavaCameraView.java	True	True	True	True
80	asmorkalov	2012-10-22 17:03:12	apavlenko	2012-10-23 07:13:58	samples/android/15-puzzle-framework/src/org/opencv/framework/OpenCvCameraBridgeViewBase.java	True	True	True	True
80	asmorkalov	2012-10-22 17:03:12	apavlenko	2012-10-23 07:13:58	samples/android/15-puzzle-framework/src/org/opencv/framework/OpenCvNativeCameraView.java	True	True	True	True
80	asmorkalov	2012-10-22 17:03:12	apavlenko	2012-10-23 07:13:58	samples/android/15-puzzle-framework/AndroidManifest.xml	True	True	True	True
80	asmorkalov	2012-10-22 17:03:12	apavlenko	2012-10-23 07:13:58	samples/android/CMakeLists.txt	True	True	True	True
80	asmorkalov	2012-10-22 17:03:12	apavlenko	2012-10-23 07:13:58	samples/android/camera-preview/.classpath	True	True	True	True
80	asmorkalov	2012-10-22 17:03:12	apavlenko	2012-10-23 07:13:58	samples/android/camera-preview/.project	True	True	True	True
80	asmorkalov	2012-10-22 17:03:12	apavlenko	2012-10-23 07:13:58	samples/android/camera-preview/.settings/org.eclipse.jdt.core.prefs	True	True	True	True
80	asmorkalov	2012-10-22 17:03:12	apavlenko	2012-10-23 07:13:58	samples/android/camera-preview/AndroidManifest.xml	True	True	True	True
80	asmorkalov	2012-10-22 17:03:12	apavlenko	2012-10-23 07:13:58	samples/android/camera-preview/CMakeLists.txt	True	True	True	True
80	asmorkalov	2012-10-22 17:03:12	apavlenko	2012-10-23 07:13:58	samples/android/camera-preview/res/drawable/ic_action_search.png	True	True	True	True
80	asmorkalov	2012-10-22 17:03:12	apavlenko	2012-10-23 07:13:58	samples/android/camera-preview/res/drawable/ic_launcher.png	True	True	True	True
80	asmorkalov	2012-10-22 17:03:12	apavlenko	2012-10-23 07:13:58	samples/android/camera-preview/res/menu/activity_camera_writer.xml	True	True	True	True
80	asmorkalov	2012-10-22 17:03:12	apavlenko	2012-10-23 07:13:58	samples/android/15-puzzle-framework/libs/android-support-v4.jar	True	True	True	True
80	asmorkalov	2012-10-22 17:03:12	apavlenko	2012-10-23 07:13:58	samples/android/camera-preview/res/values-v11/styles.xml	True	True	True	True
80	asmorkalov	2012-10-22 17:03:12	apavlenko	2012-10-23 07:13:58	samples/android/camera-preview/res/values/strings.xml	True	True	True	True
80	asmorkalov	2012-10-22 17:03:12	apavlenko	2012-10-23 07:13:58	samples/android/camera-preview/res/values/styles.xml	True	True	True	True
80	asmorkalov	2012-10-22 17:03:12	apavlenko	2012-10-23 07:13:58	samples/android/camera-preview/src/org/opencv/test/camerawriter/CameraWriterActivity.java	True	True	True	True
80	asmorkalov	2012-10-22 17:03:12	apavlenko	2012-10-23 07:13:58	samples/android/camera-preview/src/org/opencv/test/camerawriter/OpenCvCameraBridgeViewBase.java	True	True	True	True
80	asmorkalov	2012-10-22 17:03:12	apavlenko	2012-10-23 07:13:58	samples/android/camera-preview/src/org/opencv/test/camerawriter/OpenCvNativeCameraView.java	True	True	True	True
80	asmorkalov	2012-10-22 17:03:12	apavlenko	2012-10-23 07:13:58	samples/android/camera-preview/src/org/opencv/test/camerawriter/CameraViewBase.java	True	True	True	True
80	asmorkalov	2012-10-22 17:03:12	apavlenko	2012-10-23 07:13:58	samples/android/camera-preview/src/org/opencv/test/camerawriter/NativeCameraView.java	True	True	True	True
80	asmorkalov	2012-10-22 17:03:12	apavlenko	2012-10-23 07:13:58	samples/android/camera-preview/src/org/opencv/test/camerawriter/PreviewActivity.java	True	True	True	True
80	asmorkalov	2012-10-22 17:03:12	apavlenko	2012-10-23 07:13:58	samples/android/15-puzzle-framework/.classpath	True	True	True	True
80	asmorkalov	2012-10-22 17:03:12	apavlenko	2012-10-23 07:13:58	samples/android/15-puzzle-framework/.project	True	True	True	True
80	asmorkalov	2012-10-22 17:03:12	apavlenko	2012-10-23 07:13:58	samples/android/15-puzzle-framework/ic_launcher-web.png	True	True	True	True
80	asmorkalov	2012-10-22 17:03:12	apavlenko	2012-10-23 07:13:58	modules/java/generator/src/java/android+JavaCameraView.java	False	True	True	True
80	asmorkalov	2012-10-22 17:03:12	apavlenko	2012-10-23 07:13:58	samples/android/15-puzzle/AndroidManifest.xml	False	True	True	True
80	asmorkalov	2012-10-22 17:03:12	apavlenko	2012-10-23 07:13:58	samples/android/image-manipulations/src/org/opencv/samples/imagemanipulations/ImageManipulationsActivity.java	False	True	True	True
80	asmorkalov	2012-10-22 17:03:12	apavlenko	2012-10-23 07:13:58	samples/android/15-puzzle/src/org/opencv/samples/puzzle15/puzzle15View.java	True	True	True	True
80	asmorkalov	2012-10-22 17:03:12	apavlenko	2012-10-23 07:13:58	samples/android/face-detection/src/org/opencv/samples/fd/FdView.java	True	True	True	True
80	asmorkalov	2012-10-22 17:03:12	apavlenko	2012-10-23 07:13:58	samples/android/face-detection/src/org/opencv/samples/fd/SampleCvViewBase.java	True	True	True	True
80	asmorkalov	2012-10-22 17:03:12	apavlenko	2012-10-23 07:13:58	samples/android/15-puzzle/.classpath	True	True	True	True
80	asmorkalov	2012-10-22 17:03:12	apavlenko	2012-10-23 07:13:58	samples/android/15-puzzle/.project	True	True	True	True
80	asmorkalov	2012-10-22 17:03:12	apavlenko	2012-10-23 07:13:58	samples/android/15-puzzle/.settings/org.eclipse.jdt.core.prefs	True	True	True	True
80	asmorkalov	2012-10-22 17:03:12	apavlenko	2012-10-23 07:13:58	samples/android/15-puzzle/res/layout/activity_puzzle15.xml	True	True	True	True
80	asmorkalov	2012-10-22 17:03:12	apavlenko	2012-10-23 07:13:58	samples/android/15-puzzle/res/menu/activity_puzzle15.xml	True	True	True	True
80	asmorkalov	2012-10-22 17:03:12	apavlenko	2012-10-23 07:13:58	samples/android/15-puzzle/res/values/strings.xml	True	True	True	True
80	asmorkalov	2012-10-22 17:03:12	apavlenko	2012-10-23 07:13:58	samples/android/15-puzzle/src/org/opencv/samples/puzzle15/Puzzle15Activity.java	True	True	True	True
80	asmorkalov	2012-10-22 17:03:12	apavlenko	2012-10-23 07:13:58	samples/android/15-puzzle/src/org/opencv/samples/puzzle15/Puzzle15Processor.java	True	True	True	True
80	asmorkalov	2012-10-22 17:03:12	apavlenko	2012-10-23 07:13:58	samples/android/15-puzzle/src/org/opencv/samples/puzzle15/SampleCvViewBase.java	True	True	True	True
80	asmorkalov	2012-10-22 17:03:12	apavlenko	2012-10-23 07:13:58	samples/android/15-puzzle/src/org/opencv/samples/puzzle15/puzzle15Activity.java	True	True	True	True
80	asmorkalov	2012-10-22 17:03:12	apavlenko	2012-10-23 07:13:58	samples/android/tutorial-0-androidcamera/src/org/opencv/samples/tutorial0/Sample0Base.java	True	True	True	True
80	asmorkalov	2012-10-22 17:03:12	apavlenko	2012-10-23 07:13:58	modules/java/generator/src/java/android+CameraBridgeViewBase.java	False	True	True	True
80	asmorkalov	2012-10-22 17:03:12	apavlenko	2012-10-23 07:13:58	samples/android/tutorial-0-androidcamera/src/org/opencv/samples/tutorial0/SampleViewBase.java	True	True	True	True
80	asmorkalov	2012-10-22 17:03:12	apavlenko	2012-10-23 07:13:58	samples/android/color-blob-detection/res/layout/color_blob_detection_surface_view.xml	True	True	True	True
80	asmorkalov	2012-10-22 17:03:12	apavlenko	2012-10-23 07:13:58	samples/android/color-blob-detection/src/org/opencv/samples/colorblobdetect/ColorBlobDetectionActivity.java	True	True	True	True
80	asmorkalov	2012-10-22 17:03:12	apavlenko	2012-10-23 07:13:58	samples/android/color-blob-detection/src/org/opencv/samples/colorblobdetect/ColorBlobDetectionView.java	True	True	True	True
80	asmorkalov	2012-10-22 17:03:12	apavlenko	2012-10-23 07:13:58	samples/android/color-blob-detection/src/org/opencv/samples/colorblobdetect/SampleCvViewBase.java	True	True	True	True
80	asmorkalov	2012-10-22 17:03:12	apavlenko	2012-10-23 07:13:58	samples/android/image-manipulations/res/layout/image_manipulations_surface_view.xml	True	True	True	True
80	asmorkalov	2012-10-22 17:03:12	apavlenko	2012-10-23 07:13:58	samples/android/image-manipulations/src/org/opencv/samples/imagemanipulations/ImageManipulationsActivity.java	True	True	True	True
80	asmorkalov	2012-10-22 17:03:12	apavlenko	2012-10-23 07:13:58	samples/android/image-manipulations/src/org/opencv/samples/imagemanipulations/ImageManipulationsView.java	True	True	True	True
80	asmorkalov	2012-10-22 17:03:12	apavlenko	2012-10-23 07:13:58	samples/android/image-manipulations/src/org/opencv/samples/imagemanipulations/SampleCvViewBase.java	True	True	True	True
80	asmorkalov	2012-10-22 17:03:12	apavlenko	2012-10-23 07:13:58	samples/android/tutorial-2-opencvcamera/res/layout/tutorial2_surface_view.xml	True	True	True	True
80	asmorkalov	2012-10-22 17:03:12	apavlenko	2012-10-23 07:13:58	samples/android/tutorial-2-opencvcamera/src/org/opencv/samples/tutorial2/Sample2NativeCamera.java	True	True	True	True
80	asmorkalov	2012-10-22 17:03:12	apavlenko	2012-10-23 07:13:58	samples/android/tutorial-2-opencvcamera/src/org/opencv/samples/tutorial2/Sample2View.java	True	True	True	True
80	asmorkalov	2012-10-22 17:03:12	apavlenko	2012-10-23 07:13:58	samples/android/face-detection/src/org/opencv/samples/fd/FdActivity.java	True	True	True	True
80	asmorkalov	2012-10-22 17:03:12	apavlenko	2012-10-23 07:13:58	samples/android/face-detection/res/layout/face_detect_surface_view.xml	True	True	True	True
80	asmorkalov	2012-10-22 17:03:12	apavlenko	2012-10-23 07:13:58	samples/android/15-puzzle/CMakeLists.txt	True	True	True	True
80	asmorkalov	2012-10-22 17:03:12	apavlenko	2012-10-23 07:13:58	samples/android/15-puzzle/AndroidManifest.xml	True	True	True	True
80	asmorkalov	2012-10-22 17:03:12	apavlenko	2012-10-23 07:13:58	modules/java/generator/src/java/android+NativeCameraView.java	False	True	True	True
80	asmorkalov	2012-10-22 17:03:12	apavlenko	2012-10-23 07:13:58	samples/android/15-puzzle/.settings/org.eclipse.jdt.core.prefs	False	True	True	True
80	asmorkalov	2012-10-22 17:03:12	apavlenko	2012-10-23 07:13:58	samples/android/15-puzzle/res/layout/activity_puzzle15.xml	False	True	True	True
80	asmorkalov	2012-10-22 17:03:12	apavlenko	2012-10-23 07:13:58	samples/android/15-puzzle/src/org/opencv/samples/puzzle15/Puzzle15Activity.java	False	True	True	True
80	asmorkalov	2012-10-22 17:03:12	apavlenko	2012-10-23 07:13:58	samples/android/color-blob-detection/.classpath	False	True	True	True
80	asmorkalov	2012-10-22 17:03:12	apavlenko	2012-10-23 07:13:58	samples/android/color-blob-detection/res/layout/color_blob_detection_surface_view.xml	False	True	True	True
80	asmorkalov	2012-10-22 17:03:12	apavlenko	2012-10-23 07:13:58	samples/android/color-blob-detection/src/org/opencv/samples/colorblobdetect/ColorBlobDetectionActivity.java	False	True	True	True
80	asmorkalov	2012-10-22 17:03:12	apavlenko	2012-10-23 07:13:58	samples/android/face-detection/.classpath	False	True	True	True
80	asmorkalov	2012-10-22 17:03:12	apavlenko	2012-10-23 07:13:58	samples/android/face-detection/res/layout/face_detect_surface_view.xml	False	True	True	True
80	asmorkalov	2012-10-22 17:03:12	apavlenko	2012-10-23 07:13:58	samples/android/face-detection/src/org/opencv/samples/fd/FdActivity.java	False	True	True	True
80	asmorkalov	2012-10-22 17:03:12	apavlenko	2012-10-23 07:13:58	samples/android/image-manipulations/.classpath	False	True	True	True
80	asmorkalov	2012-10-22 17:03:12	apavlenko	2012-10-23 07:13:58	samples/android/image-manipulations/res/layout/image_manipulations_surface_view.xml	False	True	True	True
80	asmorkalov	2012-10-22 17:03:12	apavlenko	2012-10-23 07:13:58	samples/android/tutorial-0-androidcamera/.classpath	False	True	True	True
80	asmorkalov	2012-10-22 17:03:12	apavlenko	2012-10-23 07:13:58	samples/android/tutorial-1-addopencv/.classpath	False	True	True	True
80	asmorkalov	2012-10-22 17:03:12	apavlenko	2012-10-23 07:13:58	samples/android/tutorial-1-addopencv/res/layout/tutorial1_surface_view.xml	False	True	True	True
80	asmorkalov	2012-10-22 17:03:12	apavlenko	2012-10-23 07:13:58	samples/android/tutorial-1-addopencv/src/org/opencv/samples/tutorial1/Sample1Java.java	False	True	True	True
80	asmorkalov	2012-10-22 17:03:12	apavlenko	2012-10-23 07:13:58	samples/android/tutorial-2-opencvcamera/.classpath	False	True	True	True
80	asmorkalov	2012-10-22 17:03:12	apavlenko	2012-10-23 07:13:58	samples/android/tutorial-2-opencvcamera/res/layout/tutorial2_surface_view.xml	False	True	True	True
80	asmorkalov	2012-10-22 17:03:12	apavlenko	2012-10-23 07:13:58	samples/android/tutorial-2-opencvcamera/src/org/opencv/samples/tutorial2/Sample2NativeCamera.java	False	True	True	True
80	asmorkalov	2012-10-22 17:03:12	apavlenko	2012-10-23 07:13:58	samples/android/tutorial-3-native/.classpath	False	True	True	True
80	asmorkalov	2012-10-22 17:03:12	apavlenko	2012-10-23 07:13:58	samples/android/tutorial-3-native/res/layout/tutorial3_surface_view.xml	False	True	True	True
80	asmorkalov	2012-10-22 17:03:12	apavlenko	2012-10-23 07:13:58	samples/android/tutorial-3-native/src/org/opencv/samples/tutorial3/Sample3Native.java	False	True	True	True
80	asmorkalov	2012-10-22 17:03:12	apavlenko	2012-10-23 07:13:58	samples/android/tutorial-4-mixed/.classpath	False	True	True	True
80	asmorkalov	2012-10-22 17:03:12	apavlenko	2012-10-23 07:13:58	samples/android/tutorial-4-mixed/res/layout/tutorial4_surface_view.xml	False	True	True	True
80	asmorkalov	2012-10-22 17:03:12	apavlenko	2012-10-23 07:13:58	samples/android/tutorial-4-mixed/src/org/opencv/samples/tutorial4/Sample4Mixed.java	False	True	True	True
80	asmorkalov	2012-10-22 17:03:12	apavlenko	2012-10-23 07:46:47	modules/java/generator/src/java/framework+OpenCvCameraBridgeViewBase.java	True	True	True	True
