pr_number	author_user_login	pr_created_at	commit_user_login	commit_created_at	commit_status_total	commit_status_additions	commit_status_deletions	create_before_pr	is_review_commit
1724	ilya-lavrenov	2013-10-30 15:21:05	ilya-lavrenov	2013-10-30 15:02:51	105	91	14	True	True
1722	StevenPuttemans	2013-10-30 12:36:03	StevenPuttemans	2013-10-30 12:34:27	448	218	230	True	True
1716	ilya-lavrenov	2013-10-30 10:08:40	ilya-lavrenov	2013-10-30 10:39:18	16	10	6	False	True
1712	alalek	2013-10-29 16:42:51	alalek	2013-10-29 16:35:42	1546	265	1281	True	True
1710	melody-rain	2013-10-29 10:08:42	jinma	2013-10-30 06:37:13	2	1	1	False	True
1710	melody-rain	2013-10-29 10:08:42	jinma	2013-10-29 10:05:29	1716	616	1100	True	True
1710	melody-rain	2013-10-29 10:08:42	jinma	2013-10-31 00:47:59	4	2	2	False	True
1710	melody-rain	2013-10-29 10:08:42	jinma	2013-10-31 08:21:08	2	1	1	False	True
1710	melody-rain	2013-10-29 10:08:42	jinma	2013-10-31 08:25:50	2	1	1	False	True
1702	alalek	2013-10-27 21:33:34	alalek	2013-10-26 11:03:23	104	103	1	True	True
1695	ilya-lavrenov	2013-10-25 14:50:27	ilya-lavrenov	2013-10-25 14:48:39	22	13	9	True	True
1688	alalek	2013-10-25 09:23:21	ilya-lavrenov	2013-10-28 12:46:41	4	2	2	False	True
1688	alalek	2013-10-25 09:23:21	alalek	2013-10-26 07:15:53	16	5	11	False	True
1688	alalek	2013-10-25 09:23:21	alalek	2013-10-28 14:22:31	40	19	21	False	True
1688	alalek	2013-10-25 09:23:21	alalek	2013-10-26 01:06:22	1030	537	493	False	True
1688	alalek	2013-10-25 09:23:21	alalek	2013-10-26 19:31:51	908	324	584	False	True
1688	alalek	2013-10-25 09:23:21	alalek	2013-10-26 07:37:02	249	140	109	False	True
1686	melody-rain	2013-10-25 05:52:34	jinma	2013-10-22 08:49:56	46	23	23	True	True
1686	melody-rain	2013-10-25 05:52:34	jinma	2013-10-21 05:19:43	1709	633	1076	True	True
1686	melody-rain	2013-10-25 05:52:34	jinma	2013-10-22 07:21:27	357	206	151	True	True
1686	melody-rain	2013-10-25 05:52:34	jinma	2013-10-23 05:22:24	142	64	78	True	True
1686	melody-rain	2013-10-25 05:52:34	jinma	2013-10-28 02:06:13	80	31	49	False	True
1686	melody-rain	2013-10-25 05:52:34	jinma	2013-10-25 05:11:11	48	4	44	True	True
1686	melody-rain	2013-10-25 05:52:34	jinma	2013-10-28 03:14:09	12	7	5	False	True
1686	melody-rain	2013-10-25 05:52:34	jinma	2013-10-22 08:23:43	14	5	9	True	True
1680	alalek	2013-10-24 12:36:53	alalek	2013-10-24 16:01:29	23	16	7	False	True
1675	krodyush	2013-10-23 16:50:58	konstantin	2013-10-23 16:38:11	454	443	11	True	True
1675	krodyush	2013-10-23 16:50:58	konstantin	2013-10-27 20:14:07	14	9	5	False	True
1675	krodyush	2013-10-23 16:50:58	konstantin	2013-10-23 19:18:21	2	1	1	False	True
1675	krodyush	2013-10-23 16:50:58	konstantin	2013-10-25 17:44:01	2	1	1	False	True
1675	krodyush	2013-10-23 16:50:58	konstantin	2013-10-23 19:56:22	4	2	2	False	True
1670	vinograd47	2013-10-23 14:00:29	vinograd47	2013-10-28 06:09:16	2471	2286	185	False	True
1670	vinograd47	2013-10-23 14:00:29	vinograd47	2013-10-23 13:57:45	211	175	36	True	True
1668	prattmic	2013-10-22 16:57:19	prattmic	2013-10-22 00:11:25	52	45	7	True	True
1663	vpisarev	2013-10-22 10:07:09	vpisarev	2013-10-24 19:31:00	4	3	1	False	True
1663	vpisarev	2013-10-22 10:07:09	vpisarev	2013-10-24 12:08:15	86	39	47	False	True
1663	vpisarev	2013-10-22 10:07:09	vpisarev	2013-10-24 18:33:41	139	136	3	False	True
1663	vpisarev	2013-10-22 10:07:09	vpisarev	2013-10-24 14:00:15	2	2	0	False	True
1663	vpisarev	2013-10-22 10:07:09	vpisarev	2013-10-24 13:37:33	6	3	3	False	True
1663	vpisarev	2013-10-22 10:07:09	vpisarev	2013-10-25 07:19:40	19	12	7	False	True
1663	vpisarev	2013-10-22 10:07:09	vpisarev	2013-10-22 20:17:18	4	2	2	False	True
1663	vpisarev	2013-10-22 10:07:09	vpisarev	2013-10-25 12:46:03	283	170	113	False	True
1663	vpisarev	2013-10-22 10:07:09	vpisarev	2013-10-22 10:04:49	4006	4006	0	True	True
1663	vpisarev	2013-10-22 10:07:09	vpisarev	2013-10-22 10:05:15	1678	1317	361	True	True
1663	vpisarev	2013-10-22 10:07:09	vpisarev	2013-10-24 19:18:05	6	3	3	False	True
1663	vpisarev	2013-10-22 10:07:09	vpisarev	2013-10-22 19:34:16	151	100	51	False	True
1663	vpisarev	2013-10-22 10:07:09	vpisarev	2013-10-22 13:41:28	169	87	82	False	True
1663	vpisarev	2013-10-22 10:07:09	vpisarev	2013-10-24 13:23:48	14	9	5	False	True
1660	prattmic	2013-10-22 00:18:35	prattmic	2013-10-22 00:11:25	9	8	1	True	True
1658	alalek	2013-10-21 16:35:20	alalek	2013-10-21 15:48:36	3	2	1	True	True
1658	alalek	2013-10-21 16:35:20	alalek	2013-10-21 15:15:11	42	23	19	True	True
1653	jlblancoc	2013-10-20 15:30:24	jlblancoc	2013-10-21 13:59:26	2	1	1	False	True
1653	jlblancoc	2013-10-20 15:30:24	jlblancoc	2013-10-21 19:41:27	72	72	0	False	True
1653	jlblancoc	2013-10-20 15:30:24	jlblancoc	2013-10-21 19:17:15	2	1	1	False	True
1653	jlblancoc	2013-10-20 15:30:24	jlblancoc	2013-10-21 19:43:26	2	1	1	False	True
1653	jlblancoc	2013-10-20 15:30:24	jlblancoc	2013-10-21 13:57:11	4	1	3	False	True
1653	jlblancoc	2013-10-20 15:30:24	jlblancoc	2013-10-20 15:28:45	21	16	5	True	True
1643	alalek	2013-10-18 13:16:44	alalek	2013-10-24 15:04:41	19	18	1	False	True
1642	alalek	2013-10-17 19:48:33	alalek	2013-10-17 19:42:37	3	2	1	True	True
1637	SpecLad	2013-10-16 15:35:38	Roman Donchenko	2013-10-16 15:22:01	39	25	14	True	True
1636	ilya-lavrenov	2013-10-16 14:26:36	ilya-lavrenov	2013-10-16 14:23:05	23	21	2	True	True
1634	alalek	2013-10-16 13:31:50	alalek	2013-10-16 11:47:51	14	14	0	True	True
1629	lluisgomez	2013-10-15 13:31:19	lluisgomez	2013-10-15 11:05:57	30	11	19	True	True
1628	Nerei	2013-10-15 13:14:17	Nerei	2013-10-15 13:34:20	7	3	4	False	True
1628	Nerei	2013-10-15 13:14:17	Nerei	2013-10-15 12:50:57	6	5	1	True	True
1628	Nerei	2013-10-15 13:14:17	Nerei	2013-10-15 13:11:22	7	4	3	True	True
1623	imalsogreg	2013-10-14 17:42:43	imalsogreg	2013-10-17 18:17:49	2	1	1	False	True
1623	imalsogreg	2013-10-14 17:42:43	imalsogreg	2013-10-14 17:36:07	7	5	2	True	True
1623	imalsogreg	2013-10-14 17:42:43	imalsogreg	2013-10-15 18:54:58	6	2	4	False	True
1623	imalsogreg	2013-10-14 17:42:43	imalsogreg	2013-10-17 18:05:06	8	7	1	False	True
1623	imalsogreg	2013-10-14 17:42:43	imalsogreg	2013-10-17 18:12:02	12	7	5	False	True
1623	imalsogreg	2013-10-14 17:42:43	imalsogreg	2013-10-19 21:30:32	2	1	1	False	True
1623	imalsogreg	2013-10-14 17:42:43	imalsogreg	2013-10-21 13:27:04	2	1	1	False	True
1617	ilya-lavrenov	2013-10-14 07:59:20	ilya-lavrenov	2013-10-14 07:58:45	35	33	2	True	True
1613	alalek	2013-10-12 13:16:07	alalek	2013-10-12 12:52:25	266	156	110	True	True
1609	ilya-lavrenov	2013-10-11 21:23:11	ilya-lavrenov	2013-10-11 20:58:58	167	124	43	True	True
1604	apavlenko	2013-10-11 12:21:41	apavlenko	2013-10-11 12:16:59	107	61	46	True	True
1595	alalek	2013-10-10 12:51:20	alalek	2013-10-10 21:16:12	87	28	59	False	True
1593	ilya-lavrenov	2013-10-09 15:11:55	ilya-lavrenov	2013-10-09 14:05:09	808	399	409	True	True
1592	alalek	2013-10-09 13:36:30	alalek	2013-10-09 12:57:52	217	133	84	True	True
1591	alalek	2013-10-09 13:02:12	alalek	2013-10-09 15:17:20	208	148	60	False	True
1590	ilya-lavrenov	2013-10-09 11:34:17	ilya-lavrenov	2013-10-09 13:42:03	30	23	7	False	True
1582	sebkraemer	2013-10-08 13:31:58	sebkraemer	2013-10-08 14:49:20	6	3	3	False	True
1582	sebkraemer	2013-10-08 13:31:58	sebkraemer	2013-10-08 13:16:30	52	49	3	True	True
1582	sebkraemer	2013-10-08 13:31:58	sebkraemer	2013-10-07 13:51:01	26	26	0	True	True
1582	sebkraemer	2013-10-08 13:31:58	sebkraemer	2013-10-07 13:41:50	70	64	6	True	True
1580	bes-dev	2013-10-08 13:18:29	user	2013-10-08 13:12:33	28	14	14	True	True
1577	ilya-lavrenov	2013-10-07 18:21:33	ilya-lavrenov	2013-10-07 18:10:11	85	68	17	True	True
1575	vinograd47	2013-10-07 14:36:15	vinograd47	2013-10-08 12:17:41	57	28	29	False	True
1575	vinograd47	2013-10-07 14:36:15	vinograd47	2013-10-01 14:17:46	149	113	36	True	True
1575	vinograd47	2013-10-07 14:36:15	vinograd47	2013-10-03 13:22:18	675	674	1	True	True
1575	vinograd47	2013-10-07 14:36:15	vinograd47	2013-10-07 14:25:55	94	60	34	True	True
1575	vinograd47	2013-10-07 14:36:15	vinograd47	2013-10-07 14:31:33	15	8	7	True	True
1567	ilya-lavrenov	2013-10-04 13:57:28	ilya-lavrenov	2013-10-04 13:03:15	196	98	98	True	True
1560	vinograd47	2013-10-03 12:40:45	vinograd47	2013-10-04 11:14:21	11	10	1	False	True
1557	ilya-lavrenov	2013-10-03 07:54:31	ilya-lavrenov	2013-10-03 07:36:49	489	260	229	True	True
1554	pablospe	2013-10-03 00:12:21	pablospe	2013-10-03 00:10:27	2	1	1	True	True
1552	Exocoder	2013-10-02 20:51:52	vpisarev	2014-04-10 09:33:28	82	82	0	False	True
1552	Exocoder	2013-10-02 20:51:52	apavlenko	2014-04-11 08:47:25	88	88	0	False	True
1552	Exocoder	2013-10-02 20:51:52	vpisarev	2014-04-10 09:33:42	4	2	2	False	True
1552	Exocoder	2013-10-02 20:51:52	Exocoder	2014-04-10 07:07:02	1455	1067	388	False	True
1552	Exocoder	2013-10-02 20:51:52	ilya-lavrenov	2014-04-09 12:04:21	22	21	1	False	True
1552	Exocoder	2013-10-02 20:51:52	ilya-lavrenov	2014-04-09 11:21:35	30	28	2	False	True
1552	Exocoder	2013-10-02 20:51:52	apavlenko	2014-04-11 08:43:24	30	28	2	False	True
1552	Exocoder	2013-10-02 20:51:52	apavlenko	2014-04-11 08:45:13	55	55	0	False	True
1552	Exocoder	2013-10-02 20:51:52	vpisarev	2014-04-10 09:36:14	384	233	151	False	True
1552	Exocoder	2013-10-02 20:51:52	ElenaGvozdeva	2014-04-09 13:36:00	77	51	26	False	True
1552	Exocoder	2013-10-02 20:51:52	ilya-lavrenov	2014-04-09 20:01:10	62	55	7	False	True
1552	Exocoder	2013-10-02 20:51:52	apavlenko	2014-04-11 08:34:22	4	4	0	False	True
1552	Exocoder	2013-10-02 20:51:52	alalek	2014-04-09 14:58:53	4	4	0	False	True
1552	Exocoder	2013-10-02 20:51:52	vpisarev	2014-04-10 09:30:20	38	3	35	False	True
1552	Exocoder	2013-10-02 20:51:52	sprice	2013-12-05 02:21:56	4	2	2	False	True
1552	Exocoder	2013-10-02 20:51:52	ElenaGvozdeva	2014-04-08 12:48:13	66	66	0	False	True
1552	Exocoder	2013-10-02 20:51:52	ElenaGvozdeva	2014-04-09 07:08:32	7	2	5	False	True
1552	Exocoder	2013-10-02 20:51:52	arkunze	2014-03-20 22:55:40	1538	884	654	False	True
1552	Exocoder	2013-10-02 20:51:52	vpisarev	2014-04-08 13:54:08	38	3	35	False	True
1552	Exocoder	2013-10-02 20:51:52	Exocoder	2014-04-06 10:49:23	1349	903	446	False	True
1552	Exocoder	2013-10-02 20:51:52	Exocoder	2014-04-08 18:14:05	3171	2026	1145	False	True
1552	Exocoder	2013-10-02 20:51:52	pemmanuelviel	2013-12-26 01:56:28	82	82	0	False	True
1552	Exocoder	2013-10-02 20:51:52	vbystricky	2014-04-07 11:59:05	55	55	0	False	True
1552	Exocoder	2013-10-02 20:51:52	sprice	2013-12-05 02:13:34	369	227	142	False	True
1552	Exocoder	2013-10-02 20:51:52	vbystricky	2014-04-07 13:38:43	2	1	1	False	True
1552	Exocoder	2013-10-02 20:51:52	vbystricky	2014-04-09 10:53:59	6	3	3	False	True
1552	Exocoder	2013-10-02 20:51:52	nicolasmartin3d	2014-02-21 06:39:48	4	2	2	False	True
1552	Exocoder	2013-10-02 20:51:52	arkunze	2014-04-09 15:42:55	32	31	1	False	True
1551	alalek	2013-10-02 17:27:54	alalek	2013-10-04 13:15:02	45	38	7	False	True
1551	alalek	2013-10-02 17:27:54	alalek	2013-10-02 22:20:54	15	10	5	False	True
1551	alalek	2013-10-02 17:27:54	alalek	2013-10-09 14:29:03	85	44	41	False	True
1551	alalek	2013-10-02 17:27:54	alalek	2013-10-04 13:48:43	12	9	3	False	True
1551	alalek	2013-10-02 17:27:54	alalek	2013-10-04 13:04:10	14	10	4	False	True
1551	alalek	2013-10-02 17:27:54	ilya-lavrenov	2013-09-04 14:32:05	33	23	10	True	True
1551	alalek	2013-10-02 17:27:54	alalek	2013-10-03 14:48:07	23	21	2	False	True
1551	alalek	2013-10-02 17:27:54	alalek	2013-10-03 15:27:57	7	4	3	False	True
1551	alalek	2013-10-02 17:27:54	alalek	2013-08-07 08:53:48	733	448	285	True	True
1542	alalek	2013-10-01 14:21:29	alalek	2013-10-02 15:35:21	3	0	3	False	True
1542	alalek	2013-10-01 14:21:29	alalek	2013-09-14 22:45:02	1029	975	54	True	True
1542	alalek	2013-10-01 14:21:29	alalek	2013-09-14 23:06:47	3896	3896	0	True	True
1536	asmorkalov	2013-10-01 08:59:31	asmorkalov	2013-10-01 08:58:39	45	42	3	True	True
1535	asmorkalov	2013-10-01 08:48:15	asmorkalov	2013-10-01 08:47:03	43	41	2	True	True
