pr_number	author_user_login	pr_created_at	commit_user_login	commit_created_at	commit_status_total	commit_status_additions	commit_status_deletions	create_before_pr	is_review_commit
22325	komakai	2022-07-31 23:36:42	komakai	2022-07-31 12:04:14	4	2	2	True	True
22324	gmbows	2022-07-31 23:27:21	gmbows	2022-08-01 00:22:10	2	1	1	False	True
22319	asenyaev	2022-07-28 14:50:06	asenyaev	2022-07-28 14:47:03	3	3	0	True	True
22318	asenyaev	2022-07-28 14:50:05	asenyaev	2022-07-28 14:46:01	3	3	0	True	True
22317	asenyaev	2022-07-28 14:50:04	asenyaev	2022-08-01 07:04:57	3	3	0	False	True
22313	mateusztabaka	2022-07-27 13:30:34	mateusztabaka	2022-07-27 11:21:50	3	2	1	True	True
22311	zihaomu	2022-07-27 11:02:50	zihaomu	2022-07-28 03:21:29	35	35	0	False	True
22311	zihaomu	2022-07-27 11:02:50	zihaomu	2022-07-28 05:19:06	25	11	14	False	True
22309	asenyaev	2022-07-27 07:41:27	asenyaev	2022-07-27 07:19:34	3	3	0	True	True
22306	zihaomu	2022-07-26 10:43:48	zihaomu	2022-08-30 01:50:29	116	109	7	False	True
22300	komakai	2022-07-25 12:28:45	komakai	2022-07-25 11:57:53	10	8	2	True	True
22298	rogday	2022-07-24 20:38:04	rogday	2022-07-24 20:33:07	10	7	3	True	True
22293	mshabunin	2022-07-24 08:40:57	mshabunin	2022-07-24 08:30:08	10	1	9	True	True
22292	hanliutong	2022-07-24 03:20:04	hanliutong	2022-07-24 02:33:47	18	9	9	True	True
22292	hanliutong	2022-07-24 03:20:04	hanliutong	2022-07-24 02:50:06	8	4	4	True	True
22290	fengyuentau	2022-07-23 16:22:32	fengyuentau	2022-09-19 10:38:03	170	163	7	False	True
22287	asenyaev	2022-07-22 15:46:05	asenyaev	2022-09-20 10:36:59	116	104	12	False	True
22286	asenyaev	2022-07-22 15:35:24	asenyaev	2022-09-20 10:35:48	114	103	11	False	True
22285	asenyaev	2022-07-22 14:49:59	asenyaev	2022-09-20 10:34:17	94	92	2	False	True
22281	asenyaev	2022-07-21 13:24:54	asenyaev	2022-07-21 14:59:31	3	3	0	False	True
22280	asenyaev	2022-07-21 13:24:51	asenyaev	2022-07-21 14:59:16	3	3	0	False	True
22279	asenyaev	2022-07-21 13:24:47	asenyaev	2022-07-21 14:47:55	3	3	0	False	True
22278	hanliutong	2022-07-21 08:40:06	hanliutong	2022-07-21 08:14:32	528	154	374	True	True
22278	hanliutong	2022-07-21 08:40:06	hanliutong	2022-07-21 03:23:57	6	3	3	True	True
22271	tomoaki0705	2022-07-19 14:46:55	tomoaki0705	2022-07-20 10:25:39	144	106	38	False	True
22270	tomoaki0705	2022-07-19 12:47:24	tomoaki0705	2022-07-19 12:44:07	3	2	1	True	True
22269	asenyaev	2022-07-19 10:59:31	asenyaev	2022-07-19 10:52:29	2	1	1	True	True
22268	asenyaev	2022-07-19 10:14:55	asenyaev	2022-07-19 10:14:09	2	1	1	True	True
22267	asenyaev	2022-07-19 10:13:37	asenyaev	2022-07-19 10:12:50	2	1	1	True	True
22266	asenyaev	2022-07-19 10:11:54	asenyaev	2022-07-19 10:10:05	2	1	1	True	True
22264	LorenzoGalassi	2022-07-19 07:31:13	LorenzoGalassi	2022-07-19 07:23:20	3	3	0	True	True
22264	LorenzoGalassi	2022-07-19 07:31:13	LorenzoGalassi	2022-07-19 07:24:09	2	1	1	True	True
22257	rogday	2022-07-18 09:56:38	rogday	2022-07-18 09:53:04	2	1	1	True	True
22256	catree	2022-07-16 00:31:12	catree	2022-07-16 00:03:15	33	33	0	True	True
22255	r2d3	2022-07-15 17:41:22	r2d3	2022-07-15 17:35:32	2	1	1	True	True
22254	longnguyen2004	2022-07-15 14:27:59	longnguyen2004	2022-07-15 11:00:53	5	4	1	True	True
22250	ocpalo	2022-07-14 14:39:10	ocpalo	2022-07-14 13:45:47	8	0	8	True	True
22249	fengyuentau	2022-07-14 11:37:32	fengyuentau	2022-07-14 11:27:20	2	2	0	True	True
22248	cudawarped	2022-07-14 10:24:11	cudawarped	2022-07-21 12:45:04	14	9	5	False	True
22248	cudawarped	2022-07-14 10:24:11	cudawarped	2022-07-14 09:27:05	74	64	10	True	True
22248	cudawarped	2022-07-14 10:24:11	cudawarped	2022-07-21 09:56:05	29	16	13	False	True
22248	cudawarped	2022-07-14 10:24:11	cudawarped	2022-07-25 06:30:48	50	24	26	False	True
22246	asenyaev	2022-07-14 08:24:16	asenyaev	2022-07-14 08:17:38	4	4	0	True	True
22241	savuor	2022-07-13 14:20:51	savuor	2022-08-22 14:07:07	2	2	0	False	True
22241	savuor	2022-07-13 14:20:51	savuor	2022-07-13 14:12:44	1090	757	333	True	True
22236	mizo	2022-07-13 01:13:03	mizo	2022-06-15 01:35:42	337	245	92	True	True
22234	vrabaud	2022-07-12 14:28:41	vrabaud	2022-07-12 14:24:44	2	1	1	True	True
22232	tomoaki0705	2022-07-11 14:41:51	tomoaki0705	2022-07-12 10:42:39	22	11	11	False	True
22229	zihaomu	2022-07-11 11:39:31	zihaomu	2022-07-13 03:25:27	49	34	15	False	True
22228	CSharperMantle	2022-07-11 10:44:24	CSharperMantle	2022-07-11 10:36:36	27	25	2	True	True
22227	danopdev	2022-07-11 09:04:25	danopdev	2022-09-14 12:19:04	122	96	26	False	True
22226	ocpalo	2022-07-10 21:12:30	asmorkalov	2022-08-31 08:57:48	2	1	1	False	True
22226	ocpalo	2022-07-10 21:12:30	ocpalo	2022-08-31 17:39:19	8	4	4	False	True
22226	ocpalo	2022-07-10 21:12:30	ocpalo	2022-06-10 20:23:42	8719	8707	12	True	True
22225	scorpiozj	2022-07-10 12:45:13	scorpiozj	2022-07-10 12:39:04	2	1	1	True	True
22223	klatism	2022-07-10 05:06:35	klatism	2022-07-10 04:45:58	12	12	0	True	True
22217	CSharperMantle	2022-07-08 23:27:30	CSharperMantle	2022-07-08 23:20:44	21	19	2	True	True
22217	CSharperMantle	2022-07-08 23:27:30	CSharperMantle	2022-07-10 09:34:07	13	3	10	False	True
22216	indirectlylit	2022-07-08 18:36:13	indirectlylit	2022-07-08 18:21:17	17	7	10	True	True
22212	SergeyIvanov87	2022-07-08 08:49:50	SergeyIvanov87	2022-07-08 14:15:31	34	15	19	False	True
22212	SergeyIvanov87	2022-07-08 08:49:50	SergeyIvanov87	2022-07-12 09:41:23	57	44	13	False	True
22212	SergeyIvanov87	2022-07-08 08:49:50	SergeyIvanov87	2022-07-12 07:54:12	48	36	12	False	True
22212	SergeyIvanov87	2022-07-08 08:49:50	SergeyIvanov87	2022-07-08 08:40:25	708	588	120	True	True
22212	SergeyIvanov87	2022-07-08 08:49:50	SergeyIvanov87	2022-07-13 15:07:41	1	0	1	False	True
22212	SergeyIvanov87	2022-07-08 08:49:50	SergeyIvanov87	2022-07-12 10:08:55	3	1	2	False	True
22212	SergeyIvanov87	2022-07-08 08:49:50	SergeyIvanov87	2022-07-13 15:49:48	26	12	14	False	True
22208	vrabaud	2022-07-07 16:18:57	vrabaud	2022-07-07 18:14:26	3	1	2	False	True
22208	vrabaud	2022-07-07 16:18:57	vrabaud	2022-07-07 16:16:28	2	2	0	True	True
22202	tomoaki0705	2022-07-06 14:32:01	tomoaki0705	2022-07-06 14:31:31	56	56	0	True	True
22199	zihaomu	2022-07-06 12:10:54	zihaomu	2022-07-13 05:46:16	56	40	16	False	True
22199	zihaomu	2022-07-06 12:10:54	zihaomu	2022-07-20 11:02:16	2	1	1	False	True
22199	zihaomu	2022-07-06 12:10:54	zihaomu	2022-08-02 02:32:31	89	55	34	False	True
22196	hzcyf	2022-07-05 12:42:09	hzcyf	2022-07-18 03:52:13	283	148	135	False	True
22196	hzcyf	2022-07-05 12:42:09	hzcyf	2022-07-22 02:24:59	32	18	14	False	True
22196	hzcyf	2022-07-05 12:42:09	hzcyf	2022-07-22 05:35:13	2	2	0	False	True
22196	hzcyf	2022-07-05 12:42:09	hzcyf	2022-07-15 07:27:49	1974	1973	1	False	True
22189	p12tic	2022-07-04 09:19:29	p12tic	2022-07-04 09:09:33	9	8	1	True	True
22187	fengyuentau	2022-07-04 07:21:42	fengyuentau	2022-07-04 08:02:53	2	1	1	False	True
22187	fengyuentau	2022-07-04 07:21:42	fengyuentau	2022-07-04 07:14:56	10	5	5	True	True
22187	fengyuentau	2022-07-04 07:21:42	fengyuentau	2022-07-04 07:56:27	4	2	2	False	True
22186	fengyuentau	2022-07-04 07:19:52	fengyuentau	2022-07-04 07:11:56	8	4	4	True	True
22186	fengyuentau	2022-07-04 07:19:52	fengyuentau	2022-07-04 07:57:06	4	2	2	False	True
22186	fengyuentau	2022-07-04 07:19:52	fengyuentau	2022-07-04 08:02:22	2	1	1	False	True
22185	fengyuentau	2022-07-04 07:18:39	fengyuentau	2022-07-04 07:13:29	8	4	4	True	True
22185	fengyuentau	2022-07-04 07:18:39	fengyuentau	2022-07-04 07:58:42	4	2	2	False	True
22185	fengyuentau	2022-07-04 07:18:39	fengyuentau	2022-07-04 08:01:49	2	1	1	False	True
22184	heavyrain-lzy	2022-07-03 06:10:32	heavyrain-lzy	2022-07-03 05:52:43	2	1	1	True	True
22184	heavyrain-lzy	2022-07-03 06:10:32	alalek	2022-07-03 14:10:56	20	10	10	False	True
22184	heavyrain-lzy	2022-07-03 06:10:32	heavyrain-lzy	2022-07-03 09:54:59	19	19	0	False	True
22183	zihaomu	2022-07-03 04:33:16	zihaomu	2022-07-04 14:13:46	284	183	101	False	True
22183	zihaomu	2022-07-03 04:33:16	zihaomu	2022-07-05 00:39:19	6	3	3	False	True
22179	hanliutong	2022-07-01 01:05:25	hanliutong	2022-07-06 14:45:40	155	152	3	False	True
22179	hanliutong	2022-07-01 01:05:25	hanliutong	2022-07-19 07:25:36	6	3	3	False	True
22179	hanliutong	2022-07-01 01:05:25	hanliutong	2022-07-18 04:04:30	25	14	11	False	True
22179	hanliutong	2022-07-01 01:05:25	hanliutong	2022-06-30 19:08:59	201	47	154	True	True
22179	hanliutong	2022-07-01 01:05:25	hanliutong	2022-07-18 04:02:30	6	3	3	False	True
22179	hanliutong	2022-07-01 01:05:25	hanliutong	2022-07-01 06:20:08	76	38	38	False	True
22179	hanliutong	2022-07-01 01:05:25	hanliutong	2022-07-06 08:43:53	54	23	31	False	True
22179	hanliutong	2022-07-01 01:05:25	hanliutong	2022-06-30 19:07:39	614	425	189	True	True
22179	hanliutong	2022-07-01 01:05:25	hanliutong	2022-06-30 19:07:07	21	10	11	True	True
22179	hanliutong	2022-07-01 01:05:25	hanliutong	2022-06-30 18:59:32	490	490	0	True	True
22179	hanliutong	2022-07-01 01:05:25	hanliutong	2022-06-30 19:06:29	37	34	3	True	True
22179	hanliutong	2022-07-01 01:05:25	hanliutong	2022-06-30 19:03:56	341	337	4	True	True
