pr_number	author_user_login	pr_created_at	comment_user_login	comment_created_at	is_review_issue_comment
1068	AoD314	2013-06-29 18:06:04	mdim	2013-07-02 09:14:15	True
1068	AoD314	2013-06-29 18:06:04	SpecLad	2013-07-11 08:12:27	True
1068	AoD314	2013-06-29 18:06:04	apavlenko	2013-07-01 08:08:58	True
1068	AoD314	2013-06-29 18:06:04	SpecLad	2013-07-15 07:44:46	True
1050	pengx17	2013-06-26 02:52:11	apavlenko	2013-06-26 12:57:38	True
1050	pengx17	2013-06-26 02:52:11	SpecLad	2013-06-27 08:05:07	True
1040	asmorkalov	2013-06-24 10:23:07	SpecLad	2013-06-27 12:57:17	True
1039	philippefoubert	2013-06-23 17:09:35	alekcac	2013-08-27 08:12:12	True
1039	philippefoubert	2013-06-23 17:09:35	mdim	2013-07-02 10:03:28	True
1039	philippefoubert	2013-06-23 17:09:35	SeninAndrew	2013-07-17 07:24:03	True
1039	philippefoubert	2013-06-23 17:09:35	Daniil-Osokin	2013-09-19 14:33:38	True
1039	philippefoubert	2013-06-23 17:09:35	BKNio	2013-08-21 10:16:06	True
1039	philippefoubert	2013-06-23 17:09:35	SpecLad	2013-08-21 11:42:06	True
1039	philippefoubert	2013-06-23 17:09:35	SpecLad	2013-10-22 08:16:19	True
1039	philippefoubert	2013-06-23 17:09:35	BKNio	2013-11-06 04:27:08	True
1039	philippefoubert	2013-06-23 17:09:35	mdim	2013-10-18 10:14:45	True
1039	philippefoubert	2013-06-23 17:09:35	vpisarev	2013-06-25 20:42:26	True
1039	philippefoubert	2013-06-23 17:09:35	mdim	2013-10-20 21:14:02	True
1039	philippefoubert	2013-06-23 17:09:35	SpecLad	2013-11-19 11:18:37	True
1039	philippefoubert	2013-06-23 17:09:35	SpecLad	2013-10-21 08:22:58	True
1038	philippefoubert	2013-06-23 13:06:53	SpecLad	2013-06-27 08:44:28	True
1038	philippefoubert	2013-06-23 13:06:53	mdim	2013-07-02 10:06:12	True
1038	philippefoubert	2013-06-23 13:06:53	kirill-korniakov	2013-06-27 08:18:07	True
1021	alekcac	2013-06-18 20:23:13	vpisarev	2013-06-23 08:15:48	True
1021	alekcac	2013-06-18 20:23:13	kirill-korniakov	2013-06-25 05:14:18	True
1014	vinograd47	2013-06-17 06:34:27	geexie	2013-06-20 10:25:49	True
1013	onauparc	2013-06-14 18:07:09	mdim	2013-07-02 10:28:06	True
1013	onauparc	2013-06-14 18:07:09	vpisarev	2013-06-23 08:20:21	True
1013	onauparc	2013-06-14 18:07:09	vpisarev	2013-08-06 17:06:27	True
1011	wecacuee	2013-06-14 15:48:24	vpisarev	2013-06-25 20:43:16	True
1007	alekcac	2013-06-14 11:11:49	kirill-korniakov	2013-06-14 13:22:31	True
1007	alekcac	2013-06-14 11:11:49	kirill-korniakov	2013-06-18 08:02:33	True
1006	asmorkalov	2013-06-14 09:14:28	vinograd47	2013-06-14 09:30:03	True
1006	asmorkalov	2013-06-14 09:14:28	vpisarev	2013-06-23 08:32:24	True
1002	asmorkalov	2013-06-14 07:58:54	SpecLad	2013-06-25 07:40:19	True
1002	asmorkalov	2013-06-14 07:58:54	SpecLad	2013-06-18 12:16:40	True
1002	asmorkalov	2013-06-14 07:58:54	SpecLad	2013-06-14 09:54:02	True
984	albenoit	2013-06-12 20:55:00	vpisarev	2013-07-10 12:36:37	True
984	albenoit	2013-06-12 20:55:00	vpisarev	2013-07-15 17:27:10	True
984	albenoit	2013-06-12 20:55:00	vpisarev	2013-07-12 11:19:38	True
984	albenoit	2013-06-12 20:55:00	vinograd47	2013-06-13 05:58:43	True
984	albenoit	2013-06-12 20:55:00	vpisarev	2013-07-02 15:53:04	True
