pr_number	author_user_login	pr_created_at	commit_user_login	commit_created_at	commit_status_total	commit_status_additions	commit_status_deletions	create_before_pr	is_review_commit
10477	berak	2017-12-31 11:30:07	berak	2017-12-31 11:23:02	15	4	11	True	True
10470	victor-ludorum	2017-12-30 05:26:38	victor-ludorum	2017-12-30 04:51:46	2	1	1	True	True
10469	victor-ludorum	2017-12-30 04:29:46	victor-ludorum	2017-12-30 04:21:03	2	1	1	True	True
10469	victor-ludorum	2017-12-30 04:29:46	victor-ludorum	2017-12-30 10:25:00	2	1	1	False	True
10468	fenrus75	2017-12-29 22:51:02	alalek	2018-01-15 18:21:44	104	52	52	False	True
10468	fenrus75	2017-12-29 22:51:02	fenrus75	2017-12-29 22:49:22	62	61	1	True	True
10468	fenrus75	2017-12-29 22:51:02	alalek	2018-01-11 00:30:45	14	7	7	False	True
10468	fenrus75	2017-12-29 22:51:02	alalek	2018-01-11 00:33:56	7	3	4	False	True
10466	dkurt	2017-12-29 16:37:39	dkurt	2017-12-25 10:44:02	420	198	222	True	True
10466	dkurt	2017-12-29 16:37:39	dkurt	2018-01-10 15:25:43	65	43	22	False	True
10456	dkurt	2017-12-28 13:37:59	dkurt	2017-12-28 13:04:09	101	52	49	True	True
10452	mshabunin	2017-12-28 11:20:41	mshabunin	2017-12-28 10:43:35	2	1	1	True	True
10446	cabelo	2017-12-28 03:40:32	cabelo	2017-12-28 04:39:38	2	1	1	False	True
10446	cabelo	2017-12-28 03:40:32	cabelo	2017-12-28 04:34:58	4	2	2	False	True
10446	cabelo	2017-12-28 03:40:32	cabelo	2017-12-28 03:34:01	15	12	3	True	True
10446	cabelo	2017-12-28 03:40:32	alalek	2018-01-02 12:05:09	75	29	46	False	True
10445	pengli	2017-12-28 03:21:45	pli2-intel	2017-12-27 15:15:50	32	29	3	True	True
10435	arthur-williams	2017-12-27 14:35:14	arthur-williams	2017-12-27 14:09:25	1	1	0	True	True
10432	GlueCrow	2017-12-27 10:04:37	GlueCrow	2017-12-25 18:46:22	345	179	166	True	True
10429	wxzs5	2017-12-27 04:19:17	wxzs5	2017-12-27 03:57:58	2	1	1	True	True
10429	wxzs5	2017-12-27 04:19:17	wxzs5	2017-12-27 03:57:17	4	2	2	True	True
10428	pengli	2017-12-27 01:38:22	pli2-intel	2017-12-26 09:41:48	374	110	264	True	True
10424	dkurt	2017-12-26 14:04:17	dkurt	2017-12-26 13:49:33	16	7	9	True	True
10421	cezheng	2017-12-26 10:51:26	cezheng	2017-12-22 08:03:12	2	1	1	True	True
10419	shortcipher3	2017-12-26 05:05:43	chrishall	2017-12-26 05:01:48	8	4	4	True	True
10418	mypopydev	2017-12-26 02:43:12	mypopydev	2017-12-26 02:25:36	12	6	6	True	True
10416	fenrus75	2017-12-25 21:11:05	fenrus75	2017-12-25 21:08:22	127	101	26	True	True
10416	fenrus75	2017-12-25 21:11:05	fenrus75	2017-12-25 21:06:52	23	21	2	True	True
10416	fenrus75	2017-12-25 21:11:05	alalek	2017-12-28 02:16:42	67	34	33	False	True
10412	GregoryMorse	2017-12-25 01:57:41	GregoryMorse	2017-12-25 02:26:44	4	2	2	False	True
10412	GregoryMorse	2017-12-25 01:57:41	GregoryMorse	2017-12-26 22:30:58	5	3	2	False	True
10412	GregoryMorse	2017-12-25 01:57:41	GregoryMorse	2017-12-26 21:59:09	9	5	4	False	True
10412	GregoryMorse	2017-12-25 01:57:41	GregoryMorse	2017-12-26 21:50:43	18	12	6	False	True
10412	GregoryMorse	2017-12-25 01:57:41	GregoryMorse	2017-12-26 21:43:52	7	6	1	False	True
10412	GregoryMorse	2017-12-25 01:57:41	GregoryMorse	2017-12-26 21:19:56	42	38	4	False	True
10412	GregoryMorse	2017-12-25 01:57:41	GregoryMorse	2017-12-26 22:37:38	2	2	0	False	True
10412	GregoryMorse	2017-12-25 01:57:41	GregoryMorse	2017-12-26 20:46:48	6	4	2	False	True
10412	GregoryMorse	2017-12-25 01:57:41	GregoryMorse	2017-12-26 03:41:03	4	2	2	False	True
10412	GregoryMorse	2017-12-25 01:57:41	GregoryMorse	2017-12-25 02:30:56	8	6	2	False	True
10412	GregoryMorse	2017-12-25 01:57:41	GregoryMorse	2017-12-26 11:07:20	26	26	0	False	True
10412	GregoryMorse	2017-12-25 01:57:41	GregoryMorse	2017-12-26 11:09:50	2	2	0	False	True
10412	GregoryMorse	2017-12-25 01:57:41	GregoryMorse	2017-12-26 11:01:25	35	35	0	False	True
10412	GregoryMorse	2017-12-25 01:57:41	GregoryMorse	2017-12-26 11:18:23	6	3	3	False	True
10412	GregoryMorse	2017-12-25 01:57:41	GregoryMorse	2017-12-27 00:53:26	3	2	1	False	True
10412	GregoryMorse	2017-12-25 01:57:41	GregoryMorse	2017-12-25 02:25:55	3	1	2	False	True
10412	GregoryMorse	2017-12-25 01:57:41	GregoryMorse	2017-12-25 01:57:26	6	5	1	True	True
10412	GregoryMorse	2017-12-25 01:57:41	GregoryMorse	2017-12-25 02:14:58	2	1	1	False	True
10412	GregoryMorse	2017-12-25 01:57:41	GregoryMorse	2017-12-25 01:59:42	44	44	0	False	True
10412	GregoryMorse	2017-12-25 01:57:41	GregoryMorse	2017-12-25 02:04:42	15	15	0	False	True
10412	GregoryMorse	2017-12-25 01:57:41	GregoryMorse	2017-12-25 02:25:18	7	3	4	False	True
10412	GregoryMorse	2017-12-25 01:57:41	GregoryMorse	2017-12-25 02:23:59	6	3	3	False	True
10412	GregoryMorse	2017-12-25 01:57:41	GregoryMorse	2017-12-25 02:22:32	4	2	2	False	True
10412	GregoryMorse	2017-12-25 01:57:41	GregoryMorse	2017-12-25 03:12:22	2	1	1	False	True
10412	GregoryMorse	2017-12-25 01:57:41	GregoryMorse	2017-12-25 02:12:25	4	4	0	False	True
10412	GregoryMorse	2017-12-25 01:57:41	GregoryMorse	2017-12-25 02:10:08	4	4	0	False	True
10412	GregoryMorse	2017-12-25 01:57:41	GregoryMorse	2017-12-25 02:02:31	24	24	0	False	True
10412	GregoryMorse	2017-12-25 01:57:41	GregoryMorse	2017-12-25 02:03:27	2	1	1	False	True
10412	GregoryMorse	2017-12-25 01:57:41	GregoryMorse	2017-12-25 02:03:12	2	2	0	False	True
10412	GregoryMorse	2017-12-25 01:57:41	GregoryMorse	2017-12-25 02:00:53	24	24	0	False	True
10410	GlueCrow	2017-12-23 14:32:34	GlueCrow	2017-12-23 13:57:17	14	1	13	True	True
10406	seiko2plus	2017-12-23 07:13:40	seiko2plus	2017-12-23 06:59:24	136	89	47	True	True
10404	alalek	2017-12-23 00:09:18	alalek	2017-12-23 00:06:34	4	2	2	True	True
10402	dkurt	2017-12-22 14:38:32	dkurt	2017-12-21 14:15:48	59	57	2	True	True
10401	terfendail	2017-12-22 14:12:56	terfendail	2017-12-22 14:10:03	10	5	5	True	True
10398	alalek	2017-12-22 12:53:30	alalek	2017-12-22 18:50:04	2	1	1	False	True
10398	alalek	2017-12-22 12:53:30	alalek	2017-12-22 12:33:23	307	99	208	True	True
10397	mshabunin	2017-12-22 12:27:14	mshabunin	2017-12-22 12:20:13	4	2	2	True	True
10396	berak	2017-12-22 11:42:03	berak	2017-12-22 11:34:25	6	3	3	True	True
10394	alalek	2017-12-22 11:00:43	alalek	2017-12-22 10:46:45	18	18	0	True	True
10392	terfendail	2017-12-22 10:26:41	terfendail	2017-12-22 10:23:56	3	3	0	True	True
10390	alalek	2017-12-22 09:33:58	alalek	2017-12-22 09:28:41	26	14	12	True	True
10389	wxzs5	2017-12-22 09:24:51	wxzs5	2017-12-22 09:13:57	2	1	1	True	True
10385	pengli	2017-12-22 05:12:52	pli2-intel	2017-12-22 10:49:47	247	236	11	False	True
10375	tomoaki0705	2017-12-21 14:12:07	tomoaki0705	2017-12-21 23:42:21	51	4	47	False	True
10374	tomoaki0705	2017-12-21 13:41:08	tomoaki0705	2017-12-21 15:14:10	2	1	1	False	True
10370	pengli	2017-12-21 04:44:47	pli2-intel	2017-12-19 14:28:18	182	120	62	True	True
10370	pengli	2017-12-21 04:44:47	pli2-intel	2017-12-21 14:01:44	14	4	10	False	True
10362	ElenaGvozdeva	2017-12-20 08:57:31	elenagvo	2017-12-06 07:38:46	179	179	0	True	True
10362	ElenaGvozdeva	2017-12-20 08:57:31	elenagvo	2017-12-25 09:58:55	77	65	12	False	True
10360	sturkmen72	2017-12-19 23:41:28	sturkmen72	2017-12-19 23:25:16	10	5	5	True	True
10359	alalek	2017-12-19 23:18:32	alalek	2017-12-19 23:11:33	2	1	1	True	True
10352	vinay0410	2017-12-19 12:45:26	vinay0410	2017-12-19 12:15:07	173	130	43	True	True
10352	vinay0410	2017-12-19 12:45:26	vinay0410	2017-12-20 20:34:47	180	135	45	False	True
10352	vinay0410	2017-12-19 12:45:26	alalek	2017-12-20 22:43:18	350	159	191	False	True
10348	ElenaGvozdeva	2017-12-19 08:12:07	elenagvo	2017-11-30 13:56:13	22	21	1	True	True
10344	tomoaki0705	2017-12-18 06:51:05	tomoaki0705	2017-12-18 12:51:33	83	59	24	False	True
10341	pengli	2017-12-18 01:48:39	pli2-intel	2017-12-19 09:59:13	164	160	4	False	True
10341	pengli	2017-12-18 01:48:39	pli2-intel	2017-12-19 08:59:46	39	39	0	False	True
10341	pengli	2017-12-18 01:48:39	pli2-intel	2017-12-05 15:17:34	254	254	0	True	True
10340	alalek	2017-12-17 22:45:01	alalek	2017-12-17 22:28:33	147	128	19	True	True
10338	hrnr	2017-12-17 20:13:36	hrnr	2017-12-17 19:23:15	4	2	2	True	True
10333	sturkmen72	2017-12-16 13:19:17	sturkmen72	2017-12-18 07:52:55	2	1	1	False	True
10333	sturkmen72	2017-12-16 13:19:17	sturkmen72	2017-12-18 07:22:44	10	4	6	False	True
10333	sturkmen72	2017-12-16 13:19:17	sturkmen72	2017-12-16 10:41:03	491	273	218	True	True
10333	sturkmen72	2017-12-16 13:19:17	sturkmen72	2017-12-18 07:37:45	6	6	0	False	True
10333	sturkmen72	2017-12-16 13:19:17	sturkmen72	2017-12-18 07:32:15	4	3	1	False	True
10331	arrybn	2017-12-16 09:23:56	arrybn	2017-12-16 09:21:12	4	2	2	True	True
10329	jasjuang	2017-12-16 02:59:56	jasjuang	2017-12-21 09:33:25	25	24	1	False	True
10320	mshabunin	2017-12-15 14:32:03	mshabunin	2017-12-15 14:28:38	5	4	1	True	True
10319	catree	2017-12-15 13:19:24	alalek	2017-12-15 14:40:08	333	174	159	False	True
10319	catree	2017-12-15 13:19:24	catree	2017-12-15 13:09:59	65	35	30	True	True
10317	alalek	2017-12-15 12:57:17	alalek	2017-12-15 12:27:06	48	3	45	True	True
10314	alalek	2017-12-15 11:37:27	alalek	2017-12-15 11:05:57	4	2	2	True	True
10314	alalek	2017-12-15 11:37:27	alalek	2017-12-15 22:30:43	31	18	13	False	True
10309	seiko2plus	2017-12-15 04:06:44	seiko2plus	2017-12-15 02:47:52	905	904	1	True	True
10304	catree	2017-12-13 21:19:10	catree	2017-12-13 20:41:40	1196	1196	0	True	True
10303	seiko2plus	2017-12-13 21:08:22	seiko2plus	2017-12-13 17:55:13	291	142	149	True	True
10301	alalek	2017-12-13 14:08:31	alalek	2017-12-13 12:16:03	10	10	0	True	True
10300	alalek	2017-12-13 12:25:41	alalek	2017-12-13 12:16:03	14	9	5	True	True
10287	sturkmen72	2017-12-11 23:12:54	sturkmen72	2017-12-14 16:32:00	59	32	27	False	True
10287	sturkmen72	2017-12-11 23:12:54	sturkmen72	2017-12-15 07:31:31	4	2	2	False	True
10287	sturkmen72	2017-12-11 23:12:54	alalek	2017-12-15 10:17:46	16	8	8	False	True
10283	zhijackchen	2017-12-11 19:02:37	zhijackchen	2017-12-13 02:42:13	5	5	0	False	True
10283	zhijackchen	2017-12-11 19:02:37	zhijackchen	2017-12-13 02:20:00	138	42	96	False	True
10283	zhijackchen	2017-12-11 19:02:37	zhijackchen	2017-12-11 18:56:44	113	48	65	True	True
10283	zhijackchen	2017-12-11 19:02:37	zhijackchen	2017-12-15 02:31:16	145	70	75	False	True
10283	zhijackchen	2017-12-11 19:02:37	jackchen	2017-12-13 05:30:17	1	0	1	False	True
10283	zhijackchen	2017-12-11 19:02:37	zhijackchen	2017-12-15 02:33:25	1	0	1	False	True
10282	alalek	2017-12-11 13:05:50	alalek	2017-12-11 12:22:48	41	17	24	True	True
10269	terfendail	2017-12-08 18:06:46	terfendail	2017-12-08 12:38:22	234	233	1	True	True
10264	terfendail	2017-12-08 10:04:15	terfendail	2017-12-08 09:23:44	597	188	409	True	True
10263	mshabunin	2017-12-08 07:52:21	mshabunin	2017-11-28 09:53:40	319	184	135	True	True
10260	native-api	2017-12-07 22:46:33	native-api	2017-12-07 21:12:08	6	4	2	True	True
10258	savuor	2017-12-07 21:38:12	savuor	2017-12-15 15:07:24	6	2	4	False	True
10258	savuor	2017-12-07 21:38:12	savuor	2017-12-07 21:31:42	15	11	4	True	True
10255	dkurt	2017-12-07 16:12:39	dkurt	2017-12-04 15:45:30	1690	1297	393	True	True
10253	alalek	2017-12-07 16:05:32	alalek	2017-12-07 14:54:37	8	4	4	True	True
10244	dkurt	2017-12-06 18:59:45	dkurt	2017-12-06 18:58:36	7	4	3	True	True
10243	berak	2017-12-06 13:18:48	berak	2017-12-06 13:16:37	6	4	2	True	True
10232	TomBecker-BD	2017-12-05 22:19:20	TomBecker-BD	2017-12-08 19:37:29	3884	2625	1259	False	True
10232	TomBecker-BD	2017-12-05 22:19:20	TomBecker-BD	2017-12-08 23:25:33	6	4	2	False	True
10232	TomBecker-BD	2017-12-05 22:19:20	TomBecker-BD	2017-12-08 06:14:00	8	2	6	False	True
10232	TomBecker-BD	2017-12-05 22:19:20	TomBecker-BD	2017-12-08 04:43:55	4	4	0	False	True
10232	TomBecker-BD	2017-12-05 22:19:20	TomBecker-BD	2017-12-08 04:32:25	9	9	0	False	True
10232	TomBecker-BD	2017-12-05 22:19:20	TomBecker-BD	2017-12-05 21:53:46	605	446	159	True	True
10232	TomBecker-BD	2017-12-05 22:19:20	TomBecker-BD	2017-12-07 23:10:21	136	101	35	False	True
10232	TomBecker-BD	2017-12-05 22:19:20	TomBecker-BD	2017-12-08 00:55:36	2	1	1	False	True
10232	TomBecker-BD	2017-12-05 22:19:20	TomBecker-BD	2017-12-07 19:39:52	94	76	18	False	True
10232	TomBecker-BD	2017-12-05 22:19:20	TomBecker-BD	2017-12-07 19:07:17	117	58	59	False	True
10232	TomBecker-BD	2017-12-05 22:19:20	TomBecker-BD	2017-12-06 23:54:21	4	2	2	False	True
10232	TomBecker-BD	2017-12-05 22:19:20	TomBecker-BD	2017-12-08 01:04:30	6	3	3	False	True
10232	TomBecker-BD	2017-12-05 22:19:20	TomBecker-BD	2017-12-01 02:39:55	461	198	263	True	True
10232	TomBecker-BD	2017-12-05 22:19:20	TomBecker-BD	2017-12-13 17:44:24	6	3	3	False	True
10232	TomBecker-BD	2017-12-05 22:19:20	TomBecker-BD	2017-12-04 23:33:02	313	243	70	True	True
10232	TomBecker-BD	2017-12-05 22:19:20	TomBecker-BD	2017-12-06 21:55:24	6	3	3	False	True
10232	TomBecker-BD	2017-12-05 22:19:20	TomBecker-BD	2017-12-08 18:04:10	52	0	52	False	True
10232	TomBecker-BD	2017-12-05 22:19:20	TomBecker-BD	2017-12-02 01:42:38	25	25	0	True	True
10232	TomBecker-BD	2017-12-05 22:19:20	TomBecker-BD	2017-12-05 21:44:33	60	60	0	True	True
10232	TomBecker-BD	2017-12-05 22:19:20	TomBecker-BD	2017-12-01 03:29:39	25	24	1	True	True
10232	TomBecker-BD	2017-12-05 22:19:20	TomBecker-BD	2017-12-02 01:02:14	196	196	0	True	True
10232	TomBecker-BD	2017-12-05 22:19:20	TomBecker-BD	2017-12-05 17:22:01	746	609	137	True	True
10232	TomBecker-BD	2017-12-05 22:19:20	TomBecker-BD	2017-11-29 22:11:28	133	91	42	True	True
10232	TomBecker-BD	2017-12-05 22:19:20	TomBecker-BD	2017-09-30 00:59:55	379	191	188	True	True
10232	TomBecker-BD	2017-12-05 22:19:20	TomBecker-BD	2017-07-18 23:51:38	2	1	1	True	True
10232	TomBecker-BD	2017-12-05 22:19:20	TomBecker-BD	2017-07-18 23:47:55	111	53	58	True	True
10232	TomBecker-BD	2017-12-05 22:19:20	TomBecker-BD	2017-07-18 23:34:29	364	209	155	True	True
10232	TomBecker-BD	2017-12-05 22:19:20	TomBecker-BD	2017-12-05 18:51:27	94	32	62	True	True
10231	alalek	2017-12-05 15:26:36	alalek	2017-12-07 12:56:04	160	160	0	False	True
10231	alalek	2017-12-05 15:26:36	alalek	2017-12-05 15:46:58	82	66	16	False	True
10231	alalek	2017-12-05 15:26:36	alalek	2017-12-02 17:48:30	686	565	121	True	True
10231	alalek	2017-12-05 15:26:36	alalek	2017-12-05 10:26:38	170	56	114	True	True
10230	vpisarev	2017-12-05 12:48:38	vpisarev	2017-12-05 12:45:37	11	9	2	True	True
10228	pengli	2017-12-05 06:22:20	pli2-intel	2017-11-29 14:35:02	182	182	0	True	True
10228	pengli	2017-12-05 06:22:20	pli2-intel	2017-11-30 12:43:49	363	347	16	True	True
10228	pengli	2017-12-05 06:22:20	pli2-intel	2017-12-05 13:58:57	126	126	0	False	True
10228	pengli	2017-12-05 06:22:20	pli2-intel	2017-11-28 15:40:46	11	6	5	True	True
10228	pengli	2017-12-05 06:22:20	pli2-intel	2017-11-29 13:09:31	107	107	0	True	True
10228	pengli	2017-12-05 06:22:20	pli2-intel	2017-12-05 13:58:30	29	29	0	False	True
10226	vermashresth	2017-12-04 21:59:38	vermashresth	2017-12-03 21:46:22	4	2	2	True	True
10223	vpisarev	2017-12-04 12:32:48	vpisarev	2017-12-04 12:31:20	99	92	7	True	True
10223	vpisarev	2017-12-04 12:32:48	vpisarev	2017-12-04 18:40:10	4	3	1	False	True
10223	vpisarev	2017-12-04 12:32:48	vpisarev	2017-12-04 22:42:49	7	4	3	False	True
10222	reunanen	2017-12-04 12:30:55	reunanen	2017-12-04 12:27:08	4	2	2	True	True
10222	reunanen	2017-12-04 12:30:55	reunanen	2017-12-04 14:00:49	115	16	99	False	True
10222	reunanen	2017-12-04 12:30:55	reunanen	2017-12-04 14:28:02	10	5	5	False	True
10222	reunanen	2017-12-04 12:30:55	reunanen	2017-12-04 11:50:38	97	97	0	True	True
10215	dkurt	2017-12-02 20:54:19	dkurt	2017-12-02 20:52:35	383	326	57	True	True
10213	LaurentBerger	2017-12-01 12:08:03	LaurentBerger	2017-12-10 13:42:24	59	43	16	False	True
10213	LaurentBerger	2017-12-01 12:08:03	LaurentBerger	2017-12-07 20:46:30	43	29	14	False	True
10213	LaurentBerger	2017-12-01 12:08:03	LaurentBerger	2017-12-12 14:11:40	118	118	0	False	True
10213	LaurentBerger	2017-12-01 12:08:03	LaurentBerger	2017-12-11 21:18:06	45	15	30	False	True
10213	LaurentBerger	2017-12-01 12:08:03	LaurentBerger	2017-12-11 16:43:11	45	15	30	False	True
10213	LaurentBerger	2017-12-01 12:08:03	LaurentBerger	2017-12-11 16:34:27	49	17	32	False	True
10213	LaurentBerger	2017-12-01 12:08:03	LaurentBerger	2017-12-11 16:01:18	286	182	104	False	True
10213	LaurentBerger	2017-12-01 12:08:03	LaurentBerger	2017-12-10 21:06:07	15	12	3	False	True
10213	LaurentBerger	2017-12-01 12:08:03	LaurentBerger	2017-12-10 16:31:42	80	2	78	False	True
10213	LaurentBerger	2017-12-01 12:08:03	LaurentBerger	2017-12-07 19:57:55	31	25	6	False	True
10213	LaurentBerger	2017-12-01 12:08:03	LaurentBerger	2017-12-08 20:47:12	40	34	6	False	True
10213	LaurentBerger	2017-12-01 12:08:03	LaurentBerger	2017-12-04 12:48:47	11	9	2	False	True
10213	LaurentBerger	2017-12-01 12:08:03	LaurentBerger	2017-12-04 15:08:56	1	1	0	False	True
10213	LaurentBerger	2017-12-01 12:08:03	LaurentBerger	2017-12-01 14:09:03	4	2	2	False	True
10213	LaurentBerger	2017-12-01 12:08:03	LaurentBerger	2017-12-04 14:36:01	43	27	16	False	True
10213	LaurentBerger	2017-12-01 12:08:03	LaurentBerger	2017-12-08 20:05:27	201	175	26	False	True
10213	LaurentBerger	2017-12-01 12:08:03	LaurentBerger	2017-11-28 21:37:21	370	345	25	True	True
10213	LaurentBerger	2017-12-01 12:08:03	LaurentBerger	2017-12-04 11:14:41	2	1	1	False	True
10213	LaurentBerger	2017-12-01 12:08:03	LaurentBerger	2017-12-01 16:59:40	2	1	1	False	True
10213	LaurentBerger	2017-12-01 12:08:03	LaurentBerger	2017-12-01 18:35:55	2	1	1	False	True
10213	LaurentBerger	2017-12-01 12:08:03	LaurentBerger	2017-12-02 10:11:47	2	1	1	False	True
10213	LaurentBerger	2017-12-01 12:08:03	LaurentBerger	2017-12-01 17:39:19	5	2	3	False	True
