pr_number	author_user_login	pr_created_at	review_user_login	review_created_at	filename	create_before_pr	has_issue_comment	has_review_comment	has_commit
7761	UnaNancyOwen	2016-11-30 16:45:59	alalek	2016-11-30 20:45:57	modules/videoio/src/cap_images.cpp	True	True	True	True
7761	UnaNancyOwen	2016-11-30 16:45:59	alalek	2016-11-30 20:45:57	modules/videoio/src/cap_images.cpp	False	True	True	True
7761	UnaNancyOwen	2016-11-30 16:45:59	alalek	2016-11-30 20:45:57	modules/videoio/include/opencv2/videoio.hpp	False	True	True	True
7757	mshabunin	2016-11-30 09:12:16	alalek	2016-11-30 11:58:24	modules/core/src/parallel.cpp	True	True	True	True
7757	mshabunin	2016-11-30 09:12:16	alalek	2016-11-30 11:58:24	3rdparty/tbb/CMakeLists.txt	True	True	True	True
7757	mshabunin	2016-11-30 09:12:16	alalek	2016-11-30 11:58:24	apps/traincascade/boost.cpp	True	True	True	True
7757	mshabunin	2016-11-30 09:12:16	alalek	2016-11-30 11:58:24	cmake/OpenCVDetectTBB.cmake	True	True	True	True
7757	mshabunin	2016-11-30 09:12:16	alalek	2016-11-30 11:58:24	cmake/OpenCVUtils.cmake	True	True	True	True
7757	mshabunin	2016-11-30 09:12:16	alalek	2016-11-30 11:58:24	modules/core/include/opencv2/core/private.hpp	True	True	True	True
7757	mshabunin	2016-11-30 09:12:16	alalek	2016-11-30 11:58:24	samples/gpu/driver_api_stereo_multi.cpp	True	True	True	True
7757	mshabunin	2016-11-30 09:12:16	alalek	2016-11-30 11:58:24	modules/videoio/src/cap_openni.cpp	True	True	True	True
7757	mshabunin	2016-11-30 09:12:16	alalek	2016-11-30 11:58:24	modules/videoio/src/cap_openni2.cpp	True	True	True	True
7757	mshabunin	2016-11-30 09:12:16	alalek	2016-11-30 11:58:24	samples/gpu/driver_api_multi.cpp	True	True	True	True
7757	mshabunin	2016-11-30 09:12:16	alalek	2016-11-30 11:58:24	samples/gpu/multi.cpp	True	True	True	True
7756	terfendail	2016-11-30 08:29:42	apavlenko	2016-11-30 09:41:05	3rdparty/openvx/include/ivx.hpp	True	True	False	True
7754	bedbad	2016-11-30 03:33:33	alalek	2016-11-30 10:31:01	modules/core/src/matrix.cpp	True	True	True	True
7754	bedbad	2016-11-30 03:33:33	alalek	2016-11-30 10:31:01	modules/core/include/opencv2/core/core.hpp	True	True	True	True
7754	bedbad	2016-11-30 03:33:33	alalek	2016-11-30 10:31:01	modules/core/src/matrix.cpp	False	True	True	True
7745	ColinFinck	2016-11-28 09:18:21	alalek	2016-11-28 11:31:40	modules/objdetect/include/opencv2/objdetect/detection_based_tracker.hpp	True	True	True	True
7732	terfendail	2016-11-25 16:22:10	vinograd47	2016-11-28 06:47:43	3rdparty/openvx/include/ivx.hpp	True	True	True	True
7732	terfendail	2016-11-25 16:22:10	vinograd47	2016-11-28 06:47:09	3rdparty/openvx/include/ivx.hpp	True	True	True	True
7729	apavlenko	2016-11-25 15:12:37	alalek	2016-12-08 16:17:46	modules/core/include/opencv2/core/openvx/ovx_defs.hpp	True	True	True	True
7729	apavlenko	2016-11-25 15:12:37	alalek	2016-12-08 16:18:31	modules/core/src/precomp.hpp	True	True	True	True
7729	apavlenko	2016-11-25 15:12:37	alalek	2016-12-08 16:17:46	modules/imgproc/test/test_canny.cpp	False	True	True	True
7729	apavlenko	2016-11-25 15:12:37	alalek	2016-12-08 16:17:46	modules/imgproc/test/ocl/test_canny.cpp	False	True	True	True
7729	apavlenko	2016-11-25 15:12:37	alalek	2016-12-08 16:17:46	modules/imgproc/src/deriv.cpp	True	True	True	True
7729	apavlenko	2016-11-25 15:12:37	alalek	2016-12-08 16:17:46	modules/imgproc/src/canny.cpp	True	True	True	True
7729	apavlenko	2016-11-25 15:12:37	alalek	2016-12-08 16:17:46	modules/core/src/precomp.hpp	True	True	True	True
7729	apavlenko	2016-11-25 15:12:37	alalek	2016-12-08 16:17:46	modules/core/src/ovx.cpp	True	True	True	True
7729	apavlenko	2016-11-25 15:12:37	alalek	2016-12-08 16:17:46	modules/core/include/opencv2/core/ovx.hpp	True	True	True	True
7729	apavlenko	2016-11-25 15:12:37	alalek	2016-12-08 16:17:46	3rdparty/openvx/include/ivx.hpp	True	True	True	True
7729	apavlenko	2016-11-25 15:12:37	alalek	2016-12-08 16:17:46	modules/core/include/opencv2/core.hpp	True	True	True	True
7729	apavlenko	2016-11-25 15:12:37	alalek	2016-12-08 16:17:46	modules/core/src/convert.cpp	False	True	True	True
7729	apavlenko	2016-11-25 15:12:37	alalek	2016-12-08 16:18:31	modules/imgproc/src/smooth.cpp	False	True	True	True
7729	apavlenko	2016-11-25 15:12:37	alalek	2016-12-08 16:18:31	modules/core/src/convert.cpp	False	True	True	True
7729	apavlenko	2016-11-25 15:12:37	alalek	2016-12-08 16:18:31	modules/imgproc/src/canny.cpp	False	True	True	True
7729	apavlenko	2016-11-25 15:12:37	alalek	2016-12-08 16:18:31	modules/imgproc/test/test_canny.cpp	False	True	True	True
7729	apavlenko	2016-11-25 15:12:37	alalek	2016-12-08 16:18:31	modules/imgproc/test/ocl/test_canny.cpp	False	True	True	True
7729	apavlenko	2016-11-25 15:12:37	alalek	2016-12-08 16:18:31	modules/imgproc/src/deriv.cpp	True	True	True	True
7729	apavlenko	2016-11-25 15:12:37	alalek	2016-12-08 16:18:31	modules/imgproc/src/canny.cpp	True	True	True	True
7729	apavlenko	2016-11-25 15:12:37	alalek	2016-12-08 16:17:46	modules/imgproc/src/canny.cpp	False	True	True	True
7729	apavlenko	2016-11-25 15:12:37	alalek	2016-12-08 16:06:12	modules/imgproc/src/canny.cpp	False	True	True	True
7729	apavlenko	2016-11-25 15:12:37	alalek	2016-12-08 16:17:46	modules/imgproc/src/smooth.cpp	False	True	True	True
7729	apavlenko	2016-11-25 15:12:37	alalek	2016-12-08 16:06:12	3rdparty/openvx/include/ivx.hpp	True	True	True	True
7729	apavlenko	2016-11-25 15:12:37	alalek	2016-12-08 15:33:17	modules/core/src/ovx.cpp	True	True	True	True
7729	apavlenko	2016-11-25 15:12:37	alalek	2016-12-08 15:33:17	modules/core/include/opencv2/core/ovx.hpp	True	True	True	True
7729	apavlenko	2016-11-25 15:12:37	alalek	2016-12-08 15:33:17	modules/core/include/opencv2/core/openvx/ovx_defs.hpp	True	True	True	True
7729	apavlenko	2016-11-25 15:12:37	alalek	2016-12-08 15:33:17	modules/core/include/opencv2/core.hpp	True	True	True	True
7729	apavlenko	2016-11-25 15:12:37	alalek	2016-12-08 15:33:17	3rdparty/openvx/include/ivx.hpp	True	True	True	True
7729	apavlenko	2016-11-25 15:12:37	alalek	2016-12-08 16:06:12	modules/imgproc/src/smooth.cpp	False	True	True	True
7729	apavlenko	2016-11-25 15:12:37	alalek	2016-12-08 16:06:12	modules/core/src/convert.cpp	False	True	True	True
7729	apavlenko	2016-11-25 15:12:37	alalek	2016-12-08 16:18:31	modules/core/include/opencv2/core/ovx.hpp	True	True	True	True
7729	apavlenko	2016-11-25 15:12:37	alalek	2016-12-08 16:06:12	modules/imgproc/test/test_canny.cpp	False	True	True	True
7729	apavlenko	2016-11-25 15:12:37	alalek	2016-12-08 16:06:12	modules/imgproc/test/ocl/test_canny.cpp	False	True	True	True
7729	apavlenko	2016-11-25 15:12:37	alalek	2016-12-08 16:06:12	modules/imgproc/src/deriv.cpp	True	True	True	True
7729	apavlenko	2016-11-25 15:12:37	alalek	2016-12-08 16:06:12	modules/imgproc/src/canny.cpp	True	True	True	True
7729	apavlenko	2016-11-25 15:12:37	alalek	2016-12-08 16:06:12	modules/core/src/precomp.hpp	True	True	True	True
7729	apavlenko	2016-11-25 15:12:37	alalek	2016-12-08 16:06:12	modules/core/src/ovx.cpp	True	True	True	True
7729	apavlenko	2016-11-25 15:12:37	alalek	2016-12-08 16:06:12	modules/core/include/opencv2/core/ovx.hpp	True	True	True	True
7729	apavlenko	2016-11-25 15:12:37	alalek	2016-12-08 16:06:12	modules/core/include/opencv2/core/openvx/ovx_defs.hpp	True	True	True	True
7729	apavlenko	2016-11-25 15:12:37	alalek	2016-12-08 16:06:12	modules/core/include/opencv2/core.hpp	True	True	True	True
7729	apavlenko	2016-11-25 15:12:37	alalek	2016-12-08 16:18:31	modules/core/src/ovx.cpp	True	True	True	True
7729	apavlenko	2016-11-25 15:12:37	alalek	2016-12-09 10:20:52	modules/core/include/opencv2/core/ovx.hpp	True	True	True	True
7729	apavlenko	2016-11-25 15:12:37	alalek	2016-12-08 16:18:31	modules/core/include/opencv2/core/openvx/ovx_defs.hpp	True	True	True	True
7729	apavlenko	2016-11-25 15:12:37	alalek	2016-12-08 15:37:32	modules/imgproc/test/test_canny.cpp	False	True	True	True
7729	apavlenko	2016-11-25 15:12:37	alalek	2016-12-05 16:13:23	modules/core/src/ovx.cpp	True	True	True	True
7729	apavlenko	2016-11-25 15:12:37	alalek	2016-12-05 16:13:23	modules/core/include/opencv2/core/ovx.hpp	True	True	True	True
7729	apavlenko	2016-11-25 15:12:37	alalek	2016-12-05 16:13:23	modules/core/include/opencv2/core/openvx/ovx_defs.hpp	True	True	True	True
7729	apavlenko	2016-11-25 15:12:37	alalek	2016-12-05 16:13:23	modules/core/include/opencv2/core.hpp	True	True	True	True
7729	apavlenko	2016-11-25 15:12:37	alalek	2016-12-05 16:13:23	3rdparty/openvx/include/ivx.hpp	True	True	True	True
7729	apavlenko	2016-11-25 15:12:37	alalek	2016-12-08 15:37:32	modules/imgproc/src/smooth.cpp	False	True	True	True
7729	apavlenko	2016-11-25 15:12:37	alalek	2016-12-08 15:37:32	modules/core/src/convert.cpp	False	True	True	True
7729	apavlenko	2016-11-25 15:12:37	alalek	2016-12-08 15:37:32	modules/imgproc/src/canny.cpp	False	True	True	True
7729	apavlenko	2016-11-25 15:12:37	alalek	2016-12-08 15:37:32	modules/imgproc/test/ocl/test_canny.cpp	False	True	True	True
7729	apavlenko	2016-11-25 15:12:37	alalek	2016-12-08 16:18:31	modules/core/include/opencv2/core.hpp	True	True	True	True
7729	apavlenko	2016-11-25 15:12:37	alalek	2016-12-08 15:37:32	modules/imgproc/src/deriv.cpp	True	True	True	True
7729	apavlenko	2016-11-25 15:12:37	alalek	2016-12-08 15:37:32	modules/imgproc/src/canny.cpp	True	True	True	True
7729	apavlenko	2016-11-25 15:12:37	alalek	2016-12-08 15:37:32	modules/core/src/precomp.hpp	True	True	True	True
7729	apavlenko	2016-11-25 15:12:37	alalek	2016-12-08 15:37:32	modules/core/src/ovx.cpp	True	True	True	True
7729	apavlenko	2016-11-25 15:12:37	alalek	2016-12-08 15:37:32	modules/core/include/opencv2/core/ovx.hpp	True	True	True	True
7729	apavlenko	2016-11-25 15:12:37	alalek	2016-12-08 15:37:32	modules/core/include/opencv2/core/openvx/ovx_defs.hpp	True	True	True	True
7729	apavlenko	2016-11-25 15:12:37	alalek	2016-12-08 15:37:32	modules/core/include/opencv2/core.hpp	True	True	True	True
7729	apavlenko	2016-11-25 15:12:37	alalek	2016-12-08 15:37:32	3rdparty/openvx/include/ivx.hpp	True	True	True	True
7729	apavlenko	2016-11-25 15:12:37	alalek	2016-12-05 16:13:23	modules/imgproc/src/canny.cpp	True	True	True	True
7729	apavlenko	2016-11-25 15:12:37	alalek	2016-12-05 16:13:23	modules/imgproc/src/deriv.cpp	True	True	True	True
7729	apavlenko	2016-11-25 15:12:37	alalek	2016-12-05 16:13:23	modules/imgproc/test/ocl/test_canny.cpp	False	True	True	True
7729	apavlenko	2016-11-25 15:12:37	alalek	2016-12-05 16:13:23	modules/imgproc/test/test_canny.cpp	False	True	True	True
7729	apavlenko	2016-11-25 15:12:37	alalek	2016-12-08 16:18:31	3rdparty/openvx/include/ivx.hpp	True	True	True	True
7729	apavlenko	2016-11-25 15:12:37	alalek	2016-12-09 10:20:52	modules/imgproc/src/smooth.cpp	False	True	True	True
7729	apavlenko	2016-11-25 15:12:37	alalek	2016-12-09 10:20:52	modules/core/src/convert.cpp	False	True	True	True
7729	apavlenko	2016-11-25 15:12:37	alalek	2016-12-09 10:20:52	modules/imgproc/src/canny.cpp	False	True	True	True
7729	apavlenko	2016-11-25 15:12:37	alalek	2016-12-09 10:20:52	modules/imgproc/test/test_canny.cpp	False	True	True	True
7729	apavlenko	2016-11-25 15:12:37	alalek	2016-12-09 10:20:52	modules/imgproc/test/ocl/test_canny.cpp	False	True	True	True
7729	apavlenko	2016-11-25 15:12:37	alalek	2016-12-09 10:20:52	modules/imgproc/src/deriv.cpp	True	True	True	True
7729	apavlenko	2016-11-25 15:12:37	alalek	2016-12-09 10:20:52	modules/imgproc/src/canny.cpp	True	True	True	True
7729	apavlenko	2016-11-25 15:12:37	alalek	2016-12-09 10:20:52	modules/core/src/precomp.hpp	True	True	True	True
7729	apavlenko	2016-11-25 15:12:37	alalek	2016-12-09 10:20:52	modules/core/src/ovx.cpp	True	True	True	True
7729	apavlenko	2016-11-25 15:12:37	alalek	2016-12-08 15:33:17	modules/imgproc/src/canny.cpp	True	True	True	True
7729	apavlenko	2016-11-25 15:12:37	alalek	2016-12-09 10:20:52	modules/core/include/opencv2/core/openvx/ovx_defs.hpp	True	True	True	True
7729	apavlenko	2016-11-25 15:12:37	alalek	2016-12-09 10:20:52	modules/core/include/opencv2/core.hpp	True	True	True	True
7729	apavlenko	2016-11-25 15:12:37	alalek	2016-12-09 10:20:52	3rdparty/openvx/include/ivx.hpp	True	True	True	True
7729	apavlenko	2016-11-25 15:12:37	alalek	2016-12-05 16:13:23	modules/imgproc/src/smooth.cpp	False	True	True	True
7729	apavlenko	2016-11-25 15:12:37	alalek	2016-12-05 16:13:23	modules/core/src/convert.cpp	False	True	True	True
7729	apavlenko	2016-11-25 15:12:37	alalek	2016-12-05 16:13:23	modules/imgproc/src/canny.cpp	False	True	True	True
7729	apavlenko	2016-11-25 15:12:37	alalek	2016-12-08 15:33:17	modules/core/src/precomp.hpp	True	True	True	True
7729	apavlenko	2016-11-25 15:12:37	alalek	2016-12-05 16:13:23	modules/core/src/precomp.hpp	True	True	True	True
7729	apavlenko	2016-11-25 15:12:37	alalek	2016-12-08 15:33:17	modules/imgproc/src/deriv.cpp	True	True	True	True
7729	apavlenko	2016-11-25 15:12:37	alalek	2016-12-02 15:00:31	modules/imgproc/test/test_canny.cpp	False	True	True	True
7729	apavlenko	2016-11-25 15:12:37	savuor	2016-11-28 18:50:50	modules/core/src/ovx.cpp	True	True	True	True
7729	apavlenko	2016-11-25 15:12:37	savuor	2016-11-28 18:50:50	modules/core/include/opencv2/core/ovx.hpp	True	True	True	True
7729	apavlenko	2016-11-25 15:12:37	alalek	2016-12-08 15:33:17	modules/imgproc/test/ocl/test_canny.cpp	False	True	True	True
7729	apavlenko	2016-11-25 15:12:37	savuor	2016-11-28 18:50:50	modules/core/include/opencv2/core.hpp	True	True	True	True
7729	apavlenko	2016-11-25 15:12:37	savuor	2016-11-28 18:50:50	3rdparty/openvx/include/ivx.hpp	True	True	True	True
7729	apavlenko	2016-11-25 15:12:37	alalek	2016-12-02 15:00:31	modules/imgproc/src/smooth.cpp	False	True	True	True
7729	apavlenko	2016-11-25 15:12:37	alalek	2016-12-02 15:00:31	modules/core/src/convert.cpp	False	True	True	True
7729	apavlenko	2016-11-25 15:12:37	alalek	2016-12-02 15:00:31	modules/imgproc/src/canny.cpp	False	True	True	True
7729	apavlenko	2016-11-25 15:12:37	alalek	2016-12-02 15:00:31	modules/imgproc/test/ocl/test_canny.cpp	False	True	True	True
7729	apavlenko	2016-11-25 15:12:37	alalek	2016-11-28 10:38:06	modules/core/src/convert.cpp	False	True	True	True
7729	apavlenko	2016-11-25 15:12:37	alalek	2016-12-02 15:00:31	modules/imgproc/src/deriv.cpp	True	True	True	True
7729	apavlenko	2016-11-25 15:12:37	alalek	2016-12-02 15:00:31	modules/imgproc/src/canny.cpp	True	True	True	True
7729	apavlenko	2016-11-25 15:12:37	alalek	2016-12-02 15:00:31	modules/core/src/precomp.hpp	True	True	True	True
7729	apavlenko	2016-11-25 15:12:37	alalek	2016-12-02 15:00:31	modules/core/src/ovx.cpp	True	True	True	True
7729	apavlenko	2016-11-25 15:12:37	alalek	2016-12-02 15:00:31	modules/core/include/opencv2/core/ovx.hpp	True	True	True	True
7729	apavlenko	2016-11-25 15:12:37	alalek	2016-12-02 15:00:31	modules/core/include/opencv2/core/openvx/ovx_defs.hpp	True	True	True	True
7729	apavlenko	2016-11-25 15:12:37	alalek	2016-12-02 15:00:31	modules/core/include/opencv2/core.hpp	True	True	True	True
7729	apavlenko	2016-11-25 15:12:37	alalek	2016-12-02 15:00:31	3rdparty/openvx/include/ivx.hpp	True	True	True	True
7729	apavlenko	2016-11-25 15:12:37	savuor	2016-11-28 18:50:50	modules/core/src/precomp.hpp	True	True	True	True
7729	apavlenko	2016-11-25 15:12:37	savuor	2016-11-28 18:50:50	modules/imgproc/src/canny.cpp	True	True	True	True
7729	apavlenko	2016-11-25 15:12:37	savuor	2016-11-28 18:50:50	modules/imgproc/src/deriv.cpp	True	True	True	True
7729	apavlenko	2016-11-25 15:12:37	savuor	2016-11-28 18:50:50	modules/imgproc/test/ocl/test_canny.cpp	False	True	True	True
7729	apavlenko	2016-11-25 15:12:37	alalek	2016-12-05 09:56:58	modules/imgproc/src/smooth.cpp	False	True	True	True
7729	apavlenko	2016-11-25 15:12:37	alalek	2016-12-05 09:56:58	modules/core/src/convert.cpp	False	True	True	True
7729	apavlenko	2016-11-25 15:12:37	alalek	2016-12-05 09:56:58	modules/imgproc/src/canny.cpp	False	True	True	True
7729	apavlenko	2016-11-25 15:12:37	alalek	2016-12-05 09:56:58	modules/imgproc/test/test_canny.cpp	False	True	True	True
7729	apavlenko	2016-11-25 15:12:37	alalek	2016-12-05 09:56:58	modules/imgproc/test/ocl/test_canny.cpp	False	True	True	True
7729	apavlenko	2016-11-25 15:12:37	alalek	2016-12-05 09:56:58	modules/imgproc/src/deriv.cpp	True	True	True	True
7729	apavlenko	2016-11-25 15:12:37	alalek	2016-12-05 09:56:58	modules/imgproc/src/canny.cpp	True	True	True	True
7729	apavlenko	2016-11-25 15:12:37	alalek	2016-12-05 09:56:58	modules/core/src/precomp.hpp	True	True	True	True
7729	apavlenko	2016-11-25 15:12:37	alalek	2016-12-05 09:56:58	modules/core/src/ovx.cpp	True	True	True	True
7729	apavlenko	2016-11-25 15:12:37	alalek	2016-12-05 09:56:58	modules/core/include/opencv2/core/ovx.hpp	True	True	True	True
7729	apavlenko	2016-11-25 15:12:37	alalek	2016-12-05 09:56:58	modules/core/include/opencv2/core/openvx/ovx_defs.hpp	True	True	True	True
7729	apavlenko	2016-11-25 15:12:37	alalek	2016-12-05 09:56:58	modules/core/include/opencv2/core.hpp	True	True	True	True
7729	apavlenko	2016-11-25 15:12:37	alalek	2016-12-05 09:56:58	3rdparty/openvx/include/ivx.hpp	True	True	True	True
7729	apavlenko	2016-11-25 15:12:37	savuor	2016-11-28 18:50:50	modules/imgproc/src/smooth.cpp	False	True	True	True
7729	apavlenko	2016-11-25 15:12:37	savuor	2016-11-28 18:50:50	modules/core/src/convert.cpp	False	True	True	True
7729	apavlenko	2016-11-25 15:12:37	savuor	2016-11-28 18:50:50	modules/imgproc/src/canny.cpp	False	True	True	True
7729	apavlenko	2016-11-25 15:12:37	savuor	2016-11-28 18:50:50	modules/imgproc/test/test_canny.cpp	False	True	True	True
7729	apavlenko	2016-11-25 15:12:37	alalek	2016-11-28 10:38:06	modules/imgproc/src/smooth.cpp	False	True	True	True
7729	apavlenko	2016-11-25 15:12:37	savuor	2016-11-28 18:50:50	modules/core/include/opencv2/core/openvx/ovx_defs.hpp	True	True	True	True
7729	apavlenko	2016-11-25 15:12:37	alalek	2016-11-28 10:38:06	modules/imgproc/src/canny.cpp	False	True	True	True
7729	apavlenko	2016-11-25 15:12:37	alalek	2016-11-25 22:28:43	modules/core/src/precomp.hpp	True	True	True	True
7729	apavlenko	2016-11-25 15:12:37	alalek	2016-11-25 22:31:08	3rdparty/openvx/include/ivx.hpp	True	True	True	True
7729	apavlenko	2016-11-25 15:12:37	alalek	2016-11-25 22:28:43	modules/imgproc/src/smooth.cpp	False	True	True	True
7729	apavlenko	2016-11-25 15:12:37	alalek	2016-11-25 22:28:43	modules/core/src/convert.cpp	False	True	True	True
7729	apavlenko	2016-11-25 15:12:37	alalek	2016-11-25 22:28:43	modules/imgproc/src/canny.cpp	False	True	True	True
7729	apavlenko	2016-11-25 15:12:37	alalek	2016-11-25 22:28:43	modules/imgproc/test/test_canny.cpp	False	True	True	True
7729	apavlenko	2016-11-25 15:12:37	alalek	2016-11-25 22:28:43	modules/imgproc/test/ocl/test_canny.cpp	False	True	True	True
7729	apavlenko	2016-11-25 15:12:37	alalek	2016-11-25 22:28:43	modules/imgproc/src/deriv.cpp	True	True	True	True
7729	apavlenko	2016-11-25 15:12:37	alalek	2016-11-25 22:28:43	modules/imgproc/src/canny.cpp	True	True	True	True
7729	apavlenko	2016-11-25 15:12:37	alalek	2016-11-25 22:28:43	modules/core/src/ovx.cpp	True	True	True	True
7729	apavlenko	2016-11-25 15:12:37	alalek	2016-11-25 22:31:08	modules/core/include/opencv2/core/openvx/ovx_defs.hpp	True	True	True	True
7729	apavlenko	2016-11-25 15:12:37	alalek	2016-11-25 22:28:43	modules/core/include/opencv2/core/ovx.hpp	True	True	True	True
7729	apavlenko	2016-11-25 15:12:37	alalek	2016-11-25 22:28:43	modules/core/include/opencv2/core/openvx/ovx_defs.hpp	True	True	True	True
7729	apavlenko	2016-11-25 15:12:37	alalek	2016-11-25 22:28:43	modules/core/include/opencv2/core.hpp	True	True	True	True
7729	apavlenko	2016-11-25 15:12:37	alalek	2016-11-25 22:28:43	3rdparty/openvx/include/ivx.hpp	True	True	True	True
7729	apavlenko	2016-11-25 15:12:37	alalek	2016-12-08 15:33:17	modules/imgproc/src/smooth.cpp	False	True	True	True
7729	apavlenko	2016-11-25 15:12:37	alalek	2016-12-08 15:33:17	modules/core/src/convert.cpp	False	True	True	True
7729	apavlenko	2016-11-25 15:12:37	alalek	2016-11-28 10:38:06	modules/imgproc/test/test_canny.cpp	False	True	True	True
7729	apavlenko	2016-11-25 15:12:37	alalek	2016-12-08 15:33:17	modules/imgproc/test/test_canny.cpp	False	True	True	True
7729	apavlenko	2016-11-25 15:12:37	alalek	2016-11-25 22:31:08	modules/core/include/opencv2/core.hpp	True	True	True	True
7729	apavlenko	2016-11-25 15:12:37	alalek	2016-12-08 15:33:17	modules/imgproc/src/canny.cpp	False	True	True	True
7729	apavlenko	2016-11-25 15:12:37	alalek	2016-11-25 22:31:08	modules/core/include/opencv2/core/ovx.hpp	True	True	True	True
7729	apavlenko	2016-11-25 15:12:37	alalek	2016-11-28 10:38:06	3rdparty/openvx/include/ivx.hpp	True	True	True	True
7729	apavlenko	2016-11-25 15:12:37	alalek	2016-11-25 22:31:08	modules/core/src/ovx.cpp	True	True	True	True
7729	apavlenko	2016-11-25 15:12:37	alalek	2016-11-28 10:38:06	modules/imgproc/test/ocl/test_canny.cpp	False	True	True	True
7729	apavlenko	2016-11-25 15:12:37	alalek	2016-11-28 10:38:06	modules/imgproc/src/deriv.cpp	True	True	True	True
7729	apavlenko	2016-11-25 15:12:37	alalek	2016-11-28 10:38:06	modules/imgproc/src/canny.cpp	True	True	True	True
7729	apavlenko	2016-11-25 15:12:37	alalek	2016-11-28 10:38:06	modules/core/src/ovx.cpp	True	True	True	True
7729	apavlenko	2016-11-25 15:12:37	alalek	2016-11-28 10:38:06	modules/core/include/opencv2/core/ovx.hpp	True	True	True	True
7729	apavlenko	2016-11-25 15:12:37	alalek	2016-11-28 10:38:06	modules/core/include/opencv2/core/openvx/ovx_defs.hpp	True	True	True	True
7729	apavlenko	2016-11-25 15:12:37	alalek	2016-11-28 10:38:06	modules/core/include/opencv2/core.hpp	True	True	True	True
7729	apavlenko	2016-11-25 15:12:37	alalek	2016-11-28 10:38:06	modules/core/src/precomp.hpp	True	True	True	True
7729	apavlenko	2016-11-25 15:12:37	alalek	2016-11-25 22:31:08	modules/imgproc/src/smooth.cpp	False	True	True	True
7729	apavlenko	2016-11-25 15:12:37	alalek	2016-11-25 22:31:08	modules/imgproc/src/canny.cpp	False	True	True	True
7729	apavlenko	2016-11-25 15:12:37	alalek	2016-11-25 22:31:08	modules/imgproc/test/test_canny.cpp	False	True	True	True
7729	apavlenko	2016-11-25 15:12:37	alalek	2016-11-25 22:31:08	modules/core/src/precomp.hpp	True	True	True	True
7729	apavlenko	2016-11-25 15:12:37	alalek	2016-11-25 22:31:08	modules/imgproc/test/ocl/test_canny.cpp	False	True	True	True
7729	apavlenko	2016-11-25 15:12:37	alalek	2016-11-25 22:31:08	modules/imgproc/src/deriv.cpp	True	True	True	True
7729	apavlenko	2016-11-25 15:12:37	alalek	2016-11-25 22:31:08	modules/imgproc/src/canny.cpp	True	True	True	True
7729	apavlenko	2016-11-25 15:12:37	alalek	2016-11-25 22:31:08	modules/core/src/convert.cpp	False	True	True	True
7726	pengli	2016-11-25 05:27:07	alalek	2016-11-28 10:32:26	modules/imgproc/test/ocl/test_warp.cpp	True	True	True	True
7726	pengli	2016-11-25 05:27:07	alalek	2016-11-25 06:44:00	modules/imgproc/test/ocl/test_warp.cpp	True	True	True	True
7726	pengli	2016-11-25 05:27:07	alalek	2016-11-25 06:44:00	modules/imgproc/src/opencl/warp_transform.cl	True	True	True	True
7726	pengli	2016-11-25 05:27:07	alalek	2016-11-25 06:44:00	modules/imgproc/src/imgwarp.cpp	True	True	True	True
7726	pengli	2016-11-25 05:27:07	alalek	2016-11-28 22:03:56	modules/imgproc/src/opencl/warp_transform.cl	True	True	True	True
7726	pengli	2016-11-25 05:27:07	alalek	2016-11-28 10:32:26	modules/imgproc/src/opencl/warp_transform.cl	True	True	True	True
7726	pengli	2016-11-25 05:27:07	alalek	2016-11-28 10:32:26	modules/imgproc/src/imgwarp.cpp	True	True	True	True
7726	pengli	2016-11-25 05:27:07	alalek	2016-11-28 22:03:56	modules/imgproc/test/ocl/test_warp.cpp	True	True	True	True
7726	pengli	2016-11-25 05:27:07	alalek	2016-11-28 22:03:56	modules/imgproc/src/imgwarp.cpp	True	True	True	True
7726	pengli	2016-11-25 05:27:07	alalek	2016-11-25 06:42:20	modules/imgproc/src/opencl/warp_transform.cl	True	True	True	True
7726	pengli	2016-11-25 05:27:07	alalek	2016-11-25 06:42:20	modules/imgproc/src/imgwarp.cpp	True	True	True	True
7726	pengli	2016-11-25 05:27:07	alalek	2016-11-25 06:37:44	modules/imgproc/src/imgwarp.cpp	True	True	True	True
7726	pengli	2016-11-25 05:27:07	alalek	2016-11-25 06:42:20	modules/imgproc/test/ocl/test_warp.cpp	True	True	True	True
7726	pengli	2016-11-25 05:27:07	alalek	2016-11-25 06:37:44	modules/imgproc/test/ocl/test_warp.cpp	True	True	True	True
7726	pengli	2016-11-25 05:27:07	alalek	2016-11-25 06:34:40	modules/imgproc/src/imgwarp.cpp	True	True	True	True
7726	pengli	2016-11-25 05:27:07	alalek	2016-11-25 06:34:40	modules/imgproc/src/opencl/warp_transform.cl	True	True	True	True
7726	pengli	2016-11-25 05:27:07	alalek	2016-11-25 06:34:40	modules/imgproc/test/ocl/test_warp.cpp	True	True	True	True
7726	pengli	2016-11-25 05:27:07	alalek	2016-11-25 06:19:25	modules/imgproc/src/imgwarp.cpp	True	True	True	True
7726	pengli	2016-11-25 05:27:07	alalek	2016-11-25 06:19:25	modules/imgproc/src/opencl/warp_transform.cl	True	True	True	True
7726	pengli	2016-11-25 05:27:07	alalek	2016-11-25 06:19:25	modules/imgproc/test/ocl/test_warp.cpp	True	True	True	True
7726	pengli	2016-11-25 05:27:07	alalek	2016-11-25 06:37:44	modules/imgproc/src/opencl/warp_transform.cl	True	True	True	True
7700	LaurentBerger	2016-11-21 12:30:19	alalek	2016-11-23 13:07:00	CMakeLists.txt	True	True	True	True
7700	LaurentBerger	2016-11-21 12:30:19	terfendail	2016-11-23 12:55:14	cmake/OpenCVDetectFindGlog.cmake	False	True	True	True
7700	LaurentBerger	2016-11-21 12:30:19	terfendail	2016-11-23 12:55:14	CMakeLists.txt	True	True	True	True
7700	LaurentBerger	2016-11-21 12:30:19	terfendail	2016-11-23 12:55:14	cmake/OpenCVDetectFindGflags.cmake	True	True	True	True
7700	LaurentBerger	2016-11-21 12:30:19	terfendail	2016-11-23 12:55:14	cmake/OpenCVDetectFindGlog.cmake	True	True	True	True
7700	LaurentBerger	2016-11-21 12:30:19	alalek	2016-11-23 13:07:00	cmake/OpenCVDetectFindGflags.cmake	False	True	True	True
7700	LaurentBerger	2016-11-21 12:30:19	alalek	2016-11-23 13:07:00	cmake/OpenCVDetectFindGlog.cmake	False	True	True	True
7700	LaurentBerger	2016-11-21 12:30:19	alalek	2016-11-23 23:39:34	CMakeLists.txt	True	True	True	True
7700	LaurentBerger	2016-11-21 12:30:19	alalek	2016-11-23 13:07:00	cmake/OpenCVDetectFindGflags.cmake	True	True	True	True
7700	LaurentBerger	2016-11-21 12:30:19	alalek	2016-11-23 13:07:00	cmake/OpenCVDetectFindGlog.cmake	True	True	True	True
7700	LaurentBerger	2016-11-21 12:30:19	alalek	2016-11-23 23:39:34	cmake/OpenCVDetectFindGflags.cmake	False	True	True	True
7700	LaurentBerger	2016-11-21 12:30:19	alalek	2016-11-23 23:39:34	cmake/OpenCVDetectFindGlog.cmake	False	True	True	True
7700	LaurentBerger	2016-11-21 12:30:19	alalek	2016-11-23 23:39:34	cmake/OpenCVDetectFindGflags.cmake	True	True	True	True
7700	LaurentBerger	2016-11-21 12:30:19	alalek	2016-11-23 23:39:34	cmake/OpenCVDetectFindGlog.cmake	True	True	True	True
7700	LaurentBerger	2016-11-21 12:30:19	terfendail	2016-11-23 12:55:14	cmake/OpenCVDetectFindGflags.cmake	False	True	True	True
7695	ArkadiuszRaj	2016-11-20 14:30:50	alalek	2016-11-20 19:37:01	modules/videoio/src/cap_aravis.cpp	False	True	True	True
7695	ArkadiuszRaj	2016-11-20 14:30:50	alalek	2016-11-20 19:37:01	modules/videoio/src/cap_aravis.cpp	True	True	True	True
7694	sergiud	2016-11-20 13:59:54	alalek	2016-11-23 09:14:25	cmake/templates/OpenCVConfig.cmake.in	True	True	True	True
7694	sergiud	2016-11-20 13:59:54	alalek	2016-11-21 12:58:53	cmake/templates/OpenCVConfig.cmake.in	True	True	True	True
7694	sergiud	2016-11-20 13:59:54	alalek	2016-11-21 11:50:29	cmake/templates/OpenCVConfig.cmake.in	True	True	True	True
7677	terfendail	2016-11-15 13:25:52	apavlenko	2016-11-22 16:01:26	modules/core/src/stat.cpp	True	True	True	True
7677	terfendail	2016-11-15 13:25:52	apavlenko	2016-11-22 16:02:31	3rdparty/openvx/include/ivx.hpp	True	True	True	True
7677	terfendail	2016-11-15 13:25:52	apavlenko	2016-11-22 16:02:31	modules/core/src/stat.cpp	True	True	True	True
7677	terfendail	2016-11-15 13:25:52	savuor	2016-11-22 22:06:07	3rdparty/openvx/include/ivx.hpp	True	True	True	True
7677	terfendail	2016-11-15 13:25:52	savuor	2016-11-22 22:06:07	modules/core/src/stat.cpp	True	True	True	True
7677	terfendail	2016-11-15 13:25:52	savuor	2016-11-22 22:01:05	3rdparty/openvx/include/ivx.hpp	True	True	True	True
7677	terfendail	2016-11-15 13:25:52	savuor	2016-11-22 22:01:05	modules/core/src/stat.cpp	True	True	True	True
7677	terfendail	2016-11-15 13:25:52	apavlenko	2016-11-22 16:01:26	3rdparty/openvx/include/ivx.hpp	True	True	True	True
7677	terfendail	2016-11-15 13:25:52	apavlenko	2016-11-22 16:01:06	3rdparty/openvx/include/ivx.hpp	True	True	True	True
7677	terfendail	2016-11-15 13:25:52	apavlenko	2016-11-22 16:01:06	modules/core/src/stat.cpp	True	True	True	True
7677	terfendail	2016-11-15 13:25:52	apavlenko	2016-11-22 16:00:00	3rdparty/openvx/include/ivx.hpp	True	True	True	True
7677	terfendail	2016-11-15 13:25:52	apavlenko	2016-11-22 16:00:00	modules/core/src/stat.cpp	True	True	True	True
7677	terfendail	2016-11-15 13:25:52	savuor	2016-11-22 22:11:55	3rdparty/openvx/include/ivx.hpp	True	True	True	True
7677	terfendail	2016-11-15 13:25:52	savuor	2016-11-22 22:11:55	modules/core/src/stat.cpp	True	True	True	True
7677	terfendail	2016-11-15 13:25:52	apavlenko	2016-11-22 16:00:29	3rdparty/openvx/include/ivx.hpp	True	True	True	True
7677	terfendail	2016-11-15 13:25:52	apavlenko	2016-11-22 16:00:29	modules/core/src/stat.cpp	True	True	True	True
7673	pengli	2016-11-15 06:26:03	alalek	2016-11-16 11:13:02	modules/imgproc/test/ocl/test_filters.cpp	True	True	True	True
7673	pengli	2016-11-15 06:26:03	alalek	2016-11-16 11:13:02	modules/imgproc/src/deriv.cpp	True	True	True	True
7673	pengli	2016-11-15 06:26:03	alalek	2016-11-16 11:13:02	modules/imgproc/src/opencl/laplacian3.cl	True	True	True	True
7673	pengli	2016-11-15 06:26:03	alalek	2016-11-15 15:22:43	modules/imgproc/test/ocl/test_filters.cpp	True	True	True	True
7673	pengli	2016-11-15 06:26:03	alalek	2016-11-15 15:22:43	modules/imgproc/src/deriv.cpp	True	True	True	True
7673	pengli	2016-11-15 06:26:03	alalek	2016-11-15 15:22:43	modules/imgproc/src/opencl/laplacian3.cl	True	True	True	True
7651	terfendail	2016-11-10 16:40:24	apavlenko	2016-11-22 15:37:28	3rdparty/openvx/include/ivx.hpp	True	True	True	True
7651	terfendail	2016-11-10 16:40:24	vinograd47	2016-11-23 07:06:22	3rdparty/openvx/include/ivx.hpp	True	True	True	True
7651	terfendail	2016-11-10 16:40:24	apavlenko	2016-11-22 15:39:02	3rdparty/openvx/include/ivx.hpp	True	True	True	True
7651	terfendail	2016-11-10 16:40:24	vinograd47	2016-11-23 07:04:30	3rdparty/openvx/include/ivx.hpp	True	True	True	True
7651	terfendail	2016-11-10 16:40:24	savuor	2016-11-22 13:22:04	3rdparty/openvx/include/ivx.hpp	True	True	True	True
7651	terfendail	2016-11-10 16:40:24	savuor	2016-11-22 15:14:45	3rdparty/openvx/include/ivx.hpp	True	True	True	True
7651	terfendail	2016-11-10 16:40:24	savuor	2016-11-22 15:22:25	3rdparty/openvx/include/ivx.hpp	True	True	True	True
7651	terfendail	2016-11-10 16:40:24	apavlenko	2016-11-22 15:39:17	3rdparty/openvx/include/ivx.hpp	True	True	True	True
7651	terfendail	2016-11-10 16:40:24	savuor	2016-11-22 13:11:22	3rdparty/openvx/include/ivx.hpp	True	True	True	True
7651	terfendail	2016-11-10 16:40:24	vinograd47	2016-11-23 07:04:50	3rdparty/openvx/include/ivx.hpp	True	True	True	True
7651	terfendail	2016-11-10 16:40:24	vinograd47	2016-11-23 07:05:14	3rdparty/openvx/include/ivx.hpp	True	True	True	True
7651	terfendail	2016-11-10 16:40:24	vinograd47	2016-11-23 07:06:07	3rdparty/openvx/include/ivx.hpp	True	True	True	True
7651	terfendail	2016-11-10 16:40:24	vinograd47	2016-11-23 07:06:13	3rdparty/openvx/include/ivx.hpp	True	True	True	True
7651	terfendail	2016-11-10 16:40:24	savuor	2016-11-22 13:13:32	3rdparty/openvx/include/ivx.hpp	True	True	True	True
7651	terfendail	2016-11-10 16:40:24	apavlenko	2016-11-17 10:19:38	3rdparty/openvx/include/ivx.hpp	True	True	True	True
7651	terfendail	2016-11-10 16:40:24	apavlenko	2016-11-17 10:25:27	3rdparty/openvx/include/ivx.hpp	True	True	True	True
7651	terfendail	2016-11-10 16:40:24	vinograd47	2016-11-11 07:21:11	3rdparty/openvx/include/ivx.hpp	True	True	True	True
7651	terfendail	2016-11-10 16:40:24	apavlenko	2016-11-17 10:21:38	3rdparty/openvx/include/ivx.hpp	True	True	True	True
7651	terfendail	2016-11-10 16:40:24	apavlenko	2016-11-17 10:20:10	3rdparty/openvx/include/ivx.hpp	True	True	True	True
7651	terfendail	2016-11-10 16:40:24	apavlenko	2016-11-17 09:59:54	3rdparty/openvx/include/ivx.hpp	True	True	True	True
7651	terfendail	2016-11-10 16:40:24	savuor	2016-11-22 13:11:04	3rdparty/openvx/include/ivx.hpp	True	True	True	True
7651	terfendail	2016-11-10 16:40:24	apavlenko	2016-11-14 08:46:45	3rdparty/openvx/include/ivx.hpp	True	True	True	True
7651	terfendail	2016-11-10 16:40:24	apavlenko	2016-11-17 10:22:20	3rdparty/openvx/include/ivx.hpp	True	True	True	True
7651	terfendail	2016-11-10 16:40:24	apavlenko	2016-11-17 10:22:49	3rdparty/openvx/include/ivx.hpp	True	True	True	True
7651	terfendail	2016-11-10 16:40:24	apavlenko	2016-11-17 09:52:40	3rdparty/openvx/include/ivx.hpp	True	True	True	True
7651	terfendail	2016-11-10 16:40:24	apavlenko	2016-11-17 10:15:51	3rdparty/openvx/include/ivx.hpp	True	True	True	True
7651	terfendail	2016-11-10 16:40:24	apavlenko	2016-11-17 09:53:37	3rdparty/openvx/include/ivx.hpp	True	True	True	True
7651	terfendail	2016-11-10 16:40:24	savuor	2016-11-23 07:14:54	3rdparty/openvx/include/ivx.hpp	True	True	True	True
7651	terfendail	2016-11-10 16:40:24	apavlenko	2016-11-17 09:51:53	3rdparty/openvx/include/ivx.hpp	True	True	True	True
7638	ArkadiuszRaj	2016-11-10 08:29:18	alalek	2016-11-10 12:08:24	modules/imgcodecs/src/exif.hpp	True	True	True	True
7638	ArkadiuszRaj	2016-11-10 08:29:18	alalek	2016-11-10 12:08:24	modules/imgcodecs/CMakeLists.txt	True	True	True	True
7638	ArkadiuszRaj	2016-11-10 08:29:18	alalek	2016-11-10 12:08:24	modules/imgcodecs/include/opencv2/imgcodecs.hpp	True	True	True	True
7638	ArkadiuszRaj	2016-11-10 08:29:18	alalek	2016-11-10 12:08:24	modules/imgcodecs/include/opencv2/imgcodecs/imgcodecs_c.h	True	True	True	True
7638	ArkadiuszRaj	2016-11-10 08:29:18	alalek	2016-11-10 12:08:24	modules/imgcodecs/src/exif.cpp	True	True	True	True
7638	ArkadiuszRaj	2016-11-10 08:29:18	alalek	2016-11-10 12:08:24	modules/imgcodecs/src/grfmt_jpeg.cpp	True	True	True	True
7638	ArkadiuszRaj	2016-11-10 08:29:18	alalek	2016-11-10 12:08:24	modules/imgcodecs/src/loadsave.cpp	True	True	True	True
7638	ArkadiuszRaj	2016-11-10 08:29:18	alalek	2016-11-10 12:08:24	modules/imgcodecs/src/loadsave.cpp	False	True	True	True
7638	ArkadiuszRaj	2016-11-10 08:29:18	alalek	2016-11-10 12:08:24	modules/imgcodecs/src/grfmt_jpeg.hpp	True	True	True	True
7627	sovrasov	2016-11-08 11:08:26	alalek	2016-11-08 11:34:15	modules/core/test/test_io.cpp	True	True	True	True
7627	sovrasov	2016-11-08 11:08:26	alalek	2016-11-08 11:34:15	modules/core/include/opencv2/core/persistence.hpp	True	True	True	True
7625	souch55	2016-11-08 06:37:31	alalek	2016-11-14 11:46:00	modules/videoio/include/opencv2/videoio.hpp	False	True	True	True
7625	souch55	2016-11-08 06:37:31	alalek	2016-11-14 11:46:00	modules/videoio/src/cap.cpp	False	True	True	True
7625	souch55	2016-11-08 06:37:31	paroj	2016-11-09 10:42:21	modules/videoio/include/opencv2/videoio.hpp	False	True	True	True
7625	souch55	2016-11-08 06:37:31	paroj	2016-11-09 10:42:21	modules/videoio/src/cap.cpp	False	True	True	True
7625	souch55	2016-11-08 06:37:31	paroj	2016-11-11 13:21:27	modules/videoio/include/opencv2/videoio.hpp	False	True	True	True
7625	souch55	2016-11-08 06:37:31	paroj	2016-11-11 13:21:27	modules/videoio/src/cap.cpp	False	True	True	True
7625	souch55	2016-11-08 06:37:31	alalek	2016-11-14 13:35:35	modules/videoio/include/opencv2/videoio.hpp	False	True	True	True
7625	souch55	2016-11-08 06:37:31	alalek	2016-11-14 13:35:35	modules/videoio/src/cap.cpp	False	True	True	True
7625	souch55	2016-11-08 06:37:31	paroj	2016-11-11 13:17:54	modules/videoio/include/opencv2/videoio.hpp	False	True	True	True
7625	souch55	2016-11-08 06:37:31	paroj	2016-11-11 13:17:54	modules/videoio/src/cap.cpp	False	True	True	True
7625	souch55	2016-11-08 06:37:31	alalek	2016-11-14 13:45:42	modules/videoio/include/opencv2/videoio.hpp	False	True	True	True
7625	souch55	2016-11-08 06:37:31	alalek	2016-11-14 13:45:42	modules/videoio/src/cap.cpp	False	True	True	True
7624	pengli	2016-11-08 03:27:00	alalek	2016-11-08 13:57:42	modules/imgproc/test/ocl/test_filters.cpp	True	True	True	True
7624	pengli	2016-11-08 03:27:00	alalek	2016-11-08 13:57:42	modules/imgproc/src/smooth.cpp	True	True	True	True
7624	pengli	2016-11-08 03:27:00	alalek	2016-11-08 13:57:42	modules/imgproc/src/opencl/gaussianBlur3x3.cl	True	True	True	True
7618	lupustr3	2016-11-07 11:56:24	alalek	2016-11-07 17:04:10	modules/core/src/dxt.cpp	True	True	True	True
7618	lupustr3	2016-11-07 11:56:24	alalek	2016-11-07 17:04:10	modules/core/src/ocl.cpp	True	True	True	True
7618	lupustr3	2016-11-07 11:56:24	alalek	2016-11-07 17:04:10	modules/core/src/stat.cpp	True	True	True	True
7618	lupustr3	2016-11-07 11:56:24	alalek	2016-11-07 17:04:10	modules/core/include/opencv2/core/utility.hpp	True	True	True	True
7618	lupustr3	2016-11-07 11:56:24	alalek	2016-11-07 17:04:10	modules/core/include/opencv2/core/private.hpp	True	True	True	True
7618	lupustr3	2016-11-07 11:56:24	alalek	2016-11-07 17:04:10	modules/core/src/parallel.cpp	True	True	True	True
7618	lupustr3	2016-11-07 11:56:24	alalek	2016-11-07 17:04:10	modules/core/src/system.cpp	True	True	True	True
7618	lupustr3	2016-11-07 11:56:24	alalek	2016-11-07 17:04:10	modules/imgproc/src/canny.cpp	True	True	True	True
7618	lupustr3	2016-11-07 11:56:24	alalek	2016-11-07 17:04:10	modules/imgproc/src/color.cpp	True	True	True	True
7618	lupustr3	2016-11-07 11:56:24	alalek	2016-11-07 17:04:10	modules/imgproc/src/histogram.cpp	True	True	True	True
7618	lupustr3	2016-11-07 11:56:24	alalek	2016-11-07 17:04:10	modules/imgproc/src/imgwarp.cpp	True	True	True	True
7618	lupustr3	2016-11-07 11:56:24	alalek	2016-11-07 17:04:10	modules/imgproc/src/smooth.cpp	True	True	True	True
7618	lupustr3	2016-11-07 11:56:24	alalek	2016-11-07 17:04:10	modules/ts/src/ts_perf.cpp	True	True	True	True
7609	souch55	2016-11-03 13:25:06	paroj	2016-11-03 14:15:54	modules/videoio/include/opencv2/videoio.hpp	True	False	True	True
7609	souch55	2016-11-03 13:25:06	paroj	2016-11-03 14:15:54	modules/videoio/src/cap.cpp	True	False	True	True
7609	souch55	2016-11-03 13:25:06	paroj	2016-11-03 14:15:54	modules/videoio/include/opencv2/videoio/videoio_c.h	True	False	True	True
7601	sovrasov	2016-11-02 11:25:44	vpisarev	2016-11-02 13:28:49	modules/imgproc/src/imgwarp.cpp	True	True	True	True
7601	sovrasov	2016-11-02 11:25:44	vpisarev	2016-11-02 13:28:49	modules/imgproc/include/opencv2/imgproc.hpp	True	True	True	True
7598	terfendail	2016-11-01 18:28:07	apavlenko	2016-11-22 15:46:11	modules/core/src/convert.cpp	True	True	True	True
7598	terfendail	2016-11-01 18:28:07	apavlenko	2016-11-22 15:46:11	3rdparty/openvx/include/ivx.hpp	True	True	True	True
7598	terfendail	2016-11-01 18:28:07	apavlenko	2016-11-22 15:43:57	modules/core/src/convert.cpp	True	True	True	True
7598	terfendail	2016-11-01 18:28:07	apavlenko	2016-11-22 15:54:57	modules/core/src/convert.cpp	True	True	True	True
7598	terfendail	2016-11-01 18:28:07	apavlenko	2016-11-22 15:54:57	3rdparty/openvx/include/ivx.hpp	True	True	True	True
7598	terfendail	2016-11-01 18:28:07	apavlenko	2016-11-22 15:47:18	modules/core/src/convert.cpp	True	True	True	True
7598	terfendail	2016-11-01 18:28:07	apavlenko	2016-11-22 15:47:18	3rdparty/openvx/include/ivx.hpp	True	True	True	True
7598	terfendail	2016-11-01 18:28:07	apavlenko	2016-11-22 15:57:21	modules/core/src/convert.cpp	True	True	True	True
7598	terfendail	2016-11-01 18:28:07	apavlenko	2016-11-22 15:45:00	3rdparty/openvx/include/ivx.hpp	True	True	True	True
7598	terfendail	2016-11-01 18:28:07	apavlenko	2016-11-22 15:45:00	modules/core/src/convert.cpp	True	True	True	True
7598	terfendail	2016-11-01 18:28:07	apavlenko	2016-11-22 15:43:57	3rdparty/openvx/include/ivx.hpp	True	True	True	True
7598	terfendail	2016-11-01 18:28:07	apavlenko	2016-11-22 15:57:21	3rdparty/openvx/include/ivx.hpp	True	True	True	True
7596	sovrasov	2016-11-01 13:12:01	vpisarev	2016-11-02 10:35:50	modules/core/include/opencv2/core.hpp	True	True	True	True
7595	sovrasov	2016-11-01 09:26:06	alalek	2016-11-01 09:32:49	modules/core/src/persistence.cpp	True	True	True	True
7595	sovrasov	2016-11-01 09:26:06	alalek	2016-11-01 09:32:49	modules/core/src/persistence.cpp	False	True	True	True
7595	sovrasov	2016-11-01 09:26:06	alalek	2016-11-01 09:32:49	modules/core/test/test_io.cpp	True	True	True	True
