pr_number	author_user_login	pr_created_at	review_user_login	review_created_at	filename	create_before_pr	has_issue_comment	has_review_comment	has_commit
5888	ogreen	2015-12-27 22:03:11	vinograd47	2015-12-28 07:12:06	modules/cudaimgproc/include/opencv2/cudaimgproc.hpp	False	True	True	True
5888	ogreen	2015-12-27 22:03:11	vinograd47	2015-12-28 07:16:03	modules/cudaimgproc/src/median_filter.cpp	False	True	True	True
5888	ogreen	2015-12-27 22:03:11	vinograd47	2015-12-28 07:16:03	modules/cudaimgproc/src/cuda/median_filter.cu	False	True	True	True
5888	ogreen	2015-12-27 22:03:11	vinograd47	2015-12-28 07:16:03	modules/cudaimgproc/include/opencv2/cudaimgproc.hpp	True	True	True	True
5888	ogreen	2015-12-27 22:03:11	vinograd47	2015-12-28 07:16:03	modules/cudaimgproc/src/cuda/median_filter.cu	True	True	True	True
5888	ogreen	2015-12-27 22:03:11	vinograd47	2015-12-28 07:16:03	modules/cudaimgproc/src/median_filter.cpp	True	True	True	True
5888	ogreen	2015-12-27 22:03:11	vinograd47	2015-12-28 07:16:03	modules/cudafilters/perf/perf_filters.cpp	False	True	True	True
5888	ogreen	2015-12-27 22:03:11	vinograd47	2015-12-28 07:16:03	modules/cudafilters/test/test_filters.cpp	False	True	True	True
5888	ogreen	2015-12-27 22:03:11	vinograd47	2015-12-28 07:12:06	modules/cudafilters/include/opencv2/cudafilters.hpp	False	True	True	True
5888	ogreen	2015-12-27 22:03:11	vinograd47	2015-12-28 07:12:06	modules/cudafilters/src/cuda/median_filter.cu	False	True	True	True
5888	ogreen	2015-12-27 22:03:11	vinograd47	2015-12-28 07:12:06	modules/cudafilters/src/filtering.cpp	False	True	True	True
5888	ogreen	2015-12-27 22:03:11	vinograd47	2015-12-28 07:12:06	modules/cudafilters/perf/perf_filters.cpp	False	True	True	True
5888	ogreen	2015-12-27 22:03:11	vinograd47	2015-12-28 07:12:06	modules/cudaimgproc/src/median_filter.cpp	False	True	True	True
5888	ogreen	2015-12-27 22:03:11	vinograd47	2015-12-28 07:12:06	modules/cudaimgproc/src/cuda/median_filter.cu	False	True	True	True
5888	ogreen	2015-12-27 22:03:11	vinograd47	2015-12-28 07:12:06	modules/cudaimgproc/include/opencv2/cudaimgproc.hpp	True	True	True	True
5888	ogreen	2015-12-27 22:03:11	vinograd47	2015-12-28 07:12:06	modules/cudaimgproc/src/cuda/median_filter.cu	True	True	True	True
5888	ogreen	2015-12-27 22:03:11	vinograd47	2015-12-28 07:12:06	modules/cudaimgproc/src/median_filter.cpp	True	True	True	True
5888	ogreen	2015-12-27 22:03:11	vinograd47	2015-12-28 07:16:03	modules/cudafilters/src/filtering.cpp	False	True	True	True
5888	ogreen	2015-12-27 22:03:11	vinograd47	2015-12-28 07:12:06	modules/cudafilters/test/test_filters.cpp	False	True	True	True
5888	ogreen	2015-12-27 22:03:11	vinograd47	2016-01-11 07:18:22	modules/cudafilters/include/opencv2/cudafilters.hpp	False	True	True	True
5888	ogreen	2015-12-27 22:03:11	vinograd47	2016-01-11 07:18:22	modules/cudafilters/src/cuda/median_filter.cu	False	True	True	True
5888	ogreen	2015-12-27 22:03:11	vinograd47	2016-01-11 07:18:22	modules/cudaimgproc/include/opencv2/cudaimgproc.hpp	False	True	True	True
5888	ogreen	2015-12-27 22:03:11	vinograd47	2016-01-11 07:18:22	modules/cudafilters/src/filtering.cpp	False	True	True	True
5888	ogreen	2015-12-27 22:03:11	vinograd47	2015-12-28 07:16:03	modules/cudaimgproc/include/opencv2/cudaimgproc.hpp	False	True	True	True
5888	ogreen	2015-12-27 22:03:11	vinograd47	2015-12-28 07:13:26	modules/cudafilters/src/filtering.cpp	False	True	True	True
5888	ogreen	2015-12-27 22:03:11	vinograd47	2015-12-28 07:16:03	modules/cudafilters/src/cuda/median_filter.cu	False	True	True	True
5888	ogreen	2015-12-27 22:03:11	vinograd47	2015-12-28 07:16:03	modules/cudafilters/include/opencv2/cudafilters.hpp	False	True	True	True
5888	ogreen	2015-12-27 22:03:11	vinograd47	2015-12-28 07:13:26	modules/cudafilters/include/opencv2/cudafilters.hpp	False	True	True	True
5888	ogreen	2015-12-27 22:03:11	vinograd47	2016-01-11 07:18:22	modules/cudaimgproc/src/cuda/median_filter.cu	False	True	True	True
5888	ogreen	2015-12-27 22:03:11	vinograd47	2015-12-28 07:13:26	modules/cudaimgproc/include/opencv2/cudaimgproc.hpp	False	True	True	True
5888	ogreen	2015-12-27 22:03:11	vinograd47	2015-12-28 07:13:26	modules/cudaimgproc/src/median_filter.cpp	False	True	True	True
5888	ogreen	2015-12-27 22:03:11	vinograd47	2015-12-28 07:13:26	modules/cudaimgproc/src/cuda/median_filter.cu	False	True	True	True
5888	ogreen	2015-12-27 22:03:11	vinograd47	2015-12-28 07:13:26	modules/cudaimgproc/include/opencv2/cudaimgproc.hpp	True	True	True	True
5888	ogreen	2015-12-27 22:03:11	vinograd47	2015-12-28 07:13:26	modules/cudaimgproc/src/cuda/median_filter.cu	True	True	True	True
5888	ogreen	2015-12-27 22:03:11	vinograd47	2015-12-28 07:13:26	modules/cudaimgproc/src/median_filter.cpp	True	True	True	True
5888	ogreen	2015-12-27 22:03:11	vinograd47	2015-12-28 07:13:26	modules/cudafilters/perf/perf_filters.cpp	False	True	True	True
5888	ogreen	2015-12-27 22:03:11	vinograd47	2015-12-28 07:13:26	modules/cudafilters/test/test_filters.cpp	False	True	True	True
5888	ogreen	2015-12-27 22:03:11	vinograd47	2015-12-28 07:15:08	modules/cudafilters/include/opencv2/cudafilters.hpp	False	True	True	True
5888	ogreen	2015-12-27 22:03:11	vinograd47	2015-12-28 07:15:08	modules/cudafilters/src/cuda/median_filter.cu	False	True	True	True
5888	ogreen	2015-12-27 22:03:11	vinograd47	2015-12-28 07:15:08	modules/cudafilters/src/filtering.cpp	False	True	True	True
5888	ogreen	2015-12-27 22:03:11	vinograd47	2015-12-28 07:15:08	modules/cudaimgproc/include/opencv2/cudaimgproc.hpp	False	True	True	True
5888	ogreen	2015-12-27 22:03:11	vinograd47	2015-12-28 07:15:08	modules/cudaimgproc/src/median_filter.cpp	False	True	True	True
5888	ogreen	2015-12-27 22:03:11	vinograd47	2015-12-28 07:15:08	modules/cudaimgproc/src/cuda/median_filter.cu	False	True	True	True
5888	ogreen	2015-12-27 22:03:11	vinograd47	2015-12-28 07:15:08	modules/cudaimgproc/include/opencv2/cudaimgproc.hpp	True	True	True	True
5888	ogreen	2015-12-27 22:03:11	vinograd47	2015-12-28 07:15:08	modules/cudaimgproc/src/cuda/median_filter.cu	True	True	True	True
5888	ogreen	2015-12-27 22:03:11	vinograd47	2015-12-28 07:15:08	modules/cudaimgproc/src/median_filter.cpp	True	True	True	True
5888	ogreen	2015-12-27 22:03:11	vinograd47	2015-12-28 07:15:08	modules/cudafilters/perf/perf_filters.cpp	False	True	True	True
5888	ogreen	2015-12-27 22:03:11	vinograd47	2015-12-28 07:15:08	modules/cudafilters/test/test_filters.cpp	False	True	True	True
5888	ogreen	2015-12-27 22:03:11	vinograd47	2016-01-11 07:18:22	modules/cudaimgproc/src/median_filter.cpp	False	True	True	True
5888	ogreen	2015-12-27 22:03:11	vinograd47	2015-12-28 07:13:26	modules/cudafilters/src/cuda/median_filter.cu	False	True	True	True
5888	ogreen	2015-12-27 22:03:11	vinograd47	2016-01-11 07:18:22	modules/cudaimgproc/include/opencv2/cudaimgproc.hpp	True	True	True	True
5888	ogreen	2015-12-27 22:03:11	vinograd47	2016-01-11 07:26:06	modules/cudafilters/include/opencv2/cudafilters.hpp	False	True	True	True
5888	ogreen	2015-12-27 22:03:11	vinograd47	2016-01-11 07:14:55	modules/cudafilters/include/opencv2/cudafilters.hpp	False	True	True	True
5888	ogreen	2015-12-27 22:03:11	vinograd47	2016-01-11 07:14:55	modules/cudafilters/src/cuda/median_filter.cu	False	True	True	True
5888	ogreen	2015-12-27 22:03:11	vinograd47	2016-01-11 07:14:55	modules/cudafilters/src/filtering.cpp	False	True	True	True
5888	ogreen	2015-12-27 22:03:11	vinograd47	2016-01-11 07:14:55	modules/cudaimgproc/include/opencv2/cudaimgproc.hpp	False	True	True	True
5888	ogreen	2015-12-27 22:03:11	vinograd47	2016-01-11 07:14:55	modules/cudaimgproc/src/median_filter.cpp	False	True	True	True
5888	ogreen	2015-12-27 22:03:11	vinograd47	2016-01-11 07:14:55	modules/cudaimgproc/src/cuda/median_filter.cu	False	True	True	True
5888	ogreen	2015-12-27 22:03:11	vinograd47	2016-01-11 07:14:55	modules/cudaimgproc/include/opencv2/cudaimgproc.hpp	True	True	True	True
5888	ogreen	2015-12-27 22:03:11	vinograd47	2016-01-11 07:14:55	modules/cudaimgproc/src/cuda/median_filter.cu	True	True	True	True
5888	ogreen	2015-12-27 22:03:11	vinograd47	2016-01-11 07:14:55	modules/cudaimgproc/src/median_filter.cpp	True	True	True	True
5888	ogreen	2015-12-27 22:03:11	vinograd47	2016-01-11 07:14:55	modules/cudafilters/perf/perf_filters.cpp	False	True	True	True
5888	ogreen	2015-12-27 22:03:11	vinograd47	2016-01-11 07:26:06	modules/cudafilters/src/cuda/median_filter.cu	False	True	True	True
5888	ogreen	2015-12-27 22:03:11	vinograd47	2016-01-11 07:23:30	modules/cudafilters/perf/perf_filters.cpp	False	True	True	True
5888	ogreen	2015-12-27 22:03:11	vinograd47	2016-01-11 07:26:06	modules/cudafilters/src/filtering.cpp	False	True	True	True
5888	ogreen	2015-12-27 22:03:11	vinograd47	2016-01-11 07:26:06	modules/cudaimgproc/include/opencv2/cudaimgproc.hpp	False	True	True	True
5888	ogreen	2015-12-27 22:03:11	vinograd47	2016-01-11 07:26:06	modules/cudaimgproc/src/median_filter.cpp	False	True	True	True
5888	ogreen	2015-12-27 22:03:11	vinograd47	2016-01-11 07:26:06	modules/cudaimgproc/src/cuda/median_filter.cu	False	True	True	True
5888	ogreen	2015-12-27 22:03:11	vinograd47	2016-01-11 07:26:06	modules/cudaimgproc/include/opencv2/cudaimgproc.hpp	True	True	True	True
5888	ogreen	2015-12-27 22:03:11	vinograd47	2016-01-11 07:26:06	modules/cudaimgproc/src/cuda/median_filter.cu	True	True	True	True
5888	ogreen	2015-12-27 22:03:11	vinograd47	2016-01-11 07:26:06	modules/cudaimgproc/src/median_filter.cpp	True	True	True	True
5888	ogreen	2015-12-27 22:03:11	vinograd47	2016-01-11 07:26:06	modules/cudafilters/perf/perf_filters.cpp	False	True	True	True
5888	ogreen	2015-12-27 22:03:11	vinograd47	2016-01-11 07:26:06	modules/cudafilters/test/test_filters.cpp	False	True	True	True
5888	ogreen	2015-12-27 22:03:11	vinograd47	2016-01-11 07:18:22	modules/cudaimgproc/src/cuda/median_filter.cu	True	True	True	True
5888	ogreen	2015-12-27 22:03:11	vinograd47	2016-01-11 07:23:30	modules/cudafilters/test/test_filters.cpp	False	True	True	True
5888	ogreen	2015-12-27 22:03:11	vinograd47	2016-01-11 07:14:55	modules/cudafilters/test/test_filters.cpp	False	True	True	True
5888	ogreen	2015-12-27 22:03:11	vinograd47	2016-01-11 07:23:30	modules/cudaimgproc/src/median_filter.cpp	True	True	True	True
5888	ogreen	2015-12-27 22:03:11	vinograd47	2016-01-11 07:18:46	modules/cudaimgproc/include/opencv2/cudaimgproc.hpp	True	True	True	True
5888	ogreen	2015-12-27 22:03:11	vinograd47	2016-01-11 07:23:30	modules/cudaimgproc/src/cuda/median_filter.cu	True	True	True	True
5888	ogreen	2015-12-27 22:03:11	vinograd47	2016-01-11 07:18:22	modules/cudaimgproc/src/median_filter.cpp	True	True	True	True
5888	ogreen	2015-12-27 22:03:11	vinograd47	2016-01-11 07:18:22	modules/cudafilters/perf/perf_filters.cpp	False	True	True	True
5888	ogreen	2015-12-27 22:03:11	vinograd47	2016-01-11 07:18:22	modules/cudafilters/test/test_filters.cpp	False	True	True	True
5888	ogreen	2015-12-27 22:03:11	vinograd47	2016-01-11 07:18:46	modules/cudafilters/include/opencv2/cudafilters.hpp	False	True	True	True
5888	ogreen	2015-12-27 22:03:11	vinograd47	2016-01-11 07:18:46	modules/cudafilters/src/cuda/median_filter.cu	False	True	True	True
5888	ogreen	2015-12-27 22:03:11	vinograd47	2016-01-11 07:18:46	modules/cudafilters/src/filtering.cpp	False	True	True	True
5888	ogreen	2015-12-27 22:03:11	vinograd47	2016-01-11 07:18:46	modules/cudaimgproc/include/opencv2/cudaimgproc.hpp	False	True	True	True
5888	ogreen	2015-12-27 22:03:11	vinograd47	2016-01-11 07:18:46	modules/cudaimgproc/src/median_filter.cpp	False	True	True	True
5888	ogreen	2015-12-27 22:03:11	vinograd47	2016-01-11 07:18:46	modules/cudaimgproc/src/cuda/median_filter.cu	False	True	True	True
5888	ogreen	2015-12-27 22:03:11	vinograd47	2016-01-11 07:18:46	modules/cudaimgproc/src/cuda/median_filter.cu	True	True	True	True
5888	ogreen	2015-12-27 22:03:11	vinograd47	2016-01-11 07:18:46	modules/cudaimgproc/src/median_filter.cpp	True	True	True	True
5888	ogreen	2015-12-27 22:03:11	vinograd47	2016-01-11 07:18:46	modules/cudafilters/perf/perf_filters.cpp	False	True	True	True
5888	ogreen	2015-12-27 22:03:11	vinograd47	2016-01-11 07:18:46	modules/cudafilters/test/test_filters.cpp	False	True	True	True
5888	ogreen	2015-12-27 22:03:11	vinograd47	2016-01-11 07:23:30	modules/cudafilters/include/opencv2/cudafilters.hpp	False	True	True	True
5888	ogreen	2015-12-27 22:03:11	vinograd47	2016-01-11 07:23:30	modules/cudafilters/src/cuda/median_filter.cu	False	True	True	True
5888	ogreen	2015-12-27 22:03:11	vinograd47	2016-01-11 07:23:30	modules/cudafilters/src/filtering.cpp	False	True	True	True
5888	ogreen	2015-12-27 22:03:11	vinograd47	2016-01-11 07:23:30	modules/cudaimgproc/include/opencv2/cudaimgproc.hpp	False	True	True	True
5888	ogreen	2015-12-27 22:03:11	vinograd47	2016-01-11 07:23:30	modules/cudaimgproc/src/median_filter.cpp	False	True	True	True
5888	ogreen	2015-12-27 22:03:11	vinograd47	2016-01-11 07:23:30	modules/cudaimgproc/src/cuda/median_filter.cu	False	True	True	True
5888	ogreen	2015-12-27 22:03:11	vinograd47	2016-01-11 07:23:30	modules/cudaimgproc/include/opencv2/cudaimgproc.hpp	True	True	True	True
5816	sturkmen72	2015-12-15 21:02:55	vpisarev	2015-12-17 11:59:07	modules/videostab/src/deblurring.cpp	True	False	True	True
5816	sturkmen72	2015-12-15 21:02:55	vpisarev	2015-12-17 11:59:07	modules/imgproc/include/opencv2/imgproc.hpp	True	False	True	True
5816	sturkmen72	2015-12-15 21:02:55	vpisarev	2015-12-17 11:59:07	modules/imgproc/src/smooth.cpp	True	False	True	True
5816	sturkmen72	2015-12-15 21:02:55	vpisarev	2015-12-17 11:59:07	samples/cpp/tutorial_code/ImgProc/Smoothing.cpp	True	False	True	True
5816	sturkmen72	2015-12-15 21:02:55	vpisarev	2015-12-17 11:59:07	modules/videostab/src/stabilizer.cpp	True	False	True	True
5808	cedrou	2015-12-15 10:18:27	alalek	2015-12-15 11:07:33	modules/photo/include/opencv2/photo.hpp	True	True	True	True
5808	cedrou	2015-12-15 10:18:27	alalek	2015-12-15 11:07:33	modules/photo/include/opencv2/photo.hpp	False	True	True	True
5808	cedrou	2015-12-15 10:18:27	alalek	2015-12-15 11:07:33	modules/photo/src/merge.cpp	True	True	True	True
5802	bastelflp	2015-12-15 00:22:01	vpisarev	2015-12-15 10:19:48	samples/python2/houghcircles.py	True	True	True	True
5802	bastelflp	2015-12-15 00:22:01	vpisarev	2015-12-15 10:19:48	samples/python2/_tutorials_url.txt	True	True	True	True
5802	bastelflp	2015-12-15 00:22:01	vpisarev	2015-12-15 10:19:48	samples/python2/.gitignore	True	True	True	True
5802	bastelflp	2015-12-15 00:22:01	vpisarev	2015-12-15 10:19:48	samples/python2/peopledetect.py	True	True	True	True
5802	bastelflp	2015-12-15 00:22:01	vpisarev	2015-12-15 10:19:48	samples/python2/opt_flow.py	True	True	True	True
5802	bastelflp	2015-12-15 00:22:01	vpisarev	2015-12-15 10:19:48	samples/python2/opencv_version.py	True	True	True	True
5802	bastelflp	2015-12-15 00:22:01	vpisarev	2015-12-15 10:19:48	samples/python2/logpolar.py	True	True	True	True
5802	bastelflp	2015-12-15 00:22:01	vpisarev	2015-12-15 10:19:48	samples/python2/houghlines.py	True	True	True	True
5802	bastelflp	2015-12-15 00:22:01	vpisarev	2015-12-15 10:19:48	samples/python2/dft.py	True	True	True	True
5802	bastelflp	2015-12-15 00:22:01	vpisarev	2015-12-15 10:19:48	samples/python2/facedetect.py	True	True	True	True
5802	bastelflp	2015-12-15 00:22:01	alalek	2015-12-17 11:46:18	samples/python2/_tutorials_url.txt	False	True	True	True
5802	bastelflp	2015-12-15 00:22:01	vpisarev	2015-12-15 10:19:48	samples/python2/color_histogram.py	True	True	True	True
5802	bastelflp	2015-12-15 00:22:01	vpisarev	2015-12-15 10:19:48	samples/python2/calibrate.py	True	True	True	True
5802	bastelflp	2015-12-15 00:22:01	vpisarev	2015-12-15 10:19:48	samples/python2/houghcircles.py	False	True	True	True
5802	bastelflp	2015-12-15 00:22:01	vpisarev	2015-12-15 10:19:48	samples/python2/facedetect.py	False	True	True	True
5802	bastelflp	2015-12-15 00:22:01	vpisarev	2015-12-15 10:19:48	samples/python2/calibrate.py	False	True	True	True
5802	bastelflp	2015-12-15 00:22:01	vpisarev	2015-12-15 10:19:48	samples/python2/_tutorials_url.txt	False	True	True	True
5802	bastelflp	2015-12-15 00:22:01	vpisarev	2015-12-15 10:19:48	samples/python2/_doc.py	True	True	True	True
5802	bastelflp	2015-12-15 00:22:01	vpisarev	2015-12-15 10:19:48	samples/python2/houghlines.py	False	True	True	True
5802	bastelflp	2015-12-15 00:22:01	alalek	2015-12-17 11:46:18	samples/python2/calibrate.py	False	True	True	True
5802	bastelflp	2015-12-15 00:22:01	alalek	2015-12-17 11:46:18	samples/python2/logpolar.py	True	True	True	True
5802	bastelflp	2015-12-15 00:22:01	alalek	2015-12-17 11:46:18	samples/python2/_tutorials_url.txt	True	True	True	True
5802	bastelflp	2015-12-15 00:22:01	alalek	2015-12-17 11:46:18	samples/python2/.gitignore	True	True	True	True
5802	bastelflp	2015-12-15 00:22:01	alalek	2015-12-17 11:46:18	samples/python2/peopledetect.py	True	True	True	True
5802	bastelflp	2015-12-15 00:22:01	alalek	2015-12-17 11:46:18	samples/python2/facedetect.py	False	True	True	True
5802	bastelflp	2015-12-15 00:22:01	alalek	2015-12-17 11:46:18	samples/python2/opt_flow.py	True	True	True	True
5802	bastelflp	2015-12-15 00:22:01	alalek	2015-12-17 11:46:18	samples/python2/opencv_version.py	True	True	True	True
5802	bastelflp	2015-12-15 00:22:01	alalek	2015-12-17 11:46:18	samples/python2/houghlines.py	True	True	True	True
5802	bastelflp	2015-12-15 00:22:01	alalek	2015-12-17 11:46:18	samples/python2/houghcircles.py	True	True	True	True
5802	bastelflp	2015-12-15 00:22:01	alalek	2015-12-17 11:46:18	samples/python2/facedetect.py	True	True	True	True
5802	bastelflp	2015-12-15 00:22:01	alalek	2015-12-17 11:46:18	samples/python2/dft.py	True	True	True	True
5802	bastelflp	2015-12-15 00:22:01	alalek	2015-12-17 11:46:18	samples/python2/color_histogram.py	True	True	True	True
5802	bastelflp	2015-12-15 00:22:01	alalek	2015-12-17 11:46:18	samples/python2/calibrate.py	True	True	True	True
5802	bastelflp	2015-12-15 00:22:01	alalek	2015-12-17 11:46:18	samples/python2/houghlines.py	False	True	True	True
5802	bastelflp	2015-12-15 00:22:01	alalek	2015-12-17 11:46:18	samples/python2/houghcircles.py	False	True	True	True
5802	bastelflp	2015-12-15 00:22:01	alalek	2015-12-17 11:46:18	samples/python2/_doc.py	True	True	True	True
5801	enpe	2015-12-14 22:38:18	alalek	2015-12-15 13:33:29	CMakeLists.txt	False	True	True	True
5801	enpe	2015-12-14 22:38:18	alalek	2015-12-15 13:33:29	CMakeLists.txt	True	True	True	True
5777	dtmoodie	2015-12-09 16:16:05	vinograd47	2015-12-10 07:29:13	modules/cudafeatures2d/src/cuda/orb.cu	False	True	True	True
5777	dtmoodie	2015-12-09 16:16:05	vinograd47	2015-12-10 07:29:13	modules/cudafeatures2d/src/orb.cpp	True	True	True	True
5777	dtmoodie	2015-12-09 16:16:05	vinograd47	2015-12-10 07:29:13	modules/cudafeatures2d/src/cuda/orb.cu	True	True	True	True
5777	dtmoodie	2015-12-09 16:16:05	vinograd47	2015-12-10 07:29:13	modules/cudafeatures2d/src/orb.cpp	False	True	True	True
5771	dtmoodie	2015-12-08 23:19:21	vinograd47	2015-12-14 07:43:48	modules/cudaoptflow/perf/perf_optflow.cpp	False	True	True	True
5771	dtmoodie	2015-12-08 23:19:21	vinograd47	2015-12-14 07:43:48	modules/cudawarping/src/pyramids.cpp	False	True	True	True
5771	dtmoodie	2015-12-08 23:19:21	vinograd47	2015-12-14 07:43:48	modules/cudaoptflow/src/precomp.hpp	False	True	True	True
5771	dtmoodie	2015-12-08 23:19:21	vinograd47	2015-12-14 07:43:48	modules/cudaoptflow/src/pyrlk.cpp	False	True	True	True
5771	dtmoodie	2015-12-08 23:19:21	vinograd47	2015-12-14 07:43:48	modules/cudaoptflow/test/test_optflow.cpp	False	True	True	True
5771	dtmoodie	2015-12-08 23:19:21	vinograd47	2015-12-14 07:43:48	modules/cudawarping/src/cuda/pyr_down.cu	False	True	True	True
5771	dtmoodie	2015-12-08 23:19:21	vinograd47	2015-12-09 06:08:54	modules/cudaoptflow/src/precomp.hpp	False	True	True	True
5771	dtmoodie	2015-12-08 23:19:21	vinograd47	2015-12-09 06:08:54	modules/cudaoptflow/perf/perf_optflow.cpp	False	True	True	True
5771	dtmoodie	2015-12-08 23:19:21	vinograd47	2015-12-09 06:08:54	modules/cudaoptflow/src/cuda/pyrlk.cu	False	True	True	True
5771	dtmoodie	2015-12-08 23:19:21	vinograd47	2015-12-09 06:08:54	modules/cudaoptflow/src/pyrlk.cpp	False	True	True	True
5771	dtmoodie	2015-12-08 23:19:21	vinograd47	2015-12-09 06:08:54	modules/cudawarping/src/cuda/pyr_down.cu	False	True	True	True
5771	dtmoodie	2015-12-08 23:19:21	vinograd47	2015-12-09 06:08:54	modules/cudaoptflow/test/test_optflow.cpp	False	True	True	True
5771	dtmoodie	2015-12-08 23:19:21	vinograd47	2015-12-14 07:43:48	modules/cudaoptflow/src/cuda/pyrlk.cu	False	True	True	True
5771	dtmoodie	2015-12-08 23:19:21	vinograd47	2015-12-14 07:42:38	modules/cudaoptflow/src/precomp.hpp	False	True	True	True
5771	dtmoodie	2015-12-08 23:19:21	vinograd47	2015-12-10 07:23:39	modules/cudawarping/src/pyramids.cpp	False	True	True	True
5771	dtmoodie	2015-12-08 23:19:21	vinograd47	2015-12-10 07:23:39	modules/cudawarping/src/cuda/pyr_down.cu	False	True	True	True
5771	dtmoodie	2015-12-08 23:19:21	vinograd47	2015-12-10 07:23:39	modules/cudaoptflow/test/test_optflow.cpp	False	True	True	True
5771	dtmoodie	2015-12-08 23:19:21	vinograd47	2015-12-10 07:23:39	modules/cudaoptflow/src/pyrlk.cpp	False	True	True	True
5771	dtmoodie	2015-12-08 23:19:21	vinograd47	2015-12-10 07:23:39	modules/cudaoptflow/src/precomp.hpp	False	True	True	True
5771	dtmoodie	2015-12-08 23:19:21	vinograd47	2015-12-10 07:23:39	modules/cudaoptflow/src/cuda/pyrlk.cu	False	True	True	True
5771	dtmoodie	2015-12-08 23:19:21	vinograd47	2015-12-10 07:23:39	modules/cudaoptflow/perf/perf_optflow.cpp	False	True	True	True
5771	dtmoodie	2015-12-08 23:19:21	vinograd47	2015-12-14 07:42:38	modules/cudawarping/src/pyramids.cpp	False	True	True	True
5771	dtmoodie	2015-12-08 23:19:21	vinograd47	2015-12-14 07:42:38	modules/cudawarping/src/cuda/pyr_down.cu	False	True	True	True
5771	dtmoodie	2015-12-08 23:19:21	vinograd47	2015-12-14 07:42:38	modules/cudaoptflow/test/test_optflow.cpp	False	True	True	True
5771	dtmoodie	2015-12-08 23:19:21	vinograd47	2015-12-14 07:42:38	modules/cudaoptflow/src/pyrlk.cpp	False	True	True	True
5771	dtmoodie	2015-12-08 23:19:21	vinograd47	2015-12-14 07:42:38	modules/cudaoptflow/src/cuda/pyrlk.cu	False	True	True	True
5771	dtmoodie	2015-12-08 23:19:21	vinograd47	2015-12-14 07:42:38	modules/cudaoptflow/perf/perf_optflow.cpp	False	True	True	True
5771	dtmoodie	2015-12-08 23:19:21	vinograd47	2015-12-09 06:08:54	modules/cudawarping/src/pyramids.cpp	False	True	True	True
5771	dtmoodie	2015-12-08 23:19:21	vinograd47	2015-12-09 06:06:38	modules/cudaoptflow/perf/perf_optflow.cpp	False	True	True	True
5771	dtmoodie	2015-12-08 23:19:21	vinograd47	2015-12-09 06:06:38	modules/cudaoptflow/src/cuda/pyrlk.cu	False	True	True	True
5771	dtmoodie	2015-12-08 23:19:21	vinograd47	2015-12-10 07:37:05	modules/cudaoptflow/src/cuda/pyrlk.cu	False	True	True	True
5771	dtmoodie	2015-12-08 23:19:21	vinograd47	2015-12-09 06:14:10	modules/cudawarping/src/pyramids.cpp	False	True	True	True
5771	dtmoodie	2015-12-08 23:19:21	vinograd47	2015-12-09 06:06:38	modules/cudaoptflow/src/precomp.hpp	False	True	True	True
5771	dtmoodie	2015-12-08 23:19:21	vinograd47	2015-12-09 06:14:10	modules/cudaoptflow/test/test_optflow.cpp	False	True	True	True
5771	dtmoodie	2015-12-08 23:19:21	vinograd47	2015-12-09 06:14:10	modules/cudaoptflow/src/pyrlk.cpp	False	True	True	True
5771	dtmoodie	2015-12-08 23:19:21	vinograd47	2015-12-09 06:14:10	modules/cudaoptflow/src/precomp.hpp	False	True	True	True
5771	dtmoodie	2015-12-08 23:19:21	vinograd47	2015-12-09 06:14:10	modules/cudaoptflow/src/cuda/pyrlk.cu	False	True	True	True
5771	dtmoodie	2015-12-08 23:19:21	vinograd47	2015-12-09 06:14:10	modules/cudaoptflow/perf/perf_optflow.cpp	False	True	True	True
5771	dtmoodie	2015-12-08 23:19:21	vinograd47	2015-12-10 07:37:05	modules/cudawarping/src/pyramids.cpp	False	True	True	True
5771	dtmoodie	2015-12-08 23:19:21	vinograd47	2015-12-10 07:37:05	modules/cudawarping/src/cuda/pyr_down.cu	False	True	True	True
5771	dtmoodie	2015-12-08 23:19:21	vinograd47	2015-12-10 07:37:05	modules/cudaoptflow/test/test_optflow.cpp	False	True	True	True
5771	dtmoodie	2015-12-08 23:19:21	vinograd47	2015-12-10 07:37:05	modules/cudaoptflow/src/pyrlk.cpp	False	True	True	True
5771	dtmoodie	2015-12-08 23:19:21	vinograd47	2015-12-10 07:37:05	modules/cudaoptflow/src/precomp.hpp	False	True	True	True
5771	dtmoodie	2015-12-08 23:19:21	vinograd47	2015-12-09 06:14:10	modules/cudawarping/src/cuda/pyr_down.cu	False	True	True	True
5771	dtmoodie	2015-12-08 23:19:21	vinograd47	2015-12-10 07:37:05	modules/cudaoptflow/perf/perf_optflow.cpp	False	True	True	True
5771	dtmoodie	2015-12-08 23:19:21	vinograd47	2015-12-09 06:02:21	modules/cudaoptflow/perf/perf_optflow.cpp	False	True	True	True
5771	dtmoodie	2015-12-08 23:19:21	vinograd47	2015-12-09 06:06:38	modules/cudaoptflow/src/pyrlk.cpp	False	True	True	True
5771	dtmoodie	2015-12-08 23:19:21	vinograd47	2015-12-09 06:06:38	modules/cudaoptflow/test/test_optflow.cpp	False	True	True	True
5771	dtmoodie	2015-12-08 23:19:21	vinograd47	2015-12-09 06:02:21	modules/cudawarping/src/pyramids.cpp	False	True	True	True
5771	dtmoodie	2015-12-08 23:19:21	vinograd47	2015-12-09 06:06:38	modules/cudawarping/src/pyramids.cpp	False	True	True	True
5771	dtmoodie	2015-12-08 23:19:21	vinograd47	2015-12-09 06:06:38	modules/cudawarping/src/cuda/pyr_down.cu	False	True	True	True
5771	dtmoodie	2015-12-08 23:19:21	vinograd47	2015-12-09 06:02:21	modules/cudaoptflow/src/cuda/pyrlk.cu	False	True	True	True
5771	dtmoodie	2015-12-08 23:19:21	vinograd47	2015-12-09 06:02:21	modules/cudaoptflow/src/precomp.hpp	False	True	True	True
5771	dtmoodie	2015-12-08 23:19:21	vinograd47	2015-12-09 06:02:21	modules/cudaoptflow/src/pyrlk.cpp	False	True	True	True
5771	dtmoodie	2015-12-08 23:19:21	vinograd47	2015-12-09 06:02:21	modules/cudaoptflow/test/test_optflow.cpp	False	True	True	True
5771	dtmoodie	2015-12-08 23:19:21	vinograd47	2015-12-09 06:02:21	modules/cudawarping/src/cuda/pyr_down.cu	False	True	True	True
5763	ilya-lavrenov	2015-12-08 07:31:09	asmorkalov	2015-12-08 08:25:14	cmake/OpenCVPackaging.cmake	True	True	True	True
5763	ilya-lavrenov	2015-12-08 07:31:09	alalek	2015-12-09 07:04:18	cmake/OpenCVPackaging.cmake	True	True	True	True
5756	mshabunin	2015-12-07 14:37:18	ilya-lavrenov	2015-12-07 14:39:03	modules/imgproc/src/smooth.cpp	True	True	True	True
5752	vrabaud	2015-12-06 23:10:49	mshabunin	2015-12-07 14:13:57	cmake/templates/OpenCVConfig-version.cmake.in	True	True	True	True
5749	andreasBihlmaier	2015-12-05 11:52:10	mshabunin	2015-12-07 14:20:50	modules/ml/include/opencv2/ml.hpp	False	True	True	True
5749	andreasBihlmaier	2015-12-05 11:52:10	mshabunin	2015-12-07 14:20:50	modules/ml/src/data.cpp	False	True	True	True
5749	andreasBihlmaier	2015-12-05 11:52:10	mshabunin	2015-12-07 14:20:50	modules/ml/include/opencv2/ml.hpp	True	True	True	True
5749	andreasBihlmaier	2015-12-05 11:52:10	mshabunin	2015-12-07 14:20:50	modules/ml/src/data.cpp	True	True	True	True
5743	mshabunin	2015-12-03 11:52:50	vpisarev	2015-12-07 10:01:06	cmake/templates/custom_hal.hpp.in	True	True	True	True
5743	mshabunin	2015-12-03 11:52:50	vpisarev	2015-12-07 10:01:06	modules/core/src/precomp.hpp	True	True	True	True
5743	mshabunin	2015-12-03 11:52:50	vpisarev	2015-12-07 10:01:06	modules/core/src/convert.cpp	True	True	True	True
5743	mshabunin	2015-12-03 11:52:50	vpisarev	2015-12-07 10:01:06	modules/core/include/opencv2/core/base.hpp	False	True	True	True
5743	mshabunin	2015-12-03 11:52:50	vpisarev	2015-12-07 10:01:06	modules/core/src/arithm.cpp	True	True	True	True
5743	mshabunin	2015-12-03 11:52:50	vpisarev	2015-12-07 10:01:06	modules/core/include/opencv2/core/utility.hpp	True	True	True	True
5743	mshabunin	2015-12-03 11:52:50	vpisarev	2015-12-07 10:01:06	modules/core/include/opencv2/core/base.hpp	True	True	True	True
5743	mshabunin	2015-12-03 11:52:50	vpisarev	2015-12-07 10:01:06	CMakeLists.txt	True	True	True	True
5743	mshabunin	2015-12-03 11:52:50	vpisarev	2015-12-07 10:01:06	modules/hal/CMakeLists.txt	True	True	True	True
5743	mshabunin	2015-12-03 11:52:50	vpisarev	2015-12-07 10:01:06	modules/hal/src/arithm.cpp	False	True	True	True
5743	mshabunin	2015-12-03 11:52:50	vpisarev	2015-12-07 10:01:06	modules/hal/samples/simple_hal/simple.cpp	False	True	True	True
5743	mshabunin	2015-12-03 11:52:50	vpisarev	2015-12-07 10:01:06	modules/hal/samples/simple_hal/CMakeLists.txt	False	True	True	True
5743	mshabunin	2015-12-03 11:52:50	vpisarev	2015-12-07 10:01:06	modules/hal/include/opencv2/hal.hpp	False	True	True	True
5743	mshabunin	2015-12-03 11:52:50	vpisarev	2015-12-07 10:01:06	modules/hal/src/precomp.hpp	False	True	True	True
5743	mshabunin	2015-12-03 11:52:50	vpisarev	2015-12-07 10:01:06	modules/hal/include/opencv2/hal/neon_utils.hpp	False	True	True	True
5743	mshabunin	2015-12-03 11:52:50	vpisarev	2015-12-07 10:01:06	modules/core/src/system.cpp	True	True	True	True
5743	mshabunin	2015-12-03 11:52:50	vpisarev	2015-12-07 10:01:06	modules/hal/samples/simple_hal/CMakeLists.txt	True	True	True	True
5743	mshabunin	2015-12-03 11:52:50	vpisarev	2015-12-07 10:01:06	modules/hal/include/opencv2/hal.hpp	True	True	True	True
5743	mshabunin	2015-12-03 11:52:50	vpisarev	2015-12-07 10:01:06	modules/hal/src/arithm_simd.hpp	True	True	True	True
5743	mshabunin	2015-12-03 11:52:50	vpisarev	2015-12-07 10:01:06	modules/hal/include/opencv2/hal/defs.h	True	True	True	True
5743	mshabunin	2015-12-03 11:52:50	vpisarev	2015-12-07 10:01:06	modules/imgproc/src/precomp.hpp	True	True	True	True
5743	mshabunin	2015-12-03 11:52:50	vpisarev	2015-12-07 10:01:06	modules/hal/src/split.cpp	True	True	True	True
5743	mshabunin	2015-12-03 11:52:50	vpisarev	2015-12-07 10:01:06	modules/hal/src/replacement.hpp	True	True	True	True
5743	mshabunin	2015-12-03 11:52:50	vpisarev	2015-12-07 10:01:06	modules/hal/src/precomp.hpp	True	True	True	True
5743	mshabunin	2015-12-03 11:52:50	vpisarev	2015-12-07 10:01:06	modules/hal/src/hardware.cpp	True	True	True	True
5743	mshabunin	2015-12-03 11:52:50	vpisarev	2015-12-07 10:01:06	modules/hal/src/merge.cpp	True	True	True	True
5743	mshabunin	2015-12-03 11:52:50	vpisarev	2015-12-07 10:01:06	modules/hal/src/arithm_core.hpp	True	True	True	True
5743	mshabunin	2015-12-03 11:52:50	vpisarev	2015-12-07 10:01:06	modules/hal/src/arithm.cpp	True	True	True	True
5743	mshabunin	2015-12-03 11:52:50	vpisarev	2015-12-07 10:01:06	modules/hal/samples/simple_hal/simple.hpp	True	True	True	True
5743	mshabunin	2015-12-03 11:52:50	vpisarev	2015-12-07 10:01:06	modules/hal/samples/simple_hal/simple.cpp	True	True	True	True
5743	mshabunin	2015-12-03 11:52:50	vpisarev	2015-12-07 10:01:06	modules/hal/include/opencv2/hal/sse_utils.hpp	True	True	True	True
5743	mshabunin	2015-12-03 11:52:50	vpisarev	2015-12-07 10:01:06	modules/hal/include/opencv2/hal/interface.hpp	True	True	True	True
5739	Niederb	2015-12-02 20:47:45	alalek	2015-12-03 01:54:13	samples/cpp/tree_engine.cpp	True	True	True	True
5739	Niederb	2015-12-02 20:47:45	alalek	2015-12-03 16:10:04	modules/ml/src/rtrees.cpp	False	True	True	True
5739	Niederb	2015-12-02 20:47:45	alalek	2015-12-03 16:10:04	modules/ml/src/rtrees.cpp	True	True	True	True
5739	Niederb	2015-12-02 20:47:45	alalek	2015-12-03 16:10:04	samples/cpp/tree_engine.cpp	True	True	True	True
5739	Niederb	2015-12-02 20:47:45	alalek	2015-12-03 01:54:13	modules/ml/src/rtrees.cpp	False	True	True	True
5739	Niederb	2015-12-02 20:47:45	alalek	2015-12-03 01:54:13	modules/ml/src/rtrees.cpp	True	True	True	True
5739	Niederb	2015-12-02 20:47:45	vpisarev	2015-12-08 13:34:19	samples/cpp/tree_engine.cpp	True	True	True	True
5739	Niederb	2015-12-02 20:47:45	vpisarev	2015-12-08 13:35:21	modules/ml/src/rtrees.cpp	False	True	True	True
5739	Niederb	2015-12-02 20:47:45	vpisarev	2015-12-08 13:35:21	modules/ml/src/rtrees.cpp	True	True	True	True
5739	Niederb	2015-12-02 20:47:45	vpisarev	2015-12-08 13:35:21	samples/cpp/tree_engine.cpp	True	True	True	True
5739	Niederb	2015-12-02 20:47:45	vpisarev	2015-12-08 13:34:19	modules/ml/src/rtrees.cpp	False	True	True	True
5739	Niederb	2015-12-02 20:47:45	vpisarev	2015-12-08 13:34:19	modules/ml/src/rtrees.cpp	True	True	True	True
