pr_number	author_user_login	pr_created_at	commit_user_login	commit_created_at	commit_status_total	commit_status_additions	commit_status_deletions	create_before_pr	is_review_commit
7761	UnaNancyOwen	2016-11-30 16:45:59	UnaNancyOwen	2016-11-30 15:55:00	14	13	1	True	True
7761	UnaNancyOwen	2016-11-30 16:45:59	alalek	2016-12-01 12:24:36	5	4	1	False	True
7761	UnaNancyOwen	2016-11-30 16:45:59	alalek	2016-12-01 12:17:33	24	21	3	False	True
7757	mshabunin	2016-11-30 09:12:16	mshabunin	2016-11-23 09:44:44	320	128	192	True	True
7756	terfendail	2016-11-30 08:29:42	terfendail	2016-11-30 08:25:45	2	1	1	True	True
7754	bedbad	2016-11-30 03:33:33	bedbad	2016-12-02 06:14:22	4	2	2	False	True
7754	bedbad	2016-11-30 03:33:33	bedbad	2016-12-02 05:23:49	10	10	0	False	True
7754	bedbad	2016-11-30 03:33:33	bedbad	2016-11-30 03:02:04	4	3	1	True	True
7754	bedbad	2016-11-30 03:33:33	bedbad	2016-11-30 03:27:24	8	4	4	True	True
7754	bedbad	2016-11-30 03:33:33	bedbad	2016-11-30 03:02:04	15	14	1	True	True
7745	ColinFinck	2016-11-28 09:18:21	ColinFinck	2016-11-28 09:15:16	2	1	1	True	True
7732	terfendail	2016-11-25 16:22:10	terfendail	2016-11-25 16:13:27	148	148	0	True	True
7729	apavlenko	2016-11-25 15:12:37	apavlenko	2016-12-09 12:07:53	187	103	84	False	True
7729	apavlenko	2016-11-25 15:12:37	apavlenko	2016-12-09 12:49:08	29	23	6	False	True
7729	apavlenko	2016-11-25 15:12:37	apavlenko	2016-12-02 12:30:17	14	7	7	False	True
7729	apavlenko	2016-11-25 15:12:37	apavlenko	2016-12-02 12:59:09	11	6	5	False	True
7729	apavlenko	2016-11-25 15:12:37	apavlenko	2016-12-05 10:06:34	8	4	4	False	True
7729	apavlenko	2016-11-25 15:12:37	apavlenko	2016-12-06 14:52:56	111	96	15	False	True
7729	apavlenko	2016-11-25 15:12:37	apavlenko	2016-12-06 15:55:09	2	1	1	False	True
7729	apavlenko	2016-11-25 15:12:37	apavlenko	2016-11-25 09:35:55	444	387	57	True	True
7726	pengli	2016-11-25 05:27:07	pli2-intel	2016-11-23 04:57:33	405	405	0	True	True
7700	LaurentBerger	2016-11-21 12:30:19	LaurentBerger	2016-11-21 12:08:33	903	903	0	True	True
7700	LaurentBerger	2016-11-21 12:30:19	LaurentBerger	2016-11-22 19:40:39	4	2	2	False	True
7700	LaurentBerger	2016-11-21 12:30:19	LaurentBerger	2016-11-23 18:20:18	6	4	2	False	True
7700	LaurentBerger	2016-11-21 12:30:19	LaurentBerger	2016-11-23 18:20:18	6	3	3	False	True
7700	LaurentBerger	2016-11-21 12:30:19	LaurentBerger	2016-11-23 19:49:23	4	2	2	False	True
7700	LaurentBerger	2016-11-21 12:30:19	LaurentBerger	2016-12-01 16:23:20	4	2	2	False	True
7700	LaurentBerger	2016-11-21 12:30:19	LaurentBerger	2016-11-23 19:17:53	2	1	1	False	True
7700	LaurentBerger	2016-11-21 12:30:19	LaurentBerger	2016-12-01 16:13:39	6	4	2	False	True
7695	ArkadiuszRaj	2016-11-20 14:30:50	ArkadiuszRaj	2016-11-20 14:26:12	14	9	5	True	True
7695	ArkadiuszRaj	2016-11-20 14:30:50	ArkadiuszRaj	2016-11-20 20:03:10	1	0	1	False	True
7694	sergiud	2016-11-20 13:59:54	sergiud	2016-11-20 13:36:34	51	42	9	True	True
7677	terfendail	2016-11-15 13:25:52	terfendail	2016-11-11 14:04:54	241	241	0	True	True
7673	pengli	2016-11-15 06:26:03	pli2-intel	2016-10-27 06:52:26	270	248	22	True	True
7651	terfendail	2016-11-10 16:40:24	terfendail	2016-10-27 15:06:49	342	342	0	True	True
7638	ArkadiuszRaj	2016-11-10 08:29:18	ArkadiuszRaj	2016-11-09 17:09:22	181	93	88	True	True
7638	ArkadiuszRaj	2016-11-10 08:29:18	ArkadiuszRaj	2016-11-10 14:04:28	109	53	56	False	True
7638	ArkadiuszRaj	2016-11-10 08:29:18	ArkadiuszRaj	2016-11-10 14:31:34	6	3	3	False	True
7627	sovrasov	2016-11-08 11:08:26	sovrasov	2016-11-08 11:04:17	58	57	1	True	True
7625	souch55	2016-11-08 06:37:31	Sourin	2016-11-09 11:19:57	15	15	0	False	True
7624	pengli	2016-11-08 03:27:00	pli2-intel	2016-10-21 05:17:45	291	289	2	True	True
7618	lupustr3	2016-11-07 11:56:24	lupustr3	2016-11-07 09:15:51	364	207	157	True	True
7609	souch55	2016-11-03 13:25:06	Sourin	2016-11-03 13:12:47	138	137	1	True	True
7601	sovrasov	2016-11-02 11:25:44	sovrasov	2016-11-02 11:17:56	4	4	0	True	True
7598	terfendail	2016-11-01 18:28:07	terfendail	2016-11-01 18:14:21	206	206	0	True	True
7596	sovrasov	2016-11-01 13:12:01	sovrasov	2016-11-01 13:06:08	3	2	1	True	True
7595	sovrasov	2016-11-01 09:26:06	sovrasov	2016-11-01 09:24:30	39	37	2	True	True
7595	sovrasov	2016-11-01 09:26:06	sovrasov	2016-11-02 11:53:04	18	11	7	False	True
