pr_number	author_user_login	pr_created_at	review_user_login	review_created_at	filename	create_before_pr	has_issue_comment	has_review_comment	has_commit
921	SpecLad	2013-05-27 13:02:04	apavlenko	2013-05-28 08:51:52	modules/ocl/src/pyrlk.cpp	True	True	True	True
921	SpecLad	2013-05-27 13:02:04	apavlenko	2013-05-28 08:51:52	modules/nonfree/src/surf.ocl.cpp	True	True	True	True
921	SpecLad	2013-05-27 13:02:04	apavlenko	2013-05-28 08:51:52	modules/ocl/include/opencv2/ocl/private/util.hpp	True	True	True	True
921	SpecLad	2013-05-27 13:02:04	apavlenko	2013-05-28 08:51:52	modules/ocl/src/hog.cpp	True	True	True	True
921	SpecLad	2013-05-27 13:02:04	apavlenko	2013-05-28 08:51:52	modules/ocl/src/initialization.cpp	True	True	True	True
921	SpecLad	2013-05-27 13:02:04	apavlenko	2013-05-28 08:51:52	modules/ocl/src/opencl/arithm_mul.cl	True	True	True	True
921	SpecLad	2013-05-27 13:02:04	apavlenko	2013-05-28 08:51:52	modules/ts/misc/run.py	True	True	True	True
921	SpecLad	2013-05-27 13:02:04	apavlenko	2013-05-28 08:51:52	modules/ocl/src/tvl1flow.cpp	True	True	True	True
921	SpecLad	2013-05-27 13:02:04	apavlenko	2013-05-28 08:51:52	modules/java/generator/src/java/android+CameraBridgeViewBase.java	True	True	True	True
908	kozinove	2013-05-21 16:02:55	vpisarev	2013-07-17 11:21:00	modules/objdetect/src/_lsvmc_types.h	True	True	True	True
908	kozinove	2013-05-21 16:02:55	vpisarev	2013-07-17 11:21:00	modules/objdetect/src/lsvmc_routine.cpp	True	True	True	True
908	kozinove	2013-05-21 16:02:55	vpisarev	2013-07-17 11:21:00	modules/objdetect/src/lsvmc_resizeimg.cpp	True	True	True	True
908	kozinove	2013-05-21 16:02:55	vpisarev	2013-07-17 11:21:00	modules/objdetect/src/lsvmc_parser.cpp	True	True	True	True
908	kozinove	2013-05-21 16:02:55	vpisarev	2013-07-17 11:21:00	modules/objdetect/src/lsvmc_matching.cpp	True	True	True	True
908	kozinove	2013-05-21 16:02:55	vpisarev	2013-07-17 11:21:00	modules/objdetect/src/lsvmc_latentsvm.cpp	True	True	True	True
908	kozinove	2013-05-21 16:02:55	vpisarev	2013-07-17 11:21:00	modules/objdetect/src/lsvmc_latentsvmdetector.cpp	True	True	True	True
908	kozinove	2013-05-21 16:02:55	vpisarev	2013-07-17 11:21:00	modules/objdetect/src/lsvmc_function.cpp	True	True	True	True
908	kozinove	2013-05-21 16:02:55	vpisarev	2013-07-17 11:21:00	modules/objdetect/src/lsvmc_featurepyramid.cpp	True	True	True	True
908	kozinove	2013-05-21 16:02:55	vpisarev	2013-07-17 11:21:00	modules/objdetect/test/test_latentsvmdetector_caskad.cpp	True	True	True	True
908	kozinove	2013-05-21 16:02:55	vpisarev	2013-07-17 11:21:00	modules/objdetect/src/_lsvmc_routine.h	True	True	True	True
908	kozinove	2013-05-21 16:02:55	vpisarev	2013-07-17 11:21:00	modules/objdetect/src/_lsvmc_resizeimg.h	True	True	True	True
908	kozinove	2013-05-21 16:02:55	vpisarev	2013-07-17 11:21:00	modules/objdetect/src/_lsvmc_parser.h	True	True	True	True
908	kozinove	2013-05-21 16:02:55	vpisarev	2013-07-17 11:21:00	modules/objdetect/src/_lsvmc_error.h	True	True	True	True
908	kozinove	2013-05-21 16:02:55	vpisarev	2013-07-17 11:21:00	modules/objdetect/src/_lsvmc_matching.h	True	True	True	True
908	kozinove	2013-05-21 16:02:55	vpisarev	2013-07-17 11:21:00	modules/objdetect/src/_lsvmc_latentsvm.h	True	True	True	True
908	kozinove	2013-05-21 16:02:55	vpisarev	2013-07-17 11:21:00	modules/objdetect/src/_lsvmc_function.h	True	True	True	True
908	kozinove	2013-05-21 16:02:55	vpisarev	2013-07-17 11:21:00	modules/objdetect/doc/latent_svm_caskad.rst	True	True	True	True
908	kozinove	2013-05-21 16:02:55	vpisarev	2013-07-17 11:21:00	modules/softcascade/perf/perf_precomp	True	True	True	True
908	kozinove	2013-05-21 16:02:55	vpisarev	2013-07-17 11:25:24	modules/objdetect/src/lsvmc_latentsvm.cpp	True	True	True	True
908	kozinove	2013-05-21 16:02:55	vpisarev	2013-07-17 11:21:00	samples/cpp/latentsvm_multidetect_caskad.cpp	True	True	True	True
908	kozinove	2013-05-21 16:02:55	vpisarev	2013-07-17 11:25:24	modules/objdetect/src/_lsvmc_types.h	True	True	True	True
908	kozinove	2013-05-21 16:02:55	vpisarev	2013-07-17 11:25:24	modules/softcascade/perf/perf_precomp	True	True	True	True
908	kozinove	2013-05-21 16:02:55	vpisarev	2013-07-17 11:25:24	modules/objdetect/src/lsvmc_routine.cpp	True	True	True	True
908	kozinove	2013-05-21 16:02:55	vpisarev	2013-07-17 11:16:14	samples/cpp/latentsvm_multidetect_caskad.cpp	True	True	True	True
908	kozinove	2013-05-21 16:02:55	vpisarev	2013-07-17 11:25:24	modules/objdetect/src/lsvmc_resizeimg.cpp	True	True	True	True
908	kozinove	2013-05-21 16:02:55	vpisarev	2013-07-17 11:25:24	modules/objdetect/src/lsvmc_parser.cpp	True	True	True	True
908	kozinove	2013-05-21 16:02:55	vpisarev	2013-07-17 11:25:24	modules/objdetect/src/lsvmc_matching.cpp	True	True	True	True
908	kozinove	2013-05-21 16:02:55	vpisarev	2013-07-17 11:25:24	modules/objdetect/src/lsvmc_function.cpp	True	True	True	True
908	kozinove	2013-05-21 16:02:55	vpisarev	2013-07-17 11:25:24	modules/objdetect/src/lsvmc_featurepyramid.cpp	True	True	True	True
908	kozinove	2013-05-21 16:02:55	vpisarev	2013-07-17 11:25:24	modules/objdetect/src/_lsvmc_routine.h	True	True	True	True
908	kozinove	2013-05-21 16:02:55	vpisarev	2013-07-17 11:25:24	modules/objdetect/include/opencv2/objdetect/objdetect.hpp	True	True	True	True
908	kozinove	2013-05-21 16:02:55	vpisarev	2013-07-17 11:25:24	modules/objdetect/src/_lsvmc_resizeimg.h	True	True	True	True
908	kozinove	2013-05-21 16:02:55	vpisarev	2013-07-17 11:25:24	modules/objdetect/src/_lsvmc_parser.h	True	True	True	True
908	kozinove	2013-05-21 16:02:55	vpisarev	2013-07-17 11:25:24	modules/objdetect/src/_lsvmc_matching.h	True	True	True	True
908	kozinove	2013-05-21 16:02:55	vpisarev	2013-07-17 11:25:24	modules/objdetect/src/_lsvmc_latentsvm.h	True	True	True	True
908	kozinove	2013-05-21 16:02:55	vpisarev	2013-07-17 11:25:24	modules/objdetect/src/_lsvmc_function.h	True	True	True	True
908	kozinove	2013-05-21 16:02:55	vpisarev	2013-07-17 11:25:24	modules/objdetect/src/_lsvmc_error.h	True	True	True	True
908	kozinove	2013-05-21 16:02:55	vpisarev	2013-07-17 11:25:24	modules/objdetect/test/test_latentsvmdetector_caskad.cpp	True	True	True	True
908	kozinove	2013-05-21 16:02:55	vpisarev	2013-07-17 11:25:24	modules/objdetect/src/lsvmc_latentsvmdetector.cpp	True	True	True	True
908	kozinove	2013-05-21 16:02:55	vpisarev	2013-07-17 11:21:00	modules/objdetect/include/opencv2/objdetect/objdetect.hpp	True	True	True	True
908	kozinove	2013-05-21 16:02:55	vpisarev	2013-07-17 11:27:52	modules/objdetect/src/lsvmc_function.cpp	True	True	True	True
908	kozinove	2013-05-21 16:02:55	vpisarev	2013-07-17 11:16:14	modules/objdetect/doc/latent_svm_caskad.rst	True	True	True	True
908	kozinove	2013-05-21 16:02:55	vpisarev	2013-07-17 11:27:52	modules/objdetect/src/_lsvmc_resizeimg.h	True	True	True	True
908	kozinove	2013-05-21 16:02:55	vpisarev	2013-07-17 11:27:52	modules/objdetect/src/lsvmc_routine.cpp	True	True	True	True
908	kozinove	2013-05-21 16:02:55	vpisarev	2013-07-17 11:27:52	modules/objdetect/src/lsvmc_resizeimg.cpp	True	True	True	True
908	kozinove	2013-05-21 16:02:55	vpisarev	2013-07-17 11:27:52	modules/objdetect/src/lsvmc_parser.cpp	True	True	True	True
908	kozinove	2013-05-21 16:02:55	vpisarev	2013-07-17 11:27:52	modules/objdetect/src/lsvmc_matching.cpp	True	True	True	True
908	kozinove	2013-05-21 16:02:55	vpisarev	2013-07-17 11:27:52	modules/objdetect/src/lsvmc_latentsvm.cpp	True	True	True	True
908	kozinove	2013-05-21 16:02:55	vpisarev	2013-07-17 11:27:52	modules/objdetect/src/lsvmc_featurepyramid.cpp	True	True	True	True
908	kozinove	2013-05-21 16:02:55	vpisarev	2013-07-17 11:27:52	modules/objdetect/src/_lsvmc_types.h	True	True	True	True
908	kozinove	2013-05-21 16:02:55	vpisarev	2013-07-17 11:27:52	modules/objdetect/src/_lsvmc_routine.h	True	True	True	True
908	kozinove	2013-05-21 16:02:55	vpisarev	2013-07-17 11:27:52	modules/objdetect/src/_lsvmc_parser.h	True	True	True	True
908	kozinove	2013-05-21 16:02:55	vpisarev	2013-07-17 11:16:14	modules/softcascade/perf/perf_precomp	True	True	True	True
908	kozinove	2013-05-21 16:02:55	vpisarev	2013-07-17 11:27:52	modules/objdetect/src/_lsvmc_matching.h	True	True	True	True
908	kozinove	2013-05-21 16:02:55	vpisarev	2013-07-17 11:27:52	modules/objdetect/src/_lsvmc_latentsvm.h	True	True	True	True
908	kozinove	2013-05-21 16:02:55	vpisarev	2013-07-17 11:27:52	modules/objdetect/src/_lsvmc_function.h	True	True	True	True
908	kozinove	2013-05-21 16:02:55	vpisarev	2013-07-17 11:27:52	modules/objdetect/src/_lsvmc_error.h	True	True	True	True
908	kozinove	2013-05-21 16:02:55	vpisarev	2013-07-17 11:27:52	modules/objdetect/test/test_latentsvmdetector_caskad.cpp	True	True	True	True
908	kozinove	2013-05-21 16:02:55	vpisarev	2013-07-17 11:27:52	modules/objdetect/src/lsvmc_latentsvmdetector.cpp	True	True	True	True
908	kozinove	2013-05-21 16:02:55	vpisarev	2013-07-17 11:25:24	samples/cpp/latentsvm_multidetect_caskad.cpp	True	True	True	True
908	kozinove	2013-05-21 16:02:55	vpisarev	2013-07-17 11:27:52	modules/objdetect/include/opencv2/objdetect/objdetect.hpp	True	True	True	True
908	kozinove	2013-05-21 16:02:55	vpisarev	2013-07-17 11:27:52	modules/softcascade/perf/perf_precomp	True	True	True	True
908	kozinove	2013-05-21 16:02:55	vpisarev	2013-07-17 11:27:52	modules/objdetect/doc/latent_svm_caskad.rst	True	True	True	True
908	kozinove	2013-05-21 16:02:55	vpisarev	2013-07-17 11:27:52	samples/cpp/latentsvm_multidetect_caskad.cpp	True	True	True	True
908	kozinove	2013-05-21 16:02:55	vpisarev	2013-07-17 11:16:14	modules/objdetect/include/opencv2/objdetect/objdetect.hpp	True	True	True	True
908	kozinove	2013-05-21 16:02:55	vpisarev	2013-07-17 11:16:14	modules/objdetect/src/lsvmc_routine.cpp	True	True	True	True
908	kozinove	2013-05-21 16:02:55	vpisarev	2013-07-17 11:16:14	modules/objdetect/src/lsvmc_resizeimg.cpp	True	True	True	True
908	kozinove	2013-05-21 16:02:55	vpisarev	2013-07-17 11:16:14	modules/objdetect/src/lsvmc_parser.cpp	True	True	True	True
908	kozinove	2013-05-21 16:02:55	vpisarev	2013-07-17 11:16:14	modules/objdetect/src/lsvmc_matching.cpp	True	True	True	True
908	kozinove	2013-05-21 16:02:55	vpisarev	2013-07-17 11:16:14	modules/objdetect/src/lsvmc_latentsvm.cpp	True	True	True	True
908	kozinove	2013-05-21 16:02:55	vpisarev	2013-07-17 11:16:14	modules/objdetect/src/lsvmc_function.cpp	True	True	True	True
908	kozinove	2013-05-21 16:02:55	vpisarev	2013-07-17 11:16:14	modules/objdetect/src/lsvmc_featurepyramid.cpp	True	True	True	True
908	kozinove	2013-05-21 16:02:55	vpisarev	2013-07-17 11:16:14	modules/objdetect/src/_lsvmc_types.h	True	True	True	True
908	kozinove	2013-05-21 16:02:55	vpisarev	2013-07-17 11:16:14	modules/objdetect/src/_lsvmc_routine.h	True	True	True	True
908	kozinove	2013-05-21 16:02:55	vpisarev	2013-07-17 11:16:14	modules/objdetect/src/_lsvmc_resizeimg.h	True	True	True	True
908	kozinove	2013-05-21 16:02:55	vpisarev	2013-07-17 11:16:14	modules/objdetect/src/_lsvmc_parser.h	True	True	True	True
908	kozinove	2013-05-21 16:02:55	vpisarev	2013-07-17 11:16:14	modules/objdetect/src/_lsvmc_matching.h	True	True	True	True
908	kozinove	2013-05-21 16:02:55	vpisarev	2013-07-17 11:16:14	modules/objdetect/src/_lsvmc_latentsvm.h	True	True	True	True
908	kozinove	2013-05-21 16:02:55	vpisarev	2013-07-17 11:16:14	modules/objdetect/src/_lsvmc_function.h	True	True	True	True
908	kozinove	2013-05-21 16:02:55	vpisarev	2013-07-17 11:16:14	modules/objdetect/src/_lsvmc_error.h	True	True	True	True
908	kozinove	2013-05-21 16:02:55	vpisarev	2013-07-17 11:16:14	modules/objdetect/test/test_latentsvmdetector_caskad.cpp	True	True	True	True
908	kozinove	2013-05-21 16:02:55	vpisarev	2013-07-17 11:16:14	modules/objdetect/src/lsvmc_latentsvmdetector.cpp	True	True	True	True
908	kozinove	2013-05-21 16:02:55	vpisarev	2013-07-17 11:25:24	modules/objdetect/doc/latent_svm_caskad.rst	True	True	True	True
908	kozinove	2013-05-21 16:02:55	vpisarev	2013-07-17 11:26:49	modules/objdetect/src/lsvmc_function.cpp	True	True	True	True
908	kozinove	2013-05-21 16:02:55	vpisarev	2013-07-17 11:23:47	modules/objdetect/include/opencv2/objdetect/objdetect.hpp	True	True	True	True
908	kozinove	2013-05-21 16:02:55	vpisarev	2013-07-17 11:26:49	modules/objdetect/src/lsvmc_featurepyramid.cpp	True	True	True	True
908	kozinove	2013-05-21 16:02:55	vpisarev	2013-07-17 11:26:49	samples/cpp/latentsvm_multidetect_caskad.cpp	True	True	True	True
908	kozinove	2013-05-21 16:02:55	vpisarev	2013-07-17 11:26:49	modules/objdetect/doc/latent_svm_caskad.rst	True	True	True	True
908	kozinove	2013-05-21 16:02:55	vpisarev	2013-07-17 11:26:49	modules/softcascade/perf/perf_precomp	True	True	True	True
908	kozinove	2013-05-21 16:02:55	vpisarev	2013-07-17 11:26:49	modules/objdetect/src/lsvmc_routine.cpp	True	True	True	True
908	kozinove	2013-05-21 16:02:55	vpisarev	2013-07-17 11:26:49	modules/objdetect/src/lsvmc_resizeimg.cpp	True	True	True	True
908	kozinove	2013-05-21 16:02:55	vpisarev	2013-07-17 11:26:49	modules/objdetect/src/lsvmc_parser.cpp	True	True	True	True
908	kozinove	2013-05-21 16:02:55	vpisarev	2013-07-17 11:26:49	modules/objdetect/src/lsvmc_matching.cpp	True	True	True	True
908	kozinove	2013-05-21 16:02:55	vpisarev	2013-07-17 11:26:49	modules/objdetect/src/lsvmc_latentsvm.cpp	True	True	True	True
908	kozinove	2013-05-21 16:02:55	vpisarev	2013-07-17 11:26:49	modules/objdetect/src/_lsvmc_types.h	True	True	True	True
908	kozinove	2013-05-21 16:02:55	vpisarev	2013-07-17 11:26:49	modules/objdetect/include/opencv2/objdetect/objdetect.hpp	True	True	True	True
908	kozinove	2013-05-21 16:02:55	vpisarev	2013-07-17 11:26:49	modules/objdetect/src/_lsvmc_routine.h	True	True	True	True
908	kozinove	2013-05-21 16:02:55	vpisarev	2013-07-17 11:26:49	modules/objdetect/src/_lsvmc_resizeimg.h	True	True	True	True
908	kozinove	2013-05-21 16:02:55	vpisarev	2013-07-17 11:26:49	modules/objdetect/src/_lsvmc_parser.h	True	True	True	True
908	kozinove	2013-05-21 16:02:55	vpisarev	2013-07-17 11:26:49	modules/objdetect/src/_lsvmc_matching.h	True	True	True	True
908	kozinove	2013-05-21 16:02:55	vpisarev	2013-07-17 11:26:49	modules/objdetect/src/_lsvmc_latentsvm.h	True	True	True	True
908	kozinove	2013-05-21 16:02:55	vpisarev	2013-07-17 11:26:49	modules/objdetect/src/_lsvmc_function.h	True	True	True	True
908	kozinove	2013-05-21 16:02:55	vpisarev	2013-07-17 11:26:49	modules/objdetect/src/_lsvmc_error.h	True	True	True	True
908	kozinove	2013-05-21 16:02:55	vpisarev	2013-07-17 11:26:49	modules/objdetect/test/test_latentsvmdetector_caskad.cpp	True	True	True	True
908	kozinove	2013-05-21 16:02:55	vpisarev	2013-07-17 11:22:20	modules/objdetect/include/opencv2/objdetect/objdetect.hpp	True	True	True	True
908	kozinove	2013-05-21 16:02:55	vpisarev	2013-07-17 11:22:20	modules/objdetect/src/lsvmc_latentsvmdetector.cpp	True	True	True	True
908	kozinove	2013-05-21 16:02:55	vpisarev	2013-07-17 11:22:20	modules/objdetect/test/test_latentsvmdetector_caskad.cpp	True	True	True	True
908	kozinove	2013-05-21 16:02:55	vpisarev	2013-07-17 11:22:20	modules/objdetect/src/_lsvmc_error.h	True	True	True	True
908	kozinove	2013-05-21 16:02:55	vpisarev	2013-07-17 11:22:20	samples/cpp/latentsvm_multidetect_caskad.cpp	True	True	True	True
908	kozinove	2013-05-21 16:02:55	vpisarev	2013-07-17 11:22:20	modules/objdetect/doc/latent_svm_caskad.rst	True	True	True	True
908	kozinove	2013-05-21 16:02:55	vpisarev	2013-07-17 11:22:20	modules/softcascade/perf/perf_precomp	True	True	True	True
908	kozinove	2013-05-21 16:02:55	vpisarev	2013-07-17 11:22:20	modules/objdetect/src/lsvmc_routine.cpp	True	True	True	True
908	kozinove	2013-05-21 16:02:55	vpisarev	2013-07-17 11:22:20	modules/objdetect/src/lsvmc_resizeimg.cpp	True	True	True	True
908	kozinove	2013-05-21 16:02:55	vpisarev	2013-07-17 11:22:20	modules/objdetect/src/lsvmc_parser.cpp	True	True	True	True
908	kozinove	2013-05-21 16:02:55	vpisarev	2013-07-17 11:22:20	modules/objdetect/src/lsvmc_matching.cpp	True	True	True	True
908	kozinove	2013-05-21 16:02:55	vpisarev	2013-07-17 11:22:20	modules/objdetect/src/lsvmc_latentsvm.cpp	True	True	True	True
908	kozinove	2013-05-21 16:02:55	vpisarev	2013-07-17 11:22:20	modules/objdetect/src/lsvmc_function.cpp	True	True	True	True
908	kozinove	2013-05-21 16:02:55	vpisarev	2013-07-17 11:22:20	modules/objdetect/src/lsvmc_featurepyramid.cpp	True	True	True	True
908	kozinove	2013-05-21 16:02:55	vpisarev	2013-07-17 11:22:20	modules/objdetect/src/_lsvmc_types.h	True	True	True	True
908	kozinove	2013-05-21 16:02:55	vpisarev	2013-07-17 11:22:20	modules/objdetect/src/_lsvmc_routine.h	True	True	True	True
908	kozinove	2013-05-21 16:02:55	vpisarev	2013-07-17 11:22:20	modules/objdetect/src/_lsvmc_resizeimg.h	True	True	True	True
908	kozinove	2013-05-21 16:02:55	vpisarev	2013-07-17 11:22:20	modules/objdetect/src/_lsvmc_parser.h	True	True	True	True
908	kozinove	2013-05-21 16:02:55	vpisarev	2013-07-17 11:22:20	modules/objdetect/src/_lsvmc_matching.h	True	True	True	True
908	kozinove	2013-05-21 16:02:55	vpisarev	2013-07-17 11:22:20	modules/objdetect/src/_lsvmc_latentsvm.h	True	True	True	True
908	kozinove	2013-05-21 16:02:55	vpisarev	2013-07-17 11:22:20	modules/objdetect/src/_lsvmc_function.h	True	True	True	True
908	kozinove	2013-05-21 16:02:55	vpisarev	2013-07-17 11:23:47	modules/objdetect/src/lsvmc_latentsvmdetector.cpp	True	True	True	True
908	kozinove	2013-05-21 16:02:55	vpisarev	2013-07-17 11:26:49	modules/objdetect/src/lsvmc_latentsvmdetector.cpp	True	True	True	True
908	kozinove	2013-05-21 16:02:55	vpisarev	2013-07-17 11:25:54	samples/cpp/latentsvm_multidetect_caskad.cpp	True	True	True	True
908	kozinove	2013-05-21 16:02:55	vpisarev	2013-07-17 11:23:47	samples/cpp/latentsvm_multidetect_caskad.cpp	True	True	True	True
908	kozinove	2013-05-21 16:02:55	vpisarev	2013-07-17 11:23:47	modules/softcascade/perf/perf_precomp	True	True	True	True
908	kozinove	2013-05-21 16:02:55	vpisarev	2013-07-17 11:23:47	modules/objdetect/src/lsvmc_routine.cpp	True	True	True	True
908	kozinove	2013-05-21 16:02:55	vpisarev	2013-07-17 11:23:47	modules/objdetect/src/lsvmc_resizeimg.cpp	True	True	True	True
908	kozinove	2013-05-21 16:02:55	vpisarev	2013-07-17 11:23:47	modules/objdetect/src/lsvmc_parser.cpp	True	True	True	True
908	kozinove	2013-05-21 16:02:55	vpisarev	2013-07-17 11:23:47	modules/objdetect/src/lsvmc_matching.cpp	True	True	True	True
908	kozinove	2013-05-21 16:02:55	vpisarev	2013-07-17 11:23:47	modules/objdetect/src/lsvmc_latentsvm.cpp	True	True	True	True
908	kozinove	2013-05-21 16:02:55	vpisarev	2013-07-17 11:23:47	modules/objdetect/src/lsvmc_function.cpp	True	True	True	True
908	kozinove	2013-05-21 16:02:55	vpisarev	2013-07-17 11:23:47	modules/objdetect/src/lsvmc_featurepyramid.cpp	True	True	True	True
908	kozinove	2013-05-21 16:02:55	vpisarev	2013-07-17 11:23:47	modules/objdetect/src/_lsvmc_types.h	True	True	True	True
908	kozinove	2013-05-21 16:02:55	vpisarev	2013-07-17 11:23:47	modules/objdetect/src/_lsvmc_routine.h	True	True	True	True
908	kozinove	2013-05-21 16:02:55	vpisarev	2013-07-17 11:23:47	modules/objdetect/src/_lsvmc_resizeimg.h	True	True	True	True
908	kozinove	2013-05-21 16:02:55	vpisarev	2013-07-17 11:23:47	modules/objdetect/src/_lsvmc_parser.h	True	True	True	True
908	kozinove	2013-05-21 16:02:55	vpisarev	2013-07-17 11:23:47	modules/objdetect/src/_lsvmc_matching.h	True	True	True	True
908	kozinove	2013-05-21 16:02:55	vpisarev	2013-07-17 11:23:47	modules/objdetect/src/_lsvmc_latentsvm.h	True	True	True	True
908	kozinove	2013-05-21 16:02:55	vpisarev	2013-07-17 11:23:47	modules/objdetect/src/_lsvmc_function.h	True	True	True	True
908	kozinove	2013-05-21 16:02:55	vpisarev	2013-07-17 11:23:47	modules/objdetect/src/_lsvmc_error.h	True	True	True	True
908	kozinove	2013-05-21 16:02:55	vpisarev	2013-07-17 11:23:47	modules/objdetect/test/test_latentsvmdetector_caskad.cpp	True	True	True	True
908	kozinove	2013-05-21 16:02:55	vpisarev	2013-07-17 11:25:54	modules/objdetect/doc/latent_svm_caskad.rst	True	True	True	True
908	kozinove	2013-05-21 16:02:55	vpisarev	2013-07-17 11:23:47	modules/objdetect/doc/latent_svm_caskad.rst	True	True	True	True
908	kozinove	2013-05-21 16:02:55	vpisarev	2013-07-17 11:25:54	modules/objdetect/include/opencv2/objdetect/objdetect.hpp	True	True	True	True
908	kozinove	2013-05-21 16:02:55	vpisarev	2013-07-17 11:25:54	modules/objdetect/src/_lsvmc_types.h	True	True	True	True
908	kozinove	2013-05-21 16:02:55	vpisarev	2013-07-17 11:25:54	modules/softcascade/perf/perf_precomp	True	True	True	True
908	kozinove	2013-05-21 16:02:55	vpisarev	2013-07-17 11:25:54	modules/objdetect/src/lsvmc_routine.cpp	True	True	True	True
908	kozinove	2013-05-21 16:02:55	vpisarev	2013-07-17 11:25:54	modules/objdetect/src/lsvmc_resizeimg.cpp	True	True	True	True
908	kozinove	2013-05-21 16:02:55	vpisarev	2013-07-17 11:25:54	modules/objdetect/src/lsvmc_parser.cpp	True	True	True	True
908	kozinove	2013-05-21 16:02:55	vpisarev	2013-07-17 11:25:54	modules/objdetect/src/lsvmc_matching.cpp	True	True	True	True
908	kozinove	2013-05-21 16:02:55	vpisarev	2013-07-17 11:25:54	modules/objdetect/src/lsvmc_latentsvm.cpp	True	True	True	True
908	kozinove	2013-05-21 16:02:55	vpisarev	2013-07-17 11:25:54	modules/objdetect/src/lsvmc_function.cpp	True	True	True	True
908	kozinove	2013-05-21 16:02:55	vpisarev	2013-07-17 11:25:54	modules/objdetect/src/lsvmc_latentsvmdetector.cpp	True	True	True	True
908	kozinove	2013-05-21 16:02:55	vpisarev	2013-07-17 11:25:54	modules/objdetect/src/lsvmc_featurepyramid.cpp	True	True	True	True
908	kozinove	2013-05-21 16:02:55	vpisarev	2013-07-17 11:25:54	modules/objdetect/src/_lsvmc_routine.h	True	True	True	True
908	kozinove	2013-05-21 16:02:55	vpisarev	2013-07-17 11:25:54	modules/objdetect/src/_lsvmc_resizeimg.h	True	True	True	True
908	kozinove	2013-05-21 16:02:55	vpisarev	2013-07-17 11:25:54	modules/objdetect/src/_lsvmc_parser.h	True	True	True	True
908	kozinove	2013-05-21 16:02:55	vpisarev	2013-07-17 11:25:54	modules/objdetect/src/_lsvmc_matching.h	True	True	True	True
908	kozinove	2013-05-21 16:02:55	vpisarev	2013-07-17 11:25:54	modules/objdetect/src/_lsvmc_latentsvm.h	True	True	True	True
908	kozinove	2013-05-21 16:02:55	vpisarev	2013-07-17 11:25:54	modules/objdetect/src/_lsvmc_function.h	True	True	True	True
908	kozinove	2013-05-21 16:02:55	vpisarev	2013-07-17 11:25:54	modules/objdetect/src/_lsvmc_error.h	True	True	True	True
908	kozinove	2013-05-21 16:02:55	vpisarev	2013-07-17 11:25:54	modules/objdetect/test/test_latentsvmdetector_caskad.cpp	True	True	True	True
