pr_number	author_user_login	pr_created_at	review_comment_user_login	review_comment_created_at	is_review_review_comment
5723	dtmoodie	2015-11-30 21:14:09	alalek	2015-12-09 09:53:27	True
5723	dtmoodie	2015-11-30 21:14:09	alalek	2015-12-09 09:53:40	True
5716	LaurentBerger	2015-11-26 14:31:09	vpisarev	2015-11-27 11:59:08	True
5716	LaurentBerger	2015-11-26 14:31:09	vpisarev	2015-11-27 12:03:38	True
5716	LaurentBerger	2015-11-26 14:31:09	vpisarev	2015-11-27 12:01:03	True
5716	LaurentBerger	2015-11-26 14:31:09	vpisarev	2015-11-27 12:04:53	True
5716	LaurentBerger	2015-11-26 14:31:09	alalek	2015-11-26 14:37:03	True
5716	LaurentBerger	2015-11-26 14:31:09	vpisarev	2015-11-27 12:02:15	True
5704	sturkmen72	2015-11-24 03:35:40	mshabunin	2015-12-03 09:55:10	True
5674	mshabunin	2015-11-16 15:11:51	alalek	2015-11-17 15:04:41	True
5674	mshabunin	2015-11-16 15:11:51	alalek	2015-11-17 15:05:59	True
5674	mshabunin	2015-11-16 15:11:51	alalek	2015-11-17 15:45:23	True
5674	mshabunin	2015-11-16 15:11:51	ilya-lavrenov	2015-11-16 16:25:20	True
5644	viethoangdinh0926	2015-11-08 21:07:19	mshabunin	2015-11-22 18:21:30	True
5644	viethoangdinh0926	2015-11-08 21:07:19	mshabunin	2015-11-20 15:10:08	True
5644	viethoangdinh0926	2015-11-08 21:07:19	mshabunin	2015-11-20 15:10:46	True
5644	viethoangdinh0926	2015-11-08 21:07:19	PhilLab	2015-11-10 15:30:52	True
5644	viethoangdinh0926	2015-11-08 21:07:19	mshabunin	2015-11-20 15:14:46	True
5635	mzajko	2015-11-05 14:57:56	vpisarev	2015-11-10 07:14:32	True
5620	paroj	2015-11-03 13:05:07	vpisarev	2015-11-10 16:10:51	True
5620	paroj	2015-11-03 13:05:07	vpisarev	2015-11-03 16:15:40	True
5605	viethoangdinh0926	2015-11-02 04:35:40	vpisarev	2015-11-02 10:03:30	True
5605	viethoangdinh0926	2015-11-02 04:35:40	vpisarev	2015-11-02 10:03:35	True
5605	viethoangdinh0926	2015-11-02 04:35:40	vpisarev	2015-11-02 10:03:22	True
