pr_number	author_user_login	pr_created_at	commit_user_login	commit_created_at	commit_status_total	commit_status_additions	commit_status_deletions	create_before_pr	is_review_commit
15425	cancerberoSgx	2019-08-31 00:39:22	cancerberoSgx	2019-08-31 00:27:13	2	0	2	True	True
15425	cancerberoSgx	2019-08-31 00:39:22	alalek	2019-11-08 12:44:43	50	25	25	False	True
15425	cancerberoSgx	2019-08-31 00:39:22	cancerberoSgx	2019-08-31 04:40:10	187	159	28	False	True
15425	cancerberoSgx	2019-08-31 00:39:22	alalek	2019-11-08 13:00:22	26	11	15	False	True
15425	cancerberoSgx	2019-08-31 00:39:22	cancerberoSgx	2019-08-30 23:00:55	52	49	3	True	True
15425	cancerberoSgx	2019-08-31 00:39:22	cancerberoSgx	2019-08-30 22:18:28	122	122	0	True	True
15425	cancerberoSgx	2019-08-31 00:39:22	cancerberoSgx	2019-08-30 23:24:31	37	33	4	True	True
15425	cancerberoSgx	2019-08-31 00:39:22	cancerberoSgx	2019-08-31 00:23:24	117	72	45	True	True
15424	mshabunin	2019-08-30 22:51:00	mshabunin	2019-08-30 22:47:04	223	181	42	True	True
15422	mipsopen-fwu	2019-08-30 08:41:43	mipsopen-fwu	2019-09-18 02:32:33	31	3	28	False	True
15422	mipsopen-fwu	2019-08-30 08:41:43	mipsopen-fwu	2019-09-05 05:54:37	6	0	6	False	True
15422	mipsopen-fwu	2019-08-30 08:41:43	mipsopen-fwu	2019-09-20 07:30:55	2	0	2	False	True
15422	mipsopen-fwu	2019-08-30 08:41:43	mipsopen-fwu	2019-09-11 07:46:55	16	3	13	False	True
15422	mipsopen-fwu	2019-08-30 08:41:43	mipsopen-fwu	2019-09-16 07:38:07	112	8	104	False	True
15422	mipsopen-fwu	2019-08-30 08:41:43	mipsopen-fwu	2019-08-30 07:51:55	4513	4506	7	True	True
15422	mipsopen-fwu	2019-08-30 08:41:43	mipsopen-fwu	2019-09-09 02:12:31	2	1	1	False	True
15422	mipsopen-fwu	2019-08-30 08:41:43	mipsopen-fwu	2019-09-06 07:19:34	37	36	1	False	True
15419	OrestChura	2019-08-29 17:17:48	OrestChura	2019-09-02 08:59:14	10	7	3	False	True
15419	OrestChura	2019-08-29 17:17:48	OrestChura	2019-08-29 16:50:03	15	8	7	True	True
15418	mshabunin	2019-08-29 14:02:41	mshabunin	2019-08-29 13:57:42	252	115	137	True	True
15414	kuzi117	2019-08-29 00:24:46	kuzi117	2019-08-29 00:20:09	2	1	1	True	True
15412	kuzi117	2019-08-29 00:00:57	kuzi117	2019-08-28 23:39:08	2	2	0	True	True
15407	terfendail	2019-08-28 11:56:32	terfendail	2019-08-28 11:53:31	8	6	2	True	True
15402	ChipKerchner	2019-08-27 17:22:02	ChipKerchner	2019-08-27 17:15:19	90	77	13	True	True
15401	ChipKerchner	2019-08-27 16:45:55	ChipKerchner	2019-08-27 16:38:53	8	4	4	True	True
15400	terfendail	2019-08-27 11:34:34	terfendail	2019-08-27 11:31:23	21	9	12	True	True
15399	terfendail	2019-08-27 10:02:21	terfendail	2019-08-26 17:24:39	40	32	8	True	True
15395	l-bat	2019-08-26 14:38:53	l-bat	2019-08-26 14:35:43	6	3	3	True	True
15395	l-bat	2019-08-26 14:38:53	l-bat	2019-08-27 11:28:57	5	4	1	False	True
15391	dkurt	2019-08-24 20:16:39	dkurt	2019-08-24 20:14:26	5	3	2	True	True
15388	atinfinity	2019-08-24 08:27:45	atinfinity	2019-08-24 06:48:40	36	34	2	True	True
15388	atinfinity	2019-08-24 08:27:45	atinfinity	2019-08-24 08:19:10	2	1	1	True	True
15388	atinfinity	2019-08-24 08:27:45	atinfinity	2019-08-24 15:42:11	4	2	2	False	True
15388	atinfinity	2019-08-24 08:27:45	atinfinity	2019-08-24 09:20:51	6	3	3	False	True
15382	alalek	2019-08-23 13:18:18	alalek	2019-08-23 13:14:53	19	12	7	True	True
15378	andrey-golubev	2019-08-23 10:17:26	andrey-golubev	2019-08-23 10:15:35	46	46	0	True	True
15376	ilya-lavrenov	2019-08-23 09:59:39	ilya-lavrenov	2019-08-23 09:54:07	17	10	7	True	True
15373	pmur	2019-08-22 15:10:14	pmur	2019-08-22 15:08:01	4	3	1	True	True
15371	Wenzhao-Xiang	2019-08-22 10:40:48	Wenzhao-Xiang	2019-09-23 15:58:05	6729	6709	20	False	True
15371	Wenzhao-Xiang	2019-08-22 10:40:48	Wenzhao-Xiang	2019-08-29 04:37:59	1033	9	1024	False	True
15371	Wenzhao-Xiang	2019-08-22 10:40:48	Wenzhao-Xiang	2019-09-03 08:15:32	19	7	12	False	True
15371	Wenzhao-Xiang	2019-08-22 10:40:48	Wenzhao-Xiang	2019-09-22 11:50:22	8	8	0	False	True
15368	dab0bby	2019-08-21 12:53:02	dab0bby	2019-08-21 12:52:31	4	2	2	True	True
15365	Zyrin	2019-08-21 10:32:47	Zyrin	2019-08-21 08:57:03	2	1	1	True	True
15365	Zyrin	2019-08-21 10:32:47	Zyrin	2019-08-21 09:12:00	4	2	2	True	True
15359	mgehre	2019-08-20 21:32:52	mgehre	2019-08-20 21:27:36	4	2	2	True	True
15358	ChipKerchner	2019-08-20 18:48:47	ChipKerchner	2019-08-30 18:37:53	563	294	269	False	True
15358	ChipKerchner	2019-08-20 18:48:47	ChipKerchner	2019-08-30 14:34:27	19	13	6	False	True
15358	ChipKerchner	2019-08-20 18:48:47	ChipKerchner	2019-08-28 14:33:41	1071	509	562	False	True
15358	ChipKerchner	2019-08-20 18:48:47	ChipKerchner	2019-08-20 20:31:54	10	5	5	False	True
15358	ChipKerchner	2019-08-20 18:48:47	ChipKerchner	2019-08-20 18:47:33	305	295	10	True	True
15357	ChipKerchner	2019-08-20 18:27:39	ChipKerchner	2019-08-20 18:25:35	9	3	6	True	True
15356	APrigarina	2019-08-20 17:27:14	APrigarina	2019-08-29 12:24:32	1	1	0	False	True
15356	APrigarina	2019-08-20 17:27:14	APrigarina	2019-08-30 16:07:12	7	0	7	False	True
15356	APrigarina	2019-08-20 17:27:14	APrigarina	2019-09-25 15:49:25	62	40	22	False	True
15356	APrigarina	2019-08-20 17:27:14	APrigarina	2019-09-16 15:39:45	13	7	6	False	True
15356	APrigarina	2019-08-20 17:27:14	APrigarina	2019-09-16 08:50:55	66	52	14	False	True
15356	APrigarina	2019-08-20 17:27:14	APrigarina	2019-09-28 07:37:03	4	2	2	False	True
15356	APrigarina	2019-08-20 17:27:14	APrigarina	2019-08-29 11:08:32	7	0	7	False	True
15356	APrigarina	2019-08-20 17:27:14	APrigarina	2019-08-29 15:15:27	30	10	20	False	True
15356	APrigarina	2019-08-20 17:27:14	APrigarina	2019-08-29 11:04:52	208	20	188	False	True
15356	APrigarina	2019-08-20 17:27:14	APrigarina	2019-08-20 17:22:21	401	329	72	True	True
15356	APrigarina	2019-08-20 17:27:14	APrigarina	2019-09-09 16:09:23	199	196	3	False	True
15356	APrigarina	2019-08-20 17:27:14	APrigarina	2019-08-29 17:43:41	174	87	87	False	True
15351	philippefoubert	2019-08-20 12:56:11	philippefoubert	2019-08-20 12:29:13	2	1	1	True	True
15351	philippefoubert	2019-08-20 12:56:11	philippefoubert	2019-08-20 13:47:16	5	4	1	False	True
15350	komakai	2019-08-20 11:47:22	komakai	2019-08-20 00:06:10	27	17	10	True	True
15350	komakai	2019-08-20 11:47:22	alalek	2019-08-21 15:37:13	8	7	1	False	True
15350	komakai	2019-08-20 11:47:22	komakai	2019-08-22 00:31:51	15	10	5	False	True
15348	alalek	2019-08-20 10:18:31	alalek	2019-08-20 10:15:56	2	1	1	True	True
15345	prakhar9998	2019-08-20 08:40:01	prakhar9998	2019-08-20 12:44:13	2	1	1	False	True
15345	prakhar9998	2019-08-20 08:40:01	prakhar9998	2019-08-22 06:24:01	2	1	1	False	True
15345	prakhar9998	2019-08-20 08:40:01	prakhar9998	2019-08-20 08:38:12	2	1	1	True	True
15341	DiebBlue	2019-08-20 00:16:15	DiebBlue	2019-08-19 23:54:27	2	1	1	True	True
15341	DiebBlue	2019-08-20 00:16:15	DiebBlue	2019-08-20 22:20:30	87	85	2	False	True
15341	DiebBlue	2019-08-20 00:16:15	DiebBlue	2019-08-22 00:13:38	4	2	2	False	True
15341	DiebBlue	2019-08-20 00:16:15	alalek	2019-08-30 16:36:54	132	43	89	False	True
15341	DiebBlue	2019-08-20 00:16:15	DiebBlue	2019-08-21 21:53:36	148	105	43	False	True
15339	pmur	2019-08-19 18:56:38	pmur	2019-08-20 16:26:38	38	38	0	False	True
15338	rayonnant14	2019-08-19 16:07:51	rayonnant14	2019-11-14 15:37:12	71	36	35	False	True
15338	rayonnant14	2019-08-19 16:07:51	rayonnant14	2019-11-05 15:20:53	70	35	35	False	True
15338	rayonnant14	2019-08-19 16:07:51	rayonnant14	2019-11-14 17:40:23	21	11	10	False	True
15338	rayonnant14	2019-08-19 16:07:51	rayonnant14	2019-11-14 17:02:34	5	1	4	False	True
15338	rayonnant14	2019-08-19 16:07:51	rayonnant14	2019-11-14 16:10:20	6	3	3	False	True
15338	rayonnant14	2019-08-19 16:07:51	rayonnant14	2019-11-14 12:20:08	3	2	1	False	True
15338	rayonnant14	2019-08-19 16:07:51	rayonnant14	2019-11-14 17:54:59	11	5	6	False	True
15338	rayonnant14	2019-08-19 16:07:51	rayonnant14	2019-11-12 09:46:20	100	49	51	False	True
15338	rayonnant14	2019-08-19 16:07:51	rayonnant14	2019-11-08 13:41:11	21	12	9	False	True
15338	rayonnant14	2019-08-19 16:07:51	rayonnant14	2019-11-15 17:19:30	2	1	1	False	True
15338	rayonnant14	2019-08-19 16:07:51	rayonnant14	2019-11-05 17:58:05	34	25	9	False	True
15338	rayonnant14	2019-08-19 16:07:51	rayonnant14	2019-11-12 16:18:49	83	42	41	False	True
15338	rayonnant14	2019-08-19 16:07:51	rayonnant14	2019-11-08 15:07:22	24	14	10	False	True
15338	rayonnant14	2019-08-19 16:07:51	rayonnant14	2019-11-15 17:14:31	3007	1512	1495	False	True
15338	rayonnant14	2019-08-19 16:07:51	rayonnant14	2019-11-05 14:36:02	170	91	79	False	True
15338	rayonnant14	2019-08-19 16:07:51	rayonnant14	2019-10-24 17:05:09	881	536	345	False	True
15338	rayonnant14	2019-08-19 16:07:51	rayonnant14	2019-10-18 18:57:15	20	12	8	False	True
15338	rayonnant14	2019-08-19 16:07:51	rayonnant14	2019-10-18 18:40:27	1496	906	590	False	True
15338	rayonnant14	2019-08-19 16:07:51	rayonnant14	2019-11-05 16:23:38	215	104	111	False	True
15338	rayonnant14	2019-08-19 16:07:51	rayonnant14	2019-11-01 17:48:39	1173	598	575	False	True
15338	rayonnant14	2019-08-19 16:07:51	rayonnant14	2019-10-30 12:10:03	1867	1449	418	False	True
15338	rayonnant14	2019-08-19 16:07:51	rayonnant14	2019-10-22 07:17:11	380	370	10	False	True
15338	rayonnant14	2019-08-19 16:07:51	rayonnant14	2019-08-01 10:16:27	1518	1214	304	True	True
15338	rayonnant14	2019-08-19 16:07:51	rayonnant14	2019-08-08 15:46:43	95	78	17	True	True
15338	rayonnant14	2019-08-19 16:07:51	rayonnant14	2019-08-21 14:52:28	9	4	5	False	True
15338	rayonnant14	2019-08-19 16:07:51	rayonnant14	2019-08-19 15:05:54	721	345	376	True	True
15338	rayonnant14	2019-08-19 16:07:51	rayonnant14	2019-08-07 16:51:34	106	66	40	True	True
15338	rayonnant14	2019-08-19 16:07:51	rayonnant14	2019-08-06 17:55:03	1242	325	917	True	True
15338	rayonnant14	2019-08-19 16:07:51	rayonnant14	2019-08-23 13:23:21	55	26	29	False	True
15335	lixit	2019-08-19 08:19:16	lixit	2019-08-19 08:08:53	2	1	1	True	True
15329	craterkamath	2019-08-18 20:40:17	craterkamath	2019-08-18 20:36:31	2	1	1	True	True
15319	cancerberoSgx	2019-08-16 02:17:06	cancerberoSgx	2019-08-16 02:09:37	4	4	0	True	True
15318	luzpaz	2019-08-15 22:04:38	luzpaz	2019-08-15 22:02:09	240	120	120	True	True
15316	sturkmen72	2019-08-15 18:56:37	sturkmen72	2019-08-15 18:49:02	10	10	0	True	True
15313	andrey-golubev	2019-08-15 16:10:14	andrey-golubev	2019-08-29 18:59:29	1500	1484	16	False	True
15313	andrey-golubev	2019-08-15 16:10:14	andrey-golubev	2019-08-29 19:01:18	31	19	12	False	True
15313	andrey-golubev	2019-08-15 16:10:14	andrey-golubev	2019-08-30 04:16:57	4	0	4	False	True
15313	andrey-golubev	2019-08-15 16:10:14	andrey-golubev	2019-09-06 22:39:13	933	177	756	False	True
15313	andrey-golubev	2019-08-15 16:10:14	andrey-golubev	2019-09-17 19:31:30	5	2	3	False	True
15313	andrey-golubev	2019-08-15 16:10:14	andrey-golubev	2019-09-07 10:28:14	40	15	25	False	True
15313	andrey-golubev	2019-08-15 16:10:14	andrey-golubev	2019-09-07 10:43:03	15	10	5	False	True
15313	andrey-golubev	2019-08-15 16:10:14	andrey-golubev	2019-09-09 18:47:27	118	97	21	False	True
15313	andrey-golubev	2019-08-15 16:10:14	andrey-golubev	2019-09-16 18:57:31	281	141	140	False	True
15312	smirnov-alexey	2019-08-15 13:35:34	smirnov-alexey	2019-08-14 12:54:04	5	3	2	True	True
15312	smirnov-alexey	2019-08-15 13:35:34	smirnov-alexey	2019-08-29 12:48:59	68	42	26	False	True
15312	smirnov-alexey	2019-08-15 13:35:34	smirnov-alexey	2019-08-15 11:59:37	51	34	17	True	True
15312	smirnov-alexey	2019-08-15 13:35:34	smirnov-alexey	2019-08-23 12:33:35	97	48	49	False	True
15312	smirnov-alexey	2019-08-15 13:35:34	smirnov-alexey	2019-08-14 14:24:17	71	71	0	True	True
15305	luzpaz	2019-08-14 17:35:46	luzpaz	2019-08-14 17:33:49	72	36	36	True	True
15303	dkurt	2019-08-14 16:47:36	dkurt	2019-08-14 16:44:05	15	7	8	True	True
15298	smirnov-alexey	2019-08-14 10:40:58	smirnov-alexey	2019-08-14 10:35:28	46	13	33	True	True
15290	cudawarped	2019-08-13 09:57:13	cudawarped	2019-09-05 10:30:48	44	28	16	False	True
15290	cudawarped	2019-08-13 09:57:13	cudawarped	2019-09-05 12:45:29	9	7	2	False	True
15290	cudawarped	2019-08-13 09:57:13	cudawarped	2019-09-09 08:46:12	36	35	1	False	True
15290	cudawarped	2019-08-13 09:57:13	cudawarped	2019-09-09 10:32:54	109	50	59	False	True
15290	cudawarped	2019-08-13 09:57:13	cudawarped	2019-09-10 09:21:25	14	6	8	False	True
15290	cudawarped	2019-08-13 09:57:13	alalek	2019-11-13 22:06:31	820	269	551	False	True
15290	cudawarped	2019-08-13 09:57:13	alalek	2019-11-15 21:53:36	14	9	5	False	True
15290	cudawarped	2019-08-13 09:57:13	cudawarped	2019-09-18 10:57:59	59	13	46	False	True
15290	cudawarped	2019-08-13 09:57:13	cudawarped	2019-10-22 17:12:17	121	59	62	False	True
15290	cudawarped	2019-08-13 09:57:13	cudawarped	2019-09-16 17:44:50	6	6	0	False	True
15290	cudawarped	2019-08-13 09:57:13	cudawarped	2019-09-16 15:26:30	7	7	0	False	True
15290	cudawarped	2019-08-13 09:57:13	cudawarped	2019-09-05 06:22:07	883	487	396	False	True
15290	cudawarped	2019-08-13 09:57:13	cudawarped	2019-08-13 17:59:42	26	15	11	False	True
15290	cudawarped	2019-08-13 09:57:13	cudawarped	2019-08-22 06:11:43	14	10	4	False	True
15290	cudawarped	2019-08-13 09:57:13	cudawarped	2019-08-13 09:37:03	263	261	2	True	True
15290	cudawarped	2019-08-13 09:57:13	cudawarped	2019-08-13 09:48:07	66	1	65	True	True
15290	cudawarped	2019-08-13 09:57:13	cudawarped	2019-08-23 08:44:31	118	67	51	False	True
15290	cudawarped	2019-08-13 09:57:13	cudawarped	2019-09-09 10:53:15	2	1	1	False	True
15290	cudawarped	2019-08-13 09:57:13	cudawarped	2019-08-21 15:17:31	368	178	190	False	True
15290	cudawarped	2019-08-13 09:57:13	cudawarped	2019-08-21 07:11:32	399	314	85	False	True
15290	cudawarped	2019-08-13 09:57:13	cudawarped	2019-08-23 07:27:10	58	29	29	False	True
15290	cudawarped	2019-08-13 09:57:13	cudawarped	2019-08-14 13:03:02	3	1	2	False	True
15290	cudawarped	2019-08-13 09:57:13	James Bowley	2019-06-10 16:42:37	2	1	1	True	True
15285	AsyaPronina	2019-08-12 17:13:00	AsyaPronina	2019-08-12 16:28:09	65	60	5	True	True
15283	smirnov-alexey	2019-08-12 13:50:46	smirnov-alexey	2019-08-12 13:44:05	150	113	37	True	True
15282	andrey-golubev	2019-08-12 12:55:15	andrey-golubev	2019-08-12 12:29:40	22	11	11	True	True
15282	andrey-golubev	2019-08-12 12:55:15	andrey-golubev	2019-08-12 14:34:12	3	3	0	False	True
15282	andrey-golubev	2019-08-12 12:55:15	andrey-golubev	2019-08-13 06:40:26	25	13	12	False	True
15275	ieliz	2019-08-09 17:09:27	ieliz	2019-08-12 14:10:01	16	13	3	False	True
15275	ieliz	2019-08-09 17:09:27	ieliz	2019-08-12 14:18:43	2	1	1	False	True
15275	ieliz	2019-08-09 17:09:27	ieliz	2019-08-09 17:05:56	4	2	2	True	True
15275	ieliz	2019-08-09 17:09:27	ieliz	2019-08-13 07:01:48	4	2	2	False	True
15274	ChipKerchner	2019-08-09 12:21:59	ChipKerchner	2019-08-15 17:38:50	8	4	4	False	True
15274	ChipKerchner	2019-08-09 12:21:59	ChipKerchner	2019-08-20 16:01:41	46	36	10	False	True
15274	ChipKerchner	2019-08-09 12:21:59	ChipKerchner	2019-08-09 12:17:38	164	85	79	True	True
15274	ChipKerchner	2019-08-09 12:21:59	ChipKerchner	2019-08-15 15:46:44	42	17	25	False	True
15265	hugolm84	2019-08-08 15:10:58	hugolm84	2019-08-08 15:09:26	4	3	1	True	True
15265	hugolm84	2019-08-08 15:10:58	hugolm84	2019-08-08 20:10:39	2	1	1	False	True
15260	tomoaki0705	2019-08-08 08:57:01	tomoaki0705	2019-08-08 12:49:32	17	11	6	False	True
15257	pmur	2019-08-07 16:47:54	pmur	2019-09-25 20:16:53	98	98	0	False	True
15257	pmur	2019-08-07 16:47:54	pmur	2019-12-02 15:21:16	30	28	2	False	True
15257	pmur	2019-08-07 16:47:54	pmur	2019-12-06 16:54:30	2	1	1	False	True
15257	pmur	2019-08-07 16:47:54	terfendail	2019-11-25 13:56:13	270	241	29	False	True
15257	pmur	2019-08-07 16:47:54	pmur	2019-08-07 16:43:02	90	88	2	True	True
15256	dkurt	2019-08-07 12:00:12	dkurt	2019-08-07 11:51:41	55	36	19	True	True
15255	iamgd67	2019-08-07 10:29:29	iamgd67	2019-08-07 11:04:51	2	0	2	False	True
15255	iamgd67	2019-08-07 10:29:29	iamgd67	2019-08-09 05:50:45	2	1	1	False	True
15255	iamgd67	2019-08-07 10:29:29	iamgd67	2019-08-07 10:20:17	25	24	1	True	True
15255	iamgd67	2019-08-07 10:29:29	iamgd67	2019-08-07 10:41:59	3	1	2	False	True
15249	dkurt	2019-08-06 15:43:07	dkurt	2019-08-06 15:41:30	48	17	31	True	True
15246	tomoaki0705	2019-08-06 08:32:29	tomoaki0705	2019-08-06 12:45:14	14	11	3	False	True
15242	vchiluka5	2019-08-05 17:11:30	vchiluka5	2019-08-05 16:07:48	2	1	1	True	True
15240	dvd42	2019-08-05 16:29:44	dvd42	2019-08-05 16:25:36	324	259	65	True	True
15238	andrey-golubev	2019-08-05 16:06:51	andrey-golubev	2019-08-06 08:06:38	15	0	15	False	True
15238	andrey-golubev	2019-08-05 16:06:51	andrey-golubev	2019-08-07 12:29:00	30	18	12	False	True
15238	andrey-golubev	2019-08-05 16:06:51	andrey-golubev	2019-08-07 12:48:50	11	5	6	False	True
15238	andrey-golubev	2019-08-05 16:06:51	andrey-golubev	2019-08-06 12:42:30	2	1	1	False	True
15238	andrey-golubev	2019-08-05 16:06:51	andrey-golubev	2019-08-06 12:18:50	1	1	0	False	True
15238	andrey-golubev	2019-08-05 16:06:51	andrey-golubev	2019-08-06 08:07:06	2797	2416	381	False	True
15238	andrey-golubev	2019-08-05 16:06:51	andrey-golubev	2019-08-05 16:05:34	77	77	0	True	True
15238	andrey-golubev	2019-08-05 16:06:51	andrey-golubev	2019-08-06 11:20:13	1	1	0	False	True
15238	andrey-golubev	2019-08-05 16:06:51	andrey-golubev	2019-08-06 11:18:22	8	5	3	False	True
15236	dbudniko	2019-08-05 14:52:36	dbudniko	2019-08-05 14:46:28	128	128	0	True	True
15236	dbudniko	2019-08-05 14:52:36	dbudniko	2019-08-05 16:04:14	45	45	0	False	True
15235	pmur	2019-08-05 14:42:42	pmur	2019-08-02 20:06:47	24	6	18	True	True
15230	ieliz	2019-08-05 12:17:21	ieliz	2019-08-05 12:14:04	16	15	1	True	True
15230	ieliz	2019-08-05 12:17:21	ieliz	2019-08-06 08:10:14	8	6	2	False	True
15228	flyseaworld	2019-08-05 09:32:42	yaohai [姚海]	2019-08-05 09:11:46	9	3	6	True	True
15227	tomoaki0705	2019-08-05 08:43:59	tomoaki0705	2019-08-05 08:42:48	2	2	0	True	True
15223	kishdubey	2019-08-04 23:15:18	kishdubey	2019-08-04 23:11:38	5	5	0	True	True
15222	hmaarrfk	2019-08-04 22:36:28	hmaarrfk	2019-08-04 22:24:33	4	2	2	True	True
15221	cancerberoSgx	2019-08-04 19:31:21	cancerberoSgx	2019-08-04 19:24:43	2	1	1	True	True
15221	cancerberoSgx	2019-08-04 19:31:21	cancerberoSgx	2019-08-02 01:43:47	25	25	0	True	True
15221	cancerberoSgx	2019-08-04 19:31:21	cancerberoSgx	2019-08-04 19:23:30	2	1	1	True	True
15221	cancerberoSgx	2019-08-04 19:31:21	cancerberoSgx	2019-08-05 06:41:15	2	1	1	False	True
15221	cancerberoSgx	2019-08-04 19:31:21	cancerberoSgx	2019-08-02 01:55:22	8	4	4	True	True
15220	thangktran	2019-08-04 15:18:17	thangktran	2019-08-04 15:17:03	2	1	1	True	True
15217	elatkin	2019-08-04 05:17:00	elatkin	2019-08-04 05:07:46	29	16	13	True	True
15216	dmatveev	2019-08-04 02:38:25	dmatveev	2019-10-03 17:23:55	25	12	13	False	True
15216	dmatveev	2019-08-04 02:38:25	dmatveev	2019-09-10 16:56:09	44	26	18	False	True
15216	dmatveev	2019-08-04 02:38:25	dmatveev	2019-10-17 07:04:38	317	235	82	False	True
15216	dmatveev	2019-08-04 02:38:25	dmatveev	2019-10-15 12:29:58	5	2	3	False	True
15216	dmatveev	2019-08-04 02:38:25	dmatveev	2019-10-15 10:43:53	109	108	1	False	True
15216	dmatveev	2019-08-04 02:38:25	dmatveev	2019-10-14 17:38:28	320	305	15	False	True
15216	dmatveev	2019-08-04 02:38:25	dmatveev	2019-10-10 11:35:38	197	197	0	False	True
15216	dmatveev	2019-08-04 02:38:25	dmatveev	2019-10-10 08:14:46	108	97	11	False	True
15216	dmatveev	2019-08-04 02:38:25	dmatveev	2019-10-18 14:15:57	2	1	1	False	True
15216	dmatveev	2019-08-04 02:38:25	dmatveev	2019-10-03 12:14:06	21	16	5	False	True
15216	dmatveev	2019-08-04 02:38:25	dmatveev	2019-10-03 08:37:02	16	10	6	False	True
15216	dmatveev	2019-08-04 02:38:25	dmatveev	2019-07-03 10:45:31	942	933	9	True	True
15216	dmatveev	2019-08-04 02:38:25	dmatveev	2019-09-04 13:14:19	86	7	79	False	True
15216	dmatveev	2019-08-04 02:38:25	dmatveev	2019-07-05 16:59:26	847	649	198	True	True
15216	dmatveev	2019-08-04 02:38:25	dmatveev	2019-08-03 17:37:15	346	336	10	True	True
15216	dmatveev	2019-08-04 02:38:25	dmatveev	2019-08-04 02:36:00	128	126	2	True	True
15216	dmatveev	2019-08-04 02:38:25	dmatveev	2019-08-04 02:49:41	59	33	26	False	True
15216	dmatveev	2019-08-04 02:38:25	dmatveev	2019-09-11 17:08:02	280	243	37	False	True
15216	dmatveev	2019-08-04 02:38:25	dmatveev	2019-09-05 15:26:19	41	30	11	False	True
15216	dmatveev	2019-08-04 02:38:25	dmatveev	2019-09-10 16:30:21	95	30	65	False	True
15216	dmatveev	2019-08-04 02:38:25	dmatveev	2019-08-20 13:56:11	84	70	14	False	True
15216	dmatveev	2019-08-04 02:38:25	dmatveev	2019-09-05 17:26:52	191	176	15	False	True
15216	dmatveev	2019-08-04 02:38:25	dmatveev	2019-09-10 12:56:22	54	25	29	False	True
15214	jumostedu	2019-08-03 20:40:08	VadimLevin	2020-03-26 10:14:26	135	3	132	False	True
15214	jumostedu	2019-08-03 20:40:08	jumostedu	2019-11-24 19:23:04	134	131	3	False	True
15214	jumostedu	2019-08-03 20:40:08	VadimLevin	2020-03-26 09:56:58	45	18	27	False	True
15214	jumostedu	2019-08-03 20:40:08	jumostedu	2019-08-03 19:54:38	246	177	69	True	True
15214	jumostedu	2019-08-03 20:40:08	jumostedu	2019-08-03 19:54:38	278	278	0	True	True
15211	neheb	2019-08-03 00:25:41	neheb	2019-08-03 00:23:05	12	6	6	True	True
15207	vicroms	2019-08-01 21:29:29	vicroms	2019-08-01 21:18:29	10	5	5	True	True
15207	vicroms	2019-08-01 21:29:29	vicroms	2019-08-02 23:34:16	2	1	1	False	True
15203	l-bat	2019-08-01 14:18:02	l-bat	2019-08-05 08:30:39	35	4	31	False	True
15203	l-bat	2019-08-01 14:18:02	l-bat	2019-08-07 11:23:15	22	12	10	False	True
15203	l-bat	2019-08-01 14:18:02	l-bat	2019-08-07 10:11:15	14	12	2	False	True
15203	l-bat	2019-08-01 14:18:02	l-bat	2019-08-02 07:36:16	45	45	0	False	True
15203	l-bat	2019-08-01 14:18:02	l-bat	2019-08-02 11:25:19	44	18	26	False	True
15203	l-bat	2019-08-01 14:18:02	l-bat	2019-08-01 14:07:15	67	66	1	True	True
15202	hugolm84	2019-08-01 13:38:15	hugolm84	2019-08-01 13:28:04	41	31	10	True	True
