pr_number	author_user_login	pr_created_at	review_comment_user_login	review_comment_created_at	is_review_review_comment
20187		2021-05-31 16:25:03			
20184	sivanov-work	2021-05-31 06:22:45	dmatveev	2021-06-03 08:44:24	True
20184	sivanov-work	2021-05-31 06:22:45	dmatveev	2021-06-03 19:40:01	True
20184	sivanov-work	2021-05-31 06:22:45	dmatveev	2021-06-03 19:34:22	True
20184	sivanov-work	2021-05-31 06:22:45	dmatveev	2021-06-03 08:43:16	True
20184	sivanov-work	2021-05-31 06:22:45	dmatveev	2021-06-03 08:42:39	True
20184	sivanov-work	2021-05-31 06:22:45	dmatveev	2021-06-03 08:43:07	True
20184	sivanov-work	2021-05-31 06:22:45	dmatveev	2021-06-03 19:40:36	True
20184	sivanov-work	2021-05-31 06:22:45	dmatveev	2021-06-02 12:35:42	True
20184	sivanov-work	2021-05-31 06:22:45	dmatveev	2021-06-02 12:34:06	True
20184	sivanov-work	2021-05-31 06:22:45	dmatveev	2021-06-02 11:23:13	True
20184	sivanov-work	2021-05-31 06:22:45	dmatveev	2021-06-02 11:22:54	True
20184	sivanov-work	2021-05-31 06:22:45	dmatveev	2021-06-02 11:15:45	True
20184	sivanov-work	2021-05-31 06:22:45	dmatveev	2021-06-03 19:38:15	True
20184	sivanov-work	2021-05-31 06:22:45	dmatveev	2021-06-02 12:42:53	True
20184	sivanov-work	2021-05-31 06:22:45	dmatveev	2021-06-02 12:40:40	True
20184	sivanov-work	2021-05-31 06:22:45	dmatveev	2021-06-02 12:38:01	True
20184	sivanov-work	2021-05-31 06:22:45	dmatveev	2021-06-03 19:33:24	True
20183	xhawk18	2021-05-30 13:46:18	alalek	2021-05-31 09:55:11	True
20183	xhawk18	2021-05-30 13:46:18	alalek	2021-10-03 01:18:18	True
20175		2021-05-28 14:30:15			
20172		2021-05-28 00:49:14			
20171	danielenricocahall	2021-05-27 23:33:04	alalek	2021-05-31 21:42:15	True
20170		2021-05-27 23:17:47			
20169	TolyaTalamanov	2021-05-27 10:28:14	mpashchenkov	2021-06-04 08:21:54	True
20169	TolyaTalamanov	2021-05-27 10:28:14	mpashchenkov	2021-06-04 08:21:22	True
20169	TolyaTalamanov	2021-05-27 10:28:14	dmatveev	2021-06-01 13:05:45	True
20169	TolyaTalamanov	2021-05-27 10:28:14	dmatveev	2021-06-01 13:07:59	True
20169	TolyaTalamanov	2021-05-27 10:28:14	dmatveev	2021-06-01 13:04:56	True
20169	TolyaTalamanov	2021-05-27 10:28:14	dmatveev	2021-06-01 13:05:15	True
20169	TolyaTalamanov	2021-05-27 10:28:14	dmatveev	2021-06-01 13:04:41	True
20169	TolyaTalamanov	2021-05-27 10:28:14	dmatveev	2021-06-01 13:03:59	True
20164		2021-05-26 18:33:06			
20163	smirnov-alexey	2021-05-26 16:16:44	dmatveev	2021-06-07 23:27:59	True
20163	smirnov-alexey	2021-05-26 16:16:44	dmatveev	2021-06-07 23:26:36	True
20163	smirnov-alexey	2021-05-26 16:16:44	dmatveev	2021-06-07 23:26:06	True
20163	smirnov-alexey	2021-05-26 16:16:44	dmatveev	2021-06-07 23:25:33	True
20163	smirnov-alexey	2021-05-26 16:16:44	dmatveev	2021-06-07 23:24:27	True
20163	smirnov-alexey	2021-05-26 16:16:44	dmatveev	2021-06-07 23:22:53	True
20163	smirnov-alexey	2021-05-26 16:16:44	dmatveev	2021-06-07 23:27:51	True
20163	smirnov-alexey	2021-05-26 16:16:44	dmatveev	2021-06-07 23:21:54	True
20163	smirnov-alexey	2021-05-26 16:16:44	dmatveev	2021-06-07 23:14:59	True
20163	smirnov-alexey	2021-05-26 16:16:44	dmatveev	2021-06-07 23:21:14	True
20163	smirnov-alexey	2021-05-26 16:16:44	dmatveev	2021-06-07 23:18:16	True
20163	smirnov-alexey	2021-05-26 16:16:44	dmatveev	2021-06-07 23:17:09	True
20163	smirnov-alexey	2021-05-26 16:16:44	dmatveev	2021-06-07 23:19:07	True
20163	smirnov-alexey	2021-05-26 16:16:44	dmatveev	2021-06-07 23:15:52	True
20163	smirnov-alexey	2021-05-26 16:16:44	dmatveev	2021-06-07 23:14:15	True
20163	smirnov-alexey	2021-05-26 16:16:44	dmatveev	2021-06-07 23:14:01	True
20163	smirnov-alexey	2021-05-26 16:16:44	dmatveev	2021-06-07 23:19:25	True
20163	smirnov-alexey	2021-05-26 16:16:44	dmatveev	2021-06-07 23:13:33	True
20163	smirnov-alexey	2021-05-26 16:16:44	dmatveev	2021-06-07 23:19:56	True
20163	smirnov-alexey	2021-05-26 16:16:44	dmatveev	2021-06-07 23:20:36	True
20163	smirnov-alexey	2021-05-26 16:16:44	dmatveev	2021-06-07 23:20:42	True
20163	smirnov-alexey	2021-05-26 16:16:44	dmatveev	2021-06-07 23:16:43	True
20158	hyrodium	2021-05-25 15:33:07	alalek	2021-05-25 17:18:45	True
20157	mpashchenkov	2021-05-25 15:11:44	TolyaTalamanov	2021-05-28 10:17:45	True
20157	mpashchenkov	2021-05-25 15:11:44	TolyaTalamanov	2021-05-28 12:01:11	True
20157	mpashchenkov	2021-05-25 15:11:44	TolyaTalamanov	2021-05-25 19:30:10	True
20156	smirnov-alexey	2021-05-25 14:36:01	dmatveev	2021-06-03 07:57:48	True
20156	smirnov-alexey	2021-05-25 14:36:01	dmatveev	2021-06-03 07:52:32	True
20156	smirnov-alexey	2021-05-25 14:36:01	dmatveev	2021-06-03 07:56:53	True
20156	smirnov-alexey	2021-05-25 14:36:01	dmatveev	2021-05-31 12:31:48	True
20156	smirnov-alexey	2021-05-25 14:36:01	dmatveev	2021-06-03 07:59:47	True
20156	smirnov-alexey	2021-05-25 14:36:01	dmatveev	2021-05-31 12:34:18	True
20156	smirnov-alexey	2021-05-25 14:36:01	dmatveev	2021-06-03 08:00:22	True
20156	smirnov-alexey	2021-05-25 14:36:01	dmatveev	2021-06-03 08:05:09	True
20156	smirnov-alexey	2021-05-25 14:36:01	dmatveev	2021-05-31 12:36:37	True
20156	smirnov-alexey	2021-05-25 14:36:01	dmatveev	2021-05-31 12:38:36	True
20156	smirnov-alexey	2021-05-25 14:36:01	dmatveev	2021-05-31 12:37:46	True
20156	smirnov-alexey	2021-05-25 14:36:01	dmatveev	2021-05-31 12:35:40	True
20156	smirnov-alexey	2021-05-25 14:36:01	dmatveev	2021-05-31 12:30:19	True
20156	smirnov-alexey	2021-05-25 14:36:01	dmatveev	2021-05-31 12:29:13	True
20156	smirnov-alexey	2021-05-25 14:36:01	dmatveev	2021-06-03 08:03:21	True
20156	smirnov-alexey	2021-05-25 14:36:01	dmatveev	2021-06-03 08:03:56	True
20155	dbudniko	2021-05-25 11:48:35	TolyaTalamanov	2021-05-26 09:50:43	True
20155	dbudniko	2021-05-25 11:48:35	TolyaTalamanov	2021-05-26 09:50:14	True
20155	dbudniko	2021-05-25 11:48:35	mpashchenkov	2021-05-25 12:06:30	True
20151	smirnov-alexey	2021-05-24 22:57:32	dmatveev	2021-05-31 09:26:26	True
20151	smirnov-alexey	2021-05-24 22:57:32	dmatveev	2021-05-31 09:28:13	True
20151	smirnov-alexey	2021-05-24 22:57:32	dmatveev	2021-05-31 09:28:27	True
20151	smirnov-alexey	2021-05-24 22:57:32	TolyaTalamanov	2021-06-01 09:44:47	True
20151	smirnov-alexey	2021-05-24 22:57:32	dmatveev	2021-05-31 09:26:09	True
20151	smirnov-alexey	2021-05-24 22:57:32	dmatveev	2021-05-31 09:27:17	True
20151	smirnov-alexey	2021-05-24 22:57:32	TolyaTalamanov	2021-05-25 05:01:44	True
20151	smirnov-alexey	2021-05-24 22:57:32	TolyaTalamanov	2021-05-25 05:00:48	True
20151	smirnov-alexey	2021-05-24 22:57:32	TolyaTalamanov	2021-05-25 04:59:41	True
20151	smirnov-alexey	2021-05-24 22:57:32	TolyaTalamanov	2021-05-25 04:57:25	True
20151	smirnov-alexey	2021-05-24 22:57:32	TolyaTalamanov	2021-05-25 04:56:10	True
20151	smirnov-alexey	2021-05-24 22:57:32	TolyaTalamanov	2021-05-25 04:55:33	True
20151	smirnov-alexey	2021-05-24 22:57:32	TolyaTalamanov	2021-05-25 05:02:44	True
20151	smirnov-alexey	2021-05-24 22:57:32	dmatveev	2021-05-31 09:28:09	True
20151	smirnov-alexey	2021-05-24 22:57:32	TolyaTalamanov	2021-05-25 05:12:47	True
20151	smirnov-alexey	2021-05-24 22:57:32	dmatveev	2021-05-31 09:25:49	True
20150		2021-05-24 14:12:00			
20149	rogday	2021-05-24 13:41:07	alalek	2021-05-31 09:19:06	True
20149	rogday	2021-05-24 13:41:07	alalek	2021-05-24 14:40:05	True
20149	rogday	2021-05-24 13:41:07	alalek	2021-05-25 04:47:44	True
20146	asmorkalov	2021-05-24 12:11:51	alalek	2021-05-25 17:45:12	True
20144	mpashchenkov	2021-05-24 09:27:18	TolyaTalamanov	2021-06-24 07:28:43	True
20144	mpashchenkov	2021-05-24 09:27:18	TolyaTalamanov	2021-06-24 07:34:53	True
20144	mpashchenkov	2021-05-24 09:27:18	TolyaTalamanov	2021-06-24 07:36:42	True
20144	mpashchenkov	2021-05-24 09:27:18	TolyaTalamanov	2021-06-24 07:34:42	True
20144	mpashchenkov	2021-05-24 09:27:18	TolyaTalamanov	2021-06-24 07:31:49	True
20144	mpashchenkov	2021-05-24 09:27:18	TolyaTalamanov	2021-06-24 07:22:40	True
20144	mpashchenkov	2021-05-24 09:27:18	TolyaTalamanov	2021-06-24 07:38:04	True
20144	mpashchenkov	2021-05-24 09:27:18	TolyaTalamanov	2021-05-26 09:59:34	True
20144	mpashchenkov	2021-05-24 09:27:18	alalek	2021-05-24 15:01:06	True
20144	mpashchenkov	2021-05-24 09:27:18	alalek	2021-05-24 15:02:23	True
20144	mpashchenkov	2021-05-24 09:27:18	alalek	2021-05-24 14:54:42	True
20144	mpashchenkov	2021-05-24 09:27:18	alalek	2021-05-24 14:55:30	True
20144	mpashchenkov	2021-05-24 09:27:18	TolyaTalamanov	2021-06-24 07:19:08	True
20144	mpashchenkov	2021-05-24 09:27:18	TolyaTalamanov	2021-05-26 10:12:46	True
20144	mpashchenkov	2021-05-24 09:27:18	alalek	2021-05-24 14:59:44	True
20144	mpashchenkov	2021-05-24 09:27:18	TolyaTalamanov	2021-06-23 14:36:58	True
20144	mpashchenkov	2021-05-24 09:27:18	TolyaTalamanov	2021-06-24 07:24:28	True
20144	mpashchenkov	2021-05-24 09:27:18	TolyaTalamanov	2021-06-24 07:18:56	True
20144	mpashchenkov	2021-05-24 09:27:18	TolyaTalamanov	2021-06-24 07:21:49	True
20144	mpashchenkov	2021-05-24 09:27:18	alalek	2021-05-24 14:58:59	True
20143	rogday	2021-05-24 08:24:02	alalek	2021-06-25 08:05:52	True
20143	rogday	2021-05-24 08:24:02	alalek	2021-06-25 07:58:30	True
20143	rogday	2021-05-24 08:24:02	alalek	2021-06-25 07:55:44	True
20143	rogday	2021-05-24 08:24:02	alalek	2021-06-25 08:02:53	True
20143	rogday	2021-05-24 08:24:02	alalek	2021-06-25 07:57:02	True
20143	rogday	2021-05-24 08:24:02	alalek	2021-06-25 07:53:59	True
20138		2021-05-21 19:36:55			
20137		2021-05-21 12:55:03			
20135		2021-05-21 07:40:26			
20129	aDanPin	2021-05-20 15:50:56	mpashchenkov	2021-05-26 12:28:06	True
20129	aDanPin	2021-05-20 15:50:56	mpashchenkov	2021-05-28 13:07:25	True
20129	aDanPin	2021-05-20 15:50:56	mpashchenkov	2021-05-28 12:58:41	True
20129	aDanPin	2021-05-20 15:50:56	mpashchenkov	2021-05-28 13:00:06	True
20129	aDanPin	2021-05-20 15:50:56	mpashchenkov	2021-05-28 13:05:27	True
20129	aDanPin	2021-05-20 15:50:56	mpashchenkov	2021-05-28 13:23:21	True
20129	aDanPin	2021-05-20 15:50:56	mpashchenkov	2021-05-28 13:11:15	True
20129	aDanPin	2021-05-20 15:50:56	mpashchenkov	2021-05-28 13:14:36	True
20129	aDanPin	2021-05-20 15:50:56	mpashchenkov	2021-05-28 13:17:19	True
20129	aDanPin	2021-05-20 15:50:56	mpashchenkov	2021-05-26 12:23:49	True
20129	aDanPin	2021-05-20 15:50:56	mpashchenkov	2021-05-26 12:20:45	True
20129	aDanPin	2021-05-20 15:50:56	mpashchenkov	2021-05-26 12:29:33	True
20129	aDanPin	2021-05-20 15:50:56	mpashchenkov	2021-05-26 12:26:16	True
20129	aDanPin	2021-05-20 15:50:56	mpashchenkov	2021-05-26 12:32:31	True
20129	aDanPin	2021-05-20 15:50:56	mpashchenkov	2021-05-26 12:34:44	True
20129	aDanPin	2021-05-20 15:50:56	mpashchenkov	2021-05-26 12:38:55	True
20129	aDanPin	2021-05-20 15:50:56	mpashchenkov	2021-05-26 12:31:35	True
20129	aDanPin	2021-05-20 15:50:56	mpashchenkov	2021-05-26 12:31:22	True
20128	kikaxa	2021-05-20 13:07:43	alalek	2021-05-22 17:54:09	True
20128	kikaxa	2021-05-20 13:07:43	alalek	2021-05-26 08:44:31	True
20123		2021-05-19 12:55:11			
20119	TolyaTalamanov	2021-05-19 06:52:17	dmatveev	2021-05-20 21:19:22	True
20119	TolyaTalamanov	2021-05-19 06:52:17	dmatveev	2021-05-20 21:15:01	True
20119	TolyaTalamanov	2021-05-19 06:52:17	dmatveev	2021-05-20 21:22:25	True
20119	TolyaTalamanov	2021-05-19 06:52:17	dmatveev	2021-05-20 21:19:54	True
20119	TolyaTalamanov	2021-05-19 06:52:17	dmatveev	2021-05-20 21:18:15	True
20119	TolyaTalamanov	2021-05-19 06:52:17	dmatveev	2021-05-20 21:18:51	True
20119	TolyaTalamanov	2021-05-19 06:52:17	dmatveev	2021-05-24 11:04:25	True
20119	TolyaTalamanov	2021-05-19 06:52:17	dmatveev	2021-05-19 07:22:19	True
20119	TolyaTalamanov	2021-05-19 06:52:17	dmatveev	2021-05-19 07:22:04	True
20119	TolyaTalamanov	2021-05-19 06:52:17	dmatveev	2021-05-20 21:17:29	True
20119	TolyaTalamanov	2021-05-19 06:52:17	dmatveev	2021-05-19 07:23:01	True
20119	TolyaTalamanov	2021-05-19 06:52:17	alalek	2021-05-19 07:13:17	True
20119	TolyaTalamanov	2021-05-19 06:52:17	dmatveev	2021-05-24 11:04:47	True
20119	TolyaTalamanov	2021-05-19 06:52:17	dmatveev	2021-05-19 07:24:33	True
20119	TolyaTalamanov	2021-05-19 06:52:17	dmatveev	2021-05-24 11:06:34	True
20119	TolyaTalamanov	2021-05-19 06:52:17	dmatveev	2021-05-19 07:23:35	True
20116		2021-05-18 21:59:18			
20112	mpashchenkov	2021-05-18 07:38:47	dmatveev	2021-05-20 09:12:35	True
20112	mpashchenkov	2021-05-18 07:38:47	dmatveev	2021-05-20 07:50:41	True
20112	mpashchenkov	2021-05-18 07:38:47	dmatveev	2021-05-20 07:45:16	True
20112	mpashchenkov	2021-05-18 07:38:47	dmatveev	2021-05-20 09:11:48	True
20112	mpashchenkov	2021-05-18 07:38:47	dmatveev	2021-05-20 09:15:19	True
20112	mpashchenkov	2021-05-18 07:38:47	dmatveev	2021-05-20 09:13:11	True
20112	mpashchenkov	2021-05-18 07:38:47	dmatveev	2021-05-20 09:14:26	True
20112	mpashchenkov	2021-05-18 07:38:47	dmatveev	2021-05-20 07:49:28	True
20112	mpashchenkov	2021-05-18 07:38:47	dmatveev	2021-05-20 07:51:32	True
20112	mpashchenkov	2021-05-18 07:38:47	TolyaTalamanov	2021-05-26 12:03:02	True
20112	mpashchenkov	2021-05-18 07:38:47	dmatveev	2021-05-20 07:50:16	True
20112	mpashchenkov	2021-05-18 07:38:47	dmatveev	2021-05-20 09:15:48	True
20112	mpashchenkov	2021-05-18 07:38:47	dmatveev	2021-05-20 07:48:27	True
20112	mpashchenkov	2021-05-18 07:38:47	dmatveev	2021-05-20 07:47:01	True
20112	mpashchenkov	2021-05-18 07:38:47	dmatveev	2021-05-20 07:45:06	True
20112	mpashchenkov	2021-05-18 07:38:47	dmatveev	2021-05-20 07:50:10	True
20112	mpashchenkov	2021-05-18 07:38:47	dmatveev	2021-05-20 07:44:04	True
20112	mpashchenkov	2021-05-18 07:38:47	dmatveev	2021-05-20 07:43:27	True
20112	mpashchenkov	2021-05-18 07:38:47	dmatveev	2021-05-20 07:43:06	True
20112	mpashchenkov	2021-05-18 07:38:47	dmatveev	2021-05-20 07:46:47	True
20112	mpashchenkov	2021-05-18 07:38:47	dmatveev	2021-05-20 07:46:42	True
20112	mpashchenkov	2021-05-18 07:38:47	dmatveev	2021-05-20 07:48:00	True
20107	sivanov-work	2021-05-17 14:48:18	dmatveev	2021-05-19 17:49:36	True
20107	sivanov-work	2021-05-17 14:48:18	andrey-golubev	2021-05-20 14:26:05	True
20107	sivanov-work	2021-05-17 14:48:18	andrey-golubev	2021-05-20 12:25:28	True
20107	sivanov-work	2021-05-17 14:48:18	andrey-golubev	2021-05-20 12:12:18	True
20107	sivanov-work	2021-05-17 14:48:18	dmatveev	2021-05-19 17:51:13	True
20107	sivanov-work	2021-05-17 14:48:18	dmatveev	2021-05-19 17:50:36	True
20107	sivanov-work	2021-05-17 14:48:18	dmatveev	2021-05-19 17:48:35	True
20107	sivanov-work	2021-05-17 14:48:18	dmatveev	2021-05-19 17:49:16	True
20107	sivanov-work	2021-05-17 14:48:18	aDanPin	2021-05-18 11:40:56	True
20107	sivanov-work	2021-05-17 14:48:18	aDanPin	2021-05-18 11:33:08	True
20107	sivanov-work	2021-05-17 14:48:18	andrey-golubev	2021-05-19 18:02:31	True
20106	TolyaTalamanov	2021-05-17 11:04:23	dmatveev	2021-05-17 12:16:46	True
20103		2021-05-17 08:10:20			
20102	yo1990	2021-05-17 07:02:07	vpisarev	2021-05-25 05:58:45	True
20102	yo1990	2021-05-17 07:02:07	vpisarev	2021-05-25 06:00:24	True
20102	yo1990	2021-05-17 07:02:07	vpisarev	2021-05-25 06:00:56	True
20102	yo1990	2021-05-17 07:02:07	vpisarev	2021-05-25 06:00:50	True
20102	yo1990	2021-05-17 07:02:07	vpisarev	2021-05-25 06:01:03	True
20102	yo1990	2021-05-17 07:02:07	vpisarev	2021-05-25 06:00:18	True
20102	yo1990	2021-05-17 07:02:07	vpisarev	2021-05-25 05:58:24	True
20102	yo1990	2021-05-17 07:02:07	vpisarev	2021-05-25 06:01:09	True
20097		2021-05-16 11:13:01			
20092		2021-05-15 05:43:24			
20088		2021-05-14 17:52:29			
20086	rogday	2021-05-14 16:22:28	alalek	2021-05-17 17:57:10	True
20086	rogday	2021-05-14 16:22:28	alalek	2021-05-14 17:08:58	True
20085		2021-05-14 15:25:38			
20082		2021-05-14 03:36:54			
20080	pauljurczak	2021-05-13 19:51:47	alalek	2021-05-14 06:12:47	True
20080	pauljurczak	2021-05-13 19:51:47	alalek	2021-06-02 11:33:55	True
20071		2021-05-12 17:06:30			
20069	vmskhan	2021-05-12 10:35:27	alalek	2021-05-12 11:28:30	True
20068		2021-05-12 06:03:28			
20065	dbudniko	2021-05-11 11:43:07	mpashchenkov	2021-05-17 12:58:56	True
20065	dbudniko	2021-05-11 11:43:07	dmatveev	2021-05-17 12:37:59	True
20065	dbudniko	2021-05-11 11:43:07	mpashchenkov	2021-05-14 12:01:40	True
20065	dbudniko	2021-05-11 11:43:07	mpashchenkov	2021-05-17 12:58:47	True
20065	dbudniko	2021-05-11 11:43:07	mpashchenkov	2021-05-12 12:16:44	True
20065	dbudniko	2021-05-11 11:43:07	mpashchenkov	2021-05-13 09:40:15	True
20065	dbudniko	2021-05-11 11:43:07	mpashchenkov	2021-05-12 12:43:33	True
20065	dbudniko	2021-05-11 11:43:07	mpashchenkov	2021-05-12 12:16:36	True
20065	dbudniko	2021-05-11 11:43:07	mpashchenkov	2021-05-12 12:25:59	True
20065	dbudniko	2021-05-11 11:43:07	mpashchenkov	2021-05-12 12:49:35	True
20065	dbudniko	2021-05-11 11:43:07	mpashchenkov	2021-05-12 12:48:32	True
20065	dbudniko	2021-05-11 11:43:07	mpashchenkov	2021-05-12 12:38:33	True
20065	dbudniko	2021-05-11 11:43:07	mpashchenkov	2021-05-12 12:35:04	True
20065	dbudniko	2021-05-11 11:43:07	mpashchenkov	2021-05-12 12:20:19	True
20065	dbudniko	2021-05-11 11:43:07	mpashchenkov	2021-05-12 12:31:46	True
20058	WeiChungChang	2021-05-10 08:27:27	asmorkalov	2021-10-04 12:08:20	True
20058	WeiChungChang	2021-05-10 08:27:27	diablodale	2021-05-15 20:01:54	True
20058	WeiChungChang	2021-05-10 08:27:27	alalek	2021-10-04 11:29:31	True
20058	WeiChungChang	2021-05-10 08:27:27	diablodale	2021-05-17 14:40:24	True
20058	WeiChungChang	2021-05-10 08:27:27	alalek	2021-05-11 09:52:07	True
20058	WeiChungChang	2021-05-10 08:27:27	alalek	2021-05-11 09:49:27	True
20058	WeiChungChang	2021-05-10 08:27:27	diablodale	2021-05-15 19:44:10	True
20058	WeiChungChang	2021-05-10 08:27:27	diablodale	2021-05-15 20:00:29	True
20058	WeiChungChang	2021-05-10 08:27:27	asmorkalov	2021-10-04 12:07:03	True
20054	danielenricocahall	2021-05-09 12:22:08	alalek	2021-05-19 15:00:06	True
20054	danielenricocahall	2021-05-09 12:22:08	alalek	2021-05-20 18:12:04	True
20054	danielenricocahall	2021-05-09 12:22:08	alalek	2021-05-28 14:05:21	True
20054	danielenricocahall	2021-05-09 12:22:08	alalek	2021-05-19 14:59:22	True
20053		2021-05-09 11:54:31			
20050	piomar123	2021-05-07 20:11:03	LaurentBerger	2021-05-08 07:43:55	True
20050	piomar123	2021-05-07 20:11:03	mshabunin	2021-05-07 21:01:51	True
20049		2021-05-07 19:59:08			
20045		2021-05-07 13:50:10			
20039	sivanov-work	2021-05-06 11:03:07	dmatveev	2021-05-20 20:04:19	True
20039	sivanov-work	2021-05-06 11:03:07	dmatveev	2021-05-20 20:27:18	True
20039	sivanov-work	2021-05-06 11:03:07	dmatveev	2021-05-20 20:35:55	True
20039	sivanov-work	2021-05-06 11:03:07	dmatveev	2021-05-20 20:31:11	True
20039	sivanov-work	2021-05-06 11:03:07	dmatveev	2021-05-20 20:28:41	True
20039	sivanov-work	2021-05-06 11:03:07	dmatveev	2021-05-20 20:32:15	True
20039	sivanov-work	2021-05-06 11:03:07	dmatveev	2021-05-20 20:19:05	True
20039	sivanov-work	2021-05-06 11:03:07	dmatveev	2021-05-20 20:00:13	True
20039	sivanov-work	2021-05-06 11:03:07	dmatveev	2021-05-20 20:01:33	True
20039	sivanov-work	2021-05-06 11:03:07	dmatveev	2021-05-20 09:30:51	True
20039	sivanov-work	2021-05-06 11:03:07	dmatveev	2021-05-20 20:20:20	True
20039	sivanov-work	2021-05-06 11:03:07	dmatveev	2021-05-20 20:16:31	True
20039	sivanov-work	2021-05-06 11:03:07	dmatveev	2021-05-20 20:17:32	True
20039	sivanov-work	2021-05-06 11:03:07	dmatveev	2021-05-20 20:17:53	True
20039	sivanov-work	2021-05-06 11:03:07	dmatveev	2021-05-20 20:18:07	True
20039	sivanov-work	2021-05-06 11:03:07	dmatveev	2021-05-20 20:02:59	True
20039	sivanov-work	2021-05-06 11:03:07	dmatveev	2021-05-20 20:20:51	True
20039	sivanov-work	2021-05-06 11:03:07	dmatveev	2021-05-19 17:55:13	True
20039	sivanov-work	2021-05-06 11:03:07	dmatveev	2021-05-19 17:55:50	True
20039	sivanov-work	2021-05-06 11:03:07	dmatveev	2021-05-20 19:55:37	True
20038	danielenricocahall	2021-05-06 01:25:14	alalek	2021-05-11 17:03:35	True
20038	danielenricocahall	2021-05-06 01:25:14	alalek	2021-05-11 17:01:21	True
20038	danielenricocahall	2021-05-06 01:25:14	alalek	2021-05-11 17:00:00	True
20037		2021-05-05 15:14:08			
20036	APrigarina	2021-05-05 12:54:18	alalek	2021-05-31 09:00:37	True
20036	APrigarina	2021-05-05 12:54:18	alalek	2021-05-11 16:18:18	True
20036	APrigarina	2021-05-05 12:54:18	alalek	2021-05-11 16:16:56	True
20033		2021-05-05 08:46:06			
20027	diablodale	2021-05-03 14:40:06	alalek	2021-05-17 08:23:25	True
20027	diablodale	2021-05-03 14:40:06	alalek	2021-05-17 08:28:42	True
20027	diablodale	2021-05-03 14:40:06	alalek	2021-06-01 19:22:24	True
20027	diablodale	2021-05-03 14:40:06	alalek	2021-05-17 08:31:05	True
20027	diablodale	2021-05-03 14:40:06	alalek	2021-06-01 14:51:33	True
20026	ilya-lavrenov	2021-05-03 12:59:29	alalek	2021-05-05 04:26:58	True
20026	ilya-lavrenov	2021-05-03 12:59:29	mshabunin	2021-05-04 14:13:33	True
20019		2021-05-01 01:23:33			
