pr_number	author_user_login	pr_created_at	commit_user_login	commit_created_at	commit_status_total	commit_status_additions	commit_status_deletions	create_before_pr	is_review_commit
20782	YashasSamaga	2021-09-30 18:35:39	YashasSamaga	2021-10-04 07:08:45	317	282	35	False	True
20773	sivanov-work	2021-09-29 13:33:37	sivanov-work	2021-10-07 07:26:32	2	2	0	False	True
20773	sivanov-work	2021-09-29 13:33:37	sivanov-work	2021-09-29 13:25:31	1016	1003	13	True	True
20773	sivanov-work	2021-09-29 13:33:37	sivanov-work	2021-09-29 13:41:38	7	4	3	False	True
20773	sivanov-work	2021-09-29 13:33:37	sivanov-work	2021-10-12 08:32:33	324	157	167	False	True
20773	sivanov-work	2021-09-29 13:33:37	sivanov-work	2021-10-05 08:58:22	30	18	12	False	True
20772	shengyu7697	2021-09-29 13:09:52	shengyu7697	2021-09-29 13:02:40	12	6	6	True	True
20771	smirnov-alexey	2021-09-29 09:28:10	smirnov-alexey	2021-09-29 09:13:13	21	21	0	True	True
20764	sturkmen72	2021-09-28 18:27:46	sturkmen72	2021-09-28 18:23:26	2	1	1	True	True
20763	Cocoaxx	2021-09-28 13:51:33	Cocoaxx	2021-09-28 13:18:07	6	4	2	True	True
20762	fishmandev	2021-09-28 12:31:22	fishmandev	2021-09-28 12:29:47	2	1	1	True	True
20761	komakai	2021-09-28 12:06:36	komakai	2021-09-28 11:31:07	40	32	8	True	True
20755	DumDereDum	2021-09-27 08:47:25	DumDereDum	2021-10-20 14:02:36	56	37	19	False	True
20755	DumDereDum	2021-09-27 08:47:25	DumDereDum	2021-10-20 14:08:01	314	0	314	False	True
20755	DumDereDum	2021-09-27 08:47:25	DumDereDum	2021-10-12 08:51:50	311	300	11	False	True
20755	DumDereDum	2021-09-27 08:47:25	DumDereDum	2021-10-20 07:12:59	72	64	8	False	True
20755	DumDereDum	2021-09-27 08:47:25	DumDereDum	2021-10-20 06:12:57	106	31	75	False	True
20755	DumDereDum	2021-09-27 08:47:25	DumDereDum	2021-10-19 10:33:16	30	21	9	False	True
20755	DumDereDum	2021-09-27 08:47:25	DumDereDum	2021-10-20 14:42:58	225	216	9	False	True
20755	DumDereDum	2021-09-27 08:47:25	DumDereDum	2021-10-15 12:40:20	15	14	1	False	True
20755	DumDereDum	2021-09-27 08:47:25	DumDereDum	2021-09-30 06:47:34	67	38	29	False	True
20755	DumDereDum	2021-09-27 08:47:25	DumDereDum	2021-10-14 10:07:09	16	12	4	False	True
20755	DumDereDum	2021-09-27 08:47:25	DumDereDum	2021-10-13 12:18:43	44	29	15	False	True
20755	DumDereDum	2021-09-27 08:47:25	DumDereDum	2021-10-19 11:24:11	77	59	18	False	True
20755	DumDereDum	2021-09-27 08:47:25	DumDereDum	2021-10-19 10:08:28	110	75	35	False	True
20755	DumDereDum	2021-09-27 08:47:25	DumDereDum	2021-10-21 06:02:55	19	7	12	False	True
20755	DumDereDum	2021-09-27 08:47:25	DumDereDum	2021-10-15 12:38:55	5	2	3	False	True
20755	DumDereDum	2021-09-27 08:47:25	DumDereDum	2021-10-15 12:39:32	56	21	35	False	True
20755	DumDereDum	2021-09-27 08:47:25	DumDereDum	2021-10-04 15:12:50	28	13	15	False	True
20755	DumDereDum	2021-09-27 08:47:25	DumDereDum	2021-10-04 13:23:18	63	31	32	False	True
20755	DumDereDum	2021-09-27 08:47:25	DumDereDum	2021-10-07 08:28:16	40	28	12	False	True
20755	DumDereDum	2021-09-27 08:47:25	DumDereDum	2021-09-27 08:45:54	7740	5264	2476	True	True
20755	DumDereDum	2021-09-27 08:47:25	DumDereDum	2021-10-06 08:58:19	24	6	18	False	True
20755	DumDereDum	2021-09-27 08:47:25	DumDereDum	2021-10-05 08:52:55	81	41	40	False	True
20755	DumDereDum	2021-09-27 08:47:25	DumDereDum	2021-10-06 12:03:53	94	42	52	False	True
20755	DumDereDum	2021-09-27 08:47:25	DumDereDum	2021-10-13 09:40:25	11	11	0	False	True
20755	DumDereDum	2021-09-27 08:47:25	DumDereDum	2021-09-28 13:43:26	2942	65	2877	False	True
20755	DumDereDum	2021-09-27 08:47:25	DumDereDum	2021-10-01 07:59:52	36	6	30	False	True
20755	DumDereDum	2021-09-27 08:47:25	DumDereDum	2021-09-30 10:49:14	15	11	4	False	True
20755	DumDereDum	2021-09-27 08:47:25	DumDereDum	2021-09-29 11:36:05	246	29	217	False	True
20755	DumDereDum	2021-09-27 08:47:25	DumDereDum	2021-09-29 07:35:51	7	5	2	False	True
20755	DumDereDum	2021-09-27 08:47:25	DumDereDum	2021-09-28 20:05:51	25	22	3	False	True
20754	asmorkalov	2021-09-27 08:00:37	asmorkalov	2021-09-27 07:53:23	8	4	4	True	True
20748	sturkmen72	2021-09-25 07:20:09	sturkmen72	2021-09-25 06:31:44	24	12	12	True	True
20747	rgarnov	2021-09-24 11:32:54	rgarnov	2021-09-24 11:25:57	97	90	7	True	True
20746	easonycwang	2021-09-24 09:58:09	easonycwang	2021-09-24 09:44:58	92	52	40	True	True
20743	keroiber	2021-09-24 07:31:55	keroiber	2021-09-24 06:49:08	24	19	5	True	True
20743	keroiber	2021-09-24 07:31:55	alalek	2021-10-02 23:50:24	64	50	14	False	True
20742	UnaNancyOwen	2021-09-24 06:44:11	UnaNancyOwen	2021-09-24 06:35:42	4	2	2	True	True
20740	Nicholas-Ho-arm	2021-09-23 12:49:32	Nicholas-Ho-arm	2021-09-22 08:32:14	81	79	2	True	True
20740	Nicholas-Ho-arm	2021-09-23 12:49:32	Nicholas-Ho-arm	2021-09-23 13:57:56	2	1	1	False	True
20739	sivanov-work	2021-09-23 11:49:22	sivanov-work	2021-09-24 09:08:41	11	11	0	False	True
20739	sivanov-work	2021-09-23 11:49:22	sivanov-work	2021-09-24 07:51:01	56	30	26	False	True
20739	sivanov-work	2021-09-23 11:49:22	sivanov-work	2021-09-21 09:46:37	992	977	15	True	True
20738	sivanov-work	2021-09-23 11:02:26	sivanov-work	2021-10-08 14:56:41	1	1	0	False	True
20738	sivanov-work	2021-09-23 11:02:26	sivanov-work	2021-10-19 08:26:44	4	2	2	False	True
20738	sivanov-work	2021-09-23 11:02:26	sivanov-work	2021-10-19 10:26:27	1	0	1	False	True
20738	sivanov-work	2021-09-23 11:02:26	sivanov-work	2021-10-19 07:16:25	2	1	1	False	True
20738	sivanov-work	2021-09-23 11:02:26	sivanov-work	2021-10-19 06:34:38	4	2	2	False	True
20738	sivanov-work	2021-09-23 11:02:26	sivanov-work	2021-10-19 12:49:50	3	0	3	False	True
20738	sivanov-work	2021-09-23 11:02:26	sivanov-work	2021-10-19 06:46:07	1	1	0	False	True
20738	sivanov-work	2021-09-23 11:02:26	sivanov-work	2021-10-19 09:33:57	1	0	1	False	True
20738	sivanov-work	2021-09-23 11:02:26	sivanov-work	2021-10-08 06:57:30	28	11	17	False	True
20738	sivanov-work	2021-09-23 11:02:26	sivanov-work	2021-09-23 12:53:12	3	2	1	False	True
20738	sivanov-work	2021-09-23 11:02:26	sivanov-work	2021-10-19 07:43:35	3	3	0	False	True
20738	sivanov-work	2021-09-23 11:02:26	sivanov-work	2021-09-23 09:53:59	731	731	0	True	True
20738	sivanov-work	2021-09-23 11:02:26	sivanov-work	2021-10-08 06:17:48	17	13	4	False	True
20738	sivanov-work	2021-09-23 11:02:26	sivanov-work	2021-10-07 08:34:47	660	467	193	False	True
20738	sivanov-work	2021-09-23 11:02:26	sivanov-work	2021-10-08 14:34:23	1	1	0	False	True
20735	AleksandrPanov	2021-09-22 18:35:12	AleksandrPanov	2021-09-23 21:07:37	26	22	4	False	True
20735	AleksandrPanov	2021-09-22 18:35:12	AleksandrPanov	2021-09-27 22:02:34	18	14	4	False	True
20735	AleksandrPanov	2021-09-22 18:35:12	AleksandrPanov	2021-09-22 18:01:31	27	24	3	True	True
20735	AleksandrPanov	2021-09-22 18:35:12	AleksandrPanov	2021-09-24 16:23:31	8	8	0	False	True
20735	AleksandrPanov	2021-09-22 18:35:12	AleksandrPanov	2021-09-23 17:17:44	40	37	3	False	True
20733	rogday	2021-09-22 15:34:56	rogday	2021-11-18 16:56:31	394	392	2	False	True
20733	rogday	2021-09-22 15:34:56	rogday	2021-11-23 18:49:29	148	67	81	False	True
20733	rogday	2021-09-22 15:34:56	rogday	2021-11-26 12:34:22	10	5	5	False	True
20731	komakai	2021-09-22 11:55:38	komakai	2021-10-05 11:16:06	92	90	2	False	True
20729	MikaelUrankar	2021-09-21 17:49:46	MikaelUrankar	2021-09-21 17:46:33	4	2	2	True	True
20727	sivanov-work	2021-09-21 07:23:27	sivanov-work	2021-09-21 09:48:30	3	3	0	False	True
20727	sivanov-work	2021-09-21 07:23:27	sivanov-work	2021-09-23 09:02:54	40	19	21	False	True
20727	sivanov-work	2021-09-21 07:23:27	sivanov-work	2021-09-22 08:07:25	100	47	53	False	True
20727	sivanov-work	2021-09-21 07:23:27	sivanov-work	2021-09-21 07:20:10	747	746	1	True	True
20725	mologie	2021-09-20 16:58:09	mologie	2021-09-20 16:19:49	33	26	7	True	True
20725	mologie	2021-09-20 16:58:09	alalek	2021-09-27 13:18:32	49	34	15	False	True
20725	mologie	2021-09-20 16:58:09	alalek	2021-10-05 20:55:00	3	1	2	False	True
20721	YanivHollander	2021-09-20 01:49:44	YanivHollander	2021-09-20 01:23:07	2	1	1	True	True
20721	YanivHollander	2021-09-20 01:49:44	YanivHollander	2021-09-20 01:38:20	68	34	34	True	True
20716	komakai	2021-09-19 00:02:58	komakai	2021-09-20 13:44:13	117	78	39	False	True
20713	SamFC10	2021-09-17 12:34:43	SamFC10	2021-09-17 12:10:57	13	11	2	True	True
20712	Nicholas-Ho-arm	2021-09-17 10:59:40	Nicholas-Ho-arm	2021-09-20 13:48:27	74	27	47	False	True
20712	Nicholas-Ho-arm	2021-09-17 10:59:40	Nicholas-Ho-arm	2021-09-24 14:15:17	23	10	13	False	True
20712	Nicholas-Ho-arm	2021-09-17 10:59:40	Nicholas-Ho-arm	2021-09-17 10:38:00	86	84	2	True	True
20712	Nicholas-Ho-arm	2021-09-17 10:59:40	Nicholas-Ho-arm	2021-09-17 13:23:51	22	4	18	False	True
20710	hanliutong	2021-09-17 07:56:51	hanliutong	2021-09-17 06:40:13	11	11	0	True	True
20709	AsyaPronina	2021-09-16 22:36:52	Pashchenkov Maxim	2021-11-29 14:13:08	28	14	14	False	True
20709	AsyaPronina	2021-09-16 22:36:52	Pashchenkov Maxim	2021-11-30 13:02:21	3	2	1	False	True
20709	AsyaPronina	2021-09-16 22:36:52	Pashchenkov Maxim	2021-11-30 12:58:07	8	5	3	False	True
20709	AsyaPronina	2021-09-16 22:36:52	AsyaPronina	2021-12-06 09:20:22	10	8	2	False	True
20709	AsyaPronina	2021-09-16 22:36:52	Pashchenkov Maxim	2021-11-29 12:40:04	10	5	5	False	True
20709	AsyaPronina	2021-09-16 22:36:52	AsyaPronina	2021-09-16 20:32:53	2337	2333	4	True	True
20709	AsyaPronina	2021-09-16 22:36:52	AsyaPronina	2021-11-22 16:08:02	8	3	5	False	True
20709	AsyaPronina	2021-09-16 22:36:52	AsyaPronina	2021-11-22 12:38:45	6892	6408	484	False	True
20708	seanm	2021-09-16 20:54:18	seanm	2021-09-16 20:53:50	5	3	2	True	True
20705	TolyaTalamanov	2021-09-15 18:02:16	TolyaTalamanov	2021-09-13 20:26:12	8	6	2	True	True
20705	TolyaTalamanov	2021-09-15 18:02:16	TolyaTalamanov	2021-09-20 11:39:17	27	25	2	False	True
20705	TolyaTalamanov	2021-09-15 18:02:16	TolyaTalamanov	2021-09-21 08:52:47	217	217	0	False	True
20705	TolyaTalamanov	2021-09-15 18:02:16	TolyaTalamanov	2021-09-22 10:30:04	26	4	22	False	True
20702	zihaomu	2021-09-14 09:31:24	zihaomu	2021-09-27 08:54:32	9	9	0	False	True
20702	zihaomu	2021-09-14 09:31:24	zihaomu	2021-09-29 13:50:49	13	8	5	False	True
20702	zihaomu	2021-09-14 09:31:24	zihaomu	2021-09-29 12:15:53	4	2	2	False	True
20702	zihaomu	2021-09-14 09:31:24	zihaomu	2021-09-29 05:31:37	66	49	17	False	True
20702	zihaomu	2021-09-14 09:31:24	zihaomu	2021-09-27 09:06:11	2	1	1	False	True
20702	zihaomu	2021-09-14 09:31:24	zihaomu	2021-09-14 09:13:38	1	1	0	True	True
20702	zihaomu	2021-09-14 09:31:24	zihaomu	2021-09-14 08:52:05	82	82	0	True	True
20702	zihaomu	2021-09-14 09:31:24	zihaomu	2021-09-27 08:50:54	56	35	21	False	True
20695	YashasSamaga	2021-09-13 05:26:00	YashasSamaga	2021-09-13 15:14:33	11	8	3	False	True
20692	sturkmen72	2021-09-11 21:10:51	sturkmen72	2021-09-11 19:58:45	15	3	12	True	True
20689	diablodale	2021-09-10 19:32:27	diablodale	2021-09-10 15:59:56	59	30	29	True	True
20686	zihaomu	2021-09-10 10:32:00	zihaomu	2021-09-10 10:15:22	19	18	1	True	True
20682	rogday	2021-09-09 17:51:39	rogday	2021-09-13 07:21:55	6	3	3	False	True
20682	rogday	2021-09-09 17:51:39	rogday	2021-09-10 13:08:35	79	73	6	False	True
20682	rogday	2021-09-09 17:51:39	rogday	2021-09-10 15:04:11	2	1	1	False	True
20676	AleksandrPanov	2021-09-08 17:15:32	AleksandrPanov	2021-09-13 15:09:46	2	1	1	False	True
20676	AleksandrPanov	2021-09-08 17:15:32	AleksandrPanov	2021-09-09 09:19:19	22	2	20	False	True
20675	diablodale	2021-09-08 16:26:34	diablodale	2021-09-09 13:20:45	25	16	9	False	True
20674	rogday	2021-09-08 15:48:28	rogday	2021-09-08 16:05:28	7	6	1	False	True
20674	rogday	2021-09-08 15:48:28	rogday	2021-09-09 09:02:17	2	1	1	False	True
20673	ilya-lavrenov	2021-09-08 15:47:40	ilya-lavrenov	2021-09-08 15:54:45	15	14	1	False	True
20673	ilya-lavrenov	2021-09-08 15:47:40	alalek	2021-09-08 20:01:06	28	14	14	False	True
20671	rogday	2021-09-08 13:29:47	guoxu	2021-04-08 16:17:52	85	55	30	True	True
20671	rogday	2021-09-08 13:29:47	rogday	2021-09-09 08:54:54	15	11	4	False	True
20671	rogday	2021-09-08 13:29:47	rogday	2021-09-08 12:35:37	72	72	0	True	True
20671	rogday	2021-09-08 13:29:47	rogday	2021-09-08 12:09:53	85	55	30	True	True
20668	rozsnan	2021-09-07 12:52:25	rozsnan	2021-09-09 10:18:30	8	0	8	False	True
20668	rozsnan	2021-09-07 12:52:25	rozsnan	2021-09-08 17:09:17	10	6	4	False	True
20668	rozsnan	2021-09-07 12:52:25	rozsnan	2021-09-08 13:59:19	6	4	2	False	True
20668	rozsnan	2021-09-07 12:52:25	rozsnan	2021-09-07 12:49:54	10	9	1	True	True
20668	rozsnan	2021-09-07 12:52:25	rozsnan	2021-09-08 15:47:51	4	2	2	False	True
20668	rozsnan	2021-09-07 12:52:25	rozsnan	2021-09-09 08:35:59	20	11	9	False	True
20668	rozsnan	2021-09-07 12:52:25	rozsnan	2021-09-08 12:54:08	6	3	3	False	True
20668	rozsnan	2021-09-07 12:52:25	rozsnan	2021-09-08 16:23:40	4	2	2	False	True
20668	rozsnan	2021-09-07 12:52:25	rozsnan	2021-09-09 07:44:03	6	6	0	False	True
20668	rozsnan	2021-09-07 12:52:25	rozsnan	2021-09-09 09:20:22	6	4	2	False	True
20667	rgonzalezfluendo	2021-09-07 10:52:42	rgonzalezfluendo	2021-09-07 10:02:25	4	0	4	True	True
20664	anna-khakimova	2021-09-06 22:42:35	anna-khakimova	2021-09-13 09:44:34	274	266	8	False	True
20664	anna-khakimova	2021-09-06 22:42:35	anna-khakimova	2021-09-06 22:31:03	630	552	78	True	True
20664	anna-khakimova	2021-09-06 22:42:35	anna-khakimova	2021-10-10 21:09:27	64	30	34	False	True
20664	anna-khakimova	2021-09-06 22:42:35	anna-khakimova	2021-09-27 18:37:59	120	101	19	False	True
20664	anna-khakimova	2021-09-06 22:42:35	anna-khakimova	2021-09-17 16:27:18	110	61	49	False	True
20664	anna-khakimova	2021-09-06 22:42:35	anna-khakimova	2021-09-16 09:37:13	285	262	23	False	True
20664	anna-khakimova	2021-09-06 22:42:35	anna-khakimova	2021-09-29 12:36:48	282	94	188	False	True
20664	anna-khakimova	2021-09-06 22:42:35	anna-khakimova	2021-09-28 11:22:16	1432	676	756	False	True
20664	anna-khakimova	2021-09-06 22:42:35	anna-khakimova	2021-10-01 14:50:16	4	2	2	False	True
20664	anna-khakimova	2021-09-06 22:42:35	anna-khakimova	2021-10-04 13:48:22	336	211	125	False	True
20664	anna-khakimova	2021-09-06 22:42:35	anna-khakimova	2021-10-10 21:09:27	396	279	117	False	True
20664	anna-khakimova	2021-09-06 22:42:35	anna-khakimova	2021-09-23 08:54:25	342	124	218	False	True
20658	smbz	2021-09-06 13:20:33	smbz	2021-09-07 12:09:31	7	4	3	False	True
20658	smbz	2021-09-06 13:20:33	alalek	2021-11-29 15:04:42	35	26	9	False	True
20658	smbz	2021-09-06 13:20:33	smbz	2021-09-06 13:32:00	11	7	4	False	True
20658	smbz	2021-09-06 13:20:33	smbz	2021-10-06 15:39:57	10	8	2	False	True
20658	smbz	2021-09-06 13:20:33	smbz	2021-09-07 12:27:32	1	1	0	False	True
20658	smbz	2021-09-06 13:20:33	smbz	2021-09-06 13:24:51	4	2	2	False	True
20658	smbz	2021-09-06 13:20:33	smbz	2021-09-06 13:44:21	8	4	4	False	True
20658	smbz	2021-09-06 13:20:33	smbz	2021-09-07 11:12:08	14	10	4	False	True
20658	smbz	2021-09-06 13:20:33	smbz	2021-09-06 13:06:50	225	209	16	True	True
20658	smbz	2021-09-06 13:20:33	smbz	2021-09-07 12:25:44	33	16	17	False	True
20657	zchrissirhcz	2021-09-06 04:07:11	zchrissirhcz	2021-09-06 04:03:59	8	4	4	True	True
20648	alalek	2021-09-03 02:57:38	alalek	2021-09-03 02:38:53	12	8	4	True	True
20647	rogday	2021-09-02 18:33:06	rogday	2021-09-02 18:08:56	11	11	0	True	True
20647	rogday	2021-09-02 18:33:06	rogday	2021-09-03 11:31:26	9	5	4	False	True
20646	VadimLevin	2021-09-02 07:34:45	VadimLevin	2021-09-02 07:32:17	12	7	5	True	True
20642	alalek	2021-09-01 18:28:17	alalek	2021-08-30 18:09:51	118	77	41	True	True
20642	alalek	2021-09-01 18:28:17	alalek	2021-09-01 14:09:17	15	14	1	True	True
20642	alalek	2021-09-01 18:28:17	alalek	2021-08-31 14:42:20	38	6	32	True	True
20642	alalek	2021-09-01 18:28:17	alalek	2021-09-02 15:24:04	1067	633	434	False	True
20642	alalek	2021-09-01 18:28:17	alalek	2021-09-02 09:30:56	12	7	5	False	True
20642	alalek	2021-09-01 18:28:17	VadimLevin	2021-09-02 07:32:17	12	7	5	False	True
20642	alalek	2021-09-01 18:28:17	alalek	2021-09-01 10:52:37	699	432	267	True	True
20642	alalek	2021-09-01 18:28:17	alalek	2021-08-30 20:40:14	38	6	32	True	True
20642	alalek	2021-09-01 18:28:17	alalek	2021-08-30 13:39:44	2	2	0	True	True
20642	alalek	2021-09-01 18:28:17	diablodale	2021-08-27 23:12:44	118	77	41	True	True
20642	alalek	2021-09-01 18:28:17	VadimLevin	2021-08-27 12:01:09	699	432	267	True	True
20642	alalek	2021-09-01 18:28:17	wjj19950828	2021-09-01 10:10:05	7	6	1	True	True
20642	alalek	2021-09-01 18:28:17	rogday	2021-08-18 15:37:35	15	14	1	True	True
20642	alalek	2021-09-01 18:28:17	alalek	2021-08-30 11:46:14	2	2	0	True	True
20640	fpetrogalli	2021-09-01 09:22:15	fpetrogalli	2021-09-01 08:07:19	69	69	0	True	True
