pr_number	author_user_login	pr_created_at	commit_user_login	commit_created_at	commit_status_total	commit_status_additions	commit_status_deletions	create_before_pr	is_review_commit
1068	AoD314	2013-06-29 18:06:04	AoD314	2013-06-29 18:01:02	1736	1061	675	True	True
1068	AoD314	2013-06-29 18:06:04	AoD314	2013-06-29 17:59:25	33	31	2	True	True
1068	AoD314	2013-06-29 18:06:04	AoD314	2013-06-29 18:00:26	122	89	33	True	True
1050	pengx17	2013-06-26 02:52:11	pengx17	2013-06-26 02:50:51	25	9	16	True	True
1050	pengx17	2013-06-26 02:52:11	pengx17	2013-06-27 02:06:37	15	6	9	False	True
1040	asmorkalov	2013-06-24 10:23:07	asmorkalov	2013-05-29 08:14:01	2	1	1	True	True
1040	asmorkalov	2013-06-24 10:23:07	asmorkalov	2013-06-06 08:34:57	14209	14209	0	True	True
1040	asmorkalov	2013-06-24 10:23:07	asmorkalov	2013-06-10 18:48:53	236	146	90	True	True
1040	asmorkalov	2013-06-24 10:23:07	asmorkalov	2013-06-19 10:57:26	682	194	488	True	True
1040	asmorkalov	2013-06-24 10:23:07	asmorkalov	2013-06-14 22:01:09	639	147	492	True	True
1040	asmorkalov	2013-06-24 10:23:07	asmorkalov	2013-06-20 07:46:56	13	4	9	True	True
1040	asmorkalov	2013-06-24 10:23:07	asmorkalov	2013-06-24 08:10:18	5135	8	5127	True	True
1040	asmorkalov	2013-06-24 10:23:07	asmorkalov	2013-06-26 09:31:47	48	29	19	False	True
1040	asmorkalov	2013-06-24 10:23:07	asmorkalov	2013-05-22 16:50:54	103	48	55	True	True
1040	asmorkalov	2013-06-24 10:23:07	asmorkalov	2013-05-15 12:12:25	68	43	25	True	True
1040	asmorkalov	2013-06-24 10:23:07	asmorkalov	2013-05-24 13:34:42	26	22	4	True	True
1040	asmorkalov	2013-06-24 10:23:07	asmorkalov	2013-05-22 11:21:23	239	108	131	True	True
1040	asmorkalov	2013-06-24 10:23:07	asmorkalov	2013-05-22 14:26:43	31	20	11	True	True
1040	asmorkalov	2013-06-24 10:23:07	asmorkalov	2013-04-16 13:25:10	151	144	7	True	True
1040	asmorkalov	2013-06-24 10:23:07	asmorkalov	2013-05-06 10:36:51	374	367	7	True	True
1040	asmorkalov	2013-06-24 10:23:07	asmorkalov	2013-05-06 14:17:53	87	67	20	True	True
1040	asmorkalov	2013-06-24 10:23:07	asmorkalov	2013-04-09 01:13:49	47	36	11	True	True
1040	asmorkalov	2013-06-24 10:23:07	asmorkalov	2013-06-27 06:56:50	257	29	228	False	True
1040	asmorkalov	2013-06-24 10:23:07	asmorkalov	2013-06-24 09:32:57	1722	221	1501	True	True
1040	asmorkalov	2013-06-24 10:23:07	asmorkalov	2013-05-15 13:09:03	191	86	105	True	True
1040	asmorkalov	2013-06-24 10:23:07	asmorkalov	2013-05-18 20:04:31	222	112	110	True	True
1040	asmorkalov	2013-06-24 10:23:07	asmorkalov	2013-05-14 12:17:34	546	521	25	True	True
1039	philippefoubert	2013-06-23 17:09:35	philippefoubert	2013-07-02 21:06:41	9	8	1	False	True
1039	philippefoubert	2013-06-23 17:09:35	philippefoubert	2013-08-24 12:29:56	18	9	9	False	True
1039	philippefoubert	2013-06-23 17:09:35	philippefoubert	2013-10-21 22:57:44	4	2	2	False	True
1039	philippefoubert	2013-06-23 17:09:35	philippefoubert	2013-08-24 12:34:18	5	1	4	False	True
1039	philippefoubert	2013-06-23 17:09:35	philippefoubert	2013-06-23 16:57:44	103	58	45	True	True
1039	philippefoubert	2013-06-23 17:09:35	philippefoubert	2013-07-20 13:14:06	2	1	1	False	True
1039	philippefoubert	2013-06-23 17:09:35	philippefoubert	2013-06-23 17:00:46	12	4	8	True	True
1038	philippefoubert	2013-06-23 13:06:53	philippefoubert	2013-06-23 13:01:16	9	8	1	True	True
1021	alekcac	2013-06-18 20:23:13	alekcac	2013-06-24 10:52:17	2	1	1	False	True
1021	alekcac	2013-06-18 20:23:13	alekcac	2013-06-18 20:20:21	53	20	33	True	True
1014	vinograd47	2013-06-17 06:34:27	vinograd47	2013-05-08 12:25:03	480	274	206	True	True
1014	vinograd47	2013-06-17 06:34:27	vinograd47	2013-05-08 13:07:29	400	133	267	True	True
1014	vinograd47	2013-06-17 06:34:27	vinograd47	2013-05-08 12:51:43	45	25	20	True	True
1014	vinograd47	2013-06-17 06:34:27	vinograd47	2013-05-08 12:48:10	200	128	72	True	True
1014	vinograd47	2013-06-17 06:34:27	vinograd47	2013-05-08 10:27:56	251	137	114	True	True
1014	vinograd47	2013-06-17 06:34:27	vinograd47	2013-05-08 11:40:38	549	294	255	True	True
1013	onauparc	2013-06-14 18:07:09	onauparc	2013-06-18 17:33:13	30	14	16	False	True
1013	onauparc	2013-06-14 18:07:09	onauparc	2013-06-25 18:24:43	193	122	71	False	True
1013	onauparc	2013-06-14 18:07:09	onauparc	2013-06-14 18:05:05	654	654	0	True	True
1013	onauparc	2013-06-14 18:07:09	onauparc	2013-06-25 19:05:06	41	23	18	False	True
1011	wecacuee	2013-06-14 15:48:24	wecacuee	2013-06-14 15:38:29	40	39	1	True	True
1011	wecacuee	2013-06-14 15:48:24	wecacuee	2013-06-26 16:16:25	5	4	1	False	True
1007	alekcac	2013-06-14 11:11:49	alekcac	2013-06-18 02:59:52	6	3	3	False	True
1007	alekcac	2013-06-14 11:11:49	alekcac	2013-06-18 03:02:09	2	2	0	False	True
1007	alekcac	2013-06-14 11:11:49	alekcac	2013-06-14 11:10:25	152	138	14	True	True
1006	asmorkalov	2013-06-14 09:14:28	asmorkalov	2013-06-14 09:12:50	181	171	10	True	True
1002	asmorkalov	2013-06-14 07:58:54	asmorkalov	2013-06-14 07:53:54	71	67	4	True	True
984	albenoit	2013-06-12 20:55:00	albenoit	2013-06-12 20:43:36	144	97	47	True	True
984	albenoit	2013-06-12 20:55:00	albenoit	2013-07-15 07:58:16	10	5	5	False	True
984	albenoit	2013-06-12 20:55:00	albenoit	2013-07-14 17:28:37	358	229	129	False	True
984	albenoit	2013-06-12 20:55:00	albenoit	2013-06-13 04:55:35	530	19	511	False	True
984	albenoit	2013-06-12 20:55:00	albenoit	2013-06-13 05:36:37	5	0	5	False	True
984	albenoit	2013-06-12 20:55:00	albenoit	2013-06-12 20:40:43	1743	1667	76	True	True
