pr_number	author_user_login	pr_created_at	commit_user_login	commit_created_at	commit_status_total	commit_status_additions	commit_status_deletions	create_before_pr	is_review_commit
2251	ilya-lavrenov	2014-01-31 20:14:00	ilya-lavrenov	2014-01-31 20:05:05	198	132	66	True	True
2244	ilya-lavrenov	2014-01-31 10:02:06	ilya-lavrenov	2014-01-31 10:00:05	38	29	9	True	True
2238	asmorkalov	2014-01-31 06:51:38	asmorkalov	2014-01-31 06:47:01	3	2	1	True	True
2234	KonstantinMatskevich	2014-01-30 12:28:29	KonstantinMatskevich	2014-01-30 12:25:41	1392	1381	11	True	True
2234	KonstantinMatskevich	2014-01-30 12:28:29	KonstantinMatskevich	2014-01-30 12:26:54	118	113	5	True	True
2234	KonstantinMatskevich	2014-01-30 12:28:29	KonstantinMatskevich	2014-01-31 04:46:27	123	69	54	False	True
2234	KonstantinMatskevich	2014-01-30 12:28:29	KonstantinMatskevich	2014-01-31 15:33:02	107	61	46	False	True
2233	palindromoroz	2014-01-30 09:45:46	unknown	2014-01-30 09:47:12	834	829	5	False	True
2233	palindromoroz	2014-01-30 09:45:46	U-WBI\nlv20442	2014-01-30 09:51:12	0	0	0	False	True
2233	palindromoroz	2014-01-30 09:45:46	U-WBI\nlv20442	2014-01-30 13:50:35	25	14	11	False	True
2233	palindromoroz	2014-01-30 09:45:46	unknown	2014-03-28 13:23:10	11	6	5	False	True
2226	ilya-lavrenov	2014-01-29 16:19:56	ilya-lavrenov	2014-01-29 16:34:37	42	41	1	False	True
2226	ilya-lavrenov	2014-01-29 16:19:56	ilya-lavrenov	2014-01-29 16:19:15	187	146	41	True	True
2226	ilya-lavrenov	2014-01-29 16:19:56	ilya-lavrenov	2014-01-29 19:00:33	6	5	1	False	True
2223	cosminBoaca	2014-01-29 12:00:19	cosminBoaca	2014-01-30 11:32:32	18	10	8	False	True
2223	cosminBoaca	2014-01-29 12:00:19	cosminBoaca	2014-01-30 14:43:56	6	3	3	False	True
2223	cosminBoaca	2014-01-29 12:00:19	cosminBoaca	2014-01-30 14:38:15	818	751	67	False	True
2223	cosminBoaca	2014-01-29 12:00:19	cosminBoaca	2014-01-29 11:57:51	60	47	13	True	True
2223	cosminBoaca	2014-01-29 12:00:19	cosminBoaca	2014-01-30 14:41:38	14	7	7	False	True
2223	cosminBoaca	2014-01-29 12:00:19	cosminBoaca	2014-01-30 11:37:53	20	10	10	False	True
2221	asmorkalov	2014-01-29 08:03:02	asmorkalov	2014-01-29 08:01:06	41	37	4	True	True
2218	alalek	2014-01-28 16:26:36	alalek	2014-01-28 16:22:56	15	8	7	True	True
2218	alalek	2014-01-28 16:26:36	alalek	2014-01-29 13:37:52	23	23	0	False	True
2218	alalek	2014-01-28 16:26:36	alalek	2014-01-29 14:58:27	3	3	0	False	True
2216	ElenaGvozdeva	2014-01-28 11:54:30	ElenaGvozdeva	2014-01-27 13:32:51	654	641	13	True	True
2216	ElenaGvozdeva	2014-01-28 11:54:30	ElenaGvozdeva	2014-01-28 12:22:42	10	4	6	False	True
2216	ElenaGvozdeva	2014-01-28 11:54:30	ElenaGvozdeva	2014-01-29 07:05:05	10	5	5	False	True
2216	ElenaGvozdeva	2014-01-28 11:54:30	ElenaGvozdeva	2014-01-29 10:10:36	87	60	27	False	True
2216	ElenaGvozdeva	2014-01-28 11:54:30	ElenaGvozdeva	2014-01-31 06:46:29	31	22	9	False	True
2215	asmorkalov	2014-01-28 10:22:49	asmorkalov	2014-01-28 10:05:26	21	12	9	True	True
2210	cosminBoaca	2014-01-27 11:19:48	cosminBoaca	2014-01-27 12:23:29	20	16	4	False	True
2210	cosminBoaca	2014-01-27 11:19:48	cosminBoaca	2014-01-27 11:17:04	12	7	5	True	True
2210	cosminBoaca	2014-01-27 11:19:48	cosminBoaca	2014-01-27 11:53:27	2	1	1	False	True
2209	asmorkalov	2014-01-27 10:51:30	asmorkalov	2014-01-27 13:57:11	78	22	56	False	True
2209	asmorkalov	2014-01-27 10:51:30	asmorkalov	2014-01-27 10:20:30	101	82	19	True	True
2205	vinograd47	2014-01-27 08:27:32	vinograd47	2014-01-28 06:28:00	5	4	1	False	True
2202	ilya-lavrenov	2014-01-24 15:40:56	ilya-lavrenov	2014-01-24 15:39:05	242	128	114	True	True
2202	ilya-lavrenov	2014-01-24 15:40:56	ilya-lavrenov	2014-01-25 10:44:28	22	11	11	False	True
2197	asmorkalov	2014-01-24 08:01:21	asmorkalov	2014-01-23 16:57:30	35	26	9	True	True
2196	KonstantinMatskevich	2014-01-23 14:00:12	KonstantinMatskevich	2014-01-23 13:54:53	25	25	0	True	True
2196	KonstantinMatskevich	2014-01-23 14:00:12	ilya-lavrenov	2014-02-02 11:31:14	19	19	0	False	True
2196	KonstantinMatskevich	2014-01-23 14:00:12	KonstantinMatskevich	2014-01-23 13:54:53	1	0	1	True	True
2195	alalek	2014-01-23 11:58:16	alalek	2014-01-23 11:48:36	38	22	16	True	True
2195	alalek	2014-01-23 11:58:16	alalek	2014-01-29 15:39:04	48	47	1	False	True
2195	alalek	2014-01-23 11:58:16	alalek	2014-01-23 11:28:28	229	189	40	True	True
2192	alalek	2014-01-22 13:15:46	alalek	2014-01-16 14:30:39	493	479	14	True	True
2191	ilya-lavrenov	2014-01-22 11:53:35	ilya-lavrenov	2014-01-22 11:51:28	96	69	27	True	True
2191	ilya-lavrenov	2014-01-22 11:53:35	ilya-lavrenov	2014-01-24 17:03:31	239	155	84	False	True
2190	KonstantinMatskevich	2014-01-22 11:06:25	KonstantinMatskevich	2014-01-22 06:08:42	164	148	16	True	True
2190	KonstantinMatskevich	2014-01-22 11:06:25	KonstantinMatskevich	2014-01-24 10:01:31	42	21	21	False	True
2190	KonstantinMatskevich	2014-01-22 11:06:25	KonstantinMatskevich	2014-01-24 12:35:51	2	1	1	False	True
2182	KonstantinMatskevich	2014-01-21 10:48:18	KonstantinMatskevich	2014-01-20 06:25:05	1575	1574	1	True	True
2182	KonstantinMatskevich	2014-01-21 10:48:18	KonstantinMatskevich	2014-01-24 09:37:19	157	33	124	False	True
2179	adishavit	2014-01-20 19:47:04	adishavit	2014-01-20 20:09:52	3	3	0	False	True
2179	adishavit	2014-01-20 19:47:04	adishavit	2014-07-03 19:45:11	6	3	3	False	True
2179	adishavit	2014-01-20 19:47:04	adishavit	2014-01-27 08:14:49	106	53	53	False	True
2179	adishavit	2014-01-20 19:47:04	adishavit	2014-01-20 19:44:27	84	84	0	True	True
2177	ilya-lavrenov	2014-01-20 13:53:29	ilya-lavrenov	2014-01-20 13:52:32	7	4	3	True	True
2175	vrabaud	2014-01-20 09:26:23	vrabaud	2014-01-20 09:23:46	37	29	8	True	True
2175	vrabaud	2014-01-20 09:26:23	vrabaud	2014-01-22 14:26:14	6	2	4	False	True
2175	vrabaud	2014-01-20 09:26:23	vrabaud	2014-01-21 09:01:52	40	18	22	False	True
2171	djetter99	2014-01-19 00:07:28	djetter99	2014-01-18 23:39:50	15	11	4	True	True
2169	asmorkalov	2014-01-18 19:51:15	asmorkalov	2014-01-17 12:30:31	214	126	88	True	True
2163	ilya-lavrenov	2014-01-17 19:36:06	ilya-lavrenov	2014-01-17 19:31:03	174	168	6	True	True
2162	alalek	2014-01-17 16:10:36	alalek	2014-01-17 16:07:44	8	6	2	True	True
2160	SpecLad	2014-01-17 10:53:56	Roman Donchenko	2014-01-17 10:49:42	2	1	1	True	True
2160	SpecLad	2014-01-17 10:53:56	Roman Donchenko	2014-01-17 14:25:28	4	0	4	False	True
2159	SpecLad	2014-01-17 10:29:55	Roman Donchenko	2014-01-17 10:16:22	5	1	4	True	True
2159	SpecLad	2014-01-17 10:29:55	Roman Donchenko	2014-01-17 10:18:31	21	21	0	True	True
2159	SpecLad	2014-01-17 10:29:55	Roman Donchenko	2014-01-17 10:13:21	1	1	0	True	True
2159	SpecLad	2014-01-17 10:29:55	Roman Donchenko	2014-01-17 09:02:35	5	0	5	True	True
2155	vbystricky	2014-01-16 08:01:36	vbystricky	2014-01-16 11:44:35	82	40	42	False	True
2155	vbystricky	2014-01-16 08:01:36	vbystricky	2014-01-20 08:39:04	110	110	0	False	True
2155	vbystricky	2014-01-16 08:01:36	vbystricky	2014-01-20 12:21:08	30	30	0	False	True
2155	vbystricky	2014-01-16 08:01:36	vbystricky	2014-01-20 10:50:47	4	2	2	False	True
2155	vbystricky	2014-01-16 08:01:36	vbystricky	2014-01-23 08:17:25	39	26	13	False	True
2155	vbystricky	2014-01-16 08:01:36	vbystricky	2014-01-16 12:24:10	4	2	2	False	True
2155	vbystricky	2014-01-16 08:01:36	vbystricky	2014-01-16 07:57:57	1123	1123	0	True	True
2155	vbystricky	2014-01-16 08:01:36	vbystricky	2014-01-16 12:24:10	32	16	16	False	True
2155	vbystricky	2014-01-16 08:01:36	vbystricky	2014-01-23 13:35:44	13	0	13	False	True
2155	vbystricky	2014-01-16 08:01:36	vbystricky	2014-01-20 13:22:39	2	1	1	False	True
2155	vbystricky	2014-01-16 08:01:36	vbystricky	2014-01-16 09:35:10	26	23	3	False	True
2153	scottbreyfogle	2014-01-15 21:25:32	scottbreyfogle	2014-01-31 22:26:45	2	1	1	False	True
2153	scottbreyfogle	2014-01-15 21:25:32	scottbreyfogle	2014-01-11 00:42:25	47	31	16	True	True
2152	ilya-lavrenov	2014-01-15 15:43:46	ilya-lavrenov	2014-01-14 10:10:24	874	852	22	True	True
2151	KonstantinMatskevich	2014-01-15 11:11:00	KonstantinMatskevich	2014-01-15 11:08:09	18	9	9	True	True
2151	KonstantinMatskevich	2014-01-15 11:11:00	KonstantinMatskevich	2014-01-16 12:18:02	34	17	17	False	True
2149	ElenaGvozdeva	2014-01-14 10:51:12	ElenaGvozdeva	2014-01-17 14:37:57	2	1	1	False	True
2149	ElenaGvozdeva	2014-01-14 10:51:12	ElenaGvozdeva	2014-01-17 12:26:11	2	2	0	False	True
2149	ElenaGvozdeva	2014-01-14 10:51:12	ElenaGvozdeva	2014-01-23 11:31:32	2	1	1	False	True
2149	ElenaGvozdeva	2014-01-14 10:51:12	ElenaGvozdeva	2014-01-22 09:34:40	11	7	4	False	True
2149	ElenaGvozdeva	2014-01-14 10:51:12	ElenaGvozdeva	2014-01-21 12:57:01	6	3	3	False	True
2149	ElenaGvozdeva	2014-01-14 10:51:12	ElenaGvozdeva	2014-01-20 11:48:16	57	55	2	False	True
2149	ElenaGvozdeva	2014-01-14 10:51:12	ElenaGvozdeva	2014-01-14 12:31:04	143	48	95	False	True
2149	ElenaGvozdeva	2014-01-14 10:51:12	ElenaGvozdeva	2014-01-17 11:01:22	203	87	116	False	True
2149	ElenaGvozdeva	2014-01-14 10:51:12	ElenaGvozdeva	2014-01-16 10:26:48	136	78	58	False	True
2149	ElenaGvozdeva	2014-01-14 10:51:12	ElenaGvozdeva	2014-01-14 13:34:05	6	3	3	False	True
2149	ElenaGvozdeva	2014-01-14 10:51:12	ElenaGvozdeva	2014-01-15 06:24:14	9	4	5	False	True
2149	ElenaGvozdeva	2014-01-14 10:51:12	ElenaGvozdeva	2014-01-24 07:41:23	4	2	2	False	True
2149	ElenaGvozdeva	2014-01-14 10:51:12	ElenaGvozdeva	2014-01-14 10:45:01	934	927	7	True	True
2144	nickdademo	2014-01-13 11:17:55	nickdademo	2014-01-13 11:01:09	47	45	2	True	True
2144	nickdademo	2014-01-13 11:17:55	nickdademo	2014-01-14 10:38:57	26	16	10	False	True
2144	nickdademo	2014-01-13 11:17:55	nickdademo	2014-01-16 09:17:49	4	2	2	False	True
2143	Daniil-Osokin	2014-01-13 10:26:16	Daniil-Osokin	2014-01-13 10:20:42	4	3	1	True	True
2142	KonstantinMatskevich	2014-01-13 09:43:22	KonstantinMatskevich	2013-12-27 09:04:02	2006	1945	61	True	True
2142	KonstantinMatskevich	2014-01-13 09:43:22	KonstantinMatskevich	2014-01-15 06:01:40	49	26	23	False	True
2142	KonstantinMatskevich	2014-01-13 09:43:22	KonstantinMatskevich	2014-01-17 07:23:00	129	129	0	False	True
2142	KonstantinMatskevich	2014-01-13 09:43:22	KonstantinMatskevich	2014-01-17 06:09:44	179	17	162	False	True
2134	vbystricky	2014-01-10 07:24:40	vbystricky	2014-01-09 12:34:01	1071	1053	18	True	True
2134	vbystricky	2014-01-10 07:24:40	vbystricky	2014-01-10 08:44:21	24	17	7	False	True
2134	vbystricky	2014-01-10 07:24:40	vbystricky	2014-01-14 13:53:28	57	39	18	False	True
2134	vbystricky	2014-01-10 07:24:40	vbystricky	2014-01-17 11:23:16	120	120	0	False	True
2134	vbystricky	2014-01-10 07:24:40	vbystricky	2014-01-21 14:46:26	2	1	1	False	True
2134	vbystricky	2014-01-10 07:24:40	vbystricky	2014-01-22 06:34:27	4	2	2	False	True
2127	apavlenko	2014-01-09 08:09:51	apavlenko	2014-01-14 13:50:00	4	4	0	False	True
2127	apavlenko	2014-01-09 08:09:51	apavlenko	2014-01-09 20:08:15	109	53	56	False	True
2127	apavlenko	2014-01-09 08:09:51	apavlenko	2014-01-14 19:15:50	1	1	0	False	True
2127	apavlenko	2014-01-09 08:09:51	apavlenko	2014-01-13 12:58:36	19	11	8	False	True
2122	adishavit	2014-01-07 19:40:19	adishavit	2014-01-16 09:09:25	18	7	11	False	True
2122	adishavit	2014-01-07 19:40:19	adishavit	2014-01-16 09:25:57	18	18	0	False	True
2122	adishavit	2014-01-07 19:40:19	adishavit	2014-01-16 10:51:14	4	3	1	False	True
2122	adishavit	2014-01-07 19:40:19	adishavit	2014-01-05 15:21:59	4	2	2	True	True
2122	adishavit	2014-01-07 19:40:19	adishavit	2014-01-12 07:33:08	17	12	5	False	True
2122	adishavit	2014-01-07 19:40:19	adishavit	2014-01-16 14:30:54	4	2	2	False	True
2122	adishavit	2014-01-07 19:40:19	adishavit	2014-01-07 19:17:57	47	46	1	True	True
2118	ilya-lavrenov	2014-01-06 22:52:58	ilya-lavrenov	2014-01-06 22:38:41	614	307	307	True	True
2117	kazuki-ma	2014-01-06 18:00:07	KazukiMatsuda	2014-01-13 02:39:07	121	58	63	False	True
2117	kazuki-ma	2014-01-06 18:00:07	KazukiMatsuda	2014-01-07 15:47:51	38	31	7	False	True
2117	kazuki-ma	2014-01-06 18:00:07	KazukiMatsuda	2014-01-05 16:42:45	124	124	0	True	True
2117	kazuki-ma	2014-01-06 18:00:07	KazukiMatsuda	2014-01-07 12:17:27	152	76	76	False	True
2117	kazuki-ma	2014-01-06 18:00:07	KazukiMatsuda	2014-01-07 12:24:23	16	8	8	False	True
2117	kazuki-ma	2014-01-06 18:00:07	KazukiMatsuda	2014-01-07 13:13:04	36	18	18	False	True
2117	kazuki-ma	2014-01-06 18:00:07	KazukiMatsuda	2014-01-07 16:46:38	13	3	10	False	True
2117	kazuki-ma	2014-01-06 18:00:07	KazukiMatsuda	2014-01-13 08:05:35	63	63	0	False	True
2117	kazuki-ma	2014-01-06 18:00:07	KazukiMatsuda	2014-01-18 12:28:02	80	49	31	False	True
2117	kazuki-ma	2014-01-06 18:00:07	KazukiMatsuda	2014-01-18 12:28:15	84	84	0	False	True
2117	kazuki-ma	2014-01-06 18:00:07	KazukiMatsuda	2014-01-16 17:01:52	13	0	13	False	True
2117	kazuki-ma	2014-01-06 18:00:07	KazukiMatsuda	2014-01-18 08:24:02	4	3	1	False	True
2117	kazuki-ma	2014-01-06 18:00:07	KazukiMatsuda	2014-01-16 17:08:26	39	0	39	False	True
2115	nghiaho12	2014-01-06 09:24:49	nghiaho12	2014-01-06 09:19:07	2	1	1	True	True
2115	nghiaho12	2014-01-06 09:24:49	nghiaho12	2014-01-09 10:04:17	2	1	1	False	True
2112	ilya-lavrenov	2014-01-05 15:33:14	ilya-lavrenov	2014-01-09 11:21:07	237	124	113	False	True
2112	ilya-lavrenov	2014-01-05 15:33:14	ilya-lavrenov	2014-01-01 19:46:19	1168	1152	16	True	True
2112	ilya-lavrenov	2014-01-05 15:33:14	ilya-lavrenov	2014-01-09 13:00:08	625	27	598	False	True
2110	hmax	2014-01-04 11:03:58	hmax	2014-01-04 10:56:32	46	46	0	True	True
2110	hmax	2014-01-04 11:03:58	hmax	2014-01-04 11:01:32	60	29	31	True	True
2110	hmax	2014-01-04 11:03:58	hmax	2014-01-04 12:09:30	6	3	3	False	True
2110	hmax	2014-01-04 11:03:58	hmax	2014-01-13 11:55:49	8	2	6	False	True
2105	ilya-lavrenov	2014-01-01 19:48:57	ilya-lavrenov	2014-01-01 19:46:19	22	12	10	True	True
2105	ilya-lavrenov	2014-01-01 19:48:57	ilya-lavrenov	2014-01-09 13:32:13	24	23	1	False	True
2105	ilya-lavrenov	2014-01-01 19:48:57	ilya-lavrenov	2014-01-05 20:12:13	190	168	22	False	True
