pr_number	author_user_login	pr_created_at	commit_user_login	commit_created_at	commit_status_total	commit_status_additions	commit_status_deletions	create_before_pr	is_review_commit
16024	alalek	2019-11-30 23:44:16	alalek	2019-11-30 22:47:39	132	15	117	True	True
16017	berak	2019-11-28 19:43:10	berak	2019-11-28 19:33:58	2	1	1	True	True
16014	dkurt	2019-11-28 11:03:20	dkurt	2019-11-27 16:37:56	56	39	17	True	True
16011	sebastien-wybo	2019-11-28 08:43:14	alalek	2019-12-19 00:21:52	14	14	0	False	True
16011	sebastien-wybo	2019-11-28 08:43:14	swybo	2019-11-28 08:38:34	6	3	3	True	True
16010	YashasSamaga	2019-11-28 06:18:06	YashasSamaga	2019-12-19 13:09:50	7	7	0	False	True
16010	YashasSamaga	2019-11-28 06:18:06	YashasSamaga	2019-12-17 18:36:10	559	450	109	False	True
16010	YashasSamaga	2019-11-28 06:18:06	alalek	2019-12-20 11:26:02	7	2	5	False	True
16010	YashasSamaga	2019-11-28 06:18:06	YashasSamaga	2019-12-19 17:58:51	24	12	12	False	True
16010	YashasSamaga	2019-11-28 06:18:06	YashasSamaga	2019-12-19 16:19:24	9	9	0	False	True
16008	tpetazzoni	2019-11-27 17:56:00	tpetazzoni	2019-11-27 14:33:40	1	0	1	True	True
16008	tpetazzoni	2019-11-27 17:56:00	tpetazzoni	2019-11-27 14:21:21	92	44	48	True	True
16006	sajarin	2019-11-27 14:58:04	sajarindider	2019-11-21 19:10:50	2	1	1	True	True
15998	alalek	2019-11-26 11:50:16	alalek	2019-11-26 11:01:18	83	63	20	True	True
15995	bwignall	2019-11-26 00:56:13	bwignall	2019-11-26 00:55:07	46	23	23	True	True
15994	SSteve	2019-11-26 00:42:51	SSteve	2019-11-26 00:31:03	43	39	4	True	True
15993	midjji	2019-11-25 20:05:44	midjji	2019-11-25 20:00:03	12	11	1	True	True
15993	midjji	2019-11-25 20:05:44	catree	2020-01-31 12:17:15	21	11	10	False	True
15991	collinbrake	2019-11-25 18:56:20	collinbrake	2019-11-25 18:41:55	144	72	72	True	True
15988	l-bat	2019-11-25 11:48:06	l-bat	2019-12-05 10:32:07	46	23	23	False	True
15988	l-bat	2019-11-25 11:48:06	l-bat	2019-12-03 13:13:29	5	0	5	False	True
15988	l-bat	2019-11-25 11:48:06	l-bat	2019-12-05 13:22:39	2	1	1	False	True
15988	l-bat	2019-11-25 11:48:06	l-bat	2019-12-05 12:09:01	53	27	26	False	True
15988	l-bat	2019-11-25 11:48:06	l-bat	2019-12-05 08:17:14	82	44	38	False	True
15988	l-bat	2019-11-25 11:48:06	l-bat	2019-11-25 13:57:22	4	2	2	False	True
15988	l-bat	2019-11-25 11:48:06	l-bat	2019-12-03 12:19:52	8	7	1	False	True
15988	l-bat	2019-11-25 11:48:06	l-bat	2019-11-25 08:31:30	1	1	0	True	True
15988	l-bat	2019-11-25 11:48:06	l-bat	2019-12-03 10:50:37	4	1	3	False	True
15988	l-bat	2019-11-25 11:48:06	l-bat	2019-11-25 11:41:35	61	61	0	True	True
15986	dkurt	2019-11-24 19:00:33	dkurt	2019-11-24 18:59:25	4	2	2	True	True
15980	SSteve	2019-11-23 22:05:47	SSteve	2019-11-23 22:03:14	20	10	10	True	True
15978	alalek	2019-11-23 10:46:08	alalek	2019-11-22 21:03:52	289	212	77	True	True
15975	SSteve	2019-11-22 23:47:05	SSteve	2019-11-22 23:38:53	42	33	9	True	True
15973	VadimLevin	2019-11-22 13:27:22	VadimLevin	2019-11-22 13:15:46	28	19	9	True	True
15973	VadimLevin	2019-11-22 13:27:22	VadimLevin	2019-11-22 15:06:42	16	11	5	False	True
15972	TolyaTalamanov	2019-11-22 11:27:21	TolyaTalamanov	2019-12-03 10:13:06	687	648	39	False	True
15966	saskatchewancatch	2019-11-21 03:38:37	saskatchewancatch	2019-11-21 03:34:28	20	20	0	True	True
15966	saskatchewancatch	2019-11-21 03:38:37	saskatchewancatch	2019-11-23 17:42:06	55	55	0	False	True
15966	saskatchewancatch	2019-11-21 03:38:37	saskatchewancatch	2019-11-24 17:41:52	18	17	1	False	True
15966	saskatchewancatch	2019-11-21 03:38:37	saskatchewancatch	2019-12-06 04:50:32	2	1	1	False	True
15966	saskatchewancatch	2019-11-21 03:38:37	saskatchewancatch	2019-12-12 00:42:11	7	2	5	False	True
15962	alalek	2019-11-20 21:46:31	alalek	2019-11-20 21:42:26	6	4	2	True	True
15959	mshabunin	2019-11-20 16:06:07	mshabunin	2019-11-20 16:39:06	16	8	8	False	True
15959	mshabunin	2019-11-20 16:06:07	mshabunin	2019-11-25 12:30:20	87	32	55	False	True
15959	mshabunin	2019-11-20 16:06:07	mshabunin	2019-11-20 17:11:49	40	20	20	False	True
15959	mshabunin	2019-11-20 16:06:07	mshabunin	2019-11-20 12:53:30	4234	1409	2825	True	True
15959	mshabunin	2019-11-20 16:06:07	mshabunin	2019-11-20 16:32:10	46	23	23	False	True
15957	cudawarped	2019-11-20 13:45:56	cudawarped	2019-11-20 14:05:01	34	30	4	False	True
15957	cudawarped	2019-11-20 13:45:56	cudawarped	2019-11-25 13:59:57	8	3	5	False	True
15957	cudawarped	2019-11-20 13:45:56	cudawarped	2019-12-03 11:34:48	4	1	3	False	True
15957	cudawarped	2019-11-20 13:45:56	alalek	2019-11-29 11:35:27	32	16	16	False	True
15957	cudawarped	2019-11-20 13:45:56	cudawarped	2019-11-26 15:10:30	12	9	3	False	True
15956	lorenzolightsgdwarf	2019-11-20 09:49:15	lorenzolightsgdwarf	2019-11-20 09:45:57	33	28	5	True	True
15955	VadimLevin	2019-11-20 09:12:44	VadimLevin	2019-11-29 11:13:59	27	15	12	False	True
15955	VadimLevin	2019-11-20 09:12:44	VadimLevin	2019-11-28 06:43:31	308	289	19	False	True
15946	alalek	2019-11-19 07:41:28	alalek	2019-11-19 07:40:12	2	1	1	True	True
15945	alalek	2019-11-19 06:57:44	alalek	2019-11-19 06:55:14	3	2	1	True	True
15942	OrestChura	2019-11-18 21:15:47	OrestChura	2019-12-13 14:54:07	67	36	31	False	True
15942	OrestChura	2019-11-18 21:15:47	OrestChura	2019-10-31 11:30:17	1066	817	249	True	True
15937	clunietp	2019-11-18 12:55:16	clunietp	2019-11-18 12:41:34	17	17	0	True	True
15935	rgarnov	2019-11-18 12:42:53	rgarnov	2019-11-18 12:39:10	10	8	2	True	True
15934	aDanPin	2019-11-18 11:54:27	Danil Pinaev	2019-11-20 08:22:46	37	21	16	False	True
15934	aDanPin	2019-11-18 11:54:27	Danil Pinaev	2019-11-13 07:28:26	104	57	47	True	True
15934	aDanPin	2019-11-18 11:54:27	Danil Pinaev	2019-11-11 13:49:42	105	83	22	True	True
15934	aDanPin	2019-11-18 11:54:27	Danil Pinaev	2019-11-13 11:40:50	57	29	28	True	True
15934	aDanPin	2019-11-18 11:54:27	Danil Pinaev	2019-11-15 13:44:39	98	79	19	True	True
15934	aDanPin	2019-11-18 11:54:27	Danil Pinaev	2019-11-18 11:43:51	92	37	55	True	True
15934	aDanPin	2019-11-18 11:54:27	Danil Pinaev	2019-11-19 13:12:23	20	7	13	False	True
15934	aDanPin	2019-11-18 11:54:27	Danil Pinaev	2019-11-19 17:03:58	169	68	101	False	True
15929	sturkmen72	2019-11-17 18:30:32	sturkmen72	2019-11-17 18:25:03	4	2	2	True	True
15919	alalek	2019-11-15 16:31:31	alalek	2019-11-15 14:29:51	303	121	182	True	True
15918	alalek	2019-11-15 16:03:44	alalek	2019-11-15 15:37:56	47	33	14	True	True
15917	ChipKerchner	2019-11-15 13:55:43	ChipKerchner	2019-11-15 13:42:03	348	162	186	True	True
15916	lorenzolightsgdwarf	2019-11-15 13:49:43	rgarnov	2019-07-04 15:19:09	306	305	1	True	True
15916	lorenzolightsgdwarf	2019-11-15 13:49:43	TolyaTalamanov	2019-06-28 14:11:03	473	245	228	True	True
15916	lorenzolightsgdwarf	2019-11-15 13:49:43	alalek	2019-06-24 18:29:29	5	5	0	True	True
15916	lorenzolightsgdwarf	2019-11-15 13:49:43	andrey-golubev	2019-07-02 16:03:45	2	1	1	True	True
15916	lorenzolightsgdwarf	2019-11-15 13:49:43	alalek	2019-07-01 16:48:05	4	2	2	True	True
15916	lorenzolightsgdwarf	2019-11-15 13:49:43	alalek	2019-06-28 16:52:03	139	123	16	True	True
15916	lorenzolightsgdwarf	2019-11-15 13:49:43	alalek	2019-06-28 16:01:32	1070	490	580	True	True
15916	lorenzolightsgdwarf	2019-11-15 13:49:43	andrey-golubev	2019-06-28 14:59:52	208	99	109	True	True
15916	lorenzolightsgdwarf	2019-11-15 13:49:43	alalek	2019-06-24 12:37:52	2	1	1	True	True
15916	lorenzolightsgdwarf	2019-11-15 13:49:43	andrey-golubev	2019-06-28 10:07:41	1640	870	770	True	True
15916	lorenzolightsgdwarf	2019-11-15 13:49:43	alalek	2019-06-20 13:48:05	319	293	26	True	True
15916	lorenzolightsgdwarf	2019-11-15 13:49:43	alalek	2019-06-21 13:51:22	1302	823	479	True	True
15916	lorenzolightsgdwarf	2019-11-15 13:49:43	alalek	2019-06-22 13:57:10	22	11	11	True	True
15916	lorenzolightsgdwarf	2019-11-15 13:49:43	TolyaTalamanov	2019-06-24 14:37:32	186	159	27	True	True
15916	lorenzolightsgdwarf	2019-11-15 13:49:43	alalek	2019-06-26 20:17:19	1250	895	355	True	True
15916	lorenzolightsgdwarf	2019-11-15 13:49:43	anton-potapov	2019-05-16 17:40:00	139	123	16	True	True
15916	lorenzolightsgdwarf	2019-11-15 13:49:43	alalek	2019-06-24 11:57:44	9	5	4	True	True
15916	lorenzolightsgdwarf	2019-11-15 13:49:43	mshabunin	2019-06-21 14:47:31	2	1	1	True	True
15916	lorenzolightsgdwarf	2019-11-15 13:49:43	alalek	2019-06-11 11:43:01	2	1	1	True	True
15916	lorenzolightsgdwarf	2019-11-15 13:49:43	alalek	2019-06-20 10:51:57	1302	823	479	True	True
15916	lorenzolightsgdwarf	2019-11-15 13:49:43	alalek	2019-06-21 14:27:14	35	28	7	True	True
15916	lorenzolightsgdwarf	2019-11-15 13:49:43	alalek	2019-06-21 16:18:50	20	10	10	True	True
15916	lorenzolightsgdwarf	2019-11-15 13:49:43	alalek	2019-07-04 15:44:13	117	105	12	True	True
15916	lorenzolightsgdwarf	2019-11-15 13:49:43	alalek	2019-06-21 16:18:23	2	1	1	True	True
15916	lorenzolightsgdwarf	2019-11-15 13:49:43	vchiluka5	2019-05-15 09:51:40	242	1	241	True	True
15916	lorenzolightsgdwarf	2019-11-15 13:49:43	andrey-golubev	2019-06-26 15:33:16	1070	490	580	True	True
15916	lorenzolightsgdwarf	2019-11-15 13:49:43	alalek	2019-06-29 17:27:48	55	36	19	True	True
15916	lorenzolightsgdwarf	2019-11-15 13:49:43	alalek	2019-07-01 14:54:40	4	2	2	True	True
15916	lorenzolightsgdwarf	2019-11-15 13:49:43	alalek	2019-07-02 21:17:45	999	463	536	True	True
15916	lorenzolightsgdwarf	2019-11-15 13:49:43	JoeHowse	2019-06-20 16:56:29	5	5	0	True	True
15915	VadimLevin	2019-11-15 13:25:58	VadimLevin	2019-12-12 08:01:59	158	81	77	False	True
15915	VadimLevin	2019-11-15 13:25:58	VadimLevin	2020-01-13 08:26:50	193	6	187	False	True
15915	VadimLevin	2019-11-15 13:25:58	VadimLevin	2019-12-23 07:50:54	6	5	1	False	True
15915	VadimLevin	2019-11-15 13:25:58	VadimLevin	2019-12-17 08:11:25	167	154	13	False	True
15915	VadimLevin	2019-11-15 13:25:58	VadimLevin	2019-12-13 12:44:00	44	38	6	False	True
15915	VadimLevin	2019-11-15 13:25:58	VadimLevin	2019-12-09 11:30:49	25	18	7	False	True
15915	VadimLevin	2019-11-15 13:25:58	VadimLevin	2019-12-02 07:24:50	107	74	33	False	True
15915	VadimLevin	2019-11-15 13:25:58	VadimLevin	2019-12-17 09:07:31	301	197	104	False	True
15915	VadimLevin	2019-11-15 13:25:58	VadimLevin	2019-11-29 13:43:17	379	338	41	False	True
15915	VadimLevin	2019-11-15 13:25:58	VadimLevin	2019-12-02 10:36:27	19	18	1	False	True
15911	l-bat	2019-11-14 12:37:04	l-bat	2019-11-14 12:30:53	2	2	0	True	True
15907	rgarnov	2019-11-13 14:26:25	rgarnov	2019-11-13 11:58:58	21	13	8	True	True
15907	rgarnov	2019-11-13 14:26:25	rgarnov	2019-11-13 12:46:52	47	29	18	True	True
15906	anton-potapov	2019-11-13 12:47:07	anton-potapov	2019-11-13 12:05:56	37	19	18	True	True
15905	alalek	2019-11-13 11:16:00	alalek	2019-11-13 11:13:17	2	1	1	True	True
15900	komakai	2019-11-12 23:39:55	komakai	2019-11-12 23:30:30	3	2	1	True	True
15896	alalek	2019-11-12 13:16:35	alalek	2019-11-11 14:20:07	41	38	3	True	True
15889	czgdp1807	2019-11-11 15:36:56	czgdp1807	2019-11-11 15:32:55	95	70	25	True	True
15889	czgdp1807	2019-11-11 15:36:56	czgdp1807	2020-02-10 18:37:45	7	0	7	False	True
15888	OrestChura	2019-11-11 13:40:28	OrestChura	2019-11-11 13:14:53	784	783	1	True	True
15888	OrestChura	2019-11-11 13:40:28	OrestChura	2019-11-17 15:10:03	30	13	17	False	True
15888	OrestChura	2019-11-11 13:40:28	OrestChura	2019-11-14 10:06:45	14	8	6	False	True
15888	OrestChura	2019-11-11 13:40:28	OrestChura	2019-11-15 11:38:35	43	22	21	False	True
15888	OrestChura	2019-11-11 13:40:28	OrestChura	2019-11-11 16:53:39	23	20	3	False	True
15883	cbachhuber	2019-11-10 12:22:52	cbachhuber	2019-11-10 12:18:57	30	20	10	True	True
15877	mshabunin	2019-11-09 11:44:11	mshabunin	2019-11-09 11:19:23	8	5	3	True	True
15875	gyadam	2019-11-09 03:11:32	gyadam	2019-11-09 03:05:46	9	3	6	True	True
15874	anna-khakimova	2019-11-08 13:47:33	anna-khakimova	2019-11-08 13:45:10	20	12	8	True	True
15869	TolyaTalamanov	2019-11-07 15:55:29	TolyaTalamanov	2019-11-20 08:52:53	2	1	1	False	True
15869	TolyaTalamanov	2019-11-07 15:55:29	TolyaTalamanov	2019-11-18 07:03:01	1798	1453	345	False	True
15869	TolyaTalamanov	2019-11-07 15:55:29	TolyaTalamanov	2019-11-25 12:37:40	25	13	12	False	True
15869	TolyaTalamanov	2019-11-07 15:55:29	TolyaTalamanov	2019-11-22 14:06:26	40	30	10	False	True
15869	TolyaTalamanov	2019-11-07 15:55:29	TolyaTalamanov	2019-11-18 13:25:25	3	2	1	False	True
15869	TolyaTalamanov	2019-11-07 15:55:29	TolyaTalamanov	2019-11-19 09:57:18	167	109	58	False	True
15869	TolyaTalamanov	2019-11-07 15:55:29	TolyaTalamanov	2019-11-27 12:23:40	42	22	20	False	True
15869	TolyaTalamanov	2019-11-07 15:55:29	TolyaTalamanov	2019-11-08 15:00:31	345	177	168	False	True
15869	TolyaTalamanov	2019-11-07 15:55:29	TolyaTalamanov	2019-11-08 13:54:36	8	6	2	False	True
15869	TolyaTalamanov	2019-11-07 15:55:29	TolyaTalamanov	2019-11-07 15:52:01	175	120	55	True	True
15869	TolyaTalamanov	2019-11-07 15:55:29	TolyaTalamanov	2019-11-07 14:27:56	687	683	4	True	True
15869	TolyaTalamanov	2019-11-07 15:55:29	TolyaTalamanov	2019-11-08 14:08:14	26	16	10	False	True
15869	TolyaTalamanov	2019-11-07 15:55:29	TolyaTalamanov	2019-11-18 07:48:59	106	79	27	False	True
15869	TolyaTalamanov	2019-11-07 15:55:29	TolyaTalamanov	2019-11-08 13:41:06	305	178	127	False	True
15868	alalek	2019-11-07 11:22:38	alalek	2019-11-07 11:01:51	14	12	2	True	True
15867	mshabunin	2019-11-07 11:07:10	mshabunin	2019-11-07 11:03:46	7	4	3	True	True
15866	mshabunin	2019-11-07 10:20:56	mshabunin	2019-11-07 10:10:42	74	74	0	True	True
15861	dkurt	2019-11-06 18:11:01	dgerin	2019-11-06 18:05:35	11	5	6	True	True
15854	czgdp1807	2019-11-06 11:52:07	czgdp1807	2019-11-06 11:45:31	2	1	1	True	True
15852	anna-khakimova	2019-11-05 16:12:57	anna-khakimova	2019-11-08 08:15:40	654	640	14	False	True
15848	alalek	2019-11-05 09:39:09	TH3CHARLie	2019-11-04 13:27:48	29	29	0	True	True
15842	TH3CHARLie	2019-11-04 06:39:08	TH3CHARLie	2019-11-04 06:34:12	3	1	2	True	True
15842	TH3CHARLie	2019-11-04 06:39:08	TH3CHARLie	2019-11-04 11:42:18	2	1	1	False	True
15842	TH3CHARLie	2019-11-04 06:39:08	TH3CHARLie	2019-11-04 11:11:32	19	19	0	False	True
15839	alalek	2019-11-03 10:46:04	alalek	2019-11-03 10:37:39	193	188	5	True	True
15838	oleg-alexandrov	2019-11-02 22:51:04	oleg-alexandrov	2019-11-02 22:50:32	4	2	2	True	True
15834	berak	2019-11-02 07:23:50	berak	2019-11-02 07:17:07	2	1	1	True	True
15832	collinbrake	2019-11-01 16:59:28	collinbrake	2019-11-04 18:34:33	3	1	2	False	True
15832	collinbrake	2019-11-01 16:59:28	collinbrake	2019-11-04 18:31:02	3375	2103	1272	False	True
15832	collinbrake	2019-11-01 16:59:28	collinbrake	2019-11-01 16:44:15	150	73	77	True	True
15832	collinbrake	2019-11-01 16:59:28	collinbrake	2019-11-05 23:16:37	4	2	2	False	True
15828	ChipKerchner	2019-11-01 12:45:46	ChipKerchner	2019-11-01 12:43:58	156	43	113	True	True
15828	ChipKerchner	2019-11-01 12:45:46	ChipKerchner	2019-11-01 14:48:29	68	67	1	False	True
15828	ChipKerchner	2019-11-01 12:45:46	ChipKerchner	2019-11-04 19:32:43	106	10	96	False	True
