pr_number	author_user_login	pr_created_at	comment_user_login	comment_created_at	is_review_issue_comment
3020	vpisarev	2014-07-30 14:21:01	ElenaGvozdeva	2014-07-31 12:47:38	True
3018	fradelg	2014-07-30 07:02:23	StevenPuttemans	2014-08-01 11:02:32	True
3018	fradelg	2014-07-30 07:02:23	StevenPuttemans	2014-08-01 11:21:01	True
3018	fradelg	2014-07-30 07:02:23	vinograd47	2014-08-01 09:54:31	True
3018	fradelg	2014-07-30 07:02:23	vinograd47	2014-07-30 14:17:10	True
3018	fradelg	2014-07-30 07:02:23	ilya-lavrenov	2014-07-30 08:15:10	True
3018	fradelg	2014-07-30 07:02:23	vinograd47	2014-07-31 12:46:56	True
3018	fradelg	2014-07-30 07:02:23	vpisarev	2014-07-30 15:02:10	True
3013	ElenaGvozdeva	2014-07-29 08:12:30	vpisarev	2014-07-29 13:50:29	True
3013	ElenaGvozdeva	2014-07-29 08:12:30	mletavin	2014-08-01 12:55:46	True
3013	ElenaGvozdeva	2014-07-29 08:12:30	akarsakov	2014-07-30 09:04:52	True
3013	ElenaGvozdeva	2014-07-29 08:12:30	ilya-lavrenov	2014-07-30 12:41:30	True
3013	ElenaGvozdeva	2014-07-29 08:12:30	vpisarev	2014-08-06 11:26:04	True
3013	ElenaGvozdeva	2014-07-29 08:12:30	akarsakov	2014-07-30 11:26:23	True
3013	ElenaGvozdeva	2014-07-29 08:12:30	mletavin	2014-08-06 08:26:05	True
3013	ElenaGvozdeva	2014-07-29 08:12:30	SergeySivolgin	2014-08-05 15:47:49	True
3011	vbystricky	2014-07-28 11:56:39	ilya-lavrenov	2014-07-30 11:35:13	True
3011	vbystricky	2014-07-28 11:56:39	mletavin	2014-07-31 15:39:27	True
3011	vbystricky	2014-07-28 11:56:39	ElenaGvozdeva	2014-07-30 11:22:28	True
3011	vbystricky	2014-07-28 11:56:39	vpisarev	2014-07-28 16:02:54	True
3011	vbystricky	2014-07-28 11:56:39	mletavin	2014-08-01 11:40:10	True
3003	ElenaGvozdeva	2014-07-25 10:55:45	vpisarev	2014-07-25 11:49:12	True
3003	ElenaGvozdeva	2014-07-25 10:55:45	akarsakov	2014-07-28 09:45:28	True
3000	akarsakov	2014-07-24 09:18:51	alalek	2014-07-24 13:27:24	True
2996	akarsakov	2014-07-23 11:02:54	vbystricky	2014-07-28 14:56:23	True
2993	vbystricky	2014-07-22 09:26:31	akarsakov	2014-07-22 14:18:50	True
2981	mlyashko	2014-07-17 14:18:00	SergeySivolgin	2014-07-28 13:34:38	True
2981	mlyashko	2014-07-17 14:18:00	vbystricky	2014-07-17 17:57:25	True
2981	mlyashko	2014-07-17 14:18:00	vpisarev	2014-07-25 11:30:49	True
2979	PhilLab	2014-07-17 07:25:36	vpisarev	2014-07-18 09:56:26	True
2977	gongzg	2014-07-15 04:02:17	vbystricky	2014-07-21 07:39:14	True
2977	gongzg	2014-07-15 04:02:17	ilya-lavrenov	2014-07-20 08:30:12	True
2970	PhilLab	2014-07-12 07:28:05	vpisarev	2014-07-16 19:26:45	True
2970	PhilLab	2014-07-12 07:28:05	StevenPuttemans	2014-07-14 11:56:47	True
2965	soulslicer	2014-07-11 00:44:42	Daniil-Osokin	2014-07-11 10:58:30	True
2965	soulslicer	2014-07-11 00:44:42	vpisarev	2014-07-15 09:44:26	True
2959	StevenPuttemans	2014-07-10 11:29:57	Daniil-Osokin	2014-07-10 12:51:04	True
2959	StevenPuttemans	2014-07-10 11:29:57	kirill-korniakov	2014-07-11 07:00:54	True
2959	StevenPuttemans	2014-07-10 11:29:57	Daniil-Osokin	2014-07-11 07:01:59	True
2956	ilya-lavrenov	2014-07-09 15:31:19	krodyush	2014-08-28 07:31:50	True
2956	ilya-lavrenov	2014-07-09 15:31:19	vpisarev	2014-07-25 12:41:59	True
2956	ilya-lavrenov	2014-07-09 15:31:19	alalek	2014-07-25 13:16:58	True
2956	ilya-lavrenov	2014-07-09 15:31:19	krodyush	2014-07-31 14:23:05	True
2956	ilya-lavrenov	2014-07-09 15:31:19	alalek	2014-07-25 12:25:21	True
2956	ilya-lavrenov	2014-07-09 15:31:19	krodyush	2014-08-04 13:32:12	True
2956	ilya-lavrenov	2014-07-09 15:31:19	krodyush	2014-08-26 20:46:40	True
2956	ilya-lavrenov	2014-07-09 15:31:19	krodyush	2014-08-26 14:12:21	True
2956	ilya-lavrenov	2014-07-09 15:31:19	krodyush	2014-08-26 14:45:20	True
2956	ilya-lavrenov	2014-07-09 15:31:19	krodyush	2014-08-26 14:24:32	True
2956	ilya-lavrenov	2014-07-09 15:31:19	krodyush	2014-08-26 19:16:45	True
2945	StevenPuttemans	2014-07-07 13:22:05	Daniil-Osokin	2014-07-09 11:29:21	True
2945	StevenPuttemans	2014-07-07 13:22:05	vpisarev	2014-07-18 10:18:10	True
2945	StevenPuttemans	2014-07-07 13:22:05	Daniil-Osokin	2014-07-09 06:07:55	True
2945	StevenPuttemans	2014-07-07 13:22:05	Daniil-Osokin	2014-07-07 17:06:34	True
2945	StevenPuttemans	2014-07-07 13:22:05	vbystricky	2014-07-07 13:31:06	True
2942	ernest-galbrun	2014-07-04 13:52:25	vinograd47	2014-08-04 06:20:46	True
2942	ernest-galbrun	2014-07-04 13:52:25	vpisarev	2014-07-25 13:26:45	True
2942	ernest-galbrun	2014-07-04 13:52:25	vinograd47	2014-08-01 09:57:19	True
2942	ernest-galbrun	2014-07-04 13:52:25	ilya-lavrenov	2014-07-04 13:53:33	True
2942	ernest-galbrun	2014-07-04 13:52:25	vinograd47	2014-07-28 08:41:24	True
2942	ernest-galbrun	2014-07-04 13:52:25	vpisarev	2014-08-10 20:12:03	True
2942	ernest-galbrun	2014-07-04 13:52:25	vinograd47	2014-08-20 13:05:59	True
2942	ernest-galbrun	2014-07-04 13:52:25	vinograd47	2014-08-18 16:24:30	True
2930	akarsakov	2014-07-03 06:39:26	alalek	2014-07-03 10:35:31	True
2930	akarsakov	2014-07-03 06:39:26	vpisarev	2014-07-07 11:09:20	True
2919	larshg	2014-07-01 09:26:02	Nerei	2014-07-10 08:47:24	True
2919	larshg	2014-07-01 09:26:02	ilya-lavrenov	2014-07-02 12:51:28	True
2919	larshg	2014-07-01 09:26:02	Nerei	2014-07-02 15:07:14	True
2919	larshg	2014-07-01 09:26:02	ilya-lavrenov	2014-07-20 09:23:11	True
2919	larshg	2014-07-01 09:26:02	Daniil-Osokin	2014-07-09 19:40:11	True
