pr_number	author_user_login	pr_created_at	review_comment_user_login	review_comment_created_at	is_review_review_comment
4072	vladimir-dudnik	2015-05-27 20:26:30	alalek	2015-06-09 12:14:53	True
4072	vladimir-dudnik	2015-05-27 20:26:30	vpisarev	2015-06-01 20:31:30	True
4072	vladimir-dudnik	2015-05-27 20:26:30	alalek	2015-05-28 09:45:33	True
4072	vladimir-dudnik	2015-05-27 20:26:30	alalek	2015-05-28 09:43:48	True
4070	techfort	2015-05-27 14:47:39	berak	2015-05-28 12:55:43	True
4064	EvgenyAgafonchikov	2015-05-26 15:10:51	alalek	2015-05-29 11:15:23	True
4064	EvgenyAgafonchikov	2015-05-26 15:10:51	alalek	2015-05-29 11:28:28	True
4064	EvgenyAgafonchikov	2015-05-26 15:10:51	alalek	2015-05-29 11:19:14	True
4064	EvgenyAgafonchikov	2015-05-26 15:10:51	alalek	2015-05-29 11:33:21	True
4064	EvgenyAgafonchikov	2015-05-26 15:10:51	alalek	2015-06-25 14:39:43	True
4064	EvgenyAgafonchikov	2015-05-26 15:10:51	alalek	2015-05-29 10:55:37	True
4064	EvgenyAgafonchikov	2015-05-26 15:10:51	alalek	2015-06-25 16:47:32	True
4064	EvgenyAgafonchikov	2015-05-26 15:10:51	alalek	2015-05-29 10:46:50	True
4064	EvgenyAgafonchikov	2015-05-26 15:10:51	alalek	2015-05-29 11:11:46	True
4060	dbudniko	2015-05-26 14:20:24	alalek	2015-05-26 15:35:21	True
4060	dbudniko	2015-05-26 14:20:24	alalek	2015-05-26 15:02:27	True
4060	dbudniko	2015-05-26 14:20:24	alalek	2015-06-17 13:53:15	True
4049	mshabunin	2015-05-22 15:07:36	vpisarev	2015-05-23 08:57:47	True
4043	lupustr3	2015-05-21 14:03:19	ilya-lavrenov	2015-05-21 14:07:30	True
4032	mshabunin	2015-05-19 14:49:02	SpecLad	2015-05-20 10:25:31	True
4032	mshabunin	2015-05-19 14:49:02	SpecLad	2015-05-22 09:00:50	True
4032	mshabunin	2015-05-19 14:49:02	SpecLad	2015-05-20 10:07:47	True
4032	mshabunin	2015-05-19 14:49:02	tSed	2015-05-21 20:53:42	True
4032	mshabunin	2015-05-19 14:49:02	alalek	2015-05-21 11:13:02	True
4032	mshabunin	2015-05-19 14:49:02	SpecLad	2015-05-20 09:15:49	True
4032	mshabunin	2015-05-19 14:49:02	alalek	2015-05-21 11:06:07	True
4032	mshabunin	2015-05-19 14:49:02	SpecLad	2015-05-20 09:10:56	True
4032	mshabunin	2015-05-19 14:49:02	SpecLad	2015-05-20 10:11:02	True
4022	LaurentBerger	2015-05-16 17:03:24	mshabunin	2015-05-21 11:49:29	True
4016	vladimir-dudnik	2015-05-13 21:26:14	alalek	2015-05-15 10:18:02	True
4016	vladimir-dudnik	2015-05-13 21:26:14	alalek	2015-05-15 10:19:00	True
4016	vladimir-dudnik	2015-05-13 21:26:14	alalek	2015-05-15 10:21:52	True
4016	vladimir-dudnik	2015-05-13 21:26:14	alalek	2015-05-15 10:19:50	True
4016	vladimir-dudnik	2015-05-13 21:26:14	alalek	2015-05-15 10:18:24	True
4016	vladimir-dudnik	2015-05-13 21:26:14	alalek	2015-05-15 10:18:12	True
4016	vladimir-dudnik	2015-05-13 21:26:14	alalek	2015-05-15 10:17:55	True
4016	vladimir-dudnik	2015-05-13 21:26:14	alalek	2015-05-15 10:17:51	True
4016	vladimir-dudnik	2015-05-13 21:26:14	alalek	2015-05-15 10:17:46	True
4016	vladimir-dudnik	2015-05-13 21:26:14	alalek	2015-05-15 10:17:47	True
4004	paroj	2015-05-12 15:49:53	StevenPuttemans	2015-05-13 06:48:50	True
4004	paroj	2015-05-12 15:49:53	alalek	2015-06-29 11:34:07	True
4004	paroj	2015-05-12 15:49:53	alalek	2015-06-29 11:51:27	True
4004	paroj	2015-05-12 15:49:53	StevenPuttemans	2015-05-13 13:03:47	True
4004	paroj	2015-05-12 15:49:53	StevenPuttemans	2015-05-13 06:50:34	True
4004	paroj	2015-05-12 15:49:53	StevenPuttemans	2015-05-13 13:04:11	True
3999	berak	2015-05-10 11:53:38	StevenPuttemans	2015-05-11 11:02:03	True
3999	berak	2015-05-10 11:53:38	StevenPuttemans	2015-05-11 11:01:36	True
3997	dobrypd	2015-05-10 01:07:26	StevenPuttemans	2015-05-12 07:08:02	True
3997	dobrypd	2015-05-10 01:07:26	StevenPuttemans	2015-05-12 07:06:26	True
3997	dobrypd	2015-05-10 01:07:26	StevenPuttemans	2015-05-11 07:04:38	True
3997	dobrypd	2015-05-10 01:07:26	StevenPuttemans	2015-05-12 07:09:05	True
3997	dobrypd	2015-05-10 01:07:26	StevenPuttemans	2015-05-11 07:06:11	True
3997	dobrypd	2015-05-10 01:07:26	StevenPuttemans	2015-05-11 07:06:41	True
3997	dobrypd	2015-05-10 01:07:26	StevenPuttemans	2015-05-12 07:12:12	True
3997	dobrypd	2015-05-10 01:07:26	StevenPuttemans	2015-05-11 07:06:03	True
3997	dobrypd	2015-05-10 01:07:26	StevenPuttemans	2015-05-11 07:05:31	True
3997	dobrypd	2015-05-10 01:07:26	StevenPuttemans	2015-05-11 07:05:10	True
3997	dobrypd	2015-05-10 01:07:26	StevenPuttemans	2015-05-11 07:05:47	True
3984	LaurentBerger	2015-05-03 09:48:11	StevenPuttemans	2015-05-04 07:10:39	True
3984	LaurentBerger	2015-05-03 09:48:11	StevenPuttemans	2015-05-04 07:11:08	True
3984	LaurentBerger	2015-05-03 09:48:11	StevenPuttemans	2015-05-04 07:11:00	True
3984	LaurentBerger	2015-05-03 09:48:11	StevenPuttemans	2015-05-04 07:10:50	True
3984	LaurentBerger	2015-05-03 09:48:11	StevenPuttemans	2015-05-04 07:09:32	True
3984	LaurentBerger	2015-05-03 09:48:11	StevenPuttemans	2015-05-04 07:09:48	True
3984	LaurentBerger	2015-05-03 09:48:11	StevenPuttemans	2015-05-04 07:06:49	True
3984	LaurentBerger	2015-05-03 09:48:11	StevenPuttemans	2015-05-04 07:07:27	True
3984	LaurentBerger	2015-05-03 09:48:11	StevenPuttemans	2015-05-04 07:08:30	True
3984	LaurentBerger	2015-05-03 09:48:11	StevenPuttemans	2015-05-04 07:09:07	True
3984	LaurentBerger	2015-05-03 09:48:11	StevenPuttemans	2015-05-04 07:07:36	True
3984	LaurentBerger	2015-05-03 09:48:11	StevenPuttemans	2015-05-04 07:09:40	True
3984	LaurentBerger	2015-05-03 09:48:11	StevenPuttemans	2015-05-07 13:49:20	True
3982	patrikhuber	2015-05-02 14:25:36	StevenPuttemans	2015-05-04 08:43:18	True
3982	patrikhuber	2015-05-02 14:25:36	StevenPuttemans	2015-05-04 07:39:48	True
3978	LaurentBerger	2015-05-01 16:44:10	alalek	2015-05-02 06:06:26	True
