pr_number	author_user_login	pr_created_at	commit_user_login	commit_created_at	commit_status_total	commit_status_additions	commit_status_deletions	create_before_pr	is_review_commit
21935	Yulv-git	2022-04-30 05:40:52	Yulv-git	2022-04-30 05:40:07	34	17	17	True	True
21934	Yulv-git	2022-04-30 05:38:55	Yulv-git	2022-04-30 05:37:15	14	7	7	True	True
21933	Yulv-git	2022-04-30 05:34:02	Yulv-git	2022-04-30 05:29:25	14	7	7	True	True
21931	victor1234	2022-04-29 17:41:41	victor1234	2022-05-05 20:58:38	16	9	7	False	True
21931	victor1234	2022-04-29 17:41:41	victor1234	2022-05-04 20:08:01	15	10	5	False	True
21931	victor1234	2022-04-29 17:41:41	victor1234	2022-04-29 17:38:55	18	18	0	True	True
21931	victor1234	2022-04-29 17:41:41	victor1234	2022-05-04 18:03:19	35	35	0	False	True
21925	fengyuentau	2022-04-29 03:16:00	fengyuentau	2022-05-13 03:11:19	18	15	3	False	True
21925	fengyuentau	2022-04-29 03:16:00	fengyuentau	2022-05-14 12:43:40	2	1	1	False	True
21925	fengyuentau	2022-04-29 03:16:00	fengyuentau	2022-04-29 03:11:11	177	177	0	True	True
21924	fengyuentau	2022-04-29 03:13:13	fengyuentau	2022-04-29 02:58:57	177	177	0	True	True
21924	fengyuentau	2022-04-29 03:13:13	fengyuentau	2022-05-06 08:09:30	14	13	1	False	True
21924	fengyuentau	2022-04-29 03:13:13	fengyuentau	2022-05-13 02:47:42	4	2	2	False	True
21923	victor1234	2022-04-28 18:53:59	victor1234	2022-04-28 18:46:52	35	25	10	True	True
21921	asenyaev	2022-04-28 13:37:27	asenyaev	2022-04-28 13:35:22	18	15	3	True	True
21920	asenyaev	2022-04-28 13:31:24	asenyaev	2022-04-28 13:19:00	18	15	3	True	True
21919	asmorkalov	2022-04-28 09:24:31	asmorkalov	2022-04-28 09:18:26	12	11	1	True	True
21918	WanliZhong	2022-04-28 04:53:39	WanliZhong	2022-05-11 06:28:33	100	55	45	False	True
21918	WanliZhong	2022-04-28 04:53:39	WanliZhong	2022-05-03 02:14:23	284	190	94	False	True
21918	WanliZhong	2022-04-28 04:53:39	WanliZhong	2022-05-10 12:19:34	63	34	29	False	True
21918	WanliZhong	2022-04-28 04:53:39	WanliZhong	2022-05-10 09:22:15	348	243	105	False	True
21918	WanliZhong	2022-04-28 04:53:39	WanliZhong	2022-04-28 04:53:02	551	551	0	True	True
21918	WanliZhong	2022-04-28 04:53:39	WanliZhong	2022-05-10 15:50:47	86	48	38	False	True
21918	WanliZhong	2022-04-28 04:53:39	WanliZhong	2022-05-19 14:35:23	491	188	303	False	True
21918	WanliZhong	2022-04-28 04:53:39	WanliZhong	2022-05-23 02:39:10	1	1	0	False	True
21918	WanliZhong	2022-04-28 04:53:39	WanliZhong	2022-05-23 01:18:34	2	0	2	False	True
21918	WanliZhong	2022-04-28 04:53:39	WanliZhong	2022-05-20 05:42:28	236	126	110	False	True
21918	WanliZhong	2022-04-28 04:53:39	WanliZhong	2022-04-29 16:07:20	315	169	146	False	True
21917	asenyaev	2022-04-27 15:57:59	asenyaev	2022-04-28 11:59:12	14	13	1	False	True
21917	asenyaev	2022-04-27 15:57:59	asenyaev	2022-05-11 09:31:24	188	183	5	False	True
21917	asenyaev	2022-04-27 15:57:59	asenyaev	2022-04-27 16:08:17	41	21	20	False	True
21916	chenjunnn	2022-04-27 10:15:31	chenjunnn	2022-04-27 10:13:57	2	1	1	True	True
21915	asenyaev	2022-04-26 11:22:44	asenyaev	2022-04-26 11:20:44	18	15	3	True	True
21914	asenyaev	2022-04-26 11:07:47	asenyaev	2022-04-26 11:05:21	14	13	1	True	True
21910	zihaomu	2022-04-25 14:14:03	zihaomu	2022-06-24 09:45:11	6	3	3	False	True
21910	zihaomu	2022-04-25 14:14:03	zihaomu	2022-07-01 08:09:14	4	2	2	False	True
21910	zihaomu	2022-04-25 14:14:03	zihaomu	2022-06-29 06:57:48	25	16	9	False	True
21910	zihaomu	2022-04-25 14:14:03	zihaomu	2022-07-01 07:15:13	31	20	11	False	True
21910	zihaomu	2022-04-25 14:14:03	zihaomu	2022-06-24 09:33:07	1520	759	761	False	True
21910	zihaomu	2022-04-25 14:14:03	zihaomu	2022-06-16 14:49:36	3278	3269	9	False	True
21909	dbudnikov	2022-04-25 13:08:28	dbudnikov	2022-04-21 12:58:39	449	92	357	True	True
21909	dbudnikov	2022-04-25 13:08:28	dbudnikov	2022-05-05 17:01:37	471	165	306	False	True
21908	cpoerschke	2022-04-24 20:41:24	cpoerschke	2022-04-24 20:32:44	11	0	11	True	True
21907	fengyuentau	2022-04-24 08:16:52	fengyuentau	2022-04-29 03:04:06	16	5	11	False	True
21905	asenyaev	2022-04-23 22:58:25	asenyaev	2022-04-23 22:53:53	22	10	12	True	True
21904	asenyaev	2022-04-23 22:49:25	asenyaev	2022-04-23 22:44:15	5	3	2	True	True
21897	asenyaev	2022-04-22 18:21:40	asenyaev	2022-04-22 17:48:29	189	189	0	True	True
21897	asenyaev	2022-04-22 18:21:40	asenyaev	2022-04-27 11:50:20	15	14	1	False	True
21897	asenyaev	2022-04-22 18:21:40	asenyaev	2022-04-23 23:08:14	7	4	3	False	True
21897	asenyaev	2022-04-22 18:21:40	asenyaev	2022-05-12 17:36:37	2	1	1	False	True
21896	asenyaev	2022-04-22 18:21:37	asenyaev	2022-04-22 17:47:13	22	11	11	True	True
21888	asenyaev	2022-04-20 17:53:14	asenyaev	2022-04-27 11:48:07	15	14	1	False	True
21888	asenyaev	2022-04-20 17:53:14	asenyaev	2022-04-20 15:08:46	191	191	0	True	True
21888	asenyaev	2022-04-20 17:53:14	asenyaev	2022-04-23 23:04:56	7	4	3	False	True
21888	asenyaev	2022-04-20 17:53:14	asenyaev	2022-04-22 18:13:23	197	79	118	False	True
21884	rogday	2022-04-18 17:22:27	rogday	2022-04-18 16:25:49	54	32	22	True	True
21884	rogday	2022-04-18 17:22:27	rogday	2022-04-19 11:52:20	9	9	0	False	True
21883	SergeyIvanov87	2022-04-18 08:38:24	SergeyIvanov87	2022-04-18 08:35:55	851	667	184	True	True
21883	SergeyIvanov87	2022-04-18 08:38:24	SergeyIvanov87	2022-04-19 06:23:07	21	10	11	False	True
21883	SergeyIvanov87	2022-04-18 08:38:24	SergeyIvanov87	2022-04-22 07:41:56	12	0	12	False	True
21883	SergeyIvanov87	2022-04-18 08:38:24	SergeyIvanov87	2022-05-08 22:35:02	8	8	0	False	True
21882	duanqn	2022-04-18 06:21:52	duanqn	2022-04-18 06:18:27	2	1	1	True	True
21877	asenyaev	2022-04-15 17:01:56	asenyaev	2022-04-15 19:22:54	20	14	6	False	True
21876	asenyaev	2022-04-15 16:52:17	asenyaev	2022-04-20 13:07:44	438	163	275	False	True
21876	asenyaev	2022-04-15 16:52:17	asenyaev	2022-04-15 19:23:34	275	275	0	False	True
21875	asenyaev	2022-04-15 16:43:04	asenyaev	2022-04-18 13:40:53	404	127	277	False	True
21875	asenyaev	2022-04-15 16:43:04	asenyaev	2022-04-19 12:18:29	284	275	9	False	True
21875	asenyaev	2022-04-15 16:43:04	asenyaev	2022-04-20 13:09:28	346	60	286	False	True
21875	asenyaev	2022-04-15 16:43:04	asenyaev	2022-04-15 18:54:03	277	277	0	False	True
21871	xiongzhen	2022-04-15 06:40:23	xiongzhen	2022-05-13 06:44:25	44	43	1	False	True
21865	rogday	2022-04-13 20:21:51	rogday	2022-04-15 16:03:18	266	225	41	False	True
21865	rogday	2022-04-13 20:21:51	fengyuentau	2022-07-12 07:55:05	101	30	71	False	True
21865	rogday	2022-04-13 20:21:51	fengyuentau	2022-06-28 07:56:04	8	6	2	False	True
21865	rogday	2022-04-13 20:21:51	fengyuentau	2022-07-07 06:45:37	48	37	11	False	True
21865	rogday	2022-04-13 20:21:51	fengyuentau	2022-06-30 12:14:01	79	47	32	False	True
21865	rogday	2022-04-13 20:21:51	fengyuentau	2022-07-12 12:09:03	67	2	65	False	True
21865	rogday	2022-04-13 20:21:51	fengyuentau	2022-07-12 11:57:58	9	0	9	False	True
21865	rogday	2022-04-13 20:21:51	fengyuentau	2022-07-07 01:59:16	4	2	2	False	True
21865	rogday	2022-04-13 20:21:51	fengyuentau	2022-07-09 08:51:35	50	28	22	False	True
21865	rogday	2022-04-13 20:21:51	fengyuentau	2022-06-27 09:08:29	35	25	10	False	True
21865	rogday	2022-04-13 20:21:51	fengyuentau	2022-07-01 05:01:15	2	1	1	False	True
21865	rogday	2022-04-13 20:21:51	fengyuentau	2022-07-13 04:00:03	5	3	2	False	True
21865	rogday	2022-04-13 20:21:51	fengyuentau	2022-07-01 03:12:48	2	1	1	False	True
21865	rogday	2022-04-13 20:21:51	fengyuentau	2022-07-09 07:12:44	124	109	15	False	True
21865	rogday	2022-04-13 20:21:51	rogday	2022-04-12 17:08:28	1193	1181	12	True	True
21865	rogday	2022-04-13 20:21:51	fengyuentau	2022-06-27 09:06:30	13	5	8	False	True
21865	rogday	2022-04-13 20:21:51	fengyuentau	2022-06-23 08:20:28	46	43	3	False	True
21865	rogday	2022-04-13 20:21:51	fengyuentau	2022-06-17 02:38:14	2	2	0	False	True
21865	rogday	2022-04-13 20:21:51	fengyuentau	2022-06-16 12:41:17	1	1	0	False	True
21865	rogday	2022-04-13 20:21:51	fengyuentau	2022-06-16 12:01:10	13	9	4	False	True
21865	rogday	2022-04-13 20:21:51	fengyuentau	2022-06-16 03:43:11	4	2	2	False	True
21865	rogday	2022-04-13 20:21:51	fengyuentau	2022-06-15 05:05:52	8	4	4	False	True
21865	rogday	2022-04-13 20:21:51	fengyuentau	2022-07-09 05:57:32	31	20	11	False	True
21865	rogday	2022-04-13 20:21:51	rogday	2022-04-14 19:15:58	1171	0	1171	False	True
21865	rogday	2022-04-13 20:21:51	fengyuentau	2022-06-23 12:38:01	11	5	6	False	True
21865	rogday	2022-04-13 20:21:51	rogday	2022-04-14 19:12:52	796	307	489	False	True
21865	rogday	2022-04-13 20:21:51	rogday	2022-04-12 16:17:00	238	193	45	True	True
21865	rogday	2022-04-13 20:21:51	rogday	2022-04-11 18:16:54	291	291	0	True	True
21865	rogday	2022-04-13 20:21:51	fengyuentau	2022-07-01 02:51:20	68	67	1	False	True
21864	rogday	2022-04-13 20:03:26	rogday	2022-04-13 19:45:43	23	22	1	True	True
21861	rogday	2022-04-13 14:48:29	rogday	2022-04-13 12:55:36	9	8	1	True	True
21856	LaurentBerger	2022-04-12 11:51:29	LaurentBerger	2022-04-12 11:48:33	2	1	1	True	True
21847	lamm45	2022-04-10 17:30:33	lamm45	2022-04-10 17:13:30	10	5	5	True	True
21844	Yulv-git	2022-04-09 15:30:30	Yulv-git	2022-04-11 09:18:32	2	1	1	False	True
21844	Yulv-git	2022-04-09 15:30:30	Yulv-git	2022-04-11 09:19:07	2	1	1	False	True
21844	Yulv-git	2022-04-09 15:30:30	Yulv-git	2022-04-11 09:19:41	2	1	1	False	True
21844	Yulv-git	2022-04-09 15:30:30	Yulv-git	2022-04-09 15:26:12	17683	17623	60	True	True
21844	Yulv-git	2022-04-09 15:30:30	Yulv-git	2022-04-09 14:58:57	4011	4000	11	True	True
21843	Rufflewind	2022-04-09 05:53:32	Rufflewind	2022-04-09 05:48:03	11	7	4	True	True
21841	victor1234	2022-04-08 21:36:31	victor1234	2022-04-08 21:33:31	42	42	0	True	True
21841	victor1234	2022-04-08 21:36:31	victor1234	2022-04-13 08:46:11	14	6	8	False	True
21841	victor1234	2022-04-08 21:36:31	victor1234	2022-04-18 15:14:45	19	15	4	False	True
21841	victor1234	2022-04-08 21:36:31	victor1234	2022-04-13 10:17:55	5	3	2	False	True
21841	victor1234	2022-04-08 21:36:31	victor1234	2022-04-18 09:24:31	1	0	1	False	True
21841	victor1234	2022-04-08 21:36:31	victor1234	2022-04-12 18:41:43	26	26	0	False	True
21841	victor1234	2022-04-08 21:36:31	victor1234	2022-04-12 16:50:23	63	31	32	False	True
21841	victor1234	2022-04-08 21:36:31	victor1234	2022-04-12 18:45:17	2	1	1	False	True
21841	victor1234	2022-04-08 21:36:31	victor1234	2022-04-12 11:28:56	25	16	9	False	True
21834	victor1234	2022-04-07 15:57:01	victor1234	2022-04-08 10:11:53	18	14	4	False	True
21834	victor1234	2022-04-07 15:57:01	victor1234	2022-04-07 15:32:44	17	10	7	True	True
21833	gititgo	2022-04-07 11:32:19	shengwenxue	2022-04-07 08:54:18	1367	1361	6	True	True
21833	gititgo	2022-04-07 11:32:19	shengwenxue	2022-04-07 03:42:16	268	268	0	True	True
21833	gititgo	2022-04-07 11:32:19	shengwenxue	2022-04-07 03:52:36	112	112	0	True	True
21833	gititgo	2022-04-07 11:32:19	shengwenxue	2022-04-07 03:23:46	3322	3322	0	True	True
21833	gititgo	2022-04-07 11:32:19	shengwenxue	2022-08-15 10:53:54	142	71	71	False	True
21833	gititgo	2022-04-07 11:32:19	loongson	2022-09-02 11:21:23	4	4	0	False	True
21833	gititgo	2022-04-07 11:32:19	shengwenxue	2022-06-13 02:18:02	2	1	1	False	True
21833	gititgo	2022-04-07 11:32:19	shengwenxue	2022-08-16 07:32:52	2	1	1	False	True
21833	gititgo	2022-04-07 11:32:19	loongson	2022-05-25 02:21:09	2	2	0	False	True
21831	zihaomu	2022-04-07 06:38:16	zihaomu	2022-04-07 07:32:12	291	284	7	False	True
21827	ethaniunu	2022-04-05 19:19:17	ethaniunu	2022-04-05 19:17:13	4	4	0	True	True
21821	alalek	2022-04-04 19:08:20	alalek	2022-04-04 19:00:28	11923	10881	1042	True	True
21821	alalek	2022-04-04 19:08:20	alalek	2022-04-04 19:02:48	1	1	0	True	True
21820	alalek	2022-04-04 18:55:07	alalek	2022-04-01 18:02:14	28	13	15	True	True
21819	alalek	2022-04-04 17:43:23	alalek	2022-04-01 18:02:14	21	10	11	True	True
21818	rogday	2022-04-04 14:46:27	alalek	2022-05-22 14:06:32	22	20	2	False	True
21818	rogday	2022-04-04 14:46:27	rogday	2022-04-04 14:44:15	12	9	3	True	True
21816	OrestChura	2022-04-04 10:34:20	OrestChura	2022-04-04 09:36:52	3983	1976	2007	True	True
21815	sivanov-work	2022-04-04 05:34:44	sivanov-work	2022-04-04 05:25:03	1	1	0	True	True
21812	cpoerschke	2022-04-03 19:44:58	cpoerschke	2022-04-03 19:35:55	4	4	0	True	True
21811	fengyuentau	2022-04-03 15:34:38	fengyuentau	2022-04-21 06:48:40	66	48	18	False	True
21805	rogday	2022-04-01 17:53:59	rogday	2022-04-01 17:49:54	18	11	7	True	True
21805	rogday	2022-04-01 17:53:59	rogday	2022-04-18 19:20:40	22	14	8	False	True
21803	oguzhanguclu	2022-04-01 08:13:25	oguzhanguclu	2022-04-01 08:44:25	17	17	0	False	True
21803	oguzhanguclu	2022-04-01 08:13:25	oguzhanguclu	2022-04-01 07:50:44	4	2	2	True	True
