pr_number	author_user_login	pr_created_at	review_user_login	review_created_at	filename	create_before_pr	has_issue_comment	has_review_comment	has_commit
22456	TolyaTalamanov	2022-08-31 11:37:17	dmatveev	2022-08-31 12:24:46	modules/gapi/src/streaming/onevpl/cfg_param_device_selector.cpp	True	True	False	True
22456	TolyaTalamanov	2022-08-31 11:37:17	dmatveev	2022-08-31 12:24:46	modules/gapi/src/streaming/onevpl/accelerators/accel_policy_va_api.cpp	True	True	False	True
22456	TolyaTalamanov	2022-08-31 11:37:17	dmatveev	2022-08-31 12:24:46	modules/gapi/samples/onevpl_infer_single_roi.cpp	True	True	False	True
22454	zihaomu	2022-08-31 06:10:01	alalek	2022-09-02 09:33:28	modules/dnn/src/layers/fast_convolution/fast_convolution.hpp	False	False	True	True
22454	zihaomu	2022-08-31 06:10:01	alalek	2022-09-02 08:24:14	modules/dnn/src/layers/fast_convolution/fast_convolution.hpp	False	False	True	True
22454	zihaomu	2022-08-31 06:10:01	alalek	2022-08-31 21:01:05	modules/dnn/src/layers/fast_convolution/fast_convolution.hpp	False	False	True	True
22454	zihaomu	2022-08-31 06:10:01	alalek	2022-08-31 07:44:34	modules/dnn/src/layers/fast_convolution/fast_convolution.hpp	False	False	True	True
22451	dmatveev	2022-08-30 20:57:27	TolyaTalamanov	2022-09-04 11:24:45	modules/gapi/src/executor/gexecutor.hpp	True	True	True	True
22451	dmatveev	2022-08-30 20:57:27	TolyaTalamanov	2022-09-04 11:24:45	modules/gapi/src/executor/gabstractexecutor.hpp	True	True	True	True
22451	dmatveev	2022-08-30 20:57:27	TolyaTalamanov	2022-09-04 11:24:45	modules/gapi/src/executor/gabstractexecutor.cpp	True	True	True	True
22451	dmatveev	2022-08-30 20:57:27	TolyaTalamanov	2022-09-04 11:24:45	modules/gapi/src/compiler/gcompiled_priv.hpp	True	True	True	True
22451	dmatveev	2022-08-30 20:57:27	TolyaTalamanov	2022-09-04 11:24:45	modules/gapi/src/compiler/gcompiled.cpp	True	True	True	True
22451	dmatveev	2022-08-30 20:57:27	TolyaTalamanov	2022-09-04 11:24:45	modules/gapi/CMakeLists.txt	True	True	True	True
22451	dmatveev	2022-08-30 20:57:27	TolyaTalamanov	2022-09-04 11:23:09	modules/gapi/src/executor/gstreamingexecutor.hpp	True	True	True	True
22451	dmatveev	2022-08-30 20:57:27	TolyaTalamanov	2022-09-04 11:23:09	modules/gapi/src/executor/gstreamingexecutor.cpp	True	True	True	True
22451	dmatveev	2022-08-30 20:57:27	TolyaTalamanov	2022-09-04 11:23:09	modules/gapi/src/executor/gabstractstreamingexecutor.hpp	True	True	True	True
22451	dmatveev	2022-08-30 20:57:27	TolyaTalamanov	2022-09-04 11:23:09	modules/gapi/src/executor/gabstractstreamingexecutor.cpp	True	True	True	True
22451	dmatveev	2022-08-30 20:57:27	TolyaTalamanov	2022-09-04 11:23:09	modules/gapi/src/compiler/gstreaming.cpp	True	True	True	True
22451	dmatveev	2022-08-30 20:57:27	TolyaTalamanov	2022-09-04 11:23:09	modules/gapi/src/executor/gexecutor.hpp	True	True	True	True
22451	dmatveev	2022-08-30 20:57:27	TolyaTalamanov	2022-09-04 11:23:09	modules/gapi/src/executor/gexecutor.cpp	True	True	True	True
22451	dmatveev	2022-08-30 20:57:27	TolyaTalamanov	2022-09-04 11:23:09	modules/gapi/src/executor/gabstractexecutor.hpp	True	True	True	True
22451	dmatveev	2022-08-30 20:57:27	TolyaTalamanov	2022-09-04 11:23:09	modules/gapi/src/executor/gabstractexecutor.cpp	True	True	True	True
22451	dmatveev	2022-08-30 20:57:27	TolyaTalamanov	2022-09-04 11:23:09	modules/gapi/src/compiler/gcompiled_priv.hpp	True	True	True	True
22451	dmatveev	2022-08-30 20:57:27	TolyaTalamanov	2022-09-04 11:23:09	modules/gapi/src/compiler/gcompiled.cpp	True	True	True	True
22451	dmatveev	2022-08-30 20:57:27	TolyaTalamanov	2022-09-04 11:23:09	modules/gapi/CMakeLists.txt	True	True	True	True
22451	dmatveev	2022-08-30 20:57:27	TolyaTalamanov	2022-09-04 11:24:45	modules/gapi/src/executor/gexecutor.cpp	True	True	True	True
22451	dmatveev	2022-08-30 20:57:27	TolyaTalamanov	2022-09-04 11:23:09	modules/gapi/src/compiler/gstreaming_priv.hpp	True	True	True	True
22451	dmatveev	2022-08-30 20:57:27	TolyaTalamanov	2022-09-04 11:24:45	modules/gapi/src/compiler/gstreaming.cpp	True	True	True	True
22451	dmatveev	2022-08-30 20:57:27	TolyaTalamanov	2022-09-04 11:25:05	modules/gapi/src/executor/gabstractexecutor.hpp	True	True	True	True
22451	dmatveev	2022-08-30 20:57:27	TolyaTalamanov	2022-09-04 11:25:05	modules/gapi/src/executor/gstreamingexecutor.hpp	True	True	True	True
22451	dmatveev	2022-08-30 20:57:27	TolyaTalamanov	2022-09-04 11:25:05	modules/gapi/src/executor/gstreamingexecutor.cpp	True	True	True	True
22451	dmatveev	2022-08-30 20:57:27	TolyaTalamanov	2022-09-04 11:25:05	modules/gapi/src/executor/gabstractstreamingexecutor.hpp	True	True	True	True
22451	dmatveev	2022-08-30 20:57:27	TolyaTalamanov	2022-09-04 11:25:05	modules/gapi/src/executor/gabstractstreamingexecutor.cpp	True	True	True	True
22451	dmatveev	2022-08-30 20:57:27	TolyaTalamanov	2022-09-04 11:25:05	modules/gapi/src/compiler/gstreaming_priv.hpp	True	True	True	True
22451	dmatveev	2022-08-30 20:57:27	TolyaTalamanov	2022-09-04 11:25:05	modules/gapi/src/compiler/gstreaming.cpp	True	True	True	True
22451	dmatveev	2022-08-30 20:57:27	TolyaTalamanov	2022-09-04 11:25:05	modules/gapi/src/executor/gexecutor.cpp	True	True	True	True
22451	dmatveev	2022-08-30 20:57:27	TolyaTalamanov	2022-09-04 11:24:45	modules/gapi/src/compiler/gstreaming_priv.hpp	True	True	True	True
22451	dmatveev	2022-08-30 20:57:27	TolyaTalamanov	2022-09-04 11:25:05	modules/gapi/src/executor/gexecutor.hpp	True	True	True	True
22451	dmatveev	2022-08-30 20:57:27	TolyaTalamanov	2022-09-04 11:25:05	modules/gapi/src/executor/gabstractexecutor.cpp	True	True	True	True
22451	dmatveev	2022-08-30 20:57:27	TolyaTalamanov	2022-09-04 11:25:05	modules/gapi/src/compiler/gcompiled_priv.hpp	True	True	True	True
22451	dmatveev	2022-08-30 20:57:27	TolyaTalamanov	2022-09-04 11:25:05	modules/gapi/src/compiler/gcompiled.cpp	True	True	True	True
22451	dmatveev	2022-08-30 20:57:27	TolyaTalamanov	2022-09-04 11:25:05	modules/gapi/CMakeLists.txt	True	True	True	True
22451	dmatveev	2022-08-30 20:57:27	TolyaTalamanov	2022-09-04 11:24:45	modules/gapi/src/executor/gstreamingexecutor.hpp	True	True	True	True
22451	dmatveev	2022-08-30 20:57:27	TolyaTalamanov	2022-09-04 11:24:45	modules/gapi/src/executor/gstreamingexecutor.cpp	True	True	True	True
22451	dmatveev	2022-08-30 20:57:27	TolyaTalamanov	2022-09-04 11:24:45	modules/gapi/src/executor/gabstractstreamingexecutor.hpp	True	True	True	True
22451	dmatveev	2022-08-30 20:57:27	TolyaTalamanov	2022-09-04 11:24:45	modules/gapi/src/executor/gabstractstreamingexecutor.cpp	True	True	True	True
22448	Ichini24	2022-08-30 16:53:41	fengyuentau	2022-09-02 03:48:06	modules/dnn/src/tensorflow/tf_importer.cpp	True	True	True	True
22448	Ichini24	2022-08-30 16:53:41	fengyuentau	2022-09-06 13:39:46	modules/dnn/src/tensorflow/tf_importer.cpp	True	True	True	True
22448	Ichini24	2022-08-30 16:53:41	fengyuentau	2022-09-06 13:39:46	modules/dnn/test/test_tf_importer.cpp	True	True	True	True
22448	Ichini24	2022-08-30 16:53:41	rogday	2022-09-12 16:19:45	modules/dnn/test/test_tf_importer.cpp	True	True	True	True
22448	Ichini24	2022-08-30 16:53:41	fengyuentau	2022-09-03 15:50:46	modules/dnn/src/tensorflow/tf_importer.cpp	True	True	True	True
22448	Ichini24	2022-08-30 16:53:41	fengyuentau	2022-09-03 15:50:46	modules/dnn/test/test_tf_importer.cpp	True	True	True	True
22448	Ichini24	2022-08-30 16:53:41	rogday	2022-09-06 13:48:15	modules/dnn/src/tensorflow/tf_importer.cpp	True	True	True	True
22448	Ichini24	2022-08-30 16:53:41	rogday	2022-09-06 13:48:15	modules/dnn/test/test_tf_importer.cpp	True	True	True	True
22448	Ichini24	2022-08-30 16:53:41	rogday	2022-09-12 16:19:45	modules/dnn/src/tensorflow/tf_importer.cpp	True	True	True	True
22448	Ichini24	2022-08-30 16:53:41	fengyuentau	2022-09-02 03:48:06	modules/dnn/test/test_tf_importer.cpp	True	True	True	True
22448	Ichini24	2022-08-30 16:53:41	rogday	2022-09-06 12:59:13	modules/dnn/test/test_tf_importer.cpp	True	True	True	True
22448	Ichini24	2022-08-30 16:53:41	rogday	2022-09-06 13:51:48	modules/dnn/src/tensorflow/tf_importer.cpp	True	True	True	True
22448	Ichini24	2022-08-30 16:53:41	rogday	2022-09-06 13:51:48	modules/dnn/test/test_tf_importer.cpp	True	True	True	True
22448	Ichini24	2022-08-30 16:53:41	rogday	2022-09-06 12:59:13	modules/dnn/src/tensorflow/tf_importer.cpp	True	True	True	True
22448	Ichini24	2022-08-30 16:53:41	zihaomu	2022-09-05 00:43:54	modules/dnn/src/tensorflow/tf_importer.cpp	True	True	True	True
22448	Ichini24	2022-08-30 16:53:41	zihaomu	2022-09-05 00:43:54	modules/dnn/test/test_tf_importer.cpp	True	True	True	True
22444	catree	2022-08-29 22:49:05	asmorkalov	2022-09-19 11:37:05	samples/cpp/calibration.cpp	True	False	False	True
22443	catree	2022-08-29 22:22:42	asmorkalov	2022-08-31 06:47:45	samples/cpp/calibration.cpp	True	False	False	True
22440	zihaomu	2022-08-29 07:58:21	vpisarev	2022-08-30 06:54:07	modules/dnn/src/layers/fast_convolution/fast_convolution.simd.hpp	False	True	False	True
22440	zihaomu	2022-08-29 07:58:21	vpisarev	2022-08-30 06:54:07	modules/dnn/src/layers/fast_convolution/fast_convolution.cpp	False	True	False	True
22440	zihaomu	2022-08-29 07:58:21	asenyaev	2022-08-29 09:46:33	modules/dnn/src/layers/fast_convolution/fast_convolution.simd.hpp	False	True	False	True
22440	zihaomu	2022-08-29 07:58:21	asenyaev	2022-08-29 09:46:33	modules/dnn/src/layers/fast_convolution/fast_convolution.cpp	False	True	False	True
22436	Harvey-Huang	2022-08-29 02:28:46	asmorkalov	2022-08-30 07:12:31	modules/imgcodecs/test/test_tiff.cpp	True	False	True	True
22436	Harvey-Huang	2022-08-29 02:28:46	asmorkalov	2022-08-30 07:12:31	modules/imgcodecs/src/grfmt_tiff.cpp	True	False	True	True
22432	dmatveev	2022-08-26 18:34:48	alalek	2022-08-28 17:28:16	modules/gapi/cmake/DownloadADE.cmake	True	False	False	True
22429	hanliutong	2022-08-26 07:57:11	asmorkalov	2022-08-31 13:13:21	modules/core/test/test_intrin_utils.hpp	True	True	False	True
22429	hanliutong	2022-08-26 07:57:11	asmorkalov	2022-08-31 13:13:21	modules/core/include/opencv2/core/hal/intrin_rvv_scalable.hpp	True	True	False	True
22425	AleksandrPanov	2022-08-24 21:29:21	asmorkalov	2022-08-25 12:38:27	modules/objdetect/test/test_qrcode.cpp	False	False	True	True
22425	AleksandrPanov	2022-08-24 21:29:21	asmorkalov	2022-08-25 07:11:42	modules/objdetect/test/test_qrcode.cpp	False	False	True	True
22422	Biswa96	2022-08-24 04:19:34	alalek	2022-08-24 21:52:07	cmake/OpenCVInstallLayout.cmake	True	False	True	True
22422	Biswa96	2022-08-24 04:19:34	alalek	2022-08-24 21:52:07	cmake/OpenCVDetectPython.cmake	True	False	True	True
22422	Biswa96	2022-08-24 04:19:34	alalek	2022-08-24 21:52:07	CMakeLists.txt	True	False	True	True
22422	Biswa96	2022-08-24 04:19:34	alalek	2022-08-24 07:39:35	modules/python/common.cmake	True	False	True	True
22422	Biswa96	2022-08-24 04:19:34	alalek	2022-08-24 07:39:35	cmake/OpenCVInstallLayout.cmake	True	False	True	True
22422	Biswa96	2022-08-24 04:19:34	alalek	2022-08-24 07:39:35	cmake/OpenCVDetectPython.cmake	True	False	True	True
22422	Biswa96	2022-08-24 04:19:34	alalek	2022-08-24 07:39:35	CMakeLists.txt	True	False	True	True
22422	Biswa96	2022-08-24 04:19:34	alalek	2022-08-24 21:52:07	modules/python/common.cmake	True	False	True	True
22417	savuor	2022-08-23 08:24:49	asmorkalov	2022-08-23 10:55:34	modules/3d/src/levmarq.cpp	True	False	False	True
22413	savuor	2022-08-22 21:57:36	asmorkalov	2022-08-23 06:22:07	modules/3d/src/levmarq.cpp	True	False	False	True
22412	asenyaev	2022-08-22 15:05:36	asmorkalov	2022-08-25 16:48:01	3rdparty/carotene/CMakeLists.txt	False	False	False	True
22412	asenyaev	2022-08-22 15:05:36	fengyuentau	2022-08-22 16:28:25	3rdparty/carotene/CMakeLists.txt	True	False	False	True
22412	asenyaev	2022-08-22 15:05:36	fengyuentau	2022-08-22 16:28:25	3rdparty/carotene/src/add_weighted.cpp	False	False	False	True
22412	asenyaev	2022-08-22 15:05:36	fengyuentau	2022-08-22 16:28:25	3rdparty/carotene/CMakeLists.txt	False	False	False	True
22412	asenyaev	2022-08-22 15:05:36	asmorkalov	2022-08-25 16:48:01	3rdparty/carotene/CMakeLists.txt	True	False	False	True
22412	asenyaev	2022-08-22 15:05:36	asmorkalov	2022-08-25 16:48:01	3rdparty/carotene/src/add_weighted.cpp	False	False	False	True
22411	zihaomu	2022-08-22 03:20:30	alalek	2022-08-24 21:56:59	modules/videoio/src/cap_obsensor/obsensor_uvc_stream_channel.cpp	True	False	False	True
22411	zihaomu	2022-08-22 03:20:30	alalek	2022-08-24 21:56:59	modules/videoio/include/opencv2/videoio.hpp	True	False	False	True
22411	zihaomu	2022-08-22 03:20:30	alalek	2022-08-24 21:56:59	modules/videoio/src/cap_obsensor/obsensor_stream_channel_msmf.hpp	True	False	False	True
22411	zihaomu	2022-08-22 03:20:30	alalek	2022-08-24 21:56:59	samples/cpp/videocapture_obsensor.cpp	True	False	False	True
22410	zihaomu	2022-08-22 02:53:06	rogday	2022-08-22 12:25:06	modules/dnn/src/darknet/darknet_io.cpp	True	False	False	True
22407	Biswa96	2022-08-21 06:38:05	asmorkalov	2022-08-22 09:50:25	cmake/OpenCVGenPkgconfig.cmake	True	False	False	True
22407	Biswa96	2022-08-21 06:38:05	asmorkalov	2022-08-22 09:50:25	CMakeLists.txt	True	False	False	True
22403	Biswa96	2022-08-19 07:46:26	zihaomu	2022-08-19 09:48:28	modules/videoio/src/cap_msmf.cpp	True	True	False	True
22403	Biswa96	2022-08-19 07:46:26	zihaomu	2022-08-19 09:48:28	modules/videoio/src/cap_ffmpeg_hw.hpp	True	True	False	True
22401	zihaomu	2022-08-19 03:54:35	vpisarev	2022-08-26 09:56:26	modules/dnn/src/layers/fast_convolution/fast_convolution.simd.hpp	False	False	False	True
22401	zihaomu	2022-08-19 03:54:35	vpisarev	2022-08-26 09:56:26	modules/dnn/include/opencv2/dnn/all_layers.hpp	False	False	False	True
22401	zihaomu	2022-08-19 03:54:35	vpisarev	2022-08-26 09:56:26	modules/dnn/src/dnn_common.hpp	False	False	False	True
22401	zihaomu	2022-08-19 03:54:35	vpisarev	2022-08-26 09:56:26	modules/dnn/src/layers/fast_convolution/fast_convolution.avx2.cpp	False	False	False	True
22401	zihaomu	2022-08-19 03:54:35	vpisarev	2022-08-26 09:56:26	modules/dnn/src/layers/fast_convolution/fast_convolution.cpp	False	False	False	True
22401	zihaomu	2022-08-19 03:54:35	vpisarev	2022-08-26 09:56:26	modules/dnn/src/layers/fast_convolution/fast_convolution.hpp	False	False	False	True
22401	zihaomu	2022-08-19 03:54:35	vpisarev	2022-08-26 09:56:26	modules/dnn/src/layers/convolution_layer.cpp	False	False	False	True
22401	zihaomu	2022-08-19 03:54:35	vpisarev	2022-08-26 09:56:26	modules/dnn/src/layers/fast_convolution/winograd_3x3s1_f63.cpp	False	False	False	True
22401	zihaomu	2022-08-19 03:54:35	vpisarev	2022-08-26 09:56:26	modules/dnn/test/test_caffe_importer.cpp	False	False	False	True
22401	zihaomu	2022-08-19 03:54:35	vpisarev	2022-08-26 09:56:26	modules/dnn/src/net_impl_fuse.cpp	False	False	False	True
22401	zihaomu	2022-08-19 03:54:35	vpisarev	2022-08-26 09:56:26	modules/dnn/test/test_int8_layers.cpp	False	False	False	True
22401	zihaomu	2022-08-19 03:54:35	vpisarev	2022-08-26 09:56:26	modules/dnn/test/test_torch_importer.cpp	False	False	False	True
22396	dmatveev	2022-08-18 05:01:48	TolyaTalamanov	2022-08-18 08:47:04	modules/gapi/cmake/DownloadADE.cmake	True	False	True	True
22395	hzcyf	2022-08-18 03:59:29	zihaomu	2022-08-18 12:58:29	modules/videoio/src/cap_obsensor/obsensor_stream_channel_msmf.cpp	True	False	False	True
22395	hzcyf	2022-08-18 03:59:29	zihaomu	2022-08-18 04:07:27	modules/videoio/src/cap_obsensor/obsensor_stream_channel_msmf.cpp	True	False	False	True
22395	hzcyf	2022-08-18 03:59:29	vpisarev	2022-08-18 12:17:01	modules/videoio/src/cap_obsensor/obsensor_stream_channel_msmf.cpp	True	False	False	True
22393	TolyaTalamanov	2022-08-17 18:57:10	SergeyIvanov87	2022-08-19 17:10:21	modules/gapi/test/streaming/gapi_streaming_tests.cpp	True	False	True	True
22393	TolyaTalamanov	2022-08-17 18:57:10	SergeyIvanov87	2022-08-19 17:10:21	modules/gapi/src/streaming/onevpl/cfg_param_device_selector.cpp	True	False	True	True
22393	TolyaTalamanov	2022-08-17 18:57:10	alalek	2022-08-20 07:20:40	modules/gapi/test/streaming/gapi_streaming_tests.cpp	True	False	True	True
22393	TolyaTalamanov	2022-08-17 18:57:10	alalek	2022-08-20 07:20:40	modules/gapi/src/streaming/onevpl/cfg_param_device_selector.cpp	True	False	True	True
22393	TolyaTalamanov	2022-08-17 18:57:10	alalek	2022-08-20 07:20:40	modules/gapi/test/streaming/gapi_streaming_tests.cpp	False	False	True	True
22393	TolyaTalamanov	2022-08-17 18:57:10	SergeyIvanov87	2022-08-19 17:10:21	modules/gapi/test/streaming/gapi_streaming_tests.cpp	False	False	True	True
22385	jaskirat8	2022-08-16 06:35:10	alalek	2022-09-03 08:02:46	cmake/FindCUDNN.cmake	True	True	True	True
22385	jaskirat8	2022-08-16 06:35:10	alalek	2022-09-02 21:59:58	cmake/FindCUDNN.cmake	True	True	True	True
22382	AleksandrPanov	2022-08-15 07:37:47	asmorkalov	2022-08-16 13:47:42	modules/objdetect/src/qrcode.cpp	True	True	False	True
22382	AleksandrPanov	2022-08-15 07:37:47	asmorkalov	2022-08-16 13:47:42	modules/objdetect/misc/python/test/test_qrcode_detect.py	True	True	False	True
22382	AleksandrPanov	2022-08-15 07:37:47	asmorkalov	2022-08-16 13:47:42	modules/objdetect/perf/perf_qrcode_pipeline.cpp	True	True	False	True
22382	AleksandrPanov	2022-08-15 07:37:47	asmorkalov	2022-08-16 13:47:42	modules/objdetect/test/test_qrcode.cpp	True	True	False	True
22380	aniasusual	2022-08-14 20:18:29	asmorkalov	2022-08-15 08:15:48	doc/py_tutorials/py_calib3d/py_calibration/py_calibration.markdown	True	True	False	True
22377	Biswa96	2022-08-14 13:59:06	zihaomu	2022-08-18 04:12:00	modules/videoio/src/cap_obsensor/obsensor_stream_channel_msmf.hpp	True	True	False	True
22376	zihaomu	2022-08-14 13:07:32	asmorkalov	2022-08-15 09:28:52	modules/videoio/cmake/detect_obsensor.cmake	False	True	False	True
22372	ocpalo	2022-08-12 16:26:59	alalek	2022-09-11 17:34:01	3rdparty/libjpeg-turbo/CMakeLists.txt	False	True	True	True
22372	ocpalo	2022-08-12 16:26:59	asmorkalov	2022-08-18 06:52:26	3rdparty/libjpeg-turbo/CMakeLists.txt	True	True	True	True
22372	ocpalo	2022-08-12 16:26:59	alalek	2022-09-11 17:34:01	3rdparty/libjpeg-turbo/CMakeLists.txt	True	True	True	True
22372	ocpalo	2022-08-12 16:26:59	alalek	2022-09-11 17:34:01	3rdparty/libjpeg-turbo/src/simd/CMakeLists.txt	True	True	True	True
22372	ocpalo	2022-08-12 16:26:59	alalek	2022-09-11 17:34:01	CMakeLists.txt	True	True	True	True
22372	ocpalo	2022-08-12 16:26:59	alalek	2022-09-11 17:34:01	modules/imgcodecs/perf/perf_jpeg.cpp	True	True	True	True
22372	ocpalo	2022-08-12 16:26:59	alalek	2022-08-24 10:43:03	3rdparty/libjpeg-turbo/CMakeLists.txt	True	True	True	True
22372	ocpalo	2022-08-12 16:26:59	alalek	2022-09-11 17:34:01	CMakeLists.txt	False	True	True	True
22372	ocpalo	2022-08-12 16:26:59	asmorkalov	2022-09-13 15:19:41	modules/imgcodecs/perf/perf_jpeg.cpp	True	True	True	True
22372	ocpalo	2022-08-12 16:26:59	alalek	2022-08-24 10:43:03	3rdparty/libjpeg-turbo/src/simd/CMakeLists.txt	True	True	True	True
22372	ocpalo	2022-08-12 16:26:59	alalek	2022-08-24 10:43:03	CMakeLists.txt	True	True	True	True
22372	ocpalo	2022-08-12 16:26:59	alalek	2022-08-24 10:43:03	modules/imgcodecs/perf/perf_jpeg.cpp	True	True	True	True
22372	ocpalo	2022-08-12 16:26:59	alalek	2022-08-24 10:43:03	3rdparty/libjpeg-turbo/CMakeLists.txt	False	True	True	True
22372	ocpalo	2022-08-12 16:26:59	asmorkalov	2022-09-13 15:19:41	3rdparty/libjpeg-turbo/CMakeLists.txt	False	True	True	True
22372	ocpalo	2022-08-12 16:26:59	asmorkalov	2022-08-15 08:20:45	3rdparty/libjpeg-turbo/CMakeLists.txt	True	True	True	True
22372	ocpalo	2022-08-12 16:26:59	asmorkalov	2022-09-13 15:19:41	CMakeLists.txt	True	True	True	True
22372	ocpalo	2022-08-12 16:26:59	asmorkalov	2022-09-13 15:19:41	3rdparty/libjpeg-turbo/src/simd/CMakeLists.txt	True	True	True	True
22372	ocpalo	2022-08-12 16:26:59	asmorkalov	2022-09-13 15:19:41	3rdparty/libjpeg-turbo/CMakeLists.txt	True	True	True	True
22372	ocpalo	2022-08-12 16:26:59	asmorkalov	2022-09-13 19:51:48	CMakeLists.txt	False	True	True	True
22372	ocpalo	2022-08-12 16:26:59	asmorkalov	2022-09-13 19:51:48	3rdparty/libjpeg-turbo/CMakeLists.txt	False	True	True	True
22372	ocpalo	2022-08-12 16:26:59	asmorkalov	2022-09-13 19:51:48	modules/imgcodecs/perf/perf_jpeg.cpp	True	True	True	True
22372	ocpalo	2022-08-12 16:26:59	asmorkalov	2022-09-13 19:51:48	CMakeLists.txt	True	True	True	True
22372	ocpalo	2022-08-12 16:26:59	asmorkalov	2022-09-13 19:51:48	3rdparty/libjpeg-turbo/src/simd/CMakeLists.txt	True	True	True	True
22372	ocpalo	2022-08-12 16:26:59	asmorkalov	2022-09-13 19:51:48	3rdparty/libjpeg-turbo/CMakeLists.txt	True	True	True	True
22372	ocpalo	2022-08-12 16:26:59	asmorkalov	2022-08-18 06:52:26	CMakeLists.txt	False	True	True	True
22372	ocpalo	2022-08-12 16:26:59	asmorkalov	2022-08-18 06:52:26	3rdparty/libjpeg-turbo/CMakeLists.txt	False	True	True	True
22372	ocpalo	2022-08-12 16:26:59	asmorkalov	2022-08-18 06:52:26	modules/imgcodecs/perf/perf_jpeg.cpp	True	True	True	True
22372	ocpalo	2022-08-12 16:26:59	asmorkalov	2022-08-18 06:52:26	CMakeLists.txt	True	True	True	True
22372	ocpalo	2022-08-12 16:26:59	asmorkalov	2022-08-18 06:52:26	3rdparty/libjpeg-turbo/src/simd/CMakeLists.txt	True	True	True	True
22372	ocpalo	2022-08-12 16:26:59	alalek	2022-08-24 10:43:03	CMakeLists.txt	False	True	True	True
22372	ocpalo	2022-08-12 16:26:59	asmorkalov	2022-09-13 15:19:41	CMakeLists.txt	False	True	True	True
22372	ocpalo	2022-08-12 16:26:59	asmorkalov	2022-08-15 08:20:45	3rdparty/libjpeg-turbo/src/simd/CMakeLists.txt	True	True	True	True
22372	ocpalo	2022-08-12 16:26:59	asmorkalov	2022-08-17 07:26:45	3rdparty/libjpeg-turbo/CMakeLists.txt	False	True	True	True
22372	ocpalo	2022-08-12 16:26:59	asmorkalov	2022-08-15 08:20:45	CMakeLists.txt	True	True	True	True
22372	ocpalo	2022-08-12 16:26:59	asmorkalov	2022-08-17 07:25:01	CMakeLists.txt	False	True	True	True
22372	ocpalo	2022-08-12 16:26:59	asmorkalov	2022-08-17 07:25:01	3rdparty/libjpeg-turbo/CMakeLists.txt	False	True	True	True
22372	ocpalo	2022-08-12 16:26:59	asmorkalov	2022-08-17 07:25:01	modules/imgcodecs/perf/perf_jpeg.cpp	True	True	True	True
22372	ocpalo	2022-08-12 16:26:59	asmorkalov	2022-08-17 07:25:01	CMakeLists.txt	True	True	True	True
22372	ocpalo	2022-08-12 16:26:59	asmorkalov	2022-08-17 07:25:01	3rdparty/libjpeg-turbo/src/simd/CMakeLists.txt	True	True	True	True
22372	ocpalo	2022-08-12 16:26:59	asmorkalov	2022-08-17 07:25:01	3rdparty/libjpeg-turbo/CMakeLists.txt	True	True	True	True
22372	ocpalo	2022-08-12 16:26:59	asmorkalov	2022-08-17 07:14:14	3rdparty/libjpeg-turbo/CMakeLists.txt	False	True	True	True
22372	ocpalo	2022-08-12 16:26:59	asmorkalov	2022-08-17 07:14:14	modules/imgcodecs/perf/perf_jpeg.cpp	True	True	True	True
22372	ocpalo	2022-08-12 16:26:59	asmorkalov	2022-08-17 07:14:14	CMakeLists.txt	True	True	True	True
22372	ocpalo	2022-08-12 16:26:59	asmorkalov	2022-08-17 07:14:14	3rdparty/libjpeg-turbo/src/simd/CMakeLists.txt	True	True	True	True
22372	ocpalo	2022-08-12 16:26:59	asmorkalov	2022-08-17 07:14:14	3rdparty/libjpeg-turbo/CMakeLists.txt	True	True	True	True
22372	ocpalo	2022-08-12 16:26:59	asmorkalov	2022-08-17 07:26:45	CMakeLists.txt	False	True	True	True
22372	ocpalo	2022-08-12 16:26:59	asmorkalov	2022-08-17 07:14:14	CMakeLists.txt	False	True	True	True
22372	ocpalo	2022-08-12 16:26:59	asmorkalov	2022-08-17 07:26:45	modules/imgcodecs/perf/perf_jpeg.cpp	True	True	True	True
22372	ocpalo	2022-08-12 16:26:59	asmorkalov	2022-08-15 08:20:45	modules/imgcodecs/perf/perf_jpeg.cpp	True	True	True	True
22372	ocpalo	2022-08-12 16:26:59	asmorkalov	2022-08-17 07:26:45	3rdparty/libjpeg-turbo/src/simd/CMakeLists.txt	True	True	True	True
22372	ocpalo	2022-08-12 16:26:59	asmorkalov	2022-08-17 07:26:45	3rdparty/libjpeg-turbo/CMakeLists.txt	True	True	True	True
22372	ocpalo	2022-08-12 16:26:59	asmorkalov	2022-08-16 08:44:32	CMakeLists.txt	False	True	True	True
22372	ocpalo	2022-08-12 16:26:59	asmorkalov	2022-08-16 08:44:32	3rdparty/libjpeg-turbo/CMakeLists.txt	False	True	True	True
22372	ocpalo	2022-08-12 16:26:59	asmorkalov	2022-08-17 07:26:45	CMakeLists.txt	True	True	True	True
22372	ocpalo	2022-08-12 16:26:59	asmorkalov	2022-08-16 08:44:32	modules/imgcodecs/perf/perf_jpeg.cpp	True	True	True	True
22372	ocpalo	2022-08-12 16:26:59	asmorkalov	2022-08-16 08:44:32	CMakeLists.txt	True	True	True	True
22372	ocpalo	2022-08-12 16:26:59	asmorkalov	2022-08-16 08:44:32	3rdparty/libjpeg-turbo/src/simd/CMakeLists.txt	True	True	True	True
22372	ocpalo	2022-08-12 16:26:59	asmorkalov	2022-08-16 08:44:32	3rdparty/libjpeg-turbo/CMakeLists.txt	True	True	True	True
22372	ocpalo	2022-08-12 16:26:59	asmorkalov	2022-08-15 08:20:45	CMakeLists.txt	False	True	True	True
22372	ocpalo	2022-08-12 16:26:59	asmorkalov	2022-08-15 08:20:45	3rdparty/libjpeg-turbo/CMakeLists.txt	False	True	True	True
22371	kianelbo	2022-08-12 15:00:04	asmorkalov	2022-08-15 09:31:48	doc/py_tutorials/py_calib3d/py_calibration/py_calibration.markdown	True	False	False	True
22370	catree	2022-08-12 08:50:08	alalek	2022-08-14 15:02:55	modules/imgproc/include/opencv2/imgproc.hpp	True	False	False	True
22366	lukasalexanderweber	2022-08-11 16:07:50	asmorkalov	2022-08-12 06:42:52	samples/python/stitching_detailed.py	True	False	False	True
22362	fengyuentau	2022-08-10 11:58:44	rogday	2022-08-29 12:25:03	modules/dnn/src/tengine4dnn/src/tengine_graph_convolution.cpp	False	True	False	True
22362	fengyuentau	2022-08-10 11:58:44	rogday	2022-08-29 12:25:03	modules/dnn/src/tengine4dnn/include/tengine_graph_convolution.hpp	False	True	False	True
22362	fengyuentau	2022-08-10 11:58:44	rogday	2022-08-29 12:25:03	modules/dnn/src/onnx/onnx_importer.cpp	True	True	False	True
22362	fengyuentau	2022-08-10 11:58:44	rogday	2022-08-29 12:25:03	modules/dnn/src/layers/convolution_layer.cpp	True	True	False	True
22362	fengyuentau	2022-08-10 11:58:44	rogday	2022-08-29 12:25:03	modules/dnn/src/ocl4dnn/src/ocl4dnn_conv_spatial.cpp	False	True	False	True
22362	fengyuentau	2022-08-10 11:58:44	rogday	2022-08-29 12:25:03	modules/dnn/src/ocl4dnn/include/ocl4dnn.hpp	False	True	False	True
22362	fengyuentau	2022-08-10 11:58:44	rogday	2022-08-29 12:25:03	modules/dnn/src/layers/convolution_layer.cpp	False	True	False	True
22358	AleksandrPanov	2022-08-09 01:15:55	asmorkalov	2022-09-29 05:55:47	modules/objdetect/perf/perf_qrcode_pipeline.cpp	False	False	True	True
22358	AleksandrPanov	2022-08-09 01:15:55	asmorkalov	2022-08-10 09:47:21	modules/objdetect/misc/python/test/test_qrcode_detect.py	False	False	True	True
22358	AleksandrPanov	2022-08-09 01:15:55	asmorkalov	2022-08-10 09:47:21	modules/objdetect/perf/perf_qrcode_pipeline.cpp	False	False	True	True
22358	AleksandrPanov	2022-08-09 01:15:55	asmorkalov	2022-08-10 09:47:21	modules/objdetect/src/qrcode.cpp	False	False	True	True
22358	AleksandrPanov	2022-08-09 01:15:55	asmorkalov	2022-08-10 09:47:21	modules/objdetect/test/test_qrcode.cpp	False	False	True	True
22358	AleksandrPanov	2022-08-09 01:15:55	asmorkalov	2022-09-29 05:55:47	modules/objdetect/misc/python/test/test_qrcode_detect.py	False	False	True	True
22358	AleksandrPanov	2022-08-09 01:15:55	asmorkalov	2022-09-29 05:55:47	modules/objdetect/src/qrcode.cpp	False	False	True	True
22358	AleksandrPanov	2022-08-09 01:15:55	asmorkalov	2022-08-11 08:01:25	modules/objdetect/misc/python/test/test_qrcode_detect.py	False	False	True	True
22358	AleksandrPanov	2022-08-09 01:15:55	asmorkalov	2022-08-11 08:01:25	modules/objdetect/perf/perf_qrcode_pipeline.cpp	False	False	True	True
22358	AleksandrPanov	2022-08-09 01:15:55	asmorkalov	2022-08-11 08:01:25	modules/objdetect/src/qrcode.cpp	False	False	True	True
22358	AleksandrPanov	2022-08-09 01:15:55	asmorkalov	2022-08-11 08:01:25	modules/objdetect/test/test_qrcode.cpp	False	False	True	True
22358	AleksandrPanov	2022-08-09 01:15:55	asmorkalov	2022-09-29 05:55:47	modules/objdetect/test/test_qrcode.cpp	False	False	True	True
22357	jspricke	2022-08-08 21:36:14	asmorkalov	2022-08-11 09:50:10	modules/videoio/src/ffmpeg_codecs.hpp	True	False	False	True
22353	hanliutong	2022-08-08 02:33:53	vpisarev	2022-08-18 12:20:20	modules/core/include/opencv2/core/hal/intrin.hpp	True	True	False	True
22353	hanliutong	2022-08-08 02:33:53	vpisarev	2022-08-18 12:20:20	modules/core/test/test_intrin_utils.hpp	True	True	False	True
22353	hanliutong	2022-08-08 02:33:53	vpisarev	2022-08-18 12:20:20	modules/core/include/opencv2/core/hal/intrin_rvv_scalable.hpp	True	True	False	True
22353	hanliutong	2022-08-08 02:33:53	vpisarev	2022-08-18 12:20:20	modules/core/include/opencv2/core/hal/intrin_rvv_scalable.hpp	False	True	False	True
22353	hanliutong	2022-08-08 02:33:53	vpisarev	2022-08-18 12:20:20	modules/core/test/test_intrin_utils.hpp	False	True	False	True
22350	alalek	2022-08-07 12:52:29	asmorkalov	2022-08-09 05:11:12	3rdparty/protobuf/CMakeLists.txt	True	True	False	True
22350	alalek	2022-08-07 12:52:29	asmorkalov	2022-08-09 05:11:12	modules/dnn/CMakeLists.txt	True	True	False	True
22350	alalek	2022-08-07 12:52:29	asmorkalov	2022-08-09 05:11:12	modules/calib3d/CMakeLists.txt	True	True	False	True
22350	alalek	2022-08-07 12:52:29	asmorkalov	2022-08-09 05:11:12	modules/core/CMakeLists.txt	True	True	False	True
22350	alalek	2022-08-07 12:52:29	asmorkalov	2022-08-09 05:11:12	3rdparty/openexr/CMakeLists.txt	True	True	False	True
22350	alalek	2022-08-07 12:52:29	asmorkalov	2022-08-09 05:11:12	cmake/OpenCVCompilerOptions.cmake	True	True	False	True
22350	alalek	2022-08-07 12:52:29	asmorkalov	2022-08-09 05:11:12	modules/flann/CMakeLists.txt	True	True	False	True
22350	alalek	2022-08-07 12:52:29	asmorkalov	2022-08-09 05:11:12	modules/features2d/CMakeLists.txt	True	True	False	True
22350	alalek	2022-08-07 12:52:29	asmorkalov	2022-08-09 05:11:12	modules/imgproc/CMakeLists.txt	True	True	False	True
22350	alalek	2022-08-07 12:52:29	asmorkalov	2022-08-09 05:11:12	modules/ml/CMakeLists.txt	True	True	False	True
22350	alalek	2022-08-07 12:52:29	asmorkalov	2022-08-09 05:11:12	modules/objdetect/CMakeLists.txt	True	True	False	True
22350	alalek	2022-08-07 12:52:29	asmorkalov	2022-08-09 05:11:12	modules/shape/CMakeLists.txt	True	True	False	True
22350	alalek	2022-08-07 12:52:29	asmorkalov	2022-08-09 05:11:12	modules/stitching/CMakeLists.txt	True	True	False	True
22350	alalek	2022-08-07 12:52:29	asmorkalov	2022-08-09 05:11:12	modules/ts/CMakeLists.txt	True	True	False	True
22350	alalek	2022-08-07 12:52:29	asmorkalov	2022-08-09 05:11:12	samples/cpp/CMakeLists.txt	True	True	False	True
22347	bu3w	2022-08-06 08:09:24	zihaomu	2022-08-15 09:06:43	modules/videoio/src/cap_msmf.cpp	True	False	True	True
22347	bu3w	2022-08-06 08:09:24	alalek	2022-08-19 08:41:42	modules/videoio/src/cap_msmf.cpp	True	False	True	True
22347	bu3w	2022-08-06 08:09:24	alalek	2022-08-25 10:46:13	modules/videoio/src/cap_msmf.cpp	True	False	True	True
22346	fengyuentau	2022-08-06 07:01:47	alalek	2022-08-30 12:23:30	modules/core/test/test_mat.cpp	False	False	True	True
22346	fengyuentau	2022-08-06 07:01:47	alalek	2022-09-09 09:36:19	modules/core/src/arithm.cpp	True	False	True	True
22346	fengyuentau	2022-08-06 07:01:47	alalek	2022-09-09 09:36:19	modules/core/test/test_mat.cpp	False	False	True	True
22346	fengyuentau	2022-08-06 07:01:47	alalek	2022-09-09 09:36:19	modules/core/src/minmax.cpp	False	False	True	True
22346	fengyuentau	2022-08-06 07:01:47	alalek	2022-08-30 12:23:30	modules/core/test/test_mat.cpp	True	False	True	True
22346	fengyuentau	2022-08-06 07:01:47	alalek	2022-08-30 12:23:30	modules/core/src/minmax.cpp	True	False	True	True
22346	fengyuentau	2022-08-06 07:01:47	alalek	2022-08-30 12:23:30	modules/core/src/arithm.cpp	True	False	True	True
22346	fengyuentau	2022-08-06 07:01:47	alalek	2022-09-09 09:36:19	modules/core/test/test_mat.cpp	True	False	True	True
22346	fengyuentau	2022-08-06 07:01:47	alalek	2022-08-30 12:23:30	modules/core/src/minmax.cpp	False	False	True	True
22346	fengyuentau	2022-08-06 07:01:47	asmorkalov	2022-09-09 09:54:45	modules/core/src/minmax.cpp	False	False	True	True
22346	fengyuentau	2022-08-06 07:01:47	asmorkalov	2022-09-09 09:54:45	modules/core/test/test_mat.cpp	True	False	True	True
22346	fengyuentau	2022-08-06 07:01:47	asmorkalov	2022-09-09 09:54:45	modules/core/src/minmax.cpp	True	False	True	True
22346	fengyuentau	2022-08-06 07:01:47	asmorkalov	2022-09-09 09:54:45	modules/core/src/arithm.cpp	True	False	True	True
22346	fengyuentau	2022-08-06 07:01:47	asmorkalov	2022-09-09 09:54:45	modules/core/test/test_mat.cpp	False	False	True	True
22346	fengyuentau	2022-08-06 07:01:47	alalek	2022-09-09 09:36:19	modules/core/src/minmax.cpp	True	False	True	True
22346	fengyuentau	2022-08-06 07:01:47	asmorkalov	2022-08-08 05:58:20	modules/core/src/minmax.cpp	False	False	True	True
22346	fengyuentau	2022-08-06 07:01:47	asmorkalov	2022-08-08 06:57:34	modules/core/src/minmax.cpp	False	False	True	True
22346	fengyuentau	2022-08-06 07:01:47	vpisarev	2022-08-30 08:21:29	modules/core/test/test_mat.cpp	True	False	True	True
22346	fengyuentau	2022-08-06 07:01:47	asmorkalov	2022-08-08 06:57:34	modules/core/test/test_mat.cpp	False	False	True	True
22346	fengyuentau	2022-08-06 07:01:47	asmorkalov	2022-08-08 05:58:20	modules/core/test/test_mat.cpp	True	False	True	True
22346	fengyuentau	2022-08-06 07:01:47	asmorkalov	2022-08-08 05:58:20	modules/core/src/minmax.cpp	True	False	True	True
22346	fengyuentau	2022-08-06 07:01:47	asmorkalov	2022-08-08 05:58:20	modules/core/src/arithm.cpp	True	False	True	True
22346	fengyuentau	2022-08-06 07:01:47	asmorkalov	2022-08-08 05:58:20	modules/core/test/test_mat.cpp	False	False	True	True
22346	fengyuentau	2022-08-06 07:01:47	vpisarev	2022-08-30 08:21:29	modules/core/src/minmax.cpp	True	False	True	True
22346	fengyuentau	2022-08-06 07:01:47	vpisarev	2022-08-30 08:21:29	modules/core/src/arithm.cpp	True	False	True	True
22346	fengyuentau	2022-08-06 07:01:47	vpisarev	2022-08-30 08:21:29	modules/core/test/test_mat.cpp	False	False	True	True
22346	fengyuentau	2022-08-06 07:01:47	vpisarev	2022-08-30 08:21:29	modules/core/src/minmax.cpp	False	False	True	True
22346	fengyuentau	2022-08-06 07:01:47	asmorkalov	2022-08-08 06:57:34	modules/core/test/test_mat.cpp	True	False	True	True
22346	fengyuentau	2022-08-06 07:01:47	asmorkalov	2022-08-08 06:57:34	modules/core/src/minmax.cpp	True	False	True	True
22346	fengyuentau	2022-08-06 07:01:47	asmorkalov	2022-08-08 06:57:34	modules/core/src/arithm.cpp	True	False	True	True
22339	asenyaev	2022-08-03 10:07:11	rogday	2022-08-03 13:36:27	modules/videoio/src/cap_obsensor/obsensor_stream_channel_msmf.cpp	True	False	False	True
22339	asenyaev	2022-08-03 10:07:11	zihaomu	2022-08-04 02:15:40	modules/videoio/src/cap_obsensor/obsensor_stream_channel_msmf.cpp	True	False	False	True
22339	asenyaev	2022-08-03 10:07:11	zihaomu	2022-08-04 02:15:40	modules/videoio/src/cap_obsensor/obsensor_stream_channel_v4l2.cpp	True	False	False	True
22339	asenyaev	2022-08-03 10:07:11	zihaomu	2022-08-04 02:15:40	modules/videoio/src/cap_obsensor/obsensor_uvc_stream_channel.hpp	True	False	False	True
22339	asenyaev	2022-08-03 10:07:11	rogday	2022-08-03 13:36:27	modules/videoio/src/cap_obsensor/obsensor_uvc_stream_channel.hpp	True	False	False	True
22339	asenyaev	2022-08-03 10:07:11	rogday	2022-08-03 13:36:27	modules/videoio/src/cap_obsensor/obsensor_stream_channel_v4l2.cpp	True	False	False	True
22337	zihaomu	2022-08-03 03:42:44	asmorkalov	2022-08-09 06:45:30	modules/dnn/src/onnx/onnx_graph_simplifier.cpp	False	True	True	True
22337	zihaomu	2022-08-03 03:42:44	vpisarev	2022-08-26 07:38:15	modules/dnn/test/test_onnx_importer.cpp	False	True	True	True
22337	zihaomu	2022-08-03 03:42:44	rogday	2022-08-03 09:55:18	modules/dnn/src/onnx/onnx_graph_simplifier.cpp	False	True	True	True
22337	zihaomu	2022-08-03 03:42:44	rogday	2022-08-23 08:07:10	modules/dnn/src/onnx/onnx_graph_simplifier.cpp	False	True	True	True
22337	zihaomu	2022-08-03 03:42:44	alalek	2022-08-26 09:44:12	modules/dnn/test/test_onnx_importer.cpp	False	True	True	True
22337	zihaomu	2022-08-03 03:42:44	alalek	2022-08-26 09:44:12	modules/dnn/src/onnx/onnx_graph_simplifier.cpp	False	True	True	True
22337	zihaomu	2022-08-03 03:42:44	fengyuentau	2022-08-24 03:28:44	modules/dnn/test/test_onnx_importer.cpp	False	True	True	True
22337	zihaomu	2022-08-03 03:42:44	fengyuentau	2022-08-24 03:28:44	modules/dnn/src/onnx/onnx_graph_simplifier.cpp	False	True	True	True
22337	zihaomu	2022-08-03 03:42:44	asmorkalov	2022-08-23 06:26:50	modules/dnn/test/test_onnx_importer.cpp	False	True	True	True
22337	zihaomu	2022-08-03 03:42:44	vpisarev	2022-08-26 07:38:15	modules/dnn/src/onnx/onnx_graph_simplifier.cpp	False	True	True	True
22337	zihaomu	2022-08-03 03:42:44	asmorkalov	2022-08-23 06:26:50	modules/dnn/src/onnx/onnx_graph_simplifier.cpp	False	True	True	True
22337	zihaomu	2022-08-03 03:42:44	alalek	2022-08-22 12:07:42	modules/dnn/test/test_onnx_importer.cpp	False	True	True	True
22337	zihaomu	2022-08-03 03:42:44	alalek	2022-08-22 12:07:42	modules/dnn/src/onnx/onnx_graph_simplifier.cpp	False	True	True	True
22337	zihaomu	2022-08-03 03:42:44	asmorkalov	2022-08-12 07:35:16	modules/dnn/test/test_onnx_importer.cpp	False	True	True	True
22337	zihaomu	2022-08-03 03:42:44	asmorkalov	2022-08-12 07:35:16	modules/dnn/src/onnx/onnx_graph_simplifier.cpp	False	True	True	True
22337	zihaomu	2022-08-03 03:42:44	rogday	2022-08-23 08:07:10	modules/dnn/test/test_onnx_importer.cpp	False	True	True	True
22337	zihaomu	2022-08-03 03:42:44	rogday	2022-08-03 09:55:18	modules/dnn/test/test_onnx_importer.cpp	False	True	True	True
22337	zihaomu	2022-08-03 03:42:44	asmorkalov	2022-08-09 06:43:31	modules/dnn/src/onnx/onnx_graph_simplifier.cpp	False	True	True	True
22337	zihaomu	2022-08-03 03:42:44	asmorkalov	2022-08-09 06:45:30	modules/dnn/test/test_onnx_importer.cpp	False	True	True	True
22337	zihaomu	2022-08-03 03:42:44	alalek	2022-08-05 08:17:29	modules/dnn/test/test_onnx_importer.cpp	False	True	True	True
22337	zihaomu	2022-08-03 03:42:44	rogday	2022-08-05 08:55:46	modules/dnn/src/onnx/onnx_graph_simplifier.cpp	False	True	True	True
22337	zihaomu	2022-08-03 03:42:44	rogday	2022-08-05 08:06:00	modules/dnn/src/onnx/onnx_graph_simplifier.cpp	False	True	True	True
22337	zihaomu	2022-08-03 03:42:44	alalek	2022-08-05 08:10:45	modules/dnn/test/test_onnx_importer.cpp	False	True	True	True
22337	zihaomu	2022-08-03 03:42:44	alalek	2022-08-05 08:10:45	modules/dnn/src/onnx/onnx_graph_simplifier.cpp	False	True	True	True
22337	zihaomu	2022-08-03 03:42:44	fengyuentau	2022-08-06 04:01:47	modules/dnn/test/test_onnx_importer.cpp	False	True	True	True
22337	zihaomu	2022-08-03 03:42:44	fengyuentau	2022-08-06 04:01:47	modules/dnn/src/onnx/onnx_graph_simplifier.cpp	False	True	True	True
22337	zihaomu	2022-08-03 03:42:44	rogday	2022-08-05 08:06:00	modules/dnn/test/test_onnx_importer.cpp	False	True	True	True
22337	zihaomu	2022-08-03 03:42:44	alalek	2022-08-05 08:17:29	modules/dnn/src/onnx/onnx_graph_simplifier.cpp	False	True	True	True
22337	zihaomu	2022-08-03 03:42:44	fengyuentau	2022-08-05 09:03:44	modules/dnn/src/onnx/onnx_graph_simplifier.cpp	False	True	True	True
22337	zihaomu	2022-08-03 03:42:44	vpisarev	2022-08-03 06:23:58	modules/dnn/test/test_onnx_importer.cpp	False	True	True	True
22337	zihaomu	2022-08-03 03:42:44	vpisarev	2022-08-03 06:23:58	modules/dnn/src/onnx/onnx_graph_simplifier.cpp	False	True	True	True
22337	zihaomu	2022-08-03 03:42:44	asmorkalov	2022-08-09 06:43:31	modules/dnn/test/test_onnx_importer.cpp	False	True	True	True
22337	zihaomu	2022-08-03 03:42:44	rogday	2022-08-05 08:55:46	modules/dnn/test/test_onnx_importer.cpp	False	True	True	True
22337	zihaomu	2022-08-03 03:42:44	fengyuentau	2022-08-05 09:03:44	modules/dnn/test/test_onnx_importer.cpp	False	True	True	True
22334	ocpalo	2022-08-02 18:36:48	alalek	2022-08-05 10:00:01	3rdparty/libjpeg-turbo/src/djpeg.c	False	True	True	True
22334	ocpalo	2022-08-02 18:36:48	alalek	2022-08-05 10:00:01	3rdparty/libjpeg-turbo/src/rdppm.c	False	True	True	True
22334	ocpalo	2022-08-02 18:36:48	alalek	2022-08-05 10:00:01	3rdparty/libjpeg-turbo/src/rdjpgcom.c	False	True	True	True
22334	ocpalo	2022-08-02 18:36:48	alalek	2022-08-05 10:00:01	3rdparty/libjpeg-turbo/src/rdgif.c	False	True	True	True
22334	ocpalo	2022-08-02 18:36:48	alalek	2022-08-05 10:00:01	3rdparty/libjpeg-turbo/src/rdcolmap.c	False	True	True	True
22334	ocpalo	2022-08-02 18:36:48	alalek	2022-08-05 10:00:01	3rdparty/libjpeg-turbo/src/rdbmp.c	False	True	True	True
22334	ocpalo	2022-08-02 18:36:48	alalek	2022-08-05 10:00:01	3rdparty/libjpeg-turbo/src/jcstest.c	False	True	True	True
22334	ocpalo	2022-08-02 18:36:48	alalek	2022-08-05 10:00:01	3rdparty/libjpeg-turbo/src/cdjpeg.h	False	True	True	True
22334	ocpalo	2022-08-02 18:36:48	alalek	2022-08-05 10:00:01	3rdparty/libjpeg-turbo/src/cmyk.h	False	True	True	True
22334	ocpalo	2022-08-02 18:36:48	alalek	2022-08-05 10:00:01	3rdparty/libjpeg-turbo/src/cjpeg.c	False	True	True	True
22334	ocpalo	2022-08-02 18:36:48	alalek	2022-08-05 10:00:01	3rdparty/libjpeg-turbo/src/cdjpeg.c	False	True	True	True
22334	ocpalo	2022-08-02 18:36:48	alalek	2022-08-05 10:00:01	3rdparty/libjpeg-turbo/src/cderror.h	False	True	True	True
22334	ocpalo	2022-08-02 18:36:48	alalek	2022-08-05 10:00:01	3rdparty/libjpeg-turbo/CMakeLists.txt	False	True	True	True
22334	ocpalo	2022-08-02 18:36:48	alalek	2022-08-05 10:00:01	3rdparty/libjpeg-turbo/src/rdtarga.c	False	True	True	True
22334	ocpalo	2022-08-02 18:36:48	alalek	2022-08-05 10:00:01	3rdparty/libjpeg-turbo/src/rdswitch.c	False	True	True	True
22334	ocpalo	2022-08-02 18:36:48	alalek	2022-08-05 10:00:01	3rdparty/libjpeg-turbo/src/turbojpeg.h	False	True	True	True
22334	ocpalo	2022-08-02 18:36:48	alalek	2022-08-05 10:00:01	3rdparty/libjpeg-turbo/src/strtest.c	False	True	True	True
22334	ocpalo	2022-08-02 18:36:48	alalek	2022-08-05 10:00:01	3rdparty/libjpeg-turbo/src/tjbench.c	False	True	True	True
22334	ocpalo	2022-08-02 18:36:48	alalek	2022-08-05 10:00:01	CMakeLists.txt	False	True	True	True
22334	ocpalo	2022-08-02 18:36:48	alalek	2022-08-05 10:00:01	3rdparty/libjpeg-turbo/src/wrppm.c	False	True	True	True
22334	ocpalo	2022-08-02 18:36:48	alalek	2022-08-05 10:00:01	3rdparty/libjpeg-turbo/src/wrjpgcom.c	False	True	True	True
22334	ocpalo	2022-08-02 18:36:48	alalek	2022-08-05 10:00:01	3rdparty/libjpeg-turbo/src/wrgif.c	False	True	True	True
22334	ocpalo	2022-08-02 18:36:48	alalek	2022-08-05 10:00:01	3rdparty/libjpeg-turbo/src/wrbmp.c	False	True	True	True
22334	ocpalo	2022-08-02 18:36:48	alalek	2022-08-05 10:00:01	3rdparty/libjpeg-turbo/src/wrtarga.c	False	True	True	True
22334	ocpalo	2022-08-02 18:36:48	alalek	2022-08-05 10:00:01	3rdparty/libjpeg-turbo/src/turbojpeg.c	False	True	True	True
22334	ocpalo	2022-08-02 18:36:48	alalek	2022-08-05 10:00:01	3rdparty/libjpeg-turbo/src/tjutil.h	False	True	True	True
22334	ocpalo	2022-08-02 18:36:48	alalek	2022-08-05 10:00:01	3rdparty/libjpeg-turbo/src/tjutil.c	False	True	True	True
22334	ocpalo	2022-08-02 18:36:48	alalek	2022-08-05 10:00:01	3rdparty/libjpeg-turbo/src/tjunittest.c	False	True	True	True
22334	ocpalo	2022-08-02 18:36:48	alalek	2022-08-05 10:00:01	3rdparty/libjpeg-turbo/src/turbojpeg-jni.c	False	True	True	True
22334	ocpalo	2022-08-02 18:36:48	alalek	2022-08-05 10:00:01	3rdparty/libjpeg-turbo/src/tjexample.c	False	True	True	True
22333	cudawarped	2022-08-02 14:35:02	alalek	2022-08-26 09:04:20	modules/videoio/test/test_ffmpeg.cpp	True	False	False	True
22333	cudawarped	2022-08-02 14:35:02	alalek	2022-08-26 09:04:20	modules/videoio/src/cap_ffmpeg_impl.hpp	True	False	False	True
22333	cudawarped	2022-08-02 14:35:02	alalek	2022-08-26 09:04:20	modules/videoio/test/test_ffmpeg.cpp	False	False	False	True
22332	komakai	2022-08-02 12:06:24	alalek	2022-09-18 07:03:57	modules/videoio/src/cap_android_camera.cpp	True	True	False	True
22330	zihaomu	2022-08-02 07:18:55	vpisarev	2022-08-02 08:33:19	modules/dnn/test/test_onnx_importer.cpp	True	True	False	True
22330	zihaomu	2022-08-02 07:18:55	vpisarev	2022-08-02 08:33:19	modules/dnn/test/test_int8_layers.cpp	True	True	False	True
22330	zihaomu	2022-08-02 07:18:55	vpisarev	2022-08-02 08:33:19	modules/dnn/test/test_darknet_importer.cpp	True	True	False	True
22330	zihaomu	2022-08-02 07:18:55	asmorkalov	2022-08-03 11:26:16	modules/dnn/test/test_onnx_importer.cpp	True	True	False	True
22330	zihaomu	2022-08-02 07:18:55	asmorkalov	2022-08-03 11:26:16	modules/dnn/test/test_int8_layers.cpp	True	True	False	True
22330	zihaomu	2022-08-02 07:18:55	asmorkalov	2022-08-03 11:26:16	modules/dnn/test/test_darknet_importer.cpp	True	True	False	True
22327	hzcyf	2022-08-01 06:52:32	zihaomu	2022-08-01 08:52:47	modules/videoio/src/cap_obsensor/obsensor_stream_channel_msmf.cpp	True	True	False	True
