pr_number	author_user_login	pr_created_at	commit_user_login	commit_created_at	commit_status_total	commit_status_additions	commit_status_deletions	create_before_pr	is_review_commit
1533	alalek	2013-09-30 17:37:47	alalek	2013-09-29 02:35:12	6	6	0	True	True
1530	alalek	2013-09-30 12:16:51	alalek	2013-09-30 12:07:50	6	4	2	True	True
1530	alalek	2013-09-30 12:16:51	alalek	2013-09-30 12:08:08	12	5	7	True	True
1528	melody-rain	2013-09-30 10:59:50	jinma	2013-09-30 17:06:08	3	1	2	False	True
1528	melody-rain	2013-09-30 10:59:50	jinma	2013-09-30 17:06:46	1	0	1	False	True
1528	melody-rain	2013-09-30 10:59:50	jinma	2013-09-30 14:47:59	19	9	10	False	True
1528	melody-rain	2013-09-30 10:59:50	jinma	2013-09-30 10:53:25	1656	574	1082	True	True
1521	nailbiter	2013-09-28 07:23:32	nailbiter	2013-09-23 23:51:21	127	93	34	True	True
1521	nailbiter	2013-09-28 07:23:32	nailbiter	2013-09-30 00:27:43	379	368	11	False	True
1521	nailbiter	2013-09-28 07:23:32	nailbiter	2013-09-28 07:58:06	142	138	4	False	True
1521	nailbiter	2013-09-28 07:23:32	nailbiter	2013-09-20 07:12:48	19	18	1	True	True
1521	nailbiter	2013-09-28 07:23:32	nailbiter	2013-09-21 16:14:49	169	157	12	True	True
1495	StevenPuttemans	2013-09-24 07:04:28	StevenPuttemans	2013-09-24 07:01:20	2	2	0	True	True
1493	jperezrua	2013-09-23 17:06:16	jperezrua	2013-09-24 16:26:19	15	0	15	False	True
1493	jperezrua	2013-09-23 17:06:16	jperezrua	2013-09-24 22:09:59	14	7	7	False	True
1493	jperezrua	2013-09-23 17:06:16	jperezrua	2013-09-24 21:05:29	6	3	3	False	True
1493	jperezrua	2013-09-23 17:06:16	jperezrua	2013-09-25 16:30:33	44	22	22	False	True
1493	jperezrua	2013-09-23 17:06:16	jperezrua	2013-09-25 21:25:10	1117	589	528	False	True
1493	jperezrua	2013-09-23 17:06:16	jperezrua	2013-09-24 20:21:31	12	6	6	False	True
1493	jperezrua	2013-09-23 17:06:16	jperezrua	2013-09-25 12:13:42	19	9	10	False	True
1493	jperezrua	2013-09-23 17:06:16	jperezrua	2013-09-23 19:24:27	80	37	43	False	True
1493	jperezrua	2013-09-23 17:06:16	jperezrua	2013-09-23 17:00:49	5148	5147	1	True	True
1489	melody-rain	2013-09-22 02:26:04	jinma	2013-09-22 02:23:54	582	582	0	True	True
1489	melody-rain	2013-09-22 02:26:04	jinma	2013-09-23 07:10:00	13	1	12	False	True
1489	melody-rain	2013-09-22 02:26:04	jinma	2013-09-22 02:22:09	35	34	1	True	True
1484	lluisgomez	2013-09-20 12:22:19	lluisgomez	2013-09-23 08:17:47	6	3	3	False	True
1484	lluisgomez	2013-09-20 12:22:19	lluisgomez	2013-09-20 12:19:59	210	210	0	True	True
1470	ovidiuparvu	2013-09-18 11:37:12	ovidiuparvu	2013-09-19 14:37:10	41	4	37	False	True
1470	ovidiuparvu	2013-09-18 11:37:12	ovidiuparvu	2013-09-19 15:22:30	44	11	33	False	True
1470	ovidiuparvu	2013-09-18 11:37:12	ovidiuparvu	2013-09-19 14:12:07	8	4	4	False	True
1470	ovidiuparvu	2013-09-18 11:37:12	ovidiuparvu	2013-09-18 14:51:10	208	113	95	False	True
1470	ovidiuparvu	2013-09-18 11:37:12	ovidiuparvu	2013-09-18 12:09:55	2	1	1	False	True
1470	ovidiuparvu	2013-09-18 11:37:12	ovidiuparvu	2013-09-18 11:21:24	79	39	40	True	True
1470	ovidiuparvu	2013-09-18 11:37:12	ovidiuparvu	2013-09-19 17:32:03	750	505	245	False	True
1470	ovidiuparvu	2013-09-18 11:37:12	ovidiuparvu	2013-09-15 22:25:36	23	22	1	True	True
1470	ovidiuparvu	2013-09-18 11:37:12	ovidiuparvu	2013-09-15 21:40:57	4	4	0	True	True
1470	ovidiuparvu	2013-09-18 11:37:12	ovidiuparvu	2013-09-15 21:25:58	157	157	0	True	True
1470	ovidiuparvu	2013-09-18 11:37:12	ovidiuparvu	2013-09-12 12:29:10	74	46	28	True	True
1470	ovidiuparvu	2013-09-18 11:37:12	ovidiuparvu	2013-09-11 17:02:10	1213	1213	0	True	True
1470	ovidiuparvu	2013-09-18 11:37:12	ovidiuparvu	2013-09-12 09:11:38	61	49	12	True	True
1470	ovidiuparvu	2013-09-18 11:37:12	ovidiuparvu	2013-09-15 14:07:17	39	39	0	True	True
1470	ovidiuparvu	2013-09-18 11:37:12	ovidiuparvu	2013-09-12 13:34:08	7	6	1	True	True
1470	ovidiuparvu	2013-09-18 11:37:12	ovidiuparvu	2013-09-12 22:47:48	54	44	10	True	True
1470	ovidiuparvu	2013-09-18 11:37:12	ovidiuparvu	2013-09-12 14:01:21	35	27	8	True	True
1470	ovidiuparvu	2013-09-18 11:37:12	ovidiuparvu	2013-09-15 22:40:40	14	12	2	True	True
1468	alalek	2013-09-17 21:31:27	alalek	2013-09-17 21:14:41	17	14	3	True	True
1464	StevenPuttemans	2013-09-17 11:07:32	StevenPuttemans	2013-09-17 11:05:28	25	19	6	True	True
1456	melody-rain	2013-09-16 03:23:45	jinma	2013-09-16 07:30:10	110	110	0	False	True
1456	melody-rain	2013-09-16 03:23:45	jinma	2013-09-17 00:42:28	1	0	1	False	True
1456	melody-rain	2013-09-16 03:23:45	jinma	2013-09-16 08:27:01	3	1	2	False	True
1456	melody-rain	2013-09-16 03:23:45	jinma	2013-09-16 04:38:43	14	6	8	False	True
1456	melody-rain	2013-09-16 03:23:45	jinma	2013-09-16 03:20:43	510	509	1	True	True
1450	adrians	2013-09-14 12:46:36	adrians	2013-10-10 18:28:05	30	9	21	False	True
1450	adrians	2013-09-14 12:46:36	adrians	2013-09-14 12:12:20	559	254	305	True	True
1443	bitwangyaoyao	2013-09-13 05:37:10	bitwangyaoyao	2013-09-26 03:43:19	2	1	1	False	True
1443	bitwangyaoyao	2013-09-13 05:37:10	bitwangyaoyao	2013-09-26 05:44:40	2	1	1	False	True
1443	bitwangyaoyao	2013-09-13 05:37:10	bitwangyaoyao	2013-09-23 03:54:05	2	1	1	False	True
1443	bitwangyaoyao	2013-09-13 05:37:10	bitwangyaoyao	2013-09-26 08:18:28	60	40	20	False	True
1443	bitwangyaoyao	2013-09-13 05:37:10	bitwangyaoyao	2013-09-26 02:21:14	56	45	11	False	True
1443	bitwangyaoyao	2013-09-13 05:37:10	bitwangyaoyao	2013-09-16 01:56:43	9	6	3	False	True
1443	bitwangyaoyao	2013-09-13 05:37:10	bitwangyaoyao	2013-09-13 08:27:58	2	1	1	False	True
1443	bitwangyaoyao	2013-09-13 05:37:10	bitwangyaoyao	2013-09-13 03:57:22	141	61	80	True	True
1443	bitwangyaoyao	2013-09-13 05:37:10	bitwangyaoyao	2013-09-23 02:45:25	16	10	6	False	True
1443	bitwangyaoyao	2013-09-13 05:37:10	bitwangyaoyao	2013-09-13 05:31:55	74	35	39	True	True
1438	ramiromagalhaes	2013-09-11 18:01:52	ramiromagalhaes	2014-01-20 14:44:16	2	1	1	False	True
1438	ramiromagalhaes	2013-09-11 18:01:52	ramiromagalhaes	2014-03-27 00:08:15	471	365	106	False	True
1438	ramiromagalhaes	2013-09-11 18:01:52	ramiromagalhaes	2013-12-24 13:35:52	7194	5151	2043	False	True
1438	ramiromagalhaes	2013-09-11 18:01:52	ramiromagalhaes	2013-09-30 12:30:08	2	1	1	False	True
1438	ramiromagalhaes	2013-09-11 18:01:52	ramiromagalhaes	2014-03-30 00:53:26	539	222	317	False	True
1438	ramiromagalhaes	2013-09-11 18:01:52	ramiromagalhaes	2013-10-18 00:08:56	14312	9061	5251	False	True
1438	ramiromagalhaes	2013-09-11 18:01:52	ramiromagalhaes	2013-09-29 13:00:27	13102	1848	11254	False	True
1438	ramiromagalhaes	2013-09-11 18:01:52	ramiromagalhaes	2013-09-13 21:46:00	48	35	13	False	True
1438	ramiromagalhaes	2013-09-11 18:01:52	ramiromagalhaes	2013-09-24 12:50:50	1598	955	643	False	True
1438	ramiromagalhaes	2013-09-11 18:01:52	ramiromagalhaes	2013-09-13 14:08:29	2	1	1	False	True
1438	ramiromagalhaes	2013-09-11 18:01:52	ramiromagalhaes	2013-09-12 21:50:15	1186	989	197	False	True
1438	ramiromagalhaes	2013-09-11 18:01:52	ramiromagalhaes	2013-09-20 12:29:13	2	1	1	False	True
1438	ramiromagalhaes	2013-09-11 18:01:52	ramiromagalhaes	2013-09-11 17:54:25	35	17	18	True	True
1438	ramiromagalhaes	2013-09-11 18:01:52	ramiromagalhaes	2013-09-13 14:38:29	4	2	2	False	True
1438	ramiromagalhaes	2013-09-11 18:01:52	ramiromagalhaes	2013-09-18 12:47:53	2192	446	1746	False	True
1438	ramiromagalhaes	2013-09-11 18:01:52	ramiromagalhaes	2013-09-25 12:15:03	6	5	1	False	True
1438	ramiromagalhaes	2013-09-11 18:01:52	ramiromagalhaes	2013-09-13 12:39:45	8	4	4	False	True
1435	fran6co	2013-09-11 13:42:25	fran6co	2013-09-13 17:55:51	219	66	153	False	True
1434	melody-rain	2013-09-11 02:55:40	jinma	2013-09-11 02:19:02	94	94	0	True	True
1434	melody-rain	2013-09-11 02:55:40	jinma	2013-09-11 03:28:36	2	1	1	False	True
1434	melody-rain	2013-09-11 02:55:40	jinma	2013-09-12 01:43:30	13	6	7	False	True
1431	asmorkalov	2013-09-10 14:08:47	asmorkalov	2013-09-10 14:05:45	5	4	1	True	True
1428	ilya-lavrenov	2013-09-10 07:58:45	ilya-lavrenov	2013-09-10 07:53:34	929	791	138	True	True
1417	ilya-lavrenov	2013-09-09 11:37:38	ilya-lavrenov	2013-09-09 11:32:43	300	99	201	True	True
1408	vinograd47	2013-09-06 11:52:54	vinograd47	2013-09-06 11:52:07	44	20	24	True	True
1408	vinograd47	2013-09-06 11:52:54	vinograd47	2013-09-09 06:57:45	8	8	0	False	True
1408	vinograd47	2013-09-06 11:52:54	vinograd47	2013-09-06 12:48:13	22	12	10	False	True
1403	lluisgomez	2013-09-04 19:27:07	lluisgomez	2013-09-04 18:22:05	4	4	0	True	True
1403	lluisgomez	2013-09-04 19:27:07	lluisgomez	2013-09-05 04:11:01	2	0	2	False	True
1403	lluisgomez	2013-09-04 19:27:07	lluisgomez	2013-09-04 18:19:13	60	51	9	True	True
1403	lluisgomez	2013-09-04 19:27:07	lluisgomez	2013-09-04 18:20:25	5	5	0	True	True
1403	lluisgomez	2013-09-04 19:27:07	lluisgomez	2013-09-04 18:23:37	4038	2019	2019	True	True
1403	lluisgomez	2013-09-04 19:27:07	lluisgomez	2013-09-04 19:19:43	11	11	0	True	True
1403	lluisgomez	2013-09-04 19:27:07	lluisgomez	2013-09-06 17:10:53	10	5	5	False	True
1403	lluisgomez	2013-09-04 19:27:07	lluisgomez	2013-09-04 18:25:29	4	2	2	True	True
1403	lluisgomez	2013-09-04 19:27:07	lluisgomez	2013-09-04 19:23:16	22	0	22	True	True
1403	lluisgomez	2013-09-04 19:27:07	lluisgomez	2013-09-06 12:00:11	27	0	27	False	True
1396	melody-rain	2013-09-04 06:41:24	jinma	2013-09-06 05:39:41	103	58	45	False	True
1396	melody-rain	2013-09-04 06:41:24	jinma	2013-09-07 02:40:30	9	3	6	False	True
1396	melody-rain	2013-09-04 06:41:24	jinma	2013-09-05 11:33:27	268	102	166	False	True
1396	melody-rain	2013-09-04 06:41:24	jinma	2013-09-04 07:00:36	7	3	4	False	True
1396	melody-rain	2013-09-04 06:41:24	jinma	2013-09-04 06:37:46	337	337	0	True	True
1387	vpisarev	2013-09-02 14:38:13	vpisarev	2013-09-02 14:34:50	84	38	46	True	True
1387	vpisarev	2013-09-02 14:38:13	kdrobnyh	2013-08-17 22:13:44	311	311	0	True	True
1386	asmorkalov	2013-09-02 13:53:31	asmorkalov	2013-09-02 13:52:07	37	23	14	True	True
1385	asmorkalov	2013-09-02 08:03:40	asmorkalov	2013-09-02 07:57:42	8	5	3	True	True
1383	pengx17	2013-09-02 02:08:38	pengx17	2013-09-03 01:31:13	9	6	3	False	True
1383	pengx17	2013-09-02 02:08:38	pengx17	2013-09-03 02:30:37	2	1	1	False	True
1383	pengx17	2013-09-02 02:08:38	pengx17	2013-09-02 02:06:01	50	48	2	True	True
