pr_number	author_user_login	pr_created_at	review_comment_user_login	review_comment_created_at	is_review_review_comment
3654	StevenPuttemans	2015-01-29 12:42:47	mshabunin	2015-02-24 14:24:13	True
3647	tomoaki0705	2015-01-26 13:15:37	vinograd47	2015-01-26 17:05:31	True
3647	tomoaki0705	2015-01-26 13:15:37	vinograd47	2015-01-26 14:21:09	True
3645	SeninAndrew	2015-01-25 19:02:10	alalek	2015-01-25 19:23:19	True
3640	BloodAxe	2015-01-23 10:33:01	mshabunin	2015-01-26 08:30:24	True
3632	ttsesm	2015-01-21 04:12:11	StevenPuttemans	2015-01-22 09:32:50	True
3632	ttsesm	2015-01-21 04:12:11	mshabunin	2015-01-21 12:18:24	True
3632	ttsesm	2015-01-21 04:12:11	mshabunin	2015-01-21 10:28:45	True
3632	ttsesm	2015-01-21 04:12:11	StevenPuttemans	2015-01-22 09:32:34	True
3632	ttsesm	2015-01-21 04:12:11	mshabunin	2015-01-21 10:21:42	True
3632	ttsesm	2015-01-21 04:12:11	StevenPuttemans	2015-01-22 09:33:42	True
3632	ttsesm	2015-01-21 04:12:11	StevenPuttemans	2015-01-22 11:48:24	True
3632	ttsesm	2015-01-21 04:12:11	mshabunin	2015-01-21 12:25:44	True
3632	ttsesm	2015-01-21 04:12:11	mshabunin	2015-01-21 12:22:22	True
3632	ttsesm	2015-01-21 04:12:11	mshabunin	2015-01-21 10:23:13	True
3629	nstiurca	2015-01-19 21:27:53	vpisarev	2015-01-20 12:09:32	True
3625	wangyan42164	2015-01-19 07:52:38	vpisarev	2015-01-20 12:13:36	True
3609	vinograd47	2015-01-15 16:30:36	SpecLad	2015-01-15 16:40:59	True
3607	soyersoyer	2015-01-15 14:27:08	mshabunin	2015-02-02 14:34:56	True
3607	soyersoyer	2015-01-15 14:27:08	mshabunin	2015-02-01 18:17:08	True
3588	vpradeep07	2015-01-09 03:46:59	alekcac	2015-02-03 08:41:27	True
3588	vpradeep07	2015-01-09 03:46:59	alekcac	2015-01-29 08:21:02	True
3588	vpradeep07	2015-01-09 03:46:59	ilya-lavrenov	2015-01-12 21:57:10	True
3586	wangyan42164	2015-01-08 11:37:53	vbystricky	2015-01-08 18:53:43	True
3586	wangyan42164	2015-01-08 11:37:53	vbystricky	2015-01-08 19:08:48	True
3582	ptzafrir	2015-01-06 14:25:54	mshabunin	2015-01-13 12:00:42	True
3582	ptzafrir	2015-01-06 14:25:54	mshabunin	2015-01-13 12:16:08	True
3582	ptzafrir	2015-01-06 14:25:54	mshabunin	2015-01-13 14:59:27	True
3582	ptzafrir	2015-01-06 14:25:54	mshabunin	2015-01-13 12:10:16	True
3582	ptzafrir	2015-01-06 14:25:54	mshabunin	2015-01-13 12:24:39	True
3582	ptzafrir	2015-01-06 14:25:54	mshabunin	2015-01-13 11:56:08	True
3582	ptzafrir	2015-01-06 14:25:54	mshabunin	2015-01-13 12:11:58	True
3582	ptzafrir	2015-01-06 14:25:54	mshabunin	2015-01-13 12:25:59	True
3576	GilLevi	2015-01-03 21:51:22	ilya-lavrenov	2015-01-12 22:03:00	True
3572	berak	2015-01-01 09:41:05	mshabunin	2015-01-15 09:46:48	True
3572	berak	2015-01-01 09:41:05	mshabunin	2015-01-15 09:50:14	True
