pr_number	author_user_login	pr_created_at	commit_user_login	commit_created_at	commit_status_total	commit_status_additions	commit_status_deletions	create_before_pr	is_review_commit
17438	alalek	2020-05-31 15:28:32	alalek	2020-05-31 15:22:03	9	7	2	True	True
17436	vpisarev	2020-05-30 22:46:44	vpisarev	2020-05-30 23:08:42	2	1	1	False	True
17436	vpisarev	2020-05-30 22:46:44	vpisarev	2020-05-30 22:42:10	77	56	21	True	True
17436	vpisarev	2020-05-30 22:46:44	vpisarev	2020-05-31 18:21:09	113	113	0	False	True
17436	vpisarev	2020-05-30 22:46:44	vpisarev	2020-05-31 19:46:56	2	1	1	False	True
17432	tomoaki0705	2020-05-30 13:16:54	tomoaki0705	2020-06-01 20:07:53	80	56	24	False	True
17431	mshabunin	2020-05-30 03:11:49	mshabunin	2020-06-05 13:09:53	20	10	10	False	True
17431	mshabunin	2020-05-30 03:11:49	mshabunin	2020-05-30 03:07:39	7	7	0	True	True
17431	mshabunin	2020-05-30 03:11:49	mshabunin	2020-06-02 19:47:23	13	12	1	False	True
17431	mshabunin	2020-05-30 03:11:49	mshabunin	2020-06-02 16:23:10	2	1	1	False	True
17430	alalek	2020-05-29 20:00:17	alalek	2020-05-29 19:52:26	15	13	2	True	True
17428	asmorkalov	2020-05-29 13:41:30	asmorkalov	2020-05-29 13:20:28	33	30	3	True	True
17424	berak	2020-05-29 08:51:08	berak	2020-05-29 08:41:05	104	104	0	True	True
17420	nosajthenitram	2020-05-29 02:34:41	nosajthenitram	2020-05-29 02:29:10	4	2	2	True	True
17419	YourButterfly	2020-05-29 02:05:41	YourButterfly	2020-05-29 01:54:46	7	7	0	True	True
17417	vpisarev	2020-05-28 23:36:59	vpisarev	2020-05-29 21:56:17	58	32	26	False	True
17417	vpisarev	2020-05-28 23:36:59	vpisarev	2020-05-29 22:10:51	4	2	2	False	True
17417	vpisarev	2020-05-28 23:36:59	vpisarev	2020-05-29 22:09:55	11	7	4	False	True
17417	vpisarev	2020-05-28 23:36:59	vpisarev	2020-05-29 22:50:25	2	1	1	False	True
17417	vpisarev	2020-05-28 23:36:59	vpisarev	2020-05-29 00:47:32	123	79	44	False	True
17417	vpisarev	2020-05-28 23:36:59	vpisarev	2020-05-28 23:34:27	194	140	54	True	True
17417	vpisarev	2020-05-28 23:36:59	vpisarev	2020-05-28 23:50:06	12	6	6	False	True
17416	vpisarev	2020-05-28 18:40:35	vpisarev	2020-05-28 18:36:28	45	43	2	True	True
17410	asmorkalov	2020-05-28 11:00:43	asmorkalov	2020-05-28 10:59:31	2	1	1	True	True
17406	mshabunin	2020-05-27 15:02:24	mshabunin	2020-05-27 14:52:17	11	9	2	True	True
17403	wangmengHB	2020-05-27 12:38:01	wangmengHB	2020-05-27 12:27:12	13	11	2	True	True
17403	wangmengHB	2020-05-27 12:38:01	wangmengHB	2020-05-27 12:30:29	4	2	2	True	True
17394	huningxin	2020-05-27 03:26:42	huningxin	2020-05-27 02:44:14	2	1	1	True	True
17394	huningxin	2020-05-27 03:26:42	huningxin	2020-05-27 02:44:55	4	2	2	True	True
17392	alalek	2020-05-26 17:22:54	alalek	2020-05-26 16:20:32	127	113	14	True	True
17390	l-bat	2020-05-26 14:00:29	l-bat	2020-05-26 13:59:50	2	1	1	True	True
17388	alalek	2020-05-26 12:50:15	alalek	2020-05-26 12:45:55	117	91	26	True	True
17386	l-bat	2020-05-26 11:49:06	l-bat	2020-05-26 13:10:29	6	2	4	False	True
17386	l-bat	2020-05-26 11:49:06	l-bat	2020-05-26 11:42:04	23	23	0	True	True
17384	dkurt	2020-05-26 08:09:03	dkurt	2020-05-26 07:51:26	310	302	8	True	True
17382	dkurt	2020-05-26 07:26:51	dkurt	2020-05-26 07:23:57	13	10	3	True	True
17377	jtojnar	2020-05-25 20:36:30	jtojnar	2020-05-25 20:33:34	5	2	3	True	True
17371	l-bat	2020-05-25 15:31:05	l-bat	2020-05-25 15:25:41	59	42	17	True	True
17371	l-bat	2020-05-25 15:31:05	l-bat	2020-05-26 11:19:56	115	60	55	False	True
17371	l-bat	2020-05-25 15:31:05	l-bat	2020-05-26 12:48:56	35	17	18	False	True
17368	themightyoarfish	2020-05-25 12:52:49	themightyoarfish	2020-05-25 12:51:36	12	12	0	True	True
17368	themightyoarfish	2020-05-25 12:52:49	asmorkalov	2020-06-04 13:31:33	24	10	14	False	True
17367	anton-potapov	2020-05-25 09:33:57	anton-potapov	2020-05-25 08:59:28	4	2	2	True	True
17363	YashasSamaga	2020-05-24 16:58:31	YashasSamaga	2020-06-21 05:24:04	1869	1599	270	False	True
17363	YashasSamaga	2020-05-24 16:58:31	YashasSamaga	2020-07-04 10:42:06	13	10	3	False	True
17361	mwtarnowski	2020-05-24 14:03:55	mwtarnowski	2020-05-24 14:00:37	2	1	1	True	True
17361	mwtarnowski	2020-05-24 14:03:55	mwtarnowski	2020-05-24 21:29:19	4	2	2	False	True
17360	mwtarnowski	2020-05-24 14:03:52	mwtarnowski	2020-05-24 21:21:00	2	1	1	False	True
17360	mwtarnowski	2020-05-24 14:03:52	mwtarnowski	2020-05-24 13:57:45	2	1	1	True	True
17359	YashasSamaga	2020-05-24 13:37:41	YashasSamaga	2020-05-24 13:31:17	27	7	20	True	True
17352	egorpugin	2020-05-22 20:50:15	egorpugin	2020-05-22 20:49:46	2	1	1	True	True
17352	egorpugin	2020-05-22 20:50:15	egorpugin	2020-05-23 14:25:31	2	1	1	False	True
17352	egorpugin	2020-05-22 20:50:15	alalek	2020-05-25 11:39:55	6	5	1	False	True
17350	AsyaPronina	2020-05-22 15:40:20	AsyaPronina	2020-06-04 16:55:49	571	527	44	False	True
17349	YashasSamaga	2020-05-22 14:55:48	YashasSamaga	2020-05-19 17:45:02	174	122	52	True	True
17347	jsxyhelu	2020-05-22 06:54:45	jsxyhelu	2020-05-22 10:57:49	43	3	40	False	True
17347	jsxyhelu	2020-05-22 06:54:45	jsxyhelu	2020-06-05 12:51:09	1	0	1	False	True
17347	jsxyhelu	2020-05-22 06:54:45	jsxyhelu	2020-05-22 11:01:34	34	17	17	False	True
17347	jsxyhelu	2020-05-22 06:54:45	jsxyhelu	2020-06-05 12:42:06	3	2	1	False	True
17347	jsxyhelu	2020-05-22 06:54:45	jsxyhelu	2020-06-03 05:58:22	4	2	2	False	True
17347	jsxyhelu	2020-05-22 06:54:45	jsxyhelu	2020-06-03 00:09:29	220	145	75	False	True
17347	jsxyhelu	2020-05-22 06:54:45	jsxyhelu	2020-06-02 12:54:07	1	1	0	False	True
17347	jsxyhelu	2020-05-22 06:54:45	jsxyhelu	2020-05-22 15:02:17	6	3	3	False	True
17347	jsxyhelu	2020-05-22 06:54:45	jsxyhelu	2020-06-02 12:23:53	4	2	2	False	True
17347	jsxyhelu	2020-05-22 06:54:45	jsxyhelu	2020-06-02 06:44:53	6	3	3	False	True
17347	jsxyhelu	2020-05-22 06:54:45	jsxyhelu	2020-06-02 06:43:19	178	72	106	False	True
17347	jsxyhelu	2020-05-22 06:54:45	jsxyhelu	2020-05-28 11:53:41	4	4	0	False	True
17347	jsxyhelu	2020-05-22 06:54:45	jsxyhelu	2020-06-02 12:47:56	7	3	4	False	True
17347	jsxyhelu	2020-05-22 06:54:45	jsxyhelu	2020-05-27 04:45:16	34	17	17	False	True
17347	jsxyhelu	2020-05-22 06:54:45	jsxyhelu	2020-06-02 12:01:55	34	17	17	False	True
17347	jsxyhelu	2020-05-22 06:54:45	jsxyhelu	2020-06-05 12:39:47	336	163	173	False	True
17347	jsxyhelu	2020-05-22 06:54:45	jsxyhelu	2020-05-26 15:24:37	57	28	29	False	True
17347	jsxyhelu	2020-05-22 06:54:45	jsxyhelu	2020-05-22 11:03:48	34	17	17	False	True
17347	jsxyhelu	2020-05-22 06:54:45	jsxyhelu	2020-05-26 15:59:23	116	115	1	False	True
17347	jsxyhelu	2020-05-22 06:54:45	jsxyhelu	2020-05-22 11:11:52	4	2	2	False	True
17347	jsxyhelu	2020-05-22 06:54:45	jsxyhelu	2020-05-26 15:15:35	117	0	117	False	True
17347	jsxyhelu	2020-05-22 06:54:45	jsxyhelu	2020-05-22 06:49:46	39	39	0	True	True
17347	jsxyhelu	2020-05-22 06:54:45	jsxyhelu	2020-05-26 15:40:03	2	2	0	False	True
17347	jsxyhelu	2020-05-22 06:54:45	jsxyhelu	2020-05-22 06:50:50	201	201	0	True	True
17347	jsxyhelu	2020-05-22 06:54:45	jsxyhelu	2020-05-22 14:57:06	18	9	9	False	True
17347	jsxyhelu	2020-05-22 06:54:45	jsxyhelu	2020-05-23 06:22:31	4	2	2	False	True
17347	jsxyhelu	2020-05-22 06:54:45	jsxyhelu	2020-05-23 06:26:48	50	25	25	False	True
17347	jsxyhelu	2020-05-22 06:54:45	jsxyhelu	2020-05-26 12:12:19	5	3	2	False	True
17347	jsxyhelu	2020-05-22 06:54:45	jsxyhelu	2020-05-26 14:58:43	191	191	0	False	True
17343	boubascript	2020-05-21 14:39:20	boubascript	2020-05-21 14:34:17	2	2	0	True	True
17341	wongjessica	2020-05-21 12:46:05	wongjessica	2020-05-21 12:36:19	8	4	4	True	True
17339	boubascript	2020-05-21 12:00:25	boubascript	2020-05-21 11:55:11	3	3	0	True	True
17332	l-bat	2020-05-20 17:45:28	l-bat	2020-05-22 12:29:56	42	23	19	False	True
17332	l-bat	2020-05-20 17:45:28	l-bat	2020-05-25 06:06:18	30	15	15	False	True
17332	l-bat	2020-05-20 17:45:28	l-bat	2020-05-25 08:09:53	21	13	8	False	True
17332	l-bat	2020-05-20 17:45:28	l-bat	2020-05-21 16:17:41	35	33	2	False	True
17332	l-bat	2020-05-20 17:45:28	l-bat	2020-05-20 17:42:38	21	16	5	True	True
17331	allnes	2020-05-20 14:33:13	allnes	2020-05-20 15:05:21	13	6	7	False	True
17331	allnes	2020-05-20 14:33:13	allnes	2020-05-20 14:30:13	38	11	27	True	True
17326	dmallia17	2020-05-20 02:09:29	dmallia17	2020-05-20 01:58:06	270	130	140	True	True
17326	dmallia17	2020-05-20 02:09:29	dmallia17	2020-05-20 16:01:13	113	34	79	False	True
17325	dmallia17	2020-05-19 23:01:22	dmallia17	2020-05-19 22:59:28	207	207	0	True	True
17320	jgbradley1	2020-05-19 00:39:49	jgbradley1	2020-05-19 20:13:27	80	55	25	False	True
17320	jgbradley1	2020-05-19 00:39:49	jgbradley1	2020-05-22 20:50:08	8	6	2	False	True
17320	jgbradley1	2020-05-19 00:39:49	jgbradley1	2020-05-21 16:20:24	2	1	1	False	True
17320	jgbradley1	2020-05-19 00:39:49	jgbradley1	2020-05-21 15:58:51	4	2	2	False	True
17320	jgbradley1	2020-05-19 00:39:49	jgbradley1	2020-05-20 03:49:13	85	41	44	False	True
17320	jgbradley1	2020-05-19 00:39:49	jgbradley1	2020-05-20 05:44:27	14	7	7	False	True
17320	jgbradley1	2020-05-19 00:39:49	jgbradley1	2020-05-20 05:13:42	90	67	23	False	True
17320	jgbradley1	2020-05-19 00:39:49	jgbradley1	2020-05-19 00:11:22	43	30	13	True	True
17320	jgbradley1	2020-05-19 00:39:49	jgbradley1	2020-05-19 20:45:48	24	14	10	False	True
17320	jgbradley1	2020-05-19 00:39:49	jgbradley1	2020-05-08 06:11:45	34	34	0	True	True
17320	jgbradley1	2020-05-19 00:39:49	jgbradley1	2020-05-19 00:11:46	45	32	13	True	True
17320	jgbradley1	2020-05-19 00:39:49	jgbradley1	2020-05-19 20:54:46	8	4	4	False	True
17320	jgbradley1	2020-05-19 00:39:49	jgbradley1	2020-05-08 06:12:12	42	42	0	True	True
17320	jgbradley1	2020-05-19 00:39:49	jgbradley1	2020-05-21 15:44:22	27	11	16	False	True
17317	Yosshi999	2020-05-18 15:32:52	Yosshi999	2020-05-18 14:53:05	3	2	1	True	True
17313	dmallia17	2020-05-17 23:45:07	dmallia17	2020-05-17 23:29:14	191	96	95	True	True
17313	dmallia17	2020-05-17 23:45:07	dmallia17	2020-05-18 00:10:05	2	1	1	False	True
17304	chrisballinger	2020-05-15 22:10:18	chrisballinger	2020-05-14 19:48:37	4	3	1	True	True
17304	chrisballinger	2020-05-15 22:10:18	chrisballinger	2020-05-14 20:43:03	2	1	1	True	True
17301	YashasSamaga	2020-05-15 09:54:16	YashasSamaga	2020-07-01 18:17:57	2060	1986	74	False	True
17299	tweenietomatoes	2020-05-15 00:52:17	tweenietomatoes	2020-05-15 11:41:55	2	1	1	False	True
17297	dkurt	2020-05-14 21:57:07	dkurt	2020-05-14 21:53:38	20	10	10	True	True
17296	mshabunin	2020-05-14 20:23:16	mshabunin	2020-05-14 20:20:28	9	0	9	True	True
17295	dkurt	2020-05-14 20:04:45	dkurt	2020-05-14 18:48:14	11	11	0	True	True
17294	alalek	2020-05-14 17:16:40	alalek	2020-05-14 17:13:29	25	9	16	True	True
17288	dkurt	2020-05-13 20:59:54	dkurt	2020-05-13 20:51:52	66	57	9	True	True
17287	tomoaki0705	2020-05-13 20:47:18	tomoaki0705	2020-05-13 20:44:14	2	1	1	True	True
17285	sauhaardac	2020-05-13 20:15:18	sauhaardac	2020-05-13 20:14:05	2	1	1	True	True
17284	dkurt	2020-05-13 19:19:04	dkurt	2020-05-13 19:15:22	66	66	0	True	True
17281	l-bat	2020-05-13 12:13:57	l-bat	2020-05-13 11:44:23	6	6	0	True	True
17275	shijiayuan	2020-05-13 00:18:14	jiayuanshi	2020-05-21 19:09:39	4	2	2	False	True
17275	shijiayuan	2020-05-13 00:18:14	jiayuanshi	2020-05-13 00:09:28	2	1	1	True	True
17275	shijiayuan	2020-05-13 00:18:14	jiayuanshi	2020-05-13 17:32:56	2	1	1	False	True
17275	shijiayuan	2020-05-13 00:18:14	jiayuanshi	2020-05-21 07:15:16	14	14	0	False	True
17275	shijiayuan	2020-05-13 00:18:14	jiayuanshi	2020-05-21 07:14:25	11	11	0	False	True
17275	shijiayuan	2020-05-13 00:18:14	alalek	2020-05-25 11:49:26	16	12	4	False	True
17274	jsxyhelu	2020-05-12 23:07:00	jsxyhelu	2020-05-15 13:15:21	70	36	34	False	True
17274	jsxyhelu	2020-05-12 23:07:00	jsxyhelu	2020-05-21 23:34:51	4	2	2	False	True
17274	jsxyhelu	2020-05-12 23:07:00	jsxyhelu	2020-05-15 14:31:52	12	6	6	False	True
17274	jsxyhelu	2020-05-12 23:07:00	jsxyhelu	2020-05-14 14:45:20	4	0	4	False	True
17274	jsxyhelu	2020-05-12 23:07:00	jsxyhelu	2020-05-13 11:05:40	11	9	2	False	True
17274	jsxyhelu	2020-05-12 23:07:00	jsxyhelu	2020-05-12 22:53:20	82	82	0	True	True
17270	l-bat	2020-05-12 13:07:48	l-bat	2020-05-12 12:50:31	15	4	11	True	True
17268	anton-potapov	2020-05-12 11:44:39	anton-potapov	2020-05-12 11:06:50	47	25	22	True	True
17260	jsxyhelu	2020-05-11 07:00:20	jsxyhelu	2020-05-10 08:30:24	26	25	1	True	True
17258	YashasSamaga	2020-05-11 05:40:25	YashasSamaga	2020-05-11 05:31:01	2	1	1	True	True
17256	R-penguins	2020-05-10 15:28:42	R-penguins	2020-05-10 15:20:27	6	4	2	True	True
17254	jsxyhelu	2020-05-10 13:53:06	jsxyhelu	2020-05-11 04:41:09	2	1	1	False	True
17254	jsxyhelu	2020-05-10 13:53:06	jsxyhelu	2020-05-10 08:30:24	3	2	1	True	True
17254	jsxyhelu	2020-05-10 13:53:06	jsxyhelu	2020-05-10 08:32:03	23	23	0	True	True
17254	jsxyhelu	2020-05-10 13:53:06	jsxyhelu	2020-05-11 04:39:36	2	1	1	False	True
17254	jsxyhelu	2020-05-10 13:53:06	jsxyhelu	2020-05-11 03:59:31	0	0	0	False	True
17253	YashasSamaga	2020-05-10 11:37:24	YashasSamaga	2020-05-10 11:23:28	36	21	15	True	True
17248	nroduit	2020-05-09 10:46:44	nroduit	2020-05-08 10:22:04	18	6	12	True	True
17244	dmallia17	2020-05-08 18:33:40	dmallia17	2020-05-08 18:22:30	70	70	0	True	True
17236	Yougmark	2020-05-07 18:19:24	Yougmark	2020-05-07 18:08:27	168	167	1	True	True
17235	R-penguins	2020-05-07 17:57:30	R-penguins	2020-05-07 17:55:05	4	2	2	True	True
17233	l-bat	2020-05-07 10:18:14	l-bat	2020-05-12 06:49:03	121	53	68	False	True
17233	l-bat	2020-05-07 10:18:14	l-bat	2020-05-07 10:14:14	87	70	17	True	True
17233	l-bat	2020-05-07 10:18:14	l-bat	2020-05-08 09:25:39	94	39	55	False	True
17230	asmorkalov	2020-05-06 13:55:45	asmorkalov	2020-05-06 13:53:41	72	72	0	True	True
17229	smirnov-alexey	2020-05-06 13:54:19	smirnov-alexey	2020-05-06 13:43:06	32	26	6	True	True
17228	mshabunin	2020-05-06 12:31:14	mshabunin	2019-12-17 12:55:45	95	82	13	True	True
17224	ganesh-k13	2020-05-06 04:09:27	ganesh-k13	2020-05-09 06:09:26	48	46	2	False	True
17224	ganesh-k13	2020-05-06 04:09:27	ganesh-k13	2020-05-08 14:46:00	3	2	1	False	True
17224	ganesh-k13	2020-05-06 04:09:27	ganesh-k13	2020-05-06 04:06:25	2	1	1	True	True
17224	ganesh-k13	2020-05-06 04:09:27	ganesh-k13	2020-05-08 15:02:31	2	1	1	False	True
17224	ganesh-k13	2020-05-06 04:09:27	ganesh-k13	2020-05-09 06:23:22	21	12	9	False	True
17223	dmallia17	2020-05-05 22:23:49	dmallia17	2020-05-05 22:05:58	4	3	1	True	True
17222	dkurt	2020-05-05 10:44:24	dkurt	2020-05-05 10:07:26	92	65	27	True	True
17219	dmallia17	2020-05-05 03:55:33	dmallia17	2020-05-05 03:50:22	2	1	1	True	True
17218	dmallia17	2020-05-05 03:25:56	dmallia17	2020-05-05 03:20:52	4	2	2	True	True
17215	spmallick	2020-05-04 17:01:23	spmallick	2020-05-04 16:59:42	2	2	0	True	True
17211	alalek	2020-05-03 20:49:10	alalek	2020-04-28 16:42:34	1176	101	1075	True	True
17211	alalek	2020-05-03 20:49:10	alalek	2020-04-27 18:19:14	1190	1190	0	True	True
17211	alalek	2020-05-03 20:49:10	alalek	2020-04-27 18:17:15	0	0	0	True	True
17211	alalek	2020-05-03 20:49:10	alalek	2020-04-27 18:18:16	0	0	0	True	True
17208	hn-88	2020-05-03 05:52:34	hn-88	2020-05-03 05:49:04	1	1	0	True	True
17200	YashasSamaga	2020-05-01 18:43:35	YashasSamaga	2020-05-01 17:39:38	196	121	75	True	True
17200	YashasSamaga	2020-05-01 18:43:35	YashasSamaga	2020-05-02 09:15:43	18	15	3	False	True
