pr_number	author_user_login	pr_created_at	comment_user_login	comment_created_at	is_review_issue_comment
4164	kalistratovag	2015-06-29 17:13:43	vpisarev	2015-06-30 09:47:33	True
4164	kalistratovag	2015-06-29 17:13:43	vpisarev	2015-07-01 10:41:27	True
4159	alalek	2015-06-26 10:51:59	vpisarev	2015-06-29 12:48:42	True
4159	alalek	2015-06-26 10:51:59	vpisarev	2015-07-06 12:58:56	True
4155	mkostin	2015-06-25 12:54:35	alalek	2015-06-29 11:06:53	True
4155	mkostin	2015-06-25 12:54:35	alalek	2015-06-26 13:59:57	True
4148	mshabunin	2015-06-22 17:25:13	vpisarev	2015-06-23 11:17:51	True
4148	mshabunin	2015-06-22 17:25:13	vpisarev	2015-07-08 10:03:21	True
4139	swook	2015-06-19 02:48:29	vpisarev	2015-07-01 10:21:38	True
4139	swook	2015-06-19 02:48:29	vpisarev	2015-06-30 17:49:06	True
4139	swook	2015-06-19 02:48:29	vpisarev	2015-06-19 11:00:43	True
4139	swook	2015-06-19 02:48:29	alalek	2015-06-19 16:33:17	True
4139	swook	2015-06-19 02:48:29	vpisarev	2015-06-25 10:33:52	True
4139	swook	2015-06-19 02:48:29	vpisarev	2015-06-30 10:40:53	True
4135	lupustr3	2015-06-18 09:51:34	vpisarev	2015-06-22 11:55:19	True
4135	lupustr3	2015-06-18 09:51:34	alalek	2015-06-18 10:14:57	True
4135	lupustr3	2015-06-18 09:51:34	vpisarev	2015-06-23 16:12:01	True
4135	lupustr3	2015-06-18 09:51:34	vpisarev	2015-06-24 16:18:32	True
4127	avershov	2015-06-17 13:59:46	alalek	2015-07-01 17:20:57	True
4117	jaimefrio	2015-06-11 17:03:04	vpisarev	2015-06-29 13:27:17	True
4115	themightyoarfish	2015-06-11 13:08:15	vpisarev	2015-06-16 12:09:30	True
4115	themightyoarfish	2015-06-11 13:08:15	alalek	2015-06-17 10:54:18	True
4115	themightyoarfish	2015-06-11 13:08:15	vpisarev	2015-06-17 11:23:38	True
4100	alalek	2015-06-08 10:23:44	vpisarev	2015-06-17 11:29:13	True
4094	kashefy	2015-06-05 10:30:06	vpisarev	2015-07-01 08:05:16	True
4094	kashefy	2015-06-05 10:30:06	PhilLab	2015-06-16 13:02:43	True
4094	kashefy	2015-06-05 10:30:06	PhilLab	2015-06-16 12:13:41	True
4093	mshabunin	2015-06-05 09:49:00	vpisarev	2015-06-17 11:54:50	True
4083	mshabunin	2015-06-02 13:49:57	vpisarev	2015-06-02 15:32:03	True
4083	mshabunin	2015-06-02 13:49:57	vpisarev	2015-06-02 15:33:26	True
4083	mshabunin	2015-06-02 13:49:57	alalek	2015-06-03 14:14:12	True
