pr_number	author_user_login	pr_created_at	review_user_login	review_created_at	filename	create_before_pr	has_issue_comment	has_review_comment	has_commit
3373	berak	2014-10-26 14:06:16	SpecLad	2014-10-26 18:47:16	modules/core/include/opencv2/core/base.hpp	False	True	True	True
3370	samyak-268	2014-10-24 18:20:57	ilya-lavrenov	2014-10-25 12:49:29	samples/cpp/facial_features.cpp	False	True	True	True
3370	samyak-268	2014-10-24 18:20:57	ilya-lavrenov	2014-10-25 12:48:20	samples/cpp/facial_features.cpp	False	True	True	True
3370	samyak-268	2014-10-24 18:20:57	ilya-lavrenov	2014-10-25 12:48:20	samples/cpp/facial_features.cpp	True	True	True	True
3370	samyak-268	2014-10-24 18:20:57	ilya-lavrenov	2014-10-25 12:48:20	modules/core/src/matmul.cpp	False	True	True	True
3370	samyak-268	2014-10-24 18:20:57	ilya-lavrenov	2014-10-25 12:49:29	modules/core/src/matmul.cpp	False	True	True	True
3370	samyak-268	2014-10-24 18:20:57	ilya-lavrenov	2014-10-25 12:49:29	samples/cpp/facial_features.cpp	True	True	True	True
3367	akarsakov	2014-10-24 10:01:29	alalek	2014-10-24 11:08:49	modules/core/test/ocl/test_image2d.cpp	True	True	True	True
3367	akarsakov	2014-10-24 10:01:29	alalek	2014-10-24 11:08:49	modules/core/src/ocl.cpp	True	True	True	True
3367	akarsakov	2014-10-24 10:01:29	alalek	2014-10-24 11:08:49	modules/core/test/ocl/test_image2d.cpp	False	True	True	True
3367	akarsakov	2014-10-24 10:01:29	alalek	2014-10-24 11:08:49	modules/core/src/ocl.cpp	False	True	True	True
3367	akarsakov	2014-10-24 10:01:29	ilya-lavrenov	2014-10-24 10:59:53	modules/core/test/ocl/test_image2d.cpp	True	True	True	True
3367	akarsakov	2014-10-24 10:01:29	ilya-lavrenov	2014-10-24 10:59:53	modules/core/src/ocl.cpp	True	True	True	True
3367	akarsakov	2014-10-24 10:01:29	ilya-lavrenov	2014-10-24 10:59:53	modules/core/test/ocl/test_image2d.cpp	False	True	True	True
3367	akarsakov	2014-10-24 10:01:29	ilya-lavrenov	2014-10-24 10:59:53	modules/core/src/ocl.cpp	False	True	True	True
3360	mirab	2014-10-22 15:07:28	vpisarev	2014-11-05 11:40:15	modules/imgproc/include/opencv2/imgproc/types_c.h	True	True	True	True
3360	mirab	2014-10-22 15:07:28	vpisarev	2014-11-05 11:40:15	modules/imgproc/doc/miscellaneous_transformations.rst	True	True	True	True
3360	mirab	2014-10-22 15:07:28	vpisarev	2014-11-05 11:40:15	modules/imgproc/include/opencv2/imgproc.hpp	True	True	True	True
3360	mirab	2014-10-22 15:07:28	vpisarev	2014-11-05 11:40:15	modules/cudaarithm/doc/element_operations.rst	True	True	True	True
3360	mirab	2014-10-22 15:07:28	vpisarev	2014-11-05 11:40:15	modules/imgproc/src/thresh.cpp	True	True	True	True
3360	mirab	2014-10-22 15:07:28	vpisarev	2014-11-05 11:40:15	modules/imgproc/src/thresh.cpp	False	True	True	True
3359	akarsakov	2014-10-22 13:55:57	vbystricky	2014-10-27 09:41:38	modules/stitching/src/opencl/warpers.cl	False	True	True	True
3359	akarsakov	2014-10-22 13:55:57	vbystricky	2014-10-27 09:33:53	modules/stitching/include/opencv2/stitching/detail/warpers.hpp	False	True	True	True
3359	akarsakov	2014-10-22 13:55:57	vbystricky	2014-10-27 09:33:53	modules/stitching/src/warpers.cpp	False	True	True	True
3359	akarsakov	2014-10-22 13:55:57	vbystricky	2014-10-27 09:33:53	modules/stitching/src/opencl/warpers.cl	False	True	True	True
3359	akarsakov	2014-10-22 13:55:57	vbystricky	2014-10-27 09:41:38	modules/stitching/include/opencv2/stitching/detail/warpers.hpp	False	True	True	True
3359	akarsakov	2014-10-22 13:55:57	vbystricky	2014-10-27 09:41:38	modules/stitching/src/warpers.cpp	False	True	True	True
3357	briansp2020	2014-10-22 06:06:40	ilya-lavrenov	2014-11-01 17:10:37	modules/core/test/ocl/test_image2d.cpp	False	True	True	True
3357	briansp2020	2014-10-22 06:06:40	ilya-lavrenov	2014-11-01 17:10:37	modules/ts/include/opencv2/ts/ts_perf.hpp	False	True	True	True
3357	briansp2020	2014-10-22 06:06:40	ilya-lavrenov	2014-11-01 17:10:37	modules/stitching/src/warpers.cpp	False	True	True	True
3357	briansp2020	2014-10-22 06:06:40	ilya-lavrenov	2014-11-01 17:10:37	modules/stitching/src/opencl/warpers.cl	False	True	True	True
3357	briansp2020	2014-10-22 06:06:40	ilya-lavrenov	2014-11-01 17:10:37	modules/stitching/include/opencv2/stitching/detail/warpers.hpp	False	True	True	True
3357	briansp2020	2014-10-22 06:06:40	ilya-lavrenov	2014-11-01 17:10:37	modules/imgproc/test/ocl/test_color.cpp	False	True	True	True
3357	briansp2020	2014-10-22 06:06:40	ilya-lavrenov	2014-11-01 17:10:37	modules/imgproc/src/opencl/cvtcolor.cl	False	True	True	True
3357	briansp2020	2014-10-22 06:06:40	ilya-lavrenov	2014-11-01 17:10:37	modules/imgproc/src/featureselect.cpp	False	True	True	True
3357	briansp2020	2014-10-22 06:06:40	ilya-lavrenov	2014-11-01 17:10:37	modules/imgproc/src/color.cpp	False	True	True	True
3357	briansp2020	2014-10-22 06:06:40	ilya-lavrenov	2014-11-01 17:10:37	modules/core/src/matmul.cpp	False	True	True	True
3357	briansp2020	2014-10-22 06:06:40	ilya-lavrenov	2014-11-01 17:10:37	modules/core/src/opencl/gemm.cl	False	True	True	True
3357	briansp2020	2014-10-22 06:06:40	ilya-lavrenov	2014-11-01 17:10:37	modules/core/src/ocl.cpp	False	True	True	True
3357	briansp2020	2014-10-22 06:06:40	vpisarev	2014-11-05 11:44:15	samples/cpp/stereo_match.cpp	True	True	True	True
3357	briansp2020	2014-10-22 06:06:40	ilya-lavrenov	2014-11-01 17:10:37	modules/core/src/convert.cpp	False	True	True	True
3357	briansp2020	2014-10-22 06:06:40	ilya-lavrenov	2014-11-01 17:10:37	modules/core/include/opencv2/core/ocl.hpp	False	True	True	True
3357	briansp2020	2014-10-22 06:06:40	ilya-lavrenov	2014-11-01 17:10:37	modules/calib3d/src/stereobm.cpp	False	True	True	True
3357	briansp2020	2014-10-22 06:06:40	ilya-lavrenov	2014-11-01 17:10:37	modules/calib3d/src/opencl/stereobm.cl	False	True	True	True
3357	briansp2020	2014-10-22 06:06:40	ilya-lavrenov	2014-11-01 17:10:37	samples/cpp/stereo_match.cpp	False	True	True	True
3357	briansp2020	2014-10-22 06:06:40	ilya-lavrenov	2014-11-01 17:10:37	samples/cpp/stereo_match.cpp	True	True	True	True
3357	briansp2020	2014-10-22 06:06:40	ilya-lavrenov	2014-11-01 17:10:37	samples/tapi/hog.cpp	False	True	True	True
3357	briansp2020	2014-10-22 06:06:40	ilya-lavrenov	2014-11-01 17:10:37	modules/ts/src/ts_perf.cpp	False	True	True	True
3357	briansp2020	2014-10-22 06:06:40	vpisarev	2014-11-05 11:44:15	samples/cpp/stereo_match.cpp	False	True	True	True
3357	briansp2020	2014-10-22 06:06:40	vpisarev	2014-11-05 11:44:15	modules/imgproc/src/featureselect.cpp	False	True	True	True
3357	briansp2020	2014-10-22 06:06:40	vpisarev	2014-11-05 11:44:15	samples/tapi/hog.cpp	False	True	True	True
3357	briansp2020	2014-10-22 06:06:40	vpisarev	2014-11-05 11:44:15	modules/ts/src/ts_perf.cpp	False	True	True	True
3357	briansp2020	2014-10-22 06:06:40	vpisarev	2014-11-05 11:44:15	modules/ts/include/opencv2/ts/ts_perf.hpp	False	True	True	True
3357	briansp2020	2014-10-22 06:06:40	vpisarev	2014-11-05 11:44:15	modules/calib3d/src/opencl/stereobm.cl	False	True	True	True
3357	briansp2020	2014-10-22 06:06:40	vpisarev	2014-11-05 11:44:15	modules/stitching/src/opencl/warpers.cl	False	True	True	True
3357	briansp2020	2014-10-22 06:06:40	vpisarev	2014-11-05 11:44:15	modules/stitching/include/opencv2/stitching/detail/warpers.hpp	False	True	True	True
3357	briansp2020	2014-10-22 06:06:40	vpisarev	2014-11-05 11:44:15	modules/imgproc/test/ocl/test_color.cpp	False	True	True	True
3357	briansp2020	2014-10-22 06:06:40	vpisarev	2014-11-05 11:44:15	modules/imgproc/src/opencl/cvtcolor.cl	False	True	True	True
3357	briansp2020	2014-10-22 06:06:40	vpisarev	2014-11-05 11:44:15	modules/stitching/src/warpers.cpp	False	True	True	True
3357	briansp2020	2014-10-22 06:06:40	vpisarev	2014-11-05 11:44:15	modules/imgproc/src/color.cpp	False	True	True	True
3357	briansp2020	2014-10-22 06:06:40	vpisarev	2014-11-05 11:44:15	modules/core/test/ocl/test_image2d.cpp	False	True	True	True
3357	briansp2020	2014-10-22 06:06:40	vpisarev	2014-11-05 11:44:15	modules/core/src/opencl/gemm.cl	False	True	True	True
3357	briansp2020	2014-10-22 06:06:40	vpisarev	2014-11-05 11:44:15	modules/core/src/ocl.cpp	False	True	True	True
3357	briansp2020	2014-10-22 06:06:40	vpisarev	2014-11-05 11:44:15	modules/core/src/matmul.cpp	False	True	True	True
3357	briansp2020	2014-10-22 06:06:40	vpisarev	2014-11-05 11:44:15	modules/core/src/convert.cpp	False	True	True	True
3357	briansp2020	2014-10-22 06:06:40	vpisarev	2014-11-05 11:44:15	modules/core/include/opencv2/core/ocl.hpp	False	True	True	True
3357	briansp2020	2014-10-22 06:06:40	vpisarev	2014-11-05 11:44:15	modules/calib3d/src/stereobm.cpp	False	True	True	True
3354	vbystricky	2014-10-20 12:48:14	ElenaGvozdeva	2014-10-21 14:00:47	modules/core/include/opencv2/core/ocl.hpp	False	True	True	True
3354	vbystricky	2014-10-20 12:48:14	ElenaGvozdeva	2014-10-21 14:00:47	modules/core/src/convert.cpp	False	True	True	True
3354	vbystricky	2014-10-20 12:48:14	ElenaGvozdeva	2014-10-21 14:00:47	modules/core/src/ocl.cpp	False	True	True	True
3352	alucarded	2014-10-19 21:56:07	vpisarev	2014-10-20 06:45:12	modules/video/src/bgfg_gaussmix2.cpp	True	True	True	True
3342	alalek	2014-10-17 09:43:05	vbystricky	2014-10-20 18:09:54	modules/ts/include/opencv2/ts/ts_perf.hpp	False	True	True	True
3342	alalek	2014-10-17 09:43:05	vbystricky	2014-10-20 18:22:01	modules/ts/src/ts_perf.cpp	False	True	True	True
3342	alalek	2014-10-17 09:43:05	vbystricky	2014-10-20 17:05:02	modules/ts/include/opencv2/ts/ts_perf.hpp	False	True	True	True
3342	alalek	2014-10-17 09:43:05	vbystricky	2014-10-20 17:05:02	modules/ts/src/ts_perf.cpp	False	True	True	True
3342	alalek	2014-10-17 09:43:05	vbystricky	2014-10-20 17:16:45	modules/ts/include/opencv2/ts/ts_perf.hpp	False	True	True	True
3342	alalek	2014-10-17 09:43:05	vbystricky	2014-10-20 17:16:45	modules/ts/src/ts_perf.cpp	False	True	True	True
3342	alalek	2014-10-17 09:43:05	vbystricky	2014-10-20 18:24:04	modules/ts/include/opencv2/ts/ts_perf.hpp	False	True	True	True
3342	alalek	2014-10-17 09:43:05	vbystricky	2014-10-20 18:24:04	modules/ts/src/ts_perf.cpp	False	True	True	True
3342	alalek	2014-10-17 09:43:05	vbystricky	2014-10-20 18:22:01	modules/ts/include/opencv2/ts/ts_perf.hpp	False	True	True	True
3342	alalek	2014-10-17 09:43:05	vbystricky	2014-10-20 18:09:54	modules/ts/src/ts_perf.cpp	False	True	True	True
3342	alalek	2014-10-17 09:43:05	vbystricky	2014-10-20 18:18:33	modules/ts/src/ts_perf.cpp	False	True	True	True
3342	alalek	2014-10-17 09:43:05	vbystricky	2014-10-20 18:20:44	modules/ts/include/opencv2/ts/ts_perf.hpp	False	True	True	True
3342	alalek	2014-10-17 09:43:05	vbystricky	2014-10-20 18:20:44	modules/ts/src/ts_perf.cpp	False	True	True	True
3342	alalek	2014-10-17 09:43:05	vbystricky	2014-10-20 18:05:00	modules/ts/include/opencv2/ts/ts_perf.hpp	False	True	True	True
3342	alalek	2014-10-17 09:43:05	vbystricky	2014-10-20 18:05:00	modules/ts/src/ts_perf.cpp	False	True	True	True
3342	alalek	2014-10-17 09:43:05	vbystricky	2014-10-20 18:18:33	modules/ts/include/opencv2/ts/ts_perf.hpp	False	True	True	True
3338	ilya-lavrenov	2014-10-15 20:26:55	alalek	2014-10-15 23:25:31	platforms/ios/build_framework.py	True	True	True	True
3336	BKNio	2014-10-14 13:13:37	mshabunin	2014-10-27 08:57:29	modules/highgui/test/test_drawing.cpp	True	True	True	True
3336	BKNio	2014-10-14 13:13:37	mshabunin	2014-10-16 10:49:36	modules/core/src/drawing.cpp	True	True	True	True
3336	BKNio	2014-10-14 13:13:37	mshabunin	2014-10-16 10:49:36	modules/highgui/test/test_drawing.cpp	True	True	True	True
3336	BKNio	2014-10-14 13:13:37	mshabunin	2014-10-27 09:00:06	modules/core/src/drawing.cpp	True	True	True	True
3336	BKNio	2014-10-14 13:13:37	mshabunin	2014-10-27 09:00:06	modules/highgui/test/test_drawing.cpp	True	True	True	True
3336	BKNio	2014-10-14 13:13:37	mshabunin	2014-10-27 08:57:29	modules/core/src/drawing.cpp	True	True	True	True
3336	BKNio	2014-10-14 13:13:37	mshabunin	2014-10-27 08:59:28	modules/core/src/drawing.cpp	True	True	True	True
3336	BKNio	2014-10-14 13:13:37	mshabunin	2014-10-27 08:59:28	modules/highgui/test/test_drawing.cpp	True	True	True	True
3336	BKNio	2014-10-14 13:13:37	mshabunin	2014-10-27 08:58:31	modules/core/src/drawing.cpp	True	True	True	True
3336	BKNio	2014-10-14 13:13:37	mshabunin	2014-10-27 08:58:31	modules/highgui/test/test_drawing.cpp	True	True	True	True
3332	lupustr3	2014-10-13 06:42:38	alalek	2014-10-14 12:15:24	modules/core/src/mathfuncs.cpp	True	True	True	True
3332	lupustr3	2014-10-13 06:42:38	alalek	2014-10-14 12:15:24	modules/imgproc/src/accum.cpp	True	True	True	True
3332	lupustr3	2014-10-13 06:42:38	alalek	2014-10-14 12:15:24	modules/features2d/src/orb.cpp	True	True	True	True
3332	lupustr3	2014-10-13 06:42:38	alalek	2014-10-14 12:15:24	modules/features2d/src/matchers.cpp	True	True	True	True
3332	lupustr3	2014-10-13 06:42:38	alalek	2014-10-14 12:15:24	modules/features2d/src/fast.cpp	True	True	True	True
3332	lupustr3	2014-10-13 06:42:38	alalek	2014-10-14 12:15:24	modules/core/src/umatrix.cpp	True	True	True	True
3332	lupustr3	2014-10-13 06:42:38	alalek	2014-10-14 12:15:24	modules/core/src/system.cpp	True	True	True	True
3332	lupustr3	2014-10-13 06:42:38	alalek	2014-10-14 12:15:24	modules/core/src/stat.cpp	True	True	True	True
3332	lupustr3	2014-10-13 06:42:38	alalek	2014-10-14 12:15:24	modules/core/src/precomp.hpp	True	True	True	True
3332	lupustr3	2014-10-13 06:42:38	alalek	2014-10-14 12:15:24	modules/core/src/ocl.cpp	True	True	True	True
3332	lupustr3	2014-10-13 06:42:38	alalek	2014-10-14 12:15:24	modules/core/src/matrix.cpp	True	True	True	True
3332	lupustr3	2014-10-13 06:42:38	alalek	2014-10-14 12:15:24	modules/calib3d/src/stereosgbm.cpp	True	True	True	True
3332	lupustr3	2014-10-13 06:42:38	alalek	2014-10-14 12:15:24	modules/core/src/dxt.cpp	True	True	True	True
3332	lupustr3	2014-10-13 06:42:38	alalek	2014-10-14 12:15:24	modules/core/src/copy.cpp	True	True	True	True
3332	lupustr3	2014-10-13 06:42:38	alalek	2014-10-14 12:15:24	modules/core/src/convert.cpp	True	True	True	True
3332	lupustr3	2014-10-13 06:42:38	alalek	2014-10-14 12:15:24	modules/core/src/arithm.cpp	True	True	True	True
3332	lupustr3	2014-10-13 06:42:38	alalek	2014-10-14 12:15:24	modules/core/include/opencv2/core/utility.hpp	True	True	True	True
3332	lupustr3	2014-10-13 06:42:38	alalek	2014-10-14 12:15:24	modules/core/include/opencv2/core/private.hpp	True	True	True	True
3332	lupustr3	2014-10-13 06:42:38	alalek	2014-10-14 12:15:24	modules/core/include/opencv2/core/opencl/ocl_defs.hpp	True	True	True	True
3332	lupustr3	2014-10-13 06:42:38	alalek	2014-10-14 12:15:24	modules/core/include/opencv2/core/base.hpp	True	True	True	True
3332	lupustr3	2014-10-13 06:42:38	alalek	2014-10-14 12:15:24	modules/imgproc/src/clahe.cpp	True	True	True	True
3332	lupustr3	2014-10-13 06:42:38	alalek	2014-10-14 12:15:24	modules/calib3d/src/stereobm.cpp	True	True	True	True
3332	lupustr3	2014-10-13 06:42:38	alalek	2014-10-14 12:15:24	CMakeLists.txt	True	True	True	True
3332	lupustr3	2014-10-13 06:42:38	alalek	2014-10-14 12:15:24	modules/imgproc/src/canny.cpp	True	True	True	True
3332	lupustr3	2014-10-13 06:42:38	alalek	2014-10-14 12:15:24	modules/core/src/matmul.cpp	True	True	True	True
3332	lupustr3	2014-10-13 06:42:38	alalek	2014-10-14 12:15:24	modules/imgproc/src/color.cpp	True	True	True	True
3332	lupustr3	2014-10-13 06:42:38	alalek	2014-10-14 12:15:24	modules/imgproc/src/smooth.cpp	True	True	True	True
3332	lupustr3	2014-10-13 06:42:38	alalek	2014-10-14 12:15:24	modules/video/src/optflowgf.cpp	True	True	True	True
3332	lupustr3	2014-10-13 06:42:38	alalek	2014-10-14 12:15:24	modules/video/src/lkpyramid.cpp	True	True	True	True
3332	lupustr3	2014-10-13 06:42:38	alalek	2014-10-14 12:15:24	modules/ts/src/ts_perf.cpp	True	True	True	True
3332	lupustr3	2014-10-13 06:42:38	alalek	2014-10-14 12:15:24	modules/ts/include/opencv2/ts/ts_perf.hpp	True	True	True	True
3332	lupustr3	2014-10-13 06:42:38	alalek	2014-10-14 12:15:24	modules/stitching/src/warpers.cpp	True	True	True	True
3332	lupustr3	2014-10-13 06:42:38	alalek	2014-10-14 12:15:24	modules/stitching/src/blenders.cpp	True	True	True	True
3332	lupustr3	2014-10-13 06:42:38	alalek	2014-10-14 12:15:24	modules/objdetect/src/haar.cpp	True	True	True	True
3332	lupustr3	2014-10-13 06:42:38	alalek	2014-10-14 12:15:24	modules/imgproc/src/thresh.cpp	True	True	True	True
3332	lupustr3	2014-10-13 06:42:38	alalek	2014-10-14 12:15:24	modules/imgproc/src/templmatch.cpp	True	True	True	True
3332	lupustr3	2014-10-13 06:42:38	alalek	2014-10-14 12:15:24	modules/imgproc/src/sumpixels.cpp	True	True	True	True
3332	lupustr3	2014-10-13 06:42:38	alalek	2014-10-14 12:15:24	modules/objdetect/src/cascadedetect.cpp	True	True	True	True
3332	lupustr3	2014-10-13 06:42:38	alalek	2014-10-14 12:15:24	modules/imgproc/src/distransform.cpp	True	True	True	True
3332	lupustr3	2014-10-13 06:42:38	alalek	2014-10-14 12:15:24	modules/imgproc/src/hough.cpp	True	True	True	True
3332	lupustr3	2014-10-13 06:42:38	alalek	2014-10-14 12:15:24	modules/imgproc/src/deriv.cpp	True	True	True	True
3332	lupustr3	2014-10-13 06:42:38	alalek	2014-10-14 12:15:24	modules/imgproc/src/samplers.cpp	True	True	True	True
3332	lupustr3	2014-10-13 06:42:38	alalek	2014-10-14 12:15:24	modules/imgproc/src/filter.cpp	True	True	True	True
3332	lupustr3	2014-10-13 06:42:38	alalek	2014-10-14 12:15:24	modules/imgproc/src/histogram.cpp	True	True	True	True
3332	lupustr3	2014-10-13 06:42:38	alalek	2014-10-14 12:15:24	modules/imgproc/src/corner.cpp	True	True	True	True
3332	lupustr3	2014-10-13 06:42:38	alalek	2014-10-14 12:15:24	modules/imgproc/src/imgwarp.cpp	True	True	True	True
3332	lupustr3	2014-10-13 06:42:38	alalek	2014-10-14 12:15:24	modules/imgproc/src/moments.cpp	True	True	True	True
3332	lupustr3	2014-10-13 06:42:38	alalek	2014-10-14 12:15:24	modules/imgproc/src/morph.cpp	True	True	True	True
3332	lupustr3	2014-10-13 06:42:38	alalek	2014-10-14 12:15:24	modules/imgproc/src/pyramids.cpp	True	True	True	True
3321	vbystricky	2014-10-09 08:54:46	ilya-lavrenov	2014-10-09 08:56:32	modules/core/src/ocl.cpp	False	True	True	True
3318	akarsakov	2014-10-08 14:59:44	krodyush	2014-10-10 06:40:54	modules/imgproc/test/ocl/test_color.cpp	True	True	True	True
3318	akarsakov	2014-10-08 14:59:44	krodyush	2014-10-10 06:49:36	modules/imgproc/src/opencl/cvtcolor.cl	True	True	True	True
3318	akarsakov	2014-10-08 14:59:44	krodyush	2014-10-10 06:49:36	modules/imgproc/test/ocl/test_color.cpp	True	True	True	True
3318	akarsakov	2014-10-08 14:59:44	krodyush	2014-10-10 06:49:36	modules/imgproc/src/color.cpp	False	True	True	True
3318	akarsakov	2014-10-08 14:59:44	krodyush	2014-10-10 06:49:36	modules/imgproc/src/opencl/cvtcolor.cl	False	True	True	True
3318	akarsakov	2014-10-08 14:59:44	krodyush	2014-10-10 06:49:36	modules/imgproc/test/ocl/test_color.cpp	False	True	True	True
3318	akarsakov	2014-10-08 14:59:44	krodyush	2014-10-10 06:40:54	modules/imgproc/src/color.cpp	True	True	True	True
3318	akarsakov	2014-10-08 14:59:44	krodyush	2014-10-10 06:40:54	modules/imgproc/src/opencl/cvtcolor.cl	True	True	True	True
3318	akarsakov	2014-10-08 14:59:44	krodyush	2014-10-10 06:49:36	modules/imgproc/src/color.cpp	True	True	True	True
3318	akarsakov	2014-10-08 14:59:44	krodyush	2014-10-10 06:40:54	modules/imgproc/src/opencl/cvtcolor.cl	False	True	True	True
3318	akarsakov	2014-10-08 14:59:44	krodyush	2014-10-10 06:40:54	modules/imgproc/src/color.cpp	False	True	True	True
3318	akarsakov	2014-10-08 14:59:44	krodyush	2014-10-10 06:39:08	modules/imgproc/src/color.cpp	True	True	True	True
3318	akarsakov	2014-10-08 14:59:44	krodyush	2014-10-10 06:39:08	modules/imgproc/src/opencl/cvtcolor.cl	True	True	True	True
3318	akarsakov	2014-10-08 14:59:44	krodyush	2014-10-10 06:39:08	modules/imgproc/test/ocl/test_color.cpp	True	True	True	True
3318	akarsakov	2014-10-08 14:59:44	krodyush	2014-10-10 06:39:08	modules/imgproc/src/color.cpp	False	True	True	True
3318	akarsakov	2014-10-08 14:59:44	krodyush	2014-10-10 06:39:08	modules/imgproc/src/opencl/cvtcolor.cl	False	True	True	True
3318	akarsakov	2014-10-08 14:59:44	krodyush	2014-10-10 06:39:08	modules/imgproc/test/ocl/test_color.cpp	False	True	True	True
3318	akarsakov	2014-10-08 14:59:44	krodyush	2014-10-10 06:40:54	modules/imgproc/test/ocl/test_color.cpp	False	True	True	True
3315	abak	2014-10-08 08:36:01	ilya-lavrenov	2014-10-11 08:08:03	modules/photo/src/seamless_cloning.cpp	True	True	True	True
3315	abak	2014-10-08 08:36:01	ilya-lavrenov	2014-10-08 10:04:27	modules/photo/test/test_decolor.cpp	True	True	True	True
3315	abak	2014-10-08 08:36:01	ilya-lavrenov	2014-10-08 10:04:27	modules/photo/src/seamless_cloning_impl.cpp	False	True	True	True
3315	abak	2014-10-08 08:36:01	ilya-lavrenov	2014-10-08 10:04:27	modules/photo/src/seamless_cloning.cpp	False	True	True	True
3315	abak	2014-10-08 08:36:01	ilya-lavrenov	2014-10-11 08:08:03	modules/photo/test/test_decolor.cpp	True	True	True	True
3315	abak	2014-10-08 08:36:01	ilya-lavrenov	2014-10-11 08:08:03	modules/photo/src/seamless_cloning.hpp	True	True	True	True
3315	abak	2014-10-08 08:36:01	ilya-lavrenov	2014-10-11 08:08:03	modules/photo/test/test_npr.cpp	True	True	True	True
3315	abak	2014-10-08 08:36:01	ilya-lavrenov	2014-10-11 08:08:03	modules/photo/test/test_cloning.cpp	True	True	True	True
3315	abak	2014-10-08 08:36:01	ilya-lavrenov	2014-10-08 10:04:27	modules/photo/test/test_npr.cpp	True	True	True	True
3315	abak	2014-10-08 08:36:01	ilya-lavrenov	2014-10-11 08:08:03	modules/photo/src/seamless_cloning_impl.cpp	False	True	True	True
3315	abak	2014-10-08 08:36:01	ilya-lavrenov	2014-10-08 10:04:27	modules/photo/test/test_cloning.cpp	True	True	True	True
3315	abak	2014-10-08 08:36:01	ilya-lavrenov	2014-10-08 10:03:35	modules/photo/src/seamless_cloning.cpp	False	True	True	True
3315	abak	2014-10-08 08:36:01	ilya-lavrenov	2014-10-08 10:04:27	modules/photo/src/seamless_cloning_impl.cpp	True	True	True	True
3315	abak	2014-10-08 08:36:01	ilya-lavrenov	2014-10-08 10:04:27	modules/photo/src/seamless_cloning.hpp	True	True	True	True
3315	abak	2014-10-08 08:36:01	ilya-lavrenov	2014-10-08 10:04:27	modules/photo/src/seamless_cloning.cpp	True	True	True	True
3315	abak	2014-10-08 08:36:01	ilya-lavrenov	2014-10-08 10:03:35	modules/photo/src/seamless_cloning_impl.cpp	False	True	True	True
3315	abak	2014-10-08 08:36:01	ilya-lavrenov	2014-10-08 10:03:35	modules/photo/test/test_decolor.cpp	True	True	True	True
3315	abak	2014-10-08 08:36:01	ilya-lavrenov	2014-10-08 10:03:35	modules/photo/test/test_cloning.cpp	True	True	True	True
3315	abak	2014-10-08 08:36:01	ilya-lavrenov	2014-10-08 10:03:35	modules/photo/test/test_npr.cpp	True	True	True	True
3315	abak	2014-10-08 08:36:01	ilya-lavrenov	2014-10-08 10:03:35	modules/photo/src/seamless_cloning_impl.cpp	True	True	True	True
3315	abak	2014-10-08 08:36:01	ilya-lavrenov	2014-10-08 10:03:35	modules/photo/src/seamless_cloning.hpp	True	True	True	True
3315	abak	2014-10-08 08:36:01	ilya-lavrenov	2014-10-08 10:03:35	modules/photo/src/seamless_cloning.cpp	True	True	True	True
3315	abak	2014-10-08 08:36:01	ilya-lavrenov	2014-10-08 10:02:55	modules/photo/src/seamless_cloning.cpp	True	True	True	True
3315	abak	2014-10-08 08:36:01	ilya-lavrenov	2014-10-11 08:08:03	modules/photo/src/seamless_cloning.cpp	False	True	True	True
3315	abak	2014-10-08 08:36:01	ilya-lavrenov	2014-10-11 08:08:03	modules/photo/src/seamless_cloning_impl.cpp	True	True	True	True
3315	abak	2014-10-08 08:36:01	ilya-lavrenov	2014-10-08 10:02:55	modules/photo/src/seamless_cloning.hpp	True	True	True	True
3315	abak	2014-10-08 08:36:01	ilya-lavrenov	2014-10-11 08:00:22	modules/photo/test/test_cloning.cpp	True	True	True	True
3315	abak	2014-10-08 08:36:01	ilya-lavrenov	2014-10-09 09:35:26	modules/photo/src/seamless_cloning.cpp	False	True	True	True
3315	abak	2014-10-08 08:36:01	ilya-lavrenov	2014-10-09 09:35:26	modules/photo/src/seamless_cloning_impl.cpp	False	True	True	True
3315	abak	2014-10-08 08:36:01	ilya-lavrenov	2014-10-09 09:35:26	modules/photo/test/test_decolor.cpp	True	True	True	True
3315	abak	2014-10-08 08:36:01	ilya-lavrenov	2014-10-09 09:35:26	modules/photo/test/test_cloning.cpp	True	True	True	True
3315	abak	2014-10-08 08:36:01	ilya-lavrenov	2014-10-09 09:35:26	modules/photo/test/test_npr.cpp	True	True	True	True
3315	abak	2014-10-08 08:36:01	ilya-lavrenov	2014-10-09 09:35:26	modules/photo/src/seamless_cloning_impl.cpp	True	True	True	True
3315	abak	2014-10-08 08:36:01	ilya-lavrenov	2014-10-09 09:35:26	modules/photo/src/seamless_cloning.hpp	True	True	True	True
3315	abak	2014-10-08 08:36:01	ilya-lavrenov	2014-10-09 09:35:26	modules/photo/src/seamless_cloning.cpp	True	True	True	True
3315	abak	2014-10-08 08:36:01	ilya-lavrenov	2014-10-11 08:00:22	modules/photo/src/seamless_cloning.cpp	False	True	True	True
3315	abak	2014-10-08 08:36:01	ilya-lavrenov	2014-10-11 08:00:22	modules/photo/test/test_decolor.cpp	True	True	True	True
3315	abak	2014-10-08 08:36:01	ilya-lavrenov	2014-10-11 08:00:22	modules/photo/src/seamless_cloning_impl.cpp	False	True	True	True
3315	abak	2014-10-08 08:36:01	ilya-lavrenov	2014-10-11 08:00:22	modules/photo/test/test_npr.cpp	True	True	True	True
3315	abak	2014-10-08 08:36:01	ilya-lavrenov	2014-10-11 08:00:22	modules/photo/src/seamless_cloning_impl.cpp	True	True	True	True
3315	abak	2014-10-08 08:36:01	ilya-lavrenov	2014-10-11 08:00:22	modules/photo/src/seamless_cloning.hpp	True	True	True	True
3315	abak	2014-10-08 08:36:01	ilya-lavrenov	2014-10-11 08:00:22	modules/photo/src/seamless_cloning.cpp	True	True	True	True
3315	abak	2014-10-08 08:36:01	ilya-lavrenov	2014-10-08 10:02:55	modules/photo/src/seamless_cloning.cpp	False	True	True	True
3315	abak	2014-10-08 08:36:01	ilya-lavrenov	2014-10-08 10:02:55	modules/photo/src/seamless_cloning_impl.cpp	False	True	True	True
3315	abak	2014-10-08 08:36:01	ilya-lavrenov	2014-10-08 10:02:55	modules/photo/src/seamless_cloning_impl.cpp	True	True	True	True
3315	abak	2014-10-08 08:36:01	ilya-lavrenov	2014-10-08 10:02:55	modules/photo/test/test_decolor.cpp	True	True	True	True
3315	abak	2014-10-08 08:36:01	ilya-lavrenov	2014-10-08 10:02:55	modules/photo/test/test_cloning.cpp	True	True	True	True
3315	abak	2014-10-08 08:36:01	ilya-lavrenov	2014-10-08 10:02:55	modules/photo/test/test_npr.cpp	True	True	True	True
3310	tSed	2014-10-06 19:51:03	asmorkalov	2014-10-18 14:20:46	cmake/OpenCVFindLibsVideo.cmake	True	True	True	True
3308	edgarriba	2014-10-06 10:53:34	vpisarev	2014-10-10 12:05:47	modules/calib3d/src/upnp.cpp	False	True	True	True
3308	edgarriba	2014-10-06 10:53:34	vpisarev	2014-10-10 12:02:18	modules/calib3d/src/upnp.cpp	False	True	True	True
3308	edgarriba	2014-10-06 10:53:34	vpisarev	2014-10-10 12:02:18	modules/calib3d/src/upnp.h	False	True	True	True
3308	edgarriba	2014-10-06 10:53:34	vpisarev	2014-10-10 12:06:53	modules/calib3d/src/upnp.cpp	False	True	True	True
3308	edgarriba	2014-10-06 10:53:34	vpisarev	2014-10-10 12:06:53	modules/calib3d/src/upnp.h	False	True	True	True
3308	edgarriba	2014-10-06 10:53:34	vpisarev	2014-10-10 12:04:48	modules/calib3d/src/upnp.h	False	True	True	True
3308	edgarriba	2014-10-06 10:53:34	vpisarev	2014-10-10 12:05:47	modules/calib3d/src/upnp.h	False	True	True	True
3308	edgarriba	2014-10-06 10:53:34	vpisarev	2014-10-10 12:03:17	modules/calib3d/src/upnp.cpp	False	True	True	True
3308	edgarriba	2014-10-06 10:53:34	vpisarev	2014-10-10 12:03:17	modules/calib3d/src/upnp.h	False	True	True	True
3308	edgarriba	2014-10-06 10:53:34	vpisarev	2014-10-10 12:04:48	modules/calib3d/src/upnp.cpp	False	True	True	True
3307	ilya-lavrenov	2014-10-06 07:59:35	alalek	2014-10-06 09:21:19	modules/highgui/src/cap_ffmpeg_impl.hpp	True	True	True	True
3305	tSed	2014-10-05 11:58:56	SpecLad	2014-10-19 23:43:58	cmake/OpenCVGenPkgconfig.cmake	True	True	True	True
3305	tSed	2014-10-05 11:58:56	SpecLad	2014-10-14 16:51:53	cmake/OpenCVGenPkgconfig.cmake	True	True	True	True
3305	tSed	2014-10-05 11:58:56	SpecLad	2014-10-14 16:56:15	cmake/OpenCVGenPkgconfig.cmake	True	True	True	True
3305	tSed	2014-10-05 11:58:56	SpecLad	2014-10-14 16:47:02	cmake/OpenCVGenPkgconfig.cmake	True	True	True	True
3305	tSed	2014-10-05 11:58:56	SpecLad	2014-10-14 16:52:15	cmake/OpenCVGenPkgconfig.cmake	True	True	True	True
3305	tSed	2014-10-05 11:58:56	SpecLad	2014-11-05 09:55:26	cmake/OpenCVGenPkgconfig.cmake	True	True	True	True
3305	tSed	2014-10-05 11:58:56	SpecLad	2014-10-19 23:40:38	cmake/OpenCVGenPkgconfig.cmake	True	True	True	True
3305	tSed	2014-10-05 11:58:56	SpecLad	2014-10-19 23:46:44	cmake/OpenCVGenPkgconfig.cmake	True	True	True	True
3301	MC-Escherichia	2014-10-04 01:10:03	ilya-lavrenov	2014-10-04 08:26:18	modules/java/generator/gen_javadoc.py	True	True	True	True
3292	mshabunin	2014-10-01 07:48:58	ilya-lavrenov	2014-10-18 09:43:02	modules/imgcodecs/CMakeLists.txt	False	True	True	True
3292	mshabunin	2014-10-01 07:48:58	ilya-lavrenov	2014-10-18 09:43:02	cmake/OpenCVCompilerOptions.cmake	False	True	True	True
3292	mshabunin	2014-10-01 07:48:58	ilya-lavrenov	2014-10-18 09:43:02	cmake/OpenCVUtils.cmake	False	True	True	True
3292	mshabunin	2014-10-01 07:48:58	ilya-lavrenov	2014-10-18 09:43:02	3rdparty/zlib/CMakeLists.txt	False	True	True	True
3292	mshabunin	2014-10-01 07:48:58	ilya-lavrenov	2014-10-18 09:43:02	modules/videoio/src/cap_ios_abstract_camera.mm	False	True	True	True
3292	mshabunin	2014-10-01 07:48:58	ilya-lavrenov	2014-10-18 09:43:02	modules/videoio/src/cap_ios_video_camera.mm	False	True	True	True
3292	mshabunin	2014-10-01 07:48:58	ilya-lavrenov	2014-10-18 09:43:02	platforms/ios/cmake/Modules/Platform/iOS.cmake	False	True	True	True
3292	mshabunin	2014-10-01 07:48:58	ilya-lavrenov	2014-10-18 09:43:02	platforms/ios/build_framework.py	True	True	True	True
3292	mshabunin	2014-10-01 07:48:58	ilya-lavrenov	2014-10-18 09:43:02	platforms/ios/cmake/Modules/Platform/iOS.cmake	True	True	True	True
3292	mshabunin	2014-10-01 07:48:58	ilya-lavrenov	2014-10-18 09:43:02	modules/highgui/CMakeLists.txt	False	True	True	True
3292	mshabunin	2014-10-01 07:48:58	ilya-lavrenov	2014-10-18 09:43:02	modules/imgcodecs/src/grfmt_tiff.cpp	False	True	True	True
3292	mshabunin	2014-10-01 07:48:58	ilya-lavrenov	2014-10-18 09:43:02	modules/videoio/CMakeLists.txt	False	True	True	True
3292	mshabunin	2014-10-01 07:48:58	ilya-lavrenov	2014-10-18 09:43:02	modules/imgproc/src/demosaicing.cpp	False	True	True	True
3292	mshabunin	2014-10-01 07:48:58	ilya-lavrenov	2014-10-18 09:43:02	modules/imgproc/src/pyramids.cpp	False	True	True	True
3292	mshabunin	2014-10-01 07:48:58	ilya-lavrenov	2014-10-18 09:43:02	modules/core/src/parallel.cpp	False	True	True	True
3292	mshabunin	2014-10-01 07:48:58	ilya-lavrenov	2014-10-18 09:43:02	modules/core/src/persistence.cpp	False	True	True	True
3292	mshabunin	2014-10-01 07:48:58	ilya-lavrenov	2014-10-18 09:43:02	modules/objdetect/src/haar.cpp	False	True	True	True
3292	mshabunin	2014-10-01 07:48:58	ilya-lavrenov	2014-10-18 09:43:02	modules/videoio/src/cap_avfoundation.mm	False	True	True	True
3292	mshabunin	2014-10-01 07:48:58	ilya-lavrenov	2014-10-18 09:43:02	modules/imgcodecs/src/ios_conversions.mm	False	True	True	True
3292	mshabunin	2014-10-01 07:48:58	ilya-lavrenov	2014-10-18 09:43:02	modules/stitching/src/matchers.cpp	False	True	True	True
