pr_number	author_user_login	pr_created_at	review_user_login	review_created_at	filename	create_before_pr	has_issue_comment	has_review_comment	has_commit
6743	alalek	2016-06-29 09:48:37	apavlenko	2016-06-30 13:35:41	3rdparty/libpng/pngdebug.h	True	True	True	True
6743	alalek	2016-06-29 09:48:37	apavlenko	2016-06-30 13:35:41	3rdparty/libpng/pngmem.c	True	True	True	True
6743	alalek	2016-06-29 09:48:37	apavlenko	2016-06-30 13:35:41	3rdparty/libpng/pnglibconf.h	True	True	True	True
6743	alalek	2016-06-29 09:48:37	apavlenko	2016-06-30 13:35:41	3rdparty/libpng/pnginfo.h	True	True	True	True
6743	alalek	2016-06-29 09:48:37	apavlenko	2016-06-30 13:35:41	3rdparty/libpng/pngget.c	True	True	True	True
6743	alalek	2016-06-29 09:48:37	apavlenko	2016-06-30 13:35:41	3rdparty/libpng/pngerror.c	True	True	True	True
6743	alalek	2016-06-29 09:48:37	apavlenko	2016-06-30 13:35:41	3rdparty/libpng/README	True	True	True	True
6743	alalek	2016-06-29 09:48:37	apavlenko	2016-06-30 13:35:41	3rdparty/libpng/pngconf.h	True	True	True	True
6743	alalek	2016-06-29 09:48:37	apavlenko	2016-06-30 13:35:41	3rdparty/libpng/png.h	True	True	True	True
6743	alalek	2016-06-29 09:48:37	apavlenko	2016-06-30 13:35:41	3rdparty/libpng/png.c	True	True	True	True
6743	alalek	2016-06-29 09:48:37	apavlenko	2016-06-30 13:35:41	3rdparty/libpng/arm/arm_init.c	True	True	True	True
6743	alalek	2016-06-29 09:48:37	apavlenko	2016-06-30 13:35:41	3rdparty/libpng/LICENSE	True	True	True	True
6743	alalek	2016-06-29 09:48:37	apavlenko	2016-06-30 13:35:41	3rdparty/libpng/pngpriv.h	True	True	True	True
6743	alalek	2016-06-29 09:48:37	apavlenko	2016-06-30 13:35:41	3rdparty/libpng/pngpread.c	True	True	True	True
6743	alalek	2016-06-29 09:48:37	apavlenko	2016-06-30 13:35:41	3rdparty/libpng/CMakeLists.txt	True	True	True	True
6743	alalek	2016-06-29 09:48:37	apavlenko	2016-06-30 13:35:41	3rdparty/libpng/pngread.c	True	True	True	True
6743	alalek	2016-06-29 09:48:37	apavlenko	2016-06-30 13:35:41	3rdparty/libpng/pngwrite.c	True	True	True	True
6743	alalek	2016-06-29 09:48:37	apavlenko	2016-06-30 13:35:41	3rdparty/libpng/opencv-libpng.patch	True	True	True	True
6743	alalek	2016-06-29 09:48:37	apavlenko	2016-06-30 13:35:41	3rdparty/libpng/CMakeLists.txt	False	True	True	True
6743	alalek	2016-06-29 09:48:37	apavlenko	2016-06-30 13:35:41	3rdparty/readme.txt	True	True	True	True
6743	alalek	2016-06-29 09:48:37	apavlenko	2016-06-30 13:35:41	3rdparty/libpng/pngwutil.c	True	True	True	True
6743	alalek	2016-06-29 09:48:37	apavlenko	2016-06-30 13:35:41	3rdparty/libpng/pngwtran.c	True	True	True	True
6743	alalek	2016-06-29 09:48:37	apavlenko	2016-06-30 13:35:41	3rdparty/libpng/pngrio.c	True	True	True	True
6743	alalek	2016-06-29 09:48:37	apavlenko	2016-06-30 13:35:41	3rdparty/libpng/pngwio.c	True	True	True	True
6743	alalek	2016-06-29 09:48:37	apavlenko	2016-06-30 13:35:41	3rdparty/libpng/pngstruct.h	True	True	True	True
6743	alalek	2016-06-29 09:48:37	apavlenko	2016-06-30 13:35:41	3rdparty/libpng/pngset.c	True	True	True	True
6743	alalek	2016-06-29 09:48:37	apavlenko	2016-06-30 13:35:41	3rdparty/libpng/pngrutil.c	True	True	True	True
6743	alalek	2016-06-29 09:48:37	apavlenko	2016-06-30 13:35:41	3rdparty/libpng/pngrtran.c	True	True	True	True
6743	alalek	2016-06-29 09:48:37	apavlenko	2016-06-30 13:35:41	3rdparty/libpng/pngtrans.c	True	True	True	True
6725	theg4sh	2016-06-24 21:54:55	alalek	2016-06-29 13:19:46	modules/highgui/src/window_QT.cpp	True	True	True	True
6725	theg4sh	2016-06-24 21:54:55	alalek	2016-06-29 13:18:51	modules/highgui/src/window_QT.cpp	True	True	True	True
6725	theg4sh	2016-06-24 21:54:55	alalek	2016-06-29 13:18:51	modules/highgui/src/window_QT.h	True	True	True	True
6725	theg4sh	2016-06-24 21:54:55	alalek	2016-06-29 13:18:51	modules/highgui/src/window_gtk.cpp	False	True	True	True
6725	theg4sh	2016-06-24 21:54:55	alalek	2016-06-29 13:18:51	modules/highgui/src/window_gtk.cpp	True	True	True	True
6725	theg4sh	2016-06-24 21:54:55	alalek	2016-06-29 13:19:46	modules/highgui/src/window_QT.h	True	True	True	True
6725	theg4sh	2016-06-24 21:54:55	alalek	2016-06-29 13:19:46	modules/highgui/src/window_gtk.cpp	True	True	True	True
6725	theg4sh	2016-06-24 21:54:55	alalek	2016-06-29 13:19:46	modules/highgui/src/window_gtk.cpp	False	True	True	True
6707	tech2077	2016-06-20 21:44:24	alalek	2016-06-21 19:37:10	cmake/templates/OpenCVConfig-IPPICV.cmake.in	True	True	True	True
6707	tech2077	2016-06-20 21:44:24	alalek	2016-06-21 19:37:10	modules/calib3d/include/opencv2/calib3d/calib3d_c.h	True	True	True	True
6707	tech2077	2016-06-20 21:44:24	alalek	2016-06-21 19:37:10	modules/calib3d/include/opencv2/calib3d.hpp	True	True	True	True
6707	tech2077	2016-06-20 21:44:24	alalek	2016-06-21 19:37:10	doc/py_tutorials/py_imgproc/py_grabcut/py_grabcut.markdown	True	True	True	True
6707	tech2077	2016-06-20 21:44:24	alalek	2016-06-21 19:37:10	cmake/templates/cvconfig.h.in	True	True	True	True
6707	tech2077	2016-06-20 21:44:24	alalek	2016-06-21 19:37:10	cmake/templates/custom_hal.hpp.in	True	True	True	True
6707	tech2077	2016-06-20 21:44:24	alalek	2016-06-21 19:37:10	cmake/templates/OpenCVConfig.root-WIN32.cmake.in	True	True	True	True
6707	tech2077	2016-06-20 21:44:24	alalek	2016-06-21 19:37:10	cmake/templates/OpenCVConfig.root-ANDROID.cmake.in	True	True	True	True
6707	tech2077	2016-06-20 21:44:24	alalek	2016-06-21 19:37:10	cmake/templates/OpenCVConfig.cmake.in	True	True	True	True
6707	tech2077	2016-06-20 21:44:24	alalek	2016-06-21 19:37:10	cmake/templates/OpenCVConfig-CUDA.cmake.in	True	True	True	True
6707	tech2077	2016-06-20 21:44:24	alalek	2016-06-21 19:37:10	modules/calib3d/src/calibration.cpp	True	True	True	True
6707	tech2077	2016-06-20 21:44:24	alalek	2016-06-21 19:37:10	cmake/templates/OpenCVConfig-ANDROID.cmake.in	True	True	True	True
6707	tech2077	2016-06-20 21:44:24	alalek	2016-06-21 19:37:10	cmake/OpenCVUtils.cmake	True	True	True	True
6707	tech2077	2016-06-20 21:44:24	alalek	2016-06-21 19:37:10	cmake/OpenCVGenConfig.cmake	True	True	True	True
6707	tech2077	2016-06-20 21:44:24	alalek	2016-06-21 19:37:10	cmake/OpenCVFindLibsPerf.cmake	True	True	True	True
6707	tech2077	2016-06-20 21:44:24	alalek	2016-06-21 19:37:10	cmake/OpenCVFindIPP.cmake	True	True	True	True
6707	tech2077	2016-06-20 21:44:24	alalek	2016-06-21 19:37:10	modules/python/src2/cv2.cpp	False	True	True	True
6707	tech2077	2016-06-20 21:44:24	alalek	2016-06-21 19:37:10	CMakeLists.txt	True	True	True	True
6707	tech2077	2016-06-20 21:44:24	alalek	2016-06-21 19:37:10	cmake/OpenCVDetectAndroidSDK.cmake	True	True	True	True
6707	tech2077	2016-06-20 21:44:24	alalek	2016-06-21 19:37:10	modules/calib3d/test/test_cameracalibration.cpp	True	True	True	True
6707	tech2077	2016-06-20 21:44:24	alalek	2016-06-21 19:37:10	modules/calib3d/src/compat_ptsetreg.cpp	True	True	True	True
6707	tech2077	2016-06-20 21:44:24	alalek	2016-06-21 19:37:10	modules/core/src/lapack.cpp	True	True	True	True
6707	tech2077	2016-06-20 21:44:24	alalek	2016-06-21 19:37:10	modules/core/CMakeLists.txt	True	True	True	True
6707	tech2077	2016-06-20 21:44:24	alalek	2016-06-21 19:37:10	modules/python/src2/cv2.cpp	True	True	True	True
6707	tech2077	2016-06-20 21:44:24	alalek	2016-06-21 19:37:10	platforms/android/build_sdk.py	True	True	True	True
6707	tech2077	2016-06-20 21:44:24	alalek	2016-06-21 19:37:10	platforms/android/build-tests/test_cmake_build.py	True	True	True	True
6707	tech2077	2016-06-20 21:44:24	alalek	2016-06-21 19:37:10	modules/video/include/opencv2/video/tracking.hpp	True	True	True	True
6707	tech2077	2016-06-20 21:44:24	alalek	2016-06-21 19:37:10	modules/imgproc/src/hal_replacement.hpp	True	True	True	True
6707	tech2077	2016-06-20 21:44:24	alalek	2016-06-21 19:37:10	modules/core/src/matmul.cpp	True	True	True	True
6707	tech2077	2016-06-20 21:44:24	alalek	2016-06-21 19:37:10	modules/core/src/matrix_decomp.cpp	True	True	True	True
6707	tech2077	2016-06-20 21:44:24	alalek	2016-06-21 19:37:10	modules/core/src/hal_replacement.hpp	True	True	True	True
6707	tech2077	2016-06-20 21:44:24	alalek	2016-06-21 19:37:10	modules/core/src/hal_internal.hpp	True	True	True	True
6707	tech2077	2016-06-20 21:44:24	alalek	2016-06-21 19:37:10	modules/core/src/hal_internal.cpp	True	True	True	True
6707	tech2077	2016-06-20 21:44:24	alalek	2016-06-21 19:37:10	modules/core/include/opencv2/core/matx.hpp	True	True	True	True
6707	tech2077	2016-06-20 21:44:24	alalek	2016-06-21 19:37:10	modules/core/include/opencv2/core/mat.inl.hpp	True	True	True	True
6707	tech2077	2016-06-20 21:44:24	alalek	2016-06-21 19:37:10	modules/core/include/opencv2/core/mat.hpp	True	True	True	True
6707	tech2077	2016-06-20 21:44:24	alalek	2016-06-21 19:37:10	modules/core/include/opencv2/core/hal/interface.h	True	True	True	True
6707	tech2077	2016-06-20 21:44:24	alalek	2016-06-21 19:37:10	modules/core/include/opencv2/core/hal/hal.hpp	True	True	True	True
6697	wiryls	2016-06-18 14:20:35	vpisarev	2016-06-20 06:23:08	modules/core/src/persistence.cpp	False	True	True	True
6697	wiryls	2016-06-18 14:20:35	vpisarev	2016-06-20 06:23:08	modules/core/test/test_io.cpp	True	True	True	True
6697	wiryls	2016-06-18 14:20:35	vpisarev	2016-06-20 06:23:08	modules/core/include/opencv2/core/persistence.hpp	True	True	True	True
6697	wiryls	2016-06-18 14:20:35	vpisarev	2016-06-20 06:23:08	modules/core/src/persistence.cpp	True	True	True	True
6697	wiryls	2016-06-18 14:20:35	vpisarev	2016-06-20 06:23:08	modules/core/test/test_io.cpp	False	True	True	True
6697	wiryls	2016-06-18 14:20:35	vpisarev	2016-06-20 06:23:08	modules/core/include/opencv2/core/persistence.hpp	False	True	True	True
6697	wiryls	2016-06-18 14:20:35	vpisarev	2016-06-20 06:22:03	modules/core/src/persistence.cpp	False	True	True	True
6697	wiryls	2016-06-18 14:20:35	vpisarev	2016-06-20 06:22:03	modules/core/test/test_io.cpp	True	True	True	True
6697	wiryls	2016-06-18 14:20:35	vpisarev	2016-06-20 06:22:03	modules/core/include/opencv2/core/persistence.hpp	True	True	True	True
6697	wiryls	2016-06-18 14:20:35	vpisarev	2016-06-20 06:22:03	modules/core/src/persistence.cpp	True	True	True	True
6697	wiryls	2016-06-18 14:20:35	vpisarev	2016-06-20 06:22:03	modules/core/test/test_io.cpp	False	True	True	True
6697	wiryls	2016-06-18 14:20:35	vpisarev	2016-06-20 06:22:03	modules/core/include/opencv2/core/persistence.hpp	False	True	True	True
6678	mself	2016-06-14 06:30:05	yoffy	2016-06-18 14:48:22	modules/videoio/src/cap.cpp	True	True	True	True
6678	mself	2016-06-14 06:30:05	yoffy	2016-06-18 14:48:22	modules/video/perf/opencl/perf_bgfg_mog2.cpp	True	True	True	True
6678	mself	2016-06-14 06:30:05	yoffy	2016-06-18 14:48:22	modules/superres/test/test_precomp.hpp	True	True	True	True
6678	mself	2016-06-14 06:30:05	yoffy	2016-06-18 14:48:22	modules/video/test/ocl/test_bgfg_mog2.cpp	True	True	True	True
6678	mself	2016-06-14 06:30:05	yoffy	2016-06-18 14:48:22	modules/cudacodec/perf/perf_video.cpp	True	True	True	True
6678	mself	2016-06-14 06:30:05	yoffy	2016-06-18 14:48:22	modules/cudabgsegm/test/test_bgsegm.cpp	True	True	True	True
6678	mself	2016-06-14 06:30:05	yoffy	2016-06-18 14:48:22	modules/cudabgsegm/perf/perf_bgsegm.cpp	True	True	True	True
6678	mself	2016-06-14 06:30:05	yoffy	2016-06-18 14:48:22	modules/videoio/src/precomp.hpp	True	True	True	True
6678	mself	2016-06-14 06:30:05	yoffy	2016-06-18 14:48:22	modules/cudalegacy/perf/perf_bgsegm.cpp	True	True	True	True
6678	mself	2016-06-14 06:30:05	yoffy	2016-06-18 14:48:22	modules/videoio/include/opencv2/videoio/videoio_c.h	True	True	True	True
6678	mself	2016-06-14 06:30:05	yoffy	2016-06-18 14:48:22	modules/videoio/include/opencv2/videoio.hpp	True	True	True	True
6678	mself	2016-06-14 06:30:05	yoffy	2016-06-18 14:48:22	modules/videoio/CMakeLists.txt	True	True	True	True
6678	mself	2016-06-14 06:30:05	yoffy	2016-06-18 14:48:22	cmake/templates/cvconfig.h.in	True	True	True	True
6678	mself	2016-06-14 06:30:05	yoffy	2016-06-18 14:48:22	cmake/OpenCVFindLibsVideo.cmake	True	True	True	True
6678	mself	2016-06-14 06:30:05	yoffy	2016-06-18 14:48:22	CMakeLists.txt	True	True	True	True
6678	mself	2016-06-14 06:30:05	yoffy	2016-06-18 14:48:22	modules/videoio/src/cap_avfoundation_mac.mm	True	True	True	True
6678	mself	2016-06-14 06:30:05	yoffy	2016-06-18 14:48:22	modules/videoio/src/cap_avfoundation_mac.mm	False	True	True	True
6678	mself	2016-06-14 06:30:05	yoffy	2016-06-18 14:57:04	modules/videoio/src/cap_avfoundation_mac.mm	False	True	True	True
6678	mself	2016-06-14 06:30:05	yoffy	2016-06-18 14:48:22	modules/videoio/test/test_precomp.hpp	True	True	True	True
6678	mself	2016-06-14 06:30:05	yoffy	2016-06-18 14:48:22	modules/videoio/perf/perf_precomp.hpp	True	True	True	True
6678	mself	2016-06-14 06:30:05	yoffy	2016-06-18 14:57:04	modules/videoio/src/cap_avfoundation_mac.mm	True	True	True	True
6678	mself	2016-06-14 06:30:05	yoffy	2016-06-18 14:57:04	modules/cudabgsegm/perf/perf_bgsegm.cpp	True	True	True	True
6678	mself	2016-06-14 06:30:05	yoffy	2016-06-18 14:57:04	modules/videoio/test/test_precomp.hpp	True	True	True	True
6678	mself	2016-06-14 06:30:05	yoffy	2016-06-18 14:57:04	modules/videoio/perf/perf_precomp.hpp	True	True	True	True
6678	mself	2016-06-14 06:30:05	yoffy	2016-06-18 14:57:04	modules/video/test/ocl/test_bgfg_mog2.cpp	True	True	True	True
6678	mself	2016-06-14 06:30:05	yoffy	2016-06-18 14:57:04	modules/video/perf/opencl/perf_bgfg_mog2.cpp	True	True	True	True
6678	mself	2016-06-14 06:30:05	yoffy	2016-06-18 14:57:04	modules/superres/test/test_precomp.hpp	True	True	True	True
6678	mself	2016-06-14 06:30:05	yoffy	2016-06-18 14:57:04	modules/cudalegacy/perf/perf_bgsegm.cpp	True	True	True	True
6678	mself	2016-06-14 06:30:05	yoffy	2016-06-18 14:57:04	modules/cudacodec/perf/perf_video.cpp	True	True	True	True
6678	mself	2016-06-14 06:30:05	yoffy	2016-06-18 14:57:04	modules/cudabgsegm/test/test_bgsegm.cpp	True	True	True	True
6678	mself	2016-06-14 06:30:05	yoffy	2016-06-18 14:57:04	modules/videoio/src/precomp.hpp	True	True	True	True
6678	mself	2016-06-14 06:30:05	yoffy	2016-06-18 14:57:04	modules/videoio/src/cap.cpp	True	True	True	True
6678	mself	2016-06-14 06:30:05	yoffy	2016-06-18 14:57:04	modules/videoio/include/opencv2/videoio/videoio_c.h	True	True	True	True
6678	mself	2016-06-14 06:30:05	yoffy	2016-06-18 14:57:04	modules/videoio/include/opencv2/videoio.hpp	True	True	True	True
6678	mself	2016-06-14 06:30:05	yoffy	2016-06-18 14:57:04	modules/videoio/CMakeLists.txt	True	True	True	True
6678	mself	2016-06-14 06:30:05	yoffy	2016-06-18 14:57:04	cmake/templates/cvconfig.h.in	True	True	True	True
6678	mself	2016-06-14 06:30:05	yoffy	2016-06-18 14:57:04	cmake/OpenCVFindLibsVideo.cmake	True	True	True	True
6678	mself	2016-06-14 06:30:05	yoffy	2016-06-18 14:57:04	CMakeLists.txt	True	True	True	True
6626	SSteve	2016-06-02 20:05:42	alalek	2016-06-23 13:26:46	samples/hal/c_hal/config.cmake	False	True	True	True
6626	SSteve	2016-06-02 20:05:42	alalek	2016-06-23 13:26:46	cmake/OpenCVModule.cmake	False	True	True	True
6626	SSteve	2016-06-02 20:05:42	alalek	2016-06-23 13:26:46	modules/core/test/test_eigen.cpp	False	True	True	True
6626	SSteve	2016-06-02 20:05:42	alalek	2016-06-23 13:26:46	modules/videoio/src/cap_msmf.cpp	False	True	True	True
6626	SSteve	2016-06-02 20:05:42	alalek	2016-06-23 13:26:46	samples/hal/c_hal/CMakeLists.txt	False	True	True	True
6626	SSteve	2016-06-02 20:05:42	alalek	2016-06-23 13:26:46	modules/core/include/opencv2/core/cvstd.hpp	False	True	True	True
6626	SSteve	2016-06-02 20:05:42	alalek	2016-06-23 13:26:46	samples/hal/c_hal/impl.c	False	True	True	True
6626	SSteve	2016-06-02 20:05:42	alalek	2016-06-23 13:26:46	samples/hal/slow_hal/CMakeLists.txt	False	True	True	True
6626	SSteve	2016-06-02 20:05:42	alalek	2016-06-23 13:26:46	samples/hal/slow_hal/config.cmake	False	True	True	True
6626	SSteve	2016-06-02 20:05:42	alalek	2016-06-23 13:26:46	samples/hal/c_hal/impl.h	False	True	True	True
6626	SSteve	2016-06-02 20:05:42	alalek	2016-06-23 13:26:46	cmake/OpenCVModule.cmake	True	True	True	True
6615	hrnr	2016-06-01 08:13:39	prclibo	2016-06-01 14:35:18	modules/videoio/src/cap_ffmpeg_impl.hpp	True	True	True	True
6615	hrnr	2016-06-01 08:13:39	prclibo	2016-06-01 14:35:18	modules/core/src/hal_replacement.hpp	False	True	True	True
6615	hrnr	2016-06-01 08:13:39	prclibo	2016-06-01 14:35:18	modules/core/src/lapack.cpp	False	True	True	True
6615	hrnr	2016-06-01 08:13:39	prclibo	2016-06-01 14:35:18	modules/core/src/matrix_decomp.cpp	False	True	True	True
6615	hrnr	2016-06-01 08:13:39	prclibo	2016-06-01 14:35:18	modules/imgproc/src/hal_replacement.hpp	False	True	True	True
6615	hrnr	2016-06-01 08:13:39	prclibo	2016-06-01 14:35:18	modules/core/include/opencv2/core/hal/intrin.hpp	True	True	True	True
6615	hrnr	2016-06-01 08:13:39	prclibo	2016-06-01 14:35:18	modules/core/include/opencv2/core/hal/hal.hpp	True	True	True	True
6615	hrnr	2016-06-01 08:13:39	prclibo	2016-06-01 14:35:18	modules/core/src/hal_internal.cpp	False	True	True	True
6615	hrnr	2016-06-01 08:13:39	prclibo	2016-06-01 14:35:18	modules/core/perf/perf_math.cpp	True	True	True	True
6615	hrnr	2016-06-01 08:13:39	prclibo	2016-06-01 14:35:18	modules/core/src/hal_replacement.hpp	True	True	True	True
6615	hrnr	2016-06-01 08:13:39	prclibo	2016-06-01 14:35:18	modules/core/src/mathfuncs.cpp	True	True	True	True
6615	hrnr	2016-06-01 08:13:39	prclibo	2016-06-01 14:35:18	modules/core/src/mathfuncs_core.cpp	True	True	True	True
6615	hrnr	2016-06-01 08:13:39	prclibo	2016-06-01 14:35:18	modules/core/src/hal_internal.hpp	False	True	True	True
6615	hrnr	2016-06-01 08:13:39	prclibo	2016-06-01 14:35:18	modules/core/include/opencv2/core/hal/hal.hpp	False	True	True	True
6615	hrnr	2016-06-01 08:13:39	prclibo	2016-06-01 14:35:18	modules/core/include/opencv2/core/matx.hpp	False	True	True	True
6615	hrnr	2016-06-01 08:13:39	prclibo	2016-06-01 14:35:18	modules/core/include/opencv2/core/hal/interface.h	False	True	True	True
6615	hrnr	2016-06-01 08:13:39	prclibo	2016-06-01 14:35:18	cmake/templates/cvconfig.h.in	False	True	True	True
6615	hrnr	2016-06-01 08:13:39	prclibo	2016-06-01 14:35:18	cmake/OpenCVFindLibsPerf.cmake	False	True	True	True
6615	hrnr	2016-06-01 08:13:39	prclibo	2016-06-01 14:35:18	CMakeLists.txt	False	True	True	True
6615	hrnr	2016-06-01 08:13:39	prclibo	2016-06-01 14:35:18	modules/core/src/matmul.cpp	False	True	True	True
6615	hrnr	2016-06-01 08:13:39	prclibo	2016-06-01 14:35:18	modules/calib3d/test/test_cameracalibration.cpp	False	True	True	True
6615	hrnr	2016-06-01 08:13:39	prclibo	2016-06-01 14:35:18	modules/calib3d/src/compat_ptsetreg.cpp	False	True	True	True
6615	hrnr	2016-06-01 08:13:39	prclibo	2016-06-01 14:35:18	modules/calib3d/src/calibration.cpp	False	True	True	True
6615	hrnr	2016-06-01 08:13:39	prclibo	2016-06-01 14:35:18	modules/calib3d/include/opencv2/calib3d/calib3d_c.h	False	True	True	True
6615	hrnr	2016-06-01 08:13:39	prclibo	2016-06-01 14:35:18	modules/calib3d/include/opencv2/calib3d.hpp	False	True	True	True
6615	hrnr	2016-06-01 08:13:39	prclibo	2016-06-01 14:35:18	modules/videoio/src/cap_images.cpp	True	True	True	True
6615	hrnr	2016-06-01 08:13:39	prclibo	2016-06-01 14:35:18	modules/core/test/test_intrin_utils.hpp	True	True	True	True
6615	hrnr	2016-06-01 08:13:39	prclibo	2016-06-01 14:35:18	modules/core/test/test_intrin.cpp	True	True	True	True
6615	hrnr	2016-06-01 08:13:39	prclibo	2016-06-01 14:35:18	samples/hal/c_hal/impl.h	False	True	True	True
6615	hrnr	2016-06-01 08:13:39	prclibo	2016-06-01 14:35:18	modules/core/test/test_math.cpp	True	True	True	True
6615	hrnr	2016-06-01 08:13:39	prclibo	2016-06-01 14:35:18	modules/core/include/opencv2/core/cvstd.hpp	False	True	True	True
6615	hrnr	2016-06-01 08:13:39	prclibo	2016-06-01 14:35:18	modules/core/CMakeLists.txt	False	True	True	True
6615	hrnr	2016-06-01 08:13:39	prclibo	2016-06-01 14:35:18	cmake/templates/custom_hal.hpp.in	False	True	True	True
6615	hrnr	2016-06-01 08:13:39	prclibo	2016-06-01 14:35:18	cmake/OpenCVUtils.cmake	False	True	True	True
6615	hrnr	2016-06-01 08:13:39	prclibo	2016-06-01 14:35:18	modules/video/include/opencv2/video/tracking.hpp	False	True	True	True
6615	hrnr	2016-06-01 08:13:39	prclibo	2016-06-01 14:35:18	modules/core/src/persistence.cpp	False	True	True	True
6615	hrnr	2016-06-01 08:13:39	prclibo	2016-06-01 14:35:18	modules/core/include/opencv2/core/persistence.hpp	False	True	True	True
6615	hrnr	2016-06-01 08:13:39	prclibo	2016-06-01 14:35:18	cmake/OpenCVDetectAndroidSDK.cmake	False	True	True	True
6615	hrnr	2016-06-01 08:13:39	prclibo	2016-06-01 14:35:18	modules/core/test/test_io.cpp	False	True	True	True
6615	hrnr	2016-06-01 08:13:39	prclibo	2016-06-01 14:35:18	modules/core/include/opencv2/core/mat.inl.hpp	False	True	True	True
6615	hrnr	2016-06-01 08:13:39	prclibo	2016-06-01 14:35:18	modules/core/include/opencv2/core/mat.hpp	False	True	True	True
6615	hrnr	2016-06-01 08:13:39	prclibo	2016-06-01 14:35:18	doc/py_tutorials/py_imgproc/py_grabcut/py_grabcut.markdown	False	True	True	True
6615	hrnr	2016-06-01 08:13:39	prclibo	2016-06-01 14:35:18	modules/features2d/src/kaze/AKAZEFeatures.cpp	True	True	True	True
6615	hrnr	2016-06-01 08:13:39	prclibo	2016-06-01 14:35:18	modules/videoio/src/cap_msmf.cpp	False	True	True	True
6615	hrnr	2016-06-01 08:13:39	prclibo	2016-06-01 14:35:18	samples/hal/slow_hal/config.cmake	False	True	True	True
6615	hrnr	2016-06-01 08:13:39	prclibo	2016-06-01 14:35:18	modules/imgproc/src/color.cpp	True	True	True	True
6615	hrnr	2016-06-01 08:13:39	prclibo	2016-06-01 14:35:18	doc/pattern_tools/gen_pattern.py	True	True	True	True
6615	hrnr	2016-06-01 08:13:39	prclibo	2016-06-01 14:35:18	modules/core/include/opencv2/core/cvstd.hpp	True	True	True	True
6615	hrnr	2016-06-01 08:13:39	prclibo	2016-06-01 14:35:18	modules/core/test/test_eigen.cpp	False	True	True	True
6615	hrnr	2016-06-01 08:13:39	prclibo	2016-06-01 14:35:18	modules/core/src/stat.cpp	True	True	True	True
6615	hrnr	2016-06-01 08:13:39	prclibo	2016-06-01 14:35:18	samples/hal/slow_hal/CMakeLists.txt	False	True	True	True
6615	hrnr	2016-06-01 08:13:39	prclibo	2016-06-01 14:35:18	modules/imgproc/include/opencv2/imgproc/hal/hal.hpp	True	True	True	True
6615	hrnr	2016-06-01 08:13:39	prclibo	2016-06-01 14:35:18	modules/imgproc/src/hal_replacement.hpp	True	True	True	True
6615	hrnr	2016-06-01 08:13:39	prclibo	2016-06-01 14:35:18	samples/hal/c_hal/CMakeLists.txt	False	True	True	True
6615	hrnr	2016-06-01 08:13:39	prclibo	2016-06-01 14:35:18	samples/hal/c_hal/config.cmake	False	True	True	True
6615	hrnr	2016-06-01 08:13:39	prclibo	2016-06-01 14:35:18	samples/hal/c_hal/impl.c	False	True	True	True
