pr_number	author_user_login	pr_created_at	comment_user_login	comment_created_at	is_review_issue_comment
3850	jozic	2014-06-29 19:52:04	Blaisorblade	2014-08-05 10:44:03	True
3850	jozic	2014-06-29 19:52:04	retronym	2014-09-30 11:29:19	True
3850	jozic	2014-06-29 19:52:04	retronym	2014-08-17 12:45:28	True
3850	jozic	2014-06-29 19:52:04	retronym	2014-08-17 12:44:21	True
3850	jozic	2014-06-29 19:52:04	Ichoran	2014-06-30 14:18:24	True
3850	jozic	2014-06-29 19:52:04	retronym	2014-06-30 09:01:52	True
3833	kiritsuku	2014-06-25 22:09:18	Ichoran	2014-06-28 03:57:04	True
3828	retronym	2014-06-23 10:00:31	adriaanm	2014-06-25 09:51:25	True
3828	retronym	2014-06-23 10:00:31	adriaanm	2014-06-24 08:08:11	True
3827	adriaanm	2014-06-23 09:17:05	gkossakowski	2014-07-25 16:00:47	True
3827	adriaanm	2014-06-23 09:17:05	viktorklang	2014-07-25 16:06:19	True
3822	mlbileschi	2014-06-12 21:34:13	scala-jenkins	2014-07-08 20:09:43	True
3822	mlbileschi	2014-06-12 21:34:13	Ichoran	2014-07-15 16:30:36	True
3822	mlbileschi	2014-06-12 21:34:13	som-snytt	2014-06-17 23:32:22	True
3822	mlbileschi	2014-06-12 21:34:13	Ichoran	2014-06-17 22:39:10	True
3822	mlbileschi	2014-06-12 21:34:13	Ichoran	2014-06-18 00:23:14	True
3820	adriaanm	2014-06-10 09:22:04	som-snytt	2014-06-13 05:34:10	True
3820	adriaanm	2014-06-10 09:22:04	som-snytt	2014-06-24 14:47:03	True
3820	adriaanm	2014-06-10 09:22:04	som-snytt	2014-06-10 22:34:31	True
3820	adriaanm	2014-06-10 09:22:04	som-snytt	2014-07-04 15:35:16	True
3820	adriaanm	2014-06-10 09:22:04	som-snytt	2014-06-14 22:01:28	True
3820	adriaanm	2014-06-10 09:22:04	som-snytt	2014-07-04 17:37:19	True
3817	phaller	2014-06-05 12:43:46	lrytz	2014-07-10 11:56:50	True
3817	phaller	2014-06-05 12:43:46	gkossakowski	2014-07-15 10:55:18	True
3817	phaller	2014-06-05 12:43:46	gkossakowski	2014-07-15 14:53:08	True
3817	phaller	2014-06-05 12:43:46	retronym	2014-07-15 12:59:34	True
3817	phaller	2014-06-05 12:43:46	gkossakowski	2014-07-15 13:47:05	True
3817	phaller	2014-06-05 12:43:46	scala-jenkins	2014-07-15 07:40:09	True
3817	phaller	2014-06-05 12:43:46	scala-jenkins	2014-07-03 09:09:25	True
3817	phaller	2014-06-05 12:43:46	scala-jenkins	2014-06-06 15:07:48	True
3817	phaller	2014-06-05 12:43:46	scala-jenkins	2014-06-06 13:47:48	True
3817	phaller	2014-06-05 12:43:46	retronym	2014-07-09 12:28:41	True
3817	phaller	2014-06-05 12:43:46	gkossakowski	2014-07-10 11:34:53	True
3816	lrytz	2014-06-04 17:12:28	retronym	2014-06-05 12:40:35	True
3816	lrytz	2014-06-04 17:12:28	retronym	2014-06-04 18:52:18	True
3814	huitseeker	2014-06-04 13:51:35	retronym	2014-06-04 13:57:42	True
