pr_number	author_user_login	pr_created_at	review_comment_user_login	review_comment_created_at	is_review_review_comment
3661	adriaanm	2014-03-28 17:16:16	retronym	2014-03-28 17:22:30	True
3655	retronym	2014-03-25 13:42:03	gkossakowski	2014-03-25 17:25:24	True
3655	retronym	2014-03-25 13:42:03	gkossakowski	2014-03-25 18:01:19	True
3655	retronym	2014-03-25 13:42:03	gkossakowski	2014-03-25 17:41:09	True
3655	retronym	2014-03-25 13:42:03	gkossakowski	2014-03-25 18:00:46	True
3647	densh	2014-03-22 10:57:52	xeno-by	2014-03-23 14:18:32	True
3647	densh	2014-03-22 10:57:52	xeno-by	2014-03-23 14:22:16	True
3647	densh	2014-03-22 10:57:52	xeno-by	2014-03-23 14:20:33	True
3647	densh	2014-03-22 10:57:52	xeno-by	2014-03-24 14:10:26	True
3647	densh	2014-03-22 10:57:52	xeno-by	2014-03-23 14:21:39	True
3647	densh	2014-03-22 10:57:52	xeno-by	2014-03-24 14:11:21	True
3647	densh	2014-03-22 10:57:52	xeno-by	2014-03-23 14:22:49	True
3647	densh	2014-03-22 10:57:52	xeno-by	2014-03-24 14:10:10	True
3647	densh	2014-03-22 10:57:52	xeno-by	2014-03-24 14:10:35	True
3647	densh	2014-03-22 10:57:52	retronym	2014-03-25 14:38:27	True
3647	densh	2014-03-22 10:57:52	xeno-by	2014-03-25 14:52:52	True
3647	densh	2014-03-22 10:57:52	retronym	2014-03-25 15:05:34	True
3647	densh	2014-03-22 10:57:52	xeno-by	2014-03-23 14:19:59	True
3647	densh	2014-03-22 10:57:52	xeno-by	2014-03-24 14:53:38	True
3646	adriaanm	2014-03-21 23:02:12	viktorklang	2014-03-21 23:16:03	True
3646	adriaanm	2014-03-21 23:02:12	viktorklang	2014-03-22 00:04:45	True
3646	adriaanm	2014-03-21 23:02:12	viktorklang	2014-03-21 23:37:08	True
3646	adriaanm	2014-03-21 23:02:12	viktorklang	2014-03-21 23:36:36	True
3646	adriaanm	2014-03-21 23:02:12	viktorklang	2014-03-22 00:05:34	True
3646	adriaanm	2014-03-21 23:02:12	viktorklang	2014-03-22 00:18:06	True
3646	adriaanm	2014-03-21 23:02:12	viktorklang	2014-03-22 00:18:54	True
3646	adriaanm	2014-03-21 23:02:12	viktorklang	2014-03-22 00:17:44	True
3646	adriaanm	2014-03-21 23:02:12	viktorklang	2014-03-21 23:15:03	True
3646	adriaanm	2014-03-21 23:02:12	viktorklang	2014-03-21 23:16:21	True
3646	adriaanm	2014-03-21 23:02:12	viktorklang	2014-03-22 00:03:44	True
3646	adriaanm	2014-03-21 23:02:12	viktorklang	2014-03-21 23:13:01	True
3646	adriaanm	2014-03-21 23:02:12	viktorklang	2014-03-22 00:20:00	True
3646	adriaanm	2014-03-21 23:02:12	viktorklang	2014-03-22 00:06:00	True
3645	retronym	2014-03-21 11:12:27	adriaanm	2014-03-21 16:49:17	True
3638	xeno-by	2014-03-17 23:34:32	adriaanm	2014-03-18 00:04:17	True
3638	xeno-by	2014-03-17 23:34:32	gkossakowski	2014-03-18 00:12:54	True
3638	xeno-by	2014-03-17 23:34:32	gkossakowski	2014-03-18 00:03:11	True
3638	xeno-by	2014-03-17 23:34:32	gkossakowski	2014-03-18 00:04:35	True
3637	densh	2014-03-17 09:27:52	xeno-by	2014-03-24 21:04:41	True
3631	adriaanm	2014-03-14 21:39:11	gkossakowski	2014-03-16 16:08:52	True
3631	adriaanm	2014-03-14 21:39:11	retronym	2014-03-14 22:04:05	True
3631	adriaanm	2014-03-14 21:39:11	retronym	2014-03-14 22:02:24	True
3631	adriaanm	2014-03-14 21:39:11	retronym	2014-03-14 21:55:37	True
3631	adriaanm	2014-03-14 21:39:11	retronym	2014-03-14 21:45:39	True
3631	adriaanm	2014-03-14 21:39:11	gkossakowski	2014-03-16 16:18:46	True
3631	adriaanm	2014-03-14 21:39:11	gkossakowski	2014-03-14 21:50:26	True
3630	adriaanm	2014-03-14 20:47:26	gkossakowski	2014-03-14 21:03:55	True
3618	mkubala	2014-03-10 23:53:13	VladUreche	2014-03-12 13:06:23	True
3618	mkubala	2014-03-10 23:53:13	VladUreche	2014-03-12 13:06:58	True
3614	retronym	2014-03-10 15:40:07	xeno-by	2014-03-15 10:58:09	True
3611	densh	2014-03-09 12:13:51	xeno-by	2014-03-09 19:41:03	True
3605	gkossakowski	2014-03-07 01:51:57	xeno-by	2014-03-07 12:11:53	True
3605	gkossakowski	2014-03-07 01:51:57	xeno-by	2014-03-07 12:48:47	True
3605	gkossakowski	2014-03-07 01:51:57	xeno-by	2014-03-07 12:07:54	True
3605	gkossakowski	2014-03-07 01:51:57	xeno-by	2014-03-07 04:30:15	True
3604	densh	2014-03-06 15:49:15	xeno-by	2014-03-06 16:01:35	True
3603	xeno-by	2014-03-06 12:45:57	retronym	2014-03-07 07:17:50	True
