pr_number	author_user_login	pr_created_at	review_user_login	review_created_at	filename	create_before_pr	has_issue_comment	has_review_comment	has_commit
9815	joroKr21	2021-11-28 00:59:00	lrytz	2021-11-30 09:54:53	test/files/neg/ref-checks.check	True	False	False	True
9815	joroKr21	2021-11-28 00:59:00	lrytz	2021-11-30 09:54:53	src/compiler/scala/tools/nsc/typechecker/RefChecks.scala	True	False	False	True
9815	joroKr21	2021-11-28 00:59:00	lrytz	2021-11-30 09:54:53	src/reflect/scala/reflect/api/TypeTags.scala	True	False	False	True
9815	joroKr21	2021-11-28 00:59:00	lrytz	2021-11-30 09:54:53	test/files/neg/ref-checks.scala	True	False	False	True
9811	lrytz	2021-11-17 12:53:24	SethTisue	2021-11-17 15:19:40	test/files/run/t12490.scala	True	False	False	True
9811	lrytz	2021-11-17 12:53:24	SethTisue	2021-11-17 15:19:40	src/compiler/scala/tools/nsc/ast/parser/TreeBuilder.scala	True	False	False	True
9811	lrytz	2021-11-17 12:53:24	SethTisue	2021-11-17 15:19:40	src/compiler/scala/tools/nsc/ast/parser/Parsers.scala	True	False	False	True
9810	som-snytt	2021-11-16 02:08:12	lrytz	2021-12-15 12:12:53	test/files/run/t2106.scala	True	True	True	True
9810	som-snytt	2021-11-16 02:08:12	lrytz	2021-12-15 12:12:53	test/files/run/t6188.scala	True	True	True	True
9810	som-snytt	2021-11-16 02:08:12	lrytz	2021-12-15 12:12:53	test/files/run/t6102.scala	True	True	True	True
9810	som-snytt	2021-11-16 02:08:12	lrytz	2021-12-15 12:12:53	build.sbt	False	True	True	True
9810	som-snytt	2021-11-16 02:08:12	lrytz	2021-12-15 12:12:53	test/files/run/t5789.scala	True	True	True	True
9810	som-snytt	2021-11-16 02:08:12	lrytz	2021-12-15 12:12:53	test/files/run/t4935.scala	True	True	True	True
9810	som-snytt	2021-11-16 02:08:12	lrytz	2021-12-15 12:12:53	test/files/run/t4285.scala	True	True	True	True
9810	som-snytt	2021-11-16 02:08:12	lrytz	2021-12-15 12:12:53	test/files/run/t3569.scala	True	True	True	True
9810	som-snytt	2021-11-16 02:08:12	lrytz	2021-12-15 12:12:53	test/files/run/t3509.scala	True	True	True	True
9810	som-snytt	2021-11-16 02:08:12	lrytz	2021-12-15 12:12:53	test/files/run/t3326.scala	True	True	True	True
9810	som-snytt	2021-11-16 02:08:12	lrytz	2021-12-15 12:12:53	test/files/run/indyLambdaKinds/Test_2.scala	True	True	True	True
9810	som-snytt	2021-11-16 02:08:12	lrytz	2021-12-15 12:12:53	test/files/run/t11255/Test_2.scala	True	True	True	True
9810	som-snytt	2021-11-16 02:08:12	lrytz	2021-12-15 12:12:53	test/files/run/t11255/A_1.scala	True	True	True	True
9810	som-snytt	2021-11-16 02:08:12	lrytz	2021-12-15 12:12:53	test/files/run/synchronized.scala	True	True	True	True
9810	som-snytt	2021-11-16 02:08:12	lrytz	2021-12-15 12:12:53	test/files/run/repl-inline.scala	True	True	True	True
9810	som-snytt	2021-11-16 02:08:12	lrytz	2021-12-15 12:12:53	test/files/run/noInlineUnknownIndy/Test.scala	True	True	True	True
9810	som-snytt	2021-11-16 02:08:12	lrytz	2021-12-15 12:12:53	test/files/run/inline-stack-map-frames/Test_2.scala	True	True	True	True
9810	som-snytt	2021-11-16 02:08:12	lrytz	2021-12-15 12:12:53	test/files/run/inline-stack-map-frames/A_1.scala	True	True	True	True
9810	som-snytt	2021-11-16 02:08:12	lrytz	2021-12-15 12:12:53	test/files/run/t7582/InlineHolder_2.scala	True	True	True	True
9810	som-snytt	2021-11-16 02:08:12	lrytz	2021-12-15 12:12:53	test/files/run/indyLambdaKinds.check	True	True	True	True
9810	som-snytt	2021-11-16 02:08:12	lrytz	2021-12-15 12:12:53	test/files/run/t7459b-optimize.scala	True	True	True	True
9810	som-snytt	2021-11-16 02:08:12	lrytz	2021-12-15 12:12:53	test/files/run/t9003.scala	True	True	True	True
9810	som-snytt	2021-11-16 02:08:12	lrytz	2021-12-15 12:12:53	test/files/run/t7582b/InlineHolder_2.scala	True	True	True	True
9810	som-snytt	2021-11-16 02:08:12	lrytz	2021-12-15 12:12:53	test/junit/scala/tools/nsc/backend/jvm/OptimizedBytecodeTest.scala	True	True	True	True
9810	som-snytt	2021-11-16 02:08:12	lrytz	2021-12-15 12:12:53	test/junit/scala/tools/nsc/backend/jvm/opt/InlinerTest.scala	True	True	True	True
9810	som-snytt	2021-11-16 02:08:12	lrytz	2021-12-15 12:12:53	test/junit/scala/tools/nsc/backend/jvm/opt/InlinerSeparateCompilationTest.scala	True	True	True	True
9810	som-snytt	2021-11-16 02:08:12	lrytz	2021-12-15 12:12:53	test/junit/scala/tools/nsc/backend/jvm/opt/InlineWarningTest.scala	True	True	True	True
9810	som-snytt	2021-11-16 02:08:12	lrytz	2021-12-15 12:12:53	test/junit/scala/tools/nsc/backend/jvm/opt/InlineSourceMatcherTest.scala	True	True	True	True
9810	som-snytt	2021-11-16 02:08:12	lrytz	2021-12-15 12:12:53	test/junit/scala/tools/nsc/backend/jvm/opt/InlineInfoTest.scala	True	True	True	True
9810	som-snytt	2021-11-16 02:08:12	lrytz	2021-12-15 12:12:53	test/junit/scala/tools/nsc/reporters/WConfTest.scala	True	True	True	True
9810	som-snytt	2021-11-16 02:08:12	lrytz	2021-12-15 12:12:53	test/junit/scala/tools/nsc/backend/jvm/opt/ClosureOptimizerTest.scala	True	True	True	True
9810	som-snytt	2021-11-16 02:08:12	lrytz	2021-12-15 12:12:53	test/junit/scala/tools/nsc/backend/jvm/opt/BoxUnboxAndInlineTest.scala	True	True	True	True
9810	som-snytt	2021-11-16 02:08:12	lrytz	2021-12-15 12:12:53	test/junit/scala/tools/nsc/backend/jvm/InnerClassAttributeTest.scala	True	True	True	True
9810	som-snytt	2021-11-16 02:08:12	lrytz	2021-12-15 12:12:53	test/files/run/t8601-closure-elim.scala	True	True	True	True
9810	som-snytt	2021-11-16 02:08:12	lrytz	2021-12-15 12:12:53	test/files/run/t9403/Test_2.scala	True	True	True	True
9810	som-snytt	2021-11-16 02:08:12	lrytz	2021-12-15 12:12:53	test/files/run/t9403/C_1.scala	True	True	True	True
9810	som-snytt	2021-11-16 02:08:12	lrytz	2021-12-15 12:12:53	test/files/run/classfile-format-52.scala	True	True	True	True
9810	som-snytt	2021-11-16 02:08:12	lrytz	2021-12-15 12:12:53	test/files/run/t8601e/Test.scala	True	True	True	True
9810	som-snytt	2021-11-16 02:08:12	lrytz	2021-12-15 12:12:53	test/files/run/t8601d.scala	True	True	True	True
9810	som-snytt	2021-11-16 02:08:12	lrytz	2021-12-15 12:12:53	test/files/run/t8601c.scala	True	True	True	True
9810	som-snytt	2021-11-16 02:08:12	lrytz	2021-12-15 12:12:53	test/files/run/t8601b.scala	True	True	True	True
9810	som-snytt	2021-11-16 02:08:12	lrytz	2021-12-15 12:12:53	test/files/run/t8601.scala	True	True	True	True
9810	som-snytt	2021-11-16 02:08:12	lrytz	2021-12-15 12:12:53	test/files/run/icode-reader-dead-code.scala	True	True	True	True
9810	som-snytt	2021-11-16 02:08:12	lrytz	2021-12-15 12:12:53	test/files/neg/t11746.scala	False	True	True	True
9810	som-snytt	2021-11-16 02:08:12	lrytz	2021-12-15 12:12:53	test/files/run/classfile-format-51.scala	True	True	True	True
9810	som-snytt	2021-11-16 02:08:12	lrytz	2021-12-15 12:12:53	test/files/run/bcodeInlinerMixed/Test_2.scala	True	True	True	True
9810	som-snytt	2021-11-16 02:08:12	lrytz	2021-12-15 12:12:53	test/junit/scala/tools/nsc/transform/patmat/PatmatBytecodeTest.scala	False	True	True	True
9810	som-snytt	2021-11-16 02:08:12	lrytz	2021-12-15 12:12:53	test/junit/scala/tools/nsc/settings/SettingsTest.scala	False	True	True	True
9810	som-snytt	2021-11-16 02:08:12	lrytz	2021-12-15 12:12:53	test/junit/scala/tools/nsc/backend/jvm/opt/InlinerTest.scala	False	True	True	True
9810	som-snytt	2021-11-16 02:08:12	lrytz	2021-12-15 12:12:53	test/junit/scala/tools/nsc/backend/jvm/opt/InlineSourceMatcherTest.scala	False	True	True	True
9810	som-snytt	2021-11-16 02:08:12	lrytz	2021-12-15 12:12:53	test/junit/scala/tools/nsc/backend/jvm/opt/ClosureOptimizerTest.scala	False	True	True	True
9810	som-snytt	2021-11-16 02:08:12	lrytz	2021-12-15 12:12:53	test/junit/scala/tools/nsc/backend/jvm/opt/CallGraphTest.scala	False	True	True	True
9810	som-snytt	2021-11-16 02:08:12	lrytz	2021-12-15 12:12:53	test/junit/scala/tools/nsc/backend/jvm/opt/BoxUnboxAndInlineTest.scala	False	True	True	True
9810	som-snytt	2021-11-16 02:08:12	lrytz	2021-12-15 12:12:53	test/junit/scala/tools/nsc/backend/jvm/opt/BTypesFromClassfileTest.scala	False	True	True	True
9810	som-snytt	2021-11-16 02:08:12	lrytz	2021-12-15 12:12:53	test/junit/scala/tools/nsc/backend/jvm/OptimizedBytecodeTest.scala	False	True	True	True
9810	som-snytt	2021-11-16 02:08:12	lrytz	2021-12-15 12:12:53	test/junit/scala/tools/nsc/backend/jvm/InnerClassAttributeTest.scala	False	True	True	True
9810	som-snytt	2021-11-16 02:08:12	lrytz	2021-12-15 12:12:53	test/files/run/noInlineUnknownIndy/Test.scala	False	True	True	True
9810	som-snytt	2021-11-16 02:08:12	lrytz	2021-12-15 12:12:53	test/files/run/indyLambdaKinds/Test_2.scala	False	True	True	True
9810	som-snytt	2021-11-16 02:08:12	lrytz	2021-12-15 12:12:53	test/files/pos/t11663/B_2.scala	False	True	True	True
9810	som-snytt	2021-11-16 02:08:12	lrytz	2021-12-15 12:12:53	test/files/neg/inlineIndyLambdaPrivate/Test_2.scala	False	True	True	True
9810	som-snytt	2021-11-16 02:08:12	lrytz	2021-12-15 12:12:53	test/files/neg/deprecated.scala	False	True	True	True
9810	som-snytt	2021-11-16 02:08:12	lrytz	2021-12-15 12:12:53	src/compiler/scala/tools/nsc/settings/MutableSettings.scala	False	True	True	True
9810	som-snytt	2021-11-16 02:08:12	lrytz	2021-12-15 12:12:53	src/compiler/scala/tools/nsc/settings/ScalaSettings.scala	False	True	True	True
9810	som-snytt	2021-11-16 02:08:12	lrytz	2021-12-15 12:12:53	project/ScriptCommands.scala	False	True	True	True
9810	som-snytt	2021-11-16 02:08:12	lrytz	2021-12-15 12:12:53	test/junit/scala/tools/nsc/transform/patmat/PatmatBytecodeTest.scala	True	True	True	True
9810	som-snytt	2021-11-16 02:08:12	lrytz	2021-12-15 12:12:53	build.sbt	True	True	True	True
9810	som-snytt	2021-11-16 02:08:12	lrytz	2021-12-15 12:12:53	project/ScriptCommands.scala	True	True	True	True
9810	som-snytt	2021-11-16 02:08:12	lrytz	2021-12-15 12:12:53	src/compiler/scala/tools/nsc/backend/jvm/PostProcessorFrontendAccess.scala	True	True	True	True
9810	som-snytt	2021-11-16 02:08:12	lrytz	2021-12-15 12:12:53	test/files/pos/inline-access-levels/A_1.scala	True	True	True	True
9810	som-snytt	2021-11-16 02:08:12	lrytz	2021-12-15 12:12:53	test/files/run/bcodeInlinerMixed/B_1.scala	True	True	True	True
9810	som-snytt	2021-11-16 02:08:12	lrytz	2021-12-15 12:12:53	test/files/pos/t9111-inliner-workaround/Test_1.scala	True	True	True	True
9810	som-snytt	2021-11-16 02:08:12	lrytz	2021-12-15 12:12:53	test/files/pos/t8410.scala	True	True	True	True
9810	som-snytt	2021-11-16 02:08:12	lrytz	2021-12-15 12:12:53	test/files/pos/t4840.scala	True	True	True	True
9810	som-snytt	2021-11-16 02:08:12	lrytz	2021-12-15 12:12:53	test/files/pos/t3420.scala	True	True	True	True
9810	som-snytt	2021-11-16 02:08:12	lrytz	2021-12-15 12:12:53	test/files/pos/t3234.scala	True	True	True	True
9810	som-snytt	2021-11-16 02:08:12	lrytz	2021-12-15 12:12:53	test/files/pos/t11663/B_2.scala	True	True	True	True
9810	som-snytt	2021-11-16 02:08:12	lrytz	2021-12-15 12:12:53	test/files/pos/inline-access-levels/Test_2.scala	True	True	True	True
9810	som-snytt	2021-11-16 02:08:12	lrytz	2021-12-15 12:12:53	test/files/neg/t11746.scala	True	True	True	True
9810	som-snytt	2021-11-16 02:08:12	lrytz	2021-12-15 12:12:53	src/compiler/scala/tools/nsc/settings/MutableSettings.scala	True	True	True	True
9810	som-snytt	2021-11-16 02:08:12	lrytz	2021-12-15 12:12:53	test/files/neg/sealed-final-neg.scala	True	True	True	True
9810	som-snytt	2021-11-16 02:08:12	lrytz	2021-12-15 12:12:53	test/files/neg/inlineIndyLambdaPrivate/Test_2.scala	True	True	True	True
9810	som-snytt	2021-11-16 02:08:12	lrytz	2021-12-15 12:12:53	test/files/neg/deprecated-options.check	True	True	True	True
9810	som-snytt	2021-11-16 02:08:12	lrytz	2021-12-15 12:12:53	test/files/instrumented/inline-in-constructors/test_3.scala	True	True	True	True
9810	som-snytt	2021-11-16 02:08:12	lrytz	2021-12-15 12:12:53	test/files/instrumented/inline-in-constructors/bar_2.scala	True	True	True	True
9810	som-snytt	2021-11-16 02:08:12	lrytz	2021-12-15 12:12:53	test/files/instrumented/inline-in-constructors/assert_1.scala	True	True	True	True
9810	som-snytt	2021-11-16 02:08:12	lrytz	2021-12-15 12:12:53	src/reflect/scala/reflect/internal/util/StringOps.scala	True	True	True	True
9810	som-snytt	2021-11-16 02:08:12	lrytz	2021-12-15 12:12:53	src/compiler/scala/tools/nsc/settings/ScalaSettings.scala	True	True	True	True
9810	som-snytt	2021-11-16 02:08:12	lrytz	2021-12-15 12:12:53	test/junit/scala/tools/nsc/settings/SettingsTest.scala	True	True	True	True
9810	som-snytt	2021-11-16 02:08:12	lrytz	2022-01-25 13:48:09	test/files/instrumented/inline-in-constructors/assert_1.scala	True	True	True	True
9810	som-snytt	2021-11-16 02:08:12	lrytz	2022-01-25 13:48:09	build.sbt	False	True	True	True
9810	som-snytt	2021-11-16 02:08:12	lrytz	2022-01-25 13:48:09	test/files/run/icode-reader-dead-code.scala	True	True	True	True
9810	som-snytt	2021-11-16 02:08:12	lrytz	2022-01-25 13:48:09	test/files/run/t7582b/InlineHolder_2.scala	True	True	True	True
9810	som-snytt	2021-11-16 02:08:12	lrytz	2022-01-25 13:48:09	test/files/run/t7582/InlineHolder_2.scala	True	True	True	True
9810	som-snytt	2021-11-16 02:08:12	lrytz	2022-01-25 13:48:09	test/files/run/t6188.scala	True	True	True	True
9810	som-snytt	2021-11-16 02:08:12	lrytz	2022-01-25 13:48:09	test/files/run/t6102.scala	True	True	True	True
9810	som-snytt	2021-11-16 02:08:12	lrytz	2022-01-25 13:48:09	test/files/run/t5789.scala	True	True	True	True
9810	som-snytt	2021-11-16 02:08:12	lrytz	2022-01-25 13:48:09	test/files/run/t4935.scala	True	True	True	True
9810	som-snytt	2021-11-16 02:08:12	lrytz	2022-01-25 13:48:09	test/files/run/t4285.scala	True	True	True	True
9810	som-snytt	2021-11-16 02:08:12	lrytz	2022-01-25 13:48:09	test/files/run/t3569.scala	True	True	True	True
9810	som-snytt	2021-11-16 02:08:12	lrytz	2022-01-25 13:48:09	test/files/run/t3509.scala	True	True	True	True
9810	som-snytt	2021-11-16 02:08:12	lrytz	2022-01-25 13:48:09	test/files/run/t3326.scala	True	True	True	True
9810	som-snytt	2021-11-16 02:08:12	lrytz	2022-01-25 13:48:09	test/files/run/t2106.scala	True	True	True	True
9810	som-snytt	2021-11-16 02:08:12	lrytz	2022-01-25 13:48:09	test/files/run/t11255/Test_2.scala	True	True	True	True
9810	som-snytt	2021-11-16 02:08:12	lrytz	2022-01-25 13:48:09	test/files/run/t11255/A_1.scala	True	True	True	True
9810	som-snytt	2021-11-16 02:08:12	lrytz	2022-01-25 13:48:09	test/files/run/synchronized.scala	True	True	True	True
9810	som-snytt	2021-11-16 02:08:12	lrytz	2022-01-25 13:48:09	test/files/run/repl-inline.scala	True	True	True	True
9810	som-snytt	2021-11-16 02:08:12	lrytz	2022-01-25 13:48:09	test/files/run/noInlineUnknownIndy/Test.scala	True	True	True	True
9810	som-snytt	2021-11-16 02:08:12	lrytz	2022-01-25 13:48:09	test/files/run/inline-stack-map-frames/Test_2.scala	True	True	True	True
9810	som-snytt	2021-11-16 02:08:12	lrytz	2022-01-25 13:48:09	test/files/run/inline-stack-map-frames/A_1.scala	True	True	True	True
9810	som-snytt	2021-11-16 02:08:12	lrytz	2022-01-25 13:48:09	test/files/run/indyLambdaKinds/Test_2.scala	True	True	True	True
9810	som-snytt	2021-11-16 02:08:12	lrytz	2022-01-25 13:48:09	test/files/run/t8601-closure-elim.scala	True	True	True	True
9810	som-snytt	2021-11-16 02:08:12	lrytz	2022-01-25 13:48:09	test/files/run/t8601.scala	True	True	True	True
9810	som-snytt	2021-11-16 02:08:12	lrytz	2022-01-25 13:48:09	test/files/run/t8601b.scala	True	True	True	True
9810	som-snytt	2021-11-16 02:08:12	lrytz	2022-01-25 13:48:09	test/junit/scala/tools/nsc/backend/jvm/opt/InlineInfoTest.scala	True	True	True	True
9810	som-snytt	2021-11-16 02:08:12	lrytz	2022-01-25 13:48:09	project/ScriptCommands.scala	False	True	True	True
9810	som-snytt	2021-11-16 02:08:12	lrytz	2022-01-25 13:48:09	test/junit/scala/tools/nsc/transform/patmat/PatmatBytecodeTest.scala	True	True	True	True
9810	som-snytt	2021-11-16 02:08:12	lrytz	2022-01-25 13:48:09	test/junit/scala/tools/nsc/settings/SettingsTest.scala	True	True	True	True
9810	som-snytt	2021-11-16 02:08:12	lrytz	2022-01-25 13:48:09	test/junit/scala/tools/nsc/reporters/WConfTest.scala	True	True	True	True
9810	som-snytt	2021-11-16 02:08:12	lrytz	2022-01-25 13:48:09	test/junit/scala/tools/nsc/backend/jvm/opt/InlinerTest.scala	True	True	True	True
9810	som-snytt	2021-11-16 02:08:12	lrytz	2022-01-25 13:48:09	test/junit/scala/tools/nsc/backend/jvm/opt/InlinerSeparateCompilationTest.scala	True	True	True	True
9810	som-snytt	2021-11-16 02:08:12	lrytz	2022-01-25 13:48:09	test/junit/scala/tools/nsc/backend/jvm/opt/InlineWarningTest.scala	True	True	True	True
9810	som-snytt	2021-11-16 02:08:12	lrytz	2022-01-25 13:48:09	test/junit/scala/tools/nsc/backend/jvm/opt/InlineSourceMatcherTest.scala	True	True	True	True
9810	som-snytt	2021-11-16 02:08:12	lrytz	2022-01-25 13:48:09	test/junit/scala/tools/nsc/backend/jvm/opt/ClosureOptimizerTest.scala	True	True	True	True
9810	som-snytt	2021-11-16 02:08:12	lrytz	2022-01-25 13:48:09	test/files/run/t8601c.scala	True	True	True	True
9810	som-snytt	2021-11-16 02:08:12	lrytz	2022-01-25 13:48:09	test/junit/scala/tools/nsc/backend/jvm/opt/BoxUnboxAndInlineTest.scala	True	True	True	True
9810	som-snytt	2021-11-16 02:08:12	lrytz	2022-01-25 13:48:09	test/junit/scala/tools/nsc/backend/jvm/OptimizedBytecodeTest.scala	True	True	True	True
9810	som-snytt	2021-11-16 02:08:12	lrytz	2022-01-25 13:48:09	test/junit/scala/tools/nsc/backend/jvm/InnerClassAttributeTest.scala	True	True	True	True
9810	som-snytt	2021-11-16 02:08:12	lrytz	2022-01-25 13:48:09	test/files/run/t9403/Test_2.scala	True	True	True	True
9810	som-snytt	2021-11-16 02:08:12	lrytz	2022-01-25 13:48:09	test/files/run/t9403/C_1.scala	True	True	True	True
9810	som-snytt	2021-11-16 02:08:12	lrytz	2022-01-25 13:48:09	test/files/run/t9003.scala	True	True	True	True
9810	som-snytt	2021-11-16 02:08:12	lrytz	2022-01-25 13:48:09	test/files/run/t8601e/Test.scala	True	True	True	True
9810	som-snytt	2021-11-16 02:08:12	lrytz	2022-01-25 13:48:09	test/files/run/t8601d.scala	True	True	True	True
9810	som-snytt	2021-11-16 02:08:12	lrytz	2022-01-25 13:48:09	test/files/run/indyLambdaKinds.check	True	True	True	True
9810	som-snytt	2021-11-16 02:08:12	lrytz	2022-01-25 13:48:09	test/files/run/t7459b-optimize.scala	True	True	True	True
9810	som-snytt	2021-11-16 02:08:12	lrytz	2022-01-25 13:48:09	test/files/run/classfile-format-52.scala	True	True	True	True
9810	som-snytt	2021-11-16 02:08:12	lrytz	2022-01-25 13:48:09	src/compiler/scala/tools/nsc/backend/jvm/PostProcessorFrontendAccess.scala	True	True	True	True
9810	som-snytt	2021-11-16 02:08:12	lrytz	2022-01-25 13:48:09	build.sbt	True	True	True	True
9810	som-snytt	2021-11-16 02:08:12	lrytz	2022-01-25 13:48:09	test/junit/scala/tools/nsc/transform/patmat/PatmatBytecodeTest.scala	False	True	True	True
9810	som-snytt	2021-11-16 02:08:12	lrytz	2022-01-25 13:48:09	test/junit/scala/tools/nsc/settings/SettingsTest.scala	False	True	True	True
9810	som-snytt	2021-11-16 02:08:12	lrytz	2022-01-25 13:48:09	test/junit/scala/tools/nsc/backend/jvm/opt/InlinerTest.scala	False	True	True	True
9810	som-snytt	2021-11-16 02:08:12	lrytz	2022-01-25 13:48:09	test/junit/scala/tools/nsc/backend/jvm/opt/InlineSourceMatcherTest.scala	False	True	True	True
9810	som-snytt	2021-11-16 02:08:12	lrytz	2022-01-25 13:48:09	test/junit/scala/tools/nsc/backend/jvm/opt/ClosureOptimizerTest.scala	False	True	True	True
9810	som-snytt	2021-11-16 02:08:12	lrytz	2022-01-25 13:48:09	test/junit/scala/tools/nsc/backend/jvm/opt/CallGraphTest.scala	False	True	True	True
9810	som-snytt	2021-11-16 02:08:12	lrytz	2022-01-25 13:48:09	test/junit/scala/tools/nsc/backend/jvm/opt/BoxUnboxAndInlineTest.scala	False	True	True	True
9810	som-snytt	2021-11-16 02:08:12	lrytz	2022-01-25 13:48:09	test/junit/scala/tools/nsc/backend/jvm/opt/BTypesFromClassfileTest.scala	False	True	True	True
9810	som-snytt	2021-11-16 02:08:12	lrytz	2022-01-25 13:48:09	test/junit/scala/tools/nsc/backend/jvm/OptimizedBytecodeTest.scala	False	True	True	True
9810	som-snytt	2021-11-16 02:08:12	lrytz	2022-01-25 13:48:09	test/junit/scala/tools/nsc/backend/jvm/InnerClassAttributeTest.scala	False	True	True	True
9810	som-snytt	2021-11-16 02:08:12	lrytz	2022-01-25 13:48:09	test/files/run/noInlineUnknownIndy/Test.scala	False	True	True	True
9810	som-snytt	2021-11-16 02:08:12	lrytz	2022-01-25 13:48:09	test/files/run/indyLambdaKinds/Test_2.scala	False	True	True	True
9810	som-snytt	2021-11-16 02:08:12	lrytz	2022-01-25 13:48:09	test/files/pos/t11663/B_2.scala	False	True	True	True
9810	som-snytt	2021-11-16 02:08:12	lrytz	2022-01-25 13:48:09	test/files/neg/t11746.scala	False	True	True	True
9810	som-snytt	2021-11-16 02:08:12	lrytz	2022-01-25 13:48:09	test/files/neg/inlineIndyLambdaPrivate/Test_2.scala	False	True	True	True
9810	som-snytt	2021-11-16 02:08:12	lrytz	2022-01-25 13:48:09	test/files/run/classfile-format-51.scala	True	True	True	True
9810	som-snytt	2021-11-16 02:08:12	lrytz	2022-01-25 13:48:09	src/compiler/scala/tools/nsc/settings/MutableSettings.scala	False	True	True	True
9810	som-snytt	2021-11-16 02:08:12	lrytz	2022-01-25 13:48:09	src/compiler/scala/tools/nsc/settings/ScalaSettings.scala	False	True	True	True
9810	som-snytt	2021-11-16 02:08:12	lrytz	2022-01-25 13:48:09	project/ScriptCommands.scala	True	True	True	True
9810	som-snytt	2021-11-16 02:08:12	lrytz	2022-01-25 13:48:09	test/files/neg/deprecated.scala	False	True	True	True
9810	som-snytt	2021-11-16 02:08:12	lrytz	2022-01-25 13:48:09	src/compiler/scala/tools/nsc/settings/MutableSettings.scala	True	True	True	True
9810	som-snytt	2021-11-16 02:08:12	lrytz	2022-01-25 13:48:09	test/files/pos/inline-access-levels/A_1.scala	True	True	True	True
9810	som-snytt	2021-11-16 02:08:12	lrytz	2022-01-25 13:48:09	src/compiler/scala/tools/nsc/settings/ScalaSettings.scala	True	True	True	True
9810	som-snytt	2021-11-16 02:08:12	lrytz	2022-01-25 13:48:09	test/files/run/bcodeInlinerMixed/B_1.scala	True	True	True	True
9810	som-snytt	2021-11-16 02:08:12	lrytz	2022-01-25 13:48:09	test/files/pos/t8410.scala	True	True	True	True
9810	som-snytt	2021-11-16 02:08:12	lrytz	2022-01-25 13:48:09	test/files/pos/t4840.scala	True	True	True	True
9810	som-snytt	2021-11-16 02:08:12	lrytz	2022-01-25 13:48:09	test/files/pos/t3420.scala	True	True	True	True
9810	som-snytt	2021-11-16 02:08:12	lrytz	2022-01-25 13:48:09	test/files/pos/t3234.scala	True	True	True	True
9810	som-snytt	2021-11-16 02:08:12	lrytz	2022-01-25 13:48:09	test/files/pos/t11663/B_2.scala	True	True	True	True
9810	som-snytt	2021-11-16 02:08:12	lrytz	2022-01-25 13:48:09	test/files/pos/inline-access-levels/Test_2.scala	True	True	True	True
9810	som-snytt	2021-11-16 02:08:12	lrytz	2022-01-25 13:48:09	test/files/pos/t9111-inliner-workaround/Test_1.scala	True	True	True	True
9810	som-snytt	2021-11-16 02:08:12	lrytz	2022-01-25 13:48:09	test/files/neg/t11746.scala	True	True	True	True
9810	som-snytt	2021-11-16 02:08:12	lrytz	2022-01-25 13:48:09	test/files/neg/inlineIndyLambdaPrivate/Test_2.scala	True	True	True	True
9810	som-snytt	2021-11-16 02:08:12	lrytz	2022-01-25 13:48:09	test/files/neg/deprecated-options.check	True	True	True	True
9810	som-snytt	2021-11-16 02:08:12	lrytz	2022-01-25 13:48:09	test/files/instrumented/inline-in-constructors/test_3.scala	True	True	True	True
9810	som-snytt	2021-11-16 02:08:12	lrytz	2022-01-25 13:48:09	test/files/instrumented/inline-in-constructors/bar_2.scala	True	True	True	True
9810	som-snytt	2021-11-16 02:08:12	lrytz	2022-01-25 13:48:09	test/files/run/bcodeInlinerMixed/Test_2.scala	True	True	True	True
9810	som-snytt	2021-11-16 02:08:12	lrytz	2022-01-25 13:48:09	test/files/neg/sealed-final-neg.scala	True	True	True	True
9810	som-snytt	2021-11-16 02:08:12	lrytz	2022-01-25 13:48:09	src/reflect/scala/reflect/internal/util/StringOps.scala	True	True	True	True
9807	SethTisue	2021-11-11 15:09:06	xuwei-k	2021-11-11 22:17:35	versions.properties	True	False	False	True
9807	SethTisue	2021-11-11 15:09:06	joroKr21	2021-11-12 21:37:15	versions.properties	True	False	False	True
9806	joroKr21	2021-11-08 19:30:04	lrytz	2021-11-11 13:48:19	test/files/neg/ref-checks.check	True	False	True	True
9806	joroKr21	2021-11-08 19:30:04	lrytz	2021-11-11 13:48:12	src/compiler/scala/tools/nsc/typechecker/RefChecks.scala	True	False	True	True
9806	joroKr21	2021-11-08 19:30:04	lrytz	2021-11-11 13:48:19	test/files/run/t12481.scala	True	False	True	True
9806	joroKr21	2021-11-08 19:30:04	lrytz	2021-11-11 13:48:19	test/files/run/t12481.check	True	False	True	True
9806	joroKr21	2021-11-08 19:30:04	lrytz	2021-11-11 13:48:19	test/files/neg/ref-checks.scala	True	False	True	True
9806	joroKr21	2021-11-08 19:30:04	lrytz	2021-11-11 16:28:17	test/files/neg/ref-checks.check	True	False	True	True
9806	joroKr21	2021-11-08 19:30:04	lrytz	2021-11-11 13:48:19	src/compiler/scala/tools/nsc/typechecker/RefChecks.scala	True	False	True	True
9806	joroKr21	2021-11-08 19:30:04	lrytz	2021-11-11 16:28:17	test/files/run/t12481.scala	True	False	True	True
9806	joroKr21	2021-11-08 19:30:04	lrytz	2021-11-11 16:28:17	test/files/run/t12481.check	True	False	True	True
9806	joroKr21	2021-11-08 19:30:04	lrytz	2021-11-11 16:28:17	test/files/neg/ref-checks.scala	True	False	True	True
9806	joroKr21	2021-11-08 19:30:04	lrytz	2021-11-11 16:28:17	src/compiler/scala/tools/nsc/typechecker/RefChecks.scala	True	False	True	True
9806	joroKr21	2021-11-08 19:30:04	lrytz	2021-11-11 13:48:12	test/files/neg/ref-checks.scala	True	False	True	True
9806	joroKr21	2021-11-08 19:30:04	lrytz	2021-11-11 13:48:12	test/files/neg/ref-checks.check	True	False	True	True
9806	joroKr21	2021-11-08 19:30:04	lrytz	2021-11-11 14:21:16	test/files/neg/ref-checks.scala	True	False	True	True
9806	joroKr21	2021-11-08 19:30:04	lrytz	2021-11-11 13:48:12	test/files/run/t12481.check	True	False	True	True
9806	joroKr21	2021-11-08 19:30:04	lrytz	2021-11-11 14:21:16	src/compiler/scala/tools/nsc/typechecker/RefChecks.scala	True	False	True	True
9806	joroKr21	2021-11-08 19:30:04	lrytz	2021-11-11 14:21:16	test/files/neg/ref-checks.check	True	False	True	True
9806	joroKr21	2021-11-08 19:30:04	lrytz	2021-11-11 14:21:16	test/files/run/t12481.check	True	False	True	True
9806	joroKr21	2021-11-08 19:30:04	lrytz	2021-11-11 14:21:16	test/files/run/t12481.scala	True	False	True	True
9806	joroKr21	2021-11-08 19:30:04	lrytz	2021-11-11 13:43:04	src/compiler/scala/tools/nsc/typechecker/RefChecks.scala	True	False	True	True
9806	joroKr21	2021-11-08 19:30:04	lrytz	2021-11-11 13:43:04	test/files/neg/ref-checks.check	True	False	True	True
9806	joroKr21	2021-11-08 19:30:04	lrytz	2021-11-11 13:43:04	test/files/neg/ref-checks.scala	True	False	True	True
9806	joroKr21	2021-11-08 19:30:04	lrytz	2021-11-11 13:43:04	test/files/run/t12481.check	True	False	True	True
9806	joroKr21	2021-11-08 19:30:04	lrytz	2021-11-11 13:43:04	test/files/run/t12481.scala	True	False	True	True
9806	joroKr21	2021-11-08 19:30:04	lrytz	2021-11-11 13:48:12	test/files/run/t12481.scala	True	False	True	True
9805	som-snytt	2021-11-08 02:45:52	lrytz	2022-03-14 14:46:21	test/files/run/t1406.scala	True	True	True	True
9805	som-snytt	2021-11-08 02:45:52	martijnhoekstra	2021-11-08 14:23:35	spec/01-lexical-syntax.md	True	True	True	True
9805	som-snytt	2021-11-08 02:45:52	martijnhoekstra	2021-11-08 14:23:35	spec/13-syntax-summary.md	False	True	True	True
9805	som-snytt	2021-11-08 02:45:52	lrytz	2022-03-14 14:46:21	test/files/run/t1406b.scala	True	True	True	True
9805	som-snytt	2021-11-08 02:45:52	lrytz	2022-03-14 14:46:21	test/files/run/t1406b.check	True	True	True	True
9805	som-snytt	2021-11-08 02:45:52	lrytz	2022-03-14 14:46:21	spec/13-syntax-summary.md	False	True	True	True
9805	som-snytt	2021-11-08 02:45:52	lrytz	2022-03-14 14:46:21	src/reflect/scala/reflect/internal/Precedence.scala	True	True	True	True
9805	som-snytt	2021-11-08 02:45:52	lrytz	2022-03-14 14:46:21	src/reflect/scala/reflect/internal/Chars.scala	True	True	True	True
9805	som-snytt	2021-11-08 02:45:52	lrytz	2022-03-14 14:46:21	src/compiler/scala/tools/nsc/ast/parser/Scanners.scala	True	True	True	True
9805	som-snytt	2021-11-08 02:45:52	martijnhoekstra	2021-11-08 14:23:35	src/reflect/scala/reflect/internal/Chars.scala	True	True	True	True
9805	som-snytt	2021-11-08 02:45:52	lrytz	2022-03-14 14:46:21	spec/01-lexical-syntax.md	True	True	True	True
9805	som-snytt	2021-11-08 02:45:52	martijnhoekstra	2021-11-08 14:23:35	src/compiler/scala/tools/nsc/ast/parser/Scanners.scala	True	True	True	True
9805	som-snytt	2021-11-08 02:45:52	lrytz	2022-03-17 20:30:58	test/files/run/t1406b.check	True	True	True	True
9805	som-snytt	2021-11-08 02:45:52	martijnhoekstra	2021-11-08 14:23:35	src/reflect/scala/reflect/internal/Precedence.scala	True	True	True	True
9805	som-snytt	2021-11-08 02:45:52	martijnhoekstra	2021-11-08 14:23:35	test/files/run/t1406.scala	True	True	True	True
9805	som-snytt	2021-11-08 02:45:52	martijnhoekstra	2021-11-08 14:23:35	test/files/run/t1406b.check	True	True	True	True
9805	som-snytt	2021-11-08 02:45:52	martijnhoekstra	2021-11-08 14:23:35	test/files/run/t1406b.scala	True	True	True	True
9805	som-snytt	2021-11-08 02:45:52	lrytz	2022-03-17 20:30:58	spec/13-syntax-summary.md	False	True	True	True
9805	som-snytt	2021-11-08 02:45:52	lrytz	2022-03-17 20:30:58	spec/01-lexical-syntax.md	True	True	True	True
9805	som-snytt	2021-11-08 02:45:52	lrytz	2022-03-17 20:30:58	src/compiler/scala/tools/nsc/ast/parser/Scanners.scala	True	True	True	True
9805	som-snytt	2021-11-08 02:45:52	lrytz	2022-03-17 20:30:58	src/reflect/scala/reflect/internal/Chars.scala	True	True	True	True
9805	som-snytt	2021-11-08 02:45:52	lrytz	2022-03-17 20:30:58	src/reflect/scala/reflect/internal/Precedence.scala	True	True	True	True
9805	som-snytt	2021-11-08 02:45:52	lrytz	2022-03-17 20:30:58	test/files/run/t1406.scala	True	True	True	True
9805	som-snytt	2021-11-08 02:45:52	lrytz	2022-03-17 20:30:58	test/files/run/t1406b.scala	True	True	True	True
9804	martijnhoekstra	2021-11-06 19:03:12	lrytz	2021-11-18 12:31:48	src/library/scala/math/Ordering.scala	True	False	False	True
9803	som-snytt	2021-11-05 16:41:48	lrytz	2021-11-18 12:51:34	test/junit/scala/collection/mutable/StackTest.scala	True	True	False	True
9803	som-snytt	2021-11-05 16:41:48	lrytz	2021-11-18 12:51:34	src/library/scala/collection/mutable/Stack.scala	True	True	False	True
9803	som-snytt	2021-11-05 16:41:48	lrytz	2021-11-18 12:51:34	test/junit/scala/collection/mutable/StackTest.scala	False	True	False	True
9803	som-snytt	2021-11-05 16:41:48	lrytz	2021-11-18 12:51:34	src/library/scala/collection/mutable/Stack.scala	False	True	False	True
9799	som-snytt	2021-11-02 00:02:00	lrytz	2021-11-18 13:43:38	src/library/scala/collection/IndexedSeqView.scala	False	True	True	True
9799	som-snytt	2021-11-02 00:02:00	NthPortal	2021-11-03 20:16:12	test/junit/scala/collection/immutable/SmallMapTest.scala	False	True	True	True
9799	som-snytt	2021-11-02 00:02:00	NthPortal	2021-11-03 20:16:12	src/library/scala/collection/Iterator.scala	False	True	True	True
9799	som-snytt	2021-11-02 00:02:00	NthPortal	2021-11-03 20:16:12	src/library/scala/collection/IndexedSeqView.scala	True	True	True	True
9799	som-snytt	2021-11-02 00:02:00	NthPortal	2021-11-03 20:16:12	src/library/scala/collection/IndexedSeqView.scala	False	True	True	True
9799	som-snytt	2021-11-02 00:02:00	lrytz	2021-11-18 13:43:38	test/junit/scala/collection/IndexedSeqViewTest.scala	True	True	True	True
9799	som-snytt	2021-11-02 00:02:00	lrytz	2021-11-18 13:43:38	src/library/scala/collection/IndexedSeqView.scala	True	True	True	True
9799	som-snytt	2021-11-02 00:02:00	lrytz	2021-11-18 13:43:38	test/junit/scala/collection/immutable/SmallMapTest.scala	False	True	True	True
9799	som-snytt	2021-11-02 00:02:00	lrytz	2021-11-18 13:43:38	src/library/scala/collection/Iterator.scala	False	True	True	True
9799	som-snytt	2021-11-02 00:02:00	NthPortal	2021-11-04 21:10:23	test/junit/scala/collection/immutable/SmallMapTest.scala	False	True	True	True
9799	som-snytt	2021-11-02 00:02:00	lrytz	2021-11-18 14:19:41	test/junit/scala/collection/IndexedSeqViewTest.scala	True	True	True	True
9799	som-snytt	2021-11-02 00:02:00	lrytz	2021-11-18 14:19:41	src/library/scala/collection/IndexedSeqView.scala	True	True	True	True
9799	som-snytt	2021-11-02 00:02:00	lrytz	2021-11-18 14:19:41	test/junit/scala/collection/immutable/SmallMapTest.scala	False	True	True	True
9799	som-snytt	2021-11-02 00:02:00	lrytz	2021-11-18 14:19:41	src/library/scala/collection/Iterator.scala	False	True	True	True
9799	som-snytt	2021-11-02 00:02:00	lrytz	2021-11-18 14:19:41	src/library/scala/collection/IndexedSeqView.scala	False	True	True	True
9799	som-snytt	2021-11-02 00:02:00	NthPortal	2021-11-04 21:10:23	test/junit/scala/collection/IndexedSeqViewTest.scala	True	True	True	True
9799	som-snytt	2021-11-02 00:02:00	NthPortal	2021-11-14 23:28:47	src/library/scala/collection/IndexedSeqView.scala	False	True	True	True
9799	som-snytt	2021-11-02 00:02:00	NthPortal	2021-11-04 21:10:23	src/library/scala/collection/Iterator.scala	False	True	True	True
9799	som-snytt	2021-11-02 00:02:00	NthPortal	2021-11-04 21:10:23	src/library/scala/collection/IndexedSeqView.scala	False	True	True	True
9799	som-snytt	2021-11-02 00:02:00	NthPortal	2021-11-03 20:16:12	test/junit/scala/collection/IndexedSeqViewTest.scala	True	True	True	True
9799	som-snytt	2021-11-02 00:02:00	NthPortal	2021-11-04 21:10:23	src/library/scala/collection/IndexedSeqView.scala	True	True	True	True
9799	som-snytt	2021-11-02 00:02:00	NthPortal	2021-11-14 23:28:47	src/library/scala/collection/Iterator.scala	False	True	True	True
9799	som-snytt	2021-11-02 00:02:00	NthPortal	2021-11-02 15:31:41	test/junit/scala/collection/immutable/SmallMapTest.scala	False	True	True	True
9799	som-snytt	2021-11-02 00:02:00	NthPortal	2021-11-14 23:28:47	test/junit/scala/collection/immutable/SmallMapTest.scala	False	True	True	True
9799	som-snytt	2021-11-02 00:02:00	NthPortal	2021-11-02 15:53:14	test/junit/scala/collection/IndexedSeqViewTest.scala	True	True	True	True
9799	som-snytt	2021-11-02 00:02:00	NthPortal	2021-11-02 15:53:14	src/library/scala/collection/IndexedSeqView.scala	True	True	True	True
9799	som-snytt	2021-11-02 00:02:00	NthPortal	2021-11-02 15:53:14	test/junit/scala/collection/immutable/SmallMapTest.scala	False	True	True	True
9799	som-snytt	2021-11-02 00:02:00	NthPortal	2021-11-02 15:53:14	src/library/scala/collection/Iterator.scala	False	True	True	True
9799	som-snytt	2021-11-02 00:02:00	NthPortal	2021-11-02 15:53:14	src/library/scala/collection/IndexedSeqView.scala	False	True	True	True
9799	som-snytt	2021-11-02 00:02:00	NthPortal	2021-11-02 15:31:41	test/junit/scala/collection/IndexedSeqViewTest.scala	True	True	True	True
9799	som-snytt	2021-11-02 00:02:00	NthPortal	2021-11-02 15:31:41	src/library/scala/collection/IndexedSeqView.scala	True	True	True	True
9799	som-snytt	2021-11-02 00:02:00	NthPortal	2021-11-02 15:31:41	src/library/scala/collection/Iterator.scala	False	True	True	True
9799	som-snytt	2021-11-02 00:02:00	NthPortal	2021-11-02 15:31:41	src/library/scala/collection/IndexedSeqView.scala	False	True	True	True
9799	som-snytt	2021-11-02 00:02:00	NthPortal	2021-11-02 15:36:07	test/junit/scala/collection/IndexedSeqViewTest.scala	True	True	True	True
9799	som-snytt	2021-11-02 00:02:00	NthPortal	2021-11-02 15:36:07	src/library/scala/collection/IndexedSeqView.scala	True	True	True	True
9799	som-snytt	2021-11-02 00:02:00	NthPortal	2021-11-02 15:36:07	test/junit/scala/collection/immutable/SmallMapTest.scala	False	True	True	True
9799	som-snytt	2021-11-02 00:02:00	NthPortal	2021-11-02 15:36:07	src/library/scala/collection/Iterator.scala	False	True	True	True
9799	som-snytt	2021-11-02 00:02:00	NthPortal	2021-11-02 15:36:07	src/library/scala/collection/IndexedSeqView.scala	False	True	True	True
9799	som-snytt	2021-11-02 00:02:00	NthPortal	2021-11-14 23:28:47	test/junit/scala/collection/IndexedSeqViewTest.scala	True	True	True	True
9799	som-snytt	2021-11-02 00:02:00	NthPortal	2021-11-14 23:28:47	src/library/scala/collection/IndexedSeqView.scala	True	True	True	True
