pr_number	author_user_login	pr_created_at	review_user_login	review_created_at	filename	create_before_pr	has_issue_comment	has_review_comment	has_commit
82	erikrozendaal	2011-12-28 12:21:43	dcsobral	2011-12-29 00:03:00	src/library/scala/collection/immutable/RedBlackTree.scala	False	True	True	True
82	erikrozendaal	2011-12-28 12:21:43	dcsobral	2011-12-29 00:03:00	test/files/scalacheck/treemap.scala	True	True	True	True
82	erikrozendaal	2011-12-28 12:21:43	dcsobral	2011-12-29 00:03:00	test/files/scalacheck/treeset.scala	False	True	True	True
82	erikrozendaal	2011-12-28 12:21:43	dcsobral	2011-12-29 00:03:00	test/files/scalacheck/treemap.scala	False	True	True	True
82	erikrozendaal	2011-12-28 12:21:43	dcsobral	2011-12-29 00:03:00	test/files/scalacheck/redblacktree.scala	False	True	True	True
82	erikrozendaal	2011-12-28 12:21:43	dcsobral	2011-12-29 00:03:00	test/files/scalacheck/redblack.scala	False	True	True	True
82	erikrozendaal	2011-12-28 12:21:43	dcsobral	2011-12-29 00:03:00	test/files/scalacheck/redblack.scala	True	True	True	True
82	erikrozendaal	2011-12-28 12:21:43	dcsobral	2011-12-29 00:03:00	src/library/scala/collection/immutable/RedBlack.scala	False	True	True	True
82	erikrozendaal	2011-12-28 12:21:43	dcsobral	2011-12-29 00:03:00	src/library/scala/collection/immutable/TreeSet.scala	False	True	True	True
82	erikrozendaal	2011-12-28 12:21:43	dcsobral	2011-12-29 00:03:00	src/library/scala/collection/immutable/TreeMap.scala	False	True	True	True
82	erikrozendaal	2011-12-28 12:21:43	dcsobral	2011-12-29 00:03:00	src/library/scala/collection/immutable/RedBlack.scala	True	True	True	True
82	erikrozendaal	2011-12-28 12:21:43	dcsobral	2011-12-29 00:03:00	test/files/scalacheck/treeset.scala	True	True	True	True
82	erikrozendaal	2011-12-28 12:21:43	dcsobral	2011-12-29 00:03:00	src/library/scala/collection/immutable/TreeMap.scala	True	True	True	True
82	erikrozendaal	2011-12-28 12:21:43	dcsobral	2011-12-29 00:03:00	src/library/scala/collection/immutable/TreeSet.scala	True	True	True	True
82	erikrozendaal	2011-12-28 12:21:43	dcsobral	2011-12-28 23:55:53	src/library/scala/collection/immutable/TreeSet.scala	True	True	True	True
82	erikrozendaal	2011-12-28 12:21:43	dcsobral	2011-12-28 23:55:53	src/library/scala/collection/immutable/TreeMap.scala	True	True	True	True
82	erikrozendaal	2011-12-28 12:21:43	dcsobral	2011-12-28 23:55:53	test/files/scalacheck/redblack.scala	False	True	True	True
82	erikrozendaal	2011-12-28 12:21:43	dcsobral	2011-12-28 23:55:53	test/files/scalacheck/treeset.scala	True	True	True	True
82	erikrozendaal	2011-12-28 12:21:43	dcsobral	2011-12-28 23:55:53	src/library/scala/collection/immutable/RedBlack.scala	True	True	True	True
82	erikrozendaal	2011-12-28 12:21:43	dcsobral	2011-12-28 23:55:53	test/files/scalacheck/treeset.scala	False	True	True	True
82	erikrozendaal	2011-12-28 12:21:43	dcsobral	2011-12-28 23:55:53	test/files/scalacheck/treemap.scala	False	True	True	True
82	erikrozendaal	2011-12-28 12:21:43	dcsobral	2011-12-28 23:55:53	test/files/scalacheck/redblacktree.scala	False	True	True	True
82	erikrozendaal	2011-12-28 12:21:43	dcsobral	2011-12-28 23:55:53	test/files/scalacheck/treemap.scala	True	True	True	True
82	erikrozendaal	2011-12-28 12:21:43	dcsobral	2011-12-28 23:55:53	src/library/scala/collection/immutable/RedBlackTree.scala	False	True	True	True
82	erikrozendaal	2011-12-28 12:21:43	dcsobral	2011-12-28 23:55:53	src/library/scala/collection/immutable/RedBlack.scala	False	True	True	True
82	erikrozendaal	2011-12-28 12:21:43	dcsobral	2011-12-28 23:55:53	src/library/scala/collection/immutable/TreeSet.scala	False	True	True	True
82	erikrozendaal	2011-12-28 12:21:43	dcsobral	2011-12-28 23:55:53	src/library/scala/collection/immutable/TreeMap.scala	False	True	True	True
82	erikrozendaal	2011-12-28 12:21:43	dcsobral	2011-12-28 23:55:53	test/files/scalacheck/redblack.scala	True	True	True	True
56	stephenjudkins	2011-12-14 08:41:06	viktorklang	2011-12-29 06:32:06	test/files/run/t4929.scala	True	False	True	True
56	stephenjudkins	2011-12-14 08:41:06	viktorklang	2011-12-29 06:37:38	test/files/run/t4929.scala	True	False	True	True
56	stephenjudkins	2011-12-14 08:41:06	viktorklang	2011-12-29 05:52:13	src/library/scala/util/parsing/combinator/Parsers.scala	True	False	True	True
56	stephenjudkins	2011-12-14 08:41:06	viktorklang	2011-12-29 05:52:13	test/files/run/t4929.check	True	False	True	True
56	stephenjudkins	2011-12-14 08:41:06	viktorklang	2011-12-29 05:52:13	test/files/run/t4929.scala	True	False	True	True
56	stephenjudkins	2011-12-14 08:41:06	viktorklang	2011-12-29 05:54:07	src/library/scala/util/parsing/combinator/Parsers.scala	True	False	True	True
56	stephenjudkins	2011-12-14 08:41:06	viktorklang	2011-12-29 05:54:07	test/files/run/t4929.check	True	False	True	True
56	stephenjudkins	2011-12-14 08:41:06	viktorklang	2011-12-29 05:54:07	test/files/run/t4929.scala	True	False	True	True
56	stephenjudkins	2011-12-14 08:41:06	viktorklang	2011-12-29 06:32:06	src/library/scala/util/parsing/combinator/Parsers.scala	True	False	True	True
56	stephenjudkins	2011-12-14 08:41:06	viktorklang	2011-12-29 06:32:06	test/files/run/t4929.check	True	False	True	True
56	stephenjudkins	2011-12-14 08:41:06	viktorklang	2011-12-29 06:37:38	test/files/run/t4929.check	True	False	True	True
56	stephenjudkins	2011-12-14 08:41:06	viktorklang	2011-12-29 05:51:49	src/library/scala/util/parsing/combinator/Parsers.scala	True	False	True	True
56	stephenjudkins	2011-12-14 08:41:06	viktorklang	2011-12-29 05:51:49	test/files/run/t4929.check	True	False	True	True
56	stephenjudkins	2011-12-14 08:41:06	viktorklang	2011-12-29 05:51:49	test/files/run/t4929.scala	True	False	True	True
56	stephenjudkins	2011-12-14 08:41:06	viktorklang	2011-12-29 06:30:24	src/library/scala/util/parsing/combinator/Parsers.scala	True	False	True	True
56	stephenjudkins	2011-12-14 08:41:06	viktorklang	2011-12-29 06:30:24	test/files/run/t4929.check	True	False	True	True
56	stephenjudkins	2011-12-14 08:41:06	viktorklang	2011-12-29 06:30:24	test/files/run/t4929.scala	True	False	True	True
56	stephenjudkins	2011-12-14 08:41:06	viktorklang	2011-12-29 05:51:33	src/library/scala/util/parsing/combinator/Parsers.scala	True	False	True	True
56	stephenjudkins	2011-12-14 08:41:06	viktorklang	2011-12-29 05:51:33	test/files/run/t4929.check	True	False	True	True
56	stephenjudkins	2011-12-14 08:41:06	viktorklang	2011-12-29 05:51:33	test/files/run/t4929.scala	True	False	True	True
56	stephenjudkins	2011-12-14 08:41:06	viktorklang	2011-12-29 06:37:38	src/library/scala/util/parsing/combinator/Parsers.scala	True	False	True	True
