pr_number	author_user_login	pr_created_at	commit_user_login	commit_created_at	commit_status_total	commit_status_additions	commit_status_deletions	create_before_pr	is_review_commit
6052	juliuszsompolski	2017-08-30 20:09:54	juliuszsompolski	2017-08-30 19:56:44	67	59	8	True	True
6052	juliuszsompolski	2017-08-30 20:09:54	juliuszsompolski	2017-08-31 11:30:33	2	1	1	False	True
6051	jvican	2017-08-30 13:30:41	jvican	2017-08-30 13:12:06	751	384	367	True	True
6051	jvican	2017-08-30 13:30:41	jvican	2017-09-01 11:38:11	21	8	13	False	True
6051	jvican	2017-08-30 13:30:41	jvican	2017-09-27 09:12:10	318	167	151	False	True
6050	milessabin	2017-08-29 14:21:11	retronym	2018-07-09 05:11:34	5	3	2	False	True
6050	milessabin	2017-08-29 14:21:11	retronym	2018-07-09 06:09:40	4	2	2	False	True
6050	milessabin	2017-08-29 14:21:11	retronym	2018-07-09 23:49:29	8	4	4	False	True
6050	milessabin	2017-08-29 14:21:11	retronym	2018-07-09 09:54:49	49	26	23	False	True
6050	milessabin	2017-08-29 14:21:11	retronym	2018-07-09 09:53:03	3	2	1	False	True
6050	milessabin	2017-08-29 14:21:11	retronym	2018-07-09 06:36:26	17	6	11	False	True
6050	milessabin	2017-08-29 14:21:11	milessabin	2018-03-06 15:00:12	1805	1740	65	False	True
6050	milessabin	2017-08-29 14:21:11	retronym	2018-07-09 05:36:53	2	1	1	False	True
6050	milessabin	2017-08-29 14:21:11	retronym	2018-07-09 05:21:15	8	4	4	False	True
6049	janekdb	2017-08-24 14:56:25	janekdb	2017-08-30 11:10:19	26	17	9	False	True
6048	ackratos	2017-08-24 14:42:55	ackratos	2017-08-24 14:40:30	128	124	4	True	True
6048	ackratos	2017-08-24 14:42:55	ackratos	2017-09-04 15:18:08	15	4	11	False	True
6048	ackratos	2017-08-24 14:42:55	ackratos	2017-09-03 13:55:22	1427	1096	331	False	True
6048	ackratos	2017-08-24 14:42:55	ackratos	2017-09-04 00:55:23	1	1	0	False	True
6048	ackratos	2017-08-24 14:42:55	ackratos	2017-09-14 13:37:13	117	62	55	False	True
6047	retronym	2017-08-24 06:16:01	retronym	2017-03-27 01:18:58	181	98	83	True	True
6046	janekdb	2017-08-23 10:00:24	janekdb	2017-08-23 09:59:40	72	36	36	True	True
6045	som-snytt	2017-08-21 06:15:30	som-snytt	2017-08-21 06:09:54	73	45	28	True	True
6045	som-snytt	2017-08-21 06:15:30	som-snytt	2017-08-21 18:03:50	5	4	1	False	True
6043	janekdb	2017-08-20 19:13:39	janekdb	2017-11-16 09:54:40	1092	1088	4	False	True
6042	hrhino	2017-08-19 19:00:16	hrhino	2017-08-19 17:17:55	33	32	1	True	True
6042	hrhino	2017-08-19 19:00:16	hrhino	2017-09-29 01:50:37	248	204	44	False	True
6041	mkeskells	2017-08-17 21:43:47	mkeskells	2017-08-16 00:22:07	303	299	4	True	True
6040	lrytz	2017-08-17 15:16:02	lrytz	2017-08-19 06:19:57	42	38	4	False	True
6037	milessabin	2017-08-13 13:36:40	milessabin	2018-03-06 12:09:55	576	575	1	False	True
6035	kamilkloch	2017-08-11 12:53:01	kamilkloch	2017-08-11 12:44:53	15	15	0	True	True
6034	jvican	2017-08-10 09:42:45	jvican	2017-08-09 10:07:24	2	1	1	True	True
6034	jvican	2017-08-10 09:42:45	jvican	2017-08-10 08:31:43	311	258	53	True	True
6033	retronym	2017-08-10 04:01:19	retronym	2017-08-10 03:56:43	6	3	3	True	True
6030	hrhino	2017-08-08 19:16:24	hrhino	2017-08-08 18:12:38	48	45	3	True	True
6029	milessabin	2017-08-08 17:08:27	milessabin	2017-08-08 16:59:01	38	38	0	True	True
6029	milessabin	2017-08-08 17:08:27	milessabin	2017-08-09 08:26:07	101	66	35	False	True
6027	martijnhoekstra	2017-08-07 12:26:44	martijnhoekstra	2017-08-07 12:16:55	53	49	4	True	True
6027	martijnhoekstra	2017-08-07 12:26:44	adriaanm	2017-09-26 23:26:26	2	0	2	False	True
6026	SethTisue	2017-08-04 20:10:18	retronym	2017-07-27 21:44:55	4	2	2	True	True
6026	SethTisue	2017-08-04 20:10:18	SethTisue	2017-08-04 19:50:19	573	72	501	True	True
6026	SethTisue	2017-08-04 20:10:18	SethTisue	2017-08-01 18:53:09	517	58	459	True	True
6026	SethTisue	2017-08-04 20:10:18	SethTisue	2017-08-01 18:50:33	76	38	38	True	True
6026	SethTisue	2017-08-04 20:10:18	SethTisue	2017-07-30 17:46:19	5	3	2	True	True
6026	SethTisue	2017-08-04 20:10:18	retronym	2017-07-25 05:25:26	19	18	1	True	True
6026	SethTisue	2017-08-04 20:10:18	SethTisue	2017-04-28 14:38:53	76	38	38	True	True
6026	SethTisue	2017-08-04 20:10:18	Philippus	2017-07-29 18:30:20	5	3	2	True	True
6026	SethTisue	2017-08-04 20:10:18	lrytz	2017-07-21 08:58:39	1	0	1	True	True
6026	SethTisue	2017-08-04 20:10:18	retronym	2017-07-23 23:45:55	1	0	1	True	True
6026	SethTisue	2017-08-04 20:10:18	2m	2017-06-05 13:43:00	519	59	460	True	True
6026	SethTisue	2017-08-04 20:10:18	retronym	2017-07-24 23:34:42	19	18	1	True	True
6026	SethTisue	2017-08-04 20:10:18	SethTisue	2017-07-28 00:15:37	4	2	2	True	True
6025	hrhino	2017-08-04 15:03:47	hrhino	2017-08-04 14:11:32	67	56	11	True	True
6024	lrytz	2017-08-04 13:12:42	lrytz	2017-08-04 13:04:29	17	16	1	True	True
6023	lrytz	2017-08-04 11:21:55	lrytz	2017-08-04 11:14:33	123	91	32	True	True
6022	jxtps	2017-08-03 04:35:23	jxtps	2017-08-03 04:33:16	3	1	2	True	True
6021	som-snytt	2017-08-03 04:13:40	som-snytt	2017-08-03 04:06:05	50	43	7	True	True
6020	mkeskells	2017-08-01 20:40:20	mkeskells	2017-07-27 00:11:27	7	4	3	True	True
