pr_number	author_user_login	pr_created_at	commit_user_login	commit_created_at	commit_status_total	commit_status_additions	commit_status_deletions	create_before_pr	is_review_commit
8191	NthPortal	2019-06-30 06:28:30	NthPortal	2019-06-30 06:22:46	10	5	5	True	True
8190	mshibuya	2019-06-30 03:07:14	mshibuya	2019-06-27 10:22:00	48	42	6	True	True
8189	hrhino	2019-06-29 01:01:44	hrhino	2019-06-29 00:58:35	3	3	0	True	True
8188	lrytz	2019-06-28 13:04:21	lrytz	2019-06-28 12:53:30	45	42	3	True	True
8188	lrytz	2019-06-28 13:04:21	lrytz	2019-06-28 12:09:32	4	2	2	True	True
8187	takayahilton	2019-06-28 02:22:17	takayahilton	2019-06-28 02:20:13	10	0	10	True	True
8186	yui-knk	2019-06-27 13:59:16	yui-knk	2019-06-27 13:10:44	2	1	1	True	True
8185	NomadBlacky	2019-06-27 08:44:41	lrytz	2019-07-24 08:07:56	17	3	14	False	True
8185	NomadBlacky	2019-06-27 08:44:41	NomadBlacky	2019-06-27 08:22:18	2	1	1	True	True
8184	kmizu	2019-06-27 07:50:43	kmizu	2019-06-27 04:47:47	277	139	138	True	True
8183	exoego	2019-06-27 07:46:32	exoego	2019-06-27 10:41:20	41	14	27	False	True
8183	exoego	2019-06-27 07:46:32	exoego	2019-07-23 07:38:30	39	24	15	False	True
8183	exoego	2019-06-27 07:46:32	lrytz	2019-07-23 11:52:34	51	32	19	False	True
8183	exoego	2019-06-27 07:46:32	exoego	2019-06-27 07:40:03	79	62	17	True	True
8183	exoego	2019-06-27 07:46:32	lrytz	2019-07-02 12:14:32	9	5	4	False	True
8182	applideveloper	2019-06-27 06:36:20	applideveloper	2019-06-27 06:21:14	4	2	2	True	True
8181	exoego	2019-06-27 05:33:14	exoego	2019-06-27 05:32:31	3	3	0	True	True
8180	som-snytt	2019-06-27 05:13:37	som-snytt	2019-06-27 05:51:01	8	8	0	False	True
8180	som-snytt	2019-06-27 05:13:37	som-snytt	2019-06-27 05:07:23	25	15	10	True	True
8179	exoego	2019-06-27 03:42:49	exoego	2019-06-27 10:23:27	54	51	3	False	True
8179	exoego	2019-06-27 03:42:49	exoego	2019-06-27 03:35:55	5	1	4	True	True
8179	exoego	2019-06-27 03:42:49	exoego	2019-07-01 10:41:41	92	53	39	False	True
8179	exoego	2019-06-27 03:42:49	exoego	2019-06-27 04:23:43	1	0	1	False	True
8179	exoego	2019-06-27 03:42:49	exoego	2019-06-27 00:32:19	28	4	24	True	True
8179	exoego	2019-06-27 03:42:49	exoego	2019-06-27 03:35:00	16	10	6	True	True
8179	exoego	2019-06-27 03:42:49	exoego	2019-06-27 02:00:33	16	8	8	True	True
8179	exoego	2019-06-27 03:42:49	exoego	2019-06-27 03:01:45	62	31	31	True	True
8178	szeiger	2019-06-26 16:42:41	szeiger	2019-06-26 16:38:50	74	71	3	True	True
8176	NthPortal	2019-06-25 06:20:30	NthPortal	2019-06-25 06:19:33	9	8	1	True	True
8175	retronym	2019-06-24 06:48:44	retronym	2019-06-14 05:25:14	457	214	243	True	True
8174	dwijnand	2019-06-24 06:33:35	dwijnand	2019-06-24 06:33:10	15	15	0	True	True
8173	som-snytt	2019-06-23 17:53:43	som-snytt	2019-06-23 17:11:27	2	1	1	True	True
8172	dwijnand	2019-06-23 09:12:29	dwijnand	2019-06-23 09:02:12	160	142	18	True	True
8171	dwijnand	2019-06-21 10:33:20	dwijnand	2019-06-21 10:31:07	37	37	0	True	True
8169	som-snytt	2019-06-20 17:30:18	som-snytt	2019-06-20 17:26:01	39	19	20	True	True
8168	mkeskells	2019-06-20 16:56:47	mkeskells	2019-06-21 16:59:07	386	221	165	False	True
8168	mkeskells	2019-06-20 16:56:47	mkeskells	2019-06-22 06:47:04	24	16	8	False	True
8168	mkeskells	2019-06-20 16:56:47	mkeskells	2019-07-07 08:46:02	161	157	4	False	True
8168	mkeskells	2019-06-20 16:56:47	mkeskells	2019-07-07 08:40:58	5	3	2	False	True
8168	mkeskells	2019-06-20 16:56:47	mkeskells	2019-06-24 20:14:04	447	360	87	False	True
8168	mkeskells	2019-06-20 16:56:47	mkeskells	2019-05-16 23:33:08	1458	1458	0	True	True
8168	mkeskells	2019-06-20 16:56:47	mkeskells	2019-06-20 22:19:47	2	1	1	False	True
8167	SethTisue	2019-06-20 15:00:30	SethTisue	2019-07-10 02:03:43	17	14	3	False	True
8166	adriaanm	2019-06-20 10:02:15	hrhino	2019-05-01 01:47:37	20	16	4	True	True
8166	adriaanm	2019-06-20 10:02:15	lrytz	2019-05-13 09:10:19	2	1	1	True	True
8166	adriaanm	2019-06-20 10:02:15	retronym	2019-05-14 04:06:45	96	42	54	True	True
8166	adriaanm	2019-06-20 10:02:15	retronym	2019-05-11 23:36:32	2	1	1	True	True
8166	adriaanm	2019-06-20 10:02:15	retronym	2019-05-17 02:57:50	39	38	1	True	True
8166	adriaanm	2019-06-20 10:02:15	hrhino	2019-05-15 00:21:18	13	7	6	True	True
8166	adriaanm	2019-06-20 10:02:15	retronym	2019-05-08 22:41:17	53	29	24	True	True
8166	adriaanm	2019-06-20 10:02:15	retronym	2019-05-08 22:35:58	10	6	4	True	True
8166	adriaanm	2019-06-20 10:02:15	retronym	2019-05-08 06:44:59	41	11	30	True	True
8166	adriaanm	2019-06-20 10:02:15	retronym	2019-04-29 04:29:25	35	0	35	True	True
8166	adriaanm	2019-06-20 10:02:15	retronym	2019-04-29 04:33:55	60	37	23	True	True
8166	adriaanm	2019-06-20 10:02:15	hrhino	2019-04-14 21:27:32	25	22	3	True	True
8166	adriaanm	2019-06-20 10:02:15	lrytz	2019-05-17 06:20:11	39	38	1	True	True
8166	adriaanm	2019-06-20 10:02:15	ennru	2019-03-08 09:49:56	121	121	0	True	True
8166	adriaanm	2019-06-20 10:02:15	retronym	2019-05-09 05:22:41	95	37	58	True	True
8166	adriaanm	2019-06-20 10:02:15	retronym	2019-04-09 09:46:43	11	8	3	True	True
8166	adriaanm	2019-06-20 10:02:15	diesalbla	2019-01-12 22:56:31	3	2	1	True	True
8166	adriaanm	2019-06-20 10:02:15	diesalbla	2018-09-30 22:23:17	8	4	4	True	True
8166	adriaanm	2019-06-20 10:02:15	diesalbla	2019-01-16 00:00:00	12	6	6	True	True
8166	adriaanm	2019-06-20 10:02:15	joroKr21	2018-12-30 23:55:06	19	8	11	True	True
8166	adriaanm	2019-06-20 10:02:15	diesalbla	2019-03-30 15:46:01	2	0	2	True	True
8166	adriaanm	2019-06-20 10:02:15	diesalbla	2019-03-30 23:26:08	16	10	6	True	True
8166	adriaanm	2019-06-20 10:02:15	diesalbla	2019-03-31 01:17:10	37	24	13	True	True
8166	adriaanm	2019-06-20 10:02:15	adriaanm	2019-02-12 08:48:32	80	15	65	True	True
8166	adriaanm	2019-06-20 10:02:15	retronym	2019-04-09 04:47:28	62	44	18	True	True
8166	adriaanm	2019-06-20 10:02:15	diesalbla	2018-09-12 14:56:17	8	4	4	True	True
8166	adriaanm	2019-06-20 10:02:15	diesalbla	2018-09-18 15:47:07	31	29	2	True	True
8166	adriaanm	2019-06-20 10:02:15	diesalbla	2018-09-19 16:34:57	45	20	25	True	True
8166	adriaanm	2019-06-20 10:02:15	diesalbla	2019-03-12 05:51:13	315	315	0	True	True
8166	adriaanm	2019-06-20 10:02:15	diesalbla	2018-09-24 03:48:31	6	2	4	True	True
8164	IDoCodingStuffs	2019-06-19 21:58:21	IDoCodingStuffs	2019-06-20 00:25:16	13	5	8	False	True
8164	IDoCodingStuffs	2019-06-19 21:58:21	IDoCodingStuffs	2019-06-19 21:57:25	10	8	2	True	True
8164	IDoCodingStuffs	2019-06-19 21:58:21	IDoCodingStuffs	2019-06-19 21:23:21	2	2	0	True	True
8162	sjrd	2019-06-19 11:43:05	sjrd	2019-06-19 11:39:22	5	3	2	True	True
8161	retronym	2019-06-19 06:50:18	retronym	2019-06-19 06:36:12	1478	897	581	True	True
8158	retronym	2019-06-19 04:14:23	retronym	2019-06-19 04:02:07	40	39	1	True	True
8155	SethTisue	2019-06-18 21:12:11	SethTisue	2019-06-18 20:54:52	80	2	78	True	True
8154	xuwei-k	2019-06-17 11:40:17	xuwei-k	2019-06-17 11:34:45	55	1	54	True	True
8153	retronym	2019-06-16 06:37:08	retronym	2019-06-16 06:29:43	4	2	2	True	True
8153	retronym	2019-06-16 06:37:08	retronym	2019-06-16 21:25:06	13	8	5	False	True
8152	som-snytt	2019-06-15 13:49:47	som-snytt	2019-06-15 13:45:03	15	7	8	True	True
8152	som-snytt	2019-06-15 13:49:47	som-snytt	2019-06-15 13:21:38	23	10	13	True	True
8150	retronym	2019-06-13 14:38:29	retronym	2019-06-13 14:24:58	39	39	0	True	True
8149	dwijnand	2019-06-13 05:59:22	dwijnand	2019-06-13 05:59:02	96	48	48	True	True
8148	Atry	2019-06-12 01:08:58	Atry	2019-06-12 01:07:45	11	6	5	True	True
8148	Atry	2019-06-12 01:08:58	Atry	2019-06-12 01:09:57	2	1	1	False	True
8147	ACJustPlay	2019-06-11 12:24:33	ACJustPlay	2019-06-11 11:51:53	13	13	0	True	True
8146	Philippus	2019-06-11 10:13:10	Philippus	2019-05-28 22:13:56	21	19	2	True	True
8144	SethTisue	2019-06-10 10:57:11	SethTisue	2019-06-10 10:56:14	2	1	1	True	True
8143	takayahilton	2019-06-09 18:34:16	takayahilton	2019-06-06 16:02:37	11	7	4	True	True
8141	dwijnand	2019-06-09 17:31:16	dwijnand	2019-05-13 01:10:56	3	1	2	True	True
8139	dwijnand	2019-06-09 09:44:59	dwijnand	2019-06-09 09:39:07	134	71	63	True	True
8138	ashawley	2019-06-09 04:52:10	ashawley	2019-06-09 05:33:45	177	177	0	False	True
8137	ashawley	2019-06-09 04:16:23	ashawley	2019-06-09 17:38:45	20	19	1	False	True
8134	joshlemer	2019-06-08 19:04:32	joshlemer	2019-06-08 19:02:10	110	108	2	True	True
8133	hrhino	2019-06-07 16:18:05	hrhino	2019-06-07 16:11:28	42	41	1	True	True
8133	hrhino	2019-06-07 16:18:05	retronym	2019-11-25 02:18:21	12	6	6	False	True
8132	lrytz	2019-06-07 16:10:06	lrytz	2019-06-07 15:51:12	21	5	16	True	True
8129	adriaanm	2019-06-07 12:19:45	adriaanm	2019-06-05 14:02:31	40	19	21	True	True
8129	adriaanm	2019-06-07 12:19:45	adriaanm	2019-06-14 10:09:54	39	22	17	False	True
8128	hrhino	2019-06-06 16:56:06	hrhino	2019-06-06 16:54:20	142	78	64	True	True
8127	hrhino	2019-06-06 16:26:33	hrhino	2019-06-06 16:22:05	91	65	26	True	True
8125	asakaev	2019-06-06 01:27:55	asakaev	2019-06-06 01:27:05	287	143	144	True	True
8124	dwijnand	2019-06-05 21:31:54	dwijnand	2019-06-05 14:46:11	8	8	0	True	True
8123	dwijnand	2019-06-05 21:07:49	dwijnand	2019-06-05 17:26:28	88	44	44	True	True
8122	hrhino	2019-06-05 11:04:32	hrhino	2019-06-04 21:16:13	16	15	1	True	True
8118	magnolia-k	2019-06-02 11:28:03	magnolia-k	2019-06-02 11:12:58	2	1	1	True	True
8117	xuwei-k	2019-06-02 01:02:41	xuwei-k	2019-06-02 00:58:38	14	13	1	True	True
