pr_number	author_user_login	pr_created_at	comment_user_login	comment_created_at	is_review_issue_comment
800	retronym	2012-06-30 22:38:15	scala-jenkins	2012-06-30 23:13:15	True
800	retronym	2012-06-30 22:38:15	scala-jenkins	2012-07-01 00:36:57	True
797	clhodapp	2012-06-30 03:21:19	scala-jenkins	2012-06-30 04:00:16	True
797	clhodapp	2012-06-30 03:21:19	scala-jenkins	2012-06-30 03:58:16	True
797	clhodapp	2012-06-30 03:21:19	paulp	2012-07-02 02:43:26	True
796	axel22	2012-06-28 17:49:12	scala-jenkins	2012-06-28 18:03:05	True
796	axel22	2012-06-28 17:49:12	scala-jenkins	2012-06-28 19:23:16	True
792	jsuereth	2012-06-27 18:46:47	scala-jenkins	2012-06-27 20:34:12	True
792	jsuereth	2012-06-27 18:46:47	axel22	2012-06-29 22:13:05	True
792	jsuereth	2012-06-27 18:46:47	scala-jenkins	2012-06-27 19:08:03	True
785	axel22	2012-06-27 13:52:38	jsuereth	2012-06-27 14:44:40	True
785	axel22	2012-06-27 13:52:38	scala-jenkins	2012-06-27 16:01:58	True
785	axel22	2012-06-27 13:52:38	scala-jenkins	2012-06-27 18:08:10	True
772	magarciaEPFL	2012-06-25 22:10:45	scala-jenkins	2012-07-01 16:40:51	True
772	magarciaEPFL	2012-06-25 22:10:45	gkossakowski	2012-07-04 07:14:29	True
772	magarciaEPFL	2012-06-25 22:10:45	scala-jenkins	2012-07-01 18:26:07	True
772	magarciaEPFL	2012-06-25 22:10:45	scala-jenkins	2012-06-25 23:53:08	True
772	magarciaEPFL	2012-06-25 22:10:45	scala-jenkins	2012-06-25 22:12:58	True
771	retronym	2012-06-25 21:51:26	scala-jenkins	2012-06-29 06:53:09	True
771	retronym	2012-06-25 21:51:26	scala-jenkins	2012-06-30 10:01:25	True
771	retronym	2012-06-25 21:51:26	scala-jenkins	2012-06-25 23:52:09	True
771	retronym	2012-06-25 21:51:26	adriaanm	2012-06-29 09:11:11	True
771	retronym	2012-06-25 21:51:26	scala-jenkins	2012-06-29 06:58:10	True
771	retronym	2012-06-25 21:51:26	adriaanm	2012-07-02 09:26:23	True
771	retronym	2012-06-25 21:51:26	scala-jenkins	2012-06-25 22:12:58	True
771	retronym	2012-06-25 21:51:26	scala-jenkins	2012-06-30 08:33:16	True
768	magarciaEPFL	2012-06-24 16:41:38	scala-jenkins	2012-06-24 16:52:55	True
768	magarciaEPFL	2012-06-24 16:41:38	scala-jenkins	2012-06-24 18:11:04	True
768	magarciaEPFL	2012-06-24 16:41:38	VladUreche	2012-06-24 19:46:04	True
768	magarciaEPFL	2012-06-24 16:41:38	VladUreche	2012-06-24 21:01:11	True
768	magarciaEPFL	2012-06-24 16:41:38	dragos	2012-06-26 12:36:06	True
768	magarciaEPFL	2012-06-24 16:41:38	VladUreche	2012-06-24 16:46:52	True
759	dragos	2012-06-22 14:02:37	xeno-by	2012-06-22 14:40:33	True
759	dragos	2012-06-22 14:02:37	scala-jenkins	2012-06-22 16:00:06	True
759	dragos	2012-06-22 14:02:37	xeno-by	2012-06-26 15:25:42	True
759	dragos	2012-06-22 14:02:37	xeno-by	2012-06-22 14:26:25	True
759	dragos	2012-06-22 14:02:37	adriaanm	2012-06-26 15:34:59	True
759	dragos	2012-06-22 14:02:37	scala-jenkins	2012-06-22 14:27:50	True
742	axel22	2012-06-18 16:38:55	jsuereth	2012-06-18 16:47:26	True
742	axel22	2012-06-18 16:38:55	scala-jenkins	2012-06-18 17:14:42	True
742	axel22	2012-06-18 16:38:55	scala-jenkins	2012-06-18 19:28:15	True
739	jsuereth	2012-06-18 15:47:01	axel22	2012-06-18 16:01:10	True
739	jsuereth	2012-06-18 15:47:01	axel22	2012-06-18 16:34:35	True
739	jsuereth	2012-06-18 15:47:01	scala-jenkins	2012-06-18 16:19:40	True
739	jsuereth	2012-06-18 15:47:01	scala-jenkins	2012-06-18 17:14:42	True
739	jsuereth	2012-06-18 15:47:01	Blaisorblade	2012-06-18 17:20:58	True
739	jsuereth	2012-06-18 15:47:01	odersky	2012-06-18 17:32:24	True
739	jsuereth	2012-06-18 15:47:01	scala-jenkins	2012-06-18 18:33:25	True
739	jsuereth	2012-06-18 15:47:01	axel22	2012-06-18 18:15:12	True
739	jsuereth	2012-06-18 15:47:01	scala-jenkins	2012-06-18 18:51:11	True
739	jsuereth	2012-06-18 15:47:01	scala-jenkins	2012-06-18 19:59:31	True
739	jsuereth	2012-06-18 15:47:01	scala-jenkins	2012-06-18 21:29:41	True
735	retronym	2012-06-17 21:52:38	scala-jenkins	2012-06-17 23:15:30	True
735	retronym	2012-06-17 21:52:38	hubertp	2012-06-19 16:54:55	True
735	retronym	2012-06-17 21:52:38	hubertp	2012-06-19 16:37:04	True
735	retronym	2012-06-17 21:52:38	scala-jenkins	2012-06-17 21:59:22	True
718	VladUreche	2012-06-14 12:34:49	heathermiller	2012-06-14 12:56:40	True
718	VladUreche	2012-06-14 12:34:49	scala-jenkins	2012-06-14 13:28:34	True
718	VladUreche	2012-06-14 12:34:49	scala-jenkins	2012-06-14 16:46:57	True
718	VladUreche	2012-06-14 12:34:49	jsuereth	2012-06-15 20:29:21	True
718	VladUreche	2012-06-14 12:34:49	heathermiller	2012-06-17 13:50:15	True
714	paulp	2012-06-13 23:43:41	jsuereth	2012-06-14 00:00:29	True
714	paulp	2012-06-13 23:43:41	jsuereth	2012-06-19 14:47:57	True
714	paulp	2012-06-13 23:43:41	jsuereth	2012-06-16 16:54:30	True
714	paulp	2012-06-13 23:43:41	scala-jenkins	2012-06-14 01:57:40	True
714	paulp	2012-06-13 23:43:41	jsuereth	2012-06-14 11:13:26	True
714	paulp	2012-06-13 23:43:41	scala-jenkins	2012-06-14 00:38:32	True
708	xeno-by	2012-06-13 16:09:30	scala-jenkins	2012-06-15 17:44:19	True
708	xeno-by	2012-06-13 16:09:30	jsuereth	2012-06-15 16:56:20	True
708	xeno-by	2012-06-13 16:09:30	scala-jenkins	2012-06-13 16:23:34	True
708	xeno-by	2012-06-13 16:09:30	scala-jenkins	2012-06-15 19:03:27	True
708	xeno-by	2012-06-13 16:09:30	magarciaEPFL	2012-06-13 17:07:45	True
708	xeno-by	2012-06-13 16:09:30	jsuereth	2012-06-15 14:52:16	True
708	xeno-by	2012-06-13 16:09:30	scala-jenkins	2012-06-13 18:08:45	True
708	xeno-by	2012-06-13 16:09:30	jsuereth	2012-06-15 16:56:08	True
687	retronym	2012-06-08 20:18:46	scala-jenkins	2012-06-08 22:08:26	True
687	retronym	2012-06-08 20:18:46	adriaanm	2012-06-21 07:29:31	True
687	retronym	2012-06-08 20:18:46	scala-jenkins	2012-06-08 20:53:18	True
676	axel22	2012-06-07 13:46:22	scala-jenkins	2012-06-07 14:38:20	True
676	axel22	2012-06-07 13:46:22	scala-jenkins	2012-06-07 14:39:20	True
676	axel22	2012-06-07 13:46:22	jsuereth	2012-06-07 14:31:12	True
675	axel22	2012-06-07 12:29:19	jsuereth	2012-06-07 12:56:55	True
675	axel22	2012-06-07 12:29:19	scala-jenkins	2012-06-07 13:33:32	True
675	axel22	2012-06-07 12:29:19	scala-jenkins	2012-06-07 12:48:15	True
671	axel22	2012-06-06 17:05:57	scala-jenkins	2012-06-06 17:33:10	True
671	axel22	2012-06-06 17:05:57	jsuereth	2012-06-06 18:40:02	True
671	axel22	2012-06-06 17:05:57	scala-jenkins	2012-06-06 19:40:23	True
667	phaller	2012-06-05 10:11:36	axel22	2012-06-05 10:43:58	True
667	phaller	2012-06-05 10:11:36	scala-jenkins	2012-06-05 10:23:07	True
667	phaller	2012-06-05 10:11:36	heathermiller	2012-06-06 15:19:24	True
667	phaller	2012-06-05 10:11:36	scala-jenkins	2012-06-05 12:08:18	True
665	retronym	2012-06-03 21:26:25	adriaanm	2012-06-04 09:52:14	True
665	retronym	2012-06-03 21:26:25	scala-jenkins	2012-06-03 21:43:03	True
665	retronym	2012-06-03 21:26:25	scala-jenkins	2012-06-03 22:58:11	True
655	axel22	2012-06-01 22:28:55	scala-jenkins	2012-06-02 00:05:04	True
655	axel22	2012-06-01 22:28:55	scala-jenkins	2012-06-01 22:57:56	True
655	axel22	2012-06-01 22:28:55	jsuereth	2012-06-01 22:50:30	True
652	axel22	2012-06-01 15:47:00	jsuereth	2012-06-01 19:41:03	True
652	axel22	2012-06-01 15:47:00	scala-jenkins	2012-06-01 17:42:03	True
652	axel22	2012-06-01 15:47:00	scala-jenkins	2012-06-01 16:32:55	True
