pr_number	author_user_login	pr_created_at	commit_user_login	commit_created_at	commit_status_total	commit_status_additions	commit_status_deletions	create_before_pr	is_review_commit
9954	som-snytt	2022-02-28 09:42:52	som-snytt	2022-02-28 09:34:47	41	32	9	True	True
9954	som-snytt	2022-02-28 09:42:52	som-snytt	2022-02-28 10:08:37	54	27	27	False	True
9954	som-snytt	2022-02-28 09:42:52	som-snytt	2022-02-28 09:21:35	18	12	6	True	True
9950	retronym	2022-02-26 01:46:40	retronym	2022-02-26 01:24:20	8	4	4	True	True
9948	som-snytt	2022-02-25 11:26:47	som-snytt	2022-02-25 11:24:23	112	77	35	True	True
9947	som-snytt	2022-02-24 20:45:09	som-snytt	2022-02-24 20:29:53	211	141	70	True	True
9946	retronym	2022-02-21 03:03:44	retronym	2022-02-21 02:47:03	10	9	1	True	True
9945	SethTisue	2022-02-20 01:31:21	SethTisue	2022-02-20 01:30:14	2	1	1	True	True
9943	som-snytt	2022-02-19 19:30:24	som-snytt	2022-02-20 06:25:56	2	1	1	False	True
9943	som-snytt	2022-02-19 19:30:24	som-snytt	2022-02-20 07:04:45	21	17	4	False	True
9943	som-snytt	2022-02-19 19:30:24	som-snytt	2022-03-04 13:29:13	19	6	13	False	True
9942	counter2015	2022-02-16 10:49:55	counter2015	2022-02-16 10:33:15	22	14	8	True	True
9940	som-snytt	2022-02-14 12:43:58	som-snytt	2022-02-14 12:39:17	41	39	2	True	True
9939	som-snytt	2022-02-14 09:17:17	som-snytt	2022-02-14 09:15:04	26	7	19	True	True
9939	som-snytt	2022-02-14 09:17:17	som-snytt	2021-02-01 00:15:29	94	84	10	True	True
9938	som-snytt	2022-02-12 15:05:09	som-snytt	2021-08-09 20:59:06	75	60	15	True	True
9936	som-snytt	2022-02-11 19:33:27	som-snytt	2022-02-11 19:09:13	47	15	32	True	True
9934	som-snytt	2022-02-10 09:11:26	som-snytt	2022-02-10 09:05:32	38	35	3	True	True
9933	som-snytt	2022-02-10 04:13:44	som-snytt	2022-02-10 07:41:25	65	33	32	False	True
9933	som-snytt	2022-02-10 04:13:44	som-snytt	2022-02-10 05:16:58	18	11	7	False	True
9933	som-snytt	2022-02-10 04:13:44	som-snytt	2022-02-10 03:48:56	5	2	3	True	True
9931	som-snytt	2022-02-09 22:05:07	som-snytt	2022-02-09 22:03:37	14	12	2	True	True
9930	retronym	2022-02-09 06:51:34	retronym	2022-02-09 06:36:57	17	12	5	True	True
9930	retronym	2022-02-09 06:51:34	retronym	2022-02-09 22:50:47	13	1	12	False	True
9924	som-snytt	2022-02-06 21:20:44	som-snytt	2022-02-06 21:17:48	42	39	3	True	True
9923	som-snytt	2022-02-06 20:36:12	som-snytt	2022-02-06 20:21:04	42	40	2	True	True
9922	vadzim-marchanka	2022-02-04 23:30:00	vadzim-marchanka	2022-02-04 23:25:47	44	41	3	True	True
9921	som-snytt	2022-02-03 19:29:52	som-snytt	2022-02-03 19:20:53	858	571	287	True	True
9916	stefan-jurco	2022-02-01 14:28:33	sjurco	2022-02-01 12:49:38	163	149	14	True	True
