pr_number	author_user_login	pr_created_at	review_user_login	review_created_at	filename	create_before_pr	has_issue_comment	has_review_comment	has_commit
9417	joroKr21	2020-12-29 13:14:49	dwijnand	2021-01-06 09:10:36	src/compiler/scala/tools/nsc/typechecker/PatternTypers.scala	True	True	False	True
9417	joroKr21	2020-12-29 13:14:49	diesalbla	2021-01-06 13:16:27	src/compiler/scala/tools/nsc/typechecker/PatternTypers.scala	True	True	False	True
9417	joroKr21	2020-12-29 13:14:49	diesalbla	2021-01-06 13:16:27	src/reflect/scala/reflect/internal/tpe/TypeMaps.scala	True	True	False	True
9417	joroKr21	2020-12-29 13:14:49	diesalbla	2021-01-06 13:16:27	test/files/neg/hk-existential-lb.check	True	True	False	True
9417	joroKr21	2020-12-29 13:14:49	diesalbla	2021-01-06 13:16:27	test/files/pos/t12295.scala	True	True	False	True
9417	joroKr21	2020-12-29 13:14:49	diesalbla	2021-01-06 13:16:27	src/reflect/scala/reflect/internal/Types.scala	False	True	False	True
9417	joroKr21	2020-12-29 13:14:49	diesalbla	2021-01-06 13:16:27	src/reflect/scala/reflect/internal/tpe/TypeMaps.scala	False	True	False	True
9417	joroKr21	2020-12-29 13:14:49	diesalbla	2021-01-06 13:16:27	test/files/run/repl-kind.check	False	True	False	True
9417	joroKr21	2020-12-29 13:14:49	dwijnand	2021-01-06 09:10:36	src/reflect/scala/reflect/internal/tpe/TypeMaps.scala	True	True	False	True
9417	joroKr21	2020-12-29 13:14:49	dwijnand	2021-01-06 09:10:36	test/files/neg/hk-existential-lb.check	True	True	False	True
9417	joroKr21	2020-12-29 13:14:49	dwijnand	2021-01-06 09:10:36	test/files/pos/t12295.scala	True	True	False	True
9417	joroKr21	2020-12-29 13:14:49	dwijnand	2021-01-06 09:10:36	src/reflect/scala/reflect/internal/Types.scala	False	True	False	True
9417	joroKr21	2020-12-29 13:14:49	dwijnand	2021-01-06 09:10:36	src/reflect/scala/reflect/internal/tpe/TypeMaps.scala	False	True	False	True
9417	joroKr21	2020-12-29 13:14:49	dwijnand	2021-01-06 09:10:36	test/files/run/repl-kind.check	False	True	False	True
9416	martijnhoekstra	2020-12-25 14:50:40	lrytz	2021-01-05 13:02:15	test/files/neg/t3220-2.check	True	False	False	True
9416	martijnhoekstra	2020-12-25 14:50:40	lrytz	2021-01-05 13:02:15	test/files/neg/t12294.scala	True	False	False	True
9416	martijnhoekstra	2020-12-25 14:50:40	lrytz	2021-01-05 13:02:15	test/files/neg/t12294.check	True	False	False	True
9416	martijnhoekstra	2020-12-25 14:50:40	lrytz	2021-01-05 13:02:15	src/library/scala/StringContext.scala	True	False	False	True
9415	SethTisue	2020-12-24 16:46:06	dwijnand	2021-01-05 17:20:41	scripts/common	True	False	False	True
9415	SethTisue	2020-12-24 16:46:06	dwijnand	2021-01-05 17:20:41	project/build.properties	True	False	False	True
9415	SethTisue	2020-12-24 16:46:06	dwijnand	2021-01-05 17:20:41	src/intellij/scala.ipr.SAMPLE	True	False	False	True
9415	SethTisue	2020-12-24 16:46:06	dwijnand	2021-01-05 17:20:41	test/benchmarks/project/build.properties	True	False	False	True
9415	SethTisue	2020-12-24 16:46:06	dwijnand	2021-01-05 17:20:41	test/jcstress/project/build.properties	True	False	False	True
9414	joroKr21	2020-12-24 11:45:20	SethTisue	2021-01-06 18:11:56	test/files/neg/subkinding.scala	True	True	True	True
9414	joroKr21	2020-12-24 11:45:20	SethTisue	2021-01-06 18:11:56	test/files/neg/subkinding.check	True	True	True	True
9414	joroKr21	2020-12-24 11:45:20	SethTisue	2021-01-06 18:11:56	src/reflect/scala/reflect/internal/Kinds.scala	True	True	True	True
9414	joroKr21	2020-12-24 11:45:20	lrytz	2021-01-07 08:43:27	test/files/neg/subkinding.scala	True	True	True	True
9414	joroKr21	2020-12-24 11:45:20	lrytz	2021-01-07 08:43:27	test/files/neg/subkinding.check	True	True	True	True
9414	joroKr21	2020-12-24 11:45:20	lrytz	2021-01-07 08:43:27	src/reflect/scala/reflect/internal/Kinds.scala	True	True	True	True
9410	NthPortal	2020-12-22 16:16:15	som-snytt	2020-12-22 17:24:05	CONTRIBUTING.md	True	True	False	True
9410	NthPortal	2020-12-22 16:16:15	SethTisue	2020-12-22 17:26:05	CONTRIBUTING.md	True	True	False	True
9409	NthPortal	2020-12-22 10:32:56	som-snytt	2020-12-22 15:41:21	CONTRIBUTING.md	True	False	True	True
9409	NthPortal	2020-12-22 10:32:56	SethTisue	2020-12-22 15:34:11	CONTRIBUTING.md	True	False	True	True
9409	NthPortal	2020-12-22 10:32:56	som-snytt	2020-12-22 13:44:01	CONTRIBUTING.md	True	False	True	True
9407	dwijnand	2020-12-21 18:06:02	SethTisue	2020-12-21 18:55:22	src/repl-frontend/scala/tools/nsc/interpreter/jline/Reader.scala	True	True	False	True
9406	joroKr21	2020-12-21 16:29:33	SethTisue	2020-12-22 20:56:15	test/files/pos/t12041.scala	True	True	False	True
9406	joroKr21	2020-12-21 16:29:33	SethTisue	2020-12-22 20:56:15	src/reflect/scala/reflect/internal/Types.scala	True	True	False	True
9405	joroKr21	2020-12-21 15:05:18	lrytz	2020-12-23 13:39:53	test/files/pos/t12212.scala	True	True	False	True
9405	joroKr21	2020-12-21 15:05:18	lrytz	2020-12-23 13:39:53	src/compiler/scala/tools/nsc/typechecker/Infer.scala	True	True	False	True
9404	joroKr21	2020-12-21 12:22:33	dwijnand	2020-12-22 17:07:14	test/files/pos/t9337.scala	True	True	False	True
9404	joroKr21	2020-12-21 12:22:33	dwijnand	2020-12-22 17:07:14	test/files/pos/hk-paths.scala	True	True	False	True
9404	joroKr21	2020-12-21 12:22:33	dwijnand	2020-12-22 17:07:14	src/reflect/scala/reflect/internal/Types.scala	True	True	False	True
9404	joroKr21	2020-12-21 12:22:33	dwijnand	2020-12-22 17:07:14	src/reflect/scala/reflect/internal/Kinds.scala	True	True	False	True
9403	lrytz	2020-12-21 09:39:24	dwijnand	2020-12-21 11:49:37	src/compiler/scala/tools/nsc/backend/jvm/opt/BoxUnbox.scala	True	False	False	True
9403	lrytz	2020-12-21 09:39:24	dwijnand	2020-12-21 11:49:37	test/junit/scala/tools/nsc/backend/jvm/opt/BoxUnboxTest.scala	True	False	False	True
9402	joroKr21	2020-12-21 08:45:48	dwijnand	2020-12-22 16:50:07	test/files/pos/t10272.scala	True	True	False	True
9400	joroKr21	2020-12-20 19:36:23	dwijnand	2020-12-21 15:03:51	test/files/pos/t12187.scala	True	False	False	True
9400	joroKr21	2020-12-20 19:36:23	dwijnand	2020-12-21 15:03:51	src/compiler/scala/tools/nsc/typechecker/Typers.scala	True	False	False	True
9399	som-snytt	2020-12-19 18:26:45	lrytz	2020-12-21 09:32:52	src/compiler/scala/tools/nsc/transform/TailCalls.scala	True	False	False	True
9397	bishabosha	2020-12-18 15:46:03	lrytz	2020-12-21 10:06:32	test/tasty/pos/src-3/fplib/Show.scala	True	True	False	True
9397	bishabosha	2020-12-18 15:46:03	lrytz	2020-12-21 10:06:32	test/tasty/pos/src-2/tastytest/TestShow.scala	True	True	False	True
9397	bishabosha	2020-12-18 15:46:03	lrytz	2020-12-21 10:06:32	src/compiler/scala/tools/nsc/tasty/bridge/SymbolOps.scala	True	True	False	True
9396	som-snytt	2020-12-18 03:46:43	lrytz	2020-12-18 08:00:25	test/files/pos/t10052.scala	True	False	False	True
9395	anatoliykmetyuk	2020-12-17 14:33:52	SethTisue	2020-12-18 15:05:41	project/plugins.sbt	True	True	False	True
9395	anatoliykmetyuk	2020-12-17 14:33:52	SethTisue	2020-12-18 15:05:41	project/DottySupport.scala	True	True	False	True
9394	bishabosha	2020-12-16 16:26:15	nicolasstucki	2020-12-17 12:35:55	test/tasty/run/src-2/tastytest/TestMatchables.scala	True	True	True	True
9394	bishabosha	2020-12-16 16:26:15	SethTisue	2020-12-16 17:10:07	src/compiler/scala/tools/nsc/tasty/TreeUnpickler.scala	True	True	True	True
9394	bishabosha	2020-12-16 16:26:15	SethTisue	2020-12-16 17:10:07	src/compiler/scala/tools/tasty/TastyFormat.scala	True	True	True	True
9394	bishabosha	2020-12-16 16:26:15	SethTisue	2020-12-16 17:10:07	src/compiler/scala/tools/nsc/tasty/bridge/TypeOps.scala	True	True	True	True
9394	bishabosha	2020-12-16 16:26:15	SethTisue	2020-12-16 17:10:07	src/compiler/scala/tools/nsc/tasty/bridge/NameOps.scala	True	True	True	True
9394	bishabosha	2020-12-16 16:26:15	dwijnand	2020-12-17 12:58:29	test/tasty/run/src-3/tastytest/TraitInitsBase.scala	True	True	True	True
9394	bishabosha	2020-12-16 16:26:15	SethTisue	2020-12-16 17:10:07	project/DottySupport.scala	True	True	True	True
9394	bishabosha	2020-12-16 16:26:15	dwijnand	2020-12-17 12:58:29	test/tasty/run/src-3/tastytest/ValueOfErasure.scala	True	True	True	True
9394	bishabosha	2020-12-16 16:26:15	SethTisue	2020-12-16 17:10:07	test/tasty/run/src-2/tastytest/TestMatchables.scala	True	True	True	True
9394	bishabosha	2020-12-16 16:26:15	SethTisue	2020-12-16 17:10:07	test/tasty/run/src-2/tastytest/TestIOApp.scala	True	True	True	True
9394	bishabosha	2020-12-16 16:26:15	SethTisue	2020-12-16 17:10:07	test/tasty/run/src-3/tastytest/Matchables.scala	True	True	True	True
9394	bishabosha	2020-12-16 16:26:15	SethTisue	2020-12-16 17:10:07	test/tasty/run/src-2/tastytest/TestTraitInitsBase.scala	True	True	True	True
9394	bishabosha	2020-12-16 16:26:15	SethTisue	2020-12-16 17:10:07	test/tasty/run/src-2/tastytest/TestValueOfErasure.scala	True	True	True	True
9394	bishabosha	2020-12-16 16:26:15	SethTisue	2020-12-16 17:10:07	test/tasty/run/src-3/tastytest/IOApp.scala	True	True	True	True
9394	bishabosha	2020-12-16 16:26:15	dwijnand	2020-12-17 12:58:29	test/tasty/run/src-3/tastytest/IOApp.scala	True	True	True	True
9394	bishabosha	2020-12-16 16:26:15	SethTisue	2020-12-16 17:10:07	test/tasty/run/src-3/tastytest/TraitInitsBase.scala	True	True	True	True
9394	bishabosha	2020-12-16 16:26:15	SethTisue	2020-12-16 17:10:07	test/tasty/run/src-3/tastytest/ValueOfErasure.scala	True	True	True	True
9394	bishabosha	2020-12-16 16:26:15	nicolasstucki	2020-12-17 12:35:55	project/DottySupport.scala	True	True	True	True
9394	bishabosha	2020-12-16 16:26:15	nicolasstucki	2020-12-17 12:35:55	src/compiler/scala/tools/nsc/tasty/TreeUnpickler.scala	True	True	True	True
9394	bishabosha	2020-12-16 16:26:15	nicolasstucki	2020-12-17 12:35:55	src/compiler/scala/tools/nsc/tasty/bridge/NameOps.scala	True	True	True	True
9394	bishabosha	2020-12-16 16:26:15	nicolasstucki	2020-12-17 12:35:55	src/compiler/scala/tools/tasty/TastyFormat.scala	True	True	True	True
9394	bishabosha	2020-12-16 16:26:15	dwijnand	2020-12-17 12:58:29	test/tasty/run/src-3/tastytest/Matchables.scala	True	True	True	True
9394	bishabosha	2020-12-16 16:26:15	dwijnand	2020-12-17 12:58:29	test/tasty/run/src-2/tastytest/TestIOApp.scala	True	True	True	True
9394	bishabosha	2020-12-16 16:26:15	dwijnand	2020-12-17 12:58:29	test/tasty/run/src-2/tastytest/TestValueOfErasure.scala	True	True	True	True
9394	bishabosha	2020-12-16 16:26:15	dwijnand	2020-12-17 12:58:29	test/tasty/run/src-2/tastytest/TestTraitInitsBase.scala	True	True	True	True
9394	bishabosha	2020-12-16 16:26:15	dwijnand	2020-12-17 13:09:13	project/DottySupport.scala	True	True	True	True
9394	bishabosha	2020-12-16 16:26:15	dwijnand	2020-12-17 13:09:13	src/compiler/scala/tools/nsc/tasty/TreeUnpickler.scala	True	True	True	True
9394	bishabosha	2020-12-16 16:26:15	dwijnand	2020-12-17 13:09:13	src/compiler/scala/tools/nsc/tasty/bridge/NameOps.scala	True	True	True	True
9394	bishabosha	2020-12-16 16:26:15	dwijnand	2020-12-17 13:09:13	src/compiler/scala/tools/nsc/tasty/bridge/TypeOps.scala	True	True	True	True
9394	bishabosha	2020-12-16 16:26:15	dwijnand	2020-12-17 13:09:13	src/compiler/scala/tools/tasty/TastyFormat.scala	True	True	True	True
9394	bishabosha	2020-12-16 16:26:15	dwijnand	2020-12-17 13:09:13	test/tasty/run/src-2/tastytest/TestIOApp.scala	True	True	True	True
9394	bishabosha	2020-12-16 16:26:15	dwijnand	2020-12-17 13:09:13	test/tasty/run/src-2/tastytest/TestMatchables.scala	True	True	True	True
9394	bishabosha	2020-12-16 16:26:15	dwijnand	2020-12-17 13:09:13	test/tasty/run/src-2/tastytest/TestTraitInitsBase.scala	True	True	True	True
9394	bishabosha	2020-12-16 16:26:15	dwijnand	2020-12-17 13:09:13	test/tasty/run/src-2/tastytest/TestValueOfErasure.scala	True	True	True	True
9394	bishabosha	2020-12-16 16:26:15	dwijnand	2020-12-17 13:09:13	test/tasty/run/src-3/tastytest/IOApp.scala	True	True	True	True
9394	bishabosha	2020-12-16 16:26:15	dwijnand	2020-12-17 13:09:13	test/tasty/run/src-3/tastytest/Matchables.scala	True	True	True	True
9394	bishabosha	2020-12-16 16:26:15	dwijnand	2020-12-17 13:09:13	test/tasty/run/src-3/tastytest/TraitInitsBase.scala	True	True	True	True
9394	bishabosha	2020-12-16 16:26:15	dwijnand	2020-12-17 13:09:13	test/tasty/run/src-3/tastytest/ValueOfErasure.scala	True	True	True	True
9394	bishabosha	2020-12-16 16:26:15	dwijnand	2020-12-17 12:58:29	project/DottySupport.scala	True	True	True	True
9394	bishabosha	2020-12-16 16:26:15	dwijnand	2020-12-17 12:58:29	src/compiler/scala/tools/nsc/tasty/TreeUnpickler.scala	True	True	True	True
9394	bishabosha	2020-12-16 16:26:15	dwijnand	2020-12-17 12:58:29	src/compiler/scala/tools/nsc/tasty/bridge/NameOps.scala	True	True	True	True
9394	bishabosha	2020-12-16 16:26:15	dwijnand	2020-12-17 12:58:29	src/compiler/scala/tools/nsc/tasty/bridge/TypeOps.scala	True	True	True	True
9394	bishabosha	2020-12-16 16:26:15	dwijnand	2020-12-17 12:58:29	src/compiler/scala/tools/tasty/TastyFormat.scala	True	True	True	True
9394	bishabosha	2020-12-16 16:26:15	dwijnand	2020-12-17 12:58:29	test/tasty/run/src-2/tastytest/TestMatchables.scala	True	True	True	True
9394	bishabosha	2020-12-16 16:26:15	nicolasstucki	2020-12-17 12:35:55	test/tasty/run/src-2/tastytest/TestIOApp.scala	True	True	True	True
9394	bishabosha	2020-12-16 16:26:15	nicolasstucki	2020-12-17 12:35:55	src/compiler/scala/tools/nsc/tasty/bridge/TypeOps.scala	True	True	True	True
9394	bishabosha	2020-12-16 16:26:15	nicolasstucki	2020-12-17 12:35:55	test/tasty/run/src-2/tastytest/TestTraitInitsBase.scala	True	True	True	True
9394	bishabosha	2020-12-16 16:26:15	dwijnand	2020-12-17 08:12:52	src/compiler/scala/tools/nsc/tasty/bridge/TypeOps.scala	True	True	True	True
9394	bishabosha	2020-12-16 16:26:15	nicolasstucki	2020-12-17 12:52:54	test/tasty/run/src-2/tastytest/TestTraitInitsBase.scala	True	True	True	True
9394	bishabosha	2020-12-16 16:26:15	nicolasstucki	2020-12-17 12:52:54	test/tasty/run/src-2/tastytest/TestValueOfErasure.scala	True	True	True	True
9394	bishabosha	2020-12-16 16:26:15	nicolasstucki	2020-12-17 12:52:54	test/tasty/run/src-3/tastytest/IOApp.scala	True	True	True	True
9394	bishabosha	2020-12-16 16:26:15	nicolasstucki	2020-12-17 12:52:54	test/tasty/run/src-3/tastytest/Matchables.scala	True	True	True	True
9394	bishabosha	2020-12-16 16:26:15	nicolasstucki	2020-12-17 12:52:54	test/tasty/run/src-3/tastytest/TraitInitsBase.scala	True	True	True	True
9394	bishabosha	2020-12-16 16:26:15	nicolasstucki	2020-12-17 12:52:54	test/tasty/run/src-3/tastytest/ValueOfErasure.scala	True	True	True	True
9394	bishabosha	2020-12-16 16:26:15	dwijnand	2020-12-17 08:12:52	project/DottySupport.scala	True	True	True	True
9394	bishabosha	2020-12-16 16:26:15	dwijnand	2020-12-17 08:12:52	src/compiler/scala/tools/nsc/tasty/TreeUnpickler.scala	True	True	True	True
9394	bishabosha	2020-12-16 16:26:15	dwijnand	2020-12-17 08:12:52	src/compiler/scala/tools/nsc/tasty/bridge/NameOps.scala	True	True	True	True
9394	bishabosha	2020-12-16 16:26:15	dwijnand	2020-12-17 08:12:52	src/compiler/scala/tools/tasty/TastyFormat.scala	True	True	True	True
9394	bishabosha	2020-12-16 16:26:15	nicolasstucki	2020-12-17 12:52:54	src/compiler/scala/tools/tasty/TastyFormat.scala	True	True	True	True
9394	bishabosha	2020-12-16 16:26:15	dwijnand	2020-12-17 08:12:52	test/tasty/run/src-2/tastytest/TestIOApp.scala	True	True	True	True
9394	bishabosha	2020-12-16 16:26:15	dwijnand	2020-12-17 08:12:52	test/tasty/run/src-2/tastytest/TestMatchables.scala	True	True	True	True
9394	bishabosha	2020-12-16 16:26:15	dwijnand	2020-12-17 08:12:52	test/tasty/run/src-2/tastytest/TestTraitInitsBase.scala	True	True	True	True
9394	bishabosha	2020-12-16 16:26:15	dwijnand	2020-12-17 08:12:52	test/tasty/run/src-2/tastytest/TestValueOfErasure.scala	True	True	True	True
9394	bishabosha	2020-12-16 16:26:15	dwijnand	2020-12-17 08:12:52	test/tasty/run/src-3/tastytest/IOApp.scala	True	True	True	True
9394	bishabosha	2020-12-16 16:26:15	dwijnand	2020-12-17 08:12:52	test/tasty/run/src-3/tastytest/Matchables.scala	True	True	True	True
9394	bishabosha	2020-12-16 16:26:15	dwijnand	2020-12-17 08:12:52	test/tasty/run/src-3/tastytest/TraitInitsBase.scala	True	True	True	True
9394	bishabosha	2020-12-16 16:26:15	dwijnand	2020-12-17 08:12:52	test/tasty/run/src-3/tastytest/ValueOfErasure.scala	True	True	True	True
9394	bishabosha	2020-12-16 16:26:15	nicolasstucki	2020-12-17 12:35:55	test/tasty/run/src-2/tastytest/TestValueOfErasure.scala	True	True	True	True
9394	bishabosha	2020-12-16 16:26:15	nicolasstucki	2020-12-17 12:52:54	test/tasty/run/src-2/tastytest/TestMatchables.scala	True	True	True	True
9394	bishabosha	2020-12-16 16:26:15	nicolasstucki	2020-12-17 12:52:54	test/tasty/run/src-2/tastytest/TestIOApp.scala	True	True	True	True
9394	bishabosha	2020-12-16 16:26:15	nicolasstucki	2020-12-17 12:52:54	src/compiler/scala/tools/nsc/tasty/bridge/TypeOps.scala	True	True	True	True
9394	bishabosha	2020-12-16 16:26:15	sjrd	2020-12-16 16:48:39	test/tasty/run/src-2/tastytest/TestMatchables.scala	True	True	True	True
9394	bishabosha	2020-12-16 16:26:15	nicolasstucki	2020-12-17 12:35:55	test/tasty/run/src-3/tastytest/IOApp.scala	True	True	True	True
9394	bishabosha	2020-12-16 16:26:15	nicolasstucki	2020-12-17 12:35:55	test/tasty/run/src-3/tastytest/Matchables.scala	True	True	True	True
9394	bishabosha	2020-12-16 16:26:15	nicolasstucki	2020-12-17 12:35:55	test/tasty/run/src-3/tastytest/TraitInitsBase.scala	True	True	True	True
9394	bishabosha	2020-12-16 16:26:15	nicolasstucki	2020-12-17 12:35:55	test/tasty/run/src-3/tastytest/ValueOfErasure.scala	True	True	True	True
9394	bishabosha	2020-12-16 16:26:15	sjrd	2020-12-16 16:48:39	project/DottySupport.scala	True	True	True	True
9394	bishabosha	2020-12-16 16:26:15	sjrd	2020-12-16 16:48:39	src/compiler/scala/tools/nsc/tasty/TreeUnpickler.scala	True	True	True	True
9394	bishabosha	2020-12-16 16:26:15	sjrd	2020-12-16 16:48:39	src/compiler/scala/tools/nsc/tasty/bridge/NameOps.scala	True	True	True	True
9394	bishabosha	2020-12-16 16:26:15	sjrd	2020-12-16 16:48:39	src/compiler/scala/tools/nsc/tasty/bridge/TypeOps.scala	True	True	True	True
9394	bishabosha	2020-12-16 16:26:15	sjrd	2020-12-16 16:48:39	test/tasty/run/src-2/tastytest/TestIOApp.scala	True	True	True	True
9394	bishabosha	2020-12-16 16:26:15	sjrd	2020-12-16 16:48:39	src/compiler/scala/tools/tasty/TastyFormat.scala	True	True	True	True
9394	bishabosha	2020-12-16 16:26:15	sjrd	2020-12-16 16:48:39	test/tasty/run/src-2/tastytest/TestTraitInitsBase.scala	True	True	True	True
9394	bishabosha	2020-12-16 16:26:15	sjrd	2020-12-16 16:48:39	test/tasty/run/src-2/tastytest/TestValueOfErasure.scala	True	True	True	True
9394	bishabosha	2020-12-16 16:26:15	sjrd	2020-12-16 16:48:39	test/tasty/run/src-3/tastytest/IOApp.scala	True	True	True	True
9394	bishabosha	2020-12-16 16:26:15	sjrd	2020-12-16 16:48:39	test/tasty/run/src-3/tastytest/Matchables.scala	True	True	True	True
9394	bishabosha	2020-12-16 16:26:15	sjrd	2020-12-16 16:48:39	test/tasty/run/src-3/tastytest/TraitInitsBase.scala	True	True	True	True
9394	bishabosha	2020-12-16 16:26:15	sjrd	2020-12-16 16:48:39	test/tasty/run/src-3/tastytest/ValueOfErasure.scala	True	True	True	True
9394	bishabosha	2020-12-16 16:26:15	nicolasstucki	2020-12-17 12:52:54	project/DottySupport.scala	True	True	True	True
9394	bishabosha	2020-12-16 16:26:15	nicolasstucki	2020-12-17 12:52:54	src/compiler/scala/tools/nsc/tasty/TreeUnpickler.scala	True	True	True	True
9394	bishabosha	2020-12-16 16:26:15	nicolasstucki	2020-12-17 12:52:54	src/compiler/scala/tools/nsc/tasty/bridge/NameOps.scala	True	True	True	True
9393	lrytz	2020-12-16 15:24:55	dwijnand	2020-12-17 16:38:28	test/files/neg/t6083.check	True	True	False	True
9393	lrytz	2020-12-16 15:24:55	dwijnand	2020-12-17 16:38:28	src/compiler/scala/tools/nsc/typechecker/Typers.scala	True	True	False	True
9393	lrytz	2020-12-16 15:24:55	dwijnand	2020-12-17 16:38:28	test/files/neg/annot-nonconst.check	True	True	False	True
9393	lrytz	2020-12-16 15:24:55	dwijnand	2020-12-17 16:38:28	test/files/neg/nested-annotation.check	True	True	False	True
9393	lrytz	2020-12-16 15:24:55	dwijnand	2020-12-17 16:38:28	test/files/neg/t6082.check	True	True	False	True
9393	lrytz	2020-12-16 15:24:55	dwijnand	2020-12-17 16:38:28	src/library/scala/annotation/nowarn.scala	True	True	False	True
9393	lrytz	2020-12-16 15:24:55	dwijnand	2020-12-17 16:38:28	test/files/run/reflection-scala-annotations.check	True	True	False	True
9393	lrytz	2020-12-16 15:24:55	dwijnand	2020-12-17 16:38:28	test/files/run/reify_classfileann_a.check	True	True	False	True
9393	lrytz	2020-12-16 15:24:55	dwijnand	2020-12-17 16:38:28	test/files/run/reify_classfileann_b.check	True	True	False	True
9393	lrytz	2020-12-16 15:24:55	dwijnand	2020-12-17 16:38:28	test/files/run/t5224.check	True	True	False	True
9393	lrytz	2020-12-16 15:24:55	dwijnand	2020-12-17 16:38:28	test/files/run/reify_ann1b.check	True	True	False	True
9392	lrytz	2020-12-16 15:10:35	hrhino	2020-12-19 20:24:09	test/junit/scala/tools/nsc/backend/jvm/opt/BoxUnboxTest.scala	True	False	False	True
9392	lrytz	2020-12-16 15:10:35	hrhino	2020-12-19 20:24:09	src/compiler/scala/tools/nsc/backend/jvm/opt/BoxUnbox.scala	True	False	False	True
9390	SethTisue	2020-12-14 17:15:27	dwijnand	2020-12-17 16:46:38	src/intellij/scala.ipr.SAMPLE	True	False	False	True
9390	SethTisue	2020-12-14 17:15:27	dwijnand	2020-12-17 16:46:38	scripts/common	True	False	False	True
9390	SethTisue	2020-12-14 17:15:27	dwijnand	2020-12-17 16:46:38	project/build.properties	True	False	False	True
9390	SethTisue	2020-12-14 17:15:27	dwijnand	2020-12-17 16:46:38	test/benchmarks/project/build.properties	True	False	False	True
9390	SethTisue	2020-12-14 17:15:27	dwijnand	2020-12-17 16:46:38	test/jcstress/project/build.properties	True	False	False	True
9389	bishabosha	2020-12-14 16:01:48	dwijnand	2020-12-17 08:11:03	test/tasty/test/scala/tools/tastytest/TastyTestJUnit.scala	True	True	False	True
9389	bishabosha	2020-12-14 16:01:48	dwijnand	2020-12-17 08:11:03	src/tastytest/scala/tools/tastytest/package.scala	True	True	False	True
9389	bishabosha	2020-12-14 16:01:48	dwijnand	2020-12-17 08:11:03	src/tastytest/scala/tools/tastytest/TastyTest.scala	True	True	False	True
9389	bishabosha	2020-12-14 16:01:48	dwijnand	2020-12-17 08:11:03	src/tastytest/scala/tools/tastytest/Files.scala	True	True	False	True
9388	NthPortal	2020-12-12 22:30:06	johnynek	2021-09-15 19:01:44	test/junit/scala/collection/mutable/ArrayBufferTest.scala	False	True	True	True
9388	NthPortal	2020-12-12 22:30:06	johnynek	2021-09-15 19:01:44	test/scalacheck/scala/collection/IteratorProperties.scala	False	True	True	True
9388	NthPortal	2020-12-12 22:30:06	johnynek	2021-09-15 19:01:44	test/scalacheck/scala/collection/mutable/ArrayBufferProperties.scala	False	True	True	True
9388	NthPortal	2020-12-12 22:30:06	johnynek	2021-09-15 19:01:44	test/benchmarks/src/main/scala/scala/collection/mutable/ArrayBufferBenchmark.scala	False	True	True	True
9388	NthPortal	2020-12-12 22:30:06	johnynek	2021-09-15 19:01:44	src/library/scala/collection/View.scala	False	True	True	True
9388	NthPortal	2020-12-12 22:30:06	johnynek	2021-09-15 19:01:44	test/junit/scala/collection/ArrayOpsTest.scala	False	True	True	True
9388	NthPortal	2020-12-12 22:30:06	johnynek	2021-09-15 19:01:44	test/junit/scala/collection/ViewTest.scala	False	True	True	True
9388	NthPortal	2020-12-12 22:30:06	johnynek	2021-09-15 19:01:44	test/scalacheck/scala/collection/ViewProperties.scala	False	True	True	True
9388	NthPortal	2020-12-12 22:30:06	johnynek	2021-09-15 19:01:44	src/library/scala/collection/mutable/ArrayBuffer.scala	False	True	True	True
9388	NthPortal	2020-12-12 22:30:06	julienrf	2021-01-13 17:33:38	test/junit/scala/collection/ViewTest.scala	False	True	True	True
9388	NthPortal	2020-12-12 22:30:06	julienrf	2021-01-13 17:33:38	src/library/scala/collection/ArrayOps.scala	False	True	True	True
9388	NthPortal	2020-12-12 22:30:06	julienrf	2021-01-13 17:33:38	src/library/scala/collection/Iterator.scala	False	True	True	True
9388	NthPortal	2020-12-12 22:30:06	julienrf	2021-01-13 17:33:38	test/junit/scala/collection/ArrayOpsTest.scala	False	True	True	True
9388	NthPortal	2020-12-12 22:30:06	julienrf	2021-01-13 17:33:38	test/scalacheck/scala/collection/IteratorProperties.scala	False	True	True	True
9388	NthPortal	2020-12-12 22:30:06	julienrf	2021-01-13 17:33:38	test/scalacheck/scala/collection/mutable/ArrayBufferProperties.scala	False	True	True	True
9388	NthPortal	2020-12-12 22:30:06	julienrf	2021-01-13 17:33:38	test/benchmarks/src/main/scala/scala/collection/mutable/ArrayBufferBenchmark.scala	False	True	True	True
9388	NthPortal	2020-12-12 22:30:06	julienrf	2021-01-13 17:33:38	src/library/scala/collection/View.scala	False	True	True	True
9388	NthPortal	2020-12-12 22:30:06	johnynek	2021-09-15 19:01:44	src/library/scala/collection/ArrayOps.scala	False	True	True	True
9388	NthPortal	2020-12-12 22:30:06	julienrf	2021-01-13 17:33:38	test/scalacheck/scala/collection/ViewProperties.scala	False	True	True	True
9388	NthPortal	2020-12-12 22:30:06	julienrf	2021-01-13 17:33:38	src/library/scala/collection/mutable/ArrayBuffer.scala	False	True	True	True
9388	NthPortal	2020-12-12 22:30:06	johnynek	2021-09-15 19:01:44	src/library/scala/collection/Iterator.scala	False	True	True	True
9388	NthPortal	2020-12-12 22:30:06	SethTisue	2021-09-22 16:22:52	test/scalacheck/scala/collection/IteratorProperties.scala	False	True	True	True
9388	NthPortal	2020-12-12 22:30:06	SethTisue	2021-09-22 16:22:52	test/junit/scala/collection/mutable/ArrayBufferTest.scala	False	True	True	True
9388	NthPortal	2020-12-12 22:30:06	SethTisue	2021-09-22 16:22:52	src/library/scala/collection/mutable/ArrayBuffer.scala	False	True	True	True
9388	NthPortal	2020-12-12 22:30:06	johnynek	2021-09-15 17:56:31	src/library/scala/collection/ArrayOps.scala	False	True	True	True
9388	NthPortal	2020-12-12 22:30:06	SethTisue	2021-10-05 19:33:17	src/library/scala/collection/ArrayOps.scala	False	True	True	True
9388	NthPortal	2020-12-12 22:30:06	SethTisue	2021-10-05 19:33:17	src/library/scala/collection/Iterator.scala	False	True	True	True
9388	NthPortal	2020-12-12 22:30:06	SethTisue	2021-10-05 19:33:17	test/junit/scala/collection/ArrayOpsTest.scala	False	True	True	True
9388	NthPortal	2020-12-12 22:30:06	SethTisue	2021-10-05 19:33:17	test/scalacheck/scala/collection/IteratorProperties.scala	False	True	True	True
9388	NthPortal	2020-12-12 22:30:06	SethTisue	2021-10-05 19:33:17	test/scalacheck/scala/collection/mutable/ArrayBufferProperties.scala	False	True	True	True
9388	NthPortal	2020-12-12 22:30:06	SethTisue	2021-10-05 19:33:17	test/benchmarks/src/main/scala/scala/collection/mutable/ArrayBufferBenchmark.scala	False	True	True	True
9388	NthPortal	2020-12-12 22:30:06	SethTisue	2021-10-05 19:33:17	src/library/scala/collection/View.scala	False	True	True	True
9388	NthPortal	2020-12-12 22:30:06	SethTisue	2021-10-05 19:33:17	test/junit/scala/collection/ViewTest.scala	False	True	True	True
9388	NthPortal	2020-12-12 22:30:06	SethTisue	2021-10-05 19:33:17	test/scalacheck/scala/collection/ViewProperties.scala	False	True	True	True
9388	NthPortal	2020-12-12 22:30:06	SethTisue	2021-10-05 19:33:17	src/library/scala/collection/mutable/ArrayBuffer.scala	False	True	True	True
9388	NthPortal	2020-12-12 22:30:06	SethTisue	2021-09-22 16:22:52	src/library/scala/collection/ArrayOps.scala	False	True	True	True
9388	NthPortal	2020-12-12 22:30:06	SethTisue	2021-09-22 16:22:52	src/library/scala/collection/Iterator.scala	False	True	True	True
9388	NthPortal	2020-12-12 22:30:06	SethTisue	2021-09-22 16:22:52	test/junit/scala/collection/ArrayOpsTest.scala	False	True	True	True
9388	NthPortal	2020-12-12 22:30:06	SethTisue	2021-09-22 16:22:52	test/scalacheck/scala/collection/mutable/ArrayBufferProperties.scala	False	True	True	True
9388	NthPortal	2020-12-12 22:30:06	SethTisue	2021-09-22 16:22:52	test/benchmarks/src/main/scala/scala/collection/mutable/ArrayBufferBenchmark.scala	False	True	True	True
9388	NthPortal	2020-12-12 22:30:06	SethTisue	2021-09-22 16:22:52	src/library/scala/collection/View.scala	False	True	True	True
9388	NthPortal	2020-12-12 22:30:06	SethTisue	2021-09-22 16:22:52	test/junit/scala/collection/ViewTest.scala	False	True	True	True
9388	NthPortal	2020-12-12 22:30:06	SethTisue	2021-09-22 16:22:52	test/scalacheck/scala/collection/ViewProperties.scala	False	True	True	True
9388	NthPortal	2020-12-12 22:30:06	julienrf	2021-01-13 17:33:38	test/junit/scala/collection/mutable/ArrayBufferTest.scala	False	True	True	True
9388	NthPortal	2020-12-12 22:30:06	SethTisue	2021-10-05 19:33:17	test/junit/scala/collection/mutable/ArrayBufferTest.scala	False	True	True	True
9388	NthPortal	2020-12-12 22:30:06	johnynek	2021-09-15 17:56:31	src/library/scala/collection/Iterator.scala	False	True	True	True
9388	NthPortal	2020-12-12 22:30:06	lrytz	2021-05-11 09:58:27	src/library/scala/collection/Iterator.scala	False	True	True	True
9388	NthPortal	2020-12-12 22:30:06	lrytz	2021-05-11 09:58:27	test/scalacheck/scala/collection/IteratorProperties.scala	False	True	True	True
9388	NthPortal	2020-12-12 22:30:06	lrytz	2021-05-11 09:58:27	test/scalacheck/scala/collection/mutable/ArrayBufferProperties.scala	False	True	True	True
9388	NthPortal	2020-12-12 22:30:06	lrytz	2021-05-11 09:58:27	test/benchmarks/src/main/scala/scala/collection/mutable/ArrayBufferBenchmark.scala	False	True	True	True
9388	NthPortal	2020-12-12 22:30:06	lrytz	2021-05-11 09:58:27	src/library/scala/collection/View.scala	False	True	True	True
9388	NthPortal	2020-12-12 22:30:06	lrytz	2021-05-11 09:58:27	test/junit/scala/collection/ViewTest.scala	False	True	True	True
9388	NthPortal	2020-12-12 22:30:06	lrytz	2021-05-11 09:58:27	test/scalacheck/scala/collection/ViewProperties.scala	False	True	True	True
9388	NthPortal	2020-12-12 22:30:06	lrytz	2021-05-11 09:58:27	src/library/scala/collection/mutable/ArrayBuffer.scala	False	True	True	True
9388	NthPortal	2020-12-12 22:30:06	lrytz	2021-05-11 09:58:27	test/junit/scala/collection/mutable/ArrayBufferTest.scala	False	True	True	True
9388	NthPortal	2020-12-12 22:30:06	johnynek	2021-09-15 18:58:53	src/library/scala/collection/ArrayOps.scala	False	True	True	True
9388	NthPortal	2020-12-12 22:30:06	johnynek	2021-09-15 17:56:31	test/junit/scala/collection/ArrayOpsTest.scala	False	True	True	True
9388	NthPortal	2020-12-12 22:30:06	johnynek	2021-09-15 18:58:53	src/library/scala/collection/Iterator.scala	False	True	True	True
9388	NthPortal	2020-12-12 22:30:06	johnynek	2021-09-15 18:58:53	test/junit/scala/collection/ArrayOpsTest.scala	False	True	True	True
9388	NthPortal	2020-12-12 22:30:06	johnynek	2021-09-15 18:58:53	test/scalacheck/scala/collection/IteratorProperties.scala	False	True	True	True
9388	NthPortal	2020-12-12 22:30:06	johnynek	2021-09-15 18:58:53	test/scalacheck/scala/collection/mutable/ArrayBufferProperties.scala	False	True	True	True
9388	NthPortal	2020-12-12 22:30:06	johnynek	2021-09-15 18:58:53	src/library/scala/collection/View.scala	False	True	True	True
9388	NthPortal	2020-12-12 22:30:06	johnynek	2021-09-15 18:58:53	test/junit/scala/collection/ViewTest.scala	False	True	True	True
9388	NthPortal	2020-12-12 22:30:06	johnynek	2021-09-15 18:58:53	test/scalacheck/scala/collection/ViewProperties.scala	False	True	True	True
9388	NthPortal	2020-12-12 22:30:06	johnynek	2021-09-15 18:58:53	src/library/scala/collection/mutable/ArrayBuffer.scala	False	True	True	True
9388	NthPortal	2020-12-12 22:30:06	johnynek	2021-09-15 18:58:53	test/junit/scala/collection/mutable/ArrayBufferTest.scala	False	True	True	True
9388	NthPortal	2020-12-12 22:30:06	lrytz	2021-05-11 09:58:27	test/junit/scala/collection/ArrayOpsTest.scala	False	True	True	True
9388	NthPortal	2020-12-12 22:30:06	johnynek	2021-09-15 18:58:53	test/benchmarks/src/main/scala/scala/collection/mutable/ArrayBufferBenchmark.scala	False	True	True	True
9388	NthPortal	2020-12-12 22:30:06	lrytz	2021-05-11 09:58:27	src/library/scala/collection/ArrayOps.scala	False	True	True	True
9388	NthPortal	2020-12-12 22:30:06	joshlemer	2021-09-15 17:19:34	src/library/scala/collection/ArrayOps.scala	False	True	True	True
9388	NthPortal	2020-12-12 22:30:06	johnynek	2021-09-15 17:56:31	test/scalacheck/scala/collection/IteratorProperties.scala	False	True	True	True
9388	NthPortal	2020-12-12 22:30:06	johnynek	2021-09-15 17:56:31	test/scalacheck/scala/collection/mutable/ArrayBufferProperties.scala	False	True	True	True
9388	NthPortal	2020-12-12 22:30:06	johnynek	2021-09-15 17:56:31	test/benchmarks/src/main/scala/scala/collection/mutable/ArrayBufferBenchmark.scala	False	True	True	True
9388	NthPortal	2020-12-12 22:30:06	johnynek	2021-09-15 17:56:31	src/library/scala/collection/View.scala	False	True	True	True
9388	NthPortal	2020-12-12 22:30:06	johnynek	2021-09-15 17:56:31	test/junit/scala/collection/ViewTest.scala	False	True	True	True
9388	NthPortal	2020-12-12 22:30:06	joshlemer	2021-09-15 17:19:34	test/junit/scala/collection/mutable/ArrayBufferTest.scala	False	True	True	True
9388	NthPortal	2020-12-12 22:30:06	johnynek	2021-09-15 17:56:31	test/scalacheck/scala/collection/ViewProperties.scala	False	True	True	True
9388	NthPortal	2020-12-12 22:30:06	johnynek	2021-09-15 17:56:31	src/library/scala/collection/mutable/ArrayBuffer.scala	False	True	True	True
9388	NthPortal	2020-12-12 22:30:06	johnynek	2021-09-15 17:56:31	test/junit/scala/collection/mutable/ArrayBufferTest.scala	False	True	True	True
9388	NthPortal	2020-12-12 22:30:06	joshlemer	2021-09-15 17:19:34	src/library/scala/collection/Iterator.scala	False	True	True	True
9388	NthPortal	2020-12-12 22:30:06	joshlemer	2021-09-15 17:19:34	test/junit/scala/collection/ArrayOpsTest.scala	False	True	True	True
9388	NthPortal	2020-12-12 22:30:06	joshlemer	2021-09-15 17:19:34	test/scalacheck/scala/collection/IteratorProperties.scala	False	True	True	True
9388	NthPortal	2020-12-12 22:30:06	joshlemer	2021-09-15 17:19:34	test/scalacheck/scala/collection/mutable/ArrayBufferProperties.scala	False	True	True	True
9388	NthPortal	2020-12-12 22:30:06	joshlemer	2021-09-15 17:19:34	test/benchmarks/src/main/scala/scala/collection/mutable/ArrayBufferBenchmark.scala	False	True	True	True
9388	NthPortal	2020-12-12 22:30:06	joshlemer	2021-09-15 17:19:34	src/library/scala/collection/View.scala	False	True	True	True
9388	NthPortal	2020-12-12 22:30:06	joshlemer	2021-09-15 17:19:34	test/junit/scala/collection/ViewTest.scala	False	True	True	True
9388	NthPortal	2020-12-12 22:30:06	joshlemer	2021-09-15 17:19:34	test/scalacheck/scala/collection/ViewProperties.scala	False	True	True	True
9388	NthPortal	2020-12-12 22:30:06	joshlemer	2021-09-15 17:19:34	src/library/scala/collection/mutable/ArrayBuffer.scala	False	True	True	True
9387	SethTisue	2020-12-12 17:32:18	NthPortal	2020-12-13 04:28:59	README.md	False	True	True	True
9387	SethTisue	2020-12-12 17:32:18	NthPortal	2020-12-13 04:28:59	README.md	True	True	True	True
9387	SethTisue	2020-12-12 17:32:18	lrytz	2020-12-14 10:01:35	README.md	False	True	True	True
9387	SethTisue	2020-12-12 17:32:18	lrytz	2020-12-14 10:01:35	README.md	True	True	True	True
9384	lrytz	2020-12-11 20:35:48	SethTisue	2020-12-11 20:52:48	admin/init.sh	True	False	False	True
9383	SethTisue	2020-12-11 02:20:03	lrytz	2020-12-11 08:44:32	.jvmopts	True	True	False	True
9382	SethTisue	2020-12-11 01:49:57	retronym	2020-12-11 04:25:22	.jvmopts	True	False	False	True
9381	agourlay	2020-12-10 06:57:54	dwijnand	2020-12-17 16:52:48	src/library/scala/collection/mutable/PriorityQueue.scala	True	True	False	True
9381	agourlay	2020-12-10 06:57:54	dwijnand	2020-12-17 16:52:48	src/library/scala/math/Ordering.scala	False	True	False	True
9381	agourlay	2020-12-10 06:57:54	diesalbla	2020-12-31 18:46:16	src/library/scala/collection/mutable/PriorityQueue.scala	True	True	False	True
9381	agourlay	2020-12-10 06:57:54	diesalbla	2020-12-31 18:46:16	src/library/scala/math/Ordering.scala	False	True	False	True
9380	SethTisue	2020-12-09 19:54:34	dwijnand	2021-01-15 17:17:27	build.sbt	True	False	True	True
9379	lrytz	2020-12-09 15:50:48	dwijnand	2020-12-17 09:35:10	test/files/neg/t6082.check	True	False	True	True
9379	lrytz	2020-12-09 15:50:48	dwijnand	2020-12-17 09:30:45	test/files/neg/annots-constant-neg.check	False	False	True	True
9379	lrytz	2020-12-09 15:50:48	dwijnand	2020-12-17 09:35:10	test/files/neg/nested-annotation.check	True	False	True	True
9379	lrytz	2020-12-09 15:50:48	dwijnand	2020-12-17 09:35:10	test/files/neg/annots-constant-neg/Test.scala	True	False	True	True
9379	lrytz	2020-12-09 15:50:48	dwijnand	2020-12-17 09:35:10	test/files/neg/annots-constant-neg.check	True	False	True	True
9379	lrytz	2020-12-09 15:50:48	dwijnand	2020-12-17 09:35:10	src/compiler/scala/tools/nsc/typechecker/Typers.scala	True	False	True	True
9379	lrytz	2020-12-09 15:50:48	dwijnand	2020-12-17 09:35:10	src/compiler/scala/tools/nsc/typechecker/ContextErrors.scala	True	False	True	True
9379	lrytz	2020-12-09 15:50:48	dwijnand	2020-12-17 09:30:45	test/files/neg/nested-annotation.scala	False	False	True	True
9379	lrytz	2020-12-09 15:50:48	dwijnand	2020-12-17 09:30:45	test/files/neg/nested-annotation.check	False	False	True	True
9379	lrytz	2020-12-09 15:50:48	dwijnand	2020-12-17 09:30:45	test/files/neg/annots-constant-neg/Test.scala	False	False	True	True
9379	lrytz	2020-12-09 15:50:48	dwijnand	2020-12-17 09:30:45	test/files/neg/t6082.check	True	False	True	True
9379	lrytz	2020-12-09 15:50:48	dwijnand	2020-12-17 09:30:45	src/compiler/scala/tools/nsc/typechecker/Typers.scala	False	False	True	True
9379	lrytz	2020-12-09 15:50:48	dwijnand	2020-12-17 09:30:45	test/files/run/reflection-scala-annotations.check	True	False	True	True
9379	lrytz	2020-12-09 15:50:48	dwijnand	2020-12-17 09:30:45	test/files/pos/t6082.scala	True	False	True	True
9379	lrytz	2020-12-09 15:50:48	dwijnand	2020-12-17 09:30:45	test/files/neg/t5182.check	True	False	True	True
9379	lrytz	2020-12-09 15:50:48	dwijnand	2020-12-17 09:30:45	test/files/neg/nested-annotation.check	True	False	True	True
9379	lrytz	2020-12-09 15:50:48	dwijnand	2020-12-17 09:30:45	test/files/neg/annots-constant-neg/Test.scala	True	False	True	True
9379	lrytz	2020-12-09 15:50:48	dwijnand	2020-12-17 09:30:45	test/files/neg/annots-constant-neg.check	True	False	True	True
9379	lrytz	2020-12-09 15:50:48	dwijnand	2020-12-17 09:30:45	src/compiler/scala/tools/nsc/typechecker/Typers.scala	True	False	True	True
9379	lrytz	2020-12-09 15:50:48	dwijnand	2020-12-17 09:30:45	src/compiler/scala/tools/nsc/typechecker/ContextErrors.scala	True	False	True	True
9379	lrytz	2020-12-09 15:50:48	dwijnand	2020-12-17 09:35:10	test/files/neg/t5182.check	True	False	True	True
9379	lrytz	2020-12-09 15:50:48	dwijnand	2020-12-17 09:35:10	test/files/neg/annots-constant-neg/Test.scala	False	False	True	True
9379	lrytz	2020-12-09 15:50:48	dwijnand	2020-12-17 09:35:10	test/files/pos/t6082.scala	True	False	True	True
9379	lrytz	2020-12-09 15:50:48	dwijnand	2020-12-17 09:31:02	test/files/neg/nested-annotation.check	True	False	True	True
9379	lrytz	2020-12-09 15:50:48	dwijnand	2020-12-17 09:31:02	test/files/neg/nested-annotation.scala	False	False	True	True
9379	lrytz	2020-12-09 15:50:48	dwijnand	2020-12-17 09:31:02	test/files/neg/nested-annotation.check	False	False	True	True
9379	lrytz	2020-12-09 15:50:48	dwijnand	2020-12-17 09:31:02	test/files/neg/annots-constant-neg/Test.scala	False	False	True	True
9379	lrytz	2020-12-09 15:50:48	dwijnand	2020-12-17 09:35:10	test/files/run/reflection-scala-annotations.check	True	False	True	True
9379	lrytz	2020-12-09 15:50:48	dwijnand	2020-12-17 09:31:02	src/compiler/scala/tools/nsc/typechecker/Typers.scala	False	False	True	True
9379	lrytz	2020-12-09 15:50:48	dwijnand	2020-12-17 09:31:02	test/files/run/reflection-scala-annotations.check	True	False	True	True
9379	lrytz	2020-12-09 15:50:48	dwijnand	2020-12-17 09:31:02	test/files/pos/t6082.scala	True	False	True	True
9379	lrytz	2020-12-09 15:50:48	dwijnand	2020-12-17 09:31:02	test/files/neg/t6082.check	True	False	True	True
9379	lrytz	2020-12-09 15:50:48	dwijnand	2020-12-17 09:31:02	test/files/neg/t5182.check	True	False	True	True
9379	lrytz	2020-12-09 15:50:48	dwijnand	2020-12-17 09:31:02	test/files/neg/annots-constant-neg.check	False	False	True	True
9379	lrytz	2020-12-09 15:50:48	dwijnand	2020-12-17 09:31:02	test/files/neg/annots-constant-neg/Test.scala	True	False	True	True
9379	lrytz	2020-12-09 15:50:48	dwijnand	2020-12-17 09:31:02	test/files/neg/annots-constant-neg.check	True	False	True	True
9379	lrytz	2020-12-09 15:50:48	dwijnand	2020-12-17 09:31:02	src/compiler/scala/tools/nsc/typechecker/Typers.scala	True	False	True	True
9379	lrytz	2020-12-09 15:50:48	dwijnand	2020-12-17 09:31:02	src/compiler/scala/tools/nsc/typechecker/ContextErrors.scala	True	False	True	True
9379	lrytz	2020-12-09 15:50:48	dwijnand	2020-12-17 09:35:10	test/files/neg/nested-annotation.scala	False	False	True	True
9379	lrytz	2020-12-09 15:50:48	dwijnand	2020-12-17 09:35:10	test/files/neg/nested-annotation.check	False	False	True	True
9379	lrytz	2020-12-09 15:50:48	dwijnand	2020-12-17 09:35:10	test/files/neg/annots-constant-neg.check	False	False	True	True
9379	lrytz	2020-12-09 15:50:48	dwijnand	2020-12-17 09:35:10	src/compiler/scala/tools/nsc/typechecker/Typers.scala	False	False	True	True
9378	bishabosha	2020-12-09 14:43:58	dwijnand	2020-12-09 14:46:12	test/tasty/test/scala/tools/tastytest/TastyTestJUnit.scala	True	False	False	True
9377	SethTisue	2020-12-09 03:45:43	dwijnand	2020-12-09 15:11:55	build.sbt	True	True	False	True
9376	mkeskells	2020-12-08 22:55:37	NthPortal	2020-12-31 07:23:50	src/library/scala/collection/TraversableLike.scala	True	False	False	True
9376	mkeskells	2020-12-08 22:55:37	diesalbla	2020-12-31 03:45:55	src/library/scala/collection/TraversableLike.scala	True	False	False	True
9375	mkeskells	2020-12-08 22:37:29	sjrd	2020-12-11 04:12:40	src/library/scala/collection/Traversable.scala	False	True	True	True
9375	mkeskells	2020-12-08 22:37:29	sjrd	2020-12-11 04:12:40	build.sbt	True	True	True	True
9375	mkeskells	2020-12-08 22:37:29	sjrd	2020-12-11 04:12:40	src/library/scala/collection/Traversable.scala	True	True	True	True
9375	mkeskells	2020-12-08 22:37:29	sjrd	2020-12-11 04:12:40	src/library/scala/collection/TraversableLike.scala	True	True	True	True
9375	mkeskells	2020-12-08 22:37:29	sjrd	2020-12-09 08:58:44	src/library/scala/collection/Traversable.scala	False	True	True	True
9375	mkeskells	2020-12-08 22:37:29	sjrd	2020-12-09 08:58:44	build.sbt	True	True	True	True
9375	mkeskells	2020-12-08 22:37:29	sjrd	2020-12-09 08:58:44	src/library/scala/collection/Traversable.scala	True	True	True	True
9375	mkeskells	2020-12-08 22:37:29	sjrd	2020-12-09 08:58:44	src/library/scala/collection/TraversableLike.scala	True	True	True	True
9375	mkeskells	2020-12-08 22:37:29	lrytz	2020-12-09 10:23:08	src/library/scala/collection/Traversable.scala	False	True	True	True
9375	mkeskells	2020-12-08 22:37:29	lrytz	2020-12-09 10:23:08	build.sbt	True	True	True	True
9375	mkeskells	2020-12-08 22:37:29	lrytz	2020-12-09 10:23:08	src/library/scala/collection/Traversable.scala	True	True	True	True
9375	mkeskells	2020-12-08 22:37:29	lrytz	2020-12-09 10:23:08	src/library/scala/collection/TraversableLike.scala	True	True	True	True
9375	mkeskells	2020-12-08 22:37:29	retronym	2020-12-08 22:52:48	src/library/scala/collection/Traversable.scala	False	True	True	True
9375	mkeskells	2020-12-08 22:37:29	retronym	2020-12-08 22:52:48	build.sbt	True	True	True	True
9375	mkeskells	2020-12-08 22:37:29	retronym	2020-12-08 22:52:48	src/library/scala/collection/Traversable.scala	True	True	True	True
9375	mkeskells	2020-12-08 22:37:29	retronym	2020-12-08 22:52:48	src/library/scala/collection/TraversableLike.scala	True	True	True	True
9375	mkeskells	2020-12-08 22:37:29	sjrd	2020-12-08 23:27:39	src/library/scala/collection/Traversable.scala	False	True	True	True
9375	mkeskells	2020-12-08 22:37:29	sjrd	2020-12-08 23:27:39	build.sbt	True	True	True	True
9375	mkeskells	2020-12-08 22:37:29	sjrd	2020-12-08 23:27:39	src/library/scala/collection/Traversable.scala	True	True	True	True
9375	mkeskells	2020-12-08 22:37:29	sjrd	2020-12-08 23:27:39	src/library/scala/collection/TraversableLike.scala	True	True	True	True
9374	SethTisue	2020-12-08 20:46:23	dwijnand	2020-12-08 22:56:08	src/tastytest/scala/tools/tastytest/TastyTest.scala	True	False	False	True
9374	SethTisue	2020-12-08 20:46:23	bishabosha	2020-12-09 09:17:21	src/tastytest/scala/tools/tastytest/TastyTest.scala	True	False	False	True
9373	SethTisue	2020-12-08 18:31:08	martijnhoekstra	2020-12-08 19:08:10	.travis.yml	True	False	False	True
9371	retronym	2020-12-08 07:33:58	lrytz	2020-12-08 10:34:27	build.sbt	True	False	False	True
9370	SethTisue	2020-12-08 02:14:19	NthPortal	2020-12-08 11:35:01	src/partest/scala/tools/partest/nest/UnsafeAccess.java	True	True	False	True
9370	SethTisue	2020-12-08 02:14:19	NthPortal	2020-12-08 11:35:01	build.sbt	True	True	False	True
9369	sjrd	2020-12-07 17:30:34	dwijnand	2020-12-07 17:49:18	src/library/scala/runtime/ScalaRunTime.scala	True	False	False	True
9369	sjrd	2020-12-07 17:30:34	dwijnand	2020-12-07 17:49:18	test/instrumented/srt.patch	True	False	False	True
9367	martijnhoekstra	2020-12-07 10:36:11	dwijnand	2020-12-07 10:55:38	test/benchmarks/src/main/scala/scala/collection/mutable/OpenHashMapBenchmark.scala	True	False	True	True
9367	martijnhoekstra	2020-12-07 10:36:11	dwijnand	2020-12-07 10:55:38	.travis.yml	True	False	True	True
9367	martijnhoekstra	2020-12-07 10:36:11	SethTisue	2020-12-08 02:36:20	test/benchmarks/src/main/scala/scala/collection/mutable/OpenHashMapBenchmark.scala	True	False	True	True
9367	martijnhoekstra	2020-12-07 10:36:11	SethTisue	2020-12-08 02:36:20	.travis.yml	True	False	True	True
9365	martijnhoekstra	2020-12-05 20:06:41	NthPortal	2020-12-06 07:50:55	test/benchmarks/src/main/scala/scala/collection/immutable/ListBenchmark.scala	True	True	True	True
9365	martijnhoekstra	2020-12-05 20:06:41	joshlemer	2021-01-15 17:41:14	src/library/scala/collection/StrictOptimizedSeqOps.scala	True	True	True	True
9365	martijnhoekstra	2020-12-05 20:06:41	joshlemer	2021-01-15 17:41:14	src/library/scala/collection/immutable/List.scala	True	True	True	True
9365	martijnhoekstra	2020-12-05 20:06:41	joshlemer	2021-01-15 17:41:14	test/benchmarks/src/main/scala/scala/collection/immutable/ListBenchmark.scala	True	True	True	True
9365	martijnhoekstra	2020-12-05 20:06:41	dwijnand	2021-01-15 16:50:01	src/library/scala/collection/Seq.scala	True	True	True	True
9365	martijnhoekstra	2020-12-05 20:06:41	dwijnand	2021-01-15 16:50:01	src/library/scala/collection/StrictOptimizedSeqOps.scala	True	True	True	True
9365	martijnhoekstra	2020-12-05 20:06:41	dwijnand	2021-01-15 16:50:01	src/library/scala/collection/immutable/List.scala	True	True	True	True
9365	martijnhoekstra	2020-12-05 20:06:41	dwijnand	2021-01-15 16:50:01	test/benchmarks/src/main/scala/scala/collection/immutable/ListBenchmark.scala	True	True	True	True
9365	martijnhoekstra	2020-12-05 20:06:41	joshlemer	2021-01-15 17:41:14	src/library/scala/collection/Seq.scala	True	True	True	True
9365	martijnhoekstra	2020-12-05 20:06:41	NthPortal	2020-12-06 07:50:55	src/library/scala/collection/Seq.scala	True	True	True	True
9365	martijnhoekstra	2020-12-05 20:06:41	NthPortal	2020-12-06 07:50:55	src/library/scala/collection/StrictOptimizedSeqOps.scala	True	True	True	True
9365	martijnhoekstra	2020-12-05 20:06:41	NthPortal	2020-12-06 07:50:55	src/library/scala/collection/immutable/List.scala	True	True	True	True
9365	martijnhoekstra	2020-12-05 20:06:41	NthPortal	2020-12-06 07:45:49	src/library/scala/collection/Seq.scala	True	True	True	True
9365	martijnhoekstra	2020-12-05 20:06:41	NthPortal	2020-12-06 07:48:06	src/library/scala/collection/Seq.scala	True	True	True	True
9365	martijnhoekstra	2020-12-05 20:06:41	NthPortal	2020-12-06 07:45:49	test/benchmarks/src/main/scala/scala/collection/immutable/ListBenchmark.scala	True	True	True	True
9365	martijnhoekstra	2020-12-05 20:06:41	NthPortal	2020-12-06 07:48:06	src/library/scala/collection/StrictOptimizedSeqOps.scala	True	True	True	True
9365	martijnhoekstra	2020-12-05 20:06:41	NthPortal	2020-12-09 07:16:37	src/library/scala/collection/immutable/List.scala	True	True	True	True
9365	martijnhoekstra	2020-12-05 20:06:41	NthPortal	2020-12-09 07:16:37	src/library/scala/collection/StrictOptimizedSeqOps.scala	True	True	True	True
9365	martijnhoekstra	2020-12-05 20:06:41	NthPortal	2020-12-09 07:16:37	src/library/scala/collection/Seq.scala	True	True	True	True
9365	martijnhoekstra	2020-12-05 20:06:41	NthPortal	2020-12-09 07:16:37	test/benchmarks/src/main/scala/scala/collection/immutable/ListBenchmark.scala	True	True	True	True
9365	martijnhoekstra	2020-12-05 20:06:41	NthPortal	2020-12-06 07:45:49	src/library/scala/collection/immutable/List.scala	True	True	True	True
9365	martijnhoekstra	2020-12-05 20:06:41	NthPortal	2020-12-06 07:45:49	src/library/scala/collection/StrictOptimizedSeqOps.scala	True	True	True	True
9365	martijnhoekstra	2020-12-05 20:06:41	NthPortal	2020-12-06 07:48:06	test/benchmarks/src/main/scala/scala/collection/immutable/ListBenchmark.scala	True	True	True	True
9365	martijnhoekstra	2020-12-05 20:06:41	NthPortal	2020-12-06 07:48:06	src/library/scala/collection/immutable/List.scala	True	True	True	True
9364	bishabosha	2020-12-04 15:54:08	dwijnand	2020-12-08 16:34:53	test/tasty/neg/src-3/Names.scala	True	False	False	True
9364	bishabosha	2020-12-04 15:54:08	dwijnand	2020-12-08 16:34:53	test/tasty/run/src-2/tastytest/TestVecs.scala	False	False	False	True
9364	bishabosha	2020-12-04 15:54:08	dwijnand	2020-12-08 16:34:53	test/tasty/run/src-2/tastytest/TestEntityDb.scala	False	False	False	True
9364	bishabosha	2020-12-04 15:54:08	dwijnand	2020-12-08 16:34:53	src/compiler/scala/tools/nsc/tasty/bridge/TypeOps.scala	False	False	False	True
9364	bishabosha	2020-12-04 15:54:08	dwijnand	2020-12-08 16:34:53	src/compiler/scala/tools/nsc/tasty/bridge/ContextOps.scala	False	False	False	True
9364	bishabosha	2020-12-04 15:54:08	dwijnand	2020-12-08 16:34:53	src/compiler/scala/tools/nsc/tasty/TreeUnpickler.scala	False	False	False	True
9364	bishabosha	2020-12-04 15:54:08	dwijnand	2020-12-08 16:34:53	test/tasty/run/src-3/tastytest/Names.scala	True	False	False	True
9364	bishabosha	2020-12-04 15:54:08	dwijnand	2020-12-08 16:34:53	test/tasty/run/src-3/tastytest/Logarithms.scala	True	False	False	True
9364	bishabosha	2020-12-04 15:54:08	dwijnand	2020-12-08 16:34:53	test/tasty/run/src-2/tastytest/TestNames.scala	True	False	False	True
9364	bishabosha	2020-12-04 15:54:08	dwijnand	2020-12-08 16:34:53	test/tasty/run/src-2/tastytest/TestLogarithms.scala	True	False	False	True
9364	bishabosha	2020-12-04 15:54:08	dwijnand	2020-12-08 16:34:53	src/reflect/scala/reflect/internal/StdAttachments.scala	True	False	False	True
9364	bishabosha	2020-12-04 15:54:08	dwijnand	2020-12-08 16:34:53	test/tasty/neg/src-2/TestNames_fail.scala	True	False	False	True
9364	bishabosha	2020-12-04 15:54:08	dwijnand	2020-12-08 16:34:53	test/tasty/neg/src-2/TestNames.check	True	False	False	True
9364	bishabosha	2020-12-04 15:54:08	dwijnand	2020-12-08 16:34:53	test/tasty/neg/src-2/TestLogarithms_fail.scala	True	False	False	True
9364	bishabosha	2020-12-04 15:54:08	dwijnand	2020-12-08 16:34:53	test/tasty/neg/src-2/TestLogarithms.check	True	False	False	True
9364	bishabosha	2020-12-04 15:54:08	dwijnand	2020-12-08 16:34:53	src/reflect/scala/reflect/internal/transform/Erasure.scala	True	False	False	True
9364	bishabosha	2020-12-04 15:54:08	dwijnand	2020-12-08 16:34:53	test/tasty/run/src-3/tastytest/Vecs.scala	False	False	False	True
9364	bishabosha	2020-12-04 15:54:08	dwijnand	2020-12-08 16:34:53	src/compiler/scala/tools/nsc/tasty/bridge/TypeOps.scala	True	False	False	True
9364	bishabosha	2020-12-04 15:54:08	dwijnand	2020-12-08 16:34:53	src/compiler/scala/tools/nsc/tasty/bridge/TreeOps.scala	True	False	False	True
9364	bishabosha	2020-12-04 15:54:08	dwijnand	2020-12-08 16:34:53	src/compiler/scala/tools/nsc/tasty/TreeUnpickler.scala	True	False	False	True
9364	bishabosha	2020-12-04 15:54:08	dwijnand	2020-12-08 16:34:53	src/compiler/scala/tools/nsc/tasty/TastyModes.scala	True	False	False	True
9364	bishabosha	2020-12-04 15:54:08	dwijnand	2020-12-08 16:34:53	test/tasty/run/src-3/tastytest/EntityDb.scala	False	False	False	True
9364	bishabosha	2020-12-04 15:54:08	dwijnand	2020-12-07 10:14:42	src/compiler/scala/tools/nsc/tasty/bridge/TypeOps.scala	True	False	False	True
9364	bishabosha	2020-12-04 15:54:08	dwijnand	2020-12-07 10:14:42	src/compiler/scala/tools/nsc/tasty/TastyModes.scala	True	False	False	True
9364	bishabosha	2020-12-04 15:54:08	dwijnand	2020-12-07 10:14:42	test/tasty/run/src-2/tastytest/TestNames.scala	True	False	False	True
9364	bishabosha	2020-12-04 15:54:08	dwijnand	2020-12-07 10:14:42	test/tasty/run/src-3/tastytest/Vecs.scala	False	False	False	True
9364	bishabosha	2020-12-04 15:54:08	dwijnand	2020-12-07 10:14:42	test/tasty/run/src-3/tastytest/EntityDb.scala	False	False	False	True
9364	bishabosha	2020-12-04 15:54:08	dwijnand	2020-12-07 10:14:42	test/tasty/run/src-2/tastytest/TestVecs.scala	False	False	False	True
9364	bishabosha	2020-12-04 15:54:08	dwijnand	2020-12-07 10:14:42	test/tasty/run/src-2/tastytest/TestEntityDb.scala	False	False	False	True
9364	bishabosha	2020-12-04 15:54:08	dwijnand	2020-12-07 10:14:42	src/compiler/scala/tools/nsc/tasty/bridge/TypeOps.scala	False	False	False	True
9364	bishabosha	2020-12-04 15:54:08	dwijnand	2020-12-07 10:14:42	src/compiler/scala/tools/nsc/tasty/bridge/ContextOps.scala	False	False	False	True
9364	bishabosha	2020-12-04 15:54:08	dwijnand	2020-12-07 10:14:42	src/compiler/scala/tools/nsc/tasty/TreeUnpickler.scala	False	False	False	True
9364	bishabosha	2020-12-04 15:54:08	dwijnand	2020-12-07 10:14:42	test/tasty/run/src-3/tastytest/Names.scala	True	False	False	True
9364	bishabosha	2020-12-04 15:54:08	dwijnand	2020-12-07 10:14:42	src/compiler/scala/tools/nsc/tasty/TreeUnpickler.scala	True	False	False	True
9364	bishabosha	2020-12-04 15:54:08	dwijnand	2020-12-07 10:14:42	test/tasty/run/src-3/tastytest/Logarithms.scala	True	False	False	True
9364	bishabosha	2020-12-04 15:54:08	dwijnand	2020-12-07 10:14:42	test/tasty/run/src-2/tastytest/TestLogarithms.scala	True	False	False	True
9364	bishabosha	2020-12-04 15:54:08	dwijnand	2020-12-07 10:14:42	test/tasty/neg/src-3/Names.scala	True	False	False	True
9364	bishabosha	2020-12-04 15:54:08	dwijnand	2020-12-07 10:14:42	test/tasty/neg/src-2/TestNames_fail.scala	True	False	False	True
9364	bishabosha	2020-12-04 15:54:08	dwijnand	2020-12-07 10:14:42	test/tasty/neg/src-2/TestNames.check	True	False	False	True
9364	bishabosha	2020-12-04 15:54:08	dwijnand	2020-12-07 10:14:42	test/tasty/neg/src-2/TestLogarithms_fail.scala	True	False	False	True
9364	bishabosha	2020-12-04 15:54:08	dwijnand	2020-12-07 10:14:42	test/tasty/neg/src-2/TestLogarithms.check	True	False	False	True
9364	bishabosha	2020-12-04 15:54:08	dwijnand	2020-12-07 10:14:42	src/reflect/scala/reflect/internal/transform/Erasure.scala	True	False	False	True
9364	bishabosha	2020-12-04 15:54:08	dwijnand	2020-12-07 10:14:42	src/reflect/scala/reflect/internal/StdAttachments.scala	True	False	False	True
9364	bishabosha	2020-12-04 15:54:08	dwijnand	2020-12-07 10:14:42	src/compiler/scala/tools/nsc/tasty/bridge/TreeOps.scala	True	False	False	True
9363	som-snytt	2020-12-04 09:00:13	dwijnand	2021-05-11 14:36:05	src/reflect/scala/reflect/internal/tpe/TypeComparers.scala	True	True	False	True
9363	som-snytt	2020-12-04 09:00:13	dwijnand	2021-05-11 14:36:05	src/compiler/scala/tools/nsc/typechecker/Namers.scala	True	True	False	True
9363	som-snytt	2020-12-04 09:00:13	dwijnand	2021-05-11 14:36:05	src/compiler/scala/tools/nsc/typechecker/RefChecks.scala	True	True	False	True
9363	som-snytt	2020-12-04 09:00:13	dwijnand	2021-05-11 14:36:05	src/reflect/scala/reflect/internal/Symbols.scala	True	True	False	True
9363	som-snytt	2020-12-04 09:00:13	dwijnand	2021-05-11 14:36:05	src/reflect/scala/reflect/internal/Trees.scala	True	True	False	True
9363	som-snytt	2020-12-04 09:00:13	dwijnand	2021-05-11 14:36:05	src/reflect/scala/reflect/internal/Types.scala	True	True	False	True
9363	som-snytt	2020-12-04 09:00:13	dwijnand	2021-05-11 14:36:05	src/compiler/scala/tools/nsc/transform/SpecializeTypes.scala	True	True	False	True
9363	som-snytt	2020-12-04 09:00:13	dwijnand	2021-05-11 14:36:05	src/reflect/scala/reflect/internal/tpe/TypeMaps.scala	True	True	False	True
9363	som-snytt	2020-12-04 09:00:13	dwijnand	2021-05-11 14:36:05	src/compiler/scala/tools/nsc/symtab/SymbolLoaders.scala	False	True	False	True
9363	som-snytt	2020-12-04 09:00:13	dwijnand	2021-05-11 14:36:05	src/reflect/scala/reflect/internal/util/ReusableInstance.scala	False	True	False	True
9363	som-snytt	2020-12-04 09:00:13	dwijnand	2021-05-11 14:36:05	src/reflect/scala/reflect/internal/Symbols.scala	False	True	False	True
9363	som-snytt	2020-12-04 09:00:13	dwijnand	2021-05-11 14:36:05	src/reflect/scala/reflect/internal/Types.scala	False	True	False	True
9363	som-snytt	2020-12-04 09:00:13	dwijnand	2021-05-11 14:36:05	src/reflect/scala/reflect/runtime/JavaUniverseForce.scala	True	True	False	True
9362	som-snytt	2020-12-04 06:50:48	dwijnand	2020-12-04 09:31:49	test/files/neg/checksensible.check	True	False	False	True
9361	retronym	2020-12-04 03:13:09	SethTisue	2020-12-04 04:06:13	src/library/scala/reflect/ClassTag.scala	True	False	False	True
9361	retronym	2020-12-04 03:13:09	lrytz	2020-12-04 07:31:08	src/library/scala/reflect/ClassTag.scala	True	False	False	True
9360	SethTisue	2020-12-04 02:57:16	retronym	2020-12-04 04:41:24	test/files/run/t5857.check	True	True	False	True
9360	SethTisue	2020-12-04 02:57:16	retronym	2020-12-04 04:41:24	src/reflect/scala/reflect/internal/Required.scala	True	True	False	True
9360	SethTisue	2020-12-04 02:57:16	retronym	2020-12-04 04:41:24	src/repl/scala/tools/nsc/interpreter/ISettings.scala	True	True	False	True
9360	SethTisue	2020-12-04 02:57:16	retronym	2020-12-04 04:41:24	test/async/jvm/futures.check	True	True	False	True
9360	SethTisue	2020-12-04 02:57:16	retronym	2020-12-04 04:41:24	test/files/run/t1434.check	True	True	False	True
9360	SethTisue	2020-12-04 02:57:16	retronym	2020-12-04 04:41:24	src/reflect/scala/reflect/io/IOStats.scala	True	True	False	True
9360	SethTisue	2020-12-04 02:57:16	retronym	2020-12-04 04:41:24	test/files/run/t7439.check	True	True	False	True
9360	SethTisue	2020-12-04 02:57:16	retronym	2020-12-04 04:41:24	test/files/run/unapplyArray.check	True	True	False	True
9360	SethTisue	2020-12-04 02:57:16	retronym	2020-12-04 04:41:24	test/files/run/uncheckedStable.check	True	True	False	True
9360	SethTisue	2020-12-04 02:57:16	retronym	2020-12-04 04:41:24	test/junit/scala/collection/mutable/SetLikeTest.scala	True	True	False	True
9360	SethTisue	2020-12-04 02:57:16	retronym	2020-12-04 04:41:24	test/files/run/t9644.check	True	True	False	True
9359	SethTisue	2020-12-04 02:34:00	lrytz	2020-12-04 12:22:41	src/scaladoc/scala/tools/nsc/doc/base/CommentFactoryBase.scala	True	True	False	True
9359	SethTisue	2020-12-04 02:34:00	NthPortal	2020-12-04 07:44:28	src/scaladoc/scala/tools/nsc/doc/base/CommentFactoryBase.scala	True	True	False	True
9359	SethTisue	2020-12-04 02:34:00	dwijnand	2020-12-04 09:34:44	src/scaladoc/scala/tools/nsc/doc/base/CommentFactoryBase.scala	True	True	False	True
9358	retronym	2020-12-04 01:32:02	SethTisue	2020-12-04 03:20:12	src/compiler/scala/tools/ant/antlib.xml	True	False	False	True
9358	retronym	2020-12-04 01:32:02	SethTisue	2020-12-04 03:20:12	src/compiler/scala/tools/ant/Pack200Task.scala	True	False	False	True
9356	retronym	2020-12-02 03:57:37	lrytz	2020-12-03 09:21:23	test/files/instrumented/t11882c.scala	True	True	True	True
9356	retronym	2020-12-02 03:57:37	lrytz	2020-12-03 09:21:23	src/compiler/scala/tools/nsc/transform/CleanUp.scala	True	True	True	True
9356	retronym	2020-12-02 03:57:37	sjrd	2020-12-04 16:18:43	test/files/instrumented/t11882a.check	True	True	True	True
9356	retronym	2020-12-02 03:57:37	sjrd	2020-12-04 16:18:43	src/reflect/scala/reflect/internal/Definitions.scala	True	True	True	True
9356	retronym	2020-12-02 03:57:37	sjrd	2020-12-04 16:18:43	src/compiler/scala/tools/nsc/transform/CleanUp.scala	True	True	True	True
9356	retronym	2020-12-02 03:57:37	lrytz	2020-12-03 09:21:23	test/files/run/t11882-class-cast.scala	True	True	True	True
9356	retronym	2020-12-02 03:57:37	lrytz	2020-12-03 09:21:23	test/files/instrumented/t11882a.check	True	True	True	True
9356	retronym	2020-12-02 03:57:37	lrytz	2020-12-03 09:21:23	test/files/instrumented/t11882c.check	True	True	True	True
9356	retronym	2020-12-02 03:57:37	lrytz	2020-12-03 09:21:23	test/files/instrumented/t11882b.scala	True	True	True	True
9356	retronym	2020-12-02 03:57:37	lrytz	2020-12-03 09:21:23	test/files/instrumented/t11882b.check	True	True	True	True
9356	retronym	2020-12-02 03:57:37	lrytz	2020-12-03 09:21:23	test/files/instrumented/t11882a.scala	True	True	True	True
9356	retronym	2020-12-02 03:57:37	lrytz	2020-12-03 09:21:23	src/reflect/scala/reflect/internal/Definitions.scala	True	True	True	True
9356	retronym	2020-12-02 03:57:37	sjrd	2020-12-04 16:18:43	test/files/instrumented/t11882b.check	True	True	True	True
9356	retronym	2020-12-02 03:57:37	sjrd	2020-12-04 16:18:43	test/files/instrumented/t11882a.scala	True	True	True	True
9356	retronym	2020-12-02 03:57:37	sjrd	2020-12-04 16:18:43	test/files/instrumented/t11882c.check	True	True	True	True
9356	retronym	2020-12-02 03:57:37	sjrd	2020-12-04 16:18:43	test/files/instrumented/t11882b.scala	True	True	True	True
9356	retronym	2020-12-02 03:57:37	sjrd	2020-12-04 16:18:43	test/files/run/t11882-class-cast.scala	True	True	True	True
9356	retronym	2020-12-02 03:57:37	lrytz	2020-12-04 15:54:34	src/compiler/scala/tools/nsc/transform/CleanUp.scala	True	True	True	True
9356	retronym	2020-12-02 03:57:37	lrytz	2020-12-04 15:54:34	src/reflect/scala/reflect/internal/Definitions.scala	True	True	True	True
9356	retronym	2020-12-02 03:57:37	lrytz	2020-12-04 15:54:34	test/files/instrumented/t11882a.check	True	True	True	True
9356	retronym	2020-12-02 03:57:37	lrytz	2020-12-04 15:54:34	test/files/instrumented/t11882a.scala	True	True	True	True
9356	retronym	2020-12-02 03:57:37	lrytz	2020-12-04 15:54:34	test/files/instrumented/t11882b.check	True	True	True	True
9356	retronym	2020-12-02 03:57:37	lrytz	2020-12-04 15:54:34	test/files/instrumented/t11882b.scala	True	True	True	True
9356	retronym	2020-12-02 03:57:37	lrytz	2020-12-04 15:54:34	test/files/instrumented/t11882c.check	True	True	True	True
9356	retronym	2020-12-02 03:57:37	lrytz	2020-12-04 15:54:34	test/files/instrumented/t11882c.scala	True	True	True	True
9356	retronym	2020-12-02 03:57:37	lrytz	2020-12-04 15:54:34	test/files/run/t11882-class-cast.scala	True	True	True	True
9356	retronym	2020-12-02 03:57:37	sjrd	2020-12-04 16:18:43	test/files/instrumented/t11882c.scala	True	True	True	True
9355	retronym	2020-12-02 00:12:11	dwijnand	2020-12-02 09:29:17	test/files/run/position-val-def.check	True	True	False	True
9355	retronym	2020-12-02 00:12:11	dwijnand	2020-12-02 09:29:17	src/compiler/scala/reflect/quasiquotes/Parsers.scala	True	True	False	True
9355	retronym	2020-12-02 00:12:11	dwijnand	2020-12-02 09:29:17	src/compiler/scala/tools/nsc/ast/parser/Parsers.scala	True	True	False	True
9355	retronym	2020-12-02 00:12:11	dwijnand	2020-12-02 09:29:17	src/compiler/scala/tools/nsc/ast/parser/TreeBuilder.scala	True	True	False	True
9355	retronym	2020-12-02 00:12:11	dwijnand	2020-12-02 09:29:17	src/reflect/scala/reflect/internal/TreeGen.scala	True	True	False	True
9355	retronym	2020-12-02 00:12:11	dwijnand	2020-12-02 09:29:17	test/junit/scala/tools/nsc/parser/ParserTest.scala	True	True	False	True
9355	retronym	2020-12-02 00:12:11	dwijnand	2020-12-02 09:29:17	test/scalacheck/scala/reflect/quasiquotes/QuasiquoteProperties.scala	True	True	False	True
9355	retronym	2020-12-02 00:12:11	dwijnand	2020-12-02 09:29:17	test/scalacheck/scala/reflect/quasiquotes/DefinitionConstructionProps.scala	True	True	False	True
9354	martijnhoekstra	2020-12-01 20:07:25	dwijnand	2020-12-01 22:44:06	project/ScalaOptionParser.scala	True	True	False	True
9353	som-snytt	2020-12-01 04:23:03	lrytz	2020-12-02 18:03:50	src/compiler/scala/tools/nsc/reporters/Reporter.scala	False	True	True	True
9353	som-snytt	2020-12-01 04:23:03	dwijnand	2020-12-02 09:37:51	src/repl-frontend/scala/tools/nsc/interpreter/shell/Reporter.scala	True	True	True	True
9353	som-snytt	2020-12-01 04:23:03	dwijnand	2020-12-02 09:37:51	src/compiler/scala/tools/nsc/reporters/Reporter.scala	True	True	True	True
9353	som-snytt	2020-12-01 04:23:03	dwijnand	2020-12-02 09:37:51	src/compiler/scala/tools/nsc/reporters/PrintReporter.scala	True	True	True	True
9353	som-snytt	2020-12-01 04:23:03	lrytz	2020-12-02 18:03:50	src/repl/scala/tools/nsc/interpreter/ReplGlobal.scala	False	True	True	True
9353	som-snytt	2020-12-01 04:23:03	lrytz	2020-12-02 18:03:50	src/repl-frontend/scala/tools/nsc/interpreter/shell/Reporter.scala	False	True	True	True
9353	som-snytt	2020-12-01 04:23:03	lrytz	2020-12-02 18:03:50	test/files/run/t10943.scala	True	True	True	True
9353	som-snytt	2020-12-01 04:23:03	lrytz	2020-12-02 18:03:50	src/compiler/scala/tools/nsc/Reporting.scala	False	True	True	True
9353	som-snytt	2020-12-01 04:23:03	lrytz	2020-12-02 18:03:50	test/files/run/t10943.check	True	True	True	True
9353	som-snytt	2020-12-01 04:23:03	lrytz	2020-12-02 18:03:50	src/repl-frontend/scala/tools/nsc/interpreter/shell/Reporter.scala	True	True	True	True
9353	som-snytt	2020-12-01 04:23:03	lrytz	2020-12-02 18:03:50	src/compiler/scala/tools/nsc/reporters/Reporter.scala	True	True	True	True
9353	som-snytt	2020-12-01 04:23:03	lrytz	2020-12-02 18:03:50	src/compiler/scala/tools/nsc/reporters/PrintReporter.scala	True	True	True	True
9353	som-snytt	2020-12-01 04:23:03	dwijnand	2020-12-02 09:37:51	test/files/run/t10943.scala	True	True	True	True
9353	som-snytt	2020-12-01 04:23:03	dwijnand	2020-12-02 09:37:51	test/files/run/t10943.check	True	True	True	True
9353	som-snytt	2020-12-01 04:23:03	dwijnand	2020-12-01 16:23:50	src/repl/scala/tools/nsc/interpreter/ReplGlobal.scala	False	True	True	True
9353	som-snytt	2020-12-01 04:23:03	dwijnand	2020-12-02 09:37:51	src/compiler/scala/tools/nsc/Reporting.scala	False	True	True	True
9353	som-snytt	2020-12-01 04:23:03	dwijnand	2020-12-02 09:37:51	src/repl-frontend/scala/tools/nsc/interpreter/shell/Reporter.scala	False	True	True	True
9353	som-snytt	2020-12-01 04:23:03	dwijnand	2020-12-02 09:37:51	src/repl/scala/tools/nsc/interpreter/ReplGlobal.scala	False	True	True	True
9353	som-snytt	2020-12-01 04:23:03	dwijnand	2020-12-01 16:23:50	src/compiler/scala/tools/nsc/reporters/PrintReporter.scala	True	True	True	True
9353	som-snytt	2020-12-01 04:23:03	dwijnand	2020-12-01 16:23:50	src/compiler/scala/tools/nsc/reporters/Reporter.scala	True	True	True	True
9353	som-snytt	2020-12-01 04:23:03	dwijnand	2020-12-01 16:23:50	src/repl-frontend/scala/tools/nsc/interpreter/shell/Reporter.scala	True	True	True	True
9353	som-snytt	2020-12-01 04:23:03	dwijnand	2020-12-01 16:23:50	test/files/run/t10943.check	True	True	True	True
9353	som-snytt	2020-12-01 04:23:03	dwijnand	2020-12-01 16:23:50	test/files/run/t10943.scala	True	True	True	True
9353	som-snytt	2020-12-01 04:23:03	dwijnand	2020-12-01 16:23:50	src/compiler/scala/tools/nsc/Reporting.scala	False	True	True	True
9353	som-snytt	2020-12-01 04:23:03	dwijnand	2020-12-01 16:23:50	src/compiler/scala/tools/nsc/reporters/Reporter.scala	False	True	True	True
9353	som-snytt	2020-12-01 04:23:03	dwijnand	2020-12-01 16:23:50	src/repl-frontend/scala/tools/nsc/interpreter/shell/Reporter.scala	False	True	True	True
9353	som-snytt	2020-12-01 04:23:03	dwijnand	2020-12-02 09:37:51	src/compiler/scala/tools/nsc/reporters/Reporter.scala	False	True	True	True
9352	som-snytt	2020-12-01 03:41:39	dwijnand	2020-12-01 16:24:53	src/library/scala/collection/mutable/Set.scala	True	False	False	True
