pr_number	author_user_login	pr_created_at	review_user_login	review_created_at	filename	create_before_pr	has_issue_comment	has_review_comment	has_commit
4463	retronym	2015-04-22 05:07:36	lrytz	2015-04-22 08:54:14	src/reflect/scala/reflect/internal/Symbols.scala	True	True	True	True
4463	retronym	2015-04-22 05:07:36	lrytz	2015-04-22 08:54:14	src/compiler/scala/tools/nsc/backend/jvm/BCodeBodyBuilder.scala	True	True	True	True
4463	retronym	2015-04-22 05:07:36	lrytz	2015-04-22 08:54:14	src/compiler/scala/tools/nsc/backend/jvm/BCodeIdiomatic.scala	True	True	True	True
4463	retronym	2015-04-22 05:07:36	lrytz	2015-04-22 08:54:14	src/reflect/scala/reflect/internal/Definitions.scala	True	True	True	True
4463	retronym	2015-04-22 05:07:36	lrytz	2015-04-22 08:54:14	src/compiler/scala/tools/nsc/transform/Delambdafy.scala	True	True	True	True
4463	retronym	2015-04-22 05:07:36	lrytz	2015-04-22 08:54:14	test/files/run/t2318.scala	True	True	True	True
4463	retronym	2015-04-22 05:07:36	lrytz	2015-04-22 08:54:14	src/compiler/scala/tools/nsc/transform/SpecializeTypes.scala	True	True	True	True
4463	retronym	2015-04-22 05:07:36	lrytz	2015-04-22 08:54:14	src/compiler/scala/tools/nsc/transform/UnCurry.scala	True	True	True	True
4463	retronym	2015-04-22 05:07:36	lrytz	2015-04-22 08:54:14	build.xml	True	True	True	True
4455	adriaanm	2015-04-17 19:21:35	viktorklang	2015-04-17 20:03:52	build.xml	True	True	True	True
4455	adriaanm	2015-04-17 19:21:35	viktorklang	2015-04-17 20:07:51	README.md	True	True	True	True
4455	adriaanm	2015-04-17 19:21:35	viktorklang	2015-04-17 20:07:51	project/build.properties	True	True	True	True
4455	adriaanm	2015-04-17 19:21:35	viktorklang	2015-04-17 20:07:51	build.sbt	False	True	True	True
4455	adriaanm	2015-04-17 19:21:35	viktorklang	2015-04-17 20:07:51	.gitignore	True	True	True	True
4455	adriaanm	2015-04-17 19:21:35	viktorklang	2015-04-17 20:07:51	build.sbt	True	True	True	True
4455	adriaanm	2015-04-17 19:21:35	viktorklang	2015-04-17 20:03:52	test/junit/scala/collection/mutable/VectorTest.scala	True	True	True	True
4455	adriaanm	2015-04-17 19:21:35	viktorklang	2015-04-17 20:03:52	.gitignore	False	True	True	True
4455	adriaanm	2015-04-17 19:21:35	viktorklang	2015-04-17 20:03:52	README.md	True	True	True	True
4455	adriaanm	2015-04-17 19:21:35	viktorklang	2015-04-17 20:03:52	compare-build-dirs.sh	True	True	True	True
4455	adriaanm	2015-04-17 19:21:35	viktorklang	2015-04-17 20:03:52	compare-build-dirs-ignore-patterns	True	True	True	True
4455	adriaanm	2015-04-17 19:21:35	viktorklang	2015-04-17 20:03:52	project/plugins.sbt	True	True	True	True
4455	adriaanm	2015-04-17 19:21:35	viktorklang	2015-04-17 20:03:52	project/ScalaTool.scala	True	True	True	True
4455	adriaanm	2015-04-17 19:21:35	viktorklang	2015-04-17 20:03:52	build.sbt	False	True	True	True
4455	adriaanm	2015-04-17 19:21:35	viktorklang	2015-04-17 20:03:52	build.sbt	True	True	True	True
4455	adriaanm	2015-04-17 19:21:35	viktorklang	2015-04-17 20:03:52	.gitignore	True	True	True	True
4455	adriaanm	2015-04-17 19:21:35	viktorklang	2015-04-17 20:07:51	project/plugins.sbt	True	True	True	True
4455	adriaanm	2015-04-17 19:21:35	viktorklang	2015-04-17 20:07:51	project/ScalaTool.scala	True	True	True	True
4455	adriaanm	2015-04-17 19:21:35	viktorklang	2015-04-17 20:03:52	project/build.properties	True	True	True	True
4455	adriaanm	2015-04-17 19:21:35	viktorklang	2015-04-17 20:07:51	compare-build-dirs-ignore-patterns	True	True	True	True
4455	adriaanm	2015-04-17 19:21:35	viktorklang	2015-04-17 20:05:34	build.sbt	False	True	True	True
4455	adriaanm	2015-04-17 19:21:35	viktorklang	2015-04-17 20:07:51	compare-build-dirs.sh	True	True	True	True
4455	adriaanm	2015-04-17 19:21:35	viktorklang	2015-04-17 20:05:34	test/junit/scala/collection/mutable/VectorTest.scala	True	True	True	True
4455	adriaanm	2015-04-17 19:21:35	viktorklang	2015-04-17 20:05:34	.gitignore	False	True	True	True
4455	adriaanm	2015-04-17 19:21:35	viktorklang	2015-04-17 20:05:34	build.xml	True	True	True	True
4455	adriaanm	2015-04-17 19:21:35	viktorklang	2015-04-17 20:05:34	compare-build-dirs-ignore-patterns	True	True	True	True
4455	adriaanm	2015-04-17 19:21:35	viktorklang	2015-04-17 20:05:34	project/plugins.sbt	True	True	True	True
4455	adriaanm	2015-04-17 19:21:35	viktorklang	2015-04-17 20:05:34	project/ScalaTool.scala	True	True	True	True
4455	adriaanm	2015-04-17 19:21:35	viktorklang	2015-04-17 20:05:34	compare-build-dirs.sh	True	True	True	True
4455	adriaanm	2015-04-17 19:21:35	viktorklang	2015-04-17 20:05:34	README.md	True	True	True	True
4455	adriaanm	2015-04-17 19:21:35	viktorklang	2015-04-17 20:05:34	.gitignore	True	True	True	True
4455	adriaanm	2015-04-17 19:21:35	viktorklang	2015-04-17 20:05:34	build.sbt	True	True	True	True
4455	adriaanm	2015-04-17 19:21:35	viktorklang	2015-04-17 20:07:51	test/junit/scala/collection/mutable/VectorTest.scala	True	True	True	True
4455	adriaanm	2015-04-17 19:21:35	viktorklang	2015-04-17 20:07:51	.gitignore	False	True	True	True
4455	adriaanm	2015-04-17 19:21:35	viktorklang	2015-04-17 20:07:51	build.xml	True	True	True	True
4455	adriaanm	2015-04-17 19:21:35	viktorklang	2015-04-17 20:05:34	project/build.properties	True	True	True	True
4454	retronym	2015-04-17 05:19:01	lrytz	2015-04-17 11:23:43	src/repl/scala/tools/nsc/interpreter/JavapClass.scala	True	True	True	True
4454	retronym	2015-04-17 05:19:01	lrytz	2015-04-17 11:23:43	src/compiler/scala/tools/nsc/transform/Delambdafy.scala	True	True	True	True
4454	retronym	2015-04-17 05:19:01	lrytz	2015-04-17 11:23:43	test/files/run/repl-javap-lambdas.scala	True	True	True	True
4447	iracic	2015-04-13 16:34:14	som-snytt	2015-04-13 19:33:41	src/repl/scala/tools/nsc/interpreter/ReplProps.scala	False	True	True	True
4447	iracic	2015-04-13 16:34:14	gourlaysama	2015-04-13 18:39:46	src/repl/scala/tools/nsc/interpreter/ILoop.scala	False	True	True	True
4447	iracic	2015-04-13 16:34:14	gourlaysama	2015-04-13 18:39:46	src/repl/scala/tools/nsc/interpreter/ReplProps.scala	False	True	True	True
4447	iracic	2015-04-13 16:34:14	gourlaysama	2015-04-13 18:39:46	src/repl/scala/tools/nsc/interpreter/session/FileBackedHistory.scala	False	True	True	True
4447	iracic	2015-04-13 16:34:14	som-snytt	2015-04-13 19:23:15	src/repl/scala/tools/nsc/interpreter/ILoop.scala	False	True	True	True
4447	iracic	2015-04-13 16:34:14	som-snytt	2015-04-13 19:23:15	src/repl/scala/tools/nsc/interpreter/ReplProps.scala	False	True	True	True
4447	iracic	2015-04-13 16:34:14	som-snytt	2015-04-13 19:33:41	src/repl/scala/tools/nsc/interpreter/ILoop.scala	False	True	True	True
4447	iracic	2015-04-13 16:34:14	som-snytt	2015-04-13 19:23:15	src/repl/scala/tools/nsc/interpreter/session/FileBackedHistory.scala	False	True	True	True
4447	iracic	2015-04-13 16:34:14	som-snytt	2015-04-13 19:33:41	src/repl/scala/tools/nsc/interpreter/session/FileBackedHistory.scala	False	True	True	True
4447	iracic	2015-04-13 16:34:14	lrytz	2015-05-04 09:38:25	src/repl/scala/tools/nsc/interpreter/ReplProps.scala	False	True	True	True
4447	iracic	2015-04-13 16:34:14	lrytz	2015-05-04 09:38:25	src/repl/scala/tools/nsc/interpreter/session/FileBackedHistory.scala	False	True	True	True
4447	iracic	2015-04-13 16:34:14	adriaanm	2015-04-13 16:39:03	src/repl/scala/tools/nsc/interpreter/ILoop.scala	False	True	True	True
4447	iracic	2015-04-13 16:34:14	adriaanm	2015-04-13 16:39:03	src/repl/scala/tools/nsc/interpreter/ReplProps.scala	False	True	True	True
4447	iracic	2015-04-13 16:34:14	adriaanm	2015-04-13 16:39:03	src/repl/scala/tools/nsc/interpreter/session/FileBackedHistory.scala	False	True	True	True
4447	iracic	2015-04-13 16:34:14	lrytz	2015-05-04 09:38:25	src/repl/scala/tools/nsc/interpreter/ILoop.scala	False	True	True	True
4446	mpociecha	2015-04-13 01:04:50	som-snytt	2015-04-13 06:51:05	src/interactive/scala/tools/nsc/interactive/Global.scala	True	True	True	True
4446	mpociecha	2015-04-13 01:04:50	som-snytt	2015-04-13 06:51:05	src/compiler/scala/tools/nsc/ast/parser/Parsers.scala	True	True	True	True
4446	mpociecha	2015-04-13 01:04:50	som-snytt	2015-04-13 06:51:05	src/compiler/scala/tools/nsc/typechecker/RefChecks.scala	True	True	True	True
4446	mpociecha	2015-04-13 01:04:50	som-snytt	2015-04-13 06:51:05	src/compiler/scala/tools/nsc/typechecker/Typers.scala	True	True	True	True
4446	mpociecha	2015-04-13 01:04:50	som-snytt	2015-04-13 06:51:05	src/interactive/scala/tools/nsc/interactive/CompilerControl.scala	True	True	True	True
4446	mpociecha	2015-04-13 01:04:50	som-snytt	2015-04-13 06:51:05	src/library/scala/Predef.scala	True	True	True	True
4446	mpociecha	2015-04-13 01:04:50	som-snytt	2015-04-13 06:51:05	src/interactive/scala/tools/nsc/interactive/Lexer.scala	True	True	True	True
4446	mpociecha	2015-04-13 01:04:50	som-snytt	2015-04-13 06:51:05	src/library/scala/Mutable.scala	True	True	True	True
4446	mpociecha	2015-04-13 01:04:50	som-snytt	2015-04-13 06:51:05	src/compiler/scala/tools/nsc/typechecker/Infer.scala	True	True	True	True
4446	mpociecha	2015-04-13 01:04:50	som-snytt	2015-04-13 06:51:05	src/library/scala/collection/SeqLike.scala	True	True	True	True
4446	mpociecha	2015-04-13 01:04:50	som-snytt	2015-04-13 06:51:05	src/library/scala/collection/concurrent/Map.scala	True	True	True	True
4446	mpociecha	2015-04-13 01:04:50	som-snytt	2015-04-13 06:51:05	src/compiler/scala/tools/nsc/typechecker/Namers.scala	True	True	True	True
4446	mpociecha	2015-04-13 01:04:50	som-snytt	2015-04-13 06:51:05	src/compiler/scala/tools/nsc/transform/SampleTransform.scala	True	True	True	True
4446	mpociecha	2015-04-13 01:04:50	som-snytt	2015-04-13 06:51:05	src/compiler/scala/tools/nsc/typechecker/Contexts.scala	True	True	True	True
4446	mpociecha	2015-04-13 01:04:50	som-snytt	2015-04-13 06:51:05	src/compiler/scala/tools/nsc/typechecker/AnalyzerPlugins.scala	True	True	True	True
4446	mpociecha	2015-04-13 01:04:50	som-snytt	2015-04-13 06:51:05	src/compiler/scala/tools/nsc/transform/SpecializeTypes.scala	True	True	True	True
4446	mpociecha	2015-04-13 01:04:50	som-snytt	2015-04-13 06:51:05	src/compiler/scala/tools/nsc/transform/Mixin.scala	True	True	True	True
4446	mpociecha	2015-04-13 01:04:50	som-snytt	2015-04-13 06:51:05	src/compiler/scala/tools/nsc/transform/LazyVals.scala	True	True	True	True
4446	mpociecha	2015-04-13 01:04:50	som-snytt	2015-04-13 06:51:05	src/compiler/scala/tools/nsc/transform/Delambdafy.scala	True	True	True	True
4446	mpociecha	2015-04-13 01:04:50	som-snytt	2015-04-13 06:51:05	src/compiler/scala/tools/nsc/transform/Constructors.scala	True	True	True	True
4446	mpociecha	2015-04-13 01:04:50	som-snytt	2015-04-13 06:51:05	src/compiler/scala/tools/nsc/backend/opt/DeadCodeElimination.scala	True	True	True	True
4446	mpociecha	2015-04-13 01:04:50	som-snytt	2015-04-13 06:51:05	src/compiler/scala/tools/nsc/backend/jvm/BTypes.scala	True	True	True	True
4446	mpociecha	2015-04-13 01:04:50	som-snytt	2015-04-13 06:51:05	src/compiler/scala/tools/nsc/backend/icode/analysis/TypeFlowAnalysis.scala	True	True	True	True
4446	mpociecha	2015-04-13 01:04:50	som-snytt	2015-04-13 06:51:05	src/compiler/scala/tools/nsc/backend/icode/ICodeCheckers.scala	True	True	True	True
4446	mpociecha	2015-04-13 01:04:50	som-snytt	2015-04-13 06:51:05	src/library/scala/collection/mutable/AVLTree.scala	True	True	True	True
4446	mpociecha	2015-04-13 01:04:50	som-snytt	2015-04-13 06:51:05	src/library/scala/collection/immutable/Stream.scala	True	True	True	True
4446	mpociecha	2015-04-13 01:04:50	som-snytt	2015-04-13 06:51:05	src/reflect/scala/reflect/internal/tpe/FindMembers.scala	True	True	True	True
4446	mpociecha	2015-04-13 01:04:50	som-snytt	2015-04-13 06:51:05	src/library/scala/collection/mutable/HashTable.scala	True	True	True	True
4446	mpociecha	2015-04-13 01:04:50	som-snytt	2015-04-13 06:51:05	src/reflect/scala/reflect/internal/TreeGen.scala	True	True	True	True
4446	mpociecha	2015-04-13 01:04:50	som-snytt	2015-04-13 06:51:05	test/scaladoc/resources/Trac4420.scala	True	True	True	True
4446	mpociecha	2015-04-13 01:04:50	som-snytt	2015-04-13 06:51:05	test/pending/jvm/javasigs.scala	True	True	True	True
4446	mpociecha	2015-04-13 01:04:50	som-snytt	2015-04-13 06:51:05	test/junit/scala/tools/nsc/backend/jvm/opt/InlinerTest.scala	True	True	True	True
4446	mpociecha	2015-04-13 01:04:50	som-snytt	2015-04-13 06:51:05	test/files/run/t7741a/Test.scala	True	True	True	True
4446	mpociecha	2015-04-13 01:04:50	som-snytt	2015-04-13 06:51:05	test/files/run/classfile-format-52.scala	True	True	True	True
4446	mpociecha	2015-04-13 01:04:50	som-snytt	2015-04-13 06:51:05	test/files/run/classfile-format-51.scala	True	True	True	True
4446	mpociecha	2015-04-13 01:04:50	som-snytt	2015-04-13 06:51:05	test/files/pos/t7815.scala	True	True	True	True
4446	mpociecha	2015-04-13 01:04:50	som-snytt	2015-04-13 06:51:05	test/files/jvm/javaReflection/Test.scala	True	True	True	True
4446	mpociecha	2015-04-13 01:04:50	som-snytt	2015-04-13 06:51:05	test/files/jvm/inner.scala	True	True	True	True
4446	mpociecha	2015-04-13 01:04:50	som-snytt	2015-04-13 06:51:05	src/compiler/scala/reflect/quasiquotes/Reifiers.scala	True	True	True	True
4446	mpociecha	2015-04-13 01:04:50	som-snytt	2015-04-13 06:51:05	src/reflect/scala/reflect/internal/Types.scala	True	True	True	True
4446	mpociecha	2015-04-13 01:04:50	som-snytt	2015-04-13 06:51:05	src/reflect/scala/reflect/internal/Symbols.scala	True	True	True	True
4446	mpociecha	2015-04-13 01:04:50	som-snytt	2015-04-13 06:51:05	src/library/scala/collection/mutable/UnrolledBuffer.scala	True	True	True	True
4446	mpociecha	2015-04-13 01:04:50	som-snytt	2015-04-13 06:51:05	src/reflect/scala/reflect/internal/ReificationSupport.scala	True	True	True	True
4446	mpociecha	2015-04-13 01:04:50	som-snytt	2015-04-13 06:51:05	src/reflect/scala/reflect/internal/Definitions.scala	True	True	True	True
4446	mpociecha	2015-04-13 01:04:50	som-snytt	2015-04-13 06:51:05	src/partest-extras/scala/tools/partest/ASMConverters.scala	True	True	True	True
4446	mpociecha	2015-04-13 01:04:50	som-snytt	2015-04-13 06:51:05	src/library/scala/util/matching/Regex.scala	True	True	True	True
4446	mpociecha	2015-04-13 01:04:50	som-snytt	2015-04-13 06:51:05	src/library/scala/util/hashing/MurmurHash3.scala	True	True	True	True
4446	mpociecha	2015-04-13 01:04:50	som-snytt	2015-04-13 06:51:05	src/library/scala/util/control/Exception.scala	True	True	True	True
4446	mpociecha	2015-04-13 01:04:50	som-snytt	2015-04-13 06:51:05	src/library/scala/sys/process/ProcessLogger.scala	True	True	True	True
4446	mpociecha	2015-04-13 01:04:50	som-snytt	2015-04-13 06:51:05	src/library/scala/sys/process/BasicIO.scala	True	True	True	True
4446	mpociecha	2015-04-13 01:04:50	som-snytt	2015-04-13 02:55:40	src/compiler/scala/reflect/quasiquotes/Reifiers.scala	True	True	True	True
4446	mpociecha	2015-04-13 01:04:50	som-snytt	2015-04-13 06:51:05	src/library/scala/concurrent/JavaConversions.scala	True	True	True	True
4446	mpociecha	2015-04-13 01:04:50	som-snytt	2015-04-13 06:51:05	src/library/scala/collection/mutable/WrappedArray.scala	True	True	True	True
4446	mpociecha	2015-04-13 01:04:50	som-snytt	2015-04-13 06:51:05	src/compiler/scala/tools/nsc/PhaseAssembly.scala	True	True	True	True
4446	mpociecha	2015-04-13 01:04:50	som-snytt	2015-04-13 02:55:40	src/library/scala/util/matching/Regex.scala	True	True	True	True
4446	mpociecha	2015-04-13 01:04:50	som-snytt	2015-04-13 02:55:40	tools/scaladoc-compare	True	True	True	True
4446	mpociecha	2015-04-13 01:04:50	som-snytt	2015-04-13 02:55:40	src/compiler/scala/tools/nsc/transform/SpecializeTypes.scala	True	True	True	True
4446	mpociecha	2015-04-13 01:04:50	som-snytt	2015-04-13 02:55:40	src/library/scala/Predef.scala	True	True	True	True
4446	mpociecha	2015-04-13 01:04:50	som-snytt	2015-04-13 02:55:40	src/library/scala/Mutable.scala	True	True	True	True
4446	mpociecha	2015-04-13 01:04:50	som-snytt	2015-04-13 02:55:40	src/interactive/scala/tools/nsc/interactive/Lexer.scala	True	True	True	True
4446	mpociecha	2015-04-13 01:04:50	som-snytt	2015-04-13 02:55:40	src/interactive/scala/tools/nsc/interactive/Global.scala	True	True	True	True
4446	mpociecha	2015-04-13 01:04:50	som-snytt	2015-04-13 02:55:40	src/interactive/scala/tools/nsc/interactive/CompilerControl.scala	True	True	True	True
4446	mpociecha	2015-04-13 01:04:50	som-snytt	2015-04-13 02:55:40	src/compiler/scala/tools/nsc/typechecker/Typers.scala	True	True	True	True
4446	mpociecha	2015-04-13 01:04:50	som-snytt	2015-04-13 02:55:40	src/compiler/scala/tools/nsc/typechecker/RefChecks.scala	True	True	True	True
4446	mpociecha	2015-04-13 01:04:50	som-snytt	2015-04-13 02:55:40	src/compiler/scala/tools/nsc/typechecker/Namers.scala	True	True	True	True
4446	mpociecha	2015-04-13 01:04:50	som-snytt	2015-04-13 02:55:40	src/compiler/scala/tools/nsc/typechecker/Infer.scala	True	True	True	True
4446	mpociecha	2015-04-13 01:04:50	som-snytt	2015-04-13 02:55:40	src/compiler/scala/tools/nsc/typechecker/Contexts.scala	True	True	True	True
4446	mpociecha	2015-04-13 01:04:50	som-snytt	2015-04-13 02:55:40	src/compiler/scala/tools/nsc/typechecker/AnalyzerPlugins.scala	True	True	True	True
4446	mpociecha	2015-04-13 01:04:50	som-snytt	2015-04-13 02:55:40	src/compiler/scala/tools/nsc/transform/SampleTransform.scala	True	True	True	True
4446	mpociecha	2015-04-13 01:04:50	som-snytt	2015-04-13 02:55:40	src/library/scala/collection/concurrent/Map.scala	True	True	True	True
4446	mpociecha	2015-04-13 01:04:50	som-snytt	2015-04-13 02:55:40	src/compiler/scala/tools/nsc/transform/Mixin.scala	True	True	True	True
4446	mpociecha	2015-04-13 01:04:50	som-snytt	2015-04-13 02:55:40	src/compiler/scala/tools/nsc/transform/LazyVals.scala	True	True	True	True
4446	mpociecha	2015-04-13 01:04:50	som-snytt	2015-04-13 02:55:40	src/compiler/scala/tools/nsc/transform/Delambdafy.scala	True	True	True	True
4446	mpociecha	2015-04-13 01:04:50	som-snytt	2015-04-13 02:55:40	src/compiler/scala/tools/nsc/transform/Constructors.scala	True	True	True	True
4446	mpociecha	2015-04-13 01:04:50	som-snytt	2015-04-13 02:55:40	src/compiler/scala/tools/nsc/backend/opt/DeadCodeElimination.scala	True	True	True	True
4446	mpociecha	2015-04-13 01:04:50	som-snytt	2015-04-13 02:55:40	src/compiler/scala/tools/nsc/backend/jvm/BTypes.scala	True	True	True	True
4446	mpociecha	2015-04-13 01:04:50	som-snytt	2015-04-13 02:55:40	src/compiler/scala/tools/nsc/backend/icode/analysis/TypeFlowAnalysis.scala	True	True	True	True
4446	mpociecha	2015-04-13 01:04:50	som-snytt	2015-04-13 02:55:40	src/compiler/scala/tools/nsc/backend/icode/ICodeCheckers.scala	True	True	True	True
4446	mpociecha	2015-04-13 01:04:50	som-snytt	2015-04-13 02:55:40	src/compiler/scala/tools/nsc/ast/parser/Parsers.scala	True	True	True	True
4446	mpociecha	2015-04-13 01:04:50	som-snytt	2015-04-13 02:55:40	src/compiler/scala/tools/nsc/PhaseAssembly.scala	True	True	True	True
4446	mpociecha	2015-04-13 01:04:50	som-snytt	2015-04-13 06:57:41	src/compiler/scala/reflect/quasiquotes/Reifiers.scala	True	True	True	True
4446	mpociecha	2015-04-13 01:04:50	som-snytt	2015-04-13 02:55:40	src/library/scala/collection/SeqLike.scala	True	True	True	True
4446	mpociecha	2015-04-13 01:04:50	som-snytt	2015-04-13 02:55:40	src/library/scala/collection/immutable/Stream.scala	True	True	True	True
4446	mpociecha	2015-04-13 01:04:50	som-snytt	2015-04-13 02:55:40	test/scaladoc/resources/Trac4420.scala	True	True	True	True
4446	mpociecha	2015-04-13 01:04:50	som-snytt	2015-04-13 02:55:40	src/reflect/scala/reflect/internal/Symbols.scala	True	True	True	True
4446	mpociecha	2015-04-13 01:04:50	som-snytt	2015-04-13 02:55:40	test/pending/jvm/javasigs.scala	True	True	True	True
4446	mpociecha	2015-04-13 01:04:50	som-snytt	2015-04-13 02:55:40	test/junit/scala/tools/nsc/backend/jvm/opt/InlinerTest.scala	True	True	True	True
4446	mpociecha	2015-04-13 01:04:50	som-snytt	2015-04-13 02:55:40	test/files/run/t7741a/Test.scala	True	True	True	True
4446	mpociecha	2015-04-13 01:04:50	som-snytt	2015-04-13 02:55:40	test/files/run/classfile-format-52.scala	True	True	True	True
4446	mpociecha	2015-04-13 01:04:50	som-snytt	2015-04-13 02:55:40	test/files/run/classfile-format-51.scala	True	True	True	True
4446	mpociecha	2015-04-13 01:04:50	som-snytt	2015-04-13 02:55:40	test/files/pos/t7815.scala	True	True	True	True
4446	mpociecha	2015-04-13 01:04:50	som-snytt	2015-04-13 02:55:40	test/files/jvm/javaReflection/Test.scala	True	True	True	True
4446	mpociecha	2015-04-13 01:04:50	som-snytt	2015-04-13 02:55:40	test/files/jvm/inner.scala	True	True	True	True
4446	mpociecha	2015-04-13 01:04:50	som-snytt	2015-04-13 02:55:40	src/reflect/scala/reflect/internal/tpe/FindMembers.scala	True	True	True	True
4446	mpociecha	2015-04-13 01:04:50	som-snytt	2015-04-13 02:55:40	src/reflect/scala/reflect/internal/Types.scala	True	True	True	True
4446	mpociecha	2015-04-13 01:04:50	som-snytt	2015-04-13 02:55:40	src/reflect/scala/reflect/internal/TreeGen.scala	True	True	True	True
4446	mpociecha	2015-04-13 01:04:50	som-snytt	2015-04-13 02:55:40	src/reflect/scala/reflect/internal/ReificationSupport.scala	True	True	True	True
4446	mpociecha	2015-04-13 01:04:50	som-snytt	2015-04-13 02:55:40	src/library/scala/collection/mutable/AVLTree.scala	True	True	True	True
4446	mpociecha	2015-04-13 01:04:50	som-snytt	2015-04-13 02:55:40	src/reflect/scala/reflect/internal/Definitions.scala	True	True	True	True
4446	mpociecha	2015-04-13 01:04:50	som-snytt	2015-04-13 02:55:40	src/partest-extras/scala/tools/partest/ASMConverters.scala	True	True	True	True
4446	mpociecha	2015-04-13 01:04:50	som-snytt	2015-04-13 02:55:40	src/library/scala/util/hashing/MurmurHash3.scala	True	True	True	True
4446	mpociecha	2015-04-13 01:04:50	som-snytt	2015-04-13 02:55:40	src/library/scala/util/control/Exception.scala	True	True	True	True
4446	mpociecha	2015-04-13 01:04:50	som-snytt	2015-04-13 02:55:40	src/library/scala/sys/process/ProcessLogger.scala	True	True	True	True
4446	mpociecha	2015-04-13 01:04:50	som-snytt	2015-04-13 02:55:40	src/library/scala/sys/process/BasicIO.scala	True	True	True	True
4446	mpociecha	2015-04-13 01:04:50	som-snytt	2015-04-13 02:55:40	src/library/scala/math/BigDecimal.scala	True	True	True	True
4446	mpociecha	2015-04-13 01:04:50	som-snytt	2015-04-13 02:55:40	src/library/scala/concurrent/JavaConversions.scala	True	True	True	True
4446	mpociecha	2015-04-13 01:04:50	som-snytt	2015-04-13 02:55:40	src/library/scala/collection/mutable/WrappedArray.scala	True	True	True	True
4446	mpociecha	2015-04-13 01:04:50	som-snytt	2015-04-13 02:55:40	src/library/scala/collection/mutable/UnrolledBuffer.scala	True	True	True	True
4446	mpociecha	2015-04-13 01:04:50	som-snytt	2015-04-13 02:55:40	src/library/scala/collection/mutable/HashTable.scala	True	True	True	True
4446	mpociecha	2015-04-13 01:04:50	som-snytt	2015-04-13 06:51:05	tools/scaladoc-compare	True	True	True	True
4446	mpociecha	2015-04-13 01:04:50	som-snytt	2015-04-13 06:51:05	src/library/scala/math/BigDecimal.scala	True	True	True	True
4446	mpociecha	2015-04-13 01:04:50	som-snytt	2015-04-13 06:57:41	src/compiler/scala/tools/nsc/PhaseAssembly.scala	True	True	True	True
4446	mpociecha	2015-04-13 01:04:50	som-snytt	2015-04-20 00:21:58	src/compiler/scala/tools/nsc/typechecker/Namers.scala	True	True	True	True
4446	mpociecha	2015-04-13 01:04:50	som-snytt	2015-04-20 00:21:58	src/library/scala/collection/mutable/AVLTree.scala	True	True	True	True
4446	mpociecha	2015-04-13 01:04:50	som-snytt	2015-04-20 00:21:58	src/library/scala/collection/immutable/Stream.scala	True	True	True	True
4446	mpociecha	2015-04-13 01:04:50	som-snytt	2015-04-20 00:21:58	src/library/scala/collection/concurrent/Map.scala	True	True	True	True
4446	mpociecha	2015-04-13 01:04:50	som-snytt	2015-04-20 00:21:58	src/library/scala/collection/SeqLike.scala	True	True	True	True
4446	mpociecha	2015-04-13 01:04:50	som-snytt	2015-04-20 00:21:58	src/library/scala/Predef.scala	True	True	True	True
4446	mpociecha	2015-04-13 01:04:50	som-snytt	2015-04-20 00:21:58	src/library/scala/Mutable.scala	True	True	True	True
4446	mpociecha	2015-04-13 01:04:50	som-snytt	2015-04-20 00:21:58	src/interactive/scala/tools/nsc/interactive/Lexer.scala	True	True	True	True
4446	mpociecha	2015-04-13 01:04:50	som-snytt	2015-04-20 00:21:58	src/interactive/scala/tools/nsc/interactive/Global.scala	True	True	True	True
4446	mpociecha	2015-04-13 01:04:50	som-snytt	2015-04-20 00:21:58	src/interactive/scala/tools/nsc/interactive/CompilerControl.scala	True	True	True	True
4446	mpociecha	2015-04-13 01:04:50	som-snytt	2015-04-20 00:21:58	src/compiler/scala/tools/nsc/typechecker/Typers.scala	True	True	True	True
4446	mpociecha	2015-04-13 01:04:50	som-snytt	2015-04-20 00:21:58	src/compiler/scala/tools/nsc/typechecker/RefChecks.scala	True	True	True	True
4446	mpociecha	2015-04-13 01:04:50	som-snytt	2015-04-20 00:21:58	src/compiler/scala/tools/nsc/typechecker/Contexts.scala	True	True	True	True
4446	mpociecha	2015-04-13 01:04:50	som-snytt	2015-04-20 00:21:58	src/library/scala/collection/mutable/UnrolledBuffer.scala	True	True	True	True
4446	mpociecha	2015-04-13 01:04:50	som-snytt	2015-04-20 00:21:58	src/compiler/scala/tools/nsc/typechecker/AnalyzerPlugins.scala	True	True	True	True
4446	mpociecha	2015-04-13 01:04:50	som-snytt	2015-04-20 00:21:58	src/compiler/scala/tools/nsc/transform/SpecializeTypes.scala	True	True	True	True
4446	mpociecha	2015-04-13 01:04:50	som-snytt	2015-04-20 00:21:58	src/compiler/scala/tools/nsc/transform/SampleTransform.scala	True	True	True	True
4446	mpociecha	2015-04-13 01:04:50	som-snytt	2015-04-20 00:21:58	src/compiler/scala/tools/nsc/transform/Mixin.scala	True	True	True	True
4446	mpociecha	2015-04-13 01:04:50	som-snytt	2015-04-20 00:21:58	src/compiler/scala/tools/nsc/transform/LazyVals.scala	True	True	True	True
4446	mpociecha	2015-04-13 01:04:50	som-snytt	2015-04-20 00:21:58	src/compiler/scala/tools/nsc/transform/Delambdafy.scala	True	True	True	True
4446	mpociecha	2015-04-13 01:04:50	som-snytt	2015-04-20 00:21:58	src/compiler/scala/tools/nsc/transform/Constructors.scala	True	True	True	True
4446	mpociecha	2015-04-13 01:04:50	som-snytt	2015-04-20 00:21:58	src/compiler/scala/tools/nsc/backend/opt/DeadCodeElimination.scala	True	True	True	True
4446	mpociecha	2015-04-13 01:04:50	som-snytt	2015-04-20 00:21:58	src/compiler/scala/tools/nsc/backend/jvm/BTypes.scala	True	True	True	True
4446	mpociecha	2015-04-13 01:04:50	som-snytt	2015-04-20 00:21:58	src/compiler/scala/tools/nsc/backend/icode/analysis/TypeFlowAnalysis.scala	True	True	True	True
4446	mpociecha	2015-04-13 01:04:50	som-snytt	2015-04-20 00:21:58	src/compiler/scala/tools/nsc/backend/icode/ICodeCheckers.scala	True	True	True	True
4446	mpociecha	2015-04-13 01:04:50	som-snytt	2015-04-20 00:21:58	src/library/scala/collection/mutable/HashTable.scala	True	True	True	True
4446	mpociecha	2015-04-13 01:04:50	som-snytt	2015-04-20 00:21:58	src/library/scala/collection/mutable/WrappedArray.scala	True	True	True	True
4446	mpociecha	2015-04-13 01:04:50	som-snytt	2015-04-20 00:21:58	src/compiler/scala/tools/nsc/PhaseAssembly.scala	True	True	True	True
4446	mpociecha	2015-04-13 01:04:50	som-snytt	2015-04-20 00:21:58	src/reflect/scala/reflect/internal/tpe/FindMembers.scala	True	True	True	True
4446	mpociecha	2015-04-13 01:04:50	som-snytt	2015-04-13 06:57:41	src/compiler/scala/tools/nsc/ast/parser/Parsers.scala	True	True	True	True
4446	mpociecha	2015-04-13 01:04:50	som-snytt	2015-04-20 00:21:58	tools/scaladoc-compare	True	True	True	True
4446	mpociecha	2015-04-13 01:04:50	som-snytt	2015-04-20 00:21:58	test/scaladoc/resources/Trac4420.scala	True	True	True	True
4446	mpociecha	2015-04-13 01:04:50	som-snytt	2015-04-20 00:21:58	test/pending/jvm/javasigs.scala	True	True	True	True
4446	mpociecha	2015-04-13 01:04:50	som-snytt	2015-04-20 00:21:58	test/junit/scala/tools/nsc/backend/jvm/opt/InlinerTest.scala	True	True	True	True
4446	mpociecha	2015-04-13 01:04:50	som-snytt	2015-04-20 00:21:58	test/files/run/t7741a/Test.scala	True	True	True	True
4446	mpociecha	2015-04-13 01:04:50	som-snytt	2015-04-20 00:21:58	test/files/run/classfile-format-52.scala	True	True	True	True
4446	mpociecha	2015-04-13 01:04:50	som-snytt	2015-04-20 00:21:58	test/files/run/classfile-format-51.scala	True	True	True	True
4446	mpociecha	2015-04-13 01:04:50	som-snytt	2015-04-20 00:21:58	test/files/pos/t7815.scala	True	True	True	True
4446	mpociecha	2015-04-13 01:04:50	som-snytt	2015-04-20 00:21:58	test/files/jvm/javaReflection/Test.scala	True	True	True	True
4446	mpociecha	2015-04-13 01:04:50	som-snytt	2015-04-20 00:21:58	test/files/jvm/inner.scala	True	True	True	True
4446	mpociecha	2015-04-13 01:04:50	som-snytt	2015-04-20 00:21:58	src/reflect/scala/reflect/internal/Types.scala	True	True	True	True
4446	mpociecha	2015-04-13 01:04:50	som-snytt	2015-04-20 00:21:58	src/library/scala/concurrent/JavaConversions.scala	True	True	True	True
4446	mpociecha	2015-04-13 01:04:50	som-snytt	2015-04-20 00:21:58	src/reflect/scala/reflect/internal/TreeGen.scala	True	True	True	True
4446	mpociecha	2015-04-13 01:04:50	som-snytt	2015-04-20 00:21:58	src/reflect/scala/reflect/internal/Symbols.scala	True	True	True	True
4446	mpociecha	2015-04-13 01:04:50	som-snytt	2015-04-20 00:21:58	src/reflect/scala/reflect/internal/ReificationSupport.scala	True	True	True	True
4446	mpociecha	2015-04-13 01:04:50	som-snytt	2015-04-20 00:21:58	src/reflect/scala/reflect/internal/Definitions.scala	True	True	True	True
4446	mpociecha	2015-04-13 01:04:50	som-snytt	2015-04-20 00:21:58	src/partest-extras/scala/tools/partest/ASMConverters.scala	True	True	True	True
4446	mpociecha	2015-04-13 01:04:50	som-snytt	2015-04-20 00:21:58	src/library/scala/util/matching/Regex.scala	True	True	True	True
4446	mpociecha	2015-04-13 01:04:50	som-snytt	2015-04-20 00:21:58	src/library/scala/util/hashing/MurmurHash3.scala	True	True	True	True
4446	mpociecha	2015-04-13 01:04:50	som-snytt	2015-04-20 00:21:58	src/library/scala/util/control/Exception.scala	True	True	True	True
4446	mpociecha	2015-04-13 01:04:50	som-snytt	2015-04-20 00:21:58	src/library/scala/sys/process/ProcessLogger.scala	True	True	True	True
4446	mpociecha	2015-04-13 01:04:50	som-snytt	2015-04-20 00:21:58	src/library/scala/sys/process/BasicIO.scala	True	True	True	True
4446	mpociecha	2015-04-13 01:04:50	som-snytt	2015-04-20 00:21:58	src/library/scala/math/BigDecimal.scala	True	True	True	True
4446	mpociecha	2015-04-13 01:04:50	som-snytt	2015-04-20 00:21:58	src/compiler/scala/tools/nsc/ast/parser/Parsers.scala	True	True	True	True
4446	mpociecha	2015-04-13 01:04:50	som-snytt	2015-04-20 00:21:58	src/compiler/scala/tools/nsc/typechecker/Infer.scala	True	True	True	True
4446	mpociecha	2015-04-13 01:04:50	som-snytt	2015-04-20 00:21:58	src/compiler/scala/reflect/quasiquotes/Reifiers.scala	True	True	True	True
4446	mpociecha	2015-04-13 01:04:50	som-snytt	2015-04-13 06:57:41	tools/scaladoc-compare	True	True	True	True
4446	mpociecha	2015-04-13 01:04:50	som-snytt	2015-04-13 06:57:41	src/library/scala/collection/immutable/Stream.scala	True	True	True	True
4446	mpociecha	2015-04-13 01:04:50	som-snytt	2015-04-13 06:57:41	src/library/scala/collection/concurrent/Map.scala	True	True	True	True
4446	mpociecha	2015-04-13 01:04:50	som-snytt	2015-04-13 06:57:41	src/library/scala/collection/SeqLike.scala	True	True	True	True
4446	mpociecha	2015-04-13 01:04:50	som-snytt	2015-04-13 06:57:41	src/library/scala/Predef.scala	True	True	True	True
4446	mpociecha	2015-04-13 01:04:50	som-snytt	2015-04-13 06:57:41	src/library/scala/Mutable.scala	True	True	True	True
4446	mpociecha	2015-04-13 01:04:50	som-snytt	2015-04-13 06:57:41	src/interactive/scala/tools/nsc/interactive/Lexer.scala	True	True	True	True
4446	mpociecha	2015-04-13 01:04:50	som-snytt	2015-04-13 06:57:41	src/interactive/scala/tools/nsc/interactive/Global.scala	True	True	True	True
4446	mpociecha	2015-04-13 01:04:50	som-snytt	2015-04-13 06:57:41	src/interactive/scala/tools/nsc/interactive/CompilerControl.scala	True	True	True	True
4446	mpociecha	2015-04-13 01:04:50	som-snytt	2015-04-13 06:57:41	src/compiler/scala/tools/nsc/typechecker/Typers.scala	True	True	True	True
4446	mpociecha	2015-04-13 01:04:50	som-snytt	2015-04-13 06:57:41	src/compiler/scala/tools/nsc/typechecker/RefChecks.scala	True	True	True	True
4446	mpociecha	2015-04-13 01:04:50	som-snytt	2015-04-13 06:57:41	src/compiler/scala/tools/nsc/typechecker/Namers.scala	True	True	True	True
4446	mpociecha	2015-04-13 01:04:50	som-snytt	2015-04-13 06:57:41	src/compiler/scala/tools/nsc/typechecker/Contexts.scala	True	True	True	True
4446	mpociecha	2015-04-13 01:04:50	som-snytt	2015-04-13 06:57:41	src/library/scala/collection/mutable/HashTable.scala	True	True	True	True
4446	mpociecha	2015-04-13 01:04:50	som-snytt	2015-04-13 06:57:41	src/compiler/scala/tools/nsc/typechecker/AnalyzerPlugins.scala	True	True	True	True
4446	mpociecha	2015-04-13 01:04:50	som-snytt	2015-04-13 06:57:41	src/compiler/scala/tools/nsc/transform/SpecializeTypes.scala	True	True	True	True
4446	mpociecha	2015-04-13 01:04:50	som-snytt	2015-04-13 06:57:41	src/compiler/scala/tools/nsc/transform/SampleTransform.scala	True	True	True	True
4446	mpociecha	2015-04-13 01:04:50	som-snytt	2015-04-13 06:57:41	src/compiler/scala/tools/nsc/transform/Mixin.scala	True	True	True	True
4446	mpociecha	2015-04-13 01:04:50	som-snytt	2015-04-13 06:57:41	src/compiler/scala/tools/nsc/transform/LazyVals.scala	True	True	True	True
4446	mpociecha	2015-04-13 01:04:50	som-snytt	2015-04-13 06:57:41	src/compiler/scala/tools/nsc/transform/Delambdafy.scala	True	True	True	True
4446	mpociecha	2015-04-13 01:04:50	som-snytt	2015-04-13 06:57:41	src/compiler/scala/tools/nsc/transform/Constructors.scala	True	True	True	True
4446	mpociecha	2015-04-13 01:04:50	som-snytt	2015-04-13 06:57:41	src/compiler/scala/tools/nsc/backend/opt/DeadCodeElimination.scala	True	True	True	True
4446	mpociecha	2015-04-13 01:04:50	som-snytt	2015-04-13 06:57:41	src/compiler/scala/tools/nsc/backend/jvm/BTypes.scala	True	True	True	True
4446	mpociecha	2015-04-13 01:04:50	som-snytt	2015-04-13 06:57:41	src/compiler/scala/tools/nsc/backend/icode/analysis/TypeFlowAnalysis.scala	True	True	True	True
4446	mpociecha	2015-04-13 01:04:50	som-snytt	2015-04-13 06:57:41	src/compiler/scala/tools/nsc/backend/icode/ICodeCheckers.scala	True	True	True	True
4446	mpociecha	2015-04-13 01:04:50	som-snytt	2015-04-13 06:57:41	src/library/scala/collection/mutable/AVLTree.scala	True	True	True	True
4446	mpociecha	2015-04-13 01:04:50	som-snytt	2015-04-13 06:57:41	src/compiler/scala/tools/nsc/typechecker/Infer.scala	True	True	True	True
4446	mpociecha	2015-04-13 01:04:50	som-snytt	2015-04-13 06:57:41	src/library/scala/collection/mutable/UnrolledBuffer.scala	True	True	True	True
4446	mpociecha	2015-04-13 01:04:50	som-snytt	2015-04-13 06:57:41	src/reflect/scala/reflect/internal/TreeGen.scala	True	True	True	True
4446	mpociecha	2015-04-13 01:04:50	som-snytt	2015-04-13 06:57:41	src/library/scala/collection/mutable/WrappedArray.scala	True	True	True	True
4446	mpociecha	2015-04-13 01:04:50	som-snytt	2015-04-13 06:57:41	test/scaladoc/resources/Trac4420.scala	True	True	True	True
4446	mpociecha	2015-04-13 01:04:50	som-snytt	2015-04-13 06:57:41	test/pending/jvm/javasigs.scala	True	True	True	True
4446	mpociecha	2015-04-13 01:04:50	som-snytt	2015-04-13 06:57:41	test/junit/scala/tools/nsc/backend/jvm/opt/InlinerTest.scala	True	True	True	True
4446	mpociecha	2015-04-13 01:04:50	som-snytt	2015-04-13 06:57:41	test/files/run/t7741a/Test.scala	True	True	True	True
4446	mpociecha	2015-04-13 01:04:50	som-snytt	2015-04-13 06:57:41	test/files/run/classfile-format-52.scala	True	True	True	True
4446	mpociecha	2015-04-13 01:04:50	som-snytt	2015-04-13 06:57:41	test/files/run/classfile-format-51.scala	True	True	True	True
4446	mpociecha	2015-04-13 01:04:50	som-snytt	2015-04-13 06:57:41	test/files/jvm/javaReflection/Test.scala	True	True	True	True
4446	mpociecha	2015-04-13 01:04:50	som-snytt	2015-04-13 06:57:41	test/files/jvm/inner.scala	True	True	True	True
4446	mpociecha	2015-04-13 01:04:50	som-snytt	2015-04-13 06:57:41	src/reflect/scala/reflect/internal/tpe/FindMembers.scala	True	True	True	True
4446	mpociecha	2015-04-13 01:04:50	som-snytt	2015-04-13 06:57:41	src/reflect/scala/reflect/internal/Types.scala	True	True	True	True
4446	mpociecha	2015-04-13 01:04:50	som-snytt	2015-04-13 06:57:41	test/files/pos/t7815.scala	True	True	True	True
4446	mpociecha	2015-04-13 01:04:50	som-snytt	2015-04-13 06:57:41	src/library/scala/sys/process/ProcessLogger.scala	True	True	True	True
4446	mpociecha	2015-04-13 01:04:50	som-snytt	2015-04-13 06:57:41	src/reflect/scala/reflect/internal/ReificationSupport.scala	True	True	True	True
4446	mpociecha	2015-04-13 01:04:50	som-snytt	2015-04-13 06:57:41	src/reflect/scala/reflect/internal/Definitions.scala	True	True	True	True
4446	mpociecha	2015-04-13 01:04:50	som-snytt	2015-04-13 06:57:41	src/partest-extras/scala/tools/partest/ASMConverters.scala	True	True	True	True
4446	mpociecha	2015-04-13 01:04:50	som-snytt	2015-04-13 06:57:41	src/library/scala/util/matching/Regex.scala	True	True	True	True
4446	mpociecha	2015-04-13 01:04:50	som-snytt	2015-04-13 06:57:41	src/library/scala/util/hashing/MurmurHash3.scala	True	True	True	True
4446	mpociecha	2015-04-13 01:04:50	som-snytt	2015-04-13 06:57:41	src/library/scala/util/control/Exception.scala	True	True	True	True
4446	mpociecha	2015-04-13 01:04:50	som-snytt	2015-04-13 06:57:41	src/library/scala/sys/process/BasicIO.scala	True	True	True	True
4446	mpociecha	2015-04-13 01:04:50	som-snytt	2015-04-13 06:57:41	src/library/scala/math/BigDecimal.scala	True	True	True	True
4446	mpociecha	2015-04-13 01:04:50	som-snytt	2015-04-13 06:57:41	src/reflect/scala/reflect/internal/Symbols.scala	True	True	True	True
4446	mpociecha	2015-04-13 01:04:50	som-snytt	2015-04-13 06:57:41	src/library/scala/concurrent/JavaConversions.scala	True	True	True	True
4440	som-snytt	2015-04-08 17:12:50	soc	2015-09-14 06:44:26	test/files/pos/t2991/scam_2.scala	False	True	True	True
4440	som-snytt	2015-04-08 17:12:50	soc	2015-09-14 06:44:26	src/compiler/scala/tools/nsc/typechecker/Adaptations.scala	True	True	True	True
4440	som-snytt	2015-04-08 17:12:50	soc	2015-09-14 06:44:26	src/compiler/scala/tools/nsc/settings/ScalaSettings.scala	True	True	True	True
4440	som-snytt	2015-04-08 17:12:50	soc	2015-09-14 06:44:26	test/files/pos/t2991.flags	True	True	True	True
4440	som-snytt	2015-04-08 17:12:50	soc	2015-09-14 06:44:26	src/compiler/scala/tools/nsc/typechecker/Infer.scala	True	True	True	True
4440	som-snytt	2015-04-08 17:12:50	soc	2015-09-14 06:44:26	test/files/pos/t2991/Jamb_1.java	False	True	True	True
4440	som-snytt	2015-04-08 17:12:50	soc	2015-09-14 06:44:26	src/compiler/scala/tools/nsc/typechecker/Contexts.scala	True	True	True	True
4440	som-snytt	2015-04-08 17:12:50	soc	2015-09-14 06:44:26	test/files/neg/t2991/scam_2.scala	True	True	True	True
4440	som-snytt	2015-04-08 17:12:50	soc	2015-09-14 06:44:26	src/compiler/scala/tools/nsc/typechecker/Typers.scala	True	True	True	True
4440	som-snytt	2015-04-08 17:12:50	soc	2015-09-14 06:44:26	test/files/neg/t2991.check	True	True	True	True
4440	som-snytt	2015-04-08 17:12:50	soc	2015-09-14 06:44:26	test/files/neg/t2991.flags	True	True	True	True
4440	som-snytt	2015-04-08 17:12:50	soc	2015-09-14 06:44:26	test/files/neg/t2991/Jamb_1.java	True	True	True	True
4440	som-snytt	2015-04-08 17:12:50	retronym	2015-04-14 03:44:54	test/files/pos/t2991/scam_2.scala	True	True	True	True
4440	som-snytt	2015-04-08 17:12:50	soc	2015-09-14 06:44:26	src/compiler/scala/tools/nsc/typechecker/Infer.scala	False	True	True	True
4440	som-snytt	2015-04-08 17:12:50	retronym	2015-04-14 03:44:54	test/files/pos/t2991/Jamb_1.java	False	True	True	True
4440	som-snytt	2015-04-08 17:12:50	retronym	2015-04-14 03:44:54	test/files/pos/t2991/Jamb_1.java	True	True	True	True
4440	som-snytt	2015-04-08 17:12:50	retronym	2015-04-14 03:44:54	test/files/pos/t2991.flags	True	True	True	True
4440	som-snytt	2015-04-08 17:12:50	retronym	2015-04-14 03:44:54	test/files/neg/t2991/scam_2.scala	True	True	True	True
4440	som-snytt	2015-04-08 17:12:50	retronym	2015-04-14 03:44:54	test/files/neg/t2991/Jamb_1.java	True	True	True	True
4440	som-snytt	2015-04-08 17:12:50	retronym	2015-04-14 03:44:54	test/files/neg/t2991.flags	True	True	True	True
4440	som-snytt	2015-04-08 17:12:50	retronym	2015-04-14 03:44:54	test/files/neg/t2991.check	True	True	True	True
4440	som-snytt	2015-04-08 17:12:50	retronym	2015-04-14 03:44:54	src/compiler/scala/tools/nsc/typechecker/Typers.scala	True	True	True	True
4440	som-snytt	2015-04-08 17:12:50	retronym	2015-04-14 03:44:54	src/compiler/scala/tools/nsc/typechecker/Infer.scala	True	True	True	True
4440	som-snytt	2015-04-08 17:12:50	retronym	2015-04-14 03:44:54	src/compiler/scala/tools/nsc/typechecker/Contexts.scala	True	True	True	True
4440	som-snytt	2015-04-08 17:12:50	retronym	2015-04-14 03:44:54	src/compiler/scala/tools/nsc/typechecker/Adaptations.scala	True	True	True	True
4440	som-snytt	2015-04-08 17:12:50	retronym	2015-04-14 03:44:54	src/compiler/scala/tools/nsc/settings/ScalaSettings.scala	True	True	True	True
4440	som-snytt	2015-04-08 17:12:50	retronym	2015-04-14 03:44:54	test/files/pos/t2991/scam_2.scala	False	True	True	True
4440	som-snytt	2015-04-08 17:12:50	retronym	2015-04-14 03:44:54	src/compiler/scala/tools/nsc/typechecker/Infer.scala	False	True	True	True
4440	som-snytt	2015-04-08 17:12:50	soc	2015-09-14 06:44:26	test/files/pos/t2991/scam_2.scala	True	True	True	True
4440	som-snytt	2015-04-08 17:12:50	soc	2015-09-14 06:44:26	test/files/pos/t2991/Jamb_1.java	True	True	True	True
4440	som-snytt	2015-04-08 17:12:50	retronym	2015-04-14 03:38:38	test/files/neg/t2991/Jamb_1.java	True	True	True	True
4440	som-snytt	2015-04-08 17:12:50	retronym	2015-04-14 03:38:38	src/compiler/scala/tools/nsc/typechecker/Infer.scala	False	True	True	True
4440	som-snytt	2015-04-08 17:12:50	retronym	2015-04-14 03:48:12	src/compiler/scala/tools/nsc/typechecker/Infer.scala	False	True	True	True
4440	som-snytt	2015-04-08 17:12:50	retronym	2015-04-14 03:48:12	test/files/pos/t2991/scam_2.scala	True	True	True	True
4440	som-snytt	2015-04-08 17:12:50	retronym	2015-04-14 03:48:12	test/files/pos/t2991/Jamb_1.java	True	True	True	True
4440	som-snytt	2015-04-08 17:12:50	retronym	2015-04-14 03:48:12	test/files/pos/t2991.flags	True	True	True	True
4440	som-snytt	2015-04-08 17:12:50	retronym	2015-04-14 03:48:12	test/files/neg/t2991/scam_2.scala	True	True	True	True
4440	som-snytt	2015-04-08 17:12:50	retronym	2015-04-14 03:48:12	test/files/neg/t2991/Jamb_1.java	True	True	True	True
4440	som-snytt	2015-04-08 17:12:50	retronym	2015-04-14 03:48:12	test/files/neg/t2991.flags	True	True	True	True
4440	som-snytt	2015-04-08 17:12:50	retronym	2015-04-14 03:48:12	test/files/neg/t2991.check	True	True	True	True
4440	som-snytt	2015-04-08 17:12:50	retronym	2015-04-14 03:48:12	src/compiler/scala/tools/nsc/typechecker/Typers.scala	True	True	True	True
4440	som-snytt	2015-04-08 17:12:50	retronym	2015-04-14 03:48:12	src/compiler/scala/tools/nsc/typechecker/Infer.scala	True	True	True	True
4440	som-snytt	2015-04-08 17:12:50	retronym	2015-04-14 03:48:12	src/compiler/scala/tools/nsc/typechecker/Contexts.scala	True	True	True	True
4440	som-snytt	2015-04-08 17:12:50	retronym	2015-04-14 03:48:12	src/compiler/scala/tools/nsc/typechecker/Adaptations.scala	True	True	True	True
4440	som-snytt	2015-04-08 17:12:50	retronym	2015-04-14 03:48:12	src/compiler/scala/tools/nsc/settings/ScalaSettings.scala	True	True	True	True
4440	som-snytt	2015-04-08 17:12:50	retronym	2015-04-14 03:48:12	test/files/pos/t2991/scam_2.scala	False	True	True	True
4440	som-snytt	2015-04-08 17:12:50	retronym	2015-04-14 03:48:12	test/files/pos/t2991/Jamb_1.java	False	True	True	True
4440	som-snytt	2015-04-08 17:12:50	retronym	2015-04-14 03:38:38	src/compiler/scala/tools/nsc/typechecker/Typers.scala	True	True	True	True
4440	som-snytt	2015-04-08 17:12:50	retronym	2015-04-14 03:38:38	test/files/pos/t2991/Jamb_1.java	True	True	True	True
4440	som-snytt	2015-04-08 17:12:50	retronym	2015-04-14 03:38:38	test/files/pos/t2991.flags	True	True	True	True
4440	som-snytt	2015-04-08 17:12:50	retronym	2015-04-14 03:38:38	test/files/neg/t2991/scam_2.scala	True	True	True	True
4440	som-snytt	2015-04-08 17:12:50	retronym	2015-04-14 03:38:38	test/files/pos/t2991/Jamb_1.java	False	True	True	True
4440	som-snytt	2015-04-08 17:12:50	retronym	2015-04-14 03:38:38	test/files/neg/t2991.flags	True	True	True	True
4440	som-snytt	2015-04-08 17:12:50	retronym	2015-04-14 03:38:38	test/files/neg/t2991.check	True	True	True	True
4440	som-snytt	2015-04-08 17:12:50	retronym	2015-04-14 03:38:38	test/files/pos/t2991/scam_2.scala	True	True	True	True
4440	som-snytt	2015-04-08 17:12:50	retronym	2015-04-14 03:38:38	src/compiler/scala/tools/nsc/typechecker/Infer.scala	True	True	True	True
4440	som-snytt	2015-04-08 17:12:50	retronym	2015-04-14 03:38:38	src/compiler/scala/tools/nsc/typechecker/Contexts.scala	True	True	True	True
4440	som-snytt	2015-04-08 17:12:50	retronym	2015-04-14 03:38:38	src/compiler/scala/tools/nsc/typechecker/Adaptations.scala	True	True	True	True
4440	som-snytt	2015-04-08 17:12:50	retronym	2015-04-14 03:38:38	src/compiler/scala/tools/nsc/settings/ScalaSettings.scala	True	True	True	True
4440	som-snytt	2015-04-08 17:12:50	retronym	2015-04-14 03:38:38	test/files/pos/t2991/scam_2.scala	False	True	True	True
4438	retronym	2015-04-08 09:42:12	xeno-by	2015-04-08 09:58:52	src/compiler/scala/tools/nsc/plugins/Plugin.scala	True	True	True	True
4437	kubudi	2015-04-08 08:37:01	xuwei-k	2015-04-08 09:07:15	test/junit/scala/OptionTest.scala	False	True	True	True
4437	kubudi	2015-04-08 08:37:01	xuwei-k	2015-04-08 09:07:15	src/library/scala/Option.scala	False	True	True	True
