pr_number	author_user_login	pr_created_at	review_user_login	review_created_at	filename	create_before_pr	has_issue_comment	has_review_comment	has_commit
3597	som-snytt	2014-02-28 13:35:29	retronym	2014-05-07 12:11:46	src/compiler/scala/tools/nsc/settings/MutableSettings.scala	True	True	True	True
3597	som-snytt	2014-02-28 13:35:29	retronym	2014-05-07 12:11:46	test/files/run/t5905-features.flags	False	True	True	True
3597	som-snytt	2014-02-28 13:35:29	retronym	2014-05-07 12:11:46	src/compiler/scala/tools/nsc/settings/MutableSettings.scala	False	True	True	True
3597	som-snytt	2014-02-28 13:35:29	retronym	2014-05-07 12:11:46	src/compiler/scala/tools/nsc/typechecker/Typers.scala	False	True	True	True
3597	som-snytt	2014-02-28 13:35:29	retronym	2014-05-07 12:11:46	src/compiler/scala/tools/nsc/settings/AbsScalaSettings.scala	True	True	True	True
3597	som-snytt	2014-02-28 13:35:29	retronym	2014-05-07 12:11:46	test/files/run/t5905-features.scala	False	True	True	True
3597	som-snytt	2014-02-28 13:35:29	retronym	2014-05-07 12:11:46	src/compiler/scala/tools/nsc/settings/ScalaSettings.scala	True	True	True	True
3597	som-snytt	2014-02-28 13:35:29	retronym	2014-05-07 12:11:46	test/files/run/t5905-features.scala	True	True	True	True
3597	som-snytt	2014-02-28 13:35:29	retronym	2014-05-07 12:11:46	test/files/run/t5905b-features.check	True	True	True	True
3597	som-snytt	2014-02-28 13:35:29	retronym	2014-05-07 12:11:46	test/files/run/t5905-features.flags	True	True	True	True
3597	som-snytt	2014-02-28 13:35:29	retronym	2014-05-07 12:11:46	test/files/run/t5905b-features.scala	True	True	True	True
3595	densh	2014-02-28 11:47:20	xeno-by	2014-03-01 14:37:39	src/reflect/scala/reflect/internal/ReificationSupport.scala	True	True	True	True
3595	densh	2014-02-28 11:47:20	xeno-by	2014-03-01 14:37:39	src/compiler/scala/tools/reflect/quasiquotes/Reifiers.scala	True	True	True	True
3595	densh	2014-02-28 11:47:20	xeno-by	2014-03-01 14:37:39	src/reflect/scala/reflect/api/Internals.scala	True	True	True	True
3595	densh	2014-02-28 11:47:20	xeno-by	2014-03-01 14:37:39	test/files/scalacheck/quasiquotes/DefinitionConstructionProps.scala	True	True	True	True
3595	densh	2014-02-28 11:47:20	xeno-by	2014-03-01 14:37:39	test/files/scalacheck/quasiquotes/DefinitionDeconstructionProps.scala	True	True	True	True
3594	densh	2014-02-28 11:45:48	xeno-by	2014-03-03 10:35:23	src/reflect/scala/reflect/internal/ReificationSupport.scala	False	True	True	True
3594	densh	2014-02-28 11:45:48	xeno-by	2014-03-01 14:49:16	test/files/scalacheck/quasiquotes/TypeDeconstructionProps.scala	True	True	True	True
3594	densh	2014-02-28 11:45:48	xeno-by	2014-03-01 14:49:16	test/files/scalacheck/quasiquotes/TermDeconstructionProps.scala	True	True	True	True
3594	densh	2014-02-28 11:45:48	xeno-by	2014-03-01 14:49:16	src/reflect/scala/reflect/internal/StdNames.scala	True	True	True	True
3594	densh	2014-02-28 11:45:48	xeno-by	2014-03-01 14:49:16	src/reflect/scala/reflect/internal/ReificationSupport.scala	True	True	True	True
3594	densh	2014-02-28 11:45:48	xeno-by	2014-03-01 14:49:16	src/compiler/scala/tools/reflect/quasiquotes/Reifiers.scala	False	True	True	True
3594	densh	2014-02-28 11:45:48	xeno-by	2014-03-01 14:49:16	src/reflect/scala/reflect/api/Internals.scala	True	True	True	True
3594	densh	2014-02-28 11:45:48	xeno-by	2014-03-01 14:49:16	src/compiler/scala/tools/reflect/quasiquotes/Reifiers.scala	True	True	True	True
3594	densh	2014-02-28 11:45:48	xeno-by	2014-03-01 14:49:16	bincompat-backward.whitelist.conf	True	True	True	True
3594	densh	2014-02-28 11:45:48	xeno-by	2014-03-03 10:35:23	src/reflect/scala/reflect/internal/ReificationSupport.scala	True	True	True	True
3594	densh	2014-02-28 11:45:48	xeno-by	2014-03-03 10:35:23	src/compiler/scala/tools/reflect/quasiquotes/Reifiers.scala	False	True	True	True
3594	densh	2014-02-28 11:45:48	xeno-by	2014-03-03 10:35:23	test/files/scalacheck/quasiquotes/TypeDeconstructionProps.scala	True	True	True	True
3594	densh	2014-02-28 11:45:48	xeno-by	2014-03-03 10:35:23	test/files/scalacheck/quasiquotes/TermDeconstructionProps.scala	True	True	True	True
3594	densh	2014-02-28 11:45:48	xeno-by	2014-03-03 10:35:23	src/reflect/scala/reflect/internal/StdNames.scala	True	True	True	True
3594	densh	2014-02-28 11:45:48	xeno-by	2014-03-03 10:35:23	src/reflect/scala/reflect/api/Internals.scala	True	True	True	True
3594	densh	2014-02-28 11:45:48	xeno-by	2014-03-03 10:35:23	src/compiler/scala/tools/reflect/quasiquotes/Reifiers.scala	True	True	True	True
3594	densh	2014-02-28 11:45:48	xeno-by	2014-03-03 10:35:23	bincompat-forward.whitelist.conf	True	True	True	True
3594	densh	2014-02-28 11:45:48	xeno-by	2014-03-03 10:35:23	bincompat-backward.whitelist.conf	True	True	True	True
3594	densh	2014-02-28 11:45:48	xeno-by	2014-03-01 14:48:13	bincompat-backward.whitelist.conf	True	True	True	True
3594	densh	2014-02-28 11:45:48	xeno-by	2014-03-01 14:49:16	src/reflect/scala/reflect/internal/ReificationSupport.scala	False	True	True	True
3594	densh	2014-02-28 11:45:48	xeno-by	2014-03-01 14:49:16	bincompat-forward.whitelist.conf	True	True	True	True
3594	densh	2014-02-28 11:45:48	xeno-by	2014-03-01 14:48:13	bincompat-forward.whitelist.conf	True	True	True	True
3594	densh	2014-02-28 11:45:48	retronym	2014-02-28 12:29:34	bincompat-backward.whitelist.conf	True	True	True	True
3594	densh	2014-02-28 11:45:48	retronym	2014-02-28 12:29:34	src/reflect/scala/reflect/internal/ReificationSupport.scala	False	True	True	True
3594	densh	2014-02-28 11:45:48	retronym	2014-02-28 12:29:34	src/compiler/scala/tools/reflect/quasiquotes/Reifiers.scala	False	True	True	True
3594	densh	2014-02-28 11:45:48	retronym	2014-02-28 12:29:34	test/files/scalacheck/quasiquotes/TypeDeconstructionProps.scala	True	True	True	True
3594	densh	2014-02-28 11:45:48	retronym	2014-02-28 12:29:34	test/files/scalacheck/quasiquotes/TermDeconstructionProps.scala	True	True	True	True
3594	densh	2014-02-28 11:45:48	retronym	2014-02-28 12:29:34	src/reflect/scala/reflect/internal/ReificationSupport.scala	True	True	True	True
3594	densh	2014-02-28 11:45:48	retronym	2014-02-28 12:29:34	src/reflect/scala/reflect/api/Internals.scala	True	True	True	True
3594	densh	2014-02-28 11:45:48	retronym	2014-02-28 12:29:34	src/compiler/scala/tools/reflect/quasiquotes/Reifiers.scala	True	True	True	True
3594	densh	2014-02-28 11:45:48	retronym	2014-02-28 12:29:34	bincompat-forward.whitelist.conf	True	True	True	True
3594	densh	2014-02-28 11:45:48	retronym	2014-02-28 12:29:34	src/reflect/scala/reflect/internal/StdNames.scala	True	True	True	True
3594	densh	2014-02-28 11:45:48	xeno-by	2014-03-01 14:48:13	src/reflect/scala/reflect/internal/ReificationSupport.scala	False	True	True	True
3594	densh	2014-02-28 11:45:48	xeno-by	2014-03-01 14:48:13	src/compiler/scala/tools/reflect/quasiquotes/Reifiers.scala	False	True	True	True
3594	densh	2014-02-28 11:45:48	xeno-by	2014-03-01 14:48:13	test/files/scalacheck/quasiquotes/TypeDeconstructionProps.scala	True	True	True	True
3594	densh	2014-02-28 11:45:48	xeno-by	2014-03-01 14:48:13	test/files/scalacheck/quasiquotes/TermDeconstructionProps.scala	True	True	True	True
3594	densh	2014-02-28 11:45:48	xeno-by	2014-03-01 14:48:13	src/reflect/scala/reflect/internal/StdNames.scala	True	True	True	True
3594	densh	2014-02-28 11:45:48	xeno-by	2014-03-01 14:48:13	src/reflect/scala/reflect/internal/ReificationSupport.scala	True	True	True	True
3594	densh	2014-02-28 11:45:48	xeno-by	2014-03-01 14:48:13	src/reflect/scala/reflect/api/Internals.scala	True	True	True	True
3594	densh	2014-02-28 11:45:48	xeno-by	2014-03-01 14:48:13	src/compiler/scala/tools/reflect/quasiquotes/Reifiers.scala	True	True	True	True
3579	densh	2014-02-24 12:59:16	xeno-by	2014-02-24 13:51:46	src/reflect/scala/reflect/api/Quasiquotes.scala	True	True	True	True
3579	densh	2014-02-24 12:59:16	xeno-by	2014-02-24 13:51:46	src/reflect/scala/reflect/api/Liftables.scala	False	True	True	True
3579	densh	2014-02-24 12:59:16	xeno-by	2014-02-24 13:51:46	src/reflect/scala/reflect/api/Quasiquotes.scala	False	True	True	True
3579	densh	2014-02-24 12:59:16	xeno-by	2014-02-24 13:51:46	src/reflect/scala/reflect/api/Liftables.scala	True	True	True	True
3579	densh	2014-02-24 12:59:16	xeno-by	2014-02-24 13:51:26	src/reflect/scala/reflect/api/Quasiquotes.scala	True	True	True	True
3579	densh	2014-02-24 12:59:16	xeno-by	2014-02-24 13:51:26	src/reflect/scala/reflect/api/Liftables.scala	False	True	True	True
3579	densh	2014-02-24 12:59:16	xeno-by	2014-02-24 13:51:26	src/reflect/scala/reflect/api/Quasiquotes.scala	False	True	True	True
3579	densh	2014-02-24 12:59:16	xeno-by	2014-02-24 13:51:26	src/reflect/scala/reflect/api/Liftables.scala	True	True	True	True
3566	adriaanm	2014-02-20 06:00:37	gkossakowski	2014-02-24 13:57:54	test/files/neg/t6455.check	True	True	True	True
3566	adriaanm	2014-02-20 06:00:37	gkossakowski	2014-02-24 13:57:54	test/junit/scala/util/TryTest.scala	False	True	True	True
3566	adriaanm	2014-02-20 06:00:37	gkossakowski	2014-02-24 13:57:54	src/compiler/scala/tools/nsc/typechecker/Typers.scala	True	True	True	True
3566	adriaanm	2014-02-20 06:00:37	gkossakowski	2014-02-24 13:57:54	src/library/scala/util/Try.scala	False	True	True	True
3566	adriaanm	2014-02-20 06:00:37	gkossakowski	2014-02-24 13:57:54	test/files/neg/t6455.flags	True	True	True	True
3566	adriaanm	2014-02-20 06:00:37	gkossakowski	2014-02-24 13:57:54	test/files/scalacheck/quasiquotes/TypecheckedProps.scala	True	True	True	True
3566	adriaanm	2014-02-20 06:00:37	gkossakowski	2014-02-24 13:57:54	test/files/neg/t6455.scala	True	True	True	True
3565	adriaanm	2014-02-20 05:32:46	gkossakowski	2014-02-20 20:11:16	test/files/neg/t6217.flags	True	True	True	True
3565	adriaanm	2014-02-20 05:32:46	xeno-by	2014-02-20 16:08:43	src/compiler/scala/tools/nsc/ast/parser/Parsers.scala	True	True	True	True
3565	adriaanm	2014-02-20 05:32:46	xeno-by	2014-02-20 16:08:43	test/files/neg/t6217.check	True	True	True	True
3565	adriaanm	2014-02-20 05:32:46	xeno-by	2014-02-20 16:08:43	test/files/neg/t6217.flags	True	True	True	True
3565	adriaanm	2014-02-20 05:32:46	gkossakowski	2014-02-20 20:11:16	src/compiler/scala/tools/nsc/ast/parser/Parsers.scala	True	True	True	True
3565	adriaanm	2014-02-20 05:32:46	gkossakowski	2014-02-20 20:11:16	test/files/neg/t6217.check	True	True	True	True
3565	adriaanm	2014-02-20 05:32:46	xeno-by	2014-02-20 16:08:43	test/files/neg/t6217.scala	True	True	True	True
3565	adriaanm	2014-02-20 05:32:46	gkossakowski	2014-02-20 20:11:16	test/files/neg/t6217.scala	True	True	True	True
3565	adriaanm	2014-02-20 05:32:46	gkossakowski	2014-02-20 20:14:26	src/compiler/scala/tools/nsc/ast/parser/Parsers.scala	True	True	True	True
3565	adriaanm	2014-02-20 05:32:46	gkossakowski	2014-02-20 20:14:26	test/files/neg/t6217.check	True	True	True	True
3565	adriaanm	2014-02-20 05:32:46	gkossakowski	2014-02-20 20:14:26	test/files/neg/t6217.flags	True	True	True	True
3565	adriaanm	2014-02-20 05:32:46	gkossakowski	2014-02-20 20:14:26	test/files/neg/t6217.scala	True	True	True	True
3563	adriaanm	2014-02-20 04:48:31	gkossakowski	2014-02-20 20:13:16	test/files/run/t6481.check	True	True	True	True
3563	adriaanm	2014-02-20 04:48:31	gkossakowski	2014-02-20 20:13:16	test/files/neg/delayed-init-ref.check	False	True	True	True
3563	adriaanm	2014-02-20 04:48:31	gkossakowski	2014-02-20 20:13:16	src/library/scala/App.scala	True	True	True	True
3563	adriaanm	2014-02-20 04:48:31	gkossakowski	2014-02-20 20:13:16	src/library/scala/DelayedInit.scala	True	True	True	True
3563	adriaanm	2014-02-20 04:48:31	gkossakowski	2014-02-20 20:13:16	src/library/scala/DelayedInit.scala	False	True	True	True
3563	adriaanm	2014-02-20 04:48:31	gkossakowski	2014-02-20 20:13:16	test/files/neg/delayed-init-ref.check	True	True	True	True
3563	adriaanm	2014-02-20 04:48:31	gkossakowski	2014-02-20 20:13:16	test/files/neg/delayed-init-ref.flags	True	True	True	True
3563	adriaanm	2014-02-20 04:48:31	gkossakowski	2014-02-20 20:13:16	test/files/run/delay-bad.check	True	True	True	True
3563	adriaanm	2014-02-20 04:48:31	gkossakowski	2014-02-20 20:13:16	test/files/run/t4396.check	True	True	True	True
3563	adriaanm	2014-02-20 04:48:31	gkossakowski	2014-02-20 20:13:16	test/files/run/t4680.check	True	True	True	True
3563	adriaanm	2014-02-20 04:48:31	xeno-by	2014-02-20 16:10:56	test/files/run/delay-bad.check	True	True	True	True
3563	adriaanm	2014-02-20 04:48:31	xeno-by	2014-02-20 16:10:56	src/library/scala/DelayedInit.scala	False	True	True	True
3563	adriaanm	2014-02-20 04:48:31	xeno-by	2014-02-20 16:10:56	test/files/neg/delayed-init-ref.check	False	True	True	True
3563	adriaanm	2014-02-20 04:48:31	xeno-by	2014-02-20 16:10:56	src/library/scala/App.scala	True	True	True	True
3563	adriaanm	2014-02-20 04:48:31	xeno-by	2014-02-20 16:10:56	src/library/scala/DelayedInit.scala	True	True	True	True
3563	adriaanm	2014-02-20 04:48:31	xeno-by	2014-02-20 16:10:56	test/files/neg/delayed-init-ref.check	True	True	True	True
3563	adriaanm	2014-02-20 04:48:31	xeno-by	2014-02-20 16:10:56	test/files/neg/delayed-init-ref.flags	True	True	True	True
3563	adriaanm	2014-02-20 04:48:31	xeno-by	2014-02-20 16:10:56	test/files/run/t4396.check	True	True	True	True
3563	adriaanm	2014-02-20 04:48:31	xeno-by	2014-02-20 16:10:56	test/files/run/t4680.check	True	True	True	True
3563	adriaanm	2014-02-20 04:48:31	xeno-by	2014-02-20 16:10:56	test/files/run/t6481.check	True	True	True	True
3560	gkossakowski	2014-02-19 14:25:55	retronym	2014-02-19 14:28:00	test/files/pos/t8306.scala	False	True	True	True
3560	gkossakowski	2014-02-19 14:25:55	retronym	2014-02-19 14:28:00	src/compiler/scala/tools/nsc/backend/opt/ConstantOptimization.scala	False	True	True	True
3560	gkossakowski	2014-02-19 14:25:55	retronym	2014-02-19 14:28:00	test/files/pos/t8306.flags	False	True	True	True
3560	gkossakowski	2014-02-19 14:25:55	retronym	2014-02-19 14:28:10	test/files/pos/t8306.flags	False	True	True	True
3560	gkossakowski	2014-02-19 14:25:55	retronym	2014-02-19 14:28:10	src/compiler/scala/tools/nsc/backend/opt/ConstantOptimization.scala	False	True	True	True
3560	gkossakowski	2014-02-19 14:25:55	retronym	2014-02-19 14:28:10	test/files/pos/t8306.scala	False	True	True	True
3554	rjolly	2014-02-18 20:10:56	retronym	2014-02-18 20:12:54	test/files/scalacheck/parallel-collections/ParallelMapCheck1.scala	True	True	True	True
3554	rjolly	2014-02-18 20:10:56	retronym	2014-02-18 20:12:54	test/files/pos/t8065.scala	True	True	True	True
3554	rjolly	2014-02-18 20:10:56	retronym	2014-02-18 20:12:54	test/files/neg/t2316.check	True	True	True	True
3554	rjolly	2014-02-18 20:10:56	retronym	2014-02-18 20:12:54	src/compiler/scala/tools/nsc/typechecker/Implicits.scala	True	True	True	True
3553	retronym	2014-02-18 16:39:35	adriaanm	2014-02-18 17:35:54	test/files/neg/predef-masking.scala	True	True	True	True
3553	retronym	2014-02-18 16:39:35	adriaanm	2014-02-18 17:35:54	src/library/scala/Predef.scala	True	True	True	True
3553	retronym	2014-02-18 16:39:35	adriaanm	2014-02-18 17:35:54	test/files/neg/logImplicits.check	True	True	True	True
3553	retronym	2014-02-18 16:39:35	adriaanm	2014-02-18 17:35:54	test/files/neg/t8219.check	True	True	True	True
3553	retronym	2014-02-18 16:39:35	adriaanm	2014-02-18 17:35:54	test/files/neg/t8219.scala	True	True	True	True
3533	adriaanm	2014-02-14 18:35:35	retronym	2014-02-14 18:59:53	src/reflect/scala/reflect/internal/Types.scala	True	True	True	True
3533	adriaanm	2014-02-14 18:35:35	retronym	2014-02-14 18:58:34	src/reflect/scala/reflect/internal/Symbols.scala	True	True	True	True
3533	adriaanm	2014-02-14 18:35:35	retronym	2014-02-14 18:58:34	src/reflect/scala/reflect/internal/Types.scala	True	True	True	True
3533	adriaanm	2014-02-14 18:35:35	retronym	2014-02-14 18:58:34	test/files/pos/existential-java-case-class/Client.scala	True	True	True	True
3533	adriaanm	2014-02-14 18:35:35	retronym	2014-02-14 18:58:34	test/files/pos/existential-java-case-class/J.java	True	True	True	True
3533	adriaanm	2014-02-14 18:35:35	retronym	2014-02-14 18:59:53	src/reflect/scala/reflect/internal/Symbols.scala	True	True	True	True
3533	adriaanm	2014-02-14 18:35:35	retronym	2014-02-14 18:50:55	src/reflect/scala/reflect/internal/Types.scala	True	True	True	True
3533	adriaanm	2014-02-14 18:35:35	retronym	2014-02-14 18:59:53	test/files/pos/existential-java-case-class/Client.scala	True	True	True	True
3533	adriaanm	2014-02-14 18:35:35	retronym	2014-02-14 18:59:53	test/files/pos/existential-java-case-class/J.java	True	True	True	True
3533	adriaanm	2014-02-14 18:35:35	retronym	2014-02-14 18:50:55	src/reflect/scala/reflect/internal/Symbols.scala	True	True	True	True
3533	adriaanm	2014-02-14 18:35:35	retronym	2014-02-14 18:50:55	test/files/pos/existential-java-case-class/Client.scala	True	True	True	True
3533	adriaanm	2014-02-14 18:35:35	retronym	2014-02-14 18:50:55	test/files/pos/existential-java-case-class/J.java	True	True	True	True
3529	Ichoran	2014-02-14 00:32:09	retronym	2014-02-16 15:28:25	src/library/scala/collection/parallel/ParIterableLike.scala	True	True	True	True
3529	Ichoran	2014-02-14 00:32:09	adriaanm	2014-02-15 22:56:21	src/library/scala/collection/parallel/ParIterableLike.scala	True	True	True	True
3529	Ichoran	2014-02-14 00:32:09	adriaanm	2014-02-15 22:56:21	src/library/scala/collection/parallel/ParSeqLike.scala	True	True	True	True
3529	Ichoran	2014-02-14 00:32:09	adriaanm	2014-02-15 22:56:21	test/files/neg/t8072.check	True	True	True	True
3529	Ichoran	2014-02-14 00:32:09	adriaanm	2014-02-15 22:56:21	test/files/neg/t8072.scala	True	True	True	True
3529	Ichoran	2014-02-14 00:32:09	adriaanm	2014-02-15 22:56:21	src/library/scala/collection/parallel/package.scala	True	True	True	True
3529	Ichoran	2014-02-14 00:32:09	retronym	2014-02-16 15:28:25	src/library/scala/collection/parallel/ParSeqLike.scala	True	True	True	True
3529	Ichoran	2014-02-14 00:32:09	retronym	2014-02-16 15:28:25	src/library/scala/collection/parallel/package.scala	True	True	True	True
3529	Ichoran	2014-02-14 00:32:09	retronym	2014-02-16 15:28:25	test/files/neg/t8072.check	True	True	True	True
3529	Ichoran	2014-02-14 00:32:09	retronym	2014-02-16 15:28:25	test/files/neg/t8072.scala	True	True	True	True
3525	adriaanm	2014-02-13 20:33:59	retronym	2014-02-13 21:58:08	src/reflect/scala/reflect/internal/Types.scala	False	True	True	True
3525	adriaanm	2014-02-13 20:33:59	xeno-by	2014-02-14 07:50:51	test/files/neg/t8177a.scala	True	True	True	True
3525	adriaanm	2014-02-13 20:33:59	xeno-by	2014-02-14 07:50:51	test/files/pos/t0764.scala	True	True	True	True
3525	adriaanm	2014-02-13 20:33:59	xeno-by	2014-02-14 07:50:51	test/files/pos/t8177h.scala	True	True	True	True
3525	adriaanm	2014-02-13 20:33:59	xeno-by	2014-02-14 07:50:51	test/files/run/t6992/Test_2.scala	True	True	True	True
3525	adriaanm	2014-02-13 20:33:59	retronym	2014-02-13 21:58:08	src/compiler/scala/reflect/reify/codegen/GenTypes.scala	False	True	True	True
3525	adriaanm	2014-02-13 20:33:59	retronym	2014-02-13 21:58:08	test/files/neg/t8104/Test_2.scala	False	True	True	True
3525	adriaanm	2014-02-13 20:33:59	xeno-by	2014-02-14 07:50:51	test/files/neg/t0764b.scala	True	True	True	True
3525	adriaanm	2014-02-13 20:33:59	retronym	2014-02-13 21:58:08	test/files/run/t6992.check	False	True	True	True
3525	adriaanm	2014-02-13 20:33:59	retronym	2014-02-13 21:58:08	test/files/run/t6992/Test_2.scala	False	True	True	True
3525	adriaanm	2014-02-13 20:33:59	retronym	2014-02-13 21:58:08	test/files/run/t8104.check	False	True	True	True
3525	adriaanm	2014-02-13 20:33:59	retronym	2014-02-13 21:58:08	test/files/run/t8104/Test_2.scala	False	True	True	True
3525	adriaanm	2014-02-13 20:33:59	retronym	2014-02-13 21:58:08	src/compiler/scala/reflect/reify/codegen/GenSymbols.scala	True	True	True	True
3525	adriaanm	2014-02-13 20:33:59	xeno-by	2014-02-14 07:50:51	test/files/neg/t8177a.check	True	True	True	True
3525	adriaanm	2014-02-13 20:33:59	xeno-by	2014-02-14 07:50:51	test/files/neg/t0764.scala	True	True	True	True
3525	adriaanm	2014-02-13 20:33:59	xeno-by	2014-02-14 07:50:51	test/files/neg/t0764b.check	True	True	True	True
3525	adriaanm	2014-02-13 20:33:59	xeno-by	2014-02-14 07:50:51	test/files/neg/t0764.check	True	True	True	True
3525	adriaanm	2014-02-13 20:33:59	xeno-by	2014-02-14 07:50:51	src/reflect/scala/reflect/internal/Types.scala	True	True	True	True
3525	adriaanm	2014-02-13 20:33:59	xeno-by	2014-02-14 07:50:51	src/compiler/scala/reflect/reify/codegen/GenTypes.scala	True	True	True	True
3525	adriaanm	2014-02-13 20:33:59	xeno-by	2014-02-14 07:50:51	src/compiler/scala/reflect/reify/codegen/GenSymbols.scala	True	True	True	True
3525	adriaanm	2014-02-13 20:33:59	xeno-by	2014-02-14 07:50:51	test/files/run/t8104/Test_2.scala	False	True	True	True
3525	adriaanm	2014-02-13 20:33:59	xeno-by	2014-02-14 07:50:51	test/files/run/t8104.check	False	True	True	True
3525	adriaanm	2014-02-13 20:33:59	xeno-by	2014-02-14 07:50:51	test/files/run/t6992/Test_2.scala	False	True	True	True
3525	adriaanm	2014-02-13 20:33:59	xeno-by	2014-02-14 07:50:51	test/files/run/t6992.check	False	True	True	True
3525	adriaanm	2014-02-13 20:33:59	xeno-by	2014-02-14 07:50:51	test/files/neg/t8104/Test_2.scala	False	True	True	True
3525	adriaanm	2014-02-13 20:33:59	xeno-by	2014-02-14 07:50:51	src/reflect/scala/reflect/internal/Types.scala	False	True	True	True
3525	adriaanm	2014-02-13 20:33:59	xeno-by	2014-02-14 07:50:51	src/compiler/scala/reflect/reify/codegen/GenTypes.scala	False	True	True	True
3525	adriaanm	2014-02-13 20:33:59	retronym	2014-02-13 21:58:08	src/reflect/scala/reflect/internal/Types.scala	True	True	True	True
3525	adriaanm	2014-02-13 20:33:59	retronym	2014-02-13 21:58:08	src/compiler/scala/reflect/reify/codegen/GenTypes.scala	True	True	True	True
3525	adriaanm	2014-02-13 20:33:59	retronym	2014-02-13 21:58:08	test/files/neg/t0764b.check	True	True	True	True
3525	adriaanm	2014-02-13 20:33:59	retronym	2014-02-13 21:58:08	test/files/neg/t0764.check	True	True	True	True
3525	adriaanm	2014-02-13 20:33:59	retronym	2014-02-13 21:56:46	test/files/run/t8104/Test_2.scala	False	True	True	True
3525	adriaanm	2014-02-13 20:33:59	retronym	2014-02-13 21:58:08	test/files/neg/t0764.scala	True	True	True	True
3525	adriaanm	2014-02-13 20:33:59	retronym	2014-02-13 21:56:46	test/files/pos/t8177h.scala	True	True	True	True
3525	adriaanm	2014-02-13 20:33:59	retronym	2014-02-13 21:56:46	test/files/pos/t0764.scala	True	True	True	True
3525	adriaanm	2014-02-13 20:33:59	retronym	2014-02-13 21:56:46	test/files/neg/t8177a.scala	True	True	True	True
3525	adriaanm	2014-02-13 20:33:59	retronym	2014-02-13 21:56:46	test/files/neg/t8177a.check	True	True	True	True
3525	adriaanm	2014-02-13 20:33:59	retronym	2014-02-13 21:56:46	test/files/neg/t0764b.scala	True	True	True	True
3525	adriaanm	2014-02-13 20:33:59	retronym	2014-02-13 21:56:46	test/files/neg/t0764b.check	True	True	True	True
3525	adriaanm	2014-02-13 20:33:59	retronym	2014-02-13 21:56:46	test/files/neg/t0764.scala	True	True	True	True
3525	adriaanm	2014-02-13 20:33:59	retronym	2014-02-13 21:56:46	test/files/neg/t0764.check	True	True	True	True
3525	adriaanm	2014-02-13 20:33:59	retronym	2014-02-13 21:56:46	src/reflect/scala/reflect/internal/Types.scala	True	True	True	True
3525	adriaanm	2014-02-13 20:33:59	retronym	2014-02-13 21:56:46	src/compiler/scala/reflect/reify/codegen/GenTypes.scala	True	True	True	True
3525	adriaanm	2014-02-13 20:33:59	retronym	2014-02-13 21:56:46	src/compiler/scala/reflect/reify/codegen/GenSymbols.scala	True	True	True	True
3525	adriaanm	2014-02-13 20:33:59	retronym	2014-02-13 21:56:46	test/files/run/t6992/Test_2.scala	True	True	True	True
3525	adriaanm	2014-02-13 20:33:59	retronym	2014-02-13 21:56:46	test/files/run/t8104.check	False	True	True	True
3525	adriaanm	2014-02-13 20:33:59	retronym	2014-02-13 21:58:08	test/files/pos/t8177h.scala	True	True	True	True
3525	adriaanm	2014-02-13 20:33:59	retronym	2014-02-13 21:56:46	test/files/run/t6992/Test_2.scala	False	True	True	True
3525	adriaanm	2014-02-13 20:33:59	retronym	2014-02-13 21:58:08	test/files/neg/t0764b.scala	True	True	True	True
3525	adriaanm	2014-02-13 20:33:59	retronym	2014-02-13 21:58:08	test/files/neg/t8177a.check	True	True	True	True
3525	adriaanm	2014-02-13 20:33:59	retronym	2014-02-13 21:58:08	test/files/neg/t8177a.scala	True	True	True	True
3525	adriaanm	2014-02-13 20:33:59	retronym	2014-02-13 21:58:08	test/files/pos/t0764.scala	True	True	True	True
3525	adriaanm	2014-02-13 20:33:59	retronym	2014-02-13 21:58:08	test/files/run/t6992/Test_2.scala	True	True	True	True
3525	adriaanm	2014-02-13 20:33:59	retronym	2014-02-13 21:56:46	src/compiler/scala/reflect/reify/codegen/GenTypes.scala	False	True	True	True
3525	adriaanm	2014-02-13 20:33:59	retronym	2014-02-13 21:56:46	src/reflect/scala/reflect/internal/Types.scala	False	True	True	True
3525	adriaanm	2014-02-13 20:33:59	retronym	2014-02-13 21:56:46	test/files/neg/t8104/Test_2.scala	False	True	True	True
3525	adriaanm	2014-02-13 20:33:59	retronym	2014-02-13 21:56:46	test/files/run/t6992.check	False	True	True	True
3517	xeno-by	2014-02-13 00:18:34	retronym	2014-02-13 09:24:46	test/files/pos/t8271.scala	True	True	True	True
3517	xeno-by	2014-02-13 00:18:34	retronym	2014-02-13 09:24:46	src/compiler/scala/reflect/reify/codegen/GenSymbols.scala	True	True	True	True
3511	som-snytt	2014-02-11 23:10:14	soc	2014-02-12 12:57:15	test/files/neg/t8266-invalid-interp.scala	True	True	True	True
3511	som-snytt	2014-02-11 23:10:14	soc	2014-02-12 12:57:15	src/compiler/scala/tools/reflect/FormatInterpolator.scala	True	True	True	True
3511	som-snytt	2014-02-11 23:10:14	soc	2014-02-12 12:57:15	test/files/neg/t8266-invalid-interp.check	True	True	True	True
3511	som-snytt	2014-02-11 23:10:14	soc	2014-02-12 12:57:15	src/library/scala/StringContext.scala	True	True	True	True
3511	som-snytt	2014-02-11 23:10:14	soc	2014-02-12 12:57:15	test/files/run/t8266-octal-interp.check	True	True	True	True
3511	som-snytt	2014-02-11 23:10:14	soc	2014-02-12 12:57:15	test/files/run/t8266-octal-interp.scala	True	True	True	True
3511	som-snytt	2014-02-11 23:10:14	soc	2014-02-12 12:57:15	test/files/run/t8266-octal-interp.flags	True	True	True	True
3510	adriaanm	2014-02-11 22:14:19	retronym	2014-02-11 22:30:34	test/files/run/t6493/A_1.scala	True	True	True	True
3510	adriaanm	2014-02-11 22:14:19	retronym	2014-02-11 22:30:34	src/reflect/scala/reflect/internal/ExistentialsAndSkolems.scala	True	True	True	True
3510	adriaanm	2014-02-11 22:14:19	retronym	2014-02-11 22:30:34	src/reflect/scala/reflect/internal/SymbolPairs.scala	True	True	True	True
3510	adriaanm	2014-02-11 22:14:19	retronym	2014-02-11 22:30:34	src/reflect/scala/reflect/internal/Types.scala	True	True	True	True
3510	adriaanm	2014-02-11 22:14:19	retronym	2014-02-11 22:30:34	src/compiler/scala/tools/nsc/typechecker/RefChecks.scala	True	True	True	True
3510	adriaanm	2014-02-11 22:14:19	retronym	2014-02-11 22:30:34	test/files/run/t6493/B_2.scala	True	True	True	True
3510	adriaanm	2014-02-11 22:14:19	retronym	2014-02-11 22:30:34	test/files/neg/t0764.scala	True	True	True	True
3510	adriaanm	2014-02-11 22:14:19	retronym	2014-02-11 22:30:34	test/files/pos/t8177.scala	True	True	True	True
3507	adriaanm	2014-02-11 18:38:13	clhodapp	2014-02-11 19:41:24	test/files/neg/t0764b.check	False	True	True	True
3507	adriaanm	2014-02-11 18:38:13	clhodapp	2014-02-11 19:41:24	src/reflect/scala/reflect/internal/Symbols.scala	True	True	True	True
3507	adriaanm	2014-02-11 18:38:13	clhodapp	2014-02-11 19:41:24	test/files/neg/name-lookup-stable.check	False	True	True	True
3507	adriaanm	2014-02-11 18:38:13	clhodapp	2014-02-11 19:41:24	test/files/neg/name-lookup-stable.scala	False	True	True	True
3507	adriaanm	2014-02-11 18:38:13	clhodapp	2014-02-11 19:41:24	src/reflect/scala/reflect/internal/tpe/TypeMaps.scala	True	True	True	True
3507	adriaanm	2014-02-11 18:38:13	clhodapp	2014-02-11 19:41:24	test/files/neg/t3873.check	True	True	True	True
3507	adriaanm	2014-02-11 18:38:13	clhodapp	2014-02-11 19:41:24	test/files/neg/t3873.scala	True	True	True	True
3507	adriaanm	2014-02-11 18:38:13	clhodapp	2014-02-11 19:41:24	test/files/pos/t7753.scala	True	True	True	True
3507	adriaanm	2014-02-11 18:38:13	clhodapp	2014-02-11 19:41:24	test/files/pos/t8223.scala	True	True	True	True
3507	adriaanm	2014-02-11 18:38:13	clhodapp	2014-02-11 19:41:24	src/compiler/scala/tools/nsc/typechecker/RefChecks.scala	False	True	True	True
3507	adriaanm	2014-02-11 18:38:13	clhodapp	2014-02-11 19:41:24	test/files/neg/t0764.check	False	True	True	True
3507	adriaanm	2014-02-11 18:38:13	clhodapp	2014-02-11 19:41:24	src/reflect/scala/reflect/internal/Types.scala	False	True	True	True
3507	adriaanm	2014-02-11 18:38:13	clhodapp	2014-02-11 19:41:24	test/files/neg/t0764.scala	False	True	True	True
3507	adriaanm	2014-02-11 18:38:13	clhodapp	2014-02-11 19:41:24	test/files/pos/t0764.scala	False	True	True	True
3507	adriaanm	2014-02-11 18:38:13	clhodapp	2014-02-11 19:41:24	test/files/pos/t0764b.scala	False	True	True	True
3507	adriaanm	2014-02-11 18:38:13	clhodapp	2014-02-11 19:41:24	test/files/pos/t8177.scala	False	True	True	True
3507	adriaanm	2014-02-11 18:38:13	clhodapp	2014-02-11 19:41:24	test/files/pos/t8177a.scala	False	True	True	True
3507	adriaanm	2014-02-11 18:38:13	clhodapp	2014-02-11 19:41:24	test/files/pos/t8177b.scala	False	True	True	True
3507	adriaanm	2014-02-11 18:38:13	clhodapp	2014-02-11 19:41:24	test/files/pos/t8177d.scala	False	True	True	True
3507	adriaanm	2014-02-11 18:38:13	clhodapp	2014-02-11 19:41:24	test/files/pos/t8177e.scala	False	True	True	True
3507	adriaanm	2014-02-11 18:38:13	clhodapp	2014-02-11 19:41:24	test/files/pos/t8177g.scala	False	True	True	True
3507	adriaanm	2014-02-11 18:38:13	clhodapp	2014-02-11 19:41:24	test/files/run/t8177f.scala	False	True	True	True
3507	adriaanm	2014-02-11 18:38:13	clhodapp	2014-02-11 19:41:24	src/reflect/scala/reflect/internal/Symbols.scala	False	True	True	True
3498	Ichoran	2014-02-10 10:25:43	scottcarey	2014-02-10 18:24:48	test/files/pos/list-optim-check.scala	True	True	True	True
3498	Ichoran	2014-02-10 10:25:43	scottcarey	2014-02-10 18:24:48	src/library/scala/collection/immutable/List.scala	True	True	True	True
3498	Ichoran	2014-02-10 10:25:43	scottcarey	2014-02-10 18:24:48	test/files/pos/list-optim-check.flags	True	True	True	True
3498	Ichoran	2014-02-10 10:25:43	pavelpavlov	2014-02-10 11:40:42	src/library/scala/collection/immutable/List.scala	True	True	True	True
3498	Ichoran	2014-02-10 10:25:43	pavelpavlov	2014-02-10 11:40:42	test/files/pos/list-optim-check.flags	True	True	True	True
3498	Ichoran	2014-02-10 10:25:43	pavelpavlov	2014-02-10 11:40:42	test/files/pos/list-optim-check.scala	True	True	True	True
3489	pavelpavlov	2014-02-08 13:21:45	adriaanm	2014-02-18 22:03:23	src/library/scala/collection/mutable/BufferLike.scala	True	True	True	True
3489	pavelpavlov	2014-02-08 13:21:45	adriaanm	2014-02-18 22:04:48	src/library/scala/collection/mutable/BufferLike.scala	True	True	True	True
3489	pavelpavlov	2014-02-08 13:21:45	adriaanm	2014-02-18 22:04:48	src/library/scala/collection/mutable/ListBuffer.scala	True	True	True	True
3489	pavelpavlov	2014-02-08 13:21:45	adriaanm	2014-02-18 22:04:48	src/library/scala/collection/mutable/Map.scala	True	True	True	True
3489	pavelpavlov	2014-02-08 13:21:45	adriaanm	2014-02-18 22:04:48	test/files/run/ListBuffer-readOnly.check	True	True	True	True
3489	pavelpavlov	2014-02-08 13:21:45	adriaanm	2014-02-18 22:04:48	test/files/run/ListBuffer-readOnly.scala	True	True	True	True
3489	pavelpavlov	2014-02-08 13:21:45	adriaanm	2014-02-18 22:04:48	test/files/run/t4288.scala	True	True	True	True
3489	pavelpavlov	2014-02-08 13:21:45	xeno-by	2014-02-08 13:40:04	src/library/scala/collection/mutable/BufferLike.scala	True	True	True	True
3489	pavelpavlov	2014-02-08 13:21:45	xeno-by	2014-02-08 13:40:04	src/library/scala/collection/mutable/ListBuffer.scala	True	True	True	True
3489	pavelpavlov	2014-02-08 13:21:45	xeno-by	2014-02-08 13:40:04	src/library/scala/collection/mutable/Map.scala	True	True	True	True
3489	pavelpavlov	2014-02-08 13:21:45	xeno-by	2014-02-08 13:40:04	test/files/run/ListBuffer-readOnly.scala	True	True	True	True
3489	pavelpavlov	2014-02-08 13:21:45	xeno-by	2014-02-08 13:40:04	test/files/run/t4288.scala	True	True	True	True
3489	pavelpavlov	2014-02-08 13:21:45	xeno-by	2014-02-08 13:40:04	test/files/run/ListBuffer-readOnly.check	True	True	True	True
3489	pavelpavlov	2014-02-08 13:21:45	adriaanm	2014-02-18 22:03:23	src/library/scala/collection/mutable/ListBuffer.scala	True	True	True	True
3489	pavelpavlov	2014-02-08 13:21:45	xeno-by	2014-02-08 13:41:51	src/library/scala/collection/mutable/ListBuffer.scala	True	True	True	True
3489	pavelpavlov	2014-02-08 13:21:45	xeno-by	2014-02-08 13:41:51	test/files/run/t4288.scala	True	True	True	True
3489	pavelpavlov	2014-02-08 13:21:45	xeno-by	2014-02-08 13:41:51	test/files/run/ListBuffer-readOnly.scala	True	True	True	True
3489	pavelpavlov	2014-02-08 13:21:45	xeno-by	2014-02-08 13:41:51	test/files/run/ListBuffer-readOnly.check	True	True	True	True
3489	pavelpavlov	2014-02-08 13:21:45	adriaanm	2014-02-18 22:03:23	src/library/scala/collection/mutable/Map.scala	True	True	True	True
3489	pavelpavlov	2014-02-08 13:21:45	xeno-by	2014-02-08 13:41:51	src/library/scala/collection/mutable/Map.scala	True	True	True	True
3489	pavelpavlov	2014-02-08 13:21:45	xeno-by	2014-02-08 13:41:51	src/library/scala/collection/mutable/BufferLike.scala	True	True	True	True
3489	pavelpavlov	2014-02-08 13:21:45	adriaanm	2014-02-18 22:03:23	test/files/run/t4288.scala	True	True	True	True
3489	pavelpavlov	2014-02-08 13:21:45	adriaanm	2014-02-18 22:03:23	test/files/run/ListBuffer-readOnly.scala	True	True	True	True
3489	pavelpavlov	2014-02-08 13:21:45	adriaanm	2014-02-18 22:03:23	test/files/run/ListBuffer-readOnly.check	True	True	True	True
3488	retronym	2014-02-08 09:59:36	xeno-by	2014-02-08 10:54:07	test/files/run/t8245.scala	True	True	True	True
3488	retronym	2014-02-08 09:59:36	xeno-by	2014-02-08 10:54:07	src/compiler/scala/tools/nsc/typechecker/Contexts.scala	True	True	True	True
3484	retronym	2014-02-07 13:11:03	xeno-by	2014-02-07 18:07:42	src/reflect/scala/reflect/internal/Types.scala	True	True	True	True
3484	retronym	2014-02-07 13:11:03	xeno-by	2014-02-07 18:07:42	src/reflect/scala/reflect/internal/tpe/TypeConstraints.scala	True	True	True	True
3484	retronym	2014-02-07 13:11:03	xeno-by	2014-02-07 18:07:42	test/files/neg/names-defaults-neg.check	True	True	True	True
3484	retronym	2014-02-07 13:11:03	xeno-by	2014-02-07 18:07:42	test/files/neg/t8237-default.check	True	True	True	True
3484	retronym	2014-02-07 13:11:03	xeno-by	2014-02-07 18:07:42	test/files/neg/t8237-default.scala	True	True	True	True
3484	retronym	2014-02-07 13:11:03	xeno-by	2014-02-07 18:07:42	test/files/pos/t8237.scala	True	True	True	True
3484	retronym	2014-02-07 13:11:03	xeno-by	2014-02-07 18:07:42	test/files/pos/t8237b.scala	True	True	True	True
3484	retronym	2014-02-07 13:11:03	xeno-by	2014-02-07 18:07:42	test/files/run/t7319.check	True	True	True	True
3482	adriaanm	2014-02-07 02:02:16	paulp	2014-02-07 04:07:26	test/files/pos/t8177e.scala	False	True	True	True
3482	adriaanm	2014-02-07 02:02:16	paulp	2014-02-07 04:07:26	src/library/scala/collection/immutable/Range.scala	True	True	True	True
3482	adriaanm	2014-02-07 02:02:16	paulp	2014-02-07 04:07:26	test/junit/scala/collection/NumericRangeTest.scala	True	True	True	True
3482	adriaanm	2014-02-07 02:02:16	paulp	2014-02-07 04:07:26	test/files/scalacheck/range.scala	True	True	True	True
3482	adriaanm	2014-02-07 02:02:16	paulp	2014-02-07 04:07:26	src/compiler/scala/tools/nsc/typechecker/RefChecks.scala	False	True	True	True
3482	adriaanm	2014-02-07 02:02:16	paulp	2014-02-07 04:07:26	src/reflect/scala/reflect/internal/Types.scala	False	True	True	True
3482	adriaanm	2014-02-07 02:02:16	paulp	2014-02-07 04:07:26	test/files/neg/t0764.check	False	True	True	True
3482	adriaanm	2014-02-07 02:02:16	paulp	2014-02-07 04:07:26	test/files/neg/t0764.scala	False	True	True	True
3482	adriaanm	2014-02-07 02:02:16	paulp	2014-02-07 04:07:26	test/files/neg/t0764b.check	False	True	True	True
3482	adriaanm	2014-02-07 02:02:16	paulp	2014-02-07 04:07:26	test/files/pos/t0764.scala	False	True	True	True
3482	adriaanm	2014-02-07 02:02:16	paulp	2014-02-07 04:07:26	test/files/pos/t0764b.scala	False	True	True	True
3482	adriaanm	2014-02-07 02:02:16	paulp	2014-02-07 04:07:26	test/files/pos/t8177a.scala	False	True	True	True
3482	adriaanm	2014-02-07 02:02:16	paulp	2014-02-07 04:07:26	test/files/pos/t8177d.scala	False	True	True	True
3482	adriaanm	2014-02-07 02:02:16	paulp	2014-02-07 04:07:26	src/reflect/scala/reflect/internal/Types.scala	True	True	True	True
3482	adriaanm	2014-02-07 02:02:16	paulp	2014-02-07 04:07:26	test/files/pos/t8177g.scala	False	True	True	True
3482	adriaanm	2014-02-07 02:02:16	paulp	2014-02-07 04:07:26	test/files/pos/t8177.scala	True	True	True	True
3482	adriaanm	2014-02-07 02:02:16	paulp	2014-02-07 04:07:26	test/files/run/t8177f.scala	False	True	True	True
3482	adriaanm	2014-02-07 02:02:16	paulp	2014-02-07 04:07:26	test/files/run/t261.check	False	True	True	True
3482	adriaanm	2014-02-07 02:02:16	paulp	2014-02-07 04:07:26	test/files/pos/t261-ba.scala	False	True	True	True
3482	adriaanm	2014-02-07 02:02:16	paulp	2014-02-07 04:07:26	test/files/pos/t261-ab.scala	False	True	True	True
3482	adriaanm	2014-02-07 02:02:16	paulp	2014-02-07 04:07:26	test/files/run/t261.scala	False	True	True	True
3482	adriaanm	2014-02-07 02:02:16	paulp	2014-02-07 04:07:26	src/compiler/scala/tools/nsc/typechecker/RefChecks.scala	True	True	True	True
3482	adriaanm	2014-02-07 02:02:16	paulp	2014-02-07 04:07:26	test/junit/scala/collection/NumericRangeTest.scala	False	True	True	True
3482	adriaanm	2014-02-07 02:02:16	paulp	2014-02-07 04:07:26	test/files/scalacheck/range.scala	False	True	True	True
3482	adriaanm	2014-02-07 02:02:16	paulp	2014-02-07 04:07:26	src/library/scala/collection/immutable/Range.scala	False	True	True	True
3477	densh	2014-02-06 15:16:37	xeno-by	2014-02-06 15:27:54	src/reflect/scala/reflect/internal/BuildUtils.scala	True	True	True	True
3477	densh	2014-02-06 15:16:37	xeno-by	2014-02-06 15:27:54	test/files/scalacheck/quasiquotes/TypecheckedProps.scala	False	True	True	True
3477	densh	2014-02-06 15:16:37	xeno-by	2014-02-06 15:27:54	test/files/scalacheck/quasiquotes/TypeDeconstructionProps.scala	False	True	True	True
3477	densh	2014-02-06 15:16:37	xeno-by	2014-02-06 15:27:54	test/files/scalacheck/quasiquotes/TypeConstructionProps.scala	False	True	True	True
3477	densh	2014-02-06 15:16:37	xeno-by	2014-02-06 15:27:54	src/reflect/scala/reflect/internal/StdNames.scala	False	True	True	True
3477	densh	2014-02-06 15:16:37	xeno-by	2014-02-06 15:27:54	src/reflect/scala/reflect/api/BuildUtils.scala	False	True	True	True
3477	densh	2014-02-06 15:16:37	xeno-by	2014-02-06 15:27:54	src/compiler/scala/tools/reflect/quasiquotes/Reifiers.scala	False	True	True	True
3477	densh	2014-02-06 15:16:37	xeno-by	2014-02-06 15:27:54	src/reflect/scala/reflect/internal/BuildUtils.scala	False	True	True	True
3476	retronym	2014-02-06 12:09:39	xeno-by	2014-02-06 18:44:05	src/compiler/scala/tools/nsc/typechecker/Namers.scala	True	True	True	True
3476	retronym	2014-02-06 12:09:39	paulp	2014-02-06 15:31:13	src/compiler/scala/tools/nsc/typechecker/Namers.scala	True	True	True	True
3476	retronym	2014-02-06 12:09:39	xeno-by	2014-02-06 18:44:05	test/files/neg/t8207.check	True	True	True	True
3476	retronym	2014-02-06 12:09:39	xeno-by	2014-02-06 18:44:05	test/files/pos/t8207.scala	True	True	True	True
3476	retronym	2014-02-06 12:09:39	xeno-by	2014-02-06 18:44:05	test/files/neg/t8207.scala	True	True	True	True
3476	retronym	2014-02-06 12:09:39	paulp	2014-02-06 15:31:13	test/files/neg/t8207.check	True	True	True	True
3476	retronym	2014-02-06 12:09:39	paulp	2014-02-06 15:31:13	test/files/pos/t8207.scala	True	True	True	True
3476	retronym	2014-02-06 12:09:39	paulp	2014-02-06 15:31:13	test/files/neg/t8207.scala	True	True	True	True
3475	densh	2014-02-06 11:56:20	xeno-by	2014-02-06 14:33:39	test/files/scalacheck/quasiquotes/TermConstructionProps.scala	False	True	True	True
3475	densh	2014-02-06 11:56:20	xeno-by	2014-02-06 14:33:39	src/compiler/scala/tools/reflect/quasiquotes/Reifiers.scala	False	True	True	True
3475	densh	2014-02-06 11:56:20	xeno-by	2014-02-06 14:33:39	src/compiler/scala/tools/reflect/quasiquotes/Placeholders.scala	False	True	True	True
3471	adriaanm	2014-02-05 20:02:30	retronym	2014-02-05 20:21:34	src/reflect/scala/reflect/internal/Types.scala	True	True	True	True
3471	adriaanm	2014-02-05 20:02:30	retronym	2014-02-05 20:21:34	test/files/pos/t6169/t6169.scala	True	True	True	True
3471	adriaanm	2014-02-05 20:02:30	retronym	2014-02-05 20:21:34	test/files/pos/t6169/skinnable.scala	True	True	True	True
3471	adriaanm	2014-02-05 20:02:30	retronym	2014-02-05 20:21:34	test/files/pos/t6169/Skinnable.java	True	True	True	True
3471	adriaanm	2014-02-05 20:02:30	retronym	2014-02-05 20:21:34	test/files/pos/t6169/Skin.java	True	True	True	True
3471	adriaanm	2014-02-05 20:02:30	retronym	2014-02-05 20:21:34	test/files/pos/t6169/OP.java	True	True	True	True
3471	adriaanm	2014-02-05 20:02:30	retronym	2014-02-05 20:21:34	test/files/pos/t6169/ExistIndir.java	True	True	True	True
3471	adriaanm	2014-02-05 20:02:30	retronym	2014-02-05 20:07:12	src/reflect/scala/reflect/internal/Types.scala	True	True	True	True
3471	adriaanm	2014-02-05 20:02:30	retronym	2014-02-05 20:21:34	test/files/pos/t6169/Exist.java	True	True	True	True
3471	adriaanm	2014-02-05 20:02:30	retronym	2014-02-05 20:07:12	test/files/pos/t6169/skinnable.scala	True	True	True	True
3471	adriaanm	2014-02-05 20:02:30	retronym	2014-02-05 20:07:12	src/reflect/scala/reflect/internal/Types.scala	False	True	True	True
3471	adriaanm	2014-02-05 20:02:30	retronym	2014-02-05 20:07:12	test/files/pos/t6169/t6169.scala	True	True	True	True
3471	adriaanm	2014-02-05 20:02:30	retronym	2014-02-05 20:07:12	test/files/pos/t6169/Skinnable.java	True	True	True	True
3471	adriaanm	2014-02-05 20:02:30	retronym	2014-02-05 20:07:12	test/files/pos/t6169/Skin.java	True	True	True	True
3471	adriaanm	2014-02-05 20:02:30	retronym	2014-02-05 20:07:12	test/files/pos/t6169/OP.java	True	True	True	True
3471	adriaanm	2014-02-05 20:02:30	retronym	2014-02-05 20:07:12	test/files/pos/t6169/ExistIndir.java	True	True	True	True
3471	adriaanm	2014-02-05 20:02:30	retronym	2014-02-05 20:07:12	test/files/pos/t6169/ExistF.java	True	True	True	True
3471	adriaanm	2014-02-05 20:02:30	retronym	2014-02-05 20:07:12	test/files/pos/t6169/Exist.java	True	True	True	True
3471	adriaanm	2014-02-05 20:02:30	retronym	2014-02-05 20:15:44	src/reflect/scala/reflect/internal/Types.scala	True	True	True	True
3471	adriaanm	2014-02-05 20:02:30	retronym	2014-02-05 20:21:34	src/reflect/scala/reflect/internal/Types.scala	False	True	True	True
3471	adriaanm	2014-02-05 20:02:30	retronym	2014-02-05 20:21:34	test/files/pos/t6169/ExistF.java	True	True	True	True
3471	adriaanm	2014-02-05 20:02:30	retronym	2014-02-05 20:15:44	test/files/pos/t6169/Exist.java	True	True	True	True
3471	adriaanm	2014-02-05 20:02:30	retronym	2014-02-05 20:12:49	test/files/pos/t6169/Exist.java	True	True	True	True
3471	adriaanm	2014-02-05 20:02:30	retronym	2014-02-05 20:15:44	test/files/pos/t6169/ExistF.java	True	True	True	True
3471	adriaanm	2014-02-05 20:02:30	retronym	2014-02-05 20:12:49	test/files/pos/t6169/t6169.scala	True	True	True	True
3471	adriaanm	2014-02-05 20:02:30	retronym	2014-02-05 20:12:49	test/files/pos/t6169/skinnable.scala	True	True	True	True
3471	adriaanm	2014-02-05 20:02:30	retronym	2014-02-05 20:12:49	test/files/pos/t6169/Skinnable.java	True	True	True	True
3471	adriaanm	2014-02-05 20:02:30	retronym	2014-02-05 20:12:49	test/files/pos/t6169/Skin.java	True	True	True	True
3471	adriaanm	2014-02-05 20:02:30	retronym	2014-02-05 20:12:49	test/files/pos/t6169/OP.java	True	True	True	True
3471	adriaanm	2014-02-05 20:02:30	retronym	2014-02-05 20:12:49	test/files/pos/t6169/ExistIndir.java	True	True	True	True
3471	adriaanm	2014-02-05 20:02:30	retronym	2014-02-05 20:12:49	test/files/pos/t6169/ExistF.java	True	True	True	True
3471	adriaanm	2014-02-05 20:02:30	retronym	2014-02-05 20:12:49	src/reflect/scala/reflect/internal/Types.scala	False	True	True	True
3471	adriaanm	2014-02-05 20:02:30	retronym	2014-02-05 20:12:49	src/reflect/scala/reflect/internal/Types.scala	True	True	True	True
3471	adriaanm	2014-02-05 20:02:30	retronym	2014-02-05 20:15:44	test/files/pos/t6169/ExistIndir.java	True	True	True	True
3471	adriaanm	2014-02-05 20:02:30	retronym	2014-02-05 20:15:44	test/files/pos/t6169/t6169.scala	True	True	True	True
3471	adriaanm	2014-02-05 20:02:30	retronym	2014-02-05 20:15:44	test/files/pos/t6169/skinnable.scala	True	True	True	True
3471	adriaanm	2014-02-05 20:02:30	retronym	2014-02-05 20:15:44	test/files/pos/t6169/Skinnable.java	True	True	True	True
3471	adriaanm	2014-02-05 20:02:30	retronym	2014-02-05 20:15:44	test/files/pos/t6169/Skin.java	True	True	True	True
3471	adriaanm	2014-02-05 20:02:30	retronym	2014-02-05 20:15:44	test/files/pos/t6169/OP.java	True	True	True	True
3471	adriaanm	2014-02-05 20:02:30	retronym	2014-02-05 20:15:44	src/reflect/scala/reflect/internal/Types.scala	False	True	True	True
3468	densh	2014-02-05 16:52:46	xeno-by	2014-02-06 14:45:04	src/reflect/scala/reflect/internal/FreshNames.scala	True	True	True	True
3468	densh	2014-02-05 16:52:46	xeno-by	2014-02-06 14:45:04	src/reflect/scala/reflect/internal/StdNames.scala	True	True	True	True
3468	densh	2014-02-05 16:52:46	xeno-by	2014-02-06 14:45:04	test/files/scalacheck/quasiquotes/DefinitionConstructionProps.scala	True	True	True	True
3468	densh	2014-02-05 16:52:46	xeno-by	2014-02-06 14:45:04	test/files/scalacheck/quasiquotes/DefinitionDeconstructionProps.scala	True	True	True	True
3468	densh	2014-02-05 16:52:46	xeno-by	2014-02-06 14:45:04	test/files/scalacheck/quasiquotes/TermConstructionProps.scala	True	True	True	True
3468	densh	2014-02-05 16:52:46	xeno-by	2014-02-06 14:43:49	src/compiler/scala/tools/reflect/quasiquotes/Reifiers.scala	True	True	True	True
3468	densh	2014-02-05 16:52:46	xeno-by	2014-02-06 14:43:49	src/reflect/scala/reflect/api/BuildUtils.scala	True	True	True	True
3468	densh	2014-02-05 16:52:46	xeno-by	2014-02-06 14:43:49	test/files/scalacheck/quasiquotes/DefinitionDeconstructionProps.scala	True	True	True	True
3468	densh	2014-02-05 16:52:46	xeno-by	2014-02-06 14:43:49	src/reflect/scala/reflect/internal/FreshNames.scala	True	True	True	True
3468	densh	2014-02-05 16:52:46	xeno-by	2014-02-06 14:43:49	src/reflect/scala/reflect/internal/StdNames.scala	True	True	True	True
3468	densh	2014-02-05 16:52:46	xeno-by	2014-02-06 14:43:49	test/files/scalacheck/quasiquotes/DefinitionConstructionProps.scala	True	True	True	True
3468	densh	2014-02-05 16:52:46	xeno-by	2014-02-06 14:43:49	test/files/scalacheck/quasiquotes/TermConstructionProps.scala	True	True	True	True
3468	densh	2014-02-05 16:52:46	xeno-by	2014-02-06 14:39:57	src/compiler/scala/tools/reflect/quasiquotes/Reifiers.scala	True	True	True	True
3468	densh	2014-02-05 16:52:46	xeno-by	2014-02-06 14:39:57	src/reflect/scala/reflect/api/BuildUtils.scala	True	True	True	True
3468	densh	2014-02-05 16:52:46	xeno-by	2014-02-06 14:39:57	src/reflect/scala/reflect/internal/BuildUtils.scala	True	True	True	True
3468	densh	2014-02-05 16:52:46	xeno-by	2014-02-06 14:45:04	src/reflect/scala/reflect/api/BuildUtils.scala	True	True	True	True
3468	densh	2014-02-05 16:52:46	xeno-by	2014-02-06 14:45:04	src/reflect/scala/reflect/internal/BuildUtils.scala	True	True	True	True
3468	densh	2014-02-05 16:52:46	xeno-by	2014-02-06 14:46:11	src/compiler/scala/tools/reflect/quasiquotes/Reifiers.scala	True	True	True	True
3468	densh	2014-02-05 16:52:46	xeno-by	2014-02-06 14:45:04	src/compiler/scala/tools/reflect/quasiquotes/Reifiers.scala	True	True	True	True
3468	densh	2014-02-05 16:52:46	xeno-by	2014-02-06 14:46:11	test/files/scalacheck/quasiquotes/TermConstructionProps.scala	True	True	True	True
3468	densh	2014-02-05 16:52:46	xeno-by	2014-02-06 14:40:57	src/compiler/scala/tools/reflect/quasiquotes/Reifiers.scala	True	True	True	True
3468	densh	2014-02-05 16:52:46	xeno-by	2014-02-06 14:40:57	src/reflect/scala/reflect/api/BuildUtils.scala	True	True	True	True
3468	densh	2014-02-05 16:52:46	xeno-by	2014-02-06 14:40:57	src/reflect/scala/reflect/internal/BuildUtils.scala	True	True	True	True
3468	densh	2014-02-05 16:52:46	xeno-by	2014-02-06 14:40:57	src/reflect/scala/reflect/internal/FreshNames.scala	True	True	True	True
3468	densh	2014-02-05 16:52:46	xeno-by	2014-02-06 14:40:57	src/reflect/scala/reflect/internal/StdNames.scala	True	True	True	True
3468	densh	2014-02-05 16:52:46	xeno-by	2014-02-06 14:40:57	test/files/scalacheck/quasiquotes/DefinitionConstructionProps.scala	True	True	True	True
3468	densh	2014-02-05 16:52:46	xeno-by	2014-02-06 14:40:57	test/files/scalacheck/quasiquotes/DefinitionDeconstructionProps.scala	True	True	True	True
3468	densh	2014-02-05 16:52:46	xeno-by	2014-02-06 14:40:57	test/files/scalacheck/quasiquotes/TermConstructionProps.scala	True	True	True	True
3468	densh	2014-02-05 16:52:46	xeno-by	2014-02-06 14:39:57	src/reflect/scala/reflect/internal/StdNames.scala	True	True	True	True
3468	densh	2014-02-05 16:52:46	xeno-by	2014-02-06 14:46:11	src/reflect/scala/reflect/api/BuildUtils.scala	True	True	True	True
3468	densh	2014-02-05 16:52:46	xeno-by	2014-02-06 14:46:11	src/reflect/scala/reflect/internal/BuildUtils.scala	True	True	True	True
3468	densh	2014-02-05 16:52:46	xeno-by	2014-02-06 14:46:11	src/reflect/scala/reflect/internal/FreshNames.scala	True	True	True	True
3468	densh	2014-02-05 16:52:46	xeno-by	2014-02-06 14:46:11	src/reflect/scala/reflect/internal/StdNames.scala	True	True	True	True
3468	densh	2014-02-05 16:52:46	xeno-by	2014-02-06 14:46:11	test/files/scalacheck/quasiquotes/DefinitionConstructionProps.scala	True	True	True	True
3468	densh	2014-02-05 16:52:46	xeno-by	2014-02-06 14:46:11	test/files/scalacheck/quasiquotes/DefinitionDeconstructionProps.scala	True	True	True	True
3468	densh	2014-02-05 16:52:46	xeno-by	2014-02-06 14:39:57	src/reflect/scala/reflect/internal/FreshNames.scala	True	True	True	True
3468	densh	2014-02-05 16:52:46	xeno-by	2014-02-06 14:43:49	src/reflect/scala/reflect/internal/BuildUtils.scala	True	True	True	True
3468	densh	2014-02-05 16:52:46	xeno-by	2014-02-06 14:39:57	test/files/scalacheck/quasiquotes/DefinitionConstructionProps.scala	True	True	True	True
3468	densh	2014-02-05 16:52:46	xeno-by	2014-02-06 14:36:50	src/compiler/scala/tools/reflect/quasiquotes/Reifiers.scala	True	True	True	True
3468	densh	2014-02-05 16:52:46	xeno-by	2014-02-06 14:39:34	src/reflect/scala/reflect/internal/BuildUtils.scala	True	True	True	True
3468	densh	2014-02-05 16:52:46	xeno-by	2014-02-06 14:39:34	src/reflect/scala/reflect/internal/FreshNames.scala	True	True	True	True
3468	densh	2014-02-05 16:52:46	xeno-by	2014-02-06 14:39:34	src/reflect/scala/reflect/internal/StdNames.scala	True	True	True	True
3468	densh	2014-02-05 16:52:46	xeno-by	2014-02-06 14:39:34	test/files/scalacheck/quasiquotes/DefinitionConstructionProps.scala	True	True	True	True
3468	densh	2014-02-05 16:52:46	xeno-by	2014-02-06 14:39:34	test/files/scalacheck/quasiquotes/DefinitionDeconstructionProps.scala	True	True	True	True
3468	densh	2014-02-05 16:52:46	xeno-by	2014-02-06 14:39:34	test/files/scalacheck/quasiquotes/TermConstructionProps.scala	True	True	True	True
3468	densh	2014-02-05 16:52:46	xeno-by	2014-02-06 14:36:50	src/reflect/scala/reflect/api/BuildUtils.scala	True	True	True	True
3468	densh	2014-02-05 16:52:46	xeno-by	2014-02-06 14:39:34	src/compiler/scala/tools/reflect/quasiquotes/Reifiers.scala	True	True	True	True
3468	densh	2014-02-05 16:52:46	xeno-by	2014-02-06 14:36:50	src/reflect/scala/reflect/internal/BuildUtils.scala	True	True	True	True
3468	densh	2014-02-05 16:52:46	xeno-by	2014-02-06 14:36:50	src/reflect/scala/reflect/internal/FreshNames.scala	True	True	True	True
3468	densh	2014-02-05 16:52:46	xeno-by	2014-02-06 14:36:50	src/reflect/scala/reflect/internal/StdNames.scala	True	True	True	True
3468	densh	2014-02-05 16:52:46	xeno-by	2014-02-06 14:36:50	test/files/scalacheck/quasiquotes/DefinitionConstructionProps.scala	True	True	True	True
3468	densh	2014-02-05 16:52:46	xeno-by	2014-02-06 14:36:50	test/files/scalacheck/quasiquotes/DefinitionDeconstructionProps.scala	True	True	True	True
3468	densh	2014-02-05 16:52:46	xeno-by	2014-02-06 14:36:50	test/files/scalacheck/quasiquotes/TermConstructionProps.scala	True	True	True	True
3468	densh	2014-02-05 16:52:46	xeno-by	2014-02-06 14:39:34	src/reflect/scala/reflect/api/BuildUtils.scala	True	True	True	True
3468	densh	2014-02-05 16:52:46	xeno-by	2014-02-06 14:47:25	test/files/scalacheck/quasiquotes/TermConstructionProps.scala	True	True	True	True
3468	densh	2014-02-05 16:52:46	xeno-by	2014-02-06 14:40:17	test/files/scalacheck/quasiquotes/DefinitionDeconstructionProps.scala	True	True	True	True
3468	densh	2014-02-05 16:52:46	xeno-by	2014-02-06 14:47:25	test/files/scalacheck/quasiquotes/DefinitionDeconstructionProps.scala	True	True	True	True
3468	densh	2014-02-05 16:52:46	xeno-by	2014-02-06 14:39:57	test/files/scalacheck/quasiquotes/TermConstructionProps.scala	True	True	True	True
3468	densh	2014-02-05 16:52:46	xeno-by	2014-02-06 14:40:17	src/compiler/scala/tools/reflect/quasiquotes/Reifiers.scala	True	True	True	True
3468	densh	2014-02-05 16:52:46	xeno-by	2014-02-06 14:40:17	src/reflect/scala/reflect/api/BuildUtils.scala	True	True	True	True
3468	densh	2014-02-05 16:52:46	xeno-by	2014-02-06 14:40:17	src/reflect/scala/reflect/internal/BuildUtils.scala	True	True	True	True
3468	densh	2014-02-05 16:52:46	xeno-by	2014-02-06 14:40:17	src/reflect/scala/reflect/internal/FreshNames.scala	True	True	True	True
3468	densh	2014-02-05 16:52:46	xeno-by	2014-02-06 14:40:17	src/reflect/scala/reflect/internal/StdNames.scala	True	True	True	True
3468	densh	2014-02-05 16:52:46	xeno-by	2014-02-06 14:40:17	test/files/scalacheck/quasiquotes/DefinitionConstructionProps.scala	True	True	True	True
3468	densh	2014-02-05 16:52:46	xeno-by	2014-02-06 14:39:57	test/files/scalacheck/quasiquotes/DefinitionDeconstructionProps.scala	True	True	True	True
3468	densh	2014-02-05 16:52:46	xeno-by	2014-02-06 14:40:17	test/files/scalacheck/quasiquotes/TermConstructionProps.scala	True	True	True	True
3468	densh	2014-02-05 16:52:46	xeno-by	2014-02-06 14:47:25	src/compiler/scala/tools/reflect/quasiquotes/Reifiers.scala	True	True	True	True
3468	densh	2014-02-05 16:52:46	xeno-by	2014-02-06 14:47:25	src/reflect/scala/reflect/api/BuildUtils.scala	True	True	True	True
3468	densh	2014-02-05 16:52:46	xeno-by	2014-02-06 14:47:25	src/reflect/scala/reflect/internal/BuildUtils.scala	True	True	True	True
3468	densh	2014-02-05 16:52:46	xeno-by	2014-02-06 14:47:25	src/reflect/scala/reflect/internal/FreshNames.scala	True	True	True	True
3468	densh	2014-02-05 16:52:46	xeno-by	2014-02-06 14:47:25	src/reflect/scala/reflect/internal/StdNames.scala	True	True	True	True
3468	densh	2014-02-05 16:52:46	xeno-by	2014-02-06 14:47:25	test/files/scalacheck/quasiquotes/DefinitionConstructionProps.scala	True	True	True	True
3465	pavelpavlov	2014-02-05 08:10:48	axel22	2014-02-05 08:20:01	test/files/jvm/t6941/Analyzed_1.scala	True	True	True	True
3465	pavelpavlov	2014-02-05 08:10:48	axel22	2014-02-05 08:20:01	src/library/scala/collection/immutable/List.scala	True	True	True	True
3460	retronym	2014-02-03 11:55:20	lrytz	2014-02-03 12:50:16	test/pending/pos/t8219.scala	True	True	True	True
3460	retronym	2014-02-03 11:55:20	lrytz	2014-02-03 12:50:16	test/files/pos/t8219.scala	True	True	True	True
3460	retronym	2014-02-03 11:55:20	lrytz	2014-02-03 12:50:16	src/compiler/scala/tools/nsc/typechecker/Typers.scala	True	True	True	True
3460	retronym	2014-02-03 11:55:20	lrytz	2014-02-03 12:50:16	test/pending/neg/t8219-any-any-ref-equals.scala	True	True	True	True
3460	retronym	2014-02-03 11:55:20	lrytz	2014-02-03 12:50:16	src/compiler/scala/tools/nsc/typechecker/Typers.scala	False	True	True	True
3459	soc	2014-02-03 10:30:19	retronym	2014-02-03 10:36:14	src/reflect/scala/reflect/internal/SymbolTable.scala	False	True	True	True
3459	soc	2014-02-03 10:30:19	retronym	2014-02-03 10:36:14	test/files/run/t4788/S.scala	False	True	True	True
3459	soc	2014-02-03 10:30:19	retronym	2014-02-03 10:36:14	test/files/run/t4788/R.scala	False	True	True	True
3459	soc	2014-02-03 10:30:19	retronym	2014-02-03 10:36:14	test/files/run/t4788/C.scala	False	True	True	True
3459	soc	2014-02-03 10:30:19	retronym	2014-02-03 10:36:14	test/files/run/t4788.check	False	True	True	True
3459	soc	2014-02-03 10:30:19	retronym	2014-02-03 10:36:14	src/reflect/scala/reflect/runtime/JavaUniverseForce.scala	False	True	True	True
3459	soc	2014-02-03 10:30:19	retronym	2014-02-03 10:44:51	src/compiler/scala/tools/nsc/backend/jvm/BCodeHelpers.scala	False	True	True	True
3459	soc	2014-02-03 10:30:19	retronym	2014-02-03 10:36:14	src/reflect/scala/reflect/internal/Definitions.scala	False	True	True	True
3459	soc	2014-02-03 10:30:19	retronym	2014-02-03 10:36:14	src/compiler/scala/tools/nsc/symtab/SymbolLoaders.scala	False	True	True	True
3459	soc	2014-02-03 10:30:19	retronym	2014-02-03 10:36:14	test/files/run/t4788/Test.scala	False	True	True	True
3459	soc	2014-02-03 10:30:19	retronym	2014-02-03 10:36:14	src/compiler/scala/tools/nsc/backend/jvm/GenCommon.scala	False	True	True	True
3459	soc	2014-02-03 10:30:19	retronym	2014-02-03 10:36:14	src/compiler/scala/tools/nsc/backend/jvm/GenASM.scala	False	True	True	True
3459	soc	2014-02-03 10:30:19	retronym	2014-02-03 10:36:14	src/compiler/scala/tools/nsc/backend/jvm/BCodeHelpers.scala	False	True	True	True
3459	soc	2014-02-03 10:30:19	retronym	2014-02-03 10:36:14	src/compiler/scala/tools/nsc/backend/jvm/GenJVMASM.scala	False	True	True	True
3459	soc	2014-02-03 10:30:19	retronym	2014-02-03 10:44:51	src/compiler/scala/tools/nsc/backend/jvm/GenASM.scala	False	True	True	True
3459	soc	2014-02-03 10:30:19	retronym	2014-02-03 10:44:51	src/compiler/scala/tools/nsc/backend/jvm/GenCommon.scala	False	True	True	True
3459	soc	2014-02-03 10:30:19	retronym	2014-02-03 10:44:51	src/compiler/scala/tools/nsc/backend/jvm/GenJVMASM.scala	False	True	True	True
3459	soc	2014-02-03 10:30:19	retronym	2014-02-03 10:44:51	src/compiler/scala/tools/nsc/symtab/SymbolLoaders.scala	False	True	True	True
3459	soc	2014-02-03 10:30:19	retronym	2014-02-03 10:44:51	src/reflect/scala/reflect/internal/Definitions.scala	False	True	True	True
3459	soc	2014-02-03 10:30:19	retronym	2014-02-03 10:44:51	src/reflect/scala/reflect/internal/SymbolTable.scala	False	True	True	True
3459	soc	2014-02-03 10:30:19	retronym	2014-02-03 10:44:51	src/reflect/scala/reflect/runtime/JavaUniverseForce.scala	False	True	True	True
3459	soc	2014-02-03 10:30:19	retronym	2014-02-03 10:44:51	test/files/run/t4788.check	False	True	True	True
3459	soc	2014-02-03 10:30:19	retronym	2014-02-03 10:44:51	test/files/run/t4788/C.scala	False	True	True	True
3459	soc	2014-02-03 10:30:19	retronym	2014-02-03 10:44:51	test/files/run/t4788/R.scala	False	True	True	True
3459	soc	2014-02-03 10:30:19	retronym	2014-02-03 10:44:51	test/files/run/t4788/S.scala	False	True	True	True
3459	soc	2014-02-03 10:30:19	retronym	2014-02-03 10:44:51	test/files/run/t4788/Test.scala	False	True	True	True
