pr_number	author_user_login	pr_created_at	review_user_login	review_created_at	filename	create_before_pr	has_issue_comment	has_review_comment	has_commit
5250	dimatkach	2016-06-28 11:30:19	axel22	2016-07-11 17:53:24	src/library/scala/collection/mutable/ArrayOps.scala	True	True	True	True
5250	dimatkach	2016-06-28 11:30:19	axel22	2016-07-11 17:53:24	src/library/scala/collection/mutable/ArrayOps.scala	False	True	True	True
5250	dimatkach	2016-06-28 11:30:19	axel22	2016-07-11 17:53:36	src/library/scala/collection/mutable/ArrayOps.scala	True	True	True	True
5250	dimatkach	2016-06-28 11:30:19	axel22	2016-07-11 17:53:36	src/library/scala/collection/mutable/ArrayOps.scala	False	True	True	True
5245	dwijnand	2016-06-24 07:34:59	adriaanm	2017-02-08 20:19:59	test/files/pos/trailing-commas.scala	False	True	False	True
5245	dwijnand	2016-06-24 07:34:59	adriaanm	2017-02-08 20:19:59	test/files/neg/trailing-commas.check	False	True	False	True
5245	dwijnand	2016-06-24 07:34:59	adriaanm	2017-02-08 20:19:59	test/files/neg/trailing-commas.scala	False	True	False	True
5245	dwijnand	2016-06-24 07:34:59	adriaanm	2017-02-08 20:19:59	src/compiler/scala/tools/nsc/ast/parser/Scanners.scala	False	True	False	True
5245	dwijnand	2016-06-24 07:34:59	adriaanm	2017-02-08 20:19:59	test/files/run/trailing-commas.check	False	True	False	True
5245	dwijnand	2016-06-24 07:34:59	adriaanm	2017-02-08 20:19:59	test/files/run/trailing-commas.scala	False	True	False	True
5244	retronym	2016-06-23 23:43:06	dwijnand	2016-06-23 23:55:45	src/partest-extras/scala/org/scalacheck/Commands2.scala	True	True	True	True
5244	retronym	2016-06-23 23:43:06	dwijnand	2016-06-23 23:55:45	test/files/scalacheck/parallel-collections/ParallelArrayCheck.scala	False	True	True	True
5244	retronym	2016-06-23 23:43:06	dwijnand	2016-06-23 23:55:45	test/files/scalacheck/parallel-collections/ParallelArrayViewCheck.scala	False	True	True	True
5244	retronym	2016-06-23 23:43:06	dwijnand	2016-06-23 23:55:45	test/files/scalacheck/parallel-collections/ParallelIterableCheck.scala	False	True	True	True
5244	retronym	2016-06-23 23:43:06	dwijnand	2016-06-23 23:55:45	test/files/scalacheck/parallel-collections/ParallelMapCheck1.scala	False	True	True	True
5244	retronym	2016-06-23 23:43:06	dwijnand	2016-06-23 23:55:45	test/files/scalacheck/parallel-collections/ParallelSeqCheck.scala	False	True	True	True
5244	retronym	2016-06-23 23:43:06	dwijnand	2016-06-23 23:55:45	test/files/scalacheck/parallel-collections/ParallelSetCheck.scala	False	True	True	True
5244	retronym	2016-06-23 23:43:06	dwijnand	2016-06-23 23:55:45	build.sbt	True	True	True	True
5244	retronym	2016-06-23 23:43:06	dwijnand	2016-06-23 23:55:45	src/library/scala/collection/parallel/immutable/package.scala	False	True	True	True
5244	retronym	2016-06-23 23:43:06	dwijnand	2016-06-23 23:55:45	doc/LICENSE.md	True	True	True	True
5244	retronym	2016-06-23 23:43:06	dwijnand	2016-06-23 23:55:45	doc/licenses/bsd_scalacheck.txt	True	True	True	True
5244	retronym	2016-06-23 23:43:06	dwijnand	2016-06-23 23:55:45	src/partest-extras/scala/org/scalacheck/Arbitrary.scala	True	True	True	True
5244	retronym	2016-06-23 23:43:06	dwijnand	2016-06-23 23:55:45	src/partest-extras/scala/org/scalacheck/Commands.scala	True	True	True	True
5244	retronym	2016-06-23 23:43:06	dwijnand	2016-06-23 23:55:45	build.xml	True	True	True	True
5244	retronym	2016-06-23 23:43:06	dwijnand	2016-06-23 23:55:45	src/partest-extras/scala/org/scalacheck/Gen.scala	True	True	True	True
5244	retronym	2016-06-23 23:43:06	dwijnand	2016-06-23 23:55:45	src/partest-extras/scala/org/scalacheck/util/CmdLineParser.scala	True	True	True	True
5244	retronym	2016-06-23 23:43:06	dwijnand	2016-06-23 23:55:45	versions.properties	True	True	True	True
5244	retronym	2016-06-23 23:43:06	dwijnand	2016-06-23 23:55:45	src/partest-extras/scala/org/scalacheck/util/Pretty.scala	True	True	True	True
5244	retronym	2016-06-23 23:43:06	dwijnand	2016-06-23 23:55:45	src/partest-extras/scala/org/scalacheck/util/FreqMap.scala	True	True	True	True
5244	retronym	2016-06-23 23:43:06	dwijnand	2016-06-23 23:55:45	src/partest-extras/scala/org/scalacheck/Prop.scala	True	True	True	True
5244	retronym	2016-06-23 23:43:06	dwijnand	2016-06-23 23:55:45	src/partest-extras/scala/org/scalacheck/util/ConsoleReporter.scala	True	True	True	True
5244	retronym	2016-06-23 23:43:06	dwijnand	2016-06-23 23:55:45	src/partest-extras/scala/org/scalacheck/util/Buildable.scala	True	True	True	True
5244	retronym	2016-06-23 23:43:06	dwijnand	2016-06-23 23:55:45	src/partest-extras/scala/org/scalacheck/Test.scala	True	True	True	True
5244	retronym	2016-06-23 23:43:06	dwijnand	2016-06-23 23:55:45	src/partest-extras/scala/org/scalacheck/Shrink.scala	True	True	True	True
5244	retronym	2016-06-23 23:43:06	dwijnand	2016-06-23 23:55:45	src/partest-extras/scala/org/scalacheck/ScalaCheckFramework.scala	True	True	True	True
5244	retronym	2016-06-23 23:43:06	dwijnand	2016-06-23 23:55:45	src/partest-extras/scala/org/scalacheck/Properties.scala	True	True	True	True
5243	som-snytt	2016-06-23 06:12:27	lrytz	2016-12-13 09:35:35	src/compiler/scala/tools/nsc/typechecker/SyntheticMethods.scala	True	True	True	True
5243	som-snytt	2016-06-23 06:12:27	lrytz	2016-12-13 09:35:35	src/compiler/scala/tools/nsc/typechecker/Typers.scala	True	True	True	True
5243	som-snytt	2016-06-23 06:12:27	lrytz	2016-12-13 09:35:35	test/files/presentation/t8739.check	True	True	True	True
5243	som-snytt	2016-06-23 06:12:27	lrytz	2016-12-13 09:35:35	test/files/presentation/t8739/Test.scala	True	True	True	True
5243	som-snytt	2016-06-23 06:12:27	lrytz	2016-12-13 09:35:35	test/files/presentation/t8739/src/Completions.scala	True	True	True	True
5243	som-snytt	2016-06-23 06:12:27	retronym	2016-12-14 06:12:56	src/compiler/scala/tools/nsc/typechecker/SyntheticMethods.scala	True	True	True	True
5243	som-snytt	2016-06-23 06:12:27	retronym	2016-12-14 06:12:56	src/compiler/scala/tools/nsc/typechecker/Typers.scala	True	True	True	True
5243	som-snytt	2016-06-23 06:12:27	retronym	2016-12-14 06:12:56	test/files/presentation/t8739/Test.scala	True	True	True	True
5243	som-snytt	2016-06-23 06:12:27	retronym	2016-12-14 06:12:56	test/files/presentation/t8739/src/Completions.scala	True	True	True	True
5243	som-snytt	2016-06-23 06:12:27	retronym	2016-12-14 06:12:56	test/files/presentation/t8739.check	True	True	True	True
5242	szeiger	2016-06-22 09:34:02	lrytz	2016-06-22 18:45:06	project/ScalaTool.scala	True	True	True	True
5242	szeiger	2016-06-22 09:34:02	lrytz	2016-06-22 18:45:06	scripts/jobs/validate/test	True	True	True	True
5242	szeiger	2016-06-22 09:34:02	lrytz	2016-06-22 18:45:06	scripts/jobs/validate/publish-core	True	True	True	True
5242	szeiger	2016-06-22 09:34:02	lrytz	2016-06-22 18:45:06	project/plugins.sbt	True	True	True	True
5242	szeiger	2016-06-22 09:34:02	lrytz	2016-06-22 18:45:06	project/VersionUtil.scala	True	True	True	True
5242	szeiger	2016-06-22 09:34:02	lrytz	2016-06-22 18:45:06	project/ScriptCommands.scala	True	True	True	True
5242	szeiger	2016-06-22 09:34:02	lrytz	2016-06-22 18:45:06	project/Osgi.scala	True	True	True	True
5242	szeiger	2016-06-22 09:34:02	lrytz	2016-06-22 18:45:06	project/Quiet.scala	True	True	True	True
5242	szeiger	2016-06-22 09:34:02	lrytz	2016-06-22 18:45:06	project/MiMa.scala	True	True	True	True
5242	szeiger	2016-06-22 09:34:02	lrytz	2016-06-22 18:45:06	project/BuildSettings.scala	True	True	True	True
5242	szeiger	2016-06-22 09:34:02	lrytz	2016-06-22 18:45:06	build.sbt	True	True	True	True
5242	szeiger	2016-06-22 09:34:02	lrytz	2016-06-22 18:45:06	test/disabled/run/t7843-jsr223-service.check	True	True	True	True
5242	szeiger	2016-06-22 09:34:02	lrytz	2016-06-22 18:45:06	src/scaladoc/scala/tools/nsc/doc/model/MemberLookup.scala	True	True	True	True
5242	szeiger	2016-06-22 09:34:02	lrytz	2016-06-22 18:45:06	test/scaladoc/.gitignore	True	True	True	True
5242	szeiger	2016-06-22 09:34:02	lrytz	2016-06-22 18:45:06	test/disabled/run/t7843-jsr223-service.scala	True	True	True	True
5242	szeiger	2016-06-22 09:34:02	lrytz	2016-06-22 18:45:06	test/scaladoc/run/t8557.scala	True	True	True	True
5242	szeiger	2016-06-22 09:34:02	lrytz	2016-06-22 18:45:06	test/files/pos/t9245.scala	True	True	True	True
5242	szeiger	2016-06-22 09:34:02	lrytz	2016-06-22 18:45:06	src/compiler/scala/tools/nsc/ast/parser/TreeBuilder.scala	True	True	True	True
5242	szeiger	2016-06-22 09:34:02	lrytz	2016-06-22 18:45:06	test/junit/scala/runtime/ScalaRunTimeTest.scala	True	True	True	True
5242	szeiger	2016-06-22 09:34:02	lrytz	2016-06-22 18:45:06	versions.properties	True	True	True	True
5242	szeiger	2016-06-22 09:34:02	lrytz	2016-06-22 18:45:06	src/library/scala/runtime/ScalaRunTime.scala	True	True	True	True
5242	szeiger	2016-06-22 09:34:02	lrytz	2016-06-22 18:45:06	test/scaladoc/run/SI-191.scala	True	True	True	True
5242	szeiger	2016-06-22 09:34:02	lrytz	2016-06-22 18:45:06	test/disabled/run/t7933.check	True	True	True	True
5242	szeiger	2016-06-22 09:34:02	lrytz	2016-06-22 18:45:06	test/osgi/src/logback.xml	True	True	True	True
5242	szeiger	2016-06-22 09:34:02	lrytz	2016-06-22 18:45:06	test/disabled/run/t7933.scala	True	True	True	True
5237	lrytz	2016-06-19 12:25:27	szeiger	2016-06-20 08:42:31	project/ScriptCommands.scala	True	True	True	True
5237	lrytz	2016-06-19 12:25:27	szeiger	2016-06-20 08:42:31	src/scaladoc/scala/tools/nsc/doc/model/MemberLookup.scala	True	True	True	True
5237	lrytz	2016-06-19 12:25:27	szeiger	2016-06-20 08:42:31	scripts/jobs/validate/test	True	True	True	True
5237	lrytz	2016-06-19 12:25:27	szeiger	2016-06-20 08:42:31	scripts/jobs/validate/publish-core	True	True	True	True
5237	lrytz	2016-06-19 12:25:27	szeiger	2016-06-20 08:42:31	project/plugins.sbt	True	True	True	True
5237	lrytz	2016-06-19 12:25:27	szeiger	2016-06-20 08:42:31	project/VersionUtil.scala	True	True	True	True
5237	lrytz	2016-06-19 12:25:27	szeiger	2016-06-20 08:42:31	build.sbt	True	True	True	True
5237	lrytz	2016-06-19 12:25:27	szeiger	2016-06-20 08:42:31	project/ScalaTool.scala	True	True	True	True
5237	lrytz	2016-06-19 12:25:27	szeiger	2016-06-20 08:42:31	project/Quiet.scala	True	True	True	True
5237	lrytz	2016-06-19 12:25:27	szeiger	2016-06-20 08:42:31	project/Osgi.scala	True	True	True	True
5237	lrytz	2016-06-19 12:25:27	szeiger	2016-06-20 08:42:31	project/MiMa.scala	True	True	True	True
5237	lrytz	2016-06-19 12:25:27	szeiger	2016-06-20 08:42:31	project/BuildSettings.scala	True	True	True	True
5237	lrytz	2016-06-19 12:25:27	szeiger	2016-06-20 08:42:31	test/disabled/run/t7843-jsr223-service.scala	True	True	True	True
5237	lrytz	2016-06-19 12:25:27	szeiger	2016-06-20 08:42:31	test/disabled/run/t7843-jsr223-service.check	True	True	True	True
5237	lrytz	2016-06-19 12:25:27	szeiger	2016-06-20 08:42:31	test/disabled/run/t7933.check	True	True	True	True
5237	lrytz	2016-06-19 12:25:27	szeiger	2016-06-20 08:42:31	build.sbt	False	True	True	True
5237	lrytz	2016-06-19 12:25:27	szeiger	2016-06-20 08:42:31	src/library/scala/runtime/ScalaRunTime.scala	True	True	True	True
5237	lrytz	2016-06-19 12:25:27	szeiger	2016-06-20 08:42:31	scripts/jobs/validate/test	False	True	True	True
5237	lrytz	2016-06-19 12:25:27	szeiger	2016-06-20 08:42:31	test/disabled/run/t7933.scala	True	True	True	True
5237	lrytz	2016-06-19 12:25:27	szeiger	2016-06-20 08:42:31	test/files/pos/t9245.scala	True	True	True	True
5237	lrytz	2016-06-19 12:25:27	szeiger	2016-06-20 08:42:31	src/compiler/scala/tools/nsc/ast/parser/TreeBuilder.scala	True	True	True	True
5237	lrytz	2016-06-19 12:25:27	szeiger	2016-06-20 08:42:31	test/junit/scala/runtime/ScalaRunTimeTest.scala	True	True	True	True
5237	lrytz	2016-06-19 12:25:27	szeiger	2016-06-20 08:42:31	versions.properties	True	True	True	True
5237	lrytz	2016-06-19 12:25:27	szeiger	2016-06-20 08:42:31	test/scaladoc/run/t8557.scala	True	True	True	True
5237	lrytz	2016-06-19 12:25:27	szeiger	2016-06-20 08:42:31	test/scaladoc/run/SI-191.scala	True	True	True	True
5237	lrytz	2016-06-19 12:25:27	szeiger	2016-06-20 08:42:31	test/scaladoc/.gitignore	True	True	True	True
5237	lrytz	2016-06-19 12:25:27	szeiger	2016-06-20 08:42:31	test/osgi/src/logback.xml	True	True	True	True
5235	som-snytt	2016-06-17 18:32:31	dwijnand	2016-07-06 23:44:52	src/library/scala/languageFeature.scala	True	True	True	True
5235	som-snytt	2016-06-17 18:32:31	dwijnand	2016-07-06 23:44:52	src/reflect/scala/reflect/internal/settings/MutableSettings.scala	True	True	True	True
5235	som-snytt	2016-06-17 18:32:31	dwijnand	2016-07-06 23:44:52	src/compiler/scala/tools/nsc/settings/MutableSettings.scala	True	True	True	True
5235	som-snytt	2016-06-17 18:32:31	dwijnand	2016-07-06 23:44:52	src/reflect/scala/reflect/internal/StdNames.scala	True	True	True	True
5235	som-snytt	2016-06-17 18:32:31	dwijnand	2016-07-06 23:44:52	src/reflect/scala/reflect/internal/Definitions.scala	True	True	True	True
5235	som-snytt	2016-06-17 18:32:31	dwijnand	2016-07-06 23:44:52	test/files/neg/no-string-plus-1.flags	True	True	True	True
5235	som-snytt	2016-06-17 18:32:31	dwijnand	2016-07-06 23:44:52	src/library/scala/language.scala	True	True	True	True
5235	som-snytt	2016-06-17 18:32:31	dwijnand	2016-07-06 23:44:52	src/compiler/scala/tools/nsc/typechecker/Typers.scala	True	True	True	True
5235	som-snytt	2016-06-17 18:32:31	dwijnand	2016-07-06 23:44:52	src/compiler/scala/tools/nsc/settings/ScalaSettings.scala	True	True	True	True
5235	som-snytt	2016-06-17 18:32:31	dwijnand	2016-07-06 23:44:52	project/ScalaOptionParser.scala	True	True	True	True
5235	som-snytt	2016-06-17 18:32:31	dwijnand	2016-07-06 23:44:52	src/reflect/scala/reflect/runtime/Settings.scala	True	True	True	True
5235	som-snytt	2016-06-17 18:32:31	dwijnand	2016-07-06 23:44:52	test/files/neg/no-string-plus-3.scala	True	True	True	True
5235	som-snytt	2016-06-17 18:32:31	dwijnand	2016-07-06 23:44:52	test/files/neg/no-string-plus-2.flags	True	True	True	True
5235	som-snytt	2016-06-17 18:32:31	dwijnand	2016-07-06 23:44:52	test/files/run/no-string-plus.check	True	True	True	True
5235	som-snytt	2016-06-17 18:32:31	dwijnand	2016-07-06 23:44:52	src/compiler/scala/tools/nsc/ast/parser/Scanners.scala	True	True	True	True
5235	som-snytt	2016-06-17 18:32:31	dwijnand	2016-07-06 23:44:52	test/files/run/no-string-plus.scala	True	True	True	True
5235	som-snytt	2016-06-17 18:32:31	dwijnand	2016-07-06 23:44:52	test/files/run/no-string-plus.flags	True	True	True	True
5235	som-snytt	2016-06-17 18:32:31	dwijnand	2016-07-06 23:44:52	src/compiler/scala/tools/reflect/FormatInterpolator.scala	True	True	True	True
5235	som-snytt	2016-06-17 18:32:31	dwijnand	2016-07-06 23:44:52	test/files/pos/no-string-plus-3.flags	True	True	True	True
5235	som-snytt	2016-06-17 18:32:31	dwijnand	2016-07-06 23:44:52	test/files/pos/no-string-plus-2.flags	True	True	True	True
5235	som-snytt	2016-06-17 18:32:31	dwijnand	2016-07-06 23:44:52	test/files/neg/no-string-plus-3.flags	True	True	True	True
5235	som-snytt	2016-06-17 18:32:31	dwijnand	2016-07-06 23:44:52	test/files/neg/no-string-plus-3.check	True	True	True	True
5231	gourlaysama	2016-06-15 14:23:16	VladUreche	2016-06-26 13:42:26	test/scaladoc/run/t9585.scala	True	True	True	True
5231	gourlaysama	2016-06-15 14:23:16	VladUreche	2016-06-26 13:42:26	test/scaladoc/run/t9585.check	True	True	True	True
5231	gourlaysama	2016-06-15 14:23:16	VladUreche	2016-06-26 13:42:26	src/scaladoc/scala/tools/nsc/doc/model/ModelFactoryImplicitSupport.scala	True	True	True	True
5228	dpogretskiy	2016-06-14 12:19:48	axel22	2016-06-17 15:22:50	src/library/scala/collection/immutable/Queue.scala	True	True	True	True
5228	dpogretskiy	2016-06-14 12:19:48	axel22	2016-06-14 15:02:06	src/library/scala/collection/immutable/Queue.scala	True	True	True	True
5228	dpogretskiy	2016-06-14 12:19:48	axel22	2016-06-14 15:02:40	src/library/scala/collection/immutable/Queue.scala	True	True	True	True
5225	janekdb	2016-06-12 15:00:49	som-snytt	2016-06-13 00:44:33	src/library/scala/Predef.scala	True	True	True	True
5225	janekdb	2016-06-12 15:00:49	adriaanm	2016-07-05 20:30:15	src/library/scala/Predef.scala	True	True	True	True
5225	janekdb	2016-06-12 15:00:49	som-snytt	2016-06-13 00:44:33	src/library/scala/math/package.scala	False	True	True	True
5225	janekdb	2016-06-12 15:00:49	som-snytt	2016-07-07 15:27:28	src/library/scala/Predef.scala	True	True	True	True
5225	janekdb	2016-06-12 15:00:49	som-snytt	2016-07-07 15:27:28	src/library/scala/math/package.scala	False	True	True	True
5225	janekdb	2016-06-12 15:00:49	adriaanm	2016-07-05 20:30:15	src/library/scala/math/package.scala	False	True	True	True
5225	janekdb	2016-06-12 15:00:49	adriaanm	2016-07-05 20:29:56	src/library/scala/math/package.scala	False	True	True	True
5225	janekdb	2016-06-12 15:00:49	adriaanm	2016-07-05 20:29:56	src/library/scala/Predef.scala	True	True	True	True
5222	dwijnand	2016-06-09 07:34:45	adriaanm	2016-07-05 21:35:20	test/files/run/repl-printer-classbased.scala	True	True	True	True
5222	dwijnand	2016-06-09 07:34:45	adriaanm	2016-07-05 21:53:45	src/repl/scala/tools/nsc/interpreter/IMain.scala	True	True	True	True
5222	dwijnand	2016-06-09 07:34:45	adriaanm	2016-07-05 21:53:45	src/repl/scala/tools/nsc/interpreter/IMain.scala	False	True	True	True
5222	dwijnand	2016-06-09 07:34:45	adriaanm	2016-07-05 21:53:45	src/repl/scala/tools/nsc/interpreter/ReplPrinter.scala	False	True	True	True
5222	dwijnand	2016-06-09 07:34:45	adriaanm	2016-07-05 21:53:45	test/files/run/repl-printer-classbased.scala	False	True	True	True
5222	dwijnand	2016-06-09 07:34:45	adriaanm	2016-07-05 21:53:45	test/files/run/repl-printer-classbased.check	False	True	True	True
5222	dwijnand	2016-06-09 07:34:45	adriaanm	2016-07-05 21:35:20	test/files/run/repl-printer.scala	True	True	True	True
5222	dwijnand	2016-06-09 07:34:45	adriaanm	2016-07-05 21:35:20	test/files/run/repl-printer-classbased.check	False	True	True	True
5222	dwijnand	2016-06-09 07:34:45	adriaanm	2016-07-05 21:35:20	test/files/run/repl-out-dir.check	True	True	True	True
5222	dwijnand	2016-06-09 07:34:45	adriaanm	2016-07-05 21:35:20	test/files/run/repl-printer-classbased.check	True	True	True	True
5222	dwijnand	2016-06-09 07:34:45	adriaanm	2016-07-05 21:35:20	src/repl/scala/tools/nsc/interpreter/ReplStrings.scala	True	True	True	True
5222	dwijnand	2016-06-09 07:34:45	adriaanm	2016-07-05 21:35:20	src/repl/scala/tools/nsc/interpreter/ReplPrinter.scala	True	True	True	True
5222	dwijnand	2016-06-09 07:34:45	adriaanm	2016-07-05 21:35:20	src/repl/scala/tools/nsc/interpreter/IMain.scala	True	True	True	True
5222	dwijnand	2016-06-09 07:34:45	adriaanm	2016-07-05 21:35:20	src/repl/scala/tools/nsc/interpreter/IMain.scala	False	True	True	True
5222	dwijnand	2016-06-09 07:34:45	adriaanm	2016-07-05 21:35:20	src/repl/scala/tools/nsc/interpreter/ReplPrinter.scala	False	True	True	True
5222	dwijnand	2016-06-09 07:34:45	adriaanm	2016-07-05 21:35:20	test/files/run/repl-printer-classbased.scala	False	True	True	True
5222	dwijnand	2016-06-09 07:34:45	adriaanm	2016-07-05 21:53:45	src/repl/scala/tools/nsc/interpreter/ReplStrings.scala	True	True	True	True
5222	dwijnand	2016-06-09 07:34:45	adriaanm	2016-07-05 21:53:45	src/repl/scala/tools/nsc/interpreter/ReplPrinter.scala	True	True	True	True
5222	dwijnand	2016-06-09 07:34:45	adriaanm	2016-07-05 21:35:20	test/files/run/repl-printer.check	True	True	True	True
5222	dwijnand	2016-06-09 07:34:45	adriaanm	2016-07-05 21:53:45	test/files/run/repl-out-dir.check	True	True	True	True
5222	dwijnand	2016-06-09 07:34:45	lrytz	2016-07-13 09:22:28	src/repl/scala/tools/nsc/interpreter/IMain.scala	True	True	True	True
5222	dwijnand	2016-06-09 07:34:45	adriaanm	2016-07-05 21:53:45	test/files/run/repl-printer-classbased.check	True	True	True	True
5222	dwijnand	2016-06-09 07:34:45	lrytz	2016-07-13 09:22:28	test/files/run/repl-printer.scala	True	True	True	True
5222	dwijnand	2016-06-09 07:34:45	lrytz	2016-07-13 09:22:28	test/files/run/repl-printer.check	True	True	True	True
5222	dwijnand	2016-06-09 07:34:45	lrytz	2016-07-13 09:22:28	test/files/run/repl-printer-classbased.check	True	True	True	True
5222	dwijnand	2016-06-09 07:34:45	lrytz	2016-07-13 09:22:28	test/files/run/repl-out-dir.check	True	True	True	True
5222	dwijnand	2016-06-09 07:34:45	lrytz	2016-07-13 09:22:28	src/repl/scala/tools/nsc/interpreter/ReplStrings.scala	True	True	True	True
5222	dwijnand	2016-06-09 07:34:45	lrytz	2016-07-13 09:22:28	src/repl/scala/tools/nsc/interpreter/ReplPrinter.scala	True	True	True	True
5222	dwijnand	2016-06-09 07:34:45	lrytz	2016-07-13 09:22:28	test/files/run/repl-printer-classbased.scala	True	True	True	True
5222	dwijnand	2016-06-09 07:34:45	lrytz	2016-07-13 09:22:28	src/repl/scala/tools/nsc/interpreter/IMain.scala	False	True	True	True
5222	dwijnand	2016-06-09 07:34:45	lrytz	2016-07-13 09:22:28	test/files/run/repl-printer-classbased.scala	False	True	True	True
5222	dwijnand	2016-06-09 07:34:45	lrytz	2016-07-13 09:22:28	test/files/run/repl-printer-classbased.check	False	True	True	True
5222	dwijnand	2016-06-09 07:34:45	adriaanm	2016-07-05 21:53:45	test/files/run/repl-printer.scala	True	True	True	True
5222	dwijnand	2016-06-09 07:34:45	adriaanm	2016-07-05 21:53:45	test/files/run/repl-printer.check	True	True	True	True
5222	dwijnand	2016-06-09 07:34:45	lrytz	2016-07-13 09:22:28	src/repl/scala/tools/nsc/interpreter/ReplPrinter.scala	False	True	True	True
5222	dwijnand	2016-06-09 07:34:45	adriaanm	2016-07-05 21:53:45	test/files/run/repl-printer-classbased.scala	True	True	True	True
5221	som-snytt	2016-06-09 06:52:56	retronym	2016-06-14 02:28:25	test/junit/scala/tools/nsc/backend/jvm/LineTest.scala	True	False	True	True
5220	som-snytt	2016-06-09 05:08:09	retronym	2016-06-09 06:17:06	test/files/run/kind-repl-command.check	True	True	True	True
5220	som-snytt	2016-06-09 05:08:09	retronym	2016-06-09 06:17:06	src/scaladoc/scala/tools/nsc/doc/DocFactory.scala	True	True	True	True
5220	som-snytt	2016-06-09 05:08:09	retronym	2016-06-09 06:17:06	src/scaladoc/scala/tools/nsc/doc/html/page/IndexScript.scala	True	True	True	True
5220	som-snytt	2016-06-09 05:08:09	retronym	2016-06-09 06:17:06	test/files/jvm/interpreter.check	True	True	True	True
5220	som-snytt	2016-06-09 05:08:09	retronym	2016-06-09 06:17:06	test/files/run/reify_newimpl_26.check	True	True	True	True
5220	som-snytt	2016-06-09 05:08:09	retronym	2016-06-09 06:17:06	test/files/run/reify-repl-fail-gracefully.check	True	True	True	True
5220	som-snytt	2016-06-09 05:08:09	retronym	2016-06-09 06:17:06	test/files/run/reify_newimpl_25.check	True	True	True	True
5220	som-snytt	2016-06-09 05:08:09	retronym	2016-06-09 06:17:06	test/files/run/repl-classbased.check	True	True	True	True
5220	som-snytt	2016-06-09 05:08:09	retronym	2016-06-09 06:17:06	src/repl/scala/tools/nsc/interpreter/PresentationCompilerCompleter.scala	True	True	True	True
5220	som-snytt	2016-06-09 05:08:09	retronym	2016-06-09 06:17:06	src/repl/scala/tools/nsc/interpreter/Scripted.scala	True	True	True	True
5220	som-snytt	2016-06-09 05:08:09	retronym	2016-06-09 06:17:06	src/partest-extras/scala/tools/partest/ReplTest.scala	True	True	True	True
5220	som-snytt	2016-06-09 05:08:09	retronym	2016-06-09 06:17:06	src/repl/scala/tools/nsc/interpreter/Naming.scala	True	True	True	True
5220	som-snytt	2016-06-09 05:08:09	retronym	2016-06-09 06:17:06	src/repl/scala/tools/nsc/interpreter/Imports.scala	True	True	True	True
5220	som-snytt	2016-06-09 05:08:09	retronym	2016-06-09 06:17:06	src/repl/scala/tools/nsc/interpreter/IMain.scala	True	True	True	True
5220	som-snytt	2016-06-09 05:08:09	retronym	2016-06-09 06:17:06	src/reflect/scala/reflect/runtime/JavaUniverseForce.scala	True	True	True	True
5220	som-snytt	2016-06-09 05:08:09	retronym	2016-06-09 06:17:06	src/reflect/scala/reflect/internal/Symbols.scala	True	True	True	True
5220	som-snytt	2016-06-09 05:08:09	retronym	2016-06-09 06:17:06	src/reflect/scala/reflect/internal/StdNames.scala	True	True	True	True
5220	som-snytt	2016-06-09 05:08:09	retronym	2016-06-09 06:17:06	src/reflect/scala/reflect/internal/Definitions.scala	True	True	True	True
5220	som-snytt	2016-06-09 05:08:09	retronym	2016-06-09 06:17:06	test/files/run/repl-no-imports-no-predef.check	True	True	True	True
5220	som-snytt	2016-06-09 05:08:09	retronym	2016-06-09 06:17:06	src/compiler/scala/tools/nsc/typechecker/Namers.scala	True	True	True	True
5220	som-snytt	2016-06-09 05:08:09	retronym	2016-06-09 06:17:06	test/files/run/repl-colon-type.check	True	True	True	True
5220	som-snytt	2016-06-09 05:08:09	retronym	2016-06-09 06:17:06	test/files/run/t5655.scala	True	True	True	True
5220	som-snytt	2016-06-09 05:08:09	retronym	2016-06-09 06:17:06	test/files/run/repl-out-dir.check	True	True	True	True
5220	som-snytt	2016-06-09 05:08:09	retronym	2016-06-09 06:17:06	test/files/run/repl-paste-2.check	True	True	True	True
5220	som-snytt	2016-06-09 05:08:09	retronym	2016-06-09 06:17:06	test/files/neg/specification-scopes/P_2.scala	False	True	True	True
5220	som-snytt	2016-06-09 05:08:09	retronym	2016-06-09 06:17:06	test/files/neg/specification-scopes/P_1.scala	False	True	True	True
5220	som-snytt	2016-06-09 05:08:09	retronym	2016-06-09 06:17:06	test/files/neg/specification-scopes.check	False	True	True	True
5220	som-snytt	2016-06-09 05:08:09	retronym	2016-06-09 06:17:06	test/files/neg/ambiguous-same.scala	False	True	True	True
5220	som-snytt	2016-06-09 05:08:09	retronym	2016-06-09 06:17:06	test/files/neg/ambiguous-same.check	False	True	True	True
5220	som-snytt	2016-06-09 05:08:09	retronym	2016-06-09 06:17:06	test/scalacheck/scala/tools/nsc/scaladoc/IndexScriptTest.scala	True	True	True	True
5220	som-snytt	2016-06-09 05:08:09	retronym	2016-06-09 06:17:06	test/junit/scala/tools/nsc/interpreter/ScriptedTest.scala	True	True	True	True
5220	som-snytt	2016-06-09 05:08:09	retronym	2016-06-09 06:17:06	test/files/run/xMigration.check	True	True	True	True
5220	som-snytt	2016-06-09 05:08:09	retronym	2016-06-09 06:17:06	test/files/run/t9206.scala	True	True	True	True
5220	som-snytt	2016-06-09 05:08:09	retronym	2016-06-09 06:17:06	test/files/run/t9170.scala	True	True	True	True
5220	som-snytt	2016-06-09 05:08:09	retronym	2016-06-09 06:17:06	test/files/run/t8843-repl-xlat.scala	True	True	True	True
5220	som-snytt	2016-06-09 05:08:09	retronym	2016-06-09 06:17:06	test/files/run/t7747-repl.check	True	True	True	True
5220	som-snytt	2016-06-09 05:08:09	retronym	2016-06-09 06:17:06	test/files/run/t7319.check	True	True	True	True
5220	som-snytt	2016-06-09 05:08:09	retronym	2016-06-09 06:17:06	src/compiler/scala/tools/nsc/typechecker/ContextErrors.scala	True	True	True	True
5220	som-snytt	2016-06-09 05:08:09	retronym	2016-06-09 06:17:06	test/files/run/t5655.check	True	True	True	True
5220	som-snytt	2016-06-09 05:08:09	retronym	2016-06-09 06:17:06	test/files/run/t5256d.check	True	True	True	True
5220	som-snytt	2016-06-09 05:08:09	retronym	2016-06-09 06:17:06	test/files/run/repl-trim-stack-trace.scala	True	True	True	True
5220	som-snytt	2016-06-09 05:08:09	retronym	2016-06-09 06:17:06	test/files/run/repl-serialization.scala	True	True	True	True
5220	som-snytt	2016-06-09 05:08:09	retronym	2016-06-09 06:17:06	test/files/run/repl-reset.check	True	True	True	True
5220	som-snytt	2016-06-09 05:08:09	retronym	2016-06-09 06:17:06	src/compiler/scala/tools/nsc/typechecker/Contexts.scala	True	True	True	True
5220	som-snytt	2016-06-09 05:08:09	retronym	2016-06-09 07:29:37	test/files/run/xMigration.check	True	True	True	True
5220	som-snytt	2016-06-09 05:08:09	retronym	2016-06-09 07:29:37	test/files/run/t8935-object.scala	True	True	True	True
5220	som-snytt	2016-06-09 05:08:09	retronym	2016-06-09 07:29:37	test/files/run/repl-classbased.check	True	True	True	True
5220	som-snytt	2016-06-09 05:08:09	retronym	2016-06-09 07:29:37	test/files/run/reify_newimpl_25.check	True	True	True	True
5220	som-snytt	2016-06-09 05:08:09	retronym	2016-06-09 07:29:37	test/files/run/reify-repl-fail-gracefully.check	True	True	True	True
5220	som-snytt	2016-06-09 05:08:09	retronym	2016-06-09 07:29:37	test/files/run/kind-repl-command.check	True	True	True	True
5220	som-snytt	2016-06-09 05:08:09	retronym	2016-06-09 07:29:37	test/files/jvm/interpreter.check	True	True	True	True
5220	som-snytt	2016-06-09 05:08:09	retronym	2016-06-09 07:29:37	src/scaladoc/scala/tools/nsc/doc/html/page/IndexScript.scala	True	True	True	True
5220	som-snytt	2016-06-09 05:08:09	retronym	2016-06-09 07:29:37	src/scaladoc/scala/tools/nsc/doc/DocFactory.scala	True	True	True	True
5220	som-snytt	2016-06-09 05:08:09	retronym	2016-06-09 07:29:37	src/repl/scala/tools/nsc/interpreter/Scripted.scala	True	True	True	True
5220	som-snytt	2016-06-09 05:08:09	retronym	2016-06-09 07:29:37	src/repl/scala/tools/nsc/interpreter/PresentationCompilerCompleter.scala	True	True	True	True
5220	som-snytt	2016-06-09 05:08:09	retronym	2016-06-09 07:29:37	src/repl/scala/tools/nsc/interpreter/Naming.scala	True	True	True	True
5220	som-snytt	2016-06-09 05:08:09	retronym	2016-06-09 07:29:37	src/repl/scala/tools/nsc/interpreter/Imports.scala	True	True	True	True
5220	som-snytt	2016-06-09 05:08:09	retronym	2016-06-09 07:29:37	src/repl/scala/tools/nsc/interpreter/IMain.scala	True	True	True	True
5220	som-snytt	2016-06-09 05:08:09	retronym	2016-06-09 07:29:37	src/reflect/scala/reflect/runtime/JavaUniverseForce.scala	True	True	True	True
5220	som-snytt	2016-06-09 05:08:09	retronym	2016-06-09 07:29:37	src/reflect/scala/reflect/internal/Symbols.scala	True	True	True	True
5220	som-snytt	2016-06-09 05:08:09	retronym	2016-06-09 07:29:37	src/reflect/scala/reflect/internal/StdNames.scala	True	True	True	True
5220	som-snytt	2016-06-09 05:08:09	retronym	2016-06-09 07:29:37	src/reflect/scala/reflect/internal/Definitions.scala	True	True	True	True
5220	som-snytt	2016-06-09 05:08:09	retronym	2016-06-09 07:29:37	src/partest-extras/scala/tools/partest/ReplTest.scala	True	True	True	True
5220	som-snytt	2016-06-09 05:08:09	retronym	2016-06-09 07:29:37	src/compiler/scala/tools/nsc/typechecker/Namers.scala	True	True	True	True
5220	som-snytt	2016-06-09 05:08:09	retronym	2016-06-09 07:29:37	src/compiler/scala/tools/nsc/typechecker/Contexts.scala	True	True	True	True
5220	som-snytt	2016-06-09 05:08:09	retronym	2016-06-09 06:19:34	src/compiler/scala/tools/nsc/typechecker/ContextErrors.scala	True	True	True	True
5220	som-snytt	2016-06-09 05:08:09	retronym	2016-06-09 07:29:37	test/files/run/reify_newimpl_26.check	True	True	True	True
5220	som-snytt	2016-06-09 05:08:09	retronym	2016-06-09 07:29:37	test/files/run/repl-colon-type.check	True	True	True	True
5220	som-snytt	2016-06-09 05:08:09	retronym	2016-06-09 07:29:37	test/files/neg/specification-scopes/P_2.scala	False	True	True	True
5220	som-snytt	2016-06-09 05:08:09	retronym	2016-06-09 07:29:37	test/files/run/repl-no-imports-no-predef.check	True	True	True	True
5220	som-snytt	2016-06-09 05:08:09	retronym	2016-06-09 07:29:37	test/files/neg/specification-scopes/P_1.scala	False	True	True	True
5220	som-snytt	2016-06-09 05:08:09	retronym	2016-06-09 07:29:37	test/files/neg/specification-scopes.check	False	True	True	True
5220	som-snytt	2016-06-09 05:08:09	retronym	2016-06-09 07:29:37	test/files/neg/ambiguous-same.scala	False	True	True	True
5220	som-snytt	2016-06-09 05:08:09	retronym	2016-06-09 07:29:37	test/files/neg/ambiguous-same.check	False	True	True	True
5220	som-snytt	2016-06-09 05:08:09	retronym	2016-06-09 07:29:37	test/scalacheck/scala/tools/nsc/scaladoc/IndexScriptTest.scala	True	True	True	True
5220	som-snytt	2016-06-09 05:08:09	retronym	2016-06-09 07:29:37	test/junit/scala/tools/nsc/interpreter/ScriptedTest.scala	True	True	True	True
5220	som-snytt	2016-06-09 05:08:09	retronym	2016-06-09 07:29:37	test/files/run/t9206.scala	True	True	True	True
5220	som-snytt	2016-06-09 05:08:09	retronym	2016-06-09 07:29:37	test/files/run/t9170.scala	True	True	True	True
5220	som-snytt	2016-06-09 05:08:09	retronym	2016-06-09 07:29:37	test/files/run/t8843-repl-xlat.scala	True	True	True	True
5220	som-snytt	2016-06-09 05:08:09	retronym	2016-06-09 07:29:37	test/files/run/t7747-repl.check	True	True	True	True
5220	som-snytt	2016-06-09 05:08:09	retronym	2016-06-09 07:29:37	test/files/run/t7319.check	True	True	True	True
5220	som-snytt	2016-06-09 05:08:09	retronym	2016-06-09 07:29:37	test/files/run/t5655.scala	True	True	True	True
5220	som-snytt	2016-06-09 05:08:09	retronym	2016-06-09 07:29:37	test/files/run/t5655.check	True	True	True	True
5220	som-snytt	2016-06-09 05:08:09	retronym	2016-06-09 07:29:37	test/files/run/t5256d.check	True	True	True	True
5220	som-snytt	2016-06-09 05:08:09	retronym	2016-06-09 07:29:37	test/files/run/repl-trim-stack-trace.scala	True	True	True	True
5220	som-snytt	2016-06-09 05:08:09	retronym	2016-06-09 07:29:37	test/files/run/repl-serialization.scala	True	True	True	True
5220	som-snytt	2016-06-09 05:08:09	retronym	2016-06-09 07:29:37	test/files/run/repl-reset.check	True	True	True	True
5220	som-snytt	2016-06-09 05:08:09	retronym	2016-06-09 07:29:37	test/files/run/repl-paste-2.check	True	True	True	True
5220	som-snytt	2016-06-09 05:08:09	retronym	2016-06-09 07:29:37	test/files/run/repl-out-dir.check	True	True	True	True
5220	som-snytt	2016-06-09 05:08:09	retronym	2016-06-09 06:17:06	test/files/run/t8935-object.scala	True	True	True	True
5220	som-snytt	2016-06-09 05:08:09	retronym	2016-06-09 07:29:37	src/compiler/scala/tools/nsc/typechecker/ContextErrors.scala	True	True	True	True
5220	som-snytt	2016-06-09 05:08:09	retronym	2016-06-09 06:19:34	src/compiler/scala/tools/nsc/typechecker/Contexts.scala	True	True	True	True
5220	som-snytt	2016-06-09 05:08:09	retronym	2016-06-09 06:13:48	test/files/run/repl-paste-2.check	True	True	True	True
5220	som-snytt	2016-06-09 05:08:09	retronym	2016-06-09 06:13:48	test/files/run/repl-no-imports-no-predef.check	True	True	True	True
5220	som-snytt	2016-06-09 05:08:09	retronym	2016-06-09 06:13:48	test/files/run/repl-colon-type.check	True	True	True	True
5220	som-snytt	2016-06-09 05:08:09	retronym	2016-06-09 06:13:48	test/files/run/reify_newimpl_26.check	True	True	True	True
5220	som-snytt	2016-06-09 05:08:09	retronym	2016-06-09 06:13:48	test/files/run/reify_newimpl_25.check	True	True	True	True
5220	som-snytt	2016-06-09 05:08:09	retronym	2016-06-09 06:13:48	test/files/run/reify-repl-fail-gracefully.check	True	True	True	True
5220	som-snytt	2016-06-09 05:08:09	retronym	2016-06-09 06:13:48	test/files/run/kind-repl-command.check	True	True	True	True
5220	som-snytt	2016-06-09 05:08:09	retronym	2016-06-09 06:13:48	test/files/jvm/interpreter.check	True	True	True	True
5220	som-snytt	2016-06-09 05:08:09	retronym	2016-06-09 06:13:48	src/scaladoc/scala/tools/nsc/doc/html/page/IndexScript.scala	True	True	True	True
5220	som-snytt	2016-06-09 05:08:09	retronym	2016-06-09 06:13:48	src/scaladoc/scala/tools/nsc/doc/DocFactory.scala	True	True	True	True
5220	som-snytt	2016-06-09 05:08:09	retronym	2016-06-09 06:13:48	src/repl/scala/tools/nsc/interpreter/Scripted.scala	True	True	True	True
5220	som-snytt	2016-06-09 05:08:09	retronym	2016-06-09 06:13:48	src/repl/scala/tools/nsc/interpreter/PresentationCompilerCompleter.scala	True	True	True	True
5220	som-snytt	2016-06-09 05:08:09	retronym	2016-06-09 06:13:48	src/repl/scala/tools/nsc/interpreter/Naming.scala	True	True	True	True
5220	som-snytt	2016-06-09 05:08:09	retronym	2016-06-09 06:13:48	src/repl/scala/tools/nsc/interpreter/Imports.scala	True	True	True	True
5220	som-snytt	2016-06-09 05:08:09	retronym	2016-06-09 06:13:48	src/repl/scala/tools/nsc/interpreter/IMain.scala	True	True	True	True
5220	som-snytt	2016-06-09 05:08:09	retronym	2016-06-09 06:13:48	src/reflect/scala/reflect/runtime/JavaUniverseForce.scala	True	True	True	True
5220	som-snytt	2016-06-09 05:08:09	retronym	2016-06-09 06:13:48	src/reflect/scala/reflect/internal/Symbols.scala	True	True	True	True
5220	som-snytt	2016-06-09 05:08:09	retronym	2016-06-09 06:13:48	src/reflect/scala/reflect/internal/StdNames.scala	True	True	True	True
5220	som-snytt	2016-06-09 05:08:09	retronym	2016-06-09 06:13:48	src/reflect/scala/reflect/internal/Definitions.scala	True	True	True	True
5220	som-snytt	2016-06-09 05:08:09	retronym	2016-06-09 06:13:48	src/partest-extras/scala/tools/partest/ReplTest.scala	True	True	True	True
5220	som-snytt	2016-06-09 05:08:09	retronym	2016-06-09 06:13:48	test/files/run/repl-out-dir.check	True	True	True	True
5220	som-snytt	2016-06-09 05:08:09	retronym	2016-06-09 06:13:48	test/files/run/repl-reset.check	True	True	True	True
5220	som-snytt	2016-06-09 05:08:09	retronym	2016-06-09 06:13:48	src/compiler/scala/tools/nsc/typechecker/Contexts.scala	True	True	True	True
5220	som-snytt	2016-06-09 05:08:09	retronym	2016-06-09 06:13:48	test/files/run/repl-serialization.scala	True	True	True	True
5220	som-snytt	2016-06-09 05:08:09	retronym	2016-06-09 06:19:34	src/compiler/scala/tools/nsc/typechecker/Namers.scala	True	True	True	True
5220	som-snytt	2016-06-09 05:08:09	retronym	2016-06-09 06:13:48	test/files/run/t8935-object.scala	True	True	True	True
5220	som-snytt	2016-06-09 05:08:09	retronym	2016-06-09 06:13:48	test/files/neg/specification-scopes/P_2.scala	False	True	True	True
5220	som-snytt	2016-06-09 05:08:09	retronym	2016-06-09 06:13:48	test/files/neg/specification-scopes/P_1.scala	False	True	True	True
5220	som-snytt	2016-06-09 05:08:09	retronym	2016-06-09 06:13:48	test/files/neg/specification-scopes.check	False	True	True	True
5220	som-snytt	2016-06-09 05:08:09	retronym	2016-06-09 06:13:48	test/files/neg/ambiguous-same.scala	False	True	True	True
5220	som-snytt	2016-06-09 05:08:09	retronym	2016-06-09 06:13:48	test/files/neg/ambiguous-same.check	False	True	True	True
5220	som-snytt	2016-06-09 05:08:09	retronym	2016-06-09 06:13:48	test/scalacheck/scala/tools/nsc/scaladoc/IndexScriptTest.scala	True	True	True	True
5220	som-snytt	2016-06-09 05:08:09	retronym	2016-06-09 06:13:48	test/junit/scala/tools/nsc/interpreter/ScriptedTest.scala	True	True	True	True
5220	som-snytt	2016-06-09 05:08:09	retronym	2016-06-09 06:13:48	test/files/run/xMigration.check	True	True	True	True
5220	som-snytt	2016-06-09 05:08:09	retronym	2016-06-09 06:13:48	test/files/run/t9206.scala	True	True	True	True
5220	som-snytt	2016-06-09 05:08:09	retronym	2016-06-09 06:13:48	test/files/run/t9170.scala	True	True	True	True
5220	som-snytt	2016-06-09 05:08:09	retronym	2016-06-09 06:13:48	test/files/run/t8843-repl-xlat.scala	True	True	True	True
5220	som-snytt	2016-06-09 05:08:09	retronym	2016-06-09 06:13:48	test/files/run/t7747-repl.check	True	True	True	True
5220	som-snytt	2016-06-09 05:08:09	retronym	2016-06-09 06:13:48	test/files/run/t7319.check	True	True	True	True
5220	som-snytt	2016-06-09 05:08:09	retronym	2016-06-09 06:13:48	test/files/run/t5655.scala	True	True	True	True
5220	som-snytt	2016-06-09 05:08:09	retronym	2016-06-09 06:13:48	test/files/run/t5655.check	True	True	True	True
5220	som-snytt	2016-06-09 05:08:09	retronym	2016-06-09 06:13:48	test/files/run/t5256d.check	True	True	True	True
5220	som-snytt	2016-06-09 05:08:09	retronym	2016-06-09 06:13:48	test/files/run/repl-trim-stack-trace.scala	True	True	True	True
5220	som-snytt	2016-06-09 05:08:09	retronym	2016-06-09 06:13:48	src/compiler/scala/tools/nsc/typechecker/Namers.scala	True	True	True	True
5220	som-snytt	2016-06-09 05:08:09	retronym	2016-06-09 06:13:48	test/files/run/repl-classbased.check	True	True	True	True
5220	som-snytt	2016-06-09 05:08:09	retronym	2016-06-09 06:13:48	src/compiler/scala/tools/nsc/typechecker/ContextErrors.scala	True	True	True	True
5220	som-snytt	2016-06-09 05:08:09	retronym	2016-06-09 06:19:34	test/files/run/repl-out-dir.check	True	True	True	True
5220	som-snytt	2016-06-09 05:08:09	retronym	2016-06-09 06:19:34	test/files/run/repl-colon-type.check	True	True	True	True
5220	som-snytt	2016-06-09 05:08:09	retronym	2016-06-09 06:19:34	test/files/run/repl-classbased.check	True	True	True	True
5220	som-snytt	2016-06-09 05:08:09	retronym	2016-06-09 06:19:34	test/files/run/reify_newimpl_26.check	True	True	True	True
5220	som-snytt	2016-06-09 05:08:09	retronym	2016-06-09 06:19:34	test/files/run/reify_newimpl_25.check	True	True	True	True
5220	som-snytt	2016-06-09 05:08:09	retronym	2016-06-09 06:19:34	test/files/run/reify-repl-fail-gracefully.check	True	True	True	True
5220	som-snytt	2016-06-09 05:08:09	retronym	2016-06-09 06:19:34	test/files/run/kind-repl-command.check	True	True	True	True
5220	som-snytt	2016-06-09 05:08:09	retronym	2016-06-09 06:19:34	test/files/jvm/interpreter.check	True	True	True	True
5220	som-snytt	2016-06-09 05:08:09	retronym	2016-06-09 06:19:34	src/scaladoc/scala/tools/nsc/doc/html/page/IndexScript.scala	True	True	True	True
5220	som-snytt	2016-06-09 05:08:09	retronym	2016-06-09 06:19:34	src/scaladoc/scala/tools/nsc/doc/DocFactory.scala	True	True	True	True
5220	som-snytt	2016-06-09 05:08:09	retronym	2016-06-09 06:19:34	src/repl/scala/tools/nsc/interpreter/Scripted.scala	True	True	True	True
5220	som-snytt	2016-06-09 05:08:09	retronym	2016-06-09 06:19:34	src/repl/scala/tools/nsc/interpreter/PresentationCompilerCompleter.scala	True	True	True	True
5220	som-snytt	2016-06-09 05:08:09	retronym	2016-06-09 06:19:34	src/repl/scala/tools/nsc/interpreter/Naming.scala	True	True	True	True
5220	som-snytt	2016-06-09 05:08:09	retronym	2016-06-09 06:19:34	src/repl/scala/tools/nsc/interpreter/Imports.scala	True	True	True	True
5220	som-snytt	2016-06-09 05:08:09	retronym	2016-06-09 06:19:34	src/repl/scala/tools/nsc/interpreter/IMain.scala	True	True	True	True
5220	som-snytt	2016-06-09 05:08:09	retronym	2016-06-09 06:19:34	src/reflect/scala/reflect/runtime/JavaUniverseForce.scala	True	True	True	True
5220	som-snytt	2016-06-09 05:08:09	retronym	2016-06-09 06:19:34	src/reflect/scala/reflect/internal/Symbols.scala	True	True	True	True
5220	som-snytt	2016-06-09 05:08:09	retronym	2016-06-09 06:19:34	test/files/run/t8935-object.scala	True	True	True	True
5220	som-snytt	2016-06-09 05:08:09	retronym	2016-06-09 06:19:34	src/reflect/scala/reflect/internal/Definitions.scala	True	True	True	True
5220	som-snytt	2016-06-09 05:08:09	retronym	2016-06-09 06:19:34	src/partest-extras/scala/tools/partest/ReplTest.scala	True	True	True	True
5220	som-snytt	2016-06-09 05:08:09	retronym	2016-06-09 06:19:34	test/files/run/repl-no-imports-no-predef.check	True	True	True	True
5220	som-snytt	2016-06-09 05:08:09	retronym	2016-06-09 06:19:34	src/reflect/scala/reflect/internal/StdNames.scala	True	True	True	True
5220	som-snytt	2016-06-09 05:08:09	retronym	2016-06-09 06:19:34	test/files/run/repl-paste-2.check	True	True	True	True
5220	som-snytt	2016-06-09 05:08:09	retronym	2016-06-09 06:19:34	test/files/run/t9170.scala	True	True	True	True
5220	som-snytt	2016-06-09 05:08:09	retronym	2016-06-09 06:19:34	test/files/run/repl-reset.check	True	True	True	True
5220	som-snytt	2016-06-09 05:08:09	retronym	2016-06-09 06:19:34	test/files/neg/specification-scopes/P_1.scala	False	True	True	True
5220	som-snytt	2016-06-09 05:08:09	retronym	2016-06-09 06:19:34	test/files/neg/specification-scopes.check	False	True	True	True
5220	som-snytt	2016-06-09 05:08:09	retronym	2016-06-09 06:19:34	test/files/neg/ambiguous-same.scala	False	True	True	True
5220	som-snytt	2016-06-09 05:08:09	retronym	2016-06-09 06:19:34	test/files/neg/ambiguous-same.check	False	True	True	True
5220	som-snytt	2016-06-09 05:08:09	retronym	2016-06-09 06:19:34	test/scalacheck/scala/tools/nsc/scaladoc/IndexScriptTest.scala	True	True	True	True
5220	som-snytt	2016-06-09 05:08:09	retronym	2016-06-09 06:19:34	test/junit/scala/tools/nsc/interpreter/ScriptedTest.scala	True	True	True	True
5220	som-snytt	2016-06-09 05:08:09	retronym	2016-06-09 06:19:34	test/files/run/xMigration.check	True	True	True	True
5220	som-snytt	2016-06-09 05:08:09	retronym	2016-06-09 06:19:34	test/files/run/t9206.scala	True	True	True	True
5220	som-snytt	2016-06-09 05:08:09	retronym	2016-06-09 06:19:34	test/files/neg/specification-scopes/P_2.scala	False	True	True	True
5220	som-snytt	2016-06-09 05:08:09	retronym	2016-06-09 06:19:34	test/files/run/t8843-repl-xlat.scala	True	True	True	True
5220	som-snytt	2016-06-09 05:08:09	retronym	2016-06-09 06:19:34	test/files/run/t7747-repl.check	True	True	True	True
5220	som-snytt	2016-06-09 05:08:09	retronym	2016-06-09 06:19:34	test/files/run/t7319.check	True	True	True	True
5220	som-snytt	2016-06-09 05:08:09	retronym	2016-06-09 06:19:34	test/files/run/t5655.scala	True	True	True	True
5220	som-snytt	2016-06-09 05:08:09	retronym	2016-06-09 06:19:34	test/files/run/t5655.check	True	True	True	True
5220	som-snytt	2016-06-09 05:08:09	retronym	2016-06-09 06:19:34	test/files/run/t5256d.check	True	True	True	True
5220	som-snytt	2016-06-09 05:08:09	retronym	2016-06-09 06:19:34	test/files/run/repl-serialization.scala	True	True	True	True
5220	som-snytt	2016-06-09 05:08:09	retronym	2016-06-09 06:19:34	test/files/run/repl-trim-stack-trace.scala	True	True	True	True
5215	chaselal	2016-06-05 22:11:37	janekdb	2016-06-06 11:33:20	src/scaladoc/scala/tools/nsc/ScalaDoc.scala	True	True	True	True
5212	erikerlandson	2016-06-03 14:13:21	soc	2016-06-04 17:00:44	src/library/scala/collection/Parallelizable.scala	True	True	True	True
5212	erikerlandson	2016-06-03 14:13:21	soc	2016-06-04 16:58:55	src/library/scala/collection/Parallelizable.scala	True	True	True	True
5206	adriaanm	2016-06-02 05:39:18	lrytz	2016-06-03 18:15:41	src/compiler/scala/tools/nsc/transform/Mixin.scala	False	True	True	True
5206	adriaanm	2016-06-02 05:39:18	lrytz	2016-06-03 18:15:41	test/junit/scala/tools/nsc/symtab/FlagsTest.scala	True	True	True	True
5206	adriaanm	2016-06-02 05:39:18	lrytz	2016-06-03 18:15:41	src/reflect/scala/reflect/runtime/SynchronizedSymbols.scala	True	True	True	True
5206	adriaanm	2016-06-02 05:39:18	lrytz	2016-06-03 18:15:41	src/compiler/scala/tools/nsc/transform/Flatten.scala	True	True	True	True
5206	adriaanm	2016-06-02 05:39:18	lrytz	2016-06-03 18:15:41	src/reflect/scala/reflect/internal/Definitions.scala	True	True	True	True
5206	adriaanm	2016-06-02 05:39:18	lrytz	2016-06-03 18:15:41	src/reflect/scala/reflect/internal/transform/Erasure.scala	True	True	True	True
5206	adriaanm	2016-06-02 05:39:18	lrytz	2016-06-03 18:15:41	test/junit/scala/tools/nsc/backend/jvm/opt/ScalaInlineInfoTest.scala	True	True	True	True
5206	adriaanm	2016-06-02 05:39:18	lrytz	2016-06-03 18:15:41	src/compiler/scala/tools/nsc/transform/Constructors.scala	False	True	True	True
5206	adriaanm	2016-06-02 05:39:18	lrytz	2016-06-03 18:15:41	src/compiler/scala/tools/nsc/transform/Constructors.scala	True	True	True	True
5206	adriaanm	2016-06-02 05:39:18	lrytz	2016-06-03 18:15:41	src/compiler/scala/tools/nsc/backend/jvm/BCodeHelpers.scala	True	True	True	True
5206	adriaanm	2016-06-02 05:39:18	lrytz	2016-06-03 18:15:41	src/compiler/scala/tools/nsc/backend/jvm/BTypesFromSymbols.scala	True	True	True	True
5206	adriaanm	2016-06-02 05:39:18	lrytz	2016-06-03 18:15:41	src/compiler/scala/tools/nsc/transform/SpecializeTypes.scala	True	True	True	True
5206	adriaanm	2016-06-02 05:39:18	lrytz	2016-06-03 18:15:41	src/compiler/scala/tools/nsc/transform/LambdaLift.scala	True	True	True	True
5206	adriaanm	2016-06-02 05:39:18	lrytz	2016-06-03 18:15:41	src/compiler/scala/tools/nsc/typechecker/SuperAccessors.scala	True	True	True	True
5206	adriaanm	2016-06-02 05:39:18	lrytz	2016-06-03 18:15:41	src/reflect/scala/reflect/internal/Symbols.scala	True	True	True	True
5206	adriaanm	2016-06-02 05:39:18	lrytz	2016-06-03 18:15:41	src/compiler/scala/tools/nsc/transform/LazyVals.scala	True	True	True	True
5206	adriaanm	2016-06-02 05:39:18	lrytz	2016-06-03 18:15:41	test/files/neg/t0764.check	True	True	True	True
5206	adriaanm	2016-06-02 05:39:18	lrytz	2016-06-03 18:15:41	src/reflect/scala/reflect/internal/Phase.scala	True	True	True	True
5206	adriaanm	2016-06-02 05:39:18	lrytz	2016-06-03 18:15:41	test/files/jvm/innerClassAttribute/Test.scala	True	True	True	True
5206	adriaanm	2016-06-02 05:39:18	lrytz	2016-06-03 18:15:41	test/files/jvm/innerClassAttribute/Classes_1.scala	True	True	True	True
5206	adriaanm	2016-06-02 05:39:18	lrytz	2016-06-03 18:03:33	src/compiler/scala/tools/nsc/Global.scala	True	True	True	True
5206	adriaanm	2016-06-02 05:39:18	lrytz	2016-06-03 18:15:41	src/compiler/scala/tools/nsc/Global.scala	True	True	True	True
5206	adriaanm	2016-06-02 05:39:18	lrytz	2016-06-03 18:15:41	src/compiler/scala/tools/nsc/transform/Erasure.scala	True	True	True	True
5206	adriaanm	2016-06-02 05:39:18	lrytz	2016-06-03 18:15:41	src/compiler/scala/tools/nsc/transform/UnCurry.scala	True	True	True	True
5206	adriaanm	2016-06-02 05:39:18	lrytz	2016-06-03 18:15:41	src/compiler/scala/tools/nsc/typechecker/RefChecks.scala	True	True	True	True
5206	adriaanm	2016-06-02 05:39:18	lrytz	2016-06-03 18:15:41	src/compiler/scala/tools/reflect/ReflectGlobal.scala	True	True	True	True
5206	adriaanm	2016-06-02 05:39:18	lrytz	2016-06-03 18:15:41	src/reflect/scala/reflect/internal/Types.scala	True	True	True	True
5206	adriaanm	2016-06-02 05:39:18	lrytz	2016-06-03 18:15:41	src/reflect/scala/reflect/internal/transform/RefChecks.scala	True	True	True	True
5206	adriaanm	2016-06-02 05:39:18	lrytz	2016-06-03 18:15:41	src/reflect/scala/reflect/internal/transform/Transforms.scala	True	True	True	True
5206	adriaanm	2016-06-02 05:39:18	lrytz	2016-06-03 18:15:41	src/reflect/scala/reflect/internal/transform/UnCurry.scala	True	True	True	True
5206	adriaanm	2016-06-02 05:39:18	lrytz	2016-06-03 18:15:41	test/files/run/t6240-universe-code-gen.scala	True	True	True	True
5206	adriaanm	2016-06-02 05:39:18	lrytz	2016-06-03 18:15:41	src/compiler/scala/tools/nsc/transform/AddInterfaces.scala	True	True	True	True
5206	adriaanm	2016-06-02 05:39:18	lrytz	2016-06-03 18:15:41	src/compiler/scala/tools/nsc/transform/Fields.scala	True	True	True	True
5206	adriaanm	2016-06-02 05:39:18	lrytz	2016-06-03 18:15:41	src/compiler/scala/tools/nsc/transform/Mixin.scala	True	True	True	True
5206	adriaanm	2016-06-02 05:39:18	lrytz	2016-06-03 18:15:41	src/reflect/scala/reflect/internal/Flags.scala	True	True	True	True
5206	adriaanm	2016-06-02 05:39:18	lrytz	2016-06-03 18:15:41	src/compiler/scala/tools/nsc/transform/ExplicitOuter.scala	True	True	True	True
5206	adriaanm	2016-06-02 05:39:18	lrytz	2016-06-03 18:15:41	src/reflect/scala/reflect/internal/Variances.scala	True	True	True	True
5206	adriaanm	2016-06-02 05:39:18	lrytz	2016-06-03 18:03:33	src/compiler/scala/tools/nsc/transform/Erasure.scala	True	True	True	True
5206	adriaanm	2016-06-02 05:39:18	lrytz	2016-06-03 18:03:33	src/reflect/scala/reflect/internal/Variances.scala	True	True	True	True
5206	adriaanm	2016-06-02 05:39:18	lrytz	2016-06-03 18:03:33	test/junit/scala/tools/nsc/backend/jvm/opt/ScalaInlineInfoTest.scala	True	True	True	True
5206	adriaanm	2016-06-02 05:39:18	lrytz	2016-06-03 18:03:33	src/compiler/scala/tools/nsc/transform/Flatten.scala	True	True	True	True
5206	adriaanm	2016-06-02 05:39:18	lrytz	2016-06-03 18:03:33	test/junit/scala/tools/nsc/symtab/FlagsTest.scala	True	True	True	True
5206	adriaanm	2016-06-02 05:39:18	lrytz	2016-06-03 18:03:33	src/reflect/scala/reflect/runtime/SynchronizedSymbols.scala	True	True	True	True
5206	adriaanm	2016-06-02 05:39:18	lrytz	2016-06-03 18:03:33	src/reflect/scala/reflect/internal/Definitions.scala	True	True	True	True
5206	adriaanm	2016-06-02 05:39:18	lrytz	2016-06-03 18:03:33	src/reflect/scala/reflect/internal/transform/Erasure.scala	True	True	True	True
5206	adriaanm	2016-06-02 05:39:18	lrytz	2016-06-03 18:03:33	src/compiler/scala/tools/nsc/transform/Mixin.scala	False	True	True	True
5206	adriaanm	2016-06-02 05:39:18	lrytz	2016-06-03 18:03:33	src/compiler/scala/tools/nsc/backend/jvm/BCodeHelpers.scala	True	True	True	True
5206	adriaanm	2016-06-02 05:39:18	lrytz	2016-06-03 18:03:33	src/compiler/scala/tools/nsc/backend/jvm/BTypesFromSymbols.scala	True	True	True	True
5206	adriaanm	2016-06-02 05:39:18	lrytz	2016-06-03 18:03:33	src/compiler/scala/tools/nsc/transform/SpecializeTypes.scala	True	True	True	True
5206	adriaanm	2016-06-02 05:39:18	lrytz	2016-06-03 18:03:33	src/compiler/scala/tools/nsc/transform/Constructors.scala	True	True	True	True
5206	adriaanm	2016-06-02 05:39:18	lrytz	2016-06-03 18:03:33	src/compiler/scala/tools/nsc/transform/LambdaLift.scala	True	True	True	True
5206	adriaanm	2016-06-02 05:39:18	lrytz	2016-06-03 18:03:33	src/compiler/scala/tools/nsc/typechecker/SuperAccessors.scala	True	True	True	True
5206	adriaanm	2016-06-02 05:39:18	lrytz	2016-06-03 18:03:33	src/compiler/scala/tools/nsc/transform/LazyVals.scala	True	True	True	True
5206	adriaanm	2016-06-02 05:39:18	lrytz	2016-06-03 18:03:33	src/compiler/scala/tools/nsc/transform/ExplicitOuter.scala	True	True	True	True
5206	adriaanm	2016-06-02 05:39:18	lrytz	2016-06-03 18:03:33	test/files/neg/t0764.check	True	True	True	True
5206	adriaanm	2016-06-02 05:39:18	lrytz	2016-06-03 18:03:33	src/compiler/scala/tools/nsc/transform/Constructors.scala	False	True	True	True
5206	adriaanm	2016-06-02 05:39:18	lrytz	2016-06-03 18:03:33	src/compiler/scala/tools/nsc/transform/UnCurry.scala	True	True	True	True
5206	adriaanm	2016-06-02 05:39:18	lrytz	2016-06-03 18:03:33	test/files/run/t6240-universe-code-gen.scala	True	True	True	True
5206	adriaanm	2016-06-02 05:39:18	lrytz	2016-06-03 18:03:33	src/reflect/scala/reflect/internal/Symbols.scala	True	True	True	True
5206	adriaanm	2016-06-02 05:39:18	lrytz	2016-06-03 18:03:33	src/compiler/scala/tools/reflect/ReflectGlobal.scala	True	True	True	True
5206	adriaanm	2016-06-02 05:39:18	lrytz	2016-06-03 18:03:33	src/reflect/scala/reflect/internal/Phase.scala	True	True	True	True
5206	adriaanm	2016-06-02 05:39:18	lrytz	2016-06-03 18:03:33	src/reflect/scala/reflect/internal/Types.scala	True	True	True	True
5206	adriaanm	2016-06-02 05:39:18	lrytz	2016-06-03 18:03:33	src/reflect/scala/reflect/internal/transform/RefChecks.scala	True	True	True	True
5206	adriaanm	2016-06-02 05:39:18	lrytz	2016-06-03 18:03:33	src/reflect/scala/reflect/internal/transform/Transforms.scala	True	True	True	True
5206	adriaanm	2016-06-02 05:39:18	lrytz	2016-06-03 18:03:33	src/reflect/scala/reflect/internal/transform/UnCurry.scala	True	True	True	True
5206	adriaanm	2016-06-02 05:39:18	lrytz	2016-06-03 18:03:33	src/compiler/scala/tools/nsc/typechecker/RefChecks.scala	True	True	True	True
5206	adriaanm	2016-06-02 05:39:18	lrytz	2016-06-03 18:03:33	src/compiler/scala/tools/nsc/transform/AddInterfaces.scala	True	True	True	True
5206	adriaanm	2016-06-02 05:39:18	lrytz	2016-06-03 18:03:33	src/compiler/scala/tools/nsc/transform/Fields.scala	True	True	True	True
5206	adriaanm	2016-06-02 05:39:18	lrytz	2016-06-03 18:03:33	src/compiler/scala/tools/nsc/transform/Mixin.scala	True	True	True	True
5206	adriaanm	2016-06-02 05:39:18	lrytz	2016-06-03 18:03:33	src/reflect/scala/reflect/internal/Flags.scala	True	True	True	True
5206	adriaanm	2016-06-02 05:39:18	lrytz	2016-06-03 18:03:33	test/files/jvm/innerClassAttribute/Classes_1.scala	True	True	True	True
5206	adriaanm	2016-06-02 05:39:18	lrytz	2016-06-03 18:03:33	test/files/jvm/innerClassAttribute/Test.scala	True	True	True	True
