pr_number	author_user_login	pr_created_at	commit_user_login	commit_created_at	commit_status_total	commit_status_additions	commit_status_deletions	create_before_pr	is_review_commit
9746	bishabosha	2021-08-31 18:02:29	bishabosha	2021-08-19 14:45:59	145	133	12	True	True
9746	bishabosha	2021-08-31 18:02:29	bishabosha	2021-08-23 15:42:57	211	94	117	True	True
9742	joroKr21	2021-08-28 06:57:33	joroKr21	2021-08-28 06:53:54	25	25	0	True	True
9741	NthPortal	2021-08-27 16:35:55	NthPortal	2021-08-27 16:34:38	104	99	5	True	True
9740	smarter	2021-08-27 09:38:30	smarter	2021-08-09 12:17:42	85	30	55	True	True
9739	nwk37011	2021-08-27 07:42:36	nwk37011	2021-08-27 07:31:52	4	2	2	True	True
9738	som-snytt	2021-08-27 07:15:22	som-snytt	2021-08-27 06:19:58	61	58	3	True	True
9737	NthPortal	2021-08-26 19:56:49	NthPortal	2021-08-26 19:55:18	17	12	5	True	True
9736	smarter	2021-08-24 16:56:53	smarter	2021-08-10 13:15:42	22	21	1	True	True
9735	smarter	2021-08-24 16:30:21	smarter	2021-08-24 16:28:04	45	21	24	True	True
9735	smarter	2021-08-24 16:30:21	smarter	2021-08-24 16:34:11	12	6	6	False	True
9733	NthPortal	2021-08-24 12:41:00	NthPortal	2021-08-24 12:39:28	160	117	43	True	True
9730	bishabosha	2021-08-18 15:18:09	bishabosha	2021-08-18 15:12:12	60	57	3	True	True
9729	SethTisue	2021-08-18 02:28:19	SethTisue	2021-08-18 02:27:44	22	2	20	True	True
9728	retronym	2021-08-17 06:31:10	retronym	2021-08-17 06:30:19	10	9	1	True	True
9727	NthPortal	2021-08-14 06:37:34	NthPortal	2021-08-21 01:19:05	170	157	13	False	True
9726	NthPortal	2021-08-12 15:10:28	NthPortal	2021-08-11 03:20:12	80	63	17	True	True
9725	lrytz	2021-08-11 09:24:22	lrytz	2021-08-11 09:22:07	2	1	1	True	True
9724	smarter	2021-08-10 13:46:11	smarter	2021-08-10 13:15:42	13	11	2	True	True
9723	lrytz	2021-08-09 15:16:53	lrytz	2021-08-09 15:15:39	24	17	7	True	True
9722	smarter	2021-08-09 12:43:22	smarter	2021-08-09 12:38:44	69	59	10	True	True
9722	smarter	2021-08-09 12:43:22	smarter	2021-08-17 15:05:21	29	20	9	False	True
9721	smarter	2021-08-09 12:22:29	smarter	2021-08-09 12:17:42	83	29	54	True	True
9720	RafalSumislawski	2021-08-08 15:34:28	RafalSumislawski	2021-08-08 12:02:40	36	32	4	True	True
9720	RafalSumislawski	2021-08-08 15:34:28	RafalSumislawski	2021-08-09 15:18:17	5	3	2	False	True
9718	sjrd	2021-08-06 11:54:20	sjrd	2021-08-06 11:48:13	59	39	20	True	True
9716	bishabosha	2021-08-02 16:39:03	bishabosha	2021-07-28 15:03:10	704	523	181	True	True
9715	som-snytt	2021-08-01 20:32:17	som-snytt	2021-08-01 20:12:28	59	46	13	True	True
9714	martijnhoekstra	2021-08-01 10:22:29	martijnhoekstra	2021-08-01 10:20:40	2	1	1	True	True
