pr_number	author_user_login	pr_created_at	comment_user_login	comment_created_at	is_review_issue_comment
1432	paulp	2012-09-30 17:01:12	scala-jenkins	2012-09-30 17:27:11	True
1432	paulp	2012-09-30 17:01:12	scala-jenkins	2012-09-30 17:27:08	True
1432	paulp	2012-09-30 17:01:12	scala-jenkins	2012-09-30 18:15:40	True
1432	paulp	2012-09-30 17:01:12	scala-jenkins	2012-09-30 18:11:27	True
1432	paulp	2012-09-30 17:01:12	jsuereth	2012-09-30 17:40:16	True
1422	paulp	2012-09-29 04:36:20	adriaanm	2012-10-08 22:16:58	True
1422	paulp	2012-09-29 04:36:20	scala-jenkins	2012-10-09 22:53:14	True
1422	paulp	2012-09-29 04:36:20	scala-jenkins	2012-10-09 22:10:09	True
1422	paulp	2012-09-29 04:36:20	scala-jenkins	2012-10-09 22:10:05	True
1422	paulp	2012-09-29 04:36:20	adriaanm	2012-10-08 22:47:41	True
1422	paulp	2012-09-29 04:36:20	scala-jenkins	2012-09-29 05:34:22	True
1422	paulp	2012-09-29 04:36:20	scala-jenkins	2012-09-29 05:26:27	True
1422	paulp	2012-09-29 04:36:20	scala-jenkins	2012-09-29 04:42:28	True
1422	paulp	2012-09-29 04:36:20	scala-jenkins	2012-10-09 22:59:14	True
1422	paulp	2012-09-29 04:36:20	scala-jenkins	2012-09-29 04:42:23	True
1416	jsuereth	2012-09-28 13:24:04	scala-jenkins	2012-09-28 14:50:12	True
1416	jsuereth	2012-09-28 13:24:04	scala-jenkins	2012-09-28 14:00:02	True
1416	jsuereth	2012-09-28 13:24:04	scala-jenkins	2012-09-28 13:59:59	True
1416	jsuereth	2012-09-28 13:24:04	scala-jenkins	2012-09-28 14:43:57	True
1413	paulp	2012-09-27 23:46:33	scala-jenkins	2012-09-28 02:03:44	True
1413	paulp	2012-09-27 23:46:33	xeno-by	2012-09-28 12:33:08	True
1413	paulp	2012-09-27 23:46:33	xeno-by	2012-09-28 12:32:47	True
1413	paulp	2012-09-27 23:46:33	scala-jenkins	2012-09-28 02:55:27	True
1413	paulp	2012-09-27 23:46:33	scala-jenkins	2012-09-28 02:48:46	True
1413	paulp	2012-09-27 23:46:33	scala-jenkins	2012-09-28 02:03:47	True
1413	paulp	2012-09-27 23:46:33	gkossakowski	2012-09-28 11:47:40	True
1413	paulp	2012-09-27 23:46:33	scala-jenkins	2012-09-28 01:10:57	True
1413	paulp	2012-09-27 23:46:33	scala-jenkins	2012-09-28 01:20:45	True
1413	paulp	2012-09-27 23:46:33	scala-jenkins	2012-09-28 00:13:41	True
1413	paulp	2012-09-27 23:46:33	scala-jenkins	2012-09-28 00:13:37	True
1409	jsuereth	2012-09-26 20:28:41	scala-jenkins	2012-09-26 20:40:37	True
1409	jsuereth	2012-09-26 20:28:41	scala-jenkins	2012-09-27 15:02:56	True
1409	jsuereth	2012-09-26 20:28:41	scala-jenkins	2012-09-26 20:40:45	True
1409	jsuereth	2012-09-26 20:28:41	scala-jenkins	2012-09-26 22:14:39	True
1409	jsuereth	2012-09-26 20:28:41	scala-jenkins	2012-09-26 21:20:37	True
1409	jsuereth	2012-09-26 20:28:41	scala-jenkins	2012-09-27 15:48:12	True
1409	jsuereth	2012-09-26 20:28:41	heathermiller	2012-09-27 15:56:11	True
1409	jsuereth	2012-09-26 20:28:41	scala-jenkins	2012-09-27 15:50:27	True
1409	jsuereth	2012-09-26 20:28:41	scala-jenkins	2012-09-27 15:02:52	True
1406	hubertp	2012-09-26 13:14:54	scala-jenkins	2012-10-09 17:13:12	True
1406	hubertp	2012-09-26 13:14:54	scala-jenkins	2012-09-27 10:26:56	True
1406	hubertp	2012-09-26 13:14:54	scala-jenkins	2012-09-26 14:30:57	True
1406	hubertp	2012-09-26 13:14:54	scala-jenkins	2012-09-26 14:14:21	True
1406	hubertp	2012-09-26 13:14:54	scala-jenkins	2012-09-26 13:19:12	True
1406	hubertp	2012-09-26 13:14:54	scala-jenkins	2012-09-26 13:19:09	True
1406	hubertp	2012-09-26 13:14:54	scala-jenkins	2012-09-27 11:16:56	True
1406	hubertp	2012-09-26 13:14:54	scala-jenkins	2012-10-05 08:37:42	True
1406	hubertp	2012-09-26 13:14:54	scala-jenkins	2012-10-09 13:56:08	True
1406	hubertp	2012-09-26 13:14:54	scala-jenkins	2012-10-05 09:21:56	True
1406	hubertp	2012-09-26 13:14:54	scala-jenkins	2012-10-09 17:27:11	True
1406	hubertp	2012-09-26 13:14:54	paulp	2012-10-04 23:22:21	True
1406	hubertp	2012-09-26 13:14:54	scala-jenkins	2012-10-09 16:40:09	True
1406	hubertp	2012-09-26 13:14:54	scala-jenkins	2012-10-09 16:40:05	True
1406	hubertp	2012-09-26 13:14:54	scala-jenkins	2012-10-05 08:37:46	True
1406	hubertp	2012-09-26 13:14:54	scala-jenkins	2012-10-09 13:55:13	True
1406	hubertp	2012-09-26 13:14:54	scala-jenkins	2012-10-09 13:55:08	True
1406	hubertp	2012-09-26 13:14:54	xeno-by	2012-10-08 15:14:19	True
1406	hubertp	2012-09-26 13:14:54	xeno-by	2012-10-08 15:08:18	True
1406	hubertp	2012-09-26 13:14:54	scala-jenkins	2012-10-05 09:25:14	True
1406	hubertp	2012-09-26 13:14:54	scala-jenkins	2012-10-09 13:56:13	True
1406	hubertp	2012-09-26 13:14:54	scala-jenkins	2012-09-27 11:22:57	True
1406	hubertp	2012-09-26 13:14:54	scala-jenkins	2012-09-27 10:27:00	True
1405	heathermiller	2012-09-26 10:56:38	scala-jenkins	2012-09-26 12:24:23	True
1405	heathermiller	2012-09-26 10:56:38	scala-jenkins	2012-09-26 13:11:27	True
1405	heathermiller	2012-09-26 10:56:38	namin	2012-09-26 12:43:40	True
1405	heathermiller	2012-09-26 10:56:38	VladUreche	2012-09-26 12:11:21	True
1405	heathermiller	2012-09-26 10:56:38	scala-jenkins	2012-09-26 11:29:23	True
1405	heathermiller	2012-09-26 10:56:38	scala-jenkins	2012-09-26 13:13:45	True
1402	xeno-by	2012-09-26 08:59:36	scala-jenkins	2012-09-26 09:38:44	True
1402	xeno-by	2012-09-26 08:59:36	jsuereth	2012-09-27 19:27:44	True
1402	xeno-by	2012-09-26 08:59:36	gkossakowski	2012-09-26 10:32:02	True
1402	xeno-by	2012-09-26 08:59:36	scala-jenkins	2012-09-26 10:28:07	True
1402	xeno-by	2012-09-26 08:59:36	gkossakowski	2012-09-26 10:25:41	True
1402	xeno-by	2012-09-26 08:59:36	scala-jenkins	2012-09-26 09:38:50	True
1402	xeno-by	2012-09-26 08:59:36	VladUreche	2012-09-26 09:31:26	True
1402	xeno-by	2012-09-26 08:59:36	scala-jenkins	2012-09-26 10:12:19	True
1402	xeno-by	2012-09-26 08:59:36	scala-jenkins	2012-09-26 11:29:23	True
1402	xeno-by	2012-09-26 08:59:36	odersky	2012-09-27 11:36:14	True
1402	xeno-by	2012-09-26 08:59:36	scala-jenkins	2012-09-26 12:32:27	True
1402	xeno-by	2012-09-26 08:59:36	scala-jenkins	2012-09-27 17:50:21	True
1402	xeno-by	2012-09-26 08:59:36	gkossakowski	2012-09-27 16:07:59	True
1402	xeno-by	2012-09-26 08:59:36	scala-jenkins	2012-09-26 13:17:57	True
1402	xeno-by	2012-09-26 08:59:36	gkossakowski	2012-09-27 10:44:05	True
1402	xeno-by	2012-09-26 08:59:36	jsuereth	2012-09-27 12:16:59	True
1402	xeno-by	2012-09-26 08:59:36	gkossakowski	2012-09-27 13:30:32	True
1402	xeno-by	2012-09-26 08:59:36	scala-jenkins	2012-09-26 11:29:31	True
1402	xeno-by	2012-09-26 08:59:36	scala-jenkins	2012-09-27 16:53:03	True
1402	xeno-by	2012-09-26 08:59:36	scala-jenkins	2012-09-27 16:53:12	True
1399	paulp	2012-09-26 01:25:59	scala-jenkins	2012-09-26 16:27:42	True
1399	paulp	2012-09-26 01:25:59	scala-jenkins	2012-09-26 17:19:23	True
1399	paulp	2012-09-26 01:25:59	scala-jenkins	2012-09-26 03:07:57	True
1399	paulp	2012-09-26 01:25:59	retronym	2012-09-26 06:42:44	True
1399	paulp	2012-09-26 01:25:59	gkossakowski	2012-09-26 11:27:07	True
1399	paulp	2012-09-26 01:25:59	scala-jenkins	2012-09-26 15:10:00	True
1399	paulp	2012-09-26 01:25:59	scala-jenkins	2012-09-26 15:10:03	True
1399	paulp	2012-09-26 01:25:59	scala-jenkins	2012-09-26 15:40:02	True
1399	paulp	2012-09-26 01:25:59	scala-jenkins	2012-09-26 16:04:53	True
1399	paulp	2012-09-26 01:25:59	scala-jenkins	2012-09-26 03:02:08	True
1399	paulp	2012-09-26 01:25:59	scala-jenkins	2012-09-26 20:40:45	True
1399	paulp	2012-09-26 01:25:59	scala-jenkins	2012-09-27 17:23:18	True
1399	paulp	2012-09-26 01:25:59	scala-jenkins	2012-09-27 16:53:12	True
1399	paulp	2012-09-26 01:25:59	scala-jenkins	2012-09-27 16:53:03	True
1399	paulp	2012-09-26 01:25:59	scala-jenkins	2012-09-26 20:40:37	True
1399	paulp	2012-09-26 01:25:59	adriaanm	2012-09-27 15:05:59	True
1399	paulp	2012-09-26 01:25:59	scala-jenkins	2012-09-26 21:52:18	True
1399	paulp	2012-09-26 01:25:59	scala-jenkins	2012-09-26 21:45:57	True
1399	paulp	2012-09-26 01:25:59	scala-jenkins	2012-09-26 02:17:35	True
1399	paulp	2012-09-26 01:25:59	scala-jenkins	2012-09-26 02:17:39	True
1388	odersky	2012-09-25 07:26:54	scala-jenkins	2012-09-25 13:55:57	True
1388	odersky	2012-09-25 07:26:54	scala-jenkins	2012-09-25 13:26:46	True
1388	odersky	2012-09-25 07:26:54	scala-jenkins	2012-09-25 13:26:33	True
1388	odersky	2012-09-25 07:26:54	scala-jenkins	2012-09-25 07:56:51	True
1388	odersky	2012-09-25 07:26:54	scala-jenkins	2012-09-25 07:56:55	True
1388	odersky	2012-09-25 07:26:54	scala-jenkins	2012-09-25 08:30:27	True
1388	odersky	2012-09-25 07:26:54	scala-jenkins	2012-09-25 08:42:56	True
1388	odersky	2012-09-25 07:26:54	xeno-by	2012-09-25 13:04:04	True
1388	odersky	2012-09-25 07:26:54	gkossakowski	2012-09-25 13:07:03	True
1388	odersky	2012-09-25 07:26:54	xeno-by	2012-09-25 10:17:31	True
1388	odersky	2012-09-25 07:26:54	scala-jenkins	2012-09-25 14:48:22	True
1388	odersky	2012-09-25 07:26:54	dragos	2012-09-25 15:56:58	True
1388	odersky	2012-09-25 07:26:54	gkossakowski	2012-09-26 10:33:06	True
1388	odersky	2012-09-25 07:26:54	scala-jenkins	2012-09-26 10:34:05	True
1388	odersky	2012-09-25 07:26:54	scala-jenkins	2012-09-26 10:34:15	True
1388	odersky	2012-09-25 07:26:54	scala-jenkins	2012-09-26 11:44:56	True
1388	odersky	2012-09-25 07:26:54	scala-jenkins	2012-09-26 12:58:27	True
1386	paulp	2012-09-24 23:14:10	gkossakowski	2012-09-25 08:41:55	True
1386	paulp	2012-09-24 23:14:10	scala-jenkins	2012-09-25 04:01:24	True
1386	paulp	2012-09-24 23:14:10	scala-jenkins	2012-09-25 03:21:41	True
1386	paulp	2012-09-24 23:14:10	scala-jenkins	2012-09-25 03:21:30	True
1386	paulp	2012-09-24 23:14:10	scala-jenkins	2012-09-24 23:49:27	True
1386	paulp	2012-09-24 23:14:10	scala-jenkins	2012-09-25 00:57:52	True
1386	paulp	2012-09-24 23:14:10	scala-jenkins	2012-09-24 23:40:43	True
1386	paulp	2012-09-24 23:14:10	scala-jenkins	2012-09-24 23:40:38	True
1386	paulp	2012-09-24 23:14:10	scala-jenkins	2012-09-26 01:02:56	True
1386	paulp	2012-09-24 23:14:10	retronym	2012-09-25 08:58:08	True
1386	paulp	2012-09-24 23:14:10	scala-jenkins	2012-09-25 04:28:57	True
1386	paulp	2012-09-24 23:14:10	jsuereth	2012-09-25 18:15:59	True
1386	paulp	2012-09-24 23:14:10	scala-jenkins	2012-09-26 01:16:48	True
1386	paulp	2012-09-24 23:14:10	scala-jenkins	2012-09-26 00:27:12	True
1386	paulp	2012-09-24 23:14:10	retronym	2012-09-25 18:33:51	True
1386	paulp	2012-09-24 23:14:10	scala-jenkins	2012-09-26 00:27:08	True
1385	xeno-by	2012-09-23 16:59:52	scala-jenkins	2012-09-23 21:02:38	True
1385	xeno-by	2012-09-23 16:59:52	scala-jenkins	2012-09-23 20:21:00	True
1385	xeno-by	2012-09-23 16:59:52	scala-jenkins	2012-09-23 20:00:56	True
1385	xeno-by	2012-09-23 16:59:52	scala-jenkins	2012-09-23 19:12:24	True
1385	xeno-by	2012-09-23 16:59:52	scala-jenkins	2012-09-23 19:12:18	True
1385	xeno-by	2012-09-23 16:59:52	scala-jenkins	2012-09-23 17:54:04	True
1385	xeno-by	2012-09-23 16:59:52	scala-jenkins	2012-09-23 18:07:26	True
1385	xeno-by	2012-09-23 16:59:52	scala-jenkins	2012-09-23 17:22:19	True
1385	xeno-by	2012-09-23 16:59:52	scala-jenkins	2012-09-23 17:22:16	True
1385	xeno-by	2012-09-23 16:59:52	scala-jenkins	2012-09-24 13:34:29	True
1385	xeno-by	2012-09-23 16:59:52	scala-jenkins	2012-09-24 12:39:35	True
1385	xeno-by	2012-09-23 16:59:52	scala-jenkins	2012-09-23 21:51:57	True
1385	xeno-by	2012-09-23 16:59:52	paulp	2012-09-25 03:08:58	True
1385	xeno-by	2012-09-23 16:59:52	scala-jenkins	2012-09-24 23:16:31	True
1385	xeno-by	2012-09-23 16:59:52	scala-jenkins	2012-09-24 13:34:32	True
1385	xeno-by	2012-09-23 16:59:52	scala-jenkins	2012-09-24 13:10:21	True
1385	xeno-by	2012-09-23 16:59:52	scala-jenkins	2012-09-24 12:39:30	True
1382	paulp	2012-09-22 17:29:31	scala-jenkins	2012-09-27 16:53:03	True
1382	paulp	2012-09-22 17:29:31	retronym	2012-09-23 06:22:07	True
1382	paulp	2012-09-22 17:29:31	retronym	2012-09-22 21:46:07	True
1382	paulp	2012-09-22 17:29:31	gkossakowski	2012-09-27 16:09:01	True
1382	paulp	2012-09-22 17:29:31	scala-jenkins	2012-09-22 18:53:56	True
1382	paulp	2012-09-22 17:29:31	scala-jenkins	2012-09-22 18:24:32	True
1382	paulp	2012-09-22 17:29:31	scala-jenkins	2012-09-22 18:24:24	True
1382	paulp	2012-09-22 17:29:31	scala-jenkins	2012-09-22 19:39:12	True
1382	paulp	2012-09-22 17:29:31	scala-jenkins	2012-09-27 16:53:12	True
1382	paulp	2012-09-22 17:29:31	scala-jenkins	2012-10-02 17:15:33	True
1382	paulp	2012-09-22 17:29:31	scala-jenkins	2012-09-27 17:35:45	True
1382	paulp	2012-09-22 17:29:31	retronym	2012-10-07 11:28:05	True
1382	paulp	2012-09-22 17:29:31	scala-jenkins	2012-10-02 17:58:57	True
1382	paulp	2012-09-22 17:29:31	scala-jenkins	2012-10-02 17:45:55	True
1382	paulp	2012-09-22 17:29:31	scala-jenkins	2012-10-02 17:15:29	True
1382	paulp	2012-09-22 17:29:31	scala-jenkins	2012-09-27 18:15:13	True
1378	xeno-by	2012-09-22 12:07:29	scala-jenkins	2012-09-23 19:12:18	True
1378	xeno-by	2012-09-22 12:07:29	scala-jenkins	2012-09-23 13:41:47	True
1378	xeno-by	2012-09-22 12:07:29	paulp	2012-09-23 20:05:15	True
1378	xeno-by	2012-09-22 12:07:29	scala-jenkins	2012-09-23 19:45:56	True
1378	xeno-by	2012-09-22 12:07:29	scala-jenkins	2012-09-23 19:12:24	True
1378	xeno-by	2012-09-22 12:07:29	scala-jenkins	2012-09-23 14:23:27	True
1378	xeno-by	2012-09-22 12:07:29	scala-jenkins	2012-09-23 13:41:41	True
1378	xeno-by	2012-09-22 12:07:29	scala-jenkins	2012-09-22 14:11:26	True
1378	xeno-by	2012-09-22 12:07:29	scala-jenkins	2012-09-22 13:24:49	True
1378	xeno-by	2012-09-22 12:07:29	scala-jenkins	2012-09-22 12:53:47	True
1378	xeno-by	2012-09-22 12:07:29	scala-jenkins	2012-09-22 12:53:37	True
1378	xeno-by	2012-09-22 12:07:29	gkossakowski	2012-09-22 12:22:31	True
1378	xeno-by	2012-09-22 12:07:29	scala-jenkins	2012-09-23 14:29:38	True
1361	vjovanov	2012-09-20 09:21:57	phaller	2012-09-20 12:20:21	True
1361	vjovanov	2012-09-20 09:21:57	scala-jenkins	2012-09-20 10:45:04	True
1361	vjovanov	2012-09-20 09:21:57	scala-jenkins	2012-09-20 09:28:15	True
1361	vjovanov	2012-09-20 09:21:57	phaller	2012-09-20 12:15:54	True
1361	vjovanov	2012-09-20 09:21:57	scala-jenkins	2012-09-20 09:28:32	True
1361	vjovanov	2012-09-20 09:21:57	scala-jenkins	2012-09-20 09:58:33	True
1361	vjovanov	2012-09-20 09:21:57	gkossakowski	2012-09-21 08:50:17	True
1360	xeno-by	2012-09-20 09:14:11	scala-jenkins	2012-09-20 09:28:15	True
1360	xeno-by	2012-09-20 09:14:11	scala-jenkins	2012-09-20 10:23:17	True
1360	xeno-by	2012-09-20 09:14:11	scala-jenkins	2012-09-20 09:28:32	True
1360	xeno-by	2012-09-20 09:14:11	scala-jenkins	2012-09-20 09:41:56	True
1360	xeno-by	2012-09-20 09:14:11	scala-jenkins	2012-09-20 11:38:56	True
1360	xeno-by	2012-09-20 09:14:11	scala-jenkins	2012-09-20 10:23:20	True
1360	xeno-by	2012-09-20 09:14:11	scala-jenkins	2012-09-20 12:13:26	True
1360	xeno-by	2012-09-20 09:14:11	scala-jenkins	2012-09-20 13:06:06	True
1360	xeno-by	2012-09-20 09:14:11	scala-jenkins	2012-09-20 12:57:26	True
1360	xeno-by	2012-09-20 09:14:11	scala-jenkins	2012-09-20 12:13:32	True
1360	xeno-by	2012-09-20 09:14:11	scala-jenkins	2012-09-20 11:13:26	True
1360	xeno-by	2012-09-20 09:14:11	gkossakowski	2012-09-20 09:18:12	True
1348	xeno-by	2012-09-19 10:05:47	scala-jenkins	2012-09-19 10:31:19	True
1348	xeno-by	2012-09-19 10:05:47	scala-jenkins	2012-09-19 11:15:56	True
1348	xeno-by	2012-09-19 10:05:47	scala-jenkins	2012-09-19 10:31:12	True
1348	xeno-by	2012-09-19 10:05:47	scala-jenkins	2012-09-19 18:46:45	True
1348	xeno-by	2012-09-19 10:05:47	scala-jenkins	2012-09-19 11:51:56	True
1348	xeno-by	2012-09-19 10:05:47	gkossakowski	2012-09-20 20:06:00	True
1348	xeno-by	2012-09-19 10:05:47	scala-jenkins	2012-09-19 20:02:15	True
1348	xeno-by	2012-09-19 10:05:47	paulp	2012-09-20 17:44:13	True
1348	xeno-by	2012-09-19 10:05:47	scala-jenkins	2012-09-19 18:46:38	True
1348	xeno-by	2012-09-19 10:05:47	scala-jenkins	2012-09-19 19:30:56	True
1347	soc	2012-09-19 04:19:37	scala-jenkins	2012-09-19 19:41:55	True
1347	soc	2012-09-19 04:19:37	scala-jenkins	2012-09-19 20:40:48	True
1347	soc	2012-09-19 04:19:37	scala-jenkins	2012-09-19 05:00:14	True
1347	soc	2012-09-19 04:19:37	scala-jenkins	2012-09-19 05:00:17	True
1347	soc	2012-09-19 04:19:37	scala-jenkins	2012-09-19 05:50:43	True
1347	soc	2012-09-19 04:19:37	scala-jenkins	2012-09-19 05:51:54	True
1347	soc	2012-09-19 04:19:37	gkossakowski	2012-09-19 08:31:53	True
1347	soc	2012-09-19 04:19:37	scala-jenkins	2012-09-19 19:42:02	True
1347	soc	2012-09-19 04:19:37	scala-jenkins	2012-09-19 20:54:27	True
1347	soc	2012-09-19 04:19:37	gkossakowski	2012-09-26 10:36:47	True
1347	soc	2012-09-19 04:19:37	gkossakowski	2012-09-26 10:37:01	True
1347	soc	2012-09-19 04:19:37	paulp	2012-09-28 01:29:22	True
1347	soc	2012-09-19 04:19:37	gkossakowski	2012-09-28 09:28:58	True
1347	soc	2012-09-19 04:19:37	paulp	2012-09-28 13:37:54	True
1347	soc	2012-09-19 04:19:37	paulp	2012-09-28 14:43:14	True
1347	soc	2012-09-19 04:19:37	gkossakowski	2012-09-28 17:02:20	True
1345	paulp	2012-09-18 23:25:27	scala-jenkins	2012-09-20 08:28:24	True
1345	paulp	2012-09-18 23:25:27	scala-jenkins	2012-09-19 00:24:55	True
1345	paulp	2012-09-18 23:25:27	scala-jenkins	2012-09-20 07:38:05	True
1345	paulp	2012-09-18 23:25:27	retronym	2012-09-20 07:39:00	True
1345	paulp	2012-09-18 23:25:27	scala-jenkins	2012-09-20 08:22:32	True
1345	paulp	2012-09-18 23:25:27	scala-jenkins	2012-09-18 23:29:24	True
1345	paulp	2012-09-18 23:25:27	odersky	2012-09-25 15:22:45	True
1345	paulp	2012-09-18 23:25:27	gkossakowski	2012-09-25 15:24:35	True
1345	paulp	2012-09-18 23:25:27	scala-jenkins	2012-09-20 07:38:02	True
1345	paulp	2012-09-18 23:25:27	scala-jenkins	2012-09-18 23:29:32	True
1345	paulp	2012-09-18 23:25:27	scala-jenkins	2012-09-19 00:14:56	True
1344	jsuereth	2012-09-18 17:47:34	scala-jenkins	2012-09-18 19:49:17	True
1344	jsuereth	2012-09-18 17:47:34	xeno-by	2012-09-20 17:30:05	True
1344	jsuereth	2012-09-18 17:47:34	scala-jenkins	2012-09-19 14:02:19	True
1344	jsuereth	2012-09-18 17:47:34	scala-jenkins	2012-09-19 13:16:26	True
1344	jsuereth	2012-09-18 17:47:34	scala-jenkins	2012-09-19 13:16:21	True
1344	jsuereth	2012-09-18 17:47:34	scala-jenkins	2012-09-18 20:49:26	True
1344	jsuereth	2012-09-18 17:47:34	scala-jenkins	2012-09-19 14:06:38	True
1344	jsuereth	2012-09-18 17:47:34	scala-jenkins	2012-09-18 19:49:14	True
1344	jsuereth	2012-09-18 17:47:34	scala-jenkins	2012-09-18 18:00:51	True
1344	jsuereth	2012-09-18 17:47:34	scala-jenkins	2012-09-18 17:59:33	True
1344	jsuereth	2012-09-18 17:47:34	scala-jenkins	2012-09-18 17:59:29	True
1343	namin	2012-09-18 16:27:55	scala-jenkins	2012-09-18 17:03:40	True
1343	namin	2012-09-18 16:27:55	scala-jenkins	2012-09-18 17:03:51	True
1343	namin	2012-09-18 16:27:55	scala-jenkins	2012-09-18 18:03:16	True
1343	namin	2012-09-18 16:27:55	scala-jenkins	2012-09-18 18:23:26	True
1343	namin	2012-09-18 16:27:55	hubertp	2012-09-19 10:51:53	True
1339	rkuhn	2012-09-18 13:11:35	scala-jenkins	2012-09-20 09:28:15	True
1339	rkuhn	2012-09-18 13:11:35	scala-jenkins	2012-09-18 14:44:19	True
1339	rkuhn	2012-09-18 13:11:35	paulp	2012-09-19 16:58:35	True
1339	rkuhn	2012-09-18 13:11:35	scala-jenkins	2012-09-19 16:23:30	True
1339	rkuhn	2012-09-18 13:11:35	scala-jenkins	2012-09-19 15:38:26	True
1339	rkuhn	2012-09-18 13:11:35	scala-jenkins	2012-09-19 15:06:46	True
1339	rkuhn	2012-09-18 13:11:35	scala-jenkins	2012-09-19 22:25:54	True
1339	rkuhn	2012-09-18 13:11:35	scala-jenkins	2012-09-18 14:21:27	True
1339	rkuhn	2012-09-18 13:11:35	scala-jenkins	2012-09-18 13:24:32	True
1339	rkuhn	2012-09-18 13:11:35	scala-jenkins	2012-09-18 13:24:22	True
1339	rkuhn	2012-09-18 13:11:35	scala-jenkins	2012-09-19 21:32:19	True
1339	rkuhn	2012-09-18 13:11:35	scala-jenkins	2012-09-19 20:36:50	True
1339	rkuhn	2012-09-18 13:11:35	scala-jenkins	2012-09-19 20:36:46	True
1339	rkuhn	2012-09-18 13:11:35	scala-jenkins	2012-09-19 22:14:48	True
1339	rkuhn	2012-09-18 13:11:35	scala-jenkins	2012-09-19 20:37:54	True
1339	rkuhn	2012-09-18 13:11:35	axel22	2012-09-19 17:03:12	True
1339	rkuhn	2012-09-18 13:11:35	scala-jenkins	2012-09-19 21:32:09	True
1339	rkuhn	2012-09-18 13:11:35	scala-jenkins	2012-09-20 13:29:27	True
1339	rkuhn	2012-09-18 13:11:35	scala-jenkins	2012-09-20 12:13:32	True
1339	rkuhn	2012-09-18 13:11:35	scala-jenkins	2012-09-20 12:13:26	True
1339	rkuhn	2012-09-18 13:11:35	scala-jenkins	2012-09-20 10:21:56	True
1339	rkuhn	2012-09-18 13:11:35	scala-jenkins	2012-09-20 12:44:02	True
1339	rkuhn	2012-09-18 13:11:35	scala-jenkins	2012-09-20 10:20:56	True
1339	rkuhn	2012-09-18 13:11:35	scala-jenkins	2012-09-19 20:37:55	True
1339	rkuhn	2012-09-18 13:11:35	scala-jenkins	2012-09-20 09:28:32	True
1335	cvogt	2012-09-18 12:58:05	gkossakowski	2012-09-18 13:46:10	True
1335	cvogt	2012-09-18 12:58:05	xeno-by	2012-09-18 14:08:18	True
1335	cvogt	2012-09-18 12:58:05	scala-jenkins	2012-09-18 13:24:22	True
1335	cvogt	2012-09-18 12:58:05	scala-jenkins	2012-09-18 13:24:32	True
1335	cvogt	2012-09-18 12:58:05	xeno-by	2012-09-18 13:38:28	True
1335	cvogt	2012-09-18 12:58:05	xeno-by	2012-09-18 16:20:26	True
1335	cvogt	2012-09-18 12:58:05	scala-jenkins	2012-09-18 14:25:26	True
1335	cvogt	2012-09-18 12:58:05	xeno-by	2012-09-18 16:16:47	True
1335	cvogt	2012-09-18 12:58:05	xeno-by	2012-09-18 16:18:20	True
1335	cvogt	2012-09-18 12:58:05	xeno-by	2012-09-19 10:22:53	True
1335	cvogt	2012-09-18 12:58:05	soc	2012-09-18 14:34:15	True
1335	cvogt	2012-09-18 12:58:05	scala-jenkins	2012-09-18 14:37:41	True
1334	phaller	2012-09-18 09:23:02	scala-jenkins	2012-09-18 09:43:26	True
1334	phaller	2012-09-18 09:23:02	scala-jenkins	2012-09-18 11:33:28	True
1334	phaller	2012-09-18 09:23:02	jsuereth	2012-10-10 08:39:32	True
1334	phaller	2012-09-18 09:23:02	scala-jenkins	2012-09-18 12:11:56	True
1334	phaller	2012-09-18 09:23:02	gkossakowski	2012-09-18 11:50:03	True
1334	phaller	2012-09-18 09:23:02	scala-jenkins	2012-09-18 11:45:38	True
1334	phaller	2012-09-18 09:23:02	adriaanm	2012-10-18 14:18:40	True
1334	phaller	2012-09-18 09:23:02	scala-jenkins	2012-09-18 10:22:38	True
1334	phaller	2012-09-18 09:23:02	scala-jenkins	2012-09-18 09:55:26	True
1334	phaller	2012-09-18 09:23:02	scala-jenkins	2012-09-18 09:43:32	True
1334	phaller	2012-09-18 09:23:02	scala-jenkins	2012-10-30 11:11:55	True
1334	phaller	2012-09-18 09:23:02	scala-jenkins	2012-09-18 11:33:20	True
1334	phaller	2012-09-18 09:23:02	scala-jenkins	2012-11-02 18:03:01	True
1334	phaller	2012-09-18 09:23:02	scala-jenkins	2012-10-30 11:20:56	True
1334	phaller	2012-09-18 09:23:02	scala-jenkins	2012-10-30 11:11:58	True
1334	phaller	2012-09-18 09:23:02	gkossakowski	2012-11-05 19:05:15	True
1334	phaller	2012-09-18 09:23:02	scala-jenkins	2012-11-05 18:28:08	True
1334	phaller	2012-09-18 09:23:02	adriaanm	2012-11-05 18:19:12	True
1334	phaller	2012-09-18 09:23:02	adriaanm	2012-11-05 18:18:00	True
1334	phaller	2012-09-18 09:23:02	scala-jenkins	2012-11-05 18:27:08	True
1334	phaller	2012-09-18 09:23:02	scala-jenkins	2012-10-30 11:52:02	True
1334	phaller	2012-09-18 09:23:02	scala-jenkins	2012-11-02 18:02:01	True
1330	paulp	2012-09-17 22:48:57	retronym	2012-09-18 07:30:38	True
1330	paulp	2012-09-17 22:48:57	odersky	2012-09-18 14:14:54	True
1330	paulp	2012-09-17 22:48:57	scala-jenkins	2012-09-18 00:17:40	True
1330	paulp	2012-09-17 22:48:57	gkossakowski	2012-09-18 12:16:08	True
1330	paulp	2012-09-17 22:48:57	jsuereth	2012-09-17 22:52:36	True
1330	paulp	2012-09-17 22:48:57	scala-jenkins	2012-09-17 23:37:35	True
1330	paulp	2012-09-17 22:48:57	scala-jenkins	2012-09-17 23:37:46	True
1330	paulp	2012-09-17 22:48:57	scala-jenkins	2012-09-18 08:48:38	True
1330	paulp	2012-09-17 22:48:57	scala-jenkins	2012-09-18 01:11:26	True
1330	paulp	2012-09-17 22:48:57	scala-jenkins	2012-09-18 09:39:21	True
1330	paulp	2012-09-17 22:48:57	retronym	2012-09-18 06:17:42	True
1330	paulp	2012-09-17 22:48:57	scala-jenkins	2012-09-18 09:41:26	True
1330	paulp	2012-09-17 22:48:57	scala-jenkins	2012-09-18 08:48:31	True
1328	xeno-by	2012-09-17 22:06:49	scala-jenkins	2012-09-17 22:41:58	True
1328	xeno-by	2012-09-17 22:06:49	scala-jenkins	2012-09-17 23:28:22	True
1328	xeno-by	2012-09-17 22:06:49	scala-jenkins	2012-09-17 23:31:44	True
1328	xeno-by	2012-09-17 22:06:49	gkossakowski	2012-09-18 08:25:20	True
1328	xeno-by	2012-09-17 22:06:49	scala-jenkins	2012-09-17 22:42:01	True
1327	xeno-by	2012-09-17 21:39:04	scala-jenkins	2012-09-17 22:36:55	True
1327	xeno-by	2012-09-17 21:39:04	scala-jenkins	2012-09-17 21:47:12	True
1327	xeno-by	2012-09-17 21:39:04	scala-jenkins	2012-09-17 21:47:18	True
1327	xeno-by	2012-09-17 21:39:04	scala-jenkins	2012-09-17 22:33:13	True
1327	xeno-by	2012-09-17 21:39:04	scala-jenkins	2012-09-18 17:03:49	True
1327	xeno-by	2012-09-17 21:39:04	scala-jenkins	2012-09-18 17:03:39	True
1327	xeno-by	2012-09-17 21:39:04	scala-jenkins	2012-09-18 19:03:33	True
1327	xeno-by	2012-09-17 21:39:04	gkossakowski	2012-09-19 08:41:41	True
1327	xeno-by	2012-09-17 21:39:04	scala-jenkins	2012-09-18 18:34:23	True
1325	odersky	2012-09-17 14:30:58	scala-jenkins	2012-09-17 16:16:29	True
1325	odersky	2012-09-17 14:30:58	scala-jenkins	2012-09-17 15:21:19	True
1325	odersky	2012-09-17 14:30:58	scala-jenkins	2012-09-17 16:14:42	True
1325	odersky	2012-09-17 14:30:58	scala-jenkins	2012-09-17 15:21:14	True
1325	odersky	2012-09-17 14:30:58	scala-jenkins	2012-09-17 17:35:45	True
1325	odersky	2012-09-17 14:30:58	paulp	2012-09-20 17:31:10	True
1325	odersky	2012-09-17 14:30:58	harrah	2012-09-19 13:26:45	True
1325	odersky	2012-09-17 14:30:58	scala-jenkins	2012-09-17 16:41:14	True
1324	xeno-by	2012-09-17 14:00:09	scala-jenkins	2012-09-17 17:11:33	True
1324	xeno-by	2012-09-17 14:00:09	scala-jenkins	2012-09-17 15:18:26	True
1324	xeno-by	2012-09-17 14:00:09	scala-jenkins	2012-09-17 18:12:26	True
1324	xeno-by	2012-09-17 14:00:09	scala-jenkins	2012-09-17 14:26:29	True
1324	xeno-by	2012-09-17 14:00:09	scala-jenkins	2012-09-17 14:26:35	True
1324	xeno-by	2012-09-17 14:00:09	scala-jenkins	2012-09-17 15:25:09	True
1324	xeno-by	2012-09-17 14:00:09	jsuereth	2012-09-18 19:40:27	True
1324	xeno-by	2012-09-17 14:00:09	scala-jenkins	2012-09-17 17:11:36	True
1324	xeno-by	2012-09-17 14:00:09	gkossakowski	2012-09-17 17:19:09	True
1324	xeno-by	2012-09-17 14:00:09	soc	2012-09-17 17:29:43	True
1324	xeno-by	2012-09-17 14:00:09	scala-jenkins	2012-09-17 18:01:56	True
1321	namin	2012-09-16 23:19:52	scala-jenkins	2012-09-16 23:44:54	True
1321	namin	2012-09-16 23:19:52	scala-jenkins	2012-09-17 00:35:58	True
1321	namin	2012-09-16 23:19:52	scala-jenkins	2012-09-16 23:44:58	True
1321	namin	2012-09-16 23:19:52	scala-jenkins	2012-09-17 00:54:41	True
1321	namin	2012-09-16 23:19:52	gkossakowski	2012-09-17 17:15:01	True
1321	namin	2012-09-16 23:19:52	scala-jenkins	2012-09-17 00:39:56	True
1321	namin	2012-09-16 23:19:52	scala-jenkins	2012-09-17 01:59:12	True
1313	odersky	2012-09-16 15:29:22	scala-jenkins	2012-09-16 16:24:03	True
1313	odersky	2012-09-16 15:29:22	scala-jenkins	2012-09-16 17:16:16	True
1313	odersky	2012-09-16 15:29:22	scala-jenkins	2012-09-16 17:43:03	True
1313	odersky	2012-09-16 15:29:22	scala-jenkins	2012-09-16 16:23:58	True
1313	odersky	2012-09-16 15:29:22	paulp	2012-09-16 16:05:25	True
1312	paulp	2012-09-16 14:58:04	scala-jenkins	2012-09-16 16:34:11	True
1312	paulp	2012-09-16 14:58:04	scala-jenkins	2012-09-16 15:29:02	True
1312	paulp	2012-09-16 14:58:04	scala-jenkins	2012-09-16 15:29:05	True
1312	paulp	2012-09-16 14:58:04	scala-jenkins	2012-09-20 20:11:56	True
1312	paulp	2012-09-16 14:58:04	scala-jenkins	2012-09-20 19:46:56	True
1312	paulp	2012-09-16 14:58:04	scala-jenkins	2012-09-20 18:39:15	True
1312	paulp	2012-09-16 14:58:04	scala-jenkins	2012-09-20 18:39:10	True
1312	paulp	2012-09-16 14:58:04	xeno-by	2012-09-20 18:05:22	True
1312	paulp	2012-09-16 14:58:04	scala-jenkins	2012-09-19 04:01:27	True
1312	paulp	2012-09-16 14:58:04	scala-jenkins	2012-09-19 04:00:23	True
1312	paulp	2012-09-16 14:58:04	scala-jenkins	2012-09-19 03:10:15	True
1312	paulp	2012-09-16 14:58:04	scala-jenkins	2012-09-19 03:10:12	True
1312	paulp	2012-09-16 14:58:04	jsuereth	2012-09-20 20:32:47	True
1312	paulp	2012-09-16 14:58:04	scala-jenkins	2012-09-16 16:18:56	True
1312	paulp	2012-09-16 14:58:04	jsuereth	2012-09-17 19:58:57	True
1312	paulp	2012-09-16 14:58:04	scala-jenkins	2012-09-17 14:26:29	True
1312	paulp	2012-09-16 14:58:04	scala-jenkins	2012-09-17 14:26:35	True
1312	paulp	2012-09-16 14:58:04	scala-jenkins	2012-09-17 14:57:55	True
1312	paulp	2012-09-16 14:58:04	scala-jenkins	2012-09-17 15:45:27	True
1312	paulp	2012-09-16 14:58:04	gkossakowski	2012-09-17 19:26:08	True
1306	xeno-by	2012-09-14 22:59:36	scala-jenkins	2012-09-15 00:54:28	True
1306	xeno-by	2012-09-14 22:59:36	scala-jenkins	2012-09-15 02:07:13	True
1306	xeno-by	2012-09-14 22:59:36	scala-jenkins	2012-09-15 00:54:36	True
1306	xeno-by	2012-09-14 22:59:36	scala-jenkins	2012-09-14 23:04:18	True
1306	xeno-by	2012-09-14 22:59:36	scala-jenkins	2012-09-14 23:04:24	True
1306	xeno-by	2012-09-14 22:59:36	scala-jenkins	2012-09-14 23:39:15	True
1306	xeno-by	2012-09-14 22:59:36	scala-jenkins	2012-09-14 23:55:27	True
1306	xeno-by	2012-09-14 22:59:36	scala-jenkins	2012-09-16 18:14:11	True
1306	xeno-by	2012-09-14 22:59:36	scala-jenkins	2012-09-16 18:14:07	True
1306	xeno-by	2012-09-14 22:59:36	scala-jenkins	2012-09-16 19:00:50	True
1306	xeno-by	2012-09-14 22:59:36	scala-jenkins	2012-09-16 19:02:56	True
1306	xeno-by	2012-09-14 22:59:36	paulp	2012-09-16 20:12:25	True
1306	xeno-by	2012-09-14 22:59:36	scala-jenkins	2012-09-15 01:53:24	True
1302	xeno-by	2012-09-14 15:19:02	scala-jenkins	2012-09-14 16:38:45	True
1302	xeno-by	2012-09-14 15:19:02	scala-jenkins	2012-09-14 15:48:25	True
1302	xeno-by	2012-09-14 15:19:02	paulp	2012-09-14 16:19:44	True
1302	xeno-by	2012-09-14 15:19:02	scala-jenkins	2012-09-14 15:49:49	True
1302	xeno-by	2012-09-14 15:19:02	scala-jenkins	2012-09-14 16:38:53	True
1302	xeno-by	2012-09-14 15:19:02	scala-jenkins	2012-09-14 15:43:55	True
1302	xeno-by	2012-09-14 15:19:02	scala-jenkins	2012-09-14 15:43:51	True
1302	xeno-by	2012-09-14 15:19:02	scala-jenkins	2012-09-14 16:43:21	True
1302	xeno-by	2012-09-14 15:19:02	scala-jenkins	2012-09-14 17:33:56	True
1302	xeno-by	2012-09-14 15:19:02	scala-jenkins	2012-09-14 16:42:55	True
1302	xeno-by	2012-09-14 15:19:02	scala-jenkins	2012-09-14 20:11:48	True
1302	xeno-by	2012-09-14 15:19:02	retronym	2012-09-14 20:00:45	True
1302	xeno-by	2012-09-14 15:19:02	scala-jenkins	2012-09-14 23:04:24	True
1302	xeno-by	2012-09-14 15:19:02	scala-jenkins	2012-09-14 19:24:01	True
1302	xeno-by	2012-09-14 15:19:02	scala-jenkins	2012-09-14 23:36:00	True
1302	xeno-by	2012-09-14 15:19:02	scala-jenkins	2012-09-14 20:05:25	True
1302	xeno-by	2012-09-14 15:19:02	scala-jenkins	2012-09-14 19:24:07	True
1302	xeno-by	2012-09-14 15:19:02	scala-jenkins	2012-09-14 23:04:18	True
1302	xeno-by	2012-09-14 15:19:02	scala-jenkins	2012-09-14 18:10:55	True
1298	pavelpavlov	2012-09-13 16:24:40	scala-jenkins	2012-09-18 06:58:03	True
1298	pavelpavlov	2012-09-13 16:24:40	jsuereth	2012-09-13 20:27:57	True
1298	pavelpavlov	2012-09-13 16:24:40	scala-jenkins	2012-09-13 17:37:12	True
1298	pavelpavlov	2012-09-13 16:24:40	scala-jenkins	2012-09-13 17:32:36	True
1298	pavelpavlov	2012-09-13 16:24:40	scala-jenkins	2012-09-13 16:46:03	True
1298	pavelpavlov	2012-09-13 16:24:40	scala-jenkins	2012-09-13 16:46:08	True
1298	pavelpavlov	2012-09-13 16:24:40	axel22	2012-09-14 04:25:13	True
1298	pavelpavlov	2012-09-13 16:24:40	jsuereth	2012-09-13 17:09:42	True
1298	pavelpavlov	2012-09-13 16:24:40	jsuereth	2012-09-18 16:56:53	True
1298	pavelpavlov	2012-09-13 16:24:40	gkossakowski	2012-09-17 18:07:00	True
1298	pavelpavlov	2012-09-13 16:24:40	scala-jenkins	2012-09-18 06:58:10	True
1298	pavelpavlov	2012-09-13 16:24:40	axel22	2012-09-18 06:58:55	True
1298	pavelpavlov	2012-09-13 16:24:40	scala-jenkins	2012-09-18 07:29:36	True
1298	pavelpavlov	2012-09-13 16:24:40	scala-jenkins	2012-09-18 08:13:17	True
1298	pavelpavlov	2012-09-13 16:24:40	gkossakowski	2012-09-18 12:25:23	True
1298	pavelpavlov	2012-09-13 16:24:40	axel22	2012-09-18 12:37:51	True
1298	pavelpavlov	2012-09-13 16:24:40	jsuereth	2012-09-18 12:48:34	True
1296	paulp	2012-09-13 04:25:03	jsuereth	2012-09-13 13:05:13	True
1296	paulp	2012-09-13 04:25:03	xeno-by	2012-09-13 06:52:37	True
1296	paulp	2012-09-13 04:25:03	scala-jenkins	2012-09-13 05:35:50	True
1296	paulp	2012-09-13 04:25:03	scala-jenkins	2012-09-13 05:20:26	True
1296	paulp	2012-09-13 04:25:03	scala-jenkins	2012-09-13 04:50:02	True
1296	paulp	2012-09-13 04:25:03	scala-jenkins	2012-09-13 04:49:57	True
1294	paulp	2012-09-12 19:22:24	xeno-by	2012-09-12 19:41:41	True
1294	paulp	2012-09-12 19:22:24	scala-jenkins	2012-09-12 20:31:54	True
1294	paulp	2012-09-12 19:22:24	scala-jenkins	2012-09-12 19:38:10	True
1294	paulp	2012-09-12 19:22:24	scala-jenkins	2012-09-12 19:38:02	True
1294	paulp	2012-09-12 19:22:24	jsuereth	2012-09-13 13:07:10	True
1294	paulp	2012-09-12 19:22:24	scala-jenkins	2012-09-12 20:31:25	True
1292	jsuereth	2012-09-12 14:48:29	scala-jenkins	2012-09-13 17:40:45	True
1292	jsuereth	2012-09-12 14:48:29	xeno-by	2012-09-12 21:23:13	True
1292	jsuereth	2012-09-12 14:48:29	scala-jenkins	2012-09-12 21:03:34	True
1292	jsuereth	2012-09-12 14:48:29	scala-jenkins	2012-09-12 20:33:35	True
1292	jsuereth	2012-09-12 14:48:29	scala-jenkins	2012-09-12 20:33:27	True
1292	jsuereth	2012-09-12 14:48:29	scala-jenkins	2012-09-12 16:31:45	True
1292	jsuereth	2012-09-12 14:48:29	scala-jenkins	2012-09-12 16:19:40	True
1292	jsuereth	2012-09-12 14:48:29	scala-jenkins	2012-09-12 15:02:51	True
1292	jsuereth	2012-09-12 14:48:29	scala-jenkins	2012-09-12 15:02:41	True
1292	jsuereth	2012-09-12 14:48:29	xeno-by	2012-09-12 20:25:08	True
1292	jsuereth	2012-09-12 14:48:29	scala-jenkins	2012-09-13 02:04:29	True
1292	jsuereth	2012-09-12 14:48:29	paulp	2012-09-13 02:52:53	True
1292	jsuereth	2012-09-12 14:48:29	scala-jenkins	2012-09-13 02:58:00	True
1292	jsuereth	2012-09-12 14:48:29	scala-jenkins	2012-09-13 02:04:32	True
1292	jsuereth	2012-09-12 14:48:29	xeno-by	2012-09-13 06:50:35	True
1292	jsuereth	2012-09-12 14:48:29	scala-jenkins	2012-09-12 21:30:17	True
1292	jsuereth	2012-09-12 14:48:29	scala-jenkins	2012-09-13 14:00:28	True
1292	jsuereth	2012-09-12 14:48:29	scala-jenkins	2012-09-13 17:40:42	True
1292	jsuereth	2012-09-12 14:48:29	scala-jenkins	2012-09-13 06:03:55	True
1292	jsuereth	2012-09-12 14:48:29	paulp	2012-09-13 04:25:38	True
1292	jsuereth	2012-09-12 14:48:29	scala-jenkins	2012-09-13 15:21:14	True
1292	jsuereth	2012-09-12 14:48:29	scala-jenkins	2012-09-13 14:00:33	True
1292	jsuereth	2012-09-12 14:48:29	scala-jenkins	2012-09-13 14:53:55	True
1292	jsuereth	2012-09-12 14:48:29	xeno-by	2012-09-13 17:07:10	True
1291	vjovanov	2012-09-12 14:37:27	jsuereth	2012-09-12 21:22:46	True
1291	vjovanov	2012-09-12 14:37:27	jsuereth	2012-09-12 17:45:21	True
1291	vjovanov	2012-09-12 14:37:27	scala-jenkins	2012-09-12 15:02:51	True
1291	vjovanov	2012-09-12 14:37:27	scala-jenkins	2012-09-12 16:27:24	True
1291	vjovanov	2012-09-12 14:37:27	scala-jenkins	2012-09-12 16:03:42	True
1291	vjovanov	2012-09-12 14:37:27	scala-jenkins	2012-09-12 15:02:41	True
1291	vjovanov	2012-09-12 14:37:27	jsuereth	2012-09-13 12:31:39	True
1291	vjovanov	2012-09-12 14:37:27	jsuereth	2012-09-12 17:43:05	True
1281	jsuereth	2012-09-10 20:15:05	scala-jenkins	2012-09-14 15:38:25	True
1281	jsuereth	2012-09-10 20:15:05	scala-jenkins	2012-09-14 14:48:38	True
1281	jsuereth	2012-09-10 20:15:05	axel22	2012-09-14 02:57:16	True
1281	jsuereth	2012-09-10 20:15:05	scala-jenkins	2012-09-10 20:48:45	True
1281	jsuereth	2012-09-10 20:15:05	scala-jenkins	2012-09-10 21:19:48	True
1281	jsuereth	2012-09-10 20:15:05	scala-jenkins	2012-09-10 20:48:37	True
1281	jsuereth	2012-09-10 20:15:05	axel22	2012-09-14 14:13:54	True
1281	jsuereth	2012-09-10 20:15:05	scala-jenkins	2012-09-14 14:48:34	True
1281	jsuereth	2012-09-10 20:15:05	scala-jenkins	2012-09-10 22:08:25	True
1281	jsuereth	2012-09-10 20:15:05	scala-jenkins	2012-09-14 16:09:37	True
1280	vigdorchik	2012-09-10 14:58:34	scala-jenkins	2012-09-20 07:38:02	True
1280	vigdorchik	2012-09-10 14:58:34	scala-jenkins	2012-09-10 16:03:55	True
1280	vigdorchik	2012-09-10 14:58:34	scala-jenkins	2012-09-19 09:36:12	True
1280	vigdorchik	2012-09-10 14:58:34	scala-jenkins	2012-09-19 09:36:17	True
1280	vigdorchik	2012-09-10 14:58:34	scala-jenkins	2012-09-19 10:21:56	True
1280	vigdorchik	2012-09-10 14:58:34	scala-jenkins	2012-09-19 10:26:38	True
1280	vigdorchik	2012-09-10 14:58:34	scala-jenkins	2012-09-10 16:08:25	True
1280	vigdorchik	2012-09-10 14:58:34	gkossakowski	2012-09-24 11:10:43	True
1280	vigdorchik	2012-09-10 14:58:34	gkossakowski	2012-09-21 08:52:10	True
1280	vigdorchik	2012-09-10 14:58:34	VladUreche	2012-09-20 15:49:26	True
1280	vigdorchik	2012-09-10 14:58:34	scala-jenkins	2012-09-10 15:17:51	True
1280	vigdorchik	2012-09-10 14:58:34	scala-jenkins	2012-09-10 15:17:46	True
1280	vigdorchik	2012-09-10 14:58:34	scala-jenkins	2012-09-20 07:38:05	True
1280	vigdorchik	2012-09-10 14:58:34	scala-jenkins	2012-09-20 08:54:38	True
1280	vigdorchik	2012-09-10 14:58:34	scala-jenkins	2012-09-20 19:34:13	True
1280	vigdorchik	2012-09-10 14:58:34	VladUreche	2012-09-20 15:47:53	True
1280	vigdorchik	2012-09-10 14:58:34	scala-jenkins	2012-09-20 15:53:44	True
1280	vigdorchik	2012-09-10 14:58:34	scala-jenkins	2012-09-20 20:22:56	True
1280	vigdorchik	2012-09-10 14:58:34	scala-jenkins	2012-09-20 15:53:50	True
1280	vigdorchik	2012-09-10 14:58:34	scala-jenkins	2012-09-20 16:40:16	True
1280	vigdorchik	2012-09-10 14:58:34	scala-jenkins	2012-09-20 16:42:22	True
1280	vigdorchik	2012-09-10 14:58:34	scala-jenkins	2012-09-20 08:08:17	True
1280	vigdorchik	2012-09-10 14:58:34	scala-jenkins	2012-09-20 19:34:16	True
1280	vigdorchik	2012-09-10 14:58:34	VladUreche	2012-09-18 15:53:19	True
1280	vigdorchik	2012-09-10 14:58:34	scala-jenkins	2012-09-20 20:08:49	True
1279	rkuhn	2012-09-10 13:56:12	scala-jenkins	2012-09-11 17:55:08	True
1279	rkuhn	2012-09-10 13:56:12	jsuereth	2012-09-10 18:31:47	True
1279	rkuhn	2012-09-10 13:56:12	jsuereth	2012-09-10 18:28:21	True
1279	rkuhn	2012-09-10 13:56:12	jsuereth	2012-09-10 18:32:16	True
1279	rkuhn	2012-09-10 13:56:12	scala-jenkins	2012-09-10 15:17:46	True
1279	rkuhn	2012-09-10 13:56:12	scala-jenkins	2012-09-10 15:17:51	True
1279	rkuhn	2012-09-10 13:56:12	scala-jenkins	2012-09-10 15:48:55	True
1279	rkuhn	2012-09-10 13:56:12	scala-jenkins	2012-09-10 16:36:01	True
1279	rkuhn	2012-09-10 13:56:12	scala-jenkins	2012-09-11 17:55:11	True
1279	rkuhn	2012-09-10 13:56:12	jsuereth	2012-09-10 18:31:04	True
1279	rkuhn	2012-09-10 13:56:12	scala-jenkins	2012-09-11 18:47:21	True
1279	rkuhn	2012-09-10 13:56:12	scala-jenkins	2012-09-11 18:55:05	True
1279	rkuhn	2012-09-10 13:56:12	viktorklang	2012-09-11 18:57:09	True
1279	rkuhn	2012-09-10 13:56:12	jsuereth	2012-09-11 18:15:59	True
1273	vigdorchik	2012-09-09 08:38:24	gkossakowski	2012-09-19 08:49:13	True
1273	vigdorchik	2012-09-09 08:38:24	scala-jenkins	2012-09-09 14:18:48	True
1273	vigdorchik	2012-09-09 08:38:24	scala-jenkins	2012-09-09 08:58:11	True
1273	vigdorchik	2012-09-09 08:38:24	scala-jenkins	2012-09-09 08:59:08	True
1273	vigdorchik	2012-09-09 08:38:24	scala-jenkins	2012-09-09 08:59:23	True
1273	vigdorchik	2012-09-09 08:38:24	scala-jenkins	2012-09-09 13:33:35	True
1273	vigdorchik	2012-09-09 08:38:24	scala-jenkins	2012-09-09 08:58:08	True
1273	vigdorchik	2012-09-09 08:38:24	scala-jenkins	2012-09-09 14:22:09	True
1273	vigdorchik	2012-09-09 08:38:24	VladUreche	2012-09-18 15:26:02	True
1273	vigdorchik	2012-09-09 08:38:24	scala-jenkins	2012-09-19 09:36:12	True
1273	vigdorchik	2012-09-09 08:38:24	scala-jenkins	2012-09-19 09:36:17	True
1273	vigdorchik	2012-09-09 08:38:24	scala-jenkins	2012-09-09 13:33:38	True
1273	vigdorchik	2012-09-09 08:38:24	scala-jenkins	2012-09-19 10:06:28	True
1273	vigdorchik	2012-09-09 08:38:24	scala-jenkins	2012-09-19 10:55:22	True
1272	paulp	2012-09-08 23:11:57	scala-jenkins	2012-09-08 23:47:37	True
1272	paulp	2012-09-08 23:11:57	scala-jenkins	2012-09-08 23:48:37	True
1272	paulp	2012-09-08 23:11:57	retronym	2012-09-09 06:17:13	True
1272	paulp	2012-09-08 23:11:57	hubertp	2012-09-09 17:13:36	True
1272	paulp	2012-09-08 23:11:57	gkossakowski	2012-09-11 11:45:26	True
1272	paulp	2012-09-08 23:11:57	scala-jenkins	2012-09-08 23:47:30	True
1272	paulp	2012-09-08 23:11:57	retronym	2012-09-12 07:23:24	True
1272	paulp	2012-09-08 23:11:57	jsuereth	2012-09-14 14:17:16	True
1272	paulp	2012-09-08 23:11:57	scala-jenkins	2012-09-12 09:52:11	True
1272	paulp	2012-09-08 23:11:57	scala-jenkins	2012-09-12 08:42:15	True
1272	paulp	2012-09-08 23:11:57	scala-jenkins	2012-09-08 23:48:38	True
1272	paulp	2012-09-08 23:11:57	scala-jenkins	2012-09-12 08:31:25	True
1272	paulp	2012-09-08 23:11:57	scala-jenkins	2012-09-12 07:41:53	True
1272	paulp	2012-09-08 23:11:57	scala-jenkins	2012-09-12 08:37:01	True
1272	paulp	2012-09-08 23:11:57	scala-jenkins	2012-09-12 07:41:57	True
1271	retronym	2012-09-08 17:00:09	gkossakowski	2012-09-11 12:03:00	True
1271	retronym	2012-09-08 17:00:09	scala-jenkins	2012-09-09 11:43:24	True
1271	retronym	2012-09-08 17:00:09	scala-jenkins	2012-09-09 12:28:55	True
1271	retronym	2012-09-08 17:00:09	jsuereth	2012-09-11 18:26:42	True
1271	retronym	2012-09-08 17:00:09	scala-jenkins	2012-09-09 11:43:20	True
1271	retronym	2012-09-08 17:00:09	jsuereth	2012-09-14 14:15:32	True
1271	retronym	2012-09-08 17:00:09	scala-jenkins	2012-09-08 20:06:56	True
1271	retronym	2012-09-08 17:00:09	scala-jenkins	2012-09-09 12:32:10	True
1271	retronym	2012-09-08 17:00:09	scala-jenkins	2012-09-08 17:21:57	True
1271	retronym	2012-09-08 17:00:09	scala-jenkins	2012-09-08 20:06:59	True
1271	retronym	2012-09-08 17:00:09	scala-jenkins	2012-09-08 17:21:54	True
1271	retronym	2012-09-08 17:00:09	paulp	2012-09-14 15:12:14	True
1271	retronym	2012-09-08 17:00:09	scala-jenkins	2012-09-08 17:23:07	True
1271	retronym	2012-09-08 17:00:09	scala-jenkins	2012-09-08 17:23:08	True
1271	retronym	2012-09-08 17:00:09	scala-jenkins	2012-09-08 20:08:16	True
1269	jsuereth	2012-09-07 00:09:56	xeno-by	2012-09-07 14:38:56	True
1269	jsuereth	2012-09-07 00:09:56	scala-jenkins	2012-09-07 00:57:10	True
1269	jsuereth	2012-09-07 00:09:56	scala-jenkins	2012-09-07 01:48:11	True
1269	jsuereth	2012-09-07 00:09:56	scala-jenkins	2012-09-07 01:58:02	True
1269	jsuereth	2012-09-07 00:09:56	viktorklang	2012-09-07 13:27:08	True
1269	jsuereth	2012-09-07 00:09:56	scala-jenkins	2012-09-07 00:57:14	True
1269	jsuereth	2012-09-07 00:09:56	scala-jenkins	2012-09-07 21:09:13	True
1269	jsuereth	2012-09-07 00:09:56	scala-jenkins	2012-09-07 21:55:04	True
1269	jsuereth	2012-09-07 00:09:56	scala-jenkins	2012-09-07 21:57:54	True
1269	jsuereth	2012-09-07 00:09:56	mariusae	2012-09-08 15:48:01	True
1269	jsuereth	2012-09-07 00:09:56	viktorklang	2012-09-08 17:56:18	True
1269	jsuereth	2012-09-07 00:09:56	scala-jenkins	2012-09-07 21:09:09	True
1264	xeno-by	2012-09-06 10:21:15	jsuereth	2012-09-06 11:51:59	True
1264	xeno-by	2012-09-06 10:21:15	scala-jenkins	2012-09-10 16:12:59	True
1264	xeno-by	2012-09-06 10:21:15	scala-jenkins	2012-09-06 12:59:24	True
1264	xeno-by	2012-09-06 10:21:15	jsuereth	2012-09-06 12:43:49	True
1264	xeno-by	2012-09-06 10:21:15	scala-jenkins	2012-09-10 16:13:02	True
1264	xeno-by	2012-09-06 10:21:15	retronym	2012-09-06 12:33:56	True
1264	xeno-by	2012-09-06 10:21:15	scala-jenkins	2012-09-06 11:33:54	True
1264	xeno-by	2012-09-06 10:21:15	jsuereth	2012-09-06 11:22:23	True
1264	xeno-by	2012-09-06 10:21:15	scala-jenkins	2012-09-06 11:10:50	True
1264	xeno-by	2012-09-06 10:21:15	scala-jenkins	2012-09-06 11:10:41	True
1264	xeno-by	2012-09-06 10:21:15	paulp	2012-09-13 02:12:19	True
1264	xeno-by	2012-09-06 10:21:15	scala-jenkins	2012-09-10 16:59:25	True
1264	xeno-by	2012-09-06 10:21:15	scala-jenkins	2012-09-12 18:43:19	True
1264	xeno-by	2012-09-06 10:21:15	gkossakowski	2012-09-11 11:38:49	True
1264	xeno-by	2012-09-06 10:21:15	scala-jenkins	2012-09-10 17:02:25	True
1264	xeno-by	2012-09-06 10:21:15	scala-jenkins	2012-09-12 20:58:55	True
1264	xeno-by	2012-09-06 10:21:15	scala-jenkins	2012-09-12 19:38:10	True
1264	xeno-by	2012-09-06 10:21:15	scala-jenkins	2012-09-12 19:31:41	True
1264	xeno-by	2012-09-06 10:21:15	scala-jenkins	2012-09-12 18:43:26	True
1264	xeno-by	2012-09-06 10:21:15	gkossakowski	2012-09-11 12:58:14	True
1264	xeno-by	2012-09-06 10:21:15	scala-jenkins	2012-09-12 19:18:36	True
1264	xeno-by	2012-09-06 10:21:15	paulp	2012-09-11 15:03:04	True
1261	rkuhn	2012-09-05 16:57:52	viktorklang	2012-09-09 21:45:33	True
1261	rkuhn	2012-09-05 16:57:52	scala-jenkins	2012-09-09 08:03:02	True
1261	rkuhn	2012-09-05 16:57:52	jsuereth	2012-09-09 10:22:31	True
1261	rkuhn	2012-09-05 16:57:52	scala-jenkins	2012-09-09 08:02:58	True
1261	rkuhn	2012-09-05 16:57:52	scala-jenkins	2012-09-07 15:33:19	True
1261	rkuhn	2012-09-05 16:57:52	scala-jenkins	2012-09-07 14:43:27	True
1261	rkuhn	2012-09-05 16:57:52	jsuereth	2012-09-06 01:19:01	True
1261	rkuhn	2012-09-05 16:57:52	scala-jenkins	2012-09-09 08:04:01	True
1261	rkuhn	2012-09-05 16:57:52	scala-jenkins	2012-09-05 18:36:54	True
1261	rkuhn	2012-09-05 16:57:52	scala-jenkins	2012-09-05 18:30:54	True
1261	rkuhn	2012-09-05 16:57:52	scala-jenkins	2012-09-05 17:44:40	True
1261	rkuhn	2012-09-05 16:57:52	scala-jenkins	2012-09-05 17:44:30	True
1261	rkuhn	2012-09-05 16:57:52	scala-jenkins	2012-09-07 14:43:24	True
1261	rkuhn	2012-09-05 16:57:52	scala-jenkins	2012-09-07 15:29:04	True
1261	rkuhn	2012-09-05 16:57:52	scala-jenkins	2012-09-09 08:04:21	True
1261	rkuhn	2012-09-05 16:57:52	scala-jenkins	2012-09-11 20:35:54	True
1261	rkuhn	2012-09-05 16:57:52	paulp	2012-09-09 21:31:48	True
1261	rkuhn	2012-09-05 16:57:52	scala-jenkins	2012-09-09 10:48:18	True
1261	rkuhn	2012-09-05 16:57:52	scala-jenkins	2012-09-09 10:48:22	True
1261	rkuhn	2012-09-05 16:57:52	scala-jenkins	2012-09-09 11:35:02	True
1261	rkuhn	2012-09-05 16:57:52	viktorklang	2012-09-09 17:57:16	True
1261	rkuhn	2012-09-05 16:57:52	scala-jenkins	2012-09-09 11:38:31	True
1261	rkuhn	2012-09-05 16:57:52	jsuereth	2012-09-11 17:59:43	True
1261	rkuhn	2012-09-05 16:57:52	paulp	2012-09-09 23:33:15	True
1261	rkuhn	2012-09-05 16:57:52	viktorklang	2012-09-09 23:45:33	True
1261	rkuhn	2012-09-05 16:57:52	scala-jenkins	2012-09-11 20:04:55	True
1253	paulp	2012-09-04 22:58:54	scala-jenkins	2012-09-05 04:48:14	True
1253	paulp	2012-09-04 22:58:54	scala-jenkins	2012-09-04 23:23:03	True
1253	paulp	2012-09-04 22:58:54	scala-jenkins	2012-09-04 23:22:54	True
1253	paulp	2012-09-04 22:58:54	viktorklang	2012-09-04 23:45:12	True
1253	paulp	2012-09-04 22:58:54	scala-jenkins	2012-09-05 00:08:58	True
1253	paulp	2012-09-04 22:58:54	scala-jenkins	2012-09-05 00:16:24	True
1253	paulp	2012-09-04 22:58:54	soc	2012-09-04 23:11:04	True
1253	paulp	2012-09-04 22:58:54	soc	2012-09-05 00:35:19	True
1253	paulp	2012-09-04 22:58:54	scala-jenkins	2012-09-05 03:58:02	True
1253	paulp	2012-09-04 22:58:54	scala-jenkins	2012-09-05 03:58:05	True
1253	paulp	2012-09-04 22:58:54	scala-jenkins	2012-09-05 04:44:17	True
1251	dragos	2012-09-04 18:37:55	scala-jenkins	2012-09-04 18:47:23	True
1251	dragos	2012-09-04 18:37:55	paulp	2012-09-04 19:43:09	True
1251	dragos	2012-09-04 18:37:55	scala-jenkins	2012-09-04 19:37:07	True
1251	dragos	2012-09-04 18:37:55	scala-jenkins	2012-09-04 19:46:03	True
1251	dragos	2012-09-04 18:37:55	scala-jenkins	2012-09-04 18:47:16	True
1247	jsuereth	2012-09-04 15:07:59	vjovanov	2012-09-12 18:20:15	True
1247	jsuereth	2012-09-04 15:07:59	scala-jenkins	2012-09-11 13:29:25	True
1247	jsuereth	2012-09-04 15:07:59	scala-jenkins	2012-09-11 12:24:58	True
1247	jsuereth	2012-09-04 15:07:59	scala-jenkins	2012-09-11 12:24:55	True
1247	jsuereth	2012-09-04 15:07:59	scala-jenkins	2012-09-11 13:56:53	True
1247	jsuereth	2012-09-04 15:07:59	scala-jenkins	2012-09-04 16:46:19	True
1247	jsuereth	2012-09-04 15:07:59	scala-jenkins	2012-09-04 16:02:19	True
1247	jsuereth	2012-09-04 15:07:59	scala-jenkins	2012-09-10 13:22:48	True
1247	jsuereth	2012-09-04 15:07:59	scala-jenkins	2012-09-10 12:32:38	True
1246	lrytz	2012-09-04 14:29:51	scala-jenkins	2012-09-04 15:07:13	True
1246	lrytz	2012-09-04 14:29:51	scala-jenkins	2012-09-04 16:36:59	True
1246	lrytz	2012-09-04 14:29:51	scala-jenkins	2012-09-04 16:08:24	True
1246	lrytz	2012-09-04 14:29:51	paulp	2012-09-04 16:58:33	True
1246	lrytz	2012-09-04 14:29:51	scala-jenkins	2012-09-04 15:07:08	True
1234	paulp	2012-09-02 03:21:15	gkossakowski	2012-09-11 12:37:00	True
1234	paulp	2012-09-02 03:21:15	scala-jenkins	2012-09-02 04:16:23	True
1234	paulp	2012-09-02 03:21:15	jsuereth	2012-09-06 01:18:38	True
1234	paulp	2012-09-02 03:21:15	dragos	2012-09-05 14:52:05	True
1234	paulp	2012-09-02 03:21:15	scala-jenkins	2012-09-02 04:11:54	True
1234	paulp	2012-09-02 03:21:15	scala-jenkins	2012-09-02 03:26:11	True
1234	paulp	2012-09-02 03:21:15	scala-jenkins	2012-09-02 03:26:14	True
