pr_number	author_user_login	pr_created_at	review_user_login	review_created_at	filename	create_before_pr	has_issue_comment	has_review_comment	has_commit
9954	som-snytt	2022-02-28 09:42:52	lrytz	2022-03-03 14:36:25	test/files/neg/abstract-report2.scala	True	False	False	True
9954	som-snytt	2022-02-28 09:42:52	lrytz	2022-03-03 14:36:25	src/compiler/scala/tools/nsc/typechecker/RefChecks.scala	True	False	False	True
9954	som-snytt	2022-02-28 09:42:52	lrytz	2022-03-03 14:36:25	test/files/neg/abstract-report2.check	True	False	False	True
9954	som-snytt	2022-02-28 09:42:52	lrytz	2022-03-03 14:36:25	src/compiler/scala/tools/nsc/typechecker/RefChecks.scala	False	False	False	True
9954	som-snytt	2022-02-28 09:42:52	lrytz	2022-03-03 14:36:25	test/files/neg/abstract-report3.check	True	False	False	True
9954	som-snytt	2022-02-28 09:42:52	lrytz	2022-03-03 14:36:25	test/files/neg/abstract-report3.scala	True	False	False	True
9950	retronym	2022-02-26 01:46:40	dwijnand	2022-02-28 09:49:52	src/reflect/scala/reflect/internal/pickling/UnPickler.scala	True	False	False	True
9948	som-snytt	2022-02-25 11:26:47	SethTisue	2022-02-28 20:12:18	test/files/run/macro-expand-varargs-explicit-over-nonvarargs-bad.check	True	False	False	True
9948	som-snytt	2022-02-25 11:26:47	SethTisue	2022-02-28 20:12:18	test/files/neg/t875.scala	True	False	False	True
9948	som-snytt	2022-02-25 11:26:47	SethTisue	2022-02-28 20:12:18	test/files/neg/t875.check	True	False	False	True
9948	som-snytt	2022-02-25 11:26:47	SethTisue	2022-02-28 20:12:18	test/files/neg/t835.check	True	False	False	True
9948	som-snytt	2022-02-25 11:26:47	SethTisue	2022-02-28 20:12:18	src/compiler/scala/tools/nsc/typechecker/RefChecks.scala	True	False	False	True
9947	som-snytt	2022-02-24 20:45:09	OndrejSpanel	2022-02-25 08:05:05	src/library/scala/collection/Seq.scala	True	True	False	True
9947	som-snytt	2022-02-24 20:45:09	OndrejSpanel	2022-02-25 08:05:05	src/library/scala/collection/ArrayOps.scala	True	True	False	True
9947	som-snytt	2022-02-24 20:45:09	OndrejSpanel	2022-02-25 08:05:05	src/library/scala/collection/StringOps.scala	True	True	False	True
9946	retronym	2022-02-21 03:03:44	dwijnand	2022-02-23 13:53:18	src/reflect/scala/reflect/io/ZipArchive.scala	True	False	False	True
9945	SethTisue	2022-02-20 01:31:21	dwijnand	2022-02-28 21:41:25	src/compiler/scala/tools/nsc/settings/ScalaSettings.scala	True	False	False	True
9943	som-snytt	2022-02-19 19:30:24	lrytz	2022-03-03 13:39:52	src/compiler/scala/tools/nsc/typechecker/Typers.scala	False	False	True	True
9943	som-snytt	2022-02-19 19:30:24	lrytz	2022-03-03 13:39:52	test/files/pos/t12538.scala	False	False	True	True
9943	som-snytt	2022-02-19 19:30:24	lrytz	2022-03-03 13:39:52	test/files/run/t12538.scala	False	False	True	True
9943	som-snytt	2022-02-19 19:30:24	lrytz	2022-03-03 13:39:52	src/compiler/scala/tools/reflect/FastTrack.scala	False	False	True	True
9943	som-snytt	2022-02-19 19:30:24	lrytz	2022-03-03 13:39:52	src/partest/scala/tools/partest/DirectTest.scala	False	False	True	True
9943	som-snytt	2022-02-19 19:30:24	SethTisue	2022-02-28 20:24:57	src/compiler/scala/tools/nsc/typechecker/Typers.scala	False	False	True	True
9943	som-snytt	2022-02-19 19:30:24	SethTisue	2022-02-28 20:24:57	test/files/pos/t12538.scala	False	False	True	True
9943	som-snytt	2022-02-19 19:30:24	SethTisue	2022-02-28 20:24:57	test/files/run/t12538.scala	False	False	True	True
9943	som-snytt	2022-02-19 19:30:24	SethTisue	2022-02-28 20:24:57	src/compiler/scala/tools/reflect/FastTrack.scala	False	False	True	True
9943	som-snytt	2022-02-19 19:30:24	SethTisue	2022-02-28 20:24:57	src/partest/scala/tools/partest/DirectTest.scala	False	False	True	True
9942	counter2015	2022-02-16 10:49:55	julienrf	2022-02-16 16:16:11	src/library/scala/collection/StringOps.scala	True	True	True	True
9942	counter2015	2022-02-16 10:49:55	julienrf	2022-02-16 16:16:11	src/library/scala/collection/Seq.scala	True	True	True	True
9942	counter2015	2022-02-16 10:49:55	julienrf	2022-02-16 15:36:07	src/library/scala/collection/StringOps.scala	True	True	True	True
9942	counter2015	2022-02-16 10:49:55	julienrf	2022-02-16 15:36:07	src/library/scala/collection/Seq.scala	True	True	True	True
9942	counter2015	2022-02-16 10:49:55	julienrf	2022-02-16 16:01:55	src/library/scala/collection/StringOps.scala	True	True	True	True
9942	counter2015	2022-02-16 10:49:55	julienrf	2022-02-16 16:01:55	src/library/scala/collection/Seq.scala	True	True	True	True
9940	som-snytt	2022-02-14 12:43:58	SethTisue	2022-02-20 02:20:42	src/compiler/scala/tools/nsc/typechecker/Analyzer.scala	True	False	False	True
9940	som-snytt	2022-02-14 12:43:58	SethTisue	2022-02-20 02:20:42	test/scaladoc/resources/t12303.scala	True	False	False	True
9940	som-snytt	2022-02-14 12:43:58	SethTisue	2022-02-20 02:20:42	test/scaladoc/run/t12303.check	True	False	False	True
9940	som-snytt	2022-02-14 12:43:58	SethTisue	2022-02-20 02:20:42	test/scaladoc/run/t12303.scala	True	False	False	True
9939	som-snytt	2022-02-14 09:17:17	SethTisue	2022-02-20 02:13:00	src/compiler/scala/tools/nsc/Reporting.scala	True	False	False	True
9939	som-snytt	2022-02-14 09:17:17	lrytz	2022-03-03 10:46:53	src/compiler/scala/tools/nsc/Reporting.scala	True	False	False	True
9939	som-snytt	2022-02-14 09:17:17	lrytz	2022-03-03 10:46:53	src/compiler/scala/tools/nsc/typechecker/Contexts.scala	True	False	False	True
9939	som-snytt	2022-02-14 09:17:17	lrytz	2022-03-03 10:46:53	test/files/neg/t12326.check	True	False	False	True
9939	som-snytt	2022-02-14 09:17:17	lrytz	2022-03-03 10:46:53	test/files/neg/t12326.scala	True	False	False	True
9939	som-snytt	2022-02-14 09:17:17	lrytz	2022-03-03 10:46:53	test/files/neg/t12326b.check	True	False	False	True
9939	som-snytt	2022-02-14 09:17:17	lrytz	2022-03-03 10:46:53	test/files/neg/t12326b.scala	True	False	False	True
9939	som-snytt	2022-02-14 09:17:17	lrytz	2022-03-03 10:46:53	test/files/neg/t12326c.check	True	False	False	True
9939	som-snytt	2022-02-14 09:17:17	lrytz	2022-03-03 10:46:53	test/files/neg/t12326c.scala	True	False	False	True
9939	som-snytt	2022-02-14 09:17:17	lrytz	2022-03-03 10:46:53	test/files/pos/t12326b.scala	True	False	False	True
9939	som-snytt	2022-02-14 09:17:17	lrytz	2022-03-03 10:46:53	test/files/pos/t12326.scala	True	False	False	True
9939	som-snytt	2022-02-14 09:17:17	SethTisue	2022-02-20 02:13:00	src/compiler/scala/tools/nsc/typechecker/Contexts.scala	True	False	False	True
9939	som-snytt	2022-02-14 09:17:17	SethTisue	2022-02-20 02:13:00	test/files/neg/t12326.check	True	False	False	True
9939	som-snytt	2022-02-14 09:17:17	SethTisue	2022-02-20 02:13:00	test/files/neg/t12326.scala	True	False	False	True
9939	som-snytt	2022-02-14 09:17:17	SethTisue	2022-02-20 02:13:00	test/files/neg/t12326b.check	True	False	False	True
9939	som-snytt	2022-02-14 09:17:17	SethTisue	2022-02-20 02:13:00	test/files/neg/t12326b.scala	True	False	False	True
9939	som-snytt	2022-02-14 09:17:17	SethTisue	2022-02-20 02:13:00	test/files/neg/t12326c.check	True	False	False	True
9939	som-snytt	2022-02-14 09:17:17	SethTisue	2022-02-20 02:13:00	test/files/neg/t12326c.scala	True	False	False	True
9939	som-snytt	2022-02-14 09:17:17	SethTisue	2022-02-20 02:13:00	test/files/pos/t12326.scala	True	False	False	True
9939	som-snytt	2022-02-14 09:17:17	SethTisue	2022-02-20 02:13:00	test/files/pos/t12326b.scala	True	False	False	True
9938	som-snytt	2022-02-12 15:05:09	SethTisue	2022-02-20 02:18:22	test/files/neg/t12441.scala	True	False	False	True
9938	som-snytt	2022-02-12 15:05:09	SethTisue	2022-02-20 02:18:22	src/compiler/scala/tools/nsc/typechecker/Typers.scala	True	False	False	True
9938	som-snytt	2022-02-12 15:05:09	SethTisue	2022-02-20 02:18:22	test/files/neg/t12441.check	True	False	False	True
9938	som-snytt	2022-02-12 15:05:09	SethTisue	2022-02-20 02:18:22	src/compiler/scala/tools/nsc/typechecker/Infer.scala	True	False	False	True
9938	som-snytt	2022-02-12 15:05:09	SethTisue	2022-02-20 02:18:22	test/files/neg/t8035-removed.check	True	False	False	True
9938	som-snytt	2022-02-12 15:05:09	SethTisue	2022-02-20 02:18:22	test/files/neg/warn-inferred-any.check	True	False	False	True
9936	som-snytt	2022-02-11 19:33:27	SethTisue	2022-02-20 02:10:15	src/library/scala/util/Properties.scala	True	True	True	True
9936	som-snytt	2022-02-11 19:33:27	SethTisue	2022-02-28 20:23:15	src/library/scala/util/Properties.scala	True	True	True	True
9934	som-snytt	2022-02-10 09:11:26	SethTisue	2022-02-28 20:27:53	test/files/run/interpolator-hygiene.scala	True	True	False	True
9934	som-snytt	2022-02-10 09:11:26	SethTisue	2022-02-28 20:27:53	src/compiler/scala/tools/nsc/ast/parser/Parsers.scala	True	True	False	True
9933	som-snytt	2022-02-10 04:13:44	lrytz	2022-02-11 10:20:24	test/files/neg/t0345.check	False	False	False	True
9933	som-snytt	2022-02-10 04:13:44	lrytz	2022-02-11 10:20:24	test/files/neg/abstract-class-2.check	False	False	False	True
9933	som-snytt	2022-02-10 04:13:44	lrytz	2022-02-11 10:20:24	test/files/neg/abstract-concrete-methods.check	False	False	False	True
9933	som-snytt	2022-02-10 04:13:44	lrytz	2022-02-11 10:20:24	test/files/neg/abstract-report.check	False	False	False	True
9933	som-snytt	2022-02-10 04:13:44	lrytz	2022-02-11 10:20:24	test/files/neg/abstract-report2.check	False	False	False	True
9933	som-snytt	2022-02-10 04:13:44	lrytz	2022-02-11 10:20:24	test/files/jvm/scala-concurrent-tck.scala	False	False	False	True
9933	som-snytt	2022-02-10 04:13:44	lrytz	2022-02-11 10:20:24	test/files/neg/t856.check	False	False	False	True
9933	som-snytt	2022-02-10 04:13:44	lrytz	2022-02-11 10:20:24	test/files/neg/t9138.check	False	False	False	True
9933	som-snytt	2022-02-10 04:13:44	lrytz	2022-02-11 10:20:24	test/files/neg/t3854.check	False	False	False	True
9933	som-snytt	2022-02-10 04:13:44	lrytz	2022-02-11 10:20:24	src/compiler/scala/tools/nsc/typechecker/RefChecks.scala	True	False	False	True
9933	som-snytt	2022-02-10 04:13:44	lrytz	2022-02-11 10:20:24	src/compiler/scala/tools/nsc/typechecker/RefChecks.scala	False	False	False	True
9931	som-snytt	2022-02-09 22:05:07	SethTisue	2022-02-20 02:04:52	src/compiler/scala/tools/nsc/typechecker/Typers.scala	True	False	False	True
9931	som-snytt	2022-02-09 22:05:07	SethTisue	2022-02-20 02:04:52	test/files/neg/t12531.check	True	False	False	True
9931	som-snytt	2022-02-09 22:05:07	SethTisue	2022-02-20 02:04:52	test/files/neg/t12531.scala	True	False	False	True
9930	retronym	2022-02-09 06:51:34	lrytz	2022-02-09 14:26:58	src/reflect/scala/reflect/internal/Definitions.scala	False	False	False	True
9930	retronym	2022-02-09 06:51:34	lrytz	2022-02-09 14:26:58	src/reflect/scala/reflect/internal/Definitions.scala	True	False	False	True
9924	som-snytt	2022-02-06 21:20:44	SethTisue	2022-02-28 20:26:25	test/files/neg/sd503.scala	True	True	False	True
9924	som-snytt	2022-02-06 21:20:44	SethTisue	2022-02-28 20:26:25	test/files/neg/sd503.check	True	True	False	True
9924	som-snytt	2022-02-06 21:20:44	SethTisue	2022-02-28 20:26:25	src/compiler/scala/tools/nsc/typechecker/Typers.scala	True	True	False	True
9923	som-snytt	2022-02-06 20:36:12	lrytz	2022-03-04 08:33:30	src/compiler/scala/tools/nsc/typechecker/Typers.scala	True	False	False	True
9923	som-snytt	2022-02-06 20:36:12	SethTisue	2022-02-20 02:04:08	src/compiler/scala/tools/nsc/settings/Warnings.scala	True	False	False	True
9923	som-snytt	2022-02-06 20:36:12	lrytz	2022-03-04 08:33:30	src/compiler/scala/tools/nsc/settings/Warnings.scala	True	False	False	True
9923	som-snytt	2022-02-06 20:36:12	lrytz	2022-03-04 08:33:30	src/compiler/scala/tools/nsc/transform/Erasure.scala	True	False	False	True
9923	som-snytt	2022-02-06 20:36:12	lrytz	2022-03-04 08:33:30	test/files/neg/universal-lint.check	True	False	False	True
9923	som-snytt	2022-02-06 20:36:12	lrytz	2022-03-04 08:33:30	test/files/neg/universal-lint.scala	True	False	False	True
9923	som-snytt	2022-02-06 20:36:12	lrytz	2022-03-04 08:33:30	src/reflect/scala/reflect/internal/Definitions.scala	True	False	False	True
9923	som-snytt	2022-02-06 20:36:12	SethTisue	2022-02-20 02:04:08	src/compiler/scala/tools/nsc/transform/Erasure.scala	True	False	False	True
9923	som-snytt	2022-02-06 20:36:12	SethTisue	2022-02-20 02:04:08	src/reflect/scala/reflect/internal/Definitions.scala	True	False	False	True
9923	som-snytt	2022-02-06 20:36:12	SethTisue	2022-02-20 02:04:08	test/files/neg/universal-lint.check	True	False	False	True
9923	som-snytt	2022-02-06 20:36:12	SethTisue	2022-02-20 02:04:08	test/files/neg/universal-lint.scala	True	False	False	True
9923	som-snytt	2022-02-06 20:36:12	SethTisue	2022-02-20 02:04:08	src/compiler/scala/tools/nsc/typechecker/Typers.scala	True	False	False	True
9922	vadzim-marchanka	2022-02-04 23:30:00	OndrejSpanel	2022-02-09 11:50:01	src/library/scala/collection/immutable/TreeSet.scala	True	True	True	True
9922	vadzim-marchanka	2022-02-04 23:30:00	NthPortal	2022-02-08 02:30:05	test/junit/scala/collection/mutable/TreeSetTest.scala	True	True	True	True
9922	vadzim-marchanka	2022-02-04 23:30:00	NthPortal	2022-02-09 02:38:25	src/library/scala/collection/immutable/TreeSet.scala	True	True	True	True
9922	vadzim-marchanka	2022-02-04 23:30:00	NthPortal	2022-02-09 02:38:25	src/library/scala/collection/mutable/TreeSet.scala	True	True	True	True
9922	vadzim-marchanka	2022-02-04 23:30:00	NthPortal	2022-02-09 02:38:25	test/junit/scala/collection/mutable/TreeSetTest.scala	True	True	True	True
9922	vadzim-marchanka	2022-02-04 23:30:00	NthPortal	2022-02-07 14:09:21	src/library/scala/collection/immutable/TreeSet.scala	True	True	True	True
9922	vadzim-marchanka	2022-02-04 23:30:00	OndrejSpanel	2022-02-09 11:50:01	src/library/scala/collection/mutable/TreeSet.scala	True	True	True	True
9922	vadzim-marchanka	2022-02-04 23:30:00	OndrejSpanel	2022-02-09 11:50:01	test/junit/scala/collection/mutable/TreeSetTest.scala	True	True	True	True
9922	vadzim-marchanka	2022-02-04 23:30:00	NthPortal	2022-02-07 14:09:21	src/library/scala/collection/mutable/TreeSet.scala	True	True	True	True
9922	vadzim-marchanka	2022-02-04 23:30:00	NthPortal	2022-02-07 14:09:21	test/junit/scala/collection/mutable/TreeSetTest.scala	True	True	True	True
9922	vadzim-marchanka	2022-02-04 23:30:00	NthPortal	2022-02-08 02:30:05	src/library/scala/collection/immutable/TreeSet.scala	True	True	True	True
9922	vadzim-marchanka	2022-02-04 23:30:00	NthPortal	2022-02-08 02:30:05	src/library/scala/collection/mutable/TreeSet.scala	True	True	True	True
9921	som-snytt	2022-02-03 19:29:52	SethTisue	2022-02-28 20:25:46	test/files/neg/stringinterpolation_macro-neg.check	True	True	False	True
9921	som-snytt	2022-02-03 19:29:52	SethTisue	2022-02-28 20:25:46	src/compiler/scala/tools/reflect/FormatInterpolator.scala	True	True	False	True
9921	som-snytt	2022-02-03 19:29:52	SethTisue	2022-02-28 20:25:46	test/junit/scala/lang/stringinterpol/StringContextTest.scala	True	True	False	True
9921	som-snytt	2022-02-03 19:29:52	SethTisue	2022-02-28 20:25:46	test/files/run/f-interpolator-unit.scala	True	True	False	True
9916	stefan-jurco	2022-02-01 14:28:33	SethTisue	2022-02-19 19:32:49	project/ScalaOptionParser.scala	True	True	True	True
9916	stefan-jurco	2022-02-01 14:28:33	SethTisue	2022-02-19 19:32:49	test/files/neg/deprecated-target.check	True	True	True	True
9916	stefan-jurco	2022-02-01 14:28:33	SethTisue	2022-02-19 19:32:49	src/compiler/scala/tools/nsc/settings/StandardScalaSettings.scala	True	True	True	True
9916	stefan-jurco	2022-02-01 14:28:33	SethTisue	2022-02-19 19:32:49	src/compiler/scala/tools/nsc/settings/MutableSettings.scala	True	True	True	True
9916	stefan-jurco	2022-02-01 14:28:33	SethTisue	2022-02-19 19:32:49	src/compiler/scala/tools/nsc/backend/jvm/analysis/BackendUtils.scala	True	True	True	True
9916	stefan-jurco	2022-02-01 14:28:33	SethTisue	2022-02-19 19:32:49	src/compiler/scala/tools/nsc/Global.scala	True	True	True	True
9916	stefan-jurco	2022-02-01 14:28:33	SethTisue	2022-02-19 19:32:49	src/compiler/scala/tools/ant/Scalac.scala	True	True	True	True
9916	stefan-jurco	2022-02-01 14:28:33	som-snytt	2022-02-19 20:15:05	test/junit/scala/tools/nsc/settings/TargetTest.scala	True	True	True	True
9916	stefan-jurco	2022-02-01 14:28:33	som-snytt	2022-02-09 20:42:15	project/ScalaOptionParser.scala	True	True	True	True
9916	stefan-jurco	2022-02-01 14:28:33	som-snytt	2022-02-19 20:15:05	test/files/neg/deprecated-target.check	True	True	True	True
9916	stefan-jurco	2022-02-01 14:28:33	som-snytt	2022-02-19 20:15:05	src/compiler/scala/tools/nsc/settings/StandardScalaSettings.scala	True	True	True	True
9916	stefan-jurco	2022-02-01 14:28:33	som-snytt	2022-02-19 20:15:05	src/compiler/scala/tools/nsc/settings/MutableSettings.scala	True	True	True	True
9916	stefan-jurco	2022-02-01 14:28:33	som-snytt	2022-02-19 20:15:05	src/compiler/scala/tools/nsc/backend/jvm/analysis/BackendUtils.scala	True	True	True	True
9916	stefan-jurco	2022-02-01 14:28:33	som-snytt	2022-02-19 20:15:05	src/compiler/scala/tools/ant/Scalac.scala	True	True	True	True
9916	stefan-jurco	2022-02-01 14:28:33	som-snytt	2022-02-19 20:15:05	project/ScalaOptionParser.scala	True	True	True	True
9916	stefan-jurco	2022-02-01 14:28:33	SethTisue	2022-02-19 19:32:49	test/junit/scala/tools/nsc/settings/TargetTest.scala	True	True	True	True
9916	stefan-jurco	2022-02-01 14:28:33	som-snytt	2022-02-19 20:15:05	src/compiler/scala/tools/nsc/Global.scala	True	True	True	True
9916	stefan-jurco	2022-02-01 14:28:33	som-snytt	2022-02-09 20:42:15	src/compiler/scala/tools/ant/Scalac.scala	True	True	True	True
9916	stefan-jurco	2022-02-01 14:28:33	SethTisue	2022-02-09 20:16:14	src/compiler/scala/tools/ant/Scalac.scala	True	True	True	True
9916	stefan-jurco	2022-02-01 14:28:33	SethTisue	2022-02-09 20:16:14	test/junit/scala/tools/nsc/settings/TargetTest.scala	True	True	True	True
9916	stefan-jurco	2022-02-01 14:28:33	SethTisue	2022-02-09 20:16:14	test/files/neg/deprecated-target.check	True	True	True	True
9916	stefan-jurco	2022-02-01 14:28:33	SethTisue	2022-02-09 20:16:14	src/compiler/scala/tools/nsc/settings/StandardScalaSettings.scala	True	True	True	True
9916	stefan-jurco	2022-02-01 14:28:33	SethTisue	2022-02-09 20:16:14	src/compiler/scala/tools/nsc/settings/MutableSettings.scala	True	True	True	True
9916	stefan-jurco	2022-02-01 14:28:33	SethTisue	2022-02-09 20:16:14	src/compiler/scala/tools/nsc/Global.scala	True	True	True	True
9916	stefan-jurco	2022-02-01 14:28:33	SethTisue	2022-02-09 20:16:14	src/compiler/scala/tools/nsc/backend/jvm/analysis/BackendUtils.scala	True	True	True	True
9916	stefan-jurco	2022-02-01 14:28:33	SethTisue	2022-02-09 20:16:14	project/ScalaOptionParser.scala	True	True	True	True
9916	stefan-jurco	2022-02-01 14:28:33	som-snytt	2022-02-09 20:42:15	test/junit/scala/tools/nsc/settings/TargetTest.scala	True	True	True	True
9916	stefan-jurco	2022-02-01 14:28:33	som-snytt	2022-02-09 20:42:15	test/files/neg/deprecated-target.check	True	True	True	True
9916	stefan-jurco	2022-02-01 14:28:33	som-snytt	2022-02-09 20:42:15	src/compiler/scala/tools/nsc/settings/StandardScalaSettings.scala	True	True	True	True
9916	stefan-jurco	2022-02-01 14:28:33	som-snytt	2022-02-09 20:42:15	src/compiler/scala/tools/nsc/settings/MutableSettings.scala	True	True	True	True
9916	stefan-jurco	2022-02-01 14:28:33	som-snytt	2022-02-09 20:42:15	src/compiler/scala/tools/nsc/backend/jvm/analysis/BackendUtils.scala	True	True	True	True
9916	stefan-jurco	2022-02-01 14:28:33	som-snytt	2022-02-09 20:42:15	src/compiler/scala/tools/nsc/Global.scala	True	True	True	True
