pr_number	author_user_login	pr_created_at	review_user_login	review_created_at	filename	create_before_pr	has_issue_comment	has_review_comment	has_commit
9797	som-snytt	2021-10-29 12:35:15	lrytz	2021-11-18 12:14:35	src/library/scala/math/BigInt.scala	True	True	False	True
9797	som-snytt	2021-10-29 12:35:15	NthPortal	2022-01-30 21:57:34	src/library/scala/math/BigInt.scala	True	True	False	True
9797	som-snytt	2021-10-29 12:35:15	NthPortal	2022-01-30 21:57:34	test/junit/scala/math/BigIntTest.scala	True	True	False	True
9797	som-snytt	2021-10-29 12:35:15	lrytz	2021-11-18 12:14:35	test/junit/scala/math/BigIntTest.scala	True	True	False	True
9796	som-snytt	2021-10-29 02:15:54	lrytz	2021-11-18 12:05:34	src/compiler/scala/tools/nsc/ast/parser/Parsers.scala	True	True	False	True
9794	som-snytt	2021-10-28 02:05:06	dwijnand	2021-10-28 09:11:48	test/junit/scala/tools/nsc/backend/jvm/BytecodeTest.scala	True	True	True	True
9794	som-snytt	2021-10-28 02:05:06	dwijnand	2021-10-28 09:11:48	test/files/run/sd187.check	True	True	True	True
9794	som-snytt	2021-10-28 02:05:06	dwijnand	2021-10-28 09:11:48	test/files/run/t7271.check	True	True	True	True
9794	som-snytt	2021-10-28 02:05:06	dwijnand	2021-10-28 09:11:48	test/files/run/t6288.check	True	True	True	True
9794	som-snytt	2021-10-28 02:05:06	dwijnand	2021-10-28 09:11:48	test/files/run/t5603.check	True	True	True	True
9794	som-snytt	2021-10-28 02:05:06	dwijnand	2021-10-28 09:11:48	test/files/run/t5064.check	True	True	True	True
9794	som-snytt	2021-10-28 02:05:06	dwijnand	2021-10-28 09:11:48	test/files/run/t12062.check	True	True	True	True
9794	som-snytt	2021-10-28 02:05:06	dwijnand	2021-10-28 09:11:48	test/files/run/t10751.check	True	True	True	True
9794	som-snytt	2021-10-28 02:05:06	dwijnand	2021-10-28 09:11:48	test/files/run/t10203.check	True	True	True	True
9794	som-snytt	2021-10-28 02:05:06	dwijnand	2021-10-28 09:11:48	test/files/run/string-switch-pos.check	True	True	True	True
9794	som-snytt	2021-10-28 02:05:06	dwijnand	2021-10-28 09:11:48	test/files/run/literals-parsing.check	True	True	True	True
9794	som-snytt	2021-10-28 02:05:06	dwijnand	2021-10-28 09:11:48	src/compiler/scala/tools/nsc/ast/parser/Parsers.scala	False	True	True	True
9794	som-snytt	2021-10-28 02:05:06	dwijnand	2021-10-28 09:11:48	test/files/run/existential-rangepos.check	True	True	True	True
9794	som-snytt	2021-10-28 02:05:06	dwijnand	2021-10-28 09:11:48	test/files/run/dynamic-updateDynamic.check	True	True	True	True
9794	som-snytt	2021-10-28 02:05:06	dwijnand	2021-10-28 09:11:48	test/files/run/dynamic-selectDynamic.check	True	True	True	True
9794	som-snytt	2021-10-28 02:05:06	dwijnand	2021-10-28 09:11:48	test/files/run/dynamic-applyDynamicNamed.check	True	True	True	True
9794	som-snytt	2021-10-28 02:05:06	dwijnand	2021-10-28 09:11:48	test/files/run/dynamic-applyDynamic.check	True	True	True	True
9794	som-snytt	2021-10-28 02:05:06	dwijnand	2021-10-28 09:11:48	src/testkit/scala/tools/testkit/BytecodeTesting.scala	True	True	True	True
9794	som-snytt	2021-10-28 02:05:06	dwijnand	2021-10-28 09:11:48	src/compiler/scala/tools/nsc/backend/jvm/BCodeSkelBuilder.scala	True	True	True	True
9794	som-snytt	2021-10-28 02:05:06	dwijnand	2021-10-28 09:11:48	src/compiler/scala/tools/nsc/ast/parser/Parsers.scala	True	True	True	True
9794	som-snytt	2021-10-28 02:05:06	dwijnand	2021-10-28 09:11:48	test/files/run/t7569.check	True	True	True	True
9794	som-snytt	2021-10-28 02:05:06	lrytz	2021-10-28 12:48:00	test/files/run/string-switch-pos.check	True	True	True	True
9794	som-snytt	2021-10-28 02:05:06	lrytz	2021-10-28 12:48:00	src/compiler/scala/tools/nsc/ast/parser/Parsers.scala	False	True	True	True
9794	som-snytt	2021-10-28 02:05:06	lrytz	2021-10-28 12:48:00	src/compiler/scala/tools/nsc/ast/parser/Parsers.scala	True	True	True	True
9794	som-snytt	2021-10-28 02:05:06	lrytz	2021-10-28 12:48:00	test/junit/scala/tools/nsc/backend/jvm/BytecodeTest.scala	True	True	True	True
9794	som-snytt	2021-10-28 02:05:06	lrytz	2021-10-28 12:48:00	test/files/run/t7569.check	True	True	True	True
9794	som-snytt	2021-10-28 02:05:06	lrytz	2021-10-28 12:48:00	test/files/run/t7271.check	True	True	True	True
9794	som-snytt	2021-10-28 02:05:06	lrytz	2021-10-28 12:48:00	test/files/run/t6288.check	True	True	True	True
9794	som-snytt	2021-10-28 02:05:06	lrytz	2021-10-28 12:48:00	test/files/run/t5603.check	True	True	True	True
9794	som-snytt	2021-10-28 02:05:06	lrytz	2021-10-28 12:48:00	test/files/run/t5064.check	True	True	True	True
9794	som-snytt	2021-10-28 02:05:06	lrytz	2021-10-28 12:48:00	test/files/run/t12062.check	True	True	True	True
9794	som-snytt	2021-10-28 02:05:06	lrytz	2021-10-28 12:48:00	test/files/run/t10751.check	True	True	True	True
9794	som-snytt	2021-10-28 02:05:06	lrytz	2021-10-28 12:48:00	test/files/run/t10203.check	True	True	True	True
9794	som-snytt	2021-10-28 02:05:06	lrytz	2021-10-28 12:48:00	test/files/run/sd187.check	True	True	True	True
9794	som-snytt	2021-10-28 02:05:06	lrytz	2021-10-28 12:48:00	test/files/run/literals-parsing.check	True	True	True	True
9794	som-snytt	2021-10-28 02:05:06	lrytz	2021-10-28 12:48:00	test/files/run/existential-rangepos.check	True	True	True	True
9794	som-snytt	2021-10-28 02:05:06	lrytz	2021-10-28 12:48:00	test/files/run/dynamic-updateDynamic.check	True	True	True	True
9794	som-snytt	2021-10-28 02:05:06	lrytz	2021-10-28 12:48:00	test/files/run/dynamic-selectDynamic.check	True	True	True	True
9794	som-snytt	2021-10-28 02:05:06	lrytz	2021-10-28 12:48:00	test/files/run/dynamic-applyDynamicNamed.check	True	True	True	True
9794	som-snytt	2021-10-28 02:05:06	lrytz	2021-10-28 12:48:00	test/files/run/dynamic-applyDynamic.check	True	True	True	True
9794	som-snytt	2021-10-28 02:05:06	lrytz	2021-10-28 12:48:00	src/testkit/scala/tools/testkit/BytecodeTesting.scala	True	True	True	True
9794	som-snytt	2021-10-28 02:05:06	lrytz	2021-10-28 12:48:00	src/compiler/scala/tools/nsc/backend/jvm/BCodeSkelBuilder.scala	True	True	True	True
9789	megri	2021-10-20 15:49:55	NthPortal	2021-10-20 18:18:04	src/library/scala/collection/IterableOnce.scala	True	False	False	True
9788	SethTisue	2021-10-13 19:50:55	som-snytt	2021-10-13 22:26:13	test/files/run/t2318.scala	True	True	True	True
9788	SethTisue	2021-10-13 19:50:55	som-snytt	2021-10-13 22:26:13	src/library/scala/runtime/ModuleSerializationProxy.scala	True	True	True	True
9788	SethTisue	2021-10-13 19:50:55	som-snytt	2021-10-13 22:17:36	test/files/run/t2318.scala	True	True	True	True
9788	SethTisue	2021-10-13 19:50:55	som-snytt	2021-10-13 22:17:36	src/library/scala/runtime/ModuleSerializationProxy.scala	True	True	True	True
9786	NthPortal	2021-10-13 08:45:08	lrytz	2021-10-27 20:22:20	test/junit/scala/collection/mutable/MutationTrackingTest.scala	True	False	False	True
9786	NthPortal	2021-10-13 08:45:08	lrytz	2021-10-27 20:22:20	src/library/scala/collection/mutable/ArrayBuffer.scala	True	False	False	True
9786	NthPortal	2021-10-13 08:45:08	lrytz	2021-10-27 20:22:20	test/benchmarks/src/main/scala/scala/collection/mutable/ArrayBufferBenchmark.scala	True	False	False	True
9783	lrytz	2021-10-12 09:52:28	SethTisue	2021-10-12 13:11:23	src/reflect/scala/reflect/internal/util/ChromeTrace.scala	True	False	False	True
9783	lrytz	2021-10-12 09:52:28	SethTisue	2021-10-12 13:11:23	src/library/scala/Predef.scala	True	False	False	True
9783	lrytz	2021-10-12 09:52:28	SethTisue	2021-10-12 13:11:23	src/compiler/scala/tools/ant/sabbus/Compilers.scala	True	False	False	True
9783	lrytz	2021-10-12 09:52:28	som-snytt	2021-10-13 05:29:06	src/reflect/scala/reflect/internal/util/ChromeTrace.scala	True	False	False	True
9783	lrytz	2021-10-12 09:52:28	som-snytt	2021-10-13 05:29:06	src/library/scala/Predef.scala	True	False	False	True
9783	lrytz	2021-10-12 09:52:28	som-snytt	2021-10-13 05:29:06	src/compiler/scala/tools/ant/sabbus/Compilers.scala	True	False	False	True
9781	lrytz	2021-10-07 08:32:26	dwijnand	2021-10-07 08:48:25	test/files/neg/classOfDeprecation.scala	True	False	False	True
9781	lrytz	2021-10-07 08:32:26	dwijnand	2021-10-07 08:48:25	src/compiler/scala/tools/nsc/typechecker/RefChecks.scala	True	False	False	True
9781	lrytz	2021-10-07 08:32:26	dwijnand	2021-10-07 08:48:25	test/files/neg/classOfDeprecation.check	True	False	False	True
9781	lrytz	2021-10-07 08:32:26	dwijnand	2021-10-07 08:48:25	test/files/run/t4813.scala	True	False	False	True
9781	lrytz	2021-10-07 08:32:26	dwijnand	2021-10-07 08:48:25	test/files/run/t4813.check	True	False	False	True
9780	danicheg	2021-10-06 19:02:01	lrytz	2021-10-07 06:42:56	src/compiler/scala/tools/nsc/backend/jvm/GeneratedClassHandler.scala	True	False	False	True
9777	dwijnand	2021-10-01 08:04:41	lrytz	2021-10-11 08:03:03	test/files/pos/t12467.scala	True	False	True	True
9777	dwijnand	2021-10-01 08:04:41	lrytz	2021-10-11 08:03:03	src/reflect/scala/reflect/internal/TreeGen.scala	True	False	True	True
9777	dwijnand	2021-10-01 08:04:41	lrytz	2021-10-11 09:15:36	test/files/pos/t12467.scala	True	False	True	True
9777	dwijnand	2021-10-01 08:04:41	lrytz	2021-10-11 09:15:36	src/reflect/scala/reflect/internal/TreeGen.scala	True	False	True	True
9777	dwijnand	2021-10-01 08:04:41	lrytz	2021-10-04 11:28:10	test/files/pos/t12467.scala	True	False	True	True
9777	dwijnand	2021-10-01 08:04:41	lrytz	2021-10-04 11:28:10	src/reflect/scala/reflect/internal/TreeGen.scala	True	False	True	True
