pr_number	author_user_login	pr_created_at	review_user_login	review_created_at	filename	create_before_pr	has_issue_comment	has_review_comment	has_commit
9681	sirthias	2021-06-29 20:29:23	lrytz	2021-06-30 07:12:25	src/library/scala/collection/Iterator.scala	True	False	False	True
9680	som-snytt	2021-06-27 21:13:59	dwijnand	2021-07-07 08:54:01	test/files/jvm/scala-concurrent-tck.scala	True	False	True	True
9680	som-snytt	2021-06-27 21:13:59	dwijnand	2021-07-07 08:54:01	src/testkit/scala/tools/testkit/AssertUtil.scala	True	False	True	True
9680	som-snytt	2021-06-27 21:13:59	NthPortal	2021-06-28 06:11:09	test/files/jvm/scala-concurrent-tck.scala	True	False	True	True
9680	som-snytt	2021-06-27 21:13:59	NthPortal	2021-06-28 06:11:09	src/testkit/scala/tools/testkit/AssertUtil.scala	True	False	True	True
9679	SethTisue	2021-06-23 20:21:22	retronym	2021-07-19 00:42:15	test/junit/scala/collection/immutable/StringLikeTest.scala	False	False	False	True
9679	SethTisue	2021-06-23 20:21:22	retronym	2021-07-19 00:42:15	test/junit/scala/tools/nsc/classpath/MultiReleaseJarTest.scala	False	False	False	True
9679	SethTisue	2021-06-23 20:21:22	retronym	2021-07-19 00:42:15	.github/workflows/ci.yml	True	False	False	True
9678	SethTisue	2021-06-23 17:56:53	retronym	2021-07-23 00:34:51	test/junit/scala/tools/testing/Using.scala	False	True	False	True
9678	SethTisue	2021-06-23 17:56:53	retronym	2021-07-23 00:34:51	test/files/jvm/scala-concurrent-tck.scala	False	True	False	True
9678	SethTisue	2021-06-23 17:56:53	retronym	2021-07-23 00:34:51	test/junit/scala/tools/nsc/classpath/MultiReleaseJarTest.scala	False	True	False	True
9678	SethTisue	2021-06-23 17:56:53	retronym	2021-07-23 00:34:51	test/junit/scala/tools/testing/TempDir.scala	False	True	False	True
9678	SethTisue	2021-06-23 17:56:53	retronym	2021-07-23 00:34:51	test/junit/scala/collection/immutable/StringLikeTest.scala	False	True	False	True
9678	SethTisue	2021-06-23 17:56:53	retronym	2021-07-23 00:34:51	project/build.properties	False	True	False	True
9678	SethTisue	2021-06-23 17:56:53	retronym	2021-07-23 00:34:51	scripts/common	False	True	False	True
9678	SethTisue	2021-06-23 17:56:53	retronym	2021-07-23 00:34:51	.github/workflows/ci.yml	True	True	False	True
9677	SethTisue	2021-06-23 17:50:23	dwijnand	2021-07-26 14:16:08	test/files/run/t2318.scala	False	False	False	True
9677	SethTisue	2021-06-23 17:50:23	dwijnand	2021-07-26 14:16:08	.travis.yml	True	False	False	True
9677	SethTisue	2021-06-23 17:50:23	dwijnand	2021-07-26 14:16:08	build.sbt	False	False	False	True
9677	SethTisue	2021-06-23 17:50:23	dwijnand	2021-07-26 14:16:08	src/library/scala/runtime/ModuleSerializationProxy.java	False	False	False	True
9677	SethTisue	2021-06-23 17:50:23	dwijnand	2021-07-26 14:16:08	src/partest/scala/tools/partest/nest/TrapExit.scala	False	False	False	True
9677	SethTisue	2021-06-23 17:50:23	dwijnand	2021-07-26 14:16:08	src/partest/scala/tools/partest/nest/Runner.scala	False	False	False	True
9677	SethTisue	2021-06-23 17:50:23	dwijnand	2021-07-26 14:16:08	src/partest/scala/tools/partest/nest/DelegatingSecurityManager.scala	False	False	False	True
9677	SethTisue	2021-06-23 17:50:23	dwijnand	2021-07-26 14:16:08	src/partest/scala/tools/partest/SecurityTest.scala	False	False	False	True
9676	retronym	2021-06-22 05:16:21	dwijnand	2021-06-22 07:26:43	src/library/scala/runtime/LambdaDeserializer.scala	True	False	False	True
9675	retronym	2021-06-22 05:14:44	dwijnand	2021-06-22 07:26:55	src/compiler/scala/tools/nsc/classpath/ZipAndJarFileLookupFactory.scala	True	False	False	True
9675	retronym	2021-06-22 05:14:44	dwijnand	2021-06-22 07:26:55	src/scaladoc/scala/tools/nsc/ScalaDoc.scala	True	False	False	True
9673	retronym	2021-06-19 05:01:29	lrytz	2021-06-21 09:26:18	build.sbt	True	False	False	True
9672	som-snytt	2021-06-18 02:11:53	lrytz	2021-06-21 13:21:11	test/files/pos/patmat-exprs-b.scala	False	True	True	True
9672	som-snytt	2021-06-18 02:11:53	lrytz	2021-06-21 13:21:11	test/files/neg/unchecked-refinement.check	False	True	True	True
9672	som-snytt	2021-06-18 02:11:53	lrytz	2021-06-21 13:21:11	test/files/neg/patmat-exprs-b.scala	False	True	True	True
9672	som-snytt	2021-06-18 02:11:53	lrytz	2021-06-21 13:21:11	test/files/neg/patmat-exprs-b.check	False	True	True	True
9672	som-snytt	2021-06-18 02:11:53	lrytz	2021-06-21 13:21:11	src/library/scala/math/Ordering.scala	False	True	True	True
9672	som-snytt	2021-06-18 02:11:53	lrytz	2021-06-21 13:21:11	src/library/scala/math/Equiv.scala	False	True	True	True
9672	som-snytt	2021-06-18 02:11:53	lrytz	2021-06-21 13:21:11	src/library/scala/collection/immutable/TreeMap.scala	False	True	True	True
9672	som-snytt	2021-06-18 02:11:53	lrytz	2021-06-21 13:21:11	src/library/scala/collection/immutable/HashSet.scala	False	True	True	True
9672	som-snytt	2021-06-18 02:11:53	lrytz	2021-06-21 13:21:11	src/library/scala/collection/SortedSet.scala	False	True	True	True
9672	som-snytt	2021-06-18 02:11:53	lrytz	2021-06-21 13:21:11	src/library/scala/collection/SortedMap.scala	False	True	True	True
9672	som-snytt	2021-06-18 02:11:53	lrytz	2021-06-21 13:21:11	src/library/scala/collection/Set.scala	False	True	True	True
9672	som-snytt	2021-06-18 02:11:53	lrytz	2021-06-21 13:21:11	src/library/scala/collection/Seq.scala	False	True	True	True
9672	som-snytt	2021-06-18 02:11:53	lrytz	2021-06-21 13:21:11	src/library/scala/collection/Map.scala	False	True	True	True
9672	som-snytt	2021-06-18 02:11:53	lrytz	2021-06-21 13:21:11	test/macro-annot/run/kase/macro_kase_1.scala	False	True	True	True
9672	som-snytt	2021-06-18 02:11:53	lrytz	2021-06-21 13:21:11	test/files/run/t12405.check	False	True	True	True
9672	som-snytt	2021-06-18 02:11:53	lrytz	2021-06-21 13:21:11	test/files/run/patmat-exprs.scala	False	True	True	True
9672	som-snytt	2021-06-18 02:11:53	lrytz	2021-06-21 13:21:11	test/files/run/patmat-behavior.check	False	True	True	True
9672	som-snytt	2021-06-18 02:11:53	lrytz	2021-06-21 13:21:11	test/files/neg/t12408.check	False	True	True	True
9672	som-snytt	2021-06-18 02:11:53	lrytz	2021-06-21 13:21:11	src/compiler/scala/tools/nsc/typechecker/SyntheticMethods.scala	False	True	True	True
9672	som-snytt	2021-06-18 02:11:53	lrytz	2021-06-21 13:21:11	src/library/scala/concurrent/impl/Promise.scala	False	True	True	True
9672	som-snytt	2021-06-18 02:11:53	lrytz	2021-06-21 13:21:11	test/files/neg/unchecked-refinement.scala	False	True	True	True
9672	som-snytt	2021-06-18 02:11:53	dwijnand	2021-07-01 16:46:17	src/library/scala/collection/immutable/Queue.scala	False	True	True	True
9672	som-snytt	2021-06-18 02:11:53	lrytz	2021-06-21 13:21:11	test/files/neg/t12408.scala	False	True	True	True
9672	som-snytt	2021-06-18 02:11:53	lrytz	2021-06-21 13:21:11	src/library/scala/collection/immutable/TreeSet.scala	False	True	True	True
9672	som-snytt	2021-06-18 02:11:53	dwijnand	2021-07-01 16:46:17	test/files/run/t12405.check	False	True	True	True
9672	som-snytt	2021-06-18 02:11:53	dwijnand	2021-07-01 16:46:17	test/files/run/patmat-exprs.scala	False	True	True	True
9672	som-snytt	2021-06-18 02:11:53	dwijnand	2021-07-01 16:46:17	test/files/run/patmat-behavior.check	False	True	True	True
9672	som-snytt	2021-06-18 02:11:53	dwijnand	2021-07-01 16:46:17	test/files/neg/t12408.check	False	True	True	True
9672	som-snytt	2021-06-18 02:11:53	dwijnand	2021-07-01 16:46:17	src/compiler/scala/tools/nsc/typechecker/SyntheticMethods.scala	False	True	True	True
9672	som-snytt	2021-06-18 02:11:53	dwijnand	2021-07-01 16:46:17	src/library/scala/concurrent/impl/Promise.scala	False	True	True	True
9672	som-snytt	2021-06-18 02:11:53	dwijnand	2021-07-01 16:46:17	src/library/scala/collection/mutable/CollisionProofHashMap.scala	False	True	True	True
9672	som-snytt	2021-06-18 02:11:53	dwijnand	2021-07-01 16:46:17	src/library/scala/collection/immutable/TreeSet.scala	False	True	True	True
9672	som-snytt	2021-06-18 02:11:53	dwijnand	2021-07-01 16:46:17	src/library/scala/collection/immutable/HashMap.scala	False	True	True	True
9672	som-snytt	2021-06-18 02:11:53	lrytz	2021-06-21 13:21:11	test/files/neg/t3692-new.check	False	True	True	True
9672	som-snytt	2021-06-18 02:11:53	dwijnand	2021-07-01 16:46:17	src/library/scala/collection/concurrent/TrieMap.scala	False	True	True	True
9672	som-snytt	2021-06-18 02:11:53	dwijnand	2021-07-01 16:46:17	src/library/scala/collection/Iterable.scala	False	True	True	True
9672	som-snytt	2021-06-18 02:11:53	dwijnand	2021-07-01 16:46:17	src/reflect/scala/reflect/internal/Types.scala	False	True	True	True
9672	som-snytt	2021-06-18 02:11:53	dwijnand	2021-07-01 16:46:17	src/compiler/scala/tools/nsc/typechecker/PatternTypers.scala	False	True	True	True
9672	som-snytt	2021-06-18 02:11:53	dwijnand	2021-07-01 16:46:17	src/compiler/scala/tools/nsc/typechecker/Infer.scala	False	True	True	True
9672	som-snytt	2021-06-18 02:11:53	dwijnand	2021-07-01 16:46:17	src/compiler/scala/tools/nsc/typechecker/Checkable.scala	False	True	True	True
9672	som-snytt	2021-06-18 02:11:53	lrytz	2021-06-21 13:21:11	test/files/run/patmat-exprs.check	False	True	True	True
9672	som-snytt	2021-06-18 02:11:53	lrytz	2021-06-21 13:21:11	test/files/neg/t3692-new.scala	False	True	True	True
9672	som-snytt	2021-06-18 02:11:53	lrytz	2021-06-21 13:21:11	src/library/scala/collection/mutable/CollisionProofHashMap.scala	False	True	True	True
9672	som-snytt	2021-06-18 02:11:53	dwijnand	2021-07-01 09:59:57	test/files/neg/t12408.scala	False	True	True	True
9672	som-snytt	2021-06-18 02:11:53	lrytz	2021-06-21 13:21:11	src/library/scala/collection/immutable/Queue.scala	False	True	True	True
9672	som-snytt	2021-06-18 02:11:53	lrytz	2021-06-21 13:21:11	src/library/scala/collection/immutable/HashMap.scala	False	True	True	True
9672	som-snytt	2021-06-18 02:11:53	dwijnand	2021-07-01 09:59:57	src/library/scala/collection/Seq.scala	False	True	True	True
9672	som-snytt	2021-06-18 02:11:53	dwijnand	2021-07-01 09:59:57	src/library/scala/collection/Map.scala	False	True	True	True
9672	som-snytt	2021-06-18 02:11:53	dwijnand	2021-07-01 09:59:57	test/macro-annot/run/kase/macro_kase_1.scala	False	True	True	True
9672	som-snytt	2021-06-18 02:11:53	dwijnand	2021-07-01 09:59:57	test/files/run/t12405.check	False	True	True	True
9672	som-snytt	2021-06-18 02:11:53	dwijnand	2021-07-01 09:59:57	test/files/run/patmat-exprs.scala	False	True	True	True
9672	som-snytt	2021-06-18 02:11:53	dwijnand	2021-07-01 09:59:57	test/files/run/patmat-behavior.check	False	True	True	True
9672	som-snytt	2021-06-18 02:11:53	dwijnand	2021-07-01 09:59:57	test/files/neg/t12408.check	False	True	True	True
9672	som-snytt	2021-06-18 02:11:53	dwijnand	2021-07-01 09:59:57	src/compiler/scala/tools/nsc/typechecker/SyntheticMethods.scala	False	True	True	True
9672	som-snytt	2021-06-18 02:11:53	dwijnand	2021-07-01 09:59:57	src/library/scala/concurrent/impl/Promise.scala	False	True	True	True
9672	som-snytt	2021-06-18 02:11:53	dwijnand	2021-07-01 09:59:57	src/library/scala/collection/mutable/CollisionProofHashMap.scala	False	True	True	True
9672	som-snytt	2021-06-18 02:11:53	dwijnand	2021-07-01 09:59:57	src/library/scala/collection/immutable/TreeSet.scala	False	True	True	True
9672	som-snytt	2021-06-18 02:11:53	dwijnand	2021-07-01 09:59:57	src/library/scala/collection/immutable/Queue.scala	False	True	True	True
9672	som-snytt	2021-06-18 02:11:53	dwijnand	2021-07-01 09:59:57	src/library/scala/collection/immutable/HashMap.scala	False	True	True	True
9672	som-snytt	2021-06-18 02:11:53	dwijnand	2021-07-01 09:59:57	src/library/scala/collection/concurrent/TrieMap.scala	False	True	True	True
9672	som-snytt	2021-06-18 02:11:53	dwijnand	2021-07-01 09:59:57	src/library/scala/collection/Iterable.scala	False	True	True	True
9672	som-snytt	2021-06-18 02:11:53	dwijnand	2021-07-01 09:59:57	src/reflect/scala/reflect/internal/Types.scala	False	True	True	True
9672	som-snytt	2021-06-18 02:11:53	dwijnand	2021-07-01 09:59:57	src/compiler/scala/tools/nsc/typechecker/PatternTypers.scala	False	True	True	True
9672	som-snytt	2021-06-18 02:11:53	dwijnand	2021-07-01 09:59:57	src/compiler/scala/tools/nsc/typechecker/Infer.scala	False	True	True	True
9672	som-snytt	2021-06-18 02:11:53	dwijnand	2021-07-01 09:59:57	src/compiler/scala/tools/nsc/typechecker/Checkable.scala	False	True	True	True
9672	som-snytt	2021-06-18 02:11:53	dwijnand	2021-07-01 09:59:57	src/library/scala/collection/Set.scala	False	True	True	True
9672	som-snytt	2021-06-18 02:11:53	dwijnand	2021-07-01 09:59:57	src/library/scala/collection/SortedMap.scala	False	True	True	True
9672	som-snytt	2021-06-18 02:11:53	dwijnand	2021-07-01 09:59:57	src/library/scala/collection/SortedSet.scala	False	True	True	True
9672	som-snytt	2021-06-18 02:11:53	dwijnand	2021-07-01 09:59:57	test/files/neg/t3692-new.check	False	True	True	True
9672	som-snytt	2021-06-18 02:11:53	lrytz	2021-06-21 13:21:11	src/library/scala/collection/concurrent/TrieMap.scala	False	True	True	True
9672	som-snytt	2021-06-18 02:11:53	lrytz	2021-06-21 13:21:11	src/library/scala/collection/Iterable.scala	False	True	True	True
9672	som-snytt	2021-06-18 02:11:53	lrytz	2021-06-21 13:21:11	src/reflect/scala/reflect/internal/Types.scala	False	True	True	True
9672	som-snytt	2021-06-18 02:11:53	lrytz	2021-06-21 13:21:11	src/compiler/scala/tools/nsc/typechecker/PatternTypers.scala	False	True	True	True
9672	som-snytt	2021-06-18 02:11:53	lrytz	2021-06-21 13:21:11	src/compiler/scala/tools/nsc/typechecker/Infer.scala	False	True	True	True
9672	som-snytt	2021-06-18 02:11:53	lrytz	2021-06-21 13:21:11	src/compiler/scala/tools/nsc/typechecker/Checkable.scala	False	True	True	True
9672	som-snytt	2021-06-18 02:11:53	dwijnand	2021-07-01 09:59:57	test/files/run/patmat-exprs.check	False	True	True	True
9672	som-snytt	2021-06-18 02:11:53	dwijnand	2021-07-01 09:59:57	test/files/neg/t3692-new.scala	False	True	True	True
9672	som-snytt	2021-06-18 02:11:53	dwijnand	2021-07-01 16:46:17	src/library/scala/collection/Map.scala	False	True	True	True
9672	som-snytt	2021-06-18 02:11:53	dwijnand	2021-07-01 09:59:57	src/library/scala/collection/immutable/HashSet.scala	False	True	True	True
9672	som-snytt	2021-06-18 02:11:53	dwijnand	2021-07-01 09:59:57	test/files/pos/patmat-exprs-b.scala	False	True	True	True
9672	som-snytt	2021-06-18 02:11:53	dwijnand	2021-07-01 09:59:57	test/files/neg/unchecked-refinement.scala	False	True	True	True
9672	som-snytt	2021-06-18 02:11:53	dwijnand	2021-07-01 09:59:57	test/files/neg/unchecked-refinement.check	False	True	True	True
9672	som-snytt	2021-06-18 02:11:53	dwijnand	2021-07-01 09:59:57	test/files/neg/patmat-exprs-b.scala	False	True	True	True
9672	som-snytt	2021-06-18 02:11:53	dwijnand	2021-07-01 09:59:57	test/files/neg/patmat-exprs-b.check	False	True	True	True
9672	som-snytt	2021-06-18 02:11:53	dwijnand	2021-07-01 09:59:57	src/library/scala/math/Ordering.scala	False	True	True	True
9672	som-snytt	2021-06-18 02:11:53	dwijnand	2021-07-01 09:59:57	src/library/scala/math/Equiv.scala	False	True	True	True
9672	som-snytt	2021-06-18 02:11:53	dwijnand	2021-07-01 09:59:57	src/library/scala/collection/immutable/TreeMap.scala	False	True	True	True
9672	som-snytt	2021-06-18 02:11:53	dwijnand	2021-07-01 16:46:17	test/macro-annot/run/kase/macro_kase_1.scala	False	True	True	True
9672	som-snytt	2021-06-18 02:11:53	lrytz	2021-07-01 12:46:45	test/files/neg/t3692-new.check	False	True	True	True
9672	som-snytt	2021-06-18 02:11:53	dwijnand	2021-07-01 16:46:17	src/library/scala/collection/Seq.scala	False	True	True	True
9672	som-snytt	2021-06-18 02:11:53	lrytz	2021-07-01 12:46:45	src/reflect/scala/reflect/internal/Types.scala	False	True	True	True
9672	som-snytt	2021-06-18 02:11:53	lrytz	2021-07-01 12:46:45	src/compiler/scala/tools/nsc/typechecker/SyntheticMethods.scala	False	True	True	True
9672	som-snytt	2021-06-18 02:11:53	lrytz	2021-07-01 12:46:45	src/library/scala/concurrent/impl/Promise.scala	False	True	True	True
9672	som-snytt	2021-06-18 02:11:53	lrytz	2021-07-01 12:46:45	src/library/scala/collection/mutable/CollisionProofHashMap.scala	False	True	True	True
9672	som-snytt	2021-06-18 02:11:53	lrytz	2021-07-01 12:46:45	src/library/scala/collection/immutable/TreeSet.scala	False	True	True	True
9672	som-snytt	2021-06-18 02:11:53	lrytz	2021-07-01 12:46:45	src/library/scala/collection/immutable/Queue.scala	False	True	True	True
9672	som-snytt	2021-06-18 02:11:53	lrytz	2021-07-01 12:46:45	src/library/scala/collection/immutable/HashMap.scala	False	True	True	True
9672	som-snytt	2021-06-18 02:11:53	lrytz	2021-07-01 12:46:45	src/library/scala/collection/concurrent/TrieMap.scala	False	True	True	True
9672	som-snytt	2021-06-18 02:11:53	lrytz	2021-07-01 12:46:45	src/library/scala/collection/Iterable.scala	False	True	True	True
9672	som-snytt	2021-06-18 02:11:53	lrytz	2021-07-01 12:46:45	src/compiler/scala/tools/nsc/typechecker/PatternTypers.scala	False	True	True	True
9672	som-snytt	2021-06-18 02:11:53	lrytz	2021-07-01 12:46:45	test/files/run/patmat-exprs.scala	False	True	True	True
9672	som-snytt	2021-06-18 02:11:53	lrytz	2021-07-01 12:46:45	src/compiler/scala/tools/nsc/typechecker/Infer.scala	False	True	True	True
9672	som-snytt	2021-06-18 02:11:53	lrytz	2021-07-01 12:46:45	src/compiler/scala/tools/nsc/typechecker/Checkable.scala	False	True	True	True
9672	som-snytt	2021-06-18 02:11:53	lrytz	2021-08-09 12:25:46	test/files/run/patmat-exprs.check	False	True	True	True
9672	som-snytt	2021-06-18 02:11:53	lrytz	2021-08-09 12:25:46	test/files/neg/t3692-new.scala	False	True	True	True
9672	som-snytt	2021-06-18 02:11:53	lrytz	2021-08-09 12:25:46	test/files/neg/t3692-new.check	False	True	True	True
9672	som-snytt	2021-06-18 02:11:53	lrytz	2021-08-09 12:25:46	test/files/neg/t12408.scala	False	True	True	True
9672	som-snytt	2021-06-18 02:11:53	lrytz	2021-08-09 12:25:46	test/files/pos/patmat-exprs-b.scala	False	True	True	True
9672	som-snytt	2021-06-18 02:11:53	lrytz	2021-08-09 12:25:46	test/files/neg/unchecked-refinement.scala	False	True	True	True
9672	som-snytt	2021-06-18 02:11:53	lrytz	2021-07-01 12:46:45	test/files/run/patmat-behavior.check	False	True	True	True
9672	som-snytt	2021-06-18 02:11:53	lrytz	2021-07-01 12:46:45	test/files/run/t12405.check	False	True	True	True
9672	som-snytt	2021-06-18 02:11:53	lrytz	2021-08-09 12:25:46	test/files/neg/patmat-exprs-b.scala	False	True	True	True
9672	som-snytt	2021-06-18 02:11:53	lrytz	2021-07-01 12:46:45	test/files/neg/patmat-exprs-b.check	False	True	True	True
9672	som-snytt	2021-06-18 02:11:53	lrytz	2021-07-01 12:46:45	test/files/run/patmat-exprs.check	False	True	True	True
9672	som-snytt	2021-06-18 02:11:53	lrytz	2021-07-01 12:46:45	test/files/neg/t3692-new.scala	False	True	True	True
9672	som-snytt	2021-06-18 02:11:53	dwijnand	2021-07-01 16:46:17	src/library/scala/collection/Set.scala	False	True	True	True
9672	som-snytt	2021-06-18 02:11:53	lrytz	2021-07-01 12:46:45	test/files/neg/t12408.scala	False	True	True	True
9672	som-snytt	2021-06-18 02:11:53	lrytz	2021-07-01 12:46:45	test/files/pos/patmat-exprs-b.scala	False	True	True	True
9672	som-snytt	2021-06-18 02:11:53	lrytz	2021-07-01 12:46:45	test/files/neg/unchecked-refinement.scala	False	True	True	True
9672	som-snytt	2021-06-18 02:11:53	lrytz	2021-07-01 12:46:45	test/files/neg/unchecked-refinement.check	False	True	True	True
9672	som-snytt	2021-06-18 02:11:53	lrytz	2021-07-01 12:46:45	test/files/neg/patmat-exprs-b.scala	False	True	True	True
9672	som-snytt	2021-06-18 02:11:53	lrytz	2021-07-01 12:46:45	src/library/scala/math/Ordering.scala	False	True	True	True
9672	som-snytt	2021-06-18 02:11:53	lrytz	2021-07-01 12:46:45	test/macro-annot/run/kase/macro_kase_1.scala	False	True	True	True
9672	som-snytt	2021-06-18 02:11:53	lrytz	2021-07-01 12:46:45	src/library/scala/math/Equiv.scala	False	True	True	True
9672	som-snytt	2021-06-18 02:11:53	lrytz	2021-07-01 12:46:45	src/library/scala/collection/immutable/TreeMap.scala	False	True	True	True
9672	som-snytt	2021-06-18 02:11:53	lrytz	2021-07-01 12:46:45	src/library/scala/collection/immutable/HashSet.scala	False	True	True	True
9672	som-snytt	2021-06-18 02:11:53	lrytz	2021-07-01 12:46:45	src/library/scala/collection/SortedSet.scala	False	True	True	True
9672	som-snytt	2021-06-18 02:11:53	lrytz	2021-07-01 12:46:45	src/library/scala/collection/SortedMap.scala	False	True	True	True
9672	som-snytt	2021-06-18 02:11:53	lrytz	2021-07-01 12:46:45	src/library/scala/collection/Set.scala	False	True	True	True
9672	som-snytt	2021-06-18 02:11:53	lrytz	2021-07-01 12:46:45	src/library/scala/collection/Seq.scala	False	True	True	True
9672	som-snytt	2021-06-18 02:11:53	lrytz	2021-07-01 12:46:45	src/library/scala/collection/Map.scala	False	True	True	True
9672	som-snytt	2021-06-18 02:11:53	lrytz	2021-08-09 12:25:46	test/files/neg/unchecked-refinement.check	False	True	True	True
9672	som-snytt	2021-06-18 02:11:53	lrytz	2021-07-01 12:46:45	test/files/neg/t12408.check	False	True	True	True
9672	som-snytt	2021-06-18 02:11:53	lrytz	2021-08-09 12:25:46	test/files/neg/patmat-exprs-b.check	False	True	True	True
9672	som-snytt	2021-06-18 02:11:53	lrytz	2021-08-09 12:25:46	src/library/scala/collection/concurrent/TrieMap.scala	False	True	True	True
9672	som-snytt	2021-06-18 02:11:53	lrytz	2021-08-09 12:25:46	src/reflect/scala/reflect/internal/Types.scala	False	True	True	True
9672	som-snytt	2021-06-18 02:11:53	lrytz	2021-08-09 12:25:46	src/compiler/scala/tools/nsc/typechecker/PatternTypers.scala	False	True	True	True
9672	som-snytt	2021-06-18 02:11:53	lrytz	2021-08-09 12:25:46	src/compiler/scala/tools/nsc/typechecker/Infer.scala	False	True	True	True
9672	som-snytt	2021-06-18 02:11:53	lrytz	2021-08-09 12:25:46	src/compiler/scala/tools/nsc/typechecker/Checkable.scala	False	True	True	True
9672	som-snytt	2021-06-18 02:11:53	dwijnand	2021-07-01 16:46:17	test/files/run/patmat-exprs.check	False	True	True	True
9672	som-snytt	2021-06-18 02:11:53	dwijnand	2021-07-01 16:46:17	test/files/neg/t3692-new.scala	False	True	True	True
9672	som-snytt	2021-06-18 02:11:53	dwijnand	2021-07-01 16:46:17	test/files/neg/t3692-new.check	False	True	True	True
9672	som-snytt	2021-06-18 02:11:53	dwijnand	2021-07-01 16:46:17	test/files/neg/t12408.scala	False	True	True	True
9672	som-snytt	2021-06-18 02:11:53	dwijnand	2021-07-01 16:46:17	test/files/pos/patmat-exprs-b.scala	False	True	True	True
9672	som-snytt	2021-06-18 02:11:53	dwijnand	2021-07-01 16:46:17	test/files/neg/unchecked-refinement.scala	False	True	True	True
9672	som-snytt	2021-06-18 02:11:53	dwijnand	2021-07-01 16:46:17	test/files/neg/unchecked-refinement.check	False	True	True	True
9672	som-snytt	2021-06-18 02:11:53	dwijnand	2021-07-01 16:46:17	test/files/neg/patmat-exprs-b.scala	False	True	True	True
9672	som-snytt	2021-06-18 02:11:53	dwijnand	2021-07-01 16:46:17	test/files/neg/patmat-exprs-b.check	False	True	True	True
9672	som-snytt	2021-06-18 02:11:53	dwijnand	2021-07-01 16:46:17	src/library/scala/math/Ordering.scala	False	True	True	True
9672	som-snytt	2021-06-18 02:11:53	dwijnand	2021-07-01 16:46:17	src/library/scala/math/Equiv.scala	False	True	True	True
9672	som-snytt	2021-06-18 02:11:53	dwijnand	2021-07-01 16:46:17	src/library/scala/collection/immutable/TreeMap.scala	False	True	True	True
9672	som-snytt	2021-06-18 02:11:53	dwijnand	2021-07-01 16:46:17	src/library/scala/collection/immutable/HashSet.scala	False	True	True	True
9672	som-snytt	2021-06-18 02:11:53	dwijnand	2021-07-01 16:46:17	src/library/scala/collection/SortedSet.scala	False	True	True	True
9672	som-snytt	2021-06-18 02:11:53	lrytz	2021-08-09 12:25:46	src/library/scala/math/Ordering.scala	False	True	True	True
9672	som-snytt	2021-06-18 02:11:53	lrytz	2021-08-09 12:25:46	src/library/scala/collection/Iterable.scala	False	True	True	True
9672	som-snytt	2021-06-18 02:11:53	dwijnand	2021-07-01 16:46:17	src/library/scala/collection/SortedMap.scala	False	True	True	True
9672	som-snytt	2021-06-18 02:11:53	lrytz	2021-08-09 12:25:46	src/library/scala/collection/immutable/HashMap.scala	False	True	True	True
9672	som-snytt	2021-06-18 02:11:53	lrytz	2021-08-09 12:25:46	test/files/run/t12405.check	False	True	True	True
9672	som-snytt	2021-06-18 02:11:53	lrytz	2021-08-09 12:25:46	src/library/scala/math/Equiv.scala	False	True	True	True
9672	som-snytt	2021-06-18 02:11:53	lrytz	2021-08-09 12:25:46	src/library/scala/collection/immutable/TreeMap.scala	False	True	True	True
9672	som-snytt	2021-06-18 02:11:53	lrytz	2021-08-09 12:25:46	src/library/scala/collection/immutable/HashSet.scala	False	True	True	True
9672	som-snytt	2021-06-18 02:11:53	lrytz	2021-08-09 12:25:46	src/library/scala/collection/SortedSet.scala	False	True	True	True
9672	som-snytt	2021-06-18 02:11:53	lrytz	2021-08-09 12:25:46	src/library/scala/collection/Set.scala	False	True	True	True
9672	som-snytt	2021-06-18 02:11:53	lrytz	2021-08-09 12:25:46	src/library/scala/collection/Seq.scala	False	True	True	True
9672	som-snytt	2021-06-18 02:11:53	lrytz	2021-08-09 12:25:46	src/library/scala/collection/Map.scala	False	True	True	True
9672	som-snytt	2021-06-18 02:11:53	lrytz	2021-08-09 12:25:46	test/macro-annot/run/kase/macro_kase_1.scala	False	True	True	True
9672	som-snytt	2021-06-18 02:11:53	lrytz	2021-08-09 12:25:46	src/library/scala/collection/SortedMap.scala	False	True	True	True
9672	som-snytt	2021-06-18 02:11:53	lrytz	2021-08-09 12:25:46	test/files/run/patmat-exprs.scala	False	True	True	True
9672	som-snytt	2021-06-18 02:11:53	lrytz	2021-08-09 12:25:46	test/files/neg/t12408.check	False	True	True	True
9672	som-snytt	2021-06-18 02:11:53	lrytz	2021-08-09 12:25:46	src/compiler/scala/tools/nsc/typechecker/SyntheticMethods.scala	False	True	True	True
9672	som-snytt	2021-06-18 02:11:53	lrytz	2021-08-09 12:25:46	src/library/scala/concurrent/impl/Promise.scala	False	True	True	True
9672	som-snytt	2021-06-18 02:11:53	lrytz	2021-08-09 12:25:46	src/library/scala/collection/mutable/CollisionProofHashMap.scala	False	True	True	True
9672	som-snytt	2021-06-18 02:11:53	lrytz	2021-08-09 12:25:46	src/library/scala/collection/immutable/TreeSet.scala	False	True	True	True
9672	som-snytt	2021-06-18 02:11:53	lrytz	2021-08-09 12:25:46	src/library/scala/collection/immutable/Queue.scala	False	True	True	True
9672	som-snytt	2021-06-18 02:11:53	lrytz	2021-08-09 12:25:46	test/files/run/patmat-behavior.check	False	True	True	True
9671	retronym	2021-06-16 23:45:09	dwijnand	2021-06-22 07:30:10	test/junit/scala/tools/nsc/classpath/MultiReleaseJarTest.scala	True	True	False	True
9671	retronym	2021-06-16 23:45:09	dwijnand	2021-06-22 07:30:10	src/compiler/scala/tools/nsc/classpath/DirectoryClassPath.scala	True	True	False	True
9671	retronym	2021-06-16 23:45:09	dwijnand	2021-06-22 07:30:10	src/reflect/scala/reflect/io/ZipArchive.scala	True	True	False	True
9671	retronym	2021-06-16 23:45:09	lrytz	2021-06-21 09:36:06	src/reflect/scala/reflect/io/ZipArchive.scala	True	True	False	True
9671	retronym	2021-06-16 23:45:09	lrytz	2021-06-21 09:36:06	src/compiler/scala/tools/nsc/classpath/DirectoryClassPath.scala	True	True	False	True
9671	retronym	2021-06-16 23:45:09	lrytz	2021-06-21 09:36:06	test/junit/scala/tools/nsc/classpath/MultiReleaseJarTest.scala	True	True	False	True
9669	som-snytt	2021-06-15 17:12:41	smarter	2021-06-15 18:17:21	test/files/pos/varargs-future.scala	True	True	True	True
9669	som-snytt	2021-06-15 17:12:41	smarter	2021-06-15 18:17:21	src/compiler/scala/tools/nsc/ast/parser/Parsers.scala	False	True	True	True
9669	som-snytt	2021-06-15 17:12:41	smarter	2021-06-15 18:17:21	test/files/neg/t5702-neg-bad-brace.check	False	True	True	True
9669	som-snytt	2021-06-15 17:12:41	smarter	2021-06-15 18:17:21	test/files/neg/t5702-neg-bad-brace.scala	False	True	True	True
9669	som-snytt	2021-06-15 17:12:41	smarter	2021-06-15 18:17:21	test/files/pos/varargs-future.scala	False	True	True	True
9669	som-snytt	2021-06-15 17:12:41	smarter	2021-06-15 18:17:21	src/compiler/scala/tools/nsc/ast/parser/Parsers.scala	True	True	True	True
9669	som-snytt	2021-06-15 17:12:41	lrytz	2021-06-16 12:14:44	test/files/neg/t5702-neg-bad-brace.check	False	True	True	True
9669	som-snytt	2021-06-15 17:12:41	lrytz	2021-06-16 12:14:44	src/compiler/scala/tools/nsc/ast/parser/Parsers.scala	False	True	True	True
9669	som-snytt	2021-06-15 17:12:41	lrytz	2021-06-16 12:14:44	test/files/neg/t5702-neg-bad-brace.scala	False	True	True	True
9669	som-snytt	2021-06-15 17:12:41	lrytz	2021-06-16 12:14:44	test/files/pos/varargs-future.scala	False	True	True	True
9669	som-snytt	2021-06-15 17:12:41	lrytz	2021-06-16 12:14:44	src/compiler/scala/tools/nsc/ast/parser/Parsers.scala	True	True	True	True
9669	som-snytt	2021-06-15 17:12:41	lrytz	2021-06-16 12:14:44	test/files/pos/varargs-future.scala	True	True	True	True
9668	som-snytt	2021-06-14 20:57:29	lrytz	2021-06-16 12:38:22	src/compiler/scala/tools/nsc/typechecker/Checkable.scala	True	False	False	True
9668	som-snytt	2021-06-14 20:57:29	dwijnand	2021-06-14 21:22:15	src/compiler/scala/tools/nsc/typechecker/Checkable.scala	True	False	False	True
9668	som-snytt	2021-06-14 20:57:29	dwijnand	2021-06-14 21:22:15	test/files/neg/t12414.check	True	False	False	True
9668	som-snytt	2021-06-14 20:57:29	dwijnand	2021-06-14 21:22:15	test/files/neg/t12414.scala	True	False	False	True
9668	som-snytt	2021-06-14 20:57:29	dwijnand	2021-06-14 21:22:15	test/files/neg/t12414b/a_1.scala	True	False	False	True
9668	som-snytt	2021-06-14 20:57:29	dwijnand	2021-06-14 21:22:15	test/files/neg/t12414b/b_2.scala	True	False	False	True
9668	som-snytt	2021-06-14 20:57:29	dwijnand	2021-06-14 21:22:15	test/files/neg/t12414b.check	True	False	False	True
9668	som-snytt	2021-06-14 20:57:29	lrytz	2021-06-16 12:38:22	test/files/neg/t12414.check	True	False	False	True
9668	som-snytt	2021-06-14 20:57:29	lrytz	2021-06-16 12:38:22	test/files/neg/t12414b.check	True	False	False	True
9668	som-snytt	2021-06-14 20:57:29	lrytz	2021-06-16 12:38:22	test/files/neg/t12414b/a_1.scala	True	False	False	True
9668	som-snytt	2021-06-14 20:57:29	lrytz	2021-06-16 12:38:22	test/files/neg/t12414b/b_2.scala	True	False	False	True
9668	som-snytt	2021-06-14 20:57:29	lrytz	2021-06-16 12:38:22	test/files/neg/t12414.scala	True	False	False	True
9666	magnolia-k	2021-06-13 01:43:28	lrytz	2021-06-14 08:17:22	spec/13-syntax-summary.md	True	True	False	True
9666	magnolia-k	2021-06-13 01:43:28	lrytz	2021-06-14 08:17:22	spec/01-lexical-syntax.md	True	True	False	True
9665	som-snytt	2021-06-10 16:15:58	lrytz	2021-06-11 07:30:57	test/files/neg/import-syntax.scala	False	False	False	True
9665	som-snytt	2021-06-10 16:15:58	lrytz	2021-06-11 07:30:57	src/compiler/scala/tools/nsc/ast/parser/Parsers.scala	False	False	False	True
9665	som-snytt	2021-06-10 16:15:58	lrytz	2021-06-11 07:30:57	test/files/neg/import-syntax.check	False	False	False	True
9665	som-snytt	2021-06-10 16:15:58	lrytz	2021-06-11 07:30:57	test/files/neg/import-syntax.scala	True	False	False	True
9665	som-snytt	2021-06-10 16:15:58	lrytz	2021-06-11 07:30:57	src/compiler/scala/tools/nsc/ast/parser/Parsers.scala	True	False	False	True
9665	som-snytt	2021-06-10 16:15:58	lrytz	2021-06-11 07:30:57	test/files/neg/import-syntax.check	True	False	False	True
9663	retronym	2021-06-09 03:05:03	lrytz	2021-06-09 06:45:59	src/compiler/scala/tools/nsc/backend/jvm/GenBCode.scala	True	False	False	True
9662	som-snytt	2021-06-07 19:39:51	retronym	2021-06-08 00:43:48	test/files/run/names-defaults.check	True	True	True	True
9662	som-snytt	2021-06-07 19:39:51	retronym	2021-06-08 00:43:48	src/compiler/scala/tools/nsc/typechecker/NamesDefaults.scala	True	True	True	True
9662	som-snytt	2021-06-07 19:39:51	retronym	2021-06-08 00:43:48	test/files/pos/t11964.scala	True	True	True	True
9662	som-snytt	2021-06-07 19:39:51	lrytz	2021-06-08 08:08:17	src/compiler/scala/tools/nsc/typechecker/NamesDefaults.scala	True	True	True	True
9662	som-snytt	2021-06-07 19:39:51	lrytz	2021-06-08 08:08:17	test/files/run/names-defaults.check	True	True	True	True
9662	som-snytt	2021-06-07 19:39:51	lrytz	2021-06-08 08:08:17	test/files/pos/t11964.scala	True	True	True	True
9661	dwijnand	2021-06-07 16:10:55	retronym	2021-06-11 06:00:55	src/compiler/scala/tools/nsc/Global.scala	False	True	True	True
9661	dwijnand	2021-06-07 16:10:55	retronym	2021-06-11 06:00:55	test/files/run/package-object-with-inner-class-in-ancestor.scala	False	True	True	True
9661	dwijnand	2021-06-07 16:10:55	retronym	2021-06-11 06:17:18	test/files/run/package-object-with-inner-class-in-ancestor-simpler.scala	False	True	True	True
9661	dwijnand	2021-06-07 16:10:55	retronym	2021-06-11 06:17:18	test/files/run/package-object-with-inner-class-in-ancestor-simpler-still.scala	False	True	True	True
9661	dwijnand	2021-06-07 16:10:55	retronym	2021-06-11 06:17:18	test/junit/scala/tools/nsc/DeterminismTest.scala	False	True	True	True
9661	dwijnand	2021-06-07 16:10:55	retronym	2021-06-11 06:17:18	test/files/run/package-object-stale-decl.scala	False	True	True	True
9661	dwijnand	2021-06-07 16:10:55	retronym	2021-06-11 06:17:18	test/files/run/package-object-toolbox.scala	False	True	True	True
9661	dwijnand	2021-06-07 16:10:55	retronym	2021-06-11 06:17:18	src/compiler/scala/tools/reflect/ReflectGlobal.scala	False	True	True	True
9661	dwijnand	2021-06-07 16:10:55	retronym	2021-06-11 06:17:18	src/reflect/scala/reflect/internal/SymbolTable.scala	False	True	True	True
9661	dwijnand	2021-06-07 16:10:55	retronym	2021-06-11 06:17:18	src/interactive/scala/tools/nsc/interactive/Global.scala	False	True	True	True
9661	dwijnand	2021-06-07 16:10:55	retronym	2021-06-11 06:17:18	src/compiler/scala/tools/nsc/typechecker/Analyzer.scala	False	True	True	True
9661	dwijnand	2021-06-07 16:10:55	retronym	2021-06-11 06:17:18	src/compiler/scala/tools/nsc/Global.scala	False	True	True	True
9661	dwijnand	2021-06-07 16:10:55	retronym	2021-06-11 06:00:55	test/files/run/package-object-with-inner-class-in-ancestor-simpler.scala	False	True	True	True
9661	dwijnand	2021-06-07 16:10:55	retronym	2021-07-08 06:33:27	src/compiler/scala/tools/nsc/Global.scala	False	True	True	True
9661	dwijnand	2021-06-07 16:10:55	retronym	2021-06-11 06:00:55	test/files/run/package-object-with-inner-class-in-ancestor-simpler-still.scala	False	True	True	True
9661	dwijnand	2021-06-07 16:10:55	retronym	2021-06-11 06:00:55	test/junit/scala/tools/nsc/DeterminismTest.scala	False	True	True	True
9661	dwijnand	2021-06-07 16:10:55	retronym	2021-06-11 06:00:55	test/files/run/package-object-stale-decl.scala	False	True	True	True
9661	dwijnand	2021-06-07 16:10:55	retronym	2021-06-11 06:00:55	src/compiler/scala/tools/nsc/typechecker/Namers.scala	False	True	True	True
9661	dwijnand	2021-06-07 16:10:55	retronym	2021-06-11 06:00:55	test/files/run/package-object-toolbox.scala	False	True	True	True
9661	dwijnand	2021-06-07 16:10:55	retronym	2021-06-11 06:00:55	src/compiler/scala/tools/reflect/ReflectGlobal.scala	False	True	True	True
9661	dwijnand	2021-06-07 16:10:55	retronym	2021-06-11 06:00:55	src/reflect/scala/reflect/internal/SymbolTable.scala	False	True	True	True
9661	dwijnand	2021-06-07 16:10:55	retronym	2021-06-11 06:00:55	src/interactive/scala/tools/nsc/interactive/Global.scala	False	True	True	True
9661	dwijnand	2021-06-07 16:10:55	retronym	2021-06-11 06:00:55	src/compiler/scala/tools/nsc/typechecker/Analyzer.scala	False	True	True	True
9661	dwijnand	2021-06-07 16:10:55	retronym	2021-06-11 06:17:18	test/files/run/package-object-with-inner-class-in-ancestor.scala	False	True	True	True
9661	dwijnand	2021-06-07 16:10:55	retronym	2021-06-11 06:17:18	src/compiler/scala/tools/nsc/typechecker/Namers.scala	False	True	True	True
9661	dwijnand	2021-06-07 16:10:55	retronym	2021-07-08 06:33:27	src/compiler/scala/tools/nsc/typechecker/Analyzer.scala	False	True	True	True
9661	dwijnand	2021-06-07 16:10:55	retronym	2021-07-08 07:08:58	src/compiler/scala/tools/nsc/typechecker/Analyzer.scala	False	True	True	True
9661	dwijnand	2021-06-07 16:10:55	retronym	2021-07-08 07:08:58	test/files/run/package-object-with-inner-class-in-ancestor.scala	False	True	True	True
9661	dwijnand	2021-06-07 16:10:55	retronym	2021-07-08 07:08:58	test/files/run/package-object-with-inner-class-in-ancestor-simpler.scala	False	True	True	True
9661	dwijnand	2021-06-07 16:10:55	retronym	2021-07-08 07:08:58	test/files/run/package-object-with-inner-class-in-ancestor-simpler-still.scala	False	True	True	True
9661	dwijnand	2021-06-07 16:10:55	retronym	2021-07-08 07:08:58	test/junit/scala/tools/nsc/DeterminismTest.scala	False	True	True	True
9661	dwijnand	2021-06-07 16:10:55	retronym	2021-07-08 06:33:27	src/interactive/scala/tools/nsc/interactive/Global.scala	False	True	True	True
9661	dwijnand	2021-06-07 16:10:55	retronym	2021-07-08 07:08:58	src/compiler/scala/tools/nsc/typechecker/Namers.scala	False	True	True	True
9661	dwijnand	2021-06-07 16:10:55	retronym	2021-07-08 07:08:58	test/files/run/package-object-toolbox.scala	False	True	True	True
9661	dwijnand	2021-06-07 16:10:55	retronym	2021-07-08 07:08:58	src/compiler/scala/tools/reflect/ReflectGlobal.scala	False	True	True	True
9661	dwijnand	2021-06-07 16:10:55	retronym	2021-07-08 07:08:58	src/reflect/scala/reflect/internal/SymbolTable.scala	False	True	True	True
9661	dwijnand	2021-06-07 16:10:55	retronym	2021-07-08 07:08:58	src/interactive/scala/tools/nsc/interactive/Global.scala	False	True	True	True
9661	dwijnand	2021-06-07 16:10:55	retronym	2021-07-08 07:08:58	test/files/run/package-object-stale-decl.scala	False	True	True	True
9661	dwijnand	2021-06-07 16:10:55	retronym	2021-07-08 07:08:58	src/compiler/scala/tools/nsc/Global.scala	False	True	True	True
9661	dwijnand	2021-06-07 16:10:55	retronym	2021-07-08 06:33:27	test/files/run/package-object-with-inner-class-in-ancestor-simpler.scala	False	True	True	True
9661	dwijnand	2021-06-07 16:10:55	retronym	2021-07-08 06:33:27	test/files/run/package-object-with-inner-class-in-ancestor-simpler-still.scala	False	True	True	True
9661	dwijnand	2021-06-07 16:10:55	retronym	2021-07-08 06:33:27	test/junit/scala/tools/nsc/DeterminismTest.scala	False	True	True	True
9661	dwijnand	2021-06-07 16:10:55	retronym	2021-07-08 06:33:27	test/files/run/package-object-stale-decl.scala	False	True	True	True
9661	dwijnand	2021-06-07 16:10:55	retronym	2021-07-08 06:33:27	src/compiler/scala/tools/nsc/typechecker/Namers.scala	False	True	True	True
9661	dwijnand	2021-06-07 16:10:55	retronym	2021-07-08 06:33:27	src/reflect/scala/reflect/internal/SymbolTable.scala	False	True	True	True
9661	dwijnand	2021-06-07 16:10:55	retronym	2021-07-08 06:33:27	test/files/run/package-object-toolbox.scala	False	True	True	True
9661	dwijnand	2021-06-07 16:10:55	retronym	2021-07-08 06:33:27	src/compiler/scala/tools/reflect/ReflectGlobal.scala	False	True	True	True
9661	dwijnand	2021-06-07 16:10:55	retronym	2021-07-08 06:33:27	test/files/run/package-object-with-inner-class-in-ancestor.scala	False	True	True	True
9659	retronym	2021-06-07 08:25:51	dwijnand	2021-06-07 08:58:44	project/ScriptCommands.scala	True	False	False	True
9659	retronym	2021-06-07 08:25:51	dwijnand	2021-06-07 08:58:44	build.sbt	True	False	False	True
9658	retronym	2021-06-07 05:55:46	dwijnand	2021-06-07 06:45:52	project/ScriptCommands.scala	True	False	False	True
9658	retronym	2021-06-07 05:55:46	dwijnand	2021-06-07 06:45:52	build.sbt	True	False	False	True
9657	som-snytt	2021-06-06 19:04:15	dwijnand	2021-06-07 06:48:42	test/files/pos/t7745.scala	True	False	False	True
9656	retronym	2021-06-05 04:30:53	SethTisue	2021-08-05 01:07:40	src/repl/scala/tools/nsc/interpreter/IMain.scala	False	True	False	True
9656	retronym	2021-06-05 04:30:53	SethTisue	2021-08-05 01:07:40	src/repl/scala/tools/nsc/interpreter/PresentationCompilation.scala	False	True	False	True
9656	retronym	2021-06-05 04:30:53	SethTisue	2021-08-05 01:07:40	src/interactive/scala/tools/nsc/interactive/Global.scala	True	True	False	True
9656	retronym	2021-06-05 04:30:53	SethTisue	2021-08-05 01:07:40	src/reflect/scala/reflect/internal/Positions.scala	True	True	False	True
9656	retronym	2021-06-05 04:30:53	SethTisue	2021-08-05 01:07:40	src/reflect/scala/reflect/internal/Printers.scala	True	True	False	True
9656	retronym	2021-06-05 04:30:53	SethTisue	2021-08-05 01:07:40	src/repl-frontend/scala/tools/nsc/interpreter/jline/Reader.scala	True	True	False	True
9656	retronym	2021-06-05 04:30:53	SethTisue	2021-08-05 01:07:40	src/repl-frontend/scala/tools/nsc/interpreter/shell/Completion.scala	True	True	False	True
9656	retronym	2021-06-05 04:30:53	SethTisue	2021-08-05 01:07:40	src/repl-frontend/scala/tools/nsc/interpreter/shell/ILoop.scala	True	True	False	True
9656	retronym	2021-06-05 04:30:53	SethTisue	2021-08-05 01:07:40	src/repl-frontend/scala/tools/nsc/interpreter/shell/ReplCompletion.scala	True	True	False	True
9656	retronym	2021-06-05 04:30:53	SethTisue	2021-08-05 01:07:40	src/repl-frontend/scala/tools/nsc/interpreter/shell/LoopCommands.scala	True	True	False	True
9656	retronym	2021-06-05 04:30:53	SethTisue	2021-08-05 01:07:40	src/repl/scala/tools/nsc/interpreter/Interface.scala	True	True	False	True
9656	retronym	2021-06-05 04:30:53	SethTisue	2021-08-05 01:07:40	src/repl/scala/tools/nsc/interpreter/IMain.scala	True	True	False	True
9656	retronym	2021-06-05 04:30:53	SethTisue	2021-08-05 01:07:40	test/files/run/repl-completions.check	True	True	False	True
9656	retronym	2021-06-05 04:30:53	SethTisue	2021-08-05 01:07:40	test/junit/scala/tools/nsc/interpreter/CompletionTest.scala	True	True	False	True
9656	retronym	2021-06-05 04:30:53	SethTisue	2021-08-05 01:07:40	versions.properties	True	True	False	True
9656	retronym	2021-06-05 04:30:53	SethTisue	2021-08-05 01:07:40	src/repl-frontend/scala/tools/nsc/interpreter/shell/LoopCommands.scala	False	True	False	True
9656	retronym	2021-06-05 04:30:53	SethTisue	2021-08-05 01:07:40	src/repl-frontend/scala/tools/nsc/interpreter/jline/Reader.scala	False	True	False	True
9656	retronym	2021-06-05 04:30:53	SethTisue	2021-08-05 01:07:40	versions.properties	False	True	False	True
9656	retronym	2021-06-05 04:30:53	SethTisue	2021-08-05 01:07:40	src/repl/scala/tools/nsc/interpreter/PresentationCompilation.scala	True	True	False	True
9655	lihaoyi	2021-06-04 10:42:50	viktorklang	2021-06-05 09:44:28	src/library/scala/concurrent/impl/Promise.scala	True	True	True	True
9655	lihaoyi	2021-06-04 10:42:50	viktorklang	2021-06-05 09:51:25	src/library/scala/concurrent/Future.scala	True	True	True	True
9655	lihaoyi	2021-06-04 10:42:50	viktorklang	2021-06-05 09:51:25	project/MimaFilters.scala	True	True	True	True
9655	lihaoyi	2021-06-04 10:42:50	viktorklang	2021-06-05 09:44:28	test/junit/scala/concurrent/FutureTest.scala	True	True	True	True
9655	lihaoyi	2021-06-04 10:42:50	viktorklang	2021-06-05 09:44:28	test/files/jvm/future-spec/FutureTests.scala	True	True	True	True
9655	lihaoyi	2021-06-04 10:42:50	viktorklang	2021-06-06 09:31:28	test/junit/scala/concurrent/FutureTest.scala	True	True	True	True
9655	lihaoyi	2021-06-04 10:42:50	viktorklang	2021-06-05 09:44:28	src/library/scala/concurrent/Future.scala	True	True	True	True
9655	lihaoyi	2021-06-04 10:42:50	viktorklang	2021-06-05 09:44:28	project/MimaFilters.scala	True	True	True	True
9655	lihaoyi	2021-06-04 10:42:50	viktorklang	2021-06-05 09:51:25	test/files/jvm/future-spec/FutureTests.scala	True	True	True	True
9655	lihaoyi	2021-06-04 10:42:50	viktorklang	2021-06-06 09:31:28	test/files/jvm/future-spec/FutureTests.scala	True	True	True	True
9655	lihaoyi	2021-06-04 10:42:50	viktorklang	2021-06-06 09:31:28	src/library/scala/concurrent/impl/Promise.scala	True	True	True	True
9655	lihaoyi	2021-06-04 10:42:50	viktorklang	2021-06-05 09:51:25	src/library/scala/concurrent/impl/Promise.scala	True	True	True	True
9655	lihaoyi	2021-06-04 10:42:50	viktorklang	2021-06-05 09:31:57	src/library/scala/concurrent/impl/Promise.scala	True	True	True	True
9655	lihaoyi	2021-06-04 10:42:50	viktorklang	2021-06-05 09:51:25	test/junit/scala/concurrent/FutureTest.scala	True	True	True	True
9655	lihaoyi	2021-06-04 10:42:50	viktorklang	2021-06-05 09:31:57	project/MimaFilters.scala	True	True	True	True
9655	lihaoyi	2021-06-04 10:42:50	viktorklang	2021-06-05 09:31:57	src/library/scala/concurrent/Future.scala	True	True	True	True
9655	lihaoyi	2021-06-04 10:42:50	viktorklang	2021-06-05 09:31:57	test/files/jvm/future-spec/FutureTests.scala	True	True	True	True
9655	lihaoyi	2021-06-04 10:42:50	viktorklang	2021-06-05 09:31:57	test/junit/scala/concurrent/FutureTest.scala	True	True	True	True
9655	lihaoyi	2021-06-04 10:42:50	viktorklang	2021-06-04 12:51:51	project/MimaFilters.scala	True	True	True	True
9655	lihaoyi	2021-06-04 10:42:50	viktorklang	2021-06-04 12:51:51	src/library/scala/concurrent/Future.scala	True	True	True	True
9655	lihaoyi	2021-06-04 10:42:50	viktorklang	2021-06-04 12:51:51	src/library/scala/concurrent/impl/Promise.scala	True	True	True	True
9655	lihaoyi	2021-06-04 10:42:50	viktorklang	2021-06-04 12:51:51	test/files/jvm/future-spec/FutureTests.scala	True	True	True	True
9655	lihaoyi	2021-06-04 10:42:50	viktorklang	2021-06-04 12:51:51	test/junit/scala/concurrent/FutureTest.scala	True	True	True	True
9655	lihaoyi	2021-06-04 10:42:50	viktorklang	2021-06-05 09:26:38	project/MimaFilters.scala	True	True	True	True
9655	lihaoyi	2021-06-04 10:42:50	viktorklang	2021-06-06 09:31:28	project/MimaFilters.scala	True	True	True	True
9655	lihaoyi	2021-06-04 10:42:50	viktorklang	2021-06-06 09:31:28	src/library/scala/concurrent/Future.scala	True	True	True	True
9655	lihaoyi	2021-06-04 10:42:50	viktorklang	2021-06-05 09:26:38	src/library/scala/concurrent/impl/Promise.scala	True	True	True	True
9655	lihaoyi	2021-06-04 10:42:50	viktorklang	2021-06-05 11:14:57	test/junit/scala/concurrent/FutureTest.scala	True	True	True	True
9655	lihaoyi	2021-06-04 10:42:50	viktorklang	2021-06-05 11:14:57	test/files/jvm/future-spec/FutureTests.scala	True	True	True	True
9655	lihaoyi	2021-06-04 10:42:50	viktorklang	2021-06-06 09:47:54	project/MimaFilters.scala	True	True	True	True
9655	lihaoyi	2021-06-04 10:42:50	viktorklang	2021-06-06 09:47:54	src/library/scala/concurrent/Future.scala	True	True	True	True
9655	lihaoyi	2021-06-04 10:42:50	viktorklang	2021-06-06 09:47:54	src/library/scala/concurrent/impl/Promise.scala	True	True	True	True
9655	lihaoyi	2021-06-04 10:42:50	viktorklang	2021-06-06 09:47:54	test/files/jvm/future-spec/FutureTests.scala	True	True	True	True
9655	lihaoyi	2021-06-04 10:42:50	viktorklang	2021-06-06 09:47:54	test/junit/scala/concurrent/FutureTest.scala	True	True	True	True
9655	lihaoyi	2021-06-04 10:42:50	lrytz	2021-06-07 09:24:15	project/MimaFilters.scala	True	True	True	True
9655	lihaoyi	2021-06-04 10:42:50	lrytz	2021-06-07 09:24:15	src/library/scala/concurrent/Future.scala	True	True	True	True
9655	lihaoyi	2021-06-04 10:42:50	lrytz	2021-06-07 09:24:15	src/library/scala/concurrent/impl/Promise.scala	True	True	True	True
9655	lihaoyi	2021-06-04 10:42:50	lrytz	2021-06-07 09:24:15	test/files/jvm/future-spec/FutureTests.scala	True	True	True	True
9655	lihaoyi	2021-06-04 10:42:50	lrytz	2021-06-07 09:24:15	test/junit/scala/concurrent/FutureTest.scala	True	True	True	True
9655	lihaoyi	2021-06-04 10:42:50	viktorklang	2021-06-06 09:32:57	project/MimaFilters.scala	True	True	True	True
9655	lihaoyi	2021-06-04 10:42:50	viktorklang	2021-06-06 09:32:57	src/library/scala/concurrent/Future.scala	True	True	True	True
9655	lihaoyi	2021-06-04 10:42:50	viktorklang	2021-06-06 09:32:57	src/library/scala/concurrent/impl/Promise.scala	True	True	True	True
9655	lihaoyi	2021-06-04 10:42:50	viktorklang	2021-06-06 09:32:57	test/files/jvm/future-spec/FutureTests.scala	True	True	True	True
9655	lihaoyi	2021-06-04 10:42:50	viktorklang	2021-06-06 09:32:57	test/junit/scala/concurrent/FutureTest.scala	True	True	True	True
9655	lihaoyi	2021-06-04 10:42:50	viktorklang	2021-06-05 10:20:25	project/MimaFilters.scala	True	True	True	True
9655	lihaoyi	2021-06-04 10:42:50	viktorklang	2021-06-05 10:20:25	src/library/scala/concurrent/Future.scala	True	True	True	True
9655	lihaoyi	2021-06-04 10:42:50	viktorklang	2021-06-05 10:20:25	src/library/scala/concurrent/impl/Promise.scala	True	True	True	True
9655	lihaoyi	2021-06-04 10:42:50	viktorklang	2021-06-05 10:20:25	test/files/jvm/future-spec/FutureTests.scala	True	True	True	True
9655	lihaoyi	2021-06-04 10:42:50	viktorklang	2021-06-05 10:20:25	test/junit/scala/concurrent/FutureTest.scala	True	True	True	True
9655	lihaoyi	2021-06-04 10:42:50	viktorklang	2021-06-05 11:14:57	project/MimaFilters.scala	True	True	True	True
9655	lihaoyi	2021-06-04 10:42:50	viktorklang	2021-06-05 11:14:57	src/library/scala/concurrent/Future.scala	True	True	True	True
9655	lihaoyi	2021-06-04 10:42:50	viktorklang	2021-06-05 11:14:57	src/library/scala/concurrent/impl/Promise.scala	True	True	True	True
9655	lihaoyi	2021-06-04 10:42:50	viktorklang	2021-06-05 09:26:38	src/library/scala/concurrent/Future.scala	True	True	True	True
9655	lihaoyi	2021-06-04 10:42:50	viktorklang	2021-06-04 13:00:26	src/library/scala/concurrent/impl/Promise.scala	True	True	True	True
9655	lihaoyi	2021-06-04 10:42:50	viktorklang	2021-06-05 09:26:38	test/files/jvm/future-spec/FutureTests.scala	True	True	True	True
9655	lihaoyi	2021-06-04 10:42:50	viktorklang	2021-06-04 12:51:30	src/library/scala/concurrent/impl/Promise.scala	True	True	True	True
9655	lihaoyi	2021-06-04 10:42:50	viktorklang	2021-06-04 13:00:26	src/library/scala/concurrent/Future.scala	True	True	True	True
9655	lihaoyi	2021-06-04 10:42:50	viktorklang	2021-06-04 13:00:26	test/files/jvm/future-spec/FutureTests.scala	True	True	True	True
9655	lihaoyi	2021-06-04 10:42:50	viktorklang	2021-06-04 13:00:26	test/junit/scala/concurrent/FutureTest.scala	True	True	True	True
9655	lihaoyi	2021-06-04 10:42:50	lihaoyi-databricks	2021-06-04 12:53:25	project/MimaFilters.scala	True	True	True	True
9655	lihaoyi	2021-06-04 10:42:50	lihaoyi-databricks	2021-06-04 12:53:25	src/library/scala/concurrent/Future.scala	True	True	True	True
9655	lihaoyi	2021-06-04 10:42:50	lihaoyi-databricks	2021-06-04 12:53:25	src/library/scala/concurrent/impl/Promise.scala	True	True	True	True
9655	lihaoyi	2021-06-04 10:42:50	lihaoyi-databricks	2021-06-04 12:53:25	test/files/jvm/future-spec/FutureTests.scala	True	True	True	True
9655	lihaoyi	2021-06-04 10:42:50	lihaoyi-databricks	2021-06-04 12:53:25	test/junit/scala/concurrent/FutureTest.scala	True	True	True	True
9655	lihaoyi	2021-06-04 10:42:50	viktorklang	2021-06-04 12:51:30	project/MimaFilters.scala	True	True	True	True
9655	lihaoyi	2021-06-04 10:42:50	viktorklang	2021-06-04 12:51:30	src/library/scala/concurrent/Future.scala	True	True	True	True
9655	lihaoyi	2021-06-04 10:42:50	viktorklang	2021-06-04 12:51:30	test/files/jvm/future-spec/FutureTests.scala	True	True	True	True
9655	lihaoyi	2021-06-04 10:42:50	viktorklang	2021-06-04 15:23:57	test/junit/scala/concurrent/FutureTest.scala	True	True	True	True
9655	lihaoyi	2021-06-04 10:42:50	viktorklang	2021-06-04 12:51:30	test/junit/scala/concurrent/FutureTest.scala	True	True	True	True
9655	lihaoyi	2021-06-04 10:42:50	viktorklang	2021-06-04 12:51:26	project/MimaFilters.scala	True	True	True	True
9655	lihaoyi	2021-06-04 10:42:50	viktorklang	2021-06-04 12:51:26	src/library/scala/concurrent/Future.scala	True	True	True	True
9655	lihaoyi	2021-06-04 10:42:50	viktorklang	2021-06-04 12:51:26	src/library/scala/concurrent/impl/Promise.scala	True	True	True	True
9655	lihaoyi	2021-06-04 10:42:50	viktorklang	2021-06-04 12:51:26	test/files/jvm/future-spec/FutureTests.scala	True	True	True	True
9655	lihaoyi	2021-06-04 10:42:50	viktorklang	2021-06-04 12:51:26	test/junit/scala/concurrent/FutureTest.scala	True	True	True	True
9655	lihaoyi	2021-06-04 10:42:50	viktorklang	2021-06-05 09:28:18	project/MimaFilters.scala	True	True	True	True
9655	lihaoyi	2021-06-04 10:42:50	viktorklang	2021-06-05 09:28:18	src/library/scala/concurrent/Future.scala	True	True	True	True
9655	lihaoyi	2021-06-04 10:42:50	viktorklang	2021-06-05 09:28:18	test/files/jvm/future-spec/FutureTests.scala	True	True	True	True
9655	lihaoyi	2021-06-04 10:42:50	viktorklang	2021-06-05 09:28:18	test/junit/scala/concurrent/FutureTest.scala	True	True	True	True
9655	lihaoyi	2021-06-04 10:42:50	viktorklang	2021-06-04 13:00:26	project/MimaFilters.scala	True	True	True	True
9655	lihaoyi	2021-06-04 10:42:50	viktorklang	2021-06-05 09:28:18	src/library/scala/concurrent/impl/Promise.scala	True	True	True	True
9655	lihaoyi	2021-06-04 10:42:50	viktorklang	2021-06-04 15:23:57	test/files/jvm/future-spec/FutureTests.scala	True	True	True	True
9655	lihaoyi	2021-06-04 10:42:50	viktorklang	2021-06-05 09:23:29	project/MimaFilters.scala	True	True	True	True
9655	lihaoyi	2021-06-04 10:42:50	viktorklang	2021-06-04 15:23:57	src/library/scala/concurrent/impl/Promise.scala	True	True	True	True
9655	lihaoyi	2021-06-04 10:42:50	viktorklang	2021-06-05 09:42:29	project/MimaFilters.scala	True	True	True	True
9655	lihaoyi	2021-06-04 10:42:50	viktorklang	2021-06-05 09:42:29	src/library/scala/concurrent/Future.scala	True	True	True	True
9655	lihaoyi	2021-06-04 10:42:50	viktorklang	2021-06-05 09:42:29	src/library/scala/concurrent/impl/Promise.scala	True	True	True	True
9655	lihaoyi	2021-06-04 10:42:50	viktorklang	2021-06-05 09:42:29	test/files/jvm/future-spec/FutureTests.scala	True	True	True	True
9655	lihaoyi	2021-06-04 10:42:50	viktorklang	2021-06-05 09:42:29	test/junit/scala/concurrent/FutureTest.scala	True	True	True	True
9655	lihaoyi	2021-06-04 10:42:50	viktorklang	2021-06-05 09:26:32	project/MimaFilters.scala	True	True	True	True
9655	lihaoyi	2021-06-04 10:42:50	viktorklang	2021-06-05 09:26:32	src/library/scala/concurrent/Future.scala	True	True	True	True
9655	lihaoyi	2021-06-04 10:42:50	viktorklang	2021-06-05 09:26:32	src/library/scala/concurrent/impl/Promise.scala	True	True	True	True
9655	lihaoyi	2021-06-04 10:42:50	viktorklang	2021-06-05 09:26:32	test/files/jvm/future-spec/FutureTests.scala	True	True	True	True
9655	lihaoyi	2021-06-04 10:42:50	viktorklang	2021-06-05 09:26:32	test/junit/scala/concurrent/FutureTest.scala	True	True	True	True
9655	lihaoyi	2021-06-04 10:42:50	viktorklang	2021-06-05 09:26:38	test/junit/scala/concurrent/FutureTest.scala	True	True	True	True
9655	lihaoyi	2021-06-04 10:42:50	viktorklang	2021-06-05 09:23:29	src/library/scala/concurrent/Future.scala	True	True	True	True
9655	lihaoyi	2021-06-04 10:42:50	julienrf	2021-06-05 07:46:45	src/library/scala/concurrent/impl/Promise.scala	True	True	True	True
9655	lihaoyi	2021-06-04 10:42:50	viktorklang	2021-06-04 15:23:57	src/library/scala/concurrent/Future.scala	True	True	True	True
9655	lihaoyi	2021-06-04 10:42:50	viktorklang	2021-06-05 09:23:29	src/library/scala/concurrent/impl/Promise.scala	True	True	True	True
9655	lihaoyi	2021-06-04 10:42:50	viktorklang	2021-06-04 15:23:57	project/MimaFilters.scala	True	True	True	True
9655	lihaoyi	2021-06-04 10:42:50	julienrf	2021-06-05 07:46:45	test/files/jvm/future-spec/FutureTests.scala	True	True	True	True
9655	lihaoyi	2021-06-04 10:42:50	julienrf	2021-06-05 07:46:45	test/junit/scala/concurrent/FutureTest.scala	True	True	True	True
9655	lihaoyi	2021-06-04 10:42:50	julienrf	2021-06-05 07:46:45	src/library/scala/concurrent/Future.scala	True	True	True	True
9655	lihaoyi	2021-06-04 10:42:50	julienrf	2021-06-05 07:46:45	project/MimaFilters.scala	True	True	True	True
9655	lihaoyi	2021-06-04 10:42:50	viktorklang	2021-06-05 09:23:29	test/junit/scala/concurrent/FutureTest.scala	True	True	True	True
9655	lihaoyi	2021-06-04 10:42:50	viktorklang	2021-06-05 09:23:29	test/files/jvm/future-spec/FutureTests.scala	True	True	True	True
9654	joroKr21	2021-06-03 20:05:50	som-snytt	2021-06-04 00:22:09	test/files/neg/t5390b.check	True	False	True	True
9654	joroKr21	2021-06-03 20:05:50	som-snytt	2021-06-04 00:16:58	test/files/neg/t2910.check	True	False	True	True
9654	joroKr21	2021-06-03 20:05:50	som-snytt	2021-06-04 00:16:58	test/files/neg/forward.check	True	False	True	True
9654	joroKr21	2021-06-03 20:05:50	som-snytt	2021-06-04 00:16:58	src/compiler/scala/tools/nsc/typechecker/RefChecks.scala	True	False	True	True
9654	joroKr21	2021-06-03 20:05:50	som-snytt	2021-06-04 00:22:09	test/files/neg/t5390d.check	True	False	True	True
9654	joroKr21	2021-06-03 20:05:50	som-snytt	2021-06-04 00:22:09	test/files/neg/t5390c.check	True	False	True	True
9654	joroKr21	2021-06-03 20:05:50	som-snytt	2021-06-04 00:22:09	test/files/neg/t2910.check	True	False	True	True
9654	joroKr21	2021-06-03 20:05:50	som-snytt	2021-06-04 00:22:09	test/files/neg/t5390.check	True	False	True	True
9654	joroKr21	2021-06-03 20:05:50	som-snytt	2021-06-04 00:22:09	test/files/neg/t4419.check	True	False	True	True
9654	joroKr21	2021-06-03 20:05:50	som-snytt	2021-06-04 00:22:09	test/files/neg/t4098.check	True	False	True	True
9654	joroKr21	2021-06-03 20:05:50	som-snytt	2021-06-04 00:16:58	test/files/neg/t4419.check	True	False	True	True
9654	joroKr21	2021-06-03 20:05:50	som-snytt	2021-06-04 00:22:09	test/files/neg/forward.scala	True	False	True	True
9654	joroKr21	2021-06-03 20:05:50	som-snytt	2021-06-04 00:22:09	test/files/neg/forward.check	True	False	True	True
9654	joroKr21	2021-06-03 20:05:50	som-snytt	2021-06-04 00:22:09	src/compiler/scala/tools/nsc/typechecker/RefChecks.scala	True	False	True	True
9654	joroKr21	2021-06-03 20:05:50	som-snytt	2021-06-04 00:16:58	test/files/neg/t4098.check	True	False	True	True
9654	joroKr21	2021-06-03 20:05:50	som-snytt	2021-06-04 00:16:58	test/files/neg/forward.scala	True	False	True	True
9654	joroKr21	2021-06-03 20:05:50	som-snytt	2021-06-04 00:16:58	test/files/neg/t5390.check	True	False	True	True
9654	joroKr21	2021-06-03 20:05:50	dwijnand	2021-06-04 07:45:05	test/files/neg/t4419.check	True	False	True	True
9654	joroKr21	2021-06-03 20:05:50	som-snytt	2021-06-04 00:16:58	test/files/neg/t5390b.check	True	False	True	True
9654	joroKr21	2021-06-03 20:05:50	dwijnand	2021-06-04 07:45:05	test/files/neg/t5390d.check	True	False	True	True
9654	joroKr21	2021-06-03 20:05:50	dwijnand	2021-06-04 07:45:05	test/files/neg/t5390c.check	True	False	True	True
9654	joroKr21	2021-06-03 20:05:50	dwijnand	2021-06-04 07:45:05	test/files/neg/t5390b.check	True	False	True	True
9654	joroKr21	2021-06-03 20:05:50	dwijnand	2021-06-04 07:45:05	test/files/neg/t5390.check	True	False	True	True
9654	joroKr21	2021-06-03 20:05:50	som-snytt	2021-06-04 00:16:58	test/files/neg/t5390d.check	True	False	True	True
9654	joroKr21	2021-06-03 20:05:50	dwijnand	2021-06-04 07:45:05	test/files/neg/t4098.check	True	False	True	True
9654	joroKr21	2021-06-03 20:05:50	som-snytt	2021-06-04 00:16:58	test/files/neg/t5390c.check	True	False	True	True
9654	joroKr21	2021-06-03 20:05:50	dwijnand	2021-06-04 07:45:05	test/files/neg/forward.scala	True	False	True	True
9654	joroKr21	2021-06-03 20:05:50	dwijnand	2021-06-04 07:45:05	test/files/neg/forward.check	True	False	True	True
9654	joroKr21	2021-06-03 20:05:50	dwijnand	2021-06-04 07:45:05	src/compiler/scala/tools/nsc/typechecker/RefChecks.scala	True	False	True	True
9654	joroKr21	2021-06-03 20:05:50	dwijnand	2021-06-04 07:45:05	test/files/neg/t2910.check	True	False	True	True
9653	dwijnand	2021-06-03 08:04:05	retronym	2021-06-03 10:05:32	src/compiler/scala/tools/nsc/transform/patmat/MatchTreeMaking.scala	True	False	True	True
9653	dwijnand	2021-06-03 08:04:05	retronym	2021-06-03 10:05:32	test/files/pos/t12392.scala	True	False	True	True
9653	dwijnand	2021-06-03 08:04:05	retronym	2021-06-03 10:05:32	test/files/pos/t12398.scala	True	False	True	True
9653	dwijnand	2021-06-03 08:04:05	retronym	2021-06-03 10:05:32	test/files/pos/t12398b.scala	True	False	True	True
9652	joroKr21	2021-06-01 15:52:36	dwijnand	2021-06-02 07:05:38	test/files/pos/t12210.scala	True	False	True	True
9652	joroKr21	2021-06-01 15:52:36	dwijnand	2021-06-02 08:06:32	test/files/pos/t12210.scala	True	False	True	True
9652	joroKr21	2021-06-01 15:52:36	dwijnand	2021-06-02 08:06:32	src/compiler/scala/tools/nsc/transform/SpecializeTypes.scala	True	False	True	True
9652	joroKr21	2021-06-01 15:52:36	dwijnand	2021-06-02 07:05:38	src/compiler/scala/tools/nsc/transform/SpecializeTypes.scala	True	False	True	True
9651	magnolia-k	2021-06-01 14:43:12	lrytz	2021-06-02 08:01:37	spec/13-syntax-summary.md	True	True	True	True
9651	magnolia-k	2021-06-01 14:43:12	som-snytt	2021-06-03 04:18:05	spec/13-syntax-summary.md	True	True	True	True
9650	lrytz	2021-06-01 13:14:08	dwijnand	2021-06-01 14:53:38	test/files/pos/t12407/Test.scala	True	True	True	True
9650	lrytz	2021-06-01 13:14:08	dwijnand	2021-06-01 14:53:38	test/files/pos/t12407/A.java	True	True	True	True
9650	lrytz	2021-06-01 13:14:08	dwijnand	2021-06-01 14:53:38	src/compiler/scala/tools/nsc/transform/OverridingPairs.scala	True	True	True	True
9650	lrytz	2021-06-01 13:14:08	smarter	2021-06-01 14:29:26	test/files/pos/t12407/Test.scala	True	True	True	True
9650	lrytz	2021-06-01 13:14:08	smarter	2021-06-01 14:29:26	test/files/pos/t12407/A.java	True	True	True	True
9650	lrytz	2021-06-01 13:14:08	smarter	2021-06-01 14:29:26	src/compiler/scala/tools/nsc/transform/OverridingPairs.scala	True	True	True	True
