pr_number	author_user_login	pr_created_at	commit_user_login	commit_created_at	commit_status_total	commit_status_additions	commit_status_deletions	create_before_pr	is_review_commit
4159	Ichoran	2014-11-25 01:41:08	Ichoran	2014-11-25 01:30:35	17	16	1	True	True
4155	Ichoran	2014-11-24 21:05:09	Ichoran	2014-11-24 20:56:48	41	38	3	True	True
4149	Ichoran	2014-11-23 21:32:36	Ichoran	2014-11-23 21:30:03	43	26	17	True	True
4145	som-snytt	2014-11-22 01:14:48	som-snytt	2014-11-23 16:49:25	117	79	38	False	True
4145	som-snytt	2014-11-22 01:14:48	som-snytt	2014-11-22 01:02:32	94	90	4	True	True
4143	Ichoran	2014-11-21 20:54:17	Ichoran	2014-11-21 20:52:36	10	9	1	True	True
4139	retronym	2014-11-21 00:29:43	lrytz	2014-12-18 19:11:06	13	13	0	False	True
4139	retronym	2014-11-21 00:29:43	retronym	2014-11-20 13:26:16	77	77	0	True	True
4139	retronym	2014-11-21 00:29:43	retronym	2014-12-18 23:14:15	13	13	0	False	True
4122	retronym	2014-11-09 14:10:33	retronym	2013-05-07 21:29:02	232	219	13	True	True
4118	retronym	2014-11-09 08:41:09	retronym	2014-11-09 08:30:23	35	34	1	True	True
4118	retronym	2014-11-09 08:41:09	retronym	2014-11-09 08:29:35	167	152	15	True	True
4105	gourlaysama	2014-11-07 08:46:14	gourlaysama	2014-11-04 13:28:48	43	41	2	True	True
4102	retronym	2014-11-07 01:28:17	retronym	2014-11-07 01:26:03	10	9	1	True	True
4101	adriaanm	2014-11-06 11:06:09	adriaanm	2014-11-06 10:50:13	119	108	11	True	True
4101	adriaanm	2014-11-06 11:06:09	adriaanm	2014-11-07 12:18:40	27	12	15	False	True
4101	adriaanm	2014-11-06 11:06:09	adriaanm	2014-11-06 14:21:19	116	88	28	False	True
4100	gourlaysama	2014-11-06 10:44:00	gourlaysama	2014-11-04 14:29:27	60	57	3	True	True
4089	gourlaysama	2014-11-04 14:59:09	gourlaysama	2014-11-05 10:15:26	140	71	69	False	True
4089	gourlaysama	2014-11-04 14:59:09	gourlaysama	2014-11-04 10:31:14	77	72	5	True	True
4086	som-snytt	2014-11-01 20:21:03	som-snytt	2014-11-01 14:37:37	94	72	22	True	True
