pr_number	author_user_login	pr_created_at	comment_user_login	comment_created_at	is_review_issue_comment
1834	paulp	2012-12-31 09:59:14	scala-jenkins	2012-12-31 10:59:04	True
1834	paulp	2012-12-31 09:59:14	scala-jenkins	2012-12-31 12:36:54	True
1834	paulp	2012-12-31 09:59:14	scala-jenkins	2012-12-31 10:59:03	True
1834	paulp	2012-12-31 09:59:14	scala-jenkins	2012-12-31 10:57:03	True
1834	paulp	2012-12-31 09:59:14	scala-jenkins	2012-12-31 10:57:04	True
1834	paulp	2012-12-31 09:59:14	scala-jenkins	2012-12-31 12:31:51	True
1834	paulp	2012-12-31 09:59:14	scala-jenkins	2012-12-31 12:38:54	True
1834	paulp	2012-12-31 09:59:14	scala-jenkins	2012-12-31 12:33:51	True
1834	paulp	2012-12-31 09:59:14	JamesIry	2013-01-04 19:11:03	True
1825	magarciaEPFL	2012-12-28 14:29:29	scala-jenkins	2012-12-28 15:44:58	True
1825	magarciaEPFL	2012-12-28 14:29:29	scala-jenkins	2012-12-28 15:46:58	True
1825	magarciaEPFL	2012-12-28 14:29:29	scala-jenkins	2012-12-28 15:48:59	True
1825	magarciaEPFL	2012-12-28 14:29:29	scala-jenkins	2012-12-28 15:50:59	True
1825	magarciaEPFL	2012-12-28 14:29:29	JamesIry	2013-01-04 19:33:11	True
1821	xeno-by	2012-12-27 09:59:06	gkossakowski	2012-12-27 19:45:46	True
1821	xeno-by	2012-12-27 09:59:06	scala-jenkins	2012-12-27 11:21:53	True
1821	xeno-by	2012-12-27 09:59:06	scala-jenkins	2012-12-27 11:25:55	True
1821	xeno-by	2012-12-27 09:59:06	paulp	2012-12-27 23:24:26	True
1821	xeno-by	2012-12-27 09:59:06	scala-jenkins	2012-12-27 11:19:53	True
1821	xeno-by	2012-12-27 09:59:06	gkossakowski	2012-12-27 21:45:14	True
1821	xeno-by	2012-12-27 09:59:06	scala-jenkins	2012-12-27 11:23:55	True
1821	xeno-by	2012-12-27 09:59:06	paulp	2012-12-27 21:40:33	True
1821	xeno-by	2012-12-27 09:59:06	scala-jenkins	2012-12-28 00:09:56	True
1821	xeno-by	2012-12-27 09:59:06	scala-jenkins	2012-12-28 00:11:56	True
1821	xeno-by	2012-12-27 09:59:06	scala-jenkins	2012-12-28 00:12:56	True
1821	xeno-by	2012-12-27 09:59:06	scala-jenkins	2012-12-28 00:14:57	True
1821	xeno-by	2012-12-27 09:59:06	paulp	2012-12-28 20:43:51	True
1821	xeno-by	2012-12-27 09:59:06	gkossakowski	2012-12-27 21:15:36	True
1817	xeno-by	2012-12-25 02:08:35	scala-jenkins	2012-12-29 15:29:45	True
1817	xeno-by	2012-12-25 02:08:35	scala-jenkins	2012-12-25 04:49:08	True
1817	xeno-by	2012-12-25 02:08:35	scala-jenkins	2012-12-29 15:31:45	True
1817	xeno-by	2012-12-25 02:08:35	scala-jenkins	2012-12-29 16:33:52	True
1817	xeno-by	2012-12-25 02:08:35	paulbutcher	2012-12-29 16:29:42	True
1817	xeno-by	2012-12-25 02:08:35	paulp	2012-12-29 16:50:39	True
1817	xeno-by	2012-12-25 02:08:35	scala-jenkins	2012-12-28 22:38:23	True
1817	xeno-by	2012-12-25 02:08:35	scala-jenkins	2012-12-29 16:37:53	True
1817	xeno-by	2012-12-25 02:08:35	scala-jenkins	2012-12-29 16:35:52	True
1817	xeno-by	2012-12-25 02:08:35	scala-jenkins	2012-12-28 22:36:23	True
1817	xeno-by	2012-12-25 02:08:35	scala-jenkins	2012-12-28 21:59:02	True
1817	xeno-by	2012-12-25 02:08:35	scala-jenkins	2012-12-25 04:51:08	True
1817	xeno-by	2012-12-25 02:08:35	scala-jenkins	2012-12-25 05:40:32	True
1817	xeno-by	2012-12-25 02:08:35	scala-jenkins	2012-12-25 05:42:32	True
1817	xeno-by	2012-12-25 02:08:35	scala-jenkins	2012-12-25 11:58:23	True
1817	xeno-by	2012-12-25 02:08:35	scala-jenkins	2012-12-25 12:23:39	True
1817	xeno-by	2012-12-25 02:08:35	scala-jenkins	2012-12-25 12:25:39	True
1817	xeno-by	2012-12-25 02:08:35	paulp	2012-12-28 21:34:34	True
1817	xeno-by	2012-12-25 02:08:35	scala-jenkins	2012-12-28 21:57:02	True
1817	xeno-by	2012-12-25 02:08:35	scala-jenkins	2012-12-25 12:00:22	True
1817	xeno-by	2012-12-25 02:08:35	scala-jenkins	2012-12-29 15:05:33	True
1817	xeno-by	2012-12-25 02:08:35	scala-jenkins	2012-12-29 15:07:33	True
1816	xeno-by	2012-12-25 01:32:44	scala-jenkins	2012-12-25 11:55:22	True
1816	xeno-by	2012-12-25 01:32:44	scala-jenkins	2012-12-25 11:42:14	True
1816	xeno-by	2012-12-25 01:32:44	scala-jenkins	2012-12-25 11:40:14	True
1816	xeno-by	2012-12-25 01:32:44	scala-jenkins	2012-12-25 05:20:22	True
1816	xeno-by	2012-12-25 01:32:44	scala-jenkins	2012-12-25 05:22:22	True
1816	xeno-by	2012-12-25 01:32:44	scala-jenkins	2012-12-25 05:05:15	True
1816	xeno-by	2012-12-25 01:32:44	scala-jenkins	2012-12-25 05:03:15	True
1816	xeno-by	2012-12-25 01:32:44	paulp	2012-12-31 00:01:30	True
1816	xeno-by	2012-12-25 01:32:44	paulp	2012-12-30 23:58:37	True
1816	xeno-by	2012-12-25 01:32:44	scala-jenkins	2012-12-25 11:53:22	True
1814	xeno-by	2012-12-25 00:36:21	scala-jenkins	2012-12-25 02:40:11	True
1814	xeno-by	2012-12-25 00:36:21	scala-jenkins	2012-12-29 11:04:15	True
1814	xeno-by	2012-12-25 00:36:21	scala-jenkins	2012-12-25 02:42:11	True
1814	xeno-by	2012-12-25 00:36:21	scala-jenkins	2012-12-25 03:24:27	True
1814	xeno-by	2012-12-25 00:36:21	paulp	2012-12-28 21:52:17	True
1814	xeno-by	2012-12-25 00:36:21	scala-jenkins	2012-12-29 11:05:15	True
1814	xeno-by	2012-12-25 00:36:21	scala-jenkins	2012-12-29 11:06:14	True
1814	xeno-by	2012-12-25 00:36:21	scala-jenkins	2012-12-29 11:07:15	True
1814	xeno-by	2012-12-25 00:36:21	scala-jenkins	2012-12-25 03:26:27	True
1809	xeno-by	2012-12-24 23:42:56	scala-jenkins	2012-12-29 00:00:10	True
1809	xeno-by	2012-12-24 23:42:56	scala-jenkins	2012-12-25 01:09:54	True
1809	xeno-by	2012-12-24 23:42:56	scala-jenkins	2012-12-25 01:59:47	True
1809	xeno-by	2012-12-24 23:42:56	scala-jenkins	2012-12-25 02:01:46	True
1809	xeno-by	2012-12-24 23:42:56	scala-jenkins	2012-12-25 01:11:54	True
1809	xeno-by	2012-12-24 23:42:56	scala-jenkins	2012-12-29 00:02:10	True
1809	xeno-by	2012-12-24 23:42:56	scala-jenkins	2012-12-29 00:03:08	True
1809	xeno-by	2012-12-24 23:42:56	scala-jenkins	2012-12-29 00:05:09	True
1809	xeno-by	2012-12-24 23:42:56	paulp	2012-12-29 17:38:05	True
1807	xeno-by	2012-12-24 23:33:44	scala-jenkins	2012-12-28 09:26:05	True
1807	xeno-by	2012-12-24 23:33:44	scala-jenkins	2012-12-25 03:32:24	True
1807	xeno-by	2012-12-24 23:33:44	scala-jenkins	2012-12-28 09:20:05	True
1807	xeno-by	2012-12-24 23:33:44	scala-jenkins	2012-12-28 09:24:05	True
1807	xeno-by	2012-12-24 23:33:44	scala-jenkins	2012-12-25 01:41:07	True
1807	xeno-by	2012-12-24 23:33:44	paulp	2012-12-31 00:04:31	True
1807	xeno-by	2012-12-24 23:33:44	scala-jenkins	2012-12-25 03:34:24	True
1807	xeno-by	2012-12-24 23:33:44	scala-jenkins	2012-12-28 09:22:05	True
1807	xeno-by	2012-12-24 23:33:44	scala-jenkins	2012-12-25 01:39:07	True
1806	paulp	2012-12-24 07:21:19	xeno-by	2012-12-24 08:28:07	True
1806	paulp	2012-12-24 07:21:19	scala-jenkins	2012-12-24 08:09:41	True
1806	paulp	2012-12-24 07:21:19	scala-jenkins	2012-12-24 08:11:41	True
1806	paulp	2012-12-24 07:21:19	scala-jenkins	2012-12-24 08:12:42	True
1806	paulp	2012-12-24 07:21:19	scala-jenkins	2012-12-24 08:14:42	True
1805	jedesah	2012-12-23 21:59:45	scala-jenkins	2012-12-23 23:11:47	True
1805	jedesah	2012-12-23 21:59:45	JamesIry	2013-01-04 19:37:38	True
1805	jedesah	2012-12-23 21:59:45	scala-jenkins	2012-12-23 23:15:50	True
1805	jedesah	2012-12-23 21:59:45	scala-jenkins	2012-12-23 23:17:50	True
1805	jedesah	2012-12-23 21:59:45	scala-jenkins	2012-12-23 23:09:47	True
1804	paulp	2012-12-23 14:13:24	scala-jenkins	2012-12-23 15:53:40	True
1804	paulp	2012-12-23 14:13:24	scala-jenkins	2012-12-23 15:45:37	True
1804	paulp	2012-12-23 14:13:24	scala-jenkins	2012-12-23 15:47:37	True
1804	paulp	2012-12-23 14:13:24	scala-jenkins	2012-12-23 15:55:40	True
1804	paulp	2012-12-23 14:13:24	JamesIry	2013-01-14 15:35:37	True
1803	paulp	2012-12-22 19:41:29	scala-jenkins	2012-12-22 23:54:11	True
1803	paulp	2012-12-22 19:41:29	scala-jenkins	2012-12-22 20:34:22	True
1803	paulp	2012-12-22 19:41:29	scala-jenkins	2012-12-22 23:52:16	True
1803	paulp	2012-12-22 19:41:29	scala-jenkins	2012-12-22 20:36:22	True
1803	paulp	2012-12-22 19:41:29	scala-jenkins	2013-01-15 03:54:19	True
1803	paulp	2012-12-22 19:41:29	scala-jenkins	2012-12-22 20:31:20	True
1803	paulp	2012-12-22 19:41:29	scala-jenkins	2012-12-22 20:29:20	True
1803	paulp	2012-12-22 19:41:29	scala-jenkins	2013-01-15 01:13:34	True
1803	paulp	2012-12-22 19:41:29	JamesIry	2013-01-14 15:34:36	True
1803	paulp	2012-12-22 19:41:29	scala-jenkins	2013-01-15 04:16:32	True
1803	paulp	2012-12-22 19:41:29	scala-jenkins	2013-01-15 01:15:35	True
1803	paulp	2012-12-22 19:41:29	scala-jenkins	2013-01-15 02:31:39	True
1803	paulp	2012-12-22 19:41:29	scala-jenkins	2013-01-15 02:33:38	True
1803	paulp	2012-12-22 19:41:29	scala-jenkins	2013-01-15 04:18:34	True
1803	paulp	2012-12-22 19:41:29	scala-jenkins	2013-01-15 03:55:57	True
1803	paulp	2012-12-22 19:41:29	scala-jenkins	2012-12-23 00:06:19	True
1801	paulp	2012-12-22 18:45:25	scala-jenkins	2012-12-22 19:47:22	True
1801	paulp	2012-12-22 18:45:25	scala-jenkins	2012-12-22 19:45:22	True
1801	paulp	2012-12-22 18:45:25	scala-jenkins	2012-12-22 19:39:20	True
1801	paulp	2012-12-22 18:45:25	scala-jenkins	2012-12-22 19:37:20	True
1789	paulp	2012-12-19 19:16:07	scala-jenkins	2012-12-19 20:51:00	True
1789	paulp	2012-12-19 19:16:07	scala-jenkins	2012-12-19 20:36:51	True
1789	paulp	2012-12-19 19:16:07	scala-jenkins	2012-12-19 20:49:00	True
1789	paulp	2012-12-19 19:16:07	scala-jenkins	2012-12-19 20:34:51	True
1789	paulp	2012-12-19 19:16:07	adriaanm	2012-12-19 20:03:39	True
1785	non	2012-12-18 04:36:07	scala-jenkins	2012-12-20 04:49:03	True
1785	non	2012-12-18 04:36:07	scala-jenkins	2012-12-20 07:02:28	True
1785	non	2012-12-18 04:36:07	scala-jenkins	2012-12-18 05:17:46	True
1785	non	2012-12-18 04:36:07	scala-jenkins	2012-12-18 05:19:46	True
1785	non	2012-12-18 04:36:07	scala-jenkins	2012-12-18 06:24:19	True
1785	non	2012-12-18 04:36:07	scala-jenkins	2012-12-18 06:26:19	True
1785	non	2012-12-18 04:36:07	scala-jenkins	2012-12-20 04:25:55	True
1785	non	2012-12-18 04:36:07	scala-jenkins	2012-12-20 04:27:54	True
1785	non	2012-12-18 04:36:07	scala-jenkins	2012-12-20 07:00:28	True
1785	non	2012-12-18 04:36:07	scala-jenkins	2012-12-20 04:51:03	True
1785	non	2012-12-18 04:36:07	scala-jenkins	2012-12-20 07:06:29	True
1785	non	2012-12-18 04:36:07	scala-jenkins	2012-12-20 08:37:27	True
1785	non	2012-12-18 04:36:07	scala-jenkins	2012-12-20 08:39:27	True
1785	non	2012-12-18 04:36:07	som-snytt	2012-12-20 09:15:10	True
1785	non	2012-12-18 04:36:07	scala-jenkins	2012-12-20 09:18:42	True
1785	non	2012-12-18 04:36:07	scala-jenkins	2012-12-20 09:20:42	True
1785	non	2012-12-18 04:36:07	JamesIry	2013-01-04 19:42:51	True
1785	non	2012-12-18 04:36:07	scala-jenkins	2012-12-20 07:04:29	True
1782	geokollias	2012-12-17 16:27:39	scala-jenkins	2012-12-17 17:37:36	True
1782	geokollias	2012-12-17 16:27:39	paulp	2013-01-03 22:01:18	True
1782	geokollias	2012-12-17 16:27:39	paulp	2012-12-17 23:57:33	True
1782	geokollias	2012-12-17 16:27:39	scala-jenkins	2012-12-17 17:43:35	True
1782	geokollias	2012-12-17 16:27:39	scala-jenkins	2012-12-17 17:41:35	True
1782	geokollias	2012-12-17 16:27:39	scala-jenkins	2012-12-17 17:39:36	True
1779	paulp	2012-12-16 03:25:17	scala-jenkins	2012-12-16 05:10:42	True
1779	paulp	2012-12-16 03:25:17	adriaanm	2012-12-16 03:34:36	True
1779	paulp	2012-12-16 03:25:17	scala-jenkins	2012-12-16 05:01:34	True
1779	paulp	2012-12-16 03:25:17	scala-jenkins	2012-12-16 04:59:34	True
1779	paulp	2012-12-16 03:25:17	adriaanm	2012-12-16 04:02:34	True
1779	paulp	2012-12-16 03:25:17	scala-jenkins	2012-12-16 05:08:41	True
1779	paulp	2012-12-16 03:25:17	lexspoon	2012-12-17 15:32:26	True
1770	JamesIry	2012-12-13 16:49:00	scala-jenkins	2012-12-13 17:45:17	True
1770	JamesIry	2012-12-13 16:49:00	scala-jenkins	2012-12-13 20:03:06	True
1770	JamesIry	2012-12-13 16:49:00	scala-jenkins	2012-12-13 18:13:38	True
1770	JamesIry	2012-12-13 16:49:00	scala-jenkins	2012-12-13 19:32:42	True
1770	JamesIry	2012-12-13 16:49:00	scala-jenkins	2012-12-13 17:47:17	True
1770	JamesIry	2012-12-13 16:49:00	adriaanm	2012-12-14 01:03:45	True
1770	JamesIry	2012-12-13 16:49:00	scala-jenkins	2012-12-13 20:05:06	True
1770	JamesIry	2012-12-13 16:49:00	scala-jenkins	2012-12-13 18:15:37	True
1770	JamesIry	2012-12-13 16:49:00	scala-jenkins	2012-12-13 19:34:42	True
1768	paulp	2012-12-13 04:10:20	scala-jenkins	2012-12-19 22:25:49	True
1768	paulp	2012-12-13 04:10:20	scala-jenkins	2012-12-13 05:32:36	True
1768	paulp	2012-12-13 04:10:20	scala-jenkins	2012-12-13 05:34:36	True
1768	paulp	2012-12-13 04:10:20	adriaanm	2012-12-19 19:27:17	True
1768	paulp	2012-12-13 04:10:20	scala-jenkins	2012-12-13 05:39:44	True
1768	paulp	2012-12-13 04:10:20	adriaanm	2012-12-19 19:55:20	True
1768	paulp	2012-12-13 04:10:20	scala-jenkins	2012-12-19 22:23:49	True
1768	paulp	2012-12-13 04:10:20	scala-jenkins	2012-12-13 05:41:44	True
1768	paulp	2012-12-13 04:10:20	scala-jenkins	2012-12-19 21:29:23	True
1768	paulp	2012-12-13 04:10:20	scala-jenkins	2012-12-19 21:31:23	True
1766	xeno-by	2012-12-13 01:21:27	scala-jenkins	2012-12-13 03:27:37	True
1766	xeno-by	2012-12-13 01:21:27	scala-jenkins	2012-12-13 03:25:38	True
1766	xeno-by	2012-12-13 01:21:27	paulp	2012-12-13 01:46:51	True
1766	xeno-by	2012-12-13 01:21:27	scala-jenkins	2012-12-13 02:30:54	True
1766	xeno-by	2012-12-13 01:21:27	scala-jenkins	2012-12-13 02:32:54	True
1766	xeno-by	2012-12-13 01:21:27	scala-jenkins	2012-12-13 11:04:36	True
1766	xeno-by	2012-12-13 01:21:27	scala-jenkins	2012-12-13 11:02:36	True
1766	xeno-by	2012-12-13 01:21:27	scala-jenkins	2012-12-13 11:01:39	True
1766	xeno-by	2012-12-13 01:21:27	paulp	2012-12-13 15:27:46	True
1766	xeno-by	2012-12-13 01:21:27	scala-jenkins	2012-12-13 11:03:38	True
1764	adriaanm	2012-12-12 23:53:30	scala-jenkins	2012-12-13 18:36:43	True
1764	adriaanm	2012-12-12 23:53:30	scala-jenkins	2012-12-13 01:29:26	True
1764	adriaanm	2012-12-12 23:53:30	scala-jenkins	2012-12-13 00:14:37	True
1764	adriaanm	2012-12-12 23:53:30	jsuereth	2012-12-13 17:39:35	True
1764	adriaanm	2012-12-12 23:53:30	scala-jenkins	2012-12-13 00:16:37	True
1764	adriaanm	2012-12-12 23:53:30	scala-jenkins	2012-12-13 01:31:26	True
1764	adriaanm	2012-12-12 23:53:30	scala-jenkins	2012-12-13 19:30:26	True
1764	adriaanm	2012-12-12 23:53:30	scala-jenkins	2012-12-13 22:52:41	True
1764	adriaanm	2012-12-12 23:53:30	scala-jenkins	2012-12-13 22:50:41	True
1764	adriaanm	2012-12-12 23:53:30	scala-jenkins	2012-12-13 18:34:43	True
1764	adriaanm	2012-12-12 23:53:30	scala-jenkins	2012-12-13 19:32:23	True
1756	JamesIry	2012-12-11 19:13:49	scala-jenkins	2012-12-11 20:36:25	True
1756	JamesIry	2012-12-11 19:13:49	scala-jenkins	2012-12-11 20:38:24	True
1756	JamesIry	2012-12-11 19:13:49	scala-jenkins	2012-12-11 20:30:14	True
1756	JamesIry	2012-12-11 19:13:49	scala-jenkins	2012-12-11 20:28:14	True
1748	JamesIry	2012-12-10 22:52:14	scala-jenkins	2012-12-11 01:02:29	True
1748	JamesIry	2012-12-10 22:52:14	scala-jenkins	2012-12-11 01:04:30	True
1748	JamesIry	2012-12-10 22:52:14	scala-jenkins	2012-12-11 02:31:36	True
1748	JamesIry	2012-12-10 22:52:14	scala-jenkins	2012-12-11 02:33:36	True
1748	JamesIry	2012-12-10 22:52:14	paulp	2012-12-11 00:04:37	True
1748	JamesIry	2012-12-10 22:52:14	scala-jenkins	2012-12-11 20:59:47	True
1748	JamesIry	2012-12-10 22:52:14	paulp	2012-12-11 03:07:16	True
1748	JamesIry	2012-12-10 22:52:14	scala-jenkins	2012-12-11 21:01:48	True
1747	hubertp	2012-12-10 22:32:50	scala-jenkins	2012-12-11 11:25:51	True
1747	hubertp	2012-12-10 22:32:50	scala-jenkins	2012-12-11 00:16:05	True
1747	hubertp	2012-12-10 22:32:50	scala-jenkins	2012-12-11 00:22:15	True
1747	hubertp	2012-12-10 22:32:50	scala-jenkins	2012-12-11 00:24:15	True
1747	hubertp	2012-12-10 22:32:50	scala-jenkins	2012-12-11 00:14:04	True
1747	hubertp	2012-12-10 22:32:50	scala-jenkins	2012-12-11 11:19:50	True
1747	hubertp	2012-12-10 22:32:50	scala-jenkins	2012-12-11 11:21:50	True
1747	hubertp	2012-12-10 22:32:50	lrytz	2012-12-11 11:48:18	True
1747	hubertp	2012-12-10 22:32:50	scala-jenkins	2012-12-11 11:27:51	True
1742	xeno-by	2012-12-09 23:51:40	scala-jenkins	2012-12-10 01:31:57	True
1742	xeno-by	2012-12-09 23:51:40	paulp	2012-12-13 04:18:37	True
1742	xeno-by	2012-12-09 23:51:40	adriaanm	2012-12-13 00:52:57	True
1742	xeno-by	2012-12-09 23:51:40	scala-jenkins	2012-12-13 00:17:55	True
1742	xeno-by	2012-12-09 23:51:40	scala-jenkins	2012-12-13 00:12:46	True
1742	xeno-by	2012-12-09 23:51:40	scala-jenkins	2012-12-13 00:10:46	True
1742	xeno-by	2012-12-09 23:51:40	scala-jenkins	2012-12-13 00:19:55	True
1742	xeno-by	2012-12-09 23:51:40	scala-jenkins	2012-12-10 01:33:57	True
1742	xeno-by	2012-12-09 23:51:40	scala-jenkins	2012-12-10 01:23:53	True
1742	xeno-by	2012-12-09 23:51:40	scala-jenkins	2012-12-10 01:21:53	True
1739	jedesah	2012-12-09 22:04:59	scala-jenkins	2012-12-09 23:39:23	True
1739	jedesah	2012-12-09 22:04:59	scala-jenkins	2012-12-09 23:34:22	True
1739	jedesah	2012-12-09 22:04:59	scala-jenkins	2012-12-23 22:49:39	True
1739	jedesah	2012-12-09 22:04:59	scala-jenkins	2012-12-23 23:31:56	True
1739	jedesah	2012-12-09 22:04:59	axel22	2012-12-10 12:01:20	True
1739	jedesah	2012-12-09 22:04:59	scala-jenkins	2012-12-09 23:32:22	True
1739	jedesah	2012-12-09 22:04:59	scala-jenkins	2012-12-23 22:51:39	True
1739	jedesah	2012-12-09 22:04:59	scala-jenkins	2012-12-09 23:37:23	True
1739	jedesah	2012-12-09 22:04:59	adriaanm	2012-12-10 20:26:31	True
1739	jedesah	2012-12-09 22:04:59	JamesIry	2013-01-04 19:44:27	True
1739	jedesah	2012-12-09 22:04:59	scala-jenkins	2012-12-23 23:33:56	True
1732	retronym	2012-12-08 10:47:55	scala-jenkins	2012-12-10 14:17:02	True
1732	retronym	2012-12-08 10:47:55	scala-jenkins	2012-12-10 14:14:01	True
1732	retronym	2012-12-08 10:47:55	scala-jenkins	2012-12-10 14:12:01	True
1732	retronym	2012-12-08 10:47:55	axel22	2012-12-10 13:35:39	True
1732	retronym	2012-12-08 10:47:55	scala-jenkins	2012-12-08 11:47:13	True
1732	retronym	2012-12-08 10:47:55	scala-jenkins	2012-12-08 11:54:15	True
1732	retronym	2012-12-08 10:47:55	scala-jenkins	2012-12-08 11:52:15	True
1732	retronym	2012-12-08 10:47:55	scala-jenkins	2012-12-08 11:49:13	True
1732	retronym	2012-12-08 10:47:55	scala-jenkins	2012-12-10 14:19:02	True
1730	JamesIry	2012-12-07 18:30:57	scala-jenkins	2012-12-07 19:37:29	True
1730	JamesIry	2012-12-07 18:30:57	paulp	2012-12-10 20:19:22	True
1730	JamesIry	2012-12-07 18:30:57	scala-jenkins	2012-12-07 19:16:31	True
1730	JamesIry	2012-12-07 18:30:57	scala-jenkins	2012-12-07 19:35:29	True
1730	JamesIry	2012-12-07 18:30:57	adriaanm	2012-12-07 19:31:59	True
1730	JamesIry	2012-12-07 18:30:57	scala-jenkins	2012-12-07 19:18:31	True
1727	xeno-by	2012-12-07 14:45:51	scala-jenkins	2012-12-07 15:42:09	True
1727	xeno-by	2012-12-07 14:45:51	scala-jenkins	2012-12-07 15:39:07	True
1727	xeno-by	2012-12-07 14:45:51	scala-jenkins	2012-12-07 15:37:07	True
1727	xeno-by	2012-12-07 14:45:51	scala-jenkins	2012-12-07 20:15:38	True
1727	xeno-by	2012-12-07 14:45:51	paulp	2012-12-07 15:27:33	True
1727	xeno-by	2012-12-07 14:45:51	scala-jenkins	2012-12-07 19:04:25	True
1727	xeno-by	2012-12-07 14:45:51	scala-jenkins	2012-12-07 19:06:25	True
1727	xeno-by	2012-12-07 14:45:51	scala-jenkins	2012-12-07 20:17:38	True
1727	xeno-by	2012-12-07 14:45:51	scala-jenkins	2012-12-07 15:44:09	True
1722	vigdorchik	2012-12-06 16:36:38	VladUreche	2012-12-07 16:07:06	True
1722	vigdorchik	2012-12-06 16:36:38	scala-jenkins	2012-12-06 17:44:41	True
1722	vigdorchik	2012-12-06 16:36:38	scala-jenkins	2012-12-06 17:46:41	True
1722	vigdorchik	2012-12-06 16:36:38	VladUreche	2012-12-07 16:03:52	True
1722	vigdorchik	2012-12-06 16:36:38	scala-jenkins	2012-12-06 18:06:53	True
1722	vigdorchik	2012-12-06 16:36:38	scala-jenkins	2012-12-06 18:08:53	True
1722	vigdorchik	2012-12-06 16:36:38	scala-jenkins	2012-12-07 10:48:05	True
1722	vigdorchik	2012-12-06 16:36:38	scala-jenkins	2012-12-07 10:50:05	True
1722	vigdorchik	2012-12-06 16:36:38	scala-jenkins	2012-12-07 11:31:27	True
1722	vigdorchik	2012-12-06 16:36:38	scala-jenkins	2012-12-07 11:33:27	True
1722	vigdorchik	2012-12-06 16:36:38	scala-jenkins	2012-12-12 12:56:59	True
1722	vigdorchik	2012-12-06 16:36:38	scala-jenkins	2012-12-12 13:03:00	True
1722	vigdorchik	2012-12-06 16:36:38	scala-jenkins	2012-12-11 21:37:38	True
1722	vigdorchik	2012-12-06 16:36:38	scala-jenkins	2012-12-12 13:05:00	True
1722	vigdorchik	2012-12-06 16:36:38	dragos	2012-12-11 10:55:44	True
1722	vigdorchik	2012-12-06 16:36:38	VladUreche	2012-12-12 16:26:48	True
1722	vigdorchik	2012-12-06 16:36:38	scala-jenkins	2012-12-12 12:59:00	True
1722	vigdorchik	2012-12-06 16:36:38	adriaanm	2012-12-10 20:21:37	True
1722	vigdorchik	2012-12-06 16:36:38	scala-jenkins	2012-12-11 21:35:38	True
1722	vigdorchik	2012-12-06 16:36:38	scala-jenkins	2012-12-11 21:32:32	True
1722	vigdorchik	2012-12-06 16:36:38	scala-jenkins	2012-12-11 21:30:33	True
1722	vigdorchik	2012-12-06 16:36:38	adriaanm	2012-12-11 20:29:55	True
1719	apskii	2012-12-06 10:49:11	scala-jenkins	2012-12-06 12:10:37	True
1719	apskii	2012-12-06 10:49:11	scala-jenkins	2012-12-06 12:06:36	True
1719	apskii	2012-12-06 10:49:11	xeno-by	2012-12-06 10:57:04	True
1719	apskii	2012-12-06 10:49:11	scala-jenkins	2012-12-06 12:04:36	True
1719	apskii	2012-12-06 10:49:11	xeno-by	2012-12-06 11:22:51	True
1719	apskii	2012-12-06 10:49:11	scala-jenkins	2012-12-06 12:08:37	True
1709	retronym	2012-12-04 23:13:16	scala-jenkins	2012-12-05 23:51:02	True
1709	retronym	2012-12-04 23:13:16	adriaanm	2012-12-19 01:50:58	True
1709	retronym	2012-12-04 23:13:16	paulp	2012-12-19 01:44:06	True
1709	retronym	2012-12-04 23:13:16	paulp	2012-12-19 02:13:27	True
1709	retronym	2012-12-04 23:13:16	scala-jenkins	2012-12-05 23:49:02	True
1709	retronym	2012-12-04 23:13:16	scala-jenkins	2012-12-05 22:57:57	True
1709	retronym	2012-12-04 23:13:16	scala-jenkins	2012-12-05 22:59:57	True
1706	retronym	2012-12-04 19:20:45	scala-jenkins	2012-12-06 00:09:14	True
1706	retronym	2012-12-04 19:20:45	scala-jenkins	2012-12-06 00:11:13	True
1706	retronym	2012-12-04 19:20:45	adriaanm	2012-12-15 19:15:54	True
1706	retronym	2012-12-04 19:20:45	scala-jenkins	2012-12-06 00:49:41	True
1706	retronym	2012-12-04 19:20:45	scala-jenkins	2012-12-06 00:47:41	True
1705	paulp	2012-12-04 18:04:04	gkossakowski	2012-12-06 19:28:10	True
1705	paulp	2012-12-04 18:04:04	scala-jenkins	2012-12-06 00:22:18	True
1705	paulp	2012-12-04 18:04:04	scala-jenkins	2012-12-06 00:20:18	True
1705	paulp	2012-12-04 18:04:04	scala-jenkins	2012-12-05 23:14:03	True
1705	paulp	2012-12-04 18:04:04	scala-jenkins	2012-12-05 17:24:48	True
1705	paulp	2012-12-04 18:04:04	scala-jenkins	2012-12-05 17:22:48	True
1705	paulp	2012-12-04 18:04:04	scala-jenkins	2012-12-05 23:12:03	True
1703	retronym	2012-12-04 12:58:32	scala-jenkins	2012-12-05 19:40:40	True
1703	retronym	2012-12-04 12:58:32	scala-jenkins	2012-12-05 19:42:40	True
1703	retronym	2012-12-04 12:58:32	scala-jenkins	2012-12-05 18:53:19	True
1703	retronym	2012-12-04 12:58:32	scala-jenkins	2012-12-05 18:51:20	True
1701	retronym	2012-12-04 10:31:42	scala-jenkins	2012-12-05 21:07:17	True
1701	retronym	2012-12-04 10:31:42	paulp	2012-12-10 20:22:53	True
1701	retronym	2012-12-04 10:31:42	adriaanm	2012-12-10 20:17:43	True
1701	retronym	2012-12-04 10:31:42	scala-jenkins	2012-12-05 18:52:20	True
1701	retronym	2012-12-04 10:31:42	scala-jenkins	2012-12-05 21:05:16	True
1701	retronym	2012-12-04 10:31:42	scala-jenkins	2012-12-05 18:54:19	True
1701	retronym	2012-12-04 10:31:42	paulp	2012-12-04 23:39:51	True
1696	retronym	2012-12-03 13:02:45	scala-jenkins	2012-12-07 23:59:19	True
1696	retronym	2012-12-03 13:02:45	scala-jenkins	2012-12-07 23:57:19	True
1696	retronym	2012-12-03 13:02:45	scala-jenkins	2012-12-07 23:54:18	True
1696	retronym	2012-12-03 13:02:45	scala-jenkins	2012-12-07 23:52:18	True
1696	retronym	2012-12-03 13:02:45	scala-jenkins	2012-12-05 19:30:34	True
1696	retronym	2012-12-03 13:02:45	scala-jenkins	2012-12-05 18:54:21	True
1696	retronym	2012-12-03 13:02:45	scala-jenkins	2012-12-05 19:28:34	True
1696	retronym	2012-12-03 13:02:45	scala-jenkins	2012-12-05 18:56:22	True
1696	retronym	2012-12-03 13:02:45	adriaanm	2012-12-12 23:04:17	True
1696	retronym	2012-12-03 13:02:45	adriaanm	2012-12-11 20:28:28	True
1696	retronym	2012-12-03 13:02:45	adriaanm	2012-12-12 23:05:11	True
1696	retronym	2012-12-03 13:02:45	adriaanm	2012-12-10 20:13:25	True
1696	retronym	2012-12-03 13:02:45	adriaanm	2012-12-12 17:43:16	True
1696	retronym	2012-12-03 13:02:45	paulp	2012-12-12 09:43:57	True
1696	retronym	2012-12-03 13:02:45	adriaanm	2012-12-11 23:42:08	True
1695	xeno-by	2012-12-03 12:42:49	adriaanm	2012-12-10 20:12:46	True
1695	xeno-by	2012-12-03 12:42:49	gkossakowski	2012-12-13 01:42:32	True
1695	xeno-by	2012-12-03 12:42:49	gkossakowski	2012-12-13 01:34:08	True
1695	xeno-by	2012-12-03 12:42:49	scala-jenkins	2012-12-05 20:24:01	True
1695	xeno-by	2012-12-03 12:42:49	scala-jenkins	2012-12-06 00:16:06	True
1695	xeno-by	2012-12-03 12:42:49	scala-jenkins	2012-12-06 00:14:07	True
1695	xeno-by	2012-12-03 12:42:49	scala-jenkins	2012-12-05 20:22:02	True
1695	xeno-by	2012-12-03 12:42:49	retronym	2012-12-04 16:06:41	True
1693	paulp	2012-12-02 21:42:11	scala-jenkins	2012-12-05 21:39:27	True
1693	paulp	2012-12-02 21:42:11	scala-jenkins	2012-12-05 21:41:27	True
1693	paulp	2012-12-02 21:42:11	scala-jenkins	2012-12-05 17:38:51	True
1693	paulp	2012-12-02 21:42:11	xeno-by	2012-12-02 21:53:25	True
1693	paulp	2012-12-02 21:42:11	scala-jenkins	2012-12-05 17:36:51	True
1689	retronym	2012-12-02 16:29:31	scala-jenkins	2012-12-10 16:33:14	True
1689	retronym	2012-12-02 16:29:31	scala-jenkins	2012-12-10 16:31:13	True
1689	retronym	2012-12-02 16:29:31	scala-jenkins	2012-12-06 00:17:05	True
1689	retronym	2012-12-02 16:29:31	scala-jenkins	2012-12-06 00:15:05	True
1689	retronym	2012-12-02 16:29:31	scala-jenkins	2012-12-05 21:13:18	True
1689	retronym	2012-12-02 16:29:31	scala-jenkins	2012-12-05 21:15:19	True
1689	retronym	2012-12-02 16:29:31	paulp	2012-12-03 15:56:28	True
1689	retronym	2012-12-02 16:29:31	paulp	2012-12-03 15:52:47	True
1689	retronym	2012-12-02 16:29:31	paulp	2012-12-03 15:50:41	True
1689	retronym	2012-12-02 16:29:31	xeno-by	2012-12-02 20:51:58	True
1689	retronym	2012-12-02 16:29:31	paulp	2012-12-03 15:54:17	True
1688	retronym	2012-12-02 15:36:06	xeno-by	2012-12-04 14:28:53	True
