pr_number	author_user_login	pr_created_at	review_user_login	review_created_at	filename	create_before_pr	has_issue_comment	has_review_comment	has_commit
3850	jozic	2014-06-29 19:52:04	Ichoran	2014-06-29 22:07:42	src/compiler/scala/tools/nsc/transform/patmat/MatchOptimization.scala	True	True	True	True
3850	jozic	2014-06-29 19:52:04	Ichoran	2014-06-29 21:58:32	test/files/run/iterator-from.scala	True	True	True	True
3850	jozic	2014-06-29 19:52:04	Ichoran	2014-06-29 21:58:32	test/files/run/t4332b.scala	True	True	True	True
3850	jozic	2014-06-29 19:52:04	Ichoran	2014-06-29 21:58:32	test/junit/scala/collection/SeqTest.scala	True	True	True	True
3850	jozic	2014-06-29 19:52:04	Ichoran	2014-06-29 22:07:42	src/library/scala/collection/SeqProxyLike.scala	True	True	True	True
3850	jozic	2014-06-29 19:52:04	Ichoran	2014-06-29 22:07:42	src/library/scala/collection/GenSeqLike.scala	True	True	True	True
3850	jozic	2014-06-29 19:52:04	Ichoran	2014-06-29 22:07:42	src/library/scala/collection/SeqLike.scala	True	True	True	True
3850	jozic	2014-06-29 19:52:04	Ichoran	2014-06-29 21:58:32	test/files/run/distinct.check	True	True	True	True
3850	jozic	2014-06-29 19:52:04	Ichoran	2014-06-29 22:07:42	src/library/scala/collection/SeqViewLike.scala	True	True	True	True
3850	jozic	2014-06-29 19:52:04	Ichoran	2014-06-29 21:58:32	test/files/run/distinct.scala	True	True	True	True
3850	jozic	2014-06-29 19:52:04	Ichoran	2014-06-29 21:58:32	src/library/scala/collection/parallel/ParSeqLike.scala	True	True	True	True
3850	jozic	2014-06-29 19:52:04	Ichoran	2014-06-29 21:58:32	test/files/run/colltest1.scala	True	True	True	True
3850	jozic	2014-06-29 19:52:04	Ichoran	2014-06-29 21:58:32	src/reflect/scala/reflect/internal/util/Collections.scala	True	True	True	True
3850	jozic	2014-06-29 19:52:04	Ichoran	2014-06-29 21:58:32	src/library/scala/collection/immutable/Stream.scala	True	True	True	True
3850	jozic	2014-06-29 19:52:04	Ichoran	2014-06-29 21:58:32	src/library/scala/collection/SeqViewLike.scala	True	True	True	True
3850	jozic	2014-06-29 19:52:04	Ichoran	2014-06-29 21:58:32	src/library/scala/collection/SeqProxyLike.scala	True	True	True	True
3850	jozic	2014-06-29 19:52:04	Ichoran	2014-06-29 21:58:32	src/library/scala/collection/SeqLike.scala	True	True	True	True
3850	jozic	2014-06-29 19:52:04	Ichoran	2014-06-29 21:58:32	src/library/scala/collection/GenSeqLike.scala	True	True	True	True
3850	jozic	2014-06-29 19:52:04	Ichoran	2014-06-29 21:58:32	src/compiler/scala/tools/nsc/transform/patmat/MatchOptimization.scala	True	True	True	True
3850	jozic	2014-06-29 19:52:04	Ichoran	2014-06-29 22:07:42	src/library/scala/collection/parallel/ParSeqLike.scala	True	True	True	True
3850	jozic	2014-06-29 19:52:04	Ichoran	2014-06-29 22:07:42	src/library/scala/collection/immutable/Stream.scala	True	True	True	True
3850	jozic	2014-06-29 19:52:04	Ichoran	2014-06-29 22:05:39	src/library/scala/collection/SeqProxyLike.scala	True	True	True	True
3850	jozic	2014-06-29 19:52:04	Ichoran	2014-06-29 22:07:42	src/reflect/scala/reflect/internal/util/Collections.scala	True	True	True	True
3850	jozic	2014-06-29 19:52:04	Ichoran	2014-06-29 22:05:39	src/library/scala/collection/SeqViewLike.scala	True	True	True	True
3850	jozic	2014-06-29 19:52:04	Ichoran	2014-06-29 22:05:39	test/junit/scala/collection/SeqTest.scala	True	True	True	True
3850	jozic	2014-06-29 19:52:04	Ichoran	2014-06-29 22:05:39	test/files/run/t4332b.scala	True	True	True	True
3850	jozic	2014-06-29 19:52:04	Ichoran	2014-06-29 22:05:39	test/files/run/iterator-from.scala	True	True	True	True
3850	jozic	2014-06-29 19:52:04	Ichoran	2014-06-29 22:05:39	test/files/run/distinct.scala	True	True	True	True
3850	jozic	2014-06-29 19:52:04	Ichoran	2014-06-29 22:05:39	test/files/run/distinct.check	True	True	True	True
3850	jozic	2014-06-29 19:52:04	Ichoran	2014-06-29 22:05:39	test/files/run/colltest1.scala	True	True	True	True
3850	jozic	2014-06-29 19:52:04	Ichoran	2014-06-29 22:05:39	src/reflect/scala/reflect/internal/util/Collections.scala	True	True	True	True
3850	jozic	2014-06-29 19:52:04	Ichoran	2014-06-29 22:05:39	src/library/scala/collection/parallel/ParSeqLike.scala	True	True	True	True
3850	jozic	2014-06-29 19:52:04	Ichoran	2014-06-29 22:07:42	test/files/run/colltest1.scala	True	True	True	True
3850	jozic	2014-06-29 19:52:04	Ichoran	2014-06-29 22:05:39	src/library/scala/collection/immutable/Stream.scala	True	True	True	True
3850	jozic	2014-06-29 19:52:04	Ichoran	2014-06-29 22:05:39	src/library/scala/collection/SeqLike.scala	True	True	True	True
3850	jozic	2014-06-29 19:52:04	Ichoran	2014-06-29 22:05:39	src/library/scala/collection/GenSeqLike.scala	True	True	True	True
3850	jozic	2014-06-29 19:52:04	Ichoran	2014-06-29 22:05:39	src/compiler/scala/tools/nsc/transform/patmat/MatchOptimization.scala	True	True	True	True
3850	jozic	2014-06-29 19:52:04	Ichoran	2014-06-29 22:07:42	test/junit/scala/collection/SeqTest.scala	True	True	True	True
3850	jozic	2014-06-29 19:52:04	Ichoran	2014-06-29 22:07:42	test/files/run/t4332b.scala	True	True	True	True
3850	jozic	2014-06-29 19:52:04	Ichoran	2014-06-29 22:07:42	test/files/run/iterator-from.scala	True	True	True	True
3850	jozic	2014-06-29 19:52:04	Ichoran	2014-06-29 22:07:42	test/files/run/distinct.scala	True	True	True	True
3850	jozic	2014-06-29 19:52:04	Ichoran	2014-06-29 22:07:42	test/files/run/distinct.check	True	True	True	True
3833	kiritsuku	2014-06-25 22:09:18	Ichoran	2014-06-25 23:40:44	test/files/run/stream-check-cycles.check	True	True	True	True
3833	kiritsuku	2014-06-25 22:09:18	non	2014-06-25 22:22:55	src/library/scala/collection/immutable/Stream.scala	True	True	True	True
3833	kiritsuku	2014-06-25 22:09:18	non	2014-06-25 22:22:55	test/files/run/stream-check-cycles.check	True	True	True	True
3833	kiritsuku	2014-06-25 22:09:18	non	2014-06-25 22:22:55	test/files/run/stream-check-cycles.scala	True	True	True	True
3833	kiritsuku	2014-06-25 22:09:18	Ichoran	2014-06-25 23:40:44	src/library/scala/collection/immutable/Stream.scala	True	True	True	True
3833	kiritsuku	2014-06-25 22:09:18	Ichoran	2014-06-25 23:40:44	test/files/run/stream-check-cycles.scala	True	True	True	True
3833	kiritsuku	2014-06-25 22:09:18	Ichoran	2014-06-25 23:43:23	src/library/scala/collection/immutable/Stream.scala	True	True	True	True
3833	kiritsuku	2014-06-25 22:09:18	Ichoran	2014-06-25 23:43:23	test/files/run/stream-check-cycles.check	True	True	True	True
3833	kiritsuku	2014-06-25 22:09:18	Ichoran	2014-06-25 23:43:23	test/files/run/stream-check-cycles.scala	True	True	True	True
3828	retronym	2014-06-23 10:00:31	adriaanm	2014-06-24 08:07:05	test/files/neg/t8675.scala	True	True	True	True
3828	retronym	2014-06-23 10:00:31	adriaanm	2014-06-24 08:07:05	test/files/neg/t8675.check	True	True	True	True
3828	retronym	2014-06-23 10:00:31	adriaanm	2014-06-24 08:07:05	src/compiler/scala/tools/nsc/typechecker/Typers.scala	True	True	True	True
3828	retronym	2014-06-23 10:00:31	adriaanm	2014-06-24 08:07:05	test/files/neg/t8675b.scala	False	True	True	True
3828	retronym	2014-06-23 10:00:31	adriaanm	2014-06-24 08:07:05	test/files/neg/t8675b.check	False	True	True	True
3827	adriaanm	2014-06-23 09:17:05	viktorklang	2014-06-30 10:09:45	src/library/scala/concurrent/Future.scala	True	True	True	True
3822	mlbileschi	2014-06-12 21:34:13	Ichoran	2014-07-02 21:35:23	src/library/scala/PartialFunction.scala	False	True	True	True
3822	mlbileschi	2014-06-12 21:34:13	jozic	2014-07-04 14:48:47	src/library/scala/PartialFunction.scala	True	True	True	True
3822	mlbileschi	2014-06-12 21:34:13	jozic	2014-07-04 14:48:47	src/library/scala/PartialFunction.scala	False	True	True	True
3822	mlbileschi	2014-06-12 21:34:13	Ichoran	2014-07-02 21:35:23	src/library/scala/PartialFunction.scala	True	True	True	True
3822	mlbileschi	2014-06-12 21:34:13	som-snytt	2014-06-13 02:42:02	src/library/scala/PartialFunction.scala	True	True	True	True
3822	mlbileschi	2014-06-12 21:34:13	som-snytt	2014-06-13 02:42:02	src/library/scala/PartialFunction.scala	False	True	True	True
3820	adriaanm	2014-06-10 09:22:04	som-snytt	2014-06-16 18:30:48	src/compiler/scala/tools/nsc/transform/patmat/PatternMatching.scala	False	True	True	True
3820	adriaanm	2014-06-10 09:22:04	som-snytt	2014-06-16 18:30:48	src/compiler/scala/tools/nsc/transform/patmat/MatchOptimization.scala	False	True	True	True
3820	adriaanm	2014-06-10 09:22:04	som-snytt	2014-06-16 18:30:48	src/compiler/scala/tools/nsc/transform/patmat/MatchWarnings.scala	False	True	True	True
3820	adriaanm	2014-06-10 09:22:04	som-snytt	2014-06-16 18:30:48	src/compiler/scala/tools/nsc/transform/patmat/MatchTreeMaking.scala	False	True	True	True
3820	adriaanm	2014-06-10 09:22:04	som-snytt	2014-06-16 18:30:48	src/compiler/scala/tools/nsc/transform/patmat/MatchTranslation.scala	False	True	True	True
3820	adriaanm	2014-06-10 09:22:04	som-snytt	2014-06-16 18:30:48	test/files/run/names-defaults.check	False	True	True	True
3820	adriaanm	2014-06-10 09:22:04	som-snytt	2014-06-16 18:30:48	test/junit/scala/tools/nsc/symtab/SymbolTableForUnitTesting.scala	False	True	True	True
3820	adriaanm	2014-06-10 09:22:04	som-snytt	2014-06-16 18:30:48	src/compiler/scala/tools/nsc/transform/patmat/MatchAnalysis.scala	False	True	True	True
3820	adriaanm	2014-06-10 09:22:04	som-snytt	2014-06-16 18:30:48	src/compiler/scala/tools/nsc/transform/UnCurry.scala	False	True	True	True
3820	adriaanm	2014-06-10 09:22:04	som-snytt	2014-06-16 18:30:48	src/compiler/scala/tools/nsc/transform/TailCalls.scala	False	True	True	True
3820	adriaanm	2014-06-10 09:22:04	som-snytt	2014-06-16 18:30:48	src/compiler/scala/tools/nsc/typechecker/Contexts.scala	False	True	True	True
3820	adriaanm	2014-06-10 09:22:04	som-snytt	2014-06-16 18:30:48	src/compiler/scala/tools/nsc/typechecker/Checkable.scala	False	True	True	True
3820	adriaanm	2014-06-10 09:22:04	som-snytt	2014-06-16 18:30:48	src/reflect/scala/reflect/internal/Variances.scala	False	True	True	True
3820	adriaanm	2014-06-10 09:22:04	som-snytt	2014-06-16 18:30:48	src/compiler/scala/tools/nsc/typechecker/Infer.scala	False	True	True	True
3820	adriaanm	2014-06-10 09:22:04	som-snytt	2014-06-16 18:30:48	src/compiler/scala/tools/nsc/typechecker/Namers.scala	False	True	True	True
3820	adriaanm	2014-06-10 09:22:04	som-snytt	2014-06-16 18:30:48	src/compiler/scala/tools/nsc/typechecker/SuperAccessors.scala	False	True	True	True
3820	adriaanm	2014-06-10 09:22:04	som-snytt	2014-06-16 18:30:48	src/compiler/scala/tools/nsc/typechecker/TreeCheckers.scala	False	True	True	True
3820	adriaanm	2014-06-10 09:22:04	som-snytt	2014-06-16 18:30:48	src/compiler/scala/tools/nsc/typechecker/TypeDiagnostics.scala	False	True	True	True
3820	adriaanm	2014-06-10 09:22:04	som-snytt	2014-06-16 18:30:48	src/compiler/scala/tools/reflect/FormatInterpolator.scala	False	True	True	True
3820	adriaanm	2014-06-10 09:22:04	som-snytt	2014-06-16 18:30:48	src/scaladoc/scala/tools/nsc/doc/ScaladocAnalyzer.scala	False	True	True	True
3820	adriaanm	2014-06-10 09:22:04	som-snytt	2014-06-16 18:30:48	src/compiler/scala/tools/nsc/transform/LambdaLift.scala	False	True	True	True
3820	adriaanm	2014-06-10 09:22:04	som-snytt	2014-06-16 18:30:48	test/files/jvm/deprecation.check	False	True	True	True
3820	adriaanm	2014-06-10 09:22:04	som-snytt	2014-06-16 18:30:48	test/files/jvm/serialization-new.check	False	True	True	True
3820	adriaanm	2014-06-10 09:22:04	som-snytt	2014-06-16 18:30:48	test/files/jvm/serialization.check	False	True	True	True
3820	adriaanm	2014-06-10 09:22:04	som-snytt	2014-06-16 18:30:48	test/files/run/colltest.check	False	True	True	True
3820	adriaanm	2014-06-10 09:22:04	som-snytt	2014-06-16 18:30:48	src/compiler/scala/tools/nsc/transform/Mixin.scala	False	True	True	True
3820	adriaanm	2014-06-10 09:22:04	som-snytt	2014-06-16 18:30:48	src/compiler/scala/tools/nsc/javac/JavaParsers.scala	False	True	True	True
3820	adriaanm	2014-06-10 09:22:04	som-snytt	2014-06-16 18:30:48	src/compiler/scala/tools/nsc/transform/ExtensionMethods.scala	False	True	True	True
3820	adriaanm	2014-06-10 09:22:04	som-snytt	2014-06-16 18:30:48	src/compiler/scala/tools/nsc/transform/ExplicitOuter.scala	False	True	True	True
3820	adriaanm	2014-06-10 09:22:04	som-snytt	2014-06-16 18:30:48	src/compiler/scala/tools/nsc/transform/patmat/ScalacPatternExpanders.scala	False	True	True	True
3820	adriaanm	2014-06-10 09:22:04	som-snytt	2014-06-16 18:30:48	src/compiler/scala/tools/nsc/typechecker/Adaptations.scala	False	True	True	True
3820	adriaanm	2014-06-10 09:22:04	som-snytt	2014-06-16 18:30:48	src/compiler/scala/tools/nsc/typechecker/NamesDefaults.scala	False	True	True	True
3820	adriaanm	2014-06-10 09:22:04	som-snytt	2014-06-16 18:30:48	src/compiler/scala/tools/nsc/typechecker/RefChecks.scala	False	True	True	True
3820	adriaanm	2014-06-10 09:22:04	som-snytt	2014-06-16 18:30:48	src/compiler/scala/tools/nsc/reporters/ConsoleReporter.scala	False	True	True	True
3820	adriaanm	2014-06-10 09:22:04	som-snytt	2014-06-16 18:30:48	src/compiler/scala/tools/nsc/reporters/StoreReporter.scala	False	True	True	True
3820	adriaanm	2014-06-10 09:22:04	som-snytt	2014-06-16 18:30:48	src/repl/scala/tools/nsc/interpreter/ReplReporter.scala	False	True	True	True
3820	adriaanm	2014-06-10 09:22:04	som-snytt	2014-06-16 18:30:48	src/compiler/scala/tools/nsc/ast/parser/Parsers.scala	False	True	True	True
3820	adriaanm	2014-06-10 09:22:04	som-snytt	2014-06-16 18:30:48	src/compiler/scala/tools/nsc/ast/parser/Scanners.scala	False	True	True	True
3820	adriaanm	2014-06-10 09:22:04	som-snytt	2014-06-16 18:30:48	src/compiler/scala/tools/nsc/backend/icode/GenICode.scala	False	True	True	True
3820	adriaanm	2014-06-10 09:22:04	som-snytt	2014-06-16 18:30:48	src/compiler/scala/tools/nsc/backend/jvm/BCodeBodyBuilder.scala	False	True	True	True
3820	adriaanm	2014-06-10 09:22:04	som-snytt	2014-06-16 18:30:48	src/compiler/scala/tools/nsc/backend/jvm/BCodeHelpers.scala	False	True	True	True
3820	adriaanm	2014-06-10 09:22:04	som-snytt	2014-06-16 18:30:48	src/compiler/scala/tools/nsc/backend/jvm/BCodeSkelBuilder.scala	False	True	True	True
3820	adriaanm	2014-06-10 09:22:04	som-snytt	2014-06-16 18:30:48	src/compiler/scala/tools/nsc/backend/jvm/GenASM.scala	False	True	True	True
3820	adriaanm	2014-06-10 09:22:04	som-snytt	2014-06-16 18:30:48	src/compiler/scala/tools/nsc/backend/jvm/GenBCode.scala	False	True	True	True
3820	adriaanm	2014-06-10 09:22:04	som-snytt	2014-06-16 18:30:48	src/compiler/scala/tools/nsc/backend/jvm/GenJVMASM.scala	False	True	True	True
3820	adriaanm	2014-06-10 09:22:04	som-snytt	2014-06-16 18:30:48	src/compiler/scala/tools/nsc/backend/opt/InlineExceptionHandlers.scala	False	True	True	True
3820	adriaanm	2014-06-10 09:22:04	som-snytt	2014-06-16 18:30:48	src/compiler/scala/tools/nsc/backend/opt/Inliners.scala	False	True	True	True
3820	adriaanm	2014-06-10 09:22:04	som-snytt	2014-06-16 18:30:48	src/compiler/scala/tools/nsc/javac/JavaScanners.scala	False	True	True	True
3820	adriaanm	2014-06-10 09:22:04	som-snytt	2014-06-16 18:30:48	src/compiler/scala/tools/nsc/symtab/classfile/Pickler.scala	False	True	True	True
3820	adriaanm	2014-06-10 09:22:04	som-snytt	2014-06-16 18:30:48	src/compiler/scala/tools/nsc/transform/CleanUp.scala	False	True	True	True
3820	adriaanm	2014-06-10 09:22:04	som-snytt	2014-06-16 18:30:48	src/compiler/scala/tools/nsc/transform/Constructors.scala	False	True	True	True
3820	adriaanm	2014-06-10 09:22:04	som-snytt	2014-06-16 18:30:48	src/compiler/scala/tools/nsc/transform/Erasure.scala	False	True	True	True
3820	adriaanm	2014-06-10 09:22:04	som-snytt	2014-06-16 18:30:48	test/files/run/inferred-type-constructors.check	False	True	True	True
3820	adriaanm	2014-06-10 09:22:04	som-snytt	2014-06-16 18:35:10	src/compiler/scala/tools/nsc/ast/parser/Parsers.scala	False	True	True	True
3820	adriaanm	2014-06-10 09:22:04	som-snytt	2014-06-16 18:30:48	test/files/run/richs.check	False	True	True	True
3820	adriaanm	2014-06-10 09:22:04	som-snytt	2014-06-16 18:35:10	src/compiler/scala/tools/nsc/reporters/StoreReporter.scala	False	True	True	True
3820	adriaanm	2014-06-10 09:22:04	som-snytt	2014-06-16 18:35:10	test/files/neg/t5675.check	False	True	True	True
3820	adriaanm	2014-06-10 09:22:04	som-snytt	2014-06-16 18:35:10	test/files/neg/t6567.check	False	True	True	True
3820	adriaanm	2014-06-10 09:22:04	som-snytt	2014-06-16 18:35:10	test/files/neg/unchecked-refinement.check	False	True	True	True
3820	adriaanm	2014-06-10 09:22:04	som-snytt	2014-06-16 18:35:10	src/compiler/scala/tools/nsc/reporters/AbstractReporter.scala	False	True	True	True
3820	adriaanm	2014-06-10 09:22:04	som-snytt	2014-06-16 18:35:10	src/reflect/scala/reflect/runtime/JavaUniverse.scala	False	True	True	True
3820	adriaanm	2014-06-10 09:22:04	som-snytt	2014-06-16 18:35:10	test/junit/scala/tools/nsc/symtab/SymbolTableForUnitTesting.scala	False	True	True	True
3820	adriaanm	2014-06-10 09:22:04	som-snytt	2014-06-16 18:35:10	src/compiler/scala/tools/nsc/transform/patmat/ScalacPatternExpanders.scala	False	True	True	True
3820	adriaanm	2014-06-10 09:22:04	som-snytt	2014-06-16 18:35:10	src/compiler/scala/tools/nsc/typechecker/Adaptations.scala	False	True	True	True
3820	adriaanm	2014-06-10 09:22:04	som-snytt	2014-06-16 18:35:10	src/compiler/scala/tools/nsc/typechecker/NamesDefaults.scala	False	True	True	True
3820	adriaanm	2014-06-10 09:22:04	som-snytt	2014-06-16 18:35:10	src/compiler/scala/tools/nsc/typechecker/RefChecks.scala	False	True	True	True
3820	adriaanm	2014-06-10 09:22:04	som-snytt	2014-06-16 18:35:10	src/compiler/scala/tools/nsc/reporters/ConsoleReporter.scala	False	True	True	True
3820	adriaanm	2014-06-10 09:22:04	som-snytt	2014-06-16 18:35:10	src/repl/scala/tools/nsc/interpreter/ReplReporter.scala	False	True	True	True
3820	adriaanm	2014-06-10 09:22:04	som-snytt	2014-06-16 18:30:48	test/files/run/t2212.check	False	True	True	True
3820	adriaanm	2014-06-10 09:22:04	som-snytt	2014-06-16 18:30:48	src/compiler/scala/tools/nsc/reporters/AbstractReporter.scala	False	True	True	True
3820	adriaanm	2014-06-10 09:22:04	som-snytt	2014-06-16 18:35:10	src/compiler/scala/tools/nsc/ast/parser/Scanners.scala	False	True	True	True
3820	adriaanm	2014-06-10 09:22:04	som-snytt	2014-06-16 18:35:10	src/compiler/scala/tools/nsc/backend/icode/GenICode.scala	False	True	True	True
3820	adriaanm	2014-06-10 09:22:04	som-snytt	2014-06-16 18:35:10	src/compiler/scala/tools/nsc/backend/jvm/BCodeBodyBuilder.scala	False	True	True	True
3820	adriaanm	2014-06-10 09:22:04	som-snytt	2014-06-16 18:35:10	src/compiler/scala/tools/nsc/backend/jvm/BCodeHelpers.scala	False	True	True	True
3820	adriaanm	2014-06-10 09:22:04	som-snytt	2014-06-16 18:35:10	src/compiler/scala/tools/nsc/backend/jvm/BCodeSkelBuilder.scala	False	True	True	True
3820	adriaanm	2014-06-10 09:22:04	som-snytt	2014-06-16 18:35:10	src/compiler/scala/tools/nsc/backend/jvm/GenASM.scala	False	True	True	True
3820	adriaanm	2014-06-10 09:22:04	som-snytt	2014-06-16 18:35:10	src/compiler/scala/tools/nsc/backend/jvm/GenBCode.scala	False	True	True	True
3820	adriaanm	2014-06-10 09:22:04	som-snytt	2014-06-16 18:35:10	src/compiler/scala/tools/nsc/backend/jvm/GenJVMASM.scala	False	True	True	True
3820	adriaanm	2014-06-10 09:22:04	som-snytt	2014-06-16 18:35:10	src/compiler/scala/tools/nsc/backend/opt/InlineExceptionHandlers.scala	False	True	True	True
3820	adriaanm	2014-06-10 09:22:04	som-snytt	2014-06-16 18:35:10	src/compiler/scala/tools/nsc/backend/opt/Inliners.scala	False	True	True	True
3820	adriaanm	2014-06-10 09:22:04	som-snytt	2014-06-16 18:35:10	test/files/neg/t1909-object.check	False	True	True	True
3820	adriaanm	2014-06-10 09:22:04	som-snytt	2014-06-16 18:35:10	test/files/neg/overloaded-implicit.check	False	True	True	True
3820	adriaanm	2014-06-10 09:22:04	som-snytt	2014-06-16 18:35:10	test/files/neg/checksensible.check	False	True	True	True
3820	adriaanm	2014-06-10 09:22:04	som-snytt	2014-06-16 18:35:10	src/repl/scala/tools/nsc/interpreter/IMain.scala	False	True	True	True
3820	adriaanm	2014-06-10 09:22:04	som-snytt	2014-06-16 18:30:48	test/files/run/t3996.check	False	True	True	True
3820	adriaanm	2014-06-10 09:22:04	som-snytt	2014-06-16 18:30:48	test/files/run/t4080.check	False	True	True	True
3820	adriaanm	2014-06-10 09:22:04	som-snytt	2014-06-16 18:30:48	test/files/run/t4461.check	False	True	True	True
3820	adriaanm	2014-06-10 09:22:04	som-snytt	2014-06-16 18:30:48	test/files/run/t4813.check	False	True	True	True
3820	adriaanm	2014-06-10 09:22:04	som-snytt	2014-06-16 18:30:48	test/files/run/t6111.check	False	True	True	True
3820	adriaanm	2014-06-10 09:22:04	som-snytt	2014-06-16 18:30:48	test/files/run/t6690.check	False	True	True	True
3820	adriaanm	2014-06-10 09:22:04	som-snytt	2014-06-16 18:30:48	test/files/run/t6863.check	False	True	True	True
3820	adriaanm	2014-06-10 09:22:04	som-snytt	2014-06-16 18:30:48	test/files/run/t8196.check	False	True	True	True
3820	adriaanm	2014-06-10 09:22:04	som-snytt	2014-06-16 18:30:48	test/files/run/t8549.check	False	True	True	True
3820	adriaanm	2014-06-10 09:22:04	som-snytt	2014-06-16 18:35:10	src/compiler/scala/tools/nsc/reporters/Reporter.scala	True	True	True	True
3820	adriaanm	2014-06-10 09:22:04	som-snytt	2014-06-16 18:35:10	bincompat-forward.whitelist.conf	False	True	True	True
3820	adriaanm	2014-06-10 09:22:04	som-snytt	2014-06-16 18:35:10	src/compiler/scala/reflect/macros/contexts/Parsers.scala	False	True	True	True
3820	adriaanm	2014-06-10 09:22:04	som-snytt	2014-06-16 18:35:10	src/compiler/scala/tools/nsc/CompilationUnits.scala	False	True	True	True
3820	adriaanm	2014-06-10 09:22:04	som-snytt	2014-06-16 18:35:10	src/compiler/scala/tools/nsc/CompileServer.scala	False	True	True	True
3820	adriaanm	2014-06-10 09:22:04	som-snytt	2014-06-16 18:35:10	src/compiler/scala/tools/nsc/Global.scala	False	True	True	True
3820	adriaanm	2014-06-10 09:22:04	som-snytt	2014-06-16 18:35:10	src/compiler/scala/tools/nsc/Reporting.scala	False	True	True	True
3820	adriaanm	2014-06-10 09:22:04	som-snytt	2014-06-16 18:35:10	src/compiler/scala/tools/nsc/ast/parser/SyntaxAnalyzer.scala	False	True	True	True
3820	adriaanm	2014-06-10 09:22:04	som-snytt	2014-06-16 18:35:10	src/compiler/scala/tools/nsc/reporters/Reporter.scala	False	True	True	True
3820	adriaanm	2014-06-10 09:22:04	som-snytt	2014-06-16 18:35:10	src/compiler/scala/tools/nsc/typechecker/Macros.scala	False	True	True	True
3820	adriaanm	2014-06-10 09:22:04	som-snytt	2014-06-16 18:35:10	src/compiler/scala/tools/nsc/typechecker/Typers.scala	False	True	True	True
3820	adriaanm	2014-06-10 09:22:04	som-snytt	2014-06-16 18:35:10	src/reflect/scala/reflect/internal/Positions.scala	False	True	True	True
3820	adriaanm	2014-06-10 09:22:04	som-snytt	2014-06-16 18:35:10	src/reflect/scala/reflect/internal/Reporting.scala	False	True	True	True
3820	adriaanm	2014-06-10 09:22:04	som-snytt	2014-06-16 18:35:10	src/reflect/scala/reflect/internal/SymbolTable.scala	False	True	True	True
3820	adriaanm	2014-06-10 09:22:04	som-snytt	2014-06-16 18:30:48	src/reflect/scala/reflect/runtime/JavaUniverse.scala	False	True	True	True
3820	adriaanm	2014-06-10 09:22:04	som-snytt	2014-06-16 18:16:45	src/compiler/scala/tools/nsc/typechecker/TreeCheckers.scala	False	True	True	True
3820	adriaanm	2014-06-10 09:22:04	som-snytt	2014-06-16 18:30:48	test/files/neg/unchecked-refinement.check	False	True	True	True
3820	adriaanm	2014-06-10 09:22:04	som-snytt	2014-06-16 18:16:45	src/compiler/scala/tools/nsc/backend/jvm/GenJVMASM.scala	False	True	True	True
3820	adriaanm	2014-06-10 09:22:04	som-snytt	2014-06-16 18:16:45	src/compiler/scala/tools/nsc/typechecker/RefChecks.scala	False	True	True	True
3820	adriaanm	2014-06-10 09:22:04	som-snytt	2014-06-16 18:16:45	src/compiler/scala/tools/nsc/reporters/ConsoleReporter.scala	False	True	True	True
3820	adriaanm	2014-06-10 09:22:04	som-snytt	2014-06-16 18:16:45	src/compiler/scala/tools/nsc/reporters/StoreReporter.scala	False	True	True	True
3820	adriaanm	2014-06-10 09:22:04	som-snytt	2014-06-16 18:16:45	src/repl/scala/tools/nsc/interpreter/ReplReporter.scala	False	True	True	True
3820	adriaanm	2014-06-10 09:22:04	som-snytt	2014-06-16 18:16:45	src/compiler/scala/tools/nsc/ast/parser/Parsers.scala	False	True	True	True
3820	adriaanm	2014-06-10 09:22:04	som-snytt	2014-06-16 18:16:45	src/compiler/scala/tools/nsc/backend/icode/GenICode.scala	False	True	True	True
3820	adriaanm	2014-06-10 09:22:04	som-snytt	2014-06-16 18:16:45	src/compiler/scala/tools/nsc/backend/jvm/BCodeBodyBuilder.scala	False	True	True	True
3820	adriaanm	2014-06-10 09:22:04	som-snytt	2014-06-16 18:16:45	src/compiler/scala/tools/nsc/backend/jvm/BCodeHelpers.scala	False	True	True	True
3820	adriaanm	2014-06-10 09:22:04	som-snytt	2014-06-16 18:16:45	src/compiler/scala/tools/nsc/backend/jvm/BCodeSkelBuilder.scala	False	True	True	True
3820	adriaanm	2014-06-10 09:22:04	som-snytt	2014-06-16 18:16:45	src/compiler/scala/tools/nsc/backend/jvm/GenASM.scala	False	True	True	True
3820	adriaanm	2014-06-10 09:22:04	som-snytt	2014-06-16 18:16:45	src/compiler/scala/tools/nsc/backend/jvm/GenBCode.scala	False	True	True	True
3820	adriaanm	2014-06-10 09:22:04	som-snytt	2014-06-16 18:16:45	src/compiler/scala/tools/nsc/backend/opt/InlineExceptionHandlers.scala	False	True	True	True
3820	adriaanm	2014-06-10 09:22:04	som-snytt	2014-06-16 18:30:48	test/files/neg/t6567.check	False	True	True	True
3820	adriaanm	2014-06-10 09:22:04	som-snytt	2014-06-16 18:16:45	src/compiler/scala/tools/nsc/backend/opt/Inliners.scala	False	True	True	True
3820	adriaanm	2014-06-10 09:22:04	som-snytt	2014-06-16 18:16:45	src/compiler/scala/tools/nsc/javac/JavaParsers.scala	False	True	True	True
3820	adriaanm	2014-06-10 09:22:04	som-snytt	2014-06-16 18:16:45	src/compiler/scala/tools/nsc/javac/JavaScanners.scala	False	True	True	True
3820	adriaanm	2014-06-10 09:22:04	som-snytt	2014-06-16 18:16:45	src/compiler/scala/tools/nsc/symtab/classfile/Pickler.scala	False	True	True	True
3820	adriaanm	2014-06-10 09:22:04	som-snytt	2014-06-16 18:16:45	src/compiler/scala/tools/nsc/transform/CleanUp.scala	False	True	True	True
3820	adriaanm	2014-06-10 09:22:04	som-snytt	2014-06-16 18:16:45	src/compiler/scala/tools/nsc/transform/Constructors.scala	False	True	True	True
3820	adriaanm	2014-06-10 09:22:04	som-snytt	2014-06-16 18:16:45	src/compiler/scala/tools/nsc/transform/Erasure.scala	False	True	True	True
3820	adriaanm	2014-06-10 09:22:04	som-snytt	2014-06-16 18:16:45	src/compiler/scala/tools/nsc/transform/ExplicitOuter.scala	False	True	True	True
3820	adriaanm	2014-06-10 09:22:04	som-snytt	2014-06-16 18:16:45	src/compiler/scala/tools/nsc/transform/ExtensionMethods.scala	False	True	True	True
3820	adriaanm	2014-06-10 09:22:04	som-snytt	2014-06-16 18:16:45	src/compiler/scala/tools/nsc/transform/LambdaLift.scala	False	True	True	True
3820	adriaanm	2014-06-10 09:22:04	som-snytt	2014-06-16 18:16:45	src/compiler/scala/tools/nsc/transform/Mixin.scala	False	True	True	True
3820	adriaanm	2014-06-10 09:22:04	som-snytt	2014-06-16 18:16:45	src/compiler/scala/tools/nsc/typechecker/NamesDefaults.scala	False	True	True	True
3820	adriaanm	2014-06-10 09:22:04	som-snytt	2014-06-16 18:16:45	src/compiler/scala/tools/nsc/typechecker/Adaptations.scala	False	True	True	True
3820	adriaanm	2014-06-10 09:22:04	som-snytt	2014-06-16 18:16:45	src/compiler/scala/tools/nsc/transform/patmat/ScalacPatternExpanders.scala	False	True	True	True
3820	adriaanm	2014-06-10 09:22:04	som-snytt	2014-06-16 18:16:45	test/junit/scala/tools/nsc/symtab/SymbolTableForUnitTesting.scala	False	True	True	True
3820	adriaanm	2014-06-10 09:22:04	som-snytt	2014-06-16 18:16:45	src/compiler/scala/tools/nsc/reporters/Reporter.scala	True	True	True	True
3820	adriaanm	2014-06-10 09:22:04	som-snytt	2014-06-16 18:16:45	bincompat-forward.whitelist.conf	False	True	True	True
3820	adriaanm	2014-06-10 09:22:04	som-snytt	2014-06-16 18:16:45	src/compiler/scala/reflect/macros/contexts/Parsers.scala	False	True	True	True
3820	adriaanm	2014-06-10 09:22:04	som-snytt	2014-06-16 18:16:45	src/compiler/scala/tools/nsc/CompilationUnits.scala	False	True	True	True
3820	adriaanm	2014-06-10 09:22:04	som-snytt	2014-06-16 18:16:45	src/compiler/scala/tools/nsc/CompileServer.scala	False	True	True	True
3820	adriaanm	2014-06-10 09:22:04	som-snytt	2014-06-16 18:16:45	src/compiler/scala/tools/nsc/Global.scala	False	True	True	True
3820	adriaanm	2014-06-10 09:22:04	som-snytt	2014-06-16 18:16:45	src/compiler/scala/tools/nsc/Reporting.scala	False	True	True	True
3820	adriaanm	2014-06-10 09:22:04	som-snytt	2014-06-16 18:16:45	src/compiler/scala/tools/nsc/ast/parser/SyntaxAnalyzer.scala	False	True	True	True
3820	adriaanm	2014-06-10 09:22:04	som-snytt	2014-06-16 18:16:45	src/compiler/scala/tools/nsc/reporters/Reporter.scala	False	True	True	True
3820	adriaanm	2014-06-10 09:22:04	som-snytt	2014-06-16 18:16:45	src/compiler/scala/tools/nsc/typechecker/Macros.scala	False	True	True	True
3820	adriaanm	2014-06-10 09:22:04	som-snytt	2014-06-16 18:16:45	src/compiler/scala/tools/nsc/typechecker/Typers.scala	False	True	True	True
3820	adriaanm	2014-06-10 09:22:04	som-snytt	2014-06-16 18:16:45	src/reflect/scala/reflect/internal/Positions.scala	False	True	True	True
3820	adriaanm	2014-06-10 09:22:04	som-snytt	2014-06-16 18:16:45	src/reflect/scala/reflect/internal/Reporting.scala	False	True	True	True
3820	adriaanm	2014-06-10 09:22:04	som-snytt	2014-06-16 18:16:45	src/reflect/scala/reflect/internal/SymbolTable.scala	False	True	True	True
3820	adriaanm	2014-06-10 09:22:04	som-snytt	2014-06-16 18:16:45	src/repl/scala/tools/nsc/interpreter/IMain.scala	False	True	True	True
3820	adriaanm	2014-06-10 09:22:04	som-snytt	2014-06-16 18:16:45	test/files/neg/checksensible.check	False	True	True	True
3820	adriaanm	2014-06-10 09:22:04	som-snytt	2014-06-16 18:16:45	test/files/neg/overloaded-implicit.check	False	True	True	True
3820	adriaanm	2014-06-10 09:22:04	som-snytt	2014-06-16 18:16:45	test/files/neg/t1909-object.check	False	True	True	True
3820	adriaanm	2014-06-10 09:22:04	som-snytt	2014-06-16 18:16:45	test/files/neg/t5675.check	False	True	True	True
3820	adriaanm	2014-06-10 09:22:04	som-snytt	2014-06-16 18:16:45	test/files/neg/t6567.check	False	True	True	True
3820	adriaanm	2014-06-10 09:22:04	som-snytt	2014-06-16 18:16:45	test/files/neg/unchecked-refinement.check	False	True	True	True
3820	adriaanm	2014-06-10 09:22:04	som-snytt	2014-06-16 18:16:45	src/compiler/scala/tools/nsc/reporters/AbstractReporter.scala	False	True	True	True
3820	adriaanm	2014-06-10 09:22:04	som-snytt	2014-06-16 18:16:45	src/reflect/scala/reflect/runtime/JavaUniverse.scala	False	True	True	True
3820	adriaanm	2014-06-10 09:22:04	som-snytt	2014-06-16 18:16:45	src/compiler/scala/tools/nsc/transform/TailCalls.scala	False	True	True	True
3820	adriaanm	2014-06-10 09:22:04	som-snytt	2014-06-16 18:16:45	src/compiler/scala/tools/nsc/transform/UnCurry.scala	False	True	True	True
3820	adriaanm	2014-06-10 09:22:04	som-snytt	2014-06-16 18:16:45	src/compiler/scala/tools/nsc/transform/patmat/MatchAnalysis.scala	False	True	True	True
3820	adriaanm	2014-06-10 09:22:04	som-snytt	2014-06-16 18:16:45	test/files/run/t4813.check	False	True	True	True
3820	adriaanm	2014-06-10 09:22:04	som-snytt	2014-06-16 18:16:45	test/files/run/t6690.check	False	True	True	True
3820	adriaanm	2014-06-10 09:22:04	som-snytt	2014-06-16 18:16:45	test/files/run/t6863.check	False	True	True	True
3820	adriaanm	2014-06-10 09:22:04	som-snytt	2014-06-16 18:16:45	test/files/run/t8196.check	False	True	True	True
3820	adriaanm	2014-06-10 09:22:04	som-snytt	2014-06-16 18:16:45	test/files/run/t8549.check	False	True	True	True
3820	adriaanm	2014-06-10 09:22:04	som-snytt	2014-06-16 18:30:48	src/compiler/scala/tools/nsc/reporters/Reporter.scala	True	True	True	True
3820	adriaanm	2014-06-10 09:22:04	som-snytt	2014-06-16 18:30:48	bincompat-forward.whitelist.conf	False	True	True	True
3820	adriaanm	2014-06-10 09:22:04	som-snytt	2014-06-16 18:30:48	src/compiler/scala/reflect/macros/contexts/Parsers.scala	False	True	True	True
3820	adriaanm	2014-06-10 09:22:04	som-snytt	2014-06-16 18:30:48	src/compiler/scala/tools/nsc/CompilationUnits.scala	False	True	True	True
3820	adriaanm	2014-06-10 09:22:04	som-snytt	2014-06-16 18:30:48	src/compiler/scala/tools/nsc/CompileServer.scala	False	True	True	True
3820	adriaanm	2014-06-10 09:22:04	som-snytt	2014-06-16 18:30:48	src/compiler/scala/tools/nsc/Global.scala	False	True	True	True
3820	adriaanm	2014-06-10 09:22:04	som-snytt	2014-06-16 18:30:48	src/compiler/scala/tools/nsc/Reporting.scala	False	True	True	True
3820	adriaanm	2014-06-10 09:22:04	som-snytt	2014-06-16 18:30:48	src/compiler/scala/tools/nsc/ast/parser/SyntaxAnalyzer.scala	False	True	True	True
3820	adriaanm	2014-06-10 09:22:04	som-snytt	2014-06-16 18:30:48	src/compiler/scala/tools/nsc/reporters/Reporter.scala	False	True	True	True
3820	adriaanm	2014-06-10 09:22:04	som-snytt	2014-06-16 18:30:48	src/compiler/scala/tools/nsc/typechecker/Macros.scala	False	True	True	True
3820	adriaanm	2014-06-10 09:22:04	som-snytt	2014-06-16 18:30:48	src/compiler/scala/tools/nsc/typechecker/Typers.scala	False	True	True	True
3820	adriaanm	2014-06-10 09:22:04	som-snytt	2014-06-16 18:30:48	src/reflect/scala/reflect/internal/Positions.scala	False	True	True	True
3820	adriaanm	2014-06-10 09:22:04	som-snytt	2014-06-16 18:30:48	src/reflect/scala/reflect/internal/Reporting.scala	False	True	True	True
3820	adriaanm	2014-06-10 09:22:04	som-snytt	2014-06-16 18:30:48	src/reflect/scala/reflect/internal/SymbolTable.scala	False	True	True	True
3820	adriaanm	2014-06-10 09:22:04	som-snytt	2014-06-16 18:30:48	src/repl/scala/tools/nsc/interpreter/IMain.scala	False	True	True	True
3820	adriaanm	2014-06-10 09:22:04	som-snytt	2014-06-16 18:30:48	test/files/neg/checksensible.check	False	True	True	True
3820	adriaanm	2014-06-10 09:22:04	som-snytt	2014-06-16 18:30:48	test/files/neg/overloaded-implicit.check	False	True	True	True
3820	adriaanm	2014-06-10 09:22:04	som-snytt	2014-06-16 18:30:48	test/files/neg/t1909-object.check	False	True	True	True
3820	adriaanm	2014-06-10 09:22:04	som-snytt	2014-06-16 18:30:48	test/files/neg/t5675.check	False	True	True	True
3820	adriaanm	2014-06-10 09:22:04	som-snytt	2014-06-16 18:16:45	test/files/run/t6111.check	False	True	True	True
3820	adriaanm	2014-06-10 09:22:04	som-snytt	2014-06-16 18:16:45	test/files/run/t4461.check	False	True	True	True
3820	adriaanm	2014-06-10 09:22:04	som-snytt	2014-06-16 18:16:45	src/compiler/scala/tools/nsc/transform/patmat/MatchOptimization.scala	False	True	True	True
3820	adriaanm	2014-06-10 09:22:04	som-snytt	2014-06-16 18:16:45	test/files/run/t4080.check	False	True	True	True
3820	adriaanm	2014-06-10 09:22:04	som-snytt	2014-06-16 18:16:45	src/compiler/scala/tools/nsc/transform/patmat/MatchTranslation.scala	False	True	True	True
3820	adriaanm	2014-06-10 09:22:04	som-snytt	2014-06-16 18:16:45	src/compiler/scala/tools/nsc/transform/patmat/MatchTreeMaking.scala	False	True	True	True
3820	adriaanm	2014-06-10 09:22:04	som-snytt	2014-06-16 18:16:45	src/compiler/scala/tools/nsc/transform/patmat/MatchWarnings.scala	False	True	True	True
3820	adriaanm	2014-06-10 09:22:04	som-snytt	2014-06-16 18:16:45	src/compiler/scala/tools/nsc/transform/patmat/PatternMatching.scala	False	True	True	True
3820	adriaanm	2014-06-10 09:22:04	som-snytt	2014-06-16 18:16:45	src/compiler/scala/tools/nsc/typechecker/Checkable.scala	False	True	True	True
3820	adriaanm	2014-06-10 09:22:04	som-snytt	2014-06-16 18:16:45	src/compiler/scala/tools/nsc/typechecker/Contexts.scala	False	True	True	True
3820	adriaanm	2014-06-10 09:22:04	som-snytt	2014-06-16 18:16:45	src/compiler/scala/tools/nsc/typechecker/Infer.scala	False	True	True	True
3820	adriaanm	2014-06-10 09:22:04	som-snytt	2014-06-16 18:16:45	src/compiler/scala/tools/nsc/typechecker/Namers.scala	False	True	True	True
3820	adriaanm	2014-06-10 09:22:04	som-snytt	2014-06-16 18:16:45	src/compiler/scala/tools/nsc/typechecker/SuperAccessors.scala	False	True	True	True
3820	adriaanm	2014-06-10 09:22:04	som-snytt	2014-06-16 18:35:10	src/compiler/scala/tools/nsc/javac/JavaScanners.scala	False	True	True	True
3820	adriaanm	2014-06-10 09:22:04	som-snytt	2014-06-16 18:16:45	src/compiler/scala/tools/nsc/typechecker/TypeDiagnostics.scala	False	True	True	True
3820	adriaanm	2014-06-10 09:22:04	som-snytt	2014-06-16 18:16:45	src/compiler/scala/tools/reflect/FormatInterpolator.scala	False	True	True	True
3820	adriaanm	2014-06-10 09:22:04	som-snytt	2014-06-16 18:16:45	src/scaladoc/scala/tools/nsc/doc/ScaladocAnalyzer.scala	False	True	True	True
3820	adriaanm	2014-06-10 09:22:04	som-snytt	2014-06-16 18:16:45	src/reflect/scala/reflect/internal/Variances.scala	False	True	True	True
3820	adriaanm	2014-06-10 09:22:04	som-snytt	2014-06-16 18:16:45	test/files/jvm/deprecation.check	False	True	True	True
3820	adriaanm	2014-06-10 09:22:04	som-snytt	2014-06-16 18:16:45	test/files/jvm/serialization-new.check	False	True	True	True
3820	adriaanm	2014-06-10 09:22:04	som-snytt	2014-06-16 18:16:45	test/files/jvm/serialization.check	False	True	True	True
3820	adriaanm	2014-06-10 09:22:04	som-snytt	2014-06-16 18:16:45	test/files/run/colltest.check	False	True	True	True
3820	adriaanm	2014-06-10 09:22:04	som-snytt	2014-06-16 18:16:45	test/files/run/inferred-type-constructors.check	False	True	True	True
3820	adriaanm	2014-06-10 09:22:04	som-snytt	2014-06-16 18:16:45	test/files/run/names-defaults.check	False	True	True	True
3820	adriaanm	2014-06-10 09:22:04	som-snytt	2014-06-16 18:16:45	test/files/run/richs.check	False	True	True	True
3820	adriaanm	2014-06-10 09:22:04	som-snytt	2014-06-16 18:16:45	test/files/run/t2212.check	False	True	True	True
3820	adriaanm	2014-06-10 09:22:04	som-snytt	2014-06-16 18:16:45	test/files/run/t3996.check	False	True	True	True
3820	adriaanm	2014-06-10 09:22:04	som-snytt	2014-06-16 18:35:10	src/compiler/scala/tools/nsc/javac/JavaParsers.scala	False	True	True	True
3820	adriaanm	2014-06-10 09:22:04	som-snytt	2014-06-16 18:16:45	src/compiler/scala/tools/nsc/ast/parser/Scanners.scala	False	True	True	True
3820	adriaanm	2014-06-10 09:22:04	som-snytt	2014-06-16 18:35:10	src/compiler/scala/tools/nsc/symtab/classfile/Pickler.scala	False	True	True	True
3820	adriaanm	2014-06-10 09:22:04	som-snytt	2014-06-16 18:41:59	test/files/neg/t6567.check	False	True	True	True
3820	adriaanm	2014-06-10 09:22:04	som-snytt	2014-06-16 18:41:59	src/compiler/scala/tools/nsc/reporters/Reporter.scala	False	True	True	True
3820	adriaanm	2014-06-10 09:22:04	som-snytt	2014-06-16 18:41:59	src/compiler/scala/tools/nsc/typechecker/Macros.scala	False	True	True	True
3820	adriaanm	2014-06-10 09:22:04	som-snytt	2014-06-16 18:41:59	src/compiler/scala/tools/nsc/typechecker/Typers.scala	False	True	True	True
3820	adriaanm	2014-06-10 09:22:04	som-snytt	2014-06-16 18:41:59	src/reflect/scala/reflect/internal/Positions.scala	False	True	True	True
3820	adriaanm	2014-06-10 09:22:04	som-snytt	2014-06-16 18:41:59	src/reflect/scala/reflect/internal/Reporting.scala	False	True	True	True
3820	adriaanm	2014-06-10 09:22:04	som-snytt	2014-06-16 18:41:59	src/reflect/scala/reflect/internal/SymbolTable.scala	False	True	True	True
3820	adriaanm	2014-06-10 09:22:04	som-snytt	2014-06-16 18:41:59	src/repl/scala/tools/nsc/interpreter/IMain.scala	False	True	True	True
3820	adriaanm	2014-06-10 09:22:04	som-snytt	2014-06-16 18:41:59	test/files/neg/checksensible.check	False	True	True	True
3820	adriaanm	2014-06-10 09:22:04	som-snytt	2014-06-16 18:41:59	test/files/neg/overloaded-implicit.check	False	True	True	True
3820	adriaanm	2014-06-10 09:22:04	som-snytt	2014-06-16 18:41:59	test/files/neg/t1909-object.check	False	True	True	True
3820	adriaanm	2014-06-10 09:22:04	som-snytt	2014-06-16 18:41:59	test/files/neg/t5675.check	False	True	True	True
3820	adriaanm	2014-06-10 09:22:04	som-snytt	2014-06-16 18:41:59	test/files/neg/unchecked-refinement.check	False	True	True	True
3820	adriaanm	2014-06-10 09:22:04	som-snytt	2014-06-16 18:41:59	src/compiler/scala/tools/nsc/backend/icode/GenICode.scala	False	True	True	True
3820	adriaanm	2014-06-10 09:22:04	som-snytt	2014-06-16 18:41:59	src/compiler/scala/tools/nsc/reporters/AbstractReporter.scala	False	True	True	True
3820	adriaanm	2014-06-10 09:22:04	som-snytt	2014-06-16 18:41:59	src/reflect/scala/reflect/runtime/JavaUniverse.scala	False	True	True	True
3820	adriaanm	2014-06-10 09:22:04	som-snytt	2014-06-16 18:41:59	test/junit/scala/tools/nsc/symtab/SymbolTableForUnitTesting.scala	False	True	True	True
3820	adriaanm	2014-06-10 09:22:04	som-snytt	2014-06-16 18:41:59	src/compiler/scala/tools/nsc/transform/patmat/ScalacPatternExpanders.scala	False	True	True	True
3820	adriaanm	2014-06-10 09:22:04	som-snytt	2014-06-16 18:41:59	src/compiler/scala/tools/nsc/typechecker/Adaptations.scala	False	True	True	True
3820	adriaanm	2014-06-10 09:22:04	som-snytt	2014-06-16 18:41:59	src/compiler/scala/tools/nsc/typechecker/NamesDefaults.scala	False	True	True	True
3820	adriaanm	2014-06-10 09:22:04	som-snytt	2014-06-16 18:41:59	src/compiler/scala/tools/nsc/typechecker/RefChecks.scala	False	True	True	True
3820	adriaanm	2014-06-10 09:22:04	som-snytt	2014-06-16 18:41:59	src/compiler/scala/tools/nsc/reporters/ConsoleReporter.scala	False	True	True	True
3820	adriaanm	2014-06-10 09:22:04	som-snytt	2014-06-16 18:41:59	src/compiler/scala/tools/nsc/reporters/StoreReporter.scala	False	True	True	True
3820	adriaanm	2014-06-10 09:22:04	som-snytt	2014-06-16 18:41:59	src/repl/scala/tools/nsc/interpreter/ReplReporter.scala	False	True	True	True
3820	adriaanm	2014-06-10 09:22:04	som-snytt	2014-06-16 18:41:59	src/compiler/scala/tools/nsc/ast/parser/Parsers.scala	False	True	True	True
3820	adriaanm	2014-06-10 09:22:04	som-snytt	2014-06-16 18:41:59	src/compiler/scala/tools/nsc/ast/parser/SyntaxAnalyzer.scala	False	True	True	True
3820	adriaanm	2014-06-10 09:22:04	som-snytt	2014-06-16 18:41:59	src/compiler/scala/tools/nsc/Reporting.scala	False	True	True	True
3820	adriaanm	2014-06-10 09:22:04	som-snytt	2014-06-16 18:41:59	src/compiler/scala/tools/nsc/Global.scala	False	True	True	True
3820	adriaanm	2014-06-10 09:22:04	som-snytt	2014-06-16 18:41:59	src/compiler/scala/tools/nsc/CompileServer.scala	False	True	True	True
3820	adriaanm	2014-06-10 09:22:04	som-snytt	2014-06-16 18:54:31	src/scaladoc/scala/tools/nsc/doc/ScaladocAnalyzer.scala	False	True	True	True
3820	adriaanm	2014-06-10 09:22:04	som-snytt	2014-06-16 18:54:31	src/reflect/scala/reflect/internal/Variances.scala	False	True	True	True
3820	adriaanm	2014-06-10 09:22:04	som-snytt	2014-06-16 18:54:31	test/files/jvm/deprecation.check	False	True	True	True
3820	adriaanm	2014-06-10 09:22:04	som-snytt	2014-06-16 18:54:31	test/files/jvm/serialization-new.check	False	True	True	True
3820	adriaanm	2014-06-10 09:22:04	som-snytt	2014-06-16 18:54:31	test/files/jvm/serialization.check	False	True	True	True
3820	adriaanm	2014-06-10 09:22:04	som-snytt	2014-06-16 18:54:31	test/files/run/colltest.check	False	True	True	True
3820	adriaanm	2014-06-10 09:22:04	som-snytt	2014-06-16 18:54:31	test/files/run/inferred-type-constructors.check	False	True	True	True
3820	adriaanm	2014-06-10 09:22:04	som-snytt	2014-06-16 18:54:31	test/files/run/names-defaults.check	False	True	True	True
3820	adriaanm	2014-06-10 09:22:04	som-snytt	2014-06-16 18:54:31	test/files/run/richs.check	False	True	True	True
3820	adriaanm	2014-06-10 09:22:04	som-snytt	2014-06-16 18:54:31	test/files/run/t2212.check	False	True	True	True
3820	adriaanm	2014-06-10 09:22:04	som-snytt	2014-06-16 18:54:31	test/files/run/t3996.check	False	True	True	True
3820	adriaanm	2014-06-10 09:22:04	som-snytt	2014-06-16 18:54:31	test/files/run/t4080.check	False	True	True	True
3820	adriaanm	2014-06-10 09:22:04	som-snytt	2014-06-16 18:54:31	test/files/run/t4461.check	False	True	True	True
3820	adriaanm	2014-06-10 09:22:04	som-snytt	2014-06-16 18:54:31	test/files/run/t4813.check	False	True	True	True
3820	adriaanm	2014-06-10 09:22:04	som-snytt	2014-06-16 18:54:31	test/files/run/t6111.check	False	True	True	True
3820	adriaanm	2014-06-10 09:22:04	som-snytt	2014-06-16 18:54:31	test/files/run/t6690.check	False	True	True	True
3820	adriaanm	2014-06-10 09:22:04	som-snytt	2014-06-16 18:54:31	test/files/run/t6863.check	False	True	True	True
3820	adriaanm	2014-06-10 09:22:04	som-snytt	2014-06-16 18:54:31	test/files/run/t8196.check	False	True	True	True
3820	adriaanm	2014-06-10 09:22:04	som-snytt	2014-06-16 18:54:31	test/files/run/t8549.check	False	True	True	True
3820	adriaanm	2014-06-10 09:22:04	som-snytt	2014-06-16 18:41:59	src/compiler/scala/tools/nsc/reporters/Reporter.scala	True	True	True	True
3820	adriaanm	2014-06-10 09:22:04	som-snytt	2014-06-16 18:41:59	bincompat-forward.whitelist.conf	False	True	True	True
3820	adriaanm	2014-06-10 09:22:04	som-snytt	2014-06-16 18:41:59	src/compiler/scala/reflect/macros/contexts/Parsers.scala	False	True	True	True
3820	adriaanm	2014-06-10 09:22:04	som-snytt	2014-06-16 18:41:59	src/compiler/scala/tools/nsc/CompilationUnits.scala	False	True	True	True
3820	adriaanm	2014-06-10 09:22:04	som-snytt	2014-06-16 18:41:59	src/compiler/scala/tools/nsc/ast/parser/Scanners.scala	False	True	True	True
3820	adriaanm	2014-06-10 09:22:04	som-snytt	2014-06-16 18:41:59	src/compiler/scala/tools/nsc/backend/jvm/BCodeBodyBuilder.scala	False	True	True	True
3820	adriaanm	2014-06-10 09:22:04	som-snytt	2014-06-16 18:54:31	src/compiler/scala/tools/nsc/typechecker/TypeDiagnostics.scala	False	True	True	True
3820	adriaanm	2014-06-10 09:22:04	som-snytt	2014-06-16 18:41:59	test/files/run/names-defaults.check	False	True	True	True
3820	adriaanm	2014-06-10 09:22:04	som-snytt	2014-06-16 18:41:59	src/compiler/scala/tools/nsc/typechecker/SuperAccessors.scala	False	True	True	True
3820	adriaanm	2014-06-10 09:22:04	som-snytt	2014-06-16 18:41:59	src/compiler/scala/tools/nsc/typechecker/TreeCheckers.scala	False	True	True	True
3820	adriaanm	2014-06-10 09:22:04	som-snytt	2014-06-16 18:41:59	src/compiler/scala/tools/nsc/typechecker/TypeDiagnostics.scala	False	True	True	True
3820	adriaanm	2014-06-10 09:22:04	som-snytt	2014-06-16 18:41:59	src/compiler/scala/tools/reflect/FormatInterpolator.scala	False	True	True	True
3820	adriaanm	2014-06-10 09:22:04	som-snytt	2014-06-16 18:41:59	src/scaladoc/scala/tools/nsc/doc/ScaladocAnalyzer.scala	False	True	True	True
3820	adriaanm	2014-06-10 09:22:04	som-snytt	2014-06-16 18:41:59	src/reflect/scala/reflect/internal/Variances.scala	False	True	True	True
3820	adriaanm	2014-06-10 09:22:04	som-snytt	2014-06-16 18:41:59	test/files/jvm/deprecation.check	False	True	True	True
3820	adriaanm	2014-06-10 09:22:04	som-snytt	2014-06-16 18:41:59	test/files/jvm/serialization-new.check	False	True	True	True
3820	adriaanm	2014-06-10 09:22:04	som-snytt	2014-06-16 18:41:59	test/files/jvm/serialization.check	False	True	True	True
3820	adriaanm	2014-06-10 09:22:04	som-snytt	2014-06-16 18:41:59	test/files/run/colltest.check	False	True	True	True
3820	adriaanm	2014-06-10 09:22:04	som-snytt	2014-06-16 18:41:59	test/files/run/inferred-type-constructors.check	False	True	True	True
3820	adriaanm	2014-06-10 09:22:04	som-snytt	2014-06-16 18:41:59	test/files/run/richs.check	False	True	True	True
3820	adriaanm	2014-06-10 09:22:04	som-snytt	2014-06-16 18:41:59	src/compiler/scala/tools/nsc/backend/jvm/BCodeHelpers.scala	False	True	True	True
3820	adriaanm	2014-06-10 09:22:04	som-snytt	2014-06-16 18:41:59	test/files/run/t2212.check	False	True	True	True
3820	adriaanm	2014-06-10 09:22:04	som-snytt	2014-06-16 18:41:59	test/files/run/t3996.check	False	True	True	True
3820	adriaanm	2014-06-10 09:22:04	som-snytt	2014-06-16 18:41:59	test/files/run/t4080.check	False	True	True	True
3820	adriaanm	2014-06-10 09:22:04	som-snytt	2014-06-16 18:41:59	test/files/run/t4461.check	False	True	True	True
3820	adriaanm	2014-06-10 09:22:04	som-snytt	2014-06-16 18:41:59	test/files/run/t4813.check	False	True	True	True
3820	adriaanm	2014-06-10 09:22:04	som-snytt	2014-06-16 18:41:59	test/files/run/t6111.check	False	True	True	True
3820	adriaanm	2014-06-10 09:22:04	som-snytt	2014-06-16 18:41:59	test/files/run/t6690.check	False	True	True	True
3820	adriaanm	2014-06-10 09:22:04	som-snytt	2014-06-16 18:41:59	test/files/run/t6863.check	False	True	True	True
3820	adriaanm	2014-06-10 09:22:04	som-snytt	2014-06-16 18:41:59	test/files/run/t8196.check	False	True	True	True
3820	adriaanm	2014-06-10 09:22:04	som-snytt	2014-06-16 18:41:59	test/files/run/t8549.check	False	True	True	True
3820	adriaanm	2014-06-10 09:22:04	som-snytt	2014-06-16 18:35:10	src/compiler/scala/tools/nsc/transform/CleanUp.scala	False	True	True	True
3820	adriaanm	2014-06-10 09:22:04	som-snytt	2014-06-16 18:41:59	src/compiler/scala/tools/nsc/typechecker/Namers.scala	False	True	True	True
3820	adriaanm	2014-06-10 09:22:04	som-snytt	2014-06-16 18:41:59	src/compiler/scala/tools/nsc/typechecker/Infer.scala	False	True	True	True
3820	adriaanm	2014-06-10 09:22:04	som-snytt	2014-06-16 18:41:59	src/compiler/scala/tools/nsc/typechecker/Contexts.scala	False	True	True	True
3820	adriaanm	2014-06-10 09:22:04	som-snytt	2014-06-16 18:41:59	src/compiler/scala/tools/nsc/typechecker/Checkable.scala	False	True	True	True
3820	adriaanm	2014-06-10 09:22:04	som-snytt	2014-06-16 18:41:59	src/compiler/scala/tools/nsc/backend/jvm/BCodeSkelBuilder.scala	False	True	True	True
3820	adriaanm	2014-06-10 09:22:04	som-snytt	2014-06-16 18:41:59	src/compiler/scala/tools/nsc/backend/jvm/GenASM.scala	False	True	True	True
3820	adriaanm	2014-06-10 09:22:04	som-snytt	2014-06-16 18:41:59	src/compiler/scala/tools/nsc/backend/jvm/GenBCode.scala	False	True	True	True
3820	adriaanm	2014-06-10 09:22:04	som-snytt	2014-06-16 18:41:59	src/compiler/scala/tools/nsc/backend/jvm/GenJVMASM.scala	False	True	True	True
3820	adriaanm	2014-06-10 09:22:04	som-snytt	2014-06-16 18:41:59	src/compiler/scala/tools/nsc/backend/opt/InlineExceptionHandlers.scala	False	True	True	True
3820	adriaanm	2014-06-10 09:22:04	som-snytt	2014-06-16 18:41:59	src/compiler/scala/tools/nsc/backend/opt/Inliners.scala	False	True	True	True
3820	adriaanm	2014-06-10 09:22:04	som-snytt	2014-06-16 18:41:59	src/compiler/scala/tools/nsc/javac/JavaParsers.scala	False	True	True	True
3820	adriaanm	2014-06-10 09:22:04	som-snytt	2014-06-16 18:41:59	src/compiler/scala/tools/nsc/symtab/classfile/Pickler.scala	False	True	True	True
3820	adriaanm	2014-06-10 09:22:04	som-snytt	2014-06-16 18:41:59	src/compiler/scala/tools/nsc/transform/CleanUp.scala	False	True	True	True
3820	adriaanm	2014-06-10 09:22:04	som-snytt	2014-06-16 18:41:59	src/compiler/scala/tools/nsc/transform/Constructors.scala	False	True	True	True
3820	adriaanm	2014-06-10 09:22:04	som-snytt	2014-06-16 18:41:59	src/compiler/scala/tools/nsc/transform/Erasure.scala	False	True	True	True
3820	adriaanm	2014-06-10 09:22:04	som-snytt	2014-06-16 18:41:59	src/compiler/scala/tools/nsc/transform/ExplicitOuter.scala	False	True	True	True
3820	adriaanm	2014-06-10 09:22:04	som-snytt	2014-06-16 18:41:59	src/compiler/scala/tools/nsc/transform/ExtensionMethods.scala	False	True	True	True
3820	adriaanm	2014-06-10 09:22:04	som-snytt	2014-06-16 18:41:59	src/compiler/scala/tools/nsc/transform/LambdaLift.scala	False	True	True	True
3820	adriaanm	2014-06-10 09:22:04	som-snytt	2014-06-16 18:41:59	src/compiler/scala/tools/nsc/transform/Mixin.scala	False	True	True	True
3820	adriaanm	2014-06-10 09:22:04	som-snytt	2014-06-16 18:41:59	src/compiler/scala/tools/nsc/transform/TailCalls.scala	False	True	True	True
3820	adriaanm	2014-06-10 09:22:04	som-snytt	2014-06-16 18:41:59	src/compiler/scala/tools/nsc/transform/UnCurry.scala	False	True	True	True
3820	adriaanm	2014-06-10 09:22:04	som-snytt	2014-06-16 18:41:59	src/compiler/scala/tools/nsc/transform/patmat/MatchAnalysis.scala	False	True	True	True
3820	adriaanm	2014-06-10 09:22:04	som-snytt	2014-06-16 18:41:59	src/compiler/scala/tools/nsc/transform/patmat/MatchOptimization.scala	False	True	True	True
3820	adriaanm	2014-06-10 09:22:04	som-snytt	2014-06-16 18:41:59	src/compiler/scala/tools/nsc/transform/patmat/MatchTranslation.scala	False	True	True	True
3820	adriaanm	2014-06-10 09:22:04	som-snytt	2014-06-16 18:41:59	src/compiler/scala/tools/nsc/transform/patmat/MatchTreeMaking.scala	False	True	True	True
3820	adriaanm	2014-06-10 09:22:04	som-snytt	2014-06-16 18:41:59	src/compiler/scala/tools/nsc/transform/patmat/MatchWarnings.scala	False	True	True	True
3820	adriaanm	2014-06-10 09:22:04	som-snytt	2014-06-16 18:41:59	src/compiler/scala/tools/nsc/transform/patmat/PatternMatching.scala	False	True	True	True
3820	adriaanm	2014-06-10 09:22:04	som-snytt	2014-06-16 18:54:31	src/compiler/scala/tools/reflect/FormatInterpolator.scala	False	True	True	True
3820	adriaanm	2014-06-10 09:22:04	som-snytt	2014-06-16 18:41:59	src/compiler/scala/tools/nsc/javac/JavaScanners.scala	False	True	True	True
3820	adriaanm	2014-06-10 09:22:04	som-snytt	2014-06-16 18:54:31	src/compiler/scala/tools/nsc/typechecker/TreeCheckers.scala	False	True	True	True
3820	adriaanm	2014-06-10 09:22:04	som-snytt	2014-06-16 18:35:10	test/files/run/t6863.check	False	True	True	True
3820	adriaanm	2014-06-10 09:22:04	som-snytt	2014-06-16 18:35:10	test/files/run/colltest.check	False	True	True	True
3820	adriaanm	2014-06-10 09:22:04	som-snytt	2014-06-16 18:35:10	test/files/run/inferred-type-constructors.check	False	True	True	True
3820	adriaanm	2014-06-10 09:22:04	som-snytt	2014-06-16 18:35:10	test/files/run/names-defaults.check	False	True	True	True
3820	adriaanm	2014-06-10 09:22:04	som-snytt	2014-06-16 18:35:10	test/files/run/richs.check	False	True	True	True
3820	adriaanm	2014-06-10 09:22:04	som-snytt	2014-06-16 18:35:10	test/files/run/t2212.check	False	True	True	True
3820	adriaanm	2014-06-10 09:22:04	som-snytt	2014-06-16 18:35:10	test/files/run/t3996.check	False	True	True	True
3820	adriaanm	2014-06-10 09:22:04	som-snytt	2014-06-16 18:35:10	test/files/run/t4080.check	False	True	True	True
3820	adriaanm	2014-06-10 09:22:04	som-snytt	2014-06-16 18:35:10	test/files/run/t4461.check	False	True	True	True
3820	adriaanm	2014-06-10 09:22:04	som-snytt	2014-06-16 18:35:10	test/files/run/t4813.check	False	True	True	True
3820	adriaanm	2014-06-10 09:22:04	som-snytt	2014-06-16 18:35:10	test/files/run/t6111.check	False	True	True	True
3820	adriaanm	2014-06-10 09:22:04	som-snytt	2014-06-16 18:35:10	test/files/run/t6690.check	False	True	True	True
3820	adriaanm	2014-06-10 09:22:04	som-snytt	2014-06-16 18:35:10	test/files/run/t8196.check	False	True	True	True
3820	adriaanm	2014-06-10 09:22:04	som-snytt	2014-06-16 18:54:31	src/reflect/scala/reflect/internal/Positions.scala	False	True	True	True
3820	adriaanm	2014-06-10 09:22:04	som-snytt	2014-06-16 18:35:10	test/files/run/t8549.check	False	True	True	True
3820	adriaanm	2014-06-10 09:22:04	som-snytt	2014-06-16 18:54:31	src/compiler/scala/tools/nsc/reporters/Reporter.scala	True	True	True	True
3820	adriaanm	2014-06-10 09:22:04	som-snytt	2014-06-16 18:54:31	bincompat-forward.whitelist.conf	False	True	True	True
3820	adriaanm	2014-06-10 09:22:04	som-snytt	2014-06-16 18:54:31	src/compiler/scala/reflect/macros/contexts/Parsers.scala	False	True	True	True
3820	adriaanm	2014-06-10 09:22:04	som-snytt	2014-06-16 18:54:31	src/compiler/scala/tools/nsc/CompilationUnits.scala	False	True	True	True
3820	adriaanm	2014-06-10 09:22:04	som-snytt	2014-06-16 18:54:31	src/compiler/scala/tools/nsc/CompileServer.scala	False	True	True	True
3820	adriaanm	2014-06-10 09:22:04	som-snytt	2014-06-16 18:54:31	src/compiler/scala/tools/nsc/Global.scala	False	True	True	True
3820	adriaanm	2014-06-10 09:22:04	som-snytt	2014-06-16 18:54:31	src/compiler/scala/tools/nsc/Reporting.scala	False	True	True	True
3820	adriaanm	2014-06-10 09:22:04	som-snytt	2014-06-16 18:54:31	src/compiler/scala/tools/nsc/ast/parser/SyntaxAnalyzer.scala	False	True	True	True
3820	adriaanm	2014-06-10 09:22:04	som-snytt	2014-06-16 18:54:31	src/compiler/scala/tools/nsc/reporters/Reporter.scala	False	True	True	True
3820	adriaanm	2014-06-10 09:22:04	som-snytt	2014-06-16 18:54:31	src/compiler/scala/tools/nsc/typechecker/Macros.scala	False	True	True	True
3820	adriaanm	2014-06-10 09:22:04	som-snytt	2014-06-16 18:35:10	test/files/jvm/serialization.check	False	True	True	True
3820	adriaanm	2014-06-10 09:22:04	som-snytt	2014-06-16 18:35:10	test/files/jvm/serialization-new.check	False	True	True	True
3820	adriaanm	2014-06-10 09:22:04	som-snytt	2014-06-16 18:35:10	test/files/jvm/deprecation.check	False	True	True	True
3820	adriaanm	2014-06-10 09:22:04	som-snytt	2014-06-16 18:35:10	src/reflect/scala/reflect/internal/Variances.scala	False	True	True	True
3820	adriaanm	2014-06-10 09:22:04	som-snytt	2014-06-16 18:54:31	src/compiler/scala/tools/nsc/typechecker/SuperAccessors.scala	False	True	True	True
3820	adriaanm	2014-06-10 09:22:04	som-snytt	2014-06-16 18:35:10	src/compiler/scala/tools/nsc/transform/Erasure.scala	False	True	True	True
3820	adriaanm	2014-06-10 09:22:04	som-snytt	2014-06-16 18:35:10	src/compiler/scala/tools/nsc/transform/ExplicitOuter.scala	False	True	True	True
3820	adriaanm	2014-06-10 09:22:04	som-snytt	2014-06-16 18:35:10	src/compiler/scala/tools/nsc/transform/ExtensionMethods.scala	False	True	True	True
3820	adriaanm	2014-06-10 09:22:04	som-snytt	2014-06-16 18:35:10	src/compiler/scala/tools/nsc/transform/LambdaLift.scala	False	True	True	True
3820	adriaanm	2014-06-10 09:22:04	som-snytt	2014-06-16 18:35:10	src/compiler/scala/tools/nsc/transform/Mixin.scala	False	True	True	True
3820	adriaanm	2014-06-10 09:22:04	som-snytt	2014-06-16 18:35:10	src/compiler/scala/tools/nsc/transform/TailCalls.scala	False	True	True	True
3820	adriaanm	2014-06-10 09:22:04	som-snytt	2014-06-16 18:35:10	src/compiler/scala/tools/nsc/transform/UnCurry.scala	False	True	True	True
3820	adriaanm	2014-06-10 09:22:04	som-snytt	2014-06-16 18:35:10	src/compiler/scala/tools/nsc/transform/patmat/MatchAnalysis.scala	False	True	True	True
3820	adriaanm	2014-06-10 09:22:04	som-snytt	2014-06-16 18:35:10	src/compiler/scala/tools/nsc/transform/patmat/MatchOptimization.scala	False	True	True	True
3820	adriaanm	2014-06-10 09:22:04	som-snytt	2014-06-16 18:35:10	src/compiler/scala/tools/nsc/transform/patmat/MatchTranslation.scala	False	True	True	True
3820	adriaanm	2014-06-10 09:22:04	som-snytt	2014-06-16 18:35:10	src/compiler/scala/tools/nsc/transform/patmat/MatchTreeMaking.scala	False	True	True	True
3820	adriaanm	2014-06-10 09:22:04	som-snytt	2014-06-16 18:35:10	src/compiler/scala/tools/nsc/transform/patmat/MatchWarnings.scala	False	True	True	True
3820	adriaanm	2014-06-10 09:22:04	som-snytt	2014-06-16 18:35:10	src/compiler/scala/tools/nsc/transform/patmat/PatternMatching.scala	False	True	True	True
3820	adriaanm	2014-06-10 09:22:04	som-snytt	2014-06-16 18:35:10	src/compiler/scala/tools/nsc/typechecker/Checkable.scala	False	True	True	True
3820	adriaanm	2014-06-10 09:22:04	som-snytt	2014-06-16 18:35:10	src/compiler/scala/tools/nsc/typechecker/Contexts.scala	False	True	True	True
3820	adriaanm	2014-06-10 09:22:04	som-snytt	2014-06-16 18:35:10	src/compiler/scala/tools/nsc/typechecker/Infer.scala	False	True	True	True
3820	adriaanm	2014-06-10 09:22:04	som-snytt	2014-06-16 18:35:10	src/compiler/scala/tools/nsc/typechecker/Namers.scala	False	True	True	True
3820	adriaanm	2014-06-10 09:22:04	som-snytt	2014-06-16 18:35:10	src/compiler/scala/tools/nsc/typechecker/SuperAccessors.scala	False	True	True	True
3820	adriaanm	2014-06-10 09:22:04	som-snytt	2014-06-16 18:35:10	src/compiler/scala/tools/nsc/typechecker/TreeCheckers.scala	False	True	True	True
3820	adriaanm	2014-06-10 09:22:04	som-snytt	2014-06-16 18:35:10	src/compiler/scala/tools/nsc/typechecker/TypeDiagnostics.scala	False	True	True	True
3820	adriaanm	2014-06-10 09:22:04	som-snytt	2014-06-16 18:35:10	src/compiler/scala/tools/reflect/FormatInterpolator.scala	False	True	True	True
3820	adriaanm	2014-06-10 09:22:04	som-snytt	2014-06-16 18:35:10	src/scaladoc/scala/tools/nsc/doc/ScaladocAnalyzer.scala	False	True	True	True
3820	adriaanm	2014-06-10 09:22:04	som-snytt	2014-06-16 18:54:31	src/compiler/scala/tools/nsc/typechecker/Typers.scala	False	True	True	True
3820	adriaanm	2014-06-10 09:22:04	som-snytt	2014-06-16 18:35:10	src/compiler/scala/tools/nsc/transform/Constructors.scala	False	True	True	True
3820	adriaanm	2014-06-10 09:22:04	som-snytt	2014-06-16 18:54:31	src/reflect/scala/reflect/internal/Reporting.scala	False	True	True	True
3820	adriaanm	2014-06-10 09:22:04	som-snytt	2014-06-16 18:54:31	src/compiler/scala/tools/nsc/transform/Mixin.scala	False	True	True	True
3820	adriaanm	2014-06-10 09:22:04	som-snytt	2014-06-16 18:54:31	src/compiler/scala/tools/nsc/backend/opt/InlineExceptionHandlers.scala	False	True	True	True
3820	adriaanm	2014-06-10 09:22:04	som-snytt	2014-06-16 18:54:31	src/compiler/scala/tools/nsc/backend/opt/Inliners.scala	False	True	True	True
3820	adriaanm	2014-06-10 09:22:04	som-snytt	2014-06-16 18:54:31	src/compiler/scala/tools/nsc/javac/JavaParsers.scala	False	True	True	True
3820	adriaanm	2014-06-10 09:22:04	som-snytt	2014-06-16 18:54:31	src/compiler/scala/tools/nsc/javac/JavaScanners.scala	False	True	True	True
3820	adriaanm	2014-06-10 09:22:04	som-snytt	2014-06-16 18:54:31	src/compiler/scala/tools/nsc/symtab/classfile/Pickler.scala	False	True	True	True
3820	adriaanm	2014-06-10 09:22:04	som-snytt	2014-06-16 18:54:31	src/compiler/scala/tools/nsc/transform/CleanUp.scala	False	True	True	True
3820	adriaanm	2014-06-10 09:22:04	som-snytt	2014-06-16 18:54:31	src/compiler/scala/tools/nsc/transform/Constructors.scala	False	True	True	True
3820	adriaanm	2014-06-10 09:22:04	som-snytt	2014-06-16 18:54:31	src/reflect/scala/reflect/internal/SymbolTable.scala	False	True	True	True
3820	adriaanm	2014-06-10 09:22:04	som-snytt	2014-06-16 18:54:31	src/compiler/scala/tools/nsc/transform/ExplicitOuter.scala	False	True	True	True
3820	adriaanm	2014-06-10 09:22:04	som-snytt	2014-06-16 18:54:31	src/compiler/scala/tools/nsc/transform/ExtensionMethods.scala	False	True	True	True
3820	adriaanm	2014-06-10 09:22:04	som-snytt	2014-06-16 18:54:31	src/compiler/scala/tools/nsc/transform/LambdaLift.scala	False	True	True	True
3820	adriaanm	2014-06-10 09:22:04	som-snytt	2014-06-16 18:54:31	src/compiler/scala/tools/nsc/transform/TailCalls.scala	False	True	True	True
3820	adriaanm	2014-06-10 09:22:04	som-snytt	2014-06-16 18:54:31	src/compiler/scala/tools/nsc/backend/jvm/GenBCode.scala	False	True	True	True
3820	adriaanm	2014-06-10 09:22:04	som-snytt	2014-06-16 18:54:31	src/compiler/scala/tools/nsc/transform/UnCurry.scala	False	True	True	True
3820	adriaanm	2014-06-10 09:22:04	som-snytt	2014-06-16 18:54:31	src/compiler/scala/tools/nsc/transform/patmat/MatchAnalysis.scala	False	True	True	True
3820	adriaanm	2014-06-10 09:22:04	som-snytt	2014-06-16 18:54:31	src/compiler/scala/tools/nsc/transform/patmat/MatchOptimization.scala	False	True	True	True
3820	adriaanm	2014-06-10 09:22:04	som-snytt	2014-06-16 18:54:31	src/compiler/scala/tools/nsc/transform/patmat/MatchTranslation.scala	False	True	True	True
3820	adriaanm	2014-06-10 09:22:04	som-snytt	2014-06-16 18:54:31	src/compiler/scala/tools/nsc/transform/patmat/MatchTreeMaking.scala	False	True	True	True
3820	adriaanm	2014-06-10 09:22:04	som-snytt	2014-06-16 18:54:31	src/compiler/scala/tools/nsc/transform/patmat/MatchWarnings.scala	False	True	True	True
3820	adriaanm	2014-06-10 09:22:04	som-snytt	2014-06-16 18:54:31	src/compiler/scala/tools/nsc/transform/patmat/PatternMatching.scala	False	True	True	True
3820	adriaanm	2014-06-10 09:22:04	som-snytt	2014-06-16 18:54:31	src/compiler/scala/tools/nsc/typechecker/Checkable.scala	False	True	True	True
3820	adriaanm	2014-06-10 09:22:04	som-snytt	2014-06-16 18:54:31	src/compiler/scala/tools/nsc/typechecker/Contexts.scala	False	True	True	True
3820	adriaanm	2014-06-10 09:22:04	som-snytt	2014-06-16 18:54:31	src/compiler/scala/tools/nsc/typechecker/Infer.scala	False	True	True	True
3820	adriaanm	2014-06-10 09:22:04	som-snytt	2014-06-16 18:54:31	src/compiler/scala/tools/nsc/typechecker/Namers.scala	False	True	True	True
3820	adriaanm	2014-06-10 09:22:04	som-snytt	2014-06-16 18:54:31	src/compiler/scala/tools/nsc/backend/jvm/GenJVMASM.scala	False	True	True	True
3820	adriaanm	2014-06-10 09:22:04	som-snytt	2014-06-16 18:54:31	src/compiler/scala/tools/nsc/transform/Erasure.scala	False	True	True	True
3820	adriaanm	2014-06-10 09:22:04	som-snytt	2014-06-16 18:54:31	src/compiler/scala/tools/nsc/backend/jvm/GenASM.scala	False	True	True	True
3820	adriaanm	2014-06-10 09:22:04	som-snytt	2014-06-16 18:54:31	src/compiler/scala/tools/nsc/transform/patmat/ScalacPatternExpanders.scala	False	True	True	True
3820	adriaanm	2014-06-10 09:22:04	som-snytt	2014-06-16 18:54:31	src/repl/scala/tools/nsc/interpreter/IMain.scala	False	True	True	True
3820	adriaanm	2014-06-10 09:22:04	som-snytt	2014-06-16 18:54:31	test/files/neg/checksensible.check	False	True	True	True
3820	adriaanm	2014-06-10 09:22:04	som-snytt	2014-06-16 18:54:31	src/compiler/scala/tools/nsc/backend/jvm/BCodeSkelBuilder.scala	False	True	True	True
3820	adriaanm	2014-06-10 09:22:04	som-snytt	2014-06-16 18:54:31	test/files/neg/t1909-object.check	False	True	True	True
3820	adriaanm	2014-06-10 09:22:04	som-snytt	2014-06-16 18:54:31	test/files/neg/t5675.check	False	True	True	True
3820	adriaanm	2014-06-10 09:22:04	som-snytt	2014-06-16 18:54:31	test/files/neg/t6567.check	False	True	True	True
3820	adriaanm	2014-06-10 09:22:04	som-snytt	2014-06-16 18:54:31	test/files/neg/unchecked-refinement.check	False	True	True	True
3820	adriaanm	2014-06-10 09:22:04	som-snytt	2014-06-16 18:54:31	src/compiler/scala/tools/nsc/reporters/AbstractReporter.scala	False	True	True	True
3820	adriaanm	2014-06-10 09:22:04	som-snytt	2014-06-16 18:54:31	src/reflect/scala/reflect/runtime/JavaUniverse.scala	False	True	True	True
3820	adriaanm	2014-06-10 09:22:04	som-snytt	2014-06-16 18:54:31	test/junit/scala/tools/nsc/symtab/SymbolTableForUnitTesting.scala	False	True	True	True
3820	adriaanm	2014-06-10 09:22:04	som-snytt	2014-06-16 18:54:31	test/files/neg/overloaded-implicit.check	False	True	True	True
3820	adriaanm	2014-06-10 09:22:04	som-snytt	2014-06-16 18:54:31	src/compiler/scala/tools/nsc/typechecker/Adaptations.scala	False	True	True	True
3820	adriaanm	2014-06-10 09:22:04	som-snytt	2014-06-16 18:54:31	src/compiler/scala/tools/nsc/ast/parser/Parsers.scala	False	True	True	True
3820	adriaanm	2014-06-10 09:22:04	som-snytt	2014-06-16 18:54:31	src/compiler/scala/tools/nsc/backend/jvm/BCodeHelpers.scala	False	True	True	True
3820	adriaanm	2014-06-10 09:22:04	som-snytt	2014-06-16 18:54:31	src/compiler/scala/tools/nsc/typechecker/NamesDefaults.scala	False	True	True	True
3820	adriaanm	2014-06-10 09:22:04	som-snytt	2014-06-16 18:54:31	src/compiler/scala/tools/nsc/backend/icode/GenICode.scala	False	True	True	True
3820	adriaanm	2014-06-10 09:22:04	som-snytt	2014-06-16 18:54:31	src/compiler/scala/tools/nsc/ast/parser/Scanners.scala	False	True	True	True
3820	adriaanm	2014-06-10 09:22:04	som-snytt	2014-06-16 18:54:31	src/compiler/scala/tools/nsc/backend/jvm/BCodeBodyBuilder.scala	False	True	True	True
3820	adriaanm	2014-06-10 09:22:04	som-snytt	2014-06-16 18:54:31	src/repl/scala/tools/nsc/interpreter/ReplReporter.scala	False	True	True	True
3820	adriaanm	2014-06-10 09:22:04	som-snytt	2014-06-16 18:54:31	src/compiler/scala/tools/nsc/reporters/StoreReporter.scala	False	True	True	True
3820	adriaanm	2014-06-10 09:22:04	som-snytt	2014-06-16 18:54:31	src/compiler/scala/tools/nsc/reporters/ConsoleReporter.scala	False	True	True	True
3820	adriaanm	2014-06-10 09:22:04	som-snytt	2014-06-16 18:54:31	src/compiler/scala/tools/nsc/typechecker/RefChecks.scala	False	True	True	True
3817	phaller	2014-06-05 12:43:46	xeno-by	2014-06-05 13:05:21	test/files/run/exprs_serialize.scala	False	True	True	True
3817	phaller	2014-06-05 12:43:46	xeno-by	2014-06-05 13:05:03	test/files/run/typetags_serialize.scala	False	True	True	True
3817	phaller	2014-06-05 12:43:46	xeno-by	2014-06-05 13:05:21	test/files/run/exprs_serialize.check	False	True	True	True
3817	phaller	2014-06-05 12:43:46	xeno-by	2014-06-05 13:05:21	test/files/run/abstypetags_serialize.check	False	True	True	True
3817	phaller	2014-06-05 12:43:46	xeno-by	2014-06-05 13:05:21	src/reflect/scala/reflect/api/TypeCreator.scala	False	True	True	True
3817	phaller	2014-06-05 12:43:46	xeno-by	2014-06-05 13:05:21	src/reflect/scala/reflect/api/TreeCreator.scala	False	True	True	True
3817	phaller	2014-06-05 12:43:46	xeno-by	2014-06-05 13:05:21	bincompat-forward.whitelist.conf	False	True	True	True
3817	phaller	2014-06-05 12:43:46	xeno-by	2014-06-05 13:05:21	src/reflect/scala/reflect/api/TypeTags.scala	False	True	True	True
3817	phaller	2014-06-05 12:43:46	xeno-by	2014-06-05 13:05:21	src/reflect/scala/reflect/api/Exprs.scala	False	True	True	True
3817	phaller	2014-06-05 12:43:46	xeno-by	2014-06-05 13:05:03	src/reflect/scala/reflect/api/TypeCreator.scala	False	True	True	True
3817	phaller	2014-06-05 12:43:46	xeno-by	2014-06-05 13:05:03	test/files/run/typetags_serialize.check	False	True	True	True
3817	phaller	2014-06-05 12:43:46	xeno-by	2014-06-05 13:05:03	test/files/run/exprs_serialize.scala	False	True	True	True
3817	phaller	2014-06-05 12:43:46	xeno-by	2014-06-05 13:05:03	test/files/run/exprs_serialize.check	False	True	True	True
3817	phaller	2014-06-05 12:43:46	xeno-by	2014-06-05 13:05:03	test/files/run/abstypetags_serialize.check	False	True	True	True
3817	phaller	2014-06-05 12:43:46	xeno-by	2014-06-05 13:05:03	src/reflect/scala/reflect/api/TreeCreator.scala	False	True	True	True
3817	phaller	2014-06-05 12:43:46	xeno-by	2014-06-05 13:05:03	bincompat-forward.whitelist.conf	False	True	True	True
3817	phaller	2014-06-05 12:43:46	xeno-by	2014-06-05 13:05:03	src/reflect/scala/reflect/api/TypeTags.scala	False	True	True	True
3817	phaller	2014-06-05 12:43:46	xeno-by	2014-06-05 13:05:03	src/reflect/scala/reflect/api/Exprs.scala	False	True	True	True
3817	phaller	2014-06-05 12:43:46	xeno-by	2014-06-05 13:05:21	test/files/run/typetags_serialize.scala	False	True	True	True
3817	phaller	2014-06-05 12:43:46	xeno-by	2014-06-05 13:05:21	test/files/run/typetags_serialize.check	False	True	True	True
3817	phaller	2014-06-05 12:43:46	xeno-by	2014-07-09 12:45:27	test/files/run/typetags_serialize.scala	False	True	True	True
3817	phaller	2014-06-05 12:43:46	xeno-by	2014-07-09 12:45:27	src/reflect/scala/reflect/api/Exprs.scala	False	True	True	True
3817	phaller	2014-06-05 12:43:46	xeno-by	2014-07-09 12:44:30	src/reflect/scala/reflect/api/TypeTags.scala	False	True	True	True
3817	phaller	2014-06-05 12:43:46	xeno-by	2014-07-09 12:45:27	src/reflect/scala/reflect/api/TypeTags.scala	False	True	True	True
3817	phaller	2014-06-05 12:43:46	xeno-by	2014-07-09 12:44:30	test/files/run/typetags_serialize.scala	False	True	True	True
3817	phaller	2014-06-05 12:43:46	xeno-by	2014-07-09 12:44:30	test/files/run/typetags_serialize.check	False	True	True	True
3817	phaller	2014-06-05 12:43:46	xeno-by	2014-07-09 12:44:30	test/files/run/exprs_serialize.scala	False	True	True	True
3817	phaller	2014-06-05 12:43:46	xeno-by	2014-07-09 12:44:30	test/files/run/exprs_serialize.check	False	True	True	True
3817	phaller	2014-06-05 12:43:46	xeno-by	2014-07-09 12:44:30	test/files/run/abstypetags_serialize.check	False	True	True	True
3817	phaller	2014-06-05 12:43:46	xeno-by	2014-07-09 12:44:30	src/reflect/scala/reflect/api/TypeCreator.scala	False	True	True	True
3817	phaller	2014-06-05 12:43:46	xeno-by	2014-07-09 12:44:30	src/reflect/scala/reflect/api/TreeCreator.scala	False	True	True	True
3817	phaller	2014-06-05 12:43:46	xeno-by	2014-07-09 12:44:30	bincompat-forward.whitelist.conf	False	True	True	True
3817	phaller	2014-06-05 12:43:46	xeno-by	2014-07-09 12:44:30	src/reflect/scala/reflect/api/Exprs.scala	False	True	True	True
3817	phaller	2014-06-05 12:43:46	xeno-by	2014-07-09 12:45:27	test/files/run/typetags_serialize.check	False	True	True	True
3817	phaller	2014-06-05 12:43:46	xeno-by	2014-07-09 12:45:27	test/files/run/exprs_serialize.scala	False	True	True	True
3817	phaller	2014-06-05 12:43:46	xeno-by	2014-07-09 12:45:27	test/files/run/exprs_serialize.check	False	True	True	True
3817	phaller	2014-06-05 12:43:46	xeno-by	2014-07-09 12:45:27	test/files/run/abstypetags_serialize.check	False	True	True	True
3817	phaller	2014-06-05 12:43:46	xeno-by	2014-07-09 12:45:27	src/reflect/scala/reflect/api/TypeCreator.scala	False	True	True	True
3817	phaller	2014-06-05 12:43:46	xeno-by	2014-07-09 12:45:27	src/reflect/scala/reflect/api/TreeCreator.scala	False	True	True	True
3817	phaller	2014-06-05 12:43:46	xeno-by	2014-07-09 12:45:27	bincompat-forward.whitelist.conf	False	True	True	True
3816	lrytz	2014-06-04 17:12:28	som-snytt	2014-06-05 00:46:51	test/files/run/repl-javap-app.check	False	True	True	True
3816	lrytz	2014-06-04 17:12:28	som-snytt	2014-06-05 00:46:51	test/files/run/icode-reader-dead-code.check	False	True	True	True
3816	lrytz	2014-06-04 17:12:28	som-snytt	2014-06-05 00:46:51	test/files/run/icode-reader-dead-code.scala	False	True	True	True
3816	lrytz	2014-06-04 17:12:28	som-snytt	2014-06-05 00:46:51	src/compiler/scala/tools/nsc/symtab/classfile/ICodeReader.scala	True	True	True	True
3816	lrytz	2014-06-04 17:12:28	som-snytt	2014-06-05 00:46:51	test/files/run/repl-javap-app.scala	False	True	True	True
3816	lrytz	2014-06-04 17:12:28	som-snytt	2014-06-05 00:46:51	test/files/run/t7974/Test.scala	False	True	True	True
3816	lrytz	2014-06-04 17:12:28	som-snytt	2014-06-05 00:46:51	test/files/run/t7974.check	False	True	True	True
3814	huitseeker	2014-06-04 13:51:35	som-snytt	2014-06-04 23:58:01	README.md	True	True	True	True
