pr_number	author_user_login	pr_created_at	commit_user_login	commit_created_at	commit_status_total	commit_status_additions	commit_status_deletions	create_before_pr	is_review_commit
4717	Ichoran	2015-08-30 22:41:45	Ichoran	2015-08-30 01:10:26	82	79	3	True	True
4716	Ichoran	2015-08-29 23:11:33	Ichoran	2015-08-29 23:02:53	174	128	46	True	True
4714	Ichoran	2015-08-29 20:01:18	Ichoran	2015-08-29 19:56:59	11	1	10	True	True
4709	adriaanm	2015-08-25 02:12:12	adriaanm	2015-09-02 18:11:11	142	84	58	False	True
4709	adriaanm	2015-08-25 02:12:12	adriaanm	2015-08-25 01:47:31	46	19	27	True	True
4709	adriaanm	2015-08-25 02:12:12	adriaanm	2015-09-02 00:06:33	5	3	2	False	True
4706	VladUreche	2015-08-23 13:08:13	VladUreche	2015-08-23 12:51:39	9	8	1	True	True
4703	Ichoran	2015-08-22 23:43:35	Ichoran	2015-08-22 23:37:16	129	124	5	True	True
4701	janekdb	2015-08-20 23:27:33	janekdb	2015-08-31 20:42:11	2	1	1	False	True
4699	alexeyr	2015-08-20 10:13:06	alexeyr	2015-08-20 10:12:02	12	6	6	True	True
4698	som-snytt	2015-08-19 18:58:12	som-snytt	2015-08-19 18:32:28	27	26	1	True	True
4694	janekdb	2015-08-18 23:17:01	janekdb	2015-08-19 07:14:38	75	40	35	False	True
4692	JanBessai	2015-08-18 13:44:59	JanBessai	2015-08-23 10:11:58	47	47	0	False	True
4690	retronym	2015-08-13 05:24:39	retronym	2015-08-13 05:21:42	14	8	6	True	True
4683	retronym	2015-08-05 03:03:03	retronym	2015-08-05 01:50:43	28	28	0	True	True
4683	retronym	2015-08-05 03:03:03	retronym	2015-08-05 01:59:00	22	21	1	True	True
4681	VladimirRP	2015-08-04 21:06:21	VladimirRP	2015-08-04 20:10:06	37	33	4	True	True
4679	kmruiz	2015-08-03 19:13:38	kmruiz	2015-07-31 22:23:56	3	3	0	True	True
4679	kmruiz	2015-08-03 19:13:38	kmruiz	2015-08-01 00:40:41	9	5	4	True	True
4679	kmruiz	2015-08-03 19:13:38	kmruiz	2015-07-31 22:24:34	10	10	0	True	True
4679	kmruiz	2015-08-03 19:13:38	kmruiz	2015-08-03 19:27:01	12	1	11	False	True
4679	kmruiz	2015-08-03 19:13:38	kmruiz	2015-07-31 23:06:27	1	0	1	True	True
4679	kmruiz	2015-08-03 19:13:38	kmruiz	2015-08-03 19:00:35	3	1	2	True	True
4679	kmruiz	2015-08-03 19:13:38	kmruiz	2015-08-03 13:33:52	10	5	5	True	True
4679	kmruiz	2015-08-03 19:13:38	kmruiz	2015-07-31 23:04:20	5	3	2	True	True
4679	kmruiz	2015-08-03 19:13:38	kmruiz	2015-08-01 00:40:00	35	35	0	True	True
4677	qilab	2015-08-02 07:11:18	qilab gamma	2015-08-02 05:49:02	8	4	4	True	True
4677	qilab	2015-08-02 07:11:18	qilab gamma	2015-08-02 06:04:44	4	2	2	True	True
4677	qilab	2015-08-02 07:11:18	qilab gamma	2015-08-04 01:24:22	6	3	3	False	True
