pr_number	author_user_login	pr_created_at	review_user_login	review_created_at	filename	create_before_pr	has_issue_comment	has_review_comment	has_commit
5622	edmundnoble	2016-12-31 23:11:09	ktoso	2017-02-08 10:09:36	src/compiler/scala/tools/nsc/typechecker/Contexts.scala	True	True	True	True
5622	edmundnoble	2016-12-31 23:11:09	ktoso	2017-02-08 10:09:36	test/files/neg/t2102.check	False	True	True	True
5622	edmundnoble	2016-12-31 23:11:09	ktoso	2017-02-08 10:09:36	src/compiler/scala/tools/nsc/typechecker/TypeDiagnostics.scala	False	True	True	True
5622	edmundnoble	2016-12-31 23:11:09	adriaanm	2017-02-08 01:42:03	test/files/neg/type-diagnostics.check	True	True	True	True
5622	edmundnoble	2016-12-31 23:11:09	adriaanm	2017-02-08 01:42:03	test/files/neg/t2102.check	True	True	True	True
5622	edmundnoble	2016-12-31 23:11:09	ktoso	2017-01-19 12:45:26	test/files/neg/no-predef.check	True	True	True	True
5622	edmundnoble	2016-12-31 23:11:09	adriaanm	2017-02-08 01:42:03	test/files/neg/no-predef.check	True	True	True	True
5622	edmundnoble	2016-12-31 23:11:09	adriaanm	2017-02-08 01:42:03	src/reflect/scala/reflect/internal/Types.scala	True	True	True	True
5622	edmundnoble	2016-12-31 23:11:09	adriaanm	2017-02-08 01:42:03	src/compiler/scala/tools/nsc/typechecker/TypeDiagnostics.scala	True	True	True	True
5622	edmundnoble	2016-12-31 23:11:09	adriaanm	2017-02-08 01:42:03	src/compiler/scala/tools/nsc/typechecker/TreeCheckers.scala	True	True	True	True
5622	edmundnoble	2016-12-31 23:11:09	adriaanm	2017-02-08 01:42:03	src/compiler/scala/tools/nsc/typechecker/Contexts.scala	True	True	True	True
5622	edmundnoble	2016-12-31 23:11:09	adriaanm	2017-02-08 01:42:03	test/files/neg/t2102.check	False	True	True	True
5622	edmundnoble	2016-12-31 23:11:09	adriaanm	2017-02-08 01:42:03	src/compiler/scala/tools/nsc/typechecker/TypeDiagnostics.scala	False	True	True	True
5622	edmundnoble	2016-12-31 23:11:09	ktoso	2017-01-19 12:45:26	test/files/neg/type-diagnostics.check	True	True	True	True
5622	edmundnoble	2016-12-31 23:11:09	ktoso	2017-01-19 12:45:26	test/files/neg/t2102.check	True	True	True	True
5622	edmundnoble	2016-12-31 23:11:09	ktoso	2017-01-19 12:44:03	src/compiler/scala/tools/nsc/typechecker/TypeDiagnostics.scala	True	True	True	True
5622	edmundnoble	2016-12-31 23:11:09	ktoso	2017-01-19 12:45:26	src/reflect/scala/reflect/internal/Types.scala	True	True	True	True
5622	edmundnoble	2016-12-31 23:11:09	ktoso	2017-01-19 12:45:26	src/compiler/scala/tools/nsc/typechecker/TypeDiagnostics.scala	True	True	True	True
5622	edmundnoble	2016-12-31 23:11:09	ktoso	2017-01-19 12:45:26	src/compiler/scala/tools/nsc/typechecker/TreeCheckers.scala	True	True	True	True
5622	edmundnoble	2016-12-31 23:11:09	ktoso	2017-01-19 12:45:26	src/compiler/scala/tools/nsc/typechecker/Contexts.scala	True	True	True	True
5622	edmundnoble	2016-12-31 23:11:09	ktoso	2017-01-19 12:45:26	test/files/neg/t2102.check	False	True	True	True
5622	edmundnoble	2016-12-31 23:11:09	ktoso	2017-01-19 12:44:03	test/files/neg/type-diagnostics.check	True	True	True	True
5622	edmundnoble	2016-12-31 23:11:09	ktoso	2017-01-19 12:44:03	test/files/neg/t2102.check	True	True	True	True
5622	edmundnoble	2016-12-31 23:11:09	ktoso	2017-01-19 12:44:03	test/files/neg/no-predef.check	True	True	True	True
5622	edmundnoble	2016-12-31 23:11:09	ktoso	2017-01-19 12:44:03	src/reflect/scala/reflect/internal/Types.scala	True	True	True	True
5622	edmundnoble	2016-12-31 23:11:09	ktoso	2017-01-19 12:44:03	src/compiler/scala/tools/nsc/typechecker/TreeCheckers.scala	True	True	True	True
5622	edmundnoble	2016-12-31 23:11:09	ktoso	2017-01-19 12:44:03	src/compiler/scala/tools/nsc/typechecker/Contexts.scala	True	True	True	True
5622	edmundnoble	2016-12-31 23:11:09	ktoso	2017-01-19 12:44:03	test/files/neg/t2102.check	False	True	True	True
5622	edmundnoble	2016-12-31 23:11:09	ktoso	2017-01-19 12:44:03	src/compiler/scala/tools/nsc/typechecker/TypeDiagnostics.scala	False	True	True	True
5622	edmundnoble	2016-12-31 23:11:09	ktoso	2017-02-08 10:09:36	src/compiler/scala/tools/nsc/typechecker/TypeDiagnostics.scala	True	True	True	True
5622	edmundnoble	2016-12-31 23:11:09	ktoso	2017-02-08 10:09:36	src/compiler/scala/tools/nsc/typechecker/TreeCheckers.scala	True	True	True	True
5622	edmundnoble	2016-12-31 23:11:09	ktoso	2017-01-19 12:45:26	src/compiler/scala/tools/nsc/typechecker/TypeDiagnostics.scala	False	True	True	True
5622	edmundnoble	2016-12-31 23:11:09	ktoso	2017-02-08 10:09:36	src/reflect/scala/reflect/internal/Types.scala	True	True	True	True
5622	edmundnoble	2016-12-31 23:11:09	lrytz	2017-02-21 15:59:18	src/compiler/scala/tools/nsc/typechecker/TreeCheckers.scala	True	True	True	True
5622	edmundnoble	2016-12-31 23:11:09	ktoso	2017-02-08 10:09:36	test/files/neg/no-predef.check	True	True	True	True
5622	edmundnoble	2016-12-31 23:11:09	lrytz	2017-02-21 15:48:43	test/files/neg/t2102.check	True	True	True	True
5622	edmundnoble	2016-12-31 23:11:09	lrytz	2017-02-21 15:48:43	test/files/neg/no-predef.check	True	True	True	True
5622	edmundnoble	2016-12-31 23:11:09	lrytz	2017-02-21 15:48:43	src/reflect/scala/reflect/internal/Types.scala	True	True	True	True
5622	edmundnoble	2016-12-31 23:11:09	lrytz	2017-02-21 15:48:43	src/compiler/scala/tools/nsc/typechecker/TypeDiagnostics.scala	True	True	True	True
5622	edmundnoble	2016-12-31 23:11:09	lrytz	2017-02-21 15:48:43	src/compiler/scala/tools/nsc/typechecker/TreeCheckers.scala	True	True	True	True
5622	edmundnoble	2016-12-31 23:11:09	lrytz	2017-02-21 15:48:43	src/compiler/scala/tools/nsc/typechecker/Contexts.scala	True	True	True	True
5622	edmundnoble	2016-12-31 23:11:09	lrytz	2017-02-21 15:48:43	test/files/neg/t2102.check	False	True	True	True
5622	edmundnoble	2016-12-31 23:11:09	lrytz	2017-02-21 15:48:43	src/compiler/scala/tools/nsc/typechecker/TypeDiagnostics.scala	False	True	True	True
5622	edmundnoble	2016-12-31 23:11:09	lrytz	2017-02-21 15:59:18	test/files/neg/type-diagnostics.check	True	True	True	True
5622	edmundnoble	2016-12-31 23:11:09	lrytz	2017-02-21 15:59:18	test/files/neg/t2102.check	True	True	True	True
5622	edmundnoble	2016-12-31 23:11:09	lrytz	2017-02-21 15:59:18	test/files/neg/no-predef.check	True	True	True	True
5622	edmundnoble	2016-12-31 23:11:09	lrytz	2017-02-21 15:59:18	src/reflect/scala/reflect/internal/Types.scala	True	True	True	True
5622	edmundnoble	2016-12-31 23:11:09	lrytz	2017-02-21 15:59:18	src/compiler/scala/tools/nsc/typechecker/TypeDiagnostics.scala	True	True	True	True
5622	edmundnoble	2016-12-31 23:11:09	lrytz	2017-02-21 15:48:43	test/files/neg/type-diagnostics.check	True	True	True	True
5622	edmundnoble	2016-12-31 23:11:09	lrytz	2017-02-21 15:59:18	src/compiler/scala/tools/nsc/typechecker/Contexts.scala	True	True	True	True
5622	edmundnoble	2016-12-31 23:11:09	dwijnand	2017-02-08 10:06:20	src/compiler/scala/tools/nsc/typechecker/TypeDiagnostics.scala	True	True	True	True
5622	edmundnoble	2016-12-31 23:11:09	ktoso	2017-02-08 10:09:36	test/files/neg/type-diagnostics.check	True	True	True	True
5622	edmundnoble	2016-12-31 23:11:09	dwijnand	2017-02-08 10:06:20	src/compiler/scala/tools/nsc/typechecker/TypeDiagnostics.scala	False	True	True	True
5622	edmundnoble	2016-12-31 23:11:09	dwijnand	2017-02-08 10:06:20	test/files/neg/t2102.check	False	True	True	True
5622	edmundnoble	2016-12-31 23:11:09	lrytz	2017-02-21 15:59:18	test/files/neg/t2102.check	False	True	True	True
5622	edmundnoble	2016-12-31 23:11:09	dwijnand	2017-02-08 10:06:20	src/compiler/scala/tools/nsc/typechecker/TreeCheckers.scala	True	True	True	True
5622	edmundnoble	2016-12-31 23:11:09	dwijnand	2017-02-08 10:06:20	src/compiler/scala/tools/nsc/typechecker/Contexts.scala	True	True	True	True
5622	edmundnoble	2016-12-31 23:11:09	dwijnand	2017-02-08 10:06:20	src/reflect/scala/reflect/internal/Types.scala	True	True	True	True
5622	edmundnoble	2016-12-31 23:11:09	dwijnand	2017-02-08 10:06:20	test/files/neg/no-predef.check	True	True	True	True
5622	edmundnoble	2016-12-31 23:11:09	ktoso	2017-02-08 10:09:36	test/files/neg/t2102.check	True	True	True	True
5622	edmundnoble	2016-12-31 23:11:09	dwijnand	2017-02-08 10:06:20	test/files/neg/t2102.check	True	True	True	True
5622	edmundnoble	2016-12-31 23:11:09	dwijnand	2017-02-08 10:06:20	test/files/neg/type-diagnostics.check	True	True	True	True
5622	edmundnoble	2016-12-31 23:11:09	lrytz	2017-02-21 15:59:18	src/compiler/scala/tools/nsc/typechecker/TypeDiagnostics.scala	False	True	True	True
5621	som-snytt	2016-12-30 19:39:34	lrytz	2017-01-03 15:04:45	test/junit/scala/collection/LinearSeqOptimizedTest.scala	True	True	False	True
5621	som-snytt	2016-12-30 19:39:34	lrytz	2017-01-03 15:04:45	src/library/scala/collection/SeqLike.scala	True	True	False	True
5621	som-snytt	2016-12-30 19:39:34	lrytz	2017-01-03 15:04:45	src/library/scala/collection/LinearSeqOptimized.scala	True	True	False	True
5621	som-snytt	2016-12-30 19:39:34	lrytz	2017-01-03 15:04:45	src/library/scala/collection/IndexedSeqOptimized.scala	True	True	False	True
5620	adamvoss	2016-12-30 04:53:02	adriaanm	2017-02-08 01:38:05	src/scaladoc/scala/tools/nsc/doc/html/page/Entity.scala	True	True	True	True
5620	adamvoss	2016-12-30 04:53:02	gourlaysama	2017-02-14 19:56:57	src/scaladoc/scala/tools/nsc/doc/html/page/Entity.scala	True	True	True	True
5618	monkey-mas	2016-12-28 08:17:28	adriaanm	2017-02-08 01:35:09	src/library/scala/collection/mutable/ArrayOps.scala	True	True	True	True
5618	monkey-mas	2016-12-28 08:17:28	janekdb	2017-01-15 20:31:13	src/library/scala/collection/mutable/ArrayOps.scala	True	True	True	True
5618	monkey-mas	2016-12-28 08:17:28	som-snytt	2017-01-22 04:15:02	src/library/scala/collection/mutable/ArrayOps.scala	True	True	True	True
5617	sellout	2016-12-27 17:42:58	retronym	2017-02-28 00:07:47	src/compiler/scala/tools/nsc/settings/ScalaSettings.scala	True	True	True	True
5617	sellout	2016-12-27 17:42:58	retronym	2017-02-28 00:07:47	test/files/neg/t5365d.flags	True	True	True	True
5617	sellout	2016-12-27 17:42:58	retronym	2017-02-28 00:07:47	test/files/neg/t5365d.check	True	True	True	True
5617	sellout	2016-12-27 17:42:58	retronym	2017-02-28 00:07:47	test/files/neg/t5365c.scala	True	True	True	True
5617	sellout	2016-12-27 17:42:58	retronym	2017-02-28 00:07:47	test/files/neg/t5365c.flags	True	True	True	True
5617	sellout	2016-12-27 17:42:58	retronym	2017-02-28 00:07:47	test/files/neg/t5365c.check	True	True	True	True
5617	sellout	2016-12-27 17:42:58	retronym	2017-02-28 00:07:47	src/compiler/scala/tools/nsc/settings/Warnings.scala	True	True	True	True
5617	sellout	2016-12-27 17:42:58	retronym	2017-02-28 00:07:47	project/ScalaOptionParser.scala	True	True	True	True
5617	sellout	2016-12-27 17:42:58	retronym	2017-02-28 00:07:47	test/files/run/patmatnew.scala	False	True	True	True
5617	sellout	2016-12-27 17:42:58	retronym	2017-02-28 00:07:47	test/files/neg/t1503.check	False	True	True	True
5617	sellout	2016-12-27 17:42:58	retronym	2017-02-28 00:07:47	test/files/neg/patmatexhaust.check	False	True	True	True
5617	sellout	2016-12-27 17:42:58	retronym	2017-02-28 00:09:26	src/compiler/scala/tools/nsc/settings/ScalaSettings.scala	True	True	True	True
5617	sellout	2016-12-27 17:42:58	retronym	2017-02-28 00:07:47	src/compiler/scala/tools/nsc/transform/patmat/MatchAnalysis.scala	False	True	True	True
5617	sellout	2016-12-27 17:42:58	retronym	2017-02-28 00:07:47	test/files/run/virtpatmat_apply.scala	True	True	True	True
5617	sellout	2016-12-27 17:42:58	retronym	2017-02-28 00:07:47	test/files/neg/t5365b.scala	True	True	True	True
5617	sellout	2016-12-27 17:42:58	retronym	2017-02-28 00:07:47	test/files/neg/t5365b.flags	True	True	True	True
5617	sellout	2016-12-27 17:42:58	retronym	2017-02-28 00:07:47	test/files/neg/t5365b.check	True	True	True	True
5617	sellout	2016-12-27 17:42:58	retronym	2017-02-28 00:07:47	test/files/neg/t5365.scala	True	True	True	True
5617	sellout	2016-12-27 17:42:58	retronym	2017-02-28 00:07:47	test/files/neg/t5365.flags	True	True	True	True
5617	sellout	2016-12-27 17:42:58	retronym	2017-02-28 00:07:47	test/files/neg/t5365.check	True	True	True	True
5617	sellout	2016-12-27 17:42:58	retronym	2017-02-28 00:07:47	src/compiler/scala/tools/nsc/transform/patmat/MatchAnalysis.scala	True	True	True	True
5617	sellout	2016-12-27 17:42:58	retronym	2017-02-28 00:07:47	test/files/neg/t5365d.scala	True	True	True	True
5617	sellout	2016-12-27 17:42:58	retronym	2017-02-28 00:07:47	test/files/neg/patmatexhaust.scala	False	True	True	True
5617	sellout	2016-12-27 17:42:58	retronym	2017-02-28 00:09:26	src/compiler/scala/tools/nsc/transform/patmat/MatchAnalysis.scala	True	True	True	True
5617	sellout	2016-12-27 17:42:58	retronym	2017-02-28 00:09:26	test/files/run/patmatnew.scala	False	True	True	True
5617	sellout	2016-12-27 17:42:58	retronym	2017-02-28 00:09:26	test/files/neg/t5365d.scala	True	True	True	True
5617	sellout	2016-12-27 17:42:58	retronym	2017-02-28 00:09:26	test/files/neg/t5365d.flags	True	True	True	True
5617	sellout	2016-12-27 17:42:58	retronym	2017-02-28 00:09:26	test/files/neg/t5365d.check	True	True	True	True
5617	sellout	2016-12-27 17:42:58	retronym	2017-02-28 00:09:26	test/files/neg/t5365c.scala	True	True	True	True
5617	sellout	2016-12-27 17:42:58	retronym	2017-02-28 00:09:26	test/files/neg/t5365c.flags	True	True	True	True
5617	sellout	2016-12-27 17:42:58	retronym	2017-02-28 00:09:26	test/files/neg/t5365c.check	True	True	True	True
5617	sellout	2016-12-27 17:42:58	retronym	2017-02-28 00:09:26	src/compiler/scala/tools/nsc/settings/Warnings.scala	True	True	True	True
5617	sellout	2016-12-27 17:42:58	retronym	2017-02-28 00:09:26	project/ScalaOptionParser.scala	True	True	True	True
5617	sellout	2016-12-27 17:42:58	retronym	2017-02-28 00:09:26	test/files/neg/t1503.check	False	True	True	True
5617	sellout	2016-12-27 17:42:58	retronym	2017-02-28 00:09:26	test/files/neg/patmatexhaust.scala	False	True	True	True
5617	sellout	2016-12-27 17:42:58	retronym	2017-02-28 00:09:26	test/files/neg/patmatexhaust.check	False	True	True	True
5617	sellout	2016-12-27 17:42:58	retronym	2017-02-28 00:09:26	src/compiler/scala/tools/nsc/transform/patmat/MatchAnalysis.scala	False	True	True	True
5617	sellout	2016-12-27 17:42:58	retronym	2017-02-28 00:09:26	test/files/run/virtpatmat_apply.scala	True	True	True	True
5617	sellout	2016-12-27 17:42:58	retronym	2017-02-28 00:09:26	test/files/neg/t5365b.scala	True	True	True	True
5617	sellout	2016-12-27 17:42:58	retronym	2017-02-28 00:09:26	test/files/neg/t5365b.flags	True	True	True	True
5617	sellout	2016-12-27 17:42:58	retronym	2017-02-28 00:09:26	test/files/neg/t5365b.check	True	True	True	True
5617	sellout	2016-12-27 17:42:58	retronym	2017-02-28 00:09:26	test/files/neg/t5365.scala	True	True	True	True
5617	sellout	2016-12-27 17:42:58	retronym	2017-02-28 00:09:26	test/files/neg/t5365.flags	True	True	True	True
5617	sellout	2016-12-27 17:42:58	retronym	2017-02-28 00:09:26	test/files/neg/t5365.check	True	True	True	True
5616	monkey-mas	2016-12-26 08:44:48	szeiger	2017-04-04 12:08:09	src/library/scala/collection/mutable/WrappedArray.scala	True	True	True	True
5616	monkey-mas	2016-12-26 08:44:48	sjrd	2016-12-28 11:06:50	src/library/scala/collection/mutable/WrappedArray.scala	True	True	True	True
5615	monkey-mas	2016-12-24 17:21:07	Ichoran	2016-12-27 17:23:26	test/junit/scala/collection/mutable/ArrayBuilderTest.scala	True	True	False	True
5615	monkey-mas	2016-12-24 17:21:07	Ichoran	2016-12-27 17:23:26	src/library/scala/collection/mutable/WrappedArrayBuilder.scala	True	True	False	True
5615	monkey-mas	2016-12-24 17:21:07	Ichoran	2016-12-27 17:23:26	src/library/scala/collection/mutable/ArrayBuilder.scala	True	True	False	True
5615	monkey-mas	2016-12-24 17:21:07	szeiger	2017-01-09 14:01:07	test/junit/scala/collection/mutable/WrappedArrayBuilderTest.scala	True	True	False	True
5615	monkey-mas	2016-12-24 17:21:07	szeiger	2017-01-09 14:01:07	test/junit/scala/collection/mutable/ArrayBuilderTest.scala	True	True	False	True
5615	monkey-mas	2016-12-24 17:21:07	szeiger	2017-01-09 14:01:07	src/library/scala/collection/mutable/WrappedArrayBuilder.scala	True	True	False	True
5615	monkey-mas	2016-12-24 17:21:07	szeiger	2017-01-09 14:01:07	src/library/scala/collection/mutable/ArrayBuilder.scala	True	True	False	True
5615	monkey-mas	2016-12-24 17:21:07	Ichoran	2016-12-27 17:23:26	test/junit/scala/collection/mutable/WrappedArrayBuilderTest.scala	True	True	False	True
5611	fhalde	2016-12-21 16:44:06	szeiger	2017-01-04 13:21:54	test/junit/scala/util/RandomUtilTest.scala	False	True	True	True
5611	fhalde	2016-12-21 16:44:06	Ichoran	2017-02-21 00:07:38	test/junit/scala/util/RandomUtilTest.scala	False	True	True	True
5611	fhalde	2016-12-21 16:44:06	Ichoran	2017-02-21 00:02:34	test/junit/scala/util/RandomUtilTest.scala	False	True	True	True
5611	fhalde	2016-12-21 16:44:06	szeiger	2017-01-25 17:08:58	src/library/scala/util/Random.scala	False	True	True	True
5611	fhalde	2016-12-21 16:44:06	Ichoran	2017-02-21 00:02:34	src/library/scala/util/Random.scala	False	True	True	True
5611	fhalde	2016-12-21 16:44:06	szeiger	2017-02-13 14:51:04	test/junit/scala/util/RandomUtilTest.scala	False	True	True	True
5611	fhalde	2016-12-21 16:44:06	szeiger	2017-02-13 14:51:04	src/library/scala/util/Random.scala	False	True	True	True
5611	fhalde	2016-12-21 16:44:06	Ichoran	2017-01-10 18:57:42	test/junit/scala/util/RandomUtilTest.scala	False	True	True	True
5611	fhalde	2016-12-21 16:44:06	Ichoran	2017-02-21 00:07:38	src/library/scala/util/Random.scala	False	True	True	True
5611	fhalde	2016-12-21 16:44:06	Ichoran	2017-01-10 19:02:32	test/junit/scala/util/RandomUtilTest.scala	False	True	True	True
5611	fhalde	2016-12-21 16:44:06	Ichoran	2017-01-10 19:02:32	src/library/scala/util/Random.scala	False	True	True	True
5611	fhalde	2016-12-21 16:44:06	Ichoran	2017-01-10 18:57:42	src/library/scala/util/Random.scala	False	True	True	True
5611	fhalde	2016-12-21 16:44:06	szeiger	2017-01-25 17:08:58	test/junit/scala/util/RandomUtilTest.scala	False	True	True	True
5611	fhalde	2016-12-21 16:44:06	szeiger	2017-01-04 13:21:54	src/library/scala/util/Random.scala	False	True	True	True
5611	fhalde	2016-12-21 16:44:06	szeiger	2017-01-04 13:26:33	test/junit/scala/util/RandomUtilTest.scala	False	True	True	True
5611	fhalde	2016-12-21 16:44:06	Ichoran	2017-02-21 00:06:14	src/library/scala/util/Random.scala	False	True	True	True
5611	fhalde	2016-12-21 16:44:06	Ichoran	2016-12-23 08:46:44	src/library/scala/util/Random.scala	False	True	True	True
5611	fhalde	2016-12-21 16:44:06	Ichoran	2017-02-21 00:06:14	test/junit/scala/util/RandomUtilTest.scala	False	True	True	True
5611	fhalde	2016-12-21 16:44:06	SethTisue	2017-01-09 18:19:29	test/junit/scala/util/RandomUtilTest.scala	False	True	True	True
5611	fhalde	2016-12-21 16:44:06	SethTisue	2017-01-09 18:19:29	src/library/scala/util/Random.scala	False	True	True	True
5611	fhalde	2016-12-21 16:44:06	Ichoran	2016-12-21 21:35:25	src/library/scala/util/Random.scala	False	True	True	True
5611	fhalde	2016-12-21 16:44:06	Ichoran	2016-12-23 08:46:44	test/junit/scala/util/RandomUtilTest.scala	False	True	True	True
5611	fhalde	2016-12-21 16:44:06	Ichoran	2016-12-21 21:35:25	test/junit/scala/util/RandomUtilTest.scala	False	True	True	True
5611	fhalde	2016-12-21 16:44:06	Ichoran	2016-12-21 21:31:59	test/junit/scala/util/RandomUtilTest.scala	False	True	True	True
5611	fhalde	2016-12-21 16:44:06	Ichoran	2016-12-21 21:31:59	src/library/scala/util/Random.scala	False	True	True	True
5611	fhalde	2016-12-21 16:44:06	szeiger	2017-01-09 17:37:21	test/junit/scala/util/RandomUtilTest.scala	False	True	True	True
5611	fhalde	2016-12-21 16:44:06	szeiger	2017-01-09 17:37:21	src/library/scala/util/Random.scala	False	True	True	True
5611	fhalde	2016-12-21 16:44:06	szeiger	2017-01-04 13:26:33	src/library/scala/util/Random.scala	False	True	True	True
5610	dwijnand	2016-12-21 13:11:41	lrytz	2016-12-21 13:21:44	src/compiler/scala/tools/util/VerifyClass.scala	True	True	False	True
5610	dwijnand	2016-12-21 13:11:41	lrytz	2016-12-21 13:21:44	.gitignore	True	True	False	True
5610	dwijnand	2016-12-21 13:11:41	lrytz	2016-12-21 13:21:44	README.md	True	True	False	True
5610	dwijnand	2016-12-21 13:11:41	lrytz	2016-12-21 13:21:44	project/MiMa.scala	True	True	False	True
5610	dwijnand	2016-12-21 13:11:41	lrytz	2016-12-21 13:21:44	project/PartestUtil.scala	True	True	False	True
5610	dwijnand	2016-12-21 13:11:41	lrytz	2016-12-21 13:21:44	project/Quiet.scala	True	True	False	True
5610	dwijnand	2016-12-21 13:11:41	lrytz	2016-12-21 13:21:44	project/ScalaOptionParser.scala	True	True	False	True
5610	dwijnand	2016-12-21 13:11:41	lrytz	2016-12-21 13:21:44	src/compiler/scala/tools/nsc/CompilationUnits.scala	True	True	False	True
5610	dwijnand	2016-12-21 13:11:41	lrytz	2016-12-21 13:21:44	src/reflect/scala/reflect/internal/Scopes.scala	True	True	False	True
5610	dwijnand	2016-12-21 13:11:41	lrytz	2016-12-21 13:21:44	src/library/scala/concurrent/SyncVar.scala	True	True	False	True
5610	dwijnand	2016-12-21 13:11:41	lrytz	2016-12-21 13:21:44	src/library/scala/util/MurmurHash.scala	True	True	False	True
5610	dwijnand	2016-12-21 13:11:41	lrytz	2016-12-21 13:21:44	src/reflect/scala/reflect/internal/SymbolTable.scala	True	True	False	True
5610	dwijnand	2016-12-21 13:11:41	lrytz	2016-12-21 13:21:44	src/reflect/scala/reflect/internal/util/Position.scala	True	True	False	True
5610	dwijnand	2016-12-21 13:11:41	lrytz	2016-12-21 13:21:44	test/benchmarks/README.md	True	True	False	True
5610	dwijnand	2016-12-21 13:11:41	lrytz	2016-12-21 13:21:44	test/files/pos/t5120.scala	True	True	False	True
5610	dwijnand	2016-12-21 13:11:41	lrytz	2016-12-21 13:21:44	test/files/pos/t8947/Macro_1.scala	True	True	False	True
5608	retronym	2016-12-20 03:20:43	lrytz	2016-12-20 12:31:54	test/files/neg/t3236-neg/BooleanAnnotation.java	True	False	False	True
5608	retronym	2016-12-20 03:20:43	lrytz	2016-12-20 12:31:54	src/compiler/scala/tools/nsc/typechecker/Typers.scala	True	False	False	True
5608	retronym	2016-12-20 03:20:43	lrytz	2016-12-20 12:31:54	src/reflect/scala/reflect/internal/StdNames.scala	True	False	False	True
5608	retronym	2016-12-20 03:20:43	lrytz	2016-12-20 12:31:54	src/compiler/scala/tools/nsc/javac/JavaScanners.scala	True	False	False	True
5608	retronym	2016-12-20 03:20:43	lrytz	2016-12-20 12:31:54	src/compiler/scala/tools/nsc/javac/JavaParsers.scala	True	False	False	True
5608	retronym	2016-12-20 03:20:43	lrytz	2016-12-20 12:31:54	test/files/neg/t3236-neg/StringAnnotation.java	True	False	False	True
5608	retronym	2016-12-20 03:20:43	lrytz	2016-12-20 12:31:54	test/files/neg/t3236-neg/ShortAnnotation.java	True	False	False	True
5608	retronym	2016-12-20 03:20:43	lrytz	2016-12-20 12:31:54	test/files/neg/t3236-neg/IntAnnotation.java	True	False	False	True
5608	retronym	2016-12-20 03:20:43	lrytz	2016-12-20 12:31:54	test/files/neg/t3236-neg/Constants.java	True	False	False	True
5608	retronym	2016-12-20 03:20:43	lrytz	2016-12-20 12:31:54	test/files/run/t3236/BooleanAnnotation.java	True	False	False	True
5608	retronym	2016-12-20 03:20:43	lrytz	2016-12-20 12:31:54	test/files/neg/t3236-neg/AnnotationTest.scala	True	False	False	True
5608	retronym	2016-12-20 03:20:43	lrytz	2016-12-20 12:31:54	test/files/neg/t3236-neg.check	True	False	False	True
5608	retronym	2016-12-20 03:20:43	lrytz	2016-12-20 12:31:54	test/files/neg/t9834.scala	True	False	False	True
5608	retronym	2016-12-20 03:20:43	lrytz	2016-12-20 12:31:54	test/files/neg/t8763.scala	True	False	False	True
5608	retronym	2016-12-20 03:20:43	lrytz	2016-12-20 12:31:54	test/files/neg/t8763.check	True	False	False	True
5608	retronym	2016-12-20 03:20:43	lrytz	2016-12-20 12:31:54	test/files/neg/t1215.check	True	False	False	True
5608	retronym	2016-12-20 03:20:43	lrytz	2016-12-20 12:31:54	test/files/neg/t0903.check	True	False	False	True
5608	retronym	2016-12-20 03:20:43	lrytz	2016-12-20 12:31:54	test/files/neg/t9834.check	True	False	False	True
5608	retronym	2016-12-20 03:20:43	lrytz	2016-12-20 12:31:54	test/files/run/t3236/AnnotationTest.scala	True	False	False	True
5608	retronym	2016-12-20 03:20:43	lrytz	2016-12-20 12:31:54	test/files/run/t3236/CharAnnotation.java	True	False	False	True
5608	retronym	2016-12-20 03:20:43	lrytz	2016-12-20 12:31:54	test/files/run/t3236/ByteAnnotation.java	True	False	False	True
5608	retronym	2016-12-20 03:20:43	lrytz	2016-12-20 12:31:54	spec/04-basic-declarations-and-definitions.md	True	False	False	True
5608	retronym	2016-12-20 03:20:43	lrytz	2016-12-20 12:31:54	test/files/run/t3236/Constants.java	True	False	False	True
5608	retronym	2016-12-20 03:20:43	lrytz	2016-12-20 12:31:54	test/junit/scala/collection/immutable/RangeConsistencyTest.scala	True	False	False	True
5608	retronym	2016-12-20 03:20:43	lrytz	2016-12-20 12:31:54	src/library/scala/collection/immutable/NumericRange.scala	True	False	False	True
5608	retronym	2016-12-20 03:20:43	lrytz	2016-12-20 12:31:54	spec/12-the-scala-standard-library.md	True	False	False	True
5608	retronym	2016-12-20 03:20:43	lrytz	2016-12-20 12:31:54	project/plugins.sbt	True	False	False	True
5608	retronym	2016-12-20 03:20:43	lrytz	2016-12-20 12:31:54	build.xml	True	False	False	True
5608	retronym	2016-12-20 03:20:43	lrytz	2016-12-20 12:31:54	bincompat-backward.whitelist.conf	True	False	False	True
5608	retronym	2016-12-20 03:20:43	lrytz	2016-12-20 12:31:54	test/junit/scala/tools/testing/AssertUtil.scala	True	False	False	True
5608	retronym	2016-12-20 03:20:43	lrytz	2016-12-20 12:31:54	test/files/run/t3236/Test.scala	True	False	False	True
5608	retronym	2016-12-20 03:20:43	lrytz	2016-12-20 12:31:54	test/files/run/t3236/StringAnnotation.java	True	False	False	True
5608	retronym	2016-12-20 03:20:43	lrytz	2016-12-20 12:31:54	test/files/run/t3236/ShortAnnotation.java	True	False	False	True
5608	retronym	2016-12-20 03:20:43	lrytz	2016-12-20 12:31:54	test/files/run/t3236/LongAnnotation.java	True	False	False	True
5608	retronym	2016-12-20 03:20:43	lrytz	2016-12-20 12:31:54	test/files/run/t3236/IntAnnotation.java	True	False	False	True
5608	retronym	2016-12-20 03:20:43	lrytz	2016-12-20 12:31:54	test/files/run/t3236/FloatAnnotation.java	True	False	False	True
5608	retronym	2016-12-20 03:20:43	lrytz	2016-12-20 12:31:54	test/files/run/t3236/DoubleAnnotation.java	True	False	False	True
5606	lrytz	2016-12-19 21:11:00	retronym	2016-12-22 07:30:31	test/files/run/t4788-separate/SAnnotation_1.java	False	True	True	True
5606	lrytz	2016-12-19 21:11:00	retronym	2016-12-22 07:30:31	test/files/run/t4788-separate-compilation/C_1.scala	False	True	True	True
5606	lrytz	2016-12-19 21:11:00	retronym	2016-12-22 07:30:31	test/files/run/t4788-separate-compilation/R_1.scala	False	True	True	True
5606	lrytz	2016-12-19 21:11:00	retronym	2016-12-22 07:30:31	test/files/run/t4788-separate-compilation/S_1.scala	False	True	True	True
5606	lrytz	2016-12-19 21:11:00	retronym	2016-12-22 07:30:31	test/files/run/t4788-separate/CAnnotation_1.java	False	True	True	True
5606	lrytz	2016-12-19 21:11:00	retronym	2016-12-22 07:30:31	test/files/run/t4788-separate/C_2.scala	False	True	True	True
5606	lrytz	2016-12-19 21:11:00	retronym	2016-12-22 07:30:31	test/files/run/t4788-separate/D_2.scala	False	True	True	True
5606	lrytz	2016-12-19 21:11:00	retronym	2016-12-22 07:30:31	test/files/run/t4788-separate/RAnnotation_1.java	False	True	True	True
5606	lrytz	2016-12-19 21:11:00	retronym	2016-12-22 07:30:31	test/files/run/t4788-separate/R_2.scala	False	True	True	True
5606	lrytz	2016-12-19 21:11:00	retronym	2016-12-22 07:30:31	test/files/neg/t9111c.check	False	True	True	True
5606	lrytz	2016-12-19 21:11:00	retronym	2016-12-22 07:30:31	test/files/run/t4788-separate/S_2.scala	False	True	True	True
5606	lrytz	2016-12-19 21:11:00	retronym	2016-12-22 07:30:31	test/files/run/t4788-separate/Test_2.scala	False	True	True	True
5606	lrytz	2016-12-19 21:11:00	retronym	2016-12-22 07:30:31	test/files/run/t4788.check	False	True	True	True
5606	lrytz	2016-12-19 21:11:00	retronym	2016-12-22 07:30:31	src/compiler/scala/tools/nsc/typechecker/Contexts.scala	False	True	True	True
5606	lrytz	2016-12-19 21:11:00	retronym	2016-12-22 07:30:31	src/compiler/scala/tools/nsc/typechecker/Typers.scala	False	True	True	True
5606	lrytz	2016-12-19 21:11:00	retronym	2016-12-22 07:30:31	src/reflect/scala/reflect/internal/Types.scala	False	True	True	True
5606	lrytz	2016-12-19 21:11:00	retronym	2016-12-22 07:30:31	src/reflect/scala/reflect/internal/tpe/FindMembers.scala	False	True	True	True
5606	lrytz	2016-12-19 21:11:00	retronym	2016-12-22 07:30:31	test/files/run/t4788-mixed/SAnnotation.java	False	True	True	True
5606	lrytz	2016-12-19 21:11:00	retronym	2016-12-22 07:30:31	test/files/neg/t9111c/A_1.java	False	True	True	True
5606	lrytz	2016-12-19 21:11:00	retronym	2016-12-22 07:30:31	test/files/run/t4788-mixed/Test.scala	False	True	True	True
5606	lrytz	2016-12-19 21:11:00	retronym	2016-12-22 07:30:31	test/files/neg/t7386/Test_1.scala	False	True	True	True
5606	lrytz	2016-12-19 21:11:00	retronym	2016-12-22 07:30:31	test/files/run/t4788-mixed/S.scala	False	True	True	True
5606	lrytz	2016-12-19 21:11:00	retronym	2016-12-22 07:30:31	test/files/run/t7582b/PackageProtectedJava_1.java	True	True	True	True
5606	lrytz	2016-12-19 21:11:00	retronym	2016-12-22 07:30:31	test/files/run/t4788.check	True	True	True	True
5606	lrytz	2016-12-19 21:11:00	retronym	2016-12-22 07:30:31	test/files/run/t6240a/StepOne.java	True	True	True	True
5606	lrytz	2016-12-19 21:11:00	retronym	2016-12-22 07:30:31	test/files/run/t6240b/StepOne.java	True	True	True	True
5606	lrytz	2016-12-19 21:11:00	retronym	2016-12-22 07:30:31	test/files/run/t7582.check	True	True	True	True
5606	lrytz	2016-12-19 21:11:00	retronym	2016-12-22 07:30:31	test/files/run/t7582/InlineHolder_2.scala	True	True	True	True
5606	lrytz	2016-12-19 21:11:00	retronym	2016-12-22 07:30:31	test/files/run/t7582/PackageProtectedJava_1.java	True	True	True	True
5606	lrytz	2016-12-19 21:11:00	retronym	2016-12-22 07:30:31	test/files/run/t7582b.check	True	True	True	True
5606	lrytz	2016-12-19 21:11:00	retronym	2016-12-22 07:30:31	test/files/run/t7582b/InlineHolder_2.scala	True	True	True	True
5606	lrytz	2016-12-19 21:11:00	retronym	2016-12-22 07:30:31	versions.properties	True	True	True	True
5606	lrytz	2016-12-19 21:11:00	retronym	2016-12-22 07:30:31	test/files/run/t4788-mixed/RAnnotation.java	False	True	True	True
5606	lrytz	2016-12-19 21:11:00	retronym	2016-12-22 07:30:31	test/files/neg/t7386.check	False	True	True	True
5606	lrytz	2016-12-19 21:11:00	retronym	2016-12-22 07:30:31	test/files/neg/t7386/A_1.java	False	True	True	True
5606	lrytz	2016-12-19 21:11:00	retronym	2016-12-22 07:30:31	test/files/neg/t9111d.check	False	True	True	True
5606	lrytz	2016-12-19 21:11:00	retronym	2016-12-22 07:30:31	test/files/run/t4788-mixed.check	False	True	True	True
5606	lrytz	2016-12-19 21:11:00	retronym	2016-12-22 07:30:31	test/files/run/t4788-mixed/C.scala	False	True	True	True
5606	lrytz	2016-12-19 21:11:00	retronym	2016-12-22 07:30:31	test/files/run/t4788-mixed/CAnnotation.java	False	True	True	True
5606	lrytz	2016-12-19 21:11:00	retronym	2016-12-22 07:30:31	test/files/run/t4788-mixed/D.scala	False	True	True	True
5606	lrytz	2016-12-19 21:11:00	retronym	2016-12-22 07:30:31	test/files/run/t4788-mixed/R.scala	False	True	True	True
5606	lrytz	2016-12-19 21:11:00	retronym	2016-12-22 07:30:31	test/files/neg/t9111c/Test_1.scala	False	True	True	True
5606	lrytz	2016-12-19 21:11:00	retronym	2016-12-22 07:30:31	test/files/run/t9111b/A_1.java	False	True	True	True
5606	lrytz	2016-12-19 21:11:00	retronym	2016-12-22 07:30:31	test/files/neg/t9111d/A_1.java	False	True	True	True
5606	lrytz	2016-12-19 21:11:00	retronym	2016-12-22 07:30:31	test/files/neg/t9111d/Test_1.scala	False	True	True	True
5606	lrytz	2016-12-19 21:11:00	retronym	2016-12-21 02:11:14	test/files/run/bcodeInlinerMixed/B_1.scala	True	True	True	True
5606	lrytz	2016-12-19 21:11:00	retronym	2016-12-21 02:11:14	test/files/run/bcodeInlinerMixed/Test.scala	True	True	True	True
5606	lrytz	2016-12-19 21:11:00	retronym	2016-12-21 02:11:14	test/files/run/bcodeInlinerMixed/Test_2.scala	True	True	True	True
5606	lrytz	2016-12-19 21:11:00	retronym	2016-12-21 02:11:14	test/files/run/t4788-separate-compilation.check	True	True	True	True
5606	lrytz	2016-12-19 21:11:00	retronym	2016-12-21 02:11:14	test/files/run/t4788.check	True	True	True	True
5606	lrytz	2016-12-19 21:11:00	retronym	2016-12-21 02:11:14	test/files/run/t6240a/StepOne.java	True	True	True	True
5606	lrytz	2016-12-19 21:11:00	retronym	2016-12-21 02:11:14	test/files/run/t6240b/StepOne.java	True	True	True	True
5606	lrytz	2016-12-19 21:11:00	retronym	2016-12-21 02:11:14	test/files/run/t7582.check	True	True	True	True
5606	lrytz	2016-12-19 21:11:00	retronym	2016-12-21 02:11:14	test/files/run/t7582/InlineHolder_2.scala	True	True	True	True
5606	lrytz	2016-12-19 21:11:00	retronym	2016-12-21 02:11:14	test/files/run/t7582/PackageProtectedJava_1.java	True	True	True	True
5606	lrytz	2016-12-19 21:11:00	retronym	2016-12-21 02:11:14	test/files/run/t7582b.check	True	True	True	True
5606	lrytz	2016-12-19 21:11:00	retronym	2016-12-21 02:11:14	test/files/run/t7582b/InlineHolder_2.scala	True	True	True	True
5606	lrytz	2016-12-19 21:11:00	retronym	2016-12-21 02:11:14	test/files/run/t7582b/PackageProtectedJava_1.java	True	True	True	True
5606	lrytz	2016-12-19 21:11:00	retronym	2016-12-21 02:11:14	versions.properties	True	True	True	True
5606	lrytz	2016-12-19 21:11:00	retronym	2016-12-21 02:11:14	test/files/neg/t7386.check	False	True	True	True
5606	lrytz	2016-12-19 21:11:00	retronym	2016-12-21 02:11:14	test/files/neg/t7386/A_1.java	False	True	True	True
5606	lrytz	2016-12-19 21:11:00	retronym	2016-12-21 02:11:14	test/files/neg/t7386/Test_1.scala	False	True	True	True
5606	lrytz	2016-12-19 21:11:00	retronym	2016-12-21 02:11:14	test/files/run/t4788-mixed.check	False	True	True	True
5606	lrytz	2016-12-19 21:11:00	retronym	2016-12-21 02:11:14	test/files/run/t4788-mixed/C.scala	False	True	True	True
5606	lrytz	2016-12-19 21:11:00	retronym	2016-12-21 02:11:14	test/files/neg/t7014/t7014_2.scala	True	True	True	True
5606	lrytz	2016-12-19 21:11:00	retronym	2016-12-21 02:11:14	test/files/neg/t7014/t7014.scala	True	True	True	True
5606	lrytz	2016-12-19 21:11:00	retronym	2016-12-21 02:11:14	test/files/neg/t7014/ThreadSafety_1.java	True	True	True	True
5606	lrytz	2016-12-19 21:11:00	retronym	2016-12-21 02:11:14	test/files/neg/t9111c.check	True	True	True	True
5606	lrytz	2016-12-19 21:11:00	retronym	2016-12-22 07:30:31	test/files/run/t10107/A_1.java	False	True	True	True
5606	lrytz	2016-12-19 21:11:00	retronym	2016-12-22 07:30:31	test/files/run/t10107/B_1.java	False	True	True	True
5606	lrytz	2016-12-19 21:11:00	retronym	2016-12-22 07:30:31	test/files/run/t10107/Test_1.scala	False	True	True	True
5606	lrytz	2016-12-19 21:11:00	retronym	2016-12-22 07:30:31	test/files/run/t9111a/A_1.java	False	True	True	True
5606	lrytz	2016-12-19 21:11:00	retronym	2016-12-22 07:30:31	test/files/run/t9111a/Test_1.scala	False	True	True	True
5606	lrytz	2016-12-19 21:11:00	retronym	2016-12-22 07:30:31	test/files/run/bcodeInlinerMixed/Test_2.scala	True	True	True	True
5606	lrytz	2016-12-19 21:11:00	retronym	2016-12-22 07:30:31	test/files/run/t9111b/Test_1.scala	False	True	True	True
5606	lrytz	2016-12-19 21:11:00	retronym	2016-12-21 02:11:14	src/compiler/scala/tools/nsc/javac/JavaParsers.scala	True	True	True	True
5606	lrytz	2016-12-19 21:11:00	retronym	2016-12-21 02:11:14	test/files/neg/t9111c/A_1.java	True	True	True	True
5606	lrytz	2016-12-19 21:11:00	retronym	2016-12-21 02:11:14	test/files/neg/t7014/ThreadSafetyLevel_1.java	True	True	True	True
5606	lrytz	2016-12-19 21:11:00	retronym	2016-12-21 02:11:14	test/files/neg/t9111c/Test_1.scala	True	True	True	True
5606	lrytz	2016-12-19 21:11:00	retronym	2016-12-21 02:11:14	test/files/run/t9111a/A_1.java	True	True	True	True
5606	lrytz	2016-12-19 21:11:00	retronym	2016-12-21 02:11:14	test/files/run/t9111a/Test_1.scala	True	True	True	True
5606	lrytz	2016-12-19 21:11:00	retronym	2016-12-21 02:11:14	test/files/run/t9111b/A_1.java	True	True	True	True
5606	lrytz	2016-12-19 21:11:00	retronym	2016-12-21 02:11:14	test/files/run/t9111b/Test_1.scala	True	True	True	True
5606	lrytz	2016-12-19 21:11:00	retronym	2016-12-21 02:11:14	test/files/jvm/t8786/B_2.java	True	True	True	True
5606	lrytz	2016-12-19 21:11:00	retronym	2016-12-21 02:11:14	test/files/jvm/varargs/JavaClass.java	True	True	True	True
5606	lrytz	2016-12-19 21:11:00	retronym	2016-12-21 02:11:14	test/files/neg/t7014.check	True	True	True	True
5606	lrytz	2016-12-19 21:11:00	retronym	2016-12-22 07:30:31	test/files/run/t4788-separate-compilation.check	True	True	True	True
5606	lrytz	2016-12-19 21:11:00	retronym	2016-12-22 07:30:31	test/files/jvm/varargs/JavaClass.java	True	True	True	True
5606	lrytz	2016-12-19 21:11:00	retronym	2016-12-22 07:30:31	test/files/run/bcodeInlinerMixed/Test.scala	True	True	True	True
5606	lrytz	2016-12-19 21:11:00	adriaanm	2016-12-21 20:09:09	test/files/run/t4788-separate-compilation/R_1.scala	False	True	True	True
5606	lrytz	2016-12-19 21:11:00	adriaanm	2016-12-21 20:09:09	test/files/run/t7582.check	True	True	True	True
5606	lrytz	2016-12-19 21:11:00	adriaanm	2016-12-21 20:09:09	test/files/run/t7582/InlineHolder_2.scala	True	True	True	True
5606	lrytz	2016-12-19 21:11:00	adriaanm	2016-12-21 20:09:09	test/files/run/t7582/PackageProtectedJava_1.java	True	True	True	True
5606	lrytz	2016-12-19 21:11:00	adriaanm	2016-12-21 20:09:09	test/files/run/t7582b.check	True	True	True	True
5606	lrytz	2016-12-19 21:11:00	adriaanm	2016-12-21 20:09:09	test/files/run/t7582b/InlineHolder_2.scala	True	True	True	True
5606	lrytz	2016-12-19 21:11:00	adriaanm	2016-12-21 20:09:09	test/files/run/t7582b/PackageProtectedJava_1.java	True	True	True	True
5606	lrytz	2016-12-19 21:11:00	adriaanm	2016-12-21 20:09:09	versions.properties	True	True	True	True
5606	lrytz	2016-12-19 21:11:00	adriaanm	2016-12-21 20:09:09	test/files/neg/t7386.check	False	True	True	True
5606	lrytz	2016-12-19 21:11:00	adriaanm	2016-12-21 20:09:09	test/files/neg/t7386/A_1.java	False	True	True	True
5606	lrytz	2016-12-19 21:11:00	adriaanm	2016-12-21 20:09:09	test/files/neg/t7386/Test_1.scala	False	True	True	True
5606	lrytz	2016-12-19 21:11:00	adriaanm	2016-12-21 20:09:09	test/files/run/t4788-mixed.check	False	True	True	True
5606	lrytz	2016-12-19 21:11:00	adriaanm	2016-12-21 20:09:09	test/files/run/t4788-mixed/C.scala	False	True	True	True
5606	lrytz	2016-12-19 21:11:00	adriaanm	2016-12-21 20:09:09	test/files/run/t4788-mixed/CAnnotation.java	False	True	True	True
5606	lrytz	2016-12-19 21:11:00	adriaanm	2016-12-21 20:09:09	test/files/run/t4788-mixed/D.scala	False	True	True	True
5606	lrytz	2016-12-19 21:11:00	adriaanm	2016-12-21 20:09:09	test/files/run/t4788-mixed/R.scala	False	True	True	True
5606	lrytz	2016-12-19 21:11:00	adriaanm	2016-12-21 20:09:09	test/files/run/t4788-mixed/RAnnotation.java	False	True	True	True
5606	lrytz	2016-12-19 21:11:00	adriaanm	2016-12-21 20:09:09	test/files/run/t4788-mixed/S.scala	False	True	True	True
5606	lrytz	2016-12-19 21:11:00	adriaanm	2016-12-21 20:09:09	test/files/run/t4788-mixed/SAnnotation.java	False	True	True	True
5606	lrytz	2016-12-19 21:11:00	adriaanm	2016-12-21 20:09:09	test/files/run/t4788-mixed/Test.scala	False	True	True	True
5606	lrytz	2016-12-19 21:11:00	adriaanm	2016-12-21 20:09:09	test/files/run/t6240b/StepOne.java	True	True	True	True
5606	lrytz	2016-12-19 21:11:00	adriaanm	2016-12-21 20:09:09	test/files/run/t6240a/StepOne.java	True	True	True	True
5606	lrytz	2016-12-19 21:11:00	adriaanm	2016-12-21 20:09:09	test/files/run/t4788.check	True	True	True	True
5606	lrytz	2016-12-19 21:11:00	adriaanm	2016-12-21 20:09:09	test/files/jvm/t8786/B_2.java	True	True	True	True
5606	lrytz	2016-12-19 21:11:00	adriaanm	2016-12-21 20:09:09	src/compiler/scala/tools/nsc/javac/JavaParsers.scala	True	True	True	True
5606	lrytz	2016-12-19 21:11:00	adriaanm	2016-12-21 20:09:09	test/files/neg/t9111c.check	True	True	True	True
5606	lrytz	2016-12-19 21:11:00	adriaanm	2016-12-21 20:09:09	test/files/neg/t9111c/A_1.java	True	True	True	True
5606	lrytz	2016-12-19 21:11:00	adriaanm	2016-12-21 20:09:09	test/files/neg/t9111c/Test_1.scala	True	True	True	True
5606	lrytz	2016-12-19 21:11:00	adriaanm	2016-12-21 20:09:09	test/files/run/t9111a/A_1.java	True	True	True	True
5606	lrytz	2016-12-19 21:11:00	adriaanm	2016-12-21 20:09:09	test/files/run/t9111a/Test_1.scala	True	True	True	True
5606	lrytz	2016-12-19 21:11:00	adriaanm	2016-12-21 20:09:09	test/files/run/t9111b/A_1.java	True	True	True	True
5606	lrytz	2016-12-19 21:11:00	adriaanm	2016-12-21 20:09:09	test/files/run/t9111b/Test_1.scala	True	True	True	True
5606	lrytz	2016-12-19 21:11:00	adriaanm	2016-12-21 20:09:09	test/files/jvm/varargs/JavaClass.java	True	True	True	True
5606	lrytz	2016-12-19 21:11:00	adriaanm	2016-12-21 20:09:09	test/files/run/t4788-separate-compilation.check	True	True	True	True
5606	lrytz	2016-12-19 21:11:00	adriaanm	2016-12-21 20:09:09	test/files/neg/t7014.check	True	True	True	True
5606	lrytz	2016-12-19 21:11:00	adriaanm	2016-12-21 20:09:09	test/files/neg/t7014/ThreadSafetyLevel_1.java	True	True	True	True
5606	lrytz	2016-12-19 21:11:00	adriaanm	2016-12-21 20:09:09	test/files/neg/t7014/ThreadSafety_1.java	True	True	True	True
5606	lrytz	2016-12-19 21:11:00	adriaanm	2016-12-21 20:09:09	test/files/neg/t7014/t7014.scala	True	True	True	True
5606	lrytz	2016-12-19 21:11:00	adriaanm	2016-12-21 20:09:09	test/files/neg/t7014/t7014_2.scala	True	True	True	True
5606	lrytz	2016-12-19 21:11:00	adriaanm	2016-12-21 20:09:09	test/files/run/bcodeInlinerMixed/B_1.scala	True	True	True	True
5606	lrytz	2016-12-19 21:11:00	adriaanm	2016-12-21 20:09:09	test/files/run/bcodeInlinerMixed/Test.scala	True	True	True	True
5606	lrytz	2016-12-19 21:11:00	adriaanm	2016-12-21 20:09:09	test/files/run/bcodeInlinerMixed/Test_2.scala	True	True	True	True
5606	lrytz	2016-12-19 21:11:00	adriaanm	2016-12-21 20:09:09	test/files/run/t4788-separate-compilation/C_1.scala	False	True	True	True
5606	lrytz	2016-12-19 21:11:00	adriaanm	2016-12-21 20:09:09	test/files/run/t4788-separate-compilation/S_1.scala	False	True	True	True
5606	lrytz	2016-12-19 21:11:00	retronym	2016-12-22 07:30:31	test/files/run/bcodeInlinerMixed/B_1.scala	True	True	True	True
5606	lrytz	2016-12-19 21:11:00	adriaanm	2016-12-21 20:09:09	test/files/run/t4788-separate.check	False	True	True	True
5606	lrytz	2016-12-19 21:11:00	adriaanm	2016-12-21 20:09:09	test/files/run/t9111a/A_1.java	False	True	True	True
5606	lrytz	2016-12-19 21:11:00	adriaanm	2016-12-21 20:09:09	test/files/run/t9111a/Test_1.scala	False	True	True	True
5606	lrytz	2016-12-19 21:11:00	adriaanm	2016-12-21 20:09:09	test/files/run/t9111b/A_1.java	False	True	True	True
5606	lrytz	2016-12-19 21:11:00	adriaanm	2016-12-21 20:09:09	test/files/run/t9111b/Test_1.scala	False	True	True	True
5606	lrytz	2016-12-19 21:11:00	retronym	2016-12-22 07:30:31	src/compiler/scala/tools/nsc/javac/JavaParsers.scala	True	True	True	True
5606	lrytz	2016-12-19 21:11:00	retronym	2016-12-22 07:30:31	test/files/neg/t9111c.check	True	True	True	True
5606	lrytz	2016-12-19 21:11:00	retronym	2016-12-22 07:30:31	test/files/neg/t9111c/A_1.java	True	True	True	True
5606	lrytz	2016-12-19 21:11:00	retronym	2016-12-22 07:30:31	test/files/neg/t9111c/Test_1.scala	True	True	True	True
5606	lrytz	2016-12-19 21:11:00	retronym	2016-12-22 07:30:31	test/files/run/t9111a/A_1.java	True	True	True	True
5606	lrytz	2016-12-19 21:11:00	retronym	2016-12-22 07:30:31	test/files/run/t9111a/Test_1.scala	True	True	True	True
5606	lrytz	2016-12-19 21:11:00	retronym	2016-12-22 07:30:31	test/files/run/t9111b/A_1.java	True	True	True	True
5606	lrytz	2016-12-19 21:11:00	retronym	2016-12-22 07:30:31	test/files/run/t9111b/Test_1.scala	True	True	True	True
5606	lrytz	2016-12-19 21:11:00	retronym	2016-12-22 07:30:31	test/files/jvm/t8786/B_2.java	True	True	True	True
5606	lrytz	2016-12-19 21:11:00	retronym	2016-12-21 02:11:14	test/files/run/t4788-mixed/D.scala	False	True	True	True
5606	lrytz	2016-12-19 21:11:00	retronym	2016-12-22 07:30:31	test/files/neg/t7014.check	True	True	True	True
5606	lrytz	2016-12-19 21:11:00	retronym	2016-12-22 07:30:31	test/files/neg/t7014/ThreadSafetyLevel_1.java	True	True	True	True
5606	lrytz	2016-12-19 21:11:00	retronym	2016-12-22 07:30:31	test/files/neg/t7014/ThreadSafety_1.java	True	True	True	True
5606	lrytz	2016-12-19 21:11:00	retronym	2016-12-22 07:30:31	test/files/neg/t7014/t7014.scala	True	True	True	True
5606	lrytz	2016-12-19 21:11:00	retronym	2016-12-22 07:30:31	test/files/neg/t7014/t7014_2.scala	True	True	True	True
5606	lrytz	2016-12-19 21:11:00	adriaanm	2016-12-21 20:09:09	test/files/run/t10107/Test_1.scala	False	True	True	True
5606	lrytz	2016-12-19 21:11:00	adriaanm	2016-12-21 20:09:09	test/files/run/t10107/B_1.java	False	True	True	True
5606	lrytz	2016-12-19 21:11:00	adriaanm	2016-12-21 20:09:09	test/files/run/t10107/A_1.java	False	True	True	True
5606	lrytz	2016-12-19 21:11:00	adriaanm	2016-12-21 20:09:09	test/files/run/t4788.check	False	True	True	True
5606	lrytz	2016-12-19 21:11:00	adriaanm	2016-12-21 20:09:09	test/files/run/t4788-separate/CAnnotation_1.java	False	True	True	True
5606	lrytz	2016-12-19 21:11:00	adriaanm	2016-12-21 20:09:09	test/files/run/t4788-separate/C_2.scala	False	True	True	True
5606	lrytz	2016-12-19 21:11:00	adriaanm	2016-12-21 20:09:09	test/files/run/t4788-separate/D_2.scala	False	True	True	True
5606	lrytz	2016-12-19 21:11:00	adriaanm	2016-12-21 20:09:09	test/files/run/t4788-separate/RAnnotation_1.java	False	True	True	True
5606	lrytz	2016-12-19 21:11:00	adriaanm	2016-12-21 20:09:09	test/files/run/t4788-separate/R_2.scala	False	True	True	True
5606	lrytz	2016-12-19 21:11:00	adriaanm	2016-12-21 20:09:09	test/files/run/t4788-separate/SAnnotation_1.java	False	True	True	True
5606	lrytz	2016-12-19 21:11:00	adriaanm	2016-12-21 20:09:09	test/files/run/t4788-separate/S_2.scala	False	True	True	True
5606	lrytz	2016-12-19 21:11:00	adriaanm	2016-12-21 20:09:09	test/files/run/t4788-separate/Test_2.scala	False	True	True	True
5606	lrytz	2016-12-19 21:11:00	adriaanm	2016-12-21 20:09:09	src/compiler/scala/tools/nsc/typechecker/Contexts.scala	False	True	True	True
5606	lrytz	2016-12-19 21:11:00	adriaanm	2016-12-21 20:09:09	test/files/neg/t9111d/Test_1.scala	False	True	True	True
5606	lrytz	2016-12-19 21:11:00	adriaanm	2016-12-21 20:09:09	src/compiler/scala/tools/nsc/typechecker/Typers.scala	False	True	True	True
5606	lrytz	2016-12-19 21:11:00	adriaanm	2016-12-21 20:09:09	src/reflect/scala/reflect/internal/Types.scala	False	True	True	True
5606	lrytz	2016-12-19 21:11:00	adriaanm	2016-12-21 20:09:09	src/reflect/scala/reflect/internal/tpe/FindMembers.scala	False	True	True	True
5606	lrytz	2016-12-19 21:11:00	adriaanm	2016-12-21 20:09:09	test/files/neg/t9111c.check	False	True	True	True
5606	lrytz	2016-12-19 21:11:00	adriaanm	2016-12-21 20:09:09	test/files/neg/t9111c/A_1.java	False	True	True	True
5606	lrytz	2016-12-19 21:11:00	adriaanm	2016-12-21 20:09:09	test/files/neg/t9111c/Test_1.scala	False	True	True	True
5606	lrytz	2016-12-19 21:11:00	adriaanm	2016-12-21 20:09:09	test/files/neg/t9111d.check	False	True	True	True
5606	lrytz	2016-12-19 21:11:00	adriaanm	2016-12-21 20:09:09	test/files/neg/t9111d/A_1.java	False	True	True	True
5606	lrytz	2016-12-19 21:11:00	retronym	2016-12-21 02:11:14	test/files/run/t4788-mixed/CAnnotation.java	False	True	True	True
5606	lrytz	2016-12-19 21:11:00	retronym	2016-12-22 07:30:31	test/files/run/t4788-separate.check	False	True	True	True
5606	lrytz	2016-12-19 21:11:00	retronym	2016-12-21 02:11:14	test/files/run/t4788-mixed/R.scala	False	True	True	True
5606	lrytz	2016-12-19 21:11:00	adriaanm	2016-12-21 20:07:40	test/files/run/t7582b/PackageProtectedJava_1.java	True	True	True	True
5606	lrytz	2016-12-19 21:11:00	adriaanm	2016-12-21 20:07:40	test/files/run/t9111b/Test_1.scala	True	True	True	True
5606	lrytz	2016-12-19 21:11:00	adriaanm	2016-12-21 20:07:40	test/files/jvm/t8786/B_2.java	True	True	True	True
5606	lrytz	2016-12-19 21:11:00	adriaanm	2016-12-21 20:07:40	test/files/jvm/varargs/JavaClass.java	True	True	True	True
5606	lrytz	2016-12-19 21:11:00	adriaanm	2016-12-21 20:07:40	test/files/neg/t7014.check	True	True	True	True
5606	lrytz	2016-12-19 21:11:00	adriaanm	2016-12-21 20:07:40	test/files/neg/t7014/ThreadSafetyLevel_1.java	True	True	True	True
5606	lrytz	2016-12-19 21:11:00	adriaanm	2016-12-21 20:07:40	test/files/neg/t7014/ThreadSafety_1.java	True	True	True	True
5606	lrytz	2016-12-19 21:11:00	adriaanm	2016-12-21 20:07:40	test/files/neg/t7014/t7014.scala	True	True	True	True
5606	lrytz	2016-12-19 21:11:00	adriaanm	2016-12-21 20:07:40	test/files/neg/t7014/t7014_2.scala	True	True	True	True
5606	lrytz	2016-12-19 21:11:00	adriaanm	2016-12-21 20:07:40	test/files/run/bcodeInlinerMixed/B_1.scala	True	True	True	True
5606	lrytz	2016-12-19 21:11:00	adriaanm	2016-12-21 20:07:40	test/files/run/bcodeInlinerMixed/Test.scala	True	True	True	True
5606	lrytz	2016-12-19 21:11:00	adriaanm	2016-12-21 20:07:40	test/files/run/bcodeInlinerMixed/Test_2.scala	True	True	True	True
5606	lrytz	2016-12-19 21:11:00	adriaanm	2016-12-21 20:07:40	test/files/run/t4788-separate-compilation.check	True	True	True	True
5606	lrytz	2016-12-19 21:11:00	adriaanm	2016-12-21 20:07:40	test/files/run/t4788.check	True	True	True	True
5606	lrytz	2016-12-19 21:11:00	adriaanm	2016-12-21 20:07:40	test/files/run/t6240a/StepOne.java	True	True	True	True
5606	lrytz	2016-12-19 21:11:00	adriaanm	2016-12-21 20:07:40	test/files/run/t6240b/StepOne.java	True	True	True	True
5606	lrytz	2016-12-19 21:11:00	adriaanm	2016-12-21 20:07:40	test/files/run/t7582.check	True	True	True	True
5606	lrytz	2016-12-19 21:11:00	adriaanm	2016-12-21 20:07:40	test/files/run/t7582/InlineHolder_2.scala	True	True	True	True
5606	lrytz	2016-12-19 21:11:00	adriaanm	2016-12-21 20:07:40	test/files/run/t7582/PackageProtectedJava_1.java	True	True	True	True
5606	lrytz	2016-12-19 21:11:00	adriaanm	2016-12-21 20:07:40	test/files/run/t7582b.check	True	True	True	True
5606	lrytz	2016-12-19 21:11:00	adriaanm	2016-12-21 20:07:40	test/files/run/t9111b/A_1.java	True	True	True	True
5606	lrytz	2016-12-19 21:11:00	adriaanm	2016-12-21 20:07:40	test/files/run/t9111a/Test_1.scala	True	True	True	True
5606	lrytz	2016-12-19 21:11:00	adriaanm	2016-12-21 20:07:40	test/files/run/t9111a/A_1.java	True	True	True	True
5606	lrytz	2016-12-19 21:11:00	adriaanm	2016-12-21 01:55:38	test/files/run/t10107/A_1.java	False	True	True	True
5606	lrytz	2016-12-19 21:11:00	adriaanm	2016-12-21 01:55:38	src/reflect/scala/reflect/internal/Types.scala	False	True	True	True
5606	lrytz	2016-12-19 21:11:00	adriaanm	2016-12-21 01:55:38	src/reflect/scala/reflect/internal/tpe/FindMembers.scala	False	True	True	True
5606	lrytz	2016-12-19 21:11:00	adriaanm	2016-12-21 01:55:38	test/files/neg/t9111c.check	False	True	True	True
5606	lrytz	2016-12-19 21:11:00	adriaanm	2016-12-21 01:55:38	test/files/neg/t9111c/A_1.java	False	True	True	True
5606	lrytz	2016-12-19 21:11:00	adriaanm	2016-12-21 01:55:38	test/files/neg/t9111c/Test_1.scala	False	True	True	True
5606	lrytz	2016-12-19 21:11:00	adriaanm	2016-12-21 01:55:38	test/files/neg/t9111d.check	False	True	True	True
5606	lrytz	2016-12-19 21:11:00	adriaanm	2016-12-21 01:55:38	test/files/neg/t9111d/A_1.java	False	True	True	True
5606	lrytz	2016-12-19 21:11:00	adriaanm	2016-12-21 01:55:38	test/files/neg/t9111d/Test_1.scala	False	True	True	True
5606	lrytz	2016-12-19 21:11:00	adriaanm	2016-12-21 01:55:38	test/files/run/t10107/B_1.java	False	True	True	True
5606	lrytz	2016-12-19 21:11:00	adriaanm	2016-12-21 20:07:40	test/files/neg/t9111c/Test_1.scala	True	True	True	True
5606	lrytz	2016-12-19 21:11:00	adriaanm	2016-12-21 01:55:38	test/files/run/t10107/Test_1.scala	False	True	True	True
5606	lrytz	2016-12-19 21:11:00	adriaanm	2016-12-21 01:55:38	test/files/run/t9111a/A_1.java	False	True	True	True
5606	lrytz	2016-12-19 21:11:00	adriaanm	2016-12-21 01:55:38	test/files/run/t9111a/Test_1.scala	False	True	True	True
5606	lrytz	2016-12-19 21:11:00	adriaanm	2016-12-21 01:55:38	test/files/run/t9111b/A_1.java	False	True	True	True
5606	lrytz	2016-12-19 21:11:00	adriaanm	2016-12-21 01:55:38	test/files/run/t9111b/Test_1.scala	False	True	True	True
5606	lrytz	2016-12-19 21:11:00	adriaanm	2016-12-21 20:07:40	src/compiler/scala/tools/nsc/javac/JavaParsers.scala	True	True	True	True
5606	lrytz	2016-12-19 21:11:00	adriaanm	2016-12-21 20:07:40	test/files/neg/t9111c.check	True	True	True	True
5606	lrytz	2016-12-19 21:11:00	adriaanm	2016-12-21 20:07:40	test/files/neg/t9111c/A_1.java	True	True	True	True
5606	lrytz	2016-12-19 21:11:00	adriaanm	2016-12-21 20:07:40	test/files/run/t7582b/InlineHolder_2.scala	True	True	True	True
5606	lrytz	2016-12-19 21:11:00	adriaanm	2016-12-21 20:07:40	versions.properties	True	True	True	True
5606	lrytz	2016-12-19 21:11:00	adriaanm	2016-12-21 01:55:38	src/compiler/scala/tools/nsc/typechecker/Contexts.scala	False	True	True	True
5606	lrytz	2016-12-19 21:11:00	adriaanm	2016-12-21 20:07:40	test/files/neg/t7386.check	False	True	True	True
5606	lrytz	2016-12-19 21:11:00	adriaanm	2016-12-21 20:07:40	test/files/run/t4788-separate/Test_2.scala	False	True	True	True
5606	lrytz	2016-12-19 21:11:00	retronym	2016-12-21 02:11:14	test/files/run/t4788-mixed/RAnnotation.java	False	True	True	True
5606	lrytz	2016-12-19 21:11:00	adriaanm	2016-12-21 20:07:40	src/compiler/scala/tools/nsc/typechecker/Contexts.scala	False	True	True	True
5606	lrytz	2016-12-19 21:11:00	adriaanm	2016-12-21 20:07:40	src/compiler/scala/tools/nsc/typechecker/Typers.scala	False	True	True	True
5606	lrytz	2016-12-19 21:11:00	adriaanm	2016-12-21 20:07:40	src/reflect/scala/reflect/internal/Types.scala	False	True	True	True
5606	lrytz	2016-12-19 21:11:00	adriaanm	2016-12-21 20:07:40	src/reflect/scala/reflect/internal/tpe/FindMembers.scala	False	True	True	True
5606	lrytz	2016-12-19 21:11:00	adriaanm	2016-12-21 20:07:40	test/files/neg/t9111c.check	False	True	True	True
5606	lrytz	2016-12-19 21:11:00	adriaanm	2016-12-21 20:07:40	test/files/neg/t9111c/A_1.java	False	True	True	True
5606	lrytz	2016-12-19 21:11:00	adriaanm	2016-12-21 20:07:40	test/files/neg/t9111c/Test_1.scala	False	True	True	True
5606	lrytz	2016-12-19 21:11:00	adriaanm	2016-12-21 20:07:40	test/files/neg/t9111d.check	False	True	True	True
5606	lrytz	2016-12-19 21:11:00	adriaanm	2016-12-21 20:07:40	test/files/neg/t9111d/A_1.java	False	True	True	True
5606	lrytz	2016-12-19 21:11:00	adriaanm	2016-12-21 20:07:40	test/files/neg/t9111d/Test_1.scala	False	True	True	True
5606	lrytz	2016-12-19 21:11:00	adriaanm	2016-12-21 20:07:40	test/files/run/t10107/A_1.java	False	True	True	True
5606	lrytz	2016-12-19 21:11:00	adriaanm	2016-12-21 20:07:40	test/files/run/t10107/B_1.java	False	True	True	True
5606	lrytz	2016-12-19 21:11:00	adriaanm	2016-12-21 20:07:40	test/files/run/t10107/Test_1.scala	False	True	True	True
5606	lrytz	2016-12-19 21:11:00	adriaanm	2016-12-21 20:07:40	test/files/run/t9111a/A_1.java	False	True	True	True
5606	lrytz	2016-12-19 21:11:00	adriaanm	2016-12-21 20:07:40	test/files/run/t9111a/Test_1.scala	False	True	True	True
5606	lrytz	2016-12-19 21:11:00	adriaanm	2016-12-21 20:07:40	test/files/run/t9111b/A_1.java	False	True	True	True
5606	lrytz	2016-12-19 21:11:00	adriaanm	2016-12-21 20:07:40	test/files/run/t9111b/Test_1.scala	False	True	True	True
5606	lrytz	2016-12-19 21:11:00	adriaanm	2016-12-21 20:07:40	test/files/run/t4788-separate/S_2.scala	False	True	True	True
5606	lrytz	2016-12-19 21:11:00	adriaanm	2016-12-21 20:07:40	test/files/run/t4788-separate/SAnnotation_1.java	False	True	True	True
5606	lrytz	2016-12-19 21:11:00	adriaanm	2016-12-21 20:07:40	test/files/run/t4788-separate/R_2.scala	False	True	True	True
5606	lrytz	2016-12-19 21:11:00	adriaanm	2016-12-21 20:07:40	test/files/run/t4788-mixed/S.scala	False	True	True	True
5606	lrytz	2016-12-19 21:11:00	adriaanm	2016-12-21 20:07:40	test/files/neg/t7386/A_1.java	False	True	True	True
5606	lrytz	2016-12-19 21:11:00	adriaanm	2016-12-21 20:07:40	test/files/neg/t7386/Test_1.scala	False	True	True	True
5606	lrytz	2016-12-19 21:11:00	adriaanm	2016-12-21 20:07:40	test/files/run/t4788-mixed.check	False	True	True	True
5606	lrytz	2016-12-19 21:11:00	adriaanm	2016-12-21 20:07:40	test/files/run/t4788-mixed/C.scala	False	True	True	True
5606	lrytz	2016-12-19 21:11:00	adriaanm	2016-12-21 20:07:40	test/files/run/t4788-mixed/CAnnotation.java	False	True	True	True
5606	lrytz	2016-12-19 21:11:00	adriaanm	2016-12-21 20:07:40	test/files/run/t4788-mixed/D.scala	False	True	True	True
5606	lrytz	2016-12-19 21:11:00	adriaanm	2016-12-21 20:07:40	test/files/run/t4788-mixed/R.scala	False	True	True	True
5606	lrytz	2016-12-19 21:11:00	adriaanm	2016-12-21 20:07:40	test/files/run/t4788-mixed/RAnnotation.java	False	True	True	True
5606	lrytz	2016-12-19 21:11:00	adriaanm	2016-12-21 20:07:40	test/files/run/t4788-mixed/SAnnotation.java	False	True	True	True
5606	lrytz	2016-12-19 21:11:00	adriaanm	2016-12-21 20:07:40	test/files/run/t4788-separate/RAnnotation_1.java	False	True	True	True
5606	lrytz	2016-12-19 21:11:00	adriaanm	2016-12-21 20:07:40	test/files/run/t4788-mixed/Test.scala	False	True	True	True
5606	lrytz	2016-12-19 21:11:00	adriaanm	2016-12-21 20:07:40	test/files/run/t4788-separate-compilation/C_1.scala	False	True	True	True
5606	lrytz	2016-12-19 21:11:00	adriaanm	2016-12-21 20:07:40	test/files/run/t4788-separate-compilation/R_1.scala	False	True	True	True
5606	lrytz	2016-12-19 21:11:00	adriaanm	2016-12-21 20:07:40	test/files/run/t4788-separate-compilation/S_1.scala	False	True	True	True
5606	lrytz	2016-12-19 21:11:00	adriaanm	2016-12-21 20:07:40	test/files/run/t4788-separate.check	False	True	True	True
5606	lrytz	2016-12-19 21:11:00	adriaanm	2016-12-21 20:07:40	test/files/run/t4788-separate/CAnnotation_1.java	False	True	True	True
5606	lrytz	2016-12-19 21:11:00	adriaanm	2016-12-21 20:07:40	test/files/run/t4788-separate/C_2.scala	False	True	True	True
5606	lrytz	2016-12-19 21:11:00	adriaanm	2016-12-21 20:07:40	test/files/run/t4788-separate/D_2.scala	False	True	True	True
5606	lrytz	2016-12-19 21:11:00	adriaanm	2016-12-21 01:55:38	src/compiler/scala/tools/nsc/typechecker/Typers.scala	False	True	True	True
5606	lrytz	2016-12-19 21:11:00	adriaanm	2016-12-21 20:07:40	test/files/run/t4788.check	False	True	True	True
5606	lrytz	2016-12-19 21:11:00	adriaanm	2016-12-21 01:55:38	test/files/run/t4788.check	False	True	True	True
5606	lrytz	2016-12-19 21:11:00	adriaanm	2016-12-21 01:55:38	test/files/jvm/varargs/JavaClass.java	True	True	True	True
5606	lrytz	2016-12-19 21:11:00	retronym	2016-12-21 02:11:14	test/files/neg/t9111c/A_1.java	False	True	True	True
5606	lrytz	2016-12-19 21:11:00	retronym	2016-12-21 02:11:14	test/files/neg/t9111c/Test_1.scala	False	True	True	True
5606	lrytz	2016-12-19 21:11:00	retronym	2016-12-21 02:11:14	test/files/neg/t9111d.check	False	True	True	True
5606	lrytz	2016-12-19 21:11:00	retronym	2016-12-21 02:11:14	test/files/neg/t9111d/A_1.java	False	True	True	True
5606	lrytz	2016-12-19 21:11:00	retronym	2016-12-21 02:11:14	test/files/neg/t9111d/Test_1.scala	False	True	True	True
5606	lrytz	2016-12-19 21:11:00	retronym	2016-12-21 02:11:14	test/files/run/t10107/A_1.java	False	True	True	True
5606	lrytz	2016-12-19 21:11:00	retronym	2016-12-21 02:11:14	test/files/run/t10107/B_1.java	False	True	True	True
5606	lrytz	2016-12-19 21:11:00	retronym	2016-12-21 02:11:14	test/files/run/t10107/Test_1.scala	False	True	True	True
5606	lrytz	2016-12-19 21:11:00	retronym	2016-12-21 02:11:14	test/files/run/t9111a/A_1.java	False	True	True	True
5606	lrytz	2016-12-19 21:11:00	retronym	2016-12-21 02:11:14	test/files/run/t9111a/Test_1.scala	False	True	True	True
5606	lrytz	2016-12-19 21:11:00	retronym	2016-12-21 02:11:14	test/files/run/t9111b/A_1.java	False	True	True	True
5606	lrytz	2016-12-19 21:11:00	adriaanm	2016-12-21 01:55:38	src/compiler/scala/tools/nsc/javac/JavaParsers.scala	True	True	True	True
5606	lrytz	2016-12-19 21:11:00	adriaanm	2016-12-21 01:55:38	test/files/neg/t9111c.check	True	True	True	True
5606	lrytz	2016-12-19 21:11:00	adriaanm	2016-12-21 01:55:38	test/files/neg/t9111c/A_1.java	True	True	True	True
5606	lrytz	2016-12-19 21:11:00	adriaanm	2016-12-21 01:55:38	test/files/neg/t9111c/Test_1.scala	True	True	True	True
5606	lrytz	2016-12-19 21:11:00	adriaanm	2016-12-21 01:55:38	test/files/run/t9111a/A_1.java	True	True	True	True
5606	lrytz	2016-12-19 21:11:00	adriaanm	2016-12-21 01:55:38	test/files/run/t9111a/Test_1.scala	True	True	True	True
5606	lrytz	2016-12-19 21:11:00	adriaanm	2016-12-21 01:55:38	test/files/run/t9111b/A_1.java	True	True	True	True
5606	lrytz	2016-12-19 21:11:00	adriaanm	2016-12-21 01:55:38	test/files/run/t9111b/Test_1.scala	True	True	True	True
5606	lrytz	2016-12-19 21:11:00	retronym	2016-12-21 02:11:14	test/files/neg/t9111c.check	False	True	True	True
5606	lrytz	2016-12-19 21:11:00	retronym	2016-12-21 02:11:14	src/reflect/scala/reflect/internal/tpe/FindMembers.scala	False	True	True	True
5606	lrytz	2016-12-19 21:11:00	retronym	2016-12-21 02:11:14	src/reflect/scala/reflect/internal/Types.scala	False	True	True	True
5606	lrytz	2016-12-19 21:11:00	retronym	2016-12-21 02:11:14	test/files/run/t4788-separate/CAnnotation_1.java	False	True	True	True
5606	lrytz	2016-12-19 21:11:00	adriaanm	2016-12-21 01:55:38	test/files/run/t4788-separate/Test_2.scala	False	True	True	True
5606	lrytz	2016-12-19 21:11:00	retronym	2016-12-21 02:11:14	test/files/run/t4788-mixed/S.scala	False	True	True	True
5606	lrytz	2016-12-19 21:11:00	retronym	2016-12-21 02:11:14	test/files/run/t4788-mixed/SAnnotation.java	False	True	True	True
5606	lrytz	2016-12-19 21:11:00	retronym	2016-12-21 02:11:14	test/files/run/t4788-mixed/Test.scala	False	True	True	True
5606	lrytz	2016-12-19 21:11:00	retronym	2016-12-21 02:11:14	test/files/run/t4788-separate-compilation/C_1.scala	False	True	True	True
5606	lrytz	2016-12-19 21:11:00	retronym	2016-12-21 02:11:14	test/files/run/t4788-separate-compilation/R_1.scala	False	True	True	True
5606	lrytz	2016-12-19 21:11:00	retronym	2016-12-21 02:11:14	test/files/run/t4788-separate-compilation/S_1.scala	False	True	True	True
5606	lrytz	2016-12-19 21:11:00	retronym	2016-12-21 02:11:14	test/files/run/t4788-separate.check	False	True	True	True
5606	lrytz	2016-12-19 21:11:00	retronym	2016-12-21 02:11:14	test/files/run/t4788-separate/C_2.scala	False	True	True	True
5606	lrytz	2016-12-19 21:11:00	retronym	2016-12-21 02:11:14	src/compiler/scala/tools/nsc/typechecker/Typers.scala	False	True	True	True
5606	lrytz	2016-12-19 21:11:00	retronym	2016-12-21 02:11:14	test/files/run/t4788-separate/D_2.scala	False	True	True	True
5606	lrytz	2016-12-19 21:11:00	retronym	2016-12-21 02:11:14	test/files/run/t4788-separate/RAnnotation_1.java	False	True	True	True
5606	lrytz	2016-12-19 21:11:00	retronym	2016-12-21 02:11:14	test/files/run/t4788-separate/R_2.scala	False	True	True	True
5606	lrytz	2016-12-19 21:11:00	retronym	2016-12-21 02:11:14	test/files/run/t4788-separate/SAnnotation_1.java	False	True	True	True
5606	lrytz	2016-12-19 21:11:00	retronym	2016-12-21 02:11:14	test/files/run/t4788-separate/S_2.scala	False	True	True	True
5606	lrytz	2016-12-19 21:11:00	retronym	2016-12-21 02:11:14	test/files/run/t4788-separate/Test_2.scala	False	True	True	True
5606	lrytz	2016-12-19 21:11:00	retronym	2016-12-21 02:11:14	test/files/run/t4788.check	False	True	True	True
5606	lrytz	2016-12-19 21:11:00	retronym	2016-12-21 02:11:14	src/compiler/scala/tools/nsc/typechecker/Contexts.scala	False	True	True	True
5606	lrytz	2016-12-19 21:11:00	adriaanm	2016-12-21 01:55:38	test/files/jvm/t8786/B_2.java	True	True	True	True
5606	lrytz	2016-12-19 21:11:00	retronym	2016-12-21 02:11:14	test/files/run/t9111b/Test_1.scala	False	True	True	True
5606	lrytz	2016-12-19 21:11:00	adriaanm	2016-12-21 01:55:38	test/files/neg/t7014.check	True	True	True	True
5606	lrytz	2016-12-19 21:11:00	adriaanm	2016-12-21 01:55:38	test/files/neg/t7386/Test_1.scala	False	True	True	True
5606	lrytz	2016-12-19 21:11:00	adriaanm	2016-12-21 01:55:38	test/files/run/t4788-mixed/C.scala	False	True	True	True
5606	lrytz	2016-12-19 21:11:00	adriaanm	2016-12-21 01:55:38	test/files/run/t4788-mixed/CAnnotation.java	False	True	True	True
5606	lrytz	2016-12-19 21:11:00	adriaanm	2016-12-21 01:55:38	test/files/run/t4788-mixed/D.scala	False	True	True	True
5606	lrytz	2016-12-19 21:11:00	adriaanm	2016-12-21 01:55:38	test/files/run/t4788-mixed/R.scala	False	True	True	True
5606	lrytz	2016-12-19 21:11:00	adriaanm	2016-12-21 01:55:38	test/files/run/t4788-mixed/RAnnotation.java	False	True	True	True
5606	lrytz	2016-12-19 21:11:00	adriaanm	2016-12-21 01:55:38	test/files/run/t4788-mixed/S.scala	False	True	True	True
5606	lrytz	2016-12-19 21:11:00	adriaanm	2016-12-21 01:55:38	test/files/run/t4788-mixed/SAnnotation.java	False	True	True	True
5606	lrytz	2016-12-19 21:11:00	adriaanm	2016-12-21 01:55:38	test/files/run/t4788-mixed/Test.scala	False	True	True	True
5606	lrytz	2016-12-19 21:11:00	adriaanm	2016-12-21 01:55:38	test/files/neg/t7014/ThreadSafetyLevel_1.java	True	True	True	True
5606	lrytz	2016-12-19 21:11:00	adriaanm	2016-12-21 01:55:38	test/files/run/t4788-separate-compilation/R_1.scala	False	True	True	True
5606	lrytz	2016-12-19 21:11:00	adriaanm	2016-12-21 01:55:38	test/files/run/t4788-separate-compilation/S_1.scala	False	True	True	True
5606	lrytz	2016-12-19 21:11:00	adriaanm	2016-12-21 01:55:38	test/files/run/t4788-separate.check	False	True	True	True
5606	lrytz	2016-12-19 21:11:00	adriaanm	2016-12-21 01:55:38	test/files/run/t4788-separate/CAnnotation_1.java	False	True	True	True
5606	lrytz	2016-12-19 21:11:00	adriaanm	2016-12-21 01:55:38	test/files/run/t4788-separate/C_2.scala	False	True	True	True
5606	lrytz	2016-12-19 21:11:00	adriaanm	2016-12-21 01:55:38	test/files/run/t4788-separate/D_2.scala	False	True	True	True
5606	lrytz	2016-12-19 21:11:00	adriaanm	2016-12-21 01:55:38	test/files/run/t4788-separate/RAnnotation_1.java	False	True	True	True
5606	lrytz	2016-12-19 21:11:00	adriaanm	2016-12-21 01:55:38	test/files/run/t4788-separate/R_2.scala	False	True	True	True
5606	lrytz	2016-12-19 21:11:00	adriaanm	2016-12-21 01:55:38	test/files/run/t4788-separate/SAnnotation_1.java	False	True	True	True
5606	lrytz	2016-12-19 21:11:00	adriaanm	2016-12-21 01:55:38	test/files/run/t4788-separate/S_2.scala	False	True	True	True
5606	lrytz	2016-12-19 21:11:00	adriaanm	2016-12-21 01:55:38	test/files/run/t4788-mixed.check	False	True	True	True
5606	lrytz	2016-12-19 21:11:00	adriaanm	2016-12-21 01:55:38	test/files/run/t4788-separate-compilation/C_1.scala	False	True	True	True
5606	lrytz	2016-12-19 21:11:00	adriaanm	2016-12-21 01:55:38	test/files/neg/t7386/A_1.java	False	True	True	True
5606	lrytz	2016-12-19 21:11:00	adriaanm	2016-12-21 01:55:38	test/files/neg/t7386.check	False	True	True	True
5606	lrytz	2016-12-19 21:11:00	adriaanm	2016-12-21 01:55:38	test/files/neg/t7014/t7014.scala	True	True	True	True
5606	lrytz	2016-12-19 21:11:00	adriaanm	2016-12-21 01:55:38	test/files/neg/t7014/t7014_2.scala	True	True	True	True
5606	lrytz	2016-12-19 21:11:00	adriaanm	2016-12-21 01:55:38	test/files/run/bcodeInlinerMixed/B_1.scala	True	True	True	True
5606	lrytz	2016-12-19 21:11:00	adriaanm	2016-12-21 01:55:38	test/files/run/bcodeInlinerMixed/Test.scala	True	True	True	True
5606	lrytz	2016-12-19 21:11:00	adriaanm	2016-12-21 01:55:38	test/files/run/bcodeInlinerMixed/Test_2.scala	True	True	True	True
5606	lrytz	2016-12-19 21:11:00	adriaanm	2016-12-21 01:55:38	test/files/run/t4788-separate-compilation.check	True	True	True	True
5606	lrytz	2016-12-19 21:11:00	adriaanm	2016-12-21 01:55:38	test/files/run/t4788.check	True	True	True	True
5606	lrytz	2016-12-19 21:11:00	adriaanm	2016-12-21 01:55:38	test/files/run/t6240a/StepOne.java	True	True	True	True
5606	lrytz	2016-12-19 21:11:00	adriaanm	2016-12-21 01:55:38	test/files/run/t6240b/StepOne.java	True	True	True	True
5606	lrytz	2016-12-19 21:11:00	adriaanm	2016-12-21 01:55:38	test/files/run/t7582.check	True	True	True	True
5606	lrytz	2016-12-19 21:11:00	adriaanm	2016-12-21 01:55:38	test/files/run/t7582/InlineHolder_2.scala	True	True	True	True
5606	lrytz	2016-12-19 21:11:00	adriaanm	2016-12-21 01:55:38	test/files/run/t7582/PackageProtectedJava_1.java	True	True	True	True
5606	lrytz	2016-12-19 21:11:00	adriaanm	2016-12-21 01:55:38	test/files/run/t7582b.check	True	True	True	True
5606	lrytz	2016-12-19 21:11:00	adriaanm	2016-12-21 01:55:38	test/files/run/t7582b/InlineHolder_2.scala	True	True	True	True
5606	lrytz	2016-12-19 21:11:00	adriaanm	2016-12-21 01:55:38	test/files/run/t7582b/PackageProtectedJava_1.java	True	True	True	True
5606	lrytz	2016-12-19 21:11:00	adriaanm	2016-12-21 01:55:38	versions.properties	True	True	True	True
5606	lrytz	2016-12-19 21:11:00	adriaanm	2016-12-21 01:55:38	test/files/neg/t7014/ThreadSafety_1.java	True	True	True	True
5605	szeiger	2016-12-18 20:47:03	SethTisue	2016-12-18 22:13:25	spec/04-basic-declarations-and-definitions.md	True	True	False	True
5605	szeiger	2016-12-18 20:47:03	SethTisue	2016-12-18 22:13:25	spec/12-the-scala-standard-library.md	True	True	False	True
5604	sjrd	2016-12-17 18:37:42	lrytz	2016-12-17 20:23:24	test/junit/scala/tools/testing/AssertUtil.scala	True	True	False	True
5600	paplorinc	2016-12-13 10:11:38	SethTisue	2017-03-06 19:55:02	src/library/scala/collection/mutable/OpenHashMap.scala	True	True	False	True
5600	paplorinc	2016-12-13 10:11:38	SethTisue	2017-03-06 19:55:02	src/library/scala/collection/mutable/HashTable.scala	True	True	False	True
5600	paplorinc	2016-12-13 10:11:38	SethTisue	2017-03-06 19:55:02	src/library/scala/collection/mutable/FlatHashTable.scala	True	True	False	True
5600	paplorinc	2016-12-13 10:11:38	SethTisue	2017-03-06 19:55:02	bincompat-forward.whitelist.conf	True	True	False	True
5600	paplorinc	2016-12-13 10:11:38	SethTisue	2017-03-06 19:55:02	bincompat-backward.whitelist.conf	True	True	False	True
5598	retronym	2016-12-13 01:05:15	lrytz	2016-12-20 12:27:37	src/repl/scala/tools/nsc/interpreter/ILoop.scala	True	False	False	True
5598	retronym	2016-12-13 01:05:15	lrytz	2016-12-20 12:27:37	src/repl/scala/tools/nsc/interpreter/IMain.scala	True	False	False	True
5595	monkey-mas	2016-12-12 11:13:16	lrytz	2016-12-12 14:25:49	src/library/scala/collection/TraversableOnce.scala	True	True	False	True
5595	monkey-mas	2016-12-12 11:13:16	lrytz	2016-12-12 14:25:49	test/files/neg/abstract-report.check	True	True	False	True
5595	monkey-mas	2016-12-12 11:13:16	lrytz	2016-12-12 14:25:49	test/files/neg/abstract-report2.check	True	True	False	True
5594	retronym	2016-12-12 03:12:30	lrytz	2016-12-12 10:23:43	src/reflect/scala/reflect/runtime/JavaUniverseForce.scala	True	False	False	True
5594	retronym	2016-12-12 03:12:30	lrytz	2016-12-12 10:23:43	src/reflect/scala/reflect/internal/Definitions.scala	True	False	False	True
5594	retronym	2016-12-12 03:12:30	lrytz	2016-12-12 10:23:43	src/compiler/scala/tools/nsc/typechecker/Typers.scala	True	False	False	True
5593	ashawley	2016-12-11 22:22:19	SethTisue	2016-12-12 19:26:24	Gemfile	True	True	False	True
5592	fommil	2016-12-11 13:02:57	retronym	2016-12-11 14:25:37	bincompat-forward.whitelist.conf	True	True	True	True
5592	fommil	2016-12-11 13:02:57	retronym	2016-12-11 14:25:37	src/reflect/scala/reflect/io/ZipArchive.scala	True	True	True	True
5592	fommil	2016-12-11 13:02:57	retronym	2016-12-11 22:40:51	src/reflect/scala/reflect/io/ZipArchive.scala	True	True	True	True
5592	fommil	2016-12-11 13:02:57	retronym	2017-03-22 03:03:05	src/reflect/scala/reflect/io/ZipArchive.scala	True	True	True	True
5592	fommil	2016-12-11 13:02:57	retronym	2016-12-11 22:40:51	bincompat-forward.whitelist.conf	True	True	True	True
5592	fommil	2016-12-11 13:02:57	retronym	2017-03-22 03:03:05	bincompat-forward.whitelist.conf	True	True	True	True
5592	fommil	2016-12-11 13:02:57	retronym	2016-12-11 14:39:51	bincompat-forward.whitelist.conf	True	True	True	True
5592	fommil	2016-12-11 13:02:57	retronym	2016-12-11 23:43:40	bincompat-forward.whitelist.conf	True	True	True	True
5592	fommil	2016-12-11 13:02:57	retronym	2016-12-11 23:43:40	src/reflect/scala/reflect/io/ZipArchive.scala	True	True	True	True
5592	fommil	2016-12-11 13:02:57	retronym	2016-12-11 14:39:51	src/reflect/scala/reflect/io/ZipArchive.scala	True	True	True	True
5591	xuwei-k	2016-12-11 12:37:02	lrytz	2016-12-12 08:50:58	test/junit/scala/util/SortingTest.scala	True	True	False	True
5591	xuwei-k	2016-12-11 12:37:02	lrytz	2016-12-12 08:50:58	src/library/scala/util/Sorting.scala	True	True	False	True
5590	2m	2016-12-08 13:53:23	SethTisue	2016-12-12 20:29:13	project/plugins.sbt	True	True	False	True
5590	2m	2016-12-08 13:53:23	SethTisue	2016-12-12 20:29:13	build.xml	True	True	False	True
5590	2m	2016-12-08 13:53:23	SethTisue	2016-12-12 20:29:13	bincompat-backward.whitelist.conf	True	True	False	True
5589	ghost	2016-12-08 02:54:33	adriaanm	2016-12-12 20:05:34	src/reflect/scala/reflect/runtime/JavaUniverseForce.scala	True	True	True	True
5589	ghost	2016-12-08 02:54:33	adriaanm	2016-12-12 20:05:34	src/library/scala/annotation/showAsInfix.scala	True	True	True	True
5589	ghost	2016-12-08 02:54:33	adriaanm	2016-12-12 20:05:34	src/reflect/scala/reflect/internal/Definitions.scala	True	True	True	True
5589	ghost	2016-12-08 02:54:33	adriaanm	2016-12-12 20:05:34	src/reflect/scala/reflect/internal/Types.scala	True	True	True	True
5589	ghost	2016-12-08 02:54:33	adriaanm	2016-12-12 20:05:34	test/files/run/t4700.check	True	True	True	True
5589	ghost	2016-12-08 02:54:33	adriaanm	2016-12-12 20:05:34	test/files/run/t4700.scala	True	True	True	True
5589	ghost	2016-12-08 02:54:33	adriaanm	2016-12-12 20:05:34	src/reflect/scala/reflect/internal/AnnotationInfos.scala	True	True	True	True
5588	retronym	2016-12-07 23:17:44	lrytz	2016-12-09 12:13:11	src/compiler/scala/tools/ant/templates/tool-unix.tmpl	True	True	False	True
5585	som-snytt	2016-12-07 08:37:29	retronym	2016-12-20 01:50:03	test/files/neg/t10097.check	False	True	False	True
5585	som-snytt	2016-12-07 08:37:29	retronym	2016-12-20 01:50:03	spec/05-classes-and-objects.md	True	True	False	True
5585	som-snytt	2016-12-07 08:37:29	retronym	2016-12-20 01:50:03	src/compiler/scala/tools/nsc/ast/parser/Parsers.scala	True	True	False	True
5585	som-snytt	2016-12-07 08:37:29	retronym	2016-12-20 01:50:03	src/reflect/scala/reflect/internal/Printers.scala	True	True	False	True
5585	som-snytt	2016-12-07 08:37:29	retronym	2016-12-20 01:50:03	src/reflect/scala/reflect/internal/ReificationSupport.scala	True	True	False	True
5585	som-snytt	2016-12-07 08:37:29	retronym	2016-12-20 01:50:03	test/files/neg/quasiquotes-syntax-error-position.check	True	True	False	True
5585	som-snytt	2016-12-07 08:37:29	retronym	2016-12-20 01:50:03	test/files/neg/t10097.check	True	True	False	True
5585	som-snytt	2016-12-07 08:37:29	retronym	2016-12-20 01:50:03	test/files/neg/t10097.scala	True	True	False	True
5585	som-snytt	2016-12-07 08:37:29	retronym	2016-12-20 01:50:03	test/files/run/patmat-exprs.scala	True	True	False	True
5585	som-snytt	2016-12-07 08:37:29	retronym	2016-12-20 01:50:03	test/files/run/t5907.scala	True	True	False	True
5585	som-snytt	2016-12-07 08:37:29	retronym	2016-12-20 01:50:03	test/junit/scala/reflect/internal/PrintersTest.scala	True	True	False	True
5585	som-snytt	2016-12-07 08:37:29	retronym	2016-12-20 01:50:03	src/compiler/scala/tools/nsc/ast/parser/Parsers.scala	False	True	False	True
5585	som-snytt	2016-12-07 08:37:29	retronym	2016-12-20 01:50:03	src/compiler/scala/tools/nsc/settings/ScalaSettings.scala	False	True	False	True
5585	som-snytt	2016-12-07 08:37:29	retronym	2016-12-20 01:50:03	test/files/neg/t10097.flags	False	True	False	True
5585	som-snytt	2016-12-07 08:37:29	retronym	2016-12-20 01:50:03	test/files/run/t10097.scala	False	True	False	True
5585	som-snytt	2016-12-07 08:37:29	retronym	2016-12-20 01:50:03	test/files/neg/t10097.scala	False	True	False	True
5585	som-snytt	2016-12-07 08:37:29	retronym	2016-12-20 01:50:03	test/files/neg/t8704.scala	False	True	False	True
5585	som-snytt	2016-12-07 08:37:29	retronym	2016-12-20 01:50:03	test/files/neg/t8704.check	False	True	False	True
5585	som-snytt	2016-12-07 08:37:29	retronym	2016-12-20 01:50:03	src/compiler/scala/tools/nsc/settings/Warnings.scala	False	True	False	True
5585	som-snytt	2016-12-07 08:37:29	retronym	2016-12-20 01:50:03	test/files/neg/t8704.flags	False	True	False	True
5585	som-snytt	2016-12-07 08:37:29	retronym	2016-12-20 01:50:03	test/files/run/t10097.flags	False	True	False	True
5585	som-snytt	2016-12-07 08:37:29	retronym	2016-12-20 01:50:03	test/files/run/t10097.check	False	True	False	True
5585	som-snytt	2016-12-07 08:37:29	retronym	2016-12-20 01:50:03	test/files/neg/t10097b.scala	False	True	False	True
5585	som-snytt	2016-12-07 08:37:29	retronym	2016-12-20 01:50:03	test/files/neg/t10097b.flags	False	True	False	True
5585	som-snytt	2016-12-07 08:37:29	retronym	2016-12-20 01:50:03	test/files/neg/t10097b.check	False	True	False	True
5581	SethTisue	2016-12-05 21:37:46	szeiger	2016-12-09 17:36:31	versions.properties	True	True	True	True
5581	SethTisue	2016-12-05 21:37:46	szeiger	2016-12-09 17:36:31	project/VersionUtil.scala	True	True	True	True
5581	SethTisue	2016-12-05 21:37:46	szeiger	2016-12-09 17:36:31	build.sbt	True	True	True	True
5579	edmundnoble	2016-12-05 01:55:32	Ichoran	2016-12-13 05:39:06	test/files/run/iq.scala	True	False	True	True
5579	edmundnoble	2016-12-05 01:55:32	szeiger	2016-12-08 12:46:41	src/library/scala/collection/immutable/Queue.scala	True	False	True	True
5579	edmundnoble	2016-12-05 01:55:32	szeiger	2016-12-08 12:46:41	test/files/run/iq.scala	True	False	True	True
5579	edmundnoble	2016-12-05 01:55:32	retronym	2016-12-13 08:10:59	src/library/scala/collection/immutable/Queue.scala	True	False	True	True
5579	edmundnoble	2016-12-05 01:55:32	retronym	2016-12-13 08:10:59	test/files/run/iq.scala	True	False	True	True
5579	edmundnoble	2016-12-05 01:55:32	Ichoran	2016-12-13 05:39:06	src/library/scala/collection/immutable/Queue.scala	True	False	True	True
5579	edmundnoble	2016-12-05 01:55:32	szeiger	2016-12-13 14:01:34	test/files/run/iq.scala	True	False	True	True
5579	edmundnoble	2016-12-05 01:55:32	SethTisue	2017-01-14 19:05:43	src/library/scala/collection/immutable/Queue.scala	True	False	True	True
5579	edmundnoble	2016-12-05 01:55:32	SethTisue	2017-01-14 19:05:43	test/files/run/iq.scala	True	False	True	True
5579	edmundnoble	2016-12-05 01:55:32	SethTisue	2017-01-23 19:38:05	src/library/scala/collection/immutable/Queue.scala	True	False	True	True
5579	edmundnoble	2016-12-05 01:55:32	SethTisue	2017-01-23 19:38:05	test/files/run/iq.scala	True	False	True	True
5579	edmundnoble	2016-12-05 01:55:32	szeiger	2016-12-13 14:01:34	src/library/scala/collection/immutable/Queue.scala	True	False	True	True
5577	sbromberger	2016-12-04 02:28:08	sjrd	2016-12-04 16:49:35	src/library/scala/util/Random.scala	True	True	True	True
5577	sbromberger	2016-12-04 02:28:08	sjrd	2016-12-04 17:38:59	test/junit/scala/util/RandomTest.scala	True	True	True	True
5577	sbromberger	2016-12-04 02:28:08	sjrd	2016-12-04 17:38:59	src/library/scala/util/Random.scala	True	True	True	True
5577	sbromberger	2016-12-04 02:28:08	sjrd	2016-12-04 17:10:46	src/library/scala/util/Random.scala	True	True	True	True
5577	sbromberger	2016-12-04 02:28:08	sjrd	2016-12-04 17:10:46	test/junit/scala/util/RandomTest.scala	True	True	True	True
5577	sbromberger	2016-12-04 02:28:08	sjrd	2016-12-04 12:56:31	src/library/scala/util/Random.scala	True	True	True	True
5577	sbromberger	2016-12-04 02:28:08	sjrd	2016-12-04 16:49:35	test/junit/scala/util/RandomTest.scala	True	True	True	True
5577	sbromberger	2016-12-04 02:28:08	sjrd	2016-12-04 17:19:11	test/junit/scala/util/RandomTest.scala	True	True	True	True
5577	sbromberger	2016-12-04 02:28:08	sjrd	2016-12-04 12:56:31	test/junit/scala/util/RandomTest.scala	True	True	True	True
5577	sbromberger	2016-12-04 02:28:08	sjrd	2016-12-04 17:19:11	src/library/scala/util/Random.scala	True	True	True	True
5575	gzm0	2016-12-02 13:26:32	Ichoran	2016-12-05 14:41:24	src/library/scala/collection/immutable/NumericRange.scala	True	True	True	True
5575	gzm0	2016-12-02 13:26:32	Ichoran	2016-12-05 14:41:24	test/junit/scala/collection/immutable/RangeConsistencyTest.scala	False	True	True	True
5575	gzm0	2016-12-02 13:26:32	Ichoran	2016-12-05 14:41:24	src/library/scala/collection/immutable/NumericRange.scala	False	True	True	True
5575	gzm0	2016-12-02 13:26:32	Ichoran	2016-12-05 14:41:24	test/junit/scala/collection/immutable/RangeConsistencyTest.scala	True	True	True	True
