pr_number	author_user_login	pr_created_at	commit_user_login	commit_created_at	commit_status_total	commit_status_additions	commit_status_deletions	create_before_pr	is_review_commit
10164	som-snytt	2022-09-26 21:37:19	som-snytt	2022-09-26 18:28:33	64	53	11	True	True
10164	som-snytt	2022-09-26 21:37:19	som-snytt	2022-09-27 02:56:33	46	43	3	False	True
10161	som-snytt	2022-09-25 09:00:54	som-snytt	2022-09-25 08:08:30	33	33	0	True	True
10160	som-snytt	2022-09-25 03:00:48	som-snytt	2022-09-24 19:18:56	88	74	14	True	True
10155	som-snytt	2022-09-23 19:30:05	som-snytt	2022-09-23 19:28:40	17	13	4	True	True
10154	som-snytt	2022-09-23 15:50:19	som-snytt	2022-09-23 15:38:28	13	12	1	True	True
10152	aaparent	2022-09-22 16:21:58	aaparent	2022-09-22 16:07:03	6	3	3	True	True
10142	liang3zy22	2022-09-16 07:16:40	liang3zy22	2022-09-16 07:16:39	2	1	1	True	True
10140	SethTisue	2022-09-16 01:52:37	SethTisue	2022-09-16 01:52:00	2	1	1	True	True
10140	SethTisue	2022-09-16 01:52:37	SethTisue	2022-09-16 01:52:13	7	3	4	True	True
10139	jxnu-liguobin	2022-09-15 03:30:50	jxnu-liguobin	2022-09-15 03:30:24	30	28	2	True	True
10134	SethTisue	2022-09-06 17:20:33	SethTisue	2022-09-06 17:14:29	7	5	2	True	True
10129	som-snytt	2022-09-03 14:17:47	som-snytt	2022-09-03 14:10:44	114	106	8	True	True
