pr_number	author_user_login	pr_created_at	commit_user_login	commit_created_at	commit_status_total	commit_status_additions	commit_status_deletions	create_before_pr	is_review_commit
8848	SethTisue	2020-03-31 17:37:37	SethTisue	2020-04-02 04:50:16	5	4	1	False	True
8848	SethTisue	2020-03-31 17:37:37	SethTisue	2020-04-03 01:45:55	20	18	2	False	True
8848	SethTisue	2020-03-31 17:37:37	SethTisue	2020-04-02 20:59:42	20	10	10	False	True
8848	SethTisue	2020-03-31 17:37:37	SethTisue	2020-04-01 14:10:06	41	22	19	False	True
8848	SethTisue	2020-03-31 17:37:37	SethTisue	2020-03-31 17:36:36	36	23	13	True	True
8848	SethTisue	2020-03-31 17:37:37	SethTisue	2020-03-31 18:13:10	16	6	10	False	True
8848	SethTisue	2020-03-31 17:37:37	SethTisue	2020-04-02 04:50:07	16	16	0	False	True
8846	dwijnand	2020-03-30 16:50:26	dwijnand	2020-03-30 15:29:49	239	185	54	True	True
8845	dwijnand	2020-03-30 12:34:16	dwijnand	2020-03-30 12:20:51	16	14	2	True	True
8844	dwijnand	2020-03-30 10:55:47	dwijnand	2020-03-30 10:54:29	107	74	33	True	True
8843	som-snytt	2020-03-30 09:52:21	som-snytt	2020-03-29 01:14:23	23	11	12	True	True
8842	mkeskells	2020-03-30 08:07:51	mkeskells	2020-03-30 08:02:56	4	2	2	True	True
8842	mkeskells	2020-03-30 08:07:51	mkeskells	2020-04-06 07:42:35	46	46	0	False	True
8842	mkeskells	2020-03-30 08:07:51	retronym	2020-04-07 00:16:58	53	22	31	False	True
8841	mkeskells	2020-03-29 14:22:04	mkeskells	2020-04-06 07:42:35	46	46	0	False	True
8840	joroKr21	2020-03-29 07:12:49	joroKr21	2020-03-29 06:47:37	33	23	10	True	True
8838	dwijnand	2020-03-28 08:22:24	dwijnand	2020-03-16 12:10:04	14	7	7	True	True
8837	dwijnand	2020-03-28 08:21:52	dwijnand	2020-03-29 07:54:44	6	0	6	False	True
8837	dwijnand	2020-03-28 08:21:52	dwijnand	2020-03-19 14:45:09	97	2	95	True	True
8836	dwijnand	2020-03-27 16:58:02	dwijnand	2020-03-27 09:37:08	75	53	22	True	True
8835	lrytz	2020-03-27 14:42:56	lrytz	2020-03-27 14:41:25	109	109	0	True	True
8834	lrytz	2020-03-27 10:20:15	lrytz	2020-03-27 10:19:11	1	0	1	True	True
8831	mkeskells	2020-03-27 01:00:42	mkeskells	2020-03-27 00:57:21	4	1	3	True	True
8830	eed3si9n	2020-03-26 22:54:28	eed3si9n	2020-03-26 22:51:04	123	112	11	True	True
8830	eed3si9n	2020-03-26 22:54:28	lrytz	2021-03-08 15:09:07	34	19	15	False	True
8829	szeiger	2020-03-26 21:26:43	szeiger	2020-03-26 21:26:04	316	165	151	True	True
8827	sjrd	2020-03-26 10:33:47	sjrd	2020-03-26 10:24:22	13	7	6	True	True
8825	mkeskells	2020-03-24 18:06:13	mkeskells	2020-03-24 18:04:22	84	54	30	True	True
8824	mkeskells	2020-03-24 18:05:42	mkeskells	2020-03-24 18:02:54	285	267	18	True	True
8823	mkeskells	2020-03-24 09:36:07	mkeskells	2020-03-24 09:34:59	9	4	5	True	True
8822	janekdb	2020-03-23 11:02:13	janekdb	2020-03-23 10:34:20	58	29	29	True	True
8821	diesalbla	2020-03-22 18:34:50	diesalbla	2020-03-22 18:29:11	30	22	8	True	True
8820	eed3si9n	2020-03-22 10:16:39	eed3si9n	2020-03-25 21:32:18	334	281	53	False	True
8820	eed3si9n	2020-03-22 10:16:39	eed3si9n	2020-04-05 03:51:01	111	94	17	False	True
8819	som-snytt	2020-03-20 10:04:53	som-snytt	2020-03-20 09:13:52	37	33	4	True	True
8817	som-snytt	2020-03-20 05:56:51	som-snytt	2020-03-20 05:34:01	8	4	4	True	True
8816	retronym	2020-03-20 04:48:15	szeiger	2020-02-12 11:56:06	47	24	23	True	True
8816	retronym	2020-03-20 04:48:15	retronym	2020-03-03 05:34:20	37	30	7	True	True
8816	retronym	2020-03-20 04:48:15	retronym	2020-02-27 06:40:27	69	41	28	True	True
8816	retronym	2020-03-20 04:48:15	retronym	2020-02-25 06:35:39	84	36	48	True	True
8816	retronym	2020-03-20 04:48:15	retronym	2020-02-25 06:17:25	2	1	1	True	True
8816	retronym	2020-03-20 04:48:15	retronym	2020-03-11 00:25:23	18	8	10	True	True
8816	retronym	2020-03-20 04:48:15	retronym	2020-02-24 07:38:52	129	88	41	True	True
8816	retronym	2020-03-20 04:48:15	retronym	2020-02-25 01:22:38	5	3	2	True	True
8816	retronym	2020-03-20 04:48:15	retronym	2020-02-25 02:34:33	3	2	1	True	True
8816	retronym	2020-03-20 04:48:15	retronym	2020-02-25 01:23:32	14	8	6	True	True
8816	retronym	2020-03-20 04:48:15	retronym	2020-03-03 04:41:36	1262	694	568	True	True
8816	retronym	2020-03-20 04:48:15	retronym	2020-02-18 01:03:31	874	342	532	True	True
8816	retronym	2020-03-20 04:48:15	retronym	2020-02-25 04:14:41	81	39	42	True	True
8816	retronym	2020-03-20 04:48:15	retronym	2020-02-25 04:06:27	19	4	15	True	True
8816	retronym	2020-03-20 04:48:15	retronym	2020-02-24 23:53:00	22	17	5	True	True
8816	retronym	2020-03-20 04:48:15	retronym	2020-02-25 00:54:36	4	4	0	True	True
8816	retronym	2020-03-20 04:48:15	retronym	2020-03-12 08:06:01	5	0	5	True	True
8816	retronym	2020-03-20 04:48:15	szeiger	2020-02-12 12:50:28	47	44	3	True	True
8816	retronym	2020-03-20 04:48:15	retronym	2020-02-18 01:40:25	13	13	0	True	True
8816	retronym	2020-03-20 04:48:15	adriaanm	2019-02-01 16:03:06	1	1	0	True	True
8816	retronym	2020-03-20 04:48:15	adriaanm	2019-01-30 10:10:53	3313	3312	1	True	True
8816	retronym	2020-03-20 04:48:15	adriaanm	2018-12-07 15:33:36	13	9	4	True	True
8816	retronym	2020-03-20 04:48:15	adriaanm	2019-01-30 11:33:45	1556	992	564	True	True
8816	retronym	2020-03-20 04:48:15	szeiger	2020-02-12 19:09:41	3689	3689	0	True	True
8816	retronym	2020-03-20 04:48:15	retronym	2020-03-11 08:13:29	6	4	2	True	True
8816	retronym	2020-03-20 04:48:15	retronym	2020-03-14 06:06:31	2	1	1	True	True
8816	retronym	2020-03-20 04:48:15	retronym	2020-02-17 12:22:03	1190	290	900	True	True
8816	retronym	2020-03-20 04:48:15	retronym	2020-02-18 00:54:13	33	30	3	True	True
8816	retronym	2020-03-20 04:48:15	retronym	2020-02-25 03:36:16	21	7	14	True	True
8816	retronym	2020-03-20 04:48:15	retronym	2020-02-06 07:33:49	2842	1501	1341	True	True
8815	dwijnand	2020-03-19 17:13:18	dwijnand	2020-03-20 08:22:31	53	21	32	False	True
8814	dwijnand	2020-03-19 16:16:45	dwijnand	2020-03-19 11:53:55	107	63	44	True	True
8813	som-snytt	2020-03-19 02:51:18	som-snytt	2020-03-19 10:48:14	2	1	1	False	True
8813	som-snytt	2020-03-19 02:51:18	som-snytt	2020-03-19 02:49:24	538	34	504	True	True
8812	dwijnand	2020-03-18 20:11:07	dwijnand	2020-03-18 18:19:32	204	103	101	True	True
8810	anatoliykmetyuk	2020-03-18 13:52:27	anatoliykmetyuk	2020-03-18 13:51:17	2	1	1	True	True
8810	anatoliykmetyuk	2020-03-18 13:52:27	lrytz	2020-03-19 10:47:38	6	3	3	False	True
8809	hrhino	2020-03-16 21:11:57	hrhino	2020-03-16 21:08:53	20	19	1	True	True
8808	som-snytt	2020-03-16 16:51:45	som-snytt	2020-03-16 15:42:24	36	20	16	True	True
8807	lrytz	2020-03-16 13:57:45	lrytz	2020-03-16 13:57:16	4	2	2	True	True
8805	joroKr21	2020-03-15 10:28:57	joroKr21	2020-03-15 10:25:52	35	22	13	True	True
8804	joroKr21	2020-03-14 15:22:32	joroKr21	2020-03-14 15:14:52	54	50	4	True	True
8802	linasm	2020-03-13 11:27:15	linasm	2020-03-13 11:21:08	2	1	1	True	True
8801	som-snytt	2020-03-13 02:13:01	som-snytt	2019-10-06 21:17:31	34	23	11	True	True
8801	som-snytt	2020-03-13 02:13:01	som-snytt	2020-03-05 06:53:21	64	34	30	True	True
8801	som-snytt	2020-03-13 02:13:01	som-snytt	2020-03-13 02:59:12	43	28	15	False	True
8800	som-snytt	2020-03-12 20:30:27	som-snytt	2020-03-12 21:18:06	50	19	31	False	True
8800	som-snytt	2020-03-12 20:30:27	som-snytt	2020-03-13 00:33:17	7	4	3	False	True
8800	som-snytt	2020-03-12 20:30:27	som-snytt	2020-03-13 16:37:16	22	11	11	False	True
8800	som-snytt	2020-03-12 20:30:27	som-snytt	2020-03-12 22:13:09	18	9	9	False	True
8800	som-snytt	2020-03-12 20:30:27	som-snytt	2020-03-13 17:59:25	14	4	10	False	True
8800	som-snytt	2020-03-12 20:30:27	som-snytt	2020-03-12 21:55:39	56	31	25	False	True
8799	cb372	2020-03-12 15:31:53	cb372	2020-03-12 15:03:03	70	68	2	True	True
8798	som-snytt	2020-03-11 09:33:03	som-snytt	2020-03-11 09:30:53	22	17	5	True	True
8797	som-snytt	2020-03-09 23:12:01	som-snytt	2020-03-10 17:13:06	22	13	9	False	True
8796	l-cdc	2020-03-08 22:42:14	l-cdc	2020-03-08 22:27:58	175	48	127	True	True
8795	som-snytt	2020-03-08 06:08:50	som-snytt	2020-03-08 03:22:52	12	8	4	True	True
8794	mkeskells	2020-03-07 08:27:20	mkeskells	2020-09-14 09:13:51	143	88	55	False	True
8794	mkeskells	2020-03-07 08:27:20	mkeskells	2020-05-10 23:04:10	163	98	65	False	True
8794	mkeskells	2020-03-07 08:27:20	mkeskells	2020-09-04 00:02:45	20	15	5	False	True
8794	mkeskells	2020-03-07 08:27:20	mkeskells	2020-09-01 23:54:51	73	71	2	False	True
8794	mkeskells	2020-03-07 08:27:20	mkeskells	2020-05-31 22:13:28	49	25	24	False	True
8794	mkeskells	2020-03-07 08:27:20	mkeskells	2020-05-31 11:18:42	43	43	0	False	True
8794	mkeskells	2020-03-07 08:27:20	mkeskells	2020-06-01 23:01:38	34	31	3	False	True
8794	mkeskells	2020-03-07 08:27:20	mkeskells	2020-08-16 22:21:55	80	62	18	False	True
8794	mkeskells	2020-03-07 08:27:20	mkeskells	2020-09-04 08:25:35	204	156	48	False	True
8794	mkeskells	2020-03-07 08:27:20	mkeskells	2020-05-30 16:29:48	42	28	14	False	True
8794	mkeskells	2020-03-07 08:27:20	mkeskells	2020-03-09 07:50:13	375	329	46	False	True
8794	mkeskells	2020-03-07 08:27:20	mkeskells	2020-03-08 17:56:32	260	249	11	False	True
8794	mkeskells	2020-03-07 08:27:20	mkeskells	2020-04-25 23:33:23	347	205	142	False	True
8794	mkeskells	2020-03-07 08:27:20	mkeskells	2020-05-14 23:25:33	8	4	4	False	True
8794	mkeskells	2020-03-07 08:27:20	mkeskells	2020-09-15 11:50:02	33	18	15	False	True
8794	mkeskells	2020-03-07 08:27:20	mkeskells	2020-05-05 23:29:40	60	60	0	False	True
8794	mkeskells	2020-03-07 08:27:20	mkeskells	2020-02-24 11:14:23	76	76	0	True	True
8793	mkeskells	2020-03-07 07:58:37	mkeskells	2020-03-07 07:52:06	149	149	0	True	True
8791	mkeskells	2020-03-06 14:09:31	mkeskells	2020-03-06 14:05:33	6	6	0	True	True
8790	mkeskells	2020-03-06 12:08:52	mkeskells	2020-04-17 08:09:10	108	104	4	False	True
8789	mkeskells	2020-03-06 11:43:54	mkeskells	2020-03-06 11:41:29	45	43	2	True	True
8788	dwijnand	2020-03-06 09:12:40	dwijnand	2020-03-06 09:08:42	4	2	2	True	True
8787	dwijnand	2020-03-06 08:59:38	dwijnand	2020-03-06 08:54:07	51	50	1	True	True
8785	som-snytt	2020-03-05 07:04:45	som-snytt	2019-10-07 17:06:57	95	32	63	True	True
8785	som-snytt	2020-03-05 07:04:45	som-snytt	2020-03-13 03:17:18	4	2	2	False	True
8785	som-snytt	2020-03-05 07:04:45	som-snytt	2019-10-07 15:22:36	32	12	20	True	True
8784	retronym	2020-03-03 21:32:43	hrhino	2020-02-21 11:58:38	54	49	5	True	True
8784	retronym	2020-03-03 21:32:43	retronym	2020-02-26 00:47:28	3	2	1	True	True
8782	martijnhoekstra	2020-03-02 16:45:27	martijnhoekstra	2020-03-02 16:41:10	42	36	6	True	True
8781	dwijnand	2020-03-02 14:00:19	dwijnand	2020-02-27 17:31:40	40	33	7	True	True
8781	dwijnand	2020-03-02 14:00:19	hrhino	2017-05-07 22:26:20	485	441	44	True	True
8780	som-snytt	2020-03-02 08:17:38	som-snytt	2020-03-02 08:10:49	351	221	130	True	True
8779	retronym	2020-03-02 05:41:07	retronym	2020-03-02 05:33:46	67	67	0	True	True
8778	retronym	2020-03-02 03:49:00	retronym	2020-03-02 03:45:56	70	38	32	True	True
8777	martijnhoekstra	2020-03-01 18:52:41	martijnhoekstra	2020-03-01 18:17:44	24	12	12	True	True
8776	hrhino	2020-03-01 00:34:39	hrhino	2020-03-01 00:33:53	7	7	0	True	True
