pr_number	author_user_login	pr_created_at	review_user_login	review_created_at	filename	create_before_pr	has_issue_comment	has_review_comment	has_commit
3951	pawel-wiejacha	2014-08-26 17:21:15	gourlaysama	2014-08-27 06:59:56	test/scaladoc/resources/code-indent.scala	True	True	True	True
3951	pawel-wiejacha	2014-08-26 17:21:15	gourlaysama	2014-09-02 21:24:22	src/scaladoc/scala/tools/nsc/doc/base/CommentFactoryBase.scala	True	True	True	True
3951	pawel-wiejacha	2014-08-26 17:21:15	gourlaysama	2014-09-02 21:24:22	test/scaladoc/resources/code-indent.scala	True	True	True	True
3951	pawel-wiejacha	2014-08-26 17:21:15	gourlaysama	2014-09-02 21:24:22	test/scaladoc/scalacheck/HtmlFactoryTest.scala	True	True	True	True
3951	pawel-wiejacha	2014-08-26 17:21:15	gourlaysama	2014-08-27 06:59:56	src/scaladoc/scala/tools/nsc/doc/base/CommentFactoryBase.scala	True	True	True	True
3951	pawel-wiejacha	2014-08-26 17:21:15	gourlaysama	2014-08-27 06:59:56	test/scaladoc/scalacheck/HtmlFactoryTest.scala	True	True	True	True
3951	pawel-wiejacha	2014-08-26 17:21:15	gourlaysama	2014-08-27 06:48:54	test/scaladoc/resources/code-indent.scala	True	True	True	True
3951	pawel-wiejacha	2014-08-26 17:21:15	gourlaysama	2014-08-27 06:48:54	test/scaladoc/scalacheck/HtmlFactoryTest.scala	True	True	True	True
3951	pawel-wiejacha	2014-08-26 17:21:15	gourlaysama	2014-08-27 06:48:54	src/scaladoc/scala/tools/nsc/doc/base/CommentFactoryBase.scala	True	True	True	True
3950	mlbileschi	2014-08-26 17:06:41	lrytz	2014-08-26 17:20:46	src/library/scala/collection/immutable/StringLike.scala	False	True	True	True
3950	mlbileschi	2014-08-26 17:06:41	lrytz	2014-08-26 17:20:46	src/library/scala/collection/immutable/StringLike.scala	True	True	True	True
3950	mlbileschi	2014-08-26 17:06:41	som-snytt	2014-08-26 17:43:53	src/library/scala/collection/immutable/StringLike.scala	False	True	True	True
3950	mlbileschi	2014-08-26 17:06:41	som-snytt	2014-08-26 17:43:53	src/library/scala/collection/immutable/StringLike.scala	True	True	True	True
3950	mlbileschi	2014-08-26 17:06:41	som-snytt	2014-08-28 15:58:05	src/library/scala/collection/immutable/StringLike.scala	False	True	True	True
3950	mlbileschi	2014-08-26 17:06:41	som-snytt	2014-08-28 15:58:05	src/library/scala/collection/immutable/StringLike.scala	True	True	True	True
3939	lrytz	2014-08-22 13:05:23	som-snytt	2014-08-22 22:47:18	src/compiler/scala/tools/nsc/settings/MutableSettings.scala	True	True	True	True
3939	lrytz	2014-08-22 13:05:23	som-snytt	2014-08-22 22:47:18	test/junit/scala/tools/nsc/symtab/FreshNameExtractorTest.scala	False	True	True	True
3939	lrytz	2014-08-22 13:05:23	som-snytt	2014-08-22 22:50:08	src/compiler/scala/tools/nsc/MainBench.scala	False	True	True	True
3939	lrytz	2014-08-22 13:05:23	som-snytt	2014-08-22 22:50:08	src/compiler/scala/tools/nsc/settings/AbsScalaSettings.scala	False	True	True	True
3939	lrytz	2014-08-22 13:05:23	som-snytt	2014-08-22 22:50:08	src/compiler/scala/tools/nsc/settings/ScalaSettings.scala	False	True	True	True
3939	lrytz	2014-08-22 13:05:23	som-snytt	2014-08-22 22:50:08	src/compiler/scala/tools/nsc/util/StatisticsInfo.scala	False	True	True	True
3939	lrytz	2014-08-22 13:05:23	som-snytt	2014-08-22 22:47:18	test/junit/scala/tools/nsc/symtab/CannotHaveAttrsTest.scala	False	True	True	True
3939	lrytz	2014-08-22 13:05:23	som-snytt	2014-08-22 22:47:18	src/compiler/scala/tools/nsc/MainBench.scala	True	True	True	True
3939	lrytz	2014-08-22 13:05:23	som-snytt	2014-08-22 22:47:18	test/junit/scala/tools/nsc/symtab/StdNamesTest.scala	False	True	True	True
3939	lrytz	2014-08-22 13:05:23	som-snytt	2014-08-22 22:47:18	test/junit/scala/tools/testing/AssertUtil.scala	False	True	True	True
3939	lrytz	2014-08-22 13:05:23	som-snytt	2014-08-22 22:47:18	src/compiler/scala/tools/nsc/Global.scala	True	True	True	True
3939	lrytz	2014-08-22 13:05:23	som-snytt	2014-08-22 22:50:08	test/junit/scala/tools/nsc/settings/SettingsTest.scala	False	True	True	True
3939	lrytz	2014-08-22 13:05:23	som-snytt	2014-08-22 22:47:18	src/compiler/scala/tools/nsc/backend/opt/Inliners.scala	True	True	True	True
3939	lrytz	2014-08-22 13:05:23	som-snytt	2014-08-22 22:47:18	src/compiler/scala/tools/nsc/settings/AbsScalaSettings.scala	True	True	True	True
3939	lrytz	2014-08-22 13:05:23	som-snytt	2014-08-22 22:50:08	src/compiler/scala/tools/nsc/CompilerCommand.scala	False	True	True	True
3939	lrytz	2014-08-22 13:05:23	som-snytt	2014-08-22 22:33:41	test/junit/scala/tools/nsc/symtab/CannotHaveAttrsTest.scala	False	True	True	True
3939	lrytz	2014-08-22 13:05:23	som-snytt	2014-08-22 22:50:08	src/compiler/scala/tools/nsc/settings/Warnings.scala	False	True	True	True
3939	lrytz	2014-08-22 13:05:23	som-snytt	2014-08-22 22:50:08	src/compiler/scala/tools/nsc/settings/MutableSettings.scala	False	True	True	True
3939	lrytz	2014-08-22 13:05:23	som-snytt	2014-08-22 22:50:08	test/junit/scala/tools/nsc/settings/SettingsTest.scala	True	True	True	True
3939	lrytz	2014-08-22 13:05:23	som-snytt	2014-08-22 22:50:08	src/compiler/scala/tools/nsc/util/StatisticsInfo.scala	True	True	True	True
3939	lrytz	2014-08-22 13:05:23	som-snytt	2014-08-22 22:50:08	src/compiler/scala/tools/nsc/typechecker/Infer.scala	True	True	True	True
3939	lrytz	2014-08-22 13:05:23	som-snytt	2014-08-22 22:50:08	src/compiler/scala/tools/nsc/settings/Warnings.scala	True	True	True	True
3939	lrytz	2014-08-22 13:05:23	som-snytt	2014-08-22 22:50:08	src/compiler/scala/tools/nsc/settings/ScalaSettings.scala	True	True	True	True
3939	lrytz	2014-08-22 13:05:23	som-snytt	2014-08-22 22:50:08	src/compiler/scala/tools/nsc/settings/MutableSettings.scala	True	True	True	True
3939	lrytz	2014-08-22 13:05:23	som-snytt	2014-08-22 22:50:08	src/compiler/scala/tools/nsc/settings/AbsScalaSettings.scala	True	True	True	True
3939	lrytz	2014-08-22 13:05:23	som-snytt	2014-08-22 22:50:08	src/compiler/scala/tools/nsc/backend/opt/Inliners.scala	True	True	True	True
3939	lrytz	2014-08-22 13:05:23	som-snytt	2014-08-22 22:50:08	src/compiler/scala/tools/nsc/MainBench.scala	True	True	True	True
3939	lrytz	2014-08-22 13:05:23	som-snytt	2014-08-22 22:50:08	src/compiler/scala/tools/nsc/Global.scala	True	True	True	True
3939	lrytz	2014-08-22 13:05:23	som-snytt	2014-08-22 22:50:08	test/junit/scala/tools/testing/AssertUtil.scala	False	True	True	True
3939	lrytz	2014-08-22 13:05:23	som-snytt	2014-08-22 22:50:08	test/junit/scala/tools/nsc/symtab/StdNamesTest.scala	False	True	True	True
3939	lrytz	2014-08-22 13:05:23	som-snytt	2014-08-22 22:47:18	src/compiler/scala/tools/nsc/settings/Warnings.scala	True	True	True	True
3939	lrytz	2014-08-22 13:05:23	som-snytt	2014-08-22 22:47:18	src/compiler/scala/tools/nsc/settings/ScalaSettings.scala	True	True	True	True
3939	lrytz	2014-08-22 13:05:23	som-snytt	2014-08-22 22:35:50	src/compiler/scala/tools/nsc/settings/Warnings.scala	False	True	True	True
3939	lrytz	2014-08-22 13:05:23	som-snytt	2014-08-22 22:47:18	src/compiler/scala/tools/nsc/typechecker/Infer.scala	True	True	True	True
3939	lrytz	2014-08-22 13:05:23	som-snytt	2014-08-22 22:35:50	src/compiler/scala/tools/nsc/backend/opt/Inliners.scala	True	True	True	True
3939	lrytz	2014-08-22 13:05:23	som-snytt	2014-08-22 22:35:50	src/compiler/scala/tools/nsc/settings/ScalaSettings.scala	False	True	True	True
3939	lrytz	2014-08-22 13:05:23	som-snytt	2014-08-22 22:35:50	src/compiler/scala/tools/nsc/settings/AbsScalaSettings.scala	False	True	True	True
3939	lrytz	2014-08-22 13:05:23	som-snytt	2014-08-22 22:35:50	src/compiler/scala/tools/nsc/MainBench.scala	False	True	True	True
3939	lrytz	2014-08-22 13:05:23	som-snytt	2014-08-22 22:35:50	src/compiler/scala/tools/nsc/CompilerCommand.scala	False	True	True	True
3939	lrytz	2014-08-22 13:05:23	som-snytt	2014-08-22 22:35:50	test/junit/scala/tools/nsc/settings/SettingsTest.scala	False	True	True	True
3939	lrytz	2014-08-22 13:05:23	som-snytt	2014-08-22 22:50:08	test/junit/scala/tools/nsc/symtab/CannotHaveAttrsTest.scala	False	True	True	True
3939	lrytz	2014-08-22 13:05:23	som-snytt	2014-08-22 22:35:50	src/compiler/scala/tools/nsc/settings/MutableSettings.scala	False	True	True	True
3939	lrytz	2014-08-22 13:05:23	som-snytt	2014-08-22 22:35:50	test/junit/scala/tools/nsc/settings/SettingsTest.scala	True	True	True	True
3939	lrytz	2014-08-22 13:05:23	som-snytt	2014-08-22 22:35:50	src/compiler/scala/tools/nsc/util/StatisticsInfo.scala	True	True	True	True
3939	lrytz	2014-08-22 13:05:23	som-snytt	2014-08-22 22:35:50	src/compiler/scala/tools/nsc/typechecker/Infer.scala	True	True	True	True
3939	lrytz	2014-08-22 13:05:23	som-snytt	2014-08-22 22:35:50	src/compiler/scala/tools/nsc/settings/Warnings.scala	True	True	True	True
3939	lrytz	2014-08-22 13:05:23	som-snytt	2014-08-22 22:35:50	src/compiler/scala/tools/nsc/settings/ScalaSettings.scala	True	True	True	True
3939	lrytz	2014-08-22 13:05:23	som-snytt	2014-08-22 22:35:50	src/compiler/scala/tools/nsc/settings/MutableSettings.scala	True	True	True	True
3939	lrytz	2014-08-22 13:05:23	som-snytt	2014-08-22 22:35:50	src/compiler/scala/tools/nsc/settings/AbsScalaSettings.scala	True	True	True	True
3939	lrytz	2014-08-22 13:05:23	som-snytt	2014-08-22 22:35:50	src/compiler/scala/tools/nsc/MainBench.scala	True	True	True	True
3939	lrytz	2014-08-22 13:05:23	som-snytt	2014-08-22 22:47:18	src/compiler/scala/tools/nsc/util/StatisticsInfo.scala	True	True	True	True
3939	lrytz	2014-08-22 13:05:23	som-snytt	2014-08-22 22:35:50	src/compiler/scala/tools/nsc/Global.scala	True	True	True	True
3939	lrytz	2014-08-22 13:05:23	som-snytt	2014-08-22 22:35:50	test/junit/scala/tools/testing/AssertUtil.scala	False	True	True	True
3939	lrytz	2014-08-22 13:05:23	som-snytt	2014-08-22 22:35:50	test/junit/scala/tools/nsc/symtab/StdNamesTest.scala	False	True	True	True
3939	lrytz	2014-08-22 13:05:23	som-snytt	2014-08-22 22:35:50	test/junit/scala/tools/nsc/symtab/FreshNameExtractorTest.scala	False	True	True	True
3939	lrytz	2014-08-22 13:05:23	som-snytt	2014-08-22 22:35:50	test/junit/scala/tools/nsc/symtab/CannotHaveAttrsTest.scala	False	True	True	True
3939	lrytz	2014-08-22 13:05:23	som-snytt	2014-08-22 22:47:18	src/compiler/scala/tools/nsc/util/StatisticsInfo.scala	False	True	True	True
3939	lrytz	2014-08-22 13:05:23	som-snytt	2014-08-22 22:47:18	src/compiler/scala/tools/nsc/settings/ScalaSettings.scala	False	True	True	True
3939	lrytz	2014-08-22 13:05:23	som-snytt	2014-08-22 22:47:18	src/compiler/scala/tools/nsc/settings/AbsScalaSettings.scala	False	True	True	True
3939	lrytz	2014-08-22 13:05:23	som-snytt	2014-08-22 22:47:18	src/compiler/scala/tools/nsc/MainBench.scala	False	True	True	True
3939	lrytz	2014-08-22 13:05:23	som-snytt	2014-08-22 22:47:18	src/compiler/scala/tools/nsc/CompilerCommand.scala	False	True	True	True
3939	lrytz	2014-08-22 13:05:23	som-snytt	2014-08-22 22:47:18	test/junit/scala/tools/nsc/settings/SettingsTest.scala	False	True	True	True
3939	lrytz	2014-08-22 13:05:23	som-snytt	2014-08-22 22:47:18	src/compiler/scala/tools/nsc/settings/Warnings.scala	False	True	True	True
3939	lrytz	2014-08-22 13:05:23	som-snytt	2014-08-22 22:47:18	src/compiler/scala/tools/nsc/settings/MutableSettings.scala	False	True	True	True
3939	lrytz	2014-08-22 13:05:23	som-snytt	2014-08-22 22:47:18	test/junit/scala/tools/nsc/settings/SettingsTest.scala	True	True	True	True
3939	lrytz	2014-08-22 13:05:23	som-snytt	2014-08-22 22:50:08	test/junit/scala/tools/nsc/symtab/FreshNameExtractorTest.scala	False	True	True	True
3939	lrytz	2014-08-22 13:05:23	som-snytt	2014-08-22 23:57:35	src/compiler/scala/tools/nsc/CompilerCommand.scala	False	True	True	True
3939	lrytz	2014-08-22 13:05:23	som-snytt	2014-08-22 22:56:44	src/compiler/scala/tools/nsc/util/StatisticsInfo.scala	False	True	True	True
3939	lrytz	2014-08-22 13:05:23	som-snytt	2014-08-22 23:57:35	src/compiler/scala/tools/nsc/settings/ScalaSettings.scala	True	True	True	True
3939	lrytz	2014-08-22 13:05:23	som-snytt	2014-08-22 23:57:35	src/compiler/scala/tools/nsc/settings/AbsScalaSettings.scala	True	True	True	True
3939	lrytz	2014-08-22 13:05:23	som-snytt	2014-08-22 23:57:35	src/compiler/scala/tools/nsc/backend/opt/Inliners.scala	True	True	True	True
3939	lrytz	2014-08-22 13:05:23	som-snytt	2014-08-22 23:57:35	src/compiler/scala/tools/nsc/MainBench.scala	True	True	True	True
3939	lrytz	2014-08-22 13:05:23	som-snytt	2014-08-22 23:57:35	src/compiler/scala/tools/nsc/Global.scala	True	True	True	True
3939	lrytz	2014-08-22 13:05:23	som-snytt	2014-08-22 23:57:35	test/junit/scala/tools/testing/AssertUtil.scala	False	True	True	True
3939	lrytz	2014-08-22 13:05:23	som-snytt	2014-08-22 23:57:35	test/junit/scala/tools/nsc/symtab/StdNamesTest.scala	False	True	True	True
3939	lrytz	2014-08-22 13:05:23	som-snytt	2014-08-22 23:57:35	test/junit/scala/tools/nsc/symtab/FreshNameExtractorTest.scala	False	True	True	True
3939	lrytz	2014-08-22 13:05:23	som-snytt	2014-08-22 23:57:35	test/junit/scala/tools/nsc/symtab/CannotHaveAttrsTest.scala	False	True	True	True
3939	lrytz	2014-08-22 13:05:23	som-snytt	2014-08-23 00:22:45	src/compiler/scala/tools/nsc/util/StatisticsInfo.scala	False	True	True	True
3939	lrytz	2014-08-22 13:05:23	som-snytt	2014-08-23 00:22:45	src/compiler/scala/tools/nsc/settings/ScalaSettings.scala	False	True	True	True
3939	lrytz	2014-08-22 13:05:23	som-snytt	2014-08-23 00:22:45	src/compiler/scala/tools/nsc/settings/AbsScalaSettings.scala	False	True	True	True
3939	lrytz	2014-08-22 13:05:23	som-snytt	2014-08-23 00:22:45	src/compiler/scala/tools/nsc/MainBench.scala	False	True	True	True
3939	lrytz	2014-08-22 13:05:23	som-snytt	2014-08-23 00:22:45	src/compiler/scala/tools/nsc/CompilerCommand.scala	False	True	True	True
3939	lrytz	2014-08-22 13:05:23	som-snytt	2014-08-23 00:22:45	test/junit/scala/tools/nsc/settings/SettingsTest.scala	False	True	True	True
3939	lrytz	2014-08-22 13:05:23	som-snytt	2014-08-23 00:22:45	src/compiler/scala/tools/nsc/settings/Warnings.scala	False	True	True	True
3939	lrytz	2014-08-22 13:05:23	som-snytt	2014-08-23 00:22:45	src/compiler/scala/tools/nsc/settings/MutableSettings.scala	False	True	True	True
3939	lrytz	2014-08-22 13:05:23	som-snytt	2014-08-23 00:22:45	test/junit/scala/tools/nsc/settings/SettingsTest.scala	True	True	True	True
3939	lrytz	2014-08-22 13:05:23	som-snytt	2014-08-23 00:22:45	src/compiler/scala/tools/nsc/util/StatisticsInfo.scala	True	True	True	True
3939	lrytz	2014-08-22 13:05:23	som-snytt	2014-08-23 00:22:45	src/compiler/scala/tools/nsc/typechecker/Infer.scala	True	True	True	True
3939	lrytz	2014-08-22 13:05:23	som-snytt	2014-08-23 00:22:45	src/compiler/scala/tools/nsc/settings/Warnings.scala	True	True	True	True
3939	lrytz	2014-08-22 13:05:23	som-snytt	2014-08-23 00:22:45	src/compiler/scala/tools/nsc/settings/ScalaSettings.scala	True	True	True	True
3939	lrytz	2014-08-22 13:05:23	som-snytt	2014-08-23 00:22:45	src/compiler/scala/tools/nsc/settings/MutableSettings.scala	True	True	True	True
3939	lrytz	2014-08-22 13:05:23	som-snytt	2014-08-23 00:22:45	src/compiler/scala/tools/nsc/settings/AbsScalaSettings.scala	True	True	True	True
3939	lrytz	2014-08-22 13:05:23	som-snytt	2014-08-23 00:22:45	src/compiler/scala/tools/nsc/backend/opt/Inliners.scala	True	True	True	True
3939	lrytz	2014-08-22 13:05:23	som-snytt	2014-08-23 00:22:45	src/compiler/scala/tools/nsc/MainBench.scala	True	True	True	True
3939	lrytz	2014-08-22 13:05:23	som-snytt	2014-08-23 00:22:45	src/compiler/scala/tools/nsc/Global.scala	True	True	True	True
3939	lrytz	2014-08-22 13:05:23	som-snytt	2014-08-23 00:22:45	test/junit/scala/tools/testing/AssertUtil.scala	False	True	True	True
3939	lrytz	2014-08-22 13:05:23	som-snytt	2014-08-23 00:22:45	test/junit/scala/tools/nsc/symtab/FreshNameExtractorTest.scala	False	True	True	True
3939	lrytz	2014-08-22 13:05:23	som-snytt	2014-08-23 00:22:45	test/junit/scala/tools/nsc/symtab/CannotHaveAttrsTest.scala	False	True	True	True
3939	lrytz	2014-08-22 13:05:23	som-snytt	2014-08-22 23:57:35	src/compiler/scala/tools/nsc/settings/MutableSettings.scala	True	True	True	True
3939	lrytz	2014-08-22 13:05:23	som-snytt	2014-08-22 23:57:35	src/compiler/scala/tools/nsc/settings/Warnings.scala	True	True	True	True
3939	lrytz	2014-08-22 13:05:23	som-snytt	2014-08-22 22:56:44	src/compiler/scala/tools/nsc/settings/ScalaSettings.scala	False	True	True	True
3939	lrytz	2014-08-22 13:05:23	som-snytt	2014-08-22 23:57:35	src/compiler/scala/tools/nsc/typechecker/Infer.scala	True	True	True	True
3939	lrytz	2014-08-22 13:05:23	som-snytt	2014-08-22 22:56:44	src/compiler/scala/tools/nsc/settings/AbsScalaSettings.scala	False	True	True	True
3939	lrytz	2014-08-22 13:05:23	som-snytt	2014-08-22 22:56:44	src/compiler/scala/tools/nsc/MainBench.scala	False	True	True	True
3939	lrytz	2014-08-22 13:05:23	som-snytt	2014-08-22 22:56:44	src/compiler/scala/tools/nsc/CompilerCommand.scala	False	True	True	True
3939	lrytz	2014-08-22 13:05:23	som-snytt	2014-08-22 22:56:44	test/junit/scala/tools/nsc/settings/SettingsTest.scala	False	True	True	True
3939	lrytz	2014-08-22 13:05:23	som-snytt	2014-08-22 22:56:44	src/compiler/scala/tools/nsc/settings/Warnings.scala	False	True	True	True
3939	lrytz	2014-08-22 13:05:23	som-snytt	2014-08-22 22:56:44	src/compiler/scala/tools/nsc/settings/MutableSettings.scala	False	True	True	True
3939	lrytz	2014-08-22 13:05:23	som-snytt	2014-08-22 22:56:44	test/junit/scala/tools/nsc/settings/SettingsTest.scala	True	True	True	True
3939	lrytz	2014-08-22 13:05:23	som-snytt	2014-08-22 22:56:44	src/compiler/scala/tools/nsc/util/StatisticsInfo.scala	True	True	True	True
3939	lrytz	2014-08-22 13:05:23	som-snytt	2014-08-22 22:56:44	src/compiler/scala/tools/nsc/typechecker/Infer.scala	True	True	True	True
3939	lrytz	2014-08-22 13:05:23	som-snytt	2014-08-22 22:56:44	src/compiler/scala/tools/nsc/settings/Warnings.scala	True	True	True	True
3939	lrytz	2014-08-22 13:05:23	som-snytt	2014-08-22 22:56:44	src/compiler/scala/tools/nsc/settings/ScalaSettings.scala	True	True	True	True
3939	lrytz	2014-08-22 13:05:23	som-snytt	2014-08-22 22:56:44	src/compiler/scala/tools/nsc/settings/MutableSettings.scala	True	True	True	True
3939	lrytz	2014-08-22 13:05:23	som-snytt	2014-08-22 22:56:44	src/compiler/scala/tools/nsc/settings/AbsScalaSettings.scala	True	True	True	True
3939	lrytz	2014-08-22 13:05:23	som-snytt	2014-08-22 22:56:44	src/compiler/scala/tools/nsc/backend/opt/Inliners.scala	True	True	True	True
3939	lrytz	2014-08-22 13:05:23	som-snytt	2014-08-22 22:56:44	src/compiler/scala/tools/nsc/MainBench.scala	True	True	True	True
3939	lrytz	2014-08-22 13:05:23	som-snytt	2014-08-22 22:56:44	src/compiler/scala/tools/nsc/Global.scala	True	True	True	True
3939	lrytz	2014-08-22 13:05:23	som-snytt	2014-08-22 22:56:44	test/junit/scala/tools/testing/AssertUtil.scala	False	True	True	True
3939	lrytz	2014-08-22 13:05:23	som-snytt	2014-08-22 22:56:44	test/junit/scala/tools/nsc/symtab/StdNamesTest.scala	False	True	True	True
3939	lrytz	2014-08-22 13:05:23	som-snytt	2014-08-22 22:56:44	test/junit/scala/tools/nsc/symtab/FreshNameExtractorTest.scala	False	True	True	True
3939	lrytz	2014-08-22 13:05:23	som-snytt	2014-08-22 22:56:44	test/junit/scala/tools/nsc/symtab/CannotHaveAttrsTest.scala	False	True	True	True
3939	lrytz	2014-08-22 13:05:23	som-snytt	2014-08-22 23:57:35	src/compiler/scala/tools/nsc/util/StatisticsInfo.scala	False	True	True	True
3939	lrytz	2014-08-22 13:05:23	som-snytt	2014-08-22 23:57:35	src/compiler/scala/tools/nsc/settings/ScalaSettings.scala	False	True	True	True
3939	lrytz	2014-08-22 13:05:23	som-snytt	2014-08-22 23:57:35	src/compiler/scala/tools/nsc/settings/AbsScalaSettings.scala	False	True	True	True
3939	lrytz	2014-08-22 13:05:23	som-snytt	2014-08-22 23:57:35	src/compiler/scala/tools/nsc/MainBench.scala	False	True	True	True
3939	lrytz	2014-08-22 13:05:23	som-snytt	2014-08-22 23:57:35	test/junit/scala/tools/nsc/settings/SettingsTest.scala	False	True	True	True
3939	lrytz	2014-08-22 13:05:23	som-snytt	2014-08-22 23:57:35	src/compiler/scala/tools/nsc/settings/Warnings.scala	False	True	True	True
3939	lrytz	2014-08-22 13:05:23	som-snytt	2014-08-22 23:57:35	src/compiler/scala/tools/nsc/settings/MutableSettings.scala	False	True	True	True
3939	lrytz	2014-08-22 13:05:23	som-snytt	2014-08-22 23:57:35	test/junit/scala/tools/nsc/settings/SettingsTest.scala	True	True	True	True
3939	lrytz	2014-08-22 13:05:23	som-snytt	2014-08-22 23:57:35	src/compiler/scala/tools/nsc/util/StatisticsInfo.scala	True	True	True	True
3939	lrytz	2014-08-22 13:05:23	som-snytt	2014-08-22 22:35:50	src/compiler/scala/tools/nsc/util/StatisticsInfo.scala	False	True	True	True
3939	lrytz	2014-08-22 13:05:23	som-snytt	2014-08-23 00:22:45	test/junit/scala/tools/nsc/symtab/StdNamesTest.scala	False	True	True	True
3939	lrytz	2014-08-22 13:05:23	som-snytt	2014-08-22 22:33:41	test/junit/scala/tools/nsc/symtab/FreshNameExtractorTest.scala	False	True	True	True
3939	lrytz	2014-08-22 13:05:23	som-snytt	2014-08-22 22:01:27	src/compiler/scala/tools/nsc/MainBench.scala	False	True	True	True
3939	lrytz	2014-08-22 13:05:23	som-snytt	2014-08-22 22:29:45	src/compiler/scala/tools/nsc/typechecker/Infer.scala	True	True	True	True
3939	lrytz	2014-08-22 13:05:23	som-snytt	2014-08-22 22:29:45	src/compiler/scala/tools/nsc/settings/Warnings.scala	True	True	True	True
3939	lrytz	2014-08-22 13:05:23	som-snytt	2014-08-22 22:29:45	src/compiler/scala/tools/nsc/settings/ScalaSettings.scala	True	True	True	True
3939	lrytz	2014-08-22 13:05:23	som-snytt	2014-08-22 22:29:45	src/compiler/scala/tools/nsc/settings/AbsScalaSettings.scala	True	True	True	True
3939	lrytz	2014-08-22 13:05:23	som-snytt	2014-08-22 22:29:45	src/compiler/scala/tools/nsc/backend/opt/Inliners.scala	True	True	True	True
3939	lrytz	2014-08-22 13:05:23	som-snytt	2014-08-22 22:29:45	src/compiler/scala/tools/nsc/MainBench.scala	True	True	True	True
3939	lrytz	2014-08-22 13:05:23	som-snytt	2014-08-22 22:29:45	src/compiler/scala/tools/nsc/Global.scala	True	True	True	True
3939	lrytz	2014-08-22 13:05:23	som-snytt	2014-08-22 22:29:45	test/junit/scala/tools/testing/AssertUtil.scala	False	True	True	True
3939	lrytz	2014-08-22 13:05:23	som-snytt	2014-08-22 22:29:45	test/junit/scala/tools/nsc/symtab/StdNamesTest.scala	False	True	True	True
3939	lrytz	2014-08-22 13:05:23	som-snytt	2014-08-22 22:29:45	test/junit/scala/tools/nsc/symtab/FreshNameExtractorTest.scala	False	True	True	True
3939	lrytz	2014-08-22 13:05:23	som-snytt	2014-08-22 22:29:45	test/junit/scala/tools/nsc/symtab/CannotHaveAttrsTest.scala	False	True	True	True
3939	lrytz	2014-08-22 13:05:23	som-snytt	2014-08-22 22:01:27	src/compiler/scala/tools/nsc/util/StatisticsInfo.scala	False	True	True	True
3939	lrytz	2014-08-22 13:05:23	som-snytt	2014-08-22 22:01:27	src/compiler/scala/tools/nsc/settings/ScalaSettings.scala	False	True	True	True
3939	lrytz	2014-08-22 13:05:23	som-snytt	2014-08-22 22:01:27	src/compiler/scala/tools/nsc/settings/AbsScalaSettings.scala	False	True	True	True
3939	lrytz	2014-08-22 13:05:23	som-snytt	2014-08-22 22:01:27	src/compiler/scala/tools/nsc/CompilerCommand.scala	False	True	True	True
3939	lrytz	2014-08-22 13:05:23	som-snytt	2014-08-22 22:01:27	test/junit/scala/tools/nsc/symtab/FreshNameExtractorTest.scala	False	True	True	True
3939	lrytz	2014-08-22 13:05:23	som-snytt	2014-08-22 22:01:27	test/junit/scala/tools/nsc/settings/SettingsTest.scala	False	True	True	True
3939	lrytz	2014-08-22 13:05:23	som-snytt	2014-08-22 22:01:27	src/compiler/scala/tools/nsc/settings/Warnings.scala	False	True	True	True
3939	lrytz	2014-08-22 13:05:23	som-snytt	2014-08-22 22:01:27	src/compiler/scala/tools/nsc/settings/MutableSettings.scala	False	True	True	True
3939	lrytz	2014-08-22 13:05:23	som-snytt	2014-08-22 22:01:27	test/junit/scala/tools/nsc/settings/SettingsTest.scala	True	True	True	True
3939	lrytz	2014-08-22 13:05:23	som-snytt	2014-08-22 22:01:27	src/compiler/scala/tools/nsc/util/StatisticsInfo.scala	True	True	True	True
3939	lrytz	2014-08-22 13:05:23	som-snytt	2014-08-22 22:01:27	src/compiler/scala/tools/nsc/typechecker/Infer.scala	True	True	True	True
3939	lrytz	2014-08-22 13:05:23	som-snytt	2014-08-22 22:01:27	src/compiler/scala/tools/nsc/settings/Warnings.scala	True	True	True	True
3939	lrytz	2014-08-22 13:05:23	som-snytt	2014-08-22 22:01:27	src/compiler/scala/tools/nsc/settings/ScalaSettings.scala	True	True	True	True
3939	lrytz	2014-08-22 13:05:23	som-snytt	2014-08-22 22:01:27	src/compiler/scala/tools/nsc/settings/MutableSettings.scala	True	True	True	True
3939	lrytz	2014-08-22 13:05:23	som-snytt	2014-08-22 22:01:27	src/compiler/scala/tools/nsc/settings/AbsScalaSettings.scala	True	True	True	True
3939	lrytz	2014-08-22 13:05:23	som-snytt	2014-08-22 22:01:27	src/compiler/scala/tools/nsc/backend/opt/Inliners.scala	True	True	True	True
3939	lrytz	2014-08-22 13:05:23	som-snytt	2014-08-22 22:01:27	src/compiler/scala/tools/nsc/MainBench.scala	True	True	True	True
3939	lrytz	2014-08-22 13:05:23	som-snytt	2014-08-22 22:01:27	src/compiler/scala/tools/nsc/Global.scala	True	True	True	True
3939	lrytz	2014-08-22 13:05:23	som-snytt	2014-08-22 22:01:27	test/junit/scala/tools/testing/AssertUtil.scala	False	True	True	True
3939	lrytz	2014-08-22 13:05:23	som-snytt	2014-08-22 22:29:45	src/compiler/scala/tools/nsc/util/StatisticsInfo.scala	True	True	True	True
3939	lrytz	2014-08-22 13:05:23	som-snytt	2014-08-22 22:29:45	test/junit/scala/tools/nsc/settings/SettingsTest.scala	True	True	True	True
3939	lrytz	2014-08-22 13:05:23	som-snytt	2014-08-22 22:29:45	src/compiler/scala/tools/nsc/settings/MutableSettings.scala	False	True	True	True
3939	lrytz	2014-08-22 13:05:23	som-snytt	2014-08-22 22:29:45	src/compiler/scala/tools/nsc/settings/Warnings.scala	False	True	True	True
3939	lrytz	2014-08-22 13:05:23	som-snytt	2014-08-22 23:12:38	src/compiler/scala/tools/nsc/util/StatisticsInfo.scala	False	True	True	True
3939	lrytz	2014-08-22 13:05:23	som-snytt	2014-08-22 23:12:38	src/compiler/scala/tools/nsc/settings/ScalaSettings.scala	False	True	True	True
3939	lrytz	2014-08-22 13:05:23	som-snytt	2014-08-22 22:33:41	test/junit/scala/tools/nsc/symtab/StdNamesTest.scala	False	True	True	True
3939	lrytz	2014-08-22 13:05:23	som-snytt	2014-08-22 23:12:38	src/compiler/scala/tools/nsc/settings/AbsScalaSettings.scala	False	True	True	True
3939	lrytz	2014-08-22 13:05:23	som-snytt	2014-08-22 23:12:38	src/compiler/scala/tools/nsc/MainBench.scala	False	True	True	True
3939	lrytz	2014-08-22 13:05:23	som-snytt	2014-08-22 23:12:38	src/compiler/scala/tools/nsc/CompilerCommand.scala	False	True	True	True
3939	lrytz	2014-08-22 13:05:23	som-snytt	2014-08-22 23:12:38	test/junit/scala/tools/nsc/settings/SettingsTest.scala	False	True	True	True
3939	lrytz	2014-08-22 13:05:23	som-snytt	2014-08-22 23:12:38	src/compiler/scala/tools/nsc/settings/Warnings.scala	False	True	True	True
3939	lrytz	2014-08-22 13:05:23	som-snytt	2014-08-22 23:12:38	src/compiler/scala/tools/nsc/settings/MutableSettings.scala	False	True	True	True
3939	lrytz	2014-08-22 13:05:23	som-snytt	2014-08-22 23:12:38	test/junit/scala/tools/nsc/settings/SettingsTest.scala	True	True	True	True
3939	lrytz	2014-08-22 13:05:23	som-snytt	2014-08-22 23:12:38	src/compiler/scala/tools/nsc/util/StatisticsInfo.scala	True	True	True	True
3939	lrytz	2014-08-22 13:05:23	som-snytt	2014-08-22 23:12:38	src/compiler/scala/tools/nsc/typechecker/Infer.scala	True	True	True	True
3939	lrytz	2014-08-22 13:05:23	som-snytt	2014-08-22 23:12:38	src/compiler/scala/tools/nsc/settings/Warnings.scala	True	True	True	True
3939	lrytz	2014-08-22 13:05:23	som-snytt	2014-08-22 23:12:38	src/compiler/scala/tools/nsc/settings/ScalaSettings.scala	True	True	True	True
3939	lrytz	2014-08-22 13:05:23	som-snytt	2014-08-22 23:12:38	src/compiler/scala/tools/nsc/settings/MutableSettings.scala	True	True	True	True
3939	lrytz	2014-08-22 13:05:23	som-snytt	2014-08-22 23:12:38	src/compiler/scala/tools/nsc/settings/AbsScalaSettings.scala	True	True	True	True
3939	lrytz	2014-08-22 13:05:23	som-snytt	2014-08-22 23:12:38	src/compiler/scala/tools/nsc/backend/opt/Inliners.scala	True	True	True	True
3939	lrytz	2014-08-22 13:05:23	som-snytt	2014-08-22 23:12:38	src/compiler/scala/tools/nsc/MainBench.scala	True	True	True	True
3939	lrytz	2014-08-22 13:05:23	som-snytt	2014-08-22 23:12:38	src/compiler/scala/tools/nsc/Global.scala	True	True	True	True
3939	lrytz	2014-08-22 13:05:23	som-snytt	2014-08-22 23:12:38	test/junit/scala/tools/testing/AssertUtil.scala	False	True	True	True
3939	lrytz	2014-08-22 13:05:23	som-snytt	2014-08-22 23:12:38	test/junit/scala/tools/nsc/symtab/StdNamesTest.scala	False	True	True	True
3939	lrytz	2014-08-22 13:05:23	som-snytt	2014-08-22 23:12:38	test/junit/scala/tools/nsc/symtab/FreshNameExtractorTest.scala	False	True	True	True
3939	lrytz	2014-08-22 13:05:23	som-snytt	2014-08-22 23:12:38	test/junit/scala/tools/nsc/symtab/CannotHaveAttrsTest.scala	False	True	True	True
3939	lrytz	2014-08-22 13:05:23	som-snytt	2014-08-22 22:29:45	src/compiler/scala/tools/nsc/util/StatisticsInfo.scala	False	True	True	True
3939	lrytz	2014-08-22 13:05:23	som-snytt	2014-08-22 22:29:45	src/compiler/scala/tools/nsc/settings/ScalaSettings.scala	False	True	True	True
3939	lrytz	2014-08-22 13:05:23	som-snytt	2014-08-22 22:29:45	src/compiler/scala/tools/nsc/settings/AbsScalaSettings.scala	False	True	True	True
3939	lrytz	2014-08-22 13:05:23	som-snytt	2014-08-22 22:29:45	src/compiler/scala/tools/nsc/MainBench.scala	False	True	True	True
3939	lrytz	2014-08-22 13:05:23	som-snytt	2014-08-22 22:29:45	src/compiler/scala/tools/nsc/CompilerCommand.scala	False	True	True	True
3939	lrytz	2014-08-22 13:05:23	som-snytt	2014-08-22 22:29:45	test/junit/scala/tools/nsc/settings/SettingsTest.scala	False	True	True	True
3939	lrytz	2014-08-22 13:05:23	som-snytt	2014-08-22 22:01:27	test/junit/scala/tools/nsc/symtab/StdNamesTest.scala	False	True	True	True
3939	lrytz	2014-08-22 13:05:23	som-snytt	2014-08-22 22:29:45	src/compiler/scala/tools/nsc/settings/MutableSettings.scala	True	True	True	True
3939	lrytz	2014-08-22 13:05:23	som-snytt	2014-08-22 22:01:27	test/junit/scala/tools/nsc/symtab/CannotHaveAttrsTest.scala	False	True	True	True
3939	lrytz	2014-08-22 13:05:23	som-snytt	2014-08-22 22:33:41	src/compiler/scala/tools/nsc/MainBench.scala	False	True	True	True
3939	lrytz	2014-08-22 13:05:23	som-snytt	2014-08-22 22:27:00	src/compiler/scala/tools/nsc/settings/Warnings.scala	True	True	True	True
3939	lrytz	2014-08-22 13:05:23	som-snytt	2014-08-22 22:27:00	src/compiler/scala/tools/nsc/settings/ScalaSettings.scala	True	True	True	True
3939	lrytz	2014-08-22 13:05:23	som-snytt	2014-08-22 22:27:00	src/compiler/scala/tools/nsc/settings/MutableSettings.scala	True	True	True	True
3939	lrytz	2014-08-22 13:05:23	som-snytt	2014-08-22 22:27:00	src/compiler/scala/tools/nsc/settings/AbsScalaSettings.scala	True	True	True	True
3939	lrytz	2014-08-22 13:05:23	som-snytt	2014-08-22 22:27:00	src/compiler/scala/tools/nsc/backend/opt/Inliners.scala	True	True	True	True
3939	lrytz	2014-08-22 13:05:23	som-snytt	2014-08-22 22:27:00	src/compiler/scala/tools/nsc/MainBench.scala	True	True	True	True
3939	lrytz	2014-08-22 13:05:23	som-snytt	2014-08-22 22:27:00	src/compiler/scala/tools/nsc/Global.scala	True	True	True	True
3939	lrytz	2014-08-22 13:05:23	som-snytt	2014-08-22 22:27:00	test/junit/scala/tools/testing/AssertUtil.scala	False	True	True	True
3939	lrytz	2014-08-22 13:05:23	som-snytt	2014-08-22 22:27:00	test/junit/scala/tools/nsc/symtab/StdNamesTest.scala	False	True	True	True
3939	lrytz	2014-08-22 13:05:23	som-snytt	2014-08-22 22:27:00	test/junit/scala/tools/nsc/symtab/FreshNameExtractorTest.scala	False	True	True	True
3939	lrytz	2014-08-22 13:05:23	som-snytt	2014-08-22 22:27:00	test/junit/scala/tools/nsc/symtab/CannotHaveAttrsTest.scala	False	True	True	True
3939	lrytz	2014-08-22 13:05:23	som-snytt	2014-08-22 22:33:41	src/compiler/scala/tools/nsc/util/StatisticsInfo.scala	False	True	True	True
3939	lrytz	2014-08-22 13:05:23	som-snytt	2014-08-22 22:33:41	src/compiler/scala/tools/nsc/settings/ScalaSettings.scala	False	True	True	True
3939	lrytz	2014-08-22 13:05:23	som-snytt	2014-08-22 22:33:41	src/compiler/scala/tools/nsc/settings/AbsScalaSettings.scala	False	True	True	True
3939	lrytz	2014-08-22 13:05:23	som-snytt	2014-08-22 22:33:41	src/compiler/scala/tools/nsc/CompilerCommand.scala	False	True	True	True
3939	lrytz	2014-08-22 13:05:23	som-snytt	2014-08-22 22:27:00	src/compiler/scala/tools/nsc/util/StatisticsInfo.scala	True	True	True	True
3939	lrytz	2014-08-22 13:05:23	som-snytt	2014-08-22 22:33:41	test/junit/scala/tools/nsc/settings/SettingsTest.scala	False	True	True	True
3939	lrytz	2014-08-22 13:05:23	som-snytt	2014-08-22 22:33:41	src/compiler/scala/tools/nsc/settings/Warnings.scala	False	True	True	True
3939	lrytz	2014-08-22 13:05:23	som-snytt	2014-08-22 22:33:41	src/compiler/scala/tools/nsc/settings/MutableSettings.scala	False	True	True	True
3939	lrytz	2014-08-22 13:05:23	som-snytt	2014-08-22 22:33:41	test/junit/scala/tools/nsc/settings/SettingsTest.scala	True	True	True	True
3939	lrytz	2014-08-22 13:05:23	som-snytt	2014-08-22 22:33:41	src/compiler/scala/tools/nsc/util/StatisticsInfo.scala	True	True	True	True
3939	lrytz	2014-08-22 13:05:23	som-snytt	2014-08-22 22:33:41	src/compiler/scala/tools/nsc/typechecker/Infer.scala	True	True	True	True
3939	lrytz	2014-08-22 13:05:23	som-snytt	2014-08-22 22:33:41	src/compiler/scala/tools/nsc/settings/Warnings.scala	True	True	True	True
3939	lrytz	2014-08-22 13:05:23	som-snytt	2014-08-22 22:33:41	src/compiler/scala/tools/nsc/settings/ScalaSettings.scala	True	True	True	True
3939	lrytz	2014-08-22 13:05:23	som-snytt	2014-08-22 22:33:41	src/compiler/scala/tools/nsc/settings/MutableSettings.scala	True	True	True	True
3939	lrytz	2014-08-22 13:05:23	som-snytt	2014-08-22 22:33:41	src/compiler/scala/tools/nsc/settings/AbsScalaSettings.scala	True	True	True	True
3939	lrytz	2014-08-22 13:05:23	som-snytt	2014-08-22 22:22:58	src/compiler/scala/tools/nsc/util/StatisticsInfo.scala	False	True	True	True
3939	lrytz	2014-08-22 13:05:23	som-snytt	2014-08-22 22:33:41	src/compiler/scala/tools/nsc/MainBench.scala	True	True	True	True
3939	lrytz	2014-08-22 13:05:23	som-snytt	2014-08-22 22:33:41	src/compiler/scala/tools/nsc/Global.scala	True	True	True	True
3939	lrytz	2014-08-22 13:05:23	som-snytt	2014-08-22 22:33:41	test/junit/scala/tools/testing/AssertUtil.scala	False	True	True	True
3939	lrytz	2014-08-22 13:05:23	som-snytt	2014-08-22 22:27:00	src/compiler/scala/tools/nsc/typechecker/Infer.scala	True	True	True	True
3939	lrytz	2014-08-22 13:05:23	som-snytt	2014-08-22 22:33:41	src/compiler/scala/tools/nsc/backend/opt/Inliners.scala	True	True	True	True
3939	lrytz	2014-08-22 13:05:23	som-snytt	2014-08-22 22:27:00	test/junit/scala/tools/nsc/settings/SettingsTest.scala	True	True	True	True
3939	lrytz	2014-08-22 13:05:23	som-snytt	2014-08-22 22:22:58	src/compiler/scala/tools/nsc/backend/opt/Inliners.scala	True	True	True	True
3939	lrytz	2014-08-22 13:05:23	som-snytt	2014-08-22 22:22:58	src/compiler/scala/tools/nsc/settings/ScalaSettings.scala	False	True	True	True
3939	lrytz	2014-08-22 13:05:23	som-snytt	2014-08-22 22:22:58	src/compiler/scala/tools/nsc/settings/AbsScalaSettings.scala	False	True	True	True
3939	lrytz	2014-08-22 13:05:23	som-snytt	2014-08-22 22:22:58	src/compiler/scala/tools/nsc/MainBench.scala	False	True	True	True
3939	lrytz	2014-08-22 13:05:23	som-snytt	2014-08-22 22:22:58	src/compiler/scala/tools/nsc/CompilerCommand.scala	False	True	True	True
3939	lrytz	2014-08-22 13:05:23	som-snytt	2014-08-22 22:22:58	test/junit/scala/tools/nsc/settings/SettingsTest.scala	False	True	True	True
3939	lrytz	2014-08-22 13:05:23	som-snytt	2014-08-22 22:22:58	src/compiler/scala/tools/nsc/settings/Warnings.scala	False	True	True	True
3939	lrytz	2014-08-22 13:05:23	som-snytt	2014-08-22 22:22:58	src/compiler/scala/tools/nsc/settings/MutableSettings.scala	False	True	True	True
3939	lrytz	2014-08-22 13:05:23	som-snytt	2014-08-22 22:22:58	test/junit/scala/tools/nsc/settings/SettingsTest.scala	True	True	True	True
3939	lrytz	2014-08-22 13:05:23	som-snytt	2014-08-22 22:22:58	src/compiler/scala/tools/nsc/typechecker/Infer.scala	True	True	True	True
3939	lrytz	2014-08-22 13:05:23	som-snytt	2014-08-22 22:22:58	src/compiler/scala/tools/nsc/settings/Warnings.scala	True	True	True	True
3939	lrytz	2014-08-22 13:05:23	som-snytt	2014-08-22 22:22:58	src/compiler/scala/tools/nsc/settings/ScalaSettings.scala	True	True	True	True
3939	lrytz	2014-08-22 13:05:23	som-snytt	2014-08-22 22:22:58	src/compiler/scala/tools/nsc/settings/MutableSettings.scala	True	True	True	True
3939	lrytz	2014-08-22 13:05:23	som-snytt	2014-08-22 22:22:58	src/compiler/scala/tools/nsc/settings/AbsScalaSettings.scala	True	True	True	True
3939	lrytz	2014-08-22 13:05:23	som-snytt	2014-08-22 22:22:58	src/compiler/scala/tools/nsc/util/StatisticsInfo.scala	True	True	True	True
3939	lrytz	2014-08-22 13:05:23	som-snytt	2014-08-22 22:22:58	src/compiler/scala/tools/nsc/MainBench.scala	True	True	True	True
3939	lrytz	2014-08-22 13:05:23	som-snytt	2014-08-22 22:27:00	src/compiler/scala/tools/nsc/settings/ScalaSettings.scala	False	True	True	True
3939	lrytz	2014-08-22 13:05:23	som-snytt	2014-08-22 22:22:58	src/compiler/scala/tools/nsc/Global.scala	True	True	True	True
3939	lrytz	2014-08-22 13:05:23	som-snytt	2014-08-22 22:27:00	test/junit/scala/tools/nsc/settings/SettingsTest.scala	False	True	True	True
3939	lrytz	2014-08-22 13:05:23	som-snytt	2014-08-22 22:27:00	src/compiler/scala/tools/nsc/CompilerCommand.scala	False	True	True	True
3939	lrytz	2014-08-22 13:05:23	som-snytt	2014-08-22 22:27:00	src/compiler/scala/tools/nsc/MainBench.scala	False	True	True	True
3939	lrytz	2014-08-22 13:05:23	som-snytt	2014-08-22 22:27:00	src/compiler/scala/tools/nsc/settings/AbsScalaSettings.scala	False	True	True	True
3939	lrytz	2014-08-22 13:05:23	som-snytt	2014-08-22 22:27:00	src/compiler/scala/tools/nsc/settings/Warnings.scala	False	True	True	True
3939	lrytz	2014-08-22 13:05:23	som-snytt	2014-08-22 22:27:00	src/compiler/scala/tools/nsc/util/StatisticsInfo.scala	False	True	True	True
3939	lrytz	2014-08-22 13:05:23	som-snytt	2014-08-22 22:22:58	test/junit/scala/tools/nsc/symtab/StdNamesTest.scala	False	True	True	True
3939	lrytz	2014-08-22 13:05:23	som-snytt	2014-08-22 22:22:58	test/junit/scala/tools/testing/AssertUtil.scala	False	True	True	True
3939	lrytz	2014-08-22 13:05:23	som-snytt	2014-08-22 22:27:00	src/compiler/scala/tools/nsc/settings/MutableSettings.scala	False	True	True	True
3939	lrytz	2014-08-22 13:05:23	som-snytt	2014-08-22 22:22:58	test/junit/scala/tools/nsc/symtab/CannotHaveAttrsTest.scala	False	True	True	True
3939	lrytz	2014-08-22 13:05:23	som-snytt	2014-08-22 22:22:58	test/junit/scala/tools/nsc/symtab/FreshNameExtractorTest.scala	False	True	True	True
3936	som-snytt	2014-08-20 17:29:13	retronym	2014-09-05 05:08:20	test/files/neg/warn-inferred-any.scala	True	True	True	True
3936	som-snytt	2014-08-20 17:29:13	retronym	2014-09-05 05:08:20	test/files/neg/warn-inferred-any.check	True	True	True	True
3936	som-snytt	2014-08-20 17:29:13	retronym	2014-09-05 05:08:20	src/compiler/scala/tools/nsc/typechecker/Infer.scala	True	True	True	True
3934	teemulehtinen	2014-08-20 10:48:49	gourlaysama	2014-08-21 10:15:55	src/compiler/scala/tools/nsc/CompileSocket.scala	True	True	True	True
3934	teemulehtinen	2014-08-20 10:48:49	gourlaysama	2014-08-21 10:16:10	src/compiler/scala/tools/util/SocketServer.scala	True	True	True	True
3934	teemulehtinen	2014-08-20 10:48:49	gourlaysama	2014-08-21 10:16:10	src/compiler/scala/tools/nsc/CompileClient.scala	True	True	True	True
3934	teemulehtinen	2014-08-20 10:48:49	gourlaysama	2014-08-21 10:16:10	src/compiler/scala/tools/nsc/CompileServer.scala	True	True	True	True
3934	teemulehtinen	2014-08-20 10:48:49	gourlaysama	2014-08-21 10:16:10	src/compiler/scala/tools/nsc/CompileSocket.scala	True	True	True	True
3934	teemulehtinen	2014-08-20 10:48:49	gourlaysama	2014-08-21 10:16:10	src/compiler/scala/tools/nsc/settings/FscSettings.scala	True	True	True	True
3934	teemulehtinen	2014-08-20 10:48:49	gourlaysama	2014-08-21 10:15:55	src/compiler/scala/tools/util/SocketServer.scala	True	True	True	True
3934	teemulehtinen	2014-08-20 10:48:49	gourlaysama	2014-08-21 10:15:55	src/compiler/scala/tools/nsc/CompileClient.scala	True	True	True	True
3934	teemulehtinen	2014-08-20 10:48:49	gourlaysama	2014-08-21 10:15:55	src/compiler/scala/tools/nsc/CompileServer.scala	True	True	True	True
3934	teemulehtinen	2014-08-20 10:48:49	gourlaysama	2014-08-21 10:15:55	src/compiler/scala/tools/nsc/settings/FscSettings.scala	True	True	True	True
3932	gourlaysama	2014-08-20 07:08:47	retronym	2014-08-20 08:11:51	test/files/neg/compile-time-only-a.check	True	True	True	True
3932	gourlaysama	2014-08-20 07:08:47	retronym	2014-08-20 08:11:51	src/compiler/scala/tools/nsc/typechecker/RefChecks.scala	True	True	True	True
3932	gourlaysama	2014-08-20 07:08:47	retronym	2014-08-20 08:11:51	test/files/pos/t8498.scala	True	True	True	True
3931	lrytz	2014-08-19 19:28:57	gkossakowski	2014-08-26 12:06:20	src/compiler/scala/tools/nsc/transform/Erasure.scala	True	True	True	True
3931	lrytz	2014-08-19 19:28:57	gkossakowski	2014-08-26 12:06:20	src/compiler/scala/tools/nsc/backend/jvm/BTypesFromSymbols.scala	True	True	True	True
3931	lrytz	2014-08-19 19:28:57	gkossakowski	2014-08-26 11:51:34	test/files/jvm/javaReflection.check	True	True	True	True
3931	lrytz	2014-08-19 19:28:57	gkossakowski	2014-08-26 11:51:34	test/files/jvm/javaReflection/Classes_1.scala	True	True	True	True
3931	lrytz	2014-08-19 19:28:57	gkossakowski	2014-08-26 11:51:34	test/files/jvm/javaReflection/Test.scala	True	True	True	True
3931	lrytz	2014-08-19 19:28:57	gkossakowski	2014-08-26 11:51:34	test/files/run/t5256c.check	True	True	True	True
3931	lrytz	2014-08-19 19:28:57	gkossakowski	2014-08-26 11:51:34	versions.properties	True	True	True	True
3931	lrytz	2014-08-19 19:28:57	gkossakowski	2014-08-26 11:51:34	src/compiler/scala/tools/nsc/backend/jvm/BCodeSyncAndTry.scala	True	True	True	True
3931	lrytz	2014-08-19 19:28:57	gkossakowski	2014-08-26 12:06:20	src/compiler/scala/tools/nsc/backend/jvm/BCodeHelpers.scala	True	True	True	True
3931	lrytz	2014-08-19 19:28:57	gkossakowski	2014-08-26 12:06:20	src/compiler/scala/tools/nsc/backend/jvm/BCodeSkelBuilder.scala	True	True	True	True
3931	lrytz	2014-08-19 19:28:57	gkossakowski	2014-08-26 12:06:20	src/compiler/scala/tools/nsc/Global.scala	True	True	True	True
3931	lrytz	2014-08-19 19:28:57	gkossakowski	2014-08-26 11:51:34	test/files/jvm/innerClassAttribute/Java_A_1.java	True	True	True	True
3931	lrytz	2014-08-19 19:28:57	gkossakowski	2014-08-26 12:06:20	src/compiler/scala/tools/nsc/backend/jvm/GenBCode.scala	True	True	True	True
3931	lrytz	2014-08-19 19:28:57	gkossakowski	2014-08-26 12:06:20	src/compiler/scala/tools/nsc/backend/jvm/BCodeBodyBuilder.scala	True	True	True	True
3931	lrytz	2014-08-19 19:28:57	gkossakowski	2014-08-26 12:06:20	src/compiler/scala/tools/nsc/backend/jvm/BCodeIdiomatic.scala	True	True	True	True
3931	lrytz	2014-08-19 19:28:57	gkossakowski	2014-08-26 12:06:20	src/compiler/scala/tools/nsc/backend/jvm/BCodeTypes.scala	True	True	True	True
3931	lrytz	2014-08-19 19:28:57	gkossakowski	2014-08-26 12:06:20	src/compiler/scala/tools/nsc/backend/jvm/BTypes.scala	True	True	True	True
3931	lrytz	2014-08-19 19:28:57	gkossakowski	2014-08-26 12:06:20	test/junit/scala/tools/nsc/backend/jvm/BTypesTest.scala	True	True	True	True
3931	lrytz	2014-08-19 19:28:57	gkossakowski	2014-08-26 12:06:20	src/compiler/scala/tools/nsc/transform/Delambdafy.scala	True	True	True	True
3931	lrytz	2014-08-19 19:28:57	gkossakowski	2014-08-26 12:06:20	src/compiler/scala/tools/nsc/backend/jvm/BCodeAsmCommon.scala	True	True	True	True
3931	lrytz	2014-08-19 19:28:57	gkossakowski	2014-08-26 11:51:34	test/files/jvm/innerClassAttribute/Test.scala	True	True	True	True
3931	lrytz	2014-08-19 19:28:57	gkossakowski	2014-08-26 11:51:34	test/files/jvm/innerClassAttribute/Classes_1.scala	True	True	True	True
3931	lrytz	2014-08-19 19:28:57	gkossakowski	2014-08-26 11:51:34	src/compiler/scala/tools/nsc/backend/jvm/BCodeHelpers.scala	True	True	True	True
3931	lrytz	2014-08-19 19:28:57	gkossakowski	2014-08-26 11:51:34	src/compiler/scala/tools/nsc/backend/jvm/CoreBTypes.scala	True	True	True	True
3931	lrytz	2014-08-19 19:28:57	gkossakowski	2014-08-26 11:51:34	src/compiler/scala/tools/nsc/backend/jvm/BCodeSkelBuilder.scala	True	True	True	True
3931	lrytz	2014-08-19 19:28:57	gkossakowski	2014-08-26 11:51:34	src/compiler/scala/tools/nsc/backend/jvm/BTypesFromSymbols.scala	True	True	True	True
3931	lrytz	2014-08-19 19:28:57	gkossakowski	2014-08-26 11:51:34	src/compiler/scala/tools/nsc/Global.scala	True	True	True	True
3931	lrytz	2014-08-19 19:28:57	gkossakowski	2014-08-26 11:51:34	src/compiler/scala/tools/nsc/backend/jvm/GenBCode.scala	True	True	True	True
3931	lrytz	2014-08-19 19:28:57	gkossakowski	2014-08-26 11:51:34	src/compiler/scala/tools/nsc/backend/jvm/BCodeBodyBuilder.scala	True	True	True	True
3931	lrytz	2014-08-19 19:28:57	gkossakowski	2014-08-26 11:51:34	src/compiler/scala/tools/nsc/backend/jvm/BCodeIdiomatic.scala	True	True	True	True
3931	lrytz	2014-08-19 19:28:57	gkossakowski	2014-08-26 11:51:34	src/compiler/scala/tools/nsc/backend/jvm/BCodeTypes.scala	True	True	True	True
3931	lrytz	2014-08-19 19:28:57	gkossakowski	2014-08-26 11:51:34	src/compiler/scala/tools/nsc/backend/jvm/BTypes.scala	True	True	True	True
3931	lrytz	2014-08-19 19:28:57	gkossakowski	2014-08-26 11:51:34	test/junit/scala/tools/nsc/backend/jvm/BTypesTest.scala	True	True	True	True
3931	lrytz	2014-08-19 19:28:57	gkossakowski	2014-08-26 11:51:34	test/files/jvm/innerClassAttribute.check	True	True	True	True
3931	lrytz	2014-08-19 19:28:57	gkossakowski	2014-08-26 11:51:34	src/compiler/scala/tools/nsc/transform/Delambdafy.scala	True	True	True	True
3931	lrytz	2014-08-19 19:28:57	gkossakowski	2014-08-26 11:51:34	src/compiler/scala/tools/nsc/backend/jvm/BCodeAsmCommon.scala	True	True	True	True
3931	lrytz	2014-08-19 19:28:57	gkossakowski	2014-08-26 11:51:34	src/compiler/scala/tools/nsc/backend/jvm/GenASM.scala	True	True	True	True
3931	lrytz	2014-08-19 19:28:57	gkossakowski	2014-08-26 11:51:34	src/compiler/scala/tools/nsc/transform/Erasure.scala	True	True	True	True
3931	lrytz	2014-08-19 19:28:57	gkossakowski	2014-08-26 11:51:34	src/compiler/scala/tools/nsc/transform/LambdaLift.scala	True	True	True	True
3931	lrytz	2014-08-19 19:28:57	gkossakowski	2014-08-26 11:51:34	src/interactive/scala/tools/nsc/interactive/Global.scala	True	True	True	True
3931	lrytz	2014-08-19 19:28:57	gkossakowski	2014-08-26 11:51:34	src/reflect/scala/reflect/internal/Symbols.scala	True	True	True	True
3931	lrytz	2014-08-19 19:28:57	gkossakowski	2014-08-26 11:51:34	src/reflect/scala/reflect/runtime/JavaMirrors.scala	True	True	True	True
3931	lrytz	2014-08-19 19:28:57	gkossakowski	2014-08-26 12:06:20	src/compiler/scala/tools/nsc/backend/jvm/GenASM.scala	True	True	True	True
3931	lrytz	2014-08-19 19:28:57	gkossakowski	2014-08-26 12:06:20	src/compiler/scala/tools/nsc/backend/jvm/CoreBTypes.scala	True	True	True	True
3931	lrytz	2014-08-19 19:28:57	gkossakowski	2014-08-26 12:06:20	src/compiler/scala/tools/nsc/transform/LambdaLift.scala	True	True	True	True
3931	lrytz	2014-08-19 19:28:57	gkossakowski	2014-08-26 11:56:57	src/compiler/scala/tools/nsc/backend/jvm/BCodeTypes.scala	True	True	True	True
3931	lrytz	2014-08-19 19:28:57	gkossakowski	2014-08-26 11:56:57	src/compiler/scala/tools/nsc/backend/jvm/CoreBTypes.scala	True	True	True	True
3931	lrytz	2014-08-19 19:28:57	gkossakowski	2014-08-26 11:56:57	test/junit/scala/tools/nsc/backend/jvm/BTypesTest.scala	True	True	True	True
3931	lrytz	2014-08-19 19:28:57	gkossakowski	2014-08-26 11:56:57	src/compiler/scala/tools/nsc/transform/Delambdafy.scala	True	True	True	True
3931	lrytz	2014-08-19 19:28:57	gkossakowski	2014-08-26 11:56:57	src/compiler/scala/tools/nsc/backend/jvm/BCodeAsmCommon.scala	True	True	True	True
3931	lrytz	2014-08-19 19:28:57	gkossakowski	2014-08-26 11:56:57	src/compiler/scala/tools/nsc/backend/jvm/GenASM.scala	True	True	True	True
3931	lrytz	2014-08-19 19:28:57	gkossakowski	2014-08-26 11:56:57	src/compiler/scala/tools/nsc/transform/Erasure.scala	True	True	True	True
3931	lrytz	2014-08-19 19:28:57	gkossakowski	2014-08-26 11:56:57	src/compiler/scala/tools/nsc/transform/LambdaLift.scala	True	True	True	True
3931	lrytz	2014-08-19 19:28:57	gkossakowski	2014-08-26 11:56:57	src/interactive/scala/tools/nsc/interactive/Global.scala	True	True	True	True
3931	lrytz	2014-08-19 19:28:57	gkossakowski	2014-08-26 11:56:57	src/reflect/scala/reflect/internal/Symbols.scala	True	True	True	True
3931	lrytz	2014-08-19 19:28:57	gkossakowski	2014-08-26 11:56:57	src/reflect/scala/reflect/runtime/JavaMirrors.scala	True	True	True	True
3931	lrytz	2014-08-19 19:28:57	gkossakowski	2014-08-26 11:56:57	test/files/jvm/innerClassAttribute/Classes_1.scala	True	True	True	True
3931	lrytz	2014-08-19 19:28:57	gkossakowski	2014-08-26 11:56:57	test/files/jvm/innerClassAttribute/Java_A_1.java	True	True	True	True
3931	lrytz	2014-08-19 19:28:57	gkossakowski	2014-08-26 11:56:57	test/files/jvm/innerClassAttribute/Test.scala	True	True	True	True
3931	lrytz	2014-08-19 19:28:57	gkossakowski	2014-08-26 11:56:57	test/files/jvm/javaReflection.check	True	True	True	True
3931	lrytz	2014-08-19 19:28:57	gkossakowski	2014-08-26 11:56:57	test/files/jvm/javaReflection/Classes_1.scala	True	True	True	True
3931	lrytz	2014-08-19 19:28:57	gkossakowski	2014-08-26 11:56:57	test/files/jvm/javaReflection/Test.scala	True	True	True	True
3931	lrytz	2014-08-19 19:28:57	gkossakowski	2014-08-26 11:56:57	test/files/run/t5256c.check	True	True	True	True
3931	lrytz	2014-08-19 19:28:57	gkossakowski	2014-08-26 11:56:57	versions.properties	True	True	True	True
3931	lrytz	2014-08-19 19:28:57	gkossakowski	2014-08-26 11:56:57	src/compiler/scala/tools/nsc/backend/jvm/BCodeSyncAndTry.scala	True	True	True	True
3931	lrytz	2014-08-19 19:28:57	gkossakowski	2014-08-26 11:56:57	src/compiler/scala/tools/nsc/backend/jvm/BTypes.scala	True	True	True	True
3931	lrytz	2014-08-19 19:28:57	gkossakowski	2014-08-26 11:56:57	test/files/jvm/innerClassAttribute.check	True	True	True	True
3931	lrytz	2014-08-19 19:28:57	gkossakowski	2014-08-26 11:56:57	src/compiler/scala/tools/nsc/backend/jvm/BCodeIdiomatic.scala	True	True	True	True
3931	lrytz	2014-08-19 19:28:57	gkossakowski	2014-08-26 12:06:20	test/files/jvm/javaReflection/Classes_1.scala	True	True	True	True
3931	lrytz	2014-08-19 19:28:57	gkossakowski	2014-08-26 11:56:57	src/compiler/scala/tools/nsc/backend/jvm/BCodeBodyBuilder.scala	True	True	True	True
3931	lrytz	2014-08-19 19:28:57	gkossakowski	2014-08-26 12:06:20	src/reflect/scala/reflect/internal/Symbols.scala	True	True	True	True
3931	lrytz	2014-08-19 19:28:57	gkossakowski	2014-08-26 12:06:20	src/reflect/scala/reflect/runtime/JavaMirrors.scala	True	True	True	True
3931	lrytz	2014-08-19 19:28:57	gkossakowski	2014-08-26 12:06:20	test/files/jvm/innerClassAttribute.check	True	True	True	True
3931	lrytz	2014-08-19 19:28:57	gkossakowski	2014-08-26 12:06:20	src/interactive/scala/tools/nsc/interactive/Global.scala	True	True	True	True
3931	lrytz	2014-08-19 19:28:57	gkossakowski	2014-08-26 12:06:20	test/files/jvm/innerClassAttribute/Classes_1.scala	True	True	True	True
3931	lrytz	2014-08-19 19:28:57	gkossakowski	2014-08-26 12:06:20	test/files/jvm/innerClassAttribute/Java_A_1.java	True	True	True	True
3931	lrytz	2014-08-19 19:28:57	gkossakowski	2014-08-26 12:06:20	test/files/jvm/javaReflection.check	True	True	True	True
3931	lrytz	2014-08-19 19:28:57	gkossakowski	2014-08-26 12:06:20	test/files/jvm/innerClassAttribute/Test.scala	True	True	True	True
3931	lrytz	2014-08-19 19:28:57	gkossakowski	2014-08-26 11:56:57	src/compiler/scala/tools/nsc/backend/jvm/BTypesFromSymbols.scala	True	True	True	True
3931	lrytz	2014-08-19 19:28:57	gkossakowski	2014-08-26 12:06:20	test/files/run/t5256c.check	True	True	True	True
3931	lrytz	2014-08-19 19:28:57	gkossakowski	2014-08-26 12:06:20	versions.properties	True	True	True	True
3931	lrytz	2014-08-19 19:28:57	gkossakowski	2014-08-26 12:06:20	src/compiler/scala/tools/nsc/backend/jvm/BCodeSyncAndTry.scala	True	True	True	True
3931	lrytz	2014-08-19 19:28:57	gkossakowski	2014-08-26 11:56:57	src/compiler/scala/tools/nsc/backend/jvm/BCodeHelpers.scala	True	True	True	True
3931	lrytz	2014-08-19 19:28:57	gkossakowski	2014-08-26 11:56:57	src/compiler/scala/tools/nsc/backend/jvm/BCodeSkelBuilder.scala	True	True	True	True
3931	lrytz	2014-08-19 19:28:57	gkossakowski	2014-08-26 12:06:20	test/files/jvm/javaReflection/Test.scala	True	True	True	True
3931	lrytz	2014-08-19 19:28:57	gkossakowski	2014-08-26 11:56:57	src/compiler/scala/tools/nsc/Global.scala	True	True	True	True
3931	lrytz	2014-08-19 19:28:57	gkossakowski	2014-08-26 11:56:57	src/compiler/scala/tools/nsc/backend/jvm/GenBCode.scala	True	True	True	True
3923	som-snytt	2014-08-09 06:29:43	Ichoran	2014-08-12 03:42:11	src/library/scala/util/matching/Regex.scala	True	True	True	True
3923	som-snytt	2014-08-09 06:29:43	Ichoran	2014-08-12 03:42:11	src/library/scala/util/matching/Regex.scala	False	True	True	True
3923	som-snytt	2014-08-09 06:29:43	Ichoran	2014-08-12 03:42:11	test/junit/scala/util/matching/RegexTest.scala	True	True	True	True
3923	som-snytt	2014-08-09 06:29:43	Ichoran	2014-08-12 03:36:27	src/library/scala/util/matching/Regex.scala	True	True	True	True
3923	som-snytt	2014-08-09 06:29:43	Ichoran	2014-08-12 03:36:27	src/library/scala/util/matching/Regex.scala	False	True	True	True
3923	som-snytt	2014-08-09 06:29:43	Ichoran	2014-08-12 03:36:27	test/junit/scala/util/matching/RegexTest.scala	True	True	True	True
3923	som-snytt	2014-08-09 06:29:43	Ichoran	2014-08-12 03:51:08	test/junit/scala/util/matching/RegexTest.scala	True	True	True	True
3923	som-snytt	2014-08-09 06:29:43	Ichoran	2014-08-12 03:51:08	src/library/scala/util/matching/Regex.scala	True	True	True	True
3923	som-snytt	2014-08-09 06:29:43	Ichoran	2014-08-12 03:45:02	test/junit/scala/util/matching/RegexTest.scala	True	True	True	True
3923	som-snytt	2014-08-09 06:29:43	Ichoran	2014-08-12 03:51:08	src/library/scala/util/matching/Regex.scala	False	True	True	True
3923	som-snytt	2014-08-09 06:29:43	Ichoran	2014-08-12 03:49:25	src/library/scala/util/matching/Regex.scala	True	True	True	True
3923	som-snytt	2014-08-09 06:29:43	Ichoran	2014-08-12 03:49:25	test/junit/scala/util/matching/RegexTest.scala	True	True	True	True
3923	som-snytt	2014-08-09 06:29:43	Ichoran	2014-08-12 03:49:25	src/library/scala/util/matching/Regex.scala	False	True	True	True
3923	som-snytt	2014-08-09 06:29:43	Ichoran	2014-08-12 03:45:02	src/library/scala/util/matching/Regex.scala	True	True	True	True
3923	som-snytt	2014-08-09 06:29:43	Ichoran	2014-08-12 03:45:02	src/library/scala/util/matching/Regex.scala	False	True	True	True
3920	rubyu	2014-08-07 08:08:24	gkossakowski	2014-08-19 09:36:04	test/files/run/t7350.scala	True	True	True	True
3920	rubyu	2014-08-07 08:08:24	gkossakowski	2014-08-19 09:36:04	test/files/run/t7350.check	True	True	True	True
3920	rubyu	2014-08-07 08:08:24	gkossakowski	2014-08-19 09:36:04	src/library/scala/sys/process/package.scala	True	True	True	True
3920	rubyu	2014-08-07 08:08:24	gkossakowski	2014-08-19 09:36:04	src/library/scala/sys/process/ProcessImpl.scala	True	True	True	True
3920	rubyu	2014-08-07 08:08:24	gkossakowski	2014-08-19 09:36:04	src/library/scala/sys/process/BasicIO.scala	True	True	True	True
3920	rubyu	2014-08-07 08:08:24	gkossakowski	2014-08-19 09:36:04	test/junit/scala/sys/process/t7350.scala	False	True	True	True
3920	rubyu	2014-08-07 08:08:24	gkossakowski	2014-08-19 09:36:04	test/files/run/t7350.scala	False	True	True	True
3920	rubyu	2014-08-07 08:08:24	gkossakowski	2014-08-19 09:36:04	test/files/run/t7350.check	False	True	True	True
3916	retronym	2014-08-06 00:07:33	xeno-by	2014-08-06 11:01:45	test/files/pos/t8781/Macro_1.scala	True	True	True	True
3916	retronym	2014-08-06 00:07:33	xeno-by	2014-08-06 11:01:45	src/compiler/scala/tools/nsc/typechecker/Macros.scala	True	True	True	True
3916	retronym	2014-08-06 00:07:33	xeno-by	2014-08-06 11:01:45	test/files/pos/t8781/Test_2.scala	True	True	True	True
3916	retronym	2014-08-06 00:07:33	xeno-by	2014-08-06 11:01:45	test/files/pos/t8781/Test_2.flags	True	True	True	True
3912	hatahet	2014-08-04 09:36:57	lrytz	2014-08-12 13:01:09	src/library/scala/math/Numeric.scala	True	True	True	True
3912	hatahet	2014-08-04 09:36:57	lrytz	2014-08-12 13:02:01	src/library/scala/compat/Platform.scala	True	True	True	True
3912	hatahet	2014-08-04 09:36:57	lrytz	2014-08-12 13:02:01	src/library/scala/collection/generic/TraversableFactory.scala	True	True	True	True
3912	hatahet	2014-08-04 09:36:57	lrytz	2014-08-12 13:02:01	src/library/scala/collection/generic/SetFactory.scala	True	True	True	True
3912	hatahet	2014-08-04 09:36:57	lrytz	2014-08-12 13:02:01	src/library/scala/collection/generic/SeqFactory.scala	True	True	True	True
3912	hatahet	2014-08-04 09:36:57	lrytz	2014-08-12 13:02:01	src/library/scala/collection/generic/ParSetFactory.scala	True	True	True	True
3912	hatahet	2014-08-04 09:36:57	lrytz	2014-08-12 13:02:01	src/library/scala/collection/generic/ParMapFactory.scala	True	True	True	True
3912	hatahet	2014-08-04 09:36:57	lrytz	2014-08-12 13:02:01	src/library/scala/collection/generic/ParFactory.scala	True	True	True	True
3912	hatahet	2014-08-04 09:36:57	lrytz	2014-08-12 13:02:01	src/library/scala/collection/generic/MapFactory.scala	True	True	True	True
3912	hatahet	2014-08-04 09:36:57	lrytz	2014-08-12 13:02:01	src/library/scala/collection/generic/BitSetFactory.scala	True	True	True	True
3912	hatahet	2014-08-04 09:36:57	lrytz	2014-08-12 13:01:09	src/repl/scala/tools/nsc/MainGenericRunner.scala	True	True	True	True
3912	hatahet	2014-08-04 09:36:57	lrytz	2014-08-12 13:01:09	src/library/scala/util/Sorting.scala	True	True	True	True
3912	hatahet	2014-08-04 09:36:57	lrytz	2014-08-12 13:01:09	src/library/scala/util/Random.scala	True	True	True	True
3912	hatahet	2014-08-04 09:36:57	lrytz	2014-08-12 13:01:09	src/library/scala/math/ScalaNumericConversions.scala	True	True	True	True
3912	hatahet	2014-08-04 09:36:57	lrytz	2014-08-12 13:01:09	src/library/scala/math/Ordering.scala	True	True	True	True
3912	hatahet	2014-08-04 09:36:57	lrytz	2014-08-12 13:01:09	src/library/scala/math/BigInt.scala	True	True	True	True
3912	hatahet	2014-08-04 09:36:57	lrytz	2014-08-12 12:57:47	src/repl/scala/tools/nsc/MainGenericRunner.scala	True	True	True	True
3912	hatahet	2014-08-04 09:36:57	lrytz	2014-08-12 13:01:09	src/library/scala/math/BigDecimal.scala	True	True	True	True
3912	hatahet	2014-08-04 09:36:57	lrytz	2014-08-12 13:01:09	src/library/scala/io/Source.scala	True	True	True	True
3912	hatahet	2014-08-04 09:36:57	lrytz	2014-08-12 13:01:09	src/library/scala/io/Position.scala	True	True	True	True
3912	hatahet	2014-08-04 09:36:57	lrytz	2014-08-12 13:01:09	src/library/scala/concurrent/duration/Duration.scala	True	True	True	True
3912	hatahet	2014-08-04 09:36:57	lrytz	2014-08-12 13:01:09	src/library/scala/concurrent/Future.scala	True	True	True	True
3912	hatahet	2014-08-04 09:36:57	lrytz	2014-08-12 13:01:09	src/library/scala/concurrent/ExecutionContext.scala	True	True	True	True
3912	hatahet	2014-08-04 09:36:57	lrytz	2014-08-12 13:01:09	src/library/scala/compat/Platform.scala	True	True	True	True
3912	hatahet	2014-08-04 09:36:57	lrytz	2014-08-12 13:01:09	src/library/scala/collection/generic/TraversableFactory.scala	True	True	True	True
3912	hatahet	2014-08-04 09:36:57	lrytz	2014-08-12 13:01:09	src/library/scala/collection/generic/SetFactory.scala	True	True	True	True
3912	hatahet	2014-08-04 09:36:57	lrytz	2014-08-12 13:01:09	src/library/scala/collection/generic/SeqFactory.scala	True	True	True	True
3912	hatahet	2014-08-04 09:36:57	lrytz	2014-08-12 13:01:09	src/library/scala/collection/generic/ParSetFactory.scala	True	True	True	True
3912	hatahet	2014-08-04 09:36:57	lrytz	2014-08-12 13:01:09	src/library/scala/collection/generic/ParMapFactory.scala	True	True	True	True
3912	hatahet	2014-08-04 09:36:57	lrytz	2014-08-12 13:01:09	src/library/scala/collection/generic/ParFactory.scala	True	True	True	True
3912	hatahet	2014-08-04 09:36:57	lrytz	2014-08-12 13:01:09	src/library/scala/collection/generic/MapFactory.scala	True	True	True	True
3912	hatahet	2014-08-04 09:36:57	lrytz	2014-08-12 13:02:01	src/library/scala/concurrent/ExecutionContext.scala	True	True	True	True
3912	hatahet	2014-08-04 09:36:57	lrytz	2014-08-12 13:02:01	src/library/scala/concurrent/Future.scala	True	True	True	True
3912	hatahet	2014-08-04 09:36:57	Ichoran	2014-08-12 20:05:46	src/library/scala/util/Random.scala	True	True	True	True
3912	hatahet	2014-08-04 09:36:57	lrytz	2014-08-12 13:02:01	src/library/scala/concurrent/duration/Duration.scala	True	True	True	True
3912	hatahet	2014-08-04 09:36:57	Ichoran	2014-08-12 20:05:46	src/library/scala/math/ScalaNumericConversions.scala	True	True	True	True
3912	hatahet	2014-08-04 09:36:57	Ichoran	2014-08-12 20:05:46	src/library/scala/math/Ordering.scala	True	True	True	True
3912	hatahet	2014-08-04 09:36:57	Ichoran	2014-08-12 20:05:46	src/library/scala/math/Numeric.scala	True	True	True	True
3912	hatahet	2014-08-04 09:36:57	Ichoran	2014-08-12 20:05:46	src/library/scala/math/BigInt.scala	True	True	True	True
3912	hatahet	2014-08-04 09:36:57	Ichoran	2014-08-12 20:05:46	src/library/scala/math/BigDecimal.scala	True	True	True	True
3912	hatahet	2014-08-04 09:36:57	Ichoran	2014-08-12 20:05:46	src/library/scala/io/Source.scala	True	True	True	True
3912	hatahet	2014-08-04 09:36:57	Ichoran	2014-08-12 20:05:46	src/library/scala/io/Position.scala	True	True	True	True
3912	hatahet	2014-08-04 09:36:57	Ichoran	2014-08-12 20:05:46	src/library/scala/concurrent/duration/Duration.scala	True	True	True	True
3912	hatahet	2014-08-04 09:36:57	Ichoran	2014-08-12 20:05:46	src/library/scala/concurrent/Future.scala	True	True	True	True
3912	hatahet	2014-08-04 09:36:57	Ichoran	2014-08-12 20:05:46	src/library/scala/concurrent/ExecutionContext.scala	True	True	True	True
3912	hatahet	2014-08-04 09:36:57	Ichoran	2014-08-12 20:05:46	src/library/scala/compat/Platform.scala	True	True	True	True
3912	hatahet	2014-08-04 09:36:57	Ichoran	2014-08-12 20:05:46	src/library/scala/collection/generic/TraversableFactory.scala	True	True	True	True
3912	hatahet	2014-08-04 09:36:57	Ichoran	2014-08-12 20:05:46	src/library/scala/collection/generic/SetFactory.scala	True	True	True	True
3912	hatahet	2014-08-04 09:36:57	Ichoran	2014-08-12 20:05:46	src/library/scala/collection/generic/SeqFactory.scala	True	True	True	True
3912	hatahet	2014-08-04 09:36:57	Ichoran	2014-08-12 20:05:46	src/library/scala/collection/generic/ParSetFactory.scala	True	True	True	True
3912	hatahet	2014-08-04 09:36:57	Ichoran	2014-08-12 20:05:46	src/library/scala/collection/generic/ParMapFactory.scala	True	True	True	True
3912	hatahet	2014-08-04 09:36:57	Ichoran	2014-08-12 20:05:46	src/library/scala/collection/generic/ParFactory.scala	True	True	True	True
3912	hatahet	2014-08-04 09:36:57	Ichoran	2014-08-12 20:05:46	src/library/scala/collection/generic/MapFactory.scala	True	True	True	True
3912	hatahet	2014-08-04 09:36:57	Ichoran	2014-08-12 20:05:46	src/library/scala/collection/generic/BitSetFactory.scala	True	True	True	True
3912	hatahet	2014-08-04 09:36:57	lrytz	2014-08-12 13:02:01	src/repl/scala/tools/nsc/MainGenericRunner.scala	True	True	True	True
3912	hatahet	2014-08-04 09:36:57	lrytz	2014-08-12 13:02:01	src/library/scala/util/Sorting.scala	True	True	True	True
3912	hatahet	2014-08-04 09:36:57	lrytz	2014-08-12 13:02:01	src/library/scala/util/Random.scala	True	True	True	True
3912	hatahet	2014-08-04 09:36:57	lrytz	2014-08-12 13:02:01	src/library/scala/math/ScalaNumericConversions.scala	True	True	True	True
3912	hatahet	2014-08-04 09:36:57	lrytz	2014-08-12 13:02:01	src/library/scala/math/Ordering.scala	True	True	True	True
3912	hatahet	2014-08-04 09:36:57	lrytz	2014-08-12 13:02:01	src/library/scala/math/Numeric.scala	True	True	True	True
3912	hatahet	2014-08-04 09:36:57	lrytz	2014-08-12 13:02:01	src/library/scala/math/BigInt.scala	True	True	True	True
3912	hatahet	2014-08-04 09:36:57	lrytz	2014-08-12 13:02:01	src/library/scala/math/BigDecimal.scala	True	True	True	True
3912	hatahet	2014-08-04 09:36:57	lrytz	2014-08-12 13:02:01	src/library/scala/io/Source.scala	True	True	True	True
3912	hatahet	2014-08-04 09:36:57	lrytz	2014-08-12 13:02:01	src/library/scala/io/Position.scala	True	True	True	True
3912	hatahet	2014-08-04 09:36:57	lrytz	2014-08-12 13:01:09	src/library/scala/collection/generic/BitSetFactory.scala	True	True	True	True
3912	hatahet	2014-08-04 09:36:57	lrytz	2014-08-12 13:00:41	src/library/scala/concurrent/ExecutionContext.scala	True	True	True	True
3912	hatahet	2014-08-04 09:36:57	lrytz	2014-08-12 12:57:47	src/library/scala/util/Sorting.scala	True	True	True	True
3912	hatahet	2014-08-04 09:36:57	lrytz	2014-08-12 13:00:52	src/library/scala/math/BigInt.scala	True	True	True	True
3912	hatahet	2014-08-04 09:36:57	lrytz	2014-08-12 13:00:41	src/library/scala/collection/generic/TraversableFactory.scala	True	True	True	True
3912	hatahet	2014-08-04 09:36:57	lrytz	2014-08-12 13:00:41	src/library/scala/collection/generic/SetFactory.scala	True	True	True	True
3912	hatahet	2014-08-04 09:36:57	lrytz	2014-08-12 13:00:41	src/library/scala/collection/generic/SeqFactory.scala	True	True	True	True
3912	hatahet	2014-08-04 09:36:57	lrytz	2014-08-12 13:00:41	src/library/scala/collection/generic/ParSetFactory.scala	True	True	True	True
3912	hatahet	2014-08-04 09:36:57	lrytz	2014-08-12 13:00:41	src/library/scala/collection/generic/ParMapFactory.scala	True	True	True	True
3912	hatahet	2014-08-04 09:36:57	lrytz	2014-08-12 13:00:41	src/library/scala/collection/generic/ParFactory.scala	True	True	True	True
3912	hatahet	2014-08-04 09:36:57	lrytz	2014-08-12 13:00:41	src/library/scala/collection/generic/MapFactory.scala	True	True	True	True
3912	hatahet	2014-08-04 09:36:57	lrytz	2014-08-12 13:00:41	src/library/scala/collection/generic/BitSetFactory.scala	True	True	True	True
3912	hatahet	2014-08-04 09:36:57	lrytz	2014-08-12 13:00:52	src/repl/scala/tools/nsc/MainGenericRunner.scala	True	True	True	True
3912	hatahet	2014-08-04 09:36:57	lrytz	2014-08-12 13:00:52	src/library/scala/util/Sorting.scala	True	True	True	True
3912	hatahet	2014-08-04 09:36:57	lrytz	2014-08-12 13:00:52	src/library/scala/util/Random.scala	True	True	True	True
3912	hatahet	2014-08-04 09:36:57	lrytz	2014-08-12 13:00:52	src/library/scala/math/ScalaNumericConversions.scala	True	True	True	True
3912	hatahet	2014-08-04 09:36:57	lrytz	2014-08-12 13:00:52	src/library/scala/math/Ordering.scala	True	True	True	True
3912	hatahet	2014-08-04 09:36:57	lrytz	2014-08-12 13:00:52	src/library/scala/math/Numeric.scala	True	True	True	True
3912	hatahet	2014-08-04 09:36:57	lrytz	2014-08-12 13:00:52	src/library/scala/math/BigDecimal.scala	True	True	True	True
3912	hatahet	2014-08-04 09:36:57	lrytz	2014-08-12 12:57:47	src/library/scala/util/Random.scala	True	True	True	True
3912	hatahet	2014-08-04 09:36:57	lrytz	2014-08-12 13:00:52	src/library/scala/io/Source.scala	True	True	True	True
3912	hatahet	2014-08-04 09:36:57	lrytz	2014-08-12 13:00:52	src/library/scala/io/Position.scala	True	True	True	True
3912	hatahet	2014-08-04 09:36:57	lrytz	2014-08-12 13:00:52	src/library/scala/concurrent/duration/Duration.scala	True	True	True	True
3912	hatahet	2014-08-04 09:36:57	lrytz	2014-08-12 13:00:52	src/library/scala/concurrent/Future.scala	True	True	True	True
3912	hatahet	2014-08-04 09:36:57	lrytz	2014-08-12 13:00:52	src/library/scala/concurrent/ExecutionContext.scala	True	True	True	True
3912	hatahet	2014-08-04 09:36:57	lrytz	2014-08-12 13:00:52	src/library/scala/compat/Platform.scala	True	True	True	True
3912	hatahet	2014-08-04 09:36:57	lrytz	2014-08-12 13:00:52	src/library/scala/collection/generic/TraversableFactory.scala	True	True	True	True
3912	hatahet	2014-08-04 09:36:57	lrytz	2014-08-12 13:00:52	src/library/scala/collection/generic/SetFactory.scala	True	True	True	True
3912	hatahet	2014-08-04 09:36:57	lrytz	2014-08-12 13:00:52	src/library/scala/collection/generic/SeqFactory.scala	True	True	True	True
3912	hatahet	2014-08-04 09:36:57	lrytz	2014-08-12 13:00:52	src/library/scala/collection/generic/ParSetFactory.scala	True	True	True	True
3912	hatahet	2014-08-04 09:36:57	lrytz	2014-08-12 13:00:52	src/library/scala/collection/generic/ParMapFactory.scala	True	True	True	True
3912	hatahet	2014-08-04 09:36:57	lrytz	2014-08-12 13:00:52	src/library/scala/collection/generic/ParFactory.scala	True	True	True	True
3912	hatahet	2014-08-04 09:36:57	lrytz	2014-08-12 13:00:52	src/library/scala/collection/generic/MapFactory.scala	True	True	True	True
3912	hatahet	2014-08-04 09:36:57	Ichoran	2014-08-12 20:05:46	src/repl/scala/tools/nsc/MainGenericRunner.scala	True	True	True	True
3912	hatahet	2014-08-04 09:36:57	lrytz	2014-08-12 13:00:41	src/library/scala/compat/Platform.scala	True	True	True	True
3912	hatahet	2014-08-04 09:36:57	lrytz	2014-08-12 13:00:41	src/library/scala/concurrent/Future.scala	True	True	True	True
3912	hatahet	2014-08-04 09:36:57	lrytz	2014-08-12 13:00:41	src/library/scala/concurrent/duration/Duration.scala	True	True	True	True
3912	hatahet	2014-08-04 09:36:57	lrytz	2014-08-12 13:00:41	src/library/scala/io/Position.scala	True	True	True	True
3912	hatahet	2014-08-04 09:36:57	lrytz	2014-08-12 12:57:47	src/library/scala/math/ScalaNumericConversions.scala	True	True	True	True
3912	hatahet	2014-08-04 09:36:57	lrytz	2014-08-12 12:57:47	src/library/scala/math/Ordering.scala	True	True	True	True
3912	hatahet	2014-08-04 09:36:57	lrytz	2014-08-12 12:57:47	src/library/scala/math/Numeric.scala	True	True	True	True
3912	hatahet	2014-08-04 09:36:57	lrytz	2014-08-12 12:57:47	src/library/scala/math/BigInt.scala	True	True	True	True
3912	hatahet	2014-08-04 09:36:57	lrytz	2014-08-12 12:57:47	src/library/scala/math/BigDecimal.scala	True	True	True	True
3912	hatahet	2014-08-04 09:36:57	lrytz	2014-08-12 12:57:47	src/library/scala/io/Source.scala	True	True	True	True
3912	hatahet	2014-08-04 09:36:57	lrytz	2014-08-12 12:57:47	src/library/scala/io/Position.scala	True	True	True	True
3912	hatahet	2014-08-04 09:36:57	lrytz	2014-08-12 12:57:47	src/library/scala/concurrent/duration/Duration.scala	True	True	True	True
3912	hatahet	2014-08-04 09:36:57	lrytz	2014-08-12 12:57:47	src/library/scala/concurrent/Future.scala	True	True	True	True
3912	hatahet	2014-08-04 09:36:57	lrytz	2014-08-12 13:00:52	src/library/scala/collection/generic/BitSetFactory.scala	True	True	True	True
3912	hatahet	2014-08-04 09:36:57	lrytz	2014-08-12 12:57:47	src/library/scala/concurrent/ExecutionContext.scala	True	True	True	True
3912	hatahet	2014-08-04 09:36:57	lrytz	2014-08-12 12:57:47	src/library/scala/compat/Platform.scala	True	True	True	True
3912	hatahet	2014-08-04 09:36:57	lrytz	2014-08-12 12:57:47	src/library/scala/collection/generic/TraversableFactory.scala	True	True	True	True
3912	hatahet	2014-08-04 09:36:57	lrytz	2014-08-12 12:57:47	src/library/scala/collection/generic/SetFactory.scala	True	True	True	True
3912	hatahet	2014-08-04 09:36:57	lrytz	2014-08-12 12:57:47	src/library/scala/collection/generic/SeqFactory.scala	True	True	True	True
3912	hatahet	2014-08-04 09:36:57	lrytz	2014-08-12 12:57:47	src/library/scala/collection/generic/ParSetFactory.scala	True	True	True	True
3912	hatahet	2014-08-04 09:36:57	lrytz	2014-08-12 12:57:47	src/library/scala/collection/generic/ParMapFactory.scala	True	True	True	True
3912	hatahet	2014-08-04 09:36:57	lrytz	2014-08-12 12:57:47	src/library/scala/collection/generic/ParFactory.scala	True	True	True	True
3912	hatahet	2014-08-04 09:36:57	lrytz	2014-08-12 12:57:47	src/library/scala/collection/generic/MapFactory.scala	True	True	True	True
3912	hatahet	2014-08-04 09:36:57	lrytz	2014-08-12 12:57:47	src/library/scala/collection/generic/BitSetFactory.scala	True	True	True	True
3912	hatahet	2014-08-04 09:36:57	lrytz	2014-08-12 13:00:41	src/repl/scala/tools/nsc/MainGenericRunner.scala	True	True	True	True
3912	hatahet	2014-08-04 09:36:57	lrytz	2014-08-12 13:00:41	src/library/scala/util/Sorting.scala	True	True	True	True
3912	hatahet	2014-08-04 09:36:57	lrytz	2014-08-12 13:00:41	src/library/scala/util/Random.scala	True	True	True	True
3912	hatahet	2014-08-04 09:36:57	lrytz	2014-08-12 13:00:41	src/library/scala/math/ScalaNumericConversions.scala	True	True	True	True
3912	hatahet	2014-08-04 09:36:57	lrytz	2014-08-12 13:00:41	src/library/scala/math/Ordering.scala	True	True	True	True
3912	hatahet	2014-08-04 09:36:57	lrytz	2014-08-12 13:00:41	src/library/scala/math/Numeric.scala	True	True	True	True
3912	hatahet	2014-08-04 09:36:57	lrytz	2014-08-12 13:00:41	src/library/scala/math/BigInt.scala	True	True	True	True
3912	hatahet	2014-08-04 09:36:57	lrytz	2014-08-12 13:00:41	src/library/scala/math/BigDecimal.scala	True	True	True	True
3912	hatahet	2014-08-04 09:36:57	lrytz	2014-08-12 13:00:41	src/library/scala/io/Source.scala	True	True	True	True
3912	hatahet	2014-08-04 09:36:57	Ichoran	2014-08-12 20:05:46	src/library/scala/util/Sorting.scala	True	True	True	True
3912	hatahet	2014-08-04 09:36:57	lrytz	2014-08-12 12:50:52	src/library/scala/io/Position.scala	True	True	True	True
3912	hatahet	2014-08-04 09:36:57	lrytz	2014-08-12 12:56:31	src/library/scala/collection/generic/BitSetFactory.scala	True	True	True	True
3912	hatahet	2014-08-04 09:36:57	lrytz	2014-08-12 12:50:52	src/library/scala/math/ScalaNumericConversions.scala	True	True	True	True
3912	hatahet	2014-08-04 09:36:57	lrytz	2014-08-12 12:51:48	src/library/scala/concurrent/Future.scala	True	True	True	True
3912	hatahet	2014-08-04 09:36:57	lrytz	2014-08-12 12:51:48	src/library/scala/concurrent/ExecutionContext.scala	True	True	True	True
3912	hatahet	2014-08-04 09:36:57	lrytz	2014-08-12 12:51:48	src/library/scala/compat/Platform.scala	True	True	True	True
3912	hatahet	2014-08-04 09:36:57	lrytz	2014-08-12 12:51:48	src/library/scala/collection/generic/TraversableFactory.scala	True	True	True	True
3912	hatahet	2014-08-04 09:36:57	lrytz	2014-08-12 12:51:48	src/library/scala/collection/generic/SetFactory.scala	True	True	True	True
3912	hatahet	2014-08-04 09:36:57	lrytz	2014-08-12 12:51:48	src/library/scala/collection/generic/SeqFactory.scala	True	True	True	True
3912	hatahet	2014-08-04 09:36:57	lrytz	2014-08-12 12:51:48	src/library/scala/collection/generic/ParSetFactory.scala	True	True	True	True
3912	hatahet	2014-08-04 09:36:57	lrytz	2014-08-12 12:51:48	src/library/scala/collection/generic/ParMapFactory.scala	True	True	True	True
3912	hatahet	2014-08-04 09:36:57	lrytz	2014-08-12 12:51:48	src/library/scala/collection/generic/ParFactory.scala	True	True	True	True
3912	hatahet	2014-08-04 09:36:57	lrytz	2014-08-12 12:51:48	src/library/scala/collection/generic/MapFactory.scala	True	True	True	True
3912	hatahet	2014-08-04 09:36:57	lrytz	2014-08-12 12:51:48	src/library/scala/collection/generic/BitSetFactory.scala	True	True	True	True
3912	hatahet	2014-08-04 09:36:57	lrytz	2014-08-12 12:50:52	src/repl/scala/tools/nsc/MainGenericRunner.scala	True	True	True	True
3912	hatahet	2014-08-04 09:36:57	lrytz	2014-08-12 12:50:52	src/library/scala/util/Sorting.scala	True	True	True	True
3912	hatahet	2014-08-04 09:36:57	lrytz	2014-08-12 12:50:52	src/library/scala/util/Random.scala	True	True	True	True
3912	hatahet	2014-08-04 09:36:57	lrytz	2014-08-12 12:50:52	src/library/scala/math/Ordering.scala	True	True	True	True
3912	hatahet	2014-08-04 09:36:57	lrytz	2014-08-12 12:50:52	src/library/scala/collection/generic/BitSetFactory.scala	True	True	True	True
3912	hatahet	2014-08-04 09:36:57	lrytz	2014-08-12 12:50:52	src/library/scala/math/Numeric.scala	True	True	True	True
3912	hatahet	2014-08-04 09:36:57	lrytz	2014-08-12 12:50:52	src/library/scala/math/BigInt.scala	True	True	True	True
3912	hatahet	2014-08-04 09:36:57	lrytz	2014-08-12 12:50:52	src/library/scala/math/BigDecimal.scala	True	True	True	True
3912	hatahet	2014-08-04 09:36:57	lrytz	2014-08-12 12:50:52	src/library/scala/io/Source.scala	True	True	True	True
3912	hatahet	2014-08-04 09:36:57	lrytz	2014-08-12 12:50:52	src/library/scala/concurrent/duration/Duration.scala	True	True	True	True
3912	hatahet	2014-08-04 09:36:57	lrytz	2014-08-12 12:50:52	src/library/scala/concurrent/Future.scala	True	True	True	True
3912	hatahet	2014-08-04 09:36:57	lrytz	2014-08-12 12:50:52	src/library/scala/concurrent/ExecutionContext.scala	True	True	True	True
3912	hatahet	2014-08-04 09:36:57	lrytz	2014-08-12 12:50:52	src/library/scala/compat/Platform.scala	True	True	True	True
3912	hatahet	2014-08-04 09:36:57	lrytz	2014-08-12 12:50:52	src/library/scala/collection/generic/TraversableFactory.scala	True	True	True	True
3912	hatahet	2014-08-04 09:36:57	lrytz	2014-08-12 12:50:52	src/library/scala/collection/generic/SetFactory.scala	True	True	True	True
3912	hatahet	2014-08-04 09:36:57	lrytz	2014-08-12 12:50:52	src/library/scala/collection/generic/SeqFactory.scala	True	True	True	True
3912	hatahet	2014-08-04 09:36:57	lrytz	2014-08-12 12:50:52	src/library/scala/collection/generic/ParSetFactory.scala	True	True	True	True
3912	hatahet	2014-08-04 09:36:57	lrytz	2014-08-12 12:50:52	src/library/scala/collection/generic/ParMapFactory.scala	True	True	True	True
3912	hatahet	2014-08-04 09:36:57	lrytz	2014-08-12 12:50:52	src/library/scala/collection/generic/ParFactory.scala	True	True	True	True
3912	hatahet	2014-08-04 09:36:57	lrytz	2014-08-12 12:51:48	src/library/scala/concurrent/duration/Duration.scala	True	True	True	True
3912	hatahet	2014-08-04 09:36:57	lrytz	2014-08-12 12:51:48	src/library/scala/io/Position.scala	True	True	True	True
3912	hatahet	2014-08-04 09:36:57	lrytz	2014-08-12 12:51:48	src/library/scala/io/Source.scala	True	True	True	True
3912	hatahet	2014-08-04 09:36:57	lrytz	2014-08-12 12:51:48	src/library/scala/math/BigDecimal.scala	True	True	True	True
3912	hatahet	2014-08-04 09:36:57	lrytz	2014-08-12 12:53:13	src/repl/scala/tools/nsc/MainGenericRunner.scala	True	True	True	True
3912	hatahet	2014-08-04 09:36:57	lrytz	2014-08-12 12:53:13	src/library/scala/util/Sorting.scala	True	True	True	True
3912	hatahet	2014-08-04 09:36:57	lrytz	2014-08-12 12:53:13	src/library/scala/util/Random.scala	True	True	True	True
3912	hatahet	2014-08-04 09:36:57	lrytz	2014-08-12 12:53:13	src/library/scala/math/ScalaNumericConversions.scala	True	True	True	True
3912	hatahet	2014-08-04 09:36:57	lrytz	2014-08-12 12:53:13	src/library/scala/math/Ordering.scala	True	True	True	True
3912	hatahet	2014-08-04 09:36:57	lrytz	2014-08-12 12:53:13	src/library/scala/math/Numeric.scala	True	True	True	True
3912	hatahet	2014-08-04 09:36:57	lrytz	2014-08-12 12:53:13	src/library/scala/math/BigInt.scala	True	True	True	True
3912	hatahet	2014-08-04 09:36:57	lrytz	2014-08-12 12:53:13	src/library/scala/math/BigDecimal.scala	True	True	True	True
3912	hatahet	2014-08-04 09:36:57	lrytz	2014-08-12 12:53:13	src/library/scala/io/Source.scala	True	True	True	True
3912	hatahet	2014-08-04 09:36:57	lrytz	2014-08-12 12:53:13	src/library/scala/io/Position.scala	True	True	True	True
3912	hatahet	2014-08-04 09:36:57	lrytz	2014-08-12 12:53:13	src/library/scala/concurrent/duration/Duration.scala	True	True	True	True
3912	hatahet	2014-08-04 09:36:57	lrytz	2014-08-12 12:53:13	src/library/scala/concurrent/Future.scala	True	True	True	True
3912	hatahet	2014-08-04 09:36:57	lrytz	2014-08-12 12:56:31	src/library/scala/collection/generic/MapFactory.scala	True	True	True	True
3912	hatahet	2014-08-04 09:36:57	lrytz	2014-08-12 12:53:13	src/library/scala/compat/Platform.scala	True	True	True	True
3912	hatahet	2014-08-04 09:36:57	lrytz	2014-08-12 12:53:13	src/library/scala/collection/generic/TraversableFactory.scala	True	True	True	True
3912	hatahet	2014-08-04 09:36:57	lrytz	2014-08-12 12:53:13	src/library/scala/collection/generic/SetFactory.scala	True	True	True	True
3912	hatahet	2014-08-04 09:36:57	lrytz	2014-08-12 12:53:13	src/library/scala/collection/generic/SeqFactory.scala	True	True	True	True
3912	hatahet	2014-08-04 09:36:57	lrytz	2014-08-12 12:53:13	src/library/scala/collection/generic/ParSetFactory.scala	True	True	True	True
3912	hatahet	2014-08-04 09:36:57	lrytz	2014-08-12 12:53:13	src/library/scala/collection/generic/ParMapFactory.scala	True	True	True	True
3912	hatahet	2014-08-04 09:36:57	lrytz	2014-08-12 12:53:13	src/library/scala/collection/generic/ParFactory.scala	True	True	True	True
3912	hatahet	2014-08-04 09:36:57	lrytz	2014-08-12 12:53:13	src/library/scala/collection/generic/MapFactory.scala	True	True	True	True
3912	hatahet	2014-08-04 09:36:57	lrytz	2014-08-12 12:53:13	src/library/scala/collection/generic/BitSetFactory.scala	True	True	True	True
3912	hatahet	2014-08-04 09:36:57	lrytz	2014-08-12 12:51:48	src/repl/scala/tools/nsc/MainGenericRunner.scala	True	True	True	True
3912	hatahet	2014-08-04 09:36:57	lrytz	2014-08-12 12:51:48	src/library/scala/util/Sorting.scala	True	True	True	True
3912	hatahet	2014-08-04 09:36:57	lrytz	2014-08-12 12:51:48	src/library/scala/util/Random.scala	True	True	True	True
3912	hatahet	2014-08-04 09:36:57	lrytz	2014-08-12 12:51:48	src/library/scala/math/ScalaNumericConversions.scala	True	True	True	True
3912	hatahet	2014-08-04 09:36:57	lrytz	2014-08-12 12:51:48	src/library/scala/math/Ordering.scala	True	True	True	True
3912	hatahet	2014-08-04 09:36:57	lrytz	2014-08-12 12:51:48	src/library/scala/math/Numeric.scala	True	True	True	True
3912	hatahet	2014-08-04 09:36:57	lrytz	2014-08-12 12:51:48	src/library/scala/math/BigInt.scala	True	True	True	True
3912	hatahet	2014-08-04 09:36:57	lrytz	2014-08-12 12:50:52	src/library/scala/collection/generic/MapFactory.scala	True	True	True	True
3912	hatahet	2014-08-04 09:36:57	lrytz	2014-08-12 12:53:13	src/library/scala/concurrent/ExecutionContext.scala	True	True	True	True
3912	hatahet	2014-08-04 09:36:57	lrytz	2014-08-12 12:51:25	src/repl/scala/tools/nsc/MainGenericRunner.scala	True	True	True	True
3912	hatahet	2014-08-04 09:36:57	lrytz	2014-08-12 12:51:40	src/library/scala/concurrent/Future.scala	True	True	True	True
3912	hatahet	2014-08-04 09:36:57	lrytz	2014-08-12 12:51:40	src/library/scala/compat/Platform.scala	True	True	True	True
3912	hatahet	2014-08-04 09:36:57	lrytz	2014-08-12 12:51:40	src/library/scala/collection/generic/TraversableFactory.scala	True	True	True	True
3912	hatahet	2014-08-04 09:36:57	lrytz	2014-08-12 12:51:40	src/library/scala/collection/generic/SetFactory.scala	True	True	True	True
3912	hatahet	2014-08-04 09:36:57	lrytz	2014-08-12 12:51:40	src/library/scala/collection/generic/SeqFactory.scala	True	True	True	True
3912	hatahet	2014-08-04 09:36:57	lrytz	2014-08-12 12:51:40	src/library/scala/collection/generic/ParSetFactory.scala	True	True	True	True
3912	hatahet	2014-08-04 09:36:57	lrytz	2014-08-12 12:51:40	src/library/scala/collection/generic/ParFactory.scala	True	True	True	True
3912	hatahet	2014-08-04 09:36:57	lrytz	2014-08-12 12:51:40	src/library/scala/collection/generic/MapFactory.scala	True	True	True	True
3912	hatahet	2014-08-04 09:36:57	lrytz	2014-08-12 12:51:40	src/library/scala/collection/generic/BitSetFactory.scala	True	True	True	True
3912	hatahet	2014-08-04 09:36:57	lrytz	2014-08-12 12:56:31	src/repl/scala/tools/nsc/MainGenericRunner.scala	True	True	True	True
3912	hatahet	2014-08-04 09:36:57	lrytz	2014-08-12 12:56:31	src/library/scala/util/Sorting.scala	True	True	True	True
3912	hatahet	2014-08-04 09:36:57	lrytz	2014-08-12 12:56:31	src/library/scala/util/Random.scala	True	True	True	True
3912	hatahet	2014-08-04 09:36:57	lrytz	2014-08-12 12:56:31	src/library/scala/math/ScalaNumericConversions.scala	True	True	True	True
3912	hatahet	2014-08-04 09:36:57	lrytz	2014-08-12 12:56:31	src/library/scala/math/Ordering.scala	True	True	True	True
3912	hatahet	2014-08-04 09:36:57	lrytz	2014-08-12 12:56:31	src/library/scala/math/Numeric.scala	True	True	True	True
3912	hatahet	2014-08-04 09:36:57	lrytz	2014-08-12 12:56:31	src/library/scala/math/BigInt.scala	True	True	True	True
3912	hatahet	2014-08-04 09:36:57	lrytz	2014-08-12 12:56:31	src/library/scala/math/BigDecimal.scala	True	True	True	True
3912	hatahet	2014-08-04 09:36:57	lrytz	2014-08-12 12:56:31	src/library/scala/io/Source.scala	True	True	True	True
3912	hatahet	2014-08-04 09:36:57	lrytz	2014-08-12 12:56:31	src/library/scala/io/Position.scala	True	True	True	True
3912	hatahet	2014-08-04 09:36:57	lrytz	2014-08-12 12:56:31	src/library/scala/concurrent/duration/Duration.scala	True	True	True	True
3912	hatahet	2014-08-04 09:36:57	lrytz	2014-08-12 12:56:31	src/library/scala/concurrent/Future.scala	True	True	True	True
3912	hatahet	2014-08-04 09:36:57	lrytz	2014-08-12 12:56:31	src/library/scala/concurrent/ExecutionContext.scala	True	True	True	True
3912	hatahet	2014-08-04 09:36:57	lrytz	2014-08-12 12:56:31	src/library/scala/compat/Platform.scala	True	True	True	True
3912	hatahet	2014-08-04 09:36:57	lrytz	2014-08-12 12:56:31	src/library/scala/collection/generic/TraversableFactory.scala	True	True	True	True
3912	hatahet	2014-08-04 09:36:57	lrytz	2014-08-12 12:56:31	src/library/scala/collection/generic/SetFactory.scala	True	True	True	True
3912	hatahet	2014-08-04 09:36:57	lrytz	2014-08-12 12:56:31	src/library/scala/collection/generic/SeqFactory.scala	True	True	True	True
3912	hatahet	2014-08-04 09:36:57	lrytz	2014-08-12 12:56:31	src/library/scala/collection/generic/ParSetFactory.scala	True	True	True	True
3912	hatahet	2014-08-04 09:36:57	lrytz	2014-08-12 12:56:31	src/library/scala/collection/generic/ParMapFactory.scala	True	True	True	True
3912	hatahet	2014-08-04 09:36:57	lrytz	2014-08-12 12:56:31	src/library/scala/collection/generic/ParFactory.scala	True	True	True	True
3912	hatahet	2014-08-04 09:36:57	lrytz	2014-08-12 12:51:25	src/library/scala/util/Sorting.scala	True	True	True	True
3912	hatahet	2014-08-04 09:36:57	lrytz	2014-08-12 12:51:40	src/library/scala/concurrent/ExecutionContext.scala	True	True	True	True
3912	hatahet	2014-08-04 09:36:57	lrytz	2014-08-12 12:51:40	src/library/scala/collection/generic/ParMapFactory.scala	True	True	True	True
3912	hatahet	2014-08-04 09:36:57	lrytz	2014-08-12 12:51:40	src/library/scala/concurrent/duration/Duration.scala	True	True	True	True
3912	hatahet	2014-08-04 09:36:57	lrytz	2014-08-12 12:51:25	src/library/scala/collection/generic/SeqFactory.scala	True	True	True	True
3912	hatahet	2014-08-04 09:36:57	lrytz	2014-08-12 12:51:25	src/library/scala/util/Random.scala	True	True	True	True
3912	hatahet	2014-08-04 09:36:57	lrytz	2014-08-12 12:51:25	src/library/scala/math/ScalaNumericConversions.scala	True	True	True	True
3912	hatahet	2014-08-04 09:36:57	lrytz	2014-08-12 12:51:25	src/library/scala/math/Ordering.scala	True	True	True	True
3912	hatahet	2014-08-04 09:36:57	lrytz	2014-08-12 12:51:25	src/library/scala/math/Numeric.scala	True	True	True	True
3912	hatahet	2014-08-04 09:36:57	lrytz	2014-08-12 12:51:25	src/library/scala/math/BigInt.scala	True	True	True	True
3912	hatahet	2014-08-04 09:36:57	lrytz	2014-08-12 12:51:25	src/library/scala/math/BigDecimal.scala	True	True	True	True
3912	hatahet	2014-08-04 09:36:57	lrytz	2014-08-12 12:51:25	src/library/scala/io/Source.scala	True	True	True	True
3912	hatahet	2014-08-04 09:36:57	lrytz	2014-08-12 12:51:25	src/library/scala/io/Position.scala	True	True	True	True
3912	hatahet	2014-08-04 09:36:57	lrytz	2014-08-12 12:51:40	src/library/scala/io/Position.scala	True	True	True	True
3912	hatahet	2014-08-04 09:36:57	lrytz	2014-08-12 12:51:25	src/library/scala/concurrent/Future.scala	True	True	True	True
3912	hatahet	2014-08-04 09:36:57	lrytz	2014-08-12 12:51:25	src/library/scala/concurrent/ExecutionContext.scala	True	True	True	True
3912	hatahet	2014-08-04 09:36:57	lrytz	2014-08-12 12:51:25	src/library/scala/compat/Platform.scala	True	True	True	True
3912	hatahet	2014-08-04 09:36:57	lrytz	2014-08-12 12:51:25	src/library/scala/collection/generic/TraversableFactory.scala	True	True	True	True
3912	hatahet	2014-08-04 09:36:57	lrytz	2014-08-12 12:51:25	src/library/scala/collection/generic/SetFactory.scala	True	True	True	True
3912	hatahet	2014-08-04 09:36:57	lrytz	2014-08-12 12:51:25	src/library/scala/concurrent/duration/Duration.scala	True	True	True	True
3912	hatahet	2014-08-04 09:36:57	lrytz	2014-08-12 12:51:25	src/library/scala/collection/generic/ParSetFactory.scala	True	True	True	True
3912	hatahet	2014-08-04 09:36:57	lrytz	2014-08-12 12:51:40	src/library/scala/io/Source.scala	True	True	True	True
3912	hatahet	2014-08-04 09:36:57	lrytz	2014-08-12 12:51:25	src/library/scala/collection/generic/ParMapFactory.scala	True	True	True	True
3912	hatahet	2014-08-04 09:36:57	lrytz	2014-08-12 12:51:40	src/library/scala/math/BigDecimal.scala	True	True	True	True
3912	hatahet	2014-08-04 09:36:57	lrytz	2014-08-12 12:51:40	src/library/scala/math/BigInt.scala	True	True	True	True
3912	hatahet	2014-08-04 09:36:57	lrytz	2014-08-12 12:51:40	src/library/scala/math/Numeric.scala	True	True	True	True
3912	hatahet	2014-08-04 09:36:57	lrytz	2014-08-12 12:51:40	src/library/scala/math/Ordering.scala	True	True	True	True
3912	hatahet	2014-08-04 09:36:57	lrytz	2014-08-12 12:51:40	src/library/scala/math/ScalaNumericConversions.scala	True	True	True	True
3912	hatahet	2014-08-04 09:36:57	lrytz	2014-08-12 12:51:40	src/library/scala/util/Random.scala	True	True	True	True
3912	hatahet	2014-08-04 09:36:57	lrytz	2014-08-12 12:51:40	src/library/scala/util/Sorting.scala	True	True	True	True
3912	hatahet	2014-08-04 09:36:57	lrytz	2014-08-12 12:51:40	src/repl/scala/tools/nsc/MainGenericRunner.scala	True	True	True	True
3912	hatahet	2014-08-04 09:36:57	lrytz	2014-08-12 12:51:25	src/library/scala/collection/generic/BitSetFactory.scala	True	True	True	True
3912	hatahet	2014-08-04 09:36:57	lrytz	2014-08-12 12:51:25	src/library/scala/collection/generic/MapFactory.scala	True	True	True	True
3912	hatahet	2014-08-04 09:36:57	lrytz	2014-08-12 12:51:25	src/library/scala/collection/generic/ParFactory.scala	True	True	True	True
3909	som-snytt	2014-08-03 15:44:27	xeno-by	2014-08-03 16:18:18	test/junit/scala/reflect/QTest.scala	False	True	True	True
3909	som-snytt	2014-08-03 15:44:27	xeno-by	2014-08-03 16:18:18	src/reflect/scala/reflect/api/Quasiquotes.scala	False	True	True	True
3909	som-snytt	2014-08-03 15:44:27	xeno-by	2014-08-03 16:18:18	test/files/pos/t8013.flags	False	True	True	True
3909	som-snytt	2014-08-03 15:44:27	xeno-by	2014-08-03 16:18:18	test/junit/scala/StringContextTest.scala	True	True	True	True
3909	som-snytt	2014-08-03 15:44:27	xeno-by	2014-08-03 16:18:18	src/library/scala/StringContext.scala	True	True	True	True
3909	som-snytt	2014-08-03 15:44:27	xeno-by	2014-08-03 16:18:18	test/files/neg/t7848-interp-warn.flags	True	True	True	True
