pr_number	author_user_login	pr_created_at	comment_user_login	comment_created_at	is_review_issue_comment
3951	pawel-wiejacha	2014-08-26 17:21:15	gourlaysama	2014-08-28 06:49:15	True
3951	pawel-wiejacha	2014-08-26 17:21:15	scala-jenkins	2014-08-28 06:52:28	True
3951	pawel-wiejacha	2014-08-26 17:21:15	gourlaysama	2014-08-28 08:13:55	True
3951	pawel-wiejacha	2014-08-26 17:21:15	scala-jenkins	2014-08-28 08:22:28	True
3951	pawel-wiejacha	2014-08-26 17:21:15	gkossakowski	2014-09-02 09:57:59	True
3951	pawel-wiejacha	2014-08-26 17:21:15	gkossakowski	2014-09-02 09:59:12	True
3951	pawel-wiejacha	2014-08-26 17:21:15	gourlaysama	2014-09-02 21:30:56	True
3951	pawel-wiejacha	2014-08-26 17:21:15	scala-jenkins	2014-09-03 06:02:51	True
3951	pawel-wiejacha	2014-08-26 17:21:15	gourlaysama	2014-09-03 05:58:59	True
3951	pawel-wiejacha	2014-08-26 17:21:15	gourlaysama	2014-09-03 07:29:37	True
3951	pawel-wiejacha	2014-08-26 17:21:15	gkossakowski	2014-09-02 21:59:09	True
3951	pawel-wiejacha	2014-08-26 17:21:15	gourlaysama	2014-09-02 21:30:50	True
3950	mlbileschi	2014-08-26 17:06:41	lrytz	2014-08-26 17:30:06	True
3950	mlbileschi	2014-08-26 17:06:41	lrytz	2014-08-26 17:23:53	True
3950	mlbileschi	2014-08-26 17:06:41	gkossakowski	2014-09-30 16:11:21	True
3950	mlbileschi	2014-08-26 17:06:41	gkossakowski	2014-09-09 09:35:32	True
3950	mlbileschi	2014-08-26 17:06:41	lrytz	2014-08-28 13:46:03	True
3950	mlbileschi	2014-08-26 17:06:41	adriaanm	2014-10-07 08:42:17	True
3939	lrytz	2014-08-22 13:05:23	som-snytt	2014-09-02 16:28:46	True
3939	lrytz	2014-08-22 13:05:23	scala-jenkins	2014-09-03 08:02:53	True
3939	lrytz	2014-08-22 13:05:23	skyluc	2014-09-03 12:15:17	True
3939	lrytz	2014-08-22 13:05:23	skyluc	2014-09-03 15:06:30	True
3939	lrytz	2014-08-22 13:05:23	skyluc	2014-09-03 13:40:53	True
3939	lrytz	2014-08-22 13:05:23	som-snytt	2014-09-03 16:47:33	True
3939	lrytz	2014-08-22 13:05:23	som-snytt	2014-09-03 20:25:09	True
3939	lrytz	2014-08-22 13:05:23	som-snytt	2014-08-22 15:11:56	True
3939	lrytz	2014-08-22 13:05:23	skyluc	2014-09-04 12:59:19	True
3939	lrytz	2014-08-22 13:05:23	som-snytt	2014-08-22 16:06:28	True
3939	lrytz	2014-08-22 13:05:23	som-snytt	2014-08-22 16:22:55	True
3939	lrytz	2014-08-22 13:05:23	som-snytt	2014-08-22 21:56:29	True
3939	lrytz	2014-08-22 13:05:23	som-snytt	2014-08-24 18:57:06	True
3939	lrytz	2014-08-22 13:05:23	som-snytt	2014-08-25 17:40:27	True
3939	lrytz	2014-08-22 13:05:23	skyluc	2014-09-05 09:03:20	True
3936	som-snytt	2014-08-20 17:29:13	gkossakowski	2014-09-09 09:13:26	True
3936	som-snytt	2014-08-20 17:29:13	retronym	2014-09-16 07:29:18	True
3934	teemulehtinen	2014-08-20 10:48:49	scala-jenkins	2014-09-25 13:54:14	True
3934	teemulehtinen	2014-08-20 10:48:49	scala-jenkins	2014-09-04 06:13:00	True
3934	teemulehtinen	2014-08-20 10:48:49	gkossakowski	2014-09-09 09:12:50	True
3934	teemulehtinen	2014-08-20 10:48:49	gkossakowski	2014-11-26 22:14:36	True
3934	teemulehtinen	2014-08-20 10:48:49	scala-jenkins	2014-09-10 13:23:21	True
3934	teemulehtinen	2014-08-20 10:48:49	scala-jenkins	2014-09-09 19:33:18	True
3934	teemulehtinen	2014-08-20 10:48:49	gourlaysama	2014-08-25 08:16:50	True
3934	teemulehtinen	2014-08-20 10:48:49	gourlaysama	2014-08-21 10:22:40	True
3934	teemulehtinen	2014-08-20 10:48:49	scala-jenkins	2014-08-22 07:32:09	True
3934	teemulehtinen	2014-08-20 10:48:49	gkossakowski	2014-10-06 15:59:39	True
3934	teemulehtinen	2014-08-20 10:48:49	gkossakowski	2014-10-09 09:27:44	True
3934	teemulehtinen	2014-08-20 10:48:49	gkossakowski	2014-09-30 15:56:58	True
3932	gourlaysama	2014-08-20 07:08:47	retronym	2014-08-21 07:45:19	True
3932	gourlaysama	2014-08-20 07:08:47	retronym	2014-09-04 01:41:29	True
3932	gourlaysama	2014-08-20 07:08:47	scala-jenkins	2014-08-20 16:22:03	True
3931	lrytz	2014-08-19 19:28:57	gkossakowski	2014-09-01 12:22:17	True
3931	lrytz	2014-08-19 19:28:57	gkossakowski	2014-09-01 15:49:39	True
3931	lrytz	2014-08-19 19:28:57	gkossakowski	2014-08-21 15:38:07	True
3923	som-snytt	2014-08-09 06:29:43	gkossakowski	2014-08-19 09:31:45	True
3923	som-snytt	2014-08-09 06:29:43	Ichoran	2014-08-19 20:12:18	True
3920	rubyu	2014-08-07 08:08:24	som-snytt	2014-08-19 17:26:06	True
3920	rubyu	2014-08-07 08:08:24	gkossakowski	2014-09-01 06:41:47	True
3920	rubyu	2014-08-07 08:08:24	gkossakowski	2014-08-19 09:41:50	True
3920	rubyu	2014-08-07 08:08:24	gkossakowski	2014-08-19 15:14:15	True
3920	rubyu	2014-08-07 08:08:24	Ichoran	2014-08-12 04:28:33	True
3916	retronym	2014-08-06 00:07:33	xeno-by	2014-08-06 10:59:43	True
3916	retronym	2014-08-06 00:07:33	xeno-by	2014-08-07 11:51:05	True
3912	hatahet	2014-08-04 09:36:57	lrytz	2014-08-13 06:04:17	True
3912	hatahet	2014-08-04 09:36:57	lrytz	2014-08-26 17:52:07	True
3912	hatahet	2014-08-04 09:36:57	Ichoran	2014-08-12 20:08:20	True
3909	som-snytt	2014-08-03 15:44:27	densh	2014-08-13 07:59:28	True
3909	som-snytt	2014-08-03 15:44:27	gkossakowski	2014-08-07 14:55:09	True
3909	som-snytt	2014-08-03 15:44:27	gkossakowski	2014-08-19 09:48:48	True
3909	som-snytt	2014-08-03 15:44:27	scala-jenkins	2014-08-07 15:01:19	True
3909	som-snytt	2014-08-03 15:44:27	scala-jenkins	2014-08-04 10:21:08	True
3909	som-snytt	2014-08-03 15:44:27	gourlaysama	2014-08-04 10:18:05	True
3909	som-snytt	2014-08-03 15:44:27	gourlaysama	2014-08-04 10:17:50	True
