pr_number	author_user_login	pr_created_at	comment_user_login	comment_created_at	is_review_issue_comment
236	mgrouchy	2012-07-28 02:56:30	claudep	2012-09-10 11:37:10	True
236	mgrouchy	2012-07-28 02:56:30	mjtamlyn	2012-09-10 07:50:19	True
222	kylemacfarlane	2012-07-21 02:34:22	timgraham	2013-07-26 17:17:19	True
222	kylemacfarlane	2012-07-21 02:34:22	dbrgn	2012-11-30 10:23:47	True
222	kylemacfarlane	2012-07-21 02:34:22	jphalip	2012-09-08 19:39:26	True
218		2012-07-18 12:13:41			False
215	mgrouchy	2012-07-17 00:48:19	alex	2012-07-17 16:57:38	True
215	mgrouchy	2012-07-17 00:48:19	dmedvinsky	2012-07-17 06:09:58	True
213		2012-07-16 21:55:27			False
210		2012-07-16 00:37:40			False
208	pydanny	2012-07-15 23:14:13	alex	2012-08-04 19:18:51	True
208	pydanny	2012-07-15 23:14:13	timgraham	2012-09-08 18:15:15	True
205	dittaeva	2012-07-14 17:44:40	akaariai	2012-07-31 08:43:48	True
205	dittaeva	2012-07-14 17:44:40	claudep	2012-08-02 17:01:37	True
205	dittaeva	2012-07-14 17:44:40	claudep	2012-08-03 07:28:46	True
195	mjtamlyn	2012-07-09 08:01:36	jezdez	2012-07-10 08:53:47	True
193	PiDelport	2012-07-08 09:38:49	aaugustin	2012-09-08 15:39:41	True
