pr_number	author_user_login	pr_created_at	commit_user_login	commit_created_at	commit_status_total	commit_status_additions	commit_status_deletions	create_before_pr	is_review_commit
95	crodjer	2012-05-28 19:50:23	crodjer	2012-06-25 02:27:08	31	13	18	False	True
95	crodjer	2012-05-28 19:50:23	crodjer	2012-07-08 09:32:45	14	7	7	False	True
95	crodjer	2012-05-28 19:50:23	crodjer	2012-06-11 15:01:04	39	26	13	False	True
95	crodjer	2012-05-28 19:50:23	crodjer	2012-07-08 12:31:43	6	5	1	False	True
95	crodjer	2012-05-28 19:50:23	crodjer	2012-07-08 09:38:22	53	27	26	False	True
95	crodjer	2012-05-28 19:50:23	crodjer	2012-06-11 14:40:27	114	53	61	False	True
95	crodjer	2012-05-28 19:50:23	crodjer	2012-05-27 19:07:18	41	40	1	True	True
95	crodjer	2012-05-28 19:50:23	crodjer	2012-05-26 15:29:12	2	0	2	True	True
95	crodjer	2012-05-28 19:50:23	crodjer	2012-05-18 03:32:29	1	1	0	True	True
95	crodjer	2012-05-28 19:50:23	crodjer	2012-07-08 09:29:38	39	39	0	False	True
95	crodjer	2012-05-28 19:50:23	crodjer	2012-05-28 19:14:36	80	74	6	True	True
89	claudep	2012-05-23 09:58:29	claudep	2012-05-05 10:19:29	372	372	0	True	True
52	dstufft	2012-05-09 22:03:03	dstufft	2012-05-09 21:20:18	25	23	2	True	True
52	dstufft	2012-05-09 22:03:03	dstufft	2012-05-09 22:01:40	26	24	2	True	True
52	dstufft	2012-05-09 22:03:03	dstufft	2012-05-09 21:47:18	14	8	6	True	True
51	SmileyChris	2012-05-09 00:34:06	SmileyChris	2012-05-08 23:43:44	89	86	3	True	True
47	renatogp	2012-05-06 03:32:53	renatogp	2012-05-09 02:58:46	2	1	1	False	True
47	renatogp	2012-05-06 03:32:53	renatogp	2012-07-04 21:31:58	2	2	0	False	True
47	renatogp	2012-05-06 03:32:53	renatogp	2012-05-06 03:29:16	31	30	1	True	True
47	renatogp	2012-05-06 03:32:53	renatogp	2012-05-06 16:53:14	33	25	8	False	True
47	renatogp	2012-05-06 03:32:53	renatogp	2012-05-06 16:52:27	2	1	1	False	True
42	gerardo-orozco	2012-05-03 18:04:46	pahko	2012-05-03 21:48:37	2	1	1	False	True
42	gerardo-orozco	2012-05-03 18:04:46	pahko	2012-05-03 21:50:54	3	0	3	False	True
42	gerardo-orozco	2012-05-03 18:04:46	gerardo-orozco	2012-05-03 03:41:18	78	75	3	True	True
42	gerardo-orozco	2012-05-03 18:04:46	gerardo-orozco	2012-05-03 03:56:38	32	25	7	True	True
42	gerardo-orozco	2012-05-03 18:04:46	pahko	2012-05-03 17:30:08	39	34	5	True	True
42	gerardo-orozco	2012-05-03 18:04:46	pahko	2012-05-03 17:59:07	10	10	0	True	True
42	gerardo-orozco	2012-05-03 18:04:46	gerardo-orozco	2012-05-03 18:09:28	1	1	0	False	True
42	gerardo-orozco	2012-05-03 18:04:46	gerardo-orozco	2012-05-03 18:09:51	49	44	5	False	True
41	niwinz	2012-05-03 15:31:54	niwinz	2012-05-01 12:11:31	283	266	17	True	True
