pr_number	author_user_login	pr_created_at	commit_user_login	commit_created_at	commit_status_total	commit_status_additions	commit_status_deletions	create_before_pr	is_review_commit
13623	kwist-sgr	2020-10-30 09:00:04	kwist-sgr	2020-10-31 08:29:29	10	3	7	False	True
13623	kwist-sgr	2020-10-30 09:00:04	kwist-sgr	2020-10-30 08:31:17	14	8	6	True	True
13623	kwist-sgr	2020-10-30 09:00:04	kwist-sgr	2020-10-30 09:24:43	6	3	3	False	True
13618	terrameijar	2020-10-27 19:19:39	carltongibson	2020-10-28 11:25:44	289	242	47	False	True
13618	terrameijar	2020-10-27 19:19:39	terrameijar	2020-11-05 18:26:57	1	0	1	False	True
13618	terrameijar	2020-10-27 19:19:39	carltongibson	2020-11-17 11:00:31	2	1	1	False	True
13618	terrameijar	2020-10-27 19:19:39	terrameijar	2020-11-26 21:42:05	8	3	5	False	True
13618	terrameijar	2020-10-27 19:19:39	carltongibson	2020-12-04 09:09:59	132	76	56	False	True
13618	terrameijar	2020-10-27 19:19:39	carltongibson	2021-01-04 11:53:52	3	1	2	False	True
13617	kluchrj	2020-10-27 18:27:20	kluchrj	2020-10-27 18:13:10	37	34	3	True	True
13616	thatnerdjosh	2020-10-27 12:56:29	thatnerdjosh	2020-10-27 12:52:48	13	9	4	True	True
13615	manav014	2020-10-27 11:57:51	manav014	2020-10-27 11:52:30	27	27	0	True	True
13614	saemideluxe	2020-10-27 04:42:07	saemideluxe	2020-10-27 04:23:12	4	2	2	True	True
13614	saemideluxe	2020-10-27 04:42:07	saemideluxe	2020-11-12 07:12:46	77	35	42	False	True
13614	saemideluxe	2020-10-27 04:42:07	saemideluxe	2020-10-27 04:12:14	4	4	0	True	True
13614	saemideluxe	2020-10-27 04:42:07	saemideluxe	2020-11-12 06:57:18	91	55	36	False	True
13610	thatnerdjosh	2020-10-26 11:45:12	thatnerdjosh	2020-10-26 11:43:23	6	5	1	True	True
13609	boxed	2020-10-26 07:37:41	boxed	2021-02-21 11:55:01	21	15	6	False	True
13607	jdufresne	2020-10-25 21:21:15	jdufresne	2020-11-05 09:12:35	173	143	30	False	True
13606	charettes	2020-10-25 20:25:00	charettes	2020-10-25 20:04:21	53	28	25	True	True
13606	charettes	2020-10-25 20:25:00	charettes	2020-10-25 21:41:06	119	106	13	False	True
13605	jdufresne	2020-10-25 19:51:13	jdufresne	2020-10-25 19:50:02	29	13	16	True	True
13604	jdufresne	2020-10-25 18:51:24	jdufresne	2020-10-25 18:45:20	15	5	10	True	True
13600	pandafy	2020-10-25 02:08:48	pandafy	2020-10-25 02:02:57	27	27	0	True	True
13600	pandafy	2020-10-25 02:08:48	pandafy	2020-10-28 10:05:50	5	5	0	False	True
13599	JEphron	2020-10-24 21:10:43	JEphron	2020-10-24 21:45:04	7	4	3	False	True
13599	JEphron	2020-10-24 21:10:43	JEphron	2020-10-25 01:06:55	16	8	8	False	True
13599	JEphron	2020-10-24 21:10:43	JEphron	2020-10-24 23:59:14	1	1	0	False	True
13599	JEphron	2020-10-24 21:10:43	JEphron	2020-10-24 20:48:42	94	93	1	True	True
13599	JEphron	2020-10-24 21:10:43	JEphron	2020-10-24 21:11:49	2	2	0	False	True
13598	smithdc1	2020-10-24 20:21:49	smithdc1	2020-10-24 20:17:46	3	2	1	True	True
13593	nguyenyou	2020-10-24 03:50:11	nguyenyou	2020-10-24 03:39:47	8	4	4	True	True
13592	David-Wobrock	2020-10-23 22:06:45	David-Wobrock	2020-11-02 07:20:15	16	16	0	False	True
13592	David-Wobrock	2020-10-23 22:06:45	David-Wobrock	2020-10-23 21:56:12	41	31	10	True	True
13590	adamchainz	2020-10-23 09:34:55	adamchainz	2020-10-23 09:33:10	16	14	2	True	True
13589	hannseman	2020-10-22 19:05:51	hannseman	2020-10-22 14:50:37	99	65	34	True	True
13586	carltongibson	2020-10-22 07:41:29	carltongibson	2020-10-22 07:35:06	40	25	15	True	True
13585	felixxm	2020-10-22 07:30:21	felixxm	2020-10-22 06:49:23	38	35	3	True	True
13582	craigiansmith	2020-10-21 05:12:32	craigiansmith	2020-10-22 02:26:10	9	4	5	False	True
13582	craigiansmith	2020-10-21 05:12:32	craigiansmith	2020-11-12 07:09:31	36	9	27	False	True
13582	craigiansmith	2020-10-21 05:12:32	craigiansmith	2020-10-22 03:32:40	14	11	3	False	True
13582	craigiansmith	2020-10-21 05:12:32	craigiansmith	2020-10-21 04:52:43	14	13	1	True	True
13582	craigiansmith	2020-10-21 05:12:32	craigiansmith	2020-10-29 02:22:03	38	28	10	False	True
13582	craigiansmith	2020-10-21 05:12:32	craigiansmith	2020-10-22 22:58:09	7	3	4	False	True
13578	manav014	2020-10-20 22:49:54	manav014	2020-10-20 22:48:02	14	12	2	True	True
13577	jacobtylerwalls	2020-10-20 22:38:02	jacobtylerwalls	2020-10-20 22:33:05	2	1	1	True	True
13576	hannseman	2020-10-20 15:11:28	hannseman	2020-10-19 20:36:24	30	30	0	True	True
13575	carltongibson	2020-10-20 09:50:14	carltongibson	2020-10-20 07:14:48	98	89	9	True	True
13573	carltongibson	2020-10-20 07:56:14	carltongibson	2020-10-20 07:52:04	4	4	0	True	True
13572	felixxm	2020-10-20 06:52:22	felixxm	2020-10-20 06:45:51	10	4	6	True	True
13570	craigiansmith	2020-10-20 06:51:30	craigiansmith	2020-10-20 05:36:03	30	30	0	True	True
13570	craigiansmith	2020-10-20 06:51:30	craigiansmith	2020-11-06 09:40:00	24	24	0	False	True
13569	tienne-B	2020-10-19 21:20:55	tienne-B	2020-10-19 21:10:06	19	19	0	True	True
13568	hannseman	2020-10-19 15:20:08	hannseman	2020-10-19 14:15:17	61	60	1	True	True
13567	caioariede	2020-10-19 12:50:54	caioariede	2020-10-19 12:45:04	21	21	0	True	True
13566	caioariede	2020-10-19 12:18:35	caioariede	2020-10-19 12:15:39	5	2	3	True	True
13565	felixxm	2020-10-19 11:29:03	felixxm	2020-10-19 11:24:28	8	4	4	True	True
13564	felixxm	2020-10-19 11:14:51	felixxm	2020-10-19 11:13:19	8	4	4	True	True
13563	timgraham	2020-10-18 23:25:31	timgraham	2020-10-18 23:14:08	45	36	9	True	True
13562	timgraham	2020-10-18 23:11:08	timgraham	2020-10-18 23:05:23	11	7	4	True	True
13561	timgraham	2020-10-18 22:54:36	timgraham	2020-10-18 22:53:00	10	5	5	True	True
13560	hramezani	2020-10-18 21:04:46	hramezani	2020-10-18 21:01:56	45	31	14	True	True
13559	aryan9600	2020-10-18 20:43:40	aryan9600	2020-10-16 19:17:13	228	223	5	True	True
13558	jacobtylerwalls	2020-10-18 20:13:49	jacobtylerwalls	2020-10-18 20:08:01	27	23	4	True	True
13557	hramezani	2020-10-18 16:31:18	hramezani	2020-10-18 16:29:52	3254	1450	1804	True	True
13556	hpoul	2020-10-18 08:25:22	hpoul	2020-10-18 08:22:12	7	7	0	True	True
13554	jacobtylerwalls	2020-10-18 00:27:36	jacobtylerwalls	2020-10-18 00:24:43	2	1	1	True	True
13551	jacobtylerwalls	2020-10-17 17:22:01	jacobtylerwalls	2016-05-16 01:54:03	50	39	11	True	True
13550	claudep	2020-10-17 14:34:24	claudep	2020-10-17 14:17:00	25	19	6	True	True
13547	Andrew-Chen-Wang	2020-10-16 14:18:31	Andrew-Chen-Wang	2020-10-16 14:16:55	313	312	1	True	True
13543	felixxm	2020-10-15 11:21:45	felixxm	2020-10-15 11:16:40	5	5	0	True	True
13539	felixxm	2020-10-14 20:20:37	felixxm	2020-10-14 20:15:11	3	1	2	True	True
13537	manav014	2020-10-14 18:13:17	manav014	2020-10-14 18:07:57	20	20	0	True	True
13536	matthiask	2020-10-14 07:06:41	matthiask	2020-10-14 07:06:28	2	1	1	True	True
13536	matthiask	2020-10-14 07:06:41	matthiask	2020-10-14 11:42:36	4	2	2	False	True
13533	operi	2020-10-13 02:05:19	operi	2020-10-13 01:53:49	53	52	1	True	True
13532	ngnpope	2020-10-12 14:43:39	ngnpope	2017-10-05 12:42:10	570	422	148	True	True
13531	akx	2020-10-12 13:37:26	akx	2020-10-15 09:44:02	53	50	3	False	True
13530	felixxm	2020-10-12 11:09:14	felixxm	2020-10-12 10:52:58	59	47	12	True	True
13530	felixxm	2020-10-12 11:09:14	felixxm	2020-10-13 09:35:55	53	33	20	False	True
13530	felixxm	2020-10-12 11:09:14	felixxm	2020-10-12 11:02:12	41	39	2	True	True
13530	felixxm	2020-10-12 11:09:14	felixxm	2020-10-14 10:21:25	46	42	4	False	True
13530	felixxm	2020-10-12 11:09:14	felixxm	2020-10-14 11:09:24	27	26	1	False	True
13530	felixxm	2020-10-12 11:09:14	felixxm	2020-10-14 09:09:49	22	20	2	False	True
13529	felixxm	2020-10-12 10:01:04	felixxm	2020-10-12 09:55:06	5	3	2	True	True
13528	jacobtylerwalls	2020-10-12 03:42:33	jacobtylerwalls	2020-10-12 03:34:32	77	74	3	True	True
13527	jacobtylerwalls	2020-10-11 23:50:30	jacobtylerwalls	2021-01-12 12:05:01	119	103	16	False	True
13527	jacobtylerwalls	2020-10-11 23:50:30	jacobtylerwalls	2021-01-15 13:04:47	44	21	23	False	True
13526	apollo13	2020-10-11 13:23:13	apollo13	2020-10-11 14:25:43	2	1	1	False	True
13526	apollo13	2020-10-11 13:23:13	apollo13	2020-10-11 13:20:16	28	27	1	True	True
13526	apollo13	2020-10-11 13:23:13	apollo13	2020-10-11 14:22:08	39	23	16	False	True
13525	gabbyprecious	2020-10-11 09:47:15	gabbyprecious	2020-10-27 12:56:24	177	80	97	False	True
13525	gabbyprecious	2020-10-11 09:47:15	gabbyprecious	2020-10-11 10:02:46	24	12	12	False	True
13525	gabbyprecious	2020-10-11 09:47:15	gabbyprecious	2020-10-11 09:38:28	113	66	47	True	True
13518	nik258heda	2020-10-09 12:35:24	nik258heda	2020-10-09 12:15:09	15	14	1	True	True
13516	thomas-riccardi	2020-10-08 19:00:01	thomas-riccardi	2020-10-08 18:41:22	19	19	0	True	True
13514	kilrogg	2020-10-08 17:39:55	kilrogg	2020-10-11 12:15:18	11	8	3	False	True
13514	kilrogg	2020-10-08 17:39:55	kilrogg	2020-10-08 17:33:15	11	8	3	True	True
13514	kilrogg	2020-10-08 17:39:55	kilrogg	2020-10-08 17:33:15	7	3	4	True	True
13514	kilrogg	2020-10-08 17:39:55	kilrogg	2020-10-11 11:46:10	7	4	3	False	True
13513	hramezani	2020-10-08 14:07:33	hramezani	2020-10-12 07:06:35	72	51	21	False	True
13512	ZhaoQi99	2020-10-08 13:52:57	ZhaoQi99	2020-10-08 13:51:14	18	16	2	True	True
13511	carltongibson	2020-10-08 08:13:47	carltongibson	2020-10-08 08:10:47	5	4	1	True	True
13510	graup	2020-10-08 06:47:10	graup	2020-10-08 06:43:17	4	2	2	True	True
13509	manav014	2020-10-07 23:07:41	manav014	2020-10-07 23:04:34	2	1	1	True	True
13506	felixxm	2020-10-07 08:09:10	felixxm	2020-10-07 07:05:36	46	33	13	True	True
13503	David-Wobrock	2020-10-06 10:25:52	David-Wobrock	2020-10-10 15:41:13	51	41	10	False	True
13502	bobbyrenwick	2020-10-06 10:08:34	bobbyrenwick	2020-10-06 10:04:11	22	13	9	True	True
13501	felixxm	2020-10-06 09:03:51	felixxm	2020-10-06 09:01:48	5	4	1	True	True
13500	carltongibson	2020-10-06 08:21:00	carltongibson	2020-10-06 08:12:04	10	5	5	True	True
13499	felixxm	2020-10-06 04:57:04	felixxm	2020-10-06 04:53:22	39	30	9	True	True
13496	ngnpope	2020-10-05 21:24:06	ngnpope	2020-07-29 11:59:29	39	34	5	True	True
13496	ngnpope	2020-10-05 21:24:06	ngnpope	2020-07-29 14:18:13	8	4	4	True	True
13495	David-Wobrock	2020-10-05 15:57:59	David-Wobrock	2020-10-04 17:28:21	177	145	32	True	True
13495	David-Wobrock	2020-10-05 15:57:59	David-Wobrock	2020-10-14 07:55:27	32	0	32	False	True
13495	David-Wobrock	2020-10-05 15:57:59	David-Wobrock	2020-10-05 15:39:53	14	14	0	True	True
13494	ngnpope	2020-10-05 15:28:11	ngnpope	2020-10-02 11:21:15	7	2	5	True	True
13494	ngnpope	2020-10-05 15:28:11	ngnpope	2020-10-05 14:57:47	44	36	8	True	True
13494	ngnpope	2020-10-05 15:28:11	ngnpope	2020-10-02 15:50:30	102	78	24	True	True
13494	ngnpope	2020-10-05 15:28:11	atombrella	2020-02-10 18:41:38	26	26	0	True	True
13493	charettes	2020-10-05 13:24:07	charettes	2020-10-05 13:13:14	15	10	5	True	True
13493	charettes	2020-10-05 13:24:07	charettes	2020-10-05 13:21:16	4	2	2	True	True
13492	boxed	2020-10-05 09:01:14	boxed	2020-10-05 09:00:10	2	1	1	True	True
13491	knyghty	2020-10-05 08:13:04	knyghty	2020-10-05 08:10:40	7	4	3	True	True
13490	hramezani	2020-10-04 21:16:50	hramezani	2020-10-05 09:50:21	16	16	0	False	True
13490	hramezani	2020-10-04 21:16:50	hramezani	2020-10-05 09:51:35	18	18	0	False	True
13489	apollo13	2020-10-04 12:59:31	apollo13	2020-10-04 13:09:12	5	2	3	False	True
13489	apollo13	2020-10-04 12:59:31	apollo13	2020-10-04 12:58:54	3	1	2	True	True
13488	cgl	2020-10-04 12:35:30	cgl	2020-10-04 12:24:20	49	47	2	True	True
13484	David-Wobrock	2020-10-03 18:50:41	David-Wobrock	2020-10-03 18:30:53	69	69	0	True	True
13481	1-23-smy	2020-10-03 04:15:54	1-23-smy	2020-10-03 04:14:36	2	1	1	True	True
13479	felixxm	2020-10-02 10:46:38	felixxm	2020-10-02 10:27:13	18	13	5	True	True
13477	charettes	2020-10-01 15:05:18	charettes	2020-10-04 22:31:04	54	40	14	False	True
13477	charettes	2020-10-01 15:05:18	charettes	2020-10-04 22:27:20	16	16	0	False	True
13474	tari	2020-10-01 10:10:54	tari	2020-10-01 10:10:02	7	4	3	True	True
13473	ngnpope	2020-10-01 09:27:34	ngnpope	2020-07-16 22:32:46	78	51	27	True	True
13472	MAHANTH-wq	2020-10-01 05:45:50	MAHANTH-wq	2020-10-01 05:35:59	9	9	0	True	True
