pr_number	author_user_login	pr_created_at	commit_user_login	commit_created_at	commit_status_total	commit_status_additions	commit_status_deletions	create_before_pr	is_review_commit
14336	hramezani	2021-04-30 11:41:57	hramezani	2021-04-30 11:37:19	18	16	2	True	True
14335	felixxm	2021-04-30 09:33:51	felixxm	2021-04-30 09:28:35	13	11	2	True	True
14334	Cup0fCoffee	2021-04-29 22:48:39	Cup0fCoffee	2021-04-29 22:40:06	29	26	3	True	True
14333	ngnpope	2021-04-29 19:17:35	ngnpope	2021-04-22 15:39:25	68	26	42	True	True
14333	ngnpope	2021-04-29 19:17:35	ngnpope	2021-04-22 15:43:26	42	21	21	True	True
14332	swright573	2021-04-29 16:52:08	swright573	2021-04-29 16:36:12	10	10	0	True	True
14331	hramezani	2021-04-29 12:37:32	hramezani	2021-04-29 12:35:11	59	33	26	True	True
14330	ngnpope	2021-04-29 09:47:11	ngnpope	2021-04-29 09:35:27	34	17	17	True	True
14329	felixxm	2021-04-29 09:23:32	felixxm	2021-04-29 09:11:56	29	18	11	True	True
14328	carltongibson	2021-04-29 09:00:47	carltongibson	2021-04-29 08:59:14	30	30	0	True	True
14327	carltongibson	2021-04-29 06:37:34	carltongibson	2021-04-29 06:35:21	9	5	4	True	True
14325	ngnpope	2021-04-28 19:47:07	ngnpope	2021-04-27 11:09:00	197	100	97	True	True
14325	ngnpope	2021-04-28 19:47:07	ngnpope	2021-04-27 18:50:49	40	17	23	True	True
14325	ngnpope	2021-04-28 19:47:07	felixxm	2021-05-17 06:22:33	6	3	3	False	True
14325	ngnpope	2021-04-28 19:47:07	ngnpope	2021-04-27 15:38:57	26	12	14	True	True
14325	ngnpope	2021-04-28 19:47:07	ngnpope	2021-04-28 18:37:36	58	30	28	True	True
14325	ngnpope	2021-04-28 19:47:07	ngnpope	2021-04-27 10:57:59	50	47	3	True	True
14324	David-Wobrock	2021-04-28 19:25:23	David-Wobrock	2021-04-28 19:15:26	93	80	13	True	True
14323	David-Wobrock	2021-04-28 18:46:40	David-Wobrock	2021-04-28 19:21:33	4	4	0	False	True
14323	David-Wobrock	2021-04-28 18:46:40	David-Wobrock	2021-04-28 19:23:27	3	0	3	False	True
14322	swright573	2021-04-28 15:04:52	swright573	2021-04-28 15:00:38	10	10	0	True	True
14322	swright573	2021-04-28 15:04:52	swright573	2021-04-28 19:05:23	67	47	20	False	True
14322	swright573	2021-04-28 15:04:52	swright573	2021-04-29 11:38:16	10	0	10	False	True
14321	adamchainz	2021-04-28 14:40:56	adamchainz	2021-04-28 14:39:53	3	1	2	True	True
14319	kaushikk25	2021-04-28 09:51:04	kaushikk25	2021-04-28 09:50:00	8	4	4	True	True
14315	kalekseev	2021-04-26 12:39:01	kalekseev	2021-04-26 12:19:13	26	21	5	True	True
14314	hannseman	2021-04-26 11:53:52	hannseman	2021-04-27 05:57:34	14	14	0	False	True
14314	hannseman	2021-04-26 11:53:52	hannseman	2021-04-26 11:51:10	3	2	1	True	True
14313	felixxm	2021-04-26 09:40:46	felixxm	2021-04-27 07:53:27	35	34	1	False	True
14313	felixxm	2021-04-26 09:40:46	felixxm	2021-04-26 10:07:16	15	15	0	False	True
14313	felixxm	2021-04-26 09:40:46	felixxm	2021-04-26 07:22:46	102	70	32	True	True
14313	felixxm	2021-04-26 09:40:46	felixxm	2021-04-26 07:30:40	38	23	15	True	True
14312	felixxm	2021-04-26 05:44:05	felixxm	2021-04-26 05:31:55	12	11	1	True	True
14311	moriyoshi	2021-04-25 02:54:34	moriyoshi	2021-04-25 02:52:18	20	17	3	True	True
14309	charettes	2021-04-24 05:24:23	charettes	2021-04-24 05:07:18	96	31	65	True	True
14309	charettes	2021-04-24 05:24:23	felixxm	2021-04-28 09:27:57	13	13	0	False	True
14307	felixxm	2021-04-23 16:03:07	felixxm	2021-04-23 15:59:02	12	8	4	True	True
14306	timgraham	2021-04-23 13:04:15	timgraham	2021-04-23 12:59:35	105	23	82	True	True
14304	felixxm	2021-04-23 10:42:52	felixxm	2021-04-23 10:37:55	12	4	8	True	True
14303	felixxm	2021-04-22 18:26:14	felixxm	2021-04-22 18:23:59	10	9	1	True	True
14302	charettes	2021-04-22 17:54:17	charettes	2021-04-22 17:44:25	37	34	3	True	True
14301	felixxm	2021-04-22 16:14:09	felixxm	2021-04-22 16:10:56	1	1	0	True	True
14300	felixxm	2021-04-22 11:09:29	felixxm	2021-04-22 11:03:05	12	10	2	True	True
14297	juliangrube1988	2021-04-21 18:03:06	juliangrube1988	2021-04-21 22:02:38	27	21	6	False	True
14297	juliangrube1988	2021-04-21 18:03:06	juliangrube1988	2021-04-21 22:20:51	2	1	1	False	True
14297	juliangrube1988	2021-04-21 18:03:06	juliangrube1988	2021-04-21 18:01:41	19	11	8	True	True
14296	felixxm	2021-04-21 17:55:29	felixxm	2021-04-21 17:53:46	2	1	1	True	True
14292	cjerdonek	2021-04-21 09:07:12	cjerdonek	2021-04-21 07:04:30	83	46	37	True	True
14291	felixxm	2021-04-21 05:40:18	felixxm	2021-04-21 05:24:27	42	38	4	True	True
14290	ktaog6	2021-04-21 04:33:19	ktaog6	2021-04-21 04:29:55	2	2	0	True	True
14288	carltongibson	2021-04-20 13:40:04	carltongibson	2021-04-15 15:15:28	53	52	1	True	True
14282	francoisfreitag	2021-04-19 08:13:32	francoisfreitag	2021-04-20 04:58:51	20	20	0	False	True
14282	francoisfreitag	2021-04-19 08:13:32	francoisfreitag	2021-04-19 07:58:34	20	18	2	True	True
14280	David-Wobrock	2021-04-18 11:59:31	David-Wobrock	2021-04-18 11:55:30	45	42	3	True	True
14276	cjerdonek	2021-04-17 12:26:34	cjerdonek	2021-04-07 04:31:51	6	3	3	True	True
14275	vshih	2021-04-17 01:18:16	vshih	2021-06-26 00:07:53	14	13	1	False	True
14275	vshih	2021-04-17 01:18:16	vshih	2021-03-15 18:22:15	17	15	2	True	True
14275	vshih	2021-04-17 01:18:16	vshih	2021-05-14 21:46:14	3	1	2	False	True
14274	atombrella	2021-04-16 21:22:43	atombrella	2021-04-16 21:19:25	16	8	8	True	True
14270	jacobtylerwalls	2021-04-15 02:24:20	jacobtylerwalls	2021-04-15 02:19:59	7	6	1	True	True
14269	carltongibson	2021-04-14 18:27:41	carltongibson	2021-04-14 18:23:21	53	29	24	True	True
14268	kxtells	2021-04-14 14:58:04	kxtells	2021-04-14 14:07:36	102	91	11	True	True
14267	felixxm	2021-04-14 11:53:35	jonathan-golorry	2021-03-14 21:00:40	41	25	16	True	True
14266	apollo13	2021-04-14 11:48:01	apollo13	2021-04-14 11:45:24	14	11	3	True	True
14265	felixxm	2021-04-14 10:44:04	felixxm	2021-04-14 10:21:27	50	47	3	True	True
14263	jaap3	2021-04-14 08:28:40	jaap3	2021-04-14 08:27:28	2	1	1	True	True
14262	felixxm	2021-04-14 07:02:39	felixxm	2021-04-14 06:56:04	12	10	2	True	True
14261	girishsontakke	2021-04-14 06:24:00	girishsontakke	2021-04-14 06:15:50	64	40	24	True	True
14260	shaib	2021-04-13 22:38:11	shaib	2021-04-13 22:24:24	58	43	15	True	True
14260	shaib	2021-04-13 22:38:11	shaib	2021-06-05 11:54:13	49	41	8	False	True
14259	paris-ci	2021-04-13 20:43:26	paris-ci	2021-04-14 12:50:01	17	11	6	False	True
14255	hramezani	2021-04-13 07:11:25	hramezani	2021-04-13 09:49:13	12	11	1	False	True
14255	hramezani	2021-04-13 07:11:25	hramezani	2021-04-13 09:51:19	49	49	0	False	True
14252	felixxm	2021-04-13 04:45:15	felixxm	2021-04-13 04:29:44	13	11	2	True	True
14250	fmwviormv	2021-04-12 05:31:48	fmwviormv	2021-06-23 20:06:44	2	1	1	False	True
14250	fmwviormv	2021-04-12 05:31:48	fmwviormv	2021-06-23 20:10:42	2	1	1	False	True
14250	fmwviormv	2021-04-12 05:31:48	fmwviormv	2021-04-12 05:22:12	58	34	24	True	True
14248	carltongibson	2021-04-10 15:30:10	carltongibson	2021-04-10 15:29:32	5	5	0	True	True
14247	carltongibson	2021-04-10 15:10:43	carltongibson	2021-04-10 15:08:22	2	1	1	True	True
14246	manav014	2021-04-10 11:00:59	manav014	2021-04-10 10:37:44	60	52	8	True	True
14243	blueyed	2021-04-09 16:56:13	blueyed	2021-04-09 16:55:08	6	3	3	True	True
14241	iurisilvio	2021-04-09 08:42:35	iurisilvio	2021-04-08 19:31:45	39	34	5	True	True
14240	felixxm	2021-04-09 07:58:05	felixxm	2021-04-09 07:36:36	19	13	6	True	True
14238	adamchainz	2021-04-08 10:41:31	adamchainz	2021-04-08 10:40:16	33	31	2	True	True
14237	xi	2021-04-08 09:47:00	xi	2021-04-06 16:14:16	67	64	3	True	True
14237	xi	2021-04-08 09:47:00	xi	2021-04-20 07:05:52	28	19	9	False	True
14236	felixxm	2021-04-08 06:18:59	felixxm	2021-04-08 06:13:16	20	2	18	True	True
14235	felixxm	2021-04-08 05:34:57	felixxm	2021-04-08 05:22:12	8	4	4	True	True
14234	claudep	2021-04-07 15:39:46	claudep	2021-04-07 15:38:37	52	14	38	True	True
14233	claudep	2021-04-07 12:42:07	claudep	2021-01-18 18:03:37	343	174	169	True	True
14231	felixxm	2021-04-07 10:15:28	felixxm	2021-04-07 10:12:33	2	1	1	True	True
14228	felixxm	2021-04-06 20:21:05	felixxm	2021-04-06 20:02:10	18	15	3	True	True
14227	girishsontakke	2021-04-06 16:24:54	girishsontakke	2021-04-06 16:20:31	35	34	1	True	True
14226	uri-rodberg	2021-04-06 14:23:30	uri-rodberg	2021-04-06 15:29:54	36	18	18	False	True
14225	carltongibson	2021-04-06 12:51:53	carltongibson	2021-04-06 12:49:31	101	50	51	True	True
14224	felixxm	2021-04-06 08:54:27	felixxm	2021-04-06 08:51:47	2	1	1	True	True
14223	carltongibson	2021-04-06 08:09:00	carltongibson	2021-04-06 08:08:05	9	6	3	True	True
14222	carltongibson	2021-04-06 08:02:55	carltongibson	2021-04-06 08:01:42	9	6	3	True	True
14221	felixxm	2021-04-06 05:17:01	felixxm	2021-04-06 05:13:52	5	5	0	True	True
14213	claudep	2021-04-03 14:29:16	claudep	2021-04-03 14:23:19	72	47	25	True	True
14212	claudep	2021-04-03 12:49:28	claudep	2021-04-03 12:47:27	121	67	54	True	True
14211	cjerdonek	2021-04-03 09:14:38	cjerdonek	2021-03-26 09:37:55	121	77	44	True	True
14211	cjerdonek	2021-04-03 09:14:38	cjerdonek	2021-04-03 09:02:47	137	68	69	True	True
14211	cjerdonek	2021-04-03 09:14:38	cjerdonek	2021-03-26 09:47:32	15	8	7	True	True
14208	felixxm	2021-04-01 06:35:08	felixxm	2021-04-01 06:26:55	2	1	1	True	True
14207	yyyyyyyan	2021-04-01 00:54:45	yyyyyyyan	2021-04-01 00:43:09	11	9	2	True	True
14206	manav014	2021-04-01 00:15:24	manav014	2021-04-01 00:05:26	306	265	41	True	True
