pr_number	author_user_login	pr_created_at	commit_user_login	commit_created_at	commit_status_total	commit_status_additions	commit_status_deletions	create_before_pr	is_review_commit
4726	mjtamlyn	2015-05-31 22:09:22	mjtamlyn	2015-05-31 21:45:03	884	880	4	True	True
4725	suligap	2015-05-31 18:22:50	suligap	2015-05-31 18:15:45	7	5	2	True	True
4724	knbk	2015-05-30 14:35:07	knbk	2015-05-28 15:25:52	465	352	113	True	True
4723	Gagaro	2015-05-29 18:04:02	Gagaro	2015-05-29 16:10:52	21	20	1	True	True
4722	adamchainz	2015-05-29 15:05:05	adamchainz	2015-05-29 14:54:10	77	75	2	True	True
4715	coldmind	2015-05-26 22:20:11	coldmind	2015-05-26 22:18:21	67	56	11	True	True
4707	pwmarcz	2015-05-24 18:46:14	pwmarcz	2015-05-24 18:43:20	27	26	1	True	True
4706	pwmarcz	2015-05-24 18:16:56	pwmarcz	2015-05-24 17:05:56	10	10	0	True	True
4703	adamchainz	2015-05-24 11:50:40	adamchainz	2015-05-28 18:19:31	3	2	1	False	True
4703	adamchainz	2015-05-24 11:50:40	adamchainz	2015-05-26 20:59:13	50	49	1	False	True
4703	adamchainz	2015-05-24 11:50:40	adamchainz	2015-05-28 18:17:51	50	1	49	False	True
4703	adamchainz	2015-05-24 11:50:40	adamchainz	2015-05-24 10:16:21	12	9	3	True	True
4703	adamchainz	2015-05-24 11:50:40	adamchainz	2015-05-28 18:20:09	1	1	0	False	True
4703	adamchainz	2015-05-24 11:50:40	adamchainz	2015-05-28 18:17:44	29	27	2	False	True
4701	claudep	2015-05-23 17:57:17	claudep	2015-05-18 19:50:00	684	446	238	True	True
4699	jarshwah	2015-05-23 08:18:51	jarshwah	2015-05-23 08:12:09	142	94	48	True	True
4698	dracos	2015-05-22 19:18:40	dracos	2015-05-22 19:16:26	122	108	14	True	True
4698	dracos	2015-05-22 19:18:40	dracos	2015-06-04 14:04:25	12	6	6	False	True
4698	dracos	2015-05-22 19:18:40	dracos	2015-06-04 14:15:21	5	5	0	False	True
4698	dracos	2015-05-22 19:18:40	dracos	2015-06-04 15:37:20	6	3	3	False	True
4696	garwoodpr	2015-05-22 14:54:24	garwoodpr	2015-05-22 14:53:55	3	2	1	True	True
4695	villiers-s	2015-05-22 14:48:15	villiers-s	2015-05-22 18:25:55	6	4	2	False	True
4695	villiers-s	2015-05-22 14:48:15	villiers-s	2015-05-22 13:54:31	11	9	2	True	True
4695	villiers-s	2015-05-22 14:48:15	villiers-s	2015-05-22 14:36:54	10	9	1	True	True
4695	villiers-s	2015-05-22 14:48:15	villiers-s	2015-05-22 18:18:15	1	0	1	False	True
4694	yellowcap	2015-05-22 13:22:37	yellowcap	2015-06-19 12:56:50	341	336	5	False	True
4691	timgraham	2015-05-21 18:20:29	timgraham	2015-05-21 18:19:38	18	18	0	True	True
4690	garwoodpr	2015-05-21 15:10:36	garwoodpr	2015-05-21 19:47:49	12	6	6	False	True
4690	garwoodpr	2015-05-21 15:10:36	garwoodpr	2015-05-21 15:07:38	71	37	34	True	True
4689	MikeAmy	2015-05-21 05:27:19	MikeAmy	2015-05-15 19:05:23	7	7	0	True	True
4681	acatton	2015-05-19 15:37:06	acatton	2015-05-19 15:32:52	1	1	0	True	True
4681	acatton	2015-05-19 15:37:06	acatton	2015-05-19 17:38:49	10	10	0	False	True
4681	acatton	2015-05-19 15:37:06	charettes	2015-05-19 15:18:25	8	7	1	True	True
4674	akulakov	2015-05-18 21:15:39	akulakov	2015-05-18 21:13:16	7	7	0	True	True
4667	garwoodpr	2015-05-17 03:05:02	garwoodpr	2015-05-17 03:04:52	10	5	5	True	True
4665	jllorencetti	2015-05-16 00:24:09	dirtycoder	2015-05-24 14:19:01	26	16	10	False	True
4665	jllorencetti	2015-05-16 00:24:09	dirtycoder	2015-05-26 22:38:49	0	0	0	False	True
4665	jllorencetti	2015-05-16 00:24:09	dirtycoder	2015-05-22 01:12:28	10	5	5	False	True
4665	jllorencetti	2015-05-16 00:24:09	dirtycoder	2015-05-21 23:33:16	12	6	6	False	True
4665	jllorencetti	2015-05-16 00:24:09	dirtycoder	2015-05-26 23:00:31	445	221	224	False	True
4665	jllorencetti	2015-05-16 00:24:09	dirtycoder	2015-05-22 00:47:14	37	17	20	False	True
4665	jllorencetti	2015-05-16 00:24:09	dirtycoder	2015-05-21 01:27:22	8	3	5	False	True
4665	jllorencetti	2015-05-16 00:24:09	dirtycoder	2015-05-11 23:43:40	4006	2003	2003	True	True
4665	jllorencetti	2015-05-16 00:24:09	dirtycoder	2015-05-12 01:01:07	417	212	205	True	True
4665	jllorencetti	2015-05-16 00:24:09	dirtycoder	2015-05-23 13:33:33	5035	2513	2522	False	True
4665	jllorencetti	2015-05-16 00:24:09	dirtycoder	2015-05-20 02:24:47	373	189	184	False	True
4665	jllorencetti	2015-05-16 00:24:09	dirtycoder	2015-05-19 01:06:31	28	13	15	False	True
4661	piotrjakimiak	2015-05-14 18:15:56	piotrjakimiak	2015-05-14 17:59:36	36	35	1	True	True
4660	claudep	2015-05-14 17:29:23	claudep	2015-05-14 17:27:31	58	57	1	True	True
4657	prestontimmons	2015-05-13 23:05:29	prestontimmons	2015-05-08 20:10:36	1543	949	594	True	True
4655	claudep	2015-05-13 16:17:51	claudep	2015-05-13 15:40:57	88	70	18	True	True
4650	timgraham	2015-05-13 12:24:16	timgraham	2015-05-13 12:19:51	105	70	35	True	True
4645	delgiudices	2015-05-11 21:32:00	delgiudices	2015-05-11 21:30:55	46	46	0	True	True
4641	jdufresne	2015-05-10 17:02:01	jdufresne	2015-05-10 15:53:13	50	48	2	True	True
4636	claudep	2015-05-09 15:07:11	claudep	2015-05-09 15:01:40	59	51	8	True	True
4634	LilyFoote	2015-05-09 13:42:14	LilyFoote	2015-05-09 11:55:03	329	326	3	True	True
4633	sjberry	2015-05-09 13:29:32	sjberry	2015-05-09 15:07:25	8	7	1	False	True
4633	sjberry	2015-05-09 13:29:32	sjberry	2015-05-09 13:27:55	117	107	10	True	True
4631	coldmind	2015-05-09 11:05:12	coldmind	2015-05-09 10:57:13	69	56	13	True	True
4630	andymckay	2015-05-09 05:41:50	andymckay	2015-05-25 03:57:54	19	8	11	False	True
4630	andymckay	2015-05-09 05:41:50	andymckay	2015-05-09 16:27:24	14	7	7	False	True
4630	andymckay	2015-05-09 05:41:50	andymckay	2015-05-09 05:33:26	41	40	1	True	True
4629	garwoodpr	2015-05-09 02:49:38	garwoodpr	2015-05-09 02:49:24	30	16	14	True	True
4627	elky	2015-05-08 19:20:02	elky	2015-05-08 17:52:15	1214	897	317	True	True
4627	elky	2015-05-08 19:20:02	elky	2015-07-30 17:48:37	12	12	0	False	True
4619	garwoodpr	2015-05-07 03:44:21	garwoodpr	2015-05-07 03:28:41	126	72	54	True	True
4619	garwoodpr	2015-05-07 03:44:21	garwoodpr	2015-05-07 03:23:07	126	72	54	True	True
4619	garwoodpr	2015-05-07 03:44:21	garwoodpr	2015-05-17 14:42:21	41	38	3	False	True
4619	garwoodpr	2015-05-07 03:44:21	garwoodpr	2015-05-07 23:41:42	34	17	17	False	True
4617	claudep	2015-05-06 10:01:21	claudep	2015-05-06 09:57:43	28	19	9	True	True
4612	akaariai	2015-05-05 11:36:51	akaariai	2015-05-05 11:44:33	32	29	3	False	True
4611	akaariai	2015-05-05 10:58:57	akaariai	2015-05-05 11:11:58	19	19	0	False	True
4608	abhaga	2015-05-04 17:50:50	abhaga	2015-05-04 17:44:00	11	11	0	True	True
4608	abhaga	2015-05-04 17:50:50	abhaga	2015-05-04 18:42:43	6	3	3	False	True
4601	aaugustin	2015-05-02 20:41:16	aaugustin	2015-04-12 12:46:24	130	85	45	True	True
4601	aaugustin	2015-05-02 20:41:16	aaugustin	2015-04-12 18:33:58	75	40	35	True	True
4601	aaugustin	2015-05-02 20:41:16	aaugustin	2015-05-02 13:54:17	201	141	60	True	True
4601	aaugustin	2015-05-02 20:41:16	aaugustin	2015-05-02 19:27:44	74	39	35	True	True
4601	aaugustin	2015-05-02 20:41:16	aaugustin	2015-05-02 20:25:57	86	43	43	True	True
4601	aaugustin	2015-05-02 20:41:16	aaugustin	2015-05-03 07:06:06	12	8	4	False	True
4601	aaugustin	2015-05-02 20:41:16	aaugustin	2015-05-02 20:26:27	41	2	39	True	True
4601	aaugustin	2015-05-02 20:41:16	aaugustin	2015-05-03 07:08:37	28	16	12	False	True
4601	aaugustin	2015-05-02 20:41:16	aaugustin	2015-05-02 19:56:53	265	218	47	True	True
4600	ikonitas	2015-05-02 17:59:59	ikonitas	2015-05-02 17:59:00	40	27	13	True	True
4593	pelme	2015-05-01 18:13:25	pelme	2015-06-30 16:18:56	476	461	15	False	True
4590	claudep	2015-05-01 11:42:07	claudep	2015-04-21 19:54:00	131	103	28	True	True
