pr_number	author_user_login	pr_created_at	commit_user_login	commit_created_at	commit_status_total	commit_status_additions	commit_status_deletions	create_before_pr	is_review_commit
1315	alexcouper	2013-06-29 15:55:40	alexcouper	2013-06-29 14:03:23	13	10	3	True	True
1315	alexcouper	2013-06-29 15:55:40	alexcouper	2013-06-29 14:33:59	34	31	3	True	True
1315	alexcouper	2013-06-29 15:55:40	alexcouper	2013-06-29 15:46:46	43	30	13	True	True
1310	claudep	2013-06-27 09:19:07	claudep	2013-06-27 08:59:30	9	9	0	True	True
1310	claudep	2013-06-27 09:19:07	claudep	2013-06-27 08:58:05	13	13	0	True	True
1298	bmispelon	2013-06-22 21:16:17	shanx	2013-06-19 20:40:36	2	1	1	True	True
1298	bmispelon	2013-06-22 21:16:17	bmispelon	2013-06-22 21:05:22	134	66	68	True	True
1297	ArcTanSusan	2013-06-22 20:33:39	ArcTanSusan	2013-06-22 20:30:44	4	4	0	True	True
1289	ubernostrum	2013-06-20 06:54:34	ubernostrum	2013-06-20 06:51:20	173	91	82	True	True
1286	shanx	2013-06-19 20:43:28	shanx	2013-06-19 20:40:36	2	1	1	True	True
1286	shanx	2013-06-19 20:43:28	shanx	2013-06-19 20:33:02	4	3	1	True	True
1285	loic	2013-06-19 17:26:51	loic	2013-06-19 20:09:40	63	47	16	False	True
1282	loic	2013-06-18 21:43:41	loic	2013-06-19 09:13:43	4	2	2	False	True
1281	loic	2013-06-18 18:20:25	loic	2013-06-18 19:41:36	359	317	42	False	True
1277	mrmachine	2013-06-17 09:03:39	mrmachine	2013-06-18 00:10:21	5	4	1	False	True
1277	mrmachine	2013-06-17 09:03:39	dominicrodger	2013-08-05 16:23:26	60	30	30	False	True
1277	mrmachine	2013-06-17 09:03:39	mrmachine	2013-06-18 02:17:21	9	3	6	False	True
1277	mrmachine	2013-06-17 09:03:39	mrmachine	2013-08-07 02:54:11	60	55	5	False	True
1277	mrmachine	2013-06-17 09:03:39	collinanderson	2013-08-06 16:38:31	11	10	1	False	True
1277	mrmachine	2013-06-17 09:03:39	mjtamlyn	2013-08-06 09:10:45	14	13	1	False	True
1277	mrmachine	2013-06-17 09:03:39	unho	2013-04-18 20:04:00	4	4	0	True	True
1277	mrmachine	2013-06-17 09:03:39	mrmachine	2013-05-07 09:06:03	148	139	9	True	True
1277	mrmachine	2013-06-17 09:03:39	akaariai	2013-08-06 06:58:07	51	33	18	False	True
1277	mrmachine	2013-06-17 09:03:39	kux	2013-02-26 09:51:56	15	14	1	True	True
1275	bmispelon	2013-06-15 20:36:53	bmispelon	2013-06-15 20:34:25	183	106	77	True	True
1271	batisteo	2013-06-14 12:24:10	batisteo	2013-06-11 20:32:39	102	81	21	True	True
1261	aaugustin	2013-06-11 20:59:20	aaugustin	2013-06-11 20:56:09	217	130	87	True	True
1253	russkel	2013-06-08 05:32:09	russkel	2013-06-08 05:04:55	23	23	0	True	True
1253	russkel	2013-06-08 05:32:09	Russ Webber	2013-06-18 14:34:38	15	5	10	False	True
1251	timgraham	2013-06-07 12:43:55	loic	2013-04-03 19:51:37	151	124	27	True	True
1251	timgraham	2013-06-07 12:43:55	timgraham	2013-06-03 17:43:32	129	107	22	True	True
1248	timgraham	2013-06-06 14:45:18	sicarrots	2013-05-18 11:49:06	208	185	23	True	True
1246	timgraham	2013-06-05 11:07:12	timgraham	2013-06-05 11:05:07	10	10	0	True	True
1245	oinopion	2013-06-04 21:38:07	oinopion	2013-06-04 21:35:11	118	88	30	True	True
1240	aaugustin	2013-06-04 06:18:54	aaugustin	2013-06-04 06:13:36	158	127	31	True	True
1240	aaugustin	2013-06-04 06:18:54	aaugustin	2013-06-04 05:55:20	25	18	7	True	True
1240	aaugustin	2013-06-04 06:18:54	aaugustin	2013-06-04 06:09:29	141	139	2	True	True
1240	aaugustin	2013-06-04 06:18:54	aaugustin	2013-06-09 19:04:36	69	44	25	False	True
1238	jaap3	2013-06-03 14:01:38	jaap3	2013-06-03 13:53:04	48	39	9	True	True
1236	mbrochh	2013-06-01 18:34:35	mbrochh	2014-05-19 05:23:45	100	76	24	False	True
