pr_number	author_user_login	pr_created_at	commit_user_login	commit_created_at	commit_status_total	commit_status_additions	commit_status_deletions	create_before_pr	is_review_commit
7774	vinayinvicible	2016-12-31 22:19:36	vinayinvicible	2016-12-31 22:18:23	17	13	4	True	True
7772	jarshwah	2016-12-31 00:06:06	jarshwah	2016-12-31 00:01:59	2	1	1	True	True
7771	timgraham	2016-12-30 23:55:26	timgraham	2016-12-30 23:53:50	12	8	4	True	True
7770	timgraham	2016-12-30 20:20:22	anabelensc	2015-12-14 19:13:21	42	37	5	True	True
7767	revimi	2016-12-30 09:26:55	timgraham	2017-01-04 00:03:08	51	46	5	False	True
7765	rsalmaso	2016-12-29 20:37:48	rsalmaso	2016-12-29 17:51:26	110	108	2	True	True
7764	MarkusH	2016-12-29 19:32:14	MarkusH	2016-12-29 18:22:44	42	26	16	True	True
7763	desecho	2016-12-29 16:16:33	desecho	2017-01-24 20:37:33	562	226	336	False	True
7762	atombrella	2016-12-29 10:54:26	atombrella	2016-12-29 10:53:55	7	4	3	True	True
7760	desecho	2016-12-28 22:48:09	desecho	2016-12-28 23:30:19	14	12	2	False	True
7759	vinayinvicible	2016-12-28 21:58:47	vinayinvicible	2017-06-07 19:12:06	306	153	153	False	True
7759	vinayinvicible	2016-12-28 21:58:47	vinayinvicible	2016-12-29 19:12:53	90	46	44	False	True
7759	vinayinvicible	2016-12-28 21:58:47	vinayinvicible	2016-12-28 21:52:25	123	74	49	True	True
7759	vinayinvicible	2016-12-28 21:58:47	vinayinvicible	2016-12-31 17:36:54	188	188	0	False	True
7759	vinayinvicible	2016-12-28 21:58:47	vinayinvicible	2016-12-31 15:42:16	31	21	10	False	True
7756	desecho	2016-12-28 21:09:46	desecho	2016-12-28 23:12:24	7	6	1	False	True
7753	timgraham	2016-12-28 16:49:21	timgraham	2016-12-28 16:44:26	24	22	2	True	True
7752	timgraham	2016-12-28 15:12:07	timgraham	2016-12-28 13:29:44	79	19	60	True	True
7751	timgraham	2016-12-27 23:41:26	stlk	2016-11-05 11:27:44	97	70	27	True	True
7749	timgraham	2016-12-27 16:16:51	timgraham	2016-12-27 15:57:07	69	60	9	True	True
7746	roboslone	2016-12-27 04:31:26	roboslone	2016-12-27 04:29:31	30	24	6	True	True
7744	felixxm	2016-12-26 13:34:03	felixxm	2016-12-26 13:31:11	32	30	2	True	True
7741	apollo13	2016-12-25 13:00:42	apollo13	2016-12-25 12:58:12	59	30	29	True	True
7739	felixxm	2016-12-24 13:42:16	felixxm	2016-12-24 12:26:15	31	29	2	True	True
7737	charettes	2016-12-24 03:46:25	charettes	2016-12-24 03:34:52	121	62	59	True	True
7736	lukesneeringer	2016-12-24 02:20:22	lukesneeringer	2016-12-24 02:11:14	10	10	0	True	True
7735	adamchainz	2016-12-23 14:43:10	adamchainz	2016-12-23 14:39:41	40	18	22	True	True
7733	adamchainz	2016-12-22 23:09:48	adamchainz	2016-12-22 10:11:58	146	53	93	True	True
7732	adamchainz	2016-12-22 22:54:54	adamchainz	2016-12-22 16:10:41	25	24	1	True	True
7730	adamchainz	2016-12-22 22:18:44	adamchainz	2017-03-07 22:03:10	5	1	4	False	True
7730	adamchainz	2016-12-22 22:18:44	adamchainz	2016-12-22 08:38:14	109	52	57	True	True
7727	apollo13	2016-12-22 20:25:03	apollo13	2016-12-22 20:22:14	392	332	60	True	True
7724	accraze	2016-12-22 02:01:41	accraze	2016-12-22 01:45:26	1869	939	930	True	True
7721	felixxm	2016-12-20 20:30:07	felixxm	2016-12-20 20:19:27	18	2	16	True	True
7714	timgraham	2016-12-19 16:08:17	timgraham	2016-12-19 16:05:48	24	20	4	True	True
7714	timgraham	2016-12-19 16:08:17	timgraham	2016-12-19 18:44:02	16	5	11	False	True
7713	andrewnester	2016-12-19 12:36:49	andrewnester	2016-12-19 12:34:07	90	88	2	True	True
7711	timmartin	2016-12-18 15:01:20	timmartin	2016-12-18 08:08:53	29	24	5	True	True
7709	charettes	2016-12-17 20:19:58	charettes	2016-12-17 20:06:47	21	21	0	True	True
7708	jleclanche	2016-12-17 15:39:42	jleclanche	2016-12-17 15:34:32	14	11	3	True	True
7703	timgraham	2016-12-16 22:55:56	timgraham	2016-12-16 22:54:21	9	5	4	True	True
7703	timgraham	2016-12-16 22:55:56	timgraham	2016-12-16 23:34:41	9	9	0	False	True
7700	timgraham	2016-12-16 16:46:22	timgraham	2016-12-16 16:42:26	80	15	65	True	True
7695	sir-sigurd	2016-12-15 17:00:37	sir-sigurd	2016-12-15 16:59:04	43	26	17	True	True
7693	timgraham	2016-12-15 13:29:50	timgraham	2016-12-09 23:38:17	101	95	6	True	True
7689	ellmetha	2016-12-14 16:00:03	ellmetha	2016-12-14 15:57:00	12	9	3	True	True
7687	sir-sigurd	2016-12-14 14:03:48	sir-sigurd	2016-12-14 10:44:23	123	73	50	True	True
7685	timgraham	2016-12-13 21:53:51	timgraham	2016-12-13 21:50:00	40	39	1	True	True
7683	sihaelov	2016-12-13 14:16:54	sihaelov	2016-12-13 11:38:09	46	40	6	True	True
7682	francoisfreitag	2016-12-13 03:28:06	francoisfreitag	2016-12-18 04:55:06	14	9	5	False	True
7681	jpic	2016-12-13 00:40:32	jpic	2016-12-13 00:36:08	29	26	3	True	True
7681	jpic	2016-12-13 00:40:32	jpic	2016-12-21 10:29:28	1	1	0	False	True
7681	jpic	2016-12-13 00:40:32	jpic	2016-12-21 10:49:27	19	16	3	False	True
7681	jpic	2016-12-13 00:40:32	jpic	2016-12-20 17:10:37	3	3	0	False	True
7681	jpic	2016-12-13 00:40:32	jpic	2016-12-20 16:20:39	2	1	1	False	True
7681	jpic	2016-12-13 00:40:32	jpic	2016-12-20 16:15:42	1	0	1	False	True
7681	jpic	2016-12-13 00:40:32	jpic	2016-12-20 16:19:00	2	1	1	False	True
7681	jpic	2016-12-13 00:40:32	jpic	2016-12-20 17:18:13	2	1	1	False	True
7681	jpic	2016-12-13 00:40:32	jpic	2016-12-20 17:12:54	5	3	2	False	True
7677	inglesp	2016-12-10 18:09:02	inglesp	2016-12-10 18:05:34	87	86	1	True	True
7675	reficul31	2016-12-10 14:07:39	timgraham	2016-12-28 20:32:31	36	33	3	False	True
7673	ellmetha	2016-12-09 23:10:49	ellmetha	2016-12-09 22:59:32	237	229	8	True	True
7671	wkornewald	2016-12-09 15:03:07	wkornewald	2016-12-09 14:07:25	71	69	2	True	True
7670	sir-sigurd	2016-12-09 09:44:39	sir-sigurd	2017-03-15 19:12:13	219	144	75	False	True
7669	felixxm	2016-12-09 09:24:51	felixxm	2016-12-09 09:18:22	7	6	1	True	True
7668	dhoffman34	2016-12-09 00:42:19	dhoffman34	2016-12-09 00:17:02	42	33	9	True	True
7663	frishberg	2016-12-07 21:00:12	frishberg	2015-02-23 16:50:42	114	105	9	True	True
7662	timgraham	2016-12-06 19:26:29	timgraham	2016-12-06 19:21:14	188	84	104	True	True
7654	truthdoug	2016-12-02 19:12:31	truthdoug	2016-12-06 14:42:21	13	8	5	False	True
7654	truthdoug	2016-12-02 19:12:31	truthdoug	2016-12-02 18:52:24	14	9	5	True	True
7651	jdufresne	2016-12-02 04:37:54	jdufresne	2016-12-02 02:28:29	16	9	7	True	True
7649	claudep	2016-12-01 20:49:20	jaap3	2016-12-01 20:41:22	60	34	26	True	True
7649	claudep	2016-12-01 20:49:20	claudep	2016-12-01 20:22:16	38	19	19	True	True
