pr_number	author_user_login	pr_created_at	review_user_login	review_created_at	filename	create_before_pr	has_issue_comment	has_review_comment	has_commit
173	dbrgn	2012-06-25 11:01:11	jezdez	2012-07-02 10:53:21	docs/ref/contrib/formtools/form-wizard.txt	True	True	True	True
173	dbrgn	2012-06-25 11:01:11	jezdez	2012-07-02 10:53:34	django/contrib/formtools/wizard/views.py	True	True	True	True
173	dbrgn	2012-06-25 11:01:11	jezdez	2012-07-02 10:53:34	django/contrib/formtools/wizard/storage/base.py	True	True	True	True
173	dbrgn	2012-06-25 11:01:11	jezdez	2012-07-02 10:53:34	docs/ref/contrib/formtools/form-wizard.txt	True	True	True	True
173	dbrgn	2012-06-25 11:01:11	jezdez	2012-07-02 10:53:34	docs/topics/files.txt	True	True	True	True
173	dbrgn	2012-06-25 11:01:11	jezdez	2012-07-02 10:53:34	django/contrib/formtools/wizard/storage/base.py	False	True	True	True
173	dbrgn	2012-06-25 11:01:11	jezdez	2012-07-02 10:53:34	docs/ref/contrib/formtools/form-wizard.txt	False	True	True	True
173	dbrgn	2012-06-25 11:01:11	jezdez	2012-07-02 10:53:21	django/contrib/formtools/wizard/storage/base.py	True	True	True	True
173	dbrgn	2012-06-25 11:01:11	jezdez	2012-07-02 10:53:21	django/contrib/formtools/wizard/views.py	True	True	True	True
173	dbrgn	2012-06-25 11:01:11	apollo13	2012-07-02 09:43:31	django/contrib/formtools/wizard/storage/base.py	False	True	True	True
173	dbrgn	2012-06-25 11:01:11	jezdez	2012-07-02 10:53:21	docs/topics/files.txt	True	True	True	True
173	dbrgn	2012-06-25 11:01:11	jezdez	2012-07-02 10:53:21	django/contrib/formtools/wizard/storage/base.py	False	True	True	True
173	dbrgn	2012-06-25 11:01:11	jezdez	2012-07-02 10:53:21	docs/ref/contrib/formtools/form-wizard.txt	False	True	True	True
173	dbrgn	2012-06-25 11:01:11	apollo13	2012-07-02 09:43:31	django/contrib/formtools/wizard/storage/base.py	True	True	True	True
173	dbrgn	2012-06-25 11:01:11	apollo13	2012-07-02 09:43:31	django/contrib/formtools/wizard/views.py	True	True	True	True
173	dbrgn	2012-06-25 11:01:11	apollo13	2012-07-02 09:43:31	docs/ref/contrib/formtools/form-wizard.txt	True	True	True	True
173	dbrgn	2012-06-25 11:01:11	apollo13	2012-07-02 09:43:31	docs/topics/files.txt	True	True	True	True
173	dbrgn	2012-06-25 11:01:11	apollo13	2012-07-02 09:43:31	docs/ref/contrib/formtools/form-wizard.txt	False	True	True	True
168	claudep	2012-06-21 18:10:21	jbronn	2012-09-10 02:04:58	django/contrib/gis/geos/tests/test_geos.py	True	True	True	True
168	claudep	2012-06-21 18:10:21	jbronn	2012-09-10 02:04:58	django/contrib/gis/geos/geometry.py	True	True	True	True
168	claudep	2012-06-21 18:10:21	jbronn	2012-09-10 02:04:58	django/contrib/gis/geos/prototypes/topology.py	True	True	True	True
168	claudep	2012-06-21 18:10:21	jbronn	2012-09-10 02:04:58	docs/ref/contrib/gis/geos.txt	True	True	True	True
168	claudep	2012-06-21 18:10:21	jbronn	2012-09-10 02:04:58	docs/releases/1.5.txt	True	True	True	True
165	tuxcanfly	2012-06-20 06:27:46	akaariai	2012-07-15 08:52:05	django/forms/models.py	True	True	True	True
165	tuxcanfly	2012-06-20 06:27:46	akaariai	2012-07-15 08:48:13	django/forms/models.py	False	True	True	True
165	tuxcanfly	2012-06-20 06:27:46	akaariai	2012-07-15 08:48:13	tests/regressiontests/inline_formsets/tests.py	True	True	True	True
165	tuxcanfly	2012-06-20 06:27:46	akaariai	2012-07-15 08:48:13	django/forms/models.py	True	True	True	True
165	tuxcanfly	2012-06-20 06:27:46	akaariai	2012-07-15 08:51:01	django/forms/models.py	False	True	True	True
165	tuxcanfly	2012-06-20 06:27:46	akaariai	2012-07-15 08:51:01	tests/regressiontests/inline_formsets/tests.py	True	True	True	True
165	tuxcanfly	2012-06-20 06:27:46	akaariai	2012-07-15 08:51:01	django/forms/models.py	True	True	True	True
165	tuxcanfly	2012-06-20 06:27:46	akaariai	2012-07-15 08:52:05	django/forms/models.py	False	True	True	True
165	tuxcanfly	2012-06-20 06:27:46	akaariai	2012-07-15 08:52:05	tests/regressiontests/inline_formsets/tests.py	True	True	True	True
158	ekkus93	2012-06-17 00:03:12	jphalip	2012-06-17 03:34:32	django/contrib/admin/static/admin/js/collapse.min.js	True	True	True	True
158	ekkus93	2012-06-17 00:03:12	jphalip	2012-06-17 03:34:37	tests/mkd_run_admin_test.ksh	True	True	True	True
158	ekkus93	2012-06-17 00:03:12	jphalip	2012-06-17 03:34:37	tests/regressiontests/admin_views/tests.py	True	True	True	True
158	ekkus93	2012-06-17 00:03:12	jphalip	2012-06-17 03:34:32	django/contrib/admin/static/admin/js/actions.min.js	True	True	True	True
158	ekkus93	2012-06-17 00:03:12	jphalip	2012-06-17 03:34:32	django/contrib/admin/options.py	True	True	True	True
158	ekkus93	2012-06-17 00:03:12	jphalip	2012-06-17 03:34:32	django/contrib/admin/static/admin/js/inlines.js	True	True	True	True
158	ekkus93	2012-06-17 00:03:12	jphalip	2012-06-17 03:34:32	django/contrib/admin/static/admin/js/inlines.min.js	True	True	True	True
158	ekkus93	2012-06-17 00:03:12	jphalip	2012-06-17 03:34:32	django/contrib/admin/static/admin/js/prepopulate.min.js	True	True	True	True
158	ekkus93	2012-06-17 00:03:12	jphalip	2012-06-17 03:34:37	django/contrib/admin/templates/admin/delete_selected_confirmation.html	True	True	True	True
158	ekkus93	2012-06-17 00:03:12	jphalip	2012-06-17 03:34:37	django/contrib/admin/templates/admin/index.html	True	True	True	True
158	ekkus93	2012-06-17 00:03:12	jphalip	2012-06-17 03:34:37	django/contrib/admin/static/admin/js/prepopulate.min.js	True	True	True	True
158	ekkus93	2012-06-17 00:03:12	jphalip	2012-06-17 03:34:37	django/contrib/admin/templates/admin/delete_confirmation.html	True	True	True	True
158	ekkus93	2012-06-17 00:03:12	jphalip	2012-06-17 03:34:37	django/contrib/admin/templates/admin/change_list.html	True	True	True	True
158	ekkus93	2012-06-17 00:03:12	jphalip	2012-06-17 03:34:37	django/contrib/admin/sites.py	True	True	True	True
158	ekkus93	2012-06-17 00:03:12	jphalip	2012-06-17 03:34:37	django/contrib/admin/options.py	True	True	True	True
158	ekkus93	2012-06-17 00:03:12	jphalip	2012-06-17 03:34:37	docs/internals/contributing/writing-code/submitting-patches.txt	True	True	True	True
158	ekkus93	2012-06-17 00:03:12	jphalip	2012-06-17 03:34:37	django/contrib/admin/static/admin/js/inlines.min.js	True	True	True	True
158	ekkus93	2012-06-17 00:03:12	jphalip	2012-06-17 03:34:37	django/contrib/admin/static/admin/js/inlines.js	True	True	True	True
158	ekkus93	2012-06-17 00:03:12	jphalip	2012-06-17 03:34:37	django/contrib/admin/static/admin/js/collapse.min.js	True	True	True	True
158	ekkus93	2012-06-17 00:03:12	jphalip	2012-06-17 03:34:37	django/contrib/admin/static/admin/js/actions.min.js	True	True	True	True
158	ekkus93	2012-06-17 00:03:12	jphalip	2012-06-17 03:34:32	docs/internals/contributing/writing-code/submitting-patches.txt	True	True	True	True
158	ekkus93	2012-06-17 00:03:12	jphalip	2012-06-17 03:34:32	django/contrib/admin/templates/admin/change_list.html	True	True	True	True
158	ekkus93	2012-06-17 00:03:12	jphalip	2012-06-17 03:34:32	django/contrib/admin/sites.py	True	True	True	True
158	ekkus93	2012-06-17 00:03:12	jphalip	2012-06-17 03:35:57	django/contrib/admin/static/admin/js/prepopulate.min.js	True	True	True	True
158	ekkus93	2012-06-17 00:03:12	jphalip	2012-06-17 03:35:57	tests/regressiontests/admin_views/tests.py	True	True	True	True
158	ekkus93	2012-06-17 00:03:12	jphalip	2012-06-17 03:35:57	tests/mkd_run_admin_test.ksh	True	True	True	True
158	ekkus93	2012-06-17 00:03:12	jphalip	2012-06-17 03:35:57	django/contrib/admin/templates/admin/index.html	True	True	True	True
158	ekkus93	2012-06-17 00:03:12	jphalip	2012-06-17 03:35:57	django/contrib/admin/templates/admin/delete_selected_confirmation.html	True	True	True	True
158	ekkus93	2012-06-17 00:03:12	jphalip	2012-06-17 03:35:57	django/contrib/admin/templates/admin/delete_confirmation.html	True	True	True	True
158	ekkus93	2012-06-17 00:03:12	jphalip	2012-06-17 03:35:57	django/contrib/admin/templates/admin/change_list.html	True	True	True	True
158	ekkus93	2012-06-17 00:03:12	jphalip	2012-06-17 03:35:57	django/contrib/admin/options.py	True	True	True	True
158	ekkus93	2012-06-17 00:03:12	jphalip	2012-06-17 03:35:57	docs/internals/contributing/writing-code/submitting-patches.txt	True	True	True	True
158	ekkus93	2012-06-17 00:03:12	jphalip	2012-06-17 03:35:57	django/contrib/admin/sites.py	True	True	True	True
158	ekkus93	2012-06-17 00:03:12	jphalip	2012-06-17 03:35:57	django/contrib/admin/static/admin/js/inlines.min.js	True	True	True	True
158	ekkus93	2012-06-17 00:03:12	jphalip	2012-06-17 03:34:32	tests/mkd_run_admin_test.ksh	True	True	True	True
158	ekkus93	2012-06-17 00:03:12	jphalip	2012-06-17 03:34:32	django/contrib/admin/templates/admin/delete_confirmation.html	True	True	True	True
158	ekkus93	2012-06-17 00:03:12	jphalip	2012-06-17 03:35:57	django/contrib/admin/static/admin/js/inlines.js	True	True	True	True
158	ekkus93	2012-06-17 00:03:12	jphalip	2012-06-17 03:34:32	django/contrib/admin/templates/admin/index.html	True	True	True	True
158	ekkus93	2012-06-17 00:03:12	jphalip	2012-06-17 03:34:32	django/contrib/admin/templates/admin/delete_selected_confirmation.html	True	True	True	True
158	ekkus93	2012-06-17 00:03:12	jphalip	2012-06-17 03:34:32	tests/regressiontests/admin_views/tests.py	True	True	True	True
158	ekkus93	2012-06-17 00:03:12	jphalip	2012-06-17 03:35:57	django/contrib/admin/static/admin/js/actions.min.js	True	True	True	True
158	ekkus93	2012-06-17 00:03:12	jphalip	2012-06-17 03:35:57	django/contrib/admin/static/admin/js/collapse.min.js	True	True	True	True
150	saschpe	2012-06-12 14:06:28	ptone	2012-09-27 23:43:23	tests/regressiontests/csrf_tests/tests.py	True	True	True	True
150	saschpe	2012-06-12 14:06:28	ptone	2012-09-27 23:43:23	django/middleware/csrf.py	True	True	True	True
150	saschpe	2012-06-12 14:06:28	ptone	2012-09-27 23:43:23	docs/ref/settings.txt	True	True	True	True
150	saschpe	2012-06-12 14:06:28	ptone	2012-09-27 23:43:23	docs/ref/contrib/csrf.txt	True	True	True	True
150	saschpe	2012-06-12 14:06:28	ptone	2012-09-27 23:43:23	django/conf/global_settings.py	True	True	True	True
147	fuu	2012-06-09 07:41:14	apollo13	2012-06-09 08:36:25	django/contrib/admin/templates/admin/object_history.html	True	True	True	True
136	dmedvinsky	2012-06-08 10:12:10	apollo13	2012-06-09 08:26:46	tests/regressiontests/dispatch/tests/test_dispatcher.py	True	True	True	True
136	dmedvinsky	2012-06-08 10:12:10	apollo13	2012-06-09 08:26:46	django/dispatch/dispatcher.py	True	True	True	True
136	dmedvinsky	2012-06-08 10:12:10	apollo13	2012-06-09 08:28:25	docs/topics/signals.txt	True	True	True	True
136	dmedvinsky	2012-06-08 10:12:10	apollo13	2012-06-09 08:26:46	tests/regressiontests/dispatch/tests/__init__.py	True	True	True	True
136	dmedvinsky	2012-06-08 10:12:10	apollo13	2012-06-09 08:26:46	docs/topics/signals.txt	True	True	True	True
136	dmedvinsky	2012-06-08 10:12:10	apollo13	2012-06-09 08:28:25	django/dispatch/dispatcher.py	True	True	True	True
136	dmedvinsky	2012-06-08 10:12:10	apollo13	2012-06-09 12:26:58	django/dispatch/dispatcher.py	True	True	True	True
136	dmedvinsky	2012-06-08 10:12:10	apollo13	2012-06-09 08:28:25	tests/regressiontests/dispatch/tests/__init__.py	True	True	True	True
136	dmedvinsky	2012-06-08 10:12:10	apollo13	2012-06-09 12:26:58	docs/topics/signals.txt	True	True	True	True
136	dmedvinsky	2012-06-08 10:12:10	apollo13	2012-06-09 12:26:58	tests/regressiontests/dispatch/tests/__init__.py	True	True	True	True
136	dmedvinsky	2012-06-08 10:12:10	apollo13	2012-06-09 12:26:58	tests/regressiontests/dispatch/tests/test_dispatcher.py	True	True	True	True
136	dmedvinsky	2012-06-08 10:12:10	apollo13	2012-06-09 08:28:25	tests/regressiontests/dispatch/tests/test_dispatcher.py	True	True	True	True
134	ghost	2012-06-08 10:03:04	chrismedrela	2012-06-08 18:52:59	docs/releases/1.5.txt	True	True	True	True
134	ghost	2012-06-08 10:03:04	chrismedrela	2012-06-08 18:52:59	docs/releases/1.4.1.txt	True	True	True	True
134	ghost	2012-06-08 10:03:04	chrismedrela	2012-06-08 18:52:59	django/contrib/auth/tests/remote_user.py	True	True	True	True
134	ghost	2012-06-08 10:03:04	chrismedrela	2012-06-08 18:52:59	django/contrib/auth/middleware.py	True	True	True	True
124	oinopion	2012-06-07 15:57:36	akaariai	2012-06-08 10:07:21	tests/modeltests/select_related/tests.py	True	True	True	True
124	oinopion	2012-06-07 15:57:36	akaariai	2012-06-08 10:07:21	tests/modeltests/select_related/models.py	True	True	True	True
124	oinopion	2012-06-07 15:57:36	akaariai	2012-06-08 10:07:21	django/db/models/sql/query.py	True	True	True	True
124	oinopion	2012-06-07 15:57:36	akaariai	2012-06-08 10:09:49	tests/modeltests/select_related/tests.py	True	True	True	True
124	oinopion	2012-06-07 15:57:36	akaariai	2012-06-08 10:09:49	tests/modeltests/select_related/models.py	True	True	True	True
124	oinopion	2012-06-07 15:57:36	akaariai	2012-06-08 10:09:49	django/db/models/sql/query.py	True	True	True	True
110	msabramo	2012-06-04 21:02:55	apollo13	2012-06-09 12:36:53	.gitignore	True	True	True	True
110	msabramo	2012-06-04 21:02:55	apollo13	2012-06-09 12:36:53	tox.ini	True	True	True	True
110	msabramo	2012-06-04 21:02:55	apollo13	2012-06-09 12:36:53	.travis.yml	True	True	True	True
