pr_number	author_user_login	pr_created_at	commit_user_login	commit_created_at	commit_status_total	commit_status_additions	commit_status_deletions	create_before_pr	is_review_commit
7645	aaboffill	2016-11-30 21:06:15	aaboffill	2016-12-01 04:50:33	32	16	16	False	True
7645	aaboffill	2016-11-30 21:06:15	aaboffill	2016-11-25 20:03:38	449	290	159	True	True
7645	aaboffill	2016-11-30 21:06:15	aaboffill	2016-11-23 14:56:57	44	37	7	True	True
7645	aaboffill	2016-11-30 21:06:15	aaboffill	2016-11-30 20:35:34	1094	712	382	True	True
7645	aaboffill	2016-11-30 21:06:15	aaboffill	2016-11-27 04:51:14	157	142	15	True	True
7645	aaboffill	2016-11-30 21:06:15	aaboffill	2016-12-01 05:09:19	5	3	2	False	True
7645	aaboffill	2016-11-30 21:06:15	aaboffill	2016-12-08 21:07:34	14	6	8	False	True
7644	claudep	2016-11-30 18:37:08	claudep	2016-11-30 18:32:36	36	32	4	True	True
7644	claudep	2016-11-30 18:37:08	timgraham	2016-12-01 01:02:06	43	21	22	False	True
7640	claudep	2016-11-30 11:35:31	claudep	2016-11-30 11:33:58	57	39	18	True	True
7638	felixxm	2016-11-30 09:13:09	felixxm	2016-11-30 09:09:05	22	12	10	True	True
7637	sir-sigurd	2016-11-30 09:01:34	sir-sigurd	2016-11-30 08:36:25	43	32	11	True	True
7634	desecho	2016-11-29 19:34:48	desecho	2016-11-30 18:37:07	23	22	1	False	True
7633	sir-sigurd	2016-11-29 19:06:00	sir-sigurd	2016-11-29 19:03:39	18	17	1	True	True
7630	andrewnester	2016-11-29 10:40:13	andrewnester	2016-11-29 10:38:52	16	14	2	True	True
7629	Keda87	2016-11-29 06:01:05	Keda87	2016-12-01 13:08:51	22	14	8	False	True
7629	Keda87	2016-11-29 06:01:05	Keda87	2016-11-29 05:54:17	36	36	0	True	True
7628	charettes	2016-11-29 05:23:09	charettes	2016-11-29 05:21:14	6	3	3	True	True
7624	francoisfreitag	2016-11-27 19:45:49	urbaniak	2016-11-05 11:56:34	23	22	1	True	True
7623	romgar	2016-11-27 18:12:56	romgar	2016-11-27 18:04:19	134	123	11	True	True
7618	weima	2016-11-25 00:16:54	weima	2016-11-29 17:44:32	2	1	1	False	True
7618	weima	2016-11-25 00:16:54	weima	2016-11-25 21:06:26	21	16	5	False	True
7615	LilyFoote	2016-11-24 18:24:58	LilyFoote	2016-11-05 13:12:12	838	799	39	True	True
7611	atombrella	2016-11-24 10:16:06	atombrella	2016-07-17 16:25:17	1635	1627	8	True	True
7610	niconoe	2016-11-24 09:51:48	niconoe	2018-04-27 20:35:25	125	121	4	False	True
7607	adamchainz	2016-11-23 22:56:26	adamchainz	2016-11-23 22:55:19	20	15	5	True	True
7604	florisdenhengst	2016-11-23 22:19:07	florisdenhengst	2016-07-05 09:47:24	158	146	12	True	True
7603	adamchainz	2016-11-23 22:04:49	adamchainz	2016-11-23 22:04:10	54	46	8	True	True
7600	blueyed	2016-11-23 15:39:36	blueyed	2016-11-23 15:36:11	70	59	11	True	True
7598	adamchainz	2016-11-22 19:57:03	adamchainz	2016-11-09 12:57:27	88	60	28	True	True
7596	desecho	2016-11-22 16:14:28	desecho	2016-12-01 16:05:08	15	15	0	False	True
7594	adamchainz	2016-11-22 11:57:38	adamchainz	2016-11-22 11:56:22	81	76	5	True	True
7593	daavve	2016-11-22 05:48:39	daavve	2016-11-22 05:44:25	16	15	1	True	True
7593	daavve	2016-11-22 05:48:39	daavve	2016-11-22 06:18:04	6	3	3	False	True
7592	raminfp	2016-11-22 05:40:58	raminfp	2016-11-22 07:37:54	5	2	3	False	True
7592	raminfp	2016-11-22 05:40:58	raminfp	2016-11-23 07:26:04	41	33	8	False	True
7592	raminfp	2016-11-22 05:40:58	raminfp	2016-11-24 11:57:50	12	3	9	False	True
7592	raminfp	2016-11-22 05:40:58	raminfp	2016-11-24 08:57:34	41	19	22	False	True
7592	raminfp	2016-11-22 05:40:58	raminfp	2016-11-23 08:00:18	3	1	2	False	True
7592	raminfp	2016-11-22 05:40:58	raminfp	2016-11-22 05:47:19	4	3	1	False	True
7592	raminfp	2016-11-22 05:40:58	raminfp	2016-11-22 10:15:31	2	1	1	False	True
7592	raminfp	2016-11-22 05:40:58	raminfp	2016-11-23 07:43:56	3	2	1	False	True
7592	raminfp	2016-11-22 05:40:58	raminfp	2016-11-22 05:39:47	1	1	0	True	True
7592	raminfp	2016-11-22 05:40:58	raminfp	2016-11-22 05:43:15	2	1	1	False	True
7591	apollo13	2016-11-21 17:53:00	apollo13	2016-11-21 16:21:43	31	28	3	True	True
7590	vlt	2016-11-21 15:43:52	vlt	2016-11-21 15:38:30	10	5	5	True	True
7590	vlt	2016-11-21 15:43:52	vlt	2016-11-22 08:00:10	10	5	5	False	True
7589	MarkusH	2016-11-21 15:02:11	MarkusH	2016-11-06 11:03:05	99	84	15	True	True
7589	MarkusH	2016-11-21 15:02:11	MarkusH	2017-01-16 14:20:06	3	3	0	False	True
7589	MarkusH	2016-11-21 15:02:11	MarkusH	2016-11-06 12:20:08	139	79	60	True	True
7587	francoisfreitag	2016-11-21 01:47:21	francoisfreitag	2016-06-03 22:31:21	196	165	31	True	True
7584	adamchainz	2016-11-20 18:15:17	adamchainz	2016-11-20 18:14:27	18	12	6	True	True
7583	adamchainz	2016-11-20 18:07:51	adamchainz	2016-11-20 18:02:10	95	82	13	True	True
7581	adamchainz	2016-11-20 13:38:13	adamchainz	2016-11-10 11:01:28	21	10	11	True	True
7579	eukreign	2016-11-18 23:00:53	eukreign	2016-11-18 22:36:34	29	27	2	True	True
7579	eukreign	2016-11-18 23:00:53	eukreign	2016-11-29 02:58:08	7	4	3	False	True
7578	toshka	2016-11-18 22:07:58	toshka	2016-11-23 19:44:08	13	3	10	False	True
7578	toshka	2016-11-18 22:07:58	toshka	2016-12-01 12:58:00	12	3	9	False	True
7578	toshka	2016-11-18 22:07:58	toshka	2016-11-18 22:01:27	26	20	6	True	True
7577	marky1991	2016-11-18 16:01:39	marky1991	2016-11-18 15:11:31	26	23	3	True	True
7576	niconoe	2016-11-18 11:32:12	niconoe	2016-11-19 11:53:45	20	8	12	False	True
7576	niconoe	2016-11-18 11:32:12	niconoe	2016-11-18 14:36:16	7	5	2	False	True
7576	niconoe	2016-11-18 11:32:12	niconoe	2016-11-18 11:26:44	12	7	5	True	True
7575	francoisfreitag	2016-11-18 02:53:47	francoisfreitag	2016-11-18 02:45:57	2	1	1	True	True
7573	ewjoachim	2016-11-17 14:09:30	ewjoachim	2016-11-17 08:37:52	4	1	3	True	True
7571	felixxm	2016-11-17 10:13:15	felixxm	2016-11-16 21:56:02	34	23	11	True	True
7570	ewjoachim	2016-11-17 08:40:53	ewjoachim	2016-11-17 08:37:52	4	1	3	True	True
7569	PREM1980	2016-11-16 21:19:37	timgraham	2016-11-17 15:09:08	11	4	7	False	True
7569	PREM1980	2016-11-16 21:19:37	PREM1980	2016-11-16 21:18:37	14	8	6	True	True
7569	PREM1980	2016-11-16 21:19:37	PREM1980	2016-10-10 15:21:35	13	12	1	True	True
7568	sir-sigurd	2016-11-16 17:27:48	sir-sigurd	2016-11-16 12:07:36	142	105	37	True	True
7567	adamchainz	2016-11-16 15:50:27	adamchainz	2016-11-23 14:59:43	19	19	0	False	True
7567	adamchainz	2016-11-16 15:50:27	adamchainz	2016-11-16 14:49:20	22	19	3	True	True
7565	vinayinvicible	2016-11-16 13:26:28	vinayinvicible	2016-11-16 13:22:38	27	26	1	True	True
7563	felixxm	2016-11-15 20:22:51	boblefrag	2016-07-27 13:17:05	118	105	13	True	True
7562	sir-sigurd	2016-11-15 17:01:11	sir-sigurd	2016-11-13 13:13:34	34	25	9	True	True
7561	timgraham	2016-11-15 14:35:16	timgraham	2016-11-15 14:34:16	6	3	3	True	True
7560	ticosax	2016-11-15 14:03:51	ticosax	2017-09-04 15:43:33	7	7	0	False	True
7560	ticosax	2016-11-15 14:03:51	ticosax	2017-09-12 07:35:50	12	6	6	False	True
7560	ticosax	2016-11-15 14:03:51	ticosax	2017-09-05 09:29:40	20	11	9	False	True
7560	ticosax	2016-11-15 14:03:51	ticosax	2017-09-09 14:15:41	107	57	50	False	True
7560	ticosax	2016-11-15 14:03:51	ticosax	2017-09-04 15:44:58	2	2	0	False	True
7560	ticosax	2016-11-15 14:03:51	ticosax	2017-09-05 13:52:12	406	202	204	False	True
7560	ticosax	2016-11-15 14:03:51	ticosax	2017-09-04 15:51:32	2	1	1	False	True
7560	ticosax	2016-11-15 14:03:51	ticosax	2017-09-04 13:25:22	35	35	0	False	True
7560	ticosax	2016-11-15 14:03:51	ticosax	2017-09-06 08:38:36	61	35	26	False	True
7560	ticosax	2016-11-15 14:03:51	ticosax	2017-09-09 14:38:12	42	23	19	False	True
7560	ticosax	2016-11-15 14:03:51	ticosax	2017-09-10 13:23:02	6	3	3	False	True
7560	ticosax	2016-11-15 14:03:51	ticosax	2017-09-10 13:51:14	3	2	1	False	True
7560	ticosax	2016-11-15 14:03:51	ticosax	2017-09-04 13:25:31	17	11	6	False	True
7560	ticosax	2016-11-15 14:03:51	ticosax	2017-09-11 10:45:47	25	18	7	False	True
7560	ticosax	2016-11-15 14:03:51	ticosax	2017-09-09 13:33:01	174	93	81	False	True
7560	ticosax	2016-11-15 14:03:51	ticosax	2017-09-04 10:16:32	210	105	105	False	True
7560	ticosax	2016-11-15 14:03:51	ticosax	2017-09-05 09:09:23	54	28	26	False	True
7560	ticosax	2016-11-15 14:03:51	holvianssi	2017-09-04 08:48:16	29	27	2	False	True
7560	ticosax	2016-11-15 14:03:51	holvianssi	2017-09-04 07:23:03	51	32	19	False	True
7560	ticosax	2016-11-15 14:03:51	ticosax	2016-11-22 16:09:31	309	302	7	False	True
7560	ticosax	2016-11-15 14:03:51	ticosax	2017-09-04 12:04:13	3	0	3	False	True
7560	ticosax	2016-11-15 14:03:51	holvianssi	2016-11-25 10:13:40	219	133	86	False	True
7560	ticosax	2016-11-15 14:03:51	ticosax	2017-09-04 11:48:51	37	18	19	False	True
7560	ticosax	2016-11-15 14:03:51	ticosax	2017-09-04 12:23:16	18	17	1	False	True
7560	ticosax	2016-11-15 14:03:51	ticosax	2017-09-10 13:51:40	8	7	1	False	True
7560	ticosax	2016-11-15 14:03:51	ticosax	2017-08-07 15:26:56	5	3	2	False	True
7560	ticosax	2016-11-15 14:03:51	ticosax	2017-07-03 08:53:50	2	1	1	False	True
7560	ticosax	2016-11-15 14:03:51	ticosax	2017-06-21 14:41:17	15	14	1	False	True
7560	ticosax	2016-11-15 14:03:51	holvianssi	2017-03-23 09:25:26	92	79	13	False	True
7560	ticosax	2016-11-15 14:03:51	ticosax	2017-02-15 15:22:06	294	231	63	False	True
7559	joncasdam	2016-11-15 11:57:58	joncasdam	2016-11-15 11:54:45	27	27	0	True	True
7557	charettes	2016-11-15 01:17:17	charettes	2016-09-11 00:30:14	16	16	0	True	True
7555	felixxm	2016-11-14 20:31:29	boblefrag	2016-10-18 09:16:12	38	15	23	True	True
7554	atombrella	2016-11-14 12:30:49	atombrella	2016-11-12 20:42:20	29	17	12	True	True
7553	joncasdam	2016-11-14 09:22:04	joncasdam	2016-11-14 09:18:41	4	3	1	True	True
7552	sir-sigurd	2016-11-13 17:58:54	sir-sigurd	2016-11-13 17:52:22	19	18	1	True	True
7550	MarkusH	2016-11-13 14:06:22	aaugustin	2016-09-30 20:06:02	83	63	20	True	True
7548	mscott250	2016-11-12 19:10:28	mscott250	2016-11-12 19:09:15	58	53	5	True	True
7548	mscott250	2016-11-12 19:10:28	mscott250	2016-12-11 19:09:19	58	43	15	False	True
7545	raminfp	2016-11-12 05:50:17	raminfp	2016-11-12 05:49:18	173	90	83	True	True
7542	tomchristie	2016-11-11 16:37:56	tomchristie	2016-11-11 16:26:21	571	265	306	True	True
7542	tomchristie	2016-11-11 16:37:56	tomchristie	2016-11-14 10:56:11	6	3	3	False	True
7539	roques	2016-11-10 22:04:44	roques	2016-11-06 11:47:17	54	43	11	True	True
7536	zii	2016-11-10 15:18:16	zii	2016-11-11 09:26:06	4	2	2	False	True
7536	zii	2016-11-10 15:18:16	zii	2016-11-10 15:38:23	2	1	1	False	True
7536	zii	2016-11-10 15:18:16	zii	2016-11-11 09:17:26	27	21	6	False	True
7536	zii	2016-11-10 15:18:16	zii	2016-11-10 15:33:05	3	1	2	False	True
7536	zii	2016-11-10 15:18:16	zii	2016-11-10 15:17:59	25	24	1	True	True
7536	zii	2016-11-10 15:18:16	zii	2016-11-11 02:45:50	3	1	2	False	True
7536	zii	2016-11-10 15:18:16	zii	2016-11-10 15:27:56	8	5	3	False	True
7534	timgraham	2016-11-10 11:32:41	timgraham	2016-11-10 11:30:38	28	21	7	True	True
7533	HenryDangPRG	2016-11-10 03:29:50	HenryDangPRG	2016-11-10 03:22:56	25	25	0	True	True
7532	andrewnester	2016-11-09 10:41:00	andrewnester	2016-11-09 10:39:45	59	52	7	True	True
7529	raminfp	2016-11-08 02:05:17	raminfp	2016-11-09 06:42:52	16	8	8	False	True
7529	raminfp	2016-11-08 02:05:17	raminfp	2016-11-08 03:05:47	14	9	5	False	True
7529	raminfp	2016-11-08 02:05:17	raminfp	2016-11-10 17:21:18	3	2	1	False	True
7529	raminfp	2016-11-08 02:05:17	raminfp	2016-11-12 02:31:38	269	249	20	False	True
7529	raminfp	2016-11-08 02:05:17	raminfp	2016-11-08 02:23:01	9	5	4	False	True
7529	raminfp	2016-11-08 02:05:17	raminfp	2016-11-08 02:03:25	20	17	3	True	True
7529	raminfp	2016-11-08 02:05:17	raminfp	2016-11-08 03:20:00	2	1	1	False	True
7529	raminfp	2016-11-08 02:05:17	raminfp	2016-11-10 16:54:42	18	14	4	False	True
7528	romgar	2016-11-07 22:48:46	romgar	2016-11-07 22:08:40	232	217	15	True	True
7525	codingjoe	2016-11-06 17:11:26	codingjoe	2018-05-26 12:04:27	187	129	58	False	True
7525	codingjoe	2016-11-06 17:11:26	codingjoe	2018-08-25 18:39:54	6	6	0	False	True
7525	codingjoe	2016-11-06 17:11:26	codingjoe	2016-11-06 17:08:29	195	195	0	True	True
7524	carljm	2016-11-06 13:02:22	carljm	2016-11-06 13:01:30	5	3	2	True	True
7522	sbast	2016-11-06 12:56:31	sbast	2016-11-06 12:52:06	133	121	12	True	True
7521	carljm	2016-11-06 12:53:33	carljm	2016-11-06 12:52:07	65	48	17	True	True
7521	carljm	2016-11-06 12:53:33	carljm	2016-11-14 23:48:02	81	81	0	False	True
7520	olibook	2016-11-06 12:06:10	olibook	2016-11-06 11:57:38	42	36	6	True	True
7519	burhan	2016-11-06 11:29:32	burhan	2016-11-06 11:26:59	44	44	0	True	True
7517	LilyFoote	2016-11-06 10:39:33	LilyFoote	2016-11-05 15:49:29	115	107	8	True	True
7517	LilyFoote	2016-11-06 10:39:33	LilyFoote	2016-11-06 10:37:07	116	115	1	True	True
7515	ewjoachim	2016-11-06 10:05:35	ewjoachim	2016-11-05 16:06:24	274	263	11	True	True
7515	ewjoachim	2016-11-06 10:05:35	ewjoachim	2016-11-06 11:57:12	37	33	4	False	True
7515	ewjoachim	2016-11-06 10:05:35	wengole	2016-11-06 12:20:13	19	19	0	False	True
7515	ewjoachim	2016-11-06 10:05:35	ewjoachim	2016-11-05 16:06:24	1	1	0	True	True
7515	ewjoachim	2016-11-06 10:05:35	wengole	2016-11-07 09:41:01	1	1	0	False	True
7515	ewjoachim	2016-11-06 10:05:35	ewjoachim	2016-11-06 11:14:47	78	32	46	False	True
7514	olibook	2016-11-06 09:34:19	olibook	2016-11-05 13:29:13	174	161	13	True	True
7512	troef	2016-11-05 21:57:20	Jop Reyntjes	2016-11-05 21:49:48	16	16	0	True	True
7510	MaartenPI	2016-11-05 16:50:09	MaartenPI	2016-11-05 15:24:03	45	40	5	True	True
7510	MaartenPI	2016-11-05 16:50:09	MaartenPI	2016-11-05 16:42:33	9	4	5	True	True
7510	MaartenPI	2016-11-05 16:50:09	MaartenPI	2016-11-05 16:45:02	2	1	1	True	True
7510	MaartenPI	2016-11-05 16:50:09	MaartenPI	2016-11-05 16:46:53	2	1	1	True	True
7510	MaartenPI	2016-11-05 16:50:09	MaartenPI	2016-11-07 19:53:00	14	10	4	False	True
7510	MaartenPI	2016-11-05 16:50:09	Maarten Katoen	2016-11-18 08:38:31	9	5	4	False	True
7509	olibook	2016-11-05 16:29:13	olibook	2016-11-05 16:12:52	106	81	25	True	True
7508	ubernostrum	2016-11-05 16:28:20	ubernostrum	2016-11-05 16:27:15	154	154	0	True	True
7507	jackieleng	2016-11-05 16:23:44	jackieleng	2016-11-12 01:46:18	6	3	3	False	True
7507	jackieleng	2016-11-05 16:23:44	jackieleng	2016-11-12 04:06:19	7	5	2	False	True
7507	jackieleng	2016-11-05 16:23:44	jackieleng	2016-11-19 02:16:34	3	2	1	False	True
7507	jackieleng	2016-11-05 16:23:44	jackieleng	2016-11-12 01:54:33	14	6	8	False	True
7507	jackieleng	2016-11-05 16:23:44	jackieleng	2016-11-12 02:53:04	2	1	1	False	True
7507	jackieleng	2016-11-05 16:23:44	jackieleng	2016-11-06 22:55:28	23	14	9	False	True
7507	jackieleng	2016-11-05 16:23:44	jackieleng	2016-11-15 22:19:42	6	5	1	False	True
7507	jackieleng	2016-11-05 16:23:44	jackieleng	2016-11-05 19:54:48	10	5	5	False	True
7507	jackieleng	2016-11-05 16:23:44	jackieleng	2016-11-05 16:08:47	27	24	3	True	True
7507	jackieleng	2016-11-05 16:23:44	jackieleng	2016-11-05 16:37:10	4	2	2	False	True
7507	jackieleng	2016-11-05 16:23:44	jackieleng	2016-11-08 00:06:21	18	13	5	False	True
7507	jackieleng	2016-11-05 16:23:44	jackieleng	2016-11-06 23:25:48	3	2	1	False	True
7507	jackieleng	2016-11-05 16:23:44	jackieleng	2016-11-12 18:21:48	2	1	1	False	True
7502	veldman	2016-11-05 15:31:06	veldman	2016-11-06 09:30:48	38	37	1	False	True
7501	alixmartineau	2016-11-05 15:28:47	alix-rm	2016-11-05 15:25:16	10	10	0	True	True
7500	nemesisdesign	2016-11-05 15:16:43	thomas-scrace	2016-11-09 10:31:43	5	5	0	False	True
7500	nemesisdesign	2016-11-05 15:16:43	thomas-scrace	2016-09-11 09:23:35	20	19	1	True	True
7499	dadoeyad	2016-11-05 15:09:12	berkerpeksag	2016-08-23 21:07:28	17	13	4	True	True
7499	dadoeyad	2016-11-05 15:09:12	dadoeyad	2016-11-05 15:07:38	27	22	5	True	True
7498	woutdp	2016-11-05 15:02:23	woutdp	2016-11-05 14:38:52	30	29	1	True	True
7497	stlk	2016-11-05 14:56:26	stlk	2016-11-05 11:27:44	110	83	27	True	True
7495	kmtracey	2016-11-05 14:03:13	kmtracey	2016-11-05 13:56:03	82	57	25	True	True
7494	alixmartineau	2016-11-05 13:58:12	alix-rm	2016-11-05 13:50:16	22	19	3	True	True
7493	bogdal	2016-11-05 13:57:28	bogdal	2016-11-11 01:38:16	37	37	0	False	True
7493	bogdal	2016-11-05 13:57:28	bogdal	2017-06-14 12:36:07	12	4	8	False	True
7493	bogdal	2016-11-05 13:57:28	bogdal	2016-11-11 01:46:36	77	77	0	False	True
7491	ntuckovic	2016-11-05 13:42:47	ntuckovic	2016-11-05 13:50:18	46	23	23	False	True
7491	ntuckovic	2016-11-05 13:42:47	ntuckovic	2016-11-05 14:14:28	7	4	3	False	True
7491	ntuckovic	2016-11-05 13:42:47	ntuckovic	2016-11-05 13:18:11	31	31	0	True	True
7487	vincent-prz	2016-11-05 13:06:45	vperez-yolaw	2016-11-05 12:58:28	51	39	12	True	True
7486	frgtn	2016-11-05 13:05:17	frgtn	2016-11-05 12:46:59	27	15	12	True	True
7485	zsiciarz	2016-11-05 12:52:12	zsiciarz	2016-11-05 12:47:38	7	7	0	True	True
7484	mislavcimpersak	2016-11-05 12:49:16	mislavcimpersak	2016-11-05 13:44:19	8	7	1	False	True
7484	mislavcimpersak	2016-11-05 12:49:16	mislavcimpersak	2016-11-05 15:15:52	6	3	3	False	True
7484	mislavcimpersak	2016-11-05 12:49:16	mislavcimpersak	2016-11-05 14:08:00	2	1	1	False	True
7484	mislavcimpersak	2016-11-05 12:49:16	mislavcimpersak	2016-11-05 14:05:07	4	2	2	False	True
7484	mislavcimpersak	2016-11-05 12:49:16	mislavcimpersak	2016-11-05 12:56:41	4	2	2	False	True
7484	mislavcimpersak	2016-11-05 12:49:16	mislavcimpersak	2016-11-05 13:03:51	2	1	1	False	True
7484	mislavcimpersak	2016-11-05 12:49:16	mislavcimpersak	2016-11-05 12:41:48	42	38	4	True	True
7483	urbaniak	2016-11-05 12:48:45	urbaniak	2016-11-05 11:56:34	14	13	1	True	True
7482	sjoerdjob	2016-11-05 12:40:10	sjoerdjob	2016-10-20 17:29:04	2742	1650	1092	True	True
7481	igniteflow	2016-11-05 12:20:00	igniteflow	2016-11-07 23:51:23	69	68	1	False	True
7480	ana-balica	2016-11-05 12:10:09	ana-balica	2016-11-05 11:33:34	81	57	24	True	True
7477	jrief	2016-11-05 11:53:57	jrief	2016-11-05 11:47:12	20	10	10	True	True
7477	jrief	2016-11-05 11:53:57	jrief	2016-11-05 12:11:32	14	8	6	False	True
7477	jrief	2016-11-05 11:53:57	jrief	2016-11-06 09:26:20	18	9	9	False	True
7476	adammalinowski	2016-11-05 11:52:17	adammalinowski	2016-11-05 11:39:46	42	7	35	True	True
7475	pwmarcz	2016-11-05 11:48:45	pwmarcz	2016-11-05 11:31:37	38	35	3	True	True
7474	ewjoachim	2016-11-05 11:44:33	ewjoachim	2016-11-05 11:33:22	44	15	29	True	True
7473	matthiask	2016-11-05 10:34:03	matthiask	2017-02-11 08:49:11	117	102	15	False	True
7472	zsiciarz	2016-11-05 10:10:18	zsiciarz	2016-11-04 22:53:44	18	17	1	True	True
7471	zw3n	2016-11-04 22:36:40	zw3n	2016-11-04 22:15:07	14	13	1	True	True
7470	desecho	2016-11-04 20:29:13	desecho	2016-11-29 22:18:02	30	23	7	False	True
7468	charettes	2016-11-04 14:57:47	charettes	2016-11-04 12:58:46	109	46	63	True	True
7464	yellowcap	2016-11-02 14:07:38	yellowcap	2016-11-11 10:20:56	140	128	12	False	True
7463	felixxm	2016-11-02 13:49:54	felixxm	2016-11-02 13:44:15	4	2	2	True	True
7463	felixxm	2016-11-02 13:49:54	felixxm	2016-11-02 14:53:06	43	43	0	False	True
7461	hovi	2016-11-01 21:22:06	Karel Hovorka	2016-11-03 10:04:24	47	40	7	False	True
7461	hovi	2016-11-01 21:22:06	Karel Hovorka	2016-11-01 21:20:18	7	7	0	True	True
