pr_number	author_user_login	pr_created_at	commit_user_login	commit_created_at	commit_status_total	commit_status_additions	commit_status_deletions	create_before_pr	is_review_commit
10121	srinivasreddy	2018-06-30 20:50:10	srinivasreddy	2018-06-30 20:49:20	19	18	1	True	True
10118	claudep	2018-06-30 16:42:06	claudep	2018-06-30 16:32:13	177	87	90	True	True
10116	claudep	2018-06-30 09:13:51	claudep	2018-06-30 09:10:43	48	28	20	True	True
10114	kukosk	2018-06-29 23:28:52	kukosk	2018-06-29 23:18:44	37	28	9	True	True
10113	felixxm	2018-06-29 19:24:58	felixxm	2018-06-28 11:45:28	26	24	2	True	True
10109	claudep	2018-06-29 14:24:39	claudep	2018-06-29 14:23:28	8	6	2	True	True
10106	danizen	2018-06-29 04:39:53	danizen	2018-06-29 03:49:00	8	8	0	True	True
10106	danizen	2018-06-29 04:39:53	danizen	2018-06-29 04:27:22	70	70	0	True	True
10106	danizen	2018-06-29 04:39:53	danizen	2018-06-29 04:37:32	6	6	0	True	True
10098	schinckel	2018-06-27 12:36:20	schinckel	2018-06-27 12:32:21	76	41	35	True	True
10097	timb07	2018-06-26 23:30:51	timb07	2018-07-20 00:24:31	2	1	1	False	True
10097	timb07	2018-06-26 23:30:51	timb07	2018-07-22 21:38:49	4	4	0	False	True
10097	timb07	2018-06-26 23:30:51	timb07	2018-06-26 23:23:18	4	3	1	True	True
10097	timb07	2018-06-26 23:30:51	timb07	2018-06-26 23:23:54	1	0	1	True	True
10097	timb07	2018-06-26 23:30:51	timb07	2018-06-26 23:23:54	1	1	0	True	True
10092	claudep	2018-06-25 10:28:47	claudep	2018-07-20 15:13:12	11	11	0	False	True
10092	claudep	2018-06-25 10:28:47	claudep	2018-06-25 10:24:40	112	57	55	True	True
10091	cjerdonek	2018-06-24 01:43:43	cjerdonek	2018-06-24 01:28:28	23	20	3	True	True
10085	timgraham	2018-06-22 19:21:45	timgraham	2018-06-22 18:42:51	36	34	2	True	True
10084	timgraham	2018-06-22 13:48:34	timgraham	2018-06-22 13:36:17	3	1	2	True	True
10082	suligap	2018-06-22 09:36:13	suligap	2018-06-22 09:21:52	7	7	0	True	True
10080	mcattarinussi	2018-06-21 22:21:12	mcattarinussi	2018-06-21 22:08:20	7	7	0	True	True
10079	crdoconnor	2018-06-21 20:02:17	crdoconnor	2018-06-21 20:01:53	40	40	0	True	True
10077	ShaheedHaque	2018-06-21 17:27:23	ShaheedHaque	2018-06-21 17:24:14	4	2	2	True	True
10075	timgraham	2018-06-21 15:14:02	timgraham	2018-06-21 15:11:28	3	2	1	True	True
10072	sir-sigurd	2018-06-21 04:33:18	sir-sigurd	2018-06-21 04:19:28	1	1	0	True	True
10068	slafs	2018-06-20 10:19:55	slafs	2018-06-19 21:10:55	130	126	4	True	True
10065	orf	2018-06-19 22:41:10	orf	2018-06-19 22:24:43	15	13	2	True	True
10063	claudep	2018-06-19 07:39:24	claudep	2018-06-19 07:35:55	29	19	10	True	True
10063	claudep	2018-06-19 07:39:24	claudep	2018-06-20 07:28:04	15	14	1	False	True
10063	claudep	2018-06-19 07:39:24	claudep	2018-06-19 07:34:25	35	13	22	True	True
10063	claudep	2018-06-19 07:39:24	claudep	2018-06-20 19:19:06	41	27	14	False	True
10062	carltongibson	2018-06-19 07:11:37	carltongibson	2018-06-19 07:07:19	22	11	11	True	True
10060	ngnpope	2018-06-18 14:20:07	ngnpope	2018-06-18 13:22:27	7	6	1	True	True
10059	carltongibson	2018-06-18 08:34:35	carltongibson	2018-06-18 08:33:12	27	16	11	True	True
10058	felixxm	2018-06-16 18:34:47	felixxm	2018-06-16 18:23:11	38	32	6	True	True
10053	timgraham	2018-06-15 18:06:41	timgraham	2018-06-15 17:56:10	7	6	1	True	True
10050	timgraham	2018-06-14 18:25:37	timgraham	2018-06-14 18:22:04	20	17	3	True	True
10050	timgraham	2018-06-14 18:25:37	timgraham	2018-06-14 18:47:20	31	30	1	False	True
10047	OrangeDog	2018-06-13 14:33:41	OrangeDog	2018-06-13 14:33:02	25	24	1	True	True
10039	humbertotm	2018-06-08 19:25:18	humbertotm	2018-06-11 17:20:50	22	21	1	False	True
10038	timgraham	2018-06-08 19:09:25	timgraham	2018-06-08 19:05:17	86	35	51	True	True
10037	claudep	2018-06-08 18:22:44	claudep	2018-06-08 18:20:01	7	1	6	True	True
10033	graingert	2018-06-07 13:04:11	graingert	2018-06-07 13:03:45	272	240	32	True	True
10030	claudep	2018-06-07 06:24:39	claudep	2018-06-03 08:33:38	161	86	75	True	True
10028	carltongibson	2018-06-06 13:44:53	carltongibson	2018-06-06 13:43:06	6	4	2	True	True
10027	claudep	2018-06-06 09:35:16	claudep	2018-06-06 09:24:25	47	30	17	True	True
10024	carltongibson	2018-06-05 13:15:10	carltongibson	2018-06-05 19:37:10	209	192	17	False	True
10023	Windsooon	2018-06-05 09:40:27	Windsooon	2019-01-13 03:44:36	39	38	1	False	True
10022	claudep	2018-06-05 07:19:18	claudep	2018-06-05 07:16:03	3	0	3	True	True
10021	orf	2018-06-04 23:34:20	orf	2018-06-04 23:33:33	4	2	2	True	True
10018	timgraham	2018-06-02 03:02:28	timgraham	2018-06-02 02:54:26	14	11	3	True	True
10017	claudep	2018-06-01 16:27:32	claudep	2018-06-01 16:26:14	40	22	18	True	True
10015	shubhamdipt	2018-06-01 09:48:23	shubhamdipt	2018-06-01 09:47:44	2	1	1	True	True
