pr_number	author_user_login	pr_created_at	review_comment_user_login	review_comment_created_at	is_review_review_comment
10241	jschneier	2018-07-27 20:57:41	timgraham	2018-08-05 19:55:10	True
10240	ddio	2018-07-27 14:12:40	charettes	2018-07-27 14:44:33	True
10240	ddio	2018-07-27 14:12:40	charettes	2018-07-27 14:21:12	True
10231		2018-07-26 20:29:31			
10230		2018-07-26 19:37:37			
10228	orf	2018-07-25 23:46:20	timgraham	2018-07-26 14:26:23	True
10228	orf	2018-07-25 23:46:20	timgraham	2018-07-26 14:24:07	True
10227	carltongibson	2018-07-25 09:04:39	timgraham	2018-07-25 20:05:54	True
10227	carltongibson	2018-07-25 09:04:39	timgraham	2018-07-25 20:05:55	True
10222	vinayinvicible	2018-07-24 15:37:19	timgraham	2018-07-25 21:32:08	True
10216	carltongibson	2018-07-23 10:25:15	timgraham	2018-07-23 19:48:52	True
10216	carltongibson	2018-07-23 10:25:15	timgraham	2018-07-23 12:50:31	True
10216	carltongibson	2018-07-23 10:25:15	timgraham	2018-07-23 12:46:09	True
10216	carltongibson	2018-07-23 10:25:15	timgraham	2018-07-23 13:16:53	True
10213	hramezani	2018-07-22 17:15:08	carltongibson	2018-09-07 08:48:00	True
10213	hramezani	2018-07-22 17:15:08	felixxm	2018-09-07 20:30:23	True
10213	hramezani	2018-07-22 17:15:08	felixxm	2018-09-07 09:39:16	True
10213	hramezani	2018-07-22 17:15:08	carltongibson	2018-09-07 08:44:44	True
10213	hramezani	2018-07-22 17:15:08	orf	2018-08-07 20:18:30	True
10213	hramezani	2018-07-22 17:15:08	felixxm	2018-09-07 13:23:46	True
10213	hramezani	2018-07-22 17:15:08	felixxm	2018-09-07 09:46:51	True
10213	hramezani	2018-07-22 17:15:08	felixxm	2018-09-07 09:38:01	True
10213	hramezani	2018-07-22 17:15:08	felixxm	2018-09-07 13:26:03	True
10213	hramezani	2018-07-22 17:15:08	felixxm	2018-09-07 20:39:22	True
10213	hramezani	2018-07-22 17:15:08	felixxm	2018-09-08 13:08:31	True
10213	hramezani	2018-07-22 17:15:08	felixxm	2018-09-08 13:09:40	True
10213	hramezani	2018-07-22 17:15:08	felixxm	2018-09-07 13:26:33	True
10213	hramezani	2018-07-22 17:15:08	felixxm	2018-09-08 13:08:50	True
10213	hramezani	2018-07-22 17:15:08	felixxm	2018-09-07 20:30:36	True
10213	hramezani	2018-07-22 17:15:08	felixxm	2018-09-08 12:14:54	True
10213	hramezani	2018-07-22 17:15:08	felixxm	2018-09-07 20:36:19	True
10213	hramezani	2018-07-22 17:15:08	felixxm	2018-09-08 12:12:49	True
10213	hramezani	2018-07-22 17:15:08	felixxm	2018-09-08 13:09:05	True
10213	hramezani	2018-07-22 17:15:08	felixxm	2018-09-07 20:37:49	True
10213	hramezani	2018-07-22 17:15:08	felixxm	2018-09-08 13:08:36	True
10213	hramezani	2018-07-22 17:15:08	felixxm	2018-09-08 13:07:08	True
10213	hramezani	2018-07-22 17:15:08	felixxm	2018-09-08 13:09:11	True
10213	hramezani	2018-07-22 17:15:08	felixxm	2018-09-08 13:08:46	True
10213	hramezani	2018-07-22 17:15:08	felixxm	2018-09-07 09:39:39	True
10213	hramezani	2018-07-22 17:15:08	felixxm	2018-09-07 13:17:21	True
10213	hramezani	2018-07-22 17:15:08	felixxm	2018-09-07 13:28:44	True
10211		2018-07-21 18:37:20			
10210		2018-07-21 11:36:24			
10209		2018-07-21 01:28:15			
10208		2018-07-20 22:49:04			
10207		2018-07-20 21:25:49			
10201	alito	2018-07-19 04:31:15	huangsam	2018-07-26 04:54:52	True
10199	simonw	2018-07-18 22:23:41	charettes	2018-07-18 22:27:10	True
10190		2018-07-17 08:48:49			
10189		2018-07-17 08:43:22			
10187		2018-07-16 07:52:53			
10184	jschneier	2018-07-15 21:50:10	carltongibson	2018-07-16 08:09:14	True
10183		2018-07-15 02:27:37			
10178	charettes	2018-07-14 04:41:26	ngnpope	2018-07-14 07:43:51	True
10178	charettes	2018-07-14 04:41:26	ngnpope	2018-07-14 07:48:02	True
10177	felixxm	2018-07-12 08:49:26	timgraham	2018-07-13 21:52:39	True
10177	felixxm	2018-07-12 08:49:26	timgraham	2018-07-13 21:53:19	True
10175	charettes	2018-07-12 04:30:21	atombrella	2018-07-13 13:53:01	True
10175	charettes	2018-07-12 04:30:21	adamchainz	2018-07-13 14:51:29	True
10175	charettes	2018-07-12 04:30:21	adamchainz	2018-11-01 09:01:40	True
10175	charettes	2018-07-12 04:30:21	timgraham	2018-11-21 14:15:01	True
10175	charettes	2018-07-12 04:30:21	timgraham	2018-11-21 14:16:53	True
10175	charettes	2018-07-12 04:30:21	timgraham	2018-11-21 14:18:36	True
10175	charettes	2018-07-12 04:30:21	timgraham	2018-11-21 14:15:58	True
10173		2018-07-11 04:33:23			
10172		2018-07-11 02:16:40			
10171	santiagobasulto	2018-07-10 20:56:43	timgraham	2018-09-19 19:36:31	True
10171	santiagobasulto	2018-07-10 20:56:43	timgraham	2018-09-19 19:34:38	True
10171	santiagobasulto	2018-07-10 20:56:43	timgraham	2018-09-19 19:37:38	True
10171	santiagobasulto	2018-07-10 20:56:43	auvipy	2018-07-11 03:48:08	True
10171	santiagobasulto	2018-07-10 20:56:43	timgraham	2018-09-19 19:33:10	True
10171	santiagobasulto	2018-07-10 20:56:43	jschneier	2018-07-16 17:22:01	True
10171	santiagobasulto	2018-07-10 20:56:43	timgraham	2018-09-19 19:33:30	True
10171	santiagobasulto	2018-07-10 20:56:43	carltongibson	2018-12-12 07:45:19	True
10171	santiagobasulto	2018-07-10 20:56:43	carltongibson	2018-12-13 14:26:33	True
10171	santiagobasulto	2018-07-10 20:56:43	timgraham	2018-09-19 19:35:08	True
10171	santiagobasulto	2018-07-10 20:56:43	zachborboa	2018-12-06 04:50:51	True
10171	santiagobasulto	2018-07-10 20:56:43	auvipy	2018-07-11 03:48:33	True
10171	santiagobasulto	2018-07-10 20:56:43	timgraham	2018-09-19 19:36:51	True
10171	santiagobasulto	2018-07-10 20:56:43	timgraham	2018-09-19 19:36:12	True
10171	santiagobasulto	2018-07-10 20:56:43	timgraham	2018-09-19 19:35:25	True
10171	santiagobasulto	2018-07-10 20:56:43	timgraham	2018-09-19 19:36:58	True
10171	santiagobasulto	2018-07-10 20:56:43	adamchainz	2018-07-25 11:18:06	True
10171	santiagobasulto	2018-07-10 20:56:43	carltongibson	2019-01-09 10:59:30	True
10171	santiagobasulto	2018-07-10 20:56:43	zachborboa	2018-12-06 04:50:17	True
10171	santiagobasulto	2018-07-10 20:56:43	timgraham	2018-09-19 19:37:19	True
10171	santiagobasulto	2018-07-10 20:56:43	timgraham	2019-01-11 00:57:04	True
10171	santiagobasulto	2018-07-10 20:56:43	timgraham	2019-01-11 00:57:02	True
10171	santiagobasulto	2018-07-10 20:56:43	timgraham	2019-01-11 00:56:44	True
10171	santiagobasulto	2018-07-10 20:56:43	timgraham	2019-01-11 00:55:20	True
10171	santiagobasulto	2018-07-10 20:56:43	carltongibson	2018-12-13 15:09:39	True
10168		2018-07-10 13:06:48			
10167		2018-07-10 11:49:15			
10165		2018-07-10 05:14:17			
10164		2018-07-10 04:51:34			
10162	jeffyancey	2018-07-10 01:53:09	charettes	2018-07-10 03:05:09	True
10152	jschneier	2018-07-08 21:28:51	carltongibson	2018-07-12 07:22:29	True
10152	jschneier	2018-07-08 21:28:51	carltongibson	2018-07-12 07:45:05	True
10151	rafis	2018-07-08 12:38:53	adamchainz	2018-07-25 11:10:46	True
10151	rafis	2018-07-08 12:38:53	adamchainz	2018-07-29 16:11:35	True
10151	rafis	2018-07-08 12:38:53	adamchainz	2018-07-29 16:10:35	True
10151	rafis	2018-07-08 12:38:53	timgraham	2018-07-27 20:11:18	True
10151	rafis	2018-07-08 12:38:53	charettes	2018-07-25 13:22:34	True
10151	rafis	2018-07-08 12:38:53	carltongibson	2018-07-09 06:40:19	True
10146	alexandrelaplante	2018-07-08 02:45:05	charettes	2018-09-12 12:29:51	True
10146	alexandrelaplante	2018-07-08 02:45:05	carltongibson	2018-09-12 13:14:02	True
10146	alexandrelaplante	2018-07-08 02:45:05	carltongibson	2018-09-12 09:03:05	True
10146	alexandrelaplante	2018-07-08 02:45:05	orf	2018-07-08 09:57:09	True
10144	charettes	2018-07-06 21:58:41	sir-sigurd	2018-07-07 08:04:07	True
10142	morenoh149	2018-07-06 16:44:17	felixxm	2018-07-06 19:03:32	True
10142	morenoh149	2018-07-06 16:44:17	charettes	2018-07-06 16:51:11	True
10141	claudep	2018-07-06 16:25:15	timgraham	2018-07-09 17:07:31	True
10141	claudep	2018-07-06 16:25:15	timgraham	2018-07-09 17:05:02	True
10140	atombrella	2018-07-06 12:17:28	MarkusH	2018-07-09 06:11:33	True
10140	atombrella	2018-07-06 12:17:28	MarkusH	2018-07-09 06:16:22	True
10140	atombrella	2018-07-06 12:17:28	MarkusH	2018-07-09 06:15:14	True
10140	atombrella	2018-07-06 12:17:28	MarkusH	2018-07-09 06:15:05	True
10140	atombrella	2018-07-06 12:17:28	MarkusH	2018-07-09 21:35:34	True
10140	atombrella	2018-07-06 12:17:28	timgraham	2018-07-09 19:34:53	True
10140	atombrella	2018-07-06 12:17:28	charettes	2018-07-06 14:49:12	True
10140	atombrella	2018-07-06 12:17:28	charettes	2018-07-06 14:48:08	True
10140	atombrella	2018-07-06 12:17:28	charettes	2018-07-06 14:39:45	True
10140	atombrella	2018-07-06 12:17:28	timgraham	2018-07-09 19:38:37	True
10140	atombrella	2018-07-06 12:17:28	MarkusH	2018-07-09 06:13:50	True
10140	atombrella	2018-07-06 12:17:28	MarkusH	2018-07-09 21:35:56	True
10140	atombrella	2018-07-06 12:17:28	LilyFoote	2018-07-23 23:38:31	True
10140	atombrella	2018-07-06 12:17:28	LilyFoote	2018-09-06 21:54:45	True
10140	atombrella	2018-07-06 12:17:28	felixxm	2018-09-07 07:50:44	True
10140	atombrella	2018-07-06 12:17:28	LilyFoote	2018-09-06 21:51:32	True
10140	atombrella	2018-07-06 12:17:28	LilyFoote	2018-09-06 21:48:56	True
10140	atombrella	2018-07-06 12:17:28	MarkusH	2018-07-09 06:11:04	True
10140	atombrella	2018-07-06 12:17:28	LilyFoote	2018-09-06 21:46:01	True
10140	atombrella	2018-07-06 12:17:28	charettes	2018-08-06 23:38:23	True
10136	cbarcenas	2018-07-06 09:31:16	charettes	2018-07-06 16:55:14	True
10136	cbarcenas	2018-07-06 09:31:16	charettes	2018-07-06 14:14:46	True
10136	cbarcenas	2018-07-06 09:31:16	charettes	2018-07-06 14:13:55	True
10136	cbarcenas	2018-07-06 09:31:16	charettes	2018-07-06 16:54:58	True
10135	orf	2018-07-05 22:54:37	claudep	2018-07-06 15:25:02	True
10132		2018-07-05 08:24:17			
10131		2018-07-04 14:53:36			
