pr_number	author_user_login	pr_created_at	commit_user_login	commit_created_at	commit_status_total	commit_status_additions	commit_status_deletions	create_before_pr	is_review_commit
9736	timgraham	2018-02-28 12:21:49	carltongibson	2018-02-28 15:12:50	7	4	3	False	True
9736	timgraham	2018-02-28 12:21:49	timgraham	2018-02-28 11:55:52	91	43	48	True	True
9735	hramezani	2018-02-27 20:05:38	hramezani	2018-03-25 07:40:47	17	9	8	False	True
9734	felixxm	2018-02-27 19:37:55	felixxm	2018-02-27 19:34:38	28	27	1	True	True
9732	felixxm	2018-02-25 20:31:40	felixxm	2018-02-25 17:42:02	53	19	34	True	True
9731	felixxm	2018-02-25 19:35:49	felixxm	2018-02-25 19:32:19	31	18	13	True	True
9730	felixxm	2018-02-25 17:28:00	felixxm	2018-02-25 17:23:11	4	1	3	True	True
9727	srinivasreddy	2018-02-24 09:22:52	timgraham	2018-02-24 14:13:36	38	1	37	False	True
9725	francoisfreitag	2018-02-24 06:40:52	francoisfreitag	2018-02-24 05:12:09	7	4	3	True	True
9724	timgraham	2018-02-23 18:20:41	timgraham	2018-02-23 18:12:09	11	11	0	True	True
9724	timgraham	2018-02-23 18:20:41	timgraham	2018-02-23 17:47:36	19	10	9	True	True
9723	hramezani	2018-02-23 17:20:43	hramezani	2018-02-23 17:15:40	41	32	9	True	True
9721	jdufresne	2018-02-23 04:34:26	jdufresne	2018-02-22 03:11:50	134	128	6	True	True
9718	dcwatson	2018-02-21 17:31:57	dcwatson	2018-02-21 17:27:31	84	77	7	True	True
9715	priyanshsaxena	2018-02-21 09:26:31	priyanshsaxena	2018-02-21 09:19:40	38	37	1	True	True
9712	marazmiki	2018-02-20 13:55:35	marazmiki	2018-02-17 14:00:12	21	18	3	True	True
9709	patrys	2018-02-19 18:17:05	patrys	2018-02-19 18:09:33	82	81	1	True	True
9706	MarkusH	2018-02-18 13:23:36	timgraham	2018-02-26 14:12:46	6	2	4	False	True
9705	dizballanze	2018-02-17 08:38:53	dizballanze	2018-02-17 08:27:46	27	21	6	True	True
9703	orf	2018-02-16 18:18:31	orf	2018-02-16 18:17:32	30	26	4	True	True
9701	atomic77	2018-02-15 05:44:37	atomic77	2018-02-15 02:11:14	32	31	1	True	True
9699	timgraham	2018-02-14 16:14:28	timgraham	2018-02-14 16:08:11	5	0	5	True	True
9697	sshahbaj	2018-02-13 21:06:47	sshahbaj	2018-02-13 20:54:47	6	5	1	True	True
9695	timgraham	2018-02-12 19:47:12	denys-duchier	2017-02-11 11:40:15	59	57	2	True	True
9694	timgraham	2018-02-12 19:26:57	timgraham	2018-02-12 19:20:54	17	8	9	True	True
9694	timgraham	2018-02-12 19:26:57	timgraham	2018-02-12 19:00:29	15	14	1	True	True
9692	timgraham	2018-02-12 14:19:19	timgraham	2018-02-12 14:09:46	6	3	3	True	True
9688	dizballanze	2018-02-11 13:45:23	carltongibson	2018-02-21 10:05:52	1	1	0	False	True
9688	dizballanze	2018-02-11 13:45:23	dizballanze	2018-02-03 19:01:52	501	438	63	True	True
9686	timgraham	2018-02-11 01:54:30	timgraham	2018-02-11 01:31:18	4	2	2	True	True
9682	math-a3k	2018-02-10 06:54:13	math-a3k	2018-02-10 21:02:42	6	4	2	False	True
9682	math-a3k	2018-02-10 06:54:13	math-a3k	2018-02-10 06:53:40	16	16	0	True	True
9682	math-a3k	2018-02-10 06:54:13	math-a3k	2018-02-10 20:54:50	53	29	24	False	True
9680	claudep	2018-02-09 15:06:24	claudep	2018-02-09 15:04:00	13	8	5	True	True
9680	claudep	2018-02-09 15:06:24	claudep	2018-03-17 20:00:58	18	18	0	False	True
9676	sir-sigurd	2018-02-08 08:35:26	sir-sigurd	2018-02-08 08:35:06	2	1	1	True	True
9672	timgraham	2018-02-07 15:44:45	timgraham	2018-02-07 15:42:22	68	29	39	True	True
9670	priyanshsaxena	2018-02-06 21:47:39	priyanshsaxena	2018-02-06 21:58:52	161	161	0	False	True
9670	priyanshsaxena	2018-02-06 21:47:39	priyanshsaxena	2018-02-07 15:08:44	5	3	2	False	True
9670	priyanshsaxena	2018-02-06 21:47:39	priyanshsaxena	2018-02-11 09:14:37	1146	963	183	False	True
9669	felixxm	2018-02-06 18:00:56	felixxm	2018-02-06 17:54:42	10	7	3	True	True
9668	claudep	2018-02-06 10:53:50	claudep	2018-02-06 10:51:41	43	34	9	True	True
9666	tarkatronic	2018-02-05 20:30:45	jwilhelm-godaddy	2018-02-05 18:32:34	529	340	189	True	True
9666	tarkatronic	2018-02-05 20:30:45	carltongibson	2018-02-15 12:22:52	62	19	43	False	True
9664	CuriousLearner	2018-02-05 17:44:28	CuriousLearner	2018-02-09 13:09:52	18	18	0	False	True
9663	timgraham	2018-02-05 14:46:51	timgraham	2018-02-05 14:42:51	5	2	3	True	True
9660	charettes	2018-02-04 05:35:05	charettes	2018-02-04 03:57:56	12	9	3	True	True
9659	orf	2018-02-04 01:53:27	orf	2018-02-04 01:52:11	20	20	0	True	True
9658	timgraham	2018-02-03 20:15:57	timgraham	2018-02-03 20:07:14	8	5	3	True	True
9657	jdufresne	2018-02-03 17:30:44	jdufresne	2018-02-03 02:37:49	20	18	2	True	True
9654	auvipy	2018-02-02 08:55:38	timgraham	2018-02-07 16:16:28	4	2	2	False	True
9652	jdufresne	2018-02-02 04:25:57	jdufresne	2018-02-02 04:14:21	10	3	7	True	True
9651	felixxm	2018-02-01 21:18:19	felixxm	2018-02-01 21:10:46	173	39	134	True	True
9648	jdufresne	2018-02-01 02:27:47	jdufresne	2018-01-31 04:32:39	28	13	15	True	True
