pr_number	author_user_login	pr_created_at	review_comment_user_login	review_comment_created_at	is_review_review_comment
6995	akki	2016-07-31 09:45:54	charettes	2016-08-01 01:49:29	True
6991	an0o0nym	2016-07-30 00:14:03	foresmac	2016-08-03 19:58:29	True
6991	an0o0nym	2016-07-30 00:14:03	foresmac	2016-08-03 20:31:25	True
6991	an0o0nym	2016-07-30 00:14:03	timgraham	2016-08-08 18:32:22	True
6991	an0o0nym	2016-07-30 00:14:03	foresmac	2016-08-03 19:56:34	True
6987	squidsoup	2016-07-27 23:48:59	timgraham	2016-08-10 15:59:45	True
6987	squidsoup	2016-07-27 23:48:59	timgraham	2016-07-29 19:06:42	True
6985	jensen-cochran	2016-07-27 20:37:03	charettes	2016-07-27 20:40:09	True
6985	jensen-cochran	2016-07-27 20:37:03	timgraham	2016-07-28 16:45:32	True
6985	jensen-cochran	2016-07-27 20:37:03	timgraham	2016-07-28 16:45:11	True
6983	kas	2016-07-27 15:16:24	timgraham	2016-07-27 16:22:42	True
6982	akki	2016-07-27 14:25:53	timgraham	2016-08-09 17:07:08	True
6982	akki	2016-07-27 14:25:53	timgraham	2016-08-02 17:57:51	True
6982	akki	2016-07-27 14:25:53	timgraham	2016-08-02 17:57:19	True
6982	akki	2016-07-27 14:25:53	timgraham	2016-08-09 14:22:15	True
6982	akki	2016-07-27 14:25:53	timgraham	2016-08-09 14:21:41	True
6982	akki	2016-07-27 14:25:53	timgraham	2016-08-02 17:56:54	True
6982	akki	2016-07-27 14:25:53	timgraham	2016-08-02 17:59:03	True
6982	akki	2016-07-27 14:25:53	timgraham	2016-08-02 17:58:04	True
6981	boblefrag	2016-07-27 13:18:40	timgraham	2016-09-16 23:57:23	True
6981	boblefrag	2016-07-27 13:18:40	timgraham	2016-10-06 13:33:32	True
6981	boblefrag	2016-07-27 13:18:40	charettes	2016-07-28 11:25:59	True
6981	boblefrag	2016-07-27 13:18:40	jarshwah	2016-07-27 23:41:28	True
6981	boblefrag	2016-07-27 13:18:40	charettes	2016-07-27 13:37:55	True
6981	boblefrag	2016-07-27 13:18:40	charettes	2016-07-28 11:26:38	True
6981	boblefrag	2016-07-27 13:18:40	timgraham	2016-09-16 23:56:12	True
6981	boblefrag	2016-07-27 13:18:40	charettes	2016-07-28 11:26:45	True
6981	boblefrag	2016-07-27 13:18:40	timgraham	2016-09-16 23:58:32	True
6981	boblefrag	2016-07-27 13:18:40	timgraham	2016-09-16 23:58:56	True
6981	boblefrag	2016-07-27 13:18:40	timgraham	2016-10-18 15:15:07	True
6981	boblefrag	2016-07-27 13:18:40	timgraham	2016-09-23 16:21:20	True
6981	boblefrag	2016-07-27 13:18:40	felixxm	2016-11-13 14:55:58	True
6981	boblefrag	2016-07-27 13:18:40	timgraham	2016-09-16 23:57:44	True
6980	adamchainz	2016-07-27 10:11:37	timgraham	2016-08-16 19:13:52	True
6980	adamchainz	2016-07-27 10:11:37	charettes	2016-08-16 19:26:13	True
6980	adamchainz	2016-07-27 10:11:37	timgraham	2016-08-16 18:34:53	True
6980	adamchainz	2016-07-27 10:11:37	timgraham	2017-01-07 16:13:38	True
6980	adamchainz	2016-07-27 10:11:37	timgraham	2017-01-07 14:35:52	True
6979	jdufresne	2016-07-27 01:15:06	timgraham	2016-09-07 17:08:51	True
6979	jdufresne	2016-07-27 01:15:06	MarkusH	2016-07-27 14:06:14	True
6979	jdufresne	2016-07-27 01:15:06	charettes	2016-07-27 14:13:23	True
6979	jdufresne	2016-07-27 01:15:06	MarkusH	2016-07-27 10:24:08	True
6979	jdufresne	2016-07-27 01:15:06	MarkusH	2016-07-27 13:51:36	True
6979	jdufresne	2016-07-27 01:15:06	charettes	2016-07-27 13:59:26	True
6979	jdufresne	2016-07-27 01:15:06	charettes	2016-07-27 02:19:38	True
6979	jdufresne	2016-07-27 01:15:06	timgraham	2016-09-02 21:20:15	True
6979	jdufresne	2016-07-27 01:15:06	timgraham	2016-09-07 17:07:32	True
6979	jdufresne	2016-07-27 01:15:06	timgraham	2016-09-02 21:23:42	True
6979	jdufresne	2016-07-27 01:15:06	timgraham	2016-09-07 17:05:45	True
6979	jdufresne	2016-07-27 01:15:06	timgraham	2016-09-07 17:04:42	True
6979	jdufresne	2016-07-27 01:15:06	timgraham	2016-09-07 17:07:17	True
6979	jdufresne	2016-07-27 01:15:06	timgraham	2016-09-02 21:24:49	True
6977	alexyer	2016-07-26 14:37:07	berkerpeksag	2016-07-29 10:09:03	True
6977	alexyer	2016-07-26 14:37:07	berkerpeksag	2016-07-29 10:12:46	True
6977	alexyer	2016-07-26 14:37:07	berkerpeksag	2016-07-29 10:10:09	True
6977	alexyer	2016-07-26 14:37:07	berkerpeksag	2016-07-29 10:04:24	True
6977	alexyer	2016-07-26 14:37:07	berkerpeksag	2016-07-29 03:26:16	True
6976	andreasnuesslein	2016-07-26 14:15:10	charettes	2016-07-26 14:52:58	True
6974	edmorley	2016-07-26 12:18:02	timgraham	2016-07-28 16:23:33	True
6974	edmorley	2016-07-26 12:18:02	timgraham	2016-07-28 16:25:10	True
6974	edmorley	2016-07-26 12:18:02	timgraham	2016-07-28 16:25:45	True
6974	edmorley	2016-07-26 12:18:02	timgraham	2016-07-28 16:24:48	True
6969	MarkusH	2016-07-24 17:05:31	timgraham	2016-07-25 10:08:13	True
6967	lizlemon	2016-07-23 13:25:16	MarkusH	2016-07-26 13:24:44	True
6967	lizlemon	2016-07-23 13:25:16	MarkusH	2016-07-24 20:52:36	True
6967	lizlemon	2016-07-23 13:25:16	timgraham	2016-07-25 10:42:10	True
6967	lizlemon	2016-07-23 13:25:16	timgraham	2016-07-25 19:55:00	True
6967	lizlemon	2016-07-23 13:25:16	timgraham	2016-07-26 12:37:33	True
6967	lizlemon	2016-07-23 13:25:16	timgraham	2016-07-27 13:03:22	True
6967	lizlemon	2016-07-23 13:25:16	timgraham	2016-07-27 13:06:46	True
6967	lizlemon	2016-07-23 13:25:16	timgraham	2016-07-30 15:14:36	True
6965	jensneuhaus	2016-07-22 20:31:04	timgraham	2016-08-09 00:48:29	True
6965	jensneuhaus	2016-07-22 20:31:04	charettes	2016-08-09 14:55:55	True
6965	jensneuhaus	2016-07-22 20:31:04	charettes	2016-08-09 04:14:02	True
6965	jensneuhaus	2016-07-22 20:31:04	charettes	2016-08-09 15:36:01	True
6965	jensneuhaus	2016-07-22 20:31:04	charettes	2016-08-09 14:46:25	True
6965	jensneuhaus	2016-07-22 20:31:04	charettes	2016-07-22 20:36:54	True
6964	sgzsh269	2016-07-22 19:38:48	MarkusH	2016-07-22 20:23:30	True
6962	andrewnester	2016-07-22 08:54:50	timgraham	2016-08-09 14:06:56	True
6962	andrewnester	2016-07-22 08:54:50	timgraham	2016-08-09 14:02:35	True
6962	andrewnester	2016-07-22 08:54:50	timgraham	2016-08-09 14:01:36	True
6962	andrewnester	2016-07-22 08:54:50	timgraham	2016-08-09 14:02:21	True
6961	jdufresne	2016-07-22 05:10:37	timgraham	2016-07-28 16:07:17	True
6960	jdufresne	2016-07-22 02:41:25	charettes	2016-07-22 15:55:22	True
6960	jdufresne	2016-07-22 02:41:25	timgraham	2016-08-01 14:50:23	True
6960	jdufresne	2016-07-22 02:41:25	akki	2016-07-22 15:34:31	True
6960	jdufresne	2016-07-22 02:41:25	timgraham	2016-07-30 15:59:18	True
6958	agilgur5	2016-07-21 21:39:58	timgraham	2016-12-16 23:36:53	True
6958	agilgur5	2016-07-21 21:39:58	timgraham	2016-12-16 22:41:56	True
6958	agilgur5	2016-07-21 21:39:58	timgraham	2016-12-16 22:48:28	True
6958	agilgur5	2016-07-21 21:39:58	timgraham	2016-12-16 22:56:24	True
6958	agilgur5	2016-07-21 21:39:58	timgraham	2016-12-16 23:36:06	True
6957	kevswanberg	2016-07-21 21:14:59	timgraham	2016-07-27 18:16:35	True
6957	kevswanberg	2016-07-21 21:14:59	claudep	2016-07-22 07:35:39	True
6957	kevswanberg	2016-07-21 21:14:59	timgraham	2016-07-27 18:16:27	True
6957	kevswanberg	2016-07-21 21:14:59	timgraham	2016-07-22 13:26:58	True
6957	kevswanberg	2016-07-21 21:14:59	timgraham	2016-07-27 18:16:25	True
6957	kevswanberg	2016-07-21 21:14:59	timgraham	2016-07-28 01:39:20	True
6957	kevswanberg	2016-07-21 21:14:59	timgraham	2016-08-23 20:34:44	True
6957	kevswanberg	2016-07-21 21:14:59	timgraham	2016-07-27 18:17:16	True
6957	kevswanberg	2016-07-21 21:14:59	claudep	2016-07-22 07:31:05	True
6956	cheryllium	2016-07-21 20:56:42	charettes	2016-08-07 22:59:22	True
6956	cheryllium	2016-07-21 20:56:42	charettes	2016-08-07 22:53:22	True
6956	cheryllium	2016-07-21 20:56:42	charettes	2016-07-26 21:01:14	True
6956	cheryllium	2016-07-21 20:56:42	charettes	2016-08-08 01:46:30	True
6956	cheryllium	2016-07-21 20:56:42	timgraham	2016-07-21 21:26:42	True
6956	cheryllium	2016-07-21 20:56:42	timgraham	2016-07-21 21:36:30	True
6956	cheryllium	2016-07-21 20:56:42	timgraham	2016-07-21 21:24:57	True
6956	cheryllium	2016-07-21 20:56:42	ngnpope	2016-07-27 08:03:21	True
6956	cheryllium	2016-07-21 20:56:42	charettes	2016-07-26 17:21:11	True
6950	kevswanberg	2016-07-21 17:25:24	timgraham	2016-07-21 17:34:10	True
6948	sir-sigurd	2016-07-21 13:29:19	timgraham	2016-07-27 18:00:46	True
6948	sir-sigurd	2016-07-21 13:29:19	timgraham	2016-07-27 19:10:06	True
6948	sir-sigurd	2016-07-21 13:29:19	timgraham	2016-07-25 19:01:12	True
6945	rhertzog	2016-07-21 08:00:18	timgraham	2016-07-21 14:10:34	True
6944	andrewnester	2016-07-20 16:33:24	timgraham	2016-07-22 19:12:24	True
6944	andrewnester	2016-07-20 16:33:24	timgraham	2016-07-21 19:13:34	True
6944	andrewnester	2016-07-20 16:33:24	timgraham	2016-07-26 01:01:30	True
6944	andrewnester	2016-07-20 16:33:24	timgraham	2016-07-22 19:10:00	True
6944	andrewnester	2016-07-20 16:33:24	timgraham	2016-07-22 19:11:09	True
6944	andrewnester	2016-07-20 16:33:24	timgraham	2016-07-21 14:37:56	True
6943	Stranger6667	2016-07-20 14:15:23	timgraham	2016-07-20 17:51:33	True
6942	claudep	2016-07-20 12:19:00	charettes	2016-07-20 20:34:38	True
6942	claudep	2016-07-20 12:19:00	adamchainz	2017-09-09 19:48:17	True
6942	claudep	2016-07-20 12:19:00	timgraham	2016-07-21 19:33:22	True
6942	claudep	2016-07-20 12:19:00	adamchainz	2017-09-09 19:50:49	True
6942	claudep	2016-07-20 12:19:00	timgraham	2016-07-27 18:40:57	True
6942	claudep	2016-07-20 12:19:00	adamchainz	2016-07-30 15:52:56	True
6942	claudep	2016-07-20 12:19:00	adamchainz	2016-07-27 22:31:07	True
6942	claudep	2016-07-20 12:19:00	charettes	2016-07-21 19:41:51	True
6942	claudep	2016-07-20 12:19:00	charettes	2016-07-21 16:44:42	True
6940	claudep	2016-07-20 08:21:39	charettes	2016-07-20 13:31:43	True
6940	claudep	2016-07-20 08:21:39	charettes	2016-07-20 17:27:53	True
6940	claudep	2016-07-20 08:21:39	charettes	2016-07-21 15:24:32	True
6936	charettes	2016-07-19 18:57:29	timgraham	2016-07-19 19:40:17	True
6936	charettes	2016-07-19 18:57:29	timgraham	2016-07-19 19:38:14	True
6932	marcinn	2016-07-18 18:07:03	timgraham	2016-07-19 19:03:27	True
6932	marcinn	2016-07-18 18:07:03	timgraham	2016-07-19 19:02:34	True
6931	akki	2016-07-18 16:57:40	charettes	2016-07-18 17:01:02	True
6927	PREM1980	2016-07-17 22:04:12	timgraham	2016-07-18 15:24:45	True
6927	PREM1980	2016-07-17 22:04:12	akki	2016-07-18 16:41:32	True
6927	PREM1980	2016-07-17 22:04:12	timgraham	2016-07-18 15:20:58	True
6927	PREM1980	2016-07-17 22:04:12	akki	2016-07-18 05:45:53	True
6924	PREM1980	2016-07-17 01:00:25	timgraham	2016-07-17 16:06:32	True
6923	suligap	2016-07-16 18:21:09	timgraham	2016-08-18 22:44:27	True
6923	suligap	2016-07-16 18:21:09	timgraham	2016-08-18 22:36:25	True
6923	suligap	2016-07-16 18:21:09	timgraham	2016-08-18 22:45:18	True
6923	suligap	2016-07-16 18:21:09	berkerpeksag	2016-08-14 02:31:22	True
6923	suligap	2016-07-16 18:21:09	berkerpeksag	2016-08-14 02:11:03	True
6923	suligap	2016-07-16 18:21:09	timgraham	2016-08-18 22:36:52	True
6923	suligap	2016-07-16 18:21:09	timgraham	2016-08-18 22:36:40	True
6923	suligap	2016-07-16 18:21:09	berkerpeksag	2016-08-18 03:21:07	True
6923	suligap	2016-07-16 18:21:09	berkerpeksag	2016-08-14 02:04:03	True
6923	suligap	2016-07-16 18:21:09	berkerpeksag	2016-08-14 02:02:38	True
6923	suligap	2016-07-16 18:21:09	berkerpeksag	2016-08-14 02:14:00	True
6923	suligap	2016-07-16 18:21:09	andrewnester	2016-07-18 15:04:35	True
6923	suligap	2016-07-16 18:21:09	andrewnester	2016-07-18 15:03:19	True
6923	suligap	2016-07-16 18:21:09	berkerpeksag	2016-08-14 02:07:07	True
6922	akki	2016-07-16 16:36:19	timgraham	2016-07-17 19:37:09	True
6921	claudep	2016-07-16 10:30:55	timgraham	2016-07-16 12:25:54	True
6920	timgraham	2016-07-15 20:03:40	samuelmaudo	2016-07-16 07:17:24	True
6917	jdufresne	2016-07-15 03:04:24	timgraham	2016-07-15 12:51:43	True
6916	petedmarsh	2016-07-14 21:24:21	timgraham	2016-07-18 14:36:35	True
6914	knbk	2016-07-14 14:42:31	timgraham	2016-07-14 16:26:29	True
6914	knbk	2016-07-14 14:42:31	timgraham	2016-07-14 16:27:52	True
6914	knbk	2016-07-14 14:42:31	MarkusH	2016-07-14 16:49:08	True
6914	knbk	2016-07-14 14:42:31	MarkusH	2016-07-14 17:43:59	True
6911	dlrice	2016-07-13 17:17:18	timgraham	2016-07-13 18:28:22	True
6909	jdufresne	2016-07-13 01:33:29	charettes	2016-07-13 18:45:03	True
6909	jdufresne	2016-07-13 01:33:29	charettes	2016-07-13 18:44:42	True
6906	rpkilby	2016-07-12 20:04:11	jarshwah	2016-07-18 00:53:20	True
6906	rpkilby	2016-07-12 20:04:11	timgraham	2016-08-10 19:35:02	True
6906	rpkilby	2016-07-12 20:04:11	timgraham	2016-08-10 19:34:59	True
6906	rpkilby	2016-07-12 20:04:11	timgraham	2016-08-10 19:34:25	True
6906	rpkilby	2016-07-12 20:04:11	jarshwah	2016-07-31 12:50:24	True
6906	rpkilby	2016-07-12 20:04:11	timgraham	2016-07-14 15:51:59	True
6906	rpkilby	2016-07-12 20:04:11	timgraham	2016-08-10 19:37:43	True
6906	rpkilby	2016-07-12 20:04:11	jarshwah	2016-07-15 00:47:16	True
6906	rpkilby	2016-07-12 20:04:11	timgraham	2016-08-10 19:36:48	True
6906	rpkilby	2016-07-12 20:04:11	jarshwah	2016-07-15 06:06:06	True
6904	andreyfedoseev	2016-07-11 20:03:51	timgraham	2016-07-11 20:48:09	True
6904	andreyfedoseev	2016-07-11 20:03:51	timgraham	2016-07-11 20:51:29	True
6904	andreyfedoseev	2016-07-11 20:03:51	timgraham	2016-07-11 20:50:15	True
6904	andreyfedoseev	2016-07-11 20:03:51	timgraham	2016-07-11 20:49:27	True
6904	andreyfedoseev	2016-07-11 20:03:51	timgraham	2016-07-11 20:49:04	True
6904	andreyfedoseev	2016-07-11 20:03:51	timgraham	2016-07-11 20:48:04	True
6904	andreyfedoseev	2016-07-11 20:03:51	timgraham	2016-07-11 20:46:43	True
6904	andreyfedoseev	2016-07-11 20:03:51	timgraham	2016-07-11 20:46:40	True
6904	andreyfedoseev	2016-07-11 20:03:51	timgraham	2016-07-11 20:46:34	True
6904	andreyfedoseev	2016-07-11 20:03:51	timgraham	2016-07-11 20:48:06	True
6903	AleksejManaev	2016-07-11 15:01:44	timgraham	2016-09-02 21:13:46	True
6903	AleksejManaev	2016-07-11 15:01:44	timgraham	2016-09-08 20:45:33	True
6903	AleksejManaev	2016-07-11 15:01:44	timgraham	2016-09-02 21:14:37	True
6903	AleksejManaev	2016-07-11 15:01:44	timgraham	2016-09-02 21:13:23	True
6903	AleksejManaev	2016-07-11 15:01:44	timgraham	2016-09-08 20:44:58	True
6903	AleksejManaev	2016-07-11 15:01:44	timgraham	2016-08-16 20:39:55	True
6903	AleksejManaev	2016-07-11 15:01:44	charettes	2016-07-11 15:09:09	True
6903	AleksejManaev	2016-07-11 15:01:44	timgraham	2016-08-16 20:24:24	True
6903	AleksejManaev	2016-07-11 15:01:44	timgraham	2016-08-16 20:24:25	True
6902	andrewnester	2016-07-11 13:30:51	charettes	2016-07-11 14:08:09	True
6902	andrewnester	2016-07-11 13:30:51	audiolion	2016-07-17 00:26:49	True
6902	andrewnester	2016-07-11 13:30:51	audiolion	2016-07-17 00:27:31	True
6902	andrewnester	2016-07-11 13:30:51	audiolion	2016-07-17 00:27:40	True
6902	andrewnester	2016-07-11 13:30:51	andreip	2016-08-10 19:53:56	True
6898	akki	2016-07-09 13:44:21	timgraham	2016-08-09 12:27:19	True
6898	akki	2016-07-09 13:44:21	apollo13	2016-07-17 14:35:51	True
6898	akki	2016-07-09 13:44:21	timgraham	2016-08-10 12:16:50	True
6898	akki	2016-07-09 13:44:21	charettes	2016-07-13 03:31:39	True
6898	akki	2016-07-09 13:44:21	charettes	2016-07-15 16:23:41	True
6897	loic	2016-07-09 07:17:21	timgraham	2016-07-09 10:48:02	True
6897	loic	2016-07-09 07:17:21	timgraham	2016-07-09 10:52:28	True
6897	loic	2016-07-09 07:17:21	timgraham	2016-07-09 10:48:55	True
6894	andersonresende	2016-07-07 21:23:45	charettes	2016-07-07 21:27:06	True
6894	andersonresende	2016-07-07 21:23:45	timgraham	2016-07-08 15:07:09	True
6894	andersonresende	2016-07-07 21:23:45	charettes	2016-07-07 22:13:51	True
6894	andersonresende	2016-07-07 21:23:45	timgraham	2016-07-08 15:06:58	True
6894	andersonresende	2016-07-07 21:23:45	charettes	2016-07-07 22:14:15	True
6894	andersonresende	2016-07-07 21:23:45	timgraham	2016-07-08 15:06:55	True
6894	andersonresende	2016-07-07 21:23:45	charettes	2016-07-07 22:13:47	True
6890	smarlowucf	2016-07-06 16:49:15	timgraham	2016-07-06 18:08:03	True
6889	spectras	2016-07-05 16:50:29	timgraham	2016-07-08 12:04:56	True
6889	spectras	2016-07-05 16:50:29	timgraham	2016-07-08 12:02:53	True
6888	akki	2016-07-05 12:55:21	timgraham	2016-07-05 19:19:26	True
6886	florisdenhengst	2016-07-05 10:00:26	akaariai	2016-07-06 05:16:41	True
6886	florisdenhengst	2016-07-05 10:00:26	timgraham	2016-07-08 18:54:13	True
6886	florisdenhengst	2016-07-05 10:00:26	jarshwah	2016-07-06 01:52:15	True
6886	florisdenhengst	2016-07-05 10:00:26	timgraham	2016-07-08 18:53:47	True
6886	florisdenhengst	2016-07-05 10:00:26	timgraham	2016-07-08 18:56:10	True
6886	florisdenhengst	2016-07-05 10:00:26	jarshwah	2016-07-06 01:50:42	True
6886	florisdenhengst	2016-07-05 10:00:26	timgraham	2016-07-08 18:54:55	True
6886	florisdenhengst	2016-07-05 10:00:26	timgraham	2016-07-08 18:55:28	True
6886	florisdenhengst	2016-07-05 10:00:26	timgraham	2016-07-08 18:55:35	True
6886	florisdenhengst	2016-07-05 10:00:26	timgraham	2016-07-08 18:53:49	True
6885	ar45	2016-07-04 22:01:01	timgraham	2016-08-10 00:41:04	True
6885	ar45	2016-07-04 22:01:01	timgraham	2016-08-10 00:03:33	True
6885	ar45	2016-07-04 22:01:01	timgraham	2016-08-10 00:21:03	True
6885	ar45	2016-07-04 22:01:01	timgraham	2016-08-09 23:58:51	True
6885	ar45	2016-07-04 22:01:01	charettes	2016-07-17 16:47:15	True
6885	ar45	2016-07-04 22:01:01	charettes	2016-07-17 16:43:57	True
6885	ar45	2016-07-04 22:01:01	timgraham	2016-08-10 00:02:07	True
6880	ducdetronquito	2016-07-03 18:52:47	profuel	2016-07-05 08:46:49	True
6880	ducdetronquito	2016-07-03 18:52:47	timgraham	2016-09-28 00:04:13	True
6880	ducdetronquito	2016-07-03 18:52:47	timgraham	2016-09-28 00:02:10	True
6880	ducdetronquito	2016-07-03 18:52:47	profuel	2016-07-05 08:45:26	True
6879	joshu23	2016-07-03 18:51:32	timgraham	2016-07-08 16:10:22	True
6879	joshu23	2016-07-03 18:51:32	timgraham	2016-07-08 16:11:01	True
6879	joshu23	2016-07-03 18:51:32	timgraham	2016-07-08 16:11:39	True
6879	joshu23	2016-07-03 18:51:32	knbk	2016-07-08 23:23:10	True
6878	jdufresne	2016-07-03 18:19:30	charettes	2016-07-04 15:53:20	True
6878	jdufresne	2016-07-03 18:19:30	charettes	2016-07-03 19:53:02	True
6877	sergei-maertens	2016-07-03 16:06:10	timgraham	2016-07-15 20:20:25	True
6877	sergei-maertens	2016-07-03 16:06:10	timgraham	2016-07-15 20:22:02	True
6877	sergei-maertens	2016-07-03 16:06:10	timgraham	2016-07-15 20:27:44	True
6877	sergei-maertens	2016-07-03 16:06:10	timgraham	2016-07-15 20:28:35	True
6877	sergei-maertens	2016-07-03 16:06:10	timgraham	2016-07-15 20:29:23	True
6877	sergei-maertens	2016-07-03 16:06:10	timgraham	2016-07-15 20:26:55	True
6877	sergei-maertens	2016-07-03 16:06:10	profuel	2016-07-05 09:02:36	True
6876	PriyWerry	2016-07-03 14:53:06	MarkusH	2016-07-03 15:32:22	True
6876	PriyWerry	2016-07-03 14:53:06	MarkusH	2016-07-03 15:31:46	True
6876	PriyWerry	2016-07-03 14:53:06	timgraham	2016-07-07 19:44:51	True
6876	PriyWerry	2016-07-03 14:53:06	jdufresne	2016-07-07 01:20:02	True
6876	PriyWerry	2016-07-03 14:53:06	timgraham	2016-07-07 19:46:14	True
6875	bmispelon	2016-07-03 13:33:09	timgraham	2016-07-06 14:35:48	True
6875	bmispelon	2016-07-03 13:33:09	timgraham	2016-07-06 14:35:47	True
6874	sadaf2605	2016-07-03 07:00:29	timgraham	2016-07-08 15:41:55	True
6874	sadaf2605	2016-07-03 07:00:29	mxsasha	2016-07-11 08:46:33	True
6874	sadaf2605	2016-07-03 07:00:29	timgraham	2016-07-08 00:44:33	True
6872	pelme	2016-07-02 22:28:01	timgraham	2016-07-08 15:59:54	True
6872	pelme	2016-07-02 22:28:01	timgraham	2016-07-08 16:02:11	True
6872	pelme	2016-07-02 22:28:01	timgraham	2016-08-13 17:31:59	True
6872	pelme	2016-07-02 22:28:01	timgraham	2016-08-13 17:30:33	True
6872	pelme	2016-07-02 22:28:01	timgraham	2016-08-13 17:30:27	True
6872	pelme	2016-07-02 22:28:01	timgraham	2016-08-13 17:31:01	True
6872	pelme	2016-07-02 22:28:01	timgraham	2016-07-08 16:02:00	True
6872	pelme	2016-07-02 22:28:01	timgraham	2016-07-08 15:58:33	True
6872	pelme	2016-07-02 22:28:01	timgraham	2016-07-08 15:55:39	True
6872	pelme	2016-07-02 22:28:01	timgraham	2016-08-13 17:29:04	True
6872	pelme	2016-07-02 22:28:01	timgraham	2016-07-08 15:57:22	True
6870	MarkusH	2016-07-02 18:15:40	apollo13	2016-07-08 19:20:20	True
6870	MarkusH	2016-07-02 18:15:40	timgraham	2016-07-08 19:17:05	True
6870	MarkusH	2016-07-02 18:15:40	timgraham	2016-07-08 19:19:07	True
6870	MarkusH	2016-07-02 18:15:40	apollo13	2016-07-02 19:24:40	True
6870	MarkusH	2016-07-02 18:15:40	charettes	2016-07-02 18:36:47	True
6869	mxsasha	2016-07-02 17:51:03	apollo13	2016-07-03 12:37:25	True
6869	mxsasha	2016-07-02 17:51:03	apollo13	2016-07-03 12:36:52	True
6869	mxsasha	2016-07-02 17:51:03	apollo13	2016-07-03 12:37:52	True
6868	ro5k0	2016-07-02 15:54:05	charettes	2016-07-02 17:51:48	True
6868	ro5k0	2016-07-02 15:54:05	apollo13	2016-07-03 12:28:30	True
6868	ro5k0	2016-07-02 15:54:05	charettes	2016-07-02 17:52:26	True
6868	ro5k0	2016-07-02 15:54:05	apollo13	2016-07-03 12:30:59	True
6868	ro5k0	2016-07-02 15:54:05	apollo13	2016-07-03 12:30:31	True
6868	ro5k0	2016-07-02 15:54:05	timgraham	2016-07-08 19:10:43	True
6867	Leila20	2016-07-02 14:32:35	bmispelon	2016-07-02 15:26:59	True
6867	Leila20	2016-07-02 14:32:35	bmispelon	2016-07-02 15:29:26	True
6867	Leila20	2016-07-02 14:32:35	vytisb	2016-07-02 15:47:56	True
6866	akki	2016-07-02 14:31:33	timgraham	2016-07-06 12:30:42	True
6866	akki	2016-07-02 14:31:33	timgraham	2016-07-07 11:55:52	True
6866	akki	2016-07-02 14:31:33	timgraham	2016-07-06 17:57:30	True
6866	akki	2016-07-02 14:31:33	MarkusH	2016-07-03 08:56:58	True
6866	akki	2016-07-02 14:31:33	MarkusH	2016-07-03 08:54:49	True
6866	akki	2016-07-02 14:31:33	timgraham	2016-07-06 12:27:34	True
6866	akki	2016-07-02 14:31:33	MarkusH	2016-07-03 09:34:45	True
6865	flupzor	2016-07-02 13:34:34	timgraham	2016-07-14 17:53:27	True
6865	flupzor	2016-07-02 13:34:34	timgraham	2016-07-14 17:54:19	True
6865	flupzor	2016-07-02 13:34:34	timgraham	2016-07-14 17:54:39	True
6861	sergei-maertens	2016-07-02 09:57:14	timgraham	2016-08-13 13:10:56	True
6861	sergei-maertens	2016-07-02 09:57:14	timgraham	2016-07-08 18:50:30	True
6861	sergei-maertens	2016-07-02 09:57:14	timgraham	2016-07-08 15:16:39	True
6861	sergei-maertens	2016-07-02 09:57:14	timgraham	2016-08-13 13:07:19	True
6861	sergei-maertens	2016-07-02 09:57:14	timgraham	2016-07-08 15:15:44	True
6861	sergei-maertens	2016-07-02 09:57:14	timgraham	2016-07-02 12:10:47	True
6861	sergei-maertens	2016-07-02 09:57:14	timgraham	2016-08-13 13:13:13	True
6861	sergei-maertens	2016-07-02 09:57:14	charettes	2016-07-02 17:42:39	True
6861	sergei-maertens	2016-07-02 09:57:14	timgraham	2016-08-13 13:09:51	True
6861	sergei-maertens	2016-07-02 09:57:14	timgraham	2016-08-13 13:15:03	True
6861	sergei-maertens	2016-07-02 09:57:14	timgraham	2016-08-13 13:12:01	True
6861	sergei-maertens	2016-07-02 09:57:14	timgraham	2016-08-13 13:12:12	True
6861	sergei-maertens	2016-07-02 09:57:14	timgraham	2016-08-13 13:09:09	True
6861	sergei-maertens	2016-07-02 09:57:14	timgraham	2016-08-13 13:29:02	True
6861	sergei-maertens	2016-07-02 09:57:14	timgraham	2016-08-13 13:29:19	True
6861	sergei-maertens	2016-07-02 09:57:14	timgraham	2016-08-13 13:30:19	True
6861	sergei-maertens	2016-07-02 09:57:14	timgraham	2016-08-13 13:08:18	True
6861	sergei-maertens	2016-07-02 09:57:14	timgraham	2016-08-13 13:07:16	True
6860	claudep	2016-07-01 20:07:07	timgraham	2016-07-08 00:24:06	True
6860	claudep	2016-07-01 20:07:07	timgraham	2016-07-08 00:23:59	True
6858	andrewnester	2016-07-01 08:54:41	timgraham	2016-07-09 12:25:16	True
6858	andrewnester	2016-07-01 08:54:41	timgraham	2016-07-09 12:24:46	True
6858	andrewnester	2016-07-01 08:54:41	timgraham	2016-07-09 12:24:57	True
6858	andrewnester	2016-07-01 08:54:41	timgraham	2016-07-11 17:11:29	True
6858	andrewnester	2016-07-01 08:54:41	timgraham	2016-07-11 13:01:36	True
