pr_number	author_user_login	pr_created_at	review_user_login	review_created_at	filename	create_before_pr	has_issue_comment	has_review_comment	has_commit
15896	claudep	2022-07-31 08:06:28	felixxm	2022-08-01 09:54:12	tests/gis_tests/test_geoforms.py	True	True	True	True
15896	claudep	2022-07-31 08:06:28	felixxm	2022-08-01 09:54:12	django/contrib/gis/static/gis/css/ol3.css	True	True	True	True
15896	claudep	2022-07-31 08:06:28	felixxm	2022-08-01 09:54:12	django/contrib/gis/static/gis/js/OLMapWidget.js	True	True	True	True
15896	claudep	2022-07-31 08:06:28	felixxm	2022-08-01 09:54:12	django/contrib/gis/templates/gis/openlayers.html	True	True	True	True
15896	claudep	2022-07-31 08:06:28	felixxm	2022-08-01 09:54:12	docs/releases/4.2.txt	True	True	True	True
15896	claudep	2022-07-31 08:06:28	felixxm	2022-08-01 09:54:12	tests/gis_tests/geoadmin/tests.py	True	True	True	True
15896	claudep	2022-07-31 08:06:28	felixxm	2022-08-01 18:20:16	django/contrib/gis/templates/gis/openlayers.html	True	True	True	True
15896	claudep	2022-07-31 08:06:28	felixxm	2022-08-01 18:20:16	django/contrib/gis/static/gis/css/ol3.css	True	True	True	True
15896	claudep	2022-07-31 08:06:28	felixxm	2022-08-01 18:20:16	django/contrib/gis/static/gis/js/OLMapWidget.js	True	True	True	True
15896	claudep	2022-07-31 08:06:28	felixxm	2022-08-01 18:20:16	docs/releases/4.2.txt	True	True	True	True
15896	claudep	2022-07-31 08:06:28	felixxm	2022-08-01 18:20:16	tests/gis_tests/geoadmin/tests.py	True	True	True	True
15896	claudep	2022-07-31 08:06:28	felixxm	2022-08-01 18:20:16	tests/gis_tests/test_geoforms.py	True	True	True	True
15895	felixxm	2022-07-31 05:59:52	claudep	2022-07-31 08:22:01	tests/forms_tests/tests/test_forms.py	True	False	False	True
15895	felixxm	2022-07-31 05:59:52	claudep	2022-07-31 08:22:01	.pre-commit-config.yaml	True	False	False	True
15895	felixxm	2022-07-31 05:59:52	claudep	2022-07-31 08:22:01	django/contrib/contenttypes/management/commands/remove_stale_contenttypes.py	True	False	False	True
15895	felixxm	2022-07-31 05:59:52	claudep	2022-07-31 08:22:01	tests/admin_views/tests.py	True	False	False	True
15895	felixxm	2022-07-31 05:59:52	claudep	2022-07-31 08:22:01	.git-blame-ignore-revs	False	False	False	True
15895	felixxm	2022-07-31 05:59:52	claudep	2022-07-31 08:22:01	tests/forms_tests/tests/test_formsets.py	True	False	False	True
15895	felixxm	2022-07-31 05:59:52	claudep	2022-07-31 08:22:01	tests/staticfiles_tests/test_forms.py	True	False	False	True
15895	felixxm	2022-07-31 05:59:52	claudep	2022-07-31 08:22:01	tests/model_forms/tests.py	True	False	False	True
15892	claudep	2022-07-29 16:37:46	pauloxnet	2022-07-30 08:47:51	docs/releases/4.2.txt	True	True	False	True
15892	claudep	2022-07-29 16:37:46	pauloxnet	2022-07-30 08:47:51	docs/ref/contrib/gis/geoip2.txt	True	True	False	True
15892	claudep	2022-07-29 16:37:46	pauloxnet	2022-07-30 08:47:51	django/contrib/gis/geoip2/base.py	True	True	False	True
15891	felixxm	2022-07-29 09:16:33	David-Wobrock	2022-07-29 16:50:11	django/contrib/postgres/fields/array.py	True	True	True	True
15891	felixxm	2022-07-29 09:16:33	David-Wobrock	2022-07-29 16:50:11	tests/postgres_tests/test_citext.py	True	True	True	True
15891	felixxm	2022-07-29 09:16:33	David-Wobrock	2022-07-29 16:50:11	tests/runtests.py	True	True	True	True
15891	felixxm	2022-07-29 09:16:33	carltongibson	2022-08-02 09:56:44	django/contrib/postgres/fields/array.py	True	True	True	True
15891	felixxm	2022-07-29 09:16:33	carltongibson	2022-08-02 09:56:44	django/contrib/postgres/fields/citext.py	True	True	True	True
15891	felixxm	2022-07-29 09:16:33	carltongibson	2022-08-02 09:56:44	docs/internals/deprecation.txt	True	True	True	True
15891	felixxm	2022-07-29 09:16:33	carltongibson	2022-08-02 09:56:44	django/db/backends/postgresql/operations.py	True	True	True	True
15891	felixxm	2022-07-29 09:16:33	carltongibson	2022-08-02 09:56:44	docs/ref/contrib/postgres/fields.txt	True	True	True	True
15891	felixxm	2022-07-29 09:16:33	carltongibson	2022-08-02 09:56:44	docs/ref/checks.txt	True	True	True	True
15891	felixxm	2022-07-29 09:16:33	David-Wobrock	2022-07-29 16:50:11	tests/postgres_tests/migrations/0002_create_test_models.py	True	True	True	True
15891	felixxm	2022-07-29 09:16:33	David-Wobrock	2022-07-29 16:50:11	tests/postgres_tests/models.py	True	True	True	True
15891	felixxm	2022-07-29 09:16:33	David-Wobrock	2022-07-29 16:50:11	docs/internals/deprecation.txt	True	True	True	True
15891	felixxm	2022-07-29 09:16:33	David-Wobrock	2022-07-29 16:50:11	tests/postgres_tests/fields.py	True	True	True	True
15891	felixxm	2022-07-29 09:16:33	David-Wobrock	2022-07-29 16:50:11	tests/invalid_models_tests/test_deprecated_fields.py	True	True	True	True
15891	felixxm	2022-07-29 09:16:33	David-Wobrock	2022-07-29 16:50:11	tests/backends/postgresql/tests.py	True	True	True	True
15891	felixxm	2022-07-29 09:16:33	David-Wobrock	2022-07-29 16:50:11	docs/releases/4.2.txt	True	True	True	True
15891	felixxm	2022-07-29 09:16:33	David-Wobrock	2022-07-29 16:50:11	docs/releases/1.11.txt	True	True	True	True
15891	felixxm	2022-07-29 09:16:33	David-Wobrock	2022-07-29 16:50:11	docs/ref/contrib/postgres/fields.txt	True	True	True	True
15891	felixxm	2022-07-29 09:16:33	David-Wobrock	2022-07-29 16:50:11	docs/ref/checks.txt	True	True	True	True
15891	felixxm	2022-07-29 09:16:33	David-Wobrock	2022-07-29 16:50:11	django/db/backends/postgresql/operations.py	True	True	True	True
15891	felixxm	2022-07-29 09:16:33	David-Wobrock	2022-07-29 16:50:11	django/contrib/postgres/fields/citext.py	True	True	True	True
15891	felixxm	2022-07-29 09:16:33	carltongibson	2022-08-02 09:56:44	docs/releases/4.2.txt	True	True	True	True
15891	felixxm	2022-07-29 09:16:33	carltongibson	2022-08-02 09:56:44	docs/releases/1.11.txt	True	True	True	True
15891	felixxm	2022-07-29 09:16:33	carltongibson	2022-08-02 09:56:44	tests/postgres_tests/test_citext.py	True	True	True	True
15891	felixxm	2022-07-29 09:16:33	carltongibson	2022-08-02 09:56:44	tests/backends/postgresql/tests.py	True	True	True	True
15891	felixxm	2022-07-29 09:16:33	pauloxnet	2022-07-30 08:55:49	docs/ref/contrib/postgres/fields.txt	True	True	True	True
15891	felixxm	2022-07-29 09:16:33	carltongibson	2022-08-02 09:56:44	tests/invalid_models_tests/test_deprecated_fields.py	True	True	True	True
15891	felixxm	2022-07-29 09:16:33	pauloxnet	2022-07-30 08:55:49	tests/runtests.py	True	True	True	True
15891	felixxm	2022-07-29 09:16:33	pauloxnet	2022-07-30 08:55:49	tests/postgres_tests/test_citext.py	True	True	True	True
15891	felixxm	2022-07-29 09:16:33	pauloxnet	2022-07-30 08:55:49	tests/postgres_tests/models.py	True	True	True	True
15891	felixxm	2022-07-29 09:16:33	pauloxnet	2022-07-30 08:55:49	tests/postgres_tests/migrations/0002_create_test_models.py	True	True	True	True
15891	felixxm	2022-07-29 09:16:33	pauloxnet	2022-07-30 08:55:49	tests/postgres_tests/fields.py	True	True	True	True
15891	felixxm	2022-07-29 09:16:33	pauloxnet	2022-07-30 08:55:49	tests/invalid_models_tests/test_deprecated_fields.py	True	True	True	True
15891	felixxm	2022-07-29 09:16:33	pauloxnet	2022-07-30 08:55:49	tests/backends/postgresql/tests.py	True	True	True	True
15891	felixxm	2022-07-29 09:16:33	pauloxnet	2022-07-30 08:55:49	docs/releases/1.11.txt	True	True	True	True
15891	felixxm	2022-07-29 09:16:33	pauloxnet	2022-07-30 08:55:49	docs/releases/4.2.txt	True	True	True	True
15891	felixxm	2022-07-29 09:16:33	pauloxnet	2022-07-30 08:55:49	docs/ref/checks.txt	True	True	True	True
15891	felixxm	2022-07-29 09:16:33	pauloxnet	2022-07-30 08:55:49	docs/internals/deprecation.txt	True	True	True	True
15891	felixxm	2022-07-29 09:16:33	pauloxnet	2022-07-30 08:55:49	django/db/backends/postgresql/operations.py	True	True	True	True
15891	felixxm	2022-07-29 09:16:33	pauloxnet	2022-07-30 08:55:49	django/contrib/postgres/fields/citext.py	True	True	True	True
15891	felixxm	2022-07-29 09:16:33	pauloxnet	2022-07-30 08:55:49	django/contrib/postgres/fields/array.py	True	True	True	True
15891	felixxm	2022-07-29 09:16:33	carltongibson	2022-08-02 09:56:44	tests/runtests.py	True	True	True	True
15891	felixxm	2022-07-29 09:16:33	carltongibson	2022-08-02 09:56:44	tests/postgres_tests/models.py	True	True	True	True
15891	felixxm	2022-07-29 09:16:33	carltongibson	2022-08-02 09:56:44	tests/postgres_tests/migrations/0002_create_test_models.py	True	True	True	True
15891	felixxm	2022-07-29 09:16:33	carltongibson	2022-08-02 09:56:44	tests/postgres_tests/fields.py	True	True	True	True
15888	KommuSoft	2022-07-28 10:23:19	Alex-CodeLab	2022-08-04 11:32:06	django/db/models/base.py	True	False	True	True
15888	KommuSoft	2022-07-28 10:23:19	felixxm	2022-08-05 05:57:33	django/db/models/base.py	True	False	True	True
15887	felixxm	2022-07-27 11:15:03	ngnpope	2022-07-27 11:17:03	django/db/backends/mysql/features.py	True	False	False	True
15887	felixxm	2022-07-27 11:15:03	hramezani	2022-07-27 13:35:48	django/db/backends/mysql/features.py	True	False	False	True
15883	felixxm	2022-07-26 11:13:11	carltongibson	2022-07-26 13:30:21	docs/ref/models/querysets.txt	True	False	False	True
15883	felixxm	2022-07-26 11:13:11	carltongibson	2022-07-26 13:30:21	docs/topics/db/queries.txt	True	False	False	True
15879	claudep	2022-07-25 16:41:11	felixxm	2022-07-25 18:50:47	django/contrib/gis/gdal/raster/source.py	True	False	True	True
15879	claudep	2022-07-25 16:41:11	felixxm	2022-07-25 16:48:44	docs/ref/contrib/gis/gdal.txt	True	False	True	True
15879	claudep	2022-07-25 16:41:11	felixxm	2022-07-25 16:48:19	tests/gis_tests/gdal_tests/test_raster.py	True	False	True	True
15879	claudep	2022-07-25 16:41:11	felixxm	2022-07-25 18:50:47	docs/ref/contrib/gis/gdal.txt	True	False	True	True
15879	claudep	2022-07-25 16:41:11	felixxm	2022-07-25 18:50:47	docs/releases/4.2.txt	True	False	True	True
15879	claudep	2022-07-25 16:41:11	felixxm	2022-07-25 16:48:44	django/contrib/gis/gdal/raster/source.py	True	False	True	True
15879	claudep	2022-07-25 16:41:11	felixxm	2022-07-25 18:50:47	tests/gis_tests/gdal_tests/test_raster.py	True	False	True	True
15879	claudep	2022-07-25 16:41:11	felixxm	2022-07-25 16:48:44	docs/releases/4.2.txt	True	False	True	True
15879	claudep	2022-07-25 16:41:11	felixxm	2022-07-25 16:48:44	tests/gis_tests/gdal_tests/test_raster.py	True	False	True	True
15879	claudep	2022-07-25 16:41:11	felixxm	2022-07-25 16:48:19	django/contrib/gis/gdal/raster/source.py	True	False	True	True
15879	claudep	2022-07-25 16:41:11	felixxm	2022-07-25 16:48:19	docs/ref/contrib/gis/gdal.txt	True	False	True	True
15879	claudep	2022-07-25 16:41:11	felixxm	2022-07-25 16:48:19	docs/releases/4.2.txt	True	False	True	True
15871	claudep	2022-07-23 10:47:11	felixxm	2022-07-23 15:57:49	django/contrib/auth/hashers.py	True	True	True	True
15871	claudep	2022-07-23 10:47:11	ngnpope	2022-07-23 12:49:52	django/contrib/auth/hashers.py	True	True	True	True
15871	claudep	2022-07-23 10:47:11	felixxm	2022-07-23 15:57:49	tests/auth_tests/test_hashers.py	True	True	True	True
15871	claudep	2022-07-23 10:47:11	felixxm	2022-07-23 15:57:49	docs/topics/auth/passwords.txt	True	True	True	True
15871	claudep	2022-07-23 10:47:11	felixxm	2022-07-23 15:57:49	docs/releases/4.2.txt	True	True	True	True
15871	claudep	2022-07-23 10:47:11	felixxm	2022-07-23 15:57:49	docs/internals/deprecation.txt	True	True	True	True
15871	claudep	2022-07-23 10:47:11	ngnpope	2022-07-23 12:49:52	docs/releases/4.2.txt	True	True	True	True
15871	claudep	2022-07-23 10:47:11	David-Wobrock	2022-07-23 11:58:55	tests/auth_tests/test_hashers.py	True	True	True	True
15871	claudep	2022-07-23 10:47:11	David-Wobrock	2022-07-23 11:58:55	docs/topics/auth/passwords.txt	True	True	True	True
15871	claudep	2022-07-23 10:47:11	David-Wobrock	2022-07-23 11:58:55	django/contrib/auth/hashers.py	True	True	True	True
15871	claudep	2022-07-23 10:47:11	David-Wobrock	2022-07-23 11:58:55	docs/releases/4.2.txt	True	True	True	True
15871	claudep	2022-07-23 10:47:11	David-Wobrock	2022-07-23 11:58:55	docs/internals/deprecation.txt	True	True	True	True
15871	claudep	2022-07-23 10:47:11	ngnpope	2022-07-23 12:49:52	docs/internals/deprecation.txt	True	True	True	True
15871	claudep	2022-07-23 10:47:11	felixxm	2022-07-23 19:31:10	docs/releases/4.2.txt	True	True	True	True
15871	claudep	2022-07-23 10:47:11	ngnpope	2022-07-23 12:49:52	docs/topics/auth/passwords.txt	True	True	True	True
15871	claudep	2022-07-23 10:47:11	felixxm	2022-07-23 15:57:52	django/contrib/auth/hashers.py	True	True	True	True
15871	claudep	2022-07-23 10:47:11	felixxm	2022-07-23 15:57:52	docs/internals/deprecation.txt	True	True	True	True
15871	claudep	2022-07-23 10:47:11	felixxm	2022-07-23 15:57:52	docs/releases/4.2.txt	True	True	True	True
15871	claudep	2022-07-23 10:47:11	felixxm	2022-07-23 15:57:52	docs/topics/auth/passwords.txt	True	True	True	True
15871	claudep	2022-07-23 10:47:11	felixxm	2022-07-23 15:57:52	tests/auth_tests/test_hashers.py	True	True	True	True
15871	claudep	2022-07-23 10:47:11	felixxm	2022-07-23 19:31:10	django/contrib/auth/hashers.py	True	True	True	True
15871	claudep	2022-07-23 10:47:11	felixxm	2022-07-23 19:31:10	docs/internals/deprecation.txt	True	True	True	True
15871	claudep	2022-07-23 10:47:11	felixxm	2022-07-23 19:31:10	docs/topics/auth/passwords.txt	True	True	True	True
15871	claudep	2022-07-23 10:47:11	felixxm	2022-07-23 19:31:10	tests/auth_tests/test_hashers.py	True	True	True	True
15871	claudep	2022-07-23 10:47:11	ngnpope	2022-07-23 12:49:52	tests/auth_tests/test_hashers.py	True	True	True	True
15870	claudep	2022-07-23 09:54:58	ngnpope	2022-07-23 11:36:03	tests/gis_tests/test_measure.py	True	False	False	True
15869	ngnpope	2022-07-22 22:05:16	felixxm	2022-07-23 05:01:13	docs/ref/templates/builtins.txt	True	True	True	True
15869	ngnpope	2022-07-22 22:05:16	felixxm	2022-07-23 05:01:13	django/contrib/admin/templates/admin/includes/fieldset.html	True	True	True	True
15869	ngnpope	2022-07-22 22:05:16	felixxm	2022-07-23 05:01:13	django/template/defaultfilters.py	True	True	True	True
15869	ngnpope	2022-07-22 22:05:16	felixxm	2022-07-23 05:01:13	docs/internals/deprecation.txt	True	True	True	True
15869	ngnpope	2022-07-22 22:05:16	felixxm	2022-07-23 05:01:13	docs/releases/4.2.txt	True	True	True	True
15869	ngnpope	2022-07-22 22:05:16	felixxm	2022-07-23 05:01:13	tests/template_tests/filter_tests/test_length_is.py	True	True	True	True
15868	maggyero	2022-07-22 15:15:08	felixxm	2022-07-22 15:53:42	docs/intro/tutorial05.txt	True	False	True	True
15866	deepakdinesh1123	2022-07-22 06:52:14	felixxm	2022-07-22 07:33:47	.github/workflows/benchmark.yml	True	True	True	True
15866	deepakdinesh1123	2022-07-22 06:52:14	carltongibson	2022-07-22 07:57:55	.github/workflows/benchmark.yml	True	True	True	True
15866	deepakdinesh1123	2022-07-22 06:52:14	felixxm	2022-07-22 07:06:26	.github/workflows/benchmark.yml	True	True	True	True
15866	deepakdinesh1123	2022-07-22 06:52:14	carltongibson	2022-07-22 08:09:50	.github/workflows/benchmark.yml	True	True	True	True
15866	deepakdinesh1123	2022-07-22 06:52:14	felixxm	2022-07-22 07:00:41	.github/workflows/benchmark.yml	True	True	True	True
15866	deepakdinesh1123	2022-07-22 06:52:14	smithdc1	2022-07-30 10:44:54	.github/workflows/benchmark.yml	True	True	True	True
15866	deepakdinesh1123	2022-07-22 06:52:14	carltongibson	2022-09-06 14:22:14	.github/workflows/benchmark.yml	True	True	True	True
15866	deepakdinesh1123	2022-07-22 06:52:14	felixxm	2022-08-10 10:45:21	.github/workflows/benchmark.yml	True	True	True	True
15866	deepakdinesh1123	2022-07-22 06:52:14	carltongibson	2022-08-10 10:39:21	.github/workflows/benchmark.yml	True	True	True	True
15866	deepakdinesh1123	2022-07-22 06:52:14	carltongibson	2022-08-10 10:08:33	.github/workflows/benchmark.yml	True	True	True	True
15865	movileanuv	2022-07-21 17:40:22	felixxm	2022-07-22 04:59:01	docs/ref/templates/language.txt	False	True	True	True
15865	movileanuv	2022-07-21 17:40:22	felixxm	2022-07-22 04:59:01	docs/ref/templates/language.txt	True	True	True	True
15865	movileanuv	2022-07-21 17:40:22	felixxm	2022-07-22 04:58:36	docs/ref/templates/language.txt	False	True	True	True
15865	movileanuv	2022-07-21 17:40:22	felixxm	2022-07-21 19:26:28	docs/ref/templates/language.txt	False	True	True	True
15865	movileanuv	2022-07-21 17:40:22	felixxm	2022-07-22 04:58:36	docs/ref/templates/language.txt	True	True	True	True
15865	movileanuv	2022-07-21 17:40:22	felixxm	2022-07-21 19:26:28	docs/ref/templates/language.txt	True	True	True	True
15864	eltociear	2022-07-21 10:27:24	felixxm	2022-07-21 10:32:55	django/contrib/admin/options.py	True	False	True	True
15862	felixxm	2022-07-20 08:15:59	David-Wobrock	2022-07-20 08:53:03	tests/migrations/test_operations.py	True	False	False	True
15862	felixxm	2022-07-20 08:15:59	David-Wobrock	2022-07-20 08:53:03	django/db/models/options.py	True	False	False	True
15862	felixxm	2022-07-20 08:15:59	David-Wobrock	2022-07-20 08:53:03	django/db/models/base.py	True	False	False	True
15862	felixxm	2022-07-20 08:15:59	David-Wobrock	2022-07-20 08:53:03	django/db/migrations/autodetector.py	True	False	False	True
15861	felixxm	2022-07-20 05:59:35	carltongibson	2022-07-26 09:35:18	tests/check_framework/migrations_test_apps/index_together_app/__init__.py	True	True	True	True
15861	felixxm	2022-07-20 05:59:35	carltongibson	2022-07-26 09:35:18	tests/check_framework/test_migrations.py	True	True	True	True
15861	felixxm	2022-07-20 05:59:35	carltongibson	2022-07-26 09:35:18	tests/check_framework/migrations_test_apps/index_together_app/migrations/__init__.py	True	True	True	True
15861	felixxm	2022-07-20 05:59:35	carltongibson	2022-07-26 09:35:18	tests/check_framework/migrations_test_apps/index_together_app/migrations/0001_initial.py	True	True	True	True
15861	felixxm	2022-07-20 05:59:35	carltongibson	2022-07-26 09:35:18	tests/check_framework/migrations_test_apps/index_together_app/apps.py	True	True	True	True
15861	felixxm	2022-07-20 05:59:35	carltongibson	2022-07-26 09:35:18	docs/ref/migration-operations.txt	True	True	True	True
15861	felixxm	2022-07-20 05:59:35	carltongibson	2022-07-26 09:35:18	tests/check_framework/migrations_test_apps/__init__.py	True	True	True	True
15861	felixxm	2022-07-20 05:59:35	carltongibson	2022-07-26 09:35:18	docs/releases/4.2.txt	True	True	True	True
15861	felixxm	2022-07-20 05:59:35	carltongibson	2022-07-26 09:35:18	tests/migrations/test_optimizer.py	True	True	True	True
15861	felixxm	2022-07-20 05:59:35	carltongibson	2022-07-26 09:35:18	docs/ref/checks.txt	True	True	True	True
15861	felixxm	2022-07-20 05:59:35	carltongibson	2022-07-26 09:35:18	tests/migrations/test_operations.py	True	True	True	True
15861	felixxm	2022-07-20 05:59:35	carltongibson	2022-07-26 09:35:18	django/core/checks/registry.py	True	True	True	True
15861	felixxm	2022-07-20 05:59:35	carltongibson	2022-07-26 09:35:18	tests/model_options/test_index_together_deprecation.py	True	True	True	True
15861	felixxm	2022-07-20 05:59:35	carltongibson	2022-07-26 09:35:18	django/core/checks/__init__.py	True	True	True	True
15861	felixxm	2022-07-20 05:59:35	carltongibson	2022-07-26 09:35:18	django/core/checks/migrations.py	True	True	True	True
15861	felixxm	2022-07-20 05:59:35	carltongibson	2022-07-26 09:35:18	django/db/migrations/operations/models.py	True	True	True	True
15861	felixxm	2022-07-20 05:59:35	carltongibson	2022-07-26 09:35:18	django/db/migrations/migration.py	True	True	True	True
15861	felixxm	2022-07-20 05:59:35	carltongibson	2022-07-26 09:35:18	django/db/migrations/operations/base.py	True	True	True	True
15861	felixxm	2022-07-20 05:59:35	carltongibson	2022-07-26 09:35:18	docs/topics/checks.txt	True	True	True	True
15861	felixxm	2022-07-20 05:59:35	carltongibson	2022-07-26 09:35:18	docs/topics/migrations.txt	True	True	True	True
15861	felixxm	2022-07-20 05:59:35	carltongibson	2022-07-26 09:35:18	tests/db_functions/migrations/0001_setup_extensions.py	True	True	True	True
15861	felixxm	2022-07-20 05:59:35	carltongibson	2022-07-26 09:35:18	tests/postgres_tests/migrations/0001_setup_extensions.py	True	True	True	True
15861	felixxm	2022-07-20 05:59:35	carltongibson	2022-07-26 09:35:18	django/db/models/fields/__init__.py	True	True	True	True
15861	felixxm	2022-07-20 05:59:35	carltongibson	2022-07-26 09:35:18	docs/internals/deprecation.txt	True	True	True	True
15861	felixxm	2022-07-20 05:59:35	collinanderson	2022-07-20 15:07:10	tests/db_functions/migrations/0001_setup_extensions.py	True	True	True	True
15861	felixxm	2022-07-20 05:59:35	collinanderson	2022-07-20 15:07:10	django/utils/deprecation.py	True	True	True	True
15861	felixxm	2022-07-20 05:59:35	collinanderson	2022-07-20 15:07:10	tests/check_framework/test_migrations.py	True	True	True	True
15861	felixxm	2022-07-20 05:59:35	collinanderson	2022-07-20 15:07:10	django/db/migrations/operations/models.py	True	True	True	True
15861	felixxm	2022-07-20 05:59:35	collinanderson	2022-07-20 15:07:10	docs/internals/deprecation.txt	True	True	True	True
15861	felixxm	2022-07-20 05:59:35	collinanderson	2022-07-20 15:07:10	docs/ref/checks.txt	True	True	True	True
15861	felixxm	2022-07-20 05:59:35	collinanderson	2022-07-20 15:07:10	docs/ref/migration-operations.txt	True	True	True	True
15861	felixxm	2022-07-20 05:59:35	collinanderson	2022-07-20 15:07:10	docs/releases/4.2.txt	True	True	True	True
15861	felixxm	2022-07-20 05:59:35	collinanderson	2022-07-20 15:07:10	tests/check_framework/migrations_test_apps/__init__.py	True	True	True	True
15861	felixxm	2022-07-20 05:59:35	collinanderson	2022-07-20 15:07:10	tests/check_framework/migrations_test_apps/index_together_app/__init__.py	True	True	True	True
15861	felixxm	2022-07-20 05:59:35	collinanderson	2022-07-20 15:07:10	tests/check_framework/migrations_test_apps/index_together_app/apps.py	True	True	True	True
15861	felixxm	2022-07-20 05:59:35	collinanderson	2022-07-20 15:07:10	tests/check_framework/migrations_test_apps/index_together_app/migrations/0001_initial.py	True	True	True	True
15861	felixxm	2022-07-20 05:59:35	collinanderson	2022-07-20 15:07:10	tests/check_framework/migrations_test_apps/index_together_app/migrations/__init__.py	True	True	True	True
15861	felixxm	2022-07-20 05:59:35	collinanderson	2022-07-20 15:07:10	tests/migrations/test_operations.py	True	True	True	True
15861	felixxm	2022-07-20 05:59:35	collinanderson	2022-07-20 15:07:10	django/db/models/fields/__init__.py	True	True	True	True
15861	felixxm	2022-07-20 05:59:35	collinanderson	2022-07-20 15:07:10	tests/migrations/test_optimizer.py	True	True	True	True
15861	felixxm	2022-07-20 05:59:35	collinanderson	2022-07-20 15:07:10	tests/model_options/test_index_together_deprecation.py	True	True	True	True
15861	felixxm	2022-07-20 05:59:35	collinanderson	2022-07-20 15:07:10	django/core/checks/migrations.py	True	True	True	True
15861	felixxm	2022-07-20 05:59:35	collinanderson	2022-07-20 15:07:10	django/core/checks/registry.py	True	True	True	True
15861	felixxm	2022-07-20 05:59:35	collinanderson	2022-07-20 15:07:10	django/db/migrations/migration.py	True	True	True	True
15861	felixxm	2022-07-20 05:59:35	collinanderson	2022-07-20 15:07:10	django/db/migrations/operations/base.py	True	True	True	True
15861	felixxm	2022-07-20 05:59:35	collinanderson	2022-07-20 15:07:10	docs/topics/checks.txt	True	True	True	True
15861	felixxm	2022-07-20 05:59:35	collinanderson	2022-07-20 15:07:10	docs/topics/migrations.txt	True	True	True	True
15861	felixxm	2022-07-20 05:59:35	collinanderson	2022-07-20 15:06:55	django/db/migrations/operations/models.py	True	True	True	True
15861	felixxm	2022-07-20 05:59:35	collinanderson	2022-07-20 15:07:10	tests/postgres_tests/migrations/0001_setup_extensions.py	True	True	True	True
15861	felixxm	2022-07-20 05:59:35	carltongibson	2022-07-26 09:35:18	django/utils/deprecation.py	True	True	True	True
15861	felixxm	2022-07-20 05:59:35	collinanderson	2022-07-20 15:07:10	django/core/checks/__init__.py	True	True	True	True
15861	felixxm	2022-07-20 05:59:35	collinanderson	2022-07-20 15:06:55	docs/internals/deprecation.txt	True	True	True	True
15861	felixxm	2022-07-20 05:59:35	carltongibson	2022-07-20 07:37:24	django/core/checks/__init__.py	True	True	True	True
15861	felixxm	2022-07-20 05:59:35	carltongibson	2022-07-20 07:37:24	docs/ref/migration-operations.txt	True	True	True	True
15861	felixxm	2022-07-20 05:59:35	carltongibson	2022-07-20 07:37:24	docs/releases/4.2.txt	True	True	True	True
15861	felixxm	2022-07-20 05:59:35	carltongibson	2022-07-20 07:37:24	tests/check_framework/migrations_test_apps/__init__.py	True	True	True	True
15861	felixxm	2022-07-20 05:59:35	carltongibson	2022-07-20 07:37:24	tests/check_framework/migrations_test_apps/index_together_app/apps.py	True	True	True	True
15861	felixxm	2022-07-20 05:59:35	carltongibson	2022-07-20 07:37:24	tests/check_framework/migrations_test_apps/index_together_app/migrations/0001_initial.py	True	True	True	True
15861	felixxm	2022-07-20 05:59:35	carltongibson	2022-07-20 07:37:24	tests/check_framework/migrations_test_apps/index_together_app/migrations/__init__.py	True	True	True	True
15861	felixxm	2022-07-20 05:59:35	carltongibson	2022-07-20 07:37:24	tests/check_framework/test_migrations.py	True	True	True	True
15861	felixxm	2022-07-20 05:59:35	carltongibson	2022-07-20 07:37:24	tests/migrations/test_operations.py	True	True	True	True
15861	felixxm	2022-07-20 05:59:35	carltongibson	2022-07-20 07:37:24	tests/migrations/test_optimizer.py	True	True	True	True
15861	felixxm	2022-07-20 05:59:35	carltongibson	2022-07-20 07:37:24	tests/model_options/test_index_together_deprecation.py	True	True	True	True
15861	felixxm	2022-07-20 05:59:35	carltongibson	2022-07-20 07:37:24	django/core/checks/migrations.py	True	True	True	True
15861	felixxm	2022-07-20 05:59:35	carltongibson	2022-07-20 07:37:24	docs/internals/deprecation.txt	True	True	True	True
15861	felixxm	2022-07-20 05:59:35	carltongibson	2022-07-20 07:37:24	django/core/checks/registry.py	True	True	True	True
15861	felixxm	2022-07-20 05:59:35	carltongibson	2022-07-20 07:37:24	django/db/migrations/migration.py	True	True	True	True
15861	felixxm	2022-07-20 05:59:35	carltongibson	2022-07-20 07:37:24	django/db/migrations/operations/base.py	True	True	True	True
15861	felixxm	2022-07-20 05:59:35	carltongibson	2022-07-20 07:37:24	docs/topics/checks.txt	True	True	True	True
15861	felixxm	2022-07-20 05:59:35	carltongibson	2022-07-20 07:37:24	docs/topics/migrations.txt	True	True	True	True
15861	felixxm	2022-07-20 05:59:35	carltongibson	2022-07-20 07:37:24	tests/db_functions/migrations/0001_setup_extensions.py	True	True	True	True
15861	felixxm	2022-07-20 05:59:35	carltongibson	2022-07-20 07:37:24	tests/postgres_tests/migrations/0001_setup_extensions.py	True	True	True	True
15861	felixxm	2022-07-20 05:59:35	carltongibson	2022-07-20 07:37:24	django/db/models/fields/__init__.py	True	True	True	True
15861	felixxm	2022-07-20 05:59:35	carltongibson	2022-07-20 07:37:24	django/utils/deprecation.py	True	True	True	True
15861	felixxm	2022-07-20 05:59:35	collinanderson	2022-07-20 15:06:55	docs/ref/checks.txt	True	True	True	True
15861	felixxm	2022-07-20 05:59:35	carltongibson	2022-07-20 07:37:24	docs/ref/checks.txt	True	True	True	True
15861	felixxm	2022-07-20 05:59:35	carltongibson	2022-07-20 07:37:24	tests/check_framework/migrations_test_apps/index_together_app/__init__.py	True	True	True	True
15861	felixxm	2022-07-20 05:59:35	carltongibson	2022-07-20 07:37:24	django/db/migrations/operations/models.py	True	True	True	True
15861	felixxm	2022-07-20 05:59:35	collinanderson	2022-07-20 15:06:55	django/core/checks/__init__.py	True	True	True	True
15861	felixxm	2022-07-20 05:59:35	collinanderson	2022-07-20 15:06:55	docs/ref/migration-operations.txt	True	True	True	True
15861	felixxm	2022-07-20 05:59:35	collinanderson	2022-07-20 15:06:55	docs/releases/4.2.txt	True	True	True	True
15861	felixxm	2022-07-20 05:59:35	collinanderson	2022-07-20 15:06:55	tests/check_framework/migrations_test_apps/__init__.py	True	True	True	True
15861	felixxm	2022-07-20 05:59:35	collinanderson	2022-07-20 15:06:55	tests/check_framework/migrations_test_apps/index_together_app/__init__.py	True	True	True	True
15861	felixxm	2022-07-20 05:59:35	collinanderson	2022-07-20 15:06:55	tests/check_framework/migrations_test_apps/index_together_app/apps.py	True	True	True	True
15861	felixxm	2022-07-20 05:59:35	collinanderson	2022-07-20 15:06:55	tests/check_framework/migrations_test_apps/index_together_app/migrations/0001_initial.py	True	True	True	True
15861	felixxm	2022-07-20 05:59:35	collinanderson	2022-07-20 15:06:55	tests/check_framework/migrations_test_apps/index_together_app/migrations/__init__.py	True	True	True	True
15861	felixxm	2022-07-20 05:59:35	collinanderson	2022-07-20 15:06:55	django/utils/deprecation.py	True	True	True	True
15861	felixxm	2022-07-20 05:59:35	collinanderson	2022-07-20 15:06:55	tests/migrations/test_operations.py	True	True	True	True
15861	felixxm	2022-07-20 05:59:35	collinanderson	2022-07-20 15:06:55	tests/migrations/test_optimizer.py	True	True	True	True
15861	felixxm	2022-07-20 05:59:35	collinanderson	2022-07-20 15:06:55	tests/model_options/test_index_together_deprecation.py	True	True	True	True
15861	felixxm	2022-07-20 05:59:35	collinanderson	2022-07-20 15:06:55	tests/check_framework/test_migrations.py	True	True	True	True
15861	felixxm	2022-07-20 05:59:35	collinanderson	2022-07-20 15:06:55	django/core/checks/migrations.py	True	True	True	True
15861	felixxm	2022-07-20 05:59:35	collinanderson	2022-07-20 15:06:55	django/db/migrations/migration.py	True	True	True	True
15861	felixxm	2022-07-20 05:59:35	collinanderson	2022-07-20 15:06:55	django/db/models/fields/__init__.py	True	True	True	True
15861	felixxm	2022-07-20 05:59:35	collinanderson	2022-07-20 15:06:55	django/db/migrations/operations/base.py	True	True	True	True
15861	felixxm	2022-07-20 05:59:35	collinanderson	2022-07-20 15:06:55	docs/topics/checks.txt	True	True	True	True
15861	felixxm	2022-07-20 05:59:35	collinanderson	2022-07-20 15:06:55	docs/topics/migrations.txt	True	True	True	True
15861	felixxm	2022-07-20 05:59:35	collinanderson	2022-07-20 15:06:55	tests/db_functions/migrations/0001_setup_extensions.py	True	True	True	True
15861	felixxm	2022-07-20 05:59:35	collinanderson	2022-07-20 15:06:55	tests/postgres_tests/migrations/0001_setup_extensions.py	True	True	True	True
15861	felixxm	2022-07-20 05:59:35	collinanderson	2022-07-20 15:06:55	django/core/checks/registry.py	True	True	True	True
15860	leonidpodriz	2022-07-19 18:12:28	felixxm	2022-07-20 07:21:47	django/contrib/admin/static/admin/css/responsive.css	False	True	True	True
15860	leonidpodriz	2022-07-19 18:12:28	felixxm	2022-07-20 07:21:47	django/contrib/admin/static/admin/css/forms.css	True	True	True	True
15860	leonidpodriz	2022-07-19 18:12:28	felixxm	2022-07-20 07:21:47	django/contrib/admin/static/admin/css/forms.css	False	True	True	True
15860	leonidpodriz	2022-07-19 18:12:28	felixxm	2022-07-20 19:06:36	django/contrib/admin/static/admin/css/responsive.css	False	True	True	True
15860	leonidpodriz	2022-07-19 18:12:28	felixxm	2022-07-20 19:06:36	django/contrib/admin/static/admin/css/forms.css	True	True	True	True
15860	leonidpodriz	2022-07-19 18:12:28	felixxm	2022-07-20 19:06:36	django/contrib/admin/static/admin/css/forms.css	False	True	True	True
15858	felixxm	2022-07-19 11:15:20	carltongibson	2022-07-19 11:50:50	docs/ref/checks.txt	True	True	False	True
15858	felixxm	2022-07-19 11:15:20	carltongibson	2022-07-19 11:50:50	django/contrib/postgres/fields/jsonb.py	True	True	False	True
15858	felixxm	2022-07-19 11:15:20	carltongibson	2022-07-19 11:50:50	django/db/models/fields/__init__.py	True	True	False	True
15858	felixxm	2022-07-19 11:15:20	carltongibson	2022-07-19 11:50:50	django/utils/deprecation.py	True	True	False	True
15858	felixxm	2022-07-19 11:15:20	carltongibson	2022-07-19 11:50:50	docs/internals/deprecation.txt	True	True	False	True
15858	felixxm	2022-07-19 11:15:20	carltongibson	2022-07-19 11:50:50	django/db/migrations/operations/models.py	True	True	False	True
15858	felixxm	2022-07-19 11:15:20	carltongibson	2022-07-19 11:50:50	docs/topics/migrations.txt	True	True	False	True
15858	felixxm	2022-07-19 11:15:20	carltongibson	2022-07-19 11:50:50	tests/check_framework/test_model_field_deprecation.py	True	True	False	True
15858	felixxm	2022-07-19 11:15:20	carltongibson	2022-07-19 11:50:50	tests/invalid_models_tests/test_deprecated_fields.py	True	True	False	True
15858	felixxm	2022-07-19 11:15:20	carltongibson	2022-07-19 11:50:50	tests/check_framework/test_migrations.py	True	True	False	True
15856	RendaNyamande	2022-07-18 22:43:30	felixxm	2022-07-19 05:22:45	docs/intro/tutorial02.txt	True	False	True	True
15855	Rishav8989	2022-07-18 20:57:21	felixxm	2022-07-19 05:35:33	docs/faq/admin.txt	True	False	True	True
15853	felixxm	2022-07-18 11:15:04	timgraham	2022-07-18 11:51:56	docs/ref/contrib/gis/install/geolibs.txt	True	False	False	True
15853	felixxm	2022-07-18 11:15:04	hramezani	2022-07-18 11:54:32	docs/ref/contrib/gis/install/geolibs.txt	True	False	False	True
15853	felixxm	2022-07-18 11:15:04	ngnpope	2022-07-18 13:33:01	docs/ref/contrib/gis/install/geolibs.txt	True	False	False	True
15852	felixxm	2022-07-18 06:01:19	carltongibson	2022-07-19 07:07:18	tests/check_framework/tests.py	True	False	True	True
15852	felixxm	2022-07-18 06:01:19	David-Wobrock	2022-07-18 12:14:39	django/test/runner.py	True	False	True	True
15852	felixxm	2022-07-18 06:01:19	David-Wobrock	2022-07-18 12:14:39	tests/check_framework/tests.py	True	False	True	True
15852	felixxm	2022-07-18 06:01:19	carltongibson	2022-07-19 07:07:18	django/test/runner.py	True	False	True	True
15852	felixxm	2022-07-18 06:01:19	ngnpope	2022-07-18 13:34:48	django/test/runner.py	True	False	True	True
15852	felixxm	2022-07-18 06:01:19	charettes	2022-07-18 14:48:37	django/test/runner.py	True	False	True	True
15852	felixxm	2022-07-18 06:01:19	charettes	2022-07-18 14:48:37	tests/check_framework/tests.py	True	False	True	True
15852	felixxm	2022-07-18 06:01:19	ngnpope	2022-07-18 13:34:48	tests/check_framework/tests.py	True	False	True	True
15850	iurisilvio	2022-07-15 22:44:58	charettes	2022-07-16 14:19:46	django/db/migrations/state.py	True	False	True	True
15850	iurisilvio	2022-07-15 22:44:58	felixxm	2022-07-16 08:12:16	django/db/migrations/state.py	True	False	True	True
15847	felixxm	2022-07-15 10:00:35	carltongibson	2022-07-19 10:24:47	tests/check_framework/test_migrations.py	True	True	False	True
15847	felixxm	2022-07-15 10:00:35	David-Wobrock	2022-07-19 08:03:02	django/core/checks/migrations.py	True	True	False	True
15847	felixxm	2022-07-15 10:00:35	David-Wobrock	2022-07-19 08:03:02	tests/check_framework/test_migrations.py	True	True	False	True
15847	felixxm	2022-07-15 10:00:35	carltongibson	2022-07-19 10:24:47	django/core/checks/migrations.py	True	True	False	True
15847	felixxm	2022-07-15 10:00:35	David-Wobrock	2022-07-18 08:58:43	tests/check_framework/test_migrations.py	True	True	False	True
15847	felixxm	2022-07-15 10:00:35	David-Wobrock	2022-07-18 08:58:43	django/core/checks/migrations.py	True	True	False	True
15845	mlissner	2022-07-14 20:52:17	felixxm	2022-09-26 04:07:41	django/core/management/commands/migrate.py	True	True	True	True
15845	mlissner	2022-07-14 20:52:17	felixxm	2022-09-26 04:07:41	django/core/management/commands/migrate.py	False	True	True	True
15843	sabderemane	2022-07-13 12:27:09	felixxm	2022-08-02 14:54:45	django/contrib/admin/static/admin/js/theme.js	True	False	True	True
15843	sabderemane	2022-07-13 12:27:09	felixxm	2022-07-18 08:10:43	django/contrib/admin/static/admin/js/theme.js	True	False	True	True
15843	sabderemane	2022-07-13 12:27:09	felixxm	2022-08-02 14:54:45	django/contrib/admin/templates/admin/base_site.html	True	False	True	True
15843	sabderemane	2022-07-13 12:27:09	felixxm	2022-08-02 14:54:45	django/contrib/admin/templates/admin/color_theme_toggle.html	True	False	True	True
15843	sabderemane	2022-07-13 12:27:09	felixxm	2022-08-02 14:54:45	django/contrib/admin/templates/registration/password_change_done.html	True	False	True	True
15843	sabderemane	2022-07-13 12:27:09	felixxm	2022-08-02 14:54:45	django/contrib/admin/templates/registration/password_change_form.html	True	False	True	True
15843	sabderemane	2022-07-13 12:27:09	felixxm	2022-08-02 14:54:45	docs/releases/4.2.txt	True	False	True	True
15843	sabderemane	2022-07-13 12:27:09	felixxm	2022-07-18 08:10:43	django/contrib/admin/static/admin/css/base.css	True	False	True	True
15843	sabderemane	2022-07-13 12:27:09	felixxm	2022-07-18 08:10:43	django/contrib/admin/static/admin/css/dark_mode.css	True	False	True	True
15843	sabderemane	2022-07-13 12:27:09	felixxm	2022-07-18 08:10:43	django/contrib/admin/templates/admin/color_theme_toggle.html	True	False	True	True
15843	sabderemane	2022-07-13 12:27:09	felixxm	2022-07-18 08:10:43	django/contrib/admin/templates/admin/base.html	True	False	True	True
15843	sabderemane	2022-07-13 12:27:09	carltongibson	2022-08-02 13:39:15	django/contrib/admin/static/admin/css/base.css	True	False	True	True
15843	sabderemane	2022-07-13 12:27:09	felixxm	2022-07-14 13:12:46	django/contrib/admin/static/admin/js/theme.js	True	False	True	True
15843	sabderemane	2022-07-13 12:27:09	felixxm	2022-07-18 08:10:43	django/contrib/admin/templates/registration/password_change_done.html	True	False	True	True
15843	sabderemane	2022-07-13 12:27:09	felixxm	2022-07-18 08:10:43	django/contrib/admin/templates/registration/password_change_form.html	True	False	True	True
15843	sabderemane	2022-07-13 12:27:09	felixxm	2022-07-18 08:10:43	docs/releases/4.2.txt	True	False	True	True
15843	sabderemane	2022-07-13 12:27:09	felixxm	2022-07-14 13:12:46	django/contrib/admin/static/admin/css/base.css	True	False	True	True
15843	sabderemane	2022-07-13 12:27:09	felixxm	2022-07-14 13:12:46	django/contrib/admin/static/admin/css/dark_mode.css	True	False	True	True
15843	sabderemane	2022-07-13 12:27:09	felixxm	2022-08-02 14:54:45	django/contrib/admin/templates/admin/base.html	True	False	True	True
15843	sabderemane	2022-07-13 12:27:09	carltongibson	2022-08-02 13:39:15	django/contrib/admin/templates/registration/password_change_done.html	True	False	True	True
15843	sabderemane	2022-07-13 12:27:09	felixxm	2022-08-02 14:54:45	django/contrib/admin/static/admin/css/dark_mode.css	True	False	True	True
15843	sabderemane	2022-07-13 12:27:09	felixxm	2022-08-02 14:54:45	django/contrib/admin/static/admin/css/base.css	True	False	True	True
15843	sabderemane	2022-07-13 12:27:09	felixxm	2022-07-14 13:12:46	django/contrib/admin/templates/admin/base_site.html	True	False	True	True
15843	sabderemane	2022-07-13 12:27:09	carltongibson	2022-08-02 13:39:15	django/contrib/admin/static/admin/css/dark_mode.css	True	False	True	True
15843	sabderemane	2022-07-13 12:27:09	carltongibson	2022-08-02 13:39:15	django/contrib/admin/static/admin/js/theme.js	True	False	True	True
15843	sabderemane	2022-07-13 12:27:09	carltongibson	2022-08-02 13:39:15	django/contrib/admin/templates/admin/base.html	True	False	True	True
15843	sabderemane	2022-07-13 12:27:09	carltongibson	2022-08-02 13:39:15	django/contrib/admin/templates/admin/base_site.html	True	False	True	True
15843	sabderemane	2022-07-13 12:27:09	carltongibson	2022-08-02 13:39:15	django/contrib/admin/templates/admin/color_theme_toggle.html	True	False	True	True
15843	sabderemane	2022-07-13 12:27:09	carltongibson	2022-08-02 13:39:15	django/contrib/admin/templates/registration/password_change_form.html	True	False	True	True
15843	sabderemane	2022-07-13 12:27:09	carltongibson	2022-08-02 13:39:15	docs/releases/4.2.txt	True	False	True	True
15843	sabderemane	2022-07-13 12:27:09	carltongibson	2022-07-28 10:14:25	django/contrib/admin/static/admin/css/base.css	True	False	True	True
15843	sabderemane	2022-07-13 12:27:09	carltongibson	2022-07-28 10:14:25	django/contrib/admin/static/admin/css/dark_mode.css	True	False	True	True
15843	sabderemane	2022-07-13 12:27:09	carltongibson	2022-07-28 10:14:25	django/contrib/admin/static/admin/js/theme.js	True	False	True	True
15843	sabderemane	2022-07-13 12:27:09	carltongibson	2022-07-28 10:14:25	django/contrib/admin/templates/admin/base.html	True	False	True	True
15843	sabderemane	2022-07-13 12:27:09	carltongibson	2022-07-28 10:14:25	django/contrib/admin/templates/admin/base_site.html	True	False	True	True
15843	sabderemane	2022-07-13 12:27:09	carltongibson	2022-07-28 10:14:25	django/contrib/admin/templates/admin/color_theme_toggle.html	True	False	True	True
15843	sabderemane	2022-07-13 12:27:09	carltongibson	2022-07-28 10:14:25	django/contrib/admin/templates/registration/password_change_done.html	True	False	True	True
15843	sabderemane	2022-07-13 12:27:09	carltongibson	2022-07-28 10:14:25	django/contrib/admin/templates/registration/password_change_form.html	True	False	True	True
15843	sabderemane	2022-07-13 12:27:09	carltongibson	2022-07-28 10:14:25	docs/releases/4.2.txt	True	False	True	True
15843	sabderemane	2022-07-13 12:27:09	felixxm	2022-07-14 13:12:46	django/contrib/admin/templates/admin/base.html	True	False	True	True
15843	sabderemane	2022-07-13 12:27:09	felixxm	2022-07-18 08:10:43	django/contrib/admin/templates/admin/base_site.html	True	False	True	True
15843	sabderemane	2022-07-13 12:27:09	felixxm	2022-07-14 13:12:46	django/contrib/admin/templates/admin/color_theme_toggle.html	True	False	True	True
15843	sabderemane	2022-07-13 12:27:09	felixxm	2022-07-13 18:31:49	docs/releases/4.2.txt	True	False	True	True
15843	sabderemane	2022-07-13 12:27:09	felixxm	2022-07-13 18:08:16	django/contrib/admin/static/admin/css/dark_mode.css	True	False	True	True
15843	sabderemane	2022-07-13 12:27:09	felixxm	2022-07-13 18:08:16	django/contrib/admin/static/admin/js/theme.js	True	False	True	True
15843	sabderemane	2022-07-13 12:27:09	felixxm	2022-07-13 18:08:16	django/contrib/admin/templates/admin/base_site.html	True	False	True	True
15843	sabderemane	2022-07-13 12:27:09	felixxm	2022-07-13 18:08:16	django/contrib/admin/templates/admin/color_theme_toggle.html	True	False	True	True
15843	sabderemane	2022-07-13 12:27:09	felixxm	2022-07-13 18:08:16	django/contrib/admin/templates/registration/password_change_done.html	True	False	True	True
15843	sabderemane	2022-07-13 12:27:09	felixxm	2022-07-13 18:08:16	django/contrib/admin/templates/registration/password_change_form.html	True	False	True	True
15843	sabderemane	2022-07-13 12:27:09	felixxm	2022-07-13 18:08:16	docs/releases/4.2.txt	True	False	True	True
15843	sabderemane	2022-07-13 12:27:09	carltongibson	2022-07-15 10:32:38	django/contrib/admin/static/admin/css/base.css	True	False	True	True
15843	sabderemane	2022-07-13 12:27:09	carltongibson	2022-07-15 10:32:38	django/contrib/admin/static/admin/css/dark_mode.css	True	False	True	True
15843	sabderemane	2022-07-13 12:27:09	carltongibson	2022-07-15 10:32:38	django/contrib/admin/static/admin/js/theme.js	True	False	True	True
15843	sabderemane	2022-07-13 12:27:09	carltongibson	2022-07-15 10:32:38	django/contrib/admin/templates/admin/base.html	True	False	True	True
15843	sabderemane	2022-07-13 12:27:09	carltongibson	2022-07-15 10:32:38	django/contrib/admin/templates/admin/base_site.html	True	False	True	True
15843	sabderemane	2022-07-13 12:27:09	carltongibson	2022-07-15 10:32:38	django/contrib/admin/templates/admin/color_theme_toggle.html	True	False	True	True
15843	sabderemane	2022-07-13 12:27:09	carltongibson	2022-07-15 10:32:38	django/contrib/admin/templates/registration/password_change_done.html	True	False	True	True
15843	sabderemane	2022-07-13 12:27:09	carltongibson	2022-07-15 10:32:38	django/contrib/admin/templates/registration/password_change_form.html	True	False	True	True
15843	sabderemane	2022-07-13 12:27:09	carltongibson	2022-07-15 10:32:38	docs/releases/4.2.txt	True	False	True	True
15843	sabderemane	2022-07-13 12:27:09	felixxm	2022-07-14 13:12:46	django/contrib/admin/templates/registration/password_change_done.html	True	False	True	True
15843	sabderemane	2022-07-13 12:27:09	felixxm	2022-07-13 18:08:16	django/contrib/admin/static/admin/css/base.css	True	False	True	True
15843	sabderemane	2022-07-13 12:27:09	felixxm	2022-07-13 18:08:16	django/contrib/admin/templates/admin/base.html	True	False	True	True
15843	sabderemane	2022-07-13 12:27:09	felixxm	2022-07-13 18:31:49	django/contrib/admin/templates/registration/password_change_form.html	True	False	True	True
15843	sabderemane	2022-07-13 12:27:09	carltongibson	2022-07-14 09:14:42	django/contrib/admin/templates/registration/password_change_done.html	True	False	True	True
15843	sabderemane	2022-07-13 12:27:09	felixxm	2022-07-14 13:12:46	django/contrib/admin/templates/registration/password_change_form.html	True	False	True	True
15843	sabderemane	2022-07-13 12:27:09	felixxm	2022-07-14 13:12:46	docs/releases/4.2.txt	True	False	True	True
15843	sabderemane	2022-07-13 12:27:09	carltongibson	2022-07-14 09:14:42	django/contrib/admin/static/admin/css/base.css	True	False	True	True
15843	sabderemane	2022-07-13 12:27:09	carltongibson	2022-07-14 09:14:42	django/contrib/admin/static/admin/css/dark_mode.css	True	False	True	True
15843	sabderemane	2022-07-13 12:27:09	carltongibson	2022-07-14 09:14:42	django/contrib/admin/static/admin/js/theme.js	True	False	True	True
15843	sabderemane	2022-07-13 12:27:09	felixxm	2022-07-13 18:31:49	django/contrib/admin/templates/registration/password_change_done.html	True	False	True	True
15843	sabderemane	2022-07-13 12:27:09	carltongibson	2022-07-14 09:14:42	django/contrib/admin/templates/admin/base_site.html	True	False	True	True
15843	sabderemane	2022-07-13 12:27:09	carltongibson	2022-07-14 09:14:42	django/contrib/admin/templates/admin/color_theme_toggle.html	True	False	True	True
15843	sabderemane	2022-07-13 12:27:09	carltongibson	2022-07-14 09:14:42	django/contrib/admin/templates/admin/base.html	True	False	True	True
15843	sabderemane	2022-07-13 12:27:09	carltongibson	2022-07-14 09:14:42	django/contrib/admin/templates/registration/password_change_form.html	True	False	True	True
15843	sabderemane	2022-07-13 12:27:09	felixxm	2022-07-13 18:31:49	django/contrib/admin/templates/admin/color_theme_toggle.html	True	False	True	True
15843	sabderemane	2022-07-13 12:27:09	felixxm	2022-07-13 18:31:49	django/contrib/admin/static/admin/css/base.css	True	False	True	True
15843	sabderemane	2022-07-13 12:27:09	felixxm	2022-07-13 18:31:49	django/contrib/admin/static/admin/css/dark_mode.css	True	False	True	True
15843	sabderemane	2022-07-13 12:27:09	felixxm	2022-07-13 18:31:49	django/contrib/admin/static/admin/js/theme.js	True	False	True	True
15843	sabderemane	2022-07-13 12:27:09	felixxm	2022-07-13 18:31:49	django/contrib/admin/templates/admin/base.html	True	False	True	True
15843	sabderemane	2022-07-13 12:27:09	carltongibson	2022-07-14 09:14:42	docs/releases/4.2.txt	True	False	True	True
15843	sabderemane	2022-07-13 12:27:09	felixxm	2022-07-13 18:31:49	django/contrib/admin/templates/admin/base_site.html	True	False	True	True
15839	timgraham	2022-07-11 17:13:53	ngnpope	2022-07-11 17:58:06	django/contrib/auth/backends.py	True	True	False	True
15837	mgaligniana	2022-07-11 02:12:20	felixxm	2022-07-21 10:13:33	tests/admin_views/test_skip_link_to_content.py	True	True	True	True
15837	mgaligniana	2022-07-11 02:12:20	carltongibson	2022-07-21 08:49:54	django/contrib/admin/static/admin/css/base.css	True	True	True	True
15837	mgaligniana	2022-07-11 02:12:20	carltongibson	2022-07-21 08:49:54	django/contrib/admin/templates/admin/base.html	True	True	True	True
15837	mgaligniana	2022-07-11 02:12:20	carltongibson	2022-07-21 08:49:54	tests/admin_views/test_skip_link_to_content.py	True	True	True	True
15837	mgaligniana	2022-07-11 02:12:20	carltongibson	2022-07-21 08:50:10	django/contrib/admin/static/admin/css/base.css	True	True	True	True
15837	mgaligniana	2022-07-11 02:12:20	carltongibson	2022-07-21 08:50:10	django/contrib/admin/templates/admin/base.html	True	True	True	True
15837	mgaligniana	2022-07-11 02:12:20	carltongibson	2022-07-21 08:50:10	tests/admin_views/test_skip_link_to_content.py	True	True	True	True
15837	mgaligniana	2022-07-11 02:12:20	felixxm	2022-07-21 10:13:33	django/contrib/admin/static/admin/css/base.css	True	True	True	True
15837	mgaligniana	2022-07-11 02:12:20	felixxm	2022-07-21 10:13:33	django/contrib/admin/templates/admin/base.html	True	True	True	True
15837	mgaligniana	2022-07-11 02:12:20	carltongibson	2022-07-14 09:56:34	django/contrib/admin/static/admin/css/base.css	True	True	True	True
15837	mgaligniana	2022-07-11 02:12:20	carltongibson	2022-07-14 09:56:34	tests/admin_views/test_skip_link_to_content.py	True	True	True	True
15837	mgaligniana	2022-07-11 02:12:20	thibaudcolas	2022-07-12 10:29:17	django/contrib/admin/static/admin/css/base.css	True	True	True	True
15837	mgaligniana	2022-07-11 02:12:20	thibaudcolas	2022-07-12 10:29:17	django/contrib/admin/templates/admin/base.html	True	True	True	True
15837	mgaligniana	2022-07-11 02:12:20	thibaudcolas	2022-07-12 10:29:17	tests/admin_views/test_skip_link_to_content.py	True	True	True	True
15837	mgaligniana	2022-07-11 02:12:20	thibaudcolas	2022-07-17 02:40:30	django/contrib/admin/static/admin/css/base.css	True	True	True	True
15837	mgaligniana	2022-07-11 02:12:20	thibaudcolas	2022-07-17 02:40:30	django/contrib/admin/templates/admin/base.html	True	True	True	True
15837	mgaligniana	2022-07-11 02:12:20	thibaudcolas	2022-07-17 02:40:30	tests/admin_views/test_skip_link_to_content.py	True	True	True	True
15837	mgaligniana	2022-07-11 02:12:20	carltongibson	2022-07-14 09:56:34	django/contrib/admin/templates/admin/base.html	True	True	True	True
15835	hiaselhans	2022-07-10 08:25:22	felixxm	2022-07-11 04:26:48	django/template/backends/jinja2.py	True	True	True	True
15833	Alokik-Roe	2022-07-09 17:35:19	felixxm	2022-07-13 08:57:23	docs/ref/contrib/postgres/fields.txt	True	False	True	True
15832	felixxm	2022-07-08 17:28:52	timgraham	2022-07-08 17:30:42	django/db/backends/mysql/operations.py	True	True	False	True
15832	felixxm	2022-07-08 17:28:52	timgraham	2022-07-08 17:30:42	docs/releases/4.1.txt	True	True	False	True
15832	felixxm	2022-07-08 17:28:52	timgraham	2022-07-08 17:30:42	django/db/backends/oracle/operations.py	True	True	False	True
15832	felixxm	2022-07-08 17:28:52	timgraham	2022-07-08 20:42:57	django/db/backends/oracle/operations.py	True	True	False	True
15832	felixxm	2022-07-08 17:28:52	timgraham	2022-07-08 20:42:57	django/db/backends/mysql/operations.py	True	True	False	True
15832	felixxm	2022-07-08 17:28:52	timgraham	2022-07-08 20:42:57	docs/releases/4.1.txt	True	True	False	True
15830	carltongibson	2022-07-07 08:56:45	felixxm	2022-07-07 09:16:23	django/contrib/admin/static/admin/css/forms.css	True	False	False	True
15829	felixxm	2022-07-07 07:55:29	pauloxnet	2022-07-07 08:40:55	django/contrib/gis/db/backends/mysql/operations.py	True	False	True	True
15829	felixxm	2022-07-07 07:55:29	pauloxnet	2022-07-07 08:40:55	django/contrib/gis/db/backends/mysql/schema.py	True	False	True	True
15829	felixxm	2022-07-07 07:55:29	pauloxnet	2022-07-07 08:40:55	django/db/backends/mysql/features.py	True	False	True	True
15829	felixxm	2022-07-07 07:55:29	pauloxnet	2022-07-07 08:40:55	django/db/backends/mysql/operations.py	True	False	True	True
15829	felixxm	2022-07-07 07:55:29	pauloxnet	2022-07-07 08:40:55	docs/ref/contrib/gis/db-api.txt	True	False	True	True
15829	felixxm	2022-07-07 07:55:29	pauloxnet	2022-07-07 08:40:55	docs/ref/contrib/gis/functions.txt	True	False	True	True
15829	felixxm	2022-07-07 07:55:29	pauloxnet	2022-07-07 08:40:55	docs/ref/contrib/gis/geoquerysets.txt	True	False	True	True
15829	felixxm	2022-07-07 07:55:29	charettes	2022-07-07 13:24:08	django/contrib/gis/db/backends/mysql/features.py	True	False	True	True
15829	felixxm	2022-07-07 07:55:29	pauloxnet	2022-07-07 08:40:55	docs/ref/contrib/gis/install/index.txt	True	False	True	True
15829	felixxm	2022-07-07 07:55:29	pauloxnet	2022-07-07 08:40:55	docs/ref/databases.txt	True	False	True	True
15829	felixxm	2022-07-07 07:55:29	pauloxnet	2022-07-07 08:40:55	docs/ref/models/fields.txt	True	False	True	True
15829	felixxm	2022-07-07 07:55:29	pauloxnet	2022-07-07 08:40:55	docs/releases/4.2.txt	True	False	True	True
15829	felixxm	2022-07-07 07:55:29	pauloxnet	2022-07-07 08:30:54	django/contrib/gis/db/backends/mysql/features.py	True	False	True	True
15829	felixxm	2022-07-07 07:55:29	pauloxnet	2022-07-07 08:40:55	tests/backends/mysql/tests.py	True	False	True	True
15829	felixxm	2022-07-07 07:55:29	pauloxnet	2022-07-07 08:40:55	django/contrib/gis/db/backends/mysql/features.py	True	False	True	True
15829	felixxm	2022-07-07 07:55:29	pauloxnet	2022-07-07 08:40:55	django/contrib/gis/db/backends/mysql/introspection.py	True	False	True	True
15829	felixxm	2022-07-07 07:55:29	pauloxnet	2022-07-07 08:30:54	docs/ref/contrib/gis/functions.txt	True	False	True	True
15829	felixxm	2022-07-07 07:55:29	pauloxnet	2022-07-07 08:30:54	tests/gis_tests/geoapp/tests.py	True	False	True	True
15829	felixxm	2022-07-07 07:55:29	pauloxnet	2022-07-07 08:30:54	tests/backends/mysql/tests.py	True	False	True	True
15829	felixxm	2022-07-07 07:55:29	pauloxnet	2022-07-07 08:30:54	tests/aggregation/tests.py	True	False	True	True
15829	felixxm	2022-07-07 07:55:29	pauloxnet	2022-07-07 08:30:54	docs/releases/4.2.txt	True	False	True	True
15829	felixxm	2022-07-07 07:55:29	pauloxnet	2022-07-07 08:30:54	docs/ref/models/fields.txt	True	False	True	True
15829	felixxm	2022-07-07 07:55:29	pauloxnet	2022-07-07 08:30:54	docs/ref/databases.txt	True	False	True	True
15829	felixxm	2022-07-07 07:55:29	pauloxnet	2022-07-07 08:30:54	docs/ref/contrib/gis/install/index.txt	True	False	True	True
15829	felixxm	2022-07-07 07:55:29	pauloxnet	2022-07-07 08:30:54	docs/ref/contrib/gis/geoquerysets.txt	True	False	True	True
15829	felixxm	2022-07-07 07:55:29	pauloxnet	2022-07-07 08:30:54	docs/ref/contrib/gis/db-api.txt	True	False	True	True
15829	felixxm	2022-07-07 07:55:29	pauloxnet	2022-07-07 08:30:54	django/db/backends/mysql/operations.py	True	False	True	True
15829	felixxm	2022-07-07 07:55:29	pauloxnet	2022-07-07 08:30:54	django/db/backends/mysql/features.py	True	False	True	True
15829	felixxm	2022-07-07 07:55:29	pauloxnet	2022-07-07 08:30:54	django/contrib/gis/db/backends/mysql/schema.py	True	False	True	True
15829	felixxm	2022-07-07 07:55:29	pauloxnet	2022-07-07 08:30:54	django/contrib/gis/db/backends/mysql/operations.py	True	False	True	True
15829	felixxm	2022-07-07 07:55:29	pauloxnet	2022-07-07 08:30:54	django/contrib/gis/db/backends/mysql/introspection.py	True	False	True	True
15829	felixxm	2022-07-07 07:55:29	pauloxnet	2022-07-07 08:40:55	tests/gis_tests/geoapp/tests.py	True	False	True	True
15829	felixxm	2022-07-07 07:55:29	pauloxnet	2022-07-07 08:40:55	tests/aggregation/tests.py	True	False	True	True
15829	felixxm	2022-07-07 07:55:29	charettes	2022-07-07 13:24:08	django/contrib/gis/db/backends/mysql/introspection.py	True	False	True	True
15829	felixxm	2022-07-07 07:55:29	kezabelle	2022-07-07 10:09:05	django/contrib/gis/db/backends/mysql/introspection.py	True	False	True	True
15829	felixxm	2022-07-07 07:55:29	charettes	2022-07-07 13:24:08	django/contrib/gis/db/backends/mysql/operations.py	True	False	True	True
15829	felixxm	2022-07-07 07:55:29	kezabelle	2022-07-07 10:09:05	tests/gis_tests/geoapp/tests.py	True	False	True	True
15829	felixxm	2022-07-07 07:55:29	kezabelle	2022-07-07 10:09:05	tests/backends/mysql/tests.py	True	False	True	True
15829	felixxm	2022-07-07 07:55:29	kezabelle	2022-07-07 10:09:05	tests/aggregation/tests.py	True	False	True	True
15829	felixxm	2022-07-07 07:55:29	kezabelle	2022-07-07 10:09:05	docs/ref/models/fields.txt	True	False	True	True
15829	felixxm	2022-07-07 07:55:29	kezabelle	2022-07-07 10:09:05	docs/ref/databases.txt	True	False	True	True
15829	felixxm	2022-07-07 07:55:29	kezabelle	2022-07-07 10:09:05	docs/ref/contrib/gis/install/index.txt	True	False	True	True
15829	felixxm	2022-07-07 07:55:29	kezabelle	2022-07-07 10:09:05	docs/ref/contrib/gis/geoquerysets.txt	True	False	True	True
15829	felixxm	2022-07-07 07:55:29	kezabelle	2022-07-07 10:09:05	docs/ref/contrib/gis/functions.txt	True	False	True	True
15829	felixxm	2022-07-07 07:55:29	kezabelle	2022-07-07 10:09:05	docs/ref/contrib/gis/db-api.txt	True	False	True	True
15829	felixxm	2022-07-07 07:55:29	kezabelle	2022-07-07 10:09:05	django/db/backends/mysql/operations.py	True	False	True	True
15829	felixxm	2022-07-07 07:55:29	kezabelle	2022-07-07 10:09:05	django/db/backends/mysql/features.py	True	False	True	True
15829	felixxm	2022-07-07 07:55:29	kezabelle	2022-07-07 10:09:05	django/contrib/gis/db/backends/mysql/schema.py	True	False	True	True
15829	felixxm	2022-07-07 07:55:29	kezabelle	2022-07-07 10:09:05	django/contrib/gis/db/backends/mysql/operations.py	True	False	True	True
15829	felixxm	2022-07-07 07:55:29	kezabelle	2022-07-07 10:09:05	docs/releases/4.2.txt	True	False	True	True
15829	felixxm	2022-07-07 07:55:29	kezabelle	2022-07-07 10:09:05	django/contrib/gis/db/backends/mysql/features.py	True	False	True	True
15829	felixxm	2022-07-07 07:55:29	charettes	2022-07-07 13:24:08	docs/ref/contrib/gis/install/index.txt	True	False	True	True
15829	felixxm	2022-07-07 07:55:29	charettes	2022-07-07 13:24:08	django/db/backends/mysql/features.py	True	False	True	True
15829	felixxm	2022-07-07 07:55:29	charettes	2022-07-07 13:24:08	django/db/backends/mysql/operations.py	True	False	True	True
15829	felixxm	2022-07-07 07:55:29	charettes	2022-07-07 13:24:08	docs/ref/contrib/gis/db-api.txt	True	False	True	True
15829	felixxm	2022-07-07 07:55:29	charettes	2022-07-07 13:24:08	docs/ref/contrib/gis/functions.txt	True	False	True	True
15829	felixxm	2022-07-07 07:55:29	charettes	2022-07-07 13:24:08	docs/ref/contrib/gis/geoquerysets.txt	True	False	True	True
15829	felixxm	2022-07-07 07:55:29	charettes	2022-07-07 13:24:08	django/contrib/gis/db/backends/mysql/schema.py	True	False	True	True
15829	felixxm	2022-07-07 07:55:29	charettes	2022-07-07 13:24:08	docs/ref/databases.txt	True	False	True	True
15829	felixxm	2022-07-07 07:55:29	charettes	2022-07-07 13:24:08	docs/ref/models/fields.txt	True	False	True	True
15829	felixxm	2022-07-07 07:55:29	charettes	2022-07-07 13:24:08	docs/releases/4.2.txt	True	False	True	True
15829	felixxm	2022-07-07 07:55:29	charettes	2022-07-07 13:24:08	tests/aggregation/tests.py	True	False	True	True
15829	felixxm	2022-07-07 07:55:29	charettes	2022-07-07 13:24:08	tests/backends/mysql/tests.py	True	False	True	True
15829	felixxm	2022-07-07 07:55:29	charettes	2022-07-07 13:24:08	tests/gis_tests/geoapp/tests.py	True	False	True	True
15828	twidi	2022-07-07 02:26:49	felixxm	2022-07-07 04:39:38	django/db/models/constraints.py	True	True	True	True
15828	twidi	2022-07-07 02:26:49	leNEKO	2022-07-07 02:36:25	django/contrib/postgres/constraints.py	True	True	True	True
15828	twidi	2022-07-07 02:26:49	leNEKO	2022-07-07 02:36:25	django/db/models/constraints.py	True	True	True	True
15828	twidi	2022-07-07 02:26:49	leNEKO	2022-07-07 02:36:25	tests/constraints/tests.py	True	True	True	True
15828	twidi	2022-07-07 02:26:49	leNEKO	2022-07-07 02:36:25	tests/postgres_tests/test_constraints.py	True	True	True	True
15828	twidi	2022-07-07 02:26:49	felixxm	2022-07-07 04:39:38	django/contrib/postgres/constraints.py	True	True	True	True
15828	twidi	2022-07-07 02:26:49	felixxm	2022-07-07 04:39:38	tests/postgres_tests/test_constraints.py	True	True	True	True
15828	twidi	2022-07-07 02:26:49	felixxm	2022-07-07 04:39:38	tests/constraints/tests.py	True	True	True	True
15828	twidi	2022-07-07 02:26:49	felixxm	2022-07-07 04:18:01	django/db/models/constraints.py	True	True	True	True
15828	twidi	2022-07-07 02:26:49	felixxm	2022-07-07 04:18:01	tests/constraints/tests.py	True	True	True	True
15828	twidi	2022-07-07 02:26:49	felixxm	2022-07-07 04:18:01	tests/postgres_tests/test_constraints.py	True	True	True	True
15828	twidi	2022-07-07 02:26:49	felixxm	2022-07-07 04:18:01	django/contrib/postgres/constraints.py	True	True	True	True
15824	ckopanos	2022-07-05 16:52:47	felixxm	2022-07-06 07:45:38	django/core/cache/backends/redis.py	True	True	True	True
15824	ckopanos	2022-07-05 16:52:47	felixxm	2022-07-05 18:49:24	tests/cache/tests.py	False	True	True	True
15824	ckopanos	2022-07-05 16:52:47	felixxm	2022-07-05 18:49:24	tests/cache/tests.py	True	True	True	True
15824	ckopanos	2022-07-05 16:52:47	felixxm	2022-07-05 18:49:24	django/core/cache/backends/redis.py	False	True	True	True
15824	ckopanos	2022-07-05 16:52:47	felixxm	2022-07-06 07:45:38	tests/cache/tests.py	True	True	True	True
15824	ckopanos	2022-07-05 16:52:47	felixxm	2022-07-05 18:48:50	tests/cache/tests.py	True	True	True	True
15824	ckopanos	2022-07-05 16:52:47	felixxm	2022-07-06 07:45:38	tests/cache/tests.py	False	True	True	True
15824	ckopanos	2022-07-05 16:52:47	felixxm	2022-07-06 07:45:38	django/core/cache/backends/redis.py	False	True	True	True
15824	ckopanos	2022-07-05 16:52:47	felixxm	2022-07-05 18:48:50	django/core/cache/backends/redis.py	True	True	True	True
15824	ckopanos	2022-07-05 16:52:47	felixxm	2022-07-05 18:48:50	tests/cache/tests.py	False	True	True	True
15824	ckopanos	2022-07-05 16:52:47	felixxm	2022-07-05 18:48:50	django/core/cache/backends/redis.py	False	True	True	True
15824	ckopanos	2022-07-05 16:52:47	felixxm	2022-07-05 18:49:24	django/core/cache/backends/redis.py	True	True	True	True
15824	ckopanos	2022-07-05 16:52:47	felixxm	2022-07-05 17:32:52	tests/cache/tests.py	True	True	True	True
15824	ckopanos	2022-07-05 16:52:47	felixxm	2022-07-05 17:32:52	django/core/cache/backends/redis.py	False	True	True	True
15824	ckopanos	2022-07-05 16:52:47	felixxm	2022-07-05 18:19:13	tests/cache/tests.py	True	True	True	True
15824	ckopanos	2022-07-05 16:52:47	felixxm	2022-07-05 17:32:52	tests/cache/tests.py	False	True	True	True
15824	ckopanos	2022-07-05 16:52:47	felixxm	2022-07-05 18:12:27	django/core/cache/backends/redis.py	True	True	True	True
15824	ckopanos	2022-07-05 16:52:47	felixxm	2022-07-05 18:12:27	tests/cache/tests.py	False	True	True	True
15824	ckopanos	2022-07-05 16:52:47	felixxm	2022-07-05 18:12:27	django/core/cache/backends/redis.py	False	True	True	True
15824	ckopanos	2022-07-05 16:52:47	felixxm	2022-07-05 18:12:27	tests/cache/tests.py	True	True	True	True
15824	ckopanos	2022-07-05 16:52:47	felixxm	2022-07-05 18:19:13	django/core/cache/backends/redis.py	True	True	True	True
15824	ckopanos	2022-07-05 16:52:47	felixxm	2022-07-05 18:19:13	tests/cache/tests.py	False	True	True	True
15824	ckopanos	2022-07-05 16:52:47	felixxm	2022-07-05 18:19:13	django/core/cache/backends/redis.py	False	True	True	True
15824	ckopanos	2022-07-05 16:52:47	felixxm	2022-07-05 17:32:52	django/core/cache/backends/redis.py	True	True	True	True
15822	carltongibson	2022-07-05 08:50:19	felixxm	2022-08-11 08:28:13	tests/utils_tests/test_autoreload.py	True	False	False	True
15822	carltongibson	2022-07-05 08:50:19	felixxm	2022-08-11 08:28:13	django/utils/autoreload.py	True	False	False	True
15821	felixxm	2022-07-05 07:54:41	carltongibson	2022-07-05 08:06:05	tests/gis_tests/relatedapp/tests.py	True	False	False	True
15820	felixxm	2022-07-05 06:31:49	adamchainz	2022-07-05 09:35:13	django/db/models/functions/datetime.py	True	False	True	True
15820	felixxm	2022-07-05 06:31:49	kezabelle	2022-07-05 08:48:34	tests/db_functions/datetime/test_extract_trunc.py	True	False	True	True
15820	felixxm	2022-07-05 06:31:49	adamchainz	2022-07-05 09:35:13	django/db/backends/base/operations.py	True	False	True	True
15820	felixxm	2022-07-05 06:31:49	adamchainz	2022-07-05 09:35:13	django/db/backends/mysql/operations.py	True	False	True	True
15820	felixxm	2022-07-05 06:31:49	adamchainz	2022-07-05 09:35:13	django/db/backends/oracle/operations.py	True	False	True	True
15820	felixxm	2022-07-05 06:31:49	adamchainz	2022-07-05 09:35:13	django/db/backends/postgresql/operations.py	True	False	True	True
15820	felixxm	2022-07-05 06:31:49	adamchainz	2022-07-05 09:35:13	django/db/backends/sqlite3/operations.py	True	False	True	True
15820	felixxm	2022-07-05 06:31:49	david-wolgemuth	2022-07-05 18:55:20	django/db/backends/oracle/operations.py	True	False	True	True
15820	felixxm	2022-07-05 06:31:49	adamchainz	2022-07-05 09:35:13	docs/releases/4.1.txt	True	False	True	True
15820	felixxm	2022-07-05 06:31:49	adamchainz	2022-07-05 09:35:13	tests/backends/base/test_operations.py	True	False	True	True
15820	felixxm	2022-07-05 06:31:49	adamchainz	2022-07-05 09:35:13	tests/custom_lookups/tests.py	True	False	True	True
15820	felixxm	2022-07-05 06:31:49	adamchainz	2022-07-05 09:35:13	tests/db_functions/datetime/test_extract_trunc.py	True	False	True	True
15820	felixxm	2022-07-05 06:31:49	david-wolgemuth	2022-07-05 18:55:20	django/db/backends/base/operations.py	True	False	True	True
15820	felixxm	2022-07-05 06:31:49	david-wolgemuth	2022-07-05 18:55:20	django/db/backends/mysql/operations.py	True	False	True	True
15820	felixxm	2022-07-05 06:31:49	kezabelle	2022-07-05 08:48:34	tests/backends/base/test_operations.py	True	False	True	True
15820	felixxm	2022-07-05 06:31:49	david-wolgemuth	2022-07-05 18:55:20	django/db/backends/postgresql/operations.py	True	False	True	True
15820	felixxm	2022-07-05 06:31:49	kezabelle	2022-07-05 08:48:34	tests/custom_lookups/tests.py	True	False	True	True
15820	felixxm	2022-07-05 06:31:49	kezabelle	2022-07-05 08:48:34	django/db/backends/base/operations.py	True	False	True	True
15820	felixxm	2022-07-05 06:31:49	kezabelle	2022-07-05 08:48:34	docs/releases/4.1.txt	True	False	True	True
15820	felixxm	2022-07-05 06:31:49	adamchainz	2022-07-05 07:36:51	docs/releases/4.1.txt	True	False	True	True
15820	felixxm	2022-07-05 06:31:49	david-wolgemuth	2022-07-05 18:55:20	django/db/models/functions/datetime.py	True	False	True	True
15820	felixxm	2022-07-05 06:31:49	adamchainz	2022-07-05 07:36:51	django/db/backends/base/operations.py	True	False	True	True
15820	felixxm	2022-07-05 06:31:49	adamchainz	2022-07-05 07:36:51	django/db/backends/mysql/operations.py	True	False	True	True
15820	felixxm	2022-07-05 06:31:49	adamchainz	2022-07-05 07:36:51	django/db/backends/postgresql/operations.py	True	False	True	True
15820	felixxm	2022-07-05 06:31:49	adamchainz	2022-07-05 07:36:51	django/db/backends/sqlite3/operations.py	True	False	True	True
15820	felixxm	2022-07-05 06:31:49	adamchainz	2022-07-05 07:36:51	django/db/models/functions/datetime.py	True	False	True	True
15820	felixxm	2022-07-05 06:31:49	adamchainz	2022-07-05 07:36:51	tests/backends/base/test_operations.py	True	False	True	True
15820	felixxm	2022-07-05 06:31:49	kezabelle	2022-07-05 08:48:34	django/db/models/functions/datetime.py	True	False	True	True
15820	felixxm	2022-07-05 06:31:49	adamchainz	2022-07-05 07:36:51	tests/custom_lookups/tests.py	True	False	True	True
15820	felixxm	2022-07-05 06:31:49	adamchainz	2022-07-05 07:36:51	tests/db_functions/datetime/test_extract_trunc.py	True	False	True	True
15820	felixxm	2022-07-05 06:31:49	kezabelle	2022-07-05 08:48:34	django/db/backends/mysql/operations.py	True	False	True	True
15820	felixxm	2022-07-05 06:31:49	kezabelle	2022-07-05 08:48:34	django/db/backends/oracle/operations.py	True	False	True	True
15820	felixxm	2022-07-05 06:31:49	kezabelle	2022-07-05 08:48:34	django/db/backends/postgresql/operations.py	True	False	True	True
15820	felixxm	2022-07-05 06:31:49	kezabelle	2022-07-05 08:48:34	django/db/backends/sqlite3/operations.py	True	False	True	True
15820	felixxm	2022-07-05 06:31:49	david-wolgemuth	2022-07-05 18:55:20	django/db/backends/sqlite3/operations.py	True	False	True	True
15820	felixxm	2022-07-05 06:31:49	adamchainz	2022-07-05 07:36:51	django/db/backends/oracle/operations.py	True	False	True	True
15820	felixxm	2022-07-05 06:31:49	david-wolgemuth	2022-07-05 18:55:20	docs/releases/4.1.txt	True	False	True	True
15820	felixxm	2022-07-05 06:31:49	charettes	2022-07-05 19:35:32	django/db/backends/postgresql/operations.py	True	False	True	True
15820	felixxm	2022-07-05 06:31:49	adamchainz	2022-07-05 09:36:36	tests/backends/base/test_operations.py	True	False	True	True
15820	felixxm	2022-07-05 06:31:49	adamchainz	2022-07-05 09:36:36	tests/custom_lookups/tests.py	True	False	True	True
15820	felixxm	2022-07-05 06:31:49	adamchainz	2022-07-05 09:36:36	tests/db_functions/datetime/test_extract_trunc.py	True	False	True	True
15820	felixxm	2022-07-05 06:31:49	charettes	2022-07-05 19:35:32	django/db/backends/base/operations.py	True	False	True	True
15820	felixxm	2022-07-05 06:31:49	charettes	2022-07-05 19:35:32	django/db/backends/mysql/operations.py	True	False	True	True
15820	felixxm	2022-07-05 06:31:49	charettes	2022-07-05 19:35:32	django/db/backends/oracle/operations.py	True	False	True	True
15820	felixxm	2022-07-05 06:31:49	charettes	2022-07-05 19:35:32	django/db/backends/sqlite3/operations.py	True	False	True	True
15820	felixxm	2022-07-05 06:31:49	adamchainz	2022-07-05 09:36:36	django/db/models/functions/datetime.py	True	False	True	True
15820	felixxm	2022-07-05 06:31:49	charettes	2022-07-05 19:35:32	django/db/models/functions/datetime.py	True	False	True	True
15820	felixxm	2022-07-05 06:31:49	charettes	2022-07-05 19:35:32	docs/releases/4.1.txt	True	False	True	True
15820	felixxm	2022-07-05 06:31:49	charettes	2022-07-05 19:35:32	tests/backends/base/test_operations.py	True	False	True	True
15820	felixxm	2022-07-05 06:31:49	david-wolgemuth	2022-07-05 18:55:20	tests/backends/base/test_operations.py	True	False	True	True
15820	felixxm	2022-07-05 06:31:49	charettes	2022-07-05 19:35:32	tests/custom_lookups/tests.py	True	False	True	True
15820	felixxm	2022-07-05 06:31:49	charettes	2022-07-05 19:35:32	tests/db_functions/datetime/test_extract_trunc.py	True	False	True	True
15820	felixxm	2022-07-05 06:31:49	adamchainz	2022-07-05 09:36:36	docs/releases/4.1.txt	True	False	True	True
15820	felixxm	2022-07-05 06:31:49	adamchainz	2022-07-05 09:36:36	django/db/backends/sqlite3/operations.py	True	False	True	True
15820	felixxm	2022-07-05 06:31:49	adamchainz	2022-07-05 20:06:26	django/db/models/functions/datetime.py	True	False	True	True
15820	felixxm	2022-07-05 06:31:49	david-wolgemuth	2022-07-05 18:55:20	tests/custom_lookups/tests.py	True	False	True	True
15820	felixxm	2022-07-05 06:31:49	adamchainz	2022-07-05 09:36:36	django/db/backends/oracle/operations.py	True	False	True	True
15820	felixxm	2022-07-05 06:31:49	adamchainz	2022-07-05 09:36:36	django/db/backends/mysql/operations.py	True	False	True	True
15820	felixxm	2022-07-05 06:31:49	adamchainz	2022-07-05 09:36:36	django/db/backends/base/operations.py	True	False	True	True
15820	felixxm	2022-07-05 06:31:49	adamchainz	2022-07-05 20:06:26	tests/db_functions/datetime/test_extract_trunc.py	True	False	True	True
15820	felixxm	2022-07-05 06:31:49	adamchainz	2022-07-05 20:06:26	tests/custom_lookups/tests.py	True	False	True	True
15820	felixxm	2022-07-05 06:31:49	adamchainz	2022-07-05 20:06:26	tests/backends/base/test_operations.py	True	False	True	True
15820	felixxm	2022-07-05 06:31:49	adamchainz	2022-07-05 20:06:26	docs/releases/4.1.txt	True	False	True	True
15820	felixxm	2022-07-05 06:31:49	adamchainz	2022-07-05 09:36:36	django/db/backends/postgresql/operations.py	True	False	True	True
15820	felixxm	2022-07-05 06:31:49	adamchainz	2022-07-05 20:06:26	django/db/backends/sqlite3/operations.py	True	False	True	True
15820	felixxm	2022-07-05 06:31:49	adamchainz	2022-07-05 20:06:26	django/db/backends/postgresql/operations.py	True	False	True	True
15820	felixxm	2022-07-05 06:31:49	adamchainz	2022-07-05 20:06:26	django/db/backends/oracle/operations.py	True	False	True	True
15820	felixxm	2022-07-05 06:31:49	adamchainz	2022-07-05 20:06:26	django/db/backends/mysql/operations.py	True	False	True	True
15820	felixxm	2022-07-05 06:31:49	adamchainz	2022-07-05 20:06:26	django/db/backends/base/operations.py	True	False	True	True
15820	felixxm	2022-07-05 06:31:49	david-wolgemuth	2022-07-05 18:55:20	tests/db_functions/datetime/test_extract_trunc.py	True	False	True	True
15819	whysage	2022-07-04 18:29:53	felixxm	2022-07-06 07:36:28	tests/inspectdb/models.py	True	False	False	True
15819	whysage	2022-07-04 18:29:53	felixxm	2022-07-06 07:36:28	django/core/management/commands/inspectdb.py	True	False	False	True
15819	whysage	2022-07-04 18:29:53	felixxm	2022-07-06 07:36:28	tests/inspectdb/tests.py	True	False	False	True
15818	shawnxd	2022-07-04 17:47:22	felixxm	2022-07-05 05:19:49	django/forms/models.py	True	False	True	True
15818	shawnxd	2022-07-04 17:47:22	felixxm	2022-07-05 04:19:39	tests/model_formsets/tests.py	True	False	True	True
15818	shawnxd	2022-07-04 17:47:22	felixxm	2022-07-05 04:19:39	django/forms/models.py	True	False	True	True
15818	shawnxd	2022-07-04 17:47:22	felixxm	2022-07-05 05:19:49	tests/model_formsets/tests.py	True	False	True	True
15815	felixxm	2022-07-04 07:06:58	charettes	2022-07-20 19:50:07	django/db/backends/sqlite3/base.py	True	False	False	True
15813	izveigor	2022-07-03 17:23:01	carltongibson	2022-07-06 07:14:01	django/views/generic/dates.py	True	False	False	True
15812	David-Wobrock	2022-07-02 18:01:32	kezabelle	2022-07-04 11:06:25	django/utils/deprecation.py	False	True	True	True
15812	David-Wobrock	2022-07-02 18:01:32	david-wolgemuth	2022-07-05 18:31:55	docs/releases/4.2.txt	True	True	True	True
15812	David-Wobrock	2022-07-02 18:01:32	david-wolgemuth	2022-07-05 18:31:55	tests/db_functions/migrations/0001_setup_extensions.py	True	True	True	True
15812	David-Wobrock	2022-07-02 18:01:32	david-wolgemuth	2022-07-05 18:31:55	tests/check_framework/test_migrations.py	True	True	True	True
15812	David-Wobrock	2022-07-02 18:01:32	david-wolgemuth	2022-07-05 18:31:55	docs/topics/migrations.txt	True	True	True	True
15812	David-Wobrock	2022-07-02 18:01:32	david-wolgemuth	2022-07-05 18:31:55	docs/topics/checks.txt	True	True	True	True
15812	David-Wobrock	2022-07-02 18:01:32	david-wolgemuth	2022-07-05 18:31:55	django/db/migrations/migration.py	True	True	True	True
15812	David-Wobrock	2022-07-02 18:01:32	david-wolgemuth	2022-07-05 18:31:55	docs/ref/checks.txt	True	True	True	True
15812	David-Wobrock	2022-07-02 18:01:32	david-wolgemuth	2022-07-05 18:31:55	django/db/migrations/operations/base.py	True	True	True	True
15812	David-Wobrock	2022-07-02 18:01:32	david-wolgemuth	2022-07-05 18:31:55	django/db/models/fields/__init__.py	False	True	True	True
15812	David-Wobrock	2022-07-02 18:01:32	david-wolgemuth	2022-07-05 18:31:55	django/core/checks/registry.py	True	True	True	True
15812	David-Wobrock	2022-07-02 18:01:32	david-wolgemuth	2022-07-05 18:31:55	django/core/checks/migrations.py	True	True	True	True
15812	David-Wobrock	2022-07-02 18:01:32	david-wolgemuth	2022-07-05 18:31:55	tests/postgres_tests/migrations/0001_setup_extensions.py	True	True	True	True
15812	David-Wobrock	2022-07-02 18:01:32	felixxm	2022-07-05 10:40:26	django/core/checks/registry.py	True	True	True	True
15812	David-Wobrock	2022-07-02 18:01:32	david-wolgemuth	2022-07-05 18:31:55	django/utils/deprecation.py	False	True	True	True
15812	David-Wobrock	2022-07-02 18:01:32	felixxm	2022-07-05 10:40:26	django/core/checks/__init__.py	True	True	True	True
15812	David-Wobrock	2022-07-02 18:01:32	felixxm	2022-07-05 10:40:26	django/core/checks/migrations.py	True	True	True	True
15812	David-Wobrock	2022-07-02 18:01:32	felixxm	2022-07-05 10:40:26	django/db/migrations/migration.py	True	True	True	True
15812	David-Wobrock	2022-07-02 18:01:32	felixxm	2022-07-05 10:40:26	django/db/migrations/operations/base.py	True	True	True	True
15812	David-Wobrock	2022-07-02 18:01:32	felixxm	2022-07-05 10:40:26	docs/ref/checks.txt	True	True	True	True
15812	David-Wobrock	2022-07-02 18:01:32	felixxm	2022-07-05 10:40:26	docs/releases/4.2.txt	True	True	True	True
15812	David-Wobrock	2022-07-02 18:01:32	felixxm	2022-07-05 10:40:26	docs/topics/checks.txt	True	True	True	True
15812	David-Wobrock	2022-07-02 18:01:32	felixxm	2022-07-05 10:40:26	docs/topics/migrations.txt	True	True	True	True
15812	David-Wobrock	2022-07-02 18:01:32	felixxm	2022-07-05 10:40:26	tests/check_framework/test_migrations.py	True	True	True	True
15812	David-Wobrock	2022-07-02 18:01:32	felixxm	2022-07-05 10:40:26	tests/db_functions/migrations/0001_setup_extensions.py	True	True	True	True
15812	David-Wobrock	2022-07-02 18:01:32	felixxm	2022-07-05 10:40:26	tests/postgres_tests/migrations/0001_setup_extensions.py	True	True	True	True
15812	David-Wobrock	2022-07-02 18:01:32	david-wolgemuth	2022-07-05 18:31:55	django/core/checks/__init__.py	True	True	True	True
15812	David-Wobrock	2022-07-02 18:01:32	kezabelle	2022-07-04 11:05:54	docs/ref/checks.txt	True	True	True	True
15812	David-Wobrock	2022-07-02 18:01:32	kezabelle	2022-07-04 11:06:25	django/db/models/fields/__init__.py	False	True	True	True
15812	David-Wobrock	2022-07-02 18:01:32	kezabelle	2022-07-04 11:06:25	tests/postgres_tests/migrations/0001_setup_extensions.py	True	True	True	True
15812	David-Wobrock	2022-07-02 18:01:32	kezabelle	2022-07-04 11:05:54	django/core/checks/__init__.py	True	True	True	True
15812	David-Wobrock	2022-07-02 18:01:32	kezabelle	2022-07-04 11:05:54	django/core/checks/migrations.py	True	True	True	True
15812	David-Wobrock	2022-07-02 18:01:32	kezabelle	2022-07-04 11:05:54	django/core/checks/registry.py	True	True	True	True
15812	David-Wobrock	2022-07-02 18:01:32	kezabelle	2022-07-04 11:05:54	django/db/migrations/migration.py	True	True	True	True
15812	David-Wobrock	2022-07-02 18:01:32	kezabelle	2022-07-04 11:05:54	django/db/migrations/operations/base.py	True	True	True	True
15812	David-Wobrock	2022-07-02 18:01:32	felixxm	2022-07-05 10:40:26	django/utils/deprecation.py	False	True	True	True
15812	David-Wobrock	2022-07-02 18:01:32	kezabelle	2022-07-04 11:05:54	docs/releases/4.2.txt	True	True	True	True
15812	David-Wobrock	2022-07-02 18:01:32	kezabelle	2022-07-04 11:05:54	docs/topics/checks.txt	True	True	True	True
15812	David-Wobrock	2022-07-02 18:01:32	kezabelle	2022-07-04 11:05:54	docs/topics/migrations.txt	True	True	True	True
15812	David-Wobrock	2022-07-02 18:01:32	kezabelle	2022-07-04 11:05:54	tests/check_framework/test_migrations.py	True	True	True	True
15812	David-Wobrock	2022-07-02 18:01:32	kezabelle	2022-07-04 11:05:54	tests/db_functions/migrations/0001_setup_extensions.py	True	True	True	True
15812	David-Wobrock	2022-07-02 18:01:32	kezabelle	2022-07-04 11:05:54	tests/postgres_tests/migrations/0001_setup_extensions.py	True	True	True	True
15812	David-Wobrock	2022-07-02 18:01:32	kezabelle	2022-07-04 11:05:54	django/db/models/fields/__init__.py	False	True	True	True
15812	David-Wobrock	2022-07-02 18:01:32	kezabelle	2022-07-04 11:05:54	django/utils/deprecation.py	False	True	True	True
15812	David-Wobrock	2022-07-02 18:01:32	kezabelle	2022-07-04 11:06:25	django/core/checks/__init__.py	True	True	True	True
15812	David-Wobrock	2022-07-02 18:01:32	kezabelle	2022-07-04 11:06:25	django/core/checks/migrations.py	True	True	True	True
15812	David-Wobrock	2022-07-02 18:01:32	kezabelle	2022-07-04 11:06:25	django/core/checks/registry.py	True	True	True	True
15812	David-Wobrock	2022-07-02 18:01:32	kezabelle	2022-07-04 11:06:25	django/db/migrations/migration.py	True	True	True	True
15812	David-Wobrock	2022-07-02 18:01:32	kezabelle	2022-07-04 11:06:25	django/db/migrations/operations/base.py	True	True	True	True
15812	David-Wobrock	2022-07-02 18:01:32	kezabelle	2022-07-04 11:06:25	docs/ref/checks.txt	True	True	True	True
15812	David-Wobrock	2022-07-02 18:01:32	kezabelle	2022-07-04 11:06:25	docs/releases/4.2.txt	True	True	True	True
15812	David-Wobrock	2022-07-02 18:01:32	kezabelle	2022-07-04 11:06:25	docs/topics/checks.txt	True	True	True	True
15812	David-Wobrock	2022-07-02 18:01:32	kezabelle	2022-07-04 11:06:25	docs/topics/migrations.txt	True	True	True	True
15812	David-Wobrock	2022-07-02 18:01:32	kezabelle	2022-07-04 11:06:25	tests/check_framework/test_migrations.py	True	True	True	True
15812	David-Wobrock	2022-07-02 18:01:32	kezabelle	2022-07-04 11:06:25	tests/db_functions/migrations/0001_setup_extensions.py	True	True	True	True
15812	David-Wobrock	2022-07-02 18:01:32	felixxm	2022-07-05 10:40:26	django/db/models/fields/__init__.py	False	True	True	True
15812	David-Wobrock	2022-07-02 18:01:32	kezabelle	2022-07-07 08:19:49	docs/ref/checks.txt	True	True	True	True
15812	David-Wobrock	2022-07-02 18:01:32	kezabelle	2022-07-07 08:19:49	django/core/checks/__init__.py	True	True	True	True
15812	David-Wobrock	2022-07-02 18:01:32	felixxm	2022-07-08 04:57:24	django/core/checks/migrations.py	True	True	True	True
15812	David-Wobrock	2022-07-02 18:01:32	felixxm	2022-07-08 04:57:24	django/db/migrations/migration.py	True	True	True	True
15812	David-Wobrock	2022-07-02 18:01:32	felixxm	2022-07-08 04:57:24	django/db/migrations/operations/base.py	True	True	True	True
15812	David-Wobrock	2022-07-02 18:01:32	felixxm	2022-07-08 04:57:24	docs/ref/checks.txt	True	True	True	True
15812	David-Wobrock	2022-07-02 18:01:32	felixxm	2022-07-08 04:57:24	docs/releases/4.2.txt	True	True	True	True
15812	David-Wobrock	2022-07-02 18:01:32	felixxm	2022-07-08 04:57:24	docs/topics/checks.txt	True	True	True	True
15812	David-Wobrock	2022-07-02 18:01:32	felixxm	2022-07-08 04:57:24	docs/topics/migrations.txt	True	True	True	True
15812	David-Wobrock	2022-07-02 18:01:32	felixxm	2022-07-08 04:57:24	tests/check_framework/test_migrations.py	True	True	True	True
15812	David-Wobrock	2022-07-02 18:01:32	felixxm	2022-07-08 04:57:24	tests/db_functions/migrations/0001_setup_extensions.py	True	True	True	True
15812	David-Wobrock	2022-07-02 18:01:32	felixxm	2022-07-08 04:57:24	tests/postgres_tests/migrations/0001_setup_extensions.py	True	True	True	True
15812	David-Wobrock	2022-07-02 18:01:32	felixxm	2022-07-08 04:57:24	django/db/models/fields/__init__.py	False	True	True	True
15812	David-Wobrock	2022-07-02 18:01:32	felixxm	2022-07-08 04:57:24	django/utils/deprecation.py	False	True	True	True
15812	David-Wobrock	2022-07-02 18:01:32	david-wolgemuth	2022-07-07 18:41:30	django/core/checks/__init__.py	True	True	True	True
15812	David-Wobrock	2022-07-02 18:01:32	david-wolgemuth	2022-07-07 18:41:30	django/core/checks/migrations.py	True	True	True	True
15812	David-Wobrock	2022-07-02 18:01:32	kezabelle	2022-07-07 08:19:49	django/core/checks/migrations.py	True	True	True	True
15812	David-Wobrock	2022-07-02 18:01:32	david-wolgemuth	2022-07-07 18:41:30	django/db/migrations/migration.py	True	True	True	True
15812	David-Wobrock	2022-07-02 18:01:32	david-wolgemuth	2022-07-07 18:41:30	django/db/migrations/operations/base.py	True	True	True	True
15812	David-Wobrock	2022-07-02 18:01:32	david-wolgemuth	2022-07-07 18:41:30	docs/ref/checks.txt	True	True	True	True
15812	David-Wobrock	2022-07-02 18:01:32	david-wolgemuth	2022-07-07 18:41:30	docs/releases/4.2.txt	True	True	True	True
15812	David-Wobrock	2022-07-02 18:01:32	david-wolgemuth	2022-07-07 18:41:30	docs/topics/checks.txt	True	True	True	True
15812	David-Wobrock	2022-07-02 18:01:32	david-wolgemuth	2022-07-07 18:41:30	docs/topics/migrations.txt	True	True	True	True
15812	David-Wobrock	2022-07-02 18:01:32	david-wolgemuth	2022-07-07 18:41:30	tests/check_framework/test_migrations.py	True	True	True	True
15812	David-Wobrock	2022-07-02 18:01:32	david-wolgemuth	2022-07-07 18:41:30	tests/db_functions/migrations/0001_setup_extensions.py	True	True	True	True
15812	David-Wobrock	2022-07-02 18:01:32	david-wolgemuth	2022-07-07 18:41:30	tests/postgres_tests/migrations/0001_setup_extensions.py	True	True	True	True
15812	David-Wobrock	2022-07-02 18:01:32	david-wolgemuth	2022-07-07 18:41:30	django/db/models/fields/__init__.py	False	True	True	True
15812	David-Wobrock	2022-07-02 18:01:32	david-wolgemuth	2022-07-07 18:41:30	django/utils/deprecation.py	False	True	True	True
15812	David-Wobrock	2022-07-02 18:01:32	felixxm	2022-07-08 04:57:24	django/core/checks/registry.py	True	True	True	True
15812	David-Wobrock	2022-07-02 18:01:32	david-wolgemuth	2022-07-07 18:41:30	django/core/checks/registry.py	True	True	True	True
15812	David-Wobrock	2022-07-02 18:01:32	felixxm	2022-07-08 04:57:24	django/core/checks/__init__.py	True	True	True	True
15812	David-Wobrock	2022-07-02 18:01:32	kezabelle	2022-07-07 08:19:49	django/utils/deprecation.py	False	True	True	True
15812	David-Wobrock	2022-07-02 18:01:32	kezabelle	2022-07-07 08:19:49	django/core/checks/registry.py	True	True	True	True
15812	David-Wobrock	2022-07-02 18:01:32	kezabelle	2022-07-07 08:19:49	django/db/migrations/migration.py	True	True	True	True
15812	David-Wobrock	2022-07-02 18:01:32	kezabelle	2022-07-07 08:19:49	django/db/migrations/operations/base.py	True	True	True	True
15812	David-Wobrock	2022-07-02 18:01:32	felixxm	2022-07-07 11:37:17	django/utils/deprecation.py	False	True	True	True
15812	David-Wobrock	2022-07-02 18:01:32	kezabelle	2022-07-07 08:19:49	docs/releases/4.2.txt	True	True	True	True
15812	David-Wobrock	2022-07-02 18:01:32	kezabelle	2022-07-07 08:19:49	docs/topics/checks.txt	True	True	True	True
15812	David-Wobrock	2022-07-02 18:01:32	kezabelle	2022-07-07 08:19:49	docs/topics/migrations.txt	True	True	True	True
15812	David-Wobrock	2022-07-02 18:01:32	kezabelle	2022-07-07 08:19:49	tests/check_framework/test_migrations.py	True	True	True	True
15812	David-Wobrock	2022-07-02 18:01:32	kezabelle	2022-07-07 08:19:49	tests/db_functions/migrations/0001_setup_extensions.py	True	True	True	True
15812	David-Wobrock	2022-07-02 18:01:32	kezabelle	2022-07-07 08:19:49	tests/postgres_tests/migrations/0001_setup_extensions.py	True	True	True	True
15812	David-Wobrock	2022-07-02 18:01:32	kezabelle	2022-07-07 08:19:49	django/db/models/fields/__init__.py	False	True	True	True
15812	David-Wobrock	2022-07-02 18:01:32	felixxm	2022-07-07 11:37:17	django/core/checks/__init__.py	True	True	True	True
15812	David-Wobrock	2022-07-02 18:01:32	felixxm	2022-07-07 11:37:17	django/core/checks/migrations.py	True	True	True	True
15812	David-Wobrock	2022-07-02 18:01:32	felixxm	2022-07-07 11:37:17	django/core/checks/registry.py	True	True	True	True
15812	David-Wobrock	2022-07-02 18:01:32	felixxm	2022-07-07 11:37:17	django/db/migrations/migration.py	True	True	True	True
15812	David-Wobrock	2022-07-02 18:01:32	felixxm	2022-07-07 11:37:17	django/db/migrations/operations/base.py	True	True	True	True
15812	David-Wobrock	2022-07-02 18:01:32	felixxm	2022-07-07 11:37:17	docs/ref/checks.txt	True	True	True	True
15812	David-Wobrock	2022-07-02 18:01:32	felixxm	2022-07-07 11:37:17	docs/releases/4.2.txt	True	True	True	True
15812	David-Wobrock	2022-07-02 18:01:32	felixxm	2022-07-07 11:37:17	docs/topics/checks.txt	True	True	True	True
15812	David-Wobrock	2022-07-02 18:01:32	felixxm	2022-07-07 11:37:17	docs/topics/migrations.txt	True	True	True	True
15812	David-Wobrock	2022-07-02 18:01:32	felixxm	2022-07-07 11:37:17	tests/check_framework/test_migrations.py	True	True	True	True
15812	David-Wobrock	2022-07-02 18:01:32	felixxm	2022-07-07 11:37:17	tests/db_functions/migrations/0001_setup_extensions.py	True	True	True	True
15812	David-Wobrock	2022-07-02 18:01:32	felixxm	2022-07-07 11:37:17	tests/postgres_tests/migrations/0001_setup_extensions.py	True	True	True	True
15812	David-Wobrock	2022-07-02 18:01:32	felixxm	2022-07-07 11:37:17	django/db/models/fields/__init__.py	False	True	True	True
15810	felixxm	2022-07-01 13:46:23	claudep	2022-07-01 13:51:54	tests/gis_tests/geos_tests/test_geos.py	True	True	False	True
15809	felixxm	2022-07-01 08:43:16	David-Wobrock	2022-07-01 13:39:00	tests/backends/tests.py	True	False	False	True
15809	felixxm	2022-07-01 08:43:16	David-Wobrock	2022-07-01 13:39:00	django/db/backends/oracle/operations.py	True	False	False	True
