pr_number	author_user_login	pr_created_at	commit_user_login	commit_created_at	commit_status_total	commit_status_additions	commit_status_deletions	create_before_pr	is_review_commit
15471	felixxm	2022-02-28 08:28:21	felixxm	2022-02-28 08:13:05	30	29	1	True	True
15467	hrushikeshrv	2022-02-27 03:00:31	hrushikeshrv	2022-02-27 02:56:16	16	15	1	True	True
15466	kezabelle	2022-02-26 15:38:46	kezabelle	2022-02-09 16:05:23	21	21	0	True	True
15466	kezabelle	2022-02-26 15:38:46	kezabelle	2022-02-09 14:31:42	7	4	3	True	True
15466	kezabelle	2022-02-26 15:38:46	kezabelle	2022-02-23 16:30:19	10	5	5	True	True
15466	kezabelle	2022-02-26 15:38:46	kezabelle	2022-02-09 16:01:03	28	19	9	True	True
15466	kezabelle	2022-02-26 15:38:46	kezabelle	2022-02-09 19:42:44	14	9	5	True	True
15463	felixxm	2022-02-25 12:42:34	felixxm	2022-02-25 12:36:17	35	35	0	True	True
15462	felixxm	2022-02-25 08:10:06	felixxm	2022-02-25 07:59:55	0	0	0	True	True
15458	matthiask	2022-02-23 10:56:30	matthiask	2022-02-23 10:51:52	26	26	0	True	True
15457	felixxm	2022-02-23 10:36:58	lothemar	2022-02-23 10:34:22	18	11	7	True	True
15456	collinanderson	2022-02-22 18:03:04	collinanderson	2022-02-22 17:44:22	10	6	4	True	True
15454	felixxm	2022-02-22 10:18:21	felixxm	2022-02-22 10:14:07	45	37	8	True	True
15452	Alokik-Roe	2022-02-21 15:34:32	Alokik-Roe	2022-02-21 15:32:17	7	3	4	True	True
15451	felixxm	2022-02-21 08:11:45	felixxm	2022-02-21 07:58:51	4	2	2	True	True
15450	nabil-rady	2022-02-21 01:39:44	nabil-rady	2022-02-21 01:28:19	31	31	0	True	True
15447	OttoAndrey	2022-02-20 10:50:00	OttoAndrey	2022-02-20 10:47:30	2	1	1	True	True
15444	saeedblanchette	2022-02-18 20:26:32	saeedblanchette	2022-02-18 20:22:50	9	9	0	True	True
15443	felixxm	2022-02-18 19:50:43	felixxm	2022-02-18 19:46:22	58	43	15	True	True
15442	2019342a	2022-02-18 19:29:03	2019342a	2022-02-18 19:27:05	23	18	5	True	True
15438	nabil-rady	2022-02-18 01:44:35	nabil-rady	2022-02-18 01:21:35	22	21	1	True	True
15436	Rquaicoo	2022-02-17 19:58:34	Rquaicoo	2022-02-17 20:40:34	2	1	1	False	True
15436	Rquaicoo	2022-02-17 19:58:34	Rquaicoo	2022-02-17 20:37:54	2	1	1	False	True
15436	Rquaicoo	2022-02-17 19:58:34	Rquaicoo	2022-02-17 19:55:34	6	3	3	True	True
15435	matthiask	2022-02-17 08:52:06	matthiask	2022-02-17 08:45:34	11	11	0	True	True
15434	matthiask	2022-02-16 10:55:02	matthiask	2022-02-16 10:52:07	6	3	3	True	True
15433	felixxm	2022-02-16 08:41:00	felixxm	2022-02-16 08:25:55	59	45	14	True	True
15429	carltongibson	2022-02-15 09:35:59	carltongibson	2022-02-15 09:31:32	6	5	1	True	True
15428	felixxm	2022-02-15 09:33:29	felixxm	2022-02-15 09:14:19	5	4	1	True	True
15428	felixxm	2022-02-15 09:33:29	bmispelon	2022-02-15 09:28:26	15	15	0	True	True
15425	felixxm	2022-02-14 07:47:12	bmispelon	2022-02-14 07:42:27	34	32	2	True	True
15424	mgaligniana	2022-02-14 02:51:14	mgaligniana	2022-02-14 03:03:53	122	116	6	False	True
15423	2019342a	2022-02-13 16:39:02	2019342a	2022-02-13 16:27:12	36	34	2	True	True
15421	smithdc1	2022-02-13 10:23:00	smithdc1	2022-02-12 20:40:12	184	161	23	True	True
15420	claudep	2022-02-12 18:04:08	claudep	2022-02-12 18:02:36	12	8	4	True	True
15417	felixxm	2022-02-11 10:31:25	felixxm	2022-02-11 10:28:04	30	30	0	True	True
15415	collinanderson	2022-02-09 15:13:09	collinanderson	2022-02-09 03:28:58	13	8	5	True	True
15412	carltongibson	2022-02-08 14:34:04	carltongibson	2022-02-08 11:38:43	112	96	16	True	True
15407	felixxm	2022-02-07 15:54:44	felixxm	2022-02-07 15:53:17	13	12	1	True	True
15402	Alokik-Roe	2022-02-06 09:56:36	Alokik-Roe	2022-03-28 15:56:20	177	163	14	False	True
15401	raydeal	2022-02-05 20:16:29	raydeal	2022-02-05 20:00:20	47	46	1	True	True
15400	2019342a	2022-02-05 19:34:55	2019342a	2022-02-05 19:28:09	19	18	1	True	True
15398	MaGaroo	2022-02-05 05:51:27	MaGaroo	2022-02-05 05:50:50	2	1	1	True	True
15397	jdboisvert	2022-02-04 20:47:12	jdboisvert	2022-01-24 03:49:16	46	43	3	True	True
15396	felixxm	2022-02-04 11:18:06	felixxm	2022-02-04 11:16:43	4	2	2	True	True
15394	felixxm	2022-02-03 15:44:42	felixxm	2022-02-03 15:42:28	4	2	2	True	True
15392	felixxm	2022-02-02 21:26:09	felixxm	2022-02-02 18:01:34	444	227	217	True	True
15391	Hollings	2022-02-02 19:26:36	Hollings	2022-01-26 17:50:46	52	30	22	True	True
15388	hrushikeshrv	2022-02-02 17:09:51	hrushikeshrv	2022-02-02 17:03:59	15	15	0	True	True
15387	carltongibson	2022-02-02 10:42:42	felixxm	2022-02-04 06:45:13	5	3	2	False	True
15387	carltongibson	2022-02-02 10:42:42	carltongibson	2022-02-02 10:36:57	99	54	45	True	True
15387	carltongibson	2022-02-02 10:42:42	carltongibson	2022-02-03 14:49:14	8	8	0	False	True
15383	smithdc1	2022-02-01 20:03:55	smithdc1	2022-02-01 17:44:44	6	3	3	True	True
15381	jonnyarnold	2022-02-01 11:44:32	JEphron	2020-10-24 21:11:49	2	2	0	True	True
15381	jonnyarnold	2022-02-01 11:44:32	jonnyarnold	2022-02-11 15:33:49	7	3	4	False	True
15381	jonnyarnold	2022-02-01 11:44:32	jonnyarnold	2022-02-01 12:01:31	6	3	3	False	True
15381	jonnyarnold	2022-02-01 11:44:32	jonnyarnold	2022-02-01 11:34:02	96	23	73	True	True
15381	jonnyarnold	2022-02-01 11:44:32	JEphron	2020-10-24 23:59:14	1	1	0	True	True
15381	jonnyarnold	2022-02-01 11:44:32	JEphron	2020-10-25 01:06:55	16	8	8	True	True
15381	jonnyarnold	2022-02-01 11:44:32	JEphron	2020-10-24 20:48:42	94	93	1	True	True
15381	jonnyarnold	2022-02-01 11:44:32	JEphron	2020-10-24 21:45:04	7	4	3	True	True
