pr_number	author_user_login	pr_created_at	review_comment_user_login	review_comment_created_at	is_review_review_comment
236	mgrouchy	2012-07-28 02:56:30	mjtamlyn	2012-09-03 22:18:25	True
236	mgrouchy	2012-07-28 02:56:30	claudep	2012-08-25 16:09:45	True
222	kylemacfarlane	2012-07-21 02:34:22	charettes	2012-07-21 05:56:06	True
218	mgrouchy	2012-07-18 12:13:41	claudep	2012-07-18 15:30:16	True
215	mgrouchy	2012-07-17 00:48:19	alex	2012-07-17 16:57:22	True
215	mgrouchy	2012-07-17 00:48:19	dmedvinsky	2012-07-17 06:02:07	True
215	mgrouchy	2012-07-17 00:48:19	dmedvinsky	2012-07-17 06:07:09	True
215	mgrouchy	2012-07-17 00:48:19	alex	2012-07-17 16:57:01	True
213	akaariai	2012-07-16 21:55:27	alex	2012-09-07 14:14:20	True
210	pydanny	2012-07-16 00:37:40	alex	2012-08-04 18:59:09	True
210	pydanny	2012-07-16 00:37:40	alex	2012-08-04 19:00:58	True
210	pydanny	2012-07-16 00:37:40	dcramer	2012-07-16 01:33:15	True
210	pydanny	2012-07-16 00:37:40	alex	2012-08-04 19:00:28	True
208	pydanny	2012-07-15 23:14:13	alex	2012-08-04 19:04:00	True
208	pydanny	2012-07-15 23:14:13	jphalip	2012-08-04 20:14:07	True
208	pydanny	2012-07-15 23:14:13	alex	2012-08-04 19:05:33	True
205	dittaeva	2012-07-14 17:44:40	claudep	2012-08-03 07:23:01	True
205	dittaeva	2012-07-14 17:44:40	claudep	2012-08-02 17:07:33	True
195	mjtamlyn	2012-07-09 08:01:36	jezdez	2012-07-10 07:46:38	True
195	mjtamlyn	2012-07-09 08:01:36	timgraham	2012-09-14 22:12:21	True
195	mjtamlyn	2012-07-09 08:01:36	jezdez	2012-07-10 07:42:23	True
193	PiDelport	2012-07-08 09:38:49	charettes	2012-07-08 20:08:15	True
