pr_number	author_user_login	pr_created_at	commit_user_login	commit_created_at	commit_status_total	commit_status_additions	commit_status_deletions	create_before_pr	is_review_commit
3455	timgraham	2014-10-31 18:53:33	timgraham	2014-10-31 18:26:27	49	34	15	True	True
3454	berkerpeksag	2014-10-31 15:45:05	umazalakain	2014-10-31 15:43:34	61	57	4	True	True
3453	tchaumeny	2014-10-31 14:30:21	tchaumeny	2014-10-18 18:03:10	100	73	27	True	True
3452	MarkusH	2014-10-31 13:12:41	MarkusH	2014-10-31 13:08:24	40	38	2	True	True
3450	MarkusH	2014-10-31 11:05:55	MarkusH	2014-10-31 11:04:01	22	18	4	True	True
3447	kswiat	2014-10-30 18:57:34	kswiat	2014-10-30 17:38:47	63	60	3	True	True
3444	berkerpeksag	2014-10-30 11:57:42	berkerpeksag	2014-10-30 11:57:22	49	37	12	True	True
3442	berkerpeksag	2014-10-30 05:46:33	berkerpeksag	2014-10-30 05:46:16	13	7	6	True	True
3441	mx-moth	2014-10-29 23:28:32	mx-moth	2014-11-11 04:41:55	50	42	8	False	True
3440	paschembri	2014-10-29 15:34:13	paschembri	2014-10-29 15:31:40	2	2	0	True	True
3440	paschembri	2014-10-29 15:34:13	paschembri	2014-10-29 16:04:39	2	1	1	False	True
3439	berkerpeksag	2014-10-29 14:41:38	berkerpeksag	2014-10-29 14:38:46	40	40	0	True	True
3432	berkerpeksag	2014-10-28 10:04:07	berkerpeksag	2014-10-28 10:02:56	324	158	166	True	True
3432	berkerpeksag	2014-10-28 10:04:07	berkerpeksag	2014-11-01 08:06:58	481	240	241	False	True
3432	berkerpeksag	2014-10-28 10:04:07	berkerpeksag	2014-11-03 15:19:48	46	23	23	False	True
3430	MarkusH	2014-10-28 00:55:14	MarkusH	2014-10-27 23:28:37	108	65	43	True	True
3427	inglesp	2014-10-27 20:23:32	inglesp	2014-10-27 20:21:59	55	50	5	True	True
3423	cardoe	2014-10-26 06:09:36	cardoe	2014-10-26 06:02:46	10	9	1	True	True
3422	claudep	2014-10-25 09:06:39	claudep	2014-10-25 09:05:38	29	18	11	True	True
3421	berkerpeksag	2014-10-25 04:42:53	berkerpeksag	2014-10-25 04:42:44	99	69	30	True	True
3417	berkerpeksag	2014-10-24 04:00:19	berkerpeksag	2014-10-24 04:01:25	4	2	2	False	True
3411	loic	2014-10-22 18:32:29	loic	2014-10-22 18:28:57	9	7	2	True	True
3409	timgraham	2014-10-22 14:00:46	timgraham	2014-10-22 13:59:00	48	46	2	True	True
3408	prathik	2014-10-22 05:23:38	prathikraj	2014-10-22 06:38:43	5	4	1	False	True
3408	prathik	2014-10-22 05:23:38	prathikraj	2014-10-22 05:15:10	3	1	2	True	True
3404	tony-zhu	2014-10-21 21:51:40	tony-zhu	2014-10-24 01:08:10	21	10	11	False	True
3404	tony-zhu	2014-10-21 21:51:40	tony-zhu	2014-10-24 17:10:09	1	0	1	False	True
3404	tony-zhu	2014-10-21 21:51:40	tony-zhu	2014-10-24 00:44:15	87	72	15	False	True
3404	tony-zhu	2014-10-21 21:51:40	tony-zhu	2014-10-24 17:39:25	18	7	11	False	True
3404	tony-zhu	2014-10-21 21:51:40	tony-zhu	2014-10-24 00:20:15	790	546	244	False	True
3404	tony-zhu	2014-10-21 21:51:40	tony-zhu	2014-10-22 18:28:14	10	7	3	False	True
3404	tony-zhu	2014-10-21 21:51:40	tony-zhu	2014-10-24 01:02:39	25	16	9	False	True
3404	tony-zhu	2014-10-21 21:51:40	tony-zhu	2014-10-21 21:46:53	1	1	0	True	True
3393	claudep	2014-10-19 19:36:00	claudep	2014-10-19 19:25:09	19	6	13	True	True
3393	claudep	2014-10-19 19:36:00	claudep	2014-10-19 19:17:38	32	29	3	True	True
3393	claudep	2014-10-19 19:36:00	claudep	2014-10-19 19:19:30	22	0	22	True	True
3391	loic	2014-10-19 14:42:54	loic	2014-10-21 08:31:24	90	61	29	False	True
3391	loic	2014-10-19 14:42:54	loic	2014-10-20 11:10:53	49	33	16	False	True
3386	claudep	2014-10-18 10:08:38	claudep	2014-10-18 10:00:38	78	43	35	True	True
3385	jezdez	2014-10-17 20:51:13	jezdez	2014-10-17 20:50:24	1014	99	915	True	True
3377	jdufresne	2014-10-16 03:28:06	jdufresne	2014-10-16 02:52:41	26	20	6	True	True
3376	jdufresne	2014-10-16 01:10:11	jdufresne	2014-10-16 01:03:40	26	20	6	True	True
3375	daidoji	2014-10-15 23:34:51	daidoji	2014-10-15 23:33:44	6	6	0	True	True
3372	collinanderson	2014-10-15 15:38:04	collinanderson	2014-10-15 15:37:23	209	104	105	True	True
3371	claudep	2014-10-15 13:53:32	claudep	2014-10-15 13:52:18	23	18	5	True	True
3369	pavel-shpilev	2014-10-15 07:52:36	pavel-shpilev	2014-10-15 07:42:06	214	192	22	True	True
3367	shaib	2014-10-15 00:09:00	shaib	2014-10-14 23:52:21	49	47	2	True	True
3365	charettes	2014-10-14 20:21:05	charettes	2014-10-14 18:56:39	104	93	11	True	True
3353	zedr	2014-10-13 11:23:59	zedr	2014-10-13 11:10:00	134	128	6	True	True
3351	zedr	2014-10-13 09:20:35	zedr	2014-10-13 09:06:50	23	22	1	True	True
3351	zedr	2014-10-13 09:20:35	zedr	2014-10-18 10:36:18	6	3	3	False	True
3351	zedr	2014-10-13 09:20:35	zedr	2014-10-18 10:46:21	11	3	8	False	True
3350	loic	2014-10-13 07:40:23	coder9042	2014-07-22 12:25:22	231	189	42	True	True
3348	claudep	2014-10-12 18:58:28	claudep	2014-10-12 18:53:19	12	11	1	True	True
3345	jooyous	2014-10-12 05:28:29	jooyous	2014-10-13 07:09:43	2	1	1	False	True
3345	jooyous	2014-10-12 05:28:29	jooyous	2014-08-06 07:43:24	60	53	7	True	True
3344	claudep	2014-10-11 19:46:28	claudep	2014-10-11 19:39:38	29	19	10	True	True
3342	averybigant	2014-10-11 18:22:51	averybigant	2014-10-11 17:09:55	25	25	0	True	True
3342	averybigant	2014-10-11 18:22:51	averybigant	2014-10-14 11:57:22	55	32	23	False	True
3342	averybigant	2014-10-11 18:22:51	averybigant	2014-10-17 03:30:37	15	12	3	False	True
3341	davide-ceretti	2014-10-11 16:58:04	davide-ceretti	2014-10-11 16:53:29	17	17	0	True	True
3340	claudep	2014-10-11 14:04:35	claudep	2014-10-11 14:30:45	29	12	17	False	True
3340	claudep	2014-10-11 14:04:35	claudep	2014-10-11 14:03:35	5	3	2	True	True
3337	jaap3	2014-10-10 11:48:20	jaap3	2014-10-10 10:40:13	28	27	1	True	True
3336	jaap3	2014-10-10 11:24:16	jaap3	2014-10-10 09:59:47	25	5	20	True	True
3333	mjtamlyn	2014-10-09 16:06:00	mjtamlyn	2014-10-09 16:04:50	34	20	14	True	True
3330	collinanderson	2014-10-09 12:23:44	collinanderson	2014-10-09 12:19:43	4	2	2	True	True
3329	apollo13	2014-10-09 12:19:41	apollo13	2014-10-09 12:18:31	51	45	6	True	True
3327	kswiat	2014-10-08 22:22:54	kswiat	2014-10-08 22:47:48	53	51	2	False	True
3326	chosak	2014-10-08 20:53:52	chosak	2014-10-08 19:12:42	70	63	7	True	True
3324	alsoicode	2014-10-07 18:26:13	alsoicode	2014-10-07 17:53:19	2	1	1	True	True
3324	alsoicode	2014-10-07 18:26:13	alsoicode	2014-10-08 17:19:07	23	22	1	False	True
3324	alsoicode	2014-10-07 18:26:13	alsoicode	2014-10-09 00:25:04	6	3	3	False	True
3324	alsoicode	2014-10-07 18:26:13	alsoicode	2014-10-08 23:56:09	3	1	2	False	True
3323	akaariai	2014-10-07 13:06:02	akaariai	2014-11-18 10:49:06	60	29	31	False	True
3323	akaariai	2014-10-07 13:06:02	akaariai	2014-10-07 13:07:46	70	68	2	False	True
3323	akaariai	2014-10-07 13:06:02	akaariai	2014-10-09 10:18:28	11	10	1	False	True
3321	aericson	2014-10-07 08:01:50	aericson	2014-10-07 07:05:42	127	122	5	True	True
3320	MarkusH	2014-10-06 23:56:25	MarkusH	2014-10-06 23:53:21	291	256	35	True	True
3318	timgraham	2014-10-06 20:11:28	timgraham	2014-10-06 20:07:20	29	28	1	True	True
3317	collinanderson	2014-10-06 17:24:03	collinanderson	2014-10-06 17:23:24	4	2	2	True	True
3316	loic	2014-10-06 16:22:34	loic	2014-10-06 17:00:58	34	34	0	False	True
3315	collinanderson	2014-10-06 16:07:51	collinanderson	2014-10-06 16:05:44	15	15	0	True	True
3311	nanuxbe	2014-10-05 18:18:57	nanuxbe	2014-10-05 18:06:51	32	31	1	True	True
3310	pashinin	2014-10-05 11:48:40	pashinin	2014-10-05 04:23:10	2	1	1	True	True
3309	isbadawi	2014-10-05 01:27:31	isbadawi	2014-10-05 01:09:32	11	9	2	True	True
3307	MarkusH	2014-10-04 17:57:05	MarkusH	2014-10-04 17:49:58	13	13	0	True	True
3305	MarkusH	2014-10-04 17:06:23	MarkusH	2014-10-04 17:04:21	32	28	4	True	True
3304	duncanparkes	2014-10-04 14:16:12	duncanparkes	2014-10-04 11:02:10	53	52	1	True	True
3303	numerodix	2014-10-04 06:41:56	numerodix	2014-10-04 09:36:23	2	1	1	False	True
3295	alasdairnicol	2014-10-01 00:11:39	alasdairnicol	2014-10-01 00:06:01	18	9	9	True	True
