pr_number	author_user_login	pr_created_at	commit_user_login	commit_created_at	commit_status_total	commit_status_additions	commit_status_deletions	create_before_pr	is_review_commit
979	grampajoe	2013-03-31 02:06:32	grampajoe	2013-03-31 01:26:29	17	15	2	True	True
979	grampajoe	2013-03-31 02:06:32	grampajoe	2013-03-31 03:22:24	4	2	2	False	True
973	ramiro	2013-03-28 23:03:01	ramiro	2013-03-28 22:59:36	2	1	1	True	True
973	ramiro	2013-03-28 23:03:01	ramiro	2013-03-28 22:55:51	137	79	58	True	True
958	dstufft	2013-03-26 15:48:56	dstufft	2013-03-26 15:44:26	94	87	7	True	True
958	dstufft	2013-03-26 15:48:56	dstufft	2013-03-26 15:49:39	1	1	0	False	True
953	catalanojuan	2013-03-25 06:05:26	catalanojuan	2013-03-25 05:48:23	16	10	6	True	True
953	catalanojuan	2013-03-25 06:05:26	catalanojuan	2013-03-25 05:52:56	4	1	3	True	True
953	catalanojuan	2013-03-25 06:05:26	catalanojuan	2013-03-25 05:53:48	369	216	153	True	True
953	catalanojuan	2013-03-25 06:05:26	catalanojuan	2013-04-09 01:35:52	4	2	2	False	True
947	MarkusH	2013-03-23 17:09:37	dokterbob	2013-02-24 15:41:10	72	58	14	True	True
938	darklow	2013-03-22 09:01:37	darklow	2013-04-08 11:54:03	31	18	13	False	True
933	mjtamlyn	2013-03-20 12:42:17	mjtamlyn	2013-03-20 10:47:56	50	44	6	True	True
932	zalew	2013-03-20 08:30:13	zalew	2013-03-20 08:21:35	201	101	100	True	True
932	zalew	2013-03-20 08:30:13	zalew	2013-03-20 14:47:49	4	2	2	False	True
922	paulcollinsiii	2013-03-18 22:53:18	paulcollinsiii	2013-03-18 22:48:47	77	76	1	True	True
922	paulcollinsiii	2013-03-18 22:53:18	paulcollinsiii	2013-03-19 00:15:07	84	57	27	False	True
922	paulcollinsiii	2013-03-18 22:53:18	paulcollinsiii	2013-03-19 00:53:01	2	1	1	False	True
922	paulcollinsiii	2013-03-18 22:53:18	paulcollinsiii	2013-03-19 17:40:44	17	6	11	False	True
922	paulcollinsiii	2013-03-18 22:53:18	paulcollinsiii	2013-03-19 21:04:15	53	35	18	False	True
922	paulcollinsiii	2013-03-18 22:53:18	paulcollinsiii	2013-03-19 23:42:47	88	55	33	False	True
921	woodm1979	2013-03-18 22:07:57	woodm1979	2013-03-19 19:42:28	8	7	1	False	True
921	woodm1979	2013-03-18 22:07:57	woodm1979	2013-03-18 22:06:24	41	28	13	True	True
921	woodm1979	2013-03-18 22:07:57	woodm1979	2013-03-18 22:34:21	21	12	9	False	True
913	aaugustin	2013-03-17 17:25:07	aaugustin	2013-03-17 17:21:05	209	205	4	True	True
898	naftulikay	2013-03-13 02:19:34	naftulikay	2013-03-13 02:17:45	13	13	0	True	True
894	mrmachine	2013-03-11 05:09:15	mrmachine	2013-05-07 09:06:03	148	139	9	False	True
894	mrmachine	2013-03-11 05:09:15	mrmachine	2012-08-01 01:49:01	217	173	44	True	True
894	mrmachine	2013-03-11 05:09:15	collinanderson	2013-08-06 16:38:31	11	10	1	False	True
894	mrmachine	2013-03-11 05:09:15	mrmachine	2013-08-07 00:44:37	52	29	23	False	True
894	mrmachine	2013-03-11 05:09:15	kux	2013-02-26 09:51:56	15	14	1	True	True
894	mrmachine	2013-03-11 05:09:15	dominicrodger	2013-08-05 16:23:26	60	30	30	False	True
894	mrmachine	2013-03-11 05:09:15	mjtamlyn	2013-08-06 09:10:45	14	13	1	False	True
894	mrmachine	2013-03-11 05:09:15	unho	2013-04-18 20:04:00	4	4	0	False	True
894	mrmachine	2013-03-11 05:09:15	akaariai	2013-08-06 06:58:07	51	33	18	False	True
893	dlamotte	2013-03-10 23:33:19	dlamotte	2013-11-26 21:34:54	69	67	2	False	True
892	JonLoy	2013-03-10 17:52:33	JonLoy	2013-03-10 17:51:07	2	1	1	True	True
891	jacobian	2013-03-09 21:45:10	jacobian	2013-03-11 20:36:53	78	29	49	False	True
891	jacobian	2013-03-09 21:45:10	jacobian	2013-03-11 13:38:15	2	1	1	False	True
891	jacobian	2013-03-09 21:45:10	jacobian	2013-03-09 14:49:37	90	88	2	True	True
891	jacobian	2013-03-09 21:45:10	jacobian	2013-03-11 15:18:21	3043	1978	1065	False	True
891	jacobian	2013-03-09 21:45:10	jacobian	2013-03-11 15:04:58	14	6	8	False	True
891	jacobian	2013-03-09 21:45:10	jacobian	2013-03-11 13:38:30	15	15	0	False	True
886	loic	2013-03-07 07:05:25	loic	2013-03-06 17:06:49	88	58	30	True	True
881	acdha	2013-03-05 17:33:50	acdha	2013-10-07 15:50:11	31	31	0	False	True
881	acdha	2013-03-05 17:33:50	acdha	2013-10-07 14:48:19	29	26	3	False	True
873	aaugustin	2013-03-02 14:36:01	aaugustin	2013-03-07 13:09:52	37	20	17	False	True
873	aaugustin	2013-03-02 14:36:01	aaugustin	2013-03-07 13:47:50	7	7	0	False	True
873	aaugustin	2013-03-02 14:36:01	aaugustin	2013-03-08 14:44:41	186	156	30	False	True
873	aaugustin	2013-03-02 14:36:01	aaugustin	2013-03-07 22:06:58	7	7	0	False	True
873	aaugustin	2013-03-02 14:36:01	aaugustin	2013-03-07 13:42:51	195	119	76	False	True
873	aaugustin	2013-03-02 14:36:01	aaugustin	2013-03-04 14:57:04	52	40	12	False	True
873	aaugustin	2013-03-02 14:36:01	aaugustin	2013-03-05 14:53:34	566	297	269	False	True
873	aaugustin	2013-03-02 14:36:01	aaugustin	2013-03-04 22:26:31	62	62	0	False	True
873	aaugustin	2013-03-02 14:36:01	aaugustin	2013-03-02 20:59:55	39	19	20	False	True
873	aaugustin	2013-03-02 14:36:01	aaugustin	2013-03-07 10:38:21	26	22	4	False	True
873	aaugustin	2013-03-02 14:36:01	aaugustin	2013-03-06 10:12:24	271	213	58	False	True
873	aaugustin	2013-03-02 14:36:01	aaugustin	2013-03-05 21:30:55	4	4	0	False	True
873	aaugustin	2013-03-02 14:36:01	aaugustin	2013-03-07 16:20:15	28	15	13	False	True
873	aaugustin	2013-03-02 14:36:01	aaugustin	2013-03-07 13:05:32	26	17	9	False	True
873	aaugustin	2013-03-02 14:36:01	aaugustin	2013-03-08 10:35:54	115	38	77	False	True
873	aaugustin	2013-03-02 14:36:01	aaugustin	2013-03-07 16:20:50	13	0	13	False	True
873	aaugustin	2013-03-02 14:36:01	aaugustin	2013-03-03 14:55:11	368	228	140	False	True
873	aaugustin	2013-03-02 14:36:01	aaugustin	2013-03-04 14:24:01	53	23	30	False	True
873	aaugustin	2013-03-02 14:36:01	aaugustin	2013-03-05 19:40:57	23	1	22	False	True
873	aaugustin	2013-03-02 14:36:01	aaugustin	2013-03-04 12:12:59	324	116	208	False	True
873	aaugustin	2013-03-02 14:36:01	aaugustin	2013-03-02 12:47:46	94	81	13	True	True
873	aaugustin	2013-03-02 14:36:01	aaugustin	2013-02-28 17:30:03	24	3	21	True	True
873	aaugustin	2013-03-02 14:36:01	aaugustin	2013-03-01 09:09:22	43	24	19	True	True
873	aaugustin	2013-03-02 14:36:01	aaugustin	2013-03-03 14:48:52	57	15	42	False	True
873	aaugustin	2013-03-02 14:36:01	aaugustin	2013-03-04 21:17:35	453	430	23	False	True
873	aaugustin	2013-03-02 14:36:01	aaugustin	2013-03-03 14:43:24	38	24	14	False	True
873	aaugustin	2013-03-02 14:36:01	aaugustin	2013-03-07 10:50:49	7	2	5	False	True
873	aaugustin	2013-03-02 14:36:01	aaugustin	2013-03-03 14:32:14	11	4	7	False	True
873	aaugustin	2013-03-02 14:36:01	aaugustin	2013-03-02 15:57:56	95	54	41	False	True
873	aaugustin	2013-03-02 14:36:01	aaugustin	2013-03-02 19:25:25	86	22	64	False	True
