pr_number	author_user_login	pr_created_at	commit_user_login	commit_created_at	commit_status_total	commit_status_additions	commit_status_deletions	create_before_pr	is_review_commit
6225	aimestereo	2016-02-29 19:43:01	ValentinKuznetsov	2016-02-29 19:37:47	11	5	6	True	True
6224	charettes	2016-02-29 18:22:46	charettes	2015-12-14 17:36:09	46	34	12	True	True
6222	urbaniak	2016-02-29 08:37:31	urbaniak	2016-02-29 08:24:19	143	113	30	True	True
6221	inglesp	2016-02-28 18:11:59	inglesp	2018-05-30 14:21:41	377	352	25	False	True
6219	akki	2016-02-28 14:38:17	akki	2016-02-28 09:53:25	17	14	3	True	True
6217	jdufresne	2016-02-28 06:34:38	jdufresne	2016-03-03 01:12:56	46	35	11	False	True
6217	jdufresne	2016-02-28 06:34:38	jdufresne	2016-03-03 02:01:36	157	79	78	False	True
6217	jdufresne	2016-02-28 06:34:38	jdufresne	2016-03-03 01:53:12	100	43	57	False	True
6216	MatthewWilkes	2016-02-27 23:19:08	MatthewWilkes	2016-06-02 18:05:25	319	298	21	False	True
6213	shaib	2016-02-27 16:00:47	shaib	2016-02-27 15:55:10	5	3	2	True	True
6208	timgraham	2016-02-26 18:01:31	mjtamlyn	2015-06-05 11:31:44	56	46	10	True	True
6207	charettes	2016-02-26 17:55:54	charettes	2015-12-18 19:49:23	40	30	10	True	True
6204	Uran198	2016-02-26 05:31:13	Uran198	2016-02-26 05:28:48	9	8	1	True	True
6204	Uran198	2016-02-26 05:31:13	Uran198	2016-02-26 17:29:56	13	8	5	False	True
6202	timgraham	2016-02-26 00:11:28	timgraham	2016-02-26 00:08:16	41	12	29	True	True
6201	sasha0	2016-02-25 23:02:33	sasha0	2016-02-25 22:59:04	44	44	0	True	True
6198	tsouvarev	2016-02-25 15:06:05	tsouvarev	2016-02-26 07:07:21	7	4	3	False	True
6198	tsouvarev	2016-02-25 15:06:05	tsouvarev	2016-02-26 06:49:51	2	1	1	False	True
6198	tsouvarev	2016-02-25 15:06:05	tsouvarev	2016-02-26 06:49:02	13	13	0	False	True
6197	timgraham	2016-02-25 13:35:56	scottsexton	2016-01-25 00:23:38	138	93	45	True	True
6194	MoritzS	2016-02-24 22:21:08	MoritzS	2016-02-24 22:19:09	64	45	19	True	True
6193	claudep	2016-02-24 19:18:48	claudep	2016-02-24 19:16:49	51	37	14	True	True
6192	akki	2016-02-24 16:46:32	akki	2016-03-21 10:50:30	24	22	2	False	True
6190	timgraham	2016-02-24 15:39:52	acemaster	2016-02-03 18:29:45	57	50	7	True	True
6187	chenesan	2016-02-24 07:30:41	chenesan	2016-02-26 11:55:09	105	99	6	False	True
6187	chenesan	2016-02-24 07:30:41	chenesan	2016-02-24 07:10:09	20	14	6	True	True
6185	jdufresne	2016-02-23 23:42:35	jdufresne	2016-02-23 23:39:20	21	20	1	True	True
6184	jdufresne	2016-02-23 19:28:59	jdufresne	2016-02-23 19:24:32	23	22	1	True	True
6183	claudep	2016-02-23 19:00:06	claudep	2016-02-23 18:57:53	18	18	0	True	True
6178	charettes	2016-02-22 21:55:56	charettes	2016-02-22 21:05:47	107	71	36	True	True
6175	loic	2016-02-21 20:31:35	loic	2016-02-18 19:27:55	338	116	222	True	True
6175	loic	2016-02-21 20:31:35	loic	2016-04-17 11:55:55	1041	815	226	False	True
6173	aaugustin	2016-02-20 20:51:28	aaugustin	2016-02-20 19:54:18	89	57	32	True	True
6173	aaugustin	2016-02-20 20:51:28	aaugustin	2016-02-23 09:51:54	28	3	25	False	True
6171	koniiiik	2016-02-20 17:29:00	koniiiik	2016-02-20 17:04:50	27	15	12	True	True
6171	koniiiik	2016-02-20 17:29:00	koniiiik	2016-02-28 11:38:15	32	20	12	False	True
6168	claudep	2016-02-20 08:38:25	claudep	2016-02-20 08:36:01	33	17	16	True	True
6159	charettes	2016-02-19 03:40:42	charettes	2016-02-19 03:37:11	155	133	22	True	True
6159	charettes	2016-02-19 03:40:42	charettes	2016-02-19 17:47:24	13	13	0	False	True
6157	loic	2016-02-18 18:07:52	loic	2016-02-20 15:03:08	85	32	53	False	True
6157	loic	2016-02-18 18:07:52	loic	2016-02-18 20:11:00	20	13	7	False	True
6157	loic	2016-02-18 18:07:52	loic	2016-02-18 19:27:55	267	88	179	False	True
6157	loic	2016-02-18 18:07:52	loic	2016-02-22 16:37:54	76	73	3	False	True
6156	alasdairnicol	2016-02-17 22:58:26	alasdairnicol	2016-02-29 11:35:51	51	47	4	False	True
6154	beckastar	2016-02-17 04:27:27	beckastar	2016-02-11 19:27:15	2	1	1	True	True
6154	beckastar	2016-02-17 04:27:27	beckastar	2016-02-13 18:20:24	2	1	1	True	True
6154	beckastar	2016-02-17 04:27:27	beckastar	2016-02-13 17:43:02	7	2	5	True	True
6154	beckastar	2016-02-17 04:27:27	beckastar	2016-02-17 04:21:31	3	2	1	True	True
6154	beckastar	2016-02-17 04:27:27	beckastar	2016-02-17 05:20:04	2	2	0	False	True
6150	akki	2016-02-16 22:03:42	akki	2016-02-16 15:03:37	13	12	1	True	True
6148	akki	2016-02-15 23:51:59	akki	2016-02-15 22:10:00	24	20	4	True	True
6147	kaifeldhoff	2016-02-15 21:10:46	kaifeldhoff	2016-02-15 20:42:24	232	142	90	True	True
6145	claudep	2016-02-15 18:35:26	claudep	2016-02-15 18:28:49	55	44	11	True	True
6143	berkerpeksag	2016-02-14 21:39:37	berkerpeksag	2016-02-14 21:28:26	41	40	1	True	True
6140	claudep	2016-02-13 18:09:23	claudep	2016-02-13 18:07:58	13	13	0	True	True
6138	timgraham	2016-02-13 13:21:16	mrbox	2015-11-07 13:57:56	171	162	9	True	True
6137	romgar	2016-02-12 22:38:51	romgar	2016-02-12 22:31:26	86	85	1	True	True
6131	karanlyons	2016-02-12 07:19:06	karanlyons	2016-02-12 19:01:45	0	0	0	False	True
6131	karanlyons	2016-02-12 07:19:06	karanlyons	2016-02-12 19:05:59	2	1	1	False	True
6131	karanlyons	2016-02-12 07:19:06	karanlyons	2016-02-12 19:04:48	2	1	1	False	True
6131	karanlyons	2016-02-12 07:19:06	karanlyons	2016-02-11 08:29:46	7	4	3	True	True
6131	karanlyons	2016-02-12 07:19:06	hacknaked	2015-10-22 03:33:03	9	4	5	True	True
6131	karanlyons	2016-02-12 07:19:06	hacknaked	2015-07-23 15:27:58	9	6	3	True	True
6131	karanlyons	2016-02-12 07:19:06	hacknaked	2015-07-22 17:51:05	40	39	1	True	True
6131	karanlyons	2016-02-12 07:19:06	karanlyons	2016-02-12 21:09:48	13	12	1	False	True
6130	berkerpeksag	2016-02-12 07:04:11	berkerpeksag	2016-02-12 06:54:23	11	7	4	True	True
6129	jdufresne	2016-02-12 05:08:21	jdufresne	2016-02-12 04:37:34	71	58	13	True	True
6123	timgraham	2016-02-11 15:52:02	timgraham	2016-02-11 15:39:53	23	21	2	True	True
6118	akaariai	2016-02-11 09:17:49	akaariai	2016-02-11 10:48:13	9	7	2	False	True
6118	akaariai	2016-02-11 09:17:49	akaariai	2016-02-02 09:33:09	268	60	208	True	True
6113	dakusan	2016-02-10 13:49:19	dakusan	2016-02-10 13:47:00	2	2	0	True	True
6108	jaylett	2016-02-09 15:01:22	jaylett	2016-02-09 15:00:14	459	429	30	True	True
6107	sasha0	2016-02-09 14:17:46	sasha0	2016-02-09 00:35:03	75	67	8	True	True
6104	timgraham	2016-02-08 21:47:18	timgraham	2016-02-08 21:46:40	16	12	4	True	True
6101	Brobin	2016-02-08 00:45:09	Brobin	2016-02-07 23:22:48	64	63	1	True	True
6100	charettes	2016-02-07 23:37:27	charettes	2016-02-07 23:05:14	61	44	17	True	True
6099	akki	2016-02-07 05:01:21	akki	2016-02-07 02:24:36	314	129	185	True	True
6099	akki	2016-02-07 05:01:21	charettes	2016-03-08 03:35:14	133	73	60	False	True
6099	akki	2016-02-07 05:01:21	akki	2016-03-08 22:10:10	16	8	8	False	True
6090	sasha0	2016-02-05 14:46:53	sasha0	2016-02-05 14:46:19	151	139	12	True	True
6088	akx	2016-02-05 07:49:34	akx	2016-02-05 07:47:04	9	9	0	True	True
6087	hramezani	2016-02-04 17:24:09	hramezani	2016-02-04 11:10:50	58	25	33	True	True
6086	charettes	2016-02-04 17:00:32	charettes	2016-02-04 16:47:20	7	2	5	True	True
6086	charettes	2016-02-04 17:00:32	charettes	2016-02-04 16:47:51	85	47	38	True	True
6085	varunnaganathan	2016-02-04 07:25:00	varunnaganathan	2016-02-04 11:15:55	2	1	1	False	True
6085	varunnaganathan	2016-02-04 07:25:00	varunnaganathan	2016-02-22 09:58:43	116	75	41	False	True
6085	varunnaganathan	2016-02-04 07:25:00	varunnaganathan	2016-02-04 10:53:37	2	1	1	False	True
6085	varunnaganathan	2016-02-04 07:25:00	varunnaganathan	2016-02-03 21:54:52	43	42	1	True	True
6083	jdufresne	2016-02-04 05:00:29	jdufresne	2016-02-13 00:41:31	51	49	2	False	True
6081	timgraham	2016-02-03 18:46:22	acemaster	2016-02-04 16:23:26	51	36	15	False	True
6081	timgraham	2016-02-03 18:46:22	acemaster	2016-02-03 18:29:45	35	34	1	True	True
6080	mmarksnippety	2016-02-03 15:00:21	mmarksnippety	2016-02-03 14:59:55	2	2	0	True	True
6079	cowlicks	2016-02-03 10:50:25	cowlicks	2016-02-03 10:42:48	31	16	15	True	True
6078	nemesisdesign	2016-02-03 10:42:18	nemesisdesign	2016-02-04 16:17:28	40	32	8	False	True
6077	sasha0	2016-02-02 18:59:18	sasha0	2016-03-22 15:06:15	68	60	8	False	True
6073	buddylindsey	2016-02-01 17:51:16	buddylindsey	2016-02-01 17:24:33	21	17	4	True	True
