pr_number	author_user_login	pr_created_at	comment_user_login	comment_created_at	is_review_issue_comment
7458	mlorant	2016-10-31 20:22:48	timgraham	2016-10-31 23:55:44	True
7452	HenryDangPRG	2016-10-29 16:32:00	timgraham	2016-10-31 20:11:16	True
7451	francoisfreitag	2016-10-28 17:43:48	timgraham	2016-11-16 18:37:16	True
7451	francoisfreitag	2016-10-28 17:43:48	holvianssi	2016-11-17 08:20:12	True
7451	francoisfreitag	2016-10-28 17:43:48	akaariai	2016-11-22 11:52:52	True
7451	francoisfreitag	2016-10-28 17:43:48	timgraham	2017-02-09 16:21:32	True
7449	martinarroyo	2016-10-28 17:26:51	charettes	2016-10-28 17:44:59	True
7449	martinarroyo	2016-10-28 17:26:51	timgraham	2016-10-28 18:41:04	True
7449	martinarroyo	2016-10-28 17:26:51	timgraham	2016-10-28 20:40:03	True
7449	martinarroyo	2016-10-28 17:26:51	charettes	2016-10-28 20:45:17	True
7449	martinarroyo	2016-10-28 17:26:51	timgraham	2016-11-16 21:24:21	True
7447	atombrella	2016-10-28 14:48:20	foresmac	2016-10-28 15:04:48	True
7447	atombrella	2016-10-28 14:48:20	rivol	2016-11-06 10:26:58	True
7445	jdufresne	2016-10-28 03:57:44	timgraham	2016-10-29 20:26:10	True
7445	jdufresne	2016-10-28 03:57:44	timgraham	2016-10-28 12:59:02	True
7442	Metfriet	2016-10-27 15:13:33	timgraham	2016-11-29 20:03:18	True
7438		2016-10-27 06:27:20			False
7437		2016-10-26 23:23:19			False
7436	asfaltboy	2016-10-26 21:20:15	timgraham	2017-06-22 13:15:39	True
7436	asfaltboy	2016-10-26 21:20:15	timgraham	2016-10-28 14:45:49	True
7436	asfaltboy	2016-10-26 21:20:15	timgraham	2017-06-20 18:25:39	True
7436	asfaltboy	2016-10-26 21:20:15	timmartin	2017-12-05 21:07:08	True
7436	asfaltboy	2016-10-26 21:20:15	felixxm	2019-10-18 10:20:34	True
7436	asfaltboy	2016-10-26 21:20:15	felixxm	2019-09-23 08:44:36	True
7436	asfaltboy	2016-10-26 21:20:15	LilyFoote	2019-09-23 08:40:39	True
7436	asfaltboy	2016-10-26 21:20:15	felixxm	2019-10-18 08:35:13	True
7436	asfaltboy	2016-10-26 21:20:15	LilyFoote	2019-09-17 14:53:36	True
7436	asfaltboy	2016-10-26 21:20:15	timgraham	2018-07-30 18:51:13	True
7434	krisavi	2016-10-26 17:35:15	timgraham	2017-06-07 20:32:56	True
7434	krisavi	2016-10-26 17:35:15	timgraham	2018-07-21 21:59:54	True
7434	krisavi	2016-10-26 17:35:15	ngnpope	2017-03-07 09:39:48	True
7434	krisavi	2016-10-26 17:35:15	timgraham	2018-03-20 19:14:55	True
7434	krisavi	2016-10-26 17:35:15	timgraham	2017-03-06 23:59:50	True
7431	andrewnester	2016-10-25 11:28:59	timgraham	2016-10-26 15:16:35	True
7431	andrewnester	2016-10-25 11:28:59	timgraham	2016-10-26 20:12:08	True
7431	andrewnester	2016-10-25 11:28:59	timgraham	2016-11-01 11:18:50	True
7430	medmunds	2016-10-25 02:03:00	timgraham	2016-10-29 11:25:34	True
7428	sir-sigurd	2016-10-24 15:54:18	timgraham	2016-11-15 14:11:31	True
7428	sir-sigurd	2016-10-24 15:54:18	jtiai	2016-11-15 19:43:39	True
7428	sir-sigurd	2016-10-24 15:54:18	jtiai	2016-11-20 08:03:08	True
7426	akki	2016-10-24 06:08:43	timgraham	2016-10-24 18:11:46	True
7426	akki	2016-10-24 06:08:43	timgraham	2016-10-24 12:03:56	True
7424	mscott250	2016-10-23 20:46:42	timgraham	2016-10-27 23:03:48	True
7424	mscott250	2016-10-23 20:46:42	timgraham	2016-10-29 00:11:52	True
7423	inondle	2016-10-23 20:29:59	timgraham	2016-12-20 17:52:51	True
7422	nmhung89	2016-10-23 11:56:39	timgraham	2016-12-06 15:45:34	True
7420		2016-10-22 20:26:51			False
7419	jdufresne	2016-10-22 15:21:41	timgraham	2016-10-27 00:53:29	True
7419	jdufresne	2016-10-22 15:21:41	timgraham	2016-10-26 12:43:32	True
7417	raiderrobert	2016-10-20 21:04:56	reinout	2016-11-05 11:58:35	True
7417	raiderrobert	2016-10-20 21:04:56	reinout	2016-11-07 09:15:42	True
7417	raiderrobert	2016-10-20 21:04:56	timgraham	2017-02-11 14:03:37	True
7417	raiderrobert	2016-10-20 21:04:56	reinout	2016-11-05 15:05:53	True
7417	raiderrobert	2016-10-20 21:04:56	timgraham	2017-02-08 22:46:14	True
7416		2016-10-20 15:00:14			False
7415		2016-10-20 14:08:02			False
7403	MarkusH	2016-10-15 19:31:02	timgraham	2016-10-18 22:07:12	True
7390	marfire	2016-10-14 02:50:25	timgraham	2016-10-17 20:12:39	True
7388	marfire	2016-10-14 00:07:08	timgraham	2016-10-14 11:38:00	True
7381	atombrella	2016-10-13 12:57:56	timgraham	2016-11-25 15:28:02	True
7381	atombrella	2016-10-13 12:57:56	auvipy	2017-01-13 18:21:15	True
7378		2016-10-13 03:07:22			False
7377		2016-10-13 01:23:11			False
7376	marfire	2016-10-12 22:05:54	timgraham	2016-10-13 18:23:33	True
7373	claudep	2016-10-11 19:00:20	timgraham	2016-10-12 18:22:18	True
7373	claudep	2016-10-11 19:00:20	timgraham	2016-10-12 18:15:45	True
7373	claudep	2016-10-11 19:00:20	timgraham	2016-10-11 21:20:49	True
7370	inondle	2016-10-11 08:06:14	timgraham	2016-11-16 22:33:51	True
7366	PREM1980	2016-10-10 15:24:15	timgraham	2016-10-26 15:35:55	True
7366	PREM1980	2016-10-10 15:24:15	timgraham	2016-10-10 15:35:26	True
7365	olivierdalang	2016-10-10 12:09:54	timgraham	2016-10-14 18:23:42	True
7365	olivierdalang	2016-10-10 12:09:54	timgraham	2016-11-08 00:24:37	True
7365	olivierdalang	2016-10-10 12:09:54	timgraham	2017-04-02 20:03:23	True
7364	izquierdo	2016-10-10 07:38:38	auvipy	2019-09-21 05:39:17	True
7364	izquierdo	2016-10-10 07:38:38	felixxm	2019-09-23 07:07:16	True
7364	izquierdo	2016-10-10 07:38:38	charettes	2016-10-10 16:51:14	True
7364	izquierdo	2016-10-10 07:38:38	LuRsT	2019-09-17 14:13:57	True
7364	izquierdo	2016-10-10 07:38:38	timgraham	2017-04-02 20:04:04	True
7364	izquierdo	2016-10-10 07:38:38	felixxm	2019-10-14 10:58:32	True
7364	izquierdo	2016-10-10 07:38:38	felixxm	2019-10-25 05:52:06	True
7364	izquierdo	2016-10-10 07:38:38	felixxm	2019-11-19 10:02:52	True
7364	izquierdo	2016-10-10 07:38:38	felixxm	2019-10-29 12:38:32	True
7363	s0b0lev	2016-10-09 15:20:38	timgraham	2016-11-14 23:54:41	True
7363	s0b0lev	2016-10-09 15:20:38	timgraham	2016-11-12 00:22:30	True
7363	s0b0lev	2016-10-09 15:20:38	timgraham	2016-10-13 17:58:03	True
7361		2016-10-08 01:12:10			False
7359		2016-10-07 20:14:01			False
7357		2016-10-07 18:02:13			False
7356		2016-10-07 14:51:45			False
7354	apollo13	2016-10-07 12:26:12	PamelaM	2017-01-16 03:32:08	True
7354	apollo13	2016-10-07 12:26:12	timgraham	2016-12-29 14:50:00	True
7354	apollo13	2016-10-07 12:26:12	nedbat	2017-01-02 21:33:24	True
7351	ben-prezola	2016-10-07 11:03:32	claudep	2016-10-14 18:26:16	True
7351	ben-prezola	2016-10-07 11:03:32	claudep	2016-10-14 18:26:57	True
7351	ben-prezola	2016-10-07 11:03:32	claudep	2016-11-06 20:01:58	True
7351	ben-prezola	2016-10-07 11:03:32	timgraham	2016-12-15 15:34:46	True
7349	adamchainz	2016-10-07 09:41:34	timgraham	2016-10-07 13:02:17	True
7339	timgraham	2016-10-04 12:05:05	charettes	2016-10-04 12:08:22	True
7339	timgraham	2016-10-04 12:05:05	mbox	2016-10-06 14:08:34	True
7339	timgraham	2016-10-04 12:05:05	charettes	2016-10-06 14:10:19	True
7336		2016-10-03 23:25:47			False
7335	atombrella	2016-10-03 09:38:17	timgraham	2016-10-05 15:09:44	True
7335	atombrella	2016-10-03 09:38:17	timgraham	2016-10-05 13:39:49	True
7335	atombrella	2016-10-03 09:38:17	timgraham	2016-10-04 00:18:34	True
7334	claudep	2016-10-02 18:16:54	timgraham	2016-10-13 13:50:36	True
7333		2016-10-02 16:25:18			False
7332	lucasloisp	2016-10-02 15:34:34	sjoerdjob	2016-10-04 06:28:31	True
7332	lucasloisp	2016-10-02 15:34:34	sjoerdjob	2016-10-05 04:51:34	True
7331		2016-10-01 17:35:45			False
