pr_number	author_user_login	pr_created_at	review_comment_user_login	review_comment_created_at	is_review_review_comment
95	crodjer	2012-05-28 19:50:23	spookylukey	2012-10-13 22:44:10	True
89	claudep	2012-05-23 09:58:29	YorikSar	2012-05-29 11:08:20	True
89	claudep	2012-05-23 09:58:29	alex	2012-05-23 19:39:52	True
89	claudep	2012-05-23 09:58:29	YorikSar	2012-05-29 12:30:00	True
89	claudep	2012-05-23 09:58:29	alex	2012-05-24 08:29:03	True
89	claudep	2012-05-23 09:58:29	alex	2012-05-23 19:39:19	True
89	claudep	2012-05-23 09:58:29	kezabelle	2012-05-24 09:01:55	True
52	dstufft	2012-05-09 22:03:03	akaariai	2012-05-27 19:23:44	True
51	SmileyChris	2012-05-09 00:34:06	ramiro	2012-05-09 01:59:55	True
47	renatogp	2012-05-06 03:32:53	exogen	2012-05-07 20:12:37	True
42	gerardo-orozco	2012-05-03 18:04:46	ramiro	2012-05-04 01:59:26	True
42	gerardo-orozco	2012-05-03 18:04:46	ramiro	2012-05-04 02:00:40	True
41	niwinz	2012-05-03 15:31:54	akaariai	2012-05-11 22:31:42	True
41	niwinz	2012-05-03 15:31:54	freakboy3742	2012-05-12 02:43:11	True
41	niwinz	2012-05-03 15:31:54	freakboy3742	2012-05-12 02:17:28	True
41	niwinz	2012-05-03 15:31:54	alex	2012-05-03 15:56:45	True
