pr_number	author_user_login	pr_created_at	review_user_login	review_created_at	filename	create_before_pr	has_issue_comment	has_review_comment	has_commit
5525	darkryder	2015-10-31 11:40:25	timgraham	2015-10-31 14:00:48	docs/ref/contrib/admin/index.txt	True	True	True	True
5525	darkryder	2015-10-31 11:40:25	timgraham	2015-10-31 14:00:31	docs/ref/contrib/admin/index.txt	True	True	True	True
5524	claudep	2015-10-30 23:40:05	timgraham	2015-10-31 13:18:16	docs/releases/1.11.txt	True	True	True	True
5524	claudep	2015-10-30 23:40:05	timgraham	2016-06-27 17:03:11	docs/releases/1.11.txt	True	True	True	True
5524	claudep	2015-10-30 23:40:05	timgraham	2016-06-27 17:03:11	tests/servers/tests.py	True	True	True	True
5524	claudep	2015-10-30 23:40:05	timgraham	2015-10-31 13:18:16	django/core/servers/basehttp.py	True	True	True	True
5524	claudep	2015-10-30 23:40:05	timgraham	2016-06-27 17:03:11	django/core/servers/basehttp.py	True	True	True	True
5524	claudep	2015-10-30 23:40:05	timgraham	2015-10-31 13:18:16	tests/servers/tests.py	True	True	True	True
5524	claudep	2015-10-30 23:40:05	timgraham	2015-10-31 13:03:50	docs/releases/1.11.txt	True	True	True	True
5524	claudep	2015-10-30 23:40:05	timgraham	2015-10-31 13:03:50	tests/servers/tests.py	True	True	True	True
5524	claudep	2015-10-30 23:40:05	timgraham	2015-10-31 13:03:50	django/core/servers/basehttp.py	True	True	True	True
5520	bee-keeper	2015-10-30 15:31:04	timgraham	2015-10-30 15:34:37	docs/topics/testing/advanced.txt	True	True	True	True
5520	bee-keeper	2015-10-30 15:31:04	timgraham	2015-10-30 15:34:37	docs/topics/testing/advanced.txt	False	True	True	True
5520	bee-keeper	2015-10-30 15:31:04	timgraham	2015-10-30 15:34:43	docs/topics/testing/advanced.txt	True	True	True	True
5520	bee-keeper	2015-10-30 15:31:04	timgraham	2015-10-30 15:34:43	docs/topics/testing/advanced.txt	False	True	True	True
5518	sir-sigurd	2015-10-30 12:41:44	timgraham	2015-10-30 14:55:51	docs/ref/contrib/gis/install/index.txt	False	True	True	True
5518	sir-sigurd	2015-10-30 12:41:44	timgraham	2015-10-30 18:54:04	tests/gis_tests/geoapp/tests.py	False	True	True	True
5518	sir-sigurd	2015-10-30 12:41:44	timgraham	2015-10-30 18:54:04	docs/ref/contrib/gis/install/spatialite.txt	False	True	True	True
5518	sir-sigurd	2015-10-30 12:41:44	timgraham	2015-10-30 14:55:51	django/contrib/gis/db/backends/spatialite/operations.py	False	True	True	True
5518	sir-sigurd	2015-10-30 12:41:44	timgraham	2015-10-30 14:55:51	django/contrib/gis/db/models/query.py	False	True	True	True
5518	sir-sigurd	2015-10-30 12:41:44	timgraham	2015-10-30 14:55:51	docs/ref/contrib/gis/db-api.txt	False	True	True	True
5518	sir-sigurd	2015-10-30 12:41:44	timgraham	2015-10-30 14:55:51	docs/ref/contrib/gis/geoquerysets.txt	False	True	True	True
5518	sir-sigurd	2015-10-30 12:41:44	timgraham	2015-10-30 14:55:51	docs/ref/contrib/gis/install/geolibs.txt	False	True	True	True
5518	sir-sigurd	2015-10-30 12:41:44	timgraham	2015-10-30 14:55:51	tests/gis_tests/geoapp/tests.py	False	True	True	True
5518	sir-sigurd	2015-10-30 12:41:44	timgraham	2015-10-30 14:55:51	docs/releases/1.10.txt	False	True	True	True
5518	sir-sigurd	2015-10-30 12:41:44	timgraham	2015-10-30 14:55:51	tests/gis_tests/distapp/tests.py	False	True	True	True
5518	sir-sigurd	2015-10-30 12:41:44	timgraham	2015-10-30 14:55:51	tests/gis_tests/geoapp/test_functions.py	False	True	True	True
5518	sir-sigurd	2015-10-30 12:41:44	timgraham	2015-10-30 18:54:04	tests/gis_tests/distapp/tests.py	False	True	True	True
5518	sir-sigurd	2015-10-30 12:41:44	timgraham	2015-10-30 14:55:51	docs/ref/contrib/gis/install/spatialite.txt	False	True	True	True
5518	sir-sigurd	2015-10-30 12:41:44	timgraham	2015-10-30 14:53:12	django/contrib/gis/db/backends/spatialite/operations.py	False	True	True	True
5518	sir-sigurd	2015-10-30 12:41:44	timgraham	2015-10-30 14:53:12	django/contrib/gis/db/models/query.py	False	True	True	True
5518	sir-sigurd	2015-10-30 12:41:44	timgraham	2015-10-30 14:53:12	docs/ref/contrib/gis/db-api.txt	False	True	True	True
5518	sir-sigurd	2015-10-30 12:41:44	timgraham	2015-10-30 14:53:12	docs/ref/contrib/gis/geoquerysets.txt	False	True	True	True
5518	sir-sigurd	2015-10-30 12:41:44	timgraham	2015-10-30 18:54:04	tests/gis_tests/geoapp/test_functions.py	False	True	True	True
5518	sir-sigurd	2015-10-30 12:41:44	timgraham	2015-10-30 18:54:04	docs/ref/contrib/gis/geoquerysets.txt	False	True	True	True
5518	sir-sigurd	2015-10-30 12:41:44	timgraham	2015-10-30 18:54:04	docs/releases/1.10.txt	False	True	True	True
5518	sir-sigurd	2015-10-30 12:41:44	timgraham	2015-10-30 14:50:45	docs/releases/1.10.txt	False	True	True	True
5518	sir-sigurd	2015-10-30 12:41:44	timgraham	2015-10-30 14:53:12	docs/ref/contrib/gis/install/index.txt	False	True	True	True
5518	sir-sigurd	2015-10-30 12:41:44	timgraham	2015-10-30 14:50:45	django/contrib/gis/db/backends/spatialite/operations.py	False	True	True	True
5518	sir-sigurd	2015-10-30 12:41:44	timgraham	2015-10-30 14:50:45	django/contrib/gis/db/models/query.py	False	True	True	True
5518	sir-sigurd	2015-10-30 12:41:44	timgraham	2015-10-30 14:50:45	docs/ref/contrib/gis/db-api.txt	False	True	True	True
5518	sir-sigurd	2015-10-30 12:41:44	timgraham	2015-10-30 14:50:45	docs/ref/contrib/gis/geoquerysets.txt	False	True	True	True
5518	sir-sigurd	2015-10-30 12:41:44	timgraham	2015-10-30 14:50:45	docs/ref/contrib/gis/install/geolibs.txt	False	True	True	True
5518	sir-sigurd	2015-10-30 12:41:44	timgraham	2015-10-30 14:50:45	docs/ref/contrib/gis/install/index.txt	False	True	True	True
5518	sir-sigurd	2015-10-30 12:41:44	timgraham	2015-10-30 14:50:45	tests/gis_tests/distapp/tests.py	False	True	True	True
5518	sir-sigurd	2015-10-30 12:41:44	timgraham	2015-10-30 18:54:04	docs/ref/contrib/gis/install/index.txt	False	True	True	True
5518	sir-sigurd	2015-10-30 12:41:44	timgraham	2015-10-30 14:50:45	tests/gis_tests/geoapp/test_functions.py	False	True	True	True
5518	sir-sigurd	2015-10-30 12:41:44	timgraham	2015-10-30 14:50:45	tests/gis_tests/geoapp/tests.py	False	True	True	True
5518	sir-sigurd	2015-10-30 12:41:44	timgraham	2015-10-30 14:50:45	docs/ref/contrib/gis/install/spatialite.txt	False	True	True	True
5518	sir-sigurd	2015-10-30 12:41:44	timgraham	2015-10-30 18:54:04	django/contrib/gis/db/backends/spatialite/operations.py	False	True	True	True
5518	sir-sigurd	2015-10-30 12:41:44	timgraham	2015-10-30 18:54:04	django/contrib/gis/db/models/query.py	False	True	True	True
5518	sir-sigurd	2015-10-30 12:41:44	timgraham	2015-10-30 18:54:04	docs/ref/contrib/gis/db-api.txt	False	True	True	True
5518	sir-sigurd	2015-10-30 12:41:44	timgraham	2015-10-30 18:54:04	docs/ref/contrib/gis/install/geolibs.txt	False	True	True	True
5518	sir-sigurd	2015-10-30 12:41:44	timgraham	2015-10-30 14:53:12	docs/ref/contrib/gis/install/geolibs.txt	False	True	True	True
5518	sir-sigurd	2015-10-30 12:41:44	timgraham	2015-10-30 18:53:38	docs/releases/1.10.txt	False	True	True	True
5518	sir-sigurd	2015-10-30 12:41:44	timgraham	2015-10-30 14:53:12	docs/releases/1.10.txt	False	True	True	True
5518	sir-sigurd	2015-10-30 12:41:44	timgraham	2015-10-30 18:53:38	docs/ref/contrib/gis/db-api.txt	False	True	True	True
5518	sir-sigurd	2015-10-30 12:41:44	timgraham	2015-10-30 17:18:06	docs/ref/contrib/gis/install/index.txt	False	True	True	True
5518	sir-sigurd	2015-10-30 12:41:44	timgraham	2015-10-30 17:18:06	docs/releases/1.10.txt	False	True	True	True
5518	sir-sigurd	2015-10-30 12:41:44	timgraham	2015-10-30 17:18:06	tests/gis_tests/distapp/tests.py	False	True	True	True
5518	sir-sigurd	2015-10-30 12:41:44	timgraham	2015-10-30 17:18:06	tests/gis_tests/geoapp/tests.py	False	True	True	True
5518	sir-sigurd	2015-10-30 12:41:44	timgraham	2015-10-30 17:18:06	docs/ref/contrib/gis/install/spatialite.txt	False	True	True	True
5518	sir-sigurd	2015-10-30 12:41:44	timgraham	2015-10-30 18:53:38	django/contrib/gis/db/backends/spatialite/operations.py	False	True	True	True
5518	sir-sigurd	2015-10-30 12:41:44	timgraham	2015-10-30 18:53:38	django/contrib/gis/db/models/query.py	False	True	True	True
5518	sir-sigurd	2015-10-30 12:41:44	timgraham	2015-10-30 18:53:38	docs/ref/contrib/gis/geoquerysets.txt	False	True	True	True
5518	sir-sigurd	2015-10-30 12:41:44	timgraham	2015-10-30 17:18:06	docs/ref/contrib/gis/geoquerysets.txt	False	True	True	True
5518	sir-sigurd	2015-10-30 12:41:44	timgraham	2015-10-30 18:53:38	docs/ref/contrib/gis/install/geolibs.txt	False	True	True	True
5518	sir-sigurd	2015-10-30 12:41:44	timgraham	2015-10-30 18:53:38	docs/ref/contrib/gis/install/index.txt	False	True	True	True
5518	sir-sigurd	2015-10-30 12:41:44	timgraham	2015-10-30 18:53:38	tests/gis_tests/distapp/tests.py	False	True	True	True
5518	sir-sigurd	2015-10-30 12:41:44	timgraham	2015-10-30 18:53:38	tests/gis_tests/geoapp/test_functions.py	False	True	True	True
5518	sir-sigurd	2015-10-30 12:41:44	timgraham	2015-10-30 18:53:38	tests/gis_tests/geoapp/tests.py	False	True	True	True
5518	sir-sigurd	2015-10-30 12:41:44	timgraham	2015-10-30 18:53:38	docs/ref/contrib/gis/install/spatialite.txt	False	True	True	True
5518	sir-sigurd	2015-10-30 12:41:44	timgraham	2015-10-30 14:53:12	tests/gis_tests/distapp/tests.py	False	True	True	True
5518	sir-sigurd	2015-10-30 12:41:44	timgraham	2015-10-30 17:18:06	docs/ref/contrib/gis/install/geolibs.txt	False	True	True	True
5518	sir-sigurd	2015-10-30 12:41:44	timgraham	2015-10-30 17:18:06	tests/gis_tests/geoapp/test_functions.py	False	True	True	True
5518	sir-sigurd	2015-10-30 12:41:44	timgraham	2015-10-30 17:18:06	docs/ref/contrib/gis/db-api.txt	False	True	True	True
5518	sir-sigurd	2015-10-30 12:41:44	claudep	2015-10-30 15:36:35	docs/ref/contrib/gis/install/geolibs.txt	False	True	True	True
5518	sir-sigurd	2015-10-30 12:41:44	timgraham	2015-10-30 14:53:12	tests/gis_tests/geoapp/test_functions.py	False	True	True	True
5518	sir-sigurd	2015-10-30 12:41:44	timgraham	2015-10-30 14:53:12	tests/gis_tests/geoapp/tests.py	False	True	True	True
5518	sir-sigurd	2015-10-30 12:41:44	timgraham	2015-10-30 14:53:12	docs/ref/contrib/gis/install/spatialite.txt	False	True	True	True
5518	sir-sigurd	2015-10-30 12:41:44	claudep	2015-10-30 15:36:35	django/contrib/gis/db/backends/spatialite/operations.py	False	True	True	True
5518	sir-sigurd	2015-10-30 12:41:44	timgraham	2015-10-30 17:18:06	django/contrib/gis/db/models/query.py	False	True	True	True
5518	sir-sigurd	2015-10-30 12:41:44	claudep	2015-10-30 15:36:35	docs/ref/contrib/gis/db-api.txt	False	True	True	True
5518	sir-sigurd	2015-10-30 12:41:44	claudep	2015-10-30 15:36:35	docs/ref/contrib/gis/geoquerysets.txt	False	True	True	True
5518	sir-sigurd	2015-10-30 12:41:44	claudep	2015-10-30 15:36:35	django/contrib/gis/db/models/query.py	False	True	True	True
5518	sir-sigurd	2015-10-30 12:41:44	claudep	2015-10-30 15:36:35	docs/ref/contrib/gis/install/index.txt	False	True	True	True
5518	sir-sigurd	2015-10-30 12:41:44	claudep	2015-10-30 15:36:35	tests/gis_tests/distapp/tests.py	False	True	True	True
5518	sir-sigurd	2015-10-30 12:41:44	timgraham	2015-10-30 17:18:06	django/contrib/gis/db/backends/spatialite/operations.py	False	True	True	True
5518	sir-sigurd	2015-10-30 12:41:44	claudep	2015-10-30 15:36:35	tests/gis_tests/geoapp/test_functions.py	False	True	True	True
5518	sir-sigurd	2015-10-30 12:41:44	claudep	2015-10-30 15:36:35	tests/gis_tests/geoapp/tests.py	False	True	True	True
5518	sir-sigurd	2015-10-30 12:41:44	claudep	2015-10-30 15:36:35	docs/releases/1.10.txt	False	True	True	True
5518	sir-sigurd	2015-10-30 12:41:44	claudep	2015-10-30 15:36:35	docs/ref/contrib/gis/install/spatialite.txt	False	True	True	True
5516	sir-sigurd	2015-10-30 08:37:06	claudep	2015-10-30 08:57:00	docs/ref/contrib/gis/tutorial.txt	False	True	True	True
5516	sir-sigurd	2015-10-30 08:37:06	claudep	2015-10-30 08:57:00	docs/ref/contrib/gis/install/index.txt	False	True	True	True
5514	bxm156	2015-10-30 06:34:45	timgraham	2015-10-31 22:38:13	docs/releases/1.10.txt	True	True	True	True
5514	bxm156	2015-10-30 06:34:45	timgraham	2015-10-31 22:41:20	docs/ref/models/querysets.txt	True	True	True	True
5514	bxm156	2015-10-30 06:34:45	timgraham	2015-10-31 22:41:20	docs/releases/1.10.txt	True	True	True	True
5514	bxm156	2015-10-30 06:34:45	timgraham	2015-10-31 22:41:20	tests/lookup/tests.py	True	True	True	True
5514	bxm156	2015-10-30 06:34:45	timgraham	2015-10-31 22:40:05	django/db/models/query.py	True	True	True	True
5514	bxm156	2015-10-30 06:34:45	timgraham	2015-10-31 22:40:05	docs/ref/models/querysets.txt	True	True	True	True
5514	bxm156	2015-10-30 06:34:45	timgraham	2015-10-31 22:41:20	django/db/models/query.py	True	True	True	True
5514	bxm156	2015-10-30 06:34:45	timgraham	2015-10-31 22:40:05	tests/lookup/tests.py	True	True	True	True
5514	bxm156	2015-10-30 06:34:45	timgraham	2015-10-31 22:38:13	django/db/models/query.py	True	True	True	True
5514	bxm156	2015-10-30 06:34:45	timgraham	2015-10-31 22:38:13	docs/ref/models/querysets.txt	True	True	True	True
5514	bxm156	2015-10-30 06:34:45	timgraham	2015-10-31 22:40:05	docs/releases/1.10.txt	True	True	True	True
5514	bxm156	2015-10-30 06:34:45	timgraham	2015-10-31 22:38:13	tests/lookup/tests.py	True	True	True	True
5514	bxm156	2015-10-30 06:34:45	timgraham	2015-10-31 22:40:58	django/db/models/query.py	True	True	True	True
5514	bxm156	2015-10-30 06:34:45	timgraham	2015-10-31 22:40:58	tests/lookup/tests.py	True	True	True	True
5514	bxm156	2015-10-30 06:34:45	timgraham	2015-10-31 22:40:58	docs/releases/1.10.txt	True	True	True	True
5514	bxm156	2015-10-30 06:34:45	timgraham	2015-10-31 22:40:58	docs/ref/models/querysets.txt	True	True	True	True
5514	bxm156	2015-10-30 06:34:45	timgraham	2015-10-31 22:39:10	django/db/models/query.py	True	True	True	True
5514	bxm156	2015-10-30 06:34:45	timgraham	2015-10-31 22:39:10	tests/lookup/tests.py	True	True	True	True
5514	bxm156	2015-10-30 06:34:45	timgraham	2015-10-31 22:39:10	docs/ref/models/querysets.txt	True	True	True	True
5514	bxm156	2015-10-30 06:34:45	timgraham	2015-10-31 22:39:10	docs/releases/1.10.txt	True	True	True	True
5513	shellfly	2015-10-30 03:56:47	charettes	2015-10-30 16:22:38	tests/cascade_deletion/tests.py	False	True	True	True
5513	shellfly	2015-10-30 03:56:47	charettes	2015-10-30 16:22:38	tests/cascade_deletion/models.py	False	True	True	True
5513	shellfly	2015-10-30 03:56:47	charettes	2015-10-30 16:22:38	tests/cascade_deletion/__init__.py	False	True	True	True
5513	shellfly	2015-10-30 03:56:47	charettes	2015-10-30 16:22:38	django/db/models/deletion.py	False	True	True	True
5511	timgraham	2015-10-29 22:47:53	carljm	2015-11-10 18:13:51	docs/topics/db/aggregation.txt	True	True	True	True
5511	timgraham	2015-10-29 22:47:53	jarshwah	2015-11-01 05:36:03	docs/topics/db/aggregation.txt	True	True	True	True
5505	jorgecarleitao	2015-10-29 16:55:26	charettes	2015-10-29 17:03:01	docs/ref/signals.txt	True	True	True	True
5505	jorgecarleitao	2015-10-29 16:55:26	charettes	2015-10-29 17:05:42	docs/ref/signals.txt	True	True	True	True
5505	jorgecarleitao	2015-10-29 16:55:26	charettes	2015-10-29 17:05:42	django/db/models/deletion.py	True	True	True	True
5505	jorgecarleitao	2015-10-29 16:55:26	charettes	2015-10-29 17:04:45	django/db/models/deletion.py	True	True	True	True
5505	jorgecarleitao	2015-10-29 16:55:26	charettes	2015-10-29 17:04:45	docs/ref/signals.txt	True	True	True	True
5505	jorgecarleitao	2015-10-29 16:55:26	charettes	2015-10-29 17:04:45	tests/m2m_signals/tests.py	True	True	True	True
5505	jorgecarleitao	2015-10-29 16:55:26	timgraham	2016-02-02 19:01:15	django/db/models/deletion.py	True	True	True	True
5505	jorgecarleitao	2015-10-29 16:55:26	timgraham	2016-02-02 19:01:15	docs/ref/signals.txt	True	True	True	True
5505	jorgecarleitao	2015-10-29 16:55:26	timgraham	2016-02-02 19:01:15	tests/m2m_signals/tests.py	True	True	True	True
5505	jorgecarleitao	2015-10-29 16:55:26	timgraham	2016-02-02 19:02:56	django/db/models/deletion.py	True	True	True	True
5505	jorgecarleitao	2015-10-29 16:55:26	timgraham	2016-02-02 19:02:56	docs/ref/signals.txt	True	True	True	True
5505	jorgecarleitao	2015-10-29 16:55:26	timgraham	2016-02-02 19:02:56	tests/m2m_signals/tests.py	True	True	True	True
5505	jorgecarleitao	2015-10-29 16:55:26	charettes	2015-10-29 17:03:01	django/db/models/deletion.py	True	True	True	True
5505	jorgecarleitao	2015-10-29 16:55:26	charettes	2015-10-29 17:05:42	tests/m2m_signals/tests.py	True	True	True	True
5505	jorgecarleitao	2015-10-29 16:55:26	charettes	2015-10-29 17:03:01	tests/m2m_signals/tests.py	True	True	True	True
5505	jorgecarleitao	2015-10-29 16:55:26	charettes	2015-12-16 07:17:55	django/db/models/deletion.py	True	True	True	True
5505	jorgecarleitao	2015-10-29 16:55:26	charettes	2015-12-16 07:17:55	tests/m2m_signals/tests.py	True	True	True	True
5505	jorgecarleitao	2015-10-29 16:55:26	timgraham	2016-02-02 19:03:44	django/db/models/deletion.py	True	True	True	True
5505	jorgecarleitao	2015-10-29 16:55:26	timgraham	2016-02-02 19:03:44	docs/ref/signals.txt	True	True	True	True
5505	jorgecarleitao	2015-10-29 16:55:26	timgraham	2016-02-02 19:03:44	tests/m2m_signals/tests.py	True	True	True	True
5505	jorgecarleitao	2015-10-29 16:55:26	timgraham	2016-02-02 19:00:39	django/db/models/deletion.py	True	True	True	True
5505	jorgecarleitao	2015-10-29 16:55:26	timgraham	2016-02-02 19:00:39	docs/ref/signals.txt	True	True	True	True
5505	jorgecarleitao	2015-10-29 16:55:26	timgraham	2016-02-02 19:00:39	tests/m2m_signals/tests.py	True	True	True	True
5505	jorgecarleitao	2015-10-29 16:55:26	timgraham	2016-02-02 19:00:16	django/db/models/deletion.py	True	True	True	True
5505	jorgecarleitao	2015-10-29 16:55:26	timgraham	2016-02-02 19:00:16	docs/ref/signals.txt	True	True	True	True
5505	jorgecarleitao	2015-10-29 16:55:26	timgraham	2016-02-02 19:00:16	tests/m2m_signals/tests.py	True	True	True	True
5505	jorgecarleitao	2015-10-29 16:55:26	charettes	2015-12-16 07:17:55	docs/ref/signals.txt	True	True	True	True
5504	DheerendraRathor	2015-10-29 15:49:53	timgraham	2015-10-30 17:27:39	django/core/validators.py	False	True	True	True
5504	DheerendraRathor	2015-10-29 15:49:53	timgraham	2015-10-29 18:04:38	django/core/validators.py	False	True	True	True
5504	DheerendraRathor	2015-10-29 15:49:53	timgraham	2015-10-29 18:04:38	tests/validators/tests.py	False	True	True	True
5504	DheerendraRathor	2015-10-29 15:49:53	timgraham	2015-10-31 14:07:07	tests/validators/tests.py	False	True	True	True
5504	DheerendraRathor	2015-10-29 15:49:53	timgraham	2015-10-30 17:27:39	tests/validators/tests.py	False	True	True	True
5504	DheerendraRathor	2015-10-29 15:49:53	timgraham	2015-10-31 14:07:07	django/core/validators.py	False	True	True	True
5499	sir-sigurd	2015-10-29 04:09:00	jarshwah	2015-11-01 02:44:56	tests/gis_tests/geoapp/test_functions.py	False	True	True	True
5499	sir-sigurd	2015-10-29 04:09:00	jarshwah	2015-10-30 12:48:02	django/contrib/gis/db/models/functions.py	False	True	True	True
5499	sir-sigurd	2015-10-29 04:09:00	jarshwah	2015-10-30 12:48:02	tests/gis_tests/geoapp/test_functions.py	False	True	True	True
5499	sir-sigurd	2015-10-29 04:09:00	jarshwah	2015-10-30 12:47:29	django/contrib/gis/db/models/functions.py	False	True	True	True
5499	sir-sigurd	2015-10-29 04:09:00	jarshwah	2015-10-30 12:47:29	tests/gis_tests/geoapp/test_functions.py	False	True	True	True
5499	sir-sigurd	2015-10-29 04:09:00	timgraham	2015-10-31 13:23:11	django/contrib/gis/db/models/functions.py	False	True	True	True
5499	sir-sigurd	2015-10-29 04:09:00	timgraham	2015-10-31 13:23:11	tests/gis_tests/geoapp/test_functions.py	False	True	True	True
5499	sir-sigurd	2015-10-29 04:09:00	jarshwah	2015-11-01 02:44:56	django/contrib/gis/db/models/functions.py	False	True	True	True
5499	sir-sigurd	2015-10-29 04:09:00	claudep	2015-10-31 10:58:57	tests/gis_tests/geoapp/test_functions.py	False	True	True	True
5499	sir-sigurd	2015-10-29 04:09:00	jarshwah	2015-11-01 02:43:05	django/contrib/gis/db/models/functions.py	False	True	True	True
5499	sir-sigurd	2015-10-29 04:09:00	timgraham	2015-10-31 13:23:12	django/contrib/gis/db/models/functions.py	False	True	True	True
5499	sir-sigurd	2015-10-29 04:09:00	timgraham	2015-10-31 13:23:12	tests/gis_tests/geoapp/test_functions.py	False	True	True	True
5499	sir-sigurd	2015-10-29 04:09:00	claudep	2015-10-31 10:57:28	django/contrib/gis/db/models/functions.py	False	True	True	True
5499	sir-sigurd	2015-10-29 04:09:00	claudep	2015-10-31 10:57:28	tests/gis_tests/geoapp/test_functions.py	False	True	True	True
5499	sir-sigurd	2015-10-29 04:09:00	claudep	2015-10-31 10:58:57	django/contrib/gis/db/models/functions.py	False	True	True	True
5499	sir-sigurd	2015-10-29 04:09:00	jarshwah	2015-11-01 02:43:05	tests/gis_tests/geoapp/test_functions.py	False	True	True	True
5496	charettes	2015-10-28 19:10:00	timgraham	2015-10-28 19:33:55	django/contrib/admin/options.py	True	False	True	True
5496	charettes	2015-10-28 19:10:00	timgraham	2015-10-29 11:24:35	django/contrib/admin/options.py	True	False	True	True
5496	charettes	2015-10-28 19:10:00	timgraham	2015-10-29 11:24:35	docs/releases/1.8.6.txt	True	False	True	True
5496	charettes	2015-10-28 19:10:00	timgraham	2015-10-29 11:24:35	tests/admin_views/admin.py	True	False	True	True
5496	charettes	2015-10-28 19:10:00	timgraham	2015-10-29 11:24:35	tests/admin_views/tests.py	True	False	True	True
5496	charettes	2015-10-28 19:10:00	timgraham	2015-10-29 11:24:35	tests/admin_views/models.py	True	False	True	True
5496	charettes	2015-10-28 19:10:00	timgraham	2015-10-28 19:33:55	docs/releases/1.8.6.txt	True	False	True	True
5496	charettes	2015-10-28 19:10:00	timgraham	2015-10-28 19:33:55	tests/admin_views/admin.py	True	False	True	True
5496	charettes	2015-10-28 19:10:00	timgraham	2015-10-28 19:33:55	tests/admin_views/models.py	True	False	True	True
5496	charettes	2015-10-28 19:10:00	timgraham	2015-10-28 19:33:55	tests/admin_views/tests.py	True	False	True	True
5487	akaariai	2015-10-27 11:17:56	charettes	2015-10-28 00:34:27	tests/generic_relations/tests.py	True	True	True	True
5487	akaariai	2015-10-27 11:17:56	charettes	2015-10-28 00:34:27	django/contrib/contenttypes/fields.py	True	True	True	True
5487	akaariai	2015-10-27 11:17:56	timgraham	2015-10-27 23:48:25	tests/generic_relations/tests.py	True	True	True	True
5487	akaariai	2015-10-27 11:17:56	timgraham	2015-10-27 23:48:25	django/contrib/contenttypes/fields.py	True	True	True	True
5487	akaariai	2015-10-27 11:17:56	timgraham	2015-10-27 23:47:38	tests/generic_relations/tests.py	True	True	True	True
5487	akaariai	2015-10-27 11:17:56	timgraham	2015-10-27 23:47:38	django/contrib/contenttypes/fields.py	True	True	True	True
5487	akaariai	2015-10-27 11:17:56	timgraham	2015-10-27 23:46:19	tests/generic_relations/tests.py	True	True	True	True
5487	akaariai	2015-10-27 11:17:56	timgraham	2015-10-27 23:46:19	django/contrib/contenttypes/fields.py	True	True	True	True
5487	akaariai	2015-10-27 11:17:56	timgraham	2015-10-27 23:46:28	tests/generic_relations/tests.py	True	True	True	True
5487	akaariai	2015-10-27 11:17:56	timgraham	2015-10-27 23:46:28	django/contrib/contenttypes/fields.py	True	True	True	True
5481	knbk	2015-10-26 13:40:47	timgraham	2015-10-26 14:02:16	django/template/defaulttags.py	True	True	True	True
5481	knbk	2015-10-26 13:40:47	timgraham	2015-10-26 14:03:18	django/template/defaulttags.py	True	True	True	True
5481	knbk	2015-10-26 13:40:47	timgraham	2015-10-26 14:03:18	tests/template_tests/syntax_tests/test_url.py	True	True	True	True
5481	knbk	2015-10-26 13:40:47	timgraham	2015-10-26 14:02:16	tests/template_tests/syntax_tests/test_url.py	True	True	True	True
5480	LilyFoote	2015-10-25 23:36:47	timgraham	2015-10-26 19:28:24	tests/lookup/tests.py	True	True	True	True
5480	LilyFoote	2015-10-25 23:36:47	timgraham	2015-10-26 19:28:24	django/db/models/sql/query.py	True	True	True	True
5480	LilyFoote	2015-10-25 23:36:47	timgraham	2015-10-27 13:10:23	tests/lookup/tests.py	True	True	True	True
5480	LilyFoote	2015-10-25 23:36:47	timgraham	2015-10-27 13:10:23	django/db/models/sql/query.py	True	True	True	True
5479	jackcvr	2015-10-25 20:32:01	timgraham	2015-10-28 00:21:31	tests/admin_filters/tests.py	True	True	True	True
5479	jackcvr	2015-10-25 20:32:01	timgraham	2015-10-29 20:03:44	tests/admin_filters/models.py	True	True	True	True
5479	jackcvr	2015-10-25 20:32:01	timgraham	2015-10-28 00:21:38	django/contrib/admin/filters.py	True	True	True	True
5479	jackcvr	2015-10-25 20:32:01	timgraham	2015-10-28 00:21:38	tests/admin_filters/models.py	True	True	True	True
5479	jackcvr	2015-10-25 20:32:01	timgraham	2015-10-28 00:21:38	tests/admin_filters/tests.py	True	True	True	True
5479	jackcvr	2015-10-25 20:32:01	timgraham	2015-10-28 00:21:31	django/contrib/admin/filters.py	True	True	True	True
5479	jackcvr	2015-10-25 20:32:01	timgraham	2015-10-28 00:21:31	tests/admin_filters/models.py	True	True	True	True
5479	jackcvr	2015-10-25 20:32:01	timgraham	2015-10-29 20:03:44	django/contrib/admin/filters.py	True	True	True	True
5479	jackcvr	2015-10-25 20:32:01	timgraham	2015-10-29 20:03:44	tests/admin_filters/tests.py	True	True	True	True
5479	jackcvr	2015-10-25 20:32:01	timgraham	2015-10-29 20:02:06	django/contrib/admin/filters.py	True	True	True	True
5479	jackcvr	2015-10-25 20:32:01	timgraham	2015-10-29 20:02:06	tests/admin_filters/models.py	True	True	True	True
5479	jackcvr	2015-10-25 20:32:01	timgraham	2015-10-29 20:02:06	tests/admin_filters/tests.py	True	True	True	True
5479	jackcvr	2015-10-25 20:32:01	timgraham	2015-10-29 19:56:39	django/contrib/admin/filters.py	True	True	True	True
5479	jackcvr	2015-10-25 20:32:01	timgraham	2015-10-29 19:56:39	tests/admin_filters/models.py	True	True	True	True
5479	jackcvr	2015-10-25 20:32:01	timgraham	2015-10-29 19:56:39	tests/admin_filters/tests.py	True	True	True	True
5477	sir-sigurd	2015-10-25 14:13:35	claudep	2015-11-14 13:31:02	django/contrib/gis/db/models/functions.py	False	True	True	True
5477	sir-sigurd	2015-10-25 14:13:35	claudep	2015-11-14 13:31:02	tests/gis_tests/geogapp/tests.py	False	True	True	True
5477	sir-sigurd	2015-10-25 14:13:35	claudep	2015-11-14 13:31:02	tests/gis_tests/geoapp/test_functions.py	False	True	True	True
5477	sir-sigurd	2015-10-25 14:13:35	claudep	2015-11-14 13:31:02	tests/gis_tests/distapp/tests.py	False	True	True	True
5477	sir-sigurd	2015-10-25 14:13:35	claudep	2015-11-14 13:28:24	tests/gis_tests/distapp/tests.py	False	True	True	True
5477	sir-sigurd	2015-10-25 14:13:35	claudep	2015-10-28 19:18:14	tests/gis_tests/geogapp/tests.py	False	True	True	True
5477	sir-sigurd	2015-10-25 14:13:35	claudep	2015-10-28 19:18:14	tests/gis_tests/geoapp/test_functions.py	False	True	True	True
5477	sir-sigurd	2015-10-25 14:13:35	claudep	2015-10-28 19:18:14	tests/gis_tests/distapp/tests.py	False	True	True	True
5477	sir-sigurd	2015-10-25 14:13:35	claudep	2015-10-28 19:18:14	django/contrib/gis/db/models/functions.py	False	True	True	True
5477	sir-sigurd	2015-10-25 14:13:35	claudep	2015-11-14 13:28:24	django/contrib/gis/db/models/functions.py	False	True	True	True
5477	sir-sigurd	2015-10-25 14:13:35	claudep	2015-10-25 21:24:21	django/contrib/gis/db/models/functions.py	False	True	True	True
5477	sir-sigurd	2015-10-25 14:13:35	claudep	2015-11-14 13:28:24	tests/gis_tests/geoapp/test_functions.py	False	True	True	True
5477	sir-sigurd	2015-10-25 14:13:35	claudep	2015-11-14 13:28:24	tests/gis_tests/geogapp/tests.py	False	True	True	True
5477	sir-sigurd	2015-10-25 14:13:35	claudep	2015-10-25 21:24:21	tests/gis_tests/distapp/tests.py	False	True	True	True
5477	sir-sigurd	2015-10-25 14:13:35	claudep	2015-10-25 21:24:21	tests/gis_tests/geoapp/test_functions.py	False	True	True	True
5477	sir-sigurd	2015-10-25 14:13:35	claudep	2015-10-25 21:24:21	tests/gis_tests/geogapp/tests.py	False	True	True	True
5477	sir-sigurd	2015-10-25 14:13:35	claudep	2015-10-25 21:27:56	django/contrib/gis/db/models/functions.py	False	True	True	True
5477	sir-sigurd	2015-10-25 14:13:35	claudep	2015-10-25 21:27:56	tests/gis_tests/distapp/tests.py	False	True	True	True
5477	sir-sigurd	2015-10-25 14:13:35	claudep	2015-10-25 21:27:56	tests/gis_tests/geoapp/test_functions.py	False	True	True	True
5477	sir-sigurd	2015-10-25 14:13:35	claudep	2015-10-25 21:27:56	tests/gis_tests/geogapp/tests.py	False	True	True	True
5475	darkryder	2015-10-25 01:55:38	claudep	2015-10-25 21:09:10	django/template/defaultfilters.py	False	True	True	True
5475	darkryder	2015-10-25 01:55:38	claudep	2015-10-25 21:09:10	django/template/defaultfilters.py	True	True	True	True
5475	darkryder	2015-10-25 01:55:38	claudep	2015-10-25 21:09:10	tests/template_tests/filter_tests/test_filesizeformat.py	True	True	True	True
5475	darkryder	2015-10-25 01:55:38	charettes	2015-10-25 16:04:43	tests/template_tests/filter_tests/test_filesizeformat.py	True	True	True	True
5475	darkryder	2015-10-25 01:55:38	charettes	2015-10-25 16:04:43	django/template/defaultfilters.py	True	True	True	True
5475	darkryder	2015-10-25 01:55:38	charettes	2015-10-25 16:04:43	django/template/defaultfilters.py	False	True	True	True
5470	claudep	2015-10-23 19:21:03	timgraham	2015-10-29 13:03:08	docs/releases/1.10.txt	True	True	True	True
5470	claudep	2015-10-23 19:21:03	timgraham	2015-10-27 23:55:35	tests/user_commands/tests.py	True	True	True	True
5470	claudep	2015-10-23 19:21:03	timgraham	2015-10-27 23:55:35	tests/user_commands/urls.py	True	True	True	True
5470	claudep	2015-10-23 19:21:03	timgraham	2015-10-29 13:03:08	django/__init__.py	True	True	True	True
5470	claudep	2015-10-23 19:21:03	timgraham	2015-10-29 13:03:08	django/core/wsgi.py	True	True	True	True
5470	claudep	2015-10-23 19:21:03	timgraham	2015-10-27 23:55:35	tests/user_commands/management/commands/reverse_url.py	True	True	True	True
5470	claudep	2015-10-23 19:21:03	timgraham	2015-10-29 13:03:08	docs/ref/applications.txt	True	True	True	True
5470	claudep	2015-10-23 19:21:03	timgraham	2015-10-29 13:03:08	docs/ref/settings.txt	True	True	True	True
5470	claudep	2015-10-23 19:21:03	timgraham	2015-10-28 00:00:13	docs/ref/settings.txt	True	True	True	True
5470	claudep	2015-10-23 19:21:03	timgraham	2015-10-29 13:03:08	tests/user_commands/management/commands/reverse_url.py	True	True	True	True
5470	claudep	2015-10-23 19:21:03	timgraham	2015-10-29 13:03:08	tests/user_commands/tests.py	True	True	True	True
5470	claudep	2015-10-23 19:21:03	timgraham	2015-10-29 13:03:08	tests/user_commands/urls.py	True	True	True	True
5470	claudep	2015-10-23 19:21:03	timgraham	2015-10-28 00:00:13	django/__init__.py	True	True	True	True
5470	claudep	2015-10-23 19:21:03	timgraham	2015-10-28 00:00:13	django/core/wsgi.py	True	True	True	True
5470	claudep	2015-10-23 19:21:03	timgraham	2015-10-28 00:00:13	docs/ref/applications.txt	True	True	True	True
5470	claudep	2015-10-23 19:21:03	timgraham	2015-10-27 23:55:35	docs/ref/settings.txt	True	True	True	True
5470	claudep	2015-10-23 19:21:03	timgraham	2015-10-28 00:00:13	docs/releases/1.10.txt	True	True	True	True
5470	claudep	2015-10-23 19:21:03	timgraham	2015-10-28 00:00:13	tests/user_commands/management/commands/reverse_url.py	True	True	True	True
5470	claudep	2015-10-23 19:21:03	timgraham	2015-10-27 23:55:35	docs/releases/1.10.txt	True	True	True	True
5470	claudep	2015-10-23 19:21:03	timgraham	2015-10-28 00:11:24	docs/ref/settings.txt	True	True	True	True
5470	claudep	2015-10-23 19:21:03	timgraham	2015-10-27 23:55:35	docs/ref/applications.txt	True	True	True	True
5470	claudep	2015-10-23 19:21:03	timgraham	2015-10-27 23:55:35	django/core/wsgi.py	True	True	True	True
5470	claudep	2015-10-23 19:21:03	timgraham	2015-10-28 00:00:13	tests/user_commands/urls.py	True	True	True	True
5470	claudep	2015-10-23 19:21:03	timgraham	2015-10-29 13:02:39	django/__init__.py	True	True	True	True
5470	claudep	2015-10-23 19:21:03	timgraham	2015-10-29 13:02:39	django/core/wsgi.py	True	True	True	True
5470	claudep	2015-10-23 19:21:03	timgraham	2015-10-29 13:02:39	docs/ref/applications.txt	True	True	True	True
5470	claudep	2015-10-23 19:21:03	timgraham	2015-10-29 13:02:39	docs/ref/settings.txt	True	True	True	True
5470	claudep	2015-10-23 19:21:03	timgraham	2015-10-29 13:02:39	docs/releases/1.10.txt	True	True	True	True
5470	claudep	2015-10-23 19:21:03	timgraham	2015-10-29 13:02:39	tests/user_commands/management/commands/reverse_url.py	True	True	True	True
5470	claudep	2015-10-23 19:21:03	timgraham	2015-10-29 13:02:39	tests/user_commands/tests.py	True	True	True	True
5470	claudep	2015-10-23 19:21:03	timgraham	2015-10-29 13:02:39	tests/user_commands/urls.py	True	True	True	True
5470	claudep	2015-10-23 19:21:03	timgraham	2015-10-28 00:11:24	django/__init__.py	True	True	True	True
5470	claudep	2015-10-23 19:21:03	timgraham	2015-10-28 00:11:24	django/core/wsgi.py	True	True	True	True
5470	claudep	2015-10-23 19:21:03	timgraham	2015-10-28 00:11:24	docs/ref/applications.txt	True	True	True	True
5470	claudep	2015-10-23 19:21:03	timgraham	2015-10-28 00:11:24	docs/releases/1.10.txt	True	True	True	True
5470	claudep	2015-10-23 19:21:03	timgraham	2015-10-28 00:11:24	tests/user_commands/management/commands/reverse_url.py	True	True	True	True
5470	claudep	2015-10-23 19:21:03	timgraham	2015-10-28 00:11:24	tests/user_commands/tests.py	True	True	True	True
5470	claudep	2015-10-23 19:21:03	timgraham	2015-10-28 00:11:24	tests/user_commands/urls.py	True	True	True	True
5470	claudep	2015-10-23 19:21:03	timgraham	2015-10-27 23:55:35	django/__init__.py	True	True	True	True
5470	claudep	2015-10-23 19:21:03	timgraham	2015-10-28 00:00:13	tests/user_commands/tests.py	True	True	True	True
5470	claudep	2015-10-23 19:21:03	timgraham	2015-10-28 00:04:36	tests/user_commands/urls.py	True	True	True	True
5470	claudep	2015-10-23 19:21:03	timgraham	2015-10-28 00:01:18	django/__init__.py	True	True	True	True
5470	claudep	2015-10-23 19:21:03	timgraham	2015-10-28 00:04:36	docs/releases/1.10.txt	True	True	True	True
5470	claudep	2015-10-23 19:21:03	timgraham	2015-10-28 00:04:36	tests/user_commands/tests.py	True	True	True	True
5470	claudep	2015-10-23 19:21:03	timgraham	2015-10-27 23:57:38	django/__init__.py	True	True	True	True
5470	claudep	2015-10-23 19:21:03	timgraham	2015-10-27 23:57:38	django/core/wsgi.py	True	True	True	True
5470	claudep	2015-10-23 19:21:03	timgraham	2015-10-27 23:57:38	docs/ref/applications.txt	True	True	True	True
5470	claudep	2015-10-23 19:21:03	timgraham	2015-10-27 23:57:38	docs/ref/settings.txt	True	True	True	True
5470	claudep	2015-10-23 19:21:03	timgraham	2015-10-27 23:57:38	docs/releases/1.10.txt	True	True	True	True
5470	claudep	2015-10-23 19:21:03	timgraham	2015-10-27 23:57:38	tests/user_commands/management/commands/reverse_url.py	True	True	True	True
5470	claudep	2015-10-23 19:21:03	timgraham	2015-10-27 23:57:38	tests/user_commands/tests.py	True	True	True	True
5470	claudep	2015-10-23 19:21:03	timgraham	2015-10-27 23:57:38	tests/user_commands/urls.py	True	True	True	True
5470	claudep	2015-10-23 19:21:03	timgraham	2015-10-28 00:07:44	django/__init__.py	True	True	True	True
5470	claudep	2015-10-23 19:21:03	timgraham	2015-10-28 00:07:44	django/core/wsgi.py	True	True	True	True
5470	claudep	2015-10-23 19:21:03	timgraham	2015-10-28 00:07:44	docs/ref/applications.txt	True	True	True	True
5470	claudep	2015-10-23 19:21:03	timgraham	2015-10-28 00:01:18	django/core/wsgi.py	True	True	True	True
5470	claudep	2015-10-23 19:21:03	timgraham	2015-10-28 00:07:44	docs/releases/1.10.txt	True	True	True	True
5470	claudep	2015-10-23 19:21:03	timgraham	2015-10-28 00:07:44	tests/user_commands/management/commands/reverse_url.py	True	True	True	True
5470	claudep	2015-10-23 19:21:03	timgraham	2015-10-28 00:07:44	tests/user_commands/tests.py	True	True	True	True
5470	claudep	2015-10-23 19:21:03	timgraham	2015-10-28 00:07:44	tests/user_commands/urls.py	True	True	True	True
5470	claudep	2015-10-23 19:21:03	timgraham	2015-10-28 00:04:36	tests/user_commands/management/commands/reverse_url.py	True	True	True	True
5470	claudep	2015-10-23 19:21:03	timgraham	2015-10-28 00:07:44	docs/ref/settings.txt	True	True	True	True
5470	claudep	2015-10-23 19:21:03	timgraham	2015-10-28 00:04:36	docs/ref/settings.txt	True	True	True	True
5470	claudep	2015-10-23 19:21:03	timgraham	2015-10-27 23:56:11	docs/ref/applications.txt	True	True	True	True
5470	claudep	2015-10-23 19:21:03	timgraham	2015-10-28 00:01:18	docs/ref/applications.txt	True	True	True	True
5470	claudep	2015-10-23 19:21:03	timgraham	2015-10-28 00:01:18	docs/ref/settings.txt	True	True	True	True
5470	claudep	2015-10-23 19:21:03	timgraham	2015-10-28 00:01:18	docs/releases/1.10.txt	True	True	True	True
5470	claudep	2015-10-23 19:21:03	timgraham	2015-10-28 00:01:18	tests/user_commands/management/commands/reverse_url.py	True	True	True	True
5470	claudep	2015-10-23 19:21:03	timgraham	2015-10-28 00:01:18	tests/user_commands/tests.py	True	True	True	True
5470	claudep	2015-10-23 19:21:03	timgraham	2015-10-28 00:01:18	tests/user_commands/urls.py	True	True	True	True
5470	claudep	2015-10-23 19:21:03	timgraham	2015-10-27 23:56:11	django/__init__.py	True	True	True	True
5470	claudep	2015-10-23 19:21:03	timgraham	2015-10-27 23:56:11	django/core/wsgi.py	True	True	True	True
5470	claudep	2015-10-23 19:21:03	timgraham	2015-10-27 23:56:11	docs/ref/settings.txt	True	True	True	True
5470	claudep	2015-10-23 19:21:03	timgraham	2015-10-27 23:56:11	docs/releases/1.10.txt	True	True	True	True
5470	claudep	2015-10-23 19:21:03	timgraham	2015-10-27 23:56:11	tests/user_commands/management/commands/reverse_url.py	True	True	True	True
5470	claudep	2015-10-23 19:21:03	timgraham	2015-10-27 23:56:11	tests/user_commands/tests.py	True	True	True	True
5470	claudep	2015-10-23 19:21:03	timgraham	2015-10-27 23:56:11	tests/user_commands/urls.py	True	True	True	True
5470	claudep	2015-10-23 19:21:03	timgraham	2015-10-28 00:04:36	django/__init__.py	True	True	True	True
5470	claudep	2015-10-23 19:21:03	timgraham	2015-10-28 00:04:36	django/core/wsgi.py	True	True	True	True
5470	claudep	2015-10-23 19:21:03	timgraham	2015-10-28 00:04:36	docs/ref/applications.txt	True	True	True	True
5468	claudep	2015-10-23 13:02:37	timgraham	2015-10-23 18:38:58	tests/requests/tests.py	True	False	True	True
5468	claudep	2015-10-23 13:02:37	timgraham	2015-10-23 18:38:58	tests/handlers/tests.py	True	False	True	True
5468	claudep	2015-10-23 13:02:37	timgraham	2015-10-23 18:38:58	django/core/handlers/wsgi.py	True	False	True	True
5464	claudep	2015-10-22 12:49:32	timgraham	2015-10-22 13:31:10	tests/gis_tests/geoapp/tests.py	True	False	True	True
5464	claudep	2015-10-22 12:49:32	timgraham	2015-10-22 13:31:10	django/contrib/gis/db/backends/postgis/operations.py	True	False	True	True
5464	claudep	2015-10-22 12:49:32	timgraham	2015-10-22 13:31:10	docs/releases/1.8.6.txt	True	False	True	True
5464	claudep	2015-10-22 12:49:32	timgraham	2015-10-22 13:31:10	tests/gis_tests/utils.py	True	False	True	True
5462	yoongkang	2015-10-22 11:39:00	timgraham	2015-10-22 14:30:51	tests/admin_scripts/tests.py	True	True	True	True
5462	yoongkang	2015-10-22 11:39:00	timgraham	2015-10-22 14:30:51	django/core/management/templates.py	True	True	True	True
5462	yoongkang	2015-10-22 11:39:00	timgraham	2015-10-22 14:32:13	tests/admin_scripts/tests.py	True	True	True	True
5462	yoongkang	2015-10-22 11:39:00	timgraham	2015-10-22 14:32:13	django/core/management/templates.py	True	True	True	True
5460	yellowcap	2015-10-21 18:24:05	claudep	2015-10-27 19:41:11	django/contrib/gis/db/models/lookups.py	False	True	True	True
5460	yellowcap	2015-10-21 18:24:05	claudep	2015-10-27 19:41:11	django/contrib/gis/db/backends/postgis/operations.py	False	True	True	True
5460	yellowcap	2015-10-21 18:24:05	claudep	2015-10-27 19:41:11	django/contrib/gis/db/models/fields.py	False	True	True	True
5460	yellowcap	2015-10-21 18:24:05	claudep	2015-10-27 19:41:11	docs/releases/1.10.txt	False	True	True	True
5460	yellowcap	2015-10-21 18:24:05	claudep	2015-10-27 19:41:11	tests/gis_tests/rasterapp/test_rasterfield.py	False	True	True	True
5460	yellowcap	2015-10-21 18:24:05	claudep	2015-10-27 19:41:11	django/contrib/gis/db/backends/postgis/adapter.py	False	True	True	True
5460	yellowcap	2015-10-21 18:24:05	claudep	2015-10-27 19:41:11	docs/ref/contrib/gis/db-api.txt	False	True	True	True
5460	yellowcap	2015-10-21 18:24:05	claudep	2015-10-27 19:41:11	docs/ref/contrib/gis/geoquerysets.txt	False	True	True	True
5460	yellowcap	2015-10-21 18:24:05	claudep	2015-10-27 19:41:11	tests/gis_tests/rasterapp/models.py	False	True	True	True
5460	yellowcap	2015-10-21 18:24:05	claudep	2015-10-27 19:41:11	docs/spelling_wordlist	False	True	True	True
5460	yellowcap	2015-10-21 18:24:05	claudep	2015-10-27 19:41:11	tests/gis_tests/gis_migrations/test_operations.py	False	True	True	True
5458	sir-sigurd	2015-10-21 14:00:43	claudep	2015-10-21 18:43:47	tests/gis_tests/gdal_tests/test_geom.py	True	True	True	True
5458	sir-sigurd	2015-10-21 14:00:43	claudep	2015-10-21 18:43:47	django/contrib/gis/gdal/geometries.py	True	True	True	True
5458	sir-sigurd	2015-10-21 14:00:43	timgraham	2015-10-21 14:30:21	tests/gis_tests/gdal_tests/test_geom.py	True	True	True	True
5458	sir-sigurd	2015-10-21 14:00:43	timgraham	2015-10-21 14:30:21	django/contrib/gis/gdal/geometries.py	True	True	True	True
5457	sir-sigurd	2015-10-21 09:33:42	claudep	2015-10-21 18:33:52	docs/ref/contrib/gis/geos.txt	False	True	True	True
5457	sir-sigurd	2015-10-21 09:33:42	claudep	2015-10-21 18:29:37	django/contrib/gis/geos/geometry.py	False	True	True	True
5457	sir-sigurd	2015-10-21 09:33:42	claudep	2015-10-21 18:29:37	docs/ref/contrib/gis/geos.txt	False	True	True	True
5457	sir-sigurd	2015-10-21 09:33:42	claudep	2015-10-21 18:29:37	tests/gis_tests/geos_tests/test_geos.py	False	True	True	True
5457	sir-sigurd	2015-10-21 09:33:42	claudep	2015-10-21 18:33:52	django/contrib/gis/geos/geometry.py	False	True	True	True
5457	sir-sigurd	2015-10-21 09:33:42	claudep	2015-10-21 18:33:52	tests/gis_tests/geos_tests/test_geos.py	False	True	True	True
5457	sir-sigurd	2015-10-21 09:33:42	timgraham	2015-10-22 12:15:38	django/contrib/gis/geos/geometry.py	False	True	True	True
5457	sir-sigurd	2015-10-21 09:33:42	timgraham	2015-10-22 12:15:38	docs/ref/contrib/gis/geos.txt	False	True	True	True
5457	sir-sigurd	2015-10-21 09:33:42	timgraham	2015-10-22 12:15:38	tests/gis_tests/geos_tests/test_geos.py	False	True	True	True
5450	jbzdak	2015-10-20 17:34:04	timgraham	2015-10-20 18:13:48	docs/ref/templates/language.txt	True	True	True	True
5450	jbzdak	2015-10-20 17:34:04	timgraham	2015-10-20 18:13:48	docs/ref/templates/builtins.txt	True	True	True	True
5450	jbzdak	2015-10-20 17:34:04	timgraham	2015-10-20 18:14:52	docs/ref/templates/language.txt	True	True	True	True
5450	jbzdak	2015-10-20 17:34:04	timgraham	2015-10-20 18:14:52	docs/ref/templates/builtins.txt	True	True	True	True
5448	timgraham	2015-10-19 23:54:11	charettes	2015-10-20 00:09:54	tests/admin_filters/tests.py	True	False	True	True
5447	claudep	2015-10-19 19:49:31	timgraham	2015-10-20 23:54:55	tests/i18n/tests.py	True	False	True	True
5447	claudep	2015-10-19 19:49:31	timgraham	2015-10-20 23:54:55	django/utils/translation/__init__.py	True	False	True	True
5446	charettes	2015-10-19 18:20:25	timgraham	2015-10-19 21:27:13	tests/defer_regress/tests.py	True	True	True	True
5446	charettes	2015-10-19 18:20:25	timgraham	2015-10-19 21:27:13	django/db/models/query_utils.py	True	True	True	True
5446	charettes	2015-10-19 18:20:25	timgraham	2015-10-19 21:27:13	docs/releases/1.8.6.txt	True	True	True	True
5446	charettes	2015-10-19 18:20:25	timgraham	2015-10-19 21:27:14	docs/releases/1.8.6.txt	True	True	True	True
5446	charettes	2015-10-19 18:20:25	timgraham	2015-10-19 21:27:14	django/db/models/query_utils.py	True	True	True	True
5446	charettes	2015-10-19 18:20:25	timgraham	2015-10-19 21:27:14	tests/defer_regress/tests.py	True	True	True	True
5444	scop	2015-10-19 14:43:47	timgraham	2015-10-19 16:32:38	django/contrib/admin/templates/admin/popup_response.html	True	False	True	True
5443	Nepherhotep	2015-10-19 10:33:45	akaariai	2015-10-19 12:57:39	tests/lookup/tests.py	False	True	True	True
5443	Nepherhotep	2015-10-19 10:33:45	akaariai	2015-10-19 13:00:03	tests/lookup/tests.py	False	True	True	True
5443	Nepherhotep	2015-10-19 10:33:45	akaariai	2015-10-19 13:00:03	django/db/models/sql/query.py	False	True	True	True
5443	Nepherhotep	2015-10-19 10:33:45	akaariai	2015-10-19 13:00:03	django/db/models/expressions.py	True	True	True	True
5443	Nepherhotep	2015-10-19 10:33:45	akaariai	2015-10-19 13:00:03	django/db/models/lookups.py	True	True	True	True
5443	Nepherhotep	2015-10-19 10:33:45	akaariai	2015-10-19 13:00:03	django/db/models/query.py	True	True	True	True
5443	Nepherhotep	2015-10-19 10:33:45	akaariai	2015-10-19 13:00:03	django/db/models/query_utils.py	True	True	True	True
5443	Nepherhotep	2015-10-19 10:33:45	akaariai	2015-10-19 13:00:03	django/db/models/sql/query.py	True	True	True	True
5443	Nepherhotep	2015-10-19 10:33:45	akaariai	2015-10-19 13:00:03	tests/lookup/tests.py	True	True	True	True
5443	Nepherhotep	2015-10-19 10:33:45	akaariai	2015-10-19 12:57:39	django/db/models/expressions.py	True	True	True	True
5443	Nepherhotep	2015-10-19 10:33:45	akaariai	2015-10-19 12:57:39	django/db/models/lookups.py	True	True	True	True
5443	Nepherhotep	2015-10-19 10:33:45	akaariai	2015-10-19 12:57:39	django/db/models/query.py	True	True	True	True
5443	Nepherhotep	2015-10-19 10:33:45	akaariai	2015-10-19 12:57:39	django/db/models/query_utils.py	True	True	True	True
5443	Nepherhotep	2015-10-19 10:33:45	akaariai	2015-10-19 12:57:39	django/db/models/sql/query.py	True	True	True	True
5443	Nepherhotep	2015-10-19 10:33:45	akaariai	2015-10-19 12:57:39	tests/lookup/tests.py	True	True	True	True
5443	Nepherhotep	2015-10-19 10:33:45	akaariai	2015-10-19 12:57:39	django/db/models/sql/query.py	False	True	True	True
5435	charettes	2015-10-16 05:57:27	timgraham	2015-10-17 19:41:15	django/db/migrations/state.py	False	True	True	True
5435	charettes	2015-10-16 05:57:27	timgraham	2015-10-17 19:41:15	django/db/migrations/state.py	True	True	True	True
5435	charettes	2015-10-16 05:57:27	timgraham	2015-10-19 23:12:07	django/db/migrations/state.py	False	True	True	True
5435	charettes	2015-10-16 05:57:27	timgraham	2015-10-19 23:12:07	django/db/migrations/state.py	True	True	True	True
5435	charettes	2015-10-16 05:57:27	timgraham	2015-10-19 23:12:07	tests/migrations/test_state.py	True	True	True	True
5435	charettes	2015-10-16 05:57:27	timgraham	2015-10-19 23:30:11	django/db/migrations/state.py	False	True	True	True
5435	charettes	2015-10-16 05:57:27	timgraham	2015-10-17 19:41:15	tests/migrations/test_state.py	True	True	True	True
5435	charettes	2015-10-16 05:57:27	timgraham	2015-10-19 23:30:11	django/db/migrations/state.py	True	True	True	True
5435	charettes	2015-10-16 05:57:27	timgraham	2015-10-19 23:30:11	tests/migrations/test_state.py	True	True	True	True
5428	felixxm	2015-10-13 18:33:45	timgraham	2015-10-21 18:32:39	tests/dates/models.py	True	True	True	True
5428	felixxm	2015-10-13 18:33:45	timgraham	2015-10-21 18:33:58	tests/dates/tests.py	True	True	True	True
5428	felixxm	2015-10-13 18:33:45	timgraham	2015-10-21 18:33:58	tests/dates/models.py	True	True	True	True
5428	felixxm	2015-10-13 18:33:45	timgraham	2015-10-21 18:33:58	django/db/backends/mysql/operations.py	True	True	True	True
5428	felixxm	2015-10-13 18:33:45	timgraham	2015-10-21 18:32:39	tests/dates/tests.py	True	True	True	True
5428	felixxm	2015-10-13 18:33:45	timgraham	2015-10-21 18:35:10	tests/dates/models.py	True	True	True	True
5428	felixxm	2015-10-13 18:33:45	timgraham	2015-10-21 18:32:39	django/db/backends/mysql/operations.py	True	True	True	True
5428	felixxm	2015-10-13 18:33:45	charettes	2015-10-20 00:28:45	tests/dates/tests.py	True	True	True	True
5428	felixxm	2015-10-13 18:33:45	charettes	2015-10-20 00:28:45	tests/dates/models.py	True	True	True	True
5428	felixxm	2015-10-13 18:33:45	charettes	2015-10-20 00:28:45	django/db/backends/mysql/operations.py	True	True	True	True
5428	felixxm	2015-10-13 18:33:45	timgraham	2015-10-21 18:35:10	django/db/backends/mysql/operations.py	True	True	True	True
5428	felixxm	2015-10-13 18:33:45	timgraham	2015-10-21 18:33:51	tests/dates/tests.py	True	True	True	True
5428	felixxm	2015-10-13 18:33:45	timgraham	2015-10-21 18:35:10	tests/dates/tests.py	True	True	True	True
5428	felixxm	2015-10-13 18:33:45	timgraham	2015-10-21 18:33:51	tests/dates/models.py	True	True	True	True
5428	felixxm	2015-10-13 18:33:45	charettes	2015-10-21 18:35:07	django/db/backends/mysql/operations.py	True	True	True	True
5428	felixxm	2015-10-13 18:33:45	timgraham	2015-10-21 18:32:38	tests/dates/models.py	True	True	True	True
5428	felixxm	2015-10-13 18:33:45	timgraham	2015-10-21 18:32:38	django/db/backends/mysql/operations.py	True	True	True	True
5428	felixxm	2015-10-13 18:33:45	timgraham	2015-10-21 18:32:38	tests/dates/tests.py	True	True	True	True
5428	felixxm	2015-10-13 18:33:45	timgraham	2015-10-21 18:33:51	django/db/backends/mysql/operations.py	True	True	True	True
5428	felixxm	2015-10-13 18:33:45	charettes	2015-10-21 18:35:07	tests/dates/tests.py	True	True	True	True
5428	felixxm	2015-10-13 18:33:45	charettes	2015-10-21 18:35:07	tests/dates/models.py	True	True	True	True
5425	ymyzk	2015-10-12 06:52:59	timgraham	2015-10-13 13:40:02	tests/staticfiles_tests/test_management.py	True	True	True	True
5425	ymyzk	2015-10-12 06:52:59	timgraham	2015-10-13 13:40:02	django/contrib/staticfiles/management/commands/collectstatic.py	True	True	True	True
5425	ymyzk	2015-10-12 06:52:59	timgraham	2015-10-13 13:43:30	tests/staticfiles_tests/test_management.py	True	True	True	True
5425	ymyzk	2015-10-12 06:52:59	timgraham	2015-10-13 13:43:30	django/contrib/staticfiles/management/commands/collectstatic.py	True	True	True	True
5425	ymyzk	2015-10-12 06:52:59	timgraham	2015-10-13 13:40:48	tests/staticfiles_tests/test_management.py	True	True	True	True
5425	ymyzk	2015-10-12 06:52:59	timgraham	2015-10-13 13:40:48	django/contrib/staticfiles/management/commands/collectstatic.py	True	True	True	True
5424	darjeeling	2015-10-12 06:06:53	Stranger6667	2015-11-07 11:12:08	django/forms/fields.py	False	True	True	True
5424	darjeeling	2015-10-12 06:06:53	Stranger6667	2015-11-07 11:12:08	django/utils/ipv4.py	False	True	True	True
5424	darjeeling	2015-10-12 06:06:53	Stranger6667	2015-11-07 11:12:08	tests/model_fields/tests.py	False	True	True	True
5424	darjeeling	2015-10-12 06:06:53	Stranger6667	2015-11-07 11:12:08	tests/utils_tests/test_ipv4.py	False	True	True	True
5424	darjeeling	2015-10-12 06:06:53	frankvdp	2015-11-16 14:44:49	django/forms/fields.py	False	True	True	True
5424	darjeeling	2015-10-12 06:06:53	frankvdp	2015-11-16 14:44:49	django/utils/ipv4.py	False	True	True	True
5424	darjeeling	2015-10-12 06:06:53	frankvdp	2015-11-16 14:44:49	tests/utils_tests/test_ipv4.py	False	True	True	True
5424	darjeeling	2015-10-12 06:06:53	frankvdp	2015-11-16 14:44:49	tests/model_fields/tests.py	False	True	True	True
5423	claudep	2015-10-11 10:06:47	timgraham	2015-10-12 09:38:22	docs/ref/contrib/gis/geos.txt	True	False	True	True
5423	claudep	2015-10-11 10:06:47	timgraham	2015-10-12 09:38:22	docs/ref/contrib/gis/functions.txt	True	False	True	True
5422	claudep	2015-10-10 17:48:18	timgraham	2015-10-12 10:13:04	tests/gis_tests/distapp/tests.py	True	True	True	True
5422	claudep	2015-10-10 17:48:18	timgraham	2015-10-12 10:13:04	django/contrib/gis/db/models/functions.py	True	True	True	True
5421	timgraham	2015-10-10 01:12:45	claudep	2015-10-10 12:57:15	tests/admin_changelist/admin.py	True	True	True	True
5421	timgraham	2015-10-10 01:12:45	claudep	2015-10-10 12:57:15	django/contrib/gis/db/models/query.py	True	True	True	True
5421	timgraham	2015-10-10 01:12:45	claudep	2015-10-10 12:57:15	django/db/models/sql/compiler.py	True	True	True	True
5421	timgraham	2015-10-10 01:12:45	claudep	2015-10-10 12:57:15	docs/releases/1.10.txt	True	True	True	True
5421	timgraham	2015-10-10 01:12:45	claudep	2015-10-10 12:57:15	tests/gis_tests/relatedapp/tests.py	True	True	True	True
5421	timgraham	2015-10-10 01:12:45	claudep	2015-10-10 12:57:15	tests/admin_changelist/tests.py	True	True	True	True
5421	timgraham	2015-10-10 01:12:45	claudep	2015-10-10 12:57:15	tests/select_related/tests.py	True	True	True	True
5419	acatton	2015-10-09 16:57:15	charettes	2015-10-09 17:09:19	django/db/models/fields/related.py	True	True	True	True
5419	acatton	2015-10-09 16:57:15	charettes	2015-10-09 17:10:09	django/db/models/fields/related.py	True	True	True	True
5419	acatton	2015-10-09 16:57:15	charettes	2015-10-09 17:10:09	tests/foreign_object/tests.py	True	True	True	True
5419	acatton	2015-10-09 16:57:15	charettes	2015-10-09 17:10:09	tests/invalid_models_tests/test_relative_fields.py	True	True	True	True
5419	acatton	2015-10-09 16:57:15	charettes	2015-10-09 17:09:19	tests/invalid_models_tests/test_relative_fields.py	True	True	True	True
5419	acatton	2015-10-09 16:57:15	charettes	2015-10-09 17:08:06	tests/invalid_models_tests/test_relative_fields.py	True	True	True	True
5419	acatton	2015-10-09 16:57:15	charettes	2015-10-09 17:09:19	tests/foreign_object/tests.py	True	True	True	True
5419	acatton	2015-10-09 16:57:15	charettes	2015-10-09 17:08:06	tests/foreign_object/tests.py	True	True	True	True
5419	acatton	2015-10-09 16:57:15	charettes	2015-10-09 17:08:06	django/db/models/fields/related.py	True	True	True	True
5418	claudep	2015-10-09 15:16:35	timgraham	2015-10-09 18:23:51	docs/ref/contrib/gis/geoquerysets.txt	True	False	True	True
5416	dudepare	2015-10-09 01:25:47	timgraham	2015-10-09 01:33:10	tests/cache/models.py	True	True	True	True
5416	dudepare	2015-10-09 01:25:47	timgraham	2015-10-09 01:33:10	tests/cache/tests.py	True	True	True	True
5416	dudepare	2015-10-09 01:25:47	timgraham	2015-10-09 01:33:10	django/core/cache/backends/filebased.py	True	True	True	True
5416	dudepare	2015-10-09 01:25:47	timgraham	2015-10-09 01:34:33	tests/cache/models.py	True	True	True	True
5416	dudepare	2015-10-09 01:25:47	timgraham	2015-10-09 01:34:33	tests/cache/tests.py	True	True	True	True
5416	dudepare	2015-10-09 01:25:47	timgraham	2015-10-09 01:34:33	django/core/cache/backends/filebased.py	True	True	True	True
5412	timgraham	2015-10-08 13:19:02	charettes	2015-10-08 16:06:00	tests/generic_relations/models.py	True	False	True	True
5412	timgraham	2015-10-08 13:19:02	charettes	2015-10-08 16:06:00	tests/generic_relations/tests.py	True	False	True	True
5409	claudep	2015-10-07 13:11:45	timgraham	2015-10-07 15:55:16	django/contrib/gis/db/models/lookups.py	True	True	True	True
5409	claudep	2015-10-07 13:11:45	timgraham	2015-10-07 15:55:54	docs/releases/1.10.txt	True	True	True	True
5409	claudep	2015-10-07 13:11:45	timgraham	2015-10-07 15:55:54	docs/ref/contrib/gis/geoquerysets.txt	True	True	True	True
5409	claudep	2015-10-07 13:11:45	timgraham	2015-10-07 15:55:54	django/contrib/gis/db/models/lookups.py	True	True	True	True
5409	claudep	2015-10-07 13:11:45	timgraham	2015-10-07 15:55:54	tests/gis_tests/distapp/models.py	True	True	True	True
5409	claudep	2015-10-07 13:11:45	timgraham	2015-10-07 15:55:54	django/contrib/gis/db/backends/postgis/operations.py	True	True	True	True
5409	claudep	2015-10-07 13:11:45	timgraham	2015-10-07 15:55:54	django/contrib/gis/db/backends/oracle/operations.py	True	True	True	True
5409	claudep	2015-10-07 13:11:45	timgraham	2015-10-07 15:55:16	tests/gis_tests/distapp/tests.py	True	True	True	True
5409	claudep	2015-10-07 13:11:45	timgraham	2015-10-07 15:55:16	tests/gis_tests/distapp/models.py	True	True	True	True
5409	claudep	2015-10-07 13:11:45	timgraham	2015-10-07 15:55:16	docs/releases/1.10.txt	True	True	True	True
5409	claudep	2015-10-07 13:11:45	timgraham	2015-10-07 15:55:16	docs/ref/contrib/gis/geoquerysets.txt	True	True	True	True
5409	claudep	2015-10-07 13:11:45	timgraham	2015-10-07 15:47:54	tests/gis_tests/distapp/models.py	True	True	True	True
5409	claudep	2015-10-07 13:11:45	timgraham	2015-10-07 15:55:16	django/contrib/gis/db/backends/spatialite/operations.py	True	True	True	True
5409	claudep	2015-10-07 13:11:45	timgraham	2015-10-07 15:55:16	django/contrib/gis/db/backends/postgis/operations.py	True	True	True	True
5409	claudep	2015-10-07 13:11:45	timgraham	2015-10-07 15:55:16	django/contrib/gis/db/backends/oracle/operations.py	True	True	True	True
5409	claudep	2015-10-07 13:11:45	timgraham	2015-10-07 15:47:54	tests/gis_tests/distapp/tests.py	True	True	True	True
5409	claudep	2015-10-07 13:11:45	timgraham	2015-10-07 15:49:53	django/contrib/gis/db/backends/oracle/operations.py	True	True	True	True
5409	claudep	2015-10-07 13:11:45	timgraham	2015-10-07 15:47:54	docs/releases/1.10.txt	True	True	True	True
5409	claudep	2015-10-07 13:11:45	timgraham	2015-10-07 15:47:54	docs/ref/contrib/gis/geoquerysets.txt	True	True	True	True
5409	claudep	2015-10-07 13:11:45	timgraham	2015-10-07 15:47:54	django/contrib/gis/db/models/lookups.py	True	True	True	True
5409	claudep	2015-10-07 13:11:45	timgraham	2015-10-07 15:47:54	django/contrib/gis/db/backends/spatialite/operations.py	True	True	True	True
5409	claudep	2015-10-07 13:11:45	timgraham	2015-10-07 15:47:54	django/contrib/gis/db/backends/postgis/operations.py	True	True	True	True
5409	claudep	2015-10-07 13:11:45	timgraham	2015-10-07 15:47:54	django/contrib/gis/db/backends/oracle/operations.py	True	True	True	True
5409	claudep	2015-10-07 13:11:45	timgraham	2015-10-07 15:55:54	tests/gis_tests/distapp/tests.py	True	True	True	True
5409	claudep	2015-10-07 13:11:45	timgraham	2015-10-07 15:55:54	django/contrib/gis/db/backends/spatialite/operations.py	True	True	True	True
5409	claudep	2015-10-07 13:11:45	timgraham	2015-10-07 15:49:53	django/contrib/gis/db/backends/postgis/operations.py	True	True	True	True
5409	claudep	2015-10-07 13:11:45	timgraham	2015-10-07 15:51:31	docs/releases/1.10.txt	True	True	True	True
5409	claudep	2015-10-07 13:11:45	timgraham	2015-10-07 15:49:53	django/contrib/gis/db/backends/spatialite/operations.py	True	True	True	True
5409	claudep	2015-10-07 13:11:45	timgraham	2015-10-07 15:53:07	tests/gis_tests/distapp/models.py	True	True	True	True
5409	claudep	2015-10-07 13:11:45	timgraham	2015-10-07 15:53:07	docs/releases/1.10.txt	True	True	True	True
5409	claudep	2015-10-07 13:11:45	timgraham	2015-10-07 15:53:07	docs/ref/contrib/gis/geoquerysets.txt	True	True	True	True
5409	claudep	2015-10-07 13:11:45	timgraham	2015-10-07 15:53:07	django/contrib/gis/db/models/lookups.py	True	True	True	True
5409	claudep	2015-10-07 13:11:45	timgraham	2015-10-07 15:53:07	django/contrib/gis/db/backends/spatialite/operations.py	True	True	True	True
5409	claudep	2015-10-07 13:11:45	timgraham	2015-10-07 15:53:07	django/contrib/gis/db/backends/postgis/operations.py	True	True	True	True
5409	claudep	2015-10-07 13:11:45	timgraham	2015-10-07 15:53:07	django/contrib/gis/db/backends/oracle/operations.py	True	True	True	True
5409	claudep	2015-10-07 13:11:45	timgraham	2015-10-07 15:51:31	tests/gis_tests/distapp/tests.py	True	True	True	True
5409	claudep	2015-10-07 13:11:45	timgraham	2015-10-07 15:51:31	tests/gis_tests/distapp/models.py	True	True	True	True
5409	claudep	2015-10-07 13:11:45	timgraham	2015-10-07 15:53:07	tests/gis_tests/distapp/tests.py	True	True	True	True
5409	claudep	2015-10-07 13:11:45	timgraham	2015-10-07 15:51:31	docs/ref/contrib/gis/geoquerysets.txt	True	True	True	True
5409	claudep	2015-10-07 13:11:45	timgraham	2015-10-07 15:51:31	django/contrib/gis/db/models/lookups.py	True	True	True	True
5409	claudep	2015-10-07 13:11:45	timgraham	2015-10-07 15:51:31	django/contrib/gis/db/backends/spatialite/operations.py	True	True	True	True
5409	claudep	2015-10-07 13:11:45	timgraham	2015-10-07 15:51:31	django/contrib/gis/db/backends/postgis/operations.py	True	True	True	True
5409	claudep	2015-10-07 13:11:45	timgraham	2015-10-07 15:51:31	django/contrib/gis/db/backends/oracle/operations.py	True	True	True	True
5409	claudep	2015-10-07 13:11:45	timgraham	2015-10-07 15:49:53	tests/gis_tests/distapp/tests.py	True	True	True	True
5409	claudep	2015-10-07 13:11:45	timgraham	2015-10-07 15:49:53	tests/gis_tests/distapp/models.py	True	True	True	True
5409	claudep	2015-10-07 13:11:45	timgraham	2015-10-07 15:49:53	docs/releases/1.10.txt	True	True	True	True
5409	claudep	2015-10-07 13:11:45	timgraham	2015-10-07 15:49:53	docs/ref/contrib/gis/geoquerysets.txt	True	True	True	True
5409	claudep	2015-10-07 13:11:45	timgraham	2015-10-07 15:49:53	django/contrib/gis/db/models/lookups.py	True	True	True	True
5407	claudep	2015-10-07 08:47:31	timgraham	2015-10-07 12:04:43	docs/topics/i18n/translation.txt	True	False	True	True
5407	claudep	2015-10-07 08:47:31	timgraham	2015-10-07 12:04:43	docs/ref/utils.txt	True	False	True	True
5402	aaugustin	2015-10-06 19:27:00	claudep	2015-10-15 21:00:25	docs/releases/1.8.6.txt	False	True	True	True
5402	aaugustin	2015-10-06 19:27:00	claudep	2015-10-15 21:00:25	django/core/management/__init__.py	False	True	True	True
5400	felixxm	2015-10-06 04:36:09	coldmind	2015-10-06 08:26:48	tests/invalid_models_tests/test_relative_fields.py	False	True	True	True
5400	felixxm	2015-10-06 04:36:09	coldmind	2015-10-06 08:26:48	django/db/models/fields/related.py	False	True	True	True
5400	felixxm	2015-10-06 04:36:09	coldmind	2015-10-06 08:26:48	django/db/models/fields/related.py	True	True	True	True
5400	felixxm	2015-10-06 04:36:09	coldmind	2015-10-06 08:26:48	AUTHORS	True	True	True	True
5400	felixxm	2015-10-06 04:36:09	coldmind	2015-10-06 08:29:56	django/db/models/fields/related.py	True	True	True	True
5400	felixxm	2015-10-06 04:36:09	coldmind	2015-10-06 08:29:56	django/db/models/fields/related.py	False	True	True	True
5400	felixxm	2015-10-06 04:36:09	coldmind	2015-10-06 08:29:56	tests/invalid_models_tests/test_relative_fields.py	False	True	True	True
5400	felixxm	2015-10-06 04:36:09	coldmind	2015-10-06 08:29:56	AUTHORS	True	True	True	True
5396	acatton	2015-10-05 20:17:40	akaariai	2015-10-06 04:56:18	tests/expressions/tests.py	True	True	True	True
5396	acatton	2015-10-05 20:17:40	akaariai	2015-10-06 04:56:18	django/db/models/lookups.py	True	True	True	True
5391	jdufresne	2015-10-04 18:19:21	charettes	2015-10-04 18:24:55	tests/check_framework/tests.py	True	True	True	True
5391	jdufresne	2015-10-04 18:19:21	charettes	2015-10-04 18:24:55	docs/releases/1.10.txt	True	True	True	True
5391	jdufresne	2015-10-04 18:19:21	charettes	2015-10-04 18:24:55	docs/ref/django-admin.txt	True	True	True	True
5391	jdufresne	2015-10-04 18:19:21	charettes	2015-10-04 18:24:55	django/core/management/commands/check.py	True	True	True	True
5391	jdufresne	2015-10-04 18:19:21	charettes	2015-10-04 18:24:55	django/core/management/base.py	True	True	True	True
5391	jdufresne	2015-10-04 18:19:21	charettes	2015-10-04 18:24:55	django/core/checks/messages.py	True	True	True	True
5389	claudep	2015-10-03 10:05:53	timgraham	2015-10-03 12:56:13	js_tests/gis/mapwidget.test.js	True	True	True	True
5389	claudep	2015-10-03 10:05:53	timgraham	2015-10-03 12:56:13	js_tests/gis/mapwidget.test.js	False	True	True	True
5389	claudep	2015-10-03 10:05:53	timgraham	2015-10-03 12:56:13	js_tests/tests.html	True	True	True	True
5389	claudep	2015-10-03 10:05:53	timgraham	2015-10-03 12:56:13	package.json	False	True	True	True
5389	claudep	2015-10-03 10:05:53	treyhunner	2015-10-04 19:09:19	package.json	False	True	True	True
5389	claudep	2015-10-03 10:05:53	timgraham	2015-10-03 12:56:45	js_tests/tests.html	True	True	True	True
5389	claudep	2015-10-03 10:05:53	timgraham	2015-10-03 12:56:45	js_tests/gis/mapwidget.test.js	True	True	True	True
5389	claudep	2015-10-03 10:05:53	timgraham	2015-10-03 12:56:45	package.json	False	True	True	True
5389	claudep	2015-10-03 10:05:53	timgraham	2015-10-03 12:56:45	js_tests/gis/mapwidget.test.js	False	True	True	True
5389	claudep	2015-10-03 10:05:53	treyhunner	2015-10-04 19:09:19	js_tests/gis/mapwidget.test.js	False	True	True	True
5389	claudep	2015-10-03 10:05:53	treyhunner	2015-10-04 19:14:43	js_tests/gis/mapwidget.test.js	False	True	True	True
5389	claudep	2015-10-03 10:05:53	treyhunner	2015-10-04 19:09:19	js_tests/gis/mapwidget.test.js	True	True	True	True
5389	claudep	2015-10-03 10:05:53	treyhunner	2015-10-04 19:09:19	js_tests/tests.html	True	True	True	True
5389	claudep	2015-10-03 10:05:53	treyhunner	2015-10-04 19:14:43	package.json	False	True	True	True
5389	claudep	2015-10-03 10:05:53	treyhunner	2015-10-04 19:14:43	js_tests/gis/mapwidget.test.js	True	True	True	True
5389	claudep	2015-10-03 10:05:53	treyhunner	2015-10-04 19:14:43	js_tests/tests.html	True	True	True	True
5389	claudep	2015-10-03 10:05:53	timgraham	2015-10-03 12:59:52	js_tests/gis/mapwidget.test.js	False	True	True	True
5389	claudep	2015-10-03 10:05:53	timgraham	2015-10-03 12:59:52	package.json	False	True	True	True
5389	claudep	2015-10-03 10:05:53	timgraham	2015-10-03 12:59:52	js_tests/gis/mapwidget.test.js	True	True	True	True
5389	claudep	2015-10-03 10:05:53	timgraham	2015-10-03 12:59:52	js_tests/tests.html	True	True	True	True
5388	claudep	2015-10-03 08:02:37	timgraham	2015-10-03 12:36:44	tests/user_commands/tests.py	True	False	True	True
5388	claudep	2015-10-03 08:02:37	timgraham	2015-10-03 12:36:44	tests/user_commands/management/commands/dance.py	True	False	True	True
5388	claudep	2015-10-03 08:02:37	timgraham	2015-10-03 12:36:44	django/core/management/__init__.py	True	False	True	True
5382	timgraham	2015-10-02 14:53:00	charettes	2016-09-05 19:15:41	django/contrib/contenttypes/models.py	True	True	True	True
5382	timgraham	2015-10-02 14:53:00	charettes	2016-09-05 19:15:41	django/contrib/contenttypes/management/__init__.py	True	True	True	True
5382	timgraham	2015-10-02 14:53:00	charettes	2016-09-05 19:15:41	django/contrib/contenttypes/management/commands/__init__.py	True	True	True	True
5382	timgraham	2015-10-02 14:53:00	charettes	2016-09-05 19:15:41	django/contrib/contenttypes/management/commands/remove_stale_contenttypes.py	True	True	True	True
5382	timgraham	2015-10-02 14:53:00	charettes	2016-09-05 19:15:41	django/contrib/contenttypes/apps.py	True	True	True	True
5382	timgraham	2015-10-02 14:53:00	charettes	2016-09-05 19:15:41	docs/ref/django-admin.txt	True	True	True	True
5382	timgraham	2015-10-02 14:53:00	charettes	2016-09-05 19:15:41	tests/contenttypes_tests/tests.py	True	True	True	True
5382	timgraham	2015-10-02 14:53:00	charettes	2016-09-05 19:15:41	docs/releases/1.11.txt	True	True	True	True
5381	jonaldomo	2015-10-02 14:45:14	timgraham	2015-10-02 19:39:05	tests/view_tests/tests/test_debug.py	True	True	True	True
5381	jonaldomo	2015-10-02 14:45:14	timgraham	2015-10-02 19:41:06	django/views/debug.py	True	True	True	True
5381	jonaldomo	2015-10-02 14:45:14	timgraham	2015-10-02 19:41:06	docs/releases/1.10.txt	True	True	True	True
5381	jonaldomo	2015-10-02 14:45:14	timgraham	2015-10-02 19:41:06	tests/view_tests/tests/test_debug.py	True	True	True	True
5381	jonaldomo	2015-10-02 14:45:14	timgraham	2015-10-03 13:29:04	django/views/debug.py	True	True	True	True
5381	jonaldomo	2015-10-02 14:45:14	timgraham	2015-10-03 13:29:04	docs/releases/1.10.txt	True	True	True	True
5381	jonaldomo	2015-10-02 14:45:14	timgraham	2015-10-03 13:29:04	tests/view_tests/tests/test_debug.py	True	True	True	True
5381	jonaldomo	2015-10-02 14:45:14	timgraham	2015-10-02 19:39:05	django/views/debug.py	True	True	True	True
5381	jonaldomo	2015-10-02 14:45:14	timgraham	2015-10-02 19:39:05	docs/releases/1.10.txt	True	True	True	True
5381	jonaldomo	2015-10-02 14:45:14	timgraham	2015-10-02 14:57:39	docs/releases/1.10.txt	True	True	True	True
5381	jonaldomo	2015-10-02 14:45:14	timgraham	2015-10-02 14:57:39	django/views/debug.py	True	True	True	True
5381	jonaldomo	2015-10-02 14:45:14	timgraham	2015-10-02 14:57:39	tests/view_tests/tests/test_debug.py	True	True	True	True
5381	jonaldomo	2015-10-02 14:45:14	timgraham	2015-10-02 19:42:41	django/views/debug.py	True	True	True	True
5381	jonaldomo	2015-10-02 14:45:14	timgraham	2015-10-02 19:42:41	docs/releases/1.10.txt	True	True	True	True
5381	jonaldomo	2015-10-02 14:45:14	timgraham	2015-10-02 19:42:41	tests/view_tests/tests/test_debug.py	True	True	True	True
5381	jonaldomo	2015-10-02 14:45:14	timgraham	2015-10-03 13:29:31	django/views/debug.py	True	True	True	True
5381	jonaldomo	2015-10-02 14:45:14	timgraham	2015-10-03 13:29:31	docs/releases/1.10.txt	True	True	True	True
5381	jonaldomo	2015-10-02 14:45:14	timgraham	2015-10-03 13:29:31	tests/view_tests/tests/test_debug.py	True	True	True	True
5379	belak	2015-10-01 20:03:03	timgraham	2015-10-01 22:49:46	tests/auth_tests/test_views.py	False	True	True	True
5379	belak	2015-10-01 20:03:03	timgraham	2015-10-01 22:51:00	django/contrib/auth/views.py	True	True	True	True
5379	belak	2015-10-01 20:03:03	timgraham	2015-10-01 22:51:00	tests/auth_tests/test_views.py	False	True	True	True
5379	belak	2015-10-01 20:03:03	timgraham	2015-10-01 22:49:46	django/contrib/auth/views.py	True	True	True	True
5378	charettes	2015-10-01 18:59:59	timgraham	2015-10-12 10:36:48	tests/model_meta/results.py	True	True	True	True
5378	charettes	2015-10-01 18:59:59	timgraham	2015-10-12 10:36:48	tests/model_meta/tests.py	False	True	True	True
5378	charettes	2015-10-01 18:59:59	timgraham	2015-10-12 10:36:48	tests/proxy_model_inheritance/models.py	False	True	True	True
5378	charettes	2015-10-01 18:59:59	timgraham	2015-10-12 10:36:48	tests/proxy_model_inheritance/tests.py	False	True	True	True
5378	charettes	2015-10-01 18:59:59	timgraham	2015-10-12 10:36:48	django/db/models/fields/related.py	True	True	True	True
5378	charettes	2015-10-01 18:59:59	timgraham	2015-10-12 10:36:48	django/db/models/fields/related_descriptors.py	True	True	True	True
5378	charettes	2015-10-01 18:59:59	timgraham	2015-10-12 10:36:48	django/db/models/options.py	True	True	True	True
5378	charettes	2015-10-01 18:59:59	timgraham	2015-10-12 10:36:48	docs/releases/1.10.txt	True	True	True	True
5378	charettes	2015-10-01 18:59:59	timgraham	2015-10-12 10:36:48	tests/model_meta/models.py	True	True	True	True
5378	charettes	2015-10-01 18:59:59	timgraham	2015-10-12 10:36:48	tests/proxy_models/models.py	True	True	True	True
5378	charettes	2015-10-01 18:59:59	timgraham	2015-10-12 10:36:48	tests/model_meta/models.py	False	True	True	True
5378	charettes	2015-10-01 18:59:59	timgraham	2015-10-12 10:36:48	tests/proxy_models/tests.py	True	True	True	True
5378	charettes	2015-10-01 18:59:59	timgraham	2015-10-12 10:35:56	django/db/models/base.py	False	True	True	True
5378	charettes	2015-10-01 18:59:59	timgraham	2015-10-12 10:35:56	django/db/models/options.py	False	True	True	True
5378	charettes	2015-10-01 18:59:59	akaariai	2015-10-09 05:48:14	django/db/models/base.py	False	True	True	True
5378	charettes	2015-10-01 18:59:59	timgraham	2015-10-12 10:35:56	docs/releases/1.10.txt	False	True	True	True
5378	charettes	2015-10-01 18:59:59	timgraham	2015-10-12 10:35:56	tests/model_meta/models.py	False	True	True	True
5378	charettes	2015-10-01 18:59:59	timgraham	2015-10-12 10:35:56	tests/model_meta/results.py	False	True	True	True
5378	charettes	2015-10-01 18:59:59	timgraham	2015-10-12 10:35:56	tests/model_meta/tests.py	False	True	True	True
5378	charettes	2015-10-01 18:59:59	timgraham	2015-10-12 10:36:48	tests/model_meta/results.py	False	True	True	True
5378	charettes	2015-10-01 18:59:59	timgraham	2015-10-12 10:36:48	docs/releases/1.10.txt	False	True	True	True
5378	charettes	2015-10-01 18:59:59	timgraham	2015-10-12 10:35:56	tests/proxy_model_inheritance/tests.py	False	True	True	True
5378	charettes	2015-10-01 18:59:59	akaariai	2015-10-09 05:48:14	django/db/models/fields/related.py	True	True	True	True
5378	charettes	2015-10-01 18:59:59	akaariai	2015-10-09 05:48:14	django/db/models/options.py	False	True	True	True
5378	charettes	2015-10-01 18:59:59	akaariai	2015-10-09 05:48:14	django/db/models/deletion.py	False	True	True	True
5378	charettes	2015-10-01 18:59:59	akaariai	2015-10-09 05:48:14	docs/releases/1.10.txt	False	True	True	True
5378	charettes	2015-10-01 18:59:59	akaariai	2015-10-09 05:48:14	tests/model_meta/models.py	False	True	True	True
5378	charettes	2015-10-01 18:59:59	akaariai	2015-10-09 05:48:14	tests/model_meta/results.py	False	True	True	True
5378	charettes	2015-10-01 18:59:59	akaariai	2015-10-09 05:48:14	tests/model_meta/tests.py	False	True	True	True
5378	charettes	2015-10-01 18:59:59	akaariai	2015-10-09 05:48:14	tests/proxy_model_inheritance/models.py	False	True	True	True
5378	charettes	2015-10-01 18:59:59	akaariai	2015-10-09 05:48:14	tests/proxy_model_inheritance/tests.py	False	True	True	True
5378	charettes	2015-10-01 18:59:59	akaariai	2015-10-09 05:48:14	django/db/models/fields/related_descriptors.py	True	True	True	True
5378	charettes	2015-10-01 18:59:59	timgraham	2015-10-12 10:36:48	django/db/models/deletion.py	False	True	True	True
5378	charettes	2015-10-01 18:59:59	akaariai	2015-10-09 05:48:14	django/db/models/options.py	True	True	True	True
5378	charettes	2015-10-01 18:59:59	akaariai	2015-10-09 05:48:14	docs/releases/1.10.txt	True	True	True	True
5378	charettes	2015-10-01 18:59:59	akaariai	2015-10-09 05:48:14	tests/model_meta/models.py	True	True	True	True
5378	charettes	2015-10-01 18:59:59	akaariai	2015-10-09 05:48:14	tests/model_meta/results.py	True	True	True	True
5378	charettes	2015-10-01 18:59:59	akaariai	2015-10-09 05:48:14	tests/proxy_models/models.py	True	True	True	True
5378	charettes	2015-10-01 18:59:59	akaariai	2015-10-09 05:48:14	tests/proxy_models/tests.py	True	True	True	True
5378	charettes	2015-10-01 18:59:59	timgraham	2015-10-12 10:36:48	django/db/models/base.py	False	True	True	True
5378	charettes	2015-10-01 18:59:59	timgraham	2015-10-12 10:36:48	django/db/models/options.py	False	True	True	True
5378	charettes	2015-10-01 18:59:59	timgraham	2015-10-12 10:35:56	tests/proxy_model_inheritance/models.py	False	True	True	True
5378	charettes	2015-10-01 18:59:59	timgraham	2015-10-12 10:35:56	django/db/models/deletion.py	False	True	True	True
5378	charettes	2015-10-01 18:59:59	timgraham	2015-10-12 10:35:56	django/db/models/fields/related.py	True	True	True	True
5378	charettes	2015-10-01 18:59:59	timgraham	2015-10-12 10:28:13	tests/proxy_model_inheritance/models.py	False	True	True	True
5378	charettes	2015-10-01 18:59:59	timgraham	2015-10-12 10:35:57	tests/proxy_models/models.py	True	True	True	True
5378	charettes	2015-10-01 18:59:59	timgraham	2015-10-12 10:28:13	django/db/models/base.py	False	True	True	True
5378	charettes	2015-10-01 18:59:59	timgraham	2015-10-12 10:28:13	django/db/models/options.py	False	True	True	True
5378	charettes	2015-10-01 18:59:59	timgraham	2015-10-12 10:28:13	django/db/models/deletion.py	False	True	True	True
5378	charettes	2015-10-01 18:59:59	timgraham	2015-10-12 10:28:13	docs/releases/1.10.txt	False	True	True	True
5378	charettes	2015-10-01 18:59:59	timgraham	2015-10-12 10:28:13	tests/model_meta/models.py	False	True	True	True
5378	charettes	2015-10-01 18:59:59	timgraham	2015-10-12 10:28:13	tests/model_meta/results.py	False	True	True	True
5378	charettes	2015-10-01 18:59:59	timgraham	2015-10-12 10:28:13	tests/model_meta/tests.py	False	True	True	True
5378	charettes	2015-10-01 18:59:59	timgraham	2015-10-12 10:28:13	tests/proxy_model_inheritance/tests.py	False	True	True	True
5378	charettes	2015-10-01 18:59:59	timgraham	2015-10-12 10:35:57	tests/model_meta/models.py	True	True	True	True
5378	charettes	2015-10-01 18:59:59	timgraham	2015-10-12 10:28:13	django/db/models/fields/related.py	True	True	True	True
5378	charettes	2015-10-01 18:59:59	timgraham	2015-10-12 10:28:13	django/db/models/fields/related_descriptors.py	True	True	True	True
5378	charettes	2015-10-01 18:59:59	timgraham	2015-10-12 10:28:13	django/db/models/options.py	True	True	True	True
5378	charettes	2015-10-01 18:59:59	timgraham	2015-10-12 10:28:13	docs/releases/1.10.txt	True	True	True	True
5378	charettes	2015-10-01 18:59:59	timgraham	2015-10-12 10:28:13	tests/model_meta/models.py	True	True	True	True
5378	charettes	2015-10-01 18:59:59	timgraham	2015-10-12 10:28:13	tests/model_meta/results.py	True	True	True	True
5378	charettes	2015-10-01 18:59:59	timgraham	2015-10-12 10:28:13	tests/proxy_models/models.py	True	True	True	True
5378	charettes	2015-10-01 18:59:59	timgraham	2015-10-12 10:28:13	tests/proxy_models/tests.py	True	True	True	True
5378	charettes	2015-10-01 18:59:59	timgraham	2015-10-12 10:35:57	tests/model_meta/results.py	True	True	True	True
5378	charettes	2015-10-01 18:59:59	timgraham	2015-10-12 10:35:57	tests/proxy_models/tests.py	True	True	True	True
5378	charettes	2015-10-01 18:59:59	timgraham	2015-10-12 10:35:57	docs/releases/1.10.txt	True	True	True	True
5378	charettes	2015-10-01 18:59:59	timgraham	2015-10-12 10:35:57	django/db/models/deletion.py	False	True	True	True
5378	charettes	2015-10-01 18:59:59	timgraham	2015-10-12 10:35:56	django/db/models/options.py	True	True	True	True
5378	charettes	2015-10-01 18:59:59	timgraham	2015-10-12 10:35:56	docs/releases/1.10.txt	True	True	True	True
5378	charettes	2015-10-01 18:59:59	timgraham	2015-10-12 10:35:56	tests/model_meta/models.py	True	True	True	True
5378	charettes	2015-10-01 18:59:59	timgraham	2015-10-12 10:35:56	tests/model_meta/results.py	True	True	True	True
5378	charettes	2015-10-01 18:59:59	timgraham	2015-10-12 10:35:56	tests/proxy_models/models.py	True	True	True	True
5378	charettes	2015-10-01 18:59:59	timgraham	2015-10-12 10:35:56	tests/proxy_models/tests.py	True	True	True	True
5378	charettes	2015-10-01 18:59:59	timgraham	2015-10-12 10:35:57	django/db/models/options.py	True	True	True	True
5378	charettes	2015-10-01 18:59:59	timgraham	2015-10-12 10:35:57	django/db/models/options.py	False	True	True	True
5378	charettes	2015-10-01 18:59:59	timgraham	2015-10-12 10:35:57	django/db/models/base.py	False	True	True	True
5378	charettes	2015-10-01 18:59:59	timgraham	2015-10-12 10:35:57	docs/releases/1.10.txt	False	True	True	True
5378	charettes	2015-10-01 18:59:59	timgraham	2015-10-12 10:35:57	tests/model_meta/models.py	False	True	True	True
5378	charettes	2015-10-01 18:59:59	timgraham	2015-10-12 10:35:57	tests/model_meta/results.py	False	True	True	True
5378	charettes	2015-10-01 18:59:59	timgraham	2015-10-12 10:35:57	tests/model_meta/tests.py	False	True	True	True
5378	charettes	2015-10-01 18:59:59	timgraham	2015-10-12 10:35:57	tests/proxy_model_inheritance/models.py	False	True	True	True
5378	charettes	2015-10-01 18:59:59	timgraham	2015-10-12 10:35:57	tests/proxy_model_inheritance/tests.py	False	True	True	True
5378	charettes	2015-10-01 18:59:59	timgraham	2015-10-12 10:35:57	django/db/models/fields/related.py	True	True	True	True
5378	charettes	2015-10-01 18:59:59	timgraham	2015-10-12 10:35:57	django/db/models/fields/related_descriptors.py	True	True	True	True
5378	charettes	2015-10-01 18:59:59	timgraham	2015-10-12 10:35:56	django/db/models/fields/related_descriptors.py	True	True	True	True
5376	FlipperPA	2015-10-01 14:58:07	timgraham	2015-10-01 22:30:00	docs/howto/windows.txt	False	True	True	True
5376	FlipperPA	2015-10-01 14:58:07	timgraham	2015-10-01 22:31:16	docs/howto/windows.txt	True	True	True	True
5376	FlipperPA	2015-10-01 14:58:07	timgraham	2015-10-01 22:31:16	docs/topics/install.txt	True	True	True	True
5376	FlipperPA	2015-10-01 14:58:07	timgraham	2015-10-01 22:31:16	docs/howto/windows.txt	False	True	True	True
5376	FlipperPA	2015-10-01 14:58:07	timgraham	2015-10-01 22:31:16	docs/spelling_wordlist	False	True	True	True
5376	FlipperPA	2015-10-01 14:58:07	timgraham	2015-10-01 22:30:00	docs/howto/windows.txt	True	True	True	True
5376	FlipperPA	2015-10-01 14:58:07	timgraham	2015-10-01 22:30:00	docs/topics/install.txt	True	True	True	True
5376	FlipperPA	2015-10-01 14:58:07	timgraham	2015-10-01 22:30:00	docs/spelling_wordlist	False	True	True	True
5376	FlipperPA	2015-10-01 14:58:07	timgraham	2015-10-01 22:28:43	docs/topics/install.txt	True	True	True	True
5376	FlipperPA	2015-10-01 14:58:07	timgraham	2015-10-01 22:28:43	docs/howto/windows.txt	False	True	True	True
5376	FlipperPA	2015-10-01 14:58:07	timgraham	2015-10-01 22:28:43	docs/spelling_wordlist	False	True	True	True
5376	FlipperPA	2015-10-01 14:58:07	timgraham	2015-10-01 22:28:43	docs/howto/windows.txt	True	True	True	True
