pr_number	author_user_login	pr_created_at	commit_user_login	commit_created_at	commit_status_total	commit_status_additions	commit_status_deletions	create_before_pr	is_review_commit
13958	adamchainz	2021-01-31 00:05:55	adamchainz	2021-01-31 00:05:28	13	11	2	True	True
13952	charettes	2021-01-29 15:23:11	charettes	2021-01-29 15:19:06	43	34	9	True	True
13952	charettes	2021-01-29 15:23:11	charettes	2021-02-04 05:30:53	19	10	9	False	True
13951	MarkusH	2021-01-29 14:16:31	MarkusH	2021-02-05 17:41:49	40	20	20	False	True
13951	MarkusH	2021-01-29 14:16:31	MarkusH	2021-01-29 14:14:21	6	5	1	True	True
13950	felixxm	2021-01-29 12:09:01	felixxm	2021-01-29 06:03:40	20	11	9	True	True
13950	felixxm	2021-01-29 12:09:01	felixxm	2021-01-29 12:07:05	12	5	7	True	True
13949	felixxm	2021-01-29 09:07:57	felixxm	2021-01-29 09:05:56	10	5	5	True	True
13945	illia-v	2021-01-28 17:44:41	illia-v	2021-01-28 17:31:16	10	3	7	True	True
13944	illia-v	2021-01-28 17:17:20	illia-v	2021-09-20 19:33:42	42	20	22	False	True
13942	tkoschnick	2021-01-28 16:56:36	tkoschnick	2021-01-28 16:50:54	38	15	23	True	True
13941	skulden13	2021-01-28 09:59:57	skulden13	2021-01-28 09:29:46	7	4	3	True	True
13940	illia-v	2021-01-28 05:31:01	illia-v	2021-01-28 05:28:14	13	8	5	True	True
13939	tim-mccurrach	2021-01-27 11:33:16	tim-mccurrach	2021-01-27 11:25:31	3	2	1	True	True
13938	adamchainz	2021-01-26 23:10:38	adamchainz	2021-01-26 23:10:00	57	48	9	True	True
13936	carltongibson	2021-01-26 08:25:23	carltongibson	2021-01-26 08:24:16	7	5	2	True	True
13935	felixxm	2021-01-26 07:17:46	felixxm	2021-01-26 07:11:32	12	12	0	True	True
13933	jerinpetergeorge	2021-01-26 03:58:23	jerinpetergeorge	2021-01-26 06:35:20	34	32	2	False	True
13932	adamchainz	2021-01-25 16:19:15	adamchainz	2021-01-25 16:16:52	41	14	27	True	True
13931	felixxm	2021-01-25 06:43:54	felixxm	2021-01-25 06:37:28	11	7	4	True	True
13927	elmcrest	2021-01-22 12:24:19	elmcrest	2021-02-01 20:18:26	24	16	8	False	True
13927	elmcrest	2021-01-22 12:24:19	elmcrest	2021-01-22 12:21:44	29	29	0	True	True
13925	felixxm	2021-01-21 08:08:55	felixxm	2021-01-20 11:07:14	68	56	12	True	True
13923	tim-mccurrach	2021-01-20 16:51:23	tim-mccurrach	2021-01-20 16:12:24	69	69	0	True	True
13922	hramezani	2021-01-20 11:08:31	hramezani	2021-01-20 11:07:14	13	13	0	True	True
13920	felixxm	2021-01-19 19:53:24	felixxm	2021-01-19 19:50:04	14	10	4	True	True
13919	knyghty	2021-01-19 19:38:57	knyghty	2021-01-19 19:15:22	12	8	4	True	True
13918	adontz	2021-01-19 19:11:59	adontz	2021-01-19 19:08:16	19	9	10	True	True
13917	manelclos	2021-01-19 14:23:02	manelclos	2021-01-19 14:21:57	2	1	1	True	True
13915	felixxm	2021-01-19 08:03:54	felixxm	2021-01-19 07:35:16	333	59	274	True	True
13914	smithdc1	2021-01-18 22:33:19	smithdc1	2021-01-18 21:39:02	4	2	2	True	True
13912	felixxm	2021-01-18 19:34:36	felixxm	2021-01-18 19:32:43	4	2	2	True	True
13911	inglesp	2021-01-18 16:43:34	inglesp	2021-01-18 19:07:07	45	27	18	False	True
13910	adamchainz	2021-01-18 15:40:43	adamchainz	2021-01-18 15:11:12	9	7	2	True	True
13906	ngnpope	2021-01-18 11:20:37	ngnpope	2021-01-18 11:04:44	6	5	1	True	True
13902	illia-v	2021-01-16 12:55:47	illia-v	2021-01-16 12:52:11	41	40	1	True	True
13899	felixxm	2021-01-15 19:22:46	felixxm	2021-01-15 19:17:23	5	0	5	True	True
13898	smithdc1	2021-01-15 19:02:09	smithdc1	2021-01-15 15:15:13	3	1	2	True	True
13897	tim-mccurrach	2021-01-15 14:53:11	tim-mccurrach	2021-01-18 06:33:42	5	5	0	False	True
13897	tim-mccurrach	2021-01-15 14:53:11	tim-mccurrach	2021-01-15 14:32:54	31	27	4	True	True
13894	felixxm	2021-01-15 07:15:44	felixxm	2021-01-15 06:43:45	115	35	80	True	True
13893	matthiask	2021-01-14 13:04:01	matthiask	2021-01-14 13:02:23	5	4	1	True	True
13892	carltongibson	2021-01-14 10:27:31	carltongibson	2021-01-14 10:24:18	158	116	42	True	True
13892	carltongibson	2021-01-14 10:27:31	carltongibson	2021-01-14 13:38:12	81	8	73	False	True
13891	matthiask	2021-01-14 08:52:35	matthiask	2021-01-14 08:49:44	7	6	1	True	True
13890	danielebra	2021-01-14 00:24:53	danielebra	2021-01-14 00:08:27	40	39	1	True	True
13889	cpina	2021-01-14 00:06:05	cpina	2021-01-14 00:03:52	6	3	3	True	True
13888	hramezani	2021-01-13 23:57:51	youguanxinqing	2021-01-15 18:20:22	54	49	5	False	True
13888	hramezani	2021-01-13 23:57:51	hramezani	2021-01-20 16:20:20	54	14	40	False	True
13888	hramezani	2021-01-13 23:57:51	hramezani	2021-01-13 23:55:43	41	31	10	True	True
13886	hramezani	2021-01-13 19:46:04	hramezani	2021-01-13 19:44:29	102	101	1	True	True
13885	hannseman	2021-01-13 18:48:49	hannseman	2021-01-13 18:38:23	11	7	4	True	True
13884	sacovo	2021-01-12 21:25:58	sacovo	2021-01-12 21:19:53	14	7	7	True	True
13883	felixxm	2021-01-12 19:23:17	hannseman	2021-01-12 12:05:01	7	7	0	True	True
13881	hramezani	2021-01-12 09:16:09	hramezani	2021-01-12 09:14:05	18	9	9	True	True
13880	mimi89999	2021-01-12 09:01:20	mimi89999	2021-01-12 08:59:40	26	26	0	True	True
13879	felixxm	2021-01-12 08:48:49	felixxm	2021-01-12 08:47:28	2	1	1	True	True
13878	smithdc1	2021-01-11 23:24:26	smithdc1	2021-01-11 20:08:58	6	3	3	True	True
13877	pganssle	2021-01-11 16:15:41	pganssle	2021-01-19 10:16:01	791	481	310	False	True
13875	felixxm	2021-01-11 09:43:29	felixxm	2021-01-11 09:30:22	18	16	2	True	True
13873	MilovanovM	2021-01-10 12:19:28	MilovanovM	2020-12-04 11:50:11	152	150	2	True	True
13871	muskanvaswan	2021-01-10 08:15:37	muskanvaswan	2021-01-10 08:00:18	5	4	1	True	True
13869	cpina	2021-01-09 22:28:46	cpina	2021-01-09 22:01:37	146	73	73	True	True
13867	Uday-kiran007	2021-01-09 19:40:15	Uday-kiran007	2021-01-09 12:17:06	7	5	2	True	True
13867	Uday-kiran007	2021-01-09 19:40:15	Uday-kiran007	2021-01-09 19:41:25	6	2	4	False	True
13867	Uday-kiran007	2021-01-09 19:40:15	Uday-kiran007	2021-02-20 17:05:49	1	0	1	False	True
13867	Uday-kiran007	2021-01-09 19:40:15	Uday-kiran007	2021-02-20 17:12:21	1	1	0	False	True
13867	Uday-kiran007	2021-01-09 19:40:15	Uday-kiran007	2021-01-09 19:00:48	6	2	4	True	True
13867	Uday-kiran007	2021-01-09 19:40:15	Uday-kiran007	2021-01-09 17:50:28	2	1	1	True	True
13867	Uday-kiran007	2021-01-09 19:40:15	Uday-kiran007	2021-01-09 17:43:56	2	1	1	True	True
13867	Uday-kiran007	2021-01-09 19:40:15	Uday-kiran007	2021-01-09 12:19:48	7	5	2	True	True
13867	Uday-kiran007	2021-01-09 19:40:15	Uday-kiran007	2021-01-09 04:17:55	4	3	1	True	True
13867	Uday-kiran007	2021-01-09 19:40:15	Uday-kiran007	2021-01-09 04:34:35	5	2	3	True	True
13867	Uday-kiran007	2021-01-09 19:40:15	Uday-kiran007	2021-01-09 04:36:51	5	2	3	True	True
13867	Uday-kiran007	2021-01-09 19:40:15	Uday-kiran007	2021-01-09 04:23:07	2	1	1	True	True
13867	Uday-kiran007	2021-01-09 19:40:15	Uday-kiran007	2021-01-08 18:07:39	25	17	8	True	True
13867	Uday-kiran007	2021-01-09 19:40:15	Uday-kiran007	2021-01-09 04:25:30	4	3	1	True	True
13867	Uday-kiran007	2021-01-09 19:40:15	Uday-kiran007	2021-01-09 04:06:21	2	1	1	True	True
13867	Uday-kiran007	2021-01-09 19:40:15	Uday-kiran007	2021-01-08 19:12:59	2	1	1	True	True
13867	Uday-kiran007	2021-01-09 19:40:15	Uday-kiran007	2021-01-08 18:49:46	2	1	1	True	True
13867	Uday-kiran007	2021-01-09 19:40:15	Uday-kiran007	2021-01-08 18:53:07	2	1	1	True	True
13867	Uday-kiran007	2021-01-09 19:40:15	Uday-kiran007	2021-01-08 18:23:12	22	19	3	True	True
13867	Uday-kiran007	2021-01-09 19:40:15	Uday-kiran007	2021-01-07 18:54:26	9	8	1	True	True
13867	Uday-kiran007	2021-01-09 19:40:15	Uday-kiran007	2021-01-08 19:09:21	2	1	1	True	True
13854	francoisfreitag	2021-01-07 17:25:04	francoisfreitag	2021-01-07 16:54:40	101	82	19	True	True
13850	carltongibson	2021-01-06 15:38:25	carltongibson	2021-11-09 10:58:18	593	441	152	False	True
13849	felixxm	2021-01-06 11:26:06	apollo13	2020-12-19 13:21:12	158	126	32	True	True
13845	felixxm	2021-01-05 11:47:55	felixxm	2021-01-13 11:29:58	39	3	36	False	True
13845	felixxm	2021-01-05 11:47:55	felixxm	2021-01-11 11:49:16	41	4	37	False	True
13845	felixxm	2021-01-05 11:47:55	felixxm	2021-01-12 19:31:36	50	6	44	False	True
13845	felixxm	2021-01-05 11:47:55	felixxm	2021-01-11 20:57:48	39	9	30	False	True
13845	felixxm	2021-01-05 11:47:55	felixxm	2021-01-12 19:55:32	65	23	42	False	True
13845	felixxm	2021-01-05 11:47:55	felixxm	2021-01-13 10:08:32	36	3	33	False	True
13845	felixxm	2021-01-05 11:47:55	felixxm	2021-01-05 09:54:37	6	3	3	True	True
13845	felixxm	2021-01-05 11:47:55	felixxm	2021-01-13 11:52:13	41	12	29	False	True
13845	felixxm	2021-01-05 11:47:55	felixxm	2021-01-13 20:28:09	232	49	183	False	True
13845	felixxm	2021-01-05 11:47:55	felixxm	2021-01-13 21:33:42	33	6	27	False	True
13845	felixxm	2021-01-05 11:47:55	felixxm	2021-01-14 08:06:39	42	4	38	False	True
13845	felixxm	2021-01-05 11:47:55	felixxm	2021-01-14 08:33:12	138	45	93	False	True
13845	felixxm	2021-01-05 11:47:55	felixxm	2021-01-14 08:57:22	51	3	48	False	True
13845	felixxm	2021-01-05 11:47:55	felixxm	2021-01-14 09:04:20	56	2	54	False	True
13845	felixxm	2021-01-05 11:47:55	felixxm	2021-01-11 20:27:01	85	15	70	False	True
13845	felixxm	2021-01-05 11:47:55	felixxm	2021-01-05 11:27:52	58	2	56	True	True
13845	felixxm	2021-01-05 11:47:55	felixxm	2021-01-07 07:09:04	43	3	40	False	True
13845	felixxm	2021-01-05 11:47:55	felixxm	2021-01-05 11:18:04	91	7	84	True	True
13845	felixxm	2021-01-05 11:47:55	felixxm	2021-01-05 10:07:46	262	262	0	True	True
13845	felixxm	2021-01-05 11:47:55	felixxm	2021-01-05 11:45:08	119	4	115	True	True
13845	felixxm	2021-01-05 11:47:55	felixxm	2021-01-07 19:56:49	62	3	59	False	True
13845	felixxm	2021-01-05 11:47:55	felixxm	2021-01-06 12:16:24	107	15	92	False	True
13845	felixxm	2021-01-05 11:47:55	felixxm	2021-01-05 10:20:50	392	0	392	True	True
13845	felixxm	2021-01-05 11:47:55	felixxm	2021-01-11 11:27:40	42	2	40	False	True
13845	felixxm	2021-01-05 11:47:55	felixxm	2021-01-09 19:31:27	92	18	74	False	True
13845	felixxm	2021-01-05 11:47:55	felixxm	2021-01-07 12:10:37	152	6	146	False	True
13845	felixxm	2021-01-05 11:47:55	felixxm	2021-01-07 06:55:06	44	6	38	False	True
13845	felixxm	2021-01-05 11:47:55	felixxm	2021-01-07 07:15:39	30	6	24	False	True
13845	felixxm	2021-01-05 11:47:55	felixxm	2021-01-11 19:31:49	67	10	57	False	True
13845	felixxm	2021-01-05 11:47:55	felixxm	2021-01-07 19:50:36	35	8	27	False	True
13844	AlexHill	2021-01-05 05:24:17	AlexHill	2021-01-05 05:18:01	10	10	0	True	True
13843	gilmrjc	2021-01-05 02:30:10	gilmrjc	2021-05-31 07:05:36	26	19	7	False	True
13843	gilmrjc	2021-01-05 02:30:10	gilmrjc	2021-01-05 02:28:01	96	96	0	True	True
13842	wkschwartz	2021-01-04 22:31:03	wkschwartz	2020-12-30 17:32:46	152	90	62	True	True
13841	wkschwartz	2021-01-04 20:40:02	wkschwartz	2021-01-04 18:04:28	57	46	11	True	True
13837	wkschwartz	2021-01-04 17:44:23	wkschwartz	2021-01-04 14:50:49	24	18	6	True	True
13835	hramezani	2021-01-04 14:13:46	hramezani	2021-01-04 14:03:33	66	65	1	True	True
13834	iurisilvio	2021-01-04 14:06:30	iurisilvio	2021-01-04 14:05:33	2	1	1	True	True
13832	felixxm	2021-01-04 06:21:12	felixxm	2021-01-04 06:18:34	2	1	1	True	True
13829	timgraham	2021-01-02 23:51:07	timgraham	2021-01-02 23:46:17	251	238	13	True	True
13829	timgraham	2021-01-02 23:51:07	timgraham	2021-01-13 00:55:02	96	89	7	False	True
13827	laymonage	2021-01-01 15:03:24	laymonage	2021-07-24 00:09:03	101	100	1	False	True
13827	laymonage	2021-01-01 15:03:24	laymonage	2021-09-01 09:03:03	19	19	0	False	True
