pr_number	author_user_login	pr_created_at	review_comment_user_login	review_comment_created_at	is_review_review_comment
4930	bipsandbytes	2015-06-29 03:19:43	timgraham	2015-07-22 12:14:52	True
4930	bipsandbytes	2015-06-29 03:19:43	coldmind	2015-06-29 16:59:18	True
4930	bipsandbytes	2015-06-29 03:19:43	bmispelon	2015-06-29 18:33:32	True
4930	bipsandbytes	2015-06-29 03:19:43	timgraham	2015-06-30 14:29:10	True
4927	adelton	2015-06-26 19:57:55	timgraham	2015-07-01 12:41:43	True
4927	adelton	2015-06-26 19:57:55	timgraham	2015-07-01 12:41:46	True
4927	adelton	2015-06-26 19:57:55	timgraham	2015-07-01 12:42:51	True
4926	mjtamlyn	2015-06-26 16:20:33	carljm	2015-06-26 16:35:08	True
4924	adelton	2015-06-26 14:56:24	carljm	2015-06-26 16:46:30	True
4924	adelton	2015-06-26 14:56:24	carljm	2015-06-26 16:41:20	True
4923	MarkusH	2015-06-26 13:06:36	timgraham	2015-06-27 17:26:12	True
4920	knbk	2015-06-25 17:31:56	timgraham	2015-06-25 17:45:06	True
4919	knbk	2015-06-25 16:59:16	timgraham	2015-06-25 18:27:08	True
4919	knbk	2015-06-25 16:59:16	timgraham	2015-07-23 23:27:39	True
4919	knbk	2015-06-25 16:59:16	timgraham	2015-07-23 23:26:59	True
4919	knbk	2015-06-25 16:59:16	timgraham	2015-07-23 23:25:10	True
4919	knbk	2015-06-25 16:59:16	timgraham	2015-06-25 18:23:56	True
4915	SujaySKumar	2015-06-24 10:12:35	timgraham	2015-06-26 14:09:06	True
4915	SujaySKumar	2015-06-24 10:12:35	timgraham	2015-06-26 14:09:04	True
4915	SujaySKumar	2015-06-24 10:12:35	claudep	2015-06-24 16:38:21	True
4915	SujaySKumar	2015-06-24 10:12:35	timgraham	2015-06-24 16:49:04	True
4913	lukas-hetzenecker	2015-06-23 20:58:28	timgraham	2015-06-24 15:04:11	True
4913	lukas-hetzenecker	2015-06-23 20:58:28	claudep	2015-06-24 06:56:11	True
4913	lukas-hetzenecker	2015-06-23 20:58:28	claudep	2015-06-24 16:01:29	True
4912	MarkusH	2015-06-23 18:53:35	timgraham	2015-06-23 19:13:47	True
4912	MarkusH	2015-06-23 18:53:35	timgraham	2015-06-23 19:15:09	True
4911	sih4sing5hong5	2015-06-23 06:09:26	zauddelig	2015-06-23 14:34:56	True
4911	sih4sing5hong5	2015-06-23 06:09:26	timgraham	2015-06-23 13:41:19	True
4911	sih4sing5hong5	2015-06-23 06:09:26	timgraham	2015-06-23 13:40:55	True
4911	sih4sing5hong5	2015-06-23 06:09:26	zauddelig	2015-06-24 12:46:39	True
4911	sih4sing5hong5	2015-06-23 06:09:26	timgraham	2015-06-23 13:43:04	True
4911	sih4sing5hong5	2015-06-23 06:09:26	timgraham	2015-06-24 15:00:44	True
4911	sih4sing5hong5	2015-06-23 06:09:26	timgraham	2015-06-24 14:55:14	True
4911	sih4sing5hong5	2015-06-23 06:09:26	zauddelig	2015-06-24 10:55:20	True
4911	sih4sing5hong5	2015-06-23 06:09:26	timgraham	2015-06-24 14:53:57	True
4911	sih4sing5hong5	2015-06-23 06:09:26	timgraham	2015-06-23 13:45:52	True
4911	sih4sing5hong5	2015-06-23 06:09:26	timgraham	2015-06-23 14:14:35	True
4911	sih4sing5hong5	2015-06-23 06:09:26	timgraham	2015-06-25 18:29:03	True
4910	charettes	2015-06-23 03:55:46	shaib	2015-06-24 06:16:51	True
4910	charettes	2015-06-23 03:55:46	shaib	2015-06-23 23:25:02	True
4910	charettes	2015-06-23 03:55:46	shaib	2015-06-23 23:30:55	True
4910	charettes	2015-06-23 03:55:46	shaib	2015-06-24 06:12:46	True
4905	yellowcap	2015-06-22 10:24:17	timgraham	2015-06-23 14:25:33	True
4905	yellowcap	2015-06-22 10:24:17	claudep	2015-06-23 18:31:23	True
4902	coldmind	2015-06-21 10:49:45	timgraham	2015-10-05 18:12:10	True
4902	coldmind	2015-06-21 10:49:45	MarkusH	2015-06-21 23:09:50	True
4902	coldmind	2015-06-21 10:49:45	aaugustin	2015-06-23 19:24:32	True
4902	coldmind	2015-06-21 10:49:45	timgraham	2016-02-26 19:13:58	True
4902	coldmind	2015-06-21 10:49:45	timgraham	2015-07-02 19:49:51	True
4902	coldmind	2015-06-21 10:49:45	timgraham	2015-06-23 16:42:10	True
4902	coldmind	2015-06-21 10:49:45	timgraham	2016-02-26 19:14:20	True
4902	coldmind	2015-06-21 10:49:45	timgraham	2015-06-23 16:40:43	True
4902	coldmind	2015-06-21 10:49:45	MarkusH	2015-06-23 19:28:21	True
4902	coldmind	2015-06-21 10:49:45	timgraham	2015-06-23 16:56:36	True
4902	coldmind	2015-06-21 10:49:45	MarkusH	2015-06-23 16:51:23	True
4902	coldmind	2015-06-21 10:49:45	timgraham	2015-06-23 16:47:48	True
4902	coldmind	2015-06-21 10:49:45	MarkusH	2015-06-23 16:41:25	True
4902	coldmind	2015-06-21 10:49:45	MarkusH	2015-06-21 23:10:56	True
4902	coldmind	2015-06-21 10:49:45	timgraham	2015-06-23 16:33:22	True
4901	MarkusH	2015-06-21 08:50:27	charettes	2015-06-22 20:04:56	True
4901	MarkusH	2015-06-21 08:50:27	coldmind	2015-06-22 08:58:17	True
4900	jarshwah	2015-06-21 05:23:02	timgraham	2015-06-23 11:51:14	True
4900	jarshwah	2015-06-21 05:23:02	timgraham	2015-06-23 11:47:01	True
4900	jarshwah	2015-06-21 05:23:02	charettes	2015-06-22 13:18:14	True
4900	jarshwah	2015-06-21 05:23:02	timgraham	2015-06-23 11:46:54	True
4900	jarshwah	2015-06-21 05:23:02	timgraham	2015-06-23 11:45:00	True
4900	jarshwah	2015-06-21 05:23:02	charettes	2015-06-22 13:22:58	True
4900	jarshwah	2015-06-21 05:23:02	timgraham	2015-06-23 11:49:10	True
4900	jarshwah	2015-06-21 05:23:02	coldmind	2015-06-21 18:46:15	True
4900	jarshwah	2015-06-21 05:23:02	charettes	2015-06-23 04:01:50	True
4900	jarshwah	2015-06-21 05:23:02	charettes	2015-06-22 13:19:56	True
4897	timgraham	2015-06-20 12:59:10	loic	2015-06-25 10:31:12	True
4897	timgraham	2015-06-20 12:59:10	carljm	2015-06-24 19:24:53	True
4897	timgraham	2015-06-20 12:59:10	loic	2015-06-25 10:43:51	True
4897	timgraham	2015-06-20 12:59:10	carljm	2015-06-22 02:13:52	True
4897	timgraham	2015-06-20 12:59:10	carljm	2015-06-22 02:21:56	True
4897	timgraham	2015-06-20 12:59:10	loic	2015-06-25 14:56:08	True
4897	timgraham	2015-06-20 12:59:10	carljm	2015-06-22 02:19:20	True
4897	timgraham	2015-06-20 12:59:10	carljm	2015-06-24 19:26:12	True
4897	timgraham	2015-06-20 12:59:10	carljm	2015-06-24 19:30:06	True
4897	timgraham	2015-06-20 12:59:10	carljm	2015-06-24 19:19:45	True
4897	timgraham	2015-06-20 12:59:10	carljm	2015-06-24 19:20:49	True
4897	timgraham	2015-06-20 12:59:10	loic	2015-06-22 04:16:02	True
4897	timgraham	2015-06-20 12:59:10	carljm	2015-06-24 19:32:06	True
4897	timgraham	2015-06-20 12:59:10	carljm	2015-06-24 19:28:16	True
4897	timgraham	2015-06-20 12:59:10	carljm	2015-06-22 02:15:36	True
4897	timgraham	2015-06-20 12:59:10	carljm	2015-06-24 19:30:46	True
4897	timgraham	2015-06-20 12:59:10	carljm	2015-06-22 02:14:37	True
4897	timgraham	2015-06-20 12:59:10	carljm	2015-06-22 02:12:24	True
4897	timgraham	2015-06-20 12:59:10	MarkusH	2015-06-21 08:12:47	True
4897	timgraham	2015-06-20 12:59:10	carljm	2015-06-22 02:15:19	True
4897	timgraham	2015-06-20 12:59:10	MarkusH	2015-06-21 08:01:01	True
4897	timgraham	2015-06-20 12:59:10	loic	2015-06-22 03:58:11	True
4897	timgraham	2015-06-20 12:59:10	loic	2015-06-22 04:00:42	True
4897	timgraham	2015-06-20 12:59:10	MarkusH	2015-06-21 08:00:48	True
4897	timgraham	2015-06-20 12:59:10	loic	2015-06-22 04:02:37	True
4897	timgraham	2015-06-20 12:59:10	loic	2015-06-22 04:23:20	True
4897	timgraham	2015-06-20 12:59:10	carljm	2015-06-22 02:16:57	True
4897	timgraham	2015-06-20 12:59:10	MarkusH	2015-06-21 08:05:18	True
4897	timgraham	2015-06-20 12:59:10	carljm	2015-06-22 02:13:03	True
4897	timgraham	2015-06-20 12:59:10	carljm	2015-06-24 19:26:00	True
4897	timgraham	2015-06-20 12:59:10	MarkusH	2015-06-21 08:02:21	True
4897	timgraham	2015-06-20 12:59:10	loic	2015-06-22 13:15:40	True
4897	timgraham	2015-06-20 12:59:10	zauddelig	2015-06-22 07:30:16	True
4896	knbk	2015-06-20 12:18:17	MoritzS	2015-06-20 13:16:59	True
4896	knbk	2015-06-20 12:18:17	MoritzS	2015-06-20 13:22:32	True
4896	knbk	2015-06-20 12:18:17	charettes	2015-06-22 13:14:45	True
4896	knbk	2015-06-20 12:18:17	timgraham	2015-06-23 12:05:43	True
4894	nedbat	2015-06-20 11:41:21	timgraham	2015-06-29 21:37:57	True
4894	nedbat	2015-06-20 11:41:21	timgraham	2015-06-29 21:39:04	True
4894	nedbat	2015-06-20 11:41:21	timgraham	2015-06-29 21:37:32	True
4894	nedbat	2015-06-20 11:41:21	timgraham	2015-06-29 21:36:10	True
4893	knbk	2015-06-20 11:12:56	timgraham	2015-06-20 19:18:05	True
4893	knbk	2015-06-20 11:12:56	timgraham	2015-06-20 19:19:11	True
4893	knbk	2015-06-20 11:12:56	timgraham	2015-06-20 19:21:36	True
4892	pahko	2015-06-20 04:26:34	coldmind	2015-06-20 09:54:23	True
4892	pahko	2015-06-20 04:26:34	coldmind	2015-06-20 09:55:42	True
4892	pahko	2015-06-20 04:26:34	coldmind	2015-06-20 18:52:37	True
4891	coldmind	2015-06-19 22:33:14	MarkusH	2015-06-21 08:27:40	True
4891	coldmind	2015-06-19 22:33:14	MarkusH	2015-06-21 08:32:01	True
4891	coldmind	2015-06-19 22:33:14	MarkusH	2015-06-21 08:20:51	True
4891	coldmind	2015-06-19 22:33:14	MarkusH	2015-06-21 08:51:16	True
4891	coldmind	2015-06-19 22:33:14	MarkusH	2015-06-21 08:30:25	True
4891	coldmind	2015-06-19 22:33:14	MarkusH	2015-06-21 08:30:39	True
4889	claudep	2015-06-19 08:16:47	timgraham	2016-05-06 23:06:32	True
4889	claudep	2015-06-19 08:16:47	timgraham	2017-01-02 17:54:10	True
4889	claudep	2015-06-19 08:16:47	timgraham	2015-06-26 16:37:05	True
4889	claudep	2015-06-19 08:16:47	timgraham	2017-01-02 17:52:51	True
4889	claudep	2015-06-19 08:16:47	timgraham	2016-12-19 20:54:53	True
4889	claudep	2015-06-19 08:16:47	timgraham	2017-01-02 17:50:59	True
4889	claudep	2015-06-19 08:16:47	timgraham	2016-12-19 20:49:35	True
4889	claudep	2015-06-19 08:16:47	timgraham	2015-06-26 16:35:39	True
4889	claudep	2015-06-19 08:16:47	timgraham	2016-12-19 20:46:41	True
4889	claudep	2015-06-19 08:16:47	blueyed	2015-09-21 09:49:19	True
4889	claudep	2015-06-19 08:16:47	ThomasG77	2016-05-09 12:25:30	True
4889	claudep	2015-06-19 08:16:47	timgraham	2015-06-26 16:42:12	True
4889	claudep	2015-06-19 08:16:47	timgraham	2015-06-26 16:40:26	True
4889	claudep	2015-06-19 08:16:47	timgraham	2016-12-19 20:46:34	True
4889	claudep	2015-06-19 08:16:47	timgraham	2015-07-06 19:27:23	True
4889	claudep	2015-06-19 08:16:47	timgraham	2015-06-26 16:39:43	True
4889	claudep	2015-06-19 08:16:47	timgraham	2015-06-26 16:37:37	True
4889	claudep	2015-06-19 08:16:47	timgraham	2015-06-26 16:39:26	True
4889	claudep	2015-06-19 08:16:47	mdiener21	2016-05-09 12:37:25	True
4889	claudep	2015-06-19 08:16:47	timgraham	2015-06-26 16:39:52	True
4889	claudep	2015-06-19 08:16:47	timgraham	2015-06-26 16:40:45	True
4889	claudep	2015-06-19 08:16:47	timgraham	2016-05-07 21:18:58	True
4889	claudep	2015-06-19 08:16:47	timgraham	2015-06-26 16:38:23	True
4888	claudep	2015-06-19 06:46:23	timgraham	2015-06-19 18:51:43	True
4888	claudep	2015-06-19 06:46:23	timgraham	2015-06-19 12:57:15	True
4888	claudep	2015-06-19 06:46:23	timgraham	2015-06-19 13:00:23	True
4888	claudep	2015-06-19 06:46:23	timgraham	2015-06-19 13:01:28	True
4886	wkschwartz	2015-06-18 23:08:26	timgraham	2015-06-30 19:38:31	True
4886	wkschwartz	2015-06-18 23:08:26	timgraham	2015-06-30 19:39:01	True
4886	wkschwartz	2015-06-18 23:08:26	timgraham	2015-06-23 17:57:08	True
4886	wkschwartz	2015-06-18 23:08:26	timgraham	2015-07-02 16:31:43	True
4886	wkschwartz	2015-06-18 23:08:26	timgraham	2015-07-02 16:08:43	True
4886	wkschwartz	2015-06-18 23:08:26	timgraham	2015-06-30 19:45:23	True
4886	wkschwartz	2015-06-18 23:08:26	timgraham	2015-06-30 19:44:04	True
4886	wkschwartz	2015-06-18 23:08:26	timgraham	2015-06-30 19:43:05	True
4886	wkschwartz	2015-06-18 23:08:26	timgraham	2015-06-23 21:42:40	True
4886	wkschwartz	2015-06-18 23:08:26	timgraham	2015-06-24 14:51:14	True
4886	wkschwartz	2015-06-18 23:08:26	timgraham	2015-06-23 17:56:40	True
4886	wkschwartz	2015-06-18 23:08:26	timgraham	2015-06-23 17:55:11	True
4886	wkschwartz	2015-06-18 23:08:26	timgraham	2015-06-23 17:53:54	True
4886	wkschwartz	2015-06-18 23:08:26	timgraham	2015-06-23 17:55:37	True
4886	wkschwartz	2015-06-18 23:08:26	timgraham	2015-06-30 19:43:37	True
4885	MarkusH	2015-06-18 20:01:16	timgraham	2015-06-19 16:36:24	True
4885	MarkusH	2015-06-18 20:01:16	timgraham	2015-06-18 20:22:54	True
4885	MarkusH	2015-06-18 20:01:16	timgraham	2015-06-18 20:23:34	True
4883	RamezIssac	2015-06-18 16:35:43	timgraham	2015-08-04 12:36:32	True
4883	RamezIssac	2015-06-18 16:35:43	timgraham	2015-09-01 16:50:11	True
4883	RamezIssac	2015-06-18 16:35:43	timgraham	2015-09-01 16:48:33	True
4883	RamezIssac	2015-06-18 16:35:43	mlavin	2015-08-23 12:09:32	True
4883	RamezIssac	2015-06-18 16:35:43	timgraham	2015-08-04 12:37:16	True
4883	RamezIssac	2015-06-18 16:35:43	timgraham	2015-08-04 12:36:53	True
4883	RamezIssac	2015-06-18 16:35:43	timgraham	2015-09-01 16:49:26	True
4883	RamezIssac	2015-06-18 16:35:43	timgraham	2015-08-04 12:36:07	True
4883	RamezIssac	2015-06-18 16:35:43	timgraham	2015-08-04 12:34:39	True
4883	RamezIssac	2015-06-18 16:35:43	timgraham	2015-08-04 12:34:36	True
4883	RamezIssac	2015-06-18 16:35:43	timgraham	2015-09-01 16:50:35	True
4883	RamezIssac	2015-06-18 16:35:43	timgraham	2015-08-04 12:35:17	True
4882	coldmind	2015-06-18 15:17:41	timgraham	2015-06-23 13:21:07	True
4882	coldmind	2015-06-18 15:17:41	timgraham	2015-06-23 13:31:13	True
4882	coldmind	2015-06-18 15:17:41	timgraham	2015-06-23 13:30:04	True
4882	coldmind	2015-06-18 15:17:41	timgraham	2015-06-23 13:30:54	True
4882	coldmind	2015-06-18 15:17:41	timgraham	2015-06-23 13:21:20	True
4882	coldmind	2015-06-18 15:17:41	timgraham	2015-06-23 13:31:03	True
4882	coldmind	2015-06-18 15:17:41	timgraham	2015-06-23 13:29:43	True
4882	coldmind	2015-06-18 15:17:41	timgraham	2015-06-23 13:23:13	True
4882	coldmind	2015-06-18 15:17:41	timgraham	2015-06-23 13:21:33	True
4882	coldmind	2015-06-18 15:17:41	timgraham	2015-06-23 13:30:39	True
4880	SujaySKumar	2015-06-18 12:51:03	MoritzS	2015-06-22 09:22:30	True
4880	SujaySKumar	2015-06-18 12:51:03	MoritzS	2015-06-22 09:28:05	True
4880	SujaySKumar	2015-06-18 12:51:03	timgraham	2015-06-27 14:37:40	True
4878	mosdevly	2015-06-18 00:59:04	coldmind	2015-06-24 20:50:52	True
4878	mosdevly	2015-06-18 00:59:04	coldmind	2015-07-01 20:33:03	True
4878	mosdevly	2015-06-18 00:59:04	coldmind	2015-07-02 15:18:23	True
4878	mosdevly	2015-06-18 00:59:04	timgraham	2015-07-01 20:30:04	True
4878	mosdevly	2015-06-18 00:59:04	timgraham	2015-07-01 20:31:38	True
4878	mosdevly	2015-06-18 00:59:04	timgraham	2015-07-16 17:31:39	True
4878	mosdevly	2015-06-18 00:59:04	timgraham	2015-07-01 20:31:06	True
4878	mosdevly	2015-06-18 00:59:04	timgraham	2015-07-01 20:31:31	True
4878	mosdevly	2015-06-18 00:59:04	MarkusH	2015-06-18 09:49:33	True
4878	mosdevly	2015-06-18 00:59:04	coldmind	2015-06-24 20:45:52	True
4878	mosdevly	2015-06-18 00:59:04	MarkusH	2015-06-18 09:53:34	True
4878	mosdevly	2015-06-18 00:59:04	MarkusH	2015-06-18 09:49:54	True
4878	mosdevly	2015-06-18 00:59:04	MarkusH	2015-06-18 19:17:57	True
4878	mosdevly	2015-06-18 00:59:04	coldmind	2015-06-18 09:28:30	True
4878	mosdevly	2015-06-18 00:59:04	timgraham	2015-07-01 20:30:18	True
4877	shaib	2015-06-17 21:44:51	timgraham	2015-06-19 12:30:44	True
4875	jedie	2015-06-17 13:24:09	timgraham	2015-06-17 13:49:03	True
4875	jedie	2015-06-17 13:24:09	timgraham	2015-06-17 14:03:40	True
4875	jedie	2015-06-17 13:24:09	timgraham	2015-06-17 13:48:54	True
4872	raiderrobert	2015-06-16 20:08:56	carljm	2015-06-17 15:43:04	True
4872	raiderrobert	2015-06-16 20:08:56	coldmind	2015-06-17 15:22:11	True
4872	raiderrobert	2015-06-16 20:08:56	lukasklein	2015-06-17 07:32:22	True
4872	raiderrobert	2015-06-16 20:08:56	akulakov	2015-06-17 15:14:29	True
4872	raiderrobert	2015-06-16 20:08:56	akulakov	2015-06-17 15:33:40	True
4872	raiderrobert	2015-06-16 20:08:56	akulakov	2015-06-16 21:52:27	True
4872	raiderrobert	2015-06-16 20:08:56	carljm	2015-06-17 15:39:29	True
4872	raiderrobert	2015-06-16 20:08:56	MarkusH	2015-06-17 15:50:55	True
4872	raiderrobert	2015-06-16 20:08:56	akulakov	2015-06-17 16:31:13	True
4872	raiderrobert	2015-06-16 20:08:56	coldmind	2015-06-17 15:44:42	True
4872	raiderrobert	2015-06-16 20:08:56	coldmind	2015-06-17 15:39:03	True
4871	MarkusH	2015-06-16 16:55:31	akulakov	2015-06-16 21:56:30	True
4871	MarkusH	2015-06-16 16:55:31	akulakov	2015-06-17 20:02:52	True
4869	coldmind	2015-06-16 15:26:15	timgraham	2015-06-16 16:15:47	True
4869	coldmind	2015-06-16 15:26:15	timgraham	2015-06-16 16:19:44	True
4868	raiderrobert	2015-06-16 13:26:54	timgraham	2015-06-16 13:55:01	True
4868	raiderrobert	2015-06-16 13:26:54	timgraham	2015-06-16 14:15:01	True
4868	raiderrobert	2015-06-16 13:26:54	timgraham	2015-06-16 14:14:43	True
4868	raiderrobert	2015-06-16 13:26:54	timgraham	2015-06-16 14:13:50	True
4868	raiderrobert	2015-06-16 13:26:54	timgraham	2015-06-16 14:14:07	True
4868	raiderrobert	2015-06-16 13:26:54	timgraham	2015-06-16 13:54:15	True
4868	raiderrobert	2015-06-16 13:26:54	timgraham	2015-06-16 13:55:55	True
4868	raiderrobert	2015-06-16 13:26:54	timgraham	2015-06-16 13:56:44	True
4868	raiderrobert	2015-06-16 13:26:54	timgraham	2015-06-16 13:53:12	True
4867	rolo	2015-06-16 13:24:55	timgraham	2015-06-19 13:49:48	True
4867	rolo	2015-06-16 13:24:55	timgraham	2015-06-19 13:47:22	True
4867	rolo	2015-06-16 13:24:55	timgraham	2015-06-19 14:11:31	True
4867	rolo	2015-06-16 13:24:55	timgraham	2015-06-19 12:32:45	True
4867	rolo	2015-06-16 13:24:55	timgraham	2015-06-19 12:33:42	True
4867	rolo	2015-06-16 13:24:55	timgraham	2015-06-19 12:33:03	True
4867	rolo	2015-06-16 13:24:55	timgraham	2015-06-19 13:46:45	True
4867	rolo	2015-06-16 13:24:55	timgraham	2015-06-19 12:34:31	True
4867	rolo	2015-06-16 13:24:55	MarkusH	2015-06-18 10:02:24	True
4867	rolo	2015-06-16 13:24:55	timgraham	2015-06-19 12:32:12	True
4867	rolo	2015-06-16 13:24:55	MarkusH	2015-06-17 17:35:25	True
4867	rolo	2015-06-16 13:24:55	MarkusH	2015-06-17 17:35:42	True
4867	rolo	2015-06-16 13:24:55	timgraham	2015-06-19 12:32:31	True
4867	rolo	2015-06-16 13:24:55	MarkusH	2015-06-17 17:34:47	True
4867	rolo	2015-06-16 13:24:55	MarkusH	2015-06-18 10:04:05	True
4867	rolo	2015-06-16 13:24:55	timgraham	2015-06-19 12:24:35	True
4865	jdufresne	2015-06-16 04:39:28	MarkusH	2015-06-17 00:23:55	True
4865	jdufresne	2015-06-16 04:39:28	timgraham	2015-06-16 17:22:48	True
4865	jdufresne	2015-06-16 04:39:28	mjtamlyn	2015-06-16 20:10:29	True
4865	jdufresne	2015-06-16 04:39:28	MarkusH	2015-06-16 23:52:12	True
4865	jdufresne	2015-06-16 04:39:28	mjtamlyn	2015-06-30 13:32:02	True
4865	jdufresne	2015-06-16 04:39:28	timgraham	2015-06-30 13:29:51	True
4865	jdufresne	2015-06-16 04:39:28	timgraham	2015-06-17 00:06:37	True
4858	MarkusH	2015-06-14 09:44:13	timgraham	2015-06-15 21:35:58	True
4857	MarkusH	2015-06-14 00:47:38	charettes	2015-06-14 18:41:29	True
4856	MounirMesselmeni	2015-06-13 13:49:54	timgraham	2015-06-13 17:48:27	True
4856	MounirMesselmeni	2015-06-13 13:49:54	timgraham	2015-06-13 17:42:15	True
4856	MounirMesselmeni	2015-06-13 13:49:54	timgraham	2015-06-13 17:44:55	True
4856	MounirMesselmeni	2015-06-13 13:49:54	timgraham	2015-06-15 21:48:16	True
4856	MounirMesselmeni	2015-06-13 13:49:54	timgraham	2015-06-15 21:49:24	True
4855	MoritzS	2015-06-13 10:28:34	timgraham	2015-06-13 18:59:31	True
4855	MoritzS	2015-06-13 10:28:34	timgraham	2015-06-13 19:00:19	True
4855	MoritzS	2015-06-13 10:28:34	timgraham	2015-06-13 18:58:52	True
4854	dracos	2015-06-12 12:54:28	timgraham	2015-06-30 19:14:43	True
4854	dracos	2015-06-12 12:54:28	timgraham	2015-06-30 19:17:34	True
4854	dracos	2015-06-12 12:54:28	MarkusH	2015-06-12 21:31:06	True
4854	dracos	2015-06-12 12:54:28	MarkusH	2015-06-12 21:31:39	True
4854	dracos	2015-06-12 12:54:28	MarkusH	2015-06-12 21:32:14	True
4854	dracos	2015-06-12 12:54:28	timgraham	2015-06-30 19:12:36	True
4854	dracos	2015-06-12 12:54:28	timgraham	2015-06-30 19:18:02	True
4854	dracos	2015-06-12 12:54:28	timgraham	2015-06-30 21:55:32	True
4853	pope1ni	2015-06-11 22:29:10	MarkusH	2015-06-17 17:45:20	True
4853	pope1ni	2015-06-11 22:29:10	MarkusH	2015-06-16 10:47:44	True
4853	pope1ni	2015-06-11 22:29:10	MarkusH	2015-06-16 10:52:38	True
4853	pope1ni	2015-06-11 22:29:10	MarkusH	2015-06-17 17:45:43	True
4848	prestontimmons	2015-06-11 00:02:23	carljm	2015-06-11 00:17:50	True
4848	prestontimmons	2015-06-11 00:02:23	carljm	2015-06-11 00:14:25	True
4848	prestontimmons	2015-06-11 00:02:23	carljm	2015-06-11 00:12:36	True
4845	MarkusH	2015-06-10 21:09:00	timgraham	2015-06-11 00:48:05	True
4844	MarkusH	2015-06-10 21:06:59	timgraham	2015-06-17 18:36:52	True
4844	MarkusH	2015-06-10 21:06:59	timgraham	2015-06-17 18:40:49	True
4844	MarkusH	2015-06-10 21:06:59	timgraham	2015-06-17 18:37:03	True
4844	MarkusH	2015-06-10 21:06:59	ana-balica	2015-06-17 19:19:54	True
4844	MarkusH	2015-06-10 21:06:59	timgraham	2015-06-17 19:06:40	True
4844	MarkusH	2015-06-10 21:06:59	timgraham	2015-06-17 18:48:05	True
4844	MarkusH	2015-06-10 21:06:59	timgraham	2015-06-17 18:38:35	True
4844	MarkusH	2015-06-10 21:06:59	timgraham	2015-06-17 18:39:14	True
4844	MarkusH	2015-06-10 21:06:59	timgraham	2015-06-17 18:26:47	True
4844	MarkusH	2015-06-10 21:06:59	timgraham	2015-06-17 18:32:04	True
4844	MarkusH	2015-06-10 21:06:59	timgraham	2015-06-17 18:40:01	True
4844	MarkusH	2015-06-10 21:06:59	timgraham	2015-06-17 18:40:33	True
4844	MarkusH	2015-06-10 21:06:59	kennethlove	2015-06-11 23:26:37	True
4844	MarkusH	2015-06-10 21:06:59	timgraham	2015-06-17 18:26:30	True
4844	MarkusH	2015-06-10 21:06:59	timgraham	2015-06-17 18:21:00	True
4844	MarkusH	2015-06-10 21:06:59	timgraham	2015-06-17 18:25:07	True
4844	MarkusH	2015-06-10 21:06:59	kennethlove	2015-06-12 19:17:24	True
4844	MarkusH	2015-06-10 21:06:59	kennethlove	2015-06-11 23:28:04	True
4844	MarkusH	2015-06-10 21:06:59	timgraham	2015-06-17 18:24:06	True
4844	MarkusH	2015-06-10 21:06:59	timgraham	2015-06-17 18:24:25	True
4844	MarkusH	2015-06-10 21:06:59	timgraham	2015-06-17 18:24:47	True
4842	carsongee	2015-06-10 14:46:46	timgraham	2015-06-11 16:05:42	True
4842	carsongee	2015-06-10 14:46:46	MoritzS	2015-06-11 16:07:29	True
4842	carsongee	2015-06-10 14:46:46	timgraham	2015-06-11 16:01:17	True
4842	carsongee	2015-06-10 14:46:46	MoritzS	2015-06-12 12:14:53	True
4842	carsongee	2015-06-10 14:46:46	timgraham	2015-06-11 16:04:53	True
4842	carsongee	2015-06-10 14:46:46	MoritzS	2015-06-12 10:43:30	True
4842	carsongee	2015-06-10 14:46:46	MoritzS	2015-06-11 15:06:41	True
4842	carsongee	2015-06-10 14:46:46	MoritzS	2015-06-11 09:50:38	True
4842	carsongee	2015-06-10 14:46:46	MoritzS	2015-06-11 15:38:08	True
4842	carsongee	2015-06-10 14:46:46	MoritzS	2015-06-11 16:04:47	True
4842	carsongee	2015-06-10 14:46:46	MoritzS	2015-06-11 14:41:48	True
4838	Matt-Deacalion	2015-06-09 14:26:27	timgraham	2015-06-09 15:46:42	True
4836	MarkusH	2015-06-09 12:49:33	timgraham	2015-06-09 13:54:00	True
4836	MarkusH	2015-06-09 12:49:33	timgraham	2015-06-09 14:05:23	True
4836	MarkusH	2015-06-09 12:49:33	mjtamlyn	2015-06-09 15:27:10	True
4836	MarkusH	2015-06-09 12:49:33	mjtamlyn	2015-06-09 15:28:15	True
4836	MarkusH	2015-06-09 12:49:33	timgraham	2015-06-09 13:55:52	True
4836	MarkusH	2015-06-09 12:49:33	timgraham	2015-06-09 14:02:55	True
4836	MarkusH	2015-06-09 12:49:33	timgraham	2015-06-09 14:01:05	True
4836	MarkusH	2015-06-09 12:49:33	timgraham	2015-06-09 14:03:54	True
4836	MarkusH	2015-06-09 12:49:33	timgraham	2015-06-09 13:55:43	True
4836	MarkusH	2015-06-09 12:49:33	timgraham	2015-06-09 13:54:56	True
4836	MarkusH	2015-06-09 12:49:33	timgraham	2015-06-09 13:53:28	True
4836	MarkusH	2015-06-09 12:49:33	timgraham	2015-06-09 13:49:03	True
4836	MarkusH	2015-06-09 12:49:33	timgraham	2015-06-09 13:51:02	True
4836	MarkusH	2015-06-09 12:49:33	timgraham	2015-06-09 13:50:30	True
4836	MarkusH	2015-06-09 12:49:33	timgraham	2015-06-09 13:43:53	True
4836	MarkusH	2015-06-09 12:49:33	timgraham	2015-06-09 13:51:35	True
4836	MarkusH	2015-06-09 12:49:33	timgraham	2015-06-09 13:47:39	True
4836	MarkusH	2015-06-09 12:49:33	timgraham	2015-06-09 13:46:35	True
4836	MarkusH	2015-06-09 12:49:33	timgraham	2015-06-09 13:49:34	True
4836	MarkusH	2015-06-09 12:49:33	timgraham	2015-06-09 13:53:12	True
4835	alimony	2015-06-08 21:57:07	timgraham	2015-06-12 13:59:53	True
4835	alimony	2015-06-08 21:57:07	timgraham	2015-06-12 13:56:24	True
4835	alimony	2015-06-08 21:57:07	timgraham	2015-06-15 16:57:10	True
4835	alimony	2015-06-08 21:57:07	timgraham	2015-06-15 17:39:45	True
4835	alimony	2015-06-08 21:57:07	timgraham	2015-06-12 13:57:00	True
4835	alimony	2015-06-08 21:57:07	timgraham	2015-06-12 14:00:57	True
4835	alimony	2015-06-08 21:57:07	timgraham	2015-06-15 22:08:47	True
4835	alimony	2015-06-08 21:57:07	timgraham	2015-06-12 13:34:47	True
4835	alimony	2015-06-08 21:57:07	timgraham	2015-06-12 13:33:07	True
4835	alimony	2015-06-08 21:57:07	timgraham	2015-06-11 18:10:23	True
4835	alimony	2015-06-08 21:57:07	timgraham	2015-06-12 13:30:30	True
4835	alimony	2015-06-08 21:57:07	timgraham	2015-06-11 18:17:43	True
4835	alimony	2015-06-08 21:57:07	timgraham	2015-06-11 18:16:34	True
4835	alimony	2015-06-08 21:57:07	timgraham	2015-06-11 18:15:38	True
4835	alimony	2015-06-08 21:57:07	timgraham	2015-06-12 13:32:00	True
4835	alimony	2015-06-08 21:57:07	timgraham	2015-06-11 18:13:41	True
4835	alimony	2015-06-08 21:57:07	timgraham	2015-06-11 18:12:08	True
4835	alimony	2015-06-08 21:57:07	timgraham	2015-06-11 18:09:02	True
4834	jhoos	2015-06-08 19:55:46	timgraham	2015-06-18 19:11:47	True
4834	jhoos	2015-06-08 19:55:46	timgraham	2015-06-18 19:08:04	True
4834	jhoos	2015-06-08 19:55:46	timgraham	2015-06-18 19:16:14	True
4828	NEOatNHNG	2015-06-07 00:26:58	MarkusH	2015-06-15 22:55:37	True
4828	NEOatNHNG	2015-06-07 00:26:58	jarshwah	2015-06-16 00:37:48	True
4826	zedr	2015-06-06 19:41:59	coldmind	2015-06-06 20:00:02	True
4826	zedr	2015-06-06 19:41:59	timgraham	2015-06-11 18:23:29	True
4826	zedr	2015-06-06 19:41:59	timgraham	2015-07-02 18:38:56	True
4826	zedr	2015-06-06 19:41:59	timgraham	2015-07-02 18:25:09	True
4826	zedr	2015-06-06 19:41:59	timgraham	2015-06-11 18:27:41	True
4826	zedr	2015-06-06 19:41:59	timgraham	2015-06-11 18:27:36	True
4826	zedr	2015-06-06 19:41:59	timgraham	2015-06-11 18:26:49	True
4826	zedr	2015-06-06 19:41:59	timgraham	2015-06-11 18:28:32	True
4826	zedr	2015-06-06 19:41:59	alasdairnicol	2015-06-08 15:03:16	True
4826	zedr	2015-06-06 19:41:59	coldmind	2015-06-06 20:15:49	True
4826	zedr	2015-06-06 19:41:59	timgraham	2015-07-02 18:26:00	True
4826	zedr	2015-06-06 19:41:59	dracos	2015-06-06 20:28:28	True
4826	zedr	2015-06-06 19:41:59	coldmind	2015-06-06 20:04:01	True
4824	jpic	2015-06-06 11:52:31	MarkusH	2015-06-12 21:15:30	True
4824	jpic	2015-06-06 11:52:31	MarkusH	2015-06-12 21:13:23	True
4824	jpic	2015-06-06 11:52:31	MarkusH	2015-06-12 21:12:58	True
4824	jpic	2015-06-06 11:52:31	MarkusH	2015-06-14 18:25:27	True
4824	jpic	2015-06-06 11:52:31	MarkusH	2015-06-12 21:14:30	True
4819	alimony	2015-06-05 22:57:13	timgraham	2015-06-06 18:55:59	True
4819	alimony	2015-06-05 22:57:13	MoritzS	2015-06-06 08:42:09	True
4818	dracos	2015-06-05 21:02:43	mjtamlyn	2015-06-05 22:02:58	True
4817	karyon	2015-06-05 20:19:06	timgraham	2015-06-18 14:46:18	True
4817	karyon	2015-06-05 20:19:06	timgraham	2015-06-18 14:34:05	True
4817	karyon	2015-06-05 20:19:06	timgraham	2015-06-18 14:46:05	True
4817	karyon	2015-06-05 20:19:06	timgraham	2015-06-18 14:47:55	True
4817	karyon	2015-06-05 20:19:06	timgraham	2015-06-18 14:49:45	True
4815	dracos	2015-06-05 18:58:55	mjtamlyn	2015-06-05 22:09:46	True
4815	dracos	2015-06-05 18:58:55	mjtamlyn	2016-05-09 08:31:32	True
4815	dracos	2015-06-05 18:58:55	mjtamlyn	2016-05-09 13:13:57	True
4815	dracos	2015-06-05 18:58:55	charettes	2016-05-09 12:33:36	True
4815	dracos	2015-06-05 18:58:55	mjtamlyn	2016-05-08 15:51:44	True
4815	dracos	2015-06-05 18:58:55	mjtamlyn	2015-06-05 22:14:02	True
4815	dracos	2015-06-05 18:58:55	mjtamlyn	2016-05-08 15:49:19	True
4815	dracos	2015-06-05 18:58:55	mjtamlyn	2015-06-05 22:13:23	True
4815	dracos	2015-06-05 18:58:55	mjtamlyn	2015-06-05 22:04:47	True
4815	dracos	2015-06-05 18:58:55	coldmind	2015-06-05 21:44:52	True
4814	marissazhou	2015-06-05 15:55:13	carljm	2015-06-05 16:08:37	True
4814	marissazhou	2015-06-05 15:55:13	timgraham	2015-06-06 13:46:20	True
4812	alasdairnicol	2015-06-05 15:32:47	carljm	2015-06-05 16:32:00	True
4812	alasdairnicol	2015-06-05 15:32:47	carljm	2015-06-05 15:40:52	True
4811	mthornhill	2015-06-05 15:02:39	charettes	2015-06-05 15:11:27	True
4811	mthornhill	2015-06-05 15:02:39	freakboy3742	2015-06-06 01:42:59	True
4811	mthornhill	2015-06-05 15:02:39	charettes	2015-06-05 15:14:42	True
4809	LilyFoote	2015-06-05 14:23:05	charettes	2015-06-05 17:04:18	True
4809	LilyFoote	2015-06-05 14:23:05	charettes	2015-06-05 17:06:58	True
4809	LilyFoote	2015-06-05 14:23:05	adamchainz	2015-06-06 09:20:55	True
4808	sergeykolosov	2015-06-05 14:11:35	timgraham	2015-06-11 16:41:29	True
4808	sergeykolosov	2015-06-05 14:11:35	timgraham	2015-06-11 16:43:57	True
4808	sergeykolosov	2015-06-05 14:11:35	timgraham	2015-06-11 16:44:34	True
4808	sergeykolosov	2015-06-05 14:11:35	timgraham	2015-06-11 16:45:19	True
4807	david-bannon	2015-06-05 13:58:51	timgraham	2015-06-06 17:33:02	True
4807	david-bannon	2015-06-05 13:58:51	carljm	2015-06-05 17:09:33	True
4807	david-bannon	2015-06-05 13:58:51	timgraham	2015-06-06 17:33:24	True
4807	david-bannon	2015-06-05 13:58:51	timgraham	2015-06-06 17:35:11	True
4807	david-bannon	2015-06-05 13:58:51	timgraham	2015-06-06 17:31:55	True
4806	marissazhou	2015-06-05 13:46:14	timgraham	2015-06-20 23:12:17	True
4805	sephii	2015-06-05 13:35:29	timgraham	2015-06-05 13:47:30	True
4805	sephii	2015-06-05 13:35:29	timgraham	2015-06-05 13:49:27	True
4805	sephii	2015-06-05 13:35:29	timgraham	2015-06-11 19:13:06	True
4805	sephii	2015-06-05 13:35:29	timgraham	2015-06-11 19:14:35	True
4805	sephii	2015-06-05 13:35:29	timgraham	2015-06-11 19:18:52	True
4805	sephii	2015-06-05 13:35:29	timgraham	2015-06-11 19:15:39	True
4805	sephii	2015-06-05 13:35:29	timgraham	2015-06-05 16:09:07	True
4801	akaariai	2015-06-05 11:19:10	charettes	2015-09-05 20:08:11	True
4801	akaariai	2015-06-05 11:19:10	charettes	2015-09-05 19:47:28	True
4801	akaariai	2015-06-05 11:19:10	loic	2015-07-06 07:46:12	True
4801	akaariai	2015-06-05 11:19:10	charettes	2015-09-05 20:07:22	True
4799	brki	2015-06-05 11:05:22	timgraham	2015-06-11 18:40:26	True
4799	brki	2015-06-05 11:05:22	timgraham	2015-06-11 18:41:42	True
4799	brki	2015-06-05 11:05:22	timgraham	2015-06-11 18:42:48	True
4799	brki	2015-06-05 11:05:22	timgraham	2015-06-11 18:44:07	True
4797	patrys	2015-06-05 10:46:36	carljm	2015-06-05 18:25:26	True
4797	patrys	2015-06-05 10:46:36	carljm	2015-06-08 21:04:23	True
4797	patrys	2015-06-05 10:46:36	carljm	2015-06-05 18:24:11	True
4797	patrys	2015-06-05 10:46:36	carljm	2015-06-08 20:44:52	True
4797	patrys	2015-06-05 10:46:36	carljm	2015-06-08 18:09:24	True
4797	patrys	2015-06-05 10:46:36	carljm	2015-06-05 18:25:58	True
4796	sephii	2015-06-05 10:46:11	claudep	2015-06-05 15:38:41	True
4791	yamila-moreno	2015-06-05 08:41:50	MarkusH	2015-06-05 09:49:21	True
4791	yamila-moreno	2015-06-05 08:41:50	MarkusH	2015-06-05 10:02:27	True
4790	raphaelm	2015-06-05 08:10:39	timgraham	2015-06-05 12:29:39	True
4790	raphaelm	2015-06-05 08:10:39	timgraham	2015-06-06 13:56:33	True
4786	coldmind	2015-06-04 23:29:49	timgraham	2015-06-05 01:58:01	True
4786	coldmind	2015-06-04 23:29:49	timgraham	2015-06-05 01:55:15	True
4783	Gagaro	2015-06-04 21:16:13	timgraham	2015-07-08 15:05:38	True
4783	Gagaro	2015-06-04 21:16:13	timgraham	2015-07-08 15:06:33	True
4783	Gagaro	2015-06-04 21:16:13	timgraham	2015-07-08 15:06:01	True
4783	Gagaro	2015-06-04 21:16:13	timgraham	2015-07-08 15:04:03	True
4782	brki	2015-06-04 17:40:45	mjtamlyn	2015-06-04 17:54:55	True
4782	brki	2015-06-04 17:40:45	charettes	2015-06-04 17:45:37	True
4782	brki	2015-06-04 17:40:45	charettes	2015-06-04 17:48:21	True
4782	brki	2015-06-04 17:40:45	charettes	2015-06-04 17:48:50	True
4782	brki	2015-06-04 17:40:45	timgraham	2015-06-04 17:58:42	True
4782	brki	2015-06-04 17:40:45	mjtamlyn	2015-06-04 18:00:39	True
4781	rivol	2015-06-04 17:10:35	MarkusH	2015-06-06 14:17:13	True
4781	rivol	2015-06-04 17:10:35	MarkusH	2015-06-06 14:19:24	True
4780	patrys	2015-06-04 17:00:50	mjtamlyn	2015-06-04 22:04:03	True
4780	patrys	2015-06-04 17:00:50	mjtamlyn	2015-06-04 22:03:53	True
4777	ana-balica	2015-06-04 16:39:29	MarkusH	2015-06-08 16:25:01	True
4777	ana-balica	2015-06-04 16:39:29	MarkusH	2015-06-08 16:24:05	True
4777	ana-balica	2015-06-04 16:39:29	MarkusH	2015-06-08 16:28:49	True
4777	ana-balica	2015-06-04 16:39:29	MarkusH	2015-06-06 13:41:52	True
4777	ana-balica	2015-06-04 16:39:29	MarkusH	2015-06-05 09:46:49	True
4777	ana-balica	2015-06-04 16:39:29	MarkusH	2015-06-08 16:27:54	True
4776	shaib	2015-06-04 16:29:57	timgraham	2015-06-30 12:30:44	True
4776	shaib	2015-06-04 16:29:57	timgraham	2015-06-30 12:29:54	True
4775	mcbhenwood	2015-06-04 16:25:52	MarkusH	2015-06-05 09:38:54	True
4775	mcbhenwood	2015-06-04 16:25:52	MarkusH	2015-06-05 09:39:37	True
4775	mcbhenwood	2015-06-04 16:25:52	timgraham	2015-06-05 01:30:27	True
4775	mcbhenwood	2015-06-04 16:25:52	MarkusH	2015-06-05 09:38:04	True
4775	mcbhenwood	2015-06-04 16:25:52	MarkusH	2015-06-05 10:13:22	True
4775	mcbhenwood	2015-06-04 16:25:52	timgraham	2015-06-05 01:21:43	True
4775	mcbhenwood	2015-06-04 16:25:52	timgraham	2015-06-05 01:25:00	True
4775	mcbhenwood	2015-06-04 16:25:52	timgraham	2015-06-05 01:22:13	True
4775	mcbhenwood	2015-06-04 16:25:52	timgraham	2015-06-05 01:26:22	True
4773	sergei-maertens	2015-06-04 16:01:07	timgraham	2015-06-06 17:51:14	True
4773	sergei-maertens	2015-06-04 16:01:07	timgraham	2015-06-06 17:55:48	True
4773	sergei-maertens	2015-06-04 16:01:07	timgraham	2015-06-06 17:51:55	True
4773	sergei-maertens	2015-06-04 16:01:07	timgraham	2015-06-06 17:53:58	True
4773	sergei-maertens	2015-06-04 16:01:07	timgraham	2015-06-06 17:49:38	True
4773	sergei-maertens	2015-06-04 16:01:07	timgraham	2015-06-06 17:49:34	True
4772	danielward	2015-06-04 15:43:18	timgraham	2015-07-03 17:09:35	True
4772	danielward	2015-06-04 15:43:18	timgraham	2015-07-03 17:09:06	True
4772	danielward	2015-06-04 15:43:18	timgraham	2015-07-03 17:07:05	True
4772	danielward	2015-06-04 15:43:18	timgraham	2015-07-03 17:08:06	True
4771	knbk	2015-06-04 15:42:50	timgraham	2015-06-05 00:50:39	True
4771	knbk	2015-06-04 15:42:50	timgraham	2015-06-05 00:50:52	True
4771	knbk	2015-06-04 15:42:50	timgraham	2015-06-05 00:53:15	True
4767	gchp	2015-06-04 15:26:57	jarshwah	2015-06-09 00:25:54	True
4767	gchp	2015-06-04 15:26:57	jarshwah	2015-06-09 00:31:25	True
4765	akaariai	2015-06-04 14:54:22	charettes	2015-06-04 16:17:36	True
4765	akaariai	2015-06-04 14:54:22	timgraham	2015-06-29 20:25:32	True
4764	gannetson	2015-06-04 14:46:50	timgraham	2015-06-04 15:36:11	True
4763	HonzaKral	2015-06-04 14:22:01	loic	2015-06-05 14:40:37	True
4763	HonzaKral	2015-06-04 14:22:01	MarkusH	2015-06-04 14:46:24	True
4763	HonzaKral	2015-06-04 14:22:01	MarkusH	2015-06-04 14:47:18	True
4763	HonzaKral	2015-06-04 14:22:01	shaib	2015-06-06 17:03:43	True
4763	HonzaKral	2015-06-04 14:22:01	aaugustin	2015-08-01 13:50:35	True
4763	HonzaKral	2015-06-04 14:22:01	apollo13	2015-06-04 16:26:55	True
4763	HonzaKral	2015-06-04 14:22:01	apollo13	2015-06-04 16:17:11	True
4763	HonzaKral	2015-06-04 14:22:01	MarkusH	2015-06-04 14:42:07	True
4763	HonzaKral	2015-06-04 14:22:01	MarkusH	2015-06-04 14:45:43	True
4763	HonzaKral	2015-06-04 14:22:01	MarkusH	2015-06-04 14:43:34	True
4761	aaugustin	2015-06-04 14:14:28	shaib	2015-06-13 22:06:29	True
4761	aaugustin	2015-06-04 14:14:28	shaib	2015-06-13 22:04:53	True
4761	aaugustin	2015-06-04 14:14:28	shaib	2015-06-05 00:50:55	True
4761	aaugustin	2015-06-04 14:14:28	shaib	2015-06-13 22:09:42	True
4761	aaugustin	2015-06-04 14:14:28	shaib	2015-06-06 22:24:38	True
4761	aaugustin	2015-06-04 14:14:28	shaib	2015-06-05 11:49:05	True
4761	aaugustin	2015-06-04 14:14:28	shaib	2015-06-05 00:49:54	True
4761	aaugustin	2015-06-04 14:14:28	shaib	2015-06-05 00:47:06	True
4761	aaugustin	2015-06-04 14:14:28	shaib	2015-06-05 00:39:20	True
4761	aaugustin	2015-06-04 14:14:28	shaib	2015-06-05 00:38:21	True
4759	amarksteadman	2015-06-04 13:59:59	timgraham	2015-06-04 14:18:30	True
4759	amarksteadman	2015-06-04 13:59:59	MarkusH	2015-06-04 17:16:37	True
4759	amarksteadman	2015-06-04 13:59:59	MarkusH	2015-06-04 17:18:13	True
4758	cole	2015-06-04 13:51:41	mjtamlyn	2015-06-04 16:48:30	True
4758	cole	2015-06-04 13:51:41	timgraham	2015-06-06 14:28:02	True
4757	sergei-maertens	2015-06-04 13:19:19	freakboy3742	2015-06-05 10:09:42	True
4757	sergei-maertens	2015-06-04 13:19:19	freakboy3742	2015-06-05 10:04:36	True
4756	raphaelm	2015-06-04 13:10:56	timgraham	2015-06-04 13:23:12	True
4754	sergeykolosov	2015-06-04 12:59:23	timgraham	2015-08-26 21:17:09	True
4754	sergeykolosov	2015-06-04 12:59:23	timgraham	2015-08-26 21:21:10	True
4754	sergeykolosov	2015-06-04 12:59:23	timgraham	2015-08-26 21:39:34	True
4754	sergeykolosov	2015-06-04 12:59:23	timgraham	2015-08-26 21:47:11	True
4754	sergeykolosov	2015-06-04 12:59:23	timgraham	2015-08-26 21:32:47	True
4754	sergeykolosov	2015-06-04 12:59:23	timgraham	2015-08-27 14:44:55	True
4754	sergeykolosov	2015-06-04 12:59:23	timgraham	2015-08-27 13:48:54	True
4754	sergeykolosov	2015-06-04 12:59:23	timgraham	2015-08-26 21:19:21	True
4754	sergeykolosov	2015-06-04 12:59:23	timgraham	2015-07-08 13:21:36	True
4754	sergeykolosov	2015-06-04 12:59:23	timgraham	2015-08-26 21:18:20	True
4754	sergeykolosov	2015-06-04 12:59:23	timgraham	2015-08-26 21:29:42	True
4753	dracos	2015-06-04 11:57:59	timgraham	2015-06-05 15:09:25	True
4753	dracos	2015-06-04 11:57:59	timgraham	2015-06-05 15:08:43	True
4753	dracos	2015-06-04 11:57:59	prestontimmons	2015-06-05 14:49:03	True
4753	dracos	2015-06-04 11:57:59	prestontimmons	2015-06-04 16:57:00	True
4753	dracos	2015-06-04 11:57:59	prestontimmons	2015-06-04 16:33:53	True
4752	amarksteadman	2015-06-04 10:37:33	timgraham	2015-06-04 10:57:05	True
4751	rolo	2015-06-04 10:33:01	bronsen	2015-06-04 10:44:40	True
4749	raphaelm	2015-06-04 09:46:49	MarkusH	2015-06-04 22:50:28	True
4749	raphaelm	2015-06-04 09:46:49	MarkusH	2015-06-04 22:51:22	True
4748	mjtamlyn	2015-06-04 09:25:52	patrys	2015-06-04 11:12:13	True
4748	mjtamlyn	2015-06-04 09:25:52	LilyFoote	2015-06-04 11:04:48	True
4748	mjtamlyn	2015-06-04 09:25:52	LilyFoote	2015-06-04 11:00:32	True
4747	jpic	2015-06-04 08:43:50	dgouldin	2015-06-04 17:43:12	True
4747	jpic	2015-06-04 08:43:50	dgouldin	2015-06-05 11:19:21	True
4746	the-real-ed	2015-06-04 07:11:55	MarkusH	2015-06-04 08:27:29	True
4743	knbk	2015-06-03 17:16:18	timgraham	2015-06-04 02:37:38	True
4743	knbk	2015-06-03 17:16:18	timgraham	2015-06-04 15:51:56	True
4743	knbk	2015-06-03 17:16:18	timgraham	2015-06-04 02:36:59	True
4743	knbk	2015-06-03 17:16:18	timgraham	2015-06-04 02:39:11	True
4741	mjtamlyn	2015-06-03 11:59:00	timgraham	2015-06-04 13:50:57	True
4741	mjtamlyn	2015-06-03 11:59:00	coldmind	2015-06-03 13:24:42	True
4741	mjtamlyn	2015-06-03 11:59:00	coldmind	2015-06-03 13:26:15	True
4741	mjtamlyn	2015-06-03 11:59:00	timgraham	2015-06-04 13:49:11	True
4741	mjtamlyn	2015-06-03 11:59:00	timgraham	2015-06-04 13:51:33	True
4741	mjtamlyn	2015-06-03 11:59:00	timgraham	2015-06-04 13:52:05	True
4741	mjtamlyn	2015-06-03 11:59:00	timgraham	2015-06-04 13:49:32	True
4740	alimony	2015-06-03 09:21:09	timgraham	2015-06-06 18:15:59	True
4740	alimony	2015-06-03 09:21:09	timgraham	2015-06-06 18:24:23	True
4735	zauddelig	2015-06-02 09:09:04	ewjoachim	2015-06-02 11:45:59	True
4732	carljm	2015-06-01 23:24:05	charettes	2015-06-02 02:46:38	True
4732	carljm	2015-06-01 23:24:05	charettes	2015-06-02 01:39:28	True
4731	adamchainz	2015-06-01 22:13:21	timgraham	2015-06-14 00:05:18	True
4731	adamchainz	2015-06-01 22:13:21	ewjoachim	2015-06-03 09:30:42	True
4731	adamchainz	2015-06-01 22:13:21	timgraham	2015-06-14 00:01:57	True
4729	andrewgodwin	2015-06-01 15:09:25	manfre	2015-06-02 13:10:37	True
4729	andrewgodwin	2015-06-01 15:09:25	ewjoachim	2015-06-01 22:57:50	True
4729	andrewgodwin	2015-06-01 15:09:25	ewjoachim	2015-06-01 23:05:14	True
4729	andrewgodwin	2015-06-01 15:09:25	MarkusH	2015-11-05 15:23:32	True
4728	yoongkang	2015-06-01 12:49:47	timgraham	2015-06-01 12:57:31	True
4728	yoongkang	2015-06-01 12:49:47	timgraham	2015-06-01 13:23:20	True
