pr_number	author_user_login	pr_created_at	review_comment_user_login	review_comment_created_at	is_review_review_comment
173	dbrgn	2012-06-25 11:01:11	jezdez	2012-07-02 10:53:34	True
173	dbrgn	2012-06-25 11:01:11	apollo13	2012-07-02 09:43:31	True
173	dbrgn	2012-06-25 11:01:11	jezdez	2012-07-02 10:53:21	True
168	claudep	2012-06-21 18:10:21	jbronn	2012-09-10 02:04:58	True
165	tuxcanfly	2012-06-20 06:27:46	akaariai	2012-07-15 08:51:01	True
165	tuxcanfly	2012-06-20 06:27:46	akaariai	2012-07-15 08:52:05	True
165	tuxcanfly	2012-06-20 06:27:46	akaariai	2012-07-15 08:48:13	True
158	ekkus93	2012-06-17 00:03:12	jphalip	2012-06-17 03:34:37	True
158	ekkus93	2012-06-17 00:03:12	jphalip	2012-06-17 03:35:57	True
158	ekkus93	2012-06-17 00:03:12	jphalip	2012-06-17 03:34:32	True
150	saschpe	2012-06-12 14:06:28	ptone	2012-09-27 23:43:23	True
150	saschpe	2012-06-12 14:06:28	spookylukey	2012-10-13 22:45:47	True
147	fuu	2012-06-09 07:41:14	jezdez	2012-06-09 22:41:01	True
147	fuu	2012-06-09 07:41:14	apollo13	2012-06-09 08:36:25	True
136	dmedvinsky	2012-06-08 10:12:10	apollo13	2012-06-09 12:26:58	True
136	dmedvinsky	2012-06-08 10:12:10	apollo13	2012-06-09 08:28:25	True
136	dmedvinsky	2012-06-08 10:12:10	apollo13	2012-06-09 09:09:51	True
136	dmedvinsky	2012-06-08 10:12:10	apollo13	2012-06-09 08:26:46	True
134	ghost	2012-06-08 10:03:04	chrismedrela	2012-06-08 18:52:59	True
124	oinopion	2012-06-07 15:57:36	akaariai	2012-06-08 10:07:21	True
124	oinopion	2012-06-07 15:57:36	akaariai	2012-06-08 10:09:49	True
110	msabramo	2012-06-04 21:02:55	apollo13	2012-06-09 12:36:53	True
110	msabramo	2012-06-04 21:02:55	apollo13	2012-06-10 18:38:51	True
