pr_number	author_user_login	pr_created_at	review_comment_user_login	review_comment_created_at	is_review_review_comment
14818	David-Wobrock	2021-08-31 20:38:31	felixxm	2021-09-01 07:30:21	True
14818	David-Wobrock	2021-08-31 20:38:31	felixxm	2021-09-01 07:30:45	True
14817	hammadarshad1	2021-08-31 18:33:01	cjerdonek	2021-09-02 11:58:37	True
14817	hammadarshad1	2021-08-31 18:33:01	cjerdonek	2021-09-02 11:51:35	True
14817	hammadarshad1	2021-08-31 18:33:01	cjerdonek	2021-09-02 11:43:32	True
14817	hammadarshad1	2021-08-31 18:33:01	cjerdonek	2021-09-02 11:40:22	True
14817	hammadarshad1	2021-08-31 18:33:01	felixxm	2021-09-01 06:43:15	True
14817	hammadarshad1	2021-08-31 18:33:01	felixxm	2021-09-01 06:42:57	True
14817	hammadarshad1	2021-08-31 18:33:01	felixxm	2021-09-01 08:46:30	True
14815	piaoxue1949	2021-08-31 10:04:17	felixxm	2021-09-02 10:28:18	True
14815	piaoxue1949	2021-08-31 10:04:17	kezabelle	2021-09-02 09:34:44	True
14815	piaoxue1949	2021-08-31 10:04:17	felixxm	2021-09-02 05:41:20	True
14815	piaoxue1949	2021-08-31 10:04:17	kezabelle	2021-09-02 12:54:05	True
14815	piaoxue1949	2021-08-31 10:04:17	felixxm	2021-09-03 04:08:14	True
14815	piaoxue1949	2021-08-31 10:04:17	felixxm	2021-09-02 09:43:58	True
14814	felixxm	2021-08-31 06:26:13	cjerdonek	2021-08-31 07:25:28	True
14814	felixxm	2021-08-31 06:26:13	ngnpope	2021-08-31 06:35:07	True
14814	felixxm	2021-08-31 06:26:13	ngnpope	2021-08-31 06:32:10	True
14812	taliraj	2021-08-30 16:51:46	felixxm	2021-09-02 08:14:03	True
14812	taliraj	2021-08-30 16:51:46	felixxm	2021-09-02 08:27:59	True
14812	taliraj	2021-08-30 16:51:46	felixxm	2021-09-02 08:21:41	True
14812	taliraj	2021-08-30 16:51:46	felixxm	2021-09-02 08:33:08	True
14811		2021-08-30 16:35:45			
14810	sondrelg	2021-08-30 11:13:07	cjerdonek	2021-08-30 17:37:15	True
14810	sondrelg	2021-08-30 11:13:07	cjerdonek	2021-08-30 17:37:39	True
14810	sondrelg	2021-08-30 11:13:07	cjerdonek	2021-08-30 16:39:30	True
14810	sondrelg	2021-08-30 11:13:07	cjerdonek	2021-08-30 17:37:05	True
14810	sondrelg	2021-08-30 11:13:07	cjerdonek	2021-08-30 16:54:59	True
14810	sondrelg	2021-08-30 11:13:07	cjerdonek	2021-08-30 16:36:29	True
14810	sondrelg	2021-08-30 11:13:07	cjerdonek	2021-08-30 16:57:46	True
14809	felixxm	2021-08-30 05:31:32	timgraham	2021-08-31 00:44:13	True
14807	jonnythebard	2021-08-28 06:18:54	felixxm	2021-10-28 06:38:07	True
14805	jacobtylerwalls	2021-08-27 18:16:17	felixxm	2021-10-07 07:05:52	True
14805	jacobtylerwalls	2021-08-27 18:16:17	felixxm	2021-10-07 07:08:49	True
14805	jacobtylerwalls	2021-08-27 18:16:17	felixxm	2021-10-07 07:20:44	True
14805	jacobtylerwalls	2021-08-27 18:16:17	felixxm	2021-10-07 07:23:28	True
14805	jacobtylerwalls	2021-08-27 18:16:17	felixxm	2021-10-07 07:21:13	True
14805	jacobtylerwalls	2021-08-27 18:16:17	felixxm	2021-10-07 07:24:57	True
14805	jacobtylerwalls	2021-08-27 18:16:17	felixxm	2021-10-07 07:18:57	True
14803	hramezani	2021-08-26 15:45:15	ngnpope	2021-08-26 19:30:25	True
14803	hramezani	2021-08-26 15:45:15	ngnpope	2021-08-26 19:29:58	True
14802	ngnpope	2021-08-26 13:11:26	carltongibson	2021-09-07 09:23:31	True
14802	ngnpope	2021-08-26 13:11:26	felixxm	2021-09-03 10:55:48	True
14802	ngnpope	2021-08-26 13:11:26	felixxm	2021-09-03 08:26:57	True
14802	ngnpope	2021-08-26 13:11:26	cjerdonek	2021-08-26 21:32:03	True
14802	ngnpope	2021-08-26 13:11:26	cjerdonek	2021-08-26 17:01:31	True
14802	ngnpope	2021-08-26 13:11:26	cjerdonek	2021-08-26 16:09:53	True
14802	ngnpope	2021-08-26 13:11:26	cjerdonek	2021-08-26 15:45:16	True
14802	ngnpope	2021-08-26 13:11:26	cjerdonek	2021-08-26 15:42:05	True
14802	ngnpope	2021-08-26 13:11:26	cjerdonek	2021-08-27 00:20:06	True
14802	ngnpope	2021-08-26 13:11:26	felixxm	2021-09-03 08:54:37	True
14801		2021-08-26 11:36:37			
14800	abbasidaniyal	2021-08-25 21:17:22	pauloxnet	2021-11-07 15:52:54	True
14800	abbasidaniyal	2021-08-25 21:17:22	pauloxnet	2021-11-07 15:50:20	True
14800	abbasidaniyal	2021-08-25 21:17:22	awtimmering	2021-09-20 14:54:56	True
14800	abbasidaniyal	2021-08-25 21:17:22	pauloxnet	2021-11-07 15:51:35	True
14800	abbasidaniyal	2021-08-25 21:17:22	pauloxnet	2021-11-07 15:53:12	True
14799	cansarigol	2021-08-25 11:46:39	felixxm	2021-08-25 11:53:05	True
14798		2021-08-25 08:44:22			
14797	felixxm	2021-08-25 07:56:43	cjerdonek	2021-08-25 16:20:31	True
14797	felixxm	2021-08-25 07:56:43	cjerdonek	2021-08-25 16:43:55	True
14796	emorozov	2021-08-24 20:35:40	adamchainz	2021-08-25 16:17:37	True
14794	mustafa0x	2021-08-24 17:41:53	ngnpope	2021-08-24 23:22:41	True
14793		2021-08-24 11:06:12			
14792	carltongibson	2021-08-24 09:25:15	felixxm	2021-08-24 09:49:43	True
14792	carltongibson	2021-08-24 09:25:15	felixxm	2021-08-30 08:03:38	True
14792	carltongibson	2021-08-24 09:25:15	felixxm	2021-08-24 09:53:11	True
14792	carltongibson	2021-08-24 09:25:15	felixxm	2021-08-24 09:53:05	True
14787		2021-08-23 12:59:59			
14785	chinmoy12c	2021-08-21 15:31:20	timgraham	2021-08-21 22:55:36	True
14785	chinmoy12c	2021-08-21 15:31:20	timgraham	2021-08-21 22:53:21	True
14785	chinmoy12c	2021-08-21 15:31:20	timgraham	2021-08-21 22:56:37	True
14784	chinmoy12c	2021-08-20 19:04:44	jacobtylerwalls	2021-10-05 12:40:36	True
14784	chinmoy12c	2021-08-20 19:04:44	jacobtylerwalls	2021-10-05 16:04:50	True
14784	chinmoy12c	2021-08-20 19:04:44	joshiayush	2022-01-11 07:39:31	True
14784	chinmoy12c	2021-08-20 19:04:44	Swannbm	2022-01-06 17:37:50	True
14784	chinmoy12c	2021-08-20 19:04:44	jacobtylerwalls	2021-10-05 00:04:49	True
14784	chinmoy12c	2021-08-20 19:04:44	joshiayush	2022-01-11 07:40:31	True
14781	felixxm	2021-08-20 06:58:21	cjerdonek	2021-08-20 07:22:13	True
14781	felixxm	2021-08-20 06:58:21	cjerdonek	2021-08-20 07:17:51	True
14778	MaertHaekkinen	2021-08-18 16:18:54	felixxm	2021-08-19 06:11:13	True
14778	MaertHaekkinen	2021-08-18 16:18:54	felixxm	2021-08-19 06:07:46	True
14776	cjerdonek	2021-08-18 04:37:34	smithdc1	2021-08-23 05:45:30	True
14776	cjerdonek	2021-08-18 04:37:34	smithdc1	2021-08-23 06:56:12	True
14776	cjerdonek	2021-08-18 04:37:34	apollo13	2021-08-23 06:57:27	True
14776	cjerdonek	2021-08-18 04:37:34	shaib	2021-10-09 17:02:59	True
14776	cjerdonek	2021-08-18 04:37:34	felixxm	2021-11-17 07:07:29	True
14776	cjerdonek	2021-08-18 04:37:34	felixxm	2021-11-17 07:22:30	True
14776	cjerdonek	2021-08-18 04:37:34	felixxm	2021-11-17 07:01:20	True
14776	cjerdonek	2021-08-18 04:37:34	apollo13	2021-08-22 10:23:53	True
14776	cjerdonek	2021-08-18 04:37:34	shaib	2021-10-09 16:39:42	True
14776	cjerdonek	2021-08-18 04:37:34	shaib	2021-10-09 18:57:09	True
14776	cjerdonek	2021-08-18 04:37:34	apollo13	2021-08-22 10:26:44	True
14776	cjerdonek	2021-08-18 04:37:34	shaib	2021-10-09 18:36:49	True
14776	cjerdonek	2021-08-18 04:37:34	shaib	2021-10-09 16:34:15	True
14776	cjerdonek	2021-08-18 04:37:34	shaib	2021-10-09 18:39:11	True
14776	cjerdonek	2021-08-18 04:37:34	felixxm	2021-11-17 07:45:59	True
14775	xdqc	2021-08-17 14:30:08	felixxm	2021-11-25 08:32:52	True
14773	anorthall	2021-08-15 19:35:30	jacobtylerwalls	2021-08-16 01:13:31	True
14773	anorthall	2021-08-15 19:35:30	jacobtylerwalls	2021-08-16 01:13:17	True
14773	anorthall	2021-08-15 19:35:30	jacobtylerwalls	2021-08-16 01:13:54	True
14773	anorthall	2021-08-15 19:35:30	jacobtylerwalls	2021-08-16 01:14:46	True
14773	anorthall	2021-08-15 19:35:30	jacobtylerwalls	2021-08-16 01:14:25	True
14773	anorthall	2021-08-15 19:35:30	jacobtylerwalls	2021-08-16 04:06:21	True
14773	anorthall	2021-08-15 19:35:30	jacobtylerwalls	2021-08-16 01:14:11	True
14773	anorthall	2021-08-15 19:35:30	jacobtylerwalls	2021-08-16 04:06:07	True
14771	uddmorningsun	2021-08-15 07:26:17	ngnpope	2021-08-19 19:32:49	True
14771	uddmorningsun	2021-08-15 07:26:17	felixxm	2021-09-28 07:28:51	True
14771	uddmorningsun	2021-08-15 07:26:17	felixxm	2021-09-28 07:29:03	True
14771	uddmorningsun	2021-08-15 07:26:17	felixxm	2021-09-28 07:10:11	True
14771	uddmorningsun	2021-08-15 07:26:17	ngnpope	2021-08-19 19:31:51	True
14771	uddmorningsun	2021-08-15 07:26:17	ngnpope	2021-08-19 19:39:00	True
14771	uddmorningsun	2021-08-15 07:26:17	ngnpope	2021-08-19 19:32:26	True
14770	David-Wobrock	2021-08-14 17:04:27	felixxm	2021-09-23 05:24:45	True
14770	David-Wobrock	2021-08-14 17:04:27	felixxm	2021-09-23 05:07:52	True
14770	David-Wobrock	2021-08-14 17:04:27	felixxm	2021-09-23 05:03:37	True
14769	kezabelle	2021-08-14 15:22:41	ngnpope	2021-08-17 12:17:54	True
14767	smithdc1	2021-08-13 16:56:30	felixxm	2021-09-10 11:01:05	True
14767	smithdc1	2021-08-13 16:56:30	felixxm	2021-09-16 09:04:48	True
14763	vakwetu	2021-08-11 15:59:21	cjerdonek	2021-08-12 04:36:47	True
14763	vakwetu	2021-08-11 15:59:21	felixxm	2021-10-07 04:53:13	True
14763	vakwetu	2021-08-11 15:59:21	cjerdonek	2021-08-12 04:28:35	True
14763	vakwetu	2021-08-11 15:59:21	cjerdonek	2021-08-12 04:29:30	True
14763	vakwetu	2021-08-11 15:59:21	felixxm	2021-10-07 04:37:43	True
14763	vakwetu	2021-08-11 15:59:21	felixxm	2021-10-07 04:42:24	True
14763	vakwetu	2021-08-11 15:59:21	felixxm	2021-10-07 04:50:29	True
14763	vakwetu	2021-08-11 15:59:21	felixxm	2021-10-07 04:41:34	True
14763	vakwetu	2021-08-11 15:59:21	felixxm	2021-10-08 04:08:51	True
14763	vakwetu	2021-08-11 15:59:21	felixxm	2021-10-07 04:53:38	True
14763	vakwetu	2021-08-11 15:59:21	felixxm	2021-10-07 04:53:44	True
14763	vakwetu	2021-08-11 15:59:21	cjerdonek	2021-08-12 04:23:22	True
14763	vakwetu	2021-08-11 15:59:21	felixxm	2021-10-07 04:42:13	True
14763	vakwetu	2021-08-11 15:59:21	felixxm	2021-10-07 04:35:10	True
14763	vakwetu	2021-08-11 15:59:21	felixxm	2021-10-07 04:35:21	True
14762	martinsvoboda	2021-08-11 15:01:48	felixxm	2021-10-14 05:38:25	True
14761	cjerdonek	2021-08-11 01:30:45	carltongibson	2021-08-13 13:40:45	True
14761	cjerdonek	2021-08-11 01:30:45	shaib	2021-08-13 15:33:34	True
14760	felixxm	2021-08-10 08:02:57	cjerdonek	2021-08-10 11:37:25	True
14760	felixxm	2021-08-10 08:02:57	kezabelle	2021-08-10 10:06:11	True
14760	felixxm	2021-08-10 08:02:57	kezabelle	2021-08-10 10:52:44	True
14759	cjerdonek	2021-08-10 03:54:45	smithdc1	2021-08-14 08:23:01	True
14759	cjerdonek	2021-08-10 03:54:45	felixxm	2021-08-24 07:16:35	True
14759	cjerdonek	2021-08-10 03:54:45	smithdc1	2021-08-14 08:20:39	True
14759	cjerdonek	2021-08-10 03:54:45	smithdc1	2021-08-15 05:39:25	True
14759	cjerdonek	2021-08-10 03:54:45	smithdc1	2021-08-15 05:36:33	True
14759	cjerdonek	2021-08-10 03:54:45	smithdc1	2021-08-14 08:30:29	True
14756	ff-zhang	2021-08-09 04:43:04	felixxm	2021-09-23 09:36:27	True
14755	kezabelle	2021-08-08 16:11:31	ngnpope	2021-08-08 22:19:31	True
14754	jacobtylerwalls	2021-08-08 14:04:22	kezabelle	2021-08-08 16:18:04	True
14754	jacobtylerwalls	2021-08-08 14:04:22	kezabelle	2021-08-08 16:18:59	True
14754	jacobtylerwalls	2021-08-08 14:04:22	kezabelle	2021-08-08 16:18:35	True
14754	jacobtylerwalls	2021-08-08 14:04:22	kezabelle	2021-08-08 16:16:39	True
14754	jacobtylerwalls	2021-08-08 14:04:22	kezabelle	2021-08-08 16:17:14	True
14753	cjerdonek	2021-08-08 05:17:32	ngnpope	2021-08-08 22:49:43	True
14753	cjerdonek	2021-08-08 05:17:32	ngnpope	2021-08-08 23:00:30	True
14753	cjerdonek	2021-08-08 05:17:32	ngnpope	2021-08-09 06:59:11	True
14753	cjerdonek	2021-08-08 05:17:32	felixxm	2021-08-09 09:32:20	True
14753	cjerdonek	2021-08-08 05:17:32	ngnpope	2021-08-08 23:46:35	True
14753	cjerdonek	2021-08-08 05:17:32	ngnpope	2021-08-09 11:09:51	True
14753	cjerdonek	2021-08-08 05:17:32	felixxm	2021-08-09 09:30:40	True
14753	cjerdonek	2021-08-08 05:17:32	felixxm	2021-08-09 11:38:10	True
14752	mrts	2021-08-07 16:34:32	felixxm	2021-08-09 05:33:43	True
14752	mrts	2021-08-07 16:34:32	tim-mccurrach	2021-08-07 23:40:48	True
14752	mrts	2021-08-07 16:34:32	tim-mccurrach	2021-08-07 23:27:34	True
14752	mrts	2021-08-07 16:34:32	tim-mccurrach	2021-08-07 23:08:26	True
14751	jacobtylerwalls	2021-08-07 14:53:57	felixxm	2022-01-03 20:09:11	True
14751	jacobtylerwalls	2021-08-07 14:53:57	felixxm	2021-12-31 07:41:05	True
14751	jacobtylerwalls	2021-08-07 14:53:57	felixxm	2022-01-07 07:38:32	True
14751	jacobtylerwalls	2021-08-07 14:53:57	felixxm	2021-12-31 07:52:44	True
14751	jacobtylerwalls	2021-08-07 14:53:57	felixxm	2022-01-06 07:39:57	True
14751	jacobtylerwalls	2021-08-07 14:53:57	felixxm	2022-01-06 07:37:42	True
14751	jacobtylerwalls	2021-08-07 14:53:57	felixxm	2022-01-03 20:09:00	True
14751	jacobtylerwalls	2021-08-07 14:53:57	felixxm	2021-12-31 07:42:06	True
14751	jacobtylerwalls	2021-08-07 14:53:57	felixxm	2022-01-03 20:10:07	True
14751	jacobtylerwalls	2021-08-07 14:53:57	felixxm	2021-12-31 07:50:39	True
14751	jacobtylerwalls	2021-08-07 14:53:57	felixxm	2021-12-31 07:41:42	True
14751	jacobtylerwalls	2021-08-07 14:53:57	cjerdonek	2021-08-07 18:35:15	True
14751	jacobtylerwalls	2021-08-07 14:53:57	cjerdonek	2021-08-26 05:31:17	True
14750	kezabelle	2021-08-06 15:31:42	felixxm	2021-11-02 11:58:32	True
14750	kezabelle	2021-08-06 15:31:42	adamchainz	2021-10-21 10:32:19	True
14750	kezabelle	2021-08-06 15:31:42	felixxm	2021-11-03 09:22:19	True
14750	kezabelle	2021-08-06 15:31:42	felixxm	2021-11-03 09:45:16	True
14750	kezabelle	2021-08-06 15:31:42	felixxm	2021-11-02 11:59:48	True
14748	gtwohig	2021-08-06 10:59:18	cjerdonek	2021-08-06 15:15:52	True
14748	gtwohig	2021-08-06 10:59:18	cjerdonek	2021-08-08 18:47:44	True
14748	gtwohig	2021-08-06 10:59:18	cjerdonek	2021-08-08 18:47:15	True
14748	gtwohig	2021-08-06 10:59:18	cjerdonek	2021-08-07 14:16:38	True
14748	gtwohig	2021-08-06 10:59:18	cjerdonek	2021-08-07 14:20:11	True
14748	gtwohig	2021-08-06 10:59:18	cjerdonek	2021-08-08 18:44:07	True
14748	gtwohig	2021-08-06 10:59:18	cjerdonek	2021-08-06 14:10:21	True
14748	gtwohig	2021-08-06 10:59:18	cjerdonek	2021-08-08 22:39:22	True
14748	gtwohig	2021-08-06 10:59:18	cjerdonek	2021-08-06 14:04:15	True
14748	gtwohig	2021-08-06 10:59:18	cjerdonek	2021-08-06 13:56:07	True
14748	gtwohig	2021-08-06 10:59:18	cjerdonek	2021-08-06 14:01:43	True
14747		2021-08-06 10:42:39			
14746		2021-08-05 16:36:44			
14744	felixxm	2021-08-04 10:21:12	ngnpope	2021-08-04 12:44:46	True
14744	felixxm	2021-08-04 10:21:12	cjerdonek	2021-08-04 14:15:15	True
14744	felixxm	2021-08-04 10:21:12	ngnpope	2021-08-04 13:57:50	True
14744	felixxm	2021-08-04 10:21:12	cjerdonek	2021-08-04 14:42:41	True
14743	cjerdonek	2021-08-04 06:32:43	ngnpope	2021-08-04 17:31:59	True
14743	cjerdonek	2021-08-04 06:32:43	felixxm	2021-08-04 14:19:58	True
14743	cjerdonek	2021-08-04 06:32:43	ngnpope	2021-08-04 12:55:04	True
14743	cjerdonek	2021-08-04 06:32:43	felixxm	2021-08-05 04:04:14	True
14743	cjerdonek	2021-08-04 06:32:43	felixxm	2021-08-04 14:27:22	True
14743	cjerdonek	2021-08-04 06:32:43	ngnpope	2021-08-04 21:34:53	True
14740	jacobtylerwalls	2021-08-03 21:42:50	smithdc1	2021-08-04 05:08:29	True
14740	jacobtylerwalls	2021-08-03 21:42:50	smithdc1	2021-08-05 19:00:45	True
14740	jacobtylerwalls	2021-08-03 21:42:50	smithdc1	2021-08-05 20:26:51	True
14738	smithdc1	2021-08-03 18:44:45	felixxm	2021-08-04 10:38:43	True
14738	smithdc1	2021-08-03 18:44:45	carltongibson	2021-08-04 09:14:56	True
14738	smithdc1	2021-08-03 18:44:45	felixxm	2021-08-04 10:38:14	True
14737	felixxm	2021-08-03 18:42:30	cjerdonek	2021-08-05 06:08:21	True
14737	felixxm	2021-08-03 18:42:30	cjerdonek	2021-08-05 06:11:07	True
14737	felixxm	2021-08-03 18:42:30	cjerdonek	2021-08-05 06:18:03	True
14737	felixxm	2021-08-03 18:42:30	cjerdonek	2021-08-05 22:01:29	True
14737	felixxm	2021-08-03 18:42:30	cjerdonek	2021-08-06 06:25:01	True
14737	felixxm	2021-08-03 18:42:30	cjerdonek	2021-08-07 06:29:23	True
14737	felixxm	2021-08-03 18:42:30	cjerdonek	2021-08-07 06:39:51	True
14735	danthedeckie	2021-08-03 14:34:23	felixxm	2021-08-05 08:48:42	True
14735	danthedeckie	2021-08-03 14:34:23	felixxm	2021-08-05 08:47:49	True
14735	danthedeckie	2021-08-03 14:34:23	felixxm	2021-08-06 09:48:30	True
14735	danthedeckie	2021-08-03 14:34:23	felixxm	2021-08-06 08:22:56	True
14735	danthedeckie	2021-08-03 14:34:23	felixxm	2021-08-05 08:36:03	True
14735	danthedeckie	2021-08-03 14:34:23	felixxm	2021-08-05 08:31:23	True
14733	tiesjan	2021-08-03 09:07:47	felixxm	2021-08-03 09:55:00	True
14733	tiesjan	2021-08-03 09:07:47	felixxm	2021-08-03 09:48:28	True
14733	tiesjan	2021-08-03 09:07:47	felixxm	2021-08-03 09:48:14	True
14733	tiesjan	2021-08-03 09:07:47	felixxm	2021-08-03 09:54:41	True
14733	tiesjan	2021-08-03 09:07:47	felixxm	2021-08-03 09:54:21	True
14733	tiesjan	2021-08-03 09:07:47	felixxm	2021-08-03 09:45:38	True
14733	tiesjan	2021-08-03 09:07:47	felixxm	2021-08-03 09:43:11	True
14733	tiesjan	2021-08-03 09:07:47	felixxm	2021-08-03 09:42:27	True
14731	smithdc1	2021-08-03 05:57:00	ngnpope	2021-08-03 12:18:18	True
14731	smithdc1	2021-08-03 05:57:00	ngnpope	2021-08-03 12:50:30	True
14731	smithdc1	2021-08-03 05:57:00	ngnpope	2021-08-03 12:16:18	True
14731	smithdc1	2021-08-03 05:57:00	ngnpope	2021-08-03 12:25:55	True
14731	smithdc1	2021-08-03 05:57:00	ngnpope	2021-08-03 12:27:52	True
14731	smithdc1	2021-08-03 05:57:00	ngnpope	2021-08-03 12:24:21	True
14731	smithdc1	2021-08-03 05:57:00	felixxm	2021-10-21 05:00:37	True
14731	smithdc1	2021-08-03 05:57:00	ngnpope	2021-08-03 12:48:51	True
14731	smithdc1	2021-08-03 05:57:00	ngnpope	2021-08-03 12:22:56	True
14731	smithdc1	2021-08-03 05:57:00	ngnpope	2021-10-19 19:09:50	True
14731	smithdc1	2021-08-03 05:57:00	ngnpope	2021-10-19 19:11:52	True
14731	smithdc1	2021-08-03 05:57:00	ngnpope	2021-08-03 12:21:51	True
14731	smithdc1	2021-08-03 05:57:00	felixxm	2021-10-21 04:58:09	True
14731	smithdc1	2021-08-03 05:57:00	ngnpope	2021-08-03 12:20:54	True
14731	smithdc1	2021-08-03 05:57:00	ngnpope	2021-08-03 12:04:19	True
14731	smithdc1	2021-08-03 05:57:00	felixxm	2021-10-21 05:14:34	True
14731	smithdc1	2021-08-03 05:57:00	ngnpope	2021-08-03 12:14:16	True
14731	smithdc1	2021-08-03 05:57:00	ngnpope	2021-08-03 12:09:36	True
14731	smithdc1	2021-08-03 05:57:00	ngnpope	2021-08-03 12:17:29	True
14731	smithdc1	2021-08-03 05:57:00	ngnpope	2021-08-03 12:17:18	True
14731	smithdc1	2021-08-03 05:57:00	ngnpope	2021-08-03 12:15:32	True
14731	smithdc1	2021-08-03 05:57:00	ngnpope	2021-08-03 12:16:31	True
14731	smithdc1	2021-08-03 05:57:00	ngnpope	2021-08-03 12:13:52	True
14731	smithdc1	2021-08-03 05:57:00	ngnpope	2021-08-03 12:08:02	True
14731	smithdc1	2021-08-03 05:57:00	ngnpope	2021-08-03 11:50:52	True
14731	smithdc1	2021-08-03 05:57:00	ngnpope	2021-08-03 12:03:19	True
14730	partofthething	2021-08-03 04:27:52	carltongibson	2021-08-04 07:59:43	True
14730	partofthething	2021-08-03 04:27:52	felixxm	2021-08-04 10:31:29	True
14730	partofthething	2021-08-03 04:27:52	carltongibson	2021-08-04 07:47:58	True
14730	partofthething	2021-08-03 04:27:52	carltongibson	2021-08-05 07:30:10	True
14730	partofthething	2021-08-03 04:27:52	felixxm	2021-08-04 10:30:27	True
14730	partofthething	2021-08-03 04:27:52	carltongibson	2021-08-04 07:46:39	True
14730	partofthething	2021-08-03 04:27:52	felixxm	2021-08-04 10:30:49	True
14730	partofthething	2021-08-03 04:27:52	carltongibson	2021-08-04 07:51:36	True
14730	partofthething	2021-08-03 04:27:52	carltongibson	2021-08-04 07:47:30	True
14730	partofthething	2021-08-03 04:27:52	carltongibson	2021-08-04 07:52:17	True
14728	tigicion	2021-08-02 16:18:51	kezabelle	2021-09-05 11:19:23	True
14728	tigicion	2021-08-02 16:18:51	smithdc1	2021-09-06 11:10:15	True
14728	tigicion	2021-08-02 16:18:51	kezabelle	2021-09-06 09:54:42	True
14728	tigicion	2021-08-02 16:18:51	felixxm	2021-09-06 08:51:22	True
14728	tigicion	2021-08-02 16:18:51	felixxm	2021-09-06 08:37:38	True
14728	tigicion	2021-08-02 16:18:51	kezabelle	2021-09-05 11:28:35	True
14728	tigicion	2021-08-02 16:18:51	kezabelle	2021-09-06 09:50:25	True
14728	tigicion	2021-08-02 16:18:51	kezabelle	2021-09-05 10:58:33	True
14728	tigicion	2021-08-02 16:18:51	kezabelle	2021-08-04 12:12:36	True
14728	tigicion	2021-08-02 16:18:51	kezabelle	2021-09-05 11:07:56	True
14728	tigicion	2021-08-02 16:18:51	felixxm	2021-09-06 10:01:57	True
14728	tigicion	2021-08-02 16:18:51	kezabelle	2021-09-05 10:51:31	True
14727	jacobtylerwalls	2021-08-02 15:15:17	felixxm	2021-08-03 10:14:30	True
14727	jacobtylerwalls	2021-08-02 15:15:17	felixxm	2021-08-03 10:25:59	True
14726		2021-08-02 08:20:10			
14725	Nakmak98	2021-08-01 21:24:36	smithdc1	2021-08-17 21:03:35	True
14725	Nakmak98	2021-08-01 21:24:36	jacobtylerwalls	2021-08-03 02:43:36	True
14725	Nakmak98	2021-08-01 21:24:36	jacobtylerwalls	2021-08-23 19:47:37	True
14725	Nakmak98	2021-08-01 21:24:36	smithdc1	2021-08-23 21:44:57	True
14725	Nakmak98	2021-08-01 21:24:36	jacobtylerwalls	2021-09-10 00:28:54	True
14725	Nakmak98	2021-08-01 21:24:36	smithdc1	2021-08-23 19:27:08	True
14725	Nakmak98	2021-08-01 21:24:36	smithdc1	2021-09-10 05:59:50	True
14725	Nakmak98	2021-08-01 21:24:36	smithdc1	2021-08-31 08:03:31	True
14725	Nakmak98	2021-08-01 21:24:36	smithdc1	2021-08-13 18:53:59	True
14725	Nakmak98	2021-08-01 21:24:36	jacobtylerwalls	2021-09-16 22:59:39	True
14725	Nakmak98	2021-08-01 21:24:36	smithdc1	2021-08-13 19:43:56	True
14725	Nakmak98	2021-08-01 21:24:36	felixxm	2021-08-06 07:56:06	True
14725	Nakmak98	2021-08-01 21:24:36	smithdc1	2021-08-13 18:53:43	True
14725	Nakmak98	2021-08-01 21:24:36	smithdc1	2021-08-13 19:00:19	True
14725	Nakmak98	2021-08-01 21:24:36	felixxm	2021-08-06 07:58:50	True
14725	Nakmak98	2021-08-01 21:24:36	felixxm	2021-08-06 07:57:38	True
14725	Nakmak98	2021-08-01 21:24:36	jacobtylerwalls	2021-08-03 02:38:53	True
14725	Nakmak98	2021-08-01 21:24:36	jacobtylerwalls	2021-08-03 02:36:07	True
14725	Nakmak98	2021-08-01 21:24:36	jacobtylerwalls	2021-08-03 02:35:14	True
14725	Nakmak98	2021-08-01 21:24:36	felixxm	2021-08-06 07:55:28	True
14725	Nakmak98	2021-08-01 21:24:36	jacobtylerwalls	2021-08-03 02:52:18	True
14724	kezabelle	2021-08-01 13:56:25	felixxm	2021-11-08 07:29:46	True
14724	kezabelle	2021-08-01 13:56:25	felixxm	2021-10-19 08:25:37	True
14724	kezabelle	2021-08-01 13:56:25	felixxm	2021-10-19 08:25:48	True
14724	kezabelle	2021-08-01 13:56:25	felixxm	2021-10-19 08:34:57	True
14724	kezabelle	2021-08-01 13:56:25	felixxm	2021-10-19 08:41:16	True
14724	kezabelle	2021-08-01 13:56:25	felixxm	2021-10-19 08:25:11	True
14723	cjerdonek	2021-08-01 04:18:20	felixxm	2021-08-02 06:45:17	True
14723	cjerdonek	2021-08-01 04:18:20	felixxm	2021-08-02 06:43:20	True
14723	cjerdonek	2021-08-01 04:18:20	felixxm	2021-08-02 06:39:35	True
14723	cjerdonek	2021-08-01 04:18:20	felixxm	2021-08-02 06:38:34	True
14723	cjerdonek	2021-08-01 04:18:20	felixxm	2021-08-02 06:39:58	True
14723	cjerdonek	2021-08-01 04:18:20	felixxm	2021-08-02 06:40:13	True
14723	cjerdonek	2021-08-01 04:18:20	felixxm	2021-08-02 06:45:21	True
14723	cjerdonek	2021-08-01 04:18:20	felixxm	2021-08-02 06:45:52	True
14723	cjerdonek	2021-08-01 04:18:20	felixxm	2021-08-02 06:46:36	True
