pr_number	author_user_login	pr_created_at	review_comment_user_login	review_comment_created_at	is_review_review_comment
5525	darkryder	2015-10-31 11:40:25	timgraham	2015-10-31 14:00:31	True
5525	darkryder	2015-10-31 11:40:25	timgraham	2015-10-31 14:00:48	True
5524	claudep	2015-10-30 23:40:05	timgraham	2016-06-27 17:15:49	True
5524	claudep	2015-10-30 23:40:05	timgraham	2015-10-31 13:18:16	True
5524	claudep	2015-10-30 23:40:05	timgraham	2015-10-31 13:36:14	True
5524	claudep	2015-10-30 23:40:05	timgraham	2015-10-31 13:03:50	True
5524	claudep	2015-10-30 23:40:05	timgraham	2016-06-27 17:03:11	True
5524	claudep	2015-10-30 23:40:05	timgraham	2015-10-31 13:51:39	True
5524	claudep	2015-10-30 23:40:05	timgraham	2016-06-28 13:31:36	True
5520	bee-keeper	2015-10-30 15:31:04	timgraham	2015-10-30 15:34:43	True
5520	bee-keeper	2015-10-30 15:31:04	timgraham	2015-10-30 15:34:37	True
5518	sir-sigurd	2015-10-30 12:41:44	timgraham	2015-10-30 18:53:38	True
5518	sir-sigurd	2015-10-30 12:41:44	timgraham	2015-10-30 17:18:06	True
5518	sir-sigurd	2015-10-30 12:41:44	timgraham	2015-10-30 14:53:12	True
5518	sir-sigurd	2015-10-30 12:41:44	timgraham	2015-10-30 14:50:45	True
5518	sir-sigurd	2015-10-30 12:41:44	timgraham	2015-10-30 14:55:51	True
5518	sir-sigurd	2015-10-30 12:41:44	claudep	2015-10-30 15:36:35	True
5518	sir-sigurd	2015-10-30 12:41:44	timgraham	2015-10-30 18:54:04	True
5516	sir-sigurd	2015-10-30 08:37:06	claudep	2015-10-30 08:57:00	True
5514	bxm156	2015-10-30 06:34:45	timgraham	2015-10-31 22:39:10	True
5514	bxm156	2015-10-30 06:34:45	timgraham	2015-10-31 22:40:58	True
5514	bxm156	2015-10-30 06:34:45	timgraham	2015-10-31 22:40:05	True
5514	bxm156	2015-10-30 06:34:45	timgraham	2015-10-31 22:41:20	True
5514	bxm156	2015-10-30 06:34:45	timgraham	2015-10-31 22:38:13	True
5513	shellfly	2015-10-30 03:56:47	charettes	2015-10-30 16:22:38	True
5511	timgraham	2015-10-29 22:47:53	carljm	2015-11-10 22:35:43	True
5511	timgraham	2015-10-29 22:47:53	carljm	2015-11-10 18:13:51	True
5511	timgraham	2015-10-29 22:47:53	jarshwah	2015-11-10 17:15:36	True
5511	timgraham	2015-10-29 22:47:53	jarshwah	2015-11-01 05:36:03	True
5505	jorgecarleitao	2015-10-29 16:55:26	timgraham	2016-02-02 19:01:15	True
5505	jorgecarleitao	2015-10-29 16:55:26	timgraham	2016-02-02 19:00:39	True
5505	jorgecarleitao	2015-10-29 16:55:26	timgraham	2016-02-02 18:59:41	True
5505	jorgecarleitao	2015-10-29 16:55:26	timgraham	2016-02-02 19:02:56	True
5505	jorgecarleitao	2015-10-29 16:55:26	timgraham	2016-02-02 19:00:16	True
5505	jorgecarleitao	2015-10-29 16:55:26	charettes	2015-10-29 17:05:42	True
5505	jorgecarleitao	2015-10-29 16:55:26	charettes	2015-12-16 07:17:55	True
5505	jorgecarleitao	2015-10-29 16:55:26	timgraham	2016-02-02 19:03:44	True
5505	jorgecarleitao	2015-10-29 16:55:26	charettes	2015-10-29 17:04:45	True
5505	jorgecarleitao	2015-10-29 16:55:26	charettes	2015-10-29 17:03:01	True
5504	DheerendraRathor	2015-10-29 15:49:53	timgraham	2015-10-31 15:37:02	True
5504	DheerendraRathor	2015-10-29 15:49:53	timgraham	2015-10-31 14:07:07	True
5504	DheerendraRathor	2015-10-29 15:49:53	timgraham	2015-10-31 14:11:34	True
5504	DheerendraRathor	2015-10-29 15:49:53	timgraham	2015-10-29 18:04:38	True
5504	DheerendraRathor	2015-10-29 15:49:53	timgraham	2015-10-29 21:41:26	True
5504	DheerendraRathor	2015-10-29 15:49:53	timgraham	2015-10-30 17:27:39	True
5499	sir-sigurd	2015-10-29 04:09:00	timgraham	2015-10-31 13:23:11	True
5499	sir-sigurd	2015-10-29 04:09:00	timgraham	2015-10-31 13:23:26	True
5499	sir-sigurd	2015-10-29 04:09:00	claudep	2015-10-31 10:58:57	True
5499	sir-sigurd	2015-10-29 04:09:00	jarshwah	2015-10-30 12:47:29	True
5499	sir-sigurd	2015-10-29 04:09:00	claudep	2015-10-31 10:57:28	True
5499	sir-sigurd	2015-10-29 04:09:00	jarshwah	2015-11-01 02:43:05	True
5499	sir-sigurd	2015-10-29 04:09:00	jarshwah	2015-10-30 12:48:02	True
5499	sir-sigurd	2015-10-29 04:09:00	jarshwah	2015-11-01 02:44:56	True
5499	sir-sigurd	2015-10-29 04:09:00	timgraham	2015-10-31 13:23:12	True
5499	sir-sigurd	2015-10-29 04:09:00	claudep	2015-11-01 18:33:00	True
5499	sir-sigurd	2015-10-29 04:09:00	jarshwah	2015-11-01 02:43:38	True
5496	charettes	2015-10-28 19:10:00	timgraham	2015-10-28 19:33:55	True
5496	charettes	2015-10-28 19:10:00	timgraham	2015-10-28 19:17:10	True
5496	charettes	2015-10-28 19:10:00	timgraham	2015-10-29 11:24:35	True
5496	charettes	2015-10-28 19:10:00	timgraham	2015-10-28 22:55:12	True
5487	akaariai	2015-10-27 11:17:56	timgraham	2015-10-27 23:46:28	True
5487	akaariai	2015-10-27 11:17:56	timgraham	2015-10-27 23:46:19	True
5487	akaariai	2015-10-27 11:17:56	timgraham	2015-10-27 23:48:25	True
5487	akaariai	2015-10-27 11:17:56	charettes	2015-10-28 00:34:27	True
5487	akaariai	2015-10-27 11:17:56	timgraham	2015-10-27 23:47:38	True
5481	knbk	2015-10-26 13:40:47	timgraham	2015-10-26 14:02:16	True
5481	knbk	2015-10-26 13:40:47	timgraham	2015-10-26 14:03:18	True
5480	LilyFoote	2015-10-25 23:36:47	akaariai	2015-10-27 10:20:50	True
5480	LilyFoote	2015-10-25 23:36:47	timgraham	2015-10-27 13:10:23	True
5480	LilyFoote	2015-10-25 23:36:47	timgraham	2015-10-26 19:28:24	True
5479	jackcvr	2015-10-25 20:32:01	timgraham	2015-10-29 19:56:39	True
5479	jackcvr	2015-10-25 20:32:01	timgraham	2015-10-29 20:03:44	True
5479	jackcvr	2015-10-25 20:32:01	timgraham	2015-10-29 20:02:06	True
5479	jackcvr	2015-10-25 20:32:01	timgraham	2015-10-28 00:21:38	True
5479	jackcvr	2015-10-25 20:32:01	timgraham	2015-10-28 00:21:31	True
5477	sir-sigurd	2015-10-25 14:13:35	claudep	2015-10-25 21:24:21	True
5477	sir-sigurd	2015-10-25 14:13:35	claudep	2015-11-14 13:31:02	True
5477	sir-sigurd	2015-10-25 14:13:35	claudep	2015-11-14 13:28:24	True
5477	sir-sigurd	2015-10-25 14:13:35	claudep	2015-10-28 20:39:48	True
5477	sir-sigurd	2015-10-25 14:13:35	claudep	2015-10-31 09:36:20	True
5477	sir-sigurd	2015-10-25 14:13:35	claudep	2015-10-28 20:42:57	True
5477	sir-sigurd	2015-10-25 14:13:35	claudep	2015-10-25 21:27:56	True
5477	sir-sigurd	2015-10-25 14:13:35	claudep	2015-10-28 19:18:14	True
5477	sir-sigurd	2015-10-25 14:13:35	claudep	2015-10-31 09:00:20	True
5477	sir-sigurd	2015-10-25 14:13:35	claudep	2015-10-28 20:23:02	True
5477	sir-sigurd	2015-10-25 14:13:35	claudep	2015-10-28 19:24:54	True
5475	darkryder	2015-10-25 01:55:38	claudep	2015-10-25 21:09:10	True
5475	darkryder	2015-10-25 01:55:38	charettes	2015-10-25 16:04:43	True
5470	claudep	2015-10-23 19:21:03	timgraham	2015-10-28 00:11:24	True
5470	claudep	2015-10-23 19:21:03	timgraham	2015-10-28 00:01:18	True
5470	claudep	2015-10-23 19:21:03	timgraham	2015-10-28 00:04:36	True
5470	claudep	2015-10-23 19:21:03	timgraham	2015-10-29 13:03:08	True
5470	claudep	2015-10-23 19:21:03	timgraham	2015-10-29 13:02:39	True
5470	claudep	2015-10-23 19:21:03	timgraham	2015-10-28 00:07:44	True
5470	claudep	2015-10-23 19:21:03	timgraham	2015-10-28 00:00:13	True
5470	claudep	2015-10-23 19:21:03	timgraham	2015-10-27 23:57:38	True
5470	claudep	2015-10-23 19:21:03	timgraham	2015-10-27 23:56:11	True
5470	claudep	2015-10-23 19:21:03	timgraham	2015-10-27 23:55:35	True
5468	claudep	2015-10-23 13:02:37	timgraham	2015-10-23 20:09:16	True
5468	claudep	2015-10-23 13:02:37	timgraham	2015-10-23 18:38:58	True
5464	claudep	2015-10-22 12:49:32	timgraham	2015-10-22 13:31:10	True
5462	yoongkang	2015-10-22 11:39:00	timgraham	2015-10-22 14:30:51	True
5462	yoongkang	2015-10-22 11:39:00	timgraham	2015-10-22 14:32:13	True
5460	yellowcap	2015-10-21 18:24:05	claudep	2015-10-27 19:41:11	True
5458	sir-sigurd	2015-10-21 14:00:43	timgraham	2015-10-21 14:30:21	True
5458	sir-sigurd	2015-10-21 14:00:43	claudep	2015-10-21 18:43:47	True
5458	sir-sigurd	2015-10-21 14:00:43	claudep	2015-10-21 20:40:10	True
5457	sir-sigurd	2015-10-21 09:33:42	claudep	2015-10-21 18:29:37	True
5457	sir-sigurd	2015-10-21 09:33:42	claudep	2015-10-21 18:33:52	True
5457	sir-sigurd	2015-10-21 09:33:42	timgraham	2015-10-22 12:15:38	True
5450	jbzdak	2015-10-20 17:34:04	timgraham	2015-10-20 18:13:48	True
5450	jbzdak	2015-10-20 17:34:04	timgraham	2015-10-20 18:14:52	True
5448	timgraham	2015-10-19 23:54:11	charettes	2015-10-20 00:09:54	True
5447	claudep	2015-10-19 19:49:31	timgraham	2015-10-20 23:54:55	True
5447	claudep	2015-10-19 19:49:31	timgraham	2015-10-21 10:58:26	True
5446	charettes	2015-10-19 18:20:25	timgraham	2015-10-19 21:27:14	True
5446	charettes	2015-10-19 18:20:25	timgraham	2015-10-19 21:42:10	True
5446	charettes	2015-10-19 18:20:25	timgraham	2015-10-19 21:27:13	True
5444	scop	2015-10-19 14:43:47	timgraham	2015-10-19 16:32:38	True
5443	Nepherhotep	2015-10-19 10:33:45	akaariai	2015-10-19 13:00:03	True
5443	Nepherhotep	2015-10-19 10:33:45	akaariai	2015-10-19 12:57:39	True
5435	charettes	2015-10-16 05:57:27	timgraham	2015-10-17 19:41:15	True
5435	charettes	2015-10-16 05:57:27	timgraham	2015-10-19 23:12:07	True
5435	charettes	2015-10-16 05:57:27	timgraham	2015-10-19 23:30:11	True
5435	charettes	2015-10-16 05:57:27	timgraham	2015-10-19 20:35:11	True
5428	felixxm	2015-10-13 18:33:45	timgraham	2015-10-21 18:35:10	True
5428	felixxm	2015-10-13 18:33:45	charettes	2015-10-21 18:35:07	True
5428	felixxm	2015-10-13 18:33:45	timgraham	2015-10-21 18:33:58	True
5428	felixxm	2015-10-13 18:33:45	timgraham	2015-10-21 18:33:51	True
5428	felixxm	2015-10-13 18:33:45	charettes	2015-10-20 15:10:09	True
5428	felixxm	2015-10-13 18:33:45	timgraham	2015-10-21 18:32:38	True
5428	felixxm	2015-10-13 18:33:45	charettes	2015-10-20 00:28:45	True
5428	felixxm	2015-10-13 18:33:45	timgraham	2015-10-21 18:32:39	True
5425	ymyzk	2015-10-12 06:52:59	timgraham	2015-10-13 13:43:30	True
5425	ymyzk	2015-10-12 06:52:59	timgraham	2015-10-13 13:40:02	True
5425	ymyzk	2015-10-12 06:52:59	timgraham	2015-10-13 13:40:48	True
5424	darjeeling	2015-10-12 06:06:53	frankvdp	2015-11-16 14:44:49	True
5424	darjeeling	2015-10-12 06:06:53	Stranger6667	2015-11-07 11:12:08	True
5423	claudep	2015-10-11 10:06:47	timgraham	2015-10-12 09:38:22	True
5422	claudep	2015-10-10 17:48:18	timgraham	2015-10-12 10:13:04	True
5421	timgraham	2015-10-10 01:12:45	claudep	2015-10-10 12:57:15	True
5421	timgraham	2015-10-10 01:12:45	claudep	2015-10-10 13:00:30	True
5419	acatton	2015-10-09 16:57:15	charettes	2015-10-09 17:08:06	True
5419	acatton	2015-10-09 16:57:15	charettes	2015-10-09 17:10:09	True
5419	acatton	2015-10-09 16:57:15	charettes	2015-10-09 17:09:19	True
5418	claudep	2015-10-09 15:16:35	timgraham	2015-10-09 18:23:51	True
5416	dudepare	2015-10-09 01:25:47	timgraham	2015-10-09 01:33:10	True
5416	dudepare	2015-10-09 01:25:47	timgraham	2015-10-09 01:34:33	True
5412	timgraham	2015-10-08 13:19:02	charettes	2015-10-08 16:06:00	True
5409	claudep	2015-10-07 13:11:45	timgraham	2015-10-07 15:55:54	True
5409	claudep	2015-10-07 13:11:45	timgraham	2015-10-07 15:53:07	True
5409	claudep	2015-10-07 13:11:45	timgraham	2015-10-07 15:51:31	True
5409	claudep	2015-10-07 13:11:45	timgraham	2015-10-07 15:49:53	True
5409	claudep	2015-10-07 13:11:45	timgraham	2015-10-08 12:24:09	True
5409	claudep	2015-10-07 13:11:45	timgraham	2015-10-07 15:47:54	True
5409	claudep	2015-10-07 13:11:45	timgraham	2015-10-07 15:55:16	True
5407	claudep	2015-10-07 08:47:31	timgraham	2015-10-07 12:04:43	True
5402	aaugustin	2015-10-06 19:27:00	timgraham	2015-10-17 22:30:24	True
5402	aaugustin	2015-10-06 19:27:00	claudep	2015-10-15 21:00:25	True
5402	aaugustin	2015-10-06 19:27:00	claudep	2015-10-17 22:51:33	True
5402	aaugustin	2015-10-06 19:27:00	timgraham	2015-10-17 19:16:50	True
5402	aaugustin	2015-10-06 19:27:00	claudep	2015-10-17 22:17:09	True
5402	aaugustin	2015-10-06 19:27:00	akaariai	2015-10-16 05:27:43	True
5400	felixxm	2015-10-06 04:36:09	coldmind	2015-10-06 08:26:48	True
5400	felixxm	2015-10-06 04:36:09	coldmind	2015-10-06 08:58:38	True
5400	felixxm	2015-10-06 04:36:09	coldmind	2015-10-06 08:29:56	True
5396	acatton	2015-10-05 20:17:40	akaariai	2015-10-06 04:56:18	True
5391	jdufresne	2015-10-04 18:19:21	charettes	2015-10-04 18:24:55	True
5389	claudep	2015-10-03 10:05:53	treyhunner	2015-10-04 19:09:19	True
5389	claudep	2015-10-03 10:05:53	timgraham	2015-10-03 12:56:13	True
5389	claudep	2015-10-03 10:05:53	timgraham	2015-10-03 13:08:12	True
5389	claudep	2015-10-03 10:05:53	timgraham	2015-10-03 12:56:45	True
5389	claudep	2015-10-03 10:05:53	treyhunner	2015-10-04 19:14:43	True
5389	claudep	2015-10-03 10:05:53	timgraham	2015-10-03 12:59:52	True
5388	claudep	2015-10-03 08:02:37	timgraham	2015-10-03 12:36:44	True
5382	timgraham	2015-10-02 14:53:00	charettes	2016-09-05 19:15:41	True
5381	jonaldomo	2015-10-02 14:45:14	timgraham	2015-10-02 19:39:05	True
5381	jonaldomo	2015-10-02 14:45:14	timgraham	2015-10-02 16:37:47	True
5381	jonaldomo	2015-10-02 14:45:14	timgraham	2015-10-02 19:42:41	True
5381	jonaldomo	2015-10-02 14:45:14	timgraham	2015-10-02 19:41:06	True
5381	jonaldomo	2015-10-02 14:45:14	timgraham	2015-10-03 13:29:04	True
5381	jonaldomo	2015-10-02 14:45:14	timgraham	2015-10-03 13:29:31	True
5381	jonaldomo	2015-10-02 14:45:14	timgraham	2015-10-02 14:57:39	True
5379	belak	2015-10-01 20:03:03	timgraham	2015-10-01 22:49:46	True
5379	belak	2015-10-01 20:03:03	timgraham	2015-10-01 22:51:00	True
5378	charettes	2015-10-01 18:59:59	timgraham	2015-10-12 10:28:13	True
5378	charettes	2015-10-01 18:59:59	timgraham	2015-10-12 10:35:56	True
5378	charettes	2015-10-01 18:59:59	timgraham	2015-10-12 10:36:48	True
5378	charettes	2015-10-01 18:59:59	akaariai	2015-10-09 05:48:14	True
5378	charettes	2015-10-01 18:59:59	timgraham	2015-10-12 10:35:57	True
5378	charettes	2015-10-01 18:59:59	timgraham	2015-10-08 14:00:00	True
5376	FlipperPA	2015-10-01 14:58:07	timgraham	2015-10-01 22:31:16	True
5376	FlipperPA	2015-10-01 14:58:07	timgraham	2015-10-01 22:28:43	True
5376	FlipperPA	2015-10-01 14:58:07	timgraham	2015-10-01 22:30:00	True
