pr_number	author_user_login	pr_created_at	review_comment_user_login	review_comment_created_at	is_review_review_comment
14470		2021-05-31 06:31:51			
14466	saeedblanchette	2021-05-30 17:03:08	felixxm	2021-06-01 04:54:43	True
14466	saeedblanchette	2021-05-30 17:03:08	felixxm	2021-06-06 18:47:35	True
14466	saeedblanchette	2021-05-30 17:03:08	felixxm	2021-06-01 05:08:26	True
14466	saeedblanchette	2021-05-30 17:03:08	felixxm	2021-06-01 05:07:26	True
14466	saeedblanchette	2021-05-30 17:03:08	felixxm	2021-06-01 04:42:39	True
14466	saeedblanchette	2021-05-30 17:03:08	felixxm	2021-06-01 04:53:30	True
14466	saeedblanchette	2021-05-30 17:03:08	felixxm	2021-06-01 04:52:47	True
14466	saeedblanchette	2021-05-30 17:03:08	felixxm	2021-06-05 15:54:46	True
14460	abhiabhi94	2021-05-28 00:47:51	felixxm	2021-05-31 11:02:16	True
14460	abhiabhi94	2021-05-28 00:47:51	felixxm	2021-05-31 10:54:30	True
14460	abhiabhi94	2021-05-28 00:47:51	felixxm	2021-05-31 11:02:57	True
14460	abhiabhi94	2021-05-28 00:47:51	felixxm	2021-05-31 11:12:35	True
14458	abhiabhi94	2021-05-27 11:21:55	felixxm	2021-05-27 19:20:17	True
14458	abhiabhi94	2021-05-27 11:21:55	felixxm	2021-05-27 19:20:15	True
14458	abhiabhi94	2021-05-27 11:21:55	felixxm	2021-05-27 19:54:49	True
14458	abhiabhi94	2021-05-27 11:21:55	felixxm	2021-05-28 05:25:02	True
14457		2021-05-27 09:56:15			
14453	igorkf	2021-05-26 19:20:15	felixxm	2021-06-21 18:57:02	True
14451	The-Daishogun	2021-05-26 17:30:39	hannseman	2021-05-26 20:33:13	True
14451	The-Daishogun	2021-05-26 17:30:39	felixxm	2021-05-27 09:32:16	True
14451	The-Daishogun	2021-05-26 17:30:39	ngnpope	2021-05-27 12:06:40	True
14449	felixxm	2021-05-26 07:00:48	carltongibson	2021-05-26 08:33:38	True
14448	hannseman	2021-05-25 19:19:47	felixxm	2021-06-30 07:55:24	True
14448	hannseman	2021-05-25 19:19:47	charettes	2021-06-28 00:24:49	True
14448	hannseman	2021-05-25 19:19:47	charettes	2021-05-26 20:41:30	True
14448	hannseman	2021-05-25 19:19:47	charettes	2021-05-26 20:42:07	True
14447	mlissner	2021-05-25 16:35:33	charettes	2021-05-25 20:50:52	True
14447	mlissner	2021-05-25 16:35:33	charettes	2021-05-25 20:51:05	True
14447	mlissner	2021-05-25 16:35:33	charettes	2021-05-25 20:49:54	True
14447	mlissner	2021-05-25 16:35:33	charettes	2021-05-25 20:46:02	True
14447	mlissner	2021-05-25 16:35:33	felixxm	2021-05-26 09:21:36	True
14446		2021-05-25 10:49:08			
14444	hannseman	2021-05-24 20:08:45	felixxm	2021-05-25 04:51:59	True
14444	hannseman	2021-05-24 20:08:45	felixxm	2021-05-25 04:41:26	True
14441	tsaklidis	2021-05-24 15:21:01	ngnpope	2021-06-22 12:53:40	True
14441	tsaklidis	2021-05-24 15:21:01	ngnpope	2021-06-22 12:56:22	True
14441	tsaklidis	2021-05-24 15:21:01	ngnpope	2021-06-22 12:58:30	True
14441	tsaklidis	2021-05-24 15:21:01	ngnpope	2021-06-22 12:57:04	True
14440	millerthegorilla	2021-05-24 11:03:18	felixxm	2021-10-21 07:00:01	True
14438		2021-05-24 05:27:35			
14437	abbasidaniyal	2021-05-24 00:10:33	ngnpope	2021-06-22 10:56:34	True
14437	abbasidaniyal	2021-05-24 00:10:33	ngnpope	2021-06-24 13:48:59	True
14437	abbasidaniyal	2021-05-24 00:10:33	pauloxnet	2021-06-24 09:27:28	True
14437	abbasidaniyal	2021-05-24 00:10:33	ngnpope	2021-06-22 10:53:25	True
14437	abbasidaniyal	2021-05-24 00:10:33	ngnpope	2021-06-24 13:47:58	True
14437	abbasidaniyal	2021-05-24 00:10:33	ngnpope	2021-06-24 18:56:18	True
14437	abbasidaniyal	2021-05-24 00:10:33	ngnpope	2021-06-24 18:53:25	True
14437	abbasidaniyal	2021-05-24 00:10:33	ngnpope	2021-06-24 18:53:19	True
14437	abbasidaniyal	2021-05-24 00:10:33	ngnpope	2021-06-24 18:52:38	True
14437	abbasidaniyal	2021-05-24 00:10:33	ngnpope	2021-06-24 18:27:26	True
14437	abbasidaniyal	2021-05-24 00:10:33	ngnpope	2021-06-22 10:04:43	True
14437	abbasidaniyal	2021-05-24 00:10:33	ngnpope	2021-06-24 16:35:51	True
14437	abbasidaniyal	2021-05-24 00:10:33	ngnpope	2021-06-24 16:34:11	True
14437	abbasidaniyal	2021-05-24 00:10:33	ngnpope	2021-06-22 10:13:38	True
14437	abbasidaniyal	2021-05-24 00:10:33	ngnpope	2021-06-24 16:31:26	True
14437	abbasidaniyal	2021-05-24 00:10:33	ngnpope	2021-06-24 16:29:46	True
14437	abbasidaniyal	2021-05-24 00:10:33	ngnpope	2021-06-24 18:33:03	True
14437	abbasidaniyal	2021-05-24 00:10:33	ngnpope	2021-06-24 19:07:29	True
14437	abbasidaniyal	2021-05-24 00:10:33	ngnpope	2021-06-24 16:45:50	True
14437	abbasidaniyal	2021-05-24 00:10:33	ngnpope	2021-06-22 10:02:08	True
14437	abbasidaniyal	2021-05-24 00:10:33	ngnpope	2021-06-24 19:29:05	True
14437	abbasidaniyal	2021-05-24 00:10:33	ngnpope	2021-06-22 10:10:53	True
14437	abbasidaniyal	2021-05-24 00:10:33	ngnpope	2021-06-22 10:54:27	True
14437	abbasidaniyal	2021-05-24 00:10:33	ngnpope	2021-06-24 13:04:05	True
14437	abbasidaniyal	2021-05-24 00:10:33	ngnpope	2021-06-22 10:58:12	True
14437	abbasidaniyal	2021-05-24 00:10:33	ngnpope	2021-06-22 10:08:33	True
14436	manav014	2021-05-23 23:10:32	charettes	2021-06-12 17:48:36	True
14436	manav014	2021-05-23 23:10:32	charettes	2021-06-12 17:46:30	True
14436	manav014	2021-05-23 23:10:32	charettes	2021-06-09 03:45:43	True
14436	manav014	2021-05-23 23:10:32	charettes	2021-06-12 17:45:28	True
14436	manav014	2021-05-23 23:10:32	charettes	2021-06-09 03:52:19	True
14436	manav014	2021-05-23 23:10:32	charettes	2021-06-12 18:00:29	True
14436	manav014	2021-05-23 23:10:32	charettes	2021-06-09 03:45:31	True
14436	manav014	2021-05-23 23:10:32	charettes	2021-06-09 03:43:11	True
14436	manav014	2021-05-23 23:10:32	charettes	2021-06-14 01:13:48	True
14436	manav014	2021-05-23 23:10:32	charettes	2021-06-14 01:10:42	True
14436	manav014	2021-05-23 23:10:32	charettes	2021-06-12 17:56:35	True
14436	manav014	2021-05-23 23:10:32	charettes	2021-06-12 17:58:39	True
14436	manav014	2021-05-23 23:10:32	charettes	2021-06-12 17:50:23	True
14436	manav014	2021-05-23 23:10:32	charettes	2021-06-14 01:12:36	True
14436	manav014	2021-05-23 23:10:32	charettes	2021-06-12 21:24:00	True
14436	manav014	2021-05-23 23:10:32	charettes	2021-06-14 01:10:20	True
14436	manav014	2021-05-23 23:10:32	charettes	2021-06-14 01:10:58	True
14436	manav014	2021-05-23 23:10:32	charettes	2021-06-14 01:11:43	True
14436	manav014	2021-05-23 23:10:32	charettes	2021-06-14 01:11:31	True
14436	manav014	2021-05-23 23:10:32	charettes	2021-06-12 17:49:22	True
14436	manav014	2021-05-23 23:10:32	charettes	2021-06-12 17:57:00	True
14436	manav014	2021-05-23 23:10:32	charettes	2021-06-12 17:51:17	True
14436	manav014	2021-05-23 23:10:32	charettes	2021-06-14 01:11:07	True
14436	manav014	2021-05-23 23:10:32	charettes	2021-06-14 01:12:09	True
14436	manav014	2021-05-23 23:10:32	charettes	2021-06-14 01:11:53	True
14436	manav014	2021-05-23 23:10:32	charettes	2021-06-12 17:46:15	True
14436	manav014	2021-05-23 23:10:32	charettes	2021-06-12 17:58:11	True
14434	hannseman	2021-05-23 12:27:14	felixxm	2021-05-24 04:26:13	True
14430	charettes	2021-05-22 02:52:35	ngnpope	2021-05-27 15:53:48	True
14430	charettes	2021-05-22 02:52:35	ngnpope	2021-05-27 12:57:30	True
14430	charettes	2021-05-22 02:52:35	ngnpope	2021-05-27 12:37:04	True
14430	charettes	2021-05-22 02:52:35	ngnpope	2021-05-27 12:45:42	True
14430	charettes	2021-05-22 02:52:35	ngnpope	2021-05-27 12:43:48	True
14430	charettes	2021-05-22 02:52:35	ngnpope	2021-05-27 12:35:32	True
14430	charettes	2021-05-22 02:52:35	felixxm	2021-06-25 08:43:16	True
14430	charettes	2021-05-22 02:52:35	ngnpope	2021-06-21 16:14:53	True
14430	charettes	2021-05-22 02:52:35	felixxm	2021-06-28 07:06:50	True
14430	charettes	2021-05-22 02:52:35	felixxm	2021-06-25 09:35:58	True
14430	charettes	2021-05-22 02:52:35	ngnpope	2021-06-21 16:16:37	True
14430	charettes	2021-05-22 02:52:35	ngnpope	2021-06-21 16:33:42	True
14430	charettes	2021-05-22 02:52:35	ngnpope	2021-05-27 12:44:28	True
14430	charettes	2021-05-22 02:52:35	ngnpope	2021-05-27 12:52:19	True
14429	mlissner	2021-05-21 23:16:49	hannseman	2021-05-23 10:52:42	True
14426		2021-05-20 18:46:06			
14424	felixxm	2021-05-20 08:06:03	adamchainz	2021-05-20 09:16:20	True
14420	hramezani	2021-05-19 21:23:59	felixxm	2021-05-21 05:58:52	True
14420	hramezani	2021-05-19 21:23:59	felixxm	2021-05-26 07:52:16	True
14420	hramezani	2021-05-19 21:23:59	felixxm	2021-05-21 06:01:12	True
14420	hramezani	2021-05-19 21:23:59	felixxm	2021-05-21 05:55:12	True
14420	hramezani	2021-05-19 21:23:59	felixxm	2021-05-21 05:47:00	True
14420	hramezani	2021-05-19 21:23:59	felixxm	2021-05-21 05:47:55	True
14417	tlebrize	2021-05-19 12:52:34	felixxm	2021-06-11 09:54:11	True
14417	tlebrize	2021-05-19 12:52:34	felixxm	2021-06-11 09:57:49	True
14417	tlebrize	2021-05-19 12:52:34	felixxm	2021-06-11 09:56:40	True
14417	tlebrize	2021-05-19 12:52:34	felixxm	2021-06-11 09:37:31	True
14417	tlebrize	2021-05-19 12:52:34	felixxm	2021-06-11 09:33:48	True
14417	tlebrize	2021-05-19 12:52:34	felixxm	2021-06-11 09:32:49	True
14417	tlebrize	2021-05-19 12:52:34	felixxm	2021-06-11 09:44:19	True
14416	ahaywardtvuk	2021-05-19 11:22:26	carltongibson	2021-05-20 06:45:07	True
14415	ngnpope	2021-05-19 11:07:06	felixxm	2021-07-13 04:56:51	True
14415	ngnpope	2021-05-19 11:07:06	felixxm	2021-07-13 04:56:04	True
14409	girishsontakke	2021-05-18 04:33:06	felixxm	2021-05-18 08:12:48	True
14409	girishsontakke	2021-05-18 04:33:06	felixxm	2021-05-18 08:12:37	True
14407	hramezani	2021-05-17 19:57:18	carltongibson	2021-05-19 08:01:31	True
14407	hramezani	2021-05-17 19:57:18	carltongibson	2021-05-19 07:28:04	True
14407	hramezani	2021-05-17 19:57:18	felixxm	2021-05-19 07:17:34	True
14407	hramezani	2021-05-17 19:57:18	carltongibson	2021-05-19 07:30:37	True
14407	hramezani	2021-05-17 19:57:18	felixxm	2021-05-19 07:32:44	True
14403	ngnpope	2021-05-17 10:36:50	felixxm	2021-05-18 09:10:40	True
14402	claudep	2021-05-17 07:20:12	jacobtylerwalls	2021-06-02 23:50:12	True
14400	Chiorufarewerin	2021-05-16 10:27:10	charettes	2021-05-16 14:19:06	True
14400	Chiorufarewerin	2021-05-16 10:27:10	felixxm	2021-05-17 10:23:20	True
14400	Chiorufarewerin	2021-05-16 10:27:10	charettes	2021-05-17 13:16:08	True
14400	Chiorufarewerin	2021-05-16 10:27:10	felixxm	2021-05-17 15:50:55	True
14400	Chiorufarewerin	2021-05-16 10:27:10	charettes	2021-05-16 14:11:06	True
14400	Chiorufarewerin	2021-05-16 10:27:10	claudep	2021-05-17 12:05:15	True
14399	claudep	2021-05-14 13:59:43	felixxm	2021-05-17 04:40:58	True
14399	claudep	2021-05-14 13:59:43	ngnpope	2021-05-14 18:00:54	True
14399	claudep	2021-05-14 13:59:43	felixxm	2021-05-17 04:37:13	True
14399	claudep	2021-05-14 13:59:43	felixxm	2021-05-18 05:11:20	True
14399	claudep	2021-05-14 13:59:43	felixxm	2021-05-17 04:49:25	True
14396	rohithpr	2021-05-14 10:18:56	ngnpope	2021-05-14 12:10:47	True
14396	rohithpr	2021-05-14 10:18:56	ngnpope	2021-05-14 12:07:36	True
14396	rohithpr	2021-05-14 10:18:56	ngnpope	2021-05-14 12:23:30	True
14396	rohithpr	2021-05-14 10:18:56	ngnpope	2021-05-19 11:04:49	True
14396	rohithpr	2021-05-14 10:18:56	carltongibson	2021-05-19 09:45:21	True
14396	rohithpr	2021-05-14 10:18:56	felixxm	2021-05-19 10:28:21	True
14396	rohithpr	2021-05-14 10:18:56	felixxm	2021-05-19 10:22:43	True
14396	rohithpr	2021-05-14 10:18:56	felixxm	2021-05-19 10:28:36	True
14396	rohithpr	2021-05-14 10:18:56	ngnpope	2021-05-14 12:20:12	True
14396	rohithpr	2021-05-14 10:18:56	ngnpope	2021-05-14 12:09:04	True
14396	rohithpr	2021-05-14 10:18:56	carltongibson	2021-05-19 09:38:03	True
14396	rohithpr	2021-05-14 10:18:56	ngnpope	2021-05-14 12:13:38	True
14396	rohithpr	2021-05-14 10:18:56	ngnpope	2021-05-14 12:09:13	True
14396	rohithpr	2021-05-14 10:18:56	ngnpope	2021-05-14 12:08:40	True
14396	rohithpr	2021-05-14 10:18:56	ngnpope	2021-05-14 12:07:17	True
14396	rohithpr	2021-05-14 10:18:56	ngnpope	2021-05-14 12:08:51	True
14396	rohithpr	2021-05-14 10:18:56	carltongibson	2021-05-19 09:39:54	True
14396	rohithpr	2021-05-14 10:18:56	ngnpope	2021-05-14 12:21:40	True
14395	felixxm	2021-05-14 09:57:36	ngnpope	2021-05-14 12:02:47	True
14394		2021-05-14 09:44:21			
14392		2021-05-14 08:45:05			
14391	smithdc1	2021-05-14 07:48:51	thibaudcolas	2021-06-03 09:53:54	True
14391	smithdc1	2021-05-14 07:48:51	thibaudcolas	2021-06-03 09:22:10	True
14389	smithdc1	2021-05-13 18:43:43	thibaudcolas	2021-06-16 08:29:37	True
14389	smithdc1	2021-05-13 18:43:43	thibaudcolas	2021-06-15 00:02:37	True
14389	smithdc1	2021-05-13 18:43:43	thibaudcolas	2021-06-16 08:15:58	True
14389	smithdc1	2021-05-13 18:43:43	xi	2021-06-04 08:39:41	True
14389	smithdc1	2021-05-13 18:43:43	thibaudcolas	2021-06-15 00:14:18	True
14389	smithdc1	2021-05-13 18:43:43	xi	2021-06-14 10:24:42	True
14389	smithdc1	2021-05-13 18:43:43	thibaudcolas	2021-06-12 16:40:17	True
14389	smithdc1	2021-05-13 18:43:43	thibaudcolas	2021-06-12 16:42:20	True
14389	smithdc1	2021-05-13 18:43:43	felixxm	2021-06-22 08:52:21	True
14386	carltongibson	2021-05-12 13:24:31	felixxm	2021-05-18 07:16:46	True
14386	carltongibson	2021-05-12 13:24:31	felixxm	2021-05-19 06:12:56	True
14385	ngnpope	2021-05-12 10:03:56	cjerdonek	2021-05-12 13:12:04	True
14384		2021-05-12 08:13:02			
14383	jooadam	2021-05-11 20:49:58	rohithpr	2021-05-11 23:29:16	True
14383	jooadam	2021-05-11 20:49:58	rohithpr	2021-05-11 21:52:31	True
14382	rohithpr	2021-05-11 10:40:42	felixxm	2021-05-14 10:44:46	True
14382	rohithpr	2021-05-11 10:40:42	felixxm	2021-05-14 06:03:42	True
14382	rohithpr	2021-05-11 10:40:42	felixxm	2021-05-14 05:56:30	True
14381	saeedblanchette	2021-05-11 04:11:24	charettes	2021-05-11 05:52:11	True
14378	ngnpope	2021-05-10 21:23:42	timgraham	2021-05-11 01:12:29	True
14378	ngnpope	2021-05-10 21:23:42	carltongibson	2021-05-12 09:59:11	True
14378	ngnpope	2021-05-10 21:23:42	felixxm	2021-05-12 08:37:41	True
14378	ngnpope	2021-05-10 21:23:42	carltongibson	2021-05-11 07:44:09	True
14378	ngnpope	2021-05-10 21:23:42	carltongibson	2021-05-11 09:35:35	True
14378	ngnpope	2021-05-10 21:23:42	timgraham	2021-05-11 12:11:47	True
14378	ngnpope	2021-05-10 21:23:42	timgraham	2021-05-11 01:13:47	True
14376	ngnpope	2021-05-10 20:42:18	felixxm	2021-05-12 07:50:55	True
14376	ngnpope	2021-05-10 20:42:18	felixxm	2021-05-12 07:48:58	True
14375	amureki	2021-05-10 20:20:46	codingjoe	2021-05-12 07:52:44	True
14375	amureki	2021-05-10 20:20:46	codingjoe	2021-05-12 14:24:06	True
14375	amureki	2021-05-10 20:20:46	codingjoe	2021-05-11 10:13:39	True
14375	amureki	2021-05-10 20:20:46	codingjoe	2021-05-11 17:42:13	True
14374	ngnpope	2021-05-10 19:52:38	pganssle	2021-05-10 22:29:30	True
14374	ngnpope	2021-05-10 19:52:38	carltongibson	2021-05-11 09:58:52	True
14374	ngnpope	2021-05-10 19:52:38	carltongibson	2021-05-11 10:04:06	True
14374	ngnpope	2021-05-10 19:52:38	carltongibson	2021-05-11 09:50:02	True
14374	ngnpope	2021-05-10 19:52:38	pganssle	2021-05-11 11:28:59	True
14374	ngnpope	2021-05-10 19:52:38	pganssle	2021-05-10 22:32:25	True
14373	ngnpope	2021-05-10 14:40:32	felixxm	2021-05-10 19:14:56	True
14372	felixxm	2021-05-10 08:46:50	apollo13	2021-05-10 17:40:07	True
14372	felixxm	2021-05-10 08:46:50	apollo13	2021-05-10 17:52:22	True
14372	felixxm	2021-05-10 08:46:50	apollo13	2021-05-10 15:56:00	True
14372	felixxm	2021-05-10 08:46:50	kukosk	2021-05-10 12:28:19	True
14372	felixxm	2021-05-10 08:46:50	apollo13	2021-05-10 10:10:11	True
14372	felixxm	2021-05-10 08:46:50	kukosk	2021-05-10 11:19:41	True
14371	maviva	2021-05-09 11:36:09	ngnpope	2021-05-10 09:14:41	True
14371	maviva	2021-05-09 11:36:09	ngnpope	2021-05-10 11:00:58	True
14370	saeedblanchette	2021-05-09 05:38:21	ngnpope	2021-05-10 17:59:15	True
14370	saeedblanchette	2021-05-09 05:38:21	ngnpope	2021-05-10 08:14:34	True
14370	saeedblanchette	2021-05-09 05:38:21	ngnpope	2021-05-09 07:10:55	True
14370	saeedblanchette	2021-05-09 05:38:21	ngnpope	2021-05-09 07:09:13	True
14370	saeedblanchette	2021-05-09 05:38:21	ngnpope	2021-05-09 06:58:26	True
14367	cammil	2021-05-07 21:03:10	felixxm	2021-07-02 09:31:55	True
14365		2021-05-07 07:00:45			
14364	snowman2	2021-05-06 17:02:43	charettes	2021-05-06 17:52:38	True
14364	snowman2	2021-05-06 17:02:43	felixxm	2021-05-06 17:46:58	True
14364	snowman2	2021-05-06 17:02:43	charettes	2021-05-06 17:45:13	True
14364	snowman2	2021-05-06 17:02:43	felixxm	2021-05-07 04:24:39	True
14364	snowman2	2021-05-06 17:02:43	charettes	2021-05-10 14:56:48	True
14364	snowman2	2021-05-06 17:02:43	felixxm	2021-05-13 08:57:45	True
14364	snowman2	2021-05-06 17:02:43	felixxm	2021-05-13 11:01:38	True
14364	snowman2	2021-05-06 17:02:43	felixxm	2021-05-13 09:09:40	True
14364	snowman2	2021-05-06 17:02:43	felixxm	2021-05-07 04:16:38	True
14364	snowman2	2021-05-06 17:02:43	felixxm	2021-05-06 17:51:20	True
14358		2021-05-06 05:01:05			
14356	hramezani	2021-05-05 21:29:57	smithdc1	2021-05-06 16:44:47	True
14356	hramezani	2021-05-05 21:29:57	felixxm	2021-05-06 09:55:53	True
14356	hramezani	2021-05-05 21:29:57	felixxm	2021-05-06 09:54:06	True
14356	hramezani	2021-05-05 21:29:57	felixxm	2021-05-06 10:24:29	True
14356	hramezani	2021-05-05 21:29:57	felixxm	2021-05-06 08:44:09	True
14356	hramezani	2021-05-05 21:29:57	ngnpope	2021-05-06 17:58:55	True
14356	hramezani	2021-05-05 21:29:57	felixxm	2021-05-06 10:23:49	True
14356	hramezani	2021-05-05 21:29:57	smithdc1	2021-05-06 13:36:48	True
14356	hramezani	2021-05-05 21:29:57	ngnpope	2021-05-06 20:11:24	True
14356	hramezani	2021-05-05 21:29:57	ngnpope	2021-05-06 17:57:25	True
14356	hramezani	2021-05-05 21:29:57	ngnpope	2021-05-06 17:54:38	True
14356	hramezani	2021-05-05 21:29:57	smithdc1	2021-05-06 16:41:42	True
14356	hramezani	2021-05-05 21:29:57	felixxm	2021-05-06 08:44:30	True
14355	smithdc1	2021-05-05 21:25:52	ngnpope	2021-05-12 14:33:57	True
14355	smithdc1	2021-05-05 21:25:52	ngnpope	2021-05-06 14:05:45	True
14355	smithdc1	2021-05-05 21:25:52	carltongibson	2021-05-12 18:08:02	True
14355	smithdc1	2021-05-05 21:25:52	ngnpope	2021-05-12 14:30:58	True
14355	smithdc1	2021-05-05 21:25:52	ngnpope	2021-05-06 14:04:38	True
14353		2021-05-05 18:47:16			
14349	felixxm	2021-05-04 20:10:27	carltongibson	2021-05-05 06:03:09	True
14349	felixxm	2021-05-04 20:10:27	gpshead	2021-05-05 14:34:06	True
14349	felixxm	2021-05-04 20:10:27	adamchainz	2021-05-05 12:43:22	True
14349	felixxm	2021-05-04 20:10:27	adamchainz	2021-05-05 08:21:17	True
14349	felixxm	2021-05-04 20:10:27	carltongibson	2021-05-05 06:04:43	True
14349	felixxm	2021-05-04 20:10:27	carltongibson	2021-05-05 06:04:06	True
14349	felixxm	2021-05-04 20:10:27	mgorny	2021-05-05 14:20:18	True
14348		2021-05-04 17:20:15			
14347		2021-05-04 14:38:24			
14346	carltongibson	2021-05-04 12:47:27	timgraham	2021-05-04 12:50:35	True
14345		2021-05-04 06:59:32			
14341		2021-05-03 18:15:38			
