pr_number	author_user_login	pr_created_at	commit_user_login	commit_created_at	commit_status_total	commit_status_additions	commit_status_deletions	create_before_pr	is_review_commit
2867	timgraham	2014-06-30 18:53:20	timgraham	2014-06-30 18:34:45	63	46	17	True	True
2866	coder9042	2014-06-30 17:35:39	coder9042	2014-06-30 13:06:28	116	107	9	True	True
2863	msoedov	2014-06-29 19:19:27	msoedov	2014-06-29 19:11:16	65	41	24	True	True
2863	msoedov	2014-06-29 19:19:27	msoedov	2014-08-10 13:14:42	22	13	9	False	True
2859	claudep	2014-06-26 15:20:17	claudep	2014-06-26 14:55:36	32	19	13	True	True
2854	tricoder42	2014-06-26 05:45:14	tricoder42	2014-06-26 11:06:19	2	1	1	False	True
2854	tricoder42	2014-06-26 05:45:14	tricoder42	2014-06-26 05:11:47	39	35	4	True	True
2851	Matt-Deacalion	2014-06-26 00:25:18	Matt-Deacalion	2014-06-25 16:37:24	52	26	26	True	True
2851	Matt-Deacalion	2014-06-26 00:25:18	Matt-Deacalion	2014-06-25 17:32:00	118	59	59	True	True
2851	Matt-Deacalion	2014-06-26 00:25:18	Matt-Deacalion	2014-06-25 16:23:04	23	12	11	True	True
2849	timgraham	2014-06-25 12:54:54	timgraham	2014-06-25 12:53:09	91	64	27	True	True
2847	xrmx	2014-06-24 14:35:02	xrmx	2014-06-25 17:09:24	28	11	17	False	True
2847	xrmx	2014-06-24 14:35:02	xrmx	2014-06-24 13:07:36	32	23	9	True	True
2847	xrmx	2014-06-24 14:35:02	xrmx	2014-06-25 17:35:25	57	40	17	False	True
2843	vin-ai	2014-06-23 10:05:55	VINAY Kr. SHARMA	2014-06-25 10:11:07	14	0	14	False	True
2843	vin-ai	2014-06-23 10:05:55	VINAY Kr. SHARMA	2014-06-23 09:08:08	5	3	2	True	True
2843	vin-ai	2014-06-23 10:05:55	VINAY Kr. SHARMA	2014-06-25 10:04:18	1	0	1	False	True
2843	vin-ai	2014-06-23 10:05:55	VINAY Kr. SHARMA	2014-06-23 11:46:00	30	28	2	False	True
2843	vin-ai	2014-06-23 10:05:55	VINAY Kr. SHARMA	2014-06-23 10:45:01	413	332	81	False	True
2843	vin-ai	2014-06-23 10:05:55	VINAY Kr. SHARMA	2014-06-25 11:47:47	10	5	5	False	True
2843	vin-ai	2014-06-23 10:05:55	VINAY Kr. SHARMA	2014-06-25 16:26:18	34	14	20	False	True
2843	vin-ai	2014-06-23 10:05:55	VINAY Kr. SHARMA	2014-06-25 18:52:11	4	2	2	False	True
2843	vin-ai	2014-06-23 10:05:55	VINAY Kr. SHARMA	2014-06-25 10:09:18	16	4	12	False	True
2843	vin-ai	2014-06-23 10:05:55	VINAY Kr. SHARMA	2014-06-24 12:50:36	38	33	5	False	True
2842	claudep	2014-06-23 07:29:41	claudep	2014-06-23 07:28:42	34	34	0	True	True
2841	valberg	2014-06-22 21:02:08	valberg	2014-06-22 21:01:10	38	38	0	True	True
2839	denisenkom	2014-06-21 20:21:26	denisenkom	2014-10-03 01:58:36	4	3	1	False	True
2838	claudep	2014-06-21 13:07:55	claudep	2014-06-21 13:00:35	27	20	7	True	True
2836	claudep	2014-06-20 18:29:46	claudep	2014-08-30 13:25:24	274	147	127	False	True
2836	claudep	2014-06-20 18:29:46	claudep	2014-08-30 14:31:51	169	128	41	False	True
2836	claudep	2014-06-20 18:29:46	claudep	2014-06-20 18:22:13	200	153	47	True	True
2834	whoshuu	2014-06-20 03:12:49	whoshuu	2014-06-19 19:24:59	129	129	0	True	True
2833	whoshuu	2014-06-20 03:10:39	whoshuu	2014-06-19 23:50:01	51	35	16	True	True
2829	Suor	2014-06-19 09:15:38	Suor	2014-06-19 09:05:50	3	3	0	True	True
2829	Suor	2014-06-19 09:15:38	Suor	2014-06-19 12:52:57	2	1	1	False	True
2828	coder9042	2014-06-18 20:34:41	coder9042	2014-06-22 03:32:14	63	21	42	False	True
2824	valberg	2014-06-17 15:51:00	valberg	2014-06-17 15:50:31	7	7	0	True	True
2823	PirosB3	2014-06-17 11:17:40	PirosB3	2014-06-19 14:03:36	777	777	0	False	True
2822	jooyous	2014-06-17 08:28:14	jooyous	2014-06-22 05:46:48	19	14	5	False	True
2822	jooyous	2014-06-17 08:28:14	jooyous	2014-06-28 08:47:19	21	18	3	False	True
2822	jooyous	2014-06-17 08:28:14	jooyous	2014-06-16 07:39:18	32	30	2	True	True
2816	a1tus	2014-06-16 07:55:30	a1tus	2014-06-16 07:47:45	4	4	0	True	True
2816	a1tus	2014-06-16 07:55:30	a1tus	2014-07-16 23:58:03	29	29	0	False	True
2816	a1tus	2014-06-16 07:55:30	a1tus	2014-08-01 22:45:43	8	6	2	False	True
2811	mjtamlyn	2014-06-15 11:04:45	mjtamlyn	2014-06-15 11:02:39	24	22	2	True	True
2807	jorgecarleitao	2014-06-14 19:33:18	jorgecarleitao	2014-06-14 18:30:47	88	59	29	True	True
2807	jorgecarleitao	2014-06-14 19:33:18	jorgecarleitao	2014-06-11 15:09:10	192	119	73	True	True
2807	jorgecarleitao	2014-06-14 19:33:18	jorgecarleitao	2014-06-14 16:41:47	375	187	188	True	True
2807	jorgecarleitao	2014-06-14 19:33:18	jorgecarleitao	2014-07-08 07:00:35	122	60	62	False	True
2805	mmardini	2014-06-12 17:49:27	mmardini	2014-06-12 17:43:30	15	14	1	True	True
2804	Naddiseo	2014-06-12 16:01:48	Naddiseo	2014-06-12 16:58:50	9	7	2	False	True
2802	akaariai	2014-06-12 12:37:50	akaariai	2014-06-06 12:35:40	163	96	67	True	True
2802	akaariai	2014-06-12 12:37:50	akaariai	2014-06-27 06:24:44	76	49	27	False	True
2798	timgraham	2014-06-11 19:39:33	timgraham	2014-06-11 19:26:17	149	141	8	True	True
2796	jorgecarleitao	2014-06-11 17:11:35	jorgecarleitao	2014-06-23 06:33:42	377	260	117	False	True
2794	mmardini	2014-06-10 19:36:57	mmardini	2014-06-10 19:35:48	30	16	14	True	True
2790	timgraham	2014-06-10 18:32:12	mlavin	2014-04-20 12:58:29	146	131	15	True	True
2786	gchp	2014-06-10 10:49:53	gchp	2014-06-10 09:32:46	31	29	2	True	True
2785	rparent	2014-06-10 09:38:18	rparent	2014-06-10 16:17:45	125	121	4	False	True
2785	rparent	2014-06-10 09:38:18	rparent	2014-06-06 16:16:17	15	13	2	True	True
2785	rparent	2014-06-10 09:38:18	rparent	2014-06-16 09:08:00	92	41	51	False	True
2784	wolever	2014-06-09 22:22:25	wolever	2014-06-09 22:15:21	18	18	0	True	True
2783	coder9042	2014-06-09 20:24:16	coder9042	2014-06-14 07:24:19	174	153	21	False	True
2782	timgraham	2014-06-09 20:04:18	timgraham	2014-06-09 20:03:04	185	24	161	True	True
2781	aaugustin	2014-06-09 19:24:45	aaugustin	2014-06-09 19:24:05	28	6	22	True	True
2780	claudep	2014-06-09 15:03:28	claudep	2013-10-16 14:24:59	349	200	149	True	True
2780	claudep	2014-06-09 15:03:28	claudep	2014-06-06 15:55:56	93	79	14	True	True
2780	claudep	2014-06-09 15:03:28	claudep	2014-06-06 18:12:23	136	86	50	True	True
2780	claudep	2014-06-09 15:03:28	claudep	2014-06-06 20:39:33	1059	493	566	True	True
2780	claudep	2014-06-09 15:03:28	claudep	2014-06-14 09:43:58	14	14	0	False	True
2778	duncanparkes	2014-06-08 21:55:29	duncanparkes	2014-06-07 23:47:43	20	19	1	True	True
2778	duncanparkes	2014-06-08 21:55:29	duncanparkes	2014-06-11 20:41:25	56	38	18	False	True
2778	duncanparkes	2014-06-08 21:55:29	duncanparkes	2014-06-10 10:50:17	41	28	13	False	True
2776	evildmp	2014-06-08 19:06:34	evildmp	2014-06-08 18:30:52	687	472	215	True	True
2776	evildmp	2014-06-08 19:06:34	evildmp	2014-06-11 21:05:36	56	41	15	False	True
2776	evildmp	2014-06-08 19:06:34	evildmp	2014-06-19 23:06:44	19	10	9	False	True
2772	aaugustin	2014-06-07 12:11:22	aaugustin	2014-06-07 12:09:27	121	88	33	True	True
2772	aaugustin	2014-06-07 12:11:22	aaugustin	2014-06-07 12:35:02	6	6	0	False	True
2770	mmardini	2014-06-06 21:05:46	mmardini	2014-06-06 20:58:32	241	164	77	True	True
2768	gchp	2014-06-06 14:50:44	gchp	2014-06-06 14:49:02	52	50	2	True	True
2767	LuanP	2014-06-06 13:13:37	LuanP	2014-06-06 18:47:15	83	80	3	False	True
2766	coder9042	2014-06-06 10:25:40	coder9042	2014-06-06 11:10:20	218	202	16	False	True
2764	gchp	2014-06-05 21:47:25	gchp	2014-06-05 21:42:08	34	25	9	True	True
2761	gyx1000	2014-06-04 14:05:00	gyx1000	2014-06-04 13:58:28	7	4	3	True	True
2760	andrewgodwin	2014-06-04 08:27:49	andrewgodwin	2014-05-30 17:33:49	133	79	54	True	True
2760	andrewgodwin	2014-06-04 08:27:49	andrewgodwin	2014-05-28 17:03:45	548	291	257	True	True
2760	andrewgodwin	2014-06-04 08:27:49	andrewgodwin	2014-06-04 08:25:03	171	109	62	True	True
2760	andrewgodwin	2014-06-04 08:27:49	andrewgodwin	2014-05-29 17:46:22	138	134	4	True	True
2760	andrewgodwin	2014-06-04 08:27:49	andrewgodwin	2014-06-04 18:00:00	14	8	6	False	True
2760	andrewgodwin	2014-06-04 08:27:49	andrewgodwin	2014-06-06 03:28:07	98	98	0	False	True
2760	andrewgodwin	2014-06-04 08:27:49	andrewgodwin	2014-06-04 19:27:53	53	25	28	False	True
2760	andrewgodwin	2014-06-04 08:27:49	andrewgodwin	2014-06-04 18:43:24	2	1	1	False	True
2757	coder9042	2014-06-03 04:12:38	coder9042	2014-06-03 03:36:59	50	47	3	True	True
2754	timgraham	2014-06-02 22:26:04	timgraham	2014-05-19 12:55:29	248	134	114	True	True
2752	timgraham	2014-06-02 20:14:10	timgraham	2014-06-02 20:07:28	72	72	0	True	True
