pr_number	author_user_login	pr_created_at	comment_user_login	comment_created_at	is_review_issue_comment
5216	beerdotpy	2015-08-31 20:14:16	timgraham	2016-01-11 23:48:19	True
5215	olasitarska	2015-08-31 17:42:21	timgraham	2015-09-01 11:40:54	True
5215	olasitarska	2015-08-31 17:42:21	timgraham	2015-09-01 11:29:33	True
5215	olasitarska	2015-08-31 17:42:21	timgraham	2015-09-05 13:36:08	True
5215	olasitarska	2015-08-31 17:42:21	timgraham	2015-08-31 17:57:33	True
5215	olasitarska	2015-08-31 17:42:21	timgraham	2015-09-07 23:33:39	True
5215	olasitarska	2015-08-31 17:42:21	timgraham	2015-09-08 23:18:33	True
5214	olasitarska	2015-08-31 17:07:39	timgraham	2016-02-22 21:19:41	True
5214	olasitarska	2015-08-31 17:07:39	timgraham	2015-12-29 16:45:30	True
5214	olasitarska	2015-08-31 17:07:39	timgraham	2015-09-09 00:10:36	True
5214	olasitarska	2015-08-31 17:07:39	timgraham	2015-09-03 16:25:07	True
5214	olasitarska	2015-08-31 17:07:39	timgraham	2015-08-31 17:46:54	True
5213	gavinwahl	2015-08-31 17:01:09	timgraham	2015-10-13 21:06:44	True
5213	gavinwahl	2015-08-31 17:01:09	timgraham	2015-08-31 17:39:13	True
5213	gavinwahl	2015-08-31 17:01:09	timgraham	2015-09-25 14:52:03	True
5213	gavinwahl	2015-08-31 17:01:09	cabello	2015-09-04 00:57:12	True
5213	gavinwahl	2015-08-31 17:01:09	timgraham	2015-09-02 18:26:05	True
5211		2015-08-31 11:02:29			False
5210	Y3K	2015-08-31 03:57:15	MarkusH	2015-08-31 04:14:39	True
5210	Y3K	2015-08-31 03:57:15	jarshwah	2015-08-31 05:22:39	True
5209	prestontimmons	2015-08-31 02:25:07	timgraham	2015-08-31 12:46:51	True
5205	Y3K	2015-08-28 21:18:02	MarkusH	2015-08-31 01:35:12	True
5205	Y3K	2015-08-28 21:18:02	MarkusH	2015-08-31 05:43:40	True
5204	Y3K	2015-08-28 19:19:45	timgraham	2015-08-29 12:57:27	True
5203	apocquet	2015-08-28 16:04:19	timgraham	2015-08-31 12:01:15	True
5203	apocquet	2015-08-28 16:04:19	timgraham	2015-08-29 12:59:34	True
5203	apocquet	2015-08-28 16:04:19	timgraham	2015-09-04 19:12:42	True
5203	apocquet	2015-08-28 16:04:19	timgraham	2015-08-31 13:04:18	True
5203	apocquet	2015-08-28 16:04:19	timgraham	2015-09-03 16:41:13	True
5201	shangxiao	2015-08-28 09:08:59	MarkusH	2015-08-31 04:40:56	True
5201	shangxiao	2015-08-28 09:08:59	timgraham	2015-08-28 16:45:47	True
5200	umazalakain	2015-08-28 00:30:43	MarkusH	2015-08-31 10:24:59	True
5200	umazalakain	2015-08-28 00:30:43	timgraham	2015-09-18 22:34:02	True
5198	beerdotpy	2015-08-26 21:44:17	charettes	2015-08-26 21:48:30	True
5198	beerdotpy	2015-08-26 21:44:17	timgraham	2015-08-26 22:32:45	True
5198	beerdotpy	2015-08-26 21:44:17	timgraham	2015-08-28 17:17:04	True
5198	beerdotpy	2015-08-26 21:44:17	timgraham	2015-09-03 14:09:53	True
5193	WhyNotHugo	2015-08-26 06:09:09	timgraham	2015-08-26 12:29:38	True
5193	WhyNotHugo	2015-08-26 06:09:09	timgraham	2016-02-04 15:39:51	True
5192	nikolas	2015-08-26 04:25:42	timgraham	2015-08-26 19:58:35	True
5192	nikolas	2015-08-26 04:25:42	timgraham	2015-09-02 17:53:57	True
5192	nikolas	2015-08-26 04:25:42	timgraham	2015-08-26 23:54:47	True
5192	nikolas	2015-08-26 04:25:42	treyhunner	2015-08-26 23:05:27	True
5192	nikolas	2015-08-26 04:25:42	timgraham	2015-08-27 00:01:02	True
5192	nikolas	2015-08-26 04:25:42	treyhunner	2015-09-02 16:04:17	True
5192	nikolas	2015-08-26 04:25:42	timgraham	2015-09-02 14:34:45	True
5192	nikolas	2015-08-26 04:25:42	treyhunner	2015-08-27 21:11:12	True
5192	nikolas	2015-08-26 04:25:42	timgraham	2015-08-26 23:47:45	True
5192	nikolas	2015-08-26 04:25:42	timgraham	2015-08-26 22:52:24	True
5192	nikolas	2015-08-26 04:25:42	timgraham	2015-08-26 16:10:16	True
5192	nikolas	2015-08-26 04:25:42	timgraham	2015-08-26 16:24:01	True
5192	nikolas	2015-08-26 04:25:42	timgraham	2015-08-26 12:36:23	True
5192	nikolas	2015-08-26 04:25:42	timgraham	2015-08-26 15:59:23	True
5190	SujaySKumar	2015-08-25 16:30:00	timgraham	2015-09-03 18:10:52	True
5190	SujaySKumar	2015-08-25 16:30:00	timgraham	2015-09-10 00:11:50	True
5190	SujaySKumar	2015-08-25 16:30:00	timgraham	2015-09-18 23:03:15	True
5187	sergeykolosov	2015-08-24 23:31:00	timgraham	2015-08-26 22:46:49	True
5187	sergeykolosov	2015-08-24 23:31:00	timgraham	2015-08-27 17:12:42	True
5187	sergeykolosov	2015-08-24 23:31:00	timgraham	2015-08-28 19:42:36	True
5185	timgraham	2015-08-24 16:06:57	PirosB3	2015-08-27 09:26:13	True
5185	timgraham	2015-08-24 16:06:57	PirosB3	2015-08-28 08:58:24	True
5183	kosz85	2015-08-24 06:15:45	MarkusH	2015-09-18 04:32:07	True
5183	kosz85	2015-08-24 06:15:45	MarkusH	2015-09-22 02:37:28	True
5183	kosz85	2015-08-24 06:15:45	MarkusH	2015-09-21 12:00:41	True
5183	kosz85	2015-08-24 06:15:45	timgraham	2015-09-09 22:02:25	True
5183	kosz85	2015-08-24 06:15:45	MarkusH	2015-09-12 01:00:42	True
5181	mlorant	2015-08-23 18:59:55	aaugustin	2015-08-23 19:07:35	True
5181	mlorant	2015-08-23 18:59:55	timgraham	2015-08-24 12:01:07	True
5181	mlorant	2015-08-23 18:59:55	timgraham	2015-08-24 23:36:27	True
5180	beerdotpy	2015-08-23 12:22:07	timgraham	2015-08-25 00:06:16	True
5180	beerdotpy	2015-08-23 12:22:07	timgraham	2015-08-24 11:41:01	True
5180	beerdotpy	2015-08-23 12:22:07	timgraham	2015-08-25 12:26:30	True
5180	beerdotpy	2015-08-23 12:22:07	timgraham	2015-08-25 20:27:51	True
5178	MarkusH	2015-08-23 04:04:05	timgraham	2015-08-24 12:44:55	True
5178	MarkusH	2015-08-23 04:04:05	andrewgodwin	2015-08-23 04:06:29	True
5176	MarkusH	2015-08-22 14:52:11	timgraham	2015-08-24 13:25:26	True
5176	MarkusH	2015-08-22 14:52:11	timgraham	2015-08-25 12:33:59	True
5175		2015-08-22 12:58:38			False
5173		2015-08-22 01:42:56			False
5169	RamezIssac	2015-08-21 14:26:41	timgraham	2015-08-22 14:45:01	True
5169	RamezIssac	2015-08-21 14:26:41	timgraham	2015-08-25 13:41:34	True
5164	MoritzS	2015-08-20 18:15:20	prestontimmons	2015-09-08 03:51:26	True
5164	MoritzS	2015-08-20 18:15:20	timgraham	2015-09-16 14:20:29	True
5164	MoritzS	2015-08-20 18:15:20	timgraham	2015-08-20 22:46:01	True
5164	MoritzS	2015-08-20 18:15:20	timgraham	2015-09-03 17:28:44	True
5164	MoritzS	2015-08-20 18:15:20	timgraham	2015-09-03 17:26:43	True
5164	MoritzS	2015-08-20 18:15:20	timgraham	2015-09-08 23:35:09	True
5160	jtiai	2015-08-19 18:43:15	timgraham	2015-08-19 23:09:55	True
5160	jtiai	2015-08-19 18:43:15	timgraham	2015-08-19 20:04:40	True
5160	jtiai	2015-08-19 18:43:15	timgraham	2015-08-19 20:06:51	True
5158	claudep	2015-08-19 10:02:04	aaugustin	2015-08-19 11:34:17	True
5154		2015-08-18 23:44:49			False
5147	zoe-stockholm	2015-08-18 09:13:29	timgraham	2015-09-01 18:07:22	True
5147	zoe-stockholm	2015-08-18 09:13:29	timgraham	2015-08-19 13:23:32	True
5147	zoe-stockholm	2015-08-18 09:13:29	timgraham	2015-09-02 12:01:05	True
5147	zoe-stockholm	2015-08-18 09:13:29	timgraham	2015-08-18 13:31:01	True
5147	zoe-stockholm	2015-08-18 09:13:29	timgraham	2015-08-19 11:53:17	True
5147	zoe-stockholm	2015-08-18 09:13:29	timgraham	2015-08-24 17:33:27	True
5144	msaelices	2015-08-17 16:09:29	timgraham	2015-09-23 18:36:29	True
5144	msaelices	2015-08-17 16:09:29	timgraham	2015-11-12 23:25:05	True
5144	msaelices	2015-08-17 16:09:29	timgraham	2015-08-18 23:09:52	True
5139	timgraham	2015-08-15 23:11:54	jarshwah	2015-09-03 23:30:59	True
5136	zauddelig	2015-08-14 11:17:32	timgraham	2015-09-09 22:00:11	True
5136	zauddelig	2015-08-14 11:17:32	timgraham	2015-09-16 17:06:17	True
5136	zauddelig	2015-08-14 11:17:32	timgraham	2015-09-18 14:27:10	True
5135	zauddelig	2015-08-13 08:04:02	timgraham	2015-08-13 16:58:18	True
5135	zauddelig	2015-08-13 08:04:02	timgraham	2015-08-13 13:29:22	True
5135	zauddelig	2015-08-13 08:04:02	timgraham	2015-08-13 10:20:47	True
5134	zauddelig	2015-08-13 07:39:05	timgraham	2015-08-13 17:07:18	True
5129	tysonclugg	2015-08-11 07:52:59	timgraham	2015-08-26 19:39:26	True
5129	tysonclugg	2015-08-11 07:52:59	MarkusH	2015-08-31 11:20:48	True
5129	tysonclugg	2015-08-11 07:52:59	MarkusH	2015-08-11 08:08:50	True
5128	caioariede	2015-08-11 04:43:03	timgraham	2015-08-14 11:29:03	True
5127	darkryder	2015-08-10 15:40:58	timgraham	2015-08-12 00:31:43	True
5127	darkryder	2015-08-10 15:40:58	timgraham	2015-08-12 14:45:59	True
5126		2015-08-10 15:37:24			False
5125	MarkusH	2015-08-10 12:49:26	davidcrawford	2015-08-21 22:25:24	True
5125	MarkusH	2015-08-10 12:49:26	davidcrawford	2015-08-17 18:58:21	True
5123	MoritzS	2015-08-10 11:26:40	prestontimmons	2015-09-08 03:55:08	True
5123	MoritzS	2015-08-10 11:26:40	timgraham	2015-08-13 14:19:20	True
5123	MoritzS	2015-08-10 11:26:40	timgraham	2015-09-21 12:42:46	True
5122	ar45	2015-08-09 18:06:55	auvipy	2016-05-15 04:05:50	True
5122	ar45	2015-08-09 18:06:55	loic	2016-03-02 01:28:35	True
5122	ar45	2015-08-09 18:06:55	loic	2016-05-15 15:21:18	True
5122	ar45	2015-08-09 18:06:55	alexgleason	2016-04-15 01:48:06	True
5122	ar45	2015-08-09 18:06:55	loic	2016-05-15 14:50:01	True
5122	ar45	2015-08-09 18:06:55	auvipy	2015-09-20 15:52:52	True
5122	ar45	2015-08-09 18:06:55	loic	2016-05-16 09:19:16	True
5122	ar45	2015-08-09 18:06:55	timgraham	2015-08-17 19:30:26	True
5122	ar45	2015-08-09 18:06:55	loic	2015-08-24 17:19:28	True
5122	ar45	2015-08-09 18:06:55	timgraham	2015-09-05 13:48:40	True
5122	ar45	2015-08-09 18:06:55	loic	2016-05-16 09:09:19	True
5122	ar45	2015-08-09 18:06:55	timgraham	2015-09-22 01:21:23	True
5122	ar45	2015-08-09 18:06:55	timgraham	2015-10-01 13:22:29	True
5122	ar45	2015-08-09 18:06:55	timgraham	2016-02-24 00:25:38	True
5122	ar45	2015-08-09 18:06:55	loic	2016-02-24 00:59:59	True
5122	ar45	2015-08-09 18:06:55	timgraham	2016-05-16 11:32:55	True
5121		2015-08-09 13:57:17			False
5120	charettes	2015-08-08 15:57:38	timgraham	2015-09-23 19:02:33	True
5118	caioariede	2015-08-08 12:45:05	fabianbuechler	2015-08-09 07:39:09	True
5118	caioariede	2015-08-08 12:45:05	timgraham	2015-08-15 14:12:07	True
5118	caioariede	2015-08-08 12:45:05	charettes	2015-08-08 15:15:57	True
5116	pscottdevos	2015-08-07 19:32:20	timgraham	2015-08-11 14:01:57	True
5115		2015-08-07 17:09:45			False
5113	funkybob	2015-08-07 05:54:06	timgraham	2016-02-10 23:24:13	True
5113	funkybob	2015-08-07 05:54:06	timgraham	2016-02-02 17:16:31	True
5113	funkybob	2015-08-07 05:54:06	timgraham	2016-02-03 15:36:44	True
5112	mlavin	2015-08-07 01:15:53	timgraham	2015-08-07 22:17:11	True
5112	mlavin	2015-08-07 01:15:53	carljm	2015-08-07 18:51:55	True
5112	mlavin	2015-08-07 01:15:53	charettes	2015-08-07 02:00:38	True
5112	mlavin	2015-08-07 01:15:53	carljm	2015-08-07 17:46:52	True
5111		2015-08-06 21:59:49			False
5108	PetrDlouhy	2015-08-05 14:14:30	alytle	2015-08-12 15:28:23	True
5108	PetrDlouhy	2015-08-05 14:14:30	timgraham	2015-08-26 15:56:58	True
5108	PetrDlouhy	2015-08-05 14:14:30	timgraham	2015-09-04 19:39:00	True
5108	PetrDlouhy	2015-08-05 14:14:30	timgraham	2015-09-03 16:12:20	True
5108	PetrDlouhy	2015-08-05 14:14:30	timgraham	2015-08-28 18:55:15	True
5108	PetrDlouhy	2015-08-05 14:14:30	jarshwah	2015-08-26 13:52:40	True
5108	PetrDlouhy	2015-08-05 14:14:30	WhyNotHugo	2015-08-26 10:37:02	True
5108	PetrDlouhy	2015-08-05 14:14:30	WhyNotHugo	2015-08-11 18:52:20	True
5107	caioariede	2015-08-05 14:09:46	timgraham	2015-08-05 14:31:48	True
5107	caioariede	2015-08-05 14:09:46	timgraham	2015-08-06 20:15:00	True
5107	caioariede	2015-08-05 14:09:46	timgraham	2015-08-07 13:39:18	True
5107	caioariede	2015-08-05 14:09:46	timgraham	2015-08-06 22:59:00	True
5107	caioariede	2015-08-05 14:09:46	timgraham	2015-08-06 20:34:38	True
5107	caioariede	2015-08-05 14:09:46	timgraham	2015-08-06 17:55:10	True
5107	caioariede	2015-08-05 14:09:46	jarshwah	2015-08-06 02:29:26	True
5106	aaugustin	2015-08-05 10:50:00	timgraham	2015-08-29 14:02:19	True
5106	aaugustin	2015-08-05 10:50:00	timgraham	2015-08-29 13:13:55	True
5106	aaugustin	2015-08-05 10:50:00	timgraham	2015-08-11 11:38:43	True
5106	aaugustin	2015-08-05 10:50:00	timgraham	2015-08-11 11:46:46	True
5106	aaugustin	2015-08-05 10:50:00	timgraham	2015-08-11 11:41:22	True
5105	candeira	2015-08-05 06:01:36	collinanderson	2015-08-06 11:40:31	True
5105	candeira	2015-08-05 06:01:36	timgraham	2015-08-10 17:55:39	True
5105	candeira	2015-08-05 06:01:36	timgraham	2015-08-10 14:59:35	True
5105	candeira	2015-08-05 06:01:36	CarMoreno	2015-08-10 17:59:42	True
5105	candeira	2015-08-05 06:01:36	timgraham	2015-08-13 17:59:45	True
5101	BMJHayward	2015-08-04 07:16:21	timgraham	2015-08-07 14:15:56	True
5101	BMJHayward	2015-08-04 07:16:21	timgraham	2015-08-04 11:26:52	True
5101	BMJHayward	2015-08-04 07:16:21	timgraham	2015-08-10 11:48:41	True
5101	BMJHayward	2015-08-04 07:16:21	timgraham	2015-08-11 13:37:08	True
5100	pzrq	2015-08-04 07:02:21	timgraham	2015-08-27 18:32:32	True
5100	pzrq	2015-08-04 07:02:21	timgraham	2015-09-09 23:56:34	True
5100	pzrq	2015-08-04 07:02:21	timgraham	2015-12-29 18:18:49	True
5100	pzrq	2015-08-04 07:02:21	timgraham	2016-02-26 19:03:26	True
5099	AlexHill	2015-08-04 04:37:55	adamchainz	2015-09-17 22:49:22	True
5099	AlexHill	2015-08-04 04:37:55	auvipy	2015-09-16 17:42:54	True
5099	AlexHill	2015-08-04 04:37:55	jarshwah	2015-09-21 07:10:47	True
5099	AlexHill	2015-08-04 04:37:55	timgraham	2015-09-17 01:10:27	True
5099	AlexHill	2015-08-04 04:37:55	jarshwah	2015-09-17 00:21:44	True
5099	AlexHill	2015-08-04 04:37:55	jarshwah	2015-08-06 02:15:35	True
5099	AlexHill	2015-08-04 04:37:55	timgraham	2015-09-01 13:55:29	True
5099	AlexHill	2015-08-04 04:37:55	jarshwah	2015-08-06 07:00:33	True
5097	funkybob	2015-08-04 00:52:51	MarkusH	2015-08-04 02:46:11	True
5097	funkybob	2015-08-04 00:52:51	MarkusH	2015-08-04 09:18:30	True
5095	timgraham	2015-08-03 20:41:10	charettes	2015-08-03 21:00:11	True
5095	timgraham	2015-08-03 20:41:10	charettes	2015-08-04 02:10:41	True
5090	jarshwah	2015-08-03 09:48:37	timgraham	2015-08-29 14:09:23	True
5090	jarshwah	2015-08-03 09:48:37	akaariai	2015-08-26 07:59:56	True
5090	jarshwah	2015-08-03 09:48:37	timgraham	2015-08-29 14:20:05	True
5090	jarshwah	2015-08-03 09:48:37	akaariai	2015-09-15 07:24:09	True
5090	jarshwah	2015-08-03 09:48:37	akaariai	2015-09-15 09:45:32	True
5090	jarshwah	2015-08-03 09:48:37	mjtamlyn	2015-09-15 08:34:37	True
5090	jarshwah	2015-08-03 09:48:37	mjtamlyn	2015-09-15 09:49:26	True
5090	jarshwah	2015-08-03 09:48:37	mjtamlyn	2015-09-21 08:16:02	True
5090	jarshwah	2015-08-03 09:48:37	mjtamlyn	2015-09-16 13:01:51	True
5090	jarshwah	2015-08-03 09:48:37	timgraham	2015-09-18 17:09:38	True
5088	daisylb	2015-08-03 05:33:45	timgraham	2015-08-13 18:17:45	True
5084	delinhabit	2015-08-02 14:37:56	timgraham	2015-08-12 16:55:35	True
5084	delinhabit	2015-08-02 14:37:56	timgraham	2015-08-04 15:36:29	True
5084	delinhabit	2015-08-02 14:37:56	timgraham	2015-08-12 22:09:19	True
5084	delinhabit	2015-08-02 14:37:56	timgraham	2015-08-04 15:24:15	True
