pr_number	author_user_login	pr_created_at	comment_user_login	comment_created_at	is_review_issue_comment
5073		2015-07-30 23:36:06			False
5068	scop	2015-07-30 11:08:41	timgraham	2015-09-25 14:29:52	True
5067	kezabelle	2015-07-30 07:47:04	timgraham	2015-07-30 14:32:14	True
5067	kezabelle	2015-07-30 07:47:04	timgraham	2015-08-04 18:03:30	True
5065	timgraham	2015-07-29 15:20:29	aaugustin	2015-07-30 14:03:56	True
5062	fcurella	2015-07-28 20:05:28	timgraham	2015-07-28 23:03:52	True
5062	fcurella	2015-07-28 20:05:28	timgraham	2015-07-28 22:24:14	True
5062	fcurella	2015-07-28 20:05:28	timgraham	2015-07-29 00:31:09	True
5062	fcurella	2015-07-28 20:05:28	timgraham	2015-07-29 20:57:47	True
5062	fcurella	2015-07-28 20:05:28	timgraham	2015-07-29 15:48:00	True
5062	fcurella	2015-07-28 20:05:28	timgraham	2015-07-31 14:12:26	True
5061	pipermerriam	2015-07-28 17:00:01	carljm	2015-07-28 17:48:42	True
5061	pipermerriam	2015-07-28 17:00:01	timgraham	2015-07-28 23:12:02	True
5061	pipermerriam	2015-07-28 17:00:01	timgraham	2015-07-29 14:32:35	True
5060		2015-07-28 15:06:55			False
5059	kezabelle	2015-07-28 14:51:16	timgraham	2015-08-27 15:20:17	True
5059	kezabelle	2015-07-28 14:51:16	timgraham	2015-09-25 14:49:37	True
5059	kezabelle	2015-07-28 14:51:16	timgraham	2015-08-31 20:17:39	True
5059	kezabelle	2015-07-28 14:51:16	luzfcb	2015-08-29 09:25:49	True
5059	kezabelle	2015-07-28 14:51:16	timgraham	2015-08-14 15:56:51	True
5055	kswiat	2015-07-27 20:46:41	aaugustin	2015-07-28 20:18:02	True
5055	kswiat	2015-07-27 20:46:41	carljm	2015-07-27 20:52:55	True
5055	kswiat	2015-07-27 20:46:41	charettes	2015-07-27 20:53:05	True
5055	kswiat	2015-07-27 20:46:41	aaugustin	2015-07-27 21:05:40	True
5055	kswiat	2015-07-27 20:46:41	carljm	2015-07-27 21:09:27	True
5055	kswiat	2015-07-27 20:46:41	timgraham	2015-12-21 13:48:24	True
5055	kswiat	2015-07-27 20:46:41	aaugustin	2015-07-28 20:18:13	True
5055	kswiat	2015-07-27 20:46:41	timgraham	2015-07-31 13:22:45	True
5055	kswiat	2015-07-27 20:46:41	timgraham	2015-09-04 19:44:58	True
5055	kswiat	2015-07-27 20:46:41	timgraham	2016-02-26 19:02:47	True
5055	kswiat	2015-07-27 20:46:41	kezabelle	2015-07-31 07:20:39	True
5053	LiquidPL	2015-07-27 12:05:47	charettes	2015-07-28 14:40:34	True
5053	LiquidPL	2015-07-27 12:05:47	timgraham	2015-09-04 19:43:59	True
5051	adamchainz	2015-07-26 17:03:55	aaugustin	2015-07-27 08:31:35	True
5051	adamchainz	2015-07-26 17:03:55	aaugustin	2015-07-30 14:08:33	True
5051	adamchainz	2015-07-26 17:03:55	timgraham	2015-07-30 23:07:15	True
5051	adamchainz	2015-07-26 17:03:55	timgraham	2015-08-01 11:37:33	True
5051	adamchainz	2015-07-26 17:03:55	timgraham	2015-07-31 15:32:37	True
5045	megaumi	2015-07-25 15:34:10	timgraham	2015-08-15 12:27:35	True
5045	megaumi	2015-07-25 15:34:10	jarshwah	2015-08-15 00:30:18	True
5045	megaumi	2015-07-25 15:34:10	timgraham	2015-08-14 17:36:16	True
5044	lvisintini	2015-07-25 15:28:28	timgraham	2015-07-29 19:10:03	True
5040	alasdairnicol	2015-07-24 14:16:00	carljm	2015-07-24 15:36:48	True
5040	alasdairnicol	2015-07-24 14:16:00	timgraham	2015-07-24 17:36:55	True
5039		2015-07-23 16:20:20			False
5037		2015-07-23 09:05:46			False
5036	mdj2	2015-07-22 20:13:27	timgraham	2015-07-23 22:08:56	True
5036	mdj2	2015-07-22 20:13:27	timgraham	2015-07-22 20:59:10	True
5036	mdj2	2015-07-22 20:13:27	timgraham	2015-07-23 16:35:45	True
5035	hacknaked	2015-07-22 18:12:38	karanlyons	2016-02-11 08:33:46	True
5035	hacknaked	2015-07-22 18:12:38	begincalendar	2015-10-21 22:54:05	True
5035	hacknaked	2015-07-22 18:12:38	timgraham	2015-10-21 23:06:20	True
5035	hacknaked	2015-07-22 18:12:38	timgraham	2015-09-09 20:00:12	True
5035	hacknaked	2015-07-22 18:12:38	akaariai	2015-09-10 10:22:12	True
5035	hacknaked	2015-07-22 18:12:38	timgraham	2015-10-06 18:54:08	True
5035	hacknaked	2015-07-22 18:12:38	akaariai	2015-10-07 04:30:37	True
5035	hacknaked	2015-07-22 18:12:38	timgraham	2015-10-17 19:07:10	True
5035	hacknaked	2015-07-22 18:12:38	timgraham	2016-02-10 16:08:35	True
5035	hacknaked	2015-07-22 18:12:38	timgraham	2015-10-20 00:56:16	True
5035	hacknaked	2015-07-22 18:12:38	charettes	2016-02-12 13:50:11	True
5035	hacknaked	2015-07-22 18:12:38	begincalendar	2015-10-21 23:01:10	True
5035	hacknaked	2015-07-22 18:12:38	begincalendar	2015-10-21 23:16:45	True
5035	hacknaked	2015-07-22 18:12:38	timgraham	2015-10-21 23:22:04	True
5035	hacknaked	2015-07-22 18:12:38	charettes	2015-10-21 23:23:06	True
5035	hacknaked	2015-07-22 18:12:38	begincalendar	2015-10-21 23:31:11	True
5035	hacknaked	2015-07-22 18:12:38	timgraham	2015-10-29 18:47:20	True
5035	hacknaked	2015-07-22 18:12:38	karanlyons	2015-12-21 00:25:51	True
5035	hacknaked	2015-07-22 18:12:38	timgraham	2015-10-21 22:57:56	True
5032	claudep	2015-07-21 21:26:25	timgraham	2015-07-22 21:08:48	True
5032	claudep	2015-07-21 21:26:25	timgraham	2015-07-22 16:43:06	True
5032	claudep	2015-07-21 21:26:25	timgraham	2015-07-22 11:51:17	True
5032	claudep	2015-07-21 21:26:25	timgraham	2015-07-22 11:56:48	True
5031	zedr	2015-07-21 21:04:49	timgraham	2015-08-01 12:38:53	True
5030	ubernostrum	2015-07-21 17:13:12	timgraham	2015-07-21 17:31:30	True
5030	ubernostrum	2015-07-21 17:13:12	timgraham	2015-07-21 21:11:14	True
5026	fcurella	2015-07-20 18:28:58	timgraham	2015-07-23 20:03:22	True
5026	fcurella	2015-07-20 18:28:58	carljm	2015-07-21 16:37:44	True
5026	fcurella	2015-07-20 18:28:58	timgraham	2015-07-20 18:36:14	True
5026	fcurella	2015-07-20 18:28:58	timgraham	2015-07-20 18:53:26	True
5026	fcurella	2015-07-20 18:28:58	timgraham	2015-07-20 19:04:09	True
5026	fcurella	2015-07-20 18:28:58	timgraham	2015-07-22 20:30:17	True
5026	fcurella	2015-07-20 18:28:58	carljm	2015-07-21 16:27:32	True
5026	fcurella	2015-07-20 18:28:58	carljm	2015-07-20 21:02:02	True
5026	fcurella	2015-07-20 18:28:58	carljm	2015-07-22 17:21:48	True
5026	fcurella	2015-07-20 18:28:58	timgraham	2015-07-27 22:32:23	True
5026	fcurella	2015-07-20 18:28:58	timgraham	2015-07-27 21:18:05	True
5026	fcurella	2015-07-20 18:28:58	timgraham	2015-07-27 17:29:17	True
5026	fcurella	2015-07-20 18:28:58	timgraham	2015-07-21 16:37:51	True
5026	fcurella	2015-07-20 18:28:58	timgraham	2015-07-23 17:08:02	True
5026	fcurella	2015-07-20 18:28:58	timgraham	2015-07-24 23:41:15	True
5024	jaap3	2015-07-20 15:00:00	timgraham	2015-07-20 17:51:52	True
5024	jaap3	2015-07-20 15:00:00	timgraham	2015-08-31 17:58:06	True
5021	nemesisdesign	2015-07-20 10:10:30	timgraham	2015-07-21 11:19:14	True
5021	nemesisdesign	2015-07-20 10:10:30	timgraham	2015-07-21 17:39:18	True
5021	nemesisdesign	2015-07-20 10:10:30	Xof	2015-07-21 00:58:18	True
5020	dfunckt	2015-07-18 17:08:54	timgraham	2015-07-27 14:24:46	True
5018		2015-07-18 13:16:57			False
5016	kswiat	2015-07-17 20:23:51	timgraham	2015-07-23 22:31:31	True
5016	kswiat	2015-07-17 20:23:51	timgraham	2015-07-25 11:44:09	True
5012	akaariai	2015-07-17 06:34:52	timgraham	2015-07-20 14:20:50	True
5002	mitchelljkotler	2015-07-15 21:30:35	timgraham	2015-07-24 17:31:35	True
5002	mitchelljkotler	2015-07-15 21:30:35	timgraham	2015-07-22 21:52:15	True
5002	mitchelljkotler	2015-07-15 21:30:35	manfre	2015-07-24 12:29:15	True
5002	mitchelljkotler	2015-07-15 21:30:35	jarshwah	2015-07-24 02:59:16	True
5002	mitchelljkotler	2015-07-15 21:30:35	timgraham	2015-07-22 11:34:19	True
5001	kswiat	2015-07-15 18:49:45	timgraham	2015-07-16 00:15:51	True
5000	timgraham	2015-07-15 18:40:08	loic	2015-07-15 18:58:40	True
4993	kezabelle	2015-07-13 14:43:01	timgraham	2015-07-15 13:02:12	True
4987	vallarfax	2015-07-12 18:11:14	timgraham	2015-07-13 11:39:06	True
4987	vallarfax	2015-07-12 18:11:14	aaugustin	2015-07-13 07:44:21	True
4986	andrewgodwin	2015-07-12 16:42:11	timgraham	2015-07-15 23:05:49	True
4986	andrewgodwin	2015-07-12 16:42:11	timgraham	2015-07-12 17:41:23	True
4986	andrewgodwin	2015-07-12 16:42:11	timgraham	2015-07-15 01:16:33	True
4986	andrewgodwin	2015-07-12 16:42:11	timgraham	2015-09-19 00:22:02	True
4978	AlexHill	2015-07-10 08:37:00	timgraham	2015-08-12 15:19:20	True
4978	AlexHill	2015-07-10 08:37:00	timgraham	2015-08-14 17:20:22	True
4978	AlexHill	2015-07-10 08:37:00	timgraham	2015-08-15 11:27:38	True
4978	AlexHill	2015-07-10 08:37:00	jarshwah	2015-08-15 01:46:00	True
4978	AlexHill	2015-07-10 08:37:00	jarshwah	2015-08-15 01:03:48	True
4978	AlexHill	2015-07-10 08:37:00	jarshwah	2015-08-15 06:13:37	True
4978	AlexHill	2015-07-10 08:37:00	timgraham	2015-07-21 15:06:51	True
4977	ziima	2015-07-10 08:10:26	timgraham	2015-07-13 23:51:18	True
4974		2015-07-09 18:48:19			False
4972	akegalj	2015-07-09 16:23:03	timgraham	2015-07-21 20:51:01	True
4971		2015-07-09 09:21:03			False
4970	alesasnouski	2015-07-09 08:57:52	timgraham	2015-10-24 21:20:56	True
4970	alesasnouski	2015-07-09 08:57:52	luismasuelli	2015-11-05 17:17:00	True
4970	alesasnouski	2015-07-09 08:57:52	timgraham	2015-11-06 19:35:00	True
4970	alesasnouski	2015-07-09 08:57:52	timgraham	2015-10-26 17:58:05	True
4970	alesasnouski	2015-07-09 08:57:52	akaariai	2015-09-21 10:13:29	True
4970	alesasnouski	2015-07-09 08:57:52	loic	2015-07-15 14:33:24	True
4970	alesasnouski	2015-07-09 08:57:52	timgraham	2015-11-12 12:41:00	True
4970	alesasnouski	2015-07-09 08:57:52	timgraham	2015-09-10 00:36:33	True
4970	alesasnouski	2015-07-09 08:57:52	loic	2015-07-16 10:05:40	True
4970	alesasnouski	2015-07-09 08:57:52	loic	2015-07-16 08:49:15	True
4970	alesasnouski	2015-07-09 08:57:52	timgraham	2015-10-24 21:31:34	True
4970	alesasnouski	2015-07-09 08:57:52	loic	2015-07-15 14:35:08	True
4970	alesasnouski	2015-07-09 08:57:52	timgraham	2015-12-26 01:57:27	True
4970	alesasnouski	2015-07-09 08:57:52	luismasuelli-trescloud	2015-11-11 17:17:23	True
4970	alesasnouski	2015-07-09 08:57:52	luismasuelli-trescloud	2015-11-11 22:20:43	True
4970	alesasnouski	2015-07-09 08:57:52	RamezIssac	2015-11-11 22:05:00	True
4970	alesasnouski	2015-07-09 08:57:52	luismasuelli-trescloud	2015-11-11 21:50:31	True
4970	alesasnouski	2015-07-09 08:57:52	timgraham	2015-11-11 20:56:27	True
4970	alesasnouski	2015-07-09 08:57:52	timgraham	2015-11-11 22:16:00	True
4969	alexbecker	2015-07-09 08:12:27	timgraham	2015-07-15 15:39:51	True
4969	alexbecker	2015-07-09 08:12:27	timgraham	2015-07-09 10:31:23	True
4969	alexbecker	2015-07-09 08:12:27	timgraham	2015-07-20 17:47:10	True
4969	alexbecker	2015-07-09 08:12:27	timgraham	2015-07-30 23:36:20	True
4968		2015-07-09 06:17:29			False
4965	ericfc	2015-07-09 00:06:40	timgraham	2015-07-14 15:56:41	True
4964	pirate	2015-07-08 19:06:46	timgraham	2015-07-10 12:41:33	True
4959	danielroseman	2015-07-07 19:47:04	aaugustin	2015-07-08 07:03:36	True
4959	danielroseman	2015-07-07 19:47:04	timgraham	2015-07-13 21:51:26	True
4959	danielroseman	2015-07-07 19:47:04	timgraham	2015-07-08 15:30:57	True
4958	claudep	2015-07-07 19:11:33	coldmind	2015-07-08 13:41:00	True
4955	timgraham	2015-07-06 18:16:45	carljm	2015-07-20 15:40:14	True
4955	timgraham	2015-07-06 18:16:45	carljm	2015-07-14 18:22:02	True
4955	timgraham	2015-07-06 18:16:45	carljm	2015-07-16 23:47:55	True
4955	timgraham	2015-07-06 18:16:45	carljm	2015-07-17 01:00:55	True
4955	timgraham	2015-07-06 18:16:45	carljm	2015-07-17 19:21:06	True
4948	coldmind	2015-07-03 16:26:24	timgraham	2015-07-07 15:51:14	True
4948	coldmind	2015-07-03 16:26:24	charettes	2015-07-06 14:48:58	True
4948	coldmind	2015-07-03 16:26:24	timgraham	2015-07-06 14:26:25	True
4948	coldmind	2015-07-03 16:26:24	charettes	2015-07-07 15:51:58	True
4948	coldmind	2015-07-03 16:26:24	timgraham	2015-07-07 16:05:12	True
4948	coldmind	2015-07-03 16:26:24	charettes	2015-07-06 15:45:37	True
4948	coldmind	2015-07-03 16:26:24	charettes	2015-07-06 15:13:02	True
4948	coldmind	2015-07-03 16:26:24	charettes	2015-07-06 16:04:14	True
4947		2015-07-03 08:45:57			False
4941	jaap3	2015-07-02 15:09:16	timgraham	2015-07-06 16:39:00	True
4941	jaap3	2015-07-02 15:09:16	timgraham	2015-07-02 16:13:52	True
4941	jaap3	2015-07-02 15:09:16	timgraham	2015-07-07 15:45:27	True
4939	zanderle	2015-07-01 21:48:01	timgraham	2015-07-29 18:33:19	True
4939	zanderle	2015-07-01 21:48:01	timgraham	2015-07-30 13:42:42	True
4939	zanderle	2015-07-01 21:48:01	timgraham	2015-09-07 19:19:51	True
4939	zanderle	2015-07-01 21:48:01	timgraham	2015-07-06 17:11:55	True
4938	coldmind	2015-07-01 21:40:12	timgraham	2015-07-02 01:36:34	True
4938	coldmind	2015-07-01 21:40:12	timgraham	2015-07-06 13:03:33	True
4938	coldmind	2015-07-01 21:40:12	timgraham	2015-07-01 21:53:00	True
4938	coldmind	2015-07-01 21:40:12	timgraham	2015-07-02 19:28:57	True
4938	coldmind	2015-07-01 21:40:12	timgraham	2015-07-02 20:07:27	True
4938	coldmind	2015-07-01 21:40:12	timgraham	2015-07-06 14:11:35	True
4936	MoritzS	2015-07-01 11:57:27	timgraham	2015-07-01 13:43:06	True
4936	MoritzS	2015-07-01 11:57:27	timgraham	2015-07-01 12:37:41	True
