pr_number	author_user_login	pr_created_at	commit_user_login	commit_created_at	commit_status_total	commit_status_additions	commit_status_deletions	create_before_pr	is_review_commit
4420	akulakov	2015-03-31 20:40:23	akulakov	2015-03-31 20:30:39	191	177	14	True	True
4420	akulakov	2015-03-31 20:40:23	akulakov	2015-06-03 16:54:07	84	80	4	False	True
4419	ryanahall	2015-03-31 17:58:20	ryanahall	2015-03-31 00:55:27	14	9	5	True	True
4416	jarshwah	2015-03-31 06:01:07	jarshwah	2015-03-31 05:58:37	64	59	5	True	True
4415	mx-moth	2015-03-31 04:39:44	mx-moth	2015-03-31 04:37:17	20	19	1	True	True
4410	xrmx	2015-03-30 13:06:46	xrmx	2015-03-30 10:54:25	129	124	5	True	True
4409	ssssam	2015-03-30 10:35:59	ssssam	2015-03-30 10:25:51	13	13	0	True	True
4407	chrisjluc	2015-03-29 00:10:30	chrisjluc	2015-03-29 00:09:44	28	26	2	True	True
4406	jorgebg	2015-03-28 19:36:25	jorgebg	2015-03-28 19:14:47	14	14	0	True	True
4401	artscoop	2015-03-27 19:58:56	artscoop	2015-03-27 19:54:14	33	31	2	True	True
4400	claudep	2015-03-27 19:09:20	claudep	2015-03-27 19:07:35	21	18	3	True	True
4397	charettes	2015-03-26 21:04:37	charettes	2015-03-26 20:54:43	46	34	12	True	True
4394	aethemba	2015-03-25 14:15:22	aethemba	2015-03-12 14:38:25	34	28	6	True	True
4393	jdufresne	2015-03-25 12:18:00	jdufresne	2015-03-22 20:30:57	360	251	109	True	True
4392	nirgal	2015-03-24 17:07:13	nirgal	2015-06-17 13:37:09	177	167	10	False	True
4386	olatarkowska	2015-03-23 11:57:49	atarkowska	2015-03-27 15:00:33	4	2	2	False	True
4386	olatarkowska	2015-03-23 11:57:49	atarkowska	2015-03-27 15:00:45	21	20	1	False	True
4386	olatarkowska	2015-03-23 11:57:49	atarkowska	2015-03-23 11:52:17	13	11	2	True	True
4385	akaariai	2015-03-23 10:42:49	akaariai	2015-03-23 08:34:33	535	330	205	True	True
4385	akaariai	2015-03-23 10:42:49	akaariai	2015-12-16 13:14:55	119	92	27	False	True
4385	akaariai	2015-03-23 10:42:49	akaariai	2015-12-16 13:26:58	17	9	8	False	True
4385	akaariai	2015-03-23 10:42:49	akaariai	2015-12-29 08:23:04	209	112	97	False	True
4385	akaariai	2015-03-23 10:42:49	akaariai	2015-12-29 08:47:41	50	23	27	False	True
4385	akaariai	2015-03-23 10:42:49	akaariai	2015-12-29 09:02:54	12	6	6	False	True
4385	akaariai	2015-03-23 10:42:49	akaariai	2015-12-29 12:05:12	2	1	1	False	True
4385	akaariai	2015-03-23 10:42:49	akaariai	2015-12-31 10:15:58	55	36	19	False	True
4385	akaariai	2015-03-23 10:42:49	akaariai	2015-12-31 10:20:00	13	8	5	False	True
4385	akaariai	2015-03-23 10:42:49	akaariai	2015-12-31 11:16:55	3	2	1	False	True
4383	bpeschier	2015-03-22 20:00:00	bpeschier	2015-03-26 11:58:43	35	21	14	False	True
4383	bpeschier	2015-03-22 20:00:00	bpeschier	2015-03-22 19:04:31	54	22	32	True	True
4382	marcofucci	2015-03-22 19:34:48	marcofucci	2015-03-26 18:47:07	60	48	12	False	True
4379	kaedroho	2015-03-22 15:56:21	kaedroho	2015-03-23 19:06:55	39	31	8	False	True
4379	kaedroho	2015-03-22 15:56:21	kaedroho	2015-03-28 17:44:35	63	35	28	False	True
4379	kaedroho	2015-03-22 15:56:21	kaedroho	2015-03-28 18:12:14	1	1	0	False	True
4378	ghost	2015-03-22 15:54:52	fabionatali	2015-03-22 11:51:09	166	51	115	True	True
4373	wdmgsm	2015-03-22 13:34:56	wdmgsm	2015-03-22 13:27:01	12	12	0	True	True
4370	pkatseas	2015-03-22 11:12:21	pkatseas	2015-03-22 10:52:01	6	3	3	True	True
4367	alainivars	2015-03-22 10:08:34	alainivars	2015-03-22 09:55:55	302	168	134	True	True
4364	chrisjluc	2015-03-22 00:47:40	chrisjluc	2015-03-22 00:45:42	13	11	2	True	True
4362	timgraham	2015-03-21 18:07:36	timgraham	2015-03-21 17:59:23	105	78	27	True	True
4360	bpeschier	2015-03-21 12:24:45	bpeschier	2015-03-21 12:19:13	62	56	6	True	True
4359	timgraham	2015-03-21 11:48:32	pakal	2015-03-21 11:41:41	34	24	10	True	True
4353	bpeschier	2015-03-20 13:50:19	bpeschier	2015-03-19 07:56:38	59	59	0	True	True
4352	jarshwah	2015-03-20 04:49:10	jarshwah	2015-03-20 04:47:43	22	20	2	True	True
4349	jarshwah	2015-03-19 03:11:39	jarshwah	2015-03-19 03:07:53	118	99	19	True	True
4347	MoritzS	2015-03-18 20:44:57	MoritzS	2015-03-20 18:11:59	1	1	0	False	True
4347	MoritzS	2015-03-18 20:44:57	MoritzS	2015-03-27 12:09:22	127	81	46	False	True
4347	MoritzS	2015-03-18 20:44:57	MoritzS	2015-03-18 20:42:59	183	166	17	True	True
4344	mmartincevic	2015-03-17 14:53:10	mmartincevic	2015-03-17 12:42:16	4	4	0	True	True
4343	jdufresne	2015-03-17 14:44:29	jdufresne	2015-03-21 00:33:23	7	2	5	False	True
4343	jdufresne	2015-03-17 14:44:29	jdufresne	2015-03-17 14:42:53	68	64	4	True	True
4339	yellowcap	2015-03-17 13:01:16	yellowcap	2015-06-19 15:46:03	1071	837	234	False	True
4337	mattrobenolt	2015-03-17 09:59:41	sggottlieb	2015-07-12 17:20:58	11	8	3	False	True
4337	mattrobenolt	2015-03-17 09:59:41	mattrobenolt	2015-03-17 09:52:55	173	127	46	True	True
4335	kaedroho	2015-03-16 21:56:52	kaedroho	2015-03-16 22:37:07	6	3	3	False	True
4335	kaedroho	2015-03-16 21:56:52	kaedroho	2015-03-16 22:05:25	5	3	2	False	True
4335	kaedroho	2015-03-16 21:56:52	kaedroho	2015-03-16 21:55:44	27	20	7	True	True
4334	kaedroho	2015-03-16 20:15:14	kaedroho	2015-03-16 19:28:53	142	137	5	True	True
4333	prestontimmons	2015-03-16 14:55:45	prestontimmons	2015-03-16 15:55:43	5	5	0	False	True
4333	prestontimmons	2015-03-16 14:55:45	prestontimmons	2015-03-11 16:00:17	28	28	0	True	True
4331	gannetson	2015-03-16 10:03:47	gannetson	2015-03-16 10:00:16	53	47	6	True	True
4328	jarshwah	2015-03-16 04:55:29	jarshwah	2015-03-16 04:51:23	24	19	5	True	True
4327	knbk	2015-03-15 22:59:05	knbk	2015-03-15 22:54:20	12	11	1	True	True
4324	aethemba	2015-03-15 15:17:29	aethemba	2015-03-12 14:38:25	23	23	0	True	True
4319	timgraham	2015-03-15 01:10:57	timgraham	2015-03-15 01:25:33	179	151	28	False	True
4318	timgraham	2015-03-14 18:37:04	timgraham	2015-03-14 18:35:50	12	6	6	True	True
4317	claudep	2015-03-14 11:14:37	claudep	2015-03-13 22:51:52	54	25	29	True	True
4317	claudep	2015-03-14 11:14:37	claudep	2015-03-13 22:44:14	22	15	7	True	True
4317	claudep	2015-03-14 11:14:37	claudep	2015-03-13 22:40:14	44	11	33	True	True
4317	claudep	2015-03-14 11:14:37	claudep	2015-03-14 10:53:13	27	12	15	True	True
4317	claudep	2015-03-14 11:14:37	claudep	2015-03-15 17:28:32	25	19	6	False	True
4317	claudep	2015-03-14 11:14:37	claudep	2015-03-14 10:57:53	100	50	50	True	True
4317	claudep	2015-03-14 11:14:37	claudep	2015-03-14 10:11:04	23	1	22	True	True
4312	knbk	2015-03-13 14:17:08	knbk	2015-03-12 23:01:50	212	200	12	True	True
4308	akulakov	2015-03-12 17:14:26	akulakov	2015-03-12 16:17:15	30	26	4	True	True
4307	gannetson	2015-03-12 15:35:59	gannetson	2015-03-30 21:43:16	51	35	16	False	True
4307	gannetson	2015-03-12 15:35:59	gannetson	2015-03-13 10:08:03	198	172	26	False	True
4303	claudep	2015-03-12 08:40:06	claudep	2015-03-12 08:32:29	74	71	3	True	True
4299	timgraham	2015-03-11 18:23:32	timgraham	2015-03-11 17:46:39	16	15	1	True	True
4291	MoritzS	2015-03-10 20:46:54	MoritzS	2015-03-10 20:21:28	38	37	1	True	True
4287	sww	2015-03-10 05:25:18	sww	2015-03-10 05:17:33	26	23	3	True	True
4286	akulakov	2015-03-09 18:55:21	akulakov	2015-03-09 18:50:01	51	51	0	True	True
4285	claudep	2015-03-09 16:58:13	claudep	2015-03-09 16:56:13	17	17	0	True	True
4283	timgraham	2015-03-09 13:17:49	mxsasha	2015-03-08 11:34:55	198	174	24	True	True
4281	jdufresne	2015-03-08 19:24:21	jdufresne	2015-03-07 21:20:29	205	155	50	True	True
4280	gitaarik	2015-03-08 18:38:48	gitaarik	2015-03-08 18:37:22	78	69	9	True	True
4279	bpeschier	2015-03-08 17:34:33	bpeschier	2015-03-08 17:26:30	13	12	1	True	True
4278	gitaarik	2015-03-08 15:05:30	gitaarik	2015-03-08 15:02:31	8	8	0	True	True
4276	mxsasha	2015-03-08 14:47:10	mxsasha	2015-03-08 14:07:57	668	663	5	True	True
4274	joeribekker	2015-03-08 12:46:16	joeribekker	2015-03-08 12:33:22	37	31	6	True	True
4272	bpeschier	2015-03-08 10:16:27	bpeschier	2015-03-12 16:22:52	57	37	20	False	True
4272	bpeschier	2015-03-08 10:16:27	bpeschier	2015-03-08 10:07:55	33	20	13	True	True
4268	nschagen	2015-03-07 16:57:25	nschagen	2015-03-07 16:39:44	4	3	1	True	True
4268	nschagen	2015-03-07 16:57:25	nschagen	2015-03-07 17:09:09	2	1	1	False	True
4267	florisdenhengst	2015-03-07 16:35:06	florisdenhengst	2015-03-07 16:34:33	206	197	9	True	True
4265	tino	2015-03-07 15:15:02	tino	2015-03-07 15:05:48	100	81	19	True	True
4263	gannetson	2015-03-07 14:02:13	gannetson	2015-03-07 12:55:59	82	81	1	True	True
4261	knbk	2015-03-07 13:08:53	knbk	2015-03-07 12:53:13	101	97	4	True	True
4260	claudep	2015-03-07 13:02:40	claudep	2015-03-07 10:05:15	45	19	26	True	True
4260	claudep	2015-03-07 13:02:40	claudep	2015-03-07 14:23:46	12	5	7	False	True
4259	bpeschier	2015-03-07 12:20:23	bpeschier	2015-03-07 12:18:04	41	40	1	True	True
4258	alesasnouski	2015-03-07 12:00:12	alesasnouski	2015-03-07 08:56:25	143	123	20	True	True
4256	auvipy	2015-03-07 10:48:52	auvipy	2015-03-07 10:35:24	203	187	16	True	True
4255	mxsasha	2015-03-07 10:43:29	mxsasha	2015-03-07 10:40:30	2392	2240	152	True	True
4254	prestontimmons	2015-03-07 07:41:16	prestontimmons	2015-03-06 15:53:25	603	301	302	True	True
4252	johngian	2015-03-06 13:32:40	johngian	2015-03-02 22:13:14	66	62	4	True	True
4250	collinanderson	2015-03-06 02:17:29	collinanderson	2015-03-06 02:15:39	44	41	3	True	True
4246	atleta	2015-03-05 14:55:10	atleta	2015-03-05 14:21:50	6	3	3	True	True
4244	kux	2015-03-05 13:37:31	kux	2015-03-05 15:29:30	1	0	1	False	True
4244	kux	2015-03-05 13:37:31	kux	2015-04-23 13:28:37	16	8	8	False	True
4244	kux	2015-03-05 13:37:31	kux	2015-04-23 13:30:01	24	19	5	False	True
4244	kux	2015-03-05 13:37:31	kux	2015-03-05 13:33:29	1	1	0	True	True
4244	kux	2015-03-05 13:37:31	kux	2013-05-23 16:18:06	173	150	23	True	True
4241	akaariai	2015-03-05 11:01:14	akaariai	2015-02-26 14:02:29	22	11	11	True	True
4241	akaariai	2015-03-05 11:01:14	akaariai	2015-02-26 14:19:17	1197	597	600	True	True
4241	akaariai	2015-03-05 11:01:14	akaariai	2015-02-02 11:48:30	308	214	94	True	True
4241	akaariai	2015-03-05 11:01:14	akaariai	2015-02-26 13:44:41	26	14	12	True	True
4240	akaariai	2015-03-05 07:56:33	akaariai	2015-03-04 12:56:20	56	47	9	True	True
4239	jarshwah	2015-03-05 06:13:44	jarshwah	2015-03-05 06:10:48	47	47	0	True	True
4238	beniwohli	2015-03-04 19:33:42	beniwohli	2015-03-04 19:24:30	23	12	11	True	True
4236	timgraham	2015-03-04 18:55:02	timgraham	2015-03-04 18:05:17	136	94	42	True	True
4235	ganwell	2015-03-04 18:03:36	ganwell	2015-03-05 12:41:15	48	44	4	False	True
4233	MarkusH	2015-03-04 08:43:44	MarkusH	2015-03-04 08:36:53	27	25	2	True	True
4232	elky	2015-03-03 18:11:29	elky	2015-03-04 07:30:52	4297	4296	1	False	True
4232	elky	2015-03-03 18:11:29	elky	2015-03-04 07:38:10	14	6	8	False	True
4232	elky	2015-03-03 18:11:29	elky	2015-03-04 07:56:53	204	204	0	False	True
4232	elky	2015-03-03 18:11:29	elky	2015-03-03 17:21:50	2	1	1	True	True
4232	elky	2015-03-03 18:11:29	elky	2015-03-03 17:16:12	757	481	276	True	True
4229	prestontimmons	2015-03-02 20:27:22	prestontimmons	2015-03-02 19:31:14	93	50	43	True	True
4223	adnam	2015-03-02 09:42:31	adnam	2015-03-02 09:54:02	5	2	3	False	True
4223	adnam	2015-03-02 09:42:31	adnam	2015-03-06 17:09:00	74	32	42	False	True
4223	adnam	2015-03-02 09:42:31	adnam	2015-03-13 13:06:48	3	2	1	False	True
4223	adnam	2015-03-02 09:42:31	adnam	2015-03-13 13:01:48	2	1	1	False	True
4223	adnam	2015-03-02 09:42:31	adnam	2015-03-13 13:13:23	11	3	8	False	True
4223	adnam	2015-03-02 09:42:31	adnam	2015-03-13 13:25:18	2	1	1	False	True
4223	adnam	2015-03-02 09:42:31	adnam	2015-03-13 13:17:28	3	2	1	False	True
4223	adnam	2015-03-02 09:42:31	adnam	2015-03-02 09:38:46	1	1	0	True	True
4223	adnam	2015-03-02 09:42:31	adnam	2015-03-06 17:12:05	8	4	4	False	True
4223	adnam	2015-03-02 09:42:31	adnam	2015-03-05 11:23:25	2	1	1	False	True
4223	adnam	2015-03-02 09:42:31	adnam	2015-02-27 11:05:11	2	1	1	True	True
4223	adnam	2015-03-02 09:42:31	adnam	2015-03-05 11:27:40	2	1	1	False	True
4223	adnam	2015-03-02 09:42:31	adnam	2015-03-02 09:35:35	44	44	0	True	True
4223	adnam	2015-03-02 09:42:31	adnam	2015-03-06 17:10:32	3	1	2	False	True
4223	adnam	2015-03-02 09:42:31	adnam	2015-02-27 10:14:50	8	6	2	True	True
4223	adnam	2015-03-02 09:42:31	adnam	2015-03-02 09:57:02	1	0	1	False	True
4223	adnam	2015-03-02 09:42:31	adnam	2015-03-05 16:22:31	3	2	1	False	True
