pr_number	author_user_login	pr_created_at	commit_user_login	commit_created_at	commit_status_total	commit_status_additions	commit_status_deletions	create_before_pr	is_review_commit
612	aaugustin	2012-12-30 14:09:52	aaugustin	2012-12-30 14:18:32	5	4	1	False	True
612	aaugustin	2012-12-30 14:09:52	aaugustin	2012-12-30 14:19:22	126	107	19	False	True
612	aaugustin	2012-12-30 14:09:52	aaugustin	2012-12-30 14:08:06	11	11	0	True	True
602	ramiro	2012-12-20 00:17:42	ramiro	2012-12-20 00:00:44	10	5	5	True	True
602	ramiro	2012-12-20 00:17:42	akaariai	2012-08-25 11:13:37	254	195	59	True	True
602	ramiro	2012-12-20 00:17:42	ramiro	2012-12-21 03:09:21	31	15	16	False	True
602	ramiro	2012-12-20 00:17:42	akaariai	2012-12-20 20:50:06	2	1	1	False	True
602	ramiro	2012-12-20 00:17:42	akaariai	2012-12-20 19:25:48	97	65	32	False	True
602	ramiro	2012-12-20 00:17:42	freakboy3742	2012-12-20 08:10:19	31	28	3	False	True
602	ramiro	2012-12-20 00:17:42	ramiro	2012-12-19 23:50:16	227	119	108	True	True
602	ramiro	2012-12-20 00:17:42	ramiro	2012-12-19 02:40:34	111	64	47	True	True
602	ramiro	2012-12-20 00:17:42	ramiro	2012-12-18 19:14:37	4585	2297	2288	True	True
602	ramiro	2012-12-20 00:17:42	ramiro	2012-12-18 17:27:05	188	98	90	True	True
602	ramiro	2012-12-20 00:17:42	ramiro	2012-12-18 17:48:44	100	52	48	True	True
601	patrys	2012-12-19 19:05:19	patrys	2012-12-19 18:12:08	4	3	1	True	True
601	patrys	2012-12-19 19:05:19	patrys	2012-12-19 19:04:00	31	30	1	True	True
597	claudep	2012-12-17 21:37:56	claudep	2012-12-13 21:11:06	87	85	2	True	True
597	claudep	2012-12-17 21:37:56	claudep	2012-12-14 23:26:08	42	34	8	True	True
597	claudep	2012-12-17 21:37:56	claudep	2012-12-17 21:35:35	12	10	2	True	True
590	rtnpro	2012-12-15 09:54:59	rtnpro	2012-11-30 06:41:54	58	54	4	True	True
589	pablorecio	2012-12-15 00:16:18	pablorecio	2012-12-15 00:14:47	13	13	0	True	True
589	pablorecio	2012-12-15 00:16:18	pablorecio	2013-05-19 09:30:20	63	34	29	False	True
589	pablorecio	2012-12-15 00:16:18	pablorecio	2013-02-18 23:12:13	7	5	2	False	True
589	pablorecio	2012-12-15 00:16:18	pablorecio	2013-02-18 23:12:35	93	93	0	False	True
589	pablorecio	2012-12-15 00:16:18	pablorecio	2013-02-18 23:10:54	16	10	6	False	True
578	eire1130	2012-12-09 01:16:53	eire1130	2012-12-10 22:11:38	1434	1296	138	False	True
578	eire1130	2012-12-09 01:16:53	eire1130	2012-12-11 20:09:50	10	5	5	False	True
578	eire1130	2012-12-09 01:16:53	eire1130	2012-12-09 00:44:01	188	130	58	True	True
578	eire1130	2012-12-09 01:16:53	eire1130	2012-12-11 20:16:15	8	4	4	False	True
576	crodjer	2012-12-07 09:12:04	crodjer	2013-02-06 20:33:41	9	5	4	False	True
576	crodjer	2012-12-07 09:12:04	crodjer	2012-12-07 16:49:04	17	16	1	False	True
576	crodjer	2012-12-07 09:12:04	crodjer	2013-02-06 05:11:12	2	1	1	False	True
576	crodjer	2012-12-07 09:12:04	crodjer	2013-02-06 05:11:32	5	5	0	False	True
576	crodjer	2012-12-07 09:12:04	crodjer	2012-12-07 16:51:47	11	6	5	False	True
576	crodjer	2012-12-07 09:12:04	crodjer	2013-02-09 20:35:49	11	8	3	False	True
576	crodjer	2012-12-07 09:12:04	crodjer	2013-05-19 11:44:22	10	7	3	False	True
576	crodjer	2012-12-07 09:12:04	crodjer	2013-02-05 14:48:29	19	19	0	False	True
576	crodjer	2012-12-07 09:12:04	crodjer	2012-12-07 09:10:30	35	28	7	True	True
576	crodjer	2012-12-07 09:12:04	crodjer	2013-01-07 09:03:05	2	1	1	False	True
571	claudep	2012-12-02 20:36:15	claudep	2012-12-08 09:56:54	51	34	17	False	True
571	claudep	2012-12-02 20:36:15	claudep	2012-12-01 19:32:04	356	210	146	True	True
570	mitnk	2012-12-02 06:38:48	mitnk	2012-12-02 06:36:08	7	6	1	True	True
570	mitnk	2012-12-02 06:38:48	mitnk	2012-12-03 14:41:45	39	32	7	False	True
570	mitnk	2012-12-02 06:38:48	mitnk	2012-12-08 17:45:15	659	453	206	False	True
570	mitnk	2012-12-02 06:38:48	mitnk	2012-12-08 17:57:42	9	7	2	False	True
568	ludwigkraatz	2012-12-01 16:20:47	ludwigkraatz	2013-02-24 15:17:53	4	2	2	False	True
568	ludwigkraatz	2012-12-01 16:20:47	ludwigkraatz	2012-12-01 16:03:40	45	37	8	True	True
568	ludwigkraatz	2012-12-01 16:20:47	ludwigkraatz	2012-12-01 16:07:16	2	1	1	True	True
