pr_number	author_user_login	pr_created_at	commit_user_login	commit_created_at	commit_status_total	commit_status_additions	commit_status_deletions	create_before_pr	is_review_commit
5375	olatarkowska	2015-09-30 10:09:35	atarkowska	2015-03-23 11:52:17	13	11	2	True	True
5375	olatarkowska	2015-09-30 10:09:35	atarkowska	2015-03-27 15:00:45	23	20	3	True	True
5375	olatarkowska	2015-09-30 10:09:35	atarkowska	2015-10-02 18:26:27	9	0	9	False	True
5375	olatarkowska	2015-09-30 10:09:35	atarkowska	2015-10-02 18:29:47	8	5	3	False	True
5375	olatarkowska	2015-09-30 10:09:35	atarkowska	2015-10-03 08:11:42	2	1	1	False	True
5371	shangxiao	2015-09-28 13:24:09	dsanders11	2015-09-29 02:09:57	8	5	3	False	True
5370	poiati	2015-09-27 16:59:35	poiati	2015-07-05 20:54:25	122	99	23	True	True
5367	claudep	2015-09-26 18:17:59	claudep	2015-09-26 18:15:26	33	28	5	True	True
5366	timgraham	2015-09-26 18:10:14	timgraham	2015-09-26 17:38:04	69	62	7	True	True
5365	claudep	2015-09-26 12:21:51	claudep	2015-09-26 10:46:00	193	99	94	True	True
5365	claudep	2015-09-26 12:21:51	claudep	2015-09-26 17:12:30	410	207	203	False	True
5365	claudep	2015-09-26 12:21:51	claudep	2015-09-26 12:14:23	654	323	331	True	True
5365	claudep	2015-09-26 12:21:51	claudep	2015-09-26 08:51:59	233	119	114	True	True
5365	claudep	2015-09-26 12:21:51	claudep	2015-09-26 09:53:20	198	109	89	True	True
5365	claudep	2015-09-26 12:21:51	claudep	2015-09-26 09:02:09	540	274	266	True	True
5365	claudep	2015-09-26 12:21:51	claudep	2015-09-26 08:43:12	358	181	177	True	True
5362	felixxm	2015-09-25 20:38:20	felixxm	2015-09-26 19:42:16	7	6	1	False	True
5362	felixxm	2015-09-25 20:38:20	felixxm	2015-09-25 21:01:16	2	1	1	False	True
5362	felixxm	2015-09-25 20:38:20	felixxm	2015-09-25 20:35:36	55	38	17	True	True
5360	timgraham	2015-09-25 19:30:04	timgraham	2015-09-25 19:27:41	147	19	128	True	True
5356	ecederstrand	2015-09-25 08:47:04	ecederstrand	2015-09-25 08:33:19	6	3	3	True	True
5356	ecederstrand	2015-09-25 08:47:04	ecederstrand	2015-09-25 09:09:00	4	2	2	False	True
5356	ecederstrand	2015-09-25 08:47:04	ecederstrand	2015-09-25 08:59:15	4	2	2	False	True
5356	ecederstrand	2015-09-25 08:47:04	ecederstrand	2015-09-25 14:02:08	2	1	1	False	True
5356	ecederstrand	2015-09-25 08:47:04	ecederstrand	2015-09-25 08:29:15	34	19	15	True	True
5356	ecederstrand	2015-09-25 08:47:04	ecederstrand	2015-09-25 08:18:19	7	5	2	True	True
5354	funkybob	2015-09-25 00:29:49	funkybob	2015-09-24 10:39:32	17	17	0	True	True
5353	timgraham	2015-09-24 18:49:58	timgraham	2015-09-24 18:48:49	13	12	1	True	True
5343	bak1an	2015-09-23 13:27:15	bak1an	2015-09-20 19:23:28	41	34	7	True	True
5337	knifenomad	2015-09-22 13:04:51	knifenomad	2015-09-22 10:27:34	19	19	0	True	True
5337	knifenomad	2015-09-22 13:04:51	knifenomad	2015-09-22 07:54:59	42	18	24	True	True
5337	knifenomad	2015-09-22 13:04:51	knifenomad	2015-09-22 10:09:39	15	6	9	True	True
5334	MarkusH	2015-09-22 02:35:40	kosz85	2015-07-08 12:28:46	178	173	5	True	True
5330	aaugustin	2015-09-21 19:01:03	aaugustin	2015-09-21 18:53:10	36	25	11	True	True
5328	alasdairnicol	2015-09-21 17:57:02	alasdairnicol	2015-09-21 17:45:56	88	35	53	True	True
5324	jarshwah	2015-09-21 07:10:16	AlexHill	2015-08-03 14:34:19	314	247	67	True	True
5323	danielward	2015-09-21 07:02:40	danielward	2015-09-21 06:57:32	88	81	7	True	True
5323	danielward	2015-09-21 07:02:40	danielward	2015-09-24 13:14:41	2	1	1	False	True
5323	danielward	2015-09-21 07:02:40	danielward	2015-09-25 12:42:13	14	5	9	False	True
5319	jtiai	2015-09-20 10:44:45	jtiai	2015-09-20 10:41:25	156	128	28	True	True
5318	aaugustin	2015-09-19 20:54:47	aaugustin	2015-09-20 19:55:46	11	11	0	False	True
5318	aaugustin	2015-09-19 20:54:47	aaugustin	2015-09-20 15:51:25	119	61	58	False	True
5318	aaugustin	2015-09-19 20:54:47	aaugustin	2015-09-19 13:41:12	155	141	14	True	True
5318	aaugustin	2015-09-19 20:54:47	aaugustin	2015-09-19 20:50:57	29	23	6	True	True
5318	aaugustin	2015-09-19 20:54:47	aaugustin	2015-09-19 12:13:56	2404	1213	1191	True	True
5316	claudep	2015-09-19 12:29:54	claudep	2015-09-19 12:23:55	17	12	5	True	True
5314	fcurella	2015-09-19 02:38:22	fcurella	2015-09-19 02:35:28	8	4	4	True	True
5312	felixxm	2015-09-18 17:06:24	alasdairnicol	2015-09-16 22:07:39	195	194	1	True	True
5312	felixxm	2015-09-18 17:06:24	jtiai	2015-09-20 10:41:25	156	128	28	False	True
5312	felixxm	2015-09-18 17:06:24	Matt-Deacalion	2015-09-21 14:50:55	5	2	3	False	True
5312	felixxm	2015-09-18 17:06:24	claudep	2015-09-20 10:12:02	6	0	6	False	True
5312	felixxm	2015-09-18 17:06:24	jarshwah	2015-08-03 02:30:06	899	522	377	True	True
5312	felixxm	2015-09-18 17:06:24	MoritzS	2015-08-10 11:23:24	240	165	75	True	True
5312	felixxm	2015-09-18 17:06:24	fcurella	2015-09-19 02:35:28	8	4	4	False	True
5312	felixxm	2015-09-18 17:06:24	timgraham	2015-09-20 00:44:37	4	2	2	False	True
5312	felixxm	2015-09-18 17:06:24	aaugustin	2015-09-20 15:51:25	119	61	58	False	True
5312	felixxm	2015-09-18 17:06:24	RamezIssac	2015-06-18 16:27:58	123	114	9	True	True
5312	felixxm	2015-09-18 17:06:24	aaugustin	2015-09-19 12:13:56	2404	1213	1191	False	True
5312	felixxm	2015-09-18 17:06:24	aaugustin	2015-09-19 20:50:57	29	23	6	False	True
5312	felixxm	2015-09-18 17:06:24	claudep	2015-09-19 12:23:55	17	12	5	False	True
5312	felixxm	2015-09-18 17:06:24	aaugustin	2015-09-20 19:55:46	11	11	0	False	True
5312	felixxm	2015-09-18 17:06:24	aaugustin	2015-09-19 13:41:12	155	141	14	False	True
5312	felixxm	2015-09-18 17:06:24	aaugustin	2015-09-21 18:53:10	36	25	11	False	True
5312	felixxm	2015-09-18 17:06:24	aaugustin	2015-09-19 11:36:38	25	14	11	False	True
5312	felixxm	2015-09-18 17:06:24	raphaelmerx	2015-09-17 02:49:40	8	8	0	True	True
5312	felixxm	2015-09-18 17:06:24	SoftwareMaven	2015-09-18 01:37:16	11	10	1	True	True
5312	felixxm	2015-09-18 17:06:24	timgraham	2015-09-20 00:36:39	6	3	3	False	True
5312	felixxm	2015-09-18 17:06:24	timgraham	2015-09-20 00:04:50	174	89	85	False	True
5312	felixxm	2015-09-18 17:06:24	timgraham	2015-09-20 00:18:42	35	0	35	False	True
5312	felixxm	2015-09-18 17:06:24	umazalakain	2015-09-19 05:59:18	10	5	5	False	True
5312	felixxm	2015-09-18 17:06:24	alasdairnicol	2015-09-12 22:46:55	4	2	2	True	True
5312	felixxm	2015-09-18 17:06:24	MarkusH	2015-09-12 07:18:24	106	88	18	True	True
5312	felixxm	2015-09-18 17:06:24	MarkusH	2015-08-26 23:49:35	211	184	27	True	True
5312	felixxm	2015-09-18 17:06:24	iuliachiriac	2015-04-14 22:11:12	709	598	111	True	True
5312	felixxm	2015-09-18 17:06:24	felixxm	2015-09-21 18:21:04	2	1	1	False	True
5312	felixxm	2015-09-18 17:06:24	felixxm	2015-09-18 16:55:49	333	193	140	True	True
5312	felixxm	2015-09-18 17:06:24	felixxm	2015-09-17 16:17:50	35	27	8	True	True
5311	timgraham	2015-09-18 14:26:50	zauddelig	2015-08-11 11:35:50	144	126	18	True	True
5309	atul-bhouraskar	2015-09-17 23:54:49	atul-bhouraskar	2015-09-15 19:50:23	146	135	11	True	True
5303	charettes	2015-09-17 17:09:44	charettes	2015-09-17 15:15:43	89	89	0	True	True
5303	charettes	2015-09-17 17:09:44	iuliachiriac	2015-04-14 22:11:12	183	134	49	True	True
5301	alasdairnicol	2015-09-17 07:18:52	alasdairnicol	2015-09-16 22:07:39	195	194	1	True	True
5300	felixxm	2015-09-17 05:17:30	felixxm	2015-09-15 20:01:31	27	15	12	True	True
5300	felixxm	2015-09-17 05:17:30	felixxm	2015-09-16 20:01:13	10	8	2	True	True
5300	felixxm	2015-09-17 05:17:30	felixxm	2015-09-17 15:45:06	25	17	8	False	True
5300	felixxm	2015-09-17 05:17:30	felixxm	2015-09-17 14:27:21	17	9	8	False	True
5299	raphaelmerx	2015-09-17 03:19:35	raphaelmerx	2015-09-17 02:49:40	7	7	0	True	True
5298	darkryder	2015-09-16 17:03:10	darkryder	2015-09-16 16:58:14	8	4	4	True	True
5297	PetrDlouhy	2015-09-16 16:20:24	PetrDlouhy	2015-11-27 16:53:52	467	396	71	False	True
5292	beniwohli	2015-09-16 12:57:57	beniwohli	2015-09-16 12:51:14	13	13	0	True	True
5286	timgraham	2015-09-14 22:48:03	mattrobenolt	2015-03-17 09:52:55	243	178	65	True	True
5285	limnick	2015-09-14 17:25:07	limnick	2015-09-11 23:35:21	75	64	11	True	True
5285	limnick	2015-09-14 17:25:07	limnick	2015-09-21 19:20:19	55	48	7	False	True
5282	aaugustin	2015-09-13 07:33:01	aaugustin	2015-09-13 07:30:35	111	60	51	True	True
5281	scop	2015-09-12 19:08:31	scop	2015-09-12 19:06:35	23	22	1	True	True
5279	MarkusH	2015-09-12 13:24:57	MarkusH	2015-09-12 13:13:59	92	83	9	True	True
5279	MarkusH	2015-09-12 13:24:57	MarkusH	2015-09-14 01:06:55	64	32	32	False	True
5279	MarkusH	2015-09-12 13:24:57	MarkusH	2015-09-15 12:04:21	12	8	4	False	True
5278	akaariai	2015-09-12 10:28:04	akaariai	2015-12-29 11:39:40	56	33	23	False	True
5278	akaariai	2015-09-12 10:28:04	akaariai	2015-12-31 09:54:13	54	52	2	False	True
5278	akaariai	2015-09-12 10:28:04	akaariai	2015-09-08 12:11:50	247	204	43	True	True
5278	akaariai	2015-09-12 10:28:04	akaariai	2015-10-27 12:18:58	2	1	1	False	True
5277	MarkusH	2015-09-12 07:19:16	MarkusH	2015-09-12 07:18:24	106	88	18	True	True
5276	benjaminjkraft	2015-09-12 06:11:36	benjaminjkraft	2015-09-12 06:06:25	161	136	25	True	True
5274	MarkusH	2015-09-12 02:07:25	MarkusH	2015-09-12 02:04:27	5	4	1	True	True
5272	ryangallen	2015-09-11 21:04:48	ryangallen	2015-09-11 20:55:39	128	91	37	True	True
5272	ryangallen	2015-09-11 21:04:48	ryangallen	2015-09-23 20:42:17	12	6	6	False	True
5272	ryangallen	2015-09-11 21:04:48	ryangallen	2015-09-12 19:19:04	7	0	7	False	True
5272	ryangallen	2015-09-11 21:04:48	ryangallen	2015-09-23 20:53:38	2	1	1	False	True
5270	renatooliveira	2015-09-11 15:14:58	renatooliveira	2015-09-11 15:52:54	4	2	2	False	True
5270	renatooliveira	2015-09-11 15:14:58	renatooliveira	2015-09-11 15:14:35	2	1	1	True	True
5270	renatooliveira	2015-09-11 15:14:58	renatooliveira	2015-09-11 15:44:40	12	6	6	False	True
5265	fcurella	2015-09-10 22:42:52	fcurella	2015-09-10 22:37:58	33	6	27	True	True
5264	buddylindsey	2015-09-10 21:00:32	buddylindsey	2015-09-10 20:54:19	64	63	1	True	True
5263	cacoze	2015-09-10 19:09:29	cacoze	2015-09-10 18:24:09	17	15	2	True	True
5263	cacoze	2015-09-10 19:09:29	cacoze	2015-09-10 19:33:35	2	1	1	False	True
5263	cacoze	2015-09-10 19:09:29	cacoze	2015-09-10 20:09:12	5	3	2	False	True
5263	cacoze	2015-09-10 19:09:29	cacoze	2015-09-11 02:26:18	1	1	0	False	True
5262	adamchainz	2015-09-10 16:52:24	adamchainz	2015-09-10 16:47:50	8	3	5	True	True
5257	collinanderson	2015-09-10 15:07:27	collinanderson	2015-09-10 15:57:26	6	2	4	False	True
5256	mbox	2015-09-10 13:11:20	mbox	2015-09-10 13:05:31	719	391	328	True	True
5255	MarkusH	2015-09-10 01:01:32	MarkusH	2015-09-12 00:25:13	8	5	3	False	True
5255	MarkusH	2015-09-10 01:01:32	MarkusH	2015-09-12 00:24:41	20	20	0	False	True
5255	MarkusH	2015-09-10 01:01:32	MarkusH	2015-09-12 00:23:10	38	38	0	False	True
5251	iambibhas	2015-09-09 10:31:17	iambibhas	2015-09-09 10:26:09	24	21	3	True	True
5249	MoritzS	2015-09-08 19:34:02	MoritzS	2015-09-09 13:09:59	470	244	226	False	True
5244	bak1an	2015-09-07 15:36:06	bak1an	2015-09-07 09:51:03	124	89	35	True	True
5244	bak1an	2015-09-07 15:36:06	bak1an	2015-09-10 08:52:58	116	43	73	False	True
5244	bak1an	2015-09-07 15:36:06	bak1an	2015-09-27 19:48:29	51	37	14	False	True
5244	bak1an	2015-09-07 15:36:06	bak1an	2015-09-27 19:49:03	3	1	2	False	True
5244	bak1an	2015-09-07 15:36:06	bak1an	2015-09-28 05:17:05	6	3	3	False	True
5244	bak1an	2015-09-07 15:36:06	bak1an	2015-10-31 20:02:48	31	30	1	False	True
5243	timgraham	2015-09-07 13:31:01	timgraham	2015-09-07 13:28:15	20	8	12	True	True
5242	raphaelm	2015-09-07 13:21:49	raphaelm	2015-09-07 13:17:55	32	22	10	True	True
5239	charettes	2015-09-06 14:41:09	charettes	2015-09-06 14:40:02	14	6	8	True	True
5228	ziima	2015-09-03 19:35:45	ziima	2015-09-03 18:52:49	76	71	5	True	True
5222	gavinwahl	2015-09-02 19:20:25	gavinwahl	2015-09-02 19:17:53	31	17	14	True	True
5220	slurms	2015-09-01 21:35:10	collinanderson	2015-03-06 02:15:39	47	41	6	True	True
5220	slurms	2015-09-01 21:35:10	slurms	2015-09-01 21:27:49	10	10	0	True	True
5219	coady	2015-09-01 20:28:47	coady	2015-09-01 20:23:06	8	6	2	True	True
5218	joshkehn	2015-09-01 02:46:36	kehn	2015-09-04 19:58:15	28	13	15	False	True
5218	joshkehn	2015-09-01 02:46:36	kehn	2015-09-01 02:32:03	54	49	5	True	True
