pr_number	author_user_login	pr_created_at	comment_user_login	comment_created_at	is_review_issue_comment
553		2012-11-23 15:17:07			False
531	shepdl	2012-11-18 06:25:13	timgraham	2012-11-22 10:42:14	True
529	Olivia5k	2012-11-17 22:09:22	ptone	2012-11-20 07:23:46	True
529	Olivia5k	2012-11-17 22:09:22	ptone	2012-11-18 00:32:45	True
524	shabda	2012-11-17 13:49:20	timgraham	2012-11-18 00:32:15	True
517	pydanny	2012-11-14 16:20:22	timgraham	2012-11-16 23:09:25	True
517	pydanny	2012-11-14 16:20:22	timgraham	2012-11-28 00:31:56	True
509		2012-11-09 00:38:20			False
504		2012-11-06 18:49:09			False
499	stephenmuss	2012-11-05 09:34:07	timgraham	2013-09-18 16:59:14	True
499	stephenmuss	2012-11-05 09:34:07	timgraham	2013-08-13 23:52:44	True
498	harph	2012-11-05 03:37:49	timgraham	2013-10-17 13:39:05	True
494	mrj0	2012-11-04 21:46:06	alex	2012-11-04 21:48:58	True
488	mjtamlyn	2012-11-02 15:53:09	ptone	2012-11-03 05:09:29	True
