pr_number	author_user_login	pr_created_at	review_user_login	review_created_at	filename	create_before_pr	has_issue_comment	has_review_comment	has_commit
688	evildmp	2013-01-31 00:32:13	timgraham	2013-02-03 17:46:53	docs/intro/tutorial03.txt	False	True	True	True
688	evildmp	2013-01-31 00:32:13	timgraham	2013-02-03 17:36:01	docs/intro/tutorial01.txt	True	True	True	True
688	evildmp	2013-01-31 00:32:13	timgraham	2013-02-03 17:36:01	docs/intro/tutorial03.txt	True	True	True	True
688	evildmp	2013-01-31 00:32:13	timgraham	2013-02-03 17:36:01	docs/intro/tutorial03.txt	False	True	True	True
688	evildmp	2013-01-31 00:32:13	timgraham	2013-02-03 17:36:01	docs/intro/tutorial02.txt	False	True	True	True
688	evildmp	2013-01-31 00:32:13	timgraham	2013-02-03 17:36:01	docs/intro/tutorial01.txt	False	True	True	True
688	evildmp	2013-01-31 00:32:13	timgraham	2013-02-03 17:36:01	docs/intro/reusable-apps.txt	False	True	True	True
688	evildmp	2013-01-31 00:32:13	timgraham	2013-02-03 17:46:53	docs/intro/tutorial04.txt	True	True	True	True
688	evildmp	2013-01-31 00:32:13	timgraham	2013-02-03 17:46:53	docs/intro/tutorial02.txt	True	True	True	True
688	evildmp	2013-01-31 00:32:13	timgraham	2013-02-03 17:46:53	docs/intro/tutorial01.txt	True	True	True	True
688	evildmp	2013-01-31 00:32:13	timgraham	2013-02-03 17:46:53	docs/intro/tutorial03.txt	True	True	True	True
688	evildmp	2013-01-31 00:32:13	timgraham	2013-02-03 17:46:53	docs/intro/tutorial01.txt	False	True	True	True
688	evildmp	2013-01-31 00:32:13	timgraham	2013-02-03 17:46:53	docs/intro/tutorial02.txt	False	True	True	True
688	evildmp	2013-01-31 00:32:13	timgraham	2013-02-03 17:46:53	docs/intro/reusable-apps.txt	False	True	True	True
688	evildmp	2013-01-31 00:32:13	timgraham	2013-02-03 17:33:47	docs/intro/tutorial04.txt	True	True	True	True
688	evildmp	2013-01-31 00:32:13	timgraham	2013-02-03 17:33:47	docs/intro/tutorial02.txt	True	True	True	True
688	evildmp	2013-01-31 00:32:13	timgraham	2013-02-03 17:33:47	docs/intro/tutorial01.txt	True	True	True	True
688	evildmp	2013-01-31 00:32:13	timgraham	2013-02-03 17:33:47	docs/intro/tutorial03.txt	True	True	True	True
688	evildmp	2013-01-31 00:32:13	timgraham	2013-02-03 17:33:47	docs/intro/tutorial03.txt	False	True	True	True
688	evildmp	2013-01-31 00:32:13	timgraham	2013-02-03 17:33:47	docs/intro/tutorial02.txt	False	True	True	True
688	evildmp	2013-01-31 00:32:13	timgraham	2013-02-03 17:33:47	docs/intro/tutorial01.txt	False	True	True	True
688	evildmp	2013-01-31 00:32:13	timgraham	2013-02-03 17:33:47	docs/intro/reusable-apps.txt	False	True	True	True
688	evildmp	2013-01-31 00:32:13	timgraham	2013-02-03 17:36:01	docs/intro/tutorial04.txt	True	True	True	True
688	evildmp	2013-01-31 00:32:13	timgraham	2013-02-03 17:36:01	docs/intro/tutorial02.txt	True	True	True	True
688	evildmp	2013-01-31 00:32:13	timgraham	2013-02-03 17:34:52	docs/intro/tutorial02.txt	False	True	True	True
688	evildmp	2013-01-31 00:32:13	timgraham	2013-02-03 17:35:35	docs/intro/reusable-apps.txt	False	True	True	True
688	evildmp	2013-01-31 00:32:13	timgraham	2013-02-03 17:34:52	docs/intro/tutorial03.txt	True	True	True	True
688	evildmp	2013-01-31 00:32:13	timgraham	2013-02-03 17:33:32	docs/intro/tutorial04.txt	True	True	True	True
688	evildmp	2013-01-31 00:32:13	timgraham	2013-02-03 17:33:32	docs/intro/tutorial02.txt	True	True	True	True
688	evildmp	2013-01-31 00:32:13	timgraham	2013-02-03 17:33:32	docs/intro/tutorial01.txt	True	True	True	True
688	evildmp	2013-01-31 00:32:13	timgraham	2013-02-03 17:33:32	docs/intro/tutorial03.txt	True	True	True	True
688	evildmp	2013-01-31 00:32:13	timgraham	2013-02-03 17:33:32	docs/intro/tutorial02.txt	False	True	True	True
688	evildmp	2013-01-31 00:32:13	timgraham	2013-02-03 17:33:32	docs/intro/tutorial01.txt	False	True	True	True
688	evildmp	2013-01-31 00:32:13	timgraham	2013-02-03 17:33:32	docs/intro/reusable-apps.txt	False	True	True	True
688	evildmp	2013-01-31 00:32:13	timgraham	2013-02-03 17:34:52	docs/intro/tutorial04.txt	True	True	True	True
688	evildmp	2013-01-31 00:32:13	timgraham	2013-02-03 17:34:52	docs/intro/tutorial02.txt	True	True	True	True
688	evildmp	2013-01-31 00:32:13	timgraham	2013-02-03 17:34:52	docs/intro/tutorial01.txt	True	True	True	True
688	evildmp	2013-01-31 00:32:13	timgraham	2013-02-03 17:33:32	docs/intro/tutorial03.txt	False	True	True	True
688	evildmp	2013-01-31 00:32:13	timgraham	2013-02-03 17:34:52	docs/intro/tutorial03.txt	False	True	True	True
688	evildmp	2013-01-31 00:32:13	timgraham	2013-02-03 17:35:35	docs/intro/tutorial01.txt	True	True	True	True
688	evildmp	2013-01-31 00:32:13	timgraham	2013-02-03 17:35:35	docs/intro/tutorial01.txt	False	True	True	True
688	evildmp	2013-01-31 00:32:13	timgraham	2013-02-03 17:35:35	docs/intro/tutorial02.txt	False	True	True	True
688	evildmp	2013-01-31 00:32:13	timgraham	2013-02-03 17:35:35	docs/intro/tutorial03.txt	False	True	True	True
688	evildmp	2013-01-31 00:32:13	timgraham	2013-02-03 17:35:35	docs/intro/tutorial03.txt	True	True	True	True
688	evildmp	2013-01-31 00:32:13	timgraham	2013-02-03 17:35:35	docs/intro/tutorial02.txt	True	True	True	True
688	evildmp	2013-01-31 00:32:13	timgraham	2013-02-03 17:35:35	docs/intro/tutorial04.txt	True	True	True	True
688	evildmp	2013-01-31 00:32:13	timgraham	2013-02-03 17:34:52	docs/intro/reusable-apps.txt	False	True	True	True
688	evildmp	2013-01-31 00:32:13	timgraham	2013-02-03 17:34:52	docs/intro/tutorial01.txt	False	True	True	True
679	claudep	2013-01-28 09:32:54	charettes	2013-01-28 11:39:01	django/forms/widgets.py	False	True	True	True
679	claudep	2013-01-28 09:32:54	charettes	2013-01-28 11:39:01	tests/modeltests/model_formsets/tests.py	False	True	True	True
679	claudep	2013-01-28 09:32:54	charettes	2013-01-28 11:39:01	docs/ref/forms/fields.txt	False	True	True	True
679	claudep	2013-01-28 09:32:54	charettes	2013-01-28 11:39:01	docs/ref/forms/widgets.txt	False	True	True	True
679	claudep	2013-01-28 09:32:54	charettes	2013-01-28 11:39:01	docs/releases/1.6.txt	False	True	True	True
679	claudep	2013-01-28 09:32:54	charettes	2013-01-28 11:39:01	docs/topics/forms/formsets.txt	False	True	True	True
679	claudep	2013-01-28 09:32:54	charettes	2013-01-28 11:39:01	tests/modeltests/model_forms/tests.py	False	True	True	True
679	claudep	2013-01-28 09:32:54	charettes	2013-01-28 11:39:01	tests/regressiontests/generic_inline_admin/tests.py	False	True	True	True
679	claudep	2013-01-28 09:32:54	charettes	2013-01-28 11:39:01	tests/regressiontests/forms/tests/fields.py	False	True	True	True
679	claudep	2013-01-28 09:32:54	charettes	2013-01-28 11:39:01	tests/regressiontests/forms/tests/forms.py	False	True	True	True
679	claudep	2013-01-28 09:32:54	charettes	2013-01-28 11:39:01	tests/regressiontests/i18n/tests.py	False	True	True	True
679	claudep	2013-01-28 09:32:54	charettes	2013-01-28 11:39:01	docs/ref/forms/api.txt	False	True	True	True
679	claudep	2013-01-28 09:32:54	charettes	2013-01-28 11:39:01	docs/topics/forms/index.txt	False	True	True	True
679	claudep	2013-01-28 09:32:54	charettes	2013-01-28 11:39:36	tests/regressiontests/forms/tests/extra.py	False	True	True	True
679	claudep	2013-01-28 09:32:54	charettes	2013-01-28 11:39:01	django/forms/fields.py	False	True	True	True
679	claudep	2013-01-28 09:32:54	charettes	2013-01-28 11:39:36	docs/ref/forms/widgets.txt	False	True	True	True
679	claudep	2013-01-28 09:32:54	charettes	2013-01-28 11:39:36	docs/topics/forms/index.txt	False	True	True	True
679	claudep	2013-01-28 09:32:54	charettes	2013-01-28 11:39:36	tests/regressiontests/generic_inline_admin/tests.py	False	True	True	True
679	claudep	2013-01-28 09:32:54	charettes	2013-01-28 11:39:36	docs/ref/forms/api.txt	False	True	True	True
679	claudep	2013-01-28 09:32:54	charettes	2013-01-28 11:39:36	tests/regressiontests/i18n/tests.py	False	True	True	True
679	claudep	2013-01-28 09:32:54	charettes	2013-01-28 11:39:36	tests/regressiontests/forms/tests/formsets.py	False	True	True	True
679	claudep	2013-01-28 09:32:54	charettes	2013-01-28 11:39:36	tests/regressiontests/forms/tests/forms.py	False	True	True	True
679	claudep	2013-01-28 09:32:54	charettes	2013-01-28 11:39:36	tests/regressiontests/forms/tests/fields.py	False	True	True	True
679	claudep	2013-01-28 09:32:54	charettes	2013-01-28 11:39:36	tests/modeltests/model_formsets/tests.py	False	True	True	True
679	claudep	2013-01-28 09:32:54	charettes	2013-01-28 11:39:36	tests/modeltests/model_forms/tests.py	False	True	True	True
679	claudep	2013-01-28 09:32:54	charettes	2013-01-28 11:39:36	docs/topics/forms/formsets.txt	False	True	True	True
679	claudep	2013-01-28 09:32:54	charettes	2013-01-28 11:39:36	docs/releases/1.6.txt	False	True	True	True
679	claudep	2013-01-28 09:32:54	charettes	2013-01-28 09:45:14	django/forms/fields.py	False	True	True	True
679	claudep	2013-01-28 09:32:54	charettes	2013-01-28 11:39:36	docs/ref/forms/fields.txt	False	True	True	True
679	claudep	2013-01-28 09:32:54	charettes	2013-01-28 11:39:36	django/forms/widgets.py	False	True	True	True
679	claudep	2013-01-28 09:32:54	charettes	2013-01-28 11:39:36	django/forms/fields.py	False	True	True	True
679	claudep	2013-01-28 09:32:54	charettes	2013-01-28 11:39:01	tests/regressiontests/forms/tests/extra.py	False	True	True	True
679	claudep	2013-01-28 09:32:54	charettes	2013-01-28 11:39:01	tests/regressiontests/forms/tests/formsets.py	False	True	True	True
679	claudep	2013-01-28 09:32:54	charettes	2013-01-28 09:45:14	django/forms/widgets.py	False	True	True	True
679	claudep	2013-01-28 09:32:54	charettes	2013-01-28 11:40:48	docs/ref/forms/fields.txt	False	True	True	True
679	claudep	2013-01-28 09:32:54	charettes	2013-01-28 09:45:14	docs/ref/forms/fields.txt	False	True	True	True
679	claudep	2013-01-28 09:32:54	charettes	2013-01-28 11:40:48	tests/regressiontests/forms/tests/extra.py	False	True	True	True
679	claudep	2013-01-28 09:32:54	charettes	2013-01-28 11:40:48	docs/topics/forms/index.txt	False	True	True	True
679	claudep	2013-01-28 09:32:54	charettes	2013-01-28 11:40:48	tests/regressiontests/generic_inline_admin/tests.py	False	True	True	True
679	claudep	2013-01-28 09:32:54	charettes	2013-01-28 11:40:48	docs/ref/forms/api.txt	False	True	True	True
679	claudep	2013-01-28 09:32:54	charettes	2013-01-28 11:40:48	tests/regressiontests/i18n/tests.py	False	True	True	True
679	claudep	2013-01-28 09:32:54	charettes	2013-01-28 11:40:48	tests/regressiontests/forms/tests/formsets.py	False	True	True	True
679	claudep	2013-01-28 09:32:54	charettes	2013-01-28 11:40:48	tests/regressiontests/forms/tests/forms.py	False	True	True	True
679	claudep	2013-01-28 09:32:54	charettes	2013-01-28 11:40:48	tests/regressiontests/forms/tests/fields.py	False	True	True	True
679	claudep	2013-01-28 09:32:54	charettes	2013-01-28 11:40:48	tests/modeltests/model_formsets/tests.py	False	True	True	True
679	claudep	2013-01-28 09:32:54	charettes	2013-01-28 11:40:48	tests/modeltests/model_forms/tests.py	False	True	True	True
679	claudep	2013-01-28 09:32:54	charettes	2013-01-28 11:40:48	docs/topics/forms/formsets.txt	False	True	True	True
679	claudep	2013-01-28 09:32:54	charettes	2013-01-28 11:40:48	docs/releases/1.6.txt	False	True	True	True
679	claudep	2013-01-28 09:32:54	charettes	2013-01-28 11:40:48	docs/ref/forms/widgets.txt	False	True	True	True
679	claudep	2013-01-28 09:32:54	charettes	2013-01-28 11:40:48	django/forms/widgets.py	False	True	True	True
679	claudep	2013-01-28 09:32:54	charettes	2013-01-28 09:45:14	tests/regressiontests/forms/tests/fields.py	False	True	True	True
679	claudep	2013-01-28 09:32:54	charettes	2013-01-28 09:45:14	tests/regressiontests/forms/tests/extra.py	False	True	True	True
679	claudep	2013-01-28 09:32:54	charettes	2013-01-28 09:45:14	docs/topics/forms/index.txt	False	True	True	True
679	claudep	2013-01-28 09:32:54	charettes	2013-01-28 09:45:14	tests/regressiontests/generic_inline_admin/tests.py	False	True	True	True
679	claudep	2013-01-28 09:32:54	charettes	2013-01-28 09:45:14	docs/ref/forms/api.txt	False	True	True	True
679	claudep	2013-01-28 09:32:54	charettes	2013-01-28 09:45:14	tests/regressiontests/i18n/tests.py	False	True	True	True
679	claudep	2013-01-28 09:32:54	charettes	2013-01-28 09:45:14	tests/regressiontests/forms/tests/formsets.py	False	True	True	True
679	claudep	2013-01-28 09:32:54	charettes	2013-01-28 09:45:14	tests/regressiontests/forms/tests/forms.py	False	True	True	True
679	claudep	2013-01-28 09:32:54	charettes	2013-01-28 11:40:48	django/forms/fields.py	False	True	True	True
679	claudep	2013-01-28 09:32:54	charettes	2013-01-28 09:45:14	tests/modeltests/model_formsets/tests.py	False	True	True	True
679	claudep	2013-01-28 09:32:54	charettes	2013-01-28 09:45:14	tests/modeltests/model_forms/tests.py	False	True	True	True
679	claudep	2013-01-28 09:32:54	charettes	2013-01-28 09:45:14	docs/ref/forms/widgets.txt	False	True	True	True
679	claudep	2013-01-28 09:32:54	charettes	2013-01-28 09:45:14	docs/topics/forms/formsets.txt	False	True	True	True
679	claudep	2013-01-28 09:32:54	charettes	2013-01-28 09:45:14	docs/releases/1.6.txt	False	True	True	True
676	claudep	2013-01-26 17:10:47	charettes	2013-01-26 18:08:57	tests/model_formsets/tests.py	False	False	True	True
676	claudep	2013-01-26 17:10:47	charettes	2013-01-26 18:08:57	django/forms/forms.py	True	False	True	True
676	claudep	2013-01-26 17:10:47	charettes	2013-01-26 18:08:57	django/forms/models.py	False	False	True	True
676	claudep	2013-01-26 17:10:47	charettes	2013-01-26 18:08:57	django/forms/fields.py	True	False	True	True
676	claudep	2013-01-26 17:10:47	charettes	2013-01-26 18:08:57	tests/forms_tests/tests/fields.py	True	False	True	True
676	claudep	2013-01-26 17:10:47	charettes	2013-01-26 18:08:57	django/forms/models.py	True	False	True	True
676	claudep	2013-01-26 17:10:47	charettes	2013-01-26 18:08:57	tests/i18n/tests.py	True	False	True	True
671	johnraz	2013-01-24 23:28:07	claudep	2013-01-26 21:36:17	tests/regressiontests/utils/termcolors.py	True	True	True	True
671	johnraz	2013-01-24 23:28:07	claudep	2013-01-26 21:36:17	django/utils/termcolors.py	True	True	True	True
662	slurms	2013-01-21 05:40:16	charettes	2013-01-21 05:54:28	tests/regressiontests/middleware/tests.py	True	True	True	True
662	slurms	2013-01-21 05:40:16	charettes	2013-01-21 05:54:28	tests/regressiontests/middleware/models.py	True	True	True	True
662	slurms	2013-01-21 05:40:16	charettes	2013-01-21 05:54:28	AUTHORS	True	True	True	True
657	hirokiky	2013-01-18 08:09:45	claudep	2013-01-19 08:52:38	django/http/response.py	True	True	True	True
657	hirokiky	2013-01-18 08:09:45	claudep	2013-01-19 08:52:38	AUTHORS	False	True	True	True
657	hirokiky	2013-01-18 08:09:45	claudep	2013-01-19 08:52:38	docs/releases/1.6.txt	False	True	True	True
657	hirokiky	2013-01-18 08:09:45	claudep	2013-01-19 08:51:21	django/http/response.py	True	True	True	True
657	hirokiky	2013-01-18 08:09:45	claudep	2013-01-19 08:51:21	django/contrib/auth/tests/views.py	False	True	True	True
657	hirokiky	2013-01-18 08:09:45	claudep	2013-01-19 08:51:21	tests/regressiontests/urlpatterns_reverse/tests.py	True	True	True	True
657	hirokiky	2013-01-18 08:09:45	claudep	2013-01-19 08:51:21	django/contrib/auth/tests/decorators.py	False	True	True	True
657	hirokiky	2013-01-18 08:09:45	claudep	2013-01-19 08:52:38	tests/regressiontests/views/tests/i18n.py	False	True	True	True
657	hirokiky	2013-01-18 08:09:45	claudep	2013-01-19 08:51:21	django/contrib/formtools/tests/wizard/namedwizardtests/tests.py	False	True	True	True
657	hirokiky	2013-01-18 08:09:45	claudep	2013-01-19 08:51:21	django/test/client.py	False	True	True	True
657	hirokiky	2013-01-18 08:09:45	claudep	2013-01-19 08:52:38	docs/ref/request-response.txt	False	True	True	True
657	hirokiky	2013-01-18 08:09:45	claudep	2013-01-19 08:52:38	tests/regressiontests/generic_views/base.py	False	True	True	True
657	hirokiky	2013-01-18 08:09:45	claudep	2013-01-19 08:52:38	tests/regressiontests/urlpatterns_reverse/tests.py	False	True	True	True
657	hirokiky	2013-01-18 08:09:45	claudep	2013-01-19 08:52:38	tests/regressiontests/middleware/tests.py	False	True	True	True
657	hirokiky	2013-01-18 08:09:45	claudep	2013-01-19 08:52:38	tests/regressiontests/httpwrappers/tests.py	False	True	True	True
657	hirokiky	2013-01-18 08:09:45	claudep	2013-01-19 08:52:38	tests/regressiontests/admin_views/tests.py	False	True	True	True
657	hirokiky	2013-01-18 08:09:45	claudep	2013-01-19 08:52:38	django/test/testcases.py	False	True	True	True
657	hirokiky	2013-01-18 08:09:45	claudep	2013-01-19 08:52:38	django/test/client.py	False	True	True	True
657	hirokiky	2013-01-18 08:09:45	claudep	2013-01-19 08:52:38	django/contrib/formtools/tests/wizard/namedwizardtests/tests.py	False	True	True	True
657	hirokiky	2013-01-18 08:09:45	claudep	2013-01-19 08:52:38	django/contrib/auth/tests/views.py	False	True	True	True
657	hirokiky	2013-01-18 08:09:45	claudep	2013-01-19 08:52:38	django/contrib/auth/tests/decorators.py	False	True	True	True
657	hirokiky	2013-01-18 08:09:45	claudep	2013-01-19 08:52:38	tests/regressiontests/urlpatterns_reverse/tests.py	True	True	True	True
657	hirokiky	2013-01-18 08:09:45	claudep	2013-01-19 08:51:21	tests/regressiontests/admin_views/tests.py	False	True	True	True
657	hirokiky	2013-01-18 08:09:45	claudep	2013-01-19 08:51:21	django/test/testcases.py	False	True	True	True
657	hirokiky	2013-01-18 08:09:45	claudep	2013-01-19 08:51:21	docs/releases/1.6.txt	False	True	True	True
657	hirokiky	2013-01-18 08:09:45	claudep	2013-01-19 08:51:21	tests/regressiontests/generic_views/base.py	False	True	True	True
657	hirokiky	2013-01-18 08:09:45	claudep	2013-01-18 14:11:44	django/test/client.py	False	True	True	True
657	hirokiky	2013-01-18 08:09:45	claudep	2013-01-19 08:51:21	tests/regressiontests/httpwrappers/tests.py	False	True	True	True
657	hirokiky	2013-01-18 08:09:45	claudep	2013-01-18 14:11:44	docs/releases/1.6.txt	False	True	True	True
657	hirokiky	2013-01-18 08:09:45	claudep	2013-01-18 14:11:44	docs/ref/request-response.txt	False	True	True	True
657	hirokiky	2013-01-18 08:09:45	claudep	2013-01-18 14:11:44	tests/regressiontests/views/tests/i18n.py	False	True	True	True
657	hirokiky	2013-01-18 08:09:45	claudep	2013-01-18 14:11:44	tests/regressiontests/urlpatterns_reverse/tests.py	False	True	True	True
657	hirokiky	2013-01-18 08:09:45	claudep	2013-01-18 14:11:44	tests/regressiontests/middleware/tests.py	False	True	True	True
657	hirokiky	2013-01-18 08:09:45	claudep	2013-01-18 14:11:44	tests/regressiontests/httpwrappers/tests.py	False	True	True	True
657	hirokiky	2013-01-18 08:09:45	claudep	2013-01-18 14:11:44	tests/regressiontests/generic_views/base.py	False	True	True	True
657	hirokiky	2013-01-18 08:09:45	claudep	2013-01-18 14:11:44	tests/regressiontests/admin_views/tests.py	False	True	True	True
657	hirokiky	2013-01-18 08:09:45	claudep	2013-01-18 14:11:44	django/test/testcases.py	False	True	True	True
657	hirokiky	2013-01-18 08:09:45	claudep	2013-01-18 14:11:44	AUTHORS	False	True	True	True
657	hirokiky	2013-01-18 08:09:45	claudep	2013-01-18 14:11:44	django/contrib/formtools/tests/wizard/namedwizardtests/tests.py	False	True	True	True
657	hirokiky	2013-01-18 08:09:45	claudep	2013-01-19 08:51:21	docs/ref/request-response.txt	False	True	True	True
657	hirokiky	2013-01-18 08:09:45	claudep	2013-01-18 14:11:44	django/contrib/auth/tests/views.py	False	True	True	True
657	hirokiky	2013-01-18 08:09:45	claudep	2013-01-19 08:51:21	tests/regressiontests/middleware/tests.py	False	True	True	True
657	hirokiky	2013-01-18 08:09:45	claudep	2013-01-19 08:51:21	tests/regressiontests/views/tests/i18n.py	False	True	True	True
657	hirokiky	2013-01-18 08:09:45	claudep	2013-01-19 08:51:21	tests/regressiontests/urlpatterns_reverse/tests.py	False	True	True	True
657	hirokiky	2013-01-18 08:09:45	claudep	2013-01-19 08:51:21	AUTHORS	False	True	True	True
657	hirokiky	2013-01-18 08:09:45	claudep	2013-01-18 14:11:44	django/http/response.py	True	True	True	True
657	hirokiky	2013-01-18 08:09:45	claudep	2013-01-18 14:11:44	tests/regressiontests/urlpatterns_reverse/tests.py	True	True	True	True
657	hirokiky	2013-01-18 08:09:45	claudep	2013-01-18 14:11:44	django/contrib/auth/tests/decorators.py	False	True	True	True
656	jtillman	2013-01-17 21:50:42	akaariai	2013-01-18 03:17:40	django/contrib/multicolumn/models.py	False	True	True	True
656	jtillman	2013-01-17 21:50:42	akaariai	2013-01-18 03:17:40	django/db/models/sql/where.py	False	True	True	True
656	jtillman	2013-01-17 21:50:42	akaariai	2013-01-18 03:17:40	django/db/models/sql/compiler.py	False	True	True	True
656	jtillman	2013-01-17 21:50:42	akaariai	2013-01-18 03:17:40	django/db/models/fields/related.py	False	True	True	True
656	jtillman	2013-01-17 21:50:42	akaariai	2013-01-18 03:17:40	django/db/backends/mysql/compiler.py	False	True	True	True
656	jtillman	2013-01-17 21:50:42	akaariai	2013-01-18 03:20:06	django/db/models/sql/constants.py	True	True	True	True
656	jtillman	2013-01-17 21:50:42	akaariai	2013-01-18 03:20:06	django/contrib/multicolumn/views.py	True	True	True	True
656	jtillman	2013-01-17 21:50:42	akaariai	2013-01-18 03:20:06	django/contrib/multicolumn/models.py	True	True	True	True
656	jtillman	2013-01-17 21:50:42	akaariai	2013-01-18 03:20:06	django/contrib/multicolumn/__init__.py	True	True	True	True
656	jtillman	2013-01-17 21:50:42	akaariai	2013-01-18 03:20:06	django/db/models/related.py	True	True	True	True
656	jtillman	2013-01-17 21:50:42	akaariai	2013-01-18 03:20:06	django/db/models/sql/query.py	True	True	True	True
656	jtillman	2013-01-17 21:50:42	akaariai	2013-01-18 03:20:06	django/db/models/sql/expressions.py	True	True	True	True
656	jtillman	2013-01-17 21:50:42	akaariai	2013-01-18 03:20:06	django/db/models/sql/compiler.py	True	True	True	True
656	jtillman	2013-01-17 21:50:42	akaariai	2013-01-18 03:20:06	django/db/models/sql/where.py	True	True	True	True
656	jtillman	2013-01-17 21:50:42	akaariai	2013-01-18 03:20:06	django/contrib/multicolumn/tests.py	True	True	True	True
656	jtillman	2013-01-17 21:50:42	akaariai	2013-01-18 03:20:06	django/db/models/fields/related.py	True	True	True	True
656	jtillman	2013-01-17 21:50:42	akaariai	2013-01-18 03:20:06	django/contrib/contenttypes/generic.py	True	True	True	True
656	jtillman	2013-01-17 21:50:42	akaariai	2013-01-18 03:20:06	django/db/models/sql/query.py	False	True	True	True
656	jtillman	2013-01-17 21:50:42	akaariai	2013-01-18 03:17:40	django/db/models/sql/query.py	False	True	True	True
656	jtillman	2013-01-17 21:50:42	akaariai	2013-01-18 03:17:40	django/contrib/multicolumn/tests.py	False	True	True	True
656	jtillman	2013-01-17 21:50:42	akaariai	2013-01-18 03:17:40	django/contrib/multicolumn/views.py	True	True	True	True
656	jtillman	2013-01-17 21:50:42	akaariai	2013-01-18 03:17:40	django/contrib/contenttypes/generic.py	True	True	True	True
656	jtillman	2013-01-17 21:50:42	akaariai	2013-01-18 03:17:40	django/db/models/sql/constants.py	True	True	True	True
656	jtillman	2013-01-17 21:50:42	akaariai	2013-01-18 03:13:05	django/contrib/contenttypes/generic.py	True	True	True	True
656	jtillman	2013-01-17 21:50:42	akaariai	2013-01-18 03:13:05	django/db/models/sql/query.py	False	True	True	True
656	jtillman	2013-01-17 21:50:42	akaariai	2013-01-18 03:13:05	django/contrib/multicolumn/tests.py	False	True	True	True
656	jtillman	2013-01-17 21:50:42	akaariai	2013-01-18 03:13:05	django/contrib/multicolumn/models.py	False	True	True	True
656	jtillman	2013-01-17 21:50:42	akaariai	2013-01-18 03:13:05	django/db/models/sql/where.py	False	True	True	True
656	jtillman	2013-01-17 21:50:42	akaariai	2013-01-18 03:13:05	django/db/models/sql/compiler.py	False	True	True	True
656	jtillman	2013-01-17 21:50:42	akaariai	2013-01-18 03:13:05	django/db/models/fields/related.py	False	True	True	True
656	jtillman	2013-01-17 21:50:42	akaariai	2013-01-18 03:13:05	django/db/backends/mysql/compiler.py	False	True	True	True
656	jtillman	2013-01-17 21:50:42	akaariai	2013-01-18 03:20:06	django/contrib/multicolumn/models.py	False	True	True	True
656	jtillman	2013-01-17 21:50:42	akaariai	2013-01-18 03:17:40	django/db/models/fields/related.py	True	True	True	True
656	jtillman	2013-01-17 21:50:42	akaariai	2013-01-18 03:17:40	django/contrib/multicolumn/models.py	True	True	True	True
656	jtillman	2013-01-17 21:50:42	akaariai	2013-01-18 03:17:40	django/contrib/multicolumn/__init__.py	True	True	True	True
656	jtillman	2013-01-17 21:50:42	akaariai	2013-01-18 03:17:40	django/db/models/sql/query.py	True	True	True	True
656	jtillman	2013-01-17 21:50:42	akaariai	2013-01-18 03:17:40	django/db/models/sql/expressions.py	True	True	True	True
656	jtillman	2013-01-17 21:50:42	akaariai	2013-01-18 03:17:40	django/db/models/sql/compiler.py	True	True	True	True
656	jtillman	2013-01-17 21:50:42	akaariai	2013-01-18 03:17:40	django/db/models/related.py	True	True	True	True
656	jtillman	2013-01-17 21:50:42	akaariai	2013-01-18 03:17:40	django/db/models/sql/where.py	True	True	True	True
656	jtillman	2013-01-17 21:50:42	akaariai	2013-01-18 03:17:40	django/contrib/multicolumn/tests.py	True	True	True	True
656	jtillman	2013-01-17 21:50:42	akaariai	2013-01-18 03:20:06	django/contrib/multicolumn/tests.py	False	True	True	True
656	jtillman	2013-01-17 21:50:42	akaariai	2013-01-18 03:25:11	django/db/models/related.py	True	True	True	True
656	jtillman	2013-01-17 21:50:42	akaariai	2013-01-18 03:20:06	django/db/models/sql/where.py	False	True	True	True
656	jtillman	2013-01-17 21:50:42	akaariai	2013-01-18 03:25:43	django/contrib/multicolumn/tests.py	True	True	True	True
656	jtillman	2013-01-17 21:50:42	akaariai	2013-01-18 03:25:43	django/contrib/multicolumn/models.py	True	True	True	True
656	jtillman	2013-01-17 21:50:42	akaariai	2013-01-18 03:25:43	django/contrib/multicolumn/__init__.py	True	True	True	True
656	jtillman	2013-01-17 21:50:42	akaariai	2013-01-18 03:25:43	django/db/models/sql/query.py	True	True	True	True
656	jtillman	2013-01-17 21:50:42	akaariai	2013-01-18 03:25:43	django/db/models/sql/expressions.py	True	True	True	True
656	jtillman	2013-01-17 21:50:42	akaariai	2013-01-18 03:25:43	django/db/models/sql/compiler.py	True	True	True	True
656	jtillman	2013-01-17 21:50:42	akaariai	2013-01-18 03:25:43	django/db/models/related.py	True	True	True	True
656	jtillman	2013-01-17 21:50:42	akaariai	2013-01-18 03:25:43	django/db/models/sql/where.py	True	True	True	True
656	jtillman	2013-01-17 21:50:42	akaariai	2013-01-18 03:25:43	django/db/backends/mysql/compiler.py	False	True	True	True
656	jtillman	2013-01-17 21:50:42	akaariai	2013-01-18 03:25:43	django/db/models/fields/related.py	True	True	True	True
656	jtillman	2013-01-17 21:50:42	akaariai	2013-01-18 03:25:43	django/db/models/sql/constants.py	True	True	True	True
656	jtillman	2013-01-17 21:50:42	akaariai	2013-01-18 03:25:43	django/contrib/contenttypes/generic.py	True	True	True	True
656	jtillman	2013-01-17 21:50:42	akaariai	2013-01-18 03:25:43	django/db/models/sql/query.py	False	True	True	True
656	jtillman	2013-01-17 21:50:42	akaariai	2013-01-18 03:25:43	django/contrib/multicolumn/tests.py	False	True	True	True
656	jtillman	2013-01-17 21:50:42	akaariai	2013-01-18 03:25:43	django/contrib/multicolumn/models.py	False	True	True	True
656	jtillman	2013-01-17 21:50:42	akaariai	2013-01-18 03:25:43	django/db/models/sql/where.py	False	True	True	True
656	jtillman	2013-01-17 21:50:42	akaariai	2013-01-18 03:25:43	django/db/models/sql/compiler.py	False	True	True	True
656	jtillman	2013-01-17 21:50:42	akaariai	2013-01-18 03:25:43	django/db/models/fields/related.py	False	True	True	True
656	jtillman	2013-01-17 21:50:42	akaariai	2013-01-18 03:13:05	django/contrib/multicolumn/tests.py	True	True	True	True
656	jtillman	2013-01-17 21:50:42	akaariai	2013-01-18 03:25:43	django/contrib/multicolumn/views.py	True	True	True	True
656	jtillman	2013-01-17 21:50:42	akaariai	2013-01-18 03:25:11	django/db/backends/mysql/compiler.py	False	True	True	True
656	jtillman	2013-01-17 21:50:42	akaariai	2013-01-18 03:20:06	django/db/models/sql/compiler.py	False	True	True	True
656	jtillman	2013-01-17 21:50:42	akaariai	2013-01-18 03:25:11	django/db/models/sql/compiler.py	True	True	True	True
656	jtillman	2013-01-17 21:50:42	akaariai	2013-01-18 03:20:06	django/db/models/fields/related.py	False	True	True	True
656	jtillman	2013-01-17 21:50:42	akaariai	2013-01-18 03:20:06	django/db/backends/mysql/compiler.py	False	True	True	True
656	jtillman	2013-01-17 21:50:42	akaariai	2013-01-18 03:25:11	django/db/models/sql/constants.py	True	True	True	True
656	jtillman	2013-01-17 21:50:42	akaariai	2013-01-18 03:25:11	django/contrib/multicolumn/views.py	True	True	True	True
656	jtillman	2013-01-17 21:50:42	akaariai	2013-01-18 03:25:11	django/contrib/multicolumn/models.py	True	True	True	True
656	jtillman	2013-01-17 21:50:42	akaariai	2013-01-18 03:25:11	django/contrib/multicolumn/__init__.py	True	True	True	True
656	jtillman	2013-01-17 21:50:42	akaariai	2013-01-18 03:25:11	django/db/models/sql/query.py	True	True	True	True
656	jtillman	2013-01-17 21:50:42	akaariai	2013-01-18 03:25:11	django/db/models/sql/expressions.py	True	True	True	True
656	jtillman	2013-01-17 21:50:42	akaariai	2013-01-18 03:25:11	django/db/models/sql/where.py	True	True	True	True
656	jtillman	2013-01-17 21:50:42	akaariai	2013-01-18 03:25:11	django/db/models/fields/related.py	False	True	True	True
656	jtillman	2013-01-17 21:50:42	akaariai	2013-01-18 03:25:11	django/contrib/multicolumn/tests.py	True	True	True	True
656	jtillman	2013-01-17 21:50:42	akaariai	2013-01-18 03:25:11	django/db/models/fields/related.py	True	True	True	True
656	jtillman	2013-01-17 21:50:42	akaariai	2013-01-18 03:25:11	django/contrib/contenttypes/generic.py	True	True	True	True
656	jtillman	2013-01-17 21:50:42	akaariai	2013-01-18 03:25:11	django/db/models/sql/query.py	False	True	True	True
656	jtillman	2013-01-17 21:50:42	akaariai	2013-01-18 03:25:11	django/contrib/multicolumn/tests.py	False	True	True	True
656	jtillman	2013-01-17 21:50:42	akaariai	2013-01-18 03:25:11	django/contrib/multicolumn/models.py	False	True	True	True
656	jtillman	2013-01-17 21:50:42	akaariai	2013-01-18 03:25:11	django/db/models/sql/where.py	False	True	True	True
656	jtillman	2013-01-17 21:50:42	akaariai	2013-01-18 03:25:11	django/db/models/sql/compiler.py	False	True	True	True
656	jtillman	2013-01-17 21:50:42	akaariai	2013-01-18 03:13:05	django/db/models/fields/related.py	True	True	True	True
656	jtillman	2013-01-17 21:50:42	akaariai	2013-01-18 02:51:59	django/contrib/multicolumn/tests.py	True	True	True	True
656	jtillman	2013-01-17 21:50:42	akaariai	2013-01-18 03:13:05	django/db/models/sql/where.py	True	True	True	True
656	jtillman	2013-01-17 21:50:42	akaariai	2013-01-18 02:44:55	django/contrib/contenttypes/generic.py	True	True	True	True
656	jtillman	2013-01-17 21:50:42	akaariai	2013-01-18 02:44:55	django/contrib/multicolumn/__init__.py	True	True	True	True
656	jtillman	2013-01-17 21:50:42	akaariai	2013-01-18 02:44:55	django/db/models/sql/query.py	True	True	True	True
656	jtillman	2013-01-17 21:50:42	akaariai	2013-01-18 02:44:55	django/db/models/sql/expressions.py	True	True	True	True
656	jtillman	2013-01-17 21:50:42	akaariai	2013-01-18 02:44:55	django/db/models/sql/compiler.py	True	True	True	True
656	jtillman	2013-01-17 21:50:42	akaariai	2013-01-18 02:44:55	django/db/models/related.py	True	True	True	True
656	jtillman	2013-01-17 21:50:42	akaariai	2013-01-18 02:44:55	django/db/models/sql/where.py	True	True	True	True
656	jtillman	2013-01-17 21:50:42	akaariai	2013-01-18 02:44:55	django/contrib/multicolumn/tests.py	True	True	True	True
656	jtillman	2013-01-17 21:50:42	akaariai	2013-01-18 02:44:55	django/db/models/fields/related.py	True	True	True	True
656	jtillman	2013-01-17 21:50:42	akaariai	2013-01-18 02:44:55	django/db/models/sql/query.py	False	True	True	True
656	jtillman	2013-01-17 21:50:42	akaariai	2013-01-18 02:48:07	django/contrib/multicolumn/__init__.py	True	True	True	True
656	jtillman	2013-01-17 21:50:42	akaariai	2013-01-18 02:44:55	django/contrib/multicolumn/tests.py	False	True	True	True
656	jtillman	2013-01-17 21:50:42	akaariai	2013-01-18 02:44:55	django/contrib/multicolumn/models.py	False	True	True	True
656	jtillman	2013-01-17 21:50:42	akaariai	2013-01-18 02:44:55	django/db/models/sql/where.py	False	True	True	True
656	jtillman	2013-01-17 21:50:42	akaariai	2013-01-18 02:44:55	django/db/models/sql/compiler.py	False	True	True	True
656	jtillman	2013-01-17 21:50:42	akaariai	2013-01-18 02:44:55	django/db/models/fields/related.py	False	True	True	True
656	jtillman	2013-01-17 21:50:42	akaariai	2013-01-18 02:44:55	django/db/backends/mysql/compiler.py	False	True	True	True
656	jtillman	2013-01-17 21:50:42	akaariai	2013-01-18 02:48:07	django/db/models/sql/constants.py	True	True	True	True
656	jtillman	2013-01-17 21:50:42	akaariai	2013-01-18 02:48:07	django/contrib/multicolumn/views.py	True	True	True	True
656	jtillman	2013-01-17 21:50:42	akaariai	2013-01-18 02:44:55	django/contrib/multicolumn/views.py	True	True	True	True
656	jtillman	2013-01-17 21:50:42	akaariai	2013-01-18 02:44:55	django/db/models/sql/constants.py	True	True	True	True
656	jtillman	2013-01-17 21:50:42	akaariai	2013-01-18 02:51:59	django/db/backends/mysql/compiler.py	False	True	True	True
656	jtillman	2013-01-17 21:50:42	akaariai	2013-01-18 02:51:59	django/db/models/fields/related.py	False	True	True	True
656	jtillman	2013-01-17 21:50:42	akaariai	2013-01-18 03:13:05	django/db/models/related.py	True	True	True	True
656	jtillman	2013-01-17 21:50:42	akaariai	2013-01-18 02:51:59	django/db/models/sql/constants.py	True	True	True	True
656	jtillman	2013-01-17 21:50:42	akaariai	2013-01-18 02:51:59	django/contrib/multicolumn/views.py	True	True	True	True
656	jtillman	2013-01-17 21:50:42	akaariai	2013-01-18 02:51:59	django/contrib/multicolumn/models.py	True	True	True	True
656	jtillman	2013-01-17 21:50:42	akaariai	2013-01-18 02:51:59	django/contrib/multicolumn/__init__.py	True	True	True	True
656	jtillman	2013-01-17 21:50:42	akaariai	2013-01-18 02:51:59	django/db/models/sql/query.py	True	True	True	True
656	jtillman	2013-01-17 21:50:42	akaariai	2013-01-18 02:51:59	django/db/models/sql/expressions.py	True	True	True	True
656	jtillman	2013-01-17 21:50:42	akaariai	2013-01-18 02:51:59	django/db/models/sql/compiler.py	True	True	True	True
656	jtillman	2013-01-17 21:50:42	akaariai	2013-01-18 02:51:59	django/db/models/related.py	True	True	True	True
656	jtillman	2013-01-17 21:50:42	akaariai	2013-01-18 02:51:59	django/db/models/sql/where.py	True	True	True	True
656	jtillman	2013-01-17 21:50:42	akaariai	2013-01-18 02:51:59	django/db/models/fields/related.py	True	True	True	True
656	jtillman	2013-01-17 21:50:42	akaariai	2013-01-18 02:51:59	django/contrib/contenttypes/generic.py	True	True	True	True
656	jtillman	2013-01-17 21:50:42	akaariai	2013-01-18 02:51:59	django/db/models/sql/query.py	False	True	True	True
656	jtillman	2013-01-17 21:50:42	akaariai	2013-01-18 02:51:59	django/contrib/multicolumn/tests.py	False	True	True	True
656	jtillman	2013-01-17 21:50:42	akaariai	2013-01-18 02:51:59	django/contrib/multicolumn/models.py	False	True	True	True
656	jtillman	2013-01-17 21:50:42	akaariai	2013-01-18 02:51:59	django/db/models/sql/where.py	False	True	True	True
656	jtillman	2013-01-17 21:50:42	akaariai	2013-01-18 02:51:59	django/db/models/sql/compiler.py	False	True	True	True
656	jtillman	2013-01-17 21:50:42	akaariai	2013-01-18 02:48:07	django/contrib/multicolumn/models.py	True	True	True	True
656	jtillman	2013-01-17 21:50:42	akaariai	2013-01-18 02:44:55	django/contrib/multicolumn/models.py	True	True	True	True
656	jtillman	2013-01-17 21:50:42	akaariai	2013-01-18 02:48:07	django/db/models/sql/query.py	True	True	True	True
656	jtillman	2013-01-17 21:50:42	akaariai	2013-01-18 02:50:03	django/db/models/fields/related.py	False	True	True	True
656	jtillman	2013-01-17 21:50:42	akaariai	2013-01-18 02:50:03	django/db/models/sql/where.py	True	True	True	True
656	jtillman	2013-01-17 21:50:42	akaariai	2013-01-18 02:50:03	django/db/models/fields/related.py	True	True	True	True
656	jtillman	2013-01-17 21:50:42	akaariai	2013-01-18 02:50:03	django/contrib/contenttypes/generic.py	True	True	True	True
656	jtillman	2013-01-17 21:50:42	akaariai	2013-01-18 02:50:03	django/db/models/sql/query.py	False	True	True	True
656	jtillman	2013-01-17 21:50:42	akaariai	2013-01-18 02:50:03	django/contrib/multicolumn/tests.py	False	True	True	True
656	jtillman	2013-01-17 21:50:42	akaariai	2013-01-18 02:50:03	django/contrib/multicolumn/models.py	False	True	True	True
656	jtillman	2013-01-17 21:50:42	akaariai	2013-01-18 02:50:03	django/db/models/sql/where.py	False	True	True	True
656	jtillman	2013-01-17 21:50:42	akaariai	2013-01-18 02:50:03	django/db/models/sql/compiler.py	False	True	True	True
656	jtillman	2013-01-17 21:50:42	akaariai	2013-01-18 02:50:03	django/db/backends/mysql/compiler.py	False	True	True	True
656	jtillman	2013-01-17 21:50:42	akaariai	2013-01-18 02:50:03	django/db/models/sql/compiler.py	True	True	True	True
656	jtillman	2013-01-17 21:50:42	akaariai	2013-01-18 03:13:05	django/db/models/sql/constants.py	True	True	True	True
656	jtillman	2013-01-17 21:50:42	akaariai	2013-01-18 03:13:05	django/contrib/multicolumn/views.py	True	True	True	True
656	jtillman	2013-01-17 21:50:42	akaariai	2013-01-18 03:13:05	django/contrib/multicolumn/models.py	True	True	True	True
656	jtillman	2013-01-17 21:50:42	akaariai	2013-01-18 03:13:05	django/contrib/multicolumn/__init__.py	True	True	True	True
656	jtillman	2013-01-17 21:50:42	akaariai	2013-01-18 03:13:05	django/db/models/sql/query.py	True	True	True	True
656	jtillman	2013-01-17 21:50:42	akaariai	2013-01-18 03:13:05	django/db/models/sql/expressions.py	True	True	True	True
656	jtillman	2013-01-17 21:50:42	akaariai	2013-01-18 03:13:05	django/db/models/sql/compiler.py	True	True	True	True
656	jtillman	2013-01-17 21:50:42	akaariai	2013-01-18 02:48:07	django/db/models/sql/expressions.py	True	True	True	True
656	jtillman	2013-01-17 21:50:42	akaariai	2013-01-18 02:50:03	django/db/models/related.py	True	True	True	True
656	jtillman	2013-01-17 21:50:42	akaariai	2013-01-18 02:50:03	django/contrib/multicolumn/tests.py	True	True	True	True
656	jtillman	2013-01-17 21:50:42	akaariai	2013-01-18 02:50:03	django/db/models/sql/expressions.py	True	True	True	True
656	jtillman	2013-01-17 21:50:42	akaariai	2013-01-18 02:48:07	django/db/models/sql/where.py	False	True	True	True
656	jtillman	2013-01-17 21:50:42	akaariai	2013-01-18 02:48:07	django/db/models/sql/compiler.py	True	True	True	True
656	jtillman	2013-01-17 21:50:42	akaariai	2013-01-18 02:48:07	django/db/models/related.py	True	True	True	True
656	jtillman	2013-01-17 21:50:42	akaariai	2013-01-18 02:48:07	django/db/models/sql/where.py	True	True	True	True
656	jtillman	2013-01-17 21:50:42	akaariai	2013-01-18 02:48:07	django/contrib/multicolumn/tests.py	True	True	True	True
656	jtillman	2013-01-17 21:50:42	akaariai	2013-01-18 02:48:07	django/db/models/fields/related.py	True	True	True	True
656	jtillman	2013-01-17 21:50:42	akaariai	2013-01-18 02:48:07	django/contrib/contenttypes/generic.py	True	True	True	True
656	jtillman	2013-01-17 21:50:42	akaariai	2013-01-18 02:48:07	django/contrib/multicolumn/tests.py	False	True	True	True
656	jtillman	2013-01-17 21:50:42	akaariai	2013-01-18 02:48:07	django/contrib/multicolumn/models.py	False	True	True	True
656	jtillman	2013-01-17 21:50:42	akaariai	2013-01-18 02:48:07	django/db/models/sql/query.py	False	True	True	True
656	jtillman	2013-01-17 21:50:42	akaariai	2013-01-18 02:48:07	django/db/models/sql/compiler.py	False	True	True	True
656	jtillman	2013-01-17 21:50:42	akaariai	2013-01-18 02:48:07	django/db/backends/mysql/compiler.py	False	True	True	True
656	jtillman	2013-01-17 21:50:42	akaariai	2013-01-18 02:50:03	django/db/models/sql/constants.py	True	True	True	True
656	jtillman	2013-01-17 21:50:42	akaariai	2013-01-18 02:50:03	django/contrib/multicolumn/views.py	True	True	True	True
656	jtillman	2013-01-17 21:50:42	akaariai	2013-01-18 02:50:03	django/contrib/multicolumn/models.py	True	True	True	True
656	jtillman	2013-01-17 21:50:42	akaariai	2013-01-18 02:50:03	django/contrib/multicolumn/__init__.py	True	True	True	True
656	jtillman	2013-01-17 21:50:42	akaariai	2013-01-18 02:48:07	django/db/models/fields/related.py	False	True	True	True
656	jtillman	2013-01-17 21:50:42	akaariai	2013-01-18 02:50:03	django/db/models/sql/query.py	True	True	True	True
653	rtnpro	2013-01-16 18:57:25	charettes	2013-01-18 20:07:59	tests/regressiontests/syndication/feeds.py	True	True	True	True
653	rtnpro	2013-01-16 18:57:25	charettes	2013-01-18 20:04:44	django/contrib/syndication/views.py	True	True	True	True
653	rtnpro	2013-01-16 18:57:25	charettes	2013-01-18 20:07:59	tests/regressiontests/syndication/urls.py	True	True	True	True
653	rtnpro	2013-01-16 18:57:25	charettes	2013-01-18 20:07:59	tests/regressiontests/syndication/tests.py	True	True	True	True
653	rtnpro	2013-01-16 18:57:25	charettes	2013-01-18 20:04:44	docs/ref/contrib/syndication.txt	True	True	True	True
653	rtnpro	2013-01-16 18:57:25	charettes	2013-01-18 20:07:59	docs/ref/contrib/syndication.txt	True	True	True	True
653	rtnpro	2013-01-16 18:57:25	charettes	2013-01-18 20:07:59	django/utils/feedgenerator.py	True	True	True	True
653	rtnpro	2013-01-16 18:57:25	charettes	2013-01-18 20:07:59	django/contrib/syndication/views.py	True	True	True	True
653	rtnpro	2013-01-16 18:57:25	charettes	2013-01-18 20:04:44	django/utils/feedgenerator.py	True	True	True	True
653	rtnpro	2013-01-16 18:57:25	charettes	2013-01-18 20:04:20	tests/regressiontests/syndication/urls.py	True	True	True	True
653	rtnpro	2013-01-16 18:57:25	charettes	2013-01-18 20:04:44	tests/regressiontests/syndication/feeds.py	True	True	True	True
653	rtnpro	2013-01-16 18:57:25	charettes	2013-01-18 20:04:44	tests/regressiontests/syndication/urls.py	True	True	True	True
653	rtnpro	2013-01-16 18:57:25	charettes	2013-01-18 20:04:20	django/contrib/syndication/views.py	True	True	True	True
653	rtnpro	2013-01-16 18:57:25	charettes	2013-01-18 20:04:20	django/utils/feedgenerator.py	True	True	True	True
653	rtnpro	2013-01-16 18:57:25	charettes	2013-01-18 20:04:20	docs/ref/contrib/syndication.txt	True	True	True	True
653	rtnpro	2013-01-16 18:57:25	charettes	2013-01-18 20:04:20	tests/regressiontests/syndication/feeds.py	True	True	True	True
653	rtnpro	2013-01-16 18:57:25	charettes	2013-01-18 20:04:20	tests/regressiontests/syndication/tests.py	True	True	True	True
653	rtnpro	2013-01-16 18:57:25	charettes	2013-01-18 20:04:44	tests/regressiontests/syndication/tests.py	True	True	True	True
646	stephrdev	2013-01-12 11:24:32	timgraham	2013-01-12 21:28:29	docs/ref/contrib/formtools/form-wizard.txt	True	True	True	True
646	stephrdev	2013-01-12 11:24:32	timgraham	2013-01-12 21:28:29	docs/ref/contrib/formtools/form-wizard.txt	False	True	True	True
642	dcramer	2013-01-11 22:54:53	alex	2013-01-11 22:57:30	AUTHORS	True	True	True	True
642	dcramer	2013-01-11 22:54:53	alex	2013-01-12 05:01:02	AUTHORS	True	True	True	True
642	dcramer	2013-01-11 22:54:53	alex	2013-01-12 05:01:02	django/db/models/deletion.py	True	True	True	True
642	dcramer	2013-01-11 22:54:53	alex	2013-01-12 05:01:02	tests/modeltests/delete/tests.py	True	True	True	True
642	dcramer	2013-01-11 22:54:53	alex	2013-01-12 05:01:02	tests/modeltests/delete/tests.py	False	True	True	True
642	dcramer	2013-01-11 22:54:53	alex	2013-01-12 05:01:02	django/db/models/deletion.py	False	True	True	True
642	dcramer	2013-01-11 22:54:53	alex	2013-01-11 22:57:30	django/db/models/deletion.py	True	True	True	True
642	dcramer	2013-01-11 22:54:53	alex	2013-01-11 22:57:30	tests/modeltests/delete/tests.py	False	True	True	True
642	dcramer	2013-01-11 22:54:53	alex	2013-01-11 22:57:30	django/db/models/deletion.py	False	True	True	True
642	dcramer	2013-01-11 22:54:53	alex	2013-01-11 22:57:30	tests/modeltests/delete/tests.py	True	True	True	True
641	dcramer	2013-01-11 22:12:56	alex	2013-01-11 22:14:09	django/db/models/deletion.py	True	True	True	True
640	evildmp	2013-01-11 22:02:33	timgraham	2013-01-13 19:23:03	docs/ref/contrib/admin/index.txt	True	True	True	True
639	evildmp	2013-01-11 13:31:08	kezabelle	2013-01-11 13:36:23	docs/ref/contrib/admin/index.txt	True	True	True	True
639	evildmp	2013-01-11 13:31:08	kezabelle	2013-01-11 13:36:23	docs/ref/contrib/admin/index.txt	False	True	True	True
618	fabianbuechler	2013-01-02 17:40:29	apollo13	2013-01-03 10:18:41	django/contrib/admin/static/admin/js/datetimeshortcuts.js	True	True	True	True
618	fabianbuechler	2013-01-02 17:40:29	apollo13	2013-01-03 10:18:41	django/contrib/admin/static/admin/css/widgets.css	False	True	True	True
618	fabianbuechler	2013-01-02 17:40:29	apollo13	2013-01-03 10:18:41	django/contrib/admin/static/admin/js/datetimeshortcuts.js	False	True	True	True
618	fabianbuechler	2013-01-02 17:40:29	apollo13	2013-01-03 10:18:41	django/contrib/admin/static/admin/js/datetimeshortcuts.min.js	False	True	True	True
618	fabianbuechler	2013-01-02 17:40:29	apollo13	2013-01-03 10:18:41	tests/regressiontests/admin_widgets/tests.py	False	True	True	True
618	fabianbuechler	2013-01-02 17:40:29	apollo13	2013-01-03 10:18:41	AUTHORS	True	True	True	True
618	fabianbuechler	2013-01-02 17:40:29	apollo13	2013-01-03 10:18:41	django/contrib/admin/static/admin/css/widgets.css	True	True	True	True
618	fabianbuechler	2013-01-02 17:40:29	apollo13	2013-01-03 10:18:41	django/contrib/admin/static/admin/js/admin/DateTimeShortcuts.js	True	True	True	True
618	fabianbuechler	2013-01-02 17:40:29	apollo13	2013-01-03 10:18:41	django/contrib/admin/static/admin/js/calendar.js	True	True	True	True
618	fabianbuechler	2013-01-02 17:40:29	apollo13	2013-01-03 10:18:41	django/forms/formsets.py	True	True	True	True
618	fabianbuechler	2013-01-02 17:40:29	apollo13	2013-01-03 10:18:41	django/contrib/admin/static/admin/js/datetimeshortcuts.min.js	True	True	True	True
618	fabianbuechler	2013-01-02 17:40:29	apollo13	2013-01-03 10:18:41	django/contrib/admin/static/admin/js/inlines.min.js	True	True	True	True
618	fabianbuechler	2013-01-02 17:40:29	apollo13	2013-01-03 10:18:41	django/contrib/admin/templates/admin/base.html	True	True	True	True
618	fabianbuechler	2013-01-02 17:40:29	apollo13	2013-01-03 10:18:41	django/contrib/admin/widgets.py	True	True	True	True
618	fabianbuechler	2013-01-02 17:40:29	apollo13	2013-01-03 10:18:41	docs/ref/class-based-views/generic-editing.txt	True	True	True	True
618	fabianbuechler	2013-01-02 17:40:29	apollo13	2013-01-03 10:18:41	tests/regressiontests/middleware/tests.py	True	True	True	True
618	fabianbuechler	2013-01-02 17:40:29	apollo13	2013-01-03 10:18:41	django/contrib/admin/static/admin/js/inlines.js	True	True	True	True
618	fabianbuechler	2013-01-02 17:40:29	apollo13	2013-01-03 10:18:41	docs/topics/logging.txt	True	True	True	True
