pr_number	author_user_login	pr_created_at	review_comment_user_login	review_comment_created_at	is_review_review_comment
6678	AlexHill	2016-05-31 16:23:52	timgraham	2016-06-01 20:25:55	True
6678	AlexHill	2016-05-31 16:23:52	timgraham	2016-06-01 20:24:53	True
6678	AlexHill	2016-05-31 16:23:52	timgraham	2016-06-01 20:24:55	True
6678	AlexHill	2016-05-31 16:23:52	timgraham	2016-06-01 20:24:56	True
6675	ramiro	2016-05-30 23:31:17	timgraham	2016-05-31 00:38:21	True
6669	ramiro	2016-05-29 15:48:55	timgraham	2016-06-08 18:50:54	True
6669	ramiro	2016-05-29 15:48:55	timgraham	2016-06-07 18:51:09	True
6669	ramiro	2016-05-29 15:48:55	timgraham	2016-06-07 15:33:13	True
6668	bradmerlin	2016-05-29 12:30:34	charettes	2016-05-29 20:55:19	True
6668	bradmerlin	2016-05-29 12:30:34	charettes	2016-05-29 21:15:28	True
6662	timgraham	2016-05-28 19:20:26	charettes	2016-05-28 19:35:29	True
6661	timgraham	2016-05-28 13:16:47	charettes	2016-05-28 15:17:55	True
6661	timgraham	2016-05-28 13:16:47	charettes	2016-05-28 18:49:26	True
6661	timgraham	2016-05-28 13:16:47	charettes	2016-06-04 04:13:49	True
6661	timgraham	2016-05-28 13:16:47	charettes	2016-06-01 21:19:50	True
6661	timgraham	2016-05-28 13:16:47	MarkusH	2016-06-03 23:28:33	True
6660	ketanbhatt	2016-05-28 07:48:28	timgraham	2016-10-07 00:16:29	True
6660	ketanbhatt	2016-05-28 07:48:28	timgraham	2016-09-27 23:00:36	True
6660	ketanbhatt	2016-05-28 07:48:28	timgraham	2016-09-27 22:58:14	True
6660	ketanbhatt	2016-05-28 07:48:28	timgraham	2016-09-27 22:58:45	True
6660	ketanbhatt	2016-05-28 07:48:28	timgraham	2016-09-27 23:12:13	True
6660	ketanbhatt	2016-05-28 07:48:28	timgraham	2016-09-27 22:58:19	True
6660	ketanbhatt	2016-05-28 07:48:28	timgraham	2016-05-30 14:04:43	True
6660	ketanbhatt	2016-05-28 07:48:28	timgraham	2016-05-30 15:20:19	True
6660	ketanbhatt	2016-05-28 07:48:28	timgraham	2016-05-30 15:20:01	True
6660	ketanbhatt	2016-05-28 07:48:28	timgraham	2016-05-30 15:22:05	True
6660	ketanbhatt	2016-05-28 07:48:28	timgraham	2016-12-30 16:03:00	True
6660	ketanbhatt	2016-05-28 07:48:28	timgraham	2016-09-27 23:11:41	True
6652	jdufresne	2016-05-26 15:48:54	charettes	2016-05-31 16:10:04	True
6650	ddsnowboard	2016-05-25 20:41:13	timgraham	2016-06-02 18:10:24	True
6650	ddsnowboard	2016-05-25 20:41:13	timgraham	2016-06-02 18:08:22	True
6650	ddsnowboard	2016-05-25 20:41:13	timgraham	2016-06-02 17:37:49	True
6650	ddsnowboard	2016-05-25 20:41:13	timgraham	2016-06-02 17:39:44	True
6650	ddsnowboard	2016-05-25 20:41:13	timgraham	2016-06-02 17:39:09	True
6650	ddsnowboard	2016-05-25 20:41:13	timgraham	2016-06-02 17:38:10	True
6648	ketanbhatt	2016-05-25 08:27:10	berkerpeksag	2016-05-29 02:20:27	True
6648	ketanbhatt	2016-05-25 08:27:10	berkerpeksag	2016-05-29 14:48:47	True
6648	ketanbhatt	2016-05-25 08:27:10	berkerpeksag	2016-05-29 16:15:39	True
6648	ketanbhatt	2016-05-25 08:27:10	berkerpeksag	2016-05-29 02:22:34	True
6648	ketanbhatt	2016-05-25 08:27:10	berkerpeksag	2016-05-29 02:21:48	True
6648	ketanbhatt	2016-05-25 08:27:10	berkerpeksag	2016-05-29 14:38:01	True
6648	ketanbhatt	2016-05-25 08:27:10	berkerpeksag	2016-05-29 16:18:07	True
6648	ketanbhatt	2016-05-25 08:27:10	berkerpeksag	2016-05-29 14:45:42	True
6648	ketanbhatt	2016-05-25 08:27:10	berkerpeksag	2016-05-29 02:19:38	True
6648	ketanbhatt	2016-05-25 08:27:10	charettes	2016-05-30 18:40:16	True
6648	ketanbhatt	2016-05-25 08:27:10	timgraham	2016-05-30 14:34:35	True
6648	ketanbhatt	2016-05-25 08:27:10	berkerpeksag	2016-05-29 16:16:03	True
6648	ketanbhatt	2016-05-25 08:27:10	berkerpeksag	2016-05-29 16:15:46	True
6648	ketanbhatt	2016-05-25 08:27:10	timgraham	2016-05-30 14:39:31	True
6648	ketanbhatt	2016-05-25 08:27:10	timgraham	2016-05-30 14:33:08	True
6648	ketanbhatt	2016-05-25 08:27:10	timgraham	2016-05-30 18:23:54	True
6648	ketanbhatt	2016-05-25 08:27:10	timgraham	2016-05-30 14:38:43	True
6648	ketanbhatt	2016-05-25 08:27:10	berkerpeksag	2016-05-29 16:21:07	True
6645	ramiro	2016-05-24 02:56:58	timgraham	2016-05-26 13:21:30	True
6645	ramiro	2016-05-24 02:56:58	timgraham	2016-05-26 13:21:24	True
6645	ramiro	2016-05-24 02:56:58	timgraham	2016-05-26 13:21:07	True
6645	ramiro	2016-05-24 02:56:58	timgraham	2016-05-26 13:21:37	True
6645	ramiro	2016-05-24 02:56:58	timgraham	2016-05-26 13:21:42	True
6643	charettes	2016-05-23 06:05:00	timgraham	2017-06-15 19:48:24	True
6643	charettes	2016-05-23 06:05:00	timgraham	2016-07-08 19:54:21	True
6643	charettes	2016-05-23 06:05:00	timgraham	2017-06-15 19:52:56	True
6643	charettes	2016-05-23 06:05:00	timgraham	2017-06-15 19:46:33	True
6643	charettes	2016-05-23 06:05:00	timgraham	2017-06-15 19:51:48	True
6643	charettes	2016-05-23 06:05:00	timgraham	2017-06-15 19:49:05	True
6643	charettes	2016-05-23 06:05:00	timgraham	2017-06-15 19:50:38	True
6643	charettes	2016-05-23 06:05:00	timgraham	2017-06-15 19:42:16	True
6643	charettes	2016-05-23 06:05:00	timgraham	2017-06-15 19:56:46	True
6643	charettes	2016-05-23 06:05:00	timgraham	2017-06-17 21:28:22	True
6643	charettes	2016-05-23 06:05:00	timgraham	2017-06-17 21:31:18	True
6643	charettes	2016-05-23 06:05:00	timgraham	2017-06-15 19:55:44	True
6643	charettes	2016-05-23 06:05:00	claudep	2017-04-01 21:55:09	True
6643	charettes	2016-05-23 06:05:00	timgraham	2017-06-15 19:36:17	True
6643	charettes	2016-05-23 06:05:00	timgraham	2017-06-15 19:32:59	True
6643	charettes	2016-05-23 06:05:00	timgraham	2017-06-15 19:31:09	True
6643	charettes	2016-05-23 06:05:00	timgraham	2017-06-17 21:30:37	True
6643	charettes	2016-05-23 06:05:00	timgraham	2017-06-15 19:45:52	True
6643	charettes	2016-05-23 06:05:00	claudep	2017-04-01 21:46:22	True
6643	charettes	2016-05-23 06:05:00	claudep	2017-04-01 21:26:55	True
6643	charettes	2016-05-23 06:05:00	claudep	2017-02-27 19:16:09	True
6643	charettes	2016-05-23 06:05:00	timgraham	2017-06-15 19:41:34	True
6643	charettes	2016-05-23 06:05:00	timgraham	2017-06-15 19:44:30	True
6643	charettes	2016-05-23 06:05:00	claudep	2017-04-01 21:50:33	True
6641	charettes	2016-05-22 23:11:55	timgraham	2016-05-30 22:40:47	True
6641	charettes	2016-05-22 23:11:55	timgraham	2016-05-30 22:44:19	True
6641	charettes	2016-05-22 23:11:55	felixxm	2017-01-12 21:54:20	True
6641	charettes	2016-05-22 23:11:55	felixxm	2017-01-12 08:37:49	True
6640	koniiiik	2016-05-22 21:12:12	charettes	2016-05-22 21:16:41	True
6639	charettes	2016-05-22 16:45:15	timgraham	2016-05-27 22:17:24	True
6639	charettes	2016-05-22 16:45:15	timgraham	2016-05-27 22:19:54	True
6638	emulbreh	2016-05-22 15:07:16	timgraham	2016-06-27 23:24:17	True
6638	emulbreh	2016-05-22 15:07:16	timgraham	2016-06-27 23:21:55	True
6638	emulbreh	2016-05-22 15:07:16	timgraham	2016-06-27 23:18:16	True
6638	emulbreh	2016-05-22 15:07:16	charettes	2016-05-31 02:29:20	True
6638	emulbreh	2016-05-22 15:07:16	timgraham	2016-06-28 00:01:28	True
6638	emulbreh	2016-05-22 15:07:16	jarshwah	2016-06-27 23:55:53	True
6638	emulbreh	2016-05-22 15:07:16	jarshwah	2016-06-27 23:46:46	True
6638	emulbreh	2016-05-22 15:07:16	adamchainz	2016-05-25 13:28:50	True
6638	emulbreh	2016-05-22 15:07:16	charettes	2016-05-22 15:13:36	True
6638	emulbreh	2016-05-22 15:07:16	jarshwah	2016-05-23 06:19:47	True
6638	emulbreh	2016-05-22 15:07:16	timgraham	2016-06-27 23:19:08	True
6638	emulbreh	2016-05-22 15:07:16	jarshwah	2016-05-23 00:03:15	True
6638	emulbreh	2016-05-22 15:07:16	timgraham	2016-06-27 23:51:28	True
6638	emulbreh	2016-05-22 15:07:16	jarshwah	2016-05-25 00:37:20	True
6637	charettes	2016-05-21 20:06:08	MarkusH	2016-05-22 19:53:16	True
6636	vytisb	2016-05-21 13:38:12	charettes	2016-05-21 17:47:50	True
6636	vytisb	2016-05-21 13:38:12	charettes	2016-05-21 16:36:20	True
6636	vytisb	2016-05-21 13:38:12	LilyFoote	2016-05-21 16:54:48	True
6636	vytisb	2016-05-21 13:38:12	charettes	2016-05-21 18:49:28	True
6635	antdking	2016-05-21 10:04:17	MarkusH	2016-05-21 10:14:15	True
6635	antdking	2016-05-21 10:04:17	MarkusH	2016-05-21 10:14:38	True
6632	inondle	2016-05-20 19:55:41	timgraham	2016-06-01 19:27:03	True
6632	inondle	2016-05-20 19:55:41	timgraham	2016-05-26 14:22:22	True
6632	inondle	2016-05-20 19:55:41	berkerpeksag	2016-05-22 08:21:25	True
6624	jdufresne	2016-05-19 01:46:31	carljm	2016-06-05 22:55:44	True
6624	jdufresne	2016-05-19 01:46:31	carljm	2016-06-05 18:52:11	True
6624	jdufresne	2016-05-19 01:46:31	timgraham	2016-06-03 18:30:21	True
6624	jdufresne	2016-05-19 01:46:31	timgraham	2016-06-03 18:30:54	True
6624	jdufresne	2016-05-19 01:46:31	timgraham	2016-06-03 18:31:55	True
6624	jdufresne	2016-05-19 01:46:31	timgraham	2016-06-03 18:33:31	True
6624	jdufresne	2016-05-19 01:46:31	timgraham	2016-06-03 18:40:52	True
6624	jdufresne	2016-05-19 01:46:31	charettes	2016-06-05 18:56:15	True
6624	jdufresne	2016-05-19 01:46:31	carljm	2016-06-05 18:52:32	True
6624	jdufresne	2016-05-19 01:46:31	charettes	2016-06-05 22:50:02	True
6624	jdufresne	2016-05-19 01:46:31	charettes	2016-06-05 22:52:34	True
6624	jdufresne	2016-05-19 01:46:31	timgraham	2016-06-03 18:26:46	True
6624	jdufresne	2016-05-19 01:46:31	timgraham	2016-06-03 18:33:15	True
6624	jdufresne	2016-05-19 01:46:31	timgraham	2016-06-03 18:30:20	True
6621	SilasX	2016-05-18 02:54:22	berkerpeksag	2016-05-18 17:44:44	True
6621	SilasX	2016-05-18 02:54:22	berkerpeksag	2016-05-18 05:40:12	True
6621	SilasX	2016-05-18 02:54:22	MarkusH	2016-05-22 19:57:02	True
6621	SilasX	2016-05-18 02:54:22	berkerpeksag	2016-05-18 17:50:20	True
6621	SilasX	2016-05-18 02:54:22	berkerpeksag	2016-05-18 17:43:09	True
6621	SilasX	2016-05-18 02:54:22	berkerpeksag	2016-05-18 17:43:29	True
6612	charettes	2016-05-16 23:40:43	timgraham	2016-05-17 14:32:02	True
6612	charettes	2016-05-16 23:40:43	timgraham	2016-05-17 14:43:11	True
6612	charettes	2016-05-16 23:40:43	timgraham	2016-05-17 14:35:19	True
6612	charettes	2016-05-16 23:40:43	timgraham	2016-05-17 14:34:45	True
6612	charettes	2016-05-16 23:40:43	timgraham	2016-05-17 14:34:04	True
6612	charettes	2016-05-16 23:40:43	timgraham	2016-05-17 14:32:19	True
6612	charettes	2016-05-16 23:40:43	timgraham	2016-05-17 14:32:26	True
6606	rkashapov	2016-05-15 09:55:18	timgraham	2016-05-30 23:05:55	True
6606	rkashapov	2016-05-15 09:55:18	timgraham	2016-05-30 23:06:49	True
6606	rkashapov	2016-05-15 09:55:18	timgraham	2016-05-30 23:04:31	True
6606	rkashapov	2016-05-15 09:55:18	akki	2016-05-20 05:23:27	True
6606	rkashapov	2016-05-15 09:55:18	akki	2016-05-20 05:19:35	True
6603	berkerpeksag	2016-05-15 07:04:07	timgraham	2016-06-03 15:11:34	True
6603	berkerpeksag	2016-05-15 07:04:07	timgraham	2016-06-03 15:12:44	True
6603	berkerpeksag	2016-05-15 07:04:07	timgraham	2016-06-03 15:15:07	True
6603	berkerpeksag	2016-05-15 07:04:07	timgraham	2016-06-02 23:15:15	True
6603	berkerpeksag	2016-05-15 07:04:07	timgraham	2016-06-03 15:11:11	True
6603	berkerpeksag	2016-05-15 07:04:07	akki	2016-05-20 05:05:31	True
6603	berkerpeksag	2016-05-15 07:04:07	akki	2016-05-20 05:05:30	True
6603	berkerpeksag	2016-05-15 07:04:07	timgraham	2016-06-01 14:03:25	True
6603	berkerpeksag	2016-05-15 07:04:07	timgraham	2016-06-03 15:11:02	True
6603	berkerpeksag	2016-05-15 07:04:07	timgraham	2016-06-01 14:07:18	True
6600	claudep	2016-05-14 13:06:17	timgraham	2016-05-16 15:36:30	True
6600	claudep	2016-05-14 13:06:17	timgraham	2016-05-16 16:07:18	True
6600	claudep	2016-05-14 13:06:17	timgraham	2016-05-16 15:34:38	True
6600	claudep	2016-05-14 13:06:17	timgraham	2016-05-16 15:34:11	True
6590	dsanders11	2016-05-12 11:51:22	berkerpeksag	2016-06-10 03:22:11	True
6590	dsanders11	2016-05-12 11:51:22	berkerpeksag	2016-06-10 03:20:22	True
6590	dsanders11	2016-05-12 11:51:22	berkerpeksag	2016-06-10 03:19:28	True
6586	charettes	2016-05-11 02:28:06	timgraham	2016-05-13 14:53:56	True
6586	charettes	2016-05-11 02:28:06	timgraham	2016-05-13 14:48:25	True
6586	charettes	2016-05-11 02:28:06	timgraham	2016-05-13 14:49:27	True
6586	charettes	2016-05-11 02:28:06	MarkusH	2016-05-13 20:57:39	True
6586	charettes	2016-05-11 02:28:06	timgraham	2016-05-13 14:56:27	True
6586	charettes	2016-05-11 02:28:06	timgraham	2016-05-13 14:58:54	True
6586	charettes	2016-05-11 02:28:06	MarkusH	2016-05-12 07:55:18	True
6586	charettes	2016-05-11 02:28:06	MarkusH	2016-05-11 15:27:39	True
6586	charettes	2016-05-11 02:28:06	MarkusH	2016-05-13 20:46:07	True
6586	charettes	2016-05-11 02:28:06	MarkusH	2016-05-12 07:53:20	True
6586	charettes	2016-05-11 02:28:06	MarkusH	2016-05-11 15:20:45	True
6586	charettes	2016-05-11 02:28:06	MarkusH	2016-05-11 15:28:52	True
6586	charettes	2016-05-11 02:28:06	MarkusH	2016-05-11 15:23:30	True
6586	charettes	2016-05-11 02:28:06	MarkusH	2016-05-11 15:28:02	True
6586	charettes	2016-05-11 02:28:06	timgraham	2016-05-13 14:49:48	True
6586	charettes	2016-05-11 02:28:06	timgraham	2016-05-13 19:31:26	True
6584	vytisb	2016-05-10 21:44:43	timgraham	2016-05-13 00:52:00	True
6581	charettes	2016-05-10 14:44:42	timgraham	2016-05-10 15:02:22	True
6581	charettes	2016-05-10 14:44:42	timgraham	2016-05-10 15:02:53	True
6581	charettes	2016-05-10 14:44:42	timgraham	2016-05-10 15:13:19	True
6579	jorgecarleitao	2016-05-10 07:47:12	timgraham	2016-07-08 20:06:13	True
6579	jorgecarleitao	2016-05-10 07:47:12	timgraham	2016-07-08 20:08:15	True
6579	jorgecarleitao	2016-05-10 07:47:12	timgraham	2016-07-08 20:01:54	True
6579	jorgecarleitao	2016-05-10 07:47:12	timgraham	2016-07-08 20:07:12	True
6579	jorgecarleitao	2016-05-10 07:47:12	timgraham	2016-07-08 20:07:26	True
6579	jorgecarleitao	2016-05-10 07:47:12	timgraham	2016-07-08 20:03:16	True
6579	jorgecarleitao	2016-05-10 07:47:12	timgraham	2016-07-08 20:05:19	True
6579	jorgecarleitao	2016-05-10 07:47:12	timgraham	2016-07-08 20:01:39	True
6579	jorgecarleitao	2016-05-10 07:47:12	timgraham	2016-07-08 20:04:23	True
6579	jorgecarleitao	2016-05-10 07:47:12	timgraham	2016-07-08 20:02:05	True
6579	jorgecarleitao	2016-05-10 07:47:12	timgraham	2016-07-08 20:06:12	True
6579	jorgecarleitao	2016-05-10 07:47:12	timgraham	2016-07-08 20:01:57	True
6579	jorgecarleitao	2016-05-10 07:47:12	timgraham	2016-07-08 20:01:50	True
6579	jorgecarleitao	2016-05-10 07:47:12	timgraham	2016-07-08 20:03:52	True
6579	jorgecarleitao	2016-05-10 07:47:12	timgraham	2016-07-08 20:02:31	True
6579	jorgecarleitao	2016-05-10 07:47:12	timgraham	2016-07-08 20:06:30	True
6579	jorgecarleitao	2016-05-10 07:47:12	timgraham	2016-07-14 11:40:11	True
6578	MarkusH	2016-05-09 18:57:04	timgraham	2017-02-11 00:38:23	True
6576	timgraham	2016-05-08 23:06:29	charettes	2016-05-10 14:18:49	True
6576	timgraham	2016-05-08 23:06:29	charettes	2016-05-10 14:32:31	True
6576	timgraham	2016-05-08 23:06:29	charettes	2016-05-10 13:17:53	True
6576	timgraham	2016-05-08 23:06:29	aaugustin	2016-05-10 16:01:37	True
6576	timgraham	2016-05-08 23:06:29	aaugustin	2016-05-10 16:10:41	True
6572	dsanders11	2016-05-08 10:02:25	timgraham	2016-06-09 15:11:51	True
6566	claudep	2016-05-06 10:27:13	timgraham	2016-05-06 12:19:04	True
6566	claudep	2016-05-06 10:27:13	timgraham	2016-05-06 12:20:35	True
6566	claudep	2016-05-06 10:27:13	timgraham	2016-05-06 12:15:04	True
6563	vytisb	2016-05-05 18:45:00	timgraham	2016-05-31 15:24:12	True
6561	vfaronov	2016-05-05 12:47:56	timgraham	2016-05-06 19:18:28	True
6561	vfaronov	2016-05-05 12:47:56	timgraham	2016-05-06 19:16:58	True
6561	vfaronov	2016-05-05 12:47:56	timgraham	2016-05-06 22:53:29	True
6561	vfaronov	2016-05-05 12:47:56	timgraham	2016-05-06 19:15:44	True
6561	vfaronov	2016-05-05 12:47:56	timgraham	2016-05-06 19:16:33	True
6561	vfaronov	2016-05-05 12:47:56	timgraham	2016-05-06 19:15:10	True
6559	MarkusH	2016-05-04 20:36:20	charettes	2016-05-04 20:37:56	True
6557	PabloVallejo	2016-05-04 15:54:06	charettes	2016-05-04 16:08:16	True
6551	claudep	2016-05-03 16:28:08	timgraham	2016-05-10 15:11:00	True
6551	claudep	2016-05-03 16:28:08	timgraham	2016-05-10 15:22:39	True
6551	claudep	2016-05-03 16:28:08	timgraham	2016-05-10 15:10:52	True
6547	aaugustin	2016-05-03 10:29:29	timgraham	2016-10-06 14:44:36	True
6547	aaugustin	2016-05-03 10:29:29	timgraham	2016-10-06 14:41:38	True
6547	aaugustin	2016-05-03 10:29:29	timgraham	2016-10-06 14:29:28	True
6547	aaugustin	2016-05-03 10:29:29	timgraham	2016-10-06 14:46:53	True
6547	aaugustin	2016-05-03 10:29:29	timgraham	2016-10-06 14:46:47	True
6547	aaugustin	2016-05-03 10:29:29	timgraham	2016-10-06 15:07:19	True
6547	aaugustin	2016-05-03 10:29:29	timgraham	2016-10-06 14:38:29	True
6547	aaugustin	2016-05-03 10:29:29	timgraham	2016-10-06 14:36:04	True
6547	aaugustin	2016-05-03 10:29:29	timgraham	2016-10-06 14:36:38	True
6547	aaugustin	2016-05-03 10:29:29	timgraham	2016-10-06 15:08:40	True
6547	aaugustin	2016-05-03 10:29:29	timgraham	2016-10-06 14:37:40	True
6547	aaugustin	2016-05-03 10:29:29	timgraham	2016-10-06 14:28:29	True
6547	aaugustin	2016-05-03 10:29:29	timgraham	2016-10-06 15:07:07	True
6547	aaugustin	2016-05-03 10:29:29	timgraham	2016-10-06 15:10:25	True
6547	aaugustin	2016-05-03 10:29:29	timgraham	2016-10-06 15:10:56	True
6547	aaugustin	2016-05-03 10:29:29	timgraham	2016-10-06 15:15:35	True
6547	aaugustin	2016-05-03 10:29:29	timgraham	2016-10-06 15:22:30	True
6547	aaugustin	2016-05-03 10:29:29	timgraham	2016-10-06 15:08:53	True
6547	aaugustin	2016-05-03 10:29:29	timgraham	2016-10-28 23:37:48	True
6547	aaugustin	2016-05-03 10:29:29	timgraham	2016-10-06 14:39:15	True
6547	aaugustin	2016-05-03 10:29:29	timgraham	2016-10-06 15:12:21	True
6547	aaugustin	2016-05-03 10:29:29	timgraham	2016-10-06 15:12:27	True
6547	aaugustin	2016-05-03 10:29:29	timgraham	2016-10-06 14:26:34	True
6547	aaugustin	2016-05-03 10:29:29	timgraham	2016-10-06 15:11:52	True
6540	claudep	2016-05-01 17:24:50	timgraham	2016-05-02 00:46:51	True
