pr_number	author_user_login	pr_created_at	commit_user_login	commit_created_at	commit_status_total	commit_status_additions	commit_status_deletions	create_before_pr	is_review_commit
9402	ramiro	2017-11-30 12:08:54	ramiro	2017-11-23 11:56:21	19	16	3	True	True
9402	ramiro	2017-11-30 12:08:54	ramiro	2017-11-30 16:04:28	15	11	4	False	True
9401	knaperek	2017-11-30 10:10:15	knaperek	2017-11-30 10:05:59	9	4	5	True	True
9400	sir-sigurd	2017-11-30 08:49:45	sir-sigurd	2017-11-30 08:47:18	16	15	1	True	True
9400	sir-sigurd	2017-11-30 08:49:45	ramiro	2017-12-02 02:12:48	1	1	0	False	True
9399	Ashaba	2017-11-30 08:44:05	Ashaba	2017-11-30 08:12:20	30	22	8	True	True
9398	timgraham	2017-11-29 16:59:11	dilyanpalauzov	2017-11-29 16:54:34	111	56	55	True	True
9394	jdufresne	2017-11-28 13:28:52	jdufresne	2017-11-28 13:12:28	491	234	257	True	True
9391	geranazavr555	2017-11-27 09:15:09	geranazavr555	2017-12-02 13:18:35	2	1	1	False	True
9391	geranazavr555	2017-11-27 09:15:09	geranazavr555	2017-12-02 12:10:44	12	11	1	False	True
9388	raphaelm	2017-11-26 16:39:31	raphaelm	2017-11-26 16:32:17	27	26	1	True	True
9387	sir-sigurd	2017-11-25 02:56:36	sir-sigurd	2017-11-24 17:30:53	93	73	20	True	True
9386	domandinho	2017-11-25 00:02:22	domandinho	2017-12-17 13:41:40	33	30	3	False	True
9385	r3m0t	2017-11-24 15:51:53	r3m0t	2017-11-24 15:48:15	45	44	1	True	True
9384	claudep	2017-11-24 13:50:10	claudep	2017-11-24 13:47:19	4	3	1	True	True
9383	charettes	2017-11-24 08:09:45	charettes	2017-11-24 08:05:56	174	171	3	True	True
9382	sir-sigurd	2017-11-23 16:39:53	sir-sigurd	2017-11-23 16:18:35	18	7	11	True	True
9381	ticosax	2017-11-23 16:19:59	ticosax	2017-11-23 16:18:03	29	21	8	True	True
9380	charettes	2017-11-23 07:17:14	charettes	2017-11-23 07:14:32	35	34	1	True	True
9376	gcbirzan	2017-11-22 11:30:02	gcbirzan	2017-11-22 11:27:15	28	21	7	True	True
9375	graingert	2017-11-22 10:55:18	graingert	2017-11-22 10:50:30	50	13	37	True	True
9373	timmartin	2017-11-21 21:37:34	timmartin	2017-11-05 21:34:02	7	7	0	True	True
9370	vonafor	2017-11-20 15:58:12	vonafor	2017-11-20 15:25:01	9	8	1	True	True
9367	geekodour	2017-11-20 07:11:48	geekodour	2017-11-20 07:02:14	12	12	0	True	True
9365	dodobas	2017-11-19 15:16:02	dodobas	2017-11-19 15:13:10	34	27	7	True	True
9364	timgraham	2017-11-18 12:47:38	timgraham	2017-11-18 12:43:58	19	6	13	True	True
9360	srfilipek	2017-11-17 14:26:29	srfilipek	2018-04-20 00:09:11	48	39	9	False	True
9359	lamby	2017-11-17 07:11:05	lamby	2017-11-17 13:55:34	11	7	4	False	True
9358	timgraham	2017-11-15 23:18:03	timgraham	2017-11-15 23:14:53	6	6	0	True	True
9357	timgraham	2017-11-15 20:11:01	nazarewk	2017-07-05 11:00:10	218	148	70	True	True
9356	felixxm	2017-11-15 17:51:55	felixxm	2017-11-15 17:43:19	2	2	0	True	True
9354	shangdahao	2017-11-15 06:30:08	shangdahao	2017-11-15 12:27:53	196	136	60	False	True
9352	sir-sigurd	2017-11-14 17:18:06	sir-sigurd	2017-11-14 14:05:21	10	7	3	True	True
9351	ChillarAnand	2017-11-14 16:03:58	ChillarAnand	2018-02-18 15:35:06	24	23	1	False	True
9345	charettes	2017-11-12 01:59:27	charettes	2017-11-12 00:17:20	66	53	13	True	True
9340	felixxm	2017-11-09 21:49:08	felixxm	2017-11-09 21:43:28	52	49	3	True	True
9339	sonus21	2017-11-09 17:28:34	sonus21	2017-11-09 17:17:55	41	40	1	True	True
9335	timgraham	2017-11-08 15:08:26	timgraham	2017-11-08 15:02:30	10	10	0	True	True
9328	timgraham	2017-11-06 15:27:46	dilyanpalauzov	2017-11-06 15:23:29	47	20	27	True	True
9327	timgraham	2017-11-04 23:16:36	timgraham	2017-11-04 23:04:56	52	38	14	True	True
9323	beniwohli	2017-11-02 16:37:24	timgraham	2018-01-25 00:25:01	26	17	9	False	True
9323	beniwohli	2017-11-02 16:37:24	beniwohli	2017-11-02 16:35:41	18	16	2	True	True
9322	r3m0t	2017-11-01 23:51:30	r3m0t	2017-11-01 23:48:22	85	77	8	True	True
9320	JayWelborn	2017-11-01 19:46:09	JayWelborn	2017-11-01 19:40:49	36	36	0	True	True
9319	sir-sigurd	2017-11-01 13:47:14	sir-sigurd	2017-10-29 18:22:26	5	2	3	True	True
9319	sir-sigurd	2017-11-01 13:47:14	sir-sigurd	2017-11-01 14:12:01	22	16	6	False	True
9319	sir-sigurd	2017-11-01 13:47:14	sir-sigurd	2017-10-29 18:25:57	15	7	8	True	True
9318	jherencia	2017-11-01 12:27:44	jherencia	2017-11-01 12:26:23	11	7	4	True	True
9318	jherencia	2017-11-01 12:27:44	jherencia	2017-11-01 12:31:57	1	0	1	False	True
