pr_number	author_user_login	pr_created_at	commit_user_login	commit_created_at	commit_status_total	commit_status_additions	commit_status_deletions	create_before_pr	is_review_commit
13825	hramezani	2020-12-30 21:57:49	hramezani	2020-12-30 21:55:31	61	37	24	True	True
13824	felixxm	2020-12-30 10:22:34	felixxm	2020-12-30 10:18:31	23	12	11	True	True
13822	manav014	2020-12-30 02:26:00	manav014	2020-12-30 02:22:17	58	44	14	True	True
13821	felixxm	2020-12-29 15:16:10	felixxm	2020-12-29 15:09:53	20	12	8	True	True
13820	wkschwartz	2020-12-28 22:07:57	wkschwartz	2020-12-28 22:05:18	44	39	5	True	True
13819	felixxm	2020-12-28 12:09:55	felixxm	2020-12-28 11:17:58	20	10	10	True	True
13819	felixxm	2020-12-28 12:09:55	felixxm	2020-12-28 11:48:07	333	222	111	True	True
13818	felixxm	2020-12-28 11:03:46	felixxm	2020-12-28 11:01:18	53	18	35	True	True
13816	hramezani	2020-12-27 20:29:47	hramezani	2020-12-27 20:15:17	9	9	0	True	True
13816	hramezani	2020-12-27 20:29:47	hramezani	2020-12-27 20:21:59	23	19	4	True	True
13815	apollo13	2020-12-27 16:33:19	apollo13	2020-12-27 16:25:22	15	14	1	True	True
13815	apollo13	2020-12-27 16:33:19	apollo13	2020-12-27 16:41:33	6	2	4	False	True
13811	Akshat1Nar	2020-12-26 15:26:39	Akshat1Nar	2020-12-26 15:22:44	6	5	1	True	True
13810	felixxm	2020-12-26 12:31:18	felixxm	2020-12-26 11:53:17	29	27	2	True	True
13809	hramezani	2020-12-24 15:31:35	felixxm	2021-01-18 11:50:51	7	5	2	False	True
13809	hramezani	2020-12-24 15:31:35	hramezani	2020-12-24 15:29:54	42	38	4	True	True
13808	hramezani	2020-12-23 22:44:41	hramezani	2020-12-23 22:39:43	99	92	7	True	True
13807	chinmoy12c	2020-12-23 21:09:32	chinmoy12c	2020-12-28 05:45:48	32	28	4	False	True
13804	jdufresne	2020-12-23 15:21:54	jdufresne	2020-12-23 15:20:40	4	2	2	True	True
13802	felixxm	2020-12-23 10:15:09	hannseman	2020-12-23 10:08:42	49	31	18	True	True
13800	craigiansmith	2020-12-21 22:34:04	apollo13	2020-12-19 14:38:32	105	91	14	True	True
13799	ryowright	2020-12-21 19:38:55	ryowright	2020-12-27 02:54:47	233	231	2	False	True
13798	adamchainz	2020-12-21 14:44:43	adamchainz	2020-12-21 14:44:27	8	5	3	True	True
13797	pauloxnet	2020-12-21 14:29:41	pauloxnet	2021-01-12 12:12:05	141	138	3	False	True
13796	hramezani	2020-12-21 13:23:21	felixxm	2020-12-22 07:36:56	10	4	6	False	True
13796	hramezani	2020-12-21 13:23:21	hramezani	2020-12-21 13:21:25	12	12	0	True	True
13795	jdufresne	2020-12-19 23:38:35	jdufresne	2020-12-19 23:34:50	4	2	2	True	True
13794	hramezani	2020-12-19 20:09:34	hramezani	2020-12-19 19:53:30	28	28	0	True	True
13793	apollo13	2020-12-19 14:40:11	apollo13	2020-12-19 13:21:12	66	40	26	True	True
13793	apollo13	2020-12-19 14:40:11	apollo13	2020-12-19 14:38:32	70	53	17	True	True
13790	joshuapatel	2020-12-19 04:41:58	joshuapatel	2020-12-19 04:38:11	2	1	1	True	True
13788	felixxm	2020-12-18 08:47:44	felixxm	2020-12-18 08:44:29	26	14	12	True	True
13786	hramezani	2020-12-17 21:10:10	hramezani	2020-12-17 21:06:58	42	41	1	True	True
13785	parruc	2020-12-17 09:08:27	parruc	2020-12-17 09:04:23	26	13	13	True	True
13785	parruc	2020-12-17 09:08:27	parruc	2020-12-19 16:55:20	15	13	2	False	True
13783	smithdc1	2020-12-16 20:52:12	smithdc1	2020-12-16 19:56:18	11	11	0	True	True
13780	hramezani	2020-12-15 22:22:56	hramezani	2020-12-15 22:21:15	8	8	0	True	True
13779	felixxm	2020-12-15 10:42:16	felixxm	2020-12-15 10:40:25	2	1	1	True	True
13778	carltongibson	2020-12-15 10:28:51	carltongibson	2020-12-15 10:25:48	8	4	4	True	True
13776	felixxm	2020-12-14 19:48:14	felixxm	2020-12-14 19:43:27	4	2	2	True	True
13774	AlexeyNigin	2020-12-14 06:03:34	AlexeyNigin	2020-12-14 00:02:45	62	52	10	True	True
13773	hramezani	2020-12-13 21:42:39	hramezani	2020-12-13 21:41:20	24	22	2	True	True
13772	guettli	2020-12-13 20:35:34	guettli	2020-12-13 20:35:21	3	3	0	True	True
13771	adamchainz	2020-12-13 17:00:37	adamchainz	2020-12-13 16:59:34	10	8	2	True	True
13770	adamchainz	2020-12-13 16:59:13	adamchainz	2020-12-14 06:34:35	1	1	0	False	True
13770	adamchainz	2020-12-13 16:59:13	adamchainz	2020-12-13 16:56:04	15	14	1	True	True
13768	ayu023ban	2020-12-12 07:34:48	ayu023ban	2020-12-12 07:28:43	41	33	8	True	True
13766	abbasidaniyal	2020-12-11 19:37:38	abbasidaniyal	2020-12-11 19:30:50	73	64	9	True	True
13766	abbasidaniyal	2020-12-11 19:37:38	abbasidaniyal	2020-12-12 13:05:48	1	0	1	False	True
13766	abbasidaniyal	2020-12-11 19:37:38	abbasidaniyal	2020-12-14 23:42:05	8	4	4	False	True
13766	abbasidaniyal	2020-12-11 19:37:38	abbasidaniyal	2020-12-12 12:41:39	1	1	0	False	True
13765	timgraham	2020-12-11 14:19:14	timgraham	2020-12-10 23:13:55	11	8	3	True	True
13764	adamchainz	2020-12-11 12:12:51	adamchainz	2020-12-11 11:26:54	644	323	321	True	True
13764	adamchainz	2020-12-11 12:12:51	adamchainz	2020-12-11 05:55:55	377	233	144	True	True
13764	adamchainz	2020-12-11 12:12:51	adamchainz	2020-12-11 10:17:37	550	304	246	True	True
13763	jdufresne	2020-12-11 00:41:10	jdufresne	2020-12-09 22:02:03	242	216	26	True	True
13762	kevinmarsh	2020-12-10 19:37:09	kevinmarsh	2020-12-10 19:28:55	5	3	2	True	True
13759	jieter	2020-12-10 12:58:53	jieter	2020-12-11 20:32:51	2	1	1	False	True
13759	jieter	2020-12-10 12:58:53	jieter	2020-12-10 12:57:23	2	1	1	True	True
13759	jieter	2020-12-10 12:58:53	jieter	2020-12-11 20:34:00	3	1	2	False	True
13758	felixxm	2020-12-09 20:56:03	felixxm	2020-12-09 20:51:23	11	6	5	True	True
13755	rolandgeider	2020-12-08 21:19:44	rolandgeider	2020-12-08 21:18:29	2	1	1	True	True
13753	felixxm	2020-12-07 11:46:01	apollo13	2020-12-07 11:34:09	37	10	27	True	True
13750	matthiask	2020-12-06 11:01:46	matthiask	2020-12-06 11:01:14	11	6	5	True	True
13748	jimxie28	2020-12-06 02:02:15	jimxie28	2021-02-03 14:31:20	30	25	5	False	True
13747	jerinpetergeorge	2020-12-04 18:25:32	jerinpetergeorge	2020-12-04 17:52:28	128	95	33	True	True
13746	felixxm	2020-12-04 08:40:41	felixxm	2020-12-04 08:20:33	13	9	4	True	True
13745	reergymerej	2020-12-03 13:03:23	reergymerej	2020-12-03 12:59:15	2	1	1	True	True
13744	felixxm	2020-12-03 08:23:13	felixxm	2020-12-03 06:19:58	118	78	40	True	True
13742	felixxm	2020-12-02 11:00:09	felixxm	2020-12-02 10:51:43	14	8	6	True	True
13741	timoludwig	2020-12-02 10:52:52	timoludwig	2020-12-02 10:23:52	36	15	21	True	True
13739	imrejonk	2020-12-01 17:48:12	imrejonk	2020-12-01 17:39:47	9	6	3	True	True
13738	felixxm	2020-12-01 07:01:36	felixxm	2020-12-01 06:54:41	46	28	18	True	True
13736	mdamien	2020-12-01 06:15:10	mdamien	2020-12-01 06:21:13	3	2	1	False	True
13736	mdamien	2020-12-01 06:15:10	mdamien	2020-12-01 17:12:51	13	7	6	False	True
13736	mdamien	2020-12-01 06:15:10	mdamien	2020-12-01 06:10:06	22	20	2	True	True
