pr_number	author_user_login	pr_created_at	commit_user_login	commit_created_at	commit_status_total	commit_status_additions	commit_status_deletions	create_before_pr	is_review_commit
11309	suligap	2019-04-30 21:37:27	suligap	2019-04-30 21:09:04	26	13	13	True	True
11308	zeyneloz	2019-04-30 10:08:37	zeyneloz	2019-04-30 10:00:34	48	45	3	True	True
11307	adamchainz	2019-04-30 09:55:43	adamchainz	2019-04-30 09:54:32	8	8	0	True	True
11305	blueyed	2019-04-29 21:15:46	blueyed	2019-04-29 21:08:05	1	1	0	True	True
11304	blueyed	2019-04-29 20:57:36	blueyed	2019-04-29 20:55:11	2	2	0	True	True
11301	jdufresne	2019-04-28 14:51:45	jdufresne	2019-04-28 14:49:46	2	1	1	True	True
11299	cansarigol	2019-04-28 11:15:08	cansarigol	2019-04-30 08:20:41	43	42	1	False	True
11298	nadege	2019-04-28 09:13:45	nadege	2019-04-19 16:12:04	257	167	90	True	True
11297	jdufresne	2019-04-27 21:13:02	jdufresne	2019-04-27 21:10:43	5	1	4	True	True
11296	akki	2019-04-27 16:49:21	akki	2019-05-02 05:24:32	8	4	4	False	True
11295	rixx	2019-04-27 16:34:15	rixx	2019-04-27 16:32:27	23	11	12	True	True
11286	felixxm	2019-04-26 15:45:22	felixxm	2019-04-26 12:48:24	20	17	3	True	True
11285	rixx	2019-04-26 10:23:23	rixx	2019-04-26 10:21:51	53	31	22	True	True
11283	carltongibson	2019-04-26 07:02:50	carltongibson	2019-04-26 06:51:58	60	55	5	True	True
11282	TeresaPartidaS	2019-04-25 23:48:18	Tpartida	2020-09-16 07:56:27	90	81	9	False	True
11281	jdufresne	2019-04-25 02:38:11	jdufresne	2019-06-27 16:39:47	390	195	195	False	True
11280	zeyneloz	2019-04-24 23:57:42	zeyneloz	2019-05-24 14:13:13	5	4	1	False	True
11280	zeyneloz	2019-04-24 23:57:42	zeyneloz	2019-05-24 14:04:56	79	76	3	False	True
11279	cansarigol	2019-04-24 16:46:52	felixxm	2019-07-08 12:11:50	13	6	7	False	True
11279	cansarigol	2019-04-24 16:46:52	cansarigol	2019-07-05 12:15:41	177	166	11	False	True
11278	cansarigol	2019-04-24 13:24:54	cansarigol	2019-05-01 13:39:02	205	204	1	False	True
11277	jdufresne	2019-04-24 13:02:29	jdufresne	2019-04-24 13:10:28	29	26	3	False	True
11276	jdufresne	2019-04-24 12:35:05	jdufresne	2019-04-24 11:30:34	116	57	59	True	True
11275	felixxm	2019-04-24 11:00:44	felixxm	2019-04-24 10:58:35	5	4	1	True	True
11275	felixxm	2019-04-24 11:00:44	felixxm	2019-04-24 10:58:49	19	19	0	True	True
11274	jdufresne	2019-04-24 10:53:12	jdufresne	2019-04-24 10:44:13	32	18	14	True	True
11274	jdufresne	2019-04-24 10:53:12	felixxm	2019-11-04 10:57:53	6	3	3	False	True
11270	MyungSeKyo	2019-04-24 02:48:54	MyungSeKyo	2019-04-25 02:28:31	33	28	5	False	True
11267	spookylukey	2019-04-22 07:01:04	spookylukey	2019-04-22 06:31:08	26	13	13	True	True
11265	xmeowmeowx	2019-04-21 12:57:28	xmeowmeowx	2019-05-06 14:42:56	19	16	3	False	True
11264	cansarigol	2019-04-21 10:17:18	cansarigol	2019-04-21 11:46:24	4	2	2	False	True
11264	cansarigol	2019-04-21 10:17:18	cansarigol	2019-04-24 12:22:23	46	20	26	False	True
11264	cansarigol	2019-04-21 10:17:18	cansarigol	2019-04-21 12:40:12	27	22	5	False	True
11264	cansarigol	2019-04-21 10:17:18	cansarigol	2019-06-12 12:35:33	40	24	16	False	True
11264	cansarigol	2019-04-21 10:17:18	cansarigol	2019-06-01 06:59:25	63	50	13	False	True
11264	cansarigol	2019-04-21 10:17:18	cansarigol	2019-04-30 17:01:37	1	1	0	False	True
11264	cansarigol	2019-04-21 10:17:18	cansarigol	2019-04-23 08:33:55	44	40	4	False	True
11264	cansarigol	2019-04-21 10:17:18	cansarigol	2019-04-21 11:26:09	8	3	5	False	True
11264	cansarigol	2019-04-21 10:17:18	cansarigol	2019-04-21 11:13:00	32	27	5	False	True
11264	cansarigol	2019-04-21 10:17:18	cansarigol	2019-04-21 10:07:02	4	3	1	True	True
11264	cansarigol	2019-04-21 10:17:18	cansarigol	2019-04-20 18:01:09	118	102	16	True	True
11264	cansarigol	2019-04-21 10:17:18	cansarigol	2019-04-22 12:17:35	15	14	1	False	True
11264	cansarigol	2019-04-21 10:17:18	cansarigol	2019-04-21 11:41:59	15	15	0	False	True
11263	Jacobkg	2019-04-20 19:21:50	Jacobkg	2019-04-23 16:08:05	24	22	2	False	True
11260	scop	2019-04-20 11:28:41	scop	2019-04-20 11:26:46	16	10	6	True	True
11258	ramiro	2019-04-19 19:21:27	ramiro	2019-04-19 19:15:38	142	100	42	True	True
11255	felixxm	2019-04-19 08:34:05	felixxm	2019-04-19 08:17:39	10	5	5	True	True
11254	charettes	2019-04-19 06:47:52	charettes	2019-04-19 06:39:25	38	34	4	True	True
11249	ksze	2019-04-18 03:34:21	ksze	2019-04-18 02:58:13	7	3	4	True	True
11247	mudetz	2019-04-17 15:09:14	mudetz	2020-05-10 16:25:06	66	57	9	False	True
11245	rixx	2019-04-17 11:39:14	rixx	2019-05-03 17:47:53	43	42	1	False	True
11245	rixx	2019-04-17 11:39:14	rixx	2019-04-17 11:37:56	14	13	1	True	True
11244	matthiask	2019-04-17 06:51:04	matthiask	2019-04-17 06:41:54	34	8	26	True	True
11241	n6g7	2019-04-16 19:54:47	n6g7	2019-04-16 19:45:00	63	61	2	True	True
11239	oleh-mykytyuk	2019-04-16 09:44:54	oleh-mykytiuk	2019-04-16 09:40:22	51	44	7	True	True
11236	rixx	2019-04-15 17:55:48	rixx	2019-04-15 17:51:32	7	7	0	True	True
11235	rixx	2019-04-15 17:23:46	rixx	2019-04-15 17:21:31	4	3	1	True	True
11234	v-do	2019-04-15 11:10:15	v-do	2019-04-15 06:34:13	11	11	0	True	True
11232	sudomann	2019-04-14 23:35:58	sir-sigurd	2019-01-31 14:09:08	2	1	1	True	True
11232	sudomann	2019-04-14 23:35:58	blueyed	2019-02-04 23:30:09	2	1	1	True	True
11232	sudomann	2019-04-14 23:35:58	timgraham	2019-02-04 16:43:20	2	1	1	True	True
11232	sudomann	2019-04-14 23:35:58	timgraham	2019-02-01 20:42:48	345	172	173	True	True
11232	sudomann	2019-04-14 23:35:58	danielroseman	2019-01-31 23:01:53	11	5	6	True	True
11232	sudomann	2019-04-14 23:35:58	asfaltboy	2019-01-21 15:13:42	12	6	6	True	True
11232	sudomann	2019-04-14 23:35:58	blueyed	2019-01-29 14:10:30	4	2	2	True	True
11232	sudomann	2019-04-14 23:35:58	carltongibson	2019-01-22 08:56:48	15	13	2	True	True
11232	sudomann	2019-04-14 23:35:58	rcoup	2019-01-24 18:02:37	5	5	0	True	True
11232	sudomann	2019-04-14 23:35:58	felixxm	2019-01-30 12:06:09	3	2	1	True	True
11232	sudomann	2019-04-14 23:35:58	claudep	2019-01-26 15:44:49	14	13	1	True	True
11232	sudomann	2019-04-14 23:35:58	orf	2019-01-19 00:16:33	11	10	1	True	True
11232	sudomann	2019-04-14 23:35:58	timgraham	2019-02-04 15:36:44	33	11	22	True	True
11232	sudomann	2019-04-14 23:35:58	timgraham	2019-02-05 01:07:49	5	2	3	True	True
11232	sudomann	2019-04-14 23:35:58	timgraham	2019-01-23 15:20:25	4	3	1	True	True
11232	sudomann	2019-04-14 23:35:58	nasirhjafri	2019-01-22 22:49:30	60	47	13	True	True
11232	sudomann	2019-04-14 23:35:58	ngnpope	2019-01-18 22:44:09	11	3	8	True	True
11232	sudomann	2019-04-14 23:35:58	carltongibson	2019-01-17 11:03:31	4	2	2	True	True
11232	sudomann	2019-04-14 23:35:58	timgraham	2019-01-17 23:34:44	2	1	1	True	True
11232	sudomann	2019-04-14 23:35:58	timgraham	2019-01-26 21:34:50	11	11	0	True	True
11232	sudomann	2019-04-14 23:35:58	jdufresne	2019-01-21 14:31:33	7	5	2	True	True
11232	sudomann	2019-04-14 23:35:58	daybarr	2019-01-17 17:31:48	2	1	1	True	True
11232	sudomann	2019-04-14 23:35:58	orf	2019-01-19 23:25:01	2	1	1	True	True
11232	sudomann	2019-04-14 23:35:58	timgraham	2019-01-17 23:40:11	4	2	2	True	True
11232	sudomann	2019-04-14 23:35:58	GeyseR	2019-01-27 22:30:47	2	1	1	True	True
11232	sudomann	2019-04-14 23:35:58	felixxm	2019-01-19 12:31:15	2	1	1	True	True
11232	sudomann	2019-04-14 23:35:58	timgraham	2019-01-28 16:14:45	18	18	0	True	True
11232	sudomann	2019-04-14 23:35:58	tbicr	2019-01-15 21:14:20	56	30	26	True	True
11232	sudomann	2019-04-14 23:35:58	charettes	2019-01-21 14:24:32	9	8	1	True	True
11232	sudomann	2019-04-14 23:35:58	carltongibson	2019-01-17 12:22:00	2	1	1	True	True
11231	ramiro	2019-04-14 15:09:15	ramiro	2019-04-14 15:02:36	96	49	47	True	True
11230	dhepper	2019-04-14 14:41:56	dhepper	2019-04-14 14:02:04	12	6	6	True	True
11229	MarkusH	2019-04-14 13:02:13	MarkusH	2019-04-14 13:00:48	56	28	28	True	True
11228	maerteijn	2019-04-14 12:46:39	maerteijn	2019-04-24 09:46:55	19	18	1	False	True
11227	mrchrisadams	2019-04-14 12:46:02	mrchrisadams	2019-04-14 12:43:39	60	60	0	True	True
11227	mrchrisadams	2019-04-14 12:46:02	mrchrisadams	2019-04-14 13:22:59	36	26	10	False	True
11227	mrchrisadams	2019-04-14 12:46:02	rixx	2019-05-04 14:14:59	16	8	8	False	True
11224	MarkusH	2019-04-13 17:47:20	MarkusH	2019-04-13 17:45:47	35	31	4	True	True
11223	shaib	2019-04-13 17:41:01	felixxm	2019-07-04 08:20:36	189	97	92	False	True
11223	shaib	2019-04-13 17:41:01	shaib	2018-12-31 17:57:35	261	236	25	True	True
11223	shaib	2019-04-13 17:41:01	shaib	2019-05-27 07:02:05	27	26	1	False	True
11223	shaib	2019-04-13 17:41:01	felixxm	2019-07-04 08:10:14	68	35	33	False	True
11222	LilyFoote	2019-04-13 15:38:10	LilyFoote	2019-04-13 13:32:23	217	211	6	True	True
11221	jkhlr	2019-04-13 15:34:50	jkhlr	2019-12-19 07:21:41	6	5	1	False	True
11221	jkhlr	2019-04-13 15:34:50	felixxm	2019-12-13 20:17:55	24	22	2	False	True
11221	jkhlr	2019-04-13 15:34:50	jkhlr	2019-12-18 21:28:22	4	2	2	False	True
11218	EmadMokhtar	2019-04-13 14:17:45	EmadMokhtar	2019-04-13 14:15:05	161	91	70	True	True
11216	n6g7	2019-04-13 13:17:07	n6g7	2019-05-22 08:07:55	19	17	2	False	True
11215	amir-hadi	2019-04-13 13:11:02	amir-hadi	2019-04-13 12:33:05	35	32	3	True	True
11214	apollo13	2019-04-13 13:04:37	apollo13	2019-04-13 13:03:26	11	10	1	True	True
11212	dxvxd	2019-04-13 12:33:02	dxvxd	2019-04-13 12:20:00	17	16	1	True	True
11210	ThomasAllison	2019-04-13 11:58:02	ThomasAllison	2019-04-13 10:54:03	30	18	12	True	True
11209	andrewgodwin	2019-04-13 11:53:33	andrewgodwin	2019-04-12 13:15:18	881	839	42	True	True
11209	andrewgodwin	2019-04-13 11:53:33	felixxm	2019-06-17 14:27:04	100	96	4	False	True
11208	nip3o	2019-04-13 11:20:19	nip3o	2019-05-02 15:25:34	2	1	1	False	True
11208	nip3o	2019-04-13 11:20:19	nip3o	2019-04-13 13:40:14	7	3	4	False	True
11208	nip3o	2019-04-13 11:20:19	nip3o	2019-04-13 13:37:26	2	2	0	False	True
11208	nip3o	2019-04-13 11:20:19	nip3o	2019-04-13 13:24:28	1	1	0	False	True
11208	nip3o	2019-04-13 11:20:19	nip3o	2019-04-13 14:02:41	45	25	20	False	True
11208	nip3o	2019-04-13 11:20:19	priyanshsaxena	2018-02-07 15:08:44	5	3	2	True	True
11208	nip3o	2019-04-13 11:20:19	nip3o	2019-04-13 13:37:10	4	2	2	False	True
11208	nip3o	2019-04-13 11:20:19	priyanshsaxena	2018-02-06 21:58:52	165	162	3	True	True
11208	nip3o	2019-04-13 11:20:19	nip3o	2019-04-13 10:49:41	10	6	4	True	True
11208	nip3o	2019-04-13 11:20:19	nip3o	2019-04-13 11:00:21	32	18	14	True	True
11208	nip3o	2019-04-13 11:20:19	nip3o	2019-04-13 09:34:19	4	2	2	True	True
11206	sjoerdjob	2019-04-13 10:19:38	sjoerdjob	2019-04-13 10:11:34	10	9	1	True	True
11203	khink	2019-04-13 09:47:16	khink	2019-04-13 09:37:14	14	14	0	True	True
11202	zthxxx	2019-04-13 09:39:54	zthxxx	2019-04-26 04:05:00	11	6	5	False	True
11202	zthxxx	2019-04-13 09:39:54	zthxxx	2019-04-25 03:23:00	10	6	4	False	True
11202	zthxxx	2019-04-13 09:39:54	zthxxx	2019-04-20 16:27:50	6	6	0	False	True
11202	zthxxx	2019-04-13 09:39:54	zthxxx	2019-04-13 12:22:16	4	2	2	False	True
11202	zthxxx	2019-04-13 09:39:54	zthxxx	2019-04-26 04:08:00	2	1	1	False	True
11202	zthxxx	2019-04-13 09:39:54	zthxxx	2019-04-13 11:21:23	2	1	1	False	True
11202	zthxxx	2019-04-13 09:39:54	zthxxx	2019-04-13 09:38:19	19	13	6	True	True
11202	zthxxx	2019-04-13 09:39:54	zthxxx	2019-04-13 09:52:17	19	15	4	False	True
11202	zthxxx	2019-04-13 09:39:54	zthxxx	2019-04-19 03:14:36	12	6	6	False	True
11202	zthxxx	2019-04-13 09:39:54	zthxxx	2019-04-13 10:36:38	6	3	3	False	True
11202	zthxxx	2019-04-13 09:39:54	zthxxx	2019-04-13 09:54:35	1	0	1	False	True
11201	laymonage	2019-04-13 02:24:03	laymonage	2019-04-13 02:17:33	4	3	1	True	True
11199	metteludwig	2019-04-12 19:15:54	metteludwig	2019-04-12 19:29:23	2	1	1	False	True
11199	metteludwig	2019-04-12 19:15:54	LudwigKj	2019-04-13 17:09:21	4	2	2	False	True
11199	metteludwig	2019-04-12 19:15:54	metteludwig	2019-04-12 19:34:33	2	1	1	False	True
11199	metteludwig	2019-04-12 19:15:54	metteludwig	2019-04-12 19:25:16	2	1	1	False	True
11199	metteludwig	2019-04-12 19:15:54	metteludwig	2019-04-12 19:13:40	2	2	0	True	True
11199	metteludwig	2019-04-12 19:15:54	metteludwig	2019-04-12 19:03:41	6	4	2	True	True
11199	metteludwig	2019-04-12 19:15:54	metteludwig	2019-04-12 19:27:09	2	1	1	False	True
11198	pelme	2019-04-12 13:34:10	pelme	2019-04-13 15:14:10	237	110	127	False	True
11198	pelme	2019-04-12 13:34:10	pelme	2019-04-13 17:44:13	8	1	7	False	True
11198	pelme	2019-04-12 13:34:10	pelme	2019-04-13 17:39:51	2	0	2	False	True
11198	pelme	2019-04-12 13:34:10	pelme	2019-04-13 17:38:11	22	17	5	False	True
11198	pelme	2019-04-12 13:34:10	pelme	2019-04-13 17:31:47	20	20	0	False	True
11198	pelme	2019-04-12 13:34:10	pelme	2019-09-03 18:03:01	10	5	5	False	True
11198	pelme	2019-04-12 13:34:10	pelme	2019-04-13 10:30:40	24	12	12	False	True
11198	pelme	2019-04-12 13:34:10	pelme	2019-04-13 09:10:15	57	55	2	False	True
11198	pelme	2019-04-12 13:34:10	pelme	2019-04-13 09:10:00	20	10	10	False	True
11198	pelme	2019-04-12 13:34:10	pelme	2019-04-13 09:12:53	68	34	34	False	True
11198	pelme	2019-04-12 13:34:10	pelme	2019-04-12 13:29:59	168	141	27	True	True
11198	pelme	2019-04-12 13:34:10	pelme	2019-04-13 08:19:50	25	19	6	False	True
11194	rixx	2019-04-10 21:52:03	rixx	2019-04-10 21:48:58	35	30	5	True	True
11189	xmeowmeowx	2019-04-09 07:59:35	xmeowmeowx	2019-05-23 12:18:49	48	42	6	False	True
11187	neighlyd	2019-04-08 18:34:54	neighlyd	2019-04-08 18:17:05	13	12	1	True	True
11186	bcfurtado	2019-04-08 18:02:55	bcfurtado	2019-04-08 17:08:50	2	2	0	True	True
11185	december1981	2019-04-08 10:40:34	december1981	2019-04-06 20:23:52	21	18	3	True	True
11184	carltongibson	2019-04-08 10:22:29	carltongibson	2019-04-15 10:18:08	19	18	1	False	True
11183	shredding	2019-04-08 08:02:51	shredding	2019-04-08 08:01:51	3	2	1	True	True
11181	cansarigol	2019-04-06 13:33:59	cansarigol	2019-04-17 06:24:28	41	36	5	False	True
11180	scottfits	2019-04-06 04:57:53	scottfits	2019-04-06 04:40:46	75	48	27	True	True
11179	apollo13	2019-04-05 15:54:39	apollo13	2019-04-05 15:52:59	13	13	0	True	True
11178	orf	2019-04-05 13:07:55	orf	2019-04-05 13:06:28	4	2	2	True	True
11177	orf	2019-04-05 12:40:59	orf	2019-04-29 08:22:43	10	9	1	False	True
11177	orf	2019-04-05 12:40:59	orf	2019-04-29 08:44:58	109	26	83	False	True
11177	orf	2019-04-05 12:40:59	orf	2019-04-29 08:07:00	29	16	13	False	True
11173	charettes	2019-04-05 04:44:31	charettes	2019-04-05 04:37:58	12	9	3	True	True
11173	charettes	2019-04-05 04:44:31	charettes	2019-04-05 04:40:54	4	2	2	True	True
11172	simone6021	2019-04-04 21:43:27	simone6021	2019-04-06 11:45:22	30	24	6	False	True
11172	simone6021	2019-04-04 21:43:27	simone6021	2019-04-06 11:41:46	2	2	0	False	True
11171	felixxm	2019-04-04 11:45:52	felixxm	2019-04-04 11:42:16	15	14	1	True	True
11170	ngnpope	2019-04-03 23:46:10	ngnpope	2019-04-05 12:45:41	17	15	2	False	True
11170	ngnpope	2019-04-03 23:46:10	ngnpope	2019-04-05 12:38:35	25	22	3	False	True
11169	alasdairnicol	2019-04-03 23:31:55	alasdairnicol	2019-04-03 23:17:25	46	44	2	True	True
11166	akx	2019-04-03 12:25:37	akx	2019-04-04 10:02:47	39	28	11	False	True
11165	Troon	2019-04-03 11:25:53	Troon	2019-04-03 11:22:09	17	17	0	True	True
11162	bsolomon1124	2019-04-02 16:57:10	bsolomon1124	2019-04-02 17:18:24	11	9	2	False	True
11161	felixxm	2019-04-02 10:49:12	felixxm	2019-04-02 09:54:54	8	6	2	True	True
11161	felixxm	2019-04-02 10:49:12	felixxm	2019-04-02 10:44:19	8	7	1	True	True
11158	msg555	2019-04-01 23:42:13	msg	2019-04-01 23:34:11	8	5	3	True	True
11157	pglotov	2019-04-01 17:38:01	Gagaro	2015-06-04 21:10:30	558	471	87	True	True
11157	pglotov	2019-04-01 17:38:01	pglotov	2019-07-21 19:45:18	328	37	291	False	True
11156	alex	2019-04-01 15:25:33	alex	2019-04-01 15:25:29	2	1	1	True	True
11155	bluetech	2019-04-01 10:04:40	bluetech	2019-04-01 09:29:10	69	68	1	True	True
11154	felixxm	2019-04-01 08:38:56	felixxm	2019-04-01 08:32:39	8	6	2	True	True
11153	claudep	2019-04-01 07:54:31	claudep	2019-03-30 10:38:12	1591	1058	533	True	True
