pr_number	author_user_login	pr_created_at	review_user_login	review_created_at	filename	create_before_pr	has_issue_comment	has_review_comment	has_commit
13825	hramezani	2020-12-30 21:57:49	felixxm	2020-12-31 07:18:14	tests/migrations/test_loader.py	True	False	False	True
13824	felixxm	2020-12-30 10:22:34	carltongibson	2020-12-30 10:48:06	tests/settings_tests/tests.py	True	True	True	True
13824	felixxm	2020-12-30 10:22:34	carltongibson	2020-12-30 10:48:06	docs/releases/3.1.5.txt	True	True	True	True
13824	felixxm	2020-12-30 10:22:34	carltongibson	2020-12-30 10:48:06	django/conf/__init__.py	True	True	True	True
13822	manav014	2020-12-30 02:26:00	ngnpope	2020-12-30 14:26:31	tests/model_meta/tests.py	True	True	True	True
13822	manav014	2020-12-30 02:26:00	felixxm	2020-12-30 11:16:10	tests/invalid_models_tests/test_relative_fields.py	True	True	True	True
13822	manav014	2020-12-30 02:26:00	felixxm	2020-12-30 11:16:10	django/db/models/fields/related.py	True	True	True	True
13822	manav014	2020-12-30 02:26:00	felixxm	2020-12-30 11:18:36	tests/model_meta/tests.py	True	True	True	True
13822	manav014	2020-12-30 02:26:00	felixxm	2020-12-30 11:18:36	tests/model_meta/results.py	True	True	True	True
13822	manav014	2020-12-30 02:26:00	felixxm	2020-12-30 11:18:36	tests/invalid_models_tests/test_relative_fields.py	True	True	True	True
13822	manav014	2020-12-30 02:26:00	felixxm	2020-12-30 11:18:36	django/db/models/fields/related.py	True	True	True	True
13822	manav014	2020-12-30 02:26:00	ngnpope	2020-12-30 14:26:31	tests/model_meta/results.py	True	True	True	True
13822	manav014	2020-12-30 02:26:00	ngnpope	2020-12-30 08:52:24	django/db/models/fields/related.py	True	True	True	True
13822	manav014	2020-12-30 02:26:00	ngnpope	2020-12-30 14:26:31	tests/invalid_models_tests/test_relative_fields.py	True	True	True	True
13822	manav014	2020-12-30 02:26:00	ngnpope	2020-12-30 14:26:31	django/db/models/fields/related.py	True	True	True	True
13822	manav014	2020-12-30 02:26:00	ngnpope	2020-12-30 14:43:14	tests/model_meta/tests.py	True	True	True	True
13822	manav014	2020-12-30 02:26:00	ngnpope	2020-12-30 14:43:14	tests/model_meta/results.py	True	True	True	True
13822	manav014	2020-12-30 02:26:00	ngnpope	2020-12-30 14:43:14	django/db/models/fields/related.py	True	True	True	True
13822	manav014	2020-12-30 02:26:00	felixxm	2020-12-30 11:16:10	tests/model_meta/results.py	True	True	True	True
13822	manav014	2020-12-30 02:26:00	ngnpope	2020-12-30 14:43:14	tests/invalid_models_tests/test_relative_fields.py	True	True	True	True
13822	manav014	2020-12-30 02:26:00	ngnpope	2020-12-30 08:52:24	tests/invalid_models_tests/test_relative_fields.py	True	True	True	True
13822	manav014	2020-12-30 02:26:00	felixxm	2020-12-30 06:57:26	django/db/models/fields/related.py	True	True	True	True
13822	manav014	2020-12-30 02:26:00	felixxm	2020-12-30 14:53:58	tests/model_meta/tests.py	True	True	True	True
13822	manav014	2020-12-30 02:26:00	felixxm	2020-12-30 14:53:58	tests/model_meta/results.py	True	True	True	True
13822	manav014	2020-12-30 02:26:00	felixxm	2020-12-30 14:53:58	tests/invalid_models_tests/test_relative_fields.py	True	True	True	True
13822	manav014	2020-12-30 02:26:00	felixxm	2020-12-30 14:53:58	django/db/models/fields/related.py	True	True	True	True
13822	manav014	2020-12-30 02:26:00	felixxm	2020-12-30 06:57:26	tests/model_meta/results.py	True	True	True	True
13822	manav014	2020-12-30 02:26:00	felixxm	2020-12-30 06:57:26	tests/invalid_models_tests/test_relative_fields.py	True	True	True	True
13822	manav014	2020-12-30 02:26:00	felixxm	2020-12-30 06:57:26	tests/model_meta/tests.py	True	True	True	True
13822	manav014	2020-12-30 02:26:00	smithdc1	2020-12-30 06:31:44	tests/model_meta/tests.py	True	True	True	True
13822	manav014	2020-12-30 02:26:00	smithdc1	2020-12-30 06:31:44	tests/model_meta/results.py	True	True	True	True
13822	manav014	2020-12-30 02:26:00	smithdc1	2020-12-30 06:31:44	tests/invalid_models_tests/test_relative_fields.py	True	True	True	True
13822	manav014	2020-12-30 02:26:00	smithdc1	2020-12-30 06:31:44	django/db/models/fields/related.py	True	True	True	True
13822	manav014	2020-12-30 02:26:00	ngnpope	2020-12-30 08:52:24	tests/model_meta/tests.py	True	True	True	True
13822	manav014	2020-12-30 02:26:00	ngnpope	2020-12-30 08:52:24	tests/model_meta/results.py	True	True	True	True
13822	manav014	2020-12-30 02:26:00	felixxm	2020-12-30 11:16:10	tests/model_meta/tests.py	True	True	True	True
13821	felixxm	2020-12-29 15:16:10	timgraham	2020-12-29 20:18:48	tests/backends/sqlite/tests.py	True	False	False	True
13821	felixxm	2020-12-29 15:16:10	timgraham	2020-12-29 20:18:48	django/db/backends/sqlite3/base.py	True	False	False	True
13821	felixxm	2020-12-29 15:16:10	timgraham	2020-12-29 20:18:48	docs/ref/contrib/gis/install/index.txt	True	False	False	True
13821	felixxm	2020-12-29 15:16:10	timgraham	2020-12-29 20:18:48	docs/ref/databases.txt	True	False	False	True
13821	felixxm	2020-12-29 15:16:10	timgraham	2020-12-29 20:18:48	docs/ref/models/fields.txt	True	False	False	True
13821	felixxm	2020-12-29 15:16:10	timgraham	2020-12-29 20:18:48	docs/releases/3.2.txt	True	False	False	True
13821	felixxm	2020-12-29 15:16:10	carltongibson	2020-12-30 07:51:00	docs/ref/contrib/gis/install/index.txt	True	False	False	True
13821	felixxm	2020-12-29 15:16:10	carltongibson	2020-12-30 07:51:00	django/db/backends/sqlite3/base.py	True	False	False	True
13821	felixxm	2020-12-29 15:16:10	carltongibson	2020-12-30 07:51:00	docs/ref/models/fields.txt	True	False	False	True
13821	felixxm	2020-12-29 15:16:10	carltongibson	2020-12-30 07:51:00	docs/releases/3.2.txt	True	False	False	True
13821	felixxm	2020-12-29 15:16:10	carltongibson	2020-12-30 07:51:00	tests/backends/sqlite/tests.py	True	False	False	True
13821	felixxm	2020-12-29 15:16:10	carltongibson	2020-12-30 07:51:00	docs/ref/databases.txt	True	False	False	True
13820	wkschwartz	2020-12-28 22:07:57	felixxm	2020-12-29 11:53:27	tests/migrations/test_loader.py	True	False	True	True
13820	wkschwartz	2020-12-28 22:07:57	felixxm	2020-12-29 11:53:27	django/db/migrations/loader.py	True	False	True	True
13820	wkschwartz	2020-12-28 22:07:57	felixxm	2020-12-29 06:04:01	tests/migrations/test_loader.py	True	False	True	True
13820	wkschwartz	2020-12-28 22:07:57	felixxm	2020-12-29 06:04:01	django/db/migrations/loader.py	True	False	True	True
13819	felixxm	2020-12-28 12:09:55	carltongibson	2020-12-29 07:40:57	tests/invalid_models_tests/test_relative_fields.py	True	False	False	True
13819	felixxm	2020-12-28 12:09:55	carltongibson	2020-12-29 07:40:57	docs/ref/checks.txt	True	False	False	True
13819	felixxm	2020-12-28 12:09:55	carltongibson	2020-12-29 07:40:57	django/db/models/fields/related.py	True	False	False	True
13819	felixxm	2020-12-28 12:09:55	carltongibson	2020-12-29 07:40:57	tests/model_inheritance/test_abstract_inheritance.py	True	False	False	True
13818	felixxm	2020-12-28 11:03:46	smithdc1	2020-12-28 13:38:28	django/db/models/manager.py	True	False	True	True
13818	felixxm	2020-12-28 11:03:46	smithdc1	2020-12-28 13:38:28	django/db/models/fields/related.py	True	False	True	True
13818	felixxm	2020-12-28 11:03:46	smithdc1	2020-12-28 13:38:28	django/db/models/fields/__init__.py	True	False	True	True
13818	felixxm	2020-12-28 11:03:46	smithdc1	2020-12-28 13:38:28	django/core/management/commands/loaddata.py	True	False	True	True
13818	felixxm	2020-12-28 11:03:46	smithdc1	2020-12-28 13:38:28	django/contrib/contenttypes/fields.py	True	False	True	True
13818	felixxm	2020-12-28 11:03:46	smithdc1	2020-12-28 13:38:28	django/contrib/contenttypes/admin.py	True	False	True	True
13818	felixxm	2020-12-28 11:03:46	carltongibson	2020-12-29 07:48:22	django/db/models/manager.py	True	False	True	True
13818	felixxm	2020-12-28 11:03:46	carltongibson	2020-12-29 07:48:22	django/db/models/fields/related.py	True	False	True	True
13818	felixxm	2020-12-28 11:03:46	carltongibson	2020-12-29 07:48:22	django/db/models/fields/__init__.py	True	False	True	True
13818	felixxm	2020-12-28 11:03:46	carltongibson	2020-12-29 07:48:22	django/core/management/commands/loaddata.py	True	False	True	True
13818	felixxm	2020-12-28 11:03:46	carltongibson	2020-12-29 07:48:22	django/contrib/contenttypes/fields.py	True	False	True	True
13818	felixxm	2020-12-28 11:03:46	carltongibson	2020-12-29 07:48:22	django/contrib/contenttypes/admin.py	True	False	True	True
13816	hramezani	2020-12-27 20:29:47	felixxm	2021-01-27 09:08:57	django/template/loader_tags.py	True	False	True	True
13816	hramezani	2020-12-27 20:29:47	felixxm	2021-01-27 09:08:57	tests/template_tests/relative_templates/one_var.html	True	False	True	True
13816	hramezani	2020-12-27 20:29:47	felixxm	2021-01-27 09:08:57	tests/template_tests/test_extends_relative.py	True	False	True	True
13816	hramezani	2020-12-27 20:29:47	felixxm	2021-01-27 09:08:57	tests/template_tests/relative_templates/dir1/dir2/inc3.html	True	False	True	True
13815	apollo13	2020-12-27 16:33:19	felixxm	2020-12-28 10:03:18	tests/auth_tests/test_hashers.py	True	False	False	True
13815	apollo13	2020-12-27 16:33:19	felixxm	2020-12-28 10:03:18	django/contrib/auth/hashers.py	True	False	False	True
13815	apollo13	2020-12-27 16:33:19	felixxm	2020-12-28 10:03:18	django/contrib/auth/hashers.py	False	False	False	True
13811	Akshat1Nar	2020-12-26 15:26:39	claudep	2021-01-03 09:36:52	django/core/validators.py	True	True	True	True
13811	Akshat1Nar	2020-12-26 15:26:39	claudep	2021-01-03 09:36:52	tests/validators/valid_urls.txt	True	True	True	True
13811	Akshat1Nar	2020-12-26 15:26:39	claudep	2021-01-03 09:35:25	django/core/validators.py	True	True	True	True
13811	Akshat1Nar	2020-12-26 15:26:39	claudep	2021-01-03 09:35:25	tests/validators/valid_urls.txt	True	True	True	True
13811	Akshat1Nar	2020-12-26 15:26:39	claudep	2021-01-04 07:56:41	tests/validators/valid_urls.txt	True	True	True	True
13811	Akshat1Nar	2020-12-26 15:26:39	claudep	2021-01-04 07:56:41	django/core/validators.py	True	True	True	True
13811	Akshat1Nar	2020-12-26 15:26:39	claudep	2021-01-03 18:18:11	django/core/validators.py	True	True	True	True
13811	Akshat1Nar	2020-12-26 15:26:39	claudep	2021-01-03 09:59:16	django/core/validators.py	True	True	True	True
13811	Akshat1Nar	2020-12-26 15:26:39	claudep	2021-01-03 18:18:11	tests/validators/valid_urls.txt	True	True	True	True
13811	Akshat1Nar	2020-12-26 15:26:39	claudep	2021-01-03 18:34:22	django/core/validators.py	True	True	True	True
13811	Akshat1Nar	2020-12-26 15:26:39	claudep	2021-01-03 18:34:22	tests/validators/valid_urls.txt	True	True	True	True
13811	Akshat1Nar	2020-12-26 15:26:39	claudep	2021-01-03 09:59:16	tests/validators/valid_urls.txt	True	True	True	True
13810	felixxm	2020-12-26 12:31:18	carltongibson	2020-12-29 07:56:03	tests/middleware_exceptions/tests.py	True	False	False	True
13810	felixxm	2020-12-26 12:31:18	carltongibson	2020-12-29 07:56:03	docs/releases/3.1.5.txt	True	False	False	True
13810	felixxm	2020-12-26 12:31:18	carltongibson	2020-12-29 07:56:03	django/core/handlers/base.py	True	False	False	True
13809	hramezani	2020-12-24 15:31:35	chinmoy12c	2020-12-26 19:50:44	docs/releases/4.0.txt	True	True	True	True
13809	hramezani	2020-12-24 15:31:35	chinmoy12c	2020-12-26 19:50:44	django/core/management/commands/runserver.py	True	True	True	True
13809	hramezani	2020-12-24 15:31:35	chinmoy12c	2020-12-26 19:50:44	docs/ref/django-admin.txt	True	True	True	True
13809	hramezani	2020-12-24 15:31:35	chinmoy12c	2020-12-26 19:50:44	tests/admin_scripts/tests.py	True	True	True	True
13809	hramezani	2020-12-24 15:31:35	chinmoy12c	2020-12-26 19:50:44	tests/utils_tests/test_autoreload.py	False	True	True	True
13808	hramezani	2020-12-23 22:44:41	chinmoy12c	2020-12-24 06:05:39	django/db/backends/postgresql/base.py	True	True	True	True
13808	hramezani	2020-12-23 22:44:41	ashishpapanai	2021-01-03 06:02:27	django/db/backends/postgresql/client.py	True	True	True	True
13808	hramezani	2020-12-23 22:44:41	ashishpapanai	2021-01-03 06:02:27	docs/ref/databases.txt	True	True	True	True
13808	hramezani	2020-12-23 22:44:41	ashishpapanai	2021-01-03 06:02:27	docs/releases/4.0.txt	True	True	True	True
13808	hramezani	2020-12-23 22:44:41	ashishpapanai	2021-01-03 06:02:27	tests/backends/postgresql/tests.py	True	True	True	True
13808	hramezani	2020-12-23 22:44:41	ashishpapanai	2021-01-03 06:02:27	tests/dbshell/test_postgresql.py	True	True	True	True
13808	hramezani	2020-12-23 22:44:41	felixxm	2021-01-15 09:46:24	django/db/backends/postgresql/base.py	True	True	True	True
13808	hramezani	2020-12-23 22:44:41	ashishpapanai	2021-01-03 06:02:27	django/db/backends/postgresql/base.py	True	True	True	True
13808	hramezani	2020-12-23 22:44:41	felixxm	2021-01-15 09:46:24	docs/ref/databases.txt	True	True	True	True
13808	hramezani	2020-12-23 22:44:41	felixxm	2021-01-15 09:46:24	docs/releases/4.0.txt	True	True	True	True
13808	hramezani	2020-12-23 22:44:41	felixxm	2021-01-15 09:46:24	tests/backends/postgresql/tests.py	True	True	True	True
13808	hramezani	2020-12-23 22:44:41	felixxm	2021-01-15 09:46:24	tests/dbshell/test_postgresql.py	True	True	True	True
13808	hramezani	2020-12-23 22:44:41	felixxm	2021-01-15 09:46:24	django/db/backends/postgresql/client.py	True	True	True	True
13808	hramezani	2020-12-23 22:44:41	chinmoy12c	2020-12-24 06:05:39	django/db/backends/postgresql/client.py	True	True	True	True
13808	hramezani	2020-12-23 22:44:41	felixxm	2021-01-18 05:50:51	django/db/backends/postgresql/client.py	True	True	True	True
13808	hramezani	2020-12-23 22:44:41	chinmoy12c	2020-12-24 06:05:39	docs/ref/databases.txt	True	True	True	True
13808	hramezani	2020-12-23 22:44:41	felixxm	2021-01-18 05:50:51	tests/dbshell/test_postgresql.py	True	True	True	True
13808	hramezani	2020-12-23 22:44:41	felixxm	2021-01-18 05:50:51	docs/releases/4.0.txt	True	True	True	True
13808	hramezani	2020-12-23 22:44:41	felixxm	2021-01-18 05:50:51	docs/ref/databases.txt	True	True	True	True
13808	hramezani	2020-12-23 22:44:41	felixxm	2021-01-18 05:50:51	tests/backends/postgresql/tests.py	True	True	True	True
13808	hramezani	2020-12-23 22:44:41	felixxm	2021-01-18 05:50:51	django/db/backends/postgresql/base.py	True	True	True	True
13808	hramezani	2020-12-23 22:44:41	chinmoy12c	2020-12-24 06:05:39	tests/dbshell/test_postgresql.py	True	True	True	True
13808	hramezani	2020-12-23 22:44:41	chinmoy12c	2020-12-24 06:05:39	tests/backends/postgresql/tests.py	True	True	True	True
13808	hramezani	2020-12-23 22:44:41	chinmoy12c	2020-12-24 06:05:39	docs/releases/4.0.txt	True	True	True	True
13807	chinmoy12c	2020-12-23 21:09:32	felixxm	2020-12-26 15:36:37	tests/backends/tests.py	False	True	True	True
13807	chinmoy12c	2020-12-23 21:09:32	felixxm	2020-12-26 15:36:37	tests/backends/models.py	False	True	True	True
13807	chinmoy12c	2020-12-23 21:09:32	felixxm	2020-12-26 15:36:37	django/db/backends/sqlite3/base.py	False	True	True	True
13804	jdufresne	2020-12-23 15:21:54	carltongibson	2020-12-23 16:11:42	docs/ref/contrib/gis/install/index.txt	True	False	False	True
13804	jdufresne	2020-12-23 15:21:54	carltongibson	2020-12-23 16:11:42	docs/internals/contributing/writing-code/coding-style.txt	True	False	False	True
13802	felixxm	2020-12-23 10:15:09	carltongibson	2020-12-23 11:14:13	django/db/backends/mysql/schema.py	True	True	False	True
13802	felixxm	2020-12-23 10:15:09	carltongibson	2020-12-23 11:14:13	django/contrib/gis/db/backends/postgis/schema.py	True	True	False	True
13802	felixxm	2020-12-23 10:15:09	carltongibson	2020-12-23 11:14:13	django/db/backends/base/schema.py	True	True	False	True
13802	felixxm	2020-12-23 10:15:09	carltongibson	2020-12-23 11:14:13	django/db/models/indexes.py	True	True	False	True
13802	felixxm	2020-12-23 10:15:09	carltongibson	2020-12-23 11:14:13	django/db/backends/postgresql/schema.py	True	True	False	True
13800	craigiansmith	2020-12-21 22:34:04	felixxm	2021-01-07 05:51:01	tests/messages_tests/test_mixins.py	True	True	True	True
13800	craigiansmith	2020-12-21 22:34:04	felixxm	2021-01-07 08:20:08	tests/messages_tests/test_cookie.py	True	True	True	True
13800	craigiansmith	2020-12-21 22:34:04	felixxm	2021-01-07 08:20:08	docs/releases/3.2.txt	True	True	True	True
13800	craigiansmith	2020-12-21 22:34:04	felixxm	2021-01-07 08:20:08	docs/ref/contrib/messages.txt	True	True	True	True
13800	craigiansmith	2020-12-21 22:34:04	felixxm	2021-01-07 08:20:08	docs/internals/deprecation.txt	True	True	True	True
13800	craigiansmith	2020-12-21 22:34:04	felixxm	2021-01-07 08:20:08	django/contrib/messages/storage/cookie.py	True	True	True	True
13800	craigiansmith	2020-12-21 22:34:04	apollo13	2021-01-07 07:06:18	tests/messages_tests/test_mixins.py	True	True	True	True
13800	craigiansmith	2020-12-21 22:34:04	apollo13	2021-01-07 07:06:18	tests/messages_tests/test_fallback.py	True	True	True	True
13800	craigiansmith	2020-12-21 22:34:04	apollo13	2021-01-07 07:06:18	tests/messages_tests/test_cookie.py	True	True	True	True
13800	craigiansmith	2020-12-21 22:34:04	apollo13	2021-01-07 07:06:18	docs/releases/3.2.txt	True	True	True	True
13800	craigiansmith	2020-12-21 22:34:04	apollo13	2021-01-07 07:06:18	docs/ref/contrib/messages.txt	True	True	True	True
13800	craigiansmith	2020-12-21 22:34:04	apollo13	2021-01-07 07:06:18	docs/internals/deprecation.txt	True	True	True	True
13800	craigiansmith	2020-12-21 22:34:04	apollo13	2021-01-07 07:06:18	django/contrib/messages/storage/cookie.py	True	True	True	True
13800	craigiansmith	2020-12-21 22:34:04	felixxm	2021-01-07 08:20:08	tests/messages_tests/test_mixins.py	True	True	True	True
13800	craigiansmith	2020-12-21 22:34:04	felixxm	2021-01-07 05:51:01	tests/messages_tests/test_fallback.py	True	True	True	True
13800	craigiansmith	2020-12-21 22:34:04	apollo13	2021-01-07 06:45:47	django/contrib/messages/storage/cookie.py	True	True	True	True
13800	craigiansmith	2020-12-21 22:34:04	felixxm	2021-01-07 05:51:01	tests/messages_tests/test_cookie.py	True	True	True	True
13800	craigiansmith	2020-12-21 22:34:04	felixxm	2021-01-07 05:51:01	docs/releases/3.2.txt	True	True	True	True
13800	craigiansmith	2020-12-21 22:34:04	felixxm	2021-01-07 05:51:01	docs/ref/contrib/messages.txt	True	True	True	True
13800	craigiansmith	2020-12-21 22:34:04	felixxm	2021-01-07 05:51:01	docs/internals/deprecation.txt	True	True	True	True
13800	craigiansmith	2020-12-21 22:34:04	felixxm	2021-01-07 05:51:01	django/contrib/messages/storage/cookie.py	True	True	True	True
13800	craigiansmith	2020-12-21 22:34:04	apollo13	2021-01-07 06:45:47	tests/messages_tests/test_mixins.py	True	True	True	True
13800	craigiansmith	2020-12-21 22:34:04	apollo13	2021-01-07 06:45:47	tests/messages_tests/test_fallback.py	True	True	True	True
13800	craigiansmith	2020-12-21 22:34:04	apollo13	2021-01-07 06:45:47	tests/messages_tests/test_cookie.py	True	True	True	True
13800	craigiansmith	2020-12-21 22:34:04	apollo13	2021-01-07 06:45:47	docs/releases/3.2.txt	True	True	True	True
13800	craigiansmith	2020-12-21 22:34:04	apollo13	2021-01-07 06:45:47	docs/ref/contrib/messages.txt	True	True	True	True
13800	craigiansmith	2020-12-21 22:34:04	apollo13	2021-01-07 06:45:47	docs/internals/deprecation.txt	True	True	True	True
13800	craigiansmith	2020-12-21 22:34:04	felixxm	2021-01-07 08:20:08	tests/messages_tests/test_fallback.py	True	True	True	True
13800	craigiansmith	2020-12-21 22:34:04	apollo13	2020-12-27 10:52:14	docs/ref/contrib/messages.txt	True	True	True	True
13800	craigiansmith	2020-12-21 22:34:04	apollo13	2020-12-27 10:52:41	django/contrib/messages/storage/cookie.py	True	True	True	True
13800	craigiansmith	2020-12-21 22:34:04	apollo13	2020-12-27 10:52:14	django/contrib/messages/storage/cookie.py	True	True	True	True
13800	craigiansmith	2020-12-21 22:34:04	felixxm	2020-12-22 09:30:43	tests/messages_tests/test_mixins.py	True	True	True	True
13800	craigiansmith	2020-12-21 22:34:04	felixxm	2020-12-22 09:30:43	tests/messages_tests/test_fallback.py	True	True	True	True
13800	craigiansmith	2020-12-21 22:34:04	felixxm	2020-12-22 09:30:43	tests/messages_tests/test_cookie.py	True	True	True	True
13800	craigiansmith	2020-12-21 22:34:04	felixxm	2020-12-22 09:30:43	docs/releases/3.2.txt	True	True	True	True
13800	craigiansmith	2020-12-21 22:34:04	felixxm	2020-12-22 09:30:43	docs/ref/contrib/messages.txt	True	True	True	True
13800	craigiansmith	2020-12-21 22:34:04	felixxm	2020-12-22 09:30:43	docs/internals/deprecation.txt	True	True	True	True
13800	craigiansmith	2020-12-21 22:34:04	felixxm	2020-12-22 09:30:43	django/contrib/messages/storage/cookie.py	True	True	True	True
13800	craigiansmith	2020-12-21 22:34:04	apollo13	2020-12-27 10:52:14	tests/messages_tests/test_mixins.py	True	True	True	True
13800	craigiansmith	2020-12-21 22:34:04	apollo13	2020-12-27 10:52:14	tests/messages_tests/test_fallback.py	True	True	True	True
13800	craigiansmith	2020-12-21 22:34:04	apollo13	2020-12-27 10:52:14	tests/messages_tests/test_cookie.py	True	True	True	True
13800	craigiansmith	2020-12-21 22:34:04	apollo13	2020-12-27 10:52:14	docs/releases/3.2.txt	True	True	True	True
13800	craigiansmith	2020-12-21 22:34:04	apollo13	2020-12-27 10:52:14	docs/internals/deprecation.txt	True	True	True	True
13800	craigiansmith	2020-12-21 22:34:04	apollo13	2020-12-27 10:52:41	docs/internals/deprecation.txt	True	True	True	True
13800	craigiansmith	2020-12-21 22:34:04	felixxm	2020-12-24 12:29:46	tests/messages_tests/test_mixins.py	True	True	True	True
13800	craigiansmith	2020-12-21 22:34:04	apollo13	2020-12-27 10:52:41	tests/messages_tests/test_mixins.py	True	True	True	True
13800	craigiansmith	2020-12-21 22:34:04	felixxm	2020-12-24 12:29:46	tests/messages_tests/test_fallback.py	True	True	True	True
13800	craigiansmith	2020-12-21 22:34:04	apollo13	2020-12-27 10:52:41	docs/ref/contrib/messages.txt	True	True	True	True
13800	craigiansmith	2020-12-21 22:34:04	apollo13	2020-12-27 10:52:41	tests/messages_tests/test_cookie.py	True	True	True	True
13800	craigiansmith	2020-12-21 22:34:04	apollo13	2020-12-27 10:52:41	tests/messages_tests/test_fallback.py	True	True	True	True
13800	craigiansmith	2020-12-21 22:34:04	apollo13	2020-12-27 10:52:41	docs/releases/3.2.txt	True	True	True	True
13800	craigiansmith	2020-12-21 22:34:04	felixxm	2020-12-24 12:29:46	django/contrib/messages/storage/cookie.py	True	True	True	True
13800	craigiansmith	2020-12-21 22:34:04	felixxm	2020-12-24 12:29:46	docs/internals/deprecation.txt	True	True	True	True
13800	craigiansmith	2020-12-21 22:34:04	felixxm	2020-12-24 12:29:46	docs/ref/contrib/messages.txt	True	True	True	True
13800	craigiansmith	2020-12-21 22:34:04	felixxm	2020-12-24 12:29:46	docs/releases/3.2.txt	True	True	True	True
13800	craigiansmith	2020-12-21 22:34:04	felixxm	2020-12-24 12:29:46	tests/messages_tests/test_cookie.py	True	True	True	True
13799	ryowright	2020-12-21 19:38:55	illia-v	2021-03-14 17:35:16	docs/topics/auth/passwords.txt	False	True	True	True
13799	ryowright	2020-12-21 19:38:55	illia-v	2021-01-21 23:01:04	django/contrib/auth/hashers.py	False	True	True	True
13799	ryowright	2020-12-21 19:38:55	illia-v	2021-01-21 23:01:04	docs/releases/4.0.txt	False	True	True	True
13799	ryowright	2020-12-21 19:38:55	illia-v	2021-01-21 23:01:04	docs/topics/auth/passwords.txt	False	True	True	True
13799	ryowright	2020-12-21 19:38:55	illia-v	2021-01-21 23:01:04	tests/auth_tests/test_hashers.py	False	True	True	True
13799	ryowright	2020-12-21 19:38:55	illia-v	2021-03-14 17:35:16	AUTHORS	False	True	True	True
13799	ryowright	2020-12-21 19:38:55	illia-v	2021-03-14 17:35:16	django/conf/global_settings.py	False	True	True	True
13799	ryowright	2020-12-21 19:38:55	illia-v	2021-03-14 17:35:16	django/contrib/auth/hashers.py	False	True	True	True
13799	ryowright	2020-12-21 19:38:55	illia-v	2021-03-14 17:35:16	docs/releases/4.0.txt	False	True	True	True
13799	ryowright	2020-12-21 19:38:55	jacobtylerwalls	2020-12-22 18:29:43	tests/auth_tests/test_hashers.py	False	True	True	True
13799	ryowright	2020-12-21 19:38:55	illia-v	2021-03-14 17:35:16	tests/auth_tests/test_hashers.py	False	True	True	True
13799	ryowright	2020-12-21 19:38:55	jacobtylerwalls	2020-12-22 18:29:43	AUTHORS	False	True	True	True
13799	ryowright	2020-12-21 19:38:55	jacobtylerwalls	2020-12-22 18:29:43	django/conf/global_settings.py	False	True	True	True
13799	ryowright	2020-12-21 19:38:55	jacobtylerwalls	2020-12-22 18:29:43	django/contrib/auth/hashers.py	False	True	True	True
13799	ryowright	2020-12-21 19:38:55	jacobtylerwalls	2020-12-22 18:29:43	docs/topics/auth/passwords.txt	False	True	True	True
13799	ryowright	2020-12-21 19:38:55	illia-v	2021-01-21 23:01:04	AUTHORS	False	True	True	True
13799	ryowright	2020-12-21 19:38:55	jacobtylerwalls	2020-12-25 23:01:36	AUTHORS	False	True	True	True
13799	ryowright	2020-12-21 19:38:55	jacobtylerwalls	2020-12-25 23:01:36	django/conf/global_settings.py	False	True	True	True
13799	ryowright	2020-12-21 19:38:55	illia-v	2021-01-21 23:01:04	django/conf/global_settings.py	False	True	True	True
13799	ryowright	2020-12-21 19:38:55	timgraham	2021-01-03 02:42:09	AUTHORS	False	True	True	True
13799	ryowright	2020-12-21 19:38:55	timgraham	2021-01-03 02:42:09	tests/auth_tests/test_hashers.py	False	True	True	True
13799	ryowright	2020-12-21 19:38:55	illia-v	2021-01-24 19:08:12	django/conf/global_settings.py	False	True	True	True
13799	ryowright	2020-12-21 19:38:55	kerkeslager	2021-03-14 02:52:00	AUTHORS	False	True	True	True
13799	ryowright	2020-12-21 19:38:55	kerkeslager	2021-03-14 02:52:00	django/conf/global_settings.py	False	True	True	True
13799	ryowright	2020-12-21 19:38:55	kerkeslager	2021-03-14 02:52:00	django/contrib/auth/hashers.py	False	True	True	True
13799	ryowright	2020-12-21 19:38:55	kerkeslager	2021-03-14 02:52:00	docs/releases/4.0.txt	False	True	True	True
13799	ryowright	2020-12-21 19:38:55	kerkeslager	2021-03-14 02:52:00	docs/topics/auth/passwords.txt	False	True	True	True
13799	ryowright	2020-12-21 19:38:55	kerkeslager	2021-03-14 02:52:00	tests/auth_tests/test_hashers.py	False	True	True	True
13799	ryowright	2020-12-21 19:38:55	illia-v	2021-01-24 19:08:12	AUTHORS	False	True	True	True
13799	ryowright	2020-12-21 19:38:55	illia-v	2021-01-24 19:08:12	django/contrib/auth/hashers.py	False	True	True	True
13799	ryowright	2020-12-21 19:38:55	timgraham	2021-01-03 02:42:09	docs/topics/auth/passwords.txt	False	True	True	True
13799	ryowright	2020-12-21 19:38:55	illia-v	2021-01-24 19:08:12	docs/releases/4.0.txt	False	True	True	True
13799	ryowright	2020-12-21 19:38:55	illia-v	2021-01-24 19:08:12	docs/topics/auth/passwords.txt	False	True	True	True
13799	ryowright	2020-12-21 19:38:55	illia-v	2021-01-24 19:08:12	tests/auth_tests/test_hashers.py	False	True	True	True
13799	ryowright	2020-12-21 19:38:55	jacobtylerwalls	2020-12-25 23:01:36	docs/releases/4.0.txt	False	True	True	True
13799	ryowright	2020-12-21 19:38:55	timgraham	2021-01-03 02:42:09	django/conf/global_settings.py	False	True	True	True
13799	ryowright	2020-12-21 19:38:55	timgraham	2021-01-03 02:42:09	django/contrib/auth/hashers.py	False	True	True	True
13799	ryowright	2020-12-21 19:38:55	timgraham	2021-01-03 02:42:09	docs/releases/4.0.txt	False	True	True	True
13799	ryowright	2020-12-21 19:38:55	jacobtylerwalls	2020-12-25 23:01:36	django/contrib/auth/hashers.py	False	True	True	True
13799	ryowright	2020-12-21 19:38:55	jacobtylerwalls	2020-12-22 18:29:43	docs/releases/4.0.txt	False	True	True	True
13799	ryowright	2020-12-21 19:38:55	jacobtylerwalls	2020-12-25 23:01:36	docs/topics/auth/passwords.txt	False	True	True	True
13799	ryowright	2020-12-21 19:38:55	felixxm	2021-07-16 08:03:49	tests/auth_tests/test_hashers.py	False	True	True	True
13799	ryowright	2020-12-21 19:38:55	apollo13	2020-12-28 08:16:05	django/conf/global_settings.py	False	True	True	True
13799	ryowright	2020-12-21 19:38:55	apollo13	2020-12-28 08:16:05	django/contrib/auth/hashers.py	False	True	True	True
13799	ryowright	2020-12-21 19:38:55	apollo13	2020-12-28 08:16:05	docs/releases/4.0.txt	False	True	True	True
13799	ryowright	2020-12-21 19:38:55	apollo13	2020-12-28 08:16:05	docs/topics/auth/passwords.txt	False	True	True	True
13799	ryowright	2020-12-21 19:38:55	apollo13	2020-12-28 08:16:05	tests/auth_tests/test_hashers.py	False	True	True	True
13799	ryowright	2020-12-21 19:38:55	felixxm	2021-07-16 08:34:42	AUTHORS	False	True	True	True
13799	ryowright	2020-12-21 19:38:55	felixxm	2021-07-16 08:34:42	django/conf/global_settings.py	False	True	True	True
13799	ryowright	2020-12-21 19:38:55	felixxm	2021-07-16 08:34:42	django/contrib/auth/hashers.py	False	True	True	True
13799	ryowright	2020-12-21 19:38:55	felixxm	2021-07-16 08:34:42	docs/releases/4.0.txt	False	True	True	True
13799	ryowright	2020-12-21 19:38:55	jacobtylerwalls	2020-12-25 23:01:36	tests/auth_tests/test_hashers.py	False	True	True	True
13799	ryowright	2020-12-21 19:38:55	felixxm	2021-07-16 08:34:42	tests/auth_tests/test_hashers.py	False	True	True	True
13799	ryowright	2020-12-21 19:38:55	apollo13	2020-12-27 16:46:26	AUTHORS	False	True	True	True
13799	ryowright	2020-12-21 19:38:55	apollo13	2020-12-27 16:46:26	django/conf/global_settings.py	False	True	True	True
13799	ryowright	2020-12-21 19:38:55	apollo13	2020-12-27 16:46:26	django/contrib/auth/hashers.py	False	True	True	True
13799	ryowright	2020-12-21 19:38:55	apollo13	2020-12-27 16:46:26	docs/releases/4.0.txt	False	True	True	True
13799	ryowright	2020-12-21 19:38:55	apollo13	2020-12-27 16:46:26	docs/topics/auth/passwords.txt	False	True	True	True
13799	ryowright	2020-12-21 19:38:55	apollo13	2020-12-27 16:46:26	tests/auth_tests/test_hashers.py	False	True	True	True
13799	ryowright	2020-12-21 19:38:55	apollo13	2020-12-28 08:16:05	AUTHORS	False	True	True	True
13799	ryowright	2020-12-21 19:38:55	felixxm	2021-07-16 08:34:42	docs/topics/auth/passwords.txt	False	True	True	True
13799	ryowright	2020-12-21 19:38:55	felixxm	2021-07-16 08:03:49	docs/topics/auth/passwords.txt	False	True	True	True
13799	ryowright	2020-12-21 19:38:55	apollo13	2020-12-27 11:03:27	django/conf/global_settings.py	False	True	True	True
13799	ryowright	2020-12-21 19:38:55	felixxm	2021-07-16 08:03:49	docs/releases/4.0.txt	False	True	True	True
13799	ryowright	2020-12-21 19:38:55	jacobtylerwalls	2020-12-26 02:01:00	AUTHORS	False	True	True	True
13799	ryowright	2020-12-21 19:38:55	jacobtylerwalls	2020-12-26 02:01:00	django/conf/global_settings.py	False	True	True	True
13799	ryowright	2020-12-21 19:38:55	jacobtylerwalls	2020-12-26 02:01:00	django/contrib/auth/hashers.py	False	True	True	True
13799	ryowright	2020-12-21 19:38:55	jacobtylerwalls	2020-12-26 02:01:00	docs/releases/4.0.txt	False	True	True	True
13799	ryowright	2020-12-21 19:38:55	jacobtylerwalls	2020-12-26 02:01:00	docs/topics/auth/passwords.txt	False	True	True	True
13799	ryowright	2020-12-21 19:38:55	apollo13	2020-12-27 11:03:27	AUTHORS	False	True	True	True
13799	ryowright	2020-12-21 19:38:55	jacobtylerwalls	2020-12-26 02:01:00	tests/auth_tests/test_hashers.py	False	True	True	True
13799	ryowright	2020-12-21 19:38:55	apollo13	2020-12-27 11:03:27	django/contrib/auth/hashers.py	False	True	True	True
13799	ryowright	2020-12-21 19:38:55	apollo13	2020-12-27 11:03:27	docs/releases/4.0.txt	False	True	True	True
13799	ryowright	2020-12-21 19:38:55	apollo13	2020-12-27 11:03:27	docs/topics/auth/passwords.txt	False	True	True	True
13799	ryowright	2020-12-21 19:38:55	apollo13	2020-12-27 11:03:27	tests/auth_tests/test_hashers.py	False	True	True	True
13799	ryowright	2020-12-21 19:38:55	felixxm	2021-07-16 08:03:49	AUTHORS	False	True	True	True
13799	ryowright	2020-12-21 19:38:55	felixxm	2021-07-16 08:03:49	django/conf/global_settings.py	False	True	True	True
13799	ryowright	2020-12-21 19:38:55	felixxm	2021-07-16 08:03:49	django/contrib/auth/hashers.py	False	True	True	True
13798	adamchainz	2020-12-21 14:44:43	timgraham	2020-12-21 22:16:13	docs/topics/db/queries.txt	True	True	True	True
13798	adamchainz	2020-12-21 14:44:43	timgraham	2020-12-21 22:16:13	docs/ref/models/querysets.txt	True	True	True	True
13797	pauloxnet	2020-12-21 14:29:41	ngnpope	2020-12-23 12:24:43	tests/fixtures/tests.py	False	True	True	True
13797	pauloxnet	2020-12-21 14:29:41	ngnpope	2020-12-23 12:24:43	django/core/management/commands/dumpdata.py	False	True	True	True
13797	pauloxnet	2020-12-21 14:29:41	ngnpope	2020-12-23 12:24:43	docs/ref/django-admin.txt	False	True	True	True
13797	pauloxnet	2020-12-21 14:29:41	ngnpope	2020-12-23 12:24:43	docs/releases/3.2.txt	False	True	True	True
13797	pauloxnet	2020-12-21 14:29:41	felixxm	2020-12-22 09:52:18	tests/fixtures/tests.py	False	True	True	True
13797	pauloxnet	2020-12-21 14:29:41	felixxm	2020-12-22 09:52:18	django/core/management/commands/dumpdata.py	False	True	True	True
13797	pauloxnet	2020-12-21 14:29:41	felixxm	2020-12-22 09:52:18	docs/ref/django-admin.txt	False	True	True	True
13797	pauloxnet	2020-12-21 14:29:41	felixxm	2020-12-22 09:52:18	docs/releases/3.2.txt	False	True	True	True
13797	pauloxnet	2020-12-21 14:29:41	carltongibson	2020-12-23 11:17:38	docs/releases/3.2.txt	False	True	True	True
13797	pauloxnet	2020-12-21 14:29:41	carltongibson	2020-12-23 11:17:38	tests/fixtures/tests.py	False	True	True	True
13797	pauloxnet	2020-12-21 14:29:41	ngnpope	2020-12-22 10:57:53	django/core/management/commands/dumpdata.py	False	True	True	True
13797	pauloxnet	2020-12-21 14:29:41	carltongibson	2020-12-23 11:17:38	docs/ref/django-admin.txt	False	True	True	True
13797	pauloxnet	2020-12-21 14:29:41	carltongibson	2020-12-23 11:17:38	django/core/management/commands/dumpdata.py	False	True	True	True
13797	pauloxnet	2020-12-21 14:29:41	carltongibson	2020-12-23 07:56:16	tests/fixtures/tests.py	False	True	True	True
13797	pauloxnet	2020-12-21 14:29:41	carltongibson	2020-12-23 07:56:16	docs/releases/3.2.txt	False	True	True	True
13797	pauloxnet	2020-12-21 14:29:41	carltongibson	2020-12-23 07:56:16	docs/ref/django-admin.txt	False	True	True	True
13797	pauloxnet	2020-12-21 14:29:41	carltongibson	2020-12-23 07:56:16	django/core/management/commands/dumpdata.py	False	True	True	True
13797	pauloxnet	2020-12-21 14:29:41	ngnpope	2020-12-22 10:57:53	tests/fixtures/tests.py	False	True	True	True
13797	pauloxnet	2020-12-21 14:29:41	ngnpope	2020-12-22 10:57:53	docs/releases/3.2.txt	False	True	True	True
13797	pauloxnet	2020-12-21 14:29:41	ngnpope	2020-12-22 10:57:53	docs/ref/django-admin.txt	False	True	True	True
13797	pauloxnet	2020-12-21 14:29:41	ngnpope	2020-12-21 15:33:53	docs/releases/3.2.txt	False	True	True	True
13797	pauloxnet	2020-12-21 14:29:41	ngnpope	2020-12-21 15:33:53	docs/ref/django-admin.txt	False	True	True	True
13797	pauloxnet	2020-12-21 14:29:41	ngnpope	2020-12-21 15:33:53	django/core/management/commands/dumpdata.py	False	True	True	True
13797	pauloxnet	2020-12-21 14:29:41	ngnpope	2020-12-21 15:33:53	tests/fixtures/tests.py	False	True	True	True
13797	pauloxnet	2020-12-21 14:29:41	ngnpope	2020-12-21 15:32:51	docs/ref/django-admin.txt	False	True	True	True
13797	pauloxnet	2020-12-21 14:29:41	ngnpope	2020-12-21 15:31:02	tests/fixtures/tests.py	False	True	True	True
13797	pauloxnet	2020-12-21 14:29:41	ngnpope	2020-12-21 15:31:02	docs/releases/3.2.txt	False	True	True	True
13797	pauloxnet	2020-12-21 14:29:41	ngnpope	2020-12-21 15:31:02	docs/ref/django-admin.txt	False	True	True	True
13797	pauloxnet	2020-12-21 14:29:41	ngnpope	2020-12-21 15:31:02	django/core/management/commands/dumpdata.py	False	True	True	True
13797	pauloxnet	2020-12-21 14:29:41	felixxm	2020-12-22 09:24:19	tests/fixtures/tests.py	False	True	True	True
13797	pauloxnet	2020-12-21 14:29:41	felixxm	2020-12-22 09:24:19	docs/releases/3.2.txt	False	True	True	True
13797	pauloxnet	2020-12-21 14:29:41	felixxm	2020-12-22 09:24:19	django/core/management/commands/dumpdata.py	False	True	True	True
13797	pauloxnet	2020-12-21 14:29:41	ngnpope	2020-12-21 15:32:51	tests/fixtures/tests.py	False	True	True	True
13797	pauloxnet	2020-12-21 14:29:41	ngnpope	2020-12-21 15:32:51	docs/releases/3.2.txt	False	True	True	True
13797	pauloxnet	2020-12-21 14:29:41	felixxm	2020-12-22 09:24:19	docs/ref/django-admin.txt	False	True	True	True
13797	pauloxnet	2020-12-21 14:29:41	ngnpope	2020-12-21 15:32:51	django/core/management/commands/dumpdata.py	False	True	True	True
13797	pauloxnet	2020-12-21 14:29:41	felixxm	2020-12-22 08:52:19	tests/fixtures/tests.py	False	True	True	True
13797	pauloxnet	2020-12-21 14:29:41	ngnpope	2020-12-21 14:58:36	tests/fixtures/tests.py	False	True	True	True
13797	pauloxnet	2020-12-21 14:29:41	felixxm	2020-12-22 08:52:19	docs/ref/django-admin.txt	False	True	True	True
13797	pauloxnet	2020-12-21 14:29:41	felixxm	2020-12-22 08:52:19	docs/releases/3.2.txt	False	True	True	True
13797	pauloxnet	2020-12-21 14:29:41	felixxm	2020-12-22 08:52:19	django/core/management/commands/dumpdata.py	False	True	True	True
13797	pauloxnet	2020-12-21 14:29:41	ngnpope	2020-12-21 14:58:36	django/core/management/commands/dumpdata.py	False	True	True	True
13797	pauloxnet	2020-12-21 14:29:41	ngnpope	2020-12-21 14:58:36	docs/ref/django-admin.txt	False	True	True	True
13797	pauloxnet	2020-12-21 14:29:41	ngnpope	2020-12-21 14:58:36	docs/releases/3.2.txt	False	True	True	True
13796	hramezani	2020-12-21 13:23:21	felixxm	2020-12-22 06:50:50	django/db/migrations/state.py	False	True	True	True
13796	hramezani	2020-12-21 13:23:21	felixxm	2020-12-22 07:26:33	django/apps/config.py	True	True	True	True
13796	hramezani	2020-12-21 13:23:21	felixxm	2020-12-22 07:26:33	tests/apps/tests.py	True	True	True	True
13796	hramezani	2020-12-21 13:23:21	felixxm	2020-12-22 07:26:33	django/db/migrations/state.py	False	True	True	True
13796	hramezani	2020-12-21 13:23:21	charettes	2020-12-22 06:52:47	django/apps/config.py	True	True	True	True
13796	hramezani	2020-12-21 13:23:21	charettes	2020-12-22 06:52:47	tests/apps/tests.py	True	True	True	True
13796	hramezani	2020-12-21 13:23:21	charettes	2020-12-22 06:52:47	django/db/migrations/state.py	False	True	True	True
13796	hramezani	2020-12-21 13:23:21	felixxm	2020-12-22 06:50:50	django/apps/config.py	True	True	True	True
13796	hramezani	2020-12-21 13:23:21	felixxm	2020-12-22 06:50:50	tests/apps/tests.py	True	True	True	True
13796	hramezani	2020-12-21 13:23:21	chinmoy12c	2020-12-22 06:44:28	django/db/migrations/state.py	False	True	True	True
13796	hramezani	2020-12-21 13:23:21	chinmoy12c	2020-12-22 06:44:28	django/apps/config.py	True	True	True	True
13796	hramezani	2020-12-21 13:23:21	chinmoy12c	2020-12-22 06:44:28	tests/apps/tests.py	True	True	True	True
13796	hramezani	2020-12-21 13:23:21	felixxm	2020-12-22 06:01:07	django/apps/config.py	True	True	True	True
13796	hramezani	2020-12-21 13:23:21	felixxm	2020-12-22 06:01:07	tests/apps/tests.py	True	True	True	True
13796	hramezani	2020-12-21 13:23:21	felixxm	2020-12-22 06:01:07	django/db/migrations/state.py	False	True	True	True
13796	hramezani	2020-12-21 13:23:21	felixxm	2020-12-21 14:04:52	django/apps/config.py	True	True	True	True
13796	hramezani	2020-12-21 13:23:21	felixxm	2020-12-21 14:04:52	tests/apps/tests.py	True	True	True	True
13796	hramezani	2020-12-21 13:23:21	felixxm	2020-12-21 14:04:52	django/db/migrations/state.py	False	True	True	True
13795	jdufresne	2020-12-19 23:38:35	carltongibson	2020-12-20 10:00:19	docs/internals/contributing/writing-code/coding-style.txt	True	False	False	True
13794	hramezani	2020-12-19 20:09:34	claudep	2020-12-20 08:59:03	django/utils/functional.py	True	True	True	True
13794	hramezani	2020-12-19 20:09:34	claudep	2020-12-20 08:59:03	tests/template_tests/filter_tests/test_add.py	True	True	True	True
13794	hramezani	2020-12-19 20:09:34	claudep	2020-12-20 08:59:03	tests/utils_tests/test_functional.py	True	True	True	True
13794	hramezani	2020-12-19 20:09:34	claudep	2020-12-20 08:58:39	django/utils/functional.py	True	True	True	True
13794	hramezani	2020-12-19 20:09:34	claudep	2020-12-20 08:58:39	tests/template_tests/filter_tests/test_add.py	True	True	True	True
13794	hramezani	2020-12-19 20:09:34	claudep	2020-12-20 08:58:39	tests/utils_tests/test_functional.py	True	True	True	True
13793	apollo13	2020-12-19 14:40:11	craigiansmith	2020-12-21 22:36:21	django/core/signing.py	True	True	True	True
13793	apollo13	2020-12-19 14:40:11	craigiansmith	2020-12-20 08:52:54	django/core/signing.py	True	True	True	True
13793	apollo13	2020-12-19 14:40:11	craigiansmith	2020-12-20 08:52:54	django/contrib/messages/storage/cookie.py	True	True	True	True
13793	apollo13	2020-12-19 14:40:11	craigiansmith	2020-12-20 08:52:54	tests/messages_tests/test_cookie.py	True	True	True	True
13793	apollo13	2020-12-19 14:40:11	craigiansmith	2020-12-20 08:52:54	tests/messages_tests/test_fallback.py	True	True	True	True
13793	apollo13	2020-12-19 14:40:11	craigiansmith	2020-12-20 08:52:54	tests/messages_tests/test_mixins.py	True	True	True	True
13793	apollo13	2020-12-19 14:40:11	craigiansmith	2020-12-20 23:10:55	django/core/signing.py	True	True	True	True
13793	apollo13	2020-12-19 14:40:11	craigiansmith	2020-12-20 23:10:55	django/contrib/messages/storage/cookie.py	True	True	True	True
13793	apollo13	2020-12-19 14:40:11	craigiansmith	2020-12-20 23:10:55	tests/messages_tests/test_cookie.py	True	True	True	True
13793	apollo13	2020-12-19 14:40:11	craigiansmith	2020-12-20 23:10:55	tests/messages_tests/test_mixins.py	True	True	True	True
13793	apollo13	2020-12-19 14:40:11	craigiansmith	2020-12-20 23:10:55	tests/messages_tests/test_fallback.py	True	True	True	True
13793	apollo13	2020-12-19 14:40:11	craigiansmith	2020-12-21 22:36:21	django/contrib/messages/storage/cookie.py	True	True	True	True
13793	apollo13	2020-12-19 14:40:11	craigiansmith	2020-12-21 22:36:21	tests/messages_tests/test_cookie.py	True	True	True	True
13793	apollo13	2020-12-19 14:40:11	craigiansmith	2020-12-21 22:36:21	tests/messages_tests/test_fallback.py	True	True	True	True
13793	apollo13	2020-12-19 14:40:11	craigiansmith	2020-12-21 22:36:21	tests/messages_tests/test_mixins.py	True	True	True	True
13793	apollo13	2020-12-19 14:40:11	craigiansmith	2020-12-21 19:40:22	django/core/signing.py	True	True	True	True
13793	apollo13	2020-12-19 14:40:11	craigiansmith	2020-12-21 19:40:22	django/contrib/messages/storage/cookie.py	True	True	True	True
13793	apollo13	2020-12-19 14:40:11	craigiansmith	2020-12-21 19:40:22	tests/messages_tests/test_cookie.py	True	True	True	True
13793	apollo13	2020-12-19 14:40:11	craigiansmith	2020-12-21 19:40:22	tests/messages_tests/test_fallback.py	True	True	True	True
13793	apollo13	2020-12-19 14:40:11	craigiansmith	2020-12-21 19:40:22	tests/messages_tests/test_mixins.py	True	True	True	True
13790	joshuapatel	2020-12-19 04:41:58	A-Trash-Coder	2020-12-19 04:44:25	docs/ref/files/storage.txt	True	False	False	True
13788	felixxm	2020-12-18 08:47:44	carltongibson	2020-12-23 06:45:53	tests/migrations/test_commands.py	True	False	False	True
13788	felixxm	2020-12-18 08:47:44	hramezani	2020-12-18 09:13:29	tests/migrations/test_commands.py	True	False	False	True
13786	hramezani	2020-12-17 21:10:10	InvalidInterrupt	2020-12-18 04:48:48	tests/migrations/test_optimizer.py	True	True	False	True
13786	hramezani	2020-12-17 21:10:10	InvalidInterrupt	2020-12-18 04:48:48	django/db/migrations/operations/models.py	True	True	False	True
13785	parruc	2020-12-17 09:08:27	jacobtylerwalls	2021-03-01 20:49:20	django/contrib/auth/models.py	False	True	True	True
13785	parruc	2020-12-17 09:08:27	jacobtylerwalls	2021-03-01 20:49:20	django/contrib/auth/backends.py	True	True	True	True
13785	parruc	2020-12-17 09:08:27	jacobtylerwalls	2021-03-01 20:49:20	django/contrib/auth/models.py	True	True	True	True
13783	smithdc1	2020-12-16 20:52:12	felixxm	2020-12-17 07:25:19	tests/admin_registration/tests.py	True	False	True	True
13783	smithdc1	2020-12-16 20:52:12	felixxm	2020-12-17 07:25:03	tests/admin_registration/tests.py	True	False	True	True
13780	hramezani	2020-12-15 22:22:56	adamchainz	2020-12-16 03:54:14	docs/spelling_wordlist	True	False	False	True
13780	hramezani	2020-12-15 22:22:56	adamchainz	2020-12-16 03:54:14	docs/ref/contrib/admin/index.txt	True	False	False	True
13779	felixxm	2020-12-15 10:42:16	carltongibson	2020-12-15 10:45:24	docs/ref/forms/widgets.txt	True	False	False	True
13778	carltongibson	2020-12-15 10:28:51	felixxm	2020-12-15 10:48:43	docs/ref/settings.txt	True	False	False	True
13776	felixxm	2020-12-14 19:48:14	carltongibson	2020-12-15 07:50:52	tests/servers/tests.py	True	True	False	True
13774	AlexeyNigin	2020-12-14 06:03:34	felixxm	2020-12-16 09:58:36	tests/prefetch_related/test_prefetch_related_objects.py	True	False	True	True
13774	AlexeyNigin	2020-12-14 06:03:34	felixxm	2020-12-16 09:58:36	django/db/models/query.py	True	False	True	True
13773	hramezani	2020-12-13 21:42:39	InvalidInterrupt	2020-12-14 01:26:12	tests/migrations/test_optimizer.py	True	True	True	True
13773	hramezani	2020-12-13 21:42:39	felixxm	2021-02-19 08:58:47	django/db/migrations/operations/fields.py	True	True	True	True
13773	hramezani	2020-12-13 21:42:39	felixxm	2021-02-19 08:58:47	tests/migrations/test_optimizer.py	True	True	True	True
13773	hramezani	2020-12-13 21:42:39	charettes	2021-02-10 01:33:33	django/db/migrations/operations/fields.py	True	True	True	True
13773	hramezani	2020-12-13 21:42:39	charettes	2021-02-10 01:33:33	tests/migrations/test_optimizer.py	True	True	True	True
13773	hramezani	2020-12-13 21:42:39	InvalidInterrupt	2020-12-14 01:26:12	django/db/migrations/operations/fields.py	True	True	True	True
13773	hramezani	2020-12-13 21:42:39	AlexisMunera98	2020-12-16 01:16:52	django/db/migrations/operations/fields.py	True	True	True	True
13773	hramezani	2020-12-13 21:42:39	charettes	2021-02-19 04:14:03	django/db/migrations/operations/fields.py	True	True	True	True
13773	hramezani	2020-12-13 21:42:39	charettes	2021-02-19 04:14:03	tests/migrations/test_optimizer.py	True	True	True	True
13773	hramezani	2020-12-13 21:42:39	AlexisMunera98	2020-12-16 01:16:52	tests/migrations/test_optimizer.py	True	True	True	True
13773	hramezani	2020-12-13 21:42:39	charettes	2020-12-13 22:13:19	django/db/migrations/operations/fields.py	True	True	True	True
13773	hramezani	2020-12-13 21:42:39	charettes	2020-12-13 22:13:19	tests/migrations/test_optimizer.py	True	True	True	True
13772	guettli	2020-12-13 20:35:34	felixxm	2020-12-14 07:28:53	docs/intro/reusable-apps.txt	True	True	True	True
13771	adamchainz	2020-12-13 17:00:37	carltongibson	2021-05-19 10:02:04	docs/topics/checks.txt	True	True	True	True
13770	adamchainz	2020-12-13 16:59:13	charettes	2020-12-13 22:10:08	django/core/checks/registry.py	True	True	False	True
13770	adamchainz	2020-12-13 16:59:13	charettes	2020-12-13 22:10:08	tests/check_framework/tests.py	True	True	False	True
13770	adamchainz	2020-12-13 16:59:13	charettes	2020-12-13 22:10:08	django/utils/inspect.py	False	True	False	True
13768	ayu023ban	2020-12-12 07:34:48	felixxm	2020-12-15 06:35:19	docs/releases/3.2.txt	True	True	True	True
13768	ayu023ban	2020-12-12 07:34:48	felixxm	2020-12-14 08:27:29	docs/releases/3.2.txt	True	True	True	True
13768	ayu023ban	2020-12-12 07:34:48	felixxm	2020-12-14 08:27:29	django/dispatch/dispatcher.py	True	True	True	True
13768	ayu023ban	2020-12-12 07:34:48	felixxm	2020-12-14 08:27:29	tests/dispatch/tests.py	True	True	True	True
13768	ayu023ban	2020-12-12 07:34:48	felixxm	2020-12-15 06:44:29	tests/dispatch/tests.py	True	True	True	True
13768	ayu023ban	2020-12-12 07:34:48	felixxm	2020-12-15 06:44:29	docs/releases/3.2.txt	True	True	True	True
13768	ayu023ban	2020-12-12 07:34:48	felixxm	2020-12-15 06:44:29	django/dispatch/dispatcher.py	True	True	True	True
13768	ayu023ban	2020-12-12 07:34:48	felixxm	2020-12-15 06:35:19	tests/dispatch/tests.py	True	True	True	True
13768	ayu023ban	2020-12-12 07:34:48	felixxm	2020-12-15 10:00:54	tests/dispatch/tests.py	True	True	True	True
13768	ayu023ban	2020-12-12 07:34:48	felixxm	2020-12-15 06:35:19	django/dispatch/dispatcher.py	True	True	True	True
13768	ayu023ban	2020-12-12 07:34:48	adamchainz	2020-12-15 09:39:26	tests/dispatch/tests.py	True	True	True	True
13768	ayu023ban	2020-12-12 07:34:48	adamchainz	2020-12-15 09:39:26	docs/releases/3.2.txt	True	True	True	True
13768	ayu023ban	2020-12-12 07:34:48	adamchainz	2020-12-15 09:39:26	django/dispatch/dispatcher.py	True	True	True	True
13768	ayu023ban	2020-12-12 07:34:48	felixxm	2020-12-15 10:00:54	docs/releases/3.2.txt	True	True	True	True
13768	ayu023ban	2020-12-12 07:34:48	felixxm	2020-12-15 10:00:54	django/dispatch/dispatcher.py	True	True	True	True
13768	ayu023ban	2020-12-12 07:34:48	adamchainz	2020-12-13 19:16:41	docs/releases/3.2.txt	True	True	True	True
13768	ayu023ban	2020-12-12 07:34:48	adamchainz	2020-12-13 19:16:41	django/dispatch/dispatcher.py	True	True	True	True
13768	ayu023ban	2020-12-12 07:34:48	felixxm	2020-12-14 08:29:46	django/dispatch/dispatcher.py	True	True	True	True
13768	ayu023ban	2020-12-12 07:34:48	adamchainz	2020-12-13 19:16:41	tests/dispatch/tests.py	True	True	True	True
13768	ayu023ban	2020-12-12 07:34:48	smithdc1	2020-12-12 07:48:52	docs/releases/3.2.txt	True	True	True	True
13768	ayu023ban	2020-12-12 07:34:48	felixxm	2020-12-14 08:29:46	tests/dispatch/tests.py	True	True	True	True
13768	ayu023ban	2020-12-12 07:34:48	felixxm	2020-12-14 08:29:46	docs/releases/3.2.txt	True	True	True	True
13768	ayu023ban	2020-12-12 07:34:48	Arwiim	2020-12-13 08:33:48	django/dispatch/dispatcher.py	True	True	True	True
13768	ayu023ban	2020-12-12 07:34:48	adamchainz	2020-12-13 21:19:45	docs/releases/3.2.txt	True	True	True	True
13768	ayu023ban	2020-12-12 07:34:48	adamchainz	2020-12-13 21:19:45	django/dispatch/dispatcher.py	True	True	True	True
13768	ayu023ban	2020-12-12 07:34:48	smithdc1	2020-12-12 07:48:52	tests/dispatch/tests.py	True	True	True	True
13768	ayu023ban	2020-12-12 07:34:48	adamchainz	2020-12-13 21:19:45	tests/dispatch/tests.py	True	True	True	True
13768	ayu023ban	2020-12-12 07:34:48	smithdc1	2020-12-12 07:48:52	django/dispatch/dispatcher.py	True	True	True	True
13768	ayu023ban	2020-12-12 07:34:48	smithdc1	2020-12-13 09:16:53	tests/dispatch/tests.py	True	True	True	True
13768	ayu023ban	2020-12-12 07:34:48	smithdc1	2020-12-13 09:16:53	docs/releases/3.2.txt	True	True	True	True
13768	ayu023ban	2020-12-12 07:34:48	smithdc1	2020-12-13 09:16:53	django/dispatch/dispatcher.py	True	True	True	True
13768	ayu023ban	2020-12-12 07:34:48	Arwiim	2020-12-13 08:33:48	tests/dispatch/tests.py	True	True	True	True
13768	ayu023ban	2020-12-12 07:34:48	Arwiim	2020-12-13 08:33:48	docs/releases/3.2.txt	True	True	True	True
13766	abbasidaniyal	2020-12-11 19:37:38	charettes	2020-12-11 19:47:58	tests/check_framework/urls/good_class_based_error_handlers.py	False	True	True	True
13766	abbasidaniyal	2020-12-11 19:37:38	jacobtylerwalls	2020-12-14 23:34:56	tests/check_framework/urls/good_class_based_error_handlers.py	False	True	True	True
13766	abbasidaniyal	2020-12-11 19:37:38	jacobtylerwalls	2020-12-14 23:34:56	django/urls/resolvers.py	True	True	True	True
13766	abbasidaniyal	2020-12-11 19:37:38	jacobtylerwalls	2020-12-14 23:34:56	tests/check_framework/test_urls.py	True	True	True	True
13766	abbasidaniyal	2020-12-11 19:37:38	jacobtylerwalls	2020-12-14 23:34:56	tests/check_framework/urls/bad_class_based_error_handlers.py	True	True	True	True
13766	abbasidaniyal	2020-12-11 19:37:38	jacobtylerwalls	2020-12-14 23:34:56	tests/check_framework/urls/good_class_based_error_handlers.py	True	True	True	True
13766	abbasidaniyal	2020-12-11 19:37:38	jacobtylerwalls	2020-12-14 23:34:56	tests/check_framework/urls/good_function_based_error_handlers.py	True	True	True	True
13766	abbasidaniyal	2020-12-11 19:37:38	jacobtylerwalls	2020-12-14 23:34:56	django/urls/resolvers.py	False	True	True	True
13766	abbasidaniyal	2020-12-11 19:37:38	jacobtylerwalls	2020-12-14 23:34:56	tests/check_framework/test_urls.py	False	True	True	True
13766	abbasidaniyal	2020-12-11 19:37:38	jacobtylerwalls	2020-12-14 23:34:56	tests/check_framework/urls/bad_function_based_error_handlers.py	True	True	True	True
13766	abbasidaniyal	2020-12-11 19:37:38	charettes	2020-12-11 19:47:58	django/urls/resolvers.py	True	True	True	True
13766	abbasidaniyal	2020-12-11 19:37:38	charettes	2020-12-11 19:47:58	tests/check_framework/urls/bad_class_based_error_handlers.py	True	True	True	True
13766	abbasidaniyal	2020-12-11 19:37:38	charettes	2020-12-11 19:47:58	tests/check_framework/urls/bad_function_based_error_handlers.py	True	True	True	True
13766	abbasidaniyal	2020-12-11 19:37:38	charettes	2020-12-11 19:47:58	tests/check_framework/urls/good_class_based_error_handlers.py	True	True	True	True
13766	abbasidaniyal	2020-12-11 19:37:38	charettes	2020-12-11 19:47:58	tests/check_framework/urls/good_function_based_error_handlers.py	True	True	True	True
13766	abbasidaniyal	2020-12-11 19:37:38	charettes	2020-12-11 19:47:58	django/urls/resolvers.py	False	True	True	True
13766	abbasidaniyal	2020-12-11 19:37:38	charettes	2020-12-11 19:47:58	tests/check_framework/test_urls.py	False	True	True	True
13766	abbasidaniyal	2020-12-11 19:37:38	charettes	2020-12-11 19:47:58	tests/check_framework/test_urls.py	True	True	True	True
13765	timgraham	2020-12-11 14:19:14	hramezani	2020-12-11 14:52:33	tests/backends/base/test_creation.py	True	True	False	True
13764	adamchainz	2020-12-11 12:12:51	auvipy	2021-02-03 06:13:27	tests/auth_tests/test_remote_user.py	True	True	True	True
13764	adamchainz	2020-12-11 12:12:51	auvipy	2021-02-03 06:13:27	tests/file_uploads/tests.py	True	True	True	True
13764	adamchainz	2020-12-11 12:12:51	auvipy	2021-02-03 06:13:27	tests/csrf_tests/test_context_processor.py	True	True	True	True
13764	adamchainz	2020-12-11 12:12:51	auvipy	2021-02-03 06:13:27	tests/contenttypes_tests/test_views.py	True	True	True	True
13764	adamchainz	2020-12-11 12:12:51	auvipy	2021-02-03 06:13:27	tests/cache/tests.py	True	True	True	True
13764	adamchainz	2020-12-11 12:12:51	auvipy	2021-02-03 06:13:27	django/views/i18n.py	True	True	True	True
13764	adamchainz	2020-12-11 12:12:51	auvipy	2021-02-03 06:13:27	tests/asgi/urls.py	True	True	True	True
13764	adamchainz	2020-12-11 12:12:51	auvipy	2021-02-03 06:13:27	tests/admin_views/views.py	True	True	True	True
13764	adamchainz	2020-12-11 12:12:51	auvipy	2021-02-03 06:13:27	django/views/static.py	True	True	True	True
13764	adamchainz	2020-12-11 12:12:51	auvipy	2021-02-03 06:13:27	tests/requests/tests.py	True	True	True	True
13764	adamchainz	2020-12-11 12:12:51	auvipy	2021-02-03 06:13:27	django/views/generic/list.py	True	True	True	True
13764	adamchainz	2020-12-11 12:12:51	auvipy	2021-02-03 06:13:27	tests/file_uploads/views.py	True	True	True	True
13764	adamchainz	2020-12-11 12:12:51	auvipy	2021-02-03 06:13:27	tests/logging_tests/views.py	True	True	True	True
13764	adamchainz	2020-12-11 12:12:51	auvipy	2021-02-03 06:13:27	tests/forms_tests/tests/test_forms.py	True	True	True	True
13764	adamchainz	2020-12-11 12:12:51	auvipy	2021-02-03 06:13:27	tests/handlers/tests.py	True	True	True	True
13764	adamchainz	2020-12-11 12:12:51	auvipy	2021-02-03 06:13:27	tests/handlers/views.py	True	True	True	True
13764	adamchainz	2020-12-11 12:12:51	auvipy	2021-02-03 06:13:27	tests/messages_tests/test_cookie.py	True	True	True	True
13764	adamchainz	2020-12-11 12:12:51	auvipy	2021-02-03 06:13:27	tests/messages_tests/urls.py	True	True	True	True
13764	adamchainz	2020-12-11 12:12:51	auvipy	2021-02-03 06:13:27	tests/middleware/tests.py	True	True	True	True
13764	adamchainz	2020-12-11 12:12:51	auvipy	2021-02-03 06:13:27	tests/model_formsets/tests.py	True	True	True	True
13764	adamchainz	2020-12-11 12:12:51	auvipy	2021-02-03 06:13:27	tests/modeladmin/test_actions.py	True	True	True	True
13764	adamchainz	2020-12-11 12:12:51	auvipy	2021-02-03 06:13:27	tests/requests/test_accept_header.py	True	True	True	True
13764	adamchainz	2020-12-11 12:12:51	auvipy	2021-02-03 06:13:27	tests/requests/test_data_upload_settings.py	True	True	True	True
13764	adamchainz	2020-12-11 12:12:51	auvipy	2021-02-03 06:13:27	django/views/generic/dates.py	True	True	True	True
13764	adamchainz	2020-12-11 12:12:51	auvipy	2021-02-03 06:13:27	django/views/generic/edit.py	True	True	True	True
13764	adamchainz	2020-12-11 12:12:51	auvipy	2021-02-03 06:13:27	django/contrib/auth/views.py	True	True	True	True
13764	adamchainz	2020-12-11 12:12:51	auvipy	2021-02-03 06:13:27	django/views/generic/base.py	True	True	True	True
13764	adamchainz	2020-12-11 12:12:51	auvipy	2021-02-03 06:13:27	django/contrib/messages/storage/cookie.py	True	True	True	True
13764	adamchainz	2020-12-11 12:12:51	auvipy	2021-02-03 06:13:27	django/conf/global_settings.py	True	True	True	True
13764	adamchainz	2020-12-11 12:12:51	auvipy	2021-02-03 06:13:27	django/contrib/admin/actions.py	True	True	True	True
13764	adamchainz	2020-12-11 12:12:51	auvipy	2021-02-03 06:13:27	django/contrib/admin/options.py	True	True	True	True
13764	adamchainz	2020-12-11 12:12:51	auvipy	2021-02-03 06:13:27	django/contrib/admin/sites.py	True	True	True	True
13764	adamchainz	2020-12-11 12:12:51	auvipy	2021-02-03 06:13:27	django/contrib/admin/views/autocomplete.py	True	True	True	True
13764	adamchainz	2020-12-11 12:12:51	auvipy	2021-02-03 06:13:27	django/contrib/admin/views/main.py	True	True	True	True
13764	adamchainz	2020-12-11 12:12:51	auvipy	2021-02-03 06:13:27	django/contrib/admindocs/middleware.py	True	True	True	True
13764	adamchainz	2020-12-11 12:12:51	auvipy	2021-02-03 06:13:27	django/contrib/auth/admin.py	True	True	True	True
13764	adamchainz	2020-12-11 12:12:51	auvipy	2021-02-03 06:13:27	django/contrib/auth/middleware.py	True	True	True	True
13764	adamchainz	2020-12-11 12:12:51	auvipy	2021-02-03 06:13:27	tests/sessions_tests/tests.py	True	True	True	True
13764	adamchainz	2020-12-11 12:12:51	auvipy	2021-02-03 06:13:27	django/contrib/messages/api.py	True	True	True	True
13764	adamchainz	2020-12-11 12:12:51	auvipy	2021-02-03 06:13:27	django/contrib/sessions/middleware.py	True	True	True	True
13764	adamchainz	2020-12-11 12:12:51	auvipy	2021-02-03 06:13:27	django/views/decorators/debug.py	True	True	True	True
13764	adamchainz	2020-12-11 12:12:51	auvipy	2021-02-03 06:13:27	django/contrib/sitemaps/views.py	True	True	True	True
13764	adamchainz	2020-12-11 12:12:51	auvipy	2021-02-03 06:13:27	django/core/exceptions.py	True	True	True	True
13764	adamchainz	2020-12-11 12:12:51	auvipy	2021-02-03 06:13:27	django/middleware/cache.py	True	True	True	True
13764	adamchainz	2020-12-11 12:12:51	auvipy	2021-02-03 06:13:27	django/middleware/common.py	True	True	True	True
13764	adamchainz	2020-12-11 12:12:51	auvipy	2021-02-03 06:13:27	django/middleware/csrf.py	True	True	True	True
13764	adamchainz	2020-12-11 12:12:51	auvipy	2021-02-03 06:13:27	django/middleware/gzip.py	True	True	True	True
13764	adamchainz	2020-12-11 12:12:51	auvipy	2021-02-03 06:13:27	django/template/context_processors.py	True	True	True	True
13764	adamchainz	2020-12-11 12:12:51	auvipy	2021-02-03 06:13:27	django/utils/cache.py	True	True	True	True
13764	adamchainz	2020-12-11 12:12:51	auvipy	2021-02-03 06:13:27	django/utils/log.py	True	True	True	True
13764	adamchainz	2020-12-11 12:12:51	auvipy	2021-02-03 06:13:27	django/utils/translation/trans_real.py	True	True	True	True
13764	adamchainz	2020-12-11 12:12:51	auvipy	2021-02-03 06:13:27	django/views/debug.py	True	True	True	True
13764	adamchainz	2020-12-11 12:12:51	auvipy	2021-02-03 06:13:27	tests/servers/views.py	True	True	True	True
13764	adamchainz	2020-12-11 12:12:51	auvipy	2021-02-03 06:13:27	tests/forms_tests/field_tests/test_filefield.py	True	True	True	True
13764	adamchainz	2020-12-11 12:12:51	auvipy	2021-02-03 06:13:27	tests/shortcuts/views.py	True	True	True	True
13764	adamchainz	2020-12-11 12:12:51	auvipy	2021-02-03 06:13:27	docs/ref/unicode.txt	True	True	True	True
13764	adamchainz	2020-12-11 12:12:51	auvipy	2021-02-03 06:13:27	docs/topics/auth/default.txt	True	True	True	True
13764	adamchainz	2020-12-11 12:12:51	auvipy	2021-02-03 06:13:27	docs/topics/class-based-views/mixins.txt	True	True	True	True
13764	adamchainz	2020-12-11 12:12:51	auvipy	2021-02-03 06:13:27	docs/topics/email.txt	True	True	True	True
13764	adamchainz	2020-12-11 12:12:51	auvipy	2021-02-03 06:13:27	docs/topics/forms/formsets.txt	True	True	True	True
13764	adamchainz	2020-12-11 12:12:51	auvipy	2021-02-03 06:13:27	docs/topics/forms/index.txt	True	True	True	True
13764	adamchainz	2020-12-11 12:12:51	auvipy	2021-02-03 06:13:27	docs/topics/forms/modelforms.txt	True	True	True	True
13764	adamchainz	2020-12-11 12:12:51	auvipy	2021-02-03 06:13:27	docs/topics/http/file-uploads.txt	True	True	True	True
13764	adamchainz	2020-12-11 12:12:51	auvipy	2021-02-03 06:13:27	docs/topics/http/middleware.txt	True	True	True	True
13764	adamchainz	2020-12-11 12:12:51	auvipy	2021-02-03 06:13:27	docs/topics/http/sessions.txt	True	True	True	True
13764	adamchainz	2020-12-11 12:12:51	auvipy	2021-02-03 06:13:27	docs/topics/http/urls.txt	True	True	True	True
13764	adamchainz	2020-12-11 12:12:51	auvipy	2021-02-03 06:13:27	docs/topics/i18n/timezones.txt	True	True	True	True
13764	adamchainz	2020-12-11 12:12:51	auvipy	2021-02-03 06:13:27	docs/topics/i18n/translation.txt	True	True	True	True
13764	adamchainz	2020-12-11 12:12:51	auvipy	2021-02-03 06:13:27	docs/topics/pagination.txt	True	True	True	True
13764	adamchainz	2020-12-11 12:12:51	auvipy	2021-02-03 06:13:27	docs/topics/security.txt	True	True	True	True
13764	adamchainz	2020-12-11 12:12:51	auvipy	2021-02-03 06:13:27	docs/topics/testing/tools.txt	True	True	True	True
13764	adamchainz	2020-12-11 12:12:51	auvipy	2021-02-03 06:13:27	django/core/files/uploadhandler.py	True	True	True	True
13764	adamchainz	2020-12-11 12:12:51	auvipy	2021-02-03 06:13:27	django/core/handlers/asgi.py	True	True	True	True
13764	adamchainz	2020-12-11 12:12:51	auvipy	2021-02-03 06:13:27	django/core/handlers/wsgi.py	True	True	True	True
13764	adamchainz	2020-12-11 12:12:51	auvipy	2021-02-03 06:13:27	django/http/multipartparser.py	True	True	True	True
13764	adamchainz	2020-12-11 12:12:51	auvipy	2021-02-03 06:13:27	django/http/request.py	True	True	True	True
13764	adamchainz	2020-12-11 12:12:51	auvipy	2021-02-03 06:13:27	docs/releases/4.0.txt	True	True	True	True
13764	adamchainz	2020-12-11 12:12:51	auvipy	2021-02-03 06:13:27	tests/csrf_tests/tests.py	True	True	True	True
13764	adamchainz	2020-12-11 12:12:51	auvipy	2021-02-03 06:13:27	tests/signed_cookies_tests/tests.py	True	True	True	True
13764	adamchainz	2020-12-11 12:12:51	auvipy	2021-02-03 06:13:27	docs/ref/urlresolvers.txt	True	True	True	True
13764	adamchainz	2020-12-11 12:12:51	auvipy	2021-02-03 06:13:27	docs/topics/class-based-views/intro.txt	True	True	True	True
13764	adamchainz	2020-12-11 12:12:51	auvipy	2021-02-03 06:13:27	docs/ref/templates/api.txt	True	True	True	True
13764	adamchainz	2020-12-11 12:12:51	auvipy	2021-02-03 06:13:27	docs/misc/design-philosophies.txt	True	True	True	True
13764	adamchainz	2020-12-11 12:12:51	auvipy	2021-02-03 06:13:27	tests/sites_tests/tests.py	True	True	True	True
13764	adamchainz	2020-12-11 12:12:51	auvipy	2021-02-03 06:13:27	tests/test_client/tests.py	True	True	True	True
13764	adamchainz	2020-12-11 12:12:51	auvipy	2021-02-03 06:13:27	tests/test_client/views.py	True	True	True	True
13764	adamchainz	2020-12-11 12:12:51	auvipy	2021-02-03 06:13:27	tests/test_client_regress/tests.py	True	True	True	True
13764	adamchainz	2020-12-11 12:12:51	auvipy	2021-02-03 06:13:27	tests/test_client_regress/views.py	True	True	True	True
13764	adamchainz	2020-12-11 12:12:51	auvipy	2021-02-03 06:13:27	tests/view_tests/tests/test_debug.py	True	True	True	True
13764	adamchainz	2020-12-11 12:12:51	auvipy	2021-02-03 06:13:27	tests/view_tests/views.py	True	True	True	True
13764	adamchainz	2020-12-11 12:12:51	auvipy	2021-02-03 06:13:27	docs/howto/auth-remote-user.txt	True	True	True	True
13764	adamchainz	2020-12-11 12:12:51	auvipy	2021-02-03 06:13:27	docs/howto/error-reporting.txt	True	True	True	True
13764	adamchainz	2020-12-11 12:12:51	auvipy	2021-02-03 06:13:27	docs/ref/settings.txt	True	True	True	True
13764	adamchainz	2020-12-11 12:12:51	auvipy	2021-02-03 06:13:27	docs/intro/tutorial04.txt	True	True	True	True
13764	adamchainz	2020-12-11 12:12:51	auvipy	2021-02-03 06:13:27	docs/intro/tutorial01.txt	True	True	True	True
13764	adamchainz	2020-12-11 12:12:51	auvipy	2021-02-03 06:13:27	docs/ref/class-based-views/mixins-date-based.txt	True	True	True	True
13764	adamchainz	2020-12-11 12:12:51	auvipy	2021-02-03 06:13:27	docs/ref/files/uploads.txt	True	True	True	True
13764	adamchainz	2020-12-11 12:12:51	auvipy	2021-02-03 06:13:27	docs/ref/request-response.txt	True	True	True	True
13764	adamchainz	2020-12-11 12:12:51	auvipy	2021-02-03 06:13:27	docs/ref/class-based-views/mixins-editing.txt	True	True	True	True
13764	adamchainz	2020-12-11 12:12:51	auvipy	2021-02-03 06:13:27	docs/ref/forms/widgets.txt	True	True	True	True
13764	adamchainz	2020-12-11 12:12:51	auvipy	2021-02-03 06:13:27	docs/ref/forms/api.txt	True	True	True	True
13764	adamchainz	2020-12-11 12:12:51	auvipy	2021-02-03 06:13:27	docs/ref/middleware.txt	True	True	True	True
13764	adamchainz	2020-12-11 12:12:51	auvipy	2021-02-03 06:13:27	docs/ref/contrib/auth.txt	True	True	True	True
13764	adamchainz	2020-12-11 12:12:51	auvipy	2021-02-03 06:13:27	docs/ref/contrib/admin/index.txt	True	True	True	True
13764	adamchainz	2020-12-11 12:12:51	auvipy	2021-02-03 06:13:27	docs/ref/contrib/admin/actions.txt	True	True	True	True
13764	adamchainz	2020-12-11 12:12:51	auvipy	2021-02-03 06:13:27	docs/ref/class-based-views/mixins-multiple-object.txt	True	True	True	True
13763	jdufresne	2020-12-11 00:41:10	charettes	2020-12-11 03:00:39	docs/releases/3.2.txt	True	True	True	True
13763	jdufresne	2020-12-11 00:41:10	felixxm	2020-12-18 08:17:52	django/db/models/query.py	True	True	True	True
13763	jdufresne	2020-12-11 00:41:10	felixxm	2020-12-18 08:17:52	docs/ref/models/querysets.txt	True	True	True	True
13763	jdufresne	2020-12-11 00:41:10	felixxm	2020-12-18 08:17:52	docs/releases/3.2.txt	True	True	True	True
13763	jdufresne	2020-12-11 00:41:10	felixxm	2020-12-18 08:17:52	tests/bulk_create/models.py	True	True	True	True
13763	jdufresne	2020-12-11 00:41:10	felixxm	2020-12-18 08:17:52	tests/bulk_create/tests.py	True	True	True	True
13763	jdufresne	2020-12-11 00:41:10	charettes	2020-12-11 03:00:39	django/db/models/query.py	True	True	True	True
13763	jdufresne	2020-12-11 00:41:10	charettes	2020-12-11 03:00:39	docs/ref/models/querysets.txt	True	True	True	True
13763	jdufresne	2020-12-11 00:41:10	charettes	2020-12-13 22:07:34	django/db/models/query.py	True	True	True	True
13763	jdufresne	2020-12-11 00:41:10	charettes	2020-12-11 03:00:39	tests/bulk_create/models.py	True	True	True	True
13763	jdufresne	2020-12-11 00:41:10	charettes	2020-12-13 22:07:34	docs/ref/models/querysets.txt	True	True	True	True
13763	jdufresne	2020-12-11 00:41:10	charettes	2020-12-13 22:07:34	docs/releases/3.2.txt	True	True	True	True
13763	jdufresne	2020-12-11 00:41:10	charettes	2020-12-13 22:07:34	tests/bulk_create/models.py	True	True	True	True
13763	jdufresne	2020-12-11 00:41:10	charettes	2020-12-13 22:07:34	tests/bulk_create/tests.py	True	True	True	True
13763	jdufresne	2020-12-11 00:41:10	charettes	2020-12-11 03:00:39	tests/bulk_create/tests.py	True	True	True	True
13762	kevinmarsh	2020-12-10 19:37:09	charettes	2020-12-10 20:23:30	docs/ref/models/expressions.txt	True	True	False	True
13759	jieter	2020-12-10 12:58:53	ngnpope	2020-12-11 07:38:01	docs/ref/contrib/admin/index.txt	True	True	True	True
13759	jieter	2020-12-10 12:58:53	jacobtylerwalls	2020-12-11 02:17:01	docs/ref/contrib/admin/index.txt	True	True	True	True
13759	jieter	2020-12-10 12:58:53	jacobtylerwalls	2020-12-11 02:17:01	docs/ref/contrib/admin/index.txt	False	True	True	True
13759	jieter	2020-12-10 12:58:53	felixxm	2020-12-11 06:04:26	docs/ref/contrib/admin/index.txt	True	True	True	True
13759	jieter	2020-12-10 12:58:53	felixxm	2020-12-11 06:04:26	docs/ref/contrib/admin/index.txt	False	True	True	True
13759	jieter	2020-12-10 12:58:53	felixxm	2020-12-11 06:08:55	docs/ref/contrib/admin/index.txt	True	True	True	True
13759	jieter	2020-12-10 12:58:53	felixxm	2020-12-11 06:08:55	docs/ref/contrib/admin/index.txt	False	True	True	True
13759	jieter	2020-12-10 12:58:53	ngnpope	2020-12-11 08:39:10	docs/ref/contrib/admin/index.txt	True	True	True	True
13759	jieter	2020-12-10 12:58:53	ngnpope	2020-12-11 07:38:01	docs/ref/contrib/admin/index.txt	False	True	True	True
13759	jieter	2020-12-10 12:58:53	ngnpope	2020-12-11 08:39:10	docs/ref/contrib/admin/index.txt	False	True	True	True
13759	jieter	2020-12-10 12:58:53	felixxm	2020-12-11 07:15:34	docs/ref/contrib/admin/index.txt	True	True	True	True
13759	jieter	2020-12-10 12:58:53	felixxm	2020-12-11 07:15:34	docs/ref/contrib/admin/index.txt	False	True	True	True
13759	jieter	2020-12-10 12:58:53	felixxm	2020-12-11 07:44:36	docs/ref/contrib/admin/index.txt	True	True	True	True
13759	jieter	2020-12-10 12:58:53	felixxm	2020-12-11 07:44:36	docs/ref/contrib/admin/index.txt	False	True	True	True
13758	felixxm	2020-12-09 20:56:03	carltongibson	2020-12-10 17:32:54	tests/test_runner/tests.py	True	False	False	True
13755	rolandgeider	2020-12-08 21:19:44	d3an	2020-12-25 22:32:26	docs/ref/templates/builtins.txt	True	False	False	True
13753	felixxm	2020-12-07 11:46:01	timgraham	2020-12-07 14:29:37	django/core/cache/__init__.py	True	False	True	True
13753	felixxm	2020-12-07 11:46:01	timgraham	2020-12-07 14:09:10	django/core/cache/__init__.py	True	False	True	True
13753	felixxm	2020-12-07 11:46:01	timgraham	2020-12-07 17:31:25	django/core/cache/__init__.py	True	False	True	True
13750	matthiask	2020-12-06 11:01:46	ngnpope	2020-12-06 13:52:00	docs/topics/i18n/translation.txt	True	False	True	True
13750	matthiask	2020-12-06 11:01:46	carltongibson	2020-12-08 11:06:44	docs/topics/i18n/translation.txt	True	False	True	True
13748	jimxie28	2020-12-06 02:02:15	carltongibson	2021-02-03 14:37:51	docs/releases/4.0.txt	False	False	False	True
13748	jimxie28	2020-12-06 02:02:15	carltongibson	2021-02-03 14:37:51	django/contrib/admindocs/views.py	False	False	False	True
13748	jimxie28	2020-12-06 02:02:15	carltongibson	2021-02-03 14:37:51	tests/admin_docs/test_views.py	False	False	False	True
13747	jerinpetergeorge	2020-12-04 18:25:32	felixxm	2020-12-07 06:56:49	tests/auth_tests/test_mixins.py	True	True	True	True
13747	jerinpetergeorge	2020-12-04 18:25:32	felixxm	2020-12-07 06:56:49	django/contrib/auth/mixins.py	True	True	True	True
13747	jerinpetergeorge	2020-12-04 18:25:32	felixxm	2020-12-07 06:56:49	AUTHORS	True	True	True	True
13746	felixxm	2020-12-04 08:40:41	carltongibson	2020-12-04 09:09:00	docs/internals/howto-release-django.txt	True	False	False	True
13745	reergymerej	2020-12-03 13:03:23	carltongibson	2020-12-08 11:18:19	django/http/response.py	True	False	False	True
13744	felixxm	2020-12-03 08:23:13	carltongibson	2020-12-09 14:01:29	docs/ref/settings.txt	True	False	True	True
13744	felixxm	2020-12-03 08:23:13	carltongibson	2020-12-09 14:01:29	django/core/cache/backends/memcached.py	True	False	True	True
13744	felixxm	2020-12-03 08:23:13	carltongibson	2020-12-09 14:01:29	docs/internals/deprecation.txt	True	False	True	True
13744	felixxm	2020-12-03 08:23:13	carltongibson	2020-12-09 14:01:29	tests/runtests.py	True	False	True	True
13744	felixxm	2020-12-03 08:23:13	carltongibson	2020-12-09 14:01:29	docs/releases/3.2.txt	True	False	True	True
13744	felixxm	2020-12-03 08:23:13	carltongibson	2020-12-09 14:01:29	docs/topics/cache.txt	True	False	True	True
13744	felixxm	2020-12-03 08:23:13	carltongibson	2020-12-09 14:01:29	tests/cache/tests.py	True	False	True	True
13744	felixxm	2020-12-03 08:23:13	ngnpope	2020-12-03 10:07:38	tests/runtests.py	True	False	True	True
13744	felixxm	2020-12-03 08:23:13	carltongibson	2020-12-09 14:01:29	django/core/cache/__init__.py	True	False	True	True
13744	felixxm	2020-12-03 08:23:13	ngnpope	2020-12-03 10:07:38	docs/releases/3.2.txt	True	False	True	True
13744	felixxm	2020-12-03 08:23:13	ngnpope	2020-12-03 10:07:38	tests/requirements/py3.txt	True	False	True	True
13744	felixxm	2020-12-03 08:23:13	ngnpope	2020-12-03 10:07:38	tests/cache/tests.py	True	False	True	True
13744	felixxm	2020-12-03 08:23:13	ngnpope	2020-12-03 10:07:38	docs/topics/cache.txt	True	False	True	True
13744	felixxm	2020-12-03 08:23:13	ngnpope	2020-12-03 10:07:38	docs/ref/settings.txt	True	False	True	True
13744	felixxm	2020-12-03 08:23:13	ngnpope	2020-12-03 10:07:38	docs/internals/deprecation.txt	True	False	True	True
13744	felixxm	2020-12-03 08:23:13	ngnpope	2020-12-03 10:07:38	django/core/cache/backends/memcached.py	True	False	True	True
13744	felixxm	2020-12-03 08:23:13	ngnpope	2020-12-03 10:07:38	django/core/cache/__init__.py	True	False	True	True
13744	felixxm	2020-12-03 08:23:13	carltongibson	2020-12-09 14:01:29	tests/requirements/py3.txt	True	False	True	True
13744	felixxm	2020-12-03 08:23:13	ngnpope	2020-12-03 09:42:14	tests/requirements/py3.txt	True	False	True	True
13744	felixxm	2020-12-03 08:23:13	ngnpope	2020-12-03 10:04:23	django/core/cache/__init__.py	True	False	True	True
13744	felixxm	2020-12-03 08:23:13	ngnpope	2020-12-03 09:42:14	django/core/cache/backends/memcached.py	True	False	True	True
13744	felixxm	2020-12-03 08:23:13	ngnpope	2020-12-03 09:42:14	tests/runtests.py	True	False	True	True
13744	felixxm	2020-12-03 08:23:13	ngnpope	2020-12-03 10:04:23	django/core/cache/backends/memcached.py	True	False	True	True
13744	felixxm	2020-12-03 08:23:13	ngnpope	2020-12-03 09:42:14	tests/cache/tests.py	True	False	True	True
13744	felixxm	2020-12-03 08:23:13	ngnpope	2020-12-03 09:42:14	docs/topics/cache.txt	True	False	True	True
13744	felixxm	2020-12-03 08:23:13	ngnpope	2020-12-03 09:42:14	docs/releases/3.2.txt	True	False	True	True
13744	felixxm	2020-12-03 08:23:13	ngnpope	2020-12-03 09:42:14	docs/ref/settings.txt	True	False	True	True
13744	felixxm	2020-12-03 08:23:13	ngnpope	2020-12-03 09:42:14	docs/internals/deprecation.txt	True	False	True	True
13744	felixxm	2020-12-03 08:23:13	ngnpope	2020-12-03 09:42:14	django/core/cache/__init__.py	True	False	True	True
13744	felixxm	2020-12-03 08:23:13	ngnpope	2020-12-03 10:04:23	tests/runtests.py	True	False	True	True
13744	felixxm	2020-12-03 08:23:13	ngnpope	2020-12-03 10:04:23	tests/requirements/py3.txt	True	False	True	True
13744	felixxm	2020-12-03 08:23:13	ngnpope	2020-12-03 10:04:23	tests/cache/tests.py	True	False	True	True
13744	felixxm	2020-12-03 08:23:13	ngnpope	2020-12-03 10:04:23	docs/topics/cache.txt	True	False	True	True
13744	felixxm	2020-12-03 08:23:13	ngnpope	2020-12-03 10:04:23	docs/releases/3.2.txt	True	False	True	True
13744	felixxm	2020-12-03 08:23:13	ngnpope	2020-12-03 10:04:23	docs/ref/settings.txt	True	False	True	True
13744	felixxm	2020-12-03 08:23:13	ngnpope	2020-12-03 10:04:23	docs/internals/deprecation.txt	True	False	True	True
13742	felixxm	2020-12-02 11:00:09	carltongibson	2020-12-03 07:48:50	tests/postgres_tests/models.py	True	False	False	True
13742	felixxm	2020-12-02 11:00:09	carltongibson	2020-12-03 07:48:50	tests/postgres_tests/migrations/0002_create_test_models.py	True	False	False	True
13742	felixxm	2020-12-02 11:00:09	carltongibson	2020-12-03 07:48:50	tests/postgres_tests/test_array.py	True	False	False	True
13741	timoludwig	2020-12-02 10:52:52	felixxm	2020-12-02 20:23:25	django/contrib/auth/forms.py	True	True	True	True
13741	timoludwig	2020-12-02 10:52:52	felixxm	2020-12-03 05:51:13	docs/topics/auth/customizing.txt	True	True	True	True
13741	timoludwig	2020-12-02 10:52:52	felixxm	2020-12-03 05:51:13	docs/releases/3.2.txt	True	True	True	True
13741	timoludwig	2020-12-02 10:52:52	felixxm	2020-12-03 05:51:13	django/contrib/auth/forms.py	True	True	True	True
13741	timoludwig	2020-12-02 10:52:52	felixxm	2020-12-02 20:23:25	tests/auth_tests/test_forms.py	True	True	True	True
13741	timoludwig	2020-12-02 10:52:52	felixxm	2020-12-02 20:23:25	docs/topics/auth/customizing.txt	True	True	True	True
13741	timoludwig	2020-12-02 10:52:52	felixxm	2020-12-02 20:23:25	docs/releases/3.2.txt	True	True	True	True
13741	timoludwig	2020-12-02 10:52:52	felixxm	2020-12-03 05:51:13	tests/auth_tests/test_forms.py	True	True	True	True
13739	imrejonk	2020-12-01 17:48:12	smithdc1	2020-12-01 18:32:18	docs/intro/tutorial07.txt	True	True	True	True
13739	imrejonk	2020-12-01 17:48:12	smithdc1	2020-12-01 18:32:18	docs/intro/tutorial05.txt	True	True	True	True
13739	imrejonk	2020-12-01 17:48:12	felixxm	2020-12-01 19:34:36	docs/intro/tutorial07.txt	True	True	True	True
13739	imrejonk	2020-12-01 17:48:12	felixxm	2020-12-01 19:34:36	docs/intro/tutorial05.txt	True	True	True	True
13738	felixxm	2020-12-01 07:01:36	hannseman	2020-12-01 09:05:38	django/contrib/admin/views/main.py	True	True	False	True
13738	felixxm	2020-12-01 07:01:36	hannseman	2020-12-01 09:05:38	django/db/models/expressions.py	True	True	False	True
13738	felixxm	2020-12-01 07:01:36	hannseman	2020-12-01 09:05:38	docs/ref/models/expressions.txt	True	True	False	True
13738	felixxm	2020-12-01 07:01:36	hannseman	2020-12-01 09:05:38	django/contrib/admin/checks.py	True	True	False	True
13738	felixxm	2020-12-01 07:01:36	hannseman	2020-12-01 09:05:38	django/db/models/sql/compiler.py	True	True	False	True
13738	felixxm	2020-12-01 07:01:36	hannseman	2020-12-01 09:53:04	django/contrib/admin/views/main.py	True	True	False	True
13738	felixxm	2020-12-01 07:01:36	hannseman	2020-12-01 09:53:04	django/contrib/admin/checks.py	True	True	False	True
13738	felixxm	2020-12-01 07:01:36	hannseman	2020-12-01 09:53:04	django/db/models/expressions.py	True	True	False	True
13738	felixxm	2020-12-01 07:01:36	hannseman	2020-12-01 09:53:04	django/db/models/sql/compiler.py	True	True	False	True
13738	felixxm	2020-12-01 07:01:36	hannseman	2020-12-01 09:53:04	docs/ref/models/expressions.txt	True	True	False	True
13736	mdamien	2020-12-01 06:15:10	jacobtylerwalls	2021-06-01 02:19:17	django/db/backends/base/introspection.py	True	True	True	True
13736	mdamien	2020-12-01 06:15:10	jacobtylerwalls	2021-06-01 02:19:17	django/core/management/commands/inspectdb.py	True	True	True	True
13736	mdamien	2020-12-01 06:15:10	jacobtylerwalls	2021-06-01 02:19:17	django/core/management/commands/inspectdb.py	False	True	True	True
