pr_number	author_user_login	pr_created_at	review_user_login	review_created_at	filename	create_before_pr	has_issue_comment	has_review_comment	has_commit
1035	dlo	2013-04-30 20:28:43	timgraham	2013-05-29 13:44:52	django/db/models/fields/related.py	True	True	True	True
1025	bmispelon	2013-04-22 16:36:43	kezabelle	2013-04-26 09:38:58	docs/intro/tutorial04.txt	False	True	True	True
1025	bmispelon	2013-04-22 16:36:43	evildmp	2013-04-26 09:35:26	docs/intro/tutorial05.txt	False	True	True	True
1025	bmispelon	2013-04-22 16:36:43	evildmp	2013-04-26 09:35:26	docs/intro/tutorial04.txt	False	True	True	True
1025	bmispelon	2013-04-22 16:36:43	kezabelle	2013-04-26 09:38:19	docs/intro/tutorial05.txt	False	True	True	True
1025	bmispelon	2013-04-22 16:36:43	kezabelle	2013-04-26 09:38:19	docs/intro/tutorial04.txt	False	True	True	True
1025	bmispelon	2013-04-22 16:36:43	kezabelle	2013-04-26 09:43:01	docs/intro/tutorial05.txt	False	True	True	True
1025	bmispelon	2013-04-22 16:36:43	kezabelle	2013-04-26 09:43:01	docs/intro/tutorial04.txt	False	True	True	True
1025	bmispelon	2013-04-22 16:36:43	kezabelle	2013-04-26 09:38:58	docs/intro/tutorial05.txt	False	True	True	True
1020	unho	2013-04-18 20:06:20	ramiro	2013-05-31 02:27:57	docs/topics/cache.txt	True	True	True	True
1019	loic	2013-04-17 18:54:16	charettes	2013-04-17 20:27:13	tests/model_forms/tests.py	True	True	True	True
1019	loic	2013-04-17 18:54:16	charettes	2013-04-17 20:26:01	django/contrib/admin/options.py	True	True	True	True
1019	loic	2013-04-17 18:54:16	charettes	2013-04-17 20:26:01	django/db/models/base.py	True	True	True	True
1019	loic	2013-04-17 18:54:16	charettes	2013-04-17 20:26:01	django/db/models/fields/__init__.py	True	True	True	True
1019	loic	2013-04-17 18:54:16	charettes	2013-04-17 20:26:01	django/forms/fields.py	True	True	True	True
1019	loic	2013-04-17 18:54:16	charettes	2013-04-17 20:26:01	django/forms/models.py	True	True	True	True
1019	loic	2013-04-17 18:54:16	charettes	2013-04-17 20:26:01	tests/validators/tests.py	True	True	True	True
1019	loic	2013-04-17 18:54:16	charettes	2013-04-17 20:26:01	django/contrib/admin/forms.py	True	True	True	True
1019	loic	2013-04-17 18:54:16	charettes	2013-04-17 20:26:01	docs/releases/1.6.txt	True	True	True	True
1019	loic	2013-04-17 18:54:16	charettes	2013-04-17 20:26:01	django/contrib/auth/forms.py	True	True	True	True
1019	loic	2013-04-17 18:54:16	charettes	2013-04-17 20:26:01	django/utils/ipv6.py	True	True	True	True
1019	loic	2013-04-17 18:54:16	charettes	2013-04-17 20:26:01	django/contrib/flatpages/forms.py	True	True	True	True
1019	loic	2013-04-17 18:54:16	charettes	2013-04-17 20:26:01	django/contrib/formtools/wizard/views.py	True	True	True	True
1019	loic	2013-04-17 18:54:16	charettes	2013-04-17 20:26:01	django/contrib/gis/forms/fields.py	True	True	True	True
1019	loic	2013-04-17 18:54:16	charettes	2013-04-17 20:26:01	django/contrib/sites/models.py	True	True	True	True
1019	loic	2013-04-17 18:54:16	charettes	2013-04-17 20:26:01	django/core/validators.py	True	True	True	True
1019	loic	2013-04-17 18:54:16	charettes	2013-04-17 20:26:01	django/db/models/fields/related.py	True	True	True	True
1019	loic	2013-04-17 18:54:16	charettes	2013-04-17 20:26:01	django/forms/formsets.py	True	True	True	True
1019	loic	2013-04-17 18:54:16	charettes	2013-04-17 20:26:01	django/core/exceptions.py	True	True	True	True
1019	loic	2013-04-17 18:54:16	charettes	2013-04-17 20:27:13	django/core/exceptions.py	True	True	True	True
1019	loic	2013-04-17 18:54:16	charettes	2013-04-17 20:27:13	tests/model_forms/models.py	True	True	True	True
1019	loic	2013-04-17 18:54:16	charettes	2013-04-17 20:27:13	docs/releases/1.6.txt	True	True	True	True
1019	loic	2013-04-17 18:54:16	charettes	2013-04-17 20:26:01	tests/model_forms/tests.py	True	True	True	True
1019	loic	2013-04-17 18:54:16	charettes	2013-04-17 20:27:13	django/db/models/base.py	True	True	True	True
1019	loic	2013-04-17 18:54:16	charettes	2013-04-17 20:27:13	django/db/models/fields/__init__.py	True	True	True	True
1019	loic	2013-04-17 18:54:16	charettes	2013-04-17 20:27:13	django/forms/fields.py	True	True	True	True
1019	loic	2013-04-17 18:54:16	charettes	2013-04-17 20:27:13	django/forms/models.py	True	True	True	True
1019	loic	2013-04-17 18:54:16	charettes	2013-04-17 20:27:13	tests/validators/tests.py	True	True	True	True
1019	loic	2013-04-17 18:54:16	charettes	2013-04-17 20:27:13	django/contrib/admin/forms.py	True	True	True	True
1019	loic	2013-04-17 18:54:16	charettes	2013-04-17 20:27:13	django/contrib/admin/options.py	True	True	True	True
1019	loic	2013-04-17 18:54:16	charettes	2013-04-17 20:27:13	django/contrib/auth/forms.py	True	True	True	True
1019	loic	2013-04-17 18:54:16	charettes	2013-04-17 20:27:13	django/contrib/flatpages/forms.py	True	True	True	True
1019	loic	2013-04-17 18:54:16	charettes	2013-04-17 20:27:13	django/contrib/formtools/wizard/views.py	True	True	True	True
1019	loic	2013-04-17 18:54:16	charettes	2013-04-17 20:27:13	django/contrib/gis/forms/fields.py	True	True	True	True
1019	loic	2013-04-17 18:54:16	charettes	2013-04-17 20:27:13	django/contrib/sites/models.py	True	True	True	True
1019	loic	2013-04-17 18:54:16	charettes	2013-04-17 20:27:13	django/core/validators.py	True	True	True	True
1019	loic	2013-04-17 18:54:16	charettes	2013-04-17 20:27:13	django/db/models/fields/related.py	True	True	True	True
1019	loic	2013-04-17 18:54:16	charettes	2013-04-17 20:27:13	django/forms/formsets.py	True	True	True	True
1019	loic	2013-04-17 18:54:16	charettes	2013-04-17 20:27:13	django/utils/ipv6.py	True	True	True	True
1019	loic	2013-04-17 18:54:16	charettes	2013-04-17 20:26:01	tests/model_forms/models.py	True	True	True	True
1019	loic	2013-04-17 18:54:16	charettes	2013-04-17 20:25:07	django/contrib/flatpages/forms.py	True	True	True	True
1019	loic	2013-04-17 18:54:16	charettes	2013-04-17 20:25:56	django/core/exceptions.py	True	True	True	True
1019	loic	2013-04-17 18:54:16	charettes	2013-04-17 20:25:07	django/core/exceptions.py	True	True	True	True
1019	loic	2013-04-17 18:54:16	charettes	2013-04-17 20:25:07	django/db/models/fields/__init__.py	True	True	True	True
1019	loic	2013-04-17 18:54:16	charettes	2013-04-17 20:25:07	django/forms/fields.py	True	True	True	True
1019	loic	2013-04-17 18:54:16	charettes	2013-04-17 20:25:07	django/forms/models.py	True	True	True	True
1019	loic	2013-04-17 18:54:16	charettes	2013-04-17 20:25:07	tests/validators/tests.py	True	True	True	True
1019	loic	2013-04-17 18:54:16	charettes	2013-04-17 20:25:07	django/contrib/admin/forms.py	True	True	True	True
1019	loic	2013-04-17 18:54:16	charettes	2013-04-17 20:25:07	django/contrib/admin/options.py	True	True	True	True
1019	loic	2013-04-17 18:54:16	charettes	2013-04-17 20:25:07	django/contrib/auth/forms.py	True	True	True	True
1019	loic	2013-04-17 18:54:16	charettes	2013-04-17 20:25:07	django/contrib/formtools/wizard/views.py	True	True	True	True
1019	loic	2013-04-17 18:54:16	charettes	2013-04-17 20:25:07	django/contrib/gis/forms/fields.py	True	True	True	True
1019	loic	2013-04-17 18:54:16	charettes	2013-04-17 20:25:07	django/contrib/sites/models.py	True	True	True	True
1019	loic	2013-04-17 18:54:16	charettes	2013-04-17 20:25:07	django/core/validators.py	True	True	True	True
1019	loic	2013-04-17 18:54:16	charettes	2013-04-17 20:25:07	django/db/models/fields/related.py	True	True	True	True
1019	loic	2013-04-17 18:54:16	charettes	2013-04-17 20:25:07	django/forms/formsets.py	True	True	True	True
1019	loic	2013-04-17 18:54:16	charettes	2013-04-17 20:25:07	django/utils/ipv6.py	True	True	True	True
1019	loic	2013-04-17 18:54:16	charettes	2013-04-17 20:25:07	docs/releases/1.6.txt	True	True	True	True
1019	loic	2013-04-17 18:54:16	charettes	2013-04-17 20:25:56	django/db/models/base.py	True	True	True	True
1019	loic	2013-04-17 18:54:16	charettes	2013-04-17 20:25:07	tests/model_forms/tests.py	True	True	True	True
1019	loic	2013-04-17 18:54:16	charettes	2013-04-17 20:25:07	django/db/models/base.py	True	True	True	True
1019	loic	2013-04-17 18:54:16	charettes	2013-04-17 20:25:07	tests/model_forms/models.py	True	True	True	True
1019	loic	2013-04-17 18:54:16	charettes	2013-04-17 20:25:56	tests/model_forms/tests.py	True	True	True	True
1019	loic	2013-04-17 18:54:16	charettes	2013-04-17 20:25:56	django/contrib/formtools/wizard/views.py	True	True	True	True
1019	loic	2013-04-17 18:54:16	charettes	2013-04-17 20:25:56	django/db/models/fields/__init__.py	True	True	True	True
1019	loic	2013-04-17 18:54:16	charettes	2013-04-17 20:25:56	django/forms/fields.py	True	True	True	True
1019	loic	2013-04-17 18:54:16	charettes	2013-04-17 20:25:56	django/forms/models.py	True	True	True	True
1019	loic	2013-04-17 18:54:16	charettes	2013-04-17 20:25:56	tests/validators/tests.py	True	True	True	True
1019	loic	2013-04-17 18:54:16	charettes	2013-04-17 20:25:56	django/contrib/admin/forms.py	True	True	True	True
1019	loic	2013-04-17 18:54:16	charettes	2013-04-17 20:25:56	django/contrib/auth/forms.py	True	True	True	True
1019	loic	2013-04-17 18:54:16	charettes	2013-04-17 20:25:56	django/contrib/flatpages/forms.py	True	True	True	True
1019	loic	2013-04-17 18:54:16	charettes	2013-04-17 20:25:56	django/contrib/admin/options.py	True	True	True	True
1019	loic	2013-04-17 18:54:16	charettes	2013-04-17 20:25:56	django/contrib/gis/forms/fields.py	True	True	True	True
1019	loic	2013-04-17 18:54:16	charettes	2013-04-17 20:25:56	django/contrib/sites/models.py	True	True	True	True
1019	loic	2013-04-17 18:54:16	charettes	2013-04-17 20:25:56	django/core/validators.py	True	True	True	True
1019	loic	2013-04-17 18:54:16	charettes	2013-04-17 20:25:56	django/db/models/fields/related.py	True	True	True	True
1019	loic	2013-04-17 18:54:16	charettes	2013-04-17 20:25:56	django/forms/formsets.py	True	True	True	True
1019	loic	2013-04-17 18:54:16	charettes	2013-04-17 20:25:56	django/utils/ipv6.py	True	True	True	True
1019	loic	2013-04-17 18:54:16	charettes	2013-04-17 20:25:56	docs/releases/1.6.txt	True	True	True	True
1019	loic	2013-04-17 18:54:16	charettes	2013-04-17 20:25:56	tests/model_forms/models.py	True	True	True	True
1017	bak1an	2013-04-17 15:35:05	bmispelon	2013-04-17 16:55:02	tests/utils_tests/test_datastructures.py	True	True	True	True
1017	bak1an	2013-04-17 15:35:05	bmispelon	2013-04-17 16:55:02	django/utils/datastructures.py	True	True	True	True
1017	bak1an	2013-04-17 15:35:05	bmispelon	2013-04-17 16:56:00	tests/utils_tests/test_datastructures.py	True	True	True	True
1017	bak1an	2013-04-17 15:35:05	bmispelon	2013-04-17 16:56:00	django/utils/datastructures.py	True	True	True	True
1010	bmispelon	2013-04-12 21:32:47	claudep	2013-04-13 10:00:33	tests/forms_tests/tests/test_forms.py	True	True	True	True
1010	bmispelon	2013-04-12 21:32:47	claudep	2013-04-13 10:00:33	django/forms/widgets.py	True	True	True	True
1010	bmispelon	2013-04-12 21:32:47	claudep	2013-04-13 10:00:33	docs/ref/forms/widgets.txt	True	True	True	True
1010	bmispelon	2013-04-12 21:32:47	claudep	2013-04-13 10:00:33	tests/forms_tests/tests/test_regressions.py	True	True	True	True
1010	bmispelon	2013-04-12 21:32:47	claudep	2013-04-13 10:00:33	tests/forms_tests/tests/test_widgets.py	True	True	True	True
1000	bmispelon	2013-04-07 16:42:42	jezdez	2013-04-07 16:56:28	tests/model_forms/tests.py	True	False	True	True
1000	bmispelon	2013-04-07 16:42:42	jezdez	2013-04-07 16:56:28	django/forms/models.py	True	False	True	True
1000	bmispelon	2013-04-07 16:42:42	jezdez	2013-04-07 16:54:15	tests/model_forms/tests.py	True	False	True	True
1000	bmispelon	2013-04-07 16:42:42	jezdez	2013-04-07 16:54:15	django/forms/models.py	True	False	True	True
997	bmispelon	2013-04-06 15:17:37	claudep	2013-04-11 17:30:34	tests/forms_tests/tests/forms.py	True	False	True	True
997	bmispelon	2013-04-06 15:17:37	claudep	2013-04-11 17:30:34	docs/releases/1.5.txt	True	False	True	True
997	bmispelon	2013-04-06 15:17:37	claudep	2013-04-11 17:30:34	django/forms/forms.py	True	False	True	True
995	apollo13	2013-04-05 22:53:11	jezdez	2013-04-23 19:32:33	setup.py	True	True	True	True
995	apollo13	2013-04-05 22:53:11	jezdez	2013-04-23 19:32:33	MANIFEST.in	True	True	True	True
995	apollo13	2013-04-05 22:53:11	jezdez	2013-04-23 19:32:33	django/bin/__init__.py	True	True	True	True
995	apollo13	2013-04-05 22:53:11	jezdez	2013-04-23 19:32:33	docs/internals/howto-release-django.txt	True	True	True	True
995	apollo13	2013-04-05 22:53:11	jezdez	2013-04-23 19:32:33	extras/Makefile	True	True	True	True
995	apollo13	2013-04-05 22:53:11	jezdez	2013-04-23 19:32:33	setup.cfg	True	True	True	True
995	apollo13	2013-04-05 22:53:11	jezdez	2013-04-23 19:31:54	django/bin/__init__.py	True	True	True	True
995	apollo13	2013-04-05 22:53:11	jezdez	2013-04-23 19:31:54	MANIFEST.in	True	True	True	True
995	apollo13	2013-04-05 22:53:11	jezdez	2013-04-23 19:31:54	docs/internals/howto-release-django.txt	True	True	True	True
995	apollo13	2013-04-05 22:53:11	jezdez	2013-04-23 19:31:54	extras/Makefile	True	True	True	True
995	apollo13	2013-04-05 22:53:11	jezdez	2013-04-23 19:31:54	setup.cfg	True	True	True	True
995	apollo13	2013-04-05 22:53:11	jezdez	2013-04-23 19:31:54	setup.py	True	True	True	True
991	brendon-16389	2013-04-04 03:27:39	alex	2013-04-04 03:28:57	django/core/mail/backends/locmem.py	True	False	True	True
991	brendon-16389	2013-04-04 03:27:39	alex	2013-04-04 03:28:57	django/core/mail/backends/dummy.py	True	False	True	True
991	brendon-16389	2013-04-04 03:27:39	alex	2013-04-04 03:28:57	django/core/mail/backends/console.py	True	False	True	True
986	benjiec	2013-04-03 19:10:45	timgraham	2013-05-24 13:17:19	django/contrib/admin/util.py	True	True	True	True
986	benjiec	2013-04-03 19:10:45	timgraham	2013-05-24 13:17:06	tests/admin_views/admin.py	True	True	True	True
986	benjiec	2013-04-03 19:10:45	timgraham	2013-05-24 13:17:06	tests/admin_views/models.py	True	True	True	True
986	benjiec	2013-04-03 19:10:45	timgraham	2013-05-24 13:17:06	tests/admin_views/tests.py	True	True	True	True
986	benjiec	2013-04-03 19:10:45	timgraham	2013-05-24 13:17:06	django/contrib/admin/util.py	True	True	True	True
986	benjiec	2013-04-03 19:10:45	timgraham	2013-05-24 13:17:19	tests/admin_views/admin.py	True	True	True	True
986	benjiec	2013-04-03 19:10:45	timgraham	2013-05-24 13:17:19	tests/admin_views/tests.py	True	True	True	True
986	benjiec	2013-04-03 19:10:45	timgraham	2013-05-24 13:17:19	tests/admin_views/models.py	True	True	True	True
984	apollo13	2013-04-03 10:44:11	jezdez	2013-04-05 10:31:41	django/contrib/auth/tests/test_handlers.py	True	False	True	True
984	apollo13	2013-04-03 10:44:11	jezdez	2013-04-05 10:31:41	tests/inspectdb/tests.py	True	False	True	True
984	apollo13	2013-04-03 10:44:11	jezdez	2013-04-05 10:31:41	docs/topics/db/managers.txt	True	False	True	True
984	apollo13	2013-04-03 10:44:11	jezdez	2013-04-05 10:31:41	django/contrib/auth/tests/__init__.py	True	False	True	True
984	apollo13	2013-04-03 10:44:11	jezdez	2013-04-05 10:31:41	django/contrib/auth/tests/test_auth_backends.py	True	False	True	True
984	apollo13	2013-04-03 10:44:11	jezdez	2013-04-05 10:31:41	django/contrib/auth/tests/test_basic.py	True	False	True	True
984	apollo13	2013-04-03 10:44:11	jezdez	2013-04-05 10:31:41	django/contrib/auth/tests/test_context_processors.py	True	False	True	True
984	apollo13	2013-04-03 10:44:11	jezdez	2013-04-05 10:31:41	django/contrib/auth/tests/test_custom_user.py	True	False	True	True
984	apollo13	2013-04-03 10:44:11	jezdez	2013-04-05 10:31:41	django/contrib/auth/tests/test_decorators.py	True	False	True	True
984	apollo13	2013-04-03 10:44:11	jezdez	2013-04-05 10:31:41	django/contrib/auth/tests/test_forms.py	True	False	True	True
984	apollo13	2013-04-03 10:44:11	jezdez	2013-04-05 10:31:41	django/contrib/auth/tests/test_hashers.py	True	False	True	True
984	apollo13	2013-04-03 10:44:11	jezdez	2013-04-05 10:31:41	tests/utils_tests/html.py	True	False	True	True
984	apollo13	2013-04-03 10:44:11	jezdez	2013-04-05 10:31:41	django/contrib/auth/tests/test_management.py	True	False	True	True
984	apollo13	2013-04-03 10:44:11	jezdez	2013-04-05 10:31:41	django/contrib/auth/tests/test_models.py	True	False	True	True
984	apollo13	2013-04-03 10:44:11	jezdez	2013-04-05 10:31:41	django/contrib/auth/tests/test_remote_user.py	True	False	True	True
984	apollo13	2013-04-03 10:44:11	jezdez	2013-04-05 10:31:41	django/contrib/auth/tests/test_signals.py	True	False	True	True
984	apollo13	2013-04-03 10:44:11	jezdez	2013-04-05 10:31:41	django/contrib/auth/tests/test_tokens.py	True	False	True	True
984	apollo13	2013-04-03 10:44:11	jezdez	2013-04-05 10:31:41	django/contrib/auth/tests/test_views.py	True	False	True	True
984	apollo13	2013-04-03 10:44:11	jezdez	2013-04-05 10:31:41	django/contrib/sitemaps/tests/__init__.py	True	False	True	True
984	apollo13	2013-04-03 10:44:11	jezdez	2013-04-05 10:31:41	django/contrib/sitemaps/tests/test_flatpages.py	True	False	True	True
984	apollo13	2013-04-03 10:44:11	jezdez	2013-04-05 10:31:41	django/db/backends/mysql/introspection.py	True	False	True	True
984	apollo13	2013-04-03 10:44:11	jezdez	2013-04-05 10:31:41	tests/utils_tests/files/strip_tags1.html	True	False	True	True
984	apollo13	2013-04-03 10:44:11	jezdez	2013-04-05 10:31:41	tests/utils_tests/files/strip_tags2.txt	True	False	True	True
984	apollo13	2013-04-03 10:44:11	jezdez	2013-04-05 10:31:41	django/contrib/sitemaps/tests/test_http.py	True	False	True	True
984	apollo13	2013-04-03 10:44:11	jezdez	2013-04-05 10:31:41	django/utils/html.py	True	False	True	True
984	apollo13	2013-04-03 10:44:11	jezdez	2013-04-05 10:31:41	tests/defaultfilters/tests.py	True	False	True	True
984	apollo13	2013-04-03 10:44:11	jezdez	2013-04-05 10:31:41	docs/topics/forms/formsets.txt	True	False	True	True
984	apollo13	2013-04-03 10:44:11	jezdez	2013-04-05 10:31:41	AUTHORS	True	False	True	True
984	apollo13	2013-04-03 10:44:11	jezdez	2013-04-05 10:31:41	django/template/defaultfilters.py	True	False	True	True
984	apollo13	2013-04-03 10:44:11	jezdez	2013-04-05 10:31:41	docs/intro/contributing.txt	True	False	True	True
984	apollo13	2013-04-03 10:44:11	jezdez	2013-04-05 10:31:41	docs/intro/index.txt	True	False	True	True
984	apollo13	2013-04-03 10:44:11	jezdez	2013-04-05 10:31:41	docs/ref/templates/builtins.txt	True	False	True	True
984	apollo13	2013-04-03 10:44:11	jezdez	2013-04-05 10:31:41	django/utils/module_loading.py	True	False	True	True
984	apollo13	2013-04-03 10:44:11	jezdez	2013-04-05 10:31:41	tests/utils_tests/module_loading.py	True	False	True	True
984	apollo13	2013-04-03 10:44:11	jezdez	2013-04-05 10:31:41	django/db/backends/util.py	True	False	True	True
984	apollo13	2013-04-03 10:44:11	jezdez	2013-04-05 10:31:41	tests/backends/tests.py	True	False	True	True
984	apollo13	2013-04-03 10:44:11	jezdez	2013-04-05 10:31:41	docs/ref/contrib/auth.txt	True	False	True	True
984	apollo13	2013-04-03 10:44:11	jezdez	2013-04-05 10:31:41	docs/ref/django-admin.txt	True	False	True	True
984	apollo13	2013-04-03 10:44:11	jezdez	2013-04-05 10:31:41	docs/ref/contrib/formtools/form-wizard.txt	True	False	True	True
984	apollo13	2013-04-03 10:44:11	jezdez	2013-04-05 10:31:41	docs/ref/contrib/staticfiles.txt	True	False	True	True
984	apollo13	2013-04-03 10:44:11	jezdez	2013-04-05 10:31:41	docs/howto/deployment/wsgi/uwsgi.txt	True	False	True	True
984	apollo13	2013-04-03 10:44:11	jezdez	2013-04-05 10:31:41	django/test/testcases.py	True	False	True	True
984	apollo13	2013-04-03 10:44:11	jezdez	2013-04-05 10:31:41	docs/internals/committers.txt	True	False	True	True
984	apollo13	2013-04-03 10:44:11	jezdez	2013-04-05 10:31:41	django/contrib/sitemaps/tests/test_generic.py	True	False	True	True
984	apollo13	2013-04-03 10:44:11	jezdez	2013-04-05 10:31:41	django/contrib/sitemaps/tests/test_https.py	True	False	True	True
984	apollo13	2013-04-03 10:44:11	jezdez	2013-04-05 10:31:41	django/contrib/admindocs/tests/fields.py	True	False	True	True
984	apollo13	2013-04-03 10:44:11	jezdez	2013-04-05 10:31:41	django/contrib/admindocs/tests/__init__.py	True	False	True	True
984	apollo13	2013-04-03 10:44:11	jezdez	2013-04-05 10:31:41	django/contrib/admindocs/tests/test_fields.py	True	False	True	True
984	apollo13	2013-04-03 10:44:11	jezdez	2013-04-05 10:31:41	django/core/management/commands/inspectdb.py	True	False	True	True
984	apollo13	2013-04-03 10:44:11	jezdez	2013-04-05 10:31:41	docs/releases/1.6.txt	True	False	True	True
984	apollo13	2013-04-03 10:44:11	jezdez	2013-04-05 10:31:41	django/db/backends/postgresql_psycopg2/introspection.py	True	False	True	True
984	apollo13	2013-04-03 10:44:11	jezdez	2013-04-05 10:31:41	tests/inspectdb/models.py	True	False	True	True
984	apollo13	2013-04-03 10:44:11	jezdez	2013-04-05 10:31:41	django/core/handlers/wsgi.py	True	False	True	True
984	apollo13	2013-04-03 10:44:11	jezdez	2013-04-05 10:31:41	tests/requests/tests.py	True	False	True	True
984	apollo13	2013-04-03 10:44:11	jezdez	2013-04-05 10:31:41	tests/conditional_processing/models.py	True	False	True	True
984	apollo13	2013-04-03 10:44:11	jezdez	2013-04-05 10:31:41	tests/conditional_processing/tests.py	True	False	True	True
984	apollo13	2013-04-03 10:44:11	jezdez	2013-04-05 10:31:41	tests/conditional_processing/views.py	True	False	True	True
984	apollo13	2013-04-03 10:44:11	jezdez	2013-04-05 10:31:41	tests/forms_tests/tests/__init__.py	True	False	True	True
984	apollo13	2013-04-03 10:44:11	jezdez	2013-04-05 10:31:41	tests/forms_tests/tests/models.py	True	False	True	True
984	apollo13	2013-04-03 10:44:11	jezdez	2013-04-05 10:31:41	tests/forms_tests/tests/tests.py	True	False	True	True
984	apollo13	2013-04-03 10:44:11	jezdez	2013-04-05 10:31:41	tests/test_client/models.py	True	False	True	True
984	apollo13	2013-04-03 10:44:11	jezdez	2013-04-05 10:31:41	tests/test_client/tests.py	True	False	True	True
984	apollo13	2013-04-03 10:44:11	jezdez	2013-04-05 10:31:41	tests/test_client_override/__init__.py	True	False	True	True
984	apollo13	2013-04-03 10:44:11	jezdez	2013-04-05 10:31:41	tests/test_client_override/models.py	True	False	True	True
984	apollo13	2013-04-03 10:44:11	jezdez	2013-04-05 10:31:41	tests/test_client_override/tests.py	True	False	True	True
984	apollo13	2013-04-03 10:44:11	jezdez	2013-04-05 10:31:41	django/db/models/fields/related.py	True	False	True	True
984	apollo13	2013-04-03 10:44:11	jezdez	2013-04-05 10:31:41	django/contrib/messages/tests/__init__.py	True	False	True	True
984	apollo13	2013-04-03 10:44:11	jezdez	2013-04-05 10:31:41	django/contrib/flatpages/tests/test_views.py	True	False	True	True
984	apollo13	2013-04-03 10:44:11	jezdez	2013-04-05 10:31:41	django/contrib/formtools/tests/wizard/namedwizardtests/tests.py	True	False	True	True
984	apollo13	2013-04-03 10:44:11	jezdez	2013-04-05 10:31:41	django/contrib/flatpages/tests/test_templatetags.py	True	False	True	True
984	apollo13	2013-04-03 10:44:11	jezdez	2013-04-05 10:31:41	django/contrib/messages/tests/test_base.py	True	False	True	True
984	apollo13	2013-04-03 10:44:11	jezdez	2013-04-05 10:31:41	django/contrib/messages/tests/test_cookie.py	True	False	True	True
984	apollo13	2013-04-03 10:44:11	jezdez	2013-04-05 10:31:41	django/contrib/messages/tests/test_fallback.py	True	False	True	True
984	apollo13	2013-04-03 10:44:11	jezdez	2013-04-05 10:31:41	django/contrib/messages/tests/test_middleware.py	True	False	True	True
984	apollo13	2013-04-03 10:44:11	jezdez	2013-04-05 10:31:41	django/contrib/messages/tests/test_mixins.py	True	False	True	True
984	apollo13	2013-04-03 10:44:11	jezdez	2013-04-05 10:31:41	django/contrib/messages/tests/test_session.py	True	False	True	True
984	apollo13	2013-04-03 10:44:11	jezdez	2013-04-05 10:31:41	django/contrib/formtools/tests/__init__.py	True	False	True	True
984	apollo13	2013-04-03 10:44:11	jezdez	2013-04-05 10:31:41	django/contrib/formtools/tests/tests.py	True	False	True	True
984	apollo13	2013-04-03 10:44:11	jezdez	2013-04-05 10:31:41	django/contrib/formtools/tests/wizard/__init__.py	True	False	True	True
984	apollo13	2013-04-03 10:44:11	jezdez	2013-04-05 10:31:41	docs/ref/utils.txt	True	False	True	True
984	apollo13	2013-04-03 10:44:11	jezdez	2013-04-05 10:31:41	django/contrib/formtools/tests/wizard/test_cookiestorage.py	True	False	True	True
984	apollo13	2013-04-03 10:44:11	jezdez	2013-04-05 10:31:41	django/contrib/formtools/tests/wizard/test_forms.py	True	False	True	True
984	apollo13	2013-04-03 10:44:11	jezdez	2013-04-05 10:31:41	django/contrib/formtools/tests/wizard/test_loadstorage.py	True	False	True	True
984	apollo13	2013-04-03 10:44:11	jezdez	2013-04-05 10:31:41	django/contrib/formtools/tests/wizard/test_sessionstorage.py	True	False	True	True
984	apollo13	2013-04-03 10:44:11	jezdez	2013-04-05 10:31:41	django/contrib/flatpages/tests/__init__.py	True	False	True	True
984	apollo13	2013-04-03 10:44:11	jezdez	2013-04-05 10:31:41	django/contrib/flatpages/tests/test_csrf.py	True	False	True	True
984	apollo13	2013-04-03 10:44:11	jezdez	2013-04-05 10:31:41	django/contrib/flatpages/tests/test_forms.py	True	False	True	True
984	apollo13	2013-04-03 10:44:11	jezdez	2013-04-05 10:31:41	django/contrib/flatpages/tests/test_middleware.py	True	False	True	True
984	apollo13	2013-04-03 10:44:11	jezdez	2013-04-05 10:31:41	django/contrib/flatpages/tests/test_models.py	True	False	True	True
