pr_number	author_user_login	pr_created_at	review_user_login	review_created_at	filename	create_before_pr	has_issue_comment	has_review_comment	has_commit
13469	knyghty	2020-09-30 12:05:56	carltongibson	2020-10-21 07:35:35	tests/postgres_tests/test_operations.py	True	True	True	True
13469	knyghty	2020-09-30 12:05:56	ngnpope	2020-10-16 06:20:53	tests/postgres_tests/test_operations.py	True	True	True	True
13469	knyghty	2020-09-30 12:05:56	carltongibson	2020-10-21 07:35:35	django/contrib/postgres/operations.py	True	True	True	True
13469	knyghty	2020-09-30 12:05:56	carltongibson	2020-10-21 07:35:35	django/db/backends/postgresql/features.py	True	True	True	True
13469	knyghty	2020-09-30 12:05:56	carltongibson	2020-10-21 07:35:35	docs/ref/contrib/postgres/fields.txt	True	True	True	True
13469	knyghty	2020-09-30 12:05:56	carltongibson	2020-10-21 07:35:35	docs/ref/contrib/postgres/operations.txt	True	True	True	True
13469	knyghty	2020-09-30 12:05:56	carltongibson	2020-10-21 07:35:35	docs/releases/3.2.txt	True	True	True	True
13469	knyghty	2020-09-30 12:05:56	felixxm	2020-10-16 05:05:30	docs/releases/3.2.txt	True	True	True	True
13469	knyghty	2020-09-30 12:05:56	felixxm	2020-10-16 05:05:30	django/contrib/postgres/operations.py	True	True	True	True
13469	knyghty	2020-09-30 12:05:56	felixxm	2020-10-16 05:05:30	django/db/backends/postgresql/features.py	True	True	True	True
13469	knyghty	2020-09-30 12:05:56	felixxm	2020-10-16 05:05:30	docs/ref/contrib/postgres/fields.txt	True	True	True	True
13469	knyghty	2020-09-30 12:05:56	felixxm	2020-10-16 05:05:30	docs/ref/contrib/postgres/operations.txt	True	True	True	True
13469	knyghty	2020-09-30 12:05:56	felixxm	2020-10-16 05:05:30	tests/postgres_tests/test_operations.py	True	True	True	True
13469	knyghty	2020-09-30 12:05:56	felixxm	2020-10-01 07:57:22	django/contrib/postgres/operations.py	True	True	True	True
13469	knyghty	2020-09-30 12:05:56	ngnpope	2020-10-16 06:20:53	docs/ref/contrib/postgres/operations.txt	True	True	True	True
13469	knyghty	2020-09-30 12:05:56	ngnpope	2020-10-16 06:20:53	docs/releases/3.2.txt	True	True	True	True
13469	knyghty	2020-09-30 12:05:56	ngnpope	2020-10-16 06:21:13	django/contrib/postgres/operations.py	True	True	True	True
13469	knyghty	2020-09-30 12:05:56	ngnpope	2020-10-16 06:20:53	docs/ref/contrib/postgres/fields.txt	True	True	True	True
13469	knyghty	2020-09-30 12:05:56	ngnpope	2020-10-16 06:20:53	django/db/backends/postgresql/features.py	True	True	True	True
13469	knyghty	2020-09-30 12:05:56	ngnpope	2020-10-16 06:20:53	django/contrib/postgres/operations.py	True	True	True	True
13469	knyghty	2020-09-30 12:05:56	ngnpope	2020-10-16 06:21:13	tests/postgres_tests/test_operations.py	True	True	True	True
13469	knyghty	2020-09-30 12:05:56	ngnpope	2020-10-16 06:21:13	docs/releases/3.2.txt	True	True	True	True
13469	knyghty	2020-09-30 12:05:56	ngnpope	2020-10-16 06:21:13	docs/ref/contrib/postgres/operations.txt	True	True	True	True
13469	knyghty	2020-09-30 12:05:56	ngnpope	2020-10-16 06:21:13	docs/ref/contrib/postgres/fields.txt	True	True	True	True
13469	knyghty	2020-09-30 12:05:56	ngnpope	2020-10-16 06:21:13	django/db/backends/postgresql/features.py	True	True	True	True
13469	knyghty	2020-09-30 12:05:56	felixxm	2020-10-01 07:57:22	docs/ref/contrib/postgres/fields.txt	True	True	True	True
13469	knyghty	2020-09-30 12:05:56	ngnpope	2020-10-01 09:56:21	tests/postgres_tests/test_operations.py	True	True	True	True
13469	knyghty	2020-09-30 12:05:56	ngnpope	2020-10-01 09:56:21	docs/releases/3.2.txt	True	True	True	True
13469	knyghty	2020-09-30 12:05:56	ngnpope	2020-10-01 09:56:21	docs/ref/contrib/postgres/operations.txt	True	True	True	True
13469	knyghty	2020-09-30 12:05:56	ngnpope	2020-10-01 09:56:21	docs/ref/contrib/postgres/fields.txt	True	True	True	True
13469	knyghty	2020-09-30 12:05:56	ngnpope	2020-10-01 09:56:21	django/db/backends/postgresql/features.py	True	True	True	True
13469	knyghty	2020-09-30 12:05:56	ngnpope	2020-10-01 09:56:21	django/contrib/postgres/operations.py	True	True	True	True
13469	knyghty	2020-09-30 12:05:56	felixxm	2020-10-01 07:57:22	django/db/backends/postgresql/features.py	True	True	True	True
13469	knyghty	2020-09-30 12:05:56	felixxm	2020-10-01 07:57:22	tests/postgres_tests/test_operations.py	True	True	True	True
13469	knyghty	2020-09-30 12:05:56	felixxm	2020-10-01 07:57:22	docs/ref/contrib/postgres/operations.txt	True	True	True	True
13469	knyghty	2020-09-30 12:05:56	ngnpope	2020-10-01 09:37:18	docs/releases/3.2.txt	True	True	True	True
13469	knyghty	2020-09-30 12:05:56	felixxm	2020-10-01 09:46:10	docs/releases/3.2.txt	True	True	True	True
13469	knyghty	2020-09-30 12:05:56	felixxm	2020-10-01 09:46:10	tests/postgres_tests/test_operations.py	True	True	True	True
13469	knyghty	2020-09-30 12:05:56	ngnpope	2020-10-01 09:37:18	django/contrib/postgres/operations.py	True	True	True	True
13469	knyghty	2020-09-30 12:05:56	ngnpope	2020-10-01 09:37:18	django/db/backends/postgresql/features.py	True	True	True	True
13469	knyghty	2020-09-30 12:05:56	felixxm	2020-10-01 07:57:22	docs/releases/3.2.txt	True	True	True	True
13469	knyghty	2020-09-30 12:05:56	ngnpope	2020-10-01 09:37:18	docs/ref/contrib/postgres/operations.txt	True	True	True	True
13469	knyghty	2020-09-30 12:05:56	ngnpope	2020-10-01 09:37:18	tests/postgres_tests/test_operations.py	True	True	True	True
13469	knyghty	2020-09-30 12:05:56	felixxm	2020-10-01 09:46:10	docs/ref/contrib/postgres/fields.txt	True	True	True	True
13469	knyghty	2020-09-30 12:05:56	ngnpope	2020-10-01 10:22:56	django/contrib/postgres/operations.py	True	True	True	True
13469	knyghty	2020-09-30 12:05:56	ngnpope	2020-10-01 10:22:56	django/db/backends/postgresql/features.py	True	True	True	True
13469	knyghty	2020-09-30 12:05:56	ngnpope	2020-10-01 10:22:56	docs/ref/contrib/postgres/fields.txt	True	True	True	True
13469	knyghty	2020-09-30 12:05:56	ngnpope	2020-10-01 10:22:56	docs/ref/contrib/postgres/operations.txt	True	True	True	True
13469	knyghty	2020-09-30 12:05:56	ngnpope	2020-10-01 10:22:56	docs/releases/3.2.txt	True	True	True	True
13469	knyghty	2020-09-30 12:05:56	ngnpope	2020-10-01 10:22:56	tests/postgres_tests/test_operations.py	True	True	True	True
13469	knyghty	2020-09-30 12:05:56	felixxm	2020-10-01 09:46:10	docs/ref/contrib/postgres/operations.txt	True	True	True	True
13469	knyghty	2020-09-30 12:05:56	ngnpope	2020-10-01 09:37:18	docs/ref/contrib/postgres/fields.txt	True	True	True	True
13469	knyghty	2020-09-30 12:05:56	felixxm	2020-10-01 09:46:10	django/db/backends/postgresql/features.py	True	True	True	True
13469	knyghty	2020-09-30 12:05:56	felixxm	2020-10-02 06:42:16	tests/postgres_tests/test_operations.py	True	True	True	True
13469	knyghty	2020-09-30 12:05:56	felixxm	2020-10-01 09:46:10	django/contrib/postgres/operations.py	True	True	True	True
13469	knyghty	2020-09-30 12:05:56	felixxm	2020-10-02 06:42:16	django/contrib/postgres/operations.py	True	True	True	True
13469	knyghty	2020-09-30 12:05:56	felixxm	2020-10-02 06:42:16	django/db/backends/postgresql/features.py	True	True	True	True
13469	knyghty	2020-09-30 12:05:56	felixxm	2020-10-02 06:42:16	docs/ref/contrib/postgres/fields.txt	True	True	True	True
13469	knyghty	2020-09-30 12:05:56	felixxm	2020-10-02 06:42:16	docs/releases/3.2.txt	True	True	True	True
13469	knyghty	2020-09-30 12:05:56	felixxm	2020-10-02 06:42:16	docs/ref/contrib/postgres/operations.txt	True	True	True	True
13469	knyghty	2020-09-30 12:05:56	felixxm	2020-10-01 08:06:06	django/contrib/postgres/operations.py	True	True	True	True
13469	knyghty	2020-09-30 12:05:56	felixxm	2020-10-01 08:06:06	django/db/backends/postgresql/features.py	True	True	True	True
13469	knyghty	2020-09-30 12:05:56	felixxm	2020-10-01 08:06:06	docs/ref/contrib/postgres/fields.txt	True	True	True	True
13469	knyghty	2020-09-30 12:05:56	felixxm	2020-10-01 08:06:06	docs/ref/contrib/postgres/operations.txt	True	True	True	True
13469	knyghty	2020-09-30 12:05:56	felixxm	2020-10-01 08:06:06	docs/releases/3.2.txt	True	True	True	True
13469	knyghty	2020-09-30 12:05:56	felixxm	2020-10-01 08:06:06	tests/postgres_tests/test_operations.py	True	True	True	True
13468	aalvrz	2020-09-29 22:17:16	ngnpope	2020-09-29 23:01:55	docs/topics/i18n/timezones.txt	True	True	True	True
13466	hramezani	2020-09-29 14:49:13	felixxm	2020-09-30 09:24:38	django/core/management/__init__.py	True	True	True	True
13466	hramezani	2020-09-29 14:49:13	felixxm	2020-09-30 09:33:30	tests/user_commands/tests.py	True	True	True	True
13466	hramezani	2020-09-29 14:49:13	felixxm	2020-09-30 09:33:30	tests/user_commands/management/commands/mutually_exclusive_required.py	True	True	True	True
13466	hramezani	2020-09-29 14:49:13	felixxm	2020-09-30 09:33:30	django/core/management/__init__.py	True	True	True	True
13466	hramezani	2020-09-29 14:49:13	felixxm	2020-09-30 07:57:56	tests/user_commands/tests.py	True	True	True	True
13466	hramezani	2020-09-29 14:49:13	felixxm	2020-09-30 07:57:56	tests/user_commands/management/commands/mutually_exclusive_required.py	True	True	True	True
13466	hramezani	2020-09-29 14:49:13	felixxm	2020-09-30 10:58:07	tests/user_commands/management/commands/mutually_exclusive_required.py	True	True	True	True
13466	hramezani	2020-09-29 14:49:13	felixxm	2020-09-30 07:57:56	django/core/management/__init__.py	True	True	True	True
13466	hramezani	2020-09-29 14:49:13	felixxm	2020-09-30 09:30:01	tests/user_commands/tests.py	True	True	True	True
13466	hramezani	2020-09-29 14:49:13	felixxm	2020-09-30 09:30:01	tests/user_commands/management/commands/mutually_exclusive_required.py	True	True	True	True
13466	hramezani	2020-09-29 14:49:13	felixxm	2020-09-30 09:30:01	django/core/management/__init__.py	True	True	True	True
13466	hramezani	2020-09-29 14:49:13	felixxm	2020-09-30 09:24:38	tests/user_commands/tests.py	True	True	True	True
13466	hramezani	2020-09-29 14:49:13	felixxm	2020-09-30 09:24:38	tests/user_commands/management/commands/mutually_exclusive_required.py	True	True	True	True
13466	hramezani	2020-09-29 14:49:13	felixxm	2020-09-30 10:58:07	django/core/management/__init__.py	True	True	True	True
13466	hramezani	2020-09-29 14:49:13	felixxm	2020-09-30 13:13:30	tests/user_commands/tests.py	True	True	True	True
13466	hramezani	2020-09-29 14:49:13	felixxm	2020-09-30 10:58:07	tests/user_commands/tests.py	True	True	True	True
13466	hramezani	2020-09-29 14:49:13	felixxm	2020-09-30 10:03:59	tests/user_commands/management/commands/mutually_exclusive_required.py	True	True	True	True
13466	hramezani	2020-09-29 14:49:13	felixxm	2020-09-30 10:03:44	django/core/management/__init__.py	True	True	True	True
13466	hramezani	2020-09-29 14:49:13	ngnpope	2020-09-29 15:26:00	tests/user_commands/management/commands/mutually_exclusive_required.py	True	True	True	True
13466	hramezani	2020-09-29 14:49:13	ngnpope	2020-09-29 15:26:00	django/core/management/__init__.py	True	True	True	True
13466	hramezani	2020-09-29 14:49:13	felixxm	2020-09-30 10:03:59	tests/user_commands/tests.py	True	True	True	True
13466	hramezani	2020-09-29 14:49:13	ngnpope	2020-09-29 15:26:00	tests/user_commands/tests.py	True	True	True	True
13466	hramezani	2020-09-29 14:49:13	felixxm	2020-09-30 10:03:59	django/core/management/__init__.py	True	True	True	True
13466	hramezani	2020-09-29 14:49:13	felixxm	2020-09-30 13:13:30	tests/user_commands/management/commands/mutually_exclusive_required.py	True	True	True	True
13466	hramezani	2020-09-29 14:49:13	felixxm	2020-09-30 13:13:30	django/core/management/__init__.py	True	True	True	True
13466	hramezani	2020-09-29 14:49:13	felixxm	2020-09-30 10:03:44	tests/user_commands/tests.py	True	True	True	True
13466	hramezani	2020-09-29 14:49:13	felixxm	2020-09-30 10:03:44	tests/user_commands/management/commands/mutually_exclusive_required.py	True	True	True	True
13464	thibaudcolas	2020-09-29 02:32:25	knyghty	2020-10-05 10:51:16	django/views/templates/default_urlconf.html	True	True	True	True
13464	thibaudcolas	2020-09-29 02:32:25	felixxm	2020-11-20 11:09:54	django/views/templates/default_urlconf.html	True	True	True	True
13464	thibaudcolas	2020-09-29 02:32:25	felixxm	2020-11-20 11:09:54	tests/view_tests/tests/test_debug.py	True	True	True	True
13464	thibaudcolas	2020-09-29 02:32:25	felixxm	2020-11-20 11:09:54	django/contrib/admin/templates/admin/base.html	False	True	True	True
13464	thibaudcolas	2020-09-29 02:32:25	felixxm	2020-11-20 11:09:54	django/contrib/gis/templates/gis/admin/openlayers.html	False	True	True	True
13464	thibaudcolas	2020-09-29 02:32:25	felixxm	2020-11-20 11:09:54	django/views/templates/default_urlconf.html	False	True	True	True
13464	thibaudcolas	2020-09-29 02:32:25	ngnpope	2020-09-29 22:46:03	django/views/templates/default_urlconf.html	True	True	True	True
13464	thibaudcolas	2020-09-29 02:32:25	ngnpope	2020-09-29 22:46:03	tests/view_tests/tests/test_debug.py	True	True	True	True
13464	thibaudcolas	2020-09-29 02:32:25	ngnpope	2020-09-29 22:46:03	django/contrib/admin/templates/admin/base.html	False	True	True	True
13464	thibaudcolas	2020-09-29 02:32:25	ngnpope	2020-09-29 22:46:03	django/views/templates/default_urlconf.html	False	True	True	True
13464	thibaudcolas	2020-09-29 02:32:25	ngnpope	2020-09-29 22:46:03	django/contrib/gis/templates/gis/admin/openlayers.html	False	True	True	True
13464	thibaudcolas	2020-09-29 02:32:25	knyghty	2020-10-05 10:51:16	tests/view_tests/tests/test_debug.py	True	True	True	True
13464	thibaudcolas	2020-09-29 02:32:25	knyghty	2020-10-05 10:51:16	django/contrib/admin/templates/admin/base.html	False	True	True	True
13464	thibaudcolas	2020-09-29 02:32:25	knyghty	2020-10-05 10:51:16	django/contrib/gis/templates/gis/admin/openlayers.html	False	True	True	True
13464	thibaudcolas	2020-09-29 02:32:25	knyghty	2020-10-05 10:51:16	django/views/templates/default_urlconf.html	False	True	True	True
13464	thibaudcolas	2020-09-29 02:32:25	felixxm	2020-10-01 11:09:46	django/views/templates/default_urlconf.html	True	True	True	True
13464	thibaudcolas	2020-09-29 02:32:25	felixxm	2020-10-01 11:09:46	tests/view_tests/tests/test_debug.py	True	True	True	True
13464	thibaudcolas	2020-09-29 02:32:25	felixxm	2020-10-01 11:09:46	django/contrib/admin/templates/admin/base.html	False	True	True	True
13464	thibaudcolas	2020-09-29 02:32:25	felixxm	2020-10-01 11:09:46	django/contrib/gis/templates/gis/admin/openlayers.html	False	True	True	True
13464	thibaudcolas	2020-09-29 02:32:25	felixxm	2020-10-01 11:09:46	django/views/templates/default_urlconf.html	False	True	True	True
13463	thibaudcolas	2020-09-28 23:27:30	ngnpope	2020-09-29 22:03:13	django/views/templates/default_urlconf.html	False	True	True	True
13463	thibaudcolas	2020-09-28 23:27:30	felixxm	2020-10-01 09:12:40	django/views/templates/default_urlconf.html	True	True	True	True
13463	thibaudcolas	2020-09-28 23:27:30	felixxm	2020-10-01 09:12:40	django/views/templates/default_urlconf.html	False	True	True	True
13463	thibaudcolas	2020-09-28 23:27:30	ngnpope	2020-09-29 22:03:13	django/views/templates/default_urlconf.html	True	True	True	True
13460	jacobtylerwalls	2020-09-26 19:04:38	felixxm	2020-09-29 06:05:08	tests/template_tests/syntax_tests/i18n/test_blocktranslate.py	True	False	True	True
13460	jacobtylerwalls	2020-09-26 19:04:38	felixxm	2020-09-29 06:05:08	django/templatetags/i18n.py	True	False	True	True
13460	jacobtylerwalls	2020-09-26 19:04:38	felixxm	2020-09-28 05:47:23	tests/template_tests/syntax_tests/i18n/test_blocktranslate.py	True	False	True	True
13460	jacobtylerwalls	2020-09-26 19:04:38	felixxm	2020-09-28 05:47:23	django/templatetags/i18n.py	True	False	True	True
13458	meghanabhange	2020-09-25 08:46:02	felixxm	2020-09-25 16:44:34	docs/topics/forms/formsets.txt	True	True	True	True
13458	meghanabhange	2020-09-25 08:46:02	claudep	2020-09-25 16:43:34	django/forms/formsets.py	True	True	True	True
13458	meghanabhange	2020-09-25 08:46:02	claudep	2020-09-25 16:43:34	AUTHORS	True	True	True	True
13458	meghanabhange	2020-09-25 08:46:02	claudep	2020-09-25 16:43:34	docs/topics/forms/formsets.txt	True	True	True	True
13458	meghanabhange	2020-09-25 08:46:02	claudep	2020-09-25 16:43:34	tests/forms_tests/tests/test_formsets.py	True	True	True	True
13458	meghanabhange	2020-09-25 08:46:02	claudep	2020-09-25 16:43:34	tests/generic_relations/test_forms.py	True	True	True	True
13458	meghanabhange	2020-09-25 08:46:02	claudep	2020-09-25 16:43:34	tests/model_formsets/tests.py	True	True	True	True
13458	meghanabhange	2020-09-25 08:46:02	felixxm	2020-09-25 16:44:34	AUTHORS	True	True	True	True
13458	meghanabhange	2020-09-25 08:46:02	felixxm	2020-09-25 16:44:34	django/forms/formsets.py	True	True	True	True
13458	meghanabhange	2020-09-25 08:46:02	felixxm	2020-09-25 11:07:14	tests/generic_relations/test_forms.py	True	True	True	True
13458	meghanabhange	2020-09-25 08:46:02	felixxm	2020-09-25 16:44:34	tests/forms_tests/tests/test_formsets.py	True	True	True	True
13458	meghanabhange	2020-09-25 08:46:02	felixxm	2020-09-25 16:44:34	tests/model_formsets/tests.py	True	True	True	True
13458	meghanabhange	2020-09-25 08:46:02	felixxm	2020-09-25 11:07:14	AUTHORS	True	True	True	True
13458	meghanabhange	2020-09-25 08:46:02	felixxm	2020-09-25 11:07:14	django/forms/formsets.py	True	True	True	True
13458	meghanabhange	2020-09-25 08:46:02	felixxm	2020-09-25 11:07:14	docs/topics/forms/formsets.txt	True	True	True	True
13458	meghanabhange	2020-09-25 08:46:02	felixxm	2020-09-25 11:07:14	tests/forms_tests/tests/test_formsets.py	True	True	True	True
13458	meghanabhange	2020-09-25 08:46:02	felixxm	2020-09-25 11:07:14	tests/model_formsets/tests.py	True	True	True	True
13458	meghanabhange	2020-09-25 08:46:02	felixxm	2020-09-25 16:44:34	tests/generic_relations/test_forms.py	True	True	True	True
13457	felixxm	2020-09-25 07:06:57	carltongibson	2020-09-25 07:21:18	docs/ref/forms/fields.txt	True	False	False	True
13456	MartinThoma	2020-09-24 16:38:45	jacobtylerwalls	2020-10-13 22:28:46	django/middleware/common.py	True	True	True	True
13456	MartinThoma	2020-09-24 16:38:45	jacobtylerwalls	2020-10-13 22:28:46	django/contrib/gis/forms/fields.py	True	True	True	True
13456	MartinThoma	2020-09-24 16:38:45	jacobtylerwalls	2020-10-13 22:28:46	django/contrib/staticfiles/finders.py	True	True	True	True
13456	MartinThoma	2020-09-24 16:38:45	jacobtylerwalls	2020-10-13 22:28:46	django/core/management/commands/dumpdata.py	True	True	True	True
13456	MartinThoma	2020-09-24 16:38:45	jacobtylerwalls	2020-10-13 22:28:46	django/db/models/query.py	True	True	True	True
13456	MartinThoma	2020-09-24 16:38:45	jacobtylerwalls	2020-10-13 22:28:46	tests/backends/tests.py	True	True	True	True
13456	MartinThoma	2020-09-24 16:38:45	jacobtylerwalls	2020-10-13 22:28:46	django/shortcuts.py	True	True	True	True
13456	MartinThoma	2020-09-24 16:38:45	jacobtylerwalls	2020-10-13 22:28:46	django/test/html.py	True	True	True	True
13456	MartinThoma	2020-09-24 16:38:45	jacobtylerwalls	2020-10-13 22:28:46	django/utils/cache.py	True	True	True	True
13456	MartinThoma	2020-09-24 16:38:45	felixxm	2020-10-14 04:38:30	tests/view_tests/tests/test_i18n.py	True	True	True	True
13456	MartinThoma	2020-09-24 16:38:45	jacobtylerwalls	2020-10-13 22:28:46	tests/schema/tests.py	True	True	True	True
13456	MartinThoma	2020-09-24 16:38:45	jacobtylerwalls	2020-10-13 22:28:46	django/contrib/auth/forms.py	True	True	True	True
13456	MartinThoma	2020-09-24 16:38:45	felixxm	2020-10-14 04:38:30	django/test/html.py	True	True	True	True
13456	MartinThoma	2020-09-24 16:38:45	felixxm	2020-10-14 04:38:30	tests/schema/tests.py	True	True	True	True
13456	MartinThoma	2020-09-24 16:38:45	felixxm	2020-10-14 04:38:30	tests/cache/tests.py	True	True	True	True
13456	MartinThoma	2020-09-24 16:38:45	felixxm	2020-10-14 04:38:30	tests/backends/tests.py	True	True	True	True
13456	MartinThoma	2020-09-24 16:38:45	felixxm	2020-10-14 04:38:30	django/utils/cache.py	True	True	True	True
13456	MartinThoma	2020-09-24 16:38:45	felixxm	2020-10-14 04:38:30	django/shortcuts.py	True	True	True	True
13456	MartinThoma	2020-09-24 16:38:45	felixxm	2020-10-14 04:38:30	django/middleware/common.py	True	True	True	True
13456	MartinThoma	2020-09-24 16:38:45	felixxm	2020-10-14 04:38:30	django/db/models/query.py	True	True	True	True
13456	MartinThoma	2020-09-24 16:38:45	felixxm	2020-10-14 04:38:30	django/core/management/commands/dumpdata.py	True	True	True	True
13456	MartinThoma	2020-09-24 16:38:45	felixxm	2020-10-14 04:38:30	django/contrib/staticfiles/finders.py	True	True	True	True
13456	MartinThoma	2020-09-24 16:38:45	felixxm	2020-10-14 04:38:30	django/contrib/gis/forms/fields.py	True	True	True	True
13456	MartinThoma	2020-09-24 16:38:45	felixxm	2020-10-14 04:38:30	django/contrib/auth/forms.py	True	True	True	True
13456	MartinThoma	2020-09-24 16:38:45	ngnpope	2020-10-13 21:17:42	django/contrib/auth/forms.py	True	True	True	True
13456	MartinThoma	2020-09-24 16:38:45	jacobtylerwalls	2020-10-13 22:28:46	tests/view_tests/tests/test_i18n.py	True	True	True	True
13456	MartinThoma	2020-09-24 16:38:45	jacobtylerwalls	2020-10-13 22:28:46	tests/cache/tests.py	True	True	True	True
13456	MartinThoma	2020-09-24 16:38:45	ngnpope	2020-10-13 21:17:42	django/contrib/gis/forms/fields.py	True	True	True	True
13456	MartinThoma	2020-09-24 16:38:45	ngnpope	2020-10-13 17:44:57	django/contrib/auth/forms.py	True	True	True	True
13456	MartinThoma	2020-09-24 16:38:45	ngnpope	2020-10-13 17:44:57	tests/view_tests/tests/test_i18n.py	True	True	True	True
13456	MartinThoma	2020-09-24 16:38:45	ngnpope	2020-10-13 17:44:57	tests/schema/tests.py	True	True	True	True
13456	MartinThoma	2020-09-24 16:38:45	ngnpope	2020-10-13 17:44:57	tests/cache/tests.py	True	True	True	True
13456	MartinThoma	2020-09-24 16:38:45	ngnpope	2020-10-13 17:44:57	tests/backends/tests.py	True	True	True	True
13456	MartinThoma	2020-09-24 16:38:45	ngnpope	2020-10-13 17:44:57	django/utils/cache.py	True	True	True	True
13456	MartinThoma	2020-09-24 16:38:45	ngnpope	2020-10-13 17:44:57	django/test/html.py	True	True	True	True
13456	MartinThoma	2020-09-24 16:38:45	ngnpope	2020-10-13 17:44:57	django/shortcuts.py	True	True	True	True
13456	MartinThoma	2020-09-24 16:38:45	ngnpope	2020-10-13 17:44:57	django/middleware/common.py	True	True	True	True
13456	MartinThoma	2020-09-24 16:38:45	ngnpope	2020-10-13 17:44:57	django/db/models/query.py	True	True	True	True
13456	MartinThoma	2020-09-24 16:38:45	ngnpope	2020-10-13 17:44:57	django/core/management/commands/dumpdata.py	True	True	True	True
13456	MartinThoma	2020-09-24 16:38:45	ngnpope	2020-10-13 17:44:57	django/contrib/gis/forms/fields.py	True	True	True	True
13456	MartinThoma	2020-09-24 16:38:45	ngnpope	2020-10-13 17:44:57	django/contrib/staticfiles/finders.py	True	True	True	True
13456	MartinThoma	2020-09-24 16:38:45	ngnpope	2020-10-13 21:17:42	tests/view_tests/tests/test_i18n.py	True	True	True	True
13456	MartinThoma	2020-09-24 16:38:45	ngnpope	2020-10-13 21:17:42	tests/schema/tests.py	True	True	True	True
13456	MartinThoma	2020-09-24 16:38:45	ngnpope	2020-10-13 21:17:42	tests/cache/tests.py	True	True	True	True
13456	MartinThoma	2020-09-24 16:38:45	ngnpope	2020-10-13 21:17:42	tests/backends/tests.py	True	True	True	True
13456	MartinThoma	2020-09-24 16:38:45	ngnpope	2020-10-13 21:17:42	django/utils/cache.py	True	True	True	True
13456	MartinThoma	2020-09-24 16:38:45	ngnpope	2020-10-13 21:17:42	django/test/html.py	True	True	True	True
13456	MartinThoma	2020-09-24 16:38:45	ngnpope	2020-10-13 21:17:42	django/shortcuts.py	True	True	True	True
13456	MartinThoma	2020-09-24 16:38:45	ngnpope	2020-10-13 21:17:42	django/middleware/common.py	True	True	True	True
13456	MartinThoma	2020-09-24 16:38:45	ngnpope	2020-10-13 21:17:42	django/db/models/query.py	True	True	True	True
13456	MartinThoma	2020-09-24 16:38:45	ngnpope	2020-10-13 21:17:42	django/core/management/commands/dumpdata.py	True	True	True	True
13456	MartinThoma	2020-09-24 16:38:45	ngnpope	2020-10-13 21:17:42	django/contrib/staticfiles/finders.py	True	True	True	True
13455	graingert	2020-09-24 11:19:27	carltongibson	2020-09-24 14:19:25	docs/howto/deployment/asgi/uvicorn.txt	False	False	True	True
13455	graingert	2020-09-24 11:19:27	carltongibson	2020-09-24 14:09:19	docs/howto/deployment/asgi/uvicorn.txt	False	False	True	True
13455	graingert	2020-09-24 11:19:27	carltongibson	2020-09-24 14:09:19	docs/howto/deployment/asgi/uvicorn.txt	True	False	True	True
13455	graingert	2020-09-24 11:19:27	carltongibson	2020-09-29 07:40:25	docs/howto/deployment/asgi/uvicorn.txt	False	False	True	True
13455	graingert	2020-09-24 11:19:27	carltongibson	2020-09-29 07:40:25	docs/howto/deployment/asgi/uvicorn.txt	True	False	True	True
13455	graingert	2020-09-24 11:19:27	carltongibson	2020-09-24 14:19:25	docs/howto/deployment/asgi/uvicorn.txt	True	False	True	True
13455	graingert	2020-09-24 11:19:27	carltongibson	2020-09-24 14:05:13	docs/howto/deployment/asgi/uvicorn.txt	True	False	True	True
13455	graingert	2020-09-24 11:19:27	carltongibson	2020-09-24 13:35:24	docs/howto/deployment/asgi/uvicorn.txt	False	False	True	True
13455	graingert	2020-09-24 11:19:27	carltongibson	2020-09-24 13:35:24	docs/howto/deployment/asgi/uvicorn.txt	True	False	True	True
13455	graingert	2020-09-24 11:19:27	carltongibson	2020-09-24 14:05:13	docs/howto/deployment/asgi/uvicorn.txt	False	False	True	True
13454	felixxm	2020-09-24 08:08:30	carltongibson	2020-09-24 08:36:01	docs/ref/contrib/admin/index.txt	True	False	False	True
13454	felixxm	2020-09-24 08:08:30	carltongibson	2020-09-24 08:36:01	tests/admin_filters/tests.py	True	False	False	True
13454	felixxm	2020-09-24 08:08:30	carltongibson	2020-09-24 08:36:01	docs/releases/3.1.2.txt	True	False	False	True
13454	felixxm	2020-09-24 08:08:30	carltongibson	2020-09-24 08:36:01	django/contrib/contenttypes/fields.py	True	False	False	True
13452	ben-bitdotio	2020-09-22 22:04:48	matthiask	2020-09-23 06:49:11	django/contrib/auth/models.py	True	True	False	True
13452	ben-bitdotio	2020-09-22 22:04:48	matthiask	2020-09-23 06:51:48	django/contrib/auth/models.py	True	True	False	True
13448	felixxm	2020-09-22 10:28:46	carltongibson	2020-09-22 13:28:47	tests/backends/base/app_unmigrated/migrations/0001_initial.py	True	False	True	True
13448	felixxm	2020-09-22 10:28:46	carltongibson	2020-09-22 13:28:47	tests/backends/base/app_unmigrated/__init__.py	True	False	True	True
13448	felixxm	2020-09-22 10:28:46	carltongibson	2020-09-22 13:28:47	django/db/backends/base/creation.py	True	False	True	True
13448	felixxm	2020-09-22 10:28:46	carltongibson	2020-09-22 13:28:47	docs/ref/settings.txt	True	False	True	True
13448	felixxm	2020-09-22 10:28:46	carltongibson	2020-09-22 13:28:47	docs/releases/3.1.2.txt	True	False	True	True
13448	felixxm	2020-09-22 10:28:46	carltongibson	2020-09-22 13:28:47	tests/backends/base/app_unmigrated/models.py	True	False	True	True
13448	felixxm	2020-09-22 10:28:46	carltongibson	2020-09-22 13:28:47	tests/backends/base/app_unmigrated/migrations/__init__.py	True	False	True	True
13448	felixxm	2020-09-22 10:28:46	carltongibson	2020-09-22 13:28:47	tests/backends/base/test_creation.py	True	False	True	True
13447	rsalmaso	2020-09-22 08:49:25	felixxm	2021-04-02 04:53:33	tests/admin_views/test_adminsite.py	True	True	True	True
13447	rsalmaso	2020-09-22 08:49:25	felixxm	2021-04-02 04:53:33	docs/releases/4.0.txt	True	True	True	True
13447	rsalmaso	2020-09-22 08:49:25	felixxm	2021-04-02 04:53:33	docs/ref/contrib/admin/index.txt	True	True	True	True
13447	rsalmaso	2020-09-22 08:49:25	felixxm	2021-04-02 04:53:33	django/contrib/admin/sites.py	True	True	True	True
13446	carltongibson	2020-09-22 07:53:56	felixxm	2020-09-22 10:52:22	docs/topics/logging.txt	True	False	True	True
13445	felixxm	2020-09-22 05:08:14	hramezani	2020-09-22 06:53:28	tests/forms_tests/tests/test_formsets.py	True	False	False	True
13445	felixxm	2020-09-22 05:08:14	hramezani	2020-09-22 06:53:28	tests/forms_tests/widget_tests/test_checkboxselectmultiple.py	True	False	False	True
13445	felixxm	2020-09-22 05:08:14	smithdc1	2020-09-22 05:41:13	tests/forms_tests/tests/test_formsets.py	True	False	False	True
13445	felixxm	2020-09-22 05:08:14	hramezani	2020-09-22 06:53:28	tests/admin_scripts/tests.py	True	False	False	True
13445	felixxm	2020-09-22 05:08:14	hramezani	2020-09-22 06:53:28	django/forms/widgets.py	True	False	False	True
13445	felixxm	2020-09-22 05:08:14	smithdc1	2020-09-22 05:41:13	tests/admin_scripts/tests.py	True	False	False	True
13445	felixxm	2020-09-22 05:08:14	smithdc1	2020-09-22 05:41:13	django/forms/widgets.py	True	False	False	True
13445	felixxm	2020-09-22 05:08:14	smithdc1	2020-09-22 05:41:13	tests/forms_tests/widget_tests/test_checkboxselectmultiple.py	True	False	False	True
13445	felixxm	2020-09-22 05:08:14	carltongibson	2020-09-22 08:30:07	django/forms/widgets.py	True	False	False	True
13445	felixxm	2020-09-22 05:08:14	carltongibson	2020-09-22 08:30:07	tests/admin_scripts/tests.py	True	False	False	True
13445	felixxm	2020-09-22 05:08:14	carltongibson	2020-09-22 08:30:07	tests/forms_tests/tests/test_formsets.py	True	False	False	True
13445	felixxm	2020-09-22 05:08:14	carltongibson	2020-09-22 08:30:07	tests/forms_tests/widget_tests/test_checkboxselectmultiple.py	True	False	False	True
13443	adamchainz	2020-09-21 21:09:07	charettes	2020-09-21 21:13:01	django/forms/renderers.py	True	True	True	True
13439	jacobtylerwalls	2020-09-20 14:48:26	carltongibson	2020-09-23 08:46:33	django/test/html.py	True	False	True	True
13439	jacobtylerwalls	2020-09-20 14:48:26	carltongibson	2020-09-24 09:43:46	django/test/html.py	True	False	True	True
13439	jacobtylerwalls	2020-09-20 14:48:26	carltongibson	2020-09-24 09:43:46	tests/test_utils/tests.py	True	False	True	True
13439	jacobtylerwalls	2020-09-20 14:48:26	matthiask	2020-09-20 17:48:31	django/test/html.py	True	False	True	True
13439	jacobtylerwalls	2020-09-20 14:48:26	matthiask	2020-09-20 17:48:31	tests/test_utils/tests.py	True	False	True	True
13439	jacobtylerwalls	2020-09-20 14:48:26	matthiask	2020-09-20 19:03:52	tests/test_utils/tests.py	True	False	True	True
13439	jacobtylerwalls	2020-09-20 14:48:26	matthiask	2020-09-20 19:03:52	django/test/html.py	True	False	True	True
13439	jacobtylerwalls	2020-09-20 14:48:26	carltongibson	2020-09-23 08:46:33	tests/test_utils/tests.py	True	False	True	True
13439	jacobtylerwalls	2020-09-20 14:48:26	matthiask	2020-09-20 19:00:59	django/test/html.py	True	False	True	True
13439	jacobtylerwalls	2020-09-20 14:48:26	matthiask	2020-09-20 19:00:59	tests/test_utils/tests.py	True	False	True	True
13439	jacobtylerwalls	2020-09-20 14:48:26	matthiask	2020-09-20 19:11:53	django/test/html.py	True	False	True	True
13439	jacobtylerwalls	2020-09-20 14:48:26	matthiask	2020-09-20 19:11:53	tests/test_utils/tests.py	True	False	True	True
13437	jacobtylerwalls	2020-09-19 12:47:25	smithdc1	2020-10-04 18:19:11	docs/ref/forms/fields.txt	False	True	True	True
13437	jacobtylerwalls	2020-09-19 12:47:25	carltongibson	2020-10-08 09:27:29	docs/ref/forms/fields.txt	False	True	True	True
13437	jacobtylerwalls	2020-09-19 12:47:25	benjaoming	2020-09-19 14:43:21	docs/ref/forms/fields.txt	False	True	True	True
13437	jacobtylerwalls	2020-09-19 12:47:25	carltongibson	2020-10-01 10:00:43	docs/ref/forms/fields.txt	False	True	True	True
13436	smithdc1	2020-09-18 20:05:25	carltongibson	2020-09-22 10:07:22	tests/admin_inlines/models.py	False	True	True	True
13436	smithdc1	2020-09-18 20:05:25	carltongibson	2021-02-11 10:06:07	django/contrib/admin/static/admin/js/inlines.js	False	True	True	True
13436	smithdc1	2020-09-18 20:05:25	carltongibson	2021-02-11 10:06:07	tests/admin_inlines/admin.py	False	True	True	True
13436	smithdc1	2020-09-18 20:05:25	carltongibson	2021-02-11 10:06:07	tests/admin_inlines/tests.py	False	True	True	True
13436	smithdc1	2020-09-18 20:05:25	carltongibson	2020-09-22 10:07:22	django/contrib/admin/static/admin/js/inlines.js	False	True	True	True
13436	smithdc1	2020-09-18 20:05:25	carltongibson	2020-09-22 10:07:22	tests/admin_inlines/admin.py	False	True	True	True
13436	smithdc1	2020-09-18 20:05:25	carltongibson	2021-02-11 10:06:07	tests/admin_inlines/models.py	False	True	True	True
13436	smithdc1	2020-09-18 20:05:25	carltongibson	2020-09-22 10:07:22	tests/admin_inlines/tests.py	False	True	True	True
13436	smithdc1	2020-09-18 20:05:25	jdufresne	2020-09-19 12:44:02	tests/admin_inlines/admin.py	False	True	True	True
13436	smithdc1	2020-09-18 20:05:25	jdufresne	2020-09-19 12:44:02	django/contrib/admin/static/admin/js/inlines.js	False	True	True	True
13436	smithdc1	2020-09-18 20:05:25	jdufresne	2020-09-19 12:44:02	tests/admin_inlines/models.py	False	True	True	True
13436	smithdc1	2020-09-18 20:05:25	jdufresne	2020-09-19 12:44:02	tests/admin_inlines/tests.py	False	True	True	True
13435	matthiask	2020-09-18 19:48:56	carltongibson	2021-01-07 08:02:45	docs/ref/contrib/admin/index.txt	False	True	True	True
13435	matthiask	2020-09-18 19:48:56	carltongibson	2021-01-07 08:02:45	django/contrib/admin/static/admin/css/login.css	False	True	True	True
13435	matthiask	2020-09-18 19:48:56	carltongibson	2021-01-07 08:02:45	django/contrib/admin/static/admin/css/nav_sidebar.css	False	True	True	True
13435	matthiask	2020-09-18 19:48:56	carltongibson	2021-01-07 08:02:45	django/contrib/admin/static/admin/css/responsive.css	False	True	True	True
13435	matthiask	2020-09-18 19:48:56	carltongibson	2021-01-07 08:02:45	django/contrib/admin/static/admin/css/rtl.css	False	True	True	True
13435	matthiask	2020-09-18 19:48:56	carltongibson	2021-01-07 08:02:45	django/contrib/admin/static/admin/css/widgets.css	False	True	True	True
13435	matthiask	2020-09-18 19:48:56	carltongibson	2021-01-07 08:02:45	docs/spelling_wordlist	False	True	True	True
13435	matthiask	2020-09-18 19:48:56	carltongibson	2021-01-07 08:02:45	docs/releases/3.2.txt	False	True	True	True
13435	matthiask	2020-09-18 19:48:56	carltongibson	2021-01-07 08:02:45	django/contrib/admin/static/admin/css/changelists.css	False	True	True	True
13435	matthiask	2020-09-18 19:48:56	felixxm	2021-01-07 08:22:16	django/contrib/admin/static/admin/css/autocomplete.css	False	True	True	True
13435	matthiask	2020-09-18 19:48:56	felixxm	2021-01-07 08:22:16	django/contrib/admin/static/admin/css/base.css	False	True	True	True
13435	matthiask	2020-09-18 19:48:56	felixxm	2021-01-07 08:22:16	django/contrib/admin/static/admin/css/changelists.css	False	True	True	True
13435	matthiask	2020-09-18 19:48:56	felixxm	2021-01-07 08:22:16	django/contrib/admin/static/admin/css/forms.css	False	True	True	True
13435	matthiask	2020-09-18 19:48:56	carltongibson	2021-01-07 08:02:45	django/contrib/admin/static/admin/css/forms.css	False	True	True	True
13435	matthiask	2020-09-18 19:48:56	ngnpope	2020-09-19 18:32:14	docs/spelling_wordlist	False	True	True	True
13435	matthiask	2020-09-18 19:48:56	carltongibson	2021-01-07 08:02:45	django/contrib/admin/static/admin/css/base.css	False	True	True	True
13435	matthiask	2020-09-18 19:48:56	carltongibson	2021-01-07 08:02:45	django/contrib/admin/static/admin/css/autocomplete.css	False	True	True	True
13435	matthiask	2020-09-18 19:48:56	ngnpope	2020-09-19 18:32:14	docs/releases/3.2.txt	False	True	True	True
13435	matthiask	2020-09-18 19:48:56	ngnpope	2020-09-19 18:32:14	docs/ref/contrib/admin/index.txt	False	True	True	True
13435	matthiask	2020-09-18 19:48:56	ngnpope	2020-09-19 18:32:14	django/contrib/admin/static/admin/css/widgets.css	False	True	True	True
13435	matthiask	2020-09-18 19:48:56	ngnpope	2020-09-19 18:32:14	django/contrib/admin/static/admin/css/rtl.css	False	True	True	True
13435	matthiask	2020-09-18 19:48:56	ngnpope	2020-09-19 18:32:14	django/contrib/admin/static/admin/css/responsive.css	False	True	True	True
13435	matthiask	2020-09-18 19:48:56	ngnpope	2020-09-19 18:32:14	django/contrib/admin/static/admin/css/nav_sidebar.css	False	True	True	True
13435	matthiask	2020-09-18 19:48:56	ngnpope	2020-09-19 18:32:14	django/contrib/admin/static/admin/css/login.css	False	True	True	True
13435	matthiask	2020-09-18 19:48:56	ngnpope	2020-09-19 18:32:14	django/contrib/admin/static/admin/css/forms.css	False	True	True	True
13435	matthiask	2020-09-18 19:48:56	ngnpope	2020-09-19 18:32:14	django/contrib/admin/static/admin/css/changelists.css	False	True	True	True
13435	matthiask	2020-09-18 19:48:56	ngnpope	2020-09-19 18:32:14	django/contrib/admin/static/admin/css/base.css	False	True	True	True
13435	matthiask	2020-09-18 19:48:56	ngnpope	2020-09-19 18:32:14	django/contrib/admin/static/admin/css/autocomplete.css	False	True	True	True
13435	matthiask	2020-09-18 19:48:56	felixxm	2021-01-07 08:22:16	django/contrib/admin/static/admin/css/nav_sidebar.css	False	True	True	True
13435	matthiask	2020-09-18 19:48:56	felixxm	2021-01-07 08:22:16	django/contrib/admin/static/admin/css/login.css	False	True	True	True
13435	matthiask	2020-09-18 19:48:56	carltongibson	2020-11-26 10:32:52	django/contrib/admin/static/admin/css/autocomplete.css	False	True	True	True
13435	matthiask	2020-09-18 19:48:56	felixxm	2021-01-07 08:22:16	django/contrib/admin/static/admin/css/responsive.css	False	True	True	True
13435	matthiask	2020-09-18 19:48:56	claudep	2020-09-19 20:01:21	docs/ref/contrib/admin/index.txt	False	True	True	True
13435	matthiask	2020-09-18 19:48:56	carltongibson	2020-11-26 10:32:52	docs/spelling_wordlist	False	True	True	True
13435	matthiask	2020-09-18 19:48:56	carltongibson	2020-11-26 10:32:52	docs/releases/3.2.txt	False	True	True	True
13435	matthiask	2020-09-18 19:48:56	carltongibson	2020-11-26 10:32:52	docs/ref/contrib/admin/index.txt	False	True	True	True
13435	matthiask	2020-09-18 19:48:56	carltongibson	2020-11-26 10:32:52	django/contrib/admin/static/admin/css/widgets.css	False	True	True	True
13435	matthiask	2020-09-18 19:48:56	carltongibson	2020-11-26 10:32:52	django/contrib/admin/static/admin/css/rtl.css	False	True	True	True
13435	matthiask	2020-09-18 19:48:56	carltongibson	2020-11-26 10:32:52	django/contrib/admin/static/admin/css/responsive.css	False	True	True	True
13435	matthiask	2020-09-18 19:48:56	carltongibson	2020-11-26 10:32:52	django/contrib/admin/static/admin/css/nav_sidebar.css	False	True	True	True
13435	matthiask	2020-09-18 19:48:56	carltongibson	2020-11-26 10:32:52	django/contrib/admin/static/admin/css/login.css	False	True	True	True
13435	matthiask	2020-09-18 19:48:56	carltongibson	2020-11-26 10:32:52	django/contrib/admin/static/admin/css/changelists.css	False	True	True	True
13435	matthiask	2020-09-18 19:48:56	carltongibson	2020-11-26 10:32:52	django/contrib/admin/static/admin/css/base.css	False	True	True	True
13435	matthiask	2020-09-18 19:48:56	felixxm	2021-01-07 08:22:16	django/contrib/admin/static/admin/css/rtl.css	False	True	True	True
13435	matthiask	2020-09-18 19:48:56	claudep	2020-09-19 20:01:21	docs/spelling_wordlist	False	True	True	True
13435	matthiask	2020-09-18 19:48:56	claudep	2020-09-19 20:01:21	docs/releases/3.2.txt	False	True	True	True
13435	matthiask	2020-09-18 19:48:56	carltongibson	2020-11-26 10:32:52	django/contrib/admin/static/admin/css/forms.css	False	True	True	True
13435	matthiask	2020-09-18 19:48:56	claudep	2020-09-19 20:01:21	django/contrib/admin/static/admin/css/widgets.css	False	True	True	True
13435	matthiask	2020-09-18 19:48:56	claudep	2020-09-19 20:01:21	django/contrib/admin/static/admin/css/base.css	False	True	True	True
13435	matthiask	2020-09-18 19:48:56	claudep	2020-09-19 20:01:21	django/contrib/admin/static/admin/css/rtl.css	False	True	True	True
13435	matthiask	2020-09-18 19:48:56	felixxm	2021-01-07 08:22:16	docs/ref/contrib/admin/index.txt	False	True	True	True
13435	matthiask	2020-09-18 19:48:56	felixxm	2021-01-07 08:22:16	docs/releases/3.2.txt	False	True	True	True
13435	matthiask	2020-09-18 19:48:56	felixxm	2021-01-07 08:22:16	docs/spelling_wordlist	False	True	True	True
13435	matthiask	2020-09-18 19:48:56	claudep	2020-09-19 20:01:21	django/contrib/admin/static/admin/css/autocomplete.css	False	True	True	True
13435	matthiask	2020-09-18 19:48:56	felixxm	2021-01-07 08:22:16	django/contrib/admin/static/admin/css/widgets.css	False	True	True	True
13435	matthiask	2020-09-18 19:48:56	claudep	2020-09-19 20:01:21	django/contrib/admin/static/admin/css/changelists.css	False	True	True	True
13435	matthiask	2020-09-18 19:48:56	claudep	2020-09-19 20:01:21	django/contrib/admin/static/admin/css/login.css	False	True	True	True
13435	matthiask	2020-09-18 19:48:56	claudep	2020-09-19 20:01:21	django/contrib/admin/static/admin/css/nav_sidebar.css	False	True	True	True
13435	matthiask	2020-09-18 19:48:56	claudep	2020-09-19 20:01:21	django/contrib/admin/static/admin/css/responsive.css	False	True	True	True
13435	matthiask	2020-09-18 19:48:56	claudep	2020-09-19 20:01:21	django/contrib/admin/static/admin/css/forms.css	False	True	True	True
13432	felixxm	2020-09-18 07:37:49	hramezani	2020-09-18 09:27:03	tests/indexes/models.py	True	False	False	True
13432	felixxm	2020-09-18 07:37:49	carltongibson	2020-09-22 08:28:55	tests/indexes/models.py	True	False	False	True
13432	felixxm	2020-09-18 07:37:49	timgraham	2020-09-21 17:39:00	tests/indexes/models.py	True	False	False	True
13431	David-Wobrock	2020-09-17 15:47:07	charettes	2020-09-17 16:01:49	tests/aggregation/tests.py	False	True	True	True
13431	David-Wobrock	2020-09-17 15:47:07	charettes	2020-09-17 16:01:53	django/db/models/query.py	False	True	True	True
13431	David-Wobrock	2020-09-17 15:47:07	charettes	2020-09-17 16:01:53	tests/aggregation/tests.py	False	True	True	True
13431	David-Wobrock	2020-09-17 15:47:07	charettes	2020-09-17 16:01:49	django/db/models/query.py	False	True	True	True
13431	David-Wobrock	2020-09-17 15:47:07	ngnpope	2020-09-17 16:13:10	tests/aggregation/tests.py	False	True	True	True
13431	David-Wobrock	2020-09-17 15:47:07	felixxm	2020-09-28 11:11:47	django/db/models/query.py	False	True	True	True
13431	David-Wobrock	2020-09-17 15:47:07	felixxm	2020-09-28 11:11:47	tests/aggregation/tests.py	False	True	True	True
13431	David-Wobrock	2020-09-17 15:47:07	ngnpope	2020-09-17 16:13:10	django/db/models/query.py	False	True	True	True
13430	felixxm	2020-09-17 11:39:14	carltongibson	2020-09-17 12:12:26	docs/ref/forms/fields.txt	True	True	False	True
13430	felixxm	2020-09-17 11:39:14	jdufresne	2020-09-19 12:21:12	docs/releases/3.1.txt	True	True	False	True
13430	felixxm	2020-09-17 11:39:14	jdufresne	2020-09-19 12:21:12	docs/ref/forms/fields.txt	True	True	False	True
13430	felixxm	2020-09-17 11:39:14	carltongibson	2020-09-17 12:12:26	docs/releases/3.1.txt	True	True	False	True
13428	adamchainz	2020-09-16 17:33:17	jacobtylerwalls	2020-09-20 22:50:13	docs/ref/utils.txt	True	True	False	True
13427	twocucao	2020-09-16 15:41:41	ngnpope	2020-09-16 16:13:40	django/db/models/fields/json.py	True	True	True	True
13425	janosroden	2020-09-16 08:26:23	carltongibson	2020-09-17 12:49:13	docs/topics/http/file-uploads.txt	True	True	True	True
13425	janosroden	2020-09-16 08:26:23	smithdc1	2020-09-17 18:14:04	docs/topics/http/file-uploads.txt	True	True	True	True
13425	janosroden	2020-09-16 08:26:23	carltongibson	2020-09-22 09:33:51	docs/topics/http/file-uploads.txt	True	True	True	True
13425	janosroden	2020-09-16 08:26:23	felixxm	2020-09-17 18:10:20	docs/topics/http/file-uploads.txt	True	True	True	True
13425	janosroden	2020-09-16 08:26:23	carltongibson	2020-09-17 17:54:55	docs/topics/http/file-uploads.txt	True	True	True	True
13425	janosroden	2020-09-16 08:26:23	smithdc1	2020-09-17 16:55:01	docs/topics/http/file-uploads.txt	True	True	True	True
13424	felixxm	2020-09-16 08:08:16	carltongibson	2020-09-16 08:10:49	tests/annotations/tests.py	True	False	False	True
13423	knyghty	2020-09-15 10:46:41	felixxm	2020-10-01 06:48:10	docs/releases/3.2.txt	True	True	True	True
13423	knyghty	2020-09-15 10:46:41	matthiask	2020-09-20 18:00:02	tests/template_tests/test_response.py	True	True	True	True
13423	knyghty	2020-09-15 10:46:41	matthiask	2020-09-20 18:00:02	tests/httpwrappers/tests.py	False	True	True	True
13423	knyghty	2020-09-15 10:46:41	felixxm	2020-10-01 06:48:10	django/http/response.py	True	True	True	True
13423	knyghty	2020-09-15 10:46:41	felixxm	2020-10-01 06:48:10	django/template/response.py	True	True	True	True
13423	knyghty	2020-09-15 10:46:41	felixxm	2020-10-01 06:48:10	docs/howto/outputting-csv.txt	True	True	True	True
13423	knyghty	2020-09-15 10:46:41	felixxm	2020-10-01 06:48:10	docs/ref/request-response.txt	True	True	True	True
13423	knyghty	2020-09-15 10:46:41	felixxm	2020-10-01 06:48:10	docs/ref/template-response.txt	True	True	True	True
13423	knyghty	2020-09-15 10:46:41	felixxm	2020-10-01 10:58:34	django/http/response.py	True	True	True	True
13423	knyghty	2020-09-15 10:46:41	felixxm	2020-10-01 06:48:10	docs/topics/class-based-views/index.txt	True	True	True	True
13423	knyghty	2020-09-15 10:46:41	felixxm	2020-10-01 06:48:10	tests/httpwrappers/tests.py	True	True	True	True
13423	knyghty	2020-09-15 10:46:41	felixxm	2020-10-01 06:48:10	tests/template_tests/test_response.py	True	True	True	True
13423	knyghty	2020-09-15 10:46:41	felixxm	2020-10-01 06:48:10	tests/httpwrappers/tests.py	False	True	True	True
13423	knyghty	2020-09-15 10:46:41	matthiask	2020-09-20 18:00:02	docs/topics/class-based-views/index.txt	True	True	True	True
13423	knyghty	2020-09-15 10:46:41	felixxm	2020-10-01 10:58:34	django/template/response.py	True	True	True	True
13423	knyghty	2020-09-15 10:46:41	felixxm	2020-10-01 10:58:34	docs/howto/outputting-csv.txt	True	True	True	True
13423	knyghty	2020-09-15 10:46:41	matthiask	2020-09-20 18:00:02	tests/httpwrappers/tests.py	True	True	True	True
13423	knyghty	2020-09-15 10:46:41	matthiask	2020-09-20 18:00:02	django/template/response.py	True	True	True	True
13423	knyghty	2020-09-15 10:46:41	matthiask	2020-09-20 18:00:02	docs/releases/3.2.txt	True	True	True	True
13423	knyghty	2020-09-15 10:46:41	charettes	2020-09-15 12:26:31	docs/topics/class-based-views/index.txt	True	True	True	True
13423	knyghty	2020-09-15 10:46:41	charettes	2020-09-15 12:26:31	django/http/response.py	True	True	True	True
13423	knyghty	2020-09-15 10:46:41	charettes	2020-09-15 12:26:31	django/template/response.py	True	True	True	True
13423	knyghty	2020-09-15 10:46:41	charettes	2020-09-15 12:26:31	docs/howto/outputting-csv.txt	True	True	True	True
13423	knyghty	2020-09-15 10:46:41	charettes	2020-09-15 12:26:31	docs/ref/request-response.txt	True	True	True	True
13423	knyghty	2020-09-15 10:46:41	charettes	2020-09-15 12:26:31	docs/ref/template-response.txt	True	True	True	True
13423	knyghty	2020-09-15 10:46:41	charettes	2020-09-15 12:26:31	docs/releases/3.2.txt	True	True	True	True
13423	knyghty	2020-09-15 10:46:41	charettes	2020-09-15 12:26:31	tests/httpwrappers/tests.py	True	True	True	True
13423	knyghty	2020-09-15 10:46:41	matthiask	2020-09-20 18:00:02	docs/ref/template-response.txt	True	True	True	True
13423	knyghty	2020-09-15 10:46:41	charettes	2020-09-15 12:26:31	tests/template_tests/test_response.py	True	True	True	True
13423	knyghty	2020-09-15 10:46:41	charettes	2020-09-15 12:26:31	tests/httpwrappers/tests.py	False	True	True	True
13423	knyghty	2020-09-15 10:46:41	matthiask	2020-09-20 18:00:02	django/http/response.py	True	True	True	True
13423	knyghty	2020-09-15 10:46:41	felixxm	2020-10-01 10:58:34	docs/ref/template-response.txt	True	True	True	True
13423	knyghty	2020-09-15 10:46:41	matthiask	2020-09-20 18:00:02	docs/howto/outputting-csv.txt	True	True	True	True
13423	knyghty	2020-09-15 10:46:41	matthiask	2020-09-20 18:00:02	docs/ref/request-response.txt	True	True	True	True
13423	knyghty	2020-09-15 10:46:41	felixxm	2020-10-01 10:58:34	docs/ref/request-response.txt	True	True	True	True
13423	knyghty	2020-09-15 10:46:41	felixxm	2020-09-30 10:11:35	docs/ref/template-response.txt	True	True	True	True
13423	knyghty	2020-09-15 10:46:41	felixxm	2020-10-01 10:58:34	docs/releases/3.2.txt	True	True	True	True
13423	knyghty	2020-09-15 10:46:41	felixxm	2020-09-30 10:11:35	docs/howto/outputting-csv.txt	True	True	True	True
13423	knyghty	2020-09-15 10:46:41	carltongibson	2020-10-07 07:17:17	docs/releases/3.2.txt	True	True	True	True
13423	knyghty	2020-09-15 10:46:41	carltongibson	2020-10-07 07:17:17	tests/httpwrappers/tests.py	True	True	True	True
13423	knyghty	2020-09-15 10:46:41	carltongibson	2020-10-07 07:17:17	tests/template_tests/test_response.py	True	True	True	True
13423	knyghty	2020-09-15 10:46:41	carltongibson	2020-10-07 07:17:17	tests/httpwrappers/tests.py	False	True	True	True
13423	knyghty	2020-09-15 10:46:41	felixxm	2020-09-30 10:11:35	django/http/response.py	True	True	True	True
13423	knyghty	2020-09-15 10:46:41	felixxm	2020-09-30 10:11:35	django/template/response.py	True	True	True	True
13423	knyghty	2020-09-15 10:46:41	felixxm	2020-09-30 10:11:35	docs/ref/request-response.txt	True	True	True	True
13423	knyghty	2020-09-15 10:46:41	carltongibson	2020-10-07 07:17:17	docs/ref/request-response.txt	True	True	True	True
13423	knyghty	2020-09-15 10:46:41	felixxm	2020-10-01 10:58:34	docs/topics/class-based-views/index.txt	True	True	True	True
13423	knyghty	2020-09-15 10:46:41	felixxm	2020-09-30 10:11:35	docs/releases/3.2.txt	True	True	True	True
13423	knyghty	2020-09-15 10:46:41	felixxm	2020-09-30 10:11:35	docs/topics/class-based-views/index.txt	True	True	True	True
13423	knyghty	2020-09-15 10:46:41	felixxm	2020-09-30 10:11:35	tests/httpwrappers/tests.py	True	True	True	True
13423	knyghty	2020-09-15 10:46:41	felixxm	2020-09-30 10:11:35	tests/template_tests/test_response.py	True	True	True	True
13423	knyghty	2020-09-15 10:46:41	felixxm	2020-09-30 10:11:35	tests/httpwrappers/tests.py	False	True	True	True
13423	knyghty	2020-09-15 10:46:41	carltongibson	2020-10-07 07:17:17	docs/ref/template-response.txt	True	True	True	True
13423	knyghty	2020-09-15 10:46:41	carltongibson	2020-10-07 07:17:17	docs/topics/class-based-views/index.txt	True	True	True	True
13423	knyghty	2020-09-15 10:46:41	carltongibson	2020-10-07 07:17:17	docs/howto/outputting-csv.txt	True	True	True	True
13423	knyghty	2020-09-15 10:46:41	felixxm	2020-10-07 06:24:51	docs/ref/template-response.txt	True	True	True	True
13423	knyghty	2020-09-15 10:46:41	felixxm	2020-10-01 10:58:34	tests/httpwrappers/tests.py	True	True	True	True
13423	knyghty	2020-09-15 10:46:41	felixxm	2020-10-01 10:58:34	tests/template_tests/test_response.py	True	True	True	True
13423	knyghty	2020-09-15 10:46:41	felixxm	2020-10-01 10:58:34	tests/httpwrappers/tests.py	False	True	True	True
13423	knyghty	2020-09-15 10:46:41	felixxm	2020-10-07 06:24:51	django/http/response.py	True	True	True	True
13423	knyghty	2020-09-15 10:46:41	carltongibson	2020-10-07 07:17:17	django/template/response.py	True	True	True	True
13423	knyghty	2020-09-15 10:46:41	felixxm	2020-10-07 06:24:51	docs/howto/outputting-csv.txt	True	True	True	True
13423	knyghty	2020-09-15 10:46:41	felixxm	2020-10-07 06:24:51	docs/ref/request-response.txt	True	True	True	True
13423	knyghty	2020-09-15 10:46:41	felixxm	2020-10-07 06:24:51	django/template/response.py	True	True	True	True
13423	knyghty	2020-09-15 10:46:41	felixxm	2020-10-07 06:24:51	docs/releases/3.2.txt	True	True	True	True
13423	knyghty	2020-09-15 10:46:41	felixxm	2020-10-07 06:24:51	docs/topics/class-based-views/index.txt	True	True	True	True
13423	knyghty	2020-09-15 10:46:41	felixxm	2020-10-07 06:24:51	tests/httpwrappers/tests.py	True	True	True	True
13423	knyghty	2020-09-15 10:46:41	felixxm	2020-10-07 06:24:51	tests/template_tests/test_response.py	True	True	True	True
13423	knyghty	2020-09-15 10:46:41	felixxm	2020-10-07 06:24:51	tests/httpwrappers/tests.py	False	True	True	True
13423	knyghty	2020-09-15 10:46:41	carltongibson	2020-10-07 07:17:17	django/http/response.py	True	True	True	True
13422	felixxm	2020-09-15 08:53:37	carltongibson	2020-09-15 08:58:57	tests/annotations/tests.py	True	True	True	True
13422	felixxm	2020-09-15 08:53:37	carltongibson	2020-09-15 08:58:57	docs/releases/3.1.2.txt	True	True	True	True
13422	felixxm	2020-09-15 08:53:37	carltongibson	2020-09-15 08:58:57	django/db/models/sql/where.py	True	True	True	True
13422	felixxm	2020-09-15 08:53:37	carltongibson	2020-09-15 08:58:13	tests/annotations/tests.py	True	True	True	True
13422	felixxm	2020-09-15 08:53:37	carltongibson	2020-09-15 08:58:13	docs/releases/3.1.2.txt	True	True	True	True
13422	felixxm	2020-09-15 08:53:37	carltongibson	2020-09-15 08:58:13	django/db/models/sql/where.py	True	True	True	True
13420	timgraham	2020-09-14 13:18:28	felixxm	2020-09-14 18:24:31	django/db/backends/postgresql/introspection.py	True	False	True	True
13417	felixxm	2020-09-14 07:49:15	charettes	2020-09-14 12:27:27	docs/releases/3.1.2.txt	True	True	False	True
13417	felixxm	2020-09-14 07:49:15	charettes	2020-09-14 12:27:27	django/db/models/query.py	True	True	False	True
13417	felixxm	2020-09-14 07:49:15	charettes	2020-09-14 12:27:27	tests/queries/tests.py	True	True	False	True
13413	manav014	2020-09-13 13:05:54	felixxm	2020-09-14 12:18:19	tests/admin_filters/tests.py	False	False	True	True
13413	manav014	2020-09-13 13:05:54	felixxm	2020-09-14 12:18:19	tests/admin_filters/models.py	False	False	True	True
13413	manav014	2020-09-13 13:05:54	felixxm	2020-09-14 12:18:19	django/contrib/admin/filters.py	False	False	True	True
13413	manav014	2020-09-13 13:05:54	felixxm	2020-09-15 07:18:16	tests/admin_filters/tests.py	False	False	True	True
13413	manav014	2020-09-13 13:05:54	felixxm	2020-09-15 07:18:16	tests/admin_filters/models.py	False	False	True	True
13413	manav014	2020-09-13 13:05:54	felixxm	2020-09-15 07:18:16	django/contrib/admin/filters.py	False	False	True	True
13411	felixxm	2020-09-12 19:52:17	carltongibson	2020-09-13 08:02:17	docs/ref/models/querysets.txt	True	False	False	True
13411	felixxm	2020-09-12 19:52:17	carltongibson	2020-09-13 08:02:17	tests/backends/sqlite/tests.py	False	False	False	True
13410	hramezani	2020-09-11 09:58:41	felixxm	2020-09-11 10:41:53	docs/releases/3.2.txt	True	True	True	True
13410	hramezani	2020-09-11 09:58:41	felixxm	2020-09-11 13:57:15	django/core/files/locks.py	True	True	True	True
13410	hramezani	2020-09-11 09:58:41	felixxm	2020-09-11 13:57:15	docs/releases/3.2.txt	True	True	True	True
13410	hramezani	2020-09-11 09:58:41	felixxm	2020-09-11 13:57:15	tests/files/tests.py	True	True	True	True
13410	hramezani	2020-09-11 09:58:41	felixxm	2020-09-11 11:30:58	django/core/files/locks.py	True	True	True	True
13410	hramezani	2020-09-11 09:58:41	felixxm	2020-09-11 11:30:58	docs/releases/3.2.txt	True	True	True	True
13410	hramezani	2020-09-11 09:58:41	felixxm	2020-09-11 11:30:58	tests/files/tests.py	True	True	True	True
13410	hramezani	2020-09-11 09:58:41	felixxm	2020-09-11 14:09:11	django/core/files/locks.py	True	True	True	True
13410	hramezani	2020-09-11 09:58:41	felixxm	2020-09-11 14:09:11	tests/files/tests.py	True	True	True	True
13410	hramezani	2020-09-11 09:58:41	felixxm	2020-09-11 10:41:53	django/core/files/locks.py	True	True	True	True
13410	hramezani	2020-09-11 09:58:41	felixxm	2020-09-11 14:09:11	docs/releases/3.2.txt	True	True	True	True
13410	hramezani	2020-09-11 09:58:41	felixxm	2020-09-11 10:41:53	tests/files/tests.py	True	True	True	True
13410	hramezani	2020-09-11 09:58:41	felixxm	2020-09-11 10:02:20	docs/releases/3.2.txt	True	True	True	True
13410	hramezani	2020-09-11 09:58:41	jdufresne	2020-09-11 13:37:06	django/core/files/locks.py	True	True	True	True
13410	hramezani	2020-09-11 09:58:41	felixxm	2020-09-11 10:53:06	tests/files/tests.py	True	True	True	True
13410	hramezani	2020-09-11 09:58:41	felixxm	2020-09-11 10:53:06	docs/releases/3.2.txt	True	True	True	True
13410	hramezani	2020-09-11 09:58:41	felixxm	2020-09-11 10:02:20	tests/files/tests.py	True	True	True	True
13410	hramezani	2020-09-11 09:58:41	felixxm	2020-09-11 10:53:06	django/core/files/locks.py	True	True	True	True
13410	hramezani	2020-09-11 09:58:41	felixxm	2020-09-11 10:02:20	django/core/files/locks.py	True	True	True	True
13410	hramezani	2020-09-11 09:58:41	jdufresne	2020-09-11 13:37:06	tests/files/tests.py	True	True	True	True
13410	hramezani	2020-09-11 09:58:41	jdufresne	2020-09-11 13:37:06	docs/releases/3.2.txt	True	True	True	True
13409	knyghty	2020-09-11 08:22:29	carltongibson	2020-09-30 10:05:07	docs/releases/3.1.2.txt	True	True	True	True
13409	knyghty	2020-09-11 08:22:29	matthiask	2020-09-23 11:59:12	django/contrib/admin/static/admin/css/rtl.css	True	True	True	True
13409	knyghty	2020-09-11 08:22:29	matthiask	2020-09-23 11:59:12	django/contrib/admin/static/admin/css/responsive_rtl.css	True	True	True	True
13409	knyghty	2020-09-11 08:22:29	matthiask	2020-09-23 11:59:12	django/contrib/admin/static/admin/css/responsive.css	True	True	True	True
13409	knyghty	2020-09-11 08:22:29	matthiask	2020-09-23 11:59:12	django/contrib/admin/static/admin/css/nav_sidebar.css	True	True	True	True
13409	knyghty	2020-09-11 08:22:29	matthiask	2020-09-23 11:59:12	django/contrib/admin/static/admin/css/forms.css	True	True	True	True
13409	knyghty	2020-09-11 08:22:29	matthiask	2020-09-23 11:59:12	django/contrib/admin/static/admin/css/changelists.css	True	True	True	True
13409	knyghty	2020-09-11 08:22:29	carltongibson	2020-09-30 10:05:07	django/contrib/admin/static/admin/css/responsive.css	True	True	True	True
13409	knyghty	2020-09-11 08:22:29	carltongibson	2020-09-30 10:05:07	django/contrib/admin/templates/admin/change_list.html	True	True	True	True
13409	knyghty	2020-09-11 08:22:29	carltongibson	2020-09-30 10:05:07	django/contrib/admin/static/admin/css/rtl.css	True	True	True	True
13409	knyghty	2020-09-11 08:22:29	carltongibson	2020-09-30 10:05:07	django/contrib/admin/static/admin/css/changelists.css	True	True	True	True
13409	knyghty	2020-09-11 08:22:29	carltongibson	2020-09-30 10:05:07	django/contrib/admin/static/admin/css/responsive_rtl.css	True	True	True	True
13409	knyghty	2020-09-11 08:22:29	carltongibson	2020-09-30 10:05:07	django/contrib/admin/static/admin/css/nav_sidebar.css	True	True	True	True
13409	knyghty	2020-09-11 08:22:29	carltongibson	2020-09-30 10:05:07	django/contrib/admin/static/admin/css/forms.css	True	True	True	True
13409	knyghty	2020-09-11 08:22:29	matthiask	2020-09-23 11:59:12	docs/releases/3.1.2.txt	True	True	True	True
13409	knyghty	2020-09-11 08:22:29	matthiask	2020-09-23 11:59:12	django/contrib/admin/templates/admin/change_list.html	True	True	True	True
13409	knyghty	2020-09-11 08:22:29	carltongibson	2020-09-17 07:50:09	django/contrib/admin/static/admin/css/responsive.css	True	True	True	True
13409	knyghty	2020-09-11 08:22:29	carltongibson	2020-09-23 10:07:04	django/contrib/admin/static/admin/css/changelists.css	True	True	True	True
13409	knyghty	2020-09-11 08:22:29	carltongibson	2020-09-17 07:50:09	django/contrib/admin/static/admin/css/forms.css	True	True	True	True
13409	knyghty	2020-09-11 08:22:29	carltongibson	2020-09-17 07:50:09	docs/releases/3.1.2.txt	True	True	True	True
13409	knyghty	2020-09-11 08:22:29	carltongibson	2020-09-17 07:50:09	django/contrib/admin/templates/admin/change_list.html	True	True	True	True
13409	knyghty	2020-09-11 08:22:29	carltongibson	2020-09-17 07:50:09	django/contrib/admin/static/admin/css/rtl.css	True	True	True	True
13409	knyghty	2020-09-11 08:22:29	carltongibson	2020-09-17 07:50:09	django/contrib/admin/static/admin/css/responsive_rtl.css	True	True	True	True
13409	knyghty	2020-09-11 08:22:29	carltongibson	2020-09-17 07:50:09	django/contrib/admin/static/admin/css/nav_sidebar.css	True	True	True	True
13409	knyghty	2020-09-11 08:22:29	carltongibson	2020-09-17 07:50:09	django/contrib/admin/static/admin/css/changelists.css	True	True	True	True
13409	knyghty	2020-09-11 08:22:29	carltongibson	2020-09-23 10:07:04	docs/releases/3.1.2.txt	True	True	True	True
13409	knyghty	2020-09-11 08:22:29	carltongibson	2020-09-23 10:07:04	django/contrib/admin/templates/admin/change_list.html	True	True	True	True
13409	knyghty	2020-09-11 08:22:29	carltongibson	2020-09-23 10:07:04	django/contrib/admin/static/admin/css/rtl.css	True	True	True	True
13409	knyghty	2020-09-11 08:22:29	carltongibson	2020-09-23 10:07:04	django/contrib/admin/static/admin/css/responsive_rtl.css	True	True	True	True
13409	knyghty	2020-09-11 08:22:29	carltongibson	2020-09-23 10:07:04	django/contrib/admin/static/admin/css/responsive.css	True	True	True	True
13409	knyghty	2020-09-11 08:22:29	carltongibson	2020-09-23 10:07:04	django/contrib/admin/static/admin/css/nav_sidebar.css	True	True	True	True
13409	knyghty	2020-09-11 08:22:29	carltongibson	2020-09-23 10:07:04	django/contrib/admin/static/admin/css/forms.css	True	True	True	True
13406	hramezani	2020-09-10 12:38:11	felixxm	2020-09-11 06:00:58	docs/ref/models/querysets.txt	True	False	True	True
13406	hramezani	2020-09-10 12:38:11	felixxm	2020-09-11 06:00:58	django/db/models/query.py	True	False	True	True
13406	hramezani	2020-09-10 12:38:11	felixxm	2020-09-11 06:00:58	tests/queryset_pickle/tests.py	True	False	True	True
13404	felixxm	2020-09-10 07:46:15	carltongibson	2020-09-10 07:52:59	docs/releases/3.1.1.txt	True	False	True	True
13403	jdufresne	2020-09-09 23:34:45	felixxm	2020-09-10 11:53:30	tests/admin_views/tests.py	False	False	True	True
13403	jdufresne	2020-09-09 23:34:45	felixxm	2020-09-10 11:53:30	tests/admin_views/tests.py	True	False	True	True
13403	jdufresne	2020-09-09 23:34:45	felixxm	2020-09-10 11:53:30	django/contrib/admin/templates/admin/base_site.html	True	False	True	True
13403	jdufresne	2020-09-09 23:34:45	felixxm	2020-09-10 11:53:30	django/contrib/admin/templates/admin/base.html	True	False	True	True
13403	jdufresne	2020-09-09 23:34:45	felixxm	2020-09-10 11:53:30	django/contrib/admin/options.py	True	False	True	True
13401	felixxm	2020-09-09 11:19:00	carltongibson	2020-09-09 14:40:19	tests/model_fields/tests.py	True	False	True	True
13401	felixxm	2020-09-09 11:19:00	carltongibson	2020-09-09 14:40:19	docs/releases/3.2.txt	True	False	True	True
13401	felixxm	2020-09-09 11:19:00	carltongibson	2020-09-09 14:40:19	django/db/models/fields/__init__.py	True	False	True	True
13401	felixxm	2020-09-09 11:19:00	ryanhiebert	2020-09-09 14:03:09	tests/model_fields/tests.py	True	False	True	True
13401	felixxm	2020-09-09 11:19:00	ryanhiebert	2020-09-09 14:03:09	docs/releases/3.2.txt	True	False	True	True
13401	felixxm	2020-09-09 11:19:00	ryanhiebert	2020-09-09 14:03:09	django/db/models/fields/__init__.py	True	False	True	True
13399	carltongibson	2020-09-09 10:31:21	felixxm	2020-09-10 08:48:09	tests/model_fields/test_booleanfield.py	True	False	False	True
13398	me2d09	2020-09-08 14:32:07	charettes	2020-09-09 00:41:21	django/db/backends/mysql/operations.py	True	True	True	True
13398	me2d09	2020-09-08 14:32:07	charettes	2020-09-09 00:41:21	tests/db_functions/comparison/test_cast.py	True	True	True	True
13398	me2d09	2020-09-08 14:32:07	charettes	2020-09-09 00:31:10	django/db/backends/mysql/operations.py	True	True	True	True
13398	me2d09	2020-09-08 14:32:07	charettes	2020-09-09 00:31:10	tests/db_functions/comparison/test_cast.py	True	True	True	True
13396	timgraham	2020-09-07 19:53:35	felixxm	2020-09-15 09:23:26	django/contrib/gis/db/backends/oracle/adapter.py	False	True	True	True
13396	timgraham	2020-09-07 19:53:35	felixxm	2020-09-15 09:23:26	tests/gis_tests/utils.py	True	True	True	True
13396	timgraham	2020-09-07 19:53:35	felixxm	2020-09-15 09:23:26	tests/gis_tests/relatedapp/tests.py	True	True	True	True
13396	timgraham	2020-09-07 19:53:35	felixxm	2020-09-15 09:23:26	tests/gis_tests/geoapp/tests.py	True	True	True	True
13396	timgraham	2020-09-07 19:53:35	felixxm	2020-10-21 19:06:30	tests/gis_tests/geoapp/tests.py	False	True	True	True
13396	timgraham	2020-09-07 19:53:35	felixxm	2020-10-21 19:06:30	tests/gis_tests/distapp/tests.py	False	True	True	True
13396	timgraham	2020-09-07 19:53:35	felixxm	2020-10-21 19:06:30	docs/releases/3.2.txt	False	True	True	True
13396	timgraham	2020-09-07 19:53:35	felixxm	2020-10-21 19:06:30	django/contrib/gis/db/backends/postgis/adapter.py	False	True	True	True
13396	timgraham	2020-09-07 19:53:35	felixxm	2020-10-21 19:06:30	django/contrib/gis/db/backends/oracle/adapter.py	False	True	True	True
13396	timgraham	2020-09-07 19:53:35	felixxm	2020-10-21 19:06:30	django/contrib/gis/db/backends/base/adapter.py	False	True	True	True
13396	timgraham	2020-09-07 19:53:35	felixxm	2020-10-21 19:06:30	tests/gis_tests/utils.py	True	True	True	True
13396	timgraham	2020-09-07 19:53:35	felixxm	2020-10-21 19:06:30	tests/gis_tests/relatedapp/tests.py	True	True	True	True
13396	timgraham	2020-09-07 19:53:35	felixxm	2020-10-21 19:06:30	tests/gis_tests/geoapp/tests.py	True	True	True	True
13396	timgraham	2020-09-07 19:53:35	felixxm	2020-10-21 13:50:25	tests/gis_tests/geoapp/tests.py	False	True	True	True
13396	timgraham	2020-09-07 19:53:35	felixxm	2020-10-21 13:50:25	tests/gis_tests/distapp/tests.py	False	True	True	True
13396	timgraham	2020-09-07 19:53:35	felixxm	2020-10-21 13:50:25	docs/releases/3.2.txt	False	True	True	True
13396	timgraham	2020-09-07 19:53:35	felixxm	2020-10-21 13:50:25	django/contrib/gis/db/backends/postgis/adapter.py	False	True	True	True
13396	timgraham	2020-09-07 19:53:35	felixxm	2020-10-21 13:50:25	django/contrib/gis/db/backends/oracle/adapter.py	False	True	True	True
13396	timgraham	2020-09-07 19:53:35	felixxm	2020-10-21 13:50:25	django/contrib/gis/db/backends/base/adapter.py	False	True	True	True
13396	timgraham	2020-09-07 19:53:35	felixxm	2020-10-21 13:50:25	tests/gis_tests/utils.py	True	True	True	True
13396	timgraham	2020-09-07 19:53:35	felixxm	2020-10-21 13:50:25	tests/gis_tests/relatedapp/tests.py	True	True	True	True
13396	timgraham	2020-09-07 19:53:35	felixxm	2020-10-21 13:50:25	tests/gis_tests/geoapp/tests.py	True	True	True	True
13396	timgraham	2020-09-07 19:53:35	sir-sigurd	2020-10-27 05:58:23	tests/gis_tests/geoapp/tests.py	False	True	True	True
13396	timgraham	2020-09-07 19:53:35	sir-sigurd	2020-10-27 05:58:23	tests/gis_tests/distapp/tests.py	False	True	True	True
13396	timgraham	2020-09-07 19:53:35	sir-sigurd	2020-10-27 05:58:23	docs/releases/3.2.txt	False	True	True	True
13396	timgraham	2020-09-07 19:53:35	sir-sigurd	2020-10-27 05:58:23	tests/gis_tests/geoapp/tests.py	True	True	True	True
13396	timgraham	2020-09-07 19:53:35	sir-sigurd	2020-10-27 05:58:23	django/contrib/gis/db/backends/oracle/adapter.py	False	True	True	True
13396	timgraham	2020-09-07 19:53:35	sir-sigurd	2020-10-27 05:58:23	django/contrib/gis/db/backends/base/adapter.py	False	True	True	True
13396	timgraham	2020-09-07 19:53:35	sir-sigurd	2020-10-27 05:58:23	tests/gis_tests/utils.py	True	True	True	True
13396	timgraham	2020-09-07 19:53:35	sir-sigurd	2020-10-27 05:58:23	tests/gis_tests/relatedapp/tests.py	True	True	True	True
13396	timgraham	2020-09-07 19:53:35	felixxm	2020-09-15 09:23:26	django/contrib/gis/db/backends/base/adapter.py	False	True	True	True
13396	timgraham	2020-09-07 19:53:35	sir-sigurd	2020-10-27 05:58:23	django/contrib/gis/db/backends/postgis/adapter.py	False	True	True	True
13396	timgraham	2020-09-07 19:53:35	felixxm	2020-09-15 09:23:26	django/contrib/gis/db/backends/postgis/adapter.py	False	True	True	True
13396	timgraham	2020-09-07 19:53:35	felixxm	2020-09-08 04:16:53	django/contrib/gis/db/backends/base/adapter.py	False	True	True	True
13396	timgraham	2020-09-07 19:53:35	felixxm	2020-09-15 09:23:26	docs/releases/3.2.txt	False	True	True	True
13396	timgraham	2020-09-07 19:53:35	sir-sigurd	2020-10-22 10:51:51	tests/gis_tests/geoapp/tests.py	False	True	True	True
13396	timgraham	2020-09-07 19:53:35	sir-sigurd	2020-10-22 10:51:51	tests/gis_tests/distapp/tests.py	False	True	True	True
13396	timgraham	2020-09-07 19:53:35	sir-sigurd	2020-10-22 10:51:51	docs/releases/3.2.txt	False	True	True	True
13396	timgraham	2020-09-07 19:53:35	sir-sigurd	2020-10-22 10:51:51	django/contrib/gis/db/backends/postgis/adapter.py	False	True	True	True
13396	timgraham	2020-09-07 19:53:35	sir-sigurd	2020-10-22 10:51:51	django/contrib/gis/db/backends/base/adapter.py	False	True	True	True
13396	timgraham	2020-09-07 19:53:35	sir-sigurd	2020-10-22 10:51:51	tests/gis_tests/utils.py	True	True	True	True
13396	timgraham	2020-09-07 19:53:35	sir-sigurd	2020-10-22 10:51:51	tests/gis_tests/relatedapp/tests.py	True	True	True	True
13396	timgraham	2020-09-07 19:53:35	sir-sigurd	2020-10-22 10:51:51	tests/gis_tests/geoapp/tests.py	True	True	True	True
13396	timgraham	2020-09-07 19:53:35	felixxm	2020-09-08 04:16:53	tests/gis_tests/geoapp/tests.py	False	True	True	True
13396	timgraham	2020-09-07 19:53:35	felixxm	2020-09-08 04:16:53	tests/gis_tests/distapp/tests.py	False	True	True	True
13396	timgraham	2020-09-07 19:53:35	felixxm	2020-09-08 04:16:53	docs/releases/3.2.txt	False	True	True	True
13396	timgraham	2020-09-07 19:53:35	felixxm	2020-09-08 04:16:53	django/contrib/gis/db/backends/postgis/adapter.py	False	True	True	True
13396	timgraham	2020-09-07 19:53:35	felixxm	2020-09-08 04:16:53	django/contrib/gis/db/backends/oracle/adapter.py	False	True	True	True
13396	timgraham	2020-09-07 19:53:35	sir-sigurd	2020-10-22 10:51:51	django/contrib/gis/db/backends/oracle/adapter.py	False	True	True	True
13396	timgraham	2020-09-07 19:53:35	felixxm	2020-09-08 04:16:53	tests/gis_tests/utils.py	True	True	True	True
13396	timgraham	2020-09-07 19:53:35	felixxm	2020-10-21 11:30:14	django/contrib/gis/db/backends/base/adapter.py	False	True	True	True
13396	timgraham	2020-09-07 19:53:35	felixxm	2020-09-08 04:16:53	tests/gis_tests/relatedapp/tests.py	True	True	True	True
13396	timgraham	2020-09-07 19:53:35	felixxm	2020-09-15 09:23:26	tests/gis_tests/distapp/tests.py	False	True	True	True
13396	timgraham	2020-09-07 19:53:35	felixxm	2020-09-15 09:23:26	tests/gis_tests/geoapp/tests.py	False	True	True	True
13396	timgraham	2020-09-07 19:53:35	felixxm	2020-10-21 11:30:14	tests/gis_tests/relatedapp/tests.py	True	True	True	True
13396	timgraham	2020-09-07 19:53:35	felixxm	2020-10-21 11:30:14	tests/gis_tests/utils.py	True	True	True	True
13396	timgraham	2020-09-07 19:53:35	felixxm	2020-10-21 11:30:14	tests/gis_tests/geoapp/tests.py	True	True	True	True
13396	timgraham	2020-09-07 19:53:35	felixxm	2020-10-21 11:30:14	django/contrib/gis/db/backends/oracle/adapter.py	False	True	True	True
13396	timgraham	2020-09-07 19:53:35	felixxm	2020-10-21 11:30:14	django/contrib/gis/db/backends/postgis/adapter.py	False	True	True	True
13396	timgraham	2020-09-07 19:53:35	felixxm	2020-10-21 11:30:14	docs/releases/3.2.txt	False	True	True	True
13396	timgraham	2020-09-07 19:53:35	felixxm	2020-10-21 11:30:14	tests/gis_tests/distapp/tests.py	False	True	True	True
13396	timgraham	2020-09-07 19:53:35	felixxm	2020-10-21 11:30:14	tests/gis_tests/geoapp/tests.py	False	True	True	True
13396	timgraham	2020-09-07 19:53:35	felixxm	2020-09-08 04:16:53	tests/gis_tests/geoapp/tests.py	True	True	True	True
13395	hramezani	2020-09-07 11:35:41	carltongibson	2020-09-09 06:58:29	docs/ref/exceptions.txt	True	True	True	True
13395	hramezani	2020-09-07 11:35:41	felixxm	2020-09-08 05:13:49	tests/handlers/views.py	True	True	True	True
13395	hramezani	2020-09-07 11:35:41	carltongibson	2020-09-09 06:58:29	django/core/handlers/exception.py	True	True	True	True
13395	hramezani	2020-09-07 11:35:41	carltongibson	2020-09-09 06:58:29	django/core/exceptions.py	True	True	True	True
13395	hramezani	2020-09-07 11:35:41	carltongibson	2020-09-09 06:58:29	django/contrib/sessions/middleware.py	True	True	True	True
13395	hramezani	2020-09-07 11:35:41	carltongibson	2020-09-09 06:58:29	docs/ref/exceptions.txt	False	True	True	True
13395	hramezani	2020-09-07 11:35:41	felixxm	2020-09-08 05:13:49	tests/view_tests/views.py	True	True	True	True
13395	hramezani	2020-09-07 11:35:41	felixxm	2020-09-08 05:13:49	tests/view_tests/urls.py	True	True	True	True
13395	hramezani	2020-09-07 11:35:41	felixxm	2020-09-08 05:13:49	tests/view_tests/tests/test_debug.py	True	True	True	True
13395	hramezani	2020-09-07 11:35:41	felixxm	2020-09-08 05:13:49	tests/sessions_tests/tests.py	True	True	True	True
13395	hramezani	2020-09-07 11:35:41	felixxm	2020-09-08 05:13:49	django/contrib/sessions/middleware.py	True	True	True	True
13395	hramezani	2020-09-07 11:35:41	felixxm	2020-09-08 05:13:49	tests/handlers/urls.py	True	True	True	True
13395	hramezani	2020-09-07 11:35:41	felixxm	2020-09-08 05:13:49	tests/handlers/tests.py	True	True	True	True
13395	hramezani	2020-09-07 11:35:41	felixxm	2020-09-08 05:13:49	docs/releases/3.2.txt	True	True	True	True
13395	hramezani	2020-09-07 11:35:41	felixxm	2020-09-08 05:13:49	docs/ref/exceptions.txt	True	True	True	True
13395	hramezani	2020-09-07 11:35:41	felixxm	2020-09-08 05:13:49	django/core/handlers/exception.py	True	True	True	True
13395	hramezani	2020-09-07 11:35:41	felixxm	2020-09-08 05:13:49	django/core/exceptions.py	True	True	True	True
13395	hramezani	2020-09-07 11:35:41	felixxm	2020-09-08 05:13:49	django/contrib/sessions/exceptions.py	True	True	True	True
13395	hramezani	2020-09-07 11:35:41	felixxm	2020-09-08 05:13:49	docs/ref/exceptions.txt	False	True	True	True
13395	hramezani	2020-09-07 11:35:41	carltongibson	2020-09-09 06:58:29	tests/handlers/tests.py	True	True	True	True
13395	hramezani	2020-09-07 11:35:41	carltongibson	2020-09-09 06:58:29	docs/releases/3.2.txt	True	True	True	True
13395	hramezani	2020-09-07 11:35:41	carltongibson	2020-09-09 06:58:29	django/contrib/sessions/exceptions.py	True	True	True	True
13395	hramezani	2020-09-07 11:35:41	carltongibson	2020-09-09 06:58:29	tests/handlers/urls.py	True	True	True	True
13395	hramezani	2020-09-07 11:35:41	felixxm	2020-09-09 06:31:11	django/core/handlers/exception.py	True	True	True	True
13395	hramezani	2020-09-07 11:35:41	felixxm	2020-09-09 06:31:11	tests/view_tests/views.py	True	True	True	True
13395	hramezani	2020-09-07 11:35:41	felixxm	2020-09-09 06:31:11	tests/view_tests/urls.py	True	True	True	True
13395	hramezani	2020-09-07 11:35:41	felixxm	2020-09-09 06:31:11	tests/view_tests/tests/test_debug.py	True	True	True	True
13395	hramezani	2020-09-07 11:35:41	felixxm	2020-09-09 06:31:11	tests/sessions_tests/tests.py	True	True	True	True
13395	hramezani	2020-09-07 11:35:41	felixxm	2020-09-09 06:31:11	tests/handlers/views.py	True	True	True	True
13395	hramezani	2020-09-07 11:35:41	felixxm	2020-09-09 06:31:11	tests/handlers/tests.py	True	True	True	True
13395	hramezani	2020-09-07 11:35:41	felixxm	2020-09-09 06:31:11	docs/releases/3.2.txt	True	True	True	True
13395	hramezani	2020-09-07 11:35:41	felixxm	2020-09-09 06:31:11	docs/ref/exceptions.txt	True	True	True	True
13395	hramezani	2020-09-07 11:35:41	felixxm	2020-09-09 06:31:11	tests/handlers/urls.py	True	True	True	True
13395	hramezani	2020-09-07 11:35:41	felixxm	2020-09-09 06:31:11	django/core/exceptions.py	True	True	True	True
13395	hramezani	2020-09-07 11:35:41	felixxm	2020-09-09 06:31:11	django/contrib/sessions/exceptions.py	True	True	True	True
13395	hramezani	2020-09-07 11:35:41	felixxm	2020-09-09 06:31:11	docs/ref/exceptions.txt	False	True	True	True
13395	hramezani	2020-09-07 11:35:41	carltongibson	2020-09-09 06:58:29	tests/view_tests/views.py	True	True	True	True
13395	hramezani	2020-09-07 11:35:41	carltongibson	2020-09-09 06:58:29	tests/handlers/views.py	True	True	True	True
13395	hramezani	2020-09-07 11:35:41	carltongibson	2020-09-09 06:58:29	tests/view_tests/urls.py	True	True	True	True
13395	hramezani	2020-09-07 11:35:41	carltongibson	2020-09-09 06:58:29	tests/view_tests/tests/test_debug.py	True	True	True	True
13395	hramezani	2020-09-07 11:35:41	carltongibson	2020-09-09 06:58:29	tests/sessions_tests/tests.py	True	True	True	True
13395	hramezani	2020-09-07 11:35:41	felixxm	2020-09-09 06:31:11	django/contrib/sessions/middleware.py	True	True	True	True
13392	jdufresne	2020-09-06 15:54:59	felixxm	2020-09-24 08:53:42	tests/admin_inlines/tests.py	True	False	True	True
13392	jdufresne	2020-09-06 15:54:59	matthiask	2020-09-20 11:27:15	tests/admin_views/test_actions.py	True	False	True	True
13392	jdufresne	2020-09-06 15:54:59	matthiask	2020-09-20 11:27:15	tests/admin_views/tests.py	True	False	True	True
13392	jdufresne	2020-09-06 15:54:59	matthiask	2020-09-20 11:27:15	tests/test_client/tests.py	True	False	True	True
13392	jdufresne	2020-09-06 15:54:59	matthiask	2020-09-20 11:27:15	tests/view_tests/tests/test_debug.py	True	False	True	True
13392	jdufresne	2020-09-06 15:54:59	felixxm	2020-09-24 08:53:42	tests/view_tests/tests/test_debug.py	True	False	True	True
13392	jdufresne	2020-09-06 15:54:59	felixxm	2020-09-24 08:53:42	tests/admin_views/test_actions.py	True	False	True	True
13392	jdufresne	2020-09-06 15:54:59	felixxm	2020-09-24 08:53:42	tests/admin_views/tests.py	True	False	True	True
13392	jdufresne	2020-09-06 15:54:59	felixxm	2020-09-24 08:53:42	tests/test_client/tests.py	True	False	True	True
13392	jdufresne	2020-09-06 15:54:59	matthiask	2020-09-20 11:27:15	tests/admin_inlines/tests.py	True	False	True	True
13390	David-Wobrock	2020-09-05 18:21:02	jacobtylerwalls	2020-09-06 12:43:00	tests/aggregation/tests.py	True	True	True	True
13390	David-Wobrock	2020-09-05 18:21:02	jacobtylerwalls	2020-09-06 12:43:00	django/db/models/sql/query.py	True	True	True	True
13389	christasa	2020-09-05 15:42:22	codingjoe	2020-09-15 12:19:33	tests/check_framework/test_caches.py	False	True	True	True
13389	christasa	2020-09-05 15:42:22	ngnpope	2020-10-20 15:28:57	django/core/checks/caches.py	False	True	True	True
13389	christasa	2020-09-05 15:42:22	codingjoe	2020-09-15 12:19:33	docs/ref/checks.txt	False	True	True	True
13389	christasa	2020-09-05 15:42:22	codingjoe	2020-09-15 12:19:33	django/core/checks/caches.py	False	True	True	True
13389	christasa	2020-09-05 15:42:22	codingjoe	2020-09-05 18:09:09	tests/check_framework/test_caches.py	False	True	True	True
13389	christasa	2020-09-05 15:42:22	codingjoe	2020-09-05 18:09:09	docs/topics/cache.txt	False	True	True	True
13389	christasa	2020-09-05 15:42:22	codingjoe	2020-09-05 18:09:09	docs/ref/checks.txt	False	True	True	True
13389	christasa	2020-09-05 15:42:22	codingjoe	2020-09-05 18:09:09	django/core/checks/caches.py	False	True	True	True
13389	christasa	2020-09-05 15:42:22	codingjoe	2020-10-16 07:58:59	tests/check_framework/test_caches.py	False	True	True	True
13389	christasa	2020-09-05 15:42:22	codingjoe	2020-10-16 07:58:59	docs/topics/cache.txt	False	True	True	True
13389	christasa	2020-09-05 15:42:22	codingjoe	2020-10-16 07:58:59	docs/ref/checks.txt	False	True	True	True
13389	christasa	2020-09-05 15:42:22	codingjoe	2020-10-16 07:58:59	django/core/checks/caches.py	False	True	True	True
13389	christasa	2020-09-05 15:42:22	felixxm	2020-11-04 11:26:07	tests/check_framework/test_caches.py	False	True	True	True
13389	christasa	2020-09-05 15:42:22	felixxm	2020-11-04 11:26:07	docs/topics/cache.txt	False	True	True	True
13389	christasa	2020-09-05 15:42:22	felixxm	2020-11-04 11:26:07	docs/ref/checks.txt	False	True	True	True
13389	christasa	2020-09-05 15:42:22	felixxm	2020-11-04 11:26:07	django/core/checks/caches.py	False	True	True	True
13389	christasa	2020-09-05 15:42:22	jacobtylerwalls	2020-10-26 14:56:45	tests/check_framework/test_caches.py	False	True	True	True
13389	christasa	2020-09-05 15:42:22	jacobtylerwalls	2020-10-26 14:56:45	docs/topics/cache.txt	False	True	True	True
13389	christasa	2020-09-05 15:42:22	jacobtylerwalls	2020-10-26 14:56:45	docs/ref/checks.txt	False	True	True	True
13389	christasa	2020-09-05 15:42:22	jacobtylerwalls	2020-10-26 14:56:45	django/core/checks/caches.py	False	True	True	True
13389	christasa	2020-09-05 15:42:22	ngnpope	2020-10-21 09:06:26	tests/check_framework/test_caches.py	False	True	True	True
13389	christasa	2020-09-05 15:42:22	ngnpope	2020-10-21 09:06:26	docs/topics/cache.txt	False	True	True	True
13389	christasa	2020-09-05 15:42:22	ngnpope	2020-10-21 09:06:26	docs/ref/checks.txt	False	True	True	True
13389	christasa	2020-09-05 15:42:22	ngnpope	2020-10-21 09:06:26	django/core/checks/caches.py	False	True	True	True
13389	christasa	2020-09-05 15:42:22	ngnpope	2020-10-20 16:40:26	tests/check_framework/test_caches.py	False	True	True	True
13389	christasa	2020-09-05 15:42:22	ngnpope	2020-10-20 16:40:26	docs/topics/cache.txt	False	True	True	True
13389	christasa	2020-09-05 15:42:22	ngnpope	2020-10-20 16:40:26	docs/ref/checks.txt	False	True	True	True
13389	christasa	2020-09-05 15:42:22	ngnpope	2020-10-20 16:40:26	django/core/checks/caches.py	False	True	True	True
13389	christasa	2020-09-05 15:42:22	ngnpope	2020-10-20 15:28:57	tests/check_framework/test_caches.py	False	True	True	True
13389	christasa	2020-09-05 15:42:22	ngnpope	2020-10-20 15:28:57	docs/topics/cache.txt	False	True	True	True
13389	christasa	2020-09-05 15:42:22	ngnpope	2020-10-20 15:28:57	docs/ref/checks.txt	False	True	True	True
13389	christasa	2020-09-05 15:42:22	codingjoe	2020-09-15 12:19:33	docs/topics/cache.txt	False	True	True	True
13389	christasa	2020-09-05 15:42:22	felixxm	2020-10-16 09:33:07	django/core/checks/caches.py	False	True	True	True
13389	christasa	2020-09-05 15:42:22	jacobtylerwalls	2020-09-21 11:42:43	django/core/checks/caches.py	False	True	True	True
13389	christasa	2020-09-05 15:42:22	ngnpope	2020-10-16 11:26:19	docs/ref/checks.txt	False	True	True	True
13389	christasa	2020-09-05 15:42:22	jacobtylerwalls	2020-09-21 11:42:43	docs/ref/checks.txt	False	True	True	True
13389	christasa	2020-09-05 15:42:22	ngnpope	2020-10-17 07:17:49	tests/check_framework/test_caches.py	False	True	True	True
13389	christasa	2020-09-05 15:42:22	ngnpope	2020-10-17 07:17:49	docs/topics/cache.txt	False	True	True	True
13389	christasa	2020-09-05 15:42:22	ngnpope	2020-10-17 07:17:49	docs/ref/checks.txt	False	True	True	True
13389	christasa	2020-09-05 15:42:22	ngnpope	2020-10-17 07:17:49	django/core/checks/caches.py	False	True	True	True
13389	christasa	2020-09-05 15:42:22	ngnpope	2020-10-16 16:21:57	tests/check_framework/test_caches.py	False	True	True	True
13389	christasa	2020-09-05 15:42:22	ngnpope	2020-10-16 16:21:57	docs/topics/cache.txt	False	True	True	True
13389	christasa	2020-09-05 15:42:22	ngnpope	2020-10-16 16:21:57	django/core/checks/caches.py	False	True	True	True
13389	christasa	2020-09-05 15:42:22	codingjoe	2020-10-16 13:14:24	tests/check_framework/test_caches.py	False	True	True	True
13389	christasa	2020-09-05 15:42:22	codingjoe	2020-10-16 13:14:24	docs/topics/cache.txt	False	True	True	True
13389	christasa	2020-09-05 15:42:22	codingjoe	2020-10-16 13:14:24	docs/ref/checks.txt	False	True	True	True
13389	christasa	2020-09-05 15:42:22	codingjoe	2020-10-16 13:14:24	django/core/checks/caches.py	False	True	True	True
13389	christasa	2020-09-05 15:42:22	ngnpope	2020-10-16 11:26:19	tests/check_framework/test_caches.py	False	True	True	True
13389	christasa	2020-09-05 15:42:22	ngnpope	2020-10-16 11:26:19	docs/topics/cache.txt	False	True	True	True
13389	christasa	2020-09-05 15:42:22	ngnpope	2020-10-16 16:21:57	docs/ref/checks.txt	False	True	True	True
13389	christasa	2020-09-05 15:42:22	ngnpope	2020-10-16 11:26:19	django/core/checks/caches.py	False	True	True	True
13389	christasa	2020-09-05 15:42:22	jacobtylerwalls	2020-09-20 23:12:16	docs/ref/checks.txt	False	True	True	True
13389	christasa	2020-09-05 15:42:22	jacobtylerwalls	2020-09-21 11:42:43	tests/check_framework/test_caches.py	False	True	True	True
13389	christasa	2020-09-05 15:42:22	jacobtylerwalls	2020-10-14 01:08:33	django/core/checks/caches.py	False	True	True	True
13389	christasa	2020-09-05 15:42:22	jacobtylerwalls	2020-10-14 01:08:33	docs/ref/checks.txt	False	True	True	True
13389	christasa	2020-09-05 15:42:22	jacobtylerwalls	2020-10-14 01:08:33	docs/topics/cache.txt	False	True	True	True
13389	christasa	2020-09-05 15:42:22	jacobtylerwalls	2020-10-14 01:08:33	tests/check_framework/test_caches.py	False	True	True	True
13389	christasa	2020-09-05 15:42:22	jacobtylerwalls	2020-09-20 23:12:16	django/core/checks/caches.py	False	True	True	True
13389	christasa	2020-09-05 15:42:22	jacobtylerwalls	2020-09-20 23:12:16	docs/topics/cache.txt	False	True	True	True
13389	christasa	2020-09-05 15:42:22	jacobtylerwalls	2020-09-20 23:12:16	tests/check_framework/test_caches.py	False	True	True	True
13389	christasa	2020-09-05 15:42:22	jacobtylerwalls	2020-09-21 11:42:43	docs/topics/cache.txt	False	True	True	True
13389	christasa	2020-09-05 15:42:22	felixxm	2020-10-16 09:33:07	docs/ref/checks.txt	False	True	True	True
13389	christasa	2020-09-05 15:42:22	felixxm	2020-10-16 09:33:07	docs/topics/cache.txt	False	True	True	True
13389	christasa	2020-09-05 15:42:22	felixxm	2020-10-16 09:33:07	tests/check_framework/test_caches.py	False	True	True	True
13388	VladMasarik	2020-09-05 06:59:51	felixxm	2020-09-05 07:45:37	docs/topics/auth/default.txt	True	False	True	True
13388	VladMasarik	2020-09-05 06:59:51	felixxm	2020-09-05 07:45:37	docs/topics/auth/default.txt	False	False	True	True
13386	hramezani	2020-09-04 12:06:05	felixxm	2020-09-04 18:29:12	django/http/response.py	True	True	True	True
13386	hramezani	2020-09-04 12:06:05	felixxm	2020-09-04 18:29:12	docs/ref/request-response.txt	True	True	True	True
13386	hramezani	2020-09-04 12:06:05	felixxm	2020-09-04 18:29:12	tests/responses/test_cookie.py	True	True	True	True
13385	felixxm	2020-09-04 11:08:20	charettes	2020-09-04 13:31:37	tests/migrations/test_operations.py	True	False	False	True
13385	felixxm	2020-09-04 11:08:20	charettes	2020-09-04 13:31:37	django/db/backends/base/schema.py	True	False	False	True
13382	felixxm	2020-09-03 09:38:20	carltongibson	2020-09-03 09:40:53	docs/topics/async.txt	True	False	False	True
13381	jdufresne	2020-09-03 00:05:29	carltongibson	2020-09-03 07:29:16	docs/topics/testing/advanced.txt	True	True	False	True
13381	jdufresne	2020-09-03 00:05:29	carltongibson	2020-09-03 07:29:16	django/test/utils.py	True	True	False	True
13379	felixxm	2020-09-02 10:16:45	carltongibson	2020-09-02 10:27:04	tests/admin_views/tests.py	True	True	False	True
13376	carltongibson	2020-09-01 10:42:01	felixxm	2020-09-02 06:21:31	docs/ref/forms/fields.txt	True	False	False	True
