pr_number	author_user_login	pr_created_at	comment_user_login	comment_created_at	is_review_issue_comment
483	foxx	2012-10-31 20:10:45	timgraham	2012-11-02 22:06:03	True
479	aaugustin	2012-10-30 21:00:33	carljm	2012-10-30 21:59:46	True
475	JanBednarik	2012-10-27 16:32:34	claudep	2013-01-04 13:09:28	True
468	evildmp	2012-10-25 16:30:25	timgraham	2012-11-02 22:34:31	True
467	tomchristie	2012-10-25 09:36:41	mjtamlyn	2012-10-25 15:37:58	True
467	tomchristie	2012-10-25 09:36:41	apollo13	2012-10-25 14:36:48	True
467	tomchristie	2012-10-25 09:36:41	mjtamlyn	2012-10-25 09:46:26	True
464	fanatid	2012-10-24 15:42:17	timgraham	2013-07-19 18:56:31	True
464	fanatid	2012-10-24 15:42:17	galuszkak	2013-05-25 19:29:30	True
464	fanatid	2012-10-24 15:42:17	rybaktomasz	2013-02-23 14:46:12	True
464	fanatid	2012-10-24 15:42:17	Rizach	2012-11-17 18:56:10	True
464	fanatid	2012-10-24 15:42:17	apollo13	2012-10-24 21:42:35	True
442	lqc	2012-10-13 18:28:23	claudep	2012-10-23 16:51:14	True
441	lqc	2012-10-13 14:14:43	claudep	2013-01-24 08:27:54	True
439	fcurella	2012-10-12 18:57:02	claudep	2012-11-23 15:09:43	True
439	fcurella	2012-10-12 18:57:02	claudep	2012-10-19 10:32:42	True
