pr_number	author_user_login	pr_created_at	review_comment_user_login	review_comment_created_at	is_review_review_comment
10458		2018-09-29 10:13:15			
10457	Ubadub	2018-09-29 08:17:20	adamchainz	2018-09-30 08:22:57	True
10457	Ubadub	2018-09-29 08:17:20	adamchainz	2018-09-30 08:22:09	True
10454	arthurio	2018-09-28 05:49:31	adamchainz	2021-03-09 10:55:38	True
10454	arthurio	2018-09-28 05:49:31	adamchainz	2021-03-09 10:54:16	True
10454	arthurio	2018-09-28 05:49:31	adamchainz	2021-03-09 10:54:57	True
10454	arthurio	2018-09-28 05:49:31	adamchainz	2021-03-09 10:53:09	True
10454	arthurio	2018-09-28 05:49:31	auvipy	2019-03-10 02:54:14	True
10454	arthurio	2018-09-28 05:49:31	adamchainz	2021-03-09 10:51:41	True
10454	arthurio	2018-09-28 05:49:31	auvipy	2018-09-28 08:11:43	True
10454	arthurio	2018-09-28 05:49:31	adamchainz	2021-03-09 10:46:03	True
10452		2018-09-27 18:47:57			
10448	apollo13	2018-09-26 12:05:00	adamchainz	2018-09-26 20:25:33	True
10448	apollo13	2018-09-26 12:05:00	charettes	2018-09-28 20:56:59	True
10448	apollo13	2018-09-26 12:05:00	charettes	2018-09-28 20:56:39	True
10448	apollo13	2018-09-26 12:05:00	adamchainz	2018-09-26 20:27:01	True
10448	apollo13	2018-09-26 12:05:00	charettes	2018-09-28 20:56:16	True
10448	apollo13	2018-09-26 12:05:00	charettes	2018-09-28 20:56:00	True
10448	apollo13	2018-09-26 12:05:00	adamchainz	2018-09-26 20:25:08	True
10448	apollo13	2018-09-26 12:05:00	adamchainz	2018-09-28 08:07:05	True
10448	apollo13	2018-09-26 12:05:00	adamchainz	2018-09-28 08:09:04	True
10448	apollo13	2018-09-26 12:05:00	adamchainz	2018-09-26 20:25:05	True
10448	apollo13	2018-09-26 12:05:00	charettes	2018-09-28 20:56:24	True
10447	sir-sigurd	2018-09-26 12:04:52	ngnpope	2018-09-26 12:25:14	True
10446	sir-sigurd	2018-09-26 11:03:17	ngnpope	2018-09-26 12:57:02	True
10446	sir-sigurd	2018-09-26 11:03:17	ngnpope	2018-09-26 12:59:08	True
10445		2018-09-26 04:45:50			
10444		2018-09-26 03:51:18			
10442		2018-09-25 19:53:40			
10440		2018-09-25 12:29:26			
10439	sir-sigurd	2018-09-25 06:50:14	charettes	2018-09-25 11:35:40	True
10438		2018-09-25 05:03:57			
10435	tuffnatty	2018-09-24 11:18:23	timgraham	2018-10-30 18:12:18	True
10435	tuffnatty	2018-09-24 11:18:23	timgraham	2018-10-30 18:11:57	True
10435	tuffnatty	2018-09-24 11:18:23	timgraham	2018-10-30 18:11:11	True
10434	elseagle	2018-09-24 11:07:00	auvipy	2018-09-25 07:04:29	True
10434	elseagle	2018-09-24 11:07:00	auvipy	2018-09-25 03:11:35	True
10428	jdufresne	2018-09-22 18:59:53	carltongibson	2018-10-03 07:47:17	True
10428	jdufresne	2018-09-22 18:59:53	claudep	2018-10-03 06:24:02	True
10428	jdufresne	2018-09-22 18:59:53	timgraham	2018-09-26 17:48:10	True
10427	francoisfreitag	2018-09-22 17:54:39	timgraham	2018-11-14 23:43:45	True
10427	francoisfreitag	2018-09-22 17:54:39	timgraham	2018-11-14 23:38:42	True
10427	francoisfreitag	2018-09-22 17:54:39	timgraham	2018-11-14 23:44:38	True
10427	francoisfreitag	2018-09-22 17:54:39	timgraham	2018-11-14 23:40:39	True
10427	francoisfreitag	2018-09-22 17:54:39	timgraham	2018-11-14 23:41:59	True
10427	francoisfreitag	2018-09-22 17:54:39	timgraham	2018-11-14 23:40:08	True
10427	francoisfreitag	2018-09-22 17:54:39	timgraham	2018-11-14 23:42:17	True
10427	francoisfreitag	2018-09-22 17:54:39	carltongibson	2018-10-04 09:11:55	True
10427	francoisfreitag	2018-09-22 17:54:39	timgraham	2018-11-14 23:38:08	True
10427	francoisfreitag	2018-09-22 17:54:39	carltongibson	2018-10-04 08:59:05	True
10427	francoisfreitag	2018-09-22 17:54:39	carltongibson	2018-10-04 15:14:19	True
10427	francoisfreitag	2018-09-22 17:54:39	timgraham	2018-11-14 23:37:34	True
10427	francoisfreitag	2018-09-22 17:54:39	carltongibson	2018-11-05 15:42:37	True
10427	francoisfreitag	2018-09-22 17:54:39	carltongibson	2018-11-14 12:32:07	True
10427	francoisfreitag	2018-09-22 17:54:39	timgraham	2018-11-14 23:36:54	True
10427	francoisfreitag	2018-09-22 17:54:39	carltongibson	2018-12-20 09:34:43	True
10427	francoisfreitag	2018-09-22 17:54:39	carltongibson	2018-11-05 15:35:33	True
10426	cupjoo	2018-09-22 14:12:29	timgraham	2018-09-28 14:06:21	True
10426	cupjoo	2018-09-22 14:12:29	timgraham	2018-09-29 13:22:45	True
10426	cupjoo	2018-09-22 14:12:29	timgraham	2018-10-01 14:30:31	True
10426	cupjoo	2018-09-22 14:12:29	timgraham	2018-10-01 14:28:59	True
10425	ovalseven8	2018-09-22 13:07:11	hakib	2018-09-23 08:43:37	True
10425	ovalseven8	2018-09-22 13:07:11	arthurio	2018-10-01 04:27:04	True
10421	felixxm	2018-09-20 17:47:38	timgraham	2018-09-25 19:15:10	True
10421	felixxm	2018-09-20 17:47:38	timgraham	2018-09-25 19:20:02	True
10421	felixxm	2018-09-20 17:47:38	timgraham	2018-09-25 19:12:20	True
10421	felixxm	2018-09-20 17:47:38	timgraham	2018-09-25 19:13:48	True
10421	felixxm	2018-09-20 17:47:38	timgraham	2018-09-25 19:20:35	True
10421	felixxm	2018-09-20 17:47:38	timgraham	2018-09-25 19:19:45	True
10420	timgraham	2018-09-19 19:31:57	charettes	2018-09-19 20:26:51	True
10419		2018-09-19 15:27:30			
10418	adamchainz	2018-09-19 14:36:20	joanassum	2018-09-28 21:12:02	True
10417	K0Te	2018-09-19 14:01:03	timgraham	2018-09-20 01:20:32	True
10417	K0Te	2018-09-19 14:01:03	felixxm	2018-09-20 10:47:38	True
10417	K0Te	2018-09-19 14:01:03	timgraham	2018-09-20 01:20:55	True
10417	K0Te	2018-09-19 14:01:03	timgraham	2018-09-20 01:21:46	True
10416	mthpower	2018-09-19 13:21:47	adamchainz	2018-09-19 14:23:51	True
10415	StefanoChiodino	2018-09-19 13:07:45	LilyFoote	2018-09-19 15:44:18	True
10415	StefanoChiodino	2018-09-19 13:07:45	charettes	2018-09-19 13:34:59	True
10415	StefanoChiodino	2018-09-19 13:07:45	charettes	2018-09-19 13:34:48	True
10415	StefanoChiodino	2018-09-19 13:07:45	charettes	2018-09-19 13:34:12	True
10415	StefanoChiodino	2018-09-19 13:07:45	charettes	2018-09-19 13:31:55	True
10414	IgnatiusFlo	2018-09-19 13:06:12	carltongibson	2018-09-24 08:17:50	True
10414	IgnatiusFlo	2018-09-19 13:06:12	jdufresne	2018-09-25 12:29:47	True
10414	IgnatiusFlo	2018-09-19 13:06:12	adamchainz	2018-09-22 15:26:19	True
10414	IgnatiusFlo	2018-09-19 13:06:12	jdufresne	2018-09-25 10:03:58	True
10414	IgnatiusFlo	2018-09-19 13:06:12	adamchainz	2018-09-25 11:42:31	True
10414	IgnatiusFlo	2018-09-19 13:06:12	LilyFoote	2018-09-19 13:31:27	True
10414	IgnatiusFlo	2018-09-19 13:06:12	LilyFoote	2018-09-20 23:07:21	True
10414	IgnatiusFlo	2018-09-19 13:06:12	adamchainz	2018-09-19 14:06:57	True
10414	IgnatiusFlo	2018-09-19 13:06:12	adamchainz	2018-09-22 11:13:50	True
10414	IgnatiusFlo	2018-09-19 13:06:12	LilyFoote	2018-09-22 15:02:59	True
10414	IgnatiusFlo	2018-09-19 13:06:12	timgraham	2018-09-20 18:27:40	True
10414	IgnatiusFlo	2018-09-19 13:06:12	LilyFoote	2018-09-19 13:35:54	True
10414	IgnatiusFlo	2018-09-19 13:06:12	LilyFoote	2018-09-20 23:14:40	True
10414	IgnatiusFlo	2018-09-19 13:06:12	LilyFoote	2018-09-19 13:40:07	True
10414	IgnatiusFlo	2018-09-19 13:06:12	adamchainz	2018-09-22 11:15:01	True
10414	IgnatiusFlo	2018-09-19 13:06:12	LilyFoote	2018-09-19 13:32:01	True
10414	IgnatiusFlo	2018-09-19 13:06:12	LilyFoote	2018-09-19 13:39:56	True
10414	IgnatiusFlo	2018-09-19 13:06:12	LilyFoote	2018-09-19 13:39:23	True
10414	IgnatiusFlo	2018-09-19 13:06:12	adamchainz	2018-09-19 13:48:40	True
10414	IgnatiusFlo	2018-09-19 13:06:12	adamchainz	2018-09-19 13:50:20	True
10414	IgnatiusFlo	2018-09-19 13:06:12	adamchainz	2018-09-19 13:54:32	True
10414	IgnatiusFlo	2018-09-19 13:06:12	adamchainz	2018-09-19 13:56:17	True
10414	IgnatiusFlo	2018-09-19 13:06:12	adamchainz	2018-09-19 13:53:44	True
10412	WouldYouKindly	2018-09-19 11:04:43	felixxm	2018-09-19 16:02:41	True
10412	WouldYouKindly	2018-09-19 11:04:43	adamchainz	2018-09-22 11:26:31	True
10411	cammil	2018-09-19 11:03:53	adamchainz	2018-09-19 12:12:53	True
10411	cammil	2018-09-19 11:03:53	LilyFoote	2018-09-19 15:39:01	True
10411	cammil	2018-09-19 11:03:53	adamchainz	2018-09-19 12:13:10	True
10411	cammil	2018-09-19 11:03:53	adamchainz	2018-09-19 12:10:56	True
10411	cammil	2018-09-19 11:03:53	adamchainz	2018-09-19 12:11:59	True
10410	graingert	2018-09-19 09:57:47	adamchainz	2018-09-19 10:14:05	True
10410	graingert	2018-09-19 09:57:47	adamchainz	2018-09-19 12:17:01	True
10410	graingert	2018-09-19 09:57:47	adamchainz	2018-09-19 12:16:39	True
10410	graingert	2018-09-19 09:57:47	adamchainz	2018-09-19 10:16:26	True
10410	graingert	2018-09-19 09:57:47	adamchainz	2018-09-19 10:15:24	True
10410	graingert	2018-09-19 09:57:47	adamchainz	2018-09-19 10:14:47	True
10410	graingert	2018-09-19 09:57:47	adamchainz	2018-09-19 10:17:35	True
10409		2018-09-19 08:59:08			
10408		2018-09-19 08:54:08			
10406	LilyFoote	2018-09-19 08:47:46	timgraham	2018-11-10 23:48:20	True
10406	LilyFoote	2018-09-19 08:47:46	timgraham	2018-11-10 00:18:45	True
10406	LilyFoote	2018-09-19 08:47:46	charettes	2018-11-11 00:57:05	True
10406	LilyFoote	2018-09-19 08:47:46	charettes	2018-11-10 07:23:09	True
10406	LilyFoote	2018-09-19 08:47:46	charettes	2018-10-27 18:13:31	True
10406	LilyFoote	2018-09-19 08:47:46	timgraham	2018-11-11 00:56:28	True
10406	LilyFoote	2018-09-19 08:47:46	charettes	2018-10-27 18:18:14	True
10406	LilyFoote	2018-09-19 08:47:46	charettes	2018-11-11 00:52:48	True
10406	LilyFoote	2018-09-19 08:47:46	charettes	2018-11-10 00:19:26	True
10403	sir-sigurd	2018-09-18 13:30:28	felixxm	2019-10-23 07:17:13	True
10403	sir-sigurd	2018-09-18 13:30:28	felixxm	2019-10-25 10:36:33	True
10403	sir-sigurd	2018-09-18 13:30:28	ngnpope	2019-10-18 14:27:22	True
10403	sir-sigurd	2018-09-18 13:30:28	felixxm	2019-10-25 10:41:20	True
10403	sir-sigurd	2018-09-18 13:30:28	ngnpope	2019-10-18 14:16:41	True
10403	sir-sigurd	2018-09-18 13:30:28	ngnpope	2019-10-18 14:17:36	True
10403	sir-sigurd	2018-09-18 13:30:28	timgraham	2018-09-18 14:57:03	True
10403	sir-sigurd	2018-09-18 13:30:28	timgraham	2018-09-18 14:57:11	True
10403	sir-sigurd	2018-09-18 13:30:28	timgraham	2018-09-18 14:59:12	True
10403	sir-sigurd	2018-09-18 13:30:28	ngnpope	2018-09-26 12:39:48	True
10403	sir-sigurd	2018-09-18 13:30:28	matthiask	2019-02-24 15:50:38	True
10403	sir-sigurd	2018-09-18 13:30:28	ngnpope	2019-10-18 14:07:51	True
10403	sir-sigurd	2018-09-18 13:30:28	ngnpope	2019-10-18 14:09:58	True
10403	sir-sigurd	2018-09-18 13:30:28	ngnpope	2019-10-18 14:25:27	True
10402	claudep	2018-09-18 12:02:22	timgraham	2018-09-28 15:17:46	True
10402	claudep	2018-09-18 12:02:22	timgraham	2018-09-28 00:01:41	True
10402	claudep	2018-09-18 12:02:22	timgraham	2018-09-28 15:20:11	True
10402	claudep	2018-09-18 12:02:22	charettes	2018-09-28 17:18:26	True
10402	claudep	2018-09-18 12:02:22	charettes	2018-09-28 17:16:12	True
10402	claudep	2018-09-18 12:02:22	charettes	2018-09-28 17:16:00	True
10402	claudep	2018-09-18 12:02:22	charettes	2018-09-29 11:44:08	True
10402	claudep	2018-09-18 12:02:22	timgraham	2018-09-28 00:03:04	True
10402	claudep	2018-09-18 12:02:22	timgraham	2018-09-28 15:21:51	True
10402	claudep	2018-09-18 12:02:22	timgraham	2018-09-27 23:58:23	True
10402	claudep	2018-09-18 12:02:22	timgraham	2018-09-28 00:02:29	True
10402	claudep	2018-09-18 12:02:22	timgraham	2018-09-27 23:55:29	True
10400		2018-09-18 05:44:22			
10398	felixxm	2018-09-17 16:25:38	timgraham	2018-09-17 16:28:43	True
10396	sir-sigurd	2018-09-17 05:42:55	claudep	2018-09-17 13:40:11	True
10395		2018-09-16 19:39:27			
10394	cansarigol	2018-09-16 15:06:39	timgraham	2018-10-05 14:27:44	True
10394	cansarigol	2018-09-16 15:06:39	timgraham	2018-10-05 14:28:28	True
10394	cansarigol	2018-09-16 15:06:39	timgraham	2018-10-05 14:28:59	True
10393	jtiai	2018-09-16 11:49:46	felixxm	2018-09-16 17:52:56	True
10393	jtiai	2018-09-16 11:49:46	felixxm	2018-09-16 17:56:58	True
10392		2018-09-15 11:22:02			
10391	adamchainz	2018-09-14 20:56:20	jeffyancey	2018-09-15 02:41:54	True
10391	adamchainz	2018-09-14 20:56:20	jeffyancey	2018-09-15 02:44:03	True
10390	ahbk	2018-09-14 17:50:40	charettes	2018-09-14 20:17:22	True
10390	ahbk	2018-09-14 17:50:40	charettes	2018-09-14 18:12:40	True
10390	ahbk	2018-09-14 17:50:40	charettes	2019-03-04 02:57:21	True
10390	ahbk	2018-09-14 17:50:40	charettes	2019-03-04 02:57:31	True
10390	ahbk	2018-09-14 17:50:40	charettes	2018-09-14 23:01:41	True
10390	ahbk	2018-09-14 17:50:40	charettes	2018-09-14 20:25:15	True
10388		2018-09-13 18:04:04			
10387	Natim	2018-09-13 14:41:26	claudep	2018-09-18 08:55:49	True
10387	Natim	2018-09-13 14:41:26	carltongibson	2018-09-18 09:22:52	True
10386	przemub	2018-09-13 14:21:35	felixxm	2018-09-14 13:44:19	True
10386	przemub	2018-09-13 14:21:35	felixxm	2018-09-14 13:43:42	True
10386	przemub	2018-09-13 14:21:35	felixxm	2018-09-14 14:00:53	True
10386	przemub	2018-09-13 14:21:35	felixxm	2018-09-14 13:46:54	True
10386	przemub	2018-09-13 14:21:35	carltongibson	2018-09-14 07:29:09	True
10386	przemub	2018-09-13 14:21:35	felixxm	2018-09-14 13:59:51	True
10386	przemub	2018-09-13 14:21:35	carltongibson	2018-09-14 07:27:32	True
10386	przemub	2018-09-13 14:21:35	carltongibson	2018-09-14 07:19:34	True
10386	przemub	2018-09-13 14:21:35	carltongibson	2018-09-14 07:25:17	True
10386	przemub	2018-09-13 14:21:35	carltongibson	2018-09-14 07:18:56	True
10385	ngnpope	2018-09-12 22:23:42	timgraham	2018-09-14 18:40:35	True
10385	ngnpope	2018-09-12 22:23:42	timgraham	2018-09-14 18:44:12	True
10385	ngnpope	2018-09-12 22:23:42	timgraham	2018-09-14 18:50:18	True
10385	ngnpope	2018-09-12 22:23:42	timgraham	2018-09-14 18:50:59	True
10385	ngnpope	2018-09-12 22:23:42	timgraham	2018-09-14 18:42:27	True
10383	jonashaag	2018-09-12 13:24:03	timgraham	2018-09-14 18:29:20	True
10382		2018-09-12 09:01:32			
10381	arthurio	2018-09-12 05:24:27	carltongibson	2018-09-27 07:49:04	True
10381	arthurio	2018-09-12 05:24:27	carltongibson	2018-09-27 07:50:15	True
10381	arthurio	2018-09-12 05:24:27	carltongibson	2018-09-27 08:12:22	True
10381	arthurio	2018-09-12 05:24:27	carltongibson	2018-09-27 08:00:03	True
10381	arthurio	2018-09-12 05:24:27	carltongibson	2018-09-27 08:05:15	True
10381	arthurio	2018-09-12 05:24:27	carltongibson	2018-09-27 07:58:41	True
10381	arthurio	2018-09-12 05:24:27	carltongibson	2018-09-27 07:56:12	True
10381	arthurio	2018-09-12 05:24:27	carltongibson	2018-09-27 08:08:08	True
10381	arthurio	2018-09-12 05:24:27	carltongibson	2018-09-27 07:53:44	True
10381	arthurio	2018-09-12 05:24:27	carltongibson	2018-09-27 08:13:19	True
10381	arthurio	2018-09-12 05:24:27	carltongibson	2018-09-27 07:57:10	True
10381	arthurio	2018-09-12 05:24:27	carltongibson	2018-09-18 09:24:45	True
10381	arthurio	2018-09-12 05:24:27	carltongibson	2018-09-27 07:46:26	True
10381	arthurio	2018-09-12 05:24:27	carltongibson	2018-09-18 09:30:06	True
10381	arthurio	2018-09-12 05:24:27	auvipy	2018-09-18 11:59:13	True
10381	arthurio	2018-09-12 05:24:27	auvipy	2018-09-18 12:00:08	True
10381	arthurio	2018-09-12 05:24:27	carltongibson	2018-09-20 08:00:46	True
10381	arthurio	2018-09-12 05:24:27	carltongibson	2018-09-20 08:03:52	True
10381	arthurio	2018-09-12 05:24:27	carltongibson	2018-09-20 08:06:14	True
10381	arthurio	2018-09-12 05:24:27	carltongibson	2018-09-20 08:14:02	True
10381	arthurio	2018-09-12 05:24:27	carltongibson	2018-09-27 07:39:46	True
10381	arthurio	2018-09-12 05:24:27	carltongibson	2018-09-27 07:55:33	True
10380		2018-09-12 04:03:26			
10379		2018-09-11 15:55:05			
10378	charettes	2018-09-11 04:25:57	LilyFoote	2018-09-11 15:18:47	True
10378	charettes	2018-09-11 04:25:57	LilyFoote	2018-09-11 15:19:42	True
10378	charettes	2018-09-11 04:25:57	ngnpope	2018-09-11 17:10:56	True
10378	charettes	2018-09-11 04:25:57	ngnpope	2018-09-11 21:27:48	True
10378	charettes	2018-09-11 04:25:57	ngnpope	2018-09-11 17:20:08	True
10375	knyghty	2018-09-09 11:38:36	carltongibson	2018-09-10 08:19:41	True
10374	stephenfin	2018-09-08 00:07:13	timgraham	2018-09-11 16:44:28	True
10373	adamchainz	2018-09-07 07:40:14	jeffyancey	2018-09-07 14:42:57	True
10373	adamchainz	2018-09-07 07:40:14	jeffyancey	2018-09-07 14:40:37	True
10373	adamchainz	2018-09-07 07:40:14	jeffyancey	2018-09-07 14:41:06	True
10373	adamchainz	2018-09-07 07:40:14	jeffyancey	2018-09-07 14:40:26	True
10373	adamchainz	2018-09-07 07:40:14	ngnpope	2018-09-07 15:23:02	True
10373	adamchainz	2018-09-07 07:40:14	carltongibson	2018-09-12 08:13:56	True
10372	sdolemelipone	2018-09-06 11:05:34	jeffyancey	2018-09-07 14:33:42	True
10371	dunkelstern	2018-09-06 11:02:14	ngnpope	2018-09-06 11:41:21	True
10370	ahbk	2018-09-06 09:07:50	felixxm	2018-09-06 18:40:19	True
10370	ahbk	2018-09-06 09:07:50	felixxm	2018-09-06 18:31:41	True
10370	ahbk	2018-09-06 09:07:50	felixxm	2018-09-06 18:50:54	True
10369	VishvajitP	2018-09-05 00:35:41	carltongibson	2018-09-05 08:34:55	True
10369	VishvajitP	2018-09-05 00:35:41	carltongibson	2018-09-05 08:25:38	True
10369	VishvajitP	2018-09-05 00:35:41	carltongibson	2018-09-05 08:37:17	True
10366	MyungSeKyo	2018-09-04 07:48:06	charettes	2018-09-10 15:10:38	True
10366	MyungSeKyo	2018-09-04 07:48:06	charettes	2018-09-30 18:56:17	True
10366	MyungSeKyo	2018-09-04 07:48:06	timgraham	2018-10-05 13:54:31	True
10366	MyungSeKyo	2018-09-04 07:48:06	charettes	2018-09-30 18:56:46	True
10366	MyungSeKyo	2018-09-04 07:48:06	timgraham	2018-10-05 13:55:20	True
10366	MyungSeKyo	2018-09-04 07:48:06	timgraham	2018-10-05 13:59:23	True
10366	MyungSeKyo	2018-09-04 07:48:06	timgraham	2018-10-05 14:01:40	True
10366	MyungSeKyo	2018-09-04 07:48:06	charettes	2018-09-30 18:55:56	True
10366	MyungSeKyo	2018-09-04 07:48:06	charettes	2018-09-10 15:10:58	True
10366	MyungSeKyo	2018-09-04 07:48:06	charettes	2018-09-04 13:25:36	True
10366	MyungSeKyo	2018-09-04 07:48:06	charettes	2018-09-19 13:38:38	True
10366	MyungSeKyo	2018-09-04 07:48:06	charettes	2018-09-13 18:26:36	True
10366	MyungSeKyo	2018-09-04 07:48:06	charettes	2018-09-13 18:23:19	True
10366	MyungSeKyo	2018-09-04 07:48:06	charettes	2018-09-13 18:23:06	True
10366	MyungSeKyo	2018-09-04 07:48:06	charettes	2018-09-19 13:38:26	True
10366	MyungSeKyo	2018-09-04 07:48:06	charettes	2018-09-13 18:25:39	True
10366	MyungSeKyo	2018-09-04 07:48:06	charettes	2018-09-30 19:01:47	True
10366	MyungSeKyo	2018-09-04 07:48:06	charettes	2018-10-02 18:39:54	True
10365	VishvajitP	2018-09-03 23:21:22	ngnpope	2018-09-04 09:43:01	True
10365	VishvajitP	2018-09-03 23:21:22	ngnpope	2018-09-05 10:08:36	True
10365	VishvajitP	2018-09-03 23:21:22	claudep	2018-10-08 20:38:19	True
10365	VishvajitP	2018-09-03 23:21:22	ngnpope	2018-09-05 10:20:35	True
10365	VishvajitP	2018-09-03 23:21:22	ngnpope	2018-09-05 10:17:15	True
10365	VishvajitP	2018-09-03 23:21:22	ngnpope	2018-09-05 10:18:04	True
10365	VishvajitP	2018-09-03 23:21:22	ngnpope	2018-09-05 10:19:33	True
10365	VishvajitP	2018-09-03 23:21:22	claudep	2018-10-08 20:33:03	True
10365	VishvajitP	2018-09-03 23:21:22	ngnpope	2018-09-05 10:14:41	True
10365	VishvajitP	2018-09-03 23:21:22	ngnpope	2018-09-05 10:26:49	True
10365	VishvajitP	2018-09-03 23:21:22	ngnpope	2018-09-05 10:26:05	True
10365	VishvajitP	2018-09-03 23:21:22	ngnpope	2018-09-04 09:48:33	True
10365	VishvajitP	2018-09-03 23:21:22	ngnpope	2018-09-04 09:47:59	True
10365	VishvajitP	2018-09-03 23:21:22	ngnpope	2018-09-04 09:46:54	True
10365	VishvajitP	2018-09-03 23:21:22	ngnpope	2018-09-04 09:46:26	True
10365	VishvajitP	2018-09-03 23:21:22	ngnpope	2018-09-04 09:45:23	True
10365	VishvajitP	2018-09-03 23:21:22	ngnpope	2018-09-04 09:43:50	True
10365	VishvajitP	2018-09-03 23:21:22	ngnpope	2018-09-04 09:43:44	True
10364		2018-09-02 17:03:20			
10361	nijel	2018-09-01 14:33:14	charettes	2018-09-01 22:48:08	True
10361	nijel	2018-09-01 14:33:14	charettes	2018-09-01 22:26:48	True
10360		2018-09-01 10:11:01			
10359	claudep	2018-09-01 09:24:48	charettes	2018-09-11 17:47:23	True
10359	claudep	2018-09-01 09:24:48	ngnpope	2018-09-11 17:07:42	True
10359	claudep	2018-09-01 09:24:48	ngnpope	2018-09-11 17:02:33	True
10359	claudep	2018-09-01 09:24:48	ngnpope	2018-09-11 17:06:13	True
10359	claudep	2018-09-01 09:24:48	ngnpope	2018-09-11 21:07:44	True
