pr_number	author_user_login	pr_created_at	commit_user_login	commit_created_at	commit_status_total	commit_status_additions	commit_status_deletions	create_before_pr	is_review_commit
10458	claudep	2018-09-29 10:13:15	claudep	2018-09-29 10:02:47	36	27	9	True	True
10457	Ubadub	2018-09-29 08:17:20	Ubadub	2018-09-29 07:22:27	29	26	3	True	True
10454	arthurio	2018-09-28 05:49:31	arthurio	2018-09-28 05:46:03	135	134	1	True	True
10452	Alick09	2018-09-27 18:47:57	Alick09	2018-09-27 18:44:56	2	2	0	True	True
10448	apollo13	2018-09-26 12:05:00	apollo13	2018-09-27 07:45:10	153	128	25	False	True
10447	sir-sigurd	2018-09-26 12:04:52	sir-sigurd	2018-09-26 12:03:09	33	4	29	True	True
10446	sir-sigurd	2018-09-26 11:03:17	sir-sigurd	2018-09-26 16:38:38	16	6	10	False	True
10446	sir-sigurd	2018-09-26 11:03:17	sir-sigurd	2018-09-24 18:33:06	104	48	56	True	True
10446	sir-sigurd	2018-09-26 11:03:17	sir-sigurd	2018-09-26 18:01:43	6	3	3	False	True
10446	sir-sigurd	2018-09-26 11:03:17	sir-sigurd	2018-09-26 18:06:01	5	3	2	False	True
10446	sir-sigurd	2018-09-26 11:03:17	sir-sigurd	2018-09-27 09:04:42	54	27	27	False	True
10446	sir-sigurd	2018-09-26 11:03:17	sir-sigurd	2018-09-27 10:21:49	5	2	3	False	True
10446	sir-sigurd	2018-09-26 11:03:17	sir-sigurd	2018-09-27 12:01:49	2	1	1	False	True
10446	sir-sigurd	2018-09-26 11:03:17	sir-sigurd	2018-09-27 11:29:11	3	1	2	False	True
10445	jdufresne	2018-09-26 04:45:50	jdufresne	2018-09-26 04:40:03	3	1	2	True	True
10444	jdufresne	2018-09-26 03:51:18	jdufresne	2018-09-26 03:41:52	47	16	31	True	True
10442	felixxm	2018-09-25 19:53:40	felixxm	2018-09-25 19:42:25	11	2	9	True	True
10440	jdufresne	2018-09-25 12:29:26	jdufresne	2018-09-25 12:27:04	68	34	34	True	True
10439	sir-sigurd	2018-09-25 06:50:14	sir-sigurd	2018-09-25 06:48:17	13	3	10	True	True
10438	sir-sigurd	2018-09-25 05:03:57	sir-sigurd	2018-09-25 04:41:26	6	3	3	True	True
10435	tuffnatty	2018-09-24 11:18:23	tuffnatty	2018-10-25 13:11:46	30	30	0	False	True
10435	tuffnatty	2018-09-24 11:18:23	tuffnatty	2018-09-24 11:13:23	4	4	0	True	True
10435	tuffnatty	2018-09-24 11:18:23	tuffnatty	2018-10-24 12:54:12	7	4	3	False	True
10434	elseagle	2018-09-24 11:07:00	elseagle	2018-09-24 11:04:32	2	1	1	True	True
10434	elseagle	2018-09-24 11:07:00	elseagle	2018-09-24 11:05:48	2	1	1	True	True
10434	elseagle	2018-09-24 11:07:00	elseagle	2018-09-25 08:25:44	4	2	2	False	True
10428	jdufresne	2018-09-22 18:59:53	jdufresne	2018-09-22 18:55:20	5	2	3	True	True
10427	francoisfreitag	2018-09-22 17:54:39	francoisfreitag	2018-09-19 08:53:05	99	85	14	True	True
10426	cupjoo	2018-09-22 14:12:29	cupjoo	2018-10-01 14:03:10	66	38	28	False	True
10425	ovalseven8	2018-09-22 13:07:11	ovalseven8	2018-09-22 13:02:20	14	10	4	True	True
10421	felixxm	2018-09-20 17:47:38	felixxm	2018-09-19 20:24:12	111	104	7	True	True
10420	timgraham	2018-09-19 19:31:57	timgraham	2018-09-19 19:27:40	48	28	20	True	True
10419	kingbuzzman	2018-09-19 15:27:30	kingbuzzman	2018-09-19 16:45:15	12	12	0	False	True
10418	adamchainz	2018-09-19 14:36:20	adamchainz	2018-09-19 12:54:44	349	140	209	True	True
10417	K0Te	2018-09-19 14:01:03	K0Te	2018-09-19 13:52:44	19	18	1	True	True
10416	mthpower	2018-09-19 13:21:47	mthpower	2018-09-19 13:17:45	18	17	1	True	True
10415	StefanoChiodino	2018-09-19 13:07:45	StefanoChiodino	2018-09-19 09:48:29	168	126	42	True	True
10414	IgnatiusFlo	2018-09-19 13:06:12	IgnatiusFlo	2018-09-19 13:00:04	65	28	37	True	True
10412	WouldYouKindly	2018-09-19 11:04:43	alexey	2018-09-19 11:03:02	12	12	0	True	True
10411	cammil	2018-09-19 11:03:53	cammil	2018-09-19 10:57:34	36	36	0	True	True
10410	graingert	2018-09-19 09:57:47	graingert	2018-09-19 09:41:22	51	19	32	True	True
10409	LilyFoote	2018-09-19 08:59:08	charettes	2018-08-06 02:24:30	2	1	1	True	True
10408	LilyFoote	2018-09-19 08:54:08	charettes	2018-08-06 02:15:10	68	34	34	True	True
10406	LilyFoote	2018-09-19 08:47:46	charettes	2018-08-06 01:06:52	229	147	82	True	True
10403	sir-sigurd	2018-09-18 13:30:28	sir-sigurd	2019-10-17 08:17:42	94	74	20	False	True
10402	claudep	2018-09-18 12:02:22	claudep	2018-09-18 11:59:10	60	58	2	True	True
10400	Windsooon	2018-09-18 05:44:22	Windsooon	2018-09-18 05:43:17	7	6	1	True	True
10398	felixxm	2018-09-17 16:25:38	timgraham	2018-07-31 15:00:01	24	24	0	True	True
10396	sir-sigurd	2018-09-17 05:42:55	sir-sigurd	2018-09-17 05:39:36	12	6	6	True	True
10395	felixxm	2018-09-16 19:39:27	felixxm	2018-09-16 19:15:36	4	2	2	True	True
10394	cansarigol	2018-09-16 15:06:39	cansarigol	2018-09-16 15:01:13	32	31	1	True	True
10394	cansarigol	2018-09-16 15:06:39	cansarigol	2018-09-16 15:17:06	3	1	2	False	True
10394	cansarigol	2018-09-16 15:06:39	cansarigol	2018-10-06 07:28:36	52	37	15	False	True
10393	jtiai	2018-09-16 11:49:46	jtiai	2018-09-16 11:48:25	18	18	0	True	True
10392	felixxm	2018-09-15 11:22:02	felixxm	2018-09-15 11:05:24	6	5	1	True	True
10391	adamchainz	2018-09-14 20:56:20	adamchainz	2018-09-14 20:55:17	51	28	23	True	True
10390	ahbk	2018-09-14 17:50:40	ahbk	2018-09-14 17:19:44	72	56	16	True	True
10388	felixxm	2018-09-13 18:04:04	felixxm	2018-09-12 20:11:57	145	41	104	True	True
10387	Natim	2018-09-13 14:41:26	Natim	2018-09-13 14:49:07	17	14	3	False	True
10387	Natim	2018-09-13 14:41:26	Natim	2018-09-18 11:31:19	18	13	5	False	True
10387	Natim	2018-09-13 14:41:26	Natim	2018-09-13 14:38:32	7	6	1	True	True
10386	przemub	2018-09-13 14:21:35	przemub	2018-09-13 12:36:14	43	43	0	True	True
10385	ngnpope	2018-09-12 22:23:42	ngnpope	2018-09-12 20:53:24	95	77	18	True	True
10383	jonashaag	2018-09-12 13:24:03	jonashaag	2018-09-12 12:08:21	42	38	4	True	True
10382	AyumuKasuga	2018-09-12 09:01:32	AyumuKasuga	2018-09-12 08:49:56	6	3	3	True	True
10381	arthurio	2018-09-12 05:24:27	arthurio	2018-09-28 05:04:23	423	412	11	False	True
10380	ahbk	2018-09-12 04:03:26	ahbk	2018-09-12 01:18:51	70	63	7	True	True
10379	timgraham	2018-09-11 15:55:05	timgraham	2018-09-11 15:38:19	21	20	1	True	True
10378	charettes	2018-09-11 04:25:57	charettes	2018-09-16 15:23:51	81	57	24	False	True
10375	knyghty	2018-09-09 11:38:36	knyghty	2018-09-09 11:35:44	27	24	3	True	True
10374	stephenfin	2018-09-08 00:07:13	stephenfin	2018-09-08 00:04:37	13	10	3	True	True
10373	adamchainz	2018-09-07 07:40:14	adamchainz	2018-09-07 07:33:19	78	73	5	True	True
10372	sdolemelipone	2018-09-06 11:05:34	Melipone	2018-09-06 11:00:45	7	5	2	True	True
10371	dunkelstern	2018-09-06 11:02:14	dunkelstern	2018-09-06 10:55:55	2	1	1	True	True
10371	dunkelstern	2018-09-06 11:02:14	dunkelstern	2018-09-06 14:10:23	2	1	1	False	True
10370	ahbk	2018-09-06 09:07:50	Alexander Holmbäck	2018-09-06 20:10:20	12	10	2	False	True
10369	VishvajitP	2018-09-05 00:35:41	VishvajitP	2018-09-10 08:35:48	19	10	9	False	True
10366	MyungSeKyo	2018-09-04 07:48:06	MyungSeKyo	2018-10-06 12:02:04	83	80	3	False	True
10365	VishvajitP	2018-09-03 23:21:22	VishvajitP	2018-09-16 05:51:56	9	7	2	False	True
10365	VishvajitP	2018-09-03 23:21:22	VishvajitP	2018-10-07 17:54:43	3	1	2	False	True
10365	VishvajitP	2018-09-03 23:21:22	VishvajitP	2018-10-07 14:15:10	7	5	2	False	True
10364	ovalseven8	2018-09-02 17:03:20	ovalseven8	2018-09-02 16:58:04	7	6	1	True	True
10361	nijel	2018-09-01 14:33:14	nijel	2018-09-01 14:32:35	20	17	3	True	True
10360	jaylett	2018-09-01 10:11:01	jaylett	2018-09-01 10:06:01	2	1	1	True	True
10359	claudep	2018-09-01 09:24:48	gregallensworth	2018-06-27 20:57:05	90	84	6	True	True
