pr_number	author_user_login	pr_created_at	commit_user_login	commit_created_at	commit_status_total	commit_status_additions	commit_status_deletions	create_before_pr	is_review_commit
24802	georgexu99	2020-07-31 00:18:55	georgexu99	2020-08-18 23:19:53	17	4	13	False	True
24802	georgexu99	2020-07-31 00:18:55	georgexu99	2020-07-31 20:16:25	62	41	21	False	True
24802	georgexu99	2020-07-31 00:18:55	georgexu99	2020-08-17 23:25:33	8	7	1	False	True
24802	georgexu99	2020-07-31 00:18:55	georgexu99	2020-08-17 23:27:58	4	4	0	False	True
24802	georgexu99	2020-07-31 00:18:55	georgexu99	2020-08-06 22:55:58	109	97	12	False	True
24802	georgexu99	2020-07-31 00:18:55	georgexu99	2020-08-06 23:27:24	9	8	1	False	True
24802	georgexu99	2020-07-31 00:18:55	georgexu99	2020-08-07 20:33:43	17	8	9	False	True
24802	georgexu99	2020-07-31 00:18:55	georgexu99	2020-07-30 23:37:11	25	14	11	True	True
24802	georgexu99	2020-07-31 00:18:55	georgexu99	2020-08-07 18:59:17	5	0	5	False	True
24802	georgexu99	2020-07-31 00:18:55	georgexu99	2020-08-05 00:49:27	103	89	14	False	True
24802	georgexu99	2020-07-31 00:18:55	georgexu99	2020-07-30 22:02:32	35	35	0	True	True
24802	georgexu99	2020-07-31 00:18:55	georgexu99	2020-08-07 04:39:24	2	1	1	False	True
24802	georgexu99	2020-07-31 00:18:55	georgexu99	2020-08-07 20:02:42	4	1	3	False	True
24802	georgexu99	2020-07-31 00:18:55	georgexu99	2020-08-07 16:53:45	2	1	1	False	True
24802	georgexu99	2020-07-31 00:18:55	georgexu99	2020-08-07 22:00:21	14	7	7	False	True
24802	georgexu99	2020-07-31 00:18:55	georgexu99	2020-08-17 23:32:53	2	2	0	False	True
24802	georgexu99	2020-07-31 00:18:55	georgexu99	2020-08-18 22:29:37	98	29	69	False	True
24802	georgexu99	2020-07-31 00:18:55	georgexu99	2020-08-17 21:45:52	460	239	221	False	True
24802	georgexu99	2020-07-31 00:18:55	georgexu99	2020-08-19 01:00:57	12	6	6	False	True
24802	georgexu99	2020-07-31 00:18:55	georgexu99	2020-08-19 23:20:39	30	24	6	False	True
24802	georgexu99	2020-07-31 00:18:55	georgexu99	2020-08-19 23:49:13	12	5	7	False	True
24802	georgexu99	2020-07-31 00:18:55	georgexu99	2020-08-20 18:13:42	1	1	0	False	True
24802	georgexu99	2020-07-31 00:18:55	georgexu99	2020-08-20 19:24:57	12	5	7	False	True
24801	MarshallOfSound	2020-07-30 23:18:18	MarshallOfSound	2020-07-30 23:16:54	169	169	0	True	True
24799	nornagon	2020-07-30 21:29:23	nornagon	2020-07-30 21:28:56	34	19	15	True	True
24798	sentialx	2020-07-30 17:42:44	sentialx	2020-07-30 19:12:44	19	11	8	False	True
24798	sentialx	2020-07-30 17:42:44	sentialx	2020-08-18 16:22:59	2	1	1	False	True
24798	sentialx	2020-07-30 17:42:44	sentialx	2020-07-30 17:38:40	20	20	0	True	True
24798	sentialx	2020-07-30 17:42:44	sentialx	2020-07-31 00:09:07	1	0	1	False	True
24790	codebytere	2020-07-30 04:04:18	codebytere	2020-07-30 04:02:41	259	126	133	True	True
24788	deepak1556	2020-07-30 02:40:38	deepak1556	2020-07-30 00:45:02	71	55	16	True	True
24787	trop[bot]	2020-07-30 00:45:27	deepak1556	2020-07-29 10:50:25	63	51	12	True	True
24787	trop[bot]	2020-07-30 00:45:27	deepak1556	2020-07-29 23:07:02	2	1	1	True	True
24785	MarshallOfSound	2020-07-29 20:08:09	MarshallOfSound	2020-07-29 20:06:43	336	168	168	True	True
24784	trop[bot]	2020-07-29 19:42:18	MarshallOfSound	2020-07-29 03:51:40	17	13	4	True	True
24783	trop[bot]	2020-07-29 19:42:12	MarshallOfSound	2020-07-29 03:51:40	17	13	4	True	True
24782	nornagon	2020-07-29 19:27:27	MarshallOfSound	2020-07-30 00:43:21	13	5	8	False	True
24782	nornagon	2020-07-29 19:27:27	MarshallOfSound	2020-07-30 00:14:10	41	36	5	False	True
24782	nornagon	2020-07-29 19:27:27	nornagon	2020-07-29 19:25:07	2	1	1	True	True
24782	nornagon	2020-07-29 19:27:27	MarshallOfSound	2020-07-29 19:35:17	9	5	4	False	True
24778	deepak1556	2020-07-29 10:55:21	deepak1556	2020-07-29 10:50:25	63	51	12	True	True
24778	deepak1556	2020-07-29 10:55:21	deepak1556	2020-07-29 23:07:02	2	1	1	False	True
24775	codebytere	2020-07-29 06:44:58	electron-bot	2020-07-29 06:56:03	2	1	1	False	True
24775	codebytere	2020-07-29 06:44:58	codebytere	2020-07-29 06:43:53	33	1	32	True	True
24773	MarshallOfSound	2020-07-29 03:52:40	MarshallOfSound	2020-07-29 03:51:40	17	13	4	True	True
24771	codebytere	2020-07-29 01:43:04	codebytere	2020-07-29 01:40:57	58	58	0	True	True
24771	codebytere	2020-07-29 01:43:04	codebytere	2020-07-29 03:48:10	31	17	14	False	True
24769	nornagon	2020-07-28 22:14:28	nornagon	2020-07-28 22:09:56	8	6	2	True	True
24769	nornagon	2020-07-28 22:14:28	nornagon	2020-07-28 23:26:01	9	4	5	False	True
24768	nornagon	2020-07-28 22:11:54	nornagon	2020-07-28 22:09:56	8	6	2	True	True
24766	deepak1556	2020-07-28 20:43:36	deepak1556	2020-07-28 20:00:44	41	41	0	True	True
24765	deepak1556	2020-07-28 20:26:02	electron-bot	2020-07-28 20:13:25	2	1	1	True	True
24765	deepak1556	2020-07-28 20:26:02	deepak1556	2020-07-28 20:02:57	258	258	0	True	True
24764	trop[bot]	2020-07-28 20:01:09	deepak1556	2020-07-28 05:58:46	17	17	0	True	True
24764	trop[bot]	2020-07-28 20:01:09	deepak1556	2020-07-28 17:44:53	9	9	0	True	True
24764	trop[bot]	2020-07-28 20:01:09	deepak1556	2020-07-28 06:56:38	7	6	1	True	True
24764	trop[bot]	2020-07-28 20:01:09	deepak1556	2020-07-28 05:09:24	10	10	0	True	True
24763	trop[bot]	2020-07-28 20:01:07	deepak1556	2020-07-28 05:58:46	17	17	0	True	True
24763	trop[bot]	2020-07-28 20:01:07	deepak1556	2020-07-28 06:56:38	7	6	1	True	True
24763	trop[bot]	2020-07-28 20:01:07	deepak1556	2020-07-28 17:44:53	9	9	0	True	True
24763	trop[bot]	2020-07-28 20:01:07	deepak1556	2020-07-28 05:09:24	10	10	0	True	True
24762	MarshallOfSound	2020-07-28 18:18:08	MarshallOfSound	2020-07-28 18:17:33	4	4	0	True	True
24761	nornagon	2020-07-28 17:13:32	nornagon	2020-07-29 17:30:54	1	1	0	False	True
24761	nornagon	2020-07-28 17:13:32	nornagon	2020-07-28 18:19:49	4	3	1	False	True
24761	nornagon	2020-07-28 17:13:32	nornagon	2020-07-30 16:24:20	9	9	0	False	True
24761	nornagon	2020-07-28 17:13:32	nornagon	2020-07-29 23:32:55	60	21	39	False	True
24761	nornagon	2020-07-28 17:13:32	nornagon	2020-07-28 19:31:21	13	8	5	False	True
24761	nornagon	2020-07-28 17:13:32	nornagon	2020-07-28 18:24:31	51	48	3	False	True
24761	nornagon	2020-07-28 17:13:32	nornagon	2020-07-28 23:31:00	16	16	0	False	True
24761	nornagon	2020-07-28 17:13:32	nornagon	2020-07-30 00:39:04	1	0	1	False	True
24761	nornagon	2020-07-28 17:13:32	nornagon	2020-07-28 17:12:06	16	16	0	True	True
24761	nornagon	2020-07-28 17:13:32	deepak1556	2020-08-06 23:18:54	40	18	22	False	True
24757	deepak1556	2020-07-28 06:06:14	deepak1556	2020-07-28 05:09:24	10	10	0	True	True
24757	deepak1556	2020-07-28 06:06:14	deepak1556	2020-07-28 06:56:38	7	6	1	False	True
24757	deepak1556	2020-07-28 06:06:14	deepak1556	2020-07-28 17:44:53	9	9	0	False	True
24757	deepak1556	2020-07-28 06:06:14	deepak1556	2020-07-28 05:58:46	17	17	0	True	True
24750	trop[bot]	2020-07-28 01:49:04	electron-bot	2020-08-06 15:39:23	10	5	5	False	True
24750	trop[bot]	2020-07-28 01:49:04	codebytere	2020-08-06 16:09:44	10	6	4	False	True
24750	trop[bot]	2020-07-28 01:49:04	deepak1556	2019-10-18 01:06:35	141	136	5	True	True
24750	trop[bot]	2020-07-28 01:49:04	deepak1556	2020-08-17 17:05:50	7	5	2	False	True
24749	trop[bot]	2020-07-28 01:48:58	deepak1556	2019-10-18 01:06:35	112	107	5	True	True
24749	trop[bot]	2020-07-28 01:48:58	electron-bot	2020-08-05 04:33:08	8	4	4	False	True
24749	trop[bot]	2020-07-28 01:48:58	codebytere	2020-07-28 03:16:59	8	0	8	False	True
24749	trop[bot]	2020-07-28 01:48:58	codebytere	2020-08-05 04:20:44	24	12	12	False	True
24749	trop[bot]	2020-07-28 01:48:58	codebytere	2020-07-27 21:31:22	24	24	0	True	True
24749	trop[bot]	2020-07-28 01:48:58	deepak1556	2019-10-18 01:18:10	12	12	0	True	True
24749	trop[bot]	2020-07-28 01:48:58	electron-bot	2020-07-27 21:46:54	9	5	4	True	True
24748	codebytere	2020-07-27 23:23:50	codebytere	2020-07-27 23:22:44	57	57	0	True	True
24747	MarshallOfSound	2020-07-27 21:08:18	MarshallOfSound	2020-07-23 21:32:38	78	67	11	True	True
24747	MarshallOfSound	2020-07-27 21:08:18	MarshallOfSound	2020-07-29 03:37:21	353	345	8	False	True
24746	MarshallOfSound	2020-07-27 20:30:41	MarshallOfSound	2020-07-15 01:38:54	38	33	5	True	True
24745	trop[bot]	2020-07-27 20:26:42	MarshallOfSound	2020-07-21 17:31:18	8	8	0	True	True
24744	trop[bot]	2020-07-27 20:26:39	MarshallOfSound	2020-07-21 17:31:18	8	8	0	True	True
24743	trop[bot]	2020-07-27 20:26:33	MarshallOfSound	2020-07-21 17:31:18	8	8	0	True	True
24742	trop[bot]	2020-07-27 20:26:27	MarshallOfSound	2020-07-21 17:31:18	8	8	0	True	True
24740	MarshallOfSound	2020-07-27 17:37:35	MarshallOfSound	2020-07-27 17:37:08	4	3	1	True	True
24718	codebytere	2020-07-24 05:30:35	codebytere	2020-07-24 05:28:24	1	1	0	True	True
24716	nornagon	2020-07-24 00:17:02	nornagon	2020-07-24 00:13:13	4	4	0	True	True
24716	nornagon	2020-07-24 00:17:02	nornagon	2020-07-28 18:05:20	2	1	1	False	True
24716	nornagon	2020-07-24 00:17:02	nornagon	2020-07-28 17:02:01	2	1	1	False	True
24713	trop[bot]	2020-07-23 21:33:10	MarshallOfSound	2020-07-13 20:41:23	71	63	8	True	True
24712	trop[bot]	2020-07-23 21:32:48	MarshallOfSound	2020-06-24 16:23:29	8	4	4	True	True
24712	trop[bot]	2020-07-23 21:32:48	MarshallOfSound	2020-07-23 22:36:22	2	1	1	False	True
24712	trop[bot]	2020-07-23 21:32:48	MarshallOfSound	2020-07-20 19:48:41	5	4	1	True	True
24712	trop[bot]	2020-07-23 21:32:48	MarshallOfSound	2020-07-13 18:38:21	6	4	2	True	True
24712	trop[bot]	2020-07-23 21:32:48	MarshallOfSound	2020-07-13 21:52:27	23	13	10	True	True
24712	trop[bot]	2020-07-23 21:32:48	MarshallOfSound	2020-07-16 18:44:54	10	7	3	True	True
24712	trop[bot]	2020-07-23 21:32:48	MarshallOfSound	2020-06-25 16:42:08	76	40	36	True	True
24712	trop[bot]	2020-07-23 21:32:48	MarshallOfSound	2020-06-24 16:50:29	56	50	6	True	True
24712	trop[bot]	2020-07-23 21:32:48	MarshallOfSound	2020-07-15 16:46:16	18	9	9	True	True
24712	trop[bot]	2020-07-23 21:32:48	MarshallOfSound	2020-06-15 21:30:00	11	11	0	True	True
24712	trop[bot]	2020-07-23 21:32:48	MarshallOfSound	2020-06-12 22:50:50	96	89	7	True	True
24712	trop[bot]	2020-07-23 21:32:48	MarshallOfSound	2020-07-16 23:25:10	2	1	1	True	True
24711	trop[bot]	2020-07-23 21:32:45	MarshallOfSound	2020-07-13 21:52:27	23	13	10	True	True
24711	trop[bot]	2020-07-23 21:32:45	MarshallOfSound	2020-06-12 22:50:50	96	89	7	True	True
24711	trop[bot]	2020-07-23 21:32:45	MarshallOfSound	2020-06-15 21:30:00	11	11	0	True	True
24711	trop[bot]	2020-07-23 21:32:45	MarshallOfSound	2020-06-24 16:23:29	8	4	4	True	True
24711	trop[bot]	2020-07-23 21:32:45	MarshallOfSound	2020-06-25 16:42:08	76	40	36	True	True
24711	trop[bot]	2020-07-23 21:32:45	MarshallOfSound	2020-07-23 22:35:55	2	1	1	False	True
24711	trop[bot]	2020-07-23 21:32:45	MarshallOfSound	2020-06-24 16:50:29	56	50	6	True	True
24711	trop[bot]	2020-07-23 21:32:45	MarshallOfSound	2020-07-15 16:46:16	18	9	9	True	True
24711	trop[bot]	2020-07-23 21:32:45	MarshallOfSound	2020-07-20 19:48:41	5	4	1	True	True
24711	trop[bot]	2020-07-23 21:32:45	MarshallOfSound	2020-07-13 18:38:21	6	4	2	True	True
24711	trop[bot]	2020-07-23 21:32:45	MarshallOfSound	2020-07-16 23:25:10	2	1	1	True	True
24711	trop[bot]	2020-07-23 21:32:45	MarshallOfSound	2020-07-16 18:44:54	10	7	3	True	True
24710	MarshallOfSound	2020-07-23 19:05:45	MarshallOfSound	2020-07-23 19:05:08	26	13	13	True	True
24709	MarshallOfSound	2020-07-23 18:40:03	MarshallOfSound	2020-07-23 18:39:21	6	3	3	True	True
24708	CharlieHess	2020-07-23 15:57:56	CharlieHess	2020-08-11 15:16:20	14	7	7	False	True
24708	CharlieHess	2020-07-23 15:57:56	CharlieHess	2020-08-07 17:10:47	2	1	1	False	True
24708	CharlieHess	2020-07-23 15:57:56	CharlieHess	2020-07-23 15:51:15	2	1	1	True	True
24708	CharlieHess	2020-07-23 15:57:56	CharlieHess	2020-08-10 15:38:26	3	2	1	False	True
24707	electron-bot	2020-07-23 13:01:24	codebytere	2020-07-23 20:57:51	80	0	80	False	True
24707	electron-bot	2020-07-23 13:01:24	codebytere	2020-07-24 01:05:43	158	79	79	False	True
24707	electron-bot	2020-07-23 13:01:24	codebytere	2020-07-23 20:56:02	20	0	20	False	True
24707	electron-bot	2020-07-23 13:01:24	codebytere	2020-07-23 20:49:12	65	41	24	False	True
24707	electron-bot	2020-07-23 13:01:24	electron-bot	2020-07-23 13:01:23	2	1	1	True	True
24706	electron-bot	2020-07-23 13:01:20	electron-bot	2020-08-08 13:00:30	2	1	1	False	True
24706	electron-bot	2020-07-23 13:01:20	electron-bot	2020-08-05 13:00:16	2	1	1	False	True
24706	electron-bot	2020-07-23 13:01:20	electron-bot	2020-08-05 13:15:16	18	9	9	False	True
24706	electron-bot	2020-07-23 13:01:20	electron-bot	2020-08-06 13:00:56	2	1	1	False	True
24706	electron-bot	2020-07-23 13:01:20	electron-bot	2020-08-07 13:00:26	2	1	1	False	True
24706	electron-bot	2020-07-23 13:01:20	jkleinsc	2020-08-10 19:56:39	2	1	1	False	True
24706	electron-bot	2020-07-23 13:01:20	electron-bot	2020-08-11 13:00:47	2	1	1	False	True
24706	electron-bot	2020-07-23 13:01:20	electron-bot	2020-08-09 13:01:00	2	1	1	False	True
24706	electron-bot	2020-07-23 13:01:20	electron-bot	2020-08-10 13:00:15	2	1	1	False	True
24706	electron-bot	2020-07-23 13:01:20	electron-bot	2020-08-10 13:17:30	4	2	2	False	True
24706	electron-bot	2020-07-23 13:01:20	electron-bot	2020-08-04 13:16:25	16	8	8	False	True
24706	electron-bot	2020-07-23 13:01:20	jkleinsc	2020-08-10 21:24:20	6	4	2	False	True
24706	electron-bot	2020-07-23 13:01:20	electron-bot	2020-08-04 13:01:22	2	1	1	False	True
24706	electron-bot	2020-07-23 13:01:20	electron-bot	2020-08-03 13:18:26	98	49	49	False	True
24706	electron-bot	2020-07-23 13:01:20	electron-bot	2020-07-25 13:01:18	2	1	1	False	True
24706	electron-bot	2020-07-23 13:01:20	electron-bot	2020-07-24 13:00:45	2	1	1	False	True
24706	electron-bot	2020-07-23 13:01:20	electron-bot	2020-07-28 13:00:17	2	1	1	False	True
24706	electron-bot	2020-07-23 13:01:20	electron-bot	2020-08-11 13:15:59	2	1	1	False	True
24706	electron-bot	2020-07-23 13:01:20	electron-bot	2020-08-03 13:00:41	2	1	1	False	True
24706	electron-bot	2020-07-23 13:01:20	electron-bot	2020-07-23 13:01:18	2	1	1	True	True
24706	electron-bot	2020-07-23 13:01:20	electron-bot	2020-07-26 13:01:22	2	1	1	False	True
24706	electron-bot	2020-07-23 13:01:20	electron-bot	2020-07-27 13:00:34	2	1	1	False	True
24706	electron-bot	2020-07-23 13:01:20	electron-bot	2020-07-29 13:00:33	2	1	1	False	True
24706	electron-bot	2020-07-23 13:01:20	electron-bot	2020-07-30 13:01:02	2	1	1	False	True
24706	electron-bot	2020-07-23 13:01:20	electron-bot	2020-07-31 13:01:07	2	1	1	False	True
24706	electron-bot	2020-07-23 13:01:20	electron-bot	2020-08-01 13:01:12	2	1	1	False	True
24706	electron-bot	2020-07-23 13:01:20	electron-bot	2020-08-02 13:00:15	2	1	1	False	True
24702	trop[bot]	2020-07-23 00:54:59	gerhardberger	2020-07-19 15:57:31	10	0	10	True	True
24702	trop[bot]	2020-07-23 00:54:59	gerhardberger	2020-07-21 11:07:17	18	18	0	True	True
24701	trop[bot]	2020-07-23 00:54:56	gerhardberger	2020-07-19 15:57:31	10	0	10	True	True
24701	trop[bot]	2020-07-23 00:54:56	gerhardberger	2020-07-21 11:07:17	18	18	0	True	True
24699	trop[bot]	2020-07-22 22:29:25	felixrieseberg	2020-07-21 17:23:00	10	5	5	True	True
24699	trop[bot]	2020-07-22 22:29:25	felixrieseberg	2020-07-20 20:33:35	10	1	9	True	True
24699	trop[bot]	2020-07-22 22:29:25	felixrieseberg	2020-07-20 22:49:56	2	1	1	True	True
24698	trop[bot]	2020-07-22 22:29:22	felixrieseberg	2020-07-21 17:23:00	10	5	5	True	True
24698	trop[bot]	2020-07-22 22:29:22	felixrieseberg	2020-07-20 20:33:35	10	1	9	True	True
24698	trop[bot]	2020-07-22 22:29:22	felixrieseberg	2020-07-20 22:49:56	2	1	1	True	True
24694	ckerr	2020-07-22 18:29:54	ckerr	2020-07-22 18:22:37	17	12	5	True	True
24693	MarshallOfSound	2020-07-22 18:20:37	MarshallOfSound	2020-07-22 18:19:10	48	24	24	True	True
24691	loc	2020-07-22 16:43:55	loc	2020-07-22 15:43:14	63	63	0	True	True
24687	electron-bot	2020-07-22 13:00:32	MarshallOfSound	2020-07-29 21:33:48	5	4	1	False	True
24687	electron-bot	2020-07-22 13:00:32	electron-bot	2020-07-24 13:00:51	2	1	1	False	True
24687	electron-bot	2020-07-22 13:00:32	electron-bot	2020-07-26 13:01:27	2	1	1	False	True
24687	electron-bot	2020-07-22 13:00:32	electron-bot	2020-07-28 13:00:21	2	1	1	False	True
24687	electron-bot	2020-07-22 13:00:32	codebytere	2020-07-23 18:30:56	22	0	22	False	True
24687	electron-bot	2020-07-22 13:00:32	codebytere	2020-07-23 18:34:23	200	100	100	False	True
24687	electron-bot	2020-07-22 13:00:32	MarshallOfSound	2020-07-29 20:04:29	238	119	119	False	True
24687	electron-bot	2020-07-22 13:00:32	codebytere	2020-07-23 20:14:33	8	4	4	False	True
24687	electron-bot	2020-07-22 13:00:32	codebytere	2020-07-22 23:19:57	22	14	8	False	True
24687	electron-bot	2020-07-22 13:00:32	electron-bot	2020-07-27 13:00:39	2	1	1	False	True
24687	electron-bot	2020-07-22 13:00:32	MarshallOfSound	2020-07-29 19:01:50	8	4	4	False	True
24687	electron-bot	2020-07-22 13:00:32	electron-bot	2020-07-29 13:00:37	2	1	1	False	True
24687	electron-bot	2020-07-22 13:00:32	MarshallOfSound	2020-07-29 18:59:47	460	211	249	False	True
24687	electron-bot	2020-07-22 13:00:32	codebytere	2020-07-23 17:49:16	25	0	25	False	True
24687	electron-bot	2020-07-22 13:00:32	electron-bot	2020-07-25 13:01:23	2	1	1	False	True
24687	electron-bot	2020-07-22 13:00:32	codebytere	2020-07-23 00:11:50	6	3	3	False	True
24687	electron-bot	2020-07-22 13:00:32	codebytere	2020-07-22 23:37:54	4	3	1	False	True
24687	electron-bot	2020-07-22 13:00:32	codebytere	2020-07-22 23:35:25	14	7	7	False	True
24687	electron-bot	2020-07-22 13:00:32	codebytere	2020-07-23 18:09:35	2	1	1	False	True
24687	electron-bot	2020-07-22 13:00:32	codebytere	2020-07-22 17:53:06	20	10	10	False	True
24687	electron-bot	2020-07-22 13:00:32	codebytere	2020-07-22 18:01:14	2	1	1	False	True
24687	electron-bot	2020-07-22 13:00:32	codebytere	2020-07-22 18:04:27	232	116	116	False	True
24687	electron-bot	2020-07-22 13:00:32	codebytere	2020-07-22 17:57:52	12	6	6	False	True
24687	electron-bot	2020-07-22 13:00:32	electron-bot	2020-07-23 13:01:24	2	1	1	False	True
24687	electron-bot	2020-07-22 13:00:32	electron-bot	2020-07-22 13:00:30	2	1	1	True	True
24687	electron-bot	2020-07-22 13:00:32	codebytere	2020-07-22 20:48:07	23	12	11	False	True
24687	electron-bot	2020-07-22 13:00:32	codebytere	2020-07-23 16:19:06	6	3	3	False	True
24687	electron-bot	2020-07-22 13:00:32	codebytere	2020-07-22 18:00:20	27	0	27	False	True
24687	electron-bot	2020-07-22 13:00:32	codebytere	2020-07-22 23:22:55	5	0	5	False	True
24687	electron-bot	2020-07-22 13:00:32	MarshallOfSound	2020-07-29 19:04:28	38	38	0	False	True
24680	MarshallOfSound	2020-07-22 01:35:41	MarshallOfSound	2020-07-22 01:35:14	2	1	1	True	True
24680	MarshallOfSound	2020-07-22 01:35:41	MarshallOfSound	2020-07-22 01:38:42	2	1	1	False	True
24679	nornagon	2020-07-21 23:25:13	nornagon	2020-07-24 00:24:57	2	2	0	False	True
24679	nornagon	2020-07-21 23:25:13	nornagon	2020-07-28 19:57:47	2	1	1	False	True
24679	nornagon	2020-07-21 23:25:13	nornagon	2020-07-28 19:26:52	2	1	1	False	True
24679	nornagon	2020-07-21 23:25:13	nornagon	2020-07-28 18:08:01	4	2	2	False	True
24679	nornagon	2020-07-21 23:25:13	nornagon	2020-07-21 23:24:37	149	76	73	True	True
24679	nornagon	2020-07-21 23:25:13	nornagon	2020-07-28 18:12:39	3	2	1	False	True
24679	nornagon	2020-07-21 23:25:13	nornagon	2020-07-28 19:58:15	8	4	4	False	True
24679	nornagon	2020-07-21 23:25:13	nornagon	2020-07-23 21:40:24	3	2	1	False	True
24679	nornagon	2020-07-21 23:25:13	nornagon	2020-07-23 21:39:45	8	5	3	False	True
24678	nornagon	2020-07-21 22:50:25	nornagon	2020-07-23 21:46:23	9	6	3	False	True
24678	nornagon	2020-07-21 22:50:25	nornagon	2020-07-21 22:49:38	120	65	55	True	True
24677	nornagon	2020-07-21 22:21:10	nornagon	2020-07-21 22:16:26	96	36	60	True	True
24675	nornagon	2020-07-21 21:41:31	nornagon	2020-07-23 21:36:24	5	3	2	False	True
24675	nornagon	2020-07-21 21:41:31	nornagon	2020-07-24 00:29:39	2	1	1	False	True
24675	nornagon	2020-07-21 21:41:31	nornagon	2020-07-21 21:40:47	141	73	68	True	True
24674	nornagon	2020-07-21 21:16:34	nornagon	2020-07-21 21:15:43	46	24	22	True	True
24674	nornagon	2020-07-21 21:16:34	nornagon	2020-07-23 20:38:34	2	1	1	False	True
24673	nornagon	2020-07-21 21:05:51	nornagon	2020-07-21 21:04:49	51	27	24	True	True
24672	ckerr	2020-07-21 19:21:54	ckerr	2020-07-21 19:11:23	317	134	183	True	True
24671	MarshallOfSound	2020-07-21 19:07:34	MarshallOfSound	2020-07-21 19:25:03	2	1	1	False	True
24671	MarshallOfSound	2020-07-21 19:07:34	MarshallOfSound	2020-07-21 19:04:09	38	25	13	True	True
24670	MarshallOfSound	2020-07-21 17:32:18	MarshallOfSound	2020-07-21 17:31:18	8	8	0	True	True
24667	ckerr	2020-07-21 15:49:32	ckerr	2020-07-21 15:47:21	622	386	236	True	True
24667	ckerr	2020-07-21 15:49:32	ckerr	2020-07-27 16:18:29	28	15	13	False	True
24667	ckerr	2020-07-21 15:49:32	ckerr	2020-07-27 19:04:52	2	2	0	False	True
24667	ckerr	2020-07-21 15:49:32	ckerr	2020-08-05 16:42:59	116	116	0	False	True
24667	ckerr	2020-07-21 15:49:32	ckerr	2020-08-10 15:28:34	23	23	0	False	True
24666	ckerr	2020-07-21 15:40:58	ckerr	2020-07-27 19:05:28	2	2	0	False	True
24666	ckerr	2020-07-21 15:40:58	ckerr	2020-08-05 16:43:37	116	116	0	False	True
24666	ckerr	2020-07-21 15:40:58	ckerr	2020-08-05 19:58:47	23	23	0	False	True
24666	ckerr	2020-07-21 15:40:58	ckerr	2020-07-27 16:16:05	35	19	16	False	True
24666	ckerr	2020-07-21 15:40:58	ckerr	2020-07-21 15:36:42	617	383	234	True	True
24663	electron-bot	2020-07-21 13:00:49	electron-bot	2020-07-22 13:00:24	2	1	1	False	True
24663	electron-bot	2020-07-21 13:00:49	electron-bot	2020-07-21 13:00:47	2	1	1	True	True
24660	zcbenz	2020-07-21 07:02:25	zcbenz	2020-07-21 07:00:07	2	2	0	True	True
24659	koonpeng	2020-07-21 05:01:49	koonpeng	2020-07-24 09:13:34	9	7	2	False	True
24659	koonpeng	2020-07-21 05:01:49	zcbenz	2020-08-03 07:28:19	24	11	13	False	True
24659	koonpeng	2020-07-21 05:01:49	koonpeng	2020-07-25 02:23:07	17	10	7	False	True
24659	koonpeng	2020-07-21 05:01:49	koonpeng	2020-07-08 05:34:56	7	6	1	True	True
24659	koonpeng	2020-07-21 05:01:49	koonpeng	2020-07-24 08:04:11	5	5	0	False	True
24659	koonpeng	2020-07-21 05:01:49	koonpeng	2020-07-24 07:46:44	93	93	0	False	True
24659	koonpeng	2020-07-21 05:01:49	koonpeng	2020-08-05 02:54:57	59	32	27	False	True
24657	trop[bot]	2020-07-21 00:52:02	pfrazee	2020-06-08 15:29:23	30	30	0	True	True
24656	trop[bot]	2020-07-21 00:51:59	pfrazee	2020-06-08 15:29:23	30	30	0	True	True
24655	felixrieseberg	2020-07-20 22:59:50	felixrieseberg	2020-07-20 20:33:35	10	1	9	True	True
24655	felixrieseberg	2020-07-20 22:59:50	felixrieseberg	2020-07-20 22:49:56	2	1	1	True	True
24655	felixrieseberg	2020-07-20 22:59:50	felixrieseberg	2020-07-21 17:23:00	10	5	5	False	True
24654	ckerr	2020-07-20 20:50:23	ckerr	2020-07-20 20:47:04	2	1	1	True	True
24653	trop[bot]	2020-07-20 20:21:29	MarshallOfSound	2020-07-14 22:28:13	17	10	7	True	True
24652	MarshallOfSound	2020-07-20 20:11:21	jkleinsc	2020-07-20 21:02:26	58	50	8	False	True
24652	MarshallOfSound	2020-07-20 20:11:21	jkleinsc	2020-07-20 21:14:58	10	9	1	False	True
24652	MarshallOfSound	2020-07-20 20:11:21	MarshallOfSound	2020-07-20 20:10:19	73	59	14	True	True
24651	nornagon	2020-07-20 19:16:57	nornagon	2020-07-20 22:16:23	5	4	1	False	True
24651	nornagon	2020-07-20 19:16:57	nornagon	2020-07-16 21:31:11	209	147	62	True	True
24651	nornagon	2020-07-20 19:16:57	nornagon	2020-07-20 23:33:44	8	6	2	False	True
24651	nornagon	2020-07-20 19:16:57	nornagon	2020-07-28 18:02:57	1153	715	438	False	True
24651	nornagon	2020-07-20 19:16:57	nornagon	2020-07-21 18:57:23	4	1	3	False	True
24651	nornagon	2020-07-20 19:16:57	nornagon	2020-07-23 20:37:24	1	0	1	False	True
24649	codebytere	2020-07-20 16:35:51	codebytere	2020-07-20 16:35:25	9	8	1	True	True
24648	codebytere	2020-07-20 16:33:16	codebytere	2020-07-20 16:31:43	9	8	1	True	True
24644	ckerr	2020-07-20 02:40:32	ckerr	2020-07-20 16:15:55	26	12	14	False	True
24644	ckerr	2020-07-20 02:40:32	ckerr	2020-07-18 23:02:18	92	45	47	True	True
24644	ckerr	2020-07-20 02:40:32	ckerr	2020-07-19 21:20:55	52	0	52	True	True
24644	ckerr	2020-07-20 02:40:32	ckerr	2020-07-20 02:27:34	150	78	72	True	True
24644	ckerr	2020-07-20 02:40:32	ckerr	2020-07-20 16:14:52	42	20	22	False	True
24642	gerhardberger	2020-07-19 16:04:36	gerhardberger	2020-07-21 11:07:17	18	18	0	False	True
24642	gerhardberger	2020-07-19 16:04:36	gerhardberger	2020-07-19 15:57:31	10	0	10	True	True
24628	electron-bot	2020-07-17 13:00:35	electron-bot	2020-07-19 13:00:35	2	1	1	False	True
24628	electron-bot	2020-07-17 13:00:35	electron-bot	2020-07-20 13:00:16	2	1	1	False	True
24628	electron-bot	2020-07-17 13:00:35	electron-bot	2020-07-17 13:00:33	2	1	1	True	True
24628	electron-bot	2020-07-17 13:00:35	electron-bot	2020-07-18 13:00:14	2	1	1	False	True
24628	electron-bot	2020-07-17 13:00:35	electron-bot	2020-07-20 13:16:28	44	22	22	False	True
24627	zcbenz	2020-07-17 10:32:12	zcbenz	2020-07-17 04:12:20	53	53	0	True	True
24626	zcbenz	2020-07-17 10:31:51	zcbenz	2020-07-17 04:12:20	53	53	0	True	True
24625	zcbenz	2020-07-17 10:31:32	zcbenz	2020-07-17 04:12:20	53	53	0	True	True
24624	zcbenz	2020-07-17 10:29:07	zcbenz	2020-07-17 04:15:11	274	274	0	True	True
24622	zcbenz	2020-07-17 10:17:19	zcbenz	2020-07-17 04:08:41	22	22	0	True	True
24621	zcbenz	2020-07-17 10:17:10	zcbenz	2020-07-17 04:08:41	22	22	0	True	True
24620	zcbenz	2020-07-17 10:13:36	zcbenz	2020-07-17 04:16:56	84	84	0	True	True
24619	zcbenz	2020-07-17 10:11:17	zcbenz	2020-07-17 04:18:45	6315	6315	0	True	True
24618	zcbenz	2020-07-17 10:11:16	zcbenz	2020-07-17 04:18:45	6315	6315	0	True	True
24617	zcbenz	2020-07-17 10:11:15	zcbenz	2020-07-17 04:18:45	6315	6315	0	True	True
24615	zcbenz	2020-07-17 08:29:14	zcbenz	2020-07-17 04:05:51	219	219	0	True	True
24614	zcbenz	2020-07-17 08:28:42	zcbenz	2020-07-17 04:05:51	219	219	0	True	True
24611	MarshallOfSound	2020-07-17 00:27:21	MarshallOfSound	2020-07-17 00:25:52	320	269	51	True	True
24607	MarshallOfSound	2020-07-16 20:08:39	MarshallOfSound	2020-07-16 20:07:33	26	16	10	True	True
24606	MarshallOfSound	2020-07-16 19:04:31	MarshallOfSound	2020-07-16 19:03:56	33	32	1	True	True
24605	nornagon	2020-07-16 19:01:12	nornagon	2020-07-16 18:59:53	111	48	63	True	True
24605	nornagon	2020-07-16 19:01:12	nornagon	2020-07-16 19:10:25	2	1	1	False	True
24604	nornagon	2020-07-16 18:45:42	nornagon	2020-07-16 21:18:29	6352	3600	2752	False	True
24604	nornagon	2020-07-16 18:45:42	nornagon	2020-07-16 18:43:27	75	42	33	True	True
24604	nornagon	2020-07-16 18:45:42	nornagon	2020-07-16 19:19:16	7	6	1	False	True
24603	nornagon	2020-07-16 18:28:56	nornagon	2020-07-16 18:27:36	28	17	11	True	True
24603	nornagon	2020-07-16 18:28:56	nornagon	2020-07-16 21:03:17	6	3	3	False	True
24602	nornagon	2020-07-16 18:21:38	nornagon	2020-07-16 18:20:47	101	58	43	True	True
24600	electron-bot	2020-07-16 13:00:41	electron-bot	2020-07-16 13:00:40	2	1	1	True	True
24600	electron-bot	2020-07-16 13:00:41	electron-bot	2020-07-16 13:14:17	4	2	2	False	True
24598	zcbenz	2020-07-16 12:57:45	zcbenz	2020-07-16 04:13:49	28	28	0	True	True
24596	zcbenz	2020-07-16 12:53:11	zcbenz	2020-07-16 03:58:39	35	34	1	True	True
24595	zcbenz	2020-07-16 12:52:39	zcbenz	2020-07-16 03:58:39	35	34	1	True	True
24594	zcbenz	2020-07-16 12:52:21	zcbenz	2020-07-16 03:58:39	35	34	1	True	True
24592	zcbenz	2020-07-16 11:49:54	zcbenz	2020-07-16 00:47:58	22	22	0	True	True
24587	zcbenz	2020-07-16 09:50:34	zcbenz	2020-07-16 00:43:12	93	92	1	True	True
24586	zcbenz	2020-07-16 09:50:13	zcbenz	2020-07-16 00:43:12	93	92	1	True	True
24585	zcbenz	2020-07-16 09:42:26	zcbenz	2020-07-16 00:40:02	31	31	0	True	True
24584	zcbenz	2020-07-16 09:40:03	zcbenz	2020-07-16 00:40:02	31	31	0	True	True
24582	zcbenz	2020-07-16 09:39:31	zcbenz	2020-07-16 00:40:02	31	31	0	True	True
24579	codebytere	2020-07-16 02:00:17	codebytere	2020-07-16 14:08:12	13	0	13	False	True
24579	codebytere	2020-07-16 02:00:17	codebytere	2020-07-16 06:15:51	25	10	15	False	True
24579	codebytere	2020-07-16 02:00:17	codebytere	2020-07-16 00:28:00	87	67	20	True	True
24579	codebytere	2020-07-16 02:00:17	codebytere	2020-07-16 06:16:18	65	16	49	False	True
24575	electron-bot	2020-07-15 13:00:57	codebytere	2020-07-21 17:14:43	4	2	2	False	True
24575	electron-bot	2020-07-15 13:00:57	electron-bot	2020-07-18 13:00:19	2	1	1	False	True
24575	electron-bot	2020-07-15 13:00:57	jkleinsc	2020-07-16 21:22:29	1	1	0	False	True
24575	electron-bot	2020-07-15 13:00:57	electron-bot	2020-07-19 13:00:39	2	1	1	False	True
24575	electron-bot	2020-07-15 13:00:57	electron-bot	2020-07-20 13:16:27	238	119	119	False	True
24575	electron-bot	2020-07-15 13:00:57	jkleinsc	2020-07-17 01:51:03	2	2	0	False	True
24575	electron-bot	2020-07-15 13:00:57	electron-bot	2020-07-17 13:00:39	2	1	1	False	True
24575	electron-bot	2020-07-15 13:00:57	jkleinsc	2020-07-20 14:00:51	38	8	30	False	True
24575	electron-bot	2020-07-15 13:00:57	electron-bot	2020-07-16 21:45:33	28	0	28	False	True
24575	electron-bot	2020-07-15 13:00:57	electron-bot	2020-07-20 13:00:26	2	1	1	False	True
24575	electron-bot	2020-07-15 13:00:57	codebytere	2020-07-20 17:25:12	18	9	9	False	True
24575	electron-bot	2020-07-15 13:00:57	codebytere	2020-07-20 17:40:04	14	0	14	False	True
24575	electron-bot	2020-07-15 13:00:57	codebytere	2020-07-20 21:06:55	27	27	0	False	True
24575	electron-bot	2020-07-15 13:00:57	codebytere	2020-07-21 02:29:07	41	41	0	False	True
24575	electron-bot	2020-07-15 13:00:57	jkleinsc	2020-07-16 21:05:05	4	2	2	False	True
24575	electron-bot	2020-07-15 13:00:57	electron-bot	2020-07-21 13:00:52	2	1	1	False	True
24575	electron-bot	2020-07-15 13:00:57	jkleinsc	2020-07-16 21:27:19	30	30	0	False	True
24575	electron-bot	2020-07-15 13:00:57	jkleinsc	2020-07-15 18:33:11	4	2	2	False	True
24575	electron-bot	2020-07-15 13:00:57	jkleinsc	2020-07-16 21:08:43	2	1	1	False	True
24575	electron-bot	2020-07-15 13:00:57	jkleinsc	2020-07-15 21:45:57	2	1	1	False	True
24575	electron-bot	2020-07-15 13:00:57	electron-bot	2020-07-15 13:00:55	2	1	1	True	True
24575	electron-bot	2020-07-15 13:00:57	jkleinsc	2020-07-16 21:11:11	1	1	0	False	True
24575	electron-bot	2020-07-15 13:00:57	jkleinsc	2020-07-15 13:48:42	152	76	76	False	True
24575	electron-bot	2020-07-15 13:00:57	jkleinsc	2020-07-15 17:31:35	2	1	1	False	True
24575	electron-bot	2020-07-15 13:00:57	jkleinsc	2020-07-16 21:11:56	30	20	10	False	True
24575	electron-bot	2020-07-15 13:00:57	jkleinsc	2020-07-16 21:07:11	6	3	3	False	True
24575	electron-bot	2020-07-15 13:00:57	jkleinsc	2020-07-15 17:51:09	25	15	10	False	True
24575	electron-bot	2020-07-15 13:00:57	jkleinsc	2020-07-15 21:56:00	36	36	0	False	True
24575	electron-bot	2020-07-15 13:00:57	electron-bot	2020-07-16 13:00:45	2	1	1	False	True
24575	electron-bot	2020-07-15 13:00:57	electron-bot	2020-07-16 13:15:25	174	87	87	False	True
24574	electron-bot	2020-07-15 13:00:50	electron-bot	2020-07-15 13:14:21	2	1	1	False	True
24574	electron-bot	2020-07-15 13:00:50	electron-bot	2020-07-15 13:00:48	2	1	1	True	True
24572	zcbenz	2020-07-15 11:16:49	zcbenz	2020-07-15 07:20:11	84	83	1	True	True
24571	zcbenz	2020-07-15 11:16:31	zcbenz	2020-07-15 07:20:11	84	83	1	True	True
24570	zcbenz	2020-07-15 11:16:19	zcbenz	2020-07-15 07:20:11	84	83	1	True	True
24569	zcbenz	2020-07-15 11:14:01	zcbenz	2020-07-15 07:30:10	33	33	0	True	True
24568	zcbenz	2020-07-15 11:13:38	zcbenz	2020-07-15 07:30:10	33	33	0	True	True
24567	zcbenz	2020-07-15 11:13:21	zcbenz	2020-07-15 07:30:10	35	35	0	True	True
24566	zcbenz	2020-07-15 11:11:20	zcbenz	2020-07-15 07:44:19	771	771	0	True	True
24565	zcbenz	2020-07-15 11:11:01	zcbenz	2020-07-15 07:44:19	772	772	0	True	True
24564	zcbenz	2020-07-15 11:10:43	zcbenz	2020-07-15 07:44:19	768	768	0	True	True
24563	zcbenz	2020-07-15 11:07:58	zcbenz	2020-07-15 07:48:24	205	204	1	True	True
24562	zcbenz	2020-07-15 11:07:38	zcbenz	2020-07-15 07:48:24	205	204	1	True	True
24561	zcbenz	2020-07-15 11:07:08	zcbenz	2020-07-15 07:48:24	201	201	0	True	True
24560	zcbenz	2020-07-15 11:04:59	zcbenz	2020-07-15 07:52:05	90	90	0	True	True
24559	zcbenz	2020-07-15 11:04:46	zcbenz	2020-07-15 07:52:05	90	90	0	True	True
24558	zcbenz	2020-07-15 11:03:28	zcbenz	2020-07-15 07:52:05	90	90	0	True	True
24557	zcbenz	2020-07-15 11:00:47	zcbenz	2020-07-15 07:54:40	92	92	0	True	True
24556	zcbenz	2020-07-15 11:00:08	zcbenz	2020-07-15 07:54:40	99	99	0	True	True
24555	zcbenz	2020-07-15 10:59:39	zcbenz	2020-07-15 07:54:40	99	99	0	True	True
24554	zcbenz	2020-07-15 10:58:07	zcbenz	2020-07-15 07:40:04	44	44	0	True	True
24552	szTheory	2020-07-15 01:58:34	szTheory	2020-07-15 01:57:46	10	5	5	True	True
24551	trop[bot]	2020-07-15 01:39:14	MarshallOfSound	2020-07-13 19:36:46	34	32	2	True	True
24550	szTheory	2020-07-15 01:16:09	szTheory	2020-07-15 01:15:07	4	2	2	True	True
24549	MarshallOfSound	2020-07-14 22:28:36	MarshallOfSound	2020-07-14 22:28:13	17	10	7	True	True
24547	codebytere	2020-07-14 19:57:25	codebytere	2020-07-14 19:56:56	2	1	1	True	True
24546	codebytere	2020-07-14 19:50:26	codebytere	2020-07-14 19:49:40	2	1	1	True	True
24545	MarshallOfSound	2020-07-14 18:18:04	MarshallOfSound	2020-07-14 21:52:24	21	21	0	False	True
24545	MarshallOfSound	2020-07-14 18:18:04	jkleinsc	2020-07-09 21:27:43	2	1	1	True	True
24545	MarshallOfSound	2020-07-14 18:18:04	MarshallOfSound	2020-07-07 04:04:43	227	226	1	True	True
24545	MarshallOfSound	2020-07-14 18:18:04	MarshallOfSound	2020-07-16 19:59:47	7	5	2	False	True
24545	MarshallOfSound	2020-07-14 18:18:04	MarshallOfSound	2020-07-07 19:41:17	93	57	36	True	True
24545	MarshallOfSound	2020-07-14 18:18:04	jkleinsc	2020-07-08 19:59:30	174	144	30	True	True
24545	MarshallOfSound	2020-07-14 18:18:04	MarshallOfSound	2020-07-14 17:28:07	597	511	86	True	True
24545	MarshallOfSound	2020-07-14 18:18:04	MarshallOfSound	2020-07-14 17:49:05	142	15	127	True	True
24545	MarshallOfSound	2020-07-14 18:18:04	MarshallOfSound	2020-07-16 18:34:06	1	0	1	False	True
24545	MarshallOfSound	2020-07-14 18:18:04	MarshallOfSound	2020-07-14 18:17:49	158	79	79	True	True
24545	MarshallOfSound	2020-07-14 18:18:04	MarshallOfSound	2020-07-09 22:21:56	19	18	1	True	True
24545	MarshallOfSound	2020-07-14 18:18:04	MarshallOfSound	2020-07-15 16:58:55	21	21	0	False	True
24545	MarshallOfSound	2020-07-14 18:18:04	MarshallOfSound	2020-07-16 18:52:23	35	0	35	False	True
24545	MarshallOfSound	2020-07-14 18:18:04	MarshallOfSound	2020-07-14 18:59:29	8	3	5	False	True
24544	trop[bot]	2020-07-14 17:47:44	codebytere	2020-07-13 18:40:51	3	3	0	True	True
24544	trop[bot]	2020-07-14 17:47:44	codebytere	2020-07-13 16:55:40	6	5	1	True	True
24543	nornagon	2020-07-14 17:09:19	nornagon	2020-07-14 17:07:51	2652	1278	1374	True	True
24542	codebytere	2020-07-14 16:08:29	codebytere	2020-07-16 03:40:14	14	14	0	False	True
24542	codebytere	2020-07-14 16:08:29	codebytere	2020-07-14 15:56:57	17	3	14	True	True
24541	codebytere	2020-07-14 16:06:52	codebytere	2020-07-14 15:56:57	18	3	15	True	True
24540	codebytere	2020-07-14 16:05:15	codebytere	2020-07-14 15:56:57	22	3	19	True	True
24539	electron-bot	2020-07-14 13:00:39	electron-bot	2020-07-14 13:00:38	2	1	1	True	True
24539	electron-bot	2020-07-14 13:00:39	jkleinsc	2020-07-14 16:59:05	1	1	0	False	True
24539	electron-bot	2020-07-14 13:00:39	jkleinsc	2020-07-14 19:54:40	3	2	1	False	True
24539	electron-bot	2020-07-14 13:00:39	jkleinsc	2020-07-14 21:47:28	2	2	0	False	True
24539	electron-bot	2020-07-14 13:00:39	jkleinsc	2020-07-14 14:38:38	222	91	131	False	True
24538	electron-bot	2020-07-14 13:00:32	electron-bot	2020-07-14 13:00:31	2	1	1	True	True
24534	MarshallOfSound	2020-07-13 20:46:21	MarshallOfSound	2020-07-13 20:41:23	71	63	8	True	True
24533	trop[bot]	2020-07-13 19:42:07	codebytere	2020-07-09 01:54:14	2	1	1	True	True
24532	trop[bot]	2020-07-13 19:41:58	codebytere	2020-07-09 01:54:14	2	1	1	True	True
24531	MarshallOfSound	2020-07-13 19:38:03	MarshallOfSound	2020-07-13 19:36:46	34	32	2	True	True
24529	codebytere	2020-07-13 17:06:35	codebytere	2020-07-13 16:55:40	6	5	1	True	True
24529	codebytere	2020-07-13 17:06:35	codebytere	2020-07-13 18:40:51	3	3	0	False	True
24528	codebytere	2020-07-13 15:42:19	codebytere	2020-07-13 15:54:36	7	1	6	False	True
24528	codebytere	2020-07-13 15:42:19	codebytere	2020-07-12 05:34:44	17	3	14	True	True
24527	trop[bot]	2020-07-13 15:32:23	codebytere	2020-07-09 20:58:09	3	2	1	True	True
24517	loc	2020-07-10 22:37:11	loc	2020-10-07 19:51:04	132	38	94	False	True
24517	loc	2020-07-10 22:37:11	loc	2020-10-07 19:19:47	84	42	42	False	True
24517	loc	2020-07-10 22:37:11	loc	2020-10-07 18:58:35	13	5	8	False	True
24517	loc	2020-07-10 22:37:11	loc	2020-10-01 00:58:56	115	51	64	False	True
24517	loc	2020-07-10 22:37:11	loc	2020-10-06 00:36:09	280	141	139	False	True
24517	loc	2020-07-10 22:37:11	loc	2020-07-22 21:00:23	49	10	39	False	True
24517	loc	2020-07-10 22:37:11	loc	2020-10-06 00:39:57	141	85	56	False	True
24517	loc	2020-07-10 22:37:11	loc	2020-07-28 17:45:07	1175	714	461	False	True
24517	loc	2020-07-10 22:37:11	loc	2020-07-28 20:16:40	6	3	3	False	True
24517	loc	2020-07-10 22:37:11	loc	2020-07-21 17:05:35	31	17	14	False	True
24517	loc	2020-07-10 22:37:11	loc	2020-09-10 20:57:50	495	484	11	False	True
24517	loc	2020-07-10 22:37:11	loc	2020-07-28 14:47:28	5	5	0	False	True
24517	loc	2020-07-10 22:37:11	loc	2020-07-10 22:22:35	4261	2286	1975	True	True
24517	loc	2020-07-10 22:37:11	loc	2020-07-21 19:00:12	4	2	2	False	True
24517	loc	2020-07-10 22:37:11	loc	2020-07-22 19:10:42	127	66	61	False	True
24517	loc	2020-07-10 22:37:11	loc	2020-07-20 16:31:07	24	13	11	False	True
24517	loc	2020-07-10 22:37:11	loc	2020-07-20 16:28:38	22	22	0	False	True
24517	loc	2020-07-10 22:37:11	loc	2020-07-10 22:23:28	2	2	0	True	True
24517	loc	2020-07-10 22:37:11	loc	2020-10-07 20:46:09	12	10	2	False	True
24517	loc	2020-07-10 22:37:11	loc	2020-10-07 19:52:19	862	506	356	False	True
24517	loc	2020-07-10 22:37:11	loc	2020-07-10 20:57:06	94	56	38	True	True
24517	loc	2020-07-10 22:37:11	loc	2020-07-10 19:30:20	99	96	3	True	True
24517	loc	2020-07-10 22:37:11	loc	2020-07-10 20:50:50	1219	717	502	True	True
24517	loc	2020-07-10 22:37:11	loc	2020-04-23 22:46:46	844	479	365	True	True
24517	loc	2020-07-10 22:37:11	loc	2020-04-23 23:09:47	431	218	213	True	True
24517	loc	2020-07-10 22:37:11	loc	2020-07-10 16:08:45	193	137	56	True	True
24516	trop[bot]	2020-07-10 20:58:03	samccone	2020-07-09 03:58:59	2	1	1	True	True
24515	trop[bot]	2020-07-10 20:58:00	samccone	2020-07-09 03:58:59	2	1	1	True	True
24514	trop[bot]	2020-07-10 20:57:57	samccone	2020-07-09 03:58:59	2	1	1	True	True
24513	MarshallOfSound	2020-07-10 20:02:35	MarshallOfSound	2020-07-10 20:01:55	120	60	60	True	True
24512	MarshallOfSound	2020-07-10 19:57:40	MarshallOfSound	2020-07-10 19:56:06	157	92	65	True	True
24512	MarshallOfSound	2020-07-10 19:57:40	MarshallOfSound	2020-07-11 03:35:38	120	60	60	False	True
24512	MarshallOfSound	2020-07-10 19:57:40	MarshallOfSound	2020-07-11 03:36:45	2	1	1	False	True
24511	MarshallOfSound	2020-07-10 18:39:27	MarshallOfSound	2020-06-03 17:15:59	857	491	366	True	True
24508	codebytere	2020-07-10 17:20:24	jkleinsc	2020-07-13 18:08:05	17	8	9	False	True
24508	codebytere	2020-07-10 17:20:24	codebytere	2020-07-10 17:15:11	69	60	9	True	True
24507	codebytere	2020-07-10 17:17:09	codebytere	2020-07-10 17:15:11	79	65	14	True	True
24503	electron-bot	2020-07-10 13:01:00	electron-bot	2020-07-13 13:16:31	16	8	8	False	True
24503	electron-bot	2020-07-10 13:01:00	electron-bot	2020-07-12 13:00:12	2	1	1	False	True
24503	electron-bot	2020-07-10 13:01:00	electron-bot	2020-07-11 13:00:20	2	1	1	False	True
24503	electron-bot	2020-07-10 13:01:00	electron-bot	2020-07-10 13:00:59	2	1	1	True	True
24503	electron-bot	2020-07-10 13:01:00	electron-bot	2020-07-13 13:00:16	2	1	1	False	True
24497	MarshallOfSound	2020-07-10 00:58:07	MarshallOfSound	2020-07-10 00:57:06	5	2	3	True	True
24496	MarshallOfSound	2020-07-10 00:56:03	MarshallOfSound	2020-07-10 00:53:37	4	3	1	True	True
24495	MarshallOfSound	2020-07-10 00:52:00	MarshallOfSound	2020-07-10 02:46:54	181	122	59	False	True
24495	MarshallOfSound	2020-07-10 00:52:00	MarshallOfSound	2020-07-10 00:50:39	1624	818	806	True	True
24494	georgexu99	2020-07-10 00:48:46	georgexu99	2020-07-28 21:47:29	5	4	1	False	True
24494	georgexu99	2020-07-10 00:48:46	georgexu99	2020-07-28 19:57:21	337	322	15	False	True
24492	MarshallOfSound	2020-07-09 23:46:49	MarshallOfSound	2020-07-09 23:45:37	32	16	16	True	True
24491	deepak1556	2020-07-09 23:33:45	deepak1556	2020-07-09 23:30:04	100	100	0	True	True
24490	deepak1556	2020-07-09 23:18:47	deepak1556	2020-07-09 23:15:31	884	884	0	True	True
24490	deepak1556	2020-07-09 23:18:47	electron-bot	2020-07-09 23:28:05	2	1	1	False	True
24489	codebytere	2020-07-09 21:00:49	codebytere	2020-07-09 20:58:09	3	2	1	True	True
24488	nornagon	2020-07-09 18:36:08	nornagon	2020-07-09 18:32:02	79	3	76	True	True
24487	electron-bot	2020-07-09 18:21:01	electron-bot	2020-07-09 18:20:59	2	1	1	True	True
24486	nornagon	2020-07-09 18:05:57	nornagon	2020-07-09 19:19:42	2	1	1	False	True
24486	nornagon	2020-07-09 18:05:57	nornagon	2020-07-09 18:07:36	2	1	1	False	True
24486	nornagon	2020-07-09 18:05:57	nornagon	2020-07-09 17:37:53	82	55	27	True	True
24485	codebytere	2020-07-09 16:52:55	codebytere	2020-07-09 16:47:13	34	34	0	True	True
24483	sentialx	2020-07-09 14:24:05	sentialx	2020-07-09 14:19:00	14	10	4	True	True
24483	sentialx	2020-07-09 14:24:05	sentialx	2020-07-16 13:39:28	13	13	0	False	True
24483	sentialx	2020-07-09 14:24:05	nornagon	2020-07-28 22:31:41	2	1	1	False	True
24483	sentialx	2020-07-09 14:24:05	sentialx	2020-07-30 12:12:41	13	9	4	False	True
24483	sentialx	2020-07-09 14:24:05	sentialx	2020-07-30 12:13:39	3	2	1	False	True
24480	MarshallOfSound	2020-07-09 08:32:45	MarshallOfSound	2020-07-09 18:09:33	70	57	13	False	True
24479	MarshallOfSound	2020-07-09 08:29:07	MarshallOfSound	2020-07-09 08:19:47	1164	497	667	True	True
24477	nagata-yoshiteru	2020-07-09 06:58:33	nagata-yoshiteru	2020-07-09 06:44:07	2	1	1	True	True
24476	codebytere	2020-07-09 06:43:26	codebytere	2020-07-09 06:25:38	53	45	8	True	True
24476	codebytere	2020-07-09 06:43:26	codebytere	2020-07-09 19:47:10	24	18	6	False	True
24476	codebytere	2020-07-09 06:43:26	codebytere	2020-07-09 20:34:07	2	2	0	False	True
24475	MarshallOfSound	2020-07-09 04:27:51	MarshallOfSound	2020-07-09 04:27:32	102	69	33	True	True
24474	MarshallOfSound	2020-07-09 04:24:30	MarshallOfSound	2020-07-09 04:24:02	73	45	28	True	True
24473	samccone	2020-07-09 04:02:30	samccone	2020-07-09 03:58:59	2	1	1	True	True
24471	codebytere	2020-07-09 01:58:51	codebytere	2020-07-09 01:54:14	2	1	1	True	True
24470	nornagon	2020-07-08 22:56:14	nornagon	2020-08-03 22:49:57	2	2	0	False	True
24470	nornagon	2020-07-08 22:56:14	nornagon	2020-07-28 19:14:10	40	30	10	False	True
24470	nornagon	2020-07-08 22:56:14	nornagon	2020-07-28 19:16:10	3	2	1	False	True
24470	nornagon	2020-07-08 22:56:14	nornagon	2020-08-03 21:57:54	1585	1158	427	False	True
24470	nornagon	2020-07-08 22:56:14	nornagon	2020-07-28 21:11:12	771	0	771	False	True
24470	nornagon	2020-07-08 22:56:14	nornagon	2020-07-28 21:26:17	3	2	1	False	True
24470	nornagon	2020-07-08 22:56:14	nornagon	2020-07-08 23:10:23	29	0	29	False	True
24470	nornagon	2020-07-08 22:56:14	nornagon	2020-07-08 22:54:13	192	108	84	True	True
24470	nornagon	2020-07-08 22:56:14	nornagon	2020-08-03 22:12:46	6	4	2	False	True
24469	trop[bot]	2020-07-08 22:03:08	deepak1556	2020-07-08 08:21:46	29	4	25	True	True
24468	trop[bot]	2020-07-08 22:03:05	deepak1556	2020-07-08 08:21:46	29	4	25	True	True
24467	trop[bot]	2020-07-08 22:03:03	deepak1556	2020-07-08 08:21:46	29	4	25	True	True
24466	MarshallOfSound	2020-07-08 21:34:42	MarshallOfSound	2020-07-08 21:33:31	1	0	1	True	True
24464	trop[bot]	2020-07-08 18:01:16	codebytere	2020-07-06 18:36:43	2	1	1	True	True
24464	trop[bot]	2020-07-08 18:01:16	codebytere	2020-07-01 15:37:39	42	23	19	True	True
24463	trop[bot]	2020-07-08 18:01:10	codebytere	2020-07-06 18:36:43	2	1	1	True	True
24463	trop[bot]	2020-07-08 18:01:10	codebytere	2020-07-01 15:37:39	42	23	19	True	True
24462	trop[bot]	2020-07-08 18:01:07	codebytere	2020-07-01 15:37:39	42	23	19	True	True
24462	trop[bot]	2020-07-08 18:01:07	codebytere	2020-07-06 18:36:43	2	1	1	True	True
24461	MarshallOfSound	2020-07-08 17:37:01	MarshallOfSound	2020-07-08 17:36:34	1147	700	447	True	True
24460	MarshallOfSound	2020-07-08 17:00:00	MarshallOfSound	2020-07-09 00:18:35	9	7	2	False	True
24460	MarshallOfSound	2020-07-08 17:00:00	MarshallOfSound	2020-07-08 16:59:25	604	326	278	True	True
24459	MarshallOfSound	2020-07-08 16:57:03	MarshallOfSound	2020-07-08 16:56:36	22	11	11	True	True
24454	deepak1556	2020-07-08 08:24:50	deepak1556	2020-07-08 08:21:46	29	4	25	True	True
24452	codebytere	2020-07-08 02:51:58	codebytere	2020-07-08 03:07:31	106	43	63	False	True
24452	codebytere	2020-07-08 02:51:58	codebytere	2020-07-07 23:30:36	104	98	6	True	True
24452	codebytere	2020-07-08 02:51:58	codebytere	2020-07-08 18:14:14	37	30	7	False	True
24452	codebytere	2020-07-08 02:51:58	codebytere	2020-07-08 16:00:17	7	3	4	False	True
24450	trop[bot]	2020-07-07 21:18:59	codebytere	2020-07-07 17:39:21	5	5	0	True	True
24450	trop[bot]	2020-07-07 21:18:59	codebytere	2020-07-07 17:58:04	17	8	9	True	True
24440	codebytere	2020-07-07 02:21:29	codebytere	2020-07-07 02:11:57	19	6	13	True	True
24437	codebytere	2020-07-06 20:49:59	codebytere	2020-07-13 21:09:00	511	503	8	False	True
24437	codebytere	2020-07-06 20:49:59	codebytere	2020-07-15 18:41:55	6	4	2	False	True
24437	codebytere	2020-07-06 20:49:59	codebytere	2020-07-14 16:44:12	8	4	4	False	True
24437	codebytere	2020-07-06 20:49:59	codebytere	2020-07-15 21:28:29	18	5	13	False	True
24437	codebytere	2020-07-06 20:49:59	codebytere	2020-07-15 03:33:33	14	7	7	False	True
24437	codebytere	2020-07-06 20:49:59	codebytere	2020-07-14 16:55:00	42	39	3	False	True
24437	codebytere	2020-07-06 20:49:59	codebytere	2020-07-15 03:12:52	2	1	1	False	True
24437	codebytere	2020-07-06 20:49:59	codebytere	2020-07-07 16:15:26	59	24	35	False	True
24437	codebytere	2020-07-06 20:49:59	codebytere	2020-07-07 01:48:19	3	2	1	False	True
24437	codebytere	2020-07-06 20:49:59	codebytere	2020-07-07 01:43:01	7	6	1	False	True
24437	codebytere	2020-07-06 20:49:59	codebytere	2020-07-06 15:46:32	147	147	0	True	True
24437	codebytere	2020-07-06 20:49:59	codebytere	2020-07-15 18:37:45	36	18	18	False	True
24436	codebytere	2020-07-06 18:34:55	codebytere	2020-07-06 18:36:43	2	1	1	False	True
24436	codebytere	2020-07-06 18:34:55	codebytere	2020-07-01 15:37:39	42	23	19	True	True
24435	MarshallOfSound	2020-07-06 17:57:53	MarshallOfSound	2020-07-06 17:57:21	8	4	4	True	True
24433	MarshallOfSound	2020-07-06 17:23:41	MarshallOfSound	2020-07-06 17:21:28	9	7	2	True	True
24432	trop[bot]	2020-07-06 17:10:10	miniak	2020-07-03 10:39:43	2	1	1	True	True
24420	belenko	2020-07-03 17:09:38	belenko	2020-07-03 16:50:41	146	146	0	True	True
24420	belenko	2020-07-03 17:09:38	belenko	2020-07-03 17:23:57	1	0	1	False	True
24419	belenko	2020-07-03 17:05:58	belenko	2020-07-03 15:36:34	141	141	0	True	True
24419	belenko	2020-07-03 17:05:58	belenko	2020-07-03 15:37:09	93	93	0	True	True
24419	belenko	2020-07-03 17:05:58	electron-bot	2020-07-03 16:00:14	2	0	2	True	True
24418	trop[bot]	2020-07-03 16:20:04	codebytere	2020-07-01 20:25:39	4	2	2	True	True
24417	trop[bot]	2020-07-03 16:19:55	codebytere	2020-07-01 20:25:39	4	2	2	True	True
24416	trop[bot]	2020-07-03 16:19:51	codebytere	2020-07-01 20:25:39	4	2	2	True	True
24415	trop[bot]	2020-07-03 16:19:22	codebytere	2020-07-02 05:10:11	65	65	0	True	True
24414	trop[bot]	2020-07-03 16:19:16	codebytere	2020-07-02 05:10:11	65	65	0	True	True
24413	trop[bot]	2020-07-03 16:19:13	codebytere	2020-07-02 05:10:11	65	65	0	True	True
24410	miniak	2020-07-03 10:42:36	miniak	2020-07-03 10:39:43	2	1	1	True	True
24406	trop[bot]	2020-07-03 06:05:00	codebytere	2020-07-02 03:07:02	23	18	5	True	True
24405	trop[bot]	2020-07-03 06:04:57	codebytere	2020-07-02 03:07:02	23	18	5	True	True
24404	trop[bot]	2020-07-03 06:04:51	codebytere	2020-07-02 03:07:02	23	18	5	True	True
24399	deepak1556	2020-07-02 20:48:51	deepak1556	2020-07-02 20:04:20	69	66	3	True	True
24398	trop[bot]	2020-07-02 20:05:11	deepak1556	2020-06-17 03:34:36	69	66	3	True	True
24397	trop[bot]	2020-07-02 20:05:05	deepak1556	2020-06-17 03:34:36	69	66	3	True	True
24396	nornagon	2020-07-02 15:33:26	nornagon	2020-07-07 21:43:49	2	1	1	False	True
24396	nornagon	2020-07-02 15:33:26	nornagon	2020-07-07 21:44:21	2430	1969	461	False	True
24396	nornagon	2020-07-02 15:33:26	nornagon	2020-07-06 17:38:17	2	1	1	False	True
24396	nornagon	2020-07-02 15:33:26	nornagon	2020-07-02 18:33:09	4	2	2	False	True
24396	nornagon	2020-07-02 15:33:26	nornagon	2020-07-02 15:31:30	4	2	2	True	True
24394	codebytere	2020-07-02 05:12:29	codebytere	2020-07-02 05:10:11	65	65	0	True	True
24391	codebytere	2020-07-01 20:27:51	codebytere	2020-07-01 20:25:39	4	2	2	True	True
24390	adill	2020-07-01 19:40:10	adill	2020-07-01 19:29:23	6	4	2	True	True
24387	trop[bot]	2020-07-01 15:07:11	jkleinsc	2020-06-30 23:54:33	1	1	0	True	True
24382	jkleinsc	2020-07-01 13:56:13	jkleinsc	2020-06-30 23:54:33	1	1	0	True	True
24381	electron-bot	2020-07-01 13:01:04	electron-bot	2020-07-01 13:12:30	22	11	11	False	True
24381	electron-bot	2020-07-01 13:01:04	electron-bot	2020-07-01 13:01:02	2	1	1	True	True
24376	arielsilvestri	2020-07-01 00:04:27	jon	2020-08-12 14:21:04	127	74	53	False	True
