pr_number	author_user_login	pr_created_at	commit_user_login	commit_created_at	commit_status_total	commit_status_additions	commit_status_deletions	create_before_pr	is_review_commit
20065	koralcem	2019-08-31 21:28:12	koralcem	2019-09-04 17:07:07	2	1	1	False	True
20065	koralcem	2019-08-31 21:28:12	koralcem	2019-08-31 21:24:38	8	4	4	True	True
20062	electron-bot	2019-08-31 13:02:08	MarshallOfSound	2019-08-29 23:02:13	2	1	1	True	True
20062	electron-bot	2019-08-31 13:02:08	jkleinsc	2019-09-17 17:55:04	154	77	77	False	True
20062	electron-bot	2019-08-31 13:02:08	deepak1556	2019-09-09 22:09:34	25	0	25	False	True
20062	electron-bot	2019-08-31 13:02:08	jkleinsc	2019-09-17 23:16:13	33	19	14	False	True
20062	electron-bot	2019-08-31 13:02:08	deepak1556	2019-09-09 22:50:03	61	33	28	False	True
20062	electron-bot	2019-08-31 13:02:08	deepak1556	2019-09-10 20:27:27	5	3	2	False	True
20062	electron-bot	2019-08-31 13:02:08	deepak1556	2019-09-10 00:45:21	24	19	5	False	True
20062	electron-bot	2019-08-31 13:02:08	jkleinsc	2019-09-18 15:08:41	32	32	0	False	True
20062	electron-bot	2019-08-31 13:02:08	deepak1556	2019-09-10 00:32:33	10	6	4	False	True
20062	electron-bot	2019-08-31 13:02:08	codebytere	2019-09-06 15:12:38	2	1	1	False	True
20062	electron-bot	2019-08-31 13:02:08	deepak1556	2019-09-09 19:51:52	12	7	5	False	True
20062	electron-bot	2019-08-31 13:02:08	deepak1556	2019-09-10 00:31:18	1	1	0	False	True
20062	electron-bot	2019-08-31 13:02:08	electron-bot	2019-09-07 13:00:12	2	1	1	False	True
20062	electron-bot	2019-08-31 13:02:08	electron-bot	2019-09-05 13:00:57	2	1	1	False	True
20062	electron-bot	2019-08-31 13:02:08	codebytere	2019-09-04 16:09:51	1	1	0	False	True
20062	electron-bot	2019-08-31 13:02:08	codebytere	2019-09-04 16:02:19	174	0	174	False	True
20062	electron-bot	2019-08-31 13:02:08	electron-bot	2019-08-31 13:02:07	2	1	1	True	True
20062	electron-bot	2019-08-31 13:02:08	ryzokuken	2019-09-06 04:32:36	24	0	24	False	True
20062	electron-bot	2019-08-31 13:02:08	electron-bot	2019-09-04 13:01:09	2	1	1	False	True
20062	electron-bot	2019-08-31 13:02:08	ryzokuken	2019-09-05 20:31:42	219	110	109	False	True
20062	electron-bot	2019-08-31 13:02:08	electron-bot	2019-09-06 13:00:17	2	1	1	False	True
20062	electron-bot	2019-08-31 13:02:08	deepak1556	2019-09-10 22:07:52	54	54	0	False	True
20062	electron-bot	2019-08-31 13:02:08	electron-bot	2019-09-03 13:00:25	2	1	1	False	True
20062	electron-bot	2019-08-31 13:02:08	electron-bot	2019-09-02 13:01:05	2	1	1	False	True
20062	electron-bot	2019-08-31 13:02:08	electron-bot	2019-09-01 13:00:35	2	1	1	False	True
20061	electron-bot	2019-08-31 13:02:05	electron-bot	2019-09-02 13:01:02	2	1	1	False	True
20061	electron-bot	2019-08-31 13:02:05	electron-bot	2019-09-01 13:00:33	2	1	1	False	True
20061	electron-bot	2019-08-31 13:02:05	electron-bot	2019-08-31 13:02:04	2	1	1	True	True
20061	electron-bot	2019-08-31 13:02:05	electron-bot	2019-09-03 13:00:23	2	1	1	False	True
20060	miniak	2019-08-31 12:16:47	miniak	2019-08-31 12:15:41	40	22	18	True	True
20057	nornagon	2019-08-31 00:08:52	nornagon	2019-08-31 00:08:24	102	47	55	True	True
20056	nornagon	2019-08-30 23:41:56	nornagon	2019-08-30 23:40:55	27	13	14	True	True
20055	nornagon	2019-08-30 23:36:58	nornagon	2019-08-30 23:35:47	496	237	259	True	True
20053	trop[bot]	2019-08-30 22:46:17	MarshallOfSound	2019-08-30 21:29:34	15	14	1	True	True
20052	trop[bot]	2019-08-30 22:46:16	MarshallOfSound	2019-08-30 21:29:34	15	14	1	True	True
20051	MarshallOfSound	2019-08-30 21:31:58	MarshallOfSound	2019-08-30 21:29:34	15	14	1	True	True
20050	aegarbutt	2019-08-30 19:57:33	aegarbutt	2019-08-30 19:44:17	64	24	40	True	True
20049	nornagon	2019-08-30 19:27:10	nornagon	2019-08-30 19:24:18	1	1	0	True	True
20048	nornagon	2019-08-30 19:21:16	nornagon	2019-08-30 19:17:47	1075	567	508	True	True
20046	trop[bot]	2019-08-30 14:40:24	codebytere	2019-08-29 04:49:59	10	10	0	True	True
20046	trop[bot]	2019-08-30 14:40:24	codebytere	2019-08-29 15:06:47	11	11	0	True	True
20046	trop[bot]	2019-08-30 14:40:24	codebytere	2019-08-30 03:14:31	4	0	4	True	True
20046	trop[bot]	2019-08-30 14:40:24	codebytere	2019-08-29 05:01:57	10	8	2	True	True
20046	trop[bot]	2019-08-30 14:40:24	codebytere	2019-08-29 21:47:11	14	8	6	True	True
20045	trop[bot]	2019-08-30 14:40:23	codebytere	2019-08-29 21:47:11	14	8	6	True	True
20045	trop[bot]	2019-08-30 14:40:23	codebytere	2019-08-29 04:49:59	10	10	0	True	True
20045	trop[bot]	2019-08-30 14:40:23	codebytere	2019-08-29 05:01:57	10	8	2	True	True
20045	trop[bot]	2019-08-30 14:40:23	codebytere	2019-08-30 03:14:31	4	0	4	True	True
20045	trop[bot]	2019-08-30 14:40:23	codebytere	2019-08-29 15:06:47	11	11	0	True	True
20044	trop[bot]	2019-08-30 14:40:19	codebytere	2019-08-29 21:47:11	14	8	6	True	True
20044	trop[bot]	2019-08-30 14:40:19	codebytere	2019-08-29 05:01:57	10	8	2	True	True
20044	trop[bot]	2019-08-30 14:40:19	codebytere	2019-08-29 04:49:59	10	10	0	True	True
20044	trop[bot]	2019-08-30 14:40:19	codebytere	2019-08-30 03:14:31	4	0	4	True	True
20044	trop[bot]	2019-08-30 14:40:19	codebytere	2019-08-29 15:06:47	11	11	0	True	True
20042	electron-bot	2019-08-30 13:01:02	electron-bot	2019-08-30 13:01:00	2	1	1	True	True
20041	zcbenz	2019-08-30 11:55:41	zcbenz	2019-08-30 11:30:54	155	144	11	True	True
20041	zcbenz	2019-08-30 11:55:41	zcbenz	2019-08-30 11:31:11	2	1	1	True	True
20041	zcbenz	2019-08-30 11:55:41	zcbenz	2019-08-30 11:34:52	221	0	221	True	True
20041	zcbenz	2019-08-30 11:55:41	zcbenz	2019-08-30 08:01:09	118	118	0	True	True
20038	ckerr	2019-08-30 00:20:59	ckerr	2019-08-30 00:13:12	3	1	2	True	True
20036	trop[bot]	2019-08-29 22:07:05	MarshallOfSound	2019-08-29 01:01:42	6	0	6	True	True
20035	trop[bot]	2019-08-29 22:07:03	MarshallOfSound	2019-08-29 01:01:42	6	0	6	True	True
20034	trop[bot]	2019-08-29 22:07:02	MarshallOfSound	2019-08-29 01:01:42	6	0	6	True	True
20033	brenca	2019-08-29 20:37:29	brenca	2019-08-29 20:36:13	2	2	0	True	True
20033	brenca	2019-08-29 20:37:29	brenca	2019-08-29 20:31:35	231	231	0	True	True
20031	jkleinsc	2019-08-29 20:08:08	jkleinsc	2019-09-03 13:39:08	5	5	0	False	True
20031	jkleinsc	2019-08-29 20:08:08	jkleinsc	2019-08-30 21:35:28	4	2	2	False	True
20031	jkleinsc	2019-08-29 20:08:08	jkleinsc	2019-09-03 15:07:55	1	1	0	False	True
20031	jkleinsc	2019-08-29 20:08:08	jkleinsc	2019-08-30 23:25:54	4	2	2	False	True
20031	jkleinsc	2019-08-29 20:08:08	jkleinsc	2019-08-31 00:32:11	4	2	2	False	True
20031	jkleinsc	2019-08-29 20:08:08	jkleinsc	2019-09-03 14:24:39	5	0	5	False	True
20031	jkleinsc	2019-08-29 20:08:08	jkleinsc	2019-09-03 15:55:39	11	8	3	False	True
20031	jkleinsc	2019-08-29 20:08:08	jkleinsc	2019-08-30 21:01:46	2	2	0	False	True
20031	jkleinsc	2019-08-29 20:08:08	jkleinsc	2019-08-30 19:22:12	5	1	4	False	True
20031	jkleinsc	2019-08-29 20:08:08	jkleinsc	2019-08-30 18:15:44	8	7	1	False	True
20031	jkleinsc	2019-08-29 20:08:08	jkleinsc	2019-08-27 14:10:30	46	25	21	True	True
20031	jkleinsc	2019-08-29 20:08:08	jkleinsc	2019-08-31 00:56:20	6	3	3	False	True
20030	nornagon	2019-08-29 19:15:46	nornagon	2019-08-29 19:15:00	150	70	80	True	True
20030	nornagon	2019-08-29 19:15:46	nornagon	2019-08-30 00:10:49	4	2	2	False	True
20029	codebytere	2019-08-29 17:56:29	codebytere	2019-08-29 17:55:39	2	1	1	True	True
20028	codebytere	2019-08-29 17:18:21	codebytere	2019-08-29 17:16:11	21	12	9	True	True
20024	electron-bot	2019-08-29 13:00:46	electron-bot	2019-08-29 13:00:45	2	1	1	True	True
20023	Eugeny	2019-08-29 12:21:03	nornagon	2019-08-26 19:04:42	31	31	0	True	True
20023	Eugeny	2019-08-29 12:21:03	nornagon	2019-08-27 18:13:47	13	13	0	True	True
20023	Eugeny	2019-08-29 12:21:03	Eugeny	2019-08-30 15:13:31	0	0	0	False	True
20021	zcbenz	2019-08-29 07:21:55	zcbenz	2019-08-29 06:07:46	87	48	39	True	True
20020	codebytere	2019-08-29 04:52:47	codebytere	2019-08-30 03:14:31	4	0	4	False	True
20020	codebytere	2019-08-29 04:52:47	codebytere	2019-08-29 04:49:59	10	10	0	True	True
20020	codebytere	2019-08-29 04:52:47	codebytere	2019-08-29 21:47:11	14	8	6	False	True
20020	codebytere	2019-08-29 04:52:47	codebytere	2019-08-29 15:06:47	11	11	0	False	True
20020	codebytere	2019-08-29 04:52:47	codebytere	2019-08-29 05:01:57	10	8	2	False	True
20019	MarshallOfSound	2019-08-29 01:02:36	MarshallOfSound	2019-08-29 01:01:42	6	0	6	True	True
20017	codebytere	2019-08-28 22:27:39	codebytere	2019-08-28 22:18:36	28	15	13	True	True
20015	nornagon	2019-08-28 20:35:50	nornagon	2019-08-28 20:34:55	59	24	35	True	True
20014	nornagon	2019-08-28 19:24:27	nornagon	2019-08-28 17:34:07	64	36	28	True	True
20014	nornagon	2019-08-28 19:24:27	nornagon	2019-08-28 19:23:09	124	122	2	True	True
20012	trop[bot]	2019-08-28 17:36:25	ckerr	2019-08-27 17:18:11	4	0	4	True	True
20010	ckerr	2019-08-28 15:40:55	ckerr	2019-08-28 15:20:32	104	72	32	True	True
20010	ckerr	2019-08-28 15:40:55	ckerr	2019-08-28 17:05:55	2	1	1	False	True
20010	ckerr	2019-08-28 15:40:55	ckerr	2019-08-28 16:22:40	6	3	3	False	True
20009	codebytere	2019-08-28 15:22:22	codebytere	2019-08-28 15:19:43	76	69	7	True	True
20007	ckerr	2019-08-28 15:09:27	ckerr	2019-08-28 16:24:39	6	3	3	False	True
20007	ckerr	2019-08-28 15:09:27	ckerr	2019-08-28 15:06:57	104	72	32	True	True
20007	ckerr	2019-08-28 15:09:27	ckerr	2019-08-28 17:03:27	2	1	1	False	True
20006	miniak	2019-08-28 15:07:01	miniak	2019-08-28 15:05:38	82	79	3	True	True
20006	miniak	2019-08-28 15:07:01	miniak	2019-10-29 10:51:27	27	24	3	False	True
20004	electron-bot	2019-08-28 13:00:20	electron-bot	2019-08-28 13:00:19	2	1	1	True	True
20003	alexeykuzmin	2019-08-28 12:42:47	alexeykuzmin	2019-08-28 12:41:13	4	4	0	True	True
20001	brenca	2019-08-28 09:10:55	brenca	2019-08-28 00:34:34	43	27	16	True	True
20000	brenca	2019-08-28 09:01:24	brenca	2019-08-28 00:34:34	43	27	16	True	True
19999	Eugeny	2019-08-28 08:55:51	nornagon	2019-08-27 18:13:47	13	13	0	True	True
19999	Eugeny	2019-08-28 08:55:51	nornagon	2019-08-26 19:04:42	31	31	0	True	True
19998	zcbenz	2019-08-28 08:11:46	zcbenz	2019-08-28 05:24:40	83	48	35	True	True
19998	zcbenz	2019-08-28 08:11:46	zcbenz	2019-08-28 05:30:26	7	2	5	True	True
19997	codebytere	2019-08-28 05:58:57	codebytere	2019-08-28 05:57:59	35	0	35	True	True
19996	codebytere	2019-08-28 05:38:12	codebytere	2019-08-29 14:57:03	8	2	6	False	True
19996	codebytere	2019-08-28 05:38:12	codebytere	2019-08-28 05:34:06	62	62	0	True	True
19994	codebytere	2019-08-28 03:47:42	codebytere	2019-08-28 21:52:28	35	25	10	False	True
19992	nornagon	2019-08-28 00:11:47	nornagon	2019-08-28 00:11:01	284	97	187	True	True
19991	codebytere	2019-08-27 23:05:14	codebytere	2019-08-27 23:04:10	16	14	2	True	True
19990	nornagon	2019-08-27 22:57:35	nornagon	2019-08-27 22:56:31	32	14	18	True	True
19988	MarshallOfSound	2019-08-27 21:20:10	MarshallOfSound	2019-09-04 21:28:53	5	4	1	False	True
19988	MarshallOfSound	2019-08-27 21:20:10	MarshallOfSound	2019-08-27 21:14:34	270	266	4	True	True
19987	nornagon	2019-08-27 18:16:30	nornagon	2019-08-27 18:16:06	3	2	1	True	True
19986	ckerr	2019-08-27 17:26:15	ckerr	2019-08-27 17:18:11	4	0	4	True	True
19983	miniak	2019-08-27 15:42:02	miniak	2019-01-10 22:59:44	11	7	4	True	True
19982	trop[bot]	2019-08-27 14:57:41	ckerr	2019-08-26 20:35:46	6	3	3	True	True
19982	trop[bot]	2019-08-27 14:57:41	ckerr	2019-08-25 00:04:55	121	70	51	True	True
19982	trop[bot]	2019-08-27 14:57:41	ckerr	2019-08-26 20:26:23	10	5	5	True	True
19982	trop[bot]	2019-08-27 14:57:41	ckerr	2019-08-22 23:54:56	31	25	6	True	True
19981	electron-bot	2019-08-27 13:00:35	electron-bot	2019-08-27 13:00:34	2	1	1	True	True
19980	electron-bot	2019-08-27 13:00:27	electron-bot	2019-08-27 13:00:26	2	1	1	True	True
19979	deepak1556	2019-08-27 12:22:38	zcbenz	2019-08-20 11:46:20	50	37	13	True	True
19979	deepak1556	2019-08-27 12:22:38	zcbenz	2019-08-11 04:24:51	273	253	20	True	True
19979	deepak1556	2019-08-27 12:22:38	zcbenz	2019-08-07 00:21:53	79	73	6	True	True
19979	deepak1556	2019-08-27 12:22:38	zcbenz	2019-08-13 05:47:35	408	365	43	True	True
19979	deepak1556	2019-08-27 12:22:38	zcbenz	2019-08-21 02:14:21	178	126	52	True	True
19979	deepak1556	2019-08-27 12:22:38	zcbenz	2019-08-27 16:12:33	45	33	12	False	True
19979	deepak1556	2019-08-27 12:22:38	zcbenz	2019-08-16 01:19:05	420	360	60	True	True
19976	zcbenz	2019-08-27 07:41:51	zcbenz	2019-08-26 13:16:11	6	4	2	True	True
19976	zcbenz	2019-08-27 07:41:51	zcbenz	2019-08-26 05:15:26	13	3	10	True	True
19976	zcbenz	2019-08-27 07:41:51	zcbenz	2019-08-26 13:01:42	31	29	2	True	True
19976	zcbenz	2019-08-27 07:41:51	zcbenz	2019-08-26 13:16:28	2	1	1	True	True
19975	ipoint-pgerhard	2019-08-27 06:20:38	ipoint-pgerhard	2019-08-27 06:16:23	3	1	2	True	True
19974	trop[bot]	2019-08-27 06:14:48	MarshallOfSound	2019-08-26 23:35:27	10	10	0	True	True
19973	trop[bot]	2019-08-27 06:14:45	MarshallOfSound	2019-08-26 23:35:27	10	10	0	True	True
19972	trop[bot]	2019-08-27 06:14:43	MarshallOfSound	2019-08-26 23:35:27	11	11	0	True	True
19969	nornagon	2019-08-27 00:13:06	nornagon	2019-08-26 23:38:27	72	33	39	True	True
19969	nornagon	2019-08-27 00:13:06	nornagon	2019-08-27 17:25:46	12	10	2	False	True
19969	nornagon	2019-08-27 00:13:06	nornagon	2019-08-27 17:36:01	9	4	5	False	True
19969	nornagon	2019-08-27 00:13:06	nornagon	2019-08-27 18:44:50	2	1	1	False	True
19969	nornagon	2019-08-27 00:13:06	nornagon	2019-08-29 19:03:24	8	8	0	False	True
19969	nornagon	2019-08-27 00:13:06	nornagon	2019-08-27 20:50:50	4	2	2	False	True
19969	nornagon	2019-08-27 00:13:06	nornagon	2019-08-27 00:12:18	435	222	213	True	True
19969	nornagon	2019-08-27 00:13:06	nornagon	2019-08-28 00:47:08	37	17	20	False	True
19969	nornagon	2019-08-27 00:13:06	nornagon	2019-08-29 17:26:31	4	1	3	False	True
19969	nornagon	2019-08-27 00:13:06	nornagon	2019-08-27 22:14:37	6	4	2	False	True
19969	nornagon	2019-08-27 00:13:06	nornagon	2019-08-29 23:14:39	3	1	2	False	True
19969	nornagon	2019-08-27 00:13:06	nornagon	2019-08-26 23:33:07	179	92	87	True	True
19969	nornagon	2019-08-27 00:13:06	nornagon	2019-08-26 23:57:06	35	26	9	True	True
19969	nornagon	2019-08-27 00:13:06	nornagon	2019-08-27 16:53:44	1	1	0	False	True
19969	nornagon	2019-08-27 00:13:06	nornagon	2019-08-26 23:54:31	72	32	40	True	True
19969	nornagon	2019-08-27 00:13:06	nornagon	2019-08-26 23:06:52	74	31	43	True	True
19969	nornagon	2019-08-27 00:13:06	nornagon	2019-08-26 23:28:31	66	36	30	True	True
19969	nornagon	2019-08-27 00:13:06	nornagon	2019-08-26 23:13:29	95	50	45	True	True
19969	nornagon	2019-08-27 00:13:06	nornagon	2019-08-26 23:44:27	155	79	76	True	True
19969	nornagon	2019-08-27 00:13:06	nornagon	2019-08-26 23:47:30	34	19	15	True	True
19969	nornagon	2019-08-27 00:13:06	nornagon	2019-08-26 22:51:31	205	106	99	True	True
19968	trop[bot]	2019-08-27 00:07:51	zcbenz	2019-08-06 12:36:14	79	73	6	True	True
19967	MarshallOfSound	2019-08-26 23:36:43	MarshallOfSound	2019-08-26 23:35:27	10	10	0	True	True
19966	nornagon	2019-08-26 22:43:36	nornagon	2019-08-26 22:43:05	36	22	14	True	True
19965	nornagon	2019-08-26 22:37:19	nornagon	2019-08-27 00:28:51	4	3	1	False	True
19965	nornagon	2019-08-26 22:37:19	nornagon	2019-08-26 22:36:45	79	35	44	True	True
19963	nornagon	2019-08-26 22:12:13	nornagon	2019-08-27 18:19:45	2	1	1	False	True
19963	nornagon	2019-08-26 22:12:13	nornagon	2019-08-26 22:17:27	6	0	6	False	True
19963	nornagon	2019-08-26 22:12:13	nornagon	2019-08-27 00:25:01	9	7	2	False	True
19963	nornagon	2019-08-26 22:12:13	nornagon	2019-08-27 16:46:16	7	5	2	False	True
19963	nornagon	2019-08-26 22:12:13	nornagon	2019-08-26 22:16:17	33	16	17	False	True
19963	nornagon	2019-08-26 22:12:13	nornagon	2019-08-26 22:11:47	39	15	24	True	True
19962	nornagon	2019-08-26 22:03:51	nornagon	2019-08-26 22:03:27	9	4	5	True	True
19961	nornagon	2019-08-26 21:58:48	nornagon	2019-08-28 22:58:26	6	3	3	False	True
19961	nornagon	2019-08-26 21:58:48	nornagon	2019-08-26 21:58:05	45	21	24	True	True
19960	MarshallOfSound	2019-08-26 21:45:05	MarshallOfSound	2019-09-03 20:34:13	159	75	84	False	True
19960	MarshallOfSound	2019-08-26 21:45:05	MarshallOfSound	2019-08-26 22:47:36	52	51	1	False	True
19960	MarshallOfSound	2019-08-26 21:45:05	MarshallOfSound	2019-09-04 16:02:11	26	18	8	False	True
19960	MarshallOfSound	2019-08-26 21:45:05	MarshallOfSound	2019-09-04 22:40:37	2	2	0	False	True
19960	MarshallOfSound	2019-08-26 21:45:05	MarshallOfSound	2019-09-04 22:18:28	6	0	6	False	True
19960	MarshallOfSound	2019-08-26 21:45:05	MarshallOfSound	2019-09-04 22:14:01	2	1	1	False	True
19960	MarshallOfSound	2019-08-26 21:45:05	MarshallOfSound	2019-08-27 00:02:49	1	1	0	False	True
19960	MarshallOfSound	2019-08-26 21:45:05	MarshallOfSound	2019-09-04 21:41:39	50	24	26	False	True
19960	MarshallOfSound	2019-08-26 21:45:05	MarshallOfSound	2019-09-04 22:13:12	2	1	1	False	True
19960	MarshallOfSound	2019-08-26 21:45:05	MarshallOfSound	2019-08-26 21:40:53	247	246	1	True	True
19959	nornagon	2019-08-26 21:34:34	nornagon	2019-08-26 21:34:07	1	1	0	True	True
19958	jaimecbernardo	2019-08-26 21:10:01	jaimecbernardo	2019-08-26 20:57:11	13	13	0	True	True
19957	trop[bot]	2019-08-26 21:04:54	brenca	2019-08-22 13:03:13	87	20	67	True	True
19956	trop[bot]	2019-08-26 21:04:53	brenca	2019-08-22 13:03:13	87	20	67	True	True
19955	codebytere	2019-08-26 20:45:33	codebytere	2019-08-29 17:08:43	18	10	8	False	True
19955	codebytere	2019-08-26 20:45:33	codebytere	2019-08-26 21:52:13	4	2	2	False	True
19955	codebytere	2019-08-26 20:45:33	codebytere	2019-08-19 22:16:00	110	90	20	True	True
19954	ckerr	2019-08-26 20:19:10	ckerr	2019-08-26 20:16:17	35	18	17	True	True
19953	nornagon	2019-08-26 19:09:26	nornagon	2019-08-27 18:13:47	13	13	0	False	True
19953	nornagon	2019-08-26 19:09:26	nornagon	2019-08-26 19:04:42	31	31	0	True	True
19952	nornagon	2019-08-26 18:22:25	nornagon	2019-08-26 21:07:16	6	2	4	False	True
19952	nornagon	2019-08-26 18:22:25	nornagon	2019-08-26 21:08:11	4	2	2	False	True
19952	nornagon	2019-08-26 18:22:25	nornagon	2019-08-26 21:35:23	4	1	3	False	True
19952	nornagon	2019-08-26 18:22:25	nornagon	2019-08-26 20:15:18	2	1	1	False	True
19952	nornagon	2019-08-26 18:22:25	krunt	2019-08-26 16:47:32	378	377	1	True	True
19950	codebytere	2019-08-26 17:29:45	codebytere	2019-08-26 17:29:10	4	4	0	True	True
19949	codebytere	2019-08-26 17:28:31	codebytere	2019-08-26 17:27:31	4	4	0	True	True
19948	codebytere	2019-08-26 17:26:47	codebytere	2019-08-26 17:25:55	4	4	0	True	True
19947	nornagon	2019-08-26 17:20:14	nornagon	2019-08-26 17:19:36	1	0	1	True	True
19945	lekoaf	2019-08-26 13:47:43	lekoaf	2019-08-26 13:39:08	5	1	4	True	True
19944	brenca	2019-08-26 13:05:44	brenca	2019-08-26 01:03:57	65	28	37	True	True
19942	trop[bot]	2019-08-26 01:04:15	brenca	2019-08-22 11:47:33	65	28	37	True	True
19941	trop[bot]	2019-08-26 00:41:09	ckerr	2019-08-23 15:59:51	52	23	29	True	True
19941	trop[bot]	2019-08-26 00:41:09	ckerr	2019-08-23 16:32:24	17	9	8	True	True
19940	trop[bot]	2019-08-26 00:41:07	ckerr	2019-08-23 15:59:51	52	23	29	True	True
19940	trop[bot]	2019-08-26 00:41:07	ckerr	2019-08-23 16:32:24	17	9	8	True	True
19939	trop[bot]	2019-08-26 00:41:05	ckerr	2019-08-23 15:59:51	52	23	29	True	True
19939	trop[bot]	2019-08-26 00:41:05	ckerr	2019-08-23 16:32:24	17	9	8	True	True
19935	electron-bot	2019-08-25 13:00:48	electron-bot	2019-08-26 13:00:22	2	1	1	False	True
19935	electron-bot	2019-08-25 13:00:48	electron-bot	2019-08-25 13:00:46	2	1	1	True	True
19929	ckerr	2019-08-24 22:13:31	ckerr	2019-08-24 21:25:45	42	23	19	True	True
19929	ckerr	2019-08-24 22:13:31	ckerr	2019-08-26 17:10:54	23	17	6	False	True
19929	ckerr	2019-08-24 22:13:31	ckerr	2019-08-24 20:18:49	28	10	18	True	True
19929	ckerr	2019-08-24 22:13:31	ckerr	2019-08-24 21:03:58	65	34	31	True	True
19929	ckerr	2019-08-24 22:13:31	ckerr	2019-08-24 21:29:06	9	5	4	True	True
19929	ckerr	2019-08-24 22:13:31	ckerr	2019-08-24 21:49:41	6	2	4	True	True
19929	ckerr	2019-08-24 22:13:31	ckerr	2019-08-26 17:22:46	25	11	14	False	True
19929	ckerr	2019-08-24 22:13:31	ckerr	2019-08-26 17:30:55	7	2	5	False	True
19929	ckerr	2019-08-24 22:13:31	ckerr	2019-08-24 21:32:53	10	6	4	True	True
19929	ckerr	2019-08-24 22:13:31	ckerr	2019-08-26 16:48:54	9	3	6	False	True
19928	brenca	2019-08-24 20:31:05	brenca	2019-08-25 20:36:06	22	7	15	False	True
19928	brenca	2019-08-24 20:31:05	brenca	2019-08-24 20:23:41	30	0	30	True	True
19928	brenca	2019-08-24 20:31:05	brenca	2019-08-25 10:33:03	63	56	7	False	True
19926	brenca	2019-08-24 17:03:53	brenca	2019-08-26 12:57:26	56	52	4	False	True
19926	brenca	2019-08-24 17:03:53	brenca	2019-08-24 16:55:08	90	86	4	True	True
19926	brenca	2019-08-24 17:03:53	brenca	2019-08-26 13:21:08	2	1	1	False	True
19926	brenca	2019-08-24 17:03:53	brenca	2019-08-26 23:05:28	189	38	151	False	True
19926	brenca	2019-08-24 17:03:53	brenca	2019-08-25 21:58:39	2	1	1	False	True
19925	miniak	2019-08-24 14:37:25	miniak	2019-05-01 10:38:51	58	27	31	True	True
19924	miniak	2019-08-24 14:32:18	miniak	2019-05-20 15:12:26	10	3	7	True	True
19923	electron-bot	2019-08-24 13:00:59	electron-bot	2019-08-29 13:00:51	2	1	1	False	True
19923	electron-bot	2019-08-24 13:00:59	electron-bot	2019-08-28 13:00:25	2	1	1	False	True
19923	electron-bot	2019-08-24 13:00:59	MarshallOfSound	2019-08-28 21:34:58	17	10	7	False	True
19923	electron-bot	2019-08-24 13:00:59	electron-bot	2019-08-25 13:00:51	2	1	1	False	True
19923	electron-bot	2019-08-24 13:00:59	electron-bot	2019-08-27 13:00:41	2	1	1	False	True
19923	electron-bot	2019-08-24 13:00:59	MarshallOfSound	2019-08-28 23:59:16	135	60	75	False	True
19923	electron-bot	2019-08-24 13:00:59	electron-bot	2019-08-26 13:00:28	2	1	1	False	True
19923	electron-bot	2019-08-24 13:00:59	MarshallOfSound	2019-08-29 21:08:14	10	6	4	False	True
19923	electron-bot	2019-08-24 13:00:59	MarshallOfSound	2019-08-29 21:08:32	2	2	0	False	True
19923	electron-bot	2019-08-24 13:00:59	deepak1556	2019-08-29 21:37:25	75	41	34	False	True
19923	electron-bot	2019-08-24 13:00:59	MarshallOfSound	2019-08-28 21:36:13	553	542	11	False	True
19923	electron-bot	2019-08-24 13:00:59	MarshallOfSound	2019-08-29 23:02:13	2	1	1	False	True
19923	electron-bot	2019-08-24 13:00:59	MarshallOfSound	2019-08-27 22:39:03	259	132	127	False	True
19923	electron-bot	2019-08-24 13:00:59	electron-bot	2019-08-24 13:00:58	2	1	1	True	True
19923	electron-bot	2019-08-24 13:00:59	MarshallOfSound	2019-08-29 21:49:18	128	58	70	False	True
19923	electron-bot	2019-08-24 13:00:59	MarshallOfSound	2019-08-30 18:55:52	5	3	2	False	True
19923	electron-bot	2019-08-24 13:00:59	deepak1556	2019-09-09 22:09:34	25	0	25	False	True
19923	electron-bot	2019-08-24 13:00:59	deepak1556	2019-09-09 20:02:57	1	0	1	False	True
19923	electron-bot	2019-08-24 13:00:59	deepak1556	2019-09-09 19:51:52	12	7	5	False	True
19923	electron-bot	2019-08-24 13:00:59	MarshallOfSound	2019-08-27 22:39:23	5	4	1	False	True
19923	electron-bot	2019-08-24 13:00:59	deepak1556	2019-09-09 18:26:57	2	1	1	False	True
19923	electron-bot	2019-08-24 13:00:59	deepak1556	2019-09-09 22:19:54	106	50	56	False	True
19923	electron-bot	2019-08-24 13:00:59	MarshallOfSound	2019-08-30 18:54:50	1	1	0	False	True
19923	electron-bot	2019-08-24 13:00:59	electron-bot	2019-08-30 13:01:06	2	1	1	False	True
19923	electron-bot	2019-08-24 13:00:59	deepak1556	2019-08-29 22:25:33	2	1	1	False	True
19923	electron-bot	2019-08-24 13:00:59	deepak1556	2019-09-09 19:47:09	102	51	51	False	True
19923	electron-bot	2019-08-24 13:00:59	deepak1556	2019-08-29 22:22:33	6	4	2	False	True
19923	electron-bot	2019-08-24 13:00:59	deepak1556	2019-08-29 21:38:45	6	3	3	False	True
19923	electron-bot	2019-08-24 13:00:59	deepak1556	2019-09-09 19:50:30	474	169	305	False	True
19923	electron-bot	2019-08-24 13:00:59	deepak1556	2019-08-28 21:24:36	23	10	13	False	True
19922	electron-bot	2019-08-24 13:00:54	electron-bot	2019-08-24 13:00:53	2	1	1	True	True
19918	miniak	2019-08-23 22:02:07	miniak	2019-08-23 22:01:22	105	13	92	True	True
19918	miniak	2019-08-23 22:02:07	miniak	2019-11-03 11:04:05	4	2	2	False	True
19917	trop[bot]	2019-08-23 21:18:46	codebytere	2019-08-22 20:46:36	21	17	4	True	True
19917	trop[bot]	2019-08-23 21:18:46	codebytere	2019-08-23 01:27:10	12	6	6	True	True
19916	trop[bot]	2019-08-23 21:01:30	MarshallOfSound	2019-08-23 20:04:07	18	12	6	True	True
19915	trop[bot]	2019-08-23 21:01:29	MarshallOfSound	2019-08-23 20:04:07	18	12	6	True	True
19914	brenca	2019-08-23 20:44:51	brenca	2019-08-22 10:17:50	318	318	0	True	True
19913	MarshallOfSound	2019-08-23 20:04:22	MarshallOfSound	2019-08-23 20:04:07	18	12	6	True	True
19912	ckerr	2019-08-23 16:16:48	ckerr	2019-08-23 16:32:24	17	9	8	False	True
19912	ckerr	2019-08-23 16:16:48	ckerr	2019-08-23 15:59:51	52	23	29	True	True
19910	jkleinsc	2019-08-23 15:41:56	jkleinsc	2019-08-21 21:37:30	182	174	8	True	True
19910	jkleinsc	2019-08-23 15:41:56	jkleinsc	2019-08-23 17:59:09	1	1	0	False	True
19909	electron-bot	2019-08-23 13:00:38	electron-bot	2019-08-23 13:00:37	2	1	1	True	True
19907	trop[bot]	2019-08-23 08:16:45	codebytere	2019-08-22 19:00:41	4	3	1	True	True
19906	codebytere	2019-08-23 03:13:41	MarshallOfSound	2019-08-23 19:10:58	4	2	2	False	True
19906	codebytere	2019-08-23 03:13:41	codebytere	2019-08-23 03:12:48	4	1	3	True	True
19906	codebytere	2019-08-23 03:13:41	codebytere	2019-08-27 15:35:56	169	70	99	False	True
19906	codebytere	2019-08-23 03:13:41	codebytere	2019-08-23 20:15:25	2	0	2	False	True
19906	codebytere	2019-08-23 03:13:41	codebytere	2019-08-26 16:35:05	7	6	1	False	True
19904	ckerr	2019-08-23 00:06:29	ckerr	2019-08-26 20:26:23	10	5	5	False	True
19904	ckerr	2019-08-23 00:06:29	ckerr	2019-08-22 23:54:56	31	25	6	True	True
19904	ckerr	2019-08-23 00:06:29	ckerr	2019-08-26 20:35:46	6	3	3	False	True
19904	ckerr	2019-08-23 00:06:29	ckerr	2019-08-25 00:04:55	121	70	51	False	True
19903	MarshallOfSound	2019-08-22 23:55:02	MarshallOfSound	2019-08-22 23:53:34	65	48	17	True	True
19903	MarshallOfSound	2019-08-22 23:55:02	MarshallOfSound	2020-12-07 22:23:07	22	22	0	False	True
19901	MarshallOfSound	2019-08-22 22:56:53	MarshallOfSound	2019-08-22 22:56:13	97	26	71	True	True
19900	MarshallOfSound	2019-08-22 22:29:20	MarshallOfSound	2019-08-22 22:28:49	91	23	68	True	True
19898	trop[bot]	2019-08-22 21:17:10	zcbenz	2019-08-22 00:28:06	69	63	6	True	True
19897	codebytere	2019-08-22 20:54:33	codebytere	2019-08-22 20:46:36	21	17	4	True	True
19897	codebytere	2019-08-22 20:54:33	codebytere	2019-08-23 01:27:10	12	6	6	False	True
19895	trop[bot]	2019-08-22 20:16:53	jaimecbernardo	2019-08-21 11:23:25	22	22	0	True	True
19895	trop[bot]	2019-08-22 20:16:53	jaimecbernardo	2019-08-22 09:30:36	35	13	22	True	True
19894	codebytere	2019-08-22 19:02:04	codebytere	2019-08-22 19:00:41	4	3	1	True	True
19893	davej	2019-08-22 18:35:33	davej	2019-08-22 18:32:45	2	1	1	True	True
19893	davej	2019-08-22 18:35:33	davej	2019-08-23 11:35:17	4	3	1	False	True
19893	davej	2019-08-22 18:35:33	davej	2019-08-26 17:15:55	2	1	1	False	True
19889	miniak	2019-08-22 15:45:07	miniak	2019-08-21 18:31:59	34	34	0	True	True
19888	zcbenz	2019-08-22 13:50:15	zcbenz	2019-08-22 00:28:06	69	63	6	True	True
19886	brenca	2019-08-22 13:15:52	brenca	2019-08-22 13:03:13	87	20	67	True	True
19885	electron-bot	2019-08-22 13:00:48	electron-bot	2019-08-22 13:00:46	2	1	1	True	True
19883	brenca	2019-08-22 11:55:14	brenca	2019-08-22 11:47:33	65	28	37	True	True
19882	zcbenz	2019-08-22 11:23:02	zcbenz	2019-08-22 00:28:06	69	63	6	True	True
19881	zcbenz	2019-08-22 08:27:47	zcbenz	2019-08-22 00:28:06	65	59	6	True	True
19878	zcbenz	2019-08-22 03:51:31	zcbenz	2019-08-22 00:28:06	69	63	6	True	True
19876	jaimecbernardo	2019-08-22 01:13:21	jaimecbernardo	2019-08-21 11:23:25	22	22	0	True	True
19876	jaimecbernardo	2019-08-22 01:13:21	jaimecbernardo	2019-08-22 09:30:36	35	13	22	False	True
19874	trop[bot]	2019-08-21 21:37:54	jkleinsc	2019-08-20 21:11:09	29	12	17	True	True
19874	trop[bot]	2019-08-21 21:37:54	jkleinsc	2019-08-16 14:39:13	2	1	1	True	True
19874	trop[bot]	2019-08-21 21:37:54	jkleinsc	2019-08-19 17:47:54	19	4	15	True	True
19874	trop[bot]	2019-08-21 21:37:54	jkleinsc	2019-08-19 20:21:54	1	1	0	True	True
19874	trop[bot]	2019-08-21 21:37:54	jkleinsc	2019-08-21 16:54:57	10	5	5	True	True
19874	trop[bot]	2019-08-21 21:37:54	jkleinsc	2019-08-21 19:47:29	2	1	1	True	True
19874	trop[bot]	2019-08-21 21:37:54	jkleinsc	2019-08-19 20:14:45	5	3	2	True	True
19874	trop[bot]	2019-08-21 21:37:54	jkleinsc	2019-08-15 17:01:28	70	70	0	True	True
19874	trop[bot]	2019-08-21 21:37:54	jkleinsc	2019-03-27 15:32:52	124	117	7	True	True
19873	loc	2019-08-21 20:39:20	MarshallOfSound	2019-08-21 22:57:18	87	21	66	False	True
19873	loc	2019-08-21 20:39:20	MarshallOfSound	2019-08-22 19:04:15	4	3	1	False	True
19872	ckerr	2019-08-21 20:31:42	ckerr	2019-08-21 20:10:58	7	4	3	True	True
19871	codebytere	2019-08-21 19:04:10	codebytere	2019-08-21 19:02:29	4	4	0	True	True
19869	trop[bot]	2019-08-21 15:58:27	brenca	2019-08-17 18:31:24	23	19	4	True	True
19869	trop[bot]	2019-08-21 15:58:27	brenca	2019-08-17 19:07:53	5	5	0	True	True
19868	trop[bot]	2019-08-21 14:27:36	MarshallOfSound	2019-08-20 23:29:13	4	2	2	True	True
19867	trop[bot]	2019-08-21 14:27:32	MarshallOfSound	2019-08-20 23:29:13	4	2	2	True	True
19866	trop[bot]	2019-08-21 14:27:25	MarshallOfSound	2019-08-20 23:29:13	4	2	2	True	True
19864	electron-bot	2019-08-21 13:01:06	electron-bot	2019-08-21 13:01:04	2	1	1	True	True
19863	electron-bot	2019-08-21 13:01:00	codebytere	2019-08-21 18:01:20	7	4	3	False	True
19863	electron-bot	2019-08-21 13:01:00	electron-bot	2019-08-21 13:00:59	2	1	1	True	True
19863	electron-bot	2019-08-21 13:01:00	codebytere	2019-08-22 06:54:32	1	1	0	False	True
19863	electron-bot	2019-08-21 13:01:00	codebytere	2019-08-21 22:44:26	2	2	0	False	True
19863	electron-bot	2019-08-21 13:01:00	codebytere	2019-08-22 19:07:59	8	4	4	False	True
19863	electron-bot	2019-08-21 13:01:00	codebytere	2019-08-21 22:49:56	1	1	0	False	True
19863	electron-bot	2019-08-21 13:01:00	codebytere	2019-08-21 18:09:00	19	9	10	False	True
19863	electron-bot	2019-08-21 13:01:00	codebytere	2019-08-21 19:46:49	31	31	0	False	True
19860	rnagy	2019-08-21 08:54:48	rnagy	2019-08-21 08:51:16	1	1	0	True	True
19857	codebytere	2019-08-21 01:55:19	codebytere	2019-08-21 01:52:29	19	15	4	True	True
19857	codebytere	2019-08-21 01:55:19	codebytere	2019-08-21 16:02:23	11	7	4	False	True
19856	trop[bot]	2019-08-21 01:11:40	MarshallOfSound	2019-08-20 23:43:00	2	1	1	True	True
19855	trop[bot]	2019-08-21 01:11:33	MarshallOfSound	2019-08-20 23:43:00	2	1	1	True	True
19853	MarshallOfSound	2019-08-20 23:43:19	MarshallOfSound	2019-08-20 23:43:00	2	1	1	True	True
19852	MarshallOfSound	2019-08-20 23:30:34	MarshallOfSound	2019-08-20 23:29:13	4	2	2	True	True
19851	MarshallOfSound	2019-08-20 23:00:23	MarshallOfSound	2019-08-20 22:56:46	278	179	99	True	True
19850	codebytere	2019-08-20 22:40:50	codebytere	2019-08-21 02:29:31	27	11	16	False	True
19850	codebytere	2019-08-20 22:40:50	codebytere	2019-08-27 19:12:51	16	13	3	False	True
19850	codebytere	2019-08-20 22:40:50	codebytere	2019-08-20 21:58:35	23	23	0	True	True
19850	codebytere	2019-08-20 22:40:50	codebytere	2019-08-30 00:39:06	2	1	1	False	True
19850	codebytere	2019-08-20 22:40:50	codebytere	2019-08-23 20:58:58	22	15	7	False	True
19849	cvaldez98	2019-08-20 21:49:59	cvaldez98	2019-08-20 21:28:52	52	52	0	True	True
19849	cvaldez98	2019-08-20 21:49:59	cvaldez98	2019-08-16 21:24:31	2	1	1	True	True
19849	cvaldez98	2019-08-20 21:49:59	cvaldez98	2019-08-21 16:47:34	5	1	4	False	True
19849	cvaldez98	2019-08-20 21:49:59	cvaldez98	2019-08-16 21:08:08	2	1	1	True	True
19849	cvaldez98	2019-08-20 21:49:59	cvaldez98	2019-08-16 19:59:50	4	0	4	True	True
19849	cvaldez98	2019-08-20 21:49:59	cvaldez98	2019-08-16 19:50:10	2	1	1	True	True
19849	cvaldez98	2019-08-20 21:49:59	cvaldez98	2019-08-20 21:29:11	4	2	2	True	True
19849	cvaldez98	2019-08-20 21:49:59	cvaldez98	2019-08-16 19:05:11	2	1	1	True	True
19849	cvaldez98	2019-08-20 21:49:59	cvaldez98	2019-08-20 21:51:37	22	11	11	False	True
19849	cvaldez98	2019-08-20 21:49:59	cvaldez98	2019-08-21 16:47:47	4	2	2	False	True
19849	cvaldez98	2019-08-20 21:49:59	cvaldez98	2019-08-21 16:47:58	4	2	2	False	True
19849	cvaldez98	2019-08-20 21:49:59	cvaldez98	2019-08-21 16:48:07	2	1	1	False	True
19849	cvaldez98	2019-08-20 21:49:59	cvaldez98	2019-08-21 16:48:28	2	1	1	False	True
19849	cvaldez98	2019-08-20 21:49:59	cvaldez98	2019-08-21 17:58:52	4	2	2	False	True
19849	cvaldez98	2019-08-20 21:49:59	cvaldez98	2019-08-22 16:46:02	1782	1463	319	False	True
19849	cvaldez98	2019-08-20 21:49:59	cvaldez98	2019-08-16 18:58:11	16	5	11	True	True
19848	jkleinsc	2019-08-20 20:46:53	jkleinsc	2019-08-20 21:16:45	6	4	2	False	True
19848	jkleinsc	2019-08-20 20:46:53	jkleinsc	2019-08-20 20:44:40	3	3	0	True	True
19848	jkleinsc	2019-08-20 20:46:53	jkleinsc	2019-08-21 19:44:56	12	7	5	False	True
19845	codebytere	2019-08-20 16:55:08	codebytere	2019-08-20 16:53:53	17	8	9	True	True
19844	trop[bot]	2019-08-20 16:45:44	cvaldez98	2019-08-16 19:05:11	2	1	1	True	True
19844	trop[bot]	2019-08-20 16:45:44	cvaldez98	2019-08-16 21:24:31	2	1	1	True	True
19844	trop[bot]	2019-08-20 16:45:44	cvaldez98	2019-08-16 19:50:10	2	1	1	True	True
19844	trop[bot]	2019-08-20 16:45:44	cvaldez98	2019-08-16 21:08:08	2	1	1	True	True
19844	trop[bot]	2019-08-20 16:45:44	cvaldez98	2019-08-16 19:59:50	4	0	4	True	True
19844	trop[bot]	2019-08-20 16:45:44	cvaldez98	2019-08-16 18:58:11	16	5	11	True	True
19843	trop[bot]	2019-08-20 16:45:41	cvaldez98	2019-08-16 21:08:08	2	1	1	True	True
19843	trop[bot]	2019-08-20 16:45:41	cvaldez98	2019-08-16 19:50:10	2	1	1	True	True
19843	trop[bot]	2019-08-20 16:45:41	cvaldez98	2019-08-16 19:05:11	2	1	1	True	True
19843	trop[bot]	2019-08-20 16:45:41	cvaldez98	2019-08-16 18:58:11	16	5	11	True	True
19843	trop[bot]	2019-08-20 16:45:41	cvaldez98	2019-08-16 21:24:31	2	1	1	True	True
19843	trop[bot]	2019-08-20 16:45:41	cvaldez98	2019-08-16 19:59:50	4	0	4	True	True
19841	zcbenz	2019-08-20 13:18:32	zcbenz	2019-08-20 05:19:37	2	2	0	True	True
19841	zcbenz	2019-08-20 13:18:32	zcbenz	2019-08-20 11:57:01	31	30	1	True	True
19841	zcbenz	2019-08-20 13:18:32	zcbenz	2019-08-20 12:27:38	21	19	2	True	True
19841	zcbenz	2019-08-20 13:18:32	zcbenz	2019-08-20 12:17:42	2	1	1	True	True
19841	zcbenz	2019-08-20 13:18:32	zcbenz	2019-08-20 12:40:44	2	1	1	True	True
19841	zcbenz	2019-08-20 13:18:32	zcbenz	2019-08-20 05:00:28	68	41	27	True	True
19841	zcbenz	2019-08-20 13:18:32	zcbenz	2019-08-20 05:06:37	4	2	2	True	True
19841	zcbenz	2019-08-20 13:18:32	zcbenz	2019-08-20 23:59:48	26	8	18	False	True
19840	electron-bot	2019-08-20 13:00:31	electron-bot	2019-08-20 13:00:30	2	1	1	True	True
19837	codebytere	2019-08-20 03:48:08	codebytere	2019-08-20 03:41:57	59	31	28	True	True
19836	trop[bot]	2019-08-19 22:16:17	codebytere	2019-08-14 04:45:41	2	1	1	True	True
19836	trop[bot]	2019-08-19 22:16:17	codebytere	2019-08-19 19:52:52	28	27	1	True	True
19836	trop[bot]	2019-08-19 22:16:17	codebytere	2019-08-13 20:59:35	63	51	12	True	True
19836	trop[bot]	2019-08-19 22:16:17	codebytere	2019-08-06 16:29:18	19	12	7	True	True
19836	trop[bot]	2019-08-19 22:16:17	codebytere	2019-08-08 21:40:38	4	2	2	True	True
19835	trop[bot]	2019-08-19 21:15:47	codebytere	2019-08-19 18:59:25	1	1	0	True	True
19835	trop[bot]	2019-08-19 21:15:47	electron-bot	2019-08-16 13:01:04	2	1	1	True	True
19834	codebytere	2019-08-19 21:07:10	codebytere	2019-08-19 21:05:53	14	8	6	True	True
19833	trop[bot]	2019-08-19 20:56:43	codebytere	2019-08-19 20:02:58	1	1	0	True	True
19832	trop[bot]	2019-08-19 20:56:41	codebytere	2019-08-19 20:02:58	1	1	0	True	True
19831	jkleinsc	2019-08-19 20:48:26	jkleinsc	2019-08-20 18:19:05	6	3	3	False	True
19831	jkleinsc	2019-08-19 20:48:26	jkleinsc	2019-08-19 20:46:12	29	29	0	True	True
19830	codebytere	2019-08-19 20:04:19	codebytere	2019-08-19 20:02:58	1	1	0	True	True
19828	ppontes	2019-08-19 17:37:37	ppontes	2019-08-19 17:23:04	44	32	12	True	True
19827	ppontes	2019-08-19 16:11:26	ppontes	2019-08-19 12:10:25	44	32	12	True	True
19826	ppontes	2019-08-19 16:08:17	ppontes	2019-08-19 12:10:25	44	32	12	True	True
19821	miniak	2019-08-19 11:54:24	miniak	2019-08-19 11:47:11	1082	585	497	True	True
19820	zcbenz	2019-08-19 10:11:32	zcbenz	2019-08-19 07:51:50	6	6	0	True	True
19820	zcbenz	2019-08-19 10:11:32	zcbenz	2019-08-19 08:56:33	21	13	8	True	True
19820	zcbenz	2019-08-19 10:11:32	zcbenz	2019-08-19 07:08:33	21	17	4	True	True
19820	zcbenz	2019-08-19 10:11:32	zcbenz	2019-08-20 04:39:58	10	3	7	False	True
19820	zcbenz	2019-08-19 10:11:32	zcbenz	2019-08-19 08:49:45	6	5	1	True	True
19820	zcbenz	2019-08-19 10:11:32	zcbenz	2019-08-19 09:08:08	2	1	1	True	True
19819	TomasHubelbauer	2019-08-19 07:58:50	TomasHubelbauer	2019-08-19 07:58:06	2	2	0	True	True
19811	brenca	2019-08-17 19:08:25	brenca	2019-08-17 18:31:24	23	19	4	True	True
19811	brenca	2019-08-17 19:08:25	brenca	2019-08-17 19:07:53	5	5	0	True	True
19809	MarshallOfSound	2019-08-16 23:55:33	MarshallOfSound	2019-08-22 20:39:17	4	2	2	False	True
19809	MarshallOfSound	2019-08-16 23:55:33	MarshallOfSound	2019-08-16 23:50:25	604	268	336	True	True
19809	MarshallOfSound	2019-08-16 23:55:33	ckerr	2019-08-21 21:40:10	12	6	6	False	True
19808	MarshallOfSound	2019-08-16 21:06:10	MarshallOfSound	2019-08-16 21:12:21	3	1	2	False	True
19808	MarshallOfSound	2019-08-16 21:06:10	MarshallOfSound	2019-08-16 21:03:19	5	5	0	True	True
19806	jkleinsc	2019-08-16 19:17:41	jkleinsc	2019-08-16 17:35:51	5	4	1	True	True
19806	jkleinsc	2019-08-16 19:17:41	jkleinsc	2019-08-16 16:24:02	10	2	8	True	True
19806	jkleinsc	2019-08-16 19:17:41	jkleinsc	2019-08-15 18:46:14	6	3	3	True	True
19806	jkleinsc	2019-08-16 19:17:41	jkleinsc	2019-08-16 19:14:49	1	0	1	True	True
19806	jkleinsc	2019-08-16 19:17:41	jkleinsc	2019-08-16 15:30:38	7	4	3	True	True
19806	jkleinsc	2019-08-16 19:17:41	jkleinsc	2019-08-16 14:28:22	15	11	4	True	True
19804	cvaldez98	2019-08-16 19:01:06	cvaldez98	2019-08-16 19:05:11	2	1	1	False	True
19804	cvaldez98	2019-08-16 19:01:06	cvaldez98	2019-08-16 18:58:11	16	5	11	True	True
19804	cvaldez98	2019-08-16 19:01:06	cvaldez98	2019-08-16 19:50:10	2	1	1	False	True
19804	cvaldez98	2019-08-16 19:01:06	cvaldez98	2019-08-16 19:59:50	4	0	4	False	True
19804	cvaldez98	2019-08-16 19:01:06	cvaldez98	2019-08-16 21:08:08	2	1	1	False	True
19804	cvaldez98	2019-08-16 19:01:06	cvaldez98	2019-08-16 21:24:31	2	1	1	False	True
19803	codebytere	2019-08-16 18:41:39	codebytere	2019-08-16 18:44:34	132	128	4	False	True
19803	codebytere	2019-08-16 18:41:39	codebytere	2019-08-19 15:14:09	33	13	20	False	True
19803	codebytere	2019-08-16 18:41:39	codebytere	2019-08-16 20:01:15	43	20	23	False	True
19801	ckerr	2019-08-16 16:38:47	ckerr	2019-08-16 16:19:41	31	25	6	True	True
19800	trop[bot]	2019-08-16 16:24:35	deermichel	2019-08-15 16:39:09	2	2	0	True	True
19799	trop[bot]	2019-08-16 16:24:33	deermichel	2019-08-15 16:39:09	2	2	0	True	True
19798	trop[bot]	2019-08-16 15:06:28	jpmn	2019-08-15 17:03:41	2	1	1	True	True
19797	trop[bot]	2019-08-16 15:06:25	jpmn	2019-08-15 17:03:41	2	1	1	True	True
19796	trop[bot]	2019-08-16 15:06:24	jpmn	2019-08-15 17:03:41	2	1	1	True	True
19793	JohnPop117	2019-08-16 14:19:44	JohnPop117	2019-08-16 14:08:00	124	124	0	True	True
19793	JohnPop117	2019-08-16 14:19:44	JohnPop117	2019-08-27 16:37:26	2	1	1	False	True
19793	JohnPop117	2019-08-16 14:19:44	JohnPop117	2019-09-04 17:34:21	4	2	2	False	True
19793	JohnPop117	2019-08-16 14:19:44	JohnPop117	2019-08-29 22:53:31	5	2	3	False	True
19793	JohnPop117	2019-08-16 14:19:44	JohnPop117	2019-08-22 15:54:03	14	6	8	False	True
19793	JohnPop117	2019-08-16 14:19:44	JohnPop117	2019-08-22 15:49:51	22	12	10	False	True
19793	JohnPop117	2019-08-16 14:19:44	JohnPop117	2019-08-21 17:43:33	11	6	5	False	True
19792	electron-bot	2019-08-16 13:01:16	codebytere	2019-08-20 16:37:13	10	5	5	False	True
19792	electron-bot	2019-08-16 13:01:16	codebytere	2019-08-21 22:00:54	14	9	5	False	True
19792	electron-bot	2019-08-16 13:01:16	codebytere	2019-08-20 02:58:05	14	7	7	False	True
19792	electron-bot	2019-08-16 13:01:16	codebytere	2019-08-20 03:19:46	60	19	41	False	True
19792	electron-bot	2019-08-16 13:01:16	electron-bot	2019-08-20 13:00:35	2	1	1	False	True
19792	electron-bot	2019-08-16 13:01:16	codebytere	2019-08-20 15:03:13	5	3	2	False	True
19792	electron-bot	2019-08-16 13:01:16	codebytere	2019-08-21 21:20:27	2	1	1	False	True
19792	electron-bot	2019-08-16 13:01:16	codebytere	2019-08-20 23:04:56	69	28	41	False	True
19792	electron-bot	2019-08-16 13:01:16	electron-bot	2019-08-21 13:01:09	2	1	1	False	True
19792	electron-bot	2019-08-16 13:01:16	codebytere	2019-08-21 14:56:52	21	1	20	False	True
19792	electron-bot	2019-08-16 13:01:16	codebytere	2019-08-21 16:38:42	19	9	10	False	True
19792	electron-bot	2019-08-16 13:01:16	codebytere	2019-08-21 16:42:54	39	20	19	False	True
19792	electron-bot	2019-08-16 13:01:16	codebytere	2019-08-21 18:16:59	4	2	2	False	True
19792	electron-bot	2019-08-16 13:01:16	codebytere	2019-08-20 16:31:24	302	162	140	False	True
19792	electron-bot	2019-08-16 13:01:16	codebytere	2019-08-20 02:48:04	5	0	5	False	True
19792	electron-bot	2019-08-16 13:01:16	codebytere	2019-08-20 02:37:31	6	2	4	False	True
19792	electron-bot	2019-08-16 13:01:16	codebytere	2019-08-20 01:53:40	42	2	40	False	True
19792	electron-bot	2019-08-16 13:01:16	codebytere	2019-08-19 22:43:57	101	37	64	False	True
19792	electron-bot	2019-08-16 13:01:16	codebytere	2019-08-19 22:30:29	2	1	1	False	True
19792	electron-bot	2019-08-16 13:01:16	codebytere	2019-08-19 22:22:22	10	5	5	False	True
19792	electron-bot	2019-08-16 13:01:16	electron-bot	2019-08-18 13:00:53	2	1	1	False	True
19792	electron-bot	2019-08-16 13:01:16	codebytere	2019-08-20 03:07:00	1	1	0	False	True
19792	electron-bot	2019-08-16 13:01:16	codebytere	2019-08-19 21:57:55	6	3	3	False	True
19792	electron-bot	2019-08-16 13:01:16	codebytere	2019-08-19 22:06:58	7	4	3	False	True
19792	electron-bot	2019-08-16 13:01:16	electron-bot	2019-08-16 13:01:15	2	1	1	True	True
19792	electron-bot	2019-08-16 13:01:16	codebytere	2019-08-20 02:39:42	76	31	45	False	True
19792	electron-bot	2019-08-16 13:01:16	electron-bot	2019-08-19 13:01:17	2	1	1	False	True
19792	electron-bot	2019-08-16 13:01:16	codebytere	2019-08-19 21:52:18	2	1	1	False	True
19792	electron-bot	2019-08-16 13:01:16	electron-bot	2019-08-17 13:01:10	2	1	1	False	True
19792	electron-bot	2019-08-16 13:01:16	codebytere	2019-08-21 07:28:10	13	5	8	False	True
19791	electron-bot	2019-08-16 13:01:10	electron-bot	2019-08-19 13:01:10	2	1	1	False	True
19791	electron-bot	2019-08-16 13:01:10	electron-bot	2019-08-16 13:01:09	2	1	1	True	True
19791	electron-bot	2019-08-16 13:01:10	electron-bot	2019-08-18 13:00:48	2	1	1	False	True
19791	electron-bot	2019-08-16 13:01:10	electron-bot	2019-08-17 13:01:06	2	1	1	False	True
19790	electron-bot	2019-08-16 13:01:05	electron-bot	2019-08-16 13:01:04	2	1	1	True	True
19790	electron-bot	2019-08-16 13:01:05	codebytere	2019-08-19 18:59:25	1	1	0	False	True
19787	zcbenz	2019-08-16 10:19:35	zcbenz	2019-08-16 10:14:25	7	2	5	True	True
19786	deermichel	2019-08-15 23:20:19	deermichel	2019-08-15 22:37:37	22	21	1	True	True
19785	trop[bot]	2019-08-15 22:37:59	deermichel	2019-08-14 22:07:21	22	21	1	True	True
19785	trop[bot]	2019-08-15 22:37:59	deermichel	2019-08-15 15:59:02	2	1	1	True	True
19785	trop[bot]	2019-08-15 22:37:59	deermichel	2019-08-15 02:07:16	2	1	1	True	True
19783	trop[bot]	2019-08-15 17:31:33	codebytere	2019-08-14 17:02:53	27	23	4	True	True
19783	trop[bot]	2019-08-15 17:31:33	codebytere	2019-08-14 17:56:53	14	7	7	True	True
19782	jpmn	2019-08-15 17:16:31	jpmn	2019-08-15 17:03:41	2	1	1	True	True
19781	codebytere	2019-08-15 17:16:13	codebytere	2019-08-15 17:12:13	2	2	0	True	True
19780	jkleinsc	2019-08-15 17:06:37	jkleinsc	2019-08-21 16:54:57	10	5	5	False	True
19780	jkleinsc	2019-08-15 17:06:37	jkleinsc	2019-08-19 17:47:54	19	4	15	False	True
19780	jkleinsc	2019-08-15 17:06:37	jkleinsc	2019-08-21 19:47:29	2	1	1	False	True
19780	jkleinsc	2019-08-15 17:06:37	jkleinsc	2019-08-20 21:11:09	29	12	17	False	True
19780	jkleinsc	2019-08-15 17:06:37	jkleinsc	2019-03-27 15:32:52	124	117	7	True	True
19780	jkleinsc	2019-08-15 17:06:37	jkleinsc	2019-08-19 20:21:54	1	1	0	False	True
19780	jkleinsc	2019-08-15 17:06:37	jkleinsc	2019-08-16 14:39:13	2	1	1	False	True
19780	jkleinsc	2019-08-15 17:06:37	jkleinsc	2019-08-15 17:01:28	70	70	0	True	True
19780	jkleinsc	2019-08-15 17:06:37	jkleinsc	2019-08-19 20:14:45	5	3	2	False	True
19778	deermichel	2019-08-15 16:43:06	deermichel	2019-08-15 16:39:09	2	2	0	True	True
19776	trop[bot]	2019-08-15 15:02:28	codebytere	2019-08-14 03:32:30	17	8	9	True	True
19774	electron-bot	2019-08-15 13:00:57	electron-bot	2019-08-15 13:00:56	2	1	1	True	True
19764	trop[bot]	2019-08-15 01:12:09	brenca	2019-08-09 22:08:01	6	6	0	True	True
19763	trop[bot]	2019-08-15 01:12:08	brenca	2019-08-09 22:08:01	6	6	0	True	True
19762	trop[bot]	2019-08-15 01:12:04	brenca	2019-08-09 22:08:01	6	6	0	True	True
19760	ckerr	2019-08-14 23:31:43	ckerr	2019-08-14 23:05:10	31	25	6	True	True
19759	deermichel	2019-08-14 22:23:04	deermichel	2019-08-15 02:07:16	2	1	1	False	True
19759	deermichel	2019-08-14 22:23:04	deermichel	2019-08-15 15:59:02	2	1	1	False	True
19759	deermichel	2019-08-14 22:23:04	deermichel	2019-08-14 22:07:21	22	21	1	True	True
19758	trop[bot]	2019-08-14 20:43:24	MarshallOfSound	2019-08-13 21:59:52	35	33	2	True	True
19758	trop[bot]	2019-08-14 20:43:24	MarshallOfSound	2019-08-12 20:45:35	147	111	36	True	True
19758	trop[bot]	2019-08-14 20:43:24	MarshallOfSound	2019-08-13 23:33:03	4	2	2	True	True
19758	trop[bot]	2019-08-14 20:43:24	MarshallOfSound	2019-08-06 22:56:30	75	59	16	True	True
19758	trop[bot]	2019-08-14 20:43:24	MarshallOfSound	2019-08-06 22:39:30	165	165	0	True	True
19756	codebytere	2019-08-14 17:05:27	codebytere	2019-08-14 17:02:53	27	23	4	True	True
19756	codebytere	2019-08-14 17:05:27	codebytere	2019-08-14 16:56:35	22	9	13	True	True
19756	codebytere	2019-08-14 17:05:27	codebytere	2019-08-14 17:56:53	14	7	7	False	True
19754	electron-bot	2019-08-14 13:00:27	electron-bot	2019-08-14 13:00:26	2	1	1	True	True
19752	zcbenz	2019-08-14 12:12:26	zcbenz	2019-08-14 08:32:37	149	126	23	True	True
19752	zcbenz	2019-08-14 12:12:26	zcbenz	2019-08-14 07:09:44	144	90	54	True	True
19752	zcbenz	2019-08-14 12:12:26	zcbenz	2019-08-14 05:09:36	7	5	2	True	True
19752	zcbenz	2019-08-14 12:12:26	zcbenz	2019-08-14 10:48:04	50	40	10	True	True
19752	zcbenz	2019-08-14 12:12:26	zcbenz	2019-08-14 11:18:26	65	63	2	True	True
19742	codebytere	2019-08-14 05:36:04	codebytere	2019-08-14 03:32:30	17	8	9	True	True
19740	trop[bot]	2019-08-14 03:23:05	erickzhao	2019-08-13 00:08:03	3	2	1	True	True
19740	trop[bot]	2019-08-14 03:23:05	erickzhao	2019-08-12 23:59:43	21	12	9	True	True
19739	zcbenz	2019-08-14 02:06:42	zcbenz	2019-08-14 02:05:51	2	0	2	True	True
19737	trop[bot]	2019-08-13 21:03:46	zcbenz	2019-08-13 05:52:47	1	0	1	True	True
19735	deermichel	2019-08-13 18:13:38	deermichel	2019-08-13 18:31:16	18	18	0	False	True
19735	deermichel	2019-08-13 18:13:38	deermichel	2019-08-13 22:30:15	1	1	0	False	True
19735	deermichel	2019-08-13 18:13:38	deermichel	2019-08-13 18:06:31	17	16	1	True	True
19734	deermichel	2019-08-13 17:06:14	deermichel	2019-08-13 17:02:14	271	169	102	True	True
19732	samiskin	2019-08-13 16:15:55	samiskin	2019-08-13 16:02:07	27	13	14	True	True
19728	trop[bot]	2019-08-13 06:44:28	codebytere	2019-08-08 20:36:12	26	16	10	True	True
19728	trop[bot]	2019-08-13 06:44:28	codebytere	2019-08-09 23:31:02	28	23	5	True	True
19727	zcbenz	2019-08-13 05:54:29	zcbenz	2019-08-13 05:52:47	1	0	1	True	True
19726	trop[bot]	2019-08-13 00:29:48	nitsakh	2019-08-12 18:41:46	138	58	80	True	True
19726	trop[bot]	2019-08-13 00:29:48	nitsakh	2019-08-12 23:11:12	30	0	30	True	True
19726	trop[bot]	2019-08-13 00:29:48	nitsakh	2019-07-30 21:37:37	182	64	118	True	True
19726	trop[bot]	2019-08-13 00:29:48	nitsakh	2019-08-12 22:47:37	4	4	0	True	True
19726	trop[bot]	2019-08-13 00:29:48	electron-bot	2019-07-30 00:33:30	2	1	1	True	True
19726	trop[bot]	2019-08-13 00:29:48	nitsakh	2019-08-12 20:03:48	265	264	1	True	True
19726	trop[bot]	2019-08-13 00:29:48	electron-bot	2019-08-07 13:00:40	2	1	1	True	True
19726	trop[bot]	2019-08-13 00:29:48	nitsakh	2019-07-30 22:09:30	7	3	4	True	True
19725	erickzhao	2019-08-13 00:11:14	erickzhao	2019-08-12 23:59:43	21	12	9	True	True
19725	erickzhao	2019-08-13 00:11:14	erickzhao	2019-08-13 00:08:03	3	2	1	True	True
19724	erickzhao	2019-08-12 19:35:25	erickzhao	2019-08-14 18:05:07	10	5	5	False	True
19724	erickzhao	2019-08-12 19:35:25	erickzhao	2019-08-13 22:40:16	20	12	8	False	True
19724	erickzhao	2019-08-12 19:35:25	erickzhao	2019-08-13 23:29:28	2	1	1	False	True
19724	erickzhao	2019-08-12 19:35:25	erickzhao	2019-08-13 19:36:15	4	2	2	False	True
19724	erickzhao	2019-08-12 19:35:25	erickzhao	2019-08-13 17:27:00	16	8	8	False	True
19724	erickzhao	2019-08-12 19:35:25	erickzhao	2019-08-12 19:17:24	66	48	18	True	True
19723	erickzhao	2019-08-12 19:25:28	erickzhao	2019-08-13 19:36:15	4	2	2	False	True
19723	erickzhao	2019-08-12 19:25:28	erickzhao	2019-08-14 18:05:07	10	5	5	False	True
19723	erickzhao	2019-08-12 19:25:28	erickzhao	2019-08-13 23:29:28	2	1	1	False	True
19723	erickzhao	2019-08-12 19:25:28	erickzhao	2019-08-13 22:40:16	20	12	8	False	True
19723	erickzhao	2019-08-12 19:25:28	erickzhao	2019-08-13 17:27:00	16	8	8	False	True
19723	erickzhao	2019-08-12 19:25:28	erickzhao	2019-08-12 19:17:24	66	48	18	True	True
19722	trop[bot]	2019-08-12 17:39:04	zcbenz	2019-08-12 06:17:10	58	57	1	True	True
19722	trop[bot]	2019-08-12 17:39:04	zcbenz	2019-08-12 12:30:27	56	30	26	True	True
19722	trop[bot]	2019-08-12 17:39:04	zcbenz	2019-08-12 13:05:32	11	3	8	True	True
19721	trop[bot]	2019-08-12 16:46:23	codebytere	2019-08-08 22:49:43	28	15	13	True	True
19719	zcbenz	2019-08-12 13:51:32	zcbenz	2019-08-12 12:30:27	56	30	26	True	True
19719	zcbenz	2019-08-12 13:51:32	zcbenz	2019-08-12 13:05:32	11	3	8	True	True
19719	zcbenz	2019-08-12 13:51:32	zcbenz	2019-08-12 06:17:10	54	53	1	True	True
19718	zcbenz	2019-08-12 11:49:25	zcbenz	2019-08-12 13:05:32	11	3	8	False	True
19718	zcbenz	2019-08-12 11:49:25	zcbenz	2019-08-12 12:30:27	56	30	26	False	True
19718	zcbenz	2019-08-12 11:49:25	zcbenz	2019-08-12 06:17:10	58	57	1	True	True
19714	zcbenz	2019-08-11 12:23:38	zcbenz	2019-08-11 06:13:15	89	69	20	True	True
19714	zcbenz	2019-08-11 12:23:38	zcbenz	2019-08-11 06:55:35	89	79	10	True	True
19714	zcbenz	2019-08-11 12:23:38	zcbenz	2019-08-11 08:27:16	64	54	10	True	True
19714	zcbenz	2019-08-11 12:23:38	zcbenz	2019-08-11 09:00:55	104	70	34	True	True
19714	zcbenz	2019-08-11 12:23:38	zcbenz	2019-08-11 09:23:33	79	72	7	True	True
19714	zcbenz	2019-08-11 12:23:38	zcbenz	2019-08-12 01:11:01	31	24	7	False	True
19714	zcbenz	2019-08-11 12:23:38	zcbenz	2019-08-13 02:20:56	55	40	15	False	True
19714	zcbenz	2019-08-11 12:23:38	zcbenz	2019-08-13 02:22:27	5	4	1	False	True
19714	zcbenz	2019-08-11 12:23:38	zcbenz	2019-08-11 12:16:41	147	79	68	True	True
19713	ChALkeR	2019-08-11 09:48:45	ChALkeR	2019-08-11 09:40:40	2	1	1	True	True
19711	MarshallOfSound	2019-08-10 00:00:42	MarshallOfSound	2019-08-10 00:00:17	2	1	1	True	True
19710	brenca	2019-08-09 22:11:30	brenca	2019-08-09 22:08:01	6	6	0	True	True
19709	deermichel	2019-08-09 21:43:04	deermichel	2019-08-07 21:15:57	117	62	55	True	True
19708	trop[bot]	2019-08-09 21:10:39	erickzhao	2019-08-07 20:13:02	3	0	3	True	True
19708	trop[bot]	2019-08-09 21:10:39	erickzhao	2019-08-06 16:36:26	4	2	2	True	True
19707	trop[bot]	2019-08-09 21:10:35	erickzhao	2019-08-07 20:13:02	3	0	3	True	True
19707	trop[bot]	2019-08-09 21:10:35	erickzhao	2019-08-06 16:36:26	4	2	2	True	True
19706	trop[bot]	2019-08-09 21:10:33	erickzhao	2019-08-06 16:36:26	4	2	2	True	True
19706	trop[bot]	2019-08-09 21:10:33	erickzhao	2019-08-07 20:13:02	3	0	3	True	True
19705	deermichel	2019-08-09 20:29:19	deermichel	2019-08-08 02:58:56	7	5	2	True	True
19704	deermichel	2019-08-09 20:25:07	deermichel	2019-08-08 02:58:56	7	5	2	True	True
19703	brenca	2019-08-09 20:02:23	brenca	2019-09-16 13:39:20	106	56	50	False	True
19703	brenca	2019-08-09 20:02:23	brenca	2019-08-09 14:48:12	44	36	8	True	True
19703	brenca	2019-08-09 20:02:23	loc	2020-03-24 20:01:58	14	14	0	False	True
19703	brenca	2019-08-09 20:02:23	loc	2020-03-24 17:31:58	427	237	190	False	True
19703	brenca	2019-08-09 20:02:23	loc	2020-03-19 17:31:06	1	1	0	False	True
19703	brenca	2019-08-09 20:02:23	loc	2020-03-19 20:52:28	2	1	1	False	True
19703	brenca	2019-08-09 20:02:23	loc	2020-03-23 22:34:43	5421	2711	2710	False	True
19703	brenca	2019-08-09 20:02:23	loc	2019-12-06 18:45:46	25	17	8	False	True
19703	brenca	2019-08-09 20:02:23	loc	2019-12-02 21:14:28	26	15	11	False	True
19703	brenca	2019-08-09 20:02:23	loc	2019-11-16 02:01:09	3	1	2	False	True
19703	brenca	2019-08-09 20:02:23	brenca	2019-08-09 14:31:24	11	0	11	True	True
19703	brenca	2019-08-09 20:02:23	brenca	2019-08-09 14:30:11	2	1	1	True	True
19703	brenca	2019-08-09 20:02:23	brenca	2019-08-09 14:30:54	29	15	14	True	True
19703	brenca	2019-08-09 20:02:23	brenca	2019-08-09 14:28:37	1	0	1	True	True
19703	brenca	2019-08-09 20:02:23	brenca	2019-08-09 14:36:45	6	6	0	True	True
19703	brenca	2019-08-09 20:02:23	loc	2019-11-16 01:28:11	6	4	2	False	True
19703	brenca	2019-08-09 20:02:23	loc	2019-11-18 20:56:49	3	2	1	False	True
19703	brenca	2019-08-09 20:02:23	brenca	2019-08-06 21:57:58	421	277	144	True	True
19703	brenca	2019-08-09 20:02:23	loc	2019-12-11 18:55:15	37	28	9	False	True
19701	deermichel	2019-08-09 18:44:14	deermichel	2019-08-13 22:23:30	2	1	1	False	True
19701	deermichel	2019-08-09 18:44:14	deermichel	2019-08-09 18:39:06	7	7	0	True	True
19700	codebytere	2019-08-09 15:28:12	codebytere	2019-08-09 15:15:00	46	34	12	True	True
19700	codebytere	2019-08-09 15:28:12	codebytere	2019-08-10 01:55:51	23	14	9	False	True
19700	codebytere	2019-08-09 15:28:12	codebytere	2019-08-12 17:01:04	5	4	1	False	True
19698	mshoho	2019-08-09 13:57:56	mshoho	2019-08-14 14:38:30	22	9	13	False	True
19698	mshoho	2019-08-09 13:57:56	mshoho	2019-08-25 20:00:54	4	3	1	False	True
19698	mshoho	2019-08-09 13:57:56	mshoho	2019-08-25 19:57:37	13	7	6	False	True
19698	mshoho	2019-08-09 13:57:56	mshoho	2019-08-08 13:56:48	37	37	0	True	True
19698	mshoho	2019-08-09 13:57:56	mshoho	2019-08-08 15:07:48	10	10	0	True	True
19697	miniak	2019-08-09 13:18:05	miniak	2019-08-09 13:14:03	270	108	162	True	True
19696	electron-bot	2019-08-09 13:01:07	electron-bot	2019-08-13 13:00:43	2	1	1	False	True
19696	electron-bot	2019-08-09 13:01:07	electron-bot	2019-08-11 13:00:52	2	1	1	False	True
19696	electron-bot	2019-08-09 13:01:07	electron-bot	2019-08-12 13:00:58	2	1	1	False	True
19696	electron-bot	2019-08-09 13:01:07	electron-bot	2019-08-10 13:00:42	2	1	1	False	True
19696	electron-bot	2019-08-09 13:01:07	electron-bot	2019-08-09 13:01:06	2	1	1	True	True
19693	emmkimme	2019-08-09 08:25:31	emmanuel.kimmerlin@thomsonreuters.com	2019-08-14 14:26:59	37	21	16	False	True
19693	emmkimme	2019-08-09 08:25:31	emmanuel.kimmerlin@thomsonreuters.com	2019-08-19 07:06:48	10	4	6	False	True
19693	emmkimme	2019-08-09 08:25:31	emmanuel.kimmerlin@thomsonreuters.com	2019-08-14 15:24:42	22	9	13	False	True
19693	emmkimme	2019-08-09 08:25:31	emmanuel.kimmerlin@thomsonreuters.com	2019-08-14 15:33:17	9	7	2	False	True
19693	emmkimme	2019-08-09 08:25:31	emmanuel.kimmerlin@thomsonreuters.com	2019-08-17 13:22:54	92	58	34	False	True
19693	emmkimme	2019-08-09 08:25:31	emmanuel.kimmerlin@thomsonreuters.com	2019-08-19 07:40:57	144	85	59	False	True
19693	emmkimme	2019-08-09 08:25:31	emmanuel.kimmerlin@thomsonreuters.com	2019-08-17 09:04:23	219	142	77	False	True
19693	emmkimme	2019-08-09 08:25:31	emmanuel.kimmerlin@thomsonreuters.com	2019-08-17 09:13:26	131	66	65	False	True
19693	emmkimme	2019-08-09 08:25:31	emmanuel.kimmerlin@thomsonreuters.com	2019-08-14 12:24:19	63	63	0	False	True
19693	emmkimme	2019-08-09 08:25:31	emmanuel.kimmerlin@thomsonreuters.com	2019-08-17 15:42:05	25	15	10	False	True
19693	emmkimme	2019-08-09 08:25:31	emmanuel.kimmerlin@thomsonreuters.com	2019-08-17 15:53:07	34	24	10	False	True
19693	emmkimme	2019-08-09 08:25:31	emmanuel.kimmerlin@thomsonreuters.com	2019-08-17 19:52:44	3	2	1	False	True
19693	emmkimme	2019-08-09 08:25:31	emmanuel.kimmerlin@thomsonreuters.com	2019-08-18 15:09:05	57	52	5	False	True
19693	emmkimme	2019-08-09 08:25:31	emmanuel.kimmerlin@thomsonreuters.com	2019-08-14 13:43:12	19	9	10	False	True
19693	emmkimme	2019-08-09 08:25:31	emmanuel.kimmerlin@thomsonreuters.com	2019-08-14 12:41:37	46	41	5	False	True
19693	emmkimme	2019-08-09 08:25:31	emmanuel.kimmerlin@thomsonreuters.com	2019-08-17 13:30:19	1	1	0	False	True
19693	emmkimme	2019-08-09 08:25:31	emmanuel.kimmerlin@thomsonreuters.com	2019-08-13 11:24:50	4	3	1	False	True
19693	emmkimme	2019-08-09 08:25:31	emmanuel.kimmerlin@thomsonreuters.com	2019-08-09 08:14:10	3	0	3	True	True
19693	emmkimme	2019-08-09 08:25:31	emmanuel.kimmerlin@thomsonreuters.com	2019-08-13 10:18:03	4	1	3	False	True
19693	emmkimme	2019-08-09 08:25:31	emmanuel.kimmerlin@thomsonreuters.com	2019-08-12 07:41:00	19	16	3	False	True
19693	emmkimme	2019-08-09 08:25:31	emmanuel.kimmerlin@thomsonreuters.com	2019-08-07 08:12:52	163	105	58	True	True
19693	emmkimme	2019-08-09 08:25:31	emmanuel.kimmerlin@thomsonreuters.com	2019-08-09 06:31:06	58	45	13	True	True
19693	emmkimme	2019-08-09 08:25:31	emmanuel.kimmerlin@thomsonreuters.com	2019-08-09 08:07:39	2812	1411	1401	True	True
19693	emmkimme	2019-08-09 08:25:31	emmanuel.kimmerlin@thomsonreuters.com	2019-08-09 11:00:40	85	65	20	False	True
19693	emmkimme	2019-08-09 08:25:31	emmanuel.kimmerlin@thomsonreuters.com	2019-08-09 09:10:03	21	10	11	False	True
19693	emmkimme	2019-08-09 08:25:31	emmanuel.kimmerlin@thomsonreuters.com	2019-08-12 09:29:57	2	2	0	False	True
19693	emmkimme	2019-08-09 08:25:31	emmanuel.kimmerlin@thomsonreuters.com	2019-08-12 13:17:22	1	1	0	False	True
19693	emmkimme	2019-08-09 08:25:31	emmanuel.kimmerlin@thomsonreuters.com	2019-08-12 12:20:52	2	1	1	False	True
19693	emmkimme	2019-08-09 08:25:31	emmanuel.kimmerlin@thomsonreuters.com	2019-08-12 12:57:22	4	2	2	False	True
19693	emmkimme	2019-08-09 08:25:31	emmanuel.kimmerlin@thomsonreuters.com	2019-08-14 12:44:12	30	12	18	False	True
19692	codebytere	2019-08-09 01:42:33	codebytere	2019-08-08 22:49:43	28	15	13	True	True
19691	trop[bot]	2019-08-08 22:50:09	codebytere	2019-08-07 21:46:00	26	14	12	True	True
19690	codebytere	2019-08-08 20:38:39	codebytere	2019-08-08 20:36:12	26	16	10	True	True
19690	codebytere	2019-08-08 20:38:39	codebytere	2019-08-09 23:31:02	36	31	5	False	True
19688	codebytere	2019-08-08 20:10:07	codebytere	2019-08-09 16:05:28	18	8	10	False	True
19688	codebytere	2019-08-08 20:10:07	codebytere	2019-08-09 19:09:15	4	2	2	False	True
19688	codebytere	2019-08-08 20:10:07	codebytere	2019-08-08 19:43:20	27	23	4	True	True
19684	electron-bot	2019-08-08 13:01:06	jkleinsc	2019-08-08 18:51:28	28	14	14	False	True
19684	electron-bot	2019-08-08 13:01:06	electron-bot	2019-08-08 13:01:05	2	1	1	True	True
19680	trop[bot]	2019-08-08 02:59:15	deermichel	2019-08-05 23:38:34	7	5	2	True	True
19679	zcbenz	2019-08-08 01:35:26	zcbenz	2019-08-07 09:06:53	51	28	23	True	True
19679	zcbenz	2019-08-08 01:35:26	zcbenz	2019-08-07 12:11:20	229	228	1	True	True
19678	codebytere	2019-08-07 23:17:35	codebytere	2019-08-07 23:16:54	13	8	5	True	True
19677	codebytere	2019-08-07 23:02:10	codebytere	2019-08-07 23:00:52	13	8	5	True	True
19675	codebytere	2019-08-07 22:00:12	codebytere	2019-08-07 21:46:00	26	14	12	True	True
19673	erickzhao	2019-08-07 19:31:57	erickzhao	2019-08-07 07:17:32	74	52	22	True	True
19672	codebytere	2019-08-07 18:23:26	codebytere	2019-08-07 18:13:23	169	119	50	True	True
19669	codebytere	2019-08-07 17:00:16	codebytere	2019-08-07 16:57:43	22	14	8	True	True
19668	trop[bot]	2019-08-07 14:47:48	codebytere	2019-08-06 02:18:18	119	50	69	True	True
19668	trop[bot]	2019-08-07 14:47:48	codebytere	2019-08-06 01:47:21	120	96	24	True	True
19668	trop[bot]	2019-08-07 14:47:48	codebytere	2019-08-02 02:54:09	60	33	27	True	True
19665	electron-bot	2019-08-07 13:00:38	electron-bot	2019-08-07 13:00:37	2	1	1	True	True
19661	codebytere	2019-08-07 06:00:49	codebytere	2019-08-07 05:57:57	20	0	20	True	True
19657	erickzhao	2019-08-06 23:52:21	erickzhao	2019-08-06 16:36:26	4	2	2	True	True
19657	erickzhao	2019-08-06 23:52:21	erickzhao	2019-08-07 20:13:02	3	0	3	False	True
19656	MarshallOfSound	2019-08-06 22:58:32	MarshallOfSound	2019-08-06 22:56:30	75	59	16	True	True
19656	MarshallOfSound	2019-08-06 22:58:32	MarshallOfSound	2019-08-13 23:33:03	4	2	2	False	True
19656	MarshallOfSound	2019-08-06 22:58:32	MarshallOfSound	2019-08-13 21:59:52	35	33	2	False	True
19656	MarshallOfSound	2019-08-06 22:58:32	MarshallOfSound	2019-08-12 20:45:35	147	111	36	False	True
19656	MarshallOfSound	2019-08-06 22:58:32	MarshallOfSound	2019-08-06 22:39:30	165	165	0	True	True
19655	deermichel	2019-08-06 22:17:31	deermichel	2019-08-06 20:31:50	103	56	47	True	True
19654	codebytere	2019-08-06 18:43:50	codebytere	2019-08-06 18:42:46	4	2	2	True	True
19653	codebytere	2019-08-06 16:39:41	codebytere	2019-08-19 19:52:52	28	27	1	False	True
19653	codebytere	2019-08-06 16:39:41	codebytere	2019-08-06 16:29:18	19	12	7	True	True
19653	codebytere	2019-08-06 16:39:41	codebytere	2019-08-08 21:40:38	4	2	2	False	True
19653	codebytere	2019-08-06 16:39:41	codebytere	2019-08-13 20:59:35	63	51	12	False	True
19653	codebytere	2019-08-06 16:39:41	codebytere	2019-08-14 04:45:41	2	1	1	False	True
19652	codebytere	2019-08-06 15:40:38	codebytere	2019-08-06 15:39:20	29	25	4	True	True
19649	electron-bot	2019-08-06 13:01:18	electron-bot	2019-08-06 13:01:17	2	1	1	True	True
19648	zcbenz	2019-08-06 12:43:11	zcbenz	2019-08-06 12:36:14	79	73	6	True	True
19647	zcbenz	2019-08-06 12:37:58	zcbenz	2019-04-04 18:36:12	59	26	33	True	True
19644	deepak1556	2019-08-06 07:46:59	deepak1556	2019-08-06 06:48:49	205	15	190	True	True
19644	deepak1556	2019-08-06 07:46:59	deepak1556	2019-08-06 07:37:36	1671	0	1671	True	True
19644	deepak1556	2019-08-06 07:46:59	deepak1556	2019-08-06 08:03:38	233	0	233	False	True
19644	deepak1556	2019-08-06 07:46:59	deepak1556	2019-08-06 06:49:33	30	0	30	True	True
19644	deepak1556	2019-08-06 07:46:59	deepak1556	2019-08-06 07:39:43	194	122	72	True	True
19641	erickzhao	2019-08-06 02:04:53	erickzhao	2019-08-15 22:07:19	6	4	2	False	True
19641	erickzhao	2019-08-06 02:04:53	erickzhao	2019-08-13 20:35:16	4	2	2	False	True
19641	erickzhao	2019-08-06 02:04:53	erickzhao	2019-08-13 20:37:05	5	1	4	False	True
19641	erickzhao	2019-08-06 02:04:53	erickzhao	2019-08-05 23:32:17	12	12	0	True	True
19641	erickzhao	2019-08-06 02:04:53	erickzhao	2019-08-06 00:25:09	4	2	2	True	True
19641	erickzhao	2019-08-06 02:04:53	erickzhao	2019-08-06 01:31:48	3	2	1	True	True
19640	codebytere	2019-08-06 00:16:57	codebytere	2019-08-05 22:11:43	11	1	10	True	True
19639	deermichel	2019-08-05 23:57:06	deermichel	2019-08-05 23:38:34	7	5	2	True	True
19638	trop[bot]	2019-08-05 22:12:16	codebytere	2019-08-05 05:35:32	6	0	6	True	True
19638	trop[bot]	2019-08-05 22:12:16	codebytere	2019-08-02 20:27:02	9	3	6	True	True
19637	trop[bot]	2019-08-05 22:12:14	codebytere	2019-08-02 20:27:02	9	3	6	True	True
19637	trop[bot]	2019-08-05 22:12:14	codebytere	2019-08-05 05:35:32	6	0	6	True	True
19635	erickzhao	2019-08-05 20:41:39	erickzhao	2019-08-05 20:11:41	5	3	2	True	True
19634	erickzhao	2019-08-05 20:23:00	erickzhao	2019-08-05 20:11:41	5	3	2	True	True
19633	trop[bot]	2019-08-05 19:51:13	MarshallOfSound	2019-07-31 20:32:45	49	38	11	True	True
19633	trop[bot]	2019-08-05 19:51:13	MarshallOfSound	2019-08-01 21:56:47	2	1	1	True	True
19633	trop[bot]	2019-08-05 19:51:13	MarshallOfSound	2019-08-01 20:57:25	4	2	2	True	True
19632	trop[bot]	2019-08-05 19:51:11	MarshallOfSound	2019-07-31 20:32:45	49	38	11	True	True
19632	trop[bot]	2019-08-05 19:51:11	MarshallOfSound	2019-08-01 20:57:25	4	2	2	True	True
19632	trop[bot]	2019-08-05 19:51:11	MarshallOfSound	2019-08-01 21:56:47	2	1	1	True	True
19630	trop[bot]	2019-08-05 17:46:17	MarshallOfSound	2019-08-01 23:35:46	108	50	58	True	True
19630	trop[bot]	2019-08-05 17:46:17	MarshallOfSound	2019-08-05 16:40:40	38	20	18	True	True
19630	trop[bot]	2019-08-05 17:46:17	MarshallOfSound	2019-08-02 00:35:25	28	18	10	True	True
19629	malept	2019-08-05 15:52:42	malept	2019-04-24 17:32:37	104	59	45	True	True
19628	codebytere	2019-08-05 15:18:56	Kilian	2019-04-18 19:40:04	32	32	0	True	True
19627	codebytere	2019-08-05 15:12:48	MarshallOfSound	2019-05-28 21:22:35	14	7	7	True	True
19625	trop[bot]	2019-08-05 14:53:59	erickzhao	2019-08-01 22:47:52	86	46	40	True	True
19625	trop[bot]	2019-08-05 14:53:59	erickzhao	2019-08-02 18:14:55	90	46	44	True	True
19623	trop[bot]	2019-08-05 13:19:25	codebytere	2019-08-02 22:41:19	13	8	5	True	True
19620	ghost	2019-08-04 21:16:19	GameCubeGBA	2019-08-11 22:08:45	21	11	10	False	True
19620	ghost	2019-08-04 21:16:19	pi1024e	2019-08-01 15:29:36	22	11	11	True	True
19619	codebytere	2019-08-04 16:31:59	codebytere	2019-05-08 22:40:30	47	34	13	True	True
19612	ghost	2019-08-03 20:52:02	GameCubeGBA	2019-08-03 20:24:55	217	112	105	True	True
19612	ghost	2019-08-03 20:52:02	GameCubeGBA	2019-08-04 15:17:59	2	1	1	False	True
19612	ghost	2019-08-03 20:52:02	GameCubeGBA	2019-08-03 21:22:17	2	1	1	False	True
19612	ghost	2019-08-03 20:52:02	GameCubeGBA	2019-08-03 21:17:16	2	1	1	False	True
19612	ghost	2019-08-03 20:52:02	GameCubeGBA	2019-08-03 20:39:10	12	6	6	True	True
19612	ghost	2019-08-03 20:52:02	GameCubeGBA	2019-08-03 20:06:36	217	105	112	True	True
19612	ghost	2019-08-03 20:52:02	GameCubeGBA	2019-08-03 20:19:19	19	10	9	True	True
19612	ghost	2019-08-03 20:52:02	GameCubeGBA	2019-08-03 15:38:41	2	1	1	True	True
19612	ghost	2019-08-03 20:52:02	pi1024e	2019-08-01 15:29:36	2	1	1	True	True
19612	ghost	2019-08-03 20:52:02	GameCubeGBA	2019-08-03 21:24:51	2	1	1	False	True
19612	ghost	2019-08-03 20:52:02	GameCubeGBA	2019-08-03 21:35:50	6	3	3	False	True
19612	ghost	2019-08-03 20:52:02	GameCubeGBA	2019-08-04 15:22:43	6	3	3	False	True
19612	ghost	2019-08-03 20:52:02	pi1024e	2019-08-04 15:33:22	2	1	1	False	True
19612	ghost	2019-08-03 20:52:02	GameCubeGBA	2019-08-03 20:45:15	8	4	4	True	True
19612	ghost	2019-08-03 20:52:02	GameCubeGBA	2019-08-04 15:17:42	2	1	1	False	True
19612	ghost	2019-08-03 20:52:02	GameCubeGBA	2019-08-04 15:17:55	19	9	10	False	True
19612	ghost	2019-08-03 20:52:02	GameCubeGBA	2019-08-04 15:17:31	6	3	3	False	True
19612	ghost	2019-08-03 20:52:02	pi1024e	2019-08-04 15:31:07	2	1	1	False	True
19612	ghost	2019-08-03 20:52:02	GameCubeGBA	2019-08-04 21:04:55	6	3	3	False	True
19612	ghost	2019-08-03 20:52:02	GameCubeGBA	2019-08-04 21:05:05	2	1	1	False	True
19612	ghost	2019-08-03 20:52:02	GameCubeGBA	2019-08-03 22:02:06	3	2	1	False	True
19612	ghost	2019-08-03 20:52:02	pi1024e	2019-08-04 15:32:44	2	1	1	False	True
19612	ghost	2019-08-03 20:52:02	GameCubeGBA	2019-08-04 15:17:20	3	1	2	False	True
19610	electron-bot	2019-08-03 13:00:32	electron-bot	2019-08-08 13:01:13	2	1	1	False	True
19610	electron-bot	2019-08-03 13:00:32	deermichel	2019-08-08 23:52:49	8	7	1	False	True
19610	electron-bot	2019-08-03 13:00:32	deermichel	2019-08-08 18:05:20	8	6	2	False	True
19610	electron-bot	2019-08-03 13:00:32	deermichel	2019-08-08 18:05:45	9	5	4	False	True
19610	electron-bot	2019-08-03 13:00:32	deermichel	2019-08-08 15:52:39	11	0	11	False	True
19610	electron-bot	2019-08-03 13:00:32	deermichel	2019-08-08 15:47:35	85	43	42	False	True
19610	electron-bot	2019-08-03 13:00:32	deermichel	2019-08-05 20:40:08	10	3	7	False	True
19610	electron-bot	2019-08-03 13:00:32	electron-bot	2019-08-09 13:01:13	11	3	8	False	True
19610	electron-bot	2019-08-03 13:00:32	deermichel	2019-08-07 20:19:16	5	0	5	False	True
19610	electron-bot	2019-08-03 13:00:32	deermichel	2019-08-08 18:04:25	36	32	4	False	True
19610	electron-bot	2019-08-03 13:00:32	deermichel	2019-08-07 18:04:22	100	52	48	False	True
19610	electron-bot	2019-08-03 13:00:32	deepak1556	2019-08-08 20:28:15	25	19	6	False	True
19610	electron-bot	2019-08-03 13:00:32	deermichel	2019-08-06 18:10:12	102	52	50	False	True
19610	electron-bot	2019-08-03 13:00:32	deepak1556	2019-08-08 18:57:15	7	3	4	False	True
19610	electron-bot	2019-08-03 13:00:32	electron-bot	2019-08-06 13:01:23	2	1	1	False	True
19610	electron-bot	2019-08-03 13:00:32	deermichel	2019-08-08 23:00:51	14	7	7	False	True
19610	electron-bot	2019-08-03 13:00:32	deermichel	2019-08-08 23:29:32	18	9	9	False	True
19610	electron-bot	2019-08-03 13:00:32	deermichel	2019-08-05 22:02:31	5	5	0	False	True
19610	electron-bot	2019-08-03 13:00:32	electron-bot	2019-08-07 13:00:44	2	1	1	False	True
19610	electron-bot	2019-08-03 13:00:32	deermichel	2019-08-05 21:18:36	6	0	6	False	True
19610	electron-bot	2019-08-03 13:00:32	deermichel	2019-08-05 21:00:55	10	7	3	False	True
19610	electron-bot	2019-08-03 13:00:32	deermichel	2019-08-05 19:40:30	7	2	5	False	True
19610	electron-bot	2019-08-03 13:00:32	electron-bot	2019-08-03 13:00:31	2	1	1	True	True
19610	electron-bot	2019-08-03 13:00:32	deermichel	2019-08-06 16:36:35	6	3	3	False	True
19610	electron-bot	2019-08-03 13:00:32	deermichel	2019-08-05 20:15:30	19	9	10	False	True
19610	electron-bot	2019-08-03 13:00:32	electron-bot	2019-08-05 13:00:20	2	1	1	False	True
19610	electron-bot	2019-08-03 13:00:32	deermichel	2019-08-05 18:07:02	2	1	1	False	True
19610	electron-bot	2019-08-03 13:00:32	electron-bot	2019-08-04 13:01:09	2	1	1	False	True
19610	electron-bot	2019-08-03 13:00:32	deermichel	2019-08-05 17:58:10	313	116	197	False	True
19610	electron-bot	2019-08-03 13:00:32	deermichel	2019-08-05 21:55:58	18	11	7	False	True
19609	electron-bot	2019-08-03 13:00:27	deepak1556	2019-08-29 17:33:08	2	1	1	False	True
19609	electron-bot	2019-08-03 13:00:27	deepak1556	2019-08-29 21:39:48	2	2	0	False	True
19609	electron-bot	2019-08-03 13:00:27	deepak1556	2019-08-28 21:24:36	35	18	17	False	True
19609	electron-bot	2019-08-03 13:00:27	deepak1556	2019-08-27 22:13:44	388	199	189	False	True
19609	electron-bot	2019-08-03 13:00:27	deepak1556	2019-08-07 15:04:09	2373	147	2226	False	True
19609	electron-bot	2019-08-03 13:00:27	electron-bot	2019-08-24 01:14:23	697	301	396	False	True
19609	electron-bot	2019-08-03 13:00:27	electron-bot	2019-08-15 20:50:58	701	347	354	False	True
19609	electron-bot	2019-08-03 13:00:27	deepak1556	2019-08-27 21:22:47	2	1	1	False	True
19609	electron-bot	2019-08-03 13:00:27	deepak1556	2019-08-29 21:38:45	6	3	3	False	True
19609	electron-bot	2019-08-03 13:00:27	deepak1556	2019-08-29 21:37:25	85	48	37	False	True
19609	electron-bot	2019-08-03 13:00:27	nornagon	2019-08-29 00:43:12	69	28	41	False	True
19609	electron-bot	2019-08-03 13:00:27	deepak1556	2019-08-29 00:12:57	373	373	0	False	True
19609	electron-bot	2019-08-03 13:00:27	nornagon	2019-08-29 06:50:14	196	162	34	False	True
19609	electron-bot	2019-08-03 13:00:27	MarshallOfSound	2019-08-27 22:39:23	5	4	1	False	True
19609	electron-bot	2019-08-03 13:00:27	deepak1556	2019-08-29 22:00:44	32	16	16	False	True
19609	electron-bot	2019-08-03 13:00:27	deepak1556	2019-08-30 15:34:39	2	1	1	False	True
19609	electron-bot	2019-08-03 13:00:27	deepak1556	2019-08-29 22:22:33	6	4	2	False	True
19609	electron-bot	2019-08-03 13:00:27	deepak1556	2019-08-29 22:25:33	2	1	1	False	True
19609	electron-bot	2019-08-03 13:00:27	deepak1556	2019-08-30 00:21:52	6	6	0	False	True
19609	electron-bot	2019-08-03 13:00:27	deepak1556	2019-08-29 17:54:52	206	90	116	False	True
19608	azazdeaz	2019-08-03 12:45:58	azazdeaz	2019-08-03 12:45:05	2	1	1	True	True
19606	nornagon	2019-08-03 01:00:29	nornagon	2019-08-03 01:00:01	21	9	12	True	True
19605	nornagon	2019-08-03 00:55:44	nornagon	2019-08-03 00:18:08	67	33	34	True	True
19604	nornagon	2019-08-03 00:55:08	nornagon	2019-08-05 17:34:38	33	28	5	False	True
19604	nornagon	2019-08-03 00:55:08	nornagon	2019-08-27 18:00:29	296	163	133	False	True
19604	nornagon	2019-08-03 00:55:08	nornagon	2019-08-03 00:54:35	148	75	73	True	True
19604	nornagon	2019-08-03 00:55:08	nornagon	2019-08-26 21:49:40	44	17	27	False	True
19601	codebytere	2019-08-02 22:46:51	codebytere	2019-08-02 22:41:19	13	8	5	True	True
19599	codebytere	2019-08-02 20:30:02	codebytere	2019-08-05 05:35:32	6	0	6	False	True
19599	codebytere	2019-08-02 20:30:02	codebytere	2019-08-02 20:27:02	9	3	6	True	True
19598	codebytere	2019-08-02 19:09:17	codebytere	2019-08-06 02:18:18	119	50	69	False	True
19598	codebytere	2019-08-02 19:09:17	codebytere	2019-08-06 01:47:21	120	96	24	False	True
19598	codebytere	2019-08-02 19:09:17	codebytere	2019-08-02 02:54:09	60	33	27	True	True
19597	nornagon	2019-08-02 17:25:01	nornagon	2019-08-02 17:24:11	6	4	2	True	True
19593	electron-bot	2019-08-02 13:00:18	electron-bot	2019-08-04 13:01:02	2	1	1	False	True
19593	electron-bot	2019-08-02 13:00:18	electron-bot	2019-08-05 13:00:14	2	1	1	False	True
19593	electron-bot	2019-08-02 13:00:18	electron-bot	2019-08-03 13:00:23	2	1	1	False	True
19593	electron-bot	2019-08-02 13:00:18	electron-bot	2019-08-02 13:00:16	2	1	1	True	True
19586	erickzhao	2019-08-02 01:46:56	erickzhao	2019-08-01 22:47:52	86	46	40	True	True
19586	erickzhao	2019-08-02 01:46:56	erickzhao	2019-08-02 18:14:55	90	46	44	False	True
19585	MarshallOfSound	2019-08-02 00:11:17	MarshallOfSound	2019-08-01 23:35:46	108	50	58	True	True
19585	MarshallOfSound	2019-08-02 00:11:17	MarshallOfSound	2019-08-02 00:35:25	28	18	10	False	True
19585	MarshallOfSound	2019-08-02 00:11:17	MarshallOfSound	2019-08-05 16:40:40	38	20	18	False	True
19584	nornagon	2019-08-01 23:44:57	nornagon	2019-08-01 23:43:42	4	3	1	True	True
19582	nornagon	2019-08-01 22:06:11	nornagon	2019-08-01 22:05:32	51	5	46	True	True
19582	nornagon	2019-08-01 22:06:11	nornagon	2019-08-01 23:50:17	2	1	1	False	True
19582	nornagon	2019-08-01 22:06:11	nornagon	2019-08-01 22:10:09	7	1	6	False	True
19582	nornagon	2019-08-01 22:06:11	nitsakh	2019-08-07 21:49:09	73	35	38	False	True
19582	nornagon	2019-08-01 22:06:11	nornagon	2019-10-01 23:31:23	2	1	1	False	True
19581	trop[bot]	2019-08-01 21:04:20	codebytere	2019-06-26 05:17:30	9	7	2	True	True
19580	trop[bot]	2019-08-01 21:03:55	codebytere	2019-07-25 17:20:02	69	51	18	True	True
19580	trop[bot]	2019-08-01 21:03:55	codebytere	2019-08-05 05:40:58	8	4	4	False	True
19579	trop[bot]	2019-08-01 21:01:26	adill	2019-07-31 22:36:53	1	1	0	True	True
19578	deermichel	2019-08-01 20:51:30	deermichel	2019-08-01 20:48:05	50	39	11	True	True
19577	deermichel	2019-08-01 20:32:19	deermichel	2019-08-01 19:06:44	34	20	14	True	True
19577	deermichel	2019-08-01 20:32:19	deermichel	2019-08-02 21:32:27	109	67	42	False	True
19576	flotwig	2019-08-01 18:16:57	flotwig	2019-08-01 22:14:06	2	1	1	False	True
19576	flotwig	2019-08-01 18:16:57	flotwig	2019-08-01 18:15:36	2	1	1	True	True
19575	deermichel	2019-08-01 18:16:43	deermichel	2019-08-01 17:35:44	72	42	30	True	True
19575	deermichel	2019-08-01 18:16:43	deermichel	2019-08-01 20:16:13	80	44	36	False	True
19574	miniak	2019-08-01 17:47:33	miniak	2019-07-31 21:24:40	244	116	128	True	True
19574	miniak	2019-08-01 17:47:33	miniak	2019-08-23 18:05:18	53	29	24	False	True
19574	miniak	2019-08-01 17:47:33	miniak	2019-08-23 19:01:55	80	59	21	False	True
19573	codebytere	2019-08-01 17:46:26	codebytere	2019-07-31 21:13:56	72	60	12	True	True
19572	codebytere	2019-08-01 17:42:25	codebytere	2019-06-26 05:17:30	9	7	2	True	True
19570	codebytere	2019-08-01 17:37:09	codebytere	2019-07-25 17:20:02	69	51	18	True	True
19568	deermichel	2019-08-01 16:21:30	deermichel	2019-08-01 16:17:23	10	10	0	True	True
19567	deermichel	2019-08-01 16:06:40	deermichel	2019-07-30 18:08:27	32	31	1	True	True
19566	deermichel	2019-08-01 16:02:42	deermichel	2019-07-30 18:08:27	30	30	0	True	True
19564	electron-bot	2019-08-01 13:00:40	electron-bot	2019-08-01 13:00:39	2	1	1	True	True
19561	jkleinsc	2019-08-01 00:16:25	jkleinsc	2019-07-15 15:13:34	79	78	1	True	True
19560	jkleinsc	2019-08-01 00:10:23	jkleinsc	2019-07-15 15:13:34	77	77	0	True	True
