pr_number	author_user_login	pr_created_at	review_comment_user_login	review_comment_created_at	is_review_review_comment
8107	deepak1556	2016-11-30 20:32:02	kevinsawicki	2016-12-09 17:40:02	True
8107	deepak1556	2016-11-30 20:32:02	kevinsawicki	2016-12-06 18:24:30	True
8107	deepak1556	2016-11-30 20:32:02	kevinsawicki	2016-12-06 18:27:59	True
8107	deepak1556	2016-11-30 20:32:02	kevinsawicki	2016-12-06 18:28:35	True
8095	MarshallOfSound	2016-11-29 07:48:39	kevinsawicki	2017-03-02 00:49:27	True
8095	MarshallOfSound	2016-11-29 07:48:39	zeke	2017-03-03 18:21:53	True
8092	poiru	2016-11-28 19:44:45	kevinsawicki	2016-11-28 21:58:53	True
8086	deepak1556	2016-11-27 19:43:50	kevinsawicki	2016-11-28 23:59:09	True
8084	poiru	2016-11-27 16:02:01	kevinsawicki	2016-11-28 21:29:24	True
8084	poiru	2016-11-27 16:02:01	kevinsawicki	2016-11-28 23:45:15	True
8078		2016-11-25 13:04:20			
8065		2016-11-23 15:22:29			
8061	deepak1556	2016-11-23 08:43:46	zeke	2016-11-23 19:06:21	True
8061	deepak1556	2016-11-23 08:43:46	kevinsawicki	2016-12-06 18:30:22	True
8061	deepak1556	2016-11-23 08:43:46	kevinsawicki	2016-12-06 18:33:08	True
8061	deepak1556	2016-11-23 08:43:46	zeke	2016-11-23 19:07:32	True
8061	deepak1556	2016-11-23 08:43:46	zeke	2016-11-23 19:03:51	True
8061	deepak1556	2016-11-23 08:43:46	zeke	2016-11-23 19:04:21	True
8061	deepak1556	2016-11-23 08:43:46	zeke	2016-11-23 19:07:17	True
8058	zeke	2016-11-23 00:54:35	groundwater	2016-11-23 03:25:09	True
8052	MarshallOfSound	2016-11-22 12:27:43	zcbenz	2017-09-14 02:26:15	True
8052	MarshallOfSound	2016-11-22 12:27:43	levrik	2016-11-22 18:33:09	True
8052	MarshallOfSound	2016-11-22 12:27:43	zcbenz	2017-09-14 02:07:46	True
8052	MarshallOfSound	2016-11-22 12:27:43	kof	2016-11-22 14:10:10	True
8052	MarshallOfSound	2016-11-22 12:27:43	zcbenz	2017-09-14 02:22:20	True
8052	MarshallOfSound	2016-11-22 12:27:43	zcbenz	2017-09-14 02:07:26	True
8052	MarshallOfSound	2016-11-22 12:27:43	kevinsawicki	2017-02-24 17:03:04	True
8052	MarshallOfSound	2016-11-22 12:27:43	kof	2016-11-22 14:17:44	True
8052	MarshallOfSound	2016-11-22 12:27:43	zcbenz	2017-09-14 02:09:49	True
8052	MarshallOfSound	2016-11-22 12:27:43	zcbenz	2017-09-14 02:20:49	True
8046	bengotow	2016-11-22 00:55:21	zeke	2016-11-22 00:59:43	True
8046	bengotow	2016-11-22 00:55:21	zeke	2016-11-22 01:00:23	True
8043		2016-11-21 23:42:59			
8041	anaisbetts	2016-11-21 20:07:48	zeke	2016-11-21 21:12:49	True
8031		2016-11-20 15:52:13			
8009		2016-11-18 00:42:04			
7993		2016-11-17 00:34:43			
7974	MarshallOfSound	2016-11-15 10:30:18	zcbenz	2016-11-17 03:54:47	True
7948	anaisbetts	2016-11-12 00:09:03	kevinsawicki	2016-11-14 15:35:20	True
7948	anaisbetts	2016-11-12 00:09:03	kevinsawicki	2016-11-14 15:36:39	True
7948	anaisbetts	2016-11-12 00:09:03	kevinsawicki	2016-11-14 15:55:21	True
7947	pfrazee	2016-11-11 19:12:24	kevinsawicki	2016-12-12 19:11:38	True
7947	pfrazee	2016-11-11 19:12:24	kevinsawicki	2016-12-12 18:19:33	True
7947	pfrazee	2016-11-11 19:12:24	kevinsawicki	2016-12-12 19:16:59	True
7947	pfrazee	2016-11-11 19:12:24	kevinsawicki	2016-12-12 19:16:01	True
7947	pfrazee	2016-11-11 19:12:24	kevinsawicki	2016-12-12 18:19:27	True
7947	pfrazee	2016-11-11 19:12:24	deepak1556	2016-11-15 09:21:32	True
7947	pfrazee	2016-11-11 19:12:24	deepak1556	2016-11-15 09:19:29	True
7947	pfrazee	2016-11-11 19:12:24	kevinsawicki	2016-11-29 21:06:15	True
7933		2016-11-10 16:39:09			
7923		2016-11-10 03:38:40			
7917	gregnolle	2016-11-09 17:22:51	zeke	2016-11-10 00:38:49	True
7917	gregnolle	2016-11-09 17:22:51	MarshallOfSound	2016-11-10 00:44:28	True
7917	gregnolle	2016-11-09 17:22:51	MarshallOfSound	2016-11-10 00:32:59	True
7917	gregnolle	2016-11-09 17:22:51	deepak1556	2016-11-10 00:05:49	True
7898	gerhardberger	2016-11-07 20:30:58	kevinsawicki	2016-11-11 16:41:32	True
7898	gerhardberger	2016-11-07 20:30:58	kevinsawicki	2016-11-10 00:30:07	True
7898	gerhardberger	2016-11-07 20:30:58	kevinsawicki	2016-11-10 00:20:48	True
7898	gerhardberger	2016-11-07 20:30:58	kevinsawicki	2016-11-10 21:45:32	True
7898	gerhardberger	2016-11-07 20:30:58	kevinsawicki	2016-11-10 17:50:03	True
7898	gerhardberger	2016-11-07 20:30:58	kevinsawicki	2016-11-11 16:49:37	True
7898	gerhardberger	2016-11-07 20:30:58	kevinsawicki	2016-11-10 00:24:21	True
7898	gerhardberger	2016-11-07 20:30:58	kevinsawicki	2016-11-10 18:35:06	True
7898	gerhardberger	2016-11-07 20:30:58	kevinsawicki	2016-11-10 17:54:24	True
7898	gerhardberger	2016-11-07 20:30:58	MarshallOfSound	2016-11-08 13:12:25	True
7898	gerhardberger	2016-11-07 20:30:58	kevinsawicki	2016-11-10 00:19:13	True
7898	gerhardberger	2016-11-07 20:30:58	MarshallOfSound	2016-11-08 13:11:57	True
7898	gerhardberger	2016-11-07 20:30:58	kevinsawicki	2016-11-10 00:22:33	True
7888	zeke	2016-11-06 03:21:07	kevinsawicki	2016-11-10 00:38:34	True
7884	MarshallOfSound	2016-11-05 08:44:40	zeke	2016-11-07 20:09:43	True
7881		2016-11-04 21:15:40			
7878	zeke	2016-11-04 18:35:51	MarshallOfSound	2016-11-05 03:12:27	True
7878	zeke	2016-11-04 18:35:51	YurySolovyov	2016-11-24 13:20:15	True
7878	zeke	2016-11-04 18:35:51	YurySolovyov	2016-12-21 21:51:33	True
7878	zeke	2016-11-04 18:35:51	YurySolovyov	2016-12-21 21:59:05	True
7869		2016-11-03 21:21:56			
7867	zeke	2016-11-03 20:04:06	kevinsawicki	2016-11-04 20:13:52	True
7867	zeke	2016-11-03 20:04:06	kevinsawicki	2016-11-04 20:14:45	True
7864	crilleengvall	2016-11-03 18:55:04	zeke	2016-11-03 20:57:07	True
7864	crilleengvall	2016-11-03 18:55:04	zeke	2016-11-03 20:09:25	True
7864	crilleengvall	2016-11-03 18:55:04	MarshallOfSound	2016-11-03 22:22:52	True
7864	crilleengvall	2016-11-03 18:55:04	zeke	2016-11-03 20:08:46	True
7864	crilleengvall	2016-11-03 18:55:04	MarshallOfSound	2016-11-03 22:23:31	True
7864	crilleengvall	2016-11-03 18:55:04	MarshallOfSound	2016-11-03 22:21:50	True
7863	kevinsawicki	2016-11-03 18:29:36	zeke	2016-11-04 19:02:58	True
7863	kevinsawicki	2016-11-03 18:29:36	zeke	2016-11-04 18:58:27	True
7863	kevinsawicki	2016-11-03 18:29:36	zeke	2016-11-04 19:05:06	True
7863	kevinsawicki	2016-11-03 18:29:36	zeke	2016-11-04 18:45:52	True
7863	kevinsawicki	2016-11-03 18:29:36	zeke	2016-11-04 18:55:48	True
7863	kevinsawicki	2016-11-03 18:29:36	zeke	2016-11-04 18:50:21	True
7863	kevinsawicki	2016-11-03 18:29:36	zeke	2016-11-04 18:44:57	True
7863	kevinsawicki	2016-11-03 18:29:36	zeke	2016-11-04 18:43:47	True
7863	kevinsawicki	2016-11-03 18:29:36	zeke	2016-11-04 18:54:22	True
7863	kevinsawicki	2016-11-03 18:29:36	zeke	2016-11-04 19:00:42	True
7857	MarshallOfSound	2016-11-03 08:52:55	enlight	2016-11-04 00:50:29	True
7851	YurySolovyov	2016-11-02 21:28:55	levrik	2016-11-11 06:20:43	True
7851	YurySolovyov	2016-11-02 21:28:55	levrik	2016-11-11 06:27:07	True
7851	YurySolovyov	2016-11-02 21:28:55	kevinsawicki	2016-11-10 00:48:13	True
7851	YurySolovyov	2016-11-02 21:28:55	levrik	2016-11-11 06:29:08	True
7851	YurySolovyov	2016-11-02 21:28:55	MarshallOfSound	2016-11-06 13:46:21	True
7851	YurySolovyov	2016-11-02 21:28:55	MarshallOfSound	2016-11-06 13:38:01	True
7851	YurySolovyov	2016-11-02 21:28:55	MarshallOfSound	2016-11-06 13:39:57	True
7851	YurySolovyov	2016-11-02 21:28:55	MarshallOfSound	2016-11-06 13:39:29	True
7851	YurySolovyov	2016-11-02 21:28:55	MarshallOfSound	2016-11-06 13:36:13	True
7851	YurySolovyov	2016-11-02 21:28:55	kevinsawicki	2016-11-10 00:46:50	True
7851	YurySolovyov	2016-11-02 21:28:55	deepak1556	2016-11-06 04:54:07	True
7851	YurySolovyov	2016-11-02 21:28:55	deepak1556	2016-11-06 04:53:24	True
7851	YurySolovyov	2016-11-02 21:28:55	kevinsawicki	2016-11-10 00:45:35	True
7851	YurySolovyov	2016-11-02 21:28:55	levrik	2016-11-11 06:41:36	True
7851	YurySolovyov	2016-11-02 21:28:55	kevinsawicki	2016-11-10 17:27:55	True
7851	YurySolovyov	2016-11-02 21:28:55	kevinsawicki	2016-11-10 00:44:18	True
7851	YurySolovyov	2016-11-02 21:28:55	kevinsawicki	2016-11-10 00:50:11	True
7851	YurySolovyov	2016-11-02 21:28:55	MarshallOfSound	2016-11-05 18:11:04	True
7843	zeke	2016-11-01 23:44:27	enlight	2016-11-02 01:14:47	True
7843	zeke	2016-11-01 23:44:27	kevinsawicki	2016-11-03 20:03:17	True
7837		2016-11-01 17:46:22			
