pr_number	author_user_login	pr_created_at	commit_user_login	commit_created_at	commit_status_total	commit_status_additions	commit_status_deletions	create_before_pr	is_review_commit
162	probablycorey	2014-01-21 00:45:38	zcbenz	2014-01-31 12:28:33	2	1	1	False	True
162	probablycorey	2014-01-21 00:45:38	zcbenz	2014-02-02 12:37:46	46	23	23	False	True
162	probablycorey	2014-01-21 00:45:38	probablycorey	2014-01-21 00:22:32	2	1	1	True	True
162	probablycorey	2014-01-21 00:45:38	probablycorey	2014-01-21 00:25:33	6	4	2	True	True
162	probablycorey	2014-01-21 00:45:38	probablycorey	2014-01-21 00:25:48	19	12	7	True	True
162	probablycorey	2014-01-21 00:45:38	probablycorey	2014-01-21 00:29:34	28	0	28	True	True
162	probablycorey	2014-01-21 00:45:38	zcbenz	2014-01-21 14:13:34	249	65	184	False	True
162	probablycorey	2014-01-21 00:45:38	zcbenz	2014-01-21 14:50:46	53	42	11	False	True
162	probablycorey	2014-01-21 00:45:38	zcbenz	2014-01-22 04:00:34	11	6	5	False	True
162	probablycorey	2014-01-21 00:45:38	probablycorey	2014-02-01 00:11:11	26	26	0	False	True
162	probablycorey	2014-01-21 00:45:38	probablycorey	2014-01-21 00:22:49	100	49	51	True	True
162	probablycorey	2014-01-21 00:45:38	zcbenz	2014-01-31 13:10:51	4	2	2	False	True
162	probablycorey	2014-01-21 00:45:38	zcbenz	2014-01-31 13:31:42	58	29	29	False	True
162	probablycorey	2014-01-21 00:45:38	zcbenz	2014-01-31 13:47:59	46	26	20	False	True
162	probablycorey	2014-01-21 00:45:38	probablycorey	2014-02-01 00:02:38	4	3	1	False	True
162	probablycorey	2014-01-21 00:45:38	zcbenz	2014-01-21 12:40:19	15	12	3	False	True
162	probablycorey	2014-01-21 00:45:38	probablycorey	2014-02-01 00:13:01	27	15	12	False	True
162	probablycorey	2014-01-21 00:45:38	probablycorey	2014-02-01 23:55:57	55	26	29	False	True
162	probablycorey	2014-01-21 00:45:38	zcbenz	2014-02-02 11:58:25	7	3	4	False	True
162	probablycorey	2014-01-21 00:45:38	zcbenz	2014-01-31 11:36:26	263	234	29	False	True
162	probablycorey	2014-01-21 00:45:38	probablycorey	2014-02-01 00:14:16	4	1	3	False	True
162	probablycorey	2014-01-21 00:45:38	probablycorey	2014-01-29 22:55:20	152	87	65	False	True
