pr_number	author_user_login	pr_created_at	commit_user_login	commit_created_at	commit_status_total	commit_status_additions	commit_status_deletions	create_before_pr	is_review_commit
19558	trop[bot]	2019-07-31 23:48:58	jkleinsc	2019-07-15 15:13:34	77	77	0	True	True
19557	adill	2019-07-31 22:50:06	adill	2019-07-31 22:36:53	1	1	0	True	True
19556	miniak	2019-07-31 21:26:38	miniak	2019-07-31 21:24:40	48	25	23	True	True
19556	miniak	2019-07-31 21:26:38	miniak	2019-08-02 08:21:11	2	1	1	False	True
19555	trop[bot]	2019-07-31 21:14:20	codebytere	2019-07-18 16:00:26	76	62	14	True	True
19553	MarshallOfSound	2019-07-31 20:36:33	MarshallOfSound	2019-08-01 20:57:25	4	2	2	False	True
19553	MarshallOfSound	2019-07-31 20:36:33	MarshallOfSound	2019-07-31 20:32:45	49	38	11	True	True
19553	MarshallOfSound	2019-07-31 20:36:33	MarshallOfSound	2019-08-01 21:56:47	2	1	1	False	True
19552	MarshallOfSound	2019-07-31 18:24:10	MarshallOfSound	2019-07-31 18:23:24	2	1	1	True	True
19552	MarshallOfSound	2019-07-31 18:24:10	miniak	2019-08-02 08:01:28	100	50	50	False	True
19552	MarshallOfSound	2019-07-31 18:24:10	miniak	2019-08-02 11:52:43	4	2	2	False	True
19552	MarshallOfSound	2019-07-31 18:24:10	deepak1556	2019-07-29 08:49:49	6	3	3	True	True
19552	MarshallOfSound	2019-07-31 18:24:10	deepak1556	2019-07-29 08:50:34	21	12	9	True	True
19551	MarshallOfSound	2019-07-31 18:06:20	MarshallOfSound	2019-07-31 18:05:54	2	1	1	True	True
19549	miniak	2019-07-31 17:28:56	miniak	2019-07-31 17:27:13	6	3	3	True	True
19548	miniak	2019-07-31 16:59:10	miniak	2019-07-31 16:55:45	28	28	0	True	True
19547	miniak	2019-07-31 16:31:46	miniak	2019-07-31 16:26:55	26	26	0	True	True
19546	trop[bot]	2019-07-31 15:21:10	codebytere	2019-07-30 04:37:59	5	4	1	True	True
19545	codebytere	2019-07-31 15:19:55	codebytere	2019-07-30 20:55:04	13	10	3	True	True
19544	miniak	2019-07-31 15:17:14	miniak	2019-07-31 12:48:13	146	119	27	True	True
19542	ghost	2019-07-31 13:30:42	GameCubeGBA	2019-07-31 18:41:33	4	3	1	False	True
19542	ghost	2019-07-31 13:30:42	GameCubeGBA	2019-07-31 16:11:38	4	1	3	False	True
19542	ghost	2019-07-31 13:30:42	pi1024e	2019-07-31 18:36:12	2	1	1	False	True
19542	ghost	2019-07-31 13:30:42	GameCubeGBA	2019-07-31 18:41:36	24	11	13	False	True
19542	ghost	2019-07-31 13:30:42	GameCubeGBA	2019-07-31 13:41:58	24	13	11	False	True
19542	ghost	2019-07-31 13:30:42	GameCubeGBA	2019-07-31 12:58:25	59	11	48	True	True
19540	electron-bot	2019-07-31 13:01:01	electron-bot	2019-07-31 13:01:00	2	1	1	True	True
19537	erickzhao	2019-07-30 23:17:04	codebytere	2019-06-24 21:09:17	4	1	3	True	True
19535	erickzhao	2019-07-30 15:47:04	erickzhao	2019-07-30 16:26:00	6	4	2	False	True
19535	erickzhao	2019-07-30 15:47:04	erickzhao	2019-07-31 23:29:33	24	7	17	False	True
19535	erickzhao	2019-07-30 15:47:04	erickzhao	2019-07-30 16:11:51	12	10	2	False	True
19535	erickzhao	2019-07-30 15:47:04	erickzhao	2019-07-31 23:17:53	2	1	1	False	True
19535	erickzhao	2019-07-30 15:47:04	erickzhao	2019-08-04 03:11:00	2	1	1	False	True
19535	erickzhao	2019-07-30 15:47:04	erickzhao	2019-08-01 22:18:14	51	32	19	False	True
19535	erickzhao	2019-07-30 15:47:04	erickzhao	2019-08-04 03:10:54	2	1	1	False	True
19535	erickzhao	2019-07-30 15:47:04	erickzhao	2019-07-30 01:47:37	18	16	2	True	True
19535	erickzhao	2019-07-30 15:47:04	erickzhao	2019-07-30 02:13:22	3	2	1	True	True
19535	erickzhao	2019-07-30 15:47:04	erickzhao	2019-07-30 21:36:11	17	5	12	False	True
19535	erickzhao	2019-07-30 15:47:04	erickzhao	2019-07-30 03:21:31	2	1	1	True	True
19535	erickzhao	2019-07-30 15:47:04	erickzhao	2019-07-30 03:14:11	21	14	7	True	True
19534	codebytere	2019-07-30 15:21:50	codebytere	2019-07-29 18:16:26	26	23	3	True	True
19533	miniak	2019-07-30 15:13:43	miniak	2019-07-30 15:11:25	2	1	1	True	True
19531	electron-bot	2019-07-30 13:00:39	electron-bot	2019-07-30 13:00:38	2	1	1	True	True
19530	trop[bot]	2019-07-30 12:06:55	miniak	2019-07-18 17:44:24	2	1	1	True	True
19529	trop[bot]	2019-07-30 12:06:54	miniak	2019-07-18 17:44:24	2	1	1	True	True
19528	trop[bot]	2019-07-30 12:06:53	miniak	2019-07-18 17:44:24	2	1	1	True	True
19523	codebytere	2019-07-30 04:39:24	codebytere	2019-07-30 04:37:59	5	4	1	True	True
19521	electron-bot	2019-07-30 00:33:31	nitsakh	2019-07-30 21:37:37	182	64	118	False	True
19521	electron-bot	2019-07-30 00:33:31	electron-bot	2019-08-07 13:00:40	2	1	1	False	True
19521	electron-bot	2019-07-30 00:33:31	nitsakh	2019-08-12 18:41:46	138	58	80	False	True
19521	electron-bot	2019-07-30 00:33:31	nitsakh	2019-07-30 22:09:30	7	3	4	False	True
19521	electron-bot	2019-07-30 00:33:31	nitsakh	2019-08-12 20:03:48	265	264	1	False	True
19521	electron-bot	2019-07-30 00:33:31	electron-bot	2019-07-30 00:33:30	2	1	1	True	True
19521	electron-bot	2019-07-30 00:33:31	nitsakh	2019-08-12 23:11:12	30	0	30	False	True
19521	electron-bot	2019-07-30 00:33:31	nitsakh	2019-08-12 22:47:37	4	4	0	False	True
19518	MarshallOfSound	2019-07-29 22:09:49	MarshallOfSound	2019-07-29 21:30:08	79	36	43	True	True
19518	MarshallOfSound	2019-07-29 22:09:49	zcbenz	2020-01-15 01:02:15	4	2	2	False	True
19518	MarshallOfSound	2019-07-29 22:09:49	zcbenz	2020-01-15 04:20:47	1	1	0	False	True
19517	deermichel	2019-07-29 22:07:02	deermichel	2019-07-29 22:02:18	2	2	0	True	True
19516	erickzhao	2019-07-29 20:36:49	codebytere	2019-10-31 18:50:06	47	45	2	False	True
19515	nornagon	2019-07-29 20:33:20	nornagon	2019-07-29 20:29:35	184	174	10	True	True
19515	nornagon	2019-07-29 20:33:20	nornagon	2019-12-19 00:44:13	58	50	8	False	True
19515	nornagon	2019-07-29 20:33:20	nornagon	2019-07-29 20:35:21	2	2	0	False	True
19515	nornagon	2019-07-29 20:33:20	nornagon	2019-11-04 19:06:31	33	30	3	False	True
19515	nornagon	2019-07-29 20:33:20	nornagon	2019-07-29 20:44:07	25	16	9	False	True
19515	nornagon	2019-07-29 20:33:20	nornagon	2020-01-14 21:50:22	1	0	1	False	True
19515	nornagon	2019-07-29 20:33:20	nornagon	2020-01-14 22:37:27	2	0	2	False	True
19515	nornagon	2019-07-29 20:33:20	nornagon	2020-01-14 22:27:58	4	2	2	False	True
19515	nornagon	2019-07-29 20:33:20	nornagon	2020-01-14 21:59:30	2	1	1	False	True
19514	codebytere	2019-07-29 20:32:18	codebytere	2019-07-29 20:29:25	13	10	3	True	True
19513	deermichel	2019-07-29 19:49:58	deermichel	2019-07-29 19:40:08	30	15	15	True	True
19512	nornagon	2019-07-29 18:39:09	nornagon	2019-07-29 20:02:52	35	30	5	False	True
19512	nornagon	2019-07-29 18:39:09	nornagon	2019-07-29 18:38:09	861	434	427	True	True
19512	nornagon	2019-07-29 18:39:09	nornagon	2019-07-29 18:47:30	879	444	435	False	True
19509	trop[bot]	2019-07-29 18:22:21	deermichel	2019-07-24 00:45:18	4	2	2	True	True
19508	trop[bot]	2019-07-29 18:22:18	deermichel	2019-07-24 00:45:18	4	2	2	True	True
19507	trop[bot]	2019-07-29 18:22:17	deermichel	2019-07-24 00:45:18	4	2	2	True	True
19506	codebytere	2019-07-29 18:17:44	codebytere	2019-07-29 18:16:26	26	23	3	True	True
19505	trop[bot]	2019-07-29 15:33:58	MarshallOfSound	2019-07-25 21:38:44	6	2	4	True	True
19504	trop[bot]	2019-07-29 13:42:48	nornagon	2019-07-26 23:09:08	1	1	0	True	True
19504	trop[bot]	2019-07-29 13:42:48	nornagon	2019-07-26 23:11:31	2	1	1	True	True
19503	trop[bot]	2019-07-29 13:42:47	nornagon	2019-07-26 23:09:08	1	1	0	True	True
19503	trop[bot]	2019-07-29 13:42:47	nornagon	2019-07-26 23:11:31	2	1	1	True	True
19502	trop[bot]	2019-07-29 13:42:46	nornagon	2019-07-26 23:09:08	1	1	0	True	True
19502	trop[bot]	2019-07-29 13:42:46	nornagon	2019-07-26 23:11:31	2	1	1	True	True
19498	vially	2019-07-28 17:04:43	vially	2019-07-28 16:00:47	17	3	14	True	True
19495	miniak	2019-07-28 10:13:22	miniak	2019-07-28 10:10:48	24	22	2	True	True
19494	miniak	2019-07-28 09:47:35	miniak	2019-07-28 09:45:49	22	19	3	True	True
19488	electron-bot	2019-07-27 13:00:46	electron-bot	2019-07-28 13:00:25	2	1	1	False	True
19488	electron-bot	2019-07-27 13:00:46	nornagon	2019-08-01 20:55:34	4	2	2	False	True
19488	electron-bot	2019-07-27 13:00:46	nornagon	2019-07-31 22:26:21	9	0	9	False	True
19488	electron-bot	2019-07-27 13:00:46	nornagon	2019-08-01 18:32:13	7	0	7	False	True
19488	electron-bot	2019-07-27 13:00:46	deepak1556	2019-08-02 01:33:48	22	13	9	False	True
19488	electron-bot	2019-07-27 13:00:46	nornagon	2019-08-01 18:05:26	3	2	1	False	True
19488	electron-bot	2019-07-27 13:00:46	nornagon	2019-07-31 22:50:53	4398	187	4211	False	True
19488	electron-bot	2019-07-27 13:00:46	nornagon	2019-07-31 22:51:36	72	40	32	False	True
19488	electron-bot	2019-07-27 13:00:46	nornagon	2019-07-31 22:27:01	75	0	75	False	True
19488	electron-bot	2019-07-27 13:00:46	nornagon	2019-07-31 22:15:56	27	0	27	False	True
19488	electron-bot	2019-07-27 13:00:46	nornagon	2019-07-31 23:01:40	7	3	4	False	True
19488	electron-bot	2019-07-27 13:00:46	nornagon	2019-07-31 22:27:24	611	0	611	False	True
19488	electron-bot	2019-07-27 13:00:46	nornagon	2019-08-01 19:58:15	38	17	21	False	True
19488	electron-bot	2019-07-27 13:00:46	jkleinsc	2019-08-01 18:01:42	14	8	6	False	True
19488	electron-bot	2019-07-27 13:00:46	nornagon	2019-08-01 23:41:34	6	1	5	False	True
19488	electron-bot	2019-07-27 13:00:46	deepak1556	2019-07-29 08:50:34	21	12	9	False	True
19488	electron-bot	2019-07-27 13:00:46	deepak1556	2019-07-29 06:07:18	143	71	72	False	True
19488	electron-bot	2019-07-27 13:00:46	deepak1556	2019-07-29 06:25:17	18	9	9	False	True
19488	electron-bot	2019-07-27 13:00:46	deepak1556	2019-07-29 08:49:49	6	3	3	False	True
19488	electron-bot	2019-07-27 13:00:46	nornagon	2019-07-29 17:38:12	27	0	27	False	True
19488	electron-bot	2019-07-27 13:00:46	electron-bot	2019-07-30 13:00:42	2	1	1	False	True
19488	electron-bot	2019-07-27 13:00:46	electron-bot	2019-07-29 13:00:21	2	1	1	False	True
19488	electron-bot	2019-07-27 13:00:46	nornagon	2019-07-30 23:07:58	8	0	8	False	True
19488	electron-bot	2019-07-27 13:00:46	nornagon	2019-07-30 23:11:09	7	0	7	False	True
19488	electron-bot	2019-07-27 13:00:46	electron-bot	2019-07-31 13:01:05	2	1	1	False	True
19488	electron-bot	2019-07-27 13:00:46	nornagon	2019-07-31 18:56:06	146	73	73	False	True
19488	electron-bot	2019-07-27 13:00:46	nornagon	2019-07-31 21:37:49	8	4	4	False	True
19488	electron-bot	2019-07-27 13:00:46	nornagon	2019-07-30 22:05:05	226	76	150	False	True
19488	electron-bot	2019-07-27 13:00:46	electron-bot	2019-07-27 13:00:45	2	1	1	True	True
19488	electron-bot	2019-07-27 13:00:46	nornagon	2019-08-01 18:43:17	3	2	1	False	True
19487	electron-bot	2019-07-27 13:00:42	electron-bot	2019-07-29 13:00:16	2	1	1	False	True
19487	electron-bot	2019-07-27 13:00:42	electron-bot	2019-07-27 13:00:40	2	1	1	True	True
19487	electron-bot	2019-07-27 13:00:42	electron-bot	2019-07-28 13:00:21	2	1	1	False	True
19483	nornagon	2019-07-26 23:11:08	nornagon	2019-07-26 23:09:08	1	1	0	True	True
19483	nornagon	2019-07-26 23:11:08	nornagon	2019-07-26 23:11:31	2	1	1	False	True
19482	deermichel	2019-07-26 23:02:50	deermichel	2019-07-26 22:31:25	151	40	111	True	True
19482	deermichel	2019-07-26 23:02:50	deermichel	2019-07-30 17:43:44	95	55	40	False	True
19482	deermichel	2019-07-26 23:02:50	deermichel	2019-07-26 21:00:49	239	150	89	True	True
19482	deermichel	2019-07-26 23:02:50	deermichel	2019-07-26 21:23:38	199	135	64	True	True
19482	deermichel	2019-07-26 23:02:50	deermichel	2019-07-26 21:53:52	104	89	15	True	True
19480	MarshallOfSound	2019-07-26 20:45:28	MarshallOfSound	2019-07-26 21:02:26	5	3	2	False	True
19480	MarshallOfSound	2019-07-26 20:45:28	MarshallOfSound	2019-07-26 20:45:14	41	19	22	True	True
19479	MarshallOfSound	2019-07-26 20:38:23	MarshallOfSound	2019-07-26 21:21:11	73	42	31	False	True
19478	MarshallOfSound	2019-07-26 20:07:55	MarshallOfSound	2019-07-26 01:35:32	121	53	68	True	True
19477	nornagon	2019-07-26 17:10:34	nornagon	2019-07-26 00:25:28	5	0	5	True	True
19473	trop[bot]	2019-07-26 09:53:11	miniak	2019-07-24 16:36:05	5	4	1	True	True
19472	trop[bot]	2019-07-26 09:53:09	miniak	2019-07-24 16:36:05	5	4	1	True	True
19471	trop[bot]	2019-07-26 09:53:08	miniak	2019-07-24 16:36:05	5	4	1	True	True
19470	codebytere	2019-07-26 02:19:46	codebytere	2019-07-25 23:02:36	6	3	3	True	True
19469	MarshallOfSound	2019-07-25 21:40:31	MarshallOfSound	2019-07-25 21:38:44	6	2	4	True	True
19467	trop[bot]	2019-07-25 20:10:31	MarshallOfSound	2019-07-26 20:50:17	3	2	1	False	True
19467	trop[bot]	2019-07-25 20:10:31	MarshallOfSound	2019-07-25 03:03:16	1	1	0	True	True
19465	codebytere	2019-07-25 19:06:31	codebytere	2019-07-25 19:37:46	6	4	2	False	True
19465	codebytere	2019-07-25 19:06:31	codebytere	2019-07-29 17:59:38	17	15	2	False	True
19464	nornagon	2019-07-25 19:06:08	nornagon	2019-07-25 19:04:39	8	2	6	True	True
19463	codebytere	2019-07-25 18:28:03	codebytere	2019-07-25 20:37:11	28	20	8	False	True
19463	codebytere	2019-07-25 18:28:03	codebytere	2019-07-25 18:23:35	9	6	3	True	True
19462	codebytere	2019-07-25 17:46:20	codebytere	2019-07-26 22:56:15	2	1	1	False	True
19462	codebytere	2019-07-25 17:46:20	codebytere	2019-07-25 17:42:51	9	7	2	True	True
19461	deermichel	2019-07-25 17:24:23	deermichel	2019-07-24 23:58:00	12	6	6	True	True
19461	deermichel	2019-07-25 17:24:23	deermichel	2019-07-26 17:28:14	2	1	1	False	True
19460	erickzhao	2019-07-25 17:22:16	erickzhao	2019-07-25 20:41:55	1	1	0	False	True
19460	erickzhao	2019-07-25 17:22:16	erickzhao	2019-07-25 17:08:12	7	6	1	True	True
19460	erickzhao	2019-07-25 17:22:16	erickzhao	2019-07-25 17:32:02	2	1	1	False	True
19460	erickzhao	2019-07-25 17:22:16	erickzhao	2019-07-25 16:59:41	343	214	129	True	True
19460	erickzhao	2019-07-25 17:22:16	erickzhao	2019-07-25 19:52:32	8	0	8	False	True
19460	erickzhao	2019-07-25 17:22:16	erickzhao	2019-07-25 17:31:07	35	16	19	False	True
19460	erickzhao	2019-07-25 17:22:16	erickzhao	2019-07-25 21:06:35	5	4	1	False	True
19460	erickzhao	2019-07-25 17:22:16	erickzhao	2019-07-25 17:54:18	4	2	2	False	True
19460	erickzhao	2019-07-25 17:22:16	erickzhao	2019-07-25 21:37:20	2	1	1	False	True
19458	ckerr	2019-07-25 16:33:43	ckerr	2019-07-25 16:17:59	8	4	4	True	True
19458	ckerr	2019-07-25 16:33:43	ckerr	2019-07-25 16:08:46	2	1	1	True	True
19458	ckerr	2019-07-25 16:33:43	ckerr	2019-08-01 22:04:51	88	46	42	False	True
19458	ckerr	2019-07-25 16:33:43	ckerr	2019-07-25 15:59:14	4	3	1	True	True
19458	ckerr	2019-07-25 16:33:43	ckerr	2019-07-25 16:13:50	5	3	2	True	True
19458	ckerr	2019-07-25 16:33:43	ckerr	2019-08-01 22:20:12	2	1	1	False	True
19457	deermichel	2019-07-25 16:30:25	deermichel	2019-07-25 16:20:08	12	12	0	True	True
19456	codebytere	2019-07-25 16:16:09	codebytere	2019-07-25 16:13:09	54	6	48	True	True
19451	electron-bot	2019-07-25 13:00:49	deepak1556	2019-07-25 20:18:24	52	26	26	False	True
19451	electron-bot	2019-07-25 13:00:49	deepak1556	2019-07-26 17:27:55	60	30	30	False	True
19451	electron-bot	2019-07-25 13:00:49	electron-bot	2019-07-26 13:00:24	2	1	1	False	True
19451	electron-bot	2019-07-25 13:00:49	deepak1556	2019-07-25 20:17:35	90	45	45	False	True
19451	electron-bot	2019-07-25 13:00:49	electron-bot	2019-07-25 13:00:48	2	1	1	True	True
19450	electron-bot	2019-07-25 13:00:44	electron-bot	2019-07-26 13:00:20	2	1	1	False	True
19450	electron-bot	2019-07-25 13:00:44	electron-bot	2019-07-25 13:00:43	2	1	1	True	True
19449	MarshallOfSound	2019-07-25 03:08:09	MarshallOfSound	2019-07-25 03:03:16	1	1	0	True	True
19448	codebytere	2019-07-25 02:55:10	codebytere	2019-07-25 02:53:01	2	1	1	True	True
19446	miniak	2019-07-24 23:55:37	miniak	2019-07-24 23:42:05	312	1	311	True	True
19445	miniak	2019-07-24 23:17:40	miniak	2019-07-24 23:04:09	52	25	27	True	True
19444	miniak	2019-07-24 22:42:52	miniak	2019-07-24 22:17:35	44	22	22	True	True
19440	nornagon	2019-07-24 21:56:29	nornagon	2019-07-24 21:48:18	254	92	162	True	True
19440	nornagon	2019-07-24 21:56:29	nornagon	2019-07-26 17:06:47	2	1	1	False	True
19439	erickzhao	2019-07-24 21:56:22	erickzhao	2019-07-24 21:45:45	2	1	1	True	True
19438	JohnPop117	2019-07-24 21:38:14	MarshallOfSound	2019-07-25 20:10:14	1	1	0	False	True
19438	JohnPop117	2019-07-24 21:38:14	MarshallOfSound	2019-07-24 00:12:25	4	2	2	True	True
19438	JohnPop117	2019-07-24 21:38:14	nornagon	2019-07-25 23:06:39	115	102	13	False	True
19438	JohnPop117	2019-07-24 21:38:14	codebytere	2019-07-25 17:20:02	78	60	18	False	True
19438	JohnPop117	2019-07-24 21:38:14	ckerr	2019-07-25 15:19:04	100	46	54	False	True
19438	JohnPop117	2019-07-24 21:38:14	codebytere	2019-07-25 04:22:08	66	31	35	False	True
19438	JohnPop117	2019-07-24 21:38:14	nornagon	2019-07-25 00:18:11	59	48	11	False	True
19438	JohnPop117	2019-07-24 21:38:14	samuelmaddock	2019-07-24 23:01:08	2519	2483	36	False	True
19438	JohnPop117	2019-07-24 21:38:14	electron-bot	2019-07-24 22:58:51	968	507	461	False	True
19438	JohnPop117	2019-07-24 21:38:14	MarshallOfSound	2019-07-23 21:56:22	14	10	4	True	True
19438	JohnPop117	2019-07-24 21:38:14	JohnPop117	2019-07-24 21:24:54	111	111	0	True	True
19438	JohnPop117	2019-07-24 21:38:14	MarshallOfSound	2019-07-23 22:35:51	7	6	1	True	True
19438	JohnPop117	2019-07-24 21:38:14	JohnPop117	2019-07-24 21:29:38	3	2	1	True	True
19438	JohnPop117	2019-07-24 21:38:14	MarshallOfSound	2019-07-23 18:40:06	442	433	9	True	True
19438	JohnPop117	2019-07-24 21:38:14	MarshallOfSound	2019-07-23 19:41:48	4	3	1	True	True
19438	JohnPop117	2019-07-24 21:38:14	electron-bot	2019-07-25 15:31:39	10	5	5	False	True
19438	JohnPop117	2019-07-24 21:38:14	MarshallOfSound	2019-07-23 20:00:02	78	69	9	True	True
19438	JohnPop117	2019-07-24 21:38:14	nornagon	2019-07-25 18:30:42	66	33	33	False	True
19438	JohnPop117	2019-07-24 21:38:14	nornagon	2019-07-26 14:17:14	84	44	40	False	True
19438	JohnPop117	2019-07-24 21:38:14	electron-bot	2019-07-26 19:18:32	144	72	72	False	True
19438	JohnPop117	2019-07-24 21:38:14	miniak	2019-07-26 12:11:37	312	1	311	False	True
19438	JohnPop117	2019-07-24 21:38:14	codebytere	2019-07-26 22:53:31	37	26	11	False	True
19438	JohnPop117	2019-07-24 21:38:14	nornagon	2019-07-25 18:30:56	335	333	2	False	True
19438	JohnPop117	2019-07-24 21:38:14	codebytere	2019-07-26 04:42:28	2	1	1	False	True
19438	JohnPop117	2019-07-24 21:38:14	miniak	2019-07-26 09:52:42	5	4	1	False	True
19438	JohnPop117	2019-07-24 21:38:14	codebytere	2019-07-25 17:44:28	54	6	48	False	True
19438	JohnPop117	2019-07-24 21:38:14	nornagon	2019-07-26 13:37:59	96	41	55	False	True
19438	JohnPop117	2019-07-24 21:38:14	nornagon	2019-07-26 14:09:33	1355	600	755	False	True
19438	JohnPop117	2019-07-24 21:38:14	electron-bot	2019-07-26 15:31:42	8	4	4	False	True
19438	JohnPop117	2019-07-24 21:38:14	nornagon	2019-07-26 17:52:57	254	92	162	False	True
19437	miniak	2019-07-24 20:43:13	miniak	2019-07-24 16:36:05	5	4	1	True	True
19436	deermichel	2019-07-24 19:07:45	deermichel	2019-07-24 18:48:12	31	30	1	True	True
19435	miniak	2019-07-24 18:23:59	miniak	2019-07-24 16:36:05	33	17	16	True	True
19434	nornagon	2019-07-24 18:03:12	nornagon	2019-07-24 18:02:16	335	333	2	True	True
19433	trop[bot]	2019-07-24 17:55:34	codebytere	2019-07-24 02:07:26	4	3	1	True	True
19432	ckerr	2019-07-24 16:49:55	ckerr	2019-07-24 16:44:51	100	46	54	True	True
19428	trop[bot]	2019-07-24 15:17:10	richard-townsend-arm	2019-07-19 17:37:32	17	0	17	True	True
19427	CezaryKulakowski	2019-07-24 12:54:25	CezaryKulakowski	2019-07-24 12:50:20	11	11	0	True	True
19420	erickzhao	2019-07-24 05:05:56	erickzhao	2019-08-02 17:49:23	1	0	1	False	True
19420	erickzhao	2019-07-24 05:05:56	erickzhao	2019-08-01 04:29:00	3	0	3	False	True
19420	erickzhao	2019-07-24 05:05:56	erickzhao	2019-08-08 00:46:11	43	30	13	False	True
19420	erickzhao	2019-07-24 05:05:56	erickzhao	2019-08-01 04:27:39	31	10	21	False	True
19420	erickzhao	2019-07-24 05:05:56	erickzhao	2019-07-25 05:22:50	8	4	4	False	True
19420	erickzhao	2019-07-24 05:05:56	erickzhao	2019-07-25 07:29:45	2	0	2	False	True
19420	erickzhao	2019-07-24 05:05:56	erickzhao	2019-07-24 04:56:53	24	16	8	True	True
19420	erickzhao	2019-07-24 05:05:56	erickzhao	2019-07-23 22:33:19	6	1	5	True	True
19420	erickzhao	2019-07-24 05:05:56	erickzhao	2019-07-24 04:58:30	2	1	1	True	True
19420	erickzhao	2019-07-24 05:05:56	erickzhao	2019-07-24 05:10:31	4	2	2	False	True
19420	erickzhao	2019-07-24 05:05:56	erickzhao	2019-07-24 17:58:48	29	27	2	False	True
19420	erickzhao	2019-07-24 05:05:56	erickzhao	2019-07-23 23:12:11	15	15	0	True	True
19420	erickzhao	2019-07-24 05:05:56	erickzhao	2019-07-24 06:54:25	11	7	4	False	True
19419	codebytere	2019-07-24 04:20:35	codebytere	2019-07-24 03:56:56	53	51	2	True	True
19418	codebytere	2019-07-24 02:10:34	codebytere	2019-07-24 02:07:26	4	3	1	True	True
19417	deermichel	2019-07-24 00:54:35	deermichel	2019-07-24 00:45:18	4	2	2	True	True
19416	MarshallOfSound	2019-07-24 00:43:31	MarshallOfSound	2019-07-24 00:42:21	8	4	4	True	True
19415	nornagon	2019-07-24 00:42:07	nornagon	2019-07-24 00:41:32	254	123	131	True	True
19414	nornagon	2019-07-24 00:23:27	nornagon	2019-07-24 00:22:51	59	48	11	True	True
19413	nornagon	2019-07-23 23:53:58	nornagon	2019-07-23 23:53:30	66	33	33	True	True
19412	nornagon	2019-07-23 23:45:01	nornagon	2019-07-23 23:44:16	84	44	40	True	True
19410	codebytere	2019-07-23 23:34:10	codebytere	2019-07-24 20:45:09	14	2	12	False	True
19410	codebytere	2019-07-23 23:34:10	codebytere	2019-07-24 02:27:01	30	9	21	False	True
19410	codebytere	2019-07-23 23:34:10	codebytere	2019-07-23 23:27:24	60	39	21	True	True
19409	nornagon	2019-07-23 23:11:16	nornagon	2019-07-23 23:10:21	95	43	52	True	True
19408	richard-townsend-arm	2019-07-23 21:21:48	richard-townsend-arm	2019-07-21 17:20:34	20	20	0	True	True
19407	trop[bot]	2019-07-23 20:51:04	ckerr	2019-07-23 17:41:16	25	7	18	True	True
19407	trop[bot]	2019-07-23 20:51:04	ckerr	2019-07-23 17:23:17	27	27	0	True	True
19406	trop[bot]	2019-07-23 20:51:00	ckerr	2019-07-23 17:23:17	27	27	0	True	True
19406	trop[bot]	2019-07-23 20:51:00	ckerr	2019-07-23 17:41:16	25	7	18	True	True
19404	jkleinsc	2019-07-23 19:24:32	jkleinsc	2019-07-23 19:15:04	4	2	2	True	True
19404	jkleinsc	2019-07-23 19:24:32	MarshallOfSound	2019-06-05 23:30:39	44	31	13	True	True
19403	MarshallOfSound	2019-07-23 18:44:29	MarshallOfSound	2019-07-23 19:41:48	4	3	1	False	True
19403	MarshallOfSound	2019-07-23 18:44:29	MarshallOfSound	2019-07-23 20:00:02	78	69	9	False	True
19403	MarshallOfSound	2019-07-23 18:44:29	MarshallOfSound	2019-07-23 22:35:51	7	6	1	False	True
19403	MarshallOfSound	2019-07-23 18:44:29	MarshallOfSound	2019-07-24 00:12:25	4	2	2	False	True
19403	MarshallOfSound	2019-07-23 18:44:29	MarshallOfSound	2019-07-23 21:56:22	14	10	4	False	True
19403	MarshallOfSound	2019-07-23 18:44:29	MarshallOfSound	2019-07-23 18:40:06	442	433	9	True	True
19401	deermichel	2019-07-23 17:39:24	deermichel	2019-07-23 17:32:29	1	1	0	True	True
19400	ckerr	2019-07-23 17:29:27	ckerr	2019-07-23 17:23:17	27	27	0	True	True
19400	ckerr	2019-07-23 17:29:27	ckerr	2019-07-23 17:41:16	25	7	18	False	True
19399	erickzhao	2019-07-23 17:23:39	erickzhao	2019-07-23 17:13:16	2	1	1	True	True
19399	erickzhao	2019-07-23 17:23:39	erickzhao	2019-07-23 17:07:17	4	2	2	True	True
19398	nornagon	2019-07-23 17:22:54	nornagon	2019-07-23 17:22:19	3	2	1	True	True
19396	deermichel	2019-07-23 17:17:17	deermichel	2019-07-23 17:16:44	2	1	1	True	True
19395	deermichel	2019-07-23 17:13:59	deermichel	2019-07-23 17:09:42	2	1	1	True	True
19394	ckerr	2019-07-23 17:00:44	ckerr	2019-07-23 16:58:36	19	4	15	True	True
19394	ckerr	2019-07-23 17:00:44	ckerr	2019-07-23 16:54:50	4	2	2	True	True
19394	ckerr	2019-07-23 17:00:44	ckerr	2019-07-23 18:34:11	4	2	2	False	True
19394	ckerr	2019-07-23 17:00:44	ckerr	2019-07-23 16:54:04	2	1	1	True	True
19394	ckerr	2019-07-23 17:00:44	ckerr	2019-07-23 17:11:49	4	2	2	False	True
19391	richard-townsend-arm	2019-07-23 16:43:12	richard-townsend-arm	2019-08-08 17:28:14	21	0	21	False	True
19391	richard-townsend-arm	2019-07-23 16:43:12	richard-townsend-arm	2019-08-08 10:52:36	23	14	9	False	True
19391	richard-townsend-arm	2019-07-23 16:43:12	MarshallOfSound	2019-08-01 20:53:53	1	0	1	False	True
19391	richard-townsend-arm	2019-07-23 16:43:12	MarshallOfSound	2019-08-01 20:54:09	1	0	1	False	True
19391	richard-townsend-arm	2019-07-23 16:43:12	richard-townsend-arm	2019-07-23 14:45:05	200	200	0	True	True
19391	richard-townsend-arm	2019-07-23 16:43:12	MarshallOfSound	2019-08-02 00:20:13	2	1	1	False	True
19391	richard-townsend-arm	2019-07-23 16:43:12	richard-townsend-arm	2019-07-23 14:15:28	1529	1529	0	True	True
19391	richard-townsend-arm	2019-07-23 16:43:12	MarshallOfSound	2019-08-01 20:25:54	20	20	0	False	True
19390	richard-townsend-arm	2019-07-23 16:38:24	richard-townsend-arm	2019-07-21 17:20:34	20	20	0	True	True
19387	richard-townsend-arm	2019-07-23 15:15:19	richard-townsend-arm	2019-07-23 13:16:04	9	9	0	True	True
19383	richard-townsend-arm	2019-07-23 13:58:28	richard-townsend-arm	2019-07-16 19:19:30	8	4	4	True	True
19382	CezaryKulakowski	2019-07-23 13:24:13	CezaryKulakowski	2019-07-23 13:20:31	162	81	81	True	True
19381	electron-bot	2019-07-23 13:00:49	deepak1556	2019-07-23 19:20:51	118	59	59	False	True
19381	electron-bot	2019-07-23 13:00:49	deepak1556	2019-07-23 02:19:52	50	37	13	True	True
19381	electron-bot	2019-07-23 13:00:49	electron-bot	2019-07-23 13:00:48	2	1	1	True	True
19381	electron-bot	2019-07-23 13:00:49	electron-bot	2019-07-24 13:00:37	2	1	1	False	True
19375	codebytere	2019-07-23 06:21:16	codebytere	2019-07-23 06:31:48	6	3	3	False	True
19375	codebytere	2019-07-23 06:21:16	codebytere	2019-07-23 06:18:08	11	2	9	True	True
19372	nornagon	2019-07-22 21:25:50	nornagon	2019-07-22 21:24:53	2	1	1	True	True
19371	sofianguy	2019-07-22 20:29:15	sofianguy	2019-07-22 20:25:22	62	12	50	True	True
19370	deermichel	2019-07-22 20:09:41	deermichel	2019-07-22 18:18:30	20	20	0	True	True
19370	deermichel	2019-07-22 20:09:41	deermichel	2019-07-22 19:24:51	5	5	0	True	True
19370	deermichel	2019-07-22 20:09:41	deermichel	2019-07-22 19:51:15	9	9	0	True	True
19370	deermichel	2019-07-22 20:09:41	deermichel	2019-07-22 19:59:45	7	6	1	True	True
19369	MarshallOfSound	2019-07-22 20:09:31	MarshallOfSound	2019-07-22 20:08:48	2	1	1	True	True
19367	ckerr	2019-07-22 17:24:39	ckerr	2019-07-22 17:07:25	40	15	25	True	True
19367	ckerr	2019-07-22 17:24:39	ckerr	2019-07-22 17:13:12	2	1	1	True	True
19367	ckerr	2019-07-22 17:24:39	ckerr	2019-07-22 17:26:21	2	1	1	False	True
19367	ckerr	2019-07-22 17:24:39	ckerr	2019-07-22 17:11:54	18	4	14	True	True
19366	richard-townsend-arm	2019-07-22 15:29:32	richard-townsend-arm	2019-08-09 14:01:43	4	4	0	False	True
19365	richard-townsend-arm	2019-07-22 15:26:25	richard-townsend-arm	2019-07-19 17:37:32	17	0	17	True	True
19360	codebytere	2019-07-21 02:48:21	codebytere	2019-07-21 02:24:03	184	93	91	True	True
19360	codebytere	2019-07-21 02:48:21	codebytere	2019-07-22 18:30:49	27	13	14	False	True
19360	codebytere	2019-07-21 02:48:21	codebytere	2019-07-23 06:14:12	31	20	11	False	True
19360	codebytere	2019-07-21 02:48:21	codebytere	2019-07-29 18:57:20	81	49	32	False	True
19358	caesar	2019-07-20 14:15:51	caesar	2019-07-20 14:12:31	4	2	2	True	True
19357	electron-bot	2019-07-20 13:00:23	electron-bot	2019-07-21 13:00:17	2	1	1	False	True
19357	electron-bot	2019-07-20 13:00:23	electron-bot	2019-07-20 13:00:22	2	1	1	True	True
19357	electron-bot	2019-07-20 13:00:23	electron-bot	2019-07-22 13:00:17	2	1	1	False	True
19354	trop[bot]	2019-07-19 23:21:37	codebytere	2019-07-17 23:55:31	3	1	2	True	True
19353	trop[bot]	2019-07-19 23:21:35	codebytere	2019-07-17 23:55:31	3	1	2	True	True
19352	trop[bot]	2019-07-19 23:21:34	codebytere	2019-07-17 23:55:31	3	1	2	True	True
19351	trop[bot]	2019-07-19 23:18:20	deermichel	2019-07-17 19:48:06	5	5	0	True	True
19350	trop[bot]	2019-07-19 23:18:18	deermichel	2019-07-17 19:48:06	5	5	0	True	True
19349	codebytere	2019-07-19 23:15:13	codebytere	2019-07-19 23:12:41	2	1	1	True	True
19347	MarshallOfSound	2019-07-19 18:27:41	MarshallOfSound	2019-07-19 18:25:40	223	186	37	True	True
19346	MarshallOfSound	2019-07-19 17:14:33	MarshallOfSound	2019-07-19 16:48:23	54	48	6	True	True
19345	codebytere	2019-07-19 15:58:57	MarshallOfSound	2019-07-19 21:37:13	54	34	20	False	True
19343	electron-bot	2019-07-19 13:00:50	electron-bot	2019-07-19 13:00:48	2	1	1	True	True
19338	zcbenz	2019-07-19 08:33:50	zcbenz	2019-07-19 07:58:58	213	209	4	True	True
19338	zcbenz	2019-07-19 08:33:50	zcbenz	2019-07-18 08:37:01	338	330	8	True	True
19338	zcbenz	2019-07-19 08:33:50	zcbenz	2019-07-19 07:35:14	201	185	16	True	True
19338	zcbenz	2019-07-19 08:33:50	zcbenz	2019-07-19 08:04:20	60	59	1	True	True
19338	zcbenz	2019-07-19 08:33:50	zcbenz	2019-07-19 08:14:48	19	17	2	True	True
19338	zcbenz	2019-07-19 08:33:50	zcbenz	2019-07-18 07:44:22	12	6	6	True	True
19337	codebytere	2019-07-19 05:42:13	codebytere	2019-07-19 05:37:11	36	34	2	True	True
19337	codebytere	2019-07-19 05:42:13	codebytere	2019-07-19 16:39:20	40	17	23	False	True
19337	codebytere	2019-07-19 05:42:13	codebytere	2019-07-24 16:36:01	52	25	27	False	True
19337	codebytere	2019-07-19 05:42:13	codebytere	2019-07-20 15:48:52	20	19	1	False	True
19336	MarshallOfSound	2019-07-19 04:52:18	MarshallOfSound	2019-07-19 02:07:29	25	17	8	True	True
19333	malept	2019-07-19 01:00:38	malept	2019-07-19 00:57:54	16	8	8	True	True
19332	MarshallOfSound	2019-07-18 23:58:12	MarshallOfSound	2019-07-18 23:54:23	129	119	10	True	True
19331	deermichel	2019-07-18 20:45:30	deermichel	2019-07-19 03:14:21	25	1	24	False	True
19331	deermichel	2019-07-18 20:45:30	deermichel	2019-07-18 20:31:49	2	1	1	True	True
19330	miniak	2019-07-18 17:46:07	miniak	2019-07-18 17:44:24	2	1	1	True	True
19329	codebytere	2019-07-18 16:12:19	codebytere	2019-07-18 16:00:26	76	62	14	True	True
19324	electron-bot	2019-07-18 13:00:43	MarshallOfSound	2019-07-18 23:18:34	128	102	26	False	True
19324	electron-bot	2019-07-18 13:00:43	MarshallOfSound	2019-07-19 02:07:29	26	18	8	False	True
19324	electron-bot	2019-07-18 13:00:43	electron-bot	2019-07-18 13:00:41	2	1	1	True	True
19319	codebytere	2019-07-17 23:58:22	codebytere	2019-07-17 23:55:31	3	1	2	True	True
19318	jkleinsc	2019-07-17 23:25:34	jkleinsc	2019-07-17 21:33:44	8	5	3	True	True
19318	jkleinsc	2019-07-17 23:25:34	jkleinsc	2019-07-16 15:00:25	29	8	21	True	True
19317	MarshallOfSound	2019-07-17 21:49:27	MarshallOfSound	2019-07-17 21:47:54	126	117	9	True	True
19315	jkleinsc	2019-07-17 21:13:42	jkleinsc	2019-07-17 21:06:15	48	24	24	True	True
19315	jkleinsc	2019-07-17 21:13:42	jkleinsc	2019-07-18 14:15:05	8	4	4	False	True
19315	jkleinsc	2019-07-17 21:13:42	MarshallOfSound	2019-06-19 19:51:25	66	66	0	True	True
19314	deermichel	2019-07-17 19:55:42	deermichel	2019-07-17 19:48:06	5	5	0	True	True
19312	MarshallOfSound	2019-07-17 19:13:57	MarshallOfSound	2019-07-17 19:12:29	386	140	246	True	True
19310	deermichel	2019-07-17 18:02:34	deermichel	2019-07-17 00:06:32	14	7	7	True	True
19309	deermichel	2019-07-17 17:57:56	deermichel	2019-07-17 00:06:32	8	4	4	True	True
19308	richard-townsend-arm	2019-07-17 17:43:51	richard-townsend-arm	2019-07-17 15:48:44	6	6	0	True	True
19304	electron-bot	2019-07-17 13:00:20	electron-bot	2019-07-17 13:00:19	2	1	1	True	True
19300	zcbenz	2019-07-17 07:55:08	zcbenz	2019-07-17 07:33:22	84	82	2	True	True
19299	miniak	2019-07-17 07:05:05	miniak	2019-07-17 00:13:05	104	91	13	True	True
19298	miniak	2019-07-17 07:01:13	miniak	2019-07-17 00:13:05	104	91	13	True	True
19297	MarshallOfSound	2019-07-17 00:18:01	MarshallOfSound	2019-07-17 00:17:25	12	6	6	True	True
19296	MarshallOfSound	2019-07-17 00:05:05	MarshallOfSound	2019-07-17 00:04:21	60	8	52	True	True
19295	nornagon	2019-07-17 00:00:36	nornagon	2019-07-17 00:18:05	260	128	132	False	True
19295	nornagon	2019-07-17 00:00:36	nornagon	2019-07-17 18:05:52	1	1	0	False	True
19295	nornagon	2019-07-17 00:00:36	nornagon	2019-07-16 23:15:29	448	219	229	True	True
19295	nornagon	2019-07-17 00:00:36	nornagon	2019-07-16 23:42:38	257	102	155	True	True
19295	nornagon	2019-07-17 00:00:36	nornagon	2019-07-16 23:57:40	26	11	15	True	True
19295	nornagon	2019-07-17 00:00:36	nornagon	2019-07-17 00:08:39	240	130	110	False	True
19295	nornagon	2019-07-17 00:00:36	nornagon	2019-07-17 00:25:11	8	0	8	False	True
19295	nornagon	2019-07-17 00:00:36	nornagon	2019-07-23 22:49:03	1	1	0	False	True
19295	nornagon	2019-07-17 00:00:36	nornagon	2019-07-23 22:55:07	7	0	7	False	True
19295	nornagon	2019-07-17 00:00:36	nornagon	2019-07-24 22:53:25	32	11	21	False	True
19295	nornagon	2019-07-17 00:00:36	nornagon	2019-07-17 00:19:58	78	0	78	False	True
19295	nornagon	2019-07-17 00:00:36	nornagon	2019-07-17 17:25:25	3	0	3	False	True
19294	erickzhao	2019-07-16 23:11:12	erickzhao	2019-07-22 18:05:12	8	4	4	False	True
19294	erickzhao	2019-07-16 23:11:12	erickzhao	2019-07-16 21:59:06	16	16	0	True	True
19294	erickzhao	2019-07-16 23:11:12	erickzhao	2019-07-16 23:02:31	13	13	0	True	True
19294	erickzhao	2019-07-16 23:11:12	erickzhao	2019-07-22 18:13:31	2	1	1	False	True
19294	erickzhao	2019-07-16 23:11:12	erickzhao	2019-07-17 00:19:58	18	9	9	False	True
19292	MarshallOfSound	2019-07-16 22:07:59	MarshallOfSound	2019-07-16 22:06:43	4528	4525	3	True	True
19290	nornagon	2019-07-16 21:43:02	nornagon	2019-07-16 21:47:42	43	20	23	False	True
19290	nornagon	2019-07-16 21:43:02	nornagon	2019-07-16 21:41:26	953	470	483	True	True
19288	deermichel	2019-07-16 21:30:28	deermichel	2019-07-16 21:10:44	8	4	4	True	True
19287	codebytere	2019-07-16 21:23:11	codebytere	2019-07-16 21:21:10	84	39	45	True	True
19287	codebytere	2019-07-16 21:23:11	codebytere	2019-07-17 17:48:46	8	4	4	False	True
19287	codebytere	2019-07-16 21:23:11	codebytere	2019-07-17 20:39:12	8	4	4	False	True
19286	MarshallOfSound	2019-07-16 20:50:51	MarshallOfSound	2019-07-16 20:21:22	565	111	454	True	True
19286	MarshallOfSound	2019-07-16 20:50:51	MarshallOfSound	2019-07-16 20:44:53	406	151	255	True	True
19284	nornagon	2019-07-16 19:09:52	nornagon	2019-07-16 19:08:04	17	9	8	True	True
19283	nornagon	2019-07-16 18:18:48	nornagon	2019-07-16 18:18:14	1	1	0	True	True
19282	nornagon	2019-07-16 18:17:06	nornagon	2019-07-16 18:16:34	21	21	0	True	True
19281	MarshallOfSound	2019-07-16 18:04:04	MarshallOfSound	2019-07-16 17:23:04	5076	5073	3	True	True
19281	MarshallOfSound	2019-07-16 18:04:04	MarshallOfSound	2019-07-16 18:22:07	58	38	20	False	True
19280	codebytere	2019-07-16 17:35:27	codebytere	2019-07-16 17:33:50	125	2	123	True	True
19278	electron-bot	2019-07-16 13:00:21	electron-bot	2019-07-16 13:00:20	2	1	1	True	True
19270	MarshallOfSound	2019-07-16 02:15:09	MarshallOfSound	2019-07-16 02:08:05	5059	5056	3	True	True
19268	codebytere	2019-07-15 22:56:18	codebytere	2019-07-15 22:55:01	35	30	5	True	True
19268	codebytere	2019-07-15 22:56:18	codebytere	2019-07-16 03:51:36	17	10	7	False	True
19265	deermichel	2019-07-15 19:55:46	deermichel	2019-07-15 19:39:14	2	1	1	True	True
19265	deermichel	2019-07-15 19:55:46	deermichel	2019-07-15 19:35:00	14	14	0	True	True
19263	miniak	2019-07-15 19:24:19	miniak	2019-07-15 19:15:16	16	3	13	True	True
19262	nornagon	2019-07-15 18:53:55	nornagon	2019-07-15 18:52:08	8	6	2	True	True
19261	trop[bot]	2019-07-15 18:31:57	nornagon	2019-07-15 16:20:06	20	0	20	True	True
19261	trop[bot]	2019-07-15 18:31:57	codebytere	2019-07-15 20:43:20	8	6	2	False	True
19260	miniak	2019-07-15 17:28:35	miniak	2019-07-15 16:55:43	84	81	3	True	True
19259	trop[bot]	2019-07-15 17:15:52	codebytere	2019-07-10 14:35:22	73	66	7	True	True
19258	nornagon	2019-07-15 16:21:56	nornagon	2019-07-15 16:20:06	20	0	20	True	True
19257	jkleinsc	2019-07-15 15:47:59	jkleinsc	2019-07-15 15:13:34	77	77	0	True	True
19255	trop[bot]	2019-07-15 14:39:02	deermichel	2019-07-11 21:57:16	8	8	0	True	True
19255	trop[bot]	2019-07-15 14:39:02	deermichel	2019-07-15 16:43:51	12	8	4	False	True
19254	trop[bot]	2019-07-15 14:39:01	deermichel	2019-07-11 21:57:16	8	8	0	True	True
19254	trop[bot]	2019-07-15 14:39:01	deermichel	2019-07-15 16:47:19	12	8	4	False	True
19252	trop[bot]	2019-07-15 10:05:29	MarshallOfSound	2019-07-03 22:36:29	8	4	4	True	True
19251	miniak	2019-07-15 09:25:26	miniak	2019-07-14 09:28:14	49	6	43	True	True
19250	trop[bot]	2019-07-15 08:22:42	MarshallOfSound	2019-07-12 22:02:28	6	6	0	True	True
19248	erickzhao	2019-07-14 23:54:22	erickzhao	2019-07-14 23:51:50	8	6	2	True	True
19248	erickzhao	2019-07-14 23:54:22	erickzhao	2019-07-14 23:54:45	2	1	1	False	True
19247	felixrieseberg	2019-07-14 15:58:08	felixrieseberg	2019-07-14 15:57:13	4	2	2	True	True
19245	miniak	2019-07-13 19:12:02	miniak	2019-07-13 19:09:05	9	6	3	True	True
19243	ckerr	2019-07-13 16:49:08	ckerr	2019-07-13 16:45:57	11	0	11	True	True
19243	ckerr	2019-07-13 16:49:08	ckerr	2019-07-13 16:20:37	7	4	3	True	True
19239	erickzhao	2019-07-13 07:00:59	erickzhao	2019-07-13 07:00:00	31	2	29	True	True
19238	erickzhao	2019-07-13 06:32:01	erickzhao	2019-07-13 06:29:49	31	2	29	True	True
19237	nornagon	2019-07-13 00:07:42	nornagon	2019-07-16 18:22:30	2	1	1	False	True
19237	nornagon	2019-07-13 00:07:42	nornagon	2019-07-13 00:03:57	90	23	67	True	True
19237	nornagon	2019-07-13 00:07:42	nornagon	2019-07-16 19:23:14	2	1	1	False	True
19236	nornagon	2019-07-12 23:53:47	nornagon	2019-07-12 23:53:18	30	13	17	True	True
19235	nornagon	2019-07-12 23:50:31	nornagon	2019-07-12 23:48:09	220	114	106	True	True
19235	nornagon	2019-07-12 23:50:31	codebytere	2019-07-13 04:28:16	49	15	34	False	True
19235	nornagon	2019-07-12 23:50:31	nornagon	2019-07-16 17:31:26	2	1	1	False	True
19235	nornagon	2019-07-12 23:50:31	nornagon	2019-07-16 18:27:16	2	1	1	False	True
19233	nornagon	2019-07-12 23:07:48	nornagon	2019-07-12 23:07:19	33	13	20	True	True
19232	nornagon	2019-07-12 23:03:17	nornagon	2019-07-12 23:02:40	20	5	15	True	True
19231	nornagon	2019-07-12 22:59:46	nornagon	2019-07-23 18:18:08	11	6	5	False	True
19231	nornagon	2019-07-12 22:59:46	nornagon	2019-07-12 22:47:25	90	37	53	True	True
19231	nornagon	2019-07-12 22:59:46	nornagon	2019-07-23 21:38:27	3	2	1	False	True
19230	nornagon	2019-07-12 22:59:13	nornagon	2019-07-12 23:01:47	51	14	37	False	True
19229	nornagon	2019-07-12 22:26:08	nornagon	2019-07-12 22:25:32	48	19	29	True	True
19228	MarshallOfSound	2019-07-12 22:08:28	MarshallOfSound	2019-07-12 22:02:28	6	6	0	True	True
19226	MarshallOfSound	2019-07-12 13:09:33	MarshallOfSound	2019-07-12 05:17:11	36	12	24	True	True
19225	electron-bot	2019-07-12 13:01:01	electron-bot	2019-07-13 13:00:15	2	1	1	False	True
19225	electron-bot	2019-07-12 13:01:01	electron-bot	2019-07-14 13:00:38	2	1	1	False	True
19225	electron-bot	2019-07-12 13:01:01	electron-bot	2019-07-12 13:01:00	2	1	1	True	True
19225	electron-bot	2019-07-12 13:01:01	electron-bot	2019-07-15 13:00:18	2	1	1	False	True
19224	trop[bot]	2019-07-12 11:10:32	miniak	2019-07-11 08:21:16	11	10	1	True	True
19221	trop[bot]	2019-07-12 08:47:13	erickzhao	2019-07-12 00:42:31	1	1	0	True	True
19221	trop[bot]	2019-07-12 08:47:13	erickzhao	2019-07-11 17:58:58	4	2	2	True	True
19221	trop[bot]	2019-07-12 08:47:13	erickzhao	2019-07-11 18:05:54	56	29	27	True	True
19221	trop[bot]	2019-07-12 08:47:13	erickzhao	2019-07-12 01:50:39	31	0	31	True	True
19220	miniak	2019-07-12 07:48:02	miniak	2019-07-12 07:46:58	43	13	30	True	True
19218	trop[bot]	2019-07-12 01:56:21	miniak	2019-07-10 15:10:21	56	53	3	True	True
19217	deermichel	2019-07-12 01:07:47	deermichel	2019-07-13 16:36:55	15	3	12	False	True
19217	deermichel	2019-07-12 01:07:47	deermichel	2019-07-12 00:44:19	14	12	2	True	True
19216	deermichel	2019-07-11 23:29:45	deermichel	2019-07-11 21:57:16	8	8	0	True	True
19215	nornagon	2019-07-11 22:07:01	nornagon	2019-07-25 00:06:03	2	1	1	False	True
19215	nornagon	2019-07-11 22:07:01	nornagon	2019-07-12 22:13:38	2	1	1	False	True
19215	nornagon	2019-07-11 22:07:01	nornagon	2019-07-24 23:34:57	14	7	7	False	True
19215	nornagon	2019-07-11 22:07:01	nornagon	2019-07-11 22:48:22	2	1	1	False	True
19215	nornagon	2019-07-11 22:07:01	nornagon	2019-07-11 22:09:59	10	9	1	False	True
19215	nornagon	2019-07-11 22:07:01	nornagon	2019-07-11 22:03:51	105	93	12	True	True
19213	erickzhao	2019-07-11 18:15:39	erickzhao	2019-07-12 01:50:39	31	0	31	False	True
19213	erickzhao	2019-07-11 18:15:39	erickzhao	2019-07-11 17:58:58	4	2	2	True	True
19213	erickzhao	2019-07-11 18:15:39	erickzhao	2019-07-11 18:05:54	56	29	27	True	True
19213	erickzhao	2019-07-11 18:15:39	erickzhao	2019-07-12 00:42:31	1	1	0	False	True
19212	nornagon	2019-07-11 17:23:42	nornagon	2019-07-11 17:20:08	90	90	0	True	True
19211	deermichel	2019-07-11 15:50:11	deermichel	2019-07-11 15:11:46	17	17	0	True	True
19210	tarruda	2019-07-11 15:17:43	tarruda	2019-07-11 15:06:11	6	6	0	True	True
19206	miniak	2019-07-11 13:10:27	miniak	2019-07-10 15:10:21	54	52	2	True	True
19204	trop[bot]	2019-07-11 09:00:35	MarshallOfSound	2019-06-13 18:11:43	39	26	13	True	True
19203	miniak	2019-07-11 08:23:34	miniak	2019-07-11 08:21:16	11	10	1	True	True
19202	deermichel	2019-07-10 18:56:35	deermichel	2019-07-10 18:44:53	17	17	0	True	True
19199	deermichel	2019-07-10 16:41:47	deermichel	2019-07-09 01:01:35	23	18	5	True	True
19198	miniak	2019-07-10 15:59:45	miniak	2019-07-10 15:10:21	56	53	3	True	True
19196	codebytere	2019-07-10 14:37:54	codebytere	2019-07-10 14:35:22	134	66	68	True	True
19195	electron-bot	2019-07-10 13:00:28	electron-bot	2019-07-11 13:00:45	2	1	1	False	True
19195	electron-bot	2019-07-10 13:00:28	electron-bot	2019-07-10 13:00:26	2	1	1	True	True
19193	miniak	2019-07-10 11:21:55	miniak	2019-07-10 11:20:14	3	3	0	True	True
19192	trop[bot]	2019-07-10 11:15:20	nornagon	2019-05-24 18:07:15	4	3	1	True	True
19191	namse	2019-07-10 10:01:32	namse	2019-07-10 09:55:47	1	1	0	True	True
19190	zcbenz	2019-07-10 08:19:02	miniak	2019-06-28 06:44:09	18	16	2	True	True
19190	zcbenz	2019-07-10 08:19:02	zcbenz	2019-07-10 08:06:28	5	5	0	True	True
19189	miniak	2019-07-10 06:45:49	miniak	2019-07-10 06:43:56	26	13	13	True	True
19182	nornagon	2019-07-09 21:00:14	nornagon	2019-07-11 20:03:55	20	12	8	False	True
19182	nornagon	2019-07-09 21:00:14	nornagon	2019-07-12 21:53:57	412	255	157	False	True
19182	nornagon	2019-07-09 21:00:14	nornagon	2019-07-11 18:43:33	4	2	2	False	True
19182	nornagon	2019-07-09 21:00:14	nornagon	2019-07-10 00:38:41	161	71	90	False	True
19182	nornagon	2019-07-09 21:00:14	nornagon	2019-07-11 18:36:59	9	7	2	False	True
19182	nornagon	2019-07-09 21:00:14	nornagon	2019-07-10 00:03:47	61	30	31	False	True
19182	nornagon	2019-07-09 21:00:14	nornagon	2019-07-10 00:53:52	342	169	173	False	True
19182	nornagon	2019-07-09 21:00:14	nornagon	2019-07-11 18:42:43	4	4	0	False	True
19182	nornagon	2019-07-09 21:00:14	nornagon	2019-07-11 17:42:50	7	7	0	False	True
19182	nornagon	2019-07-09 21:00:14	nornagon	2019-07-10 00:20:18	16	7	9	False	True
19182	nornagon	2019-07-09 21:00:14	nornagon	2019-07-11 17:41:48	10	8	2	False	True
19182	nornagon	2019-07-09 21:00:14	nornagon	2019-07-10 00:01:49	81	40	41	False	True
19182	nornagon	2019-07-09 21:00:14	nornagon	2019-07-09 21:11:01	28	24	4	False	True
19182	nornagon	2019-07-09 21:00:14	nornagon	2019-07-10 00:18:50	59	31	28	False	True
19182	nornagon	2019-07-09 21:00:14	nornagon	2019-07-10 00:15:48	158	79	79	False	True
19182	nornagon	2019-07-09 21:00:14	nornagon	2019-07-10 00:10:51	137	59	78	False	True
19182	nornagon	2019-07-09 21:00:14	nornagon	2019-07-09 23:57:39	339	145	194	False	True
19182	nornagon	2019-07-09 21:00:14	nornagon	2019-07-09 20:59:14	1729	803	926	True	True
19182	nornagon	2019-07-09 21:00:14	nornagon	2019-07-12 21:57:22	14	4	10	False	True
19182	nornagon	2019-07-09 21:00:14	nornagon	2019-07-09 21:20:37	171	85	86	False	True
19180	trop[bot]	2019-07-09 20:57:05	alexeykuzmin	2019-07-09 15:34:39	42	20	22	True	True
19179	nornagon	2019-07-09 18:18:30	nornagon	2019-07-09 18:17:22	45	6	39	True	True
19175	miniak	2019-07-09 16:50:30	miniak	2019-07-09 15:50:35	1013	1012	1	True	True
19173	miniak	2019-07-09 16:22:54	miniak	2019-07-09 15:50:35	1013	1013	0	True	True
19172	miniak	2019-07-09 16:04:30	miniak	2019-07-09 15:50:35	1021	1021	0	True	True
19171	alexeykuzmin	2019-07-09 15:36:52	alexeykuzmin	2019-07-09 15:34:39	42	20	22	True	True
19170	trop[bot]	2019-07-09 14:45:49	deermichel	2019-07-05 17:54:45	8	0	8	True	True
19169	trop[bot]	2019-07-09 14:45:48	deermichel	2019-07-05 17:54:45	8	0	8	True	True
19168	trop[bot]	2019-07-09 14:45:48	deermichel	2019-07-05 17:54:45	8	0	8	True	True
19166	electron-bot	2019-07-09 13:01:13	electron-bot	2019-07-10 13:00:31	2	1	1	False	True
19166	electron-bot	2019-07-09 13:01:13	deepak1556	2019-07-22 17:03:22	231	115	116	False	True
19166	electron-bot	2019-07-09 13:01:13	nornagon	2019-07-16 21:19:58	24	9	15	False	True
19166	electron-bot	2019-07-09 13:01:13	electron-bot	2019-07-17 13:00:25	2	1	1	False	True
19166	electron-bot	2019-07-09 13:01:13	deepak1556	2019-07-18 02:35:17	11	7	4	False	True
19166	electron-bot	2019-07-09 13:01:13	deepak1556	2019-07-18 02:37:48	124	62	62	False	True
19166	electron-bot	2019-07-09 13:01:13	electron-bot	2019-07-18 13:00:46	2	1	1	False	True
19166	electron-bot	2019-07-09 13:01:13	electron-bot	2019-07-22 13:00:20	2	1	1	False	True
19166	electron-bot	2019-07-09 13:01:13	deepak1556	2019-07-22 17:03:42	70	35	35	False	True
19166	electron-bot	2019-07-09 13:01:13	deepak1556	2019-07-22 17:05:23	2	1	1	False	True
19166	electron-bot	2019-07-09 13:01:13	deepak1556	2019-07-22 17:06:08	2	0	2	False	True
19166	electron-bot	2019-07-09 13:01:13	deepak1556	2019-07-22 19:17:52	47	13	34	False	True
19166	electron-bot	2019-07-09 13:01:13	electron-bot	2019-07-19 13:00:54	2	1	1	False	True
19166	electron-bot	2019-07-09 13:01:13	nornagon	2019-07-16 21:10:48	20	18	2	False	True
19166	electron-bot	2019-07-09 13:01:13	nornagon	2019-07-16 18:52:43	138	69	69	False	True
19166	electron-bot	2019-07-09 13:01:13	electron-bot	2019-07-16 13:00:24	2	1	1	False	True
19166	electron-bot	2019-07-09 13:01:13	nornagon	2019-07-09 18:40:19	44	22	22	False	True
19166	electron-bot	2019-07-09 13:01:13	electron-bot	2019-07-11 13:00:49	2	1	1	False	True
19166	electron-bot	2019-07-09 13:01:13	nitsakh	2019-07-11 18:43:13	10	5	5	False	True
19166	electron-bot	2019-07-09 13:01:13	nitsakh	2019-07-11 19:49:01	8	4	4	False	True
19166	electron-bot	2019-07-09 13:01:13	electron-bot	2019-07-15 13:00:22	2	1	1	False	True
19166	electron-bot	2019-07-09 13:01:13	electron-bot	2019-07-20 13:00:26	2	1	1	False	True
19166	electron-bot	2019-07-09 13:01:13	electron-bot	2019-07-12 13:01:05	2	1	1	False	True
19166	electron-bot	2019-07-09 13:01:13	electron-bot	2019-07-09 13:01:12	2	1	1	True	True
19166	electron-bot	2019-07-09 13:01:13	electron-bot	2019-07-14 13:00:41	2	1	1	False	True
19166	electron-bot	2019-07-09 13:01:13	nitsakh	2019-07-11 19:59:09	1	1	0	False	True
19166	electron-bot	2019-07-09 13:01:13	electron-bot	2019-07-13 13:00:19	2	1	1	False	True
19166	electron-bot	2019-07-09 13:01:13	nitsakh	2019-07-12 20:52:50	238	115	123	False	True
19166	electron-bot	2019-07-09 13:01:13	nitsakh	2019-07-13 18:22:20	138	69	69	False	True
19166	electron-bot	2019-07-09 13:01:13	deepak1556	2019-07-16 21:44:43	37	37	0	False	True
19165	electron-bot	2019-07-09 13:01:08	electron-bot	2019-07-09 13:01:07	2	1	1	True	True
19163	keerthi16	2019-07-09 08:45:33	keerthi16	2019-07-09 08:34:32	2	0	2	True	True
19159	tristan957	2019-07-08 20:53:28	tristan957	2020-10-30 06:08:46	4	4	0	False	True
19159	tristan957	2019-07-08 20:53:28	tristan957	2020-03-08 21:30:19	1	0	1	False	True
19159	tristan957	2019-07-08 20:53:28	tristan957	2020-10-30 05:35:05	2	1	1	False	True
19159	tristan957	2019-07-08 20:53:28	tristan957	2020-12-18 06:39:52	106	45	61	False	True
19159	tristan957	2019-07-08 20:53:28	tristan957	2020-10-30 04:28:20	105	83	22	False	True
19159	tristan957	2019-07-08 20:53:28	tristan957	2020-12-18 07:49:04	2	1	1	False	True
19159	tristan957	2019-07-08 20:53:28	tristan957	2020-12-18 06:44:04	14	7	7	False	True
19159	tristan957	2019-07-08 20:53:28	tristan957	2020-10-30 05:42:29	4	2	2	False	True
19159	tristan957	2019-07-08 20:53:28	tristan957	2020-12-18 06:42:56	1	0	1	False	True
19159	tristan957	2019-07-08 20:53:28	tristan957	2020-03-08 21:22:25	18	2	16	False	True
19159	tristan957	2019-07-08 20:53:28	tristan957	2020-12-18 05:36:50	2	1	1	False	True
19159	tristan957	2019-07-08 20:53:28	tristan957	2020-10-30 06:35:04	5	3	2	False	True
19159	tristan957	2019-07-08 20:53:28	tristan957	2020-12-18 07:49:49	2	1	1	False	True
19159	tristan957	2019-07-08 20:53:28	tristan957	2020-10-30 07:16:29	207	102	105	False	True
19159	tristan957	2019-07-08 20:53:28	tristan957	2020-10-30 06:12:02	12	6	6	False	True
19159	tristan957	2019-07-08 20:53:28	tristan957	2020-12-18 07:13:44	4	2	2	False	True
19159	tristan957	2019-07-08 20:53:28	tristan957	2020-03-08 21:20:18	14	4	10	False	True
19159	tristan957	2019-07-08 20:53:28	tristan957	2020-03-08 21:28:15	3	1	2	False	True
19159	tristan957	2019-07-08 20:53:28	tristan957	2020-10-29 07:35:38	14	0	14	False	True
19159	tristan957	2019-07-08 20:53:28	tristan957	2020-10-30 05:31:52	196	141	55	False	True
19159	tristan957	2019-07-08 20:53:28	tristan957	2020-10-29 06:18:05	4	0	4	False	True
19159	tristan957	2019-07-08 20:53:28	tristan957	2020-07-14 13:32:34	7	4	3	False	True
19159	tristan957	2019-07-08 20:53:28	tristan957	2020-07-14 13:26:55	2	1	1	False	True
19159	tristan957	2019-07-08 20:53:28	tristan957	2020-07-14 13:23:44	115	25	90	False	True
19159	tristan957	2019-07-08 20:53:28	tristan957	2020-07-14 05:29:19	3	3	0	False	True
19159	tristan957	2019-07-08 20:53:28	tristan957	2020-10-29 06:21:50	8	5	3	False	True
19159	tristan957	2019-07-08 20:53:28	tristan957	2020-03-06 20:49:02	2	1	1	False	True
19159	tristan957	2019-07-08 20:53:28	tristan957	2020-03-06 20:35:27	13	8	5	False	True
19159	tristan957	2019-07-08 20:53:28	tristan957	2020-02-28 21:50:24	4	2	2	False	True
19159	tristan957	2019-07-08 20:53:28	tristan957	2019-07-08 20:46:05	175	127	48	True	True
19158	nornagon	2019-07-08 20:51:20	nornagon	2019-07-05 17:38:30	480	226	254	True	True
19157	nornagon	2019-07-08 20:49:23	nornagon	2019-07-08 19:06:21	480	226	254	True	True
19155	nornagon	2019-07-08 19:00:11	nornagon	2019-07-08 18:59:09	480	226	254	True	True
19147	miniak	2019-07-08 12:44:37	miniak	2019-07-08 12:43:43	15	6	9	True	True
19145	zcbenz	2019-07-08 07:05:48	zcbenz	2019-07-09 01:31:13	16	1	15	False	True
19145	zcbenz	2019-07-08 07:05:48	zcbenz	2019-07-09 01:19:34	10	5	5	False	True
19145	zcbenz	2019-07-08 07:05:48	zcbenz	2019-07-08 06:44:36	15	8	7	True	True
19145	zcbenz	2019-07-08 07:05:48	zcbenz	2019-07-08 06:32:38	13	11	2	True	True
19145	zcbenz	2019-07-08 07:05:48	zcbenz	2019-07-08 05:57:06	21	19	2	True	True
19144	deepak1556	2019-07-08 06:28:38	deepak1556	2019-07-08 06:22:07	541	483	58	True	True
19143	zcbenz	2019-07-08 00:44:21	zcbenz	2019-07-08 00:38:07	10	8	2	True	True
19142	alexstrat	2019-07-07 16:31:34	alexstrat	2019-05-04 18:11:46	6	3	3	True	True
19141	miniak	2019-07-07 11:42:34	miniak	2019-07-07 11:40:56	3	2	1	True	True
19139	miniak	2019-07-07 09:58:09	miniak	2019-07-07 09:51:38	28	9	19	True	True
19135	miniak	2019-07-06 17:44:14	miniak	2019-07-06 17:34:51	28	11	17	True	True
19134	electron-bot	2019-07-06 13:00:49	electron-bot	2019-07-06 13:00:48	2	1	1	True	True
19134	electron-bot	2019-07-06 13:00:49	electron-bot	2019-07-07 13:00:54	2	1	1	False	True
19134	electron-bot	2019-07-06 13:00:49	electron-bot	2019-07-08 13:01:00	2	1	1	False	True
19133	miniak	2019-07-06 12:41:56	miniak	2019-07-06 12:40:51	2199	1544	655	True	True
19132	miniak	2019-07-06 11:52:38	miniak	2019-07-06 11:50:05	76	0	76	True	True
19129	lvscar	2019-07-06 03:29:26	lvscar	2019-07-06 03:18:36	2	2	0	True	True
19128	erickzhao	2019-07-06 00:12:17	erickzhao	2019-07-08 18:13:53	11	1	10	False	True
19128	erickzhao	2019-07-06 00:12:17	erickzhao	2019-07-05 19:52:53	24	22	2	True	True
19128	erickzhao	2019-07-06 00:12:17	erickzhao	2019-07-05 23:03:04	30	10	20	True	True
19128	erickzhao	2019-07-06 00:12:17	erickzhao	2019-07-08 16:53:34	2	0	2	False	True
19127	jkleinsc	2019-07-05 19:26:44	jkleinsc	2019-07-05 19:23:24	1	0	1	True	True
19127	jkleinsc	2019-07-05 19:26:44	jkleinsc	2019-07-05 19:24:18	1	1	0	True	True
19126	deermichel	2019-07-05 18:06:12	deermichel	2019-07-05 17:54:45	8	0	8	True	True
19118	trop[bot]	2019-07-04 16:22:43	miniak	2019-07-02 11:57:21	31	19	12	True	True
19117	trop[bot]	2019-07-04 16:22:41	miniak	2019-07-02 11:57:21	31	19	12	True	True
19116	trop[bot]	2019-07-04 16:22:39	miniak	2019-07-02 11:57:21	31	19	12	True	True
19112	electron-bot	2019-07-04 13:00:22	electron-bot	2019-07-06 13:00:51	2	1	1	False	True
19112	electron-bot	2019-07-04 13:00:22	electron-bot	2019-07-05 13:00:48	2	1	1	False	True
19112	electron-bot	2019-07-04 13:00:22	nornagon	2019-07-08 23:20:16	22	0	22	False	True
19112	electron-bot	2019-07-04 13:00:22	deepak1556	2019-07-08 09:15:42	162	80	82	False	True
19112	electron-bot	2019-07-04 13:00:22	electron-bot	2019-07-08 13:01:04	2	1	1	False	True
19112	electron-bot	2019-07-04 13:00:22	electron-bot	2019-07-04 13:00:21	2	1	1	True	True
19112	electron-bot	2019-07-04 13:00:22	electron-bot	2019-07-07 13:00:57	2	1	1	False	True
19112	electron-bot	2019-07-04 13:00:22	MarshallOfSound	2019-07-04 18:51:26	108	54	54	False	True
19111	electron-bot	2019-07-04 13:00:17	electron-bot	2019-07-04 13:00:16	2	1	1	True	True
19111	electron-bot	2019-07-04 13:00:17	electron-bot	2019-07-05 13:00:44	2	1	1	False	True
19110	louismrose	2019-07-04 11:18:50	louismrose	2019-07-11 14:23:34	10	8	2	False	True
19110	louismrose	2019-07-04 11:18:50	louismrose	2019-07-08 14:11:38	3	2	1	False	True
19110	louismrose	2019-07-04 11:18:50	louismrose	2019-07-11 14:49:51	2	1	1	False	True
19110	louismrose	2019-07-04 11:18:50	louismrose	2019-07-03 19:22:56	15	11	4	True	True
19107	deepak1556	2019-07-04 00:23:20	deepak1556	2019-07-29 22:49:10	3	2	1	False	True
19107	deepak1556	2019-07-04 00:23:20	deepak1556	2019-07-29 22:17:27	2	0	2	False	True
19107	deepak1556	2019-07-04 00:23:20	deepak1556	2019-07-18 01:25:32	27	0	27	False	True
19107	deepak1556	2019-07-04 00:23:20	deepak1556	2019-07-29 22:46:47	37	16	21	False	True
19106	trop[bot]	2019-07-03 23:37:01	MarshallOfSound	2019-07-03 22:35:18	4	2	2	True	True
19105	trop[bot]	2019-07-03 22:42:24	MarshallOfSound	2019-07-03 21:45:41	11	9	2	True	True
19104	MarshallOfSound	2019-07-03 22:40:13	MarshallOfSound	2019-07-03 22:36:29	8	4	4	True	True
19103	MarshallOfSound	2019-07-03 22:39:14	MarshallOfSound	2019-07-03 22:35:18	4	2	2	True	True
19102	MarshallOfSound	2019-07-03 21:56:28	MarshallOfSound	2019-07-03 21:55:31	12	11	1	True	True
19101	MarshallOfSound	2019-07-03 21:47:05	MarshallOfSound	2019-07-03 21:45:41	11	9	2	True	True
19100	nornagon	2019-07-03 21:29:58	nornagon	2019-07-03 21:28:46	11	8	3	True	True
19099	deermichel	2019-07-03 20:27:49	deermichel	2019-07-03 20:00:50	44	41	3	True	True
19098	nornagon	2019-07-03 17:50:00	nornagon	2019-07-03 17:49:20	2	1	1	True	True
19096	electron-bot	2019-07-03 13:00:34	MarshallOfSound	2019-07-03 18:53:45	16	9	7	False	True
19096	electron-bot	2019-07-03 13:00:34	electron-bot	2019-07-03 13:00:33	2	1	1	True	True
19096	electron-bot	2019-07-03 13:00:34	nornagon	2019-07-03 16:55:46	117	49	68	False	True
19095	electron-bot	2019-07-03 13:00:29	electron-bot	2019-07-03 13:00:27	2	1	1	True	True
19094	zcbenz	2019-07-03 02:53:18	zcbenz	2019-07-03 00:59:53	3	1	2	True	True
19094	zcbenz	2019-07-03 02:53:18	zcbenz	2019-07-03 00:26:00	19	14	5	True	True
19094	zcbenz	2019-07-03 02:53:18	zcbenz	2019-07-03 02:07:46	29	25	4	True	True
19094	zcbenz	2019-07-03 02:53:18	zcbenz	2019-07-03 00:44:52	34	17	17	True	True
19094	zcbenz	2019-07-03 02:53:18	zcbenz	2019-07-03 01:54:51	24	23	1	True	True
19094	zcbenz	2019-07-03 02:53:18	zcbenz	2019-07-03 01:49:44	6	0	6	True	True
19094	zcbenz	2019-07-03 02:53:18	zcbenz	2019-07-03 02:27:44	23	13	10	True	True
19094	zcbenz	2019-07-03 02:53:18	zcbenz	2019-07-03 08:50:09	58	30	28	False	True
19094	zcbenz	2019-07-03 02:53:18	zcbenz	2019-07-03 10:39:57	16	12	4	False	True
19094	zcbenz	2019-07-03 02:53:18	zcbenz	2019-07-04 00:46:25	22	11	11	False	True
19094	zcbenz	2019-07-03 02:53:18	zcbenz	2019-07-02 02:01:59	98	70	28	True	True
19094	zcbenz	2019-07-03 02:53:18	zcbenz	2019-07-02 10:19:23	124	45	79	True	True
19094	zcbenz	2019-07-03 02:53:18	zcbenz	2019-07-02 02:50:28	73	58	15	True	True
19094	zcbenz	2019-07-03 02:53:18	zcbenz	2019-07-03 00:38:33	35	28	7	True	True
19094	zcbenz	2019-07-03 02:53:18	zcbenz	2019-06-28 11:21:24	190	183	7	True	True
19094	zcbenz	2019-07-03 02:53:18	zcbenz	2019-07-01 08:51:37	197	168	29	True	True
19094	zcbenz	2019-07-03 02:53:18	zcbenz	2019-07-01 12:14:23	58	57	1	True	True
19094	zcbenz	2019-07-03 02:53:18	zcbenz	2019-07-02 06:54:09	36	30	6	True	True
19094	zcbenz	2019-07-03 02:53:18	zcbenz	2019-07-02 06:27:31	27	15	12	True	True
19094	zcbenz	2019-07-03 02:53:18	zcbenz	2019-07-02 06:40:42	94	50	44	True	True
19094	zcbenz	2019-07-03 02:53:18	zcbenz	2019-07-02 04:07:49	71	59	12	True	True
19094	zcbenz	2019-07-03 02:53:18	zcbenz	2019-07-02 07:19:59	44	44	0	True	True
19094	zcbenz	2019-07-03 02:53:18	zcbenz	2019-06-28 07:05:54	86	82	4	True	True
19090	nornagon	2019-07-02 22:55:37	nornagon	2019-07-02 22:53:47	27	0	27	True	True
19089	nornagon	2019-07-02 22:51:45	nornagon	2019-07-08 18:54:29	1492	1099	393	False	True
19089	nornagon	2019-07-02 22:51:45	nornagon	2019-07-02 22:50:55	260	130	130	True	True
19089	nornagon	2019-07-02 22:51:45	nornagon	2019-07-02 23:14:18	362	172	190	False	True
19089	nornagon	2019-07-02 22:51:45	nornagon	2019-07-03 00:35:56	4	2	2	False	True
19089	nornagon	2019-07-02 22:51:45	nornagon	2019-07-03 00:38:38	9	5	4	False	True
19089	nornagon	2019-07-02 22:51:45	nornagon	2019-07-03 21:11:45	350	204	146	False	True
19085	nornagon	2019-07-02 19:11:19	nornagon	2019-07-02 18:28:09	9	5	4	True	True
19084	MarshallOfSound	2019-07-02 18:12:23	MarshallOfSound	2019-07-02 18:12:10	5	2	3	True	True
19083	nornagon	2019-07-02 18:06:53	nornagon	2019-07-02 18:05:30	5	3	2	True	True
19082	trop[bot]	2019-07-02 18:04:49	codebytere	2019-07-02 16:53:50	4	2	2	True	True
19079	electron-bot	2019-07-02 13:01:16	electron-bot	2019-07-02 13:01:15	2	1	1	True	True
19077	miniak	2019-07-02 12:23:02	miniak	2019-07-02 11:57:21	31	19	12	True	True
19073	codebytere	2019-07-02 03:35:35	codebytere	2019-07-02 03:32:34	38	34	4	True	True
19072	codebytere	2019-07-02 03:00:43	codebytere	2019-07-02 02:52:25	39	30	9	True	True
19071	chase	2019-07-02 02:42:02	chase	2019-07-02 02:48:19	2	1	1	False	True
19071	chase	2019-07-02 02:42:02	chase	2019-07-02 02:38:51	4	3	1	True	True
19066	miniak	2019-07-01 19:45:38	miniak	2019-07-01 19:26:50	112	47	65	True	True
19064	codebytere	2019-07-01 17:58:48	codebytere	2019-07-01 17:56:57	7	3	4	True	True
19063	trop[bot]	2019-07-01 17:07:46	erickzhao	2019-07-01 22:23:52	1	0	1	False	True
19063	trop[bot]	2019-07-01 17:07:46	erickzhao	2019-06-25 23:51:10	2	2	0	True	True
19063	trop[bot]	2019-07-01 17:07:46	erickzhao	2019-06-26 00:08:02	4	2	2	True	True
19063	trop[bot]	2019-07-01 17:07:46	erickzhao	2019-06-26 16:06:50	2	0	2	True	True
19063	trop[bot]	2019-07-01 17:07:46	erickzhao	2019-06-26 17:28:18	38	38	0	True	True
19063	trop[bot]	2019-07-01 17:07:46	erickzhao	2019-06-27 21:56:43	8	7	1	True	True
19063	trop[bot]	2019-07-01 17:07:46	erickzhao	2019-06-26 21:08:53	18	5	13	True	True
19063	trop[bot]	2019-07-01 17:07:46	erickzhao	2019-06-26 18:29:36	18	10	8	True	True
19063	trop[bot]	2019-07-01 17:07:46	erickzhao	2019-06-27 22:24:49	14	2	12	True	True
19062	trop[bot]	2019-07-01 17:07:44	erickzhao	2019-06-26 00:08:02	4	2	2	True	True
19062	trop[bot]	2019-07-01 17:07:44	erickzhao	2019-06-26 18:29:36	18	10	8	True	True
19062	trop[bot]	2019-07-01 17:07:44	erickzhao	2019-06-25 23:51:10	2	2	0	True	True
19062	trop[bot]	2019-07-01 17:07:44	erickzhao	2019-06-26 17:28:18	38	38	0	True	True
19062	trop[bot]	2019-07-01 17:07:44	erickzhao	2019-06-26 16:06:50	2	0	2	True	True
19062	trop[bot]	2019-07-01 17:07:44	erickzhao	2019-06-26 21:08:53	18	5	13	True	True
19062	trop[bot]	2019-07-01 17:07:44	erickzhao	2019-06-27 21:56:43	8	7	1	True	True
19062	trop[bot]	2019-07-01 17:07:44	erickzhao	2019-06-27 22:24:49	14	2	12	True	True
19061	trop[bot]	2019-07-01 17:07:43	erickzhao	2019-06-26 17:28:18	38	38	0	True	True
19061	trop[bot]	2019-07-01 17:07:43	erickzhao	2019-06-26 18:29:36	18	10	8	True	True
19061	trop[bot]	2019-07-01 17:07:43	erickzhao	2019-07-01 22:13:01	1	0	1	False	True
19061	trop[bot]	2019-07-01 17:07:43	erickzhao	2019-06-27 22:24:49	14	2	12	True	True
19061	trop[bot]	2019-07-01 17:07:43	erickzhao	2019-06-27 21:56:43	8	7	1	True	True
19061	trop[bot]	2019-07-01 17:07:43	erickzhao	2019-06-26 21:08:53	18	5	13	True	True
19061	trop[bot]	2019-07-01 17:07:43	erickzhao	2019-06-26 16:06:50	2	0	2	True	True
19061	trop[bot]	2019-07-01 17:07:43	erickzhao	2019-06-26 00:08:02	4	2	2	True	True
19061	trop[bot]	2019-07-01 17:07:43	erickzhao	2019-06-25 23:51:10	2	2	0	True	True
19060	trop[bot]	2019-07-01 16:56:06	MarshallOfSound	2019-06-27 20:21:57	4	2	2	True	True
19059	trop[bot]	2019-07-01 14:49:59	MarshallOfSound	2019-02-06 19:20:47	75	44	31	True	True
19059	trop[bot]	2019-07-01 14:49:59	jkleinsc	2019-07-01 15:42:41	6	3	3	False	True
19058	trop[bot]	2019-07-01 14:49:36	MarshallOfSound	2019-02-06 19:20:47	75	44	31	True	True
19058	trop[bot]	2019-07-01 14:49:36	jkleinsc	2019-07-01 15:31:31	3	1	2	False	True
19057	electron-bot	2019-07-01 13:01:15	electron-bot	2019-07-01 13:01:14	2	1	1	True	True
19055	MarshallOfSound	2019-07-01 04:31:10	MarshallOfSound	2019-07-01 04:30:27	4	2	2	True	True
