pr_number	author_user_login	pr_created_at	comment_user_login	comment_created_at	is_review_issue_comment
10166		2017-07-31 23:08:12			False
10160	liusy182	2017-07-31 01:33:40	codebytere	2017-08-01 05:49:48	True
10150	MarshallOfSound	2017-07-29 07:33:33	felixrieseberg	2017-07-31 01:14:17	True
10148		2017-07-28 16:30:36			False
10142	MarshallOfSound	2017-07-28 04:00:55	enlight	2017-08-11 00:43:39	True
10142	MarshallOfSound	2017-07-28 04:00:55	jkleinsc	2017-08-07 18:27:40	True
10142	MarshallOfSound	2017-07-28 04:00:55	jkleinsc	2017-08-30 13:38:46	True
10142	MarshallOfSound	2017-07-28 04:00:55	jkleinsc	2017-08-31 13:41:42	True
10142	MarshallOfSound	2017-07-28 04:00:55	zeke	2017-08-10 19:34:34	True
10142	MarshallOfSound	2017-07-28 04:00:55	zeke	2017-08-14 17:55:16	True
10142	MarshallOfSound	2017-07-28 04:00:55	davej	2017-08-30 09:14:40	True
10142	MarshallOfSound	2017-07-28 04:00:55	zeke	2017-08-11 02:03:28	True
10142	MarshallOfSound	2017-07-28 04:00:55	baconbrad	2017-08-07 18:34:33	True
10142	MarshallOfSound	2017-07-28 04:00:55	poiru	2017-08-11 01:12:08	True
10142	MarshallOfSound	2017-07-28 04:00:55	jkleinsc	2017-08-31 14:37:02	True
10138		2017-07-27 17:30:49			False
10137	miniak	2017-07-27 12:45:04	MarshallOfSound	2017-07-27 12:59:26	True
10137	miniak	2017-07-27 12:45:04	MarshallOfSound	2017-07-27 13:01:29	True
10137	miniak	2017-07-27 12:45:04	zeke	2017-07-27 16:43:26	True
10137	miniak	2017-07-27 12:45:04	jkleinsc	2017-08-07 18:04:52	True
10131		2017-07-27 05:52:01			False
10125	codebytere	2017-07-26 19:47:36	MarshallOfSound	2017-07-27 01:55:01	True
10116		2017-07-26 00:03:52			False
10113	lsegal	2017-07-25 17:24:24	zeke	2017-07-25 23:28:44	True
10103		2017-07-24 08:34:57			False
10090	3n-mb	2017-07-22 23:05:41	zcbenz	2017-12-19 06:54:29	True
10090	3n-mb	2017-07-22 23:05:41	zcbenz	2017-11-27 05:52:50	True
10081	renaesop	2017-07-21 07:41:58	zcbenz	2017-08-17 06:55:51	True
10076	alexstrat	2017-07-20 18:25:39	zcbenz	2017-09-14 12:18:49	True
10075		2017-07-20 18:07:28			False
10058		2017-07-18 20:28:06			False
10052		2017-07-17 21:55:20			False
10008	qazbnm456	2017-07-14 04:11:32	kevinsawicki	2017-07-18 16:10:51	True
10008	qazbnm456	2017-07-14 04:11:32	kevinsawicki	2017-07-14 16:07:07	True
10003	poiru	2017-07-13 22:30:55	rsms	2017-07-14 00:49:14	True
9988	kant2002	2017-07-12 14:30:34	zeke	2017-08-07 20:52:37	True
9988	kant2002	2017-07-12 14:30:34	zeke	2017-07-12 17:13:32	True
9988	kant2002	2017-07-12 14:30:34	MarshallOfSound	2017-08-08 02:29:14	True
9983	juturu	2017-07-12 01:23:53	fasterthanlime	2017-07-12 08:13:52	True
9975		2017-07-11 06:44:24			False
9972	kevinsawicki	2017-07-10 23:59:57	tarruda	2017-07-11 19:17:15	True
9962		2017-07-09 03:51:47			False
9961	MarshallOfSound	2017-07-08 23:10:07	kevinsawicki	2017-07-10 15:39:09	True
9961	MarshallOfSound	2017-07-08 23:10:07	gerges-zz	2017-07-09 04:43:03	True
9961	MarshallOfSound	2017-07-08 23:10:07	kevinsawicki	2017-07-10 15:44:10	True
9953		2017-07-07 02:16:49			False
9951	alexstrat	2017-07-07 01:15:14	MarshallOfSound	2017-07-07 02:06:43	True
9951	alexstrat	2017-07-07 01:15:14	zcbenz	2017-07-17 04:47:45	True
9951	alexstrat	2017-07-07 01:15:14	MarshallOfSound	2017-07-07 01:27:51	True
9950	alexstrat	2017-07-07 00:29:26	jkleinsc	2017-08-07 17:36:36	True
9946	alexeykuzmin	2017-07-06 01:25:23	gerhardberger	2017-07-11 22:30:12	True
9946	alexeykuzmin	2017-07-06 01:25:23	gerhardberger	2017-07-09 22:58:53	True
9946	alexeykuzmin	2017-07-06 01:25:23	KagamiChan	2017-07-08 18:24:26	True
9946	alexeykuzmin	2017-07-06 01:25:23	kevinsawicki	2017-07-12 04:47:36	True
9946	alexeykuzmin	2017-07-06 01:25:23	gerhardberger	2017-07-08 19:31:53	True
9946	alexeykuzmin	2017-07-06 01:25:23	kevinsawicki	2017-07-07 17:04:25	True
9946	alexeykuzmin	2017-07-06 01:25:23	kevinsawicki	2017-07-12 22:23:08	True
9946	alexeykuzmin	2017-07-06 01:25:23	kevinsawicki	2017-07-19 19:20:22	True
9946	alexeykuzmin	2017-07-06 01:25:23	alespergl	2017-07-19 22:47:41	True
9946	alexeykuzmin	2017-07-06 01:25:23	setpixel	2017-07-11 21:55:47	True
9946	alexeykuzmin	2017-07-06 01:25:23	johnryan	2017-07-13 23:40:10	True
9946	alexeykuzmin	2017-07-06 01:25:23	kevinsawicki	2017-07-07 16:58:29	True
9946	alexeykuzmin	2017-07-06 01:25:23	johnryan	2017-07-13 23:07:31	True
9929		2017-07-04 10:13:57			False
9918	alexstrat	2017-07-03 18:10:49	kevinsawicki	2017-07-14 21:56:16	True
9918	alexstrat	2017-07-03 18:10:49	kevinsawicki	2017-07-14 21:55:52	True
9918	alexstrat	2017-07-03 18:10:49	kevinsawicki	2017-07-17 16:47:49	True
