pr_number	author_user_login	pr_created_at	review_user_login	review_created_at	filename	create_before_pr	has_issue_comment	has_review_comment	has_commit
596	soh1988	2014-08-21 07:15:26	zcbenz	2014-08-22 01:35:41	docs/api/browser-window.md	True	False	True	True
596	soh1988	2014-08-21 07:15:26	zcbenz	2014-08-22 01:35:41	atom/browser/native_window.cc	True	False	True	True
596	soh1988	2014-08-21 07:15:26	zcbenz	2014-08-22 01:35:41	atom/browser/native_window.cc	False	False	True	True
596	soh1988	2014-08-21 07:15:26	zcbenz	2014-08-22 00:17:48	docs/api/browser-window.md	True	False	True	True
596	soh1988	2014-08-21 07:15:26	zcbenz	2014-08-22 00:17:48	atom/browser/native_window.cc	True	False	True	True
596	soh1988	2014-08-21 07:15:26	zcbenz	2014-08-22 00:17:48	atom/browser/native_window.cc	False	False	True	True
578	cornedor	2014-08-13 12:32:15	zcbenz	2014-08-15 02:26:42	docs/api/app.md	False	True	True	True
578	cornedor	2014-08-13 12:32:15	zcbenz	2014-08-15 02:30:17	docs/api/app.md	False	True	True	True
578	cornedor	2014-08-13 12:32:15	zcbenz	2014-08-15 02:30:17	atom/browser/api/atom_api_app.cc	False	True	True	True
578	cornedor	2014-08-13 12:32:15	zcbenz	2014-08-15 02:30:17	atom/browser/api/atom_api_app.cc	True	True	True	True
578	cornedor	2014-08-13 12:32:15	zcbenz	2014-08-15 02:30:17	atom/browser/api/atom_api_app.h	True	True	True	True
578	cornedor	2014-08-13 12:32:15	zcbenz	2014-08-15 02:30:17	atom/browser/api/atom_api_app.h	False	True	True	True
578	cornedor	2014-08-13 12:32:15	zcbenz	2014-08-15 02:26:42	atom/browser/api/atom_api_app.cc	False	True	True	True
578	cornedor	2014-08-13 12:32:15	zcbenz	2014-08-15 02:26:42	atom/browser/api/atom_api_app.h	False	True	True	True
578	cornedor	2014-08-13 12:32:15	zcbenz	2014-08-15 02:26:42	atom/browser/api/atom_api_app.cc	True	True	True	True
578	cornedor	2014-08-13 12:32:15	zcbenz	2014-08-15 02:26:42	atom/browser/api/atom_api_app.h	True	True	True	True
