pr_number	author_user_login	pr_created_at	commit_user_login	commit_created_at	commit_status_total	commit_status_additions	commit_status_deletions	create_before_pr	is_review_commit
4288	brenca	2016-01-31 01:35:12	brenca	2016-01-31 01:27:14	328	134	194	True	True
4288	brenca	2016-01-31 01:35:12	brenca	2016-01-30 05:33:55	194	194	0	True	True
4288	brenca	2016-01-31 01:35:12	brenca	2016-01-31 16:00:14	100	54	46	False	True
4288	brenca	2016-01-31 01:35:12	brenca	2016-02-01 06:17:58	18	9	9	False	True
4247	deepak1556	2016-01-27 08:46:16	deepak1556	2016-01-27 08:44:10	24	20	4	True	True
4230	deepak1556	2016-01-26 08:36:52	deepak1556	2016-01-26 08:28:21	117	88	29	True	True
4223	deepak1556	2016-01-25 15:42:58	deepak1556	2016-02-01 10:03:38	35	30	5	False	True
4223	deepak1556	2016-01-25 15:42:58	deepak1556	2016-02-01 12:15:53	52	7	45	False	True
4223	deepak1556	2016-01-25 15:42:58	deepak1556	2016-01-25 16:37:15	109	83	26	False	True
4223	deepak1556	2016-01-25 15:42:58	deepak1556	2016-01-30 11:19:18	401	324	77	False	True
4223	deepak1556	2016-01-25 15:42:58	deepak1556	2016-01-30 13:31:10	71	61	10	False	True
4223	deepak1556	2016-01-25 15:42:58	deepak1556	2016-01-23 13:29:47	263	260	3	True	True
4223	deepak1556	2016-01-25 15:42:58	deepak1556	2016-01-31 19:13:29	21	8	13	False	True
4223	deepak1556	2016-01-25 15:42:58	deepak1556	2016-01-31 21:35:34	268	134	134	False	True
4223	deepak1556	2016-01-25 15:42:58	deepak1556	2016-02-01 09:43:49	108	89	19	False	True
4182	deepak1556	2016-01-21 18:30:39	deepak1556	2016-01-22 08:47:23	179	168	11	False	True
4182	deepak1556	2016-01-21 18:30:39	deepak1556	2016-01-23 04:02:21	52	48	4	False	True
4182	deepak1556	2016-01-21 18:30:39	deepak1556	2016-01-21 18:22:23	312	311	1	True	True
4182	deepak1556	2016-01-21 18:30:39	deepak1556	2016-01-22 04:57:25	66	27	39	False	True
4163	deepak1556	2016-01-20 03:06:52	deepak1556	2016-01-19 14:13:23	31	31	0	True	True
4161	gabriel	2016-01-20 00:11:23	gabriel	2016-01-19 23:24:16	63	36	27	True	True
4156	evgenyzinoviev	2016-01-19 15:39:00	gch1p	2016-01-19 15:43:52	4	4	0	False	True
4156	evgenyzinoviev	2016-01-19 15:39:00	gch1p	2016-01-22 21:24:33	197	143	54	False	True
4156	evgenyzinoviev	2016-01-19 15:39:00	gch1p	2016-01-19 15:57:14	2	1	1	False	True
4156	evgenyzinoviev	2016-01-19 15:39:00	gch1p	2016-01-22 22:31:59	28	28	0	False	True
4156	evgenyzinoviev	2016-01-19 15:39:00	gch1p	2016-01-19 15:07:51	49	44	5	True	True
4156	evgenyzinoviev	2016-01-19 15:39:00	gch1p	2016-01-18 22:46:35	291	255	36	True	True
4156	evgenyzinoviev	2016-01-19 15:39:00	gch1p	2016-01-22 22:44:05	6	5	1	False	True
4121	kevinsawicki	2016-01-15 17:59:57	kevinsawicki	2016-01-15 17:32:57	6	3	3	True	True
4121	kevinsawicki	2016-01-15 17:59:57	kevinsawicki	2016-01-15 18:29:00	12	6	6	False	True
4121	kevinsawicki	2016-01-15 17:59:57	kevinsawicki	2016-01-15 17:57:36	793	363	430	True	True
4121	kevinsawicki	2016-01-15 17:59:57	kevinsawicki	2016-01-15 22:15:42	182	90	92	False	True
4121	kevinsawicki	2016-01-15 17:59:57	kevinsawicki	2016-01-15 17:30:29	13	7	6	True	True
4121	kevinsawicki	2016-01-15 17:59:57	kevinsawicki	2016-01-15 22:28:12	432	218	214	False	True
4121	kevinsawicki	2016-01-15 17:59:57	kevinsawicki	2016-01-15 19:46:52	2	1	1	False	True
4121	kevinsawicki	2016-01-15 17:59:57	kevinsawicki	2016-01-15 23:10:26	2	1	1	False	True
4121	kevinsawicki	2016-01-15 17:59:57	kevinsawicki	2016-01-15 17:24:53	6	3	3	True	True
4121	kevinsawicki	2016-01-15 17:59:57	kevinsawicki	2016-01-15 23:09:25	2	1	1	False	True
4121	kevinsawicki	2016-01-15 17:59:57	kevinsawicki	2016-01-15 22:12:57	97	49	48	False	True
4121	kevinsawicki	2016-01-15 17:59:57	kevinsawicki	2016-01-15 22:29:36	1	1	0	False	True
4121	kevinsawicki	2016-01-15 17:59:57	kevinsawicki	2016-01-15 22:31:23	32	16	16	False	True
4112	evgenyzinoviev	2016-01-15 05:04:41	gch1p	2016-01-15 16:31:31	80	30	50	False	True
4112	evgenyzinoviev	2016-01-15 05:04:41	gch1p	2016-01-15 16:40:42	3	2	1	False	True
4112	evgenyzinoviev	2016-01-15 05:04:41	gch1p	2016-01-15 04:54:12	104	68	36	True	True
4112	evgenyzinoviev	2016-01-15 05:04:41	gch1p	2016-01-15 04:57:00	3	2	1	True	True
4111	evgenyzinoviev	2016-01-15 03:01:30	gch1p	2016-01-15 15:02:23	3	2	1	False	True
4111	evgenyzinoviev	2016-01-15 03:01:30	gch1p	2016-01-15 02:45:19	8	8	0	True	True
4109	jlord	2016-01-14 22:54:26	jlord	2016-01-15 01:03:55	2	1	1	False	True
4109	jlord	2016-01-14 22:54:26	jlord	2016-01-14 21:16:42	133	58	75	True	True
4109	jlord	2016-01-14 22:54:26	jlord	2016-01-14 21:18:52	138	55	83	True	True
4109	jlord	2016-01-14 22:54:26	jlord	2016-01-14 21:21:11	222	92	130	True	True
4109	jlord	2016-01-14 22:54:26	jlord	2016-01-14 23:44:33	19	6	13	False	True
4109	jlord	2016-01-14 22:54:26	jlord	2016-01-14 22:20:06	187	87	100	True	True
4109	jlord	2016-01-14 22:54:26	jlord	2016-01-15 02:07:29	18	9	9	False	True
4109	jlord	2016-01-14 22:54:26	jlord	2016-01-14 22:11:50	78	29	49	True	True
4098	deepak1556	2016-01-14 09:37:12	deepak1556	2016-01-14 09:31:54	49	41	8	True	True
4092	anaisbetts	2016-01-13 20:32:33	anaisbetts	2016-01-13 20:26:57	10	8	2	True	True
4092	anaisbetts	2016-01-13 20:32:33	anaisbetts	2016-01-27 02:54:15	14	7	7	False	True
4071	deepak1556	2016-01-12 15:57:06	deepak1556	2016-01-12 15:28:12	12	12	0	True	True
4046	deepak1556	2016-01-10 22:34:22	deepak1556	2016-01-10 22:25:56	24	11	13	True	True
4046	deepak1556	2016-01-10 22:34:22	deepak1556	2016-01-11 06:54:01	24	20	4	False	True
4029	leethomas	2016-01-08 07:05:57	leethomas	2016-01-10 23:55:26	9	5	4	False	True
4029	leethomas	2016-01-08 07:05:57	leethomas	2016-01-08 06:10:34	1	1	0	True	True
4029	leethomas	2016-01-08 07:05:57	leethomas	2016-01-10 23:33:27	56	28	28	False	True
4029	leethomas	2016-01-08 07:05:57	leethomas	2016-01-08 05:23:15	18	14	4	True	True
4029	leethomas	2016-01-08 07:05:57	leethomas	2016-01-08 04:46:45	37	28	9	True	True
4029	leethomas	2016-01-08 07:05:57	leethomas	2016-01-11 03:15:40	15	8	7	False	True
4029	leethomas	2016-01-08 07:05:57	leethomas	2016-01-08 06:34:16	34	20	14	True	True
4023	omrilitov	2016-01-07 21:19:20	omrilitov	2016-01-07 22:27:53	8	4	4	False	True
4023	omrilitov	2016-01-07 21:19:20	omrilitov	2016-01-08 18:53:59	4	3	1	False	True
4023	omrilitov	2016-01-07 21:19:20	omrilitov	2016-01-07 21:17:23	4	4	0	True	True
4023	omrilitov	2016-01-07 21:19:20	omrilitov	2016-01-07 20:38:35	15	14	1	True	True
