pr_number	author_user_login	pr_created_at	commit_user_login	commit_created_at	commit_status_total	commit_status_additions	commit_status_deletions	create_before_pr	is_review_commit
9903	miniak	2017-06-30 14:05:59	miniak	2017-06-30 13:59:46	20	19	1	True	True
9903	miniak	2017-06-30 14:05:59	miniak	2017-06-30 14:04:59	34	17	17	True	True
9896	ferreus	2017-06-29 13:24:29	ferreus	2017-08-08 10:02:20	45	5	40	False	True
9896	ferreus	2017-06-29 13:24:29	ferreus	2017-08-08 10:06:39	1	1	0	False	True
9896	ferreus	2017-06-29 13:24:29	ferreus	2017-06-29 13:11:57	8	7	1	True	True
9896	ferreus	2017-06-29 13:24:29	ferreus	2017-07-16 03:33:37	45	40	5	False	True
9869	rafaelnobrepd	2017-06-26 19:50:40	rafaelnobrepd	2017-08-09 17:28:43	10	9	1	False	True
9869	rafaelnobrepd	2017-06-26 19:50:40	rafaelnobrepd	2017-08-09 15:09:47	38	33	5	False	True
9869	rafaelnobrepd	2017-06-26 19:50:40	rafaelnobrepd	2017-08-09 17:29:12	10	5	5	False	True
9869	rafaelnobrepd	2017-06-26 19:50:40	rafaelnobrepd	2017-08-02 17:41:48	1	1	0	False	True
9869	rafaelnobrepd	2017-06-26 19:50:40	rafaelnobrepd	2017-08-07 19:28:00	27	15	12	False	True
9869	rafaelnobrepd	2017-06-26 19:50:40	zcbenz	2017-09-14 07:12:34	59	32	27	False	True
9869	rafaelnobrepd	2017-06-26 19:50:40	rafaelnobrepd	2017-07-27 20:24:59	7	2	5	False	True
9869	rafaelnobrepd	2017-06-26 19:50:40	rafaelnobrepd	2017-06-26 19:14:44	239	234	5	True	True
9857	alexeykuzmin	2017-06-26 09:16:12	alexeykuzmin	2017-06-26 09:08:51	19	16	3	True	True
9857	alexeykuzmin	2017-06-26 09:16:12	kevinsawicki	2017-06-29 19:26:45	29	13	16	False	True
9857	alexeykuzmin	2017-06-26 09:16:12	kevinsawicki	2017-06-29 19:26:59	3	0	3	False	True
9857	alexeykuzmin	2017-06-26 09:16:12	alexeykuzmin	2017-06-26 09:13:05	89	79	10	True	True
9857	alexeykuzmin	2017-06-26 09:16:12	alexeykuzmin	2017-06-27 16:43:57	3	3	0	False	True
9853	zeke	2017-06-26 00:37:57	zeke	2017-06-26 00:36:38	4	4	0	True	True
9847	timfish	2017-06-25 08:44:02	kevinsawicki	2017-06-26 15:50:00	4	2	2	False	True
9847	timfish	2017-06-25 08:44:02	timfish	2017-06-25 08:43:47	4	2	2	True	True
9837	MarshallOfSound	2017-06-23 13:42:23	MarshallOfSound	2017-06-28 07:00:19	18	9	9	False	True
9837	MarshallOfSound	2017-06-23 13:42:23	MarshallOfSound	2017-06-23 11:04:39	16	8	8	True	True
9837	MarshallOfSound	2017-06-23 13:42:23	MarshallOfSound	2017-06-23 14:30:13	2	1	1	False	True
9837	MarshallOfSound	2017-06-23 13:42:23	MarshallOfSound	2017-06-24 11:03:27	196	80	116	False	True
9837	MarshallOfSound	2017-06-23 13:42:23	MarshallOfSound	2017-06-23 10:56:55	2	1	1	True	True
9837	MarshallOfSound	2017-06-23 13:42:23	MarshallOfSound	2017-06-23 10:50:50	2	1	1	True	True
9837	MarshallOfSound	2017-06-23 13:42:23	MarshallOfSound	2017-06-23 10:39:42	149	136	13	True	True
9834	shubham2892	2017-06-22 21:11:49	shubham2892	2017-06-22 21:10:22	1	1	0	True	True
9834	shubham2892	2017-06-22 21:11:49	shubham2892	2017-07-18 01:40:57	9	7	2	False	True
9834	shubham2892	2017-06-22 21:11:49	kevinsawicki	2017-07-18 17:19:00	2	1	1	False	True
9834	shubham2892	2017-06-22 21:11:49	kevinsawicki	2017-07-18 17:18:23	4	2	2	False	True
9826	ccnokes	2017-06-21 22:24:23	ccnokes	2017-06-21 22:24:00	12	6	6	True	True
9824	jkleinsc	2017-06-21 19:04:44	jkleinsc	2017-06-21 18:58:44	80	52	28	True	True
9824	jkleinsc	2017-06-21 19:04:44	jkleinsc	2017-06-21 19:01:55	2	1	1	True	True
9819	ferreus	2017-06-21 12:19:04	ferreus	2017-06-21 12:17:27	16	16	0	True	True
9819	ferreus	2017-06-21 12:19:04	ferreus	2017-07-17 13:52:02	5	3	2	False	True
9814	shubham2892	2017-06-20 20:14:15	alexeykuzmin	2017-06-16 21:09:33	17	8	9	True	True
9814	shubham2892	2017-06-20 20:14:15	alexeykuzmin	2017-06-16 20:54:18	2	1	1	True	True
9814	shubham2892	2017-06-20 20:14:15	alexeykuzmin	2017-06-16 20:59:57	6	3	3	True	True
9814	shubham2892	2017-06-20 20:14:15	alexeykuzmin	2017-06-15 14:28:21	2	1	1	True	True
9814	shubham2892	2017-06-20 20:14:15	alexeykuzmin	2017-06-16 20:42:33	904	453	451	True	True
9814	shubham2892	2017-06-20 20:14:15	alexeykuzmin	2017-06-16 20:46:28	3	0	3	True	True
9814	shubham2892	2017-06-20 20:14:15	alexeykuzmin	2017-06-16 20:50:03	30	15	15	True	True
9814	shubham2892	2017-06-20 20:14:15	alexeykuzmin	2017-06-16 21:48:59	9	4	5	True	True
9814	shubham2892	2017-06-20 20:14:15	alexeykuzmin	2017-06-16 21:00:41	23	13	10	True	True
9814	shubham2892	2017-06-20 20:14:15	tarruda	2017-08-14 17:18:14	5	3	2	False	True
9814	shubham2892	2017-06-20 20:14:15	leo	2017-08-11 23:30:29	18	6	12	False	True
9814	shubham2892	2017-06-20 20:14:15	alexeykuzmin	2017-06-16 21:06:50	4	3	1	True	True
9814	shubham2892	2017-06-20 20:14:15	alexeykuzmin	2017-06-16 21:57:28	10	7	3	True	True
9814	shubham2892	2017-06-20 20:14:15	alexeykuzmin	2017-06-16 21:41:39	3	2	1	True	True
9814	shubham2892	2017-06-20 20:14:15	leo	2017-08-15 09:38:54	19	15	4	False	True
9814	shubham2892	2017-06-20 20:14:15	andens	2017-08-14 18:21:00	59	28	31	False	True
9814	shubham2892	2017-06-20 20:14:15	leo	2017-08-15 09:24:59	2	2	0	False	True
9814	shubham2892	2017-06-20 20:14:15	andens	2017-08-14 16:12:55	78	39	39	False	True
9814	shubham2892	2017-06-20 20:14:15	leo	2017-08-15 09:29:28	2	1	1	False	True
9814	shubham2892	2017-06-20 20:14:15	zeke	2017-08-14 18:33:32	1	1	0	False	True
9814	shubham2892	2017-06-20 20:14:15	leo	2017-08-11 23:24:56	2	1	1	False	True
9814	shubham2892	2017-06-20 20:14:15	leo	2017-08-12 10:48:49	10	7	3	False	True
9814	shubham2892	2017-06-20 20:14:15	leo	2017-08-15 09:27:33	2	2	0	False	True
9814	shubham2892	2017-06-20 20:14:15	leo	2017-08-12 10:44:21	2	1	1	False	True
9814	shubham2892	2017-06-20 20:14:15	renaesop	2017-07-21 07:16:27	38	30	8	False	True
9814	shubham2892	2017-06-20 20:14:15	zeke	2017-08-14 04:19:29	1	0	1	False	True
9814	shubham2892	2017-06-20 20:14:15	zeke	2017-08-14 18:34:44	1	1	0	False	True
9814	shubham2892	2017-06-20 20:14:15	zeke	2017-08-14 20:26:33	52	37	15	False	True
9814	shubham2892	2017-06-20 20:14:15	zcbenz	2017-08-15 10:40:06	169	144	25	False	True
9814	shubham2892	2017-06-20 20:14:15	tarruda	2017-08-11 17:17:55	169	144	25	False	True
9808	Gryff	2017-06-20 14:30:04	Gryff	2017-06-20 14:25:42	4	2	2	True	True
9798	tonyganch	2017-06-19 12:38:34	tonyganch	2017-06-19 12:34:37	4	1	3	True	True
9788	shubham2892	2017-06-18 00:54:36	kevinsawicki	2017-07-14 18:49:40	4	1	3	False	True
9788	shubham2892	2017-06-18 00:54:36	kevinsawicki	2017-07-14 18:48:10	21	10	11	False	True
9788	shubham2892	2017-06-18 00:54:36	shubham2892	2017-06-26 20:58:45	8	4	4	False	True
9788	shubham2892	2017-06-18 00:54:36	shubham2892	2017-06-18 00:45:29	24	22	2	True	True
9778	lepinay	2017-06-16 12:41:45	lepinay	2017-06-16 12:41:12	6	3	3	True	True
9778	lepinay	2017-06-16 12:41:45	kevinsawicki	2017-06-26 15:35:57	9	5	4	False	True
9772	zeke	2017-06-16 00:28:57	zeke	2017-06-16 00:28:00	9	9	0	True	True
9772	zeke	2017-06-16 00:28:57	zeke	2017-06-16 17:21:24	6	2	4	False	True
9755	Nirmal4G	2017-06-14 11:57:35	Nirmal4G	2017-06-14 11:48:33	2	1	1	True	True
9755	Nirmal4G	2017-06-14 11:57:35	Nirmal4G	2017-06-14 11:47:47	2	1	1	True	True
9755	Nirmal4G	2017-06-14 11:57:35	Nirmal4G	2017-06-14 11:48:13	2	1	1	True	True
9755	Nirmal4G	2017-06-14 11:57:35	Nirmal4G	2017-06-14 11:48:52	2	1	1	True	True
9754	t-hofmann	2017-06-14 10:14:09	t-hofmann	2017-06-14 10:12:30	12	6	6	True	True
9754	t-hofmann	2017-06-14 10:14:09	kevinsawicki	2017-06-26 15:53:29	6	3	3	False	True
9743	MarshallOfSound	2017-06-13 10:32:13	MarshallOfSound	2017-06-13 10:29:54	8	7	1	True	True
9743	MarshallOfSound	2017-06-13 10:32:13	MarshallOfSound	2017-06-16 17:52:19	3	1	2	False	True
9734	igorshevach	2017-06-12 09:20:09	rnd-classroom	2017-06-12 09:18:21	32	25	7	True	True
9725	danielma	2017-06-11 08:50:37	danielma	2017-06-11 08:19:01	62	61	1	True	True
9724	zeke	2017-06-10 19:25:29	zeke	2017-06-10 19:22:27	8	4	4	True	True
9724	zeke	2017-06-10 19:25:29	zeke	2017-06-10 19:22:51	2	1	1	True	True
9724	zeke	2017-06-10 19:25:29	zeke	2017-06-10 19:22:41	3	0	3	True	True
9724	zeke	2017-06-10 19:25:29	zeke	2017-06-10 19:21:53	2	1	1	True	True
9721	brianfajardo	2017-06-09 21:22:35	vanessayuenn	2017-06-13 18:51:55	10	4	6	False	True
9721	brianfajardo	2017-06-09 21:22:35	brianfajardo	2017-06-09 21:13:57	2	2	0	True	True
9716	dakira	2017-06-09 13:31:41	dakira	2017-06-09 13:22:18	4	2	2	True	True
9716	dakira	2017-06-09 13:31:41	vanessayuenn	2017-06-09 21:45:47	2	1	1	False	True
9703	MarshallOfSound	2017-06-08 13:04:05	zeke	2017-06-08 17:09:40	4	1	3	False	True
9703	MarshallOfSound	2017-06-08 13:04:05	MarshallOfSound	2017-06-08 13:03:57	2	1	1	True	True
9700	brenca	2017-06-08 09:12:54	brenca	2017-06-08 07:57:24	18	9	9	True	True
9700	brenca	2017-06-08 09:12:54	brenca	2017-06-13 22:49:11	3	0	3	False	True
9700	brenca	2017-06-08 09:12:54	brenca	2017-06-08 00:13:49	244	210	34	True	True
9700	brenca	2017-06-08 09:12:54	brenca	2017-06-08 00:12:52	3	3	0	True	True
9695	shubham2892	2017-06-07 16:50:36	shubham2892	2017-06-07 16:28:50	26	26	0	True	True
9695	shubham2892	2017-06-07 16:50:36	kevinsawicki	2017-07-14 17:07:06	6	3	3	False	True
9695	shubham2892	2017-06-07 16:50:36	shubham2892	2017-06-15 22:05:58	2	1	1	False	True
9695	shubham2892	2017-06-07 16:50:36	shubham2892	2017-06-07 23:01:06	2	1	1	False	True
9648	develar	2017-06-01 16:03:16	develar	2017-06-03 18:36:59	170	152	18	False	True
9648	develar	2017-06-01 16:03:16	develar	2017-06-01 14:41:34	157	154	3	True	True
9645	dharders	2017-06-01 06:10:09	dharders	2017-06-14 00:55:55	2	1	1	False	True
9645	dharders	2017-06-01 06:10:09	dharders	2017-06-01 04:56:35	35	35	0	True	True
9645	dharders	2017-06-01 06:10:09	dharders	2017-06-01 04:38:51	12	12	0	True	True
9645	dharders	2017-06-01 06:10:09	dharders	2017-06-14 00:50:15	6	3	3	False	True
9645	dharders	2017-06-01 06:10:09	dharders	2017-06-14 00:47:15	9	3	6	False	True
9644	juturu	2017-06-01 06:02:48	kevinsawicki	2017-06-28 15:37:56	4	2	2	False	True
9644	juturu	2017-06-01 06:02:48	kevinsawicki	2017-06-26 21:15:26	2	0	2	False	True
9644	juturu	2017-06-01 06:02:48	juturu	2017-06-14 01:45:24	5	4	1	False	True
9644	juturu	2017-06-01 06:02:48	juturu	2017-06-26 21:13:41	34	33	1	False	True
9644	juturu	2017-06-01 06:02:48	kevinsawicki	2017-06-26 21:14:19	3	1	2	False	True
9644	juturu	2017-06-01 06:02:48	juturu	2017-06-26 23:20:12	7	6	1	False	True
9644	juturu	2017-06-01 06:02:48	kevinsawicki	2017-06-28 15:33:06	96	58	38	False	True
9644	juturu	2017-06-01 06:02:48	kevinsawicki	2017-06-28 15:35:17	1	0	1	False	True
9644	juturu	2017-06-01 06:02:48	juturu	2017-06-19 18:21:31	2	2	0	False	True
9644	juturu	2017-06-01 06:02:48	juturu	2017-06-01 06:01:14	17	9	8	True	True
9644	juturu	2017-06-01 06:02:48	juturu	2017-06-09 06:46:37	2	1	1	False	True
9644	juturu	2017-06-01 06:02:48	juturu	2017-06-19 15:03:02	21	10	11	False	True
9644	juturu	2017-06-01 06:02:48	juturu	2017-06-19 14:46:14	38	15	23	False	True
9644	juturu	2017-06-01 06:02:48	juturu	2017-06-16 22:34:11	112	112	0	False	True
9644	juturu	2017-06-01 06:02:48	juturu	2017-06-09 06:39:53	6	3	3	False	True
9644	juturu	2017-06-01 06:02:48	juturu	2017-06-09 06:31:58	3	1	2	False	True
9644	juturu	2017-06-01 06:02:48	juturu	2017-06-09 06:29:35	30	18	12	False	True
9644	juturu	2017-06-01 06:02:48	juturu	2017-06-01 06:20:13	6	3	3	False	True
9644	juturu	2017-06-01 06:02:48	kevinsawicki	2017-06-26 21:12:03	125	51	74	False	True
9644	juturu	2017-06-01 06:02:48	kevinsawicki	2017-06-28 15:36:29	4	2	2	False	True
9644	juturu	2017-06-01 06:02:48	kevinsawicki	2017-06-28 16:27:19	78	61	17	False	True
9644	juturu	2017-06-01 06:02:48	kevinsawicki	2017-06-26 20:52:19	8	7	1	False	True
9644	juturu	2017-06-01 06:02:48	kevinsawicki	2017-06-28 16:58:23	33	20	13	False	True
