pr_number	author_user_login	pr_created_at	commit_user_login	commit_created_at	commit_status_total	commit_status_additions	commit_status_deletions	create_before_pr	is_review_commit
6298	jhen0409	2016-06-30 07:50:18	jhen0409	2016-07-01 15:05:00	13	8	5	False	True
6298	jhen0409	2016-06-30 07:50:18	jhen0409	2016-06-30 07:45:03	13	9	4	True	True
6243	jnugh	2016-06-26 00:35:31	jnugh	2016-06-26 00:00:41	6	3	3	True	True
6243	jnugh	2016-06-26 00:35:31	jnugh	2016-06-29 17:23:56	17	11	6	False	True
6243	jnugh	2016-06-26 00:35:31	jnugh	2016-06-29 17:47:20	33	33	0	False	True
6243	jnugh	2016-06-26 00:35:31	jnugh	2016-06-25 23:55:24	42	41	1	True	True
6243	jnugh	2016-06-26 00:35:31	jnugh	2016-06-29 17:23:00	2	2	0	False	True
6243	jnugh	2016-06-26 00:35:31	jnugh	2016-06-26 09:48:58	27	20	7	False	True
6243	jnugh	2016-06-26 00:35:31	jnugh	2016-06-26 00:10:27	11	11	0	True	True
6225	miniak	2016-06-24 15:50:06	miniak	2016-06-24 12:26:05	18	18	0	True	True
6190	kevinsawicki	2016-06-22 21:09:02	kevinsawicki	2016-06-22 21:22:15	4	4	0	False	True
6190	kevinsawicki	2016-06-22 21:09:02	kevinsawicki	2016-06-22 21:14:32	28	14	14	False	True
6190	kevinsawicki	2016-06-22 21:09:02	kevinsawicki	2016-06-22 21:37:16	39	2	37	False	True
6190	kevinsawicki	2016-06-22 21:09:02	kevinsawicki	2016-06-22 23:56:45	2	1	1	False	True
6190	kevinsawicki	2016-06-22 21:09:02	kevinsawicki	2016-06-22 21:02:31	2	1	1	True	True
6190	kevinsawicki	2016-06-22 21:09:02	kevinsawicki	2016-06-22 22:26:17	33	18	15	False	True
6190	kevinsawicki	2016-06-22 21:09:02	kevinsawicki	2016-06-22 21:13:12	4	2	2	False	True
6190	kevinsawicki	2016-06-22 21:09:02	kevinsawicki	2016-06-22 21:07:46	24	24	0	True	True
6190	kevinsawicki	2016-06-22 21:09:02	kevinsawicki	2016-06-22 22:35:58	10	5	5	False	True
6190	kevinsawicki	2016-06-22 21:09:02	kevinsawicki	2016-06-22 21:10:38	3	3	0	False	True
6190	kevinsawicki	2016-06-22 21:09:02	kevinsawicki	2016-06-22 17:29:49	66	66	0	True	True
6190	kevinsawicki	2016-06-22 21:09:02	kevinsawicki	2016-06-22 20:09:39	45	29	16	True	True
6190	kevinsawicki	2016-06-22 21:09:02	kevinsawicki	2016-06-22 20:59:49	1	1	0	True	True
6190	kevinsawicki	2016-06-22 21:09:02	kevinsawicki	2016-06-22 17:45:01	20	17	3	True	True
6190	kevinsawicki	2016-06-22 21:09:02	kevinsawicki	2016-06-22 22:21:45	18	8	10	False	True
6190	kevinsawicki	2016-06-22 21:09:02	kevinsawicki	2016-06-22 17:46:17	22	0	22	True	True
6190	kevinsawicki	2016-06-22 21:09:02	kevinsawicki	2016-06-22 17:47:25	8	6	2	True	True
6190	kevinsawicki	2016-06-22 21:09:02	kevinsawicki	2016-06-22 20:15:20	120	60	60	True	True
6190	kevinsawicki	2016-06-22 21:09:02	kevinsawicki	2016-06-22 20:48:26	106	50	56	True	True
6180	jhen0409	2016-06-22 11:55:18	jhen0409	2016-06-22 11:47:07	8	7	1	True	True
6173	arifcakiroglu	2016-06-22 07:12:13	arifcakiroglu	2016-06-22 07:11:13	2	1	1	True	True
6173	arifcakiroglu	2016-06-22 07:12:13	arifcakiroglu	2016-06-22 08:02:14	1	1	0	False	True
6164	brenca	2016-06-21 11:48:07	brenca	2016-06-21 11:35:30	11	9	2	True	True
6164	brenca	2016-06-21 11:48:07	brenca	2016-06-21 00:15:39	54	38	16	True	True
6164	brenca	2016-06-21 11:48:07	brenca	2016-06-25 16:23:40	98	66	32	False	True
6164	brenca	2016-06-21 11:48:07	brenca	2016-06-21 12:32:22	4	2	2	False	True
6154	kevinsawicki	2016-06-21 00:12:36	kevinsawicki	2016-06-21 00:03:59	1	1	0	True	True
6154	kevinsawicki	2016-06-21 00:12:36	kevinsawicki	2016-06-21 00:03:48	13	10	3	True	True
6154	kevinsawicki	2016-06-21 00:12:36	kevinsawicki	2016-06-21 00:04:03	2	1	1	True	True
6154	kevinsawicki	2016-06-21 00:12:36	kevinsawicki	2016-06-21 16:07:56	2	1	1	False	True
6154	kevinsawicki	2016-06-21 00:12:36	kevinsawicki	2016-06-21 00:14:16	14	6	8	False	True
6154	kevinsawicki	2016-06-21 00:12:36	kevinsawicki	2016-06-21 00:16:34	15	8	7	False	True
6154	kevinsawicki	2016-06-21 00:12:36	kevinsawicki	2016-06-21 00:08:45	12	12	0	True	True
6154	kevinsawicki	2016-06-21 00:12:36	kevinsawicki	2016-06-21 00:20:57	1	1	0	False	True
6111	zeke	2016-06-17 19:36:45	zeke	2016-06-23 17:36:16	36	19	17	False	True
6111	zeke	2016-06-17 19:36:45	zeke	2016-06-20 15:30:09	58	29	29	False	True
6111	zeke	2016-06-17 19:36:45	zeke	2016-06-17 19:26:08	18	7	11	True	True
6111	zeke	2016-06-17 19:36:45	zeke	2016-06-17 19:33:50	8	8	0	True	True
6111	zeke	2016-06-17 19:36:45	zeke	2016-06-17 19:16:15	220	110	110	True	True
6111	zeke	2016-06-17 19:36:45	zeke	2016-06-17 21:01:33	4	2	2	False	True
6111	zeke	2016-06-17 19:36:45	zeke	2016-06-20 23:51:31	2	1	1	False	True
6111	zeke	2016-06-17 19:36:45	zeke	2016-06-22 05:56:51	4	2	2	False	True
6111	zeke	2016-06-17 19:36:45	zeke	2016-06-21 18:05:34	36	18	18	False	True
6111	zeke	2016-06-17 19:36:45	zeke	2016-06-22 06:02:01	4	2	2	False	True
6111	zeke	2016-06-17 19:36:45	zeke	2016-06-23 21:13:03	2	1	1	False	True
6111	zeke	2016-06-17 19:36:45	zeke	2016-06-21 17:00:55	148	74	74	False	True
6111	zeke	2016-06-17 19:36:45	zeke	2016-06-22 05:55:26	2	1	1	False	True
6110	danhp	2016-06-17 18:12:25	danhp	2016-06-17 18:02:01	10	6	4	True	True
6099	kyo4311	2016-06-17 03:06:56	kyo4311	2016-06-17 03:06:39	10	10	0	True	True
6068	kevinsawicki	2016-06-15 21:01:27	kevinsawicki	2016-06-17 17:02:35	1	0	1	False	True
6068	kevinsawicki	2016-06-15 21:01:27	kevinsawicki	2016-06-17 18:38:39	2	1	1	False	True
6068	kevinsawicki	2016-06-15 21:01:27	kevinsawicki	2016-06-17 18:31:18	3	1	2	False	True
6068	kevinsawicki	2016-06-15 21:01:27	kevinsawicki	2016-06-17 23:23:54	3	2	1	False	True
6068	kevinsawicki	2016-06-15 21:01:27	kevinsawicki	2016-06-17 17:27:53	6	3	3	False	True
6068	kevinsawicki	2016-06-15 21:01:27	kevinsawicki	2016-06-17 17:58:04	62	19	43	False	True
6068	kevinsawicki	2016-06-15 21:01:27	zcbenz	2016-06-19 11:16:19	6	5	1	False	True
6068	kevinsawicki	2016-06-15 21:01:27	kevinsawicki	2016-06-17 18:13:28	7	2	5	False	True
6068	kevinsawicki	2016-06-15 21:01:27	kevinsawicki	2016-06-16 16:30:13	3	1	2	False	True
6068	kevinsawicki	2016-06-15 21:01:27	kevinsawicki	2016-06-15 20:55:19	77	53	24	True	True
6068	kevinsawicki	2016-06-15 21:01:27	kevinsawicki	2016-06-15 23:11:59	1	0	1	False	True
6068	kevinsawicki	2016-06-15 21:01:27	kevinsawicki	2016-06-16 16:26:32	5	3	2	False	True
6068	kevinsawicki	2016-06-15 21:01:27	kevinsawicki	2016-06-15 21:31:15	18	5	13	False	True
6035	kevinsawicki	2016-06-14 00:05:05	kevinsawicki	2016-06-14 00:08:19	2	0	2	False	True
6035	kevinsawicki	2016-06-14 00:05:05	kevinsawicki	2016-06-14 00:01:13	28	16	12	True	True
6035	kevinsawicki	2016-06-14 00:05:05	kevinsawicki	2016-06-14 22:39:07	8	4	4	False	True
6035	kevinsawicki	2016-06-14 00:05:05	kevinsawicki	2016-06-14 17:05:25	25	9	16	False	True
6035	kevinsawicki	2016-06-14 00:05:05	kevinsawicki	2016-06-14 16:23:03	26	18	8	False	True
6035	kevinsawicki	2016-06-14 00:05:05	kevinsawicki	2016-06-14 16:09:54	46	26	20	False	True
6035	kevinsawicki	2016-06-14 00:05:05	kevinsawicki	2016-06-14 16:30:06	9	7	2	False	True
6035	kevinsawicki	2016-06-14 00:05:05	kevinsawicki	2016-06-14 16:32:59	2	1	1	False	True
6035	kevinsawicki	2016-06-14 00:05:05	kevinsawicki	2016-06-14 16:37:55	4	3	1	False	True
6035	kevinsawicki	2016-06-14 00:05:05	kevinsawicki	2016-06-14 16:27:36	24	19	5	False	True
5974	jlord	2016-06-09 23:37:35	jlord	2016-06-09 23:39:24	6	3	3	False	True
5974	jlord	2016-06-09 23:37:35	jlord	2016-06-09 23:35:00	789	601	188	True	True
5974	jlord	2016-06-09 23:37:35	jlord	2016-06-09 21:14:14	67	61	6	True	True
5974	jlord	2016-06-09 23:37:35	jlord	2016-06-09 23:26:25	2	1	1	True	True
5974	jlord	2016-06-09 23:37:35	jlord	2016-06-09 21:14:20	18	14	4	True	True
5974	jlord	2016-06-09 23:37:35	jlord	2016-06-10 16:59:47	1	0	1	False	True
5974	jlord	2016-06-09 23:37:35	jlord	2016-06-09 23:26:42	35	18	17	True	True
5974	jlord	2016-06-09 23:37:35	jlord	2016-06-09 23:39:42	2	1	1	False	True
5966	felixrieseberg	2016-06-09 18:28:23	felixrieseberg	2016-06-09 18:21:20	92	55	37	True	True
5923	kevinsawicki	2016-06-07 23:35:39	kevinsawicki	2016-06-07 23:24:05	2	1	1	True	True
5923	kevinsawicki	2016-06-07 23:35:39	kevinsawicki	2016-06-07 20:59:30	9	5	4	True	True
5923	kevinsawicki	2016-06-07 23:35:39	kevinsawicki	2016-06-07 20:42:42	11	11	0	True	True
5923	kevinsawicki	2016-06-07 23:35:39	kevinsawicki	2016-06-07 20:49:31	12	11	1	True	True
5923	kevinsawicki	2016-06-07 23:35:39	kevinsawicki	2016-06-07 20:56:33	4	4	0	True	True
5923	kevinsawicki	2016-06-07 23:35:39	kevinsawicki	2016-06-07 23:23:09	1	1	0	True	True
5923	kevinsawicki	2016-06-07 23:35:39	kevinsawicki	2016-06-07 23:26:53	6	3	3	True	True
5923	kevinsawicki	2016-06-07 23:35:39	kevinsawicki	2016-06-07 23:35:23	2	1	1	True	True
5923	kevinsawicki	2016-06-07 23:35:39	kevinsawicki	2016-06-07 20:55:44	5	2	3	True	True
5923	kevinsawicki	2016-06-07 23:35:39	kevinsawicki	2016-06-07 20:57:54	14	12	2	True	True
5921	kevinsawicki	2016-06-07 20:18:56	kevinsawicki	2016-06-07 20:13:49	3	2	1	True	True
5921	kevinsawicki	2016-06-07 20:18:56	kevinsawicki	2016-06-08 17:21:28	2	0	2	False	True
5921	kevinsawicki	2016-06-07 20:18:56	kevinsawicki	2016-06-07 20:20:06	2	1	1	False	True
5921	kevinsawicki	2016-06-07 20:18:56	kevinsawicki	2016-06-07 20:17:41	4	4	0	True	True
5921	kevinsawicki	2016-06-07 20:18:56	kevinsawicki	2016-06-08 17:19:28	36	3	33	False	True
5921	kevinsawicki	2016-06-07 20:18:56	kevinsawicki	2016-06-07 20:12:24	2	2	0	True	True
5921	kevinsawicki	2016-06-07 20:18:56	kevinsawicki	2016-06-07 20:09:54	6	5	1	True	True
5921	kevinsawicki	2016-06-07 20:18:56	kevinsawicki	2016-06-02 17:12:38	15	14	1	True	True
5913	kevinsawicki	2016-06-07 17:07:10	kevinsawicki	2016-06-07 16:50:06	50	50	0	True	True
5913	kevinsawicki	2016-06-07 17:07:10	kevinsawicki	2016-06-07 17:38:01	6	5	1	False	True
5913	kevinsawicki	2016-06-07 17:07:10	kevinsawicki	2016-06-08 19:00:03	1	1	0	False	True
5913	kevinsawicki	2016-06-07 17:07:10	kevinsawicki	2016-06-08 18:45:03	4	2	2	False	True
5913	kevinsawicki	2016-06-07 17:07:10	kevinsawicki	2016-06-08 18:41:14	16	15	1	False	True
5913	kevinsawicki	2016-06-07 17:07:10	kevinsawicki	2016-06-08 18:15:41	45	18	27	False	True
5913	kevinsawicki	2016-06-07 17:07:10	kevinsawicki	2016-06-07 18:02:57	4	2	2	False	True
5913	kevinsawicki	2016-06-07 17:07:10	kevinsawicki	2016-06-07 17:34:17	2	1	1	False	True
5913	kevinsawicki	2016-06-07 17:07:10	kevinsawicki	2016-06-07 17:11:47	4	1	3	False	True
5913	kevinsawicki	2016-06-07 17:07:10	kevinsawicki	2016-06-07 17:10:56	6	3	3	False	True
5913	kevinsawicki	2016-06-07 17:07:10	kevinsawicki	2016-06-07 16:50:36	20	15	5	True	True
5913	kevinsawicki	2016-06-07 17:07:10	kevinsawicki	2016-06-07 18:00:58	23	12	11	False	True
5913	kevinsawicki	2016-06-07 17:07:10	kevinsawicki	2016-06-07 17:52:03	7	5	2	False	True
5911	mafintosh	2016-06-07 12:47:18	mafintosh	2016-06-07 12:45:38	11	9	2	True	True
5904	deepak1556	2016-06-07 07:36:19	deepak1556	2016-06-09 05:08:45	44	19	25	False	True
5904	deepak1556	2016-06-07 07:36:19	deepak1556	2016-06-08 13:52:21	103	59	44	False	True
5904	deepak1556	2016-06-07 07:36:19	deepak1556	2016-06-08 12:34:03	7	5	2	False	True
5904	deepak1556	2016-06-07 07:36:19	deepak1556	2016-06-08 14:31:27	87	74	13	False	True
5904	deepak1556	2016-06-07 07:36:19	deepak1556	2016-06-08 16:10:39	14	9	5	False	True
5904	deepak1556	2016-06-07 07:36:19	deepak1556	2016-06-08 16:34:41	44	41	3	False	True
5904	deepak1556	2016-06-07 07:36:19	deepak1556	2016-06-08 15:48:32	21	21	0	False	True
5879	miniak	2016-06-05 22:40:52	miniak	2016-06-10 13:55:42	103	70	33	False	True
5859	felixrieseberg	2016-06-03 21:31:50	felixrieseberg	2016-06-03 21:30:55	8	7	1	True	True
5841	envygeeks	2016-06-03 01:13:08	envygeeks	2016-06-03 01:12:58	6	5	1	True	True
5832	wolfgang42	2016-06-01 21:23:23	wolfgang42	2016-06-01 21:22:51	5	5	0	True	True
