pr_number	author_user_login	pr_created_at	review_user_login	review_created_at	filename	create_before_pr	has_issue_comment	has_review_comment	has_commit
864	igorklopov	2014-11-25 18:28:23	anaisbetts	2014-11-25 21:13:39	script/compile-coffee.py	True	True	True	True
864	igorklopov	2014-11-25 18:28:23	anaisbetts	2014-11-25 21:13:39	script/compile-coffee.py	False	True	True	True
864	igorklopov	2014-11-25 18:28:23	anaisbetts	2014-11-25 18:45:19	script/compile-coffee.py	True	True	True	True
864	igorklopov	2014-11-25 18:28:23	anaisbetts	2014-11-25 18:45:19	script/compile-coffee.py	False	True	True	True
826	statico	2014-11-14 03:12:13	anaisbetts	2014-11-14 03:28:05	docs/development/build-instructions-windows.md	True	True	True	True
815	frankhale	2014-11-12 05:55:13	zcbenz	2014-11-12 06:09:56	atom/browser/lib/guest-view-manager.coffee	False	True	True	True
815	frankhale	2014-11-12 05:55:13	zcbenz	2014-11-12 06:09:56	atom/browser/native_window_views.cc	False	True	True	True
815	frankhale	2014-11-12 05:55:13	zcbenz	2014-11-12 06:09:56	atom/browser/api/atom_api_web_contents.cc	False	True	True	True
815	frankhale	2014-11-12 05:55:13	zcbenz	2014-11-12 06:09:56	atom/browser/api/atom_api_web_contents.h	False	True	True	True
815	frankhale	2014-11-12 05:55:13	zcbenz	2014-11-12 06:09:56	atom/browser/api/lib/browser-window.coffee	False	True	True	True
815	frankhale	2014-11-12 05:55:13	zcbenz	2014-11-12 06:09:56	atom/browser/api/lib/web-contents.coffee	False	True	True	True
815	frankhale	2014-11-12 05:55:13	zcbenz	2014-11-12 06:09:56	atom/renderer/lib/web-view.coffee	False	True	True	True
815	frankhale	2014-11-12 05:55:13	zcbenz	2014-11-12 06:09:56	docs/api/web-view-tag.md	False	True	True	True
815	frankhale	2014-11-12 05:55:13	zcbenz	2014-11-12 06:09:56	spec/fixtures/pages/referrer.html	False	True	True	True
815	frankhale	2014-11-12 05:55:13	zcbenz	2014-11-12 06:09:56	spec/webview-spec.coffee	False	True	True	True
815	frankhale	2014-11-12 05:55:13	zcbenz	2014-11-12 06:09:56	atom/browser/native_window_views.cc	True	True	True	True
801	frankhale	2014-11-08 03:15:11	zcbenz	2014-11-10 06:01:31	atom/browser/lib/guest-window-manager.coffee	True	True	True	True
801	frankhale	2014-11-08 03:15:11	zcbenz	2014-11-10 06:08:00	script/upload.py	False	True	True	True
801	frankhale	2014-11-08 03:15:11	zcbenz	2014-11-10 06:08:00	spec/api-crash-reporter-spec.coffee	False	True	True	True
801	frankhale	2014-11-08 03:15:11	zcbenz	2014-11-10 06:08:00	atom/browser/api/atom_api_web_contents.cc	False	True	True	True
801	frankhale	2014-11-08 03:15:11	zcbenz	2014-11-10 06:08:00	atom/browser/api/lib/web-contents.coffee	False	True	True	True
801	frankhale	2014-11-08 03:15:11	zcbenz	2014-11-10 06:01:31	atom/browser/api/atom_api_web_contents.cc	True	True	True	True
801	frankhale	2014-11-08 03:15:11	zcbenz	2014-11-10 06:01:31	atom/browser/api/lib/browser-window.coffee	True	True	True	True
801	frankhale	2014-11-08 03:15:11	zcbenz	2014-11-10 06:08:00	script/upload-windows-pdb.py	False	True	True	True
801	frankhale	2014-11-08 03:15:11	zcbenz	2014-11-10 06:01:31	atom/renderer/lib/web-view.coffee	True	True	True	True
801	frankhale	2014-11-08 03:15:11	zcbenz	2014-11-10 06:01:31	atom/browser/native_window_views.cc	True	True	True	True
801	frankhale	2014-11-08 03:15:11	zcbenz	2014-11-10 06:01:31	atom/browser/api/atom_api_web_contents.h	True	True	True	True
801	frankhale	2014-11-08 03:15:11	zcbenz	2014-11-10 06:01:31	atom/browser/lib/guest-view-manager.coffee	True	True	True	True
801	frankhale	2014-11-08 03:15:11	zcbenz	2014-11-10 06:01:31	atom/common/api/lib/crash-reporter.coffee	False	True	True	True
801	frankhale	2014-11-08 03:15:11	zcbenz	2014-11-10 06:01:31	atom/common/crash_reporter/crash_reporter_linux.cc	False	True	True	True
801	frankhale	2014-11-08 03:15:11	zcbenz	2014-11-10 06:01:31	atom/common/crash_reporter/crash_reporter_linux.h	False	True	True	True
801	frankhale	2014-11-08 03:15:11	zcbenz	2014-11-10 06:08:00	docs/development/setting-up-symbol-server.md	False	True	True	True
801	frankhale	2014-11-08 03:15:11	zcbenz	2014-11-10 06:08:00	script/lib/util.py	False	True	True	True
801	frankhale	2014-11-08 03:15:11	zcbenz	2014-11-10 06:08:00	atom/browser/lib/guest-window-manager.coffee	True	True	True	True
801	frankhale	2014-11-08 03:15:11	zcbenz	2014-11-10 06:08:00	docs/api/crash-reporter.md	False	True	True	True
801	frankhale	2014-11-08 03:15:11	zcbenz	2014-11-10 06:08:00	atom/browser/lib/guest-view-manager.coffee	True	True	True	True
801	frankhale	2014-11-08 03:15:11	zcbenz	2014-11-10 06:08:00	atom/browser/api/atom_api_web_contents.cc	True	True	True	True
801	frankhale	2014-11-08 03:15:11	zcbenz	2014-11-10 06:08:00	atom/browser/api/lib/browser-window.coffee	True	True	True	True
801	frankhale	2014-11-08 03:15:11	zcbenz	2014-11-10 06:01:31	atom/common/crash_reporter/linux/crash_dump_handler.h	False	True	True	True
801	frankhale	2014-11-08 03:15:11	zcbenz	2014-11-10 06:08:00	atom/renderer/lib/web-view.coffee	True	True	True	True
801	frankhale	2014-11-08 03:15:11	zcbenz	2014-11-10 06:08:00	atom/browser/native_window_views.cc	True	True	True	True
801	frankhale	2014-11-08 03:15:11	zcbenz	2014-11-10 06:08:00	atom/browser/api/atom_api_web_contents.h	True	True	True	True
801	frankhale	2014-11-08 03:15:11	zcbenz	2014-11-10 06:08:00	atom/common/api/lib/crash-reporter.coffee	False	True	True	True
801	frankhale	2014-11-08 03:15:11	zcbenz	2014-11-10 06:08:00	docs/api/chrome-command-line-switches.md	False	True	True	True
801	frankhale	2014-11-08 03:15:11	zcbenz	2014-11-10 06:08:00	atom/common/crash_reporter/crash_reporter_linux.cc	False	True	True	True
801	frankhale	2014-11-08 03:15:11	zcbenz	2014-11-10 06:08:00	atom/common/crash_reporter/crash_reporter_linux.h	False	True	True	True
801	frankhale	2014-11-08 03:15:11	zcbenz	2014-11-10 06:08:00	atom/common/crash_reporter/linux/crash_dump_handler.cc	False	True	True	True
801	frankhale	2014-11-08 03:15:11	zcbenz	2014-11-10 06:08:00	atom/common/crash_reporter/linux/crash_dump_handler.h	False	True	True	True
801	frankhale	2014-11-08 03:15:11	zcbenz	2014-11-10 06:08:00	atom/common/crash_reporter/win/crash_service.cc	False	True	True	True
801	frankhale	2014-11-08 03:15:11	zcbenz	2014-11-10 06:08:00	docs/README.md	False	True	True	True
801	frankhale	2014-11-08 03:15:11	zcbenz	2014-11-10 06:01:31	atom/common/crash_reporter/linux/crash_dump_handler.cc	False	True	True	True
801	frankhale	2014-11-08 03:15:11	zcbenz	2014-11-10 06:01:31	script/upload-windows-pdb.py	False	True	True	True
801	frankhale	2014-11-08 03:15:11	zcbenz	2014-11-10 06:01:31	atom/common/crash_reporter/win/crash_service.cc	False	True	True	True
801	frankhale	2014-11-08 03:15:11	zcbenz	2014-11-10 06:01:28	docs/api/crash-reporter.md	False	True	True	True
801	frankhale	2014-11-08 03:15:11	zcbenz	2014-11-10 06:01:28	atom/common/crash_reporter/crash_reporter_linux.h	False	True	True	True
801	frankhale	2014-11-08 03:15:11	zcbenz	2014-11-10 06:01:28	atom/common/crash_reporter/linux/crash_dump_handler.cc	False	True	True	True
801	frankhale	2014-11-08 03:15:11	zcbenz	2014-11-10 06:01:28	atom/common/crash_reporter/linux/crash_dump_handler.h	False	True	True	True
801	frankhale	2014-11-08 03:15:11	zcbenz	2014-11-10 06:01:28	atom/common/crash_reporter/win/crash_service.cc	False	True	True	True
801	frankhale	2014-11-08 03:15:11	zcbenz	2014-11-10 06:01:31	docs/README.md	False	True	True	True
801	frankhale	2014-11-08 03:15:11	zcbenz	2014-11-10 06:01:28	docs/api/chrome-command-line-switches.md	False	True	True	True
801	frankhale	2014-11-08 03:15:11	zcbenz	2014-11-10 06:01:28	docs/development/setting-up-symbol-server.md	False	True	True	True
801	frankhale	2014-11-08 03:15:11	zcbenz	2014-11-10 06:01:28	atom/common/api/lib/crash-reporter.coffee	False	True	True	True
801	frankhale	2014-11-08 03:15:11	zcbenz	2014-11-10 06:01:28	script/lib/util.py	False	True	True	True
801	frankhale	2014-11-08 03:15:11	zcbenz	2014-11-10 06:01:28	script/upload-windows-pdb.py	False	True	True	True
801	frankhale	2014-11-08 03:15:11	zcbenz	2014-11-10 06:01:28	script/upload.py	False	True	True	True
801	frankhale	2014-11-08 03:15:11	zcbenz	2014-11-10 06:01:28	spec/api-crash-reporter-spec.coffee	False	True	True	True
801	frankhale	2014-11-08 03:15:11	zcbenz	2014-11-10 06:01:28	atom/browser/api/atom_api_web_contents.cc	False	True	True	True
801	frankhale	2014-11-08 03:15:11	zcbenz	2014-11-10 06:01:28	atom/browser/api/lib/web-contents.coffee	False	True	True	True
801	frankhale	2014-11-08 03:15:11	zcbenz	2014-11-10 06:01:28	atom/common/crash_reporter/crash_reporter_linux.cc	False	True	True	True
801	frankhale	2014-11-08 03:15:11	zcbenz	2014-11-10 06:01:28	docs/README.md	False	True	True	True
801	frankhale	2014-11-08 03:15:11	zcbenz	2014-11-10 06:01:28	atom/browser/lib/guest-view-manager.coffee	True	True	True	True
801	frankhale	2014-11-08 03:15:11	zcbenz	2014-11-10 06:01:31	atom/browser/api/atom_api_web_contents.cc	False	True	True	True
801	frankhale	2014-11-08 03:15:11	zcbenz	2014-11-10 06:01:28	atom/browser/api/atom_api_web_contents.h	True	True	True	True
801	frankhale	2014-11-08 03:15:11	zcbenz	2014-11-10 06:01:31	docs/api/crash-reporter.md	False	True	True	True
801	frankhale	2014-11-08 03:15:11	zcbenz	2014-11-10 06:01:31	docs/development/setting-up-symbol-server.md	False	True	True	True
801	frankhale	2014-11-08 03:15:11	zcbenz	2014-11-10 06:01:31	script/lib/util.py	False	True	True	True
801	frankhale	2014-11-08 03:15:11	zcbenz	2014-11-10 06:01:31	script/upload.py	False	True	True	True
801	frankhale	2014-11-08 03:15:11	zcbenz	2014-11-10 06:01:31	spec/api-crash-reporter-spec.coffee	False	True	True	True
801	frankhale	2014-11-08 03:15:11	zcbenz	2014-11-10 06:01:31	docs/api/chrome-command-line-switches.md	False	True	True	True
801	frankhale	2014-11-08 03:15:11	zcbenz	2014-11-10 06:01:31	atom/browser/api/lib/web-contents.coffee	False	True	True	True
801	frankhale	2014-11-08 03:15:11	zcbenz	2014-11-10 06:01:28	atom/browser/api/lib/browser-window.coffee	True	True	True	True
801	frankhale	2014-11-08 03:15:11	zcbenz	2014-11-10 06:01:28	atom/browser/lib/guest-window-manager.coffee	True	True	True	True
801	frankhale	2014-11-08 03:15:11	zcbenz	2014-11-10 06:01:28	atom/renderer/lib/web-view.coffee	True	True	True	True
801	frankhale	2014-11-08 03:15:11	zcbenz	2014-11-10 06:01:28	atom/browser/native_window_views.cc	True	True	True	True
801	frankhale	2014-11-08 03:15:11	zcbenz	2014-11-10 06:01:28	atom/browser/api/atom_api_web_contents.cc	True	True	True	True
800	frankhale	2014-11-07 18:14:03	zcbenz	2014-11-10 05:40:43	docs/api/chrome-command-line-switches.md	False	True	True	True
800	frankhale	2014-11-07 18:14:03	zcbenz	2014-11-10 05:40:43	spec/api-crash-reporter-spec.coffee	False	True	True	True
800	frankhale	2014-11-07 18:14:03	zcbenz	2014-11-10 05:40:43	script/upload.py	False	True	True	True
800	frankhale	2014-11-07 18:14:03	zcbenz	2014-11-10 05:40:43	script/upload-windows-pdb.py	False	True	True	True
800	frankhale	2014-11-07 18:14:03	zcbenz	2014-11-10 05:40:43	script/lib/util.py	False	True	True	True
800	frankhale	2014-11-07 18:14:03	zcbenz	2014-11-10 05:40:43	docs/development/setting-up-symbol-server.md	False	True	True	True
800	frankhale	2014-11-07 18:14:03	zcbenz	2014-11-10 05:40:43	docs/api/crash-reporter.md	False	True	True	True
800	frankhale	2014-11-07 18:14:03	zcbenz	2014-11-10 05:40:43	atom/common/crash_reporter/linux/crash_dump_handler.h	False	True	True	True
800	frankhale	2014-11-07 18:14:03	zcbenz	2014-11-10 05:40:43	docs/README.md	False	True	True	True
800	frankhale	2014-11-07 18:14:03	zcbenz	2014-11-10 05:40:43	atom/common/crash_reporter/win/crash_service.cc	False	True	True	True
800	frankhale	2014-11-07 18:14:03	zcbenz	2014-11-10 05:40:43	atom/common/crash_reporter/linux/crash_dump_handler.cc	False	True	True	True
800	frankhale	2014-11-07 18:14:03	zcbenz	2014-11-10 05:40:43	atom/common/crash_reporter/crash_reporter_linux.h	False	True	True	True
800	frankhale	2014-11-07 18:14:03	zcbenz	2014-11-10 05:40:43	atom/common/crash_reporter/crash_reporter_linux.cc	False	True	True	True
800	frankhale	2014-11-07 18:14:03	zcbenz	2014-11-10 05:40:43	atom/common/api/lib/crash-reporter.coffee	False	True	True	True
800	frankhale	2014-11-07 18:14:03	spolu	2014-11-07 18:28:49	atom/browser/native_window_views.cc	False	True	True	True
800	frankhale	2014-11-07 18:14:03	zcbenz	2014-11-10 05:40:43	atom/browser/native_window_views.cc	True	True	True	True
800	frankhale	2014-11-07 18:14:03	zcbenz	2014-11-10 05:40:43	atom/browser/native_window_views.cc	False	True	True	True
800	frankhale	2014-11-07 18:14:03	spolu	2014-11-07 18:28:49	atom/common/api/lib/crash-reporter.coffee	False	True	True	True
800	frankhale	2014-11-07 18:14:03	spolu	2014-11-07 18:28:49	docs/api/crash-reporter.md	False	True	True	True
800	frankhale	2014-11-07 18:14:03	spolu	2014-11-07 18:28:49	atom/common/crash_reporter/crash_reporter_linux.cc	False	True	True	True
800	frankhale	2014-11-07 18:14:03	spolu	2014-11-07 18:28:49	atom/browser/native_window_views.cc	True	True	True	True
800	frankhale	2014-11-07 18:14:03	spolu	2014-11-07 18:28:49	spec/api-crash-reporter-spec.coffee	False	True	True	True
800	frankhale	2014-11-07 18:14:03	spolu	2014-11-07 18:28:49	script/upload.py	False	True	True	True
800	frankhale	2014-11-07 18:14:03	spolu	2014-11-07 18:28:49	script/upload-windows-pdb.py	False	True	True	True
800	frankhale	2014-11-07 18:14:03	spolu	2014-11-07 18:28:49	script/lib/util.py	False	True	True	True
800	frankhale	2014-11-07 18:14:03	spolu	2014-11-07 18:28:49	docs/development/setting-up-symbol-server.md	False	True	True	True
800	frankhale	2014-11-07 18:14:03	spolu	2014-11-07 18:28:49	docs/api/chrome-command-line-switches.md	False	True	True	True
800	frankhale	2014-11-07 18:14:03	spolu	2014-11-07 18:28:49	docs/README.md	False	True	True	True
800	frankhale	2014-11-07 18:14:03	spolu	2014-11-07 18:28:49	atom/common/crash_reporter/win/crash_service.cc	False	True	True	True
800	frankhale	2014-11-07 18:14:03	spolu	2014-11-07 18:28:49	atom/common/crash_reporter/linux/crash_dump_handler.h	False	True	True	True
800	frankhale	2014-11-07 18:14:03	spolu	2014-11-07 18:28:49	atom/common/crash_reporter/linux/crash_dump_handler.cc	False	True	True	True
800	frankhale	2014-11-07 18:14:03	spolu	2014-11-07 18:28:49	atom/common/crash_reporter/crash_reporter_linux.h	False	True	True	True
791	brentertz	2014-11-05 14:55:22	kevinsawicki	2014-11-05 17:34:36	docs/tutorial/online-offline-events.md	True	False	True	True
791	brentertz	2014-11-05 14:55:22	kevinsawicki	2014-11-05 17:37:44	docs/README.md	True	False	True	True
791	brentertz	2014-11-05 14:55:22	kevinsawicki	2014-11-05 17:37:44	docs/tutorial/online-offline-events.md	True	False	True	True
791	brentertz	2014-11-05 14:55:22	kevinsawicki	2014-11-05 17:34:36	docs/README.md	True	False	True	True
791	brentertz	2014-11-05 14:55:22	kevinsawicki	2014-11-05 17:37:44	docs/tutorial/online-offline-events.md	False	False	True	True
791	brentertz	2014-11-05 14:55:22	kevinsawicki	2014-11-05 17:34:36	docs/tutorial/online-offline-events.md	False	False	True	True
791	brentertz	2014-11-05 14:55:22	kevinsawicki	2014-11-05 17:33:35	docs/tutorial/online-offline-events.md	True	False	True	True
791	brentertz	2014-11-05 14:55:22	kevinsawicki	2014-11-05 17:33:35	docs/tutorial/online-offline-events.md	False	False	True	True
791	brentertz	2014-11-05 14:55:22	kevinsawicki	2014-11-05 17:33:35	docs/README.md	True	False	True	True
