pr_number	author_user_login	pr_created_at	commit_user_login	commit_created_at	commit_status_total	commit_status_additions	commit_status_deletions	create_before_pr	is_review_commit
22455	samuelmaddock	2020-02-29 23:39:50	samuelmaddock	2020-02-29 20:47:05	188	188	0	True	True
22455	samuelmaddock	2020-02-29 23:39:50	samuelmaddock	2020-02-29 21:00:39	5	4	1	True	True
22455	samuelmaddock	2020-02-29 23:39:50	samuelmaddock	2020-03-03 01:47:03	2	1	1	False	True
22455	samuelmaddock	2020-02-29 23:39:50	samuelmaddock	2020-03-03 01:24:58	6	2	4	False	True
22455	samuelmaddock	2020-02-29 23:39:50	samuelmaddock	2020-03-01 03:47:54	2	1	1	False	True
22455	samuelmaddock	2020-02-29 23:39:50	samuelmaddock	2020-03-01 03:34:06	1	1	0	False	True
22455	samuelmaddock	2020-02-29 23:39:50	samuelmaddock	2020-02-29 23:35:09	80	79	1	True	True
22455	samuelmaddock	2020-02-29 23:39:50	samuelmaddock	2020-02-29 21:48:30	231	231	0	True	True
22449	MarshallOfSound	2020-02-29 00:40:16	MarshallOfSound	2020-03-02 00:35:46	141	140	1	False	True
22445	trop[bot]	2020-02-28 23:10:43	codebytere	2020-02-27 03:15:05	60	53	7	True	True
22441	electron-bot	2020-02-28 13:00:13	electron-bot	2020-02-28 13:00:11	2	1	1	True	True
22441	electron-bot	2020-02-28 13:00:13	electron-bot	2020-02-29 13:00:43	2	1	1	False	True
22436	nornagon	2020-02-27 21:13:27	nornagon	2020-02-27 21:12:38	316	316	0	True	True
22436	nornagon	2020-02-27 21:13:27	nornagon	2020-02-27 21:36:42	8	4	4	False	True
22435	nornagon	2020-02-27 20:56:36	nornagon	2020-02-27 20:54:30	260	260	0	True	True
22435	nornagon	2020-02-27 20:56:36	nornagon	2020-02-27 21:50:27	8	4	4	False	True
22435	nornagon	2020-02-27 20:56:36	nornagon	2020-02-27 20:41:11	56	56	0	True	True
22434	trop[bot]	2020-02-27 20:48:40	MarshallOfSound	2020-02-27 19:48:27	20	20	0	True	True
22431	jkleinsc	2020-02-27 20:12:54	jkleinsc	2020-02-27 20:10:06	928	722	206	True	True
22431	jkleinsc	2020-02-27 20:12:54	jkleinsc	2020-03-03 01:31:43	176	142	34	False	True
22431	jkleinsc	2020-02-27 20:12:54	jkleinsc	2020-03-27 00:45:52	4	3	1	False	True
22429	MarshallOfSound	2020-02-27 20:00:23	MarshallOfSound	2020-02-27 19:48:27	20	20	0	True	True
22428	MarshallOfSound	2020-02-27 19:58:11	MarshallOfSound	2020-02-27 19:48:27	20	20	0	True	True
22428	MarshallOfSound	2020-02-27 19:58:11	MarshallOfSound	2020-02-27 20:45:44	2	1	1	False	True
22426	MarshallOfSound	2020-02-27 19:49:35	MarshallOfSound	2020-02-27 19:48:27	20	20	0	True	True
22425	jkleinsc	2020-02-27 19:46:14	adill	2020-02-27 19:00:07	928	722	206	True	True
22425	jkleinsc	2020-02-27 19:46:14	jkleinsc	2020-03-02 19:01:49	428	352	76	False	True
22424	loc	2020-02-27 18:51:31	loc	2020-02-24 22:56:01	59	59	0	True	True
22424	loc	2020-02-27 18:51:31	loc	2020-02-27 18:51:50	2501	2163	338	False	True
22423	loc	2020-02-27 18:47:43	loc	2020-02-24 22:56:01	59	59	0	True	True
22423	loc	2020-02-27 18:47:43	loc	2020-02-27 18:48:13	735	527	208	False	True
22422	nornagon	2020-02-27 18:47:01	nornagon	2020-02-27 18:46:11	32	32	0	True	True
22421	loc	2020-02-27 18:46:14	loc	2020-02-24 23:50:15	119	119	0	True	True
22420	nornagon	2020-02-27 18:27:48	nornagon	2020-02-27 18:26:06	40	35	5	True	True
22419	nornagon	2020-02-27 18:08:26	nornagon	2020-02-27 19:15:32	106	53	53	False	True
22419	nornagon	2020-02-27 18:08:26	nornagon	2020-02-27 18:06:56	2	1	1	True	True
22418	codebytere	2020-02-27 17:16:08	codebytere	2020-02-27 17:04:38	10	9	1	True	True
22412	codebytere	2020-02-27 07:03:14	codebytere	2020-02-27 06:59:17	13	12	1	True	True
22410	codebytere	2020-02-27 04:15:36	codebytere	2020-02-27 03:15:05	60	53	7	True	True
22407	zcbenz	2020-02-27 01:15:31	zcbenz	2020-02-26 11:51:49	28	25	3	True	True
22407	zcbenz	2020-02-27 01:15:31	zcbenz	2020-02-26 07:49:54	125	107	18	True	True
22404	nornagon	2020-02-27 00:14:18	nornagon	2020-03-05 22:50:59	2	1	1	False	True
22404	nornagon	2020-02-27 00:14:18	nornagon	2020-03-03 23:13:34	3	2	1	False	True
22404	nornagon	2020-02-27 00:14:18	nornagon	2020-03-03 01:12:13	18	18	0	False	True
22404	nornagon	2020-02-27 00:14:18	nornagon	2020-03-03 01:14:17	55	49	6	False	True
22404	nornagon	2020-02-27 00:14:18	nornagon	2020-02-28 22:51:07	236	192	44	False	True
22404	nornagon	2020-02-27 00:14:18	nornagon	2020-02-28 23:26:55	1	1	0	False	True
22404	nornagon	2020-02-27 00:14:18	nornagon	2020-03-03 01:04:00	82	69	13	False	True
22404	nornagon	2020-02-27 00:14:18	nornagon	2020-02-27 01:38:12	8	3	5	False	True
22404	nornagon	2020-02-27 00:14:18	nornagon	2020-02-27 00:58:35	47	26	21	False	True
22404	nornagon	2020-02-27 00:14:18	nornagon	2020-03-03 23:28:41	16	16	0	False	True
22404	nornagon	2020-02-27 00:14:18	nornagon	2020-03-04 00:00:52	66	65	1	False	True
22404	nornagon	2020-02-27 00:14:18	nornagon	2020-03-04 00:01:56	4	4	0	False	True
22404	nornagon	2020-02-27 00:14:18	nornagon	2020-03-04 00:18:09	10	5	5	False	True
22404	nornagon	2020-02-27 00:14:18	nornagon	2020-03-04 19:16:58	6	6	0	False	True
22404	nornagon	2020-02-27 00:14:18	nornagon	2020-03-03 23:12:15	24	16	8	False	True
22404	nornagon	2020-02-27 00:14:18	nornagon	2020-02-28 18:52:49	34	18	16	False	True
22404	nornagon	2020-02-27 00:14:18	nornagon	2020-02-27 01:08:28	70	63	7	False	True
22404	nornagon	2020-02-27 00:14:18	nornagon	2020-02-27 00:55:49	2	1	1	False	True
22404	nornagon	2020-02-27 00:14:18	nornagon	2020-02-27 01:30:38	15	13	2	False	True
22404	nornagon	2020-02-27 00:14:18	nornagon	2020-02-27 00:17:07	3	0	3	False	True
22404	nornagon	2020-02-27 00:14:18	nornagon	2020-02-25 23:11:36	12	0	12	True	True
22404	nornagon	2020-02-27 00:14:18	nornagon	2019-10-25 18:25:06	231	230	1	True	True
22404	nornagon	2020-02-27 00:14:18	nornagon	2020-02-28 19:42:21	88	73	15	False	True
22404	nornagon	2020-02-27 00:14:18	nornagon	2020-02-28 18:50:31	441	258	183	False	True
22404	nornagon	2020-02-27 00:14:18	nornagon	2020-02-26 21:07:57	42	40	2	True	True
22404	nornagon	2020-02-27 00:14:18	nornagon	2020-02-25 23:08:59	261	158	103	True	True
22404	nornagon	2020-02-27 00:14:18	nornagon	2020-02-26 23:54:28	278	228	50	True	True
22404	nornagon	2020-02-27 00:14:18	nornagon	2020-02-26 21:54:32	237	168	69	True	True
22404	nornagon	2020-02-27 00:14:18	nornagon	2020-02-28 18:16:15	4	2	2	False	True
22404	nornagon	2020-02-27 00:14:18	nornagon	2020-02-27 01:00:22	6	5	1	False	True
22403	trop[bot]	2020-02-27 00:04:48	MarshallOfSound	2020-02-25 22:00:33	4	4	0	True	True
22403	trop[bot]	2020-02-27 00:04:48	MarshallOfSound	2020-02-26 21:59:37	2	1	1	True	True
22402	trop[bot]	2020-02-27 00:04:45	MarshallOfSound	2020-02-25 22:00:33	4	4	0	True	True
22402	trop[bot]	2020-02-27 00:04:45	MarshallOfSound	2020-02-26 21:59:37	2	1	1	True	True
22401	MarshallOfSound	2020-02-26 21:38:59	MarshallOfSound	2020-02-25 02:11:06	105	64	41	True	True
22399	felixrieseberg	2020-02-26 19:42:37	felixrieseberg	2020-02-26 19:18:02	13	12	1	True	True
22397	codebytere	2020-02-26 17:50:49	codebytere	2020-02-26 17:31:40	19	11	8	True	True
22395	ChALkeR	2020-02-26 12:20:05	ChALkeR	2020-02-26 11:18:44	9	8	1	True	True
22389	trop[bot]	2020-02-26 01:39:02	zcbenz	2020-02-25 07:19:39	7	7	0	True	True
22388	trop[bot]	2020-02-26 01:38:56	zcbenz	2020-02-25 07:19:39	7	7	0	True	True
22387	trop[bot]	2020-02-26 01:38:53	zcbenz	2020-02-25 07:19:39	7	7	0	True	True
22386	MarshallOfSound	2020-02-25 23:58:14	MarshallOfSound	2020-02-25 23:56:15	13	13	0	True	True
22386	MarshallOfSound	2020-02-25 23:58:14	MarshallOfSound	2020-02-26 21:28:38	18	16	2	False	True
22385	trop[bot]	2020-02-25 22:57:54	MarshallOfSound	2020-02-25 21:30:13	61	60	1	True	True
22384	trop[bot]	2020-02-25 22:57:47	MarshallOfSound	2020-02-25 21:30:13	61	60	1	True	True
22383	MarshallOfSound	2020-02-25 22:01:33	MarshallOfSound	2020-02-25 22:00:33	4	4	0	True	True
22383	MarshallOfSound	2020-02-25 22:01:33	MarshallOfSound	2020-02-26 21:59:37	2	1	1	False	True
22382	MarshallOfSound	2020-02-25 21:31:55	MarshallOfSound	2020-02-25 21:30:13	61	60	1	True	True
22378	trop[bot]	2020-02-25 16:50:57	codebytere	2020-02-24 03:01:24	1	1	0	True	True
22377	trop[bot]	2020-02-25 16:50:53	codebytere	2020-02-24 03:01:24	1	1	0	True	True
22376	trop[bot]	2020-02-25 16:50:51	codebytere	2020-02-24 03:01:24	1	1	0	True	True
22374	zcbenz	2020-02-25 13:01:18	zcbenz	2020-02-25 07:19:39	7	7	0	True	True
22368	erickzhao	2020-02-25 01:31:38	erickzhao	2020-02-05 02:03:46	25	25	0	True	True
22368	erickzhao	2020-02-25 01:31:38	erickzhao	2020-02-10 18:42:13	15	8	7	True	True
22367	loc	2020-02-25 00:02:34	loc	2020-02-26 19:15:32	563	297	266	False	True
22367	loc	2020-02-25 00:02:34	loc	2020-02-24 23:50:15	119	119	0	True	True
22366	nornagon	2020-02-24 19:08:58	nornagon	2020-02-07 17:45:13	173	141	32	True	True
22355	trop[bot]	2020-02-24 04:34:15	samuelmaddock	2020-02-16 18:44:05	75	45	30	True	True
22355	trop[bot]	2020-02-24 04:34:15	samuelmaddock	2020-02-16 05:26:32	7	2	5	True	True
22354	trop[bot]	2020-02-24 03:09:18	zcbenz	2019-12-18 23:56:53	15	15	0	True	True
22354	trop[bot]	2020-02-24 03:09:18	zcbenz	2019-11-04 02:21:07	138	138	0	True	True
22353	codebytere	2020-02-24 03:03:59	codebytere	2020-02-24 03:01:24	1	1	0	True	True
22351	malept	2020-02-23 21:46:40	malept	2020-02-23 21:48:29	44	13	31	False	True
22351	malept	2020-02-23 21:46:40	malept	2020-02-23 21:23:18	38	29	9	True	True
22344	trop[bot]	2020-02-22 23:01:54	Syed-Umair	2020-02-19 08:22:56	2	1	1	True	True
22342	codebytere	2020-02-22 06:54:26	codebytere	2020-02-24 20:57:58	29	0	29	False	True
22342	codebytere	2020-02-22 06:54:26	codebytere	2020-02-22 01:23:57	208	79	129	True	True
22339	deepak1556	2020-02-22 00:29:38	deepak1556	2020-02-22 00:24:08	147	147	0	True	True
22338	deepak1556	2020-02-21 23:53:27	deepak1556	2020-02-21 23:47:39	147	147	0	True	True
22337	MarshallOfSound	2020-02-21 23:51:36	MarshallOfSound	2020-02-21 23:49:52	25	18	7	True	True
22337	MarshallOfSound	2020-02-21 23:51:36	MarshallOfSound	2020-02-26 21:22:43	24	24	0	False	True
22337	MarshallOfSound	2020-02-21 23:51:36	MarshallOfSound	2020-02-25 01:29:18	2	2	0	False	True
22336	MarshallOfSound	2020-02-21 23:35:39	MarshallOfSound	2020-02-22 00:10:52	4	3	1	False	True
22336	MarshallOfSound	2020-02-21 23:35:39	MarshallOfSound	2020-02-24 23:13:10	81	45	36	False	True
22336	MarshallOfSound	2020-02-21 23:35:39	MarshallOfSound	2020-02-24 23:11:19	10	9	1	False	True
22336	MarshallOfSound	2020-02-21 23:35:39	MarshallOfSound	2020-02-22 00:36:56	10	9	1	False	True
22336	MarshallOfSound	2020-02-21 23:35:39	MarshallOfSound	2020-02-24 23:12:04	124	62	62	False	True
22336	MarshallOfSound	2020-02-21 23:35:39	MarshallOfSound	2020-02-21 23:35:12	12	12	0	True	True
22336	MarshallOfSound	2020-02-21 23:35:39	MarshallOfSound	2020-02-21 23:31:08	2	1	1	True	True
22336	MarshallOfSound	2020-02-21 23:35:39	MarshallOfSound	2020-02-24 23:12:25	10	7	3	False	True
22336	MarshallOfSound	2020-02-21 23:35:39	MarshallOfSound	2020-02-22 08:54:40	2	1	1	False	True
22336	MarshallOfSound	2020-02-21 23:35:39	MarshallOfSound	2020-02-25 01:18:03	2	1	1	False	True
22335	MarshallOfSound	2020-02-21 23:26:25	MarshallOfSound	2020-02-21 23:25:21	22	12	10	True	True
22334	MarshallOfSound	2020-02-21 23:15:21	MarshallOfSound	2020-02-21 23:13:33	12	9	3	True	True
22332	trop[bot]	2020-02-21 20:20:22	codebytere	2020-02-21 04:50:28	47	43	4	True	True
22331	trop[bot]	2020-02-21 20:20:13	codebytere	2020-02-21 04:50:28	47	43	4	True	True
22330	trop[bot]	2020-02-21 20:03:50	jkleinsc	2020-02-26 19:22:09	1	1	0	False	True
22330	trop[bot]	2020-02-21 20:03:50	jkleinsc	2020-02-25 21:48:47	11	5	6	False	True
22330	trop[bot]	2020-02-21 20:03:50	jkleinsc	2020-02-21 20:36:02	240	184	56	False	True
22330	trop[bot]	2020-02-21 20:03:50	jkleinsc	2020-02-25 23:33:53	3	3	0	False	True
22330	trop[bot]	2020-02-21 20:03:50	jkleinsc	2020-02-20 15:13:02	270	235	35	True	True
22330	trop[bot]	2020-02-21 20:03:50	jkleinsc	2020-02-25 23:42:22	4	2	2	False	True
22330	trop[bot]	2020-02-21 20:03:50	jkleinsc	2020-02-26 17:24:02	20	12	8	False	True
22330	trop[bot]	2020-02-21 20:03:50	jkleinsc	2020-02-25 22:14:20	18	10	8	False	True
22330	trop[bot]	2020-02-21 20:03:50	jkleinsc	2020-02-26 17:48:25	1	1	0	False	True
22330	trop[bot]	2020-02-21 20:03:50	jkleinsc	2020-02-21 21:22:03	38	38	0	False	True
22330	trop[bot]	2020-02-21 20:03:50	MarshallOfSound	2019-12-09 19:26:43	5	3	2	True	True
22330	trop[bot]	2020-02-21 20:03:50	MarshallOfSound	2019-11-20 19:14:48	2	1	1	True	True
22329	nornagon	2020-02-21 19:12:52	nornagon	2020-02-25 18:54:40	8	4	4	False	True
22329	nornagon	2020-02-21 19:12:52	nornagon	2020-02-25 18:48:03	2	1	1	False	True
22329	nornagon	2020-02-21 19:12:52	nornagon	2020-02-25 20:25:17	2	1	1	False	True
22329	nornagon	2020-02-21 19:12:52	nornagon	2020-02-21 19:08:26	257	170	87	True	True
22328	nornagon	2020-02-21 19:11:22	nornagon	2020-02-21 19:08:26	257	170	87	True	True
22327	trop[bot]	2020-02-21 19:08:51	nornagon	2020-02-13 21:49:49	14	13	1	True	True
22327	trop[bot]	2020-02-21 19:08:51	nornagon	2020-02-14 19:22:26	10	9	1	True	True
22327	trop[bot]	2020-02-21 19:08:51	nornagon	2020-02-14 01:14:45	5	5	0	True	True
22327	trop[bot]	2020-02-21 19:08:51	nornagon	2020-02-13 19:47:08	194	106	88	True	True
22327	trop[bot]	2020-02-21 19:08:51	nornagon	2020-02-13 19:20:19	3	1	2	True	True
22327	trop[bot]	2020-02-21 19:08:51	nornagon	2020-02-13 19:14:12	1	1	0	True	True
22327	trop[bot]	2020-02-21 19:08:51	nornagon	2020-02-14 23:13:45	40	40	0	True	True
22326	nornagon	2020-02-21 19:08:01	nornagon	2020-02-21 19:05:03	58	28	30	True	True
22325	trop[bot]	2020-02-21 19:05:37	nornagon	2020-02-15 00:49:35	58	28	30	True	True
22323	CezaryKulakowski	2020-02-21 16:35:51	CezaryKulakowski	2020-02-24 10:11:07	19	9	10	False	True
22323	CezaryKulakowski	2020-02-21 16:35:51	zcbenz	2020-03-02 06:52:54	6	3	3	False	True
22323	CezaryKulakowski	2020-02-21 16:35:51	zcbenz	2020-03-02 02:23:59	1	1	0	False	True
22323	CezaryKulakowski	2020-02-21 16:35:51	CezaryKulakowski	2020-02-21 20:13:12	15	15	0	False	True
22323	CezaryKulakowski	2020-02-21 16:35:51	CezaryKulakowski	2020-02-21 16:28:33	9	8	1	True	True
22322	trop[bot]	2020-02-21 16:33:04	Syed-Umair	2020-02-19 08:22:56	2	1	1	True	True
22321	trop[bot]	2020-02-21 16:33:01	Syed-Umair	2020-02-19 08:22:56	2	1	1	True	True
22315	codebytere	2020-02-21 04:54:40	codebytere	2020-02-21 04:50:28	47	43	4	True	True
22314	jkleinsc	2020-02-21 00:38:12	nornagon	2020-02-03 23:43:46	10	9	1	True	True
22313	trop[bot]	2020-02-20 23:19:23	MarshallOfSound	2019-10-17 23:27:46	216	214	2	True	True
22313	trop[bot]	2020-02-20 23:19:23	MarshallOfSound	2019-11-26 21:35:52	26	13	13	True	True
22313	trop[bot]	2020-02-20 23:19:23	MarshallOfSound	2020-01-09 23:00:08	18	8	10	True	True
22313	trop[bot]	2020-02-20 23:19:23	MarshallOfSound	2019-11-19 23:54:54	139	113	26	True	True
22313	trop[bot]	2020-02-20 23:19:23	MarshallOfSound	2020-02-20 22:08:38	26	7	19	True	True
22313	trop[bot]	2020-02-20 23:19:23	MarshallOfSound	2020-01-10 01:08:24	473	151	322	True	True
22313	trop[bot]	2020-02-20 23:19:23	MarshallOfSound	2019-11-26 21:28:29	3	3	0	True	True
22313	trop[bot]	2020-02-20 23:19:23	MarshallOfSound	2020-02-20 22:14:15	15	8	7	True	True
22313	trop[bot]	2020-02-20 23:19:23	MarshallOfSound	2019-11-27 19:58:53	72	43	29	True	True
22313	trop[bot]	2020-02-20 23:19:23	MarshallOfSound	2020-01-13 23:52:02	4	2	2	True	True
22310	jkleinsc	2020-02-20 18:23:53	MarshallOfSound	2019-12-09 19:26:43	5	3	2	True	True
22310	jkleinsc	2020-02-20 18:23:53	MarshallOfSound	2019-11-20 19:14:48	2	1	1	True	True
22310	jkleinsc	2020-02-20 18:23:53	jkleinsc	2020-02-20 15:13:02	270	235	35	True	True
22309	trop[bot]	2020-02-20 17:27:51	malept	2020-02-18 19:08:09	44	22	22	True	True
22309	trop[bot]	2020-02-20 17:27:51	malept	2020-02-18 19:30:19	2	1	1	True	True
22308	trop[bot]	2020-02-20 17:27:48	malept	2020-02-18 19:08:09	44	22	22	True	True
22308	trop[bot]	2020-02-20 17:27:48	malept	2020-02-18 19:30:19	2	1	1	True	True
22307	trop[bot]	2020-02-20 17:27:42	malept	2020-02-18 19:08:09	44	22	22	True	True
22307	trop[bot]	2020-02-20 17:27:42	malept	2020-02-18 19:30:19	2	1	1	True	True
22299	zcbenz	2020-02-20 10:28:43	zcbenz	2019-11-04 02:21:07	186	186	0	True	True
22299	zcbenz	2020-02-20 10:28:43	zcbenz	2019-12-18 23:56:53	15	15	0	True	True
22298	zcbenz	2020-02-20 10:24:11	zcbenz	2019-11-04 02:21:07	127	127	0	True	True
22298	zcbenz	2020-02-20 10:24:11	zcbenz	2019-12-18 23:56:53	15	15	0	True	True
22295	trop[bot]	2020-02-20 05:39:51	codebytere	2020-02-18 22:55:19	53	2	51	True	True
22294	trop[bot]	2020-02-20 05:39:48	codebytere	2020-02-18 22:55:19	53	2	51	True	True
22292	jkleinsc	2020-02-19 22:29:40	jkleinsc	2020-02-19 22:24:22	26	1	25	True	True
22292	jkleinsc	2020-02-19 22:29:40	jkleinsc	2020-02-20 20:12:18	6	3	3	False	True
22288	trop[bot]	2020-02-19 19:32:54	jkleinsc	2020-02-19 15:41:04	4	3	1	True	True
22287	trop[bot]	2020-02-19 19:32:51	jkleinsc	2020-02-19 15:41:04	4	3	1	True	True
22282	jkleinsc	2020-02-19 15:56:36	jkleinsc	2020-02-19 15:41:04	4	3	1	True	True
22274	Syed-Umair	2020-02-19 08:24:13	Syed-Umair	2020-02-19 08:22:56	2	1	1	True	True
22272	erickzhao	2020-02-18 23:38:06	erickzhao	2020-02-18 23:23:48	7	4	3	True	True
22272	erickzhao	2020-02-18 23:38:06	erickzhao	2020-02-18 23:34:41	8	8	0	True	True
22272	erickzhao	2020-02-18 23:38:06	erickzhao	2020-02-18 23:26:23	7	7	0	True	True
22272	erickzhao	2020-02-18 23:38:06	erickzhao	2020-02-18 22:27:59	109	81	28	True	True
22272	erickzhao	2020-02-18 23:38:06	erickzhao	2020-02-25 03:24:58	2456	1546	910	False	True
22271	codebytere	2020-02-18 22:56:26	codebytere	2020-02-18 22:55:19	53	2	51	True	True
22270	erickzhao	2020-02-18 22:45:37	erickzhao	2020-02-18 23:23:48	7	4	3	False	True
22270	erickzhao	2020-02-18 22:45:37	erickzhao	2020-02-18 22:27:59	109	81	28	True	True
22266	trop[bot]	2020-02-18 21:38:09	codebytere	2020-02-18 17:02:52	2	0	2	True	True
22265	trop[bot]	2020-02-18 21:38:00	codebytere	2020-02-18 17:02:52	2	0	2	True	True
22264	trop[bot]	2020-02-18 21:37:58	codebytere	2020-02-18 17:02:52	2	0	2	True	True
22263	Syed-Umair	2020-02-18 20:57:39	Syed-Umair	2020-02-18 19:55:49	2	1	1	True	True
22262	malept	2020-02-18 19:23:46	malept	2020-02-18 19:30:19	2	1	1	False	True
22262	malept	2020-02-18 19:23:46	malept	2020-02-18 19:08:09	44	22	22	True	True
22261	trop[bot]	2020-02-18 18:56:40	jkleinsc	2020-02-07 22:05:04	2	1	1	True	True
22260	trop[bot]	2020-02-18 18:56:37	jkleinsc	2020-02-07 22:05:04	2	1	1	True	True
22258	sofianguy	2020-02-18 18:10:50	sofianguy	2020-02-18 18:08:09	2	1	1	True	True
22257	jkleinsc	2020-02-18 17:33:54	jkleinsc	2020-02-07 22:05:04	2	1	1	True	True
22256	codebytere	2020-02-18 17:03:57	codebytere	2020-02-18 17:02:52	2	0	2	True	True
22245	MarshallOfSound	2020-02-18 07:57:54	MarshallOfSound	2020-02-18 07:52:35	207	204	3	True	True
22244	samuelmaddock	2020-02-17 23:27:04	samuelmaddock	2020-02-17 23:11:04	23	23	0	True	True
22226	trop[bot]	2020-02-17 11:23:30	alexeykuzmin	2020-02-11 13:21:06	18	13	5	True	True
22221	trop[bot]	2020-02-17 00:46:20	jkleinsc	2020-02-13 22:20:31	4	2	2	True	True
22220	trop[bot]	2020-02-17 00:46:14	jkleinsc	2020-02-13 22:20:31	4	2	2	True	True
22219	trop[bot]	2020-02-17 00:46:11	jkleinsc	2020-02-13 22:20:31	4	2	2	True	True
22218	trop[bot]	2020-02-17 00:46:05	jkleinsc	2020-02-13 22:20:31	4	2	2	True	True
22217	samuelmaddock	2020-02-17 00:32:04	samuelmaddock	2020-02-17 00:25:08	127	103	24	True	True
22212	samuelmaddock	2020-02-16 05:30:26	samuelmaddock	2020-02-16 05:26:32	7	2	5	True	True
22212	samuelmaddock	2020-02-16 05:30:26	samuelmaddock	2020-02-16 18:44:05	75	45	30	False	True
22206	nornagon	2020-02-15 00:56:22	nornagon	2020-02-15 00:49:35	58	28	30	True	True
22205	MarshallOfSound	2020-02-15 00:17:29	MarshallOfSound	2020-02-14 21:38:11	35	35	0	True	True
22204	trop[bot]	2020-02-15 00:14:07	MarshallOfSound	2020-02-14 21:38:11	35	35	0	True	True
22203	jkleinsc	2020-02-14 21:56:49	jkleinsc	2020-02-06 17:56:18	214	86	128	True	True
22202	MarshallOfSound	2020-02-14 21:40:42	MarshallOfSound	2020-02-14 21:38:11	35	35	0	True	True
22200	trop[bot]	2020-02-14 20:34:31	jkleinsc	2020-02-12 16:07:08	2	1	1	True	True
22199	nornagon	2020-02-14 20:01:56	nornagon	2020-02-14 19:53:35	6	3	3	True	True
22198	nornagon	2020-02-14 19:56:50	jkleinsc	2020-02-21 13:45:52	10	0	10	False	True
22198	nornagon	2020-02-14 19:56:50	nornagon	2020-02-14 19:56:33	2	1	1	True	True
22198	nornagon	2020-02-14 19:56:50	jkleinsc	2020-02-21 13:46:41	3	2	1	False	True
22198	nornagon	2020-02-14 19:56:50	jkleinsc	2020-02-21 18:01:27	15	14	1	False	True
22198	nornagon	2020-02-14 19:56:50	deepak1556	2020-02-28 23:15:43	76	73	3	False	True
22198	nornagon	2020-02-14 19:56:50	MarshallOfSound	2020-02-13 20:02:07	3	2	1	True	True
22198	nornagon	2020-02-14 19:56:50	jkleinsc	2020-02-21 21:45:58	8	4	4	False	True
22198	nornagon	2020-02-14 19:56:50	deepak1556	2020-02-28 23:06:46	34	20	14	False	True
22198	nornagon	2020-02-14 19:56:50	deepak1556	2020-02-28 07:30:23	2	0	2	False	True
22198	nornagon	2020-02-14 19:56:50	deepak1556	2020-02-26 13:28:45	106	53	53	False	True
22198	nornagon	2020-02-14 19:56:50	deepak1556	2020-02-26 13:28:27	148	118	30	False	True
22198	nornagon	2020-02-14 19:56:50	deepak1556	2020-02-26 13:07:23	4	0	4	False	True
22198	nornagon	2020-02-14 19:56:50	deepak1556	2020-02-26 13:04:36	31	15	16	False	True
22198	nornagon	2020-02-14 19:56:50	loc	2020-02-18 22:51:59	30	30	0	False	True
22198	nornagon	2020-02-14 19:56:50	MarshallOfSound	2020-02-15 00:25:43	12	6	6	False	True
22198	nornagon	2020-02-14 19:56:50	MarshallOfSound	2020-02-13 20:10:18	15	15	0	True	True
22198	nornagon	2020-02-14 19:56:50	jkleinsc	2020-02-21 16:13:54	6	6	0	False	True
22198	nornagon	2020-02-14 19:56:50	MarshallOfSound	2020-02-13 20:07:22	2	1	1	True	True
22198	nornagon	2020-02-14 19:56:50	MarshallOfSound	2020-02-13 20:03:09	7	3	4	True	True
22198	nornagon	2020-02-14 19:56:50	MarshallOfSound	2020-02-13 20:14:36	1	0	1	True	True
22198	nornagon	2020-02-14 19:56:50	jkleinsc	2020-02-21 13:59:05	12	7	5	False	True
22198	nornagon	2020-02-14 19:56:50	jkleinsc	2020-02-20 22:46:09	9	7	2	False	True
22198	nornagon	2020-02-14 19:56:50	jkleinsc	2020-02-21 14:25:11	28	16	12	False	True
22198	nornagon	2020-02-14 19:56:50	jkleinsc	2020-02-20 22:45:40	37	30	7	False	True
22198	nornagon	2020-02-14 19:56:50	jkleinsc	2020-02-19 20:37:40	1	0	1	False	True
22198	nornagon	2020-02-14 19:56:50	jkleinsc	2020-02-19 17:27:16	638	306	332	False	True
22198	nornagon	2020-02-14 19:56:50	deepak1556	2020-02-29 05:18:40	2	1	1	False	True
22197	nornagon	2020-02-14 19:40:37	nornagon	2020-02-14 19:40:16	2	1	1	True	True
22196	nornagon	2020-02-14 19:36:26	nornagon	2020-02-14 19:35:30	52	26	26	True	True
22195	adill	2020-02-14 19:15:10	adill	2020-02-14 04:22:41	50	49	1	True	True
22194	jkleinsc	2020-02-14 15:05:36	jkleinsc	2020-02-14 20:50:46	1	1	0	False	True
22194	jkleinsc	2020-02-14 15:05:36	jkleinsc	2020-02-13 20:10:03	5	4	1	True	True
22194	jkleinsc	2020-02-14 15:05:36	jkleinsc	2020-02-14 18:46:38	3	1	2	False	True
22194	jkleinsc	2020-02-14 15:05:36	jkleinsc	2020-02-14 22:17:32	5	3	2	False	True
22193	miniak	2020-02-14 13:33:22	miniak	2020-02-14 13:23:55	397	264	133	True	True
22191	jkleinsc	2020-02-13 22:29:51	jkleinsc	2020-02-13 22:20:31	4	2	2	True	True
22190	MarshallOfSound	2020-02-13 20:26:40	MarshallOfSound	2020-02-13 20:26:29	2	1	1	True	True
22189	MarshallOfSound	2020-02-13 20:25:47	MarshallOfSound	2020-02-13 20:25:10	2	1	1	True	True
22188	nornagon	2020-02-13 19:15:17	nornagon	2020-02-13 19:14:12	1	1	0	True	True
22188	nornagon	2020-02-13 19:15:17	nornagon	2020-02-14 01:14:45	5	5	0	False	True
22188	nornagon	2020-02-13 19:15:17	nornagon	2020-02-14 23:13:45	40	40	0	False	True
22188	nornagon	2020-02-13 19:15:17	nornagon	2020-02-13 19:47:08	194	106	88	False	True
22188	nornagon	2020-02-13 19:15:17	nornagon	2020-02-14 19:22:26	10	9	1	False	True
22188	nornagon	2020-02-13 19:15:17	nornagon	2020-02-13 21:49:49	14	13	1	False	True
22188	nornagon	2020-02-13 19:15:17	nornagon	2020-02-13 19:20:19	3	1	2	False	True
22187	codebytere	2020-02-13 18:12:29	codebytere	2020-02-13 17:15:25	24	18	6	True	True
22186	codebytere	2020-02-13 18:08:45	codebytere	2020-02-13 17:15:25	24	18	6	True	True
22185	trop[bot]	2020-02-13 17:16:04	codebytere	2020-02-12 07:33:29	24	18	6	True	True
22177	nornagon	2020-02-13 00:45:15	nornagon	2020-02-06 21:42:34	240	217	23	True	True
22177	nornagon	2020-02-13 00:45:15	nornagon	2020-02-21 19:03:17	2209	1801	408	False	True
22176	nornagon	2020-02-13 00:15:27	nornagon	2020-02-13 00:13:58	210	106	104	True	True
22173	trop[bot]	2020-02-12 17:25:38	codebytere	2020-02-12 08:28:06	6	4	2	True	True
22172	trop[bot]	2020-02-12 17:25:35	codebytere	2020-02-12 08:28:06	6	4	2	True	True
22171	trop[bot]	2020-02-12 17:25:29	codebytere	2020-02-12 08:28:06	6	4	2	True	True
22170	jkleinsc	2020-02-12 16:11:14	jkleinsc	2020-02-12 16:07:08	2	1	1	True	True
22168	electron-bot	2020-02-12 13:00:55	codebytere	2020-02-12 18:55:09	109	0	109	False	True
22168	electron-bot	2020-02-12 13:00:55	codebytere	2020-02-18 23:44:08	22	0	22	False	True
22168	electron-bot	2020-02-12 13:00:55	codebytere	2020-02-21 17:37:26	15	15	0	False	True
22168	electron-bot	2020-02-12 13:00:55	codebytere	2020-02-21 03:07:47	37	37	0	False	True
22168	electron-bot	2020-02-12 13:00:55	codebytere	2020-02-21 02:05:51	39	39	0	False	True
22168	electron-bot	2020-02-12 13:00:55	codebytere	2020-02-21 02:05:01	31	31	0	False	True
22168	electron-bot	2020-02-12 13:00:55	codebytere	2020-02-21 05:51:18	2	2	0	False	True
22168	electron-bot	2020-02-12 13:00:55	codebytere	2020-02-14 22:10:41	173	122	51	False	True
22168	electron-bot	2020-02-12 13:00:55	codebytere	2020-02-12 23:48:31	52	51	1	False	True
22168	electron-bot	2020-02-12 13:00:55	codebytere	2020-02-12 23:50:30	34	34	0	False	True
22168	electron-bot	2020-02-12 13:00:55	codebytere	2020-02-12 22:31:06	46	46	0	False	True
22168	electron-bot	2020-02-12 13:00:55	codebytere	2020-02-18 23:40:52	2	1	1	False	True
22168	electron-bot	2020-02-12 13:00:55	codebytere	2020-02-21 05:21:00	1	1	0	False	True
22168	electron-bot	2020-02-12 13:00:55	codebytere	2020-02-13 17:07:24	7	6	1	False	True
22168	electron-bot	2020-02-12 13:00:55	codebytere	2020-02-12 19:01:38	31	22	9	False	True
22168	electron-bot	2020-02-12 13:00:55	codebytere	2020-02-12 16:38:56	6	3	3	False	True
22168	electron-bot	2020-02-12 13:00:55	codebytere	2020-02-13 16:40:39	23	19	4	False	True
22168	electron-bot	2020-02-12 13:00:55	codebytere	2020-02-12 19:07:27	19	3	16	False	True
22168	electron-bot	2020-02-12 13:00:55	codebytere	2020-02-12 18:52:52	34	0	34	False	True
22168	electron-bot	2020-02-12 13:00:55	codebytere	2020-02-12 16:43:40	15	5	10	False	True
22168	electron-bot	2020-02-12 13:00:55	codebytere	2020-02-12 16:50:36	16	7	9	False	True
22168	electron-bot	2020-02-12 13:00:55	codebytere	2020-02-12 16:56:59	14	7	7	False	True
22168	electron-bot	2020-02-12 13:00:55	codebytere	2020-02-12 17:03:58	10	5	5	False	True
22168	electron-bot	2020-02-12 13:00:55	electron-bot	2020-02-12 13:00:54	2	1	1	True	True
22168	electron-bot	2020-02-12 13:00:55	codebytere	2020-02-12 16:35:25	23	5	18	False	True
22168	electron-bot	2020-02-12 13:00:55	codebytere	2020-02-12 18:13:48	8	4	4	False	True
22168	electron-bot	2020-02-12 13:00:55	codebytere	2020-02-12 18:30:42	8	4	4	False	True
22168	electron-bot	2020-02-12 13:00:55	codebytere	2020-02-12 18:43:39	4	2	2	False	True
22168	electron-bot	2020-02-12 13:00:55	codebytere	2020-02-12 18:02:03	48	22	26	False	True
22168	electron-bot	2020-02-12 13:00:55	codebytere	2020-02-12 18:49:22	9	5	4	False	True
22165	codebytere	2020-02-12 08:31:27	codebytere	2020-02-12 08:28:06	6	4	2	True	True
22164	codebytere	2020-02-12 08:14:54	codebytere	2020-02-12 07:33:29	24	18	6	True	True
22163	trop[bot]	2020-02-12 07:35:15	tonyfwoo	2020-02-11 00:30:29	12	11	1	True	True
22162	trop[bot]	2020-02-12 07:35:13	tonyfwoo	2020-02-11 00:30:29	12	11	1	True	True
22160	adill	2020-02-11 22:15:06	adill	2020-01-30 18:03:55	928	722	206	True	True
22159	trop[bot]	2020-02-11 20:43:03	jkleinsc	2020-02-10 19:02:30	58	46	12	True	True
22159	trop[bot]	2020-02-11 20:43:03	jkleinsc	2020-02-10 20:31:04	10	2	8	True	True
22159	trop[bot]	2020-02-11 20:43:03	jkleinsc	2020-02-10 21:38:40	41	32	9	True	True
22159	trop[bot]	2020-02-11 20:43:03	jkleinsc	2020-02-10 18:03:35	294	231	63	True	True
22159	trop[bot]	2020-02-11 20:43:03	jkleinsc	2020-02-10 22:19:17	12	6	6	True	True
22159	trop[bot]	2020-02-11 20:43:03	jkleinsc	2020-02-10 18:20:37	5	4	1	True	True
22159	trop[bot]	2020-02-11 20:43:03	jkleinsc	2020-02-11 19:10:46	7	5	2	True	True
22159	trop[bot]	2020-02-11 20:43:03	jkleinsc	2020-02-11 15:02:42	3	1	2	True	True
22158	erickzhao	2020-02-11 18:55:27	erickzhao	2020-02-11 00:41:05	67	66	1	True	True
22158	erickzhao	2020-02-11 18:55:27	erickzhao	2020-02-11 21:01:21	4	2	2	False	True
22158	erickzhao	2020-02-11 18:55:27	erickzhao	2020-02-11 18:46:59	1	1	0	True	True
22157	erickzhao	2020-02-11 18:26:03	erickzhao	2020-02-11 18:21:15	6	4	2	True	True
22157	erickzhao	2020-02-11 18:26:03	erickzhao	2020-03-03 22:08:17	7	7	0	False	True
22157	erickzhao	2020-02-11 18:26:03	erickzhao	2020-02-11 18:11:43	12	12	0	True	True
22156	trop[bot]	2020-02-11 18:13:31	alexeykuzmin	2020-02-11 13:21:06	18	13	5	True	True
22155	trop[bot]	2020-02-11 17:36:12	alexeykuzmin	2020-02-11 11:18:09	24	24	0	True	True
22154	trop[bot]	2020-02-11 17:36:10	alexeykuzmin	2020-02-11 11:18:09	24	24	0	True	True
22153	codebytere	2020-02-11 16:54:58	codebytere	2020-02-12 07:54:14	4	3	1	False	True
22152	codebytere	2020-02-11 16:46:54	CezaryKulakowski	2019-08-06 21:55:00	10	10	0	True	True
22151	codebytere	2020-02-11 16:44:50	CezaryKulakowski	2019-08-06 21:55:00	10	10	0	True	True
22150	codebytere	2020-02-11 16:34:25	codebytere	2020-02-11 16:33:40	4	3	1	True	True
22149	codebytere	2020-02-11 16:31:19	codebytere	2020-02-11 16:23:10	50	16	34	True	True
22148	trop[bot]	2020-02-11 16:23:26	codebytere	2020-02-09 03:09:47	50	16	34	True	True
22146	iliabylich	2020-02-11 14:09:25	iliabylich	2020-03-26 23:23:15	2	1	1	False	True
22145	alexeykuzmin	2020-02-11 13:23:47	alexeykuzmin	2020-02-11 13:21:06	18	13	5	True	True
22142	alexeykuzmin	2020-02-11 11:25:52	alexeykuzmin	2020-02-11 11:18:09	24	24	0	True	True
22141	zcbenz	2020-02-11 11:22:29	zcbenz	2020-02-11 05:56:09	957	898	59	True	True
22141	zcbenz	2020-02-11 11:22:29	zcbenz	2020-02-11 23:53:46	12	8	4	False	True
22140	thypon	2020-02-11 10:41:13	thypon	2020-02-11 23:20:21	5	3	2	False	True
22140	thypon	2020-02-11 10:41:13	thypon	2020-02-11 10:33:33	6	2	4	True	True
22134	zcbenz	2020-02-11 06:34:11	zcbenz	2020-02-11 05:56:09	954	895	59	True	True
22133	trop[bot]	2020-02-11 05:56:31	zcbenz	2020-02-03 07:09:04	100	65	35	True	True
22133	trop[bot]	2020-02-11 05:56:31	zcbenz	2020-02-03 07:39:06	97	41	56	True	True
22133	trop[bot]	2020-02-11 05:56:31	zcbenz	2020-02-05 06:36:26	4	4	0	True	True
22133	trop[bot]	2020-02-11 05:56:31	zcbenz	2020-02-03 07:57:35	14	7	7	True	True
22133	trop[bot]	2020-02-11 05:56:31	zcbenz	2020-02-11 01:27:19	29	11	18	True	True
22133	trop[bot]	2020-02-11 05:56:31	zhangzimeng01	2020-01-13 07:10:26	948	887	61	True	True
22132	TonyWuu	2020-02-11 01:34:29	tonyfwoo	2020-02-11 00:30:29	12	11	1	True	True
22131	nornagon	2020-02-11 00:07:00	nornagon	2020-02-13 00:39:12	1790	1580	210	False	True
22128	trop[bot]	2020-02-10 22:09:09	erickzhao	2020-02-10 18:24:42	38	19	19	True	True
22128	trop[bot]	2020-02-10 22:09:09	erickzhao	2020-02-07 17:33:02	84	84	0	True	True
22128	trop[bot]	2020-02-10 22:09:09	erickzhao	2020-02-08 00:23:42	84	34	50	True	True
22127	trop[bot]	2020-02-10 22:07:41	erickzhao	2020-02-10 18:42:13	15	8	7	True	True
22127	trop[bot]	2020-02-10 22:07:41	erickzhao	2020-02-05 02:03:46	25	25	0	True	True
22126	jkleinsc	2020-02-10 22:00:35	jkleinsc	2020-02-10 21:38:40	41	32	9	True	True
22126	jkleinsc	2020-02-10 22:00:35	jkleinsc	2020-02-11 19:10:46	7	5	2	False	True
22126	jkleinsc	2020-02-10 22:00:35	jkleinsc	2020-02-11 15:02:42	3	1	2	False	True
22126	jkleinsc	2020-02-10 22:00:35	jkleinsc	2020-02-10 22:19:17	12	6	6	False	True
22126	jkleinsc	2020-02-10 22:00:35	jkleinsc	2020-02-10 19:02:30	58	46	12	True	True
22126	jkleinsc	2020-02-10 22:00:35	jkleinsc	2020-02-10 18:20:37	5	4	1	True	True
22126	jkleinsc	2020-02-10 22:00:35	jkleinsc	2020-02-10 18:03:35	294	231	63	True	True
22126	jkleinsc	2020-02-10 22:00:35	jkleinsc	2020-02-10 20:31:04	10	2	8	True	True
22125	erickzhao	2020-02-10 19:50:02	erickzhao	2019-07-01 02:57:31	2	2	0	True	True
22124	nornagon	2020-02-10 19:33:08	nornagon	2020-01-31 23:25:01	15	12	3	True	True
22124	nornagon	2020-02-10 19:33:08	nornagon	2020-01-31 17:25:46	11	7	4	True	True
22124	nornagon	2020-02-10 19:33:08	nornagon	2020-02-10 22:13:40	2	1	1	False	True
22123	erickzhao	2020-02-10 19:02:16	erickzhao	2020-02-10 18:49:21	6	1	5	True	True
22122	codebytere	2020-02-10 15:07:20	codebytere	2020-02-09 03:18:16	29	24	5	True	True
22121	codebytere	2020-02-10 15:03:11	codebytere	2020-02-09 03:09:47	50	16	34	True	True
22116	trop[bot]	2020-02-10 07:52:49	zcbenz	2020-02-06 00:17:00	14	12	2	True	True
22114	trop[bot]	2020-02-09 04:50:08	MarshallOfSound	2020-02-05 23:00:06	32	21	11	True	True
22113	trop[bot]	2020-02-09 04:50:02	MarshallOfSound	2020-02-05 23:00:06	32	21	11	True	True
22112	trop[bot]	2020-02-09 04:49:59	MarshallOfSound	2020-02-05 23:00:06	32	21	11	True	True
22111	trop[bot]	2020-02-09 01:50:57	t57ser	2020-02-08 09:07:44	3	1	2	True	True
22111	trop[bot]	2020-02-09 01:50:57	t57ser	2020-02-08 09:12:29	3	2	1	True	True
22111	trop[bot]	2020-02-09 01:50:57	t57ser	2020-02-06 19:02:39	5	5	0	True	True
22110	trop[bot]	2020-02-09 01:50:54	t57ser	2020-02-06 19:02:39	5	5	0	True	True
22110	trop[bot]	2020-02-09 01:50:54	t57ser	2020-02-08 09:07:44	3	1	2	True	True
22110	trop[bot]	2020-02-09 01:50:54	t57ser	2020-02-08 09:12:29	3	2	1	True	True
22109	trop[bot]	2020-02-09 01:50:48	t57ser	2020-02-08 09:12:29	3	2	1	True	True
22109	trop[bot]	2020-02-09 01:50:48	t57ser	2020-02-08 09:07:44	3	1	2	True	True
22109	trop[bot]	2020-02-09 01:50:48	t57ser	2020-02-06 19:02:39	5	5	0	True	True
22107	lutzroeder	2020-02-08 22:11:42	lutzroeder	2020-02-08 22:09:21	4	3	1	True	True
22106	trop[bot]	2020-02-08 21:38:34	jkleinsc	2020-02-07 23:38:24	4	2	2	True	True
22104	jkleinsc	2020-02-08 15:06:26	jkleinsc	2020-02-07 23:38:24	4	2	2	True	True
22101	erickzhao	2020-02-08 04:18:56	erickzhao	2020-02-10 18:24:42	38	19	19	False	True
22101	erickzhao	2020-02-08 04:18:56	erickzhao	2020-02-07 17:33:02	84	84	0	True	True
22101	erickzhao	2020-02-08 04:18:56	erickzhao	2020-02-08 00:23:42	84	34	50	True	True
22099	MarshallOfSound	2020-02-07 23:58:58	MarshallOfSound	2020-02-26 20:58:23	5	3	2	False	True
22099	MarshallOfSound	2020-02-07 23:58:58	MarshallOfSound	2020-02-07 23:58:07	60	60	0	True	True
22098	trop[bot]	2020-02-07 22:05:22	jkleinsc	2020-02-07 21:26:03	4	3	1	True	True
22098	trop[bot]	2020-02-07 22:05:22	jkleinsc	2020-02-07 19:50:09	14	7	7	True	True
22098	trop[bot]	2020-02-07 22:05:22	jkleinsc	2020-02-07 21:24:05	2	1	1	True	True
22098	trop[bot]	2020-02-07 22:05:22	jkleinsc	2020-02-07 20:18:44	2	1	1	True	True
22095	trop[bot]	2020-02-07 20:31:29	nornagon	2020-02-07 19:00:02	1	0	1	True	True
22094	jkleinsc	2020-02-07 20:17:37	jkleinsc	2020-02-07 19:50:09	14	7	7	True	True
22094	jkleinsc	2020-02-07 20:17:37	jkleinsc	2020-02-07 20:18:44	2	1	1	False	True
22094	jkleinsc	2020-02-07 20:17:37	jkleinsc	2020-02-07 21:24:05	2	1	1	False	True
22094	jkleinsc	2020-02-07 20:17:37	jkleinsc	2020-02-07 21:26:03	4	3	1	False	True
22093	nornagon	2020-02-07 19:00:36	nornagon	2020-02-07 19:00:02	1	0	1	True	True
22092	trop[bot]	2020-02-07 18:52:52	jkleinsc	2020-02-07 12:52:25	4	3	1	True	True
22092	trop[bot]	2020-02-07 18:52:52	jkleinsc	2020-02-06 23:21:49	23	15	8	True	True
22092	trop[bot]	2020-02-07 18:52:52	jkleinsc	2020-02-06 20:15:22	2	1	1	True	True
22092	trop[bot]	2020-02-07 18:52:52	jkleinsc	2020-02-07 12:52:59	73	38	35	True	True
22092	trop[bot]	2020-02-07 18:52:52	jkleinsc	2020-02-07 19:20:27	2	1	1	False	True
22091	nornagon	2020-02-07 18:46:17	nornagon	2020-02-07 18:42:22	2	1	1	True	True
22091	nornagon	2020-02-07 18:46:17	nornagon	2020-02-07 19:07:10	65	54	11	False	True
22091	nornagon	2020-02-07 18:46:17	nornagon	2020-02-07 19:10:11	9	0	9	False	True
22091	nornagon	2020-02-07 18:46:17	nornagon	2020-02-07 19:34:46	2	1	1	False	True
22091	nornagon	2020-02-07 18:46:17	nornagon	2020-02-07 19:41:14	11	7	4	False	True
22091	nornagon	2020-02-07 18:46:17	nornagon	2020-02-07 20:32:13	70	41	29	False	True
22090	nornagon	2020-02-07 18:36:56	nornagon	2020-02-07 18:40:20	8	8	0	False	True
22090	nornagon	2020-02-07 18:36:56	nornagon	2020-02-07 18:35:04	25	17	8	True	True
22089	trop[bot]	2020-02-07 17:59:13	jkleinsc	2020-02-06 20:26:55	2	1	1	True	True
22089	trop[bot]	2020-02-07 17:59:13	jkleinsc	2020-02-06 20:50:31	12	6	6	True	True
22088	trop[bot]	2020-02-07 17:59:07	jkleinsc	2020-02-06 20:26:55	2	1	1	True	True
22088	trop[bot]	2020-02-07 17:59:07	jkleinsc	2020-02-06 20:50:31	12	6	6	True	True
22086	trop[bot]	2020-02-07 12:57:13	jkleinsc	2020-01-27 21:51:58	5	2	3	True	True
22083	codebytere	2020-02-07 07:24:44	codebytere	2020-02-07 07:09:15	159	13	146	True	True
22083	codebytere	2020-02-07 07:24:44	codebytere	2020-02-07 16:11:23	4	3	1	False	True
22080	CoderPoet	2020-02-07 03:15:59	CoderPoet	2020-02-07 03:12:41	2	1	1	True	True
22078	adill	2020-02-07 00:15:44	adill	2020-02-06 23:25:52	1	1	0	True	True
22075	jkleinsc	2020-02-06 20:31:45	jkleinsc	2020-02-06 20:50:31	12	6	6	False	True
22075	jkleinsc	2020-02-06 20:31:45	jkleinsc	2020-02-06 20:26:55	2	1	1	True	True
22074	jkleinsc	2020-02-06 20:18:42	jkleinsc	2020-02-07 12:52:25	4	3	1	False	True
22074	jkleinsc	2020-02-06 20:18:42	jkleinsc	2020-02-06 20:15:22	2	1	1	True	True
22074	jkleinsc	2020-02-06 20:18:42	jkleinsc	2020-02-06 23:21:49	23	15	8	False	True
22074	jkleinsc	2020-02-06 20:18:42	jkleinsc	2020-02-07 12:52:59	73	38	35	False	True
22073	trop[bot]	2020-02-06 19:20:37	jkleinsc	2020-02-06 16:48:59	1	1	0	True	True
22072	t57ser	2020-02-06 19:05:46	t57ser	2020-02-08 09:07:44	3	1	2	False	True
22072	t57ser	2020-02-06 19:05:46	t57ser	2020-02-08 09:12:29	3	2	1	False	True
22072	t57ser	2020-02-06 19:05:46	t57ser	2020-02-06 19:02:39	5	5	0	True	True
22071	trop[bot]	2020-02-06 17:28:24	erickzhao	2020-02-05 22:11:58	16	8	8	True	True
22071	trop[bot]	2020-02-06 17:28:24	erickzhao	2020-02-05 20:38:24	1	0	1	True	True
22071	trop[bot]	2020-02-06 17:28:24	erickzhao	2020-02-05 20:38:04	2	1	1	True	True
22071	trop[bot]	2020-02-06 17:28:24	erickzhao	2020-02-04 19:33:35	18	13	5	True	True
22071	trop[bot]	2020-02-06 17:28:24	erickzhao	2020-02-05 20:38:16	2	1	1	True	True
22070	jkleinsc	2020-02-06 16:50:54	jkleinsc	2020-02-06 16:48:59	1	1	0	True	True
22064	electron-bot	2020-02-06 13:01:03	MarshallOfSound	2020-02-13 20:14:36	1	0	1	False	True
22064	electron-bot	2020-02-06 13:01:03	loc	2020-02-20 18:29:09	5	0	5	False	True
22064	electron-bot	2020-02-06 13:01:03	MarshallOfSound	2020-02-13 20:10:18	15	15	0	False	True
22064	electron-bot	2020-02-06 13:01:03	deepak1556	2020-02-26 13:28:27	148	118	30	False	True
22064	electron-bot	2020-02-06 13:01:03	MarshallOfSound	2020-02-13 20:38:49	154	77	77	False	True
22064	electron-bot	2020-02-06 13:01:03	MarshallOfSound	2020-02-15 00:25:43	12	6	6	False	True
22064	electron-bot	2020-02-06 13:01:03	loc	2020-02-18 22:51:59	30	30	0	False	True
22064	electron-bot	2020-02-06 13:01:03	deepak1556	2020-02-28 07:30:23	2	0	2	False	True
22064	electron-bot	2020-02-06 13:01:03	loc	2020-02-21 22:31:18	32	17	15	False	True
22064	electron-bot	2020-02-06 13:01:03	deepak1556	2020-03-01 01:03:18	2	1	1	False	True
22064	electron-bot	2020-02-06 13:01:03	MarshallOfSound	2020-02-13 20:03:09	7	3	4	False	True
22064	electron-bot	2020-02-06 13:01:03	deepak1556	2020-02-28 23:06:46	34	20	14	False	True
22064	electron-bot	2020-02-06 13:01:03	deepak1556	2020-02-28 23:15:43	76	73	3	False	True
22064	electron-bot	2020-02-06 13:01:03	MarshallOfSound	2020-02-13 20:07:22	2	1	1	False	True
22064	electron-bot	2020-02-06 13:01:03	deepak1556	2020-03-01 01:02:47	228	114	114	False	True
22064	electron-bot	2020-02-06 13:01:03	deepak1556	2020-03-01 02:21:27	1093	446	647	False	True
22064	electron-bot	2020-02-06 13:01:03	MarshallOfSound	2020-02-13 18:46:52	23	23	0	False	True
22064	electron-bot	2020-02-06 13:01:03	codebytere	2020-02-07 19:00:29	10	0	10	False	True
22064	electron-bot	2020-02-06 13:01:03	MarshallOfSound	2020-02-13 20:02:07	12	9	3	False	True
22064	electron-bot	2020-02-06 13:01:03	electron-bot	2020-02-13 13:00:25	2	1	1	False	True
22064	electron-bot	2020-02-06 13:01:03	electron-bot	2020-02-06 13:01:02	2	1	1	True	True
22064	electron-bot	2020-02-06 13:01:03	codebytere	2020-02-06 18:27:33	18	9	9	False	True
22064	electron-bot	2020-02-06 13:01:03	electron-bot	2020-02-07 13:00:49	2	1	1	False	True
22064	electron-bot	2020-02-06 13:01:03	codebytere	2020-02-07 17:59:29	10	5	5	False	True
22064	electron-bot	2020-02-06 13:01:03	electron-bot	2020-02-09 13:00:56	2	1	1	False	True
22064	electron-bot	2020-02-06 13:01:03	MarshallOfSound	2020-02-13 01:14:47	410	197	213	False	True
22064	electron-bot	2020-02-06 13:01:03	electron-bot	2020-02-11 13:01:05	2	1	1	False	True
22064	electron-bot	2020-02-06 13:01:03	electron-bot	2020-02-12 13:00:56	2	1	1	False	True
22064	electron-bot	2020-02-06 13:01:03	electron-bot	2020-02-08 13:01:14	2	1	1	False	True
22064	electron-bot	2020-02-06 13:01:03	electron-bot	2020-02-10 13:00:52	2	1	1	False	True
22063	electron-bot	2020-02-06 13:00:56	electron-bot	2020-02-06 13:00:55	2	1	1	True	True
22063	electron-bot	2020-02-06 13:00:56	codebytere	2020-02-10 22:24:31	49	0	49	False	True
22060	zcbenz	2020-02-06 07:23:11	zcbenz	2020-02-06 00:17:00	14	12	2	True	True
22056	MarshallOfSound	2020-02-05 23:01:39	MarshallOfSound	2020-02-05 23:00:06	32	21	11	True	True
22054	nornagon	2020-02-05 21:37:13	nornagon	2020-01-16 00:38:43	173	141	32	True	True
22052	MarshallOfSound	2020-02-05 20:38:52	MarshallOfSound	2020-02-05 20:38:07	2	1	1	True	True
22044	zcbenz	2020-02-05 08:07:24	zcbenz	2020-02-05 07:57:12	13	11	2	True	True
22043	erickzhao	2020-02-05 04:14:00	erickzhao	2020-02-05 04:09:09	8	4	4	True	True
22043	erickzhao	2020-02-05 04:14:00	erickzhao	2020-02-05 18:05:11	10	0	10	False	True
22041	zcbenz	2020-02-05 02:21:27	zcbenz	2020-02-05 02:10:18	8	8	0	True	True
22040	zcbenz	2020-02-05 02:13:04	zcbenz	2020-02-03 07:39:06	97	41	56	True	True
22040	zcbenz	2020-02-05 02:13:04	zcbenz	2020-02-05 06:36:26	4	4	0	False	True
22040	zcbenz	2020-02-05 02:13:04	zcbenz	2020-02-11 01:27:19	29	11	18	False	True
22040	zcbenz	2020-02-05 02:13:04	zcbenz	2020-02-03 07:57:35	14	7	7	True	True
22040	zcbenz	2020-02-05 02:13:04	zcbenz	2020-02-03 07:09:04	100	65	35	True	True
22040	zcbenz	2020-02-05 02:13:04	zhangzimeng01	2020-01-13 07:10:26	948	887	61	True	True
22039	erickzhao	2020-02-05 02:05:34	erickzhao	2020-02-05 02:03:46	25	25	0	True	True
22039	erickzhao	2020-02-05 02:05:34	erickzhao	2020-02-10 18:42:13	15	8	7	False	True
22036	codebytere	2020-02-04 21:02:34	codebytere	2020-02-04 19:06:03	11	9	2	True	True
22035	nornagon	2020-02-04 20:33:55	nornagon	2020-02-04 21:37:27	1	1	0	False	True
22035	nornagon	2020-02-04 20:33:55	nornagon	2020-02-04 20:32:16	1	1	0	True	True
22034	erickzhao	2020-02-04 19:45:24	erickzhao	2020-02-05 22:11:58	16	8	8	False	True
22034	erickzhao	2020-02-04 19:45:24	erickzhao	2020-02-05 20:38:16	2	1	1	False	True
22034	erickzhao	2020-02-04 19:45:24	erickzhao	2020-02-05 20:38:24	1	0	1	False	True
22034	erickzhao	2020-02-04 19:45:24	erickzhao	2020-02-04 19:33:35	18	13	5	True	True
22034	erickzhao	2020-02-04 19:45:24	erickzhao	2020-02-05 20:38:04	2	1	1	False	True
22033	jkleinsc	2020-02-04 19:00:47	jkleinsc	2020-02-04 20:38:15	8	3	5	False	True
22033	jkleinsc	2020-02-04 19:00:47	jkleinsc	2020-02-04 21:37:27	18	13	5	False	True
22033	jkleinsc	2020-02-04 19:00:47	jkleinsc	2020-02-04 20:44:50	6	3	3	False	True
22033	jkleinsc	2020-02-04 19:00:47	jkleinsc	2020-02-05 01:35:24	2	1	1	False	True
22033	jkleinsc	2020-02-04 19:00:47	jkleinsc	2020-02-04 18:40:37	24	19	5	True	True
22026	Zhwt	2020-02-04 14:17:54	Zhwt	2020-02-04 13:56:40	6	6	0	True	True
22025	electron-bot	2020-02-04 13:00:16	electron-bot	2020-02-04 13:00:15	2	1	1	True	True
22025	electron-bot	2020-02-04 13:00:16	codebytere	2020-02-06 00:17:40	32	15	17	False	True
22025	electron-bot	2020-02-04 13:00:16	electron-bot	2020-02-05 13:00:33	2	1	1	False	True
22025	electron-bot	2020-02-04 13:00:16	codebytere	2020-02-05 18:40:05	9	0	9	False	True
22025	electron-bot	2020-02-04 13:00:16	codebytere	2020-02-04 17:04:09	176	95	81	False	True
22025	electron-bot	2020-02-04 13:00:16	codebytere	2020-02-05 20:29:29	25	13	12	False	True
22025	electron-bot	2020-02-04 13:00:16	codebytere	2020-02-05 21:59:23	6	6	0	False	True
22025	electron-bot	2020-02-04 13:00:16	codebytere	2020-02-05 21:39:32	15	8	7	False	True
22025	electron-bot	2020-02-04 13:00:16	codebytere	2020-02-05 19:03:01	1	0	1	False	True
22021	nornagon	2020-02-04 00:48:33	nornagon	2020-02-05 21:41:09	6	3	3	False	True
22021	nornagon	2020-02-04 00:48:33	nornagon	2020-02-04 00:58:01	4	3	1	False	True
22021	nornagon	2020-02-04 00:48:33	nornagon	2020-02-05 21:23:28	1	1	0	False	True
22021	nornagon	2020-02-04 00:48:33	nornagon	2020-02-04 00:47:33	100	100	0	True	True
22020	nornagon	2020-02-03 23:49:40	nornagon	2020-02-03 23:43:46	12	9	3	True	True
22019	nornagon	2020-02-03 23:49:27	nornagon	2020-02-03 23:43:46	12	9	3	True	True
22016	seshrs	2020-02-03 18:48:07	seshrs	2020-02-01 03:20:15	32	32	0	True	True
22015	trop[bot]	2020-02-03 17:49:55	MarshallOfSound	2020-02-01 00:32:49	88	76	12	True	True
22014	codebytere	2020-02-03 17:17:44	codebytere	2020-02-02 07:34:20	50	48	2	True	True
22013	codebytere	2020-02-03 16:57:14	codebytere	2020-02-03 05:26:09	11	9	2	True	True
22012	codebytere	2020-02-03 16:52:02	codebytere	2020-01-31 19:20:11	95	55	40	True	True
22012	codebytere	2020-02-03 16:52:02	codebytere	2020-01-31 02:49:13	49	45	4	True	True
22011	codebytere	2020-02-03 16:39:31	codebytere	2020-01-31 19:20:11	93	52	41	True	True
22008	g1eny0ung	2020-02-03 07:11:14	g1eny0ung	2020-02-03 06:48:02	3	2	1	True	True
22006	zcbenz	2020-02-03 00:41:05	zcbenz	2020-01-31 06:43:32	65	42	23	True	True
22006	zcbenz	2020-02-03 00:41:05	zcbenz	2020-01-31 06:50:40	9	9	0	True	True
22006	zcbenz	2020-02-03 00:41:05	zcbenz	2020-01-31 07:15:00	30	23	7	True	True
22006	zcbenz	2020-02-03 00:41:05	zcbenz	2020-01-31 11:43:30	4	2	2	True	True
22001	electron-bot	2020-02-01 13:00:46	codebytere	2020-02-03 17:48:47	33	0	33	False	True
22001	electron-bot	2020-02-01 13:00:46	electron-bot	2020-02-01 13:00:45	2	1	1	True	True
22001	electron-bot	2020-02-01 13:00:46	codebytere	2020-02-03 18:10:55	26	25	1	False	True
22001	electron-bot	2020-02-01 13:00:46	electron-bot	2020-02-02 13:00:36	2	1	1	False	True
22001	electron-bot	2020-02-01 13:00:46	codebytere	2020-02-03 17:40:22	2	1	1	False	True
22001	electron-bot	2020-02-01 13:00:46	electron-bot	2020-02-03 13:00:25	2	1	1	False	True
22000	electron-bot	2020-02-01 13:00:41	electron-bot	2020-02-03 13:00:19	2	1	1	False	True
22000	electron-bot	2020-02-01 13:00:41	electron-bot	2020-02-02 13:00:32	2	1	1	False	True
22000	electron-bot	2020-02-01 13:00:41	electron-bot	2020-02-01 13:00:40	2	1	1	True	True
21998	trop[bot]	2020-02-01 01:50:30	MarshallOfSound	2020-01-29 20:29:49	84	66	18	True	True
21997	MarshallOfSound	2020-02-01 00:37:28	MarshallOfSound	2020-02-01 00:32:49	88	76	12	True	True
21996	GabrielBB	2020-02-01 00:21:05	GabrielBB	2020-02-01 00:19:40	6	5	1	True	True
