pr_number	author_user_login	pr_created_at	review_user_login	review_created_at	filename	create_before_pr	has_issue_comment	has_review_comment	has_commit
162	probablycorey	2014-01-21 00:45:38	keithduncan	2014-01-21 21:22:04	docs/api/browser/auto-updater.md	False	True	True	True
162	probablycorey	2014-01-21 00:45:38	keithduncan	2014-01-21 21:18:42	script/upload.py	False	True	True	True
162	probablycorey	2014-01-21 00:45:38	keithduncan	2014-01-21 21:18:42	vendor/brightray	False	True	True	True
162	probablycorey	2014-01-21 00:45:38	keithduncan	2014-01-21 21:18:42	script/cibuild	False	True	True	True
162	probablycorey	2014-01-21 00:45:38	keithduncan	2014-01-21 21:22:04	script/cpplint.py	False	True	True	True
162	probablycorey	2014-01-21 00:45:38	keithduncan	2014-01-21 21:22:04	common.gypi	False	True	True	True
162	probablycorey	2014-01-21 00:45:38	keithduncan	2014-01-21 21:22:04	browser/auto_updater_mac.mm	True	True	True	True
162	probablycorey	2014-01-21 00:45:38	keithduncan	2014-01-21 21:22:04	script/update-frameworks.py	True	True	True	True
162	probablycorey	2014-01-21 00:45:38	keithduncan	2014-01-21 21:22:04	atom.gyp	True	True	True	True
162	probablycorey	2014-01-21 00:45:38	keithduncan	2014-01-21 21:18:42	script/create-dist.py	False	True	True	True
162	probablycorey	2014-01-21 00:45:38	keithduncan	2014-01-21 21:18:42	script/lib/config.py	False	True	True	True
162	probablycorey	2014-01-21 00:45:38	keithduncan	2014-01-21 21:18:42	common/resources/mac/Info.plist	False	True	True	True
162	probablycorey	2014-01-21 00:45:38	keithduncan	2014-01-21 21:18:42	script/bootstrap.py	False	True	True	True
162	probablycorey	2014-01-21 00:45:38	keithduncan	2014-01-21 21:18:42	renderer/resources/mac/Info.plist	False	True	True	True
162	probablycorey	2014-01-21 00:45:38	keithduncan	2014-01-21 21:18:42	renderer/atom_renderer_client.h	False	True	True	True
162	probablycorey	2014-01-21 00:45:38	keithduncan	2014-01-21 21:18:42	renderer/atom_renderer_client.cc	False	True	True	True
162	probablycorey	2014-01-21 00:45:38	keithduncan	2014-01-21 21:18:42	renderer/atom_render_view_observer.cc	False	True	True	True
162	probablycorey	2014-01-21 00:45:38	keithduncan	2014-01-21 21:18:42	docs/api/browser/browser-window.md	False	True	True	True
162	probablycorey	2014-01-21 00:45:38	keithduncan	2014-01-21 21:18:42	common/resources/mac/MainMenu.xib	False	True	True	True
162	probablycorey	2014-01-21 00:45:38	keithduncan	2014-01-21 21:18:42	common/options_switches.h	False	True	True	True
162	probablycorey	2014-01-21 00:45:38	keithduncan	2014-01-21 21:18:42	browser/resources/win/resource.h	False	True	True	True
162	probablycorey	2014-01-21 00:45:38	keithduncan	2014-01-21 21:22:04	browser/api/atom_api_auto_updater.cc	False	True	True	True
162	probablycorey	2014-01-21 00:45:38	keithduncan	2014-01-21 21:18:42	common/options_switches.cc	False	True	True	True
162	probablycorey	2014-01-21 00:45:38	keithduncan	2014-01-21 21:22:04	atom.gyp	False	True	True	True
162	probablycorey	2014-01-21 00:45:38	keithduncan	2014-01-21 21:22:04	common/api/atom_api_clipboard.cc	False	True	True	True
162	probablycorey	2014-01-21 00:45:38	keithduncan	2014-01-21 21:22:04	browser/api/atom_api_auto_updater.h	False	True	True	True
162	probablycorey	2014-01-21 00:45:38	keithduncan	2014-01-21 21:22:04	browser/api/lib/auto-updater.coffee	False	True	True	True
162	probablycorey	2014-01-21 00:45:38	keithduncan	2014-01-21 21:22:04	common/api/atom_api_shell.cc	False	True	True	True
162	probablycorey	2014-01-21 00:45:38	keithduncan	2014-01-21 21:18:42	browser/resources/win/atom.ico	False	True	True	True
162	probablycorey	2014-01-21 00:45:38	keithduncan	2014-01-21 21:22:04	common/api/atom_api_screen.cc	False	True	True	True
162	probablycorey	2014-01-21 00:45:38	keithduncan	2014-01-21 21:22:04	common/api/atom_api_id_weak_map.cc	False	True	True	True
162	probablycorey	2014-01-21 00:45:38	keithduncan	2014-01-21 21:22:04	common/api/atom_api_event_emitter.cc	False	True	True	True
162	probablycorey	2014-01-21 00:45:38	keithduncan	2014-01-21 21:22:04	browser/mac/Info.plist	False	True	True	True
162	probablycorey	2014-01-21 00:45:38	keithduncan	2014-01-21 21:22:04	browser/atom_browser_main_parts.cc	False	True	True	True
162	probablycorey	2014-01-21 00:45:38	keithduncan	2014-01-21 21:22:04	browser/api/atom_browser_bindings.cc	False	True	True	True
162	probablycorey	2014-01-21 00:45:38	keithduncan	2014-01-21 21:22:04	browser/api/atom_api_window.cc	False	True	True	True
162	probablycorey	2014-01-21 00:45:38	keithduncan	2014-01-21 21:22:04	browser/api/atom_api_protocol.cc	False	True	True	True
162	probablycorey	2014-01-21 00:45:38	keithduncan	2014-01-21 21:22:04	browser/api/atom_api_power_monitor.cc	False	True	True	True
162	probablycorey	2014-01-21 00:45:38	keithduncan	2014-01-21 21:22:04	browser/api/atom_api_menu_win.cc	False	True	True	True
162	probablycorey	2014-01-21 00:45:38	keithduncan	2014-01-21 21:22:04	browser/api/atom_api_menu_mac.mm	False	True	True	True
162	probablycorey	2014-01-21 00:45:38	keithduncan	2014-01-21 21:22:04	browser/api/atom_api_menu.cc	False	True	True	True
162	probablycorey	2014-01-21 00:45:38	keithduncan	2014-01-21 21:22:04	browser/api/atom_api_dialog.cc	False	True	True	True
162	probablycorey	2014-01-21 00:45:38	keithduncan	2014-01-21 21:22:04	browser/api/atom_api_app.cc	False	True	True	True
162	probablycorey	2014-01-21 00:45:38	keithduncan	2014-01-21 21:22:04	app/win/atom.rc	False	True	True	True
162	probablycorey	2014-01-21 00:45:38	keithduncan	2014-01-21 21:22:04	browser/auto_updater_mac.mm	False	True	True	True
162	probablycorey	2014-01-21 00:45:38	keithduncan	2014-01-21 21:22:04	browser/auto_updater_delegate.h	False	True	True	True
162	probablycorey	2014-01-21 00:45:38	keithduncan	2014-01-21 21:22:04	browser/auto_updater_delegate.cc	False	True	True	True
162	probablycorey	2014-01-21 00:45:38	keithduncan	2014-01-21 21:22:04	browser/auto_updater.h	False	True	True	True
162	probablycorey	2014-01-21 00:45:38	keithduncan	2014-01-21 21:18:42	browser/resources/win/atom.rc	False	True	True	True
162	probablycorey	2014-01-21 00:45:38	keithduncan	2014-01-21 21:18:42	atom.gyp	False	True	True	True
162	probablycorey	2014-01-21 00:45:38	keithduncan	2014-01-21 21:18:42	browser/resources/mac/atom.icns	False	True	True	True
162	probablycorey	2014-01-21 00:45:38	keithduncan	2014-01-21 21:18:42	browser/api/atom_api_window.cc	False	True	True	True
162	probablycorey	2014-01-21 00:45:38	keithduncan	2014-01-21 21:18:42	browser/api/atom_api_power_monitor.cc	False	True	True	True
162	probablycorey	2014-01-21 00:45:38	keithduncan	2014-01-21 21:18:42	browser/api/atom_api_menu_win.cc	False	True	True	True
162	probablycorey	2014-01-21 00:45:38	keithduncan	2014-01-21 21:18:42	browser/api/atom_api_menu_mac.mm	False	True	True	True
162	probablycorey	2014-01-21 00:45:38	keithduncan	2014-01-21 21:18:42	browser/api/atom_api_menu.cc	False	True	True	True
162	probablycorey	2014-01-21 00:45:38	keithduncan	2014-01-21 21:18:42	browser/api/atom_api_dialog.cc	False	True	True	True
162	probablycorey	2014-01-21 00:45:38	keithduncan	2014-01-21 21:18:42	browser/api/atom_api_app.cc	False	True	True	True
162	probablycorey	2014-01-21 00:45:38	keithduncan	2014-01-21 21:18:42	app/win/atom.rc	False	True	True	True
162	probablycorey	2014-01-21 00:45:38	keithduncan	2014-01-21 21:18:42	browser/auto_updater_mac.mm	False	True	True	True
162	probablycorey	2014-01-21 00:45:38	keithduncan	2014-01-21 21:18:42	browser/auto_updater_delegate.h	False	True	True	True
162	probablycorey	2014-01-21 00:45:38	keithduncan	2014-01-21 21:18:42	browser/auto_updater_delegate.cc	False	True	True	True
162	probablycorey	2014-01-21 00:45:38	keithduncan	2014-01-21 21:18:42	browser/auto_updater.h	False	True	True	True
162	probablycorey	2014-01-21 00:45:38	keithduncan	2014-01-21 21:18:42	browser/api/lib/auto-updater.coffee	False	True	True	True
162	probablycorey	2014-01-21 00:45:38	keithduncan	2014-01-21 21:18:42	browser/api/atom_api_auto_updater.h	False	True	True	True
162	probablycorey	2014-01-21 00:45:38	keithduncan	2014-01-21 21:18:42	browser/api/atom_api_auto_updater.cc	False	True	True	True
162	probablycorey	2014-01-21 00:45:38	keithduncan	2014-01-21 21:18:42	script/cpplint.py	False	True	True	True
162	probablycorey	2014-01-21 00:45:38	keithduncan	2014-01-21 21:18:42	common.gypi	False	True	True	True
162	probablycorey	2014-01-21 00:45:38	keithduncan	2014-01-21 21:18:42	atom.gyp	True	True	True	True
162	probablycorey	2014-01-21 00:45:38	keithduncan	2014-01-21 21:18:42	script/update-frameworks.py	True	True	True	True
162	probablycorey	2014-01-21 00:45:38	keithduncan	2014-01-21 21:18:42	browser/auto_updater_mac.mm	True	True	True	True
162	probablycorey	2014-01-21 00:45:38	keithduncan	2014-01-21 21:18:42	docs/api/browser/auto-updater.md	False	True	True	True
162	probablycorey	2014-01-21 00:45:38	keithduncan	2014-01-21 21:22:04	common/api/atom_bindings.cc	False	True	True	True
162	probablycorey	2014-01-21 00:45:38	keithduncan	2014-01-21 21:18:42	browser/api/atom_api_protocol.cc	False	True	True	True
162	probablycorey	2014-01-21 00:45:38	keithduncan	2014-01-21 21:18:42	browser/api/atom_browser_bindings.cc	False	True	True	True
162	probablycorey	2014-01-21 00:45:38	keithduncan	2014-01-21 21:18:42	browser/resources/mac/Info.plist	False	True	True	True
162	probablycorey	2014-01-21 00:45:38	keithduncan	2014-01-21 21:18:42	browser/atom_browser_main_parts.cc	False	True	True	True
162	probablycorey	2014-01-21 00:45:38	keithduncan	2014-01-21 21:18:42	browser/native_window.h	False	True	True	True
162	probablycorey	2014-01-21 00:45:38	keithduncan	2014-01-21 21:18:42	browser/native_window.cc	False	True	True	True
162	probablycorey	2014-01-21 00:45:38	keithduncan	2014-01-21 21:18:42	browser/lib/init.coffee	False	True	True	True
162	probablycorey	2014-01-21 00:45:38	keithduncan	2014-01-21 21:18:42	browser/default_app/main.js	False	True	True	True
162	probablycorey	2014-01-21 00:45:38	keithduncan	2014-01-21 21:18:42	browser/atom_browser_client.h	False	True	True	True
162	probablycorey	2014-01-21 00:45:38	keithduncan	2014-01-21 21:18:42	browser/atom_browser_client.cc	False	True	True	True
162	probablycorey	2014-01-21 00:45:38	keithduncan	2014-01-21 21:18:42	app/atom_main_delegate.cc	False	True	True	True
162	probablycorey	2014-01-21 00:45:38	keithduncan	2014-01-21 21:18:42	vendor/node	False	True	True	True
162	probablycorey	2014-01-21 00:45:38	keithduncan	2014-01-21 21:18:42	script/bump-version.py	False	True	True	True
162	probablycorey	2014-01-21 00:45:38	keithduncan	2014-01-21 21:18:42	renderer/lib/init.coffee	False	True	True	True
162	probablycorey	2014-01-21 00:45:38	keithduncan	2014-01-21 21:18:42	package.json	False	True	True	True
162	probablycorey	2014-01-21 00:45:38	keithduncan	2014-01-21 21:18:42	common/node_bindings.cc	False	True	True	True
162	probablycorey	2014-01-21 00:45:38	keithduncan	2014-01-21 21:18:42	common/atom_version.h	False	True	True	True
162	probablycorey	2014-01-21 00:45:38	keithduncan	2014-01-21 21:18:42	common/api/atom_bindings.cc	False	True	True	True
162	probablycorey	2014-01-21 00:45:38	keithduncan	2014-01-21 21:18:42	common/api/atom_api_v8_util.cc	False	True	True	True
162	probablycorey	2014-01-21 00:45:38	keithduncan	2014-01-21 21:18:42	common/api/atom_api_shell.cc	False	True	True	True
162	probablycorey	2014-01-21 00:45:38	keithduncan	2014-01-21 21:18:42	common/api/atom_api_screen.cc	False	True	True	True
162	probablycorey	2014-01-21 00:45:38	keithduncan	2014-01-21 21:18:42	common/api/atom_api_id_weak_map.cc	False	True	True	True
162	probablycorey	2014-01-21 00:45:38	keithduncan	2014-01-21 21:18:42	common/api/atom_api_event_emitter.cc	False	True	True	True
162	probablycorey	2014-01-21 00:45:38	keithduncan	2014-01-21 21:18:42	common/api/atom_api_clipboard.cc	False	True	True	True
162	probablycorey	2014-01-21 00:45:38	keithduncan	2014-01-21 21:18:42	browser/mac/Info.plist	False	True	True	True
162	probablycorey	2014-01-21 00:45:38	keithduncan	2014-01-21 21:22:04	common/api/atom_api_v8_util.cc	False	True	True	True
162	probablycorey	2014-01-21 00:45:38	keithduncan	2014-01-21 21:21:56	browser/resources/mac/atom.icns	False	True	True	True
162	probablycorey	2014-01-21 00:45:38	keithduncan	2014-01-21 21:22:04	common/atom_version.h	False	True	True	True
162	probablycorey	2014-01-21 00:45:38	keithduncan	2014-01-21 21:21:56	browser/atom_browser_client.h	False	True	True	True
162	probablycorey	2014-01-21 00:45:38	keithduncan	2014-01-21 21:21:56	app/atom_main_delegate.cc	False	True	True	True
162	probablycorey	2014-01-21 00:45:38	keithduncan	2014-01-21 21:21:56	vendor/node	False	True	True	True
162	probablycorey	2014-01-21 00:45:38	keithduncan	2014-01-21 21:21:56	script/bump-version.py	False	True	True	True
162	probablycorey	2014-01-21 00:45:38	keithduncan	2014-01-21 21:21:56	renderer/lib/init.coffee	False	True	True	True
162	probablycorey	2014-01-21 00:45:38	keithduncan	2014-01-21 21:21:56	package.json	False	True	True	True
162	probablycorey	2014-01-21 00:45:38	keithduncan	2014-01-21 21:21:56	common/node_bindings.cc	False	True	True	True
162	probablycorey	2014-01-21 00:45:38	keithduncan	2014-01-21 21:21:56	common/atom_version.h	False	True	True	True
162	probablycorey	2014-01-21 00:45:38	keithduncan	2014-01-21 21:21:56	common/api/atom_bindings.cc	False	True	True	True
162	probablycorey	2014-01-21 00:45:38	keithduncan	2014-01-21 21:21:56	common/api/atom_api_v8_util.cc	False	True	True	True
162	probablycorey	2014-01-21 00:45:38	keithduncan	2014-01-21 21:21:56	common/api/atom_api_shell.cc	False	True	True	True
162	probablycorey	2014-01-21 00:45:38	keithduncan	2014-01-21 21:21:56	common/api/atom_api_screen.cc	False	True	True	True
162	probablycorey	2014-01-21 00:45:38	keithduncan	2014-01-21 21:21:56	common/api/atom_api_id_weak_map.cc	False	True	True	True
162	probablycorey	2014-01-21 00:45:38	keithduncan	2014-01-21 21:21:56	common/api/atom_api_event_emitter.cc	False	True	True	True
162	probablycorey	2014-01-21 00:45:38	keithduncan	2014-01-21 21:21:56	common/api/atom_api_clipboard.cc	False	True	True	True
162	probablycorey	2014-01-21 00:45:38	keithduncan	2014-01-21 21:21:56	browser/mac/Info.plist	False	True	True	True
162	probablycorey	2014-01-21 00:45:38	keithduncan	2014-01-21 21:21:56	browser/atom_browser_main_parts.cc	False	True	True	True
162	probablycorey	2014-01-21 00:45:38	keithduncan	2014-01-21 21:22:04	common/node_bindings.cc	False	True	True	True
162	probablycorey	2014-01-21 00:45:38	keithduncan	2014-01-21 21:21:56	browser/api/atom_api_window.cc	False	True	True	True
162	probablycorey	2014-01-21 00:45:38	keithduncan	2014-01-21 21:21:56	browser/api/atom_api_protocol.cc	False	True	True	True
162	probablycorey	2014-01-21 00:45:38	keithduncan	2014-01-21 21:21:56	browser/api/atom_api_power_monitor.cc	False	True	True	True
162	probablycorey	2014-01-21 00:45:38	keithduncan	2014-01-21 21:21:56	browser/api/atom_api_menu_win.cc	False	True	True	True
162	probablycorey	2014-01-21 00:45:38	keithduncan	2014-01-21 21:21:56	browser/atom_browser_client.cc	False	True	True	True
162	probablycorey	2014-01-21 00:45:38	keithduncan	2014-01-21 21:21:56	browser/default_app/main.js	False	True	True	True
162	probablycorey	2014-01-21 00:45:38	keithduncan	2014-01-21 21:21:56	browser/api/atom_api_menu.cc	False	True	True	True
162	probablycorey	2014-01-21 00:45:38	keithduncan	2014-01-21 21:21:56	browser/lib/init.coffee	False	True	True	True
162	probablycorey	2014-01-21 00:45:38	keithduncan	2014-01-21 21:21:56	script/cibuild	False	True	True	True
162	probablycorey	2014-01-21 00:45:38	keithduncan	2014-01-21 21:21:56	vendor/brightray	False	True	True	True
162	probablycorey	2014-01-21 00:45:38	keithduncan	2014-01-21 21:21:56	script/upload.py	False	True	True	True
162	probablycorey	2014-01-21 00:45:38	keithduncan	2014-01-21 21:21:56	script/lib/config.py	False	True	True	True
162	probablycorey	2014-01-21 00:45:38	keithduncan	2014-01-21 21:21:56	script/create-dist.py	False	True	True	True
162	probablycorey	2014-01-21 00:45:38	keithduncan	2014-01-21 21:21:56	script/bootstrap.py	False	True	True	True
162	probablycorey	2014-01-21 00:45:38	keithduncan	2014-01-21 21:21:56	renderer/resources/mac/Info.plist	False	True	True	True
162	probablycorey	2014-01-21 00:45:38	keithduncan	2014-01-21 21:21:56	renderer/atom_renderer_client.h	False	True	True	True
162	probablycorey	2014-01-21 00:45:38	keithduncan	2014-01-21 21:21:56	renderer/atom_renderer_client.cc	False	True	True	True
162	probablycorey	2014-01-21 00:45:38	keithduncan	2014-01-21 21:21:56	renderer/atom_render_view_observer.cc	False	True	True	True
162	probablycorey	2014-01-21 00:45:38	keithduncan	2014-01-21 21:21:56	docs/api/browser/browser-window.md	False	True	True	True
162	probablycorey	2014-01-21 00:45:38	keithduncan	2014-01-21 21:21:56	common/resources/mac/MainMenu.xib	False	True	True	True
162	probablycorey	2014-01-21 00:45:38	keithduncan	2014-01-21 21:21:56	common/resources/mac/Info.plist	False	True	True	True
162	probablycorey	2014-01-21 00:45:38	keithduncan	2014-01-21 21:21:56	common/options_switches.h	False	True	True	True
162	probablycorey	2014-01-21 00:45:38	keithduncan	2014-01-21 21:21:56	common/options_switches.cc	False	True	True	True
162	probablycorey	2014-01-21 00:45:38	keithduncan	2014-01-21 21:21:56	browser/resources/win/resource.h	False	True	True	True
162	probablycorey	2014-01-21 00:45:38	keithduncan	2014-01-21 21:21:56	browser/resources/win/atom.rc	False	True	True	True
162	probablycorey	2014-01-21 00:45:38	keithduncan	2014-01-21 21:21:56	browser/resources/win/atom.ico	False	True	True	True
162	probablycorey	2014-01-21 00:45:38	keithduncan	2014-01-21 21:21:56	browser/resources/mac/Info.plist	False	True	True	True
162	probablycorey	2014-01-21 00:45:38	keithduncan	2014-01-21 21:21:56	browser/native_window.h	False	True	True	True
162	probablycorey	2014-01-21 00:45:38	keithduncan	2014-01-21 21:21:56	browser/native_window.cc	False	True	True	True
162	probablycorey	2014-01-21 00:45:38	keithduncan	2014-01-21 21:21:56	browser/api/atom_api_menu_mac.mm	False	True	True	True
162	probablycorey	2014-01-21 00:45:38	keithduncan	2014-01-21 21:21:56	browser/api/atom_browser_bindings.cc	False	True	True	True
162	probablycorey	2014-01-21 00:45:38	keithduncan	2014-01-21 21:21:56	browser/api/atom_api_dialog.cc	False	True	True	True
162	probablycorey	2014-01-21 00:45:38	keithduncan	2014-01-21 21:22:04	renderer/atom_renderer_client.cc	False	True	True	True
162	probablycorey	2014-01-21 00:45:38	keithduncan	2014-01-21 21:22:04	docs/api/browser/browser-window.md	False	True	True	True
162	probablycorey	2014-01-21 00:45:38	keithduncan	2014-01-21 21:22:04	common/resources/mac/MainMenu.xib	False	True	True	True
162	probablycorey	2014-01-21 00:45:38	keithduncan	2014-01-21 21:22:04	common/resources/mac/Info.plist	False	True	True	True
162	probablycorey	2014-01-21 00:45:38	keithduncan	2014-01-21 21:22:04	common/options_switches.h	False	True	True	True
162	probablycorey	2014-01-21 00:45:38	keithduncan	2014-01-21 21:21:56	browser/api/atom_api_app.cc	False	True	True	True
162	probablycorey	2014-01-21 00:45:38	keithduncan	2014-01-21 21:22:04	browser/resources/win/resource.h	False	True	True	True
162	probablycorey	2014-01-21 00:45:38	keithduncan	2014-01-21 21:22:04	browser/resources/win/atom.rc	False	True	True	True
162	probablycorey	2014-01-21 00:45:38	keithduncan	2014-01-21 21:22:04	browser/resources/win/atom.ico	False	True	True	True
162	probablycorey	2014-01-21 00:45:38	keithduncan	2014-01-21 21:22:04	browser/resources/mac/atom.icns	False	True	True	True
162	probablycorey	2014-01-21 00:45:38	keithduncan	2014-01-21 21:22:04	browser/resources/mac/Info.plist	False	True	True	True
162	probablycorey	2014-01-21 00:45:38	keithduncan	2014-01-21 21:22:04	browser/native_window.h	False	True	True	True
162	probablycorey	2014-01-21 00:45:38	keithduncan	2014-01-21 21:22:04	browser/native_window.cc	False	True	True	True
162	probablycorey	2014-01-21 00:45:38	keithduncan	2014-01-21 21:22:04	browser/lib/init.coffee	False	True	True	True
162	probablycorey	2014-01-21 00:45:38	keithduncan	2014-01-21 21:22:04	browser/default_app/main.js	False	True	True	True
162	probablycorey	2014-01-21 00:45:38	keithduncan	2014-01-21 21:22:04	browser/atom_browser_client.h	False	True	True	True
162	probablycorey	2014-01-21 00:45:38	keithduncan	2014-01-21 21:22:04	browser/atom_browser_client.cc	False	True	True	True
162	probablycorey	2014-01-21 00:45:38	keithduncan	2014-01-21 21:22:04	app/atom_main_delegate.cc	False	True	True	True
162	probablycorey	2014-01-21 00:45:38	keithduncan	2014-01-21 21:22:04	vendor/node	False	True	True	True
162	probablycorey	2014-01-21 00:45:38	keithduncan	2014-01-21 21:22:04	script/bump-version.py	False	True	True	True
162	probablycorey	2014-01-21 00:45:38	keithduncan	2014-01-21 21:22:04	renderer/lib/init.coffee	False	True	True	True
162	probablycorey	2014-01-21 00:45:38	keithduncan	2014-01-21 21:22:04	package.json	False	True	True	True
162	probablycorey	2014-01-21 00:45:38	keithduncan	2014-01-21 21:22:04	renderer/atom_render_view_observer.cc	False	True	True	True
162	probablycorey	2014-01-21 00:45:38	keithduncan	2014-01-21 21:22:04	common/options_switches.cc	False	True	True	True
162	probablycorey	2014-01-21 00:45:38	keithduncan	2014-01-21 21:22:04	renderer/atom_renderer_client.h	False	True	True	True
162	probablycorey	2014-01-21 00:45:38	keithduncan	2014-01-21 21:21:56	common.gypi	False	True	True	True
162	probablycorey	2014-01-21 00:45:38	keithduncan	2014-01-21 21:21:56	app/win/atom.rc	False	True	True	True
162	probablycorey	2014-01-21 00:45:38	keithduncan	2014-01-21 21:21:56	browser/auto_updater_mac.mm	False	True	True	True
162	probablycorey	2014-01-21 00:45:38	keithduncan	2014-01-21 21:21:56	browser/auto_updater_delegate.h	False	True	True	True
162	probablycorey	2014-01-21 00:45:38	keithduncan	2014-01-21 21:22:04	renderer/resources/mac/Info.plist	False	True	True	True
162	probablycorey	2014-01-21 00:45:38	keithduncan	2014-01-21 21:21:56	browser/auto_updater.h	False	True	True	True
162	probablycorey	2014-01-21 00:45:38	keithduncan	2014-01-21 21:21:56	browser/api/lib/auto-updater.coffee	False	True	True	True
162	probablycorey	2014-01-21 00:45:38	keithduncan	2014-01-21 21:21:56	browser/api/atom_api_auto_updater.h	False	True	True	True
162	probablycorey	2014-01-21 00:45:38	keithduncan	2014-01-21 21:21:56	browser/api/atom_api_auto_updater.cc	False	True	True	True
162	probablycorey	2014-01-21 00:45:38	keithduncan	2014-01-21 21:21:56	atom.gyp	False	True	True	True
162	probablycorey	2014-01-21 00:45:38	keithduncan	2014-01-21 21:21:56	script/cpplint.py	False	True	True	True
162	probablycorey	2014-01-21 00:45:38	keithduncan	2014-01-21 21:21:56	browser/auto_updater_delegate.cc	False	True	True	True
162	probablycorey	2014-01-21 00:45:38	keithduncan	2014-01-21 21:21:56	atom.gyp	True	True	True	True
162	probablycorey	2014-01-21 00:45:38	keithduncan	2014-01-21 21:22:04	script/upload.py	False	True	True	True
162	probablycorey	2014-01-21 00:45:38	keithduncan	2014-01-21 21:21:56	script/update-frameworks.py	True	True	True	True
162	probablycorey	2014-01-21 00:45:38	keithduncan	2014-01-21 21:22:04	script/bootstrap.py	False	True	True	True
162	probablycorey	2014-01-21 00:45:38	keithduncan	2014-01-21 21:22:04	script/lib/config.py	False	True	True	True
162	probablycorey	2014-01-21 00:45:38	keithduncan	2014-01-21 21:22:04	script/create-dist.py	False	True	True	True
162	probablycorey	2014-01-21 00:45:38	keithduncan	2014-01-21 21:22:04	vendor/brightray	False	True	True	True
162	probablycorey	2014-01-21 00:45:38	keithduncan	2014-01-21 21:22:04	script/cibuild	False	True	True	True
162	probablycorey	2014-01-21 00:45:38	keithduncan	2014-01-21 21:21:56	docs/api/browser/auto-updater.md	False	True	True	True
162	probablycorey	2014-01-21 00:45:38	keithduncan	2014-01-21 21:21:56	browser/auto_updater_mac.mm	True	True	True	True
