pr_number	author_user_login	pr_created_at	review_comment_user_login	review_comment_created_at	is_review_review_comment
6298	jhen0409	2016-06-30 07:50:18	kevinsawicki	2016-07-01 15:42:53	True
6298	jhen0409	2016-06-30 07:50:18	zcbenz	2016-07-01 14:33:09	True
6243	jnugh	2016-06-26 00:35:31	sindresorhus	2016-06-29 13:42:09	True
6243	jnugh	2016-06-26 00:35:31	kevinsawicki	2016-06-29 18:16:16	True
6243	jnugh	2016-06-26 00:35:31	sindresorhus	2016-06-29 13:41:21	True
6243	jnugh	2016-06-26 00:35:31	sindresorhus	2016-06-29 13:40:44	True
6243	jnugh	2016-06-26 00:35:31	kevinsawicki	2016-06-28 20:45:52	True
6243	jnugh	2016-06-26 00:35:31	kevinsawicki	2016-06-28 20:37:35	True
6243	jnugh	2016-06-26 00:35:31	kevinsawicki	2016-06-28 20:16:31	True
6243	jnugh	2016-06-26 00:35:31	kevinsawicki	2016-06-28 20:44:13	True
6243	jnugh	2016-06-26 00:35:31	kevinsawicki	2016-06-28 20:11:43	True
6243	jnugh	2016-06-26 00:35:31	zcbenz	2016-06-26 03:16:33	True
6243	jnugh	2016-06-26 00:35:31	zcbenz	2016-06-26 03:15:34	True
6243	jnugh	2016-06-26 00:35:31	kevinsawicki	2016-06-28 20:37:22	True
6243	jnugh	2016-06-26 00:35:31	kevinsawicki	2016-06-28 20:35:07	True
6225	miniak	2016-06-24 15:50:06	kevinsawicki	2016-06-29 23:31:02	True
6225	miniak	2016-06-24 15:50:06	kevinsawicki	2016-06-29 23:50:19	True
6190	kevinsawicki	2016-06-22 21:09:02	sindresorhus	2016-06-22 21:55:38	True
6190	kevinsawicki	2016-06-22 21:09:02	sindresorhus	2016-06-22 22:00:31	True
6190	kevinsawicki	2016-06-22 21:09:02	sindresorhus	2016-06-22 22:06:04	True
6190	kevinsawicki	2016-06-22 21:09:02	sindresorhus	2016-06-22 22:05:25	True
6190	kevinsawicki	2016-06-22 21:09:02	sindresorhus	2016-06-22 22:03:39	True
6190	kevinsawicki	2016-06-22 21:09:02	sindresorhus	2016-06-22 21:59:09	True
6190	kevinsawicki	2016-06-22 21:09:02	sindresorhus	2016-06-22 21:56:52	True
6180	jhen0409	2016-06-22 11:55:18	kevinsawicki	2016-06-22 23:35:40	True
6173	arifcakiroglu	2016-06-22 07:12:13	zcbenz	2016-06-22 07:59:29	True
6164	brenca	2016-06-21 11:48:07	zcbenz	2016-06-21 23:52:14	True
6164	brenca	2016-06-21 11:48:07	zcbenz	2016-06-21 23:52:15	True
6164	brenca	2016-06-21 11:48:07	zcbenz	2016-06-21 23:52:22	True
6154	kevinsawicki	2016-06-21 00:12:36	zcbenz	2016-06-21 01:30:42	True
6111	zeke	2016-06-17 19:36:45	danhp	2016-06-23 13:21:19	True
6111	zeke	2016-06-17 19:36:45	jlord	2016-06-20 15:18:05	True
6111	zeke	2016-06-17 19:36:45	zcbenz	2016-06-21 01:27:31	True
6111	zeke	2016-06-17 19:36:45	kevinsawicki	2016-06-17 22:18:21	True
6111	zeke	2016-06-17 19:36:45	kevinsawicki	2016-06-17 20:04:08	True
6111	zeke	2016-06-17 19:36:45	zcbenz	2016-06-21 01:25:11	True
6111	zeke	2016-06-17 19:36:45	zcbenz	2016-06-21 01:25:08	True
6110	danhp	2016-06-17 18:12:25	kevinsawicki	2016-06-17 21:00:40	True
6099	kyo4311	2016-06-17 03:06:56	kevinsawicki	2016-06-17 22:29:19	True
6068	kevinsawicki	2016-06-15 21:01:27	zcbenz	2016-06-17 00:24:52	True
6068	kevinsawicki	2016-06-15 21:01:27	zcbenz	2016-06-16 07:07:09	True
6035	kevinsawicki	2016-06-14 00:05:05	zcbenz	2016-06-14 01:15:43	True
6035	kevinsawicki	2016-06-14 00:05:05	zcbenz	2016-06-14 01:15:46	True
5974	jlord	2016-06-09 23:37:35	zcbenz	2016-06-10 12:09:28	True
5966	felixrieseberg	2016-06-09 18:28:23	kevinsawicki	2016-06-09 21:19:29	True
5966	felixrieseberg	2016-06-09 18:28:23	kevinsawicki	2016-06-09 21:20:32	True
5923	kevinsawicki	2016-06-07 23:35:39	zcbenz	2016-06-08 01:59:53	True
5921	kevinsawicki	2016-06-07 20:18:56	zcbenz	2016-06-08 01:53:43	True
5921	kevinsawicki	2016-06-07 20:18:56	zcbenz	2016-06-08 01:45:12	True
5921	kevinsawicki	2016-06-07 20:18:56	zcbenz	2016-06-08 01:45:15	True
5913	kevinsawicki	2016-06-07 17:07:10	zcbenz	2016-06-08 01:12:37	True
5913	kevinsawicki	2016-06-07 17:07:10	zcbenz	2016-06-08 01:12:41	True
5913	kevinsawicki	2016-06-07 17:07:10	zcbenz	2016-06-08 01:12:34	True
5911	mafintosh	2016-06-07 12:47:18	danhp	2016-06-07 20:58:35	True
5904	deepak1556	2016-06-07 07:36:19	zcbenz	2016-06-09 01:40:57	True
5904	deepak1556	2016-06-07 07:36:19	kevinsawicki	2016-06-07 15:45:34	True
5904	deepak1556	2016-06-07 07:36:19	zcbenz	2016-06-09 01:40:48	True
5904	deepak1556	2016-06-07 07:36:19	zcbenz	2016-06-09 01:41:02	True
5904	deepak1556	2016-06-07 07:36:19	zcbenz	2016-06-09 01:40:50	True
5879	miniak	2016-06-05 22:40:52	ssova-4xxi	2016-06-06 11:29:25	True
5859	felixrieseberg	2016-06-03 21:31:50	mnquintana	2016-06-04 00:38:43	True
5841	envygeeks	2016-06-03 01:13:08	anaisbetts	2016-06-03 01:21:41	True
5832	wolfgang42	2016-06-01 21:23:23	kevinsawicki	2016-06-01 21:48:46	True
