pr_number	author_user_login	pr_created_at	commit_user_login	commit_created_at	commit_status_total	commit_status_additions	commit_status_deletions	create_before_pr	is_review_commit
7041	Ikana	2016-08-31 03:26:58	roderik	2016-08-31 03:25:04	6	6	0	True	True
6999	hellonearthis	2016-08-26 17:09:36	hellonearthis	2016-08-26 17:15:08	458	8	450	False	True
6999	hellonearthis	2016-08-26 17:09:36	hellonearthis	2016-08-26 17:17:59	2	2	0	False	True
6999	hellonearthis	2016-08-26 17:09:36	hellonearthis	2016-08-27 15:35:24	2	1	1	False	True
6999	hellonearthis	2016-08-26 17:09:36	hellonearthis	2016-08-25 17:48:17	546	546	0	True	True
6998	kevinsawicki	2016-08-26 16:46:28	kevinsawicki	2016-08-29 17:35:07	4	2	2	False	True
6998	kevinsawicki	2016-08-26 16:46:28	kevinsawicki	2016-08-29 17:13:13	18	5	13	False	True
6998	kevinsawicki	2016-08-26 16:46:28	kevinsawicki	2016-08-29 17:25:05	19	19	0	False	True
6998	kevinsawicki	2016-08-26 16:46:28	kevinsawicki	2016-08-29 17:27:34	4	2	2	False	True
6998	kevinsawicki	2016-08-26 16:46:28	kevinsawicki	2016-08-30 15:51:22	8	3	5	False	True
6998	kevinsawicki	2016-08-26 16:46:28	kevinsawicki	2016-08-30 16:27:12	11	7	4	False	True
6998	kevinsawicki	2016-08-26 16:46:28	kevinsawicki	2016-08-29 17:14:35	14	8	6	False	True
6998	kevinsawicki	2016-08-26 16:46:28	kevinsawicki	2016-08-26 16:51:54	1	1	0	False	True
6998	kevinsawicki	2016-08-26 16:46:28	kevinsawicki	2016-08-26 16:36:25	11	11	0	True	True
6998	kevinsawicki	2016-08-26 16:46:28	kevinsawicki	2016-08-26 16:29:27	10	4	6	True	True
6998	kevinsawicki	2016-08-26 16:46:28	kevinsawicki	2016-08-26 16:26:58	13	13	0	True	True
6998	kevinsawicki	2016-08-26 16:46:28	kevinsawicki	2016-08-29 17:21:30	9	9	0	False	True
6985	zeke	2016-08-25 22:20:39	zeke	2016-08-25 22:20:05	2	2	0	True	True
6985	zeke	2016-08-25 22:20:39	zeke	2016-08-25 21:42:53	2	1	1	True	True
6985	zeke	2016-08-25 22:20:39	zeke	2016-08-25 21:43:06	14	9	5	True	True
6985	zeke	2016-08-25 22:20:39	zeke	2016-08-26 00:26:52	2	1	1	False	True
6985	zeke	2016-08-25 22:20:39	zeke	2016-08-26 00:26:57	2	1	1	False	True
6952	deepak1556	2016-08-24 02:04:55	kevinsawicki	2016-08-24 16:03:44	12	7	5	False	True
6952	deepak1556	2016-08-24 02:04:55	deepak1556	2016-08-24 00:16:54	20	19	1	True	True
6952	deepak1556	2016-08-24 02:04:55	deepak1556	2016-08-24 01:23:14	46	42	4	True	True
6952	deepak1556	2016-08-24 02:04:55	deepak1556	2016-08-24 14:52:35	12	3	9	False	True
6941	deepak1556	2016-08-23 06:05:46	deepak1556	2016-08-23 05:57:43	62	49	13	True	True
6941	deepak1556	2016-08-23 06:05:46	deepak1556	2016-08-31 00:08:32	404	251	153	False	True
6941	deepak1556	2016-08-23 06:05:46	deepak1556	2016-08-23 00:39:06	108	108	0	True	True
6941	deepak1556	2016-08-23 06:05:46	deepak1556	2016-08-23 05:59:21	72	68	4	True	True
6941	deepak1556	2016-08-23 06:05:46	deepak1556	2016-08-23 08:34:03	2	1	1	False	True
6941	deepak1556	2016-08-23 06:05:46	deepak1556	2016-08-23 00:59:44	10	10	0	True	True
6941	deepak1556	2016-08-23 06:05:46	deepak1556	2016-08-23 00:38:10	5	5	0	True	True
6934	zeke	2016-08-22 21:18:22	zeke	2016-08-23 04:45:25	8	4	4	False	True
6934	zeke	2016-08-22 21:18:22	zeke	2016-08-22 21:11:03	36	23	13	True	True
6919	tarruda	2016-08-21 16:15:30	tarruda	2016-08-21 10:30:21	201	201	0	True	True
6919	tarruda	2016-08-21 16:15:30	tarruda	2016-08-16 00:13:18	142	125	17	True	True
6919	tarruda	2016-08-21 16:15:30	tarruda	2016-08-21 10:30:14	105	101	4	True	True
6919	tarruda	2016-08-21 16:15:30	tarruda	2016-08-21 10:22:52	9	9	0	True	True
6919	tarruda	2016-08-21 16:15:30	tarruda	2016-08-17 00:15:10	46	39	7	True	True
6919	tarruda	2016-08-21 16:15:30	tarruda	2016-09-06 01:28:40	19	14	5	False	True
6919	tarruda	2016-08-21 16:15:30	tarruda	2016-09-26 20:40:45	282	282	0	False	True
6919	tarruda	2016-08-21 16:15:30	tarruda	2016-08-20 15:19:14	22	20	2	True	True
6919	tarruda	2016-08-21 16:15:30	tarruda	2016-08-15 23:58:07	12	12	0	True	True
6919	tarruda	2016-08-21 16:15:30	tarruda	2016-08-15 10:59:08	112	104	8	True	True
6919	tarruda	2016-08-21 16:15:30	tarruda	2016-08-15 11:01:24	11	9	2	True	True
6919	tarruda	2016-08-21 16:15:30	tarruda	2016-08-20 15:26:32	59	31	28	True	True
6919	tarruda	2016-08-21 16:15:30	tarruda	2016-08-19 11:47:32	42	41	1	True	True
6919	tarruda	2016-08-21 16:15:30	tarruda	2016-08-20 15:01:26	59	32	27	True	True
6919	tarruda	2016-08-21 16:15:30	tarruda	2016-08-19 16:08:30	42	39	3	True	True
6902	TheColorRed	2016-08-19 16:01:09	TheColorRed	2016-08-19 23:01:57	10	5	5	False	True
6902	TheColorRed	2016-08-19 16:01:09	TheColorRed	2016-08-19 15:55:39	17	17	0	True	True
6900	zeke	2016-08-19 05:22:45	zeke	2016-08-19 20:31:57	16	15	1	False	True
6900	zeke	2016-08-19 05:22:45	zeke	2016-08-19 05:20:55	11	9	2	True	True
6858	MarshallOfSound	2016-08-16 05:41:34	MarshallOfSound	2016-08-18 10:35:57	28	11	17	False	True
6858	MarshallOfSound	2016-08-16 05:41:34	MarshallOfSound	2016-08-18 10:42:06	3	2	1	False	True
6858	MarshallOfSound	2016-08-16 05:41:34	MarshallOfSound	2016-08-16 05:54:30	36	24	12	False	True
6858	MarshallOfSound	2016-08-16 05:41:34	MarshallOfSound	2016-08-16 07:40:44	2	1	1	False	True
6858	MarshallOfSound	2016-08-16 05:41:34	MarshallOfSound	2016-08-18 08:02:13	42	24	18	False	True
6858	MarshallOfSound	2016-08-16 05:41:34	MarshallOfSound	2016-08-16 05:39:36	4	2	2	True	True
6858	MarshallOfSound	2016-08-16 05:41:34	MarshallOfSound	2016-08-16 05:38:32	7	6	1	True	True
6858	MarshallOfSound	2016-08-16 05:41:34	MarshallOfSound	2016-08-16 05:35:20	87	55	32	True	True
6853	jlord	2016-08-15 23:28:07	jlord	2016-08-16 18:34:20	2	1	1	False	True
6853	jlord	2016-08-15 23:28:07	jlord	2016-08-15 23:26:30	57	57	0	True	True
6826	enlight	2016-08-12 09:33:04	enlight	2016-08-12 09:31:17	938	897	41	True	True
6788	felixrieseberg	2016-08-10 01:01:51	felixrieseberg	2016-08-09 23:05:44	49	36	13	True	True
6782	kevinsawicki	2016-08-08 21:09:04	kevinsawicki	2016-08-09 15:42:57	9	2	7	False	True
6782	kevinsawicki	2016-08-08 21:09:04	kevinsawicki	2016-08-08 20:54:53	11	7	4	True	True
6768	felixrieseberg	2016-08-08 05:18:15	felixrieseberg	2016-08-08 22:44:48	92	72	20	False	True
6766	miniak	2016-08-07 22:25:00	miniak	2016-08-08 00:26:27	4	4	0	False	True
6766	miniak	2016-08-07 22:25:00	miniak	2016-08-07 22:22:32	24	13	11	True	True
6762	miniak	2016-08-07 17:57:11	miniak	2016-08-07 17:23:42	29	28	1	True	True
6758	MarshallOfSound	2016-08-06 17:37:09	MarshallOfSound	2016-08-08 00:28:54	6	5	1	False	True
6758	MarshallOfSound	2016-08-06 17:37:09	MarshallOfSound	2016-08-06 17:36:59	2	1	1	True	True
6758	MarshallOfSound	2016-08-06 17:37:09	MarshallOfSound	2016-08-06 17:36:33	9	9	0	True	True
6755	hokein	2016-08-06 07:13:41	hokein	2016-08-11 18:55:56	9	2	7	False	True
6755	hokein	2016-08-06 07:13:41	hokein	2016-08-05 18:57:00	2	1	1	True	True
6755	hokein	2016-08-06 07:13:41	hokein	2016-08-05 21:00:35	1	1	0	True	True
6755	hokein	2016-08-06 07:13:41	hokein	2016-08-05 20:57:33	8	7	1	True	True
6752	lgalabru	2016-08-05 21:30:32	lgalabru	2016-08-05 21:02:59	50	50	0	True	True
6752	lgalabru	2016-08-05 21:30:32	lgalabru	2016-08-09 09:57:02	4	2	2	False	True
6738	bnookala	2016-08-05 02:58:47	bnookala	2016-08-05 02:15:39	79	79	0	True	True
6713	gerhardberger	2016-08-03 16:01:28	gerhardberger	2016-08-03 17:39:23	12	6	6	False	True
6713	gerhardberger	2016-08-03 16:01:28	gerhardberger	2016-08-03 11:28:19	28	20	8	True	True
6713	gerhardberger	2016-08-03 16:01:28	brenca	2016-08-04 03:18:27	16	4	12	False	True
6713	gerhardberger	2016-08-03 16:01:28	gerhardberger	2016-08-03 15:38:56	7	7	0	True	True
6710	miniak	2016-08-03 13:47:15	miniak	2016-08-03 13:43:30	4	2	2	True	True
6677	miniak	2016-08-01 13:45:55	miniak	2016-08-01 13:41:13	34	34	0	True	True
6677	miniak	2016-08-01 13:45:55	miniak	2016-08-01 13:44:25	18	12	6	True	True
