pr_number	author_user_login	pr_created_at	commit_user_login	commit_created_at	commit_status_total	commit_status_additions	commit_status_deletions	create_before_pr	is_review_commit
27157	jameshfisher	2020-12-31 14:50:33	jameshfisher	2020-12-31 14:49:06	4	2	2	True	True
27156	jameshfisher	2020-12-31 14:40:10	jameshfisher	2020-12-31 14:39:40	3	3	0	True	True
27156	jameshfisher	2020-12-31 14:40:10	zcbenz	2021-01-11 01:21:11	3	2	1	False	True
27156	jameshfisher	2020-12-31 14:40:10	jameshfisher	2021-01-06 09:38:20	2	0	2	False	True
27151	renmu123	2020-12-30 07:51:40	renmu123	2020-12-30 07:47:29	2	1	1	True	True
27148	codebytere	2020-12-29 18:10:47	codebytere	2020-12-29 18:09:12	2	1	1	True	True
27147	codebytere	2020-12-29 16:22:08	codebytere	2020-12-29 16:18:31	13	8	5	True	True
27143	codebytere	2020-12-29 02:26:31	codebytere	2020-12-29 02:21:10	1	0	1	True	True
27125	foxt	2020-12-25 18:18:25	foxt	2020-12-28 20:04:01	2	1	1	False	True
27125	foxt	2020-12-25 18:18:25	foxt	2020-12-25 18:14:21	2	1	1	True	True
27113	MarshallOfSound	2020-12-23 23:36:32	MarshallOfSound	2021-03-30 23:01:47	37	18	19	False	True
27113	MarshallOfSound	2020-12-23 23:36:32	MarshallOfSound	2021-03-29 23:42:30	361	81	280	False	True
27113	MarshallOfSound	2020-12-23 23:36:32	MarshallOfSound	2021-03-29 23:30:17	26	2	24	False	True
27113	MarshallOfSound	2020-12-23 23:36:32	MarshallOfSound	2021-03-29 23:46:12	361	280	81	False	True
27113	MarshallOfSound	2020-12-23 23:36:32	MarshallOfSound	2021-01-05 00:13:11	15	9	6	False	True
27113	MarshallOfSound	2020-12-23 23:36:32	MarshallOfSound	2021-01-05 23:30:58	10	3	7	False	True
27113	MarshallOfSound	2020-12-23 23:36:32	MarshallOfSound	2020-12-23 23:07:20	434	309	125	True	True
27113	MarshallOfSound	2020-12-23 23:36:32	MarshallOfSound	2021-01-05 00:00:46	7	2	5	False	True
27113	MarshallOfSound	2020-12-23 23:36:32	MarshallOfSound	2020-12-23 23:02:26	6	6	0	True	True
27111	electron-bot	2020-12-23 13:00:29	codebytere	2020-12-30 18:06:41	114	57	57	False	True
27111	electron-bot	2020-12-23 13:00:29	electron-bot	2020-12-30 22:29:12	1	0	1	False	True
27111	electron-bot	2020-12-23 13:00:29	jkleinsc	2021-01-04 15:52:40	7	4	3	False	True
27111	electron-bot	2020-12-23 13:00:29	electron-bot	2021-01-03 13:00:18	2	1	1	False	True
27111	electron-bot	2020-12-23 13:00:29	electron-bot	2021-01-04 13:00:43	2	1	1	False	True
27111	electron-bot	2020-12-23 13:00:29	electron-bot	2021-01-02 13:00:50	2	1	1	False	True
27111	electron-bot	2020-12-23 13:00:29	codebytere	2020-12-31 18:19:40	6	3	3	False	True
27111	electron-bot	2020-12-23 13:00:29	electron-bot	2020-12-31 13:15:10	62	31	31	False	True
27111	electron-bot	2020-12-23 13:00:29	electron-bot	2020-12-31 13:01:14	2	1	1	False	True
27111	electron-bot	2020-12-23 13:00:29	codebytere	2020-12-30 18:04:26	6	3	3	False	True
27111	electron-bot	2020-12-23 13:00:29	electron-bot	2020-12-30 13:00:20	2	1	1	False	True
27111	electron-bot	2020-12-23 13:00:29	electron-bot	2021-01-01 13:00:24	2	1	1	False	True
27111	electron-bot	2020-12-23 13:00:29	codebytere	2020-12-30 17:57:45	57	47	10	False	True
27111	electron-bot	2020-12-23 13:00:29	codebytere	2020-12-30 05:40:06	33	21	12	False	True
27111	electron-bot	2020-12-23 13:00:29	codebytere	2021-01-01 02:14:31	14	8	6	False	True
27111	electron-bot	2020-12-23 13:00:29	electron-bot	2020-12-29 13:00:52	2	1	1	False	True
27111	electron-bot	2020-12-23 13:00:29	codebytere	2020-12-29 04:58:50	8	4	4	False	True
27111	electron-bot	2020-12-23 13:00:29	codebytere	2020-12-29 04:23:16	25	13	12	False	True
27111	electron-bot	2020-12-23 13:00:29	codebytere	2020-12-29 03:30:39	72	36	36	False	True
27111	electron-bot	2020-12-23 13:00:29	codebytere	2020-12-29 03:28:19	2	1	1	False	True
27111	electron-bot	2020-12-23 13:00:29	electron-bot	2020-12-28 13:00:16	2	1	1	False	True
27111	electron-bot	2020-12-23 13:00:29	codebytere	2020-12-30 19:28:07	4	2	2	False	True
27111	electron-bot	2020-12-23 13:00:29	electron-bot	2020-12-27 13:01:07	2	1	1	False	True
27111	electron-bot	2020-12-23 13:00:29	electron-bot	2020-12-23 13:00:27	2	1	1	True	True
27111	electron-bot	2020-12-23 13:00:29	electron-bot	2020-12-23 13:15:56	238	119	119	False	True
27111	electron-bot	2020-12-23 13:00:29	electron-bot	2020-12-29 13:15:41	64	32	32	False	True
27111	electron-bot	2020-12-23 13:00:29	electron-bot	2020-12-24 13:00:53	2	1	1	False	True
27111	electron-bot	2020-12-23 13:00:29	electron-bot	2020-12-26 13:00:16	2	1	1	False	True
27111	electron-bot	2020-12-23 13:00:29	electron-bot	2020-12-25 13:00:55	2	1	1	False	True
27111	electron-bot	2020-12-23 13:00:29	electron-bot	2021-01-04 13:15:15	44	22	22	False	True
27102	trop[bot]	2020-12-21 23:03:07	nornagon	2020-10-05 22:02:51	15	14	1	True	True
27102	trop[bot]	2020-12-21 23:03:07	nornagon	2020-10-06 21:36:15	1	1	0	True	True
27098	sentialx	2020-12-21 15:50:32	sentialx	2020-12-18 23:11:43	241	216	25	True	True
27097	sentialx	2020-12-21 15:47:19	sentialx	2020-12-18 23:11:43	241	216	25	True	True
27097	sentialx	2020-12-21 15:47:19	sentialx	2020-12-21 16:20:09	2	1	1	False	True
27096	sentialx	2020-12-21 15:44:26	sentialx	2020-12-21 15:39:16	447	319	128	True	True
27095	sentialx	2020-12-21 15:25:23	sentialx	2020-12-21 15:21:51	77	55	22	True	True
27094	sentialx	2020-12-21 15:12:48	sentialx	2020-12-21 15:51:52	2	1	1	False	True
27094	sentialx	2020-12-21 15:12:48	sentialx	2020-12-21 16:18:07	2	1	1	False	True
27094	sentialx	2020-12-21 15:12:48	sentialx	2020-12-21 15:10:43	75	54	21	True	True
27079	erickzhao	2020-12-18 20:09:27	erickzhao	2020-12-18 20:08:04	2	1	1	True	True
27078	nornagon	2020-12-18 18:31:37	nornagon	2020-12-18 18:28:31	39	33	6	True	True
27078	nornagon	2020-12-18 18:31:37	zcbenz	2021-01-11 01:28:19	4	2	2	False	True
27077	electron-bot	2020-12-18 13:01:07	electron-bot	2020-12-18 13:13:13	2	1	1	False	True
27077	electron-bot	2020-12-18 13:01:07	electron-bot	2020-12-18 13:01:05	2	1	1	True	True
27073	zcbenz	2020-12-18 01:02:55	zcbenz	2020-12-16 06:04:59	139	87	52	True	True
27072	nornagon	2020-12-17 23:36:25	nornagon	2020-12-17 23:34:44	4	3	1	True	True
27070	trop[bot]	2020-12-17 20:11:51	nornagon	2020-12-16 01:35:25	7	7	0	True	True
27069	trop[bot]	2020-12-17 20:11:48	nornagon	2020-12-16 01:35:25	7	7	0	True	True
27068	miniak	2020-12-17 19:48:32	miniak	2020-12-17 19:36:29	5	2	3	True	True
27068	miniak	2020-12-17 19:48:32	miniak	2020-12-17 19:36:29	36	19	17	True	True
27067	jkleinsc	2020-12-17 17:47:47	jkleinsc	2020-12-15 18:00:22	522	481	41	True	True
27060	erickzhao	2020-12-17 00:16:12	erickzhao	2020-12-08 04:41:09	6	3	3	True	True
27059	erickzhao	2020-12-17 00:15:52	erickzhao	2020-12-17 00:08:17	6	3	3	True	True
27058	trop[bot]	2020-12-17 00:12:32	nornagon	2020-12-15 23:50:21	5	4	1	True	True
27057	trop[bot]	2020-12-17 00:12:13	nornagon	2020-12-15 23:50:21	5	4	1	True	True
27056	trop[bot]	2020-12-17 00:12:10	nornagon	2020-12-15 23:50:21	5	4	1	True	True
27050	codebytere	2020-12-16 20:14:28	codebytere	2020-12-16 20:13:51	59	2	57	True	True
27050	codebytere	2020-12-16 20:14:28	electron-bot	2020-12-16 20:24:59	4	2	2	False	True
27049	trop[bot]	2020-12-16 20:03:08	codebytere	2020-12-15 19:41:16	61	3	58	True	True
27049	trop[bot]	2020-12-16 20:03:08	electron-bot	2020-12-15 20:05:47	2	1	1	True	True
27047	miniak	2020-12-16 17:33:50	miniak	2020-12-09 23:34:06	39	25	14	True	True
27046	miniak	2020-12-16 17:13:28	miniak	2020-12-16 17:11:42	14	12	2	True	True
27045	electron-bot	2020-12-16 13:00:55	codebytere	2020-12-16 18:46:14	45	25	20	False	True
27045	electron-bot	2020-12-16 13:00:55	electron-bot	2020-12-16 13:00:54	2	1	1	True	True
27045	electron-bot	2020-12-16 13:00:55	codebytere	2020-12-16 18:15:28	6	3	3	False	True
27044	trop[bot]	2020-12-16 07:57:49	zcbenz	2020-12-15 02:07:03	18	16	2	True	True
27043	trop[bot]	2020-12-16 07:57:46	zcbenz	2020-12-15 02:07:03	18	16	2	True	True
27042	zcbenz	2020-12-16 07:55:01	zcbenz	2020-12-16 07:51:28	5	0	5	True	True
27040	zcbenz	2020-12-16 05:57:12	zcbenz	2020-12-16 05:26:06	450	222	228	True	True
27038	nornagon	2020-12-16 01:37:22	nornagon	2020-12-16 01:35:25	7	7	0	True	True
27037	miniak	2020-12-16 01:22:30	miniak	2020-12-16 01:19:35	25	12	13	True	True
27035	trop[bot]	2020-12-16 00:37:33	nornagon	2020-11-17 19:23:24	16	10	6	True	True
27034	trop[bot]	2020-12-16 00:37:27	nornagon	2020-11-17 19:23:24	16	10	6	True	True
27032	trop[bot]	2020-12-15 23:53:13	sentialx	2020-12-02 17:25:22	66	45	21	True	True
27032	trop[bot]	2020-12-15 23:53:13	sentialx	2020-12-14 11:16:19	9	9	0	True	True
27031	nornagon	2020-12-15 23:51:42	nornagon	2020-12-15 23:50:21	5	4	1	True	True
27029	codebytere	2020-12-15 19:56:29	electron-bot	2020-12-15 20:05:47	2	1	1	False	True
27029	codebytere	2020-12-15 19:56:29	codebytere	2020-12-15 19:41:16	61	3	58	True	True
27028	trop[bot]	2020-12-15 19:39:53	codebytere	2020-12-14 19:14:00	3	1	2	True	True
27028	trop[bot]	2020-12-15 19:39:53	codebytere	2020-12-14 18:51:30	11	4	7	True	True
27027	trop[bot]	2020-12-15 19:39:50	codebytere	2020-12-14 18:51:30	11	4	7	True	True
27027	trop[bot]	2020-12-15 19:39:50	codebytere	2020-12-14 19:14:00	3	1	2	True	True
27026	pdesantis	2020-12-15 19:29:22	pdesantis	2021-01-25 21:21:17	116	58	58	False	True
27026	pdesantis	2020-12-15 19:29:22	pdesantis	2021-01-25 21:01:00	575	575	0	False	True
27026	pdesantis	2020-12-15 19:29:22	pdesantis	2021-02-05 16:47:26	2	1	1	False	True
27026	pdesantis	2020-12-15 19:29:22	electron-bot	2021-01-25 21:38:49	22	11	11	False	True
27023	nornagon	2020-12-15 19:18:42	nornagon	2020-12-15 19:13:56	23	22	1	True	True
27023	nornagon	2020-12-15 19:18:42	nornagon	2020-12-16 20:19:10	1	1	0	False	True
27022	trop[bot]	2020-12-15 19:14:37	nornagon	2020-12-14 18:49:41	22	21	1	True	True
27022	trop[bot]	2020-12-15 19:14:37	nornagon	2020-12-14 19:25:09	13	7	6	True	True
27021	trop[bot]	2020-12-15 19:14:33	nornagon	2020-12-14 18:49:41	22	21	1	True	True
27021	trop[bot]	2020-12-15 19:14:33	nornagon	2020-12-14 19:25:09	13	7	6	True	True
27011	trop[bot]	2020-12-15 02:22:15	AviVahl	2020-12-07 15:45:55	20	16	4	True	True
27010	trop[bot]	2020-12-15 02:22:12	AviVahl	2020-12-07 15:45:55	20	16	4	True	True
27009	zcbenz	2020-12-15 02:09:57	zcbenz	2020-12-15 02:07:03	18	16	2	True	True
27007	stewartlord	2020-12-15 01:02:57	sentialx	2021-01-25 19:48:38	29	19	10	False	True
27007	stewartlord	2020-12-15 01:02:57	sentialx	2020-12-14 10:27:37	6	6	0	True	True
27007	stewartlord	2020-12-15 01:02:57	sentialx	2021-02-05 22:31:36	4	3	1	False	True
27007	stewartlord	2020-12-15 01:02:57	sentialx	2021-01-26 13:45:20	2	1	1	False	True
27007	stewartlord	2020-12-15 01:02:57	sentialx	2021-01-30 14:19:21	11	11	0	False	True
27007	stewartlord	2020-12-15 01:02:57	sentialx	2021-02-05 23:13:21	3	3	0	False	True
27007	stewartlord	2020-12-15 01:02:57	sentialx	2021-01-30 14:23:34	7	5	2	False	True
27007	stewartlord	2020-12-15 01:02:57	stewartlord	2020-12-14 21:05:09	12	6	6	True	True
27007	stewartlord	2020-12-15 01:02:57	sentialx	2020-12-08 16:16:11	17	17	0	True	True
27007	stewartlord	2020-12-15 01:02:57	stewartlord	2020-11-27 21:30:55	55	55	0	True	True
27007	stewartlord	2020-12-15 01:02:57	sentialx	2021-01-25 21:01:04	8	5	3	False	True
27006	nharper	2020-12-15 00:21:40	nharper	2020-12-12 01:04:28	2	1	1	True	True
27003	electron-bot	2020-12-14 18:58:44	MarshallOfSound	2020-12-14 21:37:55	3	3	0	False	True
27003	electron-bot	2020-12-14 18:58:44	MarshallOfSound	2020-12-16 01:07:12	8	4	4	False	True
27003	electron-bot	2020-12-14 18:58:44	MarshallOfSound	2020-12-17 23:20:55	8	4	4	False	True
27003	electron-bot	2020-12-14 18:58:44	MarshallOfSound	2020-12-17 23:30:39	10	5	5	False	True
27003	electron-bot	2020-12-14 18:58:44	MarshallOfSound	2020-12-16 00:15:11	31	17	14	False	True
27003	electron-bot	2020-12-14 18:58:44	MarshallOfSound	2020-12-18 23:24:10	8	4	4	False	True
27003	electron-bot	2020-12-14 18:58:44	MarshallOfSound	2020-12-18 23:20:23	26	26	0	False	True
27003	electron-bot	2020-12-14 18:58:44	electron-bot	2020-12-17 13:00:38	2	1	1	False	True
27003	electron-bot	2020-12-14 18:58:44	MarshallOfSound	2020-12-14 21:44:13	2	1	1	False	True
27003	electron-bot	2020-12-14 18:58:44	electron-bot	2020-12-15 13:01:10	2	1	1	False	True
27003	electron-bot	2020-12-14 18:58:44	MarshallOfSound	2020-12-16 22:58:57	35	20	15	False	True
27003	electron-bot	2020-12-14 18:58:44	MarshallOfSound	2020-12-16 00:32:22	56	28	28	False	True
27003	electron-bot	2020-12-14 18:58:44	MarshallOfSound	2020-12-17 23:18:52	310	139	171	False	True
27003	electron-bot	2020-12-14 18:58:44	MarshallOfSound	2020-12-17 23:46:17	19	10	9	False	True
27003	electron-bot	2020-12-14 18:58:44	MarshallOfSound	2020-12-18 23:58:03	3	1	2	False	True
27003	electron-bot	2020-12-14 18:58:44	MarshallOfSound	2020-12-14 21:54:48	19	10	9	False	True
27003	electron-bot	2020-12-14 18:58:44	MarshallOfSound	2020-12-15 23:33:09	82	44	38	False	True
27003	electron-bot	2020-12-14 18:58:44	MarshallOfSound	2020-12-16 01:09:33	8	0	8	False	True
27003	electron-bot	2020-12-14 18:58:44	MarshallOfSound	2020-12-15 00:17:52	2	1	1	False	True
27003	electron-bot	2020-12-14 18:58:44	electron-bot	2020-12-14 18:58:43	2	1	1	True	True
27003	electron-bot	2020-12-14 18:58:44	MarshallOfSound	2020-12-14 19:13:46	567	284	283	False	True
27003	electron-bot	2020-12-14 18:58:44	MarshallOfSound	2020-12-14 19:17:18	24	12	12	False	True
27003	electron-bot	2020-12-14 18:58:44	MarshallOfSound	2020-12-14 19:22:43	1	0	1	False	True
27003	electron-bot	2020-12-14 18:58:44	MarshallOfSound	2020-12-14 21:48:13	12	6	6	False	True
27003	electron-bot	2020-12-14 18:58:44	MarshallOfSound	2020-12-14 21:40:52	1	1	0	False	True
27003	electron-bot	2020-12-14 18:58:44	MarshallOfSound	2020-12-14 23:20:25	2	0	2	False	True
27002	nornagon	2020-12-14 18:55:54	nornagon	2020-12-14 18:49:41	22	21	1	True	True
27002	nornagon	2020-12-14 18:55:54	nornagon	2020-12-14 19:25:09	13	7	6	False	True
27001	codebytere	2020-12-14 18:54:39	codebytere	2020-12-14 18:51:30	11	4	7	True	True
27001	codebytere	2020-12-14 18:54:39	codebytere	2020-12-14 19:14:00	3	1	2	False	True
27000	codebytere	2020-12-14 18:10:04	codebytere	2020-12-15 20:56:18	21	21	0	False	True
27000	codebytere	2020-12-14 18:10:04	codebytere	2020-12-15 20:35:43	10	6	4	False	True
27000	codebytere	2020-12-14 18:10:04	codebytere	2020-12-14 04:25:15	15	13	2	True	True
26998	codebytere	2020-12-14 17:50:00	codebytere	2020-12-12 17:26:33	45	42	3	True	True
26997	codebytere	2020-12-14 17:13:42	electron-bot	2020-12-14 19:34:45	2	1	1	False	True
26997	codebytere	2020-12-14 17:13:42	codebytere	2020-12-14 16:54:47	52	52	0	True	True
26996	trop[bot]	2020-12-14 17:07:37	jkleinsc	2020-12-09 22:08:52	2	2	0	True	True
26995	trop[bot]	2020-12-14 17:07:34	jkleinsc	2020-12-09 22:08:52	2	2	0	True	True
26994	trop[bot]	2020-12-14 17:07:31	jkleinsc	2020-12-09 22:08:52	2	2	0	True	True
26993	trop[bot]	2020-12-14 17:07:28	jkleinsc	2020-12-09 22:08:52	2	2	0	True	True
26992	gniezen	2020-12-14 17:05:10	gniezen	2020-12-14 17:00:47	6	3	3	True	True
26991	trop[bot]	2020-12-14 16:27:51	codebytere	2020-12-01 04:30:43	18	11	7	True	True
26990	trop[bot]	2020-12-14 16:27:45	codebytere	2020-12-01 04:30:43	18	11	7	True	True
26989	codebytere	2020-12-14 16:21:00	codebytere	2020-12-14 16:19:15	7	7	0	True	True
26988	codebytere	2020-12-14 16:20:08	codebytere	2020-12-14 16:19:15	7	7	0	True	True
26983	choko-oni	2020-12-14 07:42:01	zcbenz	2020-12-16 08:26:53	6	3	3	False	True
26983	choko-oni	2020-12-14 07:42:01	choko-oni	2020-12-14 07:41:15	9	6	3	True	True
26983	choko-oni	2020-12-14 07:42:01	zcbenz	2020-12-16 08:24:14	12	7	5	False	True
26972	trop[bot]	2020-12-11 23:04:28	electron-bot	2020-12-14 16:39:40	8	4	4	False	True
26972	trop[bot]	2020-12-11 23:04:28	codebytere	2020-12-10 22:41:12	41	40	1	True	True
26971	trop[bot]	2020-12-11 23:04:25	codebytere	2020-12-10 22:41:12	41	40	1	True	True
26970	trop[bot]	2020-12-11 23:04:22	codebytere	2020-12-10 22:41:12	41	40	1	True	True
26970	trop[bot]	2020-12-11 23:04:22	electron-bot	2020-12-14 16:52:17	8	4	4	False	True
26969	nornagon	2020-12-11 20:51:32	nornagon	2020-12-11 21:27:30	177	130	47	False	True
26969	nornagon	2020-12-11 20:51:32	nornagon	2020-12-11 20:50:57	207	207	0	True	True
26968	trop[bot]	2020-12-11 20:46:14	devinfoley	2020-11-11 19:17:27	2	1	1	True	True
26968	trop[bot]	2020-12-11 20:46:14	devinfoley	2020-11-04 01:50:15	2	1	1	True	True
26967	trop[bot]	2020-12-11 20:34:41	poiru	2020-12-11 19:51:14	2	2	0	True	True
26966	trop[bot]	2020-12-11 20:34:38	poiru	2020-12-11 19:51:14	2	2	0	True	True
26965	trop[bot]	2020-12-11 20:34:35	poiru	2020-12-11 19:51:14	2	2	0	True	True
26964	trop[bot]	2020-12-11 20:34:26	poiru	2020-12-11 19:51:14	2	2	0	True	True
26963	nornagon	2020-12-11 20:26:28	nornagon	2020-12-11 20:25:12	207	207	0	True	True
26963	nornagon	2020-12-11 20:26:28	nornagon	2020-12-11 20:26:46	29	29	0	False	True
26962	poiru	2020-12-11 19:52:41	poiru	2020-12-11 19:51:14	2	2	0	True	True
26960	trop[bot]	2020-12-11 19:03:38	zcbenz	2020-12-09 05:56:59	16	5	11	True	True
26957	mlaurencin	2020-12-11 18:35:26	electron-bot	2020-12-11 18:46:14	13	6	7	False	True
26957	mlaurencin	2020-12-11 18:35:26	mlaurencin	2020-12-11 18:35:24	33	33	0	True	True
26956	mlaurencin	2020-12-11 18:32:02	electron-bot	2020-12-11 18:44:56	11	5	6	False	True
26956	mlaurencin	2020-12-11 18:32:02	mlaurencin	2020-12-11 18:34:59	4	3	1	False	True
26956	mlaurencin	2020-12-11 18:32:02	mlaurencin	2020-12-11 18:32:01	33	33	0	True	True
26954	mlaurencin	2020-12-11 18:09:42	mlaurencin	2020-12-12 01:20:06	363	175	188	False	True
26954	mlaurencin	2020-12-11 18:09:42	mlaurencin	2020-12-14 21:54:15	209	209	0	False	True
26954	mlaurencin	2020-12-11 18:09:42	mlaurencin	2020-12-14 19:05:29	95	0	95	False	True
26954	mlaurencin	2020-12-11 18:09:42	mlaurencin	2020-12-12 01:22:27	330	165	165	False	True
26954	mlaurencin	2020-12-11 18:09:42	mlaurencin	2020-12-11 23:26:50	367	320	47	False	True
26954	mlaurencin	2020-12-11 18:09:42	mlaurencin	2020-12-11 18:09:41	161	161	0	True	True
26953	mlaurencin	2020-12-11 18:09:26	mlaurencin	2020-12-14 19:04:03	95	0	95	False	True
26953	mlaurencin	2020-12-11 18:09:26	mlaurencin	2020-12-11 18:50:00	281	134	147	False	True
26953	mlaurencin	2020-12-11 18:09:26	mlaurencin	2020-12-11 21:13:55	248	124	124	False	True
26953	mlaurencin	2020-12-11 18:09:26	mlaurencin	2020-12-14 21:53:27	250	249	1	False	True
26953	mlaurencin	2020-12-11 18:09:26	mlaurencin	2020-12-11 18:09:24	161	161	0	True	True
26953	mlaurencin	2020-12-11 18:09:26	mlaurencin	2020-12-11 23:26:18	338	285	53	False	True
26952	trop[bot]	2020-12-11 17:48:39	poiru	2020-12-10 17:09:01	29	29	0	True	True
26951	trop[bot]	2020-12-11 17:48:36	electron-bot	2020-12-11 17:58:41	4	2	2	False	True
26951	trop[bot]	2020-12-11 17:48:36	poiru	2020-12-10 17:09:01	29	29	0	True	True
26950	trop[bot]	2020-12-11 17:48:33	electron-bot	2020-12-11 18:11:58	4	2	2	False	True
26950	trop[bot]	2020-12-11 17:48:33	poiru	2020-12-10 17:09:01	32	32	0	True	True
26950	trop[bot]	2020-12-11 17:48:33	nornagon	2020-12-11 18:01:02	3	0	3	False	True
26949	trop[bot]	2020-12-11 17:48:24	nornagon	2020-12-11 18:00:42	2	0	2	False	True
26949	trop[bot]	2020-12-11 17:48:24	electron-bot	2020-12-11 18:11:51	4	2	2	False	True
26949	trop[bot]	2020-12-11 17:48:24	poiru	2020-12-10 17:09:01	31	31	0	True	True
26943	sirdiego	2020-12-11 08:23:16	sirdiego	2020-12-11 08:15:32	8	4	4	True	True
26941	zcbenz	2020-12-11 05:14:51	electron-bot	2021-01-05 02:21:39	4	2	2	False	True
26941	zcbenz	2020-12-11 05:14:51	zcbenz	2020-12-11 02:40:19	56	51	5	True	True
26940	miniak	2020-12-11 02:58:17	miniak	2020-12-07 04:09:55	45	15	30	True	True
26940	miniak	2020-12-11 02:58:17	miniak	2020-12-16 00:58:58	2	1	1	False	True
26937	trop[bot]	2020-12-11 00:43:04	miniak	2020-12-07 02:39:59	46	46	0	True	True
26936	trop[bot]	2020-12-11 00:42:58	miniak	2020-12-07 02:39:59	46	46	0	True	True
26935	trop[bot]	2020-12-11 00:42:55	miniak	2020-12-07 02:39:59	46	46	0	True	True
26934	trop[bot]	2020-12-11 00:42:49	miniak	2020-12-07 02:39:59	46	46	0	True	True
26933	codebytere	2020-12-10 22:44:22	codebytere	2020-12-10 22:41:12	41	40	1	True	True
26932	belenko	2020-12-10 21:47:56	nornagon	2020-12-11 19:03:59	62	62	0	False	True
26932	belenko	2020-12-10 21:47:56	mlaurencin	2020-12-11 23:05:16	36	35	1	False	True
26932	belenko	2020-12-10 21:47:56	belenko	2020-12-14 17:46:28	3	3	0	False	True
26932	belenko	2020-12-10 21:47:56	nornagon	2020-12-11 21:01:40	151	105	46	False	True
26932	belenko	2020-12-10 21:47:56	ppontes	2020-12-10 16:23:38	180	180	0	True	True
26932	belenko	2020-12-10 21:47:56	nornagon	2020-12-10 23:25:17	133	133	0	False	True
26932	belenko	2020-12-10 21:47:56	nornagon	2020-12-10 23:28:32	98	98	0	False	True
26932	belenko	2020-12-10 21:47:56	belenko	2020-12-10 21:37:29	187	187	0	True	True
26932	belenko	2020-12-10 21:47:56	ppontes	2021-01-28 14:26:33	6187	6036	151	False	True
26932	belenko	2020-12-10 21:47:56	belenko	2020-12-14 17:47:30	6	3	3	False	True
26932	belenko	2020-12-10 21:47:56	electron-bot	2020-12-11 21:03:39	12	6	6	False	True
26932	belenko	2020-12-10 21:47:56	belenko	2020-12-14 12:13:59	6	3	3	False	True
26931	belenko	2020-12-10 21:47:52	electron-bot	2020-12-11 21:16:23	12	6	6	False	True
26931	belenko	2020-12-10 21:47:52	ppontes	2020-12-10 15:41:20	71	71	0	True	True
26931	belenko	2020-12-10 21:47:52	nornagon	2020-12-11 19:03:28	62	62	0	False	True
26931	belenko	2020-12-10 21:47:52	belenko	2020-12-10 21:30:26	186	186	0	True	True
26931	belenko	2020-12-10 21:47:52	belenko	2020-12-14 17:49:14	6	3	3	False	True
26931	belenko	2020-12-10 21:47:52	nornagon	2020-12-11 19:09:26	96	96	0	False	True
26931	belenko	2020-12-10 21:47:52	nornagon	2020-12-11 21:01:49	134	93	41	False	True
26931	belenko	2020-12-10 21:47:52	mlaurencin	2020-12-11 23:05:08	32	32	0	False	True
26931	belenko	2020-12-10 21:47:52	belenko	2020-12-14 12:13:14	6	3	3	False	True
26931	belenko	2020-12-10 21:47:52	belenko	2020-12-14 17:49:05	3	3	0	False	True
26931	belenko	2020-12-10 21:47:52	nornagon	2020-12-10 22:57:43	133	133	0	False	True
26930		2020-12-10 18:58:08							False
26928	nornagon	2020-12-10 18:02:26	nornagon	2020-12-10 21:32:52	4	2	2	False	True
26928	nornagon	2020-12-10 18:02:26	nornagon	2020-12-10 20:04:24	8	1	7	False	True
26928	nornagon	2020-12-10 18:02:26	nornagon	2020-12-10 21:04:42	8	4	4	False	True
26928	nornagon	2020-12-10 18:02:26	nornagon	2020-12-10 18:01:49	136	97	39	True	True
26927	nornagon	2020-12-10 17:59:30	nornagon	2020-12-10 17:52:58	156	112	44	True	True
26927	nornagon	2020-12-10 17:59:30	nornagon	2020-12-10 20:03:18	8	1	7	False	True
26927	nornagon	2020-12-10 17:59:30	nornagon	2020-12-10 23:24:30	5	1	4	False	True
26927	nornagon	2020-12-10 17:59:30	nornagon	2020-12-10 21:32:52	4	2	2	False	True
26927	nornagon	2020-12-10 17:59:30	nornagon	2020-12-10 21:04:11	8	4	4	False	True
26926	nornagon	2020-12-10 17:53:21	nornagon	2020-12-10 17:52:58	125	89	36	True	True
26925	nornagon	2020-12-10 17:49:25	nornagon	2020-12-09 20:48:16	125	89	36	True	True
26924	poiru	2020-12-10 17:12:38	poiru	2020-12-10 17:09:01	29	29	0	True	True
26917	trop[bot]	2020-12-09 23:29:29	stevenjoezhang	2020-12-07 09:32:17	12	8	4	True	True
26916	trop[bot]	2020-12-09 23:29:26	stevenjoezhang	2020-12-07 09:32:17	12	8	4	True	True
26915	trop[bot]	2020-12-09 23:29:20	stevenjoezhang	2020-12-07 09:32:17	12	8	4	True	True
26914	jkleinsc	2020-12-09 22:11:47	jkleinsc	2020-12-09 22:08:52	2	2	0	True	True
26913	miniak	2020-12-09 21:04:45	miniak	2020-12-09 20:59:42	73	73	0	True	True
26912	trop[bot]	2020-12-09 19:08:43	codebytere	2020-12-03 18:49:22	52	52	0	True	True
26908	stevenjoezhang	2020-12-09 16:31:37	stevenjoezhang	2020-12-09 16:29:50	61	5	56	True	True
26901	zcbenz	2020-12-09 06:05:58	zcbenz	2020-12-09 05:56:59	16	5	11	True	True
26898	nornagon	2020-12-09 00:00:05	nornagon	2020-12-08 23:59:17	4	3	1	True	True
26897	nornagon	2020-12-08 22:59:01	nornagon	2020-12-08 22:58:59	99	99	0	True	True
26897	nornagon	2020-12-08 22:59:01	nornagon	2020-12-10 23:34:29	33	15	18	False	True
26896	nornagon	2020-12-08 22:58:49	nornagon	2020-12-08 22:58:47	99	99	0	True	True
26896	nornagon	2020-12-08 22:58:49	electron-bot	2020-12-08 23:08:53	17	8	9	False	True
26895	nornagon	2020-12-08 22:45:39	nornagon	2020-12-08 22:45:37	84	84	0	True	True
26895	nornagon	2020-12-08 22:45:39	nornagon	2020-12-08 23:29:09	32	5	27	False	True
26895	nornagon	2020-12-08 22:45:39	nornagon	2020-12-10 23:27:02	501	501	0	False	True
26894	nornagon	2020-12-08 22:45:29	nornagon	2020-12-08 23:19:44	32	5	27	False	True
26894	nornagon	2020-12-08 22:45:29	nornagon	2020-12-10 23:26:40	473	468	5	False	True
26894	nornagon	2020-12-08 22:45:29	nornagon	2020-12-08 22:45:28	84	84	0	True	True
26893	nornagon	2020-12-08 22:32:16	nornagon	2020-12-10 21:07:02	368	368	0	False	True
26893	nornagon	2020-12-08 22:32:16	electron-bot	2020-12-08 22:42:59	13	6	7	False	True
26893	nornagon	2020-12-08 22:32:16	nornagon	2020-12-08 22:32:14	134	134	0	True	True
26892	nornagon	2020-12-08 22:26:38	nornagon	2020-12-10 21:05:15	328	327	1	False	True
26892	nornagon	2020-12-08 22:26:38	nornagon	2020-12-08 22:26:36	134	134	0	True	True
26892	nornagon	2020-12-08 22:26:38	electron-bot	2020-12-08 22:39:53	13	6	7	False	True
26891	codebytere	2020-12-08 21:55:41	codebytere	2020-12-08 21:54:59	654	0	654	True	True
26890	MarshallOfSound	2020-12-08 20:18:25	MarshallOfSound	2021-02-24 22:46:03	65	43	22	False	True
26890	MarshallOfSound	2020-12-08 20:18:25	jkleinsc	2021-03-01 16:29:53	6	4	2	False	True
26890	MarshallOfSound	2020-12-08 20:18:25	MarshallOfSound	2020-12-08 20:17:21	2	1	1	True	True
26890	MarshallOfSound	2020-12-08 20:18:25	jkleinsc	2021-03-01 18:48:30	1	1	0	False	True
26890	MarshallOfSound	2020-12-08 20:18:25	MarshallOfSound	2021-02-16 21:09:55	43	23	20	False	True
26890	MarshallOfSound	2020-12-08 20:18:25	MarshallOfSound	2021-02-24 21:33:06	64	40	24	False	True
26890	MarshallOfSound	2020-12-08 20:18:25	MarshallOfSound	2021-02-25 21:33:23	20	16	4	False	True
26890	MarshallOfSound	2020-12-08 20:18:25	MarshallOfSound	2021-02-25 22:21:28	3	2	1	False	True
26890	MarshallOfSound	2020-12-08 20:18:25	MarshallOfSound	2021-02-24 22:26:51	31	18	13	False	True
26890	MarshallOfSound	2020-12-08 20:18:25	MarshallOfSound	2021-02-16 20:42:29	243	145	98	False	True
26890	MarshallOfSound	2020-12-08 20:18:25	MarshallOfSound	2021-02-16 19:43:31	11	1	10	False	True
26890	MarshallOfSound	2020-12-08 20:18:25	MarshallOfSound	2021-02-25 19:45:41	2	1	1	False	True
26889	MarshallOfSound	2020-12-08 20:15:57	MarshallOfSound	2021-01-25 22:41:32	2	1	1	False	True
26889	MarshallOfSound	2020-12-08 20:15:57	MarshallOfSound	2020-12-08 20:14:30	19	18	1	True	True
26889	MarshallOfSound	2020-12-08 20:15:57	MarshallOfSound	2020-12-10 21:02:36	100	69	31	False	True
26889	MarshallOfSound	2020-12-08 20:15:57	MarshallOfSound	2021-01-25 22:36:41	2	2	0	False	True
26882	miniak	2020-12-08 08:40:55	miniak	2020-12-08 07:07:04	2	1	1	True	True
26881	miniak	2020-12-08 08:40:05	miniak	2020-12-08 07:07:04	2	1	1	True	True
26879	trop[bot]	2020-12-08 07:07:45	miniak	2020-12-07 04:21:24	2	1	1	True	True
26878	trop[bot]	2020-12-08 07:07:42	miniak	2020-12-07 04:21:24	2	1	1	True	True
26877	stevenjoezhang	2020-12-08 03:51:23	stevenjoezhang	2020-12-08 03:48:42	4	0	4	True	True
26876	MarshallOfSound	2020-12-08 01:24:55	MarshallOfSound	2020-12-08 01:15:49	18	12	6	True	True
26875	nornagon	2020-12-07 23:21:48	nornagon	2020-12-08 19:49:49	2	1	1	False	True
26875	nornagon	2020-12-07 23:21:48	nornagon	2020-12-07 23:51:15	2	1	1	False	True
26875	nornagon	2020-12-07 23:21:48	nornagon	2020-12-07 23:52:02	180	112	68	False	True
26875	nornagon	2020-12-07 23:21:48	nornagon	2020-12-04 20:16:00	109	77	32	True	True
26875	nornagon	2020-12-07 23:21:48	nornagon	2020-12-07 23:52:51	8	4	4	False	True
26875	nornagon	2020-12-07 23:21:48	nornagon	2020-12-08 00:54:02	2	1	1	False	True
26875	nornagon	2020-12-07 23:21:48	nornagon	2020-12-08 01:10:02	2	1	1	False	True
26875	nornagon	2020-12-07 23:21:48	nornagon	2020-12-08 01:20:37	15	10	5	False	True
26875	nornagon	2020-12-07 23:21:48	nornagon	2020-12-08 19:55:10	13	8	5	False	True
26875	nornagon	2020-12-07 23:21:48	nornagon	2020-12-09 00:34:27	3	2	1	False	True
26874	MarshallOfSound	2020-12-07 22:54:55	MarshallOfSound	2020-12-07 22:52:58	433	42	391	True	True
26873	alexeykuzmin	2020-12-07 20:31:31	alexeykuzmin	2020-12-07 17:20:50	56	35	21	True	True
26872	mlaurencin	2020-12-07 19:47:43	mlaurencin	2020-12-07 19:37:06	1	1	0	True	True
26871	trop[bot]	2020-12-07 18:59:14	MarshallOfSound	2020-12-04 21:38:47	2	1	1	True	True
26870	trop[bot]	2020-12-07 18:59:08	MarshallOfSound	2020-12-04 21:38:47	2	1	1	True	True
26869	trop[bot]	2020-12-07 18:59:02	MarshallOfSound	2020-12-04 21:38:47	2	1	1	True	True
26868	trop[bot]	2020-12-07 17:21:42	alexeykuzmin	2020-12-01 03:07:59	56	35	21	True	True
26868	trop[bot]	2020-12-07 17:21:42	alexeykuzmin	2020-12-04 22:08:19	14	7	7	True	True
26867	ppontes	2020-12-07 16:25:11	ppontes	2020-12-07 16:25:10	72	72	0	True	True
26867	ppontes	2020-12-07 16:25:11	electron-bot	2020-12-07 16:35:32	13	6	7	False	True
26866	ppontes	2020-12-07 16:15:17	electron-bot	2020-12-07 16:26:17	13	6	7	False	True
26866	ppontes	2020-12-07 16:15:17	ppontes	2020-12-07 16:15:15	72	72	0	True	True
26865	AviVahl	2020-12-07 15:56:02	AviVahl	2020-12-07 15:45:55	20	16	4	True	True
26861	ppontes	2020-12-07 11:26:51	electron-bot	2020-12-07 11:38:01	11	5	6	False	True
26861	ppontes	2020-12-07 11:26:51	ppontes	2020-12-07 11:26:49	189	189	0	True	True
26860	ppontes	2020-12-07 11:22:28	electron-bot	2020-12-07 16:11:03	2	1	1	False	True
26860	ppontes	2020-12-07 11:22:28	ppontes	2020-12-07 11:22:27	189	189	0	True	True
26860	ppontes	2020-12-07 11:22:28	electron-bot	2020-12-07 11:34:24	11	5	6	False	True
26860	ppontes	2020-12-07 11:22:28	jkleinsc	2020-12-07 16:01:03	80	79	1	False	True
26859	ppontes	2020-12-07 10:02:15	ppontes	2020-12-07 10:02:13	79	79	0	True	True
26859	ppontes	2020-12-07 10:02:15	electron-bot	2020-12-07 10:13:40	13	6	7	False	True
26858	ppontes	2020-12-07 09:57:04	electron-bot	2020-12-07 10:08:02	13	6	7	False	True
26858	ppontes	2020-12-07 09:57:04	ppontes	2020-12-07 09:57:02	79	79	0	True	True
26857	stevenjoezhang	2020-12-07 09:53:20	stevenjoezhang	2020-12-07 09:32:17	12	8	4	True	True
26856	ppontes	2020-12-07 09:30:56	ppontes	2020-12-07 09:30:54	39	39	0	True	True
26856	ppontes	2020-12-07 09:30:56	electron-bot	2020-12-07 09:42:18	9	4	5	False	True
26855	ppontes	2020-12-07 09:26:53	ppontes	2020-12-07 09:26:51	39	39	0	True	True
26855	ppontes	2020-12-07 09:26:53	electron-bot	2020-12-07 09:38:58	9	4	5	False	True
26852	miniak	2020-12-07 04:23:22	miniak	2020-12-07 04:21:24	2	1	1	True	True
26851	miniak	2020-12-07 04:18:09	miniak	2020-12-07 04:16:02	128	64	64	True	True
26850	miniak	2020-12-07 03:48:42	miniak	2020-12-07 03:46:07	86	48	38	True	True
26849	miniak	2020-12-07 02:51:04	miniak	2020-12-07 02:49:14	79	29	50	True	True
26848	miniak	2020-12-07 02:43:23	miniak	2020-12-07 02:39:59	46	46	0	True	True
26846	miniak	2020-12-07 02:10:28	miniak	2020-12-07 02:07:09	35	16	19	True	True
26840	Jatinmanav	2020-12-05 18:20:37	Jatinmanav	2020-12-05 17:29:50	5	5	0	True	True
26839	stevenjoezhang	2020-12-05 06:46:16	stevenjoezhang	2020-12-05 06:42:22	4	2	2	True	True
26837	MarshallOfSound	2020-12-04 21:39:51	MarshallOfSound	2020-12-04 21:38:47	2	1	1	True	True
26836	miniak	2020-12-04 19:26:16	miniak	2020-12-04 16:09:08	6	3	3	True	True
26834	trop[bot]	2020-12-04 17:43:44	nikitakot	2020-11-18 21:31:36	2	1	1	True	True
26834	trop[bot]	2020-12-04 17:43:44	nikitakot	2020-11-18 21:32:51	2	1	1	True	True
26834	trop[bot]	2020-12-04 17:43:44	nikitakot	2020-11-19 08:42:31	10	5	5	True	True
26834	trop[bot]	2020-12-04 17:43:44	nikitakot	2020-11-18 15:49:27	15	9	6	True	True
26834	trop[bot]	2020-12-04 17:43:44	nikitakot	2020-11-18 21:34:02	299	298	1	True	True
26833	trop[bot]	2020-12-04 16:09:38	miniak	2020-12-03 02:00:21	2	1	1	True	True
26832	ppontes	2020-12-04 14:44:31	ppontes	2020-12-04 14:42:10	180	180	0	True	True
26831	ppontes	2020-12-04 13:42:10	ppontes	2020-12-04 13:40:44	37	37	0	True	True
26830	ppontes	2020-12-04 13:29:19	electron-bot	2020-12-09 15:47:21	2	1	1	False	True
26830	ppontes	2020-12-04 13:29:19	ppontes	2020-12-04 13:25:51	37	37	0	True	True
26830	ppontes	2020-12-04 13:29:19	jkleinsc	2020-12-09 15:36:44	42	40	2	False	True
26826	codebytere	2020-12-04 03:09:07	codebytere	2020-12-04 02:38:59	9	0	9	True	True
26825	nornagon	2020-12-04 01:28:08	nornagon	2020-12-04 01:26:36	13	0	13	True	True
26823	windwalkr	2020-12-03 20:08:02	windwalkr	2020-12-03 20:07:39	1	1	0	True	True
26821	windwalkr	2020-12-03 18:54:40	windwalkr	2020-12-03 18:53:23	1	1	0	True	True
26820	codebytere	2020-12-03 18:51:08	codebytere	2020-12-03 18:49:22	52	52	0	True	True
26818	alexeykuzmin	2020-12-03 15:01:32	alexeykuzmin	2020-12-01 03:07:59	56	35	21	True	True
26818	alexeykuzmin	2020-12-03 15:01:32	alexeykuzmin	2020-12-04 22:08:19	14	7	7	False	True
26817	electron-bot	2020-12-03 13:00:22	jkleinsc	2020-12-07 14:51:41	50	25	25	False	True
26817	electron-bot	2020-12-03 13:00:22	electron-bot	2020-12-03 13:00:21	2	1	1	True	True
26813	malept	2020-12-03 06:50:18	malept	2020-12-03 06:47:56	41	23	18	True	True
26809	codebytere	2020-12-03 03:02:51	codebytere	2020-12-03 02:59:37	8	8	0	True	True
26808	miniak	2020-12-03 02:03:23	miniak	2020-12-03 02:00:21	2	1	1	True	True
26807	miniak	2020-12-03 02:01:53	miniak	2020-12-03 01:49:04	547	339	208	True	True
26806	deepak1556	2020-12-02 23:13:04	jkleinsc	2020-12-09 15:41:55	40	39	1	False	True
26806	deepak1556	2020-12-02 23:13:04	electron-bot	2020-12-09 15:53:04	2	1	1	False	True
26806	deepak1556	2020-12-02 23:13:04	deepak1556	2020-12-02 23:09:51	71	71	0	True	True
26805	erickzhao	2020-12-02 23:07:54	erickzhao	2020-12-02 22:43:12	6	3	3	True	True
26803	RangerMauve	2020-12-02 19:59:54	RangerMauve	2020-12-08 03:42:05	2	1	1	False	True
26803	RangerMauve	2020-12-02 19:59:54	RangerMauve	2020-12-02 19:56:35	2	1	1	True	True
26802	sentialx	2020-12-02 17:32:52	sentialx	2020-12-14 11:16:19	9	9	0	False	True
26802	sentialx	2020-12-02 17:32:52	sentialx	2020-12-02 17:25:22	66	45	21	True	True
26800	trop[bot]	2020-12-02 16:19:32	MarshallOfSound	2020-11-30 20:29:36	12	6	6	True	True
26799	trop[bot]	2020-12-02 16:19:29	MarshallOfSound	2020-11-30 20:29:36	12	6	6	True	True
26793	dsanders11	2020-12-02 08:45:39	dsanders11	2020-12-02 08:44:50	4	4	0	True	True
26792	dsanders11	2020-12-02 08:45:22	dsanders11	2020-11-24 02:27:22	203	123	80	True	True
26792	dsanders11	2020-12-02 08:45:22	zcbenz	2021-01-14 06:47:20	6	6	0	False	True
26789	zcbenz	2020-12-02 06:21:32	zcbenz	2020-12-02 06:07:15	121	76	45	True	True
26788	codebytere	2020-12-02 05:28:31	codebytere	2020-12-02 17:26:05	3	2	1	False	True
26788	codebytere	2020-12-02 05:28:31	codebytere	2020-12-02 19:01:56	3	0	3	False	True
26788	codebytere	2020-12-02 05:28:31	codebytere	2020-12-02 05:25:33	60	54	6	True	True
26784	trop[bot]	2020-12-02 00:28:03	miniak	2020-11-27 19:52:07	39	39	0	True	True
26783	trop[bot]	2020-12-02 00:27:57	miniak	2020-11-27 19:52:07	39	39	0	True	True
26782	trop[bot]	2020-12-02 00:27:54	miniak	2020-11-27 19:52:07	39	39	0	True	True
26781	trop[bot]	2020-12-02 00:27:51	miniak	2020-11-27 19:52:07	39	39	0	True	True
26780	trop[bot]	2020-12-02 00:20:55	mlaurencin	2020-12-01 20:59:46	41	36	5	True	True
26779	trop[bot]	2020-12-02 00:20:52	mlaurencin	2020-12-01 20:59:46	41	36	5	True	True
26778	trop[bot]	2020-12-01 23:46:16	jameshfisher	2020-11-30 16:43:10	2	1	1	True	True
26777	trop[bot]	2020-12-01 23:46:11	jameshfisher	2020-11-30 16:43:10	2	1	1	True	True
26776	MarshallOfSound	2020-12-01 23:30:52	MarshallOfSound	2020-12-01 23:29:52	45	42	3	True	True
26776	MarshallOfSound	2020-12-01 23:30:52	MarshallOfSound	2020-12-07 21:57:22	2	1	1	False	True
26775	trop[bot]	2020-12-01 23:03:27	codebytere	2020-12-01 00:56:54	14	5	9	True	True
26775	trop[bot]	2020-12-01 23:03:27	codebytere	2020-11-25 19:58:38	58	58	0	True	True
26774	trop[bot]	2020-12-01 23:03:24	codebytere	2020-12-01 00:56:54	14	5	9	True	True
26774	trop[bot]	2020-12-01 23:03:24	codebytere	2020-11-25 19:58:38	58	58	0	True	True
26772	mlaurencin	2020-12-01 21:05:15	mlaurencin	2020-12-01 20:59:46	41	36	5	True	True
26771	miniak	2020-12-01 20:10:44	miniak	2020-12-03 03:53:51	2	1	1	False	True
26771	miniak	2020-12-01 20:10:44	miniak	2020-12-01 20:03:31	117	23	94	True	True
26770	MarshallOfSound	2020-12-01 19:38:35	MarshallOfSound	2020-11-30 20:29:36	12	6	6	True	True
26769	trop[bot]	2020-12-01 19:35:05	PalmerAL	2020-11-30 00:14:06	4	4	0	True	True
26768	trop[bot]	2020-12-01 19:35:02	PalmerAL	2020-11-30 00:14:06	4	4	0	True	True
26767	erickzhao	2020-12-01 18:52:26	bandantonio	2020-11-30 07:48:39	757	757	0	True	True
26766	erickzhao	2020-12-01 18:51:00	bandantonio	2020-11-30 07:48:39	757	757	0	True	True
26764	miniak	2020-12-01 18:28:54	miniak	2020-12-01 18:16:01	39	25	14	True	True
26757	mzajaczkowski	2020-12-01 11:10:07	zcbenz	2021-01-07 01:24:25	2	1	1	False	True
26757	mzajaczkowski	2020-12-01 11:10:07	mzajaczkowski	2020-12-10 14:28:15	3	2	1	False	True
26757	mzajaczkowski	2020-12-01 11:10:07	mzajaczkowski	2020-12-01 10:59:16	1	1	0	True	True
26755	trop[bot]	2020-12-01 05:02:37	codebytere	2020-11-25 05:35:09	76	47	29	True	True
26755	trop[bot]	2020-12-01 05:02:37	codebytere	2020-11-30 22:13:51	31	11	20	True	True
26754	trop[bot]	2020-12-01 05:02:31	codebytere	2020-11-30 22:13:51	31	11	20	True	True
26754	trop[bot]	2020-12-01 05:02:31	codebytere	2020-11-25 05:35:09	76	47	29	True	True
26753	trop[bot]	2020-12-01 05:02:28	codebytere	2020-11-30 22:13:51	31	11	20	True	True
26753	trop[bot]	2020-12-01 05:02:28	codebytere	2020-11-25 05:35:09	76	47	29	True	True
26752	codebytere	2020-12-01 04:38:14	codebytere	2020-12-01 04:30:43	18	11	7	True	True
26751	vadim-termius	2020-12-01 03:48:58	vadim-termius	2020-12-01 03:11:06	6	4	2	True	True
26750	vadim-termius	2020-12-01 03:44:18	vadim-termius	2020-12-01 03:11:06	6	4	2	True	True
26749	vadim-termius	2020-12-01 03:33:52	vadim-termius	2020-12-01 03:11:06	6	4	2	True	True
26748	codebytere	2020-12-01 01:38:37	codebytere	2020-11-10 17:17:58	48	48	0	True	True
26747	codebytere	2020-12-01 01:36:46	codebytere	2020-11-10 17:17:58	48	48	0	True	True
26746	zcbenz	2020-12-01 01:20:17	zcbenz	2020-12-01 01:17:30	12	3	9	True	True
26745	codebytere	2020-12-01 00:33:30	codebytere	2020-11-17 04:41:37	73	45	28	True	True
26744	codebytere	2020-12-01 00:00:34	codebytere	2020-11-30 22:55:20	73	45	28	True	True
