pr_number	author_user_login	pr_created_at	commit_user_login	commit_created_at	commit_status_total	commit_status_additions	commit_status_deletions	create_before_pr	is_review_commit
34806	trop[bot]	2022-06-30 16:23:24	RaisinTen	2022-06-29 08:26:12	9	8	1	True	True
34806	trop[bot]	2022-06-30 16:23:24	nornagon	2022-06-29 19:53:35	2	1	1	True	True
34805	trop[bot]	2022-06-30 16:23:21	nornagon	2022-06-29 19:53:35	2	1	1	True	True
34805	trop[bot]	2022-06-30 16:23:21	RaisinTen	2022-06-29 08:26:12	9	8	1	True	True
34799	VerteDinde	2022-06-29 22:22:30	erickzhao	2022-06-22 08:17:48	2211	2009	202	True	True
34798	VerteDinde	2022-06-29 22:21:26	erickzhao	2022-06-22 08:17:48	2213	2010	203	True	True
34797	VerteDinde	2022-06-29 22:19:11	erickzhao	2022-06-22 08:17:48	2213	2010	203	True	True
34796	nornagon	2022-06-29 18:06:50	nornagon	2022-06-29 18:06:16	151	70	81	True	True
34795	zowers	2022-06-29 17:34:31	zowers	2022-06-29 17:30:57	4	3	1	True	True
34794	nornagon	2022-06-29 17:13:51	nornagon	2022-06-29 21:29:08	1	0	1	False	True
34794	nornagon	2022-06-29 17:13:51	nornagon	2022-06-28 22:49:04	1031	203	828	True	True
34793	trop[bot]	2022-06-29 15:20:17	codebytere	2022-06-29 12:11:10	10	0	10	True	True
34792	trop[bot]	2022-06-29 15:20:14	codebytere	2022-06-29 12:11:10	10	0	10	True	True
34791	trop[bot]	2022-06-29 15:20:11	codebytere	2022-06-29 12:11:10	10	0	10	True	True
34790	codebytere	2022-06-29 14:20:00	codebytere	2022-06-29 08:16:19	270	228	42	True	True
34790	codebytere	2022-06-29 14:20:00	codebytere	2022-06-30 07:04:08	34	21	13	False	True
34789	codebytere	2022-06-29 12:12:25	codebytere	2022-06-29 12:11:10	10	0	10	True	True
34787	RaisinTen	2022-06-29 08:33:53	RaisinTen	2022-06-29 08:26:12	9	8	1	True	True
34787	RaisinTen	2022-06-29 08:33:53	nornagon	2022-06-29 19:53:35	2	1	1	False	True
34786	trop[bot]	2022-06-29 08:14:30	codebytere	2022-06-27 13:16:48	2	1	1	True	True
34785	trop[bot]	2022-06-29 08:14:27	codebytere	2022-06-27 13:16:48	2	1	1	True	True
34782	VerteDinde	2022-06-29 01:02:20	VerteDinde	2022-06-29 00:59:57	50	28	22	True	True
34781	trop[bot]	2022-06-28 23:03:04	MarshallOfSound	2022-06-28 18:20:13	4	3	1	True	True
34780	trop[bot]	2022-06-28 23:02:59	MarshallOfSound	2022-06-28 18:20:13	4	3	1	True	True
34779	trop[bot]	2022-06-28 23:02:55	MarshallOfSound	2022-06-28 18:20:13	4	3	1	True	True
34778	trop[bot]	2022-06-28 23:02:49	MarshallOfSound	2022-06-28 18:20:13	4	3	1	True	True
34777	VerteDinde	2022-06-28 21:34:01	VerteDinde	2022-06-28 21:32:16	14	7	7	True	True
34776	MarshallOfSound	2022-06-28 18:21:49	MarshallOfSound	2022-06-28 18:20:13	4	3	1	True	True
34774	miniak	2022-06-28 15:54:08	miniak	2022-06-28 15:44:35	312	131	181	True	True
34773	Pslice	2022-06-28 15:17:57	Pslice	2022-06-28 15:17:43	2	1	1	True	True
34772	miniak	2022-06-28 14:47:39	miniak	2022-06-20 00:34:59	86	78	8	True	True
34771	codebytere	2022-06-28 13:56:19	codebytere	2022-06-28 11:20:53	16	13	3	True	True
34770	electron-roller[bot]	2022-06-28 13:00:23	deepak1556	2022-07-05 05:57:39	226	116	110	False	True
34770	electron-roller[bot]	2022-06-28 13:00:23	deepak1556	2022-07-05 07:35:10	16	6	10	False	True
34770	electron-roller[bot]	2022-06-28 13:00:23	ckerr	2022-06-30 19:12:10	31	16	15	False	True
34770	electron-roller[bot]	2022-06-28 13:00:23	deepak1556	2022-07-05 07:34:15	3	2	1	False	True
34770	electron-roller[bot]	2022-06-28 13:00:23	ckerr	2022-06-28 16:15:16	274	137	137	False	True
34770	electron-roller[bot]	2022-06-28 13:00:23	ckerr	2022-06-30 19:16:59	151	75	76	False	True
34770	electron-roller[bot]	2022-06-28 13:00:23	deepak1556	2022-07-05 06:02:07	3	2	1	False	True
34770	electron-roller[bot]	2022-06-28 13:00:23	ckerr	2022-06-30 03:01:37	2	1	1	False	True
34770	electron-roller[bot]	2022-06-28 13:00:23	ckerr	2022-06-29 17:50:40	96	48	48	False	True
34770	electron-roller[bot]	2022-06-28 13:00:23	ckerr	2022-06-28 15:54:47	18	9	9	False	True
34770	electron-roller[bot]	2022-06-28 13:00:23	ckerr	2022-06-28 16:06:12	642	0	642	False	True
34770	electron-roller[bot]	2022-06-28 13:00:23	ckerr	2022-06-28 17:34:26	1	1	0	False	True
34770	electron-roller[bot]	2022-06-28 13:00:23	ckerr	2022-06-30 20:18:01	38	18	20	False	True
34770	electron-roller[bot]	2022-06-28 13:00:23	ckerr	2022-06-28 15:40:27	46	23	23	False	True
34770	electron-roller[bot]	2022-06-28 13:00:23	ckerr	2022-06-28 17:49:56	10	3	7	False	True
34770	electron-roller[bot]	2022-06-28 13:00:23	ckerr	2022-06-28 18:54:47	10	6	4	False	True
34770	electron-roller[bot]	2022-06-28 13:00:23	ckerr	2022-06-28 17:40:56	3	3	0	False	True
34770	electron-roller[bot]	2022-06-28 13:00:23	ckerr	2022-06-28 17:58:51	3	3	0	False	True
34770	electron-roller[bot]	2022-06-28 13:00:23	ckerr	2022-06-28 18:13:48	13	5	8	False	True
34770	electron-roller[bot]	2022-06-28 13:00:23	ckerr	2022-06-30 15:08:53	148	74	74	False	True
34770	electron-roller[bot]	2022-06-28 13:00:23	ckerr	2022-06-30 18:58:44	148	74	74	False	True
34770	electron-roller[bot]	2022-06-28 13:00:23	ckerr	2022-06-29 19:20:21	14	6	8	False	True
34767	codebytere	2022-06-28 07:54:39	codebytere	2022-06-21 11:32:18	62	19	43	True	True
34766	gerhardberger	2022-06-28 07:25:12	gerhardberger	2022-06-28 07:21:37	7	7	0	True	True
34760	trop[bot]	2022-06-27 13:43:19	nornagon	2022-06-13 16:35:42	105	92	13	True	True
34759	codebytere	2022-06-27 13:19:53	codebytere	2022-06-27 13:16:48	2	1	1	True	True
34758	trop[bot]	2022-06-27 13:13:24	nornagon	2022-06-13 16:35:42	105	92	13	True	True
34757	trop[bot]	2022-06-27 13:13:15	nornagon	2022-06-13 16:35:42	105	92	13	True	True
34754	trop[bot]	2022-06-27 12:14:29	dsanders11	2022-06-24 22:11:41	9	4	5	True	True
34753	trop[bot]	2022-06-27 12:14:26	dsanders11	2022-06-24 22:11:41	9	4	5	True	True
34752	trop[bot]	2022-06-27 12:14:20	dsanders11	2022-06-24 22:11:41	9	4	5	True	True
34748	trop[bot]	2022-06-27 08:29:25	miniak	2022-06-25 00:37:44	3	2	1	True	True
34747	trop[bot]	2022-06-27 08:29:22	miniak	2022-06-25 00:37:44	3	2	1	True	True
34746	trop[bot]	2022-06-27 08:29:15	miniak	2022-06-25 00:37:44	3	2	1	True	True
34745	trop[bot]	2022-06-27 08:29:10	miniak	2022-06-25 00:37:44	3	2	1	True	True
34740	dsanders11	2022-06-25 05:11:53	dsanders11	2022-06-25 05:08:57	2	1	1	True	True
34739	dsanders11	2022-06-25 03:25:29	dsanders11	2022-06-25 03:06:40	48	27	21	True	True
34736	dsanders11	2022-06-25 00:43:37	dsanders11	2022-06-25 00:42:57	2	1	1	True	True
34736	dsanders11	2022-06-25 00:43:37	dsanders11	2022-06-29 21:17:01	2	1	1	False	True
34735	miniak	2022-06-25 00:42:05	miniak	2022-06-25 00:37:44	3	2	1	True	True
34734	trop[bot]	2022-06-25 00:14:16	pr0t4zy	2022-04-11 15:17:54	15	15	0	True	True
34733	trop[bot]	2022-06-25 00:09:40	codebytere	2022-06-21 09:19:52	50	44	6	True	True
34732	dsanders11	2022-06-24 23:31:14	dsanders11	2022-06-24 23:30:23	2	1	1	True	True
34732	dsanders11	2022-06-24 23:31:14	dsanders11	2022-06-25 00:33:38	2	1	1	False	True
34732	dsanders11	2022-06-24 23:31:14	dsanders11	2022-06-24 23:51:20	2	1	1	False	True
34732	dsanders11	2022-06-24 23:31:14	dsanders11	2022-06-25 00:08:42	2	1	1	False	True
34731	dsanders11	2022-06-24 23:02:12	dsanders11	2022-06-24 23:00:17	15	7	8	True	True
34730	dsanders11	2022-06-24 22:55:29	dsanders11	2022-06-24 22:54:58	14	7	7	True	True
34729	dsanders11	2022-06-24 22:20:30	dsanders11	2022-06-24 22:11:41	9	4	5	True	True
34724	nornagon	2022-06-23 23:41:40	nornagon	2022-06-27 21:18:52	29	0	29	False	True
34724	nornagon	2022-06-23 23:41:40	nornagon	2022-06-29 20:37:08	7	7	0	False	True
34724	nornagon	2022-06-23 23:41:40	nornagon	2022-06-29 22:40:36	170	34	136	False	True
34723	mlaurencin	2022-06-23 20:16:35	mlaurencin	2022-06-23 21:57:19	2	2	0	False	True
34723	mlaurencin	2022-06-23 20:16:35	mlaurencin	2022-07-18 23:45:43	106	43	63	False	True
34723	mlaurencin	2022-06-23 20:16:35	mlaurencin	2022-07-19 00:41:29	2	0	2	False	True
34723	mlaurencin	2022-06-23 20:16:35	mlaurencin	2022-06-22 19:53:54	144	144	0	True	True
34723	mlaurencin	2022-06-23 20:16:35	mlaurencin	2022-06-22 22:05:49	7	3	4	True	True
34723	mlaurencin	2022-06-23 20:16:35	mlaurencin	2022-07-27 02:00:01	2	2	0	False	True
34723	mlaurencin	2022-06-23 20:16:35	mlaurencin	2022-06-23 23:00:07	15	13	2	False	True
34723	mlaurencin	2022-06-23 20:16:35	mlaurencin	2022-07-11 21:49:26	2	2	0	False	True
34723	mlaurencin	2022-06-23 20:16:35	mlaurencin	2022-07-27 01:01:05	6	2	4	False	True
34723	mlaurencin	2022-06-23 20:16:35	mlaurencin	2022-07-27 00:57:40	12	5	7	False	True
34723	mlaurencin	2022-06-23 20:16:35	mlaurencin	2022-06-24 21:55:55	4	1	3	False	True
34723	mlaurencin	2022-06-23 20:16:35	mlaurencin	2022-07-25 23:02:48	74	34	40	False	True
34722	trop[bot]	2022-06-23 17:09:17	codebytere	2022-06-21 09:19:52	50	44	6	True	True
34721	trop[bot]	2022-06-23 17:09:14	codebytere	2022-06-21 09:19:52	50	44	6	True	True
34720	trop[bot]	2022-06-23 17:09:11	codebytere	2022-06-21 09:19:52	50	44	6	True	True
34715	ppontes	2022-06-23 09:12:21	ppontes	2022-06-23 09:12:20	98	98	0	True	True
34714	ppontes	2022-06-23 09:12:16	ppontes	2022-06-23 09:12:15	99	99	0	True	True
34713	codebytere	2022-06-23 09:12:06	codebytere	2022-06-23 08:52:21	48	39	9	True	True
34712	ppontes	2022-06-23 09:07:52	ppontes	2022-06-23 09:07:51	99	99	0	True	True
34711	deermichel	2022-06-23 08:37:13	deermichel	2022-06-27 09:42:31	1	1	0	False	True
34711	deermichel	2022-06-23 08:37:13	deermichel	2022-06-23 08:31:18	5	4	1	True	True
34711	deermichel	2022-06-23 08:37:13	deermichel	2022-06-23 08:29:10	68	68	0	True	True
34711	deermichel	2022-06-23 08:37:13	deermichel	2022-06-27 08:17:22	2	1	1	False	True
34711	deermichel	2022-06-23 08:37:13	deermichel	2022-06-23 13:15:02	25	24	1	False	True
34711	deermichel	2022-06-23 08:37:13	deermichel	2022-06-27 12:19:21	173	82	91	False	True
34711	deermichel	2022-06-23 08:37:13	deermichel	2022-06-27 11:21:39	6	1	5	False	True
34702		2022-06-22 13:00:20							False
34697		2022-06-22 06:05:48							False
34692	nornagon	2022-06-21 20:59:19	nornagon	2022-06-21 20:59:17	183	183	0	True	True
34691	nornagon	2022-06-21 20:59:11	nornagon	2022-06-21 20:59:09	183	183	0	True	True
34689	nornagon	2022-06-21 20:56:52	nornagon	2022-06-21 20:56:50	107	107	0	True	True
34689	nornagon	2022-06-21 20:56:52	electron-bot	2022-06-23 18:25:00	343	333	10	False	True
34689	nornagon	2022-06-21 20:56:52	nornagon	2022-07-21 22:37:39	29	27	2	False	True
34689	nornagon	2022-06-21 20:56:52	electron-bot	2022-07-05 17:52:02	2869	2624	245	False	True
34689	nornagon	2022-06-21 20:56:52	nornagon	2022-06-28 22:01:18	46	27	19	False	True
34688	nornagon	2022-06-21 20:56:44	electron-bot	2022-06-23 19:07:49	284	284	0	False	True
34688	nornagon	2022-06-21 20:56:44	nornagon	2022-06-28 21:39:36	122	94	28	False	True
34688	nornagon	2022-06-21 20:56:44	nornagon	2022-06-21 20:56:42	107	107	0	True	True
34687	nornagon	2022-06-21 20:55:34	nornagon	2022-06-21 20:55:32	65	65	0	True	True
34687	nornagon	2022-06-21 20:55:34	electron-bot	2022-06-22 10:27:14	233	229	4	False	True
34687	nornagon	2022-06-21 20:55:34	ppontes	2022-06-28 19:36:05	49	19	30	False	True
34687	nornagon	2022-06-21 20:55:34	ppontes	2022-06-28 19:48:03	4	2	2	False	True
34686	nornagon	2022-06-21 20:55:26	electron-bot	2022-06-23 15:17:32	186	186	0	False	True
34686	nornagon	2022-06-21 20:55:26	nornagon	2022-06-21 20:55:24	65	65	0	True	True
34686	nornagon	2022-06-21 20:55:26	ppontes	2022-06-28 19:43:25	50	20	30	False	True
34685	nornagon	2022-06-21 20:55:01	electron-bot	2022-06-23 18:24:59	343	333	10	False	True
34685	nornagon	2022-06-21 20:55:01	ppontes	2022-06-28 14:37:29	56	25	31	False	True
34685	nornagon	2022-06-21 20:55:01	nornagon	2022-06-21 20:55:00	346	346	0	True	True
34684	nornagon	2022-06-21 20:54:53	nornagon	2022-06-28 21:13:24	150	26	124	False	True
34684	nornagon	2022-06-21 20:54:53	ppontes	2022-06-29 20:32:06	263	254	9	False	True
34684	nornagon	2022-06-21 20:54:53	nornagon	2022-06-28 21:13:51	173	153	20	False	True
34684	nornagon	2022-06-21 20:54:53	ppontes	2022-06-29 20:20:49	52	34	18	False	True
34684	nornagon	2022-06-21 20:54:53	electron-bot	2022-06-23 19:07:50	284	284	0	False	True
34684	nornagon	2022-06-21 20:54:53	nornagon	2022-06-21 20:54:52	346	346	0	True	True
34683	MarshallOfSound	2022-06-21 20:20:01	MarshallOfSound	2022-06-21 20:19:08	19	8	11	True	True
34683	MarshallOfSound	2022-06-21 20:20:01	MarshallOfSound	2022-09-23 08:25:29	7	4	3	False	True
34682	nornagon	2022-06-21 17:28:01	nornagon	2022-06-21 17:27:18	6	3	3	True	True
34682	nornagon	2022-06-21 17:28:01	codebytere	2022-06-22 08:17:58	2	2	0	False	True
34680	VerteDinde	2022-06-21 15:40:50	VerteDinde	2022-06-21 15:39:59	13	3	10	True	True
34677	codebytere	2022-06-21 09:24:01	codebytere	2022-06-21 09:19:52	50	44	6	True	True
34675	trop[bot]	2022-06-21 07:36:22	codebytere	2022-06-13 20:21:02	47	43	4	True	True
34674	trop[bot]	2022-06-21 07:36:16	codebytere	2022-06-13 20:21:02	47	43	4	True	True
34673	trop[bot]	2022-06-21 07:36:13	codebytere	2022-06-13 20:21:02	47	43	4	True	True
34672	trop[bot]	2022-06-21 07:35:11	miniak	2022-06-20 00:25:49	30	15	15	True	True
34669	trop[bot]	2022-06-21 01:40:01	miniak	2022-06-19 19:01:46	4	2	2	True	True
34668	trop[bot]	2022-06-21 01:39:58	miniak	2022-06-19 19:01:46	4	2	2	True	True
34667	nornagon	2022-06-21 00:40:25	nornagon	2022-06-21 00:39:45	11	6	5	True	True
34666	nornagon	2022-06-21 00:32:44	nornagon	2022-06-28 16:55:31	2	1	1	False	True
34666	nornagon	2022-06-21 00:32:44	nornagon	2022-06-27 21:09:18	97	45	52	False	True
34665	trop[bot]	2022-06-20 23:35:38	isailaandrei	2022-06-06 11:28:32	1	1	0	True	True
34665	trop[bot]	2022-06-20 23:35:38	andreiisaila	2022-06-02 15:22:24	8	4	4	True	True
34665	trop[bot]	2022-06-20 23:35:38	andreiisaila	2022-06-02 15:17:33	16	12	4	True	True
34665	trop[bot]	2022-06-20 23:35:38	andreiisaila	2022-06-02 15:04:28	16	4	12	True	True
34665	trop[bot]	2022-06-20 23:35:38	andreiisaila	2022-06-02 14:39:42	6	3	3	True	True
34665	trop[bot]	2022-06-20 23:35:38	andreiisaila	2022-05-30 17:56:27	87	83	4	True	True
34665	trop[bot]	2022-06-20 23:35:38	isailaandrei	2022-06-06 11:28:43	1	1	0	True	True
34665	trop[bot]	2022-06-20 23:35:38	andreiisaila	2022-06-10 13:12:16	12	7	5	True	True
34663	nornagon	2022-06-20 23:02:36	nornagon	2022-06-27 21:07:18	147	71	76	False	True
34662	nornagon	2022-06-20 22:31:26	jkleinsc	2022-06-01 16:03:25	13	10	3	True	True
34662	nornagon	2022-06-20 22:31:26	codebytere	2022-06-01 07:46:35	5	3	2	True	True
34662	nornagon	2022-06-20 22:31:26	codebytere	2022-06-01 09:34:07	6	3	3	True	True
34662	nornagon	2022-06-20 22:31:26	codebytere	2022-06-01 08:18:08	23	8	15	True	True
34662	nornagon	2022-06-20 22:31:26	codebytere	2022-06-01 10:46:28	27	14	13	True	True
34662	nornagon	2022-06-20 22:31:26	codebytere	2022-06-01 19:34:52	5	2	3	True	True
34662	nornagon	2022-06-20 22:31:26	codebytere	2022-06-01 08:07:22	8	4	4	True	True
34662	nornagon	2022-06-20 22:31:26	codebytere	2022-06-01 10:27:35	3	1	2	True	True
34662	nornagon	2022-06-20 22:31:26	codebytere	2022-06-03 08:29:36	90	45	45	True	True
34662	nornagon	2022-06-20 22:31:26	codebytere	2022-06-03 09:14:02	11	5	6	True	True
34662	nornagon	2022-06-20 22:31:26	codebytere	2022-06-01 11:57:20	351	170	181	True	True
34662	nornagon	2022-06-20 22:31:26	codebytere	2022-06-01 12:00:21	23	14	9	True	True
34662	nornagon	2022-06-20 22:31:26	jkleinsc	2022-06-01 16:01:51	15	12	3	True	True
34662	nornagon	2022-06-20 22:31:26	codebytere	2022-06-01 08:01:56	50	33	17	True	True
34662	nornagon	2022-06-20 22:31:26	codebytere	2022-06-02 14:49:10	6	3	3	True	True
34662	nornagon	2022-06-20 22:31:26	ckerr	2022-06-01 22:45:46	364	355	9	True	True
34662	nornagon	2022-06-20 22:31:26	jkleinsc	2022-06-02 18:08:51	642	231	411	True	True
34662	nornagon	2022-06-20 22:31:26	codebytere	2022-06-03 08:23:22	8	4	4	True	True
34662	nornagon	2022-06-20 22:31:26	codebytere	2022-06-02 11:14:06	1	1	0	True	True
34662	nornagon	2022-06-20 22:31:26	codebytere	2022-06-02 13:52:32	4	2	2	True	True
34662	nornagon	2022-06-20 22:31:26	codebytere	2022-06-02 14:06:56	121	60	61	True	True
34662	nornagon	2022-06-20 22:31:26	codebytere	2022-06-02 13:56:12	169	11	158	True	True
34662	nornagon	2022-06-20 22:31:26	codebytere	2022-06-02 14:50:32	4	2	2	True	True
34662	nornagon	2022-06-20 22:31:26	codebytere	2022-06-02 18:58:32	46	46	0	True	True
34662	nornagon	2022-06-20 22:31:26	codebytere	2022-06-01 09:32:38	75	33	42	True	True
34661	nornagon	2022-06-20 20:32:07	nornagon	2022-06-23 00:14:45	3	1	2	False	True
34661	nornagon	2022-06-20 20:32:07	nornagon	2022-06-22 23:32:59	3	2	1	False	True
34661	nornagon	2022-06-20 20:32:07	nornagon	2022-06-22 23:32:30	2	1	1	False	True
34661	nornagon	2022-06-20 20:32:07	nornagon	2022-06-20 23:32:01	103	55	48	False	True
34661	nornagon	2022-06-20 20:32:07	nornagon	2022-06-20 20:24:50	200	96	104	True	True
34660	nornagon	2022-06-20 20:30:18	nornagon	2022-06-20 20:29:25	3	2	1	True	True
34659	trop[bot]	2022-06-20 19:55:14	codebytere	2022-06-20 09:16:50	1	1	0	True	True
34658	trop[bot]	2022-06-20 19:55:08	codebytere	2022-06-20 09:16:50	1	1	0	True	True
34657	nornagon	2022-06-20 18:06:17	nornagon	2022-06-20 18:04:06	48	23	25	True	True
34656	nornagon	2022-06-20 18:03:44	nornagon	2022-06-20 18:02:55	4	2	2	True	True
34656	nornagon	2022-06-20 18:03:44	nornagon	2022-06-21 00:29:40	5	3	2	False	True
34655	nornagon	2022-06-20 17:32:48	nornagon	2022-06-28 22:03:02	3	1	2	False	True
34655	nornagon	2022-06-20 17:32:48	nornagon	2022-06-27 21:16:53	211	100	111	False	True
34653	codebytere	2022-06-20 13:58:38	codebytere	2022-06-20 13:17:53	86	56	30	True	True
34652	codebytere	2022-06-20 13:57:59	codebytere	2022-06-20 13:17:53	86	56	30	True	True
34651	miniak	2022-06-20 13:56:33	miniak	2022-06-20 13:55:22	14	10	4	True	True
34649	trop[bot]	2022-06-20 13:18:19	codebytere	2022-06-17 15:31:21	87	56	31	True	True
34649	trop[bot]	2022-06-20 13:18:19	codebytere	2022-06-20 07:21:54	2	1	1	True	True
34647	trop[bot]	2022-06-20 10:40:40	codebytere	2022-06-16 10:12:54	34	18	16	True	True
34646	trop[bot]	2022-06-20 10:40:37	codebytere	2022-06-16 10:12:54	34	18	16	True	True
34644	codebytere	2022-06-20 09:19:44	codebytere	2022-06-20 09:16:50	1	1	0	True	True
34643	trop[bot]	2022-06-20 04:34:23	codebytere	2022-06-15 18:30:41	3	3	0	True	True
34642	trop[bot]	2022-06-20 04:34:00	codebytere	2022-06-15 18:30:41	3	3	0	True	True
34641	trop[bot]	2022-06-20 04:32:59	codebytere	2022-06-15 18:30:41	3	3	0	True	True
34640	trop[bot]	2022-06-20 04:32:47	RaisinTen	2022-06-17 07:56:43	643	643	0	True	True
34640	trop[bot]	2022-06-20 04:32:47	zcbenz	2022-06-20 05:06:08	1	0	1	False	True
34639	trop[bot]	2022-06-20 04:32:41	RaisinTen	2022-06-17 07:56:43	642	642	0	True	True
34638	trop[bot]	2022-06-20 04:32:38	RaisinTen	2022-06-17 07:56:43	643	643	0	True	True
34638	trop[bot]	2022-06-20 04:32:38	zcbenz	2022-06-20 05:07:02	1	0	1	False	True
34637	trop[bot]	2022-06-20 04:32:35	zcbenz	2022-06-20 05:07:32	4	0	4	False	True
34637	trop[bot]	2022-06-20 04:32:35	RaisinTen	2022-06-17 07:56:43	646	646	0	True	True
34637	trop[bot]	2022-06-20 04:32:35	zcbenz	2022-06-20 07:23:50	4	2	2	False	True
34635	trop[bot]	2022-06-20 00:42:59	rzhao271	2022-05-04 21:45:58	20	16	4	True	True
34635	trop[bot]	2022-06-20 00:42:59	rzhao271	2022-06-14 18:20:37	11	7	4	True	True
34635	trop[bot]	2022-06-20 00:42:59	rzhao271	2022-06-13 22:09:21	26	8	18	True	True
34635	trop[bot]	2022-06-20 00:42:59	rzhao271	2022-05-05 16:54:25	3	1	2	True	True
34635	trop[bot]	2022-06-20 00:42:59	rzhao271	2022-05-05 20:47:59	7	6	1	True	True
34635	trop[bot]	2022-06-20 00:42:59	rzhao271	2022-06-15 18:22:59	56	56	0	True	True
34635	trop[bot]	2022-06-20 00:42:59	rzhao271	2022-06-16 17:56:19	92	30	62	True	True
34634	miniak	2022-06-20 00:33:37	miniak	2022-06-20 00:25:49	30	15	15	True	True
34632	ppontes	2022-06-19 21:33:36	ppontes	2022-06-19 21:33:35	197	197	0	True	True
34631	ppontes	2022-06-19 21:33:31	ppontes	2022-06-19 21:33:30	197	197	0	True	True
34628	miniak	2022-06-19 19:06:28	miniak	2022-06-19 19:01:46	4	2	2	True	True
34627	miniak	2022-06-19 18:56:58	codebytere	2022-06-14 16:22:23	86	78	8	True	True
34615	codebytere	2022-06-17 15:35:16	codebytere	2022-06-20 07:21:54	2	1	1	False	True
34615	codebytere	2022-06-17 15:35:16	codebytere	2022-06-17 15:31:21	87	56	31	True	True
34612	trop[bot]	2022-06-17 10:02:13	codebytere	2022-06-15 18:05:17	12	8	4	True	True
34611	trop[bot]	2022-06-17 10:02:07	codebytere	2022-06-15 18:05:17	12	8	4	True	True
34610	trop[bot]	2022-06-17 10:02:01	codebytere	2022-06-15 18:05:17	12	8	4	True	True
34609	RaisinTen	2022-06-17 08:09:25	RaisinTen	2022-06-17 07:56:43	642	642	0	True	True
34607		2022-06-17 03:34:49							False
34604	erickzhao	2022-06-17 02:35:23	erickzhao	2022-06-17 02:47:17	29	17	12	False	True
34604	erickzhao	2022-06-17 02:35:23	erickzhao	2022-06-17 02:32:27	435	292	143	True	True
34604	erickzhao	2022-06-17 02:35:23	erickzhao	2022-06-17 00:33:22	1866	1808	58	True	True
34604	erickzhao	2022-06-17 02:35:23	erickzhao	2022-06-17 02:51:23	97	0	97	False	True
34602	rzhao271	2022-06-16 21:17:45	rzhao271	2022-06-16 21:12:33	55	44	11	True	True
34601	rzhao271	2022-06-16 20:20:50	rzhao271	2022-06-16 20:15:26	55	44	11	True	True
34600	VerteDinde	2022-06-16 19:56:31	VerteDinde	2022-06-16 19:55:11	12	6	6	True	True
34598	nornagon	2022-06-16 16:54:41	nornagon	2022-06-16 16:54:33	2	2	0	True	True
34597	nornagon	2022-06-16 16:53:15	nornagon	2022-06-16 16:53:03	2	2	0	True	True
34594	codebytere	2022-06-16 10:24:01	codebytere	2022-06-16 10:12:54	34	18	16	True	True
34593	trop[bot]	2022-06-16 01:17:55	miniak	2022-06-13 19:46:17	6	5	1	True	True
34590	miniak	2022-06-15 22:23:56	miniak	2022-06-15 22:22:28	24	9	15	True	True
34588	miniak	2022-06-15 21:39:27	miniak	2022-06-15 21:37:19	14	0	14	True	True
34587	jkleinsc	2022-06-15 20:57:14	jkleinsc	2022-06-15 22:31:27	4	2	2	False	True
34587	jkleinsc	2022-06-15 20:57:14	jkleinsc	2022-06-15 20:51:56	2	2	0	True	True
34586	VerteDinde	2022-06-15 20:31:24	zcbenz	2022-06-20 07:47:46	1004	823	181	False	True
34586	VerteDinde	2022-06-15 20:31:24	zcbenz	2022-06-20 10:42:05	6	3	3	False	True
34586	VerteDinde	2022-06-15 20:31:24	VerteDinde	2022-06-15 00:34:43	13	10	3	True	True
34585	trop[bot]	2022-06-15 20:22:45	nornagon	2022-06-15 03:07:59	2	0	2	True	True
34585	trop[bot]	2022-06-15 20:22:45	nornagon	2022-06-14 23:36:29	1	1	0	True	True
34585	trop[bot]	2022-06-15 20:22:45	nornagon	2022-06-14 20:06:17	8	6	2	True	True
34585	trop[bot]	2022-06-15 20:22:45	nornagon	2022-06-13 20:48:58	12	4	8	True	True
34585	trop[bot]	2022-06-15 20:22:45	nornagon	2022-06-15 00:03:24	59	11	48	True	True
34585	trop[bot]	2022-06-15 20:22:45	nornagon	2022-06-13 21:02:55	10	9	1	True	True
34585	trop[bot]	2022-06-15 20:22:45	nornagon	2022-06-14 23:39:20	2	1	1	True	True
34584	trop[bot]	2022-06-15 20:22:11	VerteDinde	2022-06-02 17:22:19	2	1	1	True	True
34582	codebytere	2022-06-15 18:41:50	codebytere	2022-06-15 18:05:17	12	8	4	True	True
34581	codebytere	2022-06-15 18:37:07	codebytere	2022-06-15 18:30:41	3	3	0	True	True
34574	jsoref	2022-06-15 01:21:07	jsoref	2022-06-15 16:03:24	16	8	8	False	True
34574	jsoref	2022-06-15 01:21:07	jsoref	2022-06-15 16:03:04	2	1	1	False	True
34574	jsoref	2022-06-15 01:21:07	jsoref	2022-06-15 16:03:24	26	13	13	False	True
34574	jsoref	2022-06-15 01:21:07	jsoref	2022-06-15 16:03:23	4	2	2	False	True
34574	jsoref	2022-06-15 01:21:07	jsoref	2022-06-15 16:03:24	8	4	4	False	True
34574	jsoref	2022-06-15 01:21:07	jsoref	2022-06-15 16:03:23	2	1	1	False	True
34574	jsoref	2022-06-15 01:21:07	jsoref	2022-06-15 16:03:24	30	15	15	False	True
34574	jsoref	2022-06-15 01:21:07	jsoref	2022-06-15 16:03:24	2	1	1	False	True
34574	jsoref	2022-06-15 01:21:07	jsoref	2022-06-15 16:03:24	58	29	29	False	True
34574	jsoref	2022-06-15 01:21:07	jsoref	2022-06-15 16:03:24	28	14	14	False	True
34573	jsoref	2022-06-15 01:15:55	jsoref	2022-06-15 00:14:25	2	1	1	True	True
34570	nornagon	2022-06-14 20:03:39	nornagon	2022-06-14 20:03:38	141	141	0	True	True
34570	nornagon	2022-06-14 20:03:39	electron-bot	2022-06-15 02:28:43	152	152	0	False	True
34570	nornagon	2022-06-14 20:03:39	electron-bot	2022-06-15 16:53:19	550	544	6	False	True
34569	nornagon	2022-06-14 20:03:32	electron-bot	2022-06-15 19:46:18	201	201	0	False	True
34569	nornagon	2022-06-14 20:03:32	electron-bot	2022-06-15 16:51:41	515	509	6	False	True
34569	nornagon	2022-06-14 20:03:32	electron-bot	2022-06-15 02:30:11	231	231	0	False	True
34569	nornagon	2022-06-14 20:03:32	nornagon	2022-06-14 20:03:31	141	141	0	True	True
34568	nornagon	2022-06-14 20:01:03	nornagon	2022-06-14 20:01:01	75	75	0	True	True
34568	nornagon	2022-06-14 20:01:03	electron-bot	2022-06-15 05:26:21	271	271	0	False	True
34567	nornagon	2022-06-14 20:00:55	electron-bot	2022-06-15 05:26:34	363	363	0	False	True
34567	nornagon	2022-06-14 20:00:55	electron-bot	2022-06-15 02:28:29	28	28	0	False	True
34567	nornagon	2022-06-14 20:00:55	nornagon	2022-06-14 20:00:53	75	75	0	True	True
34566	nornagon	2022-06-14 20:00:28	electron-bot	2022-06-15 05:26:22	271	271	0	False	True
34566	nornagon	2022-06-14 20:00:28	electron-bot	2022-06-15 16:54:01	552	546	6	False	True
34566	nornagon	2022-06-14 20:00:28	nornagon	2022-06-14 20:00:27	240	240	0	True	True
34565	nornagon	2022-06-14 20:00:21	electron-bot	2022-06-15 02:28:28	28	28	0	False	True
34565	nornagon	2022-06-14 20:00:21	nornagon	2022-06-14 20:00:19	240	240	0	True	True
34562	nornagon	2022-06-14 19:51:41	nornagon	2022-06-14 19:51:39	232	232	0	True	True
34561	nornagon	2022-06-14 19:51:33	nornagon	2022-06-14 19:51:32	232	232	0	True	True
34561	nornagon	2022-06-14 19:51:33	nornagon	2022-06-14 21:55:48	36	17	19	False	True
34561	nornagon	2022-06-14 19:51:33	electron-bot	2022-06-15 02:28:52	152	152	0	False	True
34560	nornagon	2022-06-14 19:50:01	nornagon	2022-06-14 19:49:59	29	29	0	True	True
34559	nornagon	2022-06-14 19:49:53	nornagon	2022-06-14 19:49:52	29	29	0	True	True
34558	nornagon	2022-06-14 19:49:25	electron-bot	2022-06-15 02:30:18	231	231	0	False	True
34558	nornagon	2022-06-14 19:49:25	nornagon	2022-06-14 19:49:23	392	392	0	True	True
34557	nornagon	2022-06-14 19:49:17	nornagon	2022-06-14 19:49:15	392	392	0	True	True
34557	nornagon	2022-06-14 19:49:17	electron-bot	2022-06-15 02:28:42	152	152	0	False	True
34557	nornagon	2022-06-14 19:49:17	electron-bot	2022-06-15 16:53:20	550	544	6	False	True
34557	nornagon	2022-06-14 19:49:17	electron-bot	2022-06-15 19:57:12	246	246	0	False	True
34556	nornagon	2022-06-14 19:48:55	nornagon	2022-06-14 19:48:53	123	123	0	True	True
34556	nornagon	2022-06-14 19:48:55	electron-bot	2022-06-15 02:30:19	231	231	0	False	True
34556	nornagon	2022-06-14 19:48:55	electron-bot	2022-06-15 16:51:46	515	509	6	False	True
34555	nornagon	2022-06-14 19:48:47	nornagon	2022-06-14 19:48:45	123	123	0	True	True
34554	nornagon	2022-06-14 19:48:14	nornagon	2022-06-14 19:48:12	29	29	0	True	True
34553	nornagon	2022-06-14 19:48:07	nornagon	2022-06-14 19:48:05	29	29	0	True	True
34550	trop[bot]	2022-06-14 16:27:56	mlaurencin	2022-06-14 16:27:28	231	52	179	True	True
34549	trop[bot]	2022-06-14 16:27:53	mlaurencin	2022-06-14 16:27:28	231	52	179	True	True
34548	trop[bot]	2022-06-14 16:27:50	mlaurencin	2022-06-14 16:27:28	231	52	179	True	True
34547	trop[bot]	2022-06-14 16:22:49	codebytere	2022-06-13 09:29:06	53	36	17	True	True
34547	trop[bot]	2022-06-14 16:22:49	codebytere	2022-06-13 08:33:51	64	57	7	True	True
34546	trop[bot]	2022-06-14 16:22:46	codebytere	2022-06-13 09:29:06	53	36	17	True	True
34546	trop[bot]	2022-06-14 16:22:46	codebytere	2022-06-13 08:33:51	64	57	7	True	True
34545	trop[bot]	2022-06-14 16:16:26	miniak	2022-06-13 20:08:46	12	12	0	True	True
34544	trop[bot]	2022-06-14 16:16:24	miniak	2022-06-13 20:08:46	12	12	0	True	True
34543	trop[bot]	2022-06-14 16:16:20	miniak	2022-06-13 20:08:46	12	12	0	True	True
34542	trop[bot]	2022-06-14 16:16:11	miniak	2022-06-13 20:08:46	12	12	0	True	True
34541	ppontes	2022-06-14 16:12:16	electron-bot	2022-06-14 19:25:40	142	142	0	False	True
34541	ppontes	2022-06-14 16:12:16	ppontes	2022-06-14 16:12:15	70	70	0	True	True
34540	ppontes	2022-06-14 16:12:12	electron-bot	2022-06-14 19:27:04	146	145	1	False	True
34540	ppontes	2022-06-14 16:12:12	ppontes	2022-06-14 16:12:10	70	70	0	True	True
34538	ppontes	2022-06-14 13:28:29	ppontes	2022-06-14 13:28:28	28	28	0	True	True
34537	ppontes	2022-06-14 13:28:23	ppontes	2022-06-14 13:28:22	32	31	1	True	True
34536	jviotti	2022-06-13 23:14:35	jviotti	2022-06-13 23:09:31	1	1	0	True	True
34535	nornagon	2022-06-13 22:34:29	nornagon	2022-06-13 22:34:28	116	116	0	True	True
34534	nornagon	2022-06-13 22:34:22	nornagon	2022-06-13 22:34:20	116	116	0	True	True
34533	miniak	2022-06-13 22:26:17	miniak	2022-06-13 22:21:35	20	0	20	True	True
34531	nornagon	2022-06-13 20:53:57	nornagon	2022-06-14 23:36:29	1	1	0	False	True
34531	nornagon	2022-06-13 20:53:57	nornagon	2022-06-14 20:06:17	8	6	2	False	True
34531	nornagon	2022-06-13 20:53:57	nornagon	2022-06-13 20:48:58	12	4	8	True	True
34531	nornagon	2022-06-13 20:53:57	nornagon	2022-06-13 21:02:55	10	9	1	False	True
34531	nornagon	2022-06-13 20:53:57	nornagon	2022-06-14 23:39:20	2	1	1	False	True
34531	nornagon	2022-06-13 20:53:57	nornagon	2022-06-15 03:07:59	2	0	2	False	True
34531	nornagon	2022-06-13 20:53:57	nornagon	2022-06-15 00:03:24	59	11	48	False	True
34530	codebytere	2022-06-13 20:25:54	codebytere	2022-06-13 20:21:02	47	43	4	True	True
34529	miniak	2022-06-13 20:10:05	miniak	2022-06-13 20:08:46	12	12	0	True	True
34528	miniak	2022-06-13 19:52:59	miniak	2022-06-13 19:46:17	6	5	1	True	True
34526	miniak	2022-06-13 17:29:55	miniak	2022-06-09 23:42:04	717	36	681	True	True
34524	trop[bot]	2022-06-13 16:35:59	nornagon	2022-06-13 16:35:42	105	92	13	True	True
34523	codebytere	2022-06-13 08:35:32	codebytere	2022-06-13 09:29:06	53	36	17	False	True
34523	codebytere	2022-06-13 08:35:32	codebytere	2022-06-13 08:33:51	64	57	7	True	True
34521	trop[bot]	2022-06-13 07:01:48	miniak	2022-06-10 16:58:05	166	0	166	True	True
34520	trop[bot]	2022-06-13 06:58:43	miniak	2022-06-08 15:34:19	67	28	39	True	True
34519	trop[bot]	2022-06-13 06:58:40	miniak	2022-06-08 15:34:19	67	28	39	True	True
34518	trop[bot]	2022-06-13 06:57:28	codebytere	2022-06-10 08:19:20	5	4	1	True	True
34517	trop[bot]	2022-06-13 06:57:25	codebytere	2022-06-10 08:19:20	5	4	1	True	True
34516	trop[bot]	2022-06-13 06:57:22	codebytere	2022-06-10 08:19:20	5	4	1	True	True
34514	miniak	2022-06-12 20:53:24	miniak	2022-06-12 20:52:39	20	12	8	True	True
34514	miniak	2022-06-12 20:53:24	miniak	2022-06-13 12:24:36	6	3	3	False	True
34503	trop[bot]	2022-06-10 18:16:15	jkleinsc	2022-06-09 15:47:20	6	3	3	True	True
34503	trop[bot]	2022-06-10 18:16:15	jkleinsc	2022-06-09 16:18:13	2	1	1	True	True
34502	trop[bot]	2022-06-10 18:16:12	jkleinsc	2022-06-09 15:47:20	6	3	3	True	True
34502	trop[bot]	2022-06-10 18:16:12	jkleinsc	2022-06-09 16:18:13	2	1	1	True	True
34501	miniak	2022-06-10 16:59:45	miniak	2022-06-10 16:58:05	166	0	166	True	True
34498		2022-06-10 13:00:39							False
34496	codebytere	2022-06-10 08:37:30	codebytere	2022-06-10 08:19:20	5	4	1	True	True
34491	jkleinsc	2022-06-09 17:48:19	jkleinsc	2022-06-09 15:47:20	6	3	3	True	True
34491	jkleinsc	2022-06-09 17:48:19	jkleinsc	2022-06-09 16:18:13	2	1	1	True	True
34486	trop[bot]	2022-06-09 08:49:25	codebytere	2022-06-07 22:13:55	191	186	5	True	True
34485	trop[bot]	2022-06-09 08:49:22	codebytere	2022-06-07 22:13:55	191	186	5	True	True
34484	trop[bot]	2022-06-09 08:49:19	codebytere	2022-06-07 22:13:55	191	186	5	True	True
34481	nornagon	2022-06-08 22:30:14	nornagon	2021-07-20 17:33:30	18	14	4	True	True
34481	nornagon	2022-06-08 22:30:14	nornagon	2022-06-08 22:27:23	95	81	14	True	True
34481	nornagon	2022-06-08 22:30:14	nornagon	2022-06-08 22:31:02	14	8	6	False	True
34480	trop[bot]	2022-06-08 19:27:56	codebytere	2022-06-02 07:34:35	24	9	15	True	True
34480	trop[bot]	2022-06-08 19:27:56	codebytere	2022-06-02 07:31:44	78	56	22	True	True
34479	trop[bot]	2022-06-08 19:27:53	codebytere	2022-06-02 07:34:35	24	9	15	True	True
34479	trop[bot]	2022-06-08 19:27:53	codebytere	2022-06-02 07:31:44	78	56	22	True	True
34477	miniak	2022-06-08 15:38:04	miniak	2022-06-08 15:34:19	67	28	39	True	True
34474	trop[bot]	2022-06-08 08:29:53	dsanders11	2022-06-07 03:01:23	2	1	1	True	True
34473	codebytere	2022-06-08 08:27:31	codebytere	2022-06-07 22:13:55	191	186	5	True	True
34468	trop[bot]	2022-06-07 17:00:32	codebytere	2022-06-02 08:34:45	39	23	16	True	True
34468	trop[bot]	2022-06-07 17:00:32	codebytere	2022-02-15 09:44:16	206	161	45	True	True
34463	trop[bot]	2022-06-07 10:09:42	codebytere	2022-06-06 22:15:35	33	28	5	True	True
34462	trop[bot]	2022-06-07 10:09:36	codebytere	2022-06-06 22:15:35	33	28	5	True	True
34461	trop[bot]	2022-06-07 10:09:30	codebytere	2022-06-06 22:15:35	33	28	5	True	True
34457	dsanders11	2022-06-07 03:41:00	dsanders11	2022-06-07 03:38:22	36	2	34	True	True
34456	dsanders11	2022-06-07 03:11:06	dsanders11	2022-06-07 03:01:23	2	1	1	True	True
34455	trop[bot]	2022-06-06 21:40:32	samuelmaddock	2022-06-06 19:38:57	4	4	0	True	True
34454	trop[bot]	2022-06-06 21:40:29	samuelmaddock	2022-06-06 19:38:57	4	4	0	True	True
34453	trop[bot]	2022-06-06 21:40:26	samuelmaddock	2022-06-06 19:38:57	4	4	0	True	True
34452	samuelmaddock	2022-06-06 19:41:06	samuelmaddock	2022-06-06 19:38:57	4	4	0	True	True
34451	mlaurencin	2022-06-06 19:08:19	mlaurencin	2022-06-06 19:02:40	2	1	1	True	True
34449	trop[bot]	2022-06-06 15:13:50	jkleinsc	2022-05-02 16:11:24	4	3	1	True	True
34447	codebytere	2022-06-06 08:18:49	codebytere	2022-06-06 22:15:35	33	28	5	False	True
34446	trop[bot]	2022-06-06 05:50:19	itsananderson	2022-05-20 06:40:19	2	1	1	True	True
34445	trop[bot]	2022-06-06 05:50:16	itsananderson	2022-05-20 06:40:19	2	1	1	True	True
34444	trop[bot]	2022-06-06 05:50:13	itsananderson	2022-05-20 06:40:19	2	1	1	True	True
34433	trop[bot]	2022-06-03 07:47:44	codebytere	2022-05-30 08:25:19	47	36	11	True	True
34433	trop[bot]	2022-06-03 07:47:44	codebytere	2022-05-31 07:36:38	18	9	9	True	True
34433	trop[bot]	2022-06-03 07:47:44	zcbenz	2022-06-02 06:24:24	4	2	2	True	True
34432	trop[bot]	2022-06-03 00:23:31	samuelmaddock	2022-06-02 21:45:09	8	7	1	True	True
34432	trop[bot]	2022-06-03 00:23:31	samuelmaddock	2022-06-02 19:09:13	3	3	0	True	True
34432	trop[bot]	2022-06-03 00:23:31	samuelmaddock	2022-06-02 19:09:30	27	27	0	True	True
34432	trop[bot]	2022-06-03 00:23:31	samuelmaddock	2022-06-02 21:55:14	3	2	1	True	True
34431	trop[bot]	2022-06-03 00:23:25	samuelmaddock	2022-06-02 19:09:13	3	3	0	True	True
34431	trop[bot]	2022-06-03 00:23:25	samuelmaddock	2022-06-02 21:45:09	8	7	1	True	True
34431	trop[bot]	2022-06-03 00:23:25	samuelmaddock	2022-06-02 21:55:14	3	2	1	True	True
34431	trop[bot]	2022-06-03 00:23:25	samuelmaddock	2022-06-02 19:09:30	27	27	0	True	True
34430	trop[bot]	2022-06-03 00:23:22	samuelmaddock	2022-06-02 19:09:30	27	27	0	True	True
34430	trop[bot]	2022-06-03 00:23:22	samuelmaddock	2022-06-02 21:45:09	8	7	1	True	True
34430	trop[bot]	2022-06-03 00:23:22	samuelmaddock	2022-06-02 21:55:14	3	2	1	True	True
34430	trop[bot]	2022-06-03 00:23:22	samuelmaddock	2022-06-02 19:09:13	3	3	0	True	True
34429	trop[bot]	2022-06-02 21:12:26	VerteDinde	2022-06-02 17:22:19	2	1	1	True	True
34428	samuelmaddock	2022-06-02 19:13:14	samuelmaddock	2022-06-02 19:09:30	27	27	0	True	True
34428	samuelmaddock	2022-06-02 19:13:14	samuelmaddock	2022-06-02 21:55:14	3	2	1	False	True
34428	samuelmaddock	2022-06-02 19:13:14	samuelmaddock	2022-06-02 21:45:09	8	7	1	False	True
34428	samuelmaddock	2022-06-02 19:13:14	samuelmaddock	2022-06-02 19:09:13	3	3	0	True	True
34427	VerteDinde	2022-06-02 17:27:13	VerteDinde	2022-06-02 17:22:19	2	1	1	True	True
34426	trop[bot]	2022-06-02 16:01:47	VerteDinde	2022-06-01 21:37:00	28	17	11	True	True
34425	electron-roller[bot]	2022-06-02 13:00:22	codebytere	2022-06-01 09:34:07	6	3	3	True	True
34425	electron-roller[bot]	2022-06-02 13:00:22	codebytere	2022-06-02 14:50:32	4	2	2	False	True
34425	electron-roller[bot]	2022-06-02 13:00:22	codebytere	2022-06-01 10:27:35	3	1	2	True	True
34425	electron-roller[bot]	2022-06-02 13:00:22	codebytere	2022-06-02 14:49:10	6	3	3	False	True
34425	electron-roller[bot]	2022-06-02 13:00:22	codebytere	2022-06-01 09:32:38	75	33	42	True	True
34425	electron-roller[bot]	2022-06-02 13:00:22	codebytere	2022-06-01 07:46:35	5	3	2	True	True
34425	electron-roller[bot]	2022-06-02 13:00:22	codebytere	2022-06-01 08:01:56	50	33	17	True	True
34425	electron-roller[bot]	2022-06-02 13:00:22	codebytere	2022-06-01 08:07:22	8	4	4	True	True
34425	electron-roller[bot]	2022-06-02 13:00:22	codebytere	2022-06-02 13:52:32	4	2	2	False	True
34425	electron-roller[bot]	2022-06-02 13:00:22	codebytere	2022-06-02 14:06:56	121	60	61	False	True
34425	electron-roller[bot]	2022-06-02 13:00:22	jkleinsc	2022-06-01 16:01:51	15	12	3	True	True
34425	electron-roller[bot]	2022-06-02 13:00:22	codebytere	2022-06-02 13:56:12	169	11	158	False	True
34425	electron-roller[bot]	2022-06-02 13:00:22	ckerr	2022-06-01 22:45:46	364	355	9	True	True
34425	electron-roller[bot]	2022-06-02 13:00:22	codebytere	2022-06-01 11:57:20	351	170	181	True	True
34425	electron-roller[bot]	2022-06-02 13:00:22	codebytere	2022-06-01 12:00:21	23	14	9	True	True
34425	electron-roller[bot]	2022-06-02 13:00:22	codebytere	2022-06-01 10:46:28	27	14	13	True	True
34425	electron-roller[bot]	2022-06-02 13:00:22	jkleinsc	2022-06-01 16:03:25	13	10	3	True	True
34425	electron-roller[bot]	2022-06-02 13:00:22	codebytere	2022-06-01 19:34:52	5	2	3	True	True
34425	electron-roller[bot]	2022-06-02 13:00:22	codebytere	2022-06-02 11:14:06	1	1	0	True	True
34425	electron-roller[bot]	2022-06-02 13:00:22	codebytere	2022-06-01 08:18:08	23	8	15	True	True
34424		2022-06-02 13:00:17							False
34419	itsananderson	2022-06-02 00:10:34	itsananderson	2022-05-20 06:40:19	2	1	1	True	True
34417	trop[bot]	2022-06-01 23:03:33	samuelmaddock	2022-06-01 17:49:48	6	5	1	True	True
34417	trop[bot]	2022-06-01 23:03:33	samuelmaddock	2022-06-01 18:16:28	3	2	1	True	True
34416	trop[bot]	2022-06-01 23:03:30	samuelmaddock	2022-06-01 17:49:48	6	5	1	True	True
34416	trop[bot]	2022-06-01 23:03:30	samuelmaddock	2022-06-01 18:16:28	3	2	1	True	True
34415	trop[bot]	2022-06-01 23:03:24	samuelmaddock	2022-06-01 18:16:28	3	2	1	True	True
34415	trop[bot]	2022-06-01 23:03:24	samuelmaddock	2022-06-01 17:49:48	6	5	1	True	True
34412	VerteDinde	2022-06-01 21:40:59	VerteDinde	2022-06-01 21:37:00	28	17	11	True	True
34411	MarshallOfSound	2022-06-01 19:39:07	samuelmaddock	2022-06-01 18:16:28	3	2	1	True	True
34411	MarshallOfSound	2022-06-01 19:39:07	samuelmaddock	2022-06-01 17:49:48	6	5	1	True	True
34410	samuelmaddock	2022-06-01 17:52:11	samuelmaddock	2022-06-01 17:49:48	6	5	1	True	True
34410	samuelmaddock	2022-06-01 17:52:11	samuelmaddock	2022-06-01 18:16:28	3	2	1	False	True
34409	trop[bot]	2022-06-01 16:59:52	jkleinsc	2022-05-26 17:40:39	31	29	2	True	True
34409	trop[bot]	2022-06-01 16:59:52	jkleinsc	2022-05-31 17:14:10	2	1	1	True	True
34409	trop[bot]	2022-06-01 16:59:52	MarshallOfSound	2022-05-31 20:06:07	67	28	39	True	True
34408	trop[bot]	2022-06-01 16:59:48	jkleinsc	2022-05-26 17:40:39	31	29	2	True	True
34408	trop[bot]	2022-06-01 16:59:48	jkleinsc	2022-06-01 17:25:33	2	1	1	False	True
34408	trop[bot]	2022-06-01 16:59:48	jkleinsc	2022-06-02 19:12:48	2	1	1	False	True
34408	trop[bot]	2022-06-01 16:59:48	MarshallOfSound	2022-05-31 20:06:07	67	28	39	True	True
34408	trop[bot]	2022-06-01 16:59:48	jkleinsc	2022-05-31 17:14:10	2	1	1	True	True
34407	codebytere	2022-06-01 14:12:05	codebytere	2022-05-16 21:38:32	346	127	219	True	True
34407	codebytere	2022-06-01 14:12:05	codebytere	2022-06-02 07:36:56	14	5	9	False	True
34403	electron-roller[bot]	2022-06-01 07:34:58	codebytere	2022-06-03 09:14:02	11	5	6	False	True
34403	electron-roller[bot]	2022-06-01 07:34:58	codebytere	2022-06-02 14:49:10	6	3	3	False	True
34403	electron-roller[bot]	2022-06-01 07:34:58	codebytere	2022-06-03 08:29:36	90	45	45	False	True
34403	electron-roller[bot]	2022-06-01 07:34:58	codebytere	2022-06-02 11:14:06	1	1	0	False	True
34403	electron-roller[bot]	2022-06-01 07:34:58	codebytere	2022-06-02 14:06:56	121	60	61	False	True
34403	electron-roller[bot]	2022-06-01 07:34:58	codebytere	2022-06-01 19:34:52	5	2	3	False	True
34403	electron-roller[bot]	2022-06-01 07:34:58	codebytere	2022-06-02 14:50:32	4	2	2	False	True
34403	electron-roller[bot]	2022-06-01 07:34:58	codebytere	2022-06-01 09:34:07	6	3	3	False	True
34403	electron-roller[bot]	2022-06-01 07:34:58	codebytere	2022-06-01 08:01:56	50	33	17	False	True
34403	electron-roller[bot]	2022-06-01 07:34:58	jkleinsc	2022-06-01 16:01:51	15	12	3	False	True
34403	electron-roller[bot]	2022-06-01 07:34:58	codebytere	2022-06-01 11:57:20	351	170	181	False	True
34403	electron-roller[bot]	2022-06-01 07:34:58	codebytere	2022-06-01 10:46:28	27	14	13	False	True
34403	electron-roller[bot]	2022-06-01 07:34:58	codebytere	2022-06-01 10:27:35	3	1	2	False	True
34403	electron-roller[bot]	2022-06-01 07:34:58	codebytere	2022-06-02 18:58:32	46	46	0	False	True
34403	electron-roller[bot]	2022-06-01 07:34:58	codebytere	2022-06-01 09:32:38	75	33	42	False	True
34403	electron-roller[bot]	2022-06-01 07:34:58	jkleinsc	2022-06-01 16:03:25	13	10	3	False	True
34403	electron-roller[bot]	2022-06-01 07:34:58	codebytere	2022-06-01 07:46:35	5	3	2	False	True
34403	electron-roller[bot]	2022-06-01 07:34:58	codebytere	2022-06-01 08:18:08	23	8	15	False	True
34403	electron-roller[bot]	2022-06-01 07:34:58	codebytere	2022-06-01 08:07:22	8	4	4	False	True
34403	electron-roller[bot]	2022-06-01 07:34:58	jkleinsc	2022-06-02 18:08:51	642	231	411	False	True
34403	electron-roller[bot]	2022-06-01 07:34:58	ckerr	2022-06-01 22:45:46	364	355	9	False	True
34403	electron-roller[bot]	2022-06-01 07:34:58	codebytere	2022-06-01 12:00:21	23	14	9	False	True
34403	electron-roller[bot]	2022-06-01 07:34:58	codebytere	2022-06-02 13:56:12	169	11	158	False	True
34403	electron-roller[bot]	2022-06-01 07:34:58	codebytere	2022-06-02 13:52:32	4	2	2	False	True
34403	electron-roller[bot]	2022-06-01 07:34:58	codebytere	2022-06-03 08:23:22	8	4	4	False	True
