pr_number	author_user_login	pr_created_at	comment_user_login	comment_created_at	is_review_issue_comment
864	igorklopov	2014-11-25 18:28:23	zcbenz	2014-11-28 03:33:59	True
864	igorklopov	2014-11-25 18:28:23	bwin	2014-11-25 20:06:12	True
826	statico	2014-11-14 03:12:13	frankhale	2014-11-14 04:36:27	True
815	frankhale	2014-11-12 05:55:13	zcbenz	2014-11-12 06:24:07	True
801	frankhale	2014-11-08 03:15:11	zcbenz	2014-11-12 02:10:20	True
800	frankhale	2014-11-07 18:14:03	anaisbetts	2014-11-10 06:18:52	True
800	frankhale	2014-11-07 18:14:03	zcbenz	2014-11-12 01:59:50	True
791		2014-11-05 14:55:22			False
