pr_number	author_user_login	pr_created_at	commit_user_login	commit_created_at	commit_status_total	commit_status_additions	commit_status_deletions	create_before_pr	is_review_commit
537	springmeyer	2014-07-31 03:51:49	springmeyer	2014-07-31 03:51:23	7	3	4	True	True
537	springmeyer	2014-07-31 03:51:49	springmeyer	2014-07-31 17:20:33	5	3	2	False	True
537	springmeyer	2014-07-31 03:51:49	springmeyer	2014-07-31 18:22:22	2	1	1	False	True
537	springmeyer	2014-07-31 03:51:49	springmeyer	2014-07-31 18:58:45	6	4	2	False	True
534	hokein	2014-07-30 07:08:19	hokein	2014-07-28 15:00:44	226	226	0	True	True
534	hokein	2014-07-30 07:08:19	hokein	2014-07-20 15:09:26	922	922	0	True	True
534	hokein	2014-07-30 07:08:19	hokein	2014-07-30 06:56:29	5	3	2	True	True
534	hokein	2014-07-30 07:08:19	orzFly	2014-07-27 01:28:14	177	177	0	True	True
534	hokein	2014-07-30 07:08:19	hokein	2014-07-30 06:58:22	68	68	0	True	True
534	hokein	2014-07-30 07:08:19	hokein	2014-07-31 04:22:29	590	288	302	False	True
534	hokein	2014-07-30 07:08:19	hokein	2014-07-30 13:18:26	10	6	4	False	True
521	hokein	2014-07-27 15:02:24	hokein	2014-07-27 09:14:54	13	13	0	True	True
