pr_number	author_user_login	pr_created_at	commit_user_login	commit_created_at	commit_status_total	commit_status_additions	commit_status_deletions	create_before_pr	is_review_commit
29439	MarshallOfSound	2021-05-31 22:16:57	MarshallOfSound	2021-05-31 22:16:17	12	1	11	True	True
29438	codebytere	2021-05-31 22:14:49	codebytere	2021-05-31 22:13:08	4	0	4	True	True
29436	codebytere	2021-05-31 22:08:38	codebytere	2021-05-31 22:04:47	3	1	2	True	True
29431	trop[bot]	2021-05-31 09:53:21	vthukral94	2021-05-27 23:40:17	16	8	8	True	True
29430	trop[bot]	2021-05-31 09:53:15	vthukral94	2021-05-27 23:40:17	16	8	8	True	True
29429	trop[bot]	2021-05-31 09:53:12	vthukral94	2021-05-27 23:40:17	16	8	8	True	True
29426	peteness	2021-05-30 22:22:54	petertorres	2021-05-30 22:14:43	16	8	8	True	True
29426	peteness	2021-05-30 22:22:54	peteness	2021-06-01 01:14:19	66	29	37	False	True
29425	dsanders11	2021-05-30 19:16:00	dsanders11	2021-05-30 19:03:51	84	77	7	True	True
29422	dsanders11	2021-05-30 04:36:08	dsanders11	2021-05-30 04:35:22	1	0	1	True	True
29421		2021-05-30 01:45:15							False
29419	miniak	2021-05-29 19:14:43	miniak	2021-05-29 19:12:45	76	76	0	True	True
29416		2021-05-29 05:12:18							False
29415	nornagon	2021-05-28 22:35:34	nornagon	2021-05-28 22:34:47	13	11	2	True	True
29413	trop[bot]	2021-05-28 19:16:12	nornagon	2021-05-28 01:00:37	13	7	6	True	True
29413	trop[bot]	2021-05-28 19:16:12	nornagon	2021-05-31 00:22:33	13	11	2	False	True
29412	trop[bot]	2021-05-28 19:16:09	nornagon	2021-05-28 01:00:37	13	7	6	True	True
29412	trop[bot]	2021-05-28 19:16:09	nornagon	2021-05-31 00:22:33	13	11	2	False	True
29411	trop[bot]	2021-05-28 19:16:06	nornagon	2021-05-31 00:22:33	13	11	2	False	True
29411	trop[bot]	2021-05-28 19:16:06	nornagon	2021-05-28 01:00:37	13	7	6	True	True
29410	trop[bot]	2021-05-28 19:15:40	nornagon	2021-05-31 00:22:33	13	11	2	False	True
29410	trop[bot]	2021-05-28 19:15:40	nornagon	2021-05-28 01:00:37	13	7	6	True	True
29409	trop[bot]	2021-05-28 19:14:12	nornagon	2021-05-27 18:58:10	11	6	5	True	True
29409	trop[bot]	2021-05-28 19:14:12	nornagon	2021-05-28 01:51:58	2	1	1	True	True
29408	trop[bot]	2021-05-28 19:14:06	nornagon	2021-05-28 01:51:58	2	1	1	True	True
29408	trop[bot]	2021-05-28 19:14:06	nornagon	2021-05-27 18:58:10	11	6	5	True	True
29407	trop[bot]	2021-05-28 19:14:03	nornagon	2021-05-27 18:58:10	11	6	5	True	True
29407	trop[bot]	2021-05-28 19:14:03	nornagon	2021-05-28 01:51:58	2	1	1	True	True
29406	trop[bot]	2021-05-28 19:14:00	nornagon	2021-05-27 18:58:10	11	6	5	True	True
29406	trop[bot]	2021-05-28 19:14:00	nornagon	2021-05-28 01:51:58	2	1	1	True	True
29405	nornagon	2021-05-28 19:04:15	nornagon	2021-06-01 16:56:11	37	0	37	False	True
29405	nornagon	2021-05-28 19:04:15	nornagon	2022-01-04 00:54:52	362	40	322	False	True
29405	nornagon	2021-05-28 19:04:15	nornagon	2021-05-28 19:19:31	12	6	6	False	True
29405	nornagon	2021-05-28 19:04:15	zcbenz	2021-12-08 10:27:24	12	6	6	False	True
29405	nornagon	2021-05-28 19:04:15	miniak	2022-01-04 20:13:32	2	1	1	False	True
29405	nornagon	2021-05-28 19:04:15	nornagon	2021-05-28 19:01:46	1325	262	1063	True	True
29405	nornagon	2021-05-28 19:04:15	nornagon	2021-09-08 19:31:25	27	10	17	False	True
29405	nornagon	2021-05-28 19:04:15	nornagon	2021-06-02 16:56:41	10	1	9	False	True
29404	nornagon	2021-05-28 18:06:22	nornagon	2021-05-28 17:54:54	10	9	1	True	True
29404	nornagon	2021-05-28 18:06:22	nornagon	2021-06-01 22:52:52	9	1	8	False	True
29402	jviotti	2021-05-28 14:48:46	jviotti	2021-05-28 00:58:13	32	32	0	True	True
29401	dsanders11	2021-05-28 05:06:11	dsanders11	2021-05-28 05:03:07	10	5	5	True	True
29400	miniak	2021-05-28 03:15:23	miniak	2021-05-28 03:07:25	37	20	17	True	True
29399	samuelmaddock	2021-05-28 02:12:10	samuelmaddock	2021-05-28 02:07:28	52	52	0	True	True
29399	samuelmaddock	2021-05-28 02:12:10	samuelmaddock	2021-08-25 17:36:10	7	4	3	False	True
29398	trop[bot]	2021-05-28 02:09:43	dsanders11	2021-05-26 06:57:23	2	1	1	True	True
29397	trop[bot]	2021-05-28 02:09:33	dsanders11	2021-05-26 06:57:23	2	1	1	True	True
29396	trop[bot]	2021-05-28 02:09:17	dsanders11	2021-05-26 06:57:23	2	1	1	True	True
29395	nornagon	2021-05-28 01:01:26	nornagon	2021-05-28 01:00:37	13	7	6	True	True
29394	nornagon	2021-05-28 00:56:19	nornagon	2021-05-28 00:55:22	4	2	2	True	True
29393	trop[bot]	2021-05-28 00:35:40	nornagon	2021-05-27 18:53:49	7	4	3	True	True
29392	trop[bot]	2021-05-28 00:35:34	nornagon	2021-05-27 18:53:49	7	4	3	True	True
29391	trop[bot]	2021-05-28 00:35:00	nornagon	2021-05-27 18:53:49	7	4	3	True	True
29390	trop[bot]	2021-05-28 00:34:54	nornagon	2021-05-27 18:53:49	7	4	3	True	True
29389	trop[bot]	2021-05-28 00:34:09	nornagon	2021-05-27 18:33:00	6	4	2	True	True
29389	trop[bot]	2021-05-28 00:34:09	nornagon	2021-05-27 18:46:17	1	1	0	True	True
29388	trop[bot]	2021-05-28 00:34:03	nornagon	2021-05-27 18:46:17	1	1	0	True	True
29388	trop[bot]	2021-05-28 00:34:03	nornagon	2021-05-27 18:33:00	6	4	2	True	True
29387	trop[bot]	2021-05-28 00:33:53	nornagon	2021-05-27 18:46:17	1	1	0	True	True
29387	trop[bot]	2021-05-28 00:33:53	nornagon	2021-05-27 18:33:00	6	4	2	True	True
29386	trop[bot]	2021-05-28 00:33:30	nornagon	2021-05-27 18:33:00	6	4	2	True	True
29386	trop[bot]	2021-05-28 00:33:30	nornagon	2021-05-27 18:46:17	1	1	0	True	True
29385	georgexu99	2021-05-27 23:49:07	georgexu99	2021-06-03 21:33:59	38	24	14	False	True
29385	georgexu99	2021-05-27 23:49:07	georgexu99	2021-05-27 23:46:01	274	87	187	True	True
29384	vthukral94	2021-05-27 23:41:47	vthukral94	2021-05-27 23:40:17	16	8	8	True	True
29383	trop[bot]	2021-05-27 22:54:19	nornagon	2021-05-27 18:35:54	1	0	1	True	True
29382	trop[bot]	2021-05-27 22:54:16	nornagon	2021-05-27 18:35:54	1	0	1	True	True
29381	VerteDinde	2021-05-27 22:23:16	VerteDinde	2021-05-28 19:36:25	36	27	9	False	True
29381	VerteDinde	2021-05-27 22:23:16	VerteDinde	2021-06-02 03:42:05	14	6	8	False	True
29381	VerteDinde	2021-05-27 22:23:16	VerteDinde	2021-05-27 22:17:19	20	20	0	True	True
29381	VerteDinde	2021-05-27 22:23:16	VerteDinde	2021-05-28 19:36:45	218	217	1	False	True
29381	VerteDinde	2021-05-27 22:23:16	VerteDinde	2021-05-28 20:56:26	9	4	5	False	True
29380	georgexu99	2021-05-27 20:51:17	georgexu99	2021-07-08 18:13:00	2	1	1	False	True
29380	georgexu99	2021-05-27 20:51:17	georgexu99	2021-05-27 19:31:49	155	35	120	True	True
29380	georgexu99	2021-05-27 20:51:17	georgexu99	2021-06-21 18:20:07	52	27	25	False	True
29380	georgexu99	2021-05-27 20:51:17	georgexu99	2021-05-28 18:47:40	180	120	60	False	True
29380	georgexu99	2021-05-27 20:51:17	georgexu99	2021-07-06 17:19:54	2	1	1	False	True
29380	georgexu99	2021-05-27 20:51:17	georgexu99	2021-05-28 23:50:22	210	198	12	False	True
29379	dsanders11	2021-05-27 20:44:31	dsanders11	2021-05-27 20:38:22	9	2	7	True	True
29378	dsanders11	2021-05-27 20:21:22	dsanders11	2021-05-27 02:48:09	10	6	4	True	True
29377	VerteDinde	2021-05-27 19:49:01	sofianguy	2021-05-24 15:43:33	3	2	1	True	True
29377	VerteDinde	2021-05-27 19:49:01	mlaurencin	2021-05-24 15:40:26	2	1	1	True	True
29375	nornagon	2021-05-27 19:00:16	nornagon	2021-05-27 18:58:10	11	6	5	True	True
29375	nornagon	2021-05-27 19:00:16	nornagon	2021-05-28 01:51:58	2	1	1	False	True
29374	nornagon	2021-05-27 18:55:02	nornagon	2021-05-27 18:53:49	7	4	3	True	True
29373	trop[bot]	2021-05-27 18:48:17	congjiye	2021-05-26 08:11:17	4	3	1	True	True
29372	trop[bot]	2021-05-27 18:48:08	congjiye	2021-05-26 08:11:17	4	3	1	True	True
29371	trop[bot]	2021-05-27 18:48:06	congjiye	2021-05-26 08:11:17	4	3	1	True	True
29370	nornagon	2021-05-27 18:37:01	nornagon	2021-05-27 18:35:54	1	0	1	True	True
29369	nornagon	2021-05-27 18:35:14	nornagon	2021-05-27 18:33:00	6	4	2	True	True
29369	nornagon	2021-05-27 18:35:14	nornagon	2021-05-27 18:46:17	1	1	0	False	True
29365	electron-roller[bot]	2021-05-27 13:01:06	ckerr	2021-06-07 23:17:50	12	8	4	False	True
29365	electron-roller[bot]	2021-05-27 13:01:06	ckerr	2021-06-07 22:57:53	74	37	37	False	True
29365	electron-roller[bot]	2021-05-27 13:01:06	ckerr	2021-06-07 22:51:44	262	131	131	False	True
29365	electron-roller[bot]	2021-05-27 13:01:06	codebytere	2021-06-07 23:31:05	8	1	7	False	True
29365	electron-roller[bot]	2021-05-27 13:01:06	ckerr	2021-06-07 22:44:51	2	1	1	False	True
29365	electron-roller[bot]	2021-05-27 13:01:06	ckerr	2021-06-07 21:43:59	539	223	316	False	True
29365	electron-roller[bot]	2021-05-27 13:01:06	ckerr	2021-06-07 23:06:18	4	2	2	False	True
29365	electron-roller[bot]	2021-05-27 13:01:06	ckerr	2021-06-07 23:21:17	4	2	2	False	True
29365	electron-roller[bot]	2021-05-27 13:01:06	codebytere	2021-06-07 23:44:32	2	1	1	False	True
29365	electron-roller[bot]	2021-05-27 13:01:06	ckerr	2021-06-08 18:09:30	19	12	7	False	True
29365	electron-roller[bot]	2021-05-27 13:01:06	ckerr	2021-06-07 23:27:04	3	3	0	False	True
29362	dsanders11	2021-05-27 02:53:43	dsanders11	2021-05-27 02:52:15	6	3	3	True	True
29361	dsanders11	2021-05-27 02:15:53	dsanders11	2021-05-27 02:11:52	78	38	40	True	True
29360	dsanders11	2021-05-27 01:44:02	dsanders11	2021-05-27 01:41:06	11	5	6	True	True
29359	dsanders11	2021-05-27 01:29:20	dsanders11	2021-05-27 01:28:01	4	1	3	True	True
29358	trop[bot]	2021-05-27 01:19:47	codefoster	2021-05-20 18:26:57	20	9	11	True	True
29358	trop[bot]	2021-05-27 01:19:47	codefoster	2021-05-20 22:20:08	1	1	0	True	True
29358	trop[bot]	2021-05-27 01:19:47	codefoster	2021-05-20 18:22:59	5	1	4	True	True
29358	trop[bot]	2021-05-27 01:19:47	codefoster	2021-05-20 18:22:35	5	0	5	True	True
29357	trop[bot]	2021-05-27 01:19:43	codefoster	2021-05-20 22:20:08	1	1	0	True	True
29357	trop[bot]	2021-05-27 01:19:43	codefoster	2021-05-20 18:22:35	5	0	5	True	True
29357	trop[bot]	2021-05-27 01:19:43	codefoster	2021-05-20 18:22:59	5	1	4	True	True
29357	trop[bot]	2021-05-27 01:19:43	codefoster	2021-05-20 18:26:57	20	9	11	True	True
29356	trop[bot]	2021-05-27 01:19:34	codefoster	2021-05-20 18:22:59	5	1	4	True	True
29356	trop[bot]	2021-05-27 01:19:34	codefoster	2021-05-20 18:22:35	5	0	5	True	True
29356	trop[bot]	2021-05-27 01:19:34	codefoster	2021-05-20 18:26:57	20	9	11	True	True
29356	trop[bot]	2021-05-27 01:19:34	codefoster	2021-05-20 22:20:08	1	1	0	True	True
29355	trop[bot]	2021-05-27 00:53:17	dsanders11	2021-05-25 20:36:37	4	2	2	True	True
29354	trop[bot]	2021-05-27 00:53:04	dsanders11	2021-05-25 20:36:37	4	2	2	True	True
29353	trop[bot]	2021-05-27 00:52:52	erickzhao	2021-05-25 19:36:58	2	1	1	True	True
29352	trop[bot]	2021-05-27 00:52:49	dsanders11	2021-05-25 20:36:37	4	2	2	True	True
29351	trop[bot]	2021-05-27 00:52:36	erickzhao	2021-05-25 19:36:58	2	1	1	True	True
29350	trop[bot]	2021-05-27 00:52:27	erickzhao	2021-05-25 19:36:58	2	1	1	True	True
29349	trop[bot]	2021-05-27 00:40:24	zcbenz	2021-05-25 12:43:34	7	6	1	True	True
29347	trop[bot]	2021-05-26 23:04:16	jkleinsc	2021-05-26 16:08:32	1	1	0	True	True
29344	MarshallOfSound	2021-05-26 18:07:22	MarshallOfSound	2021-05-27 17:54:53	8	8	0	False	True
29344	MarshallOfSound	2021-05-26 18:07:22	MarshallOfSound	2021-05-26 18:05:42	282	102	180	True	True
29342	georgexu99	2021-05-26 17:06:50	georgexu99	2021-05-26 17:03:43	2	1	1	True	True
29339	trop[bot]	2021-05-26 16:09:17	jkleinsc	2021-05-25 16:20:53	1	1	0	True	True
29339	trop[bot]	2021-05-26 16:09:17	jkleinsc	2021-05-25 22:30:00	2	1	1	True	True
29338	jkleinsc	2021-05-26 16:06:08	jkleinsc	2021-05-25 16:20:53	1	1	0	True	True
29338	jkleinsc	2021-05-26 16:06:08	jkleinsc	2021-05-25 22:30:00	2	1	1	True	True
29333	congjiye	2021-05-26 08:29:27	congjiye	2021-05-26 08:11:17	4	3	1	True	True
29331	dsanders11	2021-05-26 07:43:38	dsanders11	2021-05-26 07:41:50	2	1	1	True	True
29330	dsanders11	2021-05-26 06:58:26	dsanders11	2021-05-26 06:57:23	2	1	1	True	True
29328	zcbenz	2021-05-26 01:27:20	zcbenz	2021-05-26 01:23:45	22	12	10	True	True
29327	dsanders11	2021-05-25 20:37:19	dsanders11	2021-05-25 20:36:37	4	2	2	True	True
29325	erickzhao	2021-05-25 19:40:46	erickzhao	2021-05-25 19:36:58	2	1	1	True	True
29322	dimitropoulos	2021-05-25 14:03:50	dimitropoulos	2021-06-04 13:48:13	5	4	1	False	True
29322	dimitropoulos	2021-05-25 14:03:50	dimitropoulos	2021-05-25 13:42:39	2	1	1	True	True
29322	dimitropoulos	2021-05-25 14:03:50	dimitropoulos	2021-06-01 15:46:05	5	4	1	False	True
29322	dimitropoulos	2021-05-25 14:03:50	dimitropoulos	2021-05-25 13:43:11	15	13	2	True	True
29321		2021-05-25 13:00:43							False
29320	zcbenz	2021-05-25 12:49:00	zcbenz	2021-05-25 12:43:34	7	6	1	True	True
29318	zcbenz	2021-05-25 11:25:54	zcbenz	2021-05-25 11:21:30	17	7	10	True	True
29309	trop[bot]	2021-05-24 07:34:43	Ethan-Arrowood	2021-05-19 16:07:07	2	1	1	True	True
29309	trop[bot]	2021-05-24 07:34:43	Ethan-Arrowood	2021-05-20 16:48:08	2	1	1	True	True
29309	trop[bot]	2021-05-24 07:34:43	Ethan-Arrowood	2021-05-19 21:06:51	2	1	1	True	True
29309	trop[bot]	2021-05-24 07:34:43	Ethan-Arrowood	2021-05-18 22:13:48	262	94	168	True	True
29309	trop[bot]	2021-05-24 07:34:43	Ethan-Arrowood	2021-05-18 22:17:30	2	2	0	True	True
29309	trop[bot]	2021-05-24 07:34:43	Ethan-Arrowood	2021-05-20 16:48:18	2	1	1	True	True
29309	trop[bot]	2021-05-24 07:34:43	zcbenz	2021-05-24 02:35:17	1	0	1	True	True
29309	trop[bot]	2021-05-24 07:34:43	Ethan-Arrowood	2021-05-20 16:48:13	2	1	1	True	True
29308	trop[bot]	2021-05-24 07:34:40	Ethan-Arrowood	2021-05-18 22:17:30	2	2	0	True	True
29308	trop[bot]	2021-05-24 07:34:40	Ethan-Arrowood	2021-05-20 16:48:13	2	1	1	True	True
29308	trop[bot]	2021-05-24 07:34:40	Ethan-Arrowood	2021-05-18 22:13:48	262	94	168	True	True
29308	trop[bot]	2021-05-24 07:34:40	Ethan-Arrowood	2021-05-19 21:06:51	2	1	1	True	True
29308	trop[bot]	2021-05-24 07:34:40	Ethan-Arrowood	2021-05-20 16:48:08	2	1	1	True	True
29308	trop[bot]	2021-05-24 07:34:40	Ethan-Arrowood	2021-05-19 16:07:07	2	1	1	True	True
29308	trop[bot]	2021-05-24 07:34:40	Ethan-Arrowood	2021-05-20 16:48:18	2	1	1	True	True
29308	trop[bot]	2021-05-24 07:34:40	zcbenz	2021-05-24 02:35:17	1	0	1	True	True
29305	trop[bot]	2021-05-24 02:34:16	kevinhartman	2021-05-18 18:06:32	24	3	21	True	True
29304	trop[bot]	2021-05-24 02:34:13	kevinhartman	2021-05-18 18:06:32	24	3	21	True	True
29303	trop[bot]	2021-05-24 02:34:00	tonyferrell	2021-05-18 19:48:53	8	2	6	True	True
29303	trop[bot]	2021-05-24 02:34:00	tonyferrell	2021-05-21 19:16:05	2	1	1	True	True
29303	trop[bot]	2021-05-24 02:34:00	tonyferrell	2021-05-18 21:53:44	7	5	2	True	True
29303	trop[bot]	2021-05-24 02:34:00	tonyferrell	2021-05-18 19:45:43	10	5	5	True	True
29303	trop[bot]	2021-05-24 02:34:00	tonyferrell	2021-05-18 01:19:15	21	1	20	True	True
29303	trop[bot]	2021-05-24 02:34:00	tonyferrell	2021-05-18 18:06:12	75	71	4	True	True
29302	trop[bot]	2021-05-24 02:33:54	tonyferrell	2021-05-18 19:45:43	10	5	5	True	True
29302	trop[bot]	2021-05-24 02:33:54	tonyferrell	2021-05-18 19:48:53	8	2	6	True	True
29302	trop[bot]	2021-05-24 02:33:54	tonyferrell	2021-05-21 19:16:05	2	1	1	True	True
29302	trop[bot]	2021-05-24 02:33:54	tonyferrell	2021-05-18 18:06:12	75	71	4	True	True
29302	trop[bot]	2021-05-24 02:33:54	tonyferrell	2021-05-18 01:19:15	21	1	20	True	True
29302	trop[bot]	2021-05-24 02:33:54	tonyferrell	2021-05-18 21:53:44	7	5	2	True	True
29301	trop[bot]	2021-05-24 02:33:07	erickzhao	2021-05-13 21:30:55	232	232	0	True	True
29301	trop[bot]	2021-05-24 02:33:07	erickzhao	2021-05-19 17:47:41	2	1	1	True	True
29301	trop[bot]	2021-05-24 02:33:07	erickzhao	2021-05-19 22:35:46	2	1	1	True	True
29301	trop[bot]	2021-05-24 02:33:07	erickzhao	2021-05-19 18:09:20	2	1	1	True	True
29301	trop[bot]	2021-05-24 02:33:07	erickzhao	2021-05-13 23:14:21	107	39	68	True	True
29301	trop[bot]	2021-05-24 02:33:07	erickzhao	2021-05-19 17:22:08	2	1	1	True	True
29301	trop[bot]	2021-05-24 02:33:07	erickzhao	2021-05-19 17:45:56	2	1	1	True	True
29301	trop[bot]	2021-05-24 02:33:07	erickzhao	2021-05-19 17:45:48	2	1	1	True	True
29301	trop[bot]	2021-05-24 02:33:07	erickzhao	2021-05-19 23:23:11	2	1	1	True	True
29301	trop[bot]	2021-05-24 02:33:07	erickzhao	2021-05-19 17:45:39	2	1	1	True	True
29301	trop[bot]	2021-05-24 02:33:07	erickzhao	2021-05-19 23:05:06	58	42	16	True	True
29301	trop[bot]	2021-05-24 02:33:07	erickzhao	2021-05-11 22:23:31	131	17	114	True	True
29301	trop[bot]	2021-05-24 02:33:07	erickzhao	2021-05-19 23:24:42	16	0	16	True	True
29301	trop[bot]	2021-05-24 02:33:07	erickzhao	2021-05-19 16:52:47	2	1	1	True	True
29301	trop[bot]	2021-05-24 02:33:07	erickzhao	2021-05-12 20:34:07	0	0	0	True	True
29301	trop[bot]	2021-05-24 02:33:07	erickzhao	2021-05-10 23:35:57	95	95	0	True	True
29301	trop[bot]	2021-05-24 02:33:07	erickzhao	2021-05-10 23:24:38	115	94	21	True	True
29301	trop[bot]	2021-05-24 02:33:07	erickzhao	2021-05-04 23:00:32	58	39	19	True	True
29301	trop[bot]	2021-05-24 02:33:07	erickzhao	2021-05-07 01:24:40	305	203	102	True	True
29301	trop[bot]	2021-05-24 02:33:07	erickzhao	2021-05-19 17:21:30	2	1	1	True	True
29301	trop[bot]	2021-05-24 02:33:07	erickzhao	2021-04-28 16:39:34	2	2	0	True	True
29301	trop[bot]	2021-05-24 02:33:07	erickzhao	2021-05-19 17:48:22	2	1	1	True	True
29301	trop[bot]	2021-05-24 02:33:07	erickzhao	2021-05-17 17:34:54	9	4	5	True	True
29301	trop[bot]	2021-05-24 02:33:07	erickzhao	2021-05-07 23:01:41	185	85	100	True	True
29301	trop[bot]	2021-05-24 02:33:07	erickzhao	2021-04-26 23:34:33	38	38	0	True	True
29301	trop[bot]	2021-05-24 02:33:07	erickzhao	2021-04-30 16:40:22	45	21	24	True	True
29300	trop[bot]	2021-05-24 02:33:04	erickzhao	2021-05-19 17:45:48	2	1	1	True	True
29300	trop[bot]	2021-05-24 02:33:04	erickzhao	2021-05-07 23:01:41	185	85	100	True	True
29300	trop[bot]	2021-05-24 02:33:04	erickzhao	2021-05-19 23:23:11	2	1	1	True	True
29300	trop[bot]	2021-05-24 02:33:04	erickzhao	2021-05-19 22:35:46	2	1	1	True	True
29300	trop[bot]	2021-05-24 02:33:04	erickzhao	2021-05-19 18:09:20	2	1	1	True	True
29300	trop[bot]	2021-05-24 02:33:04	erickzhao	2021-05-19 23:24:42	16	0	16	True	True
29300	trop[bot]	2021-05-24 02:33:04	erickzhao	2021-05-19 17:45:39	2	1	1	True	True
29300	trop[bot]	2021-05-24 02:33:04	erickzhao	2021-05-12 20:34:07	0	0	0	True	True
29300	trop[bot]	2021-05-24 02:33:04	erickzhao	2021-05-11 22:23:31	131	17	114	True	True
29300	trop[bot]	2021-05-24 02:33:04	erickzhao	2021-05-04 23:00:32	58	39	19	True	True
29300	trop[bot]	2021-05-24 02:33:04	erickzhao	2021-05-13 21:30:55	232	232	0	True	True
29300	trop[bot]	2021-05-24 02:33:04	erickzhao	2021-05-13 23:14:21	107	39	68	True	True
29300	trop[bot]	2021-05-24 02:33:04	erickzhao	2021-05-19 17:45:56	2	1	1	True	True
29300	trop[bot]	2021-05-24 02:33:04	erickzhao	2021-05-10 23:24:38	115	94	21	True	True
29300	trop[bot]	2021-05-24 02:33:04	erickzhao	2021-05-19 16:52:47	2	1	1	True	True
29300	trop[bot]	2021-05-24 02:33:04	erickzhao	2021-05-19 17:22:08	2	1	1	True	True
29300	trop[bot]	2021-05-24 02:33:04	erickzhao	2021-05-19 17:48:22	2	1	1	True	True
29300	trop[bot]	2021-05-24 02:33:04	erickzhao	2021-05-19 17:47:41	2	1	1	True	True
29300	trop[bot]	2021-05-24 02:33:04	zcbenz	2021-05-24 07:35:17	2	1	1	False	True
29300	trop[bot]	2021-05-24 02:33:04	erickzhao	2021-05-19 17:21:30	2	1	1	True	True
29300	trop[bot]	2021-05-24 02:33:04	erickzhao	2021-05-19 23:05:06	58	42	16	True	True
29300	trop[bot]	2021-05-24 02:33:04	erickzhao	2021-05-17 17:34:54	9	4	5	True	True
29300	trop[bot]	2021-05-24 02:33:04	erickzhao	2021-05-10 23:35:57	95	95	0	True	True
29300	trop[bot]	2021-05-24 02:33:04	erickzhao	2021-04-26 23:34:33	38	38	0	True	True
29300	trop[bot]	2021-05-24 02:33:04	erickzhao	2021-05-07 01:24:40	305	203	102	True	True
29300	trop[bot]	2021-05-24 02:33:04	erickzhao	2021-04-30 16:40:22	45	21	24	True	True
29300	trop[bot]	2021-05-24 02:33:04	erickzhao	2021-04-28 16:39:34	2	2	0	True	True
29299	MarshallOfSound	2021-05-24 00:50:01	MarshallOfSound	2021-05-24 00:49:45	13	0	13	True	True
29296	VerteDinde	2021-05-23 23:56:15	VerteDinde	2021-05-23 23:41:29	6	3	3	True	True
29295	mlaurencin	2021-05-23 21:35:56	mlaurencin	2021-05-23 21:32:34	2	1	1	True	True
29293	dsanders11	2021-05-23 06:14:12	dsanders11	2021-06-03 21:44:38	11	6	5	False	True
29293	dsanders11	2021-05-23 06:14:12	dsanders11	2021-06-03 21:15:23	26	11	15	False	True
29293	dsanders11	2021-05-23 06:14:12	dsanders11	2021-06-02 01:05:39	23	13	10	False	True
29293	dsanders11	2021-05-23 06:14:12	dsanders11	2021-06-02 00:54:18	20	11	9	False	True
29293	dsanders11	2021-05-23 06:14:12	dsanders11	2021-05-23 05:25:10	88	54	34	True	True
29290	samuelmaddock	2021-05-22 19:46:26	samuelmaddock	2021-08-24 02:28:54	3	1	2	False	True
29290	samuelmaddock	2021-05-22 19:46:26	samuelmaddock	2021-08-25 21:45:17	4	0	4	False	True
29290	samuelmaddock	2021-05-22 19:46:26	samuelmaddock	2021-08-24 02:39:59	2	1	1	False	True
29290	samuelmaddock	2021-05-22 19:46:26	samuelmaddock	2021-08-24 01:55:06	51	35	16	False	True
29290	samuelmaddock	2021-05-22 19:46:26	samuelmaddock	2021-05-22 19:43:30	254	245	9	True	True
29281	VerteDinde	2021-05-21 20:34:31	VerteDinde	2021-05-21 21:41:31	20	13	7	False	True
29281	VerteDinde	2021-05-21 20:34:31	VerteDinde	2021-05-20 22:13:34	2	1	1	True	True
29281	VerteDinde	2021-05-21 20:34:31	VerteDinde	2021-05-21 01:39:18	21	21	0	True	True
29281	VerteDinde	2021-05-21 20:34:31	VerteDinde	2021-05-18 20:52:47	18	9	9	True	True
29281	VerteDinde	2021-05-21 20:34:31	MarshallOfSound	2021-05-20 22:46:17	3	2	1	True	True
29281	VerteDinde	2021-05-21 20:34:31	VerteDinde	2021-05-21 23:12:21	17	16	1	False	True
29281	VerteDinde	2021-05-21 20:34:31	VerteDinde	2021-05-21 22:19:50	15	3	12	False	True
29281	VerteDinde	2021-05-21 20:34:31	VerteDinde	2021-05-21 21:01:24	0	0	0	False	True
29281	VerteDinde	2021-05-21 20:34:31	VerteDinde	2021-05-21 18:59:24	57	22	35	True	True
29281	VerteDinde	2021-05-21 20:34:31	VerteDinde	2021-05-21 17:28:36	24	18	6	True	True
29281	VerteDinde	2021-05-21 20:34:31	VerteDinde	2021-05-21 16:13:44	15	6	9	True	True
29281	VerteDinde	2021-05-21 20:34:31	VerteDinde	2021-05-21 15:53:43	2	2	0	True	True
29281	VerteDinde	2021-05-21 20:34:31	VerteDinde	2021-05-21 05:37:06	16	11	5	True	True
29281	VerteDinde	2021-05-21 20:34:31	VerteDinde	2021-05-21 04:34:41	20	14	6	True	True
29281	VerteDinde	2021-05-21 20:34:31	VerteDinde	2021-05-21 02:46:17	8	5	3	True	True
29281	VerteDinde	2021-05-21 20:34:31	VerteDinde	2021-05-21 20:24:37	37	12	25	True	True
29281	VerteDinde	2021-05-21 20:34:31	VerteDinde	2021-05-13 22:00:05	2	2	0	True	True
29281	VerteDinde	2021-05-21 20:34:31	VerteDinde	2021-05-13 18:49:15	39	27	12	True	True
29281	VerteDinde	2021-05-21 20:34:31	VerteDinde	2021-05-13 23:32:03	1	1	0	True	True
29281	VerteDinde	2021-05-21 20:34:31	VerteDinde	2021-05-13 02:13:56	9	8	1	True	True
29281	VerteDinde	2021-05-21 20:34:31	ckerr	2021-05-05 18:46:13	29	25	4	True	True
29281	VerteDinde	2021-05-21 20:34:31	ckerr	2021-05-05 18:53:29	1	1	0	True	True
29281	VerteDinde	2021-05-21 20:34:31	clavin	2021-05-12 19:22:54	23	23	0	True	True
29281	VerteDinde	2021-05-21 20:34:31	VerteDinde	2021-05-12 20:22:52	33	33	0	True	True
29281	VerteDinde	2021-05-21 20:34:31	VerteDinde	2021-05-18 23:55:56	24	11	13	True	True
29281	VerteDinde	2021-05-21 20:34:31	VerteDinde	2021-05-13 02:56:48	12	7	5	True	True
29281	VerteDinde	2021-05-21 20:34:31	VerteDinde	2021-05-13 20:14:31	10	4	6	True	True
29281	VerteDinde	2021-05-21 20:34:31	MarshallOfSound	2021-05-21 00:34:30	357	353	4	True	True
29281	VerteDinde	2021-05-21 20:34:31	VerteDinde	2021-05-13 01:42:01	4	4	0	True	True
29279	dsanders11	2021-05-21 18:24:09	dsanders11	2021-05-21 18:20:00	1	1	0	True	True
29277	VerteDinde	2021-05-21 16:54:34	nornagon	2021-04-13 19:35:27	215	151	64	True	True
29272	trop[bot]	2021-05-21 05:34:22	deepak1556	2021-05-19 09:01:48	96	96	0	True	True
29271	trop[bot]	2021-05-21 05:34:20	deepak1556	2021-05-19 09:01:48	106	106	0	True	True
29271	trop[bot]	2021-05-21 05:34:20	deepak1556	2021-05-21 05:36:13	10	0	10	False	True
29268	codefoster	2021-05-20 18:31:16	codefoster	2021-05-20 22:20:08	1	1	0	False	True
29268	codefoster	2021-05-20 18:31:16	codefoster	2021-05-20 18:22:35	5	0	5	True	True
29268	codefoster	2021-05-20 18:31:16	codefoster	2021-05-20 18:22:59	5	1	4	True	True
29268	codefoster	2021-05-20 18:31:16	codefoster	2021-05-20 18:26:57	20	9	11	True	True
29267	codefoster	2021-05-20 18:18:34	Ethan-Arrowood	2021-06-03 16:29:35	9	3	6	False	True
29267	codefoster	2021-05-20 18:18:34	codefoster	2021-05-21 15:33:19	7	5	2	False	True
29267	codefoster	2021-05-20 18:18:34	zcbenz	2021-06-07 01:37:50	2	1	1	False	True
29267	codefoster	2021-05-20 18:18:34	Ethan-Arrowood	2021-06-03 17:27:44	6	1	5	False	True
29267	codefoster	2021-05-20 18:18:34	codefoster	2021-05-20 16:03:15	3	2	1	True	True
29267	codefoster	2021-05-20 18:18:34	codefoster	2021-05-20 18:15:32	4	2	2	True	True
29267	codefoster	2021-05-20 18:18:34	codefoster	2021-05-20 16:02:33	22	10	12	True	True
29267	codefoster	2021-05-20 18:18:34	codefoster	2021-05-20 15:59:47	5	0	5	True	True
29266	marekharanczyk	2021-05-20 16:35:26	marekharanczyk	2021-06-14 10:16:24	15	4	11	False	True
29266	marekharanczyk	2021-05-20 16:35:26	marekharanczyk	2021-06-11 06:37:34	8	8	0	False	True
29266	marekharanczyk	2021-05-20 16:35:26	marekharanczyk	2021-05-20 15:55:28	16	14	2	True	True
29262	zcbenz	2021-05-20 13:11:14	zcbenz	2021-05-20 12:27:11	280	63	217	True	True
29256	electron-roller[bot]	2021-05-20 05:30:29	codebytere	2021-05-20 17:13:15	22	0	22	False	True
29256	electron-roller[bot]	2021-05-20 05:30:29	codebytere	2021-05-21 14:55:26	31	16	15	False	True
29256	electron-roller[bot]	2021-05-20 05:30:29	codebytere	2021-05-21 15:02:55	208	104	104	False	True
29256	electron-roller[bot]	2021-05-20 05:30:29	MarshallOfSound	2021-05-27 20:17:08	42	21	21	False	True
29256	electron-roller[bot]	2021-05-20 05:30:29	MarshallOfSound	2021-05-27 18:50:06	26	13	13	False	True
29256	electron-roller[bot]	2021-05-20 05:30:29	codebytere	2021-05-21 06:48:21	18	8	10	False	True
29256	electron-roller[bot]	2021-05-20 05:30:29	codebytere	2021-05-21 15:00:36	16	8	8	False	True
29256	electron-roller[bot]	2021-05-20 05:30:29	MarshallOfSound	2021-05-27 18:34:36	2	0	2	False	True
29256	electron-roller[bot]	2021-05-20 05:30:29	codebytere	2021-05-21 06:46:55	3	1	2	False	True
29256	electron-roller[bot]	2021-05-20 05:30:29	MarshallOfSound	2021-05-27 18:34:12	733	178	555	False	True
29256	electron-roller[bot]	2021-05-20 05:30:29	codebytere	2021-05-20 11:09:36	12	7	5	False	True
29256	electron-roller[bot]	2021-05-20 05:30:29	codebytere	2021-05-20 17:26:57	2	1	1	False	True
29256	electron-roller[bot]	2021-05-20 05:30:29	codebytere	2021-05-20 17:03:46	70	0	70	False	True
29256	electron-roller[bot]	2021-05-20 05:30:29	codebytere	2021-05-20 16:48:17	60	32	28	False	True
29256	electron-roller[bot]	2021-05-20 05:30:29	codebytere	2021-05-20 11:42:10	183	91	92	False	True
29256	electron-roller[bot]	2021-05-20 05:30:29	codebytere	2021-05-20 11:41:39	234	117	117	False	True
29256	electron-roller[bot]	2021-05-20 05:30:29	codebytere	2021-05-20 17:39:05	12	7	5	False	True
29256	electron-roller[bot]	2021-05-20 05:30:29	codebytere	2021-05-20 17:46:20	215	107	108	False	True
29256	electron-roller[bot]	2021-05-20 05:30:29	codebytere	2021-05-20 18:43:48	4	2	2	False	True
29256	electron-roller[bot]	2021-05-20 05:30:29	codebytere	2021-05-20 19:14:13	7	2	5	False	True
29255	sofianguy	2021-05-20 04:07:37	sofianguy	2021-05-20 04:04:59	1	1	0	True	True
29255	sofianguy	2021-05-20 04:07:37	sofianguy	2021-05-24 15:31:15	2	1	1	False	True
29253	jkleinsc	2021-05-20 00:03:16	jkleinsc	2021-06-09 16:18:45	7	4	3	False	True
29253	jkleinsc	2021-05-20 00:03:16	jkleinsc	2021-06-28 21:29:44	39	18	21	False	True
29253	jkleinsc	2021-05-20 00:03:16	jkleinsc	2021-06-30 14:29:41	8	4	4	False	True
29253	jkleinsc	2021-05-20 00:03:16	jkleinsc	2021-06-30 14:14:28	2	1	1	False	True
29253	jkleinsc	2021-05-20 00:03:16	jkleinsc	2021-06-30 14:14:18	5	4	1	False	True
29253	jkleinsc	2021-05-20 00:03:16	jkleinsc	2021-06-29 23:59:59	4	2	2	False	True
29253	jkleinsc	2021-05-20 00:03:16	jkleinsc	2021-05-27 18:30:06	15	11	4	False	True
29253	jkleinsc	2021-05-20 00:03:16	jkleinsc	2021-06-09 17:53:59	11	7	4	False	True
29253	jkleinsc	2021-05-20 00:03:16	jkleinsc	2021-06-17 20:19:46	39	21	18	False	True
29253	jkleinsc	2021-05-20 00:03:16	jkleinsc	2021-06-07 20:17:40	40	24	16	False	True
29253	jkleinsc	2021-05-20 00:03:16	jkleinsc	2021-06-29 23:47:20	46	33	13	False	True
29253	jkleinsc	2021-05-20 00:03:16	jkleinsc	2021-05-12 20:13:02	183	182	1	True	True
29252	trop[bot]	2021-05-19 23:08:53	jkleinsc	2021-05-18 20:56:53	3	1	2	True	True
29252	trop[bot]	2021-05-19 23:08:53	jkleinsc	2021-05-19 14:01:19	2	1	1	True	True
29251	belenko	2021-05-19 21:55:32	belenko	2021-05-20 14:32:52	4	2	2	False	True
29251	belenko	2021-05-19 21:55:32	belenko	2021-05-19 21:53:44	1504	1504	0	True	True
29251	belenko	2021-05-19 21:55:32	belenko	2021-05-20 14:32:46	50	25	25	False	True
29250	belenko	2021-05-19 21:55:28	belenko	2021-05-19 21:49:01	1173	1173	0	True	True
29250	belenko	2021-05-19 21:55:28	belenko	2021-05-20 15:46:43	2	1	1	False	True
29249	belenko	2021-05-19 21:55:24	belenko	2021-05-19 21:10:47	1038	1038	0	True	True
29248	nornagon	2021-05-19 21:54:44	nornagon	2021-05-21 16:46:57	759	431	328	False	True
29248	nornagon	2021-05-19 21:54:44	nornagon	2021-05-21 20:48:21	280	63	217	False	True
29248	nornagon	2021-05-19 21:54:44	nornagon	2021-05-19 21:53:57	18	4	14	True	True
29247	MarshallOfSound	2021-05-19 21:53:24	MarshallOfSound	2021-05-19 21:49:39	43	41	2	True	True
29245	kevinhartman	2021-05-19 20:51:31	kevinhartman	2021-05-19 20:48:17	38	3	35	True	True
29245	kevinhartman	2021-05-19 20:51:31	Ethan-Arrowood	2021-06-07 16:07:17	47	47	0	False	True
29244	codebytere	2021-05-19 20:47:39	codebytere	2021-05-20 08:26:45	125	52	73	False	True
29244	codebytere	2021-05-19 20:47:39	codebytere	2021-05-20 05:42:57	68	0	68	False	True
29244	codebytere	2021-05-19 20:47:39	codebytere	2021-05-20 08:32:30	47	5	42	False	True
29244	codebytere	2021-05-19 20:47:39	codebytere	2021-05-20 08:41:13	42	24	18	False	True
29244	codebytere	2021-05-19 20:47:39	codebytere	2021-05-20 07:18:04	258	131	127	False	True
29244	codebytere	2021-05-19 20:47:39	codebytere	2021-05-20 08:03:29	263	0	263	False	True
29244	codebytere	2021-05-19 20:47:39	codebytere	2021-05-20 08:08:52	260	127	133	False	True
29244	codebytere	2021-05-19 20:47:39	codebytere	2021-05-20 05:41:37	45	0	45	False	True
29244	codebytere	2021-05-19 20:47:39	codebytere	2021-05-20 08:06:10	39	0	39	False	True
29244	codebytere	2021-05-19 20:47:39	codebytere	2021-05-20 10:23:18	40	40	0	False	True
29244	codebytere	2021-05-19 20:47:39	codebytere	2021-05-20 10:21:57	337	337	0	False	True
29244	codebytere	2021-05-19 20:47:39	codebytere	2021-05-20 05:35:38	6	3	3	False	True
29244	codebytere	2021-05-19 20:47:39	codebytere	2021-05-20 11:00:20	64	52	12	False	True
29244	codebytere	2021-05-19 20:47:39	codebytere	2021-05-20 12:38:15	1	0	1	False	True
29244	codebytere	2021-05-19 20:47:39	codebytere	2021-05-20 10:35:30	11	5	6	False	True
29244	codebytere	2021-05-19 20:47:39	codebytere	2021-05-19 20:33:36	20	11	9	True	True
29244	codebytere	2021-05-19 20:47:39	codebytere	2021-05-20 07:25:40	74	0	74	False	True
29244	codebytere	2021-05-19 20:47:39	codebytere	2021-05-19 16:41:40	34	22	12	True	True
29244	codebytere	2021-05-19 20:47:39	codebytere	2021-05-19 16:48:51	16	9	7	True	True
29244	codebytere	2021-05-19 20:47:39	codebytere	2021-05-19 16:34:07	2	1	1	True	True
29244	codebytere	2021-05-19 20:47:39	codebytere	2021-05-19 16:31:48	206	0	206	True	True
29244	codebytere	2021-05-19 20:47:39	codebytere	2021-05-19 19:06:23	24	12	12	True	True
29244	codebytere	2021-05-19 20:47:39	codebytere	2021-05-19 21:07:34	51	0	51	False	True
29244	codebytere	2021-05-19 20:47:39	codebytere	2021-05-19 20:03:31	263	115	148	True	True
29244	codebytere	2021-05-19 20:47:39	codebytere	2021-05-19 16:13:27	2	1	1	True	True
29244	codebytere	2021-05-19 20:47:39	codebytere	2021-05-20 12:38:58	4	2	2	False	True
29244	codebytere	2021-05-19 20:47:39	codebytere	2021-05-19 16:18:47	12	4	8	True	True
29244	codebytere	2021-05-19 20:47:39	codebytere	2021-05-19 19:42:35	12	6	6	True	True
29244	codebytere	2021-05-19 20:47:39	codebytere	2021-05-19 20:25:07	28	16	12	True	True
29244	codebytere	2021-05-19 20:47:39	codebytere	2021-05-19 20:37:57	8	4	4	True	True
29242	kevinhartman	2021-05-19 20:15:11	kevinhartman	2021-05-19 19:49:28	35	13	22	True	True
29242	kevinhartman	2021-05-19 20:15:11	Ethan-Arrowood	2021-06-04 15:29:01	51	50	1	False	True
29242	kevinhartman	2021-05-19 20:15:11	kevinhartman	2021-05-19 19:20:26	28	4	24	True	True
29241	rzhao271	2021-05-19 18:22:56	rzhao271	2021-05-18 22:52:37	3	1	2	True	True
29241	rzhao271	2021-05-19 18:22:56	rzhao271	2021-05-25 20:13:21	12	12	0	False	True
29240	christian-bromann	2021-05-19 17:53:32	christian-bromann	2021-06-23 06:39:43	2	1	1	False	True
29240	christian-bromann	2021-05-19 17:53:32	christian-bromann	2021-06-23 06:39:35	2	1	1	False	True
29240	christian-bromann	2021-05-19 17:53:32	christian-bromann	2021-05-19 17:52:47	52	24	28	True	True
29237	codefoster	2021-05-19 16:13:35	codefoster	2021-05-19 22:13:58	58	28	30	False	True
29237	codefoster	2021-05-19 16:13:35	codefoster	2021-05-21 15:39:18	9	6	3	False	True
29237	codefoster	2021-05-19 16:13:35	codefoster	2021-05-20 22:04:10	55	19	36	False	True
29237	codefoster	2021-05-19 16:13:35	codefoster	2021-05-20 18:05:09	96	67	29	False	True
29237	codefoster	2021-05-19 16:13:35	zcbenz	2021-06-02 01:42:52	3	2	1	False	True
29237	codefoster	2021-05-19 16:13:35	codefoster	2021-05-20 19:52:42	82	47	35	False	True
29237	codefoster	2021-05-19 16:13:35	zcbenz	2021-06-02 01:52:41	2	1	1	False	True
29237	codefoster	2021-05-19 16:13:35	codefoster	2021-05-19 16:48:48	10	1	9	False	True
29237	codefoster	2021-05-19 16:13:35	codefoster	2021-05-19 15:57:04	10	2	8	True	True
29237	codefoster	2021-05-19 16:13:35	codefoster	2021-05-19 15:48:17	21	20	1	True	True
29237	codefoster	2021-05-19 16:13:35	codefoster	2021-05-20 21:45:12	2	0	2	False	True
29237	codefoster	2021-05-19 16:13:35	codefoster	2021-05-19 21:53:02	11	8	3	False	True
29237	codefoster	2021-05-19 16:13:35	codefoster	2021-05-18 17:54:36	16	15	1	True	True
29236	miniak	2021-05-19 12:25:49	miniak	2021-05-19 12:22:40	28	5	23	True	True
29235	deepak1556	2021-05-19 09:36:45	deepak1556	2021-05-19 09:27:35	98	70	28	True	True
29234	trop[bot]	2021-05-19 09:28:19	deepak1556	2021-07-13 09:00:32	2	1	1	False	True
29234	trop[bot]	2021-05-19 09:28:19	deepak1556	2021-07-13 05:13:21	2	1	1	False	True
29234	trop[bot]	2021-05-19 09:28:19	deepak1556	2021-07-13 08:52:39	75	42	33	False	True
29234	trop[bot]	2021-05-19 09:28:19	deepak1556	2021-05-19 05:45:23	25	25	0	True	True
29234	trop[bot]	2021-05-19 09:28:19	deepak1556	2021-07-14 08:47:10	50	30	20	False	True
29234	trop[bot]	2021-05-19 09:28:19	deepak1556	2021-07-13 11:43:53	5	0	5	False	True
29234	trop[bot]	2021-05-19 09:28:19	deepak1556	2021-07-12 04:54:43	6	4	2	False	True
29234	trop[bot]	2021-05-19 09:28:19	deepak1556	2021-07-12 07:31:34	2	1	1	False	True
29234	trop[bot]	2021-05-19 09:28:19	deepak1556	2021-05-19 05:45:03	2	1	1	True	True
29234	trop[bot]	2021-05-19 09:28:19	deepak1556	2021-07-01 07:50:55	2	1	1	False	True
29234	trop[bot]	2021-05-19 09:28:19	rzhao271	2021-05-12 18:42:22	51	25	26	True	True
29234	trop[bot]	2021-05-19 09:28:19	deepak1556	2021-05-18 14:47:28	28	23	5	True	True
29234	trop[bot]	2021-05-19 09:28:19	deepak1556	2021-07-13 05:05:06	8	4	4	False	True
29234	trop[bot]	2021-05-19 09:28:19	deepak1556	2021-06-23 07:19:19	14	12	2	False	True
29233	deepak1556	2021-05-19 09:11:30	deepak1556	2021-05-19 09:01:48	96	96	0	True	True
29232	trop[bot]	2021-05-19 07:45:12	Tabea4	2021-05-06 09:03:12	4	2	2	True	True
29232	trop[bot]	2021-05-19 07:45:12	Tabea4	2021-05-05 15:46:23	4	2	2	True	True
29232	trop[bot]	2021-05-19 07:45:12	Tabea4	2021-04-20 18:17:11	4	2	2	True	True
29231	trop[bot]	2021-05-19 07:45:06	Tabea4	2021-05-05 15:46:23	4	2	2	True	True
29231	trop[bot]	2021-05-19 07:45:06	Tabea4	2021-05-06 09:03:12	4	2	2	True	True
29231	trop[bot]	2021-05-19 07:45:06	Tabea4	2021-04-20 18:17:11	4	2	2	True	True
29230	trop[bot]	2021-05-19 07:44:59	Tabea4	2021-05-05 15:46:23	4	2	2	True	True
29230	trop[bot]	2021-05-19 07:44:59	Tabea4	2021-05-06 09:03:12	4	2	2	True	True
29230	trop[bot]	2021-05-19 07:44:59	Tabea4	2021-04-20 18:17:11	4	2	2	True	True
29229	trop[bot]	2021-05-19 02:56:41	erickzhao	2021-05-05 20:11:51	91	52	39	True	True
29229	trop[bot]	2021-05-19 02:56:41	erickzhao	2021-05-17 17:23:02	16	13	3	True	True
29229	trop[bot]	2021-05-19 02:56:41	erickzhao	2021-05-05 20:58:51	4	2	2	True	True
29229	trop[bot]	2021-05-19 02:56:41	erickzhao	2021-05-04 23:24:42	12	7	5	True	True
29228	trop[bot]	2021-05-19 02:56:35	erickzhao	2021-05-05 20:11:51	91	52	39	True	True
29228	trop[bot]	2021-05-19 02:56:35	erickzhao	2021-05-04 23:24:42	12	7	5	True	True
29228	trop[bot]	2021-05-19 02:56:35	erickzhao	2021-05-05 20:58:51	4	2	2	True	True
29228	trop[bot]	2021-05-19 02:56:35	erickzhao	2021-05-17 17:23:02	16	13	3	True	True
29227	trop[bot]	2021-05-19 01:35:57	samuelmaddock	2021-05-14 00:09:32	50	30	20	True	True
29226	trop[bot]	2021-05-19 01:35:51	samuelmaddock	2021-05-14 00:09:32	50	30	20	True	True
29225	trop[bot]	2021-05-19 01:35:48	samuelmaddock	2021-05-14 00:09:32	50	30	20	True	True
29223	trop[bot]	2021-05-19 01:06:49	miniak	2021-05-14 23:23:00	2	1	1	True	True
29222	trop[bot]	2021-05-19 01:06:43	miniak	2021-05-14 23:23:00	2	1	1	True	True
29221	trop[bot]	2021-05-19 01:04:41	tonyferrell	2021-05-18 19:19:02	1	1	0	True	True
29221	trop[bot]	2021-05-19 01:04:41	tonyferrell	2021-05-17 23:20:44	36	9	27	True	True
29221	trop[bot]	2021-05-19 01:04:41	tonyferrell	2021-05-17 22:11:29	85	62	23	True	True
29221	trop[bot]	2021-05-19 01:04:41	tonyferrell	2021-05-17 23:21:24	6	3	3	True	True
29221	trop[bot]	2021-05-19 01:04:41	tonyferrell	2021-05-17 23:24:16	29	12	17	True	True
29220	trop[bot]	2021-05-19 01:04:27	tonyferrell	2021-05-17 23:20:44	36	9	27	True	True
29220	trop[bot]	2021-05-19 01:04:27	tonyferrell	2021-05-18 19:19:02	1	1	0	True	True
29220	trop[bot]	2021-05-19 01:04:27	tonyferrell	2021-05-17 22:11:29	85	62	23	True	True
29220	trop[bot]	2021-05-19 01:04:27	tonyferrell	2021-05-17 23:24:16	29	12	17	True	True
29220	trop[bot]	2021-05-19 01:04:27	tonyferrell	2021-05-17 23:21:24	6	3	3	True	True
29219	trop[bot]	2021-05-19 01:03:56	Ethan-Arrowood	2021-05-18 21:40:02	15	6	9	True	True
29219	trop[bot]	2021-05-19 01:03:56	Ethan-Arrowood	2021-05-17 23:04:12	193	112	81	True	True
29219	trop[bot]	2021-05-19 01:03:56	Ethan-Arrowood	2021-05-18 17:38:42	5	3	2	True	True
29219	trop[bot]	2021-05-19 01:03:56	Ethan-Arrowood	2021-05-18 20:31:04	80	30	50	True	True
29219	trop[bot]	2021-05-19 01:03:56	Ethan-Arrowood	2021-05-18 20:37:15	38	20	18	True	True
29219	trop[bot]	2021-05-19 01:03:56	Ethan-Arrowood	2021-05-18 21:33:12	3	1	2	True	True
29218	trop[bot]	2021-05-19 01:03:53	Ethan-Arrowood	2021-05-18 20:31:04	80	30	50	True	True
29218	trop[bot]	2021-05-19 01:03:53	Ethan-Arrowood	2021-05-18 20:37:15	38	20	18	True	True
29218	trop[bot]	2021-05-19 01:03:53	Ethan-Arrowood	2021-05-18 21:40:02	15	6	9	True	True
29218	trop[bot]	2021-05-19 01:03:53	Ethan-Arrowood	2021-05-18 17:38:42	5	3	2	True	True
29218	trop[bot]	2021-05-19 01:03:53	Ethan-Arrowood	2021-05-17 23:04:12	193	112	81	True	True
29218	trop[bot]	2021-05-19 01:03:53	Ethan-Arrowood	2021-05-18 21:33:12	3	1	2	True	True
29217	trop[bot]	2021-05-19 00:56:12	tonyferrell	2021-05-18 03:51:13	2	1	1	True	True
29217	trop[bot]	2021-05-19 00:56:12	tonyferrell	2021-05-18 03:50:46	8	4	4	True	True
29217	trop[bot]	2021-05-19 00:56:12	tonyferrell	2021-05-18 22:03:45	2	1	1	True	True
29217	trop[bot]	2021-05-19 00:56:12	tonyferrell	2021-05-18 19:37:53	26	11	15	True	True
29217	trop[bot]	2021-05-19 00:56:12	tonyferrell	2021-05-18 03:58:04	14	8	6	True	True
29217	trop[bot]	2021-05-19 00:56:12	tonyferrell	2021-05-18 03:53:32	2	1	1	True	True
29217	trop[bot]	2021-05-19 00:56:12	tonyferrell	2021-05-18 00:04:26	9	9	0	True	True
29217	trop[bot]	2021-05-19 00:56:12	tonyferrell	2021-05-18 22:01:00	21	14	7	True	True
29217	trop[bot]	2021-05-19 00:56:12	tonyferrell	2021-05-18 03:49:51	2	1	1	True	True
29217	trop[bot]	2021-05-19 00:56:12	tonyferrell	2021-05-18 00:53:28	14	11	3	True	True
29217	trop[bot]	2021-05-19 00:56:12	tonyferrell	2021-05-18 00:24:01	47	29	18	True	True
29217	trop[bot]	2021-05-19 00:56:12	tonyferrell	2021-05-18 00:05:06	31	13	18	True	True
29217	trop[bot]	2021-05-19 00:56:12	tonyferrell	2021-05-18 03:51:40	2	1	1	True	True
29217	trop[bot]	2021-05-19 00:56:12	tonyferrell	2021-05-18 23:57:39	2	1	1	True	True
29217	trop[bot]	2021-05-19 00:56:12	tonyferrell	2021-05-18 01:21:30	6	4	2	True	True
29216	trop[bot]	2021-05-19 00:56:09	tonyferrell	2021-05-18 03:51:13	2	1	1	True	True
29216	trop[bot]	2021-05-19 00:56:09	tonyferrell	2021-05-18 03:51:40	2	1	1	True	True
29216	trop[bot]	2021-05-19 00:56:09	tonyferrell	2021-05-18 03:58:04	14	8	6	True	True
29216	trop[bot]	2021-05-19 00:56:09	tonyferrell	2021-05-18 03:50:46	8	4	4	True	True
29216	trop[bot]	2021-05-19 00:56:09	tonyferrell	2021-05-18 23:57:39	2	1	1	True	True
29216	trop[bot]	2021-05-19 00:56:09	tonyferrell	2021-05-18 22:01:00	21	14	7	True	True
29216	trop[bot]	2021-05-19 00:56:09	tonyferrell	2021-05-18 00:05:06	31	13	18	True	True
29216	trop[bot]	2021-05-19 00:56:09	tonyferrell	2021-05-18 01:21:30	6	4	2	True	True
29216	trop[bot]	2021-05-19 00:56:09	tonyferrell	2021-05-18 03:49:51	2	1	1	True	True
29216	trop[bot]	2021-05-19 00:56:09	tonyferrell	2021-05-18 00:04:26	9	9	0	True	True
29216	trop[bot]	2021-05-19 00:56:09	tonyferrell	2021-05-18 03:53:32	2	1	1	True	True
29216	trop[bot]	2021-05-19 00:56:09	tonyferrell	2021-05-18 00:24:01	47	29	18	True	True
29216	trop[bot]	2021-05-19 00:56:09	tonyferrell	2021-05-18 19:37:53	26	11	15	True	True
29216	trop[bot]	2021-05-19 00:56:09	tonyferrell	2021-05-18 00:53:28	14	11	3	True	True
29216	trop[bot]	2021-05-19 00:56:09	tonyferrell	2021-05-18 22:03:45	2	1	1	True	True
29215	trop[bot]	2021-05-19 00:53:30	tkainrad	2021-05-17 19:35:50	3	2	1	True	True
29214	trop[bot]	2021-05-19 00:53:24	tkainrad	2021-05-17 19:35:50	3	2	1	True	True
29213	nornagon	2021-05-18 23:16:46	nornagon	2021-05-18 23:15:17	51	25	26	True	True
29212	Ethan-Arrowood	2021-05-18 22:15:43	Ethan-Arrowood	2021-05-19 16:07:07	2	1	1	False	True
29212	Ethan-Arrowood	2021-05-18 22:15:43	Ethan-Arrowood	2021-05-20 16:48:08	2	1	1	False	True
29212	Ethan-Arrowood	2021-05-18 22:15:43	Ethan-Arrowood	2021-05-18 22:13:48	262	94	168	True	True
29212	Ethan-Arrowood	2021-05-18 22:15:43	Ethan-Arrowood	2021-05-19 21:06:51	2	1	1	False	True
29212	Ethan-Arrowood	2021-05-18 22:15:43	Ethan-Arrowood	2021-05-18 22:17:30	2	2	0	False	True
29212	Ethan-Arrowood	2021-05-18 22:15:43	zcbenz	2021-05-24 02:35:17	1	0	1	False	True
29212	Ethan-Arrowood	2021-05-18 22:15:43	Ethan-Arrowood	2021-05-20 16:48:18	2	1	1	False	True
29212	Ethan-Arrowood	2021-05-18 22:15:43	Ethan-Arrowood	2021-05-20 16:48:13	2	1	1	False	True
29211	kevinhartman	2021-05-18 22:13:56	kevinhartman	2021-05-18 18:06:32	24	3	21	True	True
29210	jkleinsc	2021-05-18 21:06:04	jkleinsc	2021-05-19 14:01:19	2	1	1	False	True
29210	jkleinsc	2021-05-18 21:06:04	jkleinsc	2021-05-18 20:56:53	3	1	2	True	True
29209	nornagon	2021-05-18 17:36:21	nornagon	2021-05-18 17:36:05	7	7	0	True	True
29208	nornagon	2021-05-18 17:07:33	nornagon	2021-05-18 17:06:51	21	19	2	True	True
29207	tonyferrell	2021-05-18 16:54:58	tonyferrell	2021-05-18 19:48:53	8	2	6	False	True
29207	tonyferrell	2021-05-18 16:54:58	tonyferrell	2021-05-21 19:16:05	2	1	1	False	True
29207	tonyferrell	2021-05-18 16:54:58	tonyferrell	2021-05-18 21:53:44	7	5	2	False	True
29207	tonyferrell	2021-05-18 16:54:58	tonyferrell	2021-05-18 19:45:43	10	5	5	False	True
29207	tonyferrell	2021-05-18 16:54:58	tonyferrell	2021-05-18 01:19:15	21	1	20	True	True
29207	tonyferrell	2021-05-18 16:54:58	tonyferrell	2021-05-18 18:06:12	75	71	4	False	True
29204	deepak1556	2021-05-18 12:02:55	rzhao271	2021-05-12 18:42:22	51	25	26	True	True
29204	deepak1556	2021-05-18 12:02:55	deepak1556	2021-05-19 05:45:23	25	25	0	False	True
29204	deepak1556	2021-05-18 12:02:55	deepak1556	2021-05-19 05:45:03	2	1	1	False	True
29204	deepak1556	2021-05-18 12:02:55	deepak1556	2021-05-18 14:47:28	28	23	5	False	True
29202	zcbenz	2021-05-18 02:24:25	zcbenz	2021-05-18 00:32:24	34	14	20	True	True
29202	zcbenz	2021-05-18 02:24:25	zcbenz	2021-06-02 01:40:28	22	16	6	False	True
29202	zcbenz	2021-05-18 02:24:25	zcbenz	2021-05-17 13:18:48	71	58	13	True	True
29202	zcbenz	2021-05-18 02:24:25	zcbenz	2021-05-17 01:08:23	156	96	60	True	True
29200	tonyferrell	2021-05-18 00:54:04	tonyferrell	2021-05-18 03:50:46	8	4	4	False	True
29200	tonyferrell	2021-05-18 00:54:04	tonyferrell	2021-05-18 19:37:53	26	11	15	False	True
29200	tonyferrell	2021-05-18 00:54:04	tonyferrell	2021-05-18 03:53:32	2	1	1	False	True
29200	tonyferrell	2021-05-18 00:54:04	tonyferrell	2021-05-18 03:58:04	14	8	6	False	True
29200	tonyferrell	2021-05-18 00:54:04	tonyferrell	2021-05-18 22:03:45	2	1	1	False	True
29200	tonyferrell	2021-05-18 00:54:04	tonyferrell	2021-05-18 03:51:13	2	1	1	False	True
29200	tonyferrell	2021-05-18 00:54:04	tonyferrell	2021-05-18 22:01:00	21	14	7	False	True
29200	tonyferrell	2021-05-18 00:54:04	tonyferrell	2021-05-18 23:57:39	2	1	1	False	True
29200	tonyferrell	2021-05-18 00:54:04	tonyferrell	2021-05-18 00:04:26	9	9	0	True	True
29200	tonyferrell	2021-05-18 00:54:04	tonyferrell	2021-05-18 03:51:40	2	1	1	False	True
29200	tonyferrell	2021-05-18 00:54:04	tonyferrell	2021-05-18 01:21:30	6	4	2	False	True
29200	tonyferrell	2021-05-18 00:54:04	tonyferrell	2021-05-18 00:53:28	14	11	3	True	True
29200	tonyferrell	2021-05-18 00:54:04	tonyferrell	2021-05-18 00:05:06	31	13	18	True	True
29200	tonyferrell	2021-05-18 00:54:04	tonyferrell	2021-05-18 00:24:01	47	29	18	True	True
29200	tonyferrell	2021-05-18 00:54:04	tonyferrell	2021-05-18 03:49:51	2	1	1	False	True
29199	samuelmaddock	2021-05-18 00:27:36	samuelmaddock	2021-05-17 23:17:22	108	104	4	True	True
29199	samuelmaddock	2021-05-18 00:27:36	samuelmaddock	2021-05-25 18:55:06	2	1	1	False	True
29199	samuelmaddock	2021-05-18 00:27:36	samuelmaddock	2021-05-25 19:02:11	2	1	1	False	True
29198	Ethan-Arrowood	2021-05-17 23:06:42	Ethan-Arrowood	2021-05-18 20:31:04	80	30	50	False	True
29198	Ethan-Arrowood	2021-05-17 23:06:42	Ethan-Arrowood	2021-05-17 23:04:12	193	112	81	True	True
29198	Ethan-Arrowood	2021-05-17 23:06:42	Ethan-Arrowood	2021-05-18 21:33:12	3	1	2	False	True
29198	Ethan-Arrowood	2021-05-17 23:06:42	Ethan-Arrowood	2021-05-18 21:40:02	15	6	9	False	True
29198	Ethan-Arrowood	2021-05-17 23:06:42	Ethan-Arrowood	2021-05-18 17:38:42	5	3	2	False	True
29198	Ethan-Arrowood	2021-05-17 23:06:42	Ethan-Arrowood	2021-05-18 20:37:15	38	20	18	False	True
29197	tonyferrell	2021-05-17 22:14:59	tonyferrell	2021-05-18 19:19:02	1	1	0	False	True
29197	tonyferrell	2021-05-17 22:14:59	tonyferrell	2021-05-17 23:24:16	29	12	17	False	True
29197	tonyferrell	2021-05-17 22:14:59	tonyferrell	2021-05-17 23:20:44	36	9	27	False	True
29197	tonyferrell	2021-05-17 22:14:59	tonyferrell	2021-05-17 22:11:29	85	62	23	True	True
29197	tonyferrell	2021-05-17 22:14:59	tonyferrell	2021-05-17 23:21:24	6	3	3	False	True
29196	nornagon	2021-05-17 22:13:41	nornagon	2021-05-18 02:33:11	5	1	4	False	True
29196	nornagon	2021-05-17 22:13:41	nornagon	2021-05-17 23:18:55	2	1	1	False	True
29196	nornagon	2021-05-17 22:13:41	nornagon	2021-05-17 22:16:15	3	1	2	False	True
29196	nornagon	2021-05-17 22:13:41	nornagon	2021-05-17 22:13:00	124	4	120	True	True
29195	MarshallOfSound	2021-05-17 21:49:59	MarshallOfSound	2021-05-17 21:49:26	6	2	4	True	True
29194	nornagon	2021-05-17 20:44:03	nornagon	2021-05-17 20:43:22	30	0	30	True	True
29193	tkainrad	2021-05-17 19:39:06	tkainrad	2021-05-17 19:35:50	3	2	1	True	True
29182	trop[bot]	2021-05-15 01:33:58	noelleleigh	2021-05-13 23:33:49	2	1	1	True	True
29181	trop[bot]	2021-05-15 01:33:52	noelleleigh	2021-05-13 23:33:49	2	1	1	True	True
29180	trop[bot]	2021-05-15 01:33:46	noelleleigh	2021-05-13 23:33:49	2	1	1	True	True
29179	miniak	2021-05-14 23:25:26	miniak	2021-05-14 23:23:00	2	1	1	True	True
29174	miniak	2021-05-14 14:40:07	miniak	2021-05-14 14:20:34	217	66	151	True	True
29173	electron-roller[bot]	2021-05-14 13:00:28	codebytere	2021-05-17 07:57:52	10	6	4	False	True
29173	electron-roller[bot]	2021-05-14 13:00:28	codebytere	2021-05-18 13:16:03	7	4	3	False	True
29173	electron-roller[bot]	2021-05-14 13:00:28	codebytere	2021-05-17 13:07:58	6	3	3	False	True
29173	electron-roller[bot]	2021-05-14 13:00:28	codebytere	2021-05-19 10:41:48	355	91	264	False	True
29173	electron-roller[bot]	2021-05-14 13:00:28	codebytere	2021-05-18 18:47:09	3	1	2	False	True
29173	electron-roller[bot]	2021-05-14 13:00:28	codebytere	2021-05-18 15:10:10	4	2	2	False	True
29173	electron-roller[bot]	2021-05-14 13:00:28	codebytere	2021-05-18 08:32:07	332	255	77	False	True
29173	electron-roller[bot]	2021-05-14 13:00:28	codebytere	2021-05-18 13:19:42	23	11	12	False	True
29173	electron-roller[bot]	2021-05-14 13:00:28	codebytere	2021-05-19 14:17:57	3	0	3	False	True
29173	electron-roller[bot]	2021-05-14 13:00:28	codebytere	2021-05-17 15:04:42	59	38	21	False	True
29173	electron-roller[bot]	2021-05-14 13:00:28	codebytere	2021-05-18 15:10:26	26	13	13	False	True
29173	electron-roller[bot]	2021-05-14 13:00:28	codebytere	2021-05-17 13:04:07	2	1	1	False	True
29173	electron-roller[bot]	2021-05-14 13:00:28	codebytere	2021-05-18 18:00:47	7	4	3	False	True
29173	electron-roller[bot]	2021-05-14 13:00:28	codebytere	2021-05-17 08:28:01	430	215	215	False	True
29173	electron-roller[bot]	2021-05-14 13:00:28	codebytere	2021-05-17 08:17:09	8	4	4	False	True
29173	electron-roller[bot]	2021-05-14 13:00:28	codebytere	2021-05-17 09:08:21	2	1	1	False	True
29173	electron-roller[bot]	2021-05-14 13:00:28	codebytere	2021-05-17 09:24:33	9	5	4	False	True
29173	electron-roller[bot]	2021-05-14 13:00:28	codebytere	2021-05-17 09:25:03	2	1	1	False	True
29173	electron-roller[bot]	2021-05-14 13:00:28	codebytere	2021-05-17 09:30:17	24	9	15	False	True
29173	electron-roller[bot]	2021-05-14 13:00:28	codebytere	2021-05-17 09:37:14	9	5	4	False	True
29173	electron-roller[bot]	2021-05-14 13:00:28	codebytere	2021-05-17 13:01:37	77	77	0	False	True
29173	electron-roller[bot]	2021-05-14 13:00:28	codebytere	2021-05-17 13:18:49	128	64	64	False	True
29172	trop[bot]	2021-05-14 12:08:18	codebytere	2021-05-12 12:48:14	23	17	6	True	True
29171	trop[bot]	2021-05-14 12:08:12	codebytere	2021-05-12 12:48:14	23	17	6	True	True
29170	trop[bot]	2021-05-14 11:36:53	codebytere	2021-05-12 22:12:00	32	16	16	True	True
29170	trop[bot]	2021-05-14 11:36:53	codebytere	2021-05-13 08:23:12	3	2	1	True	True
29170	trop[bot]	2021-05-14 11:36:53	codebytere	2021-05-11 14:06:34	18	13	5	True	True
29170	trop[bot]	2021-05-14 11:36:53	codebytere	2021-05-10 20:51:25	99	95	4	True	True
29169	trop[bot]	2021-05-14 11:36:47	codebytere	2021-05-10 20:51:25	99	95	4	True	True
29169	trop[bot]	2021-05-14 11:36:47	codebytere	2021-05-12 22:12:00	32	16	16	True	True
29169	trop[bot]	2021-05-14 11:36:47	codebytere	2021-05-13 08:23:12	3	2	1	True	True
29169	trop[bot]	2021-05-14 11:36:47	codebytere	2021-05-11 14:06:34	18	13	5	True	True
29168	sergiou87	2021-05-14 10:08:57	sergiou87	2021-05-14 10:26:15	47	47	0	False	True
29168	sergiou87	2021-05-14 10:08:57	sergiou87	2021-05-19 09:20:55	7	7	0	False	True
29168	sergiou87	2021-05-14 10:08:57	sergiou87	2021-05-19 09:14:51	11	6	5	False	True
29168	sergiou87	2021-05-14 10:08:57	sergiou87	2021-05-14 10:26:36	17	16	1	False	True
29168	sergiou87	2021-05-14 10:08:57	sergiou87	2021-05-17 08:29:28	14	6	8	False	True
29165	trop[bot]	2021-05-14 09:05:56	zcbenz	2021-05-12 05:52:03	16	2	14	True	True
29163	yaohy0819	2021-05-14 02:36:24	yaohongyu	2021-05-13 12:45:42	30	16	14	True	True
29162	samuelmaddock	2021-05-14 00:20:15	samuelmaddock	2021-05-14 00:09:32	50	30	20	True	True
29161	noelleleigh	2021-05-13 23:38:33	noelleleigh	2021-05-13 23:33:49	2	1	1	True	True
29158	electron-roller[bot]	2021-05-13 13:01:25	electron-bot	2021-05-20 05:46:37	20	10	10	False	True
29158	electron-roller[bot]	2021-05-13 13:01:25	jkleinsc	2021-05-19 15:45:04	2	1	1	False	True
29158	electron-roller[bot]	2021-05-13 13:01:25	jkleinsc	2021-05-13 21:09:36	42	21	21	False	True
29157	trop[bot]	2021-05-13 07:23:50	MarshallOfSound	2021-05-13 06:11:00	2	1	1	True	True
29156	trop[bot]	2021-05-13 07:23:47	MarshallOfSound	2021-05-13 06:11:00	2	1	1	True	True
29155	trop[bot]	2021-05-13 07:23:41	MarshallOfSound	2021-05-13 06:11:00	2	1	1	True	True
29154	trop[bot]	2021-05-13 07:23:38	MarshallOfSound	2021-05-13 06:11:00	2	1	1	True	True
29153	MarshallOfSound	2021-05-13 06:28:26	MarshallOfSound	2021-05-13 06:11:00	2	1	1	True	True
29151	electron-roller[bot]	2021-05-13 05:08:58	codebytere	2021-05-18 16:38:24	3	2	1	False	True
29151	electron-roller[bot]	2021-05-13 05:08:58	codebytere	2021-05-14 13:11:05	5	3	2	False	True
29151	electron-roller[bot]	2021-05-13 05:08:58	electron-bot	2021-05-13 05:19:55	218	53	165	False	True
29151	electron-roller[bot]	2021-05-13 05:08:58	codebytere	2021-05-19 11:53:41	1	1	0	False	True
29151	electron-roller[bot]	2021-05-13 05:08:58	codebytere	2021-05-14 14:18:17	1	1	0	False	True
29151	electron-roller[bot]	2021-05-13 05:08:58	codebytere	2021-05-14 12:53:39	10	8	2	False	True
29151	electron-roller[bot]	2021-05-13 05:08:58	codebytere	2021-05-14 11:53:29	37	32	5	False	True
29151	electron-roller[bot]	2021-05-13 05:08:58	codebytere	2021-05-14 13:08:32	19	10	9	False	True
29151	electron-roller[bot]	2021-05-13 05:08:58	codebytere	2021-05-14 12:02:35	39	39	0	False	True
29150	miniak	2021-05-13 02:14:53	nornagon	2020-11-04 02:15:20	80	47	33	True	True
29149	trop[bot]	2021-05-13 02:13:37	OndreasCZ	2021-05-09 19:25:37	2	1	1	True	True
29148	trop[bot]	2021-05-13 02:13:18	OndreasCZ	2021-05-09 19:25:37	2	1	1	True	True
29147	trop[bot]	2021-05-13 02:13:15	OndreasCZ	2021-05-09 19:25:37	2	1	1	True	True
29146	trop[bot]	2021-05-13 02:12:48	PalmerAL	2021-05-10 01:52:29	3	1	2	True	True
29146	trop[bot]	2021-05-13 02:12:48	PalmerAL	2021-05-10 01:54:38	3	1	2	True	True
29145	trop[bot]	2021-05-13 02:12:45	PalmerAL	2021-05-10 01:54:38	3	1	2	True	True
29145	trop[bot]	2021-05-13 02:12:45	PalmerAL	2021-05-10 01:52:29	3	1	2	True	True
29144	trop[bot]	2021-05-13 02:12:36	PalmerAL	2021-05-10 01:54:38	3	1	2	True	True
29144	trop[bot]	2021-05-13 02:12:36	PalmerAL	2021-05-10 01:52:29	3	1	2	True	True
29143	miniak	2021-05-13 02:11:01	nornagon	2020-11-04 02:15:20	80	47	33	True	True
29142	trop[bot]	2021-05-13 02:02:03	zcbenz	2021-04-29 01:21:03	285	172	113	True	True
29142	trop[bot]	2021-05-13 02:02:03	zcbenz	2021-04-29 23:21:08	2	1	1	True	True
29142	trop[bot]	2021-05-13 02:02:03	zcbenz	2021-05-05 01:13:46	23	13	10	True	True
29142	trop[bot]	2021-05-13 02:02:03	zcbenz	2021-05-04 07:50:44	64	37	27	True	True
29142	trop[bot]	2021-05-13 02:02:03	zcbenz	2021-04-30 00:44:47	3	2	1	True	True
29142	trop[bot]	2021-05-13 02:02:03	zcbenz	2021-04-30 00:38:33	49	26	23	True	True
29142	trop[bot]	2021-05-13 02:02:03	zcbenz	2021-04-30 00:34:34	70	35	35	True	True
29142	trop[bot]	2021-05-13 02:02:03	zcbenz	2021-05-05 01:21:01	3	2	1	True	True
29141	trop[bot]	2021-05-13 02:02:00	zcbenz	2021-04-30 00:44:47	3	2	1	True	True
29141	trop[bot]	2021-05-13 02:02:00	zcbenz	2021-04-29 23:21:08	2	1	1	True	True
29141	trop[bot]	2021-05-13 02:02:00	zcbenz	2021-04-30 00:34:34	70	35	35	True	True
29141	trop[bot]	2021-05-13 02:02:00	zcbenz	2021-05-04 07:50:44	64	37	27	True	True
29141	trop[bot]	2021-05-13 02:02:00	zcbenz	2021-04-29 01:21:03	285	172	113	True	True
29141	trop[bot]	2021-05-13 02:02:00	zcbenz	2021-05-05 01:13:46	23	13	10	True	True
29141	trop[bot]	2021-05-13 02:02:00	zcbenz	2021-05-05 01:21:01	3	2	1	True	True
29141	trop[bot]	2021-05-13 02:02:00	zcbenz	2021-04-30 00:38:33	49	26	23	True	True
29140	MarshallOfSound	2021-05-13 01:37:42	MarshallOfSound	2021-05-13 01:36:39	8	2	6	True	True
29139	MarshallOfSound	2021-05-13 00:26:27	MarshallOfSound	2021-05-13 00:25:47	44	9	35	True	True
29138	MarshallOfSound	2021-05-13 00:15:11	MarshallOfSound	2021-05-13 00:11:02	121	57	64	True	True
29136	nornagon	2021-05-12 23:51:06	nornagon	2021-05-12 23:49:11	20	0	20	True	True
29136	nornagon	2021-05-12 23:51:06	nornagon	2021-05-17 20:25:34	1715	923	792	False	True
29135	nornagon	2021-05-12 23:13:55	nornagon	2021-05-12 23:12:25	28	0	28	True	True
29134	nornagon	2021-05-12 23:07:57	nornagon	2021-05-12 23:07:01	14	2	12	True	True
29134	nornagon	2021-05-12 23:07:57	nornagon	2021-05-17 20:23:52	1688	924	764	False	True
29133	MarshallOfSound	2021-05-12 22:47:25	MarshallOfSound	2021-05-12 22:46:39	99	37	62	True	True
29132	nornagon	2021-05-12 22:32:22	nornagon	2021-05-12 22:31:27	29	0	29	True	True
29131	nornagon	2021-05-12 22:24:18	nornagon	2021-05-17 20:28:11	1705	918	787	False	True
29131	nornagon	2021-05-12 22:24:18	nornagon	2021-05-12 22:51:29	47	0	47	False	True
29131	nornagon	2021-05-12 22:24:18	electron-bot	2021-05-12 23:02:49	4	2	2	False	True
29131	nornagon	2021-05-12 22:24:18	nornagon	2021-05-17 20:26:50	4	0	4	False	True
29131	nornagon	2021-05-12 22:24:18	nornagon	2021-05-12 22:21:27	86	1	85	True	True
29130	nornagon	2021-05-12 21:12:36	nornagon	2021-05-12 21:12:35	58	58	0	True	True
29130	nornagon	2021-05-12 21:12:36	nornagon	2021-05-12 21:39:19	26	14	12	False	True
29129	trop[bot]	2021-05-12 19:04:12	tabishmahfuz1	2021-05-11 23:29:51	2	1	1	True	True
29128	trop[bot]	2021-05-12 19:04:09	tabishmahfuz1	2021-05-11 23:29:51	2	1	1	True	True
29127	trop[bot]	2021-05-12 19:03:49	nornagon	2021-05-11 22:23:07	6	0	6	True	True
29126	rzhao271	2021-05-12 18:52:27	rzhao271	2021-05-12 18:42:22	29	3	26	True	True
29123	codebytere	2021-05-12 13:12:08	codebytere	2021-05-12 12:48:14	23	17	6	True	True
29121	MarshallOfSound	2021-05-12 08:53:38	MarshallOfSound	2021-05-12 07:01:38	8	4	4	True	True
29120	trop[bot]	2021-05-12 08:49:50	MarshallOfSound	2021-05-12 07:10:44	2	1	1	True	True
29118	tabishmahfuz1	2021-05-12 07:29:54	tabishmahfuz1	2021-05-11 23:29:51	2	1	1	True	True
29117	MarshallOfSound	2021-05-12 07:11:55	MarshallOfSound	2021-05-12 07:10:44	2	1	1	True	True
29114	zcbenz	2021-05-12 06:09:57	zcbenz	2021-05-12 05:52:03	16	2	14	True	True
29111	MarshallOfSound	2021-05-12 04:17:31	MarshallOfSound	2021-05-12 04:15:17	11	1	10	True	True
29110	MarshallOfSound	2021-05-12 03:52:49	MarshallOfSound	2021-05-12 03:48:58	25	25	0	True	True
29109	nornagon	2021-05-11 22:45:05	nornagon	2021-05-11 23:11:45	26	14	12	False	True
29109	nornagon	2021-05-11 22:45:05	nornagon	2021-05-11 22:45:04	58	58	0	True	True
29107	nornagon	2021-05-11 22:23:44	nornagon	2021-05-11 22:23:07	6	0	6	True	True
29106	trop[bot]	2021-05-11 20:57:40	VerteDinde	2021-05-06 19:24:06	74	44	30	True	True
29106	trop[bot]	2021-05-11 20:57:40	VerteDinde	2021-05-05 20:31:05	45	26	19	True	True
29106	trop[bot]	2021-05-11 20:57:40	VerteDinde	2021-05-05 20:44:23	44	4	40	True	True
29106	trop[bot]	2021-05-11 20:57:40	VerteDinde	2021-05-04 18:38:23	24	20	4	True	True
29106	trop[bot]	2021-05-11 20:57:40	VerteDinde	2021-05-07 17:40:05	64	21	43	True	True
29106	trop[bot]	2021-05-11 20:57:40	VerteDinde	2021-04-30 01:01:43	42	37	5	True	True
29106	trop[bot]	2021-05-11 20:57:40	VerteDinde	2021-05-05 20:31:12	47	47	0	True	True
29106	trop[bot]	2021-05-11 20:57:40	VerteDinde	2021-05-05 05:08:11	75	22	53	True	True
29105	trop[bot]	2021-05-11 20:35:07	MarshallOfSound	2021-05-11 03:59:33	261	105	156	True	True
29104	erickzhao	2021-05-11 17:14:13	erickzhao	2021-05-11 16:42:27	360	174	186	True	True
29103	erickzhao	2021-05-11 17:08:28	erickzhao	2021-05-11 16:42:27	360	174	186	True	True
29101	CezaryKulakowski	2021-05-11 11:18:41	CezaryKulakowski	2021-05-11 13:17:15	50	50	0	False	True
29099	trop[bot]	2021-05-11 07:46:04	codebytere	2021-05-10 12:03:05	79	48	31	True	True
29097	miniak	2021-05-11 04:55:54	miniak	2021-05-11 04:51:46	65	31	34	True	True
29096	MarshallOfSound	2021-05-11 04:03:13	MarshallOfSound	2021-05-11 03:59:33	261	105	156	True	True
29095	MarshallOfSound	2021-05-10 23:40:49	MarshallOfSound	2021-05-10 23:37:54	51	51	0	True	True
29093	codebytere	2021-05-10 21:53:46	codebytere	2021-05-13 08:23:12	3	2	1	False	True
29093	codebytere	2021-05-10 21:53:46	codebytere	2021-05-12 22:12:00	32	16	16	False	True
29093	codebytere	2021-05-10 21:53:46	codebytere	2021-05-10 20:51:25	99	95	4	True	True
29093	codebytere	2021-05-10 21:53:46	codebytere	2021-05-11 14:06:34	18	13	5	False	True
29092	miniak	2021-05-10 20:10:05	miniak	2021-05-10 20:06:13	3	3	0	True	True
29087	miniak	2021-05-10 13:23:56	miniak	2021-05-10 12:19:23	343	177	166	True	True
29086	miniak	2021-05-10 13:23:45	miniak	2021-05-10 12:19:23	327	169	158	True	True
29084	codebytere	2021-05-10 12:15:04	codebytere	2021-05-10 12:03:05	79	48	31	True	True
29079		2021-05-10 08:13:24							False
29077	PalmerAL	2021-05-10 01:59:03	PalmerAL	2021-05-10 01:52:29	3	1	2	True	True
29077	PalmerAL	2021-05-10 01:59:03	PalmerAL	2021-05-10 01:54:38	3	1	2	True	True
29076	MarshallOfSound	2021-05-10 01:29:19	MarshallOfSound	2021-05-10 01:28:15	70	4	66	True	True
29076	MarshallOfSound	2021-05-10 01:29:19	MarshallOfSound	2021-05-10 23:43:48	584	318	266	False	True
29075	MarshallOfSound	2021-05-10 01:23:33	MarshallOfSound	2021-05-10 01:20:38	235	138	97	True	True
29073	OndreasCZ	2021-05-09 19:39:29	OndreasCZ	2021-05-09 19:25:37	2	1	1	True	True
29072	shatyuka	2021-05-09 17:14:26	shatyuka	2021-05-09 16:55:24	7	6	1	True	True
29071	shatyuka	2021-05-09 17:14:08	shatyuka	2021-05-09 16:42:06	7	6	1	True	True
29067	dependabot[bot]	2021-05-08 16:37:47	nornagon	2021-06-22 23:21:48	2	1	1	False	True
29067	dependabot[bot]	2021-05-08 16:37:47	nornagon	2021-06-22 23:22:04	2	1	1	False	True
29066		2021-05-08 16:36:32							False
29062	erickzhao	2021-05-07 23:03:52	erickzhao	2021-05-19 23:23:11	2	1	1	False	True
29062	erickzhao	2021-05-07 23:03:52	erickzhao	2021-04-30 16:40:22	45	21	24	True	True
29062	erickzhao	2021-05-07 23:03:52	erickzhao	2021-05-19 17:45:48	2	1	1	False	True
29062	erickzhao	2021-05-07 23:03:52	erickzhao	2021-05-19 17:45:56	2	1	1	False	True
29062	erickzhao	2021-05-07 23:03:52	erickzhao	2021-05-19 17:47:41	2	1	1	False	True
29062	erickzhao	2021-05-07 23:03:52	erickzhao	2021-05-19 17:48:22	2	1	1	False	True
29062	erickzhao	2021-05-07 23:03:52	erickzhao	2021-05-19 18:09:20	2	1	1	False	True
29062	erickzhao	2021-05-07 23:03:52	erickzhao	2021-05-19 17:21:30	2	1	1	False	True
29062	erickzhao	2021-05-07 23:03:52	erickzhao	2021-05-19 23:05:06	58	42	16	False	True
29062	erickzhao	2021-05-07 23:03:52	erickzhao	2021-05-19 23:21:51	2	1	1	False	True
29062	erickzhao	2021-05-07 23:03:52	erickzhao	2021-05-19 23:24:42	16	0	16	False	True
29062	erickzhao	2021-05-07 23:03:52	erickzhao	2021-05-19 23:24:59	2	1	1	False	True
29062	erickzhao	2021-05-07 23:03:52	erickzhao	2021-05-19 22:35:46	2	1	1	False	True
29062	erickzhao	2021-05-07 23:03:52	erickzhao	2021-05-19 16:52:47	2	1	1	False	True
29062	erickzhao	2021-05-07 23:03:52	erickzhao	2021-05-19 17:45:39	2	1	1	False	True
29062	erickzhao	2021-05-07 23:03:52	erickzhao	2021-04-26 23:34:33	38	38	0	True	True
29062	erickzhao	2021-05-07 23:03:52	erickzhao	2021-05-07 23:01:41	185	85	100	True	True
29062	erickzhao	2021-05-07 23:03:52	erickzhao	2021-05-12 20:34:07	0	0	0	False	True
29062	erickzhao	2021-05-07 23:03:52	erickzhao	2021-05-10 23:35:57	95	95	0	False	True
29062	erickzhao	2021-05-07 23:03:52	erickzhao	2021-05-17 17:34:54	9	4	5	False	True
29062	erickzhao	2021-05-07 23:03:52	erickzhao	2021-05-13 23:14:21	107	39	68	False	True
29062	erickzhao	2021-05-07 23:03:52	erickzhao	2021-04-28 16:39:34	2	2	0	True	True
29062	erickzhao	2021-05-07 23:03:52	erickzhao	2021-05-11 22:23:31	131	17	114	False	True
29062	erickzhao	2021-05-07 23:03:52	erickzhao	2021-05-13 21:30:55	232	232	0	False	True
29062	erickzhao	2021-05-07 23:03:52	erickzhao	2021-05-10 23:24:38	115	94	21	False	True
29062	erickzhao	2021-05-07 23:03:52	erickzhao	2021-05-19 17:22:08	2	1	1	False	True
29062	erickzhao	2021-05-07 23:03:52	erickzhao	2021-05-07 01:24:40	305	203	102	True	True
29062	erickzhao	2021-05-07 23:03:52	erickzhao	2021-05-04 23:00:32	58	39	19	True	True
29058	electron-bot	2021-05-07 13:00:24	jkleinsc	2021-05-12 20:35:10	1	0	1	False	True
29058	electron-bot	2021-05-07 13:00:24	jkleinsc	2021-05-13 00:25:36	1	1	0	False	True
29058	electron-bot	2021-05-07 13:00:24	jkleinsc	2021-05-12 02:08:20	1	1	0	False	True
29058	electron-bot	2021-05-07 13:00:24	jkleinsc	2021-05-12 01:47:40	37	37	0	False	True
29058	electron-bot	2021-05-07 13:00:24	jkleinsc	2021-05-13 19:08:07	118	59	59	False	True
29058	electron-bot	2021-05-07 13:00:24	jkleinsc	2021-05-13 01:06:29	32	20	12	False	True
29058	electron-bot	2021-05-07 13:00:24	jkleinsc	2021-05-12 21:33:02	12	2	10	False	True
29058	electron-bot	2021-05-07 13:00:24	jkleinsc	2021-05-12 00:38:52	4	2	2	False	True
29058	electron-bot	2021-05-07 13:00:24	jkleinsc	2021-05-12 20:24:27	1192	594	598	False	True
29058	electron-bot	2021-05-07 13:00:24	jkleinsc	2021-05-12 16:48:33	12	7	5	False	True
29058	electron-bot	2021-05-07 13:00:24	jkleinsc	2021-05-12 16:38:25	1	1	0	False	True
29058	electron-bot	2021-05-07 13:00:24	jkleinsc	2021-05-12 15:41:38	196	85	111	False	True
29058	electron-bot	2021-05-07 13:00:24	electron-bot	2021-05-12 13:00:21	2	1	1	False	True
29058	electron-bot	2021-05-07 13:00:24	jkleinsc	2021-05-12 02:08:38	5	3	2	False	True
29058	electron-bot	2021-05-07 13:00:24	jkleinsc	2021-05-12 01:53:06	31	30	1	False	True
29058	electron-bot	2021-05-07 13:00:24	electron-bot	2021-05-10 13:00:59	2	1	1	False	True
29058	electron-bot	2021-05-07 13:00:24	nornagon	2021-05-07 17:15:38	304	152	152	False	True
29058	electron-bot	2021-05-07 13:00:24	electron-bot	2021-05-13 13:18:09	118	59	59	False	True
29058	electron-bot	2021-05-07 13:00:24	nornagon	2021-05-07 20:53:43	30422	15214	15208	False	True
29058	electron-bot	2021-05-07 13:00:24	electron-bot	2021-05-08 13:00:42	2	1	1	False	True
29058	electron-bot	2021-05-07 13:00:24	electron-bot	2021-05-11 13:01:08	2	1	1	False	True
29058	electron-bot	2021-05-07 13:00:24	electron-bot	2021-05-11 13:18:09	156	78	78	False	True
29058	electron-bot	2021-05-07 13:00:24	electron-bot	2021-05-07 17:32:25	16	8	8	False	True
29058	electron-bot	2021-05-07 13:00:24	nornagon	2021-05-07 18:27:19	164919	164919	0	False	True
29058	electron-bot	2021-05-07 13:00:24	electron-bot	2021-05-07 13:00:23	2	1	1	True	True
29058	electron-bot	2021-05-07 13:00:24	electron-bot	2021-05-09 13:00:35	2	1	1	False	True
29058	electron-bot	2021-05-07 13:00:24	jkleinsc	2021-05-10 17:20:18	165331	203	165128	False	True
29058	electron-bot	2021-05-07 13:00:24	jkleinsc	2021-05-10 18:29:22	4	1	3	False	True
29058	electron-bot	2021-05-07 13:00:24	jkleinsc	2021-05-10 18:39:03	4	2	2	False	True
29053	miniak	2021-05-07 02:07:51	miniak	2021-05-07 01:45:18	343	177	166	True	True
29049	miniak	2021-05-06 15:45:12	miniak	2021-05-06 15:42:56	44	23	21	True	True
29048	trop[bot]	2021-05-06 15:04:44	indutny	2021-05-05 17:52:07	263	263	0	True	True
29047	trop[bot]	2021-05-06 15:04:41	indutny	2021-05-05 17:52:07	263	263	0	True	True
29046	electron-bot	2021-05-06 13:00:23	nornagon	2021-05-06 18:07:39	26	14	12	False	True
29046	electron-bot	2021-05-06 13:00:23	nornagon	2021-05-06 17:43:25	116	64	52	False	True
29046	electron-bot	2021-05-06 13:00:23	electron-bot	2021-05-06 13:00:22	2	1	1	True	True
29046	electron-bot	2021-05-06 13:00:23	electron-bot	2021-05-06 13:15:56	166	83	83	False	True
29045	electron-bot	2021-05-06 13:00:17	electron-bot	2021-05-06 13:00:17	2	1	1	True	True
29045	electron-bot	2021-05-06 13:00:17	electron-bot	2021-05-06 13:11:32	58	29	29	False	True
29043	trop[bot]	2021-05-06 08:19:43	matthijsgroen	2021-05-04 16:13:20	3	2	1	True	True
29043	trop[bot]	2021-05-06 08:19:43	matthijsgroen	2021-05-04 09:19:39	8	4	4	True	True
29043	trop[bot]	2021-05-06 08:19:43	matthijsgroen	2021-05-04 07:05:35	7	7	0	True	True
29043	trop[bot]	2021-05-06 08:19:43	matthijsgroen	2021-05-02 06:18:31	8	8	0	True	True
29042	trop[bot]	2021-05-06 08:19:40	matthijsgroen	2021-05-04 16:13:20	3	2	1	True	True
29042	trop[bot]	2021-05-06 08:19:40	matthijsgroen	2021-05-04 09:19:39	8	4	4	True	True
29042	trop[bot]	2021-05-06 08:19:40	matthijsgroen	2021-05-04 07:05:35	7	7	0	True	True
29042	trop[bot]	2021-05-06 08:19:40	matthijsgroen	2021-05-02 06:18:31	8	8	0	True	True
29039	miniak	2021-05-06 03:39:34	miniak	2021-05-06 03:37:48	22	4	18	True	True
29037	miniak	2021-05-06 02:29:51	miniak	2021-05-13 19:19:13	59	27	32	False	True
29037	miniak	2021-05-06 02:29:51	miniak	2021-05-13 20:30:40	4	4	0	False	True
29037	miniak	2021-05-06 02:29:51	miniak	2021-05-05 21:44:33	471	236	235	True	True
29037	miniak	2021-05-06 02:29:51	miniak	2021-05-12 22:16:05	36	21	15	False	True
29036	trop[bot]	2021-05-06 01:05:10	MarshallOfSound	2021-05-05 18:25:44	14	12	2	True	True
29035	trop[bot]	2021-05-06 01:05:05	MarshallOfSound	2021-05-05 18:25:44	14	12	2	True	True
29034	trop[bot]	2021-05-06 01:05:02	MarshallOfSound	2021-05-05 18:25:44	14	12	2	True	True
29032	miniak	2021-05-05 22:48:02	miniak	2021-05-05 22:46:08	46	21	25	True	True
29031	miniak	2021-05-05 22:27:30	miniak	2021-05-05 22:24:33	8	1	7	True	True
29029	erickzhao	2021-05-05 20:32:22	erickzhao	2021-05-04 23:24:42	12	7	5	True	True
29029	erickzhao	2021-05-05 20:32:22	erickzhao	2021-05-17 17:24:02	4	2	2	False	True
29029	erickzhao	2021-05-05 20:32:22	erickzhao	2021-05-05 20:58:51	4	2	2	False	True
29029	erickzhao	2021-05-05 20:32:22	erickzhao	2021-05-05 20:11:51	91	52	39	True	True
29029	erickzhao	2021-05-05 20:32:22	erickzhao	2021-05-17 17:23:02	16	13	3	False	True
29027	miniak	2021-05-05 18:40:30	miniak	2021-05-05 18:31:44	27	26	1	True	True
29026	miniak	2021-05-05 18:37:31	miniak	2021-05-05 18:31:44	27	26	1	True	True
29025	trop[bot]	2021-05-05 18:32:51	miniak	2021-05-04 23:39:33	24	23	1	True	True
29024	trop[bot]	2021-05-05 18:32:48	miniak	2021-05-04 23:39:33	24	23	1	True	True
29023	nornagon	2021-05-05 18:32:23	nornagon	2021-05-05 18:31:35	2	1	1	True	True
29023	nornagon	2021-05-05 18:32:23	nornagon	2021-05-12 21:09:23	4	2	2	False	True
29022	MarshallOfSound	2021-05-05 18:27:22	MarshallOfSound	2021-05-05 18:25:44	14	12	2	True	True
29021	indutny	2021-05-05 17:58:10	indutny	2021-05-05 17:52:07	263	263	0	True	True
29019	trop[bot]	2021-05-05 16:39:21	codebytere	2021-05-04 08:09:13	4	1	3	True	True
29018	trop[bot]	2021-05-05 16:39:13	codebytere	2021-05-04 08:09:13	4	1	3	True	True
29017	trop[bot]	2021-05-05 16:39:09	codebytere	2021-05-04 08:09:13	4	1	3	True	True
29011	codebytere	2021-05-05 08:59:01	codebytere	2021-05-05 10:02:14	14	7	7	False	True
29011	codebytere	2021-05-05 08:59:01	codebytere	2021-05-05 08:56:53	227	85	142	True	True
29010	trop[bot]	2021-05-05 07:13:01	hamstu	2021-04-29 21:51:44	2	1	1	True	True
29010	trop[bot]	2021-05-05 07:13:01	hamstu	2021-05-02 15:34:27	2	1	1	True	True
29009	trop[bot]	2021-05-05 07:12:58	hamstu	2021-04-29 21:51:44	2	1	1	True	True
29009	trop[bot]	2021-05-05 07:12:58	hamstu	2021-05-02 15:34:27	2	1	1	True	True
29008	trop[bot]	2021-05-05 07:12:55	hamstu	2021-04-29 21:51:44	2	1	1	True	True
29008	trop[bot]	2021-05-05 07:12:55	hamstu	2021-05-02 15:34:27	2	1	1	True	True
29006	miniak	2021-05-05 03:20:28	miniak	2021-05-05 18:28:53	20	7	13	False	True
29006	miniak	2021-05-05 03:20:28	miniak	2021-05-05 03:02:24	101	62	39	True	True
29006	miniak	2021-05-05 03:20:28	miniak	2021-05-05 19:16:33	7	0	7	False	True
29005	MarshallOfSound	2021-05-05 02:42:26	MarshallOfSound	2021-05-05 02:39:42	125	1	124	True	True
29004	miniak	2021-05-04 23:41:19	miniak	2021-05-04 23:39:33	24	23	1	True	True
29003	MarshallOfSound	2021-05-04 22:38:49	MarshallOfSound	2021-05-04 22:35:15	35	0	35	True	True
29002	MarshallOfSound	2021-05-04 22:24:29	MarshallOfSound	2021-05-04 22:23:44	36	10	26	True	True
29001	miniak	2021-05-04 21:21:31	miniak	2021-05-04 23:25:11	6	3	3	False	True
29001	miniak	2021-05-04 21:21:31	miniak	2021-05-04 21:14:58	33	11	22	True	True
29000	trop[bot]	2021-05-04 21:13:21	miniak	2021-05-04 02:12:20	22	11	11	True	True
28999	trop[bot]	2021-05-04 21:13:18	miniak	2021-05-04 02:12:20	22	11	11	True	True
28998	VerteDinde	2021-05-04 20:33:57	VerteDinde	2021-05-04 20:31:39	2	1	1	True	True
28996	trop[bot]	2021-05-04 16:45:59	jkleinsc	2021-04-28 15:52:17	2	1	1	True	True
28995	trop[bot]	2021-05-04 16:44:17	codebytere	2021-04-21 19:04:38	3	2	1	True	True
28995	trop[bot]	2021-05-04 16:44:17	codebytere	2021-04-21 18:38:38	42	4	38	True	True
28991	electron-bot	2021-05-04 13:00:49	nornagon	2021-05-04 22:15:45	26	26	0	False	True
28991	electron-bot	2021-05-04 13:00:49	electron-bot	2021-05-04 13:00:49	2	1	1	True	True
28991	electron-bot	2021-05-04 13:00:49	nornagon	2021-05-04 17:16:49	98	37	61	False	True
28991	electron-bot	2021-05-04 13:00:49	nornagon	2021-05-04 21:59:42	2	1	1	False	True
28991	electron-bot	2021-05-04 13:00:49	nornagon	2021-05-05 19:40:21	2	1	1	False	True
28991	electron-bot	2021-05-04 13:00:49	nornagon	2021-05-04 21:22:00	2	1	1	False	True
28991	electron-bot	2021-05-04 13:00:49	nornagon	2021-05-05 19:10:26	22	1	21	False	True
28991	electron-bot	2021-05-04 13:00:49	electron-bot	2021-05-05 13:00:36	2	1	1	False	True
28991	electron-bot	2021-05-04 13:00:49	nornagon	2021-05-05 18:00:10	114	43	71	False	True
28991	electron-bot	2021-05-04 13:00:49	electron-bot	2021-05-05 18:16:41	10	5	5	False	True
28989	trop[bot]	2021-05-04 10:13:14	codebytere	2021-05-03 09:32:31	24	18	6	True	True
28988	trop[bot]	2021-05-04 10:13:11	codebytere	2021-05-03 09:32:31	24	18	6	True	True
28986	trop[bot]	2021-05-04 08:17:59	erickzhao	2021-05-04 00:20:26	2	1	1	True	True
28986	trop[bot]	2021-05-04 08:17:59	erickzhao	2021-04-29 23:19:43	29	13	16	True	True
28985	trop[bot]	2021-05-04 08:17:53	erickzhao	2021-04-29 23:19:43	29	13	16	True	True
28985	trop[bot]	2021-05-04 08:17:53	erickzhao	2021-05-04 00:20:26	2	1	1	True	True
28984	codebytere	2021-05-04 08:15:02	codebytere	2021-05-04 08:09:13	4	1	3	True	True
28983	MarshallOfSound	2021-05-04 03:03:34	MarshallOfSound	2021-05-04 03:02:02	102	10	92	True	True
28982	miniak	2021-05-04 02:32:26	miniak	2021-05-04 02:30:41	19	2	17	True	True
28980	miniak	2021-05-04 02:22:32	miniak	2021-05-04 02:12:20	22	11	11	True	True
28979	miniak	2021-05-04 01:07:57	miniak	2021-05-04 01:03:33	49	4	45	True	True
28978	erickzhao	2021-05-03 23:51:18	erickzhao	2021-05-04 19:46:31	6	4	2	False	True
28978	erickzhao	2021-05-03 23:51:18	erickzhao	2021-05-04 23:48:19	8	8	0	False	True
28978	erickzhao	2021-05-03 23:51:18	erickzhao	2021-05-04 20:27:51	9	9	0	False	True
28978	erickzhao	2021-05-03 23:51:18	erickzhao	2021-05-04 23:50:48	20	10	10	False	True
28978	erickzhao	2021-05-03 23:51:18	erickzhao	2021-05-04 19:35:33	36	25	11	False	True
28978	erickzhao	2021-05-03 23:51:18	erickzhao	2021-05-04 19:20:00	6	3	3	False	True
28978	erickzhao	2021-05-03 23:51:18	erickzhao	2021-05-04 20:05:37	11	6	5	False	True
28978	erickzhao	2021-05-03 23:51:18	erickzhao	2021-05-04 18:00:01	9	4	5	False	True
28978	erickzhao	2021-05-03 23:51:18	erickzhao	2021-05-04 19:19:37	2	1	1	False	True
28978	erickzhao	2021-05-03 23:51:18	erickzhao	2021-05-04 16:17:56	4	2	2	False	True
28978	erickzhao	2021-05-03 23:51:18	erickzhao	2021-05-04 17:57:57	3	1	2	False	True
28978	erickzhao	2021-05-03 23:51:18	erickzhao	2021-05-04 15:22:01	2	1	1	False	True
28978	erickzhao	2021-05-03 23:51:18	erickzhao	2021-05-04 05:11:11	2	1	1	False	True
28978	erickzhao	2021-05-03 23:51:18	erickzhao	2021-05-04 05:07:02	5	2	3	False	True
28978	erickzhao	2021-05-03 23:51:18	erickzhao	2021-05-03 23:51:43	1	1	0	False	True
28978	erickzhao	2021-05-03 23:51:18	erickzhao	2021-05-03 23:38:32	4	2	2	True	True
28978	erickzhao	2021-05-03 23:51:18	erickzhao	2021-05-03 23:35:57	327	141	186	True	True
28978	erickzhao	2021-05-03 23:51:18	erickzhao	2021-05-04 17:36:54	2	1	1	False	True
28977	MarshallOfSound	2021-05-03 23:03:00	jkleinsc	2020-11-16 19:23:23	142	31	111	True	True
28976	MarshallOfSound	2021-05-03 23:00:07	jkleinsc	2020-11-16 19:23:23	155	36	119	True	True
28974	trop[bot]	2021-05-03 21:36:51	indutny	2021-05-01 21:18:00	7	5	2	True	True
28974	trop[bot]	2021-05-03 21:36:51	indutny	2021-05-03 16:22:42	4	4	0	True	True
28973	trop[bot]	2021-05-03 21:36:48	indutny	2021-05-01 21:18:00	7	5	2	True	True
28973	trop[bot]	2021-05-03 21:36:48	indutny	2021-05-03 16:22:42	4	4	0	True	True
28972	trop[bot]	2021-05-03 21:36:40	indutny	2021-05-01 21:18:00	7	5	2	True	True
28972	trop[bot]	2021-05-03 21:36:40	indutny	2021-05-03 16:22:42	4	4	0	True	True
28971	VerteDinde	2021-05-03 21:15:10	VerteDinde	2021-05-04 18:38:23	24	20	4	False	True
28971	VerteDinde	2021-05-03 21:15:10	VerteDinde	2021-05-07 17:40:05	64	21	43	False	True
28971	VerteDinde	2021-05-03 21:15:10	VerteDinde	2021-05-05 05:08:11	75	22	53	False	True
28971	VerteDinde	2021-05-03 21:15:10	VerteDinde	2021-05-06 19:24:06	74	44	30	False	True
28971	VerteDinde	2021-05-03 21:15:10	VerteDinde	2021-05-05 20:31:12	47	47	0	False	True
28971	VerteDinde	2021-05-03 21:15:10	VerteDinde	2021-05-05 20:31:05	45	26	19	False	True
28971	VerteDinde	2021-05-03 21:15:10	VerteDinde	2021-05-05 20:44:23	44	4	40	False	True
28971	VerteDinde	2021-05-03 21:15:10	VerteDinde	2021-04-30 01:01:43	42	37	5	True	True
28970	trop[bot]	2021-05-03 16:14:17	miniak	2021-04-28 13:37:25	6	2	4	True	True
28969	trop[bot]	2021-05-03 14:26:46	erickzhao	2021-04-30 00:59:54	8	0	8	True	True
28969	trop[bot]	2021-05-03 14:26:46	erickzhao	2021-04-30 17:00:46	14	14	0	True	True
28968	trop[bot]	2021-05-03 14:26:41	erickzhao	2021-04-30 00:59:54	8	0	8	True	True
28968	trop[bot]	2021-05-03 14:26:41	erickzhao	2021-04-30 17:00:46	14	14	0	True	True
28967	codebytere	2021-05-03 10:10:01	codebytere	2021-05-03 09:32:31	24	18	6	True	True
28958	matthijsgroen	2021-05-02 06:21:11	matthijsgroen	2021-05-04 16:13:20	3	2	1	False	True
28958	matthijsgroen	2021-05-02 06:21:11	matthijsgroen	2021-05-02 06:18:31	8	8	0	True	True
28958	matthijsgroen	2021-05-02 06:21:11	matthijsgroen	2021-05-04 07:05:35	7	7	0	False	True
28958	matthijsgroen	2021-05-02 06:21:11	matthijsgroen	2021-05-04 09:19:39	8	4	4	False	True
28957	indutny	2021-05-01 21:32:23	indutny	2021-05-01 21:18:00	7	5	2	True	True
28957	indutny	2021-05-01 21:32:23	indutny	2021-05-03 16:22:42	4	4	0	False	True
