pr_number	author_user_login	pr_created_at	comment_user_login	comment_created_at	is_review_issue_comment
3509	bengotow	2015-11-19 08:41:35	sergeysova	2015-11-19 09:17:17	True
3509	bengotow	2015-11-19 08:41:35	zcbenz	2015-11-20 05:01:54	True
3499	fscherwi	2015-11-18 21:13:50	zcbenz	2015-11-19 02:59:12	True
3483	preco21	2015-11-18 00:36:22	zcbenz	2015-11-18 10:11:35	True
3454	brenca	2015-11-16 03:59:10	zcbenz	2015-11-16 14:13:06	True
3412	skhameneh	2015-11-12 09:52:51	etiktin	2015-11-12 16:47:37	True
3412	skhameneh	2015-11-12 09:52:51	zcbenz	2015-11-13 04:10:54	True
3344	deepak1556	2015-11-05 15:29:54	zcbenz	2015-11-17 10:53:32	True
3344	deepak1556	2015-11-05 15:29:54	zcbenz	2015-11-09 13:32:24	True
3344	deepak1556	2015-11-05 15:29:54	zcbenz	2015-11-09 09:53:43	True
3344	deepak1556	2015-11-05 15:29:54	zcbenz	2015-11-09 04:11:47	True
3337	tylergibson	2015-11-04 21:53:36	zcbenz	2015-11-05 12:43:41	True
3313	kevinsimper	2015-11-03 15:11:40	zcbenz	2015-11-05 02:12:01	True
3308	ReadmeCritic	2015-11-03 05:16:14	zcbenz	2015-11-04 02:08:11	True
