pr_number	author_user_login	pr_created_at	comment_user_login	comment_created_at	is_review_issue_comment
3912	tylergibson	2015-12-24 03:58:14	zcbenz	2015-12-24 07:32:06	True
3902	bengotow	2015-12-23 00:06:05	zcbenz	2016-01-21 22:41:47	True
3902	bengotow	2015-12-23 00:06:05	zcbenz	2016-01-21 23:46:48	True
3902	bengotow	2015-12-23 00:06:05	etiktin	2015-12-24 02:14:08	True
3900	bbondy	2015-12-22 22:31:51	zcbenz	2015-12-23 08:09:54	True
3890	jaanus	2015-12-21 18:58:11	zcbenz	2015-12-23 03:26:04	True
3865	deepak1556	2015-12-18 22:58:50	zcbenz	2015-12-22 11:04:19	True
3865	deepak1556	2015-12-18 22:58:50	zcbenz	2015-12-22 11:04:14	True
3865	deepak1556	2015-12-18 22:58:50	anaisbetts	2015-12-19 03:29:48	True
3865	deepak1556	2015-12-18 22:58:50	zcbenz	2015-12-21 07:40:58	True
3855	deepak1556	2015-12-17 21:28:30	zcbenz	2015-12-21 12:37:36	True
3855	deepak1556	2015-12-17 21:28:30	zcbenz	2015-12-22 11:01:35	True
3830	clebeaupin	2015-12-16 10:10:05	zcbenz	2015-12-30 04:46:38	True
3758	seanballais	2015-12-10 11:52:05	xywz	2015-12-10 16:49:33	True
3758	seanballais	2015-12-10 11:52:05	zcbenz	2015-12-14 10:18:15	True
3758	seanballais	2015-12-10 11:52:05	zcbenz	2015-12-11 03:12:11	True
3733	deepak1556	2015-12-08 19:26:54	zcbenz	2015-12-10 11:29:48	True
3697	kevinmartin	2015-12-04 20:58:54	zcbenz	2015-12-29 05:30:42	True
3697	kevinmartin	2015-12-04 20:58:54	zcbenz	2015-12-10 05:57:03	True
3697	kevinmartin	2015-12-04 20:58:54	sindresorhus	2016-01-14 00:32:01	True
3697	kevinmartin	2015-12-04 20:58:54	zcbenz	2016-01-26 08:39:24	True
3697	kevinmartin	2015-12-04 20:58:54	zcbenz	2015-12-17 08:37:44	True
3697	kevinmartin	2015-12-04 20:58:54	sindresorhus	2015-12-21 11:33:44	True
3697	kevinmartin	2015-12-04 20:58:54	sindresorhus	2015-12-16 10:43:04	True
3697	kevinmartin	2015-12-04 20:58:54	anaisbetts	2015-12-16 04:04:18	True
3697	kevinmartin	2015-12-04 20:58:54	zcbenz	2015-12-09 03:36:35	True
3640	deepak1556	2015-12-01 05:29:12	christoth	2015-12-08 14:28:58	True
3640	deepak1556	2015-12-01 05:29:12	zcbenz	2015-12-11 08:55:52	True
3640	deepak1556	2015-12-01 05:29:12	steelbrain	2015-12-06 03:14:07	True
