pr_number	author_user_login	pr_created_at	review_user_login	review_created_at	filename	create_before_pr	has_issue_comment	has_review_comment	has_commit
9903	miniak	2017-06-30 14:05:59	kevinsawicki	2017-06-30 17:06:14	brightray/browser/mac/cocoa_notification.mm	True	False	False	True
9903	miniak	2017-06-30 14:05:59	kevinsawicki	2017-06-30 17:06:14	atom/browser/api/atom_api_notification.h	True	False	False	True
9903	miniak	2017-06-30 14:05:59	kevinsawicki	2017-06-30 17:06:14	atom/browser/api/atom_api_notification.cc	True	False	False	True
9903	miniak	2017-06-30 14:05:59	kevinsawicki	2017-06-30 17:06:14	brightray/browser/notification.h	True	False	False	True
9903	miniak	2017-06-30 14:05:59	kevinsawicki	2017-06-30 17:06:14	docs/api/notification.md	True	False	False	True
9896	ferreus	2017-06-29 13:24:29	zcbenz	2017-09-12 06:02:38	atom/common/api/atom_api_clipboard.cc	False	True	False	True
9896	ferreus	2017-06-29 13:24:29	zcbenz	2017-09-12 06:02:38	atom/common/api/atom_api_clipboard.cc	True	True	False	True
9869	rafaelnobrepd	2017-06-26 19:50:40	zeke	2017-07-27 18:56:57	atom/browser/mac/atom_application_delegate.mm	False	True	True	True
9869	rafaelnobrepd	2017-06-26 19:50:40	zeke	2017-07-27 18:56:57	atom/browser/browser_observer.h	False	True	True	True
9869	rafaelnobrepd	2017-06-26 19:50:40	zeke	2017-07-27 18:56:57	docs/api/app.md	True	True	True	True
9869	rafaelnobrepd	2017-06-26 19:50:40	zeke	2017-07-27 18:56:57	atom/browser/api/atom_api_app.cc	False	True	True	True
9869	rafaelnobrepd	2017-06-26 19:50:40	zeke	2017-07-27 18:56:57	atom/browser/browser_mac.mm	False	True	True	True
9869	rafaelnobrepd	2017-06-26 19:50:40	zeke	2017-07-27 18:56:57	atom/browser/mac/atom_application.h	False	True	True	True
9869	rafaelnobrepd	2017-06-26 19:50:40	zeke	2017-07-27 18:56:57	atom/browser/mac/atom_application.mm	False	True	True	True
9869	rafaelnobrepd	2017-06-26 19:50:40	zeke	2017-07-27 18:56:57	docs/api/app.md	False	True	True	True
9869	rafaelnobrepd	2017-06-26 19:50:40	zeke	2017-07-27 18:56:57	atom/browser/api/atom_api_app.h	False	True	True	True
9869	rafaelnobrepd	2017-06-26 19:50:40	zeke	2017-07-27 18:56:57	atom/browser/browser.h	False	True	True	True
9869	rafaelnobrepd	2017-06-26 19:50:40	zeke	2017-07-27 18:56:57	atom/browser/api/atom_api_app.cc	True	True	True	True
9869	rafaelnobrepd	2017-06-26 19:50:40	zeke	2017-07-27 18:56:57	atom/browser/api/atom_api_app.h	True	True	True	True
9869	rafaelnobrepd	2017-06-26 19:50:40	zeke	2017-07-27 18:56:57	atom/browser/browser.h	True	True	True	True
9869	rafaelnobrepd	2017-06-26 19:50:40	zeke	2017-07-27 18:56:57	atom/browser/browser_mac.mm	True	True	True	True
9869	rafaelnobrepd	2017-06-26 19:50:40	zeke	2017-07-27 18:56:57	atom/browser/browser_observer.h	True	True	True	True
9869	rafaelnobrepd	2017-06-26 19:50:40	zeke	2017-07-27 18:56:57	atom/browser/mac/atom_application.h	True	True	True	True
9869	rafaelnobrepd	2017-06-26 19:50:40	zeke	2017-07-27 18:56:57	atom/browser/mac/atom_application.mm	True	True	True	True
9869	rafaelnobrepd	2017-06-26 19:50:40	zeke	2017-07-27 18:56:57	atom/browser/mac/atom_application_delegate.mm	True	True	True	True
9857	alexeykuzmin	2017-06-26 09:16:12	zcbenz	2017-06-28 12:39:37	electron.gyp	True	True	True	True
9857	alexeykuzmin	2017-06-26 09:16:12	zcbenz	2017-06-28 12:39:37	script/update.py	False	True	True	True
9857	alexeykuzmin	2017-06-26 09:16:12	zcbenz	2017-06-28 12:39:37	spec/api-browser-window-spec.js	True	True	True	True
9857	alexeykuzmin	2017-06-26 09:16:12	zcbenz	2017-06-28 12:39:37	filenames.gypi	True	True	True	True
9857	alexeykuzmin	2017-06-26 09:16:12	zcbenz	2017-06-28 12:39:37	features.gypi	True	True	True	True
9857	alexeykuzmin	2017-06-26 09:16:12	zcbenz	2017-06-28 12:39:37	atom/browser/api/atom_api_web_contents.cc	True	True	True	True
9857	alexeykuzmin	2017-06-26 09:16:12	zcbenz	2017-06-28 12:39:37	atom/browser/ui/views/autofill_popup_view.h	True	True	True	True
9857	alexeykuzmin	2017-06-26 09:16:12	zcbenz	2017-06-28 12:39:37	atom/browser/ui/views/autofill_popup_view.cc	True	True	True	True
9857	alexeykuzmin	2017-06-26 09:16:12	zcbenz	2017-06-28 12:39:37	atom/browser/ui/autofill_popup.cc	True	True	True	True
9857	alexeykuzmin	2017-06-26 09:16:12	zcbenz	2017-06-28 06:05:29	atom/browser/api/atom_api_web_contents.cc	True	True	True	True
9857	alexeykuzmin	2017-06-26 09:16:12	zcbenz	2017-06-28 12:39:37	spec/api-browser-window-spec.js	False	True	True	True
9857	alexeykuzmin	2017-06-26 09:16:12	zcbenz	2017-06-28 06:05:29	script/update.py	False	True	True	True
9857	alexeykuzmin	2017-06-26 09:16:12	zcbenz	2017-06-28 06:05:29	atom/browser/api/atom_api_window.cc	True	True	True	True
9857	alexeykuzmin	2017-06-26 09:16:12	zcbenz	2017-06-28 06:05:29	atom/browser/ui/autofill_popup.cc	True	True	True	True
9857	alexeykuzmin	2017-06-26 09:16:12	zcbenz	2017-06-28 06:05:29	atom/browser/ui/views/autofill_popup_view.cc	True	True	True	True
9857	alexeykuzmin	2017-06-26 09:16:12	zcbenz	2017-06-28 06:05:29	atom/browser/ui/views/autofill_popup_view.h	True	True	True	True
9857	alexeykuzmin	2017-06-26 09:16:12	zcbenz	2017-06-28 06:05:29	electron.gyp	True	True	True	True
9857	alexeykuzmin	2017-06-26 09:16:12	zcbenz	2017-06-28 06:05:29	features.gypi	True	True	True	True
9857	alexeykuzmin	2017-06-26 09:16:12	zcbenz	2017-06-28 06:05:29	filenames.gypi	True	True	True	True
9857	alexeykuzmin	2017-06-26 09:16:12	zcbenz	2017-06-28 06:05:29	spec/api-browser-window-spec.js	True	True	True	True
9857	alexeykuzmin	2017-06-26 09:16:12	zcbenz	2017-06-28 06:05:29	spec/api-browser-window-spec.js	False	True	True	True
9857	alexeykuzmin	2017-06-26 09:16:12	zcbenz	2017-06-28 12:39:37	atom/browser/api/atom_api_window.cc	True	True	True	True
9853	zeke	2017-06-26 00:37:57	poiru	2017-06-26 02:03:31	docs/tutorial/keyboard-shortcuts.md	True	False	False	True
9847	timfish	2017-06-25 08:44:02	MarshallOfSound	2017-06-25 08:46:57	docs/api/webview-tag.md	False	True	False	True
9847	timfish	2017-06-25 08:44:02	MarshallOfSound	2017-06-25 08:46:57	docs/api/web-contents.md	True	True	False	True
9847	timfish	2017-06-25 08:44:02	cifratila	2017-06-26 07:53:39	docs/api/webview-tag.md	False	True	False	True
9847	timfish	2017-06-25 08:44:02	cifratila	2017-06-26 07:53:39	docs/api/web-contents.md	True	True	False	True
9837	MarshallOfSound	2017-06-23 13:42:23	zcbenz	2017-06-28 12:36:12	brightray/browser/platform_notification_service.cc	False	True	True	True
9837	MarshallOfSound	2017-06-23 13:42:23	zcbenz	2017-06-28 12:36:12	brightray/browser/linux/libnotify_notification.cc	False	True	True	True
9837	MarshallOfSound	2017-06-23 13:42:23	zcbenz	2017-06-28 12:36:12	brightray/browser/linux/libnotify_notification.h	False	True	True	True
9837	MarshallOfSound	2017-06-23 13:42:23	zcbenz	2017-06-28 12:36:12	brightray/browser/mac/cocoa_notification.h	False	True	True	True
9837	MarshallOfSound	2017-06-23 13:42:23	zcbenz	2017-06-28 12:36:12	brightray/browser/mac/cocoa_notification.mm	False	True	True	True
9837	MarshallOfSound	2017-06-23 13:42:23	zcbenz	2017-06-28 12:36:12	brightray/browser/notification.h	False	True	True	True
9837	MarshallOfSound	2017-06-23 13:42:23	zcbenz	2017-06-28 12:36:12	brightray/browser/mac/cocoa_notification.h	True	True	True	True
9837	MarshallOfSound	2017-06-23 13:42:23	zcbenz	2017-06-28 12:36:12	brightray/browser/win/win32_notification.cc	False	True	True	True
9837	MarshallOfSound	2017-06-23 13:42:23	zcbenz	2017-06-28 12:36:12	docs/api/structures/notification-action.md	True	True	True	True
9837	MarshallOfSound	2017-06-23 13:42:23	zcbenz	2017-06-28 12:36:12	brightray/browser/win/win32_notification.h	False	True	True	True
9837	MarshallOfSound	2017-06-23 13:42:23	zcbenz	2017-06-28 12:36:12	brightray/browser/win/windows_toast_notification.cc	False	True	True	True
9837	MarshallOfSound	2017-06-23 13:42:23	zcbenz	2017-06-28 12:36:12	brightray/browser/win/windows_toast_notification.h	False	True	True	True
9837	MarshallOfSound	2017-06-23 13:42:23	zcbenz	2017-06-28 12:36:12	docs/api/structures/notification-action.md	False	True	True	True
9837	MarshallOfSound	2017-06-23 13:42:23	zcbenz	2017-06-28 12:36:12	atom/browser/api/atom_api_notification.cc	False	True	True	True
9837	MarshallOfSound	2017-06-23 13:42:23	zcbenz	2017-06-28 12:36:12	brightray/browser/win/win32_notification.h	True	True	True	True
9837	MarshallOfSound	2017-06-23 13:42:23	zcbenz	2017-06-28 12:36:12	docs/api/notification.md	True	True	True	True
9837	MarshallOfSound	2017-06-23 13:42:23	zcbenz	2017-06-28 12:36:12	brightray/browser/win/windows_toast_notification.cc	True	True	True	True
9837	MarshallOfSound	2017-06-23 13:42:23	zcbenz	2017-06-28 06:54:44	atom/browser/api/atom_api_notification.cc	True	True	True	True
9837	MarshallOfSound	2017-06-23 13:42:23	zcbenz	2017-06-28 12:36:12	brightray/browser/win/win32_notification.cc	True	True	True	True
9837	MarshallOfSound	2017-06-23 13:42:23	zcbenz	2017-06-28 12:36:12	brightray/browser/platform_notification_service.cc	True	True	True	True
9837	MarshallOfSound	2017-06-23 13:42:23	zcbenz	2017-06-28 12:36:12	brightray/browser/notification_delegate.h	True	True	True	True
9837	MarshallOfSound	2017-06-23 13:42:23	zcbenz	2017-06-28 12:36:12	brightray/browser/notification.h	True	True	True	True
9837	MarshallOfSound	2017-06-23 13:42:23	zcbenz	2017-06-28 12:36:12	brightray/browser/mac/notification_center_delegate.mm	True	True	True	True
9837	MarshallOfSound	2017-06-23 13:42:23	zcbenz	2017-06-28 12:36:12	brightray/browser/mac/cocoa_notification.mm	True	True	True	True
9837	MarshallOfSound	2017-06-23 13:42:23	zcbenz	2017-06-28 12:36:12	brightray/browser/linux/libnotify_notification.h	True	True	True	True
9837	MarshallOfSound	2017-06-23 13:42:23	zcbenz	2017-06-28 12:36:12	brightray/browser/linux/libnotify_notification.cc	True	True	True	True
9837	MarshallOfSound	2017-06-23 13:42:23	zcbenz	2017-06-28 12:36:12	atom/browser/api/atom_api_notification.h	True	True	True	True
9837	MarshallOfSound	2017-06-23 13:42:23	zcbenz	2017-06-28 12:36:12	atom/browser/api/atom_api_notification.cc	True	True	True	True
9837	MarshallOfSound	2017-06-23 13:42:23	zcbenz	2017-06-28 12:36:12	atom/browser/api/atom_api_notification.h	False	True	True	True
9837	MarshallOfSound	2017-06-23 13:42:23	zcbenz	2017-06-28 12:36:12	brightray/browser/win/windows_toast_notification.h	True	True	True	True
9837	MarshallOfSound	2017-06-23 13:42:23	zcbenz	2017-06-28 06:54:44	atom/browser/api/atom_api_notification.h	True	True	True	True
9837	MarshallOfSound	2017-06-23 13:42:23	zcbenz	2017-06-28 06:54:44	atom/browser/api/atom_api_notification.cc	False	True	True	True
9837	MarshallOfSound	2017-06-23 13:42:23	zcbenz	2017-06-28 06:54:44	atom/browser/api/atom_api_notification.h	False	True	True	True
9837	MarshallOfSound	2017-06-23 13:42:23	zcbenz	2017-06-28 06:54:44	docs/api/structures/notification-action.md	False	True	True	True
9837	MarshallOfSound	2017-06-23 13:42:23	zcbenz	2017-06-28 06:54:44	brightray/browser/win/windows_toast_notification.h	False	True	True	True
9837	MarshallOfSound	2017-06-23 13:42:23	zcbenz	2017-06-28 06:54:44	brightray/browser/win/windows_toast_notification.cc	False	True	True	True
9837	MarshallOfSound	2017-06-23 13:42:23	zcbenz	2017-06-28 06:54:44	brightray/browser/win/win32_notification.h	False	True	True	True
9837	MarshallOfSound	2017-06-23 13:42:23	zcbenz	2017-06-28 06:54:44	brightray/browser/win/win32_notification.cc	False	True	True	True
9837	MarshallOfSound	2017-06-23 13:42:23	zcbenz	2017-06-28 06:54:44	brightray/browser/platform_notification_service.cc	False	True	True	True
9837	MarshallOfSound	2017-06-23 13:42:23	zcbenz	2017-06-28 06:54:44	brightray/browser/notification.h	False	True	True	True
9837	MarshallOfSound	2017-06-23 13:42:23	zcbenz	2017-06-28 06:54:44	brightray/browser/mac/cocoa_notification.mm	False	True	True	True
9837	MarshallOfSound	2017-06-23 13:42:23	zcbenz	2017-06-28 06:54:44	brightray/browser/mac/cocoa_notification.h	False	True	True	True
9837	MarshallOfSound	2017-06-23 13:42:23	zcbenz	2017-06-28 06:54:44	brightray/browser/linux/libnotify_notification.h	False	True	True	True
9837	MarshallOfSound	2017-06-23 13:42:23	zcbenz	2017-06-28 06:54:44	brightray/browser/linux/libnotify_notification.cc	False	True	True	True
9837	MarshallOfSound	2017-06-23 13:42:23	zcbenz	2017-06-28 06:54:44	brightray/browser/linux/libnotify_notification.cc	True	True	True	True
9837	MarshallOfSound	2017-06-23 13:42:23	zcbenz	2017-06-28 06:54:44	docs/api/structures/notification-action.md	True	True	True	True
9837	MarshallOfSound	2017-06-23 13:42:23	zcbenz	2017-06-28 06:54:44	docs/api/notification.md	True	True	True	True
9837	MarshallOfSound	2017-06-23 13:42:23	zcbenz	2017-06-28 06:54:44	brightray/browser/win/windows_toast_notification.h	True	True	True	True
9837	MarshallOfSound	2017-06-23 13:42:23	zcbenz	2017-06-28 06:54:44	brightray/browser/win/windows_toast_notification.cc	True	True	True	True
9837	MarshallOfSound	2017-06-23 13:42:23	zcbenz	2017-06-28 06:54:44	brightray/browser/win/win32_notification.h	True	True	True	True
9837	MarshallOfSound	2017-06-23 13:42:23	zcbenz	2017-06-28 06:54:44	brightray/browser/win/win32_notification.cc	True	True	True	True
9837	MarshallOfSound	2017-06-23 13:42:23	zcbenz	2017-06-28 06:54:44	brightray/browser/platform_notification_service.cc	True	True	True	True
9837	MarshallOfSound	2017-06-23 13:42:23	zcbenz	2017-06-28 06:54:44	brightray/browser/notification_delegate.h	True	True	True	True
9837	MarshallOfSound	2017-06-23 13:42:23	zcbenz	2017-06-28 06:54:44	brightray/browser/notification.h	True	True	True	True
9837	MarshallOfSound	2017-06-23 13:42:23	zcbenz	2017-06-28 06:54:44	brightray/browser/mac/notification_center_delegate.mm	True	True	True	True
9837	MarshallOfSound	2017-06-23 13:42:23	zcbenz	2017-06-28 06:54:44	brightray/browser/mac/cocoa_notification.mm	True	True	True	True
9837	MarshallOfSound	2017-06-23 13:42:23	zcbenz	2017-06-28 06:54:44	brightray/browser/mac/cocoa_notification.h	True	True	True	True
9837	MarshallOfSound	2017-06-23 13:42:23	zcbenz	2017-06-28 06:54:44	brightray/browser/linux/libnotify_notification.h	True	True	True	True
9834	shubham2892	2017-06-22 21:11:49	kevinsawicki	2017-07-14 19:02:53	atom/browser/ui/file_dialog.h	False	True	True	True
9834	shubham2892	2017-06-22 21:11:49	kevinsawicki	2017-07-14 19:02:53	atom/browser/ui/file_dialog_mac.mm	True	True	True	True
9834	shubham2892	2017-06-22 21:11:49	kevinsawicki	2017-07-14 19:02:53	docs/api/dialog.md	False	True	True	True
9834	shubham2892	2017-06-22 21:11:49	kevinsawicki	2017-07-14 19:02:53	atom/browser/ui/file_dialog_mac.mm	False	True	True	True
9834	shubham2892	2017-06-22 21:11:49	kevinsawicki	2017-07-14 19:02:53	lib/browser/api/dialog.js	False	True	True	True
9826	ccnokes	2017-06-21 22:24:23	poiru	2017-06-26 15:06:55	docs/api/app.md	True	True	False	True
9824	jkleinsc	2017-06-21 19:04:44	zcbenz	2017-06-26 02:16:27	docs/api/process.md	True	False	False	True
9819	ferreus	2017-06-21 12:19:04	zcbenz	2017-07-17 07:13:36	atom/browser/api/atom_api_web_contents.cc	False	False	True	True
9819	ferreus	2017-06-21 12:19:04	zcbenz	2017-07-19 02:15:24	atom/browser/web_view_guest_delegate.cc	False	False	True	True
9819	ferreus	2017-06-21 12:19:04	zcbenz	2017-07-19 02:15:24	atom/browser/web_view_guest_delegate.h	False	False	True	True
9819	ferreus	2017-06-21 12:19:04	zcbenz	2017-07-19 02:15:24	atom/browser/api/atom_api_web_contents.cc	True	False	True	True
9819	ferreus	2017-06-21 12:19:04	zcbenz	2017-07-19 02:15:24	atom/browser/web_view_guest_delegate.cc	True	False	True	True
9819	ferreus	2017-06-21 12:19:04	zcbenz	2017-07-19 02:15:24	atom/browser/web_view_guest_delegate.h	True	False	True	True
9819	ferreus	2017-06-21 12:19:04	zcbenz	2017-07-19 02:15:24	atom/browser/api/atom_api_web_contents.cc	False	False	True	True
9819	ferreus	2017-06-21 12:19:04	zcbenz	2017-07-17 07:13:36	atom/browser/web_view_guest_delegate.cc	False	False	True	True
9819	ferreus	2017-06-21 12:19:04	zcbenz	2017-07-17 07:13:36	atom/browser/api/atom_api_web_contents.cc	True	False	True	True
9819	ferreus	2017-06-21 12:19:04	zcbenz	2017-07-17 07:13:36	atom/browser/web_view_guest_delegate.cc	True	False	True	True
9819	ferreus	2017-06-21 12:19:04	zcbenz	2017-07-17 07:13:36	atom/browser/web_view_guest_delegate.h	True	False	True	True
9819	ferreus	2017-06-21 12:19:04	zcbenz	2017-07-17 07:13:36	atom/browser/web_view_guest_delegate.h	False	False	True	True
9814	shubham2892	2017-06-20 20:14:15	vanessayuenn	2017-09-13 00:19:54	atom/browser/net/url_request_buffer_job.cc	True	True	False	True
9814	shubham2892	2017-06-20 20:14:15	vanessayuenn	2017-09-13 00:19:54	atom/browser/native_window_views_win.cc	False	True	False	True
9814	shubham2892	2017-06-20 20:14:15	vanessayuenn	2017-09-13 00:19:54	docs/api/browser-window.md	False	True	False	True
9814	shubham2892	2017-06-20 20:14:15	vanessayuenn	2017-09-13 00:19:54	docs/api/auto-updater.md	False	True	False	True
9814	shubham2892	2017-06-20 20:14:15	vanessayuenn	2017-09-13 00:19:54	atom/browser/atom_download_manager_delegate.cc	True	True	False	True
9814	shubham2892	2017-06-20 20:14:15	vanessayuenn	2017-09-13 00:19:54	brightray/browser/platform_notification_service.cc	True	True	False	True
9814	shubham2892	2017-06-20 20:14:15	vanessayuenn	2017-09-13 00:19:54	atom/browser/api/atom_api_web_contents.cc	True	True	False	True
9814	shubham2892	2017-06-20 20:14:15	vanessayuenn	2017-09-13 00:19:54	atom/browser/osr/osr_render_widget_host_view.cc	True	True	False	True
9814	shubham2892	2017-06-20 20:14:15	vanessayuenn	2017-09-13 00:19:54	atom/common/native_mate_converters/net_converter.cc	True	True	False	True
9814	shubham2892	2017-06-20 20:14:15	vanessayuenn	2017-09-13 00:19:54	atom/common/native_mate_converters/content_converter.cc	True	True	False	True
9814	shubham2892	2017-06-20 20:14:15	vanessayuenn	2017-09-13 00:19:54	atom/common/native_mate_converters/v8_value_converter.cc	True	True	False	True
9814	shubham2892	2017-06-20 20:14:15	vanessayuenn	2017-09-13 00:19:54	atom/common/native_mate_converters/v8_value_converter.h	True	True	False	True
9814	shubham2892	2017-06-20 20:14:15	vanessayuenn	2017-09-13 00:19:54	atom/browser/ui/certificate_trust_mac.mm	True	True	False	True
9814	shubham2892	2017-06-20 20:14:15	vanessayuenn	2017-09-13 00:19:54	lib/browser/api/browser-window.js	False	True	False	True
9814	shubham2892	2017-06-20 20:14:15	vanessayuenn	2017-09-13 00:19:54	atom/common/mouse_util.cc	True	True	False	True
9814	shubham2892	2017-06-20 20:14:15	vanessayuenn	2017-09-13 00:19:54	atom/browser/native_window_views.cc	False	True	False	True
9814	shubham2892	2017-06-20 20:14:15	vanessayuenn	2017-09-13 00:19:54	atom/browser/native_window_views.h	False	True	False	True
9814	shubham2892	2017-06-20 20:14:15	vanessayuenn	2017-09-13 00:19:54	atom/renderer/content_settings_observer.h	True	True	False	True
9814	shubham2892	2017-06-20 20:14:15	vanessayuenn	2017-09-13 00:19:54	atom/browser/native_window.h	False	True	False	True
9814	shubham2892	2017-06-20 20:14:15	vanessayuenn	2017-09-13 00:19:54	script/build.py	False	True	False	True
9814	shubham2892	2017-06-20 20:14:15	vanessayuenn	2017-09-13 00:19:54	docs/tutorial/updates.md	False	True	False	True
9814	shubham2892	2017-06-20 20:14:15	vanessayuenn	2017-09-13 00:19:54	.gitignore	False	True	False	True
9814	shubham2892	2017-06-20 20:14:15	vanessayuenn	2017-09-13 00:19:54	docs/development/build-instructions-linux.md	False	True	False	True
9814	shubham2892	2017-06-20 20:14:15	vanessayuenn	2017-09-13 00:19:54	docs/development/chromium-development.md	False	True	False	True
9814	shubham2892	2017-06-20 20:14:15	vanessayuenn	2017-09-13 00:19:54	script/bootstrap.py	False	True	False	True
9814	shubham2892	2017-06-20 20:14:15	vanessayuenn	2017-09-13 00:19:54	script/build-libchromiumcontent.py	False	True	False	True
9814	shubham2892	2017-06-20 20:14:15	vanessayuenn	2017-09-13 00:19:54	vendor/libchromiumcontent	False	True	False	True
9814	shubham2892	2017-06-20 20:14:15	vanessayuenn	2017-09-13 00:19:54	atom/browser/api/atom_api_window.h	False	True	False	True
9814	shubham2892	2017-06-20 20:14:15	vanessayuenn	2017-09-13 00:19:54	atom/browser/api/atom_api_web_contents.cc	False	True	False	True
9814	shubham2892	2017-06-20 20:14:15	vanessayuenn	2017-09-13 00:19:54	chromium_src/chrome/browser/printing/print_view_manager_base.cc	False	True	False	True
9814	shubham2892	2017-06-20 20:14:15	vanessayuenn	2017-09-13 00:19:54	chromium_src/chrome/browser/printing/print_view_manager_base.h	False	True	False	True
9814	shubham2892	2017-06-20 20:14:15	vanessayuenn	2017-09-13 00:19:54	docs/api/web-contents.md	False	True	False	True
9814	shubham2892	2017-06-20 20:14:15	vanessayuenn	2017-09-13 00:19:54	package.json	False	True	False	True
9814	shubham2892	2017-06-20 20:14:15	vanessayuenn	2017-09-13 00:19:54	atom/browser/api/atom_api_window.cc	False	True	False	True
9814	shubham2892	2017-06-20 20:14:15	vanessayuenn	2017-09-13 00:19:54	atom/common/mouse_util.h	True	True	False	True
9814	shubham2892	2017-06-20 20:14:15	vanessayuenn	2017-09-13 00:19:54	brightray/browser/platform_notification_service.h	True	True	False	True
9814	shubham2892	2017-06-20 20:14:15	vanessayuenn	2017-09-13 00:19:54	atom/browser/common_web_contents_delegate.cc	True	True	False	True
9814	shubham2892	2017-06-20 20:14:15	vanessayuenn	2017-09-13 00:19:54	chromium_src/chrome/common/print_messages.cc	True	True	False	True
9814	shubham2892	2017-06-20 20:14:15	vanessayuenn	2017-09-13 00:19:54	atom/renderer/atom_render_view_observer.cc	True	True	False	True
9814	shubham2892	2017-06-20 20:14:15	vanessayuenn	2017-09-13 00:19:54	atom/renderer/atom_renderer_client.cc	True	True	False	True
9814	shubham2892	2017-06-20 20:14:15	vanessayuenn	2017-09-13 00:19:54	atom/renderer/atom_sandboxed_renderer_client.cc	True	True	False	True
9814	shubham2892	2017-06-20 20:14:15	vanessayuenn	2017-09-13 00:19:54	atom/renderer/content_settings_observer.cc	True	True	False	True
9814	shubham2892	2017-06-20 20:14:15	vanessayuenn	2017-09-13 00:19:54	atom/renderer/renderer_client_base.cc	True	True	False	True
9814	shubham2892	2017-06-20 20:14:15	vanessayuenn	2017-09-13 00:19:54	chromium_src/chrome/browser/ssl/security_state_tab_helper.cc	True	True	False	True
9814	shubham2892	2017-06-20 20:14:15	vanessayuenn	2017-09-13 00:19:54	chromium_src/chrome/common/print_messages.h	True	True	False	True
9814	shubham2892	2017-06-20 20:14:15	vanessayuenn	2017-09-13 00:19:54	atom/renderer/atom_autofill_agent.h	True	True	False	True
9814	shubham2892	2017-06-20 20:14:15	vanessayuenn	2017-09-13 00:19:54	chromium_src/chrome/renderer/printing/print_web_view_helper.cc	True	True	False	True
9814	shubham2892	2017-06-20 20:14:15	vanessayuenn	2017-09-13 00:19:54	chromium_src/chrome/renderer/printing/print_web_view_helper_mac.mm	True	True	False	True
9814	shubham2892	2017-06-20 20:14:15	vanessayuenn	2017-09-13 00:19:54	chromium_src/chrome/renderer/tts_dispatcher.cc	True	True	False	True
9814	shubham2892	2017-06-20 20:14:15	vanessayuenn	2017-09-13 00:19:54	chromium_src/chrome/renderer/tts_dispatcher.h	True	True	False	True
9814	shubham2892	2017-06-20 20:14:15	vanessayuenn	2017-09-13 00:19:54	chromium_src/components/pdf/renderer/pepper_pdf_host.cc	True	True	False	True
9814	shubham2892	2017-06-20 20:14:15	vanessayuenn	2017-09-13 00:19:54	atom/browser/mac/dict_util.mm	True	True	False	True
9814	shubham2892	2017-06-20 20:14:15	vanessayuenn	2017-09-13 00:19:54	atom/renderer/atom_render_frame_observer.cc	True	True	False	True
9814	shubham2892	2017-06-20 20:14:15	vanessayuenn	2017-09-13 00:19:54	atom/renderer/atom_autofill_agent.cc	True	True	False	True
9814	shubham2892	2017-06-20 20:14:15	vanessayuenn	2017-09-13 00:19:54	atom/common/api/remote_object_freer.cc	True	True	False	True
9814	shubham2892	2017-06-20 20:14:15	vanessayuenn	2017-09-13 00:19:54	atom/browser/ui/webui/pdf_viewer_ui.cc	True	True	False	True
9814	shubham2892	2017-06-20 20:14:15	vanessayuenn	2017-09-13 00:19:54	brightray/browser/inspectable_web_contents_impl.cc	True	True	False	True
9814	shubham2892	2017-06-20 20:14:15	vanessayuenn	2017-09-13 00:19:54	chromium_src/chrome/browser/printing/print_job_worker.cc	True	True	False	True
9814	shubham2892	2017-06-20 20:14:15	vanessayuenn	2017-09-13 00:19:54	chromium_src/chrome/browser/printing/printing_message_filter.cc	True	True	False	True
9814	shubham2892	2017-06-20 20:14:15	vanessayuenn	2017-09-13 00:19:54	atom/browser/common_web_contents_delegate_mac.mm	True	True	False	True
9814	shubham2892	2017-06-20 20:14:15	vanessayuenn	2017-09-13 00:19:54	atom/browser/native_window_mac.mm	True	True	False	True
9814	shubham2892	2017-06-20 20:14:15	vanessayuenn	2017-09-13 00:19:54	atom/browser/osr/osr_render_widget_host_view.h	True	True	False	True
9814	shubham2892	2017-06-20 20:14:15	vanessayuenn	2017-09-13 00:19:54	script/update-clang.sh	True	True	False	True
9814	shubham2892	2017-06-20 20:14:15	vanessayuenn	2017-09-13 00:19:54	atom/renderer/api/atom_api_web_frame.cc	True	True	False	True
9814	shubham2892	2017-06-20 20:14:15	vanessayuenn	2017-09-13 00:19:54	atom/common/keyboard_util.cc	True	True	False	True
9814	shubham2892	2017-06-20 20:14:15	vanessayuenn	2017-09-13 00:19:54	atom/browser/ui/webui/pdf_viewer_handler.cc	True	True	False	True
9814	shubham2892	2017-06-20 20:14:15	vanessayuenn	2017-09-13 00:19:54	atom/common/native_mate_converters/blink_converter.cc	True	True	False	True
9814	shubham2892	2017-06-20 20:14:15	vanessayuenn	2017-09-13 00:19:54	atom/renderer/api/atom_api_renderer_ipc.cc	True	True	False	True
9814	shubham2892	2017-06-20 20:14:15	vanessayuenn	2017-09-13 00:19:54	atom/renderer/api/atom_api_spell_check_client.cc	True	True	False	True
9814	shubham2892	2017-06-20 20:14:15	vanessayuenn	2017-09-13 00:19:54	atom/renderer/api/atom_api_spell_check_client.h	True	True	False	True
9808	Gryff	2017-06-20 14:30:04	MarshallOfSound	2017-06-20 15:01:07	docs/tutorial/quick-start.md	True	False	False	True
9798	tonyganch	2017-06-19 12:38:34	poiru	2017-06-22 21:27:12	atom/browser/native_window_mac.mm	True	True	False	True
9788	shubham2892	2017-06-18 00:54:36	kevinsawicki	2017-06-26 18:06:04	atom/browser/native_window_mac.mm	True	True	True	True
9788	shubham2892	2017-06-18 00:54:36	kevinsawicki	2017-06-26 18:06:04	atom/browser/native_window_mac.h	False	True	True	True
9788	shubham2892	2017-06-18 00:54:36	kevinsawicki	2017-06-26 18:06:04	atom/common/options_switches.h	False	True	True	True
9788	shubham2892	2017-06-18 00:54:36	kevinsawicki	2017-06-26 18:06:04	atom/common/options_switches.cc	False	True	True	True
9788	shubham2892	2017-06-18 00:54:36	kevinsawicki	2017-06-26 18:06:04	atom/browser/native_window_mac.mm	False	True	True	True
9788	shubham2892	2017-06-18 00:54:36	kevinsawicki	2017-06-26 18:06:04	docs/api/browser-window.md	True	True	True	True
9788	shubham2892	2017-06-18 00:54:36	kevinsawicki	2017-06-26 18:06:04	atom/common/options_switches.h	True	True	True	True
9788	shubham2892	2017-06-18 00:54:36	kevinsawicki	2017-06-26 18:06:04	atom/common/options_switches.cc	True	True	True	True
9788	shubham2892	2017-06-18 00:54:36	kevinsawicki	2017-06-26 18:06:04	docs/api/browser-window.md	False	True	True	True
9788	shubham2892	2017-06-18 00:54:36	kevinsawicki	2017-06-26 18:06:04	atom/browser/native_window_mac.h	True	True	True	True
9778	lepinay	2017-06-16 12:41:45	kevinsawicki	2017-06-26 15:36:24	docs/api/crash-reporter.md	True	True	True	True
9778	lepinay	2017-06-16 12:41:45	kevinsawicki	2017-06-26 15:36:24	docs/api/crash-reporter.md	False	True	True	True
9778	lepinay	2017-06-16 12:41:45	kevinsawicki	2017-06-16 15:56:50	docs/api/crash-reporter.md	True	True	True	True
9778	lepinay	2017-06-16 12:41:45	kevinsawicki	2017-06-16 15:56:50	docs/api/crash-reporter.md	False	True	True	True
9772	zeke	2017-06-16 00:28:57	alespergl	2017-06-16 14:05:59	docs/glossary.md	False	False	True	True
9772	zeke	2017-06-16 00:28:57	alespergl	2017-06-16 14:05:59	docs/glossary.md	True	False	True	True
9755	Nirmal4G	2017-06-14 11:57:35	felixrieseberg	2017-06-14 18:38:18	docs-translations/zh-CN/tutorial/windows-store-guide.md	True	False	False	True
9755	Nirmal4G	2017-06-14 11:57:35	felixrieseberg	2017-06-14 18:38:18	docs-translations/ko-KR/tutorial/windows-store-guide.md	True	False	False	True
9755	Nirmal4G	2017-06-14 11:57:35	felixrieseberg	2017-06-14 18:38:18	docs-translations/id/tutorial/windows-store-guide.md	True	False	False	True
9755	Nirmal4G	2017-06-14 11:57:35	felixrieseberg	2017-06-14 18:38:18	docs/tutorial/windows-store-guide.md	True	False	False	True
9754	t-hofmann	2017-06-14 10:14:09	MarshallOfSound	2017-06-14 10:16:39	docs/api/app.md	True	False	True	True
9754	t-hofmann	2017-06-14 10:14:09	MarshallOfSound	2017-06-14 10:16:39	docs/api/app.md	False	False	True	True
9743	MarshallOfSound	2017-06-13 10:32:13	poiru	2017-06-14 16:21:04	atom/browser/ui/accelerator_util_mac.mm	True	True	True	True
9743	MarshallOfSound	2017-06-13 10:32:13	poiru	2017-06-14 16:21:04	atom/browser/ui/accelerator_util_mac.mm	False	True	True	True
9743	MarshallOfSound	2017-06-13 10:32:13	matheuss	2017-06-14 01:43:20	atom/browser/ui/accelerator_util_mac.mm	True	True	True	True
9743	MarshallOfSound	2017-06-13 10:32:13	matheuss	2017-06-14 01:43:20	atom/browser/ui/accelerator_util_mac.mm	False	True	True	True
9734	igorshevach	2017-06-12 09:20:09	cifratila	2017-06-26 07:42:52	atom/common/crash_reporter/crash_reporter_win.cc	True	True	True	True
9734	igorshevach	2017-06-12 09:20:09	cifratila	2017-06-26 07:43:12	atom/common/crash_reporter/crash_reporter_win.cc	True	True	True	True
9734	igorshevach	2017-06-12 09:20:09	cifratila	2017-06-26 07:43:09	atom/common/crash_reporter/crash_reporter_win.cc	True	True	True	True
9734	igorshevach	2017-06-12 09:20:09	cifratila	2017-06-26 07:49:39	atom/common/crash_reporter/crash_reporter_win.cc	True	True	True	True
9725	danielma	2017-06-11 08:50:37	zcbenz	2017-06-26 06:07:02	atom/browser/api/atom_api_window.h	True	False	False	True
9725	danielma	2017-06-11 08:50:37	zcbenz	2017-06-26 06:07:02	atom/browser/browser.h	True	False	False	True
9725	danielma	2017-06-11 08:50:37	zcbenz	2017-06-26 06:07:02	atom/browser/browser.cc	True	False	False	True
9725	danielma	2017-06-11 08:50:37	zcbenz	2017-06-26 06:07:02	atom/browser/mac/atom_application_delegate.mm	True	False	False	True
9725	danielma	2017-06-11 08:50:37	zcbenz	2017-06-26 06:07:02	atom/browser/api/atom_api_window.cc	True	False	False	True
9725	danielma	2017-06-11 08:50:37	zcbenz	2017-06-26 06:07:02	atom/browser/api/atom_api_app.h	True	False	False	True
9725	danielma	2017-06-11 08:50:37	zcbenz	2017-06-26 06:07:02	atom/browser/browser_observer.h	True	False	False	True
9725	danielma	2017-06-11 08:50:37	zcbenz	2017-06-26 06:07:02	atom/browser/api/atom_api_app.cc	True	False	False	True
9725	danielma	2017-06-11 08:50:37	zcbenz	2017-06-26 06:07:02	atom/browser/native_window.cc	True	False	False	True
9725	danielma	2017-06-11 08:50:37	zcbenz	2017-06-26 06:07:02	atom/browser/native_window_mac.mm	True	False	False	True
9725	danielma	2017-06-11 08:50:37	zcbenz	2017-06-26 06:07:02	atom/browser/native_window_observer.h	True	False	False	True
9725	danielma	2017-06-11 08:50:37	zcbenz	2017-06-26 06:07:02	docs/api/app.md	True	False	False	True
9725	danielma	2017-06-11 08:50:37	zcbenz	2017-06-26 06:07:02	docs/api/browser-window.md	True	False	False	True
9725	danielma	2017-06-11 08:50:37	zcbenz	2017-06-26 06:07:02	atom/browser/native_window.h	True	False	False	True
9724	zeke	2017-06-10 19:25:29	vanessayuenn	2017-06-15 00:11:46	docs-translations/jp/api/protocol.md	True	False	False	True
9724	zeke	2017-06-10 19:25:29	vanessayuenn	2017-06-15 00:11:46	package.json	True	False	False	True
9724	zeke	2017-06-10 19:25:29	vanessayuenn	2017-06-15 00:11:46	docs-translations/jp/api/tray.md	True	False	False	True
9724	zeke	2017-06-10 19:25:29	vanessayuenn	2017-06-15 00:11:46	docs-translations/ru-RU/tutorial/quick-start.md	True	False	False	True
9724	zeke	2017-06-10 19:25:29	vanessayuenn	2017-06-15 00:11:46	docs-translations/tr-TR/tutorial/quick-start.md	True	False	False	True
9724	zeke	2017-06-10 19:25:29	vanessayuenn	2017-06-15 00:11:46	docs-translations/ko-KR/api/protocol.md	True	False	False	True
9724	zeke	2017-06-10 19:25:29	vanessayuenn	2017-06-15 00:11:46	docs-translations/zh-CN/api/protocol.md	True	False	False	True
9724	zeke	2017-06-10 19:25:29	vanessayuenn	2017-06-15 00:11:46	docs/api/protocol.md	True	False	False	True
9724	zeke	2017-06-10 19:25:29	vanessayuenn	2017-06-15 00:11:46	docs-translations/jp/api/app.md	True	False	False	True
9721	brianfajardo	2017-06-09 21:22:35	zeke	2017-06-09 23:22:03	docs/api/structures/rectangle.md	False	False	False	True
9721	brianfajardo	2017-06-09 21:22:35	zeke	2017-06-09 23:22:03	docs/api/structures/rectangle.md	True	False	False	True
9716	dakira	2017-06-09 13:31:41	MarshallOfSound	2017-06-09 14:24:11	lib/browser/init.js	True	False	True	True
9716	dakira	2017-06-09 13:31:41	kevinsawicki	2017-06-09 21:54:03	lib/browser/init.js	False	False	True	True
9716	dakira	2017-06-09 13:31:41	MarshallOfSound	2017-06-09 14:24:11	lib/browser/init.js	False	False	True	True
9716	dakira	2017-06-09 13:31:41	kevinsawicki	2017-06-09 21:54:03	lib/browser/init.js	True	False	True	True
9716	dakira	2017-06-09 13:31:41	kevinsawicki	2017-06-09 19:42:25	lib/browser/init.js	False	False	True	True
9716	dakira	2017-06-09 13:31:41	kevinsawicki	2017-06-09 19:42:25	lib/browser/init.js	True	False	True	True
9703	MarshallOfSound	2017-06-08 13:04:05	zeke	2017-06-08 17:11:19	docs/api/cookies.md	False	True	False	True
9703	MarshallOfSound	2017-06-08 13:04:05	zeke	2017-06-08 17:11:19	docs/api/cookies.md	True	True	False	True
9700	brenca	2017-06-08 09:12:54	deepak1556	2017-06-10 05:32:52	atom/browser/atom_web_ui_controller_factory.cc	True	False	True	True
9700	brenca	2017-06-08 09:12:54	zcbenz	2017-06-14 10:15:22	atom/browser/atom_web_ui_controller_factory.cc	True	False	True	True
9700	brenca	2017-06-08 09:12:54	zcbenz	2017-06-14 10:15:22	atom/browser/ui/webui/pdf_viewer_handler.cc	True	False	True	True
9700	brenca	2017-06-08 09:12:54	zcbenz	2017-06-14 10:15:22	atom/browser/ui/webui/pdf_viewer_handler.h	True	False	True	True
9700	brenca	2017-06-08 09:12:54	zcbenz	2017-06-14 10:15:22	atom/browser/web_contents_zoom_controller.cc	True	False	True	True
9700	brenca	2017-06-08 09:12:54	zcbenz	2017-06-14 10:15:22	atom/browser/ui/webui/pdf_viewer_handler.cc	False	False	True	True
9700	brenca	2017-06-08 09:12:54	zcbenz	2017-06-14 10:15:22	atom/browser/web_contents_zoom_controller.h	True	False	True	True
9700	brenca	2017-06-08 09:12:54	deepak1556	2017-06-10 05:32:52	atom/browser/ui/webui/pdf_viewer_handler.cc	True	False	True	True
9700	brenca	2017-06-08 09:12:54	deepak1556	2017-06-10 05:32:52	atom/browser/ui/webui/pdf_viewer_handler.h	True	False	True	True
9700	brenca	2017-06-08 09:12:54	deepak1556	2017-06-10 05:32:52	atom/browser/web_contents_zoom_controller.cc	True	False	True	True
9700	brenca	2017-06-08 09:12:54	deepak1556	2017-06-10 05:32:52	atom/browser/web_contents_zoom_controller.h	True	False	True	True
9700	brenca	2017-06-08 09:12:54	deepak1556	2017-06-10 05:32:52	atom/browser/ui/webui/pdf_viewer_handler.cc	False	False	True	True
9695	shubham2892	2017-06-07 16:50:36	kevinsawicki	2017-07-13 21:08:53	spec/api-browser-window-spec.js	True	True	True	True
9695	shubham2892	2017-06-07 16:50:36	kevinsawicki	2017-07-14 17:09:01	spec/api-browser-window-spec.js	False	True	True	True
9695	shubham2892	2017-06-07 16:50:36	kevinsawicki	2017-07-14 17:09:01	atom/browser/native_window_mac.mm	True	True	True	True
9695	shubham2892	2017-06-07 16:50:36	kevinsawicki	2017-07-14 17:09:01	spec/api-browser-window-spec.js	True	True	True	True
9695	shubham2892	2017-06-07 16:50:36	kevinsawicki	2017-07-13 21:08:53	atom/browser/native_window_mac.mm	False	True	True	True
9695	shubham2892	2017-06-07 16:50:36	kevinsawicki	2017-07-13 21:08:53	spec/api-browser-window-spec.js	False	True	True	True
9695	shubham2892	2017-06-07 16:50:36	kevinsawicki	2017-07-14 17:09:01	atom/browser/native_window_mac.mm	False	True	True	True
9695	shubham2892	2017-06-07 16:50:36	kevinsawicki	2017-07-13 21:08:53	atom/browser/native_window_mac.mm	True	True	True	True
9695	shubham2892	2017-06-07 16:50:36	chabou	2017-06-25 22:38:49	atom/browser/native_window_mac.mm	True	True	True	True
9695	shubham2892	2017-06-07 16:50:36	chabou	2017-06-25 22:38:49	atom/browser/native_window_mac.mm	False	True	True	True
9695	shubham2892	2017-06-07 16:50:36	chabou	2017-06-25 22:38:49	spec/api-browser-window-spec.js	True	True	True	True
9695	shubham2892	2017-06-07 16:50:36	kevinsawicki	2017-06-15 17:31:41	atom/browser/native_window_mac.mm	False	True	True	True
9695	shubham2892	2017-06-07 16:50:36	kevinsawicki	2017-06-15 17:31:41	spec/api-browser-window-spec.js	False	True	True	True
9695	shubham2892	2017-06-07 16:50:36	kevinsawicki	2017-06-15 17:31:41	atom/browser/native_window_mac.mm	True	True	True	True
9695	shubham2892	2017-06-07 16:50:36	kevinsawicki	2017-06-15 17:31:41	spec/api-browser-window-spec.js	True	True	True	True
9695	shubham2892	2017-06-07 16:50:36	chabou	2017-06-25 22:38:49	spec/api-browser-window-spec.js	False	True	True	True
9648	develar	2017-06-01 16:03:16	zcbenz	2017-06-28 08:51:10	atom/common/asar/manifest_asar_mac.h	False	True	True	True
9648	develar	2017-06-01 16:03:16	zcbenz	2017-06-28 08:51:10	spec/asar-integrity-test-app/package.json	False	True	True	True
9648	develar	2017-06-01 16:03:16	zcbenz	2017-06-28 08:51:10	spec/asar-integrity-test-app/index.js	False	True	True	True
9648	develar	2017-06-01 16:03:16	zcbenz	2017-06-28 08:51:10	package.json	False	True	True	True
9648	develar	2017-06-01 16:03:16	zcbenz	2017-06-28 08:51:10	lib/common/asar.js	False	True	True	True
9648	develar	2017-06-01 16:03:16	zcbenz	2017-06-28 08:51:10	atom/common/asar/manifest_asar_mac.mm	False	True	True	True
9648	develar	2017-06-01 16:03:16	zcbenz	2017-06-28 08:51:10	lib/browser/init.js	True	True	True	True
9648	develar	2017-06-01 16:03:16	zcbenz	2017-06-28 08:51:10	atom/common/api/atom_api_asar.cc	False	True	True	True
9648	develar	2017-06-01 16:03:16	zcbenz	2017-06-28 08:51:10	lib/common/asar.js	True	True	True	True
9648	develar	2017-06-01 16:03:16	zcbenz	2017-06-28 08:51:10	spec/package.json	False	True	True	True
9648	develar	2017-06-01 16:03:16	zcbenz	2017-06-28 08:51:10	filenames.gypi	True	True	True	True
9648	develar	2017-06-01 16:03:16	zcbenz	2017-06-28 08:51:10	atom/common/asar/manifest_asar_mac.mm	True	True	True	True
9648	develar	2017-06-01 16:03:16	zcbenz	2017-06-28 08:51:10	atom/common/asar/manifest_asar_mac.h	True	True	True	True
9648	develar	2017-06-01 16:03:16	zcbenz	2017-06-28 08:51:10	atom/common/api/atom_api_asar.cc	True	True	True	True
9648	develar	2017-06-01 16:03:16	zcbenz	2017-06-28 08:51:10	spec/asar-integrity-test.js	False	True	True	True
9648	develar	2017-06-01 16:03:16	zcbenz	2017-06-28 08:28:02	atom/common/asar/manifest_asar_mac.mm	True	True	True	True
9648	develar	2017-06-01 16:03:16	zcbenz	2017-06-28 08:28:02	atom/common/api/atom_api_asar.cc	True	True	True	True
9648	develar	2017-06-01 16:03:16	zcbenz	2017-06-28 08:28:02	lib/common/asar.js	False	True	True	True
9648	develar	2017-06-01 16:03:16	zcbenz	2017-06-28 08:28:02	spec/package.json	False	True	True	True
9648	develar	2017-06-01 16:03:16	zcbenz	2017-06-28 08:28:02	spec/asar-integrity-test.js	False	True	True	True
9648	develar	2017-06-01 16:03:16	zcbenz	2017-06-28 08:28:02	spec/asar-integrity-test-app/package.json	False	True	True	True
9648	develar	2017-06-01 16:03:16	zcbenz	2017-06-28 08:28:02	spec/asar-integrity-test-app/index.js	False	True	True	True
9648	develar	2017-06-01 16:03:16	zcbenz	2017-06-28 08:28:02	atom/common/asar/manifest_asar_mac.h	True	True	True	True
9648	develar	2017-06-01 16:03:16	zcbenz	2017-06-28 08:28:02	package.json	False	True	True	True
9648	develar	2017-06-01 16:03:16	zcbenz	2017-06-28 08:28:02	atom/common/asar/manifest_asar_mac.mm	False	True	True	True
9648	develar	2017-06-01 16:03:16	zcbenz	2017-06-28 08:28:02	atom/common/asar/manifest_asar_mac.h	False	True	True	True
9648	develar	2017-06-01 16:03:16	zcbenz	2017-06-28 08:28:02	atom/common/api/atom_api_asar.cc	False	True	True	True
9648	develar	2017-06-01 16:03:16	zcbenz	2017-06-28 08:28:02	lib/common/asar.js	True	True	True	True
9648	develar	2017-06-01 16:03:16	zcbenz	2017-06-28 08:28:02	lib/browser/init.js	True	True	True	True
9648	develar	2017-06-01 16:03:16	zcbenz	2017-06-28 08:28:02	filenames.gypi	True	True	True	True
9645	dharders	2017-06-01 06:10:09	kevinsawicki	2017-06-14 21:09:41	spec/api-browser-window-spec.js	False	True	True	True
9645	dharders	2017-06-01 06:10:09	kevinsawicki	2017-06-14 21:09:41	atom/browser/native_window_views.cc	True	True	True	True
9645	dharders	2017-06-01 06:10:09	kevinsawicki	2017-06-14 21:09:41	spec/api-browser-window-spec.js	True	True	True	True
9645	dharders	2017-06-01 06:10:09	kevinsawicki	2017-06-14 21:09:41	atom/browser/native_window_views.cc	False	True	True	True
9645	dharders	2017-06-01 06:10:09	kevinsawicki	2017-06-13 16:14:53	atom/browser/native_window_views.cc	False	True	True	True
9645	dharders	2017-06-01 06:10:09	kevinsawicki	2017-06-13 16:14:53	atom/browser/native_window_views.cc	True	True	True	True
9645	dharders	2017-06-01 06:10:09	kevinsawicki	2017-06-13 16:14:53	spec/api-browser-window-spec.js	True	True	True	True
9645	dharders	2017-06-01 06:10:09	kevinsawicki	2017-06-13 16:14:53	spec/api-browser-window-spec.js	False	True	True	True
9644	juturu	2017-06-01 06:02:48	tarruda	2017-06-19 19:20:01	spec/fixtures/api/mixed-sandbox-app/package.json	False	True	False	True
9644	juturu	2017-06-01 06:02:48	tarruda	2017-06-19 19:20:01	atom/renderer/atom_sandboxed_renderer_client.cc	False	True	False	True
9644	juturu	2017-06-01 06:02:48	tarruda	2017-06-19 19:20:01	spec/api-app-spec.js	False	True	False	True
9644	juturu	2017-06-01 06:02:48	tarruda	2017-06-19 19:20:01	docs/api/app.md	False	True	False	True
9644	juturu	2017-06-01 06:02:48	tarruda	2017-06-19 19:20:01	atom/browser/api/atom_api_app.h	False	True	False	True
9644	juturu	2017-06-01 06:02:48	tarruda	2017-06-19 19:20:01	atom/browser/web_contents_preferences.cc	True	True	False	True
9644	juturu	2017-06-01 06:02:48	tarruda	2017-06-19 19:20:01	atom/app/atom_main_delegate.cc	True	True	False	True
9644	juturu	2017-06-01 06:02:48	tarruda	2017-06-19 19:20:01	docs/api/sandbox-option.md	False	True	False	True
9644	juturu	2017-06-01 06:02:48	tarruda	2017-06-19 19:20:01	spec/fixtures/api/mixed-sandbox-app/main.js	False	True	False	True
9644	juturu	2017-06-01 06:02:48	tarruda	2017-06-01 10:32:20	atom/browser/web_contents_preferences.cc	False	True	False	True
9644	juturu	2017-06-01 06:02:48	tarruda	2017-06-19 19:20:01	spec/fixtures/api/mixed-sandbox-app/electron-app-mixed-sandbox-preload.js	False	True	False	True
9644	juturu	2017-06-01 06:02:48	tarruda	2017-06-19 19:20:01	spec/api-browser-window-spec.js	False	True	False	True
9644	juturu	2017-06-01 06:02:48	tarruda	2017-06-19 19:20:01	atom/common/options_switches.h	False	True	False	True
9644	juturu	2017-06-01 06:02:48	tarruda	2017-06-19 19:20:01	atom/common/options_switches.cc	False	True	False	True
9644	juturu	2017-06-01 06:02:48	tarruda	2017-06-19 19:20:01	atom/app/atom_main_delegate.cc	False	True	False	True
9644	juturu	2017-06-01 06:02:48	tarruda	2017-06-19 19:20:01	atom/browser/web_contents_preferences.cc	False	True	False	True
9644	juturu	2017-06-01 06:02:48	tarruda	2017-06-19 19:20:01	lib/sandboxed_renderer/init.js	False	True	False	True
9644	juturu	2017-06-01 06:02:48	tarruda	2017-06-19 19:20:01	atom/browser/api/atom_api_app.cc	False	True	False	True
9644	juturu	2017-06-01 06:02:48	tarruda	2017-06-01 10:32:20	atom/app/atom_main_delegate.cc	False	True	False	True
9644	juturu	2017-06-01 06:02:48	tarruda	2017-06-01 10:32:20	atom/app/atom_main_delegate.cc	True	True	False	True
9644	juturu	2017-06-01 06:02:48	tarruda	2017-06-01 10:32:20	lib/sandboxed_renderer/init.js	False	True	False	True
9644	juturu	2017-06-01 06:02:48	tarruda	2017-06-01 10:32:20	atom/common/options_switches.cc	False	True	False	True
9644	juturu	2017-06-01 06:02:48	tarruda	2017-06-01 10:32:20	spec/api-app-spec.js	False	True	False	True
9644	juturu	2017-06-01 06:02:48	tarruda	2017-06-01 10:32:20	docs/api/app.md	False	True	False	True
9644	juturu	2017-06-01 06:02:48	tarruda	2017-06-01 10:32:20	atom/browser/api/atom_api_app.h	False	True	False	True
9644	juturu	2017-06-01 06:02:48	tarruda	2017-06-01 10:32:20	atom/browser/api/atom_api_app.cc	False	True	False	True
9644	juturu	2017-06-01 06:02:48	tarruda	2017-06-01 10:32:20	atom/browser/web_contents_preferences.cc	True	True	False	True
9644	juturu	2017-06-01 06:02:48	tarruda	2017-06-01 10:32:20	atom/renderer/atom_sandboxed_renderer_client.cc	False	True	False	True
9644	juturu	2017-06-01 06:02:48	tarruda	2017-06-01 10:32:20	docs/api/sandbox-option.md	False	True	False	True
9644	juturu	2017-06-01 06:02:48	tarruda	2017-06-01 10:32:20	spec/fixtures/api/mixed-sandbox-app/main.js	False	True	False	True
9644	juturu	2017-06-01 06:02:48	tarruda	2017-06-01 10:32:20	spec/fixtures/api/mixed-sandbox-app/electron-app-mixed-sandbox-preload.js	False	True	False	True
9644	juturu	2017-06-01 06:02:48	tarruda	2017-06-01 10:32:20	spec/api-browser-window-spec.js	False	True	False	True
9644	juturu	2017-06-01 06:02:48	tarruda	2017-06-01 10:32:20	atom/common/options_switches.h	False	True	False	True
9644	juturu	2017-06-01 06:02:48	tarruda	2017-06-01 10:32:20	spec/fixtures/api/mixed-sandbox-app/package.json	False	True	False	True
