pr_number	author_user_login	pr_created_at	review_user_login	review_created_at	filename	create_before_pr	has_issue_comment	has_review_comment	has_commit
1177	maxogden	2015-02-26 05:57:31	zcbenz	2015-03-01 17:01:29	README.md	False	True	True	True
1177	maxogden	2015-02-26 05:57:31	zcbenz	2015-03-01 17:01:29	README.md	True	True	True	True
1160	shaleenx	2015-02-19 19:07:22	kevinsawicki	2015-02-19 23:00:00	script/upload-windows-pdb.py	True	True	True	True
1160	shaleenx	2015-02-19 19:07:22	kevinsawicki	2015-02-19 23:00:00	tools/mac/make_locale_dirs.sh	True	True	True	True
1137	bundyo	2015-02-13 16:48:48	zcbenz	2015-03-02 04:16:04	atom/browser/lib/guest-window-manager.coffee	False	True	True	True
1137	bundyo	2015-02-13 16:48:48	zcbenz	2015-03-02 04:23:16	atom/browser/lib/guest-window-manager.coffee	True	True	True	True
1137	bundyo	2015-02-13 16:48:48	zcbenz	2015-03-02 04:23:16	atom/renderer/lib/override.coffee	True	True	True	True
1137	bundyo	2015-02-13 16:48:48	zcbenz	2015-03-02 04:23:16	atom/browser/lib/guest-window-manager.coffee	False	True	True	True
1137	bundyo	2015-02-13 16:48:48	zcbenz	2015-03-02 04:23:16	docs/api/browser-window.md	False	True	True	True
1137	bundyo	2015-02-13 16:48:48	zcbenz	2015-03-02 04:16:04	atom/browser/lib/guest-window-manager.coffee	True	True	True	True
1137	bundyo	2015-02-13 16:48:48	zcbenz	2015-03-02 04:16:04	atom/renderer/lib/override.coffee	True	True	True	True
1137	bundyo	2015-02-13 16:48:48	zcbenz	2015-03-02 04:23:16	atom/renderer/lib/override.coffee	False	True	True	True
1137	bundyo	2015-02-13 16:48:48	zcbenz	2015-03-02 04:16:04	atom/renderer/lib/override.coffee	False	True	True	True
1137	bundyo	2015-02-13 16:48:48	zcbenz	2015-03-02 04:24:07	atom/browser/lib/guest-window-manager.coffee	True	True	True	True
1137	bundyo	2015-02-13 16:48:48	zcbenz	2015-03-02 04:24:07	atom/renderer/lib/override.coffee	True	True	True	True
1137	bundyo	2015-02-13 16:48:48	zcbenz	2015-03-02 04:24:07	atom/browser/lib/guest-window-manager.coffee	False	True	True	True
1137	bundyo	2015-02-13 16:48:48	zcbenz	2015-03-02 04:24:07	atom/renderer/lib/override.coffee	False	True	True	True
1137	bundyo	2015-02-13 16:48:48	zcbenz	2015-03-02 04:24:07	docs/api/browser-window.md	False	True	True	True
1137	bundyo	2015-02-13 16:48:48	zcbenz	2015-03-02 04:16:04	docs/api/browser-window.md	False	True	True	True
1106	anaisbetts	2015-02-07 00:15:07	zcbenz	2015-02-10 10:35:02	atom/browser/api/atom_api_window.cc	True	True	True	True
1106	anaisbetts	2015-02-07 00:15:07	zcbenz	2015-02-10 10:35:02	atom/browser/native_window_views.cc	False	True	True	True
1106	anaisbetts	2015-02-07 00:15:07	zcbenz	2015-02-10 10:35:02	atom/browser/native_window.h	False	True	True	True
1106	anaisbetts	2015-02-07 00:15:07	zcbenz	2015-02-10 10:35:02	atom/browser/api/atom_api_window.h	False	True	True	True
1106	anaisbetts	2015-02-07 00:15:07	zcbenz	2015-02-10 10:35:02	atom/browser/native_window.h	True	True	True	True
1106	anaisbetts	2015-02-07 00:15:07	zcbenz	2015-02-10 10:35:02	atom/browser/api/atom_api_window.h	True	True	True	True
1106	anaisbetts	2015-02-07 00:15:07	zcbenz	2015-02-10 11:36:21	atom/browser/native_window_mac.mm	False	True	True	True
1106	anaisbetts	2015-02-07 00:15:07	zcbenz	2015-02-10 10:35:02	atom/browser/native_window_views.h	True	True	True	True
1106	anaisbetts	2015-02-07 00:15:07	zcbenz	2015-02-10 10:35:02	atom/browser/native_window_views.cc	True	True	True	True
1106	anaisbetts	2015-02-07 00:15:07	zcbenz	2015-02-10 10:35:02	atom/browser/api/atom_api_window.cc	False	True	True	True
1106	anaisbetts	2015-02-07 00:15:07	zcbenz	2015-02-10 11:36:21	atom/browser/native_window_mac.h	False	True	True	True
1106	anaisbetts	2015-02-07 00:15:07	zcbenz	2015-02-10 11:36:21	docs/api/browser-window.md	False	True	True	True
1106	anaisbetts	2015-02-07 00:15:07	zcbenz	2015-02-10 11:36:21	atom/browser/api/atom_api_window.cc	False	True	True	True
1106	anaisbetts	2015-02-07 00:15:07	zcbenz	2015-02-10 11:36:21	atom/browser/native_window_views.h	False	True	True	True
1106	anaisbetts	2015-02-07 00:15:07	zcbenz	2015-02-10 10:35:02	atom/browser/native_window_views.h	False	True	True	True
1106	anaisbetts	2015-02-07 00:15:07	zcbenz	2015-02-10 10:35:02	atom/browser/native_window_mac.h	False	True	True	True
1106	anaisbetts	2015-02-07 00:15:07	zcbenz	2015-02-10 10:35:02	docs/api/browser-window.md	False	True	True	True
1106	anaisbetts	2015-02-07 00:15:07	zcbenz	2015-02-10 10:34:29	docs/api/browser-window.md	False	True	True	True
1106	anaisbetts	2015-02-07 00:15:07	zcbenz	2015-02-10 10:35:02	atom/browser/native_window_mac.mm	False	True	True	True
1106	anaisbetts	2015-02-07 00:15:07	zcbenz	2015-02-10 10:34:29	atom/browser/native_window_views.cc	True	True	True	True
1106	anaisbetts	2015-02-07 00:15:07	zcbenz	2015-02-10 10:34:29	atom/browser/native_window_views.h	True	True	True	True
1106	anaisbetts	2015-02-07 00:15:07	zcbenz	2015-02-10 10:34:29	atom/browser/api/atom_api_window.cc	True	True	True	True
1106	anaisbetts	2015-02-07 00:15:07	zcbenz	2015-02-10 10:34:29	atom/browser/api/atom_api_window.h	True	True	True	True
1106	anaisbetts	2015-02-07 00:15:07	zcbenz	2015-02-10 10:34:29	atom/browser/native_window.h	True	True	True	True
1106	anaisbetts	2015-02-07 00:15:07	zcbenz	2015-02-10 10:34:29	atom/browser/api/atom_api_window.h	False	True	True	True
1106	anaisbetts	2015-02-07 00:15:07	zcbenz	2015-02-10 10:34:29	atom/browser/native_window.h	False	True	True	True
1106	anaisbetts	2015-02-07 00:15:07	zcbenz	2015-02-10 10:34:29	atom/browser/native_window_views.cc	False	True	True	True
1106	anaisbetts	2015-02-07 00:15:07	zcbenz	2015-02-10 10:34:29	atom/browser/native_window_views.h	False	True	True	True
1106	anaisbetts	2015-02-07 00:15:07	zcbenz	2015-02-10 10:34:29	atom/browser/api/atom_api_window.cc	False	True	True	True
1106	anaisbetts	2015-02-07 00:15:07	zcbenz	2015-02-10 11:36:21	atom/browser/native_window.h	False	True	True	True
1106	anaisbetts	2015-02-07 00:15:07	zcbenz	2015-02-10 11:36:21	atom/browser/native_window_views.cc	False	True	True	True
1106	anaisbetts	2015-02-07 00:15:07	zcbenz	2015-02-10 11:36:42	atom/browser/native_window_views.h	True	True	True	True
1106	anaisbetts	2015-02-07 00:15:07	zcbenz	2015-02-10 11:36:21	atom/browser/api/atom_api_window.h	False	True	True	True
1106	anaisbetts	2015-02-07 00:15:07	zcbenz	2015-02-10 10:34:29	atom/browser/native_window_mac.mm	False	True	True	True
1106	anaisbetts	2015-02-07 00:15:07	zcbenz	2015-02-10 11:37:51	atom/browser/native_window_views.cc	True	True	True	True
1106	anaisbetts	2015-02-07 00:15:07	zcbenz	2015-02-10 11:37:51	atom/browser/native_window_views.h	True	True	True	True
1106	anaisbetts	2015-02-07 00:15:07	zcbenz	2015-02-10 11:37:51	atom/browser/api/atom_api_window.cc	True	True	True	True
1106	anaisbetts	2015-02-07 00:15:07	zcbenz	2015-02-10 11:37:51	atom/browser/api/atom_api_window.h	True	True	True	True
1106	anaisbetts	2015-02-07 00:15:07	zcbenz	2015-02-10 11:37:51	atom/browser/native_window.h	True	True	True	True
1106	anaisbetts	2015-02-07 00:15:07	zcbenz	2015-02-10 11:37:51	atom/browser/api/atom_api_window.h	False	True	True	True
1106	anaisbetts	2015-02-07 00:15:07	zcbenz	2015-02-10 11:37:51	atom/browser/native_window.h	False	True	True	True
1106	anaisbetts	2015-02-07 00:15:07	zcbenz	2015-02-10 11:37:51	atom/browser/native_window_views.cc	False	True	True	True
1106	anaisbetts	2015-02-07 00:15:07	zcbenz	2015-02-10 11:37:51	atom/browser/native_window_views.h	False	True	True	True
1106	anaisbetts	2015-02-07 00:15:07	zcbenz	2015-02-10 11:37:51	atom/browser/api/atom_api_window.cc	False	True	True	True
1106	anaisbetts	2015-02-07 00:15:07	zcbenz	2015-02-10 11:37:51	docs/api/browser-window.md	False	True	True	True
1106	anaisbetts	2015-02-07 00:15:07	zcbenz	2015-02-10 11:37:51	atom/browser/native_window_mac.h	False	True	True	True
1106	anaisbetts	2015-02-07 00:15:07	zcbenz	2015-02-10 11:37:51	atom/browser/native_window_mac.mm	False	True	True	True
1106	anaisbetts	2015-02-07 00:15:07	zcbenz	2015-02-10 11:36:42	atom/browser/native_window_views.cc	True	True	True	True
1106	anaisbetts	2015-02-07 00:15:07	zcbenz	2015-02-10 11:36:42	atom/browser/api/atom_api_window.cc	True	True	True	True
1106	anaisbetts	2015-02-07 00:15:07	zcbenz	2015-02-10 11:36:21	atom/browser/native_window.h	True	True	True	True
1106	anaisbetts	2015-02-07 00:15:07	zcbenz	2015-02-10 11:36:42	atom/browser/api/atom_api_window.h	True	True	True	True
1106	anaisbetts	2015-02-07 00:15:07	zcbenz	2015-02-10 11:36:42	atom/browser/native_window.h	True	True	True	True
1106	anaisbetts	2015-02-07 00:15:07	zcbenz	2015-02-10 11:36:42	atom/browser/api/atom_api_window.h	False	True	True	True
1106	anaisbetts	2015-02-07 00:15:07	zcbenz	2015-02-10 11:36:42	atom/browser/native_window.h	False	True	True	True
1106	anaisbetts	2015-02-07 00:15:07	zcbenz	2015-02-10 11:36:42	atom/browser/native_window_views.cc	False	True	True	True
1106	anaisbetts	2015-02-07 00:15:07	zcbenz	2015-02-10 11:36:42	atom/browser/native_window_views.h	False	True	True	True
1106	anaisbetts	2015-02-07 00:15:07	zcbenz	2015-02-10 11:36:42	atom/browser/api/atom_api_window.cc	False	True	True	True
1106	anaisbetts	2015-02-07 00:15:07	zcbenz	2015-02-10 11:36:42	docs/api/browser-window.md	False	True	True	True
1106	anaisbetts	2015-02-07 00:15:07	zcbenz	2015-02-10 11:36:42	atom/browser/native_window_mac.h	False	True	True	True
1106	anaisbetts	2015-02-07 00:15:07	zcbenz	2015-02-10 11:36:42	atom/browser/native_window_mac.mm	False	True	True	True
1106	anaisbetts	2015-02-07 00:15:07	zcbenz	2015-02-10 11:36:21	atom/browser/native_window_views.cc	True	True	True	True
1106	anaisbetts	2015-02-07 00:15:07	zcbenz	2015-02-10 11:36:21	atom/browser/native_window_views.h	True	True	True	True
1106	anaisbetts	2015-02-07 00:15:07	zcbenz	2015-02-10 11:36:21	atom/browser/api/atom_api_window.cc	True	True	True	True
1106	anaisbetts	2015-02-07 00:15:07	zcbenz	2015-02-10 11:36:21	atom/browser/api/atom_api_window.h	True	True	True	True
1106	anaisbetts	2015-02-07 00:15:07	zcbenz	2015-02-10 10:34:29	atom/browser/native_window_mac.h	False	True	True	True
1106	anaisbetts	2015-02-07 00:15:07	zcbenz	2015-02-10 10:04:58	atom/browser/api/atom_api_window.cc	True	True	True	True
1106	anaisbetts	2015-02-07 00:15:07	zcbenz	2015-02-10 10:06:12	atom/browser/native_window_views.cc	True	True	True	True
1106	anaisbetts	2015-02-07 00:15:07	zcbenz	2015-02-10 10:03:53	atom/browser/native_window_views.h	False	True	True	True
1106	anaisbetts	2015-02-07 00:15:07	zcbenz	2015-02-10 10:06:12	atom/browser/native_window_views.h	True	True	True	True
1106	anaisbetts	2015-02-07 00:15:07	zcbenz	2015-02-10 10:03:53	atom/browser/native_window_mac.h	False	True	True	True
1106	anaisbetts	2015-02-07 00:15:07	zcbenz	2015-02-10 10:03:53	atom/browser/native_window_mac.mm	False	True	True	True
1106	anaisbetts	2015-02-07 00:15:07	zcbenz	2015-02-10 10:30:16	atom/browser/native_window_views.cc	True	True	True	True
1106	anaisbetts	2015-02-07 00:15:07	zcbenz	2015-02-10 10:30:16	atom/browser/native_window_views.h	True	True	True	True
1106	anaisbetts	2015-02-07 00:15:07	zcbenz	2015-02-10 10:30:16	atom/browser/api/atom_api_window.cc	True	True	True	True
1106	anaisbetts	2015-02-07 00:15:07	zcbenz	2015-02-10 10:30:16	atom/browser/api/atom_api_window.h	True	True	True	True
1106	anaisbetts	2015-02-07 00:15:07	zcbenz	2015-02-10 10:30:16	atom/browser/native_window.h	True	True	True	True
1106	anaisbetts	2015-02-07 00:15:07	zcbenz	2015-02-10 10:30:16	atom/browser/api/atom_api_window.h	False	True	True	True
1106	anaisbetts	2015-02-07 00:15:07	zcbenz	2015-02-10 10:30:16	atom/browser/native_window.h	False	True	True	True
1106	anaisbetts	2015-02-07 00:15:07	zcbenz	2015-02-10 10:30:16	atom/browser/native_window_views.cc	False	True	True	True
1106	anaisbetts	2015-02-07 00:15:07	zcbenz	2015-02-10 10:30:16	atom/browser/native_window_views.h	False	True	True	True
1106	anaisbetts	2015-02-07 00:15:07	zcbenz	2015-02-10 10:30:16	atom/browser/api/atom_api_window.cc	False	True	True	True
1106	anaisbetts	2015-02-07 00:15:07	zcbenz	2015-02-10 10:30:16	docs/api/browser-window.md	False	True	True	True
1106	anaisbetts	2015-02-07 00:15:07	zcbenz	2015-02-10 10:30:16	atom/browser/native_window_mac.h	False	True	True	True
1106	anaisbetts	2015-02-07 00:15:07	zcbenz	2015-02-10 10:30:16	atom/browser/native_window_mac.mm	False	True	True	True
1106	anaisbetts	2015-02-07 00:15:07	zcbenz	2015-02-10 10:31:20	atom/browser/native_window_views.cc	True	True	True	True
1106	anaisbetts	2015-02-07 00:15:07	zcbenz	2015-02-10 10:31:20	atom/browser/native_window_views.h	True	True	True	True
1106	anaisbetts	2015-02-07 00:15:07	zcbenz	2015-02-10 10:31:20	atom/browser/api/atom_api_window.cc	True	True	True	True
1106	anaisbetts	2015-02-07 00:15:07	zcbenz	2015-02-10 10:31:20	atom/browser/api/atom_api_window.h	True	True	True	True
1106	anaisbetts	2015-02-07 00:15:07	zcbenz	2015-02-10 10:31:20	atom/browser/native_window.h	True	True	True	True
1106	anaisbetts	2015-02-07 00:15:07	zcbenz	2015-02-10 10:31:20	atom/browser/api/atom_api_window.h	False	True	True	True
1106	anaisbetts	2015-02-07 00:15:07	zcbenz	2015-02-10 10:31:20	atom/browser/native_window.h	False	True	True	True
1106	anaisbetts	2015-02-07 00:15:07	zcbenz	2015-02-10 10:31:20	atom/browser/native_window_views.cc	False	True	True	True
1106	anaisbetts	2015-02-07 00:15:07	zcbenz	2015-02-10 10:31:20	atom/browser/native_window_views.h	False	True	True	True
1106	anaisbetts	2015-02-07 00:15:07	zcbenz	2015-02-10 10:31:20	atom/browser/api/atom_api_window.cc	False	True	True	True
1106	anaisbetts	2015-02-07 00:15:07	zcbenz	2015-02-10 10:31:20	docs/api/browser-window.md	False	True	True	True
1106	anaisbetts	2015-02-07 00:15:07	zcbenz	2015-02-10 10:31:20	atom/browser/native_window_mac.h	False	True	True	True
1106	anaisbetts	2015-02-07 00:15:07	zcbenz	2015-02-10 10:31:20	atom/browser/native_window_mac.mm	False	True	True	True
1106	anaisbetts	2015-02-07 00:15:07	zcbenz	2015-02-10 10:03:53	atom/browser/api/atom_api_window.cc	False	True	True	True
1106	anaisbetts	2015-02-07 00:15:07	zcbenz	2015-02-10 10:03:53	docs/api/browser-window.md	False	True	True	True
1106	anaisbetts	2015-02-07 00:15:07	zcbenz	2015-02-10 10:03:53	atom/browser/native_window_views.cc	False	True	True	True
1106	anaisbetts	2015-02-07 00:15:07	zcbenz	2015-02-10 10:04:58	atom/browser/native_window.h	True	True	True	True
1106	anaisbetts	2015-02-07 00:15:07	zcbenz	2015-02-10 10:06:12	atom/browser/api/atom_api_window.cc	True	True	True	True
1106	anaisbetts	2015-02-07 00:15:07	zcbenz	2015-02-10 10:06:12	atom/browser/api/atom_api_window.h	True	True	True	True
1106	anaisbetts	2015-02-07 00:15:07	zcbenz	2015-02-10 10:06:12	atom/browser/native_window.h	True	True	True	True
1106	anaisbetts	2015-02-07 00:15:07	zcbenz	2015-02-10 10:06:12	atom/browser/api/atom_api_window.h	False	True	True	True
1106	anaisbetts	2015-02-07 00:15:07	zcbenz	2015-02-10 10:06:12	atom/browser/native_window.h	False	True	True	True
1106	anaisbetts	2015-02-07 00:15:07	zcbenz	2015-02-10 10:06:12	atom/browser/native_window_views.cc	False	True	True	True
1106	anaisbetts	2015-02-07 00:15:07	zcbenz	2015-02-10 10:06:12	atom/browser/native_window_views.h	False	True	True	True
1106	anaisbetts	2015-02-07 00:15:07	zcbenz	2015-02-10 10:06:12	atom/browser/api/atom_api_window.cc	False	True	True	True
1106	anaisbetts	2015-02-07 00:15:07	zcbenz	2015-02-10 10:06:12	docs/api/browser-window.md	False	True	True	True
1106	anaisbetts	2015-02-07 00:15:07	zcbenz	2015-02-10 10:06:12	atom/browser/native_window_mac.h	False	True	True	True
1106	anaisbetts	2015-02-07 00:15:07	zcbenz	2015-02-10 10:06:12	atom/browser/native_window_mac.mm	False	True	True	True
1106	anaisbetts	2015-02-07 00:15:07	zcbenz	2015-02-10 10:04:58	atom/browser/native_window_views.cc	True	True	True	True
1106	anaisbetts	2015-02-07 00:15:07	zcbenz	2015-02-10 10:03:53	atom/browser/native_window.h	False	True	True	True
1106	anaisbetts	2015-02-07 00:15:07	zcbenz	2015-02-10 10:04:58	atom/browser/api/atom_api_window.h	True	True	True	True
1106	anaisbetts	2015-02-07 00:15:07	zcbenz	2015-02-10 10:04:58	atom/browser/native_window_views.h	True	True	True	True
1106	anaisbetts	2015-02-07 00:15:07	zcbenz	2015-02-10 10:04:58	atom/browser/api/atom_api_window.h	False	True	True	True
1106	anaisbetts	2015-02-07 00:15:07	zcbenz	2015-02-10 10:03:53	atom/browser/native_window_views.cc	True	True	True	True
1106	anaisbetts	2015-02-07 00:15:07	zcbenz	2015-02-10 10:03:53	atom/browser/api/atom_api_window.h	False	True	True	True
1106	anaisbetts	2015-02-07 00:15:07	zcbenz	2015-02-10 10:03:53	atom/browser/native_window.h	True	True	True	True
1106	anaisbetts	2015-02-07 00:15:07	zcbenz	2015-02-10 10:03:53	atom/browser/api/atom_api_window.h	True	True	True	True
1106	anaisbetts	2015-02-07 00:15:07	zcbenz	2015-02-10 10:04:58	atom/browser/native_window.h	False	True	True	True
1106	anaisbetts	2015-02-07 00:15:07	zcbenz	2015-02-10 10:03:53	atom/browser/native_window_views.h	True	True	True	True
1106	anaisbetts	2015-02-07 00:15:07	zcbenz	2015-02-10 10:03:53	atom/browser/api/atom_api_window.cc	True	True	True	True
1106	anaisbetts	2015-02-07 00:15:07	zcbenz	2015-02-10 10:04:58	atom/browser/native_window_mac.mm	False	True	True	True
1106	anaisbetts	2015-02-07 00:15:07	zcbenz	2015-02-10 10:04:58	atom/browser/native_window_mac.h	False	True	True	True
1106	anaisbetts	2015-02-07 00:15:07	zcbenz	2015-02-10 10:04:58	docs/api/browser-window.md	False	True	True	True
1106	anaisbetts	2015-02-07 00:15:07	zcbenz	2015-02-10 10:04:58	atom/browser/api/atom_api_window.cc	False	True	True	True
1106	anaisbetts	2015-02-07 00:15:07	zcbenz	2015-02-10 10:04:58	atom/browser/native_window_views.h	False	True	True	True
1106	anaisbetts	2015-02-07 00:15:07	zcbenz	2015-02-10 10:04:58	atom/browser/native_window_views.cc	False	True	True	True
1100	christoth	2015-02-05 18:52:04	zcbenz	2015-02-05 19:39:37	atom/browser/resources/win/atom.rc	True	True	True	True
1100	christoth	2015-02-05 18:52:04	zcbenz	2015-02-05 19:39:37	atom/browser/resources/win/atom.rc	False	True	True	True
