pr_number	author_user_login	pr_created_at	comment_user_login	comment_created_at	is_review_issue_comment
8107	deepak1556	2016-11-30 20:32:02	kevinsawicki	2016-12-09 18:07:59	True
8095	MarshallOfSound	2016-11-29 07:48:39	jhen0409	2017-02-14 07:17:16	True
8095	MarshallOfSound	2016-11-29 07:48:39	NTag	2017-02-12 09:36:31	True
8095	MarshallOfSound	2016-11-29 07:48:39	Cryrivers	2017-02-22 15:41:03	True
8095	MarshallOfSound	2016-11-29 07:48:39	PeterTeng	2017-02-22 23:32:13	True
8095	MarshallOfSound	2016-11-29 07:48:39	galli-leo	2017-02-28 21:39:19	True
8095	MarshallOfSound	2016-11-29 07:48:39	kevinsawicki	2017-02-23 16:31:39	True
8095	MarshallOfSound	2016-11-29 07:48:39	bcoe	2017-02-12 02:55:51	True
8095	MarshallOfSound	2016-11-29 07:48:39	kevinsawicki	2017-02-28 21:57:38	True
8095	MarshallOfSound	2016-11-29 07:48:39	kevinsawicki	2017-02-23 22:17:51	True
8095	MarshallOfSound	2016-11-29 07:48:39	bengotow	2016-11-29 15:35:57	True
8095	MarshallOfSound	2016-11-29 07:48:39	stnKrisna	2016-12-10 04:16:58	True
8095	MarshallOfSound	2016-11-29 07:48:39	bcoe	2017-01-13 19:34:32	True
8095	MarshallOfSound	2016-11-29 07:48:39	matthewdias	2017-02-12 06:45:14	True
8095	MarshallOfSound	2016-11-29 07:48:39	zeke	2017-01-13 20:03:18	True
8095	MarshallOfSound	2016-11-29 07:48:39	ktiedt	2017-01-25 06:17:13	True
8095	MarshallOfSound	2016-11-29 07:48:39	tvanier	2017-02-06 21:10:49	True
8092	poiru	2016-11-28 19:44:45	kevinsawicki	2016-11-29 21:36:56	True
8086		2016-11-27 19:43:50			False
8084	poiru	2016-11-27 16:02:01	kevinsawicki	2016-11-29 22:07:32	True
8078		2016-11-25 13:04:20			False
8065	DanTheMan827	2016-11-23 15:22:29	kevinsawicki	2016-11-23 17:10:46	True
8065	DanTheMan827	2016-11-23 15:22:29	MarshallOfSound	2016-11-23 15:26:57	True
8061	deepak1556	2016-11-23 08:43:46	kevinsawicki	2016-12-06 18:33:37	True
8061	deepak1556	2016-11-23 08:43:46	kevinsawicki	2016-12-09 17:39:11	True
8058		2016-11-23 00:54:35			False
8052	MarshallOfSound	2016-11-22 12:27:43	kevinsawicki	2017-02-24 17:03:26	True
8052	MarshallOfSound	2016-11-22 12:27:43	VishwasShashidhar	2017-05-11 15:10:41	True
8052	MarshallOfSound	2016-11-22 12:27:43	Slapbox	2017-03-25 17:59:12	True
8052	MarshallOfSound	2016-11-22 12:27:43	jkleinsc	2017-08-07 17:04:58	True
8052	MarshallOfSound	2016-11-22 12:27:43	kevinsawicki	2017-08-07 18:21:00	True
8052	MarshallOfSound	2016-11-22 12:27:43	paxti	2018-01-22 07:24:03	True
8052	MarshallOfSound	2016-11-22 12:27:43	ckerr	2018-02-07 17:44:13	True
8052	MarshallOfSound	2016-11-22 12:27:43	Slapbox	2017-03-28 12:52:20	True
8046		2016-11-22 00:55:21			False
8043		2016-11-21 23:42:59			False
8041	anaisbetts	2016-11-21 20:07:48	kevinsawicki	2016-11-21 22:23:47	True
8041	anaisbetts	2016-11-21 20:07:48	kevinsawicki	2016-11-22 16:13:47	True
8031		2016-11-20 15:52:13			False
8009		2016-11-18 00:42:04			False
7993	kevinsawicki	2016-11-17 00:34:43	anaisbetts	2016-11-17 00:38:03	True
7993	kevinsawicki	2016-11-17 00:34:43	anaisbetts	2016-11-17 00:35:29	True
7974	MarshallOfSound	2016-11-15 10:30:18	zcbenz	2016-11-17 04:01:35	True
7948	anaisbetts	2016-11-12 00:09:03	kevinsawicki	2016-11-14 15:56:08	True
7947	pfrazee	2016-11-11 19:12:24	kevinsawicki	2016-12-12 20:52:26	True
7947	pfrazee	2016-11-11 19:12:24	kevinsawicki	2016-11-15 22:26:39	True
7947	pfrazee	2016-11-11 19:12:24	MarshallOfSound	2016-11-14 16:30:40	True
7947	pfrazee	2016-11-11 19:12:24	deepak1556	2016-11-12 04:00:07	True
7933	joshaber	2016-11-10 16:39:09	kevinsawicki	2016-11-10 17:34:59	True
7923	jhen0409	2016-11-10 03:38:40	kevinsawicki	2016-11-14 15:49:03	True
7923	jhen0409	2016-11-10 03:38:40	kevinsawicki	2016-11-15 17:04:43	True
7917	gregnolle	2016-11-09 17:22:51	kevinsawicki	2016-11-09 23:30:43	True
7917	gregnolle	2016-11-09 17:22:51	kevinsawicki	2016-11-16 00:27:07	True
7917	gregnolle	2016-11-09 17:22:51	zeke	2016-11-12 19:34:12	True
7917	gregnolle	2016-11-09 17:22:51	zeke	2016-11-15 16:12:26	True
7898	gerhardberger	2016-11-07 20:30:58	kevinsawicki	2016-11-10 19:58:39	True
7898	gerhardberger	2016-11-07 20:30:58	arkenthera	2016-11-10 20:56:54	True
7898	gerhardberger	2016-11-07 20:30:58	kevinsawicki	2016-11-10 20:06:42	True
7898	gerhardberger	2016-11-07 20:30:58	knpwrs	2016-11-10 20:03:19	True
7898	gerhardberger	2016-11-07 20:30:58	kevinsawicki	2016-11-10 21:41:41	True
7898	gerhardberger	2016-11-07 20:30:58	kevinsawicki	2016-11-10 00:31:16	True
7898	gerhardberger	2016-11-07 20:30:58	kevinsawicki	2016-11-10 18:37:59	True
7898	gerhardberger	2016-11-07 20:30:58	snify	2016-11-08 12:56:20	True
7898	gerhardberger	2016-11-07 20:30:58	snify	2016-11-10 13:21:51	True
7898	gerhardberger	2016-11-07 20:30:58	YurySolovyov	2016-11-08 14:46:42	True
7898	gerhardberger	2016-11-07 20:30:58	arkenthera	2016-11-10 21:17:04	True
7888	zeke	2016-11-06 03:21:07	kevinsawicki	2016-11-22 22:41:58	True
7888	zeke	2016-11-06 03:21:07	kevinsawicki	2016-11-07 22:40:10	True
7888	zeke	2016-11-06 03:21:07	kevinsawicki	2016-11-07 16:19:00	True
7888	zeke	2016-11-06 03:21:07	MarshallOfSound	2016-11-16 06:33:00	True
7884		2016-11-05 08:44:40			False
7881	kevinsawicki	2016-11-04 21:15:40	zeke	2016-11-04 22:42:33	True
7878		2016-11-04 18:35:51			False
7869		2016-11-03 21:21:56			False
7867		2016-11-03 20:04:06			False
7864		2016-11-03 18:55:04			False
7863		2016-11-03 18:29:36			False
7857	MarshallOfSound	2016-11-03 08:52:55	zeke	2016-11-16 19:18:32	True
7857	MarshallOfSound	2016-11-03 08:52:55	zeke	2016-11-15 17:10:00	True
7857	MarshallOfSound	2016-11-03 08:52:55	zeke	2017-04-01 04:13:41	True
7857	MarshallOfSound	2016-11-03 08:52:55	zeke	2017-04-01 05:20:24	True
7857	MarshallOfSound	2016-11-03 08:52:55	zeke	2017-05-03 00:27:46	True
7857	MarshallOfSound	2016-11-03 08:52:55	zeke	2017-03-02 23:07:39	True
7851	YurySolovyov	2016-11-02 21:28:55	kevinsawicki	2016-11-10 17:43:33	True
7851	YurySolovyov	2016-11-02 21:28:55	MarshallOfSound	2016-11-05 18:09:31	True
7851	YurySolovyov	2016-11-02 21:28:55	MarshallOfSound	2016-11-05 18:28:22	True
7851	YurySolovyov	2016-11-02 21:28:55	deepak1556	2016-11-15 10:05:43	True
7851	YurySolovyov	2016-11-02 21:28:55	deepak1556	2016-11-11 02:26:38	True
7851	YurySolovyov	2016-11-02 21:28:55	vutran	2017-02-04 04:54:56	True
7851	YurySolovyov	2016-11-02 21:28:55	alexstrat	2016-12-28 10:47:17	True
7851	YurySolovyov	2016-11-02 21:28:55	kevinsawicki	2017-02-07 19:37:01	True
7843	zeke	2016-11-01 23:44:27	enlight	2016-11-02 00:13:52	True
7837		2016-11-01 17:46:22			False
