pr_number	author_user_login	pr_created_at	review_comment_user_login	review_comment_created_at	is_review_review_comment
3509	bengotow	2015-11-19 08:41:35	zcbenz	2015-11-19 09:26:42	True
3509	bengotow	2015-11-19 08:41:35	sindresorhus	2015-11-19 14:00:35	True
3499	fscherwi	2015-11-18 21:13:50	vitorgalvao	2015-11-19 00:01:01	True
3499	fscherwi	2015-11-18 21:13:50	vitorgalvao	2015-11-19 00:03:03	True
3483	preco21	2015-11-18 00:36:22	anaisbetts	2015-11-18 00:41:54	True
3454	brenca	2015-11-16 03:59:10	zcbenz	2015-11-16 13:07:17	True
3454	brenca	2015-11-16 03:59:10	zcbenz	2015-11-16 14:01:27	True
3454	brenca	2015-11-16 03:59:10	zcbenz	2015-11-16 13:07:15	True
3454	brenca	2015-11-16 03:59:10	zcbenz	2015-11-16 13:07:11	True
3454	brenca	2015-11-16 03:59:10	zcbenz	2015-11-16 13:06:04	True
3412	skhameneh	2015-11-12 09:52:51	etiktin	2015-11-12 22:47:10	True
3412	skhameneh	2015-11-12 09:52:51	etiktin	2015-11-13 00:27:24	True
3412	skhameneh	2015-11-12 09:52:51	etiktin	2015-11-12 16:45:47	True
3344	deepak1556	2015-11-05 15:29:54	zcbenz	2015-11-16 09:51:11	True
3344	deepak1556	2015-11-05 15:29:54	zcbenz	2015-11-16 09:51:25	True
3344	deepak1556	2015-11-05 15:29:54	zcbenz	2015-11-16 10:11:35	True
3344	deepak1556	2015-11-05 15:29:54	zcbenz	2015-11-16 14:24:12	True
3344	deepak1556	2015-11-05 15:29:54	zcbenz	2015-11-16 09:51:19	True
3344	deepak1556	2015-11-05 15:29:54	zcbenz	2015-11-16 14:24:15	True
3337	tylergibson	2015-11-04 21:53:36	ryanmolden	2015-11-04 22:57:09	True
3337	tylergibson	2015-11-04 21:53:36	ryanmolden	2015-11-04 23:08:03	True
3337	tylergibson	2015-11-04 21:53:36	ryanmolden	2015-11-04 23:06:49	True
3337	tylergibson	2015-11-04 21:53:36	ryanmolden	2015-11-04 22:57:28	True
3337	tylergibson	2015-11-04 21:53:36	ryanmolden	2015-11-04 23:09:03	True
3337	tylergibson	2015-11-04 21:53:36	ryanmolden	2015-11-04 23:05:57	True
3337	tylergibson	2015-11-04 21:53:36	ryanmolden	2015-11-04 22:55:33	True
3337	tylergibson	2015-11-04 21:53:36	ryanmolden	2015-11-04 22:52:52	True
3337	tylergibson	2015-11-04 21:53:36	ryanmolden	2015-11-04 22:44:36	True
3337	tylergibson	2015-11-04 21:53:36	ryanmolden	2015-11-04 22:43:50	True
3337	tylergibson	2015-11-04 21:53:36	ryanmolden	2015-11-04 22:48:04	True
3337	tylergibson	2015-11-04 21:53:36	ryanmolden	2015-11-04 22:54:24	True
3337	tylergibson	2015-11-04 21:53:36	ryanmolden	2015-11-04 22:51:14	True
3313	kevinsimper	2015-11-03 15:11:40	zcbenz	2015-11-04 02:45:45	True
3313	kevinsimper	2015-11-03 15:11:40	zcbenz	2015-11-04 10:38:49	True
3308	ReadmeCritic	2015-11-03 05:16:14	zcbenz	2015-11-03 06:31:26	True
