pr_number	author_user_login	pr_created_at	review_user_login	review_created_at	filename	create_before_pr	has_issue_comment	has_review_comment	has_commit
124	zcbenz	2013-11-12 11:54:55	aroben	2013-11-12 15:27:46	common/api/atom_extensions.h	False	True	True	True
124	zcbenz	2013-11-12 11:54:55	aroben	2013-11-12 15:27:46	vendor/gyp	True	True	True	True
124	zcbenz	2013-11-12 11:54:55	aroben	2013-11-12 15:27:46	vendor/depot_tools	True	True	True	True
124	zcbenz	2013-11-12 11:54:55	aroben	2013-11-12 15:27:46	vendor/breakpad	False	True	True	True
124	zcbenz	2013-11-12 11:54:55	aroben	2013-11-12 15:27:46	browser/crash_reporter_mac.mm	False	True	True	True
124	zcbenz	2013-11-12 11:54:55	aroben	2013-11-12 15:27:46	common/crash_reporter/crash_reporter_win.cc	False	True	True	True
124	zcbenz	2013-11-12 11:54:55	aroben	2013-11-12 15:27:46	common/api/lib/crash-reporter.coffee	False	True	True	True
124	zcbenz	2013-11-12 11:54:55	aroben	2013-11-12 15:27:46	common/crash_reporter/crash_reporter.h	False	True	True	True
124	zcbenz	2013-11-12 11:54:55	aroben	2013-11-12 15:27:46	atom.gyp	False	True	True	True
124	zcbenz	2013-11-12 11:54:55	aroben	2013-11-12 15:27:46	docs/README.md	False	True	True	True
124	zcbenz	2013-11-12 11:54:55	aroben	2013-11-12 15:27:46	docs/api/common/crash-reporter.md	False	True	True	True
124	zcbenz	2013-11-12 11:54:55	aroben	2013-11-12 15:27:46	common/crash_reporter/crash_reporter_mac.mm	False	True	True	True
124	zcbenz	2013-11-12 11:54:55	aroben	2013-11-12 15:27:46	common/api/atom_api_crash_reporter.h	False	True	True	True
124	zcbenz	2013-11-12 11:54:55	aroben	2013-11-12 15:27:46	atom.gyp	True	True	True	True
124	zcbenz	2013-11-12 11:54:55	aroben	2013-11-12 15:27:46	common.gypi	True	True	True	True
124	zcbenz	2013-11-12 11:54:55	aroben	2013-11-12 15:27:46	common/api/atom_api_crash_reporter.cc	False	True	True	True
124	zcbenz	2013-11-12 11:54:55	aroben	2013-11-12 15:27:46	.gitmodules	True	True	True	True
124	zcbenz	2013-11-12 11:54:55	aroben	2013-11-12 15:27:46	vendor/breakpad	True	True	True	True
124	zcbenz	2013-11-12 11:54:55	aroben	2013-11-12 15:27:46	common/crash_reporter/crash_reporter.cc	False	True	True	True
124	zcbenz	2013-11-12 11:54:55	aroben	2013-11-12 15:27:46	common/crash_reporter/crash_reporter_mac.h	False	True	True	True
124	zcbenz	2013-11-12 11:54:55	aroben	2013-11-12 15:27:46	common/crash_reporter/crash_reporter_win.h	False	True	True	True
124	zcbenz	2013-11-12 11:54:55	aroben	2013-11-12 15:27:46	spec/api/crash-reporter.coffee	False	True	True	True
124	zcbenz	2013-11-12 11:54:55	aroben	2013-11-12 15:27:46	common/v8_conversions.h	False	True	True	True
124	zcbenz	2013-11-12 11:54:55	aroben	2013-11-12 15:27:46	spec/fixtures/api/crash.html	False	True	True	True
124	zcbenz	2013-11-12 11:54:55	aroben	2013-11-12 15:27:46	script/upload.py	False	True	True	True
124	zcbenz	2013-11-12 11:54:55	aroben	2013-11-12 15:27:46	script/create-dist.py	False	True	True	True
124	zcbenz	2013-11-12 11:54:55	aroben	2013-11-12 15:27:46	script/lib/util.py	False	True	True	True
124	zcbenz	2013-11-12 11:54:55	aroben	2013-11-12 15:27:46	common.gypi	False	True	True	True
124	zcbenz	2013-11-12 11:54:55	aroben	2013-11-12 15:27:46	tools/mac/generate_breakpad_symbols.py	False	True	True	True
124	zcbenz	2013-11-12 11:54:55	aroben	2013-11-12 15:27:46	package.json	False	True	True	True
124	zcbenz	2013-11-12 11:54:55	aroben	2013-11-12 15:27:46	script/update-frameworks.py	False	True	True	True
