pr_number	author_user_login	pr_created_at	commit_user_login	commit_created_at	commit_status_total	commit_status_additions	commit_status_deletions	create_before_pr	is_review_commit
21342	MarshallOfSound	2019-11-30 23:07:08	MarshallOfSound	2019-11-30 23:04:53	46	46	0	True	True
21341	deepak1556	2019-11-30 22:38:28	miniak	2019-11-30 22:17:46	75	39	36	True	True
21339	electron-bot	2019-11-30 13:00:46	electron-bot	2019-11-30 13:00:45	2	1	1	True	True
21334	miniak	2019-11-29 12:13:42	deepak1556	2019-11-30 04:20:43	81	42	39	False	True
21331	amorist	2019-11-29 08:47:32	amorist	2019-11-29 08:42:17	2	1	1	True	True
21328	MarshallOfSound	2019-11-29 07:00:16	MarshallOfSound	2019-11-29 06:59:23	51	38	13	True	True
21327	thypon	2019-11-28 14:54:29	thypon	2019-11-28 14:41:49	13	12	1	True	True
21317	trop[bot]	2019-11-28 01:38:18	ymmuse	2019-10-28 10:42:18	2	2	0	True	True
21316	trop[bot]	2019-11-28 01:38:12	ymmuse	2019-10-28 10:42:18	2	2	0	True	True
21315	bughit	2019-11-27 21:51:49	bughit	2019-11-27 21:32:33	586	312	274	True	True
21313	lynxtaa	2019-11-27 20:21:14	lynxtaa	2019-11-27 20:07:20	2	1	1	True	True
21312	trop[bot]	2019-11-27 18:37:51	codebytere	2019-11-21 23:44:07	64	36	28	True	True
21312	trop[bot]	2019-11-27 18:37:51	codebytere	2019-11-22 21:40:13	6	2	4	True	True
21307	electron-bot	2019-11-27 13:01:09	electron-bot	2019-11-28 13:00:18	2	1	1	False	True
21307	electron-bot	2019-11-27 13:01:09	electron-bot	2019-11-27 13:01:08	2	1	1	True	True
21307	electron-bot	2019-11-27 13:01:09	electron-bot	2019-11-29 13:00:50	2	1	1	False	True
21304	nornagon	2019-11-27 01:18:26	nornagon	2019-11-27 18:35:51	250	231	19	False	True
21304	nornagon	2019-11-27 01:18:26	nornagon	2019-11-27 19:04:08	8	4	4	False	True
21304	nornagon	2019-11-27 01:18:26	nornagon	2019-11-27 01:01:13	2749	1392	1357	True	True
21304	nornagon	2019-11-27 01:18:26	nornagon	2019-11-27 19:01:53	2	2	0	False	True
21304	nornagon	2019-11-27 01:18:26	nornagon	2019-11-28 01:12:23	2	1	1	False	True
21304	nornagon	2019-11-27 01:18:26	nornagon	2019-11-27 18:33:23	24	18	6	False	True
21304	nornagon	2019-11-27 01:18:26	nornagon	2019-11-27 21:28:25	44	27	17	False	True
21304	nornagon	2019-11-27 01:18:26	nornagon	2019-11-27 22:35:52	2	1	1	False	True
21304	nornagon	2019-11-27 01:18:26	nornagon	2019-12-02 19:12:48	2	1	1	False	True
21304	nornagon	2019-11-27 01:18:26	nornagon	2019-11-27 19:02:50	5	3	2	False	True
21303	nornagon	2019-11-27 01:11:52	nornagon	2019-11-27 01:01:13	2746	1364	1382	True	True
21303	nornagon	2019-11-27 01:11:52	nornagon	2019-11-27 22:36:37	2	2	0	False	True
21303	nornagon	2019-11-27 01:11:52	nornagon	2019-11-27 21:12:37	11	6	5	False	True
21299	nornagon	2019-11-26 21:49:22	nornagon	2019-11-26 21:27:33	32	31	1	True	True
21298	nornagon	2019-11-26 21:47:32	nornagon	2019-11-26 21:27:33	32	31	1	True	True
21297	trop[bot]	2019-11-26 21:16:58	MarshallOfSound	2019-11-22 23:19:29	38	38	0	True	True
21297	trop[bot]	2019-11-26 21:16:58	MarshallOfSound	2019-11-26 19:08:22	2	1	1	True	True
21296	nornagon	2019-11-26 21:13:25	nornagon	2019-11-26 19:22:01	98	0	98	True	True
21296	nornagon	2019-11-26 21:13:25	nornagon	2019-11-26 21:11:00	36	24	12	True	True
21295	trop[bot]	2019-11-26 21:10:28	MarshallOfSound	2019-11-26 21:45:42	2	1	1	False	True
21295	trop[bot]	2019-11-26 21:10:28	MarshallOfSound	2019-11-26 23:38:46	13	8	5	False	True
21295	trop[bot]	2019-11-26 21:10:28	kwonoj	2019-11-25 22:34:25	60	58	2	True	True
21293	nornagon	2019-11-26 17:36:11	nornagon	2019-11-26 17:35:18	7	6	1	True	True
21287	MarshallOfSound	2019-11-26 01:07:33	MarshallOfSound	2019-11-26 01:06:08	25	24	1	True	True
21287	MarshallOfSound	2019-11-26 01:07:33	MarshallOfSound	2019-11-26 21:19:46	2	1	1	False	True
21286	nornagon	2019-11-25 23:21:12	nornagon	2019-11-25 23:19:27	32	31	1	True	True
21285	MarshallOfSound	2019-11-25 22:43:23	kwonoj	2019-11-25 22:34:25	60	58	2	True	True
21284	MarshallOfSound	2019-11-25 19:16:29	MarshallOfSound	2019-11-25 19:12:58	9	8	1	True	True
21283	trop[bot]	2019-11-25 19:13:34	MarshallOfSound	2019-11-22 22:11:44	9	8	1	True	True
21282	trop[bot]	2019-11-25 19:04:16	loc	2019-11-22 22:19:03	1	1	0	True	True
21281	trop[bot]	2019-11-25 19:04:14	loc	2019-11-22 22:19:03	1	1	0	True	True
21280	nornagon	2019-11-25 17:34:38	CapOM	2019-11-21 01:21:44	205	190	15	True	True
21279	nornagon	2019-11-25 17:31:49	CapOM	2019-11-21 01:21:44	207	191	16	True	True
21278	nornagon	2019-11-25 17:28:48	CapOM	2019-11-21 01:21:44	209	192	17	True	True
21277	nornagon	2019-11-25 17:26:22	nornagon	2019-11-22 02:05:41	17	17	0	True	True
21276	nornagon	2019-11-25 17:18:34	nornagon	2019-11-22 02:05:41	17	17	0	True	True
21267	trop[bot]	2019-11-22 23:34:15	MarshallOfSound	2019-11-19 01:22:48	57	45	12	True	True
21267	trop[bot]	2019-11-22 23:34:15	MarshallOfSound	2019-11-20 22:17:52	4	1	3	True	True
21266	MarshallOfSound	2019-11-22 23:21:41	MarshallOfSound	2019-11-26 19:08:22	2	1	1	False	True
21266	MarshallOfSound	2019-11-22 23:21:41	MarshallOfSound	2019-11-22 23:19:29	38	38	0	True	True
21265	nornagon	2019-11-22 22:36:38	nornagon	2019-11-22 22:35:15	626	276	350	True	True
21265	nornagon	2019-11-22 22:36:38	nornagon	2019-11-23 01:00:05	3	2	1	False	True
21265	nornagon	2019-11-22 22:36:38	nornagon	2019-11-25 17:42:20	3	1	2	False	True
21264	loc	2019-11-22 22:34:00	loc	2019-11-22 22:19:03	1	1	0	True	True
21263	MarshallOfSound	2019-11-22 22:12:51	MarshallOfSound	2019-11-22 22:11:44	9	8	1	True	True
21252	electron-bot	2019-11-22 13:00:46	electron-bot	2019-11-24 13:00:14	2	1	1	False	True
21252	electron-bot	2019-11-22 13:00:46	electron-bot	2019-11-23 13:01:05	2	1	1	False	True
21252	electron-bot	2019-11-22 13:00:46	electron-bot	2019-11-26 13:00:28	2	1	1	False	True
21252	electron-bot	2019-11-22 13:00:46	electron-bot	2019-11-22 13:00:45	2	1	1	True	True
21252	electron-bot	2019-11-22 13:00:46	electron-bot	2019-11-25 13:00:56	2	1	1	False	True
21248	codebytere	2019-11-21 23:51:52	codebytere	2019-11-22 21:40:13	6	2	4	False	True
21248	codebytere	2019-11-21 23:51:52	codebytere	2019-11-21 23:44:07	64	36	28	True	True
21247	codebytere	2019-11-21 21:25:21	codebytere	2019-11-21 21:24:16	4	3	1	True	True
21246	trop[bot]	2019-11-21 19:12:35	MarshallOfSound	2019-11-20 21:24:27	4	2	2	True	True
21245	trop[bot]	2019-11-21 19:12:32	MarshallOfSound	2019-11-20 21:24:27	4	2	2	True	True
21244	nornagon	2019-11-21 19:07:19	nornagon	2019-11-25 22:34:28	6	6	0	False	True
21244	nornagon	2019-11-21 19:07:19	nornagon	2019-11-22 22:19:04	14	6	8	False	True
21244	nornagon	2019-11-21 19:07:19	nornagon	2019-11-22 22:15:05	13	13	0	False	True
21244	nornagon	2019-11-21 19:07:19	nornagon	2019-11-22 00:33:24	63	19	44	False	True
21244	nornagon	2019-11-21 19:07:19	nornagon	2019-11-23 00:46:33	37	30	7	False	True
21244	nornagon	2019-11-21 19:07:19	nornagon	2019-11-22 22:12:54	672	514	158	False	True
21244	nornagon	2019-11-21 19:07:19	nornagon	2019-11-25 22:36:37	77	68	9	False	True
21244	nornagon	2019-11-21 19:07:19	nornagon	2019-11-21 22:12:16	48	11	37	False	True
21244	nornagon	2019-11-21 19:07:19	nornagon	2019-11-22 19:22:07	172	78	94	False	True
21244	nornagon	2019-11-21 19:07:19	nornagon	2019-11-23 01:00:05	3	2	1	False	True
21244	nornagon	2019-11-21 19:07:19	nornagon	2019-11-21 19:36:13	2	1	1	False	True
21244	nornagon	2019-11-21 19:07:19	nornagon	2019-11-22 00:18:12	34	26	8	False	True
21244	nornagon	2019-11-21 19:07:19	nornagon	2019-11-22 20:25:54	23	13	10	False	True
21244	nornagon	2019-11-21 19:07:19	nornagon	2019-11-22 19:53:24	12	10	2	False	True
21244	nornagon	2019-11-21 19:07:19	nornagon	2019-11-21 21:19:27	53	17	36	False	True
21244	nornagon	2019-11-21 19:07:19	nornagon	2019-11-21 00:56:27	234	133	101	True	True
21244	nornagon	2019-11-21 19:07:19	nornagon	2019-11-20 23:09:33	231	138	93	True	True
21244	nornagon	2019-11-21 19:07:19	nornagon	2019-11-20 21:41:42	832	625	207	True	True
21244	nornagon	2019-11-21 19:07:19	nornagon	2019-11-21 19:44:38	6	5	1	False	True
21244	nornagon	2019-11-21 19:07:19	nornagon	2019-11-21 19:02:59	1085	200	885	True	True
21244	nornagon	2019-11-21 19:07:19	nornagon	2019-11-21 01:11:18	231	113	118	True	True
21244	nornagon	2019-11-21 19:07:19	nornagon	2019-11-22 19:26:26	205	205	0	False	True
21244	nornagon	2019-11-21 19:07:19	nornagon	2019-11-23 00:30:50	7	5	2	False	True
21244	nornagon	2019-11-21 19:07:19	nornagon	2019-11-22 23:26:07	57	37	20	False	True
21244	nornagon	2019-11-21 19:07:19	nornagon	2019-11-23 00:56:58	34	27	7	False	True
21244	nornagon	2019-11-21 19:07:19	nornagon	2019-11-25 22:04:28	24	11	13	False	True
21244	nornagon	2019-11-21 19:07:19	nornagon	2019-11-25 22:02:49	16	15	1	False	True
21244	nornagon	2019-11-21 19:07:19	nornagon	2019-11-25 22:03:58	29	16	13	False	True
21244	nornagon	2019-11-21 19:07:19	nornagon	2019-11-22 22:02:01	30	30	0	False	True
21244	nornagon	2019-11-21 19:07:19	nornagon	2019-11-25 22:05:59	160	138	22	False	True
21243	codebytere	2019-11-21 17:52:02	codebytere	2019-11-21 17:42:49	25	23	2	True	True
21241	codebytere	2019-11-21 16:46:17	codebytere	2019-11-21 16:41:30	35	17	18	True	True
21241	codebytere	2019-11-21 16:46:17	zcbenz	2019-10-15 12:26:19	25	5	20	True	True
21241	codebytere	2019-11-21 16:46:17	zcbenz	2019-10-24 02:14:18	119	59	60	True	True
21239	electron-bot	2019-11-21 13:00:43	electron-bot	2019-11-21 13:00:41	2	1	1	True	True
21236	loc	2019-11-20 23:14:54	loc	2019-11-20 21:56:17	343	172	171	True	True
21236	loc	2019-11-20 23:14:54	loc	2019-11-19 03:01:47	169	115	54	True	True
21236	loc	2019-11-20 23:14:54	loc	2019-11-15 20:16:51	457	457	0	True	True
21236	loc	2019-11-20 23:14:54	loc	2019-11-14 00:52:00	765	483	282	True	True
21236	loc	2019-11-20 23:14:54	loc	2019-11-20 00:30:21	31	0	31	True	True
21236	loc	2019-11-20 23:14:54	loc	2019-11-20 00:31:28	5	2	3	True	True
21236	loc	2019-11-20 23:14:54	loc	2019-11-20 01:13:07	156	78	78	True	True
21236	loc	2019-11-20 23:14:54	loc	2019-11-20 21:52:46	2	1	1	True	True
21236	loc	2019-11-20 23:14:54	brenca	2019-08-09 14:48:12	44	36	8	True	True
21236	loc	2019-11-20 23:14:54	loc	2019-11-20 01:13:47	4	2	2	True	True
21236	loc	2019-11-20 23:14:54	brenca	2019-08-09 14:31:24	11	0	11	True	True
21236	loc	2019-11-20 23:14:54	loc	2019-11-20 00:36:19	86	85	1	True	True
21236	loc	2019-11-20 23:14:54	loc	2019-11-18 20:56:49	3	2	1	True	True
21236	loc	2019-11-20 23:14:54	loc	2019-11-16 02:01:09	3	1	2	True	True
21236	loc	2019-11-20 23:14:54	brenca	2019-08-09 14:30:54	29	15	14	True	True
21236	loc	2019-11-20 23:14:54	brenca	2019-08-09 14:30:11	2	1	1	True	True
21236	loc	2019-11-20 23:14:54	brenca	2019-08-06 21:57:58	421	277	144	True	True
21236	loc	2019-11-20 23:14:54	brenca	2019-08-09 14:28:37	1	0	1	True	True
21236	loc	2019-11-20 23:14:54	brenca	2019-08-09 14:36:45	6	6	0	True	True
21236	loc	2019-11-20 23:14:54	brenca	2019-09-16 13:39:20	106	56	50	True	True
21236	loc	2019-11-20 23:14:54	loc	2019-11-16 01:28:11	6	4	2	True	True
21235	MarshallOfSound	2019-11-20 21:30:03	MarshallOfSound	2019-11-20 21:24:27	4	2	2	True	True
21234	jkleinsc	2019-11-20 21:29:40	jkleinsc	2019-11-20 20:58:16	11	8	3	True	True
21234	jkleinsc	2019-11-20 21:29:40	deepak1556	2019-11-20 22:28:24	16	8	8	False	True
21233	trop[bot]	2019-11-20 19:15:06	MarshallOfSound	2019-11-20 18:53:28	2	1	1	True	True
21232	MarshallOfSound	2019-11-20 18:54:09	MarshallOfSound	2019-11-20 18:53:28	2	1	1	True	True
21230	trop[bot]	2019-11-20 15:44:34	jkleinsc	2019-11-19 22:35:28	1	1	0	True	True
21230	trop[bot]	2019-11-20 15:44:34	jkleinsc	2019-11-19 23:58:13	3	2	1	True	True
21230	trop[bot]	2019-11-20 15:44:34	jkleinsc	2019-11-20 00:15:50	2	1	1	True	True
21230	trop[bot]	2019-11-20 15:44:34	jkleinsc	2019-11-20 00:35:50	6	3	3	True	True
21228	electron-bot	2019-11-20 13:00:20	electron-bot	2019-11-20 13:00:19	2	1	1	True	True
21227	zcbenz	2019-11-20 11:22:06	zcbenz	2019-11-15 02:07:10	211	158	53	True	True
21226	zcbenz	2019-11-20 11:21:26	zcbenz	2019-11-15 02:07:10	107	69	38	True	True
21225	zcbenz	2019-11-20 11:20:17	zcbenz	2019-11-15 02:07:10	102	66	36	True	True
21225	zcbenz	2019-11-20 11:20:17	zcbenz	2019-11-18 08:16:41	25	25	0	True	True
21224	zcbenz	2019-11-20 11:19:02	zcbenz	2019-11-15 02:07:10	104	67	37	True	True
21224	zcbenz	2019-11-20 11:19:02	zcbenz	2019-11-18 08:16:41	25	25	0	True	True
21223	deepak1556	2019-11-20 11:17:46	deepak1556	2019-11-20 11:15:33	110	110	0	True	True
21221	deepak1556	2019-11-20 09:52:05	deepak1556	2019-11-20 09:50:44	110	110	0	True	True
21219	deepak1556	2019-11-20 07:20:31	deepak1556	2019-11-20 07:03:32	138	124	14	True	True
21215	jkleinsc	2019-11-19 20:27:56	jkleinsc	2019-11-19 21:44:09	23	13	10	False	True
21215	jkleinsc	2019-11-19 20:27:56	jkleinsc	2019-11-19 20:23:35	19	14	5	True	True
21215	jkleinsc	2019-11-19 20:27:56	jkleinsc	2019-11-19 21:05:55	4	2	2	False	True
21215	jkleinsc	2019-11-19 20:27:56	jkleinsc	2019-11-20 00:07:34	23	10	13	False	True
21215	jkleinsc	2019-11-19 20:27:56	jkleinsc	2019-11-20 00:07:38	4	2	2	False	True
21215	jkleinsc	2019-11-19 20:27:56	jkleinsc	2019-11-20 00:13:45	5	4	1	False	True
21215	jkleinsc	2019-11-19 20:27:56	jkleinsc	2019-11-20 00:07:28	19	5	14	False	True
21214	trop[bot]	2019-11-19 20:15:59	MarshallOfSound	2019-11-18 21:26:57	16	12	4	True	True
21214	trop[bot]	2019-11-19 20:15:59	MarshallOfSound	2019-11-19 09:13:38	1	1	0	True	True
21213	trop[bot]	2019-11-19 19:29:14	MarshallOfSound	2019-11-19 09:13:38	1	1	0	True	True
21213	trop[bot]	2019-11-19 19:29:14	MarshallOfSound	2019-11-18 21:26:57	16	12	4	True	True
21211	trop[bot]	2019-11-19 18:59:49	miniak	2019-11-18 17:30:58	7	7	0	True	True
21210	trop[bot]	2019-11-19 18:59:46	miniak	2019-11-18 17:30:58	7	7	0	True	True
21209	ckerr	2019-11-19 18:44:50	ckerr	2019-11-19 18:41:25	36	35	1	True	True
21206	deepak1556	2019-11-19 14:47:44	deepak1556	2019-11-19 14:07:10	407	202	205	True	True
21205	deepak1556	2019-11-19 14:46:27	deepak1556	2019-11-19 14:07:10	409	204	205	True	True
21204	trop[bot]	2019-11-19 14:36:36	jkleinsc	2019-11-19 03:28:55	5	5	0	True	True
21204	trop[bot]	2019-11-19 14:36:36	jkleinsc	2019-11-19 13:54:02	1	1	0	True	True
21202	trop[bot]	2019-11-19 14:08:36	MarshallOfSound	2019-11-18 21:26:57	16	12	4	True	True
21202	trop[bot]	2019-11-19 14:08:36	MarshallOfSound	2019-11-19 09:13:38	1	1	0	True	True
21201	trop[bot]	2019-11-19 14:07:38	deepak1556	2019-11-16 00:51:37	411	205	206	True	True
21199	electron-bot	2019-11-19 13:01:19	electron-bot	2019-11-19 13:01:18	2	1	1	True	True
21198	electron-bot	2019-11-19 13:01:14	codebytere	2019-11-21 06:28:22	4	3	1	False	True
21198	electron-bot	2019-11-19 13:01:14	codebytere	2019-12-17 22:37:49	32	3	29	False	True
21198	electron-bot	2019-11-19 13:01:14	codebytere	2019-11-19 19:08:02	46	5	41	False	True
21198	electron-bot	2019-11-19 13:01:14	codebytere	2019-11-19 20:01:59	2	2	0	False	True
21198	electron-bot	2019-11-19 13:01:14	electron-bot	2019-11-19 13:01:13	2	1	1	True	True
21198	electron-bot	2019-11-19 13:01:14	codebytere	2019-12-06 17:45:07	27	27	0	False	True
21198	electron-bot	2019-11-19 13:01:14	codebytere	2019-12-14 16:55:18	663	1	662	False	True
21193	jkleinsc	2019-11-19 03:34:10	jkleinsc	2019-11-19 03:28:55	5	5	0	True	True
21193	jkleinsc	2019-11-19 03:34:10	jkleinsc	2019-11-19 13:54:02	1	1	0	False	True
21192	deepak1556	2019-11-19 03:29:23	deepak1556	2019-11-19 03:27:20	38	35	3	True	True
21191	deepak1556	2019-11-19 03:16:17	deepak1556	2019-11-19 03:11:45	141	141	0	True	True
21190	MarshallOfSound	2019-11-19 01:24:07	MarshallOfSound	2019-11-19 01:22:48	57	45	12	True	True
21190	MarshallOfSound	2019-11-19 01:24:07	MarshallOfSound	2019-11-20 22:17:52	4	1	3	False	True
21188	deepak1556	2019-11-19 00:46:09	deepak1556	2019-11-19 00:36:45	56	56	0	True	True
21187	nornagon	2019-11-19 00:41:13	nornagon	2019-11-19 00:38:27	17	17	0	True	True
21185	MarshallOfSound	2019-11-18 22:12:03	MarshallOfSound	2019-11-18 22:11:33	1	1	0	True	True
21184	MarshallOfSound	2019-11-18 21:30:39	MarshallOfSound	2019-11-18 21:26:57	16	12	4	True	True
21184	MarshallOfSound	2019-11-18 21:30:39	MarshallOfSound	2019-11-19 09:13:38	1	1	0	False	True
21183	jkleinsc	2019-11-18 20:48:41	jkleinsc	2019-11-18 22:16:49	4	2	2	False	True
21183	jkleinsc	2019-11-18 20:48:41	jkleinsc	2019-11-18 23:45:19	10	9	1	False	True
21183	jkleinsc	2019-11-18 20:48:41	jkleinsc	2019-11-18 20:43:28	20	18	2	True	True
21182	trop[bot]	2019-11-18 18:57:41	MarshallOfSound	2019-11-18 04:25:00	4	2	2	True	True
21181	trop[bot]	2019-11-18 18:57:38	MarshallOfSound	2019-11-18 04:25:00	4	2	2	True	True
21180	trop[bot]	2019-11-18 18:47:51	nornagon	2019-11-13 21:29:49	9	1	8	True	True
21179	trop[bot]	2019-11-18 18:47:48	nornagon	2019-11-13 21:29:49	9	1	8	True	True
21179	trop[bot]	2019-11-18 18:47:48	nornagon	2019-11-18 19:47:39	1	1	0	False	True
21177	ckerr	2019-11-18 17:56:02	ckerr	2019-11-18 17:54:29	5	3	2	True	True
21175	miniak	2019-11-18 17:32:08	miniak	2019-11-18 17:30:58	7	7	0	True	True
21171	miniak	2019-11-18 15:30:53	miniak	2019-11-18 15:29:24	22	15	7	True	True
21169	zcbenz	2019-11-18 10:58:26	zcbenz	2019-11-18 08:16:41	25	25	0	True	True
21169	zcbenz	2019-11-18 10:58:26	zcbenz	2019-11-15 02:07:10	90	57	33	True	True
21166	MarshallOfSound	2019-11-18 04:25:09	MarshallOfSound	2019-11-18 04:25:00	4	2	2	True	True
21164	deepak1556	2019-11-18 02:55:06	deepak1556	2019-11-16 00:51:37	411	205	206	True	True
21157	kwonoj	2019-11-17 08:08:16	kwonoj	2019-11-19 02:31:53	6	6	0	False	True
21157	kwonoj	2019-11-17 08:08:16	kwonoj	2019-11-17 09:02:09	33	28	5	False	True
21157	kwonoj	2019-11-17 08:08:16	kwonoj	2019-11-17 19:53:35	2	1	1	False	True
21143	Vilsafur	2019-11-15 12:42:00	Vilsafur	2019-11-15 12:41:15	6	3	3	True	True
21143	Vilsafur	2019-11-15 12:42:00	Vilsafur	2019-11-18 08:35:49	2	1	1	False	True
21141	deepak1556	2019-11-15 05:07:08	deepak1556	2019-11-15 04:41:32	100	100	0	True	True
21140	deepak1556	2019-11-15 05:05:55	deepak1556	2019-11-15 04:41:32	100	100	0	True	True
21139	deepak1556	2019-11-15 04:20:18	deepak1556	2019-11-15 04:16:04	43	16	27	True	True
21139	deepak1556	2019-11-15 04:20:18	deepak1556	2019-11-13 04:10:49	1	0	1	True	True
21138	deepak1556	2019-11-15 04:19:13	deepak1556	2019-11-15 04:14:29	43	16	27	True	True
21138	deepak1556	2019-11-15 04:19:13	deepak1556	2019-11-13 04:10:49	1	0	1	True	True
21137	deepak1556	2019-11-15 04:18:03	deepak1556	2019-11-15 04:12:47	43	16	27	True	True
21137	deepak1556	2019-11-15 04:18:03	deepak1556	2019-11-13 04:10:49	1	0	1	True	True
21135	nornagon	2019-11-14 23:44:36	nornagon	2019-11-19 21:07:23	628	398	230	False	True
21135	nornagon	2019-11-14 23:44:36	nornagon	2019-11-19 21:06:34	2	1	1	False	True
21135	nornagon	2019-11-14 23:44:36	nornagon	2019-11-18 18:46:33	5	3	2	False	True
21135	nornagon	2019-11-14 23:44:36	nornagon	2019-11-21 01:23:17	4	2	2	False	True
21135	nornagon	2019-11-14 23:44:36	nornagon	2019-11-19 18:30:51	2	1	1	False	True
21135	nornagon	2019-11-14 23:44:36	nornagon	2019-11-14 18:01:18	483	445	38	True	True
21135	nornagon	2019-11-14 23:44:36	nornagon	2019-11-18 18:42:43	36	18	18	False	True
21135	nornagon	2019-11-14 23:44:36	nornagon	2019-11-18 22:40:06	1	1	0	False	True
21135	nornagon	2019-11-14 23:44:36	nornagon	2019-11-18 23:37:08	9	5	4	False	True
21134	jkleinsc	2019-11-14 22:56:16	jkleinsc	2019-11-14 22:54:30	8	4	4	True	True
21134	jkleinsc	2019-11-14 22:56:16	jkleinsc	2019-11-14 22:54:33	10	5	5	True	True
21133	nornagon	2019-11-14 22:49:50	nornagon	2019-11-22 22:05:21	3	2	1	False	True
21133	nornagon	2019-11-14 22:49:50	nornagon	2019-11-21 21:39:40	2	1	1	False	True
21133	nornagon	2019-11-14 22:49:50	nornagon	2019-11-21 01:24:37	2	1	1	False	True
21133	nornagon	2019-11-14 22:49:50	nornagon	2019-11-15 17:31:32	5	3	2	False	True
21133	nornagon	2019-11-14 22:49:50	nornagon	2019-11-18 23:37:08	6	3	3	False	True
21133	nornagon	2019-11-14 22:49:50	nornagon	2019-11-21 21:41:53	2	1	1	False	True
21133	nornagon	2019-11-14 22:49:50	nornagon	2019-11-21 19:43:40	2	1	1	False	True
21133	nornagon	2019-11-14 22:49:50	nornagon	2019-11-22 18:05:53	3	2	1	False	True
21133	nornagon	2019-11-14 22:49:50	nornagon	2019-11-19 21:07:03	2	1	1	False	True
21133	nornagon	2019-11-14 22:49:50	nornagon	2019-11-18 22:49:08	158	158	0	False	True
21133	nornagon	2019-11-14 22:49:50	nornagon	2019-11-14 18:01:18	318	282	36	True	True
21133	nornagon	2019-11-14 22:49:50	nornagon	2019-11-15 17:37:42	2	1	1	False	True
21132	ckerr	2019-11-14 20:34:07	ckerr	2019-11-18 15:43:36	13	7	6	False	True
21132	ckerr	2019-11-14 20:34:07	ckerr	2019-11-15 22:30:25	378	206	172	False	True
21132	ckerr	2019-11-14 20:34:07	ckerr	2019-11-15 22:46:08	334	128	206	False	True
21132	ckerr	2019-11-14 20:34:07	ckerr	2019-11-15 23:15:14	2	1	1	False	True
21132	ckerr	2019-11-14 20:34:07	ckerr	2019-11-15 23:12:59	50	47	3	False	True
21132	ckerr	2019-11-14 20:34:07	ckerr	2019-11-15 15:59:54	21	21	0	False	True
21132	ckerr	2019-11-14 20:34:07	ckerr	2019-11-15 21:35:05	31	15	16	False	True
21132	ckerr	2019-11-14 20:34:07	ckerr	2019-11-15 20:18:24	8	4	4	False	True
21132	ckerr	2019-11-14 20:34:07	ckerr	2019-11-15 19:43:52	12	12	0	False	True
21132	ckerr	2019-11-14 20:34:07	ckerr	2019-11-14 20:26:45	86	86	0	True	True
21132	ckerr	2019-11-14 20:34:07	ckerr	2019-11-15 21:06:02	20	10	10	False	True
21132	ckerr	2019-11-14 20:34:07	ckerr	2019-11-14 20:26:45	74	74	0	True	True
21123	zcbenz	2019-11-14 06:22:36	nornagon	2019-08-28 20:56:15	276	92	184	True	True
21123	zcbenz	2019-11-14 06:22:36	zcbenz	2019-11-14 05:51:24	57	51	6	True	True
21122	zcbenz	2019-11-14 05:54:32	zcbenz	2019-11-14 05:51:24	57	51	6	True	True
21119	nornagon	2019-11-14 01:18:39	nornagon	2019-11-14 01:56:58	14	7	7	False	True
21119	nornagon	2019-11-14 01:18:39	nornagon	2019-11-14 01:17:48	125	73	52	True	True
21119	nornagon	2019-11-14 01:18:39	nornagon	2019-11-14 01:43:46	63	31	32	False	True
21119	nornagon	2019-11-14 01:18:39	nornagon	2019-11-14 01:55:15	3	1	2	False	True
21119	nornagon	2019-11-14 01:18:39	nornagon	2019-11-14 01:53:39	42	11	31	False	True
21119	nornagon	2019-11-14 01:18:39	nornagon	2019-11-14 01:48:03	2	1	1	False	True
21118	codebytere	2019-11-13 23:19:56	codebytere	2019-11-13 23:13:22	30	6	24	True	True
21117	ajmacd	2019-11-13 22:05:34	ajmacd	2019-11-07 01:50:33	203	183	20	True	True
21116	miniak	2019-11-13 22:00:13	miniak	2019-11-13 21:47:51	123	33	90	True	True
21115	codebytere	2019-11-13 21:53:24	codebytere	2019-11-12 12:34:50	348	0	348	True	True
21114	codebytere	2019-11-13 21:41:40	codebytere	2019-11-13 21:36:36	157	1	156	True	True
21113	nornagon	2019-11-13 21:31:40	nornagon	2019-11-13 21:29:49	9	1	8	True	True
21110	codebytere	2019-11-13 16:05:49	codebytere	2019-11-13 15:42:59	156	149	7	True	True
21110	codebytere	2019-11-13 16:05:49	codebytere	2019-11-18 16:39:51	538	339	199	False	True
21109	electron-bot	2019-11-13 13:01:15	electron-bot	2019-11-13 13:01:13	2	1	1	True	True
21109	electron-bot	2019-11-13 13:01:15	electron-bot	2019-11-18 13:00:16	2	1	1	False	True
21109	electron-bot	2019-11-13 13:01:15	electron-bot	2019-11-14 13:00:39	2	1	1	False	True
21109	electron-bot	2019-11-13 13:01:15	electron-bot	2019-11-16 13:01:12	2	1	1	False	True
21109	electron-bot	2019-11-13 13:01:15	electron-bot	2019-11-17 13:00:32	2	1	1	False	True
21109	electron-bot	2019-11-13 13:01:15	electron-bot	2019-11-15 13:00:51	2	1	1	False	True
21105	miniak	2019-11-13 09:11:40	miniak	2019-11-12 20:56:17	61	54	7	True	True
21104	miniak	2019-11-13 08:51:56	miniak	2019-11-12 20:56:17	46	36	10	True	True
21103	miniak	2019-11-13 08:25:25	miniak	2019-11-04 22:35:57	6	1	5	True	True
21103	miniak	2019-11-13 08:25:25	miniak	2019-11-12 20:56:17	111	67	44	True	True
21101	bruceauyeung	2019-11-13 06:43:31	bruceauyeung	2019-11-13 06:23:54	4	2	2	True	True
21100	deepak1556	2019-11-13 06:34:20	deepak1556	2019-11-13 04:10:31	47	16	31	True	True
21100	deepak1556	2019-11-13 06:34:20	deepak1556	2019-11-13 04:10:49	1	0	1	True	True
21099	zcbenz	2019-11-13 05:11:15	zcbenz	2019-11-13 23:19:48	2	1	1	False	True
21099	zcbenz	2019-11-13 05:11:15	zcbenz	2019-11-13 05:00:40	23	23	0	True	True
21099	zcbenz	2019-11-13 05:11:15	zcbenz	2019-11-13 23:19:38	2	1	1	False	True
21099	zcbenz	2019-11-13 05:11:15	zcbenz	2019-11-13 01:34:27	11	11	0	True	True
21099	zcbenz	2019-11-13 05:11:15	zcbenz	2019-11-13 04:37:05	13	9	4	True	True
21099	zcbenz	2019-11-13 05:11:15	zcbenz	2019-11-13 01:27:21	16	11	5	True	True
21098	nornagon	2019-11-12 20:19:18	nornagon	2019-11-13 20:45:53	10	5	5	False	True
21098	nornagon	2019-11-12 20:19:18	nornagon	2019-11-14 18:14:10	12	7	5	False	True
21098	nornagon	2019-11-12 20:19:18	nornagon	2019-11-13 00:03:28	2	1	1	False	True
21098	nornagon	2019-11-12 20:19:18	nornagon	2019-11-12 20:18:32	423	238	185	True	True
21098	nornagon	2019-11-12 20:19:18	nornagon	2019-11-13 22:32:14	2	1	1	False	True
21097	nornagon	2019-11-12 20:16:58	nornagon	2019-11-14 18:07:34	6	3	3	False	True
21097	nornagon	2019-11-12 20:16:58	nornagon	2019-11-13 22:31:52	2	1	1	False	True
21097	nornagon	2019-11-12 20:16:58	nornagon	2019-11-13 00:04:32	6	3	3	False	True
21097	nornagon	2019-11-12 20:16:58	nornagon	2019-11-13 20:42:14	8	4	4	False	True
21097	nornagon	2019-11-12 20:16:58	nornagon	2019-11-12 20:11:01	420	238	182	True	True
21097	nornagon	2019-11-12 20:16:58	nornagon	2019-11-14 18:04:09	2	1	1	False	True
21097	nornagon	2019-11-12 20:16:58	nornagon	2019-11-15 17:14:34	8	5	3	False	True
21096	nornagon	2019-11-12 20:01:00	nornagon	2019-11-13 18:54:18	19	14	5	False	True
21096	nornagon	2019-11-12 20:01:00	nornagon	2019-11-14 00:10:40	14	6	8	False	True
21096	nornagon	2019-11-12 20:01:00	nornagon	2019-11-13 20:55:57	4	4	0	False	True
21096	nornagon	2019-11-12 20:01:00	nornagon	2019-11-13 00:18:01	3	2	1	False	True
21096	nornagon	2019-11-12 20:01:00	nornagon	2019-11-12 19:54:14	296	288	8	True	True
21096	nornagon	2019-11-12 20:01:00	nornagon	2019-11-12 23:58:01	8	5	3	False	True
21096	nornagon	2019-11-12 20:01:00	nornagon	2019-11-12 23:59:03	82	81	1	False	True
21096	nornagon	2019-11-12 20:01:00	nornagon	2019-11-13 00:18:52	1	0	1	False	True
21096	nornagon	2019-11-12 20:01:00	nornagon	2019-11-13 19:41:00	60	38	22	False	True
21096	nornagon	2019-11-12 20:01:00	nornagon	2019-11-13 20:57:06	925	662	263	False	True
21096	nornagon	2019-11-12 20:01:00	nornagon	2019-11-13 00:24:05	3	3	0	False	True
21096	nornagon	2019-11-12 20:01:00	nornagon	2019-11-13 19:46:39	25	20	5	False	True
21086	MarshallOfSound	2019-11-12 02:35:39	MarshallOfSound	2019-11-11 12:04:38	10	9	1	True	True
21086	MarshallOfSound	2019-11-12 02:35:39	MarshallOfSound	2019-11-09 09:39:55	13	8	5	True	True
21086	MarshallOfSound	2019-11-12 02:35:39	MarshallOfSound	2019-11-12 22:55:18	1	1	0	False	True
21086	MarshallOfSound	2019-11-12 02:35:39	MarshallOfSound	2019-11-11 12:33:47	27	13	14	True	True
21086	MarshallOfSound	2019-11-12 02:35:39	MarshallOfSound	2019-11-09 09:17:06	4	4	0	True	True
21086	MarshallOfSound	2019-11-12 02:35:39	MarshallOfSound	2019-11-09 09:36:26	2	1	1	True	True
21086	MarshallOfSound	2019-11-12 02:35:39	MarshallOfSound	2019-11-11 11:03:25	4	0	4	True	True
21086	MarshallOfSound	2019-11-12 02:35:39	MarshallOfSound	2019-11-11 10:59:11	26	17	9	True	True
21086	MarshallOfSound	2019-11-12 02:35:39	MarshallOfSound	2019-11-12 02:32:55	56	14	42	True	True
21086	MarshallOfSound	2019-11-12 02:35:39	MarshallOfSound	2019-11-09 09:20:09	4	2	2	True	True
21086	MarshallOfSound	2019-11-12 02:35:39	MarshallOfSound	2019-11-09 09:07:11	9	3	6	True	True
21086	MarshallOfSound	2019-11-12 02:35:39	MarshallOfSound	2019-11-12 02:35:49	2	1	1	False	True
21086	MarshallOfSound	2019-11-12 02:35:39	MarshallOfSound	2019-11-12 17:35:13	72	52	20	False	True
21086	MarshallOfSound	2019-11-12 02:35:39	MarshallOfSound	2019-11-12 22:49:55	1	1	0	False	True
21086	MarshallOfSound	2019-11-12 02:35:39	MarshallOfSound	2019-11-11 11:56:48	6	6	0	True	True
21086	MarshallOfSound	2019-11-12 02:35:39	MarshallOfSound	2019-11-09 06:54:50	7	5	2	True	True
21086	MarshallOfSound	2019-11-12 02:35:39	MarshallOfSound	2019-11-09 06:36:26	196	111	85	True	True
21086	MarshallOfSound	2019-11-12 02:35:39	MarshallOfSound	2019-11-08 23:47:09	6	4	2	True	True
21086	MarshallOfSound	2019-11-12 02:35:39	MarshallOfSound	2019-11-09 03:24:06	11	9	2	True	True
21086	MarshallOfSound	2019-11-12 02:35:39	MarshallOfSound	2019-11-09 03:36:06	28	11	17	True	True
21086	MarshallOfSound	2019-11-12 02:35:39	MarshallOfSound	2019-11-08 22:38:02	17	17	0	True	True
21086	MarshallOfSound	2019-11-12 02:35:39	MarshallOfSound	2019-11-09 05:44:42	3	2	1	True	True
21086	MarshallOfSound	2019-11-12 02:35:39	MarshallOfSound	2019-11-09 00:34:12	201	110	91	True	True
21086	MarshallOfSound	2019-11-12 02:35:39	MarshallOfSound	2019-11-09 03:24:49	10	10	0	True	True
21086	MarshallOfSound	2019-11-12 02:35:39	MarshallOfSound	2019-11-09 03:12:07	85	51	34	True	True
21086	MarshallOfSound	2019-11-12 02:35:39	MarshallOfSound	2019-11-12 02:05:52	4	2	2	True	True
21086	MarshallOfSound	2019-11-12 02:35:39	MarshallOfSound	2019-11-09 05:02:54	16	8	8	True	True
21086	MarshallOfSound	2019-11-12 02:35:39	MarshallOfSound	2019-11-09 05:20:47	2	2	0	True	True
21086	MarshallOfSound	2019-11-12 02:35:39	MarshallOfSound	2019-11-09 05:21:58	4	2	2	True	True
21086	MarshallOfSound	2019-11-12 02:35:39	MarshallOfSound	2019-11-09 05:41:11	17	11	6	True	True
21084	codebytere	2019-11-11 20:42:58	codebytere	2019-11-11 20:22:46	17	1	16	True	True
21081	codebytere	2019-11-11 12:12:23	codebytere	2019-11-11 12:06:05	39	23	16	True	True
21079	MarshallOfSound	2019-11-11 10:10:14	MarshallOfSound	2019-11-11 10:32:59	3	1	2	False	True
21079	MarshallOfSound	2019-11-11 10:10:14	MarshallOfSound	2019-11-05 23:28:48	4	2	2	True	True
21079	MarshallOfSound	2019-11-11 10:10:14	MarshallOfSound	2019-11-11 10:16:48	8	8	0	False	True
21061	electron-bot	2019-11-09 13:00:19	codebytere	2019-11-19 23:38:29	281	159	122	False	True
21061	electron-bot	2019-11-09 13:00:19	electron-bot	2019-11-20 13:00:26	2	1	1	False	True
21061	electron-bot	2019-11-09 13:00:19	codebytere	2019-11-20 16:21:37	5	3	2	False	True
21061	electron-bot	2019-11-09 13:00:19	codebytere	2019-11-19 16:03:57	2	1	1	False	True
21061	electron-bot	2019-11-09 13:00:19	electron-bot	2019-11-13 13:01:21	2	1	1	False	True
21061	electron-bot	2019-11-09 13:00:19	electron-bot	2019-11-19 13:01:26	2	1	1	False	True
21061	electron-bot	2019-11-09 13:00:19	codebytere	2019-11-19 20:10:23	1	0	1	False	True
21061	electron-bot	2019-11-09 13:00:19	MarshallOfSound	2019-11-15 23:23:21	2	1	1	False	True
21061	electron-bot	2019-11-09 13:00:19	codebytere	2019-11-19 06:16:12	6	4	2	False	True
21061	electron-bot	2019-11-09 13:00:19	codebytere	2019-11-19 05:34:49	23	9	14	False	True
21061	electron-bot	2019-11-09 13:00:19	MarshallOfSound	2019-11-18 18:03:55	477	161	316	False	True
21061	electron-bot	2019-11-09 13:00:19	MarshallOfSound	2019-11-15 23:24:06	2	1	1	False	True
21061	electron-bot	2019-11-09 13:00:19	MarshallOfSound	2019-11-14 22:09:37	250	110	140	False	True
21061	electron-bot	2019-11-09 13:00:19	MarshallOfSound	2019-11-15 23:22:42	7	7	0	False	True
21061	electron-bot	2019-11-09 13:00:19	electron-bot	2019-11-12 13:00:55	2	1	1	False	True
21061	electron-bot	2019-11-09 13:00:19	electron-bot	2019-11-14 13:00:46	2	1	1	False	True
21061	electron-bot	2019-11-09 13:00:19	electron-bot	2019-11-07 13:01:16	2	1	1	True	True
21061	electron-bot	2019-11-09 13:00:19	electron-bot	2019-11-10 13:01:06	2	1	1	False	True
21061	electron-bot	2019-11-09 13:00:19	jkleinsc	2019-11-06 22:00:11	5	2	3	True	True
21061	electron-bot	2019-11-09 13:00:19	jkleinsc	2019-11-07 18:10:44	4	2	2	True	True
21061	electron-bot	2019-11-09 13:00:19	electron-bot	2019-11-11 13:00:54	2	1	1	False	True
21061	electron-bot	2019-11-09 13:00:19	MarshallOfSound	2019-12-03 19:44:05	2	1	1	False	True
21061	electron-bot	2019-11-09 13:00:19	jkleinsc	2019-11-06 18:56:01	463	208	255	True	True
21061	electron-bot	2019-11-09 13:00:19	electron-bot	2019-11-08 13:00:49	2	1	1	True	True
21061	electron-bot	2019-11-09 13:00:19	electron-bot	2019-11-09 13:00:22	2	1	1	False	True
21061	electron-bot	2019-11-09 13:00:19	electron-bot	2019-11-06 13:01:01	2	1	1	True	True
21061	electron-bot	2019-11-09 13:00:19	jkleinsc	2019-11-08 17:16:01	228	114	114	True	True
21061	electron-bot	2019-11-09 13:00:19	jkleinsc	2019-11-08 19:26:35	4	2	2	True	True
21061	electron-bot	2019-11-09 13:00:19	jkleinsc	2019-11-08 20:09:53	17	4	13	True	True
21061	electron-bot	2019-11-09 13:00:19	jkleinsc	2019-11-08 20:23:01	32	32	0	True	True
21060	electron-bot	2019-11-09 13:00:15	electron-bot	2019-11-10 13:00:59	2	1	1	False	True
21060	electron-bot	2019-11-09 13:00:15	electron-bot	2019-11-09 13:00:14	2	1	1	True	True
21060	electron-bot	2019-11-09 13:00:15	electron-bot	2019-11-12 13:00:48	2	1	1	False	True
21060	electron-bot	2019-11-09 13:00:15	electron-bot	2019-11-11 13:00:48	2	1	1	False	True
21059	codebytere	2019-11-09 02:55:48	codebytere	2019-11-08 18:01:50	162	86	76	True	True
21056	MarshallOfSound	2019-11-08 22:15:44	MarshallOfSound	2019-11-08 23:58:23	6	3	3	False	True
21056	MarshallOfSound	2019-11-08 22:15:44	MarshallOfSound	2019-11-08 10:03:22	183	3	180	True	True
21056	MarshallOfSound	2019-11-08 22:15:44	MarshallOfSound	2019-11-08 22:24:40	6	3	3	False	True
21055	kwonoj	2019-11-08 22:06:51	kwonoj	2019-11-14 07:25:27	11	9	2	False	True
21055	kwonoj	2019-11-08 22:06:51	kwonoj	2019-11-15 05:53:07	19	12	7	False	True
21055	kwonoj	2019-11-08 22:06:51	MarshallOfSound	2019-11-25 21:31:19	80	37	43	False	True
21055	kwonoj	2019-11-08 22:06:51	kwonoj	2019-11-09 01:49:33	53	53	0	False	True
21055	kwonoj	2019-11-08 22:06:51	kwonoj	2019-11-08 22:02:59	2	2	0	True	True
21053	miniak	2019-11-08 15:58:05	miniak	2019-10-24 15:52:56	20	10	10	True	True
21049	electron-bot	2019-11-08 13:00:44	electron-bot	2019-11-08 13:00:43	2	1	1	True	True
21048	atilacamurca	2019-11-08 11:50:17	atilacamurca	2019-11-07 20:45:30	2	1	1	True	True
21045	codebytere	2019-11-08 01:08:17	codebytere	2019-11-08 01:03:01	79	78	1	True	True
21044	codebytere	2019-11-07 23:13:07	codebytere	2019-11-07 22:25:03	126	0	126	True	True
21042	loc	2019-11-07 21:26:09	loc	2019-09-30 18:15:10	7	7	0	True	True
21042	loc	2019-11-07 21:26:09	loc	2019-11-07 02:34:00	114	113	1	True	True
21040	codebytere	2019-11-07 18:43:29	codebytere	2019-11-07 18:42:35	6	3	3	True	True
21039	trop[bot]	2019-11-07 17:43:51	miniak	2019-03-02 16:30:43	52	50	2	True	True
21038	deepak1556	2019-11-07 16:55:22	deepak1556	2019-11-07 16:53:20	13	7	6	True	True
21038	deepak1556	2019-11-07 16:55:22	MarshallOfSound	2019-11-07 19:25:31	4	2	2	False	True
21037	codebytere	2019-11-07 16:07:41	deepak1556	2019-11-30 00:11:12	203	184	19	False	True
21037	codebytere	2019-11-07 16:07:41	deepak1556	2019-11-30 22:29:39	2	1	1	False	True
21037	codebytere	2019-11-07 16:07:41	codebytere	2019-11-07 16:04:46	21	8	13	True	True
21036	miniak	2019-11-07 15:44:27	miniak	2019-11-07 14:55:03	59	59	0	True	True
21035	trop[bot]	2019-11-07 15:40:05	deepak1556	2019-11-07 00:22:09	10	7	3	True	True
21033	electron-bot	2019-11-07 13:01:12	electron-bot	2019-11-07 13:01:11	2	1	1	True	True
21030	fengmk2	2019-11-07 09:32:22	fengmk2	2019-11-07 09:30:48	2	1	1	True	True
21026	codebytere	2019-11-07 06:27:38	codebytere	2019-11-07 06:26:23	162	86	76	True	True
21022	deepak1556	2019-11-07 02:34:31	deepak1556	2019-11-07 00:22:09	10	7	3	True	True
21022	deepak1556	2019-11-07 02:34:31	deepak1556	2019-11-06 05:10:10	323	321	2	True	True
21021	loc	2019-11-07 02:28:28	loc	2019-09-30 18:15:10	7	7	0	True	True
21021	loc	2019-11-07 02:28:28	loc	2019-11-04 21:39:52	127	120	7	True	True
21020	loc	2019-11-07 02:26:14	loc	2019-11-04 21:39:52	113	113	0	True	True
21020	loc	2019-11-07 02:26:14	loc	2019-09-30 18:15:10	7	7	0	True	True
21019	deepak1556	2019-11-07 02:26:05	deepak1556	2019-11-07 00:22:09	10	7	3	True	True
21016	MarshallOfSound	2019-11-07 00:17:31	MarshallOfSound	2019-11-07 00:13:24	198	30	168	True	True
21016	MarshallOfSound	2019-11-07 00:17:31	MarshallOfSound	2019-11-07 04:12:46	2	1	1	False	True
21015	MarshallOfSound	2019-11-06 22:30:36	MarshallOfSound	2019-11-06 21:37:41	30	26	4	True	True
21015	MarshallOfSound	2019-11-06 22:30:36	MarshallOfSound	2019-11-06 22:28:25	105	27	78	True	True
21014	trop[bot]	2019-11-06 21:29:16	gerhardberger	2019-09-15 20:14:02	5	2	3	True	True
21013	trop[bot]	2019-11-06 21:29:10	gerhardberger	2019-09-15 20:14:02	5	2	3	True	True
21011	MarshallOfSound	2019-11-06 19:56:36	MarshallOfSound	2019-11-06 19:55:57	8	7	1	True	True
21009	nornagon	2019-11-06 19:10:41	nornagon	2019-11-06 19:06:56	7	2	5	True	True
21008	trop[bot]	2019-11-06 18:34:47	MarshallOfSound	2019-11-05 23:35:04	2	1	1	True	True
21008	trop[bot]	2019-11-06 18:34:47	MarshallOfSound	2019-11-06 01:54:17	2	2	0	True	True
21004	miniak	2019-11-06 13:49:33	miniak	2019-11-06 13:48:25	48	47	1	True	True
21000	electron-bot	2019-11-06 13:01:02	MarshallOfSound	2019-11-15 23:23:21	2	1	1	False	True
21000	electron-bot	2019-11-06 13:01:02	MarshallOfSound	2019-11-14 22:09:37	251	110	141	False	True
21000	electron-bot	2019-11-06 13:01:02	electron-bot	2019-11-15 13:00:58	2	1	1	False	True
21000	electron-bot	2019-11-06 13:01:02	MarshallOfSound	2019-11-15 23:22:42	7	7	0	False	True
21000	electron-bot	2019-11-06 13:01:02	codebytere	2019-11-19 05:34:49	23	9	14	False	True
21000	electron-bot	2019-11-06 13:01:02	MarshallOfSound	2019-11-18 18:03:55	481	163	318	False	True
21000	electron-bot	2019-11-06 13:01:02	MarshallOfSound	2019-11-15 23:24:06	2	1	1	False	True
21000	electron-bot	2019-11-06 13:01:02	electron-bot	2019-11-09 13:00:22	2	1	1	False	True
21000	electron-bot	2019-11-06 13:01:02	electron-bot	2019-11-12 13:00:55	2	1	1	False	True
21000	electron-bot	2019-11-06 13:01:02	electron-bot	2019-11-11 13:00:54	2	1	1	False	True
21000	electron-bot	2019-11-06 13:01:02	electron-bot	2019-11-14 13:00:46	2	1	1	False	True
21000	electron-bot	2019-11-06 13:01:02	electron-bot	2019-11-13 13:01:21	2	1	1	False	True
21000	electron-bot	2019-11-06 13:01:02	jkleinsc	2019-11-06 18:56:01	441	150	291	False	True
21000	electron-bot	2019-11-06 13:01:02	electron-bot	2019-11-10 13:01:06	2	1	1	False	True
21000	electron-bot	2019-11-06 13:01:02	jkleinsc	2019-11-07 18:10:44	4	2	2	False	True
21000	electron-bot	2019-11-06 13:01:02	jkleinsc	2019-11-08 21:16:00	8	6	2	False	True
21000	electron-bot	2019-11-06 13:01:02	jkleinsc	2019-11-07 19:21:27	2	1	1	False	True
21000	electron-bot	2019-11-06 13:01:02	electron-bot	2019-11-19 13:01:26	2	1	1	False	True
21000	electron-bot	2019-11-06 13:01:02	jkleinsc	2019-11-06 23:51:20	4	2	2	False	True
21000	electron-bot	2019-11-06 13:01:02	electron-bot	2019-11-06 13:01:01	2	1	1	True	True
21000	electron-bot	2019-11-06 13:01:02	jkleinsc	2019-11-06 20:48:57	4	2	2	False	True
21000	electron-bot	2019-11-06 13:01:02	jkleinsc	2019-11-08 20:23:01	32	32	0	False	True
21000	electron-bot	2019-11-06 13:01:02	jkleinsc	2019-11-08 20:09:53	17	4	13	False	True
21000	electron-bot	2019-11-06 13:01:02	jkleinsc	2019-11-08 19:26:35	4	2	2	False	True
21000	electron-bot	2019-11-06 13:01:02	jkleinsc	2019-11-08 17:16:01	228	114	114	False	True
21000	electron-bot	2019-11-06 13:01:02	electron-bot	2019-11-08 13:00:49	2	1	1	False	True
21000	electron-bot	2019-11-06 13:01:02	codebytere	2019-11-19 16:03:57	2	1	1	False	True
21000	electron-bot	2019-11-06 13:01:02	jkleinsc	2019-11-06 22:00:11	5	2	3	False	True
21000	electron-bot	2019-11-06 13:01:02	codebytere	2019-11-19 06:16:12	6	4	2	False	True
21000	electron-bot	2019-11-06 13:01:02	electron-bot	2019-11-07 13:01:16	2	1	1	False	True
20999	electron-bot	2019-11-06 13:00:55	electron-bot	2019-11-06 13:00:54	2	1	1	True	True
20992	trop[bot]	2019-11-06 01:53:32	MarshallOfSound	2019-11-06 00:04:07	2	2	0	True	True
20991	trop[bot]	2019-11-06 01:53:26	MarshallOfSound	2019-11-06 00:04:07	2	2	0	True	True
20988	zcbenz	2019-11-06 01:09:40	zcbenz	2019-11-04 02:52:03	151	151	0	True	True
20988	zcbenz	2019-11-06 01:09:40	zcbenz	2019-11-04 02:56:52	48	48	0	True	True
20988	zcbenz	2019-11-06 01:09:40	zcbenz	2019-11-04 02:35:03	309	309	0	True	True
20988	zcbenz	2019-11-06 01:09:40	zcbenz	2019-11-04 02:21:07	187	187	0	True	True
20987	MarshallOfSound	2019-11-06 00:05:44	MarshallOfSound	2019-11-06 00:04:07	2	2	0	True	True
20986	miniak	2019-11-05 23:53:56	miniak	2019-11-05 02:04:08	163	26	137	True	True
20985	MarshallOfSound	2019-11-05 23:36:08	MarshallOfSound	2019-11-06 01:54:17	2	2	0	False	True
20985	MarshallOfSound	2019-11-05 23:36:08	MarshallOfSound	2019-11-05 23:35:04	2	1	1	True	True
20984	trop[bot]	2019-11-05 21:47:56	poiru	2019-11-05 02:50:23	10	2	8	True	True
20983	trop[bot]	2019-11-05 21:47:53	poiru	2019-11-05 02:50:23	10	2	8	True	True
20982	trop[bot]	2019-11-05 21:47:50	poiru	2019-11-05 02:50:23	10	2	8	True	True
20981	trop[bot]	2019-11-05 21:47:32	codebytere	2019-11-04 21:06:21	2	1	1	True	True
20981	trop[bot]	2019-11-05 21:47:32	codebytere	2019-11-04 21:09:48	25	13	12	True	True
20980	trop[bot]	2019-11-05 21:47:29	codebytere	2019-11-04 21:06:21	2	1	1	True	True
20980	trop[bot]	2019-11-05 21:47:29	codebytere	2019-11-04 21:09:48	25	13	12	True	True
20979	trop[bot]	2019-11-05 21:41:04	malept	2019-10-28 15:09:56	13	9	4	True	True
20978	trop[bot]	2019-11-05 21:41:01	malept	2019-10-28 15:09:56	13	9	4	True	True
20976	trop[bot]	2019-11-05 21:34:45	MarshallOfSound	2019-11-05 21:11:52	6	3	3	True	True
20976	trop[bot]	2019-11-05 21:34:45	MarshallOfSound	2019-11-05 20:15:31	16	7	9	True	True
20975	MarshallOfSound	2019-11-05 20:25:15	MarshallOfSound	2019-11-05 21:11:52	6	3	3	False	True
20975	MarshallOfSound	2019-11-05 20:25:15	MarshallOfSound	2019-11-05 20:15:31	16	7	9	True	True
20973	electron-bot	2019-11-05 13:00:25	electron-bot	2019-11-05 13:00:23	2	1	1	True	True
20970	zcbenz	2019-11-05 11:28:20	zcbenz	2019-11-04 02:52:03	147	147	0	True	True
20970	zcbenz	2019-11-05 11:28:20	zcbenz	2019-11-04 02:56:52	48	48	0	True	True
20970	zcbenz	2019-11-05 11:28:20	zcbenz	2019-11-04 02:35:03	284	284	0	True	True
20970	zcbenz	2019-11-05 11:28:20	zcbenz	2019-11-04 02:21:07	187	187	0	True	True
20965	zcbenz	2019-11-05 05:11:20	zcbenz	2019-11-04 02:21:07	138	138	0	True	True
20965	zcbenz	2019-11-05 05:11:20	zcbenz	2019-12-18 23:56:53	15	15	0	False	True
20963	poiru	2019-11-05 02:53:23	poiru	2019-11-05 02:50:23	10	2	8	True	True
20962	loc	2019-11-05 00:06:27	loc	2019-09-30 18:15:10	7	7	0	True	True
20962	loc	2019-11-05 00:06:27	loc	2019-11-04 21:39:52	112	112	0	True	True
20961	miniak	2019-11-04 23:46:14	miniak	2019-11-04 22:17:03	11	7	4	True	True
20959	nornagon	2019-11-04 22:27:14	nornagon	2019-11-04 22:26:15	8	5	3	True	True
20958	nornagon	2019-11-04 22:25:07	nornagon	2019-11-04 22:24:25	2	1	1	True	True
20957	trop[bot]	2019-11-04 22:20:52	codebytere	2019-11-04 19:55:28	8	5	3	True	True
20956	trop[bot]	2019-11-04 22:20:50	codebytere	2019-11-04 19:55:28	8	5	3	True	True
20955	jkleinsc	2019-11-04 22:18:46	jkleinsc	2019-11-04 22:04:21	10	7	3	True	True
20955	jkleinsc	2019-11-04 22:18:46	jkleinsc	2019-11-04 21:25:57	19	18	1	True	True
20955	jkleinsc	2019-11-04 22:18:46	jkleinsc	2019-11-05 00:04:07	2	2	0	False	True
20955	jkleinsc	2019-11-04 22:18:46	jkleinsc	2019-11-05 18:53:05	2	1	1	False	True
20955	jkleinsc	2019-11-04 22:18:46	jkleinsc	2019-11-05 18:52:26	2	1	1	False	True
20954	nornagon	2019-11-04 22:17:30	nornagon	2019-11-05 18:07:10	51	31	20	False	True
20954	nornagon	2019-11-04 22:17:30	nornagon	2019-11-05 19:46:38	55	51	4	False	True
20954	nornagon	2019-11-04 22:17:30	nornagon	2019-11-05 21:10:14	3	2	1	False	True
20954	nornagon	2019-11-04 22:17:30	nornagon	2019-11-05 19:47:12	5	0	5	False	True
20954	nornagon	2019-11-04 22:17:30	nornagon	2019-11-05 02:09:31	52	35	17	False	True
20954	nornagon	2019-11-04 22:17:30	nornagon	2019-11-05 19:02:19	21	17	4	False	True
20954	nornagon	2019-11-04 22:17:30	nornagon	2019-11-05 18:23:22	10	6	4	False	True
20954	nornagon	2019-11-04 22:17:30	nornagon	2019-11-04 22:16:05	367	136	231	True	True
20953	trop[bot]	2019-11-04 22:17:28	miniak	2019-11-03 11:00:01	10	6	4	True	True
20952	trop[bot]	2019-11-04 22:16:58	miniak	2019-11-03 14:58:09	16	11	5	True	True
20950	codebytere	2019-11-04 21:10:10	codebytere	2019-11-04 21:09:48	25	13	12	True	True
20950	codebytere	2019-11-04 21:10:10	codebytere	2019-11-04 21:06:21	2	1	1	True	True
20949	thypon	2019-11-04 20:50:34	thypon	2019-11-04 18:53:11	100	100	0	True	True
20948	codebytere	2019-11-04 19:58:39	codebytere	2019-11-04 19:55:28	8	5	3	True	True
20947	MarshallOfSound	2019-11-04 19:27:13	MarshallOfSound	2019-11-04 22:57:10	1919	1872	47	False	True
20947	MarshallOfSound	2019-11-04 19:27:13	MarshallOfSound	2019-11-04 19:16:51	42	40	2	True	True
20946	MarshallOfSound	2019-11-04 19:24:24	MarshallOfSound	2019-11-04 19:16:51	41	39	2	True	True
20945	MarshallOfSound	2019-11-04 19:16:32	MarshallOfSound	2019-11-04 19:11:57	10	10	0	True	True
20945	MarshallOfSound	2019-11-04 19:16:32	MarshallOfSound	2019-11-05 00:00:54	2	1	1	False	True
20939	miniak	2019-11-03 15:01:22	miniak	2019-11-03 14:58:09	16	11	5	True	True
20938	miniak	2019-11-03 11:02:04	miniak	2019-11-03 11:00:01	10	6	4	True	True
20936	trop[bot]	2019-11-02 22:15:23	codebytere	2019-10-31 22:33:09	6	3	3	True	True
20935	trop[bot]	2019-11-02 22:15:17	codebytere	2019-10-31 22:33:09	6	3	3	True	True
20934	erickzhao	2019-11-02 20:37:53	erickzhao	2019-10-05 15:54:47	0	0	0	True	True
20934	erickzhao	2019-11-02 20:37:53	erickzhao	2019-11-05 00:22:00	3	1	2	False	True
20934	erickzhao	2019-11-02 20:37:53	erickzhao	2019-11-04 23:56:04	6	3	3	False	True
20934	erickzhao	2019-11-02 20:37:53	erickzhao	2019-10-05 16:10:04	16	16	0	True	True
20934	erickzhao	2019-11-02 20:37:53	erickzhao	2019-11-05 21:56:40	16	0	16	False	True
20934	erickzhao	2019-11-02 20:37:53	erickzhao	2019-11-02 20:35:38	36	35	1	True	True
20930	electron-bot	2019-11-02 13:00:35	electron-bot	2019-11-02 13:00:33	2	1	1	True	True
20930	electron-bot	2019-11-02 13:00:35	electron-bot	2019-11-04 13:01:04	2	1	1	False	True
20925	MarshallOfSound	2019-11-02 00:13:07	MarshallOfSound	2019-11-02 00:10:49	41	39	2	True	True
20924	deepak1556	2019-11-01 21:14:20	deepak1556	2019-11-01 21:11:08	35	35	0	True	True
20924	deepak1556	2019-11-01 21:14:20	deepak1556	2019-11-01 21:11:35	4	2	2	True	True
20922	jkleinsc	2019-11-01 19:26:53	MarshallOfSound	2019-08-21 01:10:44	10	8	2	True	True
20920	codebytere	2019-11-01 18:33:47	codebytere	2019-11-01 18:32:48	7	7	0	True	True
20919	nornagon	2019-11-01 17:22:44	nornagon	2019-11-01 17:22:06	14	13	1	True	True
20918	codebytere	2019-11-01 16:11:28	codebytere	2019-11-01 15:49:41	21	17	4	True	True
20916	jkleinsc	2019-11-01 15:38:01	jkleinsc	2019-11-01 15:29:59	46	5	41	True	True
20916	jkleinsc	2019-11-01 15:38:01	jkleinsc	2019-11-01 15:30:08	24	6	18	True	True
20916	jkleinsc	2019-11-01 15:38:01	jkleinsc	2019-11-01 15:30:14	208	30	178	True	True
20916	jkleinsc	2019-11-01 15:38:01	jkleinsc	2019-11-01 15:29:37	30	13	17	True	True
20913	electron-bot	2019-11-01 13:00:19	electron-bot	2019-11-01 13:00:18	2	1	1	True	True
20912	jkleinsc	2019-11-01 12:19:16	jkleinsc	2019-10-31 20:48:50	39	24	15	True	True
20912	jkleinsc	2019-11-01 12:19:16	jkleinsc	2019-10-31 19:32:43	4	2	2	True	True
20906	trop[bot]	2019-11-01 05:39:16	miniak	2019-10-31 14:07:02	9	3	6	True	True
20905	trop[bot]	2019-11-01 05:39:12	miniak	2019-10-31 14:07:02	9	3	6	True	True
20904	codebytere	2019-11-01 04:48:35	codebytere	2019-10-31 22:33:09	6	3	3	True	True
