pr_number	author_user_login	pr_created_at	review_comment_user_login	review_comment_created_at	is_review_review_comment
7417	kevinsawicki	2016-09-29 18:53:09	zcbenz	2016-09-30 09:37:36	True
7379	MarshallOfSound	2016-09-28 07:01:21	kevinsawicki	2016-10-06 20:16:22	True
7379	MarshallOfSound	2016-09-28 07:01:21	zeke	2016-10-04 20:56:54	True
7379	MarshallOfSound	2016-09-28 07:01:21	zeke	2016-09-29 04:07:48	True
7379	MarshallOfSound	2016-09-28 07:01:21	kevinsawicki	2016-10-06 20:15:15	True
7379	MarshallOfSound	2016-09-28 07:01:21	zeke	2016-09-29 04:05:02	True
7374		2016-09-28 05:29:29			
7339	MarshallOfSound	2016-09-25 00:00:57	enlight	2016-09-25 05:16:44	True
7339	MarshallOfSound	2016-09-25 00:00:57	zeke	2016-09-25 04:18:20	True
7339	MarshallOfSound	2016-09-25 00:00:57	enlight	2016-09-25 06:12:38	True
7339	MarshallOfSound	2016-09-25 00:00:57	enlight	2016-09-25 06:10:44	True
7339	MarshallOfSound	2016-09-25 00:00:57	enlight	2016-09-25 06:08:46	True
7339	MarshallOfSound	2016-09-25 00:00:57	enlight	2016-09-25 04:25:02	True
7339	MarshallOfSound	2016-09-25 00:00:57	enlight	2016-09-25 05:38:31	True
7339	MarshallOfSound	2016-09-25 00:00:57	enlight	2016-09-25 04:15:08	True
7339	MarshallOfSound	2016-09-25 00:00:57	enlight	2016-09-25 05:14:53	True
7339	MarshallOfSound	2016-09-25 00:00:57	zeke	2016-09-25 04:16:59	True
7339	MarshallOfSound	2016-09-25 00:00:57	enlight	2016-09-25 04:38:37	True
7339	MarshallOfSound	2016-09-25 00:00:57	enlight	2016-09-25 04:16:29	True
7339	MarshallOfSound	2016-09-25 00:00:57	enlight	2016-09-25 05:04:11	True
7339	MarshallOfSound	2016-09-25 00:00:57	enlight	2016-09-25 04:53:05	True
7339	MarshallOfSound	2016-09-25 00:00:57	enlight	2016-09-25 04:40:38	True
7339	MarshallOfSound	2016-09-25 00:00:57	enlight	2016-09-25 05:43:44	True
7339	MarshallOfSound	2016-09-25 00:00:57	enlight	2016-09-25 06:17:55	True
7339	MarshallOfSound	2016-09-25 00:00:57	enlight	2016-09-25 06:21:39	True
7339	MarshallOfSound	2016-09-25 00:00:57	enlight	2016-09-25 06:03:17	True
7339	MarshallOfSound	2016-09-25 00:00:57	enlight	2016-09-25 05:42:15	True
7339	MarshallOfSound	2016-09-25 00:00:57	enlight	2016-09-25 05:51:03	True
7339	MarshallOfSound	2016-09-25 00:00:57	enlight	2016-09-25 06:16:46	True
7339	MarshallOfSound	2016-09-25 00:00:57	enlight	2016-09-25 06:00:14	True
7339	MarshallOfSound	2016-09-25 00:00:57	enlight	2016-09-25 05:53:28	True
7339	MarshallOfSound	2016-09-25 00:00:57	enlight	2016-09-25 05:32:41	True
7339	MarshallOfSound	2016-09-25 00:00:57	enlight	2016-09-25 06:05:18	True
7339	MarshallOfSound	2016-09-25 00:00:57	zeke	2016-09-25 04:12:32	True
7338		2016-09-24 18:45:58			
7332		2016-09-24 00:47:12			
7316	tinydew4	2016-09-23 03:59:14	zeke	2016-09-23 17:55:50	True
7313		2016-09-22 21:34:36			
7291	MichaelVasseur	2016-09-21 16:00:07	MarshallOfSound	2016-09-23 07:40:22	True
7291	MichaelVasseur	2016-09-21 16:00:07	MarshallOfSound	2016-09-23 07:39:58	True
7284	enlight	2016-09-21 09:46:47	kevinsawicki	2016-09-21 18:26:25	True
7276	zeke	2016-09-20 21:05:46	kevinsawicki	2016-09-20 21:51:19	True
7236	yuya-oc	2016-09-17 08:08:40	sindresorhus	2016-09-17 17:04:49	True
7236	yuya-oc	2016-09-17 08:08:40	MarshallOfSound	2016-09-17 17:12:37	True
7227	felixrieseberg	2016-09-16 18:48:06	kevinsawicki	2016-09-16 18:53:53	True
7227	felixrieseberg	2016-09-16 18:48:06	kevinsawicki	2016-09-16 18:54:18	True
7227	felixrieseberg	2016-09-16 18:48:06	kevinsawicki	2016-09-16 18:54:29	True
7173	MarshallOfSound	2016-09-11 04:42:16	anaisbetts	2016-09-11 18:26:36	True
7173	MarshallOfSound	2016-09-11 04:42:16	miniak	2016-09-13 04:49:08	True
7173	MarshallOfSound	2016-09-11 04:42:16	miniak	2016-09-13 03:52:08	True
7173	MarshallOfSound	2016-09-11 04:42:16	miniak	2016-09-14 19:30:53	True
7173	MarshallOfSound	2016-09-11 04:42:16	sindresorhus	2016-09-12 16:23:31	True
7173	MarshallOfSound	2016-09-11 04:42:16	miniak	2016-09-13 03:51:20	True
7173	MarshallOfSound	2016-09-11 04:42:16	anaisbetts	2016-09-11 07:14:56	True
7173	MarshallOfSound	2016-09-11 04:42:16	zcbenz	2016-09-16 12:20:35	True
7173	MarshallOfSound	2016-09-11 04:42:16	levrik	2016-09-17 13:55:07	True
7173	MarshallOfSound	2016-09-11 04:42:16	zcbenz	2016-09-16 14:50:03	True
7173	MarshallOfSound	2016-09-11 04:42:16	zcbenz	2016-09-16 08:39:42	True
7169	deepak1556	2016-09-10 12:19:38	zcbenz	2016-09-16 08:32:01	True
7126	karupanerura	2016-09-07 11:13:53	kevinsawicki	2016-09-09 15:50:20	True
7126	karupanerura	2016-09-07 11:13:53	kevinsawicki	2016-09-09 15:41:46	True
7126	karupanerura	2016-09-07 11:13:53	kevinsawicki	2016-09-09 15:42:28	True
7126	karupanerura	2016-09-07 11:13:53	kevinsawicki	2016-09-07 17:56:49	True
7120	zeke	2016-09-06 23:58:21	zcbenz	2016-09-12 09:00:50	True
7120	zeke	2016-09-06 23:58:21	kevinsawicki	2016-09-07 23:20:51	True
7120	zeke	2016-09-06 23:58:21	enlight	2016-09-07 02:09:35	True
7120	zeke	2016-09-06 23:58:21	MarshallOfSound	2016-09-07 00:40:41	True
7120	zeke	2016-09-06 23:58:21	kevinsawicki	2016-09-07 00:04:33	True
7114	kevinsawicki	2016-09-06 19:14:13	zcbenz	2016-09-07 07:48:00	True
7114	kevinsawicki	2016-09-06 19:14:13	zcbenz	2016-09-07 07:44:51	True
7104	zcbenz	2016-09-06 08:26:30	brenca	2016-09-09 00:02:07	True
7104	zcbenz	2016-09-06 08:26:30	deepak1556	2016-09-08 15:07:28	True
7104	zcbenz	2016-09-06 08:26:30	deepak1556	2016-09-08 14:41:32	True
7104	zcbenz	2016-09-06 08:26:30	deepak1556	2016-09-09 00:28:54	True
7096	minggo	2016-09-05 08:31:32	MarshallOfSound	2016-09-06 03:53:36	True
7096	minggo	2016-09-05 08:31:32	MarshallOfSound	2016-09-06 03:42:49	True
7072	TimvdEijnden	2016-09-02 15:09:14	zeke	2016-09-02 20:45:03	True
7072	TimvdEijnden	2016-09-02 15:09:14	kevinsawicki	2016-09-06 17:44:56	True
7072	TimvdEijnden	2016-09-02 15:09:14	kevinsawicki	2016-09-06 17:48:15	True
7072	TimvdEijnden	2016-09-02 15:09:14	zeke	2016-09-02 20:45:41	True
7062	gerhardberger	2016-09-01 22:25:13	zcbenz	2016-09-16 08:12:05	True
7062	gerhardberger	2016-09-01 22:25:13	zcbenz	2016-09-16 12:39:15	True
7053	CharlieHess	2016-09-01 00:25:04	kevinsawicki	2016-09-08 17:46:44	True
