pr_number	author_user_login	pr_created_at	commit_user_login	commit_created_at	commit_status_total	commit_status_additions	commit_status_deletions	create_before_pr	is_review_commit
16223	Cobinja	2018-12-31 13:00:26	Cobinja	2018-12-23 20:04:45	22	14	8	True	True
16222	Cobinja	2018-12-31 12:57:41	Cobinja	2018-12-23 19:39:01	13	5	8	True	True
16221	Cobinja	2018-12-31 12:54:19	Cobinja	2018-12-23 19:39:01	13	5	8	True	True
16218	samuelmaddock	2018-12-30 23:13:01	samuelmaddock	2019-02-04 20:03:31	37	37	0	False	True
16218	samuelmaddock	2018-12-30 23:13:01	samuelmaddock	2018-12-30 23:06:17	2	1	1	True	True
16218	samuelmaddock	2018-12-30 23:13:01	samuelmaddock	2019-02-01 19:30:16	22	12	10	False	True
16218	samuelmaddock	2018-12-30 23:13:01	samuelmaddock	2019-02-11 20:21:48	36	24	12	False	True
16218	samuelmaddock	2018-12-30 23:13:01	samuelmaddock	2019-02-20 18:07:57	5	2	3	False	True
16218	samuelmaddock	2018-12-30 23:13:01	samuelmaddock	2018-12-30 23:05:22	7	7	0	True	True
16218	samuelmaddock	2018-12-30 23:13:01	samuelmaddock	2019-02-11 22:06:30	6	3	3	False	True
16218	samuelmaddock	2018-12-30 23:13:01	samuelmaddock	2019-02-05 20:06:38	16	6	10	False	True
16218	samuelmaddock	2018-12-30 23:13:01	samuelmaddock	2019-02-06 20:19:47	21	21	0	False	True
16218	samuelmaddock	2018-12-30 23:13:01	samuelmaddock	2019-02-08 00:39:30	111	111	0	False	True
16218	samuelmaddock	2018-12-30 23:13:01	samuelmaddock	2019-02-08 00:55:01	1	1	0	False	True
16218	samuelmaddock	2018-12-30 23:13:01	samuelmaddock	2019-02-08 04:17:48	3	3	0	False	True
16218	samuelmaddock	2018-12-30 23:13:01	samuelmaddock	2019-02-08 17:40:39	28	16	12	False	True
16218	samuelmaddock	2018-12-30 23:13:01	samuelmaddock	2019-02-06 20:54:48	7	0	7	False	True
16218	samuelmaddock	2018-12-30 23:13:01	samuelmaddock	2019-02-08 00:47:23	11	7	4	False	True
16208	zcbenz	2018-12-28 00:35:52	zcbenz	2018-12-28 00:34:08	2	0	2	True	True
16203	alexeykuzmin	2018-12-27 11:15:15	alexeykuzmin	2018-12-27 11:12:40	137	100	37	True	True
16186	moshfeu	2018-12-24 07:44:57	moshfeu	2018-12-25 05:39:46	2	1	1	False	True
16186	moshfeu	2018-12-24 07:44:57	zcbenz	2019-01-15 07:14:07	8	4	4	False	True
16186	moshfeu	2018-12-24 07:44:57	moshfeu	2019-01-08 12:03:20	6	3	3	False	True
16186	moshfeu	2018-12-24 07:44:57	moshfeu	2018-12-24 10:58:44	2	1	1	False	True
16186	moshfeu	2018-12-24 07:44:57	moshfeu	2018-12-24 07:35:58	9	8	1	True	True
16184	summeroff	2018-12-24 02:34:35	summeroff	2018-12-24 02:16:28	138	113	25	True	True
16184	summeroff	2018-12-24 02:34:35	summeroff	2018-12-24 12:30:53	2	1	1	False	True
16184	summeroff	2018-12-24 02:34:35	zcbenz	2019-01-23 03:00:49	34	18	16	False	True
16180	codebytere	2018-12-22 20:13:33	codebytere	2018-12-31 18:00:55	7	5	2	False	True
16180	codebytere	2018-12-22 20:13:33	codebytere	2018-12-22 20:10:42	62	8	54	True	True
16177	trop[bot]	2018-12-21 18:01:00	codebytere	2018-12-21 15:58:21	2	1	1	True	True
16176	codebytere	2018-12-21 17:02:21	codebytere	2019-01-11 20:06:51	183	128	55	False	True
16176	codebytere	2018-12-21 17:02:21	codebytere	2019-01-15 00:53:12	3	2	1	False	True
16176	codebytere	2018-12-21 17:02:21	zcbenz	2019-01-15 02:19:44	18	12	6	False	True
16175	trgardos	2018-12-21 17:01:09	trgardos	2018-12-21 19:44:31	2	1	1	False	True
16175	trgardos	2018-12-21 17:01:09	trgardos	2018-12-21 17:00:37	23	14	9	True	True
16175	trgardos	2018-12-21 17:01:09	trgardos	2018-12-21 19:31:04	16	8	8	False	True
16174	codebytere	2018-12-21 15:59:46	codebytere	2018-12-21 15:58:21	2	1	1	True	True
16167	trop[bot]	2018-12-20 23:00:45	anszom	2018-10-31 22:50:26	27	27	0	True	True
16167	trop[bot]	2018-12-20 23:00:45	anszom	2018-11-15 18:53:28	2	1	1	True	True
16165	jkleinsc	2018-12-20 19:34:38	jkleinsc	2018-12-20 19:25:54	133	77	56	True	True
16164	BinaryMuse	2018-12-20 18:37:02	BinaryMuse	2018-12-20 18:34:59	2	1	1	True	True
16159	trop[bot]	2018-12-20 12:14:13	ZacWalk	2018-08-02 14:51:31	234	194	40	True	True
16158	trop[bot]	2018-12-20 12:11:35	ZacWalk	2018-08-02 14:51:31	234	194	40	True	True
16157	trop[bot]	2018-12-20 12:11:35	ZacWalk	2018-08-02 14:51:31	234	194	40	True	True
16154	trop[bot]	2018-12-20 03:36:57	codebytere	2018-12-19 16:19:05	12	10	2	True	True
16154	trop[bot]	2018-12-20 03:36:57	codebytere	2018-12-19 16:01:42	22	9	13	True	True
16153	zcbenz	2018-12-20 02:59:52	zcbenz	2018-12-20 02:59:08	1	1	0	True	True
16152	nornagon	2018-12-19 23:48:40	nornagon	2018-12-19 23:47:38	7	5	2	True	True
16148	summeroff	2018-12-19 16:20:20	summeroff	2018-12-19 15:55:10	27	24	3	True	True
16148	summeroff	2018-12-19 16:20:20	summeroff	2018-12-19 15:55:10	324	246	78	True	True
16148	summeroff	2018-12-19 16:20:20	summeroff	2018-12-20 21:05:08	19	10	9	False	True
16148	summeroff	2018-12-19 16:20:20	summeroff	2018-12-19 18:14:12	66	33	33	False	True
16148	summeroff	2018-12-19 16:20:20	summeroff	2018-12-20 01:57:31	94	47	47	False	True
16148	summeroff	2018-12-19 16:20:20	summeroff	2018-12-21 01:03:01	2	1	1	False	True
16148	summeroff	2018-12-19 16:20:20	summeroff	2018-12-19 18:14:12	21	0	21	False	True
16148	summeroff	2018-12-19 16:20:20	summeroff	2018-12-20 01:57:31	2	1	1	False	True
16148	summeroff	2018-12-19 16:20:20	summeroff	2018-12-20 19:13:02	3	2	1	False	True
16147	codebytere	2018-12-19 16:03:34	codebytere	2018-12-19 16:19:05	12	10	2	False	True
16147	codebytere	2018-12-19 16:03:34	codebytere	2018-12-19 16:01:42	22	9	13	True	True
16140	deepak1556	2018-12-19 05:40:23	deepak1556	2018-12-19 05:33:47	29	21	8	True	True
16138	deepak1556	2018-12-19 03:41:21	deepak1556	2018-12-23 23:30:59	104	84	20	False	True
16138	deepak1556	2018-12-19 03:41:21	zcbenz	2019-01-02 06:59:06	4	2	2	False	True
16138	deepak1556	2018-12-19 03:41:21	deepak1556	2018-12-22 02:31:03	18	4	14	False	True
16138	deepak1556	2018-12-19 03:41:21	deepak1556	2018-12-19 03:32:28	246	89	157	True	True
16138	deepak1556	2018-12-19 03:41:21	deepak1556	2018-12-11 15:32:22	798	792	6	True	True
16137	trop[bot]	2018-12-19 03:40:58	nornagon	2018-12-18 22:57:38	12	12	0	True	True
16136	codebytere	2018-12-19 03:39:44	codebytere	2018-12-19 15:49:34	65	41	24	False	True
16135	trop[bot]	2018-12-19 02:52:14	codebytere	2018-12-19 02:17:15	2	1	1	True	True
16134	trop[bot]	2018-12-19 02:52:12	codebytere	2018-12-19 02:17:15	2	1	1	True	True
16133	trop[bot]	2018-12-19 02:52:08	codebytere	2018-12-19 02:17:15	2	1	1	True	True
16132	codebytere	2018-12-19 02:19:11	codebytere	2018-12-19 02:17:15	2	1	1	True	True
16130	nornagon	2018-12-18 22:59:04	nornagon	2018-12-18 22:57:38	12	12	0	True	True
16129	moshfeu	2018-12-18 22:57:53	moshfeu	2018-12-18 22:37:28	2	1	1	True	True
16127	BinaryMuse	2018-12-18 19:48:59	BinaryMuse	2018-12-18 19:43:26	9	8	1	True	True
16126	ckerr	2018-12-18 18:25:00	ckerr	2018-12-18 18:18:29	56	33	23	True	True
16125	codebytere	2018-12-18 18:10:58	codebytere	2019-01-03 03:30:14	8	5	3	False	True
16125	codebytere	2018-12-18 18:10:58	codebytere	2019-01-03 03:35:28	5	4	1	False	True
16125	codebytere	2018-12-18 18:10:58	codebytere	2019-01-03 18:46:36	4	2	2	False	True
16125	codebytere	2018-12-18 18:10:58	codebytere	2019-01-03 18:24:29	4	2	2	False	True
16125	codebytere	2018-12-18 18:10:58	codebytere	2019-01-02 23:39:47	39	23	16	False	True
16125	codebytere	2018-12-18 18:10:58	codebytere	2019-01-02 23:27:51	50	47	3	False	True
16124	trop[bot]	2018-12-18 15:51:18	miniak	2018-12-02 16:56:06	11	11	0	True	True
16123	trop[bot]	2018-12-18 15:51:10	miniak	2018-12-02 14:32:35	205	115	90	True	True
16121	ZYSzys	2018-12-18 11:02:14	ZYSzys	2019-02-20 03:19:47	23	12	11	False	True
16119	codebytere	2018-12-18 03:37:37	miniak	2018-12-18 09:43:45	7	1	6	False	True
16119	codebytere	2018-12-18 03:37:37	codebytere	2018-12-18 03:31:39	20	20	0	True	True
16118	trop[bot]	2018-12-18 03:26:39	MarshallOfSound	2018-12-18 02:09:19	18	1	17	True	True
16116	MarshallOfSound	2018-12-18 02:09:49	MarshallOfSound	2018-12-18 02:09:19	18	1	17	True	True
16113	miniak	2018-12-17 22:59:53	miniak	2018-12-17 22:25:35	64	4	60	True	True
16112	roller-bot	2018-12-17 22:33:29	roller-bot	2018-12-17 22:33:27	2	1	1	True	True
16109	miniak	2018-12-17 21:47:35	miniak	2018-12-17 21:45:01	69	35	34	True	True
16108	codebytere	2018-12-17 18:53:18	codebytere	2018-12-17 18:51:59	14	7	7	True	True
16107	codebytere	2018-12-17 18:51:16	codebytere	2018-12-17 18:50:25	14	7	7	True	True
16104	miniak	2018-12-17 15:49:10	miniak	2018-12-17 15:43:52	57	8	49	True	True
16101	roller-bot	2018-12-17 13:37:17	roller-bot	2018-12-17 13:37:15	2	1	1	True	True
16098	dbkr	2018-12-17 10:11:57	dbkr	2018-12-15 00:28:30	47	37	10	True	True
16098	dbkr	2018-12-17 10:11:57	dbkr	2018-12-17 13:43:15	9	6	3	False	True
16098	dbkr	2018-12-17 10:11:57	dbkr	2018-12-17 21:56:14	10	7	3	False	True
16095	Menardi	2018-12-16 21:19:56	Menardi	2018-12-16 21:16:26	6	3	3	True	True
16086	popod	2018-12-15 16:18:56	popod	2018-12-15 16:09:17	4	2	2	True	True
16086	popod	2018-12-15 16:18:56	jkleinsc	2018-12-17 15:23:09	2	1	1	False	True
16082	trop[bot]	2018-12-14 23:19:04	bughit	2018-12-07 20:51:25	4	2	2	True	True
16082	trop[bot]	2018-12-14 23:19:04	bughit	2018-12-07 21:08:14	5	5	0	True	True
16082	trop[bot]	2018-12-14 23:19:04	bughit	2018-12-07 20:09:58	11	10	1	True	True
16081	trop[bot]	2018-12-14 23:15:45	codebytere	2018-12-14 21:20:02	6	3	3	True	True
16080	BinaryMuse	2018-12-14 22:16:16	BinaryMuse	2018-12-17 23:20:01	5	3	2	False	True
16080	BinaryMuse	2018-12-14 22:16:16	BinaryMuse	2018-12-17 18:59:38	4	2	2	False	True
16080	BinaryMuse	2018-12-14 22:16:16	BinaryMuse	2018-12-17 19:00:01	2	1	1	False	True
16080	BinaryMuse	2018-12-14 22:16:16	BinaryMuse	2018-12-17 23:18:07	4	2	2	False	True
16080	BinaryMuse	2018-12-14 22:16:16	BinaryMuse	2018-12-14 22:12:36	5	3	2	True	True
16080	BinaryMuse	2018-12-14 22:16:16	BinaryMuse	2018-12-14 22:16:44	2	1	1	False	True
16080	BinaryMuse	2018-12-14 22:16:16	BinaryMuse	2018-12-18 00:09:23	7	1	6	False	True
16080	BinaryMuse	2018-12-14 22:16:16	ckerr	2018-12-17 23:17:34	4	3	1	False	True
16080	BinaryMuse	2018-12-14 22:16:16	BinaryMuse	2018-12-14 22:18:56	1	1	0	False	True
16079	codebytere	2018-12-14 21:23:20	codebytere	2018-12-14 21:20:02	6	3	3	True	True
16077	roller-bot	2018-12-14 20:58:21	roller-bot	2018-12-14 20:58:19	2	1	1	True	True
16077	roller-bot	2018-12-14 20:58:21	roller-bot	2018-12-14 20:58:18	2	1	1	True	True
16076	roller-bot	2018-12-14 20:43:57	roller-bot	2018-12-14 20:43:55	2	1	1	True	True
16076	roller-bot	2018-12-14 20:43:57	roller-bot	2018-12-14 20:43:54	2	1	1	True	True
16075	nornagon	2018-12-14 19:52:04	nornagon	2018-11-28 01:59:05	1	1	0	True	True
16073	deepak1556	2018-12-14 17:31:02	deepak1556	2018-12-14 16:56:40	67598	67598	0	True	True
16072	roller-bot	2018-12-14 16:53:16	roller-bot	2018-12-14 16:53:13	2	1	1	True	True
16072	roller-bot	2018-12-14 16:53:16	roller-bot	2018-12-14 16:53:14	2	1	1	True	True
16067	zcbenz	2018-12-14 03:04:53	zcbenz	2018-12-14 03:01:11	76	56	20	True	True
16066	zcbenz	2018-12-14 01:10:06	zcbenz	2018-12-14 01:06:13	23	11	12	True	True
16065	zcbenz	2018-12-14 01:04:21	zcbenz	2018-12-13 21:25:12	81	34	47	True	True
16064	summeroff	2018-12-14 00:45:24	summeroff	2018-12-14 01:19:42	1	1	0	False	True
16064	summeroff	2018-12-14 00:45:24	summeroff	2018-12-07 01:54:53	175	175	0	True	True
16064	summeroff	2018-12-14 00:45:24	summeroff	2018-12-14 22:03:24	139	30	109	False	True
16064	summeroff	2018-12-14 00:45:24	summeroff	2018-12-07 20:33:42	71	51	20	True	True
16064	summeroff	2018-12-14 00:45:24	summeroff	2018-12-14 22:24:18	6	4	2	False	True
16064	summeroff	2018-12-14 00:45:24	summeroff	2018-12-17 18:20:30	10	7	3	False	True
16064	summeroff	2018-12-14 00:45:24	summeroff	2018-12-15 00:39:16	1	1	0	False	True
16064	summeroff	2018-12-14 00:45:24	summeroff	2018-12-07 20:33:42	51	34	17	True	True
16064	summeroff	2018-12-14 00:45:24	summeroff	2018-12-14 01:09:21	2	1	1	False	True
16063	BinaryMuse	2018-12-13 23:56:56	zcbenz	2018-11-27 02:09:39	10	9	1	True	True
16062	codebytere	2018-12-13 23:51:33	codebytere	2018-12-13 23:50:36	4	3	1	True	True
16060	codebytere	2018-12-13 23:36:12	codebytere	2018-12-14 20:28:30	5	1	4	False	True
16060	codebytere	2018-12-13 23:36:12	codebytere	2018-12-13 23:46:46	5	2	3	False	True
16060	codebytere	2018-12-13 23:36:12	codebytere	2018-12-13 23:32:22	57	26	31	True	True
16060	codebytere	2018-12-13 23:36:12	nornagon	2018-12-14 01:11:08	4	2	2	False	True
16059	nornagon	2018-12-13 21:42:18	nornagon	2018-12-13 21:30:44	35	34	1	True	True
16056	deepak1556	2018-12-13 19:40:11	zcbenz	2018-11-27 02:09:39	10	9	1	True	True
16055	deepak1556	2018-12-13 19:35:09	zcbenz	2018-11-27 02:09:39	10	9	1	True	True
16054	roller-bot	2018-12-13 19:28:38	roller-bot	2018-12-13 19:28:35	2	1	1	True	True
16054	roller-bot	2018-12-13 19:28:38	roller-bot	2018-12-13 19:28:36	2	1	1	True	True
16053	roller-bot	2018-12-13 19:28:03	roller-bot	2018-12-13 19:28:01	2	1	1	True	True
16052	roller-bot	2018-12-13 19:27:40	roller-bot	2018-12-13 19:27:39	2	1	1	True	True
16052	roller-bot	2018-12-13 19:27:40	roller-bot	2018-12-13 19:27:38	2	1	1	True	True
16051	nornagon	2018-12-13 19:26:27	nornagon	2018-12-18 23:34:28	1	1	0	False	True
16051	nornagon	2018-12-13 19:26:27	nornagon	2018-11-29 17:21:48	466	201	265	True	True
16051	nornagon	2018-12-13 19:26:27	nornagon	2018-12-19 01:04:32	2	1	1	False	True
16051	nornagon	2018-12-13 19:26:27	nornagon	2018-12-19 00:03:09	2	1	1	False	True
16051	nornagon	2018-12-13 19:26:27	nornagon	2018-12-13 19:53:17	4	1	3	False	True
16049	trop[bot]	2018-12-13 16:21:55	BinaryMuse	2018-12-13 00:36:16	3	1	2	True	True
16048	trop[bot]	2018-12-13 16:11:39	jkleinsc	2018-12-12 22:36:04	4	1	3	True	True
16048	trop[bot]	2018-12-13 16:11:39	jkleinsc	2018-12-11 22:12:16	4	2	2	True	True
16048	trop[bot]	2018-12-13 16:11:39	jkleinsc	2018-12-12 21:10:24	2	2	0	True	True
16048	trop[bot]	2018-12-13 16:11:39	jkleinsc	2018-12-10 22:17:36	3	3	0	True	True
16048	trop[bot]	2018-12-13 16:11:39	jkleinsc	2018-12-11 18:03:24	6	4	2	True	True
16047	jkleinsc	2018-12-13 16:06:13	jkleinsc	2018-12-10 22:17:36	3	3	0	True	True
16047	jkleinsc	2018-12-13 16:06:13	jkleinsc	2018-12-12 21:10:24	2	2	0	True	True
16047	jkleinsc	2018-12-13 16:06:13	jkleinsc	2018-12-11 18:03:24	6	4	2	True	True
16047	jkleinsc	2018-12-13 16:06:13	jkleinsc	2018-12-12 22:36:04	4	1	3	True	True
16047	jkleinsc	2018-12-13 16:06:13	jkleinsc	2018-12-11 22:12:16	4	2	2	True	True
16046	zcbenz	2018-12-13 12:17:57	zcbenz	2018-12-13 11:58:07	83	34	49	True	True
16043	BinaryMuse	2018-12-13 00:38:08	BinaryMuse	2018-12-13 00:36:16	3	1	2	True	True
16042	ppontes	2018-12-13 00:34:30	ppontes	2018-12-13 00:25:15	14	14	0	True	True
16042	ppontes	2018-12-13 00:34:30	ppontes	2018-12-14 20:09:20	157	157	0	False	True
16041	roller-bot	2018-12-12 23:01:55	roller-bot	2018-12-12 23:01:52	2	1	1	True	True
16041	roller-bot	2018-12-12 23:01:55	roller-bot	2018-12-12 23:01:53	2	1	1	True	True
16040	nornagon	2018-12-12 22:49:21	nornagon	2018-12-13 00:20:51	4	3	1	False	True
16040	nornagon	2018-12-12 22:49:21	nornagon	2018-12-12 22:47:28	25	24	1	True	True
16038	trop[bot]	2018-12-12 21:33:12	ckerr	2018-12-12 00:56:42	4	0	4	True	True
16038	trop[bot]	2018-12-12 21:33:12	ckerr	2018-12-12 00:52:52	12	11	1	True	True
16037	miniak	2018-12-12 19:37:13	miniak	2018-12-08 20:07:15	37	17	20	True	True
16035	roller-bot	2018-12-12 18:32:34	roller-bot	2018-12-12 18:32:32	2	1	1	True	True
16033	roller-bot	2018-12-12 14:38:36	roller-bot	2018-12-12 14:38:34	2	1	1	True	True
16033	roller-bot	2018-12-12 14:38:36	roller-bot	2018-12-12 14:38:33	2	1	1	True	True
16028	ckerr	2018-12-12 01:11:41	ckerr	2018-12-12 00:52:52	12	11	1	True	True
16028	ckerr	2018-12-12 01:11:41	ckerr	2018-12-12 00:56:42	4	0	4	True	True
16027	nornagon	2018-12-11 22:01:21	nornagon	2018-12-11 22:00:08	135	66	69	True	True
16026	trop[bot]	2018-12-11 21:49:33	alexeykuzmin	2018-12-11 17:57:14	4	3	1	True	True
16024	alexeykuzmin	2018-12-11 18:02:12	alexeykuzmin	2018-12-11 17:57:14	4	3	1	True	True
16023	trop[bot]	2018-12-11 17:55:38	nornagon	2018-12-11 01:51:56	2	2	0	True	True
16022	trop[bot]	2018-12-11 17:46:29	zcbenz	2018-12-11 04:54:46	555	302	253	True	True
16021	roller-bot	2018-12-11 16:54:26	roller-bot	2018-12-11 16:54:25	2	1	1	True	True
16021	roller-bot	2018-12-11 16:54:26	roller-bot	2018-12-11 16:54:24	2	1	1	True	True
16020	poiru	2018-12-11 16:14:20	poiru	2018-12-11 16:06:14	369	369	0	True	True
16014	zcbenz	2018-12-11 05:04:08	zcbenz	2018-12-11 04:54:46	555	302	253	True	True
16013	zcbenz	2018-12-11 02:14:53	bughit	2018-12-11 02:07:35	12	12	0	True	True
16012	trop[bot]	2018-12-11 02:08:07	bughit	2018-12-07 20:51:25	4	2	2	True	True
16012	trop[bot]	2018-12-11 02:08:07	bughit	2018-12-07 21:08:14	5	5	0	True	True
16012	trop[bot]	2018-12-11 02:08:07	bughit	2018-12-07 20:09:58	11	10	1	True	True
16011	trop[bot]	2018-12-11 02:08:04	bughit	2018-12-07 20:51:25	4	2	2	True	True
16011	trop[bot]	2018-12-11 02:08:04	bughit	2018-12-07 20:09:58	11	10	1	True	True
16011	trop[bot]	2018-12-11 02:08:04	bughit	2018-12-07 21:08:14	5	5	0	True	True
16009	nornagon	2018-12-11 01:52:31	nornagon	2018-12-11 01:51:56	2	2	0	True	True
16004	nornagon	2018-12-10 22:07:10	nornagon	2018-12-10 22:03:30	22	22	0	True	True
16002	trop[bot]	2018-12-10 20:27:59	codebytere	2018-12-10 19:05:30	39	21	18	True	True
16000	trop[bot]	2018-12-10 20:07:07	bpasero	2018-12-10 14:11:20	2	1	1	True	True
15999	trop[bot]	2018-12-10 20:07:03	bpasero	2018-12-10 14:11:20	2	1	1	True	True
15998	trop[bot]	2018-12-10 20:07:02	bpasero	2018-12-10 14:11:20	2	1	1	True	True
15997	codebytere	2018-12-10 19:31:01	codebytere	2018-12-10 19:05:30	39	21	18	True	True
15996	trop[bot]	2018-12-10 19:06:11	codebytere	2018-12-10 16:33:43	15	6	9	True	True
15996	trop[bot]	2018-12-10 19:06:11	codebytere	2018-12-10 17:03:01	11	9	2	True	True
15996	trop[bot]	2018-12-10 19:06:11	codebytere	2018-11-05 06:56:05	7	6	1	True	True
15996	trop[bot]	2018-12-10 19:06:11	codebytere	2018-12-06 19:29:51	9	1	8	True	True
15995	codebytere	2018-12-10 16:39:31	codebytere	2018-12-10 16:37:55	801	227	574	True	True
15994	codebytere	2018-12-10 16:06:53	codebytere	2018-12-10 16:54:22	2	1	1	False	True
15994	codebytere	2018-12-10 16:06:53	codebytere	2018-12-10 16:04:42	6	6	0	True	True
15992	bpasero	2018-12-10 14:12:58	bpasero	2018-12-10 14:11:20	2	1	1	True	True
15978	trop[bot]	2018-12-08 02:40:44	codebytere	2018-12-07 16:17:34	2	1	1	True	True
15978	trop[bot]	2018-12-08 02:40:44	MarshallOfSound	2018-12-02 05:07:23	18	17	1	True	True
15977	trop[bot]	2018-12-08 02:40:40	MarshallOfSound	2018-12-02 05:07:23	18	17	1	True	True
15977	trop[bot]	2018-12-08 02:40:40	codebytere	2018-12-07 16:17:34	2	1	1	True	True
15976	bengotow	2018-12-07 21:59:07	brenca	2018-10-13 01:57:04	8752	1393	7359	True	True
15976	bengotow	2018-12-07 21:59:07	deepak1556	2018-11-09 03:42:34	1959	847	1112	True	True
15976	bengotow	2018-12-07 21:59:07	deepak1556	2018-12-14 22:00:42	468	358	110	False	True
15975	bughit	2018-12-07 20:22:26	bughit	2018-12-07 20:09:58	11	10	1	True	True
15975	bughit	2018-12-07 20:22:26	bughit	2018-12-07 20:51:25	4	2	2	False	True
15975	bughit	2018-12-07 20:22:26	bughit	2018-12-07 21:08:14	5	5	0	False	True
15973	zcbenz	2018-12-07 10:04:44	nornagon	2018-12-09 10:11:47	2	2	0	False	True
15973	zcbenz	2018-12-07 10:04:44	zcbenz	2018-12-06 08:20:03	59	49	10	True	True
15971	miniak	2018-12-06 23:11:49	miniak	2018-12-06 23:10:02	18	9	9	True	True
15970	codebytere	2018-12-06 20:42:26	adill	2018-11-30 05:25:02	152	71	81	True	True
15969	ppontes	2018-12-06 10:06:00	ppontes	2018-12-06 10:00:57	2	2	0	True	True
15969	ppontes	2018-12-06 10:06:00	ppontes	2018-12-05 13:53:14	799	572	227	True	True
15966	deepak1556	2018-12-06 01:45:56	deepak1556	2018-12-07 18:15:31	53	44	9	False	True
15966	deepak1556	2018-12-06 01:45:56	deepak1556	2018-12-06 21:24:32	10	5	5	False	True
15966	deepak1556	2018-12-06 01:45:56	deepak1556	2018-12-06 19:25:41	2	1	1	False	True
15966	deepak1556	2018-12-06 01:45:56	deepak1556	2018-12-07 15:25:07	6	3	3	False	True
15966	deepak1556	2018-12-06 01:45:56	deepak1556	2018-12-06 21:05:01	2	1	1	False	True
15966	deepak1556	2018-12-06 01:45:56	deepak1556	2018-12-06 21:07:07	4	3	1	False	True
15966	deepak1556	2018-12-06 01:45:56	deepak1556	2018-12-06 00:33:56	867	392	475	True	True
15966	deepak1556	2018-12-06 01:45:56	deepak1556	2018-12-06 21:07:33	8	4	4	False	True
15966	deepak1556	2018-12-06 01:45:56	deepak1556	2018-12-07 15:50:02	15	15	0	False	True
15966	deepak1556	2018-12-06 01:45:56	deepak1556	2018-12-06 18:52:25	37	10	27	False	True
15966	deepak1556	2018-12-06 01:45:56	deepak1556	2018-12-07 15:56:18	2	1	1	False	True
15966	deepak1556	2018-12-06 01:45:56	deepak1556	2018-12-07 16:04:54	4	2	2	False	True
15966	deepak1556	2018-12-06 01:45:56	nornagon	2018-12-07 01:59:35	18	6	12	False	True
15966	deepak1556	2018-12-06 01:45:56	deepak1556	2018-12-06 19:11:44	12	8	4	False	True
15966	deepak1556	2018-12-06 01:45:56	deepak1556	2018-12-06 13:52:40	6	4	2	False	True
15966	deepak1556	2018-12-06 01:45:56	deepak1556	2018-12-06 18:51:18	18	8	10	False	True
15966	deepak1556	2018-12-06 01:45:56	deepak1556	2018-12-06 18:25:06	25	23	2	False	True
15966	deepak1556	2018-12-06 01:45:56	deepak1556	2018-12-06 18:23:46	6	4	2	False	True
15966	deepak1556	2018-12-06 01:45:56	deepak1556	2018-12-06 18:01:44	133	78	55	False	True
15966	deepak1556	2018-12-06 01:45:56	deepak1556	2018-12-06 15:18:36	17	3	14	False	True
15966	deepak1556	2018-12-06 01:45:56	deepak1556	2018-12-06 15:09:41	445	251	194	False	True
15966	deepak1556	2018-12-06 01:45:56	deepak1556	2018-12-07 18:12:43	13	1	12	False	True
15966	deepak1556	2018-12-06 01:45:56	deepak1556	2018-12-06 19:16:22	23	11	12	False	True
15966	deepak1556	2018-12-06 01:45:56	deepak1556	2018-12-06 11:41:20	3	2	1	False	True
15966	deepak1556	2018-12-06 01:45:56	deepak1556	2018-12-06 13:46:01	210	115	95	False	True
15966	deepak1556	2018-12-06 01:45:56	deepak1556	2018-12-06 00:31:19	2	1	1	True	True
15966	deepak1556	2018-12-06 01:45:56	deepak1556	2018-12-06 11:28:51	10	5	5	False	True
15966	deepak1556	2018-12-06 01:45:56	deepak1556	2018-12-07 16:23:32	16	0	16	False	True
15966	deepak1556	2018-12-06 01:45:56	deepak1556	2018-12-06 02:30:03	18	14	4	False	True
15966	deepak1556	2018-12-06 01:45:56	deepak1556	2018-12-06 01:41:45	628	56	572	True	True
15964	miniak	2018-12-05 21:21:03	miniak	2018-12-05 20:57:48	98	81	17	True	True
15964	miniak	2018-12-05 21:21:03	miniak	2018-12-08 09:41:27	40	18	22	False	True
15964	miniak	2018-12-05 21:21:03	zcbenz	2018-12-20 00:44:23	4	2	2	False	True
15961	miniak	2018-12-05 14:01:28	miniak	2018-12-05 13:59:09	38	13	25	True	True
15960	miniak	2018-12-05 12:02:06	miniak	2018-12-05 13:38:29	74	46	28	False	True
15957	miniak	2018-12-05 10:15:03	miniak	2018-10-13 22:28:56	28	1	27	True	True
15954	codebytere	2018-12-04 20:50:23	codebytere	2018-12-04 20:49:02	31	0	31	True	True
15952	codebytere	2018-12-04 19:18:20	codebytere	2018-12-05 19:44:51	2	1	1	False	True
15952	codebytere	2018-12-04 19:18:20	codebytere	2018-12-05 17:41:59	5	1	4	False	True
15952	codebytere	2018-12-04 19:18:20	ckerr	2018-12-08 20:33:43	8	4	4	False	True
15952	codebytere	2018-12-04 19:18:20	codebytere	2018-12-04 19:11:14	42	22	20	True	True
15952	codebytere	2018-12-04 19:18:20	ckerr	2018-12-08 20:34:51	5	3	2	False	True
15952	codebytere	2018-12-04 19:18:20	codebytere	2018-12-07 16:07:45	8	4	4	False	True
15952	codebytere	2018-12-04 19:18:20	ckerr	2018-12-08 20:37:12	50	50	0	False	True
15951	miniak	2018-12-04 18:39:53	miniak	2018-12-04 18:36:28	7	0	7	True	True
15950	miniak	2018-12-04 16:55:53	miniak	2018-12-04 16:28:12	253	213	40	True	True
15949	trop[bot]	2018-12-04 16:04:46	codebytere	2018-11-28 04:12:01	32	17	15	True	True
15948	trop[bot]	2018-12-04 15:54:45	codebytere	2018-11-10 18:10:04	123	121	2	True	True
15946	roller-bot	2018-12-04 11:11:47	roller-bot	2018-12-04 11:11:46	2	1	1	True	True
15945	roller-bot	2018-12-04 08:16:59	roller-bot	2018-12-04 08:16:58	2	1	1	True	True
15945	roller-bot	2018-12-04 08:16:59	roller-bot	2018-12-04 08:16:57	2	1	1	True	True
15939	jkleinsc	2018-12-03 22:41:50	jkleinsc	2018-12-03 22:05:15	2	1	1	True	True
15939	jkleinsc	2018-12-03 22:41:50	jkleinsc	2018-12-03 22:02:12	39	13	26	True	True
15938	MarshallOfSound	2018-12-03 22:39:58	MarshallOfSound	2018-12-03 22:38:49	30	22	8	True	True
15938	MarshallOfSound	2018-12-03 22:39:58	codebytere	2018-12-22 05:11:55	4	2	2	False	True
15937	roller-bot	2018-12-03 22:36:22	roller-bot	2018-12-03 22:36:19	2	1	1	True	True
15937	roller-bot	2018-12-03 22:36:22	roller-bot	2018-12-03 22:36:20	2	1	1	True	True
15935	ckerr	2018-12-03 17:58:52	ckerr	2018-12-03 18:03:44	69	7	62	False	True
15935	ckerr	2018-12-03 17:58:52	ckerr	2018-12-03 17:55:34	1125	704	421	True	True
15931	trop[bot]	2018-12-03 16:57:15	miniak	2018-10-17 01:20:46	75	37	38	True	True
15931	trop[bot]	2018-12-03 16:57:15	miniak	2018-11-28 09:47:05	35	28	7	True	True
15930	codebytere	2018-12-03 16:34:13	codebytere	2018-12-03 16:32:24	46	15	31	True	True
15929	miniak	2018-12-03 16:24:22	miniak	2018-12-02 16:56:06	11	11	0	True	True
15927	alexgreenland	2018-12-03 15:22:24	alexgreenland	2018-12-03 14:48:59	15	12	3	True	True
15927	alexgreenland	2018-12-03 15:22:24	alexgreenland	2018-12-04 13:34:38	11	9	2	False	True
15924	trop[bot]	2018-12-02 22:43:26	miniak	2018-12-02 09:32:24	22	0	22	True	True
15921	codebytere	2018-12-02 18:06:27	codebytere	2018-12-02 18:04:57	81	29	52	True	True
15921	codebytere	2018-12-02 18:06:27	codebytere	2018-12-03 20:32:29	6	3	3	False	True
15920	miniak	2018-12-02 17:45:23	miniak	2018-12-02 17:44:16	9	4	5	True	True
15919	miniak	2018-12-02 14:40:05	miniak	2018-12-02 14:32:35	205	115	90	True	True
15917	miniak	2018-12-02 09:35:43	miniak	2018-12-02 09:32:24	22	0	22	True	True
15916	MarshallOfSound	2018-12-02 05:13:09	MarshallOfSound	2018-12-02 05:07:23	18	17	1	True	True
15916	MarshallOfSound	2018-12-02 05:13:09	codebytere	2018-12-07 16:17:34	2	1	1	False	True
15913	roller-bot	2018-12-01 14:48:56	roller-bot	2018-12-01 14:48:55	2	1	1	True	True
15913	roller-bot	2018-12-01 14:48:56	roller-bot	2018-12-01 14:48:54	2	1	1	True	True
