pr_number	author_user_login	pr_created_at	review_comment_user_login	review_comment_created_at	is_review_review_comment
1614	chenglou	2014-05-28 05:11:46	zpao	2014-05-28 18:19:47	True
1614	chenglou	2014-05-28 05:11:46	zpao	2014-05-28 17:27:41	True
1614	chenglou	2014-05-28 05:11:46	zpao	2014-05-28 17:21:51	True
1614	chenglou	2014-05-28 05:11:46	zpao	2014-05-28 17:22:38	True
1614	chenglou	2014-05-28 05:11:46	zpao	2014-05-28 18:15:59	True
1614	chenglou	2014-05-28 05:11:46	sophiebits	2014-05-28 17:25:09	True
1614	chenglou	2014-05-28 05:11:46	zpao	2014-05-28 17:17:12	True
1614	chenglou	2014-05-28 05:11:46	zpao	2014-05-28 17:19:50	True
1614	chenglou	2014-05-28 05:11:46	zpao	2014-05-28 17:15:48	True
1611	mathieumg	2014-05-27 15:02:49	zpao	2014-05-27 21:25:45	True
1611	mathieumg	2014-05-27 15:02:49	syranide	2014-05-27 17:19:09	True
1611	mathieumg	2014-05-27 15:02:49	syranide	2014-05-27 17:15:17	True
1611	mathieumg	2014-05-27 15:02:49	syranide	2014-05-27 17:22:22	True
1611	mathieumg	2014-05-27 15:02:49	syranide	2014-05-27 17:13:33	True
1601	gaearon	2014-05-25 22:30:23	sophiebits	2014-05-25 22:37:37	True
1601	gaearon	2014-05-25 22:30:23	sophiebits	2014-05-25 22:44:35	True
1601	gaearon	2014-05-25 22:30:23	sophiebits	2014-05-25 22:52:25	True
1601	gaearon	2014-05-25 22:30:23	sophiebits	2014-05-25 22:37:04	True
1601	gaearon	2014-05-25 22:30:23	sophiebits	2014-05-25 22:35:37	True
1600	thaggie	2014-05-25 17:07:39	vjeux	2014-05-25 17:15:21	True
1599	syranide	2014-05-25 10:43:01	yungsters	2015-02-03 04:18:56	True
1598	syranide	2014-05-25 09:20:52	zpao	2014-09-22 21:22:07	True
1590	sophiebits	2014-05-23 03:30:25	zpao	2014-05-23 20:53:55	True
1568	syranide	2014-05-19 21:21:58	zpao	2014-08-13 22:51:41	True
1568	syranide	2014-05-19 21:21:58	zpao	2014-08-14 22:39:45	True
1568	syranide	2014-05-19 21:21:58	sophiebits	2014-05-19 21:24:09	True
1568	syranide	2014-05-19 21:21:58	sophiebits	2014-05-19 21:24:15	True
1564	sophiebits	2014-05-19 18:43:12	zpao	2014-05-19 20:07:40	True
1560	sophiebits	2014-05-19 07:09:04	jordwalke	2014-05-21 06:03:25	True
1560	sophiebits	2014-05-19 07:09:04	jordwalke	2014-05-21 06:09:37	True
1560	sophiebits	2014-05-19 07:09:04	jordwalke	2014-05-21 05:57:21	True
1560	sophiebits	2014-05-19 07:09:04	jordwalke	2014-05-21 19:57:08	True
1558	nhunzaker	2014-05-18 19:30:57	sophiebits	2014-05-18 19:33:07	True
1558	nhunzaker	2014-05-18 19:30:57	sophiebits	2014-05-18 19:41:13	True
1558	nhunzaker	2014-05-18 19:30:57	sophiebits	2014-05-18 19:39:08	True
1557	jonase	2014-05-18 14:00:15	zpao	2014-06-18 22:39:20	True
1556	joshma	2014-05-18 04:27:58	fisherwebdev	2014-05-23 06:41:11	True
1556	joshma	2014-05-18 04:27:58	fisherwebdev	2014-05-23 06:42:29	True
1554	sophiebits	2014-05-18 03:58:34	jordwalke	2014-05-22 19:23:06	True
1554	sophiebits	2014-05-18 03:58:34	jordwalke	2014-05-21 06:16:35	True
1554	sophiebits	2014-05-18 03:58:34	jordwalke	2014-05-21 06:31:32	True
1554	sophiebits	2014-05-18 03:58:34	jordwalke	2014-05-21 20:29:59	True
1554	sophiebits	2014-05-18 03:58:34	jordwalke	2014-05-21 06:25:34	True
1554	sophiebits	2014-05-18 03:58:34	jordwalke	2014-05-21 06:42:51	True
1554	sophiebits	2014-05-18 03:58:34	jordwalke	2014-05-21 06:22:32	True
1554	sophiebits	2014-05-18 03:58:34	jordwalke	2014-05-21 06:21:30	True
1554	sophiebits	2014-05-18 03:58:34	jordwalke	2014-05-21 06:16:01	True
1554	sophiebits	2014-05-18 03:58:34	jordwalke	2014-05-21 06:14:37	True
1548	nhunzaker	2014-05-17 15:58:22	sophiebits	2014-05-17 18:08:48	True
1536	sophiebits	2014-05-15 18:14:06	yungsters	2014-05-15 18:40:50	True
1536	sophiebits	2014-05-15 18:14:06	yungsters	2014-05-15 18:41:54	True
1536	sophiebits	2014-05-15 18:14:06	yungsters	2014-05-15 18:52:26	True
1536	sophiebits	2014-05-15 18:14:06	yungsters	2014-05-27 20:39:27	True
1536	sophiebits	2014-05-15 18:14:06	yungsters	2014-05-15 18:45:56	True
1526	Meettya	2014-05-14 06:54:47	zpao	2014-05-14 21:10:58	True
1526	Meettya	2014-05-14 06:54:47	zpao	2014-07-30 06:28:37	True
1522	danielschonfeld	2014-05-13 16:05:48	syranide	2014-05-13 16:40:56	True
1516	syranide	2014-05-11 18:59:24	sophiebits	2014-05-12 07:41:02	True
1516	syranide	2014-05-11 18:59:24	petehunt	2014-05-12 07:40:16	True
1513	danielschonfeld	2014-05-11 06:12:18	sophiebits	2014-05-14 01:15:43	True
1513	danielschonfeld	2014-05-11 06:12:18	sophiebits	2014-05-14 01:17:55	True
1513	danielschonfeld	2014-05-11 06:12:18	sophiebits	2014-05-14 00:57:16	True
1513	danielschonfeld	2014-05-11 06:12:18	sophiebits	2014-05-14 01:15:08	True
1513	danielschonfeld	2014-05-11 06:12:18	sophiebits	2014-05-14 01:14:59	True
1513	danielschonfeld	2014-05-11 06:12:18	sophiebits	2014-05-14 02:38:12	True
1513	danielschonfeld	2014-05-11 06:12:18	sophiebits	2014-05-14 01:13:45	True
1513	danielschonfeld	2014-05-11 06:12:18	sophiebits	2014-05-14 02:42:55	True
1513	danielschonfeld	2014-05-11 06:12:18	sophiebits	2014-05-14 02:16:48	True
1513	danielschonfeld	2014-05-11 06:12:18	syranide	2014-05-13 21:45:31	True
1513	danielschonfeld	2014-05-11 06:12:18	zpao	2014-05-13 21:51:44	True
1513	danielschonfeld	2014-05-11 06:12:18	zpao	2014-05-13 21:43:17	True
1513	danielschonfeld	2014-05-11 06:12:18	sophiebits	2014-05-14 00:53:21	True
1513	danielschonfeld	2014-05-11 06:12:18	zpao	2014-05-13 22:02:15	True
1513	danielschonfeld	2014-05-11 06:12:18	sophiebits	2014-05-13 22:23:00	True
1511	syranide	2014-05-10 23:20:48	sophiebits	2014-07-20 05:54:24	True
1511	syranide	2014-05-10 23:20:48	sophiebits	2014-07-20 05:55:05	True
1511	syranide	2014-05-10 23:20:48	zpao	2014-07-24 02:19:12	True
1510	syranide	2014-05-10 21:45:35	sophiebits	2014-05-12 21:49:15	True
1510	syranide	2014-05-10 21:45:35	sophiebits	2014-05-11 23:07:51	True
1491	brianreavis	2014-05-07 07:43:29	zpao	2014-05-08 17:01:03	True
1491	brianreavis	2014-05-07 07:43:29	zpao	2014-05-08 17:02:21	True
1480	volkanunsal	2014-05-04 23:06:52	fisherwebdev	2014-05-05 06:50:11	True
1476	fisherwebdev	2014-05-02 14:21:06	sophiebits	2014-05-02 14:41:49	True
1476	fisherwebdev	2014-05-02 14:21:06	petehunt	2014-05-02 14:29:45	True
1476	fisherwebdev	2014-05-02 14:21:06	petehunt	2014-05-02 14:39:38	True
1476	fisherwebdev	2014-05-02 14:21:06	petehunt	2014-05-02 14:37:43	True
1476	fisherwebdev	2014-05-02 14:21:06	petehunt	2014-05-02 14:30:03	True
1470	hendrikswan	2014-05-01 09:36:02	zpao	2014-05-02 19:15:43	True
