pr_number	author_user_login	pr_created_at	review_user_login	review_created_at	filename	create_before_pr	has_issue_comment	has_review_comment	has_commit
4259	janraasch	2015-06-30 13:29:23	zpao	2015-07-01 10:21:18	src/renderers/dom/shared/HTMLDOMPropertyConfig.js	True	True	True	True
4231	DarkScorpion	2015-06-26 04:52:15	jimfb	2015-06-27 16:32:09	.gitignore	True	True	True	True
4231	DarkScorpion	2015-06-26 04:52:15	brigand	2015-06-26 05:16:48	examples/basic-click-counter/index.html	False	True	True	True
4231	DarkScorpion	2015-06-26 04:52:15	brigand	2015-06-26 05:16:48	.gitignore	True	True	True	True
4231	DarkScorpion	2015-06-26 04:52:15	brigand	2015-06-26 05:16:48	examples/click-counter/Index.html	True	True	True	True
4231	DarkScorpion	2015-06-26 04:52:15	brigand	2015-06-26 05:16:48	examples/basic-click-counter/Index.html	True	True	True	True
4231	DarkScorpion	2015-06-26 04:52:15	jimfb	2015-06-27 16:32:09	examples/basic-click-counter/Index.html	False	True	True	True
4231	DarkScorpion	2015-06-26 04:52:15	jimfb	2015-06-27 16:32:09	examples/basic-click-counter/index.html	False	True	True	True
4231	DarkScorpion	2015-06-26 04:52:15	brigand	2015-06-26 05:16:48	examples/basic-click-counter/Index.html	False	True	True	True
4231	DarkScorpion	2015-06-26 04:52:15	jimfb	2015-06-27 16:32:09	examples/click-counter/Index.html	True	True	True	True
4231	DarkScorpion	2015-06-26 04:52:15	brigand	2015-06-30 09:21:58	examples/basic-click-counter/Index.html	False	True	True	True
4231	DarkScorpion	2015-06-26 04:52:15	brigand	2015-06-30 09:21:58	examples/basic-click-counter/index.html	False	True	True	True
4231	DarkScorpion	2015-06-26 04:52:15	brigand	2015-06-30 09:21:58	.gitignore	True	True	True	True
4231	DarkScorpion	2015-06-26 04:52:15	brigand	2015-06-30 09:21:58	examples/click-counter/Index.html	True	True	True	True
4231	DarkScorpion	2015-06-26 04:52:15	brigand	2015-06-30 09:21:58	examples/basic-click-counter/Index.html	True	True	True	True
4231	DarkScorpion	2015-06-26 04:52:15	jimfb	2015-06-27 16:32:09	examples/basic-click-counter/Index.html	True	True	True	True
4223	sophiebits	2015-06-25 06:52:27	zpao	2015-06-29 07:05:40	src/isomorphic/modern/class/__tests__/ReactTypeScriptClass-test.ts	True	False	True	True
4223	sophiebits	2015-06-25 06:52:27	zpao	2015-06-29 07:07:19	src/isomorphic/modern/class/__tests__/ReactTypeScriptClass-test.ts	True	False	True	True
4223	sophiebits	2015-06-25 06:52:27	zpao	2015-06-29 07:07:19	src/renderers/dom/client/__tests__/ReactMount-test.js	True	False	True	True
4223	sophiebits	2015-06-25 06:52:27	zpao	2015-06-29 07:07:19	src/shared/utils/__tests__/traverseAllChildren-test.js	True	False	True	True
4223	sophiebits	2015-06-25 06:52:27	zpao	2015-06-29 07:07:19	src/test/__tests__/ReactTestUtils-test.js	True	False	True	True
4223	sophiebits	2015-06-25 06:52:27	zpao	2015-06-29 07:07:19	test/index.html	True	False	True	True
4223	sophiebits	2015-06-25 06:52:27	zpao	2015-06-29 07:07:19	test/lib/jasmine-execute.js	True	False	True	True
4223	sophiebits	2015-06-25 06:52:27	zpao	2015-06-29 07:07:19	src/renderers/shared/reconciler/__tests__/ReactCompositeComponent-test.js	True	False	True	True
4223	sophiebits	2015-06-25 06:52:27	zpao	2015-06-29 07:05:40	src/renderers/dom/client/__tests__/ReactMount-test.js	True	False	True	True
4223	sophiebits	2015-06-25 06:52:27	zpao	2015-06-29 07:05:40	src/shared/utils/__tests__/traverseAllChildren-test.js	True	False	True	True
4223	sophiebits	2015-06-25 06:52:27	zpao	2015-06-29 07:05:40	src/test/__tests__/ReactTestUtils-test.js	True	False	True	True
4223	sophiebits	2015-06-25 06:52:27	zpao	2015-06-29 07:05:40	test/index.html	True	False	True	True
4223	sophiebits	2015-06-25 06:52:27	zpao	2015-06-29 07:05:40	test/lib/jasmine-execute.js	True	False	True	True
4223	sophiebits	2015-06-25 06:52:27	zpao	2015-06-29 07:05:40	src/renderers/shared/reconciler/__tests__/ReactCompositeComponent-test.js	True	False	True	True
4221	jimfb	2015-06-25 04:16:08	sebmarkbage	2015-06-25 04:18:02	src/renderers/shared/reconciler/ReactReconciler.js	True	False	True	True
4221	jimfb	2015-06-25 04:16:08	sebmarkbage	2015-06-25 04:19:49	examples/basic-jsx/index.html	True	False	True	True
4221	jimfb	2015-06-25 04:16:08	sebmarkbage	2015-06-25 04:19:49	src/renderers/shared/reconciler/ReactCompositeComponent.js	True	False	True	True
4221	jimfb	2015-06-25 04:16:08	sebmarkbage	2015-06-25 04:19:49	src/renderers/shared/reconciler/ReactReconciler.js	True	False	True	True
4221	jimfb	2015-06-25 04:16:08	sebmarkbage	2015-06-25 04:19:49	src/renderers/shared/reconciler/__tests__/ReactCompositeComponent-test.js	True	False	True	True
4221	jimfb	2015-06-25 04:16:08	sebmarkbage	2015-06-25 04:19:49	src/renderers/shared/reconciler/__tests__/ReactUpdates-test.js	True	False	True	True
4221	jimfb	2015-06-25 04:16:08	sebmarkbage	2015-06-25 04:18:02	examples/basic-jsx/index.html	True	False	True	True
4221	jimfb	2015-06-25 04:16:08	sebmarkbage	2015-06-25 04:18:02	src/renderers/shared/reconciler/ReactCompositeComponent.js	True	False	True	True
4221	jimfb	2015-06-25 04:16:08	andreypopp	2015-06-25 14:49:26	examples/basic-jsx/index.html	True	False	True	True
4221	jimfb	2015-06-25 04:16:08	sebmarkbage	2015-06-25 04:18:02	src/renderers/shared/reconciler/__tests__/ReactCompositeComponent-test.js	True	False	True	True
4221	jimfb	2015-06-25 04:16:08	sebmarkbage	2015-06-25 04:18:02	src/renderers/shared/reconciler/__tests__/ReactUpdates-test.js	True	False	True	True
4221	jimfb	2015-06-25 04:16:08	andreypopp	2015-06-25 14:49:26	src/renderers/shared/reconciler/ReactCompositeComponent.js	True	False	True	True
4221	jimfb	2015-06-25 04:16:08	andreypopp	2015-06-25 14:49:26	src/renderers/shared/reconciler/ReactReconciler.js	True	False	True	True
4221	jimfb	2015-06-25 04:16:08	andreypopp	2015-06-25 14:49:26	src/renderers/shared/reconciler/__tests__/ReactCompositeComponent-test.js	True	False	True	True
4221	jimfb	2015-06-25 04:16:08	andreypopp	2015-06-25 14:49:26	src/renderers/shared/reconciler/__tests__/ReactUpdates-test.js	True	False	True	True
4209	aruberto	2015-06-24 13:50:36	sophiebits	2015-06-24 18:20:43	src/isomorphic/classic/types/ReactPropTypes.js	False	True	True	True
4209	aruberto	2015-06-24 13:50:36	sophiebits	2015-06-24 18:20:43	src/isomorphic/classic/types/__tests__/ReactPropTypes-test.js	True	True	True	True
4209	aruberto	2015-06-24 13:50:36	sophiebits	2015-06-24 18:20:43	src/isomorphic/classic/types/ReactPropTypes.js	True	True	True	True
4209	aruberto	2015-06-24 13:50:36	sophiebits	2015-06-24 18:20:43	src/isomorphic/classic/types/__tests__/ReactPropTypes-test.js	False	True	True	True
4192	dantman	2015-06-22 07:38:31	syranide	2015-06-22 08:55:48	src/shared/vendor/core/emptyObject.js	True	True	True	True
4192	dantman	2015-06-22 07:38:31	syranide	2015-06-22 08:55:48	src/shared/stubs/__tests__/Object.freeze-test.js	True	True	True	True
4192	dantman	2015-06-22 07:38:31	syranide	2015-06-22 08:55:48	src/shared/stubs/__tests__/Object.create-test.js	True	True	True	True
4192	dantman	2015-06-22 07:38:31	syranide	2015-06-22 08:55:48	src/shared/stubs/Object.freeze.js	True	True	True	True
4192	dantman	2015-06-22 07:38:31	syranide	2015-06-22 08:55:48	src/shared/stubs/Object.create.js	True	True	True	True
4192	dantman	2015-06-22 07:38:31	syranide	2015-06-22 08:55:48	src/renderers/dom/client/syntheticEvents/SyntheticEvent.js	True	True	True	True
4192	dantman	2015-06-22 07:38:31	syranide	2015-06-22 08:55:48	src/renderers/dom/ReactDOMClient.js	True	True	True	True
4192	dantman	2015-06-22 07:38:31	syranide	2015-06-22 08:55:48	src/isomorphic/classic/element/ReactElement.js	True	True	True	True
4192	dantman	2015-06-22 07:38:31	syranide	2015-06-22 08:55:48	docs/docs/08-working-with-the-browser.md	True	True	True	True
4176	bloodyowl	2015-06-19 11:44:24	zpao	2015-07-13 20:55:27	src/renderers/dom/shared/ReactDOMComponent.js	True	True	True	True
4176	bloodyowl	2015-06-19 11:44:24	zpao	2015-07-13 20:57:05	src/renderers/dom/shared/__tests__/ReactDOMComponent-test.js	True	True	True	True
4176	bloodyowl	2015-06-19 11:44:24	zpao	2015-07-13 20:57:05	src/renderers/dom/shared/ReactDOMComponent.js	True	True	True	True
4176	bloodyowl	2015-06-19 11:44:24	zpao	2015-07-13 20:55:27	src/renderers/dom/shared/__tests__/ReactDOMComponent-test.js	True	True	True	True
4167	zpao	2015-06-18 07:07:19	sophiebits	2015-07-23 00:35:52	src/shared/vendor/core/dom/containsNode.js	False	False	True	True
4167	zpao	2015-06-18 07:07:19	sophiebits	2015-07-23 00:35:52	src/shared/vendor/core/nativeRequestAnimationFrame.js	False	False	True	True
4167	zpao	2015-06-18 07:07:19	sophiebits	2015-07-23 00:35:52	src/shared/vendor/core/monitorCodeUse.js	False	False	True	True
4167	zpao	2015-06-18 07:07:19	sophiebits	2015-07-23 00:35:52	src/shared/vendor/core/mapObject.js	False	False	True	True
4167	zpao	2015-06-18 07:07:19	sophiebits	2015-07-23 00:35:52	src/shared/vendor/core/invariant.js	False	False	True	True
4167	zpao	2015-06-18 07:07:19	sophiebits	2015-07-23 00:35:52	src/shared/vendor/core/hyphenateStyleName.js	False	False	True	True
4167	zpao	2015-06-18 07:07:19	sophiebits	2015-07-23 00:35:52	src/shared/vendor/core/hyphenate.js	False	False	True	True
4167	zpao	2015-06-18 07:07:19	sophiebits	2015-07-23 00:35:52	src/shared/vendor/core/getMarkupWrap.js	False	False	True	True
4167	zpao	2015-06-18 07:07:19	sophiebits	2015-07-23 00:35:52	src/shared/vendor/core/emptyObject.js	False	False	True	True
4167	zpao	2015-06-18 07:07:19	sophiebits	2015-07-23 00:35:52	src/shared/vendor/core/emptyFunction.js	False	False	True	True
4167	zpao	2015-06-18 07:07:19	sophiebits	2015-07-23 00:35:52	src/shared/vendor/core/dom/isTextNode.js	False	False	True	True
4167	zpao	2015-06-18 07:07:19	sophiebits	2015-07-23 00:35:52	src/shared/vendor/core/dom/isNode.js	False	False	True	True
4167	zpao	2015-06-18 07:07:19	sophiebits	2015-07-23 00:35:52	src/shared/vendor/core/dom/getUnboundedScrollPosition.js	False	False	True	True
4167	zpao	2015-06-18 07:07:19	sophiebits	2015-07-23 00:35:52	src/shared/vendor/core/dom/getActiveElement.js	False	False	True	True
4167	zpao	2015-06-18 07:07:19	sophiebits	2015-07-23 00:35:52	src/shared/vendor/core/dom/focusNode.js	False	False	True	True
4167	zpao	2015-06-18 07:07:19	sophiebits	2015-07-23 00:35:52	src/shared/vendor/core/ExecutionEnvironment.js	False	False	True	True
4167	zpao	2015-06-18 07:07:19	sophiebits	2015-07-23 00:35:52	src/shared/vendor/core/createNodesFromMarkup.js	False	False	True	True
4167	zpao	2015-06-18 07:07:19	sophiebits	2015-07-23 00:35:52	src/shared/vendor/core/createArrayFromMixed.js	False	False	True	True
4167	zpao	2015-06-18 07:07:19	sophiebits	2015-07-23 00:35:52	src/shared/vendor/core/camelizeStyleName.js	False	False	True	True
4167	zpao	2015-06-18 07:07:19	sophiebits	2015-07-23 00:35:52	src/shared/vendor/core/camelize.js	False	False	True	True
4167	zpao	2015-06-18 07:07:19	sophiebits	2015-07-23 00:35:52	src/shared/vendor/core/TouchEventUtils.js	False	False	True	True
4167	zpao	2015-06-18 07:07:19	sophiebits	2015-07-23 00:35:52	scripts/jest/jest.d.ts	False	False	True	True
4167	zpao	2015-06-18 07:07:19	sophiebits	2015-07-23 00:35:52	src/shared/vendor/core/toArray.js	False	False	True	True
4167	zpao	2015-06-18 07:07:19	sophiebits	2015-07-23 00:35:52	src/shared/vendor/core/CSSCore.js	False	False	True	True
4167	zpao	2015-06-18 07:07:19	sophiebits	2015-07-23 00:35:52	src/shared/vendor/README.md	False	False	True	True
4167	zpao	2015-06-18 07:07:19	sophiebits	2015-07-23 00:35:52	src/renderers/dom/server/__tests__/ReactServerRendering-test.js	False	False	True	True
4167	zpao	2015-06-18 07:07:19	sophiebits	2015-07-23 00:35:52	src/renderers/dom/client/eventPlugins/__tests__/SelectEventPlugin-test.js	False	False	True	True
4167	zpao	2015-06-18 07:07:19	sophiebits	2015-07-23 00:35:52	src/renderers/dom/client/__tests__/ReactBrowserEventEmitter-test.js	False	False	True	True
4167	zpao	2015-06-18 07:07:19	sophiebits	2015-07-23 00:35:52	src/isomorphic/deprecated/__tests__/cloneWithProps-test.js	False	False	True	True
4167	zpao	2015-06-18 07:07:19	sophiebits	2015-07-23 00:35:52	scripts/jest/ts-preprocessor.js	False	False	True	True
4167	zpao	2015-06-18 07:07:19	sophiebits	2015-07-23 00:35:52	src/shared/vendor/core/requestAnimationFrame.js	False	False	True	True
4167	zpao	2015-06-18 07:07:19	sophiebits	2015-07-23 00:35:52	src/shared/vendor/stubs/EventListener.js	False	False	True	True
4167	zpao	2015-06-18 07:07:19	sophiebits	2015-07-23 00:35:52	src/shared/vendor/core/warning.js	False	False	True	True
4167	zpao	2015-06-18 07:07:19	sophiebits	2015-07-23 00:35:58	packages/react-dom/package.json	False	False	True	True
4167	zpao	2015-06-18 07:07:19	sophiebits	2015-07-23 00:35:58	src/shared/vendor/core/TouchEventUtils.js	False	False	True	True
4167	zpao	2015-06-18 07:07:19	sophiebits	2015-07-23 00:35:58	src/shared/vendor/core/ExecutionEnvironment.js	False	False	True	True
4167	zpao	2015-06-18 07:07:19	sophiebits	2015-07-23 00:35:58	src/shared/vendor/core/CSSCore.js	False	False	True	True
4167	zpao	2015-06-18 07:07:19	sophiebits	2015-07-23 00:35:58	src/shared/vendor/README.md	False	False	True	True
4167	zpao	2015-06-18 07:07:19	sophiebits	2015-07-23 00:35:58	src/renderers/dom/server/__tests__/ReactServerRendering-test.js	False	False	True	True
4167	zpao	2015-06-18 07:07:19	sophiebits	2015-07-23 00:35:58	src/renderers/dom/client/eventPlugins/__tests__/SelectEventPlugin-test.js	False	False	True	True
4167	zpao	2015-06-18 07:07:19	sophiebits	2015-07-23 00:35:58	src/renderers/dom/client/__tests__/ReactBrowserEventEmitter-test.js	False	False	True	True
4167	zpao	2015-06-18 07:07:19	sophiebits	2015-07-23 00:35:58	src/isomorphic/deprecated/__tests__/cloneWithProps-test.js	False	False	True	True
4167	zpao	2015-06-18 07:07:19	sophiebits	2015-07-23 00:35:58	scripts/jest/ts-preprocessor.js	False	False	True	True
4167	zpao	2015-06-18 07:07:19	sophiebits	2015-07-23 00:35:58	scripts/jest/preprocessor.js	False	False	True	True
4167	zpao	2015-06-18 07:07:19	sophiebits	2015-07-23 00:35:58	scripts/jest/jest.d.ts	False	False	True	True
4167	zpao	2015-06-18 07:07:19	sophiebits	2015-07-23 00:35:58	scripts/jest/environment.js	False	False	True	True
4167	zpao	2015-06-18 07:07:19	sophiebits	2015-07-23 00:35:58	packages/react/package.json	False	False	True	True
4167	zpao	2015-06-18 07:07:19	sophiebits	2015-07-23 00:35:58	jest/preprocessor.js	False	False	True	True
4167	zpao	2015-06-18 07:07:19	sophiebits	2015-07-23 00:35:52	src/shared/vendor/key-mirror/__tests__/keyMirror-test.js	False	False	True	True
4167	zpao	2015-06-18 07:07:19	sophiebits	2015-07-23 00:35:58	gulpfile.js	False	False	True	True
4167	zpao	2015-06-18 07:07:19	sophiebits	2015-07-23 00:35:58	bin/jsx-internal	False	False	True	True
4167	zpao	2015-06-18 07:07:19	sophiebits	2015-07-23 00:35:58	package.json	False	False	True	True
4167	zpao	2015-06-18 07:07:19	sophiebits	2015-07-23 00:35:58	grunt/tasks/jest.js	False	False	True	True
4167	zpao	2015-06-18 07:07:19	sophiebits	2015-07-23 00:35:58	Gruntfile.js	False	False	True	True
4167	zpao	2015-06-18 07:07:19	sophiebits	2015-07-23 00:35:58	grunt/tasks/browserify.js	False	False	True	True
4167	zpao	2015-06-18 07:07:19	sophiebits	2015-07-23 00:35:58	grunt/config/browserify.js	False	False	True	True
4167	zpao	2015-06-18 07:07:19	sophiebits	2015-07-23 00:35:52	vendor/constants.js	False	False	True	True
4167	zpao	2015-06-18 07:07:19	sophiebits	2015-07-23 00:35:58	src/shared/vendor/core/camelize.js	False	False	True	True
4167	zpao	2015-06-18 07:07:19	sophiebits	2015-07-23 00:35:52	src/shared/vendor/performance/performanceNow.js	False	False	True	True
4167	zpao	2015-06-18 07:07:19	sophiebits	2015-07-23 00:35:52	src/shared/vendor/performance/performance.js	False	False	True	True
4167	zpao	2015-06-18 07:07:19	sophiebits	2015-07-23 00:35:52	src/shared/vendor/key-mirror/keyOf.js	False	False	True	True
4167	zpao	2015-06-18 07:07:19	sophiebits	2015-07-23 00:35:52	src/shared/vendor/key-mirror/keyMirror.js	False	False	True	True
4167	zpao	2015-06-18 07:07:19	sophiebits	2015-07-23 00:35:52	scripts/jest/preprocessor.js	False	False	True	True
4167	zpao	2015-06-18 07:07:19	sophiebits	2015-07-23 00:42:24	src/shared/vendor/stubs/EventListener.js	False	False	True	True
4167	zpao	2015-06-18 07:07:19	sophiebits	2015-07-23 00:35:52	scripts/jest/environment.js	False	False	True	True
4167	zpao	2015-06-18 07:07:19	sophiebits	2015-07-23 00:35:52	packages/react/package.json	False	False	True	True
4167	zpao	2015-06-18 07:07:19	sophiebits	2015-07-23 00:42:37	src/shared/vendor/core/dom/focusNode.js	False	False	True	True
4167	zpao	2015-06-18 07:07:19	sophiebits	2015-07-23 00:42:37	src/shared/vendor/core/dom/containsNode.js	False	False	True	True
4167	zpao	2015-06-18 07:07:19	sophiebits	2015-07-23 00:42:37	src/shared/vendor/core/createNodesFromMarkup.js	False	False	True	True
4167	zpao	2015-06-18 07:07:19	sophiebits	2015-07-23 00:42:37	src/shared/vendor/core/createArrayFromMixed.js	False	False	True	True
4167	zpao	2015-06-18 07:07:19	sophiebits	2015-07-23 00:42:37	src/shared/vendor/core/camelizeStyleName.js	False	False	True	True
4167	zpao	2015-06-18 07:07:19	sophiebits	2015-07-23 00:42:37	src/shared/vendor/core/camelize.js	False	False	True	True
4167	zpao	2015-06-18 07:07:19	sophiebits	2015-07-23 00:42:37	src/shared/vendor/core/TouchEventUtils.js	False	False	True	True
4167	zpao	2015-06-18 07:07:19	sophiebits	2015-07-23 00:42:37	src/shared/vendor/core/ExecutionEnvironment.js	False	False	True	True
4167	zpao	2015-06-18 07:07:19	sophiebits	2015-07-23 00:42:37	src/shared/vendor/core/CSSCore.js	False	False	True	True
4167	zpao	2015-06-18 07:07:19	sophiebits	2015-07-23 00:42:37	src/shared/vendor/README.md	False	False	True	True
4167	zpao	2015-06-18 07:07:19	sophiebits	2015-07-23 00:42:37	src/renderers/dom/server/__tests__/ReactServerRendering-test.js	False	False	True	True
4167	zpao	2015-06-18 07:07:19	sophiebits	2015-07-23 00:42:37	src/renderers/dom/client/eventPlugins/__tests__/SelectEventPlugin-test.js	False	False	True	True
4167	zpao	2015-06-18 07:07:19	sophiebits	2015-07-23 00:42:37	src/renderers/dom/client/__tests__/ReactBrowserEventEmitter-test.js	False	False	True	True
4167	zpao	2015-06-18 07:07:19	sophiebits	2015-07-23 00:42:37	src/isomorphic/deprecated/__tests__/cloneWithProps-test.js	False	False	True	True
4167	zpao	2015-06-18 07:07:19	sophiebits	2015-07-23 00:42:37	scripts/jest/ts-preprocessor.js	False	False	True	True
4167	zpao	2015-06-18 07:07:19	sophiebits	2015-07-23 00:42:37	scripts/jest/preprocessor.js	False	False	True	True
4167	zpao	2015-06-18 07:07:19	sophiebits	2015-07-23 00:42:37	scripts/jest/jest.d.ts	False	False	True	True
4167	zpao	2015-06-18 07:07:19	sophiebits	2015-07-23 00:42:37	scripts/jest/environment.js	False	False	True	True
4167	zpao	2015-06-18 07:07:19	sophiebits	2015-07-23 00:42:37	packages/react/package.json	False	False	True	True
4167	zpao	2015-06-18 07:07:19	sophiebits	2015-07-23 00:42:37	packages/react-dom/package.json	False	False	True	True
4167	zpao	2015-06-18 07:07:19	sophiebits	2015-07-23 00:42:37	jest/preprocessor.js	False	False	True	True
4167	zpao	2015-06-18 07:07:19	sophiebits	2015-07-23 00:42:37	gulpfile.js	False	False	True	True
4167	zpao	2015-06-18 07:07:19	sophiebits	2015-07-23 00:42:37	bin/jsx-internal	False	False	True	True
4167	zpao	2015-06-18 07:07:19	sophiebits	2015-07-23 00:42:37	package.json	False	False	True	True
4167	zpao	2015-06-18 07:07:19	sophiebits	2015-07-23 00:42:37	grunt/tasks/jest.js	False	False	True	True
4167	zpao	2015-06-18 07:07:19	sophiebits	2015-07-23 00:42:37	Gruntfile.js	False	False	True	True
4167	zpao	2015-06-18 07:07:19	sophiebits	2015-07-23 00:42:37	grunt/tasks/browserify.js	False	False	True	True
4167	zpao	2015-06-18 07:07:19	sophiebits	2015-07-23 00:42:37	grunt/config/browserify.js	False	False	True	True
4167	zpao	2015-06-18 07:07:19	sophiebits	2015-07-23 00:35:58	src/shared/vendor/core/createArrayFromMixed.js	False	False	True	True
4167	zpao	2015-06-18 07:07:19	sophiebits	2015-07-23 00:42:37	src/shared/vendor/core/dom/getActiveElement.js	False	False	True	True
4167	zpao	2015-06-18 07:07:19	sophiebits	2015-07-23 00:42:37	src/shared/vendor/core/dom/getUnboundedScrollPosition.js	False	False	True	True
4167	zpao	2015-06-18 07:07:19	sophiebits	2015-07-23 00:42:37	src/shared/vendor/core/dom/isNode.js	False	False	True	True
4167	zpao	2015-06-18 07:07:19	sophiebits	2015-07-23 00:42:37	src/shared/vendor/key-mirror/keyOf.js	False	False	True	True
4167	zpao	2015-06-18 07:07:19	sophiebits	2015-07-23 00:35:52	packages/react-dom/package.json	False	False	True	True
4167	zpao	2015-06-18 07:07:19	sophiebits	2015-07-23 00:35:52	jest/preprocessor.js	False	False	True	True
4167	zpao	2015-06-18 07:07:19	sophiebits	2015-07-23 00:35:52	gulpfile.js	False	False	True	True
4167	zpao	2015-06-18 07:07:19	sophiebits	2015-07-23 00:35:52	bin/jsx-internal	False	False	True	True
4167	zpao	2015-06-18 07:07:19	sophiebits	2015-07-23 00:35:52	package.json	False	False	True	True
4167	zpao	2015-06-18 07:07:19	sophiebits	2015-07-23 00:35:52	grunt/tasks/jest.js	False	False	True	True
4167	zpao	2015-06-18 07:07:19	sophiebits	2015-07-23 00:35:52	Gruntfile.js	False	False	True	True
4167	zpao	2015-06-18 07:07:19	sophiebits	2015-07-23 00:35:52	grunt/tasks/browserify.js	False	False	True	True
4167	zpao	2015-06-18 07:07:19	sophiebits	2015-07-23 00:35:52	grunt/config/browserify.js	False	False	True	True
4167	zpao	2015-06-18 07:07:19	sophiebits	2015-07-23 00:42:37	vendor/constants.js	False	False	True	True
4167	zpao	2015-06-18 07:07:19	sophiebits	2015-07-23 00:42:37	src/shared/vendor/stubs/EventListener.js	False	False	True	True
4167	zpao	2015-06-18 07:07:19	sophiebits	2015-07-23 00:42:37	src/shared/vendor/performance/performanceNow.js	False	False	True	True
4167	zpao	2015-06-18 07:07:19	sophiebits	2015-07-23 00:42:37	src/shared/vendor/performance/performance.js	False	False	True	True
4167	zpao	2015-06-18 07:07:19	sophiebits	2015-07-23 00:42:37	src/shared/vendor/key-mirror/keyMirror.js	False	False	True	True
4167	zpao	2015-06-18 07:07:19	sophiebits	2015-07-23 00:42:37	src/shared/vendor/core/dom/isTextNode.js	False	False	True	True
4167	zpao	2015-06-18 07:07:19	sophiebits	2015-07-23 00:42:37	src/shared/vendor/key-mirror/__tests__/keyMirror-test.js	False	False	True	True
4167	zpao	2015-06-18 07:07:19	sophiebits	2015-07-23 00:42:37	src/shared/vendor/core/warning.js	False	False	True	True
4167	zpao	2015-06-18 07:07:19	sophiebits	2015-07-23 00:42:37	src/shared/vendor/core/toArray.js	False	False	True	True
4167	zpao	2015-06-18 07:07:19	sophiebits	2015-07-23 00:42:37	src/shared/vendor/core/requestAnimationFrame.js	False	False	True	True
4167	zpao	2015-06-18 07:07:19	sophiebits	2015-07-23 00:42:37	src/shared/vendor/core/nativeRequestAnimationFrame.js	False	False	True	True
4167	zpao	2015-06-18 07:07:19	sophiebits	2015-07-23 00:42:37	src/shared/vendor/core/monitorCodeUse.js	False	False	True	True
4167	zpao	2015-06-18 07:07:19	sophiebits	2015-07-23 00:42:37	src/shared/vendor/core/mapObject.js	False	False	True	True
4167	zpao	2015-06-18 07:07:19	sophiebits	2015-07-23 00:42:37	src/shared/vendor/core/invariant.js	False	False	True	True
4167	zpao	2015-06-18 07:07:19	sophiebits	2015-07-23 00:42:37	src/shared/vendor/core/hyphenateStyleName.js	False	False	True	True
4167	zpao	2015-06-18 07:07:19	sophiebits	2015-07-23 00:42:37	src/shared/vendor/core/hyphenate.js	False	False	True	True
4167	zpao	2015-06-18 07:07:19	sophiebits	2015-07-23 00:42:37	src/shared/vendor/core/getMarkupWrap.js	False	False	True	True
4167	zpao	2015-06-18 07:07:19	sophiebits	2015-07-23 00:42:37	src/shared/vendor/core/emptyObject.js	False	False	True	True
4167	zpao	2015-06-18 07:07:19	sophiebits	2015-07-23 00:42:37	src/shared/vendor/core/emptyFunction.js	False	False	True	True
4167	zpao	2015-06-18 07:07:19	sophiebits	2015-07-23 00:35:58	src/shared/vendor/core/camelizeStyleName.js	False	False	True	True
4167	zpao	2015-06-18 07:07:19	sophiebits	2015-07-23 00:42:02	grunt/config/browserify.js	False	False	True	True
4167	zpao	2015-06-18 07:07:19	sophiebits	2015-07-23 00:35:58	src/shared/vendor/core/createNodesFromMarkup.js	False	False	True	True
4167	zpao	2015-06-18 07:07:19	sophiebits	2015-07-23 00:42:02	bin/jsx-internal	False	False	True	True
4167	zpao	2015-06-18 07:07:19	sophiebits	2015-07-23 00:42:02	src/shared/vendor/README.md	False	False	True	True
4167	zpao	2015-06-18 07:07:19	sophiebits	2015-07-23 00:42:02	src/renderers/dom/server/__tests__/ReactServerRendering-test.js	False	False	True	True
4167	zpao	2015-06-18 07:07:19	sophiebits	2015-07-23 00:42:02	src/renderers/dom/client/eventPlugins/__tests__/SelectEventPlugin-test.js	False	False	True	True
4167	zpao	2015-06-18 07:07:19	sophiebits	2015-07-23 00:42:02	src/renderers/dom/client/__tests__/ReactBrowserEventEmitter-test.js	False	False	True	True
4167	zpao	2015-06-18 07:07:19	sophiebits	2015-07-23 00:42:02	src/isomorphic/deprecated/__tests__/cloneWithProps-test.js	False	False	True	True
4167	zpao	2015-06-18 07:07:19	sophiebits	2015-07-23 00:42:02	scripts/jest/ts-preprocessor.js	False	False	True	True
4167	zpao	2015-06-18 07:07:19	sophiebits	2015-07-23 00:42:02	scripts/jest/preprocessor.js	False	False	True	True
4167	zpao	2015-06-18 07:07:19	sophiebits	2015-07-23 00:42:02	scripts/jest/jest.d.ts	False	False	True	True
4167	zpao	2015-06-18 07:07:19	sophiebits	2015-07-23 00:42:02	scripts/jest/environment.js	False	False	True	True
4167	zpao	2015-06-18 07:07:19	sophiebits	2015-07-23 00:42:02	packages/react/package.json	False	False	True	True
4167	zpao	2015-06-18 07:07:19	sophiebits	2015-07-23 00:42:02	packages/react-dom/package.json	False	False	True	True
4167	zpao	2015-06-18 07:07:19	sophiebits	2015-07-23 00:42:02	jest/preprocessor.js	False	False	True	True
4167	zpao	2015-06-18 07:07:19	sophiebits	2015-07-23 00:42:02	gulpfile.js	False	False	True	True
4167	zpao	2015-06-18 07:07:19	sophiebits	2015-07-23 00:42:02	package.json	False	False	True	True
4167	zpao	2015-06-18 07:07:19	sophiebits	2015-07-23 00:42:02	src/shared/vendor/core/ExecutionEnvironment.js	False	False	True	True
4167	zpao	2015-06-18 07:07:19	sophiebits	2015-07-23 00:42:02	grunt/tasks/jest.js	False	False	True	True
4167	zpao	2015-06-18 07:07:19	sophiebits	2015-07-23 00:42:02	Gruntfile.js	False	False	True	True
4167	zpao	2015-06-18 07:07:19	sophiebits	2015-07-23 00:42:02	grunt/tasks/browserify.js	False	False	True	True
4167	zpao	2015-06-18 07:07:19	sophiebits	2015-07-23 00:42:24	vendor/constants.js	False	False	True	True
4167	zpao	2015-06-18 07:07:19	sophiebits	2015-07-23 00:42:24	src/shared/vendor/performance/performanceNow.js	False	False	True	True
4167	zpao	2015-06-18 07:07:19	sophiebits	2015-07-23 00:42:24	src/shared/vendor/performance/performance.js	False	False	True	True
4167	zpao	2015-06-18 07:07:19	sophiebits	2015-07-23 00:42:24	src/shared/vendor/key-mirror/keyOf.js	False	False	True	True
4167	zpao	2015-06-18 07:07:19	sophiebits	2015-07-23 00:42:24	src/shared/vendor/key-mirror/keyMirror.js	False	False	True	True
4167	zpao	2015-06-18 07:07:19	sophiebits	2015-07-23 00:42:24	src/shared/vendor/key-mirror/__tests__/keyMirror-test.js	False	False	True	True
4167	zpao	2015-06-18 07:07:19	sophiebits	2015-07-23 00:42:24	src/shared/vendor/core/warning.js	False	False	True	True
4167	zpao	2015-06-18 07:07:19	sophiebits	2015-07-23 00:42:24	src/shared/vendor/core/toArray.js	False	False	True	True
4167	zpao	2015-06-18 07:07:19	sophiebits	2015-07-23 00:42:24	src/shared/vendor/core/requestAnimationFrame.js	False	False	True	True
4167	zpao	2015-06-18 07:07:19	sophiebits	2015-07-23 00:42:24	src/shared/vendor/core/nativeRequestAnimationFrame.js	False	False	True	True
4167	zpao	2015-06-18 07:07:19	sophiebits	2015-07-23 00:42:02	src/shared/vendor/core/CSSCore.js	False	False	True	True
4167	zpao	2015-06-18 07:07:19	sophiebits	2015-07-23 00:42:02	src/shared/vendor/core/TouchEventUtils.js	False	False	True	True
4167	zpao	2015-06-18 07:07:19	sophiebits	2015-07-23 00:35:58	src/shared/vendor/core/dom/containsNode.js	False	False	True	True
4167	zpao	2015-06-18 07:07:19	sophiebits	2015-07-23 00:42:02	src/shared/vendor/core/invariant.js	False	False	True	True
4167	zpao	2015-06-18 07:07:19	sophiebits	2015-07-23 00:42:02	vendor/constants.js	False	False	True	True
4167	zpao	2015-06-18 07:07:19	sophiebits	2015-07-23 00:42:02	src/shared/vendor/stubs/EventListener.js	False	False	True	True
4167	zpao	2015-06-18 07:07:19	sophiebits	2015-07-23 00:42:02	src/shared/vendor/performance/performanceNow.js	False	False	True	True
4167	zpao	2015-06-18 07:07:19	sophiebits	2015-07-23 00:42:02	src/shared/vendor/performance/performance.js	False	False	True	True
4167	zpao	2015-06-18 07:07:19	sophiebits	2015-07-23 00:42:02	src/shared/vendor/key-mirror/keyOf.js	False	False	True	True
4167	zpao	2015-06-18 07:07:19	sophiebits	2015-07-23 00:42:02	src/shared/vendor/key-mirror/keyMirror.js	False	False	True	True
4167	zpao	2015-06-18 07:07:19	sophiebits	2015-07-23 00:42:02	src/shared/vendor/key-mirror/__tests__/keyMirror-test.js	False	False	True	True
4167	zpao	2015-06-18 07:07:19	sophiebits	2015-07-23 00:42:02	src/shared/vendor/core/warning.js	False	False	True	True
4167	zpao	2015-06-18 07:07:19	sophiebits	2015-07-23 00:42:02	src/shared/vendor/core/toArray.js	False	False	True	True
4167	zpao	2015-06-18 07:07:19	sophiebits	2015-07-23 00:42:02	src/shared/vendor/core/requestAnimationFrame.js	False	False	True	True
4167	zpao	2015-06-18 07:07:19	sophiebits	2015-07-23 00:42:02	src/shared/vendor/core/nativeRequestAnimationFrame.js	False	False	True	True
4167	zpao	2015-06-18 07:07:19	sophiebits	2015-07-23 00:42:02	src/shared/vendor/core/monitorCodeUse.js	False	False	True	True
4167	zpao	2015-06-18 07:07:19	sophiebits	2015-07-23 00:42:02	src/shared/vendor/core/mapObject.js	False	False	True	True
4167	zpao	2015-06-18 07:07:19	sophiebits	2015-07-23 00:42:02	src/shared/vendor/core/hyphenateStyleName.js	False	False	True	True
4167	zpao	2015-06-18 07:07:19	sophiebits	2015-07-23 00:42:02	src/shared/vendor/core/camelize.js	False	False	True	True
4167	zpao	2015-06-18 07:07:19	sophiebits	2015-07-23 00:42:02	src/shared/vendor/core/hyphenate.js	False	False	True	True
4167	zpao	2015-06-18 07:07:19	sophiebits	2015-07-23 00:42:02	src/shared/vendor/core/getMarkupWrap.js	False	False	True	True
4167	zpao	2015-06-18 07:07:19	sophiebits	2015-07-23 00:42:02	src/shared/vendor/core/emptyObject.js	False	False	True	True
4167	zpao	2015-06-18 07:07:19	sophiebits	2015-07-23 00:42:02	src/shared/vendor/core/emptyFunction.js	False	False	True	True
4167	zpao	2015-06-18 07:07:19	sophiebits	2015-07-23 00:42:02	src/shared/vendor/core/dom/isTextNode.js	False	False	True	True
4167	zpao	2015-06-18 07:07:19	sophiebits	2015-07-23 00:42:02	src/shared/vendor/core/dom/isNode.js	False	False	True	True
4167	zpao	2015-06-18 07:07:19	sophiebits	2015-07-23 00:42:02	src/shared/vendor/core/dom/getUnboundedScrollPosition.js	False	False	True	True
4167	zpao	2015-06-18 07:07:19	sophiebits	2015-07-23 00:42:02	src/shared/vendor/core/dom/getActiveElement.js	False	False	True	True
4167	zpao	2015-06-18 07:07:19	sophiebits	2015-07-23 00:42:02	src/shared/vendor/core/dom/focusNode.js	False	False	True	True
4167	zpao	2015-06-18 07:07:19	sophiebits	2015-07-23 00:42:02	src/shared/vendor/core/dom/containsNode.js	False	False	True	True
4167	zpao	2015-06-18 07:07:19	sophiebits	2015-07-23 00:42:02	src/shared/vendor/core/createNodesFromMarkup.js	False	False	True	True
4167	zpao	2015-06-18 07:07:19	sophiebits	2015-07-23 00:42:02	src/shared/vendor/core/createArrayFromMixed.js	False	False	True	True
4167	zpao	2015-06-18 07:07:19	sophiebits	2015-07-23 00:42:02	src/shared/vendor/core/camelizeStyleName.js	False	False	True	True
4167	zpao	2015-06-18 07:07:19	sophiebits	2015-07-23 00:42:24	src/shared/vendor/core/monitorCodeUse.js	False	False	True	True
4167	zpao	2015-06-18 07:07:19	sophiebits	2015-07-23 00:42:24	src/shared/vendor/core/mapObject.js	False	False	True	True
4167	zpao	2015-06-18 07:07:19	sophiebits	2015-07-23 00:42:24	src/shared/vendor/core/invariant.js	False	False	True	True
4167	zpao	2015-06-18 07:07:19	sophiebits	2015-07-23 00:42:24	src/shared/vendor/core/hyphenateStyleName.js	False	False	True	True
4167	zpao	2015-06-18 07:07:19	sophiebits	2015-07-23 00:42:24	package.json	False	False	True	True
4167	zpao	2015-06-18 07:07:19	sophiebits	2015-07-23 00:42:24	grunt/tasks/jest.js	False	False	True	True
4167	zpao	2015-06-18 07:07:19	sophiebits	2015-07-23 00:42:24	Gruntfile.js	False	False	True	True
4167	zpao	2015-06-18 07:07:19	sophiebits	2015-07-23 00:42:24	grunt/tasks/browserify.js	False	False	True	True
4167	zpao	2015-06-18 07:07:19	sophiebits	2015-07-23 00:42:24	grunt/config/browserify.js	False	False	True	True
4167	zpao	2015-06-18 07:07:19	sophiebits	2015-07-23 00:35:58	vendor/constants.js	False	False	True	True
4167	zpao	2015-06-18 07:07:19	sophiebits	2015-07-23 00:35:58	src/shared/vendor/stubs/EventListener.js	False	False	True	True
4167	zpao	2015-06-18 07:07:19	sophiebits	2015-07-23 00:35:58	src/shared/vendor/performance/performanceNow.js	False	False	True	True
4167	zpao	2015-06-18 07:07:19	sophiebits	2015-07-23 00:35:58	src/shared/vendor/performance/performance.js	False	False	True	True
4167	zpao	2015-06-18 07:07:19	sophiebits	2015-07-23 00:35:58	src/shared/vendor/key-mirror/keyOf.js	False	False	True	True
4167	zpao	2015-06-18 07:07:19	sophiebits	2015-07-23 00:35:58	src/shared/vendor/key-mirror/keyMirror.js	False	False	True	True
4167	zpao	2015-06-18 07:07:19	sophiebits	2015-07-23 00:35:58	src/shared/vendor/key-mirror/__tests__/keyMirror-test.js	False	False	True	True
4167	zpao	2015-06-18 07:07:19	sophiebits	2015-07-23 00:35:58	src/shared/vendor/core/warning.js	False	False	True	True
4167	zpao	2015-06-18 07:07:19	sophiebits	2015-07-23 00:35:58	src/shared/vendor/core/toArray.js	False	False	True	True
4167	zpao	2015-06-18 07:07:19	sophiebits	2015-07-23 00:35:58	src/shared/vendor/core/requestAnimationFrame.js	False	False	True	True
4167	zpao	2015-06-18 07:07:19	sophiebits	2015-07-23 00:35:58	src/shared/vendor/core/nativeRequestAnimationFrame.js	False	False	True	True
4167	zpao	2015-06-18 07:07:19	sophiebits	2015-07-23 00:35:58	src/shared/vendor/core/monitorCodeUse.js	False	False	True	True
4167	zpao	2015-06-18 07:07:19	sophiebits	2015-07-23 00:35:58	src/shared/vendor/core/mapObject.js	False	False	True	True
4167	zpao	2015-06-18 07:07:19	sophiebits	2015-07-23 00:35:58	src/shared/vendor/core/invariant.js	False	False	True	True
4167	zpao	2015-06-18 07:07:19	sophiebits	2015-07-23 00:35:58	src/shared/vendor/core/hyphenateStyleName.js	False	False	True	True
4167	zpao	2015-06-18 07:07:19	sophiebits	2015-07-23 00:35:58	src/shared/vendor/core/hyphenate.js	False	False	True	True
4167	zpao	2015-06-18 07:07:19	sophiebits	2015-07-23 00:35:58	src/shared/vendor/core/getMarkupWrap.js	False	False	True	True
4167	zpao	2015-06-18 07:07:19	sophiebits	2015-07-23 00:35:58	src/shared/vendor/core/emptyObject.js	False	False	True	True
4167	zpao	2015-06-18 07:07:19	sophiebits	2015-07-23 00:35:58	src/shared/vendor/core/emptyFunction.js	False	False	True	True
4167	zpao	2015-06-18 07:07:19	sophiebits	2015-07-23 00:35:58	src/shared/vendor/core/dom/isTextNode.js	False	False	True	True
4167	zpao	2015-06-18 07:07:19	sophiebits	2015-07-23 00:35:58	src/shared/vendor/core/dom/isNode.js	False	False	True	True
4167	zpao	2015-06-18 07:07:19	sophiebits	2015-07-23 00:35:58	src/shared/vendor/core/dom/getUnboundedScrollPosition.js	False	False	True	True
4167	zpao	2015-06-18 07:07:19	sophiebits	2015-07-23 00:35:58	src/shared/vendor/core/dom/getActiveElement.js	False	False	True	True
4167	zpao	2015-06-18 07:07:19	sophiebits	2015-07-23 00:35:58	src/shared/vendor/core/dom/focusNode.js	False	False	True	True
4167	zpao	2015-06-18 07:07:19	sophiebits	2015-07-23 00:42:24	bin/jsx-internal	False	False	True	True
4167	zpao	2015-06-18 07:07:19	sophiebits	2015-07-23 00:42:24	gulpfile.js	False	False	True	True
4167	zpao	2015-06-18 07:07:19	sophiebits	2015-07-23 00:42:24	jest/preprocessor.js	False	False	True	True
4167	zpao	2015-06-18 07:07:19	sophiebits	2015-07-23 00:42:24	packages/react-dom/package.json	False	False	True	True
4167	zpao	2015-06-18 07:07:19	sophiebits	2015-07-23 00:42:24	src/shared/vendor/core/hyphenate.js	False	False	True	True
4167	zpao	2015-06-18 07:07:19	sophiebits	2015-07-23 00:42:24	src/shared/vendor/core/getMarkupWrap.js	False	False	True	True
4167	zpao	2015-06-18 07:07:19	sophiebits	2015-07-23 00:42:24	src/shared/vendor/core/emptyObject.js	False	False	True	True
4167	zpao	2015-06-18 07:07:19	sophiebits	2015-07-23 00:42:24	src/shared/vendor/core/emptyFunction.js	False	False	True	True
4167	zpao	2015-06-18 07:07:19	sophiebits	2015-07-23 00:42:24	src/shared/vendor/core/dom/isTextNode.js	False	False	True	True
4167	zpao	2015-06-18 07:07:19	sophiebits	2015-07-23 00:42:24	src/shared/vendor/core/dom/isNode.js	False	False	True	True
4167	zpao	2015-06-18 07:07:19	sophiebits	2015-07-23 00:42:24	src/shared/vendor/core/dom/getUnboundedScrollPosition.js	False	False	True	True
4167	zpao	2015-06-18 07:07:19	sophiebits	2015-07-23 00:42:24	src/shared/vendor/core/dom/getActiveElement.js	False	False	True	True
4167	zpao	2015-06-18 07:07:19	sophiebits	2015-07-23 00:42:24	src/shared/vendor/core/dom/focusNode.js	False	False	True	True
4167	zpao	2015-06-18 07:07:19	sophiebits	2015-07-23 00:42:24	src/shared/vendor/core/dom/containsNode.js	False	False	True	True
4167	zpao	2015-06-18 07:07:19	sophiebits	2015-07-23 00:42:24	src/shared/vendor/core/createNodesFromMarkup.js	False	False	True	True
4167	zpao	2015-06-18 07:07:19	sophiebits	2015-07-23 00:42:24	src/shared/vendor/core/createArrayFromMixed.js	False	False	True	True
4167	zpao	2015-06-18 07:07:19	sophiebits	2015-07-23 00:42:24	src/shared/vendor/core/camelizeStyleName.js	False	False	True	True
4167	zpao	2015-06-18 07:07:19	sophiebits	2015-07-23 00:42:24	src/shared/vendor/core/camelize.js	False	False	True	True
4167	zpao	2015-06-18 07:07:19	sophiebits	2015-07-23 00:42:24	src/shared/vendor/core/TouchEventUtils.js	False	False	True	True
4167	zpao	2015-06-18 07:07:19	sophiebits	2015-07-23 00:42:24	src/shared/vendor/core/ExecutionEnvironment.js	False	False	True	True
4167	zpao	2015-06-18 07:07:19	sophiebits	2015-07-23 00:42:24	src/shared/vendor/core/CSSCore.js	False	False	True	True
4167	zpao	2015-06-18 07:07:19	sophiebits	2015-07-23 00:42:24	src/shared/vendor/README.md	False	False	True	True
4167	zpao	2015-06-18 07:07:19	sophiebits	2015-07-23 00:42:24	src/renderers/dom/server/__tests__/ReactServerRendering-test.js	False	False	True	True
4167	zpao	2015-06-18 07:07:19	sophiebits	2015-07-23 00:42:24	src/renderers/dom/client/eventPlugins/__tests__/SelectEventPlugin-test.js	False	False	True	True
4167	zpao	2015-06-18 07:07:19	sophiebits	2015-07-23 00:42:24	src/renderers/dom/client/__tests__/ReactBrowserEventEmitter-test.js	False	False	True	True
4167	zpao	2015-06-18 07:07:19	sophiebits	2015-07-23 00:42:24	src/isomorphic/deprecated/__tests__/cloneWithProps-test.js	False	False	True	True
4167	zpao	2015-06-18 07:07:19	sophiebits	2015-07-23 00:42:24	scripts/jest/ts-preprocessor.js	False	False	True	True
4167	zpao	2015-06-18 07:07:19	sophiebits	2015-07-23 00:42:24	scripts/jest/preprocessor.js	False	False	True	True
4167	zpao	2015-06-18 07:07:19	sophiebits	2015-07-23 00:42:24	scripts/jest/jest.d.ts	False	False	True	True
4167	zpao	2015-06-18 07:07:19	sophiebits	2015-07-23 00:42:24	scripts/jest/environment.js	False	False	True	True
4167	zpao	2015-06-18 07:07:19	sophiebits	2015-07-23 00:42:24	packages/react/package.json	False	False	True	True
4165	bryanbraun	2015-06-18 04:58:56	lacker	2017-02-10 23:15:32	docs/_plugins/header_links.rb	False	True	True	True
4165	bryanbraun	2015-06-18 04:58:56	lacker	2017-02-10 23:15:32	docs/css/react.scss	False	True	True	True
4165	bryanbraun	2015-06-18 04:58:56	Daniel15	2015-06-18 12:54:17	docs/_layouts/default.html	False	True	True	True
4165	bryanbraun	2015-06-18 04:58:56	lacker	2017-02-10 23:15:32	docs/_layouts/default.html	False	True	True	True
4165	bryanbraun	2015-06-18 04:58:56	lacker	2017-02-10 23:15:32	docs/_js/anchor-links.js	False	True	True	True
4165	bryanbraun	2015-06-18 04:58:56	Daniel15	2015-06-18 12:54:17	docs/_js/anchor-links.js	False	True	True	True
4165	bryanbraun	2015-06-18 04:58:56	Daniel15	2015-06-18 12:56:17	docs/_js/anchor-links.js	False	True	True	True
4165	bryanbraun	2015-06-18 04:58:56	Daniel15	2015-06-18 12:54:17	docs/_plugins/header_links.rb	False	True	True	True
4165	bryanbraun	2015-06-18 04:58:56	Daniel15	2015-06-18 12:54:17	docs/css/react.scss	False	True	True	True
4165	bryanbraun	2015-06-18 04:58:56	Daniel15	2015-06-18 12:56:17	docs/_layouts/default.html	False	True	True	True
4165	bryanbraun	2015-06-18 04:58:56	Daniel15	2015-06-18 12:56:17	docs/_plugins/header_links.rb	False	True	True	True
4165	bryanbraun	2015-06-18 04:58:56	Daniel15	2015-06-18 12:56:17	docs/css/react.scss	False	True	True	True
4164	sophiebits	2015-06-18 03:57:24	jimfb	2015-06-18 13:23:54	src/shared/vendor/third_party/webcomponents.js	True	True	True	True
4164	sophiebits	2015-06-18 03:57:24	jimfb	2015-06-18 13:23:54	src/renderers/dom/client/__tests__/ReactMount-test.js	True	True	True	True
4157	zpao	2015-06-17 17:43:08	waldreiter	2015-06-17 17:47:02	src/shared/vendor/core/getMarkupWrap.js	True	True	True	True
4157	zpao	2015-06-17 17:43:08	waldreiter	2015-06-17 17:47:02	src/isomorphic/classic/element/ReactDOM.js	True	True	True	True
4154	sophiebits	2015-06-17 07:17:57	zpao	2015-06-17 23:13:03	src/renderers/shared/reconciler/instantiateReactComponent.js	True	False	True	True
4154	sophiebits	2015-06-17 07:17:57	zpao	2015-06-17 23:13:03	src/renderers/shared/reconciler/__tests__/ReactComponent-test.js	True	False	True	True
4154	sophiebits	2015-06-17 07:17:57	zpao	2015-06-17 23:13:03	src/isomorphic/classic/element/__tests__/ReactElementValidator-test.js	True	False	True	True
4150	jimfb	2015-06-16 21:24:45	sebmarkbage	2015-06-16 22:09:42	src/renderers/dom/client/syntheticEvents/SyntheticTouchEvent.js	True	True	True	True
4150	jimfb	2015-06-16 21:24:45	sebmarkbage	2015-06-16 22:09:42	src/renderers/shared/event/eventPlugins/ResponderEventPlugin.js	True	True	True	True
4150	jimfb	2015-06-16 21:24:45	sebmarkbage	2015-06-16 22:09:42	src/renderers/shared/event/EventPluginHub.js	True	True	True	True
4150	jimfb	2015-06-16 21:24:45	sebmarkbage	2015-06-16 22:09:42	src/renderers/dom/client/syntheticEvents/__tests__/SyntheticWheelEvent-test.js	True	True	True	True
4150	jimfb	2015-06-16 21:24:45	sebmarkbage	2015-06-16 22:09:42	src/renderers/dom/client/syntheticEvents/__tests__/SyntheticEvent-test.js	True	True	True	True
4150	jimfb	2015-06-16 21:24:45	sebmarkbage	2015-06-16 22:09:42	src/renderers/dom/client/syntheticEvents/SyntheticWheelEvent.js	True	True	True	True
4150	jimfb	2015-06-16 21:24:45	sebmarkbage	2015-06-16 22:09:42	src/renderers/dom/client/syntheticEvents/SyntheticUIEvent.js	True	True	True	True
4150	jimfb	2015-06-16 21:24:45	sebmarkbage	2015-06-16 22:09:42	src/renderers/dom/client/syntheticEvents/SyntheticDragEvent.js	True	True	True	True
4150	jimfb	2015-06-16 21:24:45	sebmarkbage	2015-06-16 22:09:42	src/renderers/dom/client/syntheticEvents/SyntheticMouseEvent.js	True	True	True	True
4150	jimfb	2015-06-16 21:24:45	sebmarkbage	2015-06-16 22:09:42	src/renderers/dom/client/syntheticEvents/SyntheticKeyboardEvent.js	True	True	True	True
4150	jimfb	2015-06-16 21:24:45	sebmarkbage	2015-06-16 22:09:42	src/renderers/dom/client/syntheticEvents/SyntheticInputEvent.js	True	True	True	True
4150	jimfb	2015-06-16 21:24:45	sebmarkbage	2015-06-16 22:09:42	src/renderers/dom/client/syntheticEvents/SyntheticFocusEvent.js	True	True	True	True
4150	jimfb	2015-06-16 21:24:45	sebmarkbage	2015-06-16 22:09:42	src/renderers/dom/client/syntheticEvents/SyntheticEvent.js	True	True	True	True
4150	jimfb	2015-06-16 21:24:45	sebmarkbage	2015-06-16 22:09:42	src/renderers/shared/event/eventPlugins/__tests__/ResponderEventPlugin-test.js	True	True	True	True
4150	jimfb	2015-06-16 21:24:45	sebmarkbage	2015-06-16 22:09:42	src/renderers/dom/client/syntheticEvents/SyntheticCompositionEvent.js	True	True	True	True
4150	jimfb	2015-06-16 21:24:45	sebmarkbage	2015-06-16 22:09:42	src/renderers/shared/event/eventPlugins/ResponderSyntheticEvent.js	True	True	True	True
4150	jimfb	2015-06-16 21:24:45	sebmarkbage	2015-06-22 16:54:55	src/renderers/dom/client/eventPlugins/SelectEventPlugin.js	True	True	True	True
4150	jimfb	2015-06-16 21:24:45	sebmarkbage	2015-06-16 22:09:42	src/renderers/shared/reconciler/ReactEventEmitterMixin.js	True	True	True	True
4150	jimfb	2015-06-16 21:24:45	sebmarkbage	2015-06-16 22:09:42	src/shared/utils/PooledClass.js	True	True	True	True
4150	jimfb	2015-06-16 21:24:45	sebmarkbage	2015-06-16 22:09:42	src/test/ReactTestUtils.js	True	True	True	True
4150	jimfb	2015-06-16 21:24:45	sebmarkbage	2015-06-22 16:54:55	src/renderers/dom/client/ReactEventListener.js	True	True	True	True
4150	jimfb	2015-06-16 21:24:45	sebmarkbage	2015-06-22 16:54:55	src/renderers/dom/client/eventPlugins/EnterLeaveEventPlugin.js	True	True	True	True
4150	jimfb	2015-06-16 21:24:45	sebmarkbage	2015-06-16 22:09:42	src/renderers/dom/client/eventPlugins/__tests__/SelectEventPlugin-test.js	True	True	True	True
4150	jimfb	2015-06-16 21:24:45	sebmarkbage	2015-06-22 16:54:55	src/renderers/dom/client/eventPlugins/SimpleEventPlugin.js	True	True	True	True
4150	jimfb	2015-06-16 21:24:45	sebmarkbage	2015-06-22 16:54:55	src/renderers/dom/client/eventPlugins/TapEventPlugin.js	True	True	True	True
4150	jimfb	2015-06-16 21:24:45	sebmarkbage	2015-06-22 16:54:55	src/renderers/dom/client/eventPlugins/__tests__/EnterLeaveEventPlugin-test.js	True	True	True	True
4150	jimfb	2015-06-16 21:24:45	sebmarkbage	2015-06-22 16:54:55	src/renderers/dom/client/eventPlugins/__tests__/SelectEventPlugin-test.js	True	True	True	True
4150	jimfb	2015-06-16 21:24:45	sebmarkbage	2015-06-22 16:54:55	src/renderers/dom/client/syntheticEvents/SyntheticClipboardEvent.js	True	True	True	True
4150	jimfb	2015-06-16 21:24:45	sebmarkbage	2015-06-22 16:54:55	src/renderers/dom/client/syntheticEvents/SyntheticCompositionEvent.js	True	True	True	True
4150	jimfb	2015-06-16 21:24:45	sebmarkbage	2015-06-22 16:54:55	src/renderers/dom/client/syntheticEvents/SyntheticDragEvent.js	True	True	True	True
4150	jimfb	2015-06-16 21:24:45	sebmarkbage	2015-06-22 16:54:55	src/renderers/dom/client/syntheticEvents/SyntheticEvent.js	True	True	True	True
4150	jimfb	2015-06-16 21:24:45	sebmarkbage	2015-06-22 16:54:55	src/renderers/dom/client/syntheticEvents/SyntheticFocusEvent.js	True	True	True	True
4150	jimfb	2015-06-16 21:24:45	sebmarkbage	2015-06-16 22:09:42	src/renderers/dom/client/syntheticEvents/SyntheticClipboardEvent.js	True	True	True	True
4150	jimfb	2015-06-16 21:24:45	sebmarkbage	2015-06-16 22:09:42	src/renderers/dom/client/ReactEventListener.js	True	True	True	True
4150	jimfb	2015-06-16 21:24:45	sebmarkbage	2015-06-16 22:09:42	src/renderers/dom/client/eventPlugins/__tests__/EnterLeaveEventPlugin-test.js	True	True	True	True
4150	jimfb	2015-06-16 21:24:45	sebmarkbage	2015-06-16 22:07:18	src/renderers/dom/client/syntheticEvents/SyntheticTouchEvent.js	True	True	True	True
4150	jimfb	2015-06-16 21:24:45	sebmarkbage	2015-06-16 22:07:18	src/renderers/dom/client/ReactEventListener.js	True	True	True	True
4150	jimfb	2015-06-16 21:24:45	sebmarkbage	2015-06-16 22:07:18	src/renderers/dom/client/eventPlugins/SelectEventPlugin.js	True	True	True	True
4150	jimfb	2015-06-16 21:24:45	sebmarkbage	2015-06-16 22:07:18	src/renderers/dom/client/eventPlugins/SimpleEventPlugin.js	True	True	True	True
4150	jimfb	2015-06-16 21:24:45	sebmarkbage	2015-06-16 22:07:18	src/renderers/dom/client/eventPlugins/TapEventPlugin.js	True	True	True	True
4150	jimfb	2015-06-16 21:24:45	sebmarkbage	2015-06-16 22:07:18	src/renderers/dom/client/eventPlugins/__tests__/EnterLeaveEventPlugin-test.js	True	True	True	True
4150	jimfb	2015-06-16 21:24:45	sebmarkbage	2015-06-16 22:07:18	src/renderers/dom/client/eventPlugins/__tests__/SelectEventPlugin-test.js	True	True	True	True
4150	jimfb	2015-06-16 21:24:45	sebmarkbage	2015-06-16 22:07:18	src/renderers/dom/client/syntheticEvents/SyntheticClipboardEvent.js	True	True	True	True
4150	jimfb	2015-06-16 21:24:45	sebmarkbage	2015-06-16 22:07:18	src/renderers/dom/client/syntheticEvents/SyntheticCompositionEvent.js	True	True	True	True
4150	jimfb	2015-06-16 21:24:45	sebmarkbage	2015-06-16 22:07:18	src/renderers/dom/client/syntheticEvents/SyntheticDragEvent.js	True	True	True	True
4150	jimfb	2015-06-16 21:24:45	sebmarkbage	2015-06-16 22:07:18	src/renderers/dom/client/syntheticEvents/SyntheticEvent.js	True	True	True	True
4150	jimfb	2015-06-16 21:24:45	sebmarkbage	2015-06-16 22:07:18	src/renderers/dom/client/syntheticEvents/SyntheticFocusEvent.js	True	True	True	True
4150	jimfb	2015-06-16 21:24:45	sebmarkbage	2015-06-16 22:07:18	src/renderers/dom/client/syntheticEvents/SyntheticInputEvent.js	True	True	True	True
4150	jimfb	2015-06-16 21:24:45	sebmarkbage	2015-06-16 22:07:18	src/renderers/dom/client/syntheticEvents/SyntheticKeyboardEvent.js	True	True	True	True
4150	jimfb	2015-06-16 21:24:45	sebmarkbage	2015-06-16 22:07:18	src/renderers/dom/client/syntheticEvents/SyntheticMouseEvent.js	True	True	True	True
4150	jimfb	2015-06-16 21:24:45	sebmarkbage	2015-06-16 22:07:18	src/renderers/dom/client/syntheticEvents/SyntheticUIEvent.js	True	True	True	True
4150	jimfb	2015-06-16 21:24:45	sebmarkbage	2015-06-16 22:09:42	src/renderers/dom/client/eventPlugins/TapEventPlugin.js	True	True	True	True
4150	jimfb	2015-06-16 21:24:45	sebmarkbage	2015-06-16 22:07:18	src/renderers/dom/client/syntheticEvents/SyntheticWheelEvent.js	True	True	True	True
4150	jimfb	2015-06-16 21:24:45	sebmarkbage	2015-06-16 22:07:18	src/renderers/dom/client/syntheticEvents/__tests__/SyntheticEvent-test.js	True	True	True	True
4150	jimfb	2015-06-16 21:24:45	sebmarkbage	2015-06-16 22:07:18	src/renderers/dom/client/syntheticEvents/__tests__/SyntheticWheelEvent-test.js	True	True	True	True
4150	jimfb	2015-06-16 21:24:45	sebmarkbage	2015-06-16 22:07:18	src/renderers/shared/event/EventPluginHub.js	True	True	True	True
4150	jimfb	2015-06-16 21:24:45	sebmarkbage	2015-06-16 22:07:18	src/renderers/shared/event/eventPlugins/ResponderEventPlugin.js	True	True	True	True
4150	jimfb	2015-06-16 21:24:45	sebmarkbage	2015-06-16 22:07:18	src/renderers/shared/event/eventPlugins/ResponderSyntheticEvent.js	True	True	True	True
4150	jimfb	2015-06-16 21:24:45	sebmarkbage	2015-06-16 22:07:18	src/renderers/shared/event/eventPlugins/__tests__/ResponderEventPlugin-test.js	True	True	True	True
4150	jimfb	2015-06-16 21:24:45	sebmarkbage	2015-06-16 22:07:18	src/renderers/shared/reconciler/ReactEventEmitterMixin.js	True	True	True	True
4150	jimfb	2015-06-16 21:24:45	sebmarkbage	2015-06-16 22:07:18	src/shared/utils/PooledClass.js	True	True	True	True
4150	jimfb	2015-06-16 21:24:45	sebmarkbage	2015-06-16 22:07:18	src/test/ReactTestUtils.js	True	True	True	True
4150	jimfb	2015-06-16 21:24:45	sebmarkbage	2015-06-22 16:54:55	src/renderers/dom/client/syntheticEvents/SyntheticKeyboardEvent.js	True	True	True	True
4150	jimfb	2015-06-16 21:24:45	sebmarkbage	2015-06-16 22:09:42	src/renderers/dom/client/eventPlugins/EnterLeaveEventPlugin.js	True	True	True	True
4150	jimfb	2015-06-16 21:24:45	sebmarkbage	2015-06-16 22:09:42	src/renderers/dom/client/eventPlugins/SelectEventPlugin.js	True	True	True	True
4150	jimfb	2015-06-16 21:24:45	sebmarkbage	2015-06-16 22:09:42	src/renderers/dom/client/eventPlugins/SimpleEventPlugin.js	True	True	True	True
4150	jimfb	2015-06-16 21:24:45	sebmarkbage	2015-06-22 16:54:55	src/renderers/dom/client/syntheticEvents/SyntheticInputEvent.js	True	True	True	True
4150	jimfb	2015-06-16 21:24:45	sebmarkbage	2015-06-16 22:07:18	src/renderers/dom/client/eventPlugins/EnterLeaveEventPlugin.js	True	True	True	True
4150	jimfb	2015-06-16 21:24:45	sebmarkbage	2015-06-22 16:54:55	src/renderers/dom/client/syntheticEvents/SyntheticMouseEvent.js	True	True	True	True
4150	jimfb	2015-06-16 21:24:45	sebmarkbage	2015-06-16 22:19:44	src/renderers/dom/client/eventPlugins/SimpleEventPlugin.js	True	True	True	True
4150	jimfb	2015-06-16 21:24:45	sebmarkbage	2015-06-16 22:19:44	src/renderers/dom/client/syntheticEvents/SyntheticDragEvent.js	True	True	True	True
4150	jimfb	2015-06-16 21:24:45	sebmarkbage	2015-06-16 22:19:44	src/renderers/dom/client/syntheticEvents/SyntheticCompositionEvent.js	True	True	True	True
4150	jimfb	2015-06-16 21:24:45	sebmarkbage	2015-06-16 22:19:44	src/renderers/dom/client/syntheticEvents/SyntheticClipboardEvent.js	True	True	True	True
4150	jimfb	2015-06-16 21:24:45	sebmarkbage	2015-06-16 22:19:44	src/renderers/dom/client/eventPlugins/__tests__/SelectEventPlugin-test.js	True	True	True	True
4150	jimfb	2015-06-16 21:24:45	sebmarkbage	2015-06-16 22:19:44	src/renderers/dom/client/eventPlugins/__tests__/EnterLeaveEventPlugin-test.js	True	True	True	True
4150	jimfb	2015-06-16 21:24:45	sebmarkbage	2015-06-16 22:19:44	src/renderers/dom/client/eventPlugins/TapEventPlugin.js	True	True	True	True
4150	jimfb	2015-06-16 21:24:45	sebmarkbage	2015-06-16 22:19:44	src/renderers/dom/client/eventPlugins/SelectEventPlugin.js	True	True	True	True
4150	jimfb	2015-06-16 21:24:45	sebmarkbage	2015-06-16 22:25:13	src/renderers/shared/event/eventPlugins/ResponderEventPlugin.js	True	True	True	True
4150	jimfb	2015-06-16 21:24:45	sebmarkbage	2015-06-16 22:19:44	src/renderers/dom/client/eventPlugins/EnterLeaveEventPlugin.js	True	True	True	True
4150	jimfb	2015-06-16 21:24:45	sebmarkbage	2015-06-16 22:19:44	src/renderers/dom/client/ReactEventListener.js	True	True	True	True
4150	jimfb	2015-06-16 21:24:45	sebmarkbage	2015-06-16 22:25:13	src/test/ReactTestUtils.js	True	True	True	True
4150	jimfb	2015-06-16 21:24:45	sebmarkbage	2015-06-16 22:25:13	src/shared/utils/PooledClass.js	True	True	True	True
4150	jimfb	2015-06-16 21:24:45	sebmarkbage	2015-06-16 22:25:13	src/renderers/shared/reconciler/ReactEventEmitterMixin.js	True	True	True	True
4150	jimfb	2015-06-16 21:24:45	sebmarkbage	2015-06-16 22:25:13	src/renderers/shared/event/eventPlugins/__tests__/ResponderEventPlugin-test.js	True	True	True	True
4150	jimfb	2015-06-16 21:24:45	sebmarkbage	2015-06-16 22:19:44	src/renderers/dom/client/syntheticEvents/SyntheticEvent.js	True	True	True	True
4150	jimfb	2015-06-16 21:24:45	sebmarkbage	2015-06-16 22:19:44	src/renderers/dom/client/syntheticEvents/SyntheticInputEvent.js	True	True	True	True
4150	jimfb	2015-06-16 21:24:45	sebmarkbage	2015-06-16 22:19:44	src/renderers/dom/client/syntheticEvents/SyntheticKeyboardEvent.js	True	True	True	True
4150	jimfb	2015-06-16 21:24:45	sebmarkbage	2015-06-16 22:19:44	src/renderers/dom/client/syntheticEvents/SyntheticMouseEvent.js	True	True	True	True
4150	jimfb	2015-06-16 21:24:45	sebmarkbage	2015-06-16 22:19:44	src/renderers/dom/client/syntheticEvents/SyntheticTouchEvent.js	True	True	True	True
4150	jimfb	2015-06-16 21:24:45	sebmarkbage	2015-06-16 22:19:44	src/renderers/dom/client/syntheticEvents/SyntheticUIEvent.js	True	True	True	True
4150	jimfb	2015-06-16 21:24:45	sebmarkbage	2015-06-16 22:19:44	src/renderers/dom/client/syntheticEvents/SyntheticWheelEvent.js	True	True	True	True
4150	jimfb	2015-06-16 21:24:45	sebmarkbage	2015-06-16 22:19:44	src/renderers/dom/client/syntheticEvents/__tests__/SyntheticEvent-test.js	True	True	True	True
4150	jimfb	2015-06-16 21:24:45	sebmarkbage	2015-06-16 22:19:44	src/renderers/dom/client/syntheticEvents/__tests__/SyntheticWheelEvent-test.js	True	True	True	True
4150	jimfb	2015-06-16 21:24:45	sebmarkbage	2015-06-16 22:19:44	src/renderers/shared/event/EventPluginHub.js	True	True	True	True
4150	jimfb	2015-06-16 21:24:45	sebmarkbage	2015-06-16 22:19:44	src/renderers/shared/event/eventPlugins/ResponderEventPlugin.js	True	True	True	True
4150	jimfb	2015-06-16 21:24:45	sebmarkbage	2015-06-16 22:19:44	src/renderers/shared/event/eventPlugins/ResponderSyntheticEvent.js	True	True	True	True
4150	jimfb	2015-06-16 21:24:45	sebmarkbage	2015-06-16 22:19:44	src/renderers/shared/event/eventPlugins/__tests__/ResponderEventPlugin-test.js	True	True	True	True
4150	jimfb	2015-06-16 21:24:45	sebmarkbage	2015-06-16 22:19:44	src/renderers/shared/reconciler/ReactEventEmitterMixin.js	True	True	True	True
4150	jimfb	2015-06-16 21:24:45	sebmarkbage	2015-06-16 22:19:44	src/shared/utils/PooledClass.js	True	True	True	True
4150	jimfb	2015-06-16 21:24:45	sebmarkbage	2015-06-16 22:19:44	src/test/ReactTestUtils.js	True	True	True	True
4150	jimfb	2015-06-16 21:24:45	sebmarkbage	2015-06-22 16:54:55	src/renderers/dom/client/syntheticEvents/SyntheticTouchEvent.js	True	True	True	True
4150	jimfb	2015-06-16 21:24:45	sebmarkbage	2015-06-16 22:25:13	src/renderers/shared/event/eventPlugins/ResponderSyntheticEvent.js	True	True	True	True
4150	jimfb	2015-06-16 21:24:45	sebmarkbage	2015-06-16 22:19:44	src/renderers/dom/client/syntheticEvents/SyntheticFocusEvent.js	True	True	True	True
4150	jimfb	2015-06-16 21:24:45	sebmarkbage	2015-06-16 22:25:13	src/renderers/shared/event/EventPluginHub.js	True	True	True	True
4150	jimfb	2015-06-16 21:24:45	sebmarkbage	2015-06-16 22:25:13	src/renderers/dom/client/eventPlugins/SimpleEventPlugin.js	True	True	True	True
4150	jimfb	2015-06-16 21:24:45	sebmarkbage	2015-06-16 22:25:13	src/renderers/dom/client/syntheticEvents/__tests__/SyntheticWheelEvent-test.js	True	True	True	True
4150	jimfb	2015-06-16 21:24:45	sebmarkbage	2015-06-22 16:54:55	src/renderers/dom/client/syntheticEvents/SyntheticWheelEvent.js	True	True	True	True
4150	jimfb	2015-06-16 21:24:45	sebmarkbage	2015-06-22 16:54:55	src/renderers/dom/client/syntheticEvents/__tests__/SyntheticEvent-test.js	True	True	True	True
4150	jimfb	2015-06-16 21:24:45	sebmarkbage	2015-06-22 16:54:55	src/renderers/dom/client/syntheticEvents/__tests__/SyntheticWheelEvent-test.js	True	True	True	True
4150	jimfb	2015-06-16 21:24:45	sebmarkbage	2015-06-22 16:54:55	src/renderers/shared/event/EventPluginHub.js	True	True	True	True
4150	jimfb	2015-06-16 21:24:45	sebmarkbage	2015-06-22 16:54:55	src/renderers/shared/event/eventPlugins/ResponderEventPlugin.js	True	True	True	True
4150	jimfb	2015-06-16 21:24:45	sebmarkbage	2015-06-22 16:54:55	src/renderers/shared/event/eventPlugins/ResponderSyntheticEvent.js	True	True	True	True
4150	jimfb	2015-06-16 21:24:45	sebmarkbage	2015-06-22 16:54:55	src/renderers/shared/event/eventPlugins/__tests__/ResponderEventPlugin-test.js	True	True	True	True
4150	jimfb	2015-06-16 21:24:45	sebmarkbage	2015-06-22 16:54:55	src/renderers/shared/reconciler/ReactEventEmitterMixin.js	True	True	True	True
4150	jimfb	2015-06-16 21:24:45	sebmarkbage	2015-06-22 16:54:55	src/shared/utils/PooledClass.js	True	True	True	True
4150	jimfb	2015-06-16 21:24:45	sebmarkbage	2015-06-22 16:54:55	src/test/ReactTestUtils.js	True	True	True	True
4150	jimfb	2015-06-16 21:24:45	sebmarkbage	2015-06-16 22:25:13	src/renderers/dom/client/ReactEventListener.js	True	True	True	True
4150	jimfb	2015-06-16 21:24:45	sebmarkbage	2015-06-16 22:25:13	src/renderers/dom/client/eventPlugins/EnterLeaveEventPlugin.js	True	True	True	True
4150	jimfb	2015-06-16 21:24:45	sebmarkbage	2015-06-16 22:25:13	src/renderers/dom/client/eventPlugins/SelectEventPlugin.js	True	True	True	True
4150	jimfb	2015-06-16 21:24:45	sebmarkbage	2015-06-16 22:25:13	src/renderers/dom/client/eventPlugins/TapEventPlugin.js	True	True	True	True
4150	jimfb	2015-06-16 21:24:45	sebmarkbage	2015-06-16 22:25:13	src/renderers/dom/client/syntheticEvents/SyntheticInputEvent.js	True	True	True	True
4150	jimfb	2015-06-16 21:24:45	sebmarkbage	2015-06-16 22:25:13	src/renderers/dom/client/syntheticEvents/SyntheticWheelEvent.js	True	True	True	True
4150	jimfb	2015-06-16 21:24:45	sebmarkbage	2015-06-16 22:25:13	src/renderers/dom/client/eventPlugins/__tests__/EnterLeaveEventPlugin-test.js	True	True	True	True
4150	jimfb	2015-06-16 21:24:45	sebmarkbage	2015-06-16 22:25:13	src/renderers/dom/client/eventPlugins/__tests__/SelectEventPlugin-test.js	True	True	True	True
4150	jimfb	2015-06-16 21:24:45	sebmarkbage	2015-06-16 22:25:13	src/renderers/dom/client/syntheticEvents/SyntheticClipboardEvent.js	True	True	True	True
4150	jimfb	2015-06-16 21:24:45	sebmarkbage	2015-06-16 22:25:13	src/renderers/dom/client/syntheticEvents/SyntheticCompositionEvent.js	True	True	True	True
4150	jimfb	2015-06-16 21:24:45	sebmarkbage	2015-06-16 22:25:13	src/renderers/dom/client/syntheticEvents/SyntheticDragEvent.js	True	True	True	True
4150	jimfb	2015-06-16 21:24:45	sebmarkbage	2015-06-16 22:25:13	src/renderers/dom/client/syntheticEvents/SyntheticEvent.js	True	True	True	True
4150	jimfb	2015-06-16 21:24:45	sebmarkbage	2015-06-16 22:25:13	src/renderers/dom/client/syntheticEvents/SyntheticFocusEvent.js	True	True	True	True
4150	jimfb	2015-06-16 21:24:45	sebmarkbage	2015-06-22 16:54:55	src/renderers/dom/client/syntheticEvents/SyntheticUIEvent.js	True	True	True	True
4150	jimfb	2015-06-16 21:24:45	sebmarkbage	2015-06-16 22:25:13	src/renderers/dom/client/syntheticEvents/SyntheticKeyboardEvent.js	True	True	True	True
4150	jimfb	2015-06-16 21:24:45	sebmarkbage	2015-06-16 22:25:13	src/renderers/dom/client/syntheticEvents/SyntheticMouseEvent.js	True	True	True	True
4150	jimfb	2015-06-16 21:24:45	sebmarkbage	2015-06-16 22:25:13	src/renderers/dom/client/syntheticEvents/SyntheticTouchEvent.js	True	True	True	True
4150	jimfb	2015-06-16 21:24:45	sebmarkbage	2015-06-16 22:25:13	src/renderers/dom/client/syntheticEvents/SyntheticUIEvent.js	True	True	True	True
4150	jimfb	2015-06-16 21:24:45	sebmarkbage	2015-06-16 22:25:13	src/renderers/dom/client/syntheticEvents/__tests__/SyntheticEvent-test.js	True	True	True	True
4148	zpao	2015-06-16 18:48:21	sophiebits	2015-06-16 21:08:26	grunt/config/browserify.js	True	False	True	True
4148	zpao	2015-06-16 18:48:21	sophiebits	2015-06-16 21:08:26	.travis.yml	True	False	True	True
4148	zpao	2015-06-16 18:48:21	sophiebits	2015-06-16 21:08:26	Gruntfile.js	True	False	True	True
4148	zpao	2015-06-16 18:48:21	sophiebits	2015-06-16 21:08:26	vendor/browser-transforms.js	True	False	True	True
4148	zpao	2015-06-16 18:48:21	sophiebits	2015-06-16 21:08:26	grunt/tasks/npm-react.js	True	False	True	True
4148	zpao	2015-06-16 18:48:21	sophiebits	2015-06-16 21:08:26	grunt/tasks/release.js	True	False	True	True
4142	zpao	2015-06-16 08:31:13	sophiebits	2015-06-16 17:20:31	package.json	True	True	True	True
4139	sophiebits	2015-06-16 02:17:20	sebmarkbage	2015-06-18 02:02:53	src/renderers/shared/reconciler/__tests__/ReactInstanceHandles-test.js	True	True	True	True
4139	sophiebits	2015-06-16 02:17:20	sebmarkbage	2015-06-18 02:06:06	src/isomorphic/classic/element/ReactElementValidator.js	True	True	True	True
4139	sophiebits	2015-06-16 02:17:20	sebmarkbage	2015-06-18 02:06:06	src/renderers/dom/shared/ReactDOMComponent.js	True	True	True	True
4139	sophiebits	2015-06-16 02:17:20	sebmarkbage	2015-06-18 02:06:06	src/renderers/shared/reconciler/ReactUpdateQueue.js	False	True	True	True
4139	sophiebits	2015-06-16 02:17:20	sebmarkbage	2015-06-18 02:06:06	src/renderers/shared/reconciler/ReactCompositeComponent.js	False	True	True	True
4139	sophiebits	2015-06-16 02:17:20	sebmarkbage	2015-06-18 02:06:06	src/renderers/dom/shared/__tests__/ReactDOMComponent-test.js	False	True	True	True
4139	sophiebits	2015-06-16 02:17:20	sebmarkbage	2015-06-18 02:06:06	src/renderers/dom/shared/ReactDOMComponent.js	False	True	True	True
4139	sophiebits	2015-06-16 02:17:20	sebmarkbage	2015-06-18 02:06:06	src/renderers/dom/client/ReactMount.js	False	True	True	True
4139	sophiebits	2015-06-16 02:17:20	sebmarkbage	2015-06-18 02:06:06	src/renderers/dom/client/ReactMount.js	True	True	True	True
4139	sophiebits	2015-06-16 02:17:20	sebmarkbage	2015-06-18 02:02:53	src/test/reactComponentExpect.js	True	True	True	True
4139	sophiebits	2015-06-16 02:17:20	sebmarkbage	2015-06-18 02:02:53	src/test/ReactTestUtils.js	True	True	True	True
4139	sophiebits	2015-06-16 02:17:20	sebmarkbage	2015-06-18 02:02:53	src/renderers/shared/reconciler/instantiateReactComponent.js	True	True	True	True
4139	sophiebits	2015-06-16 02:17:20	sebmarkbage	2015-06-18 02:02:53	src/renderers/shared/reconciler/__tests__/ReactMultiChildReconcile-test.js	True	True	True	True
4139	sophiebits	2015-06-16 02:17:20	sebmarkbage	2015-06-18 02:02:53	src/renderers/shared/reconciler/ReactCompositeComponent.js	True	True	True	True
4139	sophiebits	2015-06-16 02:17:20	sebmarkbage	2015-06-18 02:02:53	src/renderers/shared/reconciler/ReactNativeComponent.js	True	True	True	True
4139	sophiebits	2015-06-16 02:17:20	sebmarkbage	2015-06-18 02:02:53	src/renderers/dom/shared/__tests__/ReactDOMComponent-test.js	True	True	True	True
4139	sophiebits	2015-06-16 02:17:20	sebmarkbage	2015-06-18 02:02:53	src/renderers/dom/shared/ReactDefaultInjection.js	True	True	True	True
4139	sophiebits	2015-06-16 02:17:20	sebmarkbage	2015-06-18 02:02:53	src/renderers/dom/shared/ReactDOMComponent.js	True	True	True	True
4139	sophiebits	2015-06-16 02:17:20	sebmarkbage	2015-06-18 02:02:53	src/renderers/dom/client/findDOMNode.js	True	True	True	True
4139	sophiebits	2015-06-16 02:17:20	sebmarkbage	2015-06-18 02:02:53	src/isomorphic/classic/element/ReactElementValidator.js	True	True	True	True
4139	sophiebits	2015-06-16 02:17:20	sebmarkbage	2015-06-18 02:02:53	src/renderers/shared/reconciler/__tests__/ReactComponent-test.js	False	True	True	True
4139	sophiebits	2015-06-16 02:17:20	sebmarkbage	2015-06-18 02:02:53	src/renderers/shared/reconciler/ReactUpdateQueue.js	False	True	True	True
4139	sophiebits	2015-06-16 02:17:20	sebmarkbage	2015-06-18 02:02:53	src/renderers/shared/reconciler/ReactCompositeComponent.js	False	True	True	True
4139	sophiebits	2015-06-16 02:17:20	sebmarkbage	2015-06-18 02:02:53	src/renderers/dom/shared/__tests__/ReactDOMComponent-test.js	False	True	True	True
4139	sophiebits	2015-06-16 02:17:20	sebmarkbage	2015-06-18 02:02:53	src/renderers/dom/shared/ReactDOMComponent.js	False	True	True	True
4139	sophiebits	2015-06-16 02:17:20	sebmarkbage	2015-06-18 02:02:53	src/renderers/dom/client/ReactMount.js	False	True	True	True
4139	sophiebits	2015-06-16 02:17:20	sebmarkbage	2015-06-18 02:02:53	src/renderers/dom/client/ReactMount.js	True	True	True	True
4139	sophiebits	2015-06-16 02:17:20	sebmarkbage	2015-06-18 02:06:06	src/renderers/dom/client/findDOMNode.js	True	True	True	True
4139	sophiebits	2015-06-16 02:17:20	sebmarkbage	2015-06-18 02:06:06	src/renderers/shared/reconciler/__tests__/ReactComponent-test.js	False	True	True	True
4139	sophiebits	2015-06-16 02:17:20	sebmarkbage	2015-06-18 02:06:06	src/renderers/dom/shared/ReactDefaultInjection.js	True	True	True	True
4139	sophiebits	2015-06-16 02:17:20	sebmarkbage	2015-06-18 03:37:37	src/renderers/shared/reconciler/__tests__/ReactComponent-test.js	False	True	True	True
4139	sophiebits	2015-06-16 02:17:20	sebmarkbage	2015-06-18 02:06:06	src/renderers/dom/shared/__tests__/ReactDOMComponent-test.js	True	True	True	True
4139	sophiebits	2015-06-16 02:17:20	sebmarkbage	2015-06-18 03:37:37	src/test/ReactTestUtils.js	True	True	True	True
4139	sophiebits	2015-06-16 02:17:20	sebmarkbage	2015-06-18 03:37:37	src/renderers/shared/reconciler/instantiateReactComponent.js	True	True	True	True
4139	sophiebits	2015-06-16 02:17:20	sebmarkbage	2015-06-18 03:37:37	src/renderers/shared/reconciler/__tests__/ReactMultiChildReconcile-test.js	True	True	True	True
4139	sophiebits	2015-06-16 02:17:20	sebmarkbage	2015-06-18 03:37:37	src/renderers/shared/reconciler/__tests__/ReactInstanceHandles-test.js	True	True	True	True
4139	sophiebits	2015-06-16 02:17:20	sebmarkbage	2015-06-18 03:37:37	src/renderers/shared/reconciler/ReactNativeComponent.js	True	True	True	True
4139	sophiebits	2015-06-16 02:17:20	sebmarkbage	2015-06-18 03:37:37	src/renderers/shared/reconciler/ReactCompositeComponent.js	True	True	True	True
4139	sophiebits	2015-06-16 02:17:20	sebmarkbage	2015-06-18 03:37:37	src/renderers/dom/shared/__tests__/ReactDOMComponent-test.js	True	True	True	True
4139	sophiebits	2015-06-16 02:17:20	sebmarkbage	2015-06-18 03:37:37	src/renderers/dom/shared/ReactDefaultInjection.js	True	True	True	True
4139	sophiebits	2015-06-16 02:17:20	sebmarkbage	2015-06-18 03:37:37	src/renderers/dom/shared/ReactDOMComponent.js	True	True	True	True
4139	sophiebits	2015-06-16 02:17:20	sebmarkbage	2015-06-18 03:37:37	src/renderers/dom/client/findDOMNode.js	True	True	True	True
4139	sophiebits	2015-06-16 02:17:20	sebmarkbage	2015-06-18 03:37:37	src/isomorphic/classic/element/ReactElementValidator.js	True	True	True	True
4139	sophiebits	2015-06-16 02:17:20	sebmarkbage	2015-06-18 03:37:37	src/test/reactComponentExpect.js	True	True	True	True
4139	sophiebits	2015-06-16 02:17:20	sebmarkbage	2015-06-18 03:37:37	src/renderers/shared/reconciler/ReactUpdateQueue.js	False	True	True	True
4139	sophiebits	2015-06-16 02:17:20	sebmarkbage	2015-06-18 02:06:06	src/test/ReactTestUtils.js	True	True	True	True
4139	sophiebits	2015-06-16 02:17:20	sebmarkbage	2015-06-18 02:06:06	src/renderers/shared/reconciler/ReactCompositeComponent.js	True	True	True	True
4139	sophiebits	2015-06-16 02:17:20	sebmarkbage	2015-06-18 02:06:06	src/renderers/shared/reconciler/ReactNativeComponent.js	True	True	True	True
4139	sophiebits	2015-06-16 02:17:20	sebmarkbage	2015-06-18 02:06:06	src/renderers/shared/reconciler/__tests__/ReactInstanceHandles-test.js	True	True	True	True
4139	sophiebits	2015-06-16 02:17:20	sebmarkbage	2015-06-18 02:06:06	src/renderers/shared/reconciler/__tests__/ReactMultiChildReconcile-test.js	True	True	True	True
4139	sophiebits	2015-06-16 02:17:20	sebmarkbage	2015-06-18 02:06:06	src/renderers/shared/reconciler/instantiateReactComponent.js	True	True	True	True
4139	sophiebits	2015-06-16 02:17:20	sebmarkbage	2015-06-18 02:06:06	src/test/reactComponentExpect.js	True	True	True	True
4139	sophiebits	2015-06-16 02:17:20	sebmarkbage	2015-06-18 03:37:37	src/renderers/dom/client/ReactMount.js	True	True	True	True
4139	sophiebits	2015-06-16 02:17:20	sebmarkbage	2015-06-18 03:37:37	src/renderers/dom/client/ReactMount.js	False	True	True	True
4139	sophiebits	2015-06-16 02:17:20	sebmarkbage	2015-06-18 03:37:37	src/renderers/dom/shared/ReactDOMComponent.js	False	True	True	True
4139	sophiebits	2015-06-16 02:17:20	sebmarkbage	2015-06-18 03:37:37	src/renderers/dom/shared/__tests__/ReactDOMComponent-test.js	False	True	True	True
4139	sophiebits	2015-06-16 02:17:20	sebmarkbage	2015-06-18 03:37:37	src/renderers/shared/reconciler/ReactCompositeComponent.js	False	True	True	True
4131	vipulnsward	2015-06-15 12:04:54	zpao	2015-06-15 18:15:27	docs/Gemfile.lock	True	True	True	True
4131	vipulnsward	2015-06-15 12:04:54	zpao	2015-06-15 18:15:27	docs/_js/jsx-compiler.js	True	True	True	True
4131	vipulnsward	2015-06-15 12:04:54	zpao	2015-06-15 18:15:27	docs/_js/browser.min.js	True	True	True	True
4131	vipulnsward	2015-06-15 12:04:54	zpao	2015-06-15 18:15:27	docs/Rakefile	True	True	True	True
4131	vipulnsward	2015-06-15 12:04:54	zpao	2015-06-15 18:15:27	docs/Rakefile	False	True	True	True
4131	vipulnsward	2015-06-15 12:04:54	zpao	2015-06-15 18:15:27	docs/_js/jsx-compiler.js	False	True	True	True
4131	vipulnsward	2015-06-15 12:04:54	zpao	2015-06-15 18:15:27	docs/js/JSXTransformer.js	False	True	True	True
4131	vipulnsward	2015-06-15 12:04:54	zpao	2015-06-15 18:15:27	docs/_layouts/default.html	False	True	True	True
4131	vipulnsward	2015-06-15 12:04:54	zpao	2015-06-15 18:15:27	docs/_js/browser.min.js	False	True	True	True
4131	vipulnsward	2015-06-15 12:04:54	zpao	2015-06-15 18:15:27	docs/_layouts/default.html	True	True	True	True
4131	vipulnsward	2015-06-15 12:04:54	zpao	2015-06-15 18:15:27	docs/_js/live_editor.js	True	True	True	True
4131	vipulnsward	2015-06-15 12:04:54	zpao	2015-06-15 17:37:08	docs/Gemfile.lock	True	True	True	True
4131	vipulnsward	2015-06-15 12:04:54	zpao	2015-06-15 17:37:08	docs/Rakefile	False	True	True	True
4131	vipulnsward	2015-06-15 12:04:54	zpao	2015-06-15 17:37:08	docs/_js/browser.min.js	False	True	True	True
4131	vipulnsward	2015-06-15 12:04:54	zpao	2015-06-15 17:37:08	docs/_layouts/default.html	False	True	True	True
4131	vipulnsward	2015-06-15 12:04:54	zpao	2015-06-15 17:37:08	docs/js/JSXTransformer.js	False	True	True	True
4131	vipulnsward	2015-06-15 12:04:54	zpao	2015-06-15 17:37:08	docs/_js/jsx-compiler.js	False	True	True	True
4131	vipulnsward	2015-06-15 12:04:54	zpao	2015-06-15 17:37:08	docs/Rakefile	True	True	True	True
4131	vipulnsward	2015-06-15 12:04:54	zpao	2015-06-15 17:37:08	docs/_js/browser.min.js	True	True	True	True
4131	vipulnsward	2015-06-15 12:04:54	zpao	2015-06-15 17:37:08	docs/_js/jsx-compiler.js	True	True	True	True
4131	vipulnsward	2015-06-15 12:04:54	zpao	2015-06-15 17:37:08	docs/_js/live_editor.js	True	True	True	True
4131	vipulnsward	2015-06-15 12:04:54	zpao	2015-06-15 17:37:08	docs/_layouts/default.html	True	True	True	True
4121	cristovaov	2015-06-13 09:46:31	zpao	2015-06-13 21:48:28	docs/docs/tutorial.md	True	True	True	True
4121	cristovaov	2015-06-13 09:46:31	zpao	2015-06-13 21:48:28	docs/docs/tutorial.ko-KR.md	True	True	True	True
4121	cristovaov	2015-06-13 09:46:31	zpao	2015-06-13 21:48:28	docs/docs/tutorial.ja-JP.md	True	True	True	True
4114	sophiebits	2015-06-12 23:29:23	zpao	2015-06-13 01:31:38	src/renderers/dom/shared/__tests__/ReactDOMComponent-test.js	True	False	True	True
4114	sophiebits	2015-06-12 23:29:23	zpao	2015-06-13 01:31:38	src/renderers/dom/shared/ReactDOMComponent.js	True	False	True	True
4103	marocchino	2015-06-12 01:08:25	dittos	2015-06-12 01:11:21	docs/docs/05-reusable-components.ko-KR.md	True	True	True	True
4103	marocchino	2015-06-12 01:08:25	dittos	2015-06-12 01:15:11	docs/docs/ref-03-component-specs.ko-KR.md	True	True	True	True
4103	marocchino	2015-06-12 01:08:25	dittos	2015-06-12 01:15:11	docs/docs/ref-01-top-level-api.ko-KR.md	True	True	True	True
4103	marocchino	2015-06-12 01:08:25	dittos	2015-06-12 01:15:11	docs/docs/07-forms.ko-KR.md	True	True	True	True
4103	marocchino	2015-06-12 01:08:25	dittos	2015-06-12 01:15:11	docs/docs/05-reusable-components.ko-KR.md	True	True	True	True
4103	marocchino	2015-06-12 01:08:25	dittos	2015-06-12 01:15:11	docs/docs/02.1-jsx-in-depth.ko-KR.md	True	True	True	True
4103	marocchino	2015-06-12 01:08:25	dittos	2015-06-12 01:11:21	docs/tips/13-false-in-jsx.ko-KR.md	True	True	True	True
4103	marocchino	2015-06-12 01:08:25	dittos	2015-06-12 01:11:21	docs/docs/ref-03-component-specs.ko-KR.md	True	True	True	True
4103	marocchino	2015-06-12 01:08:25	dittos	2015-06-12 01:11:21	docs/docs/ref-01-top-level-api.ko-KR.md	True	True	True	True
4103	marocchino	2015-06-12 01:08:25	dittos	2015-06-12 01:11:21	docs/docs/07-forms.ko-KR.md	True	True	True	True
4103	marocchino	2015-06-12 01:08:25	dittos	2015-06-12 01:11:21	docs/docs/02.1-jsx-in-depth.ko-KR.md	True	True	True	True
4103	marocchino	2015-06-12 01:08:25	dittos	2015-06-12 01:15:11	docs/tips/13-false-in-jsx.ko-KR.md	True	True	True	True
4100	zpao	2015-06-11 22:32:22	sebmarkbage	2015-06-16 17:06:06	src/shared/utils/deprecated.js	True	True	True	True
4100	zpao	2015-06-11 22:32:22	sebmarkbage	2015-06-16 17:06:06	grunt/config/jsx.js	True	True	True	True
4100	zpao	2015-06-11 22:32:22	sebmarkbage	2015-06-16 17:06:06	npm-react/react.js	True	True	True	True
4100	zpao	2015-06-11 22:32:22	sebmarkbage	2015-06-11 23:35:49	npm-react/react.js	True	True	True	True
4100	zpao	2015-06-11 22:32:22	sebmarkbage	2015-06-11 23:35:49	grunt/config/jsx.js	True	True	True	True
4100	zpao	2015-06-11 22:32:22	sebmarkbage	2015-06-11 23:35:49	src/shared/utils/deprecated.js	True	True	True	True
4091	sebmarkbage	2015-06-11 01:30:59	sophiebits	2015-06-11 19:16:45	src/renderers/shared/reconciler/__tests__/ReactCompositeComponent-test.js	False	True	True	True
4091	sebmarkbage	2015-06-11 01:30:59	sophiebits	2015-06-11 19:16:45	src/renderers/shared/reconciler/ReactUpdateQueue.js	False	True	True	True
4058	yiminghe	2015-06-08 17:37:34	zpao	2015-06-09 20:23:03	src/test/ReactTestUtils.js	False	True	True	True
4058	yiminghe	2015-06-08 17:37:34	zpao	2015-06-09 20:23:21	src/test/__tests__/ReactTestUtils-test.js	False	True	True	True
4058	yiminghe	2015-06-08 17:37:34	zpao	2015-06-09 20:23:03	src/test/__tests__/ReactTestUtils-test.js	False	True	True	True
4058	yiminghe	2015-06-08 17:37:34	zpao	2015-06-09 20:23:21	src/test/ReactTestUtils.js	False	True	True	True
4058	yiminghe	2015-06-08 17:37:34	zpao	2015-06-08 18:51:48	src/test/__tests__/ReactTestUtils-test.js	False	True	True	True
4058	yiminghe	2015-06-08 17:37:34	zpao	2015-06-08 18:51:48	src/test/ReactTestUtils.js	False	True	True	True
4051	jquense	2015-06-07 18:37:36	syranide	2015-10-16 07:12:34	src/renderers/dom/client/eventPlugins/ChangeEventPlugin.js	True	True	True	True
4051	jquense	2015-06-07 18:37:36	jimfb	2015-10-16 00:14:21	src/renderers/dom/client/eventPlugins/ChangeEventPlugin.js	True	True	True	True
4051	jquense	2015-06-07 18:37:36	probablyup	2015-08-10 15:41:21	src/renderers/dom/client/eventPlugins/ChangeEventPlugin.js	True	True	True	True
4051	jquense	2015-06-07 18:37:36	syranide	2015-10-16 07:05:12	src/renderers/dom/client/eventPlugins/ChangeEventPlugin.js	True	True	True	True
4051	jquense	2015-06-07 18:37:36	syranide	2015-10-16 07:06:02	src/renderers/dom/client/eventPlugins/ChangeEventPlugin.js	True	True	True	True
4046	basarat	2015-06-06 00:23:48	zpao	2015-06-08 19:49:54	docs/docs/ref-03-component-specs.md	False	True	True	True
4046	basarat	2015-06-06 00:23:48	zpao	2015-06-08 19:49:54	docs/docs/ref-03-component-specs.md	True	True	True	True
4045	davemeetsworld	2015-06-05 22:52:14	zpao	2015-06-08 19:52:22	src/isomorphic/classic/class/ReactClass.js	True	True	True	True
4045	davemeetsworld	2015-06-05 22:52:14	zpao	2015-06-08 20:00:16	src/isomorphic/classic/class/ReactClass.js	True	True	True	True
4045	davemeetsworld	2015-06-05 22:52:14	zpao	2015-06-08 20:00:16	src/isomorphic/classic/class/__tests__/ReactClass-test.js	True	True	True	True
4045	davemeetsworld	2015-06-05 22:52:14	zpao	2015-06-08 20:00:16	src/isomorphic/modern/class/__tests__/ReactCoffeeScriptClass-test.coffee	True	True	True	True
4045	davemeetsworld	2015-06-05 22:52:14	zpao	2015-06-08 20:00:16	src/isomorphic/modern/class/__tests__/ReactES6Class-test.js	True	True	True	True
4045	davemeetsworld	2015-06-05 22:52:14	zpao	2015-06-08 20:00:16	src/isomorphic/modern/class/__tests__/ReactTypeScriptClass-test.ts	True	True	True	True
4045	davemeetsworld	2015-06-05 22:52:14	zpao	2015-06-08 20:00:16	src/renderers/shared/reconciler/ReactCompositeComponent.js	True	True	True	True
4045	davemeetsworld	2015-06-05 22:52:14	zpao	2015-06-08 19:52:22	src/isomorphic/classic/class/__tests__/ReactClass-test.js	True	True	True	True
4045	davemeetsworld	2015-06-05 22:52:14	zpao	2015-06-08 19:52:22	src/isomorphic/modern/class/__tests__/ReactCoffeeScriptClass-test.coffee	True	True	True	True
4045	davemeetsworld	2015-06-05 22:52:14	zpao	2015-06-08 19:52:22	src/isomorphic/modern/class/__tests__/ReactES6Class-test.js	True	True	True	True
4045	davemeetsworld	2015-06-05 22:52:14	zpao	2015-06-08 19:52:22	src/isomorphic/modern/class/__tests__/ReactTypeScriptClass-test.ts	True	True	True	True
4045	davemeetsworld	2015-06-05 22:52:14	zpao	2015-06-08 19:52:22	src/renderers/shared/reconciler/ReactCompositeComponent.js	True	True	True	True
4043	sophiebits	2015-06-05 21:57:44	hzoo	2015-06-07 04:22:34	grunt/tasks/eslint.js	True	True	True	True
4043	sophiebits	2015-06-05 21:57:44	hzoo	2015-06-07 04:22:34	.eslintrc	True	True	True	True
4029	bgw	2015-06-04 21:00:12	sophiebits	2015-06-04 21:54:34	src/shared/vendor/core/warning.js	True	False	True	True
4029	bgw	2015-06-04 21:00:12	sophiebits	2015-06-04 21:54:00	eslint-rules/__tests__/warning-and-invariant-args-test.js	True	False	True	True
4029	bgw	2015-06-04 21:00:12	sophiebits	2015-06-04 21:54:00	src/isomorphic/classic/element/ReactElementValidator.js	True	False	True	True
4029	bgw	2015-06-04 21:00:12	sophiebits	2015-06-04 21:54:00	src/shared/vendor/core/warning.js	True	False	True	True
4029	bgw	2015-06-04 21:00:12	sophiebits	2015-06-04 21:54:34	eslint-rules/warning-and-invariant-args.js	True	False	True	True
4029	bgw	2015-06-04 21:00:12	sophiebits	2015-06-04 21:54:34	eslint-rules/__tests__/warning-and-invariant-args-test.js	True	False	True	True
4029	bgw	2015-06-04 21:00:12	sophiebits	2015-06-04 21:54:34	src/isomorphic/classic/element/ReactElementValidator.js	True	False	True	True
4029	bgw	2015-06-04 21:00:12	sophiebits	2015-06-04 21:54:00	eslint-rules/warning-and-invariant-args.js	True	False	True	True
4029	bgw	2015-06-04 21:00:12	sophiebits	2015-06-04 21:03:42	src/isomorphic/classic/element/ReactElementValidator.js	True	False	True	True
4029	bgw	2015-06-04 21:00:12	sophiebits	2015-06-04 21:03:42	eslint-rules/__tests__/warning-and-invariant-args-test.js	True	False	True	True
4029	bgw	2015-06-04 21:00:12	sophiebits	2015-06-04 21:03:42	eslint-rules/warning-and-invariant-args.js	True	False	True	True
4029	bgw	2015-06-04 21:00:12	sophiebits	2015-06-04 21:03:42	src/shared/vendor/core/warning.js	True	False	True	True
4029	bgw	2015-06-04 21:00:12	sophiebits	2015-06-04 21:54:55	src/isomorphic/classic/element/ReactElementValidator.js	True	False	True	True
4029	bgw	2015-06-04 21:00:12	sophiebits	2015-06-04 21:54:55	eslint-rules/__tests__/warning-and-invariant-args-test.js	True	False	True	True
4029	bgw	2015-06-04 21:00:12	sophiebits	2015-06-04 21:54:55	eslint-rules/warning-and-invariant-args.js	True	False	True	True
4029	bgw	2015-06-04 21:00:12	sophiebits	2015-06-04 21:54:55	src/shared/vendor/core/warning.js	True	False	True	True
4021	bgw	2015-06-03 22:20:36	zpao	2015-06-03 22:53:44	grunt/tasks/eslint.js	True	True	True	True
4021	bgw	2015-06-03 22:20:36	zpao	2015-06-03 22:53:44	src/renderers/dom/client/ReactMount.js	True	True	True	True
4021	bgw	2015-06-03 22:20:36	zpao	2015-06-03 22:53:44	src/isomorphic/classic/element/ReactElementValidator.js	True	True	True	True
4021	bgw	2015-06-03 22:20:36	zpao	2015-06-03 22:53:44	src/addons/ReactFragment.js	True	True	True	True
4021	bgw	2015-06-03 22:20:36	zpao	2015-06-03 22:53:44	grunt/tasks/test-eslint-rules.js	True	True	True	True
4021	bgw	2015-06-03 22:20:36	zpao	2015-06-03 22:53:44	Gruntfile.js	True	True	True	True
4021	bgw	2015-06-03 22:20:36	zpao	2015-06-03 22:53:44	eslint-rules/warning-and-invariant-args.js	True	True	True	True
4021	bgw	2015-06-03 22:20:36	zpao	2015-06-03 22:53:44	eslint-rules/__tests__/warning-and-invariant-args-test.js	True	True	True	True
4021	bgw	2015-06-03 22:20:36	zpao	2015-06-03 22:56:57	.eslintrc	True	True	True	True
4021	bgw	2015-06-03 22:20:36	zpao	2015-06-03 22:53:44	.eslintrc	True	True	True	True
4021	bgw	2015-06-03 22:20:36	zpao	2015-06-03 22:53:44	src/renderers/shared/reconciler/ReactInstanceHandles.js	True	True	True	True
4021	bgw	2015-06-03 22:20:36	zpao	2015-06-03 22:53:44	package.json	True	True	True	True
4021	bgw	2015-06-03 22:20:36	zpao	2015-06-03 22:56:57	eslint-rules/__tests__/warning-and-invariant-args-test.js	True	True	True	True
4021	bgw	2015-06-03 22:20:36	zpao	2015-06-03 22:56:57	eslint-rules/warning-and-invariant-args.js	True	True	True	True
4021	bgw	2015-06-03 22:20:36	zpao	2015-06-03 22:56:57	grunt/tasks/eslint.js	True	True	True	True
4021	bgw	2015-06-03 22:20:36	zpao	2015-06-03 22:56:57	grunt/tasks/test-eslint-rules.js	True	True	True	True
4021	bgw	2015-06-03 22:20:36	zpao	2015-06-03 22:56:57	package.json	True	True	True	True
4021	bgw	2015-06-03 22:20:36	zpao	2015-06-03 22:56:57	src/addons/ReactFragment.js	True	True	True	True
4021	bgw	2015-06-03 22:20:36	zpao	2015-06-03 22:56:57	src/isomorphic/classic/element/ReactElementValidator.js	True	True	True	True
4021	bgw	2015-06-03 22:20:36	zpao	2015-06-03 22:56:57	src/renderers/dom/client/ReactMount.js	True	True	True	True
4021	bgw	2015-06-03 22:20:36	zpao	2015-06-03 22:56:57	src/renderers/shared/reconciler/ReactInstanceHandles.js	True	True	True	True
4021	bgw	2015-06-03 22:20:36	zpao	2015-06-03 22:56:57	Gruntfile.js	True	True	True	True
4013	basarat	2015-06-03 08:58:12	zpao	2015-06-05 16:49:30	docs/docs/ref-03-component-specs.md	True	False	True	True
4007	bgw	2015-06-02 17:51:31	zpao	2015-06-02 18:30:15	src/renderers/shared/reconciler/__tests__/ReactCompositeComponentNestedState-test.js	True	False	True	True
4007	bgw	2015-06-02 17:51:31	zpao	2015-06-02 18:30:15	.eslintrc	True	False	True	True
4007	bgw	2015-06-02 17:51:31	zpao	2015-06-02 18:30:15	package.json	True	False	True	True
4007	bgw	2015-06-02 17:51:31	zpao	2015-06-02 18:30:15	src/renderers/shared/reconciler/__tests__/ReactCompositeComponent-test.js	True	False	True	True
4007	bgw	2015-06-02 17:51:31	zpao	2015-06-02 18:30:15	docs/_js/examples/.eslintrc	True	False	True	True
4007	bgw	2015-06-02 17:51:31	zpao	2015-06-02 18:30:15	src/renderers/shared/reconciler/__tests__/ReactUpdates-test.js	True	False	True	True
4007	bgw	2015-06-02 17:51:31	zpao	2015-06-02 18:30:15	src/addons/transitions/__tests__/ReactCSSTransitionGroup-test.js	True	False	True	True
4007	bgw	2015-06-02 17:51:31	zpao	2015-06-02 18:30:15	src/renderers/dom/shared/__tests__/ReactDOMComponent-test.js	True	False	True	True
3995	vslinko	2015-06-01 15:42:29	sebmarkbage	2015-06-02 21:23:45	src/renderers/shared/reconciler/__tests__/ReactCompositeComponent-test.js	False	True	True	True
3995	vslinko	2015-06-01 15:42:29	sebmarkbage	2015-06-02 21:23:45	src/renderers/shared/reconciler/ReactStatelessComponent.js	False	True	True	True
3995	vslinko	2015-06-01 15:42:29	sebmarkbage	2015-06-02 21:23:45	src/renderers/shared/reconciler/__tests__/ReactStatelessComponent-test.js	False	True	True	True
3995	vslinko	2015-06-01 15:42:29	sebmarkbage	2015-06-02 21:23:45	src/renderers/shared/reconciler/instantiateReactComponent.js	False	True	True	True
3995	vslinko	2015-06-01 15:42:29	sebmarkbage	2015-06-02 21:23:45	src/renderers/shared/reconciler/ReactCompositeComponent.js	False	True	True	True
3995	vslinko	2015-06-01 15:42:29	sebmarkbage	2015-06-02 21:23:45	src/renderers/shared/reconciler/ReactNativeComponent.js	True	True	True	True
3995	vslinko	2015-06-01 15:42:29	sebmarkbage	2015-06-02 21:23:45	src/renderers/shared/reconciler/__tests__/ReactCompositeComponent-test.js	True	True	True	True
3995	vslinko	2015-06-01 15:42:29	sebmarkbage	2015-06-02 21:23:45	src/renderers/shared/reconciler/ReactNativeComponent.js	False	True	True	True
3995	vslinko	2015-06-01 15:42:29	syranide	2015-06-01 16:03:33	src/renderers/shared/reconciler/__tests__/ReactCompositeComponent-test.js	True	True	True	True
3995	vslinko	2015-06-01 15:42:29	syranide	2015-06-01 16:03:33	src/renderers/shared/reconciler/ReactStatelessComponent.js	False	True	True	True
3995	vslinko	2015-06-01 15:42:29	syranide	2015-06-01 16:03:33	src/renderers/shared/reconciler/instantiateReactComponent.js	False	True	True	True
3995	vslinko	2015-06-01 15:42:29	syranide	2015-06-01 16:03:33	src/renderers/shared/reconciler/ReactCompositeComponent.js	False	True	True	True
3995	vslinko	2015-06-01 15:42:29	syranide	2015-06-01 16:03:33	src/renderers/shared/reconciler/ReactNativeComponent.js	True	True	True	True
3995	vslinko	2015-06-01 15:42:29	syranide	2015-06-01 16:03:33	src/renderers/shared/reconciler/ReactNativeComponent.js	False	True	True	True
3995	vslinko	2015-06-01 15:42:29	syranide	2015-06-01 16:03:33	src/renderers/shared/reconciler/__tests__/ReactCompositeComponent-test.js	False	True	True	True
3995	vslinko	2015-06-01 15:42:29	syranide	2015-06-01 16:03:33	src/renderers/shared/reconciler/__tests__/ReactStatelessComponent-test.js	False	True	True	True
