pr_number	author_user_login	pr_created_at	commit_user_login	commit_created_at	commit_status_total	commit_status_additions	commit_status_deletions	create_before_pr	is_review_commit
23386	JoshuaGross	2022-02-28 23:22:23	JoshuaGross	2022-03-01 03:11:25	10	5	5	False	True
23386	JoshuaGross	2022-02-28 23:22:23	JoshuaGross	2022-03-01 04:13:19	2	1	1	False	True
23386	JoshuaGross	2022-02-28 23:22:23	JoshuaGross	2022-03-01 03:58:45	23	13	10	False	True
23386	JoshuaGross	2022-02-28 23:22:23	JoshuaGross	2022-02-28 23:17:54	197	145	52	True	True
23386	JoshuaGross	2022-02-28 23:22:23	JoshuaGross	2022-03-01 03:05:04	7	6	1	False	True
23386	JoshuaGross	2022-02-28 23:22:23	JoshuaGross	2022-03-01 00:05:13	40	21	19	False	True
23386	JoshuaGross	2022-02-28 23:22:23	JoshuaGross	2022-03-01 04:00:30	3	2	1	False	True
23386	JoshuaGross	2022-02-28 23:22:23	JoshuaGross	2022-03-01 04:51:20	21	16	5	False	True
23386	JoshuaGross	2022-02-28 23:22:23	JoshuaGross	2022-03-02 18:23:16	4	2	2	False	True
23386	JoshuaGross	2022-02-28 23:22:23	JoshuaGross	2022-03-01 05:05:19	70	36	34	False	True
23386	JoshuaGross	2022-02-28 23:22:23	JoshuaGross	2022-02-28 23:18:04	155	155	0	True	True
23386	JoshuaGross	2022-02-28 23:22:23	JoshuaGross	2022-03-01 05:24:11	3	3	0	False	True
23386	JoshuaGross	2022-02-28 23:22:23	JoshuaGross	2022-03-02 00:16:15	45	25	20	False	True
23386	JoshuaGross	2022-02-28 23:22:23	JoshuaGross	2022-03-01 05:19:57	10	7	3	False	True
23386	JoshuaGross	2022-02-28 23:22:23	JoshuaGross	2022-03-01 04:49:02	7	3	4	False	True
23386	JoshuaGross	2022-02-28 23:22:23	JoshuaGross	2022-03-02 03:17:15	2	1	1	False	True
23386	JoshuaGross	2022-02-28 23:22:23	JoshuaGross	2022-02-28 23:19:16	17	17	0	True	True
23386	JoshuaGross	2022-02-28 23:22:23	JoshuaGross	2022-03-02 00:39:54	23	9	14	False	True
23385	sebmarkbage	2022-02-28 21:07:44	sebmarkbage	2022-02-28 23:04:44	18	13	5	False	True
23385	sebmarkbage	2022-02-28 21:07:44	sebmarkbage	2022-02-28 23:58:19	20	20	0	False	True
23385	sebmarkbage	2022-02-28 21:07:44	sebmarkbage	2022-02-28 20:15:10	127	126	1	True	True
23385	sebmarkbage	2022-02-28 21:07:44	sebmarkbage	2022-02-28 20:15:15	757	440	317	True	True
23385	sebmarkbage	2022-02-28 21:07:44	sebmarkbage	2022-03-01 00:05:11	58	37	21	False	True
23385	sebmarkbage	2022-02-28 21:07:44	sebmarkbage	2022-02-28 23:47:06	28	14	14	False	True
23385	sebmarkbage	2022-02-28 21:07:44	sebmarkbage	2022-03-01 05:01:54	2	1	1	False	True
23385	sebmarkbage	2022-02-28 21:07:44	acdlite	2022-03-01 04:19:38	6	3	3	False	True
23384	sebmarkbage	2022-02-28 18:12:44	sebmarkbage	2022-02-28 18:11:10	7	3	4	True	True
23383	acdlite	2022-02-28 15:24:28	acdlite	2022-02-28 15:16:31	52	48	4	True	True
23366	lunaleaps	2022-02-26 01:17:33	lunaleaps	2022-02-26 00:19:19	148	143	5	True	True
23365	lunaruan	2022-02-25 22:48:00	lunaruan	2022-05-03 16:47:42	337	248	89	False	True
23365	lunaruan	2022-02-25 22:48:00	lunaruan	2022-04-11 22:26:07	169	157	12	False	True
23365	lunaruan	2022-02-25 22:48:00	lunaruan	2022-04-12 15:54:36	191	183	8	False	True
23364	acdlite	2022-02-25 22:16:13	laverdet	2022-02-20 00:59:31	78	78	0	True	True
23364	acdlite	2022-02-25 22:16:13	acdlite	2022-02-25 22:13:11	124	96	28	True	True
23363	acdlite	2022-02-25 18:53:31	acdlite	2022-02-25 18:51:37	22	13	9	True	True
23361	acdlite	2022-02-25 01:50:51	acdlite	2022-02-25 01:13:45	45	19	26	True	True
23360	acdlite	2022-02-25 00:36:40	acdlite	2022-02-25 00:33:24	46	25	21	True	True
23359	sebmarkbage	2022-02-24 23:19:16	sebmarkbage	2022-02-24 20:52:38	76	59	17	True	True
23359	sebmarkbage	2022-02-24 23:19:16	sebmarkbage	2022-02-24 20:49:48	5	5	0	True	True
23359	sebmarkbage	2022-02-24 23:19:16	sebmarkbage	2022-02-24 23:14:36	57	32	25	True	True
23359	sebmarkbage	2022-02-24 23:19:16	sebmarkbage	2022-02-24 22:49:12	18	17	1	True	True
23358	sebmarkbage	2022-02-24 20:34:03	sebmarkbage	2022-02-24 20:33:02	42	42	0	True	True
23356	acdlite	2022-02-24 06:46:21	acdlite	2022-02-24 06:41:59	47	47	0	True	True
23355	acdlite	2022-02-24 06:05:07	acdlite	2022-02-24 05:55:48	108	57	51	True	True
23354	acdlite	2022-02-24 04:43:35	acdlite	2022-02-24 03:41:30	269	152	117	True	True
23354	acdlite	2022-02-24 04:43:35	acdlite	2022-02-24 04:41:02	95	90	5	True	True
23353	acdlite	2022-02-23 23:44:30	acdlite	2022-02-23 23:28:38	46	5	41	True	True
23351	sebmarkbage	2022-02-23 22:55:01	sebmarkbage	2022-02-23 22:53:56	197	12	185	True	True
23351	sebmarkbage	2022-02-23 22:55:01	sebmarkbage	2022-02-23 23:48:12	94	64	30	False	True
23351	sebmarkbage	2022-02-23 22:55:01	sebmarkbage	2022-02-24 00:02:37	56	56	0	False	True
23350	acdlite	2022-02-23 22:53:54	acdlite	2022-02-23 22:48:46	303	182	121	True	True
23348	sebmarkbage	2022-02-23 20:24:20	sebmarkbage	2022-02-23 20:23:45	235	32	203	True	True
23343	sebmarkbage	2022-02-23 05:54:53	sebmarkbage	2022-02-23 05:54:00	191	130	61	True	True
23342	sebmarkbage	2022-02-23 05:21:00	jplhomer	2022-01-19 14:50:44	173	143	30	True	True
23342	sebmarkbage	2022-02-23 05:21:00	sebmarkbage	2022-02-23 05:10:22	8	8	0	True	True
23322	acdlite	2022-02-18 02:02:39	acdlite	2022-02-18 01:55:05	54	4	50	True	True
23321	acdlite	2022-02-17 20:15:08	acdlite	2022-02-17 20:12:04	45	42	3	True	True
23320	lunaruan	2022-02-17 19:29:34	lunaruan	2022-02-17 19:28:00	141	90	51	True	True
23319	acdlite	2022-02-17 18:17:04	acdlite	2022-02-17 17:29:43	356	315	41	True	True
23316	gnoff	2022-02-16 23:42:09	gnoff	2022-02-16 23:35:24	624	606	18	True	True
23314	davidmccabe	2022-02-16 22:04:44	davidmccabe	2022-02-16 22:02:01	2	1	1	True	True
23313	lunaruan	2022-02-16 19:31:31	lunaruan	2022-02-18 03:47:06	18	9	9	False	True
23313	lunaruan	2022-02-16 19:31:31	lunaruan	2022-02-10 19:33:48	59	54	5	True	True
23313	lunaruan	2022-02-16 19:31:31	lunaruan	2022-02-24 18:30:50	380	222	158	False	True
23313	lunaruan	2022-02-16 19:31:31	lunaruan	2022-02-18 03:48:05	333	318	15	False	True
23313	lunaruan	2022-02-16 19:31:31	lunaruan	2022-02-16 20:57:54	102	102	0	False	True
23313	lunaruan	2022-02-16 19:31:31	lunaruan	2022-02-10 20:18:44	37	34	3	True	True
23313	lunaruan	2022-02-16 19:31:31	lunaruan	2022-02-10 19:31:16	72	66	6	True	True
23313	lunaruan	2022-02-16 19:31:31	lunaruan	2022-01-25 22:05:38	99	93	6	True	True
23313	lunaruan	2022-02-16 19:31:31	lunaruan	2022-01-10 23:42:53	118	108	10	True	True
23312	acdlite	2022-02-16 19:10:20	acdlite	2022-02-16 17:07:09	129	85	44	True	True
23309	acdlite	2022-02-16 06:03:13	acdlite	2022-02-16 05:57:32	353	241	112	True	True
23304	acdlite	2022-02-15 21:54:05	acdlite	2022-02-15 22:20:23	102	49	53	False	True
23304	acdlite	2022-02-15 21:54:05	acdlite	2022-02-15 21:51:29	227	225	2	True	True
23280	acdlite	2022-02-11 20:03:50	acdlite	2022-02-11 19:14:30	293	145	148	True	True
23279	lunaruan	2022-02-11 18:47:46	lunaruan	2022-02-11 18:46:06	11	11	0	True	True
23278	JoshuaGross	2022-02-11 18:07:19	JoshuaGross	2022-02-11 23:32:34	42	26	16	False	True
23278	JoshuaGross	2022-02-11 18:07:19	JoshuaGross	2022-02-18 01:41:38	88	61	27	False	True
23278	JoshuaGross	2022-02-11 18:07:19	JoshuaGross	2022-02-11 01:36:27	206	191	15	True	True
23278	JoshuaGross	2022-02-11 18:07:19	JoshuaGross	2022-02-12 00:58:21	30	22	8	False	True
23278	JoshuaGross	2022-02-11 18:07:19	JoshuaGross	2022-02-14 22:32:15	50	9	41	False	True
23278	JoshuaGross	2022-02-11 18:07:19	JoshuaGross	2022-02-24 04:54:04	7	6	1	False	True
23278	JoshuaGross	2022-02-11 18:07:19	JoshuaGross	2022-02-24 01:15:35	32	31	1	False	True
23278	JoshuaGross	2022-02-11 18:07:19	JoshuaGross	2022-02-24 08:24:47	22	15	7	False	True
23278	JoshuaGross	2022-02-11 18:07:19	JoshuaGross	2022-02-14 18:12:20	19	13	6	False	True
23278	JoshuaGross	2022-02-11 18:07:19	JoshuaGross	2022-02-24 17:53:50	11	6	5	False	True
23278	JoshuaGross	2022-02-11 18:07:19	JoshuaGross	2022-02-24 18:02:55	8	4	4	False	True
23278	JoshuaGross	2022-02-11 18:07:19	JoshuaGross	2022-02-11 21:55:04	34	21	13	False	True
23278	JoshuaGross	2022-02-11 18:07:19	JoshuaGross	2022-02-24 17:55:17	121	5	116	False	True
23278	JoshuaGross	2022-02-11 18:07:19	JoshuaGross	2022-02-24 03:16:35	4	2	2	False	True
23278	JoshuaGross	2022-02-11 18:07:19	JoshuaGross	2022-02-18 01:44:21	22	3	19	False	True
23278	JoshuaGross	2022-02-11 18:07:19	JoshuaGross	2022-02-24 20:05:34	2	1	1	False	True
23278	JoshuaGross	2022-02-11 18:07:19	JoshuaGross	2022-02-24 19:50:07	2	1	1	False	True
23278	JoshuaGross	2022-02-11 18:07:19	JoshuaGross	2022-02-24 19:44:33	2	1	1	False	True
23278	JoshuaGross	2022-02-11 18:07:19	JoshuaGross	2022-02-25 01:00:21	6	4	2	False	True
23278	JoshuaGross	2022-02-11 18:07:19	JoshuaGross	2022-02-24 19:31:28	14	8	6	False	True
23278	JoshuaGross	2022-02-11 18:07:19	JoshuaGross	2022-02-24 19:28:54	16	9	7	False	True
23278	JoshuaGross	2022-02-11 18:07:19	JoshuaGross	2022-02-24 18:38:53	129	99	30	False	True
23278	JoshuaGross	2022-02-11 18:07:19	JoshuaGross	2022-02-24 18:30:44	111	111	0	False	True
23278	JoshuaGross	2022-02-11 18:07:19	JoshuaGross	2022-02-24 19:37:02	6	3	3	False	True
23278	JoshuaGross	2022-02-11 18:07:19	JoshuaGross	2022-02-24 20:40:33	15	15	0	False	True
23278	JoshuaGross	2022-02-11 18:07:19	JoshuaGross	2022-02-24 19:57:35	7	3	4	False	True
23278	JoshuaGross	2022-02-11 18:07:19	JoshuaGross	2022-02-24 20:45:35	1	0	1	False	True
23277	BasixKOR	2022-02-11 16:35:08	BasixKOR	2022-02-11 17:08:22	12	6	6	False	True
23277	BasixKOR	2022-02-11 16:35:08	BasixKOR	2022-02-11 16:11:31	33	33	0	True	True
23277	BasixKOR	2022-02-11 16:35:08	BasixKOR	2022-02-11 16:37:15	5	3	2	False	True
23277	BasixKOR	2022-02-11 16:35:08	BasixKOR	2022-02-11 15:56:35	18	15	3	True	True
23276	lunaruan	2022-02-11 01:39:43	lunaruan	2022-01-10 22:37:44	137	129	8	True	True
23275	lunaruan	2022-02-11 01:31:29	lunaruan	2022-01-10 21:01:12	145	139	6	True	True
23267	acdlite	2022-02-10 08:02:03	acdlite	2022-02-10 07:49:47	596	414	182	True	True
23264	acdlite	2022-02-09 23:32:33	acdlite	2022-02-09 23:30:21	112	57	55	True	True
23262	acdlite	2022-02-09 20:35:50	acdlite	2022-02-09 20:34:57	11	10	1	True	True
23261	acdlite	2022-02-09 19:51:45	acdlite	2022-02-09 19:48:16	30	15	15	True	True
23258	sebmarkbage	2022-02-09 03:03:55	sebmarkbage	2022-02-09 03:37:28	30	16	14	False	True
23258	sebmarkbage	2022-02-09 03:03:55	sebmarkbage	2022-02-09 03:15:20	0	0	0	False	True
23258	sebmarkbage	2022-02-09 03:03:55	sebmarkbage	2022-02-09 03:16:27	4	2	2	False	True
23258	sebmarkbage	2022-02-09 03:03:55	sebmarkbage	2022-02-09 02:32:03	6	5	1	True	True
23258	sebmarkbage	2022-02-09 03:03:55	sebmarkbage	2022-02-09 02:28:40	10	5	5	True	True
23258	sebmarkbage	2022-02-09 03:03:55	sebmarkbage	2022-02-09 03:00:54	9	9	0	True	True
23258	sebmarkbage	2022-02-09 03:03:55	sebmarkbage	2022-02-09 02:31:44	7	4	3	True	True
23257	sebmarkbage	2022-02-09 01:34:49	sebmarkbage	2022-02-09 01:23:10	4	0	4	True	True
23257	sebmarkbage	2022-02-09 01:34:49	sebmarkbage	2022-02-09 01:27:56	23	0	23	True	True
23257	sebmarkbage	2022-02-09 01:34:49	sebmarkbage	2022-02-09 01:22:47	3	3	0	True	True
23256	acdlite	2022-02-09 00:58:44	acdlite	2022-02-09 00:56:46	29	16	13	True	True
23256	acdlite	2022-02-09 00:58:44	acdlite	2022-02-09 17:05:37	2	0	2	False	True
23255	acdlite	2022-02-09 00:03:53	acdlite	2022-02-09 00:03:02	165	100	65	True	True
23252	sebmarkbage	2022-02-08 20:24:37	sebmarkbage	2022-02-08 22:09:23	13	13	0	False	True
23247	sebmarkbage	2022-02-08 00:53:58	sebmarkbage	2022-02-08 22:11:37	233	137	96	False	True
23244	salazarm	2022-02-07 21:24:18	salazarm	2022-02-17 01:19:31	54	27	27	False	True
23244	salazarm	2022-02-07 21:24:18	salazarm	2022-02-07 21:21:14	25	22	3	True	True
23244	salazarm	2022-02-07 21:24:18	salazarm	2022-02-17 01:15:38	6	3	3	False	True
23244	salazarm	2022-02-07 21:24:18	salazarm	2022-02-17 12:03:49	3	2	1	False	True
23244	salazarm	2022-02-07 21:24:18	salazarm	2022-02-17 01:53:20	4	2	2	False	True
23244	salazarm	2022-02-07 21:24:18	salazarm	2022-02-17 02:13:46	1	1	0	False	True
23244	salazarm	2022-02-07 21:24:18	salazarm	2022-02-07 21:06:48	1359	1145	214	True	True
23244	salazarm	2022-02-07 21:24:18	salazarm	2022-02-17 14:58:46	37	14	23	False	True
23244	salazarm	2022-02-07 21:24:18	salazarm	2022-02-17 01:10:07	312	265	47	False	True
23244	salazarm	2022-02-07 21:24:18	salazarm	2022-02-15 18:53:17	250	237	13	False	True
23244	salazarm	2022-02-07 21:24:18	salazarm	2022-02-14 15:45:31	1000	583	417	False	True
23244	salazarm	2022-02-07 21:24:18	salazarm	2022-02-07 21:31:43	4	0	4	False	True
23244	salazarm	2022-02-07 21:24:18	salazarm	2022-02-17 01:42:02	21	18	3	False	True
23244	salazarm	2022-02-07 21:24:18	salazarm	2022-02-17 16:32:07	26	7	19	False	True
23244	salazarm	2022-02-07 21:24:18	salazarm	2022-03-02 18:41:42	64	14	50	False	True
23244	salazarm	2022-02-07 21:24:18	salazarm	2022-02-24 16:50:57	2	1	1	False	True
23244	salazarm	2022-02-07 21:24:18	salazarm	2022-02-23 02:52:52	7	6	1	False	True
23244	salazarm	2022-02-07 21:24:18	salazarm	2022-03-02 19:28:11	62	41	21	False	True
23244	salazarm	2022-02-07 21:24:18	salazarm	2022-02-24 16:29:24	400	221	179	False	True
23244	salazarm	2022-02-07 21:24:18	salazarm	2022-03-02 19:41:50	1	1	0	False	True
23244	salazarm	2022-02-07 21:24:18	salazarm	2022-03-02 19:45:46	3	1	2	False	True
23244	salazarm	2022-02-07 21:24:18	salazarm	2022-03-02 18:36:19	102	42	60	False	True
23244	salazarm	2022-02-07 21:24:18	salazarm	2022-02-14 15:50:40	4	2	2	False	True
23244	salazarm	2022-02-07 21:24:18	salazarm	2022-02-24 16:37:00	82	44	38	False	True
23244	salazarm	2022-02-07 21:24:18	salazarm	2022-02-07 21:06:48	1360	1146	214	True	True
23244	salazarm	2022-02-07 21:24:18	salazarm	2022-02-23 19:25:27	330	24	306	False	True
23244	salazarm	2022-02-07 21:24:18	salazarm	2022-02-23 02:58:13	2	1	1	False	True
23244	salazarm	2022-02-07 21:24:18	salazarm	2022-03-02 18:34:53	611	198	413	False	True
23244	salazarm	2022-02-07 21:24:18	salazarm	2022-03-02 19:30:28	9	3	6	False	True
23243	sunderls	2022-02-07 20:07:37	sunderls	2022-02-06 21:55:58	16	10	6	True	True
23243	sunderls	2022-02-07 20:07:37	sunderls	2022-02-07 21:50:29	11	5	6	False	True
23242	lunaleaps	2022-02-07 19:35:33	lunaleaps	2022-02-05 02:02:11	8	3	5	True	True
23242	lunaleaps	2022-02-07 19:35:33	lunaleaps	2022-02-04 21:56:09	45	40	5	True	True
23242	lunaleaps	2022-02-07 19:35:33	lunaleaps	2022-02-05 01:00:01	20	19	1	True	True
23242	lunaleaps	2022-02-07 19:35:33	lunaleaps	2022-02-05 01:03:26	2	1	1	True	True
23242	lunaleaps	2022-02-07 19:35:33	lunaleaps	2022-02-07 19:35:02	71	71	0	True	True
23242	lunaleaps	2022-02-07 19:35:33	lunaleaps	2022-02-05 01:06:25	3	2	1	True	True
23242	lunaleaps	2022-02-07 19:35:33	lunaleaps	2022-02-09 00:56:46	140	69	71	False	True
23232	JoshuaGross	2022-02-04 21:16:55	JoshuaGross	2022-02-07 19:08:02	25	4	21	False	True
23232	JoshuaGross	2022-02-04 21:16:55	JoshuaGross	2022-02-07 21:46:04	8	7	1	False	True
23232	JoshuaGross	2022-02-04 21:16:55	JoshuaGross	2022-02-07 19:10:27	1	0	1	False	True
23232	JoshuaGross	2022-02-04 21:16:55	JoshuaGross	2022-02-07 19:48:10	6	4	2	False	True
23232	JoshuaGross	2022-02-04 21:16:55	JoshuaGross	2022-02-03 23:14:09	6	6	0	True	True
23232	JoshuaGross	2022-02-04 21:16:55	JoshuaGross	2022-02-07 19:00:15	2	1	1	False	True
23232	JoshuaGross	2022-02-04 21:16:55	JoshuaGross	2022-02-04 21:08:20	35	34	1	True	True
23232	JoshuaGross	2022-02-04 21:16:55	JoshuaGross	2022-02-08 00:27:27	15	8	7	False	True
23232	JoshuaGross	2022-02-04 21:16:55	JoshuaGross	2022-02-07 19:23:44	17	15	2	False	True
23232	JoshuaGross	2022-02-04 21:16:55	JoshuaGross	2022-02-07 22:48:26	16	8	8	False	True
23232	JoshuaGross	2022-02-04 21:16:55	JoshuaGross	2022-02-08 00:50:14	16	16	0	False	True
23232	JoshuaGross	2022-02-04 21:16:55	JoshuaGross	2022-02-08 00:28:43	7	3	4	False	True
23232	JoshuaGross	2022-02-04 21:16:55	JoshuaGross	2022-02-07 22:43:40	5	5	0	False	True
23232	JoshuaGross	2022-02-04 21:16:55	JoshuaGross	2022-02-08 00:25:23	34	9	25	False	True
23232	JoshuaGross	2022-02-04 21:16:55	JoshuaGross	2022-02-07 23:09:41	2	1	1	False	True
23232	JoshuaGross	2022-02-04 21:16:55	JoshuaGross	2022-02-07 22:40:49	11	11	0	False	True
23232	JoshuaGross	2022-02-04 21:16:55	JoshuaGross	2022-02-07 19:59:45	3	1	2	False	True
23229	lunaruan	2022-02-02 23:40:15	lunaruan	2022-02-17 23:36:28	320	146	174	False	True
23229	lunaruan	2022-02-02 23:40:15	lunaruan	2022-02-02 23:34:11	100	66	34	True	True
23227	acdlite	2022-02-02 19:57:47	acdlite	2022-02-02 19:55:50	36	2	34	True	True
23224	salazarm	2022-02-01 23:08:26	salazarm	2022-02-01 23:09:04	3	2	1	False	True
23224	salazarm	2022-02-01 23:08:26	salazarm	2022-02-01 23:07:16	16	12	4	True	True
