pr_number	author_user_login	pr_created_at	commit_user_login	commit_created_at	commit_status_total	commit_status_additions	commit_status_deletions	create_before_pr	is_review_commit
16963	acdlite	2019-09-30 17:32:19	acdlite	2019-09-30 17:30:08	71	40	31	True	True
16958	trueadm	2019-09-30 14:40:08	trueadm	2019-09-30 14:38:34	191	153	38	True	True
16953	linshunghuang	2019-09-29 19:30:05	linshunghuang	2019-09-29 19:05:32	2	1	1	True	True
16949	KirankumarAmbati	2019-09-28 19:57:11	KirankumarAmbati	2019-09-28 19:54:56	4	2	2	True	True
16943	sebmarkbage	2019-09-28 17:38:17	acdlite	2019-09-28 05:50:14	11	11	0	True	True
16943	sebmarkbage	2019-09-28 17:38:17	sebmarkbage	2019-09-28 17:32:11	9	4	5	True	True
16937	sebmarkbage	2019-09-28 02:31:51	sebmarkbage	2019-10-02 21:46:11	2	1	1	False	True
16937	sebmarkbage	2019-09-28 02:31:51	sebmarkbage	2019-09-28 02:29:46	235	219	16	True	True
16936	necolas	2019-09-28 00:04:54	necolas	2019-09-27 23:54:07	202	143	59	True	True
16935	sebmarkbage	2019-09-27 23:37:43	sebmarkbage	2019-09-26 19:57:55	135	133	2	True	True
16935	sebmarkbage	2019-09-27 23:37:43	sebmarkbage	2019-09-27 23:29:58	125	113	12	True	True
16934	bvaughn	2019-09-27 23:31:49	bvaughn	2019-09-27 23:30:12	21	19	2	True	True
16928	yuanoook	2019-09-27 16:31:21	yuanoook	2019-09-27 15:03:47	4	4	0	True	True
16928	yuanoook	2019-09-27 16:31:21	yuanoook	2019-09-19 15:54:20	126	126	0	True	True
16922	trueadm	2019-09-27 11:18:06	trueadm	2019-09-26 15:15:19	193	177	16	True	True
16915	necolas	2019-09-27 00:57:10	necolas	2019-09-27 00:56:05	17	7	10	True	True
16914	TheSavior	2019-09-26 22:02:59	TheSavior	2019-09-26 21:44:43	9	0	9	True	True
16913	soldovskij	2019-09-26 21:05:46	soldovskij	2019-09-26 20:14:30	7	5	2	True	True
16909	lunaruan	2019-09-26 19:50:15	lunaruan	2019-09-26 21:16:18	1	0	1	False	True
16909	lunaruan	2019-09-26 19:50:15	lunaruan	2019-09-26 19:54:11	32	16	16	False	True
16909	lunaruan	2019-09-26 19:50:15	lunaruan	2019-09-26 19:56:01	2	1	1	False	True
16909	lunaruan	2019-09-26 19:50:15	lunaruan	2019-09-26 19:45:43	29	19	10	True	True
16907	acdlite	2019-09-26 18:39:21	acdlite	2019-09-26 18:37:23	62	57	5	True	True
16903	trueadm	2019-09-26 11:40:00	trueadm	2019-09-26 11:38:29	194	160	34	True	True
16900	linshunghuang	2019-09-26 03:21:44	linshunghuang	2019-09-26 02:58:47	48	17	31	True	True
16898	TheSavior	2019-09-25 22:24:42	TheSavior	2019-09-25 22:16:56	49	32	17	True	True
16898	TheSavior	2019-09-25 22:24:42	TheSavior	2019-09-25 22:33:17	6	3	3	False	True
16898	TheSavior	2019-09-25 22:24:42	TheSavior	2019-09-26 01:03:19	2	1	1	False	True
16897	bvaughn	2019-09-25 20:34:00	bvaughn	2019-09-25 20:31:50	170	160	10	True	True
16897	bvaughn	2019-09-25 20:34:00	bvaughn	2019-09-25 20:34:49	1	1	0	False	True
16895	trueadm	2019-09-25 18:38:40	trueadm	2019-09-25 18:36:39	80	76	4	True	True
16894	trueadm	2019-09-25 14:58:03	trueadm	2019-09-25 16:50:57	31	4	27	False	True
16894	trueadm	2019-09-25 14:58:03	trueadm	2019-09-25 14:57:23	169	161	8	True	True
16893	trueadm	2019-09-25 14:03:42	trueadm	2019-09-25 14:02:11	21	9	12	True	True
16892	trueadm	2019-09-25 12:51:31	trueadm	2019-09-25 12:49:38	82	81	1	True	True
16889	trueadm	2019-09-25 11:57:51	trueadm	2019-09-25 11:55:13	65	62	3	True	True
16883	sebmarkbage	2019-09-25 04:30:51	sebmarkbage	2019-09-25 04:29:02	19	10	9	True	True
16882	sebmarkbage	2019-09-25 03:45:18	sebmarkbage	2019-09-25 03:44:31	55	11	44	True	True
16881	sebmarkbage	2019-09-25 03:23:05	sebmarkbage	2019-09-25 03:22:11	8	5	3	True	True
16880	sebmarkbage	2019-09-25 00:50:41	sebmarkbage	2019-09-25 03:17:23	11	10	1	False	True
16880	sebmarkbage	2019-09-25 00:50:41	sebmarkbage	2019-08-18 03:40:57	7	7	0	True	True
16880	sebmarkbage	2019-09-25 00:50:41	sebmarkbage	2019-09-25 00:34:34	202	186	16	True	True
16879	JoshuaGross	2019-09-24 23:48:11	JoshuaGross	2019-09-25 00:00:09	25	13	12	False	True
16879	JoshuaGross	2019-09-24 23:48:11	JoshuaGross	2019-09-24 23:26:08	29	27	2	True	True
16878	bvaughn	2019-09-24 20:19:40	bvaughn	2019-09-25 16:58:28	121	105	16	False	True
16878	bvaughn	2019-09-24 20:19:40	bvaughn	2019-09-24 20:36:03	2	2	0	False	True
16878	bvaughn	2019-09-24 20:19:40	bvaughn	2019-09-24 20:19:25	287	204	83	True	True
16876	trueadm	2019-09-24 15:54:47	trueadm	2019-09-24 15:53:19	54	37	17	True	True
16875	trueadm	2019-09-24 14:48:32	trueadm	2019-09-24 14:45:53	286	284	2	True	True
16874	trueadm	2019-09-24 13:21:26	trueadm	2019-09-24 13:15:40	353	242	111	True	True
16871	acdlite	2019-09-24 00:12:26	acdlite	2019-09-24 01:35:06	13	5	8	False	True
16871	acdlite	2019-09-24 00:12:26	acdlite	2019-09-24 01:56:10	34	14	20	False	True
16871	acdlite	2019-09-24 00:12:26	acdlite	2019-09-24 00:10:49	143	119	24	True	True
16870	necolas	2019-09-23 22:54:38	necolas	2019-09-23 22:46:37	36	18	18	True	True
16869	bvaughn	2019-09-23 20:02:46	bvaughn	2019-09-23 15:53:53	602	457	145	True	True
16869	bvaughn	2019-09-23 20:02:46	bvaughn	2019-09-24 23:00:57	78	49	29	False	True
16869	bvaughn	2019-09-23 20:02:46	bvaughn	2019-09-25 21:38:52	10	8	2	False	True
16868	trueadm	2019-09-23 18:56:30	trueadm	2019-09-23 18:53:30	46	46	0	True	True
16867	bvaughn	2019-09-23 18:34:35	bvaughn	2019-09-23 18:24:03	8	2	6	True	True
16867	bvaughn	2019-09-23 18:34:35	bvaughn	2019-09-23 18:39:44	40	17	23	False	True
16866	trueadm	2019-09-23 18:26:02	trueadm	2019-09-23 18:23:25	400	220	180	True	True
16865	acdlite	2019-09-23 17:52:06	acdlite	2019-09-23 17:51:18	3	3	0	True	True
16864	bvaughn	2019-09-23 17:02:15	bvaughn	2019-09-23 16:38:52	65	37	28	True	True
16862	trueadm	2019-09-23 14:26:31	trueadm	2019-09-23 14:24:48	37	21	16	True	True
16860	trueadm	2019-09-23 12:14:23	trueadm	2019-09-23 12:13:04	38	19	19	True	True
16844	hristo-kanchev	2019-09-20 16:50:27	hristo-kanchev	2019-09-20 16:45:28	19	13	6	True	True
16842	gaearon	2019-09-20 08:36:03	gaearon	2019-09-20 08:33:07	270	139	131	True	True
16837	necolas	2019-09-19 20:12:13	necolas	2019-09-19 20:10:27	64	33	31	True	True
16834	gaearon	2019-09-19 13:29:16	gaearon	2019-09-19 13:27:27	119	0	119	True	True
16833	trueadm	2019-09-19 12:38:07	trueadm	2019-09-19 12:32:23	265	124	141	True	True
16827	necolas	2019-09-19 01:16:46	necolas	2019-09-19 00:53:52	397	254	143	True	True
16823	gaearon	2019-09-18 15:15:11	gaearon	2019-09-18 15:10:59	53	52	1	True	True
16822	trueadm	2019-09-18 15:11:59	trueadm	2019-09-18 18:43:20	34	34	0	False	True
16822	trueadm	2019-09-18 15:11:59	trueadm	2019-09-18 14:46:33	68	0	68	True	True
16821	rickhanlonii	2019-09-18 13:28:50	rickhanlonii	2019-09-18 12:57:11	53	51	2	True	True
16820	trueadm	2019-09-18 12:12:51	trueadm	2019-09-18 12:08:32	1	0	1	True	True
16811	trueadm	2019-09-17 19:04:07	trueadm	2019-09-17 19:03:34	2	1	1	True	True
16810	bvaughn	2019-09-17 17:44:54	bvaughn	2019-09-17 17:44:05	15	13	2	True	True
16809	acdlite	2019-09-17 17:16:14	acdlite	2019-09-17 17:14:34	28	27	1	True	True
16807	trueadm	2019-09-17 15:00:29	trueadm	2019-09-17 14:56:57	14	8	6	True	True
16806	trueadm	2019-09-17 14:28:58	trueadm	2019-09-17 14:25:37	765	482	283	True	True
16806	trueadm	2019-09-17 14:28:58	trueadm	2019-09-17 16:35:40	22	11	11	False	True
16804	trueadm	2019-09-17 12:09:50	trueadm	2019-09-17 12:11:06	1	1	0	False	True
16804	trueadm	2019-09-17 12:09:50	trueadm	2019-09-17 17:23:37	1037	688	349	False	True
16804	trueadm	2019-09-17 12:09:50	trueadm	2019-09-17 17:32:56	68	57	11	False	True
16804	trueadm	2019-09-17 12:09:50	trueadm	2019-09-17 12:03:31	42	39	3	True	True
16801	acdlite	2019-09-17 01:08:04	acdlite	2019-09-16 20:47:40	76	64	12	True	True
16801	acdlite	2019-09-17 01:08:04	acdlite	2019-09-16 22:55:58	231	116	115	True	True
16801	acdlite	2019-09-17 01:08:04	acdlite	2019-09-16 21:49:06	381	184	197	True	True
16801	acdlite	2019-09-17 01:08:04	acdlite	2019-09-16 20:46:59	41	24	17	True	True
16801	acdlite	2019-09-17 01:08:04	acdlite	2019-09-16 20:13:37	72	41	31	True	True
16801	acdlite	2019-09-17 01:08:04	acdlite	2019-09-16 20:55:13	507	254	253	True	True
16801	acdlite	2019-09-17 01:08:04	acdlite	2019-09-17 00:36:03	34	34	0	True	True
16801	acdlite	2019-09-17 01:08:04	acdlite	2019-09-16 23:33:54	70	39	31	True	True
16800	acdlite	2019-09-17 00:53:30	acdlite	2019-09-17 00:36:03	33	33	0	True	True
16799	Jessidhia	2019-09-16 23:46:17	Jessidhia	2019-09-24 11:44:21	2	2	0	False	True
16799	Jessidhia	2019-09-16 23:46:17	Jessidhia	2019-09-16 08:13:16	49	25	24	True	True
16799	Jessidhia	2019-09-16 23:46:17	Jessidhia	2019-09-16 08:21:52	32	32	0	True	True
16799	Jessidhia	2019-09-16 23:46:17	Jessidhia	2019-09-16 08:16:56	206	206	0	True	True
16798	LetItRock	2019-09-16 22:03:33	bvaughn	2019-09-17 20:11:25	50	16	34	False	True
16798	LetItRock	2019-09-16 22:03:33	LetItRock	2019-09-16 21:07:23	66	61	5	True	True
16798	LetItRock	2019-09-16 22:03:33	bvaughn	2019-09-17 20:10:26	2	1	1	False	True
16795	gaearon	2019-09-16 17:54:16	gaearon	2019-09-16 17:40:42	303	243	60	True	True
16795	gaearon	2019-09-16 17:54:16	gaearon	2019-09-17 14:37:23	10	2	8	False	True
16795	gaearon	2019-09-16 17:54:16	gaearon	2019-09-17 14:39:11	61	11	50	False	True
16794	trueadm	2019-09-16 14:24:33	trueadm	2019-09-16 17:41:46	4	2	2	False	True
16794	trueadm	2019-09-16 14:24:33	trueadm	2019-09-16 17:55:12	442	396	46	False	True
16794	trueadm	2019-09-16 14:24:33	trueadm	2019-09-16 14:20:16	106	56	50	True	True
16784	Zzzen	2019-09-14 15:35:28	Zzzen	2020-04-04 11:09:45	15	1	14	False	True
16784	Zzzen	2019-09-14 15:35:28	Zzzen	2020-04-02 17:36:39	62	62	0	False	True
16782	acdlite	2019-09-13 23:18:29	acdlite	2019-09-13 23:17:45	4	2	2	True	True
16781	acdlite	2019-09-13 22:20:36	acdlite	2019-09-13 20:36:45	111	85	26	True	True
16780	necolas	2019-09-13 21:52:08	necolas	2019-09-13 21:47:33	164	137	27	True	True
16779	necolas	2019-09-13 18:35:15	necolas	2019-09-13 18:32:14	460	237	223	True	True
16777	bvaughn	2019-09-13 16:15:17	bvaughn	2019-09-13 16:11:50	7	0	7	True	True
16776	bvaughn	2019-09-13 15:31:51	bvaughn	2019-09-13 15:38:13	7	5	2	False	True
16776	bvaughn	2019-09-13 15:31:51	bvaughn	2019-09-13 15:35:36	93	91	2	False	True
16772	necolas	2019-09-13 00:19:24	necolas	2019-09-07 00:30:15	3802	2364	1438	True	True
16768	trueadm	2019-09-12 18:58:28	trueadm	2019-09-12 18:56:09	394	202	192	True	True
16767	toshi1127	2019-09-12 18:56:00	toshi1127	2019-09-12 18:53:03	6	2	4	True	True
16766	trueadm	2019-09-12 15:19:15	trueadm	2019-09-12 15:16:30	344	320	24	True	True
16766	trueadm	2019-09-12 15:19:15	trueadm	2019-09-13 10:19:48	1590	497	1093	False	True
16766	trueadm	2019-09-12 15:19:15	trueadm	2019-09-13 10:22:51	36	4	32	False	True
16759	theKashey	2019-09-12 01:51:15	theKashey	2019-09-12 01:46:11	13	12	1	True	True
16758	trueadm	2019-09-12 00:50:43	trueadm	2019-09-12 00:49:01	18	12	6	True	True
16757	acdlite	2019-09-11 20:09:57	acdlite	2019-09-11 20:04:33	3	2	1	True	True
16756	coreyleelarson	2019-09-11 19:41:16	coreyleelarson	2019-09-12 14:18:22	16	9	7	False	True
16756	coreyleelarson	2019-09-11 19:41:16	coreyleelarson	2019-09-11 19:15:35	15	11	4	True	True
16755	necolas	2019-09-11 18:58:50	necolas	2019-09-11 18:30:57	121	91	30	True	True
16752	onionymous	2019-09-11 15:19:10	onionymous	2019-09-11 01:06:23	26	21	5	True	True
16752	onionymous	2019-09-11 15:19:10	onionymous	2019-09-11 00:46:29	12	3	9	True	True
16752	onionymous	2019-09-11 15:19:10	onionymous	2019-09-11 00:34:12	8	4	4	True	True
16752	onionymous	2019-09-11 15:19:10	onionymous	2019-09-11 00:45:27	6	3	3	True	True
16752	onionymous	2019-09-11 15:19:10	onionymous	2019-09-11 15:11:14	24	13	11	True	True
16752	onionymous	2019-09-11 15:19:10	onionymous	2019-09-11 00:22:04	50	28	22	True	True
16752	onionymous	2019-09-11 15:19:10	onionymous	2019-09-11 15:05:27	16	8	8	True	True
16752	onionymous	2019-09-11 15:19:10	bvaughn	2019-09-11 16:30:57	8	3	5	False	True
16751	trueadm	2019-09-11 14:25:20	trueadm	2019-09-11 19:45:37	25	12	13	False	True
16751	trueadm	2019-09-11 14:25:20	trueadm	2019-09-11 14:20:45	380	270	110	True	True
16751	trueadm	2019-09-11 14:25:20	trueadm	2019-09-11 19:38:48	25	13	12	False	True
16750	ascorbic	2019-09-11 11:26:06	ascorbic	2019-09-11 11:17:56	2	1	1	True	True
16748	trueadm	2019-09-11 10:46:24	trueadm	2019-09-11 10:44:35	8	4	4	True	True
16745	sebmarkbage	2019-09-11 02:33:16	sebmarkbage	2019-09-11 02:32:12	5	5	0	True	True
16743	acdlite	2019-09-10 23:15:59	acdlite	2019-09-10 00:08:56	12	0	12	True	True
16743	acdlite	2019-09-10 23:15:59	acdlite	2019-09-10 23:13:23	88	51	37	True	True
16743	acdlite	2019-09-10 23:15:59	acdlite	2019-09-11 00:14:15	70	52	18	False	True
16743	acdlite	2019-09-10 23:15:59	acdlite	2019-09-11 03:01:26	13	7	6	False	True
16743	acdlite	2019-09-10 23:15:59	acdlite	2019-09-10 03:23:35	69	69	0	True	True
16743	acdlite	2019-09-10 23:15:59	acdlite	2019-09-09 17:59:27	315	128	187	True	True
16743	acdlite	2019-09-10 23:15:59	acdlite	2019-09-10 21:27:01	207	159	48	True	True
16743	acdlite	2019-09-10 23:15:59	acdlite	2019-09-10 20:03:05	161	158	3	True	True
16743	acdlite	2019-09-10 23:15:59	acdlite	2019-09-06 03:11:42	316	188	128	True	True
16743	acdlite	2019-09-10 23:15:59	acdlite	2019-09-10 00:04:32	93	87	6	True	True
16743	acdlite	2019-09-10 23:15:59	acdlite	2019-09-05 02:33:36	248	206	42	True	True
16740	bvaughn	2019-09-10 21:03:19	bvaughn	2019-09-10 21:15:11	2	1	1	False	True
16740	bvaughn	2019-09-10 21:03:19	bvaughn	2019-09-10 21:24:24	2	1	1	False	True
16740	bvaughn	2019-09-10 21:03:19	bvaughn	2019-09-10 21:01:54	9	8	1	True	True
16739	sebmarkbage	2019-09-10 21:02:59	sebmarkbage	2019-09-10 21:05:45	6	1	5	False	True
16739	sebmarkbage	2019-09-10 21:02:59	sebmarkbage	2019-09-09 18:34:34	43	39	4	True	True
16738	gaearon	2019-09-10 19:21:39	gaearon	2019-09-10 19:16:58	26	23	3	True	True
16737	sebmarkbage	2019-09-10 18:50:29	sebmarkbage	2019-09-10 18:18:26	23	19	4	True	True
16732	trueadm	2019-09-10 15:31:58	trueadm	2019-09-10 15:28:52	367	356	11	True	True
16732	trueadm	2019-09-10 15:31:58	trueadm	2019-09-10 13:27:42	2920	2641	279	True	True
16732	trueadm	2019-09-10 15:31:58	trueadm	2019-09-10 16:07:17	60	31	29	False	True
16732	trueadm	2019-09-10 15:31:58	trueadm	2019-09-11 10:31:59	99	54	45	False	True
16732	trueadm	2019-09-10 15:31:58	trueadm	2019-09-03 12:08:30	92	92	0	True	True
16730	trueadm	2019-09-10 12:06:56	trueadm	2019-09-10 12:20:05	19	0	19	False	True
16730	trueadm	2019-09-10 12:06:56	trueadm	2019-09-10 17:41:53	6	2	4	False	True
16730	trueadm	2019-09-10 12:06:56	trueadm	2019-09-10 17:48:35	6	1	5	False	True
16730	trueadm	2019-09-10 12:06:56	trueadm	2019-09-10 11:51:29	26	3	23	True	True
16726	NE-SmallTown	2019-09-10 08:27:31	NE-SmallTown	2019-09-10 08:27:20	11	9	2	True	True
16725	sebmarkbage	2019-09-10 07:17:39	sebmarkbage	2019-09-14 00:42:28	127	53	74	False	True
16725	sebmarkbage	2019-09-10 07:17:39	sebmarkbage	2019-09-23 15:38:48	12	6	6	False	True
16725	sebmarkbage	2019-09-10 07:17:39	sebmarkbage	2019-09-23 01:32:09	186	177	9	False	True
16725	sebmarkbage	2019-09-10 07:17:39	sebmarkbage	2019-09-13 17:20:29	43	39	4	False	True
16725	sebmarkbage	2019-09-10 07:17:39	sebmarkbage	2019-09-09 18:34:34	73	56	17	True	True
16725	sebmarkbage	2019-09-10 07:17:39	sebmarkbage	2019-09-10 18:43:24	43	6	37	False	True
16725	sebmarkbage	2019-09-10 07:17:39	sebmarkbage	2019-09-10 06:14:17	281	257	24	True	True
16725	sebmarkbage	2019-09-10 07:17:39	sebmarkbage	2019-09-17 18:50:01	284	282	2	False	True
16725	sebmarkbage	2019-09-10 07:17:39	sebmarkbage	2019-09-07 22:51:13	242	229	13	True	True
16725	sebmarkbage	2019-09-10 07:17:39	sebmarkbage	2019-09-13 21:40:16	222	169	53	False	True
16725	sebmarkbage	2019-09-10 07:17:39	sebmarkbage	2019-09-11 04:28:39	113	42	71	False	True
16725	sebmarkbage	2019-09-10 07:17:39	sebmarkbage	2019-09-10 06:03:18	135	134	1	True	True
16720	danielhusar	2019-09-10 03:58:10	danielhusar	2019-09-10 04:06:30	1	0	1	False	True
16720	danielhusar	2019-09-10 03:58:10	danielhusar	2019-09-10 03:57:03	92	74	18	True	True
16717	necolas	2019-09-09 22:57:52	necolas	2019-09-09 22:52:07	18	16	2	True	True
16716	Daniel15	2019-09-09 22:48:34	Daniel15	2019-09-09 22:47:14	1	0	1	True	True
16715	acdlite	2019-09-09 22:42:11	acdlite	2019-09-10 21:27:01	207	159	48	False	True
16715	acdlite	2019-09-09 22:42:11	acdlite	2019-09-10 00:08:56	12	0	12	False	True
16715	acdlite	2019-09-09 22:42:11	acdlite	2019-09-10 03:23:35	69	69	0	False	True
16715	acdlite	2019-09-09 22:42:11	acdlite	2019-09-10 20:03:05	161	158	3	False	True
16715	acdlite	2019-09-09 22:42:11	acdlite	2019-09-09 17:59:27	315	128	187	True	True
16715	acdlite	2019-09-09 22:42:11	acdlite	2019-09-06 03:11:42	316	188	128	True	True
16715	acdlite	2019-09-09 22:42:11	acdlite	2019-09-10 00:04:32	93	87	6	False	True
16715	acdlite	2019-09-09 22:42:11	acdlite	2019-09-05 02:33:36	248	206	42	True	True
16714	sebmarkbage	2019-09-09 21:32:31	sebmarkbage	2019-09-09 21:31:24	44	31	13	True	True
16713	sebmarkbage	2019-09-09 18:49:51	sebmarkbage	2019-09-09 18:48:40	50	38	12	True	True
16712	Shadowlauch	2019-09-09 16:09:37	Lars Naurath	2019-09-09 16:05:11	34	33	1	True	True
16709	liady	2019-09-09 10:57:04	liady	2019-09-09 10:56:38	4	2	2	True	True
16709	liady	2019-09-09 10:57:04	liady	2019-09-09 11:11:03	6	4	2	False	True
16709	liady	2019-09-09 10:57:04	liady	2019-09-10 13:15:07	2	2	0	False	True
16709	liady	2019-09-09 10:57:04	liady	2019-09-10 14:28:05	8	6	2	False	True
16708	liady	2019-09-09 09:59:21	liady	2019-09-10 19:56:32	20	19	1	False	True
16708	liady	2019-09-09 09:59:21	bvaughn	2019-09-10 20:13:54	2	1	1	False	True
16708	liady	2019-09-09 09:59:21	liady	2019-09-10 19:59:48	2	1	1	False	True
16708	liady	2019-09-09 09:59:21	liady	2019-09-09 09:58:30	2	1	1	True	True
16708	liady	2019-09-09 09:59:21	bvaughn	2019-09-10 20:12:37	2	1	1	False	True
16701	hristo-kanchev	2019-09-07 17:31:22	hristo-kanchev	2019-09-07 17:29:47	1	1	0	True	True
16700	hristo-kanchev	2019-09-07 15:48:53	hristo-kanchev	2019-09-10 08:16:16	1	0	1	False	True
16700	hristo-kanchev	2019-09-07 15:48:53	hristo-kanchev	2019-09-07 15:27:30	96	60	36	True	True
16700	hristo-kanchev	2019-09-07 15:48:53	hristo-kanchev	2019-09-10 09:56:35	11	1	10	False	True
16700	hristo-kanchev	2019-09-07 15:48:53	hristo-kanchev	2019-09-10 07:11:22	45	27	18	False	True
16700	hristo-kanchev	2019-09-07 15:48:53	hristo-kanchev	2019-09-10 07:59:28	51	24	27	False	True
16700	hristo-kanchev	2019-09-07 15:48:53	bvaughn	2019-09-10 20:19:09	398	198	200	False	True
16700	hristo-kanchev	2019-09-07 15:48:53	hristo-kanchev	2019-09-07 15:24:50	95	95	0	True	True
16700	hristo-kanchev	2019-09-07 15:48:53	hristo-kanchev	2019-09-10 09:35:18	4	2	2	False	True
16700	hristo-kanchev	2019-09-07 15:48:53	hristo-kanchev	2019-09-07 15:22:12	27	14	13	True	True
16700	hristo-kanchev	2019-09-07 15:48:53	hristo-kanchev	2019-09-07 15:25:53	72	67	5	True	True
16700	hristo-kanchev	2019-09-07 15:48:53	hristo-kanchev	2019-09-07 15:22:56	1	1	0	True	True
16700	hristo-kanchev	2019-09-07 15:48:53	hristo-kanchev	2019-09-10 07:12:11	2	1	1	False	True
16700	hristo-kanchev	2019-09-07 15:48:53	hristo-kanchev	2019-09-07 15:59:16	5	4	1	False	True
16700	hristo-kanchev	2019-09-07 15:48:53	hristo-kanchev	2019-09-07 17:36:27	20	9	11	False	True
16700	hristo-kanchev	2019-09-07 15:48:53	hristo-kanchev	2019-09-10 08:09:55	49	30	19	False	True
16695	NE-SmallTown	2019-09-07 03:11:16	NE-SmallTown	2019-09-07 03:07:38	3	1	2	True	True
16694	necolas	2019-09-07 00:37:23	necolas	2019-09-06 23:52:15	32	24	8	True	True
16693	necolas	2019-09-07 00:37:02	necolas	2019-09-07 00:30:02	12	7	5	True	True
16689	necolas	2019-09-06 19:55:59	necolas	2019-09-06 19:51:16	174	130	44	True	True
16688	gaearon	2019-09-06 19:20:35	gaearon	2019-09-06 19:18:57	10	5	5	True	True
16687	gaearon	2019-09-06 18:44:36	gaearon	2019-09-06 18:43:21	81	81	0	True	True
16684	gaearon	2019-09-06 15:47:27	gaearon	2019-09-06 15:45:51	4	2	2	True	True
16681	alexrohleder	2019-09-06 09:52:33	alexrohleder	2019-09-06 09:51:05	10	5	5	True	True
16680	NE-SmallTown	2019-09-06 09:22:21	NE-SmallTown	2019-09-06 09:21:43	2	1	1	True	True
16678	acdlite	2019-09-06 03:19:03	acdlite	2019-09-06 03:11:42	316	188	128	True	True
16678	acdlite	2019-09-06 03:19:03	acdlite	2019-09-05 02:33:36	248	206	42	True	True
16673	sebmarkbage	2019-09-05 18:48:00	sebmarkbage	2019-09-05 18:30:54	10	4	6	True	True
16672	gaearon	2019-09-05 18:36:18	gaearon	2019-09-05 18:32:18	54	0	54	True	True
16671	necolas	2019-09-05 18:06:01	necolas	2019-09-05 18:02:38	26	11	15	True	True
16663	acdlite	2019-09-05 02:36:43	acdlite	2019-09-05 02:33:36	248	206	42	True	True
16662	trueadm	2019-09-04 23:09:53	trueadm	2019-09-04 23:07:54	30	17	13	True	True
16662	trueadm	2019-09-04 23:09:53	trueadm	2019-09-04 23:27:06	2	2	0	False	True
16660	trueadm	2019-09-04 18:56:40	trueadm	2019-09-04 18:55:00	79	22	57	True	True
16659	acdlite	2019-09-04 18:29:20	acdlite	2019-09-04 18:24:10	76	48	28	True	True
16658	trueadm	2019-09-04 17:43:46	trueadm	2019-09-04 17:42:00	112	87	25	True	True
16657	trueadm	2019-09-04 15:53:44	trueadm	2019-09-04 15:50:53	129	117	12	True	True
16657	trueadm	2019-09-04 15:53:44	trueadm	2019-09-04 16:01:05	2	0	2	False	True
16657	trueadm	2019-09-04 15:53:44	trueadm	2019-09-04 17:07:47	270	181	89	False	True
16654	trueadm	2019-09-04 13:05:25	trueadm	2019-09-04 13:07:03	208	196	12	False	True
16654	trueadm	2019-09-04 13:05:25	trueadm	2019-09-03 21:28:53	285	184	101	True	True
16647	lunaruan	2019-09-03 20:17:15	lunaruan	2019-09-03 18:32:58	6	2	4	True	True
16644	lunaruan	2019-09-03 18:17:00	lunaruan	2019-08-31 00:31:05	2	1	1	True	True
16644	lunaruan	2019-09-03 18:17:00	lunaruan	2019-08-31 00:27:38	10	5	5	True	True
16644	lunaruan	2019-09-03 18:17:00	lunaruan	2019-08-31 00:31:59	4	2	2	True	True
16644	lunaruan	2019-09-03 18:17:00	lunaruan	2019-08-31 00:29:40	2	1	1	True	True
16644	lunaruan	2019-09-03 18:17:00	lunaruan	2019-08-31 00:21:48	74	74	0	True	True
16644	lunaruan	2019-09-03 18:17:00	lunaruan	2019-08-31 00:24:19	28	14	14	True	True
16644	lunaruan	2019-09-03 18:17:00	lunaruan	2019-09-03 18:05:07	2	1	1	True	True
16642	trueadm	2019-09-03 13:36:26	trueadm	2019-09-03 13:33:49	67	63	4	True	True
16642	trueadm	2019-09-03 13:36:26	trueadm	2019-09-03 21:51:37	138	125	13	False	True
16633	NE-SmallTown	2019-09-02 08:18:41	NE-SmallTown	2019-09-02 08:18:26	2	1	1	True	True
16631	NE-SmallTown	2019-09-01 10:24:34	NE-SmallTown	2019-09-01 10:24:05	10	10	0	True	True
