pr_number	author_user_login	pr_created_at	comment_user_login	comment_created_at	is_review_issue_comment
1614		2014-05-28 05:11:46			False
1611	mathieumg	2014-05-27 15:02:49	vjeux	2014-06-13 00:29:56	True
1611	mathieumg	2014-05-27 15:02:49	syranide	2014-05-27 17:32:09	True
1611	mathieumg	2014-05-27 15:02:49	zpao	2014-05-27 18:05:53	True
1611	mathieumg	2014-05-27 15:02:49	sophiebits	2014-05-27 18:09:39	True
1611	mathieumg	2014-05-27 15:02:49	chenglou	2014-05-27 21:05:35	True
1611	mathieumg	2014-05-27 15:02:49	sebmarkbage	2014-06-12 23:30:24	True
1611	mathieumg	2014-05-27 15:02:49	zpao	2014-05-27 21:13:37	True
1611	mathieumg	2014-05-27 15:02:49	sebmarkbage	2014-06-13 00:52:11	True
1611	mathieumg	2014-05-27 15:02:49	chenglou	2014-06-13 03:19:29	True
1601	gaearon	2014-05-25 22:30:23	yungsters	2014-06-24 02:59:03	True
1601	gaearon	2014-05-25 22:30:23	zpao	2014-08-13 23:38:07	True
1601	gaearon	2014-05-25 22:30:23	zpao	2014-05-28 17:52:37	True
1601	gaearon	2014-05-25 22:30:23	sophiebits	2014-05-25 22:58:11	True
1601	gaearon	2014-05-25 22:30:23	yungsters	2014-06-24 02:59:42	True
1601	gaearon	2014-05-25 22:30:23	zpao	2014-08-13 22:55:28	True
1601	gaearon	2014-05-25 22:30:23	sophiebits	2014-05-25 22:40:35	True
1601	gaearon	2014-05-25 22:30:23	sebmarkbage	2014-08-15 23:35:38	True
1601	gaearon	2014-05-25 22:30:23	leebyron	2014-08-16 01:07:59	True
1601	gaearon	2014-05-25 22:30:23	zpao	2014-06-24 01:56:40	True
1600		2014-05-25 17:07:39			False
1599	syranide	2014-05-25 10:43:01	yungsters	2015-02-04 16:00:13	True
1599	syranide	2014-05-25 10:43:01	mathiasbynens	2014-06-17 06:37:17	True
1599	syranide	2014-05-25 10:43:01	sophiebits	2014-06-17 06:40:13	True
1599	syranide	2014-05-25 10:43:01	mathiasbynens	2014-06-17 06:46:31	True
1599	syranide	2014-05-25 10:43:01	yungsters	2014-06-17 18:00:17	True
1599	syranide	2014-05-25 10:43:01	yungsters	2015-02-03 04:21:04	True
1599	syranide	2014-05-25 10:43:01	zpao	2014-09-29 20:52:00	True
1598	syranide	2014-05-25 09:20:52	zpao	2014-08-13 22:53:48	True
1598	syranide	2014-05-25 09:20:52	sebmarkbage	2014-05-30 18:39:12	True
1598	syranide	2014-05-25 09:20:52	zpao	2014-05-27 21:20:11	True
1590	sophiebits	2014-05-23 03:30:25	syranide	2014-05-23 08:46:13	True
1590	sophiebits	2014-05-23 03:30:25	barnabyc	2014-05-23 13:28:53	True
1568	syranide	2014-05-19 21:21:58	sophiebits	2014-05-19 21:46:51	True
1568	syranide	2014-05-19 21:21:58	sophiebits	2014-05-25 07:10:15	True
1568	syranide	2014-05-19 21:21:58	sophiebits	2014-05-25 08:35:16	True
1564		2014-05-19 18:43:12			False
1560		2014-05-19 07:09:04			False
1558	nhunzaker	2014-05-18 19:30:57	sophiebits	2014-05-18 20:04:09	True
1558	nhunzaker	2014-05-18 19:30:57	sophiebits	2014-05-18 19:59:15	True
1558	nhunzaker	2014-05-18 19:30:57	syranide	2014-05-18 19:58:28	True
1558	nhunzaker	2014-05-18 19:30:57	sophiebits	2014-05-18 19:34:03	True
1557	jonase	2014-05-18 14:00:15	zpao	2014-05-20 04:36:20	True
1557	jonase	2014-05-18 14:00:15	pedroteixeira	2014-06-13 11:30:05	True
1557	jonase	2014-05-18 14:00:15	syranide	2014-06-13 12:28:57	True
1556	joshma	2014-05-18 04:27:58	fisherwebdev	2014-05-24 05:58:10	True
1556	joshma	2014-05-18 04:27:58	fisherwebdev	2014-05-23 06:39:33	True
1556	joshma	2014-05-18 04:27:58	zpao	2014-05-22 20:04:37	True
1556	joshma	2014-05-18 04:27:58	gebrits	2014-05-22 13:19:22	True
1556	joshma	2014-05-18 04:27:58	sophiebits	2014-05-18 04:29:44	True
1554	sophiebits	2014-05-18 03:58:34	sebmarkbage	2014-09-29 23:03:57	True
1554	sophiebits	2014-05-18 03:58:34	syranide	2014-05-21 15:19:27	True
1554	sophiebits	2014-05-18 03:58:34	jordwalke	2014-05-29 17:42:29	True
1554	sophiebits	2014-05-18 03:58:34	jordwalke	2014-05-30 02:02:28	True
1554	sophiebits	2014-05-18 03:58:34	jordwalke	2014-05-30 02:03:01	True
1548	nhunzaker	2014-05-17 15:58:22	zpao	2014-05-27 21:52:23	True
1548	nhunzaker	2014-05-17 15:58:22	zpao	2014-06-18 18:32:51	True
1536	sophiebits	2014-05-15 18:14:06	syranide	2014-05-18 17:35:18	True
1536	sophiebits	2014-05-15 18:14:06	syranide	2014-05-18 12:46:08	True
1536	sophiebits	2014-05-15 18:14:06	yungsters	2014-05-15 18:31:07	True
1526	Meettya	2014-05-14 06:54:47	syranide	2014-05-14 08:02:06	True
1522	danielschonfeld	2014-05-13 16:05:48	sophiebits	2014-06-13 21:53:52	True
1522	danielschonfeld	2014-05-13 16:05:48	sophiebits	2014-06-24 03:06:05	True
1522	danielschonfeld	2014-05-13 16:05:48	zpao	2014-05-13 21:23:25	True
1522	danielschonfeld	2014-05-13 16:05:48	sophiebits	2014-05-13 16:42:38	True
1516	syranide	2014-05-11 18:59:24	sophiebits	2014-05-11 22:06:39	True
1516	syranide	2014-05-11 18:59:24	petehunt	2014-05-12 07:35:10	True
1516	syranide	2014-05-11 18:59:24	chenglou	2014-05-11 19:39:32	True
1513	danielschonfeld	2014-05-11 06:12:18	syranide	2014-05-19 08:36:27	True
1513	danielschonfeld	2014-05-11 06:12:18	sophiebits	2014-05-19 05:01:11	True
1513	danielschonfeld	2014-05-11 06:12:18	syranide	2014-05-18 15:03:04	True
1513	danielschonfeld	2014-05-11 06:12:18	sophiebits	2014-05-14 01:18:49	True
1513	danielschonfeld	2014-05-11 06:12:18	petehunt	2014-05-12 20:42:52	True
1513	danielschonfeld	2014-05-11 06:12:18	syranide	2014-05-12 08:08:48	True
1513	danielschonfeld	2014-05-11 06:12:18	syranide	2014-05-11 08:43:23	True
1513	danielschonfeld	2014-05-11 06:12:18	zpao	2014-05-19 17:32:25	True
1511	syranide	2014-05-10 23:20:48	sophiebits	2014-05-12 03:06:51	True
1511	syranide	2014-05-10 23:20:48	zpao	2014-05-12 18:47:09	True
1511	syranide	2014-05-10 23:20:48	sophiebits	2014-05-12 08:07:07	True
1511	syranide	2014-05-10 23:20:48	zpao	2014-07-24 02:16:00	True
1511	syranide	2014-05-10 23:20:48	sophiebits	2014-07-20 05:54:29	True
1511	syranide	2014-05-10 23:20:48	sophiebits	2014-07-24 02:18:39	True
1510	syranide	2014-05-10 21:45:35	jimfb	2015-10-15 19:44:11	True
1510	syranide	2014-05-10 21:45:35	zpao	2015-01-21 21:51:15	True
1510	syranide	2014-05-10 21:45:35	sebmarkbage	2014-10-07 21:41:18	True
1510	syranide	2014-05-10 21:45:35	sophiebits	2014-09-03 21:40:04	True
1510	syranide	2014-05-10 21:45:35	zpao	2014-09-02 22:33:49	True
1510	syranide	2014-05-10 21:45:35	sophiebits	2015-08-20 00:27:08	True
1510	syranide	2014-05-10 21:45:35	sophiebits	2015-08-28 19:49:48	True
1510	syranide	2014-05-10 21:45:35	sophiebits	2015-10-15 18:52:44	True
1510	syranide	2014-05-10 21:45:35	sophiebits	2015-08-23 18:33:22	True
1510	syranide	2014-05-10 21:45:35	zpao	2015-08-20 00:38:11	True
1510	syranide	2014-05-10 21:45:35	zpao	2015-08-28 19:09:18	True
1491	brianreavis	2014-05-07 07:43:29	syranide	2014-05-07 12:10:02	True
1491	brianreavis	2014-05-07 07:43:29	zpao	2014-05-14 21:50:50	True
1480	volkanunsal	2014-05-04 23:06:52	vjeux	2014-05-04 23:12:26	True
1476	fisherwebdev	2014-05-02 14:21:06	petehunt	2014-05-02 14:42:13	True
1470		2014-05-01 09:36:02			False
