pr_number	author_user_login	pr_created_at	commit_user_login	commit_created_at	commit_status_total	commit_status_additions	commit_status_deletions	create_before_pr	is_review_commit
1614	chenglou	2014-05-28 05:11:46	chenglou	2014-05-28 05:11:00	15	15	0	True	True
1611	mathieumg	2014-05-27 15:02:49	mathieumg	2014-05-27 14:53:26	123	121	2	True	True
1601	gaearon	2014-05-25 22:30:23	gaearon	2014-05-25 22:29:29	51	49	2	True	True
1600	thaggie	2014-05-25 17:07:39	thaggie	2014-05-25 22:37:10	2	1	1	False	True
1600	thaggie	2014-05-25 17:07:39	thaggie	2014-05-25 17:03:09	13	9	4	True	True
1600	thaggie	2014-05-25 17:07:39	thaggie	2014-05-25 22:30:02	4	2	2	False	True
1599	syranide	2014-05-25 10:43:01	syranide	2014-09-18 17:12:57	139	115	24	False	True
1598	syranide	2014-05-25 09:20:52	syranide	2014-05-25 09:19:03	25	16	9	True	True
1590	sophiebits	2014-05-23 03:30:25	sophiebits	2014-05-23 03:29:20	22	21	1	True	True
1568	syranide	2014-05-19 21:21:58	syranide	2015-01-30 20:32:58	14	7	7	False	True
1564	sophiebits	2014-05-19 18:43:12	sophiebits	2014-05-19 18:42:37	4	3	1	True	True
1560	sophiebits	2014-05-19 07:09:04	sophiebits	2014-05-19 07:01:00	118	55	63	True	True
1558	nhunzaker	2014-05-18 19:30:57	nhunzaker	2014-05-18 19:17:36	17	12	5	True	True
1557	jonase	2014-05-18 14:00:15	jonase	2014-05-18 13:56:23	10	10	0	True	True
1556	joshma	2014-05-18 04:27:58	joshma	2014-05-18 05:01:18	119	90	29	False	True
1556	joshma	2014-05-18 04:27:58	joshma	2014-05-18 04:17:08	38	23	15	True	True
1556	joshma	2014-05-18 04:27:58	joshma	2014-05-23 19:34:40	26	13	13	False	True
1556	joshma	2014-05-18 04:27:58	joshma	2014-05-23 19:36:38	5	4	1	False	True
1556	joshma	2014-05-18 04:27:58	joshma	2014-05-23 19:42:03	14	12	2	False	True
1554	sophiebits	2014-05-18 03:58:34	sophiebits	2014-11-06 03:24:11	246	236	10	False	True
1548	nhunzaker	2014-05-17 15:58:22	nhunzaker	2014-05-27 22:01:20	3	2	1	False	True
1548	nhunzaker	2014-05-17 15:58:22	nhunzaker	2014-05-17 18:36:43	1	0	1	False	True
1548	nhunzaker	2014-05-17 15:58:22	nhunzaker	2014-05-17 15:46:17	2	2	0	True	True
1536	sophiebits	2014-05-15 18:14:06	sophiebits	2014-05-15 18:12:04	134	67	67	True	True
1526	Meettya	2014-05-14 06:54:47	Meettya	2014-05-15 06:50:02	3	2	1	False	True
1526	Meettya	2014-05-14 06:54:47	Meettya	2014-05-14 06:33:38	1	1	0	True	True
1522	danielschonfeld	2014-05-13 16:05:48	danielschonfeld	2014-05-13 01:14:24	15	8	7	True	True
1522	danielschonfeld	2014-05-13 16:05:48	danielschonfeld	2014-05-13 05:13:21	4	2	2	True	True
1522	danielschonfeld	2014-05-13 16:05:48	danielschonfeld	2014-05-13 05:18:14	11	5	6	True	True
1522	danielschonfeld	2014-05-13 16:05:48	danielschonfeld	2014-05-13 15:35:38	26	9	17	True	True
1522	danielschonfeld	2014-05-13 16:05:48	danielschonfeld	2014-05-13 05:27:40	98	54	44	True	True
1516	syranide	2014-05-11 18:59:24	syranide	2014-05-11 18:46:16	28	28	0	True	True
1513	danielschonfeld	2014-05-11 06:12:18	danielschonfeld	2014-05-11 03:56:42	51	48	3	True	True
1511	syranide	2014-05-10 23:20:48	syranide	2014-05-10 22:56:52	11	9	2	True	True
1510	syranide	2014-05-10 21:45:35	syranide	2014-05-10 20:16:15	469	278	191	True	True
1491	brianreavis	2014-05-07 07:43:29	brianreavis	2014-05-07 17:02:57	8	4	4	False	True
1491	brianreavis	2014-05-07 07:43:29	brianreavis	2014-05-07 07:37:06	5	4	1	True	True
1491	brianreavis	2014-05-07 07:43:29	brianreavis	2014-05-07 07:41:50	10	5	5	True	True
1491	brianreavis	2014-05-07 07:43:29	brianreavis	2014-05-09 06:25:10	20	12	8	False	True
1480	volkanunsal	2014-05-04 23:06:52	volkanunsal	2014-05-04 23:08:46	2	1	1	False	True
1480	volkanunsal	2014-05-04 23:06:52	volkanunsal	2014-05-04 23:04:51	8	4	4	True	True
1480	volkanunsal	2014-05-04 23:06:52	volkanunsal	2014-05-04 23:15:44	10	1	9	False	True
1480	volkanunsal	2014-05-04 23:06:52	volkanunsal	2014-05-05 16:20:25	4	3	1	False	True
1476	fisherwebdev	2014-05-02 14:21:06	fisherwebdev	2014-05-02 14:17:49	64	59	5	True	True
1470	hendrikswan	2014-05-01 09:36:02	hendrikswan	2014-05-02 19:28:31	4	2	2	False	True
1470	hendrikswan	2014-05-01 09:36:02	hendrikswan	2014-04-30 20:50:20	7	7	0	True	True
