pr_number	author_user_login	pr_created_at	commit_user_login	commit_created_at	commit_status_total	commit_status_additions	commit_status_deletions	create_before_pr	is_review_commit
5758	TimeBandit	2015-12-30 21:08:39	TimeBandit	2015-12-30 21:08:26	2	1	1	True	True
5746	jquense	2015-12-29 17:49:29	jquense	2016-03-08 14:09:55	610	437	173	False	True
5746	jquense	2015-12-29 17:49:29	jquense	2015-12-17 19:54:28	223	170	53	True	True
5746	jquense	2015-12-29 17:49:29	jquense	2015-12-31 16:00:20	171	153	18	False	True
5744	ManasJayanth	2015-12-29 10:12:01	ManasJayanth	2015-12-29 10:10:20	118	115	3	True	True
5735	waldreiter	2015-12-25 18:10:48	waldreiter	2016-01-12 18:07:35	12	7	5	False	True
5731	MatthewHerbst	2015-12-24 03:35:29	MatthewHerbst	2016-04-02 11:28:25	21	19	2	False	True
5729	sophiebits	2015-12-23 23:38:25	sophiebits	2015-12-23 23:34:48	34	33	1	True	True
5724	iamchenxin	2015-12-23 14:19:35	iamchenxin	2015-12-24 05:57:07	1327	1233	94	False	True
5720	edmellum	2015-12-23 02:35:33	edmellum	2015-12-18 16:10:58	6	6	0	True	True
5718	jimfb	2015-12-22 23:28:27	jimfb	2015-12-22 23:27:38	70	70	0	True	True
5714	gaearon	2015-12-22 20:20:13	gaearon	2015-12-25 13:48:13	8	4	4	False	True
5714	gaearon	2015-12-22 20:20:13	gaearon	2015-12-24 17:50:43	126	83	43	False	True
5714	gaearon	2015-12-22 20:20:13	gaearon	2015-12-23 17:34:27	328	291	37	False	True
5714	gaearon	2015-12-22 20:20:13	gaearon	2015-12-25 13:50:10	10	5	5	False	True
5712	dortonway	2015-12-22 17:19:13	dortonway	2015-12-23 00:01:02	2	1	1	False	True
5686	vitorbal	2015-12-17 16:27:50	vitorbal	2015-12-17 16:22:56	11	10	1	True	True
5685	tgandrews	2015-12-17 11:21:16	tgandrews	2015-12-18 11:07:02	2	1	1	False	True
5685	tgandrews	2015-12-17 11:21:16	tgandrews	2015-12-18 10:21:35	14	8	6	False	True
5685	tgandrews	2015-12-17 11:21:16	tgandrews	2015-12-18 11:03:01	9	5	4	False	True
5685	tgandrews	2015-12-17 11:21:16	tgandrews	2015-12-17 11:18:40	52	52	0	True	True
5680	hayesgm	2015-12-16 21:49:31	hayesgm	2015-12-15 09:04:04	329	254	75	True	True
5680	hayesgm	2015-12-16 21:49:31	hayesgm	2016-01-13 09:19:53	122	32	90	False	True
5666	hayesgm	2015-12-15 10:39:08	hayesgm	2015-12-15 09:04:04	76	72	4	True	True
5648	biglovisa	2015-12-11 20:22:40	biglovisa	2015-12-11 20:22:27	6	6	0	True	True
5647	booleanhunter	2015-12-11 19:59:01	booleanhunter	2015-12-11 19:53:27	66	66	0	True	True
5647	booleanhunter	2015-12-11 19:59:01	booleanhunter	2015-12-11 20:08:47	69	69	0	False	True
5633	jgatjens	2015-12-10 04:39:12	jgatjens	2015-12-10 04:38:04	2	1	1	True	True
5623	freddyrangel	2015-12-08 07:15:05	freddyrangel	2015-12-08 07:11:09	6	2	4	True	True
5610	yangshun	2015-12-06 03:40:11	yangshun	2015-12-10 16:48:53	7	6	1	False	True
5609	vitorbal	2015-12-05 18:31:14	vitorbal	2015-12-05 18:29:33	1	1	0	True	True
5605	thekevlau	2015-12-05 00:53:58	thekevlau	2015-12-09 08:33:25	2	1	1	False	True
5605	thekevlau	2015-12-05 00:53:58	thekevlau	2015-12-11 20:05:05	2	1	1	False	True
5605	thekevlau	2015-12-05 00:53:58	thekevlau	2015-12-05 00:51:38	1	1	0	True	True
5602	jimfb	2015-12-04 19:11:54	jimfb	2015-04-09 01:58:15	248	240	8	True	True
5600	zwhitchcox	2015-12-04 15:11:09	zwhitchcox	2015-12-04 15:10:52	7	1	6	True	True
5590	jimfb	2015-12-03 15:16:28	jimfb	2015-12-17 03:13:49	179	105	74	False	True
5590	jimfb	2015-12-03 15:16:28	jimfb	2015-12-03 15:02:55	213	118	95	True	True
5590	jimfb	2015-12-03 15:16:28	jimfb	2015-11-12 21:40:25	53	53	0	True	True
5588	jimfb	2015-12-03 03:22:38	jim	2015-12-03 03:21:55	6	3	3	True	True
5576	sophiebits	2015-12-01 03:33:26	sophiebits	2015-12-01 03:31:31	121	121	0	True	True
