pr_number	author_user_login	pr_created_at	commit_user_login	commit_created_at	commit_status_total	commit_status_additions	commit_status_deletions	create_before_pr	is_review_commit
25162	kassens	2022-08-31 16:59:13	kassens	2022-08-31 18:58:40	2	1	1	False	True
25162	kassens	2022-08-31 16:59:13	kassens	2022-08-31 16:43:27	43	24	19	True	True
25162	kassens	2022-08-31 16:59:13	kassens	2022-09-01 14:05:27	4	2	2	False	True
25162	kassens	2022-08-31 16:59:13	kassens	2022-08-31 19:19:01	2	1	1	False	True
25162	kassens	2022-08-31 16:59:13	kassens	2022-08-31 15:41:14	11	11	0	True	True
25162	kassens	2022-08-31 16:59:13	kassens	2022-09-01 14:06:01	24	19	5	False	True
25155	rbalicki2	2022-08-30 18:11:21	rbalicki2	2022-08-30 18:07:16	3	2	1	True	True
25154	rbalicki2	2022-08-30 17:06:12	rbalicki2	2022-08-30 16:57:56	12	6	6	True	True
25151	sebmarkbage	2022-08-29 20:43:00	sebmarkbage	2022-08-27 22:19:49	10	8	2	True	True
25151	sebmarkbage	2022-08-29 20:43:00	sebmarkbage	2022-08-29 20:23:46	10	8	2	True	True
25147	tyao1	2022-08-26 00:10:06	tyao1	2022-08-25 23:24:19	2	1	1	True	True
25144	rickhanlonii	2022-08-25 18:46:55	rickhanlonii	2022-08-25 18:35:09	449	1	448	True	True
25143	josephsavona	2022-08-25 16:10:01	josephsavona	2022-09-13 20:35:50	28	22	6	False	True
25143	josephsavona	2022-08-25 16:10:01	josephsavona	2022-08-25 15:25:17	369	365	4	True	True
25143	josephsavona	2022-08-25 16:10:01	josephsavona	2022-09-13 21:16:32	4	2	2	False	True
25143	josephsavona	2022-08-25 16:10:01	josephsavona	2022-08-29 22:23:56	6	4	2	False	True
25143	josephsavona	2022-08-25 16:10:01	josephsavona	2022-09-08 23:49:37	209	89	120	False	True
25143	josephsavona	2022-08-25 16:10:01	josephsavona	2022-08-31 23:27:00	26	20	6	False	True
25143	josephsavona	2022-08-25 16:10:01	josephsavona	2022-08-29 22:15:33	2	2	0	False	True
25143	josephsavona	2022-08-25 16:10:01	josephsavona	2022-08-29 20:52:52	197	142	55	False	True
25143	josephsavona	2022-08-25 16:10:01	josephsavona	2022-08-29 21:05:52	54	22	32	False	True
25143	josephsavona	2022-08-25 16:10:01	josephsavona	2022-08-26 14:01:39	77	77	0	False	True
25143	josephsavona	2022-08-25 16:10:01	josephsavona	2022-08-31 23:20:09	112	42	70	False	True
25143	josephsavona	2022-08-25 16:10:01	josephsavona	2022-09-13 21:03:21	94	60	34	False	True
25138	sebmarkbage	2022-08-25 01:58:24	sebmarkbage	2022-08-24 01:57:28	215	202	13	True	True
25137	sebmarkbage	2022-08-25 01:55:40	sebmarkbage	2022-08-25 01:22:48	93	54	39	True	True
25132	sebmarkbage	2022-08-24 02:09:49	sebmarkbage	2022-08-18 14:45:32	156	94	62	True	True
25124	taiga39	2022-08-21 13:08:47	taiga39	2022-08-22 13:12:48	2	1	1	False	True
25123	josephsavona	2022-08-19 19:16:02	josephsavona	2022-08-19 22:35:13	5	0	5	False	True
25123	josephsavona	2022-08-19 19:16:02	acdlite	2022-08-11 19:31:54	149	148	1	True	True
25119	josephsavona	2022-08-19 00:16:51	josephsavona	2022-08-19 00:09:58	25	25	0	True	True
25118	tyao1	2022-08-18 23:22:08	tyao1	2022-08-18 23:11:46	2	2	0	True	True
25111	tyao1	2022-08-18 02:57:03	tyao1	2022-08-18 01:35:04	6	6	0	True	True
25111	tyao1	2022-08-18 02:57:03	tyao1	2022-08-18 01:54:53	2	1	1	True	True
25111	tyao1	2022-08-18 02:57:03	tyao1	2022-08-19 01:40:00	4	4	0	False	True
25107	gnoff	2022-08-17 08:28:08	gnoff	2022-07-29 05:23:41	2080	1917	163	True	True
25107	gnoff	2022-08-17 08:28:08	gnoff	2022-09-09 05:01:25	297	158	139	False	True
25106	tyao1	2022-08-17 00:18:27	tyao1	2022-08-17 18:39:41	1	0	1	False	True
25106	tyao1	2022-08-17 00:18:27	tyao1	2022-08-16 22:59:18	17	12	5	True	True
25105	lunaruan	2022-08-16 20:22:45	lunaruan	2022-09-12 18:59:05	4	2	2	False	True
25105	lunaruan	2022-08-16 20:22:45	lunaruan	2022-09-06 23:01:36	55	40	15	False	True
25105	lunaruan	2022-08-16 20:22:45	lunaruan	2022-09-12 18:56:26	30	28	2	False	True
25105	lunaruan	2022-08-16 20:22:45	lunaruan	2022-08-25 13:34:04	317	301	16	False	True
25104	gnoff	2022-08-16 17:54:34	gnoff	2022-08-16 17:50:27	115	101	14	True	True
25102	gnoff	2022-08-16 11:06:05	gnoff	2022-08-16 11:04:19	39	17	22	True	True
25100	evrenkaraarslan	2022-08-15 20:29:15	evrenkaraarslan	2022-08-15 20:27:23	2	1	1	True	True
25091	sammy-SC	2022-08-12 14:50:55	sammy-SC	2022-08-12 14:50:11	300	59	241	True	True
25085	lunaruan	2022-08-11 23:44:58	lunaruan	2022-08-11 23:49:19	28	24	4	False	True
25085	lunaruan	2022-08-11 23:44:58	lunaruan	2022-08-11 23:43:49	28	24	4	True	True
25084	acdlite	2022-08-11 20:31:39	acdlite	2022-08-14 03:34:20	539	325	214	False	True
25084	acdlite	2022-08-11 20:31:39	acdlite	2022-08-14 05:11:59	385	252	133	False	True
25084	acdlite	2022-08-11 20:31:39	acdlite	2022-08-11 19:31:54	135	135	0	True	True
25084	acdlite	2022-08-11 20:31:39	acdlite	2022-08-11 20:24:13	832	705	127	True	True
25084	acdlite	2022-08-11 20:31:39	acdlite	2022-08-13 19:30:54	64	40	24	False	True
25080	sammy-SC	2022-08-11 10:45:09	sammy-SC	2022-08-11 10:14:56	22	0	22	True	True
25077	rbalicki2	2022-08-10 22:00:04	rbalicki2	2022-08-10 21:47:34	4	2	2	True	True
25074	acdlite	2022-08-10 19:07:21	acdlite	2022-08-09 16:35:12	74	70	4	True	True
25074	acdlite	2022-08-10 19:07:21	acdlite	2022-08-10 18:57:46	106	66	40	True	True
25074	acdlite	2022-08-10 19:07:21	acdlite	2022-08-10 18:49:11	390	338	52	True	True
25074	acdlite	2022-08-10 19:07:21	acdlite	2022-08-10 03:17:59	181	71	110	True	True
25060	gnoff	2022-08-07 20:52:21	gnoff	2022-08-11 16:54:32	204	168	36	False	True
25060	gnoff	2022-08-07 20:52:21	gnoff	2022-08-11 22:13:06	14	12	2	False	True
25060	gnoff	2022-08-07 20:52:21	gnoff	2022-08-12 19:43:50	40	8	32	False	True
25060	gnoff	2022-08-07 20:52:21	gnoff	2022-08-08 20:37:57	368	344	24	False	True
25060	gnoff	2022-08-07 20:52:21	gnoff	2022-08-05 23:33:02	210	197	13	True	True
25060	gnoff	2022-08-07 20:52:21	gnoff	2022-08-09 19:31:30	38	28	10	False	True
25060	gnoff	2022-08-07 20:52:21	gnoff	2022-08-11 22:01:06	77	69	8	False	True
25060	gnoff	2022-08-07 20:52:21	gnoff	2022-08-12 18:33:44	2	1	1	False	True
25060	gnoff	2022-08-07 20:52:21	gnoff	2022-08-12 18:21:47	25	4	21	False	True
25060	gnoff	2022-08-07 20:52:21	gnoff	2022-08-12 18:26:34	1	1	0	False	True
25060	gnoff	2022-08-07 20:52:21	gnoff	2022-08-11 22:37:37	2	1	1	False	True
25060	gnoff	2022-08-07 20:52:21	gnoff	2022-08-11 22:14:13	32	25	7	False	True
25049	sammy-SC	2022-08-05 09:45:22	sammy-SC	2022-08-23 16:12:07	54	10	44	False	True
25049	sammy-SC	2022-08-05 09:45:22	sammy-SC	2022-08-12 09:16:36	92	48	44	False	True
25049	sammy-SC	2022-08-05 09:45:22	sammy-SC	2022-08-12 10:19:42	111	42	69	False	True
25049	sammy-SC	2022-08-05 09:45:22	sammy-SC	2022-08-11 17:07:28	306	118	188	False	True
25049	sammy-SC	2022-08-05 09:45:22	sammy-SC	2022-08-05 09:38:41	481	264	217	True	True
25049	sammy-SC	2022-08-05 09:45:22	sammy-SC	2022-08-23 16:21:40	14	8	6	False	True
25049	sammy-SC	2022-08-05 09:45:22	sammy-SC	2022-08-23 15:50:35	20	12	8	False	True
25049	sammy-SC	2022-08-05 09:45:22	sammy-SC	2022-08-23 16:32:14	20	8	12	False	True
25049	sammy-SC	2022-08-05 09:45:22	sammy-SC	2022-08-15 14:51:10	4	4	0	False	True
25049	sammy-SC	2022-08-05 09:45:22	sammy-SC	2022-08-23 16:06:57	186	42	144	False	True
25049	sammy-SC	2022-08-05 09:45:22	sammy-SC	2022-08-12 10:05:05	3	3	0	False	True
25049	sammy-SC	2022-08-05 09:45:22	sammy-SC	2022-08-11 17:23:52	94	43	51	False	True
25044	acdlite	2022-08-04 20:57:39	acdlite	2022-08-04 20:55:56	177	174	3	True	True
25035	lunaruan	2022-08-03 16:20:36	lunaruan	2022-08-03 16:19:36	72	72	0	True	True
25031	7flash	2022-08-03 08:07:11	7flash	2022-08-03 08:05:50	2	0	2	True	True
25024	sebmarkbage	2022-08-02 01:44:23	sebmarkbage	2022-08-02 01:42:49	114	14	100	True	True
