pr_number	author_user_login	pr_created_at	commit_user_login	commit_created_at	commit_status_total	commit_status_additions	commit_status_deletions	create_before_pr	is_review_commit
1338	chenglou	2014-03-31 18:06:17	chenglou	2014-04-01 02:12:16	35	35	0	False	True
1327	matthewwithanm	2014-03-29 19:55:47	matthewwithanm	2014-03-29 23:00:08	16	8	8	False	True
1327	matthewwithanm	2014-03-29 19:55:47	matthewwithanm	2014-03-29 19:48:44	65	65	0	True	True
1327	matthewwithanm	2014-03-29 19:55:47	matthewwithanm	2014-03-29 19:59:23	6	4	2	False	True
1327	matthewwithanm	2014-03-29 19:55:47	matthewwithanm	2014-03-29 19:46:36	74	73	1	True	True
1317	zpao	2014-03-28 20:31:47	zpao	2014-03-28 20:30:45	58	58	0	True	True
1308	chenglou	2014-03-27 18:02:57	chenglou	2014-03-27 17:54:57	6	4	2	True	True
1305	andreypopp	2014-03-26 20:10:49	andreypopp	2014-03-26 20:09:36	20	20	0	True	True
1301	markijbema	2014-03-25 14:02:15	markijbema	2014-03-25 14:02:12	3	3	0	True	True
1301	markijbema	2014-03-25 14:02:15	markijbema	2014-05-18 09:31:24	2	1	1	False	True
1301	markijbema	2014-03-25 14:02:15	markijbema	2014-05-18 09:29:29	2	1	1	False	True
1294	chenglou	2014-03-24 01:22:06	chenglou	2014-03-24 01:08:10	1305	606	699	True	True
1293	thomasboyt	2014-03-23 23:26:14	thomasboyt	2014-03-23 23:25:05	60	38	22	True	True
1293	thomasboyt	2014-03-23 23:26:14	thomasboyt	2014-03-21 16:09:15	10	9	1	True	True
1293	thomasboyt	2014-03-23 23:26:14	thomasboyt	2014-01-20 23:33:05	37	24	13	True	True
1293	thomasboyt	2014-03-23 23:26:14	thomasboyt	2014-01-20 23:27:40	104	104	0	True	True
1276	marcins	2014-03-20 04:14:36	marcins	2014-03-20 04:11:38	19	19	0	True	True
1264	fforw	2014-03-17 17:06:34	fforw	2014-03-17 16:35:37	23	23	0	True	True
1258	fisherwebdev	2014-03-14 17:46:59	fisherwebdev	2014-03-14 17:37:56	1953	1953	0	True	True
1240	actionnick	2014-03-10 22:59:44	actionnick	2014-03-10 22:50:18	11	7	4	True	True
1240	actionnick	2014-03-10 22:59:44	actionnick	2014-03-11 15:04:09	5	3	2	False	True
1240	actionnick	2014-03-10 22:59:44	actionnick	2014-03-10 23:19:20	17	14	3	False	True
1234	RReverser	2014-03-08 15:25:06	RReverser	2014-03-08 14:33:58	63	20	43	True	True
1234	RReverser	2014-03-08 15:25:06	RReverser	2014-03-11 11:26:36	43	21	22	False	True
1234	RReverser	2014-03-08 15:25:06	RReverser	2014-03-11 13:40:38	126	65	61	False	True
1234	RReverser	2014-03-08 15:25:06	RReverser	2014-03-17 14:53:02	40	20	20	False	True
1231	sophiebits	2014-03-07 09:35:41	sophiebits	2014-03-07 09:33:40	72	59	13	True	True
1209	petehunt	2014-03-03 18:38:03	petehunt	2014-03-03 18:28:42	169	160	9	True	True
1209	petehunt	2014-03-03 18:38:03	petehunt	2014-03-03 18:39:41	2	1	1	False	True
