pr_number	author_user_login	pr_created_at	review_comment_user_login	review_comment_created_at	is_review_review_comment
459	syranide	2013-10-31 20:36:47	jeffmo	2013-10-31 20:58:24	True
459	syranide	2013-10-31 20:36:47	jeffmo	2013-11-05 23:01:39	True
453	petehunt	2013-10-30 02:58:05	jessep	2013-10-30 18:23:29	True
453	petehunt	2013-10-30 02:58:05	jessep	2013-10-30 18:56:06	True
453	petehunt	2013-10-30 02:58:05	jessep	2013-10-30 20:06:51	True
451	subtleGradient	2013-10-29 16:09:58	benjamn	2013-10-29 16:31:49	True
451	subtleGradient	2013-10-29 16:09:58	benjamn	2013-10-29 16:23:02	True
451	subtleGradient	2013-10-29 16:09:58	benjamn	2013-11-06 20:51:37	True
451	subtleGradient	2013-10-29 16:09:58	benjamn	2013-10-29 16:31:35	True
451	subtleGradient	2013-10-29 16:09:58	benjamn	2013-10-31 17:10:57	True
451	subtleGradient	2013-10-29 16:09:58	benjamn	2013-10-29 16:23:22	True
451	subtleGradient	2013-10-29 16:09:58	benjamn	2013-10-29 16:14:27	True
451	subtleGradient	2013-10-29 16:09:58	benjamn	2013-10-29 16:18:28	True
451	subtleGradient	2013-10-29 16:09:58	benjamn	2013-10-29 16:14:52	True
451	subtleGradient	2013-10-29 16:09:58	benjamn	2013-10-29 16:11:20	True
451	subtleGradient	2013-10-29 16:09:58	sophiebits	2013-10-29 16:24:06	True
451	subtleGradient	2013-10-29 16:09:58	benjamn	2013-10-29 16:21:09	True
448	sophiebits	2013-10-27 23:50:31	zpao	2013-10-28 21:33:27	True
440	petehunt	2013-10-22 05:11:12	sophiebits	2013-10-22 06:04:30	True
440	petehunt	2013-10-22 05:11:12	futuredarrell	2013-10-22 22:08:11	True
440	petehunt	2013-10-22 05:11:12	sophiebits	2013-11-04 06:45:19	True
440	petehunt	2013-10-22 05:11:12	sophiebits	2013-11-04 06:55:11	True
440	petehunt	2013-10-22 05:11:12	sophiebits	2013-11-04 06:45:32	True
440	petehunt	2013-10-22 05:11:12	sophiebits	2013-11-04 06:52:18	True
440	petehunt	2013-10-22 05:11:12	sophiebits	2013-11-04 06:51:57	True
434	chenglou	2013-10-17 14:56:31	zpao	2013-10-21 19:26:42	True
434	chenglou	2013-10-17 14:56:31	sophiebits	2013-10-17 19:34:40	True
434	chenglou	2013-10-17 14:56:31	zpao	2013-10-21 19:26:25	True
434	chenglou	2013-10-17 14:56:31	zpao	2013-10-21 18:28:54	True
434	chenglou	2013-10-17 14:56:31	sophiebits	2013-10-21 18:34:35	True
434	chenglou	2013-10-17 14:56:31	zpao	2013-10-21 18:27:12	True
423	andreypopp	2013-10-14 23:41:04	petehunt	2013-10-21 23:20:58	True
423	andreypopp	2013-10-14 23:41:04	zpao	2013-10-28 22:15:11	True
423	andreypopp	2013-10-14 23:41:04	zpao	2013-10-28 18:00:27	True
423	andreypopp	2013-10-14 23:41:04	zpao	2013-10-22 00:40:27	True
423	andreypopp	2013-10-14 23:41:04	zpao	2013-10-22 23:14:14	True
423	andreypopp	2013-10-14 23:41:04	petehunt	2013-10-21 23:20:37	True
423	andreypopp	2013-10-14 23:41:04	zpao	2013-10-28 22:15:15	True
423	andreypopp	2013-10-14 23:41:04	petehunt	2013-10-21 23:32:43	True
422	SanderSpies	2013-10-14 20:55:49	zpao	2013-10-14 21:00:26	True
422	SanderSpies	2013-10-14 20:55:49	zpao	2013-10-14 21:00:35	True
418	SanderSpies	2013-10-10 21:24:18	fabiomcosta	2013-12-27 02:50:39	True
418	SanderSpies	2013-10-10 21:24:18	fabiomcosta	2013-12-27 02:30:22	True
418	SanderSpies	2013-10-10 21:24:18	fabiomcosta	2013-12-27 02:29:55	True
411	vjeux	2013-10-07 06:42:12	zpao	2013-10-07 22:38:25	True
411	vjeux	2013-10-07 06:42:12	petehunt	2013-10-07 16:59:51	True
411	vjeux	2013-10-07 06:42:12	zpao	2013-10-08 18:18:45	True
411	vjeux	2013-10-07 06:42:12	chenglou	2013-10-08 18:20:14	True
411	vjeux	2013-10-07 06:42:12	chenglou	2013-10-08 00:58:34	True
411	vjeux	2013-10-07 06:42:12	futuredarrell	2013-10-22 22:23:51	True
411	vjeux	2013-10-07 06:42:12	petehunt	2013-10-07 17:00:06	True
411	vjeux	2013-10-07 06:42:12	zpao	2013-12-04 18:06:19	True
411	vjeux	2013-10-07 06:42:12	zpao	2013-12-04 17:54:02	True
403	petehunt	2013-10-03 18:39:07	sophiebits	2013-10-04 06:00:05	True
403	petehunt	2013-10-03 18:39:07	zpao	2013-10-09 19:05:50	True
403	petehunt	2013-10-03 18:39:07	sophiebits	2013-10-04 05:59:25	True
402	andreypopp	2013-10-03 16:47:36	petehunt	2013-10-03 21:08:49	True
