pr_number	author_user_login	pr_created_at	commit_user_login	commit_created_at	commit_status_total	commit_status_additions	commit_status_deletions	create_before_pr	is_review_commit
11421	clemmy	2017-10-31 23:26:13	clemmy	2017-10-31 23:22:50	1228	628	600	True	True
11421	clemmy	2017-10-31 23:26:13	clemmy	2017-11-01 00:41:16	9	6	3	False	True
11420	gaearon	2017-10-31 23:22:09	gaearon	2017-10-31 23:43:54	28	14	14	False	True
11420	gaearon	2017-10-31 23:22:09	gaearon	2017-10-31 23:05:48	30	3	27	True	True
11420	gaearon	2017-10-31 23:22:09	gaearon	2017-10-31 23:32:42	2	0	2	False	True
11418	gaearon	2017-10-31 22:31:48	gaearon	2017-10-31 22:31:41	4	3	1	True	True
11404	yu-tian113	2017-10-31 06:37:03	yu-tian113	2017-11-26 12:33:01	15	3	12	False	True
11404	yu-tian113	2017-10-31 06:37:03	yu-tian113	2017-11-07 15:04:51	87	77	10	False	True
11404	yu-tian113	2017-10-31 06:37:03	yu-tian113	2017-11-26 12:38:17	0	0	0	False	True
11402	sebmarkbage	2017-10-30 19:36:15	sebmarkbage	2017-10-30 19:21:27	22	9	13	True	True
11402	sebmarkbage	2017-10-30 19:36:15	sebmarkbage	2017-10-31 01:09:43	48	42	6	False	True
11402	sebmarkbage	2017-10-30 19:36:15	sebmarkbage	2017-10-30 19:28:51	32	21	11	True	True
11395	deanbrophy	2017-10-29 00:18:18	deanbrophy	2017-10-29 00:34:21	31	17	14	False	True
11395	deanbrophy	2017-10-29 00:18:18	deanbrophy	2017-10-28 19:23:38	104	52	52	True	True
11395	deanbrophy	2017-10-29 00:18:18	deanbrophy	2017-10-29 00:38:08	2	1	1	False	True
11395	deanbrophy	2017-10-29 00:18:18	deanbrophy	2017-10-28 19:20:52	160	115	45	True	True
11395	deanbrophy	2017-10-29 00:18:18	deanbrophy	2017-10-29 00:42:51	2	1	1	False	True
11395	deanbrophy	2017-10-29 00:18:18	deanbrophy	2017-11-01 17:47:22	101	41	60	False	True
11395	deanbrophy	2017-10-29 00:18:18	deanbrophy	2017-11-01 19:43:22	10	4	6	False	True
11395	deanbrophy	2017-10-29 00:18:18	deanbrophy	2017-10-29 00:42:28	4	2	2	False	True
11395	deanbrophy	2017-10-29 00:18:18	gaearon	2017-10-31 13:05:01	2	1	1	False	True
11391	4leem	2017-10-28 04:55:58	4leem	2017-10-28 04:52:09	2	1	1	True	True
11390	sebmarkbage	2017-10-27 23:19:42	sebmarkbage	2017-10-27 23:02:18	22	18	4	True	True
11390	sebmarkbage	2017-10-27 23:19:42	sebmarkbage	2017-10-23 07:41:09	235	144	91	True	True
11390	sebmarkbage	2017-10-27 23:19:42	sebmarkbage	2017-10-28 02:44:35	11	8	3	False	True
11390	sebmarkbage	2017-10-27 23:19:42	sebmarkbage	2017-10-27 23:04:10	8	8	0	True	True
11390	sebmarkbage	2017-10-27 23:19:42	sebmarkbage	2017-10-28 01:18:59	5	4	1	False	True
11390	sebmarkbage	2017-10-27 23:19:42	sebmarkbage	2017-10-28 00:20:59	7	2	5	False	True
11390	sebmarkbage	2017-10-27 23:19:42	sebmarkbage	2017-10-28 00:18:26	1	1	0	False	True
11390	sebmarkbage	2017-10-27 23:19:42	sebmarkbage	2017-10-28 02:01:38	7	6	1	False	True
11390	sebmarkbage	2017-10-27 23:19:42	sebmarkbage	2017-10-28 02:10:27	1	1	0	False	True
11390	sebmarkbage	2017-10-27 23:19:42	sebmarkbage	2017-10-26 01:23:41	30	26	4	True	True
11389	gaearon	2017-10-27 17:18:32	gaearon	2017-10-27 17:51:52	20	10	10	False	True
11389	gaearon	2017-10-27 17:18:32	gaearon	2017-10-27 18:14:39	22	13	9	False	True
11389	gaearon	2017-10-27 17:18:32	gaearon	2017-10-27 18:12:49	78	43	35	False	True
11389	gaearon	2017-10-27 17:18:32	gaearon	2017-10-27 18:05:48	33	21	12	False	True
11389	gaearon	2017-10-27 17:18:32	gaearon	2017-10-27 17:12:40	162	128	34	True	True
11389	gaearon	2017-10-27 17:18:32	gaearon	2017-10-27 17:40:49	45	20	25	False	True
11389	gaearon	2017-10-27 17:18:32	gaearon	2017-10-27 17:13:01	467	219	248	True	True
11389	gaearon	2017-10-27 17:18:32	gaearon	2017-10-31 16:57:01	3789	1888	1901	False	True
11389	gaearon	2017-10-27 17:18:32	gaearon	2017-10-27 18:23:47	181	89	92	False	True
11389	gaearon	2017-10-27 17:18:32	gaearon	2017-11-02 19:31:43	36	7	29	False	True
11389	gaearon	2017-10-27 17:18:32	gaearon	2017-10-27 17:12:52	3	3	0	True	True
11389	gaearon	2017-10-27 17:18:32	gaearon	2017-10-31 19:05:40	762	370	392	False	True
11389	gaearon	2017-10-27 17:18:32	gaearon	2017-10-31 19:16:33	125	57	68	False	True
11389	gaearon	2017-10-27 17:18:32	gaearon	2017-10-31 19:48:14	598	252	346	False	True
11389	gaearon	2017-10-27 17:18:32	gaearon	2017-10-31 19:56:34	130	7	123	False	True
11389	gaearon	2017-10-27 17:18:32	gaearon	2017-11-01 15:20:15	59	43	16	False	True
11389	gaearon	2017-10-27 17:18:32	gaearon	2017-11-01 15:38:00	48	16	32	False	True
11389	gaearon	2017-10-27 17:18:32	gaearon	2017-11-01 18:09:49	2	1	1	False	True
11389	gaearon	2017-10-27 17:18:32	gaearon	2017-10-31 17:26:44	395	162	233	False	True
11389	gaearon	2017-10-27 17:18:32	gaearon	2017-11-02 18:52:25	46	46	0	False	True
11389	gaearon	2017-10-27 17:18:32	gaearon	2017-10-31 18:42:22	446	220	226	False	True
11389	gaearon	2017-10-27 17:18:32	gaearon	2017-11-02 19:08:03	10	5	5	False	True
11389	gaearon	2017-10-27 17:18:32	gaearon	2017-10-27 17:59:10	46	30	16	False	True
11388	gaearon	2017-10-27 15:53:08	gaearon	2017-10-27 15:49:38	3	3	0	True	True
11385	arielsilvestri	2017-10-27 13:10:34	Jonathan Silvestri	2017-10-29 15:06:17	0	0	0	False	True
11385	arielsilvestri	2017-10-27 13:10:34	Jonathan Silvestri	2017-10-27 13:08:08	63	33	30	True	True
11385	arielsilvestri	2017-10-27 13:10:34	Jonathan Silvestri	2017-11-01 04:32:34	2007	1645	362	False	True
11385	arielsilvestri	2017-10-27 13:10:34	Jonathan Silvestri	2017-10-29 14:03:28	34	16	18	False	True
11385	arielsilvestri	2017-10-27 13:10:34	gaearon	2017-11-04 18:02:06	58	40	18	False	True
11385	arielsilvestri	2017-10-27 13:10:34	Jonathan Silvestri	2017-11-01 04:42:40	1292	650	642	False	True
11383	GordyD	2017-10-27 04:54:10	GordyD	2017-10-27 04:43:43	45	20	25	True	True
11383	GordyD	2017-10-27 04:54:10	GordyD	2017-10-28 19:03:21	69	43	26	False	True
11383	GordyD	2017-10-27 04:54:10	GordyD	2017-10-27 04:27:06	183	136	47	True	True
11383	GordyD	2017-10-27 04:54:10	GordyD	2017-11-01 06:04:48	13	7	6	False	True
11383	GordyD	2017-10-27 04:54:10	GordyD	2017-10-28 05:42:10	80	24	56	False	True
11383	GordyD	2017-10-27 04:54:10	GordyD	2017-11-19 07:41:47	92	67	25	False	True
11383	GordyD	2017-10-27 04:54:10	GordyD	2017-11-01 05:37:57	53	21	32	False	True
11383	GordyD	2017-10-27 04:54:10	GordyD	2017-11-09 02:34:24	6	5	1	False	True
11383	GordyD	2017-10-27 04:54:10	GordyD	2017-11-01 05:57:51	1	0	1	False	True
11383	GordyD	2017-10-27 04:54:10	GordyD	2017-11-13 04:17:36	69	34	35	False	True
11378	MatteoVH	2017-10-26 19:47:24	MatteoVH	2017-10-26 19:43:34	32	30	2	True	True
11376	acdlite	2017-10-26 16:57:06	acdlite	2017-10-26 16:56:21	287	200	87	True	True
11372	gaearon	2017-10-26 14:05:47	gaearon	2017-10-26 13:31:31	12	1	11	True	True
11372	gaearon	2017-10-26 14:05:47	gaearon	2017-10-26 14:04:19	106	52	54	True	True
11372	gaearon	2017-10-26 14:05:47	gaearon	2017-10-26 13:29:59	476	226	250	True	True
11367	douglasgimli	2017-10-26 13:33:48	gaearon	2017-11-10 16:29:30	10	9	1	False	True
11367	douglasgimli	2017-10-26 13:33:48	gaearon	2017-11-10 16:26:55	58	44	14	False	True
11367	douglasgimli	2017-10-26 13:33:48	gaearon	2017-11-10 16:36:09	95	38	57	False	True
11367	douglasgimli	2017-10-26 13:33:48	douglasgimli	2017-11-04 19:27:53	31	12	19	False	True
11367	douglasgimli	2017-10-26 13:33:48	gaearon	2017-11-10 16:28:26	19	16	3	False	True
11367	douglasgimli	2017-10-26 13:33:48	gaearon	2017-11-10 16:18:59	29	22	7	False	True
11367	douglasgimli	2017-10-26 13:33:48	douglasgimli	2017-10-24 00:48:15	125	88	37	True	True
11367	douglasgimli	2017-10-26 13:33:48	douglasgimli	2017-10-26 13:31:59	2	1	1	True	True
11367	douglasgimli	2017-10-26 13:33:48	douglasgimli	2017-10-26 22:54:07	23	9	14	False	True
11367	douglasgimli	2017-10-26 13:33:48	douglasgimli	2017-10-26 13:28:38	87	37	50	True	True
11367	douglasgimli	2017-10-26 13:33:48	douglasgimli	2017-10-25 19:41:19	111	65	46	True	True
11365	smaniotto	2017-10-25 22:44:03	gaearon	2017-11-10 15:41:14	1247	674	573	False	True
11365	smaniotto	2017-10-25 22:44:03	smaniotto	2017-10-31 21:28:55	7	3	4	False	True
11365	smaniotto	2017-10-25 22:44:03	gaearon	2017-11-10 15:37:33	81	59	22	False	True
11365	smaniotto	2017-10-25 22:44:03	gaearon	2017-11-10 15:39:02	27	27	0	False	True
11365	smaniotto	2017-10-25 22:44:03	gaearon	2017-11-10 12:49:07	33	12	21	False	True
11365	smaniotto	2017-10-25 22:44:03	smaniotto	2017-10-25 22:08:11	140	115	25	True	True
11365	smaniotto	2017-10-25 22:44:03	gaearon	2017-11-10 12:07:27	19	8	11	False	True
11365	smaniotto	2017-10-25 22:44:03	gaearon	2017-11-10 15:47:07	8	6	2	False	True
11364	gaearon	2017-10-25 19:13:44	gaearon	2017-10-25 19:11:58	630	341	289	True	True
11362	bvaughn	2017-10-25 17:43:10	bvaughn	2017-10-25 17:34:06	77	70	7	True	True
11362	bvaughn	2017-10-25 17:43:10	bvaughn	2017-10-25 17:34:22	4	2	2	True	True
11361	gaearon	2017-10-25 14:51:13	gaearon	2017-10-25 16:02:25	5	3	2	False	True
11361	gaearon	2017-10-25 14:51:13	gaearon	2017-10-25 16:29:36	5	2	3	False	True
11361	gaearon	2017-10-25 14:51:13	gaearon	2017-10-25 15:08:08	0	0	0	False	True
11361	gaearon	2017-10-25 14:51:13	gaearon	2017-10-25 14:49:49	21	18	3	True	True
11361	gaearon	2017-10-25 14:51:13	gaearon	2017-10-25 14:53:44	2	0	2	False	True
11360	gaearon	2017-10-25 14:31:08	gaearon	2017-10-25 14:29:06	73	11	62	True	True
11359	gaearon	2017-10-25 14:00:54	gaearon	2017-10-25 17:57:09	176	88	88	False	True
11359	gaearon	2017-10-25 14:00:54	gaearon	2017-10-25 17:53:16	809	397	412	False	True
11356	bvaughn	2017-10-24 21:34:29	bvaughn	2017-10-24 21:26:13	8	8	0	True	True
11356	bvaughn	2017-10-24 21:34:29	bvaughn	2017-10-25 01:51:40	5	3	2	False	True
11356	bvaughn	2017-10-24 21:34:29	bvaughn	2017-10-24 22:47:07	0	0	0	False	True
11355	gaearon	2017-10-24 19:10:33	gaearon	2017-10-24 19:10:09	4	2	2	True	True
11350	gaearon	2017-10-24 14:47:59	gaearon	2017-10-24 14:43:56	33	16	17	True	True
11349	gaearon	2017-10-24 14:15:10	gaearon	2017-10-24 14:13:37	90	45	45	True	True
11346	acdlite	2017-10-24 03:46:00	acdlite	2017-10-27 05:28:24	394	188	206	False	True
11346	acdlite	2017-10-24 03:46:00	acdlite	2017-10-24 01:22:33	119	67	52	True	True
11346	acdlite	2017-10-24 03:46:00	acdlite	2017-10-20 23:58:30	71	55	16	True	True
11346	acdlite	2017-10-24 03:46:00	acdlite	2017-10-24 02:38:59	217	197	20	True	True
11346	acdlite	2017-10-24 03:46:00	acdlite	2017-10-24 01:24:30	185	170	15	True	True
11343	gaearon	2017-10-23 16:10:41	gaearon	2017-10-23 16:21:08	2	1	1	False	True
11343	gaearon	2017-10-23 16:10:41	gaearon	2017-10-23 16:08:56	2	1	1	True	True
11343	gaearon	2017-10-23 16:10:41	gaearon	2017-10-23 15:27:42	74	19	55	True	True
11341	gaearon	2017-10-23 15:13:14	gaearon	2017-10-23 15:12:40	2	1	1	True	True
11341	gaearon	2017-10-23 15:13:14	gaearon	2017-10-23 15:58:45	1	1	0	False	True
11337	AudyOdi	2017-10-23 09:55:27	AudyOdi	2017-10-30 11:53:20	42	17	25	False	True
11337	AudyOdi	2017-10-23 09:55:27	AudyOdi	2017-10-23 09:47:04	2	1	1	True	True
11337	AudyOdi	2017-10-23 09:55:27	AudyOdi	2017-11-09 12:38:51	50	16	34	False	True
11337	AudyOdi	2017-10-23 09:55:27	AudyOdi	2017-10-20 16:58:48	37	28	9	True	True
11337	AudyOdi	2017-10-23 09:55:27	AudyOdi	2017-10-31 15:38:25	40	22	18	False	True
11337	AudyOdi	2017-10-23 09:55:27	AudyOdi	2017-10-26 03:10:25	60	35	25	False	True
11337	AudyOdi	2017-10-23 09:55:27	gaearon	2017-11-10 12:01:40	31	0	31	False	True
11333	Ethan-Arrowood	2017-10-23 04:38:47	gaearon	2017-11-24 22:07:17	4	0	4	False	True
11333	Ethan-Arrowood	2017-10-23 04:38:47	Ethan-Arrowood	2017-11-24 18:47:07	33	23	10	False	True
11333	Ethan-Arrowood	2017-10-23 04:38:47	gaearon	2017-11-24 22:04:41	0	0	0	False	True
11333	Ethan-Arrowood	2017-10-23 04:38:47	Ethan-Arrowood	2017-10-23 04:37:06	11	3	8	True	True
11333	Ethan-Arrowood	2017-10-23 04:38:47	Ethan-Arrowood	2017-11-24 19:03:06	1	0	1	False	True
11333	Ethan-Arrowood	2017-10-23 04:38:47	gaearon	2017-11-24 22:00:21	141	82	59	False	True
11333	Ethan-Arrowood	2017-10-23 04:38:47	Ethan-Arrowood	2017-10-25 05:59:31	5	0	5	False	True
11333	Ethan-Arrowood	2017-10-23 04:38:47	Ethan-Arrowood	2017-11-12 21:33:29	89	59	30	False	True
11333	Ethan-Arrowood	2017-10-23 04:38:47	Ethan-Arrowood	2017-11-24 06:43:02	212	103	109	False	True
11333	Ethan-Arrowood	2017-10-23 04:38:47	Ethan-Arrowood	2017-10-23 04:33:00	60	27	33	True	True
11332	dleitee	2017-10-23 02:52:33	dleitee	2017-10-26 23:05:16	2	2	0	False	True
11332	dleitee	2017-10-23 02:52:33	dleitee	2017-10-26 22:05:58	20	8	12	False	True
11332	dleitee	2017-10-23 02:52:33	dleitee	2017-10-26 23:06:50	2	2	0	False	True
11332	dleitee	2017-10-23 02:52:33	dleitee	2017-10-23 16:22:28	128	93	35	False	True
11332	dleitee	2017-10-23 02:52:33	dleitee	2017-10-26 22:01:45	14	7	7	False	True
11332	dleitee	2017-10-23 02:52:33	dleitee	2017-10-26 22:45:06	8	4	4	False	True
11332	dleitee	2017-10-23 02:52:33	dleitee	2017-10-23 16:37:58	2	1	1	False	True
11331	jeremenichelli	2017-10-22 23:21:16	gaearon	2017-11-23 22:28:44	4	2	2	False	True
11331	jeremenichelli	2017-10-22 23:21:16	gaearon	2017-11-23 22:06:53	29	10	19	False	True
11331	jeremenichelli	2017-10-22 23:21:16	gaearon	2017-11-23 22:05:18	28	9	19	False	True
11331	jeremenichelli	2017-10-22 23:21:16	jeremenichelli	2017-11-08 04:20:50	7	2	5	False	True
11331	jeremenichelli	2017-10-22 23:21:16	jeremenichelli	2017-11-10 18:13:15	11	3	8	False	True
11331	jeremenichelli	2017-10-22 23:21:16	jeremenichelli	2017-11-08 03:59:57	165	62	103	False	True
11331	jeremenichelli	2017-10-22 23:21:16	jeremenichelli	2017-11-10 18:22:01	2	1	1	False	True
11331	jeremenichelli	2017-10-22 23:21:16	gaearon	2017-11-23 22:15:26	74	17	57	False	True
11331	jeremenichelli	2017-10-22 23:21:16	jeremenichelli	2017-11-20 22:23:51	149	137	12	False	True
11331	jeremenichelli	2017-10-22 23:21:16	jeremenichelli	2017-11-20 22:46:37	11	7	4	False	True
11327	enapupe	2017-10-22 20:51:45	gaearon	2017-11-03 19:33:39	71	39	32	False	True
11327	enapupe	2017-10-22 20:51:45	gaearon	2017-11-03 20:41:14	22	13	9	False	True
11327	enapupe	2017-10-22 20:51:45	gaearon	2017-11-03 20:42:43	1	1	0	False	True
11327	enapupe	2017-10-22 20:51:45	enapupe	2017-10-22 20:43:17	261	124	137	True	True
11327	enapupe	2017-10-22 20:51:45	gaearon	2017-11-03 20:29:47	55	28	27	False	True
11325	flaviolivolsi	2017-10-22 17:16:29	flaviolivolsi	2017-10-22 17:14:59	33	33	0	True	True
11317	mwilc0x	2017-10-22 00:51:18	mwilc0x	2017-11-04 15:55:52	193	170	23	False	True
11317	mwilc0x	2017-10-22 00:51:18	gaearon	2017-11-04 17:09:51	2	1	1	False	True
11317	mwilc0x	2017-10-22 00:51:18	gaearon	2017-11-04 17:06:59	114	30	84	False	True
11317	mwilc0x	2017-10-22 00:51:18	mwilc0x	2017-11-04 15:53:31	76	39	37	False	True
11316	accordeiro	2017-10-21 22:47:11	accordeiro	2017-10-21 22:30:21	23	3	20	True	True
11316	accordeiro	2017-10-21 22:47:11	accordeiro	2017-10-31 20:49:27	2092	1727	365	False	True
11316	accordeiro	2017-10-21 22:47:11	gaearon	2017-11-03 19:17:09	32	27	5	False	True
11316	accordeiro	2017-10-21 22:47:11	accordeiro	2017-10-31 22:51:17	18	10	8	False	True
11316	accordeiro	2017-10-21 22:47:11	accordeiro	2017-10-26 22:21:11	24	15	9	False	True
11316	accordeiro	2017-10-21 22:47:11	accordeiro	2017-10-22 21:22:41	25	16	9	False	True
11309	SadPandaBear	2017-10-20 23:35:11	SadPandaBear	2017-10-20 21:36:28	4	2	2	True	True
11309	SadPandaBear	2017-10-20 23:35:11	SadPandaBear	2017-10-20 23:00:00	3	1	2	True	True
11309	SadPandaBear	2017-10-20 23:35:11	SadPandaBear	2017-10-20 22:46:31	4	2	2	True	True
11309	SadPandaBear	2017-10-20 23:35:11	SadPandaBear	2017-10-20 22:44:45	4	3	1	True	True
11309	SadPandaBear	2017-10-20 23:35:11	SadPandaBear	2017-10-20 22:22:16	8	2	6	True	True
11309	SadPandaBear	2017-10-20 23:35:11	SadPandaBear	2017-10-21 13:59:55	13	8	5	False	True
11309	SadPandaBear	2017-10-20 23:35:11	SadPandaBear	2017-10-20 22:32:21	14	2	12	True	True
11309	SadPandaBear	2017-10-20 23:35:11	SadPandaBear	2017-10-20 21:27:43	12	2	10	True	True
11309	SadPandaBear	2017-10-20 23:35:11	SadPandaBear	2017-10-20 19:12:32	12	4	8	True	True
11309	SadPandaBear	2017-10-20 23:35:11	SadPandaBear	2017-10-20 18:26:23	37	25	12	True	True
11309	SadPandaBear	2017-10-20 23:35:11	SadPandaBear	2017-10-20 23:16:12	2	1	1	True	True
11309	SadPandaBear	2017-10-20 23:35:11	SadPandaBear	2017-10-20 23:09:53	1	1	0	True	True
11309	SadPandaBear	2017-10-20 23:35:11	SadPandaBear	2017-10-23 03:19:05	4	1	3	False	True
11309	SadPandaBear	2017-10-20 23:35:11	SadPandaBear	2017-10-21 13:12:18	11	7	4	False	True
11309	SadPandaBear	2017-10-20 23:35:11	SadPandaBear	2017-10-20 23:04:42	6	1	5	True	True
11309	SadPandaBear	2017-10-20 23:35:11	SadPandaBear	2017-10-23 01:19:28	42	23	19	False	True
11309	SadPandaBear	2017-10-20 23:35:11	SadPandaBear	2017-10-23 01:47:05	2	1	1	False	True
11309	SadPandaBear	2017-10-20 23:35:11	SadPandaBear	2017-10-23 01:20:43	2	1	1	False	True
11309	SadPandaBear	2017-10-20 23:35:11	SadPandaBear	2017-10-20 22:57:25	4	2	2	True	True
11309	SadPandaBear	2017-10-20 23:35:11	SadPandaBear	2017-10-23 01:32:53	3	2	1	False	True
11309	SadPandaBear	2017-10-20 23:35:11	gaearon	2017-10-26 17:37:43	1757	981	776	False	True
11309	SadPandaBear	2017-10-20 23:35:11	SadPandaBear	2017-10-23 02:13:40	17	8	9	False	True
11309	SadPandaBear	2017-10-20 23:35:11	SadPandaBear	2017-10-23 16:45:55	1	0	1	False	True
11309	SadPandaBear	2017-10-20 23:35:11	SadPandaBear	2017-10-25 19:16:02	2	1	1	False	True
11309	SadPandaBear	2017-10-20 23:35:11	SadPandaBear	2017-10-25 20:23:50	5	2	3	False	True
11309	SadPandaBear	2017-10-20 23:35:11	gaearon	2017-10-26 18:11:19	7	7	0	False	True
11309	SadPandaBear	2017-10-20 23:35:11	SadPandaBear	2017-10-20 22:54:35	19	2	17	True	True
11308	NicBonetto	2017-10-20 22:28:54	NicBonetto	2017-10-28 02:20:47	31	17	14	False	True
11308	NicBonetto	2017-10-20 22:28:54	NicBonetto	2017-10-26 19:50:55	38	20	18	False	True
11308	NicBonetto	2017-10-20 22:28:54	NicBonetto	2017-10-26 22:59:48	9	6	3	False	True
11308	NicBonetto	2017-10-20 22:28:54	NicBonetto	2017-10-28 02:50:34	8	4	4	False	True
11308	NicBonetto	2017-10-20 22:28:54	NicBonetto	2017-10-24 22:50:22	2	1	1	False	True
11308	NicBonetto	2017-10-20 22:28:54	NicBonetto	2017-10-20 22:27:12	10	5	5	True	True
11308	NicBonetto	2017-10-20 22:28:54	NicBonetto	2017-10-20 22:56:19	12	6	6	False	True
11308	NicBonetto	2017-10-20 22:28:54	NicBonetto	2017-10-24 22:42:37	45	24	21	False	True
11308	NicBonetto	2017-10-20 22:28:54	NicBonetto	2017-10-20 22:44:28	5	3	2	False	True
11308	NicBonetto	2017-10-20 22:28:54	gaearon	2017-10-31 12:58:26	45	38	7	False	True
11308	NicBonetto	2017-10-20 22:28:54	NicBonetto	2017-10-29 03:11:19	2	1	1	False	True
11308	NicBonetto	2017-10-20 22:28:54	NicBonetto	2017-10-29 02:14:13	2	1	1	False	True
11308	NicBonetto	2017-10-20 22:28:54	gaearon	2017-10-31 12:45:19	24	12	12	False	True
11308	NicBonetto	2017-10-20 22:28:54	gaearon	2017-10-31 12:50:04	14	7	7	False	True
11308	NicBonetto	2017-10-20 22:28:54	NicBonetto	2017-10-29 22:09:39	57	26	31	False	True
11308	NicBonetto	2017-10-20 22:28:54	NicBonetto	2017-10-29 22:40:56	6	3	3	False	True
11308	NicBonetto	2017-10-20 22:28:54	gaearon	2017-10-31 13:01:50	258	121	137	False	True
11308	NicBonetto	2017-10-20 22:28:54	NicBonetto	2017-10-20 22:23:06	22	16	6	True	True
11308	NicBonetto	2017-10-20 22:28:54	NicBonetto	2017-10-29 01:31:08	52	36	16	False	True
11308	NicBonetto	2017-10-20 22:28:54	gaearon	2017-10-31 12:54:37	4	2	2	False	True
11308	NicBonetto	2017-10-20 22:28:54	gaearon	2017-10-31 13:01:04	1	1	0	False	True
11308	NicBonetto	2017-10-20 22:28:54	NicBonetto	2017-10-29 01:34:53	2	1	1	False	True
11307	acdlite	2017-10-20 22:19:35	acdlite	2017-10-21 00:05:03	138	66	72	False	True
11307	acdlite	2017-10-20 22:19:35	acdlite	2017-10-20 22:13:03	74	43	31	True	True
11307	acdlite	2017-10-20 22:19:35	acdlite	2017-10-21 02:19:59	88	55	33	False	True
11304	gaearon	2017-10-20 18:59:51	gaearon	2017-10-20 19:04:11	1	1	0	False	True
11304	gaearon	2017-10-20 18:59:51	gaearon	2017-10-20 19:08:21	3	3	0	False	True
11304	gaearon	2017-10-20 18:59:51	gaearon	2017-10-20 18:56:12	11	9	2	True	True
11303	gaearon	2017-10-20 18:35:20	gaearon	2017-10-20 12:00:16	7	4	3	True	True
11303	gaearon	2017-10-20 18:35:20	gaearon	2017-10-20 20:19:51	180	95	85	False	True
11303	gaearon	2017-10-20 18:35:20	gaearon	2017-10-20 18:09:20	76	57	19	True	True
11303	gaearon	2017-10-20 18:35:20	gaearon	2017-10-20 11:57:27	2	1	1	True	True
11303	gaearon	2017-10-20 18:35:20	gaearon	2017-10-24 10:56:43	174	104	70	False	True
11303	gaearon	2017-10-20 18:35:20	gaearon	2017-10-20 17:39:28	144	76	68	True	True
11303	gaearon	2017-10-20 18:35:20	gaearon	2017-10-20 18:22:39	24	12	12	True	True
11303	gaearon	2017-10-20 18:35:20	gaearon	2017-10-20 23:23:47	958	217	741	False	True
11303	gaearon	2017-10-20 18:35:20	gaearon	2017-10-24 11:35:41	95	44	51	False	True
11303	gaearon	2017-10-20 18:35:20	gaearon	2017-10-20 19:29:12	317	155	162	False	True
11303	gaearon	2017-10-20 18:35:20	gaearon	2017-10-20 11:56:58	36	18	18	True	True
11303	gaearon	2017-10-20 18:35:20	gaearon	2017-10-24 23:51:23	4	2	2	False	True
11303	gaearon	2017-10-20 18:35:20	gaearon	2017-10-24 12:02:09	18	8	10	False	True
11303	gaearon	2017-10-20 18:35:20	gaearon	2017-10-24 21:22:06	158	79	79	False	True
11303	gaearon	2017-10-20 18:35:20	gaearon	2017-10-24 12:29:35	67	37	30	False	True
11303	gaearon	2017-10-20 18:35:20	gaearon	2017-10-20 18:06:48	118	59	59	True	True
11303	gaearon	2017-10-20 18:35:20	gaearon	2017-10-24 11:58:50	122	65	57	False	True
11303	gaearon	2017-10-20 18:35:20	gaearon	2017-10-24 23:18:50	41	26	15	False	True
11303	gaearon	2017-10-20 18:35:20	gaearon	2017-10-24 23:13:28	18	9	9	False	True
11303	gaearon	2017-10-20 18:35:20	gaearon	2017-10-24 21:24:58	4	2	2	False	True
11303	gaearon	2017-10-20 18:35:20	gaearon	2017-10-24 23:40:28	3	2	1	False	True
11303	gaearon	2017-10-20 18:35:20	gaearon	2017-10-24 21:14:14	20	19	1	False	True
11303	gaearon	2017-10-20 18:35:20	gaearon	2017-10-24 13:01:15	2	1	1	False	True
11303	gaearon	2017-10-20 18:35:20	gaearon	2017-10-24 18:03:25	5	1	4	False	True
11303	gaearon	2017-10-20 18:35:20	gaearon	2017-10-24 18:14:41	17	2	15	False	True
11303	gaearon	2017-10-20 18:35:20	gaearon	2017-10-24 18:10:58	4	2	2	False	True
11303	gaearon	2017-10-20 18:35:20	gaearon	2017-10-24 18:22:34	2	1	1	False	True
11302	bvaughn	2017-10-20 18:07:44	bvaughn	2017-10-20 18:06:59	28	14	14	True	True
11301	bvaughn	2017-10-20 17:47:33	bvaughn	2017-10-20 17:46:02	6	0	6	True	True
11298	gaearon	2017-10-20 12:38:27	gaearon	2017-10-20 12:21:13	0	0	0	True	True
11298	gaearon	2017-10-20 12:38:27	gaearon	2017-10-20 12:34:31	34	28	6	True	True
11298	gaearon	2017-10-20 12:38:27	gaearon	2017-10-20 12:25:26	0	0	0	True	True
11298	gaearon	2017-10-20 12:38:27	gaearon	2017-10-20 12:19:53	0	0	0	True	True
11297	gaearon	2017-10-20 11:46:35	gaearon	2017-10-20 11:42:23	9	4	5	True	True
11297	gaearon	2017-10-20 11:46:35	gaearon	2017-10-20 11:40:00	0	0	0	True	True
11297	gaearon	2017-10-20 11:46:35	gaearon	2017-10-20 11:38:25	0	0	0	True	True
11296	zombieJ	2017-10-20 03:34:20	zombieJ	2017-10-31 11:54:21	12	8	4	False	True
11296	zombieJ	2017-10-20 03:34:20	zombieJ	2017-10-31 11:59:05	10	5	5	False	True
11296	zombieJ	2017-10-20 03:34:20	zombieJ	2017-10-24 10:13:03	6	5	1	False	True
11296	zombieJ	2017-10-20 03:34:20	zombieJ	2017-10-20 03:09:02	12	6	6	True	True
11296	zombieJ	2017-10-20 03:34:20	gaearon	2017-10-31 13:44:14	5	1	4	False	True
11296	zombieJ	2017-10-20 03:34:20	zombieJ	2017-10-31 12:08:33	24	12	12	False	True
11296	zombieJ	2017-10-20 03:34:20	zombieJ	2017-10-20 05:04:17	44	22	22	False	True
11295	davidgilbertson	2017-10-20 02:22:18	davidgilbertson	2017-10-20 01:39:01	12	6	6	True	True
11294	gaearon	2017-10-19 23:47:23	gaearon	2017-10-19 23:58:37	8	4	4	False	True
11294	gaearon	2017-10-19 23:47:23	gaearon	2017-10-19 23:46:20	0	0	0	True	True
11292	bvaughn	2017-10-19 22:39:41	bvaughn	2017-10-20 15:47:14	12	11	1	False	True
11292	bvaughn	2017-10-19 22:39:41	bvaughn	2017-10-19 22:35:16	3	0	3	True	True
11291	bvaughn	2017-10-19 22:19:43	bvaughn	2017-10-19 22:22:05	2	1	1	False	True
11291	bvaughn	2017-10-19 22:19:43	bvaughn	2017-10-19 22:14:40	31	19	12	True	True
11288	gaearon	2017-10-19 18:19:43	gaearon	2017-10-19 18:23:06	6	2	4	False	True
11288	gaearon	2017-10-19 18:19:43	gaearon	2017-10-19 17:24:28	2	1	1	True	True
11288	gaearon	2017-10-19 18:19:43	gaearon	2017-10-19 18:46:54	6	5	1	False	True
11288	gaearon	2017-10-19 18:19:43	gaearon	2017-10-19 17:16:43	158	80	78	True	True
11288	gaearon	2017-10-19 18:19:43	gaearon	2017-10-19 16:54:08	32	26	6	True	True
11288	gaearon	2017-10-19 18:19:43	gaearon	2017-10-19 18:34:33	45	38	7	False	True
11286	gaearon	2017-10-19 18:06:41	gaearon	2017-10-19 18:06:14	26	24	2	True	True
11286	gaearon	2017-10-19 18:06:41	gaearon	2017-10-19 17:59:30	4	2	2	True	True
11284	gaearon	2017-10-19 16:12:02	gaearon	2017-10-19 16:02:50	162	87	75	True	True
11284	gaearon	2017-10-19 16:12:02	gaearon	2017-10-19 16:09:11	14	2	12	True	True
11284	gaearon	2017-10-19 16:12:02	gaearon	2017-10-19 16:28:47	6	1	5	False	True
11284	gaearon	2017-10-19 16:12:02	gaearon	2017-10-19 16:25:28	2	0	2	False	True
11284	gaearon	2017-10-19 16:12:02	gaearon	2017-10-19 16:21:50	2	1	1	False	True
11282	gaearon	2017-10-19 15:04:58	gaearon	2017-10-19 15:03:38	141	75	66	True	True
11281	gaearon	2017-10-19 14:34:30	gaearon	2017-10-19 14:42:00	2	0	2	False	True
11281	gaearon	2017-10-19 14:34:30	gaearon	2017-10-19 14:25:29	20	8	12	True	True
11279	sebmarkbage	2017-10-19 07:51:49	sebmarkbage	2017-10-19 07:40:16	112	112	0	True	True
11276	gaearon	2017-10-19 00:01:19	gaearon	2017-10-19 00:01:04	14	8	6	True	True
11273	acdlite	2017-10-18 21:56:42	acdlite	2017-10-18 21:55:21	52	41	11	True	True
11272	acdlite	2017-10-18 21:24:50	acdlite	2017-10-18 21:23:49	7	6	1	True	True
11269	gaearon	2017-10-18 16:39:30	gaearon	2017-10-18 16:25:58	34	28	6	True	True
11269	gaearon	2017-10-18 16:39:30	gaearon	2017-10-18 12:35:32	28	9	19	True	True
11267	gaearon	2017-10-18 12:55:53	gaearon	2017-10-18 12:55:16	5	0	5	True	True
11266	gaearon	2017-10-18 12:48:21	gaearon	2017-10-18 12:46:40	2	2	0	True	True
11264	acdlite	2017-10-18 08:12:09	acdlite	2017-10-18 04:52:54	1281	648	633	True	True
11264	acdlite	2017-10-18 08:12:09	acdlite	2017-10-19 06:58:10	140	73	67	False	True
11264	acdlite	2017-10-18 08:12:09	acdlite	2017-10-19 21:01:38	65	31	34	False	True
11264	acdlite	2017-10-18 08:12:09	acdlite	2017-10-19 06:10:35	5	0	5	False	True
11264	acdlite	2017-10-18 08:12:09	acdlite	2017-10-20 18:25:44	61	31	30	False	True
11264	acdlite	2017-10-18 08:12:09	acdlite	2017-10-20 17:27:50	21	11	10	False	True
11264	acdlite	2017-10-18 08:12:09	acdlite	2017-10-20 02:16:38	44	22	22	False	True
11264	acdlite	2017-10-18 08:12:09	acdlite	2017-10-19 21:26:42	4	3	1	False	True
11262	flarnie	2017-10-17 23:13:36	flarnie	2017-10-18 14:57:12	9	4	5	False	True
11262	flarnie	2017-10-17 23:13:36	flarnie	2017-10-17 23:11:31	1	1	0	True	True
11262	flarnie	2017-10-17 23:13:36	flarnie	2017-10-18 00:10:20	6	5	1	False	True
11261	gaearon	2017-10-17 22:25:16	gaearon	2017-10-17 22:25:03	1	0	1	True	True
11260	sebmarkbage	2017-10-17 22:13:40	sebmarkbage	2017-10-17 18:10:07	23	15	8	True	True
11260	sebmarkbage	2017-10-17 22:13:40	sebmarkbage	2017-10-17 21:58:01	41	40	1	True	True
11260	sebmarkbage	2017-10-17 22:13:40	sebmarkbage	2017-10-17 21:37:44	77	77	0	True	True
11260	sebmarkbage	2017-10-17 22:13:40	sebmarkbage	2017-10-18 22:56:13	96	48	48	False	True
11260	sebmarkbage	2017-10-17 22:13:40	sebmarkbage	2017-10-17 18:12:43	174	164	10	True	True
11260	sebmarkbage	2017-10-17 22:13:40	sebmarkbage	2017-10-17 07:07:56	36	26	10	True	True
11260	sebmarkbage	2017-10-17 22:13:40	sebmarkbage	2017-10-18 05:03:43	67	67	0	False	True
11260	sebmarkbage	2017-10-17 22:13:40	sebmarkbage	2017-10-17 20:57:03	23	9	14	True	True
11260	sebmarkbage	2017-10-17 22:13:40	sebmarkbage	2017-10-17 22:30:57	64	63	1	False	True
11260	sebmarkbage	2017-10-17 22:13:40	sebmarkbage	2017-10-17 22:06:17	78	16	62	True	True
11260	sebmarkbage	2017-10-17 22:13:40	gaearon	2017-10-18 21:17:13	215	97	118	False	True
11260	sebmarkbage	2017-10-17 22:13:40	sebmarkbage	2017-10-18 23:00:52	105	56	49	False	True
11260	sebmarkbage	2017-10-17 22:13:40	sebmarkbage	2017-10-18 21:58:32	42	21	21	False	True
11260	sebmarkbage	2017-10-17 22:13:40	sebmarkbage	2017-10-18 22:41:36	123	57	66	False	True
11260	sebmarkbage	2017-10-17 22:13:40	sebmarkbage	2017-10-18 23:15:59	3	2	1	False	True
11260	sebmarkbage	2017-10-17 22:13:40	sebmarkbage	2017-10-18 05:51:15	48	47	1	False	True
11260	sebmarkbage	2017-10-17 22:13:40	sebmarkbage	2017-10-18 06:35:49	26	26	0	False	True
11260	sebmarkbage	2017-10-17 22:13:40	gaearon	2017-10-18 20:45:21	705	404	301	False	True
11260	sebmarkbage	2017-10-17 22:13:40	sebmarkbage	2017-10-18 08:53:34	32	26	6	False	True
11260	sebmarkbage	2017-10-17 22:13:40	sebmarkbage	2017-10-18 23:43:54	28	14	14	False	True
11260	sebmarkbage	2017-10-17 22:13:40	sebmarkbage	2017-10-18 07:51:13	62	59	3	False	True
11260	sebmarkbage	2017-10-17 22:13:40	sebmarkbage	2017-10-18 09:03:29	24	23	1	False	True
11259	bvaughn	2017-10-17 21:19:19	bvaughn	2017-10-17 21:15:18	2	0	2	True	True
11256	iamdustan	2017-10-17 18:50:36	iamdustan	2017-10-17 18:49:28	11	0	11	True	True
11255	gaearon	2017-10-17 18:39:17	gaearon	2017-10-17 18:37:24	13	2	11	True	True
11252	gaearon	2017-10-17 14:13:27	gaearon	2017-10-17 19:16:22	29	27	2	False	True
11252	gaearon	2017-10-17 14:13:27	gaearon	2017-10-17 18:42:38	3	1	2	False	True
11252	gaearon	2017-10-17 14:13:27	gaearon	2017-10-17 18:27:36	2	1	1	False	True
11252	gaearon	2017-10-17 14:13:27	gaearon	2017-10-17 14:00:34	7	7	0	True	True
11252	gaearon	2017-10-17 14:13:27	gaearon	2017-10-17 19:08:54	96	0	96	False	True
11252	gaearon	2017-10-17 14:13:27	gaearon	2017-10-17 13:18:38	1	1	0	True	True
11252	gaearon	2017-10-17 14:13:27	gaearon	2017-10-17 13:32:51	6	2	4	True	True
11252	gaearon	2017-10-17 14:13:27	gaearon	2017-10-17 19:25:20	10	2	8	False	True
11252	gaearon	2017-10-17 14:13:27	gaearon	2017-10-17 13:14:19	208	126	82	True	True
11252	gaearon	2017-10-17 14:13:27	gaearon	2017-10-17 13:03:31	0	0	0	True	True
11252	gaearon	2017-10-17 14:13:27	gaearon	2017-10-17 13:36:30	102	0	102	True	True
11252	gaearon	2017-10-17 14:13:27	gaearon	2017-10-17 14:09:10	15	15	0	True	True
11252	gaearon	2017-10-17 14:13:27	gaearon	2017-10-17 11:58:36	5	4	1	True	True
11252	gaearon	2017-10-17 14:13:27	gaearon	2017-10-17 22:34:13	6	4	2	False	True
11252	gaearon	2017-10-17 14:13:27	gaearon	2017-10-17 22:31:45	48	30	18	False	True
11252	gaearon	2017-10-17 14:13:27	gaearon	2017-10-17 21:39:47	31	13	18	False	True
11252	gaearon	2017-10-17 14:13:27	gaearon	2017-10-17 21:32:47	188	86	102	False	True
11252	gaearon	2017-10-17 14:13:27	gaearon	2017-10-17 22:45:13	2	1	1	False	True
11252	gaearon	2017-10-17 14:13:27	gaearon	2017-10-17 23:29:17	116	114	2	False	True
11252	gaearon	2017-10-17 14:13:27	gaearon	2017-10-17 22:12:28	99	98	1	False	True
11252	gaearon	2017-10-17 14:13:27	gaearon	2017-10-17 22:20:22	6	3	3	False	True
11252	gaearon	2017-10-17 14:13:27	gaearon	2017-10-17 19:03:23	3	1	2	False	True
11252	gaearon	2017-10-17 14:13:27	gaearon	2017-10-17 22:33:13	107	76	31	False	True
11252	gaearon	2017-10-17 14:13:27	gaearon	2017-10-17 23:05:03	2	1	1	False	True
11252	gaearon	2017-10-17 14:13:27	gaearon	2017-10-17 23:33:08	100	88	12	False	True
11252	gaearon	2017-10-17 14:13:27	gaearon	2017-10-17 23:25:29	118	112	6	False	True
11252	gaearon	2017-10-17 14:13:27	gaearon	2017-10-17 22:50:58	140	70	70	False	True
11252	gaearon	2017-10-17 14:13:27	gaearon	2017-10-17 19:34:48	1688	1688	0	False	True
11252	gaearon	2017-10-17 14:13:27	gaearon	2017-10-17 23:22:03	12899	12875	24	False	True
11251	iamdustan	2017-10-17 14:03:45	gaearon	2017-10-26 14:33:59	27	16	11	False	True
11251	iamdustan	2017-10-17 14:03:45	iamdustan	2017-10-24 14:56:28	14	7	7	False	True
11251	iamdustan	2017-10-17 14:03:45	iamdustan	2017-10-17 14:14:10	13	6	7	False	True
11251	iamdustan	2017-10-17 14:03:45	iamdustan	2017-10-11 12:53:53	47	36	11	True	True
11251	iamdustan	2017-10-17 14:03:45	gaearon	2017-10-26 16:42:56	108	67	41	False	True
11250	gaearon	2017-10-17 13:00:35	gaearon	2017-10-17 12:59:58	85	0	85	True	True
11249	gaearon	2017-10-17 12:42:30	gaearon	2017-10-17 13:01:03	151	68	83	False	True
11249	gaearon	2017-10-17 12:42:30	gaearon	2017-10-17 12:40:31	2	1	1	True	True
11245	acdlite	2017-10-17 02:30:08	acdlite	2017-10-16 22:11:32	87	35	52	True	True
11244	gaearon	2017-10-17 00:34:09	gaearon	2017-10-17 12:33:13	6	1	5	False	True
11243	gaearon	2017-10-16 23:31:10	gaearon	2017-10-16 23:20:57	139	33	106	True	True
11243	gaearon	2017-10-16 23:31:10	gaearon	2017-10-16 22:56:38	167	23	144	True	True
11242	gaearon	2017-10-16 21:57:42	gaearon	2017-10-16 21:21:15	3	1	2	True	True
11242	gaearon	2017-10-16 21:57:42	gaearon	2017-10-16 21:35:07	5	1	4	True	True
11242	gaearon	2017-10-16 21:57:42	gaearon	2017-10-16 21:47:25	45	16	29	True	True
11242	gaearon	2017-10-16 21:57:42	gaearon	2017-10-16 21:20:39	64	33	31	True	True
11241	gaearon	2017-10-16 20:27:00	gaearon	2017-10-16 20:24:43	544	389	155	True	True
11239	d4rky-pl	2017-10-16 15:49:12	d4rky-pl	2017-10-16 15:46:15	24	24	0	True	True
11232	acdlite	2017-10-16 07:56:55	acdlite	2017-10-16 05:09:17	304	222	82	True	True
11232	acdlite	2017-10-16 07:56:55	acdlite	2017-10-16 07:44:45	62	56	6	True	True
11227	landvibe	2017-10-14 10:55:46	landvibe	2017-10-14 10:47:55	73	55	18	True	True
11227	landvibe	2017-10-14 10:55:46	landvibe	2017-10-27 15:20:24	5	3	2	False	True
11227	landvibe	2017-10-14 10:55:46	landvibe	2017-11-13 23:31:42	22	10	12	False	True
11227	landvibe	2017-10-14 10:55:46	landvibe	2017-11-07 08:15:46	73	67	6	False	True
11227	landvibe	2017-10-14 10:55:46	landvibe	2017-11-07 08:31:59	4	2	2	False	True
11227	landvibe	2017-10-14 10:55:46	landvibe	2017-10-27 15:18:32	66	42	24	False	True
11225	acdlite	2017-10-14 01:07:30	acdlite	2017-10-14 00:47:06	117	83	34	True	True
11225	acdlite	2017-10-14 01:07:30	acdlite	2017-10-13 23:44:39	67	67	0	True	True
11223	bvaughn	2017-10-13 22:31:53	bvaughn	2017-10-16 19:40:06	2	1	1	False	True
11223	bvaughn	2017-10-13 22:31:53	bvaughn	2017-10-13 17:54:29	30	18	12	True	True
11223	bvaughn	2017-10-13 22:31:53	bvaughn	2017-10-13 19:45:04	228	131	97	True	True
11223	bvaughn	2017-10-13 22:31:53	bvaughn	2017-10-13 22:19:54	530	406	124	True	True
11223	bvaughn	2017-10-13 22:31:53	bvaughn	2017-10-13 22:51:47	14	5	9	False	True
11223	bvaughn	2017-10-13 22:31:53	bvaughn	2017-10-13 22:55:45	9	8	1	False	True
11223	bvaughn	2017-10-13 22:31:53	bvaughn	2017-10-16 21:23:02	2	1	1	False	True
11223	bvaughn	2017-10-13 22:31:53	bvaughn	2017-10-13 22:20:30	1687	0	1687	True	True
11223	bvaughn	2017-10-13 22:31:53	bvaughn	2017-10-16 21:04:57	6	4	2	False	True
11223	bvaughn	2017-10-13 22:31:53	bvaughn	2017-10-16 21:43:51	2	1	1	False	True
11223	bvaughn	2017-10-13 22:31:53	bvaughn	2017-10-13 17:39:57	1177	1177	0	True	True
11223	bvaughn	2017-10-13 22:31:53	bvaughn	2017-10-16 21:10:58	12	9	3	False	True
11223	bvaughn	2017-10-13 22:31:53	bvaughn	2017-10-16 20:26:29	11	8	3	False	True
11223	bvaughn	2017-10-13 22:31:53	bvaughn	2017-10-16 20:47:59	58	38	20	False	True
11223	bvaughn	2017-10-13 22:31:53	bvaughn	2017-10-16 19:43:13	2	1	1	False	True
11223	bvaughn	2017-10-13 22:31:53	bvaughn	2017-10-16 21:02:54	12	11	1	False	True
11216	imanushree	2017-10-13 11:21:28	gaearon	2017-10-31 12:19:51	6	5	1	False	True
11216	imanushree	2017-10-13 11:21:28	gaearon	2017-10-31 12:24:40	2	1	1	False	True
11216	imanushree	2017-10-13 11:21:28	gaearon	2017-10-31 12:21:27	4	3	1	False	True
11216	imanushree	2017-10-13 11:21:28	gaearon	2017-10-31 12:27:19	10	10	0	False	True
11216	imanushree	2017-10-13 11:21:28	gaearon	2017-10-31 12:16:02	4	4	0	False	True
11216	imanushree	2017-10-13 11:21:28	gaearon	2017-10-31 12:07:16	3	3	0	False	True
11216	imanushree	2017-10-13 11:21:28	gaearon	2017-10-31 12:06:53	4	2	2	False	True
11216	imanushree	2017-10-13 11:21:28	gaearon	2017-10-31 12:31:19	15	14	1	False	True
11216	imanushree	2017-10-13 11:21:28	imanushree	2017-10-11 12:39:12	80	58	22	True	True
11215	243083df	2017-10-13 10:51:15	243083df	2017-10-13 10:43:30	4	1	3	True	True
11213	sebmarkbage	2017-10-13 08:39:44	sebmarkbage	2017-10-13 08:36:55	154	109	45	True	True
11213	sebmarkbage	2017-10-13 08:39:44	sebmarkbage	2017-10-13 17:53:40	64	33	31	False	True
11213	sebmarkbage	2017-10-13 08:39:44	sebmarkbage	2017-10-13 06:21:17	204	102	102	True	True
11213	sebmarkbage	2017-10-13 08:39:44	sebmarkbage	2017-10-13 08:27:15	66	62	4	True	True
11213	sebmarkbage	2017-10-13 08:39:44	sebmarkbage	2017-10-13 06:58:37	1081	536	545	True	True
11213	sebmarkbage	2017-10-13 08:39:44	sebmarkbage	2017-10-13 06:44:07	165	86	79	True	True
11213	sebmarkbage	2017-10-13 08:39:44	sebmarkbage	2017-10-13 06:48:41	309	309	0	True	True
11213	sebmarkbage	2017-10-13 08:39:44	sebmarkbage	2017-10-13 06:50:23	495	242	253	True	True
11212	acdlite	2017-10-13 03:31:58	acdlite	2017-10-13 03:26:33	109	107	2	True	True
11206	clarkdo	2017-10-12 11:41:41	clarkdo	2017-10-15 06:21:57	26	8	18	False	True
11204	fatosmorina	2017-10-12 09:54:20	fatosmorina	2017-10-12 09:41:10	2	1	1	True	True
11204	fatosmorina	2017-10-12 09:54:20	fatosmorina	2017-10-12 09:43:14	6	3	3	True	True
11204	fatosmorina	2017-10-12 09:54:20	fatosmorina	2017-10-12 09:39:09	2	1	1	True	True
11202	nhunzaker	2017-10-12 02:35:22	nhunzaker	2017-10-12 21:35:52	12	4	8	False	True
11202	nhunzaker	2017-10-12 02:35:22	nhunzaker	2017-10-12 21:54:06	2	1	1	False	True
11202	nhunzaker	2017-10-12 02:35:22	nhunzaker	2017-10-12 00:46:14	56	45	11	True	True
11202	nhunzaker	2017-10-12 02:35:22	nhunzaker	2017-10-12 02:34:43	34	20	14	True	True
11200	nhunzaker	2017-10-11 23:22:04	nhunzaker	2017-10-11 23:18:48	4	3	1	True	True
11192	gaearon	2017-10-11 13:20:34	gaearon	2017-10-11 12:08:18	2	1	1	True	True
11192	gaearon	2017-10-11 13:20:34	gaearon	2017-10-11 16:34:20	12	12	0	False	True
11192	gaearon	2017-10-11 13:20:34	gaearon	2017-10-11 16:06:44	20	20	0	False	True
11192	gaearon	2017-10-11 13:20:34	gaearon	2017-10-11 15:22:47	6	6	0	False	True
11187	acdlite	2017-10-11 00:37:48	acdlite	2017-10-10 17:36:35	566	121	445	True	True
11183	bvaughn	2017-10-10 18:21:00	bvaughn	2017-10-10 18:19:37	61	58	3	True	True
11182	gaearon	2017-10-10 18:07:33	gaearon	2017-10-10 18:06:58	5	2	3	True	True
11178	Haroenv	2017-10-10 17:25:27	Haroenv	2017-10-11 16:19:25	12	1	11	False	True
11178	Haroenv	2017-10-10 17:25:27	Haroenv	2017-10-11 17:47:17	2	0	2	False	True
11178	Haroenv	2017-10-10 17:25:27	Haroenv	2017-10-10 17:40:32	3	1	2	False	True
11178	Haroenv	2017-10-10 17:25:27	Haroenv	2017-10-11 18:18:59	4	4	0	False	True
11178	Haroenv	2017-10-10 17:25:27	Haroenv	2017-10-11 18:19:52	6	3	3	False	True
11178	Haroenv	2017-10-10 17:25:27	Haroenv	2017-10-10 17:25:01	7	1	6	True	True
11178	Haroenv	2017-10-10 17:25:27	Haroenv	2017-10-11 18:18:21	7	7	0	False	True
11178	Haroenv	2017-10-10 17:25:27	Haroenv	2017-10-11 17:47:36	15	0	15	False	True
11177	gaearon	2017-10-10 16:11:54	aweary	2017-10-10 16:35:37	57	35	22	False	True
11177	gaearon	2017-10-10 16:11:54	gaearon	2017-10-10 16:10:51	11	10	1	True	True
11174	gaearon	2017-10-10 14:55:48	gaearon	2017-10-10 14:49:09	8	8	0	True	True
11174	gaearon	2017-10-10 14:55:48	gaearon	2017-10-10 14:52:52	2	1	1	True	True
11173	iamdustan	2017-10-10 14:22:12	iamdustan	2017-10-10 14:01:22	13	13	0	True	True
11173	iamdustan	2017-10-10 14:22:12	iamdustan	2017-10-10 14:18:51	14	5	9	True	True
11173	iamdustan	2017-10-10 14:22:12	iamdustan	2017-10-10 15:01:19	3	2	1	False	True
11173	iamdustan	2017-10-10 14:22:12	iamdustan	2017-10-10 14:46:02	9	4	5	False	True
11173	iamdustan	2017-10-10 14:22:12	gaearon	2017-10-10 15:35:28	5	3	2	False	True
11173	iamdustan	2017-10-10 14:22:12	iamdustan	2017-10-10 15:29:56	3	2	1	False	True
11173	iamdustan	2017-10-10 14:22:12	iamdustan	2017-10-10 15:16:59	4	2	2	False	True
11168	sw-yx	2017-10-10 02:00:41	gaearon	2017-10-31 11:56:51	42	18	24	False	True
11168	sw-yx	2017-10-10 02:00:41	gaearon	2017-10-31 12:00:56	9	4	5	False	True
11168	sw-yx	2017-10-10 02:00:41	sw-yx	2017-10-29 01:44:12	38	38	0	False	True
11167	Hypnosphi	2017-10-09 21:42:46	Hypnosphi	2017-10-09 21:10:22	52	50	2	True	True
11164	gaearon	2017-10-09 19:07:54	gaearon	2017-10-09 18:39:19	36	36	0	True	True
11164	gaearon	2017-10-09 19:07:54	gaearon	2017-10-09 19:01:49	8	8	0	True	True
11164	gaearon	2017-10-09 19:07:54	gaearon	2017-10-09 19:01:22	8	4	4	True	True
11164	gaearon	2017-10-09 19:07:54	gaearon	2017-10-09 18:57:10	16	14	2	True	True
11157	gaearon	2017-10-09 15:38:02	gaearon	2017-10-10 13:30:39	13	0	13	False	True
11157	gaearon	2017-10-09 15:38:02	gaearon	2017-10-09 15:05:05	13	13	0	True	True
11157	gaearon	2017-10-09 15:38:02	gaearon	2017-10-09 14:52:32	5	5	0	True	True
11157	gaearon	2017-10-09 15:38:02	gaearon	2017-10-10 14:42:29	13	6	7	False	True
11153	nuc	2017-10-09 10:25:29	nuc	2017-10-09 13:11:38	7	0	7	False	True
11153	nuc	2017-10-09 10:25:29	nuc	2017-10-09 14:08:06	4	2	2	False	True
11153	nuc	2017-10-09 10:25:29	nuc	2017-10-09 13:15:54	8	7	1	False	True
11153	nuc	2017-10-09 10:25:29	nuc	2017-10-09 10:02:38	9	8	1	True	True
11149	sw-yx	2017-10-08 01:42:54	sw-yx	2017-10-08 01:41:18	12	5	7	True	True
11149	sw-yx	2017-10-08 01:42:54	sw-yx	2017-10-08 01:21:26	8064	8000	64	True	True
11141	nealwright	2017-10-06 23:13:20	gaearon	2017-10-31 11:42:38	32	19	13	False	True
11141	nealwright	2017-10-06 23:13:20	gaearon	2017-10-31 11:40:27	18	7	11	False	True
11141	nealwright	2017-10-06 23:13:20	nealwright	2017-10-07 21:43:15	44	37	7	False	True
11139	sebmarkbage	2017-10-06 21:30:44	sebmarkbage	2017-10-06 21:16:20	35	27	8	True	True
11139	sebmarkbage	2017-10-06 21:30:44	sebmarkbage	2017-10-06 21:29:47	30	28	2	True	True
11139	sebmarkbage	2017-10-06 21:30:44	sebmarkbage	2017-10-07 01:16:23	2	1	1	False	True
11139	sebmarkbage	2017-10-06 21:30:44	sebmarkbage	2017-10-07 01:41:43	5	3	2	False	True
11139	sebmarkbage	2017-10-06 21:30:44	sebmarkbage	2017-10-06 21:15:46	33	21	12	True	True
11137	bvaughn	2017-10-06 16:08:16	bvaughn	2017-10-06 15:46:15	6	0	6	True	True
11137	bvaughn	2017-10-06 16:08:16	bvaughn	2017-10-06 15:46:04	7	0	7	True	True
11137	bvaughn	2017-10-06 16:08:16	bvaughn	2017-10-06 15:46:30	8	0	8	True	True
11137	bvaughn	2017-10-06 16:08:16	bvaughn	2017-10-06 15:44:12	1	0	1	True	True
11137	bvaughn	2017-10-06 16:08:16	bvaughn	2017-10-06 15:43:40	15358	0	15358	True	True
11137	bvaughn	2017-10-06 16:08:16	bvaughn	2017-10-06 15:47:00	4	1	3	True	True
11137	bvaughn	2017-10-06 16:08:16	bvaughn	2017-10-06 15:55:08	38	0	38	True	True
11137	bvaughn	2017-10-06 16:08:16	bvaughn	2017-10-06 16:04:34	393	0	393	True	True
11134	nhunzaker	2017-10-06 12:09:26	nhunzaker	2017-10-06 12:04:37	23	16	7	True	True
11133	nhunzaker	2017-10-06 11:58:10	nhunzaker	2017-10-06 11:49:45	4	3	1	True	True
11126	sebmarkbage	2017-10-06 01:17:13	sebmarkbage	2017-10-06 01:01:12	76	71	5	True	True
11126	sebmarkbage	2017-10-06 01:17:13	sebmarkbage	2017-10-05 02:46:06	142	118	24	True	True
11126	sebmarkbage	2017-10-06 01:17:13	sebmarkbage	2017-10-05 03:37:34	7	5	2	True	True
11126	sebmarkbage	2017-10-06 01:17:13	sebmarkbage	2017-10-06 01:08:09	14	9	5	True	True
11126	sebmarkbage	2017-10-06 01:17:13	sebmarkbage	2017-10-05 02:49:02	137	130	7	True	True
11126	sebmarkbage	2017-10-06 01:17:13	sebmarkbage	2017-10-05 03:11:03	38	26	12	True	True
11122	sebmarkbage	2017-10-05 19:24:31	sebmarkbage	2017-10-05 00:19:56	4	2	2	True	True
11122	sebmarkbage	2017-10-05 19:24:31	sebmarkbage	2017-10-05 17:59:13	28	23	5	True	True
11120	andreysaleba	2017-10-05 17:50:13	andreysaleba	2017-10-06 06:55:35	31	31	0	False	True
11120	andreysaleba	2017-10-05 17:50:13	andreysaleba	2017-10-05 17:48:27	12	12	0	True	True
11120	andreysaleba	2017-10-05 17:50:13	andreysaleba	2017-10-06 07:07:22	18	9	9	False	True
11120	andreysaleba	2017-10-05 17:50:13	andreysaleba	2017-10-06 13:55:51	24	15	9	False	True
11119	gaearon	2017-10-05 17:01:26	gaearon	2017-10-05 17:55:42	30	22	8	False	True
11119	gaearon	2017-10-05 17:01:26	gaearon	2017-10-05 18:48:43	62	40	22	False	True
11119	gaearon	2017-10-05 17:01:26	gaearon	2017-10-05 18:21:06	60	7	53	False	True
11119	gaearon	2017-10-05 17:01:26	gaearon	2017-10-05 19:50:00	2	1	1	False	True
11119	gaearon	2017-10-05 17:01:26	gaearon	2017-10-05 19:40:51	2	1	1	False	True
11119	gaearon	2017-10-05 17:01:26	gaearon	2017-10-05 17:47:19	99	53	46	False	True
11119	gaearon	2017-10-05 17:01:26	gaearon	2017-10-05 18:17:41	10	10	0	False	True
11119	gaearon	2017-10-05 17:01:26	gaearon	2017-10-05 16:51:28	38	35	3	True	True
11119	gaearon	2017-10-05 17:01:26	gaearon	2017-10-05 16:47:24	46	46	0	True	True
11119	gaearon	2017-10-05 17:01:26	gaearon	2017-10-05 19:14:38	19	12	7	False	True
11119	gaearon	2017-10-05 17:01:26	gaearon	2017-10-05 19:19:18	39	24	15	False	True
11119	gaearon	2017-10-05 17:01:26	gaearon	2017-10-05 18:59:21	9	0	9	False	True
11119	gaearon	2017-10-05 17:01:26	gaearon	2017-10-05 19:45:54	5	3	2	False	True
11119	gaearon	2017-10-05 17:01:26	gaearon	2017-10-05 17:48:03	19	18	1	False	True
11119	gaearon	2017-10-05 17:01:26	gaearon	2017-10-05 19:32:29	46	26	20	False	True
11117	jquense	2017-10-05 15:23:31	jquense	2017-10-05 16:25:33	5	2	3	False	True
11117	jquense	2017-10-05 15:23:31	jquense	2017-10-05 15:23:24	70	38	32	True	True
11113	imanushree	2017-10-05 14:26:46	imanushree	2017-10-05 14:02:34	11	10	1	True	True
11112	gaearon	2017-10-05 14:07:34	gaearon	2017-10-05 14:11:03	10	7	3	False	True
11112	gaearon	2017-10-05 14:07:34	gaearon	2017-10-05 14:03:11	8	0	8	True	True
11112	gaearon	2017-10-05 14:07:34	gaearon	2017-10-05 13:59:54	20	14	6	True	True
11110	gaearon	2017-10-05 13:43:08	gaearon	2017-10-05 13:29:29	17	15	2	True	True
11110	gaearon	2017-10-05 13:43:08	gaearon	2017-10-05 13:23:48	6	6	0	True	True
11110	gaearon	2017-10-05 13:43:08	gaearon	2017-10-05 13:40:28	23	23	0	True	True
11109	gaearon	2017-10-05 13:04:53	gaearon	2017-10-05 12:59:50	6	5	1	True	True
11109	gaearon	2017-10-05 13:04:53	gaearon	2017-10-05 12:25:05	2	1	1	True	True
11109	gaearon	2017-10-05 13:04:53	gaearon	2017-10-05 12:24:18	24	24	0	True	True
11109	gaearon	2017-10-05 13:04:53	gaearon	2017-10-05 12:59:14	49	49	0	True	True
11108	OriR	2017-10-05 10:55:42	OriR	2017-10-10 06:25:23	10	0	10	False	True
11108	OriR	2017-10-05 10:55:42	OriR	2017-10-05 10:36:27	50	42	8	True	True
11091	sophiebits	2017-10-04 18:23:58	sophiebits	2017-10-04 18:23:08	44	27	17	True	True
11072	sebmarkbage	2017-10-03 19:38:17	sebmarkbage	2017-10-03 20:11:58	766	739	27	False	True
11069	aweary	2017-10-03 16:54:09	aweary	2017-10-03 16:52:23	33	16	17	True	True
11057	aweary	2017-10-03 00:06:08	aweary	2017-10-02 22:34:10	11	9	2	True	True
11057	aweary	2017-10-03 00:06:08	aweary	2017-10-02 23:58:41	55	55	0	True	True
11057	aweary	2017-10-03 00:06:08	aweary	2017-10-03 05:03:45	8	4	4	False	True
11056	fpoumian	2017-10-03 00:00:26	fpoumian	2017-10-03 17:15:22	1	1	0	False	True
11056	fpoumian	2017-10-03 00:00:26	fpoumian	2017-10-03 17:05:09	3	0	3	False	True
11056	fpoumian	2017-10-03 00:00:26	fpoumian	2017-10-02 23:50:44	255	128	127	True	True
11056	fpoumian	2017-10-03 00:00:26	fpoumian	2017-10-02 23:54:05	6	3	3	True	True
11054	ghost	2017-10-02 22:58:20	artestingg	2017-10-02 22:55:51	2	1	1	True	True
11053	bvaughn	2017-10-02 22:57:30	bvaughn	2017-10-02 22:55:47	240	0	240	True	True
11052	aweary	2017-10-02 22:45:59	aweary	2017-10-02 22:42:53	12	10	2	True	True
11050	bvaughn	2017-10-02 22:24:51	bvaughn	2017-10-02 22:17:35	342	9	333	True	True
11045	pyitphyoaung	2017-10-02 20:46:09	pyitphyoaung	2017-10-02 20:51:57	2	1	1	False	True
11045	pyitphyoaung	2017-10-02 20:46:09	pyitphyoaung	2017-10-02 20:44:12	12	6	6	True	True
11044	flarnie	2017-10-02 20:34:47	flarnie	2017-10-02 20:28:25	2	1	1	True	True
11044	flarnie	2017-10-02 20:34:47	flarnie	2017-10-02 20:56:59	23	23	0	False	True
11044	flarnie	2017-10-02 20:34:47	flarnie	2017-10-02 21:32:01	5	2	3	False	True
11044	flarnie	2017-10-02 20:34:47	flarnie	2017-10-02 22:54:58	2	1	1	False	True
11044	flarnie	2017-10-02 20:34:47	flarnie	2017-10-02 21:29:09	26	19	7	False	True
11041	flarnie	2017-10-02 20:05:14	flarnie	2017-10-02 18:33:09	30	15	15	True	True
11041	flarnie	2017-10-02 20:05:14	flarnie	2017-10-02 23:16:23	4	2	2	False	True
11040	aweary	2017-10-02 19:45:30	aweary	2017-10-02 19:44:23	2	1	1	True	True
11037	gaearon	2017-10-02 18:59:19	gaearon	2017-10-02 18:53:12	6464	51	6413	True	True
11037	gaearon	2017-10-02 18:59:19	gaearon	2017-10-02 18:53:49	29	18	11	True	True
11033	gaearon	2017-10-02 17:31:06	gaearon	2017-10-02 16:45:50	15	15	0	True	True
11033	gaearon	2017-10-02 17:31:06	gaearon	2017-10-02 17:49:07	12	6	6	False	True
11032	Haroenv	2017-10-02 16:06:10	Haroenv	2017-10-03 17:07:14	3	2	1	False	True
11032	Haroenv	2017-10-02 16:06:10	Haroenv	2017-10-02 16:04:40	20	19	1	True	True
11032	Haroenv	2017-10-02 16:06:10	Haroenv	2017-10-02 16:04:40	22	20	2	True	True
11032	Haroenv	2017-10-02 16:06:10	Haroenv	2017-10-03 16:58:54	7371	266	7105	False	True
11032	Haroenv	2017-10-02 16:06:10	Haroenv	2017-10-03 16:54:00	6	4	2	False	True
11029	gaearon	2017-10-02 14:53:13	gaearon	2017-10-02 14:52:56	2	0	2	True	True
11028	jquense	2017-10-02 14:46:39	nhunzaker	2017-11-15 00:59:53	8	2	6	False	True
11028	jquense	2017-10-02 14:46:39	jquense	2017-11-06 16:56:28	21	14	7	False	True
11012	yangshun	2017-10-01 17:48:47	yangshun	2017-10-01 17:19:19	73	42	31	True	True
11009	romellogoodman	2017-10-01 14:24:40	romellogoodman	2017-10-01 14:22:21	1	0	1	True	True
11007	codehakase	2017-10-01 09:47:00	codehakase	2017-10-01 09:56:11	8	4	4	False	True
11007	codehakase	2017-10-01 09:47:00	codehakase	2017-10-01 09:46:13	4	2	2	True	True
11004	acdlite	2017-10-01 05:46:28	acdlite	2017-08-11 20:52:29	28	21	7	True	True
11004	acdlite	2017-10-01 05:46:28	acdlite	2017-08-11 23:25:03	19	17	2	True	True
11004	acdlite	2017-10-01 05:46:28	acdlite	2017-08-11 23:16:25	47	15	32	True	True
11004	acdlite	2017-10-01 05:46:28	acdlite	2017-08-11 22:36:54	19	6	13	True	True
11004	acdlite	2017-10-01 05:46:28	acdlite	2017-08-11 21:44:54	138	136	2	True	True
11004	acdlite	2017-10-01 05:46:28	acdlite	2017-08-10 21:48:23	960	566	394	True	True
11004	acdlite	2017-10-01 05:46:28	acdlite	2017-08-11 18:30:17	106	55	51	True	True
11004	acdlite	2017-10-01 05:46:28	acdlite	2017-08-09 23:04:08	259	246	13	True	True
11004	acdlite	2017-10-01 05:46:28	acdlite	2017-08-18 23:08:34	101	92	9	True	True
11004	acdlite	2017-10-01 05:46:28	acdlite	2017-08-19 01:32:43	185	106	79	True	True
11004	acdlite	2017-10-01 05:46:28	acdlite	2017-08-11 16:03:49	112	58	54	True	True
11004	acdlite	2017-10-01 05:46:28	acdlite	2017-08-25 23:08:04	554	363	191	True	True
11004	acdlite	2017-10-01 05:46:28	acdlite	2017-09-08 20:34:31	204	178	26	True	True
11004	acdlite	2017-10-01 05:46:28	acdlite	2017-09-08 21:18:58	16	8	8	True	True
11004	acdlite	2017-10-01 05:46:28	acdlite	2017-09-13 23:40:43	190	149	41	True	True
11004	acdlite	2017-10-01 05:46:28	acdlite	2017-10-02 06:20:35	422	385	37	False	True
11004	acdlite	2017-10-01 05:46:28	acdlite	2017-09-11 22:58:13	60	47	13	True	True
11004	acdlite	2017-10-01 05:46:28	acdlite	2017-09-09 00:00:50	129	93	36	True	True
11004	acdlite	2017-10-01 05:46:28	acdlite	2017-09-15 02:53:42	671	346	325	True	True
11004	acdlite	2017-10-01 05:46:28	acdlite	2017-09-08 21:19:53	4	2	2	True	True
11004	acdlite	2017-10-01 05:46:28	acdlite	2017-09-06 21:50:25	34	18	16	True	True
11004	acdlite	2017-10-01 05:46:28	acdlite	2017-09-09 00:46:35	12	12	0	True	True
11004	acdlite	2017-10-01 05:46:28	acdlite	2017-09-06 06:25:10	572	357	215	True	True
11003	fpoumian	2017-10-01 05:32:38	ruphin	2017-10-02 10:44:57	22	10	12	False	True
11003	fpoumian	2017-10-01 05:32:38	gaearon	2017-10-02 14:30:19	4	3	1	False	True
11003	fpoumian	2017-10-01 05:32:38	fpoumian	2017-10-01 05:25:16	21	12	9	True	True
11003	fpoumian	2017-10-01 05:32:38	gaearon	2017-10-02 12:49:53	16	0	16	False	True
11003	fpoumian	2017-10-01 05:32:38	gaearon	2017-10-02 12:43:45	994	195	799	False	True
11003	fpoumian	2017-10-01 05:32:38	fpoumian	2017-10-01 21:34:21	4	3	1	False	True
11003	fpoumian	2017-10-01 05:32:38	fpoumian	2017-10-01 05:06:44	275	148	127	True	True
11003	fpoumian	2017-10-01 05:32:38	gaearon	2017-10-02 13:31:39	156	78	78	False	True
11003	fpoumian	2017-10-01 05:32:38	gaearon	2017-10-02 10:42:07	5348	51	5297	False	True
11003	fpoumian	2017-10-01 05:32:38	BookOfGreg	2017-10-01 10:53:00	2	0	2	False	True
11003	fpoumian	2017-10-01 05:32:38	jasononeil	2017-10-01 10:52:22	4	2	2	False	True
11003	fpoumian	2017-10-01 05:32:38	gaearon	2017-10-02 17:51:15	1	0	1	False	True
11003	fpoumian	2017-10-01 05:32:38	NicBonetto	2017-10-02 15:56:41	10	5	5	False	True
11003	fpoumian	2017-10-01 05:32:38	hawkins	2017-10-01 23:18:08	8	8	0	False	True
11003	fpoumian	2017-10-01 05:32:38	gaearon	2017-10-02 17:59:37	2	2	0	False	True
11003	fpoumian	2017-10-01 05:32:38	gaearon	2017-10-02 15:48:59	30	29	1	False	True
11003	fpoumian	2017-10-01 05:32:38	gaearon	2017-10-02 19:50:14	6493	69	6424	False	True
11003	fpoumian	2017-10-01 05:32:38	romellogoodman	2017-10-02 16:34:26	1	0	1	False	True
11003	fpoumian	2017-10-01 05:32:38	bvaughn	2017-10-02 17:05:37	2	1	1	False	True
11003	fpoumian	2017-10-01 05:32:38	yangshun	2017-10-02 16:52:39	73	42	31	False	True
11003	fpoumian	2017-10-01 05:32:38	gaearon	2017-10-02 17:52:26	27	21	6	False	True
11003	fpoumian	2017-10-01 05:32:38	gaearon	2017-10-02 17:44:48	30	30	0	False	True
11003	fpoumian	2017-10-01 05:32:38	gaearon	2017-10-02 18:01:20	1	1	0	False	True
11003	fpoumian	2017-10-01 05:32:38	gaearon	2017-10-02 19:12:32	13	10	3	False	True
11003	fpoumian	2017-10-01 05:32:38	gaearon	2017-10-02 19:51:13	1	1	0	False	True
11003	fpoumian	2017-10-01 05:32:38	coleturner	2017-10-02 16:37:05	4	2	2	False	True
11003	fpoumian	2017-10-01 05:32:38	gaearon	2017-10-02 14:55:48	2	0	2	False	True
11003	fpoumian	2017-10-01 05:32:38	john-d-pelingo	2017-10-02 12:47:41	2	1	1	False	True
11003	fpoumian	2017-10-01 05:32:38	gaearon	2017-10-02 17:54:45	1	1	0	False	True
11003	fpoumian	2017-10-01 05:32:38	gaearon	2017-10-02 12:32:25	6	5	1	False	True
11002	coleturner	2017-10-01 05:27:15	coleturner	2017-10-01 05:23:18	4	2	2	True	True
