pr_number	author_user_login	pr_created_at	review_user_login	review_created_at	filename	create_before_pr	has_issue_comment	has_review_comment	has_commit
3271	Pouja	2015-02-26 18:43:10	zpao	2015-03-02 18:19:21	docs/_js/examples/todo.js	True	False	True	True
3271	Pouja	2015-02-26 18:43:10	zpao	2015-03-02 18:19:21	docs/_js/examples/todo.js	False	False	True	True
3269	jonhester	2015-02-26 18:01:32	Pouja	2015-02-26 19:14:51	src/browser/ui/dom/DOMPropertyOperations.js	True	True	True	True
3269	jonhester	2015-02-26 18:01:32	Pouja	2015-02-26 19:14:51	src/browser/ui/dom/DOMProperty.js	False	True	True	True
3269	jonhester	2015-02-26 18:01:32	Pouja	2015-02-26 19:14:51	src/browser/ui/dom/DOMProperty.js	True	True	True	True
3269	jonhester	2015-02-26 18:01:32	Pouja	2015-02-26 19:14:51	src/browser/ui/dom/__tests__/DOMPropertyOperations-test.js	True	True	True	True
3269	jonhester	2015-02-26 18:01:32	Pouja	2015-02-26 19:14:51	src/browser/ui/dom/HTMLDOMPropertyConfig.js	True	True	True	True
3266	sebmarkbage	2015-02-26 09:11:32	sophiebits	2015-02-26 22:40:22	src/classic/element/__tests__/ReactElementClone-test.js	False	False	True	True
3266	sebmarkbage	2015-02-26 09:11:32	sophiebits	2015-02-26 22:40:22	src/classic/element/ReactElementValidator.js	False	False	True	True
3266	sebmarkbage	2015-02-26 09:11:32	sophiebits	2015-02-26 22:40:22	src/classic/element/ReactElement.js	False	False	True	True
3266	sebmarkbage	2015-02-26 09:11:32	sophiebits	2015-02-26 22:40:22	src/browser/ui/React.js	False	False	True	True
3266	sebmarkbage	2015-02-26 09:11:32	sophiebits	2015-02-26 22:38:27	src/classic/element/__tests__/ReactElementClone-test.js	False	False	True	True
3266	sebmarkbage	2015-02-26 09:11:32	sophiebits	2015-02-26 22:38:27	src/classic/element/ReactElementValidator.js	False	False	True	True
3266	sebmarkbage	2015-02-26 09:11:32	sophiebits	2015-02-26 22:38:27	src/classic/element/ReactElement.js	False	False	True	True
3266	sebmarkbage	2015-02-26 09:11:32	sophiebits	2015-02-26 22:38:27	src/browser/ui/React.js	False	False	True	True
3263	wmertens	2015-02-25 17:46:39	zpao	2015-02-25 19:12:41	docs/_posts/2015-01-27-react-v0.13.0-beta-1.md	True	True	True	True
3256	zpao	2015-02-24 21:59:31	sophiebits	2015-02-24 22:01:08	docs/_posts/2015-02-24-react-v0.13-rc1.md	True	False	True	True
3256	zpao	2015-02-24 21:59:31	sophiebits	2015-02-24 22:01:08	docs/_posts/2015-02-24-streamlining-react-elements.md	True	False	True	True
3250	sebmarkbage	2015-02-24 10:08:02	zpao	2015-02-24 17:47:19	docs/_posts/2015-02-24-streamlining-react-elements.md	False	False	True	True
3250	sebmarkbage	2015-02-24 10:08:02	zpao	2015-02-24 18:07:08	docs/_posts/2015-02-24-streamlining-react-elements.md	False	False	True	True
3250	sebmarkbage	2015-02-24 10:08:02	zpao	2015-02-24 17:58:37	docs/_posts/2015-02-24-streamlining-react-elements.md	False	False	True	True
3250	sebmarkbage	2015-02-24 10:08:02	sophiebits	2015-02-24 18:27:45	docs/_posts/2015-02-24-streamlining-react-elements.md	False	False	True	True
3250	sebmarkbage	2015-02-24 10:08:02	zpao	2015-02-24 18:00:55	docs/_posts/2015-02-24-streamlining-react-elements.md	False	False	True	True
3250	sebmarkbage	2015-02-24 10:08:02	sophiebits	2015-02-24 18:27:41	docs/_posts/2015-02-24-streamlining-react-elements.md	False	False	True	True
3250	sebmarkbage	2015-02-24 10:08:02	vipulnsward	2015-02-24 18:15:28	docs/_posts/2015-02-24-streamlining-react-elements.md	False	False	True	True
3250	sebmarkbage	2015-02-24 10:08:02	zpao	2015-02-24 18:07:27	docs/_posts/2015-02-24-streamlining-react-elements.md	False	False	True	True
3250	sebmarkbage	2015-02-24 10:08:02	zpao	2015-02-24 18:03:41	docs/_posts/2015-02-24-streamlining-react-elements.md	False	False	True	True
3250	sebmarkbage	2015-02-24 10:08:02	zpao	2015-02-24 17:59:55	docs/_posts/2015-02-24-streamlining-react-elements.md	False	False	True	True
3250	sebmarkbage	2015-02-24 10:08:02	jeffchan	2015-02-24 11:56:00	docs/_posts/2015-02-24-streamlining-react-elements.md	False	False	True	True
3250	sebmarkbage	2015-02-24 10:08:02	zpao	2015-02-24 17:55:25	docs/_posts/2015-02-24-streamlining-react-elements.md	False	False	True	True
3250	sebmarkbage	2015-02-24 10:08:02	zpao	2015-02-24 17:49:00	docs/_posts/2015-02-24-streamlining-react-elements.md	False	False	True	True
3250	sebmarkbage	2015-02-24 10:08:02	zpao	2015-02-24 17:53:17	docs/_posts/2015-02-24-streamlining-react-elements.md	False	False	True	True
3250	sebmarkbage	2015-02-24 10:08:02	zpao	2015-02-24 17:39:16	docs/_posts/2015-02-24-streamlining-react-elements.md	False	False	True	True
3250	sebmarkbage	2015-02-24 10:08:02	julen	2015-02-24 10:27:46	docs/_posts/2015-02-24-streamlining-react-elements.md	False	False	True	True
3250	sebmarkbage	2015-02-24 10:08:02	zpao	2015-02-24 18:06:25	docs/_posts/2015-02-24-streamlining-react-elements.md	False	False	True	True
3250	sebmarkbage	2015-02-24 10:08:02	zpao	2015-02-24 17:42:15	docs/_posts/2015-02-24-streamlining-react-elements.md	False	False	True	True
3250	sebmarkbage	2015-02-24 10:08:02	zpao	2015-02-24 17:50:50	docs/_posts/2015-02-24-streamlining-react-elements.md	False	False	True	True
3246	sophiebits	2015-02-23 23:00:29	yungsters	2015-02-24 01:37:21	src/browser/ui/ReactDefaultInjection.js	True	False	True	True
3246	sophiebits	2015-02-23 23:00:29	yungsters	2015-02-24 01:37:21	src/browser/eventPlugins/DefaultEventPluginOrder.js	True	False	True	True
3246	sophiebits	2015-02-23 23:00:29	yungsters	2015-02-24 01:37:21	src/browser/eventPlugins/MobileSafariClickEventPlugin.js	True	False	True	True
3246	sophiebits	2015-02-23 23:00:29	yungsters	2015-02-24 01:37:21	src/browser/eventPlugins/SimpleEventPlugin.js	True	False	True	True
3246	sophiebits	2015-02-23 23:00:29	yungsters	2015-02-24 01:37:21	src/browser/ui/__tests__/ReactDOMComponent-test.js	True	False	True	True
3246	sophiebits	2015-02-23 23:00:29	yungsters	2015-02-24 01:37:21	src/event/EventPluginHub.js	True	False	True	True
3246	sophiebits	2015-02-23 23:00:29	yungsters	2015-02-24 01:37:21	src/browser/ui/ReactDOMComponent.js	True	False	True	True
3243	TrySpace	2015-02-23 18:58:52	iamdustan	2015-02-23 19:17:46	docs/docs/ref-03-component-specs.md	True	True	True	True
3211	banderson	2015-02-20 02:43:38	sophiebits	2015-02-26 01:38:40	src/browser/ui/__tests__/ReactMount-test.js	False	True	True	True
3211	banderson	2015-02-20 02:43:38	sophiebits	2015-02-26 01:35:55	src/browser/ui/__tests__/ReactMount-test.js	False	True	True	True
3211	banderson	2015-02-20 02:43:38	sophiebits	2015-02-26 01:35:55	src/browser/ui/ReactMount.js	False	True	True	True
3211	banderson	2015-02-20 02:43:38	sophiebits	2015-02-26 01:35:55	src/browser/ui/ReactMount.js	True	True	True	True
3211	banderson	2015-02-20 02:43:38	sophiebits	2015-02-26 01:35:55	src/browser/ui/__tests__/ReactMount-test.js	True	True	True	True
3211	banderson	2015-02-20 02:43:38	sophiebits	2015-02-26 01:38:40	src/browser/ui/ReactMount.js	False	True	True	True
3211	banderson	2015-02-20 02:43:38	sophiebits	2015-02-26 01:36:33	src/browser/ui/ReactMount.js	True	True	True	True
3211	banderson	2015-02-20 02:43:38	sophiebits	2015-02-26 01:38:40	src/browser/ui/ReactMount.js	True	True	True	True
3211	banderson	2015-02-20 02:43:38	sophiebits	2015-02-26 01:38:40	src/browser/ui/__tests__/ReactMount-test.js	True	True	True	True
3211	banderson	2015-02-20 02:43:38	sophiebits	2015-02-26 01:36:33	src/browser/ui/ReactMount.js	False	True	True	True
3211	banderson	2015-02-20 02:43:38	sophiebits	2015-02-26 01:36:33	src/browser/ui/__tests__/ReactMount-test.js	False	True	True	True
3211	banderson	2015-02-20 02:43:38	sophiebits	2015-02-26 01:36:33	src/browser/ui/__tests__/ReactMount-test.js	True	True	True	True
3201	zpao	2015-02-19 19:29:38	sophiebits	2015-02-19 19:59:18	src/classic/class/__tests__/ReactClass-test.js	True	False	True	True
3201	zpao	2015-02-19 19:29:38	sophiebits	2015-02-19 19:59:18	src/classic/class/ReactClass.js	True	False	True	True
3182	SanderSpies	2015-02-18 17:03:19	syranide	2015-02-18 17:06:22	src/stubs/ES6Map.js	True	True	True	True
3182	SanderSpies	2015-02-18 17:03:19	syranide	2015-02-18 17:06:22	src/core/ReactInstanceMap.js	True	True	True	True
3182	SanderSpies	2015-02-18 17:03:19	syranide	2015-02-18 17:06:43	src/stubs/ES6Map.js	True	True	True	True
3182	SanderSpies	2015-02-18 17:03:19	syranide	2015-02-18 17:06:43	src/core/ReactInstanceMap.js	True	True	True	True
3182	SanderSpies	2015-02-18 17:03:19	syranide	2015-02-18 17:08:21	src/stubs/ES6Map.js	True	True	True	True
3182	SanderSpies	2015-02-18 17:03:19	syranide	2015-02-18 17:08:21	src/core/ReactInstanceMap.js	True	True	True	True
3176	jimfb	2015-02-18 00:37:10	SanderSpies	2015-02-18 08:10:50	src/browser/ui/__tests__/ReactMount-test.js	True	False	True	True
3176	jimfb	2015-02-18 00:37:10	SanderSpies	2015-02-18 08:10:50	src/vendor/third_party/webcomponents.js	True	False	True	True
3174	wincent	2015-02-17 23:23:14	zpao	2015-02-19 22:16:45	docs/_posts/2015-02-17-introducing-relay-and-graphql.md	True	True	True	True
3174	wincent	2015-02-17 23:23:14	zpao	2015-02-19 22:16:45	docs/_posts/2015-02-17-introducing-relay-and-graphql.md	False	True	True	True
3174	wincent	2015-02-17 23:23:14	zpao	2015-02-19 22:16:45	docs/_posts/2015-02-19-introducing-relay-and-graphql.md	False	True	True	True
3174	wincent	2015-02-17 23:23:14	zpao	2015-02-19 19:45:50	docs/_posts/2015-02-17-introducing-relay-and-graphql.md	True	True	True	True
3174	wincent	2015-02-17 23:23:14	zpao	2015-02-19 19:45:50	docs/_posts/2015-02-17-introducing-relay-and-graphql.md	False	True	True	True
3174	wincent	2015-02-17 23:23:14	zpao	2015-02-19 19:45:50	docs/_posts/2015-02-19-introducing-relay-and-graphql.md	False	True	True	True
3166	steveluscher	2015-02-16 23:27:11	sophiebits	2015-02-17 00:16:52	docs/_posts/2015-02-18-react-conf-roundup-2015.md	True	True	True	True
3161	koba04	2015-02-15 15:04:39	vsiao	2015-02-20 00:30:20	src/utils/cloneWithProps.js	True	True	True	True
3161	koba04	2015-02-15 15:04:39	vsiao	2015-02-20 00:30:20	docs/docs/10.5-clone-with-props.md	True	True	True	True
3148	hmarr	2015-02-14 10:09:33	sebmarkbage	2015-02-17 17:52:48	src/classic/element/ReactElementValidator.js	True	True	True	True
3145	jimfb	2015-02-14 01:17:42	zpao	2015-02-14 01:19:45	src/core/__tests__/ReactCompositeComponent-test.js	True	True	True	True
3145	jimfb	2015-02-14 01:17:42	zpao	2015-02-14 01:52:01	src/core/__tests__/ReactCompositeComponent-test.js	True	True	True	True
3145	jimfb	2015-02-14 01:17:42	zpao	2015-02-14 01:52:01	src/core/shouldUpdateReactComponent.js	True	True	True	True
3145	jimfb	2015-02-14 01:17:42	zpao	2015-02-14 01:52:01	src/core/instantiateReactComponent.js	True	True	True	True
3145	jimfb	2015-02-14 01:17:42	zpao	2015-02-14 01:19:45	src/core/instantiateReactComponent.js	True	True	True	True
3145	jimfb	2015-02-14 01:17:42	zpao	2015-02-14 01:19:45	src/core/shouldUpdateReactComponent.js	True	True	True	True
3142	jimfb	2015-02-13 22:22:27	SanderSpies	2015-02-18 09:21:01	src/vendor/core/smartWarning.js	True	True	True	True
3142	jimfb	2015-02-13 22:22:27	SanderSpies	2015-02-18 09:21:01	src/vendor/core/__tests__/smartWarning-test.js	True	True	True	True
3142	jimfb	2015-02-13 22:22:27	SanderSpies	2015-02-18 09:20:07	src/vendor/core/smartWarning.js	True	True	True	True
3142	jimfb	2015-02-13 22:22:27	SanderSpies	2015-02-18 09:20:07	src/vendor/core/__tests__/smartWarning-test.js	True	True	True	True
3129	jasom	2015-02-12 04:28:03	syranide	2015-02-12 17:17:53	vendor/fbtransform/transforms/__tests__/react-test.js	False	True	True	True
3129	jasom	2015-02-12 04:28:03	syranide	2015-02-12 17:17:53	vendor/fbtransform/transforms/jsx.js	False	True	True	True
3123	chicoxyzzy	2015-02-11 14:28:49	zpao	2015-02-12 19:34:58	.eslintrc	False	True	True	True
3123	chicoxyzzy	2015-02-11 14:28:49	zpao	2015-02-12 19:36:51	perf/tests/todolist-mount.js	False	True	True	True
3123	chicoxyzzy	2015-02-11 14:28:49	zpao	2015-02-12 19:36:51	test/.eslintrc	False	True	True	True
3123	chicoxyzzy	2015-02-11 14:28:49	zpao	2015-02-12 19:36:51	test/lib/jasmine-execute.js	False	True	True	True
3123	chicoxyzzy	2015-02-11 14:28:49	zpao	2015-02-12 19:36:51	test/lib/postDataToURL.browser.js	False	True	True	True
3123	chicoxyzzy	2015-02-11 14:28:49	zpao	2015-02-12 19:36:51	test/lib/reportTestResults.browser.js	False	True	True	True
3123	chicoxyzzy	2015-02-11 14:28:49	zpao	2015-02-12 19:34:58	src/.eslintrc	False	True	True	True
3123	chicoxyzzy	2015-02-11 14:28:49	zpao	2015-02-12 19:34:58	.eslintignore	False	True	True	True
3123	chicoxyzzy	2015-02-11 14:28:49	zpao	2015-02-12 19:30:51	src/.eslintrc	False	True	True	True
3123	chicoxyzzy	2015-02-11 14:28:49	zpao	2015-02-12 19:34:58	.jshintrc	False	True	True	True
3123	chicoxyzzy	2015-02-11 14:28:49	zpao	2015-02-12 19:34:58	Gruntfile.js	False	True	True	True
3123	chicoxyzzy	2015-02-11 14:28:49	zpao	2015-02-12 19:34:58	README.md	False	True	True	True
3123	chicoxyzzy	2015-02-11 14:28:49	zpao	2015-02-12 19:34:58	grunt/config/browserify.js	False	True	True	True
3123	chicoxyzzy	2015-02-11 14:28:49	zpao	2015-02-12 19:34:58	grunt/config/compare_size.js	False	True	True	True
3123	chicoxyzzy	2015-02-11 14:28:49	zpao	2015-02-12 19:34:58	grunt/config/copy.js	False	True	True	True
3123	chicoxyzzy	2015-02-11 14:28:49	zpao	2015-02-12 19:34:58	grunt/config/jsx.js	False	True	True	True
3123	chicoxyzzy	2015-02-11 14:28:49	zpao	2015-02-12 19:34:58	grunt/config/populist.js	False	True	True	True
3123	chicoxyzzy	2015-02-11 14:28:49	zpao	2015-02-12 19:36:51	perf/tests/todolist-do-stuff.js	False	True	True	True
3123	chicoxyzzy	2015-02-11 14:28:49	zpao	2015-02-12 19:36:51	perf/tests/todolist-edit.js	False	True	True	True
3123	chicoxyzzy	2015-02-11 14:28:49	zpao	2015-02-12 19:36:51	perf/lib/todolist.browser.js	False	True	True	True
3123	chicoxyzzy	2015-02-11 14:28:49	zpao	2015-02-12 19:36:51	perf/tests/todolist-add.js	False	True	True	True
3123	chicoxyzzy	2015-02-11 14:28:49	zpao	2015-02-12 19:36:51	perf/tests/shouldComponentUpdate.js	False	True	True	True
3123	chicoxyzzy	2015-02-11 14:28:49	zpao	2015-02-12 19:36:51	grunt/tasks/webdriver-perf.js	False	True	True	True
3123	chicoxyzzy	2015-02-11 14:28:49	zpao	2015-02-12 19:36:51	grunt/tasks/webdriver-phantomjs.js	False	True	True	True
3123	chicoxyzzy	2015-02-11 14:28:49	zpao	2015-02-12 19:36:51	main.js	False	True	True	True
3123	chicoxyzzy	2015-02-11 14:28:49	zpao	2015-02-12 19:36:51	perf/.eslintrc	False	True	True	True
3123	chicoxyzzy	2015-02-11 14:28:49	zpao	2015-02-12 19:36:51	perf/lib/BrowserPerfRunnerApp.react.js	False	True	True	True
3123	chicoxyzzy	2015-02-11 14:28:49	zpao	2015-02-12 19:36:51	perf/lib/BrowserPerfRunnerContext.react.js	False	True	True	True
3123	chicoxyzzy	2015-02-11 14:28:49	zpao	2015-02-12 19:36:51	perf/lib/perf-test-runner.browser.js	False	True	True	True
3123	chicoxyzzy	2015-02-11 14:28:49	zpao	2015-02-12 19:34:58	grunt/config/webdriver-all.js	False	True	True	True
3123	chicoxyzzy	2015-02-11 14:28:49	zpao	2015-02-12 19:36:51	perf/tests/basic-div.js	False	True	True	True
3123	chicoxyzzy	2015-02-11 14:28:49	zpao	2015-02-12 19:36:51	perf/tests/basic-unmount.js	False	True	True	True
3123	chicoxyzzy	2015-02-11 14:28:49	zpao	2015-02-12 19:36:51	perf/tests/propTypes.js	False	True	True	True
3123	chicoxyzzy	2015-02-11 14:28:49	zpao	2015-02-12 19:36:51	perf/tests/renderComponent-basic.js	False	True	True	True
3123	chicoxyzzy	2015-02-11 14:28:49	zpao	2015-02-12 19:36:51	perf/tests/sanity.js	False	True	True	True
3123	chicoxyzzy	2015-02-11 14:28:49	zpao	2015-02-12 19:36:51	perf/tests/setState-callback-5.js	False	True	True	True
3123	chicoxyzzy	2015-02-11 14:28:49	zpao	2015-02-12 19:36:51	perf/tests/setState-callback.js	False	True	True	True
3123	chicoxyzzy	2015-02-11 14:28:49	zpao	2015-02-12 19:34:58	grunt/config/server.js	False	True	True	True
3123	chicoxyzzy	2015-02-11 14:28:49	zpao	2015-02-12 19:34:58	grunt/tasks/populist.js	False	True	True	True
3123	chicoxyzzy	2015-02-11 14:28:49	zpao	2015-02-12 19:34:58	grunt/config/webdriver-jasmine.js	False	True	True	True
3123	chicoxyzzy	2015-02-11 14:28:49	zpao	2015-02-12 19:34:58	perf/tests/setState-callback.js	False	True	True	True
3123	chicoxyzzy	2015-02-11 14:28:49	zpao	2015-02-12 19:34:58	perf/lib/todolist.browser.js	False	True	True	True
3123	chicoxyzzy	2015-02-11 14:28:49	zpao	2015-02-12 19:34:58	perf/tests/basic-div.js	False	True	True	True
3123	chicoxyzzy	2015-02-11 14:28:49	zpao	2015-02-12 19:34:58	perf/tests/basic-unmount.js	False	True	True	True
3123	chicoxyzzy	2015-02-11 14:28:49	zpao	2015-02-12 19:34:58	perf/tests/propTypes.js	False	True	True	True
3123	chicoxyzzy	2015-02-11 14:28:49	zpao	2015-02-12 19:34:58	perf/tests/renderComponent-basic.js	False	True	True	True
3123	chicoxyzzy	2015-02-11 14:28:49	zpao	2015-02-12 19:34:58	perf/tests/sanity.js	False	True	True	True
3123	chicoxyzzy	2015-02-11 14:28:49	zpao	2015-02-12 19:34:58	perf/tests/setState-callback-5.js	False	True	True	True
3123	chicoxyzzy	2015-02-11 14:28:49	zpao	2015-02-12 19:34:58	perf/tests/shouldComponentUpdate.js	False	True	True	True
3123	chicoxyzzy	2015-02-11 14:28:49	zpao	2015-02-12 19:34:58	perf/lib/BrowserPerfRunnerContext.react.js	False	True	True	True
3123	chicoxyzzy	2015-02-11 14:28:49	zpao	2015-02-12 19:34:58	perf/tests/todolist-add.js	False	True	True	True
3123	chicoxyzzy	2015-02-11 14:28:49	zpao	2015-02-12 19:34:58	perf/tests/todolist-do-stuff.js	False	True	True	True
3123	chicoxyzzy	2015-02-11 14:28:49	zpao	2015-02-12 19:34:58	perf/tests/todolist-edit.js	False	True	True	True
3123	chicoxyzzy	2015-02-11 14:28:49	zpao	2015-02-12 19:34:58	perf/tests/todolist-mount.js	False	True	True	True
3123	chicoxyzzy	2015-02-11 14:28:49	zpao	2015-02-12 19:34:58	test/.eslintrc	False	True	True	True
3123	chicoxyzzy	2015-02-11 14:28:49	zpao	2015-02-12 19:34:58	test/lib/jasmine-execute.js	False	True	True	True
3123	chicoxyzzy	2015-02-11 14:28:49	zpao	2015-02-12 19:34:58	test/lib/postDataToURL.browser.js	False	True	True	True
3123	chicoxyzzy	2015-02-11 14:28:49	zpao	2015-02-12 19:34:58	perf/lib/perf-test-runner.browser.js	False	True	True	True
3123	chicoxyzzy	2015-02-11 14:28:49	zpao	2015-02-12 19:34:58	perf/lib/BrowserPerfRunnerApp.react.js	False	True	True	True
3123	chicoxyzzy	2015-02-11 14:28:49	zpao	2015-02-12 19:34:58	grunt/config/webdriver-perf.js	False	True	True	True
3123	chicoxyzzy	2015-02-11 14:28:49	zpao	2015-02-12 19:34:58	grunt/tasks/npm.js	False	True	True	True
3123	chicoxyzzy	2015-02-11 14:28:49	zpao	2015-02-12 19:34:58	grunt/tasks/coverage-parse.js	False	True	True	True
3123	chicoxyzzy	2015-02-11 14:28:49	zpao	2015-02-12 19:34:58	grunt/tasks/download-previous-version.js	False	True	True	True
3123	chicoxyzzy	2015-02-11 14:28:49	zpao	2015-02-12 19:34:58	grunt/tasks/eslint.js	False	True	True	True
3123	chicoxyzzy	2015-02-11 14:28:49	zpao	2015-02-12 19:34:58	grunt/tasks/gem-react-source.js	False	True	True	True
3123	chicoxyzzy	2015-02-11 14:28:49	zpao	2015-02-12 19:34:58	grunt/tasks/jsx.js	False	True	True	True
3123	chicoxyzzy	2015-02-11 14:28:49	zpao	2015-02-12 19:34:58	grunt/tasks/npm-react-tools.js	False	True	True	True
3123	chicoxyzzy	2015-02-11 14:28:49	zpao	2015-02-12 19:34:58	grunt/tasks/npm-react.js	False	True	True	True
3123	chicoxyzzy	2015-02-11 14:28:49	zpao	2015-02-12 19:36:51	grunt/tasks/webdriver-all.js	False	True	True	True
3123	chicoxyzzy	2015-02-11 14:28:49	zpao	2015-02-12 19:34:58	perf/.eslintrc	False	True	True	True
3123	chicoxyzzy	2015-02-11 14:28:49	zpao	2015-02-12 19:34:58	grunt/tasks/release.js	False	True	True	True
3123	chicoxyzzy	2015-02-11 14:28:49	zpao	2015-02-12 19:34:58	grunt/tasks/sauce-tunnel.js	False	True	True	True
3123	chicoxyzzy	2015-02-11 14:28:49	zpao	2015-02-12 19:34:58	grunt/tasks/webdriver-all.js	False	True	True	True
3123	chicoxyzzy	2015-02-11 14:28:49	zpao	2015-02-12 19:34:58	grunt/tasks/webdriver-jasmine.js	False	True	True	True
3123	chicoxyzzy	2015-02-11 14:28:49	zpao	2015-02-12 19:34:58	grunt/tasks/webdriver-perf.js	False	True	True	True
3123	chicoxyzzy	2015-02-11 14:28:49	zpao	2015-02-12 19:34:58	grunt/tasks/webdriver-phantomjs.js	False	True	True	True
3123	chicoxyzzy	2015-02-11 14:28:49	zpao	2015-02-12 19:34:58	main.js	False	True	True	True
3123	chicoxyzzy	2015-02-11 14:28:49	zpao	2015-02-12 19:36:51	grunt/tasks/webdriver-jasmine.js	False	True	True	True
3123	chicoxyzzy	2015-02-11 14:28:49	zpao	2015-02-12 19:36:51	grunt/tasks/coverage-parse.js	False	True	True	True
3123	chicoxyzzy	2015-02-11 14:28:49	zpao	2015-02-12 19:36:51	grunt/tasks/sauce-tunnel.js	False	True	True	True
3123	chicoxyzzy	2015-02-11 14:28:49	zpao	2015-02-12 19:40:45	grunt/tasks/webdriver-jasmine.js	False	True	True	True
3123	chicoxyzzy	2015-02-11 14:28:49	zpao	2015-02-12 19:40:45	grunt/tasks/npm-react-tools.js	False	True	True	True
3123	chicoxyzzy	2015-02-11 14:28:49	zpao	2015-02-12 19:40:45	grunt/tasks/npm-react.js	False	True	True	True
3123	chicoxyzzy	2015-02-11 14:28:49	zpao	2015-02-12 19:40:45	grunt/tasks/npm.js	False	True	True	True
3123	chicoxyzzy	2015-02-11 14:28:49	zpao	2015-02-12 19:40:45	grunt/tasks/populist.js	False	True	True	True
3123	chicoxyzzy	2015-02-11 14:28:49	zpao	2015-02-12 19:40:45	grunt/tasks/release.js	False	True	True	True
3123	chicoxyzzy	2015-02-11 14:28:49	zpao	2015-02-12 19:40:45	grunt/tasks/sauce-tunnel.js	False	True	True	True
3123	chicoxyzzy	2015-02-11 14:28:49	zpao	2015-02-12 19:40:45	grunt/tasks/webdriver-all.js	False	True	True	True
3123	chicoxyzzy	2015-02-11 14:28:49	zpao	2015-02-12 19:40:45	grunt/tasks/webdriver-perf.js	False	True	True	True
3123	chicoxyzzy	2015-02-11 14:28:49	zpao	2015-02-12 19:40:45	perf/tests/basic-unmount.js	False	True	True	True
3123	chicoxyzzy	2015-02-11 14:28:49	zpao	2015-02-12 19:40:45	grunt/tasks/webdriver-phantomjs.js	False	True	True	True
3123	chicoxyzzy	2015-02-11 14:28:49	zpao	2015-02-12 19:40:45	main.js	False	True	True	True
3123	chicoxyzzy	2015-02-11 14:28:49	zpao	2015-02-12 19:40:45	perf/.eslintrc	False	True	True	True
3123	chicoxyzzy	2015-02-11 14:28:49	zpao	2015-02-12 19:40:45	perf/lib/BrowserPerfRunnerApp.react.js	False	True	True	True
3123	chicoxyzzy	2015-02-11 14:28:49	zpao	2015-02-12 19:40:45	perf/lib/BrowserPerfRunnerContext.react.js	False	True	True	True
3123	chicoxyzzy	2015-02-11 14:28:49	zpao	2015-02-12 19:40:45	perf/lib/perf-test-runner.browser.js	False	True	True	True
3123	chicoxyzzy	2015-02-11 14:28:49	zpao	2015-02-12 19:40:45	perf/lib/todolist.browser.js	False	True	True	True
3123	chicoxyzzy	2015-02-11 14:28:49	zpao	2015-02-12 19:40:45	grunt/tasks/jsx.js	False	True	True	True
3123	chicoxyzzy	2015-02-11 14:28:49	zpao	2015-02-12 19:40:45	grunt/tasks/gem-react-source.js	False	True	True	True
3123	chicoxyzzy	2015-02-11 14:28:49	zpao	2015-02-12 19:40:45	grunt/tasks/download-previous-version.js	False	True	True	True
3123	chicoxyzzy	2015-02-11 14:28:49	zpao	2015-02-12 19:40:45	grunt/tasks/coverage-parse.js	False	True	True	True
3123	chicoxyzzy	2015-02-11 14:28:49	zpao	2015-02-12 19:40:45	src/.eslintrc	False	True	True	True
3123	chicoxyzzy	2015-02-11 14:28:49	zpao	2015-02-12 19:40:45	.eslintignore	False	True	True	True
3123	chicoxyzzy	2015-02-11 14:28:49	zpao	2015-02-12 19:40:45	.eslintrc	False	True	True	True
3123	chicoxyzzy	2015-02-11 14:28:49	zpao	2015-02-12 19:40:45	.jshintrc	False	True	True	True
3123	chicoxyzzy	2015-02-11 14:28:49	zpao	2015-02-12 19:40:45	Gruntfile.js	False	True	True	True
3123	chicoxyzzy	2015-02-11 14:28:49	zpao	2015-02-12 19:40:45	README.md	False	True	True	True
3123	chicoxyzzy	2015-02-11 14:28:49	zpao	2015-02-12 19:40:45	grunt/config/browserify.js	False	True	True	True
3123	chicoxyzzy	2015-02-11 14:28:49	zpao	2015-02-12 19:40:45	grunt/config/compare_size.js	False	True	True	True
3123	chicoxyzzy	2015-02-11 14:28:49	zpao	2015-02-12 19:40:45	grunt/config/copy.js	False	True	True	True
3123	chicoxyzzy	2015-02-11 14:28:49	zpao	2015-02-12 19:40:45	grunt/config/jsx.js	False	True	True	True
3123	chicoxyzzy	2015-02-11 14:28:49	zpao	2015-02-12 19:40:45	grunt/config/populist.js	False	True	True	True
3123	chicoxyzzy	2015-02-11 14:28:49	zpao	2015-02-12 19:40:45	grunt/config/server.js	False	True	True	True
3123	chicoxyzzy	2015-02-11 14:28:49	zpao	2015-02-12 19:40:45	grunt/config/webdriver-all.js	False	True	True	True
3123	chicoxyzzy	2015-02-11 14:28:49	zpao	2015-02-12 19:40:45	grunt/config/webdriver-jasmine.js	False	True	True	True
3123	chicoxyzzy	2015-02-11 14:28:49	zpao	2015-02-12 19:40:45	grunt/config/webdriver-perf.js	False	True	True	True
3123	chicoxyzzy	2015-02-11 14:28:49	zpao	2015-02-12 19:40:45	perf/tests/basic-div.js	False	True	True	True
3123	chicoxyzzy	2015-02-11 14:28:49	zpao	2015-02-12 19:40:45	perf/tests/propTypes.js	False	True	True	True
3123	chicoxyzzy	2015-02-11 14:28:49	zpao	2015-02-12 19:36:51	grunt/tasks/release.js	False	True	True	True
3123	chicoxyzzy	2015-02-11 14:28:49	zpao	2015-02-12 19:36:51	grunt/config/webdriver-perf.js	False	True	True	True
3123	chicoxyzzy	2015-02-11 14:28:49	zpao	2015-02-12 19:36:51	grunt/config/compare_size.js	False	True	True	True
3123	chicoxyzzy	2015-02-11 14:28:49	zpao	2015-02-12 19:36:51	grunt/config/copy.js	False	True	True	True
3123	chicoxyzzy	2015-02-11 14:28:49	zpao	2015-02-12 19:36:51	grunt/config/jsx.js	False	True	True	True
3123	chicoxyzzy	2015-02-11 14:28:49	zpao	2015-02-12 19:36:51	grunt/config/populist.js	False	True	True	True
3123	chicoxyzzy	2015-02-11 14:28:49	zpao	2015-02-12 19:36:51	grunt/config/server.js	False	True	True	True
3123	chicoxyzzy	2015-02-11 14:28:49	zpao	2015-02-12 19:36:51	grunt/config/webdriver-all.js	False	True	True	True
3123	chicoxyzzy	2015-02-11 14:28:49	zpao	2015-02-12 19:36:51	grunt/config/webdriver-jasmine.js	False	True	True	True
3123	chicoxyzzy	2015-02-11 14:28:49	zpao	2015-02-12 19:36:51	grunt/tasks/download-previous-version.js	False	True	True	True
3123	chicoxyzzy	2015-02-11 14:28:49	zpao	2015-02-12 19:40:45	perf/tests/renderComponent-basic.js	False	True	True	True
3123	chicoxyzzy	2015-02-11 14:28:49	zpao	2015-02-12 19:36:51	grunt/tasks/eslint.js	False	True	True	True
3123	chicoxyzzy	2015-02-11 14:28:49	zpao	2015-02-12 19:36:51	grunt/tasks/gem-react-source.js	False	True	True	True
3123	chicoxyzzy	2015-02-11 14:28:49	zpao	2015-02-12 19:36:51	grunt/tasks/jsx.js	False	True	True	True
3123	chicoxyzzy	2015-02-11 14:28:49	zpao	2015-02-12 19:36:51	grunt/tasks/npm-react-tools.js	False	True	True	True
3123	chicoxyzzy	2015-02-11 14:28:49	zpao	2015-02-12 19:36:51	grunt/tasks/npm-react.js	False	True	True	True
3123	chicoxyzzy	2015-02-11 14:28:49	zpao	2015-02-12 19:36:51	grunt/tasks/npm.js	False	True	True	True
3123	chicoxyzzy	2015-02-11 14:28:49	zpao	2015-02-12 19:36:51	grunt/tasks/populist.js	False	True	True	True
3123	chicoxyzzy	2015-02-11 14:28:49	zpao	2015-02-12 19:36:51	grunt/config/browserify.js	False	True	True	True
3123	chicoxyzzy	2015-02-11 14:28:49	zpao	2015-02-12 19:36:51	README.md	False	True	True	True
3123	chicoxyzzy	2015-02-11 14:28:49	zpao	2015-02-12 19:36:51	Gruntfile.js	False	True	True	True
3123	chicoxyzzy	2015-02-11 14:28:49	zpao	2015-02-12 19:36:51	.jshintrc	False	True	True	True
3123	chicoxyzzy	2015-02-11 14:28:49	zpao	2015-02-12 19:40:45	perf/tests/sanity.js	False	True	True	True
3123	chicoxyzzy	2015-02-11 14:28:49	zpao	2015-02-12 19:40:45	perf/tests/setState-callback-5.js	False	True	True	True
3123	chicoxyzzy	2015-02-11 14:28:49	zpao	2015-02-12 19:40:45	perf/tests/setState-callback.js	False	True	True	True
3123	chicoxyzzy	2015-02-11 14:28:49	zpao	2015-02-12 19:40:45	perf/tests/shouldComponentUpdate.js	False	True	True	True
3123	chicoxyzzy	2015-02-11 14:28:49	zpao	2015-02-12 19:40:45	perf/tests/todolist-add.js	False	True	True	True
3123	chicoxyzzy	2015-02-11 14:28:49	zpao	2015-02-12 19:40:45	perf/tests/todolist-do-stuff.js	False	True	True	True
3123	chicoxyzzy	2015-02-11 14:28:49	zpao	2015-02-12 19:40:45	perf/tests/todolist-edit.js	False	True	True	True
3123	chicoxyzzy	2015-02-11 14:28:49	zpao	2015-02-12 19:40:45	perf/tests/todolist-mount.js	False	True	True	True
3123	chicoxyzzy	2015-02-11 14:28:49	zpao	2015-02-12 19:40:45	test/.eslintrc	False	True	True	True
3123	chicoxyzzy	2015-02-11 14:28:49	zpao	2015-02-12 19:40:45	test/lib/jasmine-execute.js	False	True	True	True
3123	chicoxyzzy	2015-02-11 14:28:49	zpao	2015-02-12 19:40:45	test/lib/postDataToURL.browser.js	False	True	True	True
3123	chicoxyzzy	2015-02-11 14:28:49	zpao	2015-02-12 19:40:45	test/lib/reportTestResults.browser.js	False	True	True	True
3123	chicoxyzzy	2015-02-11 14:28:49	zpao	2015-02-12 19:36:51	src/.eslintrc	False	True	True	True
3123	chicoxyzzy	2015-02-11 14:28:49	zpao	2015-02-12 19:36:51	.eslintignore	False	True	True	True
3123	chicoxyzzy	2015-02-11 14:28:49	zpao	2015-02-12 19:36:51	.eslintrc	False	True	True	True
3123	chicoxyzzy	2015-02-11 14:28:49	zpao	2015-02-12 19:34:58	test/lib/reportTestResults.browser.js	False	True	True	True
3123	chicoxyzzy	2015-02-11 14:28:49	zpao	2015-02-12 19:40:45	grunt/tasks/eslint.js	False	True	True	True
3123	chicoxyzzy	2015-02-11 14:28:49	zpao	2015-02-12 19:30:51	.eslintignore	False	True	True	True
3123	chicoxyzzy	2015-02-11 14:28:49	zpao	2015-02-12 19:43:26	Gruntfile.js	False	True	True	True
3123	chicoxyzzy	2015-02-11 14:28:49	zpao	2015-02-12 19:39:25	test/lib/jasmine-execute.js	False	True	True	True
3123	chicoxyzzy	2015-02-11 14:28:49	zpao	2015-02-12 19:39:25	test/lib/postDataToURL.browser.js	False	True	True	True
3123	chicoxyzzy	2015-02-11 14:28:49	zpao	2015-02-12 19:39:25	test/lib/reportTestResults.browser.js	False	True	True	True
3123	chicoxyzzy	2015-02-11 14:28:49	zpao	2015-02-12 19:43:26	src/.eslintrc	False	True	True	True
3123	chicoxyzzy	2015-02-11 14:28:49	zpao	2015-02-12 19:43:26	.eslintignore	False	True	True	True
3123	chicoxyzzy	2015-02-11 14:28:49	zpao	2015-02-12 19:43:26	.eslintrc	False	True	True	True
3123	chicoxyzzy	2015-02-11 14:28:49	zpao	2015-02-12 19:43:26	.jshintrc	False	True	True	True
3123	chicoxyzzy	2015-02-11 14:28:49	zpao	2015-02-12 19:43:26	README.md	False	True	True	True
3123	chicoxyzzy	2015-02-11 14:28:49	zpao	2015-02-12 19:39:25	perf/tests/todolist-mount.js	False	True	True	True
3123	chicoxyzzy	2015-02-11 14:28:49	zpao	2015-02-12 19:43:26	grunt/config/browserify.js	False	True	True	True
3123	chicoxyzzy	2015-02-11 14:28:49	zpao	2015-02-12 19:43:26	grunt/config/compare_size.js	False	True	True	True
3123	chicoxyzzy	2015-02-11 14:28:49	zpao	2015-02-12 19:43:26	grunt/config/copy.js	False	True	True	True
3123	chicoxyzzy	2015-02-11 14:28:49	zpao	2015-02-12 19:43:26	grunt/config/jsx.js	False	True	True	True
3123	chicoxyzzy	2015-02-11 14:28:49	zpao	2015-02-12 19:43:26	grunt/config/populist.js	False	True	True	True
3123	chicoxyzzy	2015-02-11 14:28:49	zpao	2015-02-12 19:43:26	grunt/config/server.js	False	True	True	True
3123	chicoxyzzy	2015-02-11 14:28:49	zpao	2015-02-12 19:43:26	grunt/config/webdriver-all.js	False	True	True	True
3123	chicoxyzzy	2015-02-11 14:28:49	zpao	2015-02-12 19:39:25	test/.eslintrc	False	True	True	True
3123	chicoxyzzy	2015-02-11 14:28:49	zpao	2015-02-12 19:39:25	perf/tests/todolist-edit.js	False	True	True	True
3123	chicoxyzzy	2015-02-11 14:28:49	zpao	2015-02-12 19:39:25	grunt/tasks/webdriver-jasmine.js	False	True	True	True
3123	chicoxyzzy	2015-02-11 14:28:49	zpao	2015-02-12 19:39:25	perf/tests/basic-div.js	False	True	True	True
3123	chicoxyzzy	2015-02-11 14:28:49	zpao	2015-02-12 19:39:25	grunt/tasks/webdriver-phantomjs.js	False	True	True	True
3123	chicoxyzzy	2015-02-11 14:28:49	zpao	2015-02-12 19:39:25	main.js	False	True	True	True
3123	chicoxyzzy	2015-02-11 14:28:49	zpao	2015-02-12 19:39:25	perf/.eslintrc	False	True	True	True
3123	chicoxyzzy	2015-02-11 14:28:49	zpao	2015-02-12 19:39:25	perf/lib/BrowserPerfRunnerApp.react.js	False	True	True	True
3123	chicoxyzzy	2015-02-11 14:28:49	zpao	2015-02-12 19:39:25	perf/lib/BrowserPerfRunnerContext.react.js	False	True	True	True
3123	chicoxyzzy	2015-02-11 14:28:49	zpao	2015-02-12 19:39:25	perf/lib/perf-test-runner.browser.js	False	True	True	True
3123	chicoxyzzy	2015-02-11 14:28:49	zpao	2015-02-12 19:39:25	perf/lib/todolist.browser.js	False	True	True	True
3123	chicoxyzzy	2015-02-11 14:28:49	zpao	2015-02-12 19:39:25	perf/tests/basic-unmount.js	False	True	True	True
3123	chicoxyzzy	2015-02-11 14:28:49	zpao	2015-02-12 19:39:25	perf/tests/todolist-do-stuff.js	False	True	True	True
3123	chicoxyzzy	2015-02-11 14:28:49	zpao	2015-02-12 19:39:25	perf/tests/propTypes.js	False	True	True	True
3123	chicoxyzzy	2015-02-11 14:28:49	zpao	2015-02-12 19:39:25	perf/tests/renderComponent-basic.js	False	True	True	True
3123	chicoxyzzy	2015-02-11 14:28:49	zpao	2015-02-12 19:39:25	perf/tests/sanity.js	False	True	True	True
3123	chicoxyzzy	2015-02-11 14:28:49	zpao	2015-02-12 19:39:25	perf/tests/setState-callback-5.js	False	True	True	True
3123	chicoxyzzy	2015-02-11 14:28:49	zpao	2015-02-12 19:39:25	perf/tests/setState-callback.js	False	True	True	True
3123	chicoxyzzy	2015-02-11 14:28:49	zpao	2015-02-12 19:39:25	perf/tests/shouldComponentUpdate.js	False	True	True	True
3123	chicoxyzzy	2015-02-11 14:28:49	zpao	2015-02-12 19:39:25	perf/tests/todolist-add.js	False	True	True	True
3123	chicoxyzzy	2015-02-11 14:28:49	zpao	2015-02-12 19:43:26	grunt/config/webdriver-jasmine.js	False	True	True	True
3123	chicoxyzzy	2015-02-11 14:28:49	zpao	2015-02-12 19:43:26	grunt/config/webdriver-perf.js	False	True	True	True
3123	chicoxyzzy	2015-02-11 14:28:49	zpao	2015-02-12 19:43:26	grunt/tasks/coverage-parse.js	False	True	True	True
3123	chicoxyzzy	2015-02-11 14:28:49	zpao	2015-02-12 19:43:26	perf/tests/setState-callback.js	False	True	True	True
3123	chicoxyzzy	2015-02-11 14:28:49	zpao	2015-02-12 19:43:26	perf/lib/todolist.browser.js	False	True	True	True
3123	chicoxyzzy	2015-02-11 14:28:49	zpao	2015-02-12 19:43:26	perf/tests/basic-div.js	False	True	True	True
3123	chicoxyzzy	2015-02-11 14:28:49	zpao	2015-02-12 19:43:26	perf/tests/basic-unmount.js	False	True	True	True
3123	chicoxyzzy	2015-02-11 14:28:49	zpao	2015-02-12 19:43:26	perf/tests/propTypes.js	False	True	True	True
3123	chicoxyzzy	2015-02-11 14:28:49	zpao	2015-02-12 19:43:26	perf/tests/renderComponent-basic.js	False	True	True	True
3123	chicoxyzzy	2015-02-11 14:28:49	zpao	2015-02-12 19:43:26	perf/tests/sanity.js	False	True	True	True
3123	chicoxyzzy	2015-02-11 14:28:49	zpao	2015-02-12 19:43:26	perf/tests/setState-callback-5.js	False	True	True	True
3123	chicoxyzzy	2015-02-11 14:28:49	zpao	2015-02-12 19:43:26	perf/tests/shouldComponentUpdate.js	False	True	True	True
3123	chicoxyzzy	2015-02-11 14:28:49	zpao	2015-02-12 19:43:26	grunt/tasks/download-previous-version.js	False	True	True	True
3123	chicoxyzzy	2015-02-11 14:28:49	zpao	2015-02-12 19:43:26	perf/tests/todolist-add.js	False	True	True	True
3123	chicoxyzzy	2015-02-11 14:28:49	zpao	2015-02-12 19:43:26	perf/tests/todolist-do-stuff.js	False	True	True	True
3123	chicoxyzzy	2015-02-11 14:28:49	zpao	2015-02-12 19:43:26	perf/tests/todolist-edit.js	False	True	True	True
3123	chicoxyzzy	2015-02-11 14:28:49	zpao	2015-02-12 19:43:26	perf/tests/todolist-mount.js	False	True	True	True
3123	chicoxyzzy	2015-02-11 14:28:49	zpao	2015-02-12 19:43:26	test/.eslintrc	False	True	True	True
3123	chicoxyzzy	2015-02-11 14:28:49	zpao	2015-02-12 19:43:26	test/lib/jasmine-execute.js	False	True	True	True
3123	chicoxyzzy	2015-02-11 14:28:49	zpao	2015-02-12 19:43:26	test/lib/reportTestResults.browser.js	False	True	True	True
3123	chicoxyzzy	2015-02-11 14:28:49	zpao	2015-02-12 19:30:51	.eslintrc	False	True	True	True
3123	chicoxyzzy	2015-02-11 14:28:49	zpao	2015-02-12 19:43:26	perf/lib/perf-test-runner.browser.js	False	True	True	True
3123	chicoxyzzy	2015-02-11 14:28:49	zpao	2015-02-12 19:43:26	perf/lib/BrowserPerfRunnerContext.react.js	False	True	True	True
3123	chicoxyzzy	2015-02-11 14:28:49	zpao	2015-02-12 19:43:26	perf/lib/BrowserPerfRunnerApp.react.js	False	True	True	True
3123	chicoxyzzy	2015-02-11 14:28:49	zpao	2015-02-12 19:43:26	grunt/tasks/eslint.js	False	True	True	True
3123	chicoxyzzy	2015-02-11 14:28:49	zpao	2015-02-12 19:43:26	grunt/tasks/gem-react-source.js	False	True	True	True
3123	chicoxyzzy	2015-02-11 14:28:49	zpao	2015-02-12 19:43:26	grunt/tasks/jsx.js	False	True	True	True
3123	chicoxyzzy	2015-02-11 14:28:49	zpao	2015-02-12 19:43:26	grunt/tasks/npm-react-tools.js	False	True	True	True
3123	chicoxyzzy	2015-02-11 14:28:49	zpao	2015-02-12 19:43:26	grunt/tasks/npm-react.js	False	True	True	True
3123	chicoxyzzy	2015-02-11 14:28:49	zpao	2015-02-12 19:43:26	grunt/tasks/npm.js	False	True	True	True
3123	chicoxyzzy	2015-02-11 14:28:49	zpao	2015-02-12 19:43:26	grunt/tasks/populist.js	False	True	True	True
3123	chicoxyzzy	2015-02-11 14:28:49	zpao	2015-02-12 19:43:26	grunt/tasks/release.js	False	True	True	True
3123	chicoxyzzy	2015-02-11 14:28:49	zpao	2015-02-12 19:43:26	grunt/tasks/sauce-tunnel.js	False	True	True	True
3123	chicoxyzzy	2015-02-11 14:28:49	zpao	2015-02-12 19:43:26	grunt/tasks/webdriver-all.js	False	True	True	True
3123	chicoxyzzy	2015-02-11 14:28:49	zpao	2015-02-12 19:43:26	grunt/tasks/webdriver-jasmine.js	False	True	True	True
3123	chicoxyzzy	2015-02-11 14:28:49	zpao	2015-02-12 19:43:26	grunt/tasks/webdriver-perf.js	False	True	True	True
3123	chicoxyzzy	2015-02-11 14:28:49	zpao	2015-02-12 19:43:26	grunt/tasks/webdriver-phantomjs.js	False	True	True	True
3123	chicoxyzzy	2015-02-11 14:28:49	zpao	2015-02-12 19:43:26	main.js	False	True	True	True
3123	chicoxyzzy	2015-02-11 14:28:49	zpao	2015-02-12 19:43:26	perf/.eslintrc	False	True	True	True
3123	chicoxyzzy	2015-02-11 14:28:49	zpao	2015-02-12 19:39:25	grunt/tasks/webdriver-perf.js	False	True	True	True
3123	chicoxyzzy	2015-02-11 14:28:49	zpao	2015-02-12 19:43:26	test/lib/postDataToURL.browser.js	False	True	True	True
3123	chicoxyzzy	2015-02-11 14:28:49	zpao	2015-02-12 19:39:25	grunt/tasks/webdriver-all.js	False	True	True	True
3123	chicoxyzzy	2015-02-11 14:28:49	zpao	2015-02-12 19:30:51	grunt/tasks/webdriver-phantomjs.js	False	True	True	True
3123	chicoxyzzy	2015-02-11 14:28:49	zpao	2015-02-12 19:30:51	grunt/tasks/npm-react.js	False	True	True	True
3123	chicoxyzzy	2015-02-11 14:28:49	zpao	2015-02-12 19:30:51	grunt/tasks/npm.js	False	True	True	True
3123	chicoxyzzy	2015-02-11 14:28:49	zpao	2015-02-12 19:30:51	grunt/tasks/release.js	False	True	True	True
3123	chicoxyzzy	2015-02-11 14:28:49	zpao	2015-02-12 19:30:51	grunt/tasks/sauce-tunnel.js	False	True	True	True
3123	chicoxyzzy	2015-02-11 14:28:49	zpao	2015-02-12 19:30:51	grunt/tasks/webdriver-all.js	False	True	True	True
3123	chicoxyzzy	2015-02-11 14:28:49	zpao	2015-02-12 19:30:51	grunt/tasks/webdriver-jasmine.js	False	True	True	True
3123	chicoxyzzy	2015-02-11 14:28:49	zpao	2015-02-12 19:30:51	grunt/tasks/webdriver-perf.js	False	True	True	True
3123	chicoxyzzy	2015-02-11 14:28:49	zpao	2015-02-12 19:30:51	main.js	False	True	True	True
3123	chicoxyzzy	2015-02-11 14:28:49	zpao	2015-02-12 19:30:51	perf/tests/renderComponent-basic.js	False	True	True	True
3123	chicoxyzzy	2015-02-11 14:28:49	zpao	2015-02-12 19:30:51	perf/.eslintrc	False	True	True	True
3123	chicoxyzzy	2015-02-11 14:28:49	zpao	2015-02-12 19:30:51	perf/lib/BrowserPerfRunnerApp.react.js	False	True	True	True
3123	chicoxyzzy	2015-02-11 14:28:49	zpao	2015-02-12 19:30:51	perf/lib/BrowserPerfRunnerContext.react.js	False	True	True	True
3123	chicoxyzzy	2015-02-11 14:28:49	zpao	2015-02-12 19:30:51	perf/lib/perf-test-runner.browser.js	False	True	True	True
3123	chicoxyzzy	2015-02-11 14:28:49	zpao	2015-02-12 19:30:51	perf/lib/todolist.browser.js	False	True	True	True
3123	chicoxyzzy	2015-02-11 14:28:49	zpao	2015-02-12 19:30:51	perf/tests/basic-div.js	False	True	True	True
3123	chicoxyzzy	2015-02-11 14:28:49	zpao	2015-02-12 19:30:51	perf/tests/basic-unmount.js	False	True	True	True
3123	chicoxyzzy	2015-02-11 14:28:49	zpao	2015-02-12 19:30:51	grunt/tasks/npm-react-tools.js	False	True	True	True
3123	chicoxyzzy	2015-02-11 14:28:49	zpao	2015-02-12 19:30:51	grunt/tasks/jsx.js	False	True	True	True
3123	chicoxyzzy	2015-02-11 14:28:49	zpao	2015-02-12 19:30:51	grunt/tasks/gem-react-source.js	False	True	True	True
3123	chicoxyzzy	2015-02-11 14:28:49	zpao	2015-02-12 19:30:51	grunt/tasks/eslint.js	False	True	True	True
3123	chicoxyzzy	2015-02-11 14:28:49	zpao	2015-02-12 19:39:25	grunt/tasks/sauce-tunnel.js	False	True	True	True
3123	chicoxyzzy	2015-02-11 14:28:49	zpao	2015-02-12 19:30:51	.jshintrc	False	True	True	True
3123	chicoxyzzy	2015-02-11 14:28:49	zpao	2015-02-12 19:30:51	Gruntfile.js	False	True	True	True
3123	chicoxyzzy	2015-02-11 14:28:49	zpao	2015-02-12 19:30:51	README.md	False	True	True	True
3123	chicoxyzzy	2015-02-11 14:28:49	zpao	2015-02-12 19:30:51	grunt/config/browserify.js	False	True	True	True
3123	chicoxyzzy	2015-02-11 14:28:49	zpao	2015-02-12 19:30:51	grunt/config/compare_size.js	False	True	True	True
3123	chicoxyzzy	2015-02-11 14:28:49	zpao	2015-02-12 19:30:51	grunt/config/copy.js	False	True	True	True
3123	chicoxyzzy	2015-02-11 14:28:49	zpao	2015-02-12 19:30:51	grunt/config/jsx.js	False	True	True	True
3123	chicoxyzzy	2015-02-11 14:28:49	zpao	2015-02-12 19:30:51	grunt/config/populist.js	False	True	True	True
3123	chicoxyzzy	2015-02-11 14:28:49	zpao	2015-02-12 19:30:51	grunt/config/server.js	False	True	True	True
3123	chicoxyzzy	2015-02-11 14:28:49	zpao	2015-02-12 19:30:51	grunt/config/webdriver-all.js	False	True	True	True
3123	chicoxyzzy	2015-02-11 14:28:49	zpao	2015-02-12 19:30:51	grunt/config/webdriver-jasmine.js	False	True	True	True
3123	chicoxyzzy	2015-02-11 14:28:49	zpao	2015-02-12 19:30:51	grunt/config/webdriver-perf.js	False	True	True	True
3123	chicoxyzzy	2015-02-11 14:28:49	zpao	2015-02-12 19:30:51	grunt/tasks/coverage-parse.js	False	True	True	True
3123	chicoxyzzy	2015-02-11 14:28:49	zpao	2015-02-12 19:30:51	grunt/tasks/download-previous-version.js	False	True	True	True
3123	chicoxyzzy	2015-02-11 14:28:49	zpao	2015-02-12 19:30:51	perf/tests/propTypes.js	False	True	True	True
3123	chicoxyzzy	2015-02-11 14:28:49	zpao	2015-02-12 19:30:51	grunt/tasks/populist.js	False	True	True	True
3123	chicoxyzzy	2015-02-11 14:28:49	zpao	2015-02-12 19:30:51	perf/tests/sanity.js	False	True	True	True
3123	chicoxyzzy	2015-02-11 14:28:49	zpao	2015-02-12 19:39:25	grunt/tasks/download-previous-version.js	False	True	True	True
3123	chicoxyzzy	2015-02-11 14:28:49	zpao	2015-02-12 19:39:25	grunt/config/jsx.js	False	True	True	True
3123	chicoxyzzy	2015-02-11 14:28:49	zpao	2015-02-12 19:39:25	grunt/config/populist.js	False	True	True	True
3123	chicoxyzzy	2015-02-11 14:28:49	zpao	2015-02-12 19:39:25	grunt/config/server.js	False	True	True	True
3123	chicoxyzzy	2015-02-11 14:28:49	zpao	2015-02-12 19:39:25	grunt/config/webdriver-all.js	False	True	True	True
3123	chicoxyzzy	2015-02-11 14:28:49	zpao	2015-02-12 19:39:25	grunt/config/webdriver-jasmine.js	False	True	True	True
3123	chicoxyzzy	2015-02-11 14:28:49	zpao	2015-02-12 19:39:25	grunt/config/webdriver-perf.js	False	True	True	True
3123	chicoxyzzy	2015-02-11 14:28:49	zpao	2015-02-12 19:39:25	grunt/tasks/coverage-parse.js	False	True	True	True
3123	chicoxyzzy	2015-02-11 14:28:49	zpao	2015-02-12 19:39:25	grunt/tasks/eslint.js	False	True	True	True
3123	chicoxyzzy	2015-02-11 14:28:49	zpao	2015-02-12 19:39:25	grunt/config/compare_size.js	False	True	True	True
3123	chicoxyzzy	2015-02-11 14:28:49	zpao	2015-02-12 19:39:25	grunt/tasks/gem-react-source.js	False	True	True	True
3123	chicoxyzzy	2015-02-11 14:28:49	zpao	2015-02-12 19:39:25	grunt/tasks/jsx.js	False	True	True	True
3123	chicoxyzzy	2015-02-11 14:28:49	zpao	2015-02-12 19:39:25	grunt/tasks/npm-react-tools.js	False	True	True	True
3123	chicoxyzzy	2015-02-11 14:28:49	zpao	2015-02-12 19:39:25	grunt/tasks/npm-react.js	False	True	True	True
3123	chicoxyzzy	2015-02-11 14:28:49	zpao	2015-02-12 19:30:51	perf/tests/setState-callback-5.js	False	True	True	True
3123	chicoxyzzy	2015-02-11 14:28:49	zpao	2015-02-12 19:39:25	grunt/tasks/populist.js	False	True	True	True
3123	chicoxyzzy	2015-02-11 14:28:49	zpao	2015-02-12 19:39:25	grunt/tasks/release.js	False	True	True	True
3123	chicoxyzzy	2015-02-11 14:28:49	zpao	2015-02-12 19:39:25	grunt/config/copy.js	False	True	True	True
3123	chicoxyzzy	2015-02-11 14:28:49	zpao	2015-02-12 19:39:25	grunt/tasks/npm.js	False	True	True	True
3123	chicoxyzzy	2015-02-11 14:28:49	zpao	2015-02-12 19:39:25	grunt/config/browserify.js	False	True	True	True
3123	chicoxyzzy	2015-02-11 14:28:49	zpao	2015-02-12 19:30:51	test/lib/postDataToURL.browser.js	False	True	True	True
3123	chicoxyzzy	2015-02-11 14:28:49	zpao	2015-02-12 19:39:25	README.md	False	True	True	True
3123	chicoxyzzy	2015-02-11 14:28:49	zpao	2015-02-12 19:30:51	perf/tests/shouldComponentUpdate.js	False	True	True	True
3123	chicoxyzzy	2015-02-11 14:28:49	zpao	2015-02-12 19:30:51	perf/tests/todolist-add.js	False	True	True	True
3123	chicoxyzzy	2015-02-11 14:28:49	zpao	2015-02-12 19:30:51	perf/tests/todolist-do-stuff.js	False	True	True	True
3123	chicoxyzzy	2015-02-11 14:28:49	zpao	2015-02-12 19:30:51	perf/tests/todolist-edit.js	False	True	True	True
3123	chicoxyzzy	2015-02-11 14:28:49	zpao	2015-02-12 19:30:51	perf/tests/todolist-mount.js	False	True	True	True
3123	chicoxyzzy	2015-02-11 14:28:49	zpao	2015-02-12 19:30:51	test/lib/jasmine-execute.js	False	True	True	True
3123	chicoxyzzy	2015-02-11 14:28:49	zpao	2015-02-12 19:30:51	test/.eslintrc	False	True	True	True
3123	chicoxyzzy	2015-02-11 14:28:49	zpao	2015-02-12 19:30:51	test/lib/reportTestResults.browser.js	False	True	True	True
3123	chicoxyzzy	2015-02-11 14:28:49	zpao	2015-02-12 19:39:25	src/.eslintrc	False	True	True	True
3123	chicoxyzzy	2015-02-11 14:28:49	zpao	2015-02-12 19:39:25	.eslintignore	False	True	True	True
3123	chicoxyzzy	2015-02-11 14:28:49	zpao	2015-02-12 19:39:25	.eslintrc	False	True	True	True
3123	chicoxyzzy	2015-02-11 14:28:49	zpao	2015-02-12 19:39:25	.jshintrc	False	True	True	True
3123	chicoxyzzy	2015-02-11 14:28:49	zpao	2015-02-12 19:30:51	perf/tests/setState-callback.js	False	True	True	True
3123	chicoxyzzy	2015-02-11 14:28:49	zpao	2015-02-12 19:39:25	Gruntfile.js	False	True	True	True
3108	zpao	2015-02-10 03:39:00	sophiebits	2015-02-11 22:32:58	examples/quadratic/example.js	True	False	True	True
3108	zpao	2015-02-10 03:39:00	sophiebits	2015-02-11 22:32:27	examples/ballmer-peak/ballmer_peak.png	True	False	True	True
3108	zpao	2015-02-10 03:39:00	sophiebits	2015-02-11 22:32:27	examples/ballmer-peak/example.js	True	False	True	True
3108	zpao	2015-02-10 03:39:00	sophiebits	2015-02-11 22:32:27	examples/quadratic/example.js	True	False	True	True
3108	zpao	2015-02-10 03:39:00	sophiebits	2015-02-11 22:32:27	examples/quadratic/index.html	True	False	True	True
3108	zpao	2015-02-10 03:39:00	sophiebits	2015-02-11 22:32:58	examples/ballmer-peak/example.js	True	False	True	True
3108	zpao	2015-02-10 03:39:00	sophiebits	2015-02-11 22:32:58	examples/ballmer-peak/ballmer_peak.png	True	False	True	True
3108	zpao	2015-02-10 03:39:00	sophiebits	2015-02-11 22:32:58	examples/quadratic/index.html	True	False	True	True
3108	zpao	2015-02-10 03:39:00	sophiebits	2015-02-11 22:34:21	examples/ballmer-peak/example.js	True	False	True	True
3108	zpao	2015-02-10 03:39:00	sophiebits	2015-02-11 22:34:21	examples/quadratic/example.js	True	False	True	True
3108	zpao	2015-02-10 03:39:00	sophiebits	2015-02-11 22:34:21	examples/quadratic/index.html	True	False	True	True
3108	zpao	2015-02-10 03:39:00	sophiebits	2015-02-11 22:34:21	examples/ballmer-peak/ballmer_peak.png	True	False	True	True
3107	sebmarkbage	2015-02-10 03:22:29	zpao	2015-02-10 18:26:04	src/addons/__tests__/ReactFragment-test.js	False	False	True	True
3107	sebmarkbage	2015-02-10 03:22:29	zpao	2015-02-10 18:26:04	src/addons/ReactFragment.js	False	False	True	True
3107	sebmarkbage	2015-02-10 03:22:29	sophiebits	2015-02-10 17:23:53	src/addons/__tests__/ReactFragment-test.js	False	False	True	True
3107	sebmarkbage	2015-02-10 03:22:29	sophiebits	2015-02-10 17:23:53	src/addons/ReactFragment.js	False	False	True	True
3104	jimfb	2015-02-10 01:43:38	sebmarkbage	2015-02-10 20:30:54	src/browser/ui/dom/components/ReactDOMInput.js	True	True	True	True
3104	jimfb	2015-02-10 01:43:38	sebmarkbage	2015-02-10 20:30:54	src/addons/transitions/ReactCSSTransitionGroup.js	True	True	True	True
3104	jimfb	2015-02-10 01:43:38	sebmarkbage	2015-02-10 20:30:54	src/addons/transitions/ReactTransitionGroup.js	True	True	True	True
3104	jimfb	2015-02-10 01:43:38	sebmarkbage	2015-02-10 20:30:54	src/browser/ui/dom/DOMPropertyOperations.js	True	True	True	True
3104	jimfb	2015-02-10 01:43:38	sebmarkbage	2015-02-10 20:30:54	src/browser/ui/dom/components/ReactDOMSelect.js	True	True	True	True
3104	jimfb	2015-02-10 01:43:38	sebmarkbage	2015-02-10 20:30:54	src/browser/ui/dom/components/ReactDOMTextarea.js	True	True	True	True
3103	zpao	2015-02-10 01:11:19	sebmarkbage	2015-02-10 01:13:43	src/core/__tests__/ReactCompositeComponent-test.js	True	False	True	True
3103	zpao	2015-02-10 01:11:19	sebmarkbage	2015-02-10 01:13:43	src/core/__tests__/ReactComponentLifeCycle-test.js	True	False	True	True
3103	zpao	2015-02-10 01:11:19	sebmarkbage	2015-02-10 01:13:43	src/core/ReactUpdateQueue.js	True	False	True	True
3097	zpao	2015-02-09 19:33:08	sophiebits	2015-02-09 20:50:58	.eslintignore	True	False	True	True
3097	zpao	2015-02-09 19:33:08	sophiebits	2015-02-09 20:50:58	package.json	True	False	True	True
3097	zpao	2015-02-09 19:33:08	sophiebits	2015-02-09 20:50:58	src/.eslintrc	True	False	True	True
3097	zpao	2015-02-09 19:33:08	sophiebits	2015-02-09 20:50:58	src/browser/eventPlugins/BeforeInputEventPlugin.js	True	False	True	True
3097	zpao	2015-02-09 19:33:08	sophiebits	2015-02-09 20:50:58	src/browser/ui/dom/setTextContent.js	True	False	True	True
3097	zpao	2015-02-09 19:33:08	sophiebits	2015-02-09 20:50:58	src/browser/ui/ReactDOMComponent.js	True	False	True	True
3097	zpao	2015-02-09 19:33:08	sophiebits	2015-02-09 20:50:58	src/browser/ui/ReactDOMTextComponent.js	True	False	True	True
3097	zpao	2015-02-09 19:33:08	sophiebits	2015-02-09 20:50:58	src/browser/ui/dom/DOMPropertyOperations.js	True	False	True	True
3097	zpao	2015-02-09 19:33:08	sophiebits	2015-02-09 20:50:58	src/browser/ui/dom/components/__tests__/ReactDOMIframe-test.js	True	False	True	True
3097	zpao	2015-02-09 19:33:08	sophiebits	2015-02-09 20:50:58	src/browser/eventPlugins/SimpleEventPlugin.js	True	False	True	True
3097	zpao	2015-02-09 19:33:08	sophiebits	2015-02-09 20:50:58	src/classic/types/ReactPropTypes.js	True	False	True	True
3097	zpao	2015-02-09 19:33:08	sophiebits	2015-02-09 20:50:58	src/modern/class/ReactComponent.js	True	False	True	True
3097	zpao	2015-02-09 19:33:08	sophiebits	2015-02-09 20:50:58	src/utils/quoteAttributeValueForBrowser.js	True	False	True	True
3097	zpao	2015-02-09 19:33:08	sophiebits	2015-02-09 20:50:58	src/utils/__tests__/quoteAttributeValueForBrowser-test.js	True	False	True	True
3097	zpao	2015-02-09 19:33:08	sophiebits	2015-02-09 20:50:58	src/core/ReactCompositeComponent.js	True	False	True	True
3097	zpao	2015-02-09 19:33:08	sophiebits	2015-02-09 20:50:58	src/event/EventPluginUtils.js	True	False	True	True
3097	zpao	2015-02-09 19:33:08	sophiebits	2015-02-09 20:50:58	src/core/ReactUpdateQueue.js	True	False	True	True
3097	zpao	2015-02-09 19:33:08	sophiebits	2015-02-09 20:50:58	src/core/ReactLifeCycle.js	True	False	True	True
3067	jimfb	2015-02-05 20:18:56	sophiebits	2015-04-27 23:49:32	src/renderers/dom/client/ReactDOMIDOperations.js	False	True	True	True
3067	jimfb	2015-02-05 20:18:56	sophiebits	2015-04-27 23:47:46	src/renderers/dom/shared/__tests__/DOMPropertyOperations-test.js	False	True	True	True
3067	jimfb	2015-02-05 20:18:56	sophiebits	2015-04-27 23:47:46	src/renderers/dom/shared/ReactDOMComponent.js	False	True	True	True
3067	jimfb	2015-02-05 20:18:56	sophiebits	2015-04-27 23:47:46	src/renderers/dom/shared/DOMPropertyOperations.js	False	True	True	True
3067	jimfb	2015-02-05 20:18:56	sophiebits	2015-04-27 23:47:46	src/renderers/dom/client/ReactDOMIDOperations.js	False	True	True	True
3067	jimfb	2015-02-05 20:18:56	sophiebits	2015-04-27 23:49:32	src/renderers/dom/shared/__tests__/ReactDOMComponent-test.js	False	True	True	True
3067	jimfb	2015-02-05 20:18:56	sophiebits	2015-04-27 23:49:32	src/renderers/dom/shared/__tests__/DOMPropertyOperations-test.js	False	True	True	True
3067	jimfb	2015-02-05 20:18:56	sophiebits	2015-04-27 23:49:32	src/renderers/dom/shared/ReactDOMComponent.js	False	True	True	True
3067	jimfb	2015-02-05 20:18:56	sophiebits	2015-04-27 23:49:32	src/renderers/dom/shared/DOMPropertyOperations.js	False	True	True	True
3067	jimfb	2015-02-05 20:18:56	gaearon	2015-02-10 18:10:14	src/renderers/dom/client/ReactDOMIDOperations.js	False	True	True	True
3067	jimfb	2015-02-05 20:18:56	gaearon	2015-02-10 18:10:14	src/renderers/dom/shared/__tests__/ReactDOMComponent-test.js	False	True	True	True
3067	jimfb	2015-02-05 20:18:56	gaearon	2015-02-10 18:10:14	src/renderers/dom/shared/__tests__/DOMPropertyOperations-test.js	False	True	True	True
3067	jimfb	2015-02-05 20:18:56	gaearon	2015-02-10 18:10:14	src/renderers/dom/shared/ReactDOMComponent.js	False	True	True	True
3067	jimfb	2015-02-05 20:18:56	sophiebits	2015-04-27 23:46:39	src/renderers/dom/client/ReactDOMIDOperations.js	False	True	True	True
3067	jimfb	2015-02-05 20:18:56	sebmarkbage	2015-02-06 23:52:58	src/renderers/dom/shared/__tests__/ReactDOMComponent-test.js	False	True	True	True
3067	jimfb	2015-02-05 20:18:56	sebmarkbage	2015-02-06 23:52:58	src/renderers/dom/shared/__tests__/DOMPropertyOperations-test.js	False	True	True	True
3067	jimfb	2015-02-05 20:18:56	sebmarkbage	2015-02-06 23:52:58	src/renderers/dom/shared/ReactDOMComponent.js	False	True	True	True
3067	jimfb	2015-02-05 20:18:56	sebmarkbage	2015-02-06 23:52:58	src/renderers/dom/shared/DOMPropertyOperations.js	False	True	True	True
3067	jimfb	2015-02-05 20:18:56	sebmarkbage	2015-02-06 23:52:58	src/renderers/dom/client/ReactDOMIDOperations.js	False	True	True	True
3067	jimfb	2015-02-05 20:18:56	sophiebits	2015-04-27 23:47:46	src/renderers/dom/shared/__tests__/ReactDOMComponent-test.js	False	True	True	True
3067	jimfb	2015-02-05 20:18:56	gaearon	2015-02-10 18:10:14	src/renderers/dom/shared/DOMPropertyOperations.js	False	True	True	True
3067	jimfb	2015-02-05 20:18:56	sophiebits	2015-04-27 23:46:39	src/renderers/dom/shared/DOMPropertyOperations.js	False	True	True	True
3067	jimfb	2015-02-05 20:18:56	sophiebits	2015-02-05 20:26:12	src/renderers/dom/shared/DOMPropertyOperations.js	False	True	True	True
3067	jimfb	2015-02-05 20:18:56	sophiebits	2015-04-27 23:46:39	src/renderers/dom/shared/ReactDOMComponent.js	False	True	True	True
3067	jimfb	2015-02-05 20:18:56	sophiebits	2015-04-27 23:48:19	src/renderers/dom/shared/__tests__/DOMPropertyOperations-test.js	False	True	True	True
3067	jimfb	2015-02-05 20:18:56	sophiebits	2015-04-27 23:48:19	src/renderers/dom/shared/ReactDOMComponent.js	False	True	True	True
3067	jimfb	2015-02-05 20:18:56	sophiebits	2015-04-27 23:48:19	src/renderers/dom/shared/DOMPropertyOperations.js	False	True	True	True
3067	jimfb	2015-02-05 20:18:56	sophiebits	2015-04-27 23:48:19	src/renderers/dom/client/ReactDOMIDOperations.js	False	True	True	True
3067	jimfb	2015-02-05 20:18:56	sophiebits	2015-02-05 20:26:12	src/renderers/dom/shared/__tests__/ReactDOMComponent-test.js	False	True	True	True
3067	jimfb	2015-02-05 20:18:56	sophiebits	2015-02-05 20:26:12	src/renderers/dom/shared/__tests__/DOMPropertyOperations-test.js	False	True	True	True
3067	jimfb	2015-02-05 20:18:56	sophiebits	2015-02-05 20:26:12	src/renderers/dom/shared/ReactDOMComponent.js	False	True	True	True
3067	jimfb	2015-02-05 20:18:56	sophiebits	2015-04-27 23:48:19	src/renderers/dom/shared/__tests__/ReactDOMComponent-test.js	False	True	True	True
3067	jimfb	2015-02-05 20:18:56	sophiebits	2015-02-05 20:26:12	src/renderers/dom/client/ReactDOMIDOperations.js	False	True	True	True
3067	jimfb	2015-02-05 20:18:56	sophiebits	2015-04-27 23:46:39	src/renderers/dom/shared/__tests__/DOMPropertyOperations-test.js	False	True	True	True
3067	jimfb	2015-02-05 20:18:56	sophiebits	2015-04-27 23:48:27	src/renderers/dom/shared/__tests__/DOMPropertyOperations-test.js	False	True	True	True
3067	jimfb	2015-02-05 20:18:56	sophiebits	2015-04-27 23:48:27	src/renderers/dom/shared/ReactDOMComponent.js	False	True	True	True
3067	jimfb	2015-02-05 20:18:56	sophiebits	2015-04-27 23:48:27	src/renderers/dom/shared/DOMPropertyOperations.js	False	True	True	True
3067	jimfb	2015-02-05 20:18:56	sophiebits	2015-04-27 23:48:27	src/renderers/dom/client/ReactDOMIDOperations.js	False	True	True	True
3067	jimfb	2015-02-05 20:18:56	sophiebits	2015-04-27 23:46:39	src/renderers/dom/shared/__tests__/ReactDOMComponent-test.js	False	True	True	True
3067	jimfb	2015-02-05 20:18:56	sophiebits	2015-04-27 23:48:27	src/renderers/dom/shared/__tests__/ReactDOMComponent-test.js	False	True	True	True
3043	Simek	2015-02-04 23:22:39	zpao	2015-02-05 00:54:27	docs/tips/03-if-else-in-JSX.md	False	True	True	True
3043	Simek	2015-02-04 23:22:39	zpao	2015-02-05 00:54:27	docs/tips/03-if-else-in-JSX.md	True	True	True	True
3041	martinstein	2015-02-04 22:59:08	zpao	2015-02-11 20:17:18	src/browser/ui/dom/components/__tests__/ReactDOMTextarea-test.js	True	True	True	True
3041	martinstein	2015-02-04 22:59:08	zpao	2015-02-11 20:17:18	src/browser/ui/dom/components/ReactDOMTextarea.js	True	True	True	True
3030	sebmarkbage	2015-02-03 21:50:36	sophiebits	2015-02-03 22:29:28	src/addons/transitions/ReactTransitionGroup.js	False	True	True	True
3030	sebmarkbage	2015-02-03 21:50:36	sophiebits	2015-02-03 22:29:28	src/classic/element/__tests__/ReactElementValidator-test.js	False	True	True	True
3030	sebmarkbage	2015-02-03 21:50:36	sophiebits	2015-02-03 22:29:28	src/core/__tests__/ReactIdentity-test.js	False	True	True	True
3030	sebmarkbage	2015-02-03 21:50:36	sophiebits	2015-02-03 22:29:28	src/classic/element/ReactElementValidator.js	False	True	True	True
3030	sebmarkbage	2015-02-03 21:50:36	sophiebits	2015-02-03 22:29:28	src/browser/__tests__/ReactDOM-test.js	False	True	True	True
3030	sebmarkbage	2015-02-03 21:50:36	sophiebits	2015-02-03 22:29:28	src/core/__tests__/ReactMultiChildReconcile-test.js	False	True	True	True
3030	sebmarkbage	2015-02-03 21:50:36	sophiebits	2015-02-03 22:29:28	src/browser/ReactWithAddons.js	False	True	True	True
3030	sebmarkbage	2015-02-03 21:50:36	sophiebits	2015-02-03 22:24:34	src/utils/sliceChildren.js	False	True	True	True
3030	sebmarkbage	2015-02-03 21:50:36	sophiebits	2015-02-03 22:29:28	src/addons/transitions/ReactTransitionChildMapping.js	False	True	True	True
3030	sebmarkbage	2015-02-03 21:50:36	sophiebits	2015-02-03 22:29:28	src/addons/__tests__/ReactFragment-test.js	False	True	True	True
3030	sebmarkbage	2015-02-03 21:50:36	sophiebits	2015-02-03 22:29:28	src/addons/ReactFragment.js	False	True	True	True
3030	sebmarkbage	2015-02-03 21:50:36	sophiebits	2015-02-03 22:24:34	src/utils/traverseAllChildren.js	False	True	True	True
3030	sebmarkbage	2015-02-03 21:50:36	sophiebits	2015-02-03 22:24:34	src/utils/__tests__/traverseAllChildren-test.js	False	True	True	True
3030	sebmarkbage	2015-02-03 21:50:36	sophiebits	2015-02-03 22:29:28	src/modern/element/__tests__/ReactJSXElementValidator-test.js	False	True	True	True
3030	sebmarkbage	2015-02-03 21:50:36	sophiebits	2015-02-03 22:24:34	src/utils/__tests__/sliceChildren-test.js	False	True	True	True
3030	sebmarkbage	2015-02-03 21:50:36	sophiebits	2015-02-03 22:29:28	src/core/__tests__/ReactMultiChildText-test.js	False	True	True	True
3030	sebmarkbage	2015-02-03 21:50:36	leebyron	2015-02-05 23:41:59	src/addons/transitions/ReactTransitionChildMapping.js	False	True	True	True
3030	sebmarkbage	2015-02-03 21:50:36	sophiebits	2015-02-03 22:29:28	src/utils/ReactChildren.js	False	True	True	True
3030	sebmarkbage	2015-02-03 21:50:36	sophiebits	2015-02-03 22:29:28	src/utils/__tests__/ReactChildren-test.js	False	True	True	True
3030	sebmarkbage	2015-02-03 21:50:36	sophiebits	2015-02-03 22:29:28	src/utils/__tests__/onlyChild-test.js	False	True	True	True
3030	sebmarkbage	2015-02-03 21:50:36	sophiebits	2015-02-03 22:29:28	src/utils/__tests__/sliceChildren-test.js	False	True	True	True
3030	sebmarkbage	2015-02-03 21:50:36	sophiebits	2015-02-03 22:29:28	src/utils/__tests__/traverseAllChildren-test.js	False	True	True	True
3030	sebmarkbage	2015-02-03 21:50:36	sophiebits	2015-02-03 22:29:28	src/utils/sliceChildren.js	False	True	True	True
3030	sebmarkbage	2015-02-03 21:50:36	sophiebits	2015-02-03 22:29:28	src/utils/traverseAllChildren.js	False	True	True	True
3030	sebmarkbage	2015-02-03 21:50:36	leebyron	2015-02-05 23:41:59	src/addons/ReactFragment.js	False	True	True	True
3030	sebmarkbage	2015-02-03 21:50:36	leebyron	2015-02-05 23:41:59	src/classic/element/__tests__/ReactElementValidator-test.js	False	True	True	True
3030	sebmarkbage	2015-02-03 21:50:36	leebyron	2015-02-05 23:41:59	src/addons/__tests__/ReactFragment-test.js	False	True	True	True
3030	sebmarkbage	2015-02-03 21:50:36	leebyron	2015-02-05 23:41:59	src/addons/transitions/ReactTransitionGroup.js	False	True	True	True
3030	sebmarkbage	2015-02-03 21:50:36	leebyron	2015-02-05 23:41:59	src/browser/ReactWithAddons.js	False	True	True	True
3030	sebmarkbage	2015-02-03 21:50:36	leebyron	2015-02-05 23:41:59	src/browser/__tests__/ReactDOM-test.js	False	True	True	True
3030	sebmarkbage	2015-02-03 21:50:36	leebyron	2015-02-05 23:41:59	src/classic/element/ReactElementValidator.js	False	True	True	True
3030	sebmarkbage	2015-02-03 21:50:36	sophiebits	2015-02-03 22:24:34	src/utils/__tests__/ReactChildren-test.js	False	True	True	True
3030	sebmarkbage	2015-02-03 21:50:36	sophiebits	2015-02-03 22:24:34	src/utils/__tests__/onlyChild-test.js	False	True	True	True
3030	sebmarkbage	2015-02-03 21:50:36	sophiebits	2015-02-03 22:36:28	src/classic/element/ReactElementValidator.js	False	True	True	True
3030	sebmarkbage	2015-02-03 21:50:36	sophiebits	2015-02-03 22:24:34	src/utils/ReactChildren.js	False	True	True	True
3030	sebmarkbage	2015-02-03 21:50:36	sophiebits	2015-02-03 22:36:28	src/utils/__tests__/onlyChild-test.js	False	True	True	True
3030	sebmarkbage	2015-02-03 21:50:36	leebyron	2015-02-05 23:41:59	src/core/__tests__/ReactMultiChildReconcile-test.js	False	True	True	True
3030	sebmarkbage	2015-02-03 21:50:36	sophiebits	2015-02-03 22:36:28	src/addons/ReactFragment.js	False	True	True	True
3030	sebmarkbage	2015-02-03 21:50:36	sophiebits	2015-02-03 22:36:28	src/addons/__tests__/ReactFragment-test.js	False	True	True	True
3030	sebmarkbage	2015-02-03 21:50:36	sophiebits	2015-02-03 22:36:28	src/addons/transitions/ReactTransitionChildMapping.js	False	True	True	True
3030	sebmarkbage	2015-02-03 21:50:36	sophiebits	2015-02-03 22:36:28	src/addons/transitions/ReactTransitionGroup.js	False	True	True	True
3030	sebmarkbage	2015-02-03 21:50:36	sophiebits	2015-02-03 22:36:28	src/browser/ReactWithAddons.js	False	True	True	True
3030	sebmarkbage	2015-02-03 21:50:36	sophiebits	2015-02-03 22:36:28	src/browser/__tests__/ReactDOM-test.js	False	True	True	True
3030	sebmarkbage	2015-02-03 21:50:36	sophiebits	2015-02-03 22:36:28	src/classic/element/__tests__/ReactElementValidator-test.js	False	True	True	True
3030	sebmarkbage	2015-02-03 21:50:36	sophiebits	2015-02-03 22:36:28	src/core/__tests__/ReactIdentity-test.js	False	True	True	True
3030	sebmarkbage	2015-02-03 21:50:36	sophiebits	2015-02-03 22:36:28	src/core/__tests__/ReactMultiChildReconcile-test.js	False	True	True	True
3030	sebmarkbage	2015-02-03 21:50:36	sophiebits	2015-02-03 22:36:28	src/core/__tests__/ReactMultiChildText-test.js	False	True	True	True
3030	sebmarkbage	2015-02-03 21:50:36	sophiebits	2015-02-03 22:36:28	src/modern/element/__tests__/ReactJSXElementValidator-test.js	False	True	True	True
3030	sebmarkbage	2015-02-03 21:50:36	sophiebits	2015-02-03 22:36:28	src/utils/ReactChildren.js	False	True	True	True
3030	sebmarkbage	2015-02-03 21:50:36	sophiebits	2015-02-03 22:36:28	src/utils/__tests__/ReactChildren-test.js	False	True	True	True
3030	sebmarkbage	2015-02-03 21:50:36	sophiebits	2015-02-03 22:36:28	src/utils/__tests__/sliceChildren-test.js	False	True	True	True
3030	sebmarkbage	2015-02-03 21:50:36	sophiebits	2015-02-03 22:24:34	src/modern/element/__tests__/ReactJSXElementValidator-test.js	False	True	True	True
3030	sebmarkbage	2015-02-03 21:50:36	sophiebits	2015-02-03 22:36:28	src/utils/__tests__/traverseAllChildren-test.js	False	True	True	True
3030	sebmarkbage	2015-02-03 21:50:36	sophiebits	2015-02-03 22:36:28	src/utils/sliceChildren.js	False	True	True	True
3030	sebmarkbage	2015-02-03 21:50:36	sophiebits	2015-02-03 22:36:28	src/utils/traverseAllChildren.js	False	True	True	True
3030	sebmarkbage	2015-02-03 21:50:36	sophiebits	2015-02-03 22:24:34	src/addons/ReactFragment.js	False	True	True	True
3030	sebmarkbage	2015-02-03 21:50:36	sophiebits	2015-02-03 22:24:34	src/addons/__tests__/ReactFragment-test.js	False	True	True	True
3030	sebmarkbage	2015-02-03 21:50:36	sophiebits	2015-02-03 22:24:34	src/addons/transitions/ReactTransitionChildMapping.js	False	True	True	True
3030	sebmarkbage	2015-02-03 21:50:36	sophiebits	2015-02-03 22:24:34	src/addons/transitions/ReactTransitionGroup.js	False	True	True	True
3030	sebmarkbage	2015-02-03 21:50:36	sophiebits	2015-02-03 22:24:34	src/browser/ReactWithAddons.js	False	True	True	True
3030	sebmarkbage	2015-02-03 21:50:36	sophiebits	2015-02-03 22:24:34	src/browser/__tests__/ReactDOM-test.js	False	True	True	True
3030	sebmarkbage	2015-02-03 21:50:36	sophiebits	2015-02-03 22:24:34	src/classic/element/ReactElementValidator.js	False	True	True	True
3030	sebmarkbage	2015-02-03 21:50:36	sophiebits	2015-02-03 22:24:34	src/classic/element/__tests__/ReactElementValidator-test.js	False	True	True	True
3030	sebmarkbage	2015-02-03 21:50:36	sophiebits	2015-02-03 22:24:34	src/core/__tests__/ReactIdentity-test.js	False	True	True	True
3030	sebmarkbage	2015-02-03 21:50:36	sophiebits	2015-02-03 22:24:34	src/core/__tests__/ReactMultiChildReconcile-test.js	False	True	True	True
3030	sebmarkbage	2015-02-03 21:50:36	sophiebits	2015-02-03 22:24:34	src/core/__tests__/ReactMultiChildText-test.js	False	True	True	True
3030	sebmarkbage	2015-02-03 21:50:36	leebyron	2015-02-05 23:41:59	src/core/__tests__/ReactIdentity-test.js	False	True	True	True
3030	sebmarkbage	2015-02-03 21:50:36	sophiebits	2015-02-03 22:32:09	src/browser/__tests__/ReactDOM-test.js	False	True	True	True
3030	sebmarkbage	2015-02-03 21:50:36	leebyron	2015-02-05 23:41:59	src/core/__tests__/ReactMultiChildText-test.js	False	True	True	True
3030	sebmarkbage	2015-02-03 21:50:36	sophiebits	2015-02-03 22:32:09	src/addons/transitions/ReactTransitionGroup.js	False	True	True	True
3030	sebmarkbage	2015-02-03 21:50:36	sophiebits	2015-02-03 22:34:39	src/classic/element/__tests__/ReactElementValidator-test.js	False	True	True	True
3030	sebmarkbage	2015-02-03 21:50:36	sophiebits	2015-02-03 22:34:39	src/core/__tests__/ReactIdentity-test.js	False	True	True	True
3030	sebmarkbage	2015-02-03 21:50:36	sophiebits	2015-02-03 22:34:39	src/core/__tests__/ReactMultiChildReconcile-test.js	False	True	True	True
3030	sebmarkbage	2015-02-03 21:50:36	sophiebits	2015-02-03 22:34:39	src/core/__tests__/ReactMultiChildText-test.js	False	True	True	True
3030	sebmarkbage	2015-02-03 21:50:36	sophiebits	2015-02-03 22:34:39	src/modern/element/__tests__/ReactJSXElementValidator-test.js	False	True	True	True
3030	sebmarkbage	2015-02-03 21:50:36	sophiebits	2015-02-03 22:34:39	src/utils/ReactChildren.js	False	True	True	True
3030	sebmarkbage	2015-02-03 21:50:36	sophiebits	2015-02-03 22:34:39	src/utils/__tests__/ReactChildren-test.js	False	True	True	True
3030	sebmarkbage	2015-02-03 21:50:36	sophiebits	2015-02-03 22:34:39	src/utils/__tests__/onlyChild-test.js	False	True	True	True
3030	sebmarkbage	2015-02-03 21:50:36	sophiebits	2015-02-03 22:34:39	src/utils/__tests__/sliceChildren-test.js	False	True	True	True
3030	sebmarkbage	2015-02-03 21:50:36	sophiebits	2015-02-03 22:34:39	src/utils/__tests__/traverseAllChildren-test.js	False	True	True	True
3030	sebmarkbage	2015-02-03 21:50:36	sophiebits	2015-02-03 22:34:39	src/utils/sliceChildren.js	False	True	True	True
3030	sebmarkbage	2015-02-03 21:50:36	sophiebits	2015-02-03 22:34:39	src/utils/traverseAllChildren.js	False	True	True	True
3030	sebmarkbage	2015-02-03 21:50:36	sophiebits	2015-02-03 22:32:09	src/addons/ReactFragment.js	False	True	True	True
3030	sebmarkbage	2015-02-03 21:50:36	sophiebits	2015-02-03 22:32:09	src/addons/transitions/ReactTransitionChildMapping.js	False	True	True	True
3030	sebmarkbage	2015-02-03 21:50:36	sophiebits	2015-02-03 22:32:09	src/browser/ReactWithAddons.js	False	True	True	True
3030	sebmarkbage	2015-02-03 21:50:36	sophiebits	2015-02-03 22:34:39	src/browser/__tests__/ReactDOM-test.js	False	True	True	True
3030	sebmarkbage	2015-02-03 21:50:36	sophiebits	2015-02-03 22:32:09	src/classic/element/ReactElementValidator.js	False	True	True	True
3030	sebmarkbage	2015-02-03 21:50:36	sophiebits	2015-02-03 22:32:09	src/classic/element/__tests__/ReactElementValidator-test.js	False	True	True	True
3030	sebmarkbage	2015-02-03 21:50:36	sophiebits	2015-02-03 22:32:09	src/core/__tests__/ReactIdentity-test.js	False	True	True	True
3030	sebmarkbage	2015-02-03 21:50:36	sophiebits	2015-02-03 22:32:09	src/core/__tests__/ReactMultiChildReconcile-test.js	False	True	True	True
3030	sebmarkbage	2015-02-03 21:50:36	sophiebits	2015-02-03 22:32:09	src/core/__tests__/ReactMultiChildText-test.js	False	True	True	True
3030	sebmarkbage	2015-02-03 21:50:36	sophiebits	2015-02-03 22:32:09	src/modern/element/__tests__/ReactJSXElementValidator-test.js	False	True	True	True
3030	sebmarkbage	2015-02-03 21:50:36	sophiebits	2015-02-03 22:32:09	src/utils/ReactChildren.js	False	True	True	True
3030	sebmarkbage	2015-02-03 21:50:36	sophiebits	2015-02-03 22:32:09	src/utils/__tests__/ReactChildren-test.js	False	True	True	True
3030	sebmarkbage	2015-02-03 21:50:36	sophiebits	2015-02-03 22:32:09	src/utils/__tests__/onlyChild-test.js	False	True	True	True
3030	sebmarkbage	2015-02-03 21:50:36	sophiebits	2015-02-03 22:32:09	src/utils/__tests__/sliceChildren-test.js	False	True	True	True
3030	sebmarkbage	2015-02-03 21:50:36	sophiebits	2015-02-03 22:32:09	src/utils/__tests__/traverseAllChildren-test.js	False	True	True	True
3030	sebmarkbage	2015-02-03 21:50:36	sophiebits	2015-02-03 22:32:09	src/utils/sliceChildren.js	False	True	True	True
3030	sebmarkbage	2015-02-03 21:50:36	sophiebits	2015-02-03 22:32:09	src/utils/traverseAllChildren.js	False	True	True	True
3030	sebmarkbage	2015-02-03 21:50:36	leebyron	2015-02-05 23:41:59	src/modern/element/__tests__/ReactJSXElementValidator-test.js	False	True	True	True
3030	sebmarkbage	2015-02-03 21:50:36	sophiebits	2015-02-03 22:34:39	src/classic/element/ReactElementValidator.js	False	True	True	True
3030	sebmarkbage	2015-02-03 21:50:36	sophiebits	2015-02-03 22:32:09	src/addons/__tests__/ReactFragment-test.js	False	True	True	True
3030	sebmarkbage	2015-02-03 21:50:36	sophiebits	2015-02-03 22:34:39	src/browser/ReactWithAddons.js	False	True	True	True
3030	sebmarkbage	2015-02-03 21:50:36	sophiebits	2015-02-03 22:33:54	src/classic/element/__tests__/ReactElementValidator-test.js	False	True	True	True
3030	sebmarkbage	2015-02-03 21:50:36	leebyron	2015-02-05 23:41:59	src/utils/ReactChildren.js	False	True	True	True
3030	sebmarkbage	2015-02-03 21:50:36	sophiebits	2015-02-03 22:34:39	src/addons/transitions/ReactTransitionGroup.js	False	True	True	True
3030	sebmarkbage	2015-02-03 21:50:36	leebyron	2015-02-05 23:41:59	src/utils/__tests__/onlyChild-test.js	False	True	True	True
3030	sebmarkbage	2015-02-03 21:50:36	leebyron	2015-02-05 23:41:59	src/utils/__tests__/sliceChildren-test.js	False	True	True	True
3030	sebmarkbage	2015-02-03 21:50:36	leebyron	2015-02-05 23:41:59	src/utils/__tests__/traverseAllChildren-test.js	False	True	True	True
3030	sebmarkbage	2015-02-03 21:50:36	leebyron	2015-02-05 23:41:59	src/utils/sliceChildren.js	False	True	True	True
3030	sebmarkbage	2015-02-03 21:50:36	leebyron	2015-02-05 23:41:59	src/utils/traverseAllChildren.js	False	True	True	True
3030	sebmarkbage	2015-02-03 21:50:36	sophiebits	2015-02-03 22:33:54	src/addons/ReactFragment.js	False	True	True	True
3030	sebmarkbage	2015-02-03 21:50:36	sophiebits	2015-02-03 22:33:54	src/addons/__tests__/ReactFragment-test.js	False	True	True	True
3030	sebmarkbage	2015-02-03 21:50:36	sophiebits	2015-02-03 22:33:54	src/addons/transitions/ReactTransitionChildMapping.js	False	True	True	True
3030	sebmarkbage	2015-02-03 21:50:36	sophiebits	2015-02-03 22:33:54	src/addons/transitions/ReactTransitionGroup.js	False	True	True	True
3030	sebmarkbage	2015-02-03 21:50:36	sophiebits	2015-02-03 22:33:54	src/browser/ReactWithAddons.js	False	True	True	True
3030	sebmarkbage	2015-02-03 21:50:36	sophiebits	2015-02-03 22:33:54	src/browser/__tests__/ReactDOM-test.js	False	True	True	True
3030	sebmarkbage	2015-02-03 21:50:36	sophiebits	2015-02-03 22:33:54	src/classic/element/ReactElementValidator.js	False	True	True	True
3030	sebmarkbage	2015-02-03 21:50:36	leebyron	2015-02-05 23:41:59	src/utils/__tests__/ReactChildren-test.js	False	True	True	True
3030	sebmarkbage	2015-02-03 21:50:36	sophiebits	2015-02-03 22:33:54	src/core/__tests__/ReactIdentity-test.js	False	True	True	True
3030	sebmarkbage	2015-02-03 21:50:36	sophiebits	2015-02-03 22:33:54	src/utils/__tests__/onlyChild-test.js	False	True	True	True
3030	sebmarkbage	2015-02-03 21:50:36	sophiebits	2015-02-03 22:34:39	src/addons/__tests__/ReactFragment-test.js	False	True	True	True
3030	sebmarkbage	2015-02-03 21:50:36	sophiebits	2015-02-03 22:34:39	src/addons/ReactFragment.js	False	True	True	True
3030	sebmarkbage	2015-02-03 21:50:36	sophiebits	2015-02-03 22:33:54	src/utils/traverseAllChildren.js	False	True	True	True
3030	sebmarkbage	2015-02-03 21:50:36	sophiebits	2015-02-03 22:33:54	src/utils/__tests__/traverseAllChildren-test.js	False	True	True	True
3030	sebmarkbage	2015-02-03 21:50:36	sophiebits	2015-02-03 22:33:54	src/utils/__tests__/sliceChildren-test.js	False	True	True	True
3030	sebmarkbage	2015-02-03 21:50:36	sophiebits	2015-02-03 22:33:54	src/utils/sliceChildren.js	False	True	True	True
3030	sebmarkbage	2015-02-03 21:50:36	sophiebits	2015-02-03 22:33:54	src/utils/__tests__/ReactChildren-test.js	False	True	True	True
3030	sebmarkbage	2015-02-03 21:50:36	sophiebits	2015-02-03 22:33:54	src/utils/ReactChildren.js	False	True	True	True
3030	sebmarkbage	2015-02-03 21:50:36	sophiebits	2015-02-03 22:33:54	src/modern/element/__tests__/ReactJSXElementValidator-test.js	False	True	True	True
3030	sebmarkbage	2015-02-03 21:50:36	sophiebits	2015-02-03 22:33:54	src/core/__tests__/ReactMultiChildText-test.js	False	True	True	True
3030	sebmarkbage	2015-02-03 21:50:36	sophiebits	2015-02-03 22:34:39	src/addons/transitions/ReactTransitionChildMapping.js	False	True	True	True
3030	sebmarkbage	2015-02-03 21:50:36	sophiebits	2015-02-03 22:33:54	src/core/__tests__/ReactMultiChildReconcile-test.js	False	True	True	True
3028	gsklee	2015-02-03 14:40:34	brigand	2015-02-03 14:44:34	docs/docs/07-forms.md	True	False	True	True
3022	btholt	2015-02-03 01:30:05	zpao	2015-02-03 05:08:11	src/browser/ui/dom/HTMLDOMPropertyConfig.js	False	True	True	True
3022	btholt	2015-02-03 01:30:05	zpao	2015-02-03 05:08:11	src/browser/ui/dom/HTMLDOMPropertyConfig.js	True	True	True	True
3022	btholt	2015-02-03 01:30:05	zpao	2015-02-03 05:08:11	docs/docs/ref-04-tags-and-attributes.md	True	True	True	True
3016	hnordt	2015-02-02 19:22:12	zpao	2015-02-02 19:30:11	docs/docs/tutorial.md	False	True	True	True
3016	hnordt	2015-02-02 19:22:12	zpao	2015-02-02 19:30:11	docs/docs/tutorial.md	True	True	True	True
