pr_number	author_user_login	pr_created_at	commit_user_login	commit_created_at	commit_status_total	commit_status_additions	commit_status_deletions	create_before_pr	is_review_commit
19495	SpacePossum	2016-07-31 11:43:35	SpacePossum	2016-07-31 11:37:14	89	82	7	True	True
19492	bhavin-nakrani	2016-07-30 18:11:02	bhavin-nakrani	2016-07-30 18:05:16	197	12	185	True	True
19492	bhavin-nakrani	2016-07-30 18:11:02	bhavin-nakrani	2016-07-31 03:03:08	3	3	0	False	True
19492	bhavin-nakrani	2016-07-30 18:11:02	bhavin-nakrani	2016-07-30 18:08:24	10	10	0	True	True
19492	bhavin-nakrani	2016-07-30 18:11:02	bhavin-nakrani	2016-07-29 17:10:13	137	135	2	True	True
19492	bhavin-nakrani	2016-07-30 18:11:02	bhavin-nakrani	2016-07-30 15:10:24	6	0	6	True	True
19492	bhavin-nakrani	2016-07-30 18:11:02	bhavin-nakrani	2016-07-29 16:12:18	6	0	6	True	True
19492	bhavin-nakrani	2016-07-30 18:11:02	bhavin-nakrani	2016-07-29 16:04:01	72	62	10	True	True
19491	bhavin-nakrani	2016-07-30 16:49:25	bhavin-nakrani	2016-07-30 17:30:43	2	1	1	False	True
19491	bhavin-nakrani	2016-07-30 16:49:25	bhavin-nakrani	2016-07-30 16:46:46	33	33	0	True	True
19491	bhavin-nakrani	2016-07-30 16:49:25	bhavin-nakrani	2016-07-30 16:53:45	13	10	3	False	True
19491	bhavin-nakrani	2016-07-30 16:49:25	bhavin-nakrani	2016-07-30 17:20:17	2	1	1	False	True
19491	bhavin-nakrani	2016-07-30 16:49:25	bhavin-nakrani	2016-07-29 16:04:01	72	62	10	True	True
19491	bhavin-nakrani	2016-07-30 16:49:25	bhavin-nakrani	2016-07-29 16:12:18	6	0	6	True	True
19491	bhavin-nakrani	2016-07-30 16:49:25	bhavin-nakrani	2016-07-29 17:10:13	137	135	2	True	True
19491	bhavin-nakrani	2016-07-30 16:49:25	bhavin-nakrani	2016-07-30 15:10:24	6	0	6	True	True
19490	chalasr	2016-07-30 12:08:15	chalasr	2016-07-30 09:03:31	275	229	46	True	True
19485	tgalopin	2016-07-29 23:21:26	tgalopin	2016-07-29 16:51:44	419	349	70	True	True
19484	GuilhemN	2016-07-29 18:04:48	GuilhemN	2016-07-29 17:57:54	294	167	127	True	True
19481	bhavin-nakrani	2016-07-29 16:17:02	bhavin-nakrani	2016-07-29 16:12:18	6	0	6	True	True
19481	bhavin-nakrani	2016-07-29 16:17:02	bhavin-nakrani	2016-07-29 17:10:13	137	135	2	False	True
19481	bhavin-nakrani	2016-07-29 16:17:02	bhavin-nakrani	2016-07-30 15:10:24	6	0	6	False	True
19481	bhavin-nakrani	2016-07-29 16:17:02	bhavin-nakrani	2016-07-29 16:04:01	72	62	10	True	True
19473	Nicofuma	2016-07-29 07:08:32	Nicofuma	2016-04-28 09:12:15	61	56	5	True	True
19468	jakzal	2016-07-28 14:57:37	jakzal	2016-07-28 14:40:30	6	3	3	True	True
19466	zomberg	2016-07-28 11:38:32	zomberg	2016-07-28 19:29:38	5	2	3	False	True
19466	zomberg	2016-07-28 11:38:32	zomberg	2016-07-28 11:38:16	2	1	1	True	True
19466	zomberg	2016-07-28 11:38:32	zomberg	2016-07-28 11:36:19	18	6	12	True	True
19466	zomberg	2016-07-28 11:38:32	zomberg	2016-07-28 14:01:11	18	3	15	False	True
19466	zomberg	2016-07-28 11:38:32	zomberg	2016-07-28 13:38:50	26	9	17	False	True
19449	k0pernikus	2016-07-27 16:48:38	k0pernikus	2016-07-27 16:41:51	48	42	6	True	True
19446	SpacePossum	2016-07-27 10:25:07	SpacePossum	2016-07-28 12:07:13	4	2	2	False	True
19446	SpacePossum	2016-07-27 10:25:07	SpacePossum	2016-07-28 17:32:41	2	1	1	False	True
19446	SpacePossum	2016-07-27 10:25:07	SpacePossum	2016-07-28 17:32:25	2	1	1	False	True
19446	SpacePossum	2016-07-27 10:25:07	SpacePossum	2016-07-28 12:06:25	4	2	2	False	True
19446	SpacePossum	2016-07-27 10:25:07	SpacePossum	2016-07-27 10:20:49	19	17	2	True	True
19443	bcremer	2016-07-27 08:30:39	bcremer	2016-07-27 08:24:18	203	169	34	True	True
19442	nicolas-grekas	2016-07-27 08:17:05	nicolas-grekas	2016-07-27 08:15:52	101	70	31	True	True
19435	nicolas-grekas	2016-07-26 13:06:24	nicolas-grekas	2016-07-26 13:05:38	2	1	1	True	True
19434	DavidBadura	2016-07-26 12:52:12	DavidBadura	2016-07-26 14:19:03	5	5	0	False	True
19432	danhanly	2016-07-26 12:38:23	danhanly	2016-07-26 12:02:06	14	7	7	True	True
19432	danhanly	2016-07-26 12:38:23	danhanly	2016-07-26 13:05:34	1	1	0	False	True
19432	danhanly	2016-07-26 12:38:23	danhanly	2016-07-26 12:44:52	2	1	1	False	True
19432	danhanly	2016-07-26 12:38:23	danhanly	2016-07-26 12:54:41	4	2	2	False	True
19432	danhanly	2016-07-26 12:38:23	danhanly	2016-07-26 13:15:40	2	1	1	False	True
19430	jakzal	2016-07-26 09:00:14	jakzal	2016-07-26 08:49:12	75	75	0	True	True
19428	nicolas-grekas	2016-07-26 04:33:53	nicolas-grekas	2016-07-25 20:35:22	17	10	7	True	True
19426	Th3Mouk	2016-07-25 14:02:59	Th3Mouk	2016-07-25 13:48:42	6	3	3	True	True
19418	psrpinto	2016-07-25 00:32:41	psrpinto	2016-07-24 22:04:57	90	90	0	True	True
19415	phansys	2016-07-24 01:02:37	phansys	2016-07-24 15:30:38	106	82	24	False	True
19415	phansys	2016-07-24 01:02:37	phansys	2016-07-24 01:00:07	14	14	0	True	True
19415	phansys	2016-07-24 01:02:37	phansys	2016-07-24 23:05:33	16	12	4	False	True
19415	phansys	2016-07-24 01:02:37	phansys	2016-07-24 18:25:06	2	1	1	False	True
19415	phansys	2016-07-24 01:02:37	phansys	2016-07-24 19:21:49	2	1	1	False	True
19415	phansys	2016-07-24 01:02:37	phansys	2016-07-24 15:36:00	20	10	10	False	True
19415	phansys	2016-07-24 01:02:37	phansys	2016-07-24 18:58:56	2	1	1	False	True
19415	phansys	2016-07-24 01:02:37	phansys	2016-07-24 17:01:29	6	6	0	False	True
19415	phansys	2016-07-24 01:02:37	phansys	2016-07-24 18:46:56	2	1	1	False	True
19415	phansys	2016-07-24 01:02:37	phansys	2016-07-24 18:49:10	3	2	1	False	True
19415	phansys	2016-07-24 01:02:37	phansys	2016-07-24 17:00:55	36	36	0	False	True
19413	weaverryan	2016-07-23 16:15:45	weaverryan	2016-07-25 18:01:57	2	0	2	False	True
19413	weaverryan	2016-07-23 16:15:45	weaverryan	2016-07-26 04:32:04	16	7	9	False	True
19413	weaverryan	2016-07-23 16:15:45	weaverryan	2016-07-23 16:20:42	10	3	7	False	True
19413	weaverryan	2016-07-23 16:15:45	weaverryan	2016-07-23 16:03:08	383	302	81	True	True
19410	zomberg	2016-07-23 15:32:22	zomberg	2016-07-25 08:43:41	2	1	1	False	True
19410	zomberg	2016-07-23 15:32:22	zomberg	2016-07-25 20:30:07	2	1	1	False	True
19410	zomberg	2016-07-23 15:32:22	zomberg	2016-07-23 15:39:21	10	5	5	False	True
19410	zomberg	2016-07-23 15:32:22	zomberg	2016-07-23 15:31:29	2	1	1	True	True
19410	zomberg	2016-07-23 15:32:22	zomberg	2016-07-23 15:28:19	2	1	1	True	True
19410	zomberg	2016-07-23 15:32:22	zomberg	2016-07-25 20:55:01	8	4	4	False	True
19406	ReenExe	2016-07-22 17:13:25	ReenExe	2016-07-22 17:08:20	9	9	0	True	True
19406	ReenExe	2016-07-22 17:13:25	ReenExe	2016-07-28 13:07:25	12	6	6	False	True
19406	ReenExe	2016-07-22 17:13:25	ReenExe	2016-07-25 17:02:37	28	14	14	False	True
19406	ReenExe	2016-07-22 17:13:25	ReenExe	2016-07-28 08:17:57	4	2	2	False	True
19406	ReenExe	2016-07-22 17:13:25	ReenExe	2016-07-27 09:12:55	6	3	3	False	True
19406	ReenExe	2016-07-22 17:13:25	ReenExe	2016-07-22 17:03:01	29	15	14	True	True
19406	ReenExe	2016-07-22 17:13:25	ReenExe	2016-07-22 17:09:52	6	3	3	True	True
19406	ReenExe	2016-07-22 17:13:25	ReenExe	2016-07-22 16:57:17	10	10	0	True	True
19405	zomberg	2016-07-22 14:19:31	zomberg	2016-07-22 17:01:01	6	3	3	False	True
19405	zomberg	2016-07-22 14:19:31	zomberg	2016-07-22 14:38:50	16	8	8	False	True
19405	zomberg	2016-07-22 14:19:31	zomberg	2016-07-22 14:17:18	52	26	26	True	True
19405	zomberg	2016-07-22 14:19:31	zomberg	2016-07-25 20:45:39	4	2	2	False	True
19405	zomberg	2016-07-22 14:19:31	zomberg	2016-07-22 14:44:44	6	3	3	False	True
19404	javiereguiluz	2016-07-22 13:44:22	javiereguiluz	2016-07-24 15:36:46	32	14	18	False	True
19404	javiereguiluz	2016-07-22 13:44:22	javiereguiluz	2016-09-06 09:05:38	16	8	8	False	True
19404	javiereguiluz	2016-07-22 13:44:22	javiereguiluz	2016-09-01 13:05:08	8	4	4	False	True
19404	javiereguiluz	2016-07-22 13:44:22	javiereguiluz	2016-09-01 13:01:39	20	10	10	False	True
19404	javiereguiluz	2016-07-22 13:44:22	javiereguiluz	2016-07-22 15:51:59	4	2	2	False	True
19404	javiereguiluz	2016-07-22 13:44:22	javiereguiluz	2016-07-22 14:01:45	3	2	1	False	True
19404	javiereguiluz	2016-07-22 13:44:22	Julien Pauli	2016-07-22 13:21:39	61	31	30	True	True
19399	zomberg	2016-07-21 07:47:53	zomberg	2016-07-21 07:44:16	43	43	0	True	True
19399	zomberg	2016-07-21 07:47:53	zomberg	2016-07-22 08:30:38	24	24	0	False	True
19399	zomberg	2016-07-21 07:47:53	zomberg	2016-07-22 11:30:39	6	1	5	False	True
19399	zomberg	2016-07-21 07:47:53	zomberg	2016-07-25 20:18:19	1	0	1	False	True
19398	chalasr	2016-07-20 23:27:07	chalasr	2016-07-20 22:32:37	402	394	8	True	True
19392	zomberg	2016-07-20 18:10:24	zomberg	2016-07-22 14:23:16	1	1	0	False	True
19392	zomberg	2016-07-20 18:10:24	zomberg	2016-07-20 18:01:23	19	19	0	True	True
19389	SpacePossum	2016-07-19 16:09:37	SpacePossum	2016-07-22 14:28:36	28	21	7	False	True
19389	SpacePossum	2016-07-19 16:09:37	SpacePossum	2016-07-20 08:08:17	4	2	2	False	True
19389	SpacePossum	2016-07-19 16:09:37	SpacePossum	2016-07-19 16:04:54	2	1	1	True	True
19389	SpacePossum	2016-07-19 16:09:37	SpacePossum	2016-07-25 17:55:59	15	2	13	False	True
19389	SpacePossum	2016-07-19 16:09:37	SpacePossum	2016-07-23 08:54:57	2	1	1	False	True
19382	jameshalsall	2016-07-18 18:17:56	jameshalsall	2016-08-17 20:36:42	44	44	0	False	True
19382	jameshalsall	2016-07-18 18:17:56	jameshalsall	2016-08-17 15:50:23	5	4	1	False	True
19382	jameshalsall	2016-07-18 18:17:56	jameshalsall	2016-08-18 18:33:22	49	43	6	False	True
19382	jameshalsall	2016-07-18 18:17:56	jameshalsall	2016-08-17 19:15:07	5	4	1	False	True
19382	jameshalsall	2016-07-18 18:17:56	jameshalsall	2016-08-17 14:49:07	7	2	5	False	True
19382	jameshalsall	2016-07-18 18:17:56	jameshalsall	2016-08-18 18:41:53	43	35	8	False	True
19382	jameshalsall	2016-07-18 18:17:56	jameshalsall	2016-08-18 18:43:42	3	1	2	False	True
19382	jameshalsall	2016-07-18 18:17:56	jameshalsall	2016-07-18 18:07:57	105	105	0	True	True
19382	jameshalsall	2016-07-18 18:17:56	jameshalsall	2016-08-17 14:46:37	4	1	3	False	True
19382	jameshalsall	2016-07-18 18:17:56	jameshalsall	2016-07-18 18:19:47	3	1	2	False	True
19382	jameshalsall	2016-07-18 18:17:56	jameshalsall	2016-08-17 15:47:10	5	1	4	False	True
19382	jameshalsall	2016-07-18 18:17:56	jameshalsall	2016-08-09 18:58:14	2	1	1	False	True
19382	jameshalsall	2016-07-18 18:17:56	jameshalsall	2016-08-09 18:55:54	10	8	2	False	True
19382	jameshalsall	2016-07-18 18:17:56	jameshalsall	2016-07-21 17:50:24	11	1	10	False	True
19382	jameshalsall	2016-07-18 18:17:56	jameshalsall	2016-08-09 18:36:16	6	1	5	False	True
19374	Nyholm	2016-07-17 18:37:22	Nyholm	2018-09-01 11:25:23	125	60	65	False	True
19374	Nyholm	2016-07-17 18:37:22	Nyholm	2018-09-01 11:26:11	2	1	1	False	True
19374	Nyholm	2016-07-17 18:37:22	Nyholm	2018-09-02 09:50:05	2	1	1	False	True
19374	Nyholm	2016-07-17 18:37:22	Nyholm	2018-09-01 14:30:03	76	30	46	False	True
19374	Nyholm	2016-07-17 18:37:22	Nyholm	2018-09-01 13:22:59	78	77	1	False	True
19374	Nyholm	2016-07-17 18:37:22	Nyholm	2018-09-01 11:30:43	72	8	64	False	True
19374	Nyholm	2016-07-17 18:37:22	Nyholm	2018-09-01 13:29:44	47	43	4	False	True
19374	Nyholm	2016-07-17 18:37:22	Nyholm	2016-07-17 18:42:46	2	1	1	False	True
19374	Nyholm	2016-07-17 18:37:22	Nyholm	2016-07-17 18:17:46	13	0	13	True	True
19374	Nyholm	2016-07-17 18:37:22	Nyholm	2018-09-01 11:40:20	315	151	164	False	True
19374	Nyholm	2016-07-17 18:37:22	Nyholm	2016-07-17 18:42:39	13	0	13	False	True
19374	Nyholm	2016-07-17 18:37:22	Nyholm	2016-07-17 18:47:01	60	26	34	False	True
19374	Nyholm	2016-07-17 18:37:22	Nyholm	2016-07-15 07:51:05	2622	2613	9	True	True
19373	jameshalsall	2016-07-17 14:33:57	jameshalsall	2016-07-17 14:16:09	55	45	10	True	True
19373	jameshalsall	2016-07-17 14:33:57	jameshalsall	2016-07-29 12:42:57	2	1	1	False	True
19373	jameshalsall	2016-07-17 14:33:57	jameshalsall	2016-07-20 17:48:12	3	1	2	False	True
19373	jameshalsall	2016-07-17 14:33:57	jameshalsall	2016-07-17 14:36:32	4	2	2	False	True
19373	jameshalsall	2016-07-17 14:33:57	jameshalsall	2016-07-17 14:33:34	5	4	1	True	True
19373	jameshalsall	2016-07-17 14:33:57	jameshalsall	2016-07-19 21:14:06	13	11	2	False	True
19371	dunglas	2016-07-16 16:43:31	dunglas	2016-07-16 16:39:49	234	182	52	True	True
19371	dunglas	2016-07-16 16:43:31	dunglas	2016-10-25 10:43:46	41	16	25	False	True
19371	dunglas	2016-07-16 16:43:31	dunglas	2017-01-28 17:54:56	41	25	16	False	True
19371	dunglas	2016-07-16 16:43:31	dunglas	2017-01-28 17:57:19	4	2	2	False	True
19371	dunglas	2016-07-16 16:43:31	dunglas	2017-01-28 19:14:54	115	103	12	False	True
19371	dunglas	2016-07-16 16:43:31	dunglas	2017-02-13 12:55:42	55	6	49	False	True
19369	stof	2016-07-15 17:10:44	stof	2016-07-15 17:07:32	24	23	1	True	True
19368	nicolas-grekas	2016-07-15 16:57:44	nicolas-grekas	2016-07-15 16:54:42	181	156	25	True	True
19367	ogizanagi	2016-07-15 15:14:35	ogizanagi	2016-07-15 13:25:41	712	711	1	True	True
19352	dunglas	2016-07-12 21:30:11	dunglas	2016-07-13 07:56:18	2	1	1	False	True
19352	dunglas	2016-07-12 21:30:11	dunglas	2016-07-12 21:26:38	11	6	5	True	True
19352	dunglas	2016-07-12 21:30:11	dunglas	2016-07-13 06:20:24	2	1	1	False	True
19350	jdecool	2016-07-12 21:23:34	jdecool	2016-07-12 21:10:54	129	129	0	True	True
19350	jdecool	2016-07-12 21:23:34	jdecool	2016-07-12 21:14:27	5	5	0	True	True
19350	jdecool	2016-07-12 21:23:34	jdecool	2016-07-12 21:18:52	17	16	1	True	True
19343	aschempp	2016-07-12 07:48:15	aschempp	2016-07-14 07:14:13	2	1	1	False	True
19343	aschempp	2016-07-12 07:48:15	aschempp	2016-07-12 08:51:32	2	1	1	False	True
19343	aschempp	2016-07-12 07:48:15	aschempp	2016-07-12 07:46:53	2	1	1	True	True
19342	SCIF	2016-07-12 02:20:29	SCIF	2016-07-12 02:13:14	11	10	1	True	True
19338	linaori	2016-07-11 14:43:11	Iltar van der Berg	2016-07-11 14:19:37	632	630	2	True	True
19338	linaori	2016-07-11 14:43:11	Iltar van der Berg	2016-07-14 10:39:43	300	191	109	False	True
19338	linaori	2016-07-11 14:43:11	Iltar van der Berg	2016-07-13 06:58:37	16	9	7	False	True
19334	stof	2016-07-11 10:02:47	stof	2016-07-11 09:55:50	8	7	1	True	True
19328	geoffrey-brier	2016-07-10 12:12:09	geoffrey-brier	2016-06-24 09:40:44	451	446	5	True	True
19326	dunglas	2016-07-10 09:46:25	dunglas	2016-07-17 09:57:44	5	3	2	False	True
19326	dunglas	2016-07-10 09:46:25	dunglas	2016-08-16 09:34:55	2	1	1	False	True
19326	dunglas	2016-07-10 09:46:25	dunglas	2016-08-16 09:33:43	3	2	1	False	True
19326	dunglas	2016-07-10 09:46:25	dunglas	2016-07-10 09:44:00	13	10	3	True	True
19326	dunglas	2016-07-10 09:46:25	dunglas	2016-07-10 09:41:46	141	141	0	True	True
19325	antograssiot	2016-07-09 19:05:22	antograssiot	2016-07-09 16:21:29	48	45	3	True	True
19322	dunglas	2016-07-09 09:16:21	dunglas	2016-07-09 09:14:35	44	44	0	True	True
19322	dunglas	2016-07-09 09:16:21	dunglas	2016-07-10 09:02:16	38	15	23	False	True
19321	dunglas	2016-07-09 09:04:45	dunglas	2016-07-10 08:59:15	24	12	12	False	True
19321	dunglas	2016-07-09 09:04:45	dunglas	2016-07-09 08:59:31	28	27	1	True	True
19316	dvaeversted	2016-07-08 09:54:57	dvaeversted	2016-07-08 09:49:25	10	10	0	True	True
19312	cheprasov	2016-07-07 23:01:31	cheprasov	2016-07-08 22:56:20	2	1	1	False	True
19312	cheprasov	2016-07-07 23:01:31	cheprasov	2016-07-07 22:50:16	4	2	2	True	True
19310	Nyholm	2016-07-07 16:04:31	Nyholm	2016-07-07 16:07:46	2	1	1	False	True
19310	Nyholm	2016-07-07 16:04:31	Nyholm	2016-07-07 15:57:55	2	1	1	True	True
19306	cheprasov	2016-07-06 22:00:22	cheprasov	2016-07-06 21:55:29	76	74	2	True	True
19306	cheprasov	2016-07-06 22:00:22	cheprasov	2016-07-07 21:46:56	10	0	10	False	True
19305	SenseException	2016-07-06 21:00:05	SenseException	2016-07-03 21:35:32	6	5	1	True	True
19305	SenseException	2016-07-06 21:00:05	SenseException	2016-07-07 18:57:19	6	3	3	False	True
19305	SenseException	2016-07-06 21:00:05	SenseException	2016-07-06 20:39:00	23	23	0	True	True
19305	SenseException	2016-07-06 21:00:05	SenseException	2016-07-06 21:07:52	6	3	3	False	True
19302	voronkovich	2016-07-06 13:30:07	voronkovich	2016-07-14 12:20:03	1	1	0	False	True
19302	voronkovich	2016-07-06 13:30:07	voronkovich	2017-07-06 21:26:02	6	3	3	False	True
19302	voronkovich	2016-07-06 13:30:07	voronkovich	2016-07-14 12:24:36	2	1	1	False	True
19302	voronkovich	2016-07-06 13:30:07	voronkovich	2017-07-06 19:22:25	6	0	6	False	True
19302	voronkovich	2016-07-06 13:30:07	voronkovich	2016-07-14 12:15:13	20	18	2	False	True
19302	voronkovich	2016-07-06 13:30:07	voronkovich	2016-07-06 11:41:19	92	84	8	True	True
19302	voronkovich	2016-07-06 13:30:07	voronkovich	2016-07-06 14:54:49	1	1	0	False	True
19298	nicolas-grekas	2016-07-06 09:24:06	nicolas-grekas	2016-07-06 08:59:52	18	12	6	True	True
19296	maldoinc	2016-07-05 21:27:31	maldoinc	2016-07-06 17:01:30	48	12	36	False	True
19296	maldoinc	2016-07-05 21:27:31	maldoinc	2016-07-05 21:24:22	81	80	1	True	True
19296	maldoinc	2016-07-05 21:27:31	maldoinc	2016-07-17 18:35:30	4	2	2	False	True
19296	maldoinc	2016-07-05 21:27:31	maldoinc	2016-07-29 18:49:35	2	1	1	False	True
19296	maldoinc	2016-07-05 21:27:31	maldoinc	2016-07-29 18:08:00	16	11	5	False	True
19296	maldoinc	2016-07-05 21:27:31	maldoinc	2016-08-11 18:23:00	12	6	6	False	True
19295	maldoinc	2016-07-05 14:25:37	maldoinc	2016-07-05 17:03:54	4	2	2	False	True
19295	maldoinc	2016-07-05 14:25:37	maldoinc	2016-07-05 16:48:57	4	2	2	False	True
19295	maldoinc	2016-07-05 14:25:37	maldoinc	2016-07-05 20:51:38	2	1	1	False	True
19295	maldoinc	2016-07-05 14:25:37	maldoinc	2016-07-05 20:49:33	2	1	1	False	True
19295	maldoinc	2016-07-05 14:25:37	maldoinc	2016-07-05 20:48:29	38	17	21	False	True
19295	maldoinc	2016-07-05 14:25:37	maldoinc	2016-07-05 17:27:18	2	2	0	False	True
19295	maldoinc	2016-07-05 14:25:37	maldoinc	2016-07-05 17:07:20	18	9	9	False	True
19295	maldoinc	2016-07-05 14:25:37	maldoinc	2016-07-05 14:17:42	3	0	3	True	True
19295	maldoinc	2016-07-05 14:25:37	maldoinc	2016-07-05 17:02:12	35	21	14	False	True
19295	maldoinc	2016-07-05 14:25:37	maldoinc	2016-07-05 16:27:14	4	2	2	False	True
19295	maldoinc	2016-07-05 14:25:37	maldoinc	2016-07-05 16:25:49	9	4	5	False	True
19295	maldoinc	2016-07-05 14:25:37	maldoinc	2016-07-05 14:31:49	1	0	1	False	True
19295	maldoinc	2016-07-05 14:25:37	maldoinc	2016-07-05 13:32:16	13	10	3	True	True
19295	maldoinc	2016-07-05 14:25:37	maldoinc	2016-07-05 13:19:01	45	45	0	True	True
19295	maldoinc	2016-07-05 14:25:37	maldoinc	2016-07-05 16:22:12	53	40	13	False	True
19289	nicolas-grekas	2016-07-05 08:35:44	nicolas-grekas	2016-07-05 06:53:47	318	207	111	True	True
19284	cheprasov	2016-07-04 17:48:04	cheprasov	2016-07-06 21:41:26	8	5	3	False	True
19284	cheprasov	2016-07-04 17:48:04	cheprasov	2016-07-05 18:28:59	28	13	15	False	True
19284	cheprasov	2016-07-04 17:48:04	cheprasov	2016-07-05 18:24:45	71	71	0	False	True
19284	cheprasov	2016-07-04 17:48:04	cheprasov	2016-07-04 17:30:34	5	3	2	True	True
19282	hason	2016-07-04 12:51:08	hason	2015-02-10 09:52:39	304	263	41	True	True
19281	chalasr	2016-07-04 11:14:18	chalasr	2016-07-04 11:11:13	12	6	6	True	True
19279	nicolaen	2016-07-03 20:57:59	nicolaen	2016-07-10 10:11:06	32	20	12	False	True
19279	nicolaen	2016-07-03 20:57:59	nicolaen	2016-07-10 14:20:40	8	0	8	False	True
19279	nicolaen	2016-07-03 20:57:59	nicolaen	2016-07-10 10:13:13	8	0	8	False	True
19279	nicolaen	2016-07-03 20:57:59	nicolaen	2016-07-03 20:52:31	18	18	0	True	True
19279	nicolaen	2016-07-03 20:57:59	nicolaen	2016-07-10 14:20:25	2	1	1	False	True
19278	ro0NL	2016-07-03 14:30:17	ro0NL	2016-07-03 14:11:43	110	110	0	True	True
19277	theofidry	2016-07-03 10:19:58	theofidry	2016-07-03 11:55:57	57	37	20	False	True
19277	theofidry	2016-07-03 10:19:58	theofidry	2016-07-06 16:52:20	38	36	2	False	True
19277	theofidry	2016-07-03 10:19:58	theofidry	2016-07-05 10:41:11	22	22	0	False	True
19277	theofidry	2016-07-03 10:19:58	dunglas	2016-07-10 16:21:22	19	5	14	False	True
19277	theofidry	2016-07-03 10:19:58	theofidry	2016-07-10 17:16:12	11	5	6	False	True
19277	theofidry	2016-07-03 10:19:58	theofidry	2016-07-10 16:56:24	19	5	14	False	True
19277	theofidry	2016-07-03 10:19:58	theofidry	2016-07-06 16:37:20	35	13	22	False	True
19277	theofidry	2016-07-03 10:19:58	theofidry	2016-07-03 11:09:45	48	45	3	False	True
19277	theofidry	2016-07-03 10:19:58	theofidry	2016-07-05 13:32:28	8	3	5	False	True
19277	theofidry	2016-07-03 10:19:58	theofidry	2016-07-03 10:11:08	10	7	3	True	True
19277	theofidry	2016-07-03 10:19:58	theofidry	2016-07-06 13:46:23	5	2	3	False	True
19277	theofidry	2016-07-03 10:19:58	theofidry	2016-07-04 20:56:52	62	55	7	False	True
19277	theofidry	2016-07-03 10:19:58	theofidry	2016-07-04 21:12:08	4	2	2	False	True
19277	theofidry	2016-07-03 10:19:58	theofidry	2016-07-03 21:22:03	2	2	0	False	True
19276	nicolas-grekas	2016-07-03 09:34:54	nicolas-grekas	2016-07-03 09:23:01	99	93	6	True	True
19276	nicolas-grekas	2016-07-03 09:34:54	nicolas-grekas	2016-07-05 18:49:31	98	96	2	False	True
19275	ro0NL	2016-07-03 06:48:08	ro0NL	2016-07-29 09:37:52	8	4	4	False	True
19275	ro0NL	2016-07-03 06:48:08	ro0NL	2016-07-04 11:44:29	6	1	5	False	True
19275	ro0NL	2016-07-03 06:48:08	ro0NL	2016-07-20 10:36:58	2	1	1	False	True
19275	ro0NL	2016-07-03 06:48:08	ro0NL	2016-07-03 13:36:38	8	4	4	False	True
19275	ro0NL	2016-07-03 06:48:08	ro0NL	2016-07-01 08:05:06	20	16	4	True	True
19273	voronkovich	2016-07-02 18:07:49	voronkovich	2017-07-06 15:42:38	25	12	13	False	True
19273	voronkovich	2016-07-02 18:07:49	voronkovich	2016-07-02 18:23:55	21	10	11	False	True
19273	voronkovich	2016-07-02 18:07:49	voronkovich	2016-07-03 17:21:46	73	53	20	False	True
19273	voronkovich	2016-07-02 18:07:49	voronkovich	2016-07-02 17:27:20	42	42	0	True	True
19273	voronkovich	2016-07-02 18:07:49	voronkovich	2016-07-02 18:03:46	2	1	1	True	True
19273	voronkovich	2016-07-02 18:07:49	voronkovich	2016-07-02 17:42:37	13	13	0	True	True
19272	HeahDude	2016-07-02 14:10:48	HeahDude	2016-07-02 14:09:17	2	1	1	True	True
19271	cheprasov	2016-07-02 12:44:25	cheprasov	2016-07-02 01:08:18	192	96	96	True	True
19271	cheprasov	2016-07-02 12:44:25	cheprasov	2016-07-02 12:04:14	10	5	5	True	True
19271	cheprasov	2016-07-02 12:44:25	cheprasov	2016-07-02 12:09:12	4	2	2	True	True
