pr_number	author_user_login	pr_created_at	comment_user_login	comment_created_at	is_review_issue_comment
45589	codedmonkey	2022-02-28 16:47:58	fabpot	2022-03-25 08:03:11	True
45585		2022-02-28 13:18:57			False
45584	nicolas-grekas	2022-02-28 13:08:59	derrabus	2022-02-28 14:54:20	True
45584	nicolas-grekas	2022-02-28 13:08:59	derrabus	2022-02-28 16:02:04	True
45584	nicolas-grekas	2022-02-28 13:08:59	derrabus	2022-02-28 15:09:53	True
45583	xavismeh	2022-02-28 11:57:07	carsonbot	2022-02-28 11:57:13	True
45583	xavismeh	2022-02-28 11:57:07	fabpot	2022-02-28 12:47:09	True
45579	Warxcell	2022-02-28 08:07:41	IonBazan	2022-02-28 11:07:10	True
45579	Warxcell	2022-02-28 08:07:41	nicolas-grekas	2022-04-01 17:35:14	True
45579	Warxcell	2022-02-28 08:07:41	nicolas-grekas	2022-04-01 17:41:09	True
45579	Warxcell	2022-02-28 08:07:41	nicolas-grekas	2022-04-01 17:28:59	True
45579	Warxcell	2022-02-28 08:07:41	fabpot	2022-07-24 08:50:10	True
45579	Warxcell	2022-02-28 08:07:41	nicolas-grekas	2022-04-01 17:33:13	True
45579	Warxcell	2022-02-28 08:07:41	nicolas-grekas	2022-03-22 16:36:08	True
45579	Warxcell	2022-02-28 08:07:41	nicolas-grekas	2022-03-04 15:39:55	True
45579	Warxcell	2022-02-28 08:07:41	nicolas-grekas	2022-03-01 08:39:50	True
45579	Warxcell	2022-02-28 08:07:41	IonBazan	2022-02-28 11:20:48	True
45573	kbond	2022-02-27 17:17:35	nicolas-grekas	2022-03-07 16:59:32	True
45573	kbond	2022-02-27 17:17:35	carsonbot	2022-02-28 13:20:04	True
45572	kbond	2022-02-27 14:40:38	nicolas-grekas	2022-03-07 15:19:01	True
45572	kbond	2022-02-27 14:40:38	nicolas-grekas	2022-03-06 10:17:47	True
45571	casahugo	2022-02-27 14:21:15	carsonbot	2022-02-27 14:21:22	True
45571	casahugo	2022-02-27 14:21:15	94noni	2022-07-14 17:21:43	True
45571	casahugo	2022-02-27 14:21:15	nicolas-grekas	2022-07-29 13:13:48	True
45570	alamirault	2022-02-27 14:04:32	tjveldhuizen	2022-02-28 08:59:04	True
45570	alamirault	2022-02-27 14:04:32	nicolas-grekas	2022-06-22 08:19:32	True
45568	alexandre-daubois	2022-02-27 10:40:38	derrabus	2022-02-27 22:15:18	True
45568	alexandre-daubois	2022-02-27 10:40:38	fabpot	2022-02-28 07:04:45	True
45567	alexandre-daubois	2022-02-27 10:14:47	nicolas-grekas	2022-03-01 08:45:11	True
45567	alexandre-daubois	2022-02-27 10:14:47	nicolas-grekas	2022-04-01 13:01:38	True
45566	jderusse	2022-02-26 18:52:03	nicolas-grekas	2022-02-26 21:14:34	True
45566	jderusse	2022-02-26 18:52:03	nicolas-grekas	2022-02-26 21:45:49	True
45566	jderusse	2022-02-26 18:52:03	nicolas-grekas	2022-02-27 08:27:13	True
45566	jderusse	2022-02-26 18:52:03	nicolas-grekas	2022-02-26 22:25:58	True
45564	alamirault	2022-02-26 10:48:28	carsonbot	2022-02-27 06:49:58	True
45564	alamirault	2022-02-26 10:48:28	fabpot	2022-03-12 09:10:41	True
45563	nicolas-grekas	2022-02-26 09:55:31	ro0NL	2022-02-27 08:47:44	True
45563	nicolas-grekas	2022-02-26 09:55:31	fabpot	2022-03-04 07:00:26	True
45558	94noni	2022-02-25 13:55:51	fabpot	2022-02-25 16:43:51	True
45554	siganushka	2022-02-25 06:39:05	nicolas-grekas	2022-09-28 15:20:12	True
45554	siganushka	2022-02-25 06:39:05	fabpot	2022-07-21 08:14:22	True
45550		2022-02-24 15:48:11			False
45547	derrabus	2022-02-24 12:50:52	fabpot	2022-02-25 08:28:15	True
45546	derrabus	2022-02-24 12:46:39	fabpot	2022-02-25 07:58:42	True
45543	fancyweb	2022-02-24 10:27:05	nicolas-grekas	2022-02-24 10:42:24	True
45535	ro0NL	2022-02-23 18:04:00	nicolas-grekas	2022-02-24 10:04:56	True
45535	ro0NL	2022-02-23 18:04:00	nicolas-grekas	2022-02-24 09:40:50	True
45535	ro0NL	2022-02-23 18:04:00	nicolas-grekas	2022-02-24 10:08:52	True
45535	ro0NL	2022-02-23 18:04:00	nicolas-grekas	2022-02-24 10:08:07	True
45532		2022-02-23 17:18:10			False
45528	fancyweb	2022-02-23 15:46:07	tarlepp	2022-04-01 17:13:09	True
45528	fancyweb	2022-02-23 15:46:07	pbowyer	2022-04-01 19:02:25	True
45528	fancyweb	2022-02-23 15:46:07	fabpot	2022-04-15 10:27:36	True
45528	fancyweb	2022-02-23 15:46:07	nicolas-grekas	2022-02-23 15:51:51	True
45528	fancyweb	2022-02-23 15:46:07	ro0NL	2022-02-23 16:59:23	True
45528	fancyweb	2022-02-23 15:46:07	fabpot	2022-03-28 10:14:15	True
45528	fancyweb	2022-02-23 15:46:07	nicolas-grekas	2022-03-28 10:15:39	True
45528	fancyweb	2022-02-23 15:46:07	jmsche	2022-04-01 17:56:52	True
45528	fancyweb	2022-02-23 15:46:07	nicolas-grekas	2022-04-12 13:13:34	True
45528	fancyweb	2022-02-23 15:46:07	nicolas-grekas	2022-04-12 13:14:53	True
45528	fancyweb	2022-02-23 15:46:07	kbond	2022-04-13 12:55:24	True
45528	fancyweb	2022-02-23 15:46:07	fabpot	2022-04-14 15:39:45	True
45528	fancyweb	2022-02-23 15:46:07	fabpot	2022-04-14 16:19:56	True
45528	fancyweb	2022-02-23 15:46:07	fabpot	2022-04-12 06:07:54	True
45526	chrisguitarguy	2022-02-23 15:04:35	nicolas-grekas	2022-02-23 15:30:41	True
45526	chrisguitarguy	2022-02-23 15:04:35	nicolas-grekas	2022-02-24 09:45:57	True
45519		2022-02-23 09:50:37			False
45515	HypeMC	2022-02-23 00:01:24	nicolas-grekas	2022-03-04 16:35:48	True
45515	HypeMC	2022-02-23 00:01:24	fabpot	2022-03-09 07:11:38	True
45515	HypeMC	2022-02-23 00:01:24	carsonbot	2022-02-23 20:04:55	True
45512	nicolas-grekas	2022-02-22 18:01:26	fabpot	2022-03-26 17:11:31	True
45512	nicolas-grekas	2022-02-22 18:01:26	jvasseur	2022-02-23 13:37:58	True
45504		2022-02-21 17:54:38			False
45492	fancyweb	2022-02-20 15:34:12	nicolas-grekas	2022-02-21 11:26:48	True
45491	l-vo	2022-02-20 14:45:41	fabpot	2022-03-25 13:00:34	True
45491	l-vo	2022-02-20 14:45:41	stof	2022-02-24 10:21:10	True
45491	l-vo	2022-02-20 14:45:41	derrabus	2022-03-22 14:03:49	True
45491	l-vo	2022-02-20 14:45:41	derrabus	2022-03-07 19:25:51	True
45491	l-vo	2022-02-20 14:45:41	carsonbot	2022-02-21 10:50:06	True
45486	JabriAbdelilah	2022-02-19 20:42:15	fabpot	2022-08-29 06:36:14	True
45486	JabriAbdelilah	2022-02-19 20:42:15	carsonbot	2022-02-19 20:42:20	True
45486	JabriAbdelilah	2022-02-19 20:42:15	carsonbot	2022-02-20 16:44:56	True
45484	HypeMC	2022-02-19 16:56:45	carsonbot	2022-02-20 12:59:56	True
45484	HypeMC	2022-02-19 16:56:45	nicolas-grekas	2022-02-21 12:44:52	True
45484	HypeMC	2022-02-19 16:56:45	ro0NL	2022-02-23 16:32:14	True
45484	HypeMC	2022-02-19 16:56:45	fabpot	2022-03-09 07:21:38	True
45479	nicolas-grekas	2022-02-18 23:13:29	fabpot	2022-02-19 09:08:46	True
45476	nicolas-grekas	2022-02-18 15:48:09	fabpot	2022-02-18 16:24:16	True
45462		2022-02-17 20:14:40			False
45460	Lenny4	2022-02-17 13:50:48	nicolas-grekas	2022-02-17 15:15:20	True
45460	Lenny4	2022-02-17 13:50:48	nicolas-grekas	2022-02-17 14:20:50	True
45460	Lenny4	2022-02-17 13:50:48	ro0NL	2022-02-17 15:13:57	True
45460	Lenny4	2022-02-17 13:50:48	nicolas-grekas	2022-02-17 14:21:33	True
45460	Lenny4	2022-02-17 13:50:48	nicolas-grekas	2022-02-18 09:24:02	True
45460	Lenny4	2022-02-17 13:50:48	carsonbot	2022-02-17 13:50:52	True
45457	codedmonkey	2022-02-17 11:11:42	nicolas-grekas	2022-04-11 19:53:44	True
45452	damienfa	2022-02-17 00:10:09	fabpot	2022-03-26 15:58:35	True
45452	damienfa	2022-02-17 00:10:09	fabpot	2022-03-27 17:26:36	True
45452	damienfa	2022-02-17 00:10:09	kaznovac	2022-02-23 13:31:21	True
45452	damienfa	2022-02-17 00:10:09	nicolas-grekas	2022-02-21 15:12:46	True
45452	damienfa	2022-02-17 00:10:09	carsonbot	2022-02-17 20:15:05	True
45450	jvasseur	2022-02-16 16:07:36	nicolas-grekas	2022-02-18 09:30:49	True
45449	MasterRO94	2022-02-16 15:43:58	carsonbot	2022-02-16 15:44:03	True
45449	MasterRO94	2022-02-16 15:43:58	fabpot	2022-02-19 09:18:11	True
45447	jvasseur	2022-02-16 13:13:09	nicolas-grekas	2022-03-04 16:57:42	True
45447	jvasseur	2022-02-16 13:13:09	nicolas-grekas	2022-02-21 22:35:49	True
45447	jvasseur	2022-02-16 13:13:09	nicolas-grekas	2022-02-22 18:02:12	True
45441	fbiesse	2022-02-16 10:03:54	carsonbot	2022-02-17 06:05:01	True
45436	dmitryuk	2022-02-16 07:34:02	carsonbot	2022-02-16 07:34:06	True
45436	dmitryuk	2022-02-16 07:34:02	nicolas-grekas	2022-02-18 09:32:20	True
45434	BlackbitDevs	2022-02-16 06:16:09	carsonbot	2022-02-16 06:16:13	True
45434	BlackbitDevs	2022-02-16 06:16:09	fancyweb	2022-02-17 15:56:14	True
45434	BlackbitDevs	2022-02-16 06:16:09	nicolas-grekas	2022-02-18 16:01:52	True
45433	fancyweb	2022-02-15 17:27:27	nicolas-grekas	2022-02-18 09:27:51	True
45433	fancyweb	2022-02-15 17:27:27	fabpot	2022-02-19 09:21:15	True
45433	fancyweb	2022-02-15 17:27:27	derrabus	2022-02-18 09:23:02	True
45433	fancyweb	2022-02-15 17:27:27	nicolas-grekas	2022-02-16 11:02:44	True
45431	jvasseur	2022-02-15 17:07:23	nicolas-grekas	2022-02-15 17:10:49	True
45428	fancyweb	2022-02-15 16:04:20	carsonbot	2022-02-16 12:10:14	True
45426	fancyweb	2022-02-15 13:14:18	nicolas-grekas	2022-02-15 13:39:07	True
45421	DanielBadura	2022-02-14 15:08:19	carsonbot	2022-02-15 11:10:02	True
45421	DanielBadura	2022-02-14 15:08:19	natewiebe13	2022-02-16 20:06:25	True
45421	DanielBadura	2022-02-14 15:08:19	natewiebe13	2022-02-16 20:16:17	True
45421	DanielBadura	2022-02-14 15:08:19	fabpot	2022-02-25 07:40:53	True
45418	enumag	2022-02-14 08:28:20	fabpot	2022-08-14 19:17:48	True
45418	enumag	2022-02-14 08:28:20	carsonbot	2022-02-14 08:28:22	True
45415	codedmonkey	2022-02-13 15:57:05	derrabus	2022-02-13 18:32:24	True
45415	codedmonkey	2022-02-13 15:57:05	nicolas-grekas	2022-02-13 16:54:50	True
45415	codedmonkey	2022-02-13 15:57:05	nicolas-grekas	2022-07-06 07:06:03	True
45415	codedmonkey	2022-02-13 15:57:05	nicolas-grekas	2022-02-13 17:59:51	True
45415	codedmonkey	2022-02-13 15:57:05	stof	2022-03-24 13:25:48	True
45415	codedmonkey	2022-02-13 15:57:05	rosier	2022-03-24 12:59:37	True
45414	core23	2022-02-13 12:28:25	nicolas-grekas	2022-02-18 09:48:10	True
45414	core23	2022-02-13 12:28:25	nicolas-grekas	2022-02-14 11:58:36	True
45414	core23	2022-02-13 12:28:25	nicolas-grekas	2022-02-13 15:55:47	True
45404	jrushlow	2022-02-11 21:57:09	carsonbot	2022-02-12 17:59:51	True
45404	jrushlow	2022-02-11 21:57:09	fabpot	2022-07-20 16:13:30	True
45402	bitgandtter	2022-02-11 19:59:59	carsonbot	2022-02-12 16:04:49	True
45402	bitgandtter	2022-02-11 19:59:59	fabpot	2022-02-19 09:15:46	True
45402	bitgandtter	2022-02-11 19:59:59	carsonbot	2022-02-11 20:00:03	True
45399	Ahummeling	2022-02-11 13:28:51	nicolas-grekas	2022-02-11 14:22:34	True
45399	Ahummeling	2022-02-11 13:28:51	nicolas-grekas	2022-02-11 15:10:14	True
45399	Ahummeling	2022-02-11 13:28:51	dkarlovi	2022-02-11 13:39:44	True
45394	trsteel88	2022-02-11 03:59:14	alexander-schranz	2022-02-14 21:51:21	True
45394	trsteel88	2022-02-11 03:59:14	nicolas-grekas	2022-04-12 16:30:19	True
45394	trsteel88	2022-02-11 03:59:14	alexander-schranz	2022-04-01 17:17:56	True
45394	trsteel88	2022-02-11 03:59:14	fabpot	2022-03-26 17:06:39	True
45394	trsteel88	2022-02-11 03:59:14	alexander-schranz	2022-02-14 09:40:14	True
45394	trsteel88	2022-02-11 03:59:14	carsonbot	2022-02-12 00:04:56	True
45394	trsteel88	2022-02-11 03:59:14	alexander-schranz	2022-04-06 23:48:44	True
45391	bizley	2022-02-10 17:20:46	nicolas-grekas	2022-02-11 15:29:48	True
45391	bizley	2022-02-10 17:20:46	carsonbot	2022-02-10 17:20:51	True
45391	bizley	2022-02-10 17:20:46	carsonbot	2022-02-11 13:26:30	True
45388	jannick-holm	2022-02-10 13:07:20	fabpot	2022-02-11 07:13:58	True
45388	jannick-holm	2022-02-10 13:07:20	carsonbot	2022-02-10 13:07:25	True
45388	jannick-holm	2022-02-10 13:07:20	fabpot	2022-02-10 13:54:45	True
45385	Seldaek	2022-02-10 09:31:12	fabpot	2022-02-12 10:16:40	True
45384	nicolas-grekas	2022-02-10 08:44:37	Tobion	2022-02-10 11:19:40	True
45384	nicolas-grekas	2022-02-10 08:44:37	jderusse	2022-02-11 14:58:39	True
45384	nicolas-grekas	2022-02-10 08:44:37	jderusse	2022-02-10 10:39:26	True
45384	nicolas-grekas	2022-02-10 08:44:37	derrabus	2022-02-10 09:22:29	True
45381	a-menshchikov	2022-02-09 21:23:52	nicolas-grekas	2022-02-11 17:34:09	True
45376	flack	2022-02-09 13:25:29	derrabus	2022-02-09 14:03:27	True
45376	flack	2022-02-09 13:25:29	derrabus	2022-02-09 14:04:10	True
45376	flack	2022-02-09 13:25:29	fabpot	2022-02-10 13:58:24	True
45376	flack	2022-02-09 13:25:29	fabpot	2022-02-10 14:02:42	True
45371	nicolas-grekas	2022-02-09 09:57:19	ro0NL	2022-02-10 08:11:18	True
45371	nicolas-grekas	2022-02-09 09:57:19	ro0NL	2022-02-10 08:27:55	True
45371	nicolas-grekas	2022-02-09 09:57:19	fancyweb	2022-02-10 07:53:21	True
45371	nicolas-grekas	2022-02-09 09:57:19	derrabus	2022-02-09 10:40:00	True
45371	nicolas-grekas	2022-02-09 09:57:19	ro0NL	2022-02-09 18:17:25	True
45362	DAcodedBEAT	2022-02-09 02:03:58	derrabus	2022-02-09 14:23:55	True
45362	DAcodedBEAT	2022-02-09 02:03:58	nicolas-grekas	2022-02-09 15:50:48	True
45361		2022-02-08 20:12:35			False
45360		2022-02-08 18:26:13			False
45343	chalasr	2022-02-07 23:08:18	mtarld	2022-02-08 08:52:10	True
45339		2022-02-07 18:33:11			False
45338	wikando-ck	2022-02-07 15:50:35	carsonbot	2022-02-07 15:50:41	True
45338	wikando-ck	2022-02-07 15:50:35	fabpot	2022-02-08 12:12:39	True
45335	willemverspyck	2022-02-07 10:28:29	carsonbot	2022-02-07 10:28:33	True
45335	willemverspyck	2022-02-07 10:28:29	nicolas-grekas	2022-02-08 10:24:05	True
45335	willemverspyck	2022-02-07 10:28:29	xabbuh	2022-03-21 12:49:59	True
45333	GwendolenLynch	2022-02-07 10:01:39	derrabus	2022-02-09 00:37:24	True
45333	GwendolenLynch	2022-02-07 10:01:39	nicolas-grekas	2022-08-02 07:38:14	True
45331	chalasr	2022-02-07 01:02:15	fabpot	2022-02-07 08:27:30	True
45329	dilekerkut	2022-02-06 16:04:30	carsonbot	2022-02-06 16:04:34	True
45329	dilekerkut	2022-02-06 16:04:30	fabpot	2022-02-07 08:30:23	True
45326	mttsch	2022-02-06 08:14:37	fabpot	2022-02-07 08:37:32	True
45326	mttsch	2022-02-06 08:14:37	fabpot	2022-02-07 08:36:51	True
45326	mttsch	2022-02-06 08:14:37	carsonbot	2022-02-06 08:14:41	True
45323	benjaminmal	2022-02-05 16:51:20	carsonbot	2022-02-06 12:54:01	True
45323	benjaminmal	2022-02-05 16:51:20	nicolas-grekas	2022-02-11 15:18:55	True
45322	akalineskou	2022-02-04 23:28:56	fabpot	2022-02-05 10:03:37	True
45318	fchris82	2022-02-04 17:38:40	carsonbot	2022-02-05 13:44:05	True
45318	fchris82	2022-02-04 17:38:40	theofidry	2022-02-15 21:19:47	True
45318	fchris82	2022-02-04 17:38:40	GromNaN	2022-07-26 07:57:58	True
45318	fchris82	2022-02-04 17:38:40	fabpot	2022-07-26 08:03:41	True
45317	fancyweb	2022-02-04 17:08:57	nicolas-grekas	2022-02-09 15:45:47	True
45313	gam6itko	2022-02-04 10:45:20	nicolas-grekas	2022-02-07 18:48:10	True
45313	gam6itko	2022-02-04 10:45:20	nicolas-grekas	2022-02-07 18:33:17	True
45313	gam6itko	2022-02-04 10:45:20	nicolas-grekas	2022-02-07 18:46:53	True
45313	gam6itko	2022-02-04 10:45:20	nicolas-grekas	2022-02-05 11:24:28	True
45313	gam6itko	2022-02-04 10:45:20	nicolas-grekas	2022-02-08 09:49:57	True
45307	dvaeversted	2022-02-04 08:11:42	fabpot	2022-02-04 08:28:46	True
45306	b1rdex	2022-02-04 03:25:14	nicolas-grekas	2022-02-04 14:22:30	True
45303	fancyweb	2022-02-03 17:18:46	fabpot	2022-02-05 10:02:44	True
45302	SVillette	2022-02-03 16:29:16	fabpot	2022-02-04 08:11:30	True
45302	SVillette	2022-02-03 16:29:16	carsonbot	2022-02-03 16:29:21	True
45299	LANGERGabrielle	2022-02-03 10:47:21	carsonbot	2022-02-03 10:47:26	True
45299	LANGERGabrielle	2022-02-03 10:47:21	fabpot	2022-02-04 08:26:59	True
45298	fancyweb	2022-02-03 09:28:09	fabpot	2022-02-04 08:34:29	True
45290	christophkoenig	2022-02-02 16:09:46	carsonbot	2022-02-02 16:09:51	True
45290	christophkoenig	2022-02-02 16:09:46	fabpot	2022-02-02 17:12:22	True
45286	BrokenSourceCode	2022-02-02 14:43:50	nicolas-grekas	2022-02-21 16:52:10	True
45286	BrokenSourceCode	2022-02-02 14:43:50	jlekowski	2022-02-05 20:36:00	True
45286	BrokenSourceCode	2022-02-02 14:43:50	jlekowski	2022-02-05 14:56:01	True
45286	BrokenSourceCode	2022-02-02 14:43:50	jlekowski	2022-02-05 13:13:56	True
45286	BrokenSourceCode	2022-02-02 14:43:50	carsonbot	2022-02-03 10:48:59	True
45282	rmikalkenas	2022-02-02 11:01:49	carsonbot	2022-02-03 07:04:59	True
45282	rmikalkenas	2022-02-02 11:01:49	fabpot	2022-04-27 17:08:23	True
45281	alebedev80	2022-02-02 10:43:45	kbond	2022-02-03 11:32:10	True
45281	alebedev80	2022-02-02 10:43:45	nicolas-grekas	2022-02-04 18:28:06	True
45281	alebedev80	2022-02-02 10:43:45	carsonbot	2022-02-02 10:43:49	True
45281	alebedev80	2022-02-02 10:43:45	kbond	2022-02-02 13:46:09	True
45276	kbond	2022-02-01 22:26:56	fabpot	2022-02-02 07:59:09	True
45276	kbond	2022-02-01 22:26:56	fabpot	2022-02-02 08:00:30	True
45275	kbond	2022-02-01 22:00:00	fabpot	2022-02-02 08:02:05	True
45274	kbond	2022-02-01 21:48:08	fabpot	2022-02-02 09:12:53	True
45273	mjpvandenberg	2022-02-01 21:42:07	fabpot	2022-03-26 16:13:58	True
45273	mjpvandenberg	2022-02-01 21:42:07	carsonbot	2022-02-01 21:42:12	True
45273	mjpvandenberg	2022-02-01 21:42:07	carsonbot	2022-02-02 17:44:08	True
45273	mjpvandenberg	2022-02-01 21:42:07	fabpot	2022-03-26 16:12:51	True
