pr_number	author_user_login	pr_created_at	commit_user_login	commit_created_at	commit_status_total	commit_status_additions	commit_status_deletions	create_before_pr	is_review_commit
2066	cedriclombardot	2011-08-31 07:58:40	cedriclombardot	2011-08-04 13:12:42	93	91	2	True	True
2058	ktomk	2011-08-30 11:46:33	ktomk	2011-08-30 11:45:17	18	16	2	True	True
2056	jalliot	2011-08-30 09:42:20	jalliot	2011-08-29 15:33:25	348	340	8	True	True
2051	michelsalib	2011-08-29 17:32:40	michelsalib	2011-08-29 17:22:52	1049	1002	47	True	True
2049	lstrojny	2011-08-29 08:32:42	lstrojny	2011-08-29 08:30:12	8	4	4	True	True
2045	michelsalib	2011-08-28 17:20:14	michelsalib	2011-08-28 17:12:35	294	282	12	True	True
2035	jalliot	2011-08-26 18:47:43	jalliot	2011-08-26 18:36:35	110	106	4	True	True
2033	jalliot	2011-08-26 11:11:04	Luis Muñoz	2011-08-28 20:05:29	10	5	5	False	True
2033	jalliot	2011-08-26 11:11:04	jalliot	2011-08-26 08:47:18	18	14	4	True	True
2033	jalliot	2011-08-26 11:11:04	jalliot	2011-08-26 08:34:23	13	6	7	True	True
2033	jalliot	2011-08-26 11:11:04	jalliot	2011-08-25 11:31:27	4	3	1	True	True
2033	jalliot	2011-08-26 11:11:04	stloyd	2011-08-24 02:31:42	5	4	1	True	True
2029	stealth35	2011-08-26 01:34:20	stealth35	2011-09-12 11:01:04	62	61	1	False	True
2021	jalliot	2011-08-24 13:39:30	jalliot	2011-09-29 15:49:53	17	6	11	False	True
2021	jalliot	2011-08-24 13:39:30	jalliot	2011-09-29 16:17:30	9	0	9	False	True
2021	jalliot	2011-08-24 13:39:30	jalliot	2011-08-23 19:35:38	173	173	0	True	True
2019	Seldaek	2011-08-24 08:40:31	Seldaek	2011-08-24 08:37:03	3	3	0	True	True
2019	Seldaek	2011-08-24 08:40:31	Seldaek	2011-08-24 08:38:03	11	9	2	True	True
2015	mweimerskirch	2011-08-23 21:53:41	mweimerskirch	2011-08-24 08:49:02	23	14	9	False	True
2015	mweimerskirch	2011-08-23 21:53:41	mweimerskirch	2011-08-24 23:43:41	2	1	1	False	True
2001	stloyd	2011-08-22 13:23:48	stloyd	2011-08-22 13:23:00	60	60	0	True	True
1990	aerialls	2011-08-19 14:45:32	aerialls	2011-08-19 14:43:43	18	18	0	True	True
1990	aerialls	2011-08-19 14:45:32	aerialls	2011-08-19 15:42:14	2	1	1	False	True
1969	retiolum	2011-08-16 11:14:54	retiolum	2011-08-16 20:42:11	7	6	1	False	True
1969	retiolum	2011-08-16 11:14:54	barff-toff	2011-08-17 07:13:06	54	38	16	False	True
1969	retiolum	2011-08-16 11:14:54	retiolum	2011-08-16 20:34:46	11	7	4	False	True
1969	retiolum	2011-08-16 11:14:54	barff-toff	2011-08-16 11:10:16	1	1	0	True	True
1969	retiolum	2011-08-16 11:14:54	barff-toff	2011-08-16 11:08:56	105	92	13	True	True
1968	Gregwar	2011-08-16 09:53:01	Gregwar	2011-08-16 09:51:41	27	26	1	True	True
1968	Gregwar	2011-08-16 09:53:01	Gregwar	2011-08-16 10:29:33	30	15	15	False	True
1968	Gregwar	2011-08-16 09:53:01	Gregwar	2011-08-23 19:21:15	5	2	3	False	True
1963	EvanK	2011-08-15 21:45:59	EvanK	2011-08-24 18:41:35	6	3	3	False	True
1963	EvanK	2011-08-15 21:45:59	EvanK	2011-08-15 21:42:16	2	1	1	True	True
1963	EvanK	2011-08-15 21:45:59	EvanK	2011-08-16 19:22:32	2	1	1	False	True
1963	EvanK	2011-08-15 21:45:59	EvanK	2011-09-01 04:36:50	2	1	1	False	True
1963	EvanK	2011-08-15 21:45:59	EvanK	2011-08-24 15:06:27	16	14	2	False	True
1951	Gregwar	2011-08-12 17:06:57	Gregwar	2011-08-16 10:17:50	16	7	9	False	True
1951	Gregwar	2011-08-12 17:06:57	Gregwar	2011-08-21 17:29:01	4	4	0	False	True
1951	Gregwar	2011-08-12 17:06:57	Gregwar	2011-10-17 07:42:31	8	3	5	False	True
1951	Gregwar	2011-08-12 17:06:57	Gregwar	2011-08-23 09:20:20	10	5	5	False	True
1951	Gregwar	2011-08-12 17:06:57	Gregwar	2011-08-21 18:04:02	3	2	1	False	True
1951	Gregwar	2011-08-12 17:06:57	Gregwar	2011-08-16 20:01:57	21	19	2	False	True
1951	Gregwar	2011-08-12 17:06:57	Gregwar	2011-08-15 19:33:34	29	17	12	False	True
1951	Gregwar	2011-08-12 17:06:57	Gregwar	2011-08-12 17:03:13	161	161	0	True	True
1934	mvrhov	2011-08-10 11:41:20	mvrhov	2011-08-10 11:34:58	26	25	1	True	True
1928	cordoval	2011-08-10 05:19:20	cordoval	2011-08-10 06:06:57	7	0	7	False	True
1928	cordoval	2011-08-10 05:19:20	cordoval	2011-08-10 07:04:39	4	1	3	False	True
1928	cordoval	2011-08-10 05:19:20	cordoval	2011-08-10 05:07:51	73	73	0	True	True
1919	brikou	2011-08-07 11:19:01	brikou	2011-08-09 15:02:48	48	33	15	False	True
1919	brikou	2011-08-07 11:19:01	brikou	2011-08-09 07:23:00	3	1	2	False	True
1919	brikou	2011-08-07 11:19:01	brikou	2011-08-07 11:14:43	18	18	0	True	True
1904	jnonon	2011-08-04 15:51:51	jnonon	2011-08-04 15:51:29	6	4	2	True	True
1904	jnonon	2011-08-04 15:51:51	jnonon	2011-08-04 17:02:41	4	2	2	False	True
1904	jnonon	2011-08-04 15:51:51	jnonon	2011-08-05 13:35:27	2	1	1	False	True
1903	cedriclombardot	2011-08-04 13:15:15	fabpot	2011-08-26 16:08:50	5	4	1	False	True
1903	cedriclombardot	2011-08-04 13:15:15	cedriclombardot	2011-08-04 13:12:42	95	93	2	True	True
1903	cedriclombardot	2011-08-04 13:15:15	fabpot	2011-08-30 17:36:17	8	5	3	False	True
1903	cedriclombardot	2011-08-04 13:15:15	fabpot	2011-08-30 19:37:30	7	4	3	False	True
1903	cedriclombardot	2011-08-04 13:15:15	fabpot	2011-08-30 18:57:43	154	125	29	False	True
1903	cedriclombardot	2011-08-04 13:15:15	fabpot	2011-08-28 20:32:31	10	5	5	False	True
1903	cedriclombardot	2011-08-04 13:15:15	fabpot	2011-08-26 15:41:12	4	3	1	False	True
1903	cedriclombardot	2011-08-04 13:15:15	jalliot	2011-08-26 08:34:23	13	6	7	False	True
1903	cedriclombardot	2011-08-04 13:15:15	jalliot	2011-08-25 11:31:27	4	3	1	False	True
1903	cedriclombardot	2011-08-04 13:15:15	Luis Muñoz	2011-08-28 20:05:29	10	5	5	False	True
1903	cedriclombardot	2011-08-04 13:15:15	fabpot	2011-08-26 10:06:03	15	7	8	False	True
1903	cedriclombardot	2011-08-04 13:15:15	stloyd	2011-08-24 02:31:42	5	4	1	False	True
1898	ghost	2011-08-03 11:55:59	stakovicz	2011-08-03 14:19:33	6	3	3	False	True
1898	ghost	2011-08-03 11:55:59	stakovicz	2011-08-03 11:55:17	11	11	0	True	True
1888	odino	2011-08-02 09:46:17	odino	2011-08-29 16:28:00	1	1	0	False	True
1888	odino	2011-08-02 09:46:17	odino	2011-08-02 12:42:15	2	1	1	False	True
1888	odino	2011-08-02 09:46:17	odino	2011-08-02 09:42:47	40	37	3	True	True
1888	odino	2011-08-02 09:46:17	odino	2011-08-02 10:50:50	8	4	4	False	True
1888	odino	2011-08-02 09:46:17	odino	2011-08-02 10:46:19	84	59	25	False	True
