pr_number	author_user_login	pr_created_at	comment_user_login	comment_created_at	is_review_issue_comment
45263	mhujer	2022-01-31 19:41:51	derrabus	2022-01-31 22:01:03	True
45261	nicolas-grekas	2022-01-31 18:23:50	fancyweb	2022-02-01 09:47:30	True
45258	nicolas-grekas	2022-01-31 17:37:20	chalasr	2022-01-31 19:14:40	True
45255	filiplikavcan	2022-01-31 12:59:27	nicolas-grekas	2022-01-31 16:00:48	True
45246	johdcode	2022-01-30 18:37:35	alexislefebvre	2022-02-01 16:08:03	True
45246	johdcode	2022-01-30 18:37:35	stof	2022-04-12 12:26:14	True
45246	johdcode	2022-01-30 18:37:35	carsonbot	2022-01-30 18:37:39	True
45243	ostrolucky	2022-01-30 10:56:48	derrabus	2022-01-30 18:13:31	True
45240	bobthecow	2022-01-29 21:20:15	fancyweb	2022-01-30 13:15:48	True
45240	bobthecow	2022-01-29 21:20:15	fancyweb	2022-01-31 08:18:13	True
45240	bobthecow	2022-01-29 21:20:15	nicolas-grekas	2022-01-30 09:29:39	True
45240	bobthecow	2022-01-29 21:20:15	nicolas-grekas	2022-01-29 21:54:50	True
45234	ogizanagi	2022-01-29 11:57:51	fancyweb	2022-01-29 13:17:45	True
45231	fancyweb	2022-01-29 08:54:39	derrabus	2022-02-03 22:27:42	True
45231	fancyweb	2022-01-29 08:54:39	ro0NL	2022-01-29 09:44:08	True
45231	fancyweb	2022-01-29 08:54:39	derrabus	2022-01-30 22:46:55	True
45231	fancyweb	2022-01-29 08:54:39	nicolas-grekas	2022-01-31 10:04:20	True
45226	mondrake	2022-01-28 15:41:25	carsonbot	2022-01-28 15:41:29	True
45226	mondrake	2022-01-28 15:41:25	nicolas-grekas	2022-03-31 15:59:42	True
45226	mondrake	2022-01-28 15:41:25	OskarStark	2022-01-29 14:00:45	True
45226	mondrake	2022-01-28 15:41:25	carsonbot	2022-01-29 11:44:29	True
45222	driesvints	2022-01-28 13:38:37	kbond	2022-02-01 23:31:59	True
45222	driesvints	2022-01-28 13:38:37	fabpot	2022-02-02 09:15:46	True
45222	driesvints	2022-01-28 13:38:37	kbond	2022-02-01 21:18:10	True
45222	driesvints	2022-01-28 13:38:37	norkunas	2022-01-28 13:49:53	True
45222	driesvints	2022-01-28 13:38:37	norkunas	2022-01-28 13:57:44	True
45219	jennevdmeer	2022-01-28 11:51:13	carsonbot	2022-01-28 11:51:17	True
45219	jennevdmeer	2022-01-28 11:51:13	fabpot	2022-02-02 18:52:05	True
45204	alexander-schranz	2022-01-27 14:52:59	nicolas-grekas	2022-01-27 14:57:01	True
45204	alexander-schranz	2022-01-27 14:52:59	fancyweb	2022-01-31 09:23:59	True
45197	chrismcgehee	2022-01-27 04:27:37	carsonbot	2022-01-27 04:27:42	True
45197	chrismcgehee	2022-01-27 04:27:37	nicolas-grekas	2022-01-27 17:14:14	True
45195	StaffNowa	2022-01-26 19:07:38	fabpot	2022-03-26 07:45:08	True
45189	codedmonkey	2022-01-26 17:36:17	fabpot	2022-01-27 07:54:26	True
45189	codedmonkey	2022-01-26 17:36:17	fabpot	2022-01-27 10:24:34	True
45189	codedmonkey	2022-01-26 17:36:17	fabpot	2022-01-27 10:23:54	True
45189	codedmonkey	2022-01-26 17:36:17	carsonbot	2022-01-26 17:36:22	True
45185	94noni	2022-01-26 14:23:39	nicolas-grekas	2022-01-26 15:39:17	True
45184	Jean-Beru	2022-01-26 13:42:40	nicolas-grekas	2022-02-18 13:03:34	True
45181	BrokenSourceCode	2022-01-25 23:02:39	carsonbot	2022-01-25 23:02:43	True
45181	BrokenSourceCode	2022-01-25 23:02:39	chalasr	2022-01-25 23:30:08	True
45181	BrokenSourceCode	2022-01-25 23:02:39	nicolas-grekas	2022-01-26 15:01:59	True
45174	marphi	2022-01-25 19:32:16	carsonbot	2022-01-25 19:32:21	True
45174	marphi	2022-01-25 19:32:16	stof	2022-01-26 10:04:30	True
45174	marphi	2022-01-25 19:32:16	OskarStark	2022-01-26 11:39:52	True
45174	marphi	2022-01-25 19:32:16	stof	2022-01-26 12:03:05	True
45171	welcoMattic	2022-01-25 16:45:58	carsonbot	2022-01-26 12:48:59	True
45171	welcoMattic	2022-01-25 16:45:58	ossinkine	2022-04-02 16:40:35	True
45171	welcoMattic	2022-01-25 16:45:58	fabpot	2022-03-26 11:03:24	True
45171	welcoMattic	2022-01-25 16:45:58	nicolas-grekas	2022-04-12 14:56:12	True
45170	KDederichs	2022-01-25 14:21:36	stof	2022-01-25 15:46:54	True
45170	KDederichs	2022-01-25 14:21:36	fabpot	2022-02-25 08:07:12	True
45170	KDederichs	2022-01-25 14:21:36	jderusse	2022-01-25 14:56:22	True
45167	ro0NL	2022-01-25 09:23:22	derrabus	2022-01-25 09:27:04	True
45166	remilemonnier	2022-01-25 08:59:33	carsonbot	2022-01-25 08:59:37	True
45166	remilemonnier	2022-01-25 08:59:33	nandi95	2022-01-25 09:25:17	True
45166	remilemonnier	2022-01-25 08:59:33	nicolas-grekas	2022-01-25 09:29:07	True
45166	remilemonnier	2022-01-25 08:59:33	nicolas-grekas	2022-01-25 09:13:03	True
45166	remilemonnier	2022-01-25 08:59:33	fabpot	2022-03-26 11:06:19	True
45160	TimoBakx	2022-01-24 22:59:49	nicolas-grekas	2022-01-26 16:16:56	True
45158		2022-01-24 19:24:45			False
45155	benjaminmal	2022-01-24 14:09:29	carsonbot	2022-01-24 14:09:34	True
45155	benjaminmal	2022-01-24 14:09:29	fabpot	2022-01-25 08:58:35	True
45154	ThomasNunninger	2022-01-24 12:23:07	carsonbot	2022-01-24 12:23:11	True
45154	ThomasNunninger	2022-01-24 12:23:07	carsonbot	2022-01-25 08:28:58	True
45154	ThomasNunninger	2022-01-24 12:23:07	nicolas-grekas	2022-01-26 15:59:50	True
45149	chalasr	2022-01-24 11:20:44	derrabus	2022-01-24 15:09:41	True
45144	fancyweb	2022-01-24 08:17:46	stof	2022-01-24 08:32:58	True
45140	mamazu	2022-01-23 22:14:23	nicolas-grekas	2022-01-24 19:31:43	True
45140	mamazu	2022-01-23 22:14:23	carsonbot	2022-01-23 22:14:28	True
45140	mamazu	2022-01-23 22:14:23	fabpot	2022-01-25 08:56:13	True
45107	nicolas-grekas	2022-01-21 18:08:58	fabpot	2022-01-22 06:59:42	True
45103	Seldaek	2022-01-21 14:32:34	nicolas-grekas	2022-01-24 19:34:15	True
45101	welcoMattic	2022-01-21 08:35:39	stof	2022-01-21 09:34:57	True
45101	welcoMattic	2022-01-21 08:35:39	fabpot	2022-01-22 08:00:30	True
45096	colinodell	2022-01-20 18:37:07	fabpot	2022-01-22 06:52:26	True
45094	Seldaek	2022-01-20 15:19:28	ro0NL	2022-01-27 18:01:37	True
45094	Seldaek	2022-01-20 15:19:28	nicolas-grekas	2022-02-21 15:39:41	True
45094	Seldaek	2022-01-20 15:19:28	ro0NL	2022-01-27 18:12:03	True
45094	Seldaek	2022-01-20 15:19:28	stof	2022-01-27 18:09:00	True
45094	Seldaek	2022-01-20 15:19:28	fabpot	2022-03-17 06:52:45	True
45094	Seldaek	2022-01-20 15:19:28	derrabus	2022-01-20 16:13:03	True
45094	Seldaek	2022-01-20 15:19:28	nicolas-grekas	2022-01-20 15:25:31	True
45093	fancyweb	2022-01-20 15:01:45	nicolas-grekas	2022-04-12 10:13:54	True
45092	nicolas-grekas	2022-01-20 13:44:02	stof	2022-01-20 15:04:27	True
45092	nicolas-grekas	2022-01-20 13:44:02	fabpot	2022-04-12 05:59:25	True
45092	nicolas-grekas	2022-01-20 13:44:02	stof	2022-01-20 15:03:19	True
45092	nicolas-grekas	2022-01-20 13:44:02	stof	2022-01-20 14:41:55	True
45092	nicolas-grekas	2022-01-20 13:44:02	bastnic	2022-01-20 14:25:10	True
45092	nicolas-grekas	2022-01-20 13:44:02	stof	2022-01-20 14:33:59	True
45090	fancyweb	2022-01-20 12:50:45	fabpot	2022-03-28 11:24:57	True
45088	nicolas-grekas	2022-01-20 10:58:47	fabpot	2022-01-22 07:01:35	True
45076		2022-01-19 12:48:59			False
45075	adrienlucas	2022-01-19 09:48:06	nicolas-grekas	2022-01-20 14:29:38	True
45075	adrienlucas	2022-01-19 09:48:06	chalasr	2022-01-19 11:05:13	True
45073	adrienfr	2022-01-19 09:38:09	nicolas-grekas	2022-01-19 14:00:22	True
45073	adrienfr	2022-01-19 09:38:09	nicolas-grekas	2022-01-19 11:49:10	True
45073	adrienfr	2022-01-19 09:38:09	nicolas-grekas	2022-01-19 12:48:24	True
45072	norkunas	2022-01-19 09:25:57	nicolas-grekas	2022-03-28 20:44:46	True
45072	norkunas	2022-01-19 09:25:57	nicolas-grekas	2022-03-29 07:10:15	True
45072	norkunas	2022-01-19 09:25:57	nicolas-grekas	2022-03-29 07:18:08	True
45072	norkunas	2022-01-19 09:25:57	fabpot	2022-04-01 11:43:56	True
45069	dannyvankooten	2022-01-19 07:45:42	fancyweb	2022-01-19 08:11:43	True
45069	dannyvankooten	2022-01-19 07:45:42	derrabus	2022-01-19 08:15:11	True
45067	brian978	2022-01-19 07:10:27	fabpot	2022-01-19 16:12:58	True
45067	brian978	2022-01-19 07:10:27	derrabus	2022-01-19 08:30:57	True
45067	brian978	2022-01-19 07:10:27	derrabus	2022-01-19 09:10:37	True
45067	brian978	2022-01-19 07:10:27	stof	2022-01-19 08:46:42	True
45067	brian978	2022-01-19 07:10:27	derrabus	2022-01-19 08:30:07	True
45067	brian978	2022-01-19 07:10:27	carsonbot	2022-01-19 07:10:31	True
45064	filkaris	2022-01-18 19:30:56	carsonbot	2022-01-18 19:30:57	True
45064	filkaris	2022-01-18 19:30:56	carsonbot	2022-01-18 19:32:12	True
45064	filkaris	2022-01-18 19:30:56	jderusse	2022-01-19 13:25:32	True
45064	filkaris	2022-01-18 19:30:56	fabpot	2022-01-19 16:09:45	True
45064	filkaris	2022-01-18 19:30:56	chalasr	2022-01-19 12:48:41	True
45063		2022-01-18 15:58:22			False
45062	raphaelvoisin	2022-01-18 15:30:49	nicolas-grekas	2022-03-06 11:38:02	True
45055	axzx	2022-01-18 10:14:55	carsonbot	2022-01-18 10:14:58	True
45055	axzx	2022-01-18 10:14:55	GromNaN	2022-01-18 10:54:53	True
45054	nicolas-grekas	2022-01-18 10:11:07	stof	2022-01-18 16:35:13	True
45054	nicolas-grekas	2022-01-18 10:11:07	fabpot	2022-01-19 09:38:29	True
45054	nicolas-grekas	2022-01-18 10:11:07	GromNaN	2022-01-18 16:07:55	True
45053	nicolas-grekas	2022-01-18 09:15:34	fabpot	2022-01-19 09:41:54	True
45047	benr77	2022-01-17 17:34:29	carsonbot	2022-01-18 13:38:56	True
45047	benr77	2022-01-17 17:34:29	nicolas-grekas	2022-02-21 17:25:49	True
45047	benr77	2022-01-17 17:34:29	fabpot	2022-03-26 11:07:44	True
45047	benr77	2022-01-17 17:34:29	nicolas-grekas	2022-02-21 16:46:26	True
45047	benr77	2022-01-17 17:34:29	fabpot	2022-03-13 12:09:17	True
45047	benr77	2022-01-17 17:34:29	fabpot	2022-03-18 07:24:49	True
45047	benr77	2022-01-17 17:34:29	fabpot	2022-03-26 10:55:36	True
45047	benr77	2022-01-17 17:34:29	jvasseur	2022-02-21 18:26:20	True
45034	MarkPedron	2022-01-15 18:46:09	fabpot	2022-07-22 12:43:09	True
45034	MarkPedron	2022-01-15 18:46:09	carsonbot	2022-01-15 18:46:14	True
45034	MarkPedron	2022-01-15 18:46:09	wouterj	2022-01-15 19:45:08	True
45034	MarkPedron	2022-01-15 18:46:09	nicolas-grekas	2022-04-19 10:09:42	True
45017	javer	2022-01-13 18:17:12	chalasr	2022-01-17 10:48:49	True
45017	javer	2022-01-13 18:17:12	stof	2022-01-17 08:57:45	True
45012	jderusse	2022-01-13 14:34:58	jonag	2022-01-13 16:19:03	True
45012	jderusse	2022-01-13 14:34:58	nicolas-grekas	2022-01-14 10:28:09	True
45008	hhamon	2022-01-13 09:47:07	chalasr	2022-01-13 11:17:32	True
45008	hhamon	2022-01-13 09:47:07	stof	2022-01-13 11:43:07	True
45008	hhamon	2022-01-13 09:47:07	nicolas-grekas	2022-01-13 10:52:42	True
45008	hhamon	2022-01-13 09:47:07	nicolas-grekas	2022-01-13 14:18:08	True
45008	hhamon	2022-01-13 09:47:07	derrabus	2022-01-13 11:40:47	True
45008	hhamon	2022-01-13 09:47:07	nicolas-grekas	2022-01-13 11:55:34	True
45008	hhamon	2022-01-13 09:47:07	chalasr	2022-01-13 14:03:11	True
45008	hhamon	2022-01-13 09:47:07	chalasr	2022-01-13 11:30:04	True
45004	plozmun	2022-01-12 20:55:21	nicolas-grekas	2022-01-13 11:58:37	True
44998	Seldaek	2022-01-12 14:44:20	nicolas-grekas	2022-01-12 18:38:26	True
44997	fancyweb	2022-01-12 13:44:05	nicolas-grekas	2022-01-26 17:34:28	True
44996	Seldaek	2022-01-12 13:38:28	stof	2022-01-12 15:35:13	True
44996	Seldaek	2022-01-12 13:38:28	Nyholm	2022-03-17 13:03:48	True
44996	Seldaek	2022-01-12 13:38:28	fabpot	2022-03-29 06:17:58	True
44996	Seldaek	2022-01-12 13:38:28	fabpot	2022-03-26 11:12:49	True
44996	Seldaek	2022-01-12 13:38:28	Nyholm	2022-02-04 22:49:25	True
44987	mbabker	2022-01-12 01:13:31	SimonVanacco	2022-01-12 12:57:43	True
44987	mbabker	2022-01-12 01:13:31	nicolas-grekas	2022-01-26 16:30:38	True
44986	kbond	2022-01-11 19:11:26	nicolas-grekas	2022-01-12 19:27:06	True
44986	kbond	2022-01-11 19:11:26	nicolas-grekas	2022-01-19 14:43:03	True
44986	kbond	2022-01-11 19:11:26	nicolas-grekas	2022-01-12 14:50:34	True
44980	dunglas	2022-01-11 09:01:41	ogizanagi	2022-01-11 18:56:54	True
44980	dunglas	2022-01-11 09:01:41	nicolas-grekas	2022-01-12 11:13:25	True
44979	sveneld	2022-01-11 06:54:24	nicolas-grekas	2022-01-12 12:49:15	True
44979	sveneld	2022-01-11 06:54:24	nicolas-grekas	2022-01-11 09:01:45	True
44976	pavol-tuka	2022-01-10 20:09:19	GromNaN	2022-01-12 11:21:16	True
44971	angelov	2022-01-10 19:24:06	carsonbot	2022-01-11 15:28:58	True
44971	angelov	2022-01-10 19:24:06	ogizanagi	2022-01-14 05:58:45	True
44971	angelov	2022-01-10 19:24:06	ogizanagi	2022-01-13 21:44:51	True
44971	angelov	2022-01-10 19:24:06	ogizanagi	2022-01-11 18:54:21	True
44971	angelov	2022-01-10 19:24:06	carsonbot	2022-01-10 19:24:10	True
44967	tilimac	2022-01-10 13:29:30	carsonbot	2022-01-10 13:29:35	True
44967	tilimac	2022-01-10 13:29:30	welcoMattic	2022-01-10 14:16:43	True
44967	tilimac	2022-01-10 13:29:30	stof	2022-01-10 15:08:29	True
44967	tilimac	2022-01-10 13:29:30	fabpot	2022-02-25 08:05:49	True
44964	GaryPEGEOT	2022-01-10 10:48:09	carsonbot	2022-01-11 06:53:54	True
44964	GaryPEGEOT	2022-01-10 10:48:09	fancyweb	2022-01-12 08:02:57	True
44957	ismail1432	2022-01-09 19:45:13	GromNaN	2022-01-10 11:39:37	True
44957	ismail1432	2022-01-09 19:45:13	dunglas	2022-01-09 23:48:06	True
44957	ismail1432	2022-01-09 19:45:13	chapterjason	2022-01-09 20:50:00	True
44957	ismail1432	2022-01-09 19:45:13	dunglas	2022-01-09 20:35:40	True
44955	malteschlueter	2022-01-09 10:53:59	fabpot	2022-01-09 10:55:33	True
44950	W0rma	2022-01-08 09:36:28	fabpot	2022-02-25 07:49:21	True
44950	W0rma	2022-01-08 09:36:28	mehdibo	2022-01-17 01:59:34	True
44948	GromNaN	2022-01-07 22:12:18	wouterj	2022-01-07 23:20:56	True
44948	GromNaN	2022-01-07 22:12:18	nicolas-grekas	2022-03-17 16:27:14	True
44941	xesxen	2022-01-07 04:06:21	fabpot	2022-01-24 06:22:02	True
44939	GromNaN	2022-01-06 23:22:30	nicolas-grekas	2022-01-26 16:22:02	True
44932	Laulibrius	2022-01-06 14:24:32	ro0NL	2022-01-06 17:40:10	True
44932	Laulibrius	2022-01-06 14:24:32	GromNaN	2022-01-07 17:13:37	True
44932	Laulibrius	2022-01-06 14:24:32	carsonbot	2022-01-06 14:24:36	True
44931	fritzmg	2022-01-06 12:51:35	OskarStark	2022-01-08 19:45:56	True
44931	fritzmg	2022-01-06 12:51:35	GromNaN	2022-01-08 22:39:22	True
44931	fritzmg	2022-01-06 12:51:35	micheh	2022-01-06 14:10:47	True
44931	fritzmg	2022-01-06 12:51:35	stof	2022-01-06 14:11:32	True
44920	jschaedl	2022-01-05 14:08:03	fabpot	2022-01-09 07:58:36	True
44918	chalasr	2022-01-05 13:46:33	fabpot	2022-01-06 07:50:30	True
44917	dbrekelmans	2022-01-05 13:27:34	kbond	2022-01-05 19:15:04	True
44917	dbrekelmans	2022-01-05 13:27:34	kbond	2022-01-05 14:44:46	True
44917	dbrekelmans	2022-01-05 13:27:34	kbond	2022-01-05 15:42:09	True
44917	dbrekelmans	2022-01-05 13:27:34	fabpot	2022-01-19 16:02:14	True
44915	Seldaek	2022-01-05 12:57:06	stof	2022-01-05 12:59:20	True
44915	Seldaek	2022-01-05 12:57:06	fabpot	2022-01-09 11:00:53	True
44915	Seldaek	2022-01-05 12:57:06	fabpot	2022-02-25 07:49:46	True
44915	Seldaek	2022-01-05 12:57:06	chalasr	2022-03-16 17:48:35	True
44912	Seldaek	2022-01-05 10:50:38	stof	2022-01-05 11:22:06	True
44912	Seldaek	2022-01-05 10:50:38	fabpot	2022-01-07 09:36:29	True
44912	Seldaek	2022-01-05 10:50:38	carsonbot	2022-01-05 10:50:39	True
44911	alexpott	2022-01-05 10:45:31	derrabus	2022-01-05 13:44:54	True
44911	alexpott	2022-01-05 10:45:31	tgalopin	2022-01-05 12:09:50	True
44911	alexpott	2022-01-05 10:45:31	ro0NL	2022-01-05 18:57:55	True
44911	alexpott	2022-01-05 10:45:31	wouterj	2022-01-05 14:32:34	True
44911	alexpott	2022-01-05 10:45:31	wouterj	2022-01-05 14:30:54	True
44911	alexpott	2022-01-05 10:45:31	catch56	2022-01-05 13:57:22	True
44911	alexpott	2022-01-05 10:45:31	jvasseur	2022-01-05 11:51:08	True
44911	alexpott	2022-01-05 10:45:31	stof	2022-01-05 12:58:11	True
44911	alexpott	2022-01-05 10:45:31	stof	2022-01-05 11:58:06	True
44911	alexpott	2022-01-05 10:45:31	tgalopin	2022-01-05 11:56:32	True
44911	alexpott	2022-01-05 10:45:31	derrabus	2022-01-05 14:53:20	True
44911	alexpott	2022-01-05 10:45:31	derrabus	2022-01-05 10:57:32	True
44911	alexpott	2022-01-05 10:45:31	longwave	2022-01-05 15:17:45	True
44911	alexpott	2022-01-05 10:45:31	nicolas-grekas	2022-01-05 18:20:34	True
44911	alexpott	2022-01-05 10:45:31	ro0NL	2022-01-05 18:53:43	True
44911	alexpott	2022-01-05 10:45:31	ro0NL	2022-01-05 18:26:00	True
44911	alexpott	2022-01-05 10:45:31	ro0NL	2022-01-05 18:01:57	True
44911	alexpott	2022-01-05 10:45:31	nicolas-grekas	2022-01-05 17:17:43	True
44911	alexpott	2022-01-05 10:45:31	wouterj	2022-01-05 16:26:46	True
44911	alexpott	2022-01-05 10:45:31	catch56	2022-01-05 16:30:26	True
44911	alexpott	2022-01-05 10:45:31	tgalopin	2022-01-05 16:21:55	True
44911	alexpott	2022-01-05 10:45:31	catch56	2022-01-05 16:02:27	True
44911	alexpott	2022-01-05 10:45:31	wouterj	2022-01-05 15:52:59	True
44911	alexpott	2022-01-05 10:45:31	derrabus	2022-01-05 15:44:12	True
44911	alexpott	2022-01-05 10:45:31	nicolas-grekas	2022-01-05 18:40:55	True
44908	JustDylan23	2022-01-04 21:30:48	fancyweb	2022-01-07 09:52:59	True
44908	JustDylan23	2022-01-04 21:30:48	carsonbot	2022-01-05 17:34:00	True
44908	JustDylan23	2022-01-04 21:30:48	fancyweb	2022-01-12 08:04:43	True
44908	JustDylan23	2022-01-04 21:30:48	fancyweb	2022-01-12 12:47:27	True
44902	alamirault	2022-01-03 20:39:31	carsonbot	2022-01-04 16:43:52	True
44902	alamirault	2022-01-03 20:39:31	christian-kolb	2022-06-28 13:06:22	True
44902	alamirault	2022-01-03 20:39:31	fabpot	2022-07-22 08:32:39	True
44901	m2mtech	2022-01-03 20:01:56	carsonbot	2022-01-03 20:02:00	True
44901	m2mtech	2022-01-03 20:01:56	kbond	2022-01-04 16:04:43	True
44898	Jayfrown	2022-01-03 16:37:28	fabpot	2022-03-29 06:21:46	True
44898	Jayfrown	2022-01-03 16:37:28	stof	2022-03-22 19:13:42	True
44898	Jayfrown	2022-01-03 16:37:28	stof	2022-03-22 18:44:31	True
44898	Jayfrown	2022-01-03 16:37:28	carsonbot	2022-01-04 12:39:04	True
44895	notdefine	2022-01-03 13:08:31	nicolas-grekas	2022-01-04 08:36:00	True
44895	notdefine	2022-01-03 13:08:31	carsonbot	2022-01-03 13:08:38	True
44895	notdefine	2022-01-03 13:08:31	carsonbot	2022-01-03 15:32:27	True
44895	notdefine	2022-01-03 13:08:31	fancyweb	2022-01-04 08:30:38	True
44895	notdefine	2022-01-03 13:08:31	carsonbot	2022-01-03 13:08:35	True
44895	notdefine	2022-01-03 13:08:31	nicolas-grekas	2022-03-04 17:12:40	True
44895	notdefine	2022-01-03 13:08:31	carsonbot	2022-01-03 15:32:29	True
44894	Nyholm	2022-01-03 10:36:59	fancyweb	2022-01-03 10:39:35	True
44894	Nyholm	2022-01-03 10:36:59	fancyweb	2022-01-03 11:15:09	True
44894	Nyholm	2022-01-03 10:36:59	fancyweb	2022-01-03 11:29:30	True
44888	gassan	2022-01-01 14:59:57	derrabus	2022-01-01 15:53:52	True
44888	gassan	2022-01-01 14:59:57	fancyweb	2022-01-03 09:46:35	True
44888	gassan	2022-01-01 14:59:57	nicolas-grekas	2022-01-03 09:40:16	True
44888	gassan	2022-01-01 14:59:57	fancyweb	2022-01-03 09:14:59	True
44888	gassan	2022-01-01 14:59:57	carsonbot	2022-01-01 15:00:00	True
44884	enigma972	2022-01-01 10:10:33	stof	2022-01-04 11:51:19	True
44884	enigma972	2022-01-01 10:10:33	OskarStark	2022-01-04 17:00:37	True
44884	enigma972	2022-01-01 10:10:33	OskarStark	2022-01-01 16:51:02	True
44884	enigma972	2022-01-01 10:10:33	carsonbot	2022-01-01 10:10:37	True
