pr_number	author_user_login	pr_created_at	commit_user_login	commit_created_at	commit_status_total	commit_status_additions	commit_status_deletions	create_before_pr	is_review_commit
11027	jderusse	2014-05-31 21:37:33	jderusse	2014-05-31 23:03:56	43	39	4	False	True
11027	jderusse	2014-05-31 21:37:33	jderusse	2014-05-31 21:12:08	114	101	13	True	True
11027	jderusse	2014-05-31 21:37:33	jderusse	2014-06-01 13:31:46	163	115	48	False	True
11022	jcroll	2014-05-30 13:06:46	jcroll	2014-05-30 12:58:09	8	8	0	True	True
11022	jcroll	2014-05-30 13:06:46	jcroll	2014-05-30 16:47:19	2	1	1	False	True
11022	jcroll	2014-05-30 13:06:46	jcroll	2014-05-30 16:51:25	2	1	1	False	True
11021	cleentfaar	2014-05-30 09:42:30	Cas Leentfaar	2014-05-30 09:40:52	163	145	18	True	True
11021	cleentfaar	2014-05-30 09:42:30	Cas Leentfaar	2014-10-10 07:28:11	55	33	22	False	True
11021	cleentfaar	2014-05-30 09:42:30	Cas Leentfaar	2014-10-13 10:12:30	28	14	14	False	True
11021	cleentfaar	2014-05-30 09:42:30	Cas Leentfaar	2014-10-10 07:54:41	2	1	1	False	True
11021	cleentfaar	2014-05-30 09:42:30	Cas Leentfaar	2014-10-10 07:56:11	12	6	6	False	True
11016	egeloen	2014-05-29 15:51:34	egeloen	2014-06-03 17:27:01	2	1	1	False	True
11016	egeloen	2014-05-29 15:51:34	egeloen	2014-05-29 15:48:16	46	35	11	True	True
11010	mickaelandrieu	2014-05-28 15:39:10	mandrieu	2014-05-28 15:29:34	159	159	0	True	True
10990	Haehnchen	2014-05-25 10:37:04	Haehnchen	2014-05-25 09:51:59	68	58	10	True	True
10990	Haehnchen	2014-05-25 10:37:04	Haehnchen	2014-05-25 11:06:51	3	1	2	False	True
10983	77web	2014-05-24 06:36:39	77web	2014-05-26 22:11:39	7	0	7	False	True
10983	77web	2014-05-24 06:36:39	77web	2014-05-24 06:29:23	6	5	1	True	True
10983	77web	2014-05-24 06:36:39	77web	2014-05-26 02:08:49	11	10	1	False	True
10983	77web	2014-05-24 06:36:39	77web	2014-05-26 12:34:07	2	1	1	False	True
10981	apfelbox	2014-05-23 17:03:10	Jannik Zschiesche	2014-05-23 17:28:26	2	1	1	False	True
10981	apfelbox	2014-05-23 17:03:10	Jannik Zschiesche	2014-05-23 17:00:00	4	3	1	True	True
10979	artursvonda	2014-05-23 14:35:08	artursvonda	2014-05-23 14:32:35	66	54	12	True	True
10974	tony-co	2014-05-23 11:39:43	tony-co	2014-05-23 11:34:06	41	37	4	True	True
10973	ivan1986	2014-05-23 07:54:54	ivan1986	2014-05-25 07:13:04	7	0	7	False	True
10973	ivan1986	2014-05-23 07:54:54	ivan1986	2014-05-23 07:52:11	50	50	0	True	True
10966	kevinvergauwen	2014-05-22 13:52:26	kevinvergauwen	2014-05-22 13:39:58	8	7	1	True	True
10966	kevinvergauwen	2014-05-22 13:52:26	kevinvergauwen	2014-06-16 07:59:17	2	1	1	False	True
10960	djotto	2014-05-21 20:48:18	djotto	2014-05-21 18:12:51	46	44	2	True	True
10960	djotto	2014-05-21 20:48:18	djotto	2014-05-22 11:46:05	10	10	0	False	True
10960	djotto	2014-05-21 20:48:18	djotto	2014-05-25 11:29:02	4	2	2	False	True
10960	djotto	2014-05-21 20:48:18	djotto	2014-06-16 07:41:53	4	2	2	False	True
10956	webmozart	2014-05-21 13:06:33	webmozart	2014-05-21 13:05:30	14	14	0	True	True
10951	webmozart	2014-05-20 15:55:08	webmozart	2014-05-20 14:38:02	191	119	72	True	True
10951	webmozart	2014-05-20 15:55:08	snoob	2014-04-09 12:55:47	54	39	15	True	True
10947	webmozart	2014-05-20 09:09:09	webmozart	2014-03-28 14:50:34	726	335	391	True	True
10947	webmozart	2014-05-20 09:09:09	webmozart	2014-05-19 15:05:32	264	198	66	True	True
10947	webmozart	2014-05-20 09:09:09	webmozart	2014-03-28 16:07:20	168	39	129	True	True
10946	webmozart	2014-05-20 09:08:03	webmozart	2014-05-19 15:05:32	295	212	83	True	True
10945	skafandri	2014-05-20 08:35:33	skafandri	2014-05-20 08:28:23	2	1	1	True	True
10941	nicolas-grekas	2014-05-19 10:26:54	nicolas-grekas	2014-05-19 10:15:59	329	156	173	True	True
10941	nicolas-grekas	2014-05-19 10:26:54	nicolas-grekas	2014-05-20 07:49:05	71	55	16	False	True
10939	jderusse	2014-05-18 17:39:47	jderusse	2014-05-18 19:24:11	10	5	5	False	True
10939	jderusse	2014-05-18 17:39:47	jderusse	2014-05-19 05:57:10	8	5	3	False	True
10939	jderusse	2014-05-18 17:39:47	jderusse	2014-05-18 17:05:20	57	57	0	True	True
10939	jderusse	2014-05-18 17:39:47	jderusse	2014-06-16 21:03:47	20	8	12	False	True
10939	jderusse	2014-05-18 17:39:47	jderusse	2014-05-19 05:58:08	8	4	4	False	True
10939	jderusse	2014-05-18 17:39:47	jderusse	2014-05-18 14:06:37	93	82	11	True	True
10939	jderusse	2014-05-18 17:39:47	jderusse	2014-05-18 14:08:48	25	25	0	True	True
10939	jderusse	2014-05-18 17:39:47	jderusse	2014-06-16 21:02:13	8	4	4	False	True
10934	romainneutron	2014-05-17 21:39:01	romainneutron	2014-05-17 13:24:38	345	222	123	True	True
10934	romainneutron	2014-05-17 21:39:01	romainneutron	2014-04-22 21:51:46	930	538	392	True	True
10932	romainneutron	2014-05-17 18:40:15	romainneutron	2014-05-17 18:36:38	95	67	28	True	True
10931	Tobion	2014-05-17 18:30:58	Tobion	2014-05-18 21:56:35	140	79	61	False	True
10931	Tobion	2014-05-17 18:30:58	Tobion	2014-05-18 23:56:41	191	140	51	False	True
10931	Tobion	2014-05-17 18:30:58	Tobion	2014-05-25 13:52:29	38	37	1	False	True
10931	Tobion	2014-05-17 18:30:58	Tobion	2014-06-04 21:06:34	26	24	2	False	True
10931	Tobion	2014-05-17 18:30:58	Tobion	2014-05-18 02:10:22	14	8	6	False	True
10931	Tobion	2014-05-17 18:30:58	Tobion	2014-05-18 01:41:33	147	127	20	False	True
10931	Tobion	2014-05-17 18:30:58	Tobion	2014-05-17 18:23:24	21	8	13	True	True
10931	Tobion	2014-05-17 18:30:58	Tobion	2014-06-07 22:54:38	381	263	118	False	True
10930	romainneutron	2014-05-17 17:48:49	romainneutron	2014-05-17 17:36:35	14	12	2	True	True
10921	nicolas-grekas	2014-05-16 21:33:18	nicolas-grekas	2014-05-26 10:29:25	1027	799	228	False	True
10921	nicolas-grekas	2014-05-16 21:33:18	nicolas-grekas	2014-05-26 10:39:46	97	64	33	False	True
10917	csarrazi	2014-05-16 15:03:43	csarrazi	2014-05-16 14:52:36	47	39	8	True	True
10913	alexsegura	2014-05-16 12:55:44	alexsegura	2014-05-16 12:49:42	65	41	24	True	True
10912	csarrazi	2014-05-16 12:43:13	csarrazi	2014-05-16 12:30:08	38	38	0	True	True
10902	sun	2014-05-15 00:09:25	sun	2014-05-15 00:05:21	94	88	6	True	True
10899	jakzal	2014-05-14 13:25:24	jakzal	2014-05-14 13:23:19	13	6	7	True	True
10894	fabpot	2014-05-12 14:33:06	fabpot	2014-05-12 14:13:41	87	86	1	True	True
10887	aitboudad	2014-05-10 22:45:52	aitboudad	2014-05-10 22:15:00	198	198	0	True	True
10887	aitboudad	2014-05-10 22:45:52	aitboudad	2014-06-08 11:33:53	76	64	12	False	True
10887	aitboudad	2014-05-10 22:45:52	aitboudad	2014-07-23 17:58:41	9	8	1	False	True
10887	aitboudad	2014-05-10 22:45:52	aitboudad	2014-07-20 17:34:08	48	37	11	False	True
10887	aitboudad	2014-05-10 22:45:52	aitboudad	2014-09-22 15:23:36	98	85	13	False	True
10887	aitboudad	2014-05-10 22:45:52	aitboudad	2014-05-10 22:43:48	11	11	0	True	True
10887	aitboudad	2014-05-10 22:45:52	aitboudad	2014-05-11 00:00:06	11	11	0	False	True
10887	aitboudad	2014-05-10 22:45:52	aitboudad	2014-05-10 22:14:12	6	4	2	True	True
10887	aitboudad	2014-05-10 22:45:52	aitboudad	2014-06-16 18:56:54	2	1	1	False	True
10887	aitboudad	2014-05-10 22:45:52	aitboudad	2014-06-08 11:23:37	21	10	11	False	True
10884	flip111	2014-05-10 00:05:36	flip111	2014-05-10 00:02:13	113	100	13	True	True
10882	umpirsky	2014-05-09 15:32:49	umpirsky	2014-05-09 15:28:08	122	85	37	True	True
10880	rosstuck	2014-05-09 12:43:41	rosstuck	2014-05-09 12:32:36	35	34	1	True	True
10872	webmozart	2014-05-08 15:35:35	webmozart	2014-05-08 15:33:56	53	43	10	True	True
10861	nicolas-grekas	2014-05-06 13:53:13	nicolas-grekas	2014-05-06 13:29:22	56	31	25	True	True
10856	wouterj	2014-05-05 17:23:03	wouterj	2014-05-05 17:22:30	2	2	0	True	True
10853	dbu	2014-05-04 16:41:25	dbu	2014-05-04 16:32:59	136	109	27	True	True
10851	umpirsky	2014-05-03 22:09:04	umpirsky	2014-05-09 08:00:08	375	193	182	False	True
10851	umpirsky	2014-05-03 22:09:04	umpirsky	2014-05-02 17:35:41	7	6	1	True	True
10850	zhil	2014-05-03 19:10:06	zhil	2014-05-03 19:01:34	5	5	0	True	True
10850	zhil	2014-05-03 19:10:06	zhil	2014-05-04 07:46:09	4	2	2	False	True
10850	zhil	2014-05-03 19:10:06	zhil	2014-05-04 07:47:08	2	1	1	False	True
10849	jjsaunier	2014-05-03 14:16:59	jjsaunier	2014-05-03 14:16:13	12	7	5	True	True
10849	jjsaunier	2014-05-03 14:16:59	jjsaunier	2014-05-03 15:12:55	41	7	34	False	True
10849	jjsaunier	2014-05-03 14:16:59	jjsaunier	2014-05-03 14:09:46	23	18	5	True	True
10849	jjsaunier	2014-05-03 14:16:59	jjsaunier	2014-05-03 14:51:04	16	14	2	False	True
10849	jjsaunier	2014-05-03 14:16:59	jjsaunier	2014-05-18 13:25:49	50	50	0	False	True
10849	jjsaunier	2014-05-03 14:16:59	jjsaunier	2014-05-20 10:20:46	47	29	18	False	True
10849	jjsaunier	2014-05-03 14:16:59	jjsaunier	2014-05-18 14:34:26	45	24	21	False	True
10849	jjsaunier	2014-05-03 14:16:59	jjsaunier	2014-05-18 13:58:57	25	13	12	False	True
10848	hhamon	2014-05-03 11:57:29	hhamon	2014-05-03 11:53:30	505	468	37	True	True
10843	maxromanovsky	2014-05-02 18:26:17	maxromanovsky	2014-05-02 17:24:43	23	20	3	True	True
10841	geoffrey-brier	2014-05-02 15:23:43	geoffrey-brier	2014-05-02 19:12:26	12	10	2	False	True
10841	geoffrey-brier	2014-05-02 15:23:43	geoffrey-brier	2014-05-02 15:23:01	26	13	13	True	True
10840	hhamon	2014-05-02 13:40:23	hhamon	2014-05-02 13:39:04	14	1	13	True	True
