pr_number	author_user_login	pr_created_at	commit_user_login	commit_created_at	commit_status_total	commit_status_additions	commit_status_deletions	create_before_pr	is_review_commit
8904	fabpot	2013-08-31 19:26:14	fabpot	2013-08-31 19:46:39	2	1	1	False	True
8904	fabpot	2013-08-31 19:26:14	fabpot	2013-08-31 20:02:11	26	13	13	False	True
8904	fabpot	2013-08-31 19:26:14	fabpot	2013-09-08 13:07:37	37	30	7	False	True
8904	fabpot	2013-08-31 19:26:14	fabpot	2013-09-07 20:38:41	218	90	128	False	True
8904	fabpot	2013-08-31 19:26:14	fabpot	2013-08-31 20:10:38	106	60	46	False	True
8904	fabpot	2013-08-31 19:26:14	beberlei	2013-04-18 08:33:03	616	477	139	True	True
8904	fabpot	2013-08-31 19:26:14	fabpot	2013-09-07 18:20:07	101	78	23	False	True
8903	dawehner	2013-08-31 16:23:38	dawehner	2013-08-31 16:22:28	40	36	4	True	True
8896	Burgov	2013-08-30 19:06:47	Burgov	2014-05-04 20:22:44	92	67	25	False	True
8896	Burgov	2013-08-30 19:06:47	Burgov	2014-05-04 20:37:46	2	1	1	False	True
8896	Burgov	2013-08-30 19:06:47	Burgov	2014-05-05 12:22:28	18	12	6	False	True
8896	Burgov	2013-08-30 19:06:47	Burgov	2014-04-28 18:52:30	2	1	1	False	True
8896	Burgov	2013-08-30 19:06:47	Burgov	2014-09-22 17:57:04	6	2	4	False	True
8896	Burgov	2013-08-30 19:06:47	Burgov	2014-05-04 19:37:23	22	16	6	False	True
8896	Burgov	2013-08-30 19:06:47	Burgov	2014-05-08 11:50:29	14	11	3	False	True
8896	Burgov	2013-08-30 19:06:47	Burgov	2014-05-04 19:10:45	7	7	0	False	True
8896	Burgov	2013-08-30 19:06:47	Burgov	2014-05-04 20:43:21	2	1	1	False	True
8896	Burgov	2013-08-30 19:06:47	Burgov	2014-05-05 12:24:46	10	8	2	False	True
8896	Burgov	2013-08-30 19:06:47	Burgov	2014-05-09 11:13:52	2	1	1	False	True
8896	Burgov	2013-08-30 19:06:47	Burgov	2014-05-26 07:54:17	3	2	1	False	True
8896	Burgov	2013-08-30 19:06:47	Burgov	2013-11-06 11:00:17	4	3	1	False	True
8896	Burgov	2013-08-30 19:06:47	Burgov	2014-04-28 19:18:14	2	1	1	False	True
8896	Burgov	2013-08-30 19:06:47	Burgov	2014-05-04 20:38:32	2	1	1	False	True
8896	Burgov	2013-08-30 19:06:47	Burgov	2013-11-06 10:53:18	6	3	3	False	True
8896	Burgov	2013-08-30 19:06:47	Burgov	2013-09-02 07:24:40	14	14	0	False	True
8896	Burgov	2013-08-30 19:06:47	Burgov	2013-09-02 15:19:47	24	12	12	False	True
8896	Burgov	2013-08-30 19:06:47	Burgov	2013-09-02 07:31:35	8	4	4	False	True
8896	Burgov	2013-08-30 19:06:47	Burgov	2013-09-02 15:22:26	6	2	4	False	True
8896	Burgov	2013-08-30 19:06:47	Burgov	2013-08-30 14:21:48	177	177	0	True	True
8896	Burgov	2013-08-30 19:06:47	Burgov	2013-08-31 08:40:09	197	81	116	False	True
8896	Burgov	2013-08-30 19:06:47	Burgov	2013-08-31 09:04:17	22	19	3	False	True
8896	Burgov	2013-08-30 19:06:47	Burgov	2013-08-31 08:38:11	16	14	2	False	True
8896	Burgov	2013-08-30 19:06:47	Burgov	2013-09-02 14:57:53	16	8	8	False	True
8896	Burgov	2013-08-30 19:06:47	Burgov	2013-09-02 09:56:55	2	1	1	False	True
8896	Burgov	2013-08-30 19:06:47	Burgov	2013-09-02 14:55:03	203	106	97	False	True
8896	Burgov	2013-08-30 19:06:47	Burgov	2013-09-02 14:55:36	10	5	5	False	True
8896	Burgov	2013-08-30 19:06:47	Burgov	2014-04-28 18:47:23	2	1	1	False	True
8896	Burgov	2013-08-30 19:06:47	Burgov	2013-09-02 15:14:35	54	25	29	False	True
8894	fabpot	2013-08-30 17:36:57	fabpot	2013-08-30 17:08:44	10	7	3	True	True
8854	vierbergenlars	2013-08-25 16:23:11	vierbergenlars	2013-08-25 16:11:52	39	38	1	True	True
8851	webmozart	2013-08-25 11:19:45	webmozart	2013-08-24 15:43:39	207	2	205	True	True
8837	webmozart	2013-08-23 15:29:28	webmozart	2013-08-23 15:24:14	89	58	31	True	True
8837	webmozart	2013-08-23 15:29:28	webmozart	2013-08-24 12:29:44	58	29	29	False	True
8835	deguif	2013-08-23 13:44:09	deguif	2013-08-26 09:08:43	5	4	1	False	True
8835	deguif	2013-08-23 13:44:09	deguif	2013-08-23 13:30:13	17	12	5	True	True
8835	deguif	2013-08-23 13:44:09	deguif	2013-08-23 16:21:43	48	28	20	False	True
8835	deguif	2013-08-23 13:44:09	deguif	2013-08-26 09:12:49	2	1	1	False	True
8835	deguif	2013-08-23 13:44:09	deguif	2013-08-26 09:09:35	5	1	4	False	True
8831	fabpot	2013-08-22 19:41:31	fabpot	2013-08-22 19:40:01	43	41	2	True	True
8830	xkobal	2013-08-22 13:15:34	xkobal	2013-08-22 13:12:32	8	4	4	True	True
8830	xkobal	2013-08-22 13:15:34	xkobal	2013-08-22 14:33:04	16	9	7	False	True
8830	xkobal	2013-08-22 13:15:34	xkobal	2013-08-22 14:34:05	8	4	4	False	True
8830	xkobal	2013-08-22 13:15:34	xkobal	2013-08-26 14:19:19	2	1	1	False	True
8830	xkobal	2013-08-22 13:15:34	xkobal	2013-08-26 14:25:46	2	1	1	False	True
8823	piotrantosik	2013-08-22 07:47:47	piotrantosik	2013-08-21 22:25:28	94	84	10	True	True
8801	tgabi333	2013-08-20 13:14:40	tgabi333	2013-08-20 13:01:42	22	21	1	True	True
8791	davefx	2013-08-19 10:51:32	davefx	2013-08-19 11:26:08	4	2	2	False	True
8791	davefx	2013-08-19 10:51:32	davefx	2013-08-19 10:49:47	5	5	0	True	True
8791	davefx	2013-08-19 10:51:32	davefx	2013-08-19 11:20:44	3	2	1	False	True
8780	pkraeutli	2013-08-18 10:51:52	pkraeutli	2013-08-19 14:09:48	8	4	4	False	True
8780	pkraeutli	2013-08-18 10:51:52	pkraeutli	2013-08-18 10:41:55	79	79	0	True	True
8776	klmatom	2013-08-16 19:58:31	tomavery	2013-08-16 19:52:21	16	9	7	True	True
8768	sirian	2013-08-15 13:27:27	sirian	2013-08-15 13:16:55	14	10	4	True	True
8762	JhonnyL	2013-08-15 09:58:01	JhonnyL	2013-08-15 09:22:32	2	1	1	True	True
8753	romainneutron	2013-08-14 14:16:52	romainneutron	2013-08-30 09:20:18	7	4	3	False	True
8753	romainneutron	2013-08-14 14:16:52	romainneutron	2013-08-27 16:43:46	39	34	5	False	True
8753	romainneutron	2013-08-14 14:16:52	romainneutron	2013-08-21 17:19:40	6	3	3	False	True
8753	romainneutron	2013-08-14 14:16:52	romainneutron	2013-08-30 09:30:33	4	2	2	False	True
8753	romainneutron	2013-08-14 14:16:52	romainneutron	2013-08-21 16:39:29	33	26	7	False	True
8753	romainneutron	2013-08-14 14:16:52	romainneutron	2013-08-27 16:49:05	4	2	2	False	True
8753	romainneutron	2013-08-14 14:16:52	romainneutron	2013-08-23 20:26:21	15	13	2	False	True
8753	romainneutron	2013-08-14 14:16:52	romainneutron	2013-08-16 14:49:28	29	25	4	False	True
8753	romainneutron	2013-08-14 14:16:52	romainneutron	2013-08-13 10:01:32	1748	1745	3	True	True
8753	romainneutron	2013-08-14 14:16:52	romainneutron	2013-08-12 15:10:32	1012	543	469	True	True
8753	romainneutron	2013-08-14 14:16:52	romainneutron	2013-08-12 12:26:25	675	409	266	True	True
8753	romainneutron	2013-08-14 14:16:52	romainneutron	2013-08-23 20:27:23	26	24	2	False	True
8753	romainneutron	2013-08-14 14:16:52	romainneutron	2013-08-14 16:15:46	60	57	3	False	True
8749	romainneutron	2013-08-14 10:15:43	romainneutron	2013-08-14 11:29:25	2	1	1	False	True
8749	romainneutron	2013-08-14 10:15:43	romainneutron	2013-08-14 10:09:40	60	38	22	True	True
8740	romainneutron	2013-08-13 16:12:59	romainneutron	2013-08-13 16:01:05	12	6	6	True	True
8740	romainneutron	2013-08-13 16:12:59	romainneutron	2013-08-13 13:36:51	4	2	2	True	True
8740	romainneutron	2013-08-13 16:12:59	romainneutron	2013-08-13 15:56:09	17	17	0	True	True
8740	romainneutron	2013-08-13 16:12:59	romainneutron	2013-08-13 16:00:31	286	136	150	True	True
8717	mpdude	2013-08-11 06:22:36	mpdude	2013-07-08 09:47:03	61	51	10	True	True
8717	mpdude	2013-08-11 06:22:36	mpdude	2013-03-18 10:56:08	8	8	0	True	True
8717	mpdude	2013-08-11 06:22:36	mpdude	2013-08-11 06:04:34	7	6	1	True	True
8716	dawehner	2013-08-10 10:26:18	dawehner	2013-08-10 10:22:12	33	24	9	True	True
8710	denderello	2013-08-09 15:37:46	denderello	2013-08-09 15:30:49	15	14	1	True	True
8706	willdurand	2013-08-09 08:51:14	willdurand	2013-08-09 08:46:19	99	53	46	True	True
8695	stloyd	2013-08-08 11:14:01	stloyd	2013-08-08 08:29:43	58	56	2	True	True
8693	stloyd	2013-08-08 09:55:11	stloyd	2013-08-08 08:29:43	44	42	2	True	True
8688	ShiraNai7	2013-08-07 13:56:46	ShiraNai7	2013-08-07 13:15:14	34	33	1	True	True
8688	ShiraNai7	2013-08-07 13:56:46	ShiraNai7	2013-08-07 14:36:08	9	4	5	False	True
8688	ShiraNai7	2013-08-07 13:56:46	ShiraNai7	2013-08-07 14:42:56	2	1	1	False	True
8685	jfsimon	2013-08-07 05:22:38	jfsimon	2014-05-16 08:56:33	38	35	3	False	True
8685	jfsimon	2013-08-07 05:22:38	jfsimon	2014-01-24 14:35:16	7	6	1	False	True
8685	jfsimon	2013-08-07 05:22:38	jfsimon	2014-05-15 11:55:30	2	1	1	False	True
8685	jfsimon	2013-08-07 05:22:38	jfsimon	2013-08-07 05:09:50	697	696	1	True	True
8685	jfsimon	2013-08-07 05:22:38	jfsimon	2014-05-16 10:52:55	7	4	3	False	True
8685	jfsimon	2013-08-07 05:22:38	jfsimon	2013-08-09 05:26:56	88	52	36	False	True
8685	jfsimon	2013-08-07 05:22:38	jfsimon	2014-05-15 12:48:26	280	235	45	False	True
8672	hacfi	2013-08-05 08:15:36	hacfi	2013-08-05 08:12:29	19	19	0	True	True
8663	gnugat	2013-08-04 10:33:00	Loïc Chardonnet	2013-08-04 09:31:43	45	43	2	True	True
8663	gnugat	2013-08-04 10:33:00	Loïc Chardonnet	2013-08-04 09:40:18	3	3	0	True	True
8663	gnugat	2013-08-04 10:33:00	Loïc Chardonnet	2013-08-04 14:20:17	4	2	2	False	True
8663	gnugat	2013-08-04 10:33:00	Loïc Chardonnet	2013-08-08 11:32:32	4	2	2	False	True
8657	peterrehm	2013-08-03 13:21:51	peterrehm	2013-08-03 13:13:38	30	25	5	True	True
8657	peterrehm	2013-08-03 13:21:51	peterrehm	2013-08-05 14:11:38	6	5	1	False	True
8657	peterrehm	2013-08-03 13:21:51	peterrehm	2013-08-05 16:01:40	8	6	2	False	True
8657	peterrehm	2013-08-03 13:21:51	peterrehm	2013-08-08 14:37:05	2	1	1	False	True
8655	schmittjoh	2013-08-03 07:30:39	schmittjoh	2013-08-03 07:24:32	61	61	0	True	True
8655	schmittjoh	2013-08-03 07:30:39	schmittjoh	2013-08-03 07:57:35	27	24	3	False	True
8655	schmittjoh	2013-08-03 07:30:39	schmittjoh	2013-08-03 07:10:03	50	50	0	True	True
8655	schmittjoh	2013-08-03 07:30:39	schmittjoh	2013-08-03 14:52:29	12	9	3	False	True
8644	remibaar	2013-08-02 11:50:18	remibaar	2013-08-02 11:49:21	2	1	1	True	True
8640	lyrixx	2013-08-02 09:32:14	lyrixx	2013-08-02 09:18:33	49	49	0	True	True
8640	lyrixx	2013-08-02 09:32:14	lyrixx	2013-08-08 16:30:48	1	1	0	False	True
8635	wouterj	2013-08-01 14:17:01	wouterj	2013-09-16 20:12:02	2	2	0	False	True
8635	wouterj	2013-08-01 14:17:01	wouterj	2013-09-09 15:00:07	384	204	180	False	True
8635	wouterj	2013-08-01 14:17:01	wouterj	2013-09-09 14:57:50	391	389	2	False	True
8635	wouterj	2013-08-01 14:17:01	wouterj	2013-09-09 15:03:05	48	29	19	False	True
8635	wouterj	2013-08-01 14:17:01	wouterj	2013-09-09 15:02:16	24	20	4	False	True
8635	wouterj	2013-08-01 14:17:01	wouterj	2013-09-09 18:47:49	12	9	3	False	True
8626	xabbuh	2013-08-01 11:07:52	xabbuh	2013-08-01 10:59:52	12	12	0	True	True
