pr_number	author_user_login	pr_created_at	commit_user_login	commit_created_at	commit_status_total	commit_status_additions	commit_status_deletions	create_before_pr	is_review_commit
19807	nicolas-grekas	2016-08-31 15:21:19	nicolas-grekas	2016-08-31 08:43:03	219	143	76	True	True
19806	yceruto	2016-08-31 14:50:01	yceruto	2016-08-30 04:52:32	13	6	7	True	True
19806	yceruto	2016-08-31 14:50:01	yceruto	2016-08-31 15:00:22	37	22	15	False	True
19806	yceruto	2016-08-31 14:50:01	yceruto	2016-08-30 04:40:17	73	58	15	True	True
19806	yceruto	2016-08-31 14:50:01	yceruto	2016-08-30 04:43:07	7	0	7	True	True
19803	nicolas-grekas	2016-08-31 13:58:43	nicolas-grekas	2016-08-31 13:57:12	11	7	4	True	True
19801	davefx	2016-08-31 13:00:50	davefx	2016-08-31 14:47:17	6	3	3	False	True
19801	davefx	2016-08-31 13:00:50	davefx	2016-08-31 14:50:11	4	2	2	False	True
19801	davefx	2016-08-31 13:00:50	davefx	2016-08-31 13:03:09	2	1	1	False	True
19801	davefx	2016-08-31 13:00:50	davefx	2016-08-31 12:58:42	7	6	1	True	True
19799	mickaelandrieu	2016-08-31 12:12:05	mickaelandrieu	2016-08-31 12:06:07	4	2	2	True	True
19795	bocharsky-bw	2016-08-31 08:10:14	bocharsky-bw	2016-08-31 19:31:36	3	3	0	False	True
19795	bocharsky-bw	2016-08-31 08:10:14	bocharsky-bw	2016-08-31 19:29:06	26	13	13	False	True
19795	bocharsky-bw	2016-08-31 08:10:14	bocharsky-bw	2016-08-31 09:16:20	2	1	1	False	True
19795	bocharsky-bw	2016-08-31 08:10:14	bocharsky-bw	2016-08-31 08:13:05	2	1	1	False	True
19795	bocharsky-bw	2016-08-31 08:10:14	bocharsky-bw	2016-08-31 08:00:47	4	4	0	True	True
19790	dmaicher	2016-08-30 19:54:20	dmaicher	2016-09-09 17:24:04	62	47	15	False	True
19785	linaori	2016-08-30 08:53:22	Iltar van der Berg	2016-08-30 07:29:30	163	138	25	True	True
19785	linaori	2016-08-30 08:53:22	Iltar van der Berg	2016-08-30 09:31:03	8	4	4	False	True
19784	linaori	2016-08-30 07:48:45	Iltar van der Berg	2016-08-31 08:55:27	176	149	27	False	True
19784	linaori	2016-08-30 07:48:45	Iltar van der Berg	2016-08-31 14:04:55	39	18	21	False	True
19782	GuilhemN	2016-08-29 22:18:26	GuilhemN	2016-08-29 21:54:01	100	57	43	True	True
19782	GuilhemN	2016-08-29 22:18:26	GuilhemN	2016-12-06 17:25:47	7	4	3	False	True
19780	pedroresende	2016-08-29 20:45:57	pedroresende	2016-08-29 20:43:12	2	1	1	True	True
19778	eko	2016-08-29 18:44:15	eko	2016-08-29 18:28:05	20	17	3	True	True
19776	JhonnyL	2016-08-29 13:58:30	JhonnyL	2016-08-29 14:00:43	24	15	9	False	True
19773	Koc	2016-08-29 11:20:02	Koc	2016-09-06 16:09:13	2	1	1	False	True
19773	Koc	2016-08-29 11:20:02	Koc	2016-08-29 11:19:30	1	1	0	True	True
19766	xabbuh	2016-08-28 06:47:23	xabbuh	2016-08-27 11:14:18	2	1	1	True	True
19764	ogizanagi	2016-08-27 18:44:04	ogizanagi	2016-08-27 18:29:48	27	27	0	True	True
19759	ogizanagi	2016-08-27 12:12:26	ogizanagi	2016-08-27 11:57:29	2	2	0	True	True
19750	GuilhemN	2016-08-26 16:13:31	GuilhemN	2016-12-21 21:35:16	840	505	335	False	True
19748	lyrixx	2016-08-26 13:25:42	lyrixx	2016-08-26 13:23:50	13	13	0	True	True
19741	ReDnAxE	2016-08-26 08:20:29	ReDnAxE	2016-08-26 07:29:50	418	396	22	True	True
19740	TravisCarden	2016-08-25 20:40:57	TravisCarden	2016-08-25 20:35:28	14	14	0	True	True
19740	TravisCarden	2016-08-25 20:40:57	TravisCarden	2016-09-19 13:54:36	99	99	0	False	True
19734	GuilhemN	2016-08-25 12:23:23	GuilhemN	2016-08-25 12:14:47	137	137	0	True	True
19732	pierre-H	2016-08-25 08:31:18	pierre-H	2016-08-25 08:30:27	2	1	1	True	True
19731	xabbuh	2016-08-25 06:50:21	xabbuh	2016-08-25 06:47:13	15	9	6	True	True
19727	dvdoug	2016-08-24 16:22:39	dvdoug	2016-08-24 16:17:51	17	9	8	True	True
19725	maennchen	2016-08-24 15:50:58	maennchen	2016-08-24 15:49:11	13	12	1	True	True
19724	ogizanagi	2016-08-24 12:28:57	ogizanagi	2016-08-24 12:10:25	3	3	0	True	True
19720	chalasr	2016-08-24 01:16:17	chalasr	2016-08-24 00:30:10	61	60	1	True	True
19715	ro0NL	2016-08-23 13:17:31	ro0NL	2016-08-23 18:06:33	22	21	1	False	True
19715	ro0NL	2016-08-23 13:17:31	ro0NL	2016-08-23 13:12:40	8	4	4	True	True
19713	JhonnyL	2016-08-23 11:20:19	JhonnyL	2016-08-23 12:39:28	6	2	4	False	True
19711	volodyawork	2016-08-23 09:46:16	volodyawork	2016-08-23 09:41:08	10	10	0	True	True
19711	volodyawork	2016-08-23 09:46:16	volodyawork	2016-08-23 12:01:30	10	5	5	False	True
19711	volodyawork	2016-08-23 09:46:16	volodyawork	2016-08-23 12:03:04	4	2	2	False	True
19708	nicolas-grekas	2016-08-22 17:09:08	nicolas-grekas	2016-08-22 16:57:59	16	11	5	True	True
19702	nicolas-grekas	2016-08-22 11:49:46	nicolas-grekas	2016-08-22 11:44:18	28	17	11	True	True
19699	GuilhemN	2016-08-22 09:36:15	GuilhemN	2016-08-22 13:18:14	20	9	11	False	True
19699	GuilhemN	2016-08-22 09:36:15	GuilhemN	2016-08-22 12:34:57	16	4	12	False	True
19699	GuilhemN	2016-08-22 09:36:15	GuilhemN	2016-08-22 10:31:58	28	10	18	False	True
19699	GuilhemN	2016-08-22 09:36:15	GuilhemN	2016-08-22 09:32:37	207	196	11	True	True
19691	wakqasahmed	2016-08-21 13:43:38	wakqasahmed	2016-08-21 03:32:59	4	2	2	True	True
19690	ro0NL	2016-08-21 13:38:29	ro0NL	2016-08-23 19:30:15	10	5	5	False	True
19690	ro0NL	2016-08-21 13:38:29	ro0NL	2016-08-21 13:31:28	32	26	6	True	True
19687	tgalopin	2016-08-20 21:21:46	tgalopin	2016-08-20 21:08:57	120	117	3	True	True
19684	unexge	2016-08-20 11:33:04	unexge	2016-08-20 11:30:14	129	129	0	True	True
19681	nicolas-grekas	2016-08-20 10:47:54	nicolas-grekas	2016-08-12 18:34:27	710	666	44	True	True
19679	ro0NL	2016-08-20 08:11:29	ro0NL	2016-08-20 08:07:04	20	20	0	True	True
19679	ro0NL	2016-08-20 08:11:29	ro0NL	2016-08-20 15:17:21	19	9	10	False	True
19679	ro0NL	2016-08-20 08:11:29	ro0NL	2016-08-20 21:02:36	18	13	5	False	True
19679	ro0NL	2016-08-20 08:11:29	ro0NL	2016-08-20 08:07:04	9	4	5	True	True
19676	hhamon	2016-08-19 16:30:02	hhamon	2016-08-19 16:28:14	70	35	35	True	True
19673	ro0NL	2016-08-19 12:33:21	ro0NL	2016-08-19 12:18:08	323	275	48	True	True
19671	TiMESPLiNTER	2016-08-19 12:11:23	TiMESPLiNTER	2016-08-24 12:48:31	11	6	5	False	True
19668	ro0NL	2016-08-19 08:47:59	ro0NL	2017-01-14 09:13:01	98	74	24	False	True
19662	ghost	2016-08-18 18:31:04	bjcullinan	2016-08-18 18:48:30	7	6	1	False	True
19662	ghost	2016-08-18 18:31:04	bjcullinan	2016-08-18 18:51:45	7	1	6	False	True
19662	ghost	2016-08-18 18:31:04	bjcullinan	2016-08-18 18:44:34	192	96	96	False	True
19662	ghost	2016-08-18 18:31:04	bjcullinan	2016-08-18 18:28:45	192	96	96	True	True
19662	ghost	2016-08-18 18:31:04	bjcullinan	2016-08-18 18:55:14	7	6	1	False	True
19660	mlocati	2016-08-18 12:41:08	mlocati	2016-08-19 06:06:04	2	1	1	False	True
19660	mlocati	2016-08-18 12:41:08	mlocati	2016-08-18 12:32:44	8	4	4	True	True
19660	mlocati	2016-08-18 12:41:08	mlocati	2016-08-18 15:13:48	6	3	3	False	True
19656	nicolas-grekas	2016-08-18 11:47:24	nicolas-grekas	2016-08-18 10:56:44	68	39	29	True	True
19651	tgalopin	2016-08-17 15:23:43	tgalopin	2016-08-17 15:05:41	23	21	2	True	True
19649	dunglas	2016-08-17 10:44:06	dunglas	2016-08-17 21:18:22	12	3	9	False	True
19649	dunglas	2016-08-17 10:44:06	dunglas	2016-08-17 10:41:54	89	76	13	True	True
19646	ogizanagi	2016-08-17 09:54:22	ogizanagi	2016-08-19 09:00:24	78	16	62	False	True
19646	ogizanagi	2016-08-17 09:54:22	ogizanagi	2016-08-17 09:18:24	297	295	2	True	True
19646	ogizanagi	2016-08-17 09:54:22	ogizanagi	2016-08-17 09:17:14	213	211	2	True	True
19644	ro0NL	2016-08-16 21:25:31	ro0NL	2016-08-16 21:10:46	16	10	6	True	True
19643	chalasr	2016-08-16 21:24:52	chalasr	2016-08-16 21:10:39	54	54	0	True	True
19639	jameshalsall	2016-08-16 15:13:28	jameshalsall	2016-08-16 15:51:26	10	10	0	False	True
19639	jameshalsall	2016-08-16 15:13:28	jameshalsall	2016-08-16 14:45:37	14	12	2	True	True
19639	jameshalsall	2016-08-16 15:13:28	jameshalsall	2016-08-16 20:31:31	16	4	12	False	True
19638	dunglas	2016-08-16 15:04:11	dunglas	2016-08-16 19:36:27	5	1	4	False	True
19638	dunglas	2016-08-16 15:04:11	dunglas	2016-08-16 15:02:56	40	25	15	True	True
19638	dunglas	2016-08-16 15:04:11	dunglas	2016-08-16 15:10:13	2	1	1	False	True
19638	dunglas	2016-08-16 15:04:11	dunglas	2016-08-16 19:38:25	7	5	2	False	True
19638	dunglas	2016-08-16 15:04:11	dunglas	2016-08-23 08:15:52	18	9	9	False	True
19638	dunglas	2016-08-16 15:04:11	dunglas	2016-08-23 08:36:20	6	1	5	False	True
19638	dunglas	2016-08-16 15:04:11	dunglas	2016-08-23 08:16:59	14	6	8	False	True
19636	ggottwald	2016-08-16 14:38:32	ggottwald	2016-08-16 14:36:22	2	1	1	True	True
19636	ggottwald	2016-08-16 14:38:32	ggottwald	2016-09-07 06:22:21	2	1	1	False	True
19636	ggottwald	2016-08-16 14:38:32	ggottwald	2016-08-16 14:22:05	4	4	0	True	True
19629	Nyholm	2016-08-16 11:26:05	lyrixx	2016-11-07 17:57:54	57	29	28	False	True
19629	Nyholm	2016-08-16 11:26:05	Nyholm	2016-08-16 11:13:16	723	619	104	True	True
19616	wouterj	2016-08-14 22:39:01	wouterj	2016-08-14 22:09:43	116	107	9	True	True
19614	wouterj	2016-08-14 18:51:46	wouterj	2016-08-14 13:24:11	746	466	280	True	True
19614	wouterj	2016-08-14 18:51:46	nicolas-grekas	2016-08-17 13:29:33	370	140	230	False	True
19608	ogizanagi	2016-08-13 17:03:10	ogizanagi	2016-08-13 16:41:01	22	2	20	True	True
19606	ro0NL	2016-08-12 18:46:54	ro0NL	2016-08-12 06:40:11	95	87	8	True	True
19606	ro0NL	2016-08-12 18:46:54	ro0NL	2016-08-12 17:51:35	25	25	0	True	True
19606	ro0NL	2016-08-12 18:46:54	ro0NL	2016-08-12 19:20:42	16	5	11	False	True
19606	ro0NL	2016-08-12 18:46:54	ro0NL	2016-08-12 17:51:10	136	136	0	True	True
19606	ro0NL	2016-08-12 18:46:54	ro0NL	2016-08-13 11:45:26	2	1	1	False	True
19606	ro0NL	2016-08-12 18:46:54	ro0NL	2016-08-13 13:09:36	62	44	18	False	True
19606	ro0NL	2016-08-12 18:46:54	ro0NL	2016-08-13 11:34:11	10	10	0	False	True
19602	Nyholm	2016-08-12 13:51:04	Nyholm	2016-08-12 14:55:00	2	1	1	False	True
19602	Nyholm	2016-08-12 13:51:04	Nyholm	2016-08-12 13:48:37	2	1	1	True	True
19601	yceruto	2016-08-12 13:07:53	yceruto	2016-08-12 12:09:39	21	21	0	True	True
19596	GuilhemN	2016-08-11 10:18:56	GuilhemN	2016-08-11 09:55:23	129	129	0	True	True
19595	aitboudad	2016-08-10 17:37:43	aitboudad	2016-08-10 17:14:01	28	22	6	True	True
19594	ro0NL	2016-08-10 17:04:50	ro0NL	2016-08-10 16:57:12	124	121	3	True	True
19594	ro0NL	2016-08-10 17:04:50	ro0NL	2016-08-11 16:51:22	40	23	17	False	True
19594	ro0NL	2016-08-10 17:04:50	ro0NL	2016-08-11 16:15:51	22	11	11	False	True
19586	wesleylancel	2016-08-10 08:00:18	wesleylancel	2017-01-06 21:59:53	122	82	40	False	True
19586	wesleylancel	2016-08-10 08:00:18	wesleylancel	2017-01-04 20:54:50	77	73	4	False	True
19584	wouterj	2016-08-10 00:14:24	wouterj	2016-08-10 00:10:19	38	31	7	True	True
19584	wouterj	2016-08-10 00:14:24	wouterj	2016-08-09 23:56:55	36	14	22	True	True
19580	dmaicher	2016-08-09 18:21:47	dmaicher	2016-08-10 19:49:44	43	27	16	False	True
19576	ivoba	2016-08-09 10:49:54	ivoba	2016-10-05 15:16:37	2	1	1	False	True
19576	ivoba	2016-08-09 10:49:54	ivoba	2016-08-09 10:35:04	25	25	0	True	True
19576	ivoba	2016-08-09 10:49:54	ivoba	2016-08-24 08:39:39	31	22	9	False	True
19576	ivoba	2016-08-09 10:49:54	ivoba	2016-10-05 08:23:05	13	10	3	False	True
19574	johnatannvmd	2016-08-09 10:18:06	johnatannvmd	2016-08-16 15:44:35	2	1	1	False	True
19574	johnatannvmd	2016-08-09 10:18:06	Evgeniy Tetenchuk	2016-08-09 10:15:01	3	1	2	True	True
19570	ogizanagi	2016-08-08 17:00:02	ogizanagi	2016-08-08 16:48:03	85	56	29	True	True
19568	lyrixx	2016-08-08 14:08:11	lyrixx	2016-08-08 13:40:30	588	373	215	True	True
19567	nicolas-grekas	2016-08-08 13:29:24	nicolas-grekas	2016-08-08 13:21:59	167	144	23	True	True
19563	ro0NL	2016-08-07 19:39:05	ro0NL	2016-08-07 19:36:18	18	9	9	True	True
19562	c960657	2016-08-07 17:22:44	c960657	2016-08-07 14:57:36	591	389	202	True	True
19556	Lisennk	2016-08-06 21:29:22	Lisennk	2016-08-07 08:51:16	26	8	18	False	True
19556	Lisennk	2016-08-06 21:29:22	Lisennk	2016-08-06 21:18:42	34	29	5	True	True
19556	Lisennk	2016-08-06 21:29:22	Lisennk	2016-08-07 08:39:26	2	1	1	False	True
19556	Lisennk	2016-08-06 21:29:22	Lisennk	2016-08-07 12:34:50	3	1	2	False	True
19556	Lisennk	2016-08-06 21:29:22	Lisennk	2016-08-16 15:55:36	2	1	1	False	True
19556	Lisennk	2016-08-06 21:29:22	Lisennk	2016-08-19 18:15:45	2	1	1	False	True
19555	GuilhemN	2016-08-06 15:23:46	GuilhemN	2016-08-06 13:30:44	173	138	35	True	True
19555	GuilhemN	2016-08-06 15:23:46	GuilhemN	2016-08-06 15:17:52	257	173	84	True	True
19555	GuilhemN	2016-08-06 15:23:46	GuilhemN	2016-08-07 09:54:08	640	188	452	False	True
19555	GuilhemN	2016-08-06 15:23:46	GuilhemN	2016-08-06 14:12:03	108	108	0	True	True
19555	GuilhemN	2016-08-06 15:23:46	joelwurtz	2016-01-22 23:36:09	370	369	1	True	True
19552	tyx	2016-08-05 20:49:49	tyx	2016-08-05 20:43:03	14	14	0	True	True
19541	mbeccati	2016-08-05 08:15:29	mbeccati	2016-08-05 10:25:39	63	57	6	False	True
19539	remicollet	2016-08-05 07:24:51	fabpot	2016-07-30 09:09:16	8	4	4	True	True
19539	remicollet	2016-08-05 07:24:51	remicollet	2016-08-05 07:21:03	4	2	2	True	True
19533	pulzarraider	2016-08-04 15:03:27	pulzarraider	2016-08-04 15:02:35	8	8	0	True	True
19529	alexpott	2016-08-04 12:41:05	alexpott	2016-08-08 08:01:43	43	25	18	False	True
19529	alexpott	2016-08-04 12:41:05	alexpott	2016-08-09 10:37:28	5	5	0	False	True
19529	alexpott	2016-08-04 12:41:05	alexpott	2016-08-08 09:22:30	2	2	0	False	True
19529	alexpott	2016-08-04 12:41:05	alexpott	2016-08-08 17:32:57	3	1	2	False	True
19529	alexpott	2016-08-04 12:41:05	alexpott	2016-08-08 14:22:47	24	9	15	False	True
19529	alexpott	2016-08-04 12:41:05	alexpott	2016-08-08 11:40:53	10	3	7	False	True
19529	alexpott	2016-08-04 12:41:05	alexpott	2016-08-08 14:29:32	10	10	0	False	True
19529	alexpott	2016-08-04 12:41:05	alexpott	2016-08-08 09:12:41	12	6	6	False	True
19529	alexpott	2016-08-04 12:41:05	alexpott	2016-08-08 10:50:30	2	1	1	False	True
19529	alexpott	2016-08-04 12:41:05	alexpott	2016-08-04 12:37:15	86	86	0	True	True
19529	alexpott	2016-08-04 12:41:05	alexpott	2016-08-08 08:07:57	7	3	4	False	True
19529	alexpott	2016-08-04 12:41:05	alexpott	2016-08-08 08:04:36	6	3	3	False	True
19529	alexpott	2016-08-04 12:41:05	alexpott	2016-08-04 13:02:48	40	18	22	False	True
19519	nicolas-grekas	2016-08-03 14:49:24	nicolas-grekas	2016-08-03 14:45:27	485	485	0	True	True
19511	leofeyer	2016-08-02 15:04:30	leofeyer	2016-08-02 14:57:27	37	32	5	True	True
19511	leofeyer	2016-08-02 15:04:30	leofeyer	2016-08-03 07:20:57	5	2	3	False	True
19507	tgalopin	2016-08-02 09:43:22	tgalopin	2016-08-02 09:38:04	361	333	28	True	True
19497	tgalopin	2016-08-01 09:00:15	tgalopin	2016-08-01 08:59:26	8	1	7	True	True
19496	Koc	2016-08-01 08:42:11	Koc	2016-08-01 08:29:35	135	133	2	True	True
