pr_number	author_user_login	pr_created_at	commit_user_login	commit_created_at	commit_status_total	commit_status_additions	commit_status_deletions	create_before_pr	is_review_commit
20708	yceruto	2016-11-30 23:05:31	yceruto	2016-11-30 22:57:42	8	2	6	True	True
20708	yceruto	2016-11-30 23:05:31	yceruto	2016-12-01 13:13:43	150	75	75	False	True
20697	javiereguiluz	2016-11-30 12:06:18	javiereguiluz	2016-11-30 14:21:59	12	6	6	False	True
20697	javiereguiluz	2016-11-30 12:06:18	javiereguiluz	2016-11-30 14:29:55	16	8	8	False	True
20697	javiereguiluz	2016-11-30 12:06:18	javiereguiluz	2016-11-30 12:28:34	28	6	22	False	True
20697	javiereguiluz	2016-11-30 12:06:18	javiereguiluz	2016-11-30 12:01:25	94	39	55	True	True
20694	nicolas-grekas	2016-11-30 09:54:37	nicolas-grekas	2016-11-25 16:25:06	357	347	10	True	True
20694	nicolas-grekas	2016-11-30 09:54:37	nicolas-grekas	2017-01-03 18:51:00	2806	2707	99	False	True
20694	nicolas-grekas	2016-11-30 09:54:37	nicolas-grekas	2017-01-03 18:50:14	873	481	392	False	True
20690	ogizanagi	2016-11-29 20:05:50	ogizanagi	2016-11-29 19:46:44	83	36	47	True	True
20689	ogizanagi	2016-11-29 18:19:38	ogizanagi	2016-11-29 16:47:25	150	146	4	True	True
20681	FractalizeR	2016-11-29 12:29:24	FractalizeR	2016-11-29 15:59:02	4	3	1	False	True
20681	FractalizeR	2016-11-29 12:29:24	FractalizeR	2016-11-29 15:28:48	4	2	2	False	True
20681	FractalizeR	2016-11-29 12:29:24	FractalizeR	2016-11-29 12:27:37	47	41	6	True	True
20681	FractalizeR	2016-11-29 12:29:24	FractalizeR	2016-11-29 15:25:08	68	60	8	False	True
20680	FractalizeR	2016-11-29 11:18:23	FractalizeR	2017-03-02 08:58:20	12	9	3	False	True
20680	FractalizeR	2016-11-29 11:18:23	FractalizeR	2016-11-29 11:40:56	40	19	21	False	True
20680	FractalizeR	2016-11-29 11:18:23	FractalizeR	2017-03-02 09:05:26	1	1	0	False	True
20680	FractalizeR	2016-11-29 11:18:23	FractalizeR	2016-11-29 11:10:58	38	36	2	True	True
20679	nicolas-grekas	2016-11-29 10:03:58	nicolas-grekas	2016-11-29 10:01:23	4	3	1	True	True
20677	ogizanagi	2016-11-28 21:40:34	ogizanagi	2016-11-28 21:24:53	182	174	8	True	True
20671	nicolas-grekas	2016-11-28 13:19:02	nicolas-grekas	2016-11-28 13:17:01	36	35	1	True	True
20664	xabbuh	2016-11-28 08:57:18	xabbuh	2016-11-28 06:53:19	34	34	0	True	True
20660	BR0kEN-	2016-11-27 19:34:10	BR0kEN-	2016-12-02 12:51:07	18	17	1	False	True
20660	BR0kEN-	2016-11-27 19:34:10	BR0kEN-	2016-12-20 16:15:10	6	3	3	False	True
20660	BR0kEN-	2016-11-27 19:34:10	BR0kEN-	2016-12-20 11:26:46	2	1	1	False	True
20660	BR0kEN-	2016-11-27 19:34:10	BR0kEN-	2016-12-20 11:24:16	29	4	25	False	True
20660	BR0kEN-	2016-11-27 19:34:10	BR0kEN-	2016-12-18 13:07:01	6	6	0	False	True
20660	BR0kEN-	2016-11-27 19:34:10	BR0kEN-	2016-11-28 14:27:05	8	4	4	False	True
20660	BR0kEN-	2016-11-27 19:34:10	BR0kEN-	2016-11-29 13:25:11	18	11	7	False	True
20660	BR0kEN-	2016-11-27 19:34:10	BR0kEN-	2016-11-28 14:22:04	5	3	2	False	True
20660	BR0kEN-	2016-11-27 19:34:10	BR0kEN-	2016-11-27 19:31:39	14	12	2	True	True
20648	wouterj	2016-11-26 16:37:50	wouterj	2016-11-26 16:34:50	25	25	0	True	True
20646	javiereguiluz	2016-11-26 15:44:51	javiereguiluz	2016-11-26 15:44:35	2	1	1	True	True
20641	YaoOcelotl	2016-11-26 00:34:45	Charles J. C. Elling Espejel	2016-11-26 00:25:41	280	260	20	True	True
20636	nicolas-grekas	2016-11-25 16:27:36	nicolas-grekas	2016-11-25 16:25:06	352	343	9	True	True
20632	chalasr	2016-11-25 11:00:36	ogizanagi	2016-11-28 17:54:55	49	27	22	False	True
20632	chalasr	2016-11-25 11:00:36	chalasr	2017-01-12 17:30:35	20	6	14	False	True
20632	chalasr	2016-11-25 11:00:36	chalasr	2016-11-20 13:10:42	57	33	24	True	True
20628	noahheck	2016-11-25 06:31:14	noahheck	2016-11-25 06:27:01	10	8	2	True	True
20626	ogizanagi	2016-11-24 21:35:07	ogizanagi	2016-11-24 21:33:31	12	6	6	True	True
20623	dunglas	2016-11-24 18:40:16	dunglas	2016-11-24 18:36:31	34	0	34	True	True
20618	nicolas-grekas	2016-11-24 11:20:02	nicolas-grekas	2016-11-24 09:31:58	34	30	4	True	True
20616	nicolas-grekas	2016-11-24 10:26:02	nicolas-grekas	2016-11-24 10:24:08	51	36	15	True	True
20612	chalasr	2016-11-23 21:06:43	chalasr	2016-11-23 20:33:32	107	106	1	True	True
20611	ogizanagi	2016-11-23 20:11:26	ogizanagi	2016-11-23 18:19:22	150	139	11	True	True
20610	nicolas-grekas	2016-11-23 18:23:48	nicolas-grekas	2016-11-23 18:16:07	14	11	3	True	True
20609	kiler129	2016-11-23 17:48:14	kiler129	2016-11-23 17:54:35	2	0	2	False	True
20609	kiler129	2016-11-23 17:48:14	kiler129	2016-11-23 17:57:57	4	2	2	False	True
20609	kiler129	2016-11-23 17:48:14	kiler129	2016-11-23 17:45:56	35	32	3	True	True
20605	bobvandevijver	2016-11-23 14:22:56	bobvandevijver	2016-11-23 14:20:43	2	1	1	True	True
20605	bobvandevijver	2016-11-23 14:22:56	bobvandevijver	2016-12-18 15:34:12	68	62	6	False	True
20605	bobvandevijver	2016-11-23 14:22:56	bobvandevijver	2016-12-18 16:39:44	46	46	0	False	True
20601	nicolas-grekas	2016-11-23 08:43:44	nicolas-grekas	2016-11-23 08:28:29	32	28	4	True	True
20600	chalasr	2016-11-22 20:47:03	chalasr	2016-11-22 20:44:12	22	22	0	True	True
20595	nicolas-grekas	2016-11-22 14:46:28	nicolas-grekas	2016-11-22 14:41:10	65	36	29	True	True
20591	ogizanagi	2016-11-22 12:36:45	ogizanagi	2016-11-22 11:47:50	380	282	98	True	True
20590	sroze	2016-11-22 12:03:18	sroze	2016-11-22 12:01:02	26	24	2	True	True
20590	sroze	2016-11-22 12:03:18	sroze	2016-11-23 12:58:11	8	4	4	False	True
20589	ogizanagi	2016-11-22 09:22:11	ogizanagi	2016-11-23 14:35:00	4	0	4	False	True
20589	ogizanagi	2016-11-22 09:22:11	ogizanagi	2016-11-22 09:11:19	49	27	22	True	True
20586	chalasr	2016-11-21 21:39:56	chalasr	2016-11-20 13:10:42	62	62	0	True	True
20583	lyrixx	2016-11-21 16:21:12	lyrixx	2016-11-21 16:19:45	346	260	86	True	True
20571	ro0NL	2016-11-20 14:19:49	ro0NL	2016-11-21 19:49:48	1	0	1	False	True
20571	ro0NL	2016-11-20 14:19:49	ro0NL	2016-11-20 14:15:17	10	8	2	True	True
20571	ro0NL	2016-11-20 14:19:49	ro0NL	2016-11-21 19:47:49	2	1	1	False	True
20571	ro0NL	2016-11-20 14:19:49	ro0NL	2016-11-21 19:05:00	9	7	2	False	True
20569	ro0NL	2016-11-19 14:23:42	ro0NL	2016-11-19 14:10:17	226	173	53	True	True
20567	ro0NL	2016-11-19 13:01:34	ro0NL	2016-12-17 20:00:53	52	39	13	False	True
20566	ro0NL	2016-11-19 11:30:30	ro0NL	2016-11-24 17:45:04	31	31	0	False	True
20566	ro0NL	2016-11-19 11:30:30	ro0NL	2016-11-24 18:01:42	19	19	0	False	True
20566	ro0NL	2016-11-19 11:30:30	ro0NL	2016-11-19 11:21:18	26	13	13	True	True
20554	quentinus95	2016-11-17 21:18:55	nicolas-grekas	2017-01-03 16:38:07	4	2	2	False	True
20554	quentinus95	2016-11-17 21:18:55	nicolas-grekas	2017-01-03 15:52:54	23	14	9	False	True
20554	quentinus95	2016-11-17 21:18:55	nicolas-grekas	2017-01-03 16:39:35	4	2	2	False	True
20554	quentinus95	2016-11-17 21:18:55	ogizanagi	2017-01-03 19:12:28	5	2	3	False	True
20554	quentinus95	2016-11-17 21:18:55	nicolas-grekas	2017-01-03 13:43:49	10	5	5	False	True
20554	quentinus95	2016-11-17 21:18:55	nicolas-grekas	2017-01-03 15:50:41	23	14	9	False	True
20554	quentinus95	2016-11-17 21:18:55	nicolas-grekas	2017-01-03 15:52:33	23	14	9	False	True
20554	quentinus95	2016-11-17 21:18:55	fabpot	2017-01-03 13:53:24	9	6	3	False	True
20554	quentinus95	2016-11-17 21:18:55	robfrawley	2016-12-15 17:37:16	147	136	11	False	True
20554	quentinus95	2016-11-17 21:18:55	nicolas-grekas	2017-01-03 15:50:21	29	16	13	False	True
20554	quentinus95	2016-11-17 21:18:55	nicolas-grekas	2017-01-03 16:40:32	4	2	2	False	True
20554	quentinus95	2016-11-17 21:18:55	nicolas-grekas	2017-01-03 16:39:53	4	2	2	False	True
20554	quentinus95	2016-11-17 21:18:55	nicolas-grekas	2017-01-03 16:40:20	4	2	2	False	True
20554	quentinus95	2016-11-17 21:18:55	nicolas-grekas	2017-01-03 17:12:19	34	28	6	False	True
20554	quentinus95	2016-11-17 21:18:55	nicolas-grekas	2017-01-04 06:51:37	377	349	28	False	True
20554	quentinus95	2016-11-17 21:18:55	nicolas-grekas	2017-01-03 14:49:55	29	16	13	False	True
20554	quentinus95	2016-11-17 21:18:55	nicolas-grekas	2017-01-03 15:52:17	23	14	9	False	True
20554	quentinus95	2016-11-17 21:18:55	nicolas-grekas	2017-01-03 11:28:32	41	28	13	False	True
20554	quentinus95	2016-11-17 21:18:55	nicolas-grekas	2017-01-03 13:51:21	20	18	2	False	True
20554	quentinus95	2016-11-17 21:18:55	nicolas-grekas	2017-01-03 13:51:44	20	18	2	False	True
20554	quentinus95	2016-11-17 21:18:55	nicolas-grekas	2017-01-03 13:51:32	20	18	2	False	True
20554	quentinus95	2016-11-17 21:18:55	nicolas-grekas	2017-01-03 11:26:18	41	28	13	False	True
20554	quentinus95	2016-11-17 21:18:55	nicolas-grekas	2017-01-03 11:28:18	41	28	13	False	True
20554	quentinus95	2016-11-17 21:18:55	nicolas-grekas	2017-01-03 12:24:14	10	5	5	False	True
20554	quentinus95	2016-11-17 21:18:55	nicolas-grekas	2017-01-03 11:31:33	35	25	10	False	True
20554	quentinus95	2016-11-17 21:18:55	nicolas-grekas	2017-01-03 13:47:01	2	1	1	False	True
20554	quentinus95	2016-11-17 21:18:55	nicolas-grekas	2017-01-03 11:25:55	13	7	6	False	True
20554	quentinus95	2016-11-17 21:18:55	nicolas-grekas	2017-01-03 13:44:13	10	5	5	False	True
20554	quentinus95	2016-11-17 21:18:55	nicolas-grekas	2017-01-03 13:49:52	20	18	2	False	True
20554	quentinus95	2016-11-17 21:18:55	fabpot	2017-01-03 13:44:39	18	17	1	False	True
20550	noahheck	2016-11-17 15:16:17	noahheck	2016-11-17 15:00:37	26	15	11	True	True
20543	nicolas-grekas	2016-11-17 00:40:04	nicolas-grekas	2016-11-17 00:37:44	19	19	0	True	True
20540	chalasr	2016-11-16 18:11:17	chalasr	2016-11-16 18:01:25	17	16	1	True	True
20539	alcaeus	2016-11-16 18:04:23	alcaeus	2016-11-16 17:59:59	41	30	11	True	True
20537	nicolas-grekas	2016-11-16 12:52:39	nicolas-grekas	2016-11-16 11:31:44	263	163	100	True	True
20536	shrikeh	2016-11-16 12:36:26	shrikeh	2016-11-16 09:16:24	164	99	65	True	True
20536	shrikeh	2016-11-16 12:36:26	shrikeh	2016-11-16 11:49:42	336	269	67	True	True
20531	IndraGunawan	2016-11-16 09:49:09	IndraGunawan	2016-11-16 09:46:48	58	45	13	True	True
20525	nicolas-grekas	2016-11-15 11:40:17	nicolas-grekas	2016-11-15 11:27:53	34	27	7	True	True
20524	amoiraud	2016-11-15 08:42:54	amoiraud	2016-11-15 08:44:10	2	1	1	False	True
20524	amoiraud	2016-11-15 08:42:54	amoiraud	2016-11-15 08:10:59	3	1	2	True	True
20524	amoiraud	2016-11-15 08:42:54	amoiraud	2016-11-14 16:04:26	4	3	1	True	True
20524	amoiraud	2016-11-15 08:42:54	amoiraud	2016-11-16 08:12:32	4	1	3	False	True
20524	amoiraud	2016-11-15 08:42:54	amoiraud	2016-11-15 12:37:27	6	2	4	False	True
20524	amoiraud	2016-11-15 08:42:54	amoiraud	2016-11-14 16:28:37	15	15	0	True	True
20524	amoiraud	2016-11-15 08:42:54	amoiraud	2016-11-15 08:30:03	10	10	0	True	True
20520	Federkun	2016-11-15 00:22:06	Federkun	2016-11-15 00:10:53	22	14	8	True	True
20516	ogizanagi	2016-11-14 16:38:42	ogizanagi	2016-11-14 16:03:19	292	265	27	True	True
20512	nicolas-grekas	2016-11-14 10:40:59	nicolas-grekas	2016-11-14 10:39:55	23	16	7	True	True
20509	dunglas	2016-11-13 19:33:14	dunglas	2016-11-13 19:28:52	21	12	9	True	True
20509	dunglas	2016-11-13 19:33:14	dunglas	2016-11-14 12:59:54	2	1	1	False	True
20508	HeahDude	2016-11-13 19:20:19	HeahDude	2016-11-11 17:02:29	928	624	304	True	True
20508	HeahDude	2016-11-13 19:20:19	HeahDude	2016-11-12 22:14:55	219	211	8	True	True
20507	HeahDude	2016-11-13 18:48:53	HeahDude	2016-11-13 13:39:51	6	3	3	True	True
20507	HeahDude	2016-11-13 18:48:53	HeahDude	2016-11-13 18:36:40	3	1	2	True	True
20506	keradus	2016-11-13 17:43:12	keradus	2016-11-13 17:41:36	24	12	12	True	True
20503	ro0NL	2016-11-13 10:56:38	ro0NL	2016-11-13 10:53:36	49	32	17	True	True
20498	HeahDude	2016-11-12 09:59:08	HeahDude	2016-11-13 15:10:50	118	101	17	False	True
20498	HeahDude	2016-11-12 09:59:08	HeahDude	2016-11-13 14:22:31	34	14	20	False	True
20498	HeahDude	2016-11-12 09:59:08	HeahDude	2016-11-12 00:22:32	47	25	22	True	True
20498	HeahDude	2016-11-12 09:59:08	HeahDude	2016-11-12 11:14:13	99	73	26	False	True
20497	HeahDude	2016-11-12 09:58:14	HeahDude	2016-11-12 09:54:23	100	87	13	True	True
20496	Koc	2016-11-11 22:31:53	Koc	2016-11-11 22:23:04	54	50	4	True	True
20493	GuilhemN	2016-11-11 20:40:32	GuilhemN	2017-01-15 16:05:29	52	51	1	False	True
20492	ro0NL	2016-11-11 17:55:33	ro0NL	2016-11-12 12:49:15	2	0	2	False	True
20492	ro0NL	2016-11-11 17:55:33	ro0NL	2016-11-13 09:58:20	96	41	55	False	True
20492	ro0NL	2016-11-11 17:55:33	ro0NL	2016-11-14 16:34:06	31	7	24	False	True
20492	ro0NL	2016-11-11 17:55:33	ro0NL	2016-11-13 13:58:08	8	4	4	False	True
20492	ro0NL	2016-11-11 17:55:33	ro0NL	2016-11-11 17:53:11	6	2	4	True	True
20492	ro0NL	2016-11-11 17:55:33	ro0NL	2016-11-14 16:35:25	2	1	1	False	True
20491	HeahDude	2016-11-11 17:06:42	HeahDude	2016-11-11 17:02:29	928	624	304	True	True
20490	HeahDude	2016-11-11 15:31:14	HeahDude	2016-11-11 15:26:22	5	5	0	True	True
20484	fabpot	2016-11-10 22:31:40	fabpot	2016-11-10 22:30:48	31	19	12	True	True
20483	asev	2016-11-10 20:52:14	asev	2016-11-10 20:47:18	21	16	5	True	True
20482	xabbuh	2016-11-10 17:57:08	xabbuh	2016-11-10 17:55:34	175	168	7	True	True
20481	Nyholm	2016-11-10 15:33:06	Nyholm	2016-11-10 15:29:44	4	4	0	True	True
20481	Nyholm	2016-11-10 15:33:06	Nyholm	2016-11-10 15:42:23	2	1	1	False	True
20474	fancyweb	2016-11-10 14:06:50	fancyweb	2016-11-10 14:01:21	38	31	7	True	True
20474	fancyweb	2016-11-10 14:06:50	fancyweb	2016-11-10 14:13:10	2	1	1	False	True
20474	fancyweb	2016-11-10 14:06:50	fancyweb	2016-11-10 14:36:42	4	2	2	False	True
20474	fancyweb	2016-11-10 14:06:50	fancyweb	2016-11-25 11:10:25	2	2	0	False	True
20467	stof	2016-11-09 19:52:41	stof	2016-11-09 19:43:56	22	22	0	True	True
20465	aitboudad	2016-11-09 19:02:45	aitboudad	2016-11-09 20:23:10	32	31	1	False	True
20462	lyrixx	2016-11-09 13:41:13	lyrixx	2016-11-09 13:38:18	86	48	38	True	True
20458	wouterj	2016-11-09 12:13:30	xabbuh	2016-11-10 17:52:15	412	310	102	False	True
20458	wouterj	2016-11-09 12:13:30	wouterj	2016-11-09 12:12:50	5	5	0	True	True
20455	giosh94mhz	2016-11-09 11:41:34	giosh94mhz	2016-11-09 11:31:16	30	25	5	True	True
20455	giosh94mhz	2016-11-09 11:41:34	giosh94mhz	2016-11-14 13:44:07	50	45	5	False	True
20453	nicolas-grekas	2016-11-09 11:09:47	nicolas-grekas	2016-11-09 11:04:28	14	7	7	True	True
20451	Nyholm	2016-11-08 19:04:41	Nyholm	2016-11-08 19:42:12	8	3	5	False	True
20451	Nyholm	2016-11-08 19:04:41	Nyholm	2016-11-08 19:28:44	5	3	2	False	True
20451	Nyholm	2016-11-08 19:04:41	Nyholm	2016-11-09 14:15:52	8	0	8	False	True
20451	Nyholm	2016-11-08 19:04:41	Nyholm	2016-11-09 13:19:09	10	10	0	False	True
20451	Nyholm	2016-11-08 19:04:41	Nyholm	2016-11-09 10:25:53	2	1	1	False	True
20451	Nyholm	2016-11-08 19:04:41	Nyholm	2016-11-08 19:01:05	149	122	27	True	True
20451	Nyholm	2016-11-08 19:04:41	Nyholm	2016-11-08 19:46:30	9	6	3	False	True
20451	Nyholm	2016-11-08 19:04:41	Nyholm	2016-11-09 09:36:42	14	10	4	False	True
20451	Nyholm	2016-11-08 19:04:41	Nyholm	2016-11-08 19:40:46	12	12	0	False	True
20451	Nyholm	2016-11-08 19:04:41	Nyholm	2016-11-09 10:13:38	8	4	4	False	True
20451	Nyholm	2016-11-08 19:04:41	Nyholm	2016-11-08 19:19:09	114	77	37	False	True
20451	Nyholm	2016-11-08 19:04:41	Nyholm	2016-11-08 19:16:58	7	5	2	False	True
20451	Nyholm	2016-11-08 19:04:41	Nyholm	2016-11-08 19:05:24	3	1	2	False	True
20451	Nyholm	2016-11-08 19:04:41	Nyholm	2016-11-08 19:20:33	4	1	3	False	True
20447	nicolas-grekas	2016-11-08 11:36:03	nicolas-grekas	2016-11-08 08:48:20	43	43	0	True	True
20440	xabbuh	2016-11-07 18:44:46	xabbuh	2016-11-07 18:42:43	18	11	7	True	True
20439	kmiladi	2016-11-07 17:30:25	kmiladi	2016-11-07 17:16:01	2	1	1	True	True
20432	chalasr	2016-11-07 12:54:23	chalasr	2016-11-07 12:28:41	3	2	1	True	True
20426	julienfalque	2016-11-06 15:40:16	julienfalque	2016-11-26 22:15:50	51	45	6	False	True
20426	julienfalque	2016-11-06 15:40:16	julienfalque	2016-11-05 17:39:44	47	30	17	True	True
20426	julienfalque	2016-11-06 15:40:16	julienfalque	2016-11-26 20:31:00	13	8	5	False	True
20426	julienfalque	2016-11-06 15:40:16	julienfalque	2016-11-05 16:10:17	56	29	27	True	True
20426	julienfalque	2016-11-06 15:40:16	julienfalque	2016-11-26 22:32:26	15	15	0	False	True
20425	HeahDude	2016-11-06 14:20:50	HeahDude	2016-11-06 14:11:25	17	11	6	True	True
20418	yceruto	2016-11-05 19:43:59	yceruto	2016-11-16 13:17:57	2	1	1	False	True
20418	yceruto	2016-11-05 19:43:59	yceruto	2016-11-02 15:44:02	68	63	5	True	True
20417	chalasr	2016-11-05 13:33:12	chalasr	2016-11-05 13:25:13	50	42	8	True	True
20416	nicolas-grekas	2016-11-04 21:33:12	nicolas-grekas	2016-11-04 20:47:40	171	168	3	True	True
20409	ogizanagi	2016-11-04 13:00:21	ogizanagi	2016-11-04 12:57:00	7	2	5	True	True
20408	xabbuh	2016-11-04 11:00:05	xabbuh	2016-11-04 10:57:19	7	6	1	True	True
20407	chalasr	2016-11-04 10:49:57	chalasr	2016-11-04 10:46:56	39	20	19	True	True
20405	chalasr	2016-11-04 08:55:38	chalasr	2016-11-03 23:00:58	6	6	0	True	True
20405	chalasr	2016-11-04 08:55:38	chalasr	2016-11-04 09:47:58	62	29	33	False	True
20404	xabbuh	2016-11-04 08:26:47	xabbuh	2016-11-04 08:25:13	28	22	6	True	True
20401	Einenlum	2016-11-03 14:28:35	Einenlum	2016-11-03 12:49:17	4	2	2	True	True
20391	MatTheCat	2016-11-02 16:04:03	MatTheCat	2016-11-02 15:58:22	72	34	38	True	True
20390	fruitwasp	2016-11-02 14:51:51	fruitwasp	2017-01-13 09:07:29	87	86	1	False	True
20389	SpacePossum	2016-11-02 14:20:03	SpacePossum	2016-11-11 09:21:23	4	3	1	False	True
20389	SpacePossum	2016-11-02 14:20:03	SpacePossum	2016-11-16 11:39:02	6	0	6	False	True
20389	SpacePossum	2016-11-02 14:20:03	SpacePossum	2016-11-10 09:46:20	4	2	2	False	True
20389	SpacePossum	2016-11-02 14:20:03	SpacePossum	2016-11-18 17:50:48	2	1	1	False	True
20389	SpacePossum	2016-11-02 14:20:03	SpacePossum	2016-11-04 09:03:11	2	1	1	False	True
20389	SpacePossum	2016-11-02 14:20:03	SpacePossum	2016-11-05 09:23:59	51	7	44	False	True
20389	SpacePossum	2016-11-02 14:20:03	SpacePossum	2016-11-05 09:39:50	2	1	1	False	True
20389	SpacePossum	2016-11-02 14:20:03	SpacePossum	2016-11-02 14:14:20	183	169	14	True	True
20389	SpacePossum	2016-11-02 14:20:03	SpacePossum	2016-11-10 09:46:24	4	2	2	False	True
20388	nicolas-grekas	2016-11-02 13:44:17	nicolas-grekas	2016-11-02 13:42:53	17	13	4	True	True
20385	mpdude	2016-11-02 09:49:00	mpdude	2016-11-02 09:49:26	2	1	1	False	True
20385	mpdude	2016-11-02 09:49:00	mpdude	2016-11-02 10:45:51	2	1	1	False	True
20385	mpdude	2016-11-02 09:49:00	mpdude	2016-11-02 13:21:49	20	3	17	False	True
20385	mpdude	2016-11-02 09:49:00	mpdude	2016-11-02 10:47:35	38	26	12	False	True
20385	mpdude	2016-11-02 09:49:00	mpdude	2016-11-02 10:09:06	22	20	2	False	True
20385	mpdude	2016-11-02 09:49:00	mpdude	2016-11-02 13:44:31	7	6	1	False	True
20385	mpdude	2016-11-02 09:49:00	mpdude	2016-11-02 09:33:23	2	1	1	True	True
20385	mpdude	2016-11-02 09:49:00	mpdude	2016-11-02 10:37:55	38	12	26	False	True
20385	mpdude	2016-11-02 09:49:00	mpdude	2016-11-02 10:23:45	8	4	4	False	True
20385	mpdude	2016-11-02 09:49:00	mpdude	2016-11-02 09:57:51	12	4	8	False	True
20385	mpdude	2016-11-02 09:49:00	mpdude	2016-11-02 10:26:06	3	1	2	False	True
20385	mpdude	2016-11-02 09:49:00	mpdude	2016-11-02 09:43:19	44	40	4	True	True
20381	nicolas-grekas	2016-11-02 09:00:28	nicolas-grekas	2016-11-02 08:57:00	14	11	3	True	True
20378	yceruto	2016-11-01 20:44:59	yceruto	2016-11-01 20:33:50	19	16	3	True	True
20377	chalasr	2016-11-01 20:07:12	chalasr	2016-11-01 19:56:21	71	68	3	True	True
20374	enumag	2016-11-01 12:03:48	enumag	2016-11-01 11:50:51	24	14	10	True	True
