pr_number	author_user_login	pr_created_at	commit_user_login	commit_created_at	commit_status_total	commit_status_additions	commit_status_deletions	create_before_pr	is_review_commit
9666	lyrixx	2013-11-30 23:18:53	lyrixx	2013-11-30 23:16:48	163	163	0	True	True
9657	tgabi333	2013-11-29 15:55:41	tgabi333	2013-11-29 15:35:55	2	1	1	True	True
9654	Gregwar	2013-11-29 10:57:39	Gregwar	2013-11-29 10:59:07	2	1	1	False	True
9654	Gregwar	2013-11-29 10:57:39	Gregwar	2013-11-29 15:05:13	192	115	77	False	True
9654	Gregwar	2013-11-29 10:57:39	Gregwar	2013-11-29 12:10:48	1	0	1	False	True
9654	Gregwar	2013-11-29 10:57:39	Gregwar	2013-11-29 13:46:33	3	1	2	False	True
9654	Gregwar	2013-11-29 10:57:39	Gregwar	2013-11-29 10:48:43	209	202	7	True	True
9654	Gregwar	2013-11-29 10:57:39	Gregwar	2013-11-29 12:18:29	16	9	7	False	True
9648	fabpot	2013-11-28 16:42:45	fabpot	2013-11-28 16:41:31	61	54	7	True	True
9643	hason	2013-11-28 12:20:21	hason	2013-11-28 12:42:54	10	7	3	False	True
9637	jakzal	2013-11-27 23:49:43	jakzal	2013-11-27 23:46:40	52	49	3	True	True
9630	astephens25	2013-11-27 19:51:49	astephens25	2014-01-28 16:56:56	31	28	3	False	True
9630	astephens25	2013-11-27 19:51:49	fabpot	2014-01-28 15:07:56	2	1	1	False	True
9630	astephens25	2013-11-27 19:51:49	fabpot	2014-01-26 21:34:10	71	71	0	False	True
9630	astephens25	2013-11-27 19:51:49	fabpot	2014-01-28 15:54:04	2	1	1	False	True
9630	astephens25	2013-11-27 19:51:49	fabpot	2014-01-27 07:55:41	283	283	0	False	True
9630	astephens25	2013-11-27 19:51:49	lavoiesl	2014-01-27 00:00:40	44	19	25	False	True
9630	astephens25	2013-11-27 19:51:49	RickySu	2014-01-27 01:55:33	283	283	0	False	True
9630	astephens25	2013-11-27 19:51:49	fabpot	2014-01-27 07:59:15	44	19	25	False	True
9630	astephens25	2013-11-27 19:51:49	Roumen Damianoff	2014-01-26 18:03:10	71	71	0	False	True
9629	FineWolf	2013-11-27 19:41:02	FineWolf	2013-11-27 19:35:15	35	31	4	True	True
9624	GromNaN	2013-11-26 22:00:58	GromNaN	2013-11-26 21:48:58	17	15	2	True	True
9623	rodrigodiez	2013-11-26 20:08:45	rodrigodiez	2013-11-26 20:01:04	19	18	1	True	True
9620	lchampel	2013-11-26 16:39:47	Laure CHAMPEL	2013-11-27 07:47:32	4	2	2	False	True
9620	lchampel	2013-11-26 16:39:47	Laure CHAMPEL	2013-11-26 16:13:49	26	25	1	True	True
9611	Taluu	2013-11-25 16:39:16	Taluu	2013-11-25 16:32:50	6	5	1	True	True
9609	soxofaan	2013-11-25 14:43:14	soxofaan	2013-11-25 00:11:07	287	287	0	True	True
9597	ovrflo	2013-11-24 14:13:41	ovrflo	2013-11-24 14:02:30	91	85	6	True	True
9597	ovrflo	2013-11-24 14:13:41	ovrflo	2013-11-24 14:27:58	96	48	48	False	True
9596	lsmith77	2013-11-24 10:43:49	lsmith77	2013-11-24 10:39:30	1	1	0	True	True
9594	pborreli	2013-11-24 06:17:46	pborreli	2013-11-24 06:12:30	61	32	29	True	True
9592	FineWolf	2013-11-23 23:28:09	FineWolf	2013-11-26 16:15:00	279	279	0	False	True
9589	lavoiesl	2013-11-23 20:48:11	lavoiesl	2013-11-23 20:44:08	12	10	2	True	True
9586	rodrigodiez	2013-11-23 10:54:00	rodrigodiez	2013-11-23 11:57:06	2	2	0	False	True
9586	rodrigodiez	2013-11-23 10:54:00	rodrigodiez	2013-11-23 12:41:54	2	1	1	False	True
9586	rodrigodiez	2013-11-23 10:54:00	rodrigodiez	2013-11-23 11:51:14	12	7	5	False	True
9586	rodrigodiez	2013-11-23 10:54:00	rodrigodiez	2013-11-23 11:15:26	6	3	3	False	True
9586	rodrigodiez	2013-11-23 10:54:00	rodrigodiez	2013-11-23 11:25:19	10	10	0	False	True
9586	rodrigodiez	2013-11-23 10:54:00	rodrigodiez	2013-11-23 11:12:39	100	72	28	False	True
9586	rodrigodiez	2013-11-23 10:54:00	rodrigodiez	2013-11-23 11:13:54	2	2	0	False	True
9586	rodrigodiez	2013-11-23 10:54:00	rodrigodiez	2013-11-23 10:58:11	18	8	10	False	True
9586	rodrigodiez	2013-11-23 10:54:00	rodrigodiez	2013-11-23 10:27:12	8	3	5	True	True
9586	rodrigodiez	2013-11-23 10:54:00	rodrigodiez	2013-11-23 10:24:38	2	1	1	True	True
9586	rodrigodiez	2013-11-23 10:54:00	rodrigodiez	2013-11-23 09:43:03	35	1	34	True	True
9586	rodrigodiez	2013-11-23 10:54:00	rodrigodiez	2013-11-23 09:35:55	70	56	14	True	True
9586	rodrigodiez	2013-11-23 10:54:00	rodrigodiez	2013-11-23 14:42:24	24	12	12	False	True
9586	rodrigodiez	2013-11-23 10:54:00	rodrigodiez	2013-11-23 12:18:35	6	0	6	False	True
9583	JoelMarcey	2013-11-22 22:27:29	JoelMarcey	2013-11-22 22:02:48	7	7	0	True	True
9583	JoelMarcey	2013-11-22 22:27:29	JoelMarcey	2013-11-22 22:25:57	6	2	4	True	True
9582	Belgacem-TLILI	2013-11-22 22:26:13	Belgacem-TLILI	2013-11-22 22:26:07	19	18	1	True	True
9582	Belgacem-TLILI	2013-11-22 22:26:13	Belgacem-TLILI	2013-11-28 08:27:44	3	2	1	False	True
9580	rodrigodiez	2013-11-22 20:37:40	rodrigodiez	2013-11-22 18:48:58	4	2	2	True	True
9580	rodrigodiez	2013-11-22 20:37:40	rodrigodiez	2013-11-22 20:28:29	31	30	1	True	True
9580	rodrigodiez	2013-11-22 20:37:40	rodrigodiez	2013-11-22 21:27:01	63	59	4	False	True
9580	rodrigodiez	2013-11-22 20:37:40	rodrigodiez	2013-11-22 20:23:28	29	27	2	True	True
9580	rodrigodiez	2013-11-22 20:37:40	rodrigodiez	2013-11-22 21:46:07	22	16	6	False	True
9580	rodrigodiez	2013-11-22 20:37:40	rodrigodiez	2013-11-22 18:08:59	6	6	0	True	True
9574	lsv	2013-11-22 13:11:02	lsv	2013-11-22 13:08:25	17	12	5	True	True
9573	lsv	2013-11-22 13:09:42	lsv	2013-11-22 13:05:34	28	27	1	True	True
9573	lsv	2013-11-22 13:09:42	lsv	2013-11-22 15:28:21	11	8	3	False	True
9572	lsv	2013-11-22 11:21:10	lsv	2013-11-22 11:14:15	43	38	5	True	True
9572	lsv	2013-11-22 11:21:10	lsv	2013-11-22 12:34:15	2	1	1	False	True
9571	grobx	2013-11-22 10:50:20	grobx	2013-11-22 10:49:59	2	1	1	True	True
9566	chEbba	2013-11-22 00:35:47	chEbba	2013-11-21 23:45:21	63	24	39	True	True
9566	chEbba	2013-11-22 00:35:47	chEbba	2013-11-21 22:28:08	25	25	0	True	True
9565	jakzal	2013-11-21 23:55:00	jakzal	2013-11-21 23:51:42	79	64	15	True	True
9553	hhamon	2013-11-20 18:03:54	hhamon	2013-11-20 15:09:21	41	40	1	True	True
9542	Tobion	2013-11-20 02:37:31	Tobion	2013-11-20 02:35:05	90	41	49	True	True
9535	armetiz	2013-11-19 14:37:07	armetiz	2013-11-19 20:21:12	8	4	4	False	True
9535	armetiz	2013-11-19 14:37:07	armetiz	2013-11-19 14:35:34	61	61	0	True	True
9535	armetiz	2013-11-19 14:37:07	armetiz	2013-11-19 15:55:24	13	6	7	False	True
9535	armetiz	2013-11-19 14:37:07	armetiz	2013-11-19 19:04:34	6	0	6	False	True
9535	armetiz	2013-11-19 14:37:07	armetiz	2013-11-19 19:05:43	4	2	2	False	True
9530	Taluu	2013-11-19 11:24:46	Taluu	2013-11-19 10:25:30	6	2	4	True	True
9530	Taluu	2013-11-19 11:24:46	Taluu	2013-11-19 14:09:06	39	38	1	False	True
9525	rdohms	2013-11-18 10:41:50	rdohms	2013-11-18 10:39:25	8	6	2	True	True
9489	wouterj	2013-11-10 19:06:14	wouterj	2013-11-10 19:01:46	52	52	0	True	True
9482	jillro	2013-11-09 17:34:42	jillro	2013-11-09 17:23:35	4	3	1	True	True
9482	jillro	2013-11-09 17:34:42	jillro	2013-11-09 17:20:39	21	21	0	True	True
9479	andremaha	2013-11-09 13:49:21	andremaha	2013-11-09 13:46:08	25	10	15	True	True
9478	peterrehm	2013-11-09 13:11:26	peterrehm	2013-11-09 13:10:15	14	7	7	True	True
9478	peterrehm	2013-11-09 13:11:26	peterrehm	2013-12-29 20:22:49	32	4	28	False	True
9470	RLasinski	2013-11-08 13:44:40	RLasinski	2013-11-08 13:22:17	86	80	6	True	True
9469	havvg	2013-11-08 13:39:50	havvg	2013-11-06 14:01:49	478	346	132	True	True
9468	vkhramtsov	2013-11-08 12:37:02	vkhramtsov	2013-11-08 12:24:52	26	10	16	True	True
9468	vkhramtsov	2013-11-08 12:37:02	vkhramtsov	2013-11-08 12:32:08	20	10	10	True	True
9466	Tobion	2013-11-08 00:35:15	Tobion	2013-11-08 00:33:52	46	23	23	True	True
9463	jrmyio	2013-11-07 18:41:32	jrmyio	2013-11-15 16:55:01	7	5	2	False	True
9463	jrmyio	2013-11-07 18:41:32	jrmyio	2013-11-07 18:38:14	7	6	1	True	True
9463	jrmyio	2013-11-07 18:41:32	jrmyio	2013-11-15 17:08:40	16	7	9	False	True
9463	jrmyio	2013-11-07 18:41:32	jrmyio	2013-11-15 17:25:21	2	1	1	False	True
9463	jrmyio	2013-11-07 18:41:32	jrmyio	2013-11-07 18:47:30	2	1	1	False	True
9463	jrmyio	2013-11-07 18:41:32	jrmyio	2013-11-15 17:09:16	10	5	5	False	True
9463	jrmyio	2013-11-07 18:41:32	jrmyio	2013-11-08 12:08:34	42	36	6	False	True
9458	havvg	2013-11-07 10:10:17	havvg	2013-11-06 14:01:49	481	349	132	True	True
9454	aitboudad	2013-11-06 08:09:32	aitboudad	2013-11-06 08:08:50	13	7	6	True	True
9454	aitboudad	2013-11-06 08:09:32	aitboudad	2013-11-06 09:08:18	3	2	1	False	True
9452	max-voloshin	2013-11-05 22:36:03	max-voloshin	2014-01-16 21:14:04	15	15	0	False	True
9452	max-voloshin	2013-11-05 22:36:03	max-voloshin	2013-11-05 22:13:55	32	32	0	True	True
9450	pborreli	2013-11-05 20:44:52	pborreli	2013-11-09 11:44:24	4	2	2	False	True
9450	pborreli	2013-11-05 20:44:52	pborreli	2013-11-05 20:41:03	20	11	9	True	True
9447	jong99	2013-11-05 13:42:40	jgough	2013-11-05 13:40:12	17	17	0	True	True
9443	hason	2013-11-05 10:28:21	hason	2013-11-05 10:46:57	10	7	3	False	True
9442	cordoval	2013-11-05 01:42:50	cordoval	2013-11-07 04:34:05	32	10	22	False	True
9442	cordoval	2013-11-05 01:42:50	cordoval	2013-11-05 15:12:53	1	0	1	False	True
9442	cordoval	2013-11-05 01:42:50	cordoval	2013-11-05 15:41:12	6	4	2	False	True
9442	cordoval	2013-11-05 01:42:50	cordoval	2013-11-07 04:37:37	4	2	2	False	True
9442	cordoval	2013-11-05 01:42:50	cordoval	2013-11-07 04:23:11	16	9	7	False	True
9442	cordoval	2013-11-05 01:42:50	cordoval	2013-12-18 17:05:09	2	1	1	False	True
9442	cordoval	2013-11-05 01:42:50	cordoval	2013-11-05 15:59:50	2	2	0	False	True
9442	cordoval	2013-11-05 01:42:50	cordoval	2013-11-07 04:28:05	16	6	10	False	True
9442	cordoval	2013-11-05 01:42:50	cordoval	2013-12-18 17:10:18	4	2	2	False	True
9442	cordoval	2013-11-05 01:42:50	cordoval	2013-11-05 15:22:15	2	1	1	False	True
9442	cordoval	2013-11-05 01:42:50	cordoval	2013-11-05 01:42:16	105	79	26	True	True
9442	cordoval	2013-11-05 01:42:50	cordoval	2013-11-05 15:11:46	5	3	2	False	True
9441	egeloen	2013-11-04 20:48:38	egeloen	2013-11-04 20:38:50	75	67	8	True	True
9432	realityking	2013-11-03 00:57:02	realityking	2013-11-02 12:45:44	120	114	6	True	True
9432	realityking	2013-11-03 00:57:02	realityking	2013-11-02 14:35:21	24	18	6	True	True
