pr_number	author_user_login	pr_created_at	commit_user_login	commit_created_at	commit_status_total	commit_status_additions	commit_status_deletions	create_before_pr	is_review_commit
2528	snc	2011-10-31 20:30:09	snc	2011-11-01 10:58:03	13	6	7	False	True
2528	snc	2011-10-31 20:30:09	snc	2011-10-31 20:27:23	11	10	1	True	True
2510	deviantintegral	2011-10-28 14:49:41	deviantintegral	2011-10-28 14:26:50	16	16	0	True	True
2510	deviantintegral	2011-10-28 14:49:41	deviantintegral	2011-10-28 14:11:55	6	3	3	True	True
2510	deviantintegral	2011-10-28 14:49:41	deviantintegral	2011-10-21 23:58:45	70	51	19	True	True
2498	canni	2011-10-27 13:32:02	canni	2011-11-07 21:39:52	115	115	0	False	True
2498	canni	2011-10-27 13:32:02	canni	2011-10-27 12:48:38	36	33	3	True	True
2477	aldesantis	2011-10-25 20:36:12	aldesantis	2011-10-26 10:20:47	2	1	1	False	True
2477	aldesantis	2011-10-25 20:36:12	aldesantis	2011-10-26 10:23:29	2	1	1	False	True
2477	aldesantis	2011-10-25 20:36:12	aldesantis	2011-10-26 10:23:30	24	12	12	False	True
2477	aldesantis	2011-10-25 20:36:12	aldesantis	2011-10-26 10:23:05	2	1	1	False	True
2477	aldesantis	2011-10-25 20:36:12	aldesantis	2011-10-26 10:23:31	39	18	21	False	True
2477	aldesantis	2011-10-25 20:36:12	aldesantis	2011-10-26 10:23:25	75	8	67	False	True
2477	aldesantis	2011-10-25 20:36:12	aldesantis	2011-10-26 10:23:30	4	2	2	False	True
2477	aldesantis	2011-10-25 20:36:12	aldesantis	2011-10-26 09:16:43	2	1	1	False	True
2477	aldesantis	2011-10-25 20:36:12	aldesantis	2011-10-25 20:44:06	4	2	2	False	True
2477	aldesantis	2011-10-25 20:36:12	aldesantis	2011-10-25 20:33:35	103	103	0	True	True
2477	aldesantis	2011-10-25 20:36:12	aldesantis	2011-10-26 09:14:27	24	12	12	False	True
2477	aldesantis	2011-10-25 20:36:12	aldesantis	2011-10-26 10:16:49	75	67	8	False	True
2477	aldesantis	2011-10-25 20:36:12	aldesantis	2011-10-25 20:41:03	39	21	18	False	True
2476	aldesantis	2011-10-25 19:53:12	aldesantis	2011-10-25 20:02:08	3	1	2	False	True
2476	aldesantis	2011-10-25 19:53:12	aldesantis	2011-10-25 20:05:53	1	0	1	False	True
2476	aldesantis	2011-10-25 19:53:12	aldesantis	2011-10-25 19:48:14	503	302	201	True	True
2476	aldesantis	2011-10-25 19:53:12	aldesantis	2011-10-25 18:11:06	2	2	0	True	True
2471	sallaigy	2011-10-25 15:36:22	sallaigy	2011-10-25 15:28:19	253	253	0	True	True
2464	ericclemmons	2011-10-25 02:02:40	ericclemmons	2011-10-25 15:45:23	2	1	1	False	True
2464	ericclemmons	2011-10-25 02:02:40	ericclemmons	2011-10-25 16:05:26	26	26	0	False	True
2464	ericclemmons	2011-10-25 02:02:40	ericclemmons	2011-10-25 15:55:31	50	7	43	False	True
2464	ericclemmons	2011-10-25 02:02:40	ericclemmons	2011-10-25 01:52:40	31	31	0	True	True
2464	ericclemmons	2011-10-25 02:02:40	ericclemmons	2011-10-25 01:45:26	42	41	1	True	True
2464	ericclemmons	2011-10-25 02:02:40	ericclemmons	2011-10-25 01:46:19	95	95	0	True	True
2464	ericclemmons	2011-10-25 02:02:40	ericclemmons	2011-10-25 01:45:06	4	3	1	True	True
2464	ericclemmons	2011-10-25 02:02:40	ericclemmons	2011-10-25 16:12:57	13	7	6	False	True
2454	stof	2011-10-23 12:58:54	stof	2011-10-23 12:37:52	307	231	76	True	True
2454	stof	2011-10-23 12:58:54	stof	2011-10-23 13:13:40	16	9	7	False	True
2454	stof	2011-10-23 12:58:54	stof	2011-11-17 07:59:41	32	29	3	False	True
2454	stof	2011-10-23 12:58:54	stof	2011-11-11 21:42:14	125	67	58	False	True
2454	stof	2011-10-23 12:58:54	stof	2011-11-11 22:02:41	43	39	4	False	True
2427	vatson	2011-10-18 13:20:15	vatson	2011-10-18 12:52:35	133	131	2	True	True
2421	stloyd	2011-10-17 18:57:25	stloyd	2011-10-07 11:44:51	171	170	1	True	True
2416	iampersistent	2011-10-17 09:45:39	iampersistent	2011-10-17 10:27:04	3	1	2	False	True
2416	iampersistent	2011-10-17 09:45:39	iampersistent	2011-10-17 09:58:01	4	2	2	False	True
2416	iampersistent	2011-10-17 09:45:39	iampersistent	2011-10-17 09:43:24	34	28	6	True	True
2414	dpb587	2011-10-16 19:44:06	dpb587	2011-10-15 00:27:53	97	88	9	True	True
2414	dpb587	2011-10-16 19:44:06	dpb587	2011-10-25 18:19:34	44	36	8	False	True
2405	Tobion	2011-10-16 04:41:01	Tobion	2011-10-16 04:28:27	2	1	1	True	True
2405	Tobion	2011-10-16 04:41:01	Tobion	2011-10-16 04:27:29	2	1	1	True	True
2405	Tobion	2011-10-16 04:41:01	Tobion	2011-10-16 03:54:32	8	4	4	True	True
2405	Tobion	2011-10-16 04:41:01	Tobion	2011-10-16 04:20:38	32	17	15	True	True
2405	Tobion	2011-10-16 04:41:01	Tobion	2011-10-16 04:04:36	78	39	39	True	True
2405	Tobion	2011-10-16 04:41:01	Tobion	2011-10-16 04:18:46	262	134	128	True	True
2405	Tobion	2011-10-16 04:41:01	Tobion	2011-10-16 03:59:34	36	18	18	True	True
2401	stloyd	2011-10-15 11:15:21	stloyd	2011-10-15 11:45:35	2	1	1	False	True
2401	stloyd	2011-10-15 11:15:21	stloyd	2011-10-15 11:06:22	13	13	0	True	True
2379	hhamon	2011-10-11 10:30:05	hhamon	2011-10-11 10:27:45	5	4	1	True	True
2368	alexandresalome	2011-10-09 20:51:42	alexandresalome	2011-10-09 20:45:55	30	29	1	True	True
2368	alexandresalome	2011-10-09 20:51:42	alexandresalome	2011-10-09 20:32:11	30	30	0	True	True
2365	lsmith77	2011-10-09 10:59:37	lsmith77	2011-10-09 10:58:45	30	27	3	True	True
2365	lsmith77	2011-10-09 10:59:37	lsmith77	2011-10-09 14:09:22	2	1	1	False	True
2364	fabpot	2011-10-09 06:45:46	lmcd	2011-06-24 13:57:18	115	102	13	True	True
2364	fabpot	2011-10-09 06:45:46	lmcd	2011-06-30 13:20:37	15	7	8	True	True
2361	azatyan	2011-10-08 22:05:47	azatyan	2011-10-08 22:02:26	2	1	1	True	True
2361	azatyan	2011-10-08 22:05:47	azatyan	2011-10-08 22:04:49	2	1	1	True	True
2361	azatyan	2011-10-08 22:05:47	azatyan	2011-10-08 21:19:37	30	29	1	True	True
2361	azatyan	2011-10-08 22:05:47	azatyan	2011-10-08 21:20:20	2	1	1	True	True
2348	weaverryan	2011-10-07 18:20:07	weaverryan	2011-10-05 19:39:31	5	5	0	True	True
2346	stealth35	2011-10-07 16:01:22	stealth35	2011-10-07 16:30:56	42	42	0	False	True
2333	fabpot	2011-10-06 20:05:44	fabpot	2011-10-05 09:09:51	416	264	152	True	True
