pr_number	author_user_login	pr_created_at	commit_user_login	commit_created_at	commit_status_total	commit_status_additions	commit_status_deletions	create_before_pr	is_review_commit
28330	trakos	2018-08-31 22:03:50	trakos	2018-08-31 21:21:26	398	398	0	True	True
28329	GuilhemN	2018-08-31 14:51:48	GuilhemN	2018-08-31 14:35:24	188	174	14	True	True
28328	sroze	2018-08-31 13:44:44	sroze	2018-08-31 13:36:13	215	156	59	True	True
28322	Nyholm	2018-08-31 10:41:10	Nyholm	2018-08-31 10:24:17	23	23	0	True	True
28321	Toflar	2018-08-31 08:59:30	Toflar	2018-08-31 08:56:24	2	1	1	True	True
28317	SjorsO	2018-08-30 12:49:23	SjorsO	2018-08-30 12:39:37	8	3	5	True	True
28316	kevinjhappy	2018-08-30 11:50:07	kevinjhappy	2018-08-29 09:05:16	319	298	21	True	True
28315	Seb33300	2018-08-30 11:27:47	Seb33300	2018-08-30 11:24:21	20	20	0	True	True
28311	hason	2018-08-30 09:31:33	hason	2018-08-30 09:30:49	2	1	1	True	True
28309	tox2ik	2018-08-29 21:49:35	tox2ik	2018-08-29 21:31:29	103	102	1	True	True
28307	ostrolucky	2018-08-29 15:56:21	ostrolucky	2018-03-28 21:15:25	42	21	21	True	True
28303	maidmaid	2018-08-28 23:53:58	maidmaid	2018-08-28 23:20:27	9	8	1	True	True
28301	maidmaid	2018-08-28 21:53:37	maidmaid	2018-08-28 21:39:52	561	247	314	True	True
28300	alekitto	2018-08-28 20:41:06	alekitto	2018-09-24 08:32:31	196	171	25	False	True
28300	alekitto	2018-08-28 20:41:06	alekitto	2018-09-24 23:46:31	28	23	5	False	True
28298	maidmaid	2018-08-28 19:52:45	maidmaid	2018-08-28 18:37:40	10	9	1	True	True
28297	ro0NL	2018-08-28 16:31:47	ro0NL	2018-08-28 16:06:40	37	13	24	True	True
28295	nicolas-grekas	2018-08-28 13:29:31	nicolas-grekas	2018-08-28 05:54:23	527	308	219	True	True
28294	sroze	2018-08-28 13:00:33	sroze	2018-08-28 12:58:44	94	59	35	True	True
28289	maidmaid	2018-08-27 22:16:50	maidmaid	2018-08-27 22:11:30	19	18	1	True	True
28284	nicolas-grekas	2018-08-27 15:19:53	nicolas-grekas	2018-08-27 15:17:06	3	2	1	True	True
28281	maidmaid	2018-08-27 10:28:16	maidmaid	2018-08-27 10:16:21	2	2	0	True	True
28280	nicolas-grekas	2018-08-27 09:38:57	nicolas-grekas	2018-08-27 09:36:50	5	3	2	True	True
28278	j4nr6n	2018-08-26 16:35:40	j4nr6n	2018-08-26 16:16:17	17	15	2	True	True
28277	martiis	2018-08-26 16:22:00	martiis	2018-08-26 16:17:02	14	11	3	True	True
28275	sroze	2018-08-26 14:50:33	sroze	2018-08-26 14:47:15	100	97	3	True	True
28271	sroze	2018-08-26 14:08:43	sroze	2018-08-26 14:06:12	120	111	9	True	True
28270	sroze	2018-08-26 13:17:30	sroze	2018-08-26 13:13:20	55	43	12	True	True
28264	nicolas-grekas	2018-08-25 20:21:17	nicolas-grekas	2018-08-25 20:18:54	100	92	8	True	True
28263	komik966	2018-08-25 15:38:22	komik966	2018-08-26 14:05:52	22	10	12	False	True
28263	komik966	2018-08-25 15:38:22	komik966	2018-08-24 07:25:32	73	46	27	True	True
28252	dmaicher	2018-08-23 19:09:57	dmaicher	2018-08-23 19:04:06	6	5	1	True	True
28251	michaelperrin	2018-08-23 18:22:26	michaelperrin	2018-08-23 17:06:54	63	46	17	True	True
28249	nicolas-grekas	2018-08-23 15:03:18	nicolas-grekas	2018-08-23 15:01:50	2	2	0	True	True
28247	nicolas-grekas	2018-08-23 12:18:27	nicolas-grekas	2018-08-23 12:14:20	73	13	60	True	True
28244	nicolas-grekas	2018-08-22 20:04:27	nicolas-grekas	2018-08-22 19:58:37	119	110	9	True	True
28243	sroze	2018-08-22 17:07:07	sroze	2018-08-22 17:03:34	30	20	10	True	True
28236	nicolas-grekas	2018-08-22 07:20:39	nicolas-grekas	2018-08-22 06:18:58	5	2	3	True	True
28234	nicolas-grekas	2018-08-20 17:42:16	nicolas-grekas	2018-08-20 17:16:33	204	187	17	True	True
28231	nicolas-grekas	2018-08-19 18:38:03	nicolas-grekas	2018-08-19 18:28:31	1084	651	433	True	True
28230	xabbuh	2018-08-19 16:52:47	xabbuh	2018-08-19 16:51:04	2	1	1	True	True
28228	nicolas-grekas	2018-08-19 09:55:10	Jannik Zschiesche	2018-08-16 16:51:30	15	14	1	True	True
28222	ostrolucky	2018-08-17 20:32:31	ostrolucky	2018-08-17 20:29:17	3	3	0	True	True
28221	Einenlum	2018-08-17 18:01:06	Einenlum	2018-08-17 17:43:46	63	57	6	True	True
28220	xabbuh	2018-08-17 17:56:56	xabbuh	2018-08-17 17:53:24	35	34	1	True	True
28219	mcsky	2018-08-17 17:23:27	kevingrenier	2018-08-17 17:17:32	10	0	10	True	True
28218	nicolas-grekas	2018-08-17 16:14:51	nicolas-grekas	2018-08-17 09:19:56	200	180	20	True	True
28216	sroze	2018-08-17 12:09:25	sroze	2018-08-17 12:07:19	3	2	1	True	True
28214	Korbeil	2018-08-17 09:17:34	Korbeil	2018-08-17 09:11:23	12	6	6	True	True
28212	apfelbox	2018-08-16 17:07:20	Jannik Zschiesche	2018-08-16 16:54:21	2	2	0	True	True
28212	apfelbox	2018-08-16 17:07:20	Jannik Zschiesche	2018-08-16 17:08:37	9	3	6	False	True
28212	apfelbox	2018-08-16 17:07:20	Jannik Zschiesche	2018-08-16 16:51:30	24	23	1	True	True
28210	nicolas-grekas	2018-08-16 13:57:15	nicolas-grekas	2018-08-16 13:45:57	1214	1011	203	True	True
28207	nicolas-grekas	2018-08-16 08:57:31	nicolas-grekas	2018-08-16 08:54:12	145	48	97	True	True
28206	nicolas-grekas	2018-08-16 08:56:10	nicolas-grekas	2018-08-16 08:51:22	360	272	88	True	True
28200	gonzalovilaseca	2018-08-14 09:43:20	gonzalovilaseca	2018-09-29 14:01:30	140	114	26	False	True
28199	nicolas-grekas	2018-08-14 09:09:36	nicolas-grekas	2018-08-14 09:06:16	15	13	2	True	True
28196	fchris82	2018-08-13 07:43:50	fchris82	2018-08-13 07:38:25	138	135	3	True	True
28190	chalasr	2018-08-10 15:44:56	sroze	2018-08-26 13:23:37	25	14	11	False	True
28190	chalasr	2018-08-10 15:44:56	chalasr	2018-08-10 15:40:08	76	57	19	True	True
28188	nicolas-grekas	2018-08-10 11:25:44	nicolas-grekas	2018-08-10 08:45:13	1077	536	541	True	True
28187	xabbuh	2018-08-10 07:39:14	xabbuh	2018-08-10 07:34:36	36	0	36	True	True
28183	ismail1432	2018-08-09 21:14:13	ismail1432	2018-08-09 20:49:22	11	5	6	True	True
28181	weaverryan	2018-08-09 18:10:57	weaverryan	2018-08-09 18:04:24	111	111	0	True	True
28176	GaryPEGEOT	2018-08-09 14:29:54	GaryPEGEOT	2018-08-09 14:26:43	22	22	0	True	True
28175	jralph	2018-08-09 12:53:18	jralph	2018-08-09 10:42:02	46	44	2	True	True
28174	soullivaneuh	2018-08-09 12:45:26	soullivaneuh	2018-08-09 12:43:33	2	1	1	True	True
28168	rpkamp	2018-08-08 20:26:31	rpkamp	2018-08-08 20:20:43	156	129	27	True	True
28156	maidmaid	2018-08-08 00:02:23	maidmaid	2018-08-07 23:45:53	24	24	0	True	True
28152	nicolas-grekas	2018-08-07 12:50:35	nicolas-grekas	2018-08-07 12:36:19	10	5	5	True	True
28151	nicolas-grekas	2018-08-07 12:26:40	nicolas-grekas	2018-08-07 12:24:20	2229	3	2226	True	True
28147	Gorjunov	2018-08-06 22:21:35	Gorjunov	2018-08-06 22:10:32	14	11	3	True	True
28139	ismail1432	2018-08-06 01:54:56	ismail1432	2018-08-06 01:39:44	37	30	7	True	True
28136	chalasr	2018-08-05 17:45:49	chalasr	2018-08-05 17:43:29	2	1	1	True	True
28135	sstok	2018-08-05 14:27:49	sstok	2018-08-05 14:25:16	2	1	1	True	True
28128	damaya	2018-08-03 22:44:38	damaya	2018-10-10 17:47:22	3	2	1	False	True
28128	damaya	2018-08-03 22:44:38	damaya	2018-08-03 22:44:03	2	1	1	True	True
28127	gregurco	2018-08-03 22:28:00	gregurco	2018-08-03 22:21:17	12	6	6	True	True
28123	nicolas-grekas	2018-08-03 08:40:40	nicolas-grekas	2018-08-03 08:34:59	7	5	2	True	True
28120	twoleds	2018-08-02 18:28:41	twoleds	2018-08-02 18:11:33	44	29	15	True	True
28118	mul14	2018-08-02 13:39:42	mul14	2018-08-02 13:34:16	2	1	1	True	True
28117	gimler	2018-08-02 12:25:08	gimler	2018-08-02 12:17:19	61	58	3	True	True
28115	MrMitch	2018-08-02 11:35:48	Mickael GOETZ	2018-08-02 11:27:22	52	21	31	True	True
28114	nicolas-grekas	2018-08-02 10:11:17	nicolas-grekas	2018-08-02 06:56:36	139	76	63	True	True
28113	apfelbox	2018-08-02 09:46:08	Jannik Zschiesche	2018-08-02 09:42:21	21	21	0	True	True
28112	AhmedAbdulrahman	2018-08-02 09:29:08	AhmedAbdulrahman	2018-08-02 09:24:26	2	1	1	True	True
28111	nicolas-grekas	2018-08-02 07:10:06	nicolas-grekas	2018-08-02 06:56:36	12	10	2	True	True
28110	nicolas-grekas	2018-08-02 07:08:58	nicolas-grekas	2018-08-02 06:59:56	4	2	2	True	True
28109	natepage	2018-08-02 06:41:06	natepage	2018-08-02 06:16:54	889	457	432	True	True
28109	natepage	2018-08-02 06:41:06	natepage	2018-08-02 06:38:08	1	1	0	True	True
28109	natepage	2018-08-02 06:41:06	natepage	2018-08-02 23:49:43	9	1	8	False	True
28109	natepage	2018-08-02 06:41:06	natepage	2018-08-02 23:55:03	1	0	1	False	True
28109	natepage	2018-08-02 06:41:06	natepage	2018-08-03 02:11:34	1	0	1	False	True
28106	xabbuh	2018-08-01 18:43:38	xabbuh	2018-08-01 18:31:02	18	10	8	True	True
28100	chalasr	2018-08-01 14:12:32	chalasr	2018-08-01 14:08:30	76	74	2	True	True
28097	nicolas-grekas	2018-08-01 08:11:29	nicolas-grekas	2018-08-01 08:02:13	132	43	89	True	True
28096	nicolas-grekas	2018-08-01 08:11:10	nicolas-grekas	2018-08-01 08:01:10	187	187	0	True	True
