pr_number	author_user_login	pr_created_at	commit_user_login	commit_created_at	commit_status_total	commit_status_additions	commit_status_deletions	create_before_pr	is_review_commit
36648	Deamon	2020-04-30 21:10:47	Deamon	2020-04-30 20:58:18	420	420	0	True	True
36647	jakzal	2020-04-30 20:32:11	jakzal	2020-05-01 12:33:43	295	239	56	False	True
36646	fancyweb	2020-04-30 16:04:52	fancyweb	2020-04-30 16:01:38	4	4	0	True	True
36644	fancyweb	2020-04-30 14:24:52	fancyweb	2020-04-30 14:23:31	13	9	4	True	True
36639	fancyweb	2020-04-30 13:42:46	fancyweb	2020-04-30 13:38:50	14	7	7	True	True
36636	l-vo	2020-04-30 12:55:21	l-vo	2020-04-30 12:51:38	185	184	1	True	True
36635	seb37800	2020-04-30 11:48:53	seb37800	2020-04-30 11:38:52	6	3	3	True	True
36633	stewartmalik	2020-04-30 09:29:13	stewartmalik	2020-04-30 09:14:33	175	167	8	True	True
36633	stewartmalik	2020-04-30 09:29:13	stewartmalik	2020-04-30 09:18:27	31	1	30	True	True
36633	stewartmalik	2020-04-30 09:29:13	stewartmalik	2020-05-02 14:27:20	451	406	45	False	True
36633	stewartmalik	2020-04-30 09:29:13	stewartmalik	2020-05-02 14:34:29	2	1	1	False	True
36633	stewartmalik	2020-04-30 09:29:13	stewartmalik	2020-05-02 14:40:01	13	3	10	False	True
36633	stewartmalik	2020-04-30 09:29:13	stewartmalik	2020-05-02 14:41:26	5	2	3	False	True
36633	stewartmalik	2020-04-30 09:29:13	stewartmalik	2020-05-02 14:47:01	4	2	2	False	True
36629	fabpot	2020-04-29 21:09:19	fabpot	2020-04-29 21:01:17	127	73	54	True	True
36627	bendavies	2020-04-29 20:40:57	bendavies	2020-04-29 20:31:19	69	56	13	True	True
36625	nicolas-grekas	2020-04-29 15:42:58	nicolas-grekas	2020-04-29 15:41:38	6	3	3	True	True
36622	nicolas-grekas	2020-04-29 14:32:37	nicolas-grekas	2020-04-29 14:29:53	2	1	1	True	True
36621	l-vo	2020-04-29 14:11:19	l-vo	2020-04-29 10:17:13	173	147	26	True	True
36616	phpfour	2020-04-28 21:10:28	phpfour	2020-04-28 18:53:54	329	328	1	True	True
36613	xabbuh	2020-04-28 17:46:11	xabbuh	2020-04-28 17:42:54	6	4	2	True	True
36611	jeremyFreeAgent	2020-04-28 15:27:08	jeremyFreeAgent	2020-04-28 15:21:29	292	241	51	True	True
36609	jderusse	2020-04-28 13:19:12	jderusse	2020-04-28 13:17:36	2	1	1	True	True
36606	SerheyDolgushev	2020-04-28 10:00:15	SerheyDolgushev	2020-04-28 09:52:32	6	2	4	True	True
36601	soyuka	2020-04-27 13:22:50	soyuka	2020-04-27 13:09:19	25	25	0	True	True
36600	wouterj	2020-04-27 11:45:12	wouterj	2020-04-26 20:45:51	603	603	0	True	True
36599	nicolas-grekas	2020-04-27 11:24:02	nicolas-grekas	2020-04-27 11:15:27	31	26	5	True	True
36596	l-vo	2020-04-27 09:12:10	l-vo	2020-08-13 08:00:38	129	116	13	False	True
36592	Slamdunk	2020-04-27 06:56:45	Slamdunk	2020-04-27 06:55:12	11	10	1	True	True
36590	ostrolucky	2020-04-27 04:47:01	ostrolucky	2020-04-27 03:08:14	39	38	1	True	True
36586	nicolas-grekas	2020-04-26 14:01:08	nicolas-grekas	2020-04-26 13:52:23	101	62	39	True	True
36584	xabbuh	2020-04-26 08:09:44	xabbuh	2020-04-26 08:08:16	106	106	0	True	True
36582	X-Coder264	2020-04-25 20:25:00	X-Coder264	2020-04-25 19:39:02	1245	1245	0	True	True
36579	vjandrea	2020-04-25 13:17:28	vjandrea	2020-04-23 06:22:30	1	1	0	True	True
36579	vjandrea	2020-04-25 13:17:28	vjandrea	2020-07-11 06:49:14	10	10	0	False	True
36579	vjandrea	2020-04-25 13:17:28	vjandrea	2020-04-22 22:18:32	202	202	0	True	True
36579	vjandrea	2020-04-25 13:17:28	vjandrea	2020-08-20 07:25:24	2	1	1	False	True
36579	vjandrea	2020-04-25 13:17:28	vjandrea	2020-04-26 21:06:49	36	17	19	False	True
36579	vjandrea	2020-04-25 13:17:28	vjandrea	2020-08-20 07:27:10	2	1	1	False	True
36578	xabbuh	2020-04-25 10:19:46	xabbuh	2020-04-25 09:27:26	183	144	39	True	True
36575	wouterj	2020-04-24 21:30:08	wouterj	2020-04-27 12:04:29	96	81	15	False	True
36574	wouterj	2020-04-24 21:05:47	wouterj	2020-05-02 13:08:08	300	142	158	False	True
36573	odolbeau	2020-04-24 19:52:48	odolbeau	2020-04-24 19:49:28	366	366	0	True	True
36571	Lozik	2020-04-24 17:12:21	Lozik	2020-04-24 16:48:20	10	5	5	True	True
36570	wouterj	2020-04-24 16:48:38	wouterj	2020-04-24 16:45:36	350	349	1	True	True
36569	lyrixx	2020-04-24 16:14:40	lyrixx	2020-04-24 16:13:38	11	10	1	True	True
36568	Jean85	2020-04-24 14:11:44	Jean85	2020-04-24 14:08:51	2	1	1	True	True
36566	fancyweb	2020-04-24 12:57:39	fancyweb	2020-04-24 12:56:41	12	7	5	True	True
36562	nicolas-grekas	2020-04-24 09:55:15	nicolas-grekas	2020-04-24 09:45:27	600	13	587	True	True
36560	sdkawata	2020-04-24 08:44:20	sdkawata	2020-04-24 10:16:04	5	4	1	False	True
36557	jderusse	2020-04-23 23:25:27	jderusse	2020-04-23 23:17:44	95	94	1	True	True
36556	nicolas-grekas	2020-04-23 22:31:50	nicolas-grekas	2020-04-23 22:29:13	90	45	45	True	True
36555	nicolas-grekas	2020-04-23 21:42:00	nicolas-grekas	2020-04-23 21:34:23	10	5	5	True	True
36552	alexander-schranz	2020-04-23 20:36:31	alexander-schranz	2020-04-23 20:12:03	4	4	0	True	True
36548	nicolas-grekas	2020-04-23 13:01:08	nicolas-grekas	2020-04-23 12:56:02	3	2	1	True	True
36546	fabpot	2020-04-23 12:40:13	fabpot	2020-04-23 12:38:20	3	3	0	True	True
36545	nicolas-grekas	2020-04-23 12:21:12	nicolas-grekas	2020-04-23 12:10:14	74	41	33	True	True
36541	tcheymol	2020-04-23 08:46:18	tcheymol	2020-04-23 08:42:20	425	425	0	True	True
36539	garak	2020-04-23 07:33:28	garak	2020-04-23 07:31:24	13	10	3	True	True
36536	l-vo	2020-04-22 20:09:57	l-vo	2020-04-22 19:54:02	59	41	18	True	True
36535	nicolas-grekas	2020-04-22 19:41:00	nicolas-grekas	2020-04-22 16:13:47	236	220	16	True	True
36525	jderusse	2020-04-22 12:29:27	jderusse	2020-04-22 11:43:49	36	26	10	True	True
36523	ottaviano	2020-04-22 10:44:23	ottaviano	2020-04-22 10:28:41	39	39	0	True	True
36522	Tobion	2020-04-22 00:34:24	Tobion	2020-04-22 00:33:26	20	0	20	True	True
36519	weaverryan	2020-04-21 18:39:31	weaverryan	2020-04-21 18:33:50	37	36	1	True	True
36518	sstok	2020-04-21 15:10:08	sstok	2020-04-21 15:08:27	2	1	1	True	True
36515	mnapoli	2020-04-21 11:59:23	mnapoli	2020-04-21 11:53:45	84	67	17	True	True
36509	xabbuh	2020-04-21 04:26:45	xabbuh	2020-04-21 04:23:58	32	3	29	True	True
36507	GregoireHebert	2020-04-20 17:40:47	GregoireHebert	2020-04-20 17:33:00	135	133	2	True	True
36507	GregoireHebert	2020-04-20 17:40:47	GregoireHebert	2020-04-21 12:28:54	2	2	0	False	True
36507	GregoireHebert	2020-04-20 17:40:47	GregoireHebert	2020-04-21 12:21:04	208	169	39	False	True
36506	fancyweb	2020-04-20 16:11:21	fancyweb	2020-04-20 16:08:44	3	2	1	True	True
36505	artemoliynyk	2020-04-20 15:33:41	artemoliynyk	2020-04-20 15:22:39	38	37	1	True	True
36504	fancyweb	2020-04-20 14:46:23	fancyweb	2020-04-20 14:41:27	3	0	3	True	True
36501	fancyweb	2020-04-20 12:46:26	fancyweb	2020-04-20 10:25:20	8	4	4	True	True
36500	fancyweb	2020-04-20 10:19:06	fancyweb	2020-04-20 12:15:01	13	13	0	False	True
36498	stoccc	2020-04-19 21:47:35	stoccc	2020-04-19 21:34:01	4	2	2	True	True
36497	crishoj	2020-04-19 19:16:53	crishoj	2020-04-22 17:34:57	39	21	18	False	True
36496	krasilnikovm	2020-04-19 18:14:48	krasilnikovm	2020-04-19 17:39:49	455	446	9	True	True
36492	ph-fritsche	2020-04-19 13:09:20	ph-fritsche	2020-04-24 11:45:13	6	1	5	False	True
36492	ph-fritsche	2020-04-19 13:09:20	ph-fritsche	2020-05-19 09:12:12	24	18	6	False	True
36492	ph-fritsche	2020-04-19 13:09:20	ph-fritsche	2020-04-24 10:54:18	4	2	2	False	True
36492	ph-fritsche	2020-04-19 13:09:20	ph-fritsche	2020-04-19 18:09:17	7	7	0	False	True
36492	ph-fritsche	2020-04-19 13:09:20	ph-fritsche	2020-04-19 11:10:05	26	25	1	True	True
36492	ph-fritsche	2020-04-19 13:09:20	ph-fritsche	2020-04-19 11:26:06	4	2	2	True	True
36492	ph-fritsche	2020-04-19 13:09:20	ph-fritsche	2020-04-19 11:05:28	51	49	2	True	True
36490	nicolas-grekas	2020-04-18 20:26:38	nicolas-grekas	2020-04-18 20:23:17	10	10	0	True	True
36489	HeahDude	2020-04-18 13:32:20	HeahDude	2020-04-18 13:28:01	73	67	6	True	True
36488	GromNaN	2020-04-18 01:42:29	GromNaN	2020-04-18 01:36:51	740	740	0	True	True
36487	javespi	2020-04-17 23:53:49	javespi	2020-04-17 23:05:12	34	34	0	True	True
36483	zek	2020-04-17 16:12:48	zek	2020-04-17 16:05:47	2	0	2	True	True
36480	jeremyFreeAgent	2020-04-17 15:58:32	jeremyFreeAgent	2020-08-10 09:16:29	393	393	0	False	True
36479	jschaedl	2020-04-17 15:29:46	jschaedl	2020-02-23 07:47:25	185	181	4	True	True
36475	mpiot	2020-04-17 11:39:46	mpiot	2020-04-17 10:38:31	374	374	0	True	True
36475	mpiot	2020-04-17 11:39:46	mpiot	2020-04-23 12:54:52	1	0	1	False	True
36475	mpiot	2020-04-17 11:39:46	mpiot	2020-09-01 16:38:40	36	27	9	False	True
36471	azjezz	2020-04-16 18:21:05	azjezz	2020-05-03 08:03:42	99	93	6	False	True
36470	fancyweb	2020-04-16 17:16:39	fancyweb	2020-04-16 09:22:06	234	234	0	True	True
36468	fancyweb	2020-04-16 16:53:49	fancyweb	2020-04-16 16:48:01	88	65	23	True	True
36464	Seldaek	2020-04-16 13:53:16	Seldaek	2020-04-16 13:43:56	42	42	0	True	True
36463	sstok	2020-04-16 11:38:20	sstok	2020-04-16 11:29:30	8	6	2	True	True
36460	lyrixx	2020-04-15 18:02:08	lyrixx	2020-04-15 18:00:38	10	3	7	True	True
36457	alexander-schranz	2020-04-15 12:49:09	nicolas-grekas	2020-04-18 14:27:57	2	1	1	False	True
36457	alexander-schranz	2020-04-15 12:49:09	alexander-schranz	2020-04-15 12:44:16	38	38	0	True	True
36456	lmasforne	2020-04-15 11:32:51	lmasforne	2020-04-15 07:16:33	34	29	5	True	True
36455	Nyholm	2020-04-15 09:59:16	Nyholm	2020-04-15 09:54:41	27	14	13	True	True
36449	Seldaek	2020-04-14 10:51:04	Seldaek	2020-04-14 10:42:16	16	15	1	True	True
36447	gisostallenberg	2020-04-14 09:17:12	gisostallenberg	2020-04-14 09:11:09	2	1	1	True	True
36440	wouterj	2020-04-12 22:17:28	wouterj	2020-04-12 22:11:50	4	2	2	True	True
36437	fabpot	2020-04-12 14:28:29	fabpot	2020-04-12 14:22:30	84	42	42	True	True
36436	fabpot	2020-04-12 13:10:08	fabpot	2020-04-12 13:08:12	2457	1	2456	True	True
36434	xabbuh	2020-04-12 09:30:43	xabbuh	2020-04-12 09:28:02	2	1	1	True	True
36433	fabpot	2020-04-12 09:19:16	fabpot	2020-04-12 09:15:20	16	10	6	True	True
36433	fabpot	2020-04-12 09:19:16	fabpot	2020-04-12 12:20:52	2	1	1	False	True
36433	fabpot	2020-04-12 09:19:16	fabpot	2020-04-12 09:14:14	4	2	2	True	True
36433	fabpot	2020-04-12 09:19:16	fabpot	2020-04-12 09:16:50	59	43	16	True	True
36432	elvis2	2020-04-12 06:48:53	elvis2	2020-04-12 06:34:14	7	6	1	True	True
36432	elvis2	2020-04-12 06:48:53	elvis2	2020-04-12 06:46:12	1	1	0	True	True
36432	elvis2	2020-04-12 06:48:53	elvis2	2020-04-12 06:51:09	2	1	1	False	True
36431	cv65kr	2020-04-11 22:02:37	cv65kr	2020-04-11 21:57:55	148	127	21	True	True
36429	nicolas-grekas	2020-04-11 19:56:39	nicolas-grekas	2020-04-11 19:55:18	2	1	1	True	True
36428	HeahDude	2020-04-11 19:04:34	HeahDude	2020-04-11 18:54:18	3	1	2	True	True
36426	HeahDude	2020-04-11 18:11:36	HeahDude	2020-04-11 18:06:08	42	40	2	True	True
36424	ottaviano	2020-04-11 14:12:33	ottaviano	2020-04-11 14:01:30	5	3	2	True	True
36423	wouterj	2020-04-11 11:39:03	wouterj	2020-04-11 10:31:47	1433	906	527	True	True
36422	nicolas-grekas	2020-04-11 09:51:06	nicolas-grekas	2020-04-11 09:49:39	8	4	4	True	True
36417	oesteve	2020-04-10 19:14:27	oesteve	2020-04-10 18:51:00	49	46	3	True	True
36415	fancyweb	2020-04-10 14:41:16	fancyweb	2020-08-14 08:22:32	62	59	3	False	True
36411	biozshock	2020-04-10 11:46:58	biozshock	2020-04-10 11:43:00	66	64	2	True	True
36408	soyuka	2020-04-09 17:54:28	soyuka	2020-04-09 17:51:19	108	59	49	True	True
36406	guillbdx	2020-04-09 16:27:45	Guillaume Pédelagrabe	2020-04-10 20:02:30	8	1	7	False	True
36406	guillbdx	2020-04-09 16:27:45	Guillaume Pédelagrabe	2020-04-10 20:33:29	5	5	0	False	True
36406	guillbdx	2020-04-09 16:27:45	Guillaume Pédelagrabe	2020-04-10 20:22:02	2	1	1	False	True
36406	guillbdx	2020-04-09 16:27:45	Guillaume Pédelagrabe	2020-05-05 19:20:21	6	3	3	False	True
36406	guillbdx	2020-04-09 16:27:45	Guillaume Pédelagrabe	2020-04-09 16:25:57	183	183	0	True	True
36406	guillbdx	2020-04-09 16:27:45	Guillaume Pédelagrabe	2020-04-10 19:55:35	2	1	1	False	True
36405	guillbdx	2020-04-09 16:16:03	Guillaume Pédelagrabe	2020-04-10 20:39:47	7	3	4	False	True
36405	guillbdx	2020-04-09 16:16:03	Guillaume Pédelagrabe	2020-04-10 21:01:37	5	3	2	False	True
36405	guillbdx	2020-04-09 16:16:03	Guillaume Pédelagrabe	2020-04-10 23:46:40	3	2	1	False	True
36405	guillbdx	2020-04-09 16:16:03	Guillaume Pédelagrabe	2020-04-11 18:15:02	13	4	9	False	True
36405	guillbdx	2020-04-09 16:16:03	Guillaume Pédelagrabe	2020-04-11 18:16:02	1	0	1	False	True
36405	guillbdx	2020-04-09 16:16:03	Guillaume Pédelagrabe	2020-04-10 19:06:25	4	2	2	False	True
36405	guillbdx	2020-04-09 16:16:03	Guillaume Pédelagrabe	2020-04-10 19:16:31	8	4	4	False	True
36405	guillbdx	2020-04-09 16:16:03	Guillaume Pédelagrabe	2020-04-09 16:12:55	187	187	0	True	True
36405	guillbdx	2020-04-09 16:16:03	Guillaume Pédelagrabe	2020-04-10 18:43:22	18	12	6	False	True
36405	guillbdx	2020-04-09 16:16:03	Guillaume Pédelagrabe	2020-04-10 18:08:36	1	1	0	False	True
36405	guillbdx	2020-04-09 16:16:03	Guillaume Pédelagrabe	2020-04-10 18:04:23	11	11	0	False	True
36405	guillbdx	2020-04-09 16:16:03	Guillaume Pédelagrabe	2020-04-10 17:55:32	58	18	40	False	True
36405	guillbdx	2020-04-09 16:16:03	Guillaume Pédelagrabe	2020-04-10 17:30:10	9	5	4	False	True
36405	guillbdx	2020-04-09 16:16:03	Guillaume Pédelagrabe	2020-04-10 20:54:34	4	2	2	False	True
36400	weaverryan	2020-04-09 14:31:33	weaverryan	2020-04-09 14:29:41	11	5	6	True	True
36390	nicolas-grekas	2020-04-08 15:27:29	nicolas-grekas	2020-04-08 15:22:57	219	69	150	True	True
36389	nicolas-grekas	2020-04-08 15:08:33	nicolas-grekas	2020-04-08 15:02:25	38	37	1	True	True
36388	nicolas-grekas	2020-04-08 14:47:47	nicolas-grekas	2020-04-08 14:36:57	21	18	3	True	True
36386	javiereguiluz	2020-04-08 13:20:59	javiereguiluz	2020-04-08 13:13:59	17	14	3	True	True
36386	javiereguiluz	2020-04-08 13:20:59	javiereguiluz	2020-04-08 13:58:10	2	1	1	False	True
36379	driesvints	2020-04-07 17:49:59	driesvints	2020-04-07 17:49:21	8	7	1	True	True
36378	alexander-schranz	2020-04-07 13:25:17	alexander-schranz	2020-04-07 13:20:36	1	1	0	True	True
36376	lyrixx	2020-04-07 09:52:54	lyrixx	2020-04-07 09:51:42	14	13	1	True	True
36375	lyrixx	2020-04-07 09:40:34	lyrixx	2020-04-07 09:39:41	15	14	1	True	True
36373	nicolas-grekas	2020-04-06 23:54:47	nicolas-grekas	2020-04-06 23:30:59	621	559	62	True	True
36372	lyrixx	2020-04-06 23:01:43	lyrixx	2020-04-06 22:58:33	1	1	0	True	True
36371	GromNaN	2020-04-06 22:24:20	GromNaN	2020-04-06 22:19:32	155	153	2	True	True
36371	GromNaN	2020-04-06 22:24:20	GromNaN	2020-05-06 09:38:45	22	11	11	False	True
36370	infinitely-young	2020-04-06 22:12:22	infinitely-young	2020-04-06 22:11:33	3	3	0	True	True
36368	lmasforne	2020-04-06 19:55:22	lmasforne	2020-05-25 08:56:42	2	1	1	False	True
36368	lmasforne	2020-04-06 19:55:22	lmasforne	2020-04-25 17:07:46	2	1	1	False	True
36368	lmasforne	2020-04-06 19:55:22	lmasforne	2020-04-24 12:55:19	9	4	5	False	True
36368	lmasforne	2020-04-06 19:55:22	lmasforne	2020-04-06 19:52:50	400	399	1	True	True
36365	HeahDude	2020-04-06 19:22:43	HeahDude	2020-04-06 19:16:17	64	62	2	True	True
36364	mtarld	2020-04-06 16:29:13	mtarld	2020-02-25 15:40:39	204	198	6	True	True
36363	alanpoulain	2020-04-06 15:01:44	alanpoulain	2020-04-06 14:58:22	3	1	2	True	True
36354	nicolas-grekas	2020-04-06 08:24:38	nicolas-grekas	2020-04-06 08:23:42	6	1	5	True	True
36353	nicolas-grekas	2020-04-06 07:30:10	nicolas-grekas	2020-04-05 21:50:34	43	37	6	True	True
36353	nicolas-grekas	2020-04-06 07:30:10	fancyweb	2020-04-03 10:26:15	28	27	1	True	True
36352	HeahDude	2020-04-05 16:46:14	HeahDude	2020-04-05 16:34:10	362	356	6	True	True
36351	eerison	2020-04-05 14:17:52	eerison	2020-04-05 14:00:31	99	99	0	True	True
36351	eerison	2020-04-05 14:17:52	eerison	2020-07-05 15:58:39	31	13	18	False	True
36347	birkof	2020-04-04 20:26:10	birkof	2020-04-04 20:08:34	5	5	0	True	True
36345	atailouloute	2020-04-04 19:47:06	atailouloute	2020-04-04 19:42:42	243	192	51	True	True
36343	HeahDude	2020-04-04 13:48:12	HeahDude	2020-04-03 15:40:36	241	212	29	True	True
36342	nicolas-grekas	2020-04-04 12:00:58	nicolas-grekas	2020-04-04 11:58:35	9	7	2	True	True
36341	dunglas	2020-04-04 07:53:44	dunglas	2020-04-04 07:51:57	2	1	1	True	True
36340	dunglas	2020-04-04 07:44:33	dunglas	2020-04-04 07:41:07	15	13	2	True	True
36339	symfonyaml	2020-04-03 15:54:19	symfonyaml	2020-04-03 20:08:31	6	3	3	False	True
36339	symfonyaml	2020-04-03 15:54:19	symfonyaml	2020-04-03 20:42:17	6	3	3	False	True
36339	symfonyaml	2020-04-03 15:54:19	symfonyaml	2020-04-03 19:56:45	10	10	0	False	True
36339	symfonyaml	2020-04-03 15:54:19	symfonyaml	2020-04-03 15:44:21	1	1	0	True	True
36338	fancyweb	2020-04-03 15:04:50	fancyweb	2020-04-03 14:59:55	12	9	3	True	True
36337	fancyweb	2020-04-03 15:03:12	fancyweb	2020-04-03 14:53:29	10	8	2	True	True
36336	dunglas	2020-04-03 13:57:17	dunglas	2020-04-03 21:47:05	19	4	15	False	True
36336	dunglas	2020-04-03 13:57:17	dunglas	2020-04-03 13:49:52	29	27	2	True	True
36335	wouterj	2020-04-03 13:45:03	wouterj	2020-04-03 13:39:47	90	86	4	True	True
36334	Seldaek	2020-04-03 13:34:29	Seldaek	2020-04-03 13:33:33	3	2	1	True	True
36332	alanpoulain	2020-04-03 12:44:31	alanpoulain	2020-04-03 10:40:07	21	21	0	True	True
36326	przemyslaw-bogusz	2020-04-02 20:28:16	przemyslaw-bogusz	2020-04-02 20:03:50	138	127	11	True	True
36321	mtarld	2020-04-02 16:10:08	mtarld	2020-04-03 05:50:31	35	22	13	False	True
36317	guillbdx	2020-04-02 13:24:03	Guillaume Pédelagrabe	2020-04-01 18:41:52	6	4	2	True	True
36317	guillbdx	2020-04-02 13:24:03	Guillaume Pédelagrabe	2020-03-30 15:49:04	12	11	1	True	True
36317	guillbdx	2020-04-02 13:24:03	Guillaume Pédelagrabe	2020-04-01 13:25:33	44	44	0	True	True
36317	guillbdx	2020-04-02 13:24:03	Guillaume Pédelagrabe	2020-03-30 14:10:55	5	5	0	True	True
36317	guillbdx	2020-04-02 13:24:03	Guillaume Pédelagrabe	2020-04-02 13:26:13	54	54	0	False	True
36317	guillbdx	2020-04-02 13:24:03	Guillaume Pédelagrabe	2020-03-30 15:45:55	29	26	3	True	True
36317	guillbdx	2020-04-02 13:24:03	Guillaume Pédelagrabe	2020-04-02 10:04:12	22	22	0	True	True
36317	guillbdx	2020-04-02 13:24:03	Guillaume Pédelagrabe	2020-03-30 08:56:31	184	184	0	True	True
36317	guillbdx	2020-04-02 13:24:03	Guillaume Pédelagrabe	2020-04-02 09:38:32	5	5	0	True	True
36317	guillbdx	2020-04-02 13:24:03	Guillaume Pédelagrabe	2020-04-02 09:46:09	12	5	7	True	True
36317	guillbdx	2020-04-02 13:24:03	Guillaume Pédelagrabe	2020-04-02 09:59:43	4	4	0	True	True
36317	guillbdx	2020-04-02 13:24:03	Guillaume Pédelagrabe	2020-04-02 09:28:12	12	8	4	True	True
36317	guillbdx	2020-04-02 13:24:03	Guillaume Pédelagrabe	2020-04-02 13:25:22	2	1	1	False	True
36317	guillbdx	2020-04-02 13:24:03	Guillaume Pédelagrabe	2020-03-30 14:01:54	45	45	0	True	True
36317	guillbdx	2020-04-02 13:24:03	Guillaume Pédelagrabe	2020-03-30 17:47:04	129	129	0	True	True
36317	guillbdx	2020-04-02 13:24:03	Guillaume Pédelagrabe	2020-03-27 20:06:50	7	7	0	True	True
36317	guillbdx	2020-04-02 13:24:03	Guillaume Pédelagrabe	2020-03-30 09:29:00	48	29	19	True	True
36317	guillbdx	2020-04-02 13:24:03	Guillaume Pédelagrabe	2020-03-25 20:55:31	53	53	0	True	True
36317	guillbdx	2020-04-02 13:24:03	Guillaume Pédelagrabe	2020-03-30 12:32:23	14	0	14	True	True
36317	guillbdx	2020-04-02 13:24:03	Guillaume Pédelagrabe	2020-03-30 13:27:29	74	74	0	True	True
36317	guillbdx	2020-04-02 13:24:03	Guillaume Pédelagrabe	2020-03-30 12:30:16	136	28	108	True	True
36317	guillbdx	2020-04-02 13:24:03	Guillaume Pédelagrabe	2020-03-30 10:00:31	58	58	0	True	True
36317	guillbdx	2020-04-02 13:24:03	Guillaume Pédelagrabe	2020-03-30 09:51:52	30	27	3	True	True
36317	guillbdx	2020-04-02 13:24:03	Guillaume Pédelagrabe	2020-03-30 14:06:48	4	2	2	True	True
36317	guillbdx	2020-04-02 13:24:03	Guillaume Pédelagrabe	2020-03-27 19:23:33	90	67	23	True	True
36317	guillbdx	2020-04-02 13:24:03	Guillaume Pédelagrabe	2020-03-27 18:46:45	61	61	0	True	True
36317	guillbdx	2020-04-02 13:24:03	Guillaume Pédelagrabe	2020-03-26 18:30:33	81	78	3	True	True
36317	guillbdx	2020-04-02 13:24:03	Guillaume Pédelagrabe	2020-03-26 17:17:33	18	10	8	True	True
36317	guillbdx	2020-04-02 13:24:03	Guillaume Pédelagrabe	2020-03-25 21:05:42	4	2	2	True	True
36317	guillbdx	2020-04-02 13:24:03	Guillaume Pédelagrabe	2020-03-27 20:01:51	60	52	8	True	True
36315	ampaze	2020-04-02 11:55:39	ampaze	2020-04-02 11:53:10	2	1	1	True	True
36313	apfelbox	2020-04-02 11:15:42	Jannik Zschiesche	2020-04-02 11:07:01	101	89	12	True	True
36311	lmasforne	2020-04-01 21:56:46	lmasforne	2020-04-01 21:52:46	4	2	2	True	True
36308	lmasforne	2020-04-01 19:00:00	lmasforne	2020-04-01 19:12:14	3	2	1	False	True
36308	lmasforne	2020-04-01 19:00:00	lmasforne	2020-04-05 08:19:53	4	3	1	False	True
36308	lmasforne	2020-04-01 19:00:00	lmasforne	2020-04-01 19:16:14	2	1	1	False	True
36308	lmasforne	2020-04-01 19:00:00	lmasforne	2020-04-05 08:22:53	9	9	0	False	True
36308	lmasforne	2020-04-01 19:00:00	lmasforne	2020-04-04 06:41:23	2	1	1	False	True
36308	lmasforne	2020-04-01 19:00:00	lmasforne	2020-04-01 19:03:59	4	2	2	False	True
36308	lmasforne	2020-04-01 19:00:00	lmasforne	2020-04-01 18:50:46	54	50	4	True	True
36308	lmasforne	2020-04-01 19:00:00	lmasforne	2020-04-01 19:05:31	3	3	0	False	True
36305	fancyweb	2020-04-01 17:16:29	fancyweb	2020-04-01 17:12:29	22	21	1	True	True
36304	freiondrej	2020-04-01 15:34:09	freiondrej	2020-04-01 15:33:44	4	4	0	True	True
36302	fancyweb	2020-04-01 15:28:50	fancyweb	2020-04-01 15:22:55	163	162	1	True	True
36297	maxhelias	2020-04-01 08:58:48	maxhelias	2020-04-01 08:54:50	7	7	0	True	True
36295	fancyweb	2020-04-01 06:33:20	fancyweb	2020-04-01 06:28:48	12	6	6	True	True
