pr_number	author_user_login	pr_created_at	commit_user_login	commit_created_at	commit_status_total	commit_status_additions	commit_status_deletions	create_before_pr	is_review_commit
44882	jtojnar	2021-12-31 23:26:45	jtojnar	2021-12-31 22:40:32	9	8	1	True	True
44882	jtojnar	2021-12-31 23:26:45	jtojnar	2021-12-31 22:42:13	10	9	1	True	True
44882	jtojnar	2021-12-31 23:26:45	jtojnar	2021-12-31 23:10:44	26	23	3	True	True
44881	JustDylan23	2021-12-31 20:40:28	JustDylan23	2022-01-04 21:17:25	23	12	11	False	True
44881	JustDylan23	2021-12-31 20:40:28	JustDylan23	2021-12-31 20:24:03	11	11	0	True	True
44881	JustDylan23	2021-12-31 20:40:28	JustDylan23	2022-01-03 16:06:02	6	3	3	False	True
44879	fancyweb	2021-12-31 15:44:53	fancyweb	2021-12-31 15:38:38	23	23	0	True	True
44878	fancyweb	2021-12-31 14:35:52	fancyweb	2021-12-31 14:34:09	14	13	1	True	True
44877	sormes	2021-12-31 13:25:38	sormes	2021-12-31 13:04:38	2	1	1	True	True
44876	sveneld	2021-12-31 12:14:20	vladimir.panivko	2021-12-31 12:11:59	2	1	1	True	True
44874	jongotlin	2021-12-31 08:22:53	jongotlin	2021-12-31 08:00:27	402	402	0	True	True
44860	derrabus	2021-12-29 23:43:08	derrabus	2021-12-29 22:58:45	64	58	6	True	True
44859	xabbuh	2021-12-29 22:45:40	xabbuh	2021-12-29 22:42:35	4	2	2	True	True
44857	danut007ro	2021-12-29 20:44:25	danut007ro	2021-12-29 20:39:43	9	7	2	True	True
44856	kylekatarnls	2021-12-29 19:41:06	kylekatarnls	2021-12-29 23:49:12	82	74	8	False	True
44854	nicolas-grekas	2021-12-29 18:05:39	nicolas-grekas	2021-12-29 18:04:32	4	4	0	True	True
44849	kylekatarnls	2021-12-29 14:15:50	kylekatarnls	2021-12-29 19:24:06	54	54	0	False	True
44849	kylekatarnls	2021-12-29 14:15:50	kylekatarnls	2021-12-29 13:55:14	6	6	0	True	True
44839	giosh94mhz	2021-12-29 11:36:45	giosh94mhz	2021-12-29 11:22:26	13	12	1	True	True
44838	ogizanagi	2021-12-29 09:59:18	ogizanagi	2021-12-29 09:49:04	55	50	5	True	True
44837	xabbuh	2021-12-29 09:33:42	xabbuh	2021-12-29 09:31:39	5	3	2	True	True
44835	ogizanagi	2021-12-29 08:53:01	ogizanagi	2021-12-29 08:18:46	8	8	0	True	True
44831	ogizanagi	2021-12-28 17:16:16	ogizanagi	2021-12-28 16:00:59	224	224	0	True	True
44830	fwolfsjaeger	2021-12-28 15:35:30	fwolfsjaeger	2021-12-28 17:58:49	2	1	1	False	True
44830	fwolfsjaeger	2021-12-28 15:35:30	fwolfsjaeger	2021-12-28 13:57:03	60	60	0	True	True
44829	xabbuh	2021-12-28 15:16:12	xabbuh	2021-12-28 15:14:13	22	21	1	True	True
44828	simon-watiau	2021-12-28 14:37:36	simon-watiau	2021-12-28 14:31:02	87	67	20	True	True
44827	xabbuh	2021-12-28 14:25:16	xabbuh	2021-12-28 14:24:07	1	1	0	True	True
44826	ogizanagi	2021-12-28 14:12:35	ogizanagi	2021-12-28 13:37:08	52	52	0	True	True
44825	fwolfsjaeger	2021-12-28 14:08:00	fwolfsjaeger	2021-12-28 13:49:47	4	2	2	True	True
44824	alamirault	2021-12-28 14:05:54	alamirault	2021-12-28 13:57:09	20	18	2	True	True
44822	alamirault	2021-12-28 12:41:03	alamirault	2021-12-28 12:34:07	16	15	1	True	True
44816	danut007ro	2021-12-28 09:36:09	danut007ro	2021-12-28 09:26:55	30	26	4	True	True
44814	javiereguiluz	2021-12-28 08:12:51	javiereguiluz	2021-12-28 08:05:24	10	5	5	True	True
44809	94noni	2021-12-27 18:09:00	94noni	2021-12-27 18:07:26	5	4	1	True	True
44808	helmis123	2021-12-27 15:22:11	helmis123	2021-12-27 15:20:20	2	1	1	True	True
44805	nicolas-grekas	2021-12-27 10:31:57	nicolas-grekas	2021-12-27 10:29:45	82	82	0	True	True
44803	shyim	2021-12-27 08:53:34	shyim	2021-12-27 08:52:39	2	1	1	True	True
44800	Stefan39	2021-12-26 20:55:00	Stefan39	2021-12-30 10:36:16	4	2	2	False	True
44800	Stefan39	2021-12-26 20:55:00	Stefan39	2021-12-30 10:32:15	4	2	2	False	True
44800	Stefan39	2021-12-26 20:55:00	Stefan39	2021-12-30 10:13:02	30	17	13	False	True
44800	Stefan39	2021-12-26 20:55:00	Stefan39	2021-12-26 20:46:43	26	13	13	True	True
44800	Stefan39	2021-12-26 20:55:00	Stefan39	2021-12-30 10:26:33	12	6	6	False	True
44799	nicolas-grekas	2021-12-26 19:06:00	nicolas-grekas	2021-12-26 19:04:24	18	17	1	True	True
44798	tgalopin	2021-12-26 16:14:02	tgalopin	2021-12-26 16:11:01	465	465	0	True	True
44798	tgalopin	2021-12-26 16:14:02	wouterj	2022-04-14 19:25:34	397	243	154	False	True
44790	lyrixx	2021-12-24 13:24:26	lyrixx	2021-12-24 13:22:20	56	51	5	True	True
44785	SHTIKOV	2021-12-24 07:34:03	SHTIKOV	2021-11-25 13:06:40	220	127	93	True	True
44782	barell	2021-12-23 23:44:45	nicolas-grekas	2021-11-24 08:16:29	140	120	20	True	True
44782	barell	2021-12-23 23:44:45	welcoMattic	2021-11-26 14:43:44	14	7	7	True	True
44782	barell	2021-12-23 23:44:45	fabpot	2021-11-29 18:04:57	11	6	5	True	True
44782	barell	2021-12-23 23:44:45	fabpot	2021-11-29 17:08:23	8	4	4	True	True
44782	barell	2021-12-23 23:44:45	fabpot	2021-11-29 17:04:22	18	16	2	True	True
44782	barell	2021-12-23 23:44:45	nicolas-grekas	2021-11-29 15:50:32	2	1	1	True	True
44782	barell	2021-12-23 23:44:45	nicolas-grekas	2021-11-23 19:05:29	336	286	50	True	True
44782	barell	2021-12-23 23:44:45	nicolas-grekas	2021-11-29 15:46:23	15	3	12	True	True
44782	barell	2021-12-23 23:44:45	nicolas-grekas	2021-11-29 15:34:21	364	0	364	True	True
44782	barell	2021-12-23 23:44:45	nicolas-grekas	2021-11-29 15:32:57	654	592	62	True	True
44782	barell	2021-12-23 23:44:45	nicolas-grekas	2021-11-28 15:34:37	172	93	79	True	True
44782	barell	2021-12-23 23:44:45	fabpot	2021-11-29 16:22:31	10	5	5	True	True
44782	barell	2021-12-23 23:44:45	nicolas-grekas	2021-11-29 16:01:23	4	2	2	True	True
44782	barell	2021-12-23 23:44:45	nicolas-grekas	2021-11-23 21:41:24	18	14	4	True	True
44782	barell	2021-12-23 23:44:45	fabpot	2021-11-24 09:00:49	4	2	2	True	True
44782	barell	2021-12-23 23:44:45	nicolas-grekas	2021-11-23 22:07:37	6	3	3	True	True
44782	barell	2021-12-23 23:44:45	nicolas-grekas	2021-11-23 22:04:50	40	20	20	True	True
44782	barell	2021-12-23 23:44:45	fabpot	2021-11-24 09:01:02	25	23	2	True	True
44782	barell	2021-12-23 23:44:45	nicolas-grekas	2021-11-24 13:26:39	12	6	6	True	True
44782	barell	2021-12-23 23:44:45	fabpot	2021-11-24 09:05:11	4	2	2	True	True
44782	barell	2021-12-23 23:44:45	welcoMattic	2021-11-26 08:35:44	19	7	12	True	True
44782	barell	2021-12-23 23:44:45	nicolas-grekas	2021-11-23 19:07:25	6	3	3	True	True
44782	barell	2021-12-23 23:44:45	fabpot	2021-11-29 17:04:08	4	2	2	True	True
44782	barell	2021-12-23 23:44:45	nicolas-grekas	2021-11-29 17:54:34	2	1	1	True	True
44782	barell	2021-12-23 23:44:45	fabpot	2021-11-29 17:04:03	14	14	0	True	True
44782	barell	2021-12-23 23:44:45	nicolas-grekas	2021-11-29 16:36:33	11	6	5	True	True
44782	barell	2021-12-23 23:44:45	babeuloula	2021-11-26 13:06:04	14	7	7	True	True
44782	barell	2021-12-23 23:44:45	babeuloula	2021-11-25 09:55:10	19	7	12	True	True
44782	barell	2021-12-23 23:44:45	fabpot	2021-11-24 09:00:45	21	21	0	True	True
44781	derrabus	2021-12-23 23:02:56	derrabus	2021-12-23 23:01:05	5	5	0	True	True
44780	maldoinc	2021-12-23 19:34:02	maldoinc	2021-12-23 19:17:34	56	56	0	True	True
44779	94noni	2021-12-23 16:50:44	94noni	2021-12-23 16:49:24	2	1	1	True	True
44778	wouterj	2021-12-23 15:46:50	wouterj	2021-12-23 15:43:44	50	44	6	True	True
44774	ruudk	2021-12-23 13:20:57	ruudk	2021-12-27 11:36:52	166	158	8	False	True
44771	veewee	2021-12-23 12:16:53	veewee	2021-12-23 12:11:30	4	2	2	True	True
44767	stof	2021-12-22 18:42:05	stof	2021-12-22 18:38:25	8	3	5	True	True
44765	stof	2021-12-22 13:34:17	stof	2021-12-22 13:28:19	1	0	1	True	True
44764	biozshock	2021-12-22 13:17:41	biozshock	2021-12-22 13:15:36	14	7	7	True	True
44759	vitman	2021-12-21 22:01:20	Vitali Tsyrkin	2021-12-27 18:37:25	12	11	1	False	True
44758	kbond	2021-12-21 20:24:45	kbond	2021-12-21 19:56:28	20	7	13	True	True
44752	maxhelias	2021-12-21 15:14:26	maxhelias	2021-12-21 15:03:21	58	57	1	True	True
44749	derrabus	2021-12-21 13:07:05	derrabus	2021-12-21 13:01:04	22	10	12	True	True
44748	94noni	2021-12-21 11:31:31	94noni	2021-12-21 11:23:30	16	12	4	True	True
44746	nicolas-grekas	2021-12-21 11:00:48	boesing	2021-07-11 10:26:00	13	13	0	True	True
44745	derrabus	2021-12-21 10:46:02	derrabus	2021-12-21 10:43:13	10	10	0	True	True
44743	nicolas-grekas	2021-12-21 09:54:22	nicolas-grekas	2021-12-21 09:51:04	10	8	2	True	True
44742	nicolas-grekas	2021-12-21 09:25:11	nicolas-grekas	2021-12-21 09:23:09	14	14	0	True	True
44737	colinodell	2021-12-20 21:36:04	colinodell	2021-12-20 21:33:40	38	37	1	True	True
44732	ThomasLandauer	2021-12-20 16:46:02	ThomasLandauer	2021-12-20 16:37:07	18	16	2	True	True
44731	kubawerlos	2021-12-20 16:28:05	kubawerlos	2021-12-20 16:21:45	2	2	0	True	True
44728	nicolas-grekas	2021-12-20 14:34:01	nicolas-grekas	2021-12-20 14:24:03	32	31	1	True	True
44727	biozshock	2021-12-20 14:14:32	biozshock	2021-12-20 14:12:35	2	1	1	True	True
44723	simon-watiau	2021-12-20 11:04:55	simon-watiau	2021-12-27 09:23:03	88	68	20	False	True
44722	fancyweb	2021-12-20 09:33:13	fancyweb	2021-12-20 09:31:34	2	1	1	True	True
44721	fancyweb	2021-12-20 09:21:24	fancyweb	2021-12-20 09:15:21	40	37	3	True	True
44720	juanwilde	2021-12-20 08:20:11	juanwilde	2021-12-20 08:13:14	12	10	2	True	True
44719	nicolas-grekas	2021-12-19 20:02:47	nicolas-grekas	2021-12-19 20:02:00	5	3	2	True	True
44714	94noni	2021-12-19 17:53:06	94noni	2021-12-19 17:49:10	72	39	33	True	True
44710	nicolas-grekas	2021-12-19 14:57:28	nicolas-grekas	2021-12-19 14:53:17	22	22	0	True	True
44706	ro0NL	2021-12-19 09:09:47	ro0NL	2021-12-19 09:08:48	24	23	1	True	True
44702	fractalzombie	2021-12-18 14:41:11	fractalzombie	2021-12-18 14:38:11	39	38	1	True	True
44698	ro0NL	2021-12-18 10:21:52	ro0NL	2021-12-18 10:15:31	6	3	3	True	True
44698	ro0NL	2021-12-18 10:21:52	ro0NL	2021-12-18 10:31:02	2	1	1	False	True
44698	ro0NL	2021-12-18 10:21:52	ro0NL	2021-12-21 10:32:30	2	2	0	False	True
44695	fancyweb	2021-12-17 17:29:36	fancyweb	2021-12-17 17:14:27	45	45	0	True	True
44692	kbond	2021-12-17 15:44:41	kbond	2021-12-17 15:05:30	318	318	0	True	True
44688	norkunas	2021-12-17 11:26:25	norkunas	2021-12-17 11:09:02	848	848	0	True	True
44681	tgalopin	2021-12-16 22:35:30	tgalopin	2021-12-15 17:10:28	4340	4340	0	True	True
44674	derrabus	2021-12-16 18:14:52	derrabus	2021-12-16 18:12:56	2	1	1	True	True
44673	kbond	2021-12-16 18:11:05	kbond	2021-12-16 18:08:33	14	10	4	True	True
44672	sylfabre	2021-12-16 18:05:29	sylfabre	2021-12-16 17:33:26	16	15	1	True	True
44670	TristanPouliquen	2021-12-16 16:57:08	TristanPouliquen	2021-12-16 16:53:21	106	98	8	True	True
44667	nicolas-grekas	2021-12-16 16:21:06	nicolas-grekas	2021-12-16 16:13:28	48	11	37	True	True
44665	fancyweb	2021-12-16 11:44:34	fancyweb	2021-11-22 08:19:43	352	352	0	True	True
44659	nicolas-grekas	2021-12-16 10:22:36	nicolas-grekas	2021-12-16 22:13:01	100	11	89	False	True
44659	nicolas-grekas	2021-12-16 10:22:36	nicolas-grekas	2021-12-16 22:05:41	292	182	110	False	True
44659	nicolas-grekas	2021-12-16 10:22:36	nicolas-grekas	2021-12-16 22:01:02	27	20	7	False	True
44659	nicolas-grekas	2021-12-16 10:22:36	nicolas-grekas	2021-12-16 21:59:04	48	11	37	False	True
44659	nicolas-grekas	2021-12-16 10:22:36	nicolas-grekas	2021-12-16 21:58:21	97	6	91	False	True
44659	nicolas-grekas	2021-12-16 10:22:36	nicolas-grekas	2021-12-16 21:52:00	217	150	67	False	True
44659	nicolas-grekas	2021-12-16 10:22:36	nicolas-grekas	2021-12-16 21:49:51	21	18	3	False	True
44659	nicolas-grekas	2021-12-16 10:22:36	nicolas-grekas	2021-12-16 21:47:07	56	25	31	False	True
44659	nicolas-grekas	2021-12-16 10:22:36	nicolas-grekas	2021-12-16 21:33:15	92	82	10	False	True
44659	nicolas-grekas	2021-12-16 10:22:36	nicolas-grekas	2021-12-16 21:37:57	172	122	50	False	True
44659	nicolas-grekas	2021-12-16 10:22:36	nicolas-grekas	2021-12-16 21:24:59	58	30	28	False	True
44659	nicolas-grekas	2021-12-16 10:22:36	nicolas-grekas	2021-12-16 21:17:20	58	30	28	False	True
44659	nicolas-grekas	2021-12-16 10:22:36	nicolas-grekas	2021-12-16 20:34:43	2	1	1	False	True
44659	nicolas-grekas	2021-12-16 10:22:36	nicolas-grekas	2021-12-16 21:29:49	36	14	22	False	True
44659	nicolas-grekas	2021-12-16 10:22:36	nicolas-grekas	2021-12-15 17:16:59	27	20	7	True	True
44659	nicolas-grekas	2021-12-16 10:22:36	nicolas-grekas	2021-12-16 22:14:15	395	193	202	False	True
44659	nicolas-grekas	2021-12-16 10:22:36	nicolas-grekas	2021-12-15 14:16:35	6	6	0	True	True
44659	nicolas-grekas	2021-12-16 10:22:36	sbelyshkin	2021-12-12 11:50:26	92	82	10	True	True
44659	nicolas-grekas	2021-12-16 10:22:36	nicolas-grekas	2021-12-16 16:21:22	36	14	22	False	True
44659	nicolas-grekas	2021-12-16 10:22:36	nicolas-grekas	2021-12-16 17:39:42	21	18	3	False	True
44659	nicolas-grekas	2021-12-16 10:22:36	nicolas-grekas	2021-12-16 20:48:28	5	0	5	False	True
44659	nicolas-grekas	2021-12-16 10:22:36	nicolas-grekas	2021-12-16 16:13:28	48	11	37	False	True
44659	nicolas-grekas	2021-12-16 10:22:36	derrabus	2021-12-16 18:12:56	2	1	1	False	True
44658	zmitic	2021-12-16 10:08:27	zmitic	2021-12-16 09:59:18	50	50	0	True	True
44657	alexander-schranz	2021-12-15 23:28:12	alexander-schranz	2021-12-16 01:19:41	5	3	2	False	True
44650	boenner	2021-12-15 17:25:24	boenner	2021-11-30 23:08:04	32	31	1	True	True
44649	nicolas-grekas	2021-12-15 17:20:38	nicolas-grekas	2021-12-15 17:16:59	27	20	7	True	True
44648	fancyweb	2021-12-15 16:26:18	fancyweb	2021-12-15 11:22:22	21	7	14	True	True
44643	nicolas-grekas	2021-12-15 13:34:42	nicolas-grekas	2021-12-15 13:33:45	20	13	7	True	True
44639	ruudk	2021-12-15 11:52:49	ruudk	2021-12-15 12:10:27	5	4	1	False	True
44638	derrabus	2021-12-15 11:33:33	derrabus	2021-12-15 11:30:13	4	0	4	True	True
44637	rmikalkenas	2021-12-15 10:38:37	rmikalkenas	2021-12-15 10:34:35	63	56	7	True	True
44634	alexander-schranz	2021-12-15 04:10:55	alexander-schranz	2021-12-15 04:10:10	197	192	5	True	True
44631	derrabus	2021-12-14 18:35:44	derrabus	2021-12-14 18:34:16	12	12	0	True	True
44626	fancyweb	2021-12-14 17:11:53	fancyweb	2021-12-14 17:05:25	7	3	4	True	True
44625	nicolas-grekas	2021-12-14 17:11:40	nicolas-grekas	2021-12-14 14:43:09	142	79	63	True	True
44624	nicolas-grekas	2021-12-14 16:36:01	nicolas-grekas	2021-12-14 16:35:14	2	1	1	True	True
44623	nicolas-grekas	2021-12-14 16:20:02	nicolas-grekas	2021-12-14 16:18:11	24	10	14	True	True
44622	fractalzombie	2021-12-14 15:58:52	fractalzombie	2021-12-14 15:55:52	43	42	1	True	True
44618	shyim	2021-12-14 14:43:26	shyim	2021-12-14 14:39:19	20	19	1	True	True
44615	fancyweb	2021-12-14 13:21:00	fancyweb	2021-12-14 13:12:10	16	13	3	True	True
44602	fancyweb	2021-12-13 17:10:36	fancyweb	2021-12-13 17:08:39	8	3	5	True	True
44600	fancyweb	2021-12-13 16:52:48	fancyweb	2021-12-13 16:33:28	45	37	8	True	True
44598	kgonella	2021-12-13 15:48:13	kgonella	2021-12-13 15:22:21	2	1	1	True	True
44597	derrabus	2021-12-13 15:46:23	derrabus	2021-12-13 15:44:47	478	139	339	True	True
44589	nikophil	2021-12-13 10:34:37	nikophil	2021-12-13 09:08:04	58	55	3	True	True
44586	Nek-	2021-12-13 08:13:26	Nek-	2021-12-13 08:11:41	2	1	1	True	True
44583	fractalzombie	2021-12-12 22:08:58	fractalzombie	2021-12-12 22:06:13	7	7	0	True	True
44581	alexandre-daubois	2021-12-12 20:29:30	alexandre-daubois	2021-12-12 20:26:37	10	5	5	True	True
44581	alexandre-daubois	2021-12-12 20:29:30	alexander-schranz	2021-12-10 13:54:45	2	1	1	True	True
44578	ostrolucky	2021-12-12 13:04:38	ostrolucky	2021-12-12 12:23:14	43	42	1	True	True
44577	sbelyshkin	2021-12-12 12:53:15	sbelyshkin	2021-12-12 11:50:26	92	82	10	True	True
44576	goodjinny	2021-12-11 22:45:13	goodjinny	2021-12-11 21:05:40	12	10	2	True	True
44576	goodjinny	2021-12-11 22:45:13	goodjinny	2021-12-12 14:10:46	8	2	6	False	True
44575	GromNaN	2021-12-11 22:34:51	GromNaN	2021-12-11 22:24:50	9	7	2	True	True
44570	garak	2021-12-11 15:38:54	garak	2021-12-11 15:37:28	20	11	9	True	True
44569	fancyweb	2021-12-11 15:09:34	fancyweb	2021-12-11 15:08:48	1	1	0	True	True
44568	fancyweb	2021-12-11 14:24:09	fancyweb	2021-12-11 14:20:25	52	49	3	True	True
44567	fabpot	2021-12-11 14:04:46	fabpot	2021-12-11 14:02:40	13	6	7	True	True
44565	wouterj	2021-12-11 11:12:43	wouterj	2021-12-11 10:46:42	25	23	2	True	True
44561	Nek-	2021-12-10 18:27:57	Nek-	2021-12-10 18:25:35	2	1	1	True	True
44554	alexander-schranz	2021-12-10 13:56:18	alexander-schranz	2021-12-10 13:54:45	2	1	1	True	True
44548	Seldaek	2021-12-10 09:34:04	Seldaek	2021-12-10 09:32:14	2	1	1	True	True
44543	chapterjason	2021-12-09 19:07:55	chapterjason	2021-12-09 19:06:08	50	25	25	True	True
44539	GromNaN	2021-12-09 16:37:10	GromNaN	2021-12-09 16:35:52	2	1	1	True	True
44538	rbaarsma	2021-12-09 16:25:13	rbaarsma	2021-12-09 16:18:10	6	1	5	True	True
44537	alexandre-daubois	2021-12-09 16:19:58	alexandre-daubois	2021-12-09 16:15:29	17	12	5	True	True
44533	divinity76	2021-12-09 14:24:14	divinity76	2021-12-09 13:42:01	6	5	1	True	True
44532	qkdreyer	2021-12-09 14:03:03	qkdreyer	2021-12-09 13:59:16	11	8	3	True	True
44526	GaryPEGEOT	2021-12-09 13:26:52	GaryPEGEOT	2021-12-09 13:23:48	6	3	3	True	True
44523	Seldaek	2021-12-09 11:22:50	Seldaek	2021-12-09 11:22:43	2	1	1	True	True
44522	GaryPEGEOT	2021-12-09 10:59:47	GaryPEGEOT	2021-12-09 13:09:32	46	40	6	False	True
44518	simonchrz	2021-12-09 08:40:09	simonchrz	2021-12-09 08:36:20	130	122	8	True	True
44514	Philipp91	2021-12-08 20:31:14	Philipp91	2021-12-08 20:29:42	2	1	1	True	True
44512	mostafazs	2021-12-08 20:05:11	mostafazs	2021-12-08 19:36:48	10	5	5	True	True
44512	mostafazs	2021-12-08 20:05:11	mostafazs	2021-12-08 19:56:33	10	5	5	True	True
44512	mostafazs	2021-12-08 20:05:11	mostafazs	2021-12-12 14:07:25	2	1	1	False	True
44512	mostafazs	2021-12-08 20:05:11	mostafazs	2021-12-09 14:27:48	254	54	200	False	True
44511	fancyweb	2021-12-08 17:43:53	fancyweb	2021-12-08 17:38:27	41	35	6	True	True
44510	goodjinny	2021-12-08 17:43:44	goodjinny	2021-12-08 10:07:06	4	2	2	True	True
44509	fancyweb	2021-12-08 17:26:45	fancyweb	2021-12-08 17:23:29	15	14	1	True	True
44506	fancyweb	2021-12-08 13:20:34	fancyweb	2021-12-08 13:13:04	388	194	194	True	True
44503	dreadnip	2021-12-08 10:45:17	dreadnip	2021-12-08 10:14:59	9	5	4	True	True
44502	xabbuh	2021-12-08 10:43:14	xabbuh	2021-12-08 10:40:53	13	9	4	True	True
44499	alexislefebvre	2021-12-07 21:23:05	alexislefebvre	2021-12-06 20:02:18	16	8	8	True	True
44497	kbond	2021-12-07 17:30:31	kbond	2021-12-07 17:27:38	10	10	0	True	True
44496	fancyweb	2021-12-07 16:36:19	fancyweb	2021-12-07 16:35:17	5	2	3	True	True
44490	GaryPEGEOT	2021-12-07 12:42:29	GaryPEGEOT	2021-12-07 12:41:14	3	3	0	True	True
44489	fancyweb	2021-12-07 11:17:33	fancyweb	2021-12-07 11:16:45	188	0	188	True	True
44488	fancyweb	2021-12-07 11:15:06	fancyweb	2021-12-07 11:11:51	1	0	1	True	True
44483	chr-hertel	2021-12-06 20:12:05	chr-hertel	2021-12-06 20:02:40	51	48	3	True	True
44482	alexislefebvre	2021-12-06 20:05:53	alexislefebvre	2021-12-06 20:10:46	4	2	2	False	True
44482	alexislefebvre	2021-12-06 20:05:53	alexislefebvre	2021-12-06 20:13:51	2	1	1	False	True
44482	alexislefebvre	2021-12-06 20:05:53	alexislefebvre	2021-12-06 20:02:18	12	6	6	True	True
44481	wouterj	2021-12-06 19:29:10	wouterj	2021-12-06 19:27:27	2	1	1	True	True
44476	alexislefebvre	2021-12-06 16:35:31	alexislefebvre	2021-12-06 16:33:22	2	1	1	True	True
44475	GromNaN	2021-12-06 16:30:10	GromNaN	2021-12-06 16:23:18	6	6	0	True	True
44474	olegmifle	2021-12-06 16:16:44	olegmifle	2021-12-06 13:47:59	68	46	22	True	True
44473	rodnaph	2021-12-06 15:46:23	rodnaph	2021-12-06 15:17:42	4	4	0	True	True
44467	derrabus	2021-12-05 15:45:30	derrabus	2021-12-05 15:41:54	8	4	4	True	True
44466	localheinz	2021-12-05 15:04:02	localheinz	2021-12-05 15:02:40	2	1	1	True	True
44460	chalasr	2021-12-04 17:12:18	chalasr	2021-12-04 17:10:39	4	2	2	True	True
44456	aderiyenko	2021-12-03 21:31:09	Alexey Deriyenko	2021-12-05 15:35:26	160	148	12	False	True
44456	aderiyenko	2021-12-03 21:31:09	Alexey Deriyenko	2021-12-10 21:23:03	2	1	1	False	True
44452	GromNaN	2021-12-03 16:15:27	GromNaN	2021-12-03 16:14:10	6	0	6	True	True
44451	EmilMassey	2021-12-03 16:05:11	EmilMassey	2021-12-03 15:29:16	198	196	2	True	True
44449	Koc	2021-12-03 15:01:46	Koc	2021-12-03 14:57:27	43	6	37	True	True
44448	sidz	2021-12-03 14:55:29	sidz	2021-12-03 14:43:16	20	19	1	True	True
44446	ampaze	2021-12-03 14:12:15	ampaze	2021-12-03 13:37:25	279	177	102	True	True
44440	fancyweb	2021-12-03 11:33:56	fancyweb	2021-12-03 11:31:53	1	0	1	True	True
44438	fancyweb	2021-12-03 11:28:05	fancyweb	2021-12-03 11:25:20	72	61	11	True	True
44437	simonchrz	2021-12-03 10:21:53	simonchrz	2021-12-03 10:20:33	3	2	1	True	True
44430	Korbeil	2021-12-02 20:44:36	Korbeil	2021-12-02 13:52:46	38	35	3	True	True
44428	fancyweb	2021-12-02 18:00:06	fancyweb	2021-12-02 17:54:40	11	10	1	True	True
44427	wouterj	2021-12-02 17:39:01	wouterj	2021-12-02 17:38:19	17	15	2	True	True
44424	derrabus	2021-12-02 16:06:09	derrabus	2021-12-02 16:04:53	2	1	1	True	True
44422	stof	2021-12-02 15:08:30	stof	2021-12-02 14:49:54	29	8	21	True	True
44421	fabpot	2021-12-02 13:56:03	fabpot	2021-12-02 13:54:19	2	1	1	True	True
44420	fabpot	2021-12-02 13:33:31	fabpot	2021-12-02 13:32:36	34	0	34	True	True
44418	fancyweb	2021-12-02 13:20:39	fancyweb	2021-12-02 13:13:47	156	149	7	True	True
44416	Kocal	2021-12-02 12:38:27	Kocal	2021-12-02 12:32:05	54	22	32	True	True
44413	gjuric	2021-12-02 09:44:05	gjuric	2021-12-02 09:40:44	32	32	0	True	True
44409	fabpot	2021-12-02 08:30:32	fabpot	2021-12-02 08:27:42	14	10	4	True	True
44405	renanbr	2021-12-01 21:38:58	renanbr	2021-12-01 17:31:03	394	394	0	True	True
44402	derrabus	2021-12-01 17:14:07	derrabus	2021-12-01 17:13:00	11	9	2	True	True
44399	Ocramius	2021-12-01 16:26:39	Ocramius	2021-12-01 16:25:24	95	94	1	True	True
44398	PierreRebeilleau	2021-12-01 16:23:22	PierreRebeilleau	2021-12-01 16:18:41	361	175	186	True	True
44395	nicolas-grekas	2021-12-01 14:22:35	nicolas-grekas	2021-12-01 14:17:12	4	4	0	True	True
44386	maxhelias	2021-12-01 09:15:48	maxhelias	2021-12-01 09:14:13	1	0	1	True	True
44383	martinssipenko	2021-12-01 07:44:18	martinssipenko	2021-12-01 07:41:09	163	161	2	True	True
44380	jderusse	2021-12-01 00:57:08	jderusse	2021-12-01 00:47:20	142	135	7	True	True
