pr_number	author_user_login	pr_created_at	commit_user_login	commit_created_at	commit_status_total	commit_status_additions	commit_status_deletions	create_before_pr	is_review_commit
34204	javiereguiluz	2019-10-31 16:27:42	javiereguiluz	2019-10-31 16:25:14	4	3	1	True	True
34203	deveric86	2019-10-31 15:37:14	erics86	2019-10-31 15:27:14	10	5	5	True	True
34199	nicolas-grekas	2019-10-31 09:25:30	nicolas-grekas	2019-10-31 09:21:58	112	80	32	True	True
34197	yceruto	2019-10-31 02:51:00	yceruto	2019-10-31 02:35:27	45	31	14	True	True
34192	X-Coder264	2019-10-30 19:38:58	X-Coder264	2019-10-30 19:24:37	2	1	1	True	True
34192	X-Coder264	2019-10-30 19:38:58	HypeMC	2019-11-02 23:56:53	80	80	0	False	True
34190	nicolas-grekas	2019-10-30 14:44:42	nicolas-grekas	2019-10-30 14:24:18	253	169	84	True	True
34188	MaPePeR	2019-10-30 13:31:55	MaPePeR	2019-10-30 13:17:21	1	1	0	True	True
34185	Tobion	2019-10-30 11:20:41	Tobion	2019-10-29 14:55:01	934	332	602	True	True
34181	TimoBakx	2019-10-29 20:24:25	TimoBakx	2019-10-29 20:16:34	27	21	6	True	True
34180	chalasr	2019-10-29 20:23:27	chalasr	2019-10-29 20:21:43	39	1	38	True	True
34179	TimoBakx	2019-10-29 19:37:21	TimoBakx	2019-10-29 19:29:12	31	30	1	True	True
34177	nicolas-grekas	2019-10-29 18:40:53	nicolas-grekas	2019-10-29 18:32:01	190	155	35	True	True
34176	fancyweb	2019-10-29 18:35:55	fancyweb	2019-10-29 18:32:45	74	21	53	True	True
34175	fancyweb	2019-10-29 16:40:33	fancyweb	2019-10-29 16:33:59	4	3	1	True	True
34174	lyrixx	2019-10-29 14:56:44	lyrixx	2019-10-29 14:56:06	1	1	0	True	True
34172	lyrixx	2019-10-29 14:21:07	lyrixx	2019-10-29 14:19:02	6	1	5	True	True
34170	dunglas	2019-10-29 14:10:54	dunglas	2019-10-29 14:09:41	8	1	7	True	True
34167	dunglas	2019-10-29 13:46:58	dunglas	2019-10-29 13:42:59	9	3	6	True	True
34166	lyrixx	2019-10-29 13:41:42	lyrixx	2019-10-29 13:41:12	1	1	0	True	True
34165	happyproff	2019-10-29 13:27:19	happyproff	2019-10-29 12:35:48	13	12	1	True	True
34160	glodzienski	2019-10-29 00:45:57	glodzienski	2019-10-29 00:40:18	12	12	0	True	True
34158	dunglas	2019-10-28 22:17:54	dunglas	2019-10-28 22:11:17	28	14	14	True	True
34156	weaverryan	2019-10-28 17:12:31	weaverryan	2019-10-28 17:06:19	209	96	113	True	True
34155	weaverryan	2019-10-28 16:08:21	weaverryan	2019-10-28 15:58:08	60	41	19	True	True
34155	weaverryan	2019-10-28 16:08:21	weaverryan	2019-10-28 15:14:08	290	202	88	True	True
34153	garak	2019-10-28 15:41:20	garak	2019-10-28 15:39:28	4	4	0	True	True
34152	lyrixx	2019-10-28 14:51:17	lyrixx	2019-10-28 14:43:17	12	10	2	True	True
34151	dunglas	2019-10-28 13:20:51	dunglas	2019-10-28 13:12:30	36	26	10	True	True
34145	nicolas-grekas	2019-10-27 16:22:24	nicolas-grekas	2019-10-27 16:21:30	8	7	1	True	True
34144	fancyweb	2019-10-27 16:11:09	fancyweb	2019-10-27 16:07:41	22	20	2	True	True
34140	nicolas-grekas	2019-10-27 11:36:48	nicolas-grekas	2019-10-27 11:35:02	33	19	14	True	True
34139	chalasr	2019-10-27 10:20:56	chalasr	2019-10-27 10:19:19	207	204	3	True	True
34138	nicolas-grekas	2019-10-27 09:44:11	nicolas-grekas	2019-10-27 09:41:22	20	19	1	True	True
34135	Tamarpe	2019-10-26 20:00:55	Tamarpe	2019-10-26 19:55:55	108	86	22	True	True
34134	Tobion	2019-10-26 18:11:35	Tobion	2019-10-26 18:08:06	81	74	7	True	True
34131	nicolas-grekas	2019-10-26 13:06:06	nicolas-grekas	2019-10-26 12:59:20	101	54	47	True	True
34130	fancyweb	2019-10-26 11:28:36	fancyweb	2019-10-26 11:22:27	77	68	9	True	True
34129	fancyweb	2019-10-26 10:32:57	fancyweb	2019-10-26 10:21:13	70	64	6	True	True
34128	fabpot	2019-10-26 09:50:37	fabpot	2019-10-26 09:46:59	12	6	6	True	True
34128	fabpot	2019-10-26 09:50:37	fabpot	2019-10-26 09:48:48	4	2	2	True	True
34128	fabpot	2019-10-26 09:50:37	fabpot	2019-10-26 10:09:30	20	10	10	False	True
34128	fabpot	2019-10-26 09:50:37	fabpot	2019-10-26 09:59:27	117	70	47	False	True
34128	fabpot	2019-10-26 09:50:37	fabpot	2019-10-26 10:44:10	8	4	4	False	True
34128	fabpot	2019-10-26 09:50:37	fabpot	2019-10-26 10:54:54	136	68	68	False	True
34128	fabpot	2019-10-26 09:50:37	fabpot	2019-10-26 09:46:15	4	2	2	True	True
34127	xabbuh	2019-10-26 08:27:54	xabbuh	2019-10-26 08:25:32	26	13	13	True	True
34126	nicolas-grekas	2019-10-26 08:25:20	nicolas-grekas	2019-10-26 08:24:21	4	2	2	True	True
34124	yceruto	2019-10-26 00:53:14	yceruto	2019-10-26 00:47:58	2	1	1	True	True
34123	yceruto	2019-10-25 23:10:34	yceruto	2019-10-25 23:00:46	96	83	13	True	True
34119	libertjeremy	2019-10-25 15:04:20	nicolas-grekas	2019-11-12 13:56:01	34	30	4	False	True
34119	libertjeremy	2019-10-25 15:04:20	nicolas-grekas	2019-11-12 13:55:43	34	30	4	False	True
34119	libertjeremy	2019-10-25 15:04:20	yceruto	2019-11-12 13:42:17	34	30	4	False	True
34119	libertjeremy	2019-10-25 15:04:20	nicolas-grekas	2019-11-12 13:57:12	12	7	5	False	True
34119	libertjeremy	2019-10-25 15:04:20	nicolas-grekas	2019-11-12 10:39:52	20	7	13	False	True
34119	libertjeremy	2019-10-25 15:04:20	nicolas-grekas	2019-11-12 11:20:44	45	28	17	False	True
34119	libertjeremy	2019-10-25 15:04:20	nicolas-grekas	2019-11-12 11:21:15	2	1	1	False	True
34119	libertjeremy	2019-10-25 15:04:20	nicolas-grekas	2019-11-12 11:17:17	4	4	0	False	True
34119	libertjeremy	2019-10-25 15:04:20	nicolas-grekas	2019-11-12 11:00:56	3	1	2	False	True
34119	libertjeremy	2019-10-25 15:04:20	nicolas-grekas	2019-11-12 11:16:57	46	30	16	False	True
34119	libertjeremy	2019-10-25 15:04:20	nicolas-grekas	2019-11-12 11:25:25	20	7	13	False	True
34119	libertjeremy	2019-10-25 15:04:20	nicolas-grekas	2019-11-12 11:21:24	2	1	1	False	True
34119	libertjeremy	2019-10-25 15:04:20	fancyweb	2019-11-12 11:06:16	4	4	0	False	True
34119	libertjeremy	2019-10-25 15:04:20	fancyweb	2019-11-12 09:16:20	12	4	8	False	True
34119	libertjeremy	2019-10-25 15:04:20	nicolas-grekas	2019-11-12 10:49:01	2	1	1	False	True
34119	libertjeremy	2019-10-25 15:04:20	fabpot	2019-11-11 16:28:28	6	2	4	False	True
34119	libertjeremy	2019-10-25 15:04:20	nicolas-grekas	2019-11-12 08:57:06	64	48	16	False	True
34119	libertjeremy	2019-10-25 15:04:20	fabpot	2019-11-11 16:28:16	2	0	2	False	True
34119	libertjeremy	2019-10-25 15:04:20	yceruto	2019-11-10 18:52:50	303	174	129	False	True
34119	libertjeremy	2019-10-25 15:04:20	nicolas-grekas	2019-11-11 13:11:43	2	1	1	False	True
34119	libertjeremy	2019-10-25 15:04:20	nicolas-grekas	2019-11-11 13:09:50	4	2	2	False	True
34119	libertjeremy	2019-10-25 15:04:20	nicolas-grekas	2019-11-12 10:18:18	33	10	23	False	True
34119	libertjeremy	2019-10-25 15:04:20	nicolas-grekas	2019-11-12 11:50:59	4	2	2	False	True
34119	libertjeremy	2019-10-25 15:04:20	nicolas-grekas	2019-11-12 08:57:14	64	48	16	False	True
34119	libertjeremy	2019-10-25 15:04:20	nicolas-grekas	2019-11-12 09:29:05	12	4	8	False	True
34119	libertjeremy	2019-10-25 15:04:20	nicolas-grekas	2019-11-12 09:37:56	32	9	23	False	True
34119	libertjeremy	2019-10-25 15:04:20	nicolas-grekas	2019-11-12 10:07:39	14	6	8	False	True
34116	nicolas-grekas	2019-10-25 13:19:30	nicolas-grekas	2019-10-25 06:37:36	41	39	2	True	True
34114	leevigraham	2019-10-25 10:24:30	leevigraham	2019-10-25 10:23:51	2	1	1	True	True
34112	chalasr	2019-10-25 04:09:50	chalasr	2019-10-25 03:36:17	4	2	2	True	True
34110	Tobion	2019-10-24 21:53:35	Tobion	2019-10-24 21:51:16	18	2	16	True	True
34107	Tobion	2019-10-24 15:22:08	Tobion	2019-10-24 15:19:11	98	91	7	True	True
34105	fancyweb	2019-10-24 12:52:17	fancyweb	2019-10-24 12:44:17	251	118	133	True	True
34104	fabpot	2019-10-24 12:04:08	fabpot	2019-10-24 12:02:09	5	5	0	True	True
34103	fabpot	2019-10-24 11:53:07	fabpot	2019-10-24 11:51:28	2	1	1	True	True
34100	fancyweb	2019-10-24 10:10:39	fancyweb	2019-10-24 09:57:16	8	0	8	True	True
34097	alexpott	2019-10-24 09:19:47	alexpott	2019-10-24 09:11:33	6	4	2	True	True
34091	mary2501	2019-10-23 21:19:24	mary2501	2019-10-23 21:18:21	6	5	1	True	True
34090	antograssiot	2019-10-23 17:58:08	antograssiot	2019-10-23 17:52:52	8	6	2	True	True
34083	vilius-g	2019-10-23 12:30:01	vilius-g	2019-10-23 12:11:19	44	43	1	True	True
34082	Tobion	2019-10-23 11:42:56	Tobion	2019-10-23 11:26:24	69	8	61	True	True
34081	nicolas-grekas	2019-10-23 10:53:10	nicolas-grekas	2019-10-23 10:49:33	46	35	11	True	True
34080	shieldo	2019-10-23 10:39:20	shieldo	2019-10-23 09:40:35	6	3	3	True	True
34076	yceruto	2019-10-23 04:27:29	yceruto	2019-10-23 03:57:47	3	1	2	True	True
34074	wouterj	2019-10-22 21:57:29	wouterj	2019-10-22 21:52:44	13	4	9	True	True
34072	nicolas-grekas	2019-10-22 16:58:33	nicolas-grekas	2019-10-22 16:51:37	14	10	4	True	True
34070	nicolas-grekas	2019-10-22 15:10:51	nicolas-grekas	2019-10-22 15:09:08	2	1	1	True	True
34069	weaverryan	2019-10-22 14:44:22	weaverryan	2019-10-22 14:39:54	290	88	202	True	True
34067	rimas-kudelis	2019-10-22 13:32:40	rimas-kudelis	2019-10-22 13:29:52	2	1	1	True	True
34066	weaverryan	2019-10-22 13:26:39	weaverryan	2019-10-22 13:22:16	90	82	8	True	True
34059	sbogx	2019-10-22 09:06:14	sbogx	2019-10-22 08:54:04	26	9	17	True	True
34058	NamelessCoder	2019-10-22 08:35:05	NamelessCoder	2019-10-21 18:04:17	78	44	34	True	True
34057	jderusse	2019-10-22 06:46:45	jderusse	2019-10-22 06:38:34	88	83	5	True	True
34055	fabpot	2019-10-22 06:17:34	fabpot	2019-10-22 06:15:10	2	1	1	True	True
34052	nicolas-grekas	2019-10-21 16:10:21	nicolas-grekas	2019-10-21 16:09:12	35	30	5	True	True
34051	nicolas-grekas	2019-10-21 15:58:02	nicolas-grekas	2019-10-21 15:37:25	199	126	73	True	True
34048	alex-bacart	2019-10-21 12:26:04	alex-bacart	2019-10-21 14:41:38	26	18	8	False	True
34044	Toflar	2019-10-21 08:52:39	Toflar	2019-10-21 08:45:40	36	27	9	True	True
34043	jderusse	2019-10-21 08:29:36	jderusse	2019-10-21 06:58:12	136	94	42	True	True
34041	nicolas-grekas	2019-10-20 10:04:37	nicolas-grekas	2019-10-20 09:47:57	2	1	1	True	True
34037	jejem	2019-10-18 19:33:10	jejem	2019-10-21 10:54:34	2	1	1	False	True
34037	jejem	2019-10-18 19:33:10	jejem	2019-10-18 19:40:08	6	3	3	False	True
34037	jejem	2019-10-18 19:33:10	jejem	2019-10-20 19:59:11	10	5	5	False	True
34037	jejem	2019-10-18 19:33:10	jejem	2019-10-18 19:11:05	45	44	1	True	True
34037	jejem	2019-10-18 19:33:10	jejem	2019-10-21 10:37:44	8	4	4	False	True
34037	jejem	2019-10-18 19:33:10	jejem	2019-10-21 11:05:05	4	2	2	False	True
34037	jejem	2019-10-18 19:33:10	jejem	2019-10-21 10:35:26	35	35	0	False	True
34036	alexander-schranz	2019-10-18 19:17:29	alexander-schranz	2019-10-18 19:16:41	2	1	1	True	True
34035	antograssiot	2019-10-18 17:09:34	antograssiot	2019-10-17 18:41:04	124	109	15	True	True
34034	ogizanagi	2019-10-18 16:17:39	ogizanagi	2019-10-18 16:13:40	10	8	2	True	True
34032	jvahldick	2019-10-18 15:35:17	jvahldick	2019-10-18 14:20:21	45	41	4	True	True
34029	ogizanagi	2019-10-18 14:58:11	ogizanagi	2019-10-18 14:50:31	11	2	9	True	True
34028	tigr1991	2019-10-18 14:01:33	tigr1991	2019-10-18 13:56:45	6	4	2	True	True
34025	smithandre	2019-10-18 11:25:45	smithandre	2019-10-16 15:09:05	61	30	31	True	True
34025	smithandre	2019-10-18 11:25:45	smithandre	2019-10-17 14:44:54	22	22	0	True	True
34025	smithandre	2019-10-18 11:25:45	smithandre	2019-10-17 08:54:37	14	14	0	True	True
34025	smithandre	2019-10-18 11:25:45	smithandre	2019-10-17 15:41:22	37	37	0	True	True
34025	smithandre	2019-10-18 11:25:45	smithandre	2019-10-16 15:05:37	33	33	0	True	True
34025	smithandre	2019-10-18 11:25:45	smithandre	2019-10-17 14:56:59	29	29	0	True	True
34025	smithandre	2019-10-18 11:25:45	smithandre	2019-10-17 14:50:39	21	21	0	True	True
34024	gseidel	2019-10-18 11:17:55	gseidel	2019-10-18 11:11:49	11	8	3	True	True
34023	nicolas-grekas	2019-10-18 10:02:51	nicolas-grekas	2019-10-18 10:00:34	25	10	15	True	True
34022	Jeroeny	2019-10-18 09:51:39	Jeroeny	2019-10-18 09:44:28	313	313	0	True	True
34021	xabbuh	2019-10-18 08:34:57	xabbuh	2019-10-18 08:33:13	1	0	1	True	True
34020	chalasr	2019-10-18 06:54:29	chalasr	2019-10-27 10:08:13	220	139	81	False	True
34019	savedario	2019-10-17 21:16:43	savedario	2019-10-17 21:13:13	60	57	3	True	True
34017	chalasr	2019-10-17 18:07:23	chalasr	2019-10-17 17:56:35	36	23	13	True	True
34016	akalineskou	2019-10-17 17:24:16	akalineskou	2019-10-21 19:33:54	2	1	1	False	True
34015	fabpot	2019-10-17 14:13:42	fabpot	2019-10-17 14:11:57	8	5	3	True	True
34013	nicolas-grekas	2019-10-17 12:36:25	nicolas-grekas	2019-10-17 12:26:23	186	186	0	True	True
34012	nicolas-grekas	2019-10-17 12:24:41	nicolas-grekas	2019-10-17 12:23:42	44	7	37	True	True
34011	simPod	2019-10-17 11:58:32	simPod	2019-10-17 11:49:05	12	12	0	True	True
33999	yceruto	2019-10-16 13:23:39	yceruto	2019-10-16 13:16:00	69	65	4	True	True
33998	hurricane-voronin	2019-10-16 10:36:28	hurricane-voronin	2019-10-16 10:30:11	12	8	4	True	True
33997	nicolas-grekas	2019-10-16 10:23:52	Tobion	2019-04-06 17:40:45	464	464	0	True	True
33997	nicolas-grekas	2019-10-16 10:23:52	jderusse	2019-04-08 18:52:56	1223	951	272	True	True
33997	nicolas-grekas	2019-10-16 10:23:52	nicolas-grekas	2019-10-14 10:34:37	2011	1073	938	True	True
33994	michaelperrin	2019-10-15 20:11:17	michaelperrin	2019-10-15 19:55:21	17	14	3	True	True
33987	nicolas-grekas	2019-10-15 12:12:41	nicolas-grekas	2019-10-15 07:35:54	7	6	1	True	True
33985	nicolas-grekas	2019-10-15 07:36:40	nicolas-grekas	2019-10-15 07:35:54	10	7	3	True	True
33983	yceruto	2019-10-14 18:11:01	yceruto	2019-10-14 18:03:51	42	2	40	True	True
33982	nicolas-grekas	2019-10-14 17:21:36	nicolas-grekas	2019-10-14 17:04:51	146	128	18	True	True
33981	xabbuh	2019-10-14 13:13:47	xabbuh	2019-10-14 13:11:40	73	16	57	True	True
33980	nicolas-grekas	2019-10-14 10:59:26	nicolas-grekas	2019-10-14 10:53:45	56	36	20	True	True
33974	xabbuh	2019-10-13 18:48:45	xabbuh	2019-10-13 18:43:12	4	3	1	True	True
33973	nicolas-grekas	2019-10-13 17:56:41	nicolas-grekas	2019-10-13 17:51:09	13	12	1	True	True
33971	gharlan	2019-10-13 17:03:41	gharlan	2019-10-13 14:49:04	70	57	13	True	True
33970	gharlan	2019-10-13 13:21:32	gharlan	2019-10-13 14:51:42	48	45	3	False	True
33969	ostrolucky	2019-10-13 12:03:29	ostrolucky	2019-10-13 12:02:04	4	2	2	True	True
33968	Jeroeny	2019-10-12 18:08:45	Jeroeny	2019-10-12 17:58:40	529	529	0	True	True
33967	fabpot	2019-10-12 08:47:31	fabpot	2019-10-12 12:45:41	17	15	2	False	True
33967	fabpot	2019-10-12 08:47:31	fabpot	2019-10-12 07:08:57	118	83	35	True	True
33966	Kr42	2019-10-12 07:44:34	Kr42	2019-10-12 07:29:00	57	38	19	True	True
33965	ilzrv	2019-10-12 07:38:56	ilzrv	2019-10-12 07:36:35	2	1	1	True	True
33964	reedy	2019-10-12 00:47:58	reedy	2019-10-12 00:38:35	4	2	2	True	True
33963	reedy	2019-10-12 00:30:12	reedy	2019-10-12 00:27:05	62	62	0	True	True
33962	v-m-i	2019-10-11 20:28:30	v-m-i	2019-10-12 07:41:19	90	88	2	False	True
33961	yceruto	2019-10-11 20:17:31	yceruto	2019-10-11 20:06:12	26	25	1	True	True
33959	nicolas-grekas	2019-10-11 18:27:40	nicolas-grekas	2019-10-11 18:23:30	84	39	45	True	True
33958	gquemener	2019-10-11 17:05:58	gquemener	2019-10-11 16:56:51	2	1	1	True	True
33956	qdequippe	2019-10-11 14:37:48	qdequippe	2019-10-11 14:42:00	7	7	0	False	True
33956	qdequippe	2019-10-11 14:37:48	qdequippe	2019-11-07 16:25:01	2	1	1	False	True
33956	qdequippe	2019-10-11 14:37:48	qdequippe	2019-10-11 14:17:34	4	4	0	True	True
33956	qdequippe	2019-10-11 14:37:48	qdequippe	2019-11-29 09:51:51	17	8	9	False	True
33956	qdequippe	2019-10-11 14:37:48	qdequippe	2019-10-11 14:17:34	5	5	0	True	True
33956	qdequippe	2019-10-11 14:37:48	qdequippe	2019-10-13 11:56:19	17	9	8	False	True
33956	qdequippe	2019-10-11 14:37:48	qdequippe	2019-10-13 11:56:19	4	0	4	False	True
33956	qdequippe	2019-10-11 14:37:48	qdequippe	2019-10-11 14:17:34	178	178	0	True	True
33956	qdequippe	2019-10-11 14:37:48	qdequippe	2019-10-11 14:24:57	2	1	1	True	True
33956	qdequippe	2019-10-11 14:37:48	qdequippe	2019-10-11 14:38:58	20	19	1	False	True
33956	qdequippe	2019-10-11 14:37:48	qdequippe	2019-10-11 14:27:17	3	2	1	True	True
33954	romaricdrigon	2019-10-11 13:10:31	romaricdrigon	2019-10-11 12:19:34	10	8	2	True	True
33950	alexander-schranz	2019-10-11 11:53:12	alexander-schranz	2019-10-17 09:01:06	1	1	0	False	True
33948	antograssiot	2019-10-11 04:14:55	antograssiot	2019-10-11 04:08:52	30	28	2	True	True
33943	nicolas-grekas	2019-10-10 11:04:27	nicolas-grekas	2019-10-10 11:03:19	2	1	1	True	True
33941	yceruto	2019-10-09 22:22:11	yceruto	2019-10-09 22:13:48	139	113	26	True	True
33940	gharlan	2019-10-09 20:03:54	gharlan	2019-10-09 19:59:50	148	142	6	True	True
33939	nicolas-grekas	2019-10-09 19:02:52	nicolas-grekas	2019-10-09 18:15:16	196	185	11	True	True
33938	kalessil	2019-10-09 19:01:58	kalessil	2019-10-09 19:00:06	1	1	0	True	True
33936	detinkin	2019-10-09 17:25:37	detinkin	2019-10-09 17:18:55	2	1	1	True	True
33935	nicolas-grekas	2019-10-09 16:20:20	nicolas-grekas	2019-10-09 16:19:03	43	39	4	True	True
33932	honarkhah	2019-10-09 13:06:18	honarkhah	2019-10-09 13:04:21	38	38	0	True	True
33927	ihmels	2019-10-09 10:01:09	ihmels	2019-10-09 09:59:43	4	2	2	True	True
33922	nicolas-grekas	2019-10-09 09:10:07	nicolas-grekas	2019-10-09 09:02:41	31	9	22	True	True
33921	nicolas-grekas	2019-10-09 08:41:13	nicolas-grekas	2019-10-09 08:18:57	91	84	7	True	True
33920	rimas-kudelis	2019-10-09 06:57:51	rimas-kudelis	2019-10-09 06:49:16	2	1	1	True	True
33920	rimas-kudelis	2019-10-09 06:57:51	rimas-kudelis	2019-11-12 14:10:30	2	1	1	False	True
33918	alexander-schranz	2019-10-08 18:42:22	alexander-schranz	2019-10-08 19:57:00	2	1	1	False	True
33918	alexander-schranz	2019-10-08 18:42:22	alexander-schranz	2019-10-08 18:39:11	2	1	1	True	True
33916	alexander-schranz	2019-10-08 18:17:08	alexander-schranz	2019-10-08 18:15:43	8	8	0	True	True
33916	alexander-schranz	2019-10-08 18:17:08	alexander-schranz	2019-10-08 18:18:40	2	1	1	False	True
33916	alexander-schranz	2019-10-08 18:17:08	alexander-schranz	2019-10-08 18:17:53	4	3	1	False	True
33914	nicolas-grekas	2019-10-08 15:51:25	nicolas-grekas	2019-10-08 15:49:00	23	16	7	True	True
33911	proggga	2019-10-08 12:28:57	proggga	2019-10-08 12:26:19	83	59	24	True	True
33911	proggga	2019-10-08 12:28:57	proggga	2019-10-08 12:30:19	10	6	4	False	True
33911	proggga	2019-10-08 12:28:57	proggga	2019-10-08 13:57:19	28	28	0	False	True
33911	proggga	2019-10-08 12:28:57	proggga	2019-10-08 14:41:21	66	38	28	False	True
33911	proggga	2019-10-08 12:28:57	proggga	2019-10-08 14:43:39	8	4	4	False	True
33911	proggga	2019-10-08 12:28:57	proggga	2019-10-08 16:50:13	12	6	6	False	True
33910	0xb4lint	2019-10-08 12:26:36	0xb4lint	2019-10-08 12:15:27	7	6	1	True	True
33907	htollefsen	2019-10-08 09:17:03	htollefsen	2019-10-08 09:13:14	32	32	0	True	True
33904	javiereguiluz	2019-10-08 07:33:10	javiereguiluz	2019-10-08 07:30:11	34	17	17	True	True
33902	sjdaws	2019-10-08 02:34:04	sjdaws	2019-11-18 02:12:17	25	24	1	False	True
33900	mynameisbogdan	2019-10-08 01:24:05	mynameisbogdan	2019-10-08 01:19:00	6	3	3	True	True
33897	ostrolucky	2019-10-07 23:21:57	ostrolucky	2019-10-07 20:32:49	48	29	19	True	True
33896	malarzm	2019-10-07 22:15:37	malarzm	2019-10-07 22:02:44	58	56	2	True	True
33894	henry2778	2019-10-07 18:47:23	henry2778	2019-10-09 19:16:24	35	31	4	False	True
33894	henry2778	2019-10-07 18:47:23	henry2778	2019-10-07 18:36:31	4	2	2	True	True
33894	henry2778	2019-10-07 18:47:23	henry2778	2019-10-07 18:36:53	44	41	3	True	True
33894	henry2778	2019-10-07 18:47:23	henry2778	2019-10-07 18:37:11	1	1	0	True	True
33894	henry2778	2019-10-07 18:47:23	henry2778	2019-12-08 19:22:41	25	16	9	False	True
33893	terdia	2019-10-07 15:45:54	terdia	2019-10-07 15:36:51	32	32	0	True	True
33885	fancyweb	2019-10-07 13:06:18	fancyweb	2019-10-07 13:00:46	40	31	9	True	True
33884	fmasa	2019-10-07 12:01:50	fmasa	2019-10-07 11:35:44	33	23	10	True	True
33883	pierregaste	2019-10-07 11:14:57	pierregaste	2019-10-07 11:07:15	4	3	1	True	True
33882	lyrixx	2019-10-07 09:37:18	lyrixx	2019-10-07 09:34:24	44	42	2	True	True
33881	lyrixx	2019-10-07 08:56:57	lyrixx	2019-10-07 08:54:01	35	34	1	True	True
33880	dmaicher	2019-10-07 07:06:25	dmaicher	2019-10-07 07:03:17	2	2	0	True	True
33878	ostrolucky	2019-10-06 20:16:06	ostrolucky	2019-10-06 20:23:12	30	6	24	False	True
33877	ostrolucky	2019-10-06 19:44:54	ostrolucky	2019-10-06 19:52:09	17	0	17	False	True
33876	soufianZantar	2019-10-06 15:58:39	soufianZantar	2019-05-12 11:50:51	55	55	0	True	True
33875	thePanz	2019-10-06 15:28:34	thePanz	2019-10-06 15:16:15	250	246	4	True	True
33871	michaljusiega	2019-10-05 19:02:55	michaljusiega	2019-10-05 18:51:52	64	60	4	True	True
33869	henry2778	2019-10-05 07:29:03	henry2778	2019-10-05 06:58:56	35	33	2	True	True
33869	henry2778	2019-10-05 07:29:03	henry2778	2019-10-05 07:06:23	9	9	0	True	True
33869	henry2778	2019-10-05 07:29:03	henry2778	2019-10-05 07:00:33	2	0	2	True	True
33869	henry2778	2019-10-05 07:29:03	henry2778	2019-10-05 07:30:57	2	1	1	False	True
33869	henry2778	2019-10-05 07:29:03	henry2778	2019-10-05 06:58:26	4	2	2	True	True
33869	henry2778	2019-10-05 07:29:03	henry2778	2019-10-05 08:50:12	2	1	1	False	True
33868	jakzal	2019-10-05 06:24:18	jakzal	2019-10-05 06:23:15	5	4	1	True	True
33864	jakzal	2019-10-04 21:12:30	jakzal	2019-10-04 21:11:33	2	1	1	True	True
33863	nicolas-grekas	2019-10-04 20:57:25	nicolas-grekas	2019-10-04 20:55:59	6	3	3	True	True
33861	jakzal	2019-10-04 20:10:47	jakzal	2019-10-05 06:07:15	14	7	7	False	True
33858	chalasr	2019-10-04 17:55:00	chalasr	2019-10-04 17:54:05	1	1	0	True	True
33857	chalasr	2019-10-04 17:47:13	chalasr	2019-10-04 17:45:43	1	1	0	True	True
33856	chalasr	2019-10-04 17:27:14	chalasr	2019-10-01 13:08:41	22	22	0	True	True
33855	ro0NL	2019-10-04 17:11:39	ro0NL	2019-10-04 17:10:58	1	1	0	True	True
33854	mtarld	2019-10-04 17:05:19	mtarld	2019-10-04 12:50:20	318	290	28	True	True
33853	Harry-Dunne	2019-10-04 15:53:06	Harry-Dunne	2019-10-04 15:43:55	2	1	1	True	True
33851	derrabus	2019-10-04 15:18:10	derrabus	2019-10-04 14:41:42	180	179	1	True	True
33850	mkrauser	2019-10-04 13:46:18	mkrauser	2019-10-04 13:40:08	169	169	0	True	True
33848	lmillucci	2019-10-04 12:09:53	lmillucci	2019-10-04 06:29:30	178	177	1	True	True
33846	nicolas-grekas	2019-10-04 10:48:15	nicolas-grekas	2019-10-04 10:41:07	16	8	8	True	True
33844	uatthaphon	2019-10-04 10:02:30	uatthaphon	2019-10-04 09:41:22	70	69	1	True	True
33842	nicolas-grekas	2019-10-04 08:03:00	nicolas-grekas	2019-10-04 08:02:16	2	1	1	True	True
33841	nicolas-grekas	2019-10-04 07:42:32	nicolas-grekas	2019-10-04 07:39:26	25	25	0	True	True
33840	tarlepp	2019-10-04 07:08:04	tarlepp	2019-10-04 07:06:17	140	140	0	True	True
33836	adrozdek	2019-10-03 18:59:15	adrozdek	2019-10-03 18:55:51	4	2	2	True	True
33835	lyrixx	2019-10-03 16:08:40	lyrixx	2019-10-03 16:07:59	34	31	3	True	True
33834	fancyweb	2019-10-03 15:54:20	fancyweb	2019-10-03 15:45:25	2	1	1	True	True
33831	yceruto	2019-10-03 13:23:25	yceruto	2019-10-03 12:54:02	11	8	3	True	True
33829	fancyweb	2019-10-03 11:41:51	fancyweb	2019-10-02 08:57:26	220	218	2	True	True
33828	dunglas	2019-10-03 09:53:37	dunglas	2019-10-03 09:47:46	10	7	3	True	True
33825	nicolas-grekas	2019-10-03 07:59:21	nicolas-grekas	2019-10-03 07:55:29	25	16	9	True	True
33820	greg0ire	2019-10-02 20:45:46	l-vo	2019-05-06 17:12:13	190	180	10	True	True
33819	linnit	2019-10-02 19:45:18	linnit	2019-10-02 19:38:58	1	1	0	True	True
33818	gharlan	2019-10-02 17:40:10	gharlan	2019-10-15 22:08:58	14	10	4	False	True
33816	nicolas-grekas	2019-10-02 17:02:12	nicolas-grekas	2019-10-02 16:58:26	104	52	52	True	True
33815	lyrixx	2019-10-02 15:58:09	lyrixx	2019-10-02 15:57:26	4	2	2	True	True
33814	mynameisbogdan	2019-10-02 15:36:45	mynameisbogdan	2019-10-02 15:28:34	2	1	1	True	True
33813	CheapHasz	2019-10-02 15:10:03	CheapHasz	2019-10-02 15:39:31	16	15	1	False	True
33809	nesk	2019-10-02 13:17:04	nesk	2019-10-03 08:14:32	2	1	1	False	True
33808	jschaedl	2019-10-02 12:55:16	nicolas-grekas	2019-10-02 17:19:36	2	1	1	False	True
33808	jschaedl	2019-10-02 12:55:16	jschaedl	2019-10-02 12:52:37	3	2	1	True	True
33808	jschaedl	2019-10-02 12:55:16	nicolas-grekas	2019-10-02 17:19:42	2	1	1	False	True
33805	jschaedl	2019-10-02 10:49:41	jschaedl	2019-10-02 10:47:49	2	1	1	True	True
33803	pierredup	2019-10-02 09:05:56	pierredup	2019-10-02 09:02:25	10	10	0	True	True
33799	j4nr6n	2019-10-01 22:38:14	j4nr6n	2019-10-01 22:15:09	37	35	2	True	True
33797	Rohaq	2019-10-01 18:06:26	Rohaq	2019-10-01 17:57:36	2	1	1	True	True
33795	derrabus	2019-10-01 16:43:17	derrabus	2019-10-01 14:24:58	69	64	5	True	True
33793	derrabus	2019-10-01 14:55:46	derrabus	2019-10-01 14:24:58	249	244	5	True	True
33792	fancyweb	2019-10-01 13:41:49	fancyweb	2019-10-01 13:11:47	130	79	51	True	True
33791	creiner	2019-10-01 13:34:00	creiner	2019-10-01 13:07:45	86	81	5	True	True
33790	xabbuh	2019-10-01 12:49:57	xabbuh	2019-09-30 14:19:32	27	2	25	True	True
33789	pierredup	2019-10-01 10:52:43	pierredup	2019-10-01 10:51:09	13	11	2	True	True
33788	pierredup	2019-10-01 10:35:44	pierredup	2019-10-01 10:27:01	7	4	3	True	True
33787	fabpot	2019-10-01 10:11:03	fabpot	2019-10-01 10:10:05	10	4	6	True	True
33783	fancyweb	2019-10-01 09:11:34	fancyweb	2019-10-01 08:57:15	140	130	10	True	True
33782	nicolas-grekas	2019-10-01 08:49:54	nicolas-grekas	2019-10-01 08:48:45	22	20	2	True	True
33781	jenschude	2019-10-01 08:42:20	jenschude	2019-10-01 08:34:38	2	1	1	True	True
33779	nicolas-grekas	2019-10-01 08:09:40	nicolas-grekas	2019-10-01 07:48:14	59	54	5	True	True
