pr_number	author_user_login	pr_created_at	review_user_login	review_created_at	filename	create_before_pr	has_issue_comment	has_review_comment	has_commit
130	kriswallsmith	2011-02-28 16:49:42	stof	2011-02-28 17:42:45	src/Symfony/Bundle/AsseticBundle/Resources/config/schema/assetic-1.0.xsd	True	False	True	True
130	kriswallsmith	2011-02-28 16:49:42	stof	2011-02-28 17:42:45	src/Symfony/Bundle/AsseticBundle/DependencyInjection/Configuration.php	False	False	True	True
130	kriswallsmith	2011-02-28 16:49:42	stof	2011-02-28 17:42:45	src/Symfony/Bundle/AsseticBundle/DependencyInjection/AsseticExtension.php	True	False	True	True
130	kriswallsmith	2011-02-28 16:49:42	stof	2011-02-28 17:42:45	src/Symfony/Bundle/AsseticBundle/DependencyInjection/Configuration.php	True	False	True	True
130	kriswallsmith	2011-02-28 16:49:42	stof	2011-02-28 17:44:28	src/Symfony/Bundle/AsseticBundle/Resources/config/schema/assetic-1.0.xsd	True	False	True	True
130	kriswallsmith	2011-02-28 16:49:42	stof	2011-02-28 17:44:28	src/Symfony/Bundle/AsseticBundle/DependencyInjection/Configuration.php	False	False	True	True
130	kriswallsmith	2011-02-28 16:49:42	stof	2011-02-28 17:44:28	src/Symfony/Bundle/AsseticBundle/DependencyInjection/AsseticExtension.php	True	False	True	True
130	kriswallsmith	2011-02-28 16:49:42	stof	2011-02-28 17:44:28	src/Symfony/Bundle/AsseticBundle/DependencyInjection/Configuration.php	True	False	True	True
127	vicb	2011-02-28 11:46:06	stof	2011-02-28 11:58:47	src/Symfony/Component/Config/Definition/Processor.php	True	False	True	True
127	vicb	2011-02-28 11:46:06	stof	2011-02-28 11:58:47	src/Symfony/Component/Config/Definition/ArrayNode.php	True	False	True	True
127	vicb	2011-02-28 11:46:06	stof	2011-02-28 11:58:47	src/Symfony/Component/Config/Definition/BaseNode.php	True	False	True	True
127	vicb	2011-02-28 11:46:06	stof	2011-02-28 11:58:47	src/Symfony/Component/Config/Definition/Builder/MergeBuilder.php	True	False	True	True
127	vicb	2011-02-28 11:46:06	stof	2011-02-28 11:58:47	src/Symfony/Component/Config/Definition/Builder/NodeBuilder.php	True	False	True	True
127	vicb	2011-02-28 11:46:06	stof	2011-02-28 11:58:47	src/Symfony/Component/Config/Definition/Builder/TreeBuilder.php	True	False	True	True
127	vicb	2011-02-28 11:46:06	stof	2011-02-28 11:58:47	src/Symfony/Component/Config/Definition/NodeInterface.php	True	False	True	True
127	vicb	2011-02-28 11:46:06	stof	2011-02-28 11:58:47	src/Symfony/Component/Config/Definition/PrototypeNodeInterface.php	True	False	True	True
127	vicb	2011-02-28 11:46:06	stof	2011-02-28 11:58:47	src/Symfony/Component/Config/Definition/Builder/ExprBuilder.php	True	False	True	True
127	vicb	2011-02-28 11:46:06	stof	2011-02-28 11:58:47	src/Symfony/Component/Config/Definition/Builder/NormalizationBuilder.php	True	False	True	True
127	vicb	2011-02-28 11:46:06	stof	2011-02-28 11:58:47	src/Symfony/Component/Config/Definition/Builder/ValidationBuilder.php	True	False	True	True
127	vicb	2011-02-28 11:46:06	stof	2011-02-28 11:58:47	src/Symfony/Component/Config/Definition/Builder/BuilderInterface.php	True	False	True	True
127	vicb	2011-02-28 11:46:06	stof	2011-02-28 11:58:47	src/Symfony/Component/Config/Definition/BooleanNode.php	True	False	True	True
127	vicb	2011-02-28 11:46:06	stof	2011-02-28 11:58:47	src/Symfony/Component/Config/Definition/VariableNode.php	True	False	True	True
126	lsmith77	2011-02-28 10:27:58	stof	2011-02-28 10:43:47	src/Symfony/Bundle/DoctrineBundle/DoctrineBundle.php	True	False	True	True
126	lsmith77	2011-02-28 10:27:58	stof	2011-02-28 10:43:47	src/Symfony/Component/DependencyInjection/Dumper/PhpDumper.php	True	False	True	True
120	lsmith77	2011-02-27 18:35:09	stof	2011-02-27 18:42:41	tests/Symfony/Tests/Component/DependencyInjection/Loader/PhpFileLoaderTest.php	True	False	True	True
120	lsmith77	2011-02-27 18:35:09	stof	2011-02-27 18:42:41	tests/Symfony/Tests/Component/DependencyInjection/Fixtures/php/services_interfaces-1.php	True	False	True	True
120	lsmith77	2011-02-27 18:35:09	stof	2011-02-27 18:42:41	src/Symfony/Component/Security/Http/EntryPoint/DigestAuthenticationEntryPoint.php	False	False	True	True
120	lsmith77	2011-02-27 18:35:09	stof	2011-02-27 18:42:41	src/Symfony/Component/Security/Http/EntryPoint/DigestAuthenticationEntryPoint.php	True	False	True	True
120	lsmith77	2011-02-27 18:35:09	stof	2011-02-27 18:42:41	tests/Symfony/Tests/Component/Config/Loader/DelegatingLoaderTest.php	True	False	True	True
120	lsmith77	2011-02-27 18:35:09	stof	2011-02-27 18:42:41	tests/Symfony/Tests/Component/Console/Input/InputArgumentTest.php	True	False	True	True
120	lsmith77	2011-02-27 18:35:09	stof	2011-02-27 18:42:41	tests/Symfony/Tests/Component/Console/Input/InputDefinitionTest.php	True	False	True	True
120	lsmith77	2011-02-27 18:35:09	stof	2011-02-27 18:42:41	tests/Symfony/Tests/Component/Console/Input/InputOptionTest.php	True	False	True	True
120	lsmith77	2011-02-27 18:35:09	stof	2011-02-27 18:42:41	tests/Symfony/Tests/Component/DependencyInjection/Loader/XmlFileLoaderTest.php	True	False	True	True
120	lsmith77	2011-02-27 18:35:09	stof	2011-02-27 18:42:41	tests/Symfony/Tests/Component/DependencyInjection/Fixtures/php/services_interfaces-2.php	True	False	True	True
120	lsmith77	2011-02-27 18:35:09	stof	2011-02-27 18:42:41	tests/Symfony/Tests/Component/DependencyInjection/Loader/ClosureLoaderTest.php	True	False	True	True
120	lsmith77	2011-02-27 18:35:09	stof	2011-02-27 18:42:41	tests/Symfony/Tests/Component/DependencyInjection/Loader/YamlFileLoaderTest.php	True	False	True	True
120	lsmith77	2011-02-27 18:35:09	stof	2011-02-27 18:42:41	tests/Symfony/Tests/Component/Templating/Loader/LoaderTest.php	True	False	True	True
120	lsmith77	2011-02-27 18:35:09	stof	2011-02-27 18:42:41	tests/Symfony/Tests/Component/Templating/Storage/StorageTest.php	True	False	True	True
120	lsmith77	2011-02-27 18:35:09	stof	2011-02-27 18:42:41	src/Symfony/Component/Security/Core/Exception/NonceExpiredException.php	False	False	True	True
113	noelg	2011-02-26 16:27:44	stof	2011-02-26 16:48:03	src/Symfony/Bundle/FrameworkBundle/Profiler/ProfilerListener.php	True	False	True	True
113	noelg	2011-02-26 16:27:44	stof	2011-02-26 16:48:03	src/Symfony/Component/DependencyInjection/Container.php	True	False	True	True
113	noelg	2011-02-26 16:27:44	stof	2011-02-26 16:48:03	src/Symfony/Bundle/FrameworkBundle/Resources/config/profiling.xml	True	False	True	True
113	noelg	2011-02-26 16:27:44	stof	2011-02-26 16:48:03	src/Symfony/Bundle/WebProfilerBundle/Resources/views/Collector/request.html.twig	True	False	True	True
113	noelg	2011-02-26 16:27:44	stof	2011-02-26 16:48:03	src/Symfony/Component/HttpKernel/Profiler/ProfilerStorageInterface.php	True	False	True	True
113	noelg	2011-02-26 16:27:44	stof	2011-02-26 16:48:03	src/Symfony/Component/HttpKernel/Profiler/Profiler.php	True	False	True	True
113	noelg	2011-02-26 16:27:44	stof	2011-02-26 16:48:03	src/Symfony/Component/HttpKernel/Profiler/SqliteProfilerStorage.php	True	False	True	True
108	kriswallsmith	2011-02-25 16:46:48	fabpot	2011-02-25 17:04:56	src/Symfony/Bundle/AsseticBundle/Resources/config/asset_writer.xml	False	True	True	True
108	kriswallsmith	2011-02-25 16:46:48	fabpot	2011-02-25 17:04:56	src/Symfony/Bundle/AsseticBundle/Twig/StaticNode.php	False	True	True	True
108	kriswallsmith	2011-02-25 16:46:48	fabpot	2011-02-25 17:04:56	src/Symfony/Bundle/AsseticBundle/CacheWarmer/AssetWriterCacheWarmer.php	False	True	True	True
108	kriswallsmith	2011-02-25 16:46:48	fabpot	2011-02-25 17:04:56	src/Symfony/Bundle/AsseticBundle/Command/DumpCommand.php	False	True	True	True
108	kriswallsmith	2011-02-25 16:46:48	fabpot	2011-02-25 17:04:56	src/Symfony/Bundle/AsseticBundle/DependencyInjection/AsseticExtension.php	False	True	True	True
108	kriswallsmith	2011-02-25 16:46:48	fabpot	2011-02-25 17:04:56	src/Symfony/Bundle/AsseticBundle/DependencyInjection/Configuration.php	False	True	True	True
108	kriswallsmith	2011-02-25 16:46:48	fabpot	2011-02-25 17:04:56	src/Symfony/Bundle/AsseticBundle/Resources/config/assetic.xml	False	True	True	True
108	kriswallsmith	2011-02-25 16:46:48	fabpot	2011-02-25 17:04:56	src/Symfony/Bundle/AsseticBundle/Resources/config/schema/assetic-1.0.xsd	False	True	True	True
108	kriswallsmith	2011-02-25 16:46:48	fabpot	2011-02-25 17:04:56	src/Symfony/Bundle/AsseticBundle/Tests/DependencyInjection/AsseticExtensionTest.php	False	True	True	True
108	kriswallsmith	2011-02-25 16:46:48	fabpot	2011-02-25 17:04:56	src/Symfony/Bundle/AsseticBundle/Tests/Resources/config/config.yml	False	True	True	True
103	kriswallsmith	2011-02-25 05:09:53	hhamon	2011-03-03 13:54:26	src/Symfony/Bundle/DoctrineMongoDBBundle/DependencyInjection/DoctrineMongoDBExtension.php	True	True	True	True
100	francisbesset	2011-02-24 21:34:36	fabpot	2011-03-16 20:22:52	src/Symfony/Component/HttpKernel/Kernel.php	False	True	True	True
100	francisbesset	2011-02-24 21:34:36	fabpot	2011-03-16 20:22:52	src/Symfony/Bundle/FrameworkBundle/Command/CacheClearCommand.php	False	True	True	True
100	francisbesset	2011-02-24 21:34:36	fabpot	2011-03-16 20:22:52	src/Symfony/Bundle/FrameworkBundle/Command/CacheWarmupCommand.php	False	True	True	True
100	francisbesset	2011-02-24 21:34:36	fabpot	2011-03-16 20:22:52	src/Symfony/Component/HttpKernel/CacheWarmer/CacheWarmer.php	False	True	True	True
100	francisbesset	2011-02-24 21:34:36	kriswallsmith	2011-03-16 20:31:20	src/Symfony/Bundle/FrameworkBundle/Command/CacheClearCommand.php	False	True	True	True
100	francisbesset	2011-02-24 21:34:36	kriswallsmith	2011-03-16 20:31:20	src/Symfony/Bundle/FrameworkBundle/Command/CacheWarmupCommand.php	False	True	True	True
100	francisbesset	2011-02-24 21:34:36	kriswallsmith	2011-03-16 20:31:20	src/Symfony/Component/HttpKernel/CacheWarmer/CacheWarmer.php	False	True	True	True
100	francisbesset	2011-02-24 21:34:36	kriswallsmith	2011-03-16 20:31:20	src/Symfony/Component/HttpKernel/Kernel.php	False	True	True	True
99	stof	2011-02-24 21:16:12	fabpot	2011-03-09 15:41:13	src/Symfony/Bundle/DoctrineBundle/Tests/DependencyInjection/Fixtures/config/yml/dbal_service_single_connection.yml	True	True	True	True
99	stof	2011-02-24 21:16:12	fabpot	2011-03-09 15:41:13	src/Symfony/Bundle/DoctrineBundle/Tests/DependencyInjection/AbstractDoctrineExtensionTest.php	True	True	True	True
99	stof	2011-02-24 21:16:12	fabpot	2011-03-09 15:41:13	src/Symfony/Bundle/DoctrineBundle/DependencyInjection/Configuration.php	True	True	True	True
99	stof	2011-02-24 21:16:12	fabpot	2011-03-09 15:41:13	src/Symfony/Bundle/DoctrineBundle/Tests/DependencyInjection/Fixtures/config/xml/dbal_service_multiple_connections.xml	True	True	True	True
99	stof	2011-02-24 21:16:12	fabpot	2011-03-09 15:41:13	src/Symfony/Bundle/DoctrineBundle/DependencyInjection/DoctrineExtension.php	True	True	True	True
99	stof	2011-02-24 21:16:12	fabpot	2011-03-09 15:41:13	src/Symfony/Bundle/DoctrineBundle/Tests/DependencyInjection/Fixtures/config/xml/dbal_service_single_connection.xml	True	True	True	True
99	stof	2011-02-24 21:16:12	fabpot	2011-03-09 15:41:13	src/Symfony/Bundle/DoctrineBundle/Tests/DependencyInjection/Fixtures/config/xml/dbal_types.xml	True	True	True	True
99	stof	2011-02-24 21:16:12	fabpot	2011-03-09 15:41:13	src/Symfony/Bundle/DoctrineBundle/Tests/DependencyInjection/Fixtures/config/xml/orm_imports_import.xml	True	True	True	True
99	stof	2011-02-24 21:16:12	fabpot	2011-03-09 15:41:13	src/Symfony/Bundle/DoctrineBundle/Tests/DependencyInjection/Fixtures/config/xml/orm_multiple_em_bundle_mappings.xml	True	True	True	True
99	stof	2011-02-24 21:16:12	fabpot	2011-03-09 15:41:13	src/Symfony/Bundle/DoctrineBundle/Tests/DependencyInjection/Fixtures/config/xml/orm_service_multiple_entity_managers.xml	True	True	True	True
99	stof	2011-02-24 21:16:12	fabpot	2011-03-09 15:41:13	src/Symfony/Bundle/DoctrineBundle/Tests/DependencyInjection/Fixtures/config/xml/orm_service_simple_single_entity_manager.xml	True	True	True	True
99	stof	2011-02-24 21:16:12	fabpot	2011-03-09 15:41:13	src/Symfony/Bundle/DoctrineBundle/Tests/DependencyInjection/Fixtures/config/xml/orm_service_single_entity_manager.xml	True	True	True	True
99	stof	2011-02-24 21:16:12	fabpot	2011-03-09 15:41:13	src/Symfony/Bundle/DoctrineBundle/Tests/DependencyInjection/Fixtures/config/yml/dbal_service_multiple_connections.yml	True	True	True	True
99	stof	2011-02-24 21:16:12	fabpot	2011-03-09 15:41:13	src/Symfony/Bundle/DoctrineBundle/DependencyInjection/Configuration.php	False	True	True	True
99	stof	2011-02-24 21:16:12	fabpot	2011-03-09 15:41:13	src/Symfony/Bundle/DoctrineBundle/Tests/DependencyInjection/Fixtures/config/yml/dbal_types.yml	True	True	True	True
99	stof	2011-02-24 21:16:12	fabpot	2011-03-09 15:41:13	src/Symfony/Bundle/DoctrineBundle/Tests/DependencyInjection/Fixtures/config/yml/orm_imports_import.yml	True	True	True	True
99	stof	2011-02-24 21:16:12	fabpot	2011-03-09 15:41:13	src/Symfony/Bundle/DoctrineBundle/Tests/DependencyInjection/Fixtures/config/yml/orm_multiple_em_bundle_mappings.yml	True	True	True	True
99	stof	2011-02-24 21:16:12	fabpot	2011-03-09 15:41:13	src/Symfony/Bundle/DoctrineBundle/Tests/DependencyInjection/Fixtures/config/yml/orm_service_multiple_entity_managers.yml	True	True	True	True
99	stof	2011-02-24 21:16:12	fabpot	2011-03-09 15:41:13	src/Symfony/Bundle/DoctrineBundle/Tests/DependencyInjection/Fixtures/config/yml/orm_service_simple_single_entity_manager.yml	True	True	True	True
99	stof	2011-02-24 21:16:12	fabpot	2011-03-09 15:41:13	src/Symfony/Bundle/DoctrineBundle/Tests/DependencyInjection/Fixtures/config/yml/orm_service_single_entity_manager.yml	True	True	True	True
99	stof	2011-02-24 21:16:12	fabpot	2011-03-09 15:41:13	src/Symfony/Bundle/DoctrineBundle/Tests/DependencyInjection/Fixtures/config/xml/orm_single_em_bundle_mappings.xml	True	True	True	True
99	stof	2011-02-24 21:16:12	fabpot	2011-03-09 15:41:13	src/Symfony/Bundle/DoctrineBundle/Resources/config/schema/doctrine-1.0.xsd	True	True	True	True
99	stof	2011-02-24 21:16:12	fabpot	2011-03-09 15:41:13	src/Symfony/Bundle/DoctrineBundle/DependencyInjection/DoctrineExtension.php	False	True	True	True
99	stof	2011-02-24 21:16:12	fabpot	2011-03-09 15:41:13	src/Symfony/Bundle/DoctrineBundle/Tests/DependencyInjection/AbstractDoctrineExtensionTest.php	False	True	True	True
99	stof	2011-02-24 21:16:12	fabpot	2011-03-09 15:41:13	src/Symfony/Bundle/DoctrineBundle/Tests/TestCase.php	False	True	True	True
95	stof	2011-02-24 16:40:08	fabpot	2011-02-24 16:45:42	src/Symfony/Bundle/ZendBundle/Resources/config/logger.xml	False	False	True	True
95	stof	2011-02-24 16:40:08	fabpot	2011-02-24 16:45:42	src/Symfony/Bundle/ZendBundle/DependencyInjection/Configuration.php	False	False	True	True
95	stof	2011-02-24 16:40:08	fabpot	2011-02-24 16:45:42	src/Symfony/Bundle/ZendBundle/DependencyInjection/ZendExtension.php	True	False	True	True
95	stof	2011-02-24 16:40:08	fabpot	2011-02-24 16:45:42	src/Symfony/Bundle/ZendBundle/DependencyInjection/Configuration.php	True	False	True	True
89	mweimerskirch	2011-02-24 12:31:03	Seldaek	2011-02-24 17:52:06	src/Symfony/Bundle/DoctrineBundle/Command/EnsureProductionSettingsDoctrineCommand.php	False	True	True	True
89	mweimerskirch	2011-02-24 12:31:03	Seldaek	2011-02-24 17:52:06	src/Symfony/Component/Validator/Constraints/EmailValidator.php	True	True	True	True
89	mweimerskirch	2011-02-24 12:31:03	Seldaek	2011-02-24 17:52:06	src/Symfony/Bundle/TwigBundle/TokenParser/TransChoiceTokenParser.php	False	True	True	True
86	lsmith77	2011-02-23 21:56:30	stof	2011-02-23 22:02:30	src/Symfony/Component/Form/Form.php	True	True	True	True
