pr_number	author_user_login	pr_created_at	commit_user_login	commit_created_at	commit_status_total	commit_status_additions	commit_status_deletions	create_before_pr	is_review_commit
41009	alexander-schranz	2021-04-30 18:19:06	alexander-schranz	2021-04-30 18:18:19	4	0	4	True	True
41008	tjveldhuizen	2021-04-30 17:30:36	tjveldhuizen	2021-04-30 17:24:44	14	14	0	True	True
41004	lyrixx	2021-04-30 15:10:23	lyrixx	2021-04-30 15:02:21	39	18	21	True	True
41003	jmsche	2021-04-30 14:12:46	jmsche	2021-04-30 14:11:22	16	16	0	True	True
41002	MatTheCat	2021-04-30 13:03:41	MatTheCat	2021-04-30 12:55:51	36	21	15	True	True
41001	lyrixx	2021-04-30 10:25:00	lyrixx	2021-04-30 10:24:10	2	1	1	True	True
41000	KDederichs	2021-04-30 10:16:18	KDederichs	2021-04-30 10:14:23	54	51	3	True	True
40998	KDederichs	2021-04-30 10:01:28	KDederichs	2021-04-30 09:59:29	23	22	1	True	True
40994	a-menshchikov	2021-04-29 20:27:52	a-menshchikov	2021-04-29 20:06:38	108	78	30	True	True
40992	WaylandAce	2021-04-29 17:26:12	WaylandAce	2021-04-29 17:24:09	13	13	0	True	True
40991	mllnd	2021-04-29 15:16:29	mllnd	2021-05-06 15:32:57	55	37	18	False	True
40989	nicolas-grekas	2021-04-29 15:01:53	nicolas-grekas	2021-04-29 14:57:05	45	44	1	True	True
40987	HypeMC	2021-04-29 10:58:44	HypeMC	2021-04-29 00:48:52	220	189	31	True	True
40986	jderusse	2021-04-29 10:40:49	jderusse	2021-04-29 13:43:07	33	20	13	False	True
40985	TimWerdin	2021-04-29 09:32:03	TimWerdin	2021-04-29 09:36:03	20	3	17	False	True
40985	TimWerdin	2021-04-29 09:32:03	TimWerdin	2021-04-29 10:12:14	14	7	7	False	True
40985	TimWerdin	2021-04-29 09:32:03	TimWerdin	2021-04-29 10:13:07	17	8	9	False	True
40985	TimWerdin	2021-04-29 09:32:03	TimWerdin	2021-04-29 09:19:56	187	126	61	True	True
40983	OskarStark	2021-04-29 08:56:52	OskarStark	2021-04-29 08:56:09	6	5	1	True	True
40982	WaylandAce	2021-04-29 08:15:35	WaylandAce	2021-04-29 08:13:57	136	129	7	True	True
40980	acran	2021-04-28 21:17:21	acran	2021-04-28 20:58:08	7	4	3	True	True
40973	flack	2021-04-28 14:08:41	flack	2021-04-28 13:58:10	2	1	1	True	True
40972	Seldaek	2021-04-28 11:47:05	Seldaek	2021-04-28 11:42:03	8	6	2	True	True
40970	NoelLH	2021-04-28 09:34:53	fabpot	2020-12-18 14:09:16	8	4	4	True	True
40970	NoelLH	2021-04-28 09:34:53	chalasr	2020-12-19 10:53:24	2	1	1	True	True
40970	NoelLH	2021-04-28 09:34:53	chalasr	2020-12-20 14:19:17	4	2	2	True	True
40970	NoelLH	2021-04-28 09:34:53	derrabus	2020-12-21 15:40:13	29	19	10	True	True
40970	NoelLH	2021-04-28 09:34:53	chalasr	2020-12-21 12:31:13	11	10	1	True	True
40970	NoelLH	2021-04-28 09:34:53	derrabus	2020-12-21 15:29:43	81	56	25	True	True
40970	NoelLH	2021-04-28 09:34:53	derrabus	2020-12-21 15:33:14	123	98	25	True	True
40970	NoelLH	2021-04-28 09:34:53	derrabus	2020-12-18 12:02:15	4	2	2	True	True
40970	NoelLH	2021-04-28 09:34:53	derrabus	2020-12-21 15:35:11	204	177	27	True	True
40970	NoelLH	2021-04-28 09:34:53	fabpot	2020-12-18 13:49:30	68	68	0	True	True
40970	NoelLH	2021-04-28 09:34:53	derrabus	2020-12-21 15:41:57	3	2	1	True	True
40970	NoelLH	2021-04-28 09:34:53	fabpot	2020-12-18 13:49:55	72	70	2	True	True
40970	NoelLH	2021-04-28 09:34:53	nicolas-grekas	2020-12-18 12:42:39	34	17	17	True	True
40970	NoelLH	2021-04-28 09:34:53	nicolas-grekas	2020-12-18 11:12:46	2	1	1	True	True
40970	NoelLH	2021-04-28 09:34:53	fabpot	2020-12-18 13:48:52	8	4	4	True	True
40970	NoelLH	2021-04-28 09:34:53	derrabus	2020-12-18 12:24:45	4	2	2	True	True
40970	NoelLH	2021-04-28 09:34:53	nicolas-grekas	2020-12-18 12:47:19	40	20	20	True	True
40970	NoelLH	2021-04-28 09:34:53	chalasr	2020-12-19 10:05:12	2	1	1	True	True
40970	NoelLH	2021-04-28 09:34:53	fabpot	2020-12-18 13:49:39	4	2	2	True	True
40970	NoelLH	2021-04-28 09:34:53	fabpot	2020-12-18 13:43:47	46	44	2	True	True
40970	NoelLH	2021-04-28 09:34:53	odolbeau	2020-12-21 08:53:19	11	10	1	True	True
40970	NoelLH	2021-04-28 09:34:53	jderusse	2020-12-20 20:12:46	15	14	1	True	True
40970	NoelLH	2021-04-28 09:34:53	OskarStark	2020-12-18 11:11:21	2	1	1	True	True
40970	NoelLH	2021-04-28 09:34:53	nicolas-grekas	2020-12-19 14:24:47	3	2	1	True	True
40970	NoelLH	2021-04-28 09:34:53	derrabus	2020-12-18 13:46:59	4	2	2	True	True
40970	NoelLH	2021-04-28 09:34:53	fabpot	2020-12-18 13:43:29	4	2	2	True	True
40970	NoelLH	2021-04-28 09:34:53	fabpot	2020-12-18 13:43:18	42	42	0	True	True
40970	NoelLH	2021-04-28 09:34:53	derrabus	2020-12-18 12:48:29	29	19	10	True	True
40970	NoelLH	2021-04-28 09:34:53	derrabus	2020-12-18 12:30:04	34	17	17	True	True
40970	NoelLH	2021-04-28 09:34:53	jderusse	2020-12-18 11:40:59	4	2	2	True	True
40968	HypeMC	2021-04-28 07:55:41	HypeMC	2021-04-27 21:02:02	16	8	8	True	True
40967	OskarStark	2021-04-28 06:49:37	OskarStark	2021-04-28 06:48:47	9	4	5	True	True
40966	Tobion	2021-04-27 22:29:37	Tobion	2021-04-27 22:28:04	29	16	13	True	True
40964	jrmajor	2021-04-27 16:44:06	jrmajor	2021-04-27 16:38:51	22	11	11	True	True
40963	OskarStark	2021-04-27 15:20:39	OskarStark	2021-04-27 15:17:56	588	481	107	True	True
40962	dmaicher	2021-04-27 15:01:32	dmaicher	2021-04-27 14:58:50	2	0	2	True	True
40960	OskarStark	2021-04-27 14:45:24	OskarStark	2021-04-27 14:42:01	24	8	16	True	True
40957	alexpott	2021-04-27 12:25:36	alexpott	2021-04-27 12:21:00	73	71	2	True	True
40956	MatTheCat	2021-04-27 10:59:25	MatTheCat	2021-04-27 10:57:26	12	10	2	True	True
40955	WaylandAce	2021-04-27 10:30:09	WaylandAce	2021-04-27 10:20:43	17	12	5	True	True
40951	javiereguiluz	2021-04-26 14:15:24	javiereguiluz	2021-04-26 14:11:51	3	2	1	True	True
40950	HypeMC	2021-04-26 14:14:31	HypeMC	2021-04-26 13:13:28	18	9	9	True	True
40947	andrii-bodnar	2021-04-25 19:12:35	andrii-bodnar	2021-04-25 13:47:06	1267	1267	0	True	True
40946	xabbuh	2021-04-25 17:24:19	xabbuh	2021-04-25 17:22:30	1	1	0	True	True
40945	OskarStark	2021-04-25 07:38:08	OskarStark	2021-04-25 07:36:32	150	119	31	True	True
40944	OskarStark	2021-04-25 07:16:17	OskarStark	2021-04-25 07:14:57	359	269	90	True	True
40943	maciejzgadzaj	2021-04-24 21:54:06	maciejzgadzaj	2021-04-24 21:53:14	44	44	0	True	True
40936	TomasVotruba	2021-04-24 07:33:15	TomasVotruba	2021-04-24 07:32:12	2	1	1	True	True
40934	Nyholm	2021-04-23 17:50:43	Nyholm	2021-04-23 17:49:06	24	24	0	True	True
40932	Nyholm	2021-04-23 17:07:14	Nyholm	2021-04-23 17:04:56	45	44	1	True	True
40931	Nyholm	2021-04-23 16:48:47	Nyholm	2021-04-23 16:47:46	1	1	0	True	True
40930	lyrixx	2021-04-23 15:09:59	lyrixx	2021-04-23 15:09:03	2	1	1	True	True
40928	Nyholm	2021-04-23 14:14:07	Nyholm	2021-04-23 14:10:57	5	5	0	True	True
40927	welcoMattic	2021-04-23 13:46:14	welcoMattic	2021-04-23 13:44:47	1175	1175	0	True	True
40926	welcoMattic	2021-04-23 13:37:42	welcoMattic	2021-04-23 13:27:02	1032	1022	10	True	True
40924	xabbuh	2021-04-23 11:34:54	xabbuh	2021-04-23 11:33:54	10	5	5	True	True
40923	xabbuh	2021-04-23 11:20:07	xabbuh	2021-04-23 11:09:20	43	32	11	True	True
40920	nicolas-grekas	2021-04-23 08:42:28	nicolas-grekas	2021-04-23 08:39:18	64	52	12	True	True
40919	xabbuh	2021-04-23 07:18:38	xabbuh	2021-04-23 07:16:57	4	2	2	True	True
40917	dunglas	2021-04-22 22:54:34	dunglas	2021-04-22 22:49:37	60	56	4	True	True
40915	mhujer	2021-04-22 21:00:30	mhujer	2021-04-22 20:56:35	4	2	2	True	True
40914	derrabus	2021-04-22 14:41:45	derrabus	2021-04-22 14:39:56	3	3	0	True	True
40911	derrabus	2021-04-22 12:33:09	derrabus	2021-04-22 12:29:43	6	4	2	True	True
40910	derrabus	2021-04-22 11:28:43	derrabus	2021-04-22 11:26:24	4	2	2	True	True
40908	derrabus	2021-04-22 10:14:57	derrabus	2021-04-22 10:08:52	65	41	24	True	True
40903	Nyholm	2021-04-22 08:49:43	Nyholm	2021-04-22 08:37:03	179	149	30	True	True
40889	jmsche	2021-04-21 05:46:56	nicolas-grekas	2021-01-27 10:42:51	3	1	2	True	True
40889	jmsche	2021-04-21 05:46:56	nicolas-grekas	2021-01-27 10:36:24	7	0	7	True	True
40889	jmsche	2021-04-21 05:46:56	nicolas-grekas	2021-01-27 12:56:27	53	31	22	True	True
40889	jmsche	2021-04-21 05:46:56	nicolas-grekas	2021-01-27 12:55:46	53	31	22	True	True
40889	jmsche	2021-04-21 05:46:56	nicolas-grekas	2021-01-27 11:32:03	3	0	3	True	True
40889	jmsche	2021-04-21 05:46:56	nicolas-grekas	2021-01-27 11:19:04	214	108	106	True	True
40889	jmsche	2021-04-21 05:46:56	nicolas-grekas	2021-01-27 11:17:55	222	112	110	True	True
40889	jmsche	2021-04-21 05:46:56	simonberger	2021-01-25 14:52:07	10	5	5	True	True
40889	jmsche	2021-04-21 05:46:56	nicolas-grekas	2021-01-27 10:30:59	1	1	0	True	True
40889	jmsche	2021-04-21 05:46:56	nicolas-grekas	2021-01-27 10:36:42	7	0	7	True	True
40889	jmsche	2021-04-21 05:46:56	nicolas-grekas	2021-01-27 10:42:04	3	1	2	True	True
40889	jmsche	2021-04-21 05:46:56	nicolas-grekas	2021-01-27 11:24:50	84	41	43	True	True
40889	jmsche	2021-04-21 05:46:56	OskarStark	2021-01-25 16:23:26	2	1	1	True	True
40889	jmsche	2021-04-21 05:46:56	nicolas-grekas	2021-01-27 10:30:37	1	1	0	True	True
40889	jmsche	2021-04-21 05:46:56	nicolas-grekas	2021-01-25 14:44:52	18	9	9	True	True
40889	jmsche	2021-04-21 05:46:56	nicolas-grekas	2021-01-27 09:04:53	445	402	43	True	True
40889	jmsche	2021-04-21 05:46:56	OskarStark	2021-01-25 16:14:18	2	1	1	True	True
40889	jmsche	2021-04-21 05:46:56	chalasr	2021-01-26 15:32:14	109	107	2	True	True
40889	jmsche	2021-04-21 05:46:56	xabbuh	2021-01-27 10:28:18	1	1	0	True	True
40889	jmsche	2021-04-21 05:46:56	OskarStark	2021-01-27 12:50:07	53	31	22	True	True
40889	jmsche	2021-04-21 05:46:56	fabpot	2021-01-27 14:45:38	73	73	0	True	True
40889	jmsche	2021-04-21 05:46:56	xabbuh	2021-01-04 21:11:50	83	61	22	True	True
40889	jmsche	2021-04-21 05:46:56	nicolas-grekas	2021-01-26 20:37:00	109	107	2	True	True
40889	jmsche	2021-04-21 05:46:56	nicolas-grekas	2021-01-26 09:36:50	83	61	22	True	True
40889	jmsche	2021-04-21 05:46:56	OskarStark	2021-01-25 16:23:41	2	1	1	True	True
40889	jmsche	2021-04-21 05:46:56	nicolas-grekas	2021-01-25 15:14:59	2	1	1	True	True
40889	jmsche	2021-04-21 05:46:56	nicolas-grekas	2021-01-27 09:04:36	362	341	21	True	True
40889	jmsche	2021-04-21 05:46:56	nicolas-grekas	2021-01-25 15:00:15	10	5	5	True	True
40884	jderusse	2021-04-20 20:10:05	jderusse	2021-04-20 20:05:20	145	74	71	True	True
40879	Toilal	2021-04-20 08:30:45	Toilal	2021-04-20 08:00:31	38	37	1	True	True
40878	Nyholm	2021-04-19 19:10:08	Nyholm	2021-04-19 19:05:37	15	10	5	True	True
40877	Nyholm	2021-04-19 18:35:34	Nyholm	2021-04-19 18:33:48	2	1	1	True	True
40876	derrabus	2021-04-19 17:03:28	derrabus	2021-04-19 17:00:28	8	8	0	True	True
40875	fancyweb	2021-04-19 16:34:25	fancyweb	2021-04-19 16:33:12	9	9	0	True	True
40874	soullivaneuh	2021-04-19 16:26:05	soullivaneuh	2021-04-19 16:20:38	93	77	16	True	True
40872	fancyweb	2021-04-19 16:12:08	fancyweb	2021-04-19 16:05:59	7	3	4	True	True
40867	shiftby	2021-04-19 13:07:07	shiftby	2021-04-19 12:59:14	140	139	1	True	True
40866	a1812	2021-04-19 13:04:16	a1812	2021-04-19 12:15:09	13	9	4	True	True
40859	wouterj	2021-04-18 17:48:23	wouterj	2021-04-18 17:45:52	11	9	2	True	True
40857	alexandre-daubois	2021-04-18 12:30:16	alexandre-daubois	2021-06-10 07:06:30	212	212	0	False	True
40856	monteiro	2021-04-18 07:15:49	monteiro	2021-04-18 07:17:30	4	2	2	False	True
40856	monteiro	2021-04-18 07:15:49	monteiro	2021-04-18 07:13:12	9	5	4	True	True
40856	monteiro	2021-04-18 07:15:49	monteiro	2021-04-18 07:16:34	1	0	1	False	True
40852	jschaedl	2021-04-18 06:27:32	jschaedl	2021-04-18 06:25:16	12	12	0	True	True
40850	jschaedl	2021-04-17 22:05:53	jschaedl	2021-04-17 21:33:42	4	2	2	True	True
40848	nicolas-grekas	2021-04-17 18:34:09	nicolas-grekas	2021-04-17 18:32:09	26	26	0	True	True
40845	jschaedl	2021-04-17 15:31:08	jschaedl	2021-04-17 15:28:48	53	50	3	True	True
40844	jschaedl	2021-04-17 15:23:55	jschaedl	2021-04-17 15:13:05	303	303	0	True	True
40843	jschaedl	2021-04-17 15:08:43	jschaedl	2021-04-17 15:04:26	61	37	24	True	True
40842	jschaedl	2021-04-17 06:38:47	jschaedl	2021-04-17 06:37:42	102	78	24	True	True
40840	scheb	2021-04-16 16:48:33	scheb	2021-04-16 16:28:28	15	12	3	True	True
40838	fancyweb	2021-04-16 16:36:08	fancyweb	2021-04-16 16:30:15	41	36	5	True	True
40834	KamilKubicki	2021-04-16 07:32:12	KamilKubicki	2021-04-16 07:28:03	4	2	2	True	True
40833	clxmstaab	2021-04-16 07:20:53	clxmstaab	2021-04-16 07:18:02	15	15	0	True	True
40830	alexandre-daubois	2021-04-15 19:54:33	alexandre-daubois	2021-04-15 19:44:19	267	266	1	True	True
40828	januszmk	2021-04-15 17:51:01	januszmk	2021-04-15 17:28:38	10	7	3	True	True
40814	chalasr	2021-04-14 08:44:10	chalasr	2021-04-14 08:40:21	83	4	79	True	True
40811	colinodell	2021-04-13 22:23:16	colinodell	2021-04-13 22:18:08	53	52	1	True	True
40809	jderusse	2021-04-13 20:37:32	jderusse	2021-04-13 20:31:53	16	9	7	True	True
40808	Nyholm	2021-04-13 20:30:16	Nyholm	2021-04-13 20:27:26	91	10	81	True	True
40807	Plopix	2021-04-13 20:02:12	Plopix	2021-04-13 19:53:23	19	18	1	True	True
40805	Nyholm	2021-04-13 19:47:46	Nyholm	2021-04-13 19:40:06	37	24	13	True	True
40804	Nyholm	2021-04-13 17:14:24	Nyholm	2021-04-13 17:00:06	94	94	0	True	True
40802	fancyweb	2021-04-13 16:23:49	fancyweb	2021-04-13 16:18:44	4	4	0	True	True
40801	fancyweb	2021-04-13 15:13:17	fancyweb	2021-04-13 15:11:44	72	68	4	True	True
40800	nicolas-grekas	2021-04-13 15:10:42	nicolas-grekas	2021-04-13 09:30:13	173	162	11	True	True
40799	dunglas	2021-04-13 13:23:26	dunglas	2021-04-13 12:52:55	102	67	35	True	True
40798	guilliamxavier	2021-04-13 12:54:28	guilliamxavier	2021-04-13 12:44:21	8	2	6	True	True
40795	javiereguiluz	2021-04-13 11:29:44	javiereguiluz	2021-04-13 11:27:06	4	2	2	True	True
40793	beberlei	2021-04-13 08:41:48	beberlei	2021-04-13 08:37:56	12	8	4	True	True
40792	Nyholm	2021-04-13 07:44:28	Nyholm	2021-04-13 07:42:19	30	30	0	True	True
40791	Foxprodev	2021-04-13 07:35:39	Foxprodev	2021-04-13 07:28:22	8	4	4	True	True
40788	jrushlow	2021-04-12 18:00:23	jrushlow	2021-04-12 17:56:50	13	2	11	True	True
40786	guilliamxavier	2021-04-12 16:37:06	guilliamxavier	2021-04-12 16:17:55	8	4	4	True	True
40785	wouterj	2021-04-12 16:35:17	wouterj	2021-04-12 16:32:44	64	56	8	True	True
40783	mdeboer	2021-04-12 15:33:02	mdeboer	2021-04-18 22:38:50	18	10	8	False	True
40783	mdeboer	2021-04-12 15:33:02	mdeboer	2021-05-10 18:42:36	4	0	4	False	True
40783	mdeboer	2021-04-12 15:33:02	mdeboer	2021-04-18 23:12:18	28	14	14	False	True
40783	mdeboer	2021-04-12 15:33:02	mdeboer	2021-05-10 18:41:56	93	57	36	False	True
40783	mdeboer	2021-04-12 15:33:02	mdeboer	2021-04-18 22:37:47	21	18	3	False	True
40783	mdeboer	2021-04-12 15:33:02	mdeboer	2021-05-10 18:38:55	19	7	12	False	True
40783	mdeboer	2021-04-12 15:33:02	mdeboer	2021-04-18 23:12:51	62	61	1	False	True
40783	mdeboer	2021-04-12 15:33:02	mdeboer	2021-04-18 21:27:22	117	102	15	False	True
40783	mdeboer	2021-04-12 15:33:02	mdeboer	2021-04-18 22:36:49	19	12	7	False	True
40783	mdeboer	2021-04-12 15:33:02	mdeboer	2021-04-18 22:36:20	78	61	17	False	True
40783	mdeboer	2021-04-12 15:33:02	mdeboer	2021-04-18 21:29:09	2	1	1	False	True
40783	mdeboer	2021-04-12 15:33:02	mdeboer	2021-04-12 15:21:52	7	7	0	True	True
40783	mdeboer	2021-04-12 15:33:02	mdeboer	2021-05-10 18:42:17	4	2	2	False	True
40782	nicolas-grekas	2021-04-12 14:35:03	nicolas-grekas	2021-04-12 14:24:08	86	83	3	True	True
40780	roukmoute	2021-04-12 09:26:14	roukmoute	2021-04-12 09:17:52	14	7	7	True	True
40779	jvasseur	2021-04-12 09:15:12	jvasseur	2021-04-12 09:09:21	13	13	0	True	True
40777	javiereguiluz	2021-04-12 07:50:46	javiereguiluz	2021-04-12 07:43:03	16	10	6	True	True
40775	nicolas-grekas	2021-04-12 06:54:27	nicolas-grekas	2021-04-12 06:51:36	4	3	1	True	True
40774	Androbin	2021-04-12 02:25:27	Androbin	2021-04-12 02:11:38	6	4	2	True	True
40772	wouterj	2021-04-11 20:23:42	wouterj	2021-04-11 20:22:16	2	1	1	True	True
40770	94noni	2021-04-11 18:06:57	94noni	2021-04-11 18:04:57	3	3	0	True	True
40768	fancyweb	2021-04-11 15:27:51	fancyweb	2021-04-11 15:25:07	8	3	5	True	True
40767	l-vo	2021-04-11 10:02:55	l-vo	2021-04-11 09:56:19	243	208	35	True	True
40766	Nyholm	2021-04-11 08:42:24	Nyholm	2021-04-11 08:41:01	6	2	4	True	True
40763	mvorisek	2021-04-10 22:34:38	mvorisek	2021-04-13 15:30:56	429	287	142	False	True
40761	l-vo	2021-04-10 14:44:18	l-vo	2021-04-10 14:26:59	142	141	1	True	True
40760	StefanoCappellini	2021-04-10 14:31:24	StefanoCappellini	2021-04-10 14:16:03	3	1	2	True	True
40759	alexandre-daubois	2021-04-10 13:46:05	alexandre-daubois	2021-04-10 13:32:48	39	34	5	True	True
40758	jderusse	2021-04-10 10:13:08	jderusse	2021-04-10 10:08:01	2	1	1	True	True
40755	Foxprodev	2021-04-09 15:39:36	Foxprodev	2021-04-09 19:45:39	25	18	7	False	True
40754	johnstevenson	2021-04-09 14:47:48	johnstevenson	2021-04-09 14:31:01	19	12	7	True	True
40744	SimonHeimberg	2021-04-08 16:02:19	SimonHeimberg	2021-04-09 10:10:44	4	3	1	False	True
40740	fancyweb	2021-04-08 12:15:21	fancyweb	2021-04-08 12:13:43	53	51	2	True	True
40739	OskarStark	2021-04-08 11:35:30	OskarStark	2021-04-08 11:34:37	387	322	65	True	True
40738	OskarStark	2021-04-08 11:05:33	OskarStark	2021-04-08 11:04:26	2065	2061	4	True	True
40737	Nyholm	2021-04-08 09:51:57	Nyholm	2021-04-08 09:51:11	7	7	0	True	True
40736	fabpot	2021-04-08 09:37:35	fabpot	2021-04-08 09:36:44	4	2	2	True	True
40735	StaffNowa	2021-04-08 03:51:15	StaffNowa	2021-04-08 03:40:07	4	2	2	True	True
40733	StaffNowa	2021-04-07 20:49:12	StaffNowa	2021-04-07 22:00:12	4	2	2	False	True
40730	fancyweb	2021-04-07 16:48:35	fancyweb	2021-04-07 16:47:35	14	7	7	True	True
40729	fancyweb	2021-04-07 16:29:19	fancyweb	2021-04-07 16:27:53	54	27	27	True	True
40728	fancyweb	2021-04-07 16:14:21	fancyweb	2021-04-07 16:12:22	100	45	55	True	True
40727	fancyweb	2021-04-07 15:56:14	fancyweb	2021-04-07 15:14:41	142	71	71	True	True
40722	alexandre-daubois	2021-04-07 09:19:08	alexandre-daubois	2021-04-07 09:17:44	14	11	3	True	True
40718	WaylandAce	2021-04-06 15:48:43	WaylandAce	2021-04-06 09:45:46	71	69	2	True	True
40716	dunglas	2021-04-06 14:18:21	dunglas	2021-04-06 14:17:34	2	1	1	True	True
40712	jderusse	2021-04-06 11:45:55	jderusse	2021-04-06 10:57:30	59	18	41	True	True
40711	azjezz	2021-04-06 09:35:55	azjezz	2021-04-04 20:50:24	377	337	40	True	True
40711	azjezz	2021-04-06 09:35:55	azjezz	2021-04-04 21:48:34	929	671	258	True	True
40710	derrabus	2021-04-05 14:53:55	derrabus	2021-04-05 14:40:33	345	296	49	True	True
40707	alexandre-daubois	2021-04-04 18:45:06	alexandre-daubois	2021-04-04 18:39:25	23	23	0	True	True
40704	94noni	2021-04-04 14:43:56	94noni	2021-04-04 14:42:37	2	2	0	True	True
40703	iamvar	2021-04-03 19:24:52	iamvar	2021-04-03 19:22:42	72	72	0	True	True
40702	n0rbyt3	2021-04-03 17:53:55	n0rbyt3	2021-04-03 17:46:18	2	1	1	True	True
40700	Nyholm	2021-04-03 14:07:48	Nyholm	2021-04-03 12:03:07	139	139	0	True	True
40699	shiftby	2021-04-03 13:35:40	shiftby	2021-04-03 13:47:18	50	34	16	False	True
40698	Nyholm	2021-04-03 13:17:56	Nyholm	2021-04-03 13:14:33	44	35	9	True	True
40698	Nyholm	2021-04-03 13:17:56	grasmash	2021-03-31 20:54:00	15	15	0	True	True
40697	Nyholm	2021-04-03 11:36:23	Nyholm	2021-04-03 11:37:44	6	3	3	False	True
40697	Nyholm	2021-04-03 11:36:23	Nyholm	2021-04-03 11:34:12	49	10	39	True	True
40696	iamvar	2021-04-03 11:32:01	iamvar	2021-04-03 11:22:18	107	107	0	True	True
40695	Nyholm	2021-04-03 11:15:40	Nyholm	2021-04-03 10:46:30	104	58	46	True	True
40693	Nyholm	2021-04-03 09:51:08	Nyholm	2021-04-03 09:49:32	2	2	0	True	True
40691	StaffNowa	2021-04-03 08:43:46	StaffNowa	2021-04-11 06:04:41	401	401	0	False	True
40690	yceruto	2021-04-03 04:27:34	yceruto	2021-04-02 13:52:16	60	60	0	True	True
40689	danepowell	2021-04-02 19:23:55	danepowell	2022-01-04 21:36:25	2	1	1	False	True
40689	danepowell	2021-04-02 19:23:55	danepowell	2022-01-04 21:41:41	2	1	1	False	True
40689	danepowell	2021-04-02 19:23:55	danepowell	2021-04-19 17:40:55	2	1	1	False	True
40689	danepowell	2021-04-02 19:23:55	danepowell	2021-04-05 17:45:34	44	44	0	False	True
40689	danepowell	2021-04-02 19:23:55	danepowell	2022-01-05 18:30:11	2	1	1	False	True
40689	danepowell	2021-04-02 19:23:55	danepowell	2022-01-04 21:32:53	2	0	2	False	True
40689	danepowell	2021-04-02 19:23:55	danepowell	2022-01-05 18:23:31	2	1	1	False	True
40689	danepowell	2021-04-02 19:23:55	danepowell	2022-01-05 18:57:12	27	27	0	False	True
40689	danepowell	2021-04-02 19:23:55	danepowell	2021-04-02 19:21:58	25	14	11	True	True
40689	danepowell	2021-04-02 19:23:55	danepowell	2021-04-15 20:37:49	2	1	1	False	True
40689	danepowell	2021-04-02 19:23:55	danepowell	2021-04-05 17:48:21	6	3	3	False	True
40689	danepowell	2021-04-02 19:23:55	danepowell	2021-04-05 17:05:50	14	7	7	False	True
40689	danepowell	2021-04-02 19:23:55	danepowell	2021-04-15 20:35:21	12	6	6	False	True
40689	danepowell	2021-04-02 19:23:55	danepowell	2021-04-05 21:39:43	3	3	0	False	True
40689	danepowell	2021-04-02 19:23:55	danepowell	2021-04-19 17:40:49	2	1	1	False	True
40688	alexandre-daubois	2021-04-02 18:57:52	alexandre-daubois	2021-04-02 12:30:38	47	46	1	True	True
40685	a1812	2021-04-02 13:22:59	a1812	2021-04-02 13:17:10	8	3	5	True	True
40682	fancyweb	2021-04-02 10:30:43	fancyweb	2021-04-02 10:13:02	284	284	0	True	True
40679	Jean85	2021-04-02 07:52:37	Jean85	2021-04-02 07:50:12	6	2	4	True	True
40675	derrabus	2021-04-01 18:15:46	derrabus	2021-04-01 18:14:26	1	0	1	True	True
40672	jrushlow	2021-04-01 14:42:16	jrushlow	2021-04-01 14:28:39	11	11	0	True	True
40671	mtarld	2021-04-01 14:38:28	azjezz	2021-03-25 14:03:15	172	107	65	True	True
40671	mtarld	2021-04-01 14:38:28	mtarld	2021-04-01 11:18:02	202	58	144	True	True
40669	OskarStark	2021-04-01 09:58:48	OskarStark	2021-04-01 09:58:08	23	23	0	True	True
40667	nicolas-grekas	2021-04-01 08:13:01	nicolas-grekas	2021-04-01 08:09:58	30	21	9	True	True
