pr_number	author_user_login	pr_created_at	commit_user_login	commit_created_at	commit_status_total	commit_status_additions	commit_status_deletions	create_before_pr	is_review_commit
13813	kalessil	2015-02-28 14:23:41	kalessil	2015-02-28 15:30:23	28	14	14	False	True
13813	kalessil	2015-02-28 14:23:41	kalessil	2015-02-28 13:54:30	151	83	68	True	True
13813	kalessil	2015-02-28 14:23:41	kalessil	2015-03-01 06:03:20	2	1	1	False	True
13813	kalessil	2015-02-28 14:23:41	kalessil	2015-03-01 19:25:53	15	7	8	False	True
13813	kalessil	2015-02-28 14:23:41	kalessil	2015-03-01 21:11:18	3	2	1	False	True
13813	kalessil	2015-02-28 14:23:41	kalessil	2015-03-01 19:17:25	42	9	33	False	True
13813	kalessil	2015-02-28 14:23:41	kalessil	2015-03-01 20:02:47	3	2	1	False	True
13812	afurculita	2015-02-28 01:35:22	afurculita	2015-02-28 01:25:02	43	30	13	True	True
13811	wouterj	2015-02-27 23:26:42	wouterj	2015-02-27 23:21:28	14	10	4	True	True
13798	nicolas-grekas	2015-02-26 08:09:01	nicolas-grekas	2015-02-26 08:06:05	35	30	5	True	True
13796	dunglas	2015-02-25 22:47:43	dunglas	2015-02-25 22:42:04	7	4	3	True	True
13794	danez	2015-02-25 21:25:15	danez	2015-02-25 23:14:27	15	13	2	False	True
13794	danez	2015-02-25 21:25:15	danez	2015-02-25 21:18:34	3	3	0	True	True
13782	marcosdsanchez	2015-02-24 20:00:59	marcosdsanchez	2015-02-24 17:17:44	192	128	64	True	True
13771	nicolas-grekas	2015-02-24 08:39:15	nicolas-grekas	2015-02-24 08:16:05	30	26	4	True	True
13767	nicolas-grekas	2015-02-23 08:32:39	nicolas-grekas	2015-02-23 08:29:32	20	11	9	True	True
13761	wouterj	2015-02-22 14:56:52	wouterj	2014-11-30 20:23:32	75	75	0	True	True
13756	francisbesset	2015-02-21 20:41:06	francisbesset	2015-02-21 20:21:10	6	5	1	True	True
13745	florianv	2015-02-19 23:35:33	florianv	2015-02-19 23:13:09	19	17	2	True	True
13733	francisbesset	2015-02-18 15:06:34	francisbesset	2015-02-18 14:49:26	20	20	0	True	True
13733	francisbesset	2015-02-18 15:06:34	francisbesset	2015-02-18 14:48:31	14	6	8	True	True
13727	keradus	2015-02-18 07:08:29	keradus	2015-02-26 20:10:55	22	11	11	False	True
13727	keradus	2015-02-18 07:08:29	keradus	2015-03-01 18:59:05	2	1	1	False	True
13727	keradus	2015-02-18 07:08:29	keradus	2015-02-18 07:05:44	43	22	21	True	True
13717	wouterj	2015-02-17 13:24:34	wouterj	2015-02-17 13:21:59	154	116	38	True	True
13715	wouterj	2015-02-17 12:51:48	wouterj	2015-02-17 12:48:44	145	88	57	True	True
13714	TomasVotruba	2015-02-17 12:33:11	TomasVotruba	2015-02-17 12:30:33	7	6	1	True	True
13701	phansys	2015-02-15 21:10:02	phansys	2015-02-15 21:07:53	21	20	1	True	True
13697	AlexDpy	2015-02-15 12:36:45	AlexDpy	2015-03-16 22:35:06	24	24	0	False	True
13697	AlexDpy	2015-02-15 12:36:45	AlexDpy	2015-02-15 12:02:52	230	156	74	True	True
13692	King2500	2015-02-14 21:39:43	King2500	2015-02-14 21:42:07	2	1	1	False	True
13692	King2500	2015-02-14 21:39:43	King2500	2015-02-14 23:15:59	4	1	3	False	True
13692	King2500	2015-02-14 21:39:43	King2500	2015-02-14 21:36:49	6	4	2	True	True
13672	jakzal	2015-02-12 17:49:16	jakzal	2015-02-12 17:47:02	29	28	1	True	True
13665	nicolas-grekas	2015-02-12 08:41:23	nicolas-grekas	2015-02-12 08:13:06	43	35	8	True	True
13660	ad3n	2015-02-11 14:30:15	ad3n	2015-02-11 14:40:52	15	10	5	False	True
13660	ad3n	2015-02-11 14:30:15	ad3n	2015-02-11 14:49:27	4	2	2	False	True
13660	ad3n	2015-02-11 14:30:15	ad3n	2015-02-11 14:44:43	2	1	1	False	True
13660	ad3n	2015-02-11 14:30:15	ad3n	2015-02-11 14:28:28	11	6	5	True	True
13651	aitboudad	2015-02-10 20:59:36	aitboudad	2015-04-01 11:46:44	351	228	123	False	True
13649	valeriangalliat	2015-02-10 18:32:12	valeriangalliat	2015-02-07 16:36:18	177	177	0	True	True
13649	valeriangalliat	2015-02-10 18:32:12	valeriangalliat	2015-02-07 16:25:03	470	273	197	True	True
13648	aitboudad	2015-02-10 18:05:29	aitboudad	2015-02-10 17:53:15	142	85	57	True	True
13645	fabpot	2015-02-10 15:07:54	fabpot	2015-02-10 15:07:19	6	3	3	True	True
13644	fabpot	2015-02-10 14:49:55	fabpot	2015-02-10 14:42:09	197	56	141	True	True
13642	aitboudad	2015-02-10 13:49:39	aitboudad	2015-02-10 13:48:21	10	9	1	True	True
13638	hason	2015-02-10 10:36:47	hason	2015-02-10 10:34:15	11	0	11	True	True
13637	nicovak	2015-02-10 10:21:06	nicovak	2015-02-10 10:19:29	1	1	0	True	True
13636	aik099	2015-02-10 10:14:32	Alexander Obuhovich	2015-02-10 09:59:31	57	38	19	True	True
13634	wvdweij	2015-02-10 08:31:21	wvdweij	2015-02-10 09:07:13	36	14	22	False	True
13634	wvdweij	2015-02-10 08:31:21	wvdweij	2015-02-10 09:28:18	2	1	1	False	True
13634	wvdweij	2015-02-10 08:31:21	wvdweij	2015-02-10 08:29:27	37	26	11	True	True
13627	issei-m	2015-02-09 00:50:15	issei-m	2015-02-07 12:55:43	70	53	17	True	True
13624	fabpot	2015-02-08 07:34:41	fabpot	2015-02-08 07:41:14	64	32	32	False	True
13624	fabpot	2015-02-08 07:34:41	fabpot	2015-02-08 07:33:54	16	8	8	True	True
13620	valeriangalliat	2015-02-07 17:30:10	valeriangalliat	2015-02-07 16:36:18	176	176	0	True	True
13620	valeriangalliat	2015-02-07 17:30:10	valeriangalliat	2015-02-08 08:01:55	2	1	1	False	True
13620	valeriangalliat	2015-02-07 17:30:10	valeriangalliat	2015-02-07 16:25:03	457	259	198	True	True
13619	issei-m	2015-02-07 12:18:59	issei-m	2015-02-07 12:17:17	3	3	0	True	True
13618	wouterj	2015-02-07 10:39:33	wouterj	2015-02-07 10:37:57	4	3	1	True	True
13616	egeloen	2015-02-06 23:07:08	egeloen	2015-02-06 22:59:46	28	25	3	True	True
13600	fabpot	2015-02-05 08:20:34	fabpot	2015-02-05 08:19:53	33	28	5	True	True
13572	vadim2404	2015-02-02 08:14:35	vadim2404	2015-02-02 09:24:57	4	4	0	False	True
13569	phansys	2015-02-01 17:13:17	phansys	2015-02-01 17:16:55	2	1	1	False	True
13569	phansys	2015-02-01 17:13:17	phansys	2015-02-01 17:12:12	4	4	0	True	True
13569	phansys	2015-02-01 17:13:17	phansys	2015-02-01 18:53:08	2	1	1	False	True
