pr_number	author_user_login	pr_created_at	commit_user_login	commit_created_at	commit_status_total	commit_status_additions	commit_status_deletions	create_before_pr	is_review_commit
5626	KonstantinKuklin	2012-09-27 19:50:54	KonstantinKuklin	2012-09-27 19:49:34	256	203	53	True	True
5622	h4ck3rm1k3	2012-09-27 17:39:49	h4ck3rm1k3	2012-09-27 17:13:15	2	1	1	True	True
5619	fabpot	2012-09-27 12:44:03	fabpot	2012-07-18 16:23:30	638	432	206	True	True
5618	sandermarechal	2012-09-27 11:59:35	sandermarechal	2012-09-27 11:55:32	124	124	0	True	True
5618	sandermarechal	2012-09-27 11:59:35	sandermarechal	2012-10-01 06:04:27	2	0	2	False	True
5618	sandermarechal	2012-09-27 11:59:35	sandermarechal	2012-09-27 15:06:48	4	0	4	False	True
5612	kerihenare	2012-09-27 04:24:02	kerihenare	2012-09-27 04:03:58	34	27	7	True	True
5601	daum	2012-09-25 21:25:37	daum	2012-09-25 21:22:37	31	31	0	True	True
5601	daum	2012-09-25 21:25:37	daum	2012-09-25 21:51:48	6	1	5	False	True
5595	shieldo	2012-09-25 14:47:23	shieldo	2012-09-25 14:43:51	5	5	0	True	True
5588	benja-M-1	2012-09-24 17:34:56	benja-M-1	2012-09-24 17:13:14	26	23	3	True	True
5586	hason	2012-09-24 09:05:53	hason	2012-09-24 08:52:21	10	8	2	True	True
5586	hason	2012-09-24 09:05:53	hason	2012-09-21 08:37:44	2	1	1	True	True
5586	hason	2012-09-24 09:05:53	hason	2012-09-21 08:44:00	44	28	16	True	True
5580	KonstantinKuklin	2012-09-23 15:03:44	fabpot	2012-09-21 08:49:18	6	3	3	True	True
5580	KonstantinKuklin	2012-09-23 15:03:44	adrienbrault	2012-09-21 08:33:41	6	3	3	True	True
5580	KonstantinKuklin	2012-09-23 15:03:44	KonstantinKuklin	2012-09-23 14:13:50	6	3	3	True	True
5580	KonstantinKuklin	2012-09-23 15:03:44	KonstantinKuklin	2012-09-23 15:01:15	150	119	31	True	True
5576	ericclemmons	2012-09-23 04:55:38	ericclemmons	2012-10-13 23:40:07	33	33	0	False	True
5576	ericclemmons	2012-09-23 04:55:38	ericclemmons	2012-09-23 03:57:25	41	41	0	True	True
5576	ericclemmons	2012-09-23 04:55:38	ericclemmons	2012-09-28 16:28:13	24	12	12	False	True
5576	ericclemmons	2012-09-23 04:55:38	ericclemmons	2012-10-13 23:38:44	9	9	0	False	True
5576	ericclemmons	2012-09-23 04:55:38	ericclemmons	2012-09-27 20:33:26	26	26	0	False	True
5576	ericclemmons	2012-09-23 04:55:38	ericclemmons	2012-10-14 00:08:36	2	1	1	False	True
5576	ericclemmons	2012-09-23 04:55:38	ericclemmons	2012-10-14 02:10:42	2	1	1	False	True
5576	ericclemmons	2012-09-23 04:55:38	ericclemmons	2012-10-13 23:39:35	4	2	2	False	True
5576	ericclemmons	2012-09-23 04:55:38	ericclemmons	2012-10-14 01:56:59	10	10	0	False	True
5573	hason	2012-09-21 08:56:29	hason	2012-09-21 08:44:00	44	28	16	True	True
5573	hason	2012-09-21 08:56:29	hason	2012-09-21 08:37:44	2	1	1	True	True
5573	hason	2012-09-21 08:56:29	hason	2012-09-24 08:52:21	10	8	2	False	True
5571	hason	2012-09-21 08:09:28	hason	2012-08-10 12:19:33	13	12	1	True	True
5570	hason	2012-09-21 08:08:54	hason	2012-08-10 10:42:04	21	21	0	True	True
5567	nanocom	2012-09-20 22:09:09	nanocom	2012-09-20 22:01:57	72	36	36	True	True
5566	lsmith77	2012-09-20 21:32:02	lsmith77	2012-09-20 21:20:53	76	75	1	True	True
5559	schmittjoh	2012-09-20 11:31:05	schmittjoh	2012-09-20 11:28:43	332	178	154	True	True
5556	krmcbride	2012-09-19 20:26:23	krmcbride	2012-09-19 19:00:52	52	50	2	True	True
5548	bamarni	2012-09-19 07:19:30	bamarni	2012-09-19 14:29:32	3	1	2	False	True
5547	guilhermeblanco	2012-09-19 05:36:11	guilhermeblanco	2012-09-19 05:27:08	23	17	6	True	True
5546	romainneutron	2012-09-19 00:48:01	romainneutron	2012-09-19 00:35:24	79	79	0	True	True
5543	romainneutron	2012-09-18 21:02:59	romainneutron	2012-09-09 14:38:21	473	441	32	True	True
5539	rrehbein	2012-09-18 16:05:00	rrehbein	2012-09-18 16:44:11	7	4	3	False	True
5539	rrehbein	2012-09-18 16:05:00	rrehbein	2012-09-18 15:26:12	15	15	0	True	True
5539	rrehbein	2012-09-18 16:05:00	rrehbein	2012-09-18 16:04:04	9	9	0	True	True
5539	rrehbein	2012-09-18 16:05:00	rrehbein	2012-09-18 16:37:15	40	36	4	False	True
5539	rrehbein	2012-09-18 16:05:00	rrehbein	2012-09-18 16:37:43	9	2	7	False	True
5539	rrehbein	2012-09-18 16:05:00	rrehbein	2012-09-18 16:06:25	1	0	1	False	True
5537	meandmymonkey	2012-09-18 13:24:19	webmozart	2012-11-22 14:58:46	3280	2711	569	False	True
5537	meandmymonkey	2012-09-18 13:24:19	meandmymonkey	2012-04-11 22:19:14	31	31	0	True	True
5537	meandmymonkey	2012-09-18 13:24:19	fabpot	2012-11-24 12:18:53	3583	2849	734	False	True
5537	meandmymonkey	2012-09-18 13:24:19	fabpot	2012-11-24 12:13:43	154	147	7	False	True
5537	meandmymonkey	2012-09-18 13:24:19	webmozart	2012-11-22 15:42:25	290	136	154	False	True
5537	meandmymonkey	2012-09-18 13:24:19	fabpot	2012-11-24 12:14:48	30	17	13	False	True
5537	meandmymonkey	2012-09-18 13:24:19	meandmymonkey	2012-11-24 14:23:58	14	14	0	False	True
5537	meandmymonkey	2012-09-18 13:24:19	meandmymonkey	2012-11-24 14:41:14	14	0	14	False	True
5537	meandmymonkey	2012-09-18 13:24:19	Crell	2012-11-23 05:22:12	24	24	0	False	True
5537	meandmymonkey	2012-09-18 13:24:19	meandmymonkey	2012-04-11 22:18:22	20	18	2	True	True
5537	meandmymonkey	2012-09-18 13:24:19	webmozart	2012-11-22 15:42:07	15	3	12	False	True
5537	meandmymonkey	2012-09-18 13:24:19	meandmymonkey	2012-09-18 14:14:45	10	5	5	False	True
5537	meandmymonkey	2012-09-18 13:24:19	meandmymonkey	2012-09-18 13:16:10	10	5	5	True	True
5537	meandmymonkey	2012-09-18 13:24:19	fabpot	2012-11-24 11:52:13	59	58	1	False	True
5537	meandmymonkey	2012-09-18 13:24:19	fabpot	2012-11-24 08:33:51	24	24	0	False	True
5537	meandmymonkey	2012-09-18 13:24:19	Tobion	2012-07-29 15:01:50	46	46	0	True	True
5537	meandmymonkey	2012-09-18 13:24:19	terjebraten-certua	2012-11-18 21:41:04	30	17	13	False	True
5537	meandmymonkey	2012-09-18 13:24:19	meandmymonkey	2012-04-11 22:19:14	30	30	0	True	True
5537	meandmymonkey	2012-09-18 13:24:19	Tobion	2012-07-30 21:35:43	13	12	1	True	True
5533	jmikola	2012-09-17 17:34:12	jmikola	2012-09-17 17:31:18	9	9	0	True	True
5522	richardmiller-zz	2012-09-16 18:42:54	richardmiller-zz	2012-09-16 21:05:23	36	17	19	False	True
5522	richardmiller-zz	2012-09-16 18:42:54	richardmiller-zz	2012-09-16 15:15:14	209	209	0	True	True
5518	dlsniper	2012-09-15 13:35:16	lennerd	2012-09-16 10:19:33	0	0	0	False	True
5518	dlsniper	2012-09-15 13:35:16	dlsniper	2012-09-16 14:19:55	181	146	35	False	True
5518	dlsniper	2012-09-15 13:35:16	dlsniper	2012-09-15 13:31:44	137	122	15	True	True
5516	hhamon	2012-09-15 12:30:51	hhamon	2012-09-15 12:14:33	48	46	2	True	True
5511	armetiz	2012-09-14 06:46:33	armetiz	2012-09-14 06:46:29	2	1	1	True	True
5502	pawaclawczyk	2012-09-12 13:37:07	pawaclawczyk	2012-09-12 13:33:57	14	11	3	True	True
5502	pawaclawczyk	2012-09-12 13:37:07	pawaclawczyk	2012-09-13 13:40:39	3	1	2	False	True
5491	eventhorizonpl	2012-09-11 16:38:24	MichalPiotrowski	2012-09-11 16:36:43	53	53	0	True	True
5485	Vincent-Simonin	2012-09-11 09:58:50	Vincent-Simonin	2012-09-07 15:02:54	121	116	5	True	True
5485	Vincent-Simonin	2012-09-11 09:58:50	Vincent-Simonin	2012-09-17 15:24:25	38	25	13	False	True
5483	baldurrensch	2012-09-10 20:11:25	baldurrensch	2012-09-10 20:44:00	3	3	0	False	True
5483	baldurrensch	2012-09-10 20:11:25	baldurrensch	2012-09-10 20:04:44	45	37	8	True	True
5483	baldurrensch	2012-09-10 20:11:25	baldurrensch	2012-09-10 20:50:12	9	3	6	False	True
5476	romainneutron	2012-09-09 21:48:02	romainneutron	2012-09-09 21:39:07	207	198	9	True	True
5476	romainneutron	2012-09-09 21:48:02	romainneutron	2013-04-10 23:34:27	8	1	7	False	True
5476	romainneutron	2012-09-09 21:48:02	romainneutron	2012-09-09 14:56:43	90	90	0	True	True
5467	stof	2012-09-07 23:02:52	stof	2012-09-07 22:56:45	173	95	78	True	True
5457	boombatower	2012-09-07 07:23:20	boombatower	2012-09-07 07:17:37	12	12	0	True	True
5457	boombatower	2012-09-07 07:23:20	boombatower	2012-09-07 07:56:40	2	1	1	False	True
5456	boombatower	2012-09-07 07:04:51	boombatower	2012-09-07 21:47:31	9	9	0	False	True
5456	boombatower	2012-09-07 07:04:51	boombatower	2012-09-07 07:41:41	1	1	0	False	True
5456	boombatower	2012-09-07 07:04:51	boombatower	2012-09-07 07:03:48	38	38	0	True	True
5456	boombatower	2012-09-07 07:04:51	boombatower	2012-09-07 21:34:45	4	2	2	False	True
5456	boombatower	2012-09-07 07:04:51	boombatower	2012-09-07 21:42:07	19	9	10	False	True
5456	boombatower	2012-09-07 07:04:51	boombatower	2012-09-07 07:53:27	9	9	0	False	True
5455	boombatower	2012-09-07 06:43:59	boombatower	2012-09-07 07:26:21	4	4	0	False	True
5455	boombatower	2012-09-07 06:43:59	boombatower	2012-09-07 06:42:13	20	20	0	True	True
5417	nfx	2012-09-02 19:37:28	nfx	2012-09-02 20:41:51	2	1	1	False	True
5417	nfx	2012-09-02 19:37:28	nfx	2012-09-02 20:25:35	9	3	6	False	True
5417	nfx	2012-09-02 19:37:28	nfx	2012-09-02 19:35:58	76	76	0	True	True
5417	nfx	2012-09-02 19:37:28	nfx	2012-10-14 20:13:10	21	12	9	False	True
5417	nfx	2012-09-02 19:37:28	nfx	2012-10-14 18:52:02	23	15	8	False	True
5413	eventhorizonpl	2012-09-01 08:23:49	MichalPiotrowski	2012-09-01 08:21:13	93	93	0	True	True
5410	Tobion	2012-09-01 02:39:12	Tobion	2012-09-01 02:19:44	13	12	1	True	True
5410	Tobion	2012-09-01 02:39:12	Tobion	2012-10-03 21:25:05	17	17	0	False	True
