pr_number	author_user_login	pr_created_at	commit_user_login	commit_created_at	commit_status_total	commit_status_additions	commit_status_deletions	create_before_pr	is_review_commit
35910	HeahDude	2020-02-29 21:45:56	HeahDude	2020-02-29 21:44:21	9	6	3	True	True
35907	xabbuh	2020-02-29 15:34:53	xabbuh	2020-02-29 15:27:30	32	23	9	True	True
35903	jschaedl	2020-02-29 08:58:28	jschaedl	2020-02-29 08:54:47	12	12	0	True	True
35902	sou-a	2020-02-29 00:46:53	sou-a	2020-02-29 00:37:39	8	8	0	True	True
35901	xabbuh	2020-02-28 14:32:04	xabbuh	2020-02-28 14:30:03	4	4	0	True	True
35899	xabbuh	2020-02-28 13:47:08	xabbuh	2020-02-28 13:45:23	4	2	2	True	True
35898	linaori	2020-02-28 13:10:08	linaori	2020-02-17 14:42:01	2	1	1	True	True
35897	xabbuh	2020-02-28 12:05:42	xabbuh	2020-02-28 12:03:21	36	35	1	True	True
35895	wouterj	2020-02-28 11:21:30	wouterj	2020-02-28 11:18:46	24	24	0	True	True
35894	atailouloute	2020-02-28 10:21:53	atailouloute	2020-02-28 10:19:56	2	1	1	True	True
35893	GaryPEGEOT	2020-02-28 10:09:41	GaryPEGEOT	2020-02-28 09:44:48	52	52	0	True	True
35890	Tobion	2020-02-27 17:08:14	Tobion	2020-02-14 16:09:07	28	18	10	True	True
35888	jderusse	2020-02-27 16:09:07	jderusse	2020-02-27 16:00:30	124	117	7	True	True
35887	jonmldr	2020-02-27 15:32:10	jonmldr	2020-02-27 14:24:32	2	1	1	True	True
35880	fancyweb	2020-02-26 22:31:23	fancyweb	2020-02-26 22:30:10	5	2	3	True	True
35879	fancyweb	2020-02-26 21:03:29	fancyweb	2020-02-06 20:02:01	201	171	30	True	True
35876	fancyweb	2020-02-26 17:45:09	fancyweb	2020-02-26 10:52:30	33	33	0	True	True
35872	jderusse	2020-02-26 13:45:30	jderusse	2020-02-26 13:43:55	39	26	13	True	True
35871	atailouloute	2020-02-26 12:31:32	atailouloute	2020-02-25 21:52:48	228	199	29	True	True
35870	alekitto	2020-02-26 11:44:03	alekitto	2020-02-23 20:16:04	14	8	6	True	True
35861	fancyweb	2020-02-25 16:48:35	fancyweb	2020-02-25 16:47:03	39	35	4	True	True
35858	wouterj	2020-02-25 12:14:08	wouterj	2020-02-25 12:05:26	18	17	1	True	True
35857	nicolas-grekas	2020-02-25 11:01:23	nicolas-grekas	2020-02-25 10:55:47	110	57	53	True	True
35855	mtarld	2020-02-25 07:28:47	mtarld	2020-02-24 19:02:01	71	57	14	True	True
35854	wouterj	2020-02-24 23:29:01	wouterj	2020-02-24 23:21:47	20	10	10	True	True
35853	jschaedl	2020-02-24 20:56:30	jschaedl	2020-02-24 20:40:42	21	20	1	True	True
35853	jschaedl	2020-02-24 20:56:30	jschaedl	2020-02-24 21:12:01	12	8	4	False	True
35849	Andrej-in-ua	2020-02-24 16:21:34	Andrej-in-ua	2020-02-21 11:17:04	352	343	9	True	True
35848	xabbuh	2020-02-24 14:50:33	xabbuh	2020-02-24 14:47:52	54	52	2	True	True
35847	jschaedl	2020-02-24 14:35:49	jschaedl	2020-02-17 16:19:34	92	92	0	True	True
35846	xabbuh	2020-02-24 14:34:34	xabbuh	2020-02-24 14:33:45	15	14	1	True	True
35843	ogizanagi	2020-02-24 10:51:56	ogizanagi	2020-02-21 14:30:21	132	126	6	True	True
35841	jschaedl	2020-02-24 09:00:31	jschaedl	2020-02-24 08:43:05	16	15	1	True	True
35839	chalasr	2020-02-23 22:44:30	chalasr	2020-02-23 14:53:58	43	37	6	True	True
35834	jschaedl	2020-02-23 17:48:24	jschaedl	2020-02-23 17:16:49	137	124	13	True	True
35833	fabpot	2020-02-23 17:17:01	fabpot	2020-02-23 16:01:53	132	129	3	True	True
35832	HeahDude	2020-02-23 12:18:34	HeahDude	2020-02-23 11:54:43	36	18	18	True	True
35830	chalasr	2020-02-23 05:47:21	chalasr	2020-02-23 05:45:13	2	2	0	True	True
35829	W0rma	2020-02-22 20:11:13	W0rma	2020-02-22 20:09:08	2	0	2	True	True
35828	birkof	2020-02-22 18:33:05	fabpot	2020-04-12 13:14:57	79	41	38	False	True
35828	birkof	2020-02-22 18:33:05	birkof	2020-04-04 20:55:02	133	65	68	False	True
35827	afilina	2020-02-22 14:17:51	afilina	2020-02-22 14:12:42	129	114	15	True	True
35826	jschaedl	2020-02-22 13:05:28	jschaedl	2020-02-22 12:45:12	3	2	1	True	True
35822	GromNaN	2020-02-21 22:51:00	GromNaN	2020-02-21 22:42:54	76	72	4	True	True
35821	mtarld	2020-02-21 17:19:41	mtarld	2020-02-21 16:32:14	168	132	36	True	True
35821	mtarld	2020-02-21 17:19:41	mtarld	2020-02-23 11:44:57	237	106	131	False	True
35819	fancyweb	2020-02-21 16:50:07	fancyweb	2020-02-21 16:48:38	36	26	10	True	True
35818	noniagriconomie	2020-02-21 16:43:37	noniagriconomie	2020-02-21 16:37:59	2	2	0	True	True
35817	fancyweb	2020-02-21 16:30:26	fancyweb	2020-02-21 16:23:44	212	142	70	True	True
35816	ogizanagi	2020-02-21 15:40:04	ogizanagi	2020-02-21 15:29:16	5	0	5	True	True
35815	ogizanagi	2020-02-21 15:18:48	ogizanagi	2020-02-21 14:09:54	7	6	1	True	True
35809	GrahamCampbell	2020-02-20 20:00:08	GrahamCampbell	2020-02-20 19:40:08	2	1	1	True	True
35808	HeahDude	2020-02-20 19:58:48	HeahDude	2020-02-20 19:50:53	5	5	0	True	True
35807	GrahamCampbell	2020-02-20 19:30:29	GrahamCampbell	2020-02-20 19:27:25	11	7	4	True	True
35804	atailouloute	2020-02-20 17:42:56	atailouloute	2020-02-20 17:35:20	383	383	0	True	True
35803	trvrnrth	2020-02-20 16:29:37	trvrnrth	2020-02-20 16:09:42	12	10	2	True	True
35799	renanbr	2020-02-20 13:12:44	renanbr	2020-02-27 09:25:57	18	9	9	False	True
35799	renanbr	2020-02-20 13:12:44	renanbr	2020-02-20 13:04:16	36	32	4	True	True
35799	renanbr	2020-02-20 13:12:44	renanbr	2020-02-20 14:26:12	5	3	2	False	True
35799	renanbr	2020-02-20 13:12:44	renanbr	2020-02-26 16:32:26	20	7	13	False	True
35799	renanbr	2020-02-20 13:12:44	renanbr	2020-02-27 09:24:40	8	5	3	False	True
35794	fancyweb	2020-02-19 22:21:17	fancyweb	2020-02-19 22:15:06	113	85	28	True	True
35793	GromNaN	2020-02-19 21:56:42	GromNaN	2020-02-19 21:39:02	46	23	23	True	True
35792	nikophil	2020-02-19 19:57:38	nikophil	2020-02-19 19:56:03	21	21	0	True	True
35787	marcello-moenkemeyer	2020-02-19 15:55:47	marcello-moenkemeyer	2020-02-19 14:20:42	9	6	3	True	True
35786	lyrixx	2020-02-19 14:51:26	lyrixx	2020-02-19 14:48:16	10	6	4	True	True
35783	fancyweb	2020-02-19 07:58:57	fancyweb	2020-02-19 07:53:51	51	49	2	True	True
35782	mtarld	2020-02-19 05:31:52	mtarld	2020-02-19 04:20:56	77	67	10	True	True
35781	VincentLanglet	2020-02-18 22:31:58	VincentLanglet	2020-02-18 22:28:46	4	2	2	True	True
35780	lyrixx	2020-02-18 20:24:23	lyrixx	2020-02-14 18:27:06	1708	1707	1	True	True
35778	atailouloute	2020-02-18 18:04:46	atailouloute	2020-02-18 17:12:00	577	467	110	True	True
35774	nicolas-grekas	2020-02-18 13:15:01	nicolas-grekas	2020-02-18 13:07:02	4	4	0	True	True
35773	jschaedl	2020-02-18 12:57:00	jschaedl	2020-02-18 10:49:59	441	330	111	True	True
35772	nicolas-grekas	2020-02-18 11:19:43	nicolas-grekas	2020-02-18 11:08:29	9	8	1	True	True
35770	jschaedl	2020-02-18 11:00:41	jschaedl	2020-02-18 10:54:21	3	1	2	True	True
35768	stof	2020-02-18 09:36:51	stof	2020-02-18 09:35:58	1	1	0	True	True
35764	mynameisbogdan	2020-02-18 01:03:36	mynameisbogdan	2020-02-18 00:58:50	2	1	1	True	True
35762	GromNaN	2020-02-17 23:38:02	GromNaN	2019-12-15 21:23:37	170	166	4	True	True
35760	przemyslaw-bogusz	2020-02-17 19:21:16	przemyslaw-bogusz	2020-02-16 15:22:50	36	36	0	True	True
35757	yceruto	2020-02-17 15:54:59	yceruto	2020-02-17 05:51:04	240	218	22	True	True
35748	azjezz	2020-02-17 10:59:06	azjezz	2020-04-01 10:36:04	50	44	6	False	True
35747	atailouloute	2020-02-17 10:04:06	atailouloute	2020-02-14 16:46:38	188	175	13	True	True
35745	nicolas-grekas	2020-02-17 09:10:44	nicolas-grekas	2020-02-17 09:09:38	113	111	2	True	True
35744	przemyslaw-bogusz	2020-02-16 23:23:39	przemyslaw-bogusz	2020-02-16 22:31:28	328	328	0	True	True
35742	michaelKaefer	2020-02-16 16:40:40	michaelKaefer	2020-02-16 16:40:22	8	4	4	True	True
35740	pvgnd	2020-02-16 10:53:49	pvgnd	2020-02-16 09:57:23	147	126	21	True	True
35736	przemyslaw-bogusz	2020-02-15 19:19:22	przemyslaw-bogusz	2020-02-15 19:41:14	20	10	10	False	True
35736	przemyslaw-bogusz	2020-02-15 19:19:22	przemyslaw-bogusz	2020-02-13 20:04:48	413	413	0	True	True
35735	mtarld	2020-02-15 14:54:27	mtarld	2020-02-15 14:50:41	27	22	5	True	True
35733	HeahDude	2020-02-15 12:49:21	HeahDude	2019-04-07 20:08:39	750	710	40	True	True
35732	mtarld	2020-02-15 12:24:50	mtarld	2020-02-14 17:10:13	135	120	15	True	True
35731	HeahDude	2020-02-15 10:01:34	HeahDude	2020-02-15 09:59:09	4	4	0	True	True
35729	VincentLanglet	2020-02-14 22:40:12	VincentLanglet	2020-02-14 22:30:03	233	229	4	True	True
35728	greg0ire	2020-02-14 18:22:29	greg0ire	2020-02-14 18:15:20	7	7	0	True	True
35727	atailouloute	2020-02-14 17:48:13	atailouloute	2020-02-14 16:46:38	88	88	0	True	True
35722	danut007ro	2020-02-14 15:18:10	danut007ro	2020-02-14 15:15:50	2	1	1	True	True
35718	nicolas-grekas	2020-02-14 10:02:52	nicolas-grekas	2020-02-14 10:01:23	5	4	1	True	True
35717	cbastienbaron	2020-02-14 09:50:47	cbastienbaron	2020-02-14 09:48:51	4	1	3	True	True
35716	Hakihiro	2020-02-14 09:25:07	mrjingles	2020-02-17 08:30:34	67	66	1	False	True
35714	aschempp	2020-02-14 08:31:14	aschempp	2020-02-14 08:25:43	2	2	0	True	True
35713	dbrumann	2020-02-14 08:14:40	dbrumann	2020-02-14 08:11:12	2	1	1	True	True
35712	xabbuh	2020-02-14 06:57:17	xabbuh	2020-02-14 06:56:04	16	16	0	True	True
35710	nicolas-grekas	2020-02-13 18:43:38	nicolas-grekas	2020-02-13 18:40:02	2	1	1	True	True
35709	Tobion	2020-02-13 18:37:47	Tobion	2020-02-13 18:35:54	16	5	11	True	True
35708	nicolas-grekas	2020-02-13 18:34:00	nicolas-grekas	2020-02-13 18:24:18	63	31	32	True	True
35707	Andrej-in-ua	2020-02-13 18:07:42	Andrej-in-ua	2020-02-13 17:48:28	68	64	4	True	True
35706	fabpot	2020-02-13 17:21:08	fabpot	2020-02-13 17:19:37	4	2	2	True	True
35705	garak	2020-02-13 15:26:03	garak	2020-02-13 15:21:59	2	1	1	True	True
35703	garak	2020-02-13 14:48:53	garak	2020-02-13 14:46:26	4	2	2	True	True
35702	Veridis	2020-02-13 14:44:51	Makdessi Alex	2020-02-13 14:34:42	51	49	2	True	True
35696	chalasr	2020-02-13 00:32:46	chalasr	2020-02-11 10:52:39	45	42	3	True	True
35693	chr-hertel	2020-02-12 21:25:06	chr-hertel	2020-02-12 21:21:47	10	9	1	True	True
35692	mtarld	2020-02-12 19:13:33	mtarld	2020-02-12 19:08:37	23	18	5	True	True
35690	noniagriconomie	2020-02-12 17:37:45	noniagriconomie	2020-02-12 13:27:47	370	370	0	True	True
35689	Warxcell	2020-02-12 16:51:00	Warxcell	2020-02-12 16:49:35	3	3	0	True	True
35685	cbourgois	2020-02-12 13:34:20	cbourgois	2020-02-12 13:30:49	6	0	6	True	True
35684	antleblanc	2020-02-12 11:12:35	antleblanc	2020-02-12 11:02:15	1	0	1	True	True
35677	GaryPEGEOT	2020-02-11 17:09:05	GaryPEGEOT	2020-09-06 10:46:09	3	2	1	False	True
35677	GaryPEGEOT	2020-02-11 17:09:05	GaryPEGEOT	2020-09-06 09:28:16	441	440	1	False	True
35677	GaryPEGEOT	2020-02-11 17:09:05	GaryPEGEOT	2020-09-07 08:54:59	14	8	6	False	True
35677	GaryPEGEOT	2020-02-11 17:09:05	GaryPEGEOT	2020-09-07 13:22:42	20	6	14	False	True
35676	adam-prickett	2020-02-11 14:42:56	adam-prickett	2020-02-11 14:40:40	36	35	1	True	True
35674	nicolas-grekas	2020-02-11 13:53:33	nicolas-grekas	2020-02-11 13:51:01	47	33	14	True	True
35673	dompie	2020-02-11 12:51:11	dompie	2020-02-11 12:33:01	17	17	0	True	True
35672	thematchless	2020-02-11 10:17:08	thematchless	2020-02-11 10:10:58	2	1	1	True	True
35668	oleg-andreyev	2020-02-10 21:35:47	oleg-andreyev	2020-02-10 21:25:54	4	2	2	True	True
35667	lyrixx	2020-02-10 17:30:46	lyrixx	2020-02-10 17:29:35	47	24	23	True	True
35663	lyrixx	2020-02-10 10:55:03	lyrixx	2020-02-10 10:54:33	39	35	4	True	True
35659	B-Galati	2020-02-10 08:43:46	B-Galati	2020-02-10 08:29:11	50	50	0	True	True
35658	tsantos84	2020-02-09 23:12:21	tsantos84	2020-02-10 15:51:50	4	0	4	False	True
35658	tsantos84	2020-02-09 23:12:21	tsantos84	2020-02-10 16:35:31	11	3	8	False	True
35658	tsantos84	2020-02-09 23:12:21	tsantos84	2020-02-09 23:34:45	2	1	1	False	True
35658	tsantos84	2020-02-09 23:12:21	tsantos84	2020-02-09 23:44:02	42	30	12	False	True
35658	tsantos84	2020-02-09 23:12:21	tsantos84	2020-02-09 23:40:02	4	4	0	False	True
35658	tsantos84	2020-02-09 23:12:21	tsantos84	2020-02-09 23:14:04	6	3	3	False	True
35658	tsantos84	2020-02-09 23:12:21	tsantos84	2020-02-09 23:21:21	12	12	0	False	True
35658	tsantos84	2020-02-09 23:12:21	tsantos84	2020-02-09 22:41:45	36	35	1	True	True
35658	tsantos84	2020-02-09 23:12:21	tsantos84	2020-02-10 16:27:05	10	3	7	False	True
35658	tsantos84	2020-02-09 23:12:21	tsantos84	2020-02-09 23:16:07	2	2	0	False	True
35658	tsantos84	2020-02-09 23:12:21	tsantos84	2020-02-09 22:23:13	59	58	1	True	True
35657	chalasr	2020-02-09 18:20:21	chalasr	2020-02-09 17:57:03	4	2	2	True	True
35656	Guite	2020-02-09 16:52:38	Guite	2020-02-09 16:51:23	21	18	3	True	True
35654	pyrech	2020-02-09 14:40:29	pyrech	2020-02-09 16:21:38	5	0	5	False	True
35654	pyrech	2020-02-09 14:40:29	pyrech	2020-02-09 14:18:46	99	99	0	True	True
35654	pyrech	2020-02-09 14:40:29	pyrech	2020-02-16 22:36:41	103	103	0	False	True
35654	pyrech	2020-02-09 14:40:29	pyrech	2020-02-16 20:24:49	78	53	25	False	True
35653	HeahDude	2020-02-09 13:12:41	HeahDude	2020-02-09 12:53:06	603	596	7	True	True
35649	franmomu	2020-02-08 13:20:07	franmomu	2020-02-08 07:50:31	22	16	6	True	True
35648	nicolas-grekas	2020-02-08 12:57:18	nicolas-grekas	2020-02-08 12:26:33	80	38	42	True	True
35646	erkhem42	2020-02-08 10:18:01	erkhem42	2020-02-08 10:05:56	220	220	0	True	True
35645	nicolas-grekas	2020-02-07 23:29:33	nicolas-grekas	2020-02-07 18:04:34	45	45	0	True	True
35644	Pierstoval	2020-02-07 22:30:05	Pierstoval	2020-02-07 22:14:24	62	62	0	True	True
35643	atailouloute	2020-02-07 21:58:08	atailouloute	2020-02-07 21:50:50	77	37	40	True	True
35643	atailouloute	2020-02-07 21:58:08	Nyholm	2017-06-28 12:12:41	297	297	0	True	True
35642	atailouloute	2020-02-07 20:31:03	atailouloute	2020-02-07 20:24:18	14	13	1	True	True
35641	Guikingone	2020-02-07 18:33:12	Guikingone	2020-02-07 18:31:10	20	20	0	True	True
35636	lyrixx	2020-02-07 15:48:41	lyrixx	2020-02-10 10:40:11	97	81	16	False	True
35635	derrabus	2020-02-07 14:22:12	derrabus	2020-02-07 14:12:51	23	13	10	True	True
35633	micheh	2020-02-07 13:28:16	micheh	2020-02-07 13:16:26	127	126	1	True	True
35628	wimme002	2020-02-07 07:09:32	wimme002	2020-02-07 06:50:31	6	3	3	True	True
35626	fancyweb	2020-02-06 22:26:01	fancyweb	2020-02-06 22:17:20	241	241	0	True	True
35625	fancyweb	2020-02-06 17:47:49	fancyweb	2020-02-06 17:44:01	49	49	0	True	True
35624	fancyweb	2020-02-06 16:59:32	fancyweb	2020-02-06 16:58:08	35	1	34	True	True
35619	lyrixx	2020-02-06 13:13:46	lyrixx	2020-02-06 13:08:20	1	1	0	True	True
35617	ArnaudTarroux	2020-02-06 12:08:03	ArnaudTarroux	2020-02-06 09:11:48	312	310	2	True	True
35617	ArnaudTarroux	2020-02-06 12:08:03	ArnaudTarroux	2020-08-25 12:53:07	10	5	5	False	True
35617	ArnaudTarroux	2020-02-06 12:08:03	ArnaudTarroux	2020-09-01 16:17:09	4	2	2	False	True
35617	ArnaudTarroux	2020-02-06 12:08:03	ArnaudTarroux	2020-09-01 07:49:26	21	17	4	False	True
35617	ArnaudTarroux	2020-02-06 12:08:03	ArnaudTarroux	2020-08-31 19:52:13	2	1	1	False	True
35617	ArnaudTarroux	2020-02-06 12:08:03	ArnaudTarroux	2020-08-31 19:51:06	26	13	13	False	True
35617	ArnaudTarroux	2020-02-06 12:08:03	ArnaudTarroux	2020-08-25 09:58:37	5	4	1	False	True
35617	ArnaudTarroux	2020-02-06 12:08:03	ArnaudTarroux	2020-02-06 09:16:11	117	117	0	True	True
35617	ArnaudTarroux	2020-02-06 12:08:03	ArnaudTarroux	2020-08-31 19:49:59	8	3	5	False	True
35617	ArnaudTarroux	2020-02-06 12:08:03	ArnaudTarroux	2020-02-06 09:46:45	46	43	3	True	True
35617	ArnaudTarroux	2020-02-06 12:08:03	ArnaudTarroux	2020-02-06 09:37:40	32	18	14	True	True
35616	pbowyer	2020-02-06 11:25:10	pbowyer	2020-02-06 11:22:44	2	1	1	True	True
35611	peterjaap	2020-02-06 05:56:42	peterjaap	2020-02-06 05:54:55	36	21	15	True	True
35610	IonBazan	2020-02-06 03:15:23	IonBazan	2020-02-06 03:10:55	2	1	1	True	True
35609	HeahDude	2020-02-05 18:59:15	HeahDude	2020-02-05 18:53:27	29	27	2	True	True
35608	nicolas-grekas	2020-02-05 17:58:20	nicolas-grekas	2020-02-05 17:53:43	112	97	15	True	True
35606	alanpoulain	2020-02-05 16:44:49	alanpoulain	2020-02-05 16:32:02	2	1	1	True	True
35605	nicolas-grekas	2020-02-05 15:15:12	fabpot	2018-09-04 08:27:39	235	196	39	True	True
35600	lyrixx	2020-02-05 10:18:39	lyrixx	2020-02-05 10:10:06	3	1	2	True	True
35596	dunglas	2020-02-05 00:27:07	dunglas	2020-02-05 00:25:55	20	19	1	True	True
35592	maidmaid	2020-02-04 15:35:07	maidmaid	2020-01-08 10:21:20	343	301	42	True	True
35592	maidmaid	2020-02-04 15:35:07	maidmaid	2020-03-03 08:43:57	2	1	1	False	True
35592	maidmaid	2020-02-04 15:35:07	maidmaid	2020-03-03 08:57:03	4	2	2	False	True
35592	maidmaid	2020-02-04 15:35:07	maidmaid	2020-03-03 08:45:11	2	1	1	False	True
35592	maidmaid	2020-02-04 15:35:07	maidmaid	2020-03-03 08:44:53	2	1	1	False	True
35592	maidmaid	2020-02-04 15:35:07	maidmaid	2020-03-03 10:13:26	34	31	3	False	True
35592	maidmaid	2020-02-04 15:35:07	maidmaid	2020-03-03 08:42:05	2	1	1	False	True
35592	maidmaid	2020-02-04 15:35:07	maidmaid	2020-02-18 10:29:31	140	75	65	False	True
35592	maidmaid	2020-02-04 15:35:07	maidmaid	2020-03-03 10:10:08	2	1	1	False	True
35591	greedyivan	2020-02-04 13:48:06	greedyivan	2020-02-04 16:53:14	94	74	20	False	True
35590	nicolas-grekas	2020-02-04 13:05:19	nicolas-grekas	2020-02-04 13:02:49	37	26	11	True	True
35589	chalasr	2020-02-04 10:31:10	chalasr	2020-02-04 10:29:55	4	2	2	True	True
35588	jderusse	2020-02-04 09:53:23	jderusse	2020-02-04 09:49:52	6	3	3	True	True
35584	fabpot	2020-02-04 08:07:06	fabpot	2020-02-04 08:03:00	182	91	91	True	True
35580	pyatnitsev	2020-02-03 21:18:52	pyatnitsev	2020-02-03 21:28:08	22	12	10	False	True
35580	pyatnitsev	2020-02-03 21:18:52	pyatnitsev	2020-02-03 21:31:08	4	2	2	False	True
35580	pyatnitsev	2020-02-03 21:18:52	pyatnitsev	2020-02-03 21:10:14	99	99	0	True	True
35578	fancyweb	2020-02-03 18:51:15	fancyweb	2020-02-03 18:47:48	28	25	3	True	True
35573	kbond	2020-02-03 14:06:29	kbond	2020-02-03 13:37:34	39	38	1	True	True
35566	hallboav	2020-02-03 02:01:21	hallboav	2020-01-12 05:52:44	278	278	0	True	True
35560	nicolas-grekas	2020-02-02 16:40:15	nicolas-grekas	2020-02-02 16:25:17	40	39	1	True	True
35559	nicolas-grekas	2020-02-02 15:15:47	nicolas-grekas	2020-02-02 15:14:55	9	2	7	True	True
35556	greedyivan	2020-02-01 20:26:17	greedyivan	2020-02-01 20:12:46	176	176	0	True	True
35555	wouterj	2020-02-01 18:17:13	wouterj	2020-02-01 18:15:26	9	7	2	True	True
35553	julienfalque	2020-02-01 15:40:27	julienfalque	2020-02-01 15:21:44	74	71	3	True	True
35552	wouterj	2020-02-01 13:37:09	wouterj	2020-02-01 13:25:57	34	32	2	True	True
35550	nicolas-grekas	2020-02-01 11:04:08	nicolas-grekas	2020-02-01 11:00:36	152	81	71	True	True
