pr_number	author_user_login	pr_created_at	comment_user_login	comment_created_at	is_review_issue_comment
130		2011-02-28 16:49:42			False
127		2011-02-28 11:46:06			False
126		2011-02-28 10:27:58			False
120		2011-02-27 18:35:09			False
113		2011-02-26 16:27:44			False
108	kriswallsmith	2011-02-25 16:46:48	fabpot	2011-02-27 21:30:51	True
103	kriswallsmith	2011-02-25 05:09:53	fabpot	2011-02-25 06:20:13	True
103	kriswallsmith	2011-02-25 05:09:53	cranberyxl	2011-02-25 14:31:59	True
103	kriswallsmith	2011-02-25 05:09:53	avalanche123	2011-02-28 18:56:19	True
100	francisbesset	2011-02-24 21:34:36	fabpot	2011-03-21 08:27:56	True
100	francisbesset	2011-02-24 21:34:36	stof	2011-03-11 23:39:55	True
100	francisbesset	2011-02-24 21:34:36	kriswallsmith	2011-03-11 21:10:49	True
100	francisbesset	2011-02-24 21:34:36	korjavin	2011-02-24 22:16:41	True
100	francisbesset	2011-02-24 21:34:36	fabpot	2011-03-11 18:31:24	True
100	francisbesset	2011-02-24 21:34:36	ericclemmons	2011-02-25 03:52:57	True
100	francisbesset	2011-02-24 21:34:36	stof	2011-02-24 22:09:21	True
99	stof	2011-02-24 21:16:12	fabpot	2011-03-09 13:27:15	True
99	stof	2011-02-24 21:16:12	fabpot	2011-03-09 16:25:20	True
99	stof	2011-02-24 21:16:12	fabpot	2011-03-09 13:20:25	True
95		2011-02-24 16:40:08			False
89	mweimerskirch	2011-02-24 12:31:03	lsmith77	2011-02-27 22:57:00	True
86	lsmith77	2011-02-23 21:56:30	beberlei	2011-03-23 20:40:32	True
