pr_number	author_user_login	pr_created_at	commit_user_login	commit_created_at	commit_status_total	commit_status_additions	commit_status_deletions	create_before_pr	is_review_commit
18924	webmozart	2016-05-31 15:23:49	webmozart	2016-05-31 15:20:30	468	466	2	True	True
18915	xabbuh	2016-05-30 08:40:04	xabbuh	2016-05-29 10:39:28	36	35	1	True	True
18911	peterrehm	2016-05-29 16:21:21	peterrehm	2016-05-29 16:16:27	9	7	2	True	True
18911	peterrehm	2016-05-29 16:21:21	peterrehm	2016-06-05 08:42:31	17	11	6	False	True
18911	peterrehm	2016-05-29 16:21:21	peterrehm	2016-06-05 17:50:19	1	1	0	False	True
18911	peterrehm	2016-05-29 16:21:21	peterrehm	2016-06-06 18:51:33	25	9	16	False	True
18909	peterrehm	2016-05-29 12:14:04	peterrehm	2016-06-06 18:47:09	25	9	16	False	True
18909	peterrehm	2016-05-29 12:14:04	peterrehm	2016-06-05 17:52:18	6	1	5	False	True
18909	peterrehm	2016-05-29 12:14:04	peterrehm	2016-05-29 12:11:17	9	7	2	True	True
18909	peterrehm	2016-05-29 12:14:04	peterrehm	2016-06-05 08:43:59	12	11	1	False	True
18902	chalasr	2016-05-27 11:18:02	chalasr	2016-05-27 11:06:51	93	93	0	True	True
18893	RobertMe	2016-05-26 14:30:01	Robert-TelePsy	2016-05-26 14:08:43	67	66	1	True	True
18881	csarrazi	2016-05-26 02:04:25	csarrazi	2016-05-26 01:56:44	182	177	5	True	True
18880	xabbuh	2016-05-25 21:44:00	xabbuh	2016-06-14 12:01:14	66	66	0	False	True
18873	unkind	2016-05-25 16:11:51	unkind	2016-05-25 14:29:13	98	97	1	True	True
18869	wouterj	2016-05-25 10:21:34	wouterj	2016-05-25 10:12:27	17	17	0	True	True
18864	peterrehm	2016-05-25 06:37:21	peterrehm	2016-05-25 06:27:19	4	2	2	True	True
18864	peterrehm	2016-05-25 06:37:21	peterrehm	2016-05-25 19:52:47	27	27	0	False	True
18861	inso	2016-05-24 21:10:55	inso	2016-05-29 18:51:06	2	2	0	False	True
18861	inso	2016-05-24 21:10:55	inso	2016-05-29 17:15:37	18	18	0	False	True
18861	inso	2016-05-24 21:10:55	inso	2016-05-29 17:18:17	2	1	1	False	True
18861	inso	2016-05-24 21:10:55	inso	2016-05-29 17:11:28	40	23	17	False	True
18861	inso	2016-05-24 21:10:55	inso	2016-05-29 18:48:22	8	4	4	False	True
18861	inso	2016-05-24 21:10:55	inso	2016-05-24 20:58:05	2	2	0	True	True
18861	inso	2016-05-24 21:10:55	inso	2016-05-24 21:00:40	20	15	5	True	True
18854	theofidry	2016-05-24 10:38:12	theofidry	2016-05-24 10:36:46	57	56	1	True	True
18854	theofidry	2016-05-24 10:38:12	theofidry	2016-05-24 10:44:25	12	6	6	False	True
18854	theofidry	2016-05-24 10:38:12	theofidry	2016-05-24 15:27:27	17	0	17	False	True
18852	gseidel	2016-05-23 21:04:27	gseidel	2016-05-29 21:17:24	15	10	5	False	True
18845	jaylinski	2016-05-23 12:27:26	jaylinski	2016-05-23 11:43:22	35	26	9	True	True
18834	dunglas	2016-05-22 08:06:03	dunglas	2016-05-22 07:54:16	128	123	5	True	True
18833	chalasr	2016-05-21 23:57:00	chalasr	2016-05-21 23:52:26	382	145	237	True	True
18832	trakos	2016-05-21 20:41:32	trakos	2016-05-23 22:43:48	10	7	3	False	True
18832	trakos	2016-05-21 20:41:32	ttrakos	2016-05-22 04:05:05	15	9	6	False	True
18832	trakos	2016-05-21 20:41:32	ttrakos	2016-05-22 04:32:21	14	14	0	False	True
18832	trakos	2016-05-21 20:41:32	trakos	2016-05-23 22:22:12	524	371	153	False	True
18832	trakos	2016-05-21 20:41:32	ttrakos	2016-05-22 03:10:37	288	228	60	False	True
18832	trakos	2016-05-21 20:41:32	ttrakos	2016-05-22 05:11:18	9	5	4	False	True
18832	trakos	2016-05-21 20:41:32	ttrakos	2016-05-21 20:22:16	407	300	107	True	True
18828	xabbuh	2016-05-21 06:52:58	xabbuh	2016-05-14 15:57:37	29	22	7	True	True
18825	tgalopin	2016-05-20 16:33:32	tgalopin	2016-04-15 13:49:54	245	245	0	True	True
18823	tgalopin	2016-05-20 16:08:33	tgalopin	2016-04-13 13:35:41	538	538	0	True	True
18822	javiereguiluz	2016-05-20 14:11:32	javiereguiluz	2016-05-20 14:26:03	2	1	1	False	True
18822	javiereguiluz	2016-05-20 14:11:32	javiereguiluz	2016-05-20 14:36:17	2	1	1	False	True
18822	javiereguiluz	2016-05-20 14:11:32	javiereguiluz	2016-05-20 14:27:52	12	6	6	False	True
18822	javiereguiluz	2016-05-20 14:11:32	javiereguiluz	2016-05-20 13:55:02	26	24	2	True	True
18821	francisbesset	2016-05-20 13:50:03	francisbesset	2016-05-20 13:47:36	2	1	1	True	True
18812	fprochazka	2016-05-19 13:56:42	fprochazka	2016-05-12 15:11:08	20	20	0	True	True
18812	fprochazka	2016-05-19 13:56:42	fprochazka	2016-05-12 16:40:14	2	1	1	True	True
18812	fprochazka	2016-05-19 13:56:42	fprochazka	2016-05-12 16:39:29	5	3	2	True	True
18792	nicolas-grekas	2016-05-16 09:03:35	nicolas-grekas	2016-05-16 09:02:32	26	13	13	True	True
18790	juanmirod	2016-05-15 19:54:08	juanmirod	2016-05-19 19:32:52	13	5	8	False	True
18790	juanmirod	2016-05-15 19:54:08	juanmirod	2016-05-12 22:28:19	4	1	3	True	True
18790	juanmirod	2016-05-15 19:54:08	juanmirod	2016-05-12 22:08:07	35	32	3	True	True
18790	juanmirod	2016-05-15 19:54:08	juanmirod	2016-05-15 19:56:35	1	0	1	False	True
18788	funyx	2016-05-15 03:17:44	funyx	2016-05-15 22:06:23	2	1	1	False	True
18788	funyx	2016-05-15 03:17:44	funyx	2016-05-15 21:23:10	80	53	27	False	True
18788	funyx	2016-05-15 03:17:44	funyx	2016-05-15 21:34:51	44	22	22	False	True
18788	funyx	2016-05-15 03:17:44	funyx	2016-05-17 10:36:35	25	11	14	False	True
18785	xabbuh	2016-05-14 17:51:28	xabbuh	2016-05-14 16:19:31	115	101	14	True	True
18781	multi-io	2016-05-13 20:56:48	multi-io	2016-06-09 11:02:42	3	1	2	False	True
18781	multi-io	2016-05-13 20:56:48	multi-io	2016-05-19 10:18:19	2	1	1	False	True
18781	multi-io	2016-05-13 20:56:48	multi-io	2016-06-09 14:48:54	3	1	2	False	True
18781	multi-io	2016-05-13 20:56:48	multi-io	2016-06-09 11:02:14	6	3	3	False	True
18781	multi-io	2016-05-13 20:56:48	multi-io	2016-05-20 23:09:16	38	37	1	False	True
18781	multi-io	2016-05-13 20:56:48	multi-io	2016-05-13 18:26:50	33	30	3	True	True
18772	bradbyu	2016-05-13 14:48:25	bradbyu	2016-05-13 17:58:12	3	2	1	False	True
18772	bradbyu	2016-05-13 14:48:25	bradbyu	2016-05-13 15:50:04	2	1	1	False	True
18772	bradbyu	2016-05-13 14:48:25	bradbyu	2016-05-13 14:45:14	2	2	0	True	True
18765	fprochazka	2016-05-12 15:54:00	fprochazka	2016-05-12 15:11:08	2	1	1	True	True
18762	SpacePossum	2016-05-12 12:30:19	SpacePossum	2016-05-12 13:47:27	2	1	1	False	True
18762	SpacePossum	2016-05-12 12:30:19	SpacePossum	2016-05-12 12:21:11	21	14	7	True	True
18761	issei-m	2016-05-12 10:48:09	issei-m	2016-05-10 16:50:58	8	3	5	True	True
18761	issei-m	2016-05-12 10:48:09	issei-m	2016-05-12 10:35:33	29	23	6	True	True
18760	SpacePossum	2016-05-12 08:03:47	SpacePossum	2016-05-12 08:02:05	2	1	1	True	True
18759	krzysiekpiasecki	2016-05-12 06:39:42	krzysiekpiasecki	2016-05-12 06:29:24	24	22	2	True	True
18759	krzysiekpiasecki	2016-05-12 06:39:42	krzysiekpiasecki	2016-05-12 14:01:40	4	2	2	False	True
18759	krzysiekpiasecki	2016-05-12 06:39:42	krzysiekpiasecki	2016-05-12 13:56:38	10	2	8	False	True
18746	fre5h	2016-05-11 10:36:24	fre5h	2016-05-11 08:44:27	124	115	9	True	True
18746	fre5h	2016-05-11 10:36:24	fre5h	2016-05-11 11:04:12	28	14	14	False	True
18746	fre5h	2016-05-11 10:36:24	fre5h	2016-05-11 11:07:35	12	6	6	False	True
18746	fre5h	2016-05-11 10:36:24	fre5h	2016-05-11 11:55:04	25	24	1	False	True
18746	fre5h	2016-05-11 10:36:24	fre5h	2016-05-13 19:08:46	12	1	11	False	True
18732	nykopol	2016-05-09 17:27:03	nykopol	2016-05-10 06:36:32	4	2	2	False	True
18732	nykopol	2016-05-09 17:27:03	nykopol	2016-05-16 05:47:12	2	1	1	False	True
18732	nykopol	2016-05-09 17:27:03	nykopol	2016-05-25 17:35:07	10	4	6	False	True
18732	nykopol	2016-05-09 17:27:03	nykopol	2016-05-10 06:27:07	11	11	0	False	True
18732	nykopol	2016-05-09 17:27:03	nykopol	2016-05-09 16:57:57	13	13	0	True	True
18728	xabbuh	2016-05-09 13:46:08	xabbuh	2016-05-09 15:02:09	6	4	2	False	True
18728	xabbuh	2016-05-09 13:46:08	xabbuh	2016-05-09 15:02:20	6	5	1	False	True
18728	xabbuh	2016-05-09 13:46:08	xabbuh	2016-05-05 06:52:44	168	133	35	True	True
18726	teohhanhui	2016-05-09 06:31:14	teohhanhui	2016-05-09 06:15:43	4	3	1	True	True
18725	csarrazi	2016-05-08 19:26:15	csarrazi	2016-05-08 19:21:13	198	172	26	True	True
18724	nicolas-grekas	2016-05-08 02:58:51	nicolas-grekas	2016-05-07 22:04:41	9	4	5	True	True
18722	c960657	2016-05-07 14:16:31	c960657	2017-07-13 21:41:00	920	706	214	False	True
18716	nicolas-grekas	2016-05-05 20:26:12	nicolas-grekas	2016-05-05 20:23:36	40	39	1	True	True
18715	nicolas-grekas	2016-05-05 15:42:55	nicolas-grekas	2016-05-05 15:37:21	92	49	43	True	True
18714	nicolas-grekas	2016-05-05 14:25:06	nicolas-grekas	2016-04-26 15:44:27	101	57	44	True	True
18712	dawehner	2016-05-05 09:23:42	dawehner	2016-05-14 21:40:23	106	64	42	False	True
18712	dawehner	2016-05-05 09:23:42	dawehner	2016-05-05 09:33:14	20	10	10	False	True
18712	dawehner	2016-05-05 09:23:42	dawehner	2016-05-05 09:26:56	11	8	3	False	True
18712	dawehner	2016-05-05 09:23:42	dawehner	2016-05-05 09:23:03	19	18	1	True	True
18712	dawehner	2016-05-05 09:23:42	dawehner	2016-05-16 13:30:48	4	2	2	False	True
18712	dawehner	2016-05-05 09:23:42	dawehner	2016-05-15 13:58:29	4	2	2	False	True
18710	chalasr	2016-05-04 22:32:49	chalasr	2016-05-04 21:40:49	109	109	0	True	True
18704	kucharovic	2016-05-04 12:30:00	kucharovic	2016-05-04 12:11:11	6	5	1	True	True
18702	ragboyjr	2016-05-03 16:16:53	ragboyjr	2016-05-03 14:32:09	18	16	2	True	True
18695	chalasr	2016-05-02 20:35:11	chalasr	2016-05-02 20:11:35	1	1	0	True	True
18691	lemoinem	2016-05-02 15:17:30	lemoinem	2016-05-02 15:12:26	60	45	15	True	True
18690	xabbuh	2016-05-02 13:22:43	xabbuh	2016-05-02 13:21:29	4	3	1	True	True
18689	nicolas-grekas	2016-05-02 12:58:49	nicolas-grekas	2016-05-01 17:15:43	269	220	49	True	True
18688	magnusnordlander	2016-05-02 12:45:44	magnusnordlander	2016-06-25 09:59:51	14	9	5	False	True
18688	magnusnordlander	2016-05-02 12:45:44	magnusnordlander	2016-05-02 12:34:55	11	9	2	True	True
18688	magnusnordlander	2016-05-02 12:45:44	magnusnordlander	2016-06-25 10:23:10	20	17	3	False	True
18688	magnusnordlander	2016-05-02 12:45:44	magnusnordlander	2016-06-28 13:55:36	9	5	4	False	True
18688	magnusnordlander	2016-05-02 12:45:44	magnusnordlander	2016-06-25 10:03:54	9	4	5	False	True
18688	magnusnordlander	2016-05-02 12:45:44	magnusnordlander	2016-05-03 12:26:36	2	1	1	False	True
18688	magnusnordlander	2016-05-02 12:45:44	magnusnordlander	2016-06-25 09:29:22	119	116	3	False	True
18688	magnusnordlander	2016-05-02 12:45:44	magnusnordlander	2016-05-05 11:30:22	168	138	30	False	True
18688	magnusnordlander	2016-05-02 12:45:44	magnusnordlander	2016-06-25 10:09:49	7	6	1	False	True
18688	magnusnordlander	2016-05-02 12:45:44	magnusnordlander	2016-06-28 13:53:43	18	8	10	False	True
18688	magnusnordlander	2016-05-02 12:45:44	magnusnordlander	2016-05-05 11:35:31	1	0	1	False	True
18686	aitboudad	2016-05-02 11:16:41	aitboudad	2016-05-02 11:14:36	72	43	29	True	True
