pr_number	author_user_login	pr_created_at	comment_user_login	comment_created_at	is_review_issue_comment
27458	GregOriol	2018-05-31 23:39:55	nicolas-grekas	2018-06-04 21:00:50	True
27456	jderusse	2018-05-31 21:35:01	fabpot	2018-09-04 16:53:01	True
27454	tgalopin	2018-05-31 16:57:39	fabpot	2018-05-31 19:37:36	True
27452	weaverryan	2018-05-31 15:52:08	aschempp	2018-05-31 16:46:47	True
27452	weaverryan	2018-05-31 15:52:08	aschempp	2018-06-01 19:06:51	True
27452	weaverryan	2018-05-31 15:52:08	stof	2018-05-31 16:35:13	True
27452	weaverryan	2018-05-31 15:52:08	stof	2018-05-31 16:36:54	True
27452	weaverryan	2018-05-31 15:52:08	nicolas-grekas	2018-06-07 17:12:44	True
27452	weaverryan	2018-05-31 15:52:08	fabpot	2018-06-10 10:27:55	True
27444	pierredup	2018-05-31 10:46:42	chalasr	2020-03-27 10:09:54	True
27444	pierredup	2018-05-31 10:46:42	fabpot	2020-04-12 07:40:09	True
27444	pierredup	2018-05-31 10:46:42	nicolas-grekas	2018-06-19 12:02:56	True
27444	pierredup	2018-05-31 10:46:42	javiereguiluz	2018-05-31 14:07:48	True
27444	pierredup	2018-05-31 10:46:42	ogizanagi	2018-06-01 06:14:06	True
27443	curry684	2018-05-31 10:05:11	nicolas-grekas	2018-05-31 21:04:07	True
27443	curry684	2018-05-31 10:05:11	chalasr	2018-06-04 09:10:17	True
27443	curry684	2018-05-31 10:05:11	nicolas-grekas	2018-06-01 07:12:03	True
27443	curry684	2018-05-31 10:05:11	nicolas-grekas	2018-05-31 21:39:30	True
27443	curry684	2018-05-31 10:05:11	nicolas-grekas	2018-05-31 17:58:55	True
27443	curry684	2018-05-31 10:05:11	weaverryan	2018-05-31 17:14:34	True
27443	curry684	2018-05-31 10:05:11	javiereguiluz	2018-05-31 16:04:04	True
27435	Doctrs	2018-05-30 20:20:30	nicolas-grekas	2018-07-07 15:09:58	True
27435	Doctrs	2018-05-30 20:20:30	yceruto	2018-06-20 21:11:05	True
27434	cdekok	2018-05-30 19:51:01	chalasr	2018-09-23 11:46:39	True
27431	ogizanagi	2018-05-30 17:35:14	fabpot	2018-05-31 05:49:35	True
27430	sroze	2018-05-30 15:47:20	fabpot	2018-05-31 05:55:21	True
27430	sroze	2018-05-30 15:47:20	dunglas	2018-05-30 16:08:57	True
27429	sroze	2018-05-30 15:41:25	fabpot	2018-05-31 05:58:18	True
27421	ScullWM	2018-05-30 10:36:59	nicolas-grekas	2018-06-19 13:16:03	True
27420		2018-05-30 07:26:28			False
27417	fabpot	2018-05-30 03:49:14	plozmun	2018-05-30 06:30:58	True
27416	palex-fpt	2018-05-30 01:34:21	nicolas-grekas	2018-05-30 04:24:28	True
27416	palex-fpt	2018-05-30 01:34:21	nicolas-grekas	2018-06-08 22:45:36	True
27416	palex-fpt	2018-05-30 01:34:21	nicolas-grekas	2018-05-30 07:01:09	True
27416	palex-fpt	2018-05-30 01:34:21	nicolas-grekas	2018-05-30 09:28:19	True
27415	curry684	2018-05-29 23:35:07	fabpot	2018-05-30 02:18:05	True
27415	curry684	2018-05-29 23:35:07	nicolas-grekas	2018-05-30 09:27:08	True
27414	dunglas	2018-05-29 21:17:27	fabpot	2018-05-30 05:45:23	True
27414	dunglas	2018-05-29 21:17:27	fabpot	2018-05-30 02:11:36	True
27413	yceruto	2018-05-29 20:52:28	nicolas-grekas	2018-05-30 07:39:06	True
27413	yceruto	2018-05-29 20:52:28	nicolas-grekas	2018-05-29 21:08:56	True
27413	yceruto	2018-05-29 20:52:28	ogizanagi	2018-06-08 20:23:09	True
27413	yceruto	2018-05-29 20:52:28	ogizanagi	2018-05-30 10:56:22	True
27406	DonCallisto	2018-05-29 13:36:07	nicolas-grekas	2018-05-30 10:02:06	True
27406	DonCallisto	2018-05-29 13:36:07	nicolas-grekas	2018-05-30 10:00:28	True
27406	DonCallisto	2018-05-29 13:36:07	nicolas-grekas	2018-05-30 09:44:33	True
27406	DonCallisto	2018-05-29 13:36:07	nicolas-grekas	2018-05-30 09:37:47	True
27406	DonCallisto	2018-05-29 13:36:07	nicolas-grekas	2018-05-29 19:47:13	True
27406	DonCallisto	2018-05-29 13:36:07	nicolas-grekas	2018-05-29 13:49:33	True
27406	DonCallisto	2018-05-29 13:36:07	fabpot	2018-05-31 07:42:09	True
27402	dborsatto	2018-05-29 09:05:52	fabpot	2018-05-29 11:31:53	True
27399	Nyholm	2018-05-28 20:42:46	nicolas-grekas	2018-08-31 15:18:24	True
27399	Nyholm	2018-05-28 20:42:46	fabpot	2018-09-04 07:03:45	True
27399	Nyholm	2018-05-28 20:42:46	nicolas-grekas	2018-09-04 06:48:54	True
27399	Nyholm	2018-05-28 20:42:46	nicolas-grekas	2018-08-30 14:15:16	True
27399	Nyholm	2018-05-28 20:42:46	nicolas-grekas	2018-08-24 21:27:13	True
27399	Nyholm	2018-05-28 20:42:46	artursvonda	2018-08-01 14:33:48	True
27398	nicolas-grekas	2018-05-28 19:40:36	fabpot	2018-05-31 14:27:06	True
27397	ogizanagi	2018-05-28 18:02:01	lyrixx	2018-06-12 13:19:29	True
27393	mhujer	2018-05-27 17:06:24	nicolas-grekas	2018-05-29 13:26:13	True
27389		2018-05-26 09:38:55			False
27388	nicolas-grekas	2018-05-25 16:32:11	stof	2018-05-25 16:41:40	True
27382	krixon	2018-05-25 13:56:32	nicolas-grekas	2018-06-19 13:17:45	True
27382	krixon	2018-05-25 13:56:32	nicolas-grekas	2018-06-15 07:16:39	True
27382	krixon	2018-05-25 13:56:32	nicolas-grekas	2018-06-15 07:17:08	True
27376	sroze	2018-05-25 12:04:50	fabpot	2018-05-25 12:20:54	True
27376	sroze	2018-05-25 12:04:50	nicolas-grekas	2018-05-25 13:03:09	True
27371	ostrolucky	2018-05-24 21:42:41	linaori	2018-05-25 08:00:14	True
27371	ostrolucky	2018-05-24 21:42:41	nicolas-grekas	2018-05-25 14:28:46	True
27370	ostrolucky	2018-05-24 21:26:06	nicolas-grekas	2018-05-25 13:04:24	True
27369	ostrolucky	2018-05-24 21:01:29	nicolas-grekas	2018-05-25 14:35:41	True
27367		2018-05-24 15:02:45			False
27366	nicolas-grekas	2018-05-24 14:10:07	stof	2018-05-24 15:18:52	True
27365	dunglas	2018-05-24 11:50:28	nicolas-grekas	2018-05-25 14:39:17	True
27364	nicolas-grekas	2018-05-24 11:42:49	curry684	2018-05-24 13:49:03	True
27363		2018-05-24 08:21:59			False
27361	nicolas-grekas	2018-05-24 08:02:10	chalasr	2018-05-24 08:14:59	True
27359	nicolas-grekas	2018-05-23 21:25:37	stof	2018-05-24 08:46:42	True
27359	nicolas-grekas	2018-05-23 21:25:37	fabpot	2018-05-25 10:53:18	True
27358	ostrolucky	2018-05-23 20:30:36	nicolas-grekas	2018-05-25 14:38:35	True
27357	jderusse	2018-05-23 17:32:05	stof	2018-05-23 17:59:29	True
27357	jderusse	2018-05-23 17:32:05	stof	2018-05-24 07:21:29	True
27357	jderusse	2018-05-23 17:32:05	stof	2018-05-23 17:58:36	True
27357	jderusse	2018-05-23 17:32:05	stof	2018-05-24 08:04:48	True
27357	jderusse	2018-05-23 17:32:05	nicolas-grekas	2018-06-08 22:46:32	True
27355	javiereguiluz	2018-05-23 13:50:30	nicolas-grekas	2018-05-25 14:34:29	True
27352	stof	2018-05-23 11:00:33	nicolas-grekas	2018-05-25 14:32:33	True
27350	alekitto	2018-05-23 10:34:50	nicolas-grekas	2018-05-25 14:31:01	True
27349	jvasseur	2018-05-23 10:03:47	linaori	2018-05-23 11:33:24	True
27349	jvasseur	2018-05-23 10:03:47	nicolas-grekas	2018-05-25 14:31:35	True
27346	kralos	2018-05-23 05:40:04	nicolas-grekas	2018-06-19 13:18:56	True
27346	kralos	2018-05-23 05:40:04	nicolas-grekas	2018-05-23 06:53:20	True
27344	kiler129	2018-05-23 03:04:10	nicolas-grekas	2018-05-25 14:44:07	True
27343	ogizanagi	2018-05-22 17:54:17	sroze	2018-05-22 18:07:29	True
27343	ogizanagi	2018-05-22 17:54:17	ostrolucky	2018-05-23 08:37:19	True
27343	ogizanagi	2018-05-22 17:54:17	sroze	2018-05-31 07:30:46	True
27342	arderyp	2018-05-22 16:47:37	stof	2018-05-22 17:06:38	True
27342	arderyp	2018-05-22 16:47:37	nicolas-grekas	2018-05-23 10:08:41	True
27342	arderyp	2018-05-22 16:47:37	nicolas-grekas	2018-05-25 21:05:56	True
27342	arderyp	2018-05-22 16:47:37	nicolas-grekas	2018-05-23 11:21:31	True
27342	arderyp	2018-05-22 16:47:37	stof	2018-05-23 12:49:58	True
27341	yceruto	2018-05-22 16:21:35	ogizanagi	2018-05-22 17:00:25	True
27341	yceruto	2018-05-22 16:21:35	ogizanagi	2018-05-22 17:18:20	True
27337	emilielorenzo	2018-05-22 11:11:16	nicolas-grekas	2018-05-22 12:28:21	True
27336	chalasr	2018-05-22 09:46:53	nicolas-grekas	2018-05-25 14:45:19	True
27326	webnet-fr	2018-05-21 10:23:15	dunglas	2018-05-31 16:29:18	True
27326	webnet-fr	2018-05-21 10:23:15	fabpot	2018-06-10 09:54:11	True
27326	webnet-fr	2018-05-21 10:23:15	nicolas-grekas	2018-06-08 22:44:18	True
27326	webnet-fr	2018-05-21 10:23:15	nicolas-grekas	2018-05-30 07:33:29	True
27323	vudaltsov	2018-05-21 01:52:26	fabpot	2018-05-23 05:01:56	True
27323	vudaltsov	2018-05-21 01:52:26	nicolas-grekas	2018-05-24 08:56:40	True
27322	ogizanagi	2018-05-20 11:09:14	sroze	2018-06-30 11:27:00	True
27322	ogizanagi	2018-05-20 11:09:14	sroze	2018-05-21 08:56:10	True
27322	ogizanagi	2018-05-20 11:09:14	hhamon	2018-05-21 12:26:43	True
27322	ogizanagi	2018-05-20 11:09:14	sroze	2018-07-20 09:46:17	True
27322	ogizanagi	2018-05-20 11:09:14	jvasseur	2018-05-21 12:36:15	True
27321	ogizanagi	2018-05-20 11:07:38	fabpot	2018-09-08 12:24:50	True
27321	ogizanagi	2018-05-20 11:07:38	fabpot	2018-09-04 10:17:29	True
27320	ogizanagi	2018-05-20 11:07:31	sroze	2018-07-08 09:25:15	True
27320	ogizanagi	2018-05-20 11:07:31	sroze	2018-05-30 08:55:47	True
27317	kiler129	2018-05-19 22:37:12	nicolas-grekas	2018-06-04 19:57:56	True
27317	kiler129	2018-05-19 22:37:12	nicolas-grekas	2018-06-19 13:02:18	True
27317	kiler129	2018-05-19 22:37:12	nicolas-grekas	2018-05-20 09:11:16	True
27317	kiler129	2018-05-19 22:37:12	nicolas-grekas	2018-07-01 07:04:40	True
27317	kiler129	2018-05-19 22:37:12	nicolas-grekas	2018-05-21 17:31:12	True
27315	kiler129	2018-05-19 22:00:54	fabpot	2018-06-14 05:06:16	True
27314	PF4Public	2018-05-19 14:12:32	fabpot	2018-10-10 10:51:45	True
27314	PF4Public	2018-05-19 14:12:32	fabpot	2018-11-26 07:17:07	True
27314	PF4Public	2018-05-19 14:12:32	nicolas-grekas	2018-05-21 09:24:41	True
27314	PF4Public	2018-05-19 14:12:32	nicolas-grekas	2018-05-21 18:38:49	True
27314	PF4Public	2018-05-19 14:12:32	nicolas-grekas	2018-05-21 20:02:49	True
27312	arderyp	2018-05-19 00:42:39	nicolas-grekas	2018-05-21 09:19:26	True
27310	xabbuh	2018-05-18 18:03:33	nicolas-grekas	2018-05-18 18:18:44	True
27310	xabbuh	2018-05-18 18:03:33	chalasr	2018-05-19 04:09:37	True
27309	Toflar	2018-05-18 14:38:26	nicolas-grekas	2018-06-19 13:13:29	True
27305	nicolas-grekas	2018-05-18 10:17:21	fabpot	2018-05-21 09:40:24	True
27305	nicolas-grekas	2018-05-18 10:17:21	xabbuh	2018-05-18 15:30:51	True
27303	sanmai	2018-05-18 09:21:41	fabpot	2018-05-27 07:41:04	True
27297	weaverryan	2018-05-17 14:08:52	fabpot	2018-05-27 07:16:14	True
27297	weaverryan	2018-05-17 14:08:52	linaori	2018-05-18 06:16:08	True
27297	weaverryan	2018-05-17 14:08:52	fabpot	2018-05-27 07:16:53	True
27295	nicolas-grekas	2018-05-17 10:24:32	fabpot	2018-05-17 10:46:31	True
27292	dunglas	2018-05-17 05:57:20	fabpot	2018-05-21 09:30:54	True
27292	dunglas	2018-05-17 05:57:20	fabpot	2018-05-21 15:32:45	True
27291	yceruto	2018-05-17 05:21:19	fabpot	2018-10-10 11:11:29	True
27291	yceruto	2018-05-17 05:21:19	nicolas-grekas	2018-06-19 12:57:25	True
27291	yceruto	2018-05-17 05:21:19	Doctrs	2018-05-18 22:04:59	True
27290	grelu	2018-05-16 21:09:02	ker0x	2018-05-17 00:44:13	True
27286	kylekatarnls	2018-05-16 14:00:26	fabpot	2018-05-17 10:34:18	True
27278	ostrolucky	2018-05-15 18:18:03	chalasr	2018-05-17 11:45:53	True
27277	yceruto	2018-05-15 15:31:38	ro0NL	2018-05-16 08:49:47	True
27277	yceruto	2018-05-15 15:31:38	nicolas-grekas	2018-06-19 12:56:40	True
27275	ogizanagi	2018-05-15 14:13:54	sroze	2018-05-20 09:49:56	True
27272	upyx	2018-05-15 10:09:08	nicolas-grekas	2018-05-15 10:34:51	True
27272	upyx	2018-05-15 10:09:08	chalasr	2018-05-16 08:48:05	True
27272	upyx	2018-05-15 10:09:08	fabpot	2018-05-30 03:55:12	True
27271	nicolas-grekas	2018-05-15 07:24:18	fabpot	2018-05-17 10:23:15	True
27271	nicolas-grekas	2018-05-15 07:24:18	stof	2018-05-15 07:25:38	True
27270	ismail1432	2018-05-14 22:27:18	fabpot	2018-05-17 10:38:14	True
27268	nicolas-grekas	2018-05-14 19:57:29	fabpot	2018-05-17 10:31:23	True
27268	nicolas-grekas	2018-05-14 19:57:29	ogizanagi	2018-05-15 08:49:25	True
27267	jamesthomasonjr	2018-05-14 17:49:29	fabpot	2018-05-18 01:58:41	True
27265		2018-05-14 16:10:50			False
27264	mimol91	2018-05-14 16:09:14	ostrolucky	2018-05-14 17:32:03	True
27264	mimol91	2018-05-14 16:09:14	stof	2018-05-14 17:03:38	True
27264	mimol91	2018-05-14 16:09:14	ostrolucky	2018-05-14 17:39:00	True
27264	mimol91	2018-05-14 16:09:14	fabpot	2018-05-18 02:01:12	True
27263	ogizanagi	2018-05-14 16:08:47	fabpot	2018-05-14 16:36:52	True
27261	ogizanagi	2018-05-14 14:56:09	linaori	2018-05-15 07:14:09	True
27261	ogizanagi	2018-05-14 14:56:09	stof	2018-05-15 07:47:21	True
27261	ogizanagi	2018-05-14 14:56:09	javiereguiluz	2018-05-17 11:38:26	True
27261	ogizanagi	2018-05-14 14:56:09	fabpot	2018-10-08 09:00:27	True
27261	ogizanagi	2018-05-14 14:56:09	fabpot	2018-10-10 11:10:33	True
27261	ogizanagi	2018-05-14 14:56:09	nicolas-grekas	2018-05-21 18:12:25	True
27256	ncou	2018-05-14 09:05:00	fabpot	2018-05-15 05:00:40	True
27255	javiereguiluz	2018-05-14 08:53:17	fabpot	2018-05-14 11:31:11	True
27254	franzwilding	2018-05-14 08:22:04	mcfedr	2018-07-05 15:05:00	True
27254	franzwilding	2018-05-14 08:22:04	nicolas-grekas	2018-09-07 12:30:53	True
27252	ogizanagi	2018-05-13 17:17:22	fabpot	2018-05-14 06:40:52	True
27251	Doctrs	2018-05-13 16:15:20	linaori	2018-05-15 07:15:06	True
27251	Doctrs	2018-05-13 16:15:20	fabpot	2018-10-10 11:10:00	True
27250	oleg-andreyev	2018-05-13 14:14:29	fabpot	2018-05-15 04:51:19	True
27250	oleg-andreyev	2018-05-13 14:14:29	Tobion	2018-05-14 14:07:56	True
27249	nicolas-grekas	2018-05-13 11:52:34	fabpot	2018-05-18 02:04:08	True
27247	ostrolucky	2018-05-12 23:37:53	nicolas-grekas	2018-05-15 09:07:46	True
27247	ostrolucky	2018-05-12 23:37:53	fabpot	2018-06-25 06:48:35	True
27247	ostrolucky	2018-05-12 23:37:53	nicolas-grekas	2018-05-13 15:38:46	True
27247	ostrolucky	2018-05-12 23:37:53	nicolas-grekas	2018-05-13 11:38:21	True
27246	ostrolucky	2018-05-12 19:27:37	nicolas-grekas	2018-05-12 19:46:59	True
27246	ostrolucky	2018-05-12 19:27:37	fabpot	2018-05-17 10:20:44	True
27246	ostrolucky	2018-05-12 19:27:37	nicolas-grekas	2018-05-13 11:27:52	True
27243	ostrolucky	2018-05-12 14:30:35	nicolas-grekas	2018-05-15 08:54:59	True
27237	nicolas-grekas	2018-05-11 17:08:23	fabpot	2018-05-14 06:44:30	True
27236	nicolas-grekas	2018-05-11 17:07:54	fabpot	2018-05-14 06:36:36	True
27232	nicolas-grekas	2018-05-11 02:52:55	fabpot	2018-05-14 06:38:41	True
27232	nicolas-grekas	2018-05-11 02:52:55	fabpot	2018-05-11 16:49:07	True
27231	nicolas-grekas	2018-05-11 02:38:34	fabpot	2018-05-11 15:43:43	True
27230	yceruto	2018-05-10 21:42:01	sroze	2018-05-14 17:48:44	True
27230	yceruto	2018-05-10 21:42:01	ogizanagi	2018-05-11 14:45:18	True
27230	yceruto	2018-05-10 21:42:01	sroze	2018-05-11 14:34:19	True
27230	yceruto	2018-05-10 21:42:01	ogizanagi	2018-05-14 17:55:48	True
27230	yceruto	2018-05-10 21:42:01	sroze	2018-05-17 07:19:23	True
27229	yceruto	2018-05-10 21:26:16	Tobion	2018-05-11 09:17:41	True
27228	kbond	2018-05-10 20:01:44	sroze	2018-05-11 07:45:05	True
27228	kbond	2018-05-10 20:01:44	sroze	2018-05-11 13:17:06	True
27225	yceruto	2018-05-10 17:07:40	sroze	2018-05-11 07:42:46	True
27224	yceruto	2018-05-10 16:45:02	sroze	2018-05-11 07:44:16	True
27222	fsevestre	2018-05-10 14:44:00	fabpot	2018-05-11 15:33:56	True
27221	cezarystepkowski	2018-05-10 13:19:26	dunglas	2018-05-29 22:26:34	True
27221	cezarystepkowski	2018-05-10 13:19:26	ogizanagi	2018-12-02 18:04:50	True
27221	cezarystepkowski	2018-05-10 13:19:26	dunglas	2018-05-16 10:48:46	True
27221	cezarystepkowski	2018-05-10 13:19:26	nicolas-grekas	2018-12-02 14:29:21	True
27221	cezarystepkowski	2018-05-10 13:19:26	ragboyjr	2018-10-13 20:44:45	True
27220	ogizanagi	2018-05-10 12:31:26	sroze	2018-05-10 15:07:47	True
27220	ogizanagi	2018-05-10 12:31:26	yceruto	2018-05-10 14:05:56	True
27214	ogizanagi	2018-05-09 19:27:35	lunetics	2018-05-10 22:00:31	True
27214	ogizanagi	2018-05-09 19:27:35	fabpot	2018-05-14 06:47:12	True
27210	teohhanhui	2018-05-09 12:50:28	ogizanagi	2018-05-14 19:54:50	True
27210	teohhanhui	2018-05-09 12:50:28	dunglas	2018-05-11 13:08:23	True
27210	teohhanhui	2018-05-09 12:50:28	weaverryan	2018-05-14 19:37:34	True
27210	teohhanhui	2018-05-09 12:50:28	nicolas-grekas	2018-05-14 20:18:11	True
27210	teohhanhui	2018-05-09 12:50:28	fabpot	2018-05-14 20:03:48	True
27210	teohhanhui	2018-05-09 12:50:28	dunglas	2018-05-14 19:55:30	True
27210	teohhanhui	2018-05-09 12:50:28	ogizanagi	2018-05-14 19:15:00	True
27209	xkobal	2018-05-09 10:02:28	stof	2018-05-09 10:19:38	True
27209	xkobal	2018-05-09 10:02:28	fabpot	2018-05-09 15:27:43	True
27206		2018-05-08 21:27:19			False
27203		2018-05-08 17:33:45			False
27202	ogizanagi	2018-05-08 17:06:03	yceruto	2018-05-10 22:12:29	True
27202	ogizanagi	2018-05-08 17:06:03	yceruto	2018-05-08 17:20:36	True
27202	ogizanagi	2018-05-08 17:06:03	sroze	2018-05-08 17:26:10	True
27202	ogizanagi	2018-05-08 17:06:03	sroze	2018-05-08 17:37:30	True
27202	ogizanagi	2018-05-08 17:06:03	ro0NL	2018-05-09 08:10:09	True
27202	ogizanagi	2018-05-08 17:06:03	yceruto	2018-05-10 22:04:14	True
27202	ogizanagi	2018-05-08 17:06:03	sroze	2018-05-12 08:58:57	True
27202	ogizanagi	2018-05-08 17:06:03	yceruto	2018-05-10 22:39:33	True
27202	ogizanagi	2018-05-08 17:06:03	mvrhov	2018-05-11 08:35:44	True
27202	ogizanagi	2018-05-08 17:06:03	sroze	2018-05-12 09:02:43	True
27202	ogizanagi	2018-05-08 17:06:03	yceruto	2018-05-12 11:46:59	True
27202	ogizanagi	2018-05-08 17:06:03	fabpot	2018-05-13 06:17:15	True
27200	yceruto	2018-05-08 15:59:40	sroze	2018-05-09 18:59:35	True
27199	ogizanagi	2018-05-08 15:56:04	fabpot	2018-05-09 06:01:23	True
27198		2018-05-08 15:47:41			False
27197	ogizanagi	2018-05-08 15:10:21	yceruto	2018-05-08 15:13:05	True
27197	ogizanagi	2018-05-08 15:10:21	sroze	2018-05-08 15:18:59	True
27197	ogizanagi	2018-05-08 15:10:21	sroze	2018-05-08 15:23:19	True
27196	yceruto	2018-05-08 14:59:18	sroze	2018-05-08 15:21:46	True
27193	nicolas-grekas	2018-05-07 23:55:42	fabpot	2018-05-11 16:45:34	True
27193	nicolas-grekas	2018-05-07 23:55:42	linaori	2018-05-08 06:49:11	True
27192	yceruto	2018-05-07 22:52:12	ro0NL	2018-05-08 12:49:40	True
27192	yceruto	2018-05-07 22:52:12	sroze	2018-05-09 11:20:51	True
27192	yceruto	2018-05-07 22:52:12	ro0NL	2018-05-08 15:04:08	True
27192	yceruto	2018-05-07 22:52:12	sroze	2018-05-09 12:12:37	True
27192	yceruto	2018-05-07 22:52:12	sroze	2018-05-08 14:33:18	True
27191	nicolas-grekas	2018-05-07 22:26:04	fabpot	2018-05-12 09:35:00	True
27191	nicolas-grekas	2018-05-07 22:26:04	sroze	2018-05-09 13:44:39	True
27190	vudaltsov	2018-05-07 20:15:25	fabpot	2018-05-11 16:37:53	True
27189	ogizanagi	2018-05-07 19:55:55	fabpot	2018-05-09 06:02:20	True
27184	yceruto	2018-05-07 17:50:21	sroze	2018-05-10 15:06:54	True
27184	yceruto	2018-05-07 17:50:21	nicolas-grekas	2018-05-07 22:35:59	True
27184	yceruto	2018-05-07 17:50:21	nicolas-grekas	2018-05-07 20:49:11	True
27184	yceruto	2018-05-07 17:50:21	nicolas-grekas	2018-05-07 18:49:08	True
27184	yceruto	2018-05-07 17:50:21	ogizanagi	2018-05-07 18:47:19	True
27184	yceruto	2018-05-07 17:50:21	kbond	2018-05-07 18:44:02	True
27184	yceruto	2018-05-07 17:50:21	nicolas-grekas	2018-05-07 18:33:10	True
27184	yceruto	2018-05-07 17:50:21	kbond	2018-05-07 18:27:38	True
27184	yceruto	2018-05-07 17:50:21	nicolas-grekas	2018-05-07 18:21:27	True
27182	sroze	2018-05-07 16:07:11	kbond	2018-05-07 16:59:41	True
27182	sroze	2018-05-07 16:07:11	ogizanagi	2018-05-07 17:02:36	True
27182	sroze	2018-05-07 16:07:11	ogizanagi	2018-05-07 18:08:29	True
27178	sroze	2018-05-07 12:31:17	fabpot	2018-05-07 12:42:15	True
27177	fabpot	2018-05-07 11:41:57	sroze	2018-05-07 13:04:16	True
27176	ogizanagi	2018-05-07 09:44:13	fabpot	2018-05-07 09:47:53	True
27175	maartendekeizer	2018-05-07 08:52:44	xabbuh	2018-05-29 10:28:40	True
27175	maartendekeizer	2018-05-07 08:52:44	xabbuh	2018-07-06 08:55:26	True
27172	nicolas-grekas	2018-05-07 05:09:13	Oliboy50	2018-05-10 09:20:07	True
27172	nicolas-grekas	2018-05-07 05:09:13	ogizanagi	2018-05-07 13:10:47	True
27172	nicolas-grekas	2018-05-07 05:09:13	linaori	2018-05-07 06:16:32	True
27172	nicolas-grekas	2018-05-07 05:09:13	linaori	2018-05-07 07:42:41	True
27172	nicolas-grekas	2018-05-07 05:09:13	ogizanagi	2018-05-10 09:30:43	True
27172	nicolas-grekas	2018-05-07 05:09:13	linaori	2018-07-30 08:15:13	True
27172	nicolas-grekas	2018-05-07 05:09:13	Addvilz	2018-07-03 18:59:22	True
27172	nicolas-grekas	2018-05-07 05:09:13	sroze	2018-07-30 09:14:57	True
27172	nicolas-grekas	2018-05-07 05:09:13	Taluu	2018-05-10 09:46:40	True
27172	nicolas-grekas	2018-05-07 05:09:13	sroze	2018-07-30 07:22:21	True
27172	nicolas-grekas	2018-05-07 05:09:13	Addvilz	2018-07-30 09:08:18	True
27170	javiereguiluz	2018-05-06 10:09:12	fabpot	2018-05-06 19:03:56	True
27168	nicolas-grekas	2018-05-05 22:27:57	Tobion	2018-05-06 01:20:34	True
27168	nicolas-grekas	2018-05-05 22:27:57	fabpot	2018-05-07 09:18:16	True
27165	nicolas-grekas	2018-05-05 03:19:47	ogizanagi	2018-05-05 11:29:08	True
27165	nicolas-grekas	2018-05-05 03:19:47	ogizanagi	2018-05-06 14:35:56	True
27164	nicolas-grekas	2018-05-05 01:45:18	sroze	2018-05-08 14:40:47	True
27164	nicolas-grekas	2018-05-05 01:45:18	fabpot	2018-05-07 09:14:21	True
27163	nicolas-grekas	2018-05-04 23:08:15	javiereguiluz	2018-05-05 17:58:01	True
27163	nicolas-grekas	2018-05-04 23:08:15	sroze	2018-05-06 13:55:48	True
27162	nicolas-grekas	2018-05-04 22:47:46	fabpot	2018-05-07 08:35:45	True
27160	ElectricMaxxx	2018-05-04 20:26:09	nicolas-grekas	2018-08-15 20:46:04	True
27160	ElectricMaxxx	2018-05-04 20:26:09	nicolas-grekas	2019-04-03 14:25:00	True
27160	ElectricMaxxx	2018-05-04 20:26:09	fabpot	2019-07-08 10:28:04	True
27159	ogizanagi	2018-05-04 19:33:14	jakzal	2018-05-08 12:31:18	True
27158	dmaicher	2018-05-04 19:25:33	nicolas-grekas	2018-05-05 02:07:40	True
27157	bobvandevijver	2018-05-04 16:21:22	nicolas-grekas	2018-05-21 18:17:20	True
27157	bobvandevijver	2018-05-04 16:21:22	nicolas-grekas	2018-05-04 17:20:40	True
27155	javiereguiluz	2018-05-04 13:25:08	wouterj	2018-05-06 11:17:02	True
27155	javiereguiluz	2018-05-04 13:25:08	ElectricMaxxx	2018-05-07 18:24:42	True
27155	javiereguiluz	2018-05-04 13:25:08	nicolas-grekas	2018-05-07 18:17:06	True
27155	javiereguiluz	2018-05-04 13:25:08	ElectricMaxxx	2018-05-04 16:36:05	True
27155	javiereguiluz	2018-05-04 13:25:08	fabpot	2018-05-07 19:19:43	True
27155	javiereguiluz	2018-05-04 13:25:08	lyrixx	2018-05-04 13:30:10	True
27155	javiereguiluz	2018-05-04 13:25:08	lyrixx	2018-05-04 13:26:48	True
27155	javiereguiluz	2018-05-04 13:25:08	ElectricMaxxx	2018-05-07 18:47:22	True
27155	javiereguiluz	2018-05-04 13:25:08	nicolas-grekas	2018-05-04 15:40:06	True
27152	xabbuh	2018-05-04 09:59:13	fabpot	2018-05-06 17:34:34	True
27152	xabbuh	2018-05-04 09:59:13	stof	2018-05-04 10:06:18	True
27145		2018-05-04 01:23:41			False
27144		2018-05-04 01:22:53			False
27143	yceruto	2018-05-03 23:41:28	chalasr	2018-05-04 15:03:49	True
27143	yceruto	2018-05-03 23:41:28	nicolas-grekas	2018-05-04 17:45:10	True
27142	hiddewie	2018-05-03 20:10:59	fabpot	2018-10-10 11:15:41	True
27142	hiddewie	2018-05-03 20:10:59	ogizanagi	2018-10-12 19:03:37	True
27142	hiddewie	2018-05-03 20:10:59	ogizanagi	2018-10-10 12:46:07	True
27142	hiddewie	2018-05-03 20:10:59	xabbuh	2018-09-15 09:37:54	True
27142	hiddewie	2018-05-03 20:10:59	xabbuh	2019-04-06 21:07:15	True
27142	hiddewie	2018-05-03 20:10:59	HeahDude	2018-11-24 12:48:45	True
27142	hiddewie	2018-05-03 20:10:59	fabpot	2019-01-01 17:38:15	True
27141	cbj4074	2018-05-03 16:55:14	xabbuh	2018-05-04 10:15:16	True
27141	cbj4074	2018-05-03 16:55:14	nicolas-grekas	2018-05-15 08:20:56	True
27141	cbj4074	2018-05-03 16:55:14	chinawilon	2018-05-10 12:16:33	True
27141	cbj4074	2018-05-03 16:55:14	stof	2018-05-04 10:20:05	True
27140	lyrixx	2018-05-03 14:39:45	fabpot	2018-09-04 07:07:22	True
27140	lyrixx	2018-05-03 14:39:45	sroze	2018-08-24 09:46:53	True
27140	lyrixx	2018-05-03 14:39:45	sroze	2018-05-03 15:33:05	True
27140	lyrixx	2018-05-03 14:39:45	fabpot	2018-08-23 12:23:22	True
27138	lyrixx	2018-05-03 13:49:23	nicolas-grekas	2018-05-03 17:26:44	True
27138	lyrixx	2018-05-03 13:49:23	fabpot	2018-05-09 05:57:30	True
27136	omissis	2018-05-03 11:00:19	dunglas	2018-09-04 19:22:46	True
27136	omissis	2018-05-03 11:00:19	Nek-	2018-09-05 16:56:50	True
27135	DemonTPx	2018-05-03 09:03:29	nicolas-grekas	2018-05-03 23:58:35	True
27133	dmaicher	2018-05-03 07:48:47	nicolas-grekas	2018-05-04 00:08:23	True
27130	sdelicata	2018-05-02 21:23:25	sroze	2018-05-04 09:50:26	True
27130	sdelicata	2018-05-02 21:23:25	sroze	2018-05-04 12:57:25	True
27129	sroze	2018-05-02 19:53:35	ogizanagi	2018-05-03 06:27:56	True
27129	sroze	2018-05-02 19:53:35	nicolas-grekas	2018-05-04 00:12:09	True
27129	sroze	2018-05-02 19:53:35	Tobion	2018-05-02 21:44:01	True
27129	sroze	2018-05-02 19:53:35	Tobion	2018-05-02 21:46:41	True
27128	ogizanagi	2018-05-02 19:49:00	sroze	2018-05-14 19:17:34	True
27128	ogizanagi	2018-05-02 19:49:00	sroze	2018-05-11 10:03:11	True
27128	ogizanagi	2018-05-02 19:49:00	sroze	2018-05-03 06:56:49	True
27128	ogizanagi	2018-05-02 19:49:00	nicolas-grekas	2018-05-02 23:07:18	True
27128	ogizanagi	2018-05-02 19:49:00	sroze	2018-05-02 20:00:15	True
27128	ogizanagi	2018-05-02 19:49:00	sroze	2018-05-02 21:00:23	True
27126	bendavies	2018-05-02 14:58:33	dmaicher	2018-05-02 19:10:44	True
27126	bendavies	2018-05-02 14:58:33	dmaicher	2018-05-02 18:56:34	True
27126	bendavies	2018-05-02 14:58:33	nicolas-grekas	2018-05-02 23:13:45	True
27126	bendavies	2018-05-02 14:58:33	nicolas-grekas	2018-05-02 23:16:34	True
27126	bendavies	2018-05-02 14:58:33	dmaicher	2018-05-03 06:48:28	True
27126	bendavies	2018-05-02 14:58:33	dmaicher	2018-05-03 07:49:22	True
27126	bendavies	2018-05-02 14:58:33	nicolas-grekas	2018-05-03 18:12:03	True
27123	jvasseur	2018-05-02 10:29:00	nicolas-grekas	2018-05-04 00:01:55	True
27122	linaori	2018-05-02 10:23:45	nicolas-grekas	2018-05-02 13:45:18	True
27122	linaori	2018-05-02 10:23:45	nicolas-grekas	2018-05-02 23:17:20	True
27122	linaori	2018-05-02 10:23:45	nicolas-grekas	2018-05-04 00:05:03	True
27121	oleg-andreyev	2018-05-02 09:58:54	fabpot	2018-05-21 09:54:41	True
27121	oleg-andreyev	2018-05-02 09:58:54	chalasr	2018-05-21 10:02:20	True
27121	oleg-andreyev	2018-05-02 09:58:54	fabpot	2018-05-21 10:46:10	True
27121	oleg-andreyev	2018-05-02 09:58:54	linaori	2018-05-08 09:33:14	True
27121	oleg-andreyev	2018-05-02 09:58:54	xabbuh	2019-03-08 11:09:07	True
27121	oleg-andreyev	2018-05-02 09:58:54	nicolas-grekas	2018-05-15 09:49:44	True
27121	oleg-andreyev	2018-05-02 09:58:54	linaori	2018-05-03 06:50:28	True
27121	oleg-andreyev	2018-05-02 09:58:54	nicolas-grekas	2018-05-02 23:23:15	True
27121	oleg-andreyev	2018-05-02 09:58:54	wouterj	2018-05-21 11:09:02	True
27121	oleg-andreyev	2018-05-02 09:58:54	nicolas-grekas	2018-05-02 23:20:19	True
27118	jhedstrom	2018-05-01 23:20:07	nicolas-grekas	2018-05-02 17:28:10	True
27118	jhedstrom	2018-05-01 23:20:07	codedokode	2018-05-03 05:42:13	True
27118	jhedstrom	2018-05-01 23:20:07	fabpot	2018-05-18 01:41:39	True
27116	hhamon	2018-05-01 22:51:18	nicolas-grekas	2018-05-01 23:09:38	True
27110	ogizanagi	2018-05-01 12:57:19	sroze	2018-05-01 17:39:44	True
27109	hhamon	2018-05-01 12:12:42	ogizanagi	2018-05-01 12:47:01	True
