pr_number	author_user_login	pr_created_at	commit_user_login	commit_created_at	commit_status_total	commit_status_additions	commit_status_deletions	create_before_pr	is_review_commit
26000	kevinveenbirkenbach	2018-01-31 23:29:14	kevinveenbirkenbach	2018-01-31 22:22:47	2	1	1	True	True
25997	greg0ire	2018-01-31 19:26:50	greg0ire	2018-01-31 19:10:57	33	26	7	True	True
25996	chalasr	2018-01-31 17:12:30	chalasr	2018-01-31 17:08:05	44	22	22	True	True
25995	alejgarciarodriguez	2018-01-31 16:41:53	alejandrogarcia	2018-01-31 16:40:05	6	3	3	True	True
25989	nicolas-grekas	2018-01-31 15:08:45	nicolas-grekas	2018-01-31 15:05:11	99	93	6	True	True
25989	nicolas-grekas	2018-01-31 15:08:45	sroze	2018-02-01 08:54:27	89	89	0	False	True
25981	nicolas-grekas	2018-01-31 09:04:20	nicolas-grekas	2018-01-31 08:22:50	12	7	5	True	True
25978	lstrojny	2018-01-30 21:58:07	lstrojny	2018-01-30 21:52:03	2	1	1	True	True
25976	nicolas-grekas	2018-01-30 21:42:08	nicolas-grekas	2018-01-30 21:38:46	94	77	17	True	True
25975	wouterj	2018-01-30 21:33:02	wouterj	2018-01-30 21:23:40	10	6	4	True	True
25972	jhdxr	2018-01-30 16:01:51	jhdxr	2018-01-30 15:53:25	9	6	3	True	True
25971	nicolas-grekas	2018-01-30 15:16:15	nicolas-grekas	2018-01-30 15:11:54	15	13	2	True	True
25970	xabbuh	2018-01-30 15:05:37	xabbuh	2018-01-30 15:03:04	4	4	0	True	True
25967	JoeKre	2018-01-30 11:49:39	JoeKre	2018-01-30 15:57:56	5	2	3	False	True
25967	JoeKre	2018-01-30 11:49:39	JoeKre	2018-01-30 11:45:31	5	3	2	True	True
25967	JoeKre	2018-01-30 11:49:39	JoeKre	2018-01-30 12:00:55	2	1	1	False	True
25962	nicolas-grekas	2018-01-30 07:47:59	nicolas-grekas	2018-01-30 07:44:00	264	203	61	True	True
25948	HeahDude	2018-01-28 11:55:14	HeahDude	2018-01-25 22:08:02	114	100	14	True	True
25947	userdude	2018-01-27 20:30:04	jfdialogs	2018-01-27 20:03:37	20	19	1	True	True
25947	userdude	2018-01-27 20:30:04	jfdialogs	2018-01-27 20:32:28	5	2	3	False	True
25940	xabbuh	2018-01-26 16:25:03	xabbuh	2018-01-26 16:21:59	4	4	0	True	True
25933	ostrolucky	2018-01-26 01:42:28	ostrolucky	2018-01-26 01:31:46	9	6	3	True	True
25932	derrabus	2018-01-25 19:23:31	derrabus	2018-01-25 19:21:40	59	52	7	True	True
25928	bburnichon	2018-01-25 13:30:26	bburnichon	2018-03-22 17:39:08	11	3	8	False	True
25928	bburnichon	2018-01-25 13:30:26	bburnichon	2018-03-22 17:17:10	6	3	3	False	True
25928	bburnichon	2018-01-25 13:30:26	bburnichon	2018-03-20 17:16:43	4	2	2	False	True
25928	bburnichon	2018-01-25 13:30:26	bburnichon	2018-01-25 13:23:25	26	25	1	True	True
25927	HeahDude	2018-01-25 11:53:42	HeahDude	2017-09-18 15:34:11	28	28	0	True	True
25926	HeahDude	2018-01-25 11:51:42	HeahDude	2018-01-25 01:37:16	24	22	2	True	True
25925	peter-gribanov	2018-01-25 10:02:40	peter-gribanov	2018-01-25 09:54:22	86	85	1	True	True
25925	peter-gribanov	2018-01-25 10:02:40	peter-gribanov	2018-01-25 08:59:14	8	4	4	True	True
25925	peter-gribanov	2018-01-25 10:02:40	peter-gribanov	2018-01-25 08:35:56	9	8	1	True	True
25925	peter-gribanov	2018-01-25 10:02:40	peter-gribanov	2018-01-25 09:56:48	2	1	1	True	True
25925	peter-gribanov	2018-01-25 10:02:40	peter-gribanov	2018-01-25 10:00:21	30	1	29	True	True
25924	peter-gribanov	2018-01-25 09:55:28	peter-gribanov	2018-01-25 11:08:28	2	1	1	False	True
25924	peter-gribanov	2018-01-25 09:55:28	peter-gribanov	2018-01-25 11:07:37	2	1	1	False	True
25924	peter-gribanov	2018-01-25 09:55:28	peter-gribanov	2018-01-25 09:54:22	86	85	1	True	True
25924	peter-gribanov	2018-01-25 09:55:28	peter-gribanov	2018-01-25 09:56:48	2	1	1	False	True
25924	peter-gribanov	2018-01-25 09:55:28	peter-gribanov	2018-01-25 13:44:50	2	1	1	False	True
25924	peter-gribanov	2018-01-25 09:55:28	peter-gribanov	2018-01-25 10:58:43	8	4	4	False	True
25924	peter-gribanov	2018-01-25 09:55:28	peter-gribanov	2018-01-25 08:59:14	8	4	4	True	True
25924	peter-gribanov	2018-01-25 09:55:28	peter-gribanov	2018-01-25 08:35:56	9	8	1	True	True
25922	tanasecosminromeo	2018-01-25 06:56:22	tanasecosminromeo	2018-01-25 06:29:19	8	7	1	True	True
25922	tanasecosminromeo	2018-01-25 06:56:22	tanasecosminromeo	2018-01-25 07:48:06	2	1	1	False	True
25922	tanasecosminromeo	2018-01-25 06:56:22	tanasecosminromeo	2018-01-25 21:24:31	6	2	4	False	True
25917	soullivaneuh	2018-01-24 16:35:11	soullivaneuh	2018-01-24 16:32:05	2	2	0	True	True
25915	ed-fruty	2018-01-24 14:27:41	ed-fruty	2018-01-24 14:38:09	11	6	5	False	True
25915	ed-fruty	2018-01-24 14:27:41	ed-fruty	2018-01-24 14:08:40	48	47	1	True	True
25915	ed-fruty	2018-01-24 14:27:41	ed-fruty	2018-01-24 14:38:51	2	1	1	False	True
25915	ed-fruty	2018-01-24 14:27:41	ed-fruty	2018-02-02 13:58:32	24	6	18	False	True
25915	ed-fruty	2018-01-24 14:27:41	ed-fruty	2018-01-30 09:09:57	31	11	20	False	True
25914	xabbuh	2018-01-24 13:34:56	xabbuh	2018-01-24 13:33:28	5	4	1	True	True
25909	nicolas-grekas	2018-01-23 20:22:23	nicolas-grekas	2018-01-23 09:29:33	1937	1888	49	True	True
25908	carusogabriel	2018-01-23 20:19:05	carusogabriel	2018-01-23 20:17:18	14	7	7	True	True
25907	carusogabriel	2018-01-23 19:07:57	carusogabriel	2018-01-23 19:04:24	7	3	4	True	True
25898	kalessil	2018-01-23 11:11:13	kalessil	2018-01-23 11:06:14	30	18	12	True	True
25893	greg-1-anderson	2018-01-22 23:03:35	greg-1-anderson	2018-01-19 23:19:59	55	49	6	True	True
25892	weaverryan	2018-01-22 20:53:17	weaverryan	2018-01-22 20:22:54	9	9	0	True	True
25891	xabbuh	2018-01-22 20:36:41	xabbuh	2018-01-22 20:35:04	29	26	3	True	True
25890	xabbuh	2018-01-22 20:19:28	xabbuh	2018-01-22 13:11:18	6	0	6	True	True
25888	blazarecki	2018-01-22 15:36:49	blazarecki	2018-01-22 15:34:27	125	120	5	True	True
25881	chalasr	2018-01-22 01:55:09	chalasr	2018-01-22 01:52:01	4	2	2	True	True
25878	keradus	2018-01-21 18:36:32	keradus	2018-01-21 18:35:11	44	22	22	True	True
25878	keradus	2018-01-21 18:36:32	keradus	2018-01-22 08:10:10	8	4	4	False	True
25873	nicolas-grekas	2018-01-21 14:55:08	nicolas-grekas	2018-01-21 14:43:56	44	39	5	True	True
25869	francoispluchino	2018-01-20 20:38:17	francoispluchino	2018-01-21 11:04:49	4	3	1	False	True
25866	nicolas-grekas	2018-01-20 17:09:40	nicolas-grekas	2018-01-20 17:07:26	6	3	3	True	True
25864	xabbuh	2018-01-20 15:06:13	xabbuh	2018-01-20 15:04:53	11	9	2	True	True
25863	xabbuh	2018-01-20 14:04:11	xabbuh	2018-01-20 14:02:12	13	9	4	True	True
25861	xabbuh	2018-01-20 12:14:31	xabbuh	2018-01-20 12:12:25	4	0	4	True	True
25860	ebuildy	2018-01-20 11:52:34	ebuildy	2018-01-20 11:49:03	12	12	0	True	True
25860	ebuildy	2018-01-20 11:52:34	ebuildy	2018-01-22 12:30:00	4	2	2	False	True
25858	nicolas-grekas	2018-01-20 11:02:38	nicolas-grekas	2018-01-20 10:46:59	138	79	59	True	True
25854	nicolas-grekas	2018-01-20 08:38:18	nicolas-grekas	2018-01-20 08:34:19	2	1	1	True	True
25851	emodric	2018-01-19 23:15:57	emodric	2018-01-19 23:08:53	4	4	0	True	True
25848	Simperfit	2018-01-19 11:45:55	Amrouche Hamza	2018-01-19 11:39:28	20	20	0	True	True
25847	xabbuh	2018-01-19 11:07:56	xabbuh	2018-01-19 11:05:40	6	6	0	True	True
25841	insekticid	2018-01-18 17:39:22	insekticid	2018-03-30 23:03:42	32	32	0	False	True
25839	chalasr	2018-01-18 14:56:48	chalasr	2018-01-18 14:54:21	4	3	1	True	True
25837	chalasr	2018-01-18 13:56:52	chalasr	2018-01-18 13:55:12	17	4	13	True	True
25836	nicolas-grekas	2018-01-18 13:54:37	nicolas-grekas	2018-01-06 07:55:13	143	98	45	True	True
25835	nicolas-grekas	2018-01-18 13:46:25	nicolas-grekas	2018-01-18 08:54:17	94	87	7	True	True
25833	xabbuh	2018-01-18 11:58:00	xabbuh	2018-01-18 11:52:12	4	2	2	True	True
25832	Kal74	2018-01-18 11:40:27	Kal74	2018-01-18 11:23:13	11	11	0	True	True
25829	nicolas-grekas	2018-01-18 09:16:31	nicolas-grekas	2018-01-18 08:54:17	9	6	3	True	True
25824	weaverryan	2018-01-17 18:07:37	weaverryan	2018-01-17 17:58:59	6	5	1	True	True
25823	giovannialbero1992	2018-01-17 15:12:19	giovannialbero1992	2018-01-17 11:33:26	32	18	14	True	True
25822	nicolas-grekas	2018-01-17 13:33:08	nicolas-grekas	2018-01-17 13:30:10	8	6	2	True	True
25816	betzholz	2018-01-17 08:32:11	Boris Betzholz	2018-01-17 08:34:05	2	1	1	False	True
25816	betzholz	2018-01-17 08:32:11	Boris Betzholz	2018-01-17 08:29:55	12	10	2	True	True
25812	derrabus	2018-01-16 17:20:02	derrabus	2018-01-16 17:12:50	516	516	0	True	True
25809	glye	2018-01-16 15:05:12	glye	2018-01-16 14:49:04	191	176	15	True	True
25804	leberknecht	2018-01-16 10:09:08	leberknecht	2018-01-16 10:03:48	2	1	1	True	True
25801	pierredup	2018-01-15 19:54:21	pierredup	2018-01-16 10:37:54	6	3	3	False	True
25801	pierredup	2018-01-15 19:54:21	pierredup	2018-01-15 19:47:29	45	40	5	True	True
25799	Toflar	2018-01-15 15:23:31	Toflar	2018-01-15 15:19:42	26	24	2	True	True
25799	Toflar	2018-01-15 15:23:31	Toflar	2018-01-15 15:30:24	2	1	1	False	True
25794	pierredup	2018-01-15 12:28:37	pierredup	2018-01-15 13:45:11	36	10	26	False	True
25794	pierredup	2018-01-15 12:28:37	pierredup	2018-01-15 12:44:44	2	1	1	False	True
25794	pierredup	2018-01-15 12:28:37	pierredup	2018-01-15 12:24:34	36	26	10	True	True
25791	sroze	2018-01-15 10:33:50	sroze	2018-01-15 10:33:10	32	29	3	True	True
25789	mateuszsip	2018-01-15 00:53:46	mateuszsip	2018-01-15 13:38:12	2	1	1	False	True
25789	mateuszsip	2018-01-15 00:53:46	mateuszsip	2018-01-15 00:54:49	4	2	2	False	True
25789	mateuszsip	2018-01-15 00:53:46	mateuszsip	2018-01-15 00:47:02	30	8	22	True	True
25789	mateuszsip	2018-01-15 00:53:46	mateuszsip	2018-01-13 03:34:06	50	50	0	True	True
25787	alexpott	2018-01-13 21:37:28	alexpott	2018-01-13 22:22:34	33	7	26	False	True
25787	alexpott	2018-01-13 21:37:28	alexpott	2018-01-13 21:35:11	19	19	0	True	True
25787	alexpott	2018-01-13 21:37:28	alexpott	2018-01-13 22:06:16	11	1	10	False	True
25787	alexpott	2018-01-13 21:37:28	alexpott	2018-01-13 22:16:00	19	18	1	False	True
25787	alexpott	2018-01-13 21:37:28	alexpott	2018-01-13 22:16:47	2	1	1	False	True
25787	alexpott	2018-01-13 21:37:28	alexpott	2018-01-14 07:34:51	54	23	31	False	True
25787	alexpott	2018-01-13 21:37:28	alexpott	2018-01-14 07:30:05	7	6	1	False	True
25787	alexpott	2018-01-13 21:37:28	alexpott	2018-01-13 22:21:10	8	5	3	False	True
25787	alexpott	2018-01-13 21:37:28	alexpott	2018-01-20 21:53:13	15	15	0	False	True
25787	alexpott	2018-01-13 21:37:28	alexpott	2018-01-14 07:30:41	3	1	2	False	True
25784	thewilkybarkid	2018-01-13 13:11:01	thewilkybarkid	2018-01-13 12:56:38	4	1	3	True	True
25783	fabpot	2018-01-13 09:55:53	fabpot	2018-01-13 09:54:37	2	1	1	True	True
25781	curry684	2018-01-13 01:47:20	curry684	2018-01-16 22:31:34	6	2	4	False	True
25781	curry684	2018-01-13 01:47:20	curry684	2018-01-16 08:42:12	2	1	1	False	True
25781	curry684	2018-01-13 01:47:20	curry684	2018-01-13 01:38:52	23	23	0	True	True
25780	yceruto	2018-01-13 00:48:18	yceruto	2018-01-12 21:15:14	102	80	22	True	True
25775	soullivaneuh	2018-01-12 11:51:18	soullivaneuh	2018-01-12 11:47:51	49	46	3	True	True
25773	dunglas	2018-01-11 21:43:37	dunglas	2018-01-11 21:42:07	4	2	2	True	True
25772	sroze	2018-01-11 17:30:52	sroze	2018-01-11 17:28:37	6	3	3	True	True
25771	xabbuh	2018-01-11 17:10:37	xabbuh	2018-01-11 17:07:52	5	3	2	True	True
25767	nicolas-grekas	2018-01-11 10:50:18	nicolas-grekas	2018-01-11 10:00:57	42	35	7	True	True
25765	grongor	2018-01-11 10:28:35	grongor	2018-01-11 10:25:41	2	1	1	True	True
25764	lyrixx	2018-01-11 09:35:36	lyrixx	2018-01-11 09:34:39	2	1	1	True	True
25763	mcg-web	2018-01-11 07:54:02	mcg-web	2018-01-11 07:39:01	18	16	2	True	True
25762	xabbuh	2018-01-11 07:09:19	xabbuh	2018-01-11 07:05:20	324	320	4	True	True
25761	jkufner	2018-01-10 23:16:51	jkufner	2018-01-10 23:09:26	1	0	1	True	True
25761	jkufner	2018-01-10 23:16:51	jkufner	2018-01-11 16:43:26	1	0	1	False	True
25761	jkufner	2018-01-10 23:16:51	jkufner	2018-01-11 08:34:20	6	6	0	False	True
25757	alexpott	2018-01-10 18:17:13	alexpott	2018-01-11 11:51:49	3	1	2	False	True
25757	alexpott	2018-01-10 18:17:13	alexpott	2018-01-10 18:19:15	1	0	1	False	True
25757	alexpott	2018-01-10 18:17:13	alexpott	2018-01-10 18:10:12	74	55	19	True	True
25757	alexpott	2018-01-10 18:17:13	alexpott	2018-01-10 18:18:26	6	3	3	False	True
25757	alexpott	2018-01-10 18:17:13	alexpott	2018-01-11 11:53:24	6	3	3	False	True
25757	alexpott	2018-01-10 18:17:13	alexpott	2018-01-11 09:18:07	51	27	24	False	True
25757	alexpott	2018-01-10 18:17:13	alexpott	2018-01-11 12:00:07	5	5	0	False	True
25756	fancyweb	2018-01-10 18:11:27	fancyweb	2018-02-06 10:59:13	96	90	6	False	True
25756	fancyweb	2018-01-10 18:11:27	fancyweb	2018-01-10 17:42:09	24	20	4	True	True
25755	nicolas-grekas	2018-01-10 18:04:11	nicolas-grekas	2018-01-10 18:03:23	11	10	1	True	True
25753	nicolas-grekas	2018-01-10 17:48:35	nicolas-grekas	2018-01-10 17:47:32	5	5	0	True	True
25753	nicolas-grekas	2018-01-10 17:48:35	fancyweb	2018-01-12 13:11:07	5	4	1	False	True
25752	alexpott	2018-01-10 17:46:55	alexpott	2018-01-10 17:43:14	18	9	9	True	True
25752	alexpott	2018-01-10 17:46:55	alexpott	2018-01-10 18:51:16	18	9	9	False	True
25751	sroze	2018-01-10 17:18:28	sroze	2018-01-10 17:16:33	1	1	0	True	True
25750	nicolas-grekas	2018-01-10 16:57:40	nicolas-grekas	2018-01-10 16:55:58	22	21	1	True	True
25749	e-moe	2018-01-10 15:30:43	e-moe	2018-01-10 15:27:23	3	1	2	True	True
25745	xabbuh	2018-01-10 13:33:02	xabbuh	2018-01-10 13:30:03	5	4	1	True	True
25744	MatTheCat	2018-01-10 12:28:27	Mathieu Lechat	2018-01-10 12:22:09	8	7	1	True	True
25741	leberknecht	2018-01-10 11:02:14	leberknecht	2018-01-16 09:50:11	2	1	1	False	True
25741	leberknecht	2018-01-10 11:02:14	leberknecht	2018-01-15 13:56:29	12	12	0	False	True
25741	leberknecht	2018-01-10 11:02:14	leberknecht	2018-01-16 09:58:07	6	6	0	False	True
25741	leberknecht	2018-01-10 11:02:14	leberknecht	2018-01-16 09:58:49	2	1	1	False	True
25741	leberknecht	2018-01-10 11:02:14	leberknecht	2018-01-16 09:39:42	17	15	2	False	True
25741	leberknecht	2018-01-10 11:02:14	leberknecht	2018-01-10 10:36:48	3	2	1	True	True
25741	leberknecht	2018-01-10 11:02:14	leberknecht	2018-01-13 21:23:09	32	20	12	False	True
25741	leberknecht	2018-01-10 11:02:14	leberknecht	2018-01-10 10:19:20	32	29	3	True	True
25741	leberknecht	2018-01-10 11:02:14	leberknecht	2018-01-10 11:04:08	10	5	5	False	True
25741	leberknecht	2018-01-10 11:02:14	leberknecht	2018-01-16 09:43:25	2	1	1	False	True
25737	xabbuh	2018-01-10 07:40:08	xabbuh	2018-01-09 12:43:49	4	2	2	True	True
25732	pierredup	2018-01-09 13:58:29	pierredup	2018-01-15 11:32:34	31	19	12	False	True
25732	pierredup	2018-01-09 13:58:29	pierredup	2018-01-09 13:49:24	174	151	23	True	True
25732	pierredup	2018-01-09 13:58:29	pierredup	2018-01-12 13:44:24	43	0	43	False	True
25732	pierredup	2018-01-09 13:58:29	pierredup	2018-01-15 11:23:30	4	2	2	False	True
25732	pierredup	2018-01-09 13:58:29	pierredup	2018-02-11 18:49:38	31	27	4	False	True
25732	pierredup	2018-01-09 13:58:29	pierredup	2018-02-11 18:53:38	23	12	11	False	True
25732	pierredup	2018-01-09 13:58:29	pierredup	2018-02-22 06:00:13	12	6	6	False	True
25732	pierredup	2018-01-09 13:58:29	pierredup	2018-01-29 12:59:04	18	18	0	False	True
25732	pierredup	2018-01-09 13:58:29	pierredup	2018-02-11 18:56:22	9	4	5	False	True
25731	nicolas-grekas	2018-01-09 13:57:00	nicolas-grekas	2018-01-09 13:54:39	18	16	2	True	True
25721	iisisrael	2018-01-08 20:28:38	iisisrael	2018-01-08 19:43:52	29	27	2	True	True
25721	iisisrael	2018-01-08 20:28:38	iisisrael	2018-01-10 16:30:57	4	0	4	False	True
25719	sroze	2018-01-08 16:11:01	sroze	2018-01-08 16:06:02	24	14	10	True	True
25715	mpiot	2018-01-08 09:51:43	fabpot	2017-12-14 19:48:22	561	360	201	True	True
25715	mpiot	2018-01-08 09:51:43	nicolas-grekas	2017-12-12 10:59:38	41	6	35	True	True
25715	mpiot	2018-01-08 09:51:43	fabpot	2017-12-15 01:44:28	3	1	2	True	True
25715	mpiot	2018-01-08 09:51:43	nicolas-grekas	2017-12-14 22:39:41	22	19	3	True	True
25715	mpiot	2018-01-08 09:51:43	nicolas-grekas	2017-12-14 22:39:22	22	19	3	True	True
25715	mpiot	2018-01-08 09:51:43	fabpot	2017-12-14 19:50:39	561	359	202	True	True
25715	mpiot	2018-01-08 09:51:43	nicolas-grekas	2017-12-12 08:41:51	657	531	126	True	True
25715	mpiot	2018-01-08 09:51:43	fabpot	2017-12-14 18:51:57	171	166	5	True	True
25715	mpiot	2018-01-08 09:51:43	chalasr	2017-12-12 11:44:17	12	11	1	True	True
25715	mpiot	2018-01-08 09:51:43	nicolas-grekas	2017-12-12 09:23:59	6	3	3	True	True
25715	mpiot	2018-01-08 09:51:43	fabpot	2017-12-14 00:19:09	1	0	1	True	True
25715	mpiot	2018-01-08 09:51:43	fabpot	2017-12-14 00:16:10	8	4	4	True	True
25715	mpiot	2018-01-08 09:51:43	fabpot	2017-12-14 00:29:47	25	20	5	True	True
25715	mpiot	2018-01-08 09:51:43	fabpot	2017-12-15 01:44:48	3	1	2	True	True
25715	mpiot	2018-01-08 09:51:43	chalasr	2017-12-12 11:46:10	2	1	1	True	True
25715	mpiot	2018-01-08 09:51:43	nicolas-grekas	2017-12-12 10:40:51	81	42	39	True	True
25715	mpiot	2018-01-08 09:51:43	fabpot	2017-12-11 23:18:50	10	9	1	True	True
25715	mpiot	2018-01-08 09:51:43	fabpot	2017-12-11 22:26:04	2	1	1	True	True
25715	mpiot	2018-01-08 09:51:43	shdev	2017-11-24 14:41:30	10	9	1	True	True
25715	mpiot	2018-01-08 09:51:43	nicolas-grekas	2017-12-12 09:23:46	6	3	3	True	True
25715	mpiot	2018-01-08 09:51:43	nicolas-grekas	2017-12-12 08:58:23	4	2	2	True	True
25715	mpiot	2018-01-08 09:51:43	nicolas-grekas	2017-12-12 08:59:50	672	531	141	True	True
25715	mpiot	2018-01-08 09:51:43	fabpot	2017-12-11 22:22:33	8	4	4	True	True
25715	mpiot	2018-01-08 09:51:43	fabpot	2017-12-14 18:50:07	23	23	0	True	True
25715	mpiot	2018-01-08 09:51:43	Amrouche Hamza	2017-12-12 09:59:30	41	6	35	True	True
25715	mpiot	2018-01-08 09:51:43	xabbuh	2017-12-12 19:30:26	171	166	5	True	True
25715	mpiot	2018-01-08 09:51:43	Amrouche Hamza	2017-12-11 22:15:39	8	4	4	True	True
25715	mpiot	2018-01-08 09:51:43	Amrouche Hamza	2017-12-11 20:33:52	8	4	4	True	True
25715	mpiot	2018-01-08 09:51:43	nicolas-grekas	2017-12-12 10:27:48	81	42	39	True	True
25715	mpiot	2018-01-08 09:51:43	xabbuh	2017-12-12 19:03:06	23	23	0	True	True
25710	dmaicher	2018-01-07 19:35:39	dmaicher	2018-01-07 19:33:06	5	5	0	True	True
25710	dmaicher	2018-01-07 19:35:39	dmaicher	2018-01-07 19:48:19	2	1	1	False	True
25709	javiereguiluz	2018-01-07 17:25:08	javiereguiluz	2018-01-07 17:01:19	14	5	9	True	True
25707	mateuszsip	2018-01-07 03:09:09	mateuszsip	2018-01-07 03:01:46	121	112	9	True	True
25701	Nijusan	2018-01-06 16:15:07	Nijusan	2018-01-06 16:10:26	3	3	0	True	True
25700	ro0NL	2018-01-06 11:03:30	ro0NL	2018-01-06 15:56:43	2	1	1	False	True
25699	nicolas-grekas	2018-01-06 07:59:18	nicolas-grekas	2018-01-06 07:55:13	149	130	19	True	True
25696	nicolas-grekas	2018-01-05 12:11:27	nicolas-grekas	2018-01-05 12:03:30	22	12	10	True	True
25685	alexpott	2018-01-04 16:21:21	alexpott	2018-01-04 16:50:56	5	5	0	False	True
25685	alexpott	2018-01-04 16:21:21	alexpott	2018-01-04 16:17:31	8	5	3	True	True
25682	fabpot	2018-01-04 13:14:50	fabpot	2018-01-04 13:13:45	14	7	7	True	True
25680	kick-the-bucket	2018-01-04 12:04:13	kick-the-bucket	2018-01-04 12:01:31	2	1	1	True	True
25678	frag-seb	2018-01-04 08:54:06	frag-seb	2018-01-04 11:36:11	1	1	0	False	True
25678	frag-seb	2018-01-04 08:54:06	frag-seb	2018-01-04 08:23:44	3	2	1	True	True
25671	nicolas-grekas	2018-01-03 16:17:32	nicolas-grekas	2018-01-03 11:52:04	94	75	19	True	True
25669	thewilkybarkid	2018-01-03 14:34:51	thewilkybarkid	2018-01-03 14:12:06	45	44	1	True	True
25668	ttskch	2018-01-03 13:32:11	ttskch	2018-01-03 13:09:05	4	4	0	True	True
25667	WhiteEagle88	2018-01-03 11:48:19	WhiteEagle88	2018-01-03 10:22:22	2	1	1	True	True
25667	WhiteEagle88	2018-01-03 11:48:19	WhiteEagle88	2018-01-10 14:13:52	2	1	1	False	True
25663	curry684	2018-01-03 08:49:35	curry684	2018-01-03 11:24:16	3	3	0	False	True
25662	jhoff	2018-01-03 05:07:12	jhoff	2018-01-03 04:53:27	2	1	1	True	True
25657	chalasr	2018-01-02 17:24:14	chalasr	2018-01-02 15:28:00	64	51	13	True	True
25653	keradus	2018-01-01 23:21:08	keradus	2018-01-03 12:13:19	12	6	6	False	True
25653	keradus	2018-01-01 23:21:08	keradus	2018-01-01 22:05:14	85	66	19	True	True
25652	carusogabriel	2018-01-01 23:15:53	carusogabriel	2018-01-02 08:44:36	46	23	23	False	True
25652	carusogabriel	2018-01-01 23:15:53	carusogabriel	2018-01-02 08:45:56	4	0	4	False	True
