pr_number	author_user_login	pr_created_at	commit_user_login	commit_created_at	commit_status_total	commit_status_additions	commit_status_deletions	create_before_pr	is_review_commit
24386	chalasr	2017-09-30 18:10:14	chalasr	2017-09-30 18:09:08	4	0	4	True	True
24385	ogizanagi	2017-09-30 13:05:32	ogizanagi	2017-09-30 12:58:47	16	16	0	True	True
24384	enumag	2017-09-29 20:11:07	enumag	2017-09-29 20:09:03	7	3	4	True	True
24383	nicolas-grekas	2017-09-29 20:10:36	nicolas-grekas	2017-09-26 09:37:36	25	19	6	True	True
24381	fabpot	2017-09-29 19:26:22	fabpot	2017-09-29 19:25:35	2	1	1	True	True
24379	Simperfit	2017-09-29 18:50:35	Amrouche Hamza	2017-09-29 18:45:30	3	2	1	True	True
24378	ogizanagi	2017-09-29 18:45:59	ogizanagi	2017-09-29 18:40:54	86	71	15	True	True
24377	ogizanagi	2017-09-29 14:10:38	ogizanagi	2017-09-29 14:00:09	98	98	0	True	True
24376	orions	2017-09-29 13:36:05	orions	2017-09-29 13:27:43	78	39	39	True	True
24375	sroze	2017-09-29 12:29:49	sroze	2017-12-03 12:35:04	8	7	1	False	True
24375	sroze	2017-09-29 12:29:49	sroze	2017-04-15 16:59:12	856	847	9	True	True
24374	abellion	2017-09-29 11:51:46	abellion	2017-09-29 11:45:44	8	7	1	True	True
24374	abellion	2017-09-29 11:51:46	abellion	2017-09-29 13:48:25	8	8	0	False	True
24373	nicolas-grekas	2017-09-29 11:29:29	nicolas-grekas	2017-09-29 11:28:23	2	1	1	True	True
24372	nicolas-grekas	2017-09-29 10:23:14	nicolas-grekas	2017-09-29 10:22:06	6	3	3	True	True
24371	smoench	2017-09-29 10:07:49	smoench	2017-09-29 10:03:48	4	2	2	True	True
24369	lyrixx	2017-09-29 09:13:21	lyrixx	2017-09-29 09:11:46	7	6	1	True	True
24366	jderusse	2017-09-28 17:40:13	jderusse	2017-09-28 17:35:07	318	2	316	True	True
24365	xabbuh	2017-09-28 17:06:58	xabbuh	2017-09-28 17:06:05	22	5	17	True	True
24364	xabbuh	2017-09-28 16:43:27	xabbuh	2017-09-28 16:40:37	325	97	228	True	True
24363	pierredup	2017-09-28 15:31:05	pierredup	2018-03-20 10:44:53	6	3	3	False	True
24363	pierredup	2017-09-28 15:31:05	pierredup	2018-03-20 10:14:56	1	1	0	False	True
24363	pierredup	2017-09-28 15:31:05	pierredup	2017-09-28 15:14:48	538	530	8	True	True
24362	nicolas-grekas	2017-09-28 15:26:25	nicolas-grekas	2017-09-28 14:57:16	383	119	264	True	True
24358	xabbuh	2017-09-28 11:30:30	xabbuh	2017-09-28 11:24:51	20	11	9	True	True
24357	xabbuh	2017-09-28 10:51:35	xabbuh	2017-09-28 10:45:51	84	56	28	True	True
24356	pquerner	2017-09-28 10:11:39	pascal	2017-09-28 10:40:48	2	1	1	False	True
24356	pquerner	2017-09-28 10:11:39	pascal	2017-09-28 10:43:15	4	4	0	False	True
24356	pquerner	2017-09-28 10:11:39	pascal	2017-09-28 10:08:04	2	1	1	True	True
24352	chalasr	2017-09-27 21:46:13	chalasr	2017-09-27 21:42:53	2	1	1	True	True
24351	ogizanagi	2017-09-27 21:24:28	ogizanagi	2017-09-27 21:22:30	34	17	17	True	True
24349	ogizanagi	2017-09-27 19:55:44	ogizanagi	2017-09-27 19:54:46	4	4	0	True	True
24348	ogizanagi	2017-09-27 19:49:31	ogizanagi	2017-09-27 19:45:22	264	1	263	True	True
24346	ogizanagi	2017-09-27 17:39:56	ogizanagi	2017-09-27 17:31:27	72	39	33	True	True
24345	ogizanagi	2017-09-27 17:11:08	ogizanagi	2017-09-27 17:08:26	8	4	4	True	True
24342	OskarStark	2017-09-27 10:56:51	OskarStark	2017-09-28 07:09:12	62	0	62	False	True
24342	OskarStark	2017-09-27 10:56:51	OskarStark	2017-09-28 07:11:28	21	0	21	False	True
24342	OskarStark	2017-09-27 10:56:51	OskarStark	2017-09-28 11:11:55	2	1	1	False	True
24341	chalasr	2017-09-27 08:17:14	chalasr	2017-09-27 07:59:35	908	3	905	True	True
24338	afurculita	2017-09-26 19:31:21	afurculita	2017-09-26 19:01:24	757	88	669	True	True
24337	weaverryan	2017-09-26 19:29:25	javiereguiluz	2017-09-28 14:06:40	2	1	1	False	True
24337	weaverryan	2017-09-26 19:29:25	weaverryan	2017-09-28 15:04:43	4	1	3	False	True
24337	weaverryan	2017-09-26 19:29:25	weaverryan	2017-09-26 19:22:45	241	240	1	True	True
24336	ogizanagi	2017-09-26 17:35:54	ogizanagi	2017-09-26 17:13:20	1346	3	1343	True	True
24336	ogizanagi	2017-09-26 17:35:54	ogizanagi	2017-09-26 17:05:58	462	453	9	True	True
24335	ogizanagi	2017-09-26 17:08:22	ogizanagi	2017-09-26 17:05:58	462	453	9	True	True
24333	stucki	2017-09-26 14:38:46	stucki	2017-09-26 14:33:54	21	16	5	True	True
24331	weaverryan	2017-09-26 13:53:04	weaverryan	2017-09-26 15:41:09	238	229	9	False	True
24331	weaverryan	2017-09-26 13:53:04	weaverryan	2017-09-26 13:46:45	88	76	12	True	True
24331	weaverryan	2017-09-26 13:53:04	weaverryan	2017-09-26 14:01:52	2	1	1	False	True
24330	xabbuh	2017-09-26 10:30:07	xabbuh	2017-09-26 10:29:00	2	2	0	True	True
24329	linaori	2017-09-26 10:04:40	Iltar van der Berg	2017-09-26 10:02:43	2	0	2	True	True
24328	pamil	2017-09-26 09:36:35	pamil	2017-09-26 09:35:56	4	2	2	True	True
24323	jderusse	2017-09-25 20:32:47	jderusse	2017-09-20 07:11:18	393	149	244	True	True
24323	jderusse	2017-09-25 20:32:47	jderusse	2017-09-28 05:48:01	328	12	316	False	True
24322	xabbuh	2017-09-25 20:02:12	xabbuh	2017-09-25 19:59:34	18	9	9	True	True
24321	ivoba	2017-09-25 16:20:20	ivoba	2017-09-25 16:15:09	76	67	9	True	True
24321	ivoba	2017-09-25 16:20:20	ivoba	2017-09-28 16:02:50	65	47	18	False	True
24321	ivoba	2017-09-25 16:20:20	ivoba	2017-09-28 13:42:12	66	34	32	False	True
24318	chalasr	2017-09-25 09:50:23	chalasr	2017-09-25 09:36:55	361	315	46	True	True
24317	edoger	2017-09-25 08:20:25	edoger	2017-09-26 02:03:27	23	12	11	False	True
24316	linaori	2017-09-25 07:49:01	Iltar van der Berg	2017-09-25 07:46:32	2	1	1	True	True
24313	nicolas-grekas	2017-09-24 17:55:16	nicolas-grekas	2017-09-24 17:51:14	15	9	6	True	True
24312	jderusse	2017-09-24 15:03:05	jderusse	2017-09-24 15:01:32	18	14	4	True	True
24309	dmaicher	2017-09-24 11:41:40	dmaicher	2017-10-13 15:59:41	142	107	35	False	True
24309	dmaicher	2017-09-24 11:41:40	dmaicher	2017-11-03 14:57:47	8	4	4	False	True
24309	dmaicher	2017-09-24 11:41:40	dmaicher	2017-11-03 15:51:02	6	3	3	False	True
24308	MyDigitalLife	2017-09-24 11:41:29	MyDigitalLife	2017-09-24 11:31:17	68	67	1	True	True
24305	nicolas-grekas	2017-09-24 09:59:19	nicolas-grekas	2017-09-24 09:49:51	65	65	0	True	True
24304	nicolas-grekas	2017-09-24 09:56:45	nicolas-grekas	2017-09-24 09:20:06	6	5	1	True	True
24303	xabbuh	2017-09-24 09:22:17	xabbuh	2017-09-24 09:13:45	20	13	7	True	True
24301	nicolas-grekas	2017-09-23 22:06:27	nicolas-grekas	2017-09-23 22:04:06	936	535	401	True	True
24300	dunglas	2017-09-23 21:51:58	dunglas	2017-09-28 22:41:03	3	2	1	False	True
24300	dunglas	2017-09-23 21:51:58	dunglas	2017-09-29 05:57:20	22	10	12	False	True
24300	dunglas	2017-09-23 21:51:58	dunglas	2017-09-28 22:29:53	6	2	4	False	True
24300	dunglas	2017-09-23 21:51:58	dunglas	2017-09-23 13:20:05	436	436	0	True	True
24297	iluuu1994	2017-09-23 10:34:01	iluuu1994	2017-09-23 10:05:37	2	2	0	True	True
24295	ogizanagi	2017-09-23 10:16:20	ogizanagi	2017-09-23 10:08:51	63	62	1	True	True
24294	ogizanagi	2017-09-22 20:21:57	ogizanagi	2017-09-22 20:13:43	137	104	33	True	True
24292	ro0NL	2017-09-22 19:27:09	ro0NL	2017-09-22 18:25:25	59	47	12	True	True
24291	derrabus	2017-09-22 18:49:01	derrabus	2017-09-22 18:41:17	4	3	1	True	True
24290	weaverryan	2017-09-22 17:59:04	weaverryan	2017-09-22 17:54:05	193	183	10	True	True
24290	weaverryan	2017-09-22 17:59:04	weaverryan	2017-09-23 18:50:40	25	16	9	False	True
24290	weaverryan	2017-09-22 17:59:04	weaverryan	2017-09-24 15:07:45	4	2	2	False	True
24290	weaverryan	2017-09-22 17:59:04	weaverryan	2017-09-24 15:10:23	2	1	1	False	True
24290	weaverryan	2017-09-22 17:59:04	weaverryan	2017-09-24 15:10:34	7	7	0	False	True
24290	weaverryan	2017-09-22 17:59:04	weaverryan	2017-09-24 15:16:45	2	0	2	False	True
24289	derrabus	2017-09-22 17:56:08	derrabus	2017-10-05 09:48:08	463	426	37	False	True
24286	OskarStark	2017-09-22 11:08:45	OskarStark	2017-09-22 11:07:23	3	3	0	True	True
24281	ro0NL	2017-09-21 18:43:52	javiereguiluz	2017-09-26 10:10:40	2	1	1	False	True
24281	ro0NL	2017-09-21 18:43:52	ro0NL	2017-09-21 18:21:04	370	6	364	True	True
24280	freekmurze	2017-09-21 16:43:46	freekmurze	2017-09-21 16:42:43	2	2	0	True	True
24280	freekmurze	2017-09-21 16:43:46	freekmurze	2017-09-21 16:49:51	2	1	1	False	True
24280	freekmurze	2017-09-21 16:43:46	freekmurze	2017-09-22 13:48:31	4	4	0	False	True
24277	mdeboer	2017-09-21 12:59:43	mdeboer	2017-09-21 13:02:06	19	11	8	False	True
24277	mdeboer	2017-09-21 12:59:43	mdeboer	2017-09-21 12:46:00	22	22	0	True	True
24277	mdeboer	2017-09-21 12:59:43	mdeboer	2017-09-21 21:06:14	11	0	11	False	True
24277	mdeboer	2017-09-21 12:59:43	mdeboer	2017-09-21 12:56:31	1	1	0	True	True
24273	guiajlopes	2017-09-21 08:44:49	guiajlopes	2017-09-21 08:37:47	4	3	1	True	True
24267	jderusse	2017-09-19 21:54:41	jderusse	2017-09-28 05:48:01	406	53	353	False	True
24267	jderusse	2017-09-19 21:54:41	jderusse	2017-09-20 07:11:18	393	149	244	False	True
24267	jderusse	2017-09-19 21:54:41	jderusse	2017-09-21 07:17:44	38	28	10	False	True
24267	jderusse	2017-09-19 21:54:41	jderusse	2017-09-26 10:14:44	283	171	112	False	True
24267	jderusse	2017-09-19 21:54:41	jderusse	2017-09-19 21:43:03	719	719	0	True	True
24264	yceruto	2017-09-19 18:44:41	yceruto	2017-09-19 17:13:19	9	9	0	True	True
24263	ro0NL	2017-09-19 17:58:46	ro0NL	2017-09-19 14:30:11	123	118	5	True	True
24260	chalasr	2017-09-19 14:02:25	chalasr	2017-09-28 11:56:55	140	120	20	False	True
24258	hason	2017-09-19 11:53:01	hason	2017-09-19 11:52:15	2	1	1	True	True
24257	nicolas-grekas	2017-09-19 10:52:09	nicolas-grekas	2017-09-20 05:16:56	25	7	18	False	True
24257	nicolas-grekas	2017-09-19 10:52:09	nicolas-grekas	2017-09-19 10:45:06	43	43	0	True	True
24256	backbone87	2017-09-19 10:31:31	backbone87	2017-09-19 09:55:20	82	66	16	True	True
24256	backbone87	2017-09-19 10:31:31	backbone87	2017-09-19 10:11:28	32	29	3	True	True
24256	backbone87	2017-09-19 10:31:31	backbone87	2017-09-27 07:12:18	2	2	0	False	True
24255	kevin-verschaeve	2017-09-19 09:56:05	kevin-verschaeve	2017-09-19 10:46:10	4	2	2	False	True
24253	xabbuh	2017-09-19 09:10:39	xabbuh	2017-09-19 09:04:34	227	177	50	True	True
24251	iamluc	2017-09-19 08:25:26	iamluc	2017-09-19 08:03:04	7	5	2	True	True
24249	nicolas-grekas	2017-09-18 15:51:59	nicolas-grekas	2017-09-18 15:50:14	2	1	1	True	True
24244	ro0NL	2017-09-17 21:04:39	ro0NL	2017-09-17 18:41:33	6	4	2	True	True
24244	ro0NL	2017-09-17 21:04:39	ro0NL	2017-09-20 19:17:51	2	2	0	False	True
24244	ro0NL	2017-09-17 21:04:39	ro0NL	2017-09-17 19:22:24	10	9	1	True	True
24244	ro0NL	2017-09-17 21:04:39	ro0NL	2017-09-21 17:21:40	4	2	2	False	True
24243	mpdude	2017-09-17 19:44:36	mpdude	2017-09-17 19:33:12	123	119	4	True	True
24243	mpdude	2017-09-17 19:44:36	mpdude	2017-09-17 21:53:04	14	5	9	False	True
24243	mpdude	2017-09-17 19:44:36	mpdude	2017-09-17 21:59:02	9	9	0	False	True
24243	mpdude	2017-09-17 19:44:36	mpdude	2017-09-26 14:05:24	9	0	9	False	True
24241	ro0NL	2017-09-17 16:51:00	ro0NL	2017-09-17 16:42:13	3	3	0	True	True
24239	afurculita	2017-09-17 13:33:12	afurculita	2017-09-17 12:54:32	116	80	36	True	True
24239	afurculita	2017-09-17 13:33:12	afurculita	2017-09-24 19:31:02	137	42	95	False	True
24239	afurculita	2017-09-17 13:33:12	afurculita	2017-09-25 12:54:51	30	14	16	False	True
24238	nicolas-grekas	2017-09-17 10:01:17	nicolas-grekas	2017-09-17 09:49:41	385	264	121	True	True
24237	vtsykun	2017-09-17 06:28:15	vtsykun	2017-09-17 06:12:04	2	1	1	True	True
24236	ro0NL	2017-09-16 19:39:59	ro0NL	2017-09-27 08:28:22	32	14	18	False	True
24236	ro0NL	2017-09-16 19:39:59	ro0NL	2017-09-16 19:37:07	34	32	2	True	True
24234	dunglas	2017-09-16 18:20:38	dunglas	2017-09-16 18:19:07	27	27	0	True	True
24232	nicolas-grekas	2017-09-16 16:03:04	nicolas-grekas	2017-09-16 16:00:00	5	5	0	True	True
24231	skalpa	2017-09-16 13:35:08	skalpa	2017-09-16 13:21:39	2	1	1	True	True
24230	ro0NL	2017-09-16 12:51:45	ro0NL	2017-09-17 09:49:29	8	7	1	False	True
24230	ro0NL	2017-09-16 12:51:45	ro0NL	2017-09-17 11:25:52	2	1	1	False	True
24228	nicolas-grekas	2017-09-15 21:43:03	nicolas-grekas	2017-09-15 21:40:40	92	42	50	True	True
24226	nicolas-grekas	2017-09-15 20:11:53	nicolas-grekas	2017-09-15 20:03:33	385	315	70	True	True
24219	yceruto	2017-09-15 14:42:26	yceruto	2017-09-15 14:30:52	34	30	4	True	True
24216	robinlehrmann	2017-09-15 12:10:39	robinlehrmann	2017-09-15 11:35:30	3	2	1	True	True
24215	keradus	2017-09-15 10:39:09	keradus	2017-09-15 10:36:22	16	13	3	True	True
24208	yceruto	2017-09-14 19:32:47	yceruto	2017-09-14 19:14:31	489	391	98	True	True
24208	yceruto	2017-09-14 19:32:47	ogizanagi	2017-09-26 16:43:11	379	361	18	False	True
24206	welcoMattic	2017-09-14 16:40:04	welcoMattic	2017-09-14 16:27:44	4	2	2	True	True
24203	chalasr	2017-09-14 12:48:14	chalasr	2017-09-14 12:40:52	16	15	1	True	True
24202	xabbuh	2017-09-14 12:31:54	xabbuh	2017-09-14 12:29:42	19	17	2	True	True
24200	tifabien	2017-09-14 09:04:18	tifabien	2017-09-14 08:57:27	1	1	0	True	True
24199	nicolas-grekas	2017-09-14 08:51:23	nicolas-grekas	2017-09-14 08:50:29	2	1	1	True	True
24198	enumag	2017-09-14 08:30:24	enumag	2017-09-14 08:24:46	17	15	2	True	True
24197	Nyholm	2017-09-14 08:00:30	Nyholm	2017-09-14 07:57:19	959	585	374	True	True
24193	derrabus	2017-09-13 22:35:43	derrabus	2017-09-13 20:59:37	8	6	2	True	True
24192	xabbuh	2017-09-13 18:56:03	xabbuh	2017-09-13 18:51:11	2	1	1	True	True
24191	xabbuh	2017-09-13 18:41:42	xabbuh	2017-09-13 18:06:14	102	72	30	True	True
24189	xabbuh	2017-09-13 18:08:54	xabbuh	2017-09-13 17:40:55	55	52	3	True	True
24186	derrabus	2017-09-13 13:49:21	derrabus	2017-09-13 13:44:19	2	0	2	True	True
24185	yceruto	2017-09-13 12:38:39	yceruto	2017-09-13 12:23:26	227	213	14	True	True
24182	SpacePossum	2017-09-13 07:43:03	SpacePossum	2017-09-13 13:31:51	1	0	1	False	True
24182	SpacePossum	2017-09-13 07:43:03	SpacePossum	2017-09-13 07:35:45	15	15	0	True	True
24182	SpacePossum	2017-09-13 07:43:03	SpacePossum	2017-09-13 08:28:42	3	2	1	False	True
24180	nicolas-grekas	2017-09-13 06:45:52	nicolas-grekas	2017-09-11 08:46:30	511	498	13	True	True
24179	yceruto	2017-09-12 21:23:59	yceruto	2017-09-01 21:54:17	28	25	3	True	True
24177	yceruto	2017-09-12 19:01:22	yceruto	2017-09-12 18:46:33	25	21	4	True	True
24176	xabbuh	2017-09-12 16:39:29	xabbuh	2017-09-12 16:35:33	10	4	6	True	True
24174	nicolas-grekas	2017-09-12 16:02:26	nicolas-grekas	2017-09-12 16:00:24	170	0	170	True	True
24172	hason	2017-09-12 14:51:21	hason	2017-09-12 14:32:04	2	1	1	True	True
24167	xabbuh	2017-09-12 08:08:11	xabbuh	2017-09-12 08:02:51	2	1	1	True	True
24166	raziel057	2017-09-12 07:39:21	raziel057	2017-09-12 07:30:01	3	2	1	True	True
24166	raziel057	2017-09-12 07:39:21	raziel057	2017-09-12 07:29:30	3	2	1	True	True
24165	fabpot	2017-09-12 04:31:34	fabpot	2017-09-12 01:28:34	251	120	131	True	True
24163	keradus	2017-09-11 22:25:41	keradus	2017-09-11 22:23:36	3	0	3	True	True
24161	fabpot	2017-09-11 18:40:08	fabpot	2017-09-11 18:36:05	531	50	481	True	True
24160	fabpot	2017-09-11 18:24:39	fabpot	2017-09-11 18:38:49	2	1	1	False	True
24160	fabpot	2017-09-11 18:24:39	fabpot	2017-09-11 17:56:43	57	53	4	True	True
24159	fabpot	2017-09-11 18:16:18	fabpot	2017-09-11 18:14:25	44	1	43	True	True
24159	fabpot	2017-09-11 18:16:18	fabpot	2017-09-15 03:37:43	4	2	2	False	True
24158	fabpot	2017-09-11 17:49:29	fabpot	2017-09-11 17:47:15	12	12	0	True	True
24158	fabpot	2017-09-11 17:49:29	fabpot	2017-09-11 17:58:01	2	1	1	False	True
24157	lyrixx	2017-09-11 17:26:06	lyrixx	2017-09-11 17:24:55	92	82	10	True	True
24155	derrabus	2017-09-11 14:40:21	derrabus	2017-09-11 14:29:04	314	314	0	True	True
24153	javiereguiluz	2017-09-11 13:18:46	fabpot	2017-10-01 23:31:25	36	23	13	False	True
24153	javiereguiluz	2017-09-11 13:18:46	javiereguiluz	2017-09-11 13:17:13	69	48	21	True	True
24151	javiereguiluz	2017-09-11 10:13:05	javiereguiluz	2017-09-11 10:10:03	9	8	1	True	True
24149	keradus	2017-09-11 09:53:02	keradus	2017-09-11 12:04:04	2	1	1	False	True
24149	keradus	2017-09-11 09:53:02	keradus	2017-09-11 09:28:55	1	0	1	True	True
24149	keradus	2017-09-11 09:53:02	keradus	2017-09-11 09:42:49	601	300	301	True	True
24148	TeLiXj	2017-09-11 08:58:14	TeLiXj	2017-09-11 08:56:17	2	1	1	True	True
24144	ro0NL	2017-09-10 13:17:28	ro0NL	2017-09-10 13:11:38	43	40	3	True	True
24141	MaraBlaga	2017-09-08 16:22:07	MaraBlaga	2017-09-11 14:10:51	21	21	0	False	True
24139	lyrixx	2017-09-08 13:51:28	lyrixx	2017-09-08 13:50:13	4	4	0	True	True
24137	xabbuh	2017-09-08 12:43:12	xabbuh	2017-09-08 14:43:09	4	4	0	False	True
24136	SpacePossum	2017-09-08 09:05:41	SpacePossum	2017-09-11 05:17:31	1	1	0	False	True
24134	xabbuh	2017-09-08 07:16:22	xabbuh	2017-09-08 07:14:15	41	40	1	True	True
24132	chalasr	2017-09-07 17:29:58	chalasr	2017-09-09 06:49:11	128	123	5	False	True
24131	yceruto	2017-09-07 16:23:07	yceruto	2017-09-07 15:35:49	7	3	4	True	True
24130	javiereguiluz	2017-09-07 15:55:38	javiereguiluz	2017-09-07 15:53:58	35	31	4	True	True
24126	nicolas-grekas	2017-09-07 12:17:18	nicolas-grekas	2017-09-07 12:05:56	16	16	0	True	True
24122	nicolas-grekas	2017-09-07 08:35:56	nicolas-grekas	2017-09-07 08:34:20	786	620	166	True	True
24115	yceruto	2017-09-06 22:30:43	yceruto	2017-09-06 22:24:46	4	2	2	True	True
24114	chalasr	2017-09-06 22:00:29	chalasr	2017-09-07 08:19:55	127	124	3	False	True
24113	yceruto	2017-09-06 19:13:55	yceruto	2017-09-06 19:05:48	5	3	2	True	True
24110	yceruto	2017-09-06 12:18:14	yceruto	2017-09-06 12:10:51	10	10	0	True	True
24108	nicolas-grekas	2017-09-06 08:31:19	nicolas-grekas	2017-09-06 08:30:21	41	20	21	True	True
24105	xabbuh	2017-09-05 17:44:05	xabbuh	2017-09-05 17:39:30	27	27	0	True	True
24104	nicolas-grekas	2017-09-05 16:41:18	nicolas-grekas	2017-09-05 11:45:10	943	758	185	True	True
24103	nicolas-grekas	2017-09-05 16:09:32	nicolas-grekas	2017-09-05 15:39:41	120	65	55	True	True
24102	stof	2017-09-05 11:25:25	stof	2017-09-05 11:23:06	2	1	1	True	True
24101	linniksa	2017-09-05 08:04:36	linniksa	2017-09-05 07:54:44	15	12	3	True	True
24096	chalasr	2017-09-04 20:10:57	chalasr	2017-09-04 20:01:21	13	11	2	True	True
24093	xabbuh	2017-09-04 16:00:39	xabbuh	2017-09-03 10:36:19	300	178	122	True	True
24092	xabbuh	2017-09-04 15:59:28	xabbuh	2017-09-04 14:58:03	30	29	1	True	True
24084	Cosmologist	2017-09-04 09:30:05	Cosmologist	2017-09-04 09:29:58	2	1	1	True	True
24082	nicolas-grekas	2017-09-03 18:03:43	nicolas-grekas	2017-09-03 18:01:57	16	6	10	True	True
24081	voronkovich	2017-09-03 17:58:41	voronkovich	2017-09-04 12:17:56	2	1	1	False	True
24081	voronkovich	2017-09-03 17:58:41	voronkovich	2017-09-03 17:54:53	1	1	0	True	True
24081	voronkovich	2017-09-03 17:58:41	voronkovich	2017-09-03 18:12:10	2	1	1	False	True
24080	javiereguiluz	2017-09-03 17:40:37	javiereguiluz	2017-09-03 17:41:48	2	2	0	False	True
24080	javiereguiluz	2017-09-03 17:40:37	javiereguiluz	2017-09-03 17:39:07	6	6	0	True	True
24080	javiereguiluz	2017-09-03 17:40:37	javiereguiluz	2017-09-07 14:58:22	7	1	6	False	True
24076	nicolas-grekas	2017-09-03 15:49:48	nicolas-grekas	2017-09-03 15:48:14	50	28	22	True	True
24075	Toflar	2017-09-03 11:20:49	Toflar	2017-09-03 11:14:53	74	72	2	True	True
24074	chalasr	2017-09-03 09:57:59	chalasr	2017-08-12 10:12:58	176	152	24	True	True
24073	chalasr	2017-09-03 07:49:16	chalasr	2017-09-02 23:52:02	26	16	10	True	True
24068	ro0NL	2017-09-01 18:12:38	ro0NL	2017-09-01 18:06:13	8	8	0	True	True
24068	ro0NL	2017-09-01 18:12:38	ro0NL	2017-09-01 19:43:04	2	2	0	False	True
24067	ro0NL	2017-09-01 16:38:01	ro0NL	2017-09-01 16:34:37	246	0	246	True	True
24064	yceruto	2017-09-01 14:44:12	yceruto	2017-09-01 19:09:45	38	28	10	False	True
24064	yceruto	2017-09-01 14:44:12	yceruto	2017-09-01 21:03:51	10	7	3	False	True
24064	yceruto	2017-09-01 14:44:12	yceruto	2017-09-01 14:02:44	29	29	0	True	True
24063	javiereguiluz	2017-09-01 13:47:21	javiereguiluz	2017-09-01 13:44:20	1	1	0	True	True
24061	javiereguiluz	2017-09-01 13:27:04	javiereguiluz	2017-09-01 13:23:39	8	4	4	True	True
24060	xabbuh	2017-09-01 06:04:44	xabbuh	2017-09-01 06:00:27	25	18	7	True	True
